; generated by PrusaSlicer 2.9.4 on 2026-07-31 at 05:23:43 UTC

; 

; external perimeters extrusion width = 0.42mm
; perimeters extrusion width = 0.44mm
; infill extrusion width = 0.44mm
; solid infill extrusion width = 0.44mm
; top infill extrusion width = 0.40mm
; first layer extrusion width = 0.42mm

M201 X500 Y500 Z100 E5000 ; sets maximum accelerations, mm/sec^2
M203 X500 Y500 Z10 E60 ; sets maximum feedrates, mm / sec
M204 S500 T1000 ; sets acceleration (S) and retract acceleration (R), mm/sec^2
M205 X8.00 Y8.00 Z0.40 E5.00 ; sets the jerk limits, mm/sec
M205 S0 T0 ; sets the minimum extruding and travel feed rate, mm/sec

; printing object Auto_modifiedZ_NAS_979_0.2.stl id:0 copy 0
; stop printing object Auto_modifiedZ_NAS_979_0.2.stl id:0 copy 0

;TYPE:Custom
G90 ; use absolute coordinates
M83 ; extruder relative mode
M104 S150 ; set temporary nozzle temp to prevent oozing during homing
M140 S60 ; set final bed temp
G4 S30 ; allow partial nozzle warmup
G28 ; home all axis
G1 Z50 F240
G1 X2.0 Y10 F3000
M104 S210 ; set final nozzle temp
M190 S60 ; wait for bed temp to stabilize
M109 S210 ; wait for nozzle temp to stabilize
G1 Z0.28 F240
G92 E0
G1 X2.0 Y140 E10 F1500 ; prime the nozzle
G1 X2.3 Y140 F5000
G92 E0
G1 X2.3 Y10 E10 F1200 ; prime the nozzle
G92 E0
G21 ; set units to millimeters
G90 ; use absolute coordinates
M83 ; use relative distances for extrusion
; Filament gcode
M107
;LAYER_CHANGE
;Z:0.2
;HEIGHT:0.2
G1 E-5 F3600
G1 Z.2 F9000
G1 X95.039 Y94.059
G1 E5 F2400
M204 S500
;TYPE:Skirt/Brim
;WIDTH:0.42
G1 F1200
G1 X96.75 Y93.561 E.05587
G1 X134.25 Y93.561 E1.17579
G1 X135.785 Y93.955 E.04969
G1 X136.941 Y95.039 E.04969
G1 X137.439 Y96.75 E.05587
G1 X137.439 Y134.25 E1.17579
G1 X137.045 Y135.785 E.04969
G1 X135.961 Y136.941 E.04969
G1 X134.25 Y137.439 E.05587
G1 X96.75 Y137.439 E1.17579
G1 X95.215 Y137.045 E.04969
G1 X94.059 Y135.961 E.04969
G1 X93.561 Y134.25 E.05587
G1 X93.561 Y96.75 E1.17579
G1 X93.955 Y95.215 E.04969
G1 X94.998 Y94.103 E.0478
G1 E-3.5 F3600
;WIPE_START
G1 F7200
G1 X95.039 Y94.059 E-.02857
G1 X96.75 Y93.561 E-.84645
G1 X98.066 Y93.561 E-.62498
;WIPE_END
; printing object Auto_modifiedZ_NAS_979_0.2.stl id:0 copy 0
G1 X112.298 Y111.944 F9000
G1 E5 F2400
;TYPE:Perimeter
;WIDTH:0.419999
G1 F1200
G1 X112.594 Y111.667 E.01271
G1 X113.454 Y111.147 E.03151
G1 X114.404 Y110.816 E.03154
G1 X115.392 Y110.691 E.03122
G1 X116.402 Y110.775 E.03178
G1 X117.366 Y111.067 E.03158
G1 X118.247 Y111.551 E.03152
G1 X119.008 Y112.209 E.03154
G1 X119.616 Y113.01 E.03153
G1 X120.043 Y113.92 E.03152
G1 X120.273 Y114.899 E.03153
G1 X120.293 Y115.905 E.03155
G1 X120.104 Y116.892 E.03151
G1 X119.714 Y117.819 E.03153
G1 X119.14 Y118.645 E.03154
G1 X118.406 Y119.333 E.03154
G1 X117.546 Y119.853 E.03151
G1 X116.596 Y120.184 E.03154
G1 X115.599 Y120.309 E.0315
G1 X114.597 Y120.225 E.03153
G1 X113.634 Y119.933 E.03155
G1 X112.753 Y119.449 E.03152
G1 X111.992 Y118.791 E.03154
G1 X111.384 Y117.99 E.03153
G1 X110.957 Y117.08 E.03152
G1 X110.727 Y116.101 E.03153
G1 X110.707 Y115.095 E.03155
G1 X110.896 Y114.108 E.03151
G1 X111.286 Y113.181 E.03153
G1 X111.86 Y112.355 E.03154
G1 X112.255 Y111.985 E.01697
G1 X112.549 Y112.222 F9000
G1 F1200
G1 X112.846 Y111.947 E.01269
G1 X113.642 Y111.473 E.02905
G1 X114.52 Y111.175 E.02907
G1 X115.432 Y111.066 E.0288
G1 X116.363 Y111.15 E.02931
G1 X117.25 Y111.425 E.02912
G1 X118.059 Y111.878 E.02907
G1 X118.756 Y112.489 E.02906
G1 X119.311 Y113.232 E.02908
G1 X119.699 Y114.074 E.02907
G1 X119.904 Y114.978 E.02906
G1 X119.916 Y115.905 E.02907
G1 X119.735 Y116.814 E.02906
G1 X119.37 Y117.666 E.02906
G1 X118.835 Y118.423 E.02906
G1 X118.154 Y119.053 E.02909
G1 X117.358 Y119.527 E.02905
G1 X116.48 Y119.825 E.02907
G1 X115.559 Y119.934 E.02908
G1 X114.636 Y119.85 E.02906
G1 X113.75 Y119.575 E.02909
G1 X112.942 Y119.122 E.02904
G1 X112.244 Y118.511 E.02909
G1 X111.689 Y117.768 E.02908
G1 X111.301 Y116.926 E.02907
G1 X111.096 Y116.022 E.02906
G1 X111.084 Y115.095 E.02907
G1 X111.265 Y114.186 E.02906
G1 X111.63 Y113.334 E.02906
G1 X112.165 Y112.577 E.02906
G1 X112.505 Y112.263 E.01451
G1 X112.799 Y112.5 F9000
;TYPE:External perimeter
G1 F1200
G1 X113.098 Y112.228 E.01267
G1 X113.831 Y111.8 E.02661
G1 X114.637 Y111.534 E.02661
G1 X115.471 Y111.441 E.02631
G1 X116.324 Y111.525 E.02687
G1 X117.133 Y111.784 E.02663
G1 X117.87 Y112.205 E.02661
G1 X118.503 Y112.769 E.02658
G1 X119.005 Y113.453 E.0266
G1 X119.354 Y114.227 E.02662
G1 X119.535 Y115.056 E.0266
G1 X119.539 Y115.905 E.02662
G1 X119.367 Y116.736 E.02661
G1 X119.025 Y117.512 E.02659
G1 X118.53 Y118.201 E.0266
G1 X117.902 Y118.772 E.02661
G1 X117.169 Y119.2 E.02661
G1 X116.363 Y119.466 E.02661
G1 X115.52 Y119.559 E.02659
G1 X114.675 Y119.475 E.02662
G1 X113.867 Y119.216 E.0266
G1 X113.13 Y118.795 E.02661
G1 X112.497 Y118.231 E.02658
G1 X111.995 Y117.547 E.0266
G1 X111.646 Y116.773 E.02662
G1 X111.465 Y115.944 E.0266
G1 X111.461 Y115.095 E.02662
G1 X111.633 Y114.264 E.02661
G1 X111.975 Y113.487 E.02662
G1 X112.47 Y112.799 E.02657
G1 X112.754 Y112.54 E.01205
G1 E-3.5 F3600
;WIPE_START
G1 F7200
G1 X112.799 Y112.5 E-.0286
G1 X113.098 Y112.228 E-.192
G1 X113.831 Y111.8 E-.40318
G1 X114.637 Y111.534 E-.40316
G1 X115.471 Y111.441 E-.39861
G1 X115.627 Y111.456 E-.07445
;WIPE_END
G1 X97.814 Y97.814 F9000
G1 E5 F2400
;TYPE:Perimeter
G1 F1200
G1 X133.186 Y97.814 E1.10906
G1 X133.186 Y133.186 E1.10906
G1 X97.814 Y133.186 E1.10906
G1 X97.814 Y97.874 E1.10718
G1 X97.437 Y97.437 F9000
G1 F1200
G1 X133.563 Y97.437 E1.1327
G1 X133.563 Y133.563 E1.1327
G1 X97.437 Y133.563 E1.1327
G1 X97.437 Y97.497 E1.13082
G1 X97.06 Y97.06 F9000
;TYPE:External perimeter
G1 F1200
G1 X133.94 Y97.06 E1.15634
G1 X133.94 Y133.94 E1.15634
G1 X97.06 Y133.94 E1.15634
G1 X97.06 Y97.12 E1.15446
G1 E-3.5 F3600
;WIPE_START
G1 F7200
G1 X97.06 Y97.06 E-.0285
G1 X100.158 Y97.06 E-1.4715
;WIPE_END
G1 X133.065 Y98.703 F9000
G1 E5 F2400
;TYPE:Solid infill
;WIDTH:0.422577
G1 F1200
G1 X132.467 Y98.105 E.0267
G1 X131.93 Y98.105 E.01695
G1 X132.895 Y99.07 E.04308
G1 X132.895 Y99.607 E.01695
G1 X131.393 Y98.105 E.06706
G1 X130.856 Y98.105 E.01695
G1 X132.895 Y100.144 E.09103
G1 X132.895 Y100.681 E.01695
G1 X130.319 Y98.105 E.115
G1 X129.783 Y98.105 E.01692
G1 X132.895 Y101.217 E.13893
G1 X132.895 Y101.754 E.01695
G1 X129.246 Y98.105 E.16291
G1 X128.709 Y98.105 E.01695
G1 X132.895 Y102.291 E.18688
G1 X132.895 Y102.828 E.01695
G1 X128.172 Y98.105 E.21086
G1 X127.635 Y98.105 E.01695
G1 X132.895 Y103.365 E.23483
G1 X132.895 Y103.902 E.01695
G1 X127.098 Y98.105 E.25881
G1 X126.561 Y98.105 E.01695
G1 X132.895 Y104.439 E.28278
G1 X132.895 Y104.976 E.01695
G1 X126.024 Y98.105 E.30675
G1 X125.487 Y98.105 E.01695
G1 X132.895 Y105.513 E.33073
G1 X132.895 Y106.05 E.01695
G1 X124.95 Y98.105 E.3547
G1 X124.413 Y98.105 E.01695
G1 X132.895 Y106.587 E.37868
G1 X132.895 Y107.124 E.01695
G1 X123.876 Y98.105 E.40265
G1 X123.34 Y98.105 E.01692
G1 X132.895 Y107.66 E.42658
G1 X132.895 Y108.197 E.01695
G1 X122.803 Y98.105 E.45055
G1 X122.266 Y98.105 E.01695
G1 X132.895 Y108.734 E.47453
G1 X132.895 Y109.271 E.01695
G1 X121.729 Y98.105 E.4985
G1 X121.192 Y98.105 E.01695
G1 X132.895 Y109.808 E.52248
G1 X132.895 Y110.345 E.01695
G1 X120.655 Y98.105 E.54645
G1 X120.118 Y98.105 E.01695
G1 X132.895 Y110.882 E.57043
G1 X132.895 Y111.419 E.01695
G1 X119.581 Y98.105 E.5944
G1 X119.044 Y98.105 E.01695
G1 X132.895 Y111.956 E.61837
G1 X132.895 Y112.493 E.01695
G1 X118.507 Y98.105 E.64235
G1 X117.97 Y98.105 E.01695
G1 X132.895 Y113.03 E.66632
G1 X132.895 Y113.567 E.01695
G1 X117.433 Y98.105 E.6903
G1 X116.897 Y98.105 E.01692
G1 X132.895 Y114.103 E.71423
G1 X132.895 Y114.64 E.01695
G1 X116.36 Y98.105 E.7382
G1 X115.823 Y98.105 E.01695
G1 X132.895 Y115.177 E.76218
G1 X132.895 Y115.714 E.01695
G1 X115.286 Y98.105 E.78615
G1 X114.749 Y98.105 E.01695
G1 X132.895 Y116.251 E.81012
G1 X132.895 Y116.788 E.01695
G1 X114.212 Y98.105 E.8341
G1 X113.675 Y98.105 E.01695
G1 X132.895 Y117.325 E.85807
G1 X132.895 Y117.862 E.01695
G1 X113.138 Y98.105 E.88205
G1 X112.601 Y98.105 E.01695
G1 X132.895 Y118.399 E.90602
G1 X132.895 Y118.936 E.01695
G1 X112.064 Y98.105 E.92999
G1 X111.527 Y98.105 E.01695
G1 X132.895 Y119.473 E.95397
G1 X132.895 Y120.01 E.01695
G1 X110.99 Y98.105 E.97794
G1 X110.454 Y98.105 E.01692
G1 X132.895 Y120.546 E1.00187
G1 X132.895 Y121.083 E.01695
G1 X109.917 Y98.105 E1.02585
G1 X109.38 Y98.105 E.01695
G1 X132.895 Y121.62 E1.04982
G1 X132.895 Y122.157 E.01695
G1 X108.843 Y98.105 E1.0738
G1 X108.306 Y98.105 E.01695
G1 X132.895 Y122.694 E1.09777
G1 X132.895 Y123.231 E.01695
G1 X107.769 Y98.105 E1.12174
G1 X107.232 Y98.105 E.01695
G1 X132.895 Y123.768 E1.14572
G1 X132.895 Y124.305 E.01695
G1 X106.695 Y98.105 E1.16969
G1 X106.158 Y98.105 E.01695
G1 X132.895 Y124.842 E1.19367
G1 X132.895 Y125.379 E.01695
G1 X105.621 Y98.105 E1.21764
G1 X105.084 Y98.105 E.01695
G1 X132.895 Y125.916 E1.24162
G1 X132.895 Y126.453 E.01695
G1 X120.34 Y113.897 E.56054
G1 X120.387 Y114.042 E.00481
G1 X120.505 Y114.599 E.01797
G1 X132.895 Y126.989 E.55315
G1 X132.895 Y127.526 E.01695
G1 X120.583 Y115.214 E.54967
G1 X120.579 Y115.747 E.01683
G1 X132.895 Y128.063 E.54984
G1 X132.895 Y128.6 E.01695
G1 X120.534 Y116.238 E.55188
G1 X120.44 Y116.681 E.0143
G1 X132.895 Y129.137 E.55607
G1 X132.895 Y129.674 E.01695
G1 X120.338 Y117.117 E.5606
G1 X120.173 Y117.488 E.01282
G1 X132.895 Y130.211 E.56799
G1 X132.895 Y130.748 E.01695
G1 X120.007 Y117.859 E.5754
G1 X119.92 Y118.054 E.00674
G1 X119.813 Y118.202 E.00577
G1 X132.895 Y131.285 E.58406
G1 X132.895 Y131.822 E.01695
G1 X119.587 Y118.514 E.59413
G1 X119.362 Y118.825 E.01212
G1 X132.895 Y132.359 E.6042
G1 X132.895 Y132.895 E.01692
G1 X119.094 Y119.094 E.61614
G1 X118.812 Y119.349 E.012
G1 X132.359 Y132.895 E.60478
G1 X131.822 Y132.895 E.01695
G1 X118.53 Y119.604 E.5934
G1 X118.196 Y119.806 E.01232
G1 X131.285 Y132.895 E.58436
G1 X130.748 Y132.895 E.01695
G1 X117.855 Y120.003 E.57558
G1 X117.578 Y120.163 E.0101
G1 X117.503 Y120.188 E.0025
G1 X130.211 Y132.895 E.56732
G1 X129.674 Y132.895 E.01695
G1 X117.098 Y120.319 E.56145
G1 X116.693 Y120.451 E.01345
G1 X129.137 Y132.895 E.55556
G1 X128.6 Y132.895 E.01695
G1 X116.233 Y120.528 E.55212
G1 X115.747 Y120.579 E.01543
G1 X128.063 Y132.895 E.54984
G1 X127.526 Y132.895 E.01695
G1 X115.205 Y120.574 E.55007
G1 X114.605 Y120.511 E.01905
G1 X126.989 Y132.895 E.55288
G1 X126.452 Y132.895 E.01695
G1 X113.6 Y120.043 E.57377
G1 E-3.5 F3600
;WIPE_START
G1 F7200
G1 X115.833 Y122.276 E-1.5
;WIPE_END
G1 X117.4 Y110.957 F9000
G1 E5 F2400
G1 F1200
G1 X104.547 Y98.105 E.5738
G1 X104.011 Y98.105 E.01692
G1 X116.395 Y110.489 E.55288
G1 X115.796 Y110.427 E.01901
G1 X103.474 Y98.105 E.55011
G1 X102.937 Y98.105 E.01695
G1 X115.253 Y110.42 E.54982
G1 X114.767 Y110.472 E.01543
G1 X102.4 Y98.105 E.55212
G1 X101.863 Y98.105 E.01695
G1 X114.307 Y110.549 E.55556
G1 X113.902 Y110.681 E.01345
G1 X101.326 Y98.105 E.56145
G1 X100.789 Y98.105 E.01695
G1 X113.497 Y110.812 E.56732
G1 X113.422 Y110.837 E.0025
G1 X113.145 Y110.997 E.0101
G1 X100.252 Y98.105 E.57558
G1 X99.715 Y98.105 E.01695
G1 X112.804 Y111.194 E.58436
G1 X112.47 Y111.396 E.01232
G1 X99.178 Y98.105 E.5934
G1 X98.641 Y98.105 E.01695
G1 X112.188 Y111.651 E.60478
G1 X111.906 Y111.906 E.012
G1 X98.105 Y98.105 E.61614
G1 X98.105 Y98.641 E.01692
G1 X111.638 Y112.175 E.6042
G1 X111.413 Y112.486 E.01212
G1 X98.105 Y99.178 E.59413
G1 X98.105 Y99.715 E.01695
G1 X111.187 Y112.798 E.58406
G1 X111.08 Y112.946 E.00577
G1 X110.993 Y113.141 E.00674
G1 X98.105 Y100.252 E.5754
G1 X98.105 Y100.789 E.01695
G1 X110.827 Y113.512 E.56799
G1 X110.662 Y113.883 E.01282
G1 X98.105 Y101.326 E.5606
G1 X98.105 Y101.863 E.01695
G1 X110.56 Y114.319 E.55607
G1 X110.466 Y114.762 E.0143
G1 X98.105 Y102.4 E.55188
G1 X98.105 Y102.937 E.01695
G1 X110.421 Y115.253 E.54984
G1 X110.417 Y115.786 E.01683
G1 X98.105 Y103.474 E.54967
G1 X98.105 Y104.011 E.01695
G1 X110.494 Y116.4 E.5531
G1 X110.613 Y116.958 E.01801
G1 X110.66 Y117.103 E.00481
G1 X98.105 Y104.548 E.56051
G1 X98.105 Y105.084 E.01692
G1 X125.916 Y132.895 E1.24162
G1 X125.379 Y132.895 E.01695
G1 X98.105 Y105.621 E1.21764
G1 X98.105 Y106.158 E.01695
G1 X124.842 Y132.895 E1.19367
G1 X124.305 Y132.895 E.01695
G1 X98.105 Y106.695 E1.16969
G1 X98.105 Y107.232 E.01695
G1 X123.768 Y132.895 E1.14572
G1 X123.231 Y132.895 E.01695
G1 X98.105 Y107.769 E1.12174
G1 X98.105 Y108.306 E.01695
G1 X122.694 Y132.895 E1.09777
G1 X122.157 Y132.895 E.01695
G1 X98.105 Y108.843 E1.0738
G1 X98.105 Y109.38 E.01695
G1 X121.62 Y132.895 E1.04982
G1 X121.083 Y132.895 E.01695
G1 X98.105 Y109.917 E1.02585
G1 X98.105 Y110.454 E.01695
G1 X120.546 Y132.895 E1.00187
G1 X120.01 Y132.895 E.01692
G1 X98.105 Y110.991 E.97792
G1 X98.105 Y111.527 E.01692
G1 X119.473 Y132.895 E.95397
G1 X118.936 Y132.895 E.01695
G1 X98.105 Y112.064 E.92999
G1 X98.105 Y112.601 E.01695
G1 X118.399 Y132.895 E.90602
G1 X117.862 Y132.895 E.01695
G1 X98.105 Y113.138 E.88205
G1 X98.105 Y113.675 E.01695
G1 X117.325 Y132.895 E.85807
G1 X116.788 Y132.895 E.01695
G1 X98.105 Y114.212 E.8341
G1 X98.105 Y114.749 E.01695
G1 X116.251 Y132.895 E.81012
G1 X115.714 Y132.895 E.01695
G1 X98.105 Y115.286 E.78615
G1 X98.105 Y115.823 E.01695
G1 X115.177 Y132.895 E.76218
G1 X114.64 Y132.895 E.01695
G1 X98.105 Y116.36 E.7382
G1 X98.105 Y116.897 E.01695
G1 X114.103 Y132.895 E.71423
G1 X113.567 Y132.895 E.01692
G1 X98.105 Y117.433 E.6903
G1 X98.105 Y117.97 E.01695
G1 X113.03 Y132.895 E.66632
G1 X112.493 Y132.895 E.01695
G1 X98.105 Y118.507 E.64235
G1 X98.105 Y119.044 E.01695
G1 X111.956 Y132.895 E.61837
G1 X111.419 Y132.895 E.01695
G1 X98.105 Y119.581 E.5944
G1 X98.105 Y120.118 E.01695
G1 X110.882 Y132.895 E.57043
G1 X110.345 Y132.895 E.01695
G1 X98.105 Y120.655 E.54645
G1 X98.105 Y121.192 E.01695
G1 X109.808 Y132.895 E.52248
G1 X109.271 Y132.895 E.01695
G1 X98.105 Y121.729 E.4985
G1 X98.105 Y122.266 E.01695
G1 X108.734 Y132.895 E.47453
G1 X108.197 Y132.895 E.01695
G1 X98.105 Y122.803 E.45055
G1 X98.105 Y123.34 E.01695
G1 X107.66 Y132.895 E.42658
G1 X107.124 Y132.895 E.01692
G1 X98.105 Y123.876 E.40265
G1 X98.105 Y124.413 E.01695
G1 X106.587 Y132.895 E.37868
G1 X106.05 Y132.895 E.01695
G1 X98.105 Y124.95 E.3547
G1 X98.105 Y125.487 E.01695
G1 X105.513 Y132.895 E.33073
G1 X104.976 Y132.895 E.01695
G1 X98.105 Y126.024 E.30675
G1 X98.105 Y126.561 E.01695
G1 X104.439 Y132.895 E.28278
G1 X103.902 Y132.895 E.01695
G1 X98.105 Y127.098 E.25881
G1 X98.105 Y127.635 E.01695
G1 X103.365 Y132.895 E.23483
G1 X102.828 Y132.895 E.01695
G1 X98.105 Y128.172 E.21086
G1 X98.105 Y128.709 E.01695
G1 X102.291 Y132.895 E.18688
G1 X101.754 Y132.895 E.01695
G1 X98.105 Y129.246 E.16291
G1 X98.105 Y129.783 E.01695
G1 X101.217 Y132.895 E.13893
G1 X100.681 Y132.895 E.01692
G1 X98.105 Y130.319 E.115
G1 X98.105 Y130.856 E.01695
G1 X100.144 Y132.895 E.09103
G1 X99.607 Y132.895 E.01695
G1 X98.105 Y131.393 E.06706
G1 X98.105 Y131.93 E.01695
G1 X99.07 Y132.895 E.04308
G1 X98.533 Y132.895 E.01695
G1 X97.935 Y132.297 E.0267
M106 S255
;LAYER_CHANGE
;Z:0.4
;HEIGHT:0.2
;BEFORE_LAYER_CHANGE
G92 E0
;0.4


G1 E-3.5 F3600
;WIPE_START
G1 F7200
G1 X98.533 Y132.895 E-.40171
G1 X99.07 Y132.895 E-.25508
G1 X98.105 Y131.93 E-.64824
G1 X98.105 Y131.52 E-.19497
;WIPE_END
G1 Z.4 F9000
;AFTER_LAYER_CHANGE
;0.4
M104 S205 ; set temperature
; stop printing object Auto_modifiedZ_NAS_979_0.2.stl id:0 copy 0
G1 X93.561 Y132.297
G1 E5 F2400
;TYPE:Skirt/Brim
;WIDTH:0.42
G1 X93.561 Y96.75 E1.11455
G1 X93.955 Y95.215 E.04969
G1 X95.039 Y94.059 E.04969
G1 X96.75 Y93.561 E.05587
G1 X134.25 Y93.561 E1.17579
G1 X135.785 Y93.955 E.04969
G1 X136.941 Y95.039 E.04969
G1 X137.439 Y96.75 E.05587
G1 X137.439 Y134.25 E1.17579
G1 X137.045 Y135.785 E.04969
G1 X135.961 Y136.941 E.04969
G1 X134.25 Y137.439 E.05587
G1 X96.75 Y137.439 E1.17579
G1 X95.215 Y137.045 E.04969
G1 X94.059 Y135.961 E.04969
G1 X93.561 Y134.25 E.05587
G1 X93.561 Y132.357 E.05935
G1 E-3.5 F3600
;WIPE_START
G1 F7200
G1 X93.561 Y132.297 E-.0285
G1 X93.561 Y129.199 E-1.4715
;WIPE_END
; printing object Auto_modifiedZ_NAS_979_0.2.stl id:0 copy 0
G1 X111.685 Y118.271 F9000
G1 E5 F2400
;TYPE:Perimeter
;WIDTH:0.439999
G1 F1500
G1 X111.447 Y117.957 E.01301
G1 X111.024 Y117.061 E.03271
G1 X110.798 Y116.096 E.03272
G1 X110.776 Y115.106 E.0327
G1 X110.962 Y114.132 E.03274
G1 X111.345 Y113.219 E.03269
G1 X111.91 Y112.405 E.03272
G1 X112.632 Y111.726 E.03272
G1 X113.48 Y111.212 E.03274
G1 X114.415 Y110.886 E.03269
G1 X115.393 Y110.761 E.03255
G1 X116.385 Y110.843 E.03286
G1 X117.335 Y111.129 E.03276
G1 X118.203 Y111.606 E.0327
G1 X118.954 Y112.254 E.03275
G1 X119.553 Y113.043 E.03271
G1 X119.976 Y113.939 E.03271
G1 X120.202 Y114.904 E.03272
G1 X120.224 Y115.894 E.0327
G1 X120.038 Y116.868 E.03274
G1 X119.655 Y117.781 E.03269
G1 X119.09 Y118.595 E.03272
G1 X118.368 Y119.274 E.03272
G1 X117.52 Y119.788 E.03274
G1 X116.585 Y120.114 E.03269
G1 X115.602 Y120.239 E.03272
G1 X114.614 Y120.156 E.03274
G1 X113.665 Y119.871 E.03272
G1 X112.797 Y119.394 E.0327
G1 X112.046 Y118.746 E.03275
G1 X111.722 Y118.319 E.0177
G1 X112.004 Y118.04 F9000
G1 F1500
G1 X111.768 Y117.724 E.01302
G1 X111.387 Y116.9 E.02997
G1 X111.186 Y116.014 E.03
G1 X111.174 Y115.106 E.02998
G1 X111.35 Y114.215 E.02999
G1 X111.708 Y113.38 E.03
G1 X112.232 Y112.638 E.02999
G1 X112.898 Y112.021 E.02998
G1 X113.678 Y111.556 E.02998
G1 X114.538 Y111.263 E.03
G1 X115.434 Y111.156 E.02979
G1 X116.344 Y111.238 E.03017
G1 X117.212 Y111.507 E.03
G1 X118.005 Y111.95 E.02999
G1 X118.688 Y112.549 E.02999
G1 X119.232 Y113.276 E.02998
G1 X119.613 Y114.1 E.02997
G1 X119.814 Y114.986 E.03
G1 X119.826 Y115.894 E.02998
G1 X119.65 Y116.785 E.02999
G1 X119.292 Y117.62 E.03
G1 X118.768 Y118.362 E.02999
G1 X118.102 Y118.979 E.02998
G1 X117.322 Y119.444 E.02998
G1 X116.462 Y119.737 E.03
G1 X115.56 Y119.844 E.02999
G1 X114.656 Y119.762 E.02997
G1 X113.788 Y119.493 E.03
G1 X112.995 Y119.05 E.02999
G1 X112.312 Y118.451 E.02999
G1 X112.04 Y118.088 E.01498
G1 X112.315 Y117.814 F9000
;TYPE:External perimeter
;WIDTH:0.419999
G1 F1500
G1 X112.081 Y117.497 E.01235
G1 X111.741 Y116.742 E.02596
G1 X111.565 Y115.933 E.02596
G1 X111.561 Y115.106 E.02593
G1 X111.729 Y114.295 E.02597
G1 X112.062 Y113.538 E.02593
G1 X112.545 Y112.866 E.02595
G1 X113.157 Y112.309 E.02595
G1 X113.872 Y111.891 E.02597
G1 X114.658 Y111.632 E.02595
G1 X115.475 Y111.541 E.02577
G1 X116.304 Y111.623 E.02612
G1 X117.092 Y111.875 E.02594
G1 X117.811 Y112.286 E.02597
G1 X118.429 Y112.836 E.02594
G1 X118.919 Y113.503 E.02595
G1 X119.259 Y114.258 E.02596
G1 X119.435 Y115.067 E.02596
G1 X119.439 Y115.894 E.02593
G1 X119.271 Y116.705 E.02597
G1 X118.938 Y117.462 E.02593
G1 X118.455 Y118.134 E.02595
G1 X117.843 Y118.691 E.02595
G1 X117.128 Y119.109 E.02597
G1 X116.342 Y119.368 E.02595
G1 X115.52 Y119.459 E.02593
G1 X114.696 Y119.377 E.02596
G1 X113.908 Y119.125 E.02594
G1 X113.189 Y118.714 E.02597
G1 X112.571 Y118.164 E.02594
G1 X112.35 Y117.863 E.01171
G1 E-3.5 F3600
;WIPE_START
G1 F7200
G1 X112.315 Y117.814 E-.0286
G1 X112.081 Y117.497 E-.18716
G1 X111.741 Y116.742 E-.39331
G1 X111.565 Y115.933 E-.39326
G1 X111.561 Y115.106 E-.39283
G1 X111.606 Y114.89 E-.10484
;WIPE_END
G1 X97.744 Y133.256 F9000
G1 E5 F2400
;TYPE:Perimeter
;WIDTH:0.439999
G1 X97.744 Y97.744 E1.17251
G1 X133.256 Y97.744 E1.17251
G1 X133.256 Y133.256 E1.17251
G1 X97.804 Y133.256 E1.17053
G1 X97.347 Y133.653 F9000
G1 F2400
G1 X97.347 Y97.347 E1.19872
G1 X133.653 Y97.347 E1.19872
G1 X133.653 Y133.653 E1.19872
G1 X97.407 Y133.653 E1.19674
G1 X96.96 Y134.04 F9000
;TYPE:External perimeter
;WIDTH:0.419999
G1 F1500
G1 X96.96 Y96.96 E1.16262
G1 X134.04 Y96.96 E1.16262
G1 X134.04 Y134.04 E1.16262
G1 X97.02 Y134.04 E1.16073
G1 E-3.5 F3600
;WIPE_START
G1 F7200
G1 X96.96 Y134.04 E-.0285
G1 X96.96 Y130.942 E-1.4715
;WIPE_END
G1 X98.158 Y98.082 F9000
G1 E5 F2400
;TYPE:Solid infill
;WIDTH:0.53634
G1 X98.114 Y98.039 E.00252
G1 X98.054 Y98.054 E.00254
G1 X98.039 Y98.114 E.00254
G1 X98.082 Y98.158 E.00252
G1 X98.142 Y98.142 E.00255
;WIDTH:0.439999
G1 X98.05 Y98.776 E.02115
G1 X98.776 Y98.05 E.0339
G1 X99.337 Y98.05 E.01852
G1 X98.05 Y99.337 E.06009
G1 X98.05 Y99.899 E.01856
G1 X99.899 Y98.05 E.08634
G1 X100.461 Y98.05 E.01856
G1 X98.05 Y100.461 E.11258
G1 X98.05 Y101.022 E.01852
G1 X101.022 Y98.05 E.13877
G1 X101.584 Y98.05 E.01856
G1 X98.05 Y101.584 E.16501
G1 X98.05 Y102.145 E.01852
G1 X102.145 Y98.05 E.19121
G1 X102.707 Y98.05 E.01856
G1 X98.05 Y102.707 E.21745
G1 X98.05 Y103.268 E.01852
G1 X103.268 Y98.05 E.24365
G1 X103.83 Y98.05 E.01856
G1 X98.05 Y103.83 E.26989
G1 X98.05 Y104.391 E.01852
G1 X104.391 Y98.05 E.29608
G1 X104.953 Y98.05 E.01856
G1 X98.05 Y104.953 E.32232
G1 X98.05 Y105.515 E.01856
G1 X105.515 Y98.05 E.34857
G1 X106.076 Y98.05 E.01852
G1 X98.05 Y106.076 E.37476
G1 X98.05 Y106.638 E.01856
G1 X106.638 Y98.05 E.401
G1 X107.199 Y98.05 E.01852
G1 X98.05 Y107.199 E.4272
G1 X98.05 Y107.761 E.01856
G1 X107.761 Y98.05 E.45344
G1 X108.322 Y98.05 E.01852
G1 X98.05 Y108.322 E.47964
G1 X98.05 Y108.884 E.01856
G1 X108.884 Y98.05 E.50588
G1 X109.445 Y98.05 E.01852
G1 X98.05 Y109.445 E.53207
G1 X98.05 Y110.007 E.01856
G1 X110.007 Y98.05 E.55831
G1 X110.569 Y98.05 E.01856
G1 X98.05 Y110.569 E.58456
G1 X98.05 Y111.13 E.01852
G1 X111.13 Y98.05 E.61075
G1 X111.692 Y98.05 E.01856
G1 X98.05 Y111.692 E.63699
G1 X98.05 Y112.253 E.01852
G1 X112.253 Y98.05 E.66319
G1 X112.815 Y98.05 E.01856
G1 X98.05 Y112.815 E.68943
G1 X98.05 Y113.376 E.01852
G1 X113.376 Y98.05 E.71562
G1 X113.938 Y98.05 E.01856
G1 X98.05 Y113.938 E.74187
G1 X98.05 Y114.499 E.01852
G1 X114.499 Y98.05 E.76806
G1 X115.061 Y98.05 E.01856
G1 X98.05 Y115.061 E.7943
G1 X98.05 Y115.623 E.01856
G1 X115.623 Y98.05 E.82054
G1 X116.184 Y98.05 E.01852
G1 X98.05 Y116.184 E.84674
G1 X98.05 Y116.746 E.01856
G1 X116.746 Y98.05 E.87298
G1 X117.307 Y98.05 E.01852
G1 X98.05 Y117.307 E.89918
G1 X98.05 Y117.869 E.01856
G1 X117.869 Y98.05 E.92542
G1 X118.43 Y98.05 E.01852
G1 X98.05 Y118.43 E.95161
G1 X98.05 Y118.992 E.01856
G1 X118.992 Y98.05 E.97785
G1 X119.553 Y98.05 E.01852
G1 X98.05 Y119.553 E1.00405
G1 X98.05 Y120.115 E.01856
G1 X120.115 Y98.05 E1.03029
G1 X120.677 Y98.05 E.01856
G1 X98.05 Y120.677 E1.05653
G1 X98.05 Y121.238 E.01852
G1 X121.238 Y98.05 E1.08273
G1 X121.8 Y98.05 E.01856
G1 X98.05 Y121.8 E1.10897
G1 X98.05 Y122.361 E.01852
G1 X122.361 Y98.05 E1.13516
G1 X122.923 Y98.05 E.01856
G1 X98.05 Y122.923 E1.16141
G1 X98.05 Y123.484 E.01852
G1 X123.484 Y98.05 E1.1876
G1 X124.046 Y98.05 E.01856
G1 X98.05 Y124.046 E1.21384
G1 X98.05 Y124.607 E.01852
G1 X124.607 Y98.05 E1.24004
G1 X125.169 Y98.05 E.01856
G1 X98.05 Y125.169 E1.26628
G1 X97.964 Y126.041 F9000
;WIDTH:0.38292
G1 F2400
G1 X97.923 Y126.052 E.0012
G1 X97.904 Y125.981 E.00208
G1 X97.975 Y126 E.00208
;WIDTH:0.41146
G1 X98.012 Y125.865 E.00429
;WIDTH:0.439999
G1 X98.05 Y125.731 E.0046
G1 X125.731 Y98.05 E1.29252
G1 X126.292 Y98.05 E.01852
G1 X113.461 Y110.881 E.59912
G1 X113.32 Y110.988 E.00584
;WIDTH:0.41146
G1 X113.18 Y111.095 E.0054
;WIDTH:0.38292
G1 X112.609 Y111.534 E.02036
G1 X114.209 Y110.794 F9000
G1 F2400
G1 X114.015 Y110.784 E.00549
;WIDTH:0.41146
G1 X114.154 Y110.697 E.00503
;WIDTH:0.439999
G1 X114.293 Y110.611 E.0054
G1 X126.854 Y98.05 E.58652
G1 X127.415 Y98.05 E.01852
G1 X114.959 Y110.506 E.58161
G1 X115.569 Y110.458 E.0202
G1 X127.977 Y98.05 E.57937
G1 X128.538 Y98.05 E.01852
G1 X116.078 Y110.511 E.58182
G1 X116.58 Y110.57 E.01669
G1 X129.1 Y98.05 E.5846
G1 X129.661 Y98.05 E.01852
G1 X117.004 Y110.707 E.591
G1 X117.428 Y110.845 E.01472
G1 X130.223 Y98.05 E.59744
G1 X130.785 Y98.05 E.01856
G1 X117.804 Y111.03 E.6061
G1 X118.16 Y111.236 E.01358
G1 X131.346 Y98.05 E.6157
G1 X131.908 Y98.05 E.01856
G1 X118.508 Y111.449 E.62567
G1 X118.806 Y111.713 E.01314
G1 X132.469 Y98.05 E.63797
G1 X132.871 Y97.902 E.01414
;WIDTH:0.38292
G1 X133.081 Y97.919 E.00596
;WIDTH:0.41146
G1 X133.015 Y98.025 E.00383
;WIDTH:0.439999
G1 X132.95 Y98.131 E.00411
G1 X119.103 Y111.977 E.64654
G1 X119.371 Y112.272 E.01316
G1 X132.95 Y98.692 E.63407
G1 X132.95 Y99.254 E.01856
G1 X119.605 Y112.599 E.62312
G1 X119.839 Y112.926 E.01328
G1 X132.95 Y99.815 E.6122
G1 X132.95 Y100.377 E.01856
G1 X120.023 Y113.304 E.60361
G1 X120.198 Y113.69 E.01399
G1 X132.95 Y100.938 E.59543
G1 X132.95 Y101.5 E.01856
G1 X120.345 Y114.105 E.58857
G1 X120.444 Y114.568 E.01563
G1 X132.95 Y102.061 E.58397
G1 X132.95 Y102.623 E.01856
G1 X120.524 Y115.049 E.58021
G1 X120.526 Y115.609 E.01849
G1 X132.95 Y103.185 E.58012
G1 X132.95 Y103.746 E.01852
G1 X120.412 Y116.274 E.58521
;WIDTH:0.41146
G1 X120.339 Y116.336 E.00293
;WIDTH:0.38292
G1 X120.268 Y116.317 E.00208
G1 X120.287 Y116.388 E.00208
G1 X120.328 Y116.377 E.0012
G1 X120.2 Y117.196 F9000
G1 F2400
G1 X120.129 Y117.177 E.00208
G1 X120.148 Y117.248 E.00208
G1 X120.189 Y117.237 E.0012
;WIDTH:0.41146
G1 X120.261 Y117.081 E.00527
;WIDTH:0.439999
G1 X120.332 Y116.926 E.00563
G1 X132.95 Y104.308 E.58918
G1 E-3.5 F3600
;WIPE_START
G1 F7200
G1 X130.717 Y106.541 E-1.5
;WIPE_END
G1 X111.21 Y113.008 F9000
G1 E5 F2400
;WIDTH:0.38292
G1 X111.126 Y113.129 E.00416
;WIDTH:0.41146
G1 X111.029 Y113.269 E.00522
;WIDTH:0.439999
G1 X110.933 Y113.409 E.0056
G1 X98.05 Y126.292 E.60155
G1 X98.05 Y126.854 E.01856
G1 X110.625 Y114.279 E.58717
G1 X110.716 Y114.154 E.0051
;WIDTH:0.41146
G1 X110.807 Y114.028 E.00476
;WIDTH:0.38292
G1 X110.766 Y114.039 E.0012
G1 X110.747 Y113.968 E.00208
G1 X110.818 Y113.987 E.00208
G1 X110.477 Y114.988 F9000
;WIDTH:0.439999
G1 F2400
G1 X98.05 Y127.415 E.58026
G1 X98.05 Y127.977 E.01856
G1 X110.473 Y115.554 E.58007
G1 X110.491 Y116.097 E.01794
G1 X98.05 Y128.538 E.58091
G1 X98.05 Y129.1 E.01856
G1 X110.585 Y116.565 E.5853
G1 X110.691 Y117.02 E.01543
G1 X98.05 Y129.661 E.59025
G1 X98.05 Y130.223 E.01856
G1 X110.852 Y117.421 E.59777
G1 X111.027 Y117.807 E.01399
G1 X98.05 Y130.785 E.60596
G1 X98.05 Y131.346 E.01852
G1 X111.228 Y118.168 E.61533
G1 X111.462 Y118.495 E.01328
G1 X98.05 Y131.908 E.62628
G1 X98.05 Y132.469 E.01852
G1 X111.701 Y118.818 E.63741
G1 X111.982 Y119.098 E.0131
G1 X98.131 Y132.95 E.64677
G1 X98.016 Y132.911 E.00401
;WIDTH:0.41146
G1 X97.902 Y132.871 E.0037
;WIDTH:0.38292
G1 X97.919 Y133.081 E.00596
;WIDTH:0.439999
G1 X98.692 Y132.95 E.02589
G1 X112.28 Y119.363 E.63445
G1 X112.586 Y119.617 E.01313
G1 X99.254 Y132.95 E.62254
G1 X99.815 Y132.95 E.01852
G1 X112.942 Y119.823 E.61294
G1 X113.298 Y120.029 E.01358
G1 X100.377 Y132.95 E.60333
G1 X100.938 Y132.95 E.01852
G1 X113.694 Y120.194 E.59562
G1 X114.118 Y120.332 E.01472
G1 X101.5 Y132.95 E.58918
G1 X102.061 Y132.95 E.01852
G1 X114.56 Y120.452 E.5836
G1 X115.068 Y120.505 E.01686
G1 X102.623 Y132.95 E.5811
G1 X103.185 Y132.95 E.01856
G1 X115.594 Y120.541 E.57942
G1 X116.222 Y120.475 E.02085
G1 X103.746 Y132.95 E.58252
G1 X104.308 Y132.95 E.01856
G1 X116.946 Y120.311 E.59014
G1 X117.085 Y120.225 E.0054
;WIDTH:0.41146
G1 X117.225 Y120.139 E.00503
;WIDTH:0.38292
G1 X117.14 Y120.118 E.00248
G1 X116.992 Y120.141 E.00423
G1 X117.912 Y119.907 F9000
;WIDTH:0.439999
G1 F2400
G1 X104.869 Y132.95 E.60902
G1 X104.814 Y133.029 E.00318
;WIDTH:0.41146
G1 X104.758 Y133.109 E.00299
;WIDTH:0.38292
G1 X104.687 Y133.09 E.00208
G1 X104.706 Y133.161 E.00208
G1 X104.747 Y133.15 E.0012
G1 E-3.5 F3600
;WIPE_START
G1 F7200
G1 X104.706 Y133.161 E-.02016
G1 X104.687 Y133.09 E-.03491
G1 X104.758 Y133.109 E-.03491
G1 X104.814 Y133.029 E-.04638
G1 X104.869 Y132.95 E-.04572
G1 X106.831 Y130.988 E-1.31792
;WIPE_END
G1 X118.193 Y119.692 F9000
G1 E5 F2400
G1 X118.43 Y119.508 E.00848
G1 X119.175 Y118.799 E.02908
G1 X119.72 Y118.162 E.0237
;WIDTH:0.41146
G1 X119.829 Y118.022 E.00544
;WIDTH:0.439999
G1 X119.938 Y117.882 E.00586
G1 X132.95 Y104.869 E.6076
G1 X132.95 Y105.431 E.01856
G1 X105.431 Y132.95 E1.28496
G1 X105.311 Y133.003 E.00433
;WIDTH:0.41146
G1 X105.191 Y133.055 E.00401
;WIDTH:0.38292
G1 X105.12 Y133.036 E.00208
G1 X105.139 Y133.107 E.00208
G1 X105.18 Y133.096 E.0012
G1 X105.992 Y132.95 F9000
;WIDTH:0.439999
G1 F2400
G1 X132.95 Y105.992 E1.25876
G1 X132.95 Y106.554 E.01856
G1 X106.554 Y132.95 E1.23252
G1 X107.115 Y132.95 E.01852
G1 X132.95 Y107.115 E1.20633
G1 X132.95 Y107.677 E.01856
G1 X107.677 Y132.95 E1.18008
G1 X108.239 Y132.95 E.01856
G1 X132.95 Y108.239 E1.15384
G1 X132.95 Y108.8 E.01852
G1 X108.8 Y132.95 E1.12765
G1 X109.362 Y132.95 E.01856
G1 X132.95 Y109.362 E1.10141
G1 X132.95 Y109.923 E.01852
G1 X109.923 Y132.95 E1.07521
G1 X110.485 Y132.95 E.01856
G1 X132.95 Y110.485 E1.04897
G1 X132.95 Y111.046 E.01852
G1 X111.046 Y132.95 E1.02277
G1 X111.608 Y132.95 E.01856
G1 X132.95 Y111.608 E.99653
G1 X132.95 Y112.169 E.01852
G1 X112.169 Y132.95 E.97034
G1 X112.731 Y132.95 E.01856
G1 X132.95 Y112.731 E.94409
G1 X132.95 Y113.293 E.01856
G1 X113.293 Y132.95 E.91785
G1 X113.854 Y132.95 E.01852
G1 X132.95 Y113.854 E.89166
G1 X132.95 Y114.416 E.01856
G1 X114.416 Y132.95 E.86542
G1 X114.977 Y132.95 E.01852
G1 X132.95 Y114.977 E.83922
G1 X132.95 Y115.539 E.01856
G1 X115.539 Y132.95 E.81298
G1 X116.1 Y132.95 E.01852
G1 X132.95 Y116.1 E.78678
G1 X132.95 Y116.662 E.01856
G1 X116.662 Y132.95 E.76054
G1 X117.223 Y132.95 E.01852
G1 X132.95 Y117.223 E.73435
G1 X132.95 Y117.785 E.01856
G1 X117.785 Y132.95 E.70811
G1 X118.347 Y132.95 E.01856
G1 X132.95 Y118.347 E.68186
G1 X132.95 Y118.908 E.01852
G1 X118.908 Y132.95 E.65567
G1 X119.47 Y132.95 E.01856
G1 X132.95 Y119.47 E.62943
G1 X132.95 Y120.031 E.01852
G1 X120.031 Y132.95 E.60323
G1 X120.593 Y132.95 E.01856
G1 X132.95 Y120.593 E.57699
G1 X132.95 Y121.154 E.01852
G1 X121.154 Y132.95 E.5508
G1 X121.716 Y132.95 E.01856
G1 X132.95 Y121.716 E.52455
G1 X132.95 Y122.277 E.01852
G1 X122.277 Y132.95 E.49836
G1 X122.839 Y132.95 E.01856
G1 X132.95 Y122.839 E.47212
G1 X132.95 Y123.401 E.01856
G1 X123.401 Y132.95 E.44588
G1 X123.962 Y132.95 E.01852
G1 X132.95 Y123.962 E.41968
G1 X132.95 Y124.524 E.01856
G1 X124.524 Y132.95 E.39344
G1 X125.085 Y132.95 E.01852
G1 X132.95 Y125.085 E.36724
G1 X132.95 Y125.647 E.01856
G1 X125.647 Y132.95 E.341
G1 X126.208 Y132.95 E.01852
G1 X132.95 Y126.208 E.31481
G1 X132.95 Y126.77 E.01856
G1 X126.77 Y132.95 E.28857
G1 X127.331 Y132.95 E.01852
G1 X132.95 Y127.331 E.26237
G1 X132.95 Y127.893 E.01856
G1 X127.893 Y132.95 E.23613
G1 X128.455 Y132.95 E.01856
G1 X132.95 Y128.455 E.20989
G1 X132.95 Y129.016 E.01852
G1 X129.016 Y132.95 E.18369
G1 X129.578 Y132.95 E.01856
G1 X132.95 Y129.578 E.15745
G1 X132.95 Y130.139 E.01852
G1 X130.139 Y132.95 E.13126
G1 X130.589 Y133.109 E.01576
;WIDTH:0.38292
G1 X130.518 Y133.09 E.00208
G1 X130.537 Y133.161 E.00208
G1 X130.578 Y133.15 E.0012
;WIDTH:0.41146
G1 X130.64 Y133.05 E.00361
;WIDTH:0.439999
G1 X130.701 Y132.95 E.00387
G1 X132.95 Y130.701 E.10501
G1 X133.05 Y130.64 E.00387
;WIDTH:0.41146
G1 X133.15 Y130.578 E.00361
;WIDTH:0.38292
G1 X133.109 Y130.589 E.0012
G1 X133.09 Y130.518 E.00208
G1 X133.161 Y130.537 E.00208
;WIDTH:0.439999
G1 X132.95 Y131.262 E.02493
G1 X132.95 Y132.95 E.05573
G1 X131.262 Y132.95 E.05573
G1 X132.81 Y131.403 E.07226
G1 X132.527 Y132.437 F9000
;WIDTH:0.634524
G1 F2400
G1 X132.475 Y132.384 E.00365
G1 X132.403 Y132.403 E.00366
G1 X132.384 Y132.475 E.00366
G1 X132.437 Y132.527 E.00365
G1 X132.508 Y132.508 E.00362
;LAYER_CHANGE
;Z:0.6
;HEIGHT:0.2
;BEFORE_LAYER_CHANGE
G92 E0
;0.6


G1 E-3.5 F3600
;WIPE_START
G1 F7200
G1 X132.437 Y132.527 E-.03491
G1 X132.384 Y132.475 E-.03527
G1 X132.403 Y132.403 E-.03537
G1 X132.475 Y132.384 E-.03537
G1 X132.527 Y132.437 E-.03527
;WIPE_END
G1 E-1.32381 F3600
G1 Z.6 F9000
;AFTER_LAYER_CHANGE
;0.6
G1 X119.002 Y118.68
G1 E5 F2400
;TYPE:Perimeter
;WIDTH:0.439999
G1 F1500
G1 X118.367 Y119.275 E.02873
G1 X117.52 Y119.788 E.0327
G1 X116.585 Y120.114 E.03269
G1 X115.602 Y120.239 E.03272
G1 X114.614 Y120.156 E.03274
G1 X113.665 Y119.871 E.03272
G1 X112.797 Y119.394 E.0327
G1 X112.046 Y118.746 E.03275
G1 X111.447 Y117.957 E.03271
G1 X111.024 Y117.061 E.03271
G1 X110.798 Y116.096 E.03272
G1 X110.776 Y115.106 E.0327
G1 X110.969 Y114.113 E.0334
G1 X111.346 Y113.218 E.03207
G1 X111.91 Y112.405 E.03267
G1 X112.632 Y111.726 E.03272
G1 X113.48 Y111.212 E.03274
G1 X114.415 Y110.886 E.03269
G1 X115.38 Y110.762 E.03212
G1 X116.383 Y110.843 E.03322
G1 X117.335 Y111.129 E.03282
G1 X118.203 Y111.606 E.0327
G1 X118.954 Y112.254 E.03275
G1 X119.553 Y113.043 E.03271
G1 X119.976 Y113.939 E.03271
G1 X120.202 Y114.904 E.03272
G1 X120.224 Y115.894 E.0327
G1 X120.038 Y116.868 E.03274
G1 X119.655 Y117.781 E.03269
G1 X119.075 Y118.61 E.03341
G1 X119.045 Y118.639 E.00138
G1 X118.725 Y118.404 F9000
G1 F1500
G1 X118.101 Y118.979 E.02802
G1 X117.322 Y119.444 E.02995
G1 X116.462 Y119.737 E.03
G1 X115.56 Y119.844 E.02999
G1 X114.656 Y119.762 E.02997
G1 X113.788 Y119.493 E.03
G1 X112.995 Y119.05 E.02999
G1 X112.312 Y118.451 E.02999
G1 X111.768 Y117.724 E.02998
G1 X111.387 Y116.9 E.02997
G1 X111.186 Y116.014 E.03
G1 X111.174 Y115.106 E.02998
G1 X111.357 Y114.197 E.03061
G1 X111.708 Y113.38 E.02936
G1 X112.232 Y112.638 E.02999
G1 X112.898 Y112.021 E.02998
G1 X113.678 Y111.556 E.02998
G1 X114.538 Y111.263 E.03
G1 X115.422 Y111.157 E.0294
G1 X116.342 Y111.238 E.03049
G1 X117.212 Y111.507 E.03007
G1 X118.005 Y111.95 E.02999
G1 X118.688 Y112.549 E.02999
G1 X119.232 Y113.276 E.02998
G1 X119.613 Y114.1 E.02997
G1 X119.814 Y114.986 E.03
G1 X119.826 Y115.894 E.02998
G1 X119.65 Y116.785 E.02999
G1 X119.292 Y117.62 E.03
G1 X118.766 Y118.361 E.03
G1 X118.441 Y118.148 F9000
;TYPE:External perimeter
;WIDTH:0.419999
G1 F1500
G1 X117.843 Y118.691 E.02533
G1 X117.128 Y119.109 E.02597
G1 X116.342 Y119.368 E.02595
G1 X115.52 Y119.459 E.02593
G1 X114.696 Y119.377 E.02596
G1 X113.908 Y119.125 E.02594
G1 X113.189 Y118.714 E.02597
G1 X112.571 Y118.164 E.02594
G1 X112.081 Y117.497 E.02595
G1 X111.741 Y116.742 E.02596
G1 X111.565 Y115.933 E.02596
G1 X111.561 Y115.106 E.02593
G1 X111.735 Y114.278 E.02653
G1 X112.062 Y113.537 E.0254
G1 X112.545 Y112.866 E.02592
G1 X113.157 Y112.309 E.02595
G1 X113.872 Y111.891 E.02597
G1 X114.658 Y111.632 E.02595
G1 X115.463 Y111.542 E.0254
G1 X116.303 Y111.623 E.02646
G1 X117.092 Y111.875 E.02597
G1 X117.811 Y112.286 E.02597
G1 X118.429 Y112.836 E.02594
G1 X118.919 Y113.503 E.02595
G1 X119.259 Y114.258 E.02596
G1 X119.435 Y115.067 E.02596
G1 X119.439 Y115.894 E.02593
G1 X119.271 Y116.705 E.02597
G1 X118.938 Y117.462 E.02593
G1 X118.477 Y118.1 E.02468
G1 E-3.5 F3600
;WIPE_START
G1 F7200
G1 X118.441 Y118.148 E-.0285
G1 X117.843 Y118.691 E-.38368
G1 X117.128 Y119.109 E-.3934
G1 X116.342 Y119.368 E-.3931
G1 X115.711 Y119.438 E-.30132
;WIPE_END
G1 X133.256 Y133.256 F9000
G1 E5 F2400
;TYPE:Perimeter
;WIDTH:0.439999
G1 X97.744 Y133.256 E1.17251
G1 X97.744 Y97.744 E1.17251
G1 X133.256 Y97.744 E1.17251
G1 X133.256 Y133.196 E1.17053
G1 X133.653 Y133.653 F9000
G1 F2400
G1 X97.347 Y133.653 E1.19872
G1 X97.347 Y97.347 E1.19872
G1 X133.653 Y97.347 E1.19872
G1 X133.653 Y133.593 E1.19674
G1 X134.04 Y134.04 F9000
;TYPE:External perimeter
;WIDTH:0.419999
G1 F1500
G1 X96.96 Y134.04 E1.16262
G1 X96.96 Y96.96 E1.16262
G1 X134.04 Y96.96 E1.16262
G1 X134.04 Y133.98 E1.16073
G1 E-3.5 F3600
;WIPE_START
G1 F7200
G1 X134.04 Y134.04 E-.0285
G1 X130.942 Y134.04 E-1.4715
;WIPE_END
G1 X98.082 Y132.842 F9000
G1 E5 F2400
;TYPE:Solid infill
;WIDTH:0.53634
G1 X98.039 Y132.886 E.00252
G1 X98.054 Y132.946 E.00254
G1 X98.114 Y132.962 E.00255
G1 X98.158 Y132.918 E.00255
G1 X98.142 Y132.858 E.00255
;WIDTH:0.439999
G1 X98.05 Y132.224 E.02115
G1 X98.776 Y132.95 E.0339
G1 X99.337 Y132.95 E.01852
G1 X98.05 Y131.663 E.06009
G1 X98.05 Y131.101 E.01856
G1 X99.899 Y132.95 E.08634
G1 X100.461 Y132.95 E.01856
G1 X98.05 Y130.539 E.11258
G1 X98.05 Y129.978 E.01852
G1 X101.022 Y132.95 E.13877
G1 X101.584 Y132.95 E.01856
G1 X98.05 Y129.416 E.16501
G1 X98.05 Y128.855 E.01852
G1 X102.145 Y132.95 E.19121
G1 X102.707 Y132.95 E.01856
G1 X98.05 Y128.293 E.21745
G1 X98.05 Y127.732 E.01852
G1 X103.268 Y132.95 E.24365
G1 X103.83 Y132.95 E.01856
G1 X98.05 Y127.17 E.26989
G1 X98.05 Y126.609 E.01852
G1 X104.391 Y132.95 E.29608
G1 X104.953 Y132.95 E.01856
G1 X98.05 Y126.047 E.32232
G1 X98.05 Y125.485 E.01856
G1 X105.515 Y132.95 E.34857
G1 X106.076 Y132.95 E.01852
G1 X98.05 Y124.924 E.37476
G1 X98.05 Y124.362 E.01856
G1 X106.638 Y132.95 E.401
G1 X107.199 Y132.95 E.01852
G1 X98.05 Y123.801 E.4272
G1 X98.05 Y123.239 E.01856
G1 X107.761 Y132.95 E.45344
G1 X108.322 Y132.95 E.01852
G1 X98.05 Y122.678 E.47964
G1 X98.05 Y122.116 E.01856
G1 X108.884 Y132.95 E.50588
G1 X109.445 Y132.95 E.01852
G1 X98.05 Y121.555 E.53207
G1 X98.05 Y120.993 E.01856
G1 X110.007 Y132.95 E.55831
G1 X110.569 Y132.95 E.01856
G1 X98.05 Y120.431 E.58456
G1 X98.05 Y119.87 E.01852
G1 X111.13 Y132.95 E.61075
G1 X111.692 Y132.95 E.01856
G1 X98.05 Y119.308 E.63699
G1 X98.05 Y118.747 E.01852
G1 X112.253 Y132.95 E.66319
G1 X112.815 Y132.95 E.01856
G1 X98.05 Y118.185 E.68943
G1 X98.05 Y117.624 E.01852
G1 X113.376 Y132.95 E.71562
G1 X113.938 Y132.95 E.01856
G1 X98.05 Y117.062 E.74187
G1 X98.05 Y116.501 E.01852
G1 X114.499 Y132.95 E.76806
G1 X115.061 Y132.95 E.01856
G1 X98.05 Y115.939 E.7943
G1 X98.05 Y115.377 E.01856
G1 X115.623 Y132.95 E.82054
G1 X116.184 Y132.95 E.01852
G1 X98.05 Y114.816 E.84674
G1 X98.05 Y114.254 E.01856
G1 X116.746 Y132.95 E.87298
G1 X117.307 Y132.95 E.01852
G1 X98.05 Y113.693 E.89918
G1 X98.05 Y113.131 E.01856
G1 X117.869 Y132.95 E.92542
G1 X118.43 Y132.95 E.01852
G1 X98.05 Y112.57 E.95161
G1 X98.05 Y112.008 E.01856
G1 X118.992 Y132.95 E.97785
G1 X119.553 Y132.95 E.01852
G1 X98.05 Y111.447 E1.00405
G1 X98.05 Y110.885 E.01856
G1 X120.115 Y132.95 E1.03029
G1 X120.677 Y132.95 E.01856
G1 X98.05 Y110.323 E1.05653
G1 X98.05 Y109.762 E.01852
G1 X121.238 Y132.95 E1.08273
G1 X121.8 Y132.95 E.01856
G1 X98.05 Y109.2 E1.10897
G1 X98.05 Y108.639 E.01852
G1 X122.361 Y132.95 E1.13516
G1 X122.923 Y132.95 E.01856
G1 X98.05 Y108.077 E1.16141
G1 X98.05 Y107.516 E.01852
G1 X123.484 Y132.95 E1.1876
G1 X124.046 Y132.95 E.01856
G1 X98.05 Y106.954 E1.21384
G1 X98.05 Y106.393 E.01852
G1 X124.607 Y132.95 E1.24004
G1 X125.169 Y132.95 E.01856
G1 X98.05 Y105.831 E1.26628
G1 X98.05 Y105.269 E.01856
G1 X125.731 Y132.95 E1.29252
G1 X125.886 Y132.993 E.00531
;WIDTH:0.41146
G1 X126.041 Y133.036 E.00493
;WIDTH:0.38292
G1 X126.052 Y133.077 E.0012
G1 X125.981 Y133.096 E.00208
G1 X126 Y133.025 E.00208
;WIDTH:0.439999
G1 X126.292 Y132.95 E.00995
G1 X113.461 Y120.119 E.59912
G1 X113.32 Y120.012 E.00584
;WIDTH:0.41146
G1 X113.18 Y119.905 E.0054
;WIDTH:0.38292
G1 X112.608 Y119.465 E.0204
G1 X114.012 Y120.223 F9000
G1 F2400
G1 X114.16 Y120.198 E.00424
;WIDTH:0.41146
G1 X114.226 Y120.294 E.00357
;WIDTH:0.439999
G1 X114.293 Y120.389 E.00384
G1 X126.854 Y132.95 E.58652
G1 X127.415 Y132.95 E.01852
G1 X114.959 Y120.494 E.58161
G1 X115.57 Y120.543 E.02024
G1 X127.977 Y132.95 E.57933
G1 X128.538 Y132.95 E.01852
G1 X116.078 Y120.49 E.5818
G1 X116.58 Y120.43 E.01669
G1 X129.1 Y132.95 E.5846
G1 X129.661 Y132.95 E.01852
G1 X117.004 Y120.293 E.591
G1 X117.428 Y120.155 E.01472
G1 X130.223 Y132.95 E.59744
G1 X130.785 Y132.95 E.01856
G1 X117.804 Y119.97 E.6061
G1 X118.16 Y119.764 E.01358
G1 X131.346 Y132.95 E.6157
G1 X131.908 Y132.95 E.01856
G1 X118.508 Y119.551 E.62567
G1 X118.803 Y119.284 E.01314
G1 X132.469 Y132.95 E.63811
G1 X133.081 Y133.081 E.02066
;WIDTH:0.38292
G1 X132.871 Y133.098 E.00596
;WIDTH:0.41146
G1 X132.911 Y132.984 E.0037
;WIDTH:0.439999
G1 X132.95 Y132.869 E.00401
G1 X119.099 Y119.018 E.64675
G1 X119.366 Y118.723 E.01314
G1 X132.95 Y132.308 E.63431
G1 X132.95 Y131.746 E.01856
G1 X119.602 Y118.399 E.62324
G1 X119.839 Y118.074 E.01328
G1 X132.95 Y131.185 E.6122
G1 X132.95 Y130.623 E.01856
G1 X120.021 Y117.694 E.6037
G1 X120.194 Y117.306 E.01403
G1 X132.95 Y130.062 E.59562
G1 X132.95 Y129.5 E.01856
G1 X120.34 Y116.89 E.5888
G1 X120.438 Y116.427 E.01563
G1 X132.95 Y128.939 E.58423
G1 X132.95 Y128.377 E.01856
G1 X120.523 Y115.95 E.58026
G1 X120.527 Y115.393 E.01839
G1 X132.95 Y127.815 E.58005
G1 X132.95 Y127.254 E.01852
G1 X120.492 Y114.796 E.58171
G1 X120.142 Y113.955 F9000
;WIDTH:0.38292
G1 F2400
G1 X120.155 Y113.804 E.00428
;WIDTH:0.41146
G1 X120.247 Y113.943 E.00511
;WIDTH:0.439999
G1 X120.34 Y114.083 E.00555
G1 X132.95 Y126.692 E.58878
G1 X133.15 Y126.253 E.01593
;WIDTH:0.38292
G1 X133.161 Y126.294 E.0012
G1 X133.09 Y126.313 E.00208
G1 X133.109 Y126.242 E.00208
;WIDTH:0.41146
G1 X133.029 Y126.186 E.00299
;WIDTH:0.439999
G1 X132.95 Y126.131 E.00318
G1 X119.94 Y113.12 E.60751
G1 E-3.5 F3600
;WIPE_START
G1 F7200
G1 X122.173 Y115.353 E-1.5
;WIPE_END
G1 X111.21 Y117.992 F9000
G1 E5 F2400
;WIDTH:0.38292
G1 X111.121 Y117.865 E.00438
;WIDTH:0.41146
G1 X111.023 Y117.725 E.00524
;WIDTH:0.439999
G1 X110.926 Y117.584 E.00565
G1 X98.05 Y104.708 E.60122
G1 X98.05 Y104.146 E.01856
G1 X110.616 Y116.713 E.58677
G1 X110.691 Y116.831 E.00462
;WIDTH:0.41146
G1 X110.766 Y116.95 E.00431
;WIDTH:0.38292
G1 X110.747 Y117.021 E.00208
G1 X110.818 Y117.002 E.00208
G1 X110.807 Y116.961 E.0012
G1 X110.481 Y116.016 F9000
;WIDTH:0.439999
G1 F2400
G1 X98.05 Y103.585 E.58045
G1 X98.05 Y103.023 E.01856
G1 X110.474 Y115.447 E.58012
G1 X110.492 Y114.903 E.01797
G1 X98.05 Y102.462 E.58094
G1 X98.05 Y101.9 E.01856
G1 X110.591 Y114.442 E.58561
G1 X110.691 Y113.98 E.01561
G1 X98.05 Y101.339 E.59025
G1 X98.05 Y100.777 E.01856
G1 X110.855 Y113.582 E.59791
G1 X111.028 Y113.194 E.01403
G1 X98.05 Y100.215 E.60601
G1 X98.05 Y99.654 E.01852
G1 X111.229 Y112.833 E.61537
G1 X111.465 Y112.507 E.01329
G1 X98.05 Y99.092 E.62639
G1 X98.05 Y98.531 E.01852
G1 X111.701 Y112.181 E.63739
G1 X111.987 Y111.906 E.0131
G1 X98.131 Y98.05 E.64698
G1 X98.025 Y97.985 E.00411
;WIDTH:0.41146
G1 X97.919 Y97.919 E.00383
;WIDTH:0.38292
G1 X97.902 Y98.129 E.00596
;WIDTH:0.439999
G1 X98.692 Y98.05 E.02621
G1 X112.282 Y111.639 E.63454
G1 X112.586 Y111.383 E.01312
G1 X99.254 Y98.05 E.62254
G1 X99.815 Y98.05 E.01852
G1 X112.942 Y111.177 E.61294
G1 X113.298 Y110.971 E.01358
G1 X100.377 Y98.05 E.60333
G1 X100.938 Y98.05 E.01852
G1 X113.694 Y110.806 E.59562
G1 X114.118 Y110.668 E.01472
G1 X101.5 Y98.05 E.58918
G1 X102.061 Y98.05 E.01852
G1 X114.56 Y110.548 E.5836
G1 X115.067 Y110.494 E.01683
G1 X102.623 Y98.05 E.58105
G1 X103.185 Y98.05 E.01856
G1 X115.597 Y110.462 E.57956
G1 X116.222 Y110.526 E.02074
G1 X103.746 Y98.05 E.58255
G1 X104.308 Y98.05 E.01856
G1 X116.947 Y110.689 E.59016
G1 X116.97 Y110.774 E.00291
;WIDTH:0.41146
G1 X116.993 Y110.86 E.00273
;WIDTH:0.38292
G1 X117.14 Y110.882 E.0042
G1 X117.227 Y110.861 E.00253
G1 E-3.5 F3600
;WIPE_START
G1 F7200
G1 X117.14 Y110.882 E-.04251
G1 X116.993 Y110.86 E-.0706
G1 X116.97 Y110.774 E-.04229
G1 X116.947 Y110.689 E-.04183
G1 X115.008 Y108.75 E-1.30277
;WIPE_END
G1 X119.722 Y112.84 F9000
G1 E5 F2400
G1 X119.25 Y112.283 E.02064
G1 X118.431 Y111.493 E.03217
G1 X118.193 Y111.308 E.00852
;WIDTH:0.41146
G1 X118.052 Y111.2 E.00544
;WIDTH:0.439999
G1 X117.912 Y111.093 E.00582
G1 X104.869 Y98.05 E.60902
G1 X105.431 Y98.05 E.01856
G1 X132.95 Y125.569 E1.28496
G1 X133.003 Y125.689 E.00433
;WIDTH:0.41146
G1 X133.055 Y125.809 E.00401
;WIDTH:0.38292
G1 X133.036 Y125.88 E.00208
G1 X133.107 Y125.861 E.00208
G1 X133.096 Y125.82 E.0012
G1 X132.95 Y125.008 F9000
;WIDTH:0.439999
G1 F2400
G1 X105.992 Y98.05 E1.25876
G1 X106.554 Y98.05 E.01856
G1 X132.95 Y124.446 E1.23252
G1 X132.95 Y123.885 E.01852
G1 X107.115 Y98.05 E1.20633
G1 X107.677 Y98.05 E.01856
G1 X132.95 Y123.323 E1.18008
G1 X132.95 Y122.761 E.01856
G1 X108.239 Y98.05 E1.15384
G1 X108.8 Y98.05 E.01852
G1 X132.95 Y122.2 E1.12765
G1 X132.95 Y121.638 E.01856
G1 X109.362 Y98.05 E1.10141
G1 X109.923 Y98.05 E.01852
G1 X132.95 Y121.077 E1.07521
G1 X132.95 Y120.515 E.01856
G1 X110.485 Y98.05 E1.04897
G1 X111.046 Y98.05 E.01852
G1 X132.95 Y119.954 E1.02277
G1 X132.95 Y119.392 E.01856
G1 X111.608 Y98.05 E.99653
G1 X112.169 Y98.05 E.01852
G1 X132.95 Y118.831 E.97034
G1 X132.95 Y118.269 E.01856
G1 X112.731 Y98.05 E.94409
G1 X113.293 Y98.05 E.01856
G1 X132.95 Y117.707 E.91785
G1 X132.95 Y117.146 E.01852
G1 X113.854 Y98.05 E.89166
G1 X114.416 Y98.05 E.01856
G1 X132.95 Y116.584 E.86542
G1 X132.95 Y116.023 E.01852
G1 X114.977 Y98.05 E.83922
G1 X115.539 Y98.05 E.01856
G1 X132.95 Y115.461 E.81298
G1 X132.95 Y114.9 E.01852
G1 X116.1 Y98.05 E.78678
G1 X116.662 Y98.05 E.01856
G1 X132.95 Y114.338 E.76054
G1 X132.95 Y113.777 E.01852
G1 X117.223 Y98.05 E.73435
G1 X117.785 Y98.05 E.01856
G1 X132.95 Y113.215 E.70811
G1 X132.95 Y112.653 E.01856
G1 X118.347 Y98.05 E.68186
G1 X118.908 Y98.05 E.01852
G1 X132.95 Y112.092 E.65567
G1 X132.95 Y111.53 E.01856
G1 X119.47 Y98.05 E.62943
G1 X120.031 Y98.05 E.01852
G1 X132.95 Y110.969 E.60323
G1 X132.95 Y110.407 E.01856
G1 X120.593 Y98.05 E.57699
G1 X121.154 Y98.05 E.01852
G1 X132.95 Y109.846 E.5508
G1 X132.95 Y109.284 E.01856
G1 X121.716 Y98.05 E.52455
G1 X122.277 Y98.05 E.01852
G1 X132.95 Y108.723 E.49836
G1 X132.95 Y108.161 E.01856
G1 X122.839 Y98.05 E.47212
G1 X123.401 Y98.05 E.01856
G1 X132.95 Y107.599 E.44588
G1 X132.95 Y107.038 E.01852
G1 X123.962 Y98.05 E.41968
G1 X124.524 Y98.05 E.01856
G1 X132.95 Y106.476 E.39344
G1 X132.95 Y105.915 E.01852
G1 X125.085 Y98.05 E.36724
G1 X125.647 Y98.05 E.01856
G1 X132.95 Y105.353 E.341
G1 X132.95 Y104.792 E.01852
G1 X126.208 Y98.05 E.31481
G1 X126.77 Y98.05 E.01856
G1 X132.95 Y104.23 E.28857
G1 X132.95 Y103.669 E.01852
G1 X127.331 Y98.05 E.26237
G1 X127.893 Y98.05 E.01856
G1 X132.95 Y103.107 E.23613
G1 X132.95 Y102.545 E.01856
G1 X128.455 Y98.05 E.20989
G1 X129.016 Y98.05 E.01852
G1 X132.95 Y101.984 E.18369
G1 X132.95 Y101.422 E.01856
G1 X129.578 Y98.05 E.15745
G1 X130.139 Y98.05 E.01852
G1 X132.95 Y100.861 E.13126
G1 X133.15 Y100.422 E.01593
;WIDTH:0.38292
G1 X133.161 Y100.463 E.0012
G1 X133.09 Y100.482 E.00208
G1 X133.109 Y100.411 E.00208
;WIDTH:0.41146
G1 X133.029 Y100.355 E.00299
;WIDTH:0.439999
G1 X132.95 Y100.299 E.0032
G1 X130.701 Y98.05 E.10501
G1 X132.95 Y98.05 E.07426
G1 X132.95 Y99.738 E.05573
G1 X131.403 Y98.19 E.07226
G1 X132.437 Y98.473 F9000
;WIDTH:0.634524
G1 F2400
G1 X132.384 Y98.525 E.00365
G1 X132.403 Y98.597 E.00366
G1 X132.475 Y98.616 E.00366
G1 X132.527 Y98.563 E.00365
G1 X132.508 Y98.492 E.00362
;LAYER_CHANGE
;Z:0.8
;HEIGHT:0.2
;BEFORE_LAYER_CHANGE
G92 E0
;0.8


G1 E-3.5 F3600
;WIPE_START
G1 F7200
G1 X132.527 Y98.563 E-.03491
G1 X132.475 Y98.616 E-.03527
G1 X132.403 Y98.597 E-.03537
G1 X132.384 Y98.525 E-.03537
G1 X132.437 Y98.473 E-.03527
;WIPE_END
G1 E-1.32381 F3600
G1 Z.8 F9000
;AFTER_LAYER_CHANGE
;0.8
G1 X118.655 Y111.996
G1 E5 F2400
;TYPE:Perimeter
;WIDTH:0.439999
G1 F1500
G1 X118.954 Y112.254 E.01304
G1 X119.553 Y113.043 E.03271
G1 X119.976 Y113.939 E.03271
G1 X120.202 Y114.904 E.03272
G1 X120.224 Y115.894 E.0327
G1 X120.038 Y116.868 E.03274
G1 X119.655 Y117.781 E.03269
G1 X119.09 Y118.595 E.03272
G1 X118.368 Y119.274 E.03272
G1 X117.52 Y119.788 E.03274
G1 X116.585 Y120.114 E.03269
G1 X115.602 Y120.239 E.03272
G1 X114.614 Y120.156 E.03274
G1 X113.665 Y119.871 E.03272
G1 X112.797 Y119.394 E.0327
G1 X112.046 Y118.746 E.03275
G1 X111.447 Y117.957 E.03271
G1 X111.024 Y117.061 E.03271
G1 X110.798 Y116.096 E.03272
G1 X110.776 Y115.106 E.0327
G1 X110.962 Y114.132 E.03274
G1 X111.345 Y113.219 E.03269
G1 X111.91 Y112.405 E.03272
G1 X112.632 Y111.726 E.03272
G1 X113.48 Y111.212 E.03274
G1 X114.415 Y110.886 E.03269
G1 X115.372 Y110.763 E.03186
G1 X116.381 Y110.843 E.03342
G1 X117.335 Y111.129 E.03288
G1 X118.203 Y111.606 E.0327
G1 X118.61 Y111.957 E.01775
G1 X118.391 Y112.289 F9000
G1 F1500
G1 X118.688 Y112.549 E.01303
G1 X119.232 Y113.276 E.02998
G1 X119.613 Y114.1 E.02997
G1 X119.814 Y114.986 E.03
G1 X119.826 Y115.894 E.02998
G1 X119.65 Y116.785 E.02999
G1 X119.292 Y117.62 E.03
G1 X118.768 Y118.362 E.02999
G1 X118.102 Y118.979 E.02998
G1 X117.322 Y119.444 E.02998
G1 X116.462 Y119.737 E.03
G1 X115.56 Y119.844 E.02999
G1 X114.656 Y119.762 E.02997
G1 X113.788 Y119.493 E.03
G1 X112.995 Y119.05 E.02999
G1 X112.312 Y118.451 E.02999
G1 X111.768 Y117.724 E.02998
G1 X111.387 Y116.9 E.02997
G1 X111.186 Y116.014 E.03
G1 X111.174 Y115.106 E.02998
G1 X111.35 Y114.215 E.02999
G1 X111.708 Y113.38 E.03
G1 X112.232 Y112.638 E.02999
G1 X112.898 Y112.021 E.02998
G1 X113.678 Y111.556 E.02998
G1 X114.538 Y111.263 E.03
G1 X115.414 Y111.157 E.02913
G1 X116.342 Y111.238 E.03076
G1 X117.212 Y111.507 E.03007
G1 X118.005 Y111.95 E.02999
G1 X118.346 Y112.249 E.01497
G1 X118.135 Y112.574 F9000
;TYPE:External perimeter
;WIDTH:0.419999
G1 F1500
G1 X118.429 Y112.836 E.01235
G1 X118.919 Y113.503 E.02595
G1 X119.259 Y114.258 E.02596
G1 X119.435 Y115.067 E.02596
G1 X119.439 Y115.894 E.02593
G1 X119.271 Y116.705 E.02597
G1 X118.938 Y117.462 E.02593
G1 X118.455 Y118.134 E.02595
G1 X117.843 Y118.691 E.02595
G1 X117.128 Y119.109 E.02597
G1 X116.342 Y119.368 E.02595
G1 X115.52 Y119.459 E.02593
G1 X114.696 Y119.377 E.02596
G1 X113.908 Y119.125 E.02594
G1 X113.189 Y118.714 E.02597
G1 X112.571 Y118.164 E.02594
G1 X112.081 Y117.497 E.02595
G1 X111.741 Y116.742 E.02596
G1 X111.565 Y115.933 E.02596
G1 X111.561 Y115.106 E.02593
G1 X111.729 Y114.295 E.02597
G1 X112.062 Y113.538 E.02593
G1 X112.545 Y112.866 E.02595
G1 X113.157 Y112.309 E.02595
G1 X113.872 Y111.891 E.02597
G1 X114.658 Y111.632 E.02595
G1 X115.456 Y111.542 E.02518
G1 X116.303 Y111.623 E.02668
G1 X117.092 Y111.875 E.02597
G1 X117.811 Y112.286 E.02597
G1 X118.09 Y112.534 E.0117
G1 E-3.5 F3600
;WIPE_START
G1 F7200
G1 X118.135 Y112.574 E-.0286
G1 X118.429 Y112.836 E-.18706
G1 X118.919 Y113.503 E-.39313
G1 X119.259 Y114.258 E-.39331
G1 X119.435 Y115.067 E-.39326
G1 X119.436 Y115.287 E-.10464
;WIPE_END
G1 X133.256 Y97.744 F9000
G1 E5 F2400
;TYPE:Perimeter
;WIDTH:0.439999
G1 X133.256 Y133.256 E1.17251
G1 X97.744 Y133.256 E1.17251
G1 X97.744 Y97.744 E1.17251
G1 X133.196 Y97.744 E1.17053
G1 X133.653 Y97.347 F9000
G1 F2400
G1 X133.653 Y133.653 E1.19872
G1 X97.347 Y133.653 E1.19872
G1 X97.347 Y97.347 E1.19872
G1 X133.593 Y97.347 E1.19674
G1 X134.04 Y96.96 F9000
;TYPE:External perimeter
;WIDTH:0.419999
G1 F1500
G1 X134.04 Y134.04 E1.16262
G1 X96.96 Y134.04 E1.16262
G1 X96.96 Y96.96 E1.16262
G1 X133.98 Y96.96 E1.16073
G1 E-3.5 F3600
;WIPE_START
G1 F7200
G1 X134.04 Y96.96 E-.0285
G1 X134.04 Y100.058 E-1.4715
;WIPE_END
G1 X129.361 Y98.05 F9000
G1 E5 F2400
;TYPE:Internal infill
;WIDTH:0.44
G1 F3000
G1 X131.743 Y98.05 E.07865
G1 X132.95 Y99.257 E.05636
G1 X132.95 Y98.05 E.03985
G1 X119.06 Y111.94 E.64857
G1 X118.47 Y111.415 E.02608
G1 X117.556 Y110.887 E.03485
G1 X116.548 Y110.559 E.035
G1 X116.133 Y110.518 E.01377
G1 X103.665 Y98.05 E.58217
G1 X104.872 Y98.05 E.03985
G1 X98.05 Y104.872 E.31854
G1 X98.05 Y103.665 E.03985
G1 X110.493 Y116.108 E.58101
G1 X110.495 Y114.89 E.04022
G1 X98.05 Y127.335 E.5811
G1 X98.05 Y126.128 E.03985
G1 X104.872 Y132.95 E.31854
G1 X103.665 Y132.95 E.03985
G1 X116.131 Y120.484 E.58208
G1 X115.5 Y120.551 E.02095
G1 X114.869 Y120.484 E.02095
G1 X127.335 Y132.95 E.58208
G1 X126.128 Y132.95 E.03985
G1 X132.95 Y126.128 E.31854
G1 X132.95 Y127.335 E.03985
G1 X120.507 Y114.892 E.58101
G1 X120.505 Y116.11 E.04022
G1 X132.95 Y103.665 E.5811
G1 X132.95 Y104.872 E.03985
G1 X126.128 Y98.05 E.31854
G1 X127.335 Y98.05 E.03985
G1 X114.869 Y110.515 E.58206
G1 X114.448 Y110.56 E.01398
G1 X113.444 Y110.887 E.03486
G1 X112.53 Y111.415 E.03485
G1 X111.944 Y111.944 E.02607
G1 X98.05 Y98.05 E.64876
G1 X98.05 Y99.257 E.03985
G1 X99.257 Y98.05 E.05636
G1 X101.639 Y98.05 E.07865
G1 E-3.5 F3600
;WIPE_START
G1 F7200
G1 X99.257 Y98.05 E-1.13145
G1 X98.708 Y98.599 E-.36855
;WIPE_END
G1 X110.701 Y117.052 F9000
G1 E5 F2400
G1 F3000
G1 X111.127 Y118.027 E.03513
G1 X111.666 Y118.779 E.03055
G1 X111.94 Y119.06 E.01296
G1 X98.05 Y132.95 E.64857
G1 X98.05 Y131.743 E.03985
G1 X99.257 Y132.95 E.05636
G1 X101.639 Y132.95 E.07865
G1 E-3.5 F3600
;WIPE_START
G1 F7200
G1 X99.257 Y132.95 E-1.13145
G1 X98.708 Y132.401 E-.36855
;WIPE_END
G1 X106.899 Y132.95 F9000
G1 E5 F2400
G1 F3000
G1 X109.281 Y132.95 E.07865
G1 X132.95 Y109.281 E1.10519
G1 X132.95 Y110.488 E.03985
G1 X120.512 Y98.05 E.58077
G1 X121.719 Y98.05 E.03985
G1 X98.05 Y121.719 E1.10519
G1 X98.05 Y120.512 E.03985
G1 X110.488 Y132.95 E.58077
G1 X114.897 Y132.95 E.14557
G1 X132.95 Y114.897 E.84296
G1 X132.95 Y116.103 E.03982
G1 X114.897 Y98.05 E.84296
G1 X116.103 Y98.05 E.03982
G1 X98.05 Y116.103 E.84296
G1 X98.05 Y114.897 E.03982
G1 X116.103 Y132.95 E.84296
G1 X120.512 Y132.95 E.14557
G1 X132.95 Y120.512 E.58077
G1 X132.95 Y121.719 E.03985
G1 X109.281 Y98.05 E1.10519
G1 X109.871 Y98.05 E.01948
G1 X110.488 Y98.05 E.02037
G1 X98.05 Y110.488 E.58077
G1 X98.05 Y109.281 E.03985
G1 X121.719 Y132.95 E1.10519
G1 X124.101 Y132.95 E.07865
G1 E-3.5 F3600
;WIPE_START
G1 F7200
G1 X121.719 Y132.95 E-1.13145
G1 X121.17 Y132.401 E-.36855
;WIPE_END
G1 X132.95 Y129.361 F9000
G1 E5 F2400
G1 F3000
G1 X132.95 Y131.743 E.07865
G1 X131.743 Y132.95 E.05636
G1 X132.95 Y132.95 E.03985
G1 X119.056 Y119.056 E.64876
G1 X119.264 Y118.867 E.00928
G1 X119.873 Y118.027 E.03426
G1 X120.304 Y117.055 E.03511
;LAYER_CHANGE
;Z:1
;HEIGHT:0.2
;BEFORE_LAYER_CHANGE
G92 E0
;1


G1 E-3.5 F3600
;WIPE_START
G1 F7200
G1 X119.873 Y118.027 E-.50505
G1 X119.264 Y118.867 E-.49283
G1 X119.056 Y119.056 E-.1335
G1 X119.605 Y119.605 E-.36862
;WIPE_END
G1 Z1 F9000
;AFTER_LAYER_CHANGE
;1
G1 X119.999 Y116.962
G1 E5 F2400
;TYPE:Perimeter
;WIDTH:0.439999
G1 F1500
G1 X119.655 Y117.781 E.02933
G1 X119.09 Y118.595 E.03272
G1 X118.368 Y119.274 E.03272
G1 X117.52 Y119.788 E.03274
G1 X116.585 Y120.114 E.03269
G1 X115.602 Y120.239 E.03272
G1 X114.614 Y120.156 E.03274
G1 X113.665 Y119.871 E.03272
G1 X112.797 Y119.394 E.0327
G1 X112.046 Y118.746 E.03275
G1 X111.447 Y117.957 E.03271
G1 X111.024 Y117.061 E.03271
G1 X110.798 Y116.096 E.03272
G1 X110.776 Y115.106 E.0327
G1 X110.974 Y114.097 E.03395
G1 X111.346 Y113.217 E.03154
G1 X111.91 Y112.405 E.03264
G1 X112.632 Y111.726 E.03272
G1 X113.48 Y111.212 E.03274
G1 X114.415 Y110.886 E.03269
G1 X115.382 Y110.762 E.03219
G1 X116.383 Y110.843 E.03316
G1 X117.335 Y111.129 E.03282
G1 X118.203 Y111.606 E.0327
G1 X118.954 Y112.254 E.03275
G1 X119.553 Y113.043 E.03271
G1 X119.976 Y113.939 E.03271
G1 X120.202 Y114.904 E.03272
G1 X120.224 Y115.894 E.0327
G1 X120.038 Y116.868 E.03274
G1 X120.022 Y116.907 E.00139
G1 X119.626 Y116.841 F9000
G1 F1500
G1 X119.292 Y117.62 E.02798
G1 X118.768 Y118.362 E.02999
G1 X118.102 Y118.979 E.02998
G1 X117.322 Y119.444 E.02998
G1 X116.462 Y119.737 E.03
G1 X115.56 Y119.844 E.02999
G1 X114.656 Y119.762 E.02997
G1 X113.788 Y119.493 E.03
G1 X112.995 Y119.05 E.02999
G1 X112.312 Y118.451 E.02999
G1 X111.768 Y117.724 E.02998
G1 X111.387 Y116.9 E.02997
G1 X111.186 Y116.014 E.03
G1 X111.174 Y115.106 E.02998
G1 X111.362 Y114.182 E.03113
G1 X111.708 Y113.379 E.02887
G1 X112.232 Y112.638 E.02996
G1 X112.898 Y112.021 E.02998
G1 X113.678 Y111.556 E.02998
G1 X114.538 Y111.263 E.03
G1 X115.424 Y111.157 E.02946
G1 X116.343 Y111.238 E.03046
G1 X117.212 Y111.507 E.03004
G1 X118.005 Y111.95 E.02999
G1 X118.688 Y112.549 E.02999
G1 X119.232 Y113.276 E.02998
G1 X119.613 Y114.1 E.02997
G1 X119.814 Y114.986 E.03
G1 X119.826 Y115.894 E.02998
G1 X119.65 Y116.785 E.02999
G1 X119.263 Y116.723 F9000
;TYPE:External perimeter
;WIDTH:0.419999
G1 F1500
G1 X118.938 Y117.462 E.02531
G1 X118.455 Y118.134 E.02595
G1 X117.843 Y118.691 E.02595
G1 X117.128 Y119.109 E.02597
G1 X116.342 Y119.368 E.02595
G1 X115.52 Y119.459 E.02593
G1 X114.696 Y119.377 E.02596
G1 X113.908 Y119.125 E.02594
G1 X113.189 Y118.714 E.02597
G1 X112.571 Y118.164 E.02594
G1 X112.081 Y117.497 E.02595
G1 X111.741 Y116.742 E.02596
G1 X111.565 Y115.933 E.02596
G1 X111.561 Y115.106 E.02593
G1 X111.74 Y114.265 E.02696
G1 X112.062 Y113.537 E.02496
G1 X112.545 Y112.866 E.02592
G1 X113.157 Y112.309 E.02595
G1 X113.872 Y111.891 E.02597
G1 X114.658 Y111.632 E.02595
G1 X115.464 Y111.542 E.02543
G1 X116.303 Y111.623 E.02643
G1 X117.092 Y111.875 E.02597
G1 X117.811 Y112.286 E.02597
G1 X118.429 Y112.836 E.02594
G1 X118.919 Y113.503 E.02595
G1 X119.259 Y114.258 E.02596
G1 X119.435 Y115.067 E.02596
G1 X119.439 Y115.894 E.02593
G1 X119.279 Y116.665 E.02469
G1 E-3.5 F3600
;WIPE_START
G1 F7200
G1 X119.263 Y116.723 E-.02858
G1 X118.938 Y117.462 E-.38347
G1 X118.455 Y118.134 E-.3931
G1 X117.843 Y118.691 E-.39307
G1 X117.295 Y119.011 E-.30178
;WIPE_END
G1 X133.256 Y133.256 F9000
G1 E5 F2400
;TYPE:Perimeter
;WIDTH:0.439999
G1 X97.744 Y133.256 E1.17251
G1 X97.744 Y97.744 E1.17251
G1 X133.256 Y97.744 E1.17251
G1 X133.256 Y133.196 E1.17053
G1 X133.653 Y133.653 F9000
G1 F2400
G1 X97.347 Y133.653 E1.19872
G1 X97.347 Y97.347 E1.19872
G1 X133.653 Y97.347 E1.19872
G1 X133.653 Y133.593 E1.19674
G1 X134.04 Y134.04 F9000
;TYPE:External perimeter
;WIDTH:0.419999
G1 F1500
G1 X96.96 Y134.04 E1.16262
G1 X96.96 Y96.96 E1.16262
G1 X134.04 Y96.96 E1.16262
G1 X134.04 Y133.98 E1.16073
G1 E-3.5 F3600
;WIPE_START
G1 F7200
G1 X134.04 Y134.04 E-.0285
G1 X130.942 Y134.04 E-1.4715
;WIPE_END
G1 X132.95 Y129.361 F9000
G1 E5 F2400
;TYPE:Internal infill
;WIDTH:0.44
G1 F3000
G1 X132.95 Y131.743 E.07865
G1 X131.743 Y132.95 E.05636
G1 X132.95 Y132.95 E.03985
G1 X119.056 Y119.056 E.64876
G1 X119.264 Y118.867 E.00928
G1 X119.873 Y118.027 E.03426
G1 X120.304 Y117.055 E.03511
G1 E-3.5 F3600
;WIPE_START
G1 F7200
G1 X119.873 Y118.027 E-.50505
G1 X119.264 Y118.867 E-.49283
G1 X119.056 Y119.056 E-.1335
G1 X119.605 Y119.605 E-.36862
;WIPE_END
G1 X110.701 Y117.052 F9000
G1 E5 F2400
G1 F3000
G1 X111.127 Y118.027 E.03513
G1 X111.666 Y118.779 E.03055
G1 X111.94 Y119.06 E.01296
G1 X98.05 Y132.95 E.64857
G1 X98.05 Y131.743 E.03985
G1 X99.257 Y132.95 E.05636
G1 X101.639 Y132.95 E.07865
G1 E-3.5 F3600
;WIPE_START
G1 F7200
G1 X99.257 Y132.95 E-1.13145
G1 X98.708 Y132.401 E-.36855
;WIPE_END
G1 X106.899 Y132.95 F9000
G1 E5 F2400
G1 F3000
G1 X109.281 Y132.95 E.07865
G1 X132.95 Y109.281 E1.10519
G1 X132.95 Y110.488 E.03985
G1 X120.512 Y98.05 E.58077
G1 X121.719 Y98.05 E.03985
G1 X98.05 Y121.719 E1.10519
G1 X98.05 Y120.512 E.03985
G1 X110.488 Y132.95 E.58077
G1 X114.897 Y132.95 E.14557
G1 X132.95 Y114.897 E.84296
G1 X132.95 Y116.103 E.03982
G1 X114.897 Y98.05 E.84296
G1 X116.103 Y98.05 E.03982
G1 X98.05 Y116.103 E.84296
G1 X98.05 Y114.897 E.03982
G1 X116.103 Y132.95 E.84296
G1 X120.512 Y132.95 E.14557
G1 X132.95 Y120.512 E.58077
G1 X132.95 Y121.719 E.03985
G1 X109.281 Y98.05 E1.10519
G1 X110.488 Y98.05 E.03985
G1 X98.05 Y110.488 E.58077
G1 X98.05 Y109.281 E.03985
G1 X121.719 Y132.95 E1.10519
G1 X124.101 Y132.95 E.07865
G1 E-3.5 F3600
;WIPE_START
G1 F7200
G1 X121.719 Y132.95 E-1.13145
G1 X121.17 Y132.401 E-.36855
;WIPE_END
G1 X129.361 Y98.05 F9000
G1 E5 F2400
G1 F3000
G1 X131.743 Y98.05 E.07865
G1 X132.95 Y99.257 E.05636
G1 X132.95 Y98.05 E.03985
G1 X119.06 Y111.94 E.64857
G1 X118.47 Y111.415 E.02608
G1 X117.556 Y110.887 E.03485
G1 X116.549 Y110.56 E.03496
G1 X116.132 Y110.517 E.01384
G1 X103.665 Y98.05 E.58213
G1 X104.872 Y98.05 E.03985
G1 X98.05 Y104.872 E.31854
G1 X98.05 Y103.665 E.03985
G1 X110.493 Y116.108 E.58101
G1 X110.495 Y114.89 E.04022
G1 X98.05 Y127.335 E.5811
G1 X98.05 Y126.128 E.03985
G1 X104.872 Y132.95 E.31854
G1 X103.665 Y132.95 E.03985
G1 X116.131 Y120.484 E.58208
G1 X115.5 Y120.551 E.02095
G1 X114.869 Y120.484 E.02095
G1 X127.335 Y132.95 E.58208
G1 X126.128 Y132.95 E.03985
G1 X132.95 Y126.128 E.31854
G1 X132.95 Y127.335 E.03985
G1 X120.507 Y114.892 E.58101
G1 X120.505 Y116.11 E.04022
G1 X132.95 Y103.665 E.5811
G1 X132.95 Y104.872 E.03985
G1 X126.128 Y98.05 E.31854
G1 X127.335 Y98.05 E.03985
G1 X114.869 Y110.515 E.58206
G1 X114.449 Y110.56 E.01395
G1 X113.444 Y110.887 E.03489
G1 X112.53 Y111.415 E.03485
G1 X111.944 Y111.944 E.02607
G1 X98.05 Y98.05 E.64876
G1 X98.05 Y99.257 E.03985
G1 X99.257 Y98.05 E.05636
G1 X101.639 Y98.05 E.07865
;LAYER_CHANGE
;Z:1.2
;HEIGHT:0.2
;BEFORE_LAYER_CHANGE
G92 E0
;1.4


G1 E-3.5 F3600
;WIPE_START
G1 F7200
G1 X133.15 Y99.457 E-1.13145
G1 X132.601 Y98.908 E-.36855
;WIPE_END
G1 Z1.2 F9000
;AFTER_LAYER_CHANGE
;1.4
G1 X119.327 Y112.72
G1 E5 F2400
;TYPE:Perimeter
;WIDTH:0.439999
G1 F1500
G1 X119.788 Y113.48 E.02935
G1 X120.114 Y114.415 E.03269
G1 X120.239 Y115.398 E.03272
G1 X120.156 Y116.386 E.03274
G1 X119.871 Y117.335 E.03272
G1 X119.394 Y118.203 E.0327
G1 X118.746 Y118.954 E.03275
G1 X117.957 Y119.553 E.03271
G1 X117.061 Y119.976 E.03271
G1 X116.096 Y120.202 E.03272
G1 X115.106 Y120.224 E.0327
G1 X114.132 Y120.038 E.03274
G1 X113.219 Y119.655 E.03269
G1 X112.405 Y119.09 E.03272
G1 X111.726 Y118.368 E.03272
G1 X111.212 Y117.52 E.03274
G1 X110.886 Y116.585 E.03269
G1 X110.761 Y115.602 E.03272
G1 X110.844 Y114.614 E.03274
G1 X111.061 Y113.846 E.02635
G1 X111.353 Y113.201 E.02338
G1 X111.91 Y112.405 E.03208
G1 X112.632 Y111.726 E.03272
G1 X113.48 Y111.212 E.03274
G1 X114.415 Y110.886 E.03269
G1 X115.357 Y110.763 E.03137
G1 X115.936 Y110.777 E.01912
G1 X116.868 Y110.962 E.03137
G1 X117.781 Y111.345 E.03269
G1 X118.595 Y111.91 E.03272
G1 X119.274 Y112.632 E.03272
G1 X119.296 Y112.668 E.00139
G1 X119.01 Y112.95 F9000
G1 F1500
G1 X119.444 Y113.678 E.02798
G1 X119.737 Y114.538 E.03
G1 X119.844 Y115.44 E.02999
G1 X119.762 Y116.344 E.02997
G1 X119.493 Y117.212 E.03
G1 X119.05 Y118.005 E.02999
G1 X118.451 Y118.688 E.02999
G1 X117.724 Y119.232 E.02998
G1 X116.9 Y119.613 E.02997
G1 X116.014 Y119.814 E.03
G1 X115.106 Y119.826 E.02998
G1 X114.215 Y119.65 E.02999
G1 X113.38 Y119.292 E.03
G1 X112.638 Y118.768 E.02999
G1 X112.021 Y118.102 E.02998
G1 X111.556 Y117.322 E.02998
G1 X111.263 Y116.462 E.03
G1 X111.156 Y115.56 E.02999
G1 X111.238 Y114.656 E.02997
G1 X111.441 Y113.963 E.02384
G1 X111.713 Y113.37 E.02154
G1 X112.232 Y112.638 E.02963
G1 X112.898 Y112.021 E.02998
G1 X113.678 Y111.556 E.02998
G1 X114.538 Y111.263 E.03
G1 X115.4 Y111.158 E.02867
G1 X115.919 Y111.174 E.01714
G1 X116.785 Y111.35 E.02918
G1 X117.62 Y111.708 E.03
G1 X118.362 Y112.232 E.02999
G1 X118.979 Y112.898 E.02998
G1 X118.701 Y113.174 F9000
;TYPE:External perimeter
;WIDTH:0.419999
G1 F1500
G1 X119.109 Y113.872 E.02535
G1 X119.368 Y114.658 E.02595
G1 X119.459 Y115.48 E.02593
G1 X119.377 Y116.304 E.02596
G1 X119.125 Y117.092 E.02594
G1 X118.714 Y117.811 E.02597
G1 X118.164 Y118.429 E.02594
G1 X117.497 Y118.919 E.02595
G1 X116.742 Y119.259 E.02596
G1 X115.933 Y119.435 E.02596
G1 X115.106 Y119.439 E.02593
G1 X114.295 Y119.271 E.02597
G1 X113.538 Y118.938 E.02593
G1 X112.866 Y118.455 E.02595
G1 X112.309 Y117.843 E.02595
G1 X111.891 Y117.128 E.02597
G1 X111.632 Y116.342 E.02595
G1 X111.541 Y115.52 E.02593
G1 X111.623 Y114.696 E.02596
G1 X111.811 Y114.077 E.02028
G1 X112.063 Y113.534 E.01877
G1 X112.545 Y112.866 E.02583
G1 X113.157 Y112.309 E.02595
G1 X113.872 Y111.891 E.02597
G1 X114.658 Y111.632 E.02595
G1 X115.441 Y111.543 E.02471
G1 X115.933 Y111.565 E.01544
G1 X116.705 Y111.729 E.02475
G1 X117.462 Y112.062 E.02593
G1 X118.134 Y112.545 E.02595
G1 X118.664 Y113.127 E.02468
G1 E-3.5 F3600
;WIPE_START
G1 F7200
G1 X118.701 Y113.174 E-.02841
G1 X119.109 Y113.872 E-.38404
G1 X119.368 Y114.658 E-.3931
G1 X119.459 Y115.48 E-.39284
G1 X119.396 Y116.112 E-.30161
;WIPE_END
G1 X133.256 Y97.744 F9000
G1 E5 F2400
;TYPE:Perimeter
;WIDTH:0.439999
G1 X133.256 Y133.256 E1.17251
G1 X97.744 Y133.256 E1.17251
G1 X97.744 Y97.744 E1.17251
G1 X133.196 Y97.744 E1.17053
G1 X133.653 Y97.347 F9000
G1 F2400
G1 X133.653 Y133.653 E1.19872
G1 X97.347 Y133.653 E1.19872
G1 X97.347 Y97.347 E1.19872
G1 X133.593 Y97.347 E1.19674
G1 X134.04 Y96.96 F9000
;TYPE:External perimeter
;WIDTH:0.419999
G1 F1500
G1 X134.04 Y134.04 E1.16262
G1 X96.96 Y134.04 E1.16262
G1 X96.96 Y96.96 E1.16262
G1 X133.98 Y96.96 E1.16073
G1 E-3.5 F3600
;WIPE_START
G1 F7200
G1 X134.04 Y96.96 E-.0285
G1 X134.04 Y100.058 E-1.4715
;WIPE_END
G1 X129.361 Y98.05 F9000
G1 E5 F2400
;TYPE:Internal infill
;WIDTH:0.44
G1 F3000
G1 X131.743 Y98.05 E.07865
G1 X132.95 Y99.257 E.05636
G1 X132.95 Y98.05 E.03985
G1 X119.056 Y111.944 E.64876
G1 X118.867 Y111.736 E.00928
G1 X118.027 Y111.127 E.03426
G1 X117.055 Y110.696 E.03511
G1 E-3.5 F3600
;WIPE_START
G1 F7200
G1 X118.027 Y111.127 E-.50505
G1 X118.867 Y111.736 E-.49283
G1 X119.056 Y111.944 E-.1335
G1 X119.605 Y111.395 E-.36862
;WIPE_END
G1 X117.055 Y120.305 F9000
G1 E5 F2400
G1 F3000
G1 X118.027 Y119.873 E.03512
G1 X118.867 Y119.265 E.03424
G1 X119.057 Y119.057 E.0093
G1 X132.95 Y132.95 E.64871
G1 X132.95 Y131.743 E.03985
G1 X131.743 Y132.95 E.05636
G1 X129.361 Y132.95 E.07865
G1 E-3.5 F3600
;WIPE_START
G1 F7200
G1 X131.743 Y132.95 E-1.13145
G1 X132.292 Y132.401 E-.36855
;WIPE_END
G1 X124.101 Y132.95 F9000
G1 E5 F2400
G1 F3000
G1 X121.719 Y132.95 E.07865
G1 X98.05 Y109.281 E1.10519
G1 X98.05 Y110.488 E.03985
G1 X110.488 Y98.05 E.58077
G1 X109.281 Y98.05 E.03985
G1 X132.95 Y121.719 E1.10519
G1 X132.95 Y120.512 E.03985
G1 X120.512 Y132.95 E.58077
G1 X116.103 Y132.95 E.14557
G1 X98.05 Y114.897 E.84296
G1 X98.05 Y116.103 E.03982
G1 X116.103 Y98.05 E.84296
G1 X114.897 Y98.05 E.03982
G1 X132.95 Y116.103 E.84296
G1 X132.95 Y114.897 E.03982
G1 X114.897 Y132.95 E.84296
G1 X110.488 Y132.95 E.14557
G1 X98.05 Y120.512 E.58077
G1 X98.05 Y121.719 E.03985
G1 X121.719 Y98.05 E1.10519
G1 X120.512 Y98.05 E.03985
G1 X132.95 Y110.488 E.58077
G1 X132.95 Y109.281 E.03985
G1 X109.281 Y132.95 E1.10519
G1 X106.899 Y132.95 E.07865
G1 E-3.5 F3600
;WIPE_START
G1 F7200
G1 X109.281 Y132.95 E-1.13145
G1 X109.83 Y132.401 E-.36855
;WIPE_END
G1 X101.639 Y132.95 F9000
G1 E5 F2400
G1 F3000
G1 X99.257 Y132.95 E.07865
G1 X98.05 Y131.743 E.05636
G1 X98.05 Y132.95 E.03985
G1 X111.944 Y119.056 E.64876
G1 X111.415 Y118.47 E.02607
G1 X110.887 Y117.556 E.03485
G1 X110.56 Y116.551 E.03489
G1 X110.513 Y116.128 E.01405
G1 X98.05 Y103.665 E.58194
G1 X98.05 Y104.872 E.03985
G1 X104.872 Y98.05 E.31854
G1 X103.665 Y98.05 E.03985
G1 X116.107 Y110.492 E.58096
G1 X115.331 Y110.459 E.02564
G1 X114.873 Y110.511 E.01522
G1 X127.335 Y98.05 E.58187
G1 X126.128 Y98.05 E.03985
G1 X132.95 Y104.872 E.31854
G1 X132.95 Y103.665 E.03985
G1 X120.49 Y116.126 E.58182
G1 X120.544 Y115.372 E.02496
G1 X120.487 Y114.872 E.01662
G1 X132.95 Y127.335 E.58194
G1 X132.95 Y126.128 E.03985
G1 X126.128 Y132.95 E.31854
G1 X127.335 Y132.95 E.03985
G1 X114.89 Y120.505 E.5811
G1 X116.11 Y120.505 E.04028
G1 X103.665 Y132.95 E.5811
G1 X104.872 Y132.95 E.03985
G1 X98.05 Y126.128 E.31854
G1 X98.05 Y127.335 E.03985
G1 X110.512 Y114.872 E.58192
G1 X110.558 Y114.459 E.01372
G1 X110.771 Y113.749 E.02447
G1 X111.133 Y112.963 E.02857
G1 X111.736 Y112.133 E.03387
G1 X111.944 Y111.944 E.00928
G1 X98.05 Y98.05 E.64876
G1 X99.257 Y98.05 E.03985
G1 X98.05 Y99.257 E.05636
G1 X98.05 Y101.639 E.07865
;LAYER_CHANGE
;Z:1.4
;HEIGHT:0.2
;BEFORE_LAYER_CHANGE
G92 E0
;1.8


G1 E-3.5 F3600
;WIPE_START
G1 F7200
G1 X131.743 Y98.05 E-1.13145
G1 X132.292 Y98.599 E-.36855
;WIPE_END
G1 Z1.4 F9000
;AFTER_LAYER_CHANGE
;1.8
G1 X118.271 Y111.685
G1 E5 F2400
;TYPE:Perimeter
;WIDTH:0.439999
G1 F1500
G1 X118.595 Y111.91 E.01302
G1 X119.274 Y112.632 E.03272
G1 X119.788 Y113.48 E.03274
G1 X120.114 Y114.415 E.03269
G1 X120.239 Y115.398 E.03272
G1 X120.156 Y116.386 E.03274
G1 X119.871 Y117.335 E.03272
G1 X119.394 Y118.203 E.0327
G1 X118.88 Y118.819 E.02649
G1 X118.353 Y119.287 E.02327
G1 X117.52 Y119.788 E.03209
G1 X116.585 Y120.114 E.03269
G1 X115.602 Y120.239 E.03272
G1 X114.614 Y120.156 E.03274
G1 X113.665 Y119.871 E.03272
G1 X112.797 Y119.394 E.0327
G1 X112.046 Y118.746 E.03275
G1 X111.447 Y117.957 E.03271
G1 X111.024 Y117.061 E.03271
G1 X110.798 Y116.096 E.03272
G1 X110.776 Y115.106 E.0327
G1 X110.971 Y114.107 E.03361
G1 X111.346 Y113.217 E.03189
G1 X111.91 Y112.405 E.03264
G1 X112.632 Y111.726 E.03272
G1 X113.48 Y111.212 E.03274
G1 X114.415 Y110.886 E.03269
G1 X115.374 Y110.762 E.03193
G1 X115.94 Y110.778 E.0187
G1 X116.868 Y110.962 E.03124
G1 X117.781 Y111.345 E.03269
G1 X118.222 Y111.651 E.01772
G1 X118.04 Y112.004 F9000
G1 F1500
G1 X118.362 Y112.232 E.01303
G1 X118.979 Y112.898 E.02998
G1 X119.444 Y113.678 E.02998
G1 X119.737 Y114.538 E.03
G1 X119.844 Y115.44 E.02999
G1 X119.762 Y116.344 E.02997
G1 X119.493 Y117.212 E.03
G1 X119.05 Y118.005 E.02999
G1 X118.581 Y118.558 E.02394
G1 X118.093 Y118.987 E.02145
G1 X117.322 Y119.444 E.02959
G1 X116.462 Y119.737 E.03
G1 X115.56 Y119.844 E.02999
G1 X114.656 Y119.762 E.02997
G1 X113.788 Y119.493 E.03
G1 X112.995 Y119.05 E.02999
G1 X112.312 Y118.451 E.02999
G1 X111.768 Y117.724 E.02998
G1 X111.387 Y116.9 E.02997
G1 X111.186 Y116.014 E.03
G1 X111.174 Y115.106 E.02998
G1 X111.359 Y114.191 E.03082
G1 X111.708 Y113.379 E.02918
G1 X112.232 Y112.638 E.02996
G1 X112.898 Y112.021 E.02998
G1 X113.678 Y111.556 E.02998
G1 X114.538 Y111.263 E.03
G1 X115.416 Y111.157 E.0292
G1 X115.921 Y111.174 E.01668
G1 X116.785 Y111.35 E.02911
G1 X117.62 Y111.708 E.03
G1 X117.991 Y111.97 E.015
G1 X117.814 Y112.315 F9000
;TYPE:External perimeter
;WIDTH:0.419999
G1 F1500
G1 X118.134 Y112.545 E.01236
G1 X118.691 Y113.157 E.02595
G1 X119.109 Y113.872 E.02597
G1 X119.368 Y114.658 E.02595
G1 X119.459 Y115.48 E.02593
G1 X119.377 Y116.304 E.02596
G1 X119.125 Y117.092 E.02594
G1 X118.714 Y117.811 E.02597
G1 X118.289 Y118.303 E.02038
G1 X117.84 Y118.694 E.01867
G1 X117.128 Y119.109 E.02584
G1 X116.342 Y119.368 E.02595
G1 X115.52 Y119.459 E.02593
G1 X114.696 Y119.377 E.02596
G1 X113.908 Y119.125 E.02594
G1 X113.189 Y118.714 E.02597
G1 X112.571 Y118.164 E.02594
G1 X112.081 Y117.497 E.02595
G1 X111.741 Y116.742 E.02596
G1 X111.565 Y115.933 E.02596
G1 X111.561 Y115.106 E.02593
G1 X111.737 Y114.273 E.02669
G1 X112.062 Y113.537 E.02523
G1 X112.545 Y112.866 E.02592
G1 X113.157 Y112.309 E.02595
G1 X113.872 Y111.891 E.02597
G1 X114.658 Y111.632 E.02595
G1 X115.457 Y111.542 E.02521
G1 X115.933 Y111.565 E.01494
G1 X116.705 Y111.729 E.02475
G1 X117.462 Y112.062 E.02593
G1 X117.766 Y112.28 E.01173
G1 E-3.5 F3600
;WIPE_START
G1 F7200
G1 X117.814 Y112.315 E-.02822
G1 X118.134 Y112.545 E-.18719
G1 X118.691 Y113.157 E-.39307
G1 X119.109 Y113.872 E-.3934
G1 X119.368 Y114.658 E-.3931
G1 X119.392 Y114.878 E-.10502
;WIPE_END
G1 X133.256 Y97.744 F9000
G1 E5 F2400
;TYPE:Perimeter
;WIDTH:0.439999
G1 X133.256 Y133.256 E1.17251
G1 X97.744 Y133.256 E1.17251
G1 X97.744 Y97.744 E1.17251
G1 X133.196 Y97.744 E1.17053
G1 X133.653 Y97.347 F9000
G1 F2400
G1 X133.653 Y133.653 E1.19872
G1 X97.347 Y133.653 E1.19872
G1 X97.347 Y97.347 E1.19872
G1 X133.593 Y97.347 E1.19674
G1 X134.04 Y96.96 F9000
;TYPE:External perimeter
;WIDTH:0.419999
G1 F1500
G1 X134.04 Y134.04 E1.16262
G1 X96.96 Y134.04 E1.16262
G1 X96.96 Y96.96 E1.16262
G1 X133.98 Y96.96 E1.16073
G1 E-3.5 F3600
;WIPE_START
G1 F7200
G1 X134.04 Y96.96 E-.0285
G1 X134.04 Y100.058 E-1.4715
;WIPE_END
G1 X129.361 Y98.05 F9000
G1 E5 F2400
;TYPE:Internal infill
;WIDTH:0.44
G1 F3000
G1 X131.743 Y98.05 E.07865
G1 X132.95 Y99.257 E.05636
G1 X132.95 Y98.05 E.03985
G1 X119.06 Y111.94 E.64857
G1 X119.585 Y112.53 E.02608
G1 X120.113 Y113.444 E.03485
G1 X120.44 Y114.449 E.03489
G1 X120.484 Y114.869 E.01394
G1 X132.95 Y127.335 E.58208
G1 X132.95 Y126.128 E.03985
G1 X126.128 Y132.95 E.31854
G1 X127.335 Y132.95 E.03985
G1 X114.869 Y120.484 E.58208
G1 X115.5 Y120.551 E.02095
G1 X116.131 Y120.484 E.02095
G1 X103.665 Y132.95 E.58208
G1 X104.872 Y132.95 E.03985
G1 X98.05 Y126.128 E.31854
G1 X98.05 Y127.335 E.03985
G1 X110.495 Y114.89 E.5811
G1 X110.493 Y116.108 E.04022
G1 X98.05 Y103.665 E.58101
G1 X98.05 Y104.872 E.03985
G1 X104.872 Y98.05 E.31854
G1 X103.665 Y98.05 E.03985
G1 X116.107 Y110.491 E.58094
G1 X115.349 Y110.458 E.02505
G1 X114.873 Y110.512 E.01582
G1 X127.335 Y98.05 E.58189
G1 X126.128 Y98.05 E.03985
G1 X132.95 Y104.872 E.31854
G1 X132.95 Y103.665 E.03985
G1 X120.484 Y116.131 E.58208
G1 X120.44 Y116.551 E.01394
G1 X120.113 Y117.555 E.03486
G1 X119.591 Y118.462 E.03455
G1 X119.066 Y119.066 E.02642
G1 X132.95 Y132.95 E.64829
G1 X131.743 Y132.95 E.03985
G1 X132.95 Y131.743 E.05636
G1 X132.95 Y129.361 E.07865
G1 E-3.5 F3600
;WIPE_START
G1 F7200
G1 X132.95 Y131.743 E-1.13145
G1 X132.401 Y132.292 E-.36855
;WIPE_END
G1 X124.101 Y132.95 F9000
G1 E5 F2400
G1 F3000
G1 X121.719 Y132.95 E.07865
G1 X98.05 Y109.281 E1.10519
G1 X98.05 Y110.488 E.03985
G1 X110.488 Y98.05 E.58077
G1 X109.281 Y98.05 E.03985
G1 X132.95 Y121.719 E1.10519
G1 X132.95 Y120.512 E.03985
G1 X120.512 Y132.95 E.58077
G1 X116.103 Y132.95 E.14557
G1 X98.05 Y114.897 E.84296
G1 X98.05 Y116.103 E.03982
G1 X116.103 Y98.05 E.84296
G1 X114.897 Y98.05 E.03982
G1 X132.95 Y116.103 E.84296
G1 X132.95 Y114.897 E.03982
G1 X114.897 Y132.95 E.84296
G1 X110.488 Y132.95 E.14557
G1 X98.05 Y120.512 E.58077
G1 X98.05 Y121.719 E.03985
G1 X121.719 Y98.05 E1.10519
G1 X120.512 Y98.05 E.03985
G1 X132.95 Y110.488 E.58077
G1 X132.95 Y109.281 E.03985
G1 X109.281 Y132.95 E1.10519
G1 X106.899 Y132.95 E.07865
G1 E-3.5 F3600
;WIPE_START
G1 F7200
G1 X109.281 Y132.95 E-1.13145
G1 X109.83 Y132.401 E-.36855
;WIPE_END
G1 X101.639 Y132.95 F9000
G1 E5 F2400
G1 F3000
G1 X99.257 Y132.95 E.07865
G1 X98.05 Y131.743 E.05636
G1 X98.05 Y132.95 E.03985
G1 X111.94 Y119.06 E.64857
G1 X111.666 Y118.779 E.01296
G1 X111.127 Y118.027 E.03055
G1 X110.701 Y117.052 E.03513
G1 E-3.5 F3600
;WIPE_START
G1 F7200
G1 X111.127 Y118.027 E-.5054
G1 X111.666 Y118.779 E-.43948
G1 X111.94 Y119.06 E-.18643
G1 X111.391 Y119.609 E-.36869
;WIPE_END
G1 X110.699 Y113.946 F9000
G1 E5 F2400
G1 F3000
G1 X111.127 Y112.972 E.03513
G1 X111.736 Y112.133 E.03423
G1 X111.944 Y111.944 E.00928
G1 X98.05 Y98.05 E.64876
G1 X98.05 Y99.257 E.03985
G1 X99.257 Y98.05 E.05636
G1 X101.639 Y98.05 E.07865
;LAYER_CHANGE
;Z:1.6
;HEIGHT:0.2
;BEFORE_LAYER_CHANGE
G92 E0
;2


G1 E-3.5 F3600
;WIPE_START
G1 F7200
G1 X99.257 Y98.05 E-1.13145
G1 X98.708 Y98.599 E-.36855
;WIPE_END
G1 Z1.6 F9000
;AFTER_LAYER_CHANGE
;2
G1 X112.72 Y111.673
G1 E5 F2400
;TYPE:Perimeter
;WIDTH:0.439999
G1 F1500
G1 X113.48 Y111.212 E.02935
G1 X114.415 Y110.886 E.03269
G1 X115.37 Y110.763 E.03179
G1 X116.381 Y110.843 E.03348
G1 X117.335 Y111.129 E.03288
G1 X118.203 Y111.606 E.0327
G1 X118.954 Y112.254 E.03275
G1 X119.553 Y113.043 E.03271
G1 X119.976 Y113.939 E.03271
G1 X120.202 Y114.904 E.03272
G1 X120.224 Y115.894 E.0327
G1 X120.038 Y116.868 E.03274
G1 X119.655 Y117.781 E.03269
G1 X119.09 Y118.595 E.03272
G1 X118.368 Y119.274 E.03272
G1 X117.52 Y119.788 E.03274
G1 X116.585 Y120.114 E.03269
G1 X115.602 Y120.239 E.03272
G1 X114.614 Y120.156 E.03274
G1 X113.665 Y119.871 E.03272
G1 X112.797 Y119.394 E.0327
G1 X112.046 Y118.746 E.03275
G1 X111.447 Y117.957 E.03271
G1 X111.024 Y117.061 E.03271
G1 X110.827 Y116.279 E.02663
G1 X110.759 Y115.582 E.02312
G1 X110.844 Y114.614 E.03208
G1 X111.064 Y113.838 E.02663
G1 X111.353 Y113.201 E.0231
G1 X111.91 Y112.405 E.03208
G1 X112.632 Y111.726 E.03272
G1 X112.668 Y111.704 E.00139
G1 X112.95 Y111.99 F9000
G1 F1500
G1 X113.678 Y111.556 E.02798
G1 X114.538 Y111.263 E.03
G1 X115.413 Y111.158 E.0291
G1 X116.341 Y111.238 E.03075
G1 X117.212 Y111.507 E.0301
G1 X118.005 Y111.95 E.02999
G1 X118.688 Y112.549 E.02999
G1 X119.232 Y113.276 E.02998
G1 X119.613 Y114.1 E.02997
G1 X119.814 Y114.986 E.03
G1 X119.826 Y115.894 E.02998
G1 X119.65 Y116.785 E.02999
G1 X119.292 Y117.62 E.03
G1 X118.768 Y118.362 E.02999
G1 X118.102 Y118.979 E.02998
G1 X117.322 Y119.444 E.02998
G1 X116.462 Y119.736 E.02999
G1 X115.56 Y119.844 E.02999
G1 X114.656 Y119.762 E.02997
G1 X113.788 Y119.493 E.03
G1 X112.995 Y119.05 E.02999
G1 X112.312 Y118.451 E.02999
G1 X111.768 Y117.724 E.02998
G1 X111.387 Y116.9 E.02997
G1 X111.215 Y116.19 E.02412
G1 X111.155 Y115.549 E.02126
G1 X111.238 Y114.656 E.02961
G1 X111.444 Y113.955 E.02412
G1 X111.713 Y113.37 E.02126
G1 X112.232 Y112.638 E.02963
G1 X112.898 Y112.021 E.02998
G1 X113.174 Y112.299 F9000
;TYPE:External perimeter
;WIDTH:0.419999
G1 F1500
G1 X113.872 Y111.891 E.02535
G1 X114.658 Y111.632 E.02595
G1 X115.454 Y111.542 E.02512
G1 X116.303 Y111.623 E.02674
G1 X117.092 Y111.875 E.02597
G1 X117.811 Y112.286 E.02597
G1 X118.429 Y112.836 E.02594
G1 X118.919 Y113.503 E.02595
G1 X119.259 Y114.258 E.02596
G1 X119.435 Y115.067 E.02596
G1 X119.439 Y115.894 E.02593
G1 X119.271 Y116.705 E.02597
G1 X118.938 Y117.462 E.02593
G1 X118.455 Y118.134 E.02595
G1 X117.843 Y118.691 E.02595
G1 X117.128 Y119.109 E.02597
G1 X116.343 Y119.368 E.02592
G1 X115.52 Y119.459 E.02596
G1 X114.696 Y119.377 E.02596
G1 X113.908 Y119.125 E.02594
G1 X113.189 Y118.714 E.02597
G1 X112.571 Y118.164 E.02594
G1 X112.081 Y117.497 E.02595
G1 X111.741 Y116.742 E.02596
G1 X111.592 Y116.104 E.02054
G1 X111.541 Y115.516 E.01851
G1 X111.623 Y114.696 E.02584
G1 X111.813 Y114.069 E.02054
G1 X112.063 Y113.534 E.01852
G1 X112.545 Y112.866 E.02583
G1 X113.127 Y112.336 E.02468
G1 E-3.5 F3600
;WIPE_START
G1 F7200
G1 X113.174 Y112.299 E-.02841
G1 X113.872 Y111.891 E-.38404
G1 X114.658 Y111.632 E-.3931
G1 X115.454 Y111.542 E-.38051
G1 X116.112 Y111.605 E-.31394
;WIPE_END
G1 X97.744 Y97.744 F9000
G1 E5 F2400
;TYPE:Perimeter
;WIDTH:0.439999
G1 X133.256 Y97.744 E1.17251
G1 X133.256 Y133.256 E1.17251
G1 X97.744 Y133.256 E1.17251
G1 X97.744 Y97.804 E1.17053
G1 X97.347 Y97.347 F9000
G1 F2400
G1 X133.653 Y97.347 E1.19872
G1 X133.653 Y133.653 E1.19872
G1 X97.347 Y133.653 E1.19872
G1 X97.347 Y97.407 E1.19674
G1 X96.96 Y96.96 F9000
;TYPE:External perimeter
;WIDTH:0.419999
G1 F1500
G1 X134.04 Y96.96 E1.16262
G1 X134.04 Y134.04 E1.16262
G1 X96.96 Y134.04 E1.16262
G1 X96.96 Y97.02 E1.16073
G1 E-3.5 F3600
;WIPE_START
G1 F7200
G1 X96.96 Y96.96 E-.0285
G1 X100.058 Y96.96 E-1.4715
;WIPE_END
G1 X101.639 Y98.05 F9000
G1 E5 F2400
;TYPE:Internal infill
;WIDTH:0.44
G1 F3000
G1 X99.257 Y98.05 E.07865
G1 X98.05 Y99.257 E.05636
G1 X98.05 Y98.05 E.03985
G1 X111.94 Y111.94 E.64857
G1 X112.53 Y111.415 E.02608
G1 X113.444 Y110.887 E.03485
G1 X114.448 Y110.56 E.03486
G1 X114.869 Y110.515 E.01398
G1 X127.335 Y98.05 E.58206
G1 X126.128 Y98.05 E.03985
G1 X132.95 Y104.872 E.31854
G1 X132.95 Y103.665 E.03985
G1 X120.505 Y116.11 E.5811
G1 X120.507 Y114.892 E.04022
G1 X132.95 Y127.335 E.58101
G1 X132.95 Y126.128 E.03985
G1 X126.128 Y132.95 E.31854
G1 X127.335 Y132.95 E.03985
G1 X114.869 Y120.484 E.58208
G1 X115.5 Y120.551 E.02095
G1 X116.131 Y120.484 E.02095
G1 X103.665 Y132.95 E.58208
G1 X104.872 Y132.95 E.03985
G1 X98.05 Y126.128 E.31854
G1 X98.05 Y127.335 E.03985
G1 X110.515 Y114.869 E.58206
G1 X110.45 Y115.499 E.02091
G1 X110.502 Y116.118 E.02051
G1 X98.05 Y103.665 E.58145
G1 X98.05 Y104.872 E.03985
G1 X104.872 Y98.05 E.31854
G1 X103.665 Y98.05 E.03985
G1 X116.133 Y110.518 E.58217
G1 X116.548 Y110.559 E.01377
G1 X117.556 Y110.887 E.035
G1 X118.47 Y111.415 E.03485
G1 X119.06 Y111.94 E.02608
G1 X132.95 Y98.05 E.64857
G1 X132.95 Y99.257 E.03985
G1 X131.743 Y98.05 E.05636
G1 X129.361 Y98.05 E.07865
G1 E-3.5 F3600
;WIPE_START
G1 F7200
G1 X131.743 Y98.05 E-1.13145
G1 X132.292 Y98.599 E-.36855
;WIPE_END
G1 X120.304 Y117.055 F9000
G1 E5 F2400
G1 F3000
G1 X119.873 Y118.027 E.03511
G1 X119.264 Y118.867 E.03426
G1 X119.056 Y119.056 E.00928
G1 X132.95 Y132.95 E.64876
G1 X131.743 Y132.95 E.03985
G1 X132.95 Y131.743 E.05636
G1 X132.95 Y129.361 E.07865
G1 E-3.5 F3600
;WIPE_START
G1 F7200
G1 X132.95 Y131.743 E-1.13145
G1 X132.401 Y132.292 E-.36855
;WIPE_END
G1 X124.101 Y132.95 F9000
G1 E5 F2400
G1 F3000
G1 X121.719 Y132.95 E.07865
G1 X98.05 Y109.281 E1.10519
G1 X98.05 Y110.488 E.03985
G1 X110.488 Y98.05 E.58077
G1 X109.281 Y98.05 E.03985
G1 X132.95 Y121.719 E1.10519
G1 X132.95 Y120.512 E.03985
G1 X120.512 Y132.95 E.58077
G1 X116.103 Y132.95 E.14557
G1 X98.05 Y114.897 E.84296
G1 X98.05 Y116.103 E.03982
G1 X116.103 Y98.05 E.84296
G1 X114.897 Y98.05 E.03982
G1 X132.95 Y116.103 E.84296
G1 X132.95 Y114.897 E.03982
G1 X114.897 Y132.95 E.84296
G1 X110.488 Y132.95 E.14557
G1 X98.05 Y120.512 E.58077
G1 X98.05 Y121.719 E.03985
G1 X121.719 Y98.05 E1.10519
G1 X120.512 Y98.05 E.03985
G1 X132.95 Y110.488 E.58077
G1 X132.95 Y109.281 E.03985
G1 X109.281 Y132.95 E1.10519
G1 X106.899 Y132.95 E.07865
G1 E-3.5 F3600
;WIPE_START
G1 F7200
G1 X109.281 Y132.95 E-1.13145
G1 X109.83 Y132.401 E-.36855
;WIPE_END
G1 X101.639 Y132.95 F9000
G1 E5 F2400
G1 F3000
G1 X99.257 Y132.95 E.07865
G1 X98.05 Y131.743 E.05636
G1 X98.05 Y132.95 E.03985
G1 X111.94 Y119.06 E.64857
G1 X111.666 Y118.779 E.01296
G1 X111.127 Y118.027 E.03055
G1 X110.701 Y117.053 E.0351
;LAYER_CHANGE
;Z:1.8
;HEIGHT:0.2
;BEFORE_LAYER_CHANGE
G92 E0
;2.2


G1 E-3.5 F3600
;WIPE_START
G1 F7200
G1 X111.127 Y118.027 E-.50497
G1 X111.666 Y118.779 E-.43948
G1 X111.94 Y119.06 E-.18643
G1 X111.391 Y119.609 E-.36912
;WIPE_END
G1 Z1.8 F9000
;AFTER_LAYER_CHANGE
;2.2
G1 X111 Y116.962
G1 E5 F2400
;TYPE:Perimeter
;WIDTH:0.439999
G1 F1500
G1 X110.827 Y116.275 E.02339
G1 X110.759 Y115.581 E.02302
G1 X110.783 Y115.018 E.01861
G1 X110.962 Y114.13 E.02991
G1 X111.345 Y113.219 E.03263
G1 X111.91 Y112.405 E.03272
G1 X112.632 Y111.726 E.03272
G1 X113.48 Y111.212 E.03274
G1 X114.415 Y110.886 E.03269
G1 X115.367 Y110.763 E.03169
G1 X116.38 Y110.843 E.03355
G1 X117.335 Y111.129 E.03292
G1 X118.203 Y111.606 E.0327
G1 X118.954 Y112.254 E.03275
G1 X119.553 Y113.043 E.03271
G1 X119.976 Y113.939 E.03271
G1 X120.202 Y114.904 E.03272
G1 X120.224 Y115.894 E.0327
G1 X120.038 Y116.868 E.03274
G1 X119.655 Y117.781 E.03269
G1 X119.041 Y118.646 E.03502
G1 X118.365 Y119.277 E.03053
G1 X117.52 Y119.788 E.0326
G1 X116.585 Y120.114 E.03269
G1 X115.602 Y120.239 E.03272
G1 X114.614 Y120.156 E.03274
G1 X113.665 Y119.871 E.03272
G1 X112.797 Y119.394 E.0327
G1 X112.046 Y118.746 E.03275
G1 X111.447 Y117.957 E.03271
G1 X111.024 Y117.061 E.03271
G1 X111.014 Y117.02 E.00139
G1 X111.373 Y116.841 F9000
G1 F1500
G1 X111.214 Y116.187 E.02222
G1 X111.155 Y115.548 E.02119
G1 X111.179 Y115.042 E.01673
G1 X111.35 Y114.214 E.02792
G1 X111.708 Y113.38 E.02997
G1 X112.232 Y112.638 E.02999
G1 X112.898 Y112.021 E.02998
G1 X113.678 Y111.556 E.02998
G1 X114.538 Y111.263 E.03
G1 X115.409 Y111.158 E.02897
G1 X116.341 Y111.238 E.03089
G1 X117.212 Y111.507 E.0301
G1 X118.005 Y111.95 E.02999
G1 X118.688 Y112.549 E.02999
G1 X119.232 Y113.276 E.02998
G1 X119.613 Y114.1 E.02997
G1 X119.814 Y114.986 E.03
G1 X119.826 Y115.894 E.02998
G1 X119.65 Y116.785 E.02999
G1 X119.292 Y117.62 E.03
G1 X118.723 Y118.409 E.03212
G1 X118.1 Y118.981 E.02792
G1 X117.322 Y119.444 E.02989
G1 X116.462 Y119.737 E.03
G1 X115.56 Y119.844 E.02999
G1 X114.656 Y119.762 E.02997
G1 X113.788 Y119.493 E.03
G1 X112.995 Y119.05 E.02999
G1 X112.312 Y118.451 E.02999
G1 X111.768 Y117.724 E.02998
G1 X111.387 Y116.9 E.02997
G1 X111.736 Y116.723 F9000
;TYPE:External perimeter
;WIDTH:0.419999
G1 F1500
G1 X111.591 Y116.101 E.02003
G1 X111.541 Y115.516 E.01841
G1 X111.569 Y115.037 E.01504
G1 X111.729 Y114.295 E.0238
G1 X112.062 Y113.538 E.02593
G1 X112.545 Y112.866 E.02595
G1 X113.157 Y112.309 E.02595
G1 X113.872 Y111.891 E.02597
G1 X114.658 Y111.632 E.02595
G1 X115.45 Y111.543 E.02499
G1 X116.303 Y111.623 E.02686
G1 X117.092 Y111.875 E.02597
G1 X117.811 Y112.286 E.02597
G1 X118.429 Y112.836 E.02594
G1 X118.919 Y113.503 E.02595
G1 X119.259 Y114.258 E.02596
G1 X119.435 Y115.067 E.02596
G1 X119.439 Y115.894 E.02593
G1 X119.271 Y116.705 E.02597
G1 X118.938 Y117.462 E.02593
G1 X118.412 Y118.178 E.02786
G1 X117.842 Y118.692 E.02407
G1 X117.128 Y119.109 E.02593
G1 X116.342 Y119.368 E.02595
G1 X115.52 Y119.459 E.02593
G1 X114.696 Y119.377 E.02596
G1 X113.908 Y119.125 E.02594
G1 X113.189 Y118.714 E.02597
G1 X112.571 Y118.164 E.02594
G1 X112.081 Y117.497 E.02595
G1 X111.757 Y116.779 E.0247
G1 E-3.5 F3600
;WIPE_START
G1 F7200
G1 X111.736 Y116.723 E-.02841
G1 X111.591 Y116.101 E-.30337
G1 X111.541 Y115.516 E-.27889
G1 X111.569 Y115.037 E-.22791
G1 X111.729 Y114.295 E-.36055
G1 X111.984 Y113.715 E-.30087
;WIPE_END
G1 X97.744 Y133.256 F9000
G1 E5 F2400
;TYPE:Perimeter
;WIDTH:0.439999
G1 X97.744 Y97.744 E1.17251
G1 X133.256 Y97.744 E1.17251
G1 X133.256 Y133.256 E1.17251
G1 X97.804 Y133.256 E1.17053
G1 X97.347 Y133.653 F9000
G1 F2400
G1 X97.347 Y97.347 E1.19872
G1 X133.653 Y97.347 E1.19872
G1 X133.653 Y133.653 E1.19872
G1 X97.407 Y133.653 E1.19674
G1 X96.96 Y134.04 F9000
;TYPE:External perimeter
;WIDTH:0.419999
G1 F1500
G1 X96.96 Y96.96 E1.16262
G1 X134.04 Y96.96 E1.16262
G1 X134.04 Y134.04 E1.16262
G1 X97.02 Y134.04 E1.16073
G1 E-3.5 F3600
;WIPE_START
G1 F7200
G1 X96.96 Y134.04 E-.0285
G1 X96.96 Y130.942 E-1.4715
;WIPE_END
G1 X101.639 Y132.95 F9000
G1 E5 F2400
;TYPE:Internal infill
;WIDTH:0.44
G1 F3000
G1 X99.257 Y132.95 E.07865
G1 X98.05 Y131.743 E.05636
G1 X98.05 Y132.95 E.03985
G1 X111.94 Y119.06 E.64857
G1 X111.666 Y118.779 E.01296
G1 X111.127 Y118.027 E.03055
G1 X110.701 Y117.053 E.0351
G1 E-3.5 F3600
;WIPE_START
G1 F7200
G1 X111.127 Y118.027 E-.50497
G1 X111.666 Y118.779 E-.43948
G1 X111.94 Y119.06 E-.18643
G1 X111.391 Y119.609 E-.36912
;WIPE_END
G1 X120.305 Y117.054 F9000
G1 E5 F2400
G1 F3000
G1 X119.869 Y118.033 E.03538
G1 X119.057 Y119.057 E.04315
G1 X132.95 Y132.95 E.64871
G1 X131.743 Y132.95 E.03985
G1 X132.95 Y131.743 E.05636
G1 X132.95 Y129.361 E.07865
G1 E-3.5 F3600
;WIPE_START
G1 F7200
G1 X132.95 Y131.743 E-1.13145
G1 X132.401 Y132.292 E-.36855
;WIPE_END
G1 X124.101 Y132.95 F9000
G1 E5 F2400
G1 F3000
G1 X121.719 Y132.95 E.07865
G1 X98.05 Y109.281 E1.10519
G1 X98.05 Y110.488 E.03985
G1 X110.488 Y98.05 E.58077
G1 X109.281 Y98.05 E.03985
G1 X132.95 Y121.719 E1.10519
G1 X132.95 Y120.512 E.03985
G1 X120.512 Y132.95 E.58077
G1 X116.103 Y132.95 E.14557
G1 X98.05 Y114.897 E.84296
G1 X98.05 Y116.103 E.03982
G1 X116.103 Y98.05 E.84296
G1 X114.897 Y98.05 E.03982
G1 X132.95 Y116.103 E.84296
G1 X132.95 Y114.897 E.03982
G1 X114.897 Y132.95 E.84296
G1 X110.488 Y132.95 E.14557
G1 X98.05 Y120.512 E.58077
G1 X98.05 Y121.719 E.03985
G1 X121.719 Y98.05 E1.10519
G1 X120.512 Y98.05 E.03985
G1 X132.95 Y110.488 E.58077
G1 X132.95 Y109.281 E.03985
G1 X109.281 Y132.95 E1.10519
G1 X106.899 Y132.95 E.07865
G1 E-3.5 F3600
;WIPE_START
G1 F7200
G1 X109.281 Y132.95 E-1.13145
G1 X109.83 Y132.401 E-.36855
;WIPE_END
G1 X101.639 Y98.05 F9000
G1 E5 F2400
G1 F3000
G1 X99.257 Y98.05 E.07865
G1 X98.05 Y99.257 E.05636
G1 X98.05 Y98.05 E.03985
G1 X111.94 Y111.94 E.64857
G1 X112.53 Y111.415 E.02608
G1 X113.444 Y110.887 E.03485
G1 X114.448 Y110.56 E.03486
G1 X114.869 Y110.515 E.01398
G1 X127.335 Y98.05 E.58206
G1 X126.128 Y98.05 E.03985
G1 X132.95 Y104.872 E.31854
G1 X132.95 Y103.665 E.03985
G1 X120.505 Y116.11 E.5811
G1 X120.511 Y114.896 E.04008
G1 X132.95 Y127.335 E.58082
G1 X132.95 Y126.128 E.03985
G1 X126.128 Y132.95 E.31854
G1 X127.335 Y132.95 E.03985
G1 X114.869 Y120.484 E.58208
G1 X115.5 Y120.551 E.02095
G1 X116.131 Y120.484 E.02095
G1 X103.665 Y132.95 E.58208
G1 X104.872 Y132.95 E.03985
G1 X98.05 Y126.128 E.31854
G1 X98.05 Y127.335 E.03985
G1 X110.497 Y114.888 E.58119
G1 X110.45 Y115.501 E.0203
G1 X110.502 Y116.117 E.02041
G1 X98.05 Y103.665 E.58143
G1 X98.05 Y104.872 E.03985
G1 X104.872 Y98.05 E.31854
G1 X103.665 Y98.05 E.03985
G1 X116.133 Y110.518 E.58217
G1 X116.547 Y110.559 E.01374
G1 X117.556 Y110.887 E.03503
G1 X118.47 Y111.415 E.03485
G1 X119.06 Y111.94 E.02608
G1 X132.95 Y98.05 E.64857
G1 X132.95 Y99.257 E.03985
G1 X131.743 Y98.05 E.05636
G1 X129.361 Y98.05 E.07865
;LAYER_CHANGE
;Z:2
;HEIGHT:0.2
;BEFORE_LAYER_CHANGE
G92 E0
;2.6


G1 E-3.5 F3600
;WIPE_START
G1 F7200
G1 X99.257 Y132.95 E-1.13145
G1 X98.708 Y132.401 E-.36855
;WIPE_END
G1 Z2 F9000
;AFTER_LAYER_CHANGE
;2.6
G1 X112.729 Y119.315
G1 E5 F2400
;TYPE:Perimeter
;WIDTH:0.439999
G1 F1500
G1 X112.405 Y119.09 E.01302
G1 X111.726 Y118.368 E.03272
G1 X111.212 Y117.52 E.03274
G1 X110.886 Y116.585 E.03269
G1 X110.761 Y115.602 E.03272
G1 X110.844 Y114.614 E.03274
G1 X111.001 Y114.007 E.0207
G1 X111.347 Y113.214 E.02857
G1 X111.91 Y112.405 E.03254
G1 X112.632 Y111.726 E.03272
G1 X113.48 Y111.212 E.03274
G1 X114.415 Y110.886 E.03269
G1 X115.363 Y110.763 E.03156
G1 X116.38 Y110.843 E.03368
G1 X117.335 Y111.129 E.03292
G1 X118.203 Y111.606 E.0327
G1 X118.954 Y112.254 E.03275
G1 X119.553 Y113.043 E.03271
G1 X119.976 Y113.939 E.03271
G1 X120.202 Y114.904 E.03272
G1 X120.224 Y115.894 E.0327
G1 X120.038 Y116.868 E.03274
G1 X119.655 Y117.781 E.03269
G1 X119.09 Y118.595 E.03272
G1 X118.368 Y119.274 E.03272
G1 X117.52 Y119.788 E.03274
G1 X116.585 Y120.114 E.03269
G1 X115.602 Y120.239 E.03272
G1 X115.055 Y120.222 E.01807
G1 X114.132 Y120.038 E.03107
G1 X113.219 Y119.655 E.03269
G1 X112.778 Y119.349 E.01772
G1 X112.96 Y118.996 F9000
G1 F1500
G1 X112.638 Y118.768 E.01303
G1 X112.021 Y118.102 E.02998
G1 X111.556 Y117.322 E.02998
G1 X111.263 Y116.462 E.03
G1 X111.156 Y115.56 E.02999
G1 X111.238 Y114.656 E.02997
G1 X111.383 Y114.115 E.01849
G1 X111.709 Y113.378 E.02661
G1 X112.232 Y112.638 E.02992
G1 X112.898 Y112.021 E.02998
G1 X113.678 Y111.556 E.02998
G1 X114.538 Y111.263 E.03
G1 X115.405 Y111.158 E.02884
G1 X116.341 Y111.238 E.03102
G1 X117.212 Y111.507 E.0301
G1 X118.005 Y111.95 E.02999
G1 X118.688 Y112.549 E.02999
G1 X119.232 Y113.276 E.02998
G1 X119.613 Y114.1 E.02997
G1 X119.814 Y114.986 E.03
G1 X119.826 Y115.894 E.02998
G1 X119.65 Y116.785 E.02999
G1 X119.292 Y117.62 E.03
G1 X118.768 Y118.362 E.02999
G1 X118.102 Y118.979 E.02998
G1 X117.322 Y119.444 E.02998
G1 X116.462 Y119.737 E.03
G1 X115.56 Y119.844 E.02999
G1 X114.986 Y119.814 E.01898
G1 X114.215 Y119.65 E.02603
G1 X113.38 Y119.292 E.03
G1 X113.009 Y119.03 E.015
G1 X113.186 Y118.685 F9000
;TYPE:External perimeter
;WIDTH:0.419999
G1 F1500
G1 X112.866 Y118.455 E.01236
G1 X112.309 Y117.843 E.02595
G1 X111.891 Y117.128 E.02597
G1 X111.632 Y116.342 E.02595
G1 X111.541 Y115.52 E.02593
G1 X111.623 Y114.696 E.02596
G1 X111.765 Y114.195 E.01633
G1 X112.062 Y113.537 E.02264
G1 X112.545 Y112.866 E.02592
G1 X113.157 Y112.309 E.02595
G1 X113.872 Y111.891 E.02597
G1 X114.658 Y111.632 E.02595
G1 X115.447 Y111.543 E.0249
G1 X116.303 Y111.623 E.02696
G1 X117.092 Y111.875 E.02597
G1 X117.811 Y112.286 E.02597
G1 X118.429 Y112.836 E.02594
G1 X118.919 Y113.503 E.02595
G1 X119.259 Y114.258 E.02596
G1 X119.435 Y115.067 E.02596
G1 X119.439 Y115.894 E.02593
G1 X119.271 Y116.705 E.02597
G1 X118.938 Y117.462 E.02593
G1 X118.455 Y118.134 E.02595
G1 X117.843 Y118.691 E.02595
G1 X117.128 Y119.109 E.02597
G1 X116.342 Y119.368 E.02595
G1 X115.52 Y119.459 E.02593
G1 X115.067 Y119.435 E.01422
G1 X114.295 Y119.271 E.02475
G1 X113.538 Y118.938 E.02593
G1 X113.234 Y118.72 E.01173
G1 E-3.5 F3600
;WIPE_START
G1 F7200
G1 X113.186 Y118.685 E-.02822
G1 X112.866 Y118.455 E-.18719
G1 X112.309 Y117.843 E-.39307
G1 X111.891 Y117.128 E-.3934
G1 X111.632 Y116.342 E-.3931
G1 X111.608 Y116.122 E-.10502
;WIPE_END
G1 X97.744 Y133.256 F9000
G1 E5 F2400
;TYPE:Perimeter
;WIDTH:0.439999
G1 X97.744 Y97.744 E1.17251
G1 X133.256 Y97.744 E1.17251
G1 X133.256 Y133.256 E1.17251
G1 X97.804 Y133.256 E1.17053
G1 X97.347 Y133.653 F9000
G1 F2400
G1 X97.347 Y97.347 E1.19872
G1 X133.653 Y97.347 E1.19872
G1 X133.653 Y133.653 E1.19872
G1 X97.407 Y133.653 E1.19674
G1 X96.96 Y134.04 F9000
;TYPE:External perimeter
;WIDTH:0.419999
G1 F1500
G1 X96.96 Y96.96 E1.16262
G1 X134.04 Y96.96 E1.16262
G1 X134.04 Y134.04 E1.16262
G1 X97.02 Y134.04 E1.16073
G1 E-3.5 F3600
;WIPE_START
G1 F7200
G1 X96.96 Y134.04 E-.0285
G1 X96.96 Y130.942 E-1.4715
;WIPE_END
G1 X101.639 Y132.95 F9000
G1 E5 F2400
;TYPE:Internal infill
;WIDTH:0.44
G1 F3000
G1 X99.257 Y132.95 E.07865
G1 X98.05 Y131.743 E.05636
G1 X98.05 Y132.95 E.03985
G1 X111.94 Y119.06 E.64857
G1 X112.221 Y119.334 E.01296
G1 X112.973 Y119.873 E.03055
G1 X113.947 Y120.299 E.0351
G1 E-3.5 F3600
;WIPE_START
G1 F7200
G1 X112.973 Y119.873 E-.50497
G1 X112.221 Y119.334 E-.43948
G1 X111.94 Y119.06 E-.18643
G1 X111.391 Y119.609 E-.36912
;WIPE_END
G1 X120.304 Y117.055 F9000
G1 E5 F2400
G1 F3000
G1 X119.873 Y118.027 E.03511
G1 X119.264 Y118.867 E.03426
G1 X119.056 Y119.056 E.00928
G1 X132.95 Y132.95 E.64876
G1 X132.95 Y131.743 E.03985
G1 X131.743 Y132.95 E.05636
G1 X129.361 Y132.95 E.07865
G1 E-3.5 F3600
;WIPE_START
G1 F7200
G1 X131.743 Y132.95 E-1.13145
G1 X132.292 Y132.401 E-.36855
;WIPE_END
G1 X124.101 Y132.95 F9000
G1 E5 F2400
G1 F3000
G1 X121.719 Y132.95 E.07865
G1 X98.05 Y109.281 E1.10519
G1 X98.05 Y110.488 E.03985
G1 X110.488 Y98.05 E.58077
G1 X109.281 Y98.05 E.03985
G1 X132.95 Y121.719 E1.10519
G1 X132.95 Y120.512 E.03985
G1 X120.512 Y132.95 E.58077
G1 X116.103 Y132.95 E.14557
G1 X98.05 Y114.897 E.84296
G1 X98.05 Y116.103 E.03982
G1 X116.103 Y98.05 E.84296
G1 X114.897 Y98.05 E.03982
G1 X132.95 Y116.103 E.84296
G1 X132.95 Y114.897 E.03982
G1 X114.897 Y132.95 E.84296
G1 X110.488 Y132.95 E.14557
G1 X98.05 Y120.512 E.58077
G1 X98.05 Y121.719 E.03985
G1 X121.719 Y98.05 E1.10519
G1 X120.512 Y98.05 E.03985
G1 X132.95 Y110.488 E.58077
G1 X132.95 Y109.281 E.03985
G1 X109.281 Y132.95 E1.10519
G1 X106.899 Y132.95 E.07865
G1 E-3.5 F3600
;WIPE_START
G1 F7200
G1 X109.281 Y132.95 E-1.13145
G1 X109.83 Y132.401 E-.36855
;WIPE_END
G1 X101.639 Y98.05 F9000
G1 E5 F2400
G1 F3000
G1 X99.257 Y98.05 E.07865
G1 X98.05 Y99.257 E.05636
G1 X98.05 Y98.05 E.03985
G1 X111.94 Y111.94 E.64857
G1 X112.53 Y111.415 E.02608
G1 X113.444 Y110.887 E.03485
G1 X114.448 Y110.56 E.03486
G1 X114.87 Y110.515 E.01401
G1 X127.335 Y98.05 E.58203
G1 X126.128 Y98.05 E.03985
G1 X132.95 Y104.872 E.31854
G1 X132.95 Y103.665 E.03985
G1 X120.505 Y116.11 E.5811
G1 X120.507 Y114.892 E.04022
G1 X132.95 Y127.335 E.58101
G1 X132.95 Y126.128 E.03985
G1 X126.128 Y132.95 E.31854
G1 X127.335 Y132.95 E.03985
G1 X114.89 Y120.506 E.58108
G1 X115.502 Y120.55 E.02026
G1 X116.131 Y120.484 E.02088
G1 X103.665 Y132.95 E.58208
G1 X104.872 Y132.95 E.03985
G1 X98.05 Y126.128 E.31854
G1 X98.05 Y127.335 E.03985
G1 X110.514 Y114.87 E.58201
G1 X110.449 Y115.5 E.02091
G1 X110.516 Y116.131 E.02095
G1 X98.05 Y103.665 E.58208
G1 X98.05 Y104.872 E.03985
G1 X104.872 Y98.05 E.31854
G1 X103.665 Y98.05 E.03985
G1 X116.134 Y110.518 E.5822
G1 X116.547 Y110.559 E.0137
G1 X117.556 Y110.887 E.03503
G1 X118.47 Y111.415 E.03485
G1 X119.06 Y111.94 E.02608
G1 X132.95 Y98.05 E.64857
G1 X132.95 Y99.257 E.03985
G1 X131.743 Y98.05 E.05636
G1 X129.361 Y98.05 E.07865
;LAYER_CHANGE
;Z:2.2
;HEIGHT:0.2
;BEFORE_LAYER_CHANGE
G92 E0
;3


G1 E-3.5 F3600
;WIPE_START
G1 F7200
G1 X119.873 Y118.027 E-.50505
G1 X119.264 Y118.867 E-.49283
G1 X119.056 Y119.056 E-.1335
G1 X119.605 Y119.605 E-.36862
;WIPE_END
G1 Z2.2 F9000
;AFTER_LAYER_CHANGE
;3
G1 X119.984 Y116.957
G1 E5 F2400
;TYPE:Perimeter
;WIDTH:0.439999
G1 F1500
G1 X119.871 Y117.335 E.01303
G1 X119.394 Y118.203 E.0327
G1 X118.746 Y118.954 E.03275
G1 X117.957 Y119.553 E.03271
G1 X117.061 Y119.976 E.03271
G1 X116.096 Y120.202 E.03272
G1 X115.106 Y120.224 E.0327
G1 X114.132 Y120.038 E.03274
G1 X113.219 Y119.655 E.03269
G1 X112.405 Y119.09 E.03272
G1 X111.726 Y118.368 E.03272
G1 X111.212 Y117.52 E.03274
G1 X110.886 Y116.585 E.03269
G1 X110.761 Y115.602 E.03272
G1 X110.817 Y114.785 E.02704
G1 X110.966 Y114.112 E.02276
G1 X111.345 Y113.219 E.03203
G1 X111.91 Y112.405 E.03272
G1 X112.632 Y111.726 E.03272
G1 X113.48 Y111.212 E.03274
G1 X114.415 Y110.886 E.03269
G1 X115.32 Y110.766 E.03014
G1 X115.929 Y110.777 E.02011
G1 X116.868 Y110.962 E.0316
G1 X117.781 Y111.345 E.03269
G1 X118.595 Y111.91 E.03272
G1 X119.274 Y112.632 E.03272
G1 X119.788 Y113.48 E.03274
G1 X120.114 Y114.415 E.03269
G1 X120.239 Y115.398 E.03272
G1 X120.156 Y116.386 E.03274
G1 X120.002 Y116.9 E.01772
G1 X119.61 Y116.835 F9000
G1 F1500
G1 X119.493 Y117.212 E.01303
G1 X119.05 Y118.005 E.02999
G1 X118.451 Y118.688 E.02999
G1 X117.724 Y119.232 E.02998
G1 X116.9 Y119.613 E.02997
G1 X116.014 Y119.814 E.03
G1 X115.106 Y119.826 E.02998
G1 X114.215 Y119.65 E.02999
G1 X113.38 Y119.292 E.03
G1 X112.638 Y118.768 E.02999
G1 X112.021 Y118.102 E.02998
G1 X111.556 Y117.322 E.02998
G1 X111.263 Y116.462 E.03
G1 X111.156 Y115.56 E.02999
G1 X111.213 Y114.821 E.02447
G1 X111.353 Y114.203 E.02092
G1 X111.708 Y113.38 E.02959
G1 X112.232 Y112.638 E.02999
G1 X112.898 Y112.021 E.02998
G1 X113.678 Y111.556 E.02998
G1 X114.538 Y111.263 E.03
G1 X115.363 Y111.16 E.02745
G1 X115.915 Y111.174 E.01823
G1 X116.785 Y111.35 E.02931
G1 X117.62 Y111.708 E.03
G1 X118.362 Y112.232 E.02999
G1 X118.979 Y112.898 E.02998
G1 X119.444 Y113.678 E.02998
G1 X119.737 Y114.538 E.03
G1 X119.844 Y115.44 E.02999
G1 X119.762 Y116.344 E.02997
G1 X119.627 Y116.778 E.01501
G1 X119.245 Y116.717 F9000
;TYPE:External perimeter
;WIDTH:0.419999
G1 F1500
G1 X119.125 Y117.092 E.01235
G1 X118.714 Y117.811 E.02597
G1 X118.164 Y118.429 E.02594
G1 X117.497 Y118.919 E.02595
G1 X116.742 Y119.259 E.02596
G1 X115.933 Y119.435 E.02596
G1 X115.106 Y119.439 E.02593
G1 X114.295 Y119.271 E.02597
G1 X113.538 Y118.938 E.02593
G1 X112.866 Y118.455 E.02595
G1 X112.309 Y117.843 E.02595
G1 X111.891 Y117.128 E.02597
G1 X111.632 Y116.342 E.02595
G1 X111.541 Y115.52 E.02593
G1 X111.598 Y114.857 E.02086
G1 X111.729 Y114.292 E.01819
G1 X112.062 Y113.538 E.02584
G1 X112.545 Y112.866 E.02595
G1 X113.157 Y112.309 E.02595
G1 X113.872 Y111.891 E.02597
G1 X114.658 Y111.632 E.02595
G1 X115.406 Y111.545 E.02361
G1 X115.917 Y111.562 E.01603
G1 X116.705 Y111.729 E.02526
G1 X117.462 Y112.062 E.02593
G1 X118.134 Y112.545 E.02595
G1 X118.691 Y113.157 E.02595
G1 X119.109 Y113.872 E.02597
G1 X119.368 Y114.658 E.02595
G1 X119.459 Y115.48 E.02593
G1 X119.377 Y116.304 E.02596
G1 X119.263 Y116.66 E.01172
G1 E-3.5 F3600
;WIPE_START
G1 F7200
G1 X119.245 Y116.717 E-.02839
G1 X119.125 Y117.092 E-.18702
G1 X118.714 Y117.811 E-.39339
G1 X118.164 Y118.429 E-.39297
G1 X117.497 Y118.919 E-.39313
G1 X117.295 Y119.01 E-.1051
;WIPE_END
G1 X133.256 Y133.256 F9000
G1 E5 F2400
;TYPE:Perimeter
;WIDTH:0.439999
G1 X97.744 Y133.256 E1.17251
G1 X97.744 Y97.744 E1.17251
G1 X133.256 Y97.744 E1.17251
G1 X133.256 Y133.196 E1.17053
G1 X133.653 Y133.653 F9000
G1 F2400
G1 X97.347 Y133.653 E1.19872
G1 X97.347 Y97.347 E1.19872
G1 X133.653 Y97.347 E1.19872
G1 X133.653 Y133.593 E1.19674
G1 X134.04 Y134.04 F9000
;TYPE:External perimeter
;WIDTH:0.419999
G1 F1500
G1 X96.96 Y134.04 E1.16262
G1 X96.96 Y96.96 E1.16262
G1 X134.04 Y96.96 E1.16262
G1 X134.04 Y133.98 E1.16073
G1 E-3.5 F3600
;WIPE_START
G1 F7200
G1 X134.04 Y134.04 E-.0285
G1 X130.942 Y134.04 E-1.4715
;WIPE_END
G1 X129.361 Y132.95 F9000
G1 E5 F2400
;TYPE:Internal infill
;WIDTH:0.44
G1 F3000
G1 X131.743 Y132.95 E.07865
G1 X132.95 Y131.743 E.05636
G1 X132.95 Y132.95 E.03985
G1 X119.057 Y119.057 E.64871
G1 X119.656 Y118.361 E.03032
G1 X120.055 Y117.668 E.0264
G1 X120.448 Y116.508 E.04044
G1 X120.49 Y116.126 E.01269
G1 X132.95 Y103.665 E.58182
G1 X132.95 Y104.872 E.03985
G1 X126.128 Y98.05 E.31854
G1 X127.335 Y98.05 E.03985
G1 X114.874 Y110.51 E.58182
G1 X115.293 Y110.461 E.01393
G1 X116.108 Y110.492 E.02693
G1 X103.665 Y98.05 E.58098
G1 X104.872 Y98.05 E.03985
G1 X98.05 Y104.872 E.31854
G1 X98.05 Y103.665 E.03985
G1 X110.513 Y116.128 E.58194
G1 X110.457 Y115.629 E.01658
G1 X110.501 Y114.883 E.02467
G1 X98.05 Y127.335 E.5814
G1 X98.05 Y126.128 E.03985
G1 X104.872 Y132.95 E.31854
G1 X103.665 Y132.95 E.03985
G1 X116.11 Y120.505 E.5811
G1 X114.89 Y120.505 E.04028
G1 X127.335 Y132.95 E.5811
G1 X126.128 Y132.95 E.03985
G1 X132.95 Y126.128 E.31854
G1 X132.95 Y127.335 E.03985
G1 X120.487 Y114.872 E.58194
G1 X120.44 Y114.449 E.01405
G1 X120.113 Y113.444 E.03489
G1 X119.585 Y112.53 E.03485
G1 X119.056 Y111.944 E.02607
G1 X132.95 Y98.05 E.64876
G1 X132.95 Y99.257 E.03985
G1 X131.743 Y98.05 E.05636
G1 X129.361 Y98.05 E.07865
G1 E-3.5 F3600
;WIPE_START
G1 F7200
G1 X131.743 Y98.05 E-1.13145
G1 X132.292 Y98.599 E-.36855
;WIPE_END
G1 X101.639 Y98.05 F9000
G1 E5 F2400
G1 F3000
G1 X99.257 Y98.05 E.07865
G1 X98.05 Y99.257 E.05636
G1 X98.05 Y98.05 E.03985
G1 X111.944 Y111.944 E.64876
G1 X111.736 Y112.133 E.00928
G1 X111.127 Y112.973 E.03426
G1 X110.697 Y113.946 E.03512
G1 E-3.5 F3600
;WIPE_START
G1 F7200
G1 X111.127 Y112.973 E-.5053
G1 X111.736 Y112.133 E-.49283
G1 X111.944 Y111.944 E-.1335
G1 X111.396 Y111.396 E-.36837
;WIPE_END
G1 X113.945 Y120.304 F9000
G1 E5 F2400
G1 F3000
G1 X112.973 Y119.873 E.03511
G1 X112.133 Y119.264 E.03426
G1 X111.944 Y119.056 E.00928
G1 X98.05 Y132.95 E.64876
G1 X98.05 Y131.743 E.03985
G1 X99.257 Y132.95 E.05636
G1 X101.639 Y132.95 E.07865
G1 E-3.5 F3600
;WIPE_START
G1 F7200
G1 X99.257 Y132.95 E-1.13145
G1 X98.708 Y132.401 E-.36855
;WIPE_END
G1 X106.899 Y132.95 F9000
G1 E5 F2400
G1 F3000
G1 X109.281 Y132.95 E.07865
G1 X132.95 Y109.281 E1.10519
G1 X132.95 Y110.488 E.03985
G1 X120.512 Y98.05 E.58077
G1 X121.719 Y98.05 E.03985
G1 X98.05 Y121.719 E1.10519
G1 X98.05 Y120.512 E.03985
G1 X110.488 Y132.95 E.58077
G1 X114.897 Y132.95 E.14557
G1 X132.95 Y114.897 E.84296
G1 X132.95 Y116.103 E.03982
G1 X114.897 Y98.05 E.84296
G1 X116.103 Y98.05 E.03982
G1 X98.05 Y116.103 E.84296
G1 X98.05 Y114.897 E.03982
G1 X116.103 Y132.95 E.84296
G1 X120.512 Y132.95 E.14557
G1 X132.95 Y120.512 E.58077
G1 X132.95 Y121.719 E.03985
G1 X109.281 Y98.05 E1.10519
G1 X109.871 Y98.05 E.01948
G1 X110.488 Y98.05 E.02037
G1 X98.05 Y110.488 E.58077
G1 X98.05 Y109.281 E.03985
G1 X121.719 Y132.95 E1.10519
G1 X124.101 Y132.95 E.07865
;LAYER_CHANGE
;Z:2.4
;HEIGHT:0.2
;BEFORE_LAYER_CHANGE
G92 E0
;3.2


G1 E-3.5 F3600
;WIPE_START
G1 F7200
G1 X121.719 Y132.95 E-1.13145
G1 X121.17 Y132.401 E-.36855
;WIPE_END
G1 Z2.4 F9000
;AFTER_LAYER_CHANGE
;3.2
G1 X117.418 Y119.807
G1 E5 F2400
;TYPE:Perimeter
;WIDTH:0.439999
G1 F1500
G1 X117.061 Y119.976 E.01304
G1 X116.096 Y120.202 E.03272
G1 X115.106 Y120.224 E.0327
G1 X114.132 Y120.038 E.03274
G1 X113.219 Y119.655 E.03269
G1 X112.405 Y119.09 E.03272
G1 X111.726 Y118.368 E.03272
G1 X111.212 Y117.52 E.03274
G1 X110.886 Y116.585 E.03269
G1 X110.761 Y115.602 E.03272
G1 X110.844 Y114.614 E.03274
G1 X111.007 Y113.991 E.02126
G1 X111.348 Y113.213 E.02805
G1 X111.91 Y112.405 E.0325
G1 X112.632 Y111.726 E.03272
G1 X113.48 Y111.212 E.03274
G1 X114.415 Y110.886 E.03269
G1 X115.312 Y110.766 E.02988
G1 X115.928 Y110.777 E.02034
G1 X116.868 Y110.962 E.03163
G1 X117.781 Y111.345 E.03269
G1 X118.595 Y111.91 E.03272
G1 X119.274 Y112.632 E.03272
G1 X119.788 Y113.48 E.03274
G1 X120.114 Y114.415 E.03269
G1 X120.239 Y115.398 E.03272
G1 X120.156 Y116.386 E.03274
G1 X119.871 Y117.335 E.03272
G1 X119.393 Y118.203 E.03272
G1 X118.746 Y118.954 E.03273
G1 X117.957 Y119.553 E.03271
G1 X117.472 Y119.782 E.01771
G1 X117.258 Y119.447 F9000
G1 F1500
G1 X116.9 Y119.613 E.01303
G1 X116.014 Y119.814 E.03
G1 X115.106 Y119.826 E.02998
G1 X114.215 Y119.65 E.02999
G1 X113.38 Y119.292 E.03
G1 X112.638 Y118.768 E.02999
G1 X112.021 Y118.102 E.02998
G1 X111.556 Y117.322 E.02998
G1 X111.263 Y116.462 E.03
G1 X111.156 Y115.56 E.02999
G1 X111.238 Y114.655 E.03
G1 X111.389 Y114.101 E.01896
G1 X111.709 Y113.377 E.02614
G1 X112.232 Y112.638 E.02989
G1 X112.898 Y112.021 E.02998
G1 X113.678 Y111.556 E.02998
G1 X114.538 Y111.263 E.03
G1 X115.356 Y111.161 E.02722
G1 X115.914 Y111.174 E.01843
G1 X116.785 Y111.35 E.02934
G1 X117.62 Y111.708 E.03
G1 X118.362 Y112.232 E.02999
G1 X118.979 Y112.898 E.02998
G1 X119.444 Y113.678 E.02998
G1 X119.737 Y114.538 E.03
G1 X119.844 Y115.44 E.02999
G1 X119.762 Y116.344 E.02997
G1 X119.493 Y117.212 E.03
G1 X119.05 Y118.005 E.02999
G1 X118.451 Y118.688 E.02999
G1 X117.724 Y119.232 E.02998
G1 X117.312 Y119.422 E.01498
G1 X117.101 Y119.097 F9000
;TYPE:External perimeter
;WIDTH:0.419999
G1 F1500
G1 X116.742 Y119.259 E.01235
G1 X115.933 Y119.435 E.02596
G1 X115.106 Y119.439 E.02593
G1 X114.295 Y119.271 E.02597
G1 X113.538 Y118.938 E.02593
G1 X112.866 Y118.455 E.02595
G1 X112.309 Y117.843 E.02595
G1 X111.891 Y117.128 E.02597
G1 X111.632 Y116.342 E.02595
G1 X111.541 Y115.52 E.02593
G1 X111.623 Y114.696 E.02596
G1 X111.761 Y114.207 E.01593
G1 X112.062 Y113.537 E.02303
G1 X112.545 Y112.866 E.02592
G1 X113.157 Y112.309 E.02595
G1 X113.872 Y111.891 E.02597
G1 X114.658 Y111.632 E.02595
G1 X115.399 Y111.545 E.02339
G1 X115.901 Y111.561 E.01575
G1 X116.705 Y111.729 E.02575
G1 X117.462 Y112.062 E.02593
G1 X118.134 Y112.545 E.02595
G1 X118.691 Y113.157 E.02595
G1 X119.109 Y113.872 E.02597
G1 X119.368 Y114.658 E.02595
G1 X119.459 Y115.48 E.02593
G1 X119.377 Y116.304 E.02596
G1 X119.125 Y117.092 E.02594
G1 X118.714 Y117.811 E.02597
G1 X118.164 Y118.429 E.02594
G1 X117.497 Y118.919 E.02595
G1 X117.156 Y119.072 E.01172
G1 E-3.5 F3600
;WIPE_START
G1 F7200
G1 X117.101 Y119.097 E-.0287
G1 X116.742 Y119.259 E-.18708
G1 X115.933 Y119.435 E-.39326
G1 X115.106 Y119.439 E-.39283
G1 X114.295 Y119.271 E-.3934
G1 X114.093 Y119.182 E-.10473
;WIPE_END
G1 X133.256 Y133.256 F9000
G1 E5 F2400
;TYPE:Perimeter
;WIDTH:0.439999
G1 X97.744 Y133.256 E1.17251
G1 X97.744 Y97.744 E1.17251
G1 X133.256 Y97.744 E1.17251
G1 X133.256 Y133.196 E1.17053
G1 X133.653 Y133.653 F9000
G1 F2400
G1 X97.347 Y133.653 E1.19872
G1 X97.347 Y97.347 E1.19872
G1 X133.653 Y97.347 E1.19872
G1 X133.653 Y133.593 E1.19674
G1 X134.04 Y134.04 F9000
;TYPE:External perimeter
;WIDTH:0.419999
G1 F1500
G1 X96.96 Y134.04 E1.16262
G1 X96.96 Y96.96 E1.16262
G1 X134.04 Y96.96 E1.16262
G1 X134.04 Y133.98 E1.16073
G1 E-3.5 F3600
;WIPE_START
G1 F7200
G1 X134.04 Y134.04 E-.0285
G1 X130.942 Y134.04 E-1.4715
;WIPE_END
G1 X129.361 Y132.95 F9000
G1 E5 F2400
;TYPE:Internal infill
;WIDTH:0.44
G1 F3000
G1 X131.743 Y132.95 E.07865
G1 X132.95 Y131.743 E.05636
G1 X132.95 Y132.95 E.03985
G1 X119.057 Y119.057 E.64871
G1 X118.867 Y119.265 E.0093
G1 X118.027 Y119.873 E.03424
G1 X117.055 Y120.305 E.03512
G1 E-3.5 F3600
;WIPE_START
G1 F7200
G1 X118.027 Y119.873 E-.50525
G1 X118.867 Y119.265 E-.49255
G1 X119.057 Y119.057 E-.13382
G1 X119.605 Y119.605 E-.36838
;WIPE_END
G1 X117.055 Y110.696 F9000
G1 E5 F2400
G1 F3000
G1 X118.027 Y111.127 E.03511
G1 X118.867 Y111.736 E.03426
G1 X119.056 Y111.944 E.00928
G1 X132.95 Y98.05 E.64876
G1 X132.95 Y99.257 E.03985
G1 X131.743 Y98.05 E.05636
G1 X129.361 Y98.05 E.07865
G1 E-3.5 F3600
;WIPE_START
G1 F7200
G1 X131.743 Y98.05 E-1.13145
G1 X132.292 Y98.599 E-.36855
;WIPE_END
G1 X98.05 Y101.639 F9000
G1 E5 F2400
G1 F3000
G1 X98.05 Y99.257 E.07865
G1 X99.257 Y98.05 E.05636
G1 X98.05 Y98.05 E.03985
G1 X111.944 Y111.944 E.64876
G1 X111.736 Y112.133 E.00928
G1 X111.129 Y112.97 E.03414
G1 X110.715 Y113.9 E.03361
G1 X110.556 Y114.471 E.01957
G1 X110.511 Y114.873 E.01336
G1 X98.05 Y127.335 E.58187
G1 X98.05 Y126.128 E.03985
G1 X104.872 Y132.95 E.31854
G1 X103.665 Y132.95 E.03985
G1 X116.11 Y120.505 E.5811
G1 X114.89 Y120.505 E.04028
G1 X127.335 Y132.95 E.5811
G1 X126.128 Y132.95 E.03985
G1 X132.95 Y126.128 E.31854
G1 X132.95 Y127.335 E.03985
G1 X120.487 Y114.872 E.58194
G1 X120.544 Y115.372 E.01662
G1 X120.49 Y116.126 E.02496
G1 X132.95 Y103.665 E.58182
G1 X132.95 Y104.872 E.03985
G1 X126.128 Y98.05 E.31854
G1 X127.335 Y98.05 E.03985
G1 X114.874 Y110.51 E.58182
G1 X115.285 Y110.461 E.01367
G1 X116.108 Y110.492 E.02719
G1 X103.665 Y98.05 E.58098
G1 X104.872 Y98.05 E.03985
G1 X98.05 Y104.872 E.31854
G1 X98.05 Y103.665 E.03985
G1 X110.513 Y116.128 E.58194
G1 X110.56 Y116.551 E.01405
G1 X110.887 Y117.556 E.03489
G1 X111.415 Y118.47 E.03485
G1 X111.944 Y119.056 E.02607
G1 X98.05 Y132.95 E.64876
G1 X98.05 Y131.743 E.03985
G1 X99.257 Y132.95 E.05636
G1 X101.639 Y132.95 E.07865
G1 E-3.5 F3600
;WIPE_START
G1 F7200
G1 X99.257 Y132.95 E-1.13145
G1 X98.708 Y132.401 E-.36855
;WIPE_END
G1 X106.899 Y132.95 F9000
G1 E5 F2400
G1 F3000
G1 X109.281 Y132.95 E.07865
G1 X132.95 Y109.281 E1.10519
G1 X132.95 Y110.488 E.03985
G1 X120.512 Y98.05 E.58077
G1 X121.719 Y98.05 E.03985
G1 X98.05 Y121.719 E1.10519
G1 X98.05 Y120.512 E.03985
G1 X110.488 Y132.95 E.58077
G1 X114.897 Y132.95 E.14557
G1 X132.95 Y114.897 E.84296
G1 X132.95 Y116.103 E.03982
G1 X114.897 Y98.05 E.84296
G1 X116.103 Y98.05 E.03982
G1 X98.05 Y116.103 E.84296
G1 X98.05 Y114.897 E.03982
G1 X116.103 Y132.95 E.84296
G1 X120.512 Y132.95 E.14557
G1 X132.95 Y120.512 E.58077
G1 X132.95 Y121.719 E.03985
G1 X109.281 Y98.05 E1.10519
G1 X110.488 Y98.05 E.03985
G1 X98.05 Y110.488 E.58077
G1 X98.05 Y109.281 E.03985
G1 X121.719 Y132.95 E1.10519
G1 X124.101 Y132.95 E.07865
;LAYER_CHANGE
;Z:2.6
;HEIGHT:0.2
;BEFORE_LAYER_CHANGE
G92 E0
;3.6


G1 E-3.5 F3600
;WIPE_START
G1 F7200
G1 X99.257 Y98.05 E-1.13145
G1 X98.708 Y98.599 E-.36855
;WIPE_END
G1 Z2.6 F9000
;AFTER_LAYER_CHANGE
;3.6
G1 X112.72 Y111.673
G1 E5 F2400
;TYPE:Perimeter
;WIDTH:0.439999
G1 F1500
G1 X113.48 Y111.212 E.02935
G1 X114.415 Y110.886 E.03269
G1 X115.352 Y110.764 E.0312
G1 X115.935 Y110.777 E.01925
G1 X116.868 Y110.962 E.0314
G1 X117.781 Y111.345 E.03269
G1 X118.595 Y111.91 E.03272
G1 X119.274 Y112.632 E.03272
G1 X119.788 Y113.48 E.03274
G1 X120.114 Y114.415 E.03269
G1 X120.239 Y115.398 E.03272
G1 X120.156 Y116.386 E.03274
G1 X119.871 Y117.335 E.03272
G1 X119.394 Y118.203 E.0327
G1 X118.863 Y118.836 E.02728
G1 X118.351 Y119.289 E.02257
G1 X117.52 Y119.788 E.032
G1 X116.585 Y120.114 E.03269
G1 X115.602 Y120.239 E.03272
G1 X114.614 Y120.156 E.03274
G1 X113.665 Y119.871 E.03272
G1 X112.797 Y119.394 E.0327
G1 X112.046 Y118.746 E.03275
G1 X111.447 Y117.957 E.03271
G1 X111.024 Y117.061 E.03271
G1 X110.798 Y116.096 E.03272
G1 X110.783 Y115.055 E.03437
G1 X110.962 Y114.129 E.03114
G1 X111.345 Y113.219 E.0326
G1 X111.91 Y112.405 E.03272
G1 X112.632 Y111.726 E.03272
G1 X112.668 Y111.704 E.00139
G1 X112.95 Y111.99 F9000
G1 F1500
G1 X113.678 Y111.556 E.02798
G1 X114.538 Y111.263 E.03
G1 X115.394 Y111.159 E.02847
G1 X115.918 Y111.174 E.01731
G1 X116.785 Y111.35 E.02921
G1 X117.62 Y111.708 E.03
G1 X118.362 Y112.232 E.02999
G1 X118.979 Y112.898 E.02998
G1 X119.444 Y113.678 E.02998
G1 X119.737 Y114.538 E.03
G1 X119.844 Y115.44 E.02999
G1 X119.762 Y116.344 E.02997
G1 X119.493 Y117.212 E.03
G1 X119.05 Y118.005 E.02999
G1 X118.564 Y118.574 E.02471
G1 X118.092 Y118.988 E.02073
G1 X117.322 Y119.444 E.02955
G1 X116.462 Y119.737 E.03
G1 X115.56 Y119.844 E.02999
G1 X114.656 Y119.762 E.02997
G1 X113.788 Y119.493 E.03
G1 X112.995 Y119.05 E.02999
G1 X112.312 Y118.451 E.02999
G1 X111.768 Y117.724 E.02998
G1 X111.387 Y116.9 E.02997
G1 X111.186 Y116.014 E.03
G1 X111.18 Y115.058 E.03157
G1 X111.35 Y114.213 E.02846
G1 X111.708 Y113.38 E.02994
G1 X112.232 Y112.638 E.02999
G1 X112.898 Y112.021 E.02998
G1 X113.174 Y112.299 F9000
;TYPE:External perimeter
;WIDTH:0.419999
G1 F1500
G1 X113.872 Y111.891 E.02535
G1 X114.658 Y111.632 E.02595
G1 X115.436 Y111.543 E.02455
G1 X115.933 Y111.565 E.0156
G1 X116.705 Y111.729 E.02475
G1 X117.462 Y112.062 E.02593
G1 X118.134 Y112.545 E.02595
G1 X118.691 Y113.157 E.02595
G1 X119.109 Y113.872 E.02597
G1 X119.368 Y114.658 E.02595
G1 X119.459 Y115.48 E.02593
G1 X119.377 Y116.304 E.02596
G1 X119.125 Y117.092 E.02594
G1 X118.714 Y117.811 E.02597
G1 X118.273 Y118.319 E.02109
G1 X117.84 Y118.694 E.01796
G1 X117.128 Y119.109 E.02584
G1 X116.342 Y119.368 E.02595
G1 X115.52 Y119.459 E.02593
G1 X114.696 Y119.377 E.02596
G1 X113.908 Y119.125 E.02594
G1 X113.189 Y118.714 E.02597
G1 X112.571 Y118.164 E.02594
G1 X112.081 Y117.497 E.02595
G1 X111.741 Y116.742 E.02596
G1 X111.565 Y115.933 E.02596
G1 X111.567 Y115.061 E.02734
G1 X111.729 Y114.295 E.02455
G1 X112.062 Y113.538 E.02593
G1 X112.545 Y112.866 E.02595
G1 X113.127 Y112.336 E.02468
G1 E-3.5 F3600
;WIPE_START
G1 F7200
G1 X113.174 Y112.299 E-.02841
G1 X113.872 Y111.891 E-.38404
G1 X114.658 Y111.632 E-.3931
G1 X115.436 Y111.543 E-.37196
G1 X115.933 Y111.565 E-.23631
G1 X116.11 Y111.603 E-.08618
;WIPE_END
G1 X97.744 Y97.744 F9000
G1 E5 F2400
;TYPE:Perimeter
;WIDTH:0.439999
G1 X133.256 Y97.744 E1.17251
G1 X133.256 Y133.256 E1.17251
G1 X97.744 Y133.256 E1.17251
G1 X97.744 Y97.804 E1.17053
G1 X97.347 Y97.347 F9000
G1 F2400
G1 X133.653 Y97.347 E1.19872
G1 X133.653 Y133.653 E1.19872
G1 X97.347 Y133.653 E1.19872
G1 X97.347 Y97.407 E1.19674
G1 X96.96 Y96.96 F9000
;TYPE:External perimeter
;WIDTH:0.419999
G1 F1500
G1 X134.04 Y96.96 E1.16262
G1 X134.04 Y134.04 E1.16262
G1 X96.96 Y134.04 E1.16262
G1 X96.96 Y97.02 E1.16073
G1 E-3.5 F3600
;WIPE_START
G1 F7200
G1 X96.96 Y96.96 E-.0285
G1 X100.058 Y96.96 E-1.4715
;WIPE_END
G1 X98.05 Y101.639 F9000
G1 E5 F2400
;TYPE:Internal infill
;WIDTH:0.44
G1 F3000
G1 X98.05 Y99.257 E.07865
G1 X99.257 Y98.05 E.05636
G1 X98.05 Y98.05 E.03985
G1 X111.944 Y111.944 E.64876
G1 X111.736 Y112.133 E.00928
G1 X111.127 Y112.973 E.03426
G1 X110.696 Y113.945 E.03511
G1 E-3.5 F3600
;WIPE_START
G1 F7200
G1 X111.127 Y112.973 E-.50505
G1 X111.736 Y112.133 E-.49283
G1 X111.944 Y111.944 E-.1335
G1 X111.395 Y111.395 E-.36862
;WIPE_END
G1 X110.701 Y117.052 F9000
G1 E5 F2400
G1 F3000
G1 X111.127 Y118.027 E.03513
G1 X111.666 Y118.779 E.03055
G1 X111.94 Y119.06 E.01296
G1 X98.05 Y132.95 E.64857
G1 X98.05 Y131.743 E.03985
G1 X99.257 Y132.95 E.05636
G1 X101.639 Y132.95 E.07865
G1 E-3.5 F3600
;WIPE_START
G1 F7200
G1 X99.257 Y132.95 E-1.13145
G1 X98.708 Y132.401 E-.36855
;WIPE_END
G1 X106.899 Y132.95 F9000
G1 E5 F2400
G1 F3000
G1 X109.281 Y132.95 E.07865
G1 X132.95 Y109.281 E1.10519
G1 X132.95 Y110.488 E.03985
G1 X120.512 Y98.05 E.58077
G1 X121.719 Y98.05 E.03985
G1 X98.05 Y121.719 E1.10519
G1 X98.05 Y120.512 E.03985
G1 X110.488 Y132.95 E.58077
G1 X114.897 Y132.95 E.14557
G1 X132.95 Y114.897 E.84296
G1 X132.95 Y116.103 E.03982
G1 X114.897 Y98.05 E.84296
G1 X116.103 Y98.05 E.03982
G1 X98.05 Y116.103 E.84296
G1 X98.05 Y114.897 E.03982
G1 X116.103 Y132.95 E.84296
G1 X120.512 Y132.95 E.14557
G1 X132.95 Y120.512 E.58077
G1 X132.95 Y121.719 E.03985
G1 X109.281 Y98.05 E1.10519
G1 X110.488 Y98.05 E.03985
G1 X98.05 Y110.488 E.58077
G1 X98.05 Y109.281 E.03985
G1 X121.719 Y132.95 E1.10519
G1 X124.101 Y132.95 E.07865
G1 E-3.5 F3600
;WIPE_START
G1 F7200
G1 X121.719 Y132.95 E-1.13145
G1 X121.17 Y132.401 E-.36855
;WIPE_END
G1 X132.95 Y129.361 F9000
G1 E5 F2400
G1 F3000
G1 X132.95 Y131.743 E.07865
G1 X131.743 Y132.95 E.05636
G1 X132.95 Y132.95 E.03985
G1 X119.065 Y119.065 E.64834
G1 X119.59 Y118.463 E.02637
G1 X120.113 Y117.555 E.0346
G1 X120.44 Y116.551 E.03486
G1 X120.484 Y116.131 E.01394
G1 X132.95 Y103.665 E.58208
G1 X132.95 Y104.872 E.03985
G1 X126.128 Y98.05 E.31854
G1 X127.335 Y98.05 E.03985
G1 X114.873 Y110.511 E.58187
G1 X115.326 Y110.459 E.01506
G1 X116.107 Y110.492 E.02581
G1 X103.665 Y98.05 E.58096
G1 X104.872 Y98.05 E.03985
G1 X98.05 Y104.872 E.31854
G1 X98.05 Y103.665 E.03985
G1 X110.489 Y116.104 E.58082
G1 X110.491 Y114.894 E.03995
G1 X98.05 Y127.335 E.58091
G1 X98.05 Y126.128 E.03985
G1 X104.872 Y132.95 E.31854
G1 X103.665 Y132.95 E.03985
G1 X116.131 Y120.484 E.58208
G1 X115.5 Y120.551 E.02095
G1 X114.869 Y120.484 E.02095
G1 X127.335 Y132.95 E.58208
G1 X126.128 Y132.95 E.03985
G1 X132.95 Y126.128 E.31854
G1 X132.95 Y127.335 E.03985
G1 X120.484 Y114.869 E.58208
G1 X120.44 Y114.449 E.01394
G1 X120.113 Y113.444 E.03489
G1 X119.585 Y112.53 E.03485
G1 X119.06 Y111.94 E.02608
G1 X132.95 Y98.05 E.64857
G1 X132.95 Y99.257 E.03985
G1 X131.743 Y98.05 E.05636
G1 X129.361 Y98.05 E.07865
;LAYER_CHANGE
;Z:2.8
;HEIGHT:0.2
;BEFORE_LAYER_CHANGE
G92 E0
;4


G1 E-3.5 F3600
;WIPE_START
G1 F7200
G1 X99.257 Y132.95 E-1.13145
G1 X98.708 Y132.401 E-.36855
;WIPE_END
G1 Z2.8 F9000
;AFTER_LAYER_CHANGE
;4
G1 X112.719 Y119.327
G1 E5 F2400
;TYPE:Perimeter
;WIDTH:0.439999
G1 F1500
G1 X112.046 Y118.746 E.02936
G1 X111.447 Y117.957 E.03271
G1 X111.024 Y117.061 E.03271
G1 X110.824 Y116.256 E.02739
G1 X110.759 Y115.579 E.02246
G1 X110.819 Y114.774 E.02665
G1 X110.967 Y114.11 E.02246
G1 X111.345 Y113.219 E.03196
G1 X111.91 Y112.405 E.03272
G1 X112.632 Y111.726 E.03272
G1 X113.48 Y111.212 E.03274
G1 X114.415 Y110.886 E.03269
G1 X115.348 Y110.764 E.03107
G1 X115.934 Y110.777 E.01935
G1 X116.868 Y110.962 E.03144
G1 X117.781 Y111.345 E.03269
G1 X118.595 Y111.91 E.03272
G1 X119.274 Y112.632 E.03272
G1 X119.788 Y113.48 E.03274
G1 X120.114 Y114.415 E.03269
G1 X120.239 Y115.398 E.03272
G1 X120.156 Y116.386 E.03274
G1 X119.871 Y117.335 E.03272
G1 X119.394 Y118.203 E.0327
G1 X118.746 Y118.954 E.03275
G1 X117.957 Y119.553 E.03271
G1 X117.061 Y119.976 E.03271
G1 X116.361 Y120.159 E.02389
G1 X115.59 Y120.24 E.0256
G1 X114.614 Y120.156 E.03234
G1 X113.665 Y119.871 E.03272
G1 X112.797 Y119.394 E.0327
G1 X112.765 Y119.366 E.0014
G1 X112.95 Y119.01 F9000
G1 F1500
G1 X112.312 Y118.451 E.02801
G1 X111.768 Y117.724 E.02998
G1 X111.387 Y116.9 E.02997
G1 X111.211 Y116.168 E.02486
G1 X111.155 Y115.547 E.02059
G1 X111.214 Y114.81 E.02441
G1 X111.353 Y114.202 E.02059
G1 X111.708 Y113.38 E.02956
G1 X112.232 Y112.638 E.02999
G1 X112.898 Y112.021 E.02998
G1 X113.678 Y111.556 E.02998
G1 X114.538 Y111.263 E.03
G1 X115.391 Y111.159 E.02837
G1 X115.918 Y111.174 E.01741
G1 X116.785 Y111.35 E.02921
G1 X117.62 Y111.708 E.03
G1 X118.362 Y112.232 E.02999
G1 X118.979 Y112.898 E.02998
G1 X119.444 Y113.678 E.02998
G1 X119.737 Y114.538 E.03
G1 X119.844 Y115.44 E.02999
G1 X119.762 Y116.344 E.02997
G1 X119.493 Y117.212 E.03
G1 X119.05 Y118.005 E.02999
G1 X118.451 Y118.688 E.02999
G1 X117.724 Y119.232 E.02998
G1 X116.899 Y119.613 E.03
G1 X116.269 Y119.773 E.02146
G1 X115.553 Y119.845 E.02376
G1 X114.656 Y119.762 E.02974
G1 X113.788 Y119.493 E.03
G1 X112.995 Y119.05 E.02999
G1 X113.174 Y118.701 F9000
;TYPE:External perimeter
;WIDTH:0.419999
G1 F1500
G1 X112.571 Y118.164 E.02532
G1 X112.081 Y117.497 E.02595
G1 X111.741 Y116.742 E.02596
G1 X111.589 Y116.083 E.0212
G1 X111.541 Y115.516 E.01784
G1 X111.6 Y114.846 E.02109
G1 X111.73 Y114.291 E.01787
G1 X112.062 Y113.538 E.0258
G1 X112.545 Y112.866 E.02595
G1 X113.157 Y112.309 E.02595
G1 X113.872 Y111.891 E.02597
G1 X114.658 Y111.632 E.02595
G1 X115.433 Y111.544 E.02446
G1 X115.933 Y111.565 E.01569
G1 X116.705 Y111.729 E.02475
G1 X117.462 Y112.062 E.02593
G1 X118.134 Y112.545 E.02595
G1 X118.691 Y113.157 E.02595
G1 X119.109 Y113.872 E.02597
G1 X119.368 Y114.658 E.02595
G1 X119.459 Y115.48 E.02593
G1 X119.377 Y116.304 E.02596
G1 X119.125 Y117.092 E.02594
G1 X118.714 Y117.811 E.02597
G1 X118.164 Y118.429 E.02594
G1 X117.497 Y118.919 E.02595
G1 X116.742 Y119.259 E.02596
G1 X116.18 Y119.396 E.01814
G1 X115.517 Y119.459 E.02088
G1 X114.696 Y119.377 E.02587
G1 X113.908 Y119.125 E.02594
G1 X113.224 Y118.734 E.0247
G1 E-3.5 F3600
;WIPE_START
G1 F7200
G1 X113.174 Y118.701 E-.02846
G1 X112.571 Y118.164 E-.38354
G1 X112.081 Y117.497 E-.39313
G1 X111.741 Y116.742 E-.39331
G1 X111.598 Y116.124 E-.30156
;WIPE_END
G1 X97.744 Y133.256 F9000
G1 E5 F2400
;TYPE:Perimeter
;WIDTH:0.439999
G1 X97.744 Y97.744 E1.17251
G1 X133.256 Y97.744 E1.17251
G1 X133.256 Y133.256 E1.17251
G1 X97.804 Y133.256 E1.17053
G1 X97.347 Y133.653 F9000
G1 F2400
G1 X97.347 Y97.347 E1.19872
G1 X133.653 Y97.347 E1.19872
G1 X133.653 Y133.653 E1.19872
G1 X97.407 Y133.653 E1.19674
G1 X96.96 Y134.04 F9000
;TYPE:External perimeter
;WIDTH:0.419999
G1 F1500
G1 X96.96 Y96.96 E1.16262
G1 X134.04 Y96.96 E1.16262
G1 X134.04 Y134.04 E1.16262
G1 X97.02 Y134.04 E1.16073
G1 E-3.5 F3600
;WIPE_START
G1 F7200
G1 X96.96 Y134.04 E-.0285
G1 X96.96 Y130.942 E-1.4715
;WIPE_END
G1 X101.639 Y132.95 F9000
G1 E5 F2400
;TYPE:Internal infill
;WIDTH:0.44
G1 F3000
G1 X99.257 Y132.95 E.07865
G1 X98.05 Y131.743 E.05636
G1 X98.05 Y132.95 E.03985
G1 X111.94 Y119.06 E.64857
G1 X111.666 Y118.779 E.01296
G1 X111.127 Y118.027 E.03055
G1 X110.701 Y117.053 E.0351
G1 E-3.5 F3600
;WIPE_START
G1 F7200
G1 X111.127 Y118.027 E-.50497
G1 X111.666 Y118.779 E-.43948
G1 X111.94 Y119.06 E-.18643
G1 X111.391 Y119.609 E-.36912
;WIPE_END
G1 X113.955 Y110.721 F9000
G1 E5 F2400
G1 F3000
G1 X113.444 Y110.887 E.01774
G1 X112.53 Y111.415 E.03485
G1 X111.94 Y111.94 E.02608
G1 X98.05 Y98.05 E.64857
G1 X98.05 Y99.257 E.03985
G1 X99.257 Y98.05 E.05636
G1 X101.639 Y98.05 E.07865
G1 E-3.5 F3600
;WIPE_START
G1 F7200
G1 X99.257 Y98.05 E-1.13145
G1 X98.708 Y98.599 E-.36855
;WIPE_END
G1 X129.361 Y98.05 F9000
G1 E5 F2400
G1 F3000
G1 X131.743 Y98.05 E.07865
G1 X132.95 Y99.257 E.05636
G1 X132.95 Y98.05 E.03985
G1 X119.06 Y111.94 E.64857
G1 X119.585 Y112.53 E.02608
G1 X120.113 Y113.444 E.03485
G1 X120.44 Y114.449 E.03489
G1 X120.484 Y114.869 E.01394
G1 X132.95 Y127.335 E.58208
G1 X132.95 Y126.128 E.03985
G1 X126.128 Y132.95 E.31854
G1 X127.335 Y132.95 E.03985
G1 X114.869 Y120.484 E.58208
G1 X115.499 Y120.55 E.02091
G1 X116.122 Y120.494 E.02065
G1 X103.665 Y132.95 E.58164
G1 X104.872 Y132.95 E.03985
G1 X98.05 Y126.128 E.31854
G1 X98.05 Y127.335 E.03985
G1 X110.512 Y114.872 E.58192
G1 X110.45 Y115.499 E.0208
G1 X110.501 Y116.116 E.02044
G1 X98.05 Y103.665 E.58138
G1 X98.05 Y104.872 E.03985
G1 X104.872 Y98.05 E.31854
G1 X103.665 Y98.05 E.03985
G1 X116.107 Y110.492 E.58096
G1 X115.322 Y110.459 E.02594
G1 X114.873 Y110.511 E.01492
G1 X127.335 Y98.05 E.58187
G1 X126.128 Y98.05 E.03985
G1 X132.95 Y104.872 E.31854
G1 X132.95 Y103.665 E.03985
G1 X120.484 Y116.131 E.58208
G1 X120.44 Y116.551 E.01394
G1 X120.113 Y117.556 E.03489
G1 X119.585 Y118.47 E.03485
G1 X119.06 Y119.06 E.02608
G1 X132.95 Y132.95 E.64857
G1 X131.743 Y132.95 E.03985
G1 X132.95 Y131.743 E.05636
G1 X132.95 Y129.361 E.07865
G1 E-3.5 F3600
;WIPE_START
G1 F7200
G1 X132.95 Y131.743 E-1.13145
G1 X132.401 Y132.292 E-.36855
;WIPE_END
G1 X124.101 Y132.95 F9000
G1 E5 F2400
G1 F3000
G1 X121.719 Y132.95 E.07865
G1 X98.05 Y109.281 E1.10519
G1 X98.05 Y110.488 E.03985
G1 X110.488 Y98.05 E.58077
G1 X109.281 Y98.05 E.03985
G1 X132.95 Y121.719 E1.10519
G1 X132.95 Y120.512 E.03985
G1 X120.512 Y132.95 E.58077
G1 X116.103 Y132.95 E.14557
G1 X98.05 Y114.897 E.84296
G1 X98.05 Y116.103 E.03982
G1 X116.103 Y98.05 E.84296
G1 X114.897 Y98.05 E.03982
G1 X132.95 Y116.103 E.84296
G1 X132.95 Y114.897 E.03982
G1 X114.897 Y132.95 E.84296
G1 X110.488 Y132.95 E.14557
G1 X98.05 Y120.512 E.58077
G1 X98.05 Y121.719 E.03985
G1 X121.719 Y98.05 E1.10519
G1 X120.512 Y98.05 E.03985
G1 X132.95 Y110.488 E.58077
G1 X132.95 Y109.281 E.03985
G1 X109.281 Y132.95 E1.10519
G1 X106.899 Y132.95 E.07865
;LAYER_CHANGE
;Z:3
;HEIGHT:0.2
;BEFORE_LAYER_CHANGE
G92 E0
;4.2


G1 E-3.5 F3600
;WIPE_START
G1 F7200
G1 X109.281 Y132.95 E-1.13145
G1 X109.83 Y132.401 E-.36855
;WIPE_END
G1 Z3 F9000
;AFTER_LAYER_CHANGE
;4.2
G1 X113.576 Y119.821
G1 E5 F2400
;TYPE:Perimeter
;WIDTH:0.439999
G1 F1500
G1 X112.797 Y119.394 E.02933
G1 X112.046 Y118.746 E.03275
G1 X111.447 Y117.957 E.03271
G1 X111.024 Y117.061 E.03271
G1 X110.823 Y116.252 E.02752
G1 X110.759 Y115.579 E.02232
G1 X110.778 Y115.055 E.01731
G1 X110.982 Y114.076 E.03302
G1 X111.347 Y113.215 E.03088
G1 X111.91 Y112.405 E.03257
G1 X112.632 Y111.726 E.03272
G1 X113.48 Y111.212 E.03274
G1 X114.415 Y110.886 E.03269
G1 X115.344 Y110.764 E.03094
G1 X116.377 Y110.843 E.03421
G1 X117.335 Y111.129 E.03301
G1 X118.203 Y111.606 E.0327
G1 X118.954 Y112.254 E.03275
G1 X119.553 Y113.043 E.03271
G1 X119.976 Y113.939 E.03271
G1 X120.202 Y114.904 E.03272
G1 X120.224 Y115.894 E.0327
G1 X120.038 Y116.868 E.03274
G1 X119.655 Y117.781 E.03269
G1 X119.09 Y118.595 E.03272
G1 X118.368 Y119.274 E.03272
G1 X117.52 Y119.788 E.03274
G1 X116.585 Y120.114 E.03269
G1 X115.602 Y120.239 E.03272
G1 X114.614 Y120.156 E.03274
G1 X113.665 Y119.871 E.03272
G1 X113.628 Y119.85 E.0014
G1 X113.735 Y119.463 F9000
G1 F1500
G1 X112.995 Y119.05 E.02798
G1 X112.312 Y118.451 E.02999
G1 X111.768 Y117.724 E.02998
G1 X111.387 Y116.9 E.02997
G1 X111.21 Y116.165 E.02496
G1 X111.155 Y115.547 E.02049
G1 X111.179 Y115.028 E.01715
G1 X111.369 Y114.162 E.02927
G1 X111.709 Y113.378 E.02821
G1 X112.232 Y112.638 E.02992
G1 X112.898 Y112.021 E.02998
G1 X113.678 Y111.556 E.02998
G1 X114.538 Y111.263 E.03
G1 X115.387 Y111.159 E.02824
G1 X116.339 Y111.238 E.03154
G1 X117.212 Y111.507 E.03016
G1 X118.005 Y111.95 E.02999
G1 X118.688 Y112.549 E.02999
G1 X119.232 Y113.276 E.02998
G1 X119.613 Y114.1 E.02997
G1 X119.814 Y114.986 E.03
G1 X119.826 Y115.894 E.02998
G1 X119.65 Y116.785 E.02999
G1 X119.292 Y117.62 E.03
G1 X118.768 Y118.362 E.02999
G1 X118.102 Y118.979 E.02998
G1 X117.322 Y119.444 E.02998
G1 X116.462 Y119.737 E.03
G1 X115.56 Y119.844 E.02999
G1 X114.656 Y119.762 E.02997
G1 X113.788 Y119.493 E.03
G1 X113.89 Y119.115 F9000
;TYPE:External perimeter
;WIDTH:0.419999
G1 F1500
G1 X113.189 Y118.714 E.02532
G1 X112.571 Y118.164 E.02594
G1 X112.081 Y117.497 E.02595
G1 X111.741 Y116.742 E.02596
G1 X111.588 Y116.08 E.0213
G1 X111.541 Y115.515 E.01778
G1 X111.565 Y115.065 E.01413
G1 X111.747 Y114.246 E.02631
G1 X112.062 Y113.537 E.02433
G1 X112.545 Y112.866 E.02592
G1 X113.157 Y112.309 E.02595
G1 X113.872 Y111.891 E.02597
G1 X114.658 Y111.632 E.02595
G1 X115.429 Y111.544 E.02433
G1 X116.302 Y111.623 E.02748
G1 X117.092 Y111.875 E.026
G1 X117.811 Y112.286 E.02597
G1 X118.429 Y112.836 E.02594
G1 X118.919 Y113.503 E.02595
G1 X119.259 Y114.258 E.02596
G1 X119.435 Y115.067 E.02596
G1 X119.439 Y115.894 E.02593
G1 X119.271 Y116.705 E.02597
G1 X118.938 Y117.462 E.02593
G1 X118.455 Y118.134 E.02595
G1 X117.843 Y118.691 E.02595
G1 X117.128 Y119.109 E.02597
G1 X116.342 Y119.368 E.02595
G1 X115.52 Y119.459 E.02593
G1 X114.696 Y119.377 E.02596
G1 X113.946 Y119.137 E.02469
G1 E-3.5 F3600
;WIPE_START
G1 F7200
G1 X113.89 Y119.115 E-.02858
G1 X113.189 Y118.714 E-.38361
G1 X112.571 Y118.164 E-.39297
G1 X112.081 Y117.497 E-.39313
G1 X111.82 Y116.918 E-.30171
;WIPE_END
G1 X97.744 Y133.256 F9000
G1 E5 F2400
;TYPE:Perimeter
;WIDTH:0.439999
G1 X97.744 Y97.744 E1.17251
G1 X133.256 Y97.744 E1.17251
G1 X133.256 Y133.256 E1.17251
G1 X97.804 Y133.256 E1.17053
G1 X97.347 Y133.653 F9000
G1 F2400
G1 X97.347 Y97.347 E1.19872
G1 X133.653 Y97.347 E1.19872
G1 X133.653 Y133.653 E1.19872
G1 X97.407 Y133.653 E1.19674
G1 X96.96 Y134.04 F9000
;TYPE:External perimeter
;WIDTH:0.419999
G1 F1500
G1 X96.96 Y96.96 E1.16262
G1 X134.04 Y96.96 E1.16262
G1 X134.04 Y134.04 E1.16262
G1 X97.02 Y134.04 E1.16073
G1 E-3.5 F3600
;WIPE_START
G1 F7200
G1 X96.96 Y134.04 E-.0285
G1 X96.96 Y130.942 E-1.4715
;WIPE_END
G1 X101.639 Y132.95 F9000
G1 E5 F2400
;TYPE:Internal infill
;WIDTH:0.44
G1 F3000
G1 X99.257 Y132.95 E.07865
G1 X98.05 Y131.743 E.05636
G1 X98.05 Y132.95 E.03985
G1 X111.94 Y119.06 E.64857
G1 X111.666 Y118.779 E.01296
G1 X111.127 Y118.027 E.03055
G1 X110.701 Y117.053 E.0351
G1 E-3.5 F3600
;WIPE_START
G1 F7200
G1 X111.127 Y118.027 E-.50497
G1 X111.666 Y118.779 E-.43948
G1 X111.94 Y119.06 E-.18643
G1 X111.391 Y119.609 E-.36912
;WIPE_END
G1 X120.304 Y117.055 F9000
G1 E5 F2400
G1 F3000
G1 X119.873 Y118.027 E.03511
G1 X119.264 Y118.867 E.03426
G1 X119.056 Y119.056 E.00928
G1 X132.95 Y132.95 E.64876
G1 X131.743 Y132.95 E.03985
G1 X132.95 Y131.743 E.05636
G1 X132.95 Y129.361 E.07865
G1 E-3.5 F3600
;WIPE_START
G1 F7200
G1 X132.95 Y131.743 E-1.13145
G1 X132.401 Y132.292 E-.36855
;WIPE_END
G1 X124.101 Y132.95 F9000
G1 E5 F2400
G1 F3000
G1 X121.719 Y132.95 E.07865
G1 X98.05 Y109.281 E1.10519
G1 X98.05 Y110.488 E.03985
G1 X110.488 Y98.05 E.58077
G1 X109.281 Y98.05 E.03985
G1 X132.95 Y121.719 E1.10519
G1 X132.95 Y120.512 E.03985
G1 X120.512 Y132.95 E.58077
G1 X116.103 Y132.95 E.14557
G1 X98.05 Y114.897 E.84296
G1 X98.05 Y116.103 E.03982
G1 X116.103 Y98.05 E.84296
G1 X114.897 Y98.05 E.03982
G1 X132.95 Y116.103 E.84296
G1 X132.95 Y114.897 E.03982
G1 X114.897 Y132.95 E.84296
G1 X110.488 Y132.95 E.14557
G1 X98.05 Y120.512 E.58077
G1 X98.05 Y121.719 E.03985
G1 X121.719 Y98.05 E1.10519
G1 X120.512 Y98.05 E.03985
G1 X132.95 Y110.488 E.58077
G1 X132.95 Y109.281 E.03985
G1 X109.281 Y132.95 E1.10519
G1 X106.899 Y132.95 E.07865
G1 E-3.5 F3600
;WIPE_START
G1 F7200
G1 X109.281 Y132.95 E-1.13145
G1 X109.83 Y132.401 E-.36855
;WIPE_END
G1 X101.639 Y98.05 F9000
G1 E5 F2400
G1 F3000
G1 X99.257 Y98.05 E.07865
G1 X98.05 Y99.257 E.05636
G1 X98.05 Y98.05 E.03985
G1 X111.94 Y111.94 E.64857
G1 X112.53 Y111.415 E.02608
G1 X113.444 Y110.887 E.03485
G1 X114.447 Y110.56 E.03483
G1 X114.87 Y110.514 E.01405
G1 X127.335 Y98.05 E.58201
G1 X126.128 Y98.05 E.03985
G1 X132.95 Y104.872 E.31854
G1 X132.95 Y103.665 E.03985
G1 X120.505 Y116.11 E.5811
G1 X120.507 Y114.892 E.04022
G1 X132.95 Y127.335 E.58101
G1 X132.95 Y126.128 E.03985
G1 X126.128 Y132.95 E.31854
G1 X127.335 Y132.95 E.03985
G1 X114.869 Y120.484 E.58208
G1 X115.5 Y120.551 E.02095
G1 X116.131 Y120.484 E.02095
G1 X103.665 Y132.95 E.58208
G1 X104.872 Y132.95 E.03985
G1 X98.05 Y126.128 E.31854
G1 X98.05 Y127.335 E.03985
G1 X110.489 Y114.896 E.58082
G1 X110.45 Y115.501 E.02002
G1 X110.501 Y116.116 E.02038
G1 X98.05 Y103.665 E.58138
G1 X98.05 Y104.872 E.03985
G1 X104.872 Y98.05 E.31854
G1 X103.665 Y98.05 E.03985
G1 X116.135 Y110.519 E.58224
G1 X116.545 Y110.559 E.0136
G1 X117.555 Y110.887 E.03506
G1 X118.47 Y111.415 E.03488
G1 X119.06 Y111.94 E.02608
G1 X132.95 Y98.05 E.64857
G1 X132.95 Y99.257 E.03985
G1 X131.743 Y98.05 E.05636
G1 X129.361 Y98.05 E.07865
;LAYER_CHANGE
;Z:3.2
;HEIGHT:0.2
;BEFORE_LAYER_CHANGE
G92 E0
;4.6


G1 E-3.5 F3600
;WIPE_START
G1 F7200
G1 X119.873 Y118.027 E-.50505
G1 X119.264 Y118.867 E-.49283
G1 X119.056 Y119.056 E-.1335
G1 X119.605 Y119.605 E-.36862
;WIPE_END
G1 Z3.2 F9000
;AFTER_LAYER_CHANGE
;4.6
G1 X119.984 Y116.957
G1 E5 F2400
;TYPE:Perimeter
;WIDTH:0.439999
G1 F1500
G1 X119.871 Y117.335 E.01303
G1 X119.394 Y118.203 E.0327
G1 X118.746 Y118.954 E.03275
G1 X117.957 Y119.553 E.03271
G1 X117.061 Y119.976 E.03271
G1 X116.096 Y120.202 E.03272
G1 X115.106 Y120.224 E.0327
G1 X114.132 Y120.038 E.03274
G1 X113.219 Y119.655 E.03269
G1 X112.405 Y119.09 E.03272
G1 X111.726 Y118.368 E.03272
G1 X111.212 Y117.52 E.03274
G1 X110.886 Y116.585 E.03269
G1 X110.761 Y115.602 E.03272
G1 X110.844 Y114.614 E.03274
G1 X111.018 Y113.96 E.02234
G1 X111.349 Y113.211 E.02704
G1 X111.91 Y112.405 E.03242
G1 X112.632 Y111.726 E.03272
G1 X113.48 Y111.212 E.03274
G1 X114.415 Y110.886 E.03269
G1 X115.282 Y110.768 E.02889
G1 X115.923 Y110.777 E.02117
G1 X116.868 Y110.962 E.03179
G1 X117.781 Y111.345 E.03269
G1 X118.595 Y111.91 E.03272
G1 X119.274 Y112.632 E.03272
G1 X119.788 Y113.48 E.03274
G1 X120.114 Y114.415 E.03269
G1 X120.239 Y115.398 E.03272
G1 X120.156 Y116.386 E.03274
G1 X120.002 Y116.9 E.01772
G1 X119.61 Y116.835 F9000
G1 F1500
G1 X119.493 Y117.212 E.01303
G1 X119.05 Y118.005 E.02999
G1 X118.451 Y118.688 E.02999
G1 X117.724 Y119.232 E.02998
G1 X116.9 Y119.613 E.02997
G1 X116.014 Y119.814 E.03
G1 X115.106 Y119.826 E.02998
G1 X114.215 Y119.65 E.02999
G1 X113.38 Y119.292 E.03
G1 X112.638 Y118.768 E.02999
G1 X112.021 Y118.102 E.02998
G1 X111.556 Y117.322 E.02998
G1 X111.263 Y116.462 E.03
G1 X111.156 Y115.56 E.02999
G1 X111.239 Y114.655 E.03001
G1 X111.399 Y114.072 E.01996
G1 X111.71 Y113.376 E.02517
G1 X112.232 Y112.638 E.02985
G1 X112.898 Y112.021 E.02998
G1 X113.678 Y111.556 E.02998
G1 X114.538 Y111.263 E.03
G1 X115.327 Y111.162 E.02626
G1 X115.911 Y111.174 E.01929
G1 X116.785 Y111.35 E.02944
G1 X117.62 Y111.708 E.03
G1 X118.362 Y112.232 E.02999
G1 X118.979 Y112.898 E.02998
G1 X119.444 Y113.678 E.02998
G1 X119.737 Y114.538 E.03
G1 X119.844 Y115.44 E.02999
G1 X119.762 Y116.344 E.02997
G1 X119.627 Y116.778 E.01501
G1 X119.245 Y116.717 F9000
;TYPE:External perimeter
;WIDTH:0.419999
G1 F1500
G1 X119.125 Y117.092 E.01235
G1 X118.714 Y117.811 E.02597
G1 X118.164 Y118.429 E.02594
G1 X117.497 Y118.919 E.02595
G1 X116.742 Y119.259 E.02596
G1 X115.933 Y119.435 E.02596
G1 X115.106 Y119.439 E.02593
G1 X114.295 Y119.271 E.02597
G1 X113.538 Y118.938 E.02593
G1 X112.866 Y118.455 E.02595
G1 X112.309 Y117.843 E.02595
G1 X111.891 Y117.128 E.02597
G1 X111.632 Y116.342 E.02595
G1 X111.541 Y115.52 E.02593
G1 X111.623 Y114.696 E.02596
G1 X111.771 Y114.18 E.01683
G1 X112.062 Y113.536 E.02216
G1 X112.545 Y112.866 E.0259
G1 X113.157 Y112.309 E.02595
G1 X113.872 Y111.891 E.02597
G1 X114.658 Y111.632 E.02595
G1 X115.37 Y111.547 E.02248
G1 X115.9 Y111.561 E.01662
G1 X116.705 Y111.729 E.02578
G1 X117.462 Y112.062 E.02593
G1 X118.134 Y112.545 E.02595
G1 X118.691 Y113.157 E.02595
G1 X119.109 Y113.872 E.02597
G1 X119.368 Y114.658 E.02595
G1 X119.459 Y115.48 E.02593
G1 X119.377 Y116.304 E.02596
G1 X119.263 Y116.66 E.01172
G1 E-3.5 F3600
;WIPE_START
G1 F7200
G1 X119.245 Y116.717 E-.02839
G1 X119.125 Y117.092 E-.18702
G1 X118.714 Y117.811 E-.39339
G1 X118.164 Y118.429 E-.39297
G1 X117.497 Y118.919 E-.39313
G1 X117.295 Y119.01 E-.1051
;WIPE_END
G1 X133.256 Y133.256 F9000
G1 E5 F2400
;TYPE:Perimeter
;WIDTH:0.439999
G1 X97.744 Y133.256 E1.17251
G1 X97.744 Y97.744 E1.17251
G1 X133.256 Y97.744 E1.17251
G1 X133.256 Y133.196 E1.17053
G1 X133.653 Y133.653 F9000
G1 F2400
G1 X97.347 Y133.653 E1.19872
G1 X97.347 Y97.347 E1.19872
G1 X133.653 Y97.347 E1.19872
G1 X133.653 Y133.593 E1.19674
G1 X134.04 Y134.04 F9000
;TYPE:External perimeter
;WIDTH:0.419999
G1 F1500
G1 X96.96 Y134.04 E1.16262
G1 X96.96 Y96.96 E1.16262
G1 X134.04 Y96.96 E1.16262
G1 X134.04 Y133.98 E1.16073
G1 E-3.5 F3600
;WIPE_START
G1 F7200
G1 X134.04 Y134.04 E-.0285
G1 X130.942 Y134.04 E-1.4715
;WIPE_END
G1 X129.361 Y132.95 F9000
G1 E5 F2400
;TYPE:Internal infill
;WIDTH:0.44
G1 F3000
G1 X131.743 Y132.95 E.07865
G1 X132.95 Y131.743 E.05636
G1 X132.95 Y132.95 E.03985
G1 X119.057 Y119.057 E.64871
G1 X118.867 Y119.265 E.0093
G1 X118.027 Y119.873 E.03424
G1 X117.055 Y120.305 E.03512
G1 E-3.5 F3600
;WIPE_START
G1 F7200
G1 X118.027 Y119.873 E-.50525
G1 X118.867 Y119.265 E-.49255
G1 X119.057 Y119.057 E-.13382
G1 X119.605 Y119.605 E-.36838
;WIPE_END
G1 X117.055 Y110.696 F9000
G1 E5 F2400
G1 F3000
G1 X118.027 Y111.127 E.03511
G1 X118.867 Y111.736 E.03426
G1 X119.056 Y111.944 E.00928
G1 X132.95 Y98.05 E.64876
G1 X132.95 Y99.257 E.03985
G1 X131.743 Y98.05 E.05636
G1 X129.361 Y98.05 E.07865
G1 E-3.5 F3600
;WIPE_START
G1 F7200
G1 X131.743 Y98.05 E-1.13145
G1 X132.292 Y98.599 E-.36855
;WIPE_END
G1 X98.05 Y101.639 F9000
G1 E5 F2400
G1 F3000
G1 X98.05 Y99.257 E.07865
G1 X99.257 Y98.05 E.05636
G1 X98.05 Y98.05 E.03985
G1 X111.944 Y111.944 E.64876
G1 X111.736 Y112.133 E.00928
G1 X111.129 Y112.969 E.03411
G1 X110.727 Y113.868 E.03252
G1 X110.556 Y114.468 E.0206
G1 X110.512 Y114.873 E.01345
G1 X98.05 Y127.335 E.58189
G1 X98.05 Y126.128 E.03985
G1 X104.872 Y132.95 E.31854
G1 X103.665 Y132.95 E.03985
G1 X116.11 Y120.505 E.5811
G1 X114.89 Y120.505 E.04028
G1 X127.335 Y132.95 E.5811
G1 X126.128 Y132.95 E.03985
G1 X132.95 Y126.128 E.31854
G1 X132.95 Y127.335 E.03985
G1 X120.487 Y114.872 E.58194
G1 X120.544 Y115.372 E.01662
G1 X120.491 Y116.124 E.02489
G1 X132.95 Y103.665 E.58175
G1 X132.95 Y104.872 E.03985
G1 X126.128 Y98.05 E.31854
G1 X127.335 Y98.05 E.03985
G1 X114.875 Y110.509 E.58178
G1 X115.254 Y110.463 E.01261
G1 X116.108 Y110.493 E.02821
G1 X103.665 Y98.05 E.58101
G1 X104.872 Y98.05 E.03985
G1 X98.05 Y104.872 E.31854
G1 X98.05 Y103.665 E.03985
G1 X110.513 Y116.128 E.58194
G1 X110.56 Y116.551 E.01405
G1 X110.887 Y117.556 E.03489
G1 X111.415 Y118.47 E.03485
G1 X111.944 Y119.056 E.02607
G1 X98.05 Y132.95 E.64876
G1 X98.05 Y131.743 E.03985
G1 X99.257 Y132.95 E.05636
G1 X101.639 Y132.95 E.07865
G1 E-3.5 F3600
;WIPE_START
G1 F7200
G1 X99.257 Y132.95 E-1.13145
G1 X98.708 Y132.401 E-.36855
;WIPE_END
G1 X106.899 Y132.95 F9000
G1 E5 F2400
G1 F3000
G1 X109.281 Y132.95 E.07865
G1 X132.95 Y109.281 E1.10519
G1 X132.95 Y110.488 E.03985
G1 X120.512 Y98.05 E.58077
G1 X121.719 Y98.05 E.03985
G1 X98.05 Y121.719 E1.10519
G1 X98.05 Y120.512 E.03985
G1 X110.488 Y132.95 E.58077
G1 X114.897 Y132.95 E.14557
G1 X132.95 Y114.897 E.84296
G1 X132.95 Y116.103 E.03982
G1 X114.897 Y98.05 E.84296
G1 X116.103 Y98.05 E.03982
G1 X98.05 Y116.103 E.84296
G1 X98.05 Y114.897 E.03982
G1 X116.103 Y132.95 E.84296
G1 X120.512 Y132.95 E.14557
G1 X132.95 Y120.512 E.58077
G1 X132.95 Y121.719 E.03985
G1 X109.281 Y98.05 E1.10519
G1 X109.871 Y98.05 E.01948
G1 X110.488 Y98.05 E.02037
G1 X98.05 Y110.488 E.58077
G1 X98.05 Y109.281 E.03985
G1 X121.719 Y132.95 E1.10519
G1 X124.101 Y132.95 E.07865
;LAYER_CHANGE
;Z:3.4
;HEIGHT:0.2
;BEFORE_LAYER_CHANGE
G92 E0
;5


G1 E-3.5 F3600
;WIPE_START
G1 F7200
G1 X99.257 Y98.05 E-1.13145
G1 X98.708 Y98.599 E-.36855
;WIPE_END
G1 Z3.4 F9000
;AFTER_LAYER_CHANGE
;5
G1 X112.72 Y111.673
G1 E5 F2400
;TYPE:Perimeter
;WIDTH:0.439999
G1 F1500
G1 X113.48 Y111.212 E.02935
G1 X114.415 Y110.886 E.03269
G1 X115.337 Y110.765 E.0307
G1 X116.375 Y110.843 E.03437
G1 X117.335 Y111.129 E.03307
G1 X118.203 Y111.606 E.0327
G1 X118.954 Y112.254 E.03275
G1 X119.553 Y113.043 E.03271
G1 X119.976 Y113.939 E.03271
G1 X120.202 Y114.904 E.03272
G1 X120.224 Y115.894 E.0327
G1 X120.038 Y116.868 E.03274
G1 X119.655 Y117.781 E.03269
G1 X119.09 Y118.595 E.03272
G1 X118.368 Y119.274 E.03272
G1 X117.52 Y119.788 E.03274
G1 X116.585 Y120.114 E.03269
G1 X115.602 Y120.239 E.03272
G1 X114.614 Y120.156 E.03274
G1 X113.665 Y119.871 E.03272
G1 X112.797 Y119.394 E.0327
G1 X112.046 Y118.746 E.03275
G1 X111.447 Y117.957 E.03271
G1 X111.024 Y117.061 E.03271
G1 X110.822 Y116.244 E.02779
G1 X110.759 Y115.577 E.02212
G1 X110.797 Y114.918 E.02179
G1 X110.964 Y114.124 E.02679
G1 X111.345 Y113.219 E.03242
G1 X111.91 Y112.405 E.03272
G1 X112.632 Y111.726 E.03272
G1 X112.668 Y111.704 E.00139
G1 X112.95 Y111.99 F9000
G1 F1500
G1 X113.678 Y111.556 E.02798
G1 X114.538 Y111.263 E.03
G1 X115.38 Y111.159 E.02801
G1 X116.338 Y111.238 E.03174
G1 X117.212 Y111.507 E.03019
G1 X118.005 Y111.95 E.02999
G1 X118.688 Y112.549 E.02999
G1 X119.232 Y113.276 E.02998
G1 X119.613 Y114.1 E.02997
G1 X119.814 Y114.986 E.03
G1 X119.826 Y115.894 E.02998
G1 X119.65 Y116.785 E.02999
G1 X119.292 Y117.62 E.03
G1 X118.768 Y118.362 E.02999
G1 X118.102 Y118.979 E.02998
G1 X117.322 Y119.444 E.02998
G1 X116.462 Y119.737 E.03
G1 X115.56 Y119.844 E.02999
G1 X114.656 Y119.762 E.02997
G1 X113.788 Y119.493 E.03
G1 X112.995 Y119.05 E.02999
G1 X112.312 Y118.451 E.02999
G1 X111.768 Y117.724 E.02998
G1 X111.387 Y116.9 E.02997
G1 X111.209 Y116.157 E.02523
G1 X111.155 Y115.546 E.02025
G1 X111.193 Y114.948 E.01978
G1 X111.351 Y114.21 E.02492
G1 X111.708 Y113.38 E.02983
G1 X112.232 Y112.638 E.02999
G1 X112.898 Y112.021 E.02998
G1 X113.174 Y112.299 F9000
;TYPE:External perimeter
;WIDTH:0.419999
G1 F1500
G1 X113.872 Y111.891 E.02535
G1 X114.658 Y111.632 E.02595
G1 X115.422 Y111.544 E.02411
G1 X116.302 Y111.623 E.0277
G1 X117.092 Y111.875 E.026
G1 X117.811 Y112.286 E.02597
G1 X118.429 Y112.836 E.02594
G1 X118.919 Y113.503 E.02595
G1 X119.259 Y114.258 E.02596
G1 X119.435 Y115.067 E.02596
G1 X119.439 Y115.894 E.02593
G1 X119.271 Y116.705 E.02597
G1 X118.938 Y117.462 E.02593
G1 X118.455 Y118.134 E.02595
G1 X117.843 Y118.691 E.02595
G1 X117.128 Y119.109 E.02597
G1 X116.342 Y119.368 E.02595
G1 X115.52 Y119.459 E.02593
G1 X114.696 Y119.377 E.02596
G1 X113.908 Y119.125 E.02594
G1 X113.189 Y118.714 E.02597
G1 X112.571 Y118.164 E.02594
G1 X112.081 Y117.497 E.02595
G1 X111.741 Y116.742 E.02596
G1 X111.587 Y116.073 E.02152
G1 X111.541 Y115.515 E.01756
G1 X111.579 Y114.977 E.01691
G1 X111.729 Y114.294 E.02193
G1 X112.062 Y113.538 E.0259
G1 X112.545 Y112.866 E.02595
G1 X113.127 Y112.336 E.02468
G1 E-3.5 F3600
;WIPE_START
G1 F7200
G1 X113.174 Y112.299 E-.02841
G1 X113.872 Y111.891 E-.38404
G1 X114.658 Y111.632 E-.3931
G1 X115.422 Y111.544 E-.3653
G1 X116.112 Y111.606 E-.32915
;WIPE_END
G1 X97.744 Y97.744 F9000
G1 E5 F2400
;TYPE:Perimeter
;WIDTH:0.439999
G1 X133.256 Y97.744 E1.17251
G1 X133.256 Y133.256 E1.17251
G1 X97.744 Y133.256 E1.17251
G1 X97.744 Y97.804 E1.17053
G1 X97.347 Y97.347 F9000
G1 F2400
G1 X133.653 Y97.347 E1.19872
G1 X133.653 Y133.653 E1.19872
G1 X97.347 Y133.653 E1.19872
G1 X97.347 Y97.407 E1.19674
G1 X96.96 Y96.96 F9000
;TYPE:External perimeter
;WIDTH:0.419999
G1 F1500
G1 X134.04 Y96.96 E1.16262
G1 X134.04 Y134.04 E1.16262
G1 X96.96 Y134.04 E1.16262
G1 X96.96 Y97.02 E1.16073
G1 E-3.5 F3600
;WIPE_START
G1 F7200
G1 X96.96 Y96.96 E-.0285
G1 X100.058 Y96.96 E-1.4715
;WIPE_END
G1 X101.639 Y98.05 F9000
G1 E5 F2400
;TYPE:Internal infill
;WIDTH:0.44
G1 F3000
G1 X99.257 Y98.05 E.07865
G1 X98.05 Y99.257 E.05636
G1 X98.05 Y98.05 E.03985
G1 X111.94 Y111.94 E.64857
G1 X112.53 Y111.415 E.02608
G1 X113.444 Y110.887 E.03485
G1 X114.447 Y110.561 E.03482
G1 X114.87 Y110.514 E.01405
G1 X127.335 Y98.05 E.58201
G1 X126.128 Y98.05 E.03985
G1 X132.95 Y104.872 E.31854
G1 X132.95 Y103.665 E.03985
G1 X120.505 Y116.11 E.5811
G1 X120.507 Y114.892 E.04022
G1 X132.95 Y127.335 E.58101
G1 X132.95 Y126.128 E.03985
G1 X126.128 Y132.95 E.31854
G1 X127.335 Y132.95 E.03985
G1 X114.869 Y120.484 E.58208
G1 X115.5 Y120.551 E.02095
G1 X116.131 Y120.484 E.02095
G1 X103.665 Y132.95 E.58208
G1 X104.872 Y132.95 E.03985
G1 X98.05 Y126.128 E.31854
G1 X98.05 Y127.335 E.03985
G1 X110.504 Y114.881 E.58152
G1 X110.45 Y115.5 E.02052
G1 X110.5 Y116.116 E.02041
G1 X98.05 Y103.665 E.58136
G1 X98.05 Y104.872 E.03985
G1 X104.872 Y98.05 E.31854
G1 X103.665 Y98.05 E.03985
G1 X116.135 Y110.52 E.58227
G1 X116.544 Y110.559 E.01357
G1 X117.555 Y110.887 E.03509
G1 X118.47 Y111.415 E.03488
G1 X119.06 Y111.94 E.02608
G1 X132.95 Y98.05 E.64857
G1 X132.95 Y99.257 E.03985
G1 X131.743 Y98.05 E.05636
G1 X129.361 Y98.05 E.07865
G1 E-3.5 F3600
;WIPE_START
G1 F7200
G1 X131.743 Y98.05 E-1.13145
G1 X132.292 Y98.599 E-.36855
;WIPE_END
G1 X120.304 Y117.055 F9000
G1 E5 F2400
G1 F3000
G1 X119.873 Y118.027 E.03511
G1 X119.264 Y118.867 E.03426
G1 X119.056 Y119.056 E.00928
G1 X132.95 Y132.95 E.64876
G1 X131.743 Y132.95 E.03985
G1 X132.95 Y131.743 E.05636
G1 X132.95 Y129.361 E.07865
G1 E-3.5 F3600
;WIPE_START
G1 F7200
G1 X132.95 Y131.743 E-1.13145
G1 X132.401 Y132.292 E-.36855
;WIPE_END
G1 X124.101 Y132.95 F9000
G1 E5 F2400
G1 F3000
G1 X121.719 Y132.95 E.07865
G1 X98.05 Y109.281 E1.10519
G1 X98.05 Y110.488 E.03985
G1 X110.488 Y98.05 E.58077
G1 X109.281 Y98.05 E.03985
G1 X132.95 Y121.719 E1.10519
G1 X132.95 Y120.512 E.03985
G1 X120.512 Y132.95 E.58077
G1 X116.103 Y132.95 E.14557
G1 X98.05 Y114.897 E.84296
G1 X98.05 Y116.103 E.03982
G1 X116.103 Y98.05 E.84296
G1 X114.897 Y98.05 E.03982
G1 X132.95 Y116.103 E.84296
G1 X132.95 Y114.897 E.03982
G1 X114.897 Y132.95 E.84296
G1 X110.488 Y132.95 E.14557
G1 X98.05 Y120.512 E.58077
G1 X98.05 Y121.719 E.03985
G1 X121.719 Y98.05 E1.10519
G1 X120.512 Y98.05 E.03985
G1 X132.95 Y110.488 E.58077
G1 X132.95 Y109.281 E.03985
G1 X109.281 Y132.95 E1.10519
G1 X106.899 Y132.95 E.07865
G1 E-3.5 F3600
;WIPE_START
G1 F7200
G1 X109.281 Y132.95 E-1.13145
G1 X109.83 Y132.401 E-.36855
;WIPE_END
G1 X101.639 Y132.95 F9000
G1 E5 F2400
G1 F3000
G1 X99.257 Y132.95 E.07865
G1 X98.05 Y131.743 E.05636
G1 X98.05 Y132.95 E.03985
G1 X111.94 Y119.06 E.64857
G1 X111.666 Y118.779 E.01296
G1 X111.127 Y118.027 E.03055
G1 X110.701 Y117.053 E.0351
;LAYER_CHANGE
;Z:3.6
;HEIGHT:0.2
;BEFORE_LAYER_CHANGE
G92 E0
;5.2


G1 E-3.5 F3600
;WIPE_START
G1 F7200
G1 X111.127 Y118.027 E-.50497
G1 X111.666 Y118.779 E-.43948
G1 X111.94 Y119.06 E-.18643
G1 X111.391 Y119.609 E-.36912
;WIPE_END
G1 Z3.6 F9000
;AFTER_LAYER_CHANGE
;5.2
G1 X110.998 Y116.963
G1 E5 F2400
;TYPE:Perimeter
;WIDTH:0.439999
G1 F1500
G1 X110.846 Y116.392 E.01951
G1 X110.76 Y115.592 E.02657
G1 X110.788 Y114.981 E.02019
G1 X110.963 Y114.128 E.02875
G1 X111.345 Y113.219 E.03256
G1 X111.91 Y112.405 E.03272
G1 X112.632 Y111.726 E.03272
G1 X113.48 Y111.212 E.03274
G1 X114.415 Y110.886 E.03269
G1 X115.267 Y110.769 E.02839
G1 X115.921 Y110.777 E.02159
G1 X116.868 Y110.962 E.03186
G1 X117.781 Y111.345 E.03269
G1 X118.595 Y111.91 E.03272
G1 X119.274 Y112.632 E.03272
G1 X119.788 Y113.48 E.03274
G1 X120.114 Y114.415 E.03269
G1 X120.239 Y115.398 E.03272
G1 X120.156 Y116.386 E.03274
G1 X119.871 Y117.335 E.03272
G1 X119.394 Y118.203 E.0327
G1 X118.746 Y118.954 E.03275
G1 X117.957 Y119.553 E.03271
G1 X117.184 Y119.928 E.02837
G1 X116.559 Y120.122 E.02161
G1 X115.602 Y120.239 E.03183
G1 X114.614 Y120.156 E.03274
G1 X113.665 Y119.871 E.03272
G1 X112.797 Y119.394 E.0327
G1 X112.046 Y118.746 E.03275
G1 X111.447 Y117.957 E.03271
G1 X111.024 Y117.061 E.03271
G1 X111.014 Y117.021 E.00136
G1 X111.372 Y116.841 F9000
G1 F1500
G1 X111.232 Y116.298 E.01851
G1 X111.155 Y115.555 E.02466
G1 X111.184 Y115.007 E.01812
G1 X111.351 Y114.212 E.02682
G1 X111.708 Y113.38 E.02989
G1 X112.232 Y112.638 E.02999
G1 X112.898 Y112.021 E.02998
G1 X113.678 Y111.556 E.02998
G1 X114.538 Y111.263 E.03
G1 X115.312 Y111.163 E.02577
G1 X115.91 Y111.174 E.01975
G1 X116.785 Y111.35 E.02947
G1 X117.62 Y111.708 E.03
G1 X118.362 Y112.232 E.02999
G1 X118.979 Y112.898 E.02998
G1 X119.444 Y113.678 E.02998
G1 X119.737 Y114.538 E.03
G1 X119.844 Y115.44 E.02999
G1 X119.762 Y116.344 E.02997
G1 X119.493 Y117.212 E.03
G1 X119.05 Y118.005 E.02999
G1 X118.451 Y118.688 E.02999
G1 X117.724 Y119.232 E.02998
G1 X117.019 Y119.567 E.02577
G1 X116.447 Y119.741 E.01974
G1 X115.56 Y119.844 E.02948
G1 X114.656 Y119.762 E.02997
G1 X113.788 Y119.493 E.03
G1 X112.995 Y119.05 E.02999
G1 X112.312 Y118.451 E.02999
G1 X111.768 Y117.724 E.02998
G1 X111.387 Y116.899 E.03
G1 X111.736 Y116.723 F9000
;TYPE:External perimeter
;WIDTH:0.419999
G1 F1500
G1 X111.609 Y116.208 E.01663
G1 X111.541 Y115.518 E.02174
G1 X111.575 Y115.005 E.01612
G1 X111.729 Y114.295 E.02278
G1 X112.062 Y113.538 E.02593
G1 X112.545 Y112.866 E.02595
G1 X113.157 Y112.309 E.02595
G1 X113.872 Y111.891 E.02597
G1 X114.658 Y111.632 E.02595
G1 X115.356 Y111.548 E.02204
G1 X115.899 Y111.561 E.01703
G1 X116.705 Y111.729 E.02581
G1 X117.462 Y112.062 E.02593
G1 X118.134 Y112.545 E.02595
G1 X118.691 Y113.157 E.02595
G1 X119.109 Y113.872 E.02597
G1 X119.368 Y114.658 E.02595
G1 X119.459 Y115.48 E.02593
G1 X119.377 Y116.304 E.02596
G1 X119.125 Y117.092 E.02594
G1 X118.714 Y117.811 E.02597
G1 X118.164 Y118.429 E.02594
G1 X117.497 Y118.919 E.02595
G1 X116.858 Y119.215 E.02208
G1 X116.338 Y119.37 E.01701
G1 X115.52 Y119.459 E.0258
G1 X114.696 Y119.377 E.02596
G1 X113.908 Y119.125 E.02594
G1 X113.189 Y118.714 E.02597
G1 X112.571 Y118.164 E.02594
G1 X112.081 Y117.497 E.02595
G1 X111.757 Y116.779 E.0247
G1 E-3.5 F3600
;WIPE_START
G1 F7200
G1 X111.736 Y116.723 E-.02841
G1 X111.609 Y116.208 E-.25195
G1 X111.541 Y115.518 E-.32934
G1 X111.575 Y115.005 E-.24421
G1 X111.729 Y114.295 E-.34509
G1 X111.984 Y113.715 E-.301
;WIPE_END
G1 X97.744 Y133.256 F9000
G1 E5 F2400
;TYPE:Perimeter
;WIDTH:0.439999
G1 X97.744 Y97.744 E1.17251
G1 X133.256 Y97.744 E1.17251
G1 X133.256 Y133.256 E1.17251
G1 X97.804 Y133.256 E1.17053
G1 X97.347 Y133.653 F9000
G1 F2400
G1 X97.347 Y97.347 E1.19872
G1 X133.653 Y97.347 E1.19872
G1 X133.653 Y133.653 E1.19872
G1 X97.407 Y133.653 E1.19674
G1 X96.96 Y134.04 F9000
;TYPE:External perimeter
;WIDTH:0.419999
G1 F1500
G1 X96.96 Y96.96 E1.16262
G1 X134.04 Y96.96 E1.16262
G1 X134.04 Y134.04 E1.16262
G1 X97.02 Y134.04 E1.16073
G1 E-3.5 F3600
;WIPE_START
G1 F7200
G1 X96.96 Y134.04 E-.0285
G1 X96.96 Y130.942 E-1.4715
;WIPE_END
G1 X101.242 Y132.553 F9000
G1 E5 F2400
;TYPE:Internal infill
;WIDTH:0.44
G1 F3000
G1 X98.86 Y132.553 E.07865
G1 X98.447 Y132.14 E.01928
G1 X98.447 Y132.553 E.01364
G1 X111.94 Y119.06 E.63004
G1 X111.666 Y118.779 E.01296
G1 X111.127 Y118.027 E.03055
G1 X110.7 Y117.053 E.03511
G1 E-3.5 F3600
;WIPE_START
G1 F7200
G1 X111.127 Y118.027 E-.50516
G1 X111.666 Y118.779 E-.43948
G1 X111.94 Y119.06 E-.18643
G1 X111.391 Y119.609 E-.36893
;WIPE_END
G1 X110.696 Y113.945 F9000
G1 E5 F2400
G1 F3000
G1 X111.127 Y112.973 E.03511
G1 X111.736 Y112.133 E.03426
G1 X111.944 Y111.944 E.00928
G1 X98.447 Y98.447 E.63022
G1 X98.447 Y98.86 E.01364
G1 X98.86 Y98.447 E.01928
G1 X101.242 Y98.447 E.07865
G1 E-3.5 F3600
;WIPE_START
G1 F7200
G1 X98.86 Y98.447 E-1.13145
G1 X98.447 Y98.86 E-.27743
G1 X98.447 Y98.668 E-.09112
;WIPE_END
G1 X114.618 Y98.05 F9000
G1 E5 F2400
;TYPE:Solid infill
;WIDTH:0.440028
G1 X98.248 Y98.05 E.54053
;WIDTH:0.474095
G1 X98.166 Y98.067 E.003
;WIDTH:0.508162
G1 X98.084 Y98.084 E.00324
G1 X98.067 Y98.166 E.00324
;WIDTH:0.474096
G1 X98.05 Y98.248 E.003
;WIDTH:0.44003
G1 X98.05 Y114.786 E.54608
G1 X98.447 Y115.294 F9000
;TYPE:Internal infill
;WIDTH:0.44
G1 F3000
G1 X115.706 Y132.553 E.80588
G1 X116.214 Y132.95 F9000
;TYPE:Solid infill
;WIDTH:0.44003
G1 F2400
G1 X132.752 Y132.95 E.54608
;WIDTH:0.474097
G1 X132.834 Y132.933 E.003
;WIDTH:0.508164
G1 X132.916 Y132.916 E.00324
G1 X132.933 Y132.834 E.00324
;WIDTH:0.474096
G1 X132.95 Y132.752 E.003
;WIDTH:0.440028
G1 X132.95 Y116.382 E.54053
G1 X132.553 Y115.706 F9000
;TYPE:Internal infill
;WIDTH:0.44
G1 F3000
G1 X115.294 Y98.447 E.80588
G1 X116.468 Y98.05 F9000
;TYPE:Solid infill
;WIDTH:0.44003
G1 F2400
G1 X132.752 Y98.05 E.53769
;WIDTH:0.474094
G1 X132.834 Y98.067 E.003
;WIDTH:0.50816
G1 X132.916 Y98.084 E.00324
G1 X132.933 Y98.166 E.00324
;WIDTH:0.474095
G1 X132.95 Y98.248 E.003
;WIDTH:0.44003
G1 X132.95 Y114.532 E.53769
G1 X132.553 Y112.736 F9000
;TYPE:Internal infill
;WIDTH:0.44
G1 F3000
G1 X132.553 Y114.697 E.06475
G1 X132.851 Y114.995 E.01391
G1 X114.916 Y132.931 E.83747
G1 X114.538 Y132.553 E.01765
G1 X110.091 Y132.553 E.14683
G1 X98.447 Y120.909 E.5437
G1 X98.447 Y121.322 E.01364
G1 X121.322 Y98.447 E1.06811
G1 X120.909 Y98.447 E.01364
G1 X132.553 Y110.091 E.5437
G1 X132.553 Y109.678 E.01364
G1 X109.678 Y132.553 E1.06811
G1 X107.296 Y132.553 E.07865
G1 E-3.5 F3600
;WIPE_START
G1 F7200
G1 X109.678 Y132.553 E-1.13145
G1 X110.227 Y132.004 E-.36855
;WIPE_END
G1 X118.527 Y132.553 F9000
G1 E5 F2400
G1 F3000
G1 X120.909 Y132.553 E.07865
G1 X132.553 Y120.909 E.5437
G1 X132.553 Y121.322 E.01364
G1 X109.678 Y98.447 E1.06811
G1 X110.091 Y98.447 E.01364
G1 X98.447 Y110.091 E.5437
G1 X98.447 Y109.678 E.01364
G1 X121.322 Y132.553 E1.06811
G1 X123.704 Y132.553 E.07865
G1 E-3.5 F3600
;WIPE_START
G1 F7200
G1 X121.322 Y132.553 E-1.13145
G1 X120.773 Y132.004 E-.36855
;WIPE_END
G1 X132.553 Y129.758 F9000
G1 E5 F2400
G1 F3000
G1 X132.553 Y132.14 E.07865
G1 X132.14 Y132.553 E.01928
G1 X132.553 Y132.553 E.01364
G1 X119.06 Y119.06 E.63004
G1 X119.585 Y118.47 E.02608
G1 X120.113 Y117.556 E.03485
G1 X120.44 Y116.551 E.03489
G1 X120.484 Y116.131 E.01394
G1 X132.553 Y104.063 E.56352
G1 X132.553 Y104.475 E.0136
G1 X126.525 Y98.447 E.28147
G1 X126.937 Y98.447 E.0136
G1 X114.876 Y110.508 E.56317
G1 X115.239 Y110.464 E.01207
G1 X116.108 Y110.493 E.02871
G1 X104.063 Y98.447 E.56245
G1 X104.475 Y98.447 E.0136
G1 X98.447 Y104.475 E.28147
G1 X98.447 Y104.063 E.0136
G1 X110.507 Y116.123 E.56312
G1 X110.45 Y115.518 E.02006
G1 X110.5 Y114.885 E.02097
G1 X98.447 Y126.937 E.56277
G1 X98.447 Y126.525 E.0136
G1 X104.475 Y132.553 E.28147
G1 X104.063 Y132.553 E.0136
G1 X116.13 Y120.485 E.56347
G1 X115.5 Y120.551 E.02091
G1 X114.869 Y120.484 E.02095
G1 X126.937 Y132.553 E.56352
G1 X126.525 Y132.553 E.0136
G1 X132.553 Y126.525 E.28147
G1 X132.553 Y126.937 E.0136
G1 X120.484 Y114.869 E.56352
G1 X120.44 Y114.449 E.01394
G1 X120.113 Y113.444 E.03489
G1 X119.585 Y112.53 E.03485
G1 X119.056 Y111.944 E.02607
G1 X132.553 Y98.447 E.63022
G1 X132.553 Y98.86 E.01364
G1 X132.14 Y98.447 E.01928
G1 X129.758 Y98.447 E.07865
G1 E-3.5 F3600
;WIPE_START
G1 F7200
G1 X132.14 Y98.447 E-1.13145
G1 X132.553 Y98.86 E-.27743
G1 X132.553 Y98.668 E-.09112
;WIPE_END
G1 X118.264 Y98.447 F9000
G1 E5 F2400
G1 F3000
G1 X116.303 Y98.447 E.06475
G1 X116.005 Y98.149 E.01391
G1 X98.069 Y116.084 E.83747
G1 X98.447 Y116.462 E.01765
G1 X98.447 Y118.31 E.06102
G1 X98.05 Y116.626 F9000
;TYPE:Solid infill
;WIDTH:0.44003
G1 F2400
G1 X98.05 Y132.752 E.53248
;WIDTH:0.474094
G1 X98.067 Y132.834 E.003
;WIDTH:0.508158
G1 X98.084 Y132.916 E.00324
G1 X98.166 Y132.933 E.00324
;WIDTH:0.474093
G1 X98.248 Y132.95 E.003
;WIDTH:0.44003
G1 X114.374 Y132.95 E.53248
;LAYER_CHANGE
;Z:3.8
;HEIGHT:0.2
;BEFORE_LAYER_CHANGE
G92 E0
;5.6


G1 E-3.5 F3600
;WIPE_START
G1 F7200
G1 X115.465 Y98.929 E-.70937
G1 X115.151 Y99.243 E-.21093
G1 X114.288 Y98.38 E-.5797
;WIPE_END
G1 Z3.8 F9000
;AFTER_LAYER_CHANGE
;5.6
G1 X115.007 Y110.808
G1 E5 F2400
;TYPE:Perimeter
;WIDTH:0.439999
G1 F1500
G1 X115.329 Y110.765 E.01073
G1 X115.931 Y110.777 E.01988
G1 X116.868 Y110.962 E.03153
G1 X117.781 Y111.345 E.03269
G1 X118.595 Y111.91 E.03272
G1 X119.274 Y112.632 E.03272
G1 X119.788 Y113.48 E.03274
G1 X120.114 Y114.415 E.03269
G1 X120.239 Y115.398 E.03272
G1 X120.156 Y116.386 E.03274
G1 X119.871 Y117.335 E.03272
G1 X119.393 Y118.203 E.03272
G1 X118.746 Y118.954 E.03273
G1 X117.957 Y119.553 E.03271
G1 X117.061 Y119.976 E.03271
G1 X116.096 Y120.202 E.03272
G1 X115.106 Y120.224 E.0327
G1 X114.132 Y120.038 E.03274
G1 X113.219 Y119.655 E.03269
G1 X112.405 Y119.09 E.03272
G1 X111.726 Y118.368 E.03272
G1 X111.212 Y117.52 E.03274
G1 X110.886 Y116.585 E.03269
G1 X110.761 Y115.602 E.03272
G1 X110.789 Y114.977 E.02066
G1 X110.963 Y114.128 E.02861
G1 X111.345 Y113.219 E.03256
G1 X111.91 Y112.405 E.03272
G1 X112.632 Y111.726 E.03272
G1 X113.48 Y111.212 E.03274
G1 X114.415 Y110.886 E.03269
G1 X114.947 Y110.815 E.01772
G1 X115.048 Y111.2 F9000
G1 F1500
G1 X115.373 Y111.16 E.01081
G1 X115.916 Y111.174 E.01793
G1 X116.785 Y111.35 E.02927
G1 X117.62 Y111.708 E.03
G1 X118.362 Y112.232 E.02999
G1 X118.979 Y112.898 E.02998
G1 X119.444 Y113.678 E.02998
G1 X119.737 Y114.538 E.03
G1 X119.844 Y115.44 E.02999
G1 X119.762 Y116.344 E.02997
G1 X119.493 Y117.212 E.03
G1 X119.05 Y118.005 E.02999
G1 X118.451 Y118.688 E.02999
G1 X117.724 Y119.232 E.02998
G1 X116.9 Y119.613 E.02997
G1 X116.014 Y119.814 E.03
G1 X115.106 Y119.826 E.02998
G1 X114.215 Y119.65 E.02999
G1 X113.38 Y119.292 E.03
G1 X112.638 Y118.768 E.02999
G1 X112.021 Y118.102 E.02998
G1 X111.556 Y117.322 E.02998
G1 X111.263 Y116.462 E.03
G1 X111.156 Y115.56 E.02999
G1 X111.185 Y115.003 E.01842
G1 X111.351 Y114.212 E.02669
G1 X111.708 Y113.38 E.02989
G1 X112.232 Y112.638 E.02999
G1 X112.898 Y112.021 E.02998
G1 X113.678 Y111.556 E.02998
G1 X114.538 Y111.263 E.03
G1 X114.989 Y111.207 E.01501
G1 X115.088 Y111.582 F9000
;TYPE:External perimeter
;WIDTH:0.419999
G1 F1500
G1 X115.415 Y111.544 E.01032
G1 X115.917 Y111.562 E.01575
G1 X116.705 Y111.729 E.02526
G1 X117.462 Y112.062 E.02593
G1 X118.134 Y112.545 E.02595
G1 X118.691 Y113.157 E.02595
G1 X119.109 Y113.872 E.02597
G1 X119.368 Y114.658 E.02595
G1 X119.459 Y115.48 E.02593
G1 X119.377 Y116.304 E.02596
G1 X119.125 Y117.092 E.02594
G1 X118.714 Y117.811 E.02597
G1 X118.164 Y118.429 E.02594
G1 X117.497 Y118.919 E.02595
G1 X116.742 Y119.259 E.02596
G1 X115.933 Y119.435 E.02596
G1 X115.106 Y119.439 E.02593
G1 X114.295 Y119.271 E.02597
G1 X113.538 Y118.938 E.02593
G1 X112.866 Y118.455 E.02595
G1 X112.309 Y117.843 E.02595
G1 X111.891 Y117.128 E.02597
G1 X111.632 Y116.342 E.02595
G1 X111.541 Y115.52 E.02593
G1 X111.575 Y115.002 E.01628
G1 X111.729 Y114.294 E.02272
G1 X112.062 Y113.538 E.0259
G1 X112.545 Y112.866 E.02595
G1 X113.157 Y112.309 E.02595
G1 X113.872 Y111.891 E.02597
G1 X114.658 Y111.632 E.02595
G1 X115.029 Y111.589 E.01171
G1 E-3.5 F3600
;WIPE_START
G1 F7200
G1 X115.088 Y111.582 E-.02822
G1 X115.415 Y111.544 E-.15637
G1 X115.917 Y111.562 E-.2386
G1 X116.705 Y111.729 E-.38261
G1 X117.462 Y112.062 E-.39283
G1 X117.978 Y112.432 E-.30137
;WIPE_END
G1 X97.744 Y97.744 F9000
G1 E5 F2400
;TYPE:Perimeter
;WIDTH:0.439999
G1 X133.256 Y97.744 E1.17251
G1 X133.256 Y133.256 E1.17251
G1 X97.744 Y133.256 E1.17251
G1 X97.744 Y97.804 E1.17053
G1 X97.347 Y97.347 F9000
G1 F2400
G1 X133.653 Y97.347 E1.19872
G1 X133.653 Y133.653 E1.19872
G1 X97.347 Y133.653 E1.19872
G1 X97.347 Y97.407 E1.19674
G1 X96.96 Y96.96 F9000
;TYPE:External perimeter
;WIDTH:0.419999
G1 F1500
G1 X134.04 Y96.96 E1.16262
G1 X134.04 Y134.04 E1.16262
G1 X96.96 Y134.04 E1.16262
G1 X96.96 Y97.02 E1.16073
G1 X98.158 Y98.082 F9000
;TYPE:Solid infill
;WIDTH:0.53634
G1 F2400
G1 X98.114 Y98.039 E.00252
G1 X98.054 Y98.054 E.00254
G1 X98.039 Y98.114 E.00254
G1 X98.082 Y98.158 E.00252
G1 X98.142 Y98.142 E.00255
;WIDTH:0.439999
G1 X98.776 Y98.05 E.02115
G1 X98.05 Y98.776 E.0339
G1 X98.05 Y99.337 E.01852
G1 X99.337 Y98.05 E.06009
G1 X99.899 Y98.05 E.01856
G1 X98.05 Y99.899 E.08634
G1 X98.05 Y100.461 E.01856
G1 X100.461 Y98.05 E.11258
G1 X101.022 Y98.05 E.01852
G1 X98.05 Y101.022 E.13877
G1 X98.05 Y101.584 E.01856
G1 X101.584 Y98.05 E.16501
G1 X102.145 Y98.05 E.01852
G1 X98.05 Y102.145 E.19121
G1 X98.05 Y102.707 E.01856
G1 X102.707 Y98.05 E.21745
G1 X103.268 Y98.05 E.01852
G1 X98.05 Y103.268 E.24365
G1 X98.05 Y103.83 E.01856
G1 X103.83 Y98.05 E.26989
G1 X104.391 Y98.05 E.01852
G1 X98.05 Y104.391 E.29608
G1 X98.05 Y104.953 E.01856
G1 X104.953 Y98.05 E.32232
G1 X105.515 Y98.05 E.01856
G1 X98.05 Y105.515 E.34857
G1 X98.05 Y106.076 E.01852
G1 X106.076 Y98.05 E.37476
G1 X106.638 Y98.05 E.01856
G1 X98.05 Y106.638 E.401
G1 X98.05 Y107.199 E.01852
G1 X107.199 Y98.05 E.4272
G1 X107.761 Y98.05 E.01856
G1 X98.05 Y107.761 E.45344
G1 X98.05 Y108.322 E.01852
G1 X108.322 Y98.05 E.47964
G1 X108.884 Y98.05 E.01856
G1 X98.05 Y108.884 E.50588
G1 X98.05 Y109.445 E.01852
G1 X109.445 Y98.05 E.53207
G1 X110.007 Y98.05 E.01856
G1 X98.05 Y110.007 E.55831
G1 X98.05 Y110.569 E.01856
G1 X110.569 Y98.05 E.58456
G1 X111.13 Y98.05 E.01852
G1 X98.05 Y111.13 E.61075
G1 X98.05 Y111.692 E.01856
G1 X111.692 Y98.05 E.63699
G1 X112.253 Y98.05 E.01852
G1 X98.05 Y112.253 E.66319
G1 X98.05 Y112.815 E.01856
G1 X112.815 Y98.05 E.68943
G1 X113.376 Y98.05 E.01852
G1 X98.05 Y113.376 E.71562
G1 X98.05 Y113.938 E.01856
G1 X113.938 Y98.05 E.74187
G1 X114.499 Y98.05 E.01852
G1 X98.05 Y114.499 E.76806
G1 X98.05 Y115.061 E.01856
G1 X115.061 Y98.05 E.7943
G1 X115.441 Y98.222 E.01377
;WIDTH:0.430229
G1 X115.298 Y98.359 E.00638
;WIDTH:0.432549
G1 X115.525 Y98.297 E.00762
;WIDTH:0.439999
G1 X115.709 Y98.352 E.00634
G1 X118.042 Y100.684 E.10891
G1 X120.677 Y98.05 E.12301
G1 X115.509 Y98.05 E.17063
G1 X116.366 Y98.447 F9000
G1 F2400
G1 X119.718 Y98.447 E.11067
G1 X118.042 Y100.123 E.07826
G1 X116.507 Y98.587 E.0717
G1 X117.444 Y98.893 F9000
;WIDTH:0.538525
G1 F2400
G1 X118.64 Y98.893 E.04929
G1 X118.042 Y99.492 E.03488
G1 X117.584 Y99.034 E.02669
G1 E-3.5 F3600
;WIPE_START
G1 F7200
G1 X118.042 Y99.492 E-.30766
G1 X118.64 Y98.893 E-.40204
G1 X117.444 Y98.893 E-.5681
;WIPE_END
G1 E-.2222 F3600
G1 X118.323 Y100.965 F9000
G1 E5 F2400
;WIDTH:0.439999
G1 X121.238 Y98.05 E.13611
G1 X121.8 Y98.05 E.01856
G1 X118.604 Y101.246 E.14923
G1 X118.884 Y101.527 E.0131
G1 X122.361 Y98.05 E.16235
G1 X122.923 Y98.05 E.01856
G1 X119.165 Y101.807 E.17545
G1 X119.446 Y102.088 E.01312
G1 X123.484 Y98.05 E.18855
G1 X124.046 Y98.05 E.01856
G1 X119.727 Y102.369 E.20167
G1 X120.008 Y102.65 E.01312
G1 X124.607 Y98.05 E.21477
G1 X125.169 Y98.05 E.01856
G1 X120.288 Y102.931 E.22791
G1 X120.569 Y103.211 E.0131
G1 X125.731 Y98.05 E.24101
G1 X126.292 Y98.05 E.01852
G1 X120.85 Y103.492 E.25411
G1 X121.131 Y103.773 E.01312
G1 X126.854 Y98.05 E.26723
G1 X127.415 Y98.05 E.01852
G1 X121.411 Y104.054 E.28035
G1 X121.692 Y104.334 E.0131
G1 X127.977 Y98.05 E.29344
G1 X128.538 Y98.05 E.01852
G1 X121.973 Y104.615 E.30654
G1 X122.254 Y104.896 E.01312
G1 X129.1 Y98.05 E.31966
G1 X129.661 Y98.05 E.01852
G1 X122.535 Y105.177 E.33276
G1 X122.815 Y105.458 E.0131
G1 X130.223 Y98.05 E.34591
G1 X130.785 Y98.05 E.01856
G1 X123.096 Y105.738 E.359
G1 X123.377 Y106.019 E.01312
G1 X131.346 Y98.05 E.3721
G1 X131.908 Y98.05 E.01856
G1 X123.658 Y106.3 E.38522
G1 X123.938 Y106.581 E.0131
G1 X132.469 Y98.05 E.39834
G1 X132.871 Y97.902 E.01414
;WIDTH:0.38292
G1 X133.081 Y97.919 E.00596
;WIDTH:0.41146
G1 X133.015 Y98.025 E.00383
;WIDTH:0.439999
G1 X132.95 Y98.131 E.00411
G1 X124.219 Y106.861 E.40766
G1 X124.5 Y107.142 E.01312
G1 X132.95 Y98.692 E.39456
G1 X132.95 Y99.254 E.01856
G1 X124.781 Y107.423 E.38144
G1 X125.062 Y107.704 E.01312
G1 X132.95 Y99.815 E.36834
G1 X132.95 Y100.377 E.01856
G1 X125.342 Y107.985 E.35524
G1 X125.623 Y108.265 E.0131
G1 X132.95 Y100.938 E.34212
G1 X132.95 Y101.5 E.01856
G1 X125.904 Y108.546 E.329
G1 X126.185 Y108.827 E.01312
G1 X132.95 Y102.061 E.3159
G1 X132.95 Y102.623 E.01856
G1 X126.465 Y109.108 E.30281
G1 X126.746 Y109.388 E.0131
G1 X132.95 Y103.185 E.28966
G1 X132.95 Y103.746 E.01852
G1 X127.027 Y109.669 E.27657
G1 X127.308 Y109.95 E.01312
G1 X132.95 Y104.308 E.26344
G1 X132.95 Y104.869 E.01852
G1 X127.589 Y110.231 E.25035
G1 X127.869 Y110.512 E.0131
G1 X132.95 Y105.431 E.23725
G1 X132.95 Y105.992 E.01852
G1 X128.15 Y110.792 E.22413
G1 X128.431 Y111.073 E.01312
G1 X132.95 Y106.554 E.21101
G1 X132.95 Y107.115 E.01852
G1 X128.712 Y111.354 E.19791
G1 X128.992 Y111.635 E.0131
G1 X132.95 Y107.677 E.18481
G1 X132.95 Y108.239 E.01856
G1 X129.273 Y111.915 E.17167
G1 X129.554 Y112.196 E.01312
G1 X132.95 Y108.8 E.15857
G1 X132.95 Y109.362 E.01856
G1 X129.835 Y112.477 E.14545
G1 X130.116 Y112.758 E.01312
G1 X132.95 Y109.923 E.13235
G1 X132.95 Y110.485 E.01856
G1 X130.396 Y113.039 E.11926
G1 X130.677 Y113.319 E.0131
G1 X132.95 Y111.046 E.10613
G1 X132.95 Y115.108 E.13412
G1 X132.83 Y115.1 E.00397
G1 X132.643 Y115.285 E.00869
G1 X130.958 Y113.6 E.07868
G1 X132.81 Y111.748 E.08648
G1 X132.553 Y112.567 F9000
G1 F2400
G1 X132.553 Y114.634 E.06825
G1 X131.519 Y113.6 E.04828
G1 X132.413 Y112.707 E.04172
G1 X132.18 Y113.585 F9000
;WIDTH:0.502094
G1 F2400
G1 X132.14 Y113.545 E.00216
G1 X132.084 Y113.56 E.00221
G1 X132.069 Y113.615 E.00218
G1 X132.11 Y113.656 E.00221
G1 X132.165 Y113.641 E.00218
G1 E-3.5 F3600
;WIPE_START
G1 F7200
G1 X132.11 Y113.656 E-.02708
G1 X132.069 Y113.615 E-.02754
G1 X132.084 Y113.56 E-.02708
G1 X132.14 Y113.545 E-.02754
G1 X132.18 Y113.585 E-.02687
;WIPE_END
G1 E-1.36389 F3600
G1 X98.337 Y115.322 F9000
G1 E5 F2400
;WIDTH:0.43205
G1 X98.298 Y115.525 E.00669
;WIDTH:0.439999
G1 X98.352 Y115.709 E.00633
G1 X100.684 Y118.042 E.10891
G1 X98.05 Y120.677 E.12301
G1 X98.05 Y115.509 E.17063
G1 X98.127 Y115.524 E.00259
;WIDTH:0.438041
G1 X98.194 Y115.46 E.00304
;WIDTH:0.439999
G1 X98.337 Y115.322 E.00656
;WIDTH:0.42146
G1 X98.359 Y115.298 E.00102
;WIDTH:0.418614
G1 X115.298 Y98.359 E.74834
G1 E-3.5 F3600
;WIPE_START
G1 F7200
G1 X113.065 Y100.592 E-1.5
;WIPE_END
G1 X100.965 Y118.323 F9000
G1 E5 F2400
;WIDTH:0.439999
G1 X98.05 Y121.238 E.13611
G1 X98.05 Y121.8 E.01856
G1 X101.246 Y118.604 E.14923
G1 X101.527 Y118.884 E.0131
G1 X98.05 Y122.361 E.16235
G1 X98.05 Y122.923 E.01856
G1 X101.807 Y119.165 E.17545
G1 X102.088 Y119.446 E.01312
G1 X98.05 Y123.484 E.18855
G1 X98.05 Y124.046 E.01856
G1 X102.369 Y119.727 E.20167
G1 X102.65 Y120.008 E.01312
G1 X98.05 Y124.607 E.21477
G1 X98.05 Y125.169 E.01856
G1 X102.931 Y120.288 E.22791
G1 X103.211 Y120.569 E.0131
G1 X98.05 Y125.731 E.24101
G1 X98.05 Y126.292 E.01852
G1 X103.492 Y120.85 E.25411
G1 X103.773 Y121.131 E.01312
G1 X98.05 Y126.854 E.26723
G1 X98.05 Y127.415 E.01852
G1 X104.054 Y121.411 E.28035
G1 X104.334 Y121.692 E.0131
G1 X98.05 Y127.977 E.29344
G1 X98.05 Y128.538 E.01852
G1 X104.615 Y121.973 E.30654
G1 X104.896 Y122.254 E.01312
G1 X98.05 Y129.1 E.31966
G1 X98.05 Y129.661 E.01852
G1 X105.177 Y122.535 E.33276
G1 X105.458 Y122.815 E.0131
G1 X98.05 Y130.223 E.34591
G1 X98.05 Y130.785 E.01856
G1 X105.738 Y123.096 E.359
G1 X106.019 Y123.377 E.01312
G1 X98.05 Y131.346 E.3721
G1 X98.05 Y131.908 E.01856
G1 X106.3 Y123.658 E.38522
G1 X106.581 Y123.938 E.0131
G1 X98.05 Y132.469 E.39834
G1 X97.919 Y133.081 E.02066
;WIDTH:0.38292
G1 X97.902 Y132.871 E.00596
;WIDTH:0.41146
G1 X98.016 Y132.911 E.0037
;WIDTH:0.439999
G1 X98.131 Y132.95 E.00401
G1 X106.861 Y124.219 E.40766
G1 X107.142 Y124.5 E.01312
G1 X98.692 Y132.95 E.39456
G1 X99.254 Y132.95 E.01856
G1 X107.423 Y124.781 E.38144
G1 X107.704 Y125.062 E.01312
G1 X99.815 Y132.95 E.36834
G1 X100.377 Y132.95 E.01856
G1 X107.985 Y125.342 E.35524
G1 X108.265 Y125.623 E.0131
G1 X100.938 Y132.95 E.34212
G1 X101.5 Y132.95 E.01856
G1 X108.546 Y125.904 E.329
G1 X108.827 Y126.185 E.01312
G1 X102.061 Y132.95 E.3159
G1 X102.623 Y132.95 E.01856
G1 X109.108 Y126.465 E.30281
G1 X109.388 Y126.746 E.0131
G1 X103.185 Y132.95 E.28966
G1 X103.746 Y132.95 E.01852
G1 X109.669 Y127.027 E.27657
G1 X109.95 Y127.308 E.01312
G1 X104.308 Y132.95 E.26344
G1 X104.869 Y132.95 E.01852
G1 X110.231 Y127.589 E.25035
G1 X110.512 Y127.869 E.0131
G1 X105.431 Y132.95 E.23725
G1 X105.992 Y132.95 E.01852
G1 X110.792 Y128.15 E.22413
G1 X111.073 Y128.431 E.01312
G1 X106.554 Y132.95 E.21101
G1 X107.115 Y132.95 E.01852
G1 X111.354 Y128.712 E.19791
G1 X111.635 Y128.992 E.0131
G1 X107.677 Y132.95 E.18481
G1 X108.239 Y132.95 E.01856
G1 X111.915 Y129.273 E.17167
G1 X112.196 Y129.554 E.01312
G1 X108.8 Y132.95 E.15857
G1 X109.362 Y132.95 E.01856
G1 X112.477 Y129.835 E.14545
G1 X112.758 Y130.116 E.01312
G1 X109.923 Y132.95 E.13235
G1 X110.485 Y132.95 E.01856
G1 X113.039 Y130.396 E.11926
G1 X113.319 Y130.677 E.0131
G1 X111.046 Y132.95 E.10613
G1 X110.991 Y133.029 E.00318
;WIDTH:0.41146
G1 X110.935 Y133.109 E.00299
;WIDTH:0.38292
G1 X110.864 Y133.09 E.00208
G1 X110.883 Y133.161 E.00208
G1 X110.924 Y133.15 E.0012
G1 E-3.5 F3600
;WIPE_START
G1 F7200
G1 X110.883 Y133.161 E-.02016
G1 X110.864 Y133.09 E-.03491
G1 X110.935 Y133.109 E-.03491
G1 X110.991 Y133.029 E-.04638
G1 X111.046 Y132.95 E-.04572
G1 X113.008 Y130.988 E-1.31792
;WIPE_END
G1 X113.46 Y131.098 F9000
G1 E5 F2400
;WIDTH:0.439999
G1 X111.608 Y132.95 E.08648
G1 X115.108 Y132.95 E.11556
G1 X115.118 Y132.81 E.00463
G1 X115.285 Y132.643 E.0078
G1 X113.6 Y130.958 E.07868
G1 X113.6 Y131.519 E.01852
G1 X114.634 Y132.553 E.04828
G1 X112.567 Y132.553 E.06825
G1 X113.46 Y131.66 E.0417
G1 X113.656 Y132.11 E.01621
;WIDTH:0.50209
G1 X113.615 Y132.069 E.00221
G1 X113.56 Y132.084 E.00218
G1 X113.545 Y132.14 E.00221
G1 X113.585 Y132.18 E.00216
G1 X113.641 Y132.165 E.00221
G1 E-3.5 F3600
;WIPE_START
G1 F7200
G1 X113.585 Y132.18 E-.02754
G1 X113.545 Y132.14 E-.02687
G1 X113.56 Y132.084 E-.02754
G1 X113.615 Y132.069 E-.02708
G1 X113.656 Y132.11 E-.02754
G1 X113.46 Y131.66 E-.23315
G1 X112.567 Y132.553 E-.59987
G1 X113.683 Y132.553 E-.53041
;WIPE_END
G1 X115.539 Y132.95 F9000
G1 E5 F2400
;WIDTH:0.439999
G1 X132.95 Y115.539 E.81298
G1 X132.95 Y116.1 E.01852
G1 X116.1 Y132.95 E.78678
G1 X116.662 Y132.95 E.01856
G1 X132.95 Y116.662 E.76054
G1 X132.95 Y117.223 E.01852
G1 X117.223 Y132.95 E.73435
G1 X117.785 Y132.95 E.01856
G1 X132.95 Y117.785 E.70811
G1 X132.95 Y118.347 E.01856
G1 X118.347 Y132.95 E.68186
G1 X118.908 Y132.95 E.01852
G1 X132.95 Y118.908 E.65567
G1 X132.95 Y119.47 E.01856
G1 X119.47 Y132.95 E.62943
G1 X120.031 Y132.95 E.01852
G1 X132.95 Y120.031 E.60323
G1 X132.95 Y120.593 E.01856
G1 X120.593 Y132.95 E.57699
G1 X121.154 Y132.95 E.01852
G1 X132.95 Y121.154 E.5508
G1 X132.95 Y121.716 E.01856
G1 X121.716 Y132.95 E.52455
G1 X122.277 Y132.95 E.01852
G1 X132.95 Y122.277 E.49836
G1 X132.95 Y122.839 E.01856
G1 X122.839 Y132.95 E.47212
G1 X123.401 Y132.95 E.01856
G1 X132.95 Y123.401 E.44588
G1 X132.95 Y123.962 E.01852
G1 X123.962 Y132.95 E.41968
G1 X124.524 Y132.95 E.01856
G1 X132.95 Y124.524 E.39344
G1 X132.95 Y125.085 E.01852
G1 X125.085 Y132.95 E.36724
G1 X125.647 Y132.95 E.01856
G1 X132.95 Y125.647 E.341
G1 X132.95 Y126.208 E.01852
G1 X126.208 Y132.95 E.31481
G1 X126.77 Y132.95 E.01856
G1 X132.95 Y126.77 E.28857
G1 X132.95 Y127.331 E.01852
G1 X127.331 Y132.95 E.26237
G1 X127.893 Y132.95 E.01856
G1 X132.95 Y127.893 E.23613
G1 X132.95 Y128.455 E.01856
G1 X128.455 Y132.95 E.20989
G1 X129.016 Y132.95 E.01852
G1 X132.95 Y129.016 E.18369
G1 X132.95 Y129.578 E.01856
G1 X129.578 Y132.95 E.15745
G1 X130.139 Y132.95 E.01852
G1 X132.95 Y130.139 E.13126
G1 X133.175 Y130.533 E.01498
;WIDTH:0.502094
G1 X133.134 Y130.493 E.00219
G1 X133.079 Y130.508 E.00218
G1 X133.064 Y130.563 E.00218
G1 X133.105 Y130.604 E.00221
G1 X133.16 Y130.589 E.00218
G1 X133.055 Y130.645 E.00454
;WIDTH:0.471047
G1 X132.95 Y130.701 E.00424
;WIDTH:0.439999
G1 X130.701 Y132.95 E.10501
;WIDTH:0.471045
G1 X130.645 Y133.055 E.00424
;WIDTH:0.50209
G1 X130.589 Y133.16 E.00454
G1 X130.533 Y133.175 E.00221
G1 X130.493 Y133.134 E.00219
G1 X130.508 Y133.079 E.00218
G1 X130.563 Y133.064 E.00218
G1 X130.604 Y133.105 E.00221
G1 E-3.5 F3600
;WIPE_START
G1 F7200
G1 X130.563 Y133.064 E-.02754
G1 X130.508 Y133.079 E-.02708
G1 X130.493 Y133.134 E-.02708
G1 X130.533 Y133.175 E-.02721
G1 X130.589 Y133.16 E-.02754
G1 X130.645 Y133.055 E-.05652
G1 X130.701 Y132.95 E-.05653
G1 X132.563 Y131.088 E-1.2505
;WIPE_END
G1 X132.81 Y131.403 F9000
G1 E5 F2400
;WIDTH:0.439999
G1 X131.262 Y132.95 E.07226
G1 X132.95 Y132.95 E.05573
G1 X132.95 Y131.262 E.05573
G1 X132.527 Y132.437 F9000
;WIDTH:0.634524
G1 F2400
G1 X132.475 Y132.384 E.00365
G1 X132.403 Y132.403 E.00366
G1 X132.384 Y132.475 E.00366
G1 X132.437 Y132.527 E.00365
G1 X132.508 Y132.508 E.00362
G1 E-3.5 F3600
;WIPE_START
G1 F7200
G1 X132.437 Y132.527 E-.03491
G1 X132.384 Y132.475 E-.03527
G1 X132.403 Y132.403 E-.03537
G1 X132.475 Y132.384 E-.03537
G1 X132.527 Y132.437 E-.03527
;WIPE_END
G1 E-1.32381 F3600
G1 X98.447 Y116.565 F9000
G1 E5 F2400
;WIDTH:0.439999
G1 X98.447 Y119.718 E.1041
G1 X100.123 Y118.042 E.07826
G1 X98.447 Y116.366 E.07826
G1 X98.893 Y117.444 F9000
;WIDTH:0.538523
G1 F2400
G1 X99.492 Y118.042 E.03488
G1 X98.893 Y118.64 E.03488
G1 X98.893 Y117.642 E.04113
G1 E-3.5 F3600
;WIPE_START
G1 F7200
G1 X98.893 Y118.64 E-.47405
G1 X99.492 Y118.042 E-.40204
G1 X98.893 Y117.444 E-.40204
;WIPE_END
G1 E-.22187 F3600
G1 X116.598 Y99.802 F9000
G1 E5 F2400
;TYPE:Internal infill
;WIDTH:0.44
G1 F3000
G1 X118.283 Y101.486 E.07866
G1 X101.486 Y118.283 E.78431
G1 X98.704 Y115.5 E.12992
G1 X101.486 Y112.717 E.12992
G1 X118.283 Y129.514 E.78431
G1 X121.09 Y126.706 E.13109
G1 X114.89 Y120.505 E.28952
G1 X116.11 Y120.505 E.04028
G1 X109.91 Y126.706 E.28952
G1 X112.717 Y129.514 E.13109
G1 X129.514 Y112.717 E.78431
G1 X126.706 Y109.91 E.13109
G1 X120.49 Y116.126 E.29025
G1 X120.544 Y115.372 E.02496
G1 X120.487 Y114.872 E.01662
G1 X126.706 Y121.09 E.29036
G1 X123.898 Y123.898 E.13112
G1 X119.057 Y119.057 E.22604
G1 X118.867 Y119.265 E.0093
G1 X118.027 Y119.873 E.03424
G1 X117.055 Y120.305 E.03512
G1 E-3.5 F3600
;WIPE_START
G1 F7200
G1 X118.027 Y119.873 E-.50525
G1 X118.867 Y119.265 E-.49255
G1 X119.057 Y119.057 E-.13382
G1 X119.605 Y119.605 E-.36838
;WIPE_END
G1 X113.945 Y120.304 F9000
G1 E5 F2400
G1 F3000
G1 X112.973 Y119.873 E.03511
G1 X112.133 Y119.264 E.03426
G1 X111.944 Y119.056 E.00928
G1 X107.102 Y123.898 E.22609
G1 X104.294 Y121.09 E.13112
G1 X110.499 Y114.885 E.28973
G1 X110.453 Y115.418 E.01766
G1 X110.513 Y116.128 E.02353
G1 X104.294 Y109.91 E.29036
G1 X107.102 Y107.102 E.13112
G1 X111.944 Y111.944 E.22609
G1 X111.736 Y112.133 E.00928
G1 X111.127 Y112.973 E.03426
G1 X110.696 Y113.945 E.03511
G1 E-3.5 F3600
;WIPE_START
G1 F7200
G1 X111.127 Y112.973 E-.50505
G1 X111.736 Y112.133 E-.49283
G1 X111.944 Y111.944 E-.1335
G1 X111.395 Y111.395 E-.36862
;WIPE_END
G1 X117.055 Y110.696 F9000
G1 E5 F2400
G1 F3000
G1 X118.027 Y111.127 E.03511
G1 X118.867 Y111.736 E.03426
G1 X119.056 Y111.944 E.00928
G1 X123.898 Y107.102 E.22609
G1 X121.09 Y104.294 E.13112
G1 X114.874 Y110.511 E.29027
G1 X115.303 Y110.46 E.01426
G1 X116.108 Y110.492 E.0266
G1 X109.91 Y104.294 E.28941
G1 X112.717 Y101.486 E.13109
G1 X129.514 Y118.283 E.78431
G1 X131.198 Y116.598 E.07866
;LAYER_CHANGE
;Z:4
;HEIGHT:0.2
;BEFORE_LAYER_CHANGE
G92 E0
;6


G1 E-3.5 F3600
;WIPE_START
G1 F7200
G1 X98.435 Y132.97 E-.37988
G1 X98.943 Y132.97 E-.2413
G1 X98.03 Y132.057 E-.61331
G1 X98.03 Y131.55 E-.24083
G1 X98.067 Y131.587 E-.02468
;WIPE_END
G1 Z4 F9000
;AFTER_LAYER_CHANGE
;6
G1 X111.984 Y118.665
G1 E5 F2400
;TYPE:Perimeter
;WIDTH:0.439999
G1 F1500
G1 X111.447 Y117.957 E.02934
G1 X111.024 Y117.061 E.03271
G1 X110.82 Y116.233 E.02816
G1 X110.759 Y115.576 E.02179
G1 X110.789 Y114.972 E.01997
G1 X110.963 Y114.128 E.02845
G1 X111.345 Y113.219 E.03256
G1 X111.91 Y112.405 E.03272
G1 X112.632 Y111.726 E.03272
G1 X113.48 Y111.212 E.03274
G1 X114.415 Y110.886 E.03269
G1 X115.325 Y110.765 E.03031
G1 X115.93 Y110.777 E.01998
G1 X116.868 Y110.962 E.03157
G1 X117.781 Y111.345 E.03269
G1 X118.595 Y111.91 E.03272
G1 X119.274 Y112.632 E.03272
G1 X119.788 Y113.48 E.03274
G1 X120.114 Y114.415 E.03269
G1 X120.239 Y115.398 E.03272
G1 X120.156 Y116.386 E.03274
G1 X119.871 Y117.335 E.03272
G1 X119.394 Y118.203 E.0327
G1 X118.844 Y118.855 E.02816
G1 X118.348 Y119.291 E.0218
G1 X117.52 Y119.788 E.03189
G1 X116.585 Y120.114 E.03269
G1 X115.602 Y120.239 E.03272
G1 X114.614 Y120.156 E.03274
G1 X113.665 Y119.871 E.03272
G1 X112.797 Y119.394 E.0327
G1 X112.046 Y118.746 E.03275
G1 X112.021 Y118.713 E.00137
G1 X112.276 Y118.403 F9000
G1 F1500
G1 X111.768 Y117.724 E.028
G1 X111.387 Y116.9 E.02997
G1 X111.207 Y116.147 E.02556
G1 X111.155 Y115.545 E.01995
G1 X111.186 Y114.999 E.01806
G1 X111.351 Y114.212 E.02655
G1 X111.708 Y113.38 E.02989
G1 X112.232 Y112.638 E.02999
G1 X112.898 Y112.021 E.02998
G1 X113.678 Y111.556 E.02998
G1 X114.538 Y111.263 E.03
G1 X115.369 Y111.16 E.02765
G1 X115.915 Y111.174 E.01803
G1 X116.785 Y111.35 E.02931
G1 X117.62 Y111.708 E.03
G1 X118.362 Y112.232 E.02999
G1 X118.979 Y112.898 E.02998
G1 X119.444 Y113.678 E.02998
G1 X119.737 Y114.538 E.03
G1 X119.844 Y115.44 E.02999
G1 X119.762 Y116.344 E.02997
G1 X119.493 Y117.212 E.03
G1 X119.05 Y118.005 E.02999
G1 X118.546 Y118.593 E.02557
G1 X118.091 Y118.989 E.01992
G1 X117.322 Y119.444 E.0295
G1 X116.462 Y119.737 E.03
G1 X115.56 Y119.844 E.02999
G1 X114.656 Y119.762 E.02997
G1 X113.788 Y119.493 E.03
G1 X112.995 Y119.05 E.02999
G1 X112.312 Y118.451 E.02999
G1 X112.559 Y118.148 F9000
;TYPE:External perimeter
;WIDTH:0.419999
G1 F1500
G1 X112.081 Y117.497 E.02532
G1 X111.741 Y116.742 E.02596
G1 X111.585 Y116.062 E.02187
G1 X111.541 Y115.515 E.01721
G1 X111.576 Y114.998 E.01625
G1 X111.729 Y114.294 E.02259
G1 X112.062 Y113.538 E.0259
G1 X112.545 Y112.866 E.02595
G1 X113.157 Y112.309 E.02595
G1 X113.872 Y111.891 E.02597
G1 X114.658 Y111.632 E.02595
G1 X115.411 Y111.545 E.02377
G1 X115.933 Y111.565 E.01638
G1 X116.705 Y111.729 E.02475
G1 X117.462 Y112.062 E.02593
G1 X118.134 Y112.545 E.02595
G1 X118.691 Y113.157 E.02595
G1 X119.109 Y113.872 E.02597
G1 X119.368 Y114.658 E.02595
G1 X119.459 Y115.48 E.02593
G1 X119.377 Y116.304 E.02596
G1 X119.125 Y117.092 E.02594
G1 X118.714 Y117.811 E.02597
G1 X118.256 Y118.337 E.02187
G1 X117.839 Y118.694 E.01721
G1 X117.128 Y119.109 E.02581
G1 X116.342 Y119.368 E.02595
G1 X115.52 Y119.459 E.02593
G1 X114.696 Y119.377 E.02596
G1 X113.908 Y119.125 E.02594
G1 X113.189 Y118.714 E.02597
G1 X112.601 Y118.19 E.02469
G1 E-3.5 F3600
;WIPE_START
G1 F7200
G1 X112.559 Y118.148 E-.02821
G1 X112.081 Y117.497 E-.38363
G1 X111.741 Y116.742 E-.39331
G1 X111.585 Y116.062 E-.33139
G1 X111.541 Y115.515 E-.26066
G1 X111.555 Y115.299 E-.1028
;WIPE_END
G1 X98.153 Y115.5 F9000
G1 E5 F2400
;TYPE:Perimeter
;WIDTH:0.439999
G1 X115.5 Y98.153 E.80999
G1 X132.847 Y115.5 E.80999
G1 X115.5 Y132.847 E.80999
G1 X98.196 Y115.542 E.80801
G1 X97.592 Y115.5 F9000
G1 F2400
G1 X115.5 Y97.592 E.83619
G1 X133.408 Y115.5 E.83619
G1 X115.5 Y133.408 E.83619
G1 X97.634 Y115.542 E.83423
G1 X97.045 Y115.5 F9000
;TYPE:External perimeter
;WIDTH:0.419999
G1 F1500
G1 X115.5 Y97.045 E.81832
G1 X133.955 Y115.5 E.81832
G1 X115.5 Y133.955 E.81832
G1 X97.087 Y115.542 E.81646
G1 E-3.5 F3600
;WIPE_START
G1 F7200
G1 X97.045 Y115.5 E-.02821
G1 X99.236 Y113.309 E-1.47179
;WIPE_END
G1 X105.358 Y108.728 F9000
G1 E5 F2400
;TYPE:Internal infill
;WIDTH:0.44
G1 F2465
G1 X107.043 Y107.043 E.07868
G1 X111.94 Y111.94 E.22866
G1 X111.185 Y112.883 E.03989
G1 X110.701 Y113.948 E.03862
G1 E-3.5 F3600
;WIPE_START
G1 F7200
G1 X111.185 Y112.883 E-.55566
G1 X111.94 Y111.94 E-.5738
G1 X111.388 Y111.388 E-.37054
;WIPE_END
G1 X110.701 Y117.052 F9000
G1 E5 F2400
G1 F2465
G1 X111.197 Y118.133 E.03927
G1 X111.941 Y119.059 E.03922
G1 X107.043 Y123.957 E.2287
G1 X109.851 Y126.765 E.13112
G1 X116.126 Y120.489 E.29303
G1 X115.5 Y120.55 E.02077
G1 X114.874 Y120.489 E.02077
G1 X121.149 Y126.765 E.29303
G1 X118.342 Y129.573 E.13109
G1 X101.427 Y112.658 E.78982
G1 X104.235 Y109.851 E.13109
G1 X110.505 Y116.12 E.29275
G1 X110.45 Y115.5 E.02055
G1 X110.5 Y114.884 E.02041
G1 X104.235 Y121.149 E.29253
G1 X101.427 Y118.342 E.13109
G1 X118.342 Y101.427 E.78982
G1 X121.149 Y104.235 E.13109
G1 X114.877 Y110.507 E.29286
G1 X115.299 Y110.461 E.01402
G1 X116.107 Y110.492 E.0267
G1 X109.851 Y104.235 E.29214
G1 X112.658 Y101.427 E.13109
G1 X129.573 Y118.342 E.78982
G1 X132.414 Y115.5 E.13268
G1 X129.573 Y112.658 E.13268
G1 X112.658 Y129.573 E.78982
G1 X114.343 Y131.257 E.07866
G1 E-3.5 F3600
;WIPE_START
G1 F7200
G1 X112.658 Y129.573 E-1.13157
G1 X113.206 Y129.025 E-.36843
;WIPE_END
G1 X117.048 Y120.285 F9000
G1 E5 F2400
G1 F2465
G1 X117.668 Y120.055 E.02183
G1 X118.361 Y119.656 E.0264
G1 X119.064 Y119.064 E.03034
G1 X123.957 Y123.957 E.22847
G1 X126.765 Y121.149 E.13112
G1 X120.489 Y114.874 E.29303
G1 X120.55 Y115.5 E.02077
G1 X120.489 Y116.126 E.02077
G1 X126.765 Y109.851 E.29303
G1 X123.957 Y107.043 E.13112
G1 X119.06 Y111.94 E.22866
G1 X118.117 Y111.185 E.03989
G1 X117.052 Y110.701 E.03862
;LAYER_CHANGE
;Z:4.2
;HEIGHT:0.2
;BEFORE_LAYER_CHANGE
G92 E0
;6.2


G1 E-3.5 F3600
;WIPE_START
G1 F7200
G1 X118.117 Y111.185 E-.55566
G1 X119.06 Y111.94 E-.5738
G1 X119.612 Y111.388 E-.37054
;WIPE_END
G1 Z4.2 F9000
;AFTER_LAYER_CHANGE
;6.2
G1 X116.962 Y111.001
G1 E5 F2400
;TYPE:Perimeter
;WIDTH:0.439999
G1 F1500
G1 X117.781 Y111.345 E.02933
G1 X118.595 Y111.91 E.03272
G1 X119.274 Y112.632 E.03272
G1 X119.788 Y113.48 E.03274
G1 X120.114 Y114.415 E.03269
G1 X120.239 Y115.398 E.03272
G1 X120.156 Y116.386 E.03274
G1 X119.871 Y117.335 E.03272
G1 X119.394 Y118.203 E.0327
G1 X118.746 Y118.954 E.03275
G1 X117.957 Y119.553 E.03271
G1 X117.061 Y119.976 E.03271
G1 X116.249 Y120.177 E.02762
G1 X115.578 Y120.241 E.02226
G1 X115.055 Y120.222 E.01728
G1 X114.132 Y120.038 E.03107
G1 X113.219 Y119.655 E.03269
G1 X112.405 Y119.09 E.03272
G1 X111.726 Y118.368 E.03272
G1 X111.212 Y117.52 E.03274
G1 X110.886 Y116.585 E.03269
G1 X110.761 Y115.602 E.03272
G1 X110.823 Y114.747 E.0283
G1 X110.967 Y114.107 E.02166
G1 X111.345 Y113.219 E.03187
G1 X111.91 Y112.405 E.03272
G1 X112.632 Y111.726 E.03272
G1 X113.48 Y111.212 E.03274
G1 X114.415 Y110.886 E.03269
G1 X115.322 Y110.765 E.03021
G1 X115.929 Y110.777 E.02005
G1 X116.868 Y110.962 E.0316
G1 X116.907 Y110.978 E.00139
G1 X116.841 Y111.374 F9000
G1 F1500
G1 X117.62 Y111.708 E.02798
G1 X118.362 Y112.232 E.02999
G1 X118.979 Y112.898 E.02998
G1 X119.444 Y113.678 E.02998
G1 X119.737 Y114.538 E.03
G1 X119.844 Y115.44 E.02999
G1 X119.762 Y116.344 E.02997
G1 X119.493 Y117.212 E.03
G1 X119.05 Y118.005 E.02999
G1 X118.451 Y118.688 E.02999
G1 X117.724 Y119.232 E.02998
G1 X116.9 Y119.613 E.02997
G1 X116.162 Y119.79 E.02506
G1 X115.546 Y119.845 E.02042
G1 X114.986 Y119.814 E.01852
G1 X114.215 Y119.65 E.02603
G1 X113.38 Y119.292 E.03
G1 X112.638 Y118.768 E.02999
G1 X112.021 Y118.102 E.02998
G1 X111.556 Y117.322 E.02998
G1 X111.263 Y116.462 E.03
G1 X111.156 Y115.56 E.02999
G1 X111.218 Y114.785 E.02567
G1 X111.353 Y114.2 E.01982
G1 X111.708 Y113.38 E.0295
G1 X112.232 Y112.638 E.02999
G1 X112.898 Y112.021 E.02998
G1 X113.678 Y111.556 E.02998
G1 X114.538 Y111.263 E.03
G1 X115.365 Y111.16 E.02752
G1 X115.915 Y111.174 E.01817
G1 X116.785 Y111.35 E.02931
G1 X116.723 Y111.737 F9000
;TYPE:External perimeter
;WIDTH:0.419999
G1 F1500
G1 X117.462 Y112.062 E.02531
G1 X118.134 Y112.545 E.02595
G1 X118.691 Y113.157 E.02595
G1 X119.109 Y113.872 E.02597
G1 X119.368 Y114.658 E.02595
G1 X119.459 Y115.48 E.02593
G1 X119.377 Y116.304 E.02596
G1 X119.125 Y117.092 E.02594
G1 X118.714 Y117.811 E.02597
G1 X118.164 Y118.429 E.02594
G1 X117.497 Y118.919 E.02595
G1 X116.742 Y119.259 E.02596
G1 X116.077 Y119.412 E.0214
G1 X115.515 Y119.459 E.01768
G1 X115.067 Y119.435 E.01407
G1 X114.295 Y119.271 E.02475
G1 X113.538 Y118.938 E.02593
G1 X112.866 Y118.455 E.02595
G1 X112.309 Y117.843 E.02595
G1 X111.891 Y117.128 E.02597
G1 X111.632 Y116.342 E.02595
G1 X111.541 Y115.52 E.02593
G1 X111.604 Y114.821 E.02201
G1 X111.73 Y114.291 E.01708
G1 X112.062 Y113.538 E.0258
G1 X112.545 Y112.866 E.02595
G1 X113.157 Y112.309 E.02595
G1 X113.872 Y111.891 E.02597
G1 X114.658 Y111.632 E.02595
G1 X115.408 Y111.545 E.02367
G1 X115.933 Y111.565 E.01647
G1 X116.665 Y111.72 E.02346
G1 E-3.5 F3600
;WIPE_START
G1 F7200
G1 X116.723 Y111.737 E-.02871
G1 X117.462 Y112.062 E-.38347
G1 X118.134 Y112.545 E-.3931
G1 X118.691 Y113.157 E-.39307
G1 X119.011 Y113.705 E-.30165
;WIPE_END
G1 X115.501 Y98.155 F9000
G1 E5 F2400
;TYPE:Perimeter
;WIDTH:0.439999
G1 X132.847 Y115.5 E.80992
G1 X115.5 Y132.847 E.80999
G1 X98.154 Y115.5 E.80997
G1 X115.459 Y98.197 E.80798
G1 X115.501 Y97.593 F9000
G1 F2400
G1 X133.408 Y115.5 E.83614
G1 X115.5 Y133.408 E.83619
G1 X97.592 Y115.5 E.83619
G1 X115.459 Y97.635 E.83423
G1 X115.501 Y97.046 F9000
;TYPE:External perimeter
;WIDTH:0.419999
G1 F1500
G1 X133.955 Y115.5 E.81828
G1 X115.5 Y133.955 E.81832
G1 X97.045 Y115.5 E.81832
G1 X115.459 Y97.088 E.81646
G1 E-3.5 F3600
;WIPE_START
G1 F7200
G1 X115.501 Y97.046 E-.02821
G1 X117.692 Y99.237 E-1.47179
;WIPE_END
G1 X117.052 Y110.701 F9000
G1 E5 F2400
;TYPE:Internal infill
;WIDTH:0.44
G1 F2448
G1 X118.117 Y111.185 E.03862
G1 X119.06 Y111.94 E.03989
G1 X123.957 Y107.043 E.22866
G1 X121.149 Y104.235 E.13112
G1 X114.878 Y110.507 E.29284
G1 X115.295 Y110.461 E.01385
G1 X116.107 Y110.492 E.02683
G1 X109.851 Y104.236 E.29211
G1 X107.044 Y107.044 E.13109
G1 X111.94 Y111.94 E.22861
G1 X112.639 Y111.344 E.03033
G1 X113.332 Y110.945 E.0264
G1 X113.953 Y110.715 E.02186
G1 E-3.5 F3600
;WIPE_START
G1 F7200
G1 X113.332 Y110.945 E-.31456
G1 X112.639 Y111.344 E-.37984
G1 X111.94 Y111.94 E-.43633
G1 X111.39 Y111.39 E-.36927
;WIPE_END
G1 X99.743 Y116.657 F9000
G1 E5 F2400
G1 F2448
G1 X101.427 Y118.342 E.07866
G1 X118.342 Y101.427 E.78982
G1 X115.501 Y98.587 E.13263
G1 X112.659 Y101.428 E.13268
G1 X129.573 Y118.342 E.78977
G1 X126.765 Y121.149 E.13109
G1 X120.489 Y114.874 E.29303
G1 X120.55 Y115.5 E.02077
G1 X120.489 Y116.126 E.02077
G1 X126.765 Y109.851 E.29303
G1 X129.573 Y112.658 E.13109
G1 X112.658 Y129.573 E.78982
G1 X109.851 Y126.765 E.13109
G1 X116.121 Y120.494 E.29279
G1 X115.501 Y120.55 E.02055
G1 X114.89 Y120.506 E.02023
G1 X121.149 Y126.765 E.29225
G1 X123.957 Y123.957 E.13112
G1 X119.059 Y119.059 E.2287
G1 X118.133 Y119.803 E.03922
G1 X117.052 Y120.299 E.03927
G1 E-3.5 F3600
;WIPE_START
G1 F7200
G1 X118.133 Y119.803 E-.56495
G1 X119.059 Y119.059 E-.56423
G1 X119.611 Y119.611 E-.37082
;WIPE_END
G1 X113.948 Y120.299 F9000
G1 E5 F2400
G1 F2448
G1 X112.883 Y119.815 E.03862
G1 X111.94 Y119.06 E.03989
G1 X107.043 Y123.957 E.22866
G1 X104.235 Y121.149 E.13112
G1 X110.514 Y114.871 E.29317
G1 X110.45 Y115.5 E.02088
G1 X110.511 Y116.126 E.02077
G1 X104.236 Y109.851 E.293
G1 X101.428 Y112.659 E.13112
G1 X118.342 Y129.573 E.78977
G1 X116.657 Y131.257 E.07866
;LAYER_CHANGE
;Z:4.4
;HEIGHT:0.2
;BEFORE_LAYER_CHANGE
G92 E0
;6.6


G1 E-3.5 F3600
;WIPE_START
G1 F7200
G1 X107.043 Y107.043 E-1.13157
G1 X107.591 Y107.591 E-.36843
;WIPE_END
G1 Z4.4 F9000
;AFTER_LAYER_CHANGE
;6.6
G1 X112.72 Y111.673
G1 E5 F2400
;TYPE:Perimeter
;WIDTH:0.439999
G1 F1500
G1 X113.48 Y111.212 E.02935
G1 X114.415 Y110.886 E.03269
G1 X115.318 Y110.766 E.03008
G1 X115.929 Y110.777 E.02018
G1 X116.436 Y110.85 E.01691
G1 X117.335 Y111.129 E.03108
G1 X118.203 Y111.606 E.0327
G1 X118.954 Y112.254 E.03275
G1 X119.553 Y113.043 E.03271
G1 X119.976 Y113.939 E.03271
G1 X120.202 Y114.904 E.03272
G1 X120.218 Y115.994 E.03599
G1 X120.038 Y116.868 E.02946
G1 X119.655 Y117.781 E.03269
G1 X119.09 Y118.595 E.03272
G1 X118.368 Y119.274 E.03272
G1 X117.52 Y119.788 E.03274
G1 X116.585 Y120.114 E.03269
G1 X115.602 Y120.239 E.03272
G1 X114.614 Y120.156 E.03274
G1 X113.665 Y119.871 E.03272
G1 X112.797 Y119.394 E.0327
G1 X112.046 Y118.746 E.03275
G1 X111.447 Y117.957 E.03271
G1 X111.024 Y117.061 E.03271
G1 X110.819 Y116.226 E.02839
G1 X110.759 Y115.575 E.02159
G1 X110.803 Y114.878 E.02306
G1 X110.964 Y114.121 E.02555
G1 X111.345 Y113.219 E.03233
G1 X111.91 Y112.405 E.03272
G1 X112.632 Y111.726 E.03272
G1 X112.668 Y111.704 E.00139
G1 X112.95 Y111.99 F9000
G1 F1500
G1 X113.678 Y111.556 E.02798
G1 X114.538 Y111.263 E.03
G1 X115.362 Y111.16 E.02742
G1 X115.915 Y111.174 E.01826
G1 X116.462 Y111.263 E.0183
G1 X117.212 Y111.507 E.02604
G1 X118.005 Y111.95 E.02999
G1 X118.688 Y112.549 E.02999
G1 X119.232 Y113.276 E.02998
G1 X119.613 Y114.1 E.02997
G1 X119.814 Y114.986 E.03
G1 X119.823 Y115.953 E.03193
G1 X119.65 Y116.785 E.02806
G1 X119.292 Y117.62 E.03
G1 X118.768 Y118.362 E.02999
G1 X118.102 Y118.979 E.02998
G1 X117.322 Y119.444 E.02998
G1 X116.462 Y119.737 E.03
G1 X115.56 Y119.844 E.02999
G1 X114.656 Y119.762 E.02997
G1 X113.788 Y119.493 E.03
G1 X112.995 Y119.05 E.02999
G1 X112.312 Y118.451 E.02999
G1 X111.768 Y117.724 E.02998
G1 X111.387 Y116.9 E.02997
G1 X111.206 Y116.139 E.02583
G1 X111.155 Y115.544 E.01972
G1 X111.199 Y114.911 E.02095
G1 X111.352 Y114.208 E.02375
G1 X111.708 Y113.38 E.02976
G1 X112.232 Y112.638 E.02999
G1 X112.898 Y112.021 E.02998
G1 X113.174 Y112.299 F9000
;TYPE:External perimeter
;WIDTH:0.419999
G1 F1500
G1 X113.872 Y111.891 E.02535
G1 X114.658 Y111.632 E.02595
G1 X115.404 Y111.545 E.02355
G1 X115.924 Y111.563 E.01631
G1 X116.342 Y111.632 E.01328
G1 X117.092 Y111.875 E.02472
G1 X117.811 Y112.286 E.02597
G1 X118.429 Y112.836 E.02594
G1 X118.919 Y113.503 E.02595
G1 X119.259 Y114.258 E.02596
G1 X119.435 Y115.067 E.02596
G1 X119.439 Y115.894 E.02593
G1 X119.271 Y116.705 E.02597
G1 X118.938 Y117.462 E.02593
G1 X118.455 Y118.134 E.02595
G1 X117.843 Y118.691 E.02595
G1 X117.128 Y119.109 E.02597
G1 X116.342 Y119.368 E.02595
G1 X115.52 Y119.459 E.02593
G1 X114.696 Y119.377 E.02596
G1 X113.908 Y119.125 E.02594
G1 X113.189 Y118.714 E.02597
G1 X112.571 Y118.164 E.02594
G1 X112.081 Y117.497 E.02595
G1 X111.741 Y116.742 E.02596
G1 X111.584 Y116.055 E.0221
G1 X111.54 Y115.514 E.01702
G1 X111.585 Y114.942 E.01799
G1 X111.729 Y114.293 E.02084
G1 X112.062 Y113.538 E.02587
G1 X112.545 Y112.866 E.02595
G1 X113.127 Y112.336 E.02468
G1 E-3.5 F3600
;WIPE_START
G1 F7200
G1 X113.174 Y112.299 E-.02841
G1 X113.872 Y111.891 E-.38404
G1 X114.658 Y111.632 E-.3931
G1 X115.404 Y111.545 E-.35675
G1 X115.924 Y111.563 E-.24715
G1 X116.112 Y111.594 E-.09055
;WIPE_END
G1 X115.501 Y98.155 F9000
G1 E5 F2400
;TYPE:Perimeter
;WIDTH:0.439999
G1 X132.847 Y115.5 E.80992
G1 X115.5 Y132.847 E.80999
G1 X98.154 Y115.5 E.80997
G1 X115.459 Y98.197 E.80798
G1 X115.501 Y97.593 F9000
G1 F2400
G1 X133.408 Y115.5 E.83614
G1 X115.5 Y133.408 E.83619
G1 X97.592 Y115.5 E.83619
G1 X115.459 Y97.635 E.83423
G1 X115.501 Y97.046 F9000
;TYPE:External perimeter
;WIDTH:0.419999
G1 F1500
G1 X133.955 Y115.5 E.81828
G1 X115.5 Y133.955 E.81832
G1 X97.045 Y115.5 E.81832
G1 X115.459 Y97.088 E.81646
G1 E-3.5 F3600
;WIPE_START
G1 F7200
G1 X115.501 Y97.046 E-.02821
G1 X117.692 Y99.237 E-1.47179
;WIPE_END
G1 X108.728 Y105.359 F9000
G1 E5 F2400
;TYPE:Internal infill
;WIDTH:0.44
G1 F2464
G1 X107.043 Y107.043 E.07866
G1 X111.94 Y111.94 E.22866
G1 X111.185 Y112.883 E.03989
G1 X110.701 Y113.948 E.03862
G1 E-3.5 F3600
;WIPE_START
G1 F7200
G1 X111.185 Y112.883 E-.55566
G1 X111.94 Y111.94 E-.5738
G1 X111.388 Y111.388 E-.37054
;WIPE_END
G1 X110.701 Y117.052 F9000
G1 E5 F2400
G1 F2464
G1 X111.197 Y118.133 E.03927
G1 X111.941 Y119.059 E.03922
G1 X107.043 Y123.957 E.2287
G1 X104.235 Y121.149 E.13112
G1 X110.506 Y114.878 E.29282
G1 X110.45 Y115.5 E.02062
G1 X110.504 Y116.12 E.02055
G1 X104.236 Y109.851 E.2927
G1 X101.428 Y112.659 E.13112
G1 X118.342 Y129.573 E.78977
G1 X121.149 Y126.765 E.13109
G1 X114.874 Y120.489 E.29303
G1 X115.5 Y120.55 E.02077
G1 X116.126 Y120.489 E.02077
G1 X109.851 Y126.765 E.29303
G1 X112.658 Y129.573 E.13109
G1 X129.573 Y112.658 E.78982
G1 X132.414 Y115.5 E.13268
G1 X129.573 Y118.342 E.13268
G1 X112.659 Y101.428 E.78977
G1 X109.851 Y104.236 E.13112
G1 X116.111 Y110.495 E.29228
G1 X115.291 Y110.461 E.0271
G1 X114.878 Y110.507 E.01372
G1 X121.149 Y104.235 E.29284
G1 X118.342 Y101.427 E.13109
G1 X101.427 Y118.342 E.78982
G1 X99.743 Y116.657 E.07866
G1 E-3.5 F3600
;WIPE_START
G1 F7200
G1 X101.427 Y118.342 E-1.13157
G1 X101.975 Y117.794 E-.36843
;WIPE_END
G1 X120.299 Y117.052 F9000
G1 E5 F2400
G1 F2464
G1 X119.815 Y118.117 E.03862
G1 X119.06 Y119.06 E.03989
G1 X123.957 Y123.957 E.22866
G1 X126.765 Y121.149 E.13112
G1 X120.507 Y114.892 E.29218
G1 X120.506 Y116.11 E.04022
G1 X126.765 Y109.851 E.29225
G1 X123.957 Y107.043 E.13112
G1 X119.06 Y111.94 E.22866
G1 X119.803 Y112.867 E.03923
G1 X120.299 Y113.948 E.03927
;LAYER_CHANGE
;Z:4.6
;HEIGHT:0.2
;BEFORE_LAYER_CHANGE
G92 E0
;7


G1 E-3.5 F3600
;WIPE_START
G1 F7200
G1 X118.242 Y101.527 E-1.13157
G1 X117.694 Y102.075 E-.36843
;WIPE_END
G1 Z4.6 F9000
;AFTER_LAYER_CHANGE
;7
G1 X115.995 Y110.788
G1 E5 F2400
;TYPE:Perimeter
;WIDTH:0.439999
G1 F1500
G1 X116.436 Y110.85 E.0147
G1 X117.335 Y111.129 E.03108
G1 X118.203 Y111.606 E.0327
G1 X118.954 Y112.254 E.03275
G1 X119.553 Y113.043 E.03271
G1 X119.976 Y113.939 E.03271
G1 X120.202 Y114.904 E.03272
G1 X120.218 Y115.994 E.03599
G1 X120.038 Y116.868 E.02946
G1 X119.655 Y117.781 E.03269
G1 X119.09 Y118.595 E.03272
G1 X118.368 Y119.274 E.03272
G1 X117.52 Y119.788 E.03274
G1 X116.585 Y120.114 E.03269
G1 X115.602 Y120.239 E.03272
G1 X114.614 Y120.156 E.03274
G1 X113.665 Y119.871 E.03272
G1 X112.797 Y119.394 E.0327
G1 X112.046 Y118.746 E.03275
G1 X111.447 Y117.957 E.03271
G1 X111.024 Y117.061 E.03271
G1 X110.84 Y116.352 E.02418
G1 X110.76 Y115.589 E.02533
G1 X110.844 Y114.614 E.03231
G1 X111.006 Y113.993 E.02119
G1 X111.347 Y113.213 E.02811
G1 X111.91 Y112.405 E.03252
G1 X112.632 Y111.726 E.03272
G1 X113.48 Y111.212 E.03274
G1 X114.415 Y110.886 E.03269
G1 X115.229 Y110.771 E.02714
G1 X115.916 Y110.777 E.02268
G1 X115.936 Y110.78 E.00067
G1 X115.954 Y111.181 F9000
G1 F1500
G1 X116.462 Y111.263 E.01699
G1 X117.212 Y111.507 E.02604
G1 X118.005 Y111.95 E.02999
G1 X118.688 Y112.549 E.02999
G1 X119.232 Y113.276 E.02998
G1 X119.613 Y114.1 E.02997
G1 X119.814 Y114.986 E.03
G1 X119.823 Y115.953 E.03193
G1 X119.65 Y116.785 E.02806
G1 X119.292 Y117.62 E.03
G1 X118.768 Y118.362 E.02999
G1 X118.102 Y118.979 E.02998
G1 X117.322 Y119.444 E.02998
G1 X116.462 Y119.737 E.03
G1 X115.56 Y119.844 E.02999
G1 X114.656 Y119.762 E.02997
G1 X113.788 Y119.493 E.03
G1 X112.995 Y119.05 E.02999
G1 X112.312 Y118.451 E.02999
G1 X111.768 Y117.724 E.02998
G1 X111.387 Y116.899 E.03
G1 X111.226 Y116.261 E.02173
G1 X111.155 Y115.553 E.02349
G1 X111.238 Y114.656 E.02974
G1 X111.388 Y114.102 E.01895
G1 X111.709 Y113.377 E.02618
G1 X112.232 Y112.638 E.02989
G1 X112.898 Y112.021 E.02998
G1 X113.678 Y111.556 E.02998
G1 X114.538 Y111.263 E.03
G1 X115.275 Y111.165 E.02455
G1 X115.895 Y111.173 E.02047
G1 X115.914 Y111.563 F9000
;TYPE:External perimeter
;WIDTH:0.419999
G1 F1500
G1 X116.342 Y111.632 E.01359
G1 X117.092 Y111.875 E.02472
G1 X117.811 Y112.286 E.02597
G1 X118.429 Y112.836 E.02594
G1 X118.919 Y113.503 E.02595
G1 X119.259 Y114.258 E.02596
G1 X119.435 Y115.067 E.02596
G1 X119.439 Y115.894 E.02593
G1 X119.271 Y116.705 E.02597
G1 X118.938 Y117.462 E.02593
G1 X118.455 Y118.134 E.02595
G1 X117.843 Y118.691 E.02595
G1 X117.128 Y119.109 E.02597
G1 X116.342 Y119.368 E.02595
G1 X115.52 Y119.459 E.02593
G1 X114.696 Y119.377 E.02596
G1 X113.908 Y119.125 E.02594
G1 X113.189 Y118.714 E.02597
G1 X112.571 Y118.164 E.02594
G1 X112.081 Y117.497 E.02595
G1 X111.741 Y116.742 E.02596
G1 X111.603 Y116.172 E.01839
G1 X111.541 Y115.517 E.02063
G1 X111.623 Y114.696 E.02587
G1 X111.76 Y114.209 E.01586
G1 X112.062 Y113.537 E.0231
G1 X112.545 Y112.866 E.02592
G1 X113.157 Y112.309 E.02595
G1 X113.872 Y111.891 E.02597
G1 X114.658 Y111.632 E.02595
G1 X115.321 Y111.55 E.02095
G1 X115.854 Y111.56 E.01671
G1 E-3.5 F3600
;WIPE_START
G1 F7200
G1 X115.914 Y111.563 E-.02854
G1 X116.342 Y111.632 E-.20592
G1 X117.092 Y111.875 E-.37448
G1 X117.811 Y112.286 E-.39339
G1 X118.429 Y112.836 E-.39297
G1 X118.559 Y113.014 E-.1047
;WIPE_END
G1 X115.502 Y98.155 F9000
G1 E5 F2400
;TYPE:Perimeter
;WIDTH:0.439999
G1 X132.847 Y115.5 E.8099
G1 X115.5 Y132.847 E.80999
G1 X98.154 Y115.5 E.80997
G1 X115.459 Y98.198 E.80796
G1 X115.502 Y97.594 F9000
G1 F2400
G1 X133.408 Y115.5 E.83609
G1 X115.5 Y133.408 E.83619
G1 X97.592 Y115.5 E.83619
G1 X115.46 Y97.636 E.83423
G1 X115.502 Y97.046 F9000
;TYPE:External perimeter
;WIDTH:0.419999
G1 F1500
G1 X133.955 Y115.5 E.81826
G1 X115.5 Y133.955 E.81832
G1 X97.045 Y115.5 E.81832
G1 X115.46 Y97.089 E.81646
G1 E-3.5 F3600
;WIPE_START
G1 F7200
G1 X115.502 Y97.046 E-.02855
G1 X117.692 Y99.237 E-1.47145
;WIPE_END
G1 X116.657 Y99.743 F9000
G1 E5 F2400
;TYPE:Internal infill
;WIDTH:0.44
G1 F2538
G1 X118.342 Y101.427 E.07866
G1 X101.427 Y118.342 E.78982
G1 X104.235 Y121.149 E.13109
G1 X110.511 Y114.873 E.29305
G1 X110.45 Y115.5 E.0208
G1 X110.512 Y116.127 E.0208
G1 X104.236 Y109.851 E.29305
G1 X107.044 Y107.044 E.13109
G1 X111.94 Y111.94 E.22861
G1 X112.639 Y111.344 E.03033
G1 X113.332 Y110.945 E.0264
G1 X113.953 Y110.715 E.02186
G1 E-3.5 F3600
;WIPE_START
G1 F7200
G1 X113.332 Y110.945 E-.31456
G1 X112.639 Y111.344 E-.37984
G1 X111.94 Y111.94 E-.43633
G1 X111.39 Y111.39 E-.36927
;WIPE_END
G1 X113.953 Y120.285 F9000
G1 E5 F2400
G1 F2538
G1 X113.331 Y120.055 E.0219
G1 X112.547 Y119.597 E.02998
G1 X111.941 Y119.059 E.02676
G1 X107.043 Y123.957 E.2287
G1 X109.851 Y126.765 E.13112
G1 X116.126 Y120.489 E.29303
G1 X115.5 Y120.55 E.02077
G1 X114.874 Y120.489 E.02077
G1 X121.149 Y126.765 E.29303
G1 X118.342 Y129.573 E.13109
G1 X101.428 Y112.659 E.78977
G1 X99.743 Y114.343 E.07866
G1 E-3.5 F3600
;WIPE_START
G1 F7200
G1 X101.428 Y112.659 E-1.13157
G1 X101.976 Y113.207 E-.36843
;WIPE_END
G1 X114.343 Y131.257 F9000
G1 E5 F2400
G1 F2538
G1 X112.658 Y129.573 E.07866
G1 X129.573 Y112.658 E.78982
G1 X126.765 Y109.851 E.13109
G1 X120.506 Y116.11 E.29225
G1 X120.507 Y114.892 E.04022
G1 X126.765 Y121.149 E.29218
G1 X129.573 Y118.342 E.13109
G1 X112.66 Y101.429 E.78973
G1 X109.852 Y104.236 E.13109
G1 X116.112 Y110.497 E.29232
G1 X114.88 Y110.504 E.04068
G1 X121.149 Y104.235 E.29272
G1 X123.957 Y107.043 E.13112
G1 X119.06 Y111.94 E.22866
G1 X119.803 Y112.867 E.03923
G1 X120.299 Y113.948 E.03927
G1 E-3.5 F3600
;WIPE_START
G1 F7200
G1 X119.803 Y112.867 E-.56495
G1 X119.06 Y111.94 E-.56431
G1 X119.612 Y111.388 E-.37074
;WIPE_END
G1 X120.299 Y117.052 F9000
G1 E5 F2400
G1 F2538
G1 X119.815 Y118.117 E.03862
G1 X119.06 Y119.06 E.03989
G1 X123.957 Y123.957 E.22866
G1 X122.272 Y125.642 E.07868
;LAYER_CHANGE
;Z:4.8
;HEIGHT:0.2
;BEFORE_LAYER_CHANGE
G92 E0
;7.2


G1 E-3.5 F3600
;WIPE_START
G1 F7200
G1 X123.957 Y123.957 E-1.1319
G1 X123.409 Y123.409 E-.3681
;WIPE_END
G1 Z4.8 F9000
;AFTER_LAYER_CHANGE
;7.2
G1 X118.271 Y119.315
G1 E5 F2400
;TYPE:Perimeter
;WIDTH:0.439999
G1 F1500
G1 X117.957 Y119.553 E.01301
G1 X117.061 Y119.976 E.03271
G1 X116.272 Y120.174 E.02686
G1 X115.581 Y120.241 E.02292
G1 X115.055 Y120.222 E.01738
G1 X114.132 Y120.038 E.03107
G1 X113.219 Y119.655 E.03269
G1 X112.405 Y119.09 E.03272
G1 X111.726 Y118.368 E.03272
G1 X111.212 Y117.52 E.03274
G1 X110.886 Y116.585 E.03269
G1 X110.761 Y115.602 E.03272
G1 X110.844 Y114.614 E.03274
G1 X111.041 Y113.901 E.02442
G1 X111.351 Y113.206 E.02513
G1 X111.91 Y112.405 E.03225
G1 X112.632 Y111.726 E.03272
G1 X113.48 Y111.212 E.03274
G1 X114.415 Y110.886 E.03269
G1 X115.221 Y110.771 E.02688
G1 X115.915 Y110.777 E.02291
G1 X116.868 Y110.962 E.03205
G1 X117.781 Y111.345 E.03269
G1 X118.595 Y111.91 E.03272
G1 X119.274 Y112.632 E.03272
G1 X119.788 Y113.48 E.03274
G1 X120.114 Y114.415 E.03269
G1 X120.239 Y115.398 E.03272
G1 X120.156 Y116.386 E.03274
G1 X119.871 Y117.335 E.03272
G1 X119.394 Y118.203 E.0327
G1 X118.746 Y118.954 E.03275
G1 X118.319 Y119.278 E.0177
G1 X118.04 Y118.996 F9000
G1 F1500
G1 X117.724 Y119.232 E.01302
G1 X116.9 Y119.613 E.02997
G1 X116.184 Y119.786 E.02432
G1 X115.548 Y119.845 E.02109
G1 X114.986 Y119.814 E.01858
G1 X114.215 Y119.65 E.02603
G1 X113.38 Y119.292 E.03
G1 X112.638 Y118.768 E.02999
G1 X112.021 Y118.102 E.02998
G1 X111.556 Y117.322 E.02998
G1 X111.263 Y116.462 E.03
G1 X111.156 Y115.56 E.02999
G1 X111.239 Y114.655 E.03001
G1 X111.421 Y114.015 E.02197
G1 X111.711 Y113.373 E.02326
G1 X112.232 Y112.638 E.02975
G1 X112.898 Y112.021 E.02998
G1 X113.678 Y111.556 E.02998
G1 X114.538 Y111.263 E.03
G1 X115.268 Y111.166 E.02431
G1 X115.906 Y111.174 E.02107
G1 X116.785 Y111.35 E.0296
G1 X117.62 Y111.708 E.03
G1 X118.362 Y112.232 E.02999
G1 X118.979 Y112.898 E.02998
G1 X119.444 Y113.678 E.02998
G1 X119.737 Y114.538 E.03
G1 X119.844 Y115.44 E.02999
G1 X119.762 Y116.344 E.02997
G1 X119.493 Y117.212 E.03
G1 X119.05 Y118.005 E.02999
G1 X118.451 Y118.688 E.02999
G1 X118.088 Y118.96 E.01498
G1 X117.814 Y118.685 F9000
;TYPE:External perimeter
;WIDTH:0.419999
G1 F1500
G1 X117.497 Y118.919 E.01235
G1 X116.742 Y119.259 E.02596
G1 X116.098 Y119.409 E.02073
G1 X115.516 Y119.459 E.01832
G1 X115.067 Y119.435 E.0141
G1 X114.295 Y119.271 E.02475
G1 X113.538 Y118.938 E.02593
G1 X112.866 Y118.455 E.02595
G1 X112.309 Y117.843 E.02595
G1 X111.891 Y117.128 E.02597
G1 X111.632 Y116.342 E.02595
G1 X111.541 Y115.52 E.02593
G1 X111.623 Y114.696 E.02596
G1 X111.791 Y114.127 E.0186
G1 X112.063 Y113.535 E.02043
G1 X112.545 Y112.866 E.02585
G1 X113.157 Y112.309 E.02595
G1 X113.872 Y111.891 E.02597
G1 X114.658 Y111.632 E.02595
G1 X115.314 Y111.55 E.02073
G1 X115.898 Y111.561 E.01831
G1 X116.705 Y111.729 E.02585
G1 X117.462 Y112.062 E.02593
G1 X118.134 Y112.545 E.02595
G1 X118.691 Y113.157 E.02595
G1 X119.109 Y113.872 E.02597
G1 X119.368 Y114.658 E.02595
G1 X119.459 Y115.48 E.02593
G1 X119.377 Y116.304 E.02596
G1 X119.125 Y117.092 E.02594
G1 X118.714 Y117.811 E.02597
G1 X118.164 Y118.429 E.02594
G1 X117.863 Y118.65 E.01171
G1 E-3.5 F3600
;WIPE_START
G1 F7200
G1 X117.814 Y118.685 E-.0286
G1 X117.497 Y118.919 E-.18716
G1 X116.742 Y119.259 E-.39331
G1 X116.098 Y119.409 E-.31409
G1 X115.516 Y119.459 E-.27747
G1 X115.067 Y119.435 E-.21358
G1 X114.89 Y119.398 E-.08579
;WIPE_END
G1 X115.5 Y132.847 F9000
G1 E5 F2400
;TYPE:Perimeter
;WIDTH:0.439999
G1 X98.153 Y115.5 E.80999
G1 X115.5 Y98.153 E.80999
G1 X132.847 Y115.5 E.80999
G1 X115.542 Y132.804 E.80801
G1 X115.5 Y133.408 F9000
G1 F2400
G1 X97.592 Y115.5 E.83619
G1 X115.5 Y97.592 E.83619
G1 X133.408 Y115.5 E.83619
G1 X115.542 Y133.366 E.83423
G1 X115.5 Y133.955 F9000
;TYPE:External perimeter
;WIDTH:0.419999
G1 F1500
G1 X97.045 Y115.5 E.81832
G1 X115.5 Y97.045 E.81832
G1 X133.955 Y115.5 E.81832
G1 X115.542 Y133.913 E.81646
G1 E-3.5 F3600
;WIPE_START
G1 F7200
G1 X115.5 Y133.955 E-.02821
G1 X113.309 Y131.764 E-1.47179
;WIPE_END
G1 X117.053 Y120.3 F9000
G1 E5 F2400
;TYPE:Internal infill
;WIDTH:0.44
G1 F2451
G1 X118.133 Y119.803 E.03925
G1 X119.059 Y119.059 E.03922
G1 X123.957 Y123.957 E.2287
G1 X126.765 Y121.149 E.13112
G1 X120.489 Y114.874 E.29303
G1 X120.55 Y115.5 E.02077
G1 X120.489 Y116.126 E.02077
G1 X126.765 Y109.851 E.29303
G1 X123.957 Y107.043 E.13112
G1 X119.06 Y111.94 E.22866
G1 X118.117 Y111.185 E.03989
G1 X117.052 Y110.701 E.03862
G1 E-3.5 F3600
;WIPE_START
G1 F7200
G1 X118.117 Y111.185 E-.55566
G1 X119.06 Y111.94 E-.5738
G1 X119.612 Y111.388 E-.37054
;WIPE_END
G1 X113.953 Y110.715 F9000
G1 E5 F2400
G1 F2451
G1 X113.332 Y110.945 E.02186
G1 X112.639 Y111.344 E.0264
G1 X111.94 Y111.94 E.03033
G1 X107.043 Y107.043 E.22866
G1 X105.358 Y108.728 E.07868
G1 E-3.5 F3600
;WIPE_START
G1 F7200
G1 X107.043 Y107.043 E-1.1319
G1 X107.591 Y107.591 E-.3681
;WIPE_END
G1 X99.743 Y116.657 F9000
G1 E5 F2400
G1 F2451
G1 X101.427 Y118.342 E.07866
G1 X118.342 Y101.427 E.78982
G1 X121.149 Y104.235 E.13109
G1 X114.881 Y110.504 E.2927
G1 X116.108 Y110.492 E.04051
G1 X109.851 Y104.235 E.29216
G1 X112.658 Y101.427 E.13109
G1 X129.573 Y118.342 E.78982
G1 X132.414 Y115.5 E.13268
G1 X129.573 Y112.658 E.13268
G1 X112.658 Y129.573 E.78982
G1 X109.851 Y126.765 E.13109
G1 X116.123 Y120.493 E.29286
G1 X115.501 Y120.55 E.02062
G1 X114.89 Y120.506 E.02023
G1 X121.149 Y126.765 E.29225
G1 X118.342 Y129.573 E.13109
G1 X101.427 Y112.658 E.78982
G1 X104.235 Y109.851 E.13109
G1 X110.511 Y116.126 E.29303
G1 X110.45 Y115.5 E.02077
G1 X110.511 Y114.873 E.0208
G1 X104.235 Y121.149 E.29305
G1 X107.043 Y123.957 E.13112
G1 X111.94 Y119.06 E.22866
G1 X112.883 Y119.815 E.03989
G1 X113.948 Y120.299 E.03862
;LAYER_CHANGE
;Z:5
;HEIGHT:0.2
;BEFORE_LAYER_CHANGE
G92 E0
;7.6


G1 E-3.5 F3600
;WIPE_START
G1 F7200
G1 X129.573 Y118.342 E-1.13157
G1 X129.025 Y117.794 E-.36843
;WIPE_END
G1 Z5 F9000
;AFTER_LAYER_CHANGE
;7.6
G1 X120.203 Y115.994
G1 E5 F2400
;TYPE:Perimeter
;WIDTH:0.439999
G1 F1500
G1 X120.193 Y116.145 E.005
G1 X120.035 Y116.881 E.02485
G1 X119.655 Y117.781 E.03226
G1 X119.09 Y118.595 E.03272
G1 X118.368 Y119.274 E.03272
G1 X117.52 Y119.788 E.03274
G1 X116.585 Y120.114 E.03269
G1 X115.602 Y120.239 E.03272
G1 X114.614 Y120.156 E.03274
G1 X113.665 Y119.871 E.03272
G1 X112.797 Y119.394 E.0327
G1 X112.046 Y118.746 E.03275
G1 X111.447 Y117.957 E.03271
G1 X111.024 Y117.061 E.03271
G1 X110.817 Y116.214 E.02879
G1 X110.759 Y115.574 E.02122
G1 X110.825 Y114.732 E.02789
G1 X110.968 Y114.105 E.02123
G1 X111.345 Y113.219 E.03179
G1 X111.91 Y112.405 E.03272
G1 X112.632 Y111.726 E.03272
G1 X113.48 Y111.212 E.03274
G1 X114.415 Y110.886 E.03269
G1 X115.307 Y110.766 E.02972
G1 X115.927 Y110.777 E.02047
G1 X116.868 Y110.962 E.03166
G1 X117.781 Y111.345 E.03269
G1 X118.595 Y111.91 E.03272
G1 X119.274 Y112.632 E.03272
G1 X119.788 Y113.48 E.03274
G1 X120.114 Y114.415 E.03269
G1 X120.239 Y115.399 E.03275
G1 X120.206 Y115.934 E.0177
G1 X119.809 Y115.953 F9000
G1 F1500
G1 X119.798 Y116.112 E.00526
G1 X119.648 Y116.793 E.02302
G1 X119.292 Y117.62 E.02973
G1 X118.768 Y118.362 E.02999
G1 X118.102 Y118.979 E.02998
G1 X117.322 Y119.444 E.02998
G1 X116.462 Y119.737 E.03
G1 X115.56 Y119.844 E.02999
G1 X114.656 Y119.762 E.02997
G1 X113.788 Y119.493 E.03
G1 X112.995 Y119.05 E.02999
G1 X112.312 Y118.451 E.02999
G1 X111.768 Y117.724 E.02998
G1 X111.387 Y116.9 E.02997
G1 X111.205 Y116.128 E.02619
G1 X111.155 Y115.544 E.01935
G1 X111.221 Y114.77 E.02565
G1 X111.354 Y114.199 E.01936
G1 X111.708 Y113.38 E.02946
G1 X112.232 Y112.638 E.02999
G1 X112.898 Y112.021 E.02998
G1 X113.678 Y111.556 E.02998
G1 X114.538 Y111.263 E.03
G1 X115.351 Y111.161 E.02705
G1 X115.913 Y111.174 E.01856
G1 X116.785 Y111.35 E.02937
G1 X117.62 Y111.708 E.03
G1 X118.362 Y112.232 E.02999
G1 X118.979 Y112.898 E.02998
G1 X119.444 Y113.678 E.02998
G1 X119.737 Y114.538 E.03
G1 X119.844 Y115.44 E.02999
G1 X119.813 Y115.893 E.01499
G1 X119.425 Y115.913 F9000
;TYPE:External perimeter
;WIDTH:0.419999
G1 F1500
G1 X119.412 Y116.079 E.00522
G1 X119.271 Y116.707 E.02018
G1 X118.938 Y117.462 E.02587
G1 X118.455 Y118.134 E.02595
G1 X117.843 Y118.691 E.02595
G1 X117.128 Y119.109 E.02597
G1 X116.342 Y119.368 E.02595
G1 X115.52 Y119.459 E.02593
G1 X114.696 Y119.377 E.02596
G1 X113.908 Y119.125 E.02594
G1 X113.189 Y118.714 E.02597
G1 X112.571 Y118.164 E.02594
G1 X112.081 Y117.497 E.02595
G1 X111.741 Y116.742 E.02596
G1 X111.582 Y116.045 E.02242
G1 X111.54 Y115.514 E.0167
G1 X111.606 Y114.807 E.02226
G1 X111.73 Y114.29 E.01667
G1 X112.062 Y113.538 E.02577
G1 X112.545 Y112.866 E.02595
G1 X113.157 Y112.309 E.02595
G1 X113.872 Y111.891 E.02597
G1 X114.658 Y111.632 E.02595
G1 X115.394 Y111.546 E.02323
G1 X115.9 Y111.561 E.01587
G1 X116.705 Y111.729 E.02578
G1 X117.462 Y112.062 E.02593
G1 X118.134 Y112.545 E.02595
G1 X118.691 Y113.157 E.02595
G1 X119.109 Y113.872 E.02597
G1 X119.368 Y114.658 E.02595
G1 X119.459 Y115.481 E.02596
G1 X119.43 Y115.853 E.0117
G1 E-3.5 F3600
;WIPE_START
G1 F7200
G1 X119.425 Y115.913 E-.0286
G1 X119.412 Y116.079 E-.07909
G1 X119.271 Y116.707 E-.30573
G1 X118.938 Y117.462 E-.39196
G1 X118.455 Y118.134 E-.3931
G1 X117.986 Y118.562 E-.30152
;WIPE_END
G1 X132.847 Y115.5 F9000
G1 E5 F2400
;TYPE:Perimeter
;WIDTH:0.439999
G1 X115.5 Y132.847 E.80999
G1 X98.153 Y115.5 E.80999
G1 X115.5 Y98.153 E.80999
G1 X132.804 Y115.458 E.80801
G1 X133.408 Y115.5 F9000
G1 F2400
G1 X115.5 Y133.408 E.83619
G1 X97.592 Y115.5 E.83619
G1 X115.5 Y97.592 E.83619
G1 X133.366 Y115.458 E.83423
G1 X133.955 Y115.5 F9000
;TYPE:External perimeter
;WIDTH:0.419999
G1 F1500
G1 X115.5 Y133.955 E.81832
G1 X97.045 Y115.5 E.81832
G1 X115.5 Y97.045 E.81832
G1 X133.913 Y115.458 E.81646
G1 E-3.5 F3600
;WIPE_START
G1 F7200
G1 X133.955 Y115.5 E-.02821
G1 X131.764 Y117.691 E-1.47179
;WIPE_END
G1 X131.257 Y116.657 F9000
G1 E5 F2400
;TYPE:Internal infill
;WIDTH:0.44
G1 F2511
G1 X129.573 Y118.342 E.07866
G1 X112.658 Y101.427 E.78982
G1 X109.851 Y104.235 E.13109
G1 X116.107 Y110.492 E.29214
G1 X115.279 Y110.462 E.02736
G1 X114.878 Y110.506 E.01332
G1 X121.149 Y104.235 E.29282
G1 X118.342 Y101.427 E.13109
G1 X101.427 Y118.342 E.78982
G1 X99.743 Y116.657 E.07866
G1 E-3.5 F3600
;WIPE_START
G1 F7200
G1 X101.427 Y118.342 E-1.13157
G1 X101.975 Y117.794 E-.36843
;WIPE_END
G1 X110.701 Y117.052 F9000
G1 E5 F2400
G1 F2511
G1 X111.197 Y118.133 E.03927
G1 X111.941 Y119.059 E.03922
G1 X107.043 Y123.957 E.2287
G1 X104.235 Y121.149 E.13112
G1 X110.515 Y114.87 E.29321
G1 X110.45 Y115.499 E.02088
G1 X110.503 Y116.119 E.02055
G1 X104.235 Y109.851 E.29267
G1 X101.427 Y112.658 E.13109
G1 X118.342 Y129.573 E.78982
G1 X121.149 Y126.765 E.13109
G1 X114.874 Y120.489 E.29303
G1 X115.5 Y120.55 E.02077
G1 X116.126 Y120.489 E.02077
G1 X109.851 Y126.765 E.29303
G1 X112.658 Y129.573 E.13109
G1 X129.573 Y112.658 E.78982
G1 X126.765 Y109.851 E.13109
G1 X120.492 Y116.123 E.29289
G1 X120.55 Y115.5 E.02066
G1 X120.489 Y114.874 E.02077
G1 X126.765 Y121.149 E.29303
G1 X123.957 Y123.957 E.13112
G1 X119.06 Y119.06 E.22866
G1 X119.815 Y118.117 E.03989
G1 X120.3 Y117.053 E.03861
G1 E-3.5 F3600
;WIPE_START
G1 F7200
G1 X119.815 Y118.117 E-.55543
G1 X119.06 Y119.06 E-.5738
G1 X119.612 Y119.612 E-.37077
;WIPE_END
G1 X125.642 Y108.728 F9000
G1 E5 F2400
G1 F2511
G1 X123.957 Y107.043 E.07868
G1 X119.06 Y111.94 E.22866
G1 X118.117 Y111.185 E.03989
G1 X117.052 Y110.701 E.03862
G1 E-3.5 F3600
;WIPE_START
G1 F7200
G1 X118.117 Y111.185 E-.55566
G1 X119.06 Y111.94 E-.5738
G1 X119.612 Y111.388 E-.37054
;WIPE_END
G1 X113.953 Y110.715 F9000
G1 E5 F2400
G1 F2511
G1 X113.332 Y110.945 E.02186
G1 X112.639 Y111.344 E.0264
G1 X111.94 Y111.94 E.03033
G1 X107.043 Y107.043 E.22866
G1 X108.728 Y105.358 E.07868
;LAYER_CHANGE
;Z:5.2
;HEIGHT:0.2
;BEFORE_LAYER_CHANGE
G92 E0
;8


G1 E-3.5 F3600
;WIPE_START
G1 F7200
G1 X112.658 Y129.573 E-1.13157
G1 X113.206 Y129.025 E-.36843
;WIPE_END
G1 Z5.2 F9000
;AFTER_LAYER_CHANGE
;8
G1 X115.007 Y120.189
G1 E5 F2400
;TYPE:Perimeter
;WIDTH:0.439999
G1 F1500
G1 X114.614 Y120.156 E.01302
G1 X113.665 Y119.871 E.03272
G1 X112.797 Y119.394 E.0327
G1 X112.046 Y118.746 E.03275
G1 X111.447 Y117.957 E.03271
G1 X111.024 Y117.061 E.03271
G1 X110.816 Y116.211 E.02889
G1 X110.759 Y115.573 E.02115
G1 X110.826 Y114.728 E.02799
G1 X110.968 Y114.104 E.02113
G1 X111.345 Y113.219 E.03176
G1 X111.91 Y112.405 E.03272
G1 X112.632 Y111.726 E.03272
G1 X113.48 Y111.212 E.03274
G1 X114.415 Y110.886 E.03269
G1 X115.303 Y110.767 E.02958
G1 X115.926 Y110.777 E.02057
G1 X116.436 Y110.85 E.01701
G1 X117.335 Y111.129 E.03108
G1 X118.203 Y111.606 E.0327
G1 X118.954 Y112.254 E.03275
G1 X119.553 Y113.043 E.03271
G1 X119.976 Y113.939 E.03271
G1 X120.202 Y114.904 E.03272
G1 X120.218 Y115.994 E.03599
G1 X120.038 Y116.868 E.02946
G1 X119.655 Y117.781 E.03269
G1 X119.09 Y118.595 E.03272
G1 X118.368 Y119.274 E.03272
G1 X117.52 Y119.788 E.03274
G1 X116.585 Y120.114 E.03269
G1 X115.602 Y120.239 E.03272
G1 X115.067 Y120.194 E.01773
G1 X115.048 Y119.797 F9000
G1 F1500
G1 X114.656 Y119.762 E.01299
G1 X113.788 Y119.493 E.03
G1 X112.995 Y119.05 E.02999
G1 X112.312 Y118.451 E.02999
G1 X111.768 Y117.724 E.02998
G1 X111.387 Y116.9 E.02997
G1 X111.204 Y116.125 E.02629
G1 X111.154 Y115.543 E.01929
G1 X111.221 Y114.767 E.02572
G1 X111.354 Y114.198 E.01929
G1 X111.708 Y113.38 E.02943
G1 X112.232 Y112.638 E.02999
G1 X112.898 Y112.021 E.02998
G1 X113.678 Y111.556 E.02998
G1 X114.538 Y111.263 E.03
G1 X115.347 Y111.161 E.02692
G1 X115.913 Y111.174 E.01869
G1 X116.462 Y111.263 E.01836
G1 X117.212 Y111.507 E.02604
G1 X118.005 Y111.95 E.02999
G1 X118.688 Y112.549 E.02999
G1 X119.232 Y113.276 E.02998
G1 X119.613 Y114.1 E.02997
G1 X119.814 Y114.986 E.03
G1 X119.823 Y115.953 E.03193
G1 X119.65 Y116.785 E.02806
G1 X119.292 Y117.62 E.03
G1 X118.768 Y118.362 E.02999
G1 X118.102 Y118.979 E.02998
G1 X117.322 Y119.444 E.02998
G1 X116.462 Y119.737 E.03
G1 X115.56 Y119.844 E.02999
G1 X115.108 Y119.803 E.01499
G1 X115.088 Y119.416 F9000
;TYPE:External perimeter
;WIDTH:0.419999
G1 F1500
G1 X114.696 Y119.377 E.01235
G1 X113.908 Y119.125 E.02594
G1 X113.189 Y118.714 E.02597
G1 X112.571 Y118.164 E.02594
G1 X112.081 Y117.497 E.02595
G1 X111.741 Y116.742 E.02596
G1 X111.582 Y116.041 E.02254
G1 X111.54 Y115.514 E.01658
G1 X111.606 Y114.804 E.02236
G1 X111.73 Y114.29 E.01658
G1 X112.062 Y113.538 E.02577
G1 X112.545 Y112.866 E.02595
G1 X113.157 Y112.309 E.02595
G1 X113.872 Y111.891 E.02597
G1 X114.658 Y111.632 E.02595
G1 X115.39 Y111.546 E.02311
G1 X115.9 Y111.561 E.016
G1 X116.342 Y111.632 E.01404
G1 X117.092 Y111.875 E.02472
G1 X117.811 Y112.286 E.02597
G1 X118.429 Y112.836 E.02594
G1 X118.919 Y113.503 E.02595
G1 X119.259 Y114.258 E.02596
G1 X119.435 Y115.067 E.02596
G1 X119.439 Y115.894 E.02593
G1 X119.271 Y116.705 E.02597
G1 X118.938 Y117.462 E.02593
G1 X118.455 Y118.134 E.02595
G1 X117.843 Y118.691 E.02595
G1 X117.128 Y119.109 E.02597
G1 X116.342 Y119.368 E.02595
G1 X115.52 Y119.459 E.02593
G1 X115.148 Y119.422 E.01172
G1 E-3.5 F3600
;WIPE_START
G1 F7200
G1 X115.088 Y119.416 E-.02864
G1 X114.696 Y119.377 E-.18712
G1 X113.908 Y119.125 E-.39297
G1 X113.189 Y118.714 E-.39339
G1 X112.571 Y118.164 E-.39297
G1 X112.44 Y117.986 E-.10491
;WIPE_END
G1 X115.5 Y132.847 F9000
G1 E5 F2400
;TYPE:Perimeter
;WIDTH:0.439999
G1 X98.154 Y115.5 E.80997
G1 X115.501 Y98.154 E.80997
G1 X132.847 Y115.5 E.80994
G1 X115.542 Y132.804 E.80801
G1 X115.5 Y133.408 F9000
G1 F2400
G1 X97.592 Y115.5 E.83619
G1 X115.501 Y97.593 E.83619
G1 X133.408 Y115.5 E.83614
G1 X115.542 Y133.366 E.83423
G1 X115.5 Y133.955 F9000
;TYPE:External perimeter
;WIDTH:0.419999
G1 F1500
G1 X97.045 Y115.5 E.81832
G1 X115.501 Y97.045 E.81835
G1 X133.955 Y115.5 E.8183
G1 X115.542 Y133.913 E.81646
G1 E-3.5 F3600
;WIPE_START
G1 F7200
G1 X115.5 Y133.955 E-.02821
G1 X113.309 Y131.764 E-1.47179
;WIPE_END
G1 X120.299 Y117.052 F9000
G1 E5 F2400
;TYPE:Internal infill
;WIDTH:0.44
G1 F2495
G1 X119.815 Y118.117 E.03862
G1 X119.06 Y119.06 E.03989
G1 X123.957 Y123.957 E.22866
G1 X126.765 Y121.149 E.13112
G1 X120.507 Y114.892 E.29218
G1 X120.506 Y116.11 E.04022
G1 X126.765 Y109.851 E.29225
G1 X129.573 Y112.658 E.13109
G1 X112.658 Y129.573 E.78982
G1 X109.851 Y126.765 E.13109
G1 X116.126 Y120.489 E.29303
G1 X115.5 Y120.55 E.02077
G1 X114.874 Y120.489 E.02077
G1 X121.149 Y126.765 E.29303
G1 X118.342 Y129.573 E.13109
G1 X101.428 Y112.659 E.78977
G1 X98.586 Y115.5 E.13268
G1 X101.427 Y118.342 E.13268
G1 X118.342 Y101.427 E.78982
G1 X116.657 Y99.743 E.07866
G1 E-3.5 F3600
;WIPE_START
G1 F7200
G1 X118.342 Y101.427 E-1.13157
G1 X117.794 Y101.975 E-.36843
;WIPE_END
G1 X110.701 Y117.052 F9000
G1 E5 F2400
G1 F2495
G1 X111.197 Y118.133 E.03927
G1 X111.941 Y119.059 E.03922
G1 X107.043 Y123.957 E.2287
G1 X104.235 Y121.149 E.13112
G1 X110.515 Y114.87 E.29321
G1 X110.45 Y115.499 E.02088
G1 X110.503 Y116.119 E.02055
G1 X104.235 Y109.851 E.29267
G1 X107.043 Y107.043 E.13112
G1 X111.94 Y111.94 E.22866
G1 X112.639 Y111.344 E.03033
G1 X113.332 Y110.945 E.0264
G1 X113.953 Y110.715 E.02186
G1 E-3.5 F3600
;WIPE_START
G1 F7200
G1 X113.332 Y110.945 E-.31456
G1 X112.639 Y111.344 E-.37984
G1 X111.94 Y111.94 E-.43633
G1 X111.39 Y111.39 E-.36927
;WIPE_END
G1 X120.299 Y113.948 F9000
G1 E5 F2400
G1 F2495
G1 X119.803 Y112.867 E.03927
G1 X119.06 Y111.94 E.03923
G1 X123.957 Y107.043 E.22866
G1 X121.149 Y104.235 E.13112
G1 X114.878 Y110.506 E.29282
G1 X115.276 Y110.462 E.01322
G1 X116.111 Y110.495 E.02759
G1 X109.851 Y104.236 E.29228
G1 X112.659 Y101.428 E.13112
G1 X129.573 Y118.342 E.78977
G1 X131.257 Y116.657 E.07866
;LAYER_CHANGE
;Z:5.4
;HEIGHT:0.2
;BEFORE_LAYER_CHANGE
G92 E0
;8.2


G1 E-3.5 F3600
;WIPE_START
G1 F7200
G1 X129.573 Y118.342 E-1.13157
G1 X129.025 Y117.794 E-.36843
;WIPE_END
G1 Z5.4 F9000
;AFTER_LAYER_CHANGE
;8.2
G1 X120.204 Y115.995
G1 E5 F2400
;TYPE:Perimeter
;WIDTH:0.439999
G1 F1500
G1 X120.038 Y116.868 E.02934
G1 X119.655 Y117.781 E.03269
G1 X119.09 Y118.595 E.03272
G1 X118.368 Y119.274 E.03272
G1 X117.52 Y119.788 E.03274
G1 X116.585 Y120.114 E.03269
G1 X115.602 Y120.239 E.03272
G1 X114.614 Y120.156 E.03274
G1 X113.665 Y119.871 E.03272
G1 X112.797 Y119.394 E.0327
G1 X112.046 Y118.746 E.03275
G1 X111.447 Y117.957 E.03271
G1 X111.024 Y117.061 E.03271
G1 X110.798 Y116.096 E.03272
G1 X110.776 Y115.5 E.01969
G1 X110.798 Y114.904 E.01969
G1 X110.962 Y114.133 E.02603
G1 X111.345 Y113.219 E.03272
G1 X111.91 Y112.405 E.03272
G1 X112.632 Y111.726 E.03272
G1 X113.48 Y111.212 E.03274
G1 X114.415 Y110.886 E.03269
G1 X115.299 Y110.767 E.02945
G1 X115.926 Y110.777 E.0207
G1 X116.436 Y110.85 E.01701
G1 X117.335 Y111.129 E.03108
G1 X118.203 Y111.606 E.0327
G1 X118.954 Y112.254 E.03275
G1 X119.553 Y113.043 E.03271
G1 X119.976 Y113.939 E.03271
G1 X120.202 Y114.904 E.03272
G1 X120.224 Y115.894 E.0327
G1 X120.216 Y115.936 E.00141
G1 X119.815 Y115.954 F9000
G1 F1500
G1 X119.65 Y116.785 E.02797
G1 X119.292 Y117.62 E.03
G1 X118.768 Y118.362 E.02999
G1 X118.102 Y118.979 E.02998
G1 X117.322 Y119.444 E.02998
G1 X116.462 Y119.737 E.03
G1 X115.56 Y119.844 E.02999
G1 X114.656 Y119.762 E.02997
G1 X113.788 Y119.493 E.03
G1 X112.995 Y119.05 E.02999
G1 X112.312 Y118.451 E.02999
G1 X111.768 Y117.724 E.02998
G1 X111.387 Y116.9 E.02997
G1 X111.186 Y116.014 E.03
G1 X111.174 Y115.5 E.01698
G1 X111.186 Y114.986 E.01698
G1 X111.35 Y114.215 E.02603
G1 X111.708 Y113.38 E.03
G1 X112.232 Y112.638 E.02999
G1 X112.898 Y112.021 E.02998
G1 X113.678 Y111.556 E.02998
G1 X114.538 Y111.263 E.03
G1 X115.343 Y111.161 E.02679
G1 X115.913 Y111.174 E.01882
G1 X116.462 Y111.263 E.01836
G1 X117.212 Y111.507 E.02604
G1 X118.005 Y111.95 E.02999
G1 X118.688 Y112.549 E.02999
G1 X119.232 Y113.276 E.02998
G1 X119.613 Y114.1 E.02997
G1 X119.814 Y114.986 E.03
G1 X119.826 Y115.894 E.02998
G1 X119.435 Y115.914 F9000
;TYPE:External perimeter
;WIDTH:0.419999
G1 F1500
G1 X119.271 Y116.705 E.02533
G1 X118.938 Y117.462 E.02593
G1 X118.455 Y118.134 E.02595
G1 X117.843 Y118.691 E.02595
G1 X117.128 Y119.109 E.02597
G1 X116.342 Y119.368 E.02595
G1 X115.52 Y119.459 E.02593
G1 X114.696 Y119.377 E.02596
G1 X113.908 Y119.125 E.02594
G1 X113.189 Y118.714 E.02597
G1 X112.571 Y118.164 E.02594
G1 X112.081 Y117.497 E.02595
G1 X111.741 Y116.742 E.02596
G1 X111.565 Y115.933 E.02596
G1 X111.561 Y115.106 E.02593
G1 X111.729 Y114.296 E.02594
G1 X112.062 Y113.538 E.02596
G1 X112.545 Y112.866 E.02595
G1 X113.157 Y112.309 E.02595
G1 X113.872 Y111.891 E.02597
G1 X114.658 Y111.632 E.02595
G1 X115.386 Y111.546 E.02298
G1 X115.9 Y111.561 E.01612
G1 X116.342 Y111.632 E.01404
G1 X117.092 Y111.875 E.02472
G1 X117.811 Y112.286 E.02597
G1 X118.429 Y112.836 E.02594
G1 X118.919 Y113.503 E.02595
G1 X119.259 Y114.258 E.02596
G1 X119.435 Y115.067 E.02596
G1 X119.439 Y115.854 E.02468
G1 E-3.5 F3600
;WIPE_START
G1 F7200
G1 X119.435 Y115.914 E-.02856
G1 X119.271 Y116.705 E-.38372
G1 X118.938 Y117.462 E-.39283
G1 X118.455 Y118.134 E-.3931
G1 X117.985 Y118.562 E-.30179
;WIPE_END
G1 X132.847 Y115.5 F9000
G1 E5 F2400
;TYPE:Perimeter
;WIDTH:0.439999
G1 X115.5 Y132.847 E.80999
G1 X98.154 Y115.5 E.80997
G1 X115.501 Y98.154 E.80997
G1 X132.804 Y115.458 E.80796
G1 X133.408 Y115.5 F9000
G1 F2400
G1 X115.5 Y133.408 E.83619
G1 X97.592 Y115.5 E.83619
G1 X115.501 Y97.593 E.83619
G1 X133.366 Y115.458 E.83418
G1 X133.955 Y115.5 F9000
;TYPE:External perimeter
;WIDTH:0.419999
G1 F1500
G1 X115.5 Y133.955 E.81832
G1 X97.045 Y115.5 E.81832
G1 X115.501 Y97.045 E.81835
G1 X133.913 Y115.458 E.81644
G1 E-3.5 F3600
;WIPE_START
G1 F7200
G1 X133.955 Y115.5 E-.02821
G1 X131.764 Y117.691 E-1.47179
;WIPE_END
G1 X131.257 Y116.657 F9000
G1 E5 F2400
;TYPE:Internal infill
;WIDTH:0.44
G1 F2505
G1 X129.573 Y118.342 E.07866
G1 X112.659 Y101.428 E.78977
G1 X114.344 Y99.743 E.07868
G1 E-3.5 F3600
;WIPE_START
G1 F7200
G1 X112.659 Y101.428 E-1.1319
G1 X113.207 Y101.976 E-.3681
;WIPE_END
G1 X125.642 Y108.728 F9000
G1 E5 F2400
G1 F2505
G1 X123.957 Y107.043 E.07868
G1 X119.06 Y111.94 E.22866
G1 X119.803 Y112.867 E.03923
G1 X120.299 Y113.948 E.03927
G1 E-3.5 F3600
;WIPE_START
G1 F7200
G1 X119.803 Y112.867 E-.56495
G1 X119.06 Y111.94 E-.56431
G1 X119.612 Y111.388 E-.37074
;WIPE_END
G1 X120.299 Y117.052 F9000
G1 E5 F2400
G1 F2505
G1 X119.815 Y118.117 E.03862
G1 X119.06 Y119.06 E.03989
G1 X123.957 Y123.957 E.22866
G1 X126.765 Y121.149 E.13112
G1 X120.507 Y114.892 E.29218
G1 X120.506 Y116.11 E.04022
G1 X126.765 Y109.851 E.29225
G1 X129.573 Y112.658 E.13109
G1 X112.658 Y129.573 E.78982
G1 X109.851 Y126.765 E.13109
G1 X116.126 Y120.489 E.29303
G1 X115.5 Y120.55 E.02077
G1 X114.874 Y120.489 E.02077
G1 X121.149 Y126.765 E.29303
G1 X118.342 Y129.573 E.13109
G1 X101.428 Y112.659 E.78977
G1 X104.235 Y109.851 E.13109
G1 X110.493 Y116.108 E.29218
G1 X110.494 Y114.89 E.04022
G1 X104.235 Y121.149 E.29225
G1 X101.427 Y118.342 E.13109
G1 X118.342 Y101.427 E.78982
G1 X121.149 Y104.235 E.13109
G1 X114.878 Y110.506 E.29282
G1 X115.272 Y110.462 E.01309
G1 X116.111 Y110.496 E.02772
G1 X109.851 Y104.236 E.2923
G1 X107.043 Y107.043 E.13109
G1 X111.94 Y111.94 E.22866
G1 X111.185 Y112.883 E.03989
G1 X110.701 Y113.948 E.03862
G1 E-3.5 F3600
;WIPE_START
G1 F7200
G1 X111.185 Y112.883 E-.55566
G1 X111.94 Y111.94 E-.5738
G1 X111.388 Y111.388 E-.37054
;WIPE_END
G1 X110.701 Y117.052 F9000
G1 E5 F2400
G1 F2505
G1 X111.196 Y118.133 E.03926
G1 X111.666 Y118.78 E.0264
G1 X111.94 Y119.06 E.01293
G1 X107.043 Y123.957 E.22866
G1 X105.358 Y122.272 E.07868
;LAYER_CHANGE
;Z:5.6
;HEIGHT:0.200001
;BEFORE_LAYER_CHANGE
G92 E0
;8.6


G1 E-3.5 F3600
;WIPE_START
G1 F7200
G1 X117.917 Y111.185 E-.48849
G1 X118.724 Y111.789 E-.4788
G1 X118.955 Y112.045 E-.16379
G1 X119.504 Y111.496 E-.36892
;WIPE_END
G1 Z5.6 F9000
;AFTER_LAYER_CHANGE
;8.6
G1 X116.962 Y111.001
G1 E5 F2400
;TYPE:Perimeter
;WIDTH:0.439999
G1 F1500
G1 X117.781 Y111.345 E.02933
G1 X118.595 Y111.91 E.03272
G1 X119.274 Y112.632 E.03272
G1 X119.788 Y113.48 E.03274
G1 X120.114 Y114.415 E.03269
G1 X120.239 Y115.398 E.03272
G1 X120.156 Y116.386 E.03274
G1 X119.871 Y117.335 E.03272
G1 X119.394 Y118.203 E.0327
G1 X118.746 Y118.954 E.03275
G1 X117.957 Y119.553 E.03271
G1 X117.061 Y119.976 E.03271
G1 X116.303 Y120.169 E.02583
G1 X115.584 Y120.241 E.02386
G1 X114.614 Y120.156 E.03215
G1 X113.665 Y119.871 E.03272
G1 X112.797 Y119.394 E.0327
G1 X112.046 Y118.746 E.03275
G1 X111.447 Y117.957 E.03271
G1 X111.024 Y117.061 E.03271
G1 X110.833 Y116.313 E.02549
G1 X110.76 Y115.585 E.02416
G1 X110.844 Y114.614 E.03218
G1 X111.013 Y113.974 E.02186
G1 X111.348 Y113.212 E.02748
G1 X111.91 Y112.405 E.03247
G1 X112.632 Y111.726 E.03272
G1 X113.48 Y111.212 E.03274
G1 X114.415 Y110.886 E.03269
G1 X115.295 Y110.767 E.02932
G1 X115.925 Y110.777 E.0208
G1 X116.868 Y110.962 E.03173
G1 X116.907 Y110.978 E.00139
G1 X116.841 Y111.374 F9000
G1 F1500
G1 X117.62 Y111.708 E.02798
G1 X118.362 Y112.232 E.02999
G1 X118.979 Y112.898 E.02998
G1 X119.444 Y113.678 E.02998
G1 X119.737 Y114.538 E.03
G1 X119.844 Y115.44 E.02999
G1 X119.762 Y116.344 E.02997
G1 X119.493 Y117.212 E.03
G1 X119.05 Y118.005 E.02999
G1 X118.451 Y118.688 E.02999
G1 X117.724 Y119.232 E.02998
G1 X116.9 Y119.613 E.02997
G1 X116.214 Y119.782 E.02333
G1 X115.55 Y119.845 E.02202
G1 X114.656 Y119.762 E.02964
G1 X113.788 Y119.493 E.03
G1 X112.995 Y119.05 E.02999
G1 X112.312 Y118.451 E.02999
G1 X111.768 Y117.724 E.02998
G1 X111.387 Y116.9 E.02997
G1 X111.22 Y116.223 E.02302
G1 X111.155 Y115.55 E.02232
G1 X111.238 Y114.655 E.02968
G1 X111.395 Y114.084 E.01955
G1 X111.71 Y113.376 E.02559
G1 X112.232 Y112.638 E.02985
G1 X112.898 Y112.021 E.02998
G1 X113.678 Y111.556 E.02998
G1 X114.538 Y111.263 E.03
G1 X115.34 Y111.162 E.02669
G1 X115.912 Y111.174 E.01889
G1 X116.785 Y111.35 E.0294
G1 X116.723 Y111.737 F9000
;TYPE:External perimeter
;WIDTH:0.419999
G1 F1500
G1 X117.462 Y112.062 E.02531
G1 X118.134 Y112.545 E.02595
G1 X118.691 Y113.157 E.02595
G1 X119.109 Y113.872 E.02597
G1 X119.368 Y114.658 E.02595
G1 X119.459 Y115.48 E.02593
G1 X119.377 Y116.304 E.02596
G1 X119.125 Y117.092 E.02594
G1 X118.714 Y117.811 E.02597
G1 X118.164 Y118.429 E.02594
G1 X117.497 Y118.919 E.02595
G1 X116.742 Y119.259 E.02596
G1 X116.127 Y119.404 E.01981
G1 X115.516 Y119.459 E.01923
G1 X114.696 Y119.377 E.02584
G1 X113.908 Y119.125 E.02594
G1 X113.189 Y118.714 E.02597
G1 X112.571 Y118.164 E.02594
G1 X112.081 Y117.497 E.02595
G1 X111.741 Y116.742 E.02596
G1 X111.597 Y116.136 E.01953
G1 X111.541 Y115.517 E.01949
G1 X111.623 Y114.696 E.02587
G1 X111.766 Y114.192 E.01643
G1 X112.062 Y113.536 E.02257
G1 X112.545 Y112.866 E.0259
G1 X113.157 Y112.309 E.02595
G1 X113.872 Y111.891 E.02597
G1 X114.658 Y111.632 E.02595
G1 X115.383 Y111.546 E.02289
G1 X115.9 Y111.561 E.01622
G1 X116.665 Y111.72 E.0245
G1 E-3.5 F3600
;WIPE_START
G1 F7200
G1 X116.723 Y111.737 E-.02871
G1 X117.462 Y112.062 E-.38347
G1 X118.134 Y112.545 E-.3931
G1 X118.691 Y113.157 E-.39307
G1 X119.011 Y113.705 E-.30165
;WIPE_END
G1 X115.5 Y98.153 F9000
G1 E5 F2400
;TYPE:Perimeter
;WIDTH:0.439999
G1 X132.847 Y115.5 E.80999
G1 X115.5 Y132.847 E.80999
G1 X98.153 Y115.5 E.80999
G1 X115.458 Y98.196 E.80801
G1 X115.5 Y97.592 F9000
G1 F2400
G1 X133.408 Y115.5 E.83619
G1 X115.5 Y133.408 E.83619
G1 X97.592 Y115.5 E.83619
G1 X115.458 Y97.634 E.83423
G1 X115.5 Y97.045 F9000
;TYPE:External perimeter
;WIDTH:0.419999
G1 F1500
G1 X133.955 Y115.5 E.81832
G1 X115.5 Y133.955 E.81832
G1 X97.045 Y115.5 E.81832
G1 X115.458 Y97.087 E.81646
G1 E-3.5 F3600
;WIPE_START
G1 F7200
G1 X115.5 Y97.045 E-.02821
G1 X117.691 Y99.236 E-1.47179
;WIPE_END
G1 X116.657 Y99.743 F9000
G1 E5 F2400
;TYPE:Internal infill
;WIDTH:0.44
G1 F2412
G1 X118.342 Y101.427 E.07866
G1 X101.427 Y118.342 E.78982
G1 X98.586 Y115.5 E.13268
G1 X101.427 Y112.658 E.13268
G1 X118.342 Y129.573 E.78982
G1 X121.149 Y126.765 E.13109
G1 X114.874 Y120.489 E.29303
G1 X115.5 Y120.55 E.02077
G1 X116.125 Y120.491 E.02073
G1 X109.851 Y126.765 E.29296
G1 X112.658 Y129.573 E.13109
G1 X129.573 Y112.658 E.78982
G1 X126.765 Y109.851 E.13109
G1 X120.489 Y116.126 E.29303
G1 X120.55 Y115.5 E.02077
G1 X120.489 Y114.874 E.02077
G1 X126.765 Y121.149 E.29303
G1 X123.957 Y123.957 E.13112
G1 X119.059 Y119.059 E.2287
G1 X118.133 Y119.803 E.03922
G1 X117.053 Y120.3 E.03925
G1 E-3.5 F3600
;WIPE_START
G1 F7200
G1 X118.133 Y119.803 E-.56471
G1 X119.059 Y119.059 E-.56423
G1 X119.611 Y119.611 E-.37106
;WIPE_END
G1 X110.7 Y117.053 F9000
G1 E5 F2400
G1 F2412
G1 X111.197 Y118.133 E.03925
G1 X111.941 Y119.059 E.03922
G1 X107.043 Y123.957 E.2287
G1 X104.235 Y121.149 E.13112
G1 X110.511 Y114.873 E.29305
G1 X110.45 Y115.5 E.0208
G1 X110.51 Y116.125 E.02073
G1 X104.235 Y109.851 E.29298
G1 X107.043 Y107.043 E.13112
G1 X111.94 Y111.94 E.22866
G1 X112.639 Y111.344 E.03033
G1 X113.332 Y110.945 E.0264
G1 X113.953 Y110.715 E.02186
G1 E-3.5 F3600
;WIPE_START
G1 F7200
G1 X113.332 Y110.945 E-.31456
G1 X112.639 Y111.344 E-.37984
G1 X111.94 Y111.94 E-.43633
G1 X111.39 Y111.39 E-.36927
;WIPE_END
G1 X117.052 Y110.701 F9000
G1 E5 F2400
G1 F2412
G1 X118.117 Y111.185 E.03862
G1 X119.06 Y111.94 E.03989
G1 X123.957 Y107.043 E.22866
G1 X121.149 Y104.235 E.13112
G1 X114.878 Y110.506 E.29282
G1 X115.268 Y110.462 E.01296
G1 X116.107 Y110.492 E.02772
G1 X109.851 Y104.235 E.29214
G1 X112.658 Y101.427 E.13109
G1 X129.573 Y118.342 E.78982
G1 X131.257 Y116.657 E.07866
;LAYER_CHANGE
;Z:5.8
;HEIGHT:0.2
;BEFORE_LAYER_CHANGE
G92 E0
;9


G1 E-3.5 F3600
;WIPE_START
G1 F7200
G1 X101.327 Y118.442 E-1.13157
G1 X101.875 Y117.894 E-.36843
;WIPE_END
G1 Z5.8 F9000
;AFTER_LAYER_CHANGE
;9
G1 X110.811 Y115.993
G1 E5 F2400
;TYPE:Perimeter
;WIDTH:0.439999
G1 F1500
G1 X110.761 Y115.601 E.01305
G1 X110.795 Y114.936 E.02199
G1 X110.963 Y114.125 E.02735
G1 X111.345 Y113.219 E.03246
G1 X111.91 Y112.405 E.03272
G1 X112.632 Y111.726 E.03272
G1 X113.48 Y111.212 E.03274
G1 X114.415 Y110.886 E.03269
G1 X115.291 Y110.767 E.02919
G1 X115.924 Y110.777 E.0209
G1 X116.868 Y110.962 E.03176
G1 X117.781 Y111.345 E.03269
G1 X118.595 Y111.91 E.03272
G1 X119.274 Y112.632 E.03272
G1 X119.788 Y113.48 E.03274
G1 X120.114 Y114.415 E.03269
G1 X120.239 Y115.398 E.03272
G1 X120.156 Y116.386 E.03274
G1 X119.871 Y117.335 E.03272
G1 X119.394 Y118.203 E.0327
G1 X118.746 Y118.954 E.03275
G1 X117.957 Y119.553 E.03271
G1 X117.061 Y119.976 E.03271
G1 X116.096 Y120.202 E.03272
G1 X115.5 Y120.224 E.01969
G1 X114.904 Y120.202 E.01969
G1 X114.132 Y120.038 E.02606
G1 X113.219 Y119.655 E.03269
G1 X112.405 Y119.09 E.03272
G1 X111.726 Y118.368 E.03272
G1 X111.212 Y117.52 E.03274
G1 X110.886 Y116.585 E.03269
G1 X110.818 Y116.052 E.01774
G1 X111.203 Y115.952 F9000
G1 F1500
G1 X111.156 Y115.56 E.01304
G1 X111.191 Y114.965 E.01968
G1 X111.351 Y114.211 E.02545
G1 X111.708 Y113.38 E.02986
G1 X112.232 Y112.638 E.02999
G1 X112.898 Y112.021 E.02998
G1 X113.678 Y111.556 E.02998
G1 X114.538 Y111.263 E.03
G1 X115.336 Y111.162 E.02656
G1 X115.912 Y111.174 E.01902
G1 X116.785 Y111.35 E.0294
G1 X117.62 Y111.708 E.03
G1 X118.362 Y112.232 E.02999
G1 X118.979 Y112.898 E.02998
G1 X119.444 Y113.678 E.02998
G1 X119.737 Y114.538 E.03
G1 X119.844 Y115.44 E.02999
G1 X119.762 Y116.344 E.02997
G1 X119.493 Y117.212 E.03
G1 X119.05 Y118.005 E.02999
G1 X118.451 Y118.688 E.02999
G1 X117.724 Y119.232 E.02998
G1 X116.9 Y119.613 E.02997
G1 X116.014 Y119.814 E.03
G1 X115.5 Y119.826 E.01698
G1 X114.986 Y119.814 E.01698
G1 X114.215 Y119.65 E.02603
G1 X113.38 Y119.292 E.03
G1 X112.638 Y118.768 E.02999
G1 X112.021 Y118.102 E.02998
G1 X111.556 Y117.322 E.02998
G1 X111.263 Y116.462 E.03
G1 X111.21 Y116.011 E.01499
G1 X111.584 Y115.912 F9000
;TYPE:External perimeter
;WIDTH:0.419999
G1 F1500
G1 X111.541 Y115.519 E.0124
G1 X111.577 Y114.993 E.01653
G1 X111.729 Y114.294 E.02243
G1 X112.062 Y113.538 E.0259
G1 X112.545 Y112.866 E.02595
G1 X113.157 Y112.309 E.02595
G1 X113.872 Y111.891 E.02597
G1 X114.658 Y111.632 E.02595
G1 X115.379 Y111.546 E.02277
G1 X115.9 Y111.561 E.01634
G1 X116.705 Y111.729 E.02578
G1 X117.462 Y112.062 E.02593
G1 X118.134 Y112.545 E.02595
G1 X118.691 Y113.157 E.02595
G1 X119.109 Y113.872 E.02597
G1 X119.368 Y114.658 E.02595
G1 X119.459 Y115.48 E.02593
G1 X119.377 Y116.304 E.02596
G1 X119.125 Y117.092 E.02594
G1 X118.714 Y117.811 E.02597
G1 X118.164 Y118.429 E.02594
G1 X117.497 Y118.919 E.02595
G1 X116.742 Y119.259 E.02596
G1 X115.933 Y119.435 E.02596
G1 X115.106 Y119.439 E.02593
G1 X114.295 Y119.271 E.02597
G1 X113.538 Y118.938 E.02593
G1 X112.866 Y118.455 E.02595
G1 X112.309 Y117.843 E.02595
G1 X111.891 Y117.128 E.02597
G1 X111.632 Y116.342 E.02595
G1 X111.591 Y115.971 E.0117
G1 E-3.5 F3600
;WIPE_START
G1 F7200
G1 X111.584 Y115.912 E-.02822
G1 X111.541 Y115.519 E-.18779
G1 X111.577 Y114.993 E-.25043
G1 X111.729 Y114.294 E-.33978
G1 X112.062 Y113.538 E-.39239
G1 X112.432 Y113.022 E-.30139
;WIPE_END
G1 X98.153 Y115.5 F9000
G1 E5 F2400
;TYPE:Perimeter
;WIDTH:0.439999
G1 X115.5 Y98.153 E.80999
G1 X132.847 Y115.5 E.80999
G1 X115.5 Y132.847 E.80999
G1 X98.196 Y115.542 E.80801
G1 X97.592 Y115.5 F9000
G1 F2400
G1 X115.5 Y97.592 E.83619
G1 X133.408 Y115.5 E.83619
G1 X115.5 Y133.408 E.83619
G1 X97.634 Y115.542 E.83423
G1 X97.045 Y115.5 F9000
;TYPE:External perimeter
;WIDTH:0.419999
G1 F1500
G1 X115.5 Y97.045 E.81832
G1 X133.955 Y115.5 E.81832
G1 X115.5 Y133.955 E.81832
G1 X97.087 Y115.542 E.81646
G1 E-3.5 F3600
;WIPE_START
G1 F7200
G1 X97.045 Y115.5 E-.02821
G1 X99.236 Y113.309 E-1.47179
;WIPE_END
G1 X110.701 Y113.948 F9000
G1 E5 F2400
;TYPE:Internal infill
;WIDTH:0.44
G1 F2458
G1 X111.185 Y112.883 E.03862
G1 X111.94 Y111.94 E.03989
G1 X107.043 Y107.043 E.22866
G1 X104.235 Y109.851 E.13112
G1 X110.509 Y116.124 E.29293
G1 X110.453 Y115.41 E.02365
G1 X110.502 Y114.883 E.01748
G1 X104.235 Y121.149 E.2926
G1 X107.043 Y123.957 E.13112
G1 X111.94 Y119.06 E.22866
G1 X112.883 Y119.815 E.03989
G1 X113.948 Y120.299 E.03862
G1 E-3.5 F3600
;WIPE_START
G1 F7200
G1 X112.883 Y119.815 E-.55566
G1 X111.94 Y119.06 E-.5738
G1 X111.388 Y119.612 E-.37054
;WIPE_END
G1 X117.052 Y120.299 F9000
G1 E5 F2400
G1 F2458
G1 X118.133 Y119.803 E.03927
G1 X119.06 Y119.06 E.03923
G1 X123.957 Y123.957 E.22866
G1 X121.149 Y126.765 E.13112
G1 X114.89 Y120.506 E.29225
G1 X116.11 Y120.506 E.04028
G1 X109.851 Y126.765 E.29225
G1 X112.658 Y129.573 E.13109
G1 X129.573 Y112.658 E.78982
G1 X126.765 Y109.851 E.13109
G1 X120.491 Y116.124 E.29293
G1 X120.544 Y115.372 E.02489
G1 X120.491 Y114.876 E.01647
G1 X126.765 Y121.149 E.29293
G1 X129.573 Y118.342 E.13109
G1 X112.658 Y101.427 E.78982
G1 X109.851 Y104.235 E.13109
G1 X116.107 Y110.492 E.29214
G1 X115.264 Y110.463 E.02785
G1 X114.878 Y110.506 E.01282
G1 X121.149 Y104.235 E.29282
G1 X123.957 Y107.043 E.13112
G1 X119.06 Y111.94 E.22866
G1 X118.117 Y111.185 E.03989
G1 X117.052 Y110.701 E.03862
G1 E-3.5 F3600
;WIPE_START
G1 F7200
G1 X118.117 Y111.185 E-.55566
G1 X119.06 Y111.94 E-.5738
G1 X119.612 Y111.388 E-.37054
;WIPE_END
G1 X116.657 Y99.743 F9000
G1 E5 F2400
G1 F2458
G1 X118.342 Y101.427 E.07866
G1 X101.427 Y118.342 E.78982
G1 X98.586 Y115.5 E.13268
G1 X101.427 Y112.658 E.13268
G1 X118.342 Y129.573 E.78982
G1 X116.657 Y131.257 E.07866
;LAYER_CHANGE
;Z:6
;HEIGHT:0.2
;BEFORE_LAYER_CHANGE
G92 E0
;9.2


G1 E-3.5 F3600
;WIPE_START
G1 F7200
G1 X118.342 Y129.573 E-1.13157
G1 X117.794 Y129.025 E-.36843
;WIPE_END
G1 Z6 F9000
;AFTER_LAYER_CHANGE
;9.2
G1 X115.994 Y120.206
G1 E5 F2400
;TYPE:Perimeter
;WIDTH:0.439999
G1 F1500
G1 X115.5 Y120.224 E.01632
G1 X114.904 Y120.202 E.01969
G1 X114.132 Y120.038 E.02606
G1 X113.219 Y119.655 E.03269
G1 X112.405 Y119.09 E.03272
G1 X111.726 Y118.368 E.03272
G1 X111.212 Y117.52 E.03274
G1 X110.886 Y116.585 E.03269
G1 X110.761 Y115.602 E.03272
G1 X110.813 Y114.816 E.02601
G1 X110.966 Y114.115 E.02369
G1 X111.345 Y113.219 E.03212
G1 X111.91 Y112.405 E.03272
G1 X112.632 Y111.726 E.03272
G1 X113.48 Y111.212 E.03274
G1 X114.415 Y110.886 E.03269
G1 X115.288 Y110.767 E.02909
G1 X115.924 Y110.777 E.021
G1 X116.868 Y110.962 E.03176
G1 X117.781 Y111.345 E.03269
G1 X118.595 Y111.91 E.03272
G1 X119.274 Y112.632 E.03272
G1 X119.788 Y113.48 E.03274
G1 X120.114 Y114.415 E.03269
G1 X120.239 Y115.398 E.03272
G1 X120.156 Y116.386 E.03274
G1 X119.871 Y117.335 E.03272
G1 X119.394 Y118.203 E.0327
G1 X118.746 Y118.954 E.03275
G1 X117.957 Y119.553 E.03271
G1 X117.061 Y119.976 E.03271
G1 X116.096 Y120.202 E.03272
G1 X116.054 Y120.204 E.00139
G1 X115.953 Y119.815 F9000
G1 F1500
G1 X115.5 Y119.826 E.01496
G1 X114.986 Y119.814 E.01698
G1 X114.215 Y119.65 E.02603
G1 X113.38 Y119.292 E.03
G1 X112.638 Y118.768 E.02999
G1 X112.021 Y118.102 E.02998
G1 X111.556 Y117.322 E.02998
G1 X111.263 Y116.462 E.03
G1 X111.156 Y115.56 E.02999
G1 X111.208 Y114.851 E.02347
G1 X111.352 Y114.204 E.02188
G1 X111.708 Y113.38 E.02964
G1 X112.232 Y112.638 E.02999
G1 X112.898 Y112.021 E.02998
G1 X113.678 Y111.556 E.02998
G1 X114.538 Y111.263 E.03
G1 X115.332 Y111.162 E.02643
G1 X115.912 Y111.174 E.01915
G1 X116.785 Y111.35 E.0294
G1 X117.62 Y111.708 E.03
G1 X118.362 Y112.232 E.02999
G1 X118.979 Y112.898 E.02998
G1 X119.444 Y113.678 E.02998
G1 X119.737 Y114.538 E.03
G1 X119.844 Y115.44 E.02999
G1 X119.762 Y116.344 E.02997
G1 X119.493 Y117.212 E.03
G1 X119.05 Y118.005 E.02999
G1 X118.451 Y118.688 E.02999
G1 X117.724 Y119.232 E.02998
G1 X116.9 Y119.613 E.02997
G1 X116.014 Y119.814 E.03
G1 X115.914 Y119.435 F9000
;TYPE:External perimeter
;WIDTH:0.419999
G1 F1500
G1 X115.106 Y119.439 E.02533
G1 X114.295 Y119.271 E.02597
G1 X113.538 Y118.938 E.02593
G1 X112.866 Y118.455 E.02595
G1 X112.309 Y117.843 E.02595
G1 X111.891 Y117.128 E.02597
G1 X111.632 Y116.342 E.02595
G1 X111.541 Y115.52 E.02593
G1 X111.594 Y114.885 E.01998
G1 X111.729 Y114.292 E.01907
G1 X112.062 Y113.538 E.02584
G1 X112.545 Y112.866 E.02595
G1 X113.157 Y112.309 E.02595
G1 X113.872 Y111.891 E.02597
G1 X114.658 Y111.632 E.02595
G1 X115.376 Y111.547 E.02267
G1 X115.9 Y111.561 E.01644
G1 X116.705 Y111.729 E.02578
G1 X117.462 Y112.062 E.02593
G1 X118.134 Y112.545 E.02595
G1 X118.691 Y113.157 E.02595
G1 X119.109 Y113.872 E.02597
G1 X119.368 Y114.658 E.02595
G1 X119.459 Y115.48 E.02593
G1 X119.377 Y116.304 E.02596
G1 X119.125 Y117.092 E.02594
G1 X118.714 Y117.811 E.02597
G1 X118.164 Y118.429 E.02594
G1 X117.497 Y118.919 E.02595
G1 X116.742 Y119.259 E.02596
G1 X115.973 Y119.427 E.02468
G1 E-3.5 F3600
;WIPE_START
G1 F7200
G1 X115.914 Y119.435 E-.02828
G1 X115.106 Y119.439 E-.3838
G1 X114.295 Y119.271 E-.3934
G1 X113.538 Y118.938 E-.39283
G1 X113.022 Y118.568 E-.30169
;WIPE_END
G1 X115.5 Y132.847 F9000
G1 E5 F2400
;TYPE:Perimeter
;WIDTH:0.439999
G1 X98.154 Y115.5 E.80997
G1 X115.501 Y98.154 E.80997
G1 X132.847 Y115.5 E.80994
G1 X115.542 Y132.804 E.80801
G1 X115.5 Y133.408 F9000
G1 F2400
G1 X97.592 Y115.5 E.83619
G1 X115.501 Y97.592 E.83621
G1 X133.408 Y115.5 E.83616
G1 X115.542 Y133.366 E.83423
G1 X115.5 Y133.955 F9000
;TYPE:External perimeter
;WIDTH:0.419999
G1 F1500
G1 X97.045 Y115.5 E.81832
G1 X115.501 Y97.045 E.81835
G1 X133.955 Y115.5 E.8183
G1 X115.542 Y133.913 E.81646
G1 E-3.5 F3600
;WIPE_START
G1 F7200
G1 X115.5 Y133.955 E-.02821
G1 X113.309 Y131.764 E-1.47179
;WIPE_END
G1 X117.052 Y120.299 F9000
G1 E5 F2400
;TYPE:Internal infill
;WIDTH:0.44
G1 F2477
G1 X118.133 Y119.803 E.03927
G1 X119.06 Y119.06 E.03923
G1 X123.957 Y123.957 E.22866
G1 X126.765 Y121.149 E.13112
G1 X120.491 Y114.876 E.29293
G1 X120.544 Y115.628 E.02489
G1 X120.491 Y116.124 E.01647
G1 X126.765 Y109.851 E.29293
G1 X129.573 Y112.658 E.13109
G1 X112.658 Y129.573 E.78982
G1 X109.851 Y126.765 E.13109
G1 X116.11 Y120.506 E.29225
G1 X114.89 Y120.506 E.04028
G1 X121.149 Y126.765 E.29225
G1 X118.342 Y129.573 E.13109
G1 X101.427 Y112.659 E.7898
G1 X98.586 Y115.5 E.13266
G1 X101.427 Y118.342 E.13268
G1 X118.342 Y101.427 E.78982
G1 X116.657 Y99.743 E.07866
G1 E-3.5 F3600
;WIPE_START
G1 F7200
G1 X118.342 Y101.427 E-1.13157
G1 X117.794 Y101.975 E-.36843
;WIPE_END
G1 X113.948 Y120.299 F9000
G1 E5 F2400
G1 F2477
G1 X112.883 Y119.815 E.03862
G1 X111.94 Y119.06 E.03989
G1 X107.043 Y123.957 E.22866
G1 X104.235 Y121.149 E.13112
G1 X110.5 Y114.885 E.29251
G1 X110.455 Y115.393 E.01684
G1 X110.509 Y116.124 E.0242
G1 X104.235 Y109.851 E.29293
G1 X107.043 Y107.043 E.13112
G1 X111.94 Y111.94 E.22866
G1 X111.185 Y112.883 E.03989
G1 X110.7 Y113.947 E.03861
G1 E-3.5 F3600
;WIPE_START
G1 F7200
G1 X111.185 Y112.883 E-.55543
G1 X111.94 Y111.94 E-.5738
G1 X111.388 Y111.388 E-.37077
;WIPE_END
G1 X117.052 Y110.701 F9000
G1 E5 F2400
G1 F2477
G1 X118.117 Y111.185 E.03862
G1 X119.06 Y111.94 E.03989
G1 X123.957 Y107.043 E.22866
G1 X121.149 Y104.235 E.13112
G1 X114.879 Y110.506 E.29279
G1 X115.26 Y110.463 E.01266
G1 X116.107 Y110.492 E.02798
G1 X109.851 Y104.236 E.29211
G1 X112.659 Y101.428 E.13112
G1 X129.573 Y118.342 E.78977
G1 X131.257 Y116.657 E.07866
;LAYER_CHANGE
;Z:6.2
;HEIGHT:0.200001
;BEFORE_LAYER_CHANGE
G92 E0
;9.6


G1 E-3.5 F3600
;WIPE_START
G1 F7200
G1 X113.067 Y100.798 E-1.5
;WIPE_END
G1 Z6.2 F9000
;AFTER_LAYER_CHANGE
;9.6
G1 X115.5 Y110.77
G1 E5 F2400
;TYPE:Perimeter
;WIDTH:0.439999
G1 F1500
G1 X116.386 Y110.844 E.02936
G1 X117.335 Y111.129 E.03272
G1 X118.203 Y111.606 E.0327
G1 X118.954 Y112.254 E.03275
G1 X119.553 Y113.043 E.03271
G1 X119.975 Y113.939 E.0327
G1 X120.129 Y114.464 E.01806
G1 X120.239 Y115.398 E.03105
G1 X120.156 Y116.386 E.03274
G1 X119.871 Y117.335 E.03272
G1 X119.394 Y118.203 E.0327
G1 X118.747 Y118.953 E.0327
G1 X117.957 Y119.553 E.03275
G1 X117.061 Y119.976 E.03271
G1 X116.096 Y120.202 E.03272
G1 X115.5 Y120.224 E.01969
G1 X114.904 Y120.202 E.01969
G1 X114.132 Y120.038 E.02606
G1 X113.218 Y119.655 E.03272
G1 X112.668 Y119.3 E.02161
G1 X112.042 Y118.742 E.02769
G1 X111.447 Y117.957 E.03252
G1 X111.024 Y117.061 E.03271
G1 X110.798 Y116.096 E.03272
G1 X110.776 Y115.5 E.01969
G1 X110.798 Y114.904 E.01969
G1 X110.962 Y114.132 E.02606
G1 X111.345 Y113.219 E.03269
G1 X111.91 Y112.405 E.03272
G1 X112.632 Y111.726 E.03272
G1 X113.48 Y111.212 E.03274
G1 X114.415 Y110.886 E.03269
G1 X115.398 Y110.761 E.03272
G1 X115.44 Y110.765 E.00139
G1 X115.5 Y111.162 F9000
G1 F1500
G1 X116.344 Y111.238 E.02798
G1 X117.212 Y111.507 E.03
G1 X118.005 Y111.95 E.02999
G1 X118.688 Y112.549 E.02999
G1 X119.232 Y113.276 E.02998
G1 X119.613 Y114.1 E.02997
G1 X119.762 Y114.656 E.01901
G1 X119.844 Y115.44 E.02603
G1 X119.762 Y116.344 E.02997
G1 X119.493 Y117.212 E.03
G1 X119.05 Y118.005 E.02999
G1 X118.452 Y118.688 E.02997
G1 X117.724 Y119.232 E.03001
G1 X116.9 Y119.613 E.02997
G1 X116.014 Y119.814 E.03
G1 X115.5 Y119.826 E.01698
G1 X114.986 Y119.814 E.01698
G1 X114.215 Y119.65 E.02603
G1 X113.38 Y119.292 E.03
G1 X112.89 Y118.971 E.01934
G1 X112.309 Y118.449 E.02579
G1 X111.768 Y117.724 E.02987
G1 X111.387 Y116.9 E.02997
G1 X111.186 Y116.014 E.03
G1 X111.174 Y115.5 E.01698
G1 X111.186 Y114.986 E.01698
G1 X111.35 Y114.215 E.02603
G1 X111.708 Y113.38 E.03
G1 X112.232 Y112.638 E.02999
G1 X112.898 Y112.021 E.02998
G1 X113.678 Y111.556 E.02998
G1 X114.538 Y111.263 E.03
G1 X115.44 Y111.156 E.02999
G1 X115.5 Y111.543 F9000
;TYPE:External perimeter
;WIDTH:0.419999
G1 F1500
G1 X116.304 Y111.623 E.02533
G1 X117.092 Y111.875 E.02594
G1 X117.811 Y112.286 E.02597
G1 X118.429 Y112.836 E.02594
G1 X118.919 Y113.503 E.02595
G1 X119.259 Y114.258 E.02596
G1 X119.377 Y114.696 E.01422
G1 X119.459 Y115.48 E.02472
G1 X119.377 Y116.304 E.02596
G1 X119.125 Y117.092 E.02594
G1 X118.714 Y117.811 E.02597
G1 X118.164 Y118.429 E.02594
G1 X117.497 Y118.919 E.02595
G1 X116.742 Y119.259 E.02596
G1 X115.933 Y119.435 E.02596
G1 X115.106 Y119.439 E.02593
G1 X114.295 Y119.271 E.02597
G1 X113.537 Y118.938 E.02596
G1 X113.107 Y118.651 E.01621
G1 X112.57 Y118.163 E.02275
G1 X112.081 Y117.497 E.02591
G1 X111.741 Y116.742 E.02596
G1 X111.565 Y115.933 E.02596
G1 X111.561 Y115.106 E.02593
G1 X111.729 Y114.295 E.02597
G1 X112.062 Y113.538 E.02593
G1 X112.545 Y112.866 E.02595
G1 X113.157 Y112.309 E.02595
G1 X113.872 Y111.891 E.02597
G1 X114.658 Y111.632 E.02595
G1 X115.44 Y111.545 E.02467
G1 E-3.5 F3600
;WIPE_START
G1 F7200
G1 X115.5 Y111.543 E-.02852
G1 X116.304 Y111.623 E-.38379
G1 X117.092 Y111.875 E-.39297
G1 X117.811 Y112.286 E-.39339
G1 X118.285 Y112.708 E-.30133
;WIPE_END
G1 X115.5 Y98.154 F9000
G1 E5 F2400
;TYPE:Perimeter
;WIDTH:0.439999
G1 X132.847 Y115.5 E.80997
G1 X115.5 Y132.847 E.80999
G1 X98.153 Y115.5 E.80999
G1 X115.458 Y98.196 E.80801
G1 X115.5 Y97.592 F9000
G1 F2400
G1 X133.408 Y115.5 E.83619
G1 X115.5 Y133.408 E.83619
G1 X97.592 Y115.5 E.83619
G1 X115.458 Y97.635 E.8342
G1 X115.5 Y97.045 F9000
;TYPE:External perimeter
;WIDTH:0.419999
G1 F1500
G1 X133.955 Y115.5 E.81832
G1 X115.5 Y133.955 E.81832
G1 X97.045 Y115.5 E.81832
G1 X115.458 Y97.087 E.81646
G1 E-3.5 F3600
;WIPE_START
G1 F7200
G1 X115.5 Y97.045 E-.02821
G1 X117.691 Y99.236 E-1.47179
;WIPE_END
G1 X110.701 Y113.948 F9000
G1 E5 F2400
;TYPE:Internal infill
;WIDTH:0.44
G1 F2484
G1 X111.185 Y112.883 E.03862
G1 X111.94 Y111.94 E.03989
G1 X107.043 Y107.043 E.22866
G1 X109.851 Y104.235 E.13112
G1 X116.124 Y110.509 E.29293
G1 X115.628 Y110.456 E.01647
G1 X114.876 Y110.509 E.02489
G1 X121.149 Y104.235 E.29293
G1 X123.957 Y107.043 E.13112
G1 X119.059 Y111.941 E.2287
G1 X119.803 Y112.867 E.03922
G1 X120.302 Y113.947 E.03928
G1 E-3.5 F3600
;WIPE_START
G1 F7200
G1 X119.803 Y112.867 E-.56511
G1 X119.059 Y111.941 E-.56423
G1 X119.611 Y111.389 E-.37066
;WIPE_END
G1 X117.052 Y120.299 F9000
G1 E5 F2400
G1 F2484
G1 X118.133 Y119.803 E.03927
G1 X119.06 Y119.06 E.03923
G1 X123.957 Y123.957 E.22866
G1 X126.765 Y121.149 E.13112
G1 X120.491 Y114.876 E.29293
G1 X120.544 Y115.372 E.01647
G1 X120.491 Y116.124 E.02489
G1 X126.765 Y109.851 E.29293
G1 X129.573 Y112.658 E.13109
G1 X112.658 Y129.573 E.78982
G1 X109.851 Y126.765 E.13109
G1 X116.11 Y120.506 E.29225
G1 X114.89 Y120.506 E.04028
G1 X121.149 Y126.765 E.29225
G1 X118.342 Y129.573 E.13109
G1 X101.427 Y112.659 E.7898
G1 X104.235 Y109.851 E.13112
G1 X110.494 Y116.11 E.29225
G1 X110.494 Y114.89 E.04028
G1 X104.235 Y121.149 E.29225
G1 X107.043 Y123.957 E.13112
G1 X111.939 Y119.061 E.22861
G1 X111.196 Y118.133 E.03925
G1 X110.701 Y117.052 E.03926
G1 E-3.5 F3600
;WIPE_START
G1 F7200
G1 X111.196 Y118.133 E-.56475
G1 X111.939 Y119.061 E-.56468
G1 X111.387 Y119.613 E-.37057
;WIPE_END
G1 X99.743 Y116.657 F9000
G1 E5 F2400
G1 F2484
G1 X101.427 Y118.342 E.07866
G1 X118.342 Y101.427 E.78982
G1 X115.5 Y98.586 E.13268
G1 X112.659 Y101.428 E.13268
G1 X129.573 Y118.342 E.78977
G1 X131.257 Y116.657 E.07866
;LAYER_CHANGE
;Z:6.4
;HEIGHT:0.2
;BEFORE_LAYER_CHANGE
G92 E0
;10


G1 E-3.5 F3600
;WIPE_START
G1 F7200
G1 X117.934 Y100.798 E-1.5
;WIPE_END
G1 Z6.4 F9000
;AFTER_LAYER_CHANGE
;10
G1 X115.5 Y110.771
G1 E5 F2400
;TYPE:Perimeter
;WIDTH:0.439999
G1 F1500
G1 X115.923 Y110.777 E.01397
G1 X116.868 Y110.962 E.03179
G1 X117.781 Y111.345 E.03269
G1 X118.595 Y111.91 E.03272
G1 X119.274 Y112.632 E.03272
G1 X119.788 Y113.48 E.03274
G1 X120.114 Y114.415 E.03269
G1 X120.239 Y115.398 E.03272
G1 X120.156 Y116.386 E.03274
G1 X119.871 Y117.335 E.03272
G1 X119.394 Y118.203 E.0327
G1 X118.746 Y118.954 E.03275
G1 X117.957 Y119.553 E.03271
G1 X117.061 Y119.976 E.03271
G1 X116.096 Y120.202 E.03272
G1 X115.5 Y120.224 E.01969
G1 X114.904 Y120.202 E.01969
G1 X114.132 Y120.038 E.02606
G1 X113.219 Y119.655 E.03269
G1 X112.405 Y119.09 E.03272
G1 X111.726 Y118.368 E.03272
G1 X111.212 Y117.52 E.03274
G1 X110.886 Y116.585 E.03269
G1 X110.761 Y115.602 E.03272
G1 X110.815 Y114.8 E.02654
G1 X110.966 Y114.113 E.02322
G1 X111.345 Y113.219 E.03206
G1 X111.91 Y112.405 E.03272
G1 X112.632 Y111.726 E.03272
G1 X113.48 Y111.212 E.03274
G1 X114.415 Y110.886 E.03269
G1 X115.28 Y110.768 E.02882
G1 X115.44 Y110.77 E.00528
G1 X115.5 Y111.166 F9000
G1 F1500
G1 X115.911 Y111.174 E.01357
G1 X116.785 Y111.35 E.02944
G1 X117.62 Y111.708 E.03
G1 X118.362 Y112.232 E.02999
G1 X118.979 Y112.898 E.02998
G1 X119.444 Y113.678 E.02998
G1 X119.737 Y114.538 E.03
G1 X119.844 Y115.44 E.02999
G1 X119.762 Y116.344 E.02997
G1 X119.493 Y117.212 E.03
G1 X119.05 Y118.005 E.02999
G1 X118.451 Y118.688 E.02999
G1 X117.724 Y119.232 E.02998
G1 X116.9 Y119.613 E.02997
G1 X116.014 Y119.814 E.03
G1 X115.5 Y119.826 E.01698
G1 X114.986 Y119.814 E.01698
G1 X114.215 Y119.65 E.02603
G1 X113.38 Y119.292 E.03
G1 X112.638 Y118.768 E.02999
G1 X112.021 Y118.102 E.02998
G1 X111.556 Y117.322 E.02998
G1 X111.263 Y116.462 E.03
G1 X111.156 Y115.56 E.02999
G1 X111.21 Y114.836 E.02397
G1 X111.353 Y114.203 E.02143
G1 X111.708 Y113.38 E.02959
G1 X112.232 Y112.638 E.02999
G1 X112.898 Y112.021 E.02998
G1 X113.678 Y111.556 E.02998
G1 X114.538 Y111.263 E.03
G1 X115.325 Y111.162 E.0262
G1 X115.44 Y111.165 E.0038
G1 X115.5 Y111.55 F9000
;TYPE:External perimeter
;WIDTH:0.419999
G1 F1500
G1 X115.9 Y111.561 E.01255
G1 X116.705 Y111.729 E.02578
G1 X117.462 Y112.062 E.02593
G1 X118.134 Y112.545 E.02595
G1 X118.691 Y113.157 E.02595
G1 X119.109 Y113.872 E.02597
G1 X119.368 Y114.658 E.02595
G1 X119.459 Y115.48 E.02593
G1 X119.377 Y116.304 E.02596
G1 X119.125 Y117.092 E.02594
G1 X118.714 Y117.811 E.02597
G1 X118.164 Y118.429 E.02594
G1 X117.497 Y118.919 E.02595
G1 X116.742 Y119.259 E.02596
G1 X115.933 Y119.435 E.02596
G1 X115.106 Y119.439 E.02593
G1 X114.295 Y119.271 E.02597
G1 X113.538 Y118.938 E.02593
G1 X112.866 Y118.455 E.02595
G1 X112.309 Y117.843 E.02595
G1 X111.891 Y117.128 E.02597
G1 X111.632 Y116.342 E.02595
G1 X111.541 Y115.52 E.02593
G1 X111.596 Y114.871 E.02042
G1 X111.73 Y114.292 E.01863
G1 X112.062 Y113.538 E.02583
G1 X112.545 Y112.866 E.02595
G1 X113.157 Y112.309 E.02595
G1 X113.872 Y111.891 E.02597
G1 X114.658 Y111.632 E.02595
G1 X115.369 Y111.547 E.02245
G1 X115.44 Y111.549 E.00223
G1 E-3.5 F3600
;WIPE_START
G1 F7200
G1 X115.5 Y111.55 E-.0285
G1 X115.9 Y111.561 E-.19007
G1 X116.705 Y111.729 E-.39061
G1 X117.462 Y112.062 E-.39283
G1 X118.134 Y112.545 E-.3931
G1 X118.283 Y112.708 E-.10489
;WIPE_END
G1 X115.5 Y98.154 F9000
G1 E5 F2400
;TYPE:Perimeter
;WIDTH:0.439999
G1 X132.847 Y115.5 E.80997
G1 X115.5 Y132.847 E.80999
G1 X98.153 Y115.5 E.80999
G1 X115.458 Y98.196 E.80801
G1 X115.5 Y97.592 F9000
G1 F2400
G1 X133.408 Y115.5 E.83619
G1 X115.5 Y133.408 E.83619
G1 X97.592 Y115.5 E.83619
G1 X115.458 Y97.635 E.8342
G1 X115.5 Y97.045 F9000
;TYPE:External perimeter
;WIDTH:0.419999
G1 F1500
G1 X133.955 Y115.5 E.81832
G1 X115.5 Y133.955 E.81832
G1 X97.045 Y115.5 E.81832
G1 X115.458 Y97.087 E.81646
G1 E-3.5 F3600
;WIPE_START
G1 F7200
G1 X115.5 Y97.045 E-.02821
G1 X117.691 Y99.236 E-1.47179
;WIPE_END
G1 X117.052 Y110.701 F9000
G1 E5 F2400
;TYPE:Internal infill
;WIDTH:0.44
G1 F2464
G1 X118.117 Y111.185 E.03862
G1 X119.06 Y111.94 E.03989
G1 X123.957 Y107.043 E.22866
G1 X121.149 Y104.235 E.13112
G1 X114.879 Y110.506 E.29279
G1 X115.252 Y110.463 E.0124
G1 X116.107 Y110.492 E.02825
G1 X109.851 Y104.235 E.29214
G1 X107.043 Y107.043 E.13112
G1 X111.94 Y111.94 E.22866
G1 X111.185 Y112.883 E.03989
G1 X110.7 Y113.947 E.03861
G1 E-3.5 F3600
;WIPE_START
G1 F7200
G1 X111.185 Y112.883 E-.55543
G1 X111.94 Y111.94 E-.5738
G1 X111.388 Y111.388 E-.37077
;WIPE_END
G1 X99.743 Y116.657 F9000
G1 E5 F2400
G1 F2464
G1 X101.427 Y118.342 E.07866
G1 X118.342 Y101.427 E.78982
G1 X115.5 Y98.586 E.13268
G1 X112.659 Y101.428 E.13268
G1 X129.573 Y118.342 E.78977
G1 X126.765 Y121.149 E.13109
G1 X120.491 Y114.876 E.29293
G1 X120.544 Y115.372 E.01647
G1 X120.491 Y116.124 E.02489
G1 X126.765 Y109.851 E.29293
G1 X129.573 Y112.658 E.13109
G1 X112.658 Y129.573 E.78982
G1 X109.851 Y126.765 E.13109
G1 X116.11 Y120.506 E.29225
G1 X114.89 Y120.506 E.04028
G1 X121.149 Y126.765 E.29225
G1 X118.342 Y129.573 E.13109
G1 X101.427 Y112.659 E.7898
G1 X104.235 Y109.851 E.13112
G1 X110.509 Y116.124 E.29293
G1 X110.455 Y115.391 E.02427
G1 X110.5 Y114.884 E.01681
G1 X104.235 Y121.149 E.29253
G1 X107.043 Y123.957 E.13112
G1 X111.94 Y119.06 E.22866
G1 X112.883 Y119.815 E.03989
G1 X113.948 Y120.299 E.03862
G1 E-3.5 F3600
;WIPE_START
G1 F7200
G1 X112.883 Y119.815 E-.55566
G1 X111.94 Y119.06 E-.5738
G1 X111.388 Y119.612 E-.37054
;WIPE_END
G1 X117.052 Y120.299 F9000
G1 E5 F2400
G1 F2464
G1 X118.133 Y119.803 E.03927
G1 X119.06 Y119.06 E.03923
G1 X123.957 Y123.957 E.22866
G1 X122.272 Y125.642 E.07868
;LAYER_CHANGE
;Z:6.6
;HEIGHT:0.2
;BEFORE_LAYER_CHANGE
G92 E0
;10.2


G1 E-3.5 F3600
;WIPE_START
G1 F7200
G1 X123.957 Y123.957 E-1.1319
G1 X123.409 Y123.409 E-.3681
;WIPE_END
G1 Z6.6 F9000
;AFTER_LAYER_CHANGE
;10.2
G1 X118.271 Y119.315
G1 E5 F2400
;TYPE:Perimeter
;WIDTH:0.439999
G1 F1500
G1 X117.957 Y119.553 E.01301
G1 X117.061 Y119.976 E.03271
G1 X116.217 Y120.183 E.02869
G1 X115.574 Y120.241 E.02132
G1 X114.614 Y120.156 E.03182
G1 X113.665 Y119.871 E.03272
G1 X112.797 Y119.394 E.0327
G1 X112.046 Y118.746 E.03275
G1 X111.447 Y117.957 E.03271
G1 X111.024 Y117.061 E.03271
G1 X110.827 Y116.274 E.02679
G1 X110.759 Y115.581 E.02299
G1 X110.816 Y114.792 E.02612
G1 X110.966 Y114.112 E.02299
G1 X111.345 Y113.219 E.03203
G1 X111.91 Y112.405 E.03272
G1 X112.632 Y111.726 E.03272
G1 X113.48 Y111.212 E.03274
G1 X114.415 Y110.886 E.03269
G1 X115.276 Y110.768 E.02869
G1 X115.922 Y110.777 E.02133
G1 X116.868 Y110.962 E.03183
G1 X117.781 Y111.345 E.03269
G1 X118.595 Y111.91 E.03272
G1 X119.274 Y112.632 E.03272
G1 X119.788 Y113.48 E.03274
G1 X120.114 Y114.415 E.03269
G1 X120.239 Y115.398 E.03272
G1 X120.156 Y116.386 E.03274
G1 X119.871 Y117.335 E.03272
G1 X119.394 Y118.203 E.0327
G1 X118.746 Y118.954 E.03275
G1 X118.319 Y119.278 E.0177
G1 X118.04 Y118.996 F9000
G1 F1500
G1 X117.724 Y119.232 E.01302
G1 X116.9 Y119.613 E.02997
G1 X116.131 Y119.795 E.02609
G1 X115.544 Y119.845 E.01945
G1 X114.656 Y119.762 E.02945
G1 X113.788 Y119.493 E.03
G1 X112.995 Y119.05 E.02999
G1 X112.312 Y118.451 E.02999
G1 X111.768 Y117.724 E.02998
G1 X111.387 Y116.9 E.02997
G1 X111.214 Y116.186 E.02426
G1 X111.155 Y115.548 E.02115
G1 X111.212 Y114.828 E.02385
G1 X111.353 Y114.203 E.02115
G1 X111.708 Y113.38 E.02959
G1 X112.232 Y112.638 E.02999
G1 X112.898 Y112.021 E.02998
G1 X113.678 Y111.556 E.02998
G1 X114.538 Y111.263 E.03
G1 X115.321 Y111.163 E.02606
G1 X115.911 Y111.174 E.01948
G1 X116.785 Y111.35 E.02944
G1 X117.62 Y111.708 E.03
G1 X118.362 Y112.232 E.02999
G1 X118.979 Y112.898 E.02998
G1 X119.444 Y113.678 E.02998
G1 X119.737 Y114.538 E.03
G1 X119.844 Y115.44 E.02999
G1 X119.762 Y116.344 E.02997
G1 X119.493 Y117.212 E.03
G1 X119.05 Y118.005 E.02999
G1 X118.451 Y118.688 E.02999
G1 X118.088 Y118.96 E.01498
G1 X117.814 Y118.685 F9000
;TYPE:External perimeter
;WIDTH:0.419999
G1 F1500
G1 X117.497 Y118.919 E.01235
G1 X116.742 Y119.259 E.02596
G1 X116.047 Y119.417 E.02235
G1 X115.515 Y119.46 E.01673
G1 X114.696 Y119.377 E.02581
G1 X113.908 Y119.125 E.02594
G1 X113.189 Y118.714 E.02597
G1 X112.571 Y118.164 E.02594
G1 X112.081 Y117.497 E.02595
G1 X111.741 Y116.742 E.02596
G1 X111.591 Y116.1 E.02067
G1 X111.541 Y115.516 E.01838
G1 X111.597 Y114.863 E.02055
G1 X111.729 Y114.292 E.01838
G1 X112.062 Y113.538 E.02584
G1 X112.545 Y112.866 E.02595
G1 X113.157 Y112.309 E.02595
G1 X113.872 Y111.891 E.02597
G1 X114.658 Y111.632 E.02595
G1 X115.365 Y111.547 E.02233
G1 X115.899 Y111.561 E.01675
G1 X116.705 Y111.729 E.02581
G1 X117.462 Y112.062 E.02593
G1 X118.134 Y112.545 E.02595
G1 X118.691 Y113.157 E.02595
G1 X119.109 Y113.872 E.02597
G1 X119.368 Y114.658 E.02595
G1 X119.459 Y115.48 E.02593
G1 X119.377 Y116.304 E.02596
G1 X119.125 Y117.092 E.02594
G1 X118.714 Y117.811 E.02597
G1 X118.164 Y118.429 E.02594
G1 X117.863 Y118.65 E.01171
G1 E-3.5 F3600
;WIPE_START
G1 F7200
G1 X117.814 Y118.685 E-.0286
G1 X117.497 Y118.919 E-.18716
G1 X116.742 Y119.259 E-.39331
G1 X116.047 Y119.417 E-.33855
G1 X115.515 Y119.46 E-.25352
G1 X114.889 Y119.396 E-.29886
;WIPE_END
G1 X115.5 Y132.847 F9000
G1 E5 F2400
;TYPE:Perimeter
;WIDTH:0.439999
G1 X98.153 Y115.5 E.80999
G1 X115.5 Y98.154 E.80997
G1 X132.847 Y115.5 E.80997
G1 X115.542 Y132.804 E.80801
G1 X115.5 Y133.408 F9000
G1 F2400
G1 X97.592 Y115.5 E.83619
G1 X115.5 Y97.592 E.83619
G1 X133.408 Y115.5 E.83619
G1 X115.542 Y133.366 E.83423
G1 X115.5 Y133.955 F9000
;TYPE:External perimeter
;WIDTH:0.419999
G1 F1500
G1 X97.045 Y115.5 E.81832
G1 X115.5 Y97.045 E.81832
G1 X133.955 Y115.5 E.81832
G1 X115.542 Y133.913 E.81646
G1 E-3.5 F3600
;WIPE_START
G1 F7200
G1 X115.5 Y133.955 E-.02821
G1 X113.309 Y131.764 E-1.47179
;WIPE_END
G1 X114.343 Y131.257 F9000
G1 E5 F2400
;TYPE:Internal infill
;WIDTH:0.44
G1 F2416
G1 X112.658 Y129.573 E.07866
G1 X129.573 Y112.658 E.78982
G1 X132.414 Y115.5 E.13268
G1 X129.573 Y118.342 E.13268
G1 X112.659 Y101.428 E.78977
G1 X109.851 Y104.235 E.13109
G1 X116.107 Y110.492 E.29214
G1 X115.248 Y110.463 E.02838
G1 X114.879 Y110.506 E.01227
G1 X121.149 Y104.235 E.29279
G1 X118.342 Y101.427 E.13109
G1 X101.427 Y118.342 E.78982
G1 X104.235 Y121.149 E.13109
G1 X110.511 Y114.873 E.29305
G1 X110.45 Y115.5 E.0208
G1 X110.507 Y116.123 E.02066
G1 X104.235 Y109.851 E.29286
G1 X107.043 Y107.043 E.13112
G1 X111.94 Y111.94 E.22866
G1 X112.639 Y111.344 E.03033
G1 X113.332 Y110.945 E.0264
G1 X113.953 Y110.715 E.02186
G1 E-3.5 F3600
;WIPE_START
G1 F7200
G1 X113.332 Y110.945 E-.31456
G1 X112.639 Y111.344 E-.37984
G1 X111.94 Y111.94 E-.43633
G1 X111.39 Y111.39 E-.36927
;WIPE_END
G1 X117.052 Y110.701 F9000
G1 E5 F2400
G1 F2416
G1 X118.117 Y111.185 E.03862
G1 X119.06 Y111.94 E.03989
G1 X123.957 Y107.043 E.22866
G1 X126.765 Y109.851 E.13112
G1 X120.489 Y116.126 E.29303
G1 X120.55 Y115.5 E.02077
G1 X120.489 Y114.874 E.02077
G1 X126.765 Y121.149 E.29303
G1 X123.957 Y123.957 E.13112
G1 X119.059 Y119.059 E.2287
G1 X118.133 Y119.803 E.03922
G1 X117.052 Y120.299 E.03927
G1 E-3.5 F3600
;WIPE_START
G1 F7200
G1 X118.133 Y119.803 E-.56495
G1 X119.059 Y119.059 E-.56423
G1 X119.611 Y119.611 E-.37082
;WIPE_END
G1 X110.7 Y117.053 F9000
G1 E5 F2400
G1 F2416
G1 X111.197 Y118.133 E.03925
G1 X111.941 Y119.059 E.03922
G1 X107.043 Y123.957 E.2287
G1 X109.851 Y126.765 E.13112
G1 X116.119 Y120.496 E.2927
G1 X115.5 Y120.55 E.02052
G1 X114.874 Y120.489 E.02077
G1 X121.149 Y126.765 E.29303
G1 X118.342 Y129.573 E.13109
G1 X101.427 Y112.659 E.7898
G1 X99.743 Y114.343 E.07863
;LAYER_CHANGE
;Z:6.8
;HEIGHT:0.200001
;BEFORE_LAYER_CHANGE
G92 E0
;10.6


G1 E-3.5 F3600
;WIPE_START
G1 F7200
G1 X112.658 Y129.573 E-1.13157
G1 X113.206 Y129.025 E-.36843
;WIPE_END
G1 Z6.8 F9000
;AFTER_LAYER_CHANGE
;10.6
G1 X115.004 Y120.212
G1 E5 F2400
;TYPE:Perimeter
;WIDTH:0.439999
G1 F1500
G1 X114.132 Y120.038 E.02936
G1 X113.219 Y119.655 E.03269
G1 X112.405 Y119.09 E.03272
G1 X111.726 Y118.368 E.03272
G1 X111.212 Y117.52 E.03274
G1 X110.886 Y116.585 E.03269
G1 X110.761 Y115.602 E.03272
G1 X110.817 Y114.784 E.02707
G1 X110.966 Y114.112 E.02273
G1 X111.345 Y113.219 E.03203
G1 X111.91 Y112.405 E.03272
G1 X112.632 Y111.726 E.03272
G1 X113.48 Y111.212 E.03274
G1 X114.415 Y110.886 E.03269
G1 X115.273 Y110.768 E.0286
G1 X115.922 Y110.777 E.02143
G1 X116.868 Y110.962 E.03183
G1 X117.781 Y111.345 E.03269
G1 X118.595 Y111.91 E.03272
G1 X119.274 Y112.632 E.03272
G1 X119.788 Y113.48 E.03274
G1 X120.114 Y114.415 E.03269
G1 X120.239 Y115.398 E.03272
G1 X120.156 Y116.386 E.03274
G1 X119.871 Y117.335 E.03272
G1 X119.394 Y118.203 E.0327
G1 X118.746 Y118.954 E.03275
G1 X117.957 Y119.553 E.03271
G1 X117.061 Y119.976 E.03271
G1 X116.221 Y120.182 E.02856
G1 X115.574 Y120.241 E.02145
G1 X115.063 Y120.223 E.01688
G1 X115.046 Y119.817 F9000
G1 F1500
G1 X114.986 Y119.814 E.00198
G1 X114.215 Y119.65 E.02603
G1 X113.38 Y119.292 E.03
G1 X112.638 Y118.768 E.02999
G1 X112.021 Y118.102 E.02998
G1 X111.556 Y117.322 E.02998
G1 X111.263 Y116.462 E.03
G1 X111.156 Y115.56 E.02999
G1 X111.213 Y114.82 E.02451
G1 X111.353 Y114.203 E.02089
G1 X111.708 Y113.38 E.02959
G1 X112.232 Y112.638 E.02999
G1 X112.898 Y112.021 E.02998
G1 X113.678 Y111.556 E.02998
G1 X114.538 Y111.263 E.03
G1 X115.318 Y111.163 E.02596
G1 X115.91 Y111.174 E.01955
G1 X116.785 Y111.35 E.02947
G1 X117.62 Y111.708 E.03
G1 X118.362 Y112.232 E.02999
G1 X118.979 Y112.898 E.02998
G1 X119.444 Y113.678 E.02998
G1 X119.737 Y114.538 E.03
G1 X119.844 Y115.44 E.02999
G1 X119.762 Y116.344 E.02997
G1 X119.493 Y117.212 E.03
G1 X119.05 Y118.005 E.02999
G1 X118.451 Y118.688 E.02999
G1 X117.724 Y119.232 E.02998
G1 X116.9 Y119.613 E.02997
G1 X116.135 Y119.794 E.02596
G1 X115.544 Y119.845 E.01959
G1 X115.106 Y119.821 E.01448
G1 X115.086 Y119.436 F9000
;TYPE:External perimeter
;WIDTH:0.419999
G1 F1500
G1 X115.067 Y119.435 E.0006
G1 X114.295 Y119.271 E.02475
G1 X113.538 Y118.938 E.02593
G1 X112.866 Y118.455 E.02595
G1 X112.309 Y117.843 E.02595
G1 X111.891 Y117.128 E.02597
G1 X111.632 Y116.342 E.02595
G1 X111.541 Y115.52 E.02593
G1 X111.598 Y114.856 E.0209
G1 X111.729 Y114.292 E.01815
G1 X112.062 Y113.538 E.02584
G1 X112.545 Y112.866 E.02595
G1 X113.157 Y112.309 E.02595
G1 X113.872 Y111.891 E.02597
G1 X114.658 Y111.632 E.02595
G1 X115.362 Y111.547 E.02223
G1 X115.899 Y111.561 E.01684
G1 X116.705 Y111.729 E.02581
G1 X117.462 Y112.062 E.02593
G1 X118.134 Y112.545 E.02595
G1 X118.691 Y113.157 E.02595
G1 X119.109 Y113.872 E.02597
G1 X119.368 Y114.658 E.02595
G1 X119.459 Y115.48 E.02593
G1 X119.377 Y116.304 E.02596
G1 X119.125 Y117.092 E.02594
G1 X118.714 Y117.811 E.02597
G1 X118.164 Y118.429 E.02594
G1 X117.497 Y118.919 E.02595
G1 X116.742 Y119.259 E.02596
G1 X116.051 Y119.417 E.02222
G1 X115.515 Y119.459 E.01686
G1 X115.146 Y119.44 E.01159
G1 E-3.5 F3600
;WIPE_START
G1 F7200
G1 X115.086 Y119.436 E-.02856
G1 X115.067 Y119.435 E-.00904
G1 X114.295 Y119.271 E-.37488
G1 X113.538 Y118.938 E-.39283
G1 X112.866 Y118.455 E-.3931
G1 X112.438 Y117.985 E-.30159
;WIPE_END
G1 X115.5 Y132.847 F9000
G1 E5 F2400
;TYPE:Perimeter
;WIDTH:0.439999
G1 X98.153 Y115.5 E.80999
G1 X115.5 Y98.154 E.80997
G1 X132.847 Y115.5 E.80997
G1 X115.542 Y132.804 E.80801
G1 X115.5 Y133.408 F9000
G1 F2400
G1 X97.592 Y115.5 E.83619
G1 X115.5 Y97.592 E.83619
G1 X133.408 Y115.5 E.83619
G1 X115.542 Y133.366 E.83423
G1 X115.5 Y133.955 F9000
;TYPE:External perimeter
;WIDTH:0.419999
G1 F1500
G1 X97.045 Y115.5 E.81832
G1 X115.5 Y97.045 E.81832
G1 X133.955 Y115.5 E.81832
G1 X115.542 Y133.913 E.81646
G1 E-3.5 F3600
;WIPE_START
G1 F7200
G1 X115.5 Y133.955 E-.02821
G1 X113.309 Y131.764 E-1.47179
;WIPE_END
G1 X117.052 Y120.299 F9000
G1 E5 F2400
;TYPE:Internal infill
;WIDTH:0.44
G1 F2559
G1 X118.133 Y119.803 E.03927
G1 X119.059 Y119.059 E.03922
G1 X123.957 Y123.957 E.2287
G1 X126.765 Y121.149 E.13112
G1 X120.489 Y114.874 E.29303
G1 X120.55 Y115.5 E.02077
G1 X120.489 Y116.126 E.02077
G1 X126.765 Y109.851 E.29303
G1 X129.573 Y112.658 E.13109
G1 X112.658 Y129.573 E.78982
G1 X109.851 Y126.765 E.13109
G1 X116.119 Y120.496 E.2927
G1 X115.501 Y120.55 E.02048
G1 X114.89 Y120.506 E.02023
G1 X121.149 Y126.765 E.29225
G1 X118.342 Y129.573 E.13109
G1 X101.427 Y112.659 E.7898
G1 X104.235 Y109.851 E.13112
G1 X110.511 Y116.126 E.29303
G1 X110.45 Y115.5 E.02077
G1 X110.512 Y114.873 E.0208
G1 X104.235 Y121.149 E.29307
G1 X101.427 Y118.342 E.13109
G1 X118.342 Y101.427 E.78982
G1 X121.149 Y104.235 E.13109
G1 X114.879 Y110.506 E.29279
G1 X115.244 Y110.464 E.01213
G1 X116.107 Y110.492 E.02851
G1 X109.851 Y104.235 E.29214
G1 X107.043 Y107.043 E.13112
G1 X111.94 Y111.94 E.22866
G1 X112.639 Y111.344 E.03033
G1 X113.332 Y110.945 E.0264
G1 X113.953 Y110.715 E.02186
G1 E-3.5 F3600
;WIPE_START
G1 F7200
G1 X113.332 Y110.945 E-.31456
G1 X112.639 Y111.344 E-.37984
G1 X111.94 Y111.94 E-.43633
G1 X111.39 Y111.39 E-.36927
;WIPE_END
G1 X117.052 Y110.701 F9000
G1 E5 F2400
G1 F2559
G1 X118.117 Y111.185 E.03862
G1 X119.06 Y111.94 E.03989
G1 X123.957 Y107.043 E.22866
G1 X122.272 Y105.358 E.07868
G1 E-3.5 F3600
;WIPE_START
G1 F7200
G1 X123.957 Y107.043 E-1.1319
G1 X123.409 Y107.591 E-.3681
;WIPE_END
G1 X114.344 Y99.743 F9000
G1 E5 F2400
G1 F2559
G1 X112.659 Y101.428 E.07868
G1 X129.573 Y118.342 E.78977
G1 X131.257 Y116.657 E.07866
G1 E-3.5 F3600
;WIPE_START
G1 F7200
G1 X129.573 Y118.342 E-1.13157
G1 X129.025 Y117.794 E-.36843
;WIPE_END
G1 X113.948 Y120.299 F9000
G1 E5 F2400
G1 F2559
G1 X112.883 Y119.815 E.03862
G1 X111.94 Y119.06 E.03989
G1 X107.043 Y123.957 E.22866
G1 X105.358 Y122.272 E.07868
;LAYER_CHANGE
;Z:7
;HEIGHT:0.2
;BEFORE_LAYER_CHANGE
G92 E0
;10.8


G1 E-3.5 F3600
;WIPE_START
G1 F7200
G1 X107.043 Y123.957 E-1.1319
G1 X107.591 Y123.409 E-.3681
;WIPE_END
G1 Z7 F9000
;AFTER_LAYER_CHANGE
;10.8
G1 X111.685 Y118.271
G1 E5 F2400
;TYPE:Perimeter
;WIDTH:0.439999
G1 F1500
G1 X111.447 Y117.957 E.01301
G1 X111.024 Y117.061 E.03271
G1 X110.824 Y116.259 E.02729
G1 X110.759 Y115.58 E.02252
G1 X110.778 Y115.055 E.01735
G1 X110.962 Y114.133 E.03104
G1 X111.345 Y113.219 E.03272
G1 X111.91 Y112.405 E.03272
G1 X112.632 Y111.726 E.03272
G1 X113.48 Y111.212 E.03274
G1 X114.415 Y110.886 E.03269
G1 X115.269 Y110.768 E.02846
G1 X115.921 Y110.777 E.02153
G1 X116.868 Y110.962 E.03186
G1 X117.781 Y111.345 E.03269
G1 X118.595 Y111.91 E.03272
G1 X119.274 Y112.632 E.03272
G1 X119.788 Y113.48 E.03274
G1 X120.114 Y114.415 E.03269
G1 X120.239 Y115.398 E.03272
G1 X120.156 Y116.386 E.03274
G1 X119.871 Y117.335 E.03272
G1 X119.394 Y118.203 E.0327
G1 X118.862 Y118.837 E.02733
G1 X118.351 Y119.289 E.02253
G1 X117.52 Y119.788 E.032
G1 X116.585 Y120.114 E.03269
G1 X115.602 Y120.239 E.03272
G1 X114.614 Y120.156 E.03274
G1 X113.665 Y119.871 E.03272
G1 X112.797 Y119.394 E.0327
G1 X112.046 Y118.746 E.03275
G1 X111.722 Y118.319 E.0177
G1 X112.004 Y118.04 F9000
G1 F1500
G1 X111.768 Y117.724 E.01302
G1 X111.387 Y116.9 E.02997
G1 X111.211 Y116.171 E.02476
G1 X111.155 Y115.547 E.02069
G1 X111.186 Y114.986 E.01855
G1 X111.35 Y114.215 E.02603
G1 X111.708 Y113.38 E.03
G1 X112.232 Y112.638 E.02999
G1 X112.898 Y112.021 E.02998
G1 X113.678 Y111.556 E.02998
G1 X114.538 Y111.263 E.03
G1 X115.314 Y111.163 E.02583
G1 X115.91 Y111.174 E.01968
G1 X116.785 Y111.35 E.02947
G1 X117.62 Y111.708 E.03
G1 X118.362 Y112.232 E.02999
G1 X118.979 Y112.898 E.02998
G1 X119.444 Y113.678 E.02998
G1 X119.737 Y114.538 E.03
G1 X119.844 Y115.44 E.02999
G1 X119.762 Y116.344 E.02997
G1 X119.493 Y117.212 E.03
G1 X119.05 Y118.005 E.02999
G1 X118.564 Y118.575 E.02473
G1 X118.092 Y118.988 E.02071
G1 X117.322 Y119.444 E.02955
G1 X116.462 Y119.737 E.03
G1 X115.56 Y119.844 E.02999
G1 X114.656 Y119.762 E.02997
G1 X113.788 Y119.493 E.03
G1 X112.995 Y119.05 E.02999
G1 X112.312 Y118.451 E.02999
G1 X112.04 Y118.088 E.01498
G1 X112.315 Y117.814 F9000
;TYPE:External perimeter
;WIDTH:0.419999
G1 F1500
G1 X112.081 Y117.497 E.01235
G1 X111.741 Y116.742 E.02596
G1 X111.589 Y116.086 E.02111
G1 X111.541 Y115.516 E.01794
G1 X111.565 Y115.067 E.0141
G1 X111.729 Y114.296 E.02471
G1 X112.062 Y113.538 E.02596
G1 X112.545 Y112.866 E.02595
G1 X113.157 Y112.309 E.02595
G1 X113.872 Y111.891 E.02597
G1 X114.658 Y111.632 E.02595
G1 X115.358 Y111.548 E.02211
G1 X115.899 Y111.561 E.01697
G1 X116.705 Y111.729 E.02581
G1 X117.462 Y112.062 E.02593
G1 X118.134 Y112.545 E.02595
G1 X118.691 Y113.157 E.02595
G1 X119.109 Y113.872 E.02597
G1 X119.368 Y114.658 E.02595
G1 X119.459 Y115.48 E.02593
G1 X119.377 Y116.304 E.02596
G1 X119.125 Y117.092 E.02594
G1 X118.714 Y117.811 E.02597
G1 X118.273 Y118.32 E.02112
G1 X117.84 Y118.694 E.01794
G1 X117.128 Y119.109 E.02584
G1 X116.342 Y119.368 E.02595
G1 X115.52 Y119.459 E.02593
G1 X114.696 Y119.377 E.02596
G1 X113.908 Y119.125 E.02594
G1 X113.189 Y118.714 E.02597
G1 X112.571 Y118.164 E.02594
G1 X112.35 Y117.863 E.01171
G1 E-3.5 F3600
;WIPE_START
G1 F7200
G1 X112.315 Y117.814 E-.0286
G1 X112.081 Y117.497 E-.18716
G1 X111.741 Y116.742 E-.39331
G1 X111.589 Y116.086 E-.31986
G1 X111.541 Y115.516 E-.27171
G1 X111.565 Y115.067 E-.21358
G1 X111.602 Y114.89 E-.08578
;WIPE_END
G1 X98.153 Y115.5 F9000
G1 E5 F2400
;TYPE:Perimeter
;WIDTH:0.439999
G1 X115.5 Y98.154 E.80997
G1 X132.847 Y115.5 E.80997
G1 X115.5 Y132.847 E.80999
G1 X98.196 Y115.542 E.80801
G1 X97.592 Y115.5 F9000
G1 F2400
G1 X115.5 Y97.592 E.83619
G1 X133.408 Y115.5 E.83619
G1 X115.5 Y133.408 E.83619
G1 X97.634 Y115.542 E.83423
G1 X97.045 Y115.5 F9000
;TYPE:External perimeter
;WIDTH:0.419999
G1 F1500
G1 X115.5 Y97.045 E.81832
G1 X133.955 Y115.5 E.81832
G1 X115.5 Y133.955 E.81832
G1 X97.087 Y115.542 E.81646
G1 E-3.5 F3600
;WIPE_START
G1 F7200
G1 X97.045 Y115.5 E-.02821
G1 X99.236 Y113.309 E-1.47179
;WIPE_END
G1 X105.639 Y109.009 F9000
G1 E5 F2400
;TYPE:Internal infill
;WIDTH:0.44
G1 F3000
G1 X107.324 Y107.324 E.07868
G1 X111.659 Y111.659 E.20242
G1 X110.852 Y112.665 E.04258
G1 X110.385 Y113.648 E.03593
G1 E-3.5 F3600
;WIPE_START
G1 F7200
G1 X110.852 Y112.665 E-.51694
G1 X111.659 Y111.659 E-.6126
G1 X111.108 Y111.108 E-.37046
;WIPE_END
G1 X110.086 Y115.881 F9000
G1 E5 F2400
G1 F3000
G1 X110.107 Y116.11 E.00759
G1 X110.301 Y115.916 E.00906
G1 X110.506 Y116.122 E.0096
G1 X110.743 Y117.181 E.03583
G1 X111.068 Y117.911 E.02638
G1 X111.34 Y118.324 E.01633
G1 E-3.5 F3600
;WIPE_START
G1 F7200
G1 X111.068 Y117.911 E-.2349
G1 X110.743 Y117.181 E-.37956
G1 X110.506 Y116.122 E-.51547
G1 X110.301 Y115.916 E-.13805
G1 X110.107 Y116.11 E-.13032
G1 X110.087 Y115.897 E-.1017
;WIPE_END
G1 X115.118 Y120.912 F9000
G1 E5 F2400
G1 F3000
G1 X114.893 Y120.89 E.00746
G1 X115.084 Y120.699 E.00892
G1 X114.874 Y120.489 E.00981
G1 X114.326 Y120.407 E.01829
G1 X113.331 Y120.055 E.03485
G1 X112.547 Y119.597 E.02998
G1 X111.941 Y119.059 E.02676
G1 X107.324 Y123.676 E.21558
G1 X110.131 Y126.484 E.13109
G1 X115.684 Y120.931 E.25929
G1 X115.316 Y120.931 E.01215
G1 X120.869 Y126.484 E.25929
G1 X118.061 Y129.292 E.13112
G1 X101.708 Y112.939 E.76358
G1 X104.516 Y110.132 E.13109
G1 X110.068 Y115.683 E.25922
G1 X110.065 Y115.32 E.01199
G1 X104.516 Y120.869 E.2591
G1 X101.708 Y118.061 E.13112
G1 X118.061 Y101.708 E.76358
G1 X120.869 Y104.516 E.13112
G1 X115.317 Y110.068 E.25924
G1 X115.687 Y110.072 E.01222
G1 X110.132 Y104.516 E.25941
G1 X112.94 Y101.708 E.13112
G1 X129.292 Y118.061 E.76356
G1 X131.853 Y115.5 E.11958
G1 X129.292 Y112.939 E.11958
G1 X112.939 Y129.292 E.76358
G1 X114.624 Y130.976 E.07866
G1 E-3.5 F3600
;WIPE_START
G1 F7200
G1 X112.939 Y129.292 E-1.13157
G1 X113.487 Y128.744 E-.36843
;WIPE_END
G1 X120.605 Y117.348 F9000
G1 E5 F2400
G1 F3000
G1 X120.409 Y117.85 E.01779
G1 X119.922 Y118.685 E.03192
G1 X119.34 Y119.34 E.02893
G1 X123.676 Y123.676 E.20246
G1 X126.484 Y120.869 E.13109
G1 X120.931 Y115.316 E.25929
G1 X120.931 Y115.684 E.01215
G1 X126.484 Y110.132 E.25927
G1 X123.676 Y107.324 E.13112
G1 X119.06 Y111.94 E.21554
G1 X119.656 Y112.639 E.03033
G1 X120.055 Y113.332 E.0264
G1 X120.407 Y114.326 E.03482
G1 X120.489 Y114.874 E.01829
G1 X120.699 Y115.084 E.00981
G1 X120.89 Y114.893 E.00892
G1 X120.912 Y115.118 E.00746
G1 X120.547 Y115.535 F9000
;TYPE:Solid infill
;WIDTH:0.460822
G1 F2400
G1 X120.451 Y116.413 E.03069
G1 X120.152 Y117.425 E.03667
;WIDTH:0.45843
G1 X119.606 Y118.436 E.0397
;WIDTH:0.439044
G1 X119.041 Y119.086 E.02837
;WIDTH:0.431056
G1 X118.544 Y119.506 E.021
;WIDTH:0.42345
G1 X117.948 Y119.903 E.02266
;WIDTH:0.438524
G1 X117.448 Y120.152 E.01837
;WIDTH:0.458748
G1 X116.679 Y120.395 E.02789
G1 X115.64 Y120.531 E.03623
G1 E-3.5 F3600
;WIPE_START
G1 F7200
G1 X116.679 Y120.395 E-.49773
G1 X117.448 Y120.152 E-.38308
G1 X117.948 Y119.903 E-.26532
G1 X118.544 Y119.506 E-.34016
G1 X118.566 Y119.487 E-.01371
;WIPE_END
G1 X118.311 Y111.33 F9000
G1 E5 F2400
;TYPE:Internal infill
;WIDTH:0.44
G1 F3000
G1 X117.91 Y111.068 E.01582
G1 X117.18 Y110.743 E.02638
G1 X116.107 Y110.492 E.03638
G1 X115.916 Y110.301 E.00892
G1 X116.14 Y110.076 E.01048
G1 X115.886 Y110.074 E.00839
G1 X115.468 Y110.466 F9000
;TYPE:Solid infill
;WIDTH:0.440048
G1 F2400
G1 X114.575 Y110.55 E.02962
;WIDTH:0.4213
G1 X113.583 Y110.846 E.03257
;WIDTH:0.419004
G1 X112.657 Y111.346 E.03291
;WIDTH:0.440086
G1 X111.807 Y112.06 E.03666
G1 X111.193 Y112.873 E.03365
G1 X110.758 Y113.811 E.03415
G1 X110.501 Y114.829 E.03467
G1 X110.468 Y115.369 E.01787
G1 E-3.5 F3600
;WIPE_START
G1 F7200
G1 X110.501 Y114.829 E-.25698
G1 X110.758 Y113.811 E-.49872
G1 X111.193 Y112.873 E-.49113
G1 X111.514 Y112.447 E-.25317
;WIPE_END
G1 X115.5 Y98.634 F9000
G1 E5 F2400
;WIDTH:0.507902
G1 X115.57 Y98.68 E.00324
;WIDTH:0.47397
G1 X115.64 Y98.727 E.00302
;WIDTH:0.440038
G1 X132.274 Y115.36 E.77675
;WIDTH:0.474079
G1 X132.32 Y115.43 E.003
;WIDTH:0.50815
G1 X132.366 Y115.5 E.00324
G1 X132.32 Y115.57 E.00324
;WIDTH:0.474089
G1 X132.274 Y115.64 E.003
;WIDTH:0.440028
G1 X115.64 Y132.274 E.77676
;WIDTH:0.474093
G1 X115.57 Y132.32 E.003
;WIDTH:0.50816
G1 X115.5 Y132.366 E.00324
G1 X115.43 Y132.32 E.00324
;WIDTH:0.474094
G1 X115.36 Y132.274 E.003
;WIDTH:0.440038
G1 X98.726 Y115.64 E.77678
;WIDTH:0.474101
G1 X98.68 Y115.57 E.003
;WIDTH:0.508164
G1 X98.634 Y115.5 E.00324
G1 X98.68 Y115.43 E.00324
;WIDTH:0.474092
G1 X98.726 Y115.36 E.003
;WIDTH:0.44002
G1 X115.338 Y98.748 E.77571
;LAYER_CHANGE
;Z:7.2
;HEIGHT:0.2
;BEFORE_LAYER_CHANGE
G92 E0
;11


G1 E-3.5 F3600
;WIPE_START
G1 F7200
G1 X113.105 Y100.981 E-1.5
;WIPE_END
G1 Z7.2 F9000
;AFTER_LAYER_CHANGE
;11
G1 X115.5 Y110.772
G1 E5 F2400
;TYPE:Perimeter
;WIDTH:0.439999
G1 F1500
G1 X115.92 Y110.777 E.01387
G1 X116.868 Y110.962 E.03189
G1 X117.781 Y111.345 E.03269
G1 X118.595 Y111.91 E.03272
G1 X119.274 Y112.632 E.03272
G1 X119.788 Y113.48 E.03274
G1 X120.114 Y114.415 E.03269
G1 X120.239 Y115.398 E.03272
G1 X120.156 Y116.386 E.03274
G1 X119.871 Y117.335 E.03272
G1 X119.394 Y118.203 E.0327
G1 X118.746 Y118.954 E.03275
G1 X117.957 Y119.553 E.03271
G1 X117.316 Y119.876 E.0237
G1 X116.574 Y120.118 E.02577
G1 X115.602 Y120.239 E.03234
G1 X114.614 Y120.156 E.03274
G1 X113.665 Y119.871 E.03272
G1 X112.797 Y119.394 E.0327
G1 X112.046 Y118.746 E.03275
G1 X111.447 Y117.957 E.03271
G1 X111.024 Y117.061 E.03271
G1 X110.823 Y116.251 E.02756
G1 X110.759 Y115.579 E.02229
G1 X110.778 Y115.055 E.01731
G1 X110.962 Y114.133 E.03104
G1 X111.345 Y113.219 E.03272
G1 X111.91 Y112.405 E.03272
G1 X112.632 Y111.726 E.03272
G1 X113.48 Y111.212 E.03274
G1 X114.415 Y110.886 E.03269
G1 X115.265 Y110.769 E.02833
G1 X115.44 Y110.771 E.00578
G1 X115.5 Y111.167 F9000
G1 F1500
G1 X115.91 Y111.174 E.01354
G1 X116.785 Y111.35 E.02947
G1 X117.62 Y111.708 E.03
G1 X118.362 Y112.232 E.02999
G1 X118.979 Y112.898 E.02998
G1 X119.444 Y113.678 E.02998
G1 X119.737 Y114.538 E.03
G1 X119.844 Y115.44 E.02999
G1 X119.762 Y116.344 E.02997
G1 X119.493 Y117.212 E.03
G1 X119.05 Y118.005 E.02999
G1 X118.451 Y118.688 E.02999
G1 X117.724 Y119.232 E.02998
G1 X117.145 Y119.517 E.02131
G1 X116.456 Y119.739 E.0239
G1 X115.56 Y119.844 E.02979
G1 X114.656 Y119.762 E.02997
G1 X113.788 Y119.493 E.03
G1 X112.995 Y119.05 E.02999
G1 X112.312 Y118.451 E.02999
G1 X111.768 Y117.724 E.02998
G1 X111.387 Y116.9 E.02997
G1 X111.21 Y116.164 E.02499
G1 X111.155 Y115.547 E.02045
G1 X111.186 Y114.986 E.01855
G1 X111.35 Y114.215 E.02603
G1 X111.708 Y113.38 E.03
G1 X112.232 Y112.638 E.02999
G1 X112.898 Y112.021 E.02998
G1 X113.678 Y111.556 E.02998
G1 X114.538 Y111.263 E.03
G1 X115.31 Y111.163 E.0257
G1 X115.44 Y111.165 E.00429
G1 X115.5 Y111.551 F9000
;TYPE:External perimeter
;WIDTH:0.419999
G1 F1500
G1 X115.899 Y111.561 E.01251
G1 X116.705 Y111.729 E.02581
G1 X117.462 Y112.062 E.02593
G1 X118.134 Y112.545 E.02595
G1 X118.691 Y113.157 E.02595
G1 X119.109 Y113.872 E.02597
G1 X119.368 Y114.658 E.02595
G1 X119.459 Y115.48 E.02593
G1 X119.377 Y116.304 E.02596
G1 X119.125 Y117.092 E.02594
G1 X118.714 Y117.811 E.02597
G1 X118.164 Y118.429 E.02594
G1 X117.496 Y118.919 E.02598
G1 X116.979 Y119.168 E.01799
G1 X116.34 Y119.369 E.021
G1 X115.52 Y119.459 E.02586
G1 X114.696 Y119.377 E.02596
G1 X113.908 Y119.125 E.02594
G1 X113.189 Y118.714 E.02597
G1 X112.571 Y118.164 E.02594
G1 X112.081 Y117.497 E.02595
G1 X111.741 Y116.742 E.02596
G1 X111.588 Y116.079 E.02133
G1 X111.541 Y115.515 E.01775
G1 X111.565 Y115.067 E.01407
G1 X111.729 Y114.296 E.02471
G1 X112.062 Y113.538 E.02596
G1 X112.545 Y112.866 E.02595
G1 X113.157 Y112.309 E.02595
G1 X113.872 Y111.891 E.02597
G1 X114.658 Y111.632 E.02595
G1 X115.354 Y111.548 E.02198
G1 X115.44 Y111.55 E.0027
G1 E-3.5 F3600
;WIPE_START
G1 F7200
G1 X115.5 Y111.551 E-.0285
G1 X115.899 Y111.561 E-.18958
G1 X116.705 Y111.729 E-.39108
G1 X117.462 Y112.062 E-.39283
G1 X118.134 Y112.545 E-.3931
G1 X118.283 Y112.708 E-.10491
;WIPE_END
G1 X115.5 Y98.154 F9000
G1 E5 F2400
;TYPE:Perimeter
;WIDTH:0.439999
G1 X132.847 Y115.5 E.80997
G1 X115.5 Y132.847 E.80999
G1 X98.153 Y115.5 E.80999
G1 X115.457 Y98.196 E.80798
G1 X115.5 Y97.592 F9000
G1 F2400
G1 X133.408 Y115.5 E.83619
G1 X115.5 Y133.408 E.83619
G1 X97.592 Y115.5 E.83619
G1 X115.457 Y97.635 E.83418
G1 X115.5 Y97.045 F9000
;TYPE:External perimeter
;WIDTH:0.419999
G1 F1500
G1 X133.955 Y115.5 E.81832
G1 X115.5 Y133.955 E.81832
G1 X97.045 Y115.5 E.81832
G1 X115.457 Y97.087 E.81644
G1 E-3.5 F3600
;WIPE_START
G1 F7200
G1 X115.5 Y97.045 E-.02855
G1 X117.691 Y99.235 E-1.47145
;WIPE_END
G1 X118.311 Y111.33 F9000
G1 E5 F2400
;TYPE:Internal infill
;WIDTH:0.44
G1 F3000
G1 X117.91 Y111.068 E.01582
G1 X117.18 Y110.743 E.02638
G1 X116.108 Y110.492 E.03635
G1 X115.916 Y110.301 E.00894
G1 X117.055 Y109.161 E.05321
G1 X119.447 Y111.553 E.11169
G1 X119.06 Y111.94 E.01807
G1 X119.656 Y112.639 E.03033
G1 X120.055 Y113.332 E.0264
G1 X120.407 Y114.326 E.03482
G1 X120.489 Y114.874 E.01829
G1 X120.699 Y115.084 E.00981
G1 X121.839 Y113.945 E.05321
G1 X121.293 Y113.399 E.02549
G1 E-3.5 F3600
;WIPE_START
G1 F7200
G1 X121.839 Y113.945 E-.36678
G1 X120.699 Y115.084 E-.76546
G1 X120.489 Y114.874 E-.14107
G1 X120.418 Y114.402 E-.22669
;WIPE_END
G1 X113.399 Y121.117 F9000
G1 E5 F2400
G1 F3000
G1 X114.033 Y121.751 E.0296
G1 X115.084 Y120.699 E.0491
G1 X114.874 Y120.489 E.00981
G1 X114.326 Y120.407 E.01829
G1 X113.331 Y120.055 E.03485
G1 X112.547 Y119.597 E.02998
G1 X111.941 Y119.059 E.02676
G1 X111.641 Y119.359 E.01401
G1 X109.249 Y116.967 E.11169
G1 X110.301 Y115.916 E.0491
G1 X110.506 Y116.121 E.00957
G1 X110.743 Y117.181 E.03586
G1 X111.068 Y117.911 E.02638
G1 X111.339 Y118.324 E.01631
G1 E-3.5 F3600
;WIPE_START
G1 F7200
G1 X111.068 Y117.911 E-.23464
G1 X110.743 Y117.181 E-.37956
G1 X110.506 Y116.121 E-.51593
G1 X110.301 Y115.916 E-.13771
G1 X109.955 Y116.262 E-.23216
;WIPE_END
G1 X98.477 Y115.359 F9000
G1 E5 F2400
M204 S250
;TYPE:Bridge infill
;WIDTH:0.392131
;HEIGHT:0.389872
G1 F1500
G1 X115.501 Y132.383 E1.20882
G1 X115.813 Y132.07 E.02219
G1 X98.93 Y115.187 E1.19881
G1 X99.242 Y114.874 E.02219
G1 X116.126 Y131.758 E1.19888
G1 X116.439 Y131.445 E.02223
G1 X99.555 Y114.561 E1.19888
G1 X99.868 Y114.249 E.02219
G1 X116.751 Y131.133 E1.19885
G1 X117.064 Y130.82 E.02223
G1 X100.18 Y113.936 E1.19888
G1 X100.493 Y113.623 E.02223
G1 X117.377 Y130.507 E1.19888
G1 X117.689 Y130.195 E.02215
G1 X100.805 Y113.311 E1.19888
G1 X101.118 Y112.998 E.02223
G1 X118.002 Y129.882 E1.19888
G1 X118.315 Y129.569 E.02223
G1 X101.431 Y112.685 E1.19888
G1 X101.743 Y112.373 E.02215
G1 X118.627 Y129.257 E1.19888
G1 X118.94 Y128.944 E.02223
G1 X102.056 Y112.06 E1.19888
G1 X102.369 Y111.748 E.02219
G1 X119.252 Y128.631 E1.19881
G1 X119.565 Y128.319 E.02219
G1 X102.681 Y111.435 E1.19888
G1 X102.994 Y111.122 E.02223
G1 X119.878 Y128.006 E1.19888
G1 X120.19 Y127.694 E.02215
G1 X114.436 Y121.939 E.40861
G1 X114.749 Y121.627 E.02219
G1 X120.503 Y127.381 E.40857
G1 X120.816 Y127.068 E.02223
G1 X115.061 Y121.314 E.40861
G1 X115.374 Y121.001 E.02223
G1 X121.128 Y126.756 E.40861
G1 X121.441 Y126.443 E.02223
G1 X115.651 Y120.653 E.41113
G1 X115.658 Y120.556 E.00488
G1 X116.133 Y120.51 E.02396
G1 X121.754 Y126.13 E.39909
G1 X122.066 Y125.818 E.02215
G1 X116.677 Y120.428 E.38269
G1 X117.148 Y120.274 E.02488
G1 X122.379 Y125.505 E.37144
G1 X122.691 Y125.192 E.02219
G1 X117.602 Y120.103 E.36135
G1 X118.02 Y119.896 E.02342
G1 X123.004 Y124.88 E.3539
G1 X123.317 Y124.567 E.02223
G1 X118.388 Y119.639 E.34996
G1 X118.746 Y119.371 E.02245
G1 X123.629 Y124.255 E.34676
G1 X123.942 Y123.942 E.02223
G1 X119.074 Y119.074 E.34566
G1 X119.368 Y118.743 E.02223
G1 X124.255 Y123.629 E.34698
G1 X124.567 Y123.317 E.02215
G1 X119.652 Y118.401 E.34903
G1 X119.883 Y118.007 E.02293
G1 X124.88 Y123.004 E.35482
G1 X125.192 Y122.691 E.02219
G1 X120.107 Y117.606 E.36107
G1 X120.275 Y117.149 E.02445
G1 X125.505 Y122.379 E.37137
G1 X125.818 Y122.066 E.02223
G1 X120.428 Y116.676 E.38273
G1 X120.481 Y116.426 E.01283
G1 X120.51 Y116.133 E.01478
G1 X126.13 Y121.753 E.39906
G1 X126.443 Y121.441 E.02219
G1 X120.566 Y115.557 E.41756
G1 X120.807 Y115.569 E.01212
G1 X121.001 Y115.374 E.01381
G1 X126.756 Y121.128 E.40861
G1 X127.068 Y120.816 E.02215
G1 X121.314 Y115.061 E.40861
G1 X121.627 Y114.749 E.02219
G1 X127.381 Y120.503 E.40857
G1 X127.694 Y120.19 E.02223
G1 X121.799 Y114.296 E.41855
M204 S500
G1 E-3.5 F3600
;WIPE_START
G1 F7200
G1 X124.032 Y116.529 E-1.5
;WIPE_END
G1 X109.201 Y116.704 F9000
G1 E5 F2400
M204 S250
G1 F1500
G1 X103.306 Y110.81 E.41855
G1 X103.619 Y110.497 E.02223
G1 X109.373 Y116.251 E.40857
G1 X109.686 Y115.939 E.02219
G1 X103.932 Y110.184 E.40861
G1 X104.244 Y109.872 E.02215
G1 X109.999 Y115.626 E.40861
G1 X110.27 Y115.355 E.01924
G1 X110.347 Y115.349 E.00388
G1 X104.557 Y109.559 E.41113
G1 X104.87 Y109.246 E.02223
G1 X110.475 Y114.852 E.39803
G1 X110.584 Y114.336 E.02648
G1 X105.182 Y108.934 E.38358
G1 X105.495 Y108.621 E.02223
G1 X110.714 Y113.84 E.37059
G1 X110.904 Y113.405 E.02383
G1 X105.808 Y108.309 E.36185
G1 X106.12 Y107.996 E.02219
G1 X111.105 Y112.981 E.35397
G1 X111.361 Y112.612 E.02255
G1 X106.433 Y107.683 E.34996
G1 X106.745 Y107.371 E.02215
G1 X111.629 Y112.254 E.34676
G1 X111.774 Y112.061 E.01212
G1 X111.925 Y111.925 E.0102
G1 X107.058 Y107.058 E.34559
G1 X107.371 Y106.745 E.02223
G1 X112.253 Y111.628 E.34669
G1 X112.598 Y111.348 E.02231
G1 X107.683 Y106.433 E.349
G1 X107.996 Y106.12 E.02223
G1 X112.992 Y111.116 E.35475
G1 X113.394 Y110.893 E.02308
G1 X108.309 Y105.808 E.36107
G1 X108.621 Y105.495 E.02219
G1 X113.851 Y110.725 E.37137
G1 X114.324 Y110.572 E.02496
G1 X108.934 Y105.182 E.38273
G1 X109.247 Y104.87 E.02219
G1 X114.863 Y110.486 E.39878
G1 X115.236 Y110.443 E.01885
G1 X115.445 Y110.445 E.01049
G1 X109.559 Y104.557 E.41802
G1 X109.872 Y104.244 E.02223
G1 X115.626 Y109.999 E.40861
G1 X115.939 Y109.686 E.02223
G1 X110.184 Y103.932 E.40861
G1 X110.497 Y103.619 E.02223
G1 X116.251 Y109.373 E.40857
G1 X116.564 Y109.061 E.02219
G1 X110.81 Y103.306 E.40861
G1 X111.122 Y102.994 E.02215
G1 X116.877 Y108.748 E.40861
G1 X117.055 Y108.569 E.01267
G1 X122.431 Y113.945 E.38173
G1 X122.252 Y114.123 E.01267
G1 X128.006 Y119.878 E.40861
G1 X128.319 Y119.565 E.02223
G1 X111.435 Y102.681 E1.19888
G1 X111.748 Y102.369 E.02219
G1 X128.631 Y119.252 E1.19881
G1 X128.944 Y118.94 E.02219
G1 X112.06 Y102.056 E1.19888
G1 X112.373 Y101.743 E.02223
G1 X129.257 Y118.627 E1.19888
G1 X129.569 Y118.315 E.02215
G1 X112.685 Y101.431 E1.19888
G1 X112.998 Y101.118 E.02223
G1 X129.882 Y118.002 E1.19888
G1 X130.195 Y117.689 E.02223
G1 X113.311 Y100.805 E1.19888
G1 X113.623 Y100.493 E.02215
G1 X130.507 Y117.377 E1.19888
G1 X130.82 Y117.064 E.02223
G1 X113.936 Y100.18 E1.19888
G1 X114.249 Y99.867 E.02223
G1 X131.133 Y116.751 E1.19888
G1 X131.445 Y116.439 E.02215
G1 X114.561 Y99.555 E1.19888
G1 X114.874 Y99.242 E.02223
G1 X131.758 Y116.126 E1.19888
G1 X132.07 Y115.813 E.02219
G1 X115.187 Y98.93 E1.19881
G1 X115.499 Y98.617 E.02219
G1 X132.523 Y115.641 E1.20882
M204 S500
;LAYER_CHANGE
;Z:7.21
;HEIGHT:0.2
;BEFORE_LAYER_CHANGE
G92 E0
;11.4


G1 E-3.5 F3600
;WIPE_START
G1 F7200
G1 X117.733 Y130.254 E-1.5
;WIPE_END
G1 Z7.21 F9000
;AFTER_LAYER_CHANGE
;11.4
G1 X115.5 Y120.23
G1 E5 F2400
;TYPE:Perimeter
;WIDTH:0.439999
G1 F1500
G1 X114.614 Y120.156 E.02936
G1 X113.665 Y119.871 E.03272
G1 X112.797 Y119.394 E.0327
G1 X112.046 Y118.746 E.03275
G1 X111.447 Y117.957 E.03271
G1 X111.024 Y117.061 E.03271
G1 X110.798 Y116.096 E.03272
G1 X110.776 Y115.5 E.01969
G1 X110.798 Y114.904 E.01969
G1 X110.962 Y114.133 E.02603
G1 X111.345 Y113.219 E.03272
G1 X111.91 Y112.405 E.03272
G1 X112.632 Y111.726 E.03272
G1 X113.48 Y111.212 E.03274
G1 X114.415 Y110.886 E.03269
G1 X115.261 Y110.769 E.0282
G1 X115.92 Y110.777 E.02176
G1 X116.868 Y110.962 E.03189
G1 X117.781 Y111.345 E.03269
G1 X118.595 Y111.91 E.03272
G1 X119.274 Y112.632 E.03272
G1 X119.788 Y113.48 E.03274
G1 X120.114 Y114.415 E.03269
G1 X120.239 Y115.398 E.03272
G1 X120.179 Y116.239 E.02784
G1 X120.033 Y116.891 E.02206
G1 X119.655 Y117.781 E.03193
G1 X119.09 Y118.595 E.03272
G1 X118.368 Y119.274 E.03272
G1 X117.52 Y119.788 E.03274
G1 X116.585 Y120.114 E.03269
G1 X115.602 Y120.239 E.03272
G1 X115.56 Y120.235 E.00139
G1 X115.5 Y119.838 F9000
G1 F1500
G1 X114.656 Y119.762 E.02798
G1 X113.788 Y119.493 E.03
G1 X112.995 Y119.05 E.02999
G1 X112.312 Y118.451 E.02999
G1 X111.768 Y117.724 E.02998
G1 X111.387 Y116.9 E.02997
G1 X111.186 Y116.014 E.03
G1 X111.174 Y115.5 E.01698
G1 X111.186 Y114.986 E.01698
G1 X111.35 Y114.215 E.02603
G1 X111.708 Y113.38 E.03
G1 X112.232 Y112.638 E.02999
G1 X112.898 Y112.021 E.02998
G1 X113.678 Y111.556 E.02998
G1 X114.538 Y111.263 E.03
G1 X115.307 Y111.163 E.0256
G1 X115.909 Y111.174 E.01988
G1 X116.785 Y111.35 E.0295
G1 X117.62 Y111.708 E.03
G1 X118.362 Y112.232 E.02999
G1 X118.979 Y112.898 E.02998
G1 X119.444 Y113.678 E.02998
G1 X119.737 Y114.538 E.03
G1 X119.844 Y115.44 E.02999
G1 X119.784 Y116.202 E.02524
G1 X119.647 Y116.799 E.02022
G1 X119.292 Y117.62 E.02953
G1 X118.768 Y118.362 E.02999
G1 X118.102 Y118.979 E.02998
G1 X117.322 Y119.444 E.02998
G1 X116.462 Y119.737 E.03
G1 X115.56 Y119.844 E.02999
G1 X115.5 Y119.457 F9000
;TYPE:External perimeter
;WIDTH:0.419999
G1 F1500
G1 X114.696 Y119.377 E.02533
G1 X113.908 Y119.125 E.02594
G1 X113.189 Y118.714 E.02597
G1 X112.571 Y118.164 E.02594
G1 X112.081 Y117.497 E.02595
G1 X111.741 Y116.742 E.02596
G1 X111.565 Y115.933 E.02596
G1 X111.561 Y115.106 E.02593
G1 X111.729 Y114.296 E.02594
G1 X112.062 Y113.538 E.02596
G1 X112.545 Y112.866 E.02595
G1 X113.157 Y112.309 E.02595
G1 X113.872 Y111.891 E.02597
G1 X114.658 Y111.632 E.02595
G1 X115.351 Y111.548 E.02189
G1 X115.899 Y111.561 E.01719
G1 X116.705 Y111.729 E.02581
G1 X117.462 Y112.062 E.02593
G1 X118.134 Y112.545 E.02595
G1 X118.691 Y113.157 E.02595
G1 X119.109 Y113.872 E.02597
G1 X119.368 Y114.658 E.02595
G1 X119.459 Y115.48 E.02593
G1 X119.398 Y116.165 E.02156
G1 X119.27 Y116.709 E.01752
G1 X118.938 Y117.462 E.0258
G1 X118.455 Y118.134 E.02595
G1 X117.843 Y118.691 E.02595
G1 X117.128 Y119.109 E.02597
G1 X116.342 Y119.368 E.02595
G1 X115.56 Y119.455 E.02467
G1 E-3.5 F3600
;WIPE_START
G1 F7200
G1 X115.5 Y119.457 E-.02852
G1 X114.696 Y119.377 E-.38379
G1 X113.908 Y119.125 E-.39297
G1 X113.189 Y118.714 E-.39339
G1 X112.715 Y118.292 E-.30133
;WIPE_END
G1 X115.5 Y132.846 F9000
G1 E5 F2400
;TYPE:Perimeter
;WIDTH:0.439999
G1 X98.154 Y115.5 E.80994
G1 X115.5 Y98.154 E.80994
G1 X132.846 Y115.5 E.80994
G1 X115.542 Y132.804 E.80798
G1 X115.5 Y133.408 F9000
G1 F2400
G1 X97.592 Y115.5 E.83619
G1 X115.5 Y97.592 E.83619
G1 X133.408 Y115.5 E.83619
G1 X115.542 Y133.366 E.83423
G1 X115.5 Y133.955 F9000
;TYPE:External perimeter
;WIDTH:0.419999
G1 F1500
G1 X97.045 Y115.5 E.81832
G1 X115.5 Y97.045 E.81832
G1 X133.955 Y115.5 E.81832
G1 X115.542 Y133.913 E.81646
G1 E-3.5 F3600
;WIPE_START
G1 F7200
G1 X115.5 Y133.955 E-.02821
G1 X113.309 Y131.764 E-1.47179
;WIPE_END
G1 X117.854 Y121.137 F9000
G1 E5 F2400
;TYPE:Internal infill
;WIDTH:0.44
G1 F3000
G1 X118.557 Y120.796 E.0258
G1 X119.094 Y120.447 E.02115
G1 X119.818 Y119.818 E.03167
G1 X119.06 Y119.06 E.03539
G1 X119.211 Y118.924 E.00671
G1 X119.932 Y117.91 E.04108
G1 X120.329 Y116.967 E.03378
G1 X120.487 Y116.129 E.02816
G1 X121.59 Y115.026 E.0515
G1 X121.615 Y115.5 E.01567
G1 X121.59 Y115.974 E.01567
G1 X120.489 Y114.874 E.05139
G1 X120.407 Y114.326 E.01829
G1 X120.055 Y113.332 E.03482
G1 X119.656 Y112.639 E.0264
G1 X119.06 Y111.94 E.03033
G1 X119.818 Y111.182 E.03539
G1 X119.094 Y110.553 E.03167
G1 X118.557 Y110.204 E.02115
G1 X117.854 Y109.863 E.0258
G1 X118.311 Y111.33 F9000
G1 F3000
G1 X117.91 Y111.068 E.01582
G1 X117.18 Y110.743 E.02638
G1 X116.108 Y110.492 E.03635
G1 X115.038 Y109.422 E.04996
G1 X115.974 Y109.41 E.03091
G1 X114.879 Y110.505 E.05113
G1 X114.326 Y110.593 E.01849
G1 X113.332 Y110.945 E.03482
G1 X112.639 Y111.344 E.0264
G1 X111.94 Y111.94 E.03033
G1 X111.282 Y111.282 E.03072
G1 X110.753 Y111.906 E.02701
G1 X110.404 Y112.443 E.02115
G1 X110.012 Y113.278 E.03046
G1 X111.332 Y112.686 F9000
G1 F3000
G1 X111.068 Y113.09 E.01593
G1 X110.743 Y113.82 E.02638
G1 X110.494 Y114.89 E.03627
G1 X109.6 Y115.784 E.04174
G1 X109.585 Y115.5 E.00939
G1 X109.6 Y115.216 E.00939
G1 X110.493 Y116.108 E.04167
G1 X110.743 Y117.18 E.03634
G1 X111.068 Y117.911 E.02641
G1 X111.328 Y118.314 E.01583
G1 X110.012 Y117.722 F9000
G1 F3000
G1 X110.404 Y118.557 E.03046
G1 X110.753 Y119.094 E.02115
G1 X111.282 Y119.718 E.02701
G1 X111.94 Y119.06 E.03072
G1 X112.547 Y119.597 E.02676
G1 X113.331 Y120.055 E.02998
G1 X114.326 Y120.407 E.03485
G1 X114.874 Y120.489 E.01829
G1 X115.974 Y121.59 E.05139
G1 X115.038 Y121.578 E.03091
G1 X116.126 Y120.489 E.05083
G1 X116.674 Y120.407 E.01829
G1 X117.434 Y120.16 E.02639
G1 X118.337 Y119.669 E.03394
G1 E-3.5 F3600
;WIPE_START
G1 F7200
G1 X117.434 Y120.16 E-.48823
G1 X116.674 Y120.407 E-.37959
G1 X116.126 Y120.489 E-.2632
G1 X115.577 Y121.038 E-.36898
;WIPE_END
G1 X115.386 Y98.444 F9000
G1 E5 F2400
;TYPE:Top solid infill
;WIDTH:0.400526
G1 F1800
G1 X132.442 Y115.5 E.71723
G1 X132.189 Y115.753 E.01064
G1 X115.247 Y98.811 E.71244
G1 X114.994 Y99.064 E.01064
G1 X131.936 Y116.006 E.71244
G1 X131.684 Y116.259 E.01062
G1 X114.741 Y99.316 E.71248
G1 X114.488 Y99.569 E.01064
G1 X131.431 Y116.512 E.71248
G1 X131.178 Y116.765 E.01064
G1 X114.236 Y99.822 E.71246
G1 X113.983 Y100.075 E.01064
G1 X130.925 Y117.017 E.71244
G1 X130.672 Y117.27 E.01064
G1 X113.73 Y100.328 E.71244
G1 X113.477 Y100.581 E.01064
G1 X130.419 Y117.523 E.71244
G1 X130.166 Y117.776 E.01064
G1 X113.224 Y100.834 E.71244
G1 X112.971 Y101.087 E.01064
G1 X129.914 Y118.029 E.71246
G1 X129.661 Y118.282 E.01064
G1 X112.718 Y101.339 E.71248
G1 X112.465 Y101.592 E.01064
G1 X129.408 Y118.535 E.71248
G1 X129.155 Y118.787 E.01062
G1 X112.213 Y101.845 E.71244
G1 X111.96 Y102.098 E.01064
G1 X128.902 Y119.04 E.71244
G1 X128.649 Y119.293 E.01064
G1 X111.707 Y102.351 E.71244
G1 X111.454 Y102.604 E.01064
G1 X118.708 Y109.858 E.30504
G1 X119.309 Y110.243 E.02122
G1 X119.851 Y110.682 E.02074
G1 X120.318 Y111.149 E.01964
G1 X120.747 Y111.677 E.02023
G1 X121.142 Y112.292 E.02173
G1 X128.396 Y119.546 E.30504
G1 X128.143 Y119.799 E.01064
G1 X121.573 Y113.228 E.2763
G1 X121.677 Y113.502 E.00871
G1 X121.8 Y113.961 E.01413
G1 X127.891 Y120.052 E.25614
G1 X127.638 Y120.305 E.01064
G1 X121.92 Y114.587 E.24045
G1 X121.957 Y114.83 E.00731
G1 X121.974 Y115.147 E.00944
G1 X127.385 Y120.558 E.22754
G1 X127.132 Y120.81 E.01062
G1 X121.984 Y115.662 E.21648
G1 X121.959 Y116.143 E.01432
G1 X126.879 Y121.063 E.20689
G1 X126.626 Y121.316 E.01064
G1 X121.893 Y116.583 E.19903
G1 X121.809 Y117.005 E.01279
G1 X126.373 Y121.569 E.19192
G1 X126.121 Y121.822 E.01062
G1 X121.702 Y117.403 E.18583
G1 X121.57 Y117.778 E.01182
G1 X125.868 Y122.075 E.18072
G1 X125.615 Y122.328 E.01064
G1 X121.43 Y118.143 E.17599
G1 X121.259 Y118.478 E.01118
G1 X125.362 Y122.58 E.17252
G1 X125.109 Y122.833 E.01064
G1 X121.083 Y118.807 E.1693
G1 X120.884 Y119.114 E.01088
G1 X124.856 Y123.086 E.16703
G1 X124.603 Y123.339 E.01064
G1 X120.675 Y119.411 E.16518
G1 X120.449 Y119.691 E.0107
G1 X124.35 Y123.592 E.16404
G1 X124.098 Y123.845 E.01062
G1 X120.211 Y119.958 E.16346
G1 X119.958 Y120.211 E.01064
G1 X123.845 Y124.098 E.16346
G1 X123.592 Y124.35 E.01062
G1 X119.691 Y120.449 E.16404
G1 X119.411 Y120.676 E.01072
G1 X123.339 Y124.603 E.16516
G1 X123.086 Y124.856 E.01064
G1 X119.114 Y120.884 E.16703
G1 X118.807 Y121.083 E.01088
G1 X122.833 Y125.109 E.1693
G1 X122.58 Y125.362 E.01064
G1 X118.478 Y121.259 E.17252
G1 X118.142 Y121.43 E.01121
G1 X122.327 Y125.615 E.17599
G1 X122.075 Y125.868 E.01062
G1 X117.777 Y121.571 E.18072
G1 X117.403 Y121.702 E.01178
G1 X121.822 Y126.121 E.18583
G1 X121.569 Y126.373 E.01062
G1 X117.005 Y121.809 E.19192
G1 X116.583 Y121.893 E.01279
G1 X121.316 Y126.626 E.19903
G1 X121.063 Y126.879 E.01064
G1 X116.143 Y121.959 E.20689
G1 X115.662 Y121.984 E.01432
G1 X120.81 Y127.132 E.21648
G1 X120.557 Y127.385 E.01064
G1 X115.135 Y121.963 E.228
G1 X114.549 Y121.882 E.01759
G1 X120.305 Y127.638 E.24205
G1 X120.052 Y127.891 E.01064
G1 X113.888 Y121.727 E.25921
G1 X113.685 Y121.671 E.00626
G1 X113.103 Y121.448 E.01853
G1 X119.912 Y128.257 E.28633
G1 E-3.5 F3600
;WIPE_START
G1 F7200
G1 X117.679 Y126.024 E-1.5
;WIPE_END
G1 X111.087 Y102.743 F9000
G1 E5 F2400
G1 F1800
G1 X117.772 Y109.427 E.28109
G1 X117.498 Y109.323 E.00871
G1 X117.039 Y109.2 E.01413
G1 X110.948 Y103.109 E.25614
G1 X110.695 Y103.362 E.01064
G1 X116.413 Y109.08 E.24045
G1 X116.17 Y109.043 E.00731
G1 X115.853 Y109.026 E.00944
G1 X110.443 Y103.615 E.22752
G1 X110.19 Y103.868 E.01064
G1 X115.349 Y109.028 E.21697
G1 X114.881 Y109.065 E.01396
G1 X109.937 Y104.121 E.2079
G1 X109.684 Y104.374 E.01064
G1 X114.445 Y109.135 E.20021
G1 X114.038 Y109.233 E.01245
G1 X109.431 Y104.627 E.19371
G1 X109.178 Y104.879 E.01062
G1 X113.643 Y109.345 E.18778
G1 X113.278 Y109.485 E.01162
G1 X108.925 Y105.132 E.18305
G1 X108.672 Y105.385 E.01064
G1 X112.925 Y109.637 E.17882
G1 X112.59 Y109.808 E.01118
G1 X108.42 Y105.638 E.17536
G1 X108.167 Y105.891 E.01064
G1 X112.272 Y109.996 E.17262
G1 X111.965 Y110.195 E.01088
G1 X107.914 Y106.144 E.17035
G1 X107.661 Y106.397 E.01064
G1 X111.678 Y110.414 E.16892
G1 X111.399 Y110.64 E.01068
G1 X107.408 Y106.65 E.16781
G1 X107.155 Y106.902 E.01062
G1 X111.142 Y110.889 E.16766
G1 X110.889 Y111.142 E.01064
G1 X106.902 Y107.155 E.16766
G1 X106.65 Y107.408 E.01062
G1 X110.661 Y111.42 E.16869
G1 X110.437 Y111.701 E.01069
G1 X106.397 Y107.661 E.16989
G1 X106.144 Y107.914 E.01064
G1 X110.237 Y112.007 E.17212
G1 X110.044 Y112.32 E.01093
G1 X105.891 Y108.167 E.17464
G1 X105.638 Y108.42 E.01064
G1 X109.873 Y112.655 E.17809
G1 X109.714 Y113.002 E.01135
G1 X105.385 Y108.672 E.18206
G1 X105.132 Y108.925 E.01064
G1 X109.574 Y113.367 E.18679
G1 X109.456 Y113.754 E.01203
G1 X104.879 Y109.178 E.19245
G1 X104.627 Y109.431 E.01062
G1 X109.349 Y114.154 E.19859
G1 X109.28 Y114.59 E.01313
G1 X104.374 Y109.684 E.20631
G1 X104.121 Y109.937 E.01064
G1 X109.231 Y115.047 E.21488
G1 X109.209 Y115.531 E.01441
G1 X103.868 Y110.19 E.2246
G1 X103.615 Y110.443 E.01064
G1 X109.237 Y116.065 E.23641
G1 X109.318 Y116.651 E.01759
G1 X103.362 Y110.695 E.25046
G1 X103.109 Y110.948 E.01064
G1 X109.473 Y117.312 E.26762
G1 X109.529 Y117.515 E.00626
G1 X109.752 Y118.097 E.01853
G1 X102.857 Y111.201 E.28997
G1 X102.604 Y111.454 E.01064
G1 X119.546 Y128.396 E.71244
G1 X119.293 Y128.649 E.01064
G1 X102.351 Y111.707 E.71244
G1 X102.098 Y111.96 E.01064
G1 X119.04 Y128.902 E.71244
G1 X118.787 Y129.155 E.01064
G1 X101.845 Y112.213 E.71244
G1 X101.592 Y112.465 E.01062
G1 X118.534 Y129.408 E.71246
G1 X118.282 Y129.661 E.01062
G1 X101.339 Y112.718 E.71248
G1 X101.086 Y112.971 E.01064
G1 X118.029 Y129.913 E.71246
G1 X117.776 Y130.166 E.01064
G1 X100.834 Y113.224 E.71244
G1 X100.581 Y113.477 E.01064
G1 X117.523 Y130.419 E.71244
G1 X117.27 Y130.672 E.01064
G1 X100.328 Y113.73 E.71244
G1 X100.075 Y113.983 E.01064
G1 X117.017 Y130.925 E.71244
G1 X116.764 Y131.178 E.01064
G1 X99.822 Y114.235 E.71246
G1 X99.569 Y114.488 E.01064
G1 X116.512 Y131.431 E.71248
G1 X116.259 Y131.684 E.01064
G1 X99.316 Y114.741 E.71248
G1 X99.064 Y114.994 E.01062
G1 X116.006 Y131.936 E.71244
G1 X115.753 Y132.189 E.01064
G1 X98.811 Y115.247 E.71244
G1 X98.558 Y115.5 E.01064
G1 X115.614 Y132.556 E.71723
;LAYER_CHANGE
;Z:7.41
;HEIGHT:0.200001
;BEFORE_LAYER_CHANGE
G92 E0
;11.6


G1 E-3.5 F3600
;WIPE_START
G1 F7200
G1 X113.381 Y130.323 E-1.5
;WIPE_END
G1 Z7.41 F9000
;AFTER_LAYER_CHANGE
;11.6
G1 X115.5 Y120.223
G1 E5 F2400
;TYPE:Perimeter
;WIDTH:0.439999
G1 F900
G1 X115.106 Y120.224 E.01301
G1 X114.518 Y120.12 E.01972
G1 X113.986 Y119.995 E.01804
G1 X113.219 Y119.655 E.0277
G1 X112.724 Y119.321 E.01972
G1 X112.289 Y118.991 E.01803
G1 X111.815 Y118.477 E.02309
G1 X111.432 Y117.937 E.02186
G1 X111.185 Y117.421 E.01889
G1 X110.974 Y116.917 E.01804
G1 X110.798 Y116.096 E.02772
G1 X110.776 Y115.5 E.01969
G1 X110.782 Y115.004 E.01638
G1 X110.962 Y114.132 E.0294
G1 X111.185 Y113.579 E.01969
G1 X111.418 Y113.084 E.01806
G1 X111.91 Y112.405 E.02769
G1 X112.339 Y111.99 E.01971
G1 X112.753 Y111.633 E.01805
G1 X113.48 Y111.212 E.02774
G1 X114.04 Y111.008 E.01968
G1 X114.564 Y110.85 E.01807
G1 X115.398 Y110.761 E.02769
G1 X115.994 Y110.802 E.01972
G1 X116.536 Y110.871 E.01804
G1 X117.335 Y111.129 E.02772
G1 X117.862 Y111.409 E.0197
G1 X118.329 Y111.693 E.01805
G1 X118.954 Y112.254 E.02773
G1 X119.321 Y112.724 E.01969
G1 X119.633 Y113.173 E.01805
G1 X119.976 Y113.939 E.02771
G1 X120.12 Y114.518 E.0197
G1 X120.222 Y115.055 E.01805
G1 X120.224 Y115.894 E.0277
G1 X120.12 Y116.482 E.01972
G1 X119.995 Y117.014 E.01804
G1 X119.655 Y117.781 E.0277
G1 X119.321 Y118.276 E.01972
G1 X118.991 Y118.711 E.01803
G1 X118.367 Y119.274 E.02775
G1 X117.847 Y119.612 E.02048
G1 X117.052 Y119.98 E.02892
G1 X116.482 Y120.12 E.01938
G1 X115.945 Y120.222 E.01805
G1 X115.56 Y120.223 E.01271
G1 X115.5 Y119.826 F9000
G1 F900
G1 X115.106 Y119.826 E.01301
G1 X114.6 Y119.732 E.01699
G1 X114.1 Y119.613 E.01697
G1 X113.38 Y119.292 E.02603
G1 X112.553 Y118.692 E.03373
G1 X112.108 Y118.208 E.02171
G1 X111.76 Y117.712 E.02001
G1 X111.387 Y116.9 E.0295
G1 X111.268 Y116.4 E.01697
G1 X111.174 Y115.894 E.01699
G1 X111.174 Y115.106 E.02602
G1 X111.35 Y114.215 E.02999
G1 X111.548 Y113.74 E.01699
G1 X111.768 Y113.276 E.01695
G1 X112.232 Y112.638 E.02605
G1 X112.605 Y112.285 E.01696
G1 X112.995 Y111.95 E.01698
G1 X113.678 Y111.556 E.02603
G1 X114.163 Y111.385 E.01698
G1 X114.656 Y111.238 E.01699
G1 X115.44 Y111.156 E.02603
G1 X115.952 Y111.197 E.01696
G1 X116.462 Y111.263 E.01698
G1 X117.212 Y111.507 E.02604
G1 X117.663 Y111.753 E.01696
G1 X118.102 Y112.021 E.01698
G1 X118.688 Y112.549 E.02604
G1 X119 Y112.957 E.01696
G1 X119.292 Y113.38 E.01697
G1 X119.613 Y114.1 E.02603
G1 X119.732 Y114.601 E.017
G1 X119.826 Y115.106 E.01696
G1 X119.826 Y115.894 E.02602
G1 X119.732 Y116.4 E.01699
G1 X119.613 Y116.9 E.01697
G1 X119.292 Y117.62 E.02603
G1 X119 Y118.043 E.01697
G1 X118.688 Y118.451 E.01696
G1 X118.102 Y118.979 E.02604
G1 X117.64 Y119.274 E.0181
G1 X116.894 Y119.615 E.02708
G1 X115.894 Y119.826 E.03374
G1 X115.56 Y119.826 E.01103
G1 X115.5 Y119.437 F9000
;TYPE:External perimeter
;WIDTH:0.419999
G1 F900
G1 X115.106 Y119.439 E.01235
G1 X114.295 Y119.271 E.02597
G1 X113.538 Y118.938 E.02593
G1 X112.866 Y118.455 E.02595
G1 X112.393 Y117.946 E.02179
G1 X112.079 Y117.493 E.01728
G1 X111.741 Y116.742 E.02582
G1 X111.565 Y115.933 E.02596
G1 X111.561 Y115.106 E.02593
G1 X111.729 Y114.295 E.02597
G1 X112.062 Y113.538 E.02593
G1 X112.545 Y112.866 E.02595
G1 X113.157 Y112.309 E.02595
G1 X113.872 Y111.891 E.02597
G1 X114.658 Y111.632 E.02595
G1 X115.48 Y111.541 E.02593
G1 X116.304 Y111.623 E.02596
G1 X117.092 Y111.875 E.02594
G1 X117.811 Y112.286 E.02597
G1 X118.429 Y112.836 E.02594
G1 X118.919 Y113.503 E.02595
G1 X119.259 Y114.258 E.02596
G1 X119.435 Y115.066 E.02593
G1 X119.439 Y115.894 E.02596
G1 X119.271 Y116.705 E.02597
G1 X118.938 Y117.462 E.02593
G1 X118.455 Y118.134 E.02595
G1 X117.843 Y118.691 E.02595
G1 X117.367 Y118.986 E.01756
G1 X116.74 Y119.26 E.02145
G1 X115.933 Y119.435 E.02589
G1 X115.56 Y119.437 E.0117
G1 E-3.5 F3600
;WIPE_START
G1 F7200
G1 X115.5 Y119.437 E-.0285
G1 X115.106 Y119.439 E-.18715
G1 X114.295 Y119.271 E-.3934
G1 X113.538 Y118.938 E-.39283
G1 X112.866 Y118.455 E-.3931
G1 X112.715 Y118.293 E-.10502
;WIPE_END
G1 X115.694 Y121.991 F9000
G1 E5 F2400
;TYPE:Perimeter
;WIDTH:0.439999
G1 F900
G1 X115.453 Y122.002 E.00797
G1 X114.679 Y121.946 E.02562
G1 X114.103 Y121.85 E.01928
G1 X113.356 Y121.635 E.02567
G1 X112.813 Y121.421 E.01927
G1 X112.128 Y121.055 E.02564
G1 X111.641 Y120.733 E.01928
G1 X110.992 Y120.178 E.02819
G1 X110.637 Y119.816 E.01674
G1 X110.213 Y119.284 E.02246
G1 X109.802 Y118.625 E.02564
G1 X109.541 Y118.102 E.0193
G1 X109.277 Y117.372 E.02563
G1 X109.13 Y116.806 E.01931
G1 X109.024 Y116.037 E.02563
G1 X108.998 Y115.453 E.0193
G1 X109.054 Y114.679 E.02562
G1 X109.15 Y114.103 E.01928
G1 X109.365 Y113.356 E.02567
G1 X109.579 Y112.813 E.01927
G1 X109.945 Y112.128 E.02564
G1 X110.267 Y111.641 E.01928
G1 X110.767 Y111.047 E.02564
G1 X111.184 Y110.637 E.01931
G1 X111.797 Y110.16 E.02565
G1 X112.289 Y109.846 E.01927
G1 X112.988 Y109.507 E.02565
G1 X113.535 Y109.302 E.01929
G1 X114.289 Y109.115 E.02565
G1 X114.867 Y109.029 E.01929
G1 X115.643 Y109.003 E.02564
G1 X116.226 Y109.038 E.01928
G1 X116.991 Y109.175 E.02566
G1 X117.554 Y109.331 E.01929
G1 X118.273 Y109.623 E.02562
G1 X118.791 Y109.892 E.01927
G1 X119.434 Y110.328 E.02565
G1 X119.885 Y110.699 E.01928
G1 X120.424 Y111.259 E.02566
G1 X120.788 Y111.716 E.01929
G1 X121.198 Y112.375 E.02563
G1 X121.459 Y112.898 E.0193
G1 X121.723 Y113.628 E.02563
G1 X121.87 Y114.194 E.01931
G1 X121.976 Y114.963 E.02563
G1 X122.002 Y115.547 E.0193
G1 X121.946 Y116.321 E.02562
G1 X121.85 Y116.897 E.01928
G1 X121.635 Y117.644 E.02567
G1 X121.421 Y118.187 E.01927
G1 X121.055 Y118.872 E.02564
G1 X120.733 Y119.359 E.01928
G1 X120.233 Y119.953 E.02564
G1 X119.816 Y120.363 E.01931
G1 X119.162 Y120.867 E.02726
G1 X118.638 Y121.191 E.02034
G1 X118.102 Y121.459 E.01979
G1 X117.372 Y121.723 E.02563
G1 X116.806 Y121.87 E.01931
G1 X116.037 Y121.976 E.02563
G1 X115.754 Y121.989 E.00935
G1 X115.775 Y122.388 F9000
G1 F900
G1 X115.5 Y122.402 E.00909
G1 X114.779 Y122.364 E.02384
G1 X114.065 Y122.251 E.02387
G1 X113.367 Y122.064 E.02386
G1 X112.693 Y121.805 E.02384
G1 X112.049 Y121.477 E.02386
G1 X111.443 Y121.084 E.02385
G1 X110.882 Y120.629 E.02385
G1 X110.371 Y120.118 E.02386
G1 X109.916 Y119.557 E.02385
G1 X109.523 Y118.951 E.02385
G1 X109.195 Y118.307 E.02386
G1 X108.936 Y117.633 E.02384
G1 X108.749 Y116.935 E.02386
G1 X108.636 Y116.221 E.02387
G1 X108.598 Y115.5 E.02384
G1 X108.636 Y114.779 E.02384
G1 X108.749 Y114.065 E.02387
G1 X108.936 Y113.367 E.02386
G1 X109.195 Y112.693 E.02384
G1 X109.523 Y112.049 E.02386
G1 X109.916 Y111.443 E.02385
G1 X110.371 Y110.882 E.02385
G1 X110.882 Y110.371 E.02386
G1 X111.443 Y109.916 E.02385
G1 X112.049 Y109.523 E.02385
G1 X112.693 Y109.195 E.02386
G1 X113.367 Y108.936 E.02384
G1 X114.065 Y108.749 E.02386
G1 X114.779 Y108.636 E.02387
G1 X115.5 Y108.598 E.02384
G1 X116.221 Y108.636 E.02384
G1 X116.935 Y108.749 E.02387
G1 X117.633 Y108.936 E.02386
G1 X118.307 Y109.195 E.02384
G1 X118.951 Y109.523 E.02386
G1 X119.557 Y109.916 E.02385
G1 X120.118 Y110.371 E.02385
G1 X120.629 Y110.882 E.02386
G1 X121.084 Y111.443 E.02385
G1 X121.477 Y112.049 E.02385
G1 X121.805 Y112.693 E.02386
G1 X122.064 Y113.367 E.02384
G1 X122.234 Y114 E.02164
G1 X122.323 Y114.521 E.01745
G1 X122.378 Y115.039 E.0172
G1 X122.399 Y115.567 E.01745
G1 X122.364 Y116.221 E.02162
G1 X122.251 Y116.935 E.02387
G1 X122.064 Y117.633 E.02386
G1 X121.805 Y118.307 E.02384
G1 X121.477 Y118.951 E.02386
G1 X121.084 Y119.557 E.02385
G1 X120.629 Y120.118 E.02385
G1 X120.118 Y120.629 E.02386
G1 X119.557 Y121.084 E.02385
G1 X118.951 Y121.477 E.02385
G1 X118.307 Y121.805 E.02386
G1 X117.633 Y122.064 E.02384
G1 X116.935 Y122.251 E.02386
G1 X116.221 Y122.364 E.02387
G1 X115.835 Y122.385 E.01276
G1 X115.855 Y122.771 F9000
;TYPE:External perimeter
;WIDTH:0.419999
G1 F900
G1 X115.5 Y122.79 E.01115
G1 X114.738 Y122.75 E.02392
G1 X113.984 Y122.63 E.02394
G1 X113.247 Y122.433 E.02392
G1 X112.535 Y122.159 E.02392
G1 X111.855 Y121.813 E.02392
G1 X111.215 Y121.398 E.02392
G1 X110.622 Y120.917 E.02394
G1 X110.083 Y120.378 E.0239
G1 X109.602 Y119.785 E.02394
G1 X109.187 Y119.145 E.02392
G1 X108.841 Y118.465 E.02392
G1 X108.567 Y117.753 E.02392
G1 X108.37 Y117.016 E.02392
G1 X108.25 Y116.262 E.02394
G1 X108.21 Y115.5 E.02392
G1 X108.25 Y114.738 E.02392
G1 X108.37 Y113.984 E.02394
G1 X108.567 Y113.247 E.02392
G1 X108.841 Y112.535 E.02392
G1 X109.187 Y111.855 E.02392
G1 X109.602 Y111.215 E.02392
G1 X110.083 Y110.622 E.02394
G1 X110.622 Y110.083 E.0239
G1 X111.215 Y109.602 E.02394
G1 X111.855 Y109.187 E.02392
G1 X112.535 Y108.841 E.02392
G1 X113.247 Y108.567 E.02392
G1 X113.984 Y108.37 E.02392
G1 X114.738 Y108.25 E.02394
G1 X115.5 Y108.21 E.02392
G1 X116.262 Y108.25 E.02392
G1 X117.016 Y108.37 E.02394
G1 X117.753 Y108.567 E.02392
G1 X118.465 Y108.841 E.02392
G1 X119.145 Y109.187 E.02392
G1 X119.785 Y109.602 E.02392
G1 X120.378 Y110.083 E.02394
G1 X120.917 Y110.622 E.0239
G1 X121.398 Y111.215 E.02394
G1 X121.813 Y111.855 E.02392
G1 X122.159 Y112.535 E.02392
G1 X122.433 Y113.247 E.02392
G1 X122.608 Y113.9 E.0212
G1 X122.706 Y114.46 E.01783
G1 X122.764 Y115.019 E.01762
G1 X122.785 Y115.588 E.01785
G1 X122.75 Y116.262 E.02116
G1 X122.63 Y117.016 E.02394
G1 X122.433 Y117.753 E.02392
G1 X122.159 Y118.465 E.02392
G1 X121.813 Y119.145 E.02392
G1 X121.398 Y119.785 E.02392
G1 X120.917 Y120.378 E.02394
G1 X120.378 Y120.917 E.0239
G1 X119.785 Y121.398 E.02394
G1 X119.145 Y121.813 E.02392
G1 X118.465 Y122.159 E.02392
G1 X117.753 Y122.433 E.02392
G1 X117.016 Y122.63 E.02392
G1 X116.262 Y122.75 E.02394
G1 X115.915 Y122.768 E.01089
G1 E-3.5 F3600
;WIPE_START
G1 F7200
G1 X115.855 Y122.771 E-.02854
G1 X115.5 Y122.79 E-.16887
G1 X114.738 Y122.75 E-.36245
G1 X113.984 Y122.63 E-.36266
G1 X113.247 Y122.433 E-.36237
G1 X112.824 Y122.271 E-.21511
;WIPE_END
G1 X117.917 Y121.202 F9000
G1 E5 F2400
;TYPE:Internal infill
;WIDTH:0.44
G1 F900
G1 X118.599 Y120.868 E.02507
G1 X119.143 Y120.515 E.02141
G1 X119.877 Y119.877 E.03211
G1 X119.054 Y119.054 E.03843
G1 X119.294 Y118.832 E.01079
G1 X119.874 Y118.025 E.03281
G1 X120.303 Y117.061 E.03484
G1 X120.505 Y116.11 E.0321
G1 X121.669 Y114.946 E.05435
G1 X121.669 Y116.054 E.03658
G1 X120.509 Y114.893 E.05419
G1 X120.303 Y113.939 E.03222
G1 X119.874 Y112.975 E.03484
G1 X119.668 Y112.691 E.01158
G1 E-3.5 F3600
;WIPE_START
G1 F7200
G1 X119.874 Y112.975 E-.16665
G1 X120.303 Y113.939 E-.5012
G1 X120.509 Y114.893 E-.46359
G1 X121.058 Y115.442 E-.36856
;WIPE_END
G1 X117.917 Y109.798 F9000
G1 E5 F2400
G1 F900
G1 X118.599 Y110.132 E.02507
G1 X119.143 Y110.485 E.02141
G1 X119.877 Y111.123 E.03211
G1 X119.058 Y111.942 E.03824
G1 X118.361 Y111.344 E.03032
G1 X117.668 Y110.945 E.0264
G1 X116.55 Y110.56 E.03904
G1 X116.128 Y110.513 E.01402
G1 X114.947 Y109.331 E.05517
G1 X115.535 Y109.304 E.01943
G1 X116.054 Y109.331 E.01716
G1 X114.871 Y110.514 E.05524
G1 X114.45 Y110.56 E.01398
G1 X113.446 Y110.886 E.03485
G1 X112.531 Y111.414 E.03488
G1 X111.943 Y111.943 E.02611
G1 X111.123 Y111.123 E.03829
G1 X111.857 Y110.485 E.03211
G1 X112.401 Y110.132 E.02141
G1 X113.083 Y109.798 E.02507
G1 E-3.5 F3600
;WIPE_START
G1 F7200
G1 X112.401 Y110.132 E-.36071
G1 X111.857 Y110.485 E-.30803
G1 X111.123 Y111.123 E-.46195
G1 X111.673 Y111.673 E-.36931
;WIPE_END
G1 X111.335 Y112.688 F9000
G1 E5 F2400
G1 F900
G1 X111.126 Y112.975 E.01172
G1 X110.697 Y113.939 E.03484
G1 X110.495 Y114.89 E.0321
G1 X109.331 Y116.054 E.05435
G1 X109.302 Y115.5 E.01832
G1 X109.331 Y114.946 E.01832
G1 X110.491 Y116.107 E.05419
G1 X110.697 Y117.061 E.03222
G1 X111.096 Y117.97 E.03278
G1 X111.328 Y118.313 E.01367
G1 X109.798 Y117.917 F9000
G1 F900
G1 X110.132 Y118.599 E.02507
G1 X110.485 Y119.143 E.02141
G1 X111.123 Y119.877 E.03211
G1 X111.944 Y119.056 E.03834
G1 X112.168 Y119.294 E.01079
G1 X112.975 Y119.874 E.03281
G1 X113.939 Y120.303 E.03484
G1 X114.89 Y120.505 E.0321
G1 X116.054 Y121.669 E.05435
G1 X114.946 Y121.669 E.03658
G1 X116.107 Y120.509 E.05419
G1 X117.06 Y120.303 E.03219
G1 X117.85 Y119.965 E.02837
G1 X118.315 Y119.675 E.01809
;LAYER_CHANGE
;Z:7.61
;HEIGHT:0.2
;BEFORE_LAYER_CHANGE
G92 E0
;12


G1 E-3.5 F3600
;WIPE_START
G1 F7200
G1 X110.332 Y118.599 E-.42772
G1 X110.685 Y119.143 E-.30803
G1 X111.223 Y119.777 E-.39496
G1 X111.773 Y119.227 E-.36929
;WIPE_END
G1 Z7.61 F9000
;AFTER_LAYER_CHANGE
;12
G1 X111.177 Y117.424
G1 E5 F2400
;TYPE:Perimeter
;WIDTH:0.439999
G1 F900
G1 X111.008 Y116.96 E.0163
G1 X110.85 Y116.436 E.01807
G1 X110.761 Y115.602 E.02769
G1 X110.794 Y114.983 E.02047
G1 X110.964 Y114.122 E.02898
G1 X111.185 Y113.579 E.01936
G1 X111.418 Y113.084 E.01806
G1 X111.91 Y112.405 E.02769
G1 X112.339 Y111.99 E.01971
G1 X112.753 Y111.633 E.01805
G1 X113.48 Y111.212 E.02774
G1 X114.04 Y111.008 E.01968
G1 X114.564 Y110.85 E.01807
G1 X115.253 Y110.769 E.02291
G1 X115.919 Y110.777 E.02199
G1 X116.482 Y110.88 E.0189
G1 X117.014 Y111.005 E.01804
G1 X117.781 Y111.345 E.0277
G1 X118.276 Y111.679 E.01972
G1 X118.711 Y112.009 E.01803
G1 X119.274 Y112.632 E.02772
G1 X119.591 Y113.138 E.01971
G1 X119.854 Y113.617 E.01804
G1 X120.114 Y114.415 E.02771
G1 X120.194 Y114.97 E.01851
G1 X120.244 Y115.503 E.01768
G1 X120.156 Y116.386 E.0293
G1 X119.992 Y116.96 E.01971
G1 X119.814 Y117.471 E.01787
G1 X119.394 Y118.203 E.02786
G1 X119.01 Y118.661 E.01973
G1 X118.636 Y119.059 E.01803
G1 X117.957 Y119.553 E.02772
G1 X117.421 Y119.815 E.0197
G1 X116.917 Y120.027 E.01805
G1 X116.096 Y120.202 E.02772
G1 X115.5 Y120.224 E.01969
G1 X114.954 Y120.212 E.01803
G1 X114.132 Y120.038 E.02774
G1 X113.579 Y119.815 E.01969
G1 X113.084 Y119.582 E.01806
G1 X112.405 Y119.09 E.02769
G1 X111.99 Y118.661 E.01971
G1 X111.633 Y118.247 E.01805
G1 X111.212 Y117.52 E.02774
G1 X111.198 Y117.481 E.00137
G1 X111.536 Y117.265 F9000
G1 F900
G1 X111.507 Y117.212 E.00199
G1 X111.263 Y116.462 E.02604
G1 X111.155 Y115.454 E.03347
G1 X111.196 Y114.927 E.01745
G1 X111.351 Y114.209 E.02425
G1 X111.768 Y113.276 E.03374
G1 X112.232 Y112.638 E.02605
G1 X112.605 Y112.285 E.01696
G1 X112.995 Y111.95 E.01698
G1 X113.678 Y111.556 E.02603
G1 X114.538 Y111.263 E.03
G1 X115.059 Y111.192 E.01736
G1 X115.485 Y111.163 E.0141
G1 X116.014 Y111.186 E.01748
G1 X116.785 Y111.35 E.02603
G1 X117.26 Y111.548 E.01699
G1 X117.724 Y111.768 E.01695
G1 X118.362 Y112.232 E.02605
G1 X118.715 Y112.605 E.01696
G1 X119.05 Y112.995 E.01698
G1 X119.444 Y113.678 E.02603
G1 X119.615 Y114.163 E.01698
G1 X119.762 Y114.656 E.01699
G1 X119.844 Y115.44 E.02603
G1 X119.803 Y115.952 E.01696
G1 X119.737 Y116.462 E.01698
G1 X119.493 Y117.212 E.02604
G1 X119.244 Y117.668 E.01715
G1 X118.979 Y118.102 E.01679
G1 X118.451 Y118.688 E.02604
G1 X118.043 Y119 E.01696
G1 X117.62 Y119.292 E.01697
G1 X116.899 Y119.613 E.02606
G1 X116.4 Y119.732 E.01694
G1 X115.894 Y119.826 E.01699
G1 X115.106 Y119.826 E.02602
G1 X114.603 Y119.732 E.0169
G1 X114.1 Y119.613 E.01707
G1 X113.38 Y119.292 E.02603
G1 X112.957 Y119 E.01697
G1 X112.549 Y118.688 E.01696
G1 X112.021 Y118.102 E.02604
G1 X111.753 Y117.663 E.01698
G1 X111.565 Y117.318 E.01297
G1 X111.885 Y117.109 F9000
;TYPE:External perimeter
;WIDTH:0.419999
G1 F900
G1 X111.632 Y116.342 E.02532
G1 X111.541 Y115.52 E.02593
G1 X111.582 Y114.958 E.01767
G1 X111.729 Y114.293 E.02135
G1 X112.062 Y113.538 E.02587
G1 X112.545 Y112.866 E.02595
G1 X113.157 Y112.309 E.02595
G1 X113.872 Y111.891 E.02597
G1 X114.658 Y111.632 E.02595
G1 X115.344 Y111.548 E.02167
G1 X115.899 Y111.561 E.01741
G1 X116.705 Y111.729 E.02581
G1 X117.462 Y112.062 E.02593
G1 X118.134 Y112.545 E.02595
G1 X118.691 Y113.157 E.02595
G1 X119.109 Y113.872 E.02597
G1 X119.368 Y114.658 E.02595
G1 X119.459 Y115.48 E.02593
G1 X119.377 Y116.304 E.02596
G1 X119.125 Y117.092 E.02594
G1 X118.714 Y117.811 E.02597
G1 X118.164 Y118.429 E.02594
G1 X117.497 Y118.919 E.02595
G1 X116.742 Y119.259 E.02596
G1 X115.933 Y119.435 E.02596
G1 X115.106 Y119.439 E.02593
G1 X114.295 Y119.271 E.02597
G1 X113.538 Y118.938 E.02593
G1 X112.866 Y118.455 E.02595
G1 X112.309 Y117.843 E.02595
G1 X111.912 Y117.163 E.02469
G1 E-3.5 F3600
;WIPE_START
G1 F7200
G1 X111.885 Y117.109 E-.02868
G1 X111.632 Y116.342 E-.38363
G1 X111.541 Y115.52 E-.39284
G1 X111.582 Y114.958 E-.26766
G1 X111.729 Y114.293 E-.3235
G1 X111.817 Y114.093 E-.10369
;WIPE_END
G1 X109.653 Y118.314 F9000
G1 E5 F2400
;TYPE:Perimeter
;WIDTH:0.439999
G1 F900
G1 X109.507 Y118.012 E.01108
G1 X109.302 Y117.465 E.01929
G1 X109.115 Y116.711 E.02565
G1 X109.029 Y116.133 E.01929
G1 X109.006 Y115.308 E.02725
G1 X109.052 Y114.689 E.02049
G1 X109.15 Y114.103 E.01962
G1 X109.365 Y113.356 E.02567
G1 X109.579 Y112.813 E.01927
G1 X109.945 Y112.128 E.02564
G1 X110.267 Y111.641 E.01928
G1 X110.767 Y111.047 E.02564
G1 X111.184 Y110.637 E.01931
G1 X111.797 Y110.16 E.02565
G1 X112.289 Y109.846 E.01927
G1 X112.988 Y109.507 E.02565
G1 X113.535 Y109.302 E.01929
G1 X114.365 Y109.103 E.02818
G1 X114.866 Y109.029 E.01672
G1 X115.565 Y108.999 E.0231
G1 X116.321 Y109.053 E.02502
G1 X116.897 Y109.15 E.01929
G1 X117.644 Y109.365 E.02567
G1 X118.187 Y109.579 E.01927
G1 X118.872 Y109.945 E.02564
G1 X119.359 Y110.267 E.01928
G1 X119.953 Y110.767 E.02564
G1 X120.363 Y111.184 E.01931
G1 X120.84 Y111.797 E.02565
G1 X121.154 Y112.289 E.01927
G1 X121.493 Y112.988 E.02565
G1 X121.698 Y113.535 E.01929
G1 X121.885 Y114.289 E.02565
G1 X121.965 Y114.826 E.01793
G1 X121.997 Y115.643 E.027
G1 X121.962 Y116.226 E.01928
G1 X121.825 Y116.991 E.02566
G1 X121.669 Y117.554 E.01929
G1 X121.381 Y118.259 E.02514
G1 X121.105 Y118.796 E.01994
G1 X120.672 Y119.434 E.02546
G1 X120.301 Y119.885 E.01928
G1 X119.741 Y120.424 E.02566
G1 X119.284 Y120.788 E.01929
G1 X118.625 Y121.198 E.02563
G1 X118.102 Y121.459 E.0193
G1 X117.372 Y121.723 E.02563
G1 X116.806 Y121.87 E.01931
G1 X116.037 Y121.976 E.02563
G1 X115.453 Y122.002 E.0193
G1 X114.679 Y121.946 E.02562
G1 X114.103 Y121.85 E.01928
G1 X113.356 Y121.635 E.02567
G1 X112.813 Y121.421 E.01927
G1 X112.128 Y121.055 E.02564
G1 X111.641 Y120.733 E.01928
G1 X111.047 Y120.233 E.02564
G1 X110.637 Y119.816 E.01931
G1 X110.16 Y119.203 E.02565
G1 X109.846 Y118.711 E.01927
G1 X109.679 Y118.368 E.0126
G1 X109.319 Y118.551 F9000
G1 F900
G1 X109.195 Y118.307 E.00904
G1 X108.936 Y117.633 E.02384
G1 X108.749 Y116.935 E.02386
G1 X108.636 Y116.221 E.02387
G1 X108.598 Y115.5 E.02384
G1 X108.636 Y114.779 E.02384
G1 X108.749 Y114.065 E.02387
G1 X108.936 Y113.367 E.02386
G1 X109.195 Y112.693 E.02384
G1 X109.523 Y112.049 E.02386
G1 X109.916 Y111.443 E.02385
G1 X110.371 Y110.882 E.02385
G1 X110.882 Y110.371 E.02386
G1 X111.443 Y109.916 E.02385
G1 X112.049 Y109.523 E.02385
G1 X112.693 Y109.195 E.02386
G1 X113.367 Y108.936 E.02384
G1 X114.065 Y108.749 E.02386
G1 X114.778 Y108.636 E.02384
G1 X115.52 Y108.599 E.02453
G1 X116.221 Y108.636 E.02318
G1 X116.935 Y108.749 E.02387
G1 X117.633 Y108.936 E.02386
G1 X118.307 Y109.195 E.02384
G1 X118.951 Y109.523 E.02386
G1 X119.557 Y109.916 E.02385
G1 X120.118 Y110.371 E.02385
G1 X120.629 Y110.882 E.02386
G1 X121.084 Y111.443 E.02385
G1 X121.441 Y111.992 E.02162
G1 X121.687 Y112.46 E.01746
G1 X121.899 Y112.936 E.0172
G1 X122.082 Y113.432 E.01746
G1 X122.277 Y114.227 E.02703
G1 X122.362 Y114.803 E.01922
G1 X122.398 Y115.572 E.02542
G1 X122.364 Y116.221 E.02146
G1 X122.251 Y116.935 E.02387
G1 X122.064 Y117.633 E.02386
G1 X121.82 Y118.27 E.02252
G1 X121.477 Y118.952 E.02521
G1 X121.084 Y119.557 E.02382
G1 X120.629 Y120.118 E.02385
G1 X120.118 Y120.629 E.02386
G1 X119.557 Y121.084 E.02385
G1 X118.951 Y121.477 E.02385
G1 X118.307 Y121.805 E.02386
G1 X117.633 Y122.064 E.02384
G1 X116.935 Y122.251 E.02386
G1 X116.221 Y122.364 E.02387
G1 X115.5 Y122.402 E.02384
G1 X114.779 Y122.364 E.02384
G1 X114.066 Y122.251 E.02384
G1 X113.348 Y122.057 E.02456
G1 X112.693 Y121.805 E.02317
G1 X112.049 Y121.477 E.02386
G1 X111.443 Y121.084 E.02385
G1 X110.882 Y120.629 E.02385
G1 X110.371 Y120.118 E.02386
G1 X109.916 Y119.557 E.02385
G1 X109.523 Y118.951 E.02385
G1 X109.346 Y118.605 E.01283
G1 X109.001 Y118.78 F9000
;TYPE:External perimeter
;WIDTH:0.419999
G1 F900
G1 X108.841 Y118.465 E.01108
G1 X108.567 Y117.753 E.02392
G1 X108.37 Y117.016 E.02392
G1 X108.25 Y116.262 E.02394
G1 X108.21 Y115.5 E.02392
G1 X108.25 Y114.738 E.02392
G1 X108.37 Y113.984 E.02394
G1 X108.567 Y113.247 E.02392
G1 X108.841 Y112.535 E.02392
G1 X109.187 Y111.855 E.02392
G1 X109.602 Y111.215 E.02392
G1 X110.083 Y110.622 E.02394
G1 X110.622 Y110.083 E.0239
G1 X111.215 Y109.602 E.02394
G1 X111.855 Y109.187 E.02392
G1 X112.535 Y108.841 E.02392
G1 X113.247 Y108.567 E.02392
G1 X113.984 Y108.37 E.02392
G1 X114.738 Y108.25 E.02394
G1 X115.521 Y108.211 E.02458
G1 X116.262 Y108.25 E.02327
G1 X117.016 Y108.37 E.02394
G1 X117.753 Y108.567 E.02392
G1 X118.465 Y108.841 E.02392
G1 X119.145 Y109.187 E.02392
G1 X119.785 Y109.602 E.02392
G1 X120.378 Y110.083 E.02394
G1 X120.917 Y110.622 E.0239
G1 X121.398 Y111.215 E.02394
G1 X121.813 Y111.855 E.02392
G1 X122.159 Y112.535 E.02392
G1 X122.401 Y113.165 E.02116
G1 X122.558 Y113.713 E.01787
G1 X122.674 Y114.262 E.01759
G1 X122.748 Y114.78 E.01641
G1 X122.785 Y115.592 E.02549
G1 X122.75 Y116.262 E.02104
G1 X122.63 Y117.016 E.02394
G1 X122.433 Y117.753 E.02392
G1 X122.174 Y118.426 E.02261
G1 X121.813 Y119.145 E.02523
G1 X121.398 Y119.785 E.02392
G1 X120.917 Y120.378 E.02394
G1 X120.378 Y120.917 E.0239
G1 X119.785 Y121.398 E.02394
G1 X119.145 Y121.813 E.02392
G1 X118.465 Y122.159 E.02392
G1 X117.753 Y122.433 E.02392
G1 X117.016 Y122.63 E.02392
G1 X116.262 Y122.75 E.02394
G1 X115.5 Y122.79 E.02392
G1 X114.738 Y122.75 E.02392
G1 X113.985 Y122.63 E.02391
G1 X113.228 Y122.426 E.02458
G1 X112.535 Y122.159 E.02329
G1 X111.855 Y121.813 E.02392
G1 X111.215 Y121.398 E.02392
G1 X110.622 Y120.917 E.02394
G1 X110.083 Y120.378 E.0239
G1 X109.602 Y119.785 E.02394
G1 X109.187 Y119.145 E.02392
G1 X109.028 Y118.834 E.01095
G1 X109.798 Y117.917 F9000
;TYPE:Internal infill
;WIDTH:0.44
G1 F900
G1 X110.132 Y118.599 E.02507
G1 X110.485 Y119.143 E.02141
G1 X111.123 Y119.877 E.03211
G1 X111.943 Y119.057 E.03829
G1 X111.414 Y118.469 E.02611
G1 X110.886 Y117.554 E.03488
G1 X110.56 Y116.55 E.03485
G1 X110.514 Y116.129 E.01398
G1 X109.331 Y114.946 E.05524
G1 X109.331 Y116.054 E.03658
G1 X110.499 Y114.885 E.05456
G1 X110.718 Y113.88 E.03396
G1 X111.126 Y112.975 E.03278
G1 X111.335 Y112.683 E.01186
G1 E-3.5 F3600
;WIPE_START
G1 F7200
G1 X111.126 Y112.975 E-.17057
G1 X110.718 Y113.88 E-.47154
G1 X110.499 Y114.885 E-.48858
G1 X109.949 Y115.435 E-.36931
;WIPE_END
G1 X113.083 Y109.798 F9000
G1 E5 F2400
G1 F900
G1 X112.401 Y110.132 E.02507
G1 X111.857 Y110.485 E.02141
G1 X111.123 Y111.123 E.03211
G1 X111.941 Y111.941 E.0382
G1 X112.532 Y111.414 E.02614
G1 X113.446 Y110.886 E.03485
G1 X114.449 Y110.56 E.03482
G1 X114.875 Y110.509 E.01417
G1 X116.054 Y109.331 E.05503
G1 X114.947 Y109.332 E.03655
G1 X116.104 Y110.488 E.054
G1 X117.119 Y110.717 E.03435
G1 X118.025 Y111.126 E.03282
G1 X118.307 Y111.331 E.01151
G1 E-3.5 F3600
;WIPE_START
G1 F7200
G1 X118.025 Y111.126 E-.1656
G1 X117.119 Y110.717 E-.47217
G1 X116.104 Y110.488 E-.49424
G1 X115.556 Y109.94 E-.36799
;WIPE_END
G1 X121.202 Y113.083 F9000
G1 E5 F2400
G1 F900
G1 X120.868 Y112.401 E.02507
G1 X120.515 Y111.857 E.02141
G1 X119.877 Y111.123 E.03211
G1 X119.057 Y111.943 E.03829
G1 X119.586 Y112.531 E.02611
G1 X120.114 Y113.446 E.03488
G1 X120.44 Y114.45 E.03485
G1 X120.487 Y114.871 E.01399
G1 X121.669 Y116.054 E.05522
G1 X121.666 Y114.949 E.03648
G1 X120.487 Y116.128 E.05505
G1 X120.44 Y116.55 E.01402
G1 X120.055 Y117.668 E.03904
G1 X119.656 Y118.361 E.0264
G1 X119.058 Y119.058 E.03032
G1 X119.877 Y119.877 E.03824
G1 X119.143 Y120.515 E.03211
G1 X118.599 Y120.868 E.02141
G1 X117.917 Y121.202 E.02507
G1 X118.309 Y119.668 F9000
G1 F900
G1 X118.025 Y119.874 E.01158
G1 X117.061 Y120.303 E.03484
G1 X116.107 Y120.509 E.03222
G1 X114.946 Y121.669 E.05419
G1 X115.5 Y121.698 E.01832
G1 X116.054 Y121.669 E.01832
G1 X114.89 Y120.505 E.05435
G1 X113.928 Y120.3 E.03248
G1 X112.975 Y119.874 E.03447
G1 X112.688 Y119.665 E.01172
;LAYER_CHANGE
;Z:7.81
;HEIGHT:0.2
;BEFORE_LAYER_CHANGE
G92 E0
;12.4


G1 E-3.5 F3600
;WIPE_START
G1 F7200
G1 X110.132 Y118.599 E-.36071
G1 X110.485 Y119.143 E-.30803
G1 X111.123 Y119.877 E-.46195
G1 X111.673 Y119.327 E-.36931
;WIPE_END
G1 Z7.81 F9000
;AFTER_LAYER_CHANGE
;12.4
G1 X111.171 Y117.428
G1 E5 F2400
;TYPE:Perimeter
;WIDTH:0.439999
G1 F900
G1 X111.146 Y117.383 E.0017
G1 X110.886 Y116.585 E.02771
G1 X110.802 Y115.994 E.01971
G1 X110.756 Y115.5 E.01638
G1 X110.794 Y114.983 E.01712
G1 X110.964 Y114.122 E.02898
G1 X111.185 Y113.579 E.01936
G1 X111.418 Y113.084 E.01806
G1 X111.91 Y112.405 E.02769
G1 X112.339 Y111.99 E.01971
G1 X112.753 Y111.633 E.01805
G1 X113.48 Y111.212 E.02774
G1 X114.04 Y111.008 E.01968
G1 X114.564 Y110.85 E.01807
G1 X115.25 Y110.77 E.0228
G1 X115.918 Y110.777 E.02206
G1 X116.482 Y110.88 E.01893
G1 X117.014 Y111.005 E.01804
G1 X117.781 Y111.345 E.0277
G1 X118.276 Y111.679 E.01972
G1 X118.711 Y112.009 E.01803
G1 X119.274 Y112.632 E.02772
G1 X119.591 Y113.138 E.01971
G1 X119.854 Y113.617 E.01804
G1 X120.114 Y114.415 E.02771
G1 X120.198 Y115.006 E.01971
G1 X120.243 Y115.551 E.01806
G1 X120.156 Y116.386 E.02772
G1 X119.992 Y116.96 E.01971
G1 X119.812 Y117.476 E.01804
G1 X119.394 Y118.203 E.02769
G1 X119.01 Y118.661 E.01973
G1 X118.643 Y119.052 E.01771
G1 X117.957 Y119.553 E.02805
G1 X117.421 Y119.815 E.0197
G1 X116.917 Y120.026 E.01804
G1 X116.243 Y120.178 E.02281
G1 X115.578 Y120.241 E.02205
G1 X115.055 Y120.222 E.01728
G1 X113.997 Y119.999 E.0357
G1 X113.219 Y119.655 E.02809
G1 X112.724 Y119.321 E.01972
G1 X112.289 Y118.991 E.01803
G1 X111.726 Y118.368 E.02772
G1 X111.409 Y117.862 E.01971
G1 X111.2 Y117.48 E.01438
G1 X111.536 Y117.265 F9000
G1 F900
G1 X111.385 Y116.837 E.01499
G1 X111.238 Y116.344 E.01699
G1 X111.156 Y115.56 E.02603
G1 X111.197 Y114.924 E.02104
G1 X111.351 Y114.209 E.02415
G1 X111.768 Y113.276 E.03374
G1 X112.232 Y112.638 E.02605
G1 X112.605 Y112.285 E.01696
G1 X112.995 Y111.95 E.01698
G1 X113.678 Y111.556 E.02603
G1 X114.649 Y111.239 E.03372
G1 X115.296 Y111.164 E.02151
G1 X115.908 Y111.174 E.02021
G1 X116.9 Y111.387 E.0335
G1 X117.62 Y111.708 E.02603
G1 X118.043 Y112 E.01697
G1 X118.451 Y112.312 E.01696
G1 X118.979 Y112.898 E.02604
G1 X119.247 Y113.337 E.01698
G1 X119.493 Y113.788 E.01696
G1 X119.737 Y114.538 E.02604
G1 X119.803 Y115.048 E.01698
G1 X119.844 Y115.56 E.01696
G1 X119.762 Y116.344 E.02603
G1 X119.615 Y116.837 E.01699
G1 X119.444 Y117.322 E.01698
G1 X119.05 Y118.005 E.02603
G1 X118.715 Y118.395 E.01698
G1 X118.362 Y118.768 E.01696
G1 X117.724 Y119.232 E.02605
G1 X116.791 Y119.649 E.03374
G1 X116.157 Y119.791 E.02145
G1 X115.546 Y119.845 E.02025
G1 X115.046 Y119.823 E.01652
G1 X114.215 Y119.65 E.02803
G1 X113.74 Y119.452 E.01699
G1 X113.276 Y119.232 E.01695
G1 X112.638 Y118.768 E.02605
G1 X112.285 Y118.395 E.01696
G1 X111.95 Y118.005 E.01698
G1 X111.556 Y117.322 E.02603
G1 X111.885 Y117.109 F9000
;TYPE:External perimeter
;WIDTH:0.419999
G1 F900
G1 X111.632 Y116.342 E.02532
G1 X111.541 Y115.52 E.02593
G1 X111.583 Y114.954 E.0178
G1 X111.729 Y114.293 E.02122
G1 X112.062 Y113.538 E.02587
G1 X112.545 Y112.866 E.02595
G1 X113.157 Y112.309 E.02595
G1 X113.872 Y111.891 E.02597
G1 X114.658 Y111.632 E.02595
G1 X115.34 Y111.548 E.02155
G1 X115.899 Y111.561 E.01753
G1 X116.705 Y111.729 E.02581
G1 X117.462 Y112.062 E.02593
G1 X118.134 Y112.545 E.02595
G1 X118.691 Y113.157 E.02595
G1 X119.109 Y113.872 E.02597
G1 X119.368 Y114.658 E.02595
G1 X119.459 Y115.48 E.02593
G1 X119.377 Y116.304 E.02596
G1 X119.125 Y117.092 E.02594
G1 X118.714 Y117.811 E.02597
G1 X118.164 Y118.429 E.02594
G1 X117.497 Y118.919 E.02595
G1 X116.742 Y119.259 E.02596
G1 X116.072 Y119.413 E.02156
G1 X115.515 Y119.459 E.01752
G1 X115.067 Y119.435 E.01407
G1 X114.295 Y119.271 E.02475
G1 X113.538 Y118.938 E.02593
G1 X112.866 Y118.455 E.02595
G1 X112.309 Y117.843 E.02595
G1 X111.912 Y117.163 E.02469
G1 E-3.5 F3600
;WIPE_START
G1 F7200
G1 X111.885 Y117.109 E-.02868
G1 X111.632 Y116.342 E-.38363
G1 X111.541 Y115.52 E-.39284
G1 X111.583 Y114.954 E-.26959
G1 X111.729 Y114.293 E-.32154
G1 X111.817 Y114.093 E-.10372
;WIPE_END
G1 X109.653 Y118.314 F9000
G1 E5 F2400
;TYPE:Perimeter
;WIDTH:0.439999
G1 F900
G1 X109.507 Y118.012 E.01108
G1 X109.302 Y117.465 E.01929
G1 X109.115 Y116.711 E.02565
G1 X109.029 Y116.133 E.01929
G1 X109.006 Y115.307 E.02728
G1 X109.053 Y114.684 E.02063
G1 X109.15 Y114.103 E.01945
G1 X109.365 Y113.356 E.02567
G1 X109.579 Y112.813 E.01927
G1 X109.945 Y112.128 E.02564
G1 X110.267 Y111.641 E.01928
G1 X110.767 Y111.047 E.02564
G1 X111.184 Y110.637 E.01931
G1 X111.797 Y110.16 E.02565
G1 X112.289 Y109.846 E.01927
G1 X112.988 Y109.507 E.02565
G1 X113.535 Y109.302 E.01929
G1 X114.364 Y109.103 E.02815
G1 X114.866 Y109.029 E.01675
G1 X115.583 Y109 E.02369
G1 X116.321 Y109.053 E.02443
G1 X116.897 Y109.15 E.01929
G1 X117.644 Y109.365 E.02567
G1 X118.187 Y109.579 E.01927
G1 X118.872 Y109.945 E.02564
G1 X119.359 Y110.267 E.01928
G1 X119.953 Y110.767 E.02564
G1 X120.363 Y111.184 E.01931
G1 X120.84 Y111.797 E.02565
G1 X121.154 Y112.289 E.01927
G1 X121.493 Y112.988 E.02565
G1 X121.669 Y113.457 E.01654
G1 X121.885 Y114.289 E.02838
G1 X121.971 Y114.867 E.01929
G1 X121.997 Y115.643 E.02564
G1 X121.962 Y116.226 E.01928
G1 X121.825 Y116.991 E.02566
G1 X121.669 Y117.554 E.01929
G1 X121.377 Y118.273 E.02562
G1 X121.108 Y118.791 E.01927
G1 X120.672 Y119.434 E.02565
G1 X120.301 Y119.885 E.01928
G1 X119.67 Y120.475 E.02852
G1 X119.276 Y120.793 E.01672
G1 X118.625 Y121.198 E.02531
G1 X118.102 Y121.459 E.0193
G1 X117.298 Y121.743 E.02815
G1 X116.806 Y121.87 E.01678
G1 X116.134 Y121.971 E.02244
G1 X115.357 Y121.997 E.02567
G1 X114.679 Y121.946 E.02245
G1 X114.103 Y121.849 E.01929
G1 X113.356 Y121.635 E.02566
G1 X112.813 Y121.421 E.01927
G1 X112.128 Y121.055 E.02564
G1 X111.641 Y120.733 E.01928
G1 X111.047 Y120.233 E.02564
G1 X110.637 Y119.816 E.01931
G1 X110.16 Y119.203 E.02565
G1 X109.846 Y118.711 E.01927
G1 X109.679 Y118.368 E.0126
G1 X109.319 Y118.551 F9000
G1 F900
G1 X109.195 Y118.307 E.00904
G1 X108.936 Y117.633 E.02384
G1 X108.749 Y116.935 E.02386
G1 X108.636 Y116.221 E.02387
G1 X108.598 Y115.5 E.02384
G1 X108.636 Y114.779 E.02384
G1 X108.749 Y114.065 E.02387
G1 X108.936 Y113.367 E.02386
G1 X109.195 Y112.693 E.02384
G1 X109.523 Y112.049 E.02386
G1 X109.916 Y111.443 E.02385
G1 X110.371 Y110.882 E.02385
G1 X110.882 Y110.371 E.02386
G1 X111.443 Y109.916 E.02385
G1 X112.049 Y109.523 E.02385
G1 X112.693 Y109.195 E.02386
G1 X113.367 Y108.936 E.02384
G1 X114.065 Y108.749 E.02386
G1 X114.777 Y108.636 E.0238
G1 X115.54 Y108.6 E.02522
G1 X116.221 Y108.636 E.02252
G1 X116.935 Y108.749 E.02387
G1 X117.633 Y108.936 E.02386
G1 X118.307 Y109.195 E.02384
G1 X118.951 Y109.523 E.02386
G1 X119.557 Y109.916 E.02385
G1 X120.118 Y110.371 E.02385
G1 X120.629 Y110.882 E.02386
G1 X121.084 Y111.443 E.02385
G1 X121.477 Y112.049 E.02385
G1 X121.805 Y112.693 E.02386
G1 X122.035 Y113.292 E.02119
G1 X122.177 Y113.802 E.01748
G1 X122.292 Y114.323 E.01762
G1 X122.368 Y114.846 E.01745
G1 X122.399 Y115.567 E.02383
G1 X122.364 Y116.221 E.02162
G1 X122.251 Y116.935 E.02387
G1 X122.064 Y117.633 E.02386
G1 X121.805 Y118.307 E.02384
G1 X121.477 Y118.951 E.02386
G1 X121.084 Y119.557 E.02385
G1 X120.629 Y120.118 E.02385
G1 X120.175 Y120.572 E.0212
G1 X119.554 Y121.086 E.02662
G1 X118.951 Y121.477 E.02373
G1 X118.307 Y121.805 E.02386
G1 X117.633 Y122.064 E.02384
G1 X116.935 Y122.251 E.02386
G1 X116.221 Y122.364 E.02387
G1 X115.5 Y122.402 E.02384
G1 X114.779 Y122.364 E.02384
G1 X114.068 Y122.252 E.02376
G1 X113.292 Y122.035 E.0266
G1 X112.693 Y121.805 E.02119
G1 X112.049 Y121.477 E.02386
G1 X111.443 Y121.084 E.02385
G1 X110.882 Y120.629 E.02385
G1 X110.371 Y120.118 E.02386
G1 X109.916 Y119.557 E.02385
G1 X109.523 Y118.951 E.02385
G1 X109.346 Y118.605 E.01283
G1 X109.001 Y118.78 F9000
;TYPE:External perimeter
;WIDTH:0.419999
G1 F900
G1 X108.841 Y118.465 E.01108
G1 X108.567 Y117.753 E.02392
G1 X108.37 Y117.016 E.02392
G1 X108.25 Y116.262 E.02394
G1 X108.21 Y115.5 E.02392
G1 X108.25 Y114.738 E.02392
G1 X108.37 Y113.984 E.02394
G1 X108.567 Y113.247 E.02392
G1 X108.841 Y112.535 E.02392
G1 X109.187 Y111.855 E.02392
G1 X109.602 Y111.215 E.02392
G1 X110.083 Y110.622 E.02394
G1 X110.622 Y110.083 E.0239
G1 X111.215 Y109.602 E.02394
G1 X111.855 Y109.187 E.02392
G1 X112.535 Y108.841 E.02392
G1 X113.247 Y108.567 E.02392
G1 X113.984 Y108.37 E.02392
G1 X114.737 Y108.25 E.02391
G1 X115.541 Y108.212 E.02524
G1 X116.262 Y108.25 E.02264
G1 X117.016 Y108.37 E.02394
G1 X117.753 Y108.567 E.02392
G1 X118.465 Y108.841 E.02392
G1 X119.145 Y109.187 E.02392
G1 X119.785 Y109.602 E.02392
G1 X120.378 Y110.083 E.02394
G1 X120.917 Y110.622 E.0239
G1 X121.398 Y111.215 E.02394
G1 X121.813 Y111.855 E.02392
G1 X122.159 Y112.535 E.02392
G1 X122.403 Y113.17 E.02133
G1 X122.55 Y113.698 E.01718
G1 X122.674 Y114.262 E.01811
G1 X122.754 Y114.826 E.01786
G1 X122.785 Y115.587 E.02388
G1 X122.75 Y116.262 E.02119
G1 X122.63 Y117.016 E.02394
G1 X122.433 Y117.753 E.02392
G1 X122.159 Y118.465 E.02392
G1 X121.813 Y119.145 E.02392
G1 X121.398 Y119.785 E.02392
G1 X120.917 Y120.378 E.02394
G1 X120.436 Y120.859 E.02133
G1 X119.784 Y121.398 E.02652
G1 X119.145 Y121.813 E.02389
G1 X118.465 Y122.159 E.02392
G1 X117.753 Y122.433 E.02392
G1 X117.016 Y122.63 E.02392
G1 X116.262 Y122.75 E.02394
G1 X115.5 Y122.79 E.02392
G1 X114.738 Y122.75 E.02392
G1 X113.985 Y122.631 E.0239
G1 X113.17 Y122.403 E.02653
G1 X112.535 Y122.159 E.02133
G1 X111.855 Y121.813 E.02392
G1 X111.215 Y121.398 E.02392
G1 X110.622 Y120.917 E.02394
G1 X110.083 Y120.378 E.0239
G1 X109.602 Y119.785 E.02394
G1 X109.187 Y119.145 E.02392
G1 X109.028 Y118.834 E.01095
G1 X109.798 Y117.917 F9000
;TYPE:Internal infill
;WIDTH:0.44
G1 F900
G1 X110.132 Y118.599 E.02507
G1 X110.485 Y119.143 E.02141
G1 X111.123 Y119.877 E.03211
G1 X111.941 Y119.059 E.0382
G1 X111.414 Y118.468 E.02614
G1 X110.886 Y117.554 E.03485
G1 X110.56 Y116.55 E.03485
G1 X110.516 Y116.131 E.01391
G1 X109.331 Y114.946 E.05533
G1 X109.331 Y116.054 E.03658
G1 X110.498 Y114.886 E.05451
G1 X110.718 Y113.88 E.034
G1 X111.126 Y112.975 E.03278
G1 X111.335 Y112.683 E.01186
G1 E-3.5 F3600
;WIPE_START
G1 F7200
G1 X111.126 Y112.975 E-.17057
G1 X110.718 Y113.88 E-.47154
G1 X110.498 Y114.886 E-.48914
G1 X109.949 Y115.435 E-.36875
;WIPE_END
G1 X113.083 Y109.798 F9000
G1 E5 F2400
G1 F900
G1 X112.401 Y110.132 E.02507
G1 X111.857 Y110.485 E.02141
G1 X111.123 Y111.123 E.03211
G1 X111.941 Y111.941 E.0382
G1 X112.532 Y111.414 E.02614
G1 X113.446 Y110.886 E.03485
G1 X114.449 Y110.56 E.03482
G1 X114.875 Y110.509 E.01417
G1 X116.054 Y109.331 E.05503
G1 X114.948 Y109.332 E.03652
G1 X116.104 Y110.488 E.05398
G1 X117.119 Y110.717 E.03435
G1 X118.025 Y111.126 E.03282
G1 X118.308 Y111.329 E.0115
G1 X117.917 Y109.798 F9000
G1 F900
G1 X118.599 Y110.132 E.02507
G1 X119.143 Y110.485 E.02141
G1 X119.877 Y111.123 E.03211
G1 X119.059 Y111.941 E.0382
G1 X119.586 Y112.532 E.02614
G1 X120.114 Y113.446 E.03485
G1 X120.441 Y114.456 E.03505
G1 X120.485 Y114.869 E.01371
G1 X121.669 Y116.054 E.05531
G1 X121.669 Y114.946 E.03658
G1 X120.484 Y116.131 E.05533
G1 X120.44 Y116.55 E.01391
G1 X120.114 Y117.554 E.03485
G1 X119.586 Y118.468 E.03485
G1 X119.059 Y119.059 E.02614
G1 X119.877 Y119.877 E.0382
G1 X120.515 Y119.143 E.03211
G1 X120.868 Y118.599 E.02141
G1 X121.202 Y117.917 E.02507
G1 E-3.5 F3600
;WIPE_START
G1 F7200
G1 X120.868 Y118.599 E-.36071
G1 X120.515 Y119.143 E-.30803
G1 X119.877 Y119.877 E-.46195
G1 X119.327 Y119.327 E-.36931
;WIPE_END
G1 X118.317 Y119.665 F9000
G1 E5 F2400
G1 F900
G1 X118.025 Y119.874 E.01186
G1 X117.12 Y120.282 E.03278
G1 X116.114 Y120.502 E.034
G1 X114.946 Y121.669 E.05451
G1 X115.5 Y121.698 E.01832
G1 X116.054 Y121.669 E.01832
G1 X114.896 Y120.512 E.05405
G1 X113.881 Y120.283 E.03435
G1 X112.975 Y119.874 E.03282
G1 X112.692 Y119.671 E.0115
;LAYER_CHANGE
;Z:8.01
;HEIGHT:0.200001
;BEFORE_LAYER_CHANGE
G92 E0
;12.6


G1 E-3.5 F3600
;WIPE_START
G1 F7200
G1 X112.975 Y119.874 E-.16543
G1 X113.881 Y120.283 E-.47217
G1 X114.896 Y120.512 E-.49424
G1 X115.444 Y121.06 E-.36816
;WIPE_END
G1 Z8.01 F9000
;AFTER_LAYER_CHANGE
;12.6
G1 X112.719 Y119.328
G1 E5 F2400
;TYPE:Perimeter
;WIDTH:0.439999
G1 F900
G1 X112.339 Y119.01 E.01636
G1 X111.941 Y118.636 E.01803
G1 X111.447 Y117.957 E.02772
G1 X111.185 Y117.421 E.0197
G1 X110.974 Y116.917 E.01804
G1 X110.807 Y116.155 E.02576
G1 X110.78 Y115.491 E.02194
G1 X110.788 Y114.954 E.01773
G1 X110.962 Y114.132 E.02774
G1 X111.185 Y113.579 E.01969
G1 X111.418 Y113.084 E.01806
G1 X111.91 Y112.405 E.02769
G1 X112.339 Y111.99 E.01971
G1 X112.753 Y111.633 E.01805
G1 X113.48 Y111.212 E.02774
G1 X114.415 Y110.886 E.03269
G1 X115.009 Y110.797 E.01983
G1 X115.534 Y110.767 E.01736
G1 X116.046 Y110.788 E.01692
G1 X116.585 Y110.886 E.01809
G1 X117.335 Y111.129 E.02603
G1 X117.862 Y111.409 E.0197
G1 X118.329 Y111.693 E.01805
G1 X118.954 Y112.254 E.02773
G1 X119.321 Y112.724 E.01969
G1 X119.633 Y113.173 E.01805
G1 X119.976 Y113.939 E.02771
G1 X120.12 Y114.518 E.0197
G1 X120.222 Y115.047 E.01779
G1 X120.224 Y115.894 E.02797
G1 X120.12 Y116.482 E.01972
G1 X119.995 Y117.014 E.01804
G1 X119.655 Y117.781 E.0277
G1 X119.321 Y118.276 E.01972
G1 X118.991 Y118.711 E.01803
G1 X118.368 Y119.274 E.02772
G1 X117.862 Y119.591 E.01971
G1 X117.383 Y119.854 E.01804
G1 X116.585 Y120.114 E.02771
G1 X115.994 Y120.198 E.01971
G1 X115.449 Y120.243 E.01806
G1 X114.614 Y120.156 E.02772
G1 X114.04 Y119.992 E.01971
G1 X113.524 Y119.812 E.01804
G1 X112.797 Y119.394 E.02769
G1 X112.765 Y119.367 E.00138
G1 X112.949 Y119.01 F9000
G1 F900
G1 X112.605 Y118.715 E.01496
G1 X112.232 Y118.362 E.01696
G1 X111.768 Y117.724 E.02605
G1 X111.548 Y117.26 E.01695
G1 X111.351 Y116.787 E.01692
G1 X111.195 Y116.071 E.02419
G1 X111.177 Y115.487 E.01929
G1 X111.186 Y114.986 E.01654
G1 X111.35 Y114.215 E.02603
G1 X111.548 Y113.74 E.01699
G1 X111.768 Y113.276 E.01695
G1 X112.232 Y112.638 E.02605
G1 X112.605 Y112.285 E.01696
G1 X112.995 Y111.95 E.01698
G1 X113.678 Y111.556 E.02603
G1 X114.538 Y111.263 E.03
G1 X115.055 Y111.192 E.01723
G1 X115.524 Y111.164 E.01551
G1 X115.984 Y111.181 E.0152
G1 X116.462 Y111.263 E.01601
G1 X117.212 Y111.507 E.02604
G1 X117.663 Y111.753 E.01696
G1 X118.102 Y112.021 E.01698
G1 X118.688 Y112.549 E.02604
G1 X119 Y112.957 E.01696
G1 X119.292 Y113.38 E.01697
G1 X119.613 Y114.1 E.02603
G1 X119.732 Y114.6 E.01697
G1 X119.826 Y115.106 E.01699
G1 X119.826 Y115.894 E.02602
G1 X119.732 Y116.4 E.01699
G1 X119.613 Y116.9 E.01697
G1 X119.292 Y117.62 E.02603
G1 X119 Y118.043 E.01697
G1 X118.688 Y118.451 E.01696
G1 X118.102 Y118.979 E.02604
G1 X117.663 Y119.247 E.01698
G1 X117.212 Y119.493 E.01696
G1 X116.462 Y119.737 E.02604
G1 X115.952 Y119.803 E.01698
G1 X115.44 Y119.844 E.01696
G1 X114.656 Y119.762 E.02603
G1 X114.163 Y119.615 E.01699
G1 X113.678 Y119.444 E.01698
G1 X112.995 Y119.05 E.02603
G1 X113.174 Y118.701 F9000
;TYPE:External perimeter
;WIDTH:0.419999
G1 F900
G1 X112.571 Y118.164 E.02532
G1 X112.081 Y117.497 E.02595
G1 X111.741 Y116.742 E.02596
G1 X111.574 Y115.989 E.02418
G1 X111.565 Y115.067 E.02891
G1 X111.729 Y114.295 E.02475
G1 X112.062 Y113.538 E.02593
G1 X112.545 Y112.866 E.02595
G1 X113.157 Y112.309 E.02595
G1 X113.872 Y111.891 E.02597
G1 X114.658 Y111.632 E.02595
G1 X115.337 Y111.549 E.02145
G1 X115.899 Y111.561 E.01763
G1 X116.342 Y111.632 E.01407
G1 X117.092 Y111.875 E.02472
G1 X117.811 Y112.286 E.02597
G1 X118.429 Y112.836 E.02594
G1 X118.919 Y113.503 E.02595
G1 X119.259 Y114.258 E.02596
G1 X119.435 Y115.067 E.02596
G1 X119.439 Y115.894 E.02593
G1 X119.271 Y116.705 E.02597
G1 X118.938 Y117.462 E.02593
G1 X118.455 Y118.134 E.02595
G1 X117.843 Y118.691 E.02595
G1 X117.128 Y119.109 E.02597
G1 X116.342 Y119.368 E.02595
G1 X115.52 Y119.459 E.02593
G1 X114.696 Y119.377 E.02596
G1 X113.908 Y119.125 E.02594
G1 X113.224 Y118.734 E.0247
G1 E-3.5 F3600
;WIPE_START
G1 F7200
G1 X113.174 Y118.701 E-.02846
G1 X112.571 Y118.164 E-.38354
G1 X112.081 Y117.497 E-.39313
G1 X111.741 Y116.742 E-.39331
G1 X111.603 Y116.122 E-.30156
;WIPE_END
G1 X111.843 Y120.86 F9000
G1 E5 F2400
;TYPE:Perimeter
;WIDTH:0.439999
G1 F900
G1 X111.566 Y120.672 E.01105
G1 X111.115 Y120.301 E.01928
G1 X110.576 Y119.741 E.02566
G1 X110.212 Y119.284 E.01929
G1 X109.802 Y118.625 E.02563
G1 X109.541 Y118.102 E.0193
G1 X109.277 Y117.372 E.02563
G1 X109.13 Y116.806 E.01931
G1 X109.022 Y116.014 E.02639
G1 X108.998 Y115.453 E.01854
G1 X109.054 Y114.679 E.02562
G1 X109.15 Y114.103 E.01928
G1 X109.365 Y113.357 E.02563
G1 X109.579 Y112.813 E.0193
G1 X109.945 Y112.128 E.02564
G1 X110.267 Y111.641 E.01928
G1 X110.767 Y111.047 E.02564
G1 X111.184 Y110.637 E.01931
G1 X111.797 Y110.16 E.02565
G1 X112.289 Y109.846 E.01927
G1 X112.988 Y109.507 E.02565
G1 X113.535 Y109.302 E.01929
G1 X114.364 Y109.103 E.02815
G1 X114.866 Y109.03 E.01675
G1 X115.602 Y109.001 E.02432
G1 X116.321 Y109.053 E.0238
G1 X116.991 Y109.175 E.02249
G1 X117.554 Y109.331 E.01929
G1 X118.273 Y109.623 E.02562
G1 X118.791 Y109.892 E.01927
G1 X119.434 Y110.328 E.02565
G1 X119.885 Y110.699 E.01928
G1 X120.424 Y111.259 E.02566
G1 X120.788 Y111.716 E.01929
G1 X121.198 Y112.375 E.02563
G1 X121.459 Y112.898 E.0193
G1 X121.723 Y113.628 E.02563
G1 X121.87 Y114.194 E.01931
G1 X121.977 Y115.053 E.02858
G1 X122.002 Y115.554 E.01656
G1 X121.946 Y116.321 E.02539
G1 X121.85 Y116.897 E.01928
G1 X121.635 Y117.644 E.02567
G1 X121.421 Y118.187 E.01927
G1 X121.055 Y118.872 E.02564
G1 X120.733 Y119.359 E.01928
G1 X120.301 Y119.885 E.02247
G1 X119.905 Y120.276 E.01837
G1 X119.203 Y120.84 E.02973
G1 X118.711 Y121.154 E.01927
G1 X118.012 Y121.493 E.02565
G1 X117.465 Y121.698 E.01929
G1 X116.711 Y121.885 E.02565
G1 X116.133 Y121.971 E.01929
G1 X115.357 Y121.997 E.02564
G1 X114.774 Y121.962 E.01928
G1 X114.009 Y121.825 E.02566
G1 X113.446 Y121.669 E.01929
G1 X112.727 Y121.377 E.02562
G1 X112.209 Y121.108 E.01927
G1 X111.893 Y120.894 E.0126
G1 X111.673 Y121.233 F9000
G1 F900
G1 X111.443 Y121.084 E.00905
G1 X110.882 Y120.629 E.02385
G1 X110.371 Y120.118 E.02386
G1 X109.916 Y119.557 E.02385
G1 X109.523 Y118.951 E.02385
G1 X109.195 Y118.307 E.02386
G1 X108.936 Y117.633 E.02384
G1 X108.749 Y116.935 E.02386
G1 X108.636 Y116.221 E.02387
G1 X108.598 Y115.5 E.02384
G1 X108.636 Y114.779 E.02384
G1 X108.749 Y114.065 E.02387
G1 X108.936 Y113.367 E.02386
G1 X109.195 Y112.693 E.02384
G1 X109.523 Y112.049 E.02386
G1 X109.916 Y111.443 E.02385
G1 X110.371 Y110.882 E.02385
G1 X110.882 Y110.371 E.02386
G1 X111.443 Y109.916 E.02385
G1 X112.049 Y109.523 E.02385
G1 X112.693 Y109.195 E.02386
G1 X113.367 Y108.936 E.02384
G1 X114.065 Y108.749 E.02386
G1 X114.776 Y108.636 E.02377
G1 X115.56 Y108.601 E.02591
G1 X116.221 Y108.636 E.02185
G1 X116.935 Y108.749 E.02387
G1 X117.633 Y108.936 E.02386
G1 X118.307 Y109.195 E.02384
G1 X118.951 Y109.523 E.02386
G1 X119.557 Y109.916 E.02385
G1 X120.118 Y110.371 E.02385
G1 X120.629 Y110.882 E.02386
G1 X121.084 Y111.443 E.02385
G1 X121.477 Y112.049 E.02385
G1 X121.805 Y112.693 E.02386
G1 X122.064 Y113.367 E.02384
G1 X122.234 Y114 E.02164
G1 X122.323 Y114.521 E.01745
G1 X122.374 Y115.029 E.01686
G1 X122.398 Y115.575 E.01804
G1 X122.364 Y116.221 E.02136
G1 X122.251 Y116.935 E.02387
G1 X122.064 Y117.633 E.02386
G1 X121.805 Y118.307 E.02384
G1 X121.477 Y118.951 E.02386
G1 X121.084 Y119.557 E.02385
G1 X120.629 Y120.118 E.02385
G1 X120.204 Y120.544 E.01987
G1 X119.553 Y121.086 E.02797
G1 X118.951 Y121.477 E.0237
G1 X118.307 Y121.805 E.02386
G1 X117.633 Y122.064 E.02384
G1 X116.935 Y122.251 E.02386
G1 X116.221 Y122.364 E.02387
G1 X115.5 Y122.402 E.02384
G1 X114.779 Y122.364 E.02384
G1 X114.065 Y122.251 E.02387
G1 X113.367 Y122.064 E.02386
G1 X112.693 Y121.805 E.02384
G1 X112.049 Y121.477 E.02386
G1 X111.723 Y121.266 E.01282
G1 X111.512 Y121.59 F9000
;TYPE:External perimeter
;WIDTH:0.419999
G1 F900
G1 X111.215 Y121.398 E.01109
G1 X110.622 Y120.917 E.02394
G1 X110.083 Y120.378 E.0239
G1 X109.602 Y119.785 E.02394
G1 X109.187 Y119.145 E.02392
G1 X108.841 Y118.465 E.02392
G1 X108.567 Y117.753 E.02392
G1 X108.37 Y117.016 E.02392
G1 X108.25 Y116.262 E.02394
G1 X108.21 Y115.5 E.02392
G1 X108.25 Y114.738 E.02392
G1 X108.37 Y113.984 E.02394
G1 X108.567 Y113.247 E.02392
G1 X108.841 Y112.535 E.02392
G1 X109.187 Y111.855 E.02392
G1 X109.602 Y111.215 E.02392
G1 X110.083 Y110.622 E.02394
G1 X110.622 Y110.083 E.0239
G1 X111.215 Y109.602 E.02394
G1 X111.855 Y109.187 E.02392
G1 X112.535 Y108.841 E.02392
G1 X113.247 Y108.567 E.02392
G1 X113.984 Y108.37 E.02392
G1 X114.737 Y108.25 E.02391
G1 X115.562 Y108.214 E.02589
G1 X116.262 Y108.25 E.02198
G1 X117.016 Y108.37 E.02394
G1 X117.753 Y108.567 E.02392
G1 X118.465 Y108.841 E.02392
G1 X119.145 Y109.187 E.02392
G1 X119.785 Y109.602 E.02392
G1 X120.378 Y110.083 E.02394
G1 X120.917 Y110.622 E.0239
G1 X121.398 Y111.215 E.02394
G1 X121.813 Y111.855 E.02392
G1 X122.159 Y112.535 E.02392
G1 X122.433 Y113.247 E.02392
G1 X122.608 Y113.9 E.0212
G1 X122.706 Y114.46 E.01783
G1 X122.76 Y115.006 E.0172
G1 X122.785 Y115.595 E.01848
G1 X122.75 Y116.262 E.02094
G1 X122.63 Y117.016 E.02394
G1 X122.433 Y117.753 E.02392
G1 X122.159 Y118.465 E.02392
G1 X121.813 Y119.145 E.02392
G1 X121.398 Y119.785 E.02392
G1 X120.917 Y120.378 E.02394
G1 X120.466 Y120.83 E.02002
G1 X119.784 Y121.398 E.02783
G1 X119.145 Y121.813 E.02389
G1 X118.465 Y122.159 E.02392
G1 X117.753 Y122.433 E.02392
G1 X117.016 Y122.63 E.02392
G1 X116.262 Y122.75 E.02394
G1 X115.5 Y122.79 E.02392
G1 X114.738 Y122.75 E.02392
G1 X113.984 Y122.63 E.02394
G1 X113.247 Y122.433 E.02392
G1 X112.535 Y122.159 E.02392
G1 X111.855 Y121.813 E.02392
G1 X111.562 Y121.623 E.01095
G1 X113.083 Y121.202 F9000
;TYPE:Internal infill
;WIDTH:0.44
G1 F900
G1 X112.401 Y120.868 E.02507
G1 X111.857 Y120.515 E.02141
G1 X111.123 Y119.877 E.03211
G1 X111.94 Y119.06 E.03815
G1 X112.532 Y119.586 E.02615
G1 X113.446 Y120.114 E.03485
G1 X114.45 Y120.44 E.03485
G1 X114.869 Y120.484 E.01391
G1 X116.054 Y121.669 E.05533
G1 X114.949 Y121.666 E.03648
G1 X116.131 Y120.484 E.05519
G1 X116.55 Y120.44 E.01391
G1 X117.554 Y120.114 E.03485
G1 X118.462 Y119.591 E.0346
G1 X119.056 Y119.056 E.02639
G1 X119.877 Y119.877 E.03834
G1 X120.515 Y119.143 E.03211
G1 X120.868 Y118.599 E.02141
G1 X121.202 Y117.917 E.02507
G1 X119.665 Y118.312 F9000
G1 F900
G1 X119.874 Y118.025 E.01172
G1 X120.303 Y117.061 E.03484
G1 X120.505 Y116.11 E.0321
G1 X121.665 Y114.951 E.05414
G1 X121.698 Y115.505 E.01832
G1 X121.669 Y116.054 E.01815
G1 X120.507 Y114.892 E.05426
G1 X120.303 Y113.939 E.03218
G1 X119.874 Y112.975 E.03484
G1 X119.667 Y112.69 E.01163
G1 X121.202 Y113.083 F9000
G1 F900
G1 X120.868 Y112.401 E.02507
G1 X120.515 Y111.857 E.02141
G1 X119.877 Y111.123 E.03211
G1 X119.058 Y111.942 E.03824
G1 X118.361 Y111.344 E.03032
G1 X117.554 Y110.886 E.03064
G1 X116.673 Y110.593 E.03065
G1 X116.107 Y110.492 E.01898
G1 X114.948 Y109.332 E.05414
G1 X116.054 Y109.331 E.03652
G1 X114.875 Y110.509 E.05503
G1 X114.449 Y110.56 E.01417
G1 X113.446 Y110.886 E.03482
G1 X112.531 Y111.414 E.03488
G1 X111.943 Y111.943 E.02611
G1 X111.123 Y111.123 E.03829
G1 X111.857 Y110.485 E.03211
G1 X112.401 Y110.132 E.02141
G1 X113.083 Y109.798 E.02507
G1 E-3.5 F3600
;WIPE_START
G1 F7200
G1 X112.401 Y110.132 E-.36071
G1 X111.857 Y110.485 E-.30803
G1 X111.123 Y111.123 E-.46195
G1 X111.673 Y111.673 E-.36931
;WIPE_END
G1 X111.335 Y112.688 F9000
G1 E5 F2400
G1 F900
G1 X111.126 Y112.975 E.01172
G1 X110.697 Y113.939 E.03484
G1 X110.495 Y114.89 E.0321
G1 X109.331 Y116.054 E.05435
G1 X109.302 Y115.5 E.01832
G1 X109.331 Y114.946 E.01832
G1 X110.496 Y116.111 E.0544
G1 X110.697 Y117.061 E.03206
G1 X111.068 Y117.911 E.03062
G1 X111.33 Y118.317 E.01595
;LAYER_CHANGE
;Z:8.21
;HEIGHT:0.2
;BEFORE_LAYER_CHANGE
G92 E0
;13


G1 E-3.5 F3600
;WIPE_START
G1 F7200
G1 X120.668 Y118.599 E-.42772
G1 X120.315 Y119.143 E-.30803
G1 X119.777 Y119.777 E-.39496
G1 X119.227 Y119.227 E-.36929
;WIPE_END
G1 Z8.21 F9000
;AFTER_LAYER_CHANGE
;13
G1 X119.815 Y117.421
G1 E5 F2400
;TYPE:Perimeter
;WIDTH:0.439999
G1 F900
G1 X119.582 Y117.916 E.01806
G1 X119.09 Y118.595 E.02769
G1 X118.661 Y119.01 E.01971
G1 X118.247 Y119.367 E.01805
G1 X117.52 Y119.788 E.02774
G1 X116.96 Y119.992 E.01968
G1 X116.436 Y120.15 E.01807
G1 X115.602 Y120.239 E.02769
G1 X114.614 Y120.156 E.03274
G1 X114.04 Y119.992 E.01971
G1 X113.524 Y119.812 E.01804
G1 X112.797 Y119.394 E.02769
G1 X112.339 Y119.01 E.01973
G1 X111.941 Y118.636 E.01803
G1 X111.447 Y117.957 E.02772
G1 X111.185 Y117.421 E.0197
G1 X110.974 Y116.917 E.01804
G1 X110.807 Y116.151 E.02589
G1 X110.78 Y115.491 E.02181
G1 X110.788 Y114.954 E.01773
G1 X110.962 Y114.133 E.02771
G1 X111.185 Y113.579 E.01972
G1 X111.418 Y113.084 E.01806
G1 X111.91 Y112.405 E.02769
G1 X112.339 Y111.99 E.01971
G1 X112.753 Y111.633 E.01805
G1 X113.48 Y111.212 E.02774
G1 X114.04 Y111.008 E.01968
G1 X114.564 Y110.85 E.01807
G1 X115.242 Y110.77 E.02254
G1 X115.917 Y110.777 E.02229
G1 X116.436 Y110.85 E.0173
G1 X117.476 Y111.188 E.03611
G1 X118.203 Y111.606 E.02769
G1 X118.661 Y111.99 E.01973
G1 X119.059 Y112.364 E.01803
G1 X119.553 Y113.043 E.02772
G1 X119.815 Y113.579 E.0197
G1 X120.026 Y114.083 E.01804
G1 X120.202 Y114.904 E.02772
G1 X120.224 Y115.5 E.01969
G1 X120.212 Y116.046 E.01803
G1 X120.038 Y116.868 E.02774
G1 X119.838 Y117.366 E.01772
G1 X119.452 Y117.26 F9000
G1 F900
G1 X119.292 Y117.62 E.01301
G1 X119 Y118.043 E.01697
G1 X118.688 Y118.451 E.01696
G1 X118.102 Y118.979 E.02604
G1 X117.663 Y119.247 E.01698
G1 X117.212 Y119.493 E.01696
G1 X116.462 Y119.737 E.02604
G1 X115.952 Y119.803 E.01698
G1 X115.44 Y119.844 E.01696
G1 X114.656 Y119.762 E.02603
G1 X114.163 Y119.615 E.01699
G1 X113.678 Y119.444 E.01698
G1 X112.995 Y119.05 E.02603
G1 X112.605 Y118.715 E.01698
G1 X112.232 Y118.362 E.01696
G1 X111.768 Y117.724 E.02605
G1 X111.35 Y116.787 E.03388
G1 X111.195 Y116.067 E.02432
G1 X111.177 Y115.488 E.01913
G1 X111.186 Y114.986 E.01658
G1 X111.35 Y114.215 E.02603
G1 X111.548 Y113.74 E.01699
G1 X111.768 Y113.276 E.01695
G1 X112.232 Y112.638 E.02605
G1 X112.605 Y112.285 E.01696
G1 X112.995 Y111.95 E.01698
G1 X113.678 Y111.556 E.02603
G1 X114.649 Y111.239 E.03372
G1 X115.288 Y111.164 E.02124
G1 X115.908 Y111.174 E.02047
G1 X116.404 Y111.248 E.01656
G1 X117.212 Y111.507 E.02802
G1 X117.663 Y111.753 E.01696
G1 X118.102 Y112.021 E.01698
G1 X118.688 Y112.549 E.02604
G1 X119 Y112.957 E.01696
G1 X119.292 Y113.38 E.01697
G1 X119.613 Y114.1 E.02603
G1 X119.732 Y114.6 E.01697
G1 X119.826 Y115.106 E.01699
G1 X119.826 Y115.894 E.02602
G1 X119.732 Y116.4 E.01699
G1 X119.613 Y116.9 E.01697
G1 X119.477 Y117.205 E.01103
G1 X119.097 Y117.101 F9000
;TYPE:External perimeter
;WIDTH:0.419999
G1 F900
G1 X118.938 Y117.462 E.01237
G1 X118.455 Y118.134 E.02595
G1 X117.843 Y118.691 E.02595
G1 X117.128 Y119.109 E.02597
G1 X116.342 Y119.368 E.02595
G1 X115.52 Y119.459 E.02593
G1 X114.696 Y119.377 E.02596
G1 X113.908 Y119.125 E.02594
G1 X113.189 Y118.714 E.02597
G1 X112.571 Y118.164 E.02594
G1 X112.081 Y117.497 E.02595
G1 X111.741 Y116.742 E.02596
G1 X111.573 Y115.985 E.02431
G1 X111.565 Y115.067 E.02878
G1 X111.729 Y114.296 E.02471
G1 X112.062 Y113.538 E.02596
G1 X112.545 Y112.866 E.02595
G1 X113.157 Y112.309 E.02595
G1 X113.872 Y111.891 E.02597
G1 X114.658 Y111.632 E.02595
G1 X115.333 Y111.549 E.02132
G1 X115.898 Y111.561 E.01772
G1 X116.342 Y111.632 E.0141
G1 X117.092 Y111.875 E.02472
G1 X117.811 Y112.286 E.02597
G1 X118.429 Y112.836 E.02594
G1 X118.919 Y113.503 E.02595
G1 X119.259 Y114.258 E.02596
G1 X119.435 Y115.067 E.02596
G1 X119.439 Y115.894 E.02593
G1 X119.271 Y116.705 E.02597
G1 X119.121 Y117.047 E.01171
G1 E-3.5 F3600
;WIPE_START
G1 F7200
G1 X119.097 Y117.101 E-.02807
G1 X118.938 Y117.462 E-.18737
G1 X118.455 Y118.134 E-.3931
G1 X117.843 Y118.691 E-.39307
G1 X117.128 Y119.109 E-.3934
G1 X116.918 Y119.178 E-.10499
;WIPE_END
G1 X121.509 Y117.963 F9000
G1 E5 F2400
;TYPE:Perimeter
;WIDTH:0.439999
G1 F900
G1 X121.421 Y118.187 E.00795
G1 X121.055 Y118.872 E.02564
G1 X120.733 Y119.359 E.01928
G1 X120.233 Y119.953 E.02564
G1 X119.816 Y120.363 E.01931
G1 X119.203 Y120.84 E.02565
G1 X118.711 Y121.154 E.01927
G1 X118.012 Y121.493 E.02565
G1 X117.465 Y121.698 E.01929
G1 X116.711 Y121.885 E.02565
G1 X116.133 Y121.971 E.01929
G1 X115.357 Y121.997 E.02564
G1 X114.774 Y121.962 E.01928
G1 X114.009 Y121.825 E.02566
G1 X113.446 Y121.669 E.01929
G1 X112.727 Y121.377 E.02562
G1 X112.209 Y121.108 E.01927
G1 X111.566 Y120.672 E.02565
G1 X111.115 Y120.301 E.01928
G1 X110.576 Y119.741 E.02566
G1 X110.212 Y119.284 E.01929
G1 X109.802 Y118.625 E.02563
G1 X109.541 Y118.102 E.0193
G1 X109.277 Y117.372 E.02563
G1 X109.13 Y116.806 E.01931
G1 X109.022 Y116.009 E.02656
G1 X108.998 Y115.453 E.01837
G1 X109.054 Y114.679 E.02562
G1 X109.15 Y114.103 E.01928
G1 X109.365 Y113.357 E.02563
G1 X109.579 Y112.813 E.0193
G1 X109.945 Y112.128 E.02564
G1 X110.267 Y111.641 E.01928
G1 X110.767 Y111.047 E.02564
G1 X111.184 Y110.637 E.01931
G1 X111.797 Y110.16 E.02565
G1 X112.289 Y109.846 E.01927
G1 X112.988 Y109.507 E.02565
G1 X113.535 Y109.302 E.01929
G1 X114.363 Y109.104 E.02811
G1 X115.103 Y109.02 E.02459
G1 X115.62 Y109.002 E.01708
G1 X116.321 Y109.053 E.02321
G1 X116.991 Y109.175 E.02249
G1 X117.554 Y109.331 E.01929
G1 X118.273 Y109.623 E.02562
G1 X118.791 Y109.892 E.01927
G1 X119.434 Y110.328 E.02565
G1 X119.885 Y110.699 E.01928
G1 X120.424 Y111.259 E.02566
G1 X120.788 Y111.716 E.01929
G1 X121.198 Y112.375 E.02563
G1 X121.459 Y112.898 E.0193
G1 X121.723 Y113.628 E.02563
G1 X121.87 Y114.194 E.01931
G1 X121.976 Y114.963 E.02563
G1 X122.002 Y115.547 E.0193
G1 X121.946 Y116.321 E.02562
G1 X121.85 Y116.897 E.01928
G1 X121.635 Y117.644 E.02567
G1 X121.531 Y117.907 E.00934
G1 X121.904 Y118.051 F9000
G1 F900
G1 X121.805 Y118.307 E.00906
G1 X121.477 Y118.951 E.02386
G1 X121.084 Y119.557 E.02385
G1 X120.629 Y120.118 E.02385
G1 X120.118 Y120.629 E.02386
G1 X119.557 Y121.084 E.02385
G1 X118.951 Y121.477 E.02385
G1 X118.307 Y121.805 E.02386
G1 X117.633 Y122.064 E.02384
G1 X116.935 Y122.251 E.02386
G1 X116.221 Y122.364 E.02387
G1 X115.5 Y122.402 E.02384
G1 X114.779 Y122.364 E.02384
G1 X114.065 Y122.251 E.02387
G1 X113.367 Y122.064 E.02386
G1 X112.693 Y121.805 E.02384
G1 X112.049 Y121.477 E.02386
G1 X111.443 Y121.084 E.02385
G1 X110.882 Y120.629 E.02385
G1 X110.371 Y120.118 E.02386
G1 X109.916 Y119.557 E.02385
G1 X109.523 Y118.951 E.02385
G1 X109.195 Y118.307 E.02386
G1 X108.936 Y117.633 E.02384
G1 X108.749 Y116.935 E.02386
G1 X108.636 Y116.221 E.02387
G1 X108.598 Y115.5 E.02384
G1 X108.636 Y114.779 E.02384
G1 X108.749 Y114.065 E.02387
G1 X108.936 Y113.367 E.02386
G1 X109.195 Y112.693 E.02384
G1 X109.523 Y112.049 E.02386
G1 X109.916 Y111.443 E.02385
G1 X110.371 Y110.882 E.02385
G1 X110.882 Y110.371 E.02386
G1 X111.443 Y109.916 E.02385
G1 X112.049 Y109.523 E.02385
G1 X112.693 Y109.195 E.02386
G1 X113.367 Y108.936 E.02384
G1 X114.065 Y108.749 E.02386
G1 X114.776 Y108.636 E.02377
G1 X115.581 Y108.602 E.0266
G1 X116.221 Y108.636 E.02116
G1 X116.935 Y108.749 E.02387
G1 X117.633 Y108.936 E.02386
G1 X118.307 Y109.195 E.02384
G1 X118.951 Y109.523 E.02386
G1 X119.557 Y109.916 E.02385
G1 X120.118 Y110.371 E.02385
G1 X120.629 Y110.882 E.02386
G1 X121.084 Y111.443 E.02385
G1 X121.477 Y112.049 E.02385
G1 X121.805 Y112.693 E.02386
G1 X122.064 Y113.367 E.02384
G1 X122.234 Y114 E.02164
G1 X122.323 Y114.521 E.01745
G1 X122.378 Y115.039 E.0172
G1 X122.399 Y115.567 E.01745
G1 X122.364 Y116.221 E.02162
G1 X122.251 Y116.935 E.02387
G1 X122.064 Y117.633 E.02386
G1 X121.925 Y117.995 E.0128
G1 X122.287 Y118.133 F9000
;TYPE:External perimeter
;WIDTH:0.419999
G1 F900
G1 X122.159 Y118.465 E.01116
G1 X121.813 Y119.145 E.02392
G1 X121.398 Y119.785 E.02392
G1 X120.917 Y120.378 E.02394
G1 X120.378 Y120.917 E.0239
G1 X119.785 Y121.398 E.02394
G1 X119.145 Y121.813 E.02392
G1 X118.465 Y122.159 E.02392
G1 X117.753 Y122.433 E.02392
G1 X117.016 Y122.63 E.02392
G1 X116.262 Y122.75 E.02394
G1 X115.5 Y122.79 E.02392
G1 X114.738 Y122.75 E.02392
G1 X113.984 Y122.63 E.02394
G1 X113.247 Y122.433 E.02392
G1 X112.535 Y122.159 E.02392
G1 X111.855 Y121.813 E.02392
G1 X111.215 Y121.398 E.02392
G1 X110.622 Y120.917 E.02394
G1 X110.083 Y120.378 E.0239
G1 X109.602 Y119.785 E.02394
G1 X109.187 Y119.145 E.02392
G1 X108.841 Y118.465 E.02392
G1 X108.567 Y117.753 E.02392
G1 X108.37 Y117.016 E.02392
G1 X108.25 Y116.262 E.02394
G1 X108.21 Y115.5 E.02392
G1 X108.25 Y114.738 E.02392
G1 X108.37 Y113.984 E.02394
G1 X108.567 Y113.247 E.02392
G1 X108.841 Y112.535 E.02392
G1 X109.187 Y111.855 E.02392
G1 X109.602 Y111.215 E.02392
G1 X110.083 Y110.622 E.02394
G1 X110.622 Y110.083 E.0239
G1 X111.215 Y109.602 E.02394
G1 X111.855 Y109.187 E.02392
G1 X112.535 Y108.841 E.02392
G1 X113.247 Y108.567 E.02392
G1 X113.984 Y108.37 E.02392
G1 X114.737 Y108.25 E.02391
G1 X115.583 Y108.215 E.02655
G1 X116.262 Y108.25 E.02132
G1 X117.016 Y108.37 E.02394
G1 X117.753 Y108.567 E.02392
G1 X118.465 Y108.841 E.02392
G1 X119.145 Y109.187 E.02392
G1 X119.785 Y109.602 E.02392
G1 X120.378 Y110.083 E.02394
G1 X120.917 Y110.622 E.0239
G1 X121.398 Y111.215 E.02394
G1 X121.813 Y111.855 E.02392
G1 X122.159 Y112.535 E.02392
G1 X122.433 Y113.247 E.02392
G1 X122.608 Y113.9 E.0212
G1 X122.706 Y114.46 E.01783
G1 X122.764 Y115.019 E.01762
G1 X122.785 Y115.588 E.01785
G1 X122.75 Y116.262 E.02116
G1 X122.63 Y117.016 E.02394
G1 X122.433 Y117.753 E.02392
G1 X122.308 Y118.077 E.01089
G1 E-3.5 F3600
;WIPE_START
G1 F7200
G1 X122.287 Y118.133 E-.02841
G1 X122.159 Y118.465 E-.16901
G1 X121.813 Y119.145 E-.36241
G1 X121.398 Y119.785 E-.36232
G1 X120.917 Y120.378 E-.36269
G1 X120.597 Y120.698 E-.21516
;WIPE_END
G1 X119.665 Y118.312 F9000
G1 E5 F2400
;TYPE:Internal infill
;WIDTH:0.44
G1 F900
G1 X119.874 Y118.025 E.01172
G1 X120.303 Y117.061 E.03484
G1 X120.505 Y116.11 E.0321
G1 X121.669 Y114.946 E.05435
G1 X121.698 Y115.5 E.01832
G1 X121.669 Y116.054 E.01832
G1 X120.507 Y114.892 E.05426
G1 X120.303 Y113.939 E.03218
G1 X119.874 Y112.975 E.03484
G1 X119.667 Y112.69 E.01163
G1 E-3.5 F3600
;WIPE_START
G1 F7200
G1 X119.874 Y112.975 E-.16731
G1 X120.303 Y113.939 E-.5012
G1 X120.507 Y114.892 E-.46293
G1 X121.056 Y115.441 E-.36856
;WIPE_END
G1 X117.917 Y109.798 F9000
G1 E5 F2400
G1 F900
G1 X118.599 Y110.132 E.02507
G1 X119.143 Y110.485 E.02141
G1 X119.877 Y111.123 E.03211
G1 X119.058 Y111.942 E.03824
G1 X118.361 Y111.344 E.03032
G1 X117.554 Y110.886 E.03064
G1 X116.673 Y110.593 E.03065
G1 X116.107 Y110.492 E.01898
G1 X114.948 Y109.333 E.05412
G1 X115.609 Y109.307 E.02184
G1 X116.054 Y109.331 E.01471
G1 X114.875 Y110.509 E.05503
G1 X114.449 Y110.56 E.01417
G1 X113.446 Y110.886 E.03482
G1 X112.531 Y111.414 E.03488
G1 X111.943 Y111.943 E.02611
G1 X111.123 Y111.123 E.03829
G1 X111.857 Y110.485 E.03211
G1 X112.401 Y110.132 E.02141
G1 X113.083 Y109.798 E.02507
G1 E-3.5 F3600
;WIPE_START
G1 F7200
G1 X112.401 Y110.132 E-.36071
G1 X111.857 Y110.485 E-.30803
G1 X111.123 Y111.123 E-.46195
G1 X111.673 Y111.673 E-.36931
;WIPE_END
G1 X111.335 Y112.688 F9000
G1 E5 F2400
G1 F900
G1 X111.126 Y112.975 E.01172
G1 X110.697 Y113.939 E.03484
G1 X110.495 Y114.89 E.0321
G1 X109.331 Y116.054 E.05435
G1 X109.302 Y115.5 E.01832
G1 X109.331 Y114.946 E.01832
G1 X110.495 Y116.111 E.05437
G1 X110.697 Y117.061 E.03207
G1 X111.068 Y117.911 E.03062
G1 X111.33 Y118.317 E.01595
G1 X109.798 Y117.917 F9000
G1 F900
G1 X110.132 Y118.599 E.02507
G1 X110.485 Y119.143 E.02141
G1 X111.123 Y119.877 E.03211
G1 X111.94 Y119.06 E.03815
G1 X112.532 Y119.586 E.02615
G1 X113.446 Y120.114 E.03485
G1 X114.45 Y120.44 E.03485
G1 X114.869 Y120.484 E.01391
G1 X116.054 Y121.669 E.05533
G1 X114.946 Y121.669 E.03658
G1 X116.131 Y120.484 E.05533
G1 X116.55 Y120.44 E.01391
G1 X117.554 Y120.114 E.03485
G1 X118.469 Y119.586 E.03488
G1 X119.057 Y119.057 E.02611
G1 X119.877 Y119.877 E.03829
G1 X119.143 Y120.515 E.03211
G1 X118.599 Y120.868 E.02141
G1 X117.917 Y121.202 E.02507
;LAYER_CHANGE
;Z:8.41
;HEIGHT:0.2
;BEFORE_LAYER_CHANGE
G92 E0
;13.2


G1 E-3.5 F3600
;WIPE_START
G1 F7200
G1 X118.599 Y120.868 E-.36071
G1 X119.143 Y120.515 E-.30803
G1 X119.877 Y119.877 E-.46195
G1 X119.327 Y119.327 E-.36931
;WIPE_END
G1 Z8.41 F9000
;AFTER_LAYER_CHANGE
;13.2
G1 X117.421 Y119.815
G1 E5 F2400
;TYPE:Perimeter
;WIDTH:0.439999
G1 F900
G1 X117.061 Y119.976 E.01302
G1 X116.482 Y120.12 E.0197
G1 X115.945 Y120.222 E.01805
G1 X115.106 Y120.224 E.0277
G1 X114.518 Y120.12 E.01972
G1 X113.986 Y119.995 E.01804
G1 X113.219 Y119.655 E.0277
G1 X112.724 Y119.321 E.01972
G1 X112.289 Y118.991 E.01803
G1 X111.726 Y118.368 E.02772
G1 X111.409 Y117.862 E.01971
G1 X111.146 Y117.383 E.01804
G1 X110.886 Y116.585 E.02771
G1 X110.802 Y115.994 E.01971
G1 X110.757 Y115.449 E.01806
G1 X110.798 Y114.904 E.01805
G1 X110.962 Y114.133 E.02603
G1 X111.185 Y113.579 E.01972
G1 X111.418 Y113.084 E.01806
G1 X111.91 Y112.405 E.02769
G1 X112.339 Y111.99 E.01971
G1 X112.753 Y111.633 E.01805
G1 X113.48 Y111.212 E.02774
G1 X114.415 Y110.886 E.03269
G1 X115.005 Y110.798 E.0197
G1 X115.572 Y110.769 E.01875
G1 X116.096 Y110.798 E.01733
G1 X116.868 Y110.962 E.02606
G1 X117.421 Y111.185 E.01969
G1 X117.916 Y111.418 E.01806
G1 X118.595 Y111.91 E.02769
G1 X119.01 Y112.339 E.01971
G1 X119.367 Y112.753 E.01805
G1 X119.788 Y113.48 E.02774
G1 X119.992 Y114.04 E.01968
G1 X120.15 Y114.564 E.01807
G1 X120.239 Y115.398 E.02769
G1 X120.198 Y115.994 E.01972
G1 X120.129 Y116.536 E.01804
G1 X119.871 Y117.335 E.02772
G1 X119.591 Y117.862 E.0197
G1 X119.307 Y118.329 E.01805
G1 X118.746 Y118.954 E.02773
G1 X118.276 Y119.321 E.01969
G1 X117.827 Y119.633 E.01805
G1 X117.476 Y119.79 E.0127
G1 X117.26 Y119.452 F9000
G1 F900
G1 X116.9 Y119.613 E.01302
G1 X116.4 Y119.732 E.01697
G1 X115.894 Y119.826 E.01699
G1 X115.106 Y119.826 E.02602
G1 X114.6 Y119.732 E.01699
G1 X114.1 Y119.613 E.01697
G1 X113.38 Y119.292 E.02603
G1 X112.957 Y119 E.01697
G1 X112.549 Y118.688 E.01696
G1 X112.021 Y118.102 E.02604
G1 X111.753 Y117.663 E.01698
G1 X111.507 Y117.212 E.01696
G1 X111.263 Y116.462 E.02604
G1 X111.154 Y115.47 E.03295
G1 X111.186 Y114.986 E.01602
G1 X111.35 Y114.215 E.02603
G1 X111.548 Y113.74 E.01699
G1 X111.768 Y113.276 E.01695
G1 X112.232 Y112.638 E.02605
G1 X112.605 Y112.285 E.01696
G1 X112.995 Y111.95 E.01698
G1 X113.678 Y111.556 E.02603
G1 X114.538 Y111.263 E.03
G1 X115.051 Y111.192 E.0171
G1 X115.563 Y111.166 E.01693
G1 X116.014 Y111.186 E.01491
G1 X116.785 Y111.35 E.02603
G1 X117.26 Y111.548 E.01699
G1 X117.724 Y111.768 E.01695
G1 X118.362 Y112.232 E.02605
G1 X118.715 Y112.605 E.01696
G1 X119.05 Y112.995 E.01698
G1 X119.444 Y113.678 E.02603
G1 X119.615 Y114.163 E.01698
G1 X119.762 Y114.656 E.01699
G1 X119.844 Y115.44 E.02603
G1 X119.803 Y115.952 E.01696
G1 X119.737 Y116.462 E.01698
G1 X119.493 Y117.212 E.02604
G1 X119.247 Y117.663 E.01696
G1 X118.979 Y118.102 E.01698
G1 X118.451 Y118.688 E.02604
G1 X118.043 Y119 E.01696
G1 X117.62 Y119.292 E.01697
G1 X117.315 Y119.428 E.01103
G1 X117.101 Y119.097 F9000
;TYPE:External perimeter
;WIDTH:0.419999
G1 F900
G1 X116.742 Y119.259 E.01235
G1 X115.933 Y119.435 E.02596
G1 X115.106 Y119.439 E.02593
G1 X114.295 Y119.271 E.02597
G1 X113.538 Y118.938 E.02593
G1 X112.866 Y118.455 E.02595
G1 X112.309 Y117.843 E.02595
G1 X111.891 Y117.128 E.02597
G1 X111.632 Y116.342 E.02595
G1 X111.541 Y115.52 E.02593
G1 X111.565 Y115.067 E.01422
G1 X111.729 Y114.296 E.02471
G1 X112.062 Y113.538 E.02596
G1 X112.545 Y112.866 E.02595
G1 X113.157 Y112.309 E.02595
G1 X113.872 Y111.891 E.02597
G1 X114.658 Y111.632 E.02595
G1 X115.33 Y111.549 E.02123
G1 X115.898 Y111.561 E.01781
G1 X116.705 Y111.729 E.02585
G1 X117.462 Y112.062 E.02593
G1 X118.134 Y112.545 E.02595
G1 X118.691 Y113.157 E.02595
G1 X119.109 Y113.872 E.02597
G1 X119.368 Y114.658 E.02595
G1 X119.459 Y115.48 E.02593
G1 X119.377 Y116.304 E.02596
G1 X119.125 Y117.092 E.02594
G1 X118.714 Y117.811 E.02597
G1 X118.164 Y118.429 E.02594
G1 X117.497 Y118.919 E.02595
G1 X117.156 Y119.072 E.01172
G1 E-3.5 F3600
;WIPE_START
G1 F7200
G1 X117.101 Y119.097 E-.0287
G1 X116.742 Y119.259 E-.18708
G1 X115.933 Y119.435 E-.39326
G1 X115.106 Y119.439 E-.39283
G1 X114.295 Y119.271 E-.3934
G1 X114.093 Y119.182 E-.10473
;WIPE_END
G1 X118.317 Y121.351 F9000
G1 E5 F2400
;TYPE:Perimeter
;WIDTH:0.439999
G1 F900
G1 X118.102 Y121.459 E.00794
G1 X117.372 Y121.723 E.02563
G1 X116.806 Y121.87 E.01931
G1 X116.037 Y121.976 E.02563
G1 X115.453 Y122.002 E.0193
G1 X114.679 Y121.946 E.02562
G1 X114.103 Y121.85 E.01928
G1 X113.356 Y121.635 E.02567
G1 X112.813 Y121.421 E.01927
G1 X112.128 Y121.055 E.02564
G1 X111.641 Y120.733 E.01928
G1 X111.047 Y120.233 E.02564
G1 X110.637 Y119.816 E.01931
G1 X110.16 Y119.203 E.02565
G1 X109.846 Y118.711 E.01927
G1 X109.507 Y118.012 E.02565
G1 X109.302 Y117.465 E.01929
G1 X109.115 Y116.711 E.02565
G1 X109.029 Y116.133 E.01929
G1 X109.003 Y115.357 E.02564
G1 X109.054 Y114.679 E.02245
G1 X109.15 Y114.103 E.01928
G1 X109.365 Y113.357 E.02563
G1 X109.579 Y112.813 E.0193
G1 X109.945 Y112.128 E.02564
G1 X110.267 Y111.641 E.01928
G1 X110.767 Y111.047 E.02564
G1 X111.184 Y110.637 E.01931
G1 X111.797 Y110.16 E.02565
G1 X112.289 Y109.846 E.01927
G1 X112.988 Y109.507 E.02565
G1 X113.535 Y109.302 E.01929
G1 X114.362 Y109.104 E.02808
G1 X115.101 Y109.021 E.02455
G1 X115.639 Y109.003 E.01777
G1 X116.321 Y109.053 E.02258
G1 X116.897 Y109.15 E.01929
G1 X117.644 Y109.365 E.02567
G1 X118.187 Y109.579 E.01927
G1 X118.872 Y109.945 E.02564
G1 X119.359 Y110.267 E.01928
G1 X119.953 Y110.767 E.02564
G1 X120.363 Y111.184 E.01931
G1 X120.84 Y111.797 E.02565
G1 X121.154 Y112.289 E.01927
G1 X121.493 Y112.988 E.02565
G1 X121.698 Y113.535 E.01929
G1 X121.885 Y114.289 E.02565
G1 X121.971 Y114.867 E.01929
G1 X121.997 Y115.643 E.02564
G1 X121.962 Y116.226 E.01928
G1 X121.825 Y116.991 E.02566
G1 X121.669 Y117.554 E.01929
G1 X121.377 Y118.273 E.02562
G1 X121.108 Y118.791 E.01927
G1 X120.672 Y119.434 E.02565
G1 X120.301 Y119.885 E.01928
G1 X119.741 Y120.424 E.02566
G1 X119.284 Y120.788 E.01929
G1 X118.625 Y121.198 E.02563
G1 X118.371 Y121.325 E.00938
G1 X118.552 Y121.68 F9000
G1 F900
G1 X118.307 Y121.805 E.00908
G1 X117.633 Y122.064 E.02384
G1 X116.935 Y122.251 E.02386
G1 X116.221 Y122.364 E.02387
G1 X115.5 Y122.402 E.02384
G1 X114.779 Y122.364 E.02384
G1 X114.065 Y122.251 E.02387
G1 X113.367 Y122.064 E.02386
G1 X112.693 Y121.805 E.02384
G1 X112.049 Y121.477 E.02386
G1 X111.443 Y121.084 E.02385
G1 X110.882 Y120.629 E.02385
G1 X110.371 Y120.118 E.02386
G1 X109.916 Y119.557 E.02385
G1 X109.523 Y118.951 E.02385
G1 X109.195 Y118.307 E.02386
G1 X108.936 Y117.633 E.02384
G1 X108.749 Y116.935 E.02386
G1 X108.636 Y116.221 E.02387
G1 X108.598 Y115.5 E.02384
G1 X108.636 Y114.779 E.02384
G1 X108.749 Y114.065 E.02387
G1 X108.936 Y113.367 E.02386
G1 X109.195 Y112.693 E.02384
G1 X109.523 Y112.049 E.02386
G1 X109.916 Y111.443 E.02385
G1 X110.371 Y110.882 E.02385
G1 X110.882 Y110.371 E.02386
G1 X111.443 Y109.916 E.02385
G1 X112.049 Y109.523 E.02385
G1 X112.693 Y109.195 E.02386
G1 X113.367 Y108.936 E.02384
G1 X114.065 Y108.749 E.02386
G1 X114.775 Y108.636 E.02374
G1 X115.601 Y108.603 E.02729
G1 X116.221 Y108.636 E.0205
G1 X116.935 Y108.749 E.02387
G1 X117.633 Y108.936 E.02386
G1 X118.307 Y109.195 E.02384
G1 X118.951 Y109.523 E.02386
G1 X119.557 Y109.916 E.02385
G1 X120.118 Y110.371 E.02385
G1 X120.629 Y110.882 E.02386
G1 X121.084 Y111.443 E.02385
G1 X121.477 Y112.049 E.02385
G1 X121.805 Y112.693 E.02386
G1 X122.04 Y113.304 E.02161
G1 X122.184 Y113.813 E.01747
G1 X122.292 Y114.323 E.01721
G1 X122.368 Y114.846 E.01745
G1 X122.399 Y115.567 E.02383
G1 X122.364 Y116.221 E.02162
G1 X122.251 Y116.935 E.02387
G1 X122.064 Y117.633 E.02386
G1 X121.805 Y118.307 E.02384
G1 X121.477 Y118.951 E.02386
G1 X121.084 Y119.557 E.02385
G1 X120.629 Y120.118 E.02385
G1 X120.118 Y120.629 E.02386
G1 X119.557 Y121.084 E.02385
G1 X118.951 Y121.477 E.02385
G1 X118.606 Y121.653 E.01279
G1 X118.782 Y121.998 F9000
;TYPE:External perimeter
;WIDTH:0.419999
G1 F900
G1 X118.465 Y122.159 E.01115
G1 X117.753 Y122.433 E.02392
G1 X117.016 Y122.63 E.02392
G1 X116.262 Y122.75 E.02394
G1 X115.5 Y122.79 E.02392
G1 X114.738 Y122.75 E.02392
G1 X113.984 Y122.63 E.02394
G1 X113.247 Y122.433 E.02392
G1 X112.535 Y122.159 E.02392
G1 X111.855 Y121.813 E.02392
G1 X111.215 Y121.398 E.02392
G1 X110.622 Y120.917 E.02394
G1 X110.083 Y120.378 E.0239
G1 X109.602 Y119.785 E.02394
G1 X109.187 Y119.145 E.02392
G1 X108.841 Y118.465 E.02392
G1 X108.567 Y117.753 E.02392
G1 X108.37 Y117.016 E.02392
G1 X108.25 Y116.262 E.02394
G1 X108.21 Y115.5 E.02392
G1 X108.25 Y114.738 E.02392
G1 X108.37 Y113.984 E.02394
G1 X108.567 Y113.247 E.02392
G1 X108.841 Y112.535 E.02392
G1 X109.187 Y111.855 E.02392
G1 X109.602 Y111.215 E.02392
G1 X110.083 Y110.622 E.02394
G1 X110.622 Y110.083 E.0239
G1 X111.215 Y109.602 E.02394
G1 X111.855 Y109.187 E.02392
G1 X112.535 Y108.841 E.02392
G1 X113.247 Y108.567 E.02392
G1 X113.984 Y108.37 E.02392
G1 X114.737 Y108.25 E.02391
G1 X115.603 Y108.216 E.02717
G1 X116.262 Y108.25 E.02069
G1 X117.016 Y108.37 E.02394
G1 X117.753 Y108.567 E.02392
G1 X118.465 Y108.841 E.02392
G1 X119.145 Y109.187 E.02392
G1 X119.785 Y109.602 E.02392
G1 X120.378 Y110.083 E.02394
G1 X120.917 Y110.622 E.0239
G1 X121.398 Y111.215 E.02394
G1 X121.813 Y111.855 E.02392
G1 X122.159 Y112.535 E.02392
G1 X122.401 Y113.165 E.02116
G1 X122.558 Y113.713 E.01787
G1 X122.674 Y114.262 E.01759
G1 X122.754 Y114.826 E.01786
G1 X122.785 Y115.587 E.02388
G1 X122.75 Y116.262 E.02119
G1 X122.63 Y117.016 E.02394
G1 X122.433 Y117.753 E.02392
G1 X122.159 Y118.465 E.02392
G1 X121.813 Y119.145 E.02392
G1 X121.398 Y119.785 E.02392
G1 X120.917 Y120.378 E.02394
G1 X120.378 Y120.917 E.0239
G1 X119.785 Y121.398 E.02394
G1 X119.145 Y121.813 E.02392
G1 X118.835 Y121.971 E.01091
G1 E-3.5 F3600
;WIPE_START
G1 F7200
G1 X118.782 Y121.998 E-.02825
G1 X118.465 Y122.159 E-.16888
G1 X117.753 Y122.433 E-.36238
G1 X117.016 Y122.63 E-.36237
G1 X116.262 Y122.75 E-.36266
G1 X115.809 Y122.774 E-.21546
;WIPE_END
G1 X118.313 Y119.673 F9000
G1 E5 F2400
;TYPE:Internal infill
;WIDTH:0.44
G1 F900
G1 X117.911 Y119.932 E.01579
G1 X117.061 Y120.303 E.03062
G1 X116.107 Y120.509 E.03222
G1 X114.946 Y121.669 E.05419
G1 X115.5 Y121.698 E.01832
G1 X116.054 Y121.669 E.01832
G1 X114.89 Y120.505 E.05435
G1 X113.939 Y120.303 E.0321
G1 X112.975 Y119.874 E.03484
G1 X112.688 Y119.665 E.01172
G1 E-3.5 F3600
;WIPE_START
G1 F7200
G1 X112.975 Y119.874 E-.16864
G1 X113.939 Y120.303 E-.5012
G1 X114.89 Y120.505 E-.4618
G1 X115.438 Y121.053 E-.36836
;WIPE_END
G1 X109.798 Y117.917 F9000
G1 E5 F2400
G1 F900
G1 X110.132 Y118.599 E.02507
G1 X110.485 Y119.143 E.02141
G1 X111.123 Y119.877 E.03211
G1 X111.943 Y119.057 E.03829
G1 X111.414 Y118.469 E.02611
G1 X110.886 Y117.554 E.03488
G1 X110.56 Y116.55 E.03485
G1 X110.514 Y116.129 E.01398
G1 X109.331 Y114.946 E.05524
G1 X109.331 Y116.054 E.03658
G1 X110.488 Y114.896 E.05405
G1 X110.717 Y113.881 E.03435
G1 X111.126 Y112.975 E.03282
G1 X111.329 Y112.692 E.0115
G1 E-3.5 F3600
;WIPE_START
G1 F7200
G1 X111.126 Y112.975 E-.16543
G1 X110.717 Y113.881 E-.47217
G1 X110.488 Y114.896 E-.49424
G1 X109.94 Y115.444 E-.36816
;WIPE_END
G1 X113.083 Y109.798 F9000
G1 E5 F2400
G1 F900
G1 X112.401 Y110.132 E.02507
G1 X111.857 Y110.485 E.02141
G1 X111.123 Y111.123 E.03211
G1 X111.941 Y111.941 E.0382
G1 X112.532 Y111.414 E.02614
G1 X113.446 Y110.886 E.03485
G1 X114.449 Y110.56 E.03482
G1 X114.875 Y110.509 E.01417
G1 X116.054 Y109.331 E.05503
G1 X114.949 Y109.333 E.03648
G1 X116.104 Y110.488 E.05393
G1 X117.119 Y110.717 E.03435
G1 X118.025 Y111.126 E.03282
G1 X118.307 Y111.331 E.01151
G1 E-3.5 F3600
;WIPE_START
G1 F7200
G1 X118.025 Y111.126 E-.1656
G1 X117.119 Y110.717 E-.47217
G1 X116.104 Y110.488 E-.49424
G1 X115.556 Y109.94 E-.36799
;WIPE_END
G1 X121.202 Y113.083 F9000
G1 E5 F2400
G1 F900
G1 X120.868 Y112.401 E.02507
G1 X120.515 Y111.857 E.02141
G1 X119.877 Y111.123 E.03211
G1 X119.057 Y111.943 E.03829
G1 X119.586 Y112.531 E.02611
G1 X120.114 Y113.446 E.03488
G1 X120.44 Y114.45 E.03485
G1 X120.486 Y114.871 E.01398
G1 X121.666 Y116.051 E.0551
G1 X121.698 Y115.5 E.01822
G1 X121.669 Y114.946 E.01832
G1 X120.487 Y116.128 E.05519
G1 X120.44 Y116.55 E.01402
G1 X120.114 Y117.554 E.03485
G1 X119.586 Y118.468 E.03485
G1 X119.06 Y119.06 E.02615
G1 X119.877 Y119.877 E.03815
G1 X120.515 Y119.143 E.03211
G1 X120.868 Y118.599 E.02141
G1 X121.202 Y117.917 E.02507
;LAYER_CHANGE
;Z:8.61
;HEIGHT:0.200001
;BEFORE_LAYER_CHANGE
G92 E0
;13.6


G1 E-3.5 F3600
;WIPE_START
G1 F7200
G1 X117.825 Y119.874 E-.28459
G1 X116.92 Y120.282 E-.47154
G1 X116.151 Y120.465 E-.37548
G1 X115.603 Y121.013 E-.36839
;WIPE_END
G1 Z8.61 F9000
;AFTER_LAYER_CHANGE
;13.6
G1 X118.276 Y119.321
G1 E5 F2400
;TYPE:Perimeter
;WIDTH:0.439999
G1 F900
G1 X117.957 Y119.553 E.01302
G1 X117.421 Y119.815 E.0197
G1 X116.917 Y120.026 E.01804
G1 X116.259 Y120.176 E.02228
G1 X115.58 Y120.241 E.02252
G1 X115.006 Y120.198 E.01901
G1 X114.464 Y120.129 E.01804
G1 X113.665 Y119.871 E.02772
G1 X113.138 Y119.591 E.0197
G1 X112.671 Y119.307 E.01805
G1 X112.046 Y118.746 E.02773
G1 X111.679 Y118.276 E.01969
G1 X111.367 Y117.827 E.01805
G1 X111.024 Y117.061 E.02771
G1 X110.878 Y116.48 E.01978
G1 X110.783 Y115.946 E.01791
G1 X110.777 Y115.114 E.02747
G1 X110.88 Y114.518 E.01997
G1 X111.005 Y113.986 E.01804
G1 X111.345 Y113.219 E.0277
G1 X111.679 Y112.724 E.01972
G1 X112.009 Y112.289 E.01803
G1 X112.632 Y111.726 E.02772
G1 X113.138 Y111.409 E.01971
G1 X113.617 Y111.146 E.01804
G1 X114.564 Y110.85 E.03276
G1 X115.234 Y110.77 E.02228
G1 X115.916 Y110.777 E.02252
G1 X116.482 Y110.88 E.01899
G1 X117.014 Y111.005 E.01804
G1 X117.781 Y111.345 E.0277
G1 X118.276 Y111.679 E.01972
G1 X118.711 Y112.009 E.01803
G1 X119.274 Y112.632 E.02772
G1 X119.591 Y113.138 E.01971
G1 X119.854 Y113.617 E.01804
G1 X120.114 Y114.415 E.02771
G1 X120.198 Y115.006 E.01971
G1 X120.243 Y115.551 E.01806
G1 X120.156 Y116.386 E.02772
G1 X119.992 Y116.96 E.01971
G1 X119.812 Y117.476 E.01804
G1 X119.394 Y118.203 E.02769
G1 X119.01 Y118.661 E.01973
G1 X118.647 Y119.05 E.01757
G1 X118.324 Y119.285 E.01319
G1 X118.043 Y119 F9000
G1 F900
G1 X117.724 Y119.232 E.01302
G1 X116.792 Y119.648 E.0337
G1 X116.171 Y119.789 E.02103
G1 X115.547 Y119.845 E.02069
G1 X114.538 Y119.737 E.0335
G1 X113.788 Y119.493 E.02604
G1 X113.337 Y119.247 E.01696
G1 X112.898 Y118.979 E.01698
G1 X112.312 Y118.451 E.02604
G1 X112 Y118.043 E.01696
G1 X111.708 Y117.62 E.01697
G1 X111.387 Y116.9 E.02603
G1 X111.181 Y115.943 E.03232
G1 X111.174 Y115.111 E.02747
G1 X111.268 Y114.6 E.01715
G1 X111.387 Y114.1 E.01697
G1 X111.708 Y113.38 E.02603
G1 X112 Y112.957 E.01697
G1 X112.312 Y112.549 E.01696
G1 X112.898 Y112.021 E.02604
G1 X113.337 Y111.753 E.01698
G1 X113.788 Y111.507 E.01696
G1 X114.649 Y111.239 E.02977
G1 X115.281 Y111.165 E.02101
G1 X115.907 Y111.174 E.02067
G1 X116.9 Y111.387 E.03353
G1 X117.62 Y111.708 E.02603
G1 X118.043 Y112 E.01697
G1 X118.451 Y112.312 E.01696
G1 X118.979 Y112.898 E.02604
G1 X119.247 Y113.337 E.01698
G1 X119.493 Y113.788 E.01696
G1 X119.737 Y114.538 E.02604
G1 X119.803 Y115.048 E.01698
G1 X119.844 Y115.56 E.01696
G1 X119.762 Y116.344 E.02603
G1 X119.615 Y116.837 E.01699
G1 X119.444 Y117.322 E.01698
G1 X119.05 Y118.005 E.02603
G1 X118.715 Y118.395 E.01698
G1 X118.362 Y118.768 E.01696
G1 X118.092 Y118.965 E.01104
G1 X117.814 Y118.685 F9000
;TYPE:External perimeter
;WIDTH:0.419999
G1 F900
G1 X117.497 Y118.919 E.01235
G1 X116.742 Y119.259 E.02596
G1 X116.086 Y119.411 E.02111
G1 X115.516 Y119.459 E.01794
G1 X114.696 Y119.377 E.02584
G1 X113.908 Y119.125 E.02594
G1 X113.189 Y118.714 E.02597
G1 X112.571 Y118.164 E.02594
G1 X112.081 Y117.497 E.02595
G1 X111.741 Y116.742 E.02596
G1 X111.572 Y115.978 E.02453
G1 X111.561 Y115.107 E.02731
G1 X111.729 Y114.295 E.026
G1 X112.062 Y113.538 E.02593
G1 X112.545 Y112.866 E.02595
G1 X113.157 Y112.309 E.02595
G1 X113.872 Y111.891 E.02597
G1 X114.694 Y111.624 E.0271
G1 X115.326 Y111.549 E.01995
G1 X115.898 Y111.561 E.01794
G1 X116.705 Y111.729 E.02585
G1 X117.462 Y112.062 E.02593
G1 X118.134 Y112.545 E.02595
G1 X118.691 Y113.157 E.02595
G1 X119.109 Y113.872 E.02597
G1 X119.368 Y114.658 E.02595
G1 X119.459 Y115.48 E.02593
G1 X119.377 Y116.304 E.02596
G1 X119.125 Y117.092 E.02594
G1 X118.714 Y117.811 E.02597
G1 X118.164 Y118.429 E.02594
G1 X117.863 Y118.65 E.01171
G1 E-3.5 F3600
;WIPE_START
G1 F7200
G1 X117.814 Y118.685 E-.0286
G1 X117.497 Y118.919 E-.18716
G1 X116.742 Y119.259 E-.39331
G1 X116.086 Y119.411 E-.31986
G1 X115.516 Y119.459 E-.27171
G1 X114.889 Y119.396 E-.29936
;WIPE_END
G1 X119.47 Y120.635 F9000
G1 E5 F2400
;TYPE:Perimeter
;WIDTH:0.439999
G1 F900
G1 X119.273 Y120.795 E.00838
G1 X118.625 Y121.198 E.0252
G1 X118.102 Y121.459 E.0193
G1 X117.301 Y121.742 E.02805
G1 X116.806 Y121.87 E.01688
G1 X116.134 Y121.971 E.02244
G1 X115.357 Y121.997 E.02567
G1 X114.774 Y121.962 E.01928
G1 X114.009 Y121.825 E.02566
G1 X113.446 Y121.669 E.01929
G1 X112.727 Y121.377 E.02562
G1 X112.209 Y121.108 E.01927
G1 X111.566 Y120.672 E.02565
G1 X111.115 Y120.301 E.01928
G1 X110.576 Y119.741 E.02566
G1 X110.212 Y119.284 E.01929
G1 X109.802 Y118.625 E.02563
G1 X109.541 Y118.102 E.0193
G1 X109.277 Y117.372 E.02563
G1 X109.13 Y116.806 E.01931
G1 X109.022 Y116 E.02685
G1 X108.998 Y115.453 E.01808
G1 X109.054 Y114.679 E.02562
G1 X109.15 Y114.103 E.01928
G1 X109.365 Y113.356 E.02567
G1 X109.579 Y112.813 E.01927
G1 X109.945 Y112.128 E.02564
G1 X110.267 Y111.641 E.01928
G1 X110.767 Y111.047 E.02564
G1 X111.184 Y110.637 E.01931
G1 X111.797 Y110.16 E.02565
G1 X112.289 Y109.846 E.01927
G1 X112.988 Y109.507 E.02565
G1 X113.535 Y109.302 E.01929
G1 X114.362 Y109.104 E.02808
G1 X115.098 Y109.021 E.02445
G1 X115.658 Y109.004 E.0185
G1 X116.321 Y109.053 E.02195
G1 X116.897 Y109.15 E.01929
G1 X117.644 Y109.365 E.02567
G1 X118.187 Y109.579 E.01927
G1 X118.872 Y109.945 E.02564
G1 X119.359 Y110.267 E.01928
G1 X119.953 Y110.767 E.02564
G1 X120.363 Y111.184 E.01931
G1 X120.84 Y111.797 E.02565
G1 X121.154 Y112.289 E.01927
G1 X121.493 Y112.988 E.02565
G1 X121.698 Y113.535 E.01929
G1 X121.885 Y114.289 E.02565
G1 X121.971 Y114.867 E.01929
G1 X121.997 Y115.643 E.02564
G1 X121.962 Y116.226 E.01928
G1 X121.825 Y116.991 E.02566
G1 X121.669 Y117.554 E.01929
G1 X121.377 Y118.273 E.02562
G1 X121.108 Y118.791 E.01927
G1 X120.672 Y119.434 E.02565
G1 X120.301 Y119.885 E.01928
G1 X119.671 Y120.471 E.02841
G1 X119.516 Y120.597 E.0066
G1 X119.768 Y120.907 F9000
G1 F900
G1 X119.553 Y121.086 E.00924
G1 X118.951 Y121.477 E.0237
G1 X118.307 Y121.805 E.02386
G1 X117.633 Y122.064 E.02384
G1 X116.935 Y122.251 E.02386
G1 X116.221 Y122.364 E.02387
G1 X115.5 Y122.402 E.02384
G1 X114.779 Y122.364 E.02384
G1 X114.065 Y122.251 E.02387
G1 X113.367 Y122.064 E.02386
G1 X112.693 Y121.805 E.02384
G1 X112.049 Y121.477 E.02386
G1 X111.443 Y121.084 E.02385
G1 X110.882 Y120.629 E.02385
G1 X110.371 Y120.118 E.02386
G1 X109.916 Y119.557 E.02385
G1 X109.523 Y118.951 E.02385
G1 X109.195 Y118.307 E.02386
G1 X108.936 Y117.633 E.02384
G1 X108.749 Y116.935 E.02386
G1 X108.636 Y116.221 E.02387
G1 X108.598 Y115.5 E.02384
G1 X108.636 Y114.779 E.02384
G1 X108.749 Y114.065 E.02387
G1 X108.936 Y113.367 E.02386
G1 X109.195 Y112.693 E.02384
G1 X109.523 Y112.049 E.02386
G1 X109.916 Y111.443 E.02385
G1 X110.371 Y110.882 E.02385
G1 X110.882 Y110.371 E.02386
G1 X111.443 Y109.916 E.02385
G1 X112.049 Y109.523 E.02385
G1 X112.693 Y109.195 E.02386
G1 X113.367 Y108.936 E.02384
G1 X114.065 Y108.749 E.02386
G1 X114.774 Y108.636 E.0237
G1 X115.621 Y108.604 E.02799
G1 X116.221 Y108.636 E.01984
G1 X116.935 Y108.749 E.02387
G1 X117.633 Y108.936 E.02386
G1 X118.307 Y109.195 E.02384
G1 X118.951 Y109.523 E.02386
G1 X119.557 Y109.916 E.02385
G1 X120.118 Y110.371 E.02385
G1 X120.629 Y110.882 E.02386
G1 X121.084 Y111.443 E.02385
G1 X121.477 Y112.049 E.02385
G1 X121.805 Y112.693 E.02386
G1 X122.04 Y113.304 E.02161
G1 X122.184 Y113.813 E.01747
G1 X122.292 Y114.323 E.01721
G1 X122.368 Y114.846 E.01745
G1 X122.399 Y115.567 E.02383
G1 X122.364 Y116.221 E.02162
G1 X122.251 Y116.935 E.02387
G1 X122.064 Y117.633 E.02386
G1 X121.805 Y118.307 E.02384
G1 X121.477 Y118.951 E.02386
G1 X121.084 Y119.557 E.02385
G1 X120.629 Y120.118 E.02385
G1 X120.204 Y120.544 E.01987
G1 X119.814 Y120.869 E.01676
G1 X120.058 Y121.17 F9000
;TYPE:External perimeter
;WIDTH:0.419999
G1 F900
G1 X119.784 Y121.398 E.01118
G1 X119.145 Y121.813 E.02389
G1 X118.465 Y122.159 E.02392
G1 X117.753 Y122.433 E.02392
G1 X117.016 Y122.63 E.02392
G1 X116.262 Y122.75 E.02394
G1 X115.5 Y122.79 E.02392
G1 X114.738 Y122.75 E.02392
G1 X113.984 Y122.63 E.02394
G1 X113.247 Y122.433 E.02392
G1 X112.535 Y122.159 E.02392
G1 X111.855 Y121.813 E.02392
G1 X111.215 Y121.398 E.02392
G1 X110.622 Y120.917 E.02394
G1 X110.083 Y120.378 E.0239
G1 X109.602 Y119.785 E.02394
G1 X109.187 Y119.145 E.02392
G1 X108.841 Y118.465 E.02392
G1 X108.567 Y117.753 E.02392
G1 X108.37 Y117.016 E.02392
G1 X108.25 Y116.262 E.02394
G1 X108.21 Y115.5 E.02392
G1 X108.25 Y114.738 E.02392
G1 X108.37 Y113.984 E.02394
G1 X108.567 Y113.247 E.02392
G1 X108.841 Y112.535 E.02392
G1 X109.187 Y111.855 E.02392
G1 X109.602 Y111.215 E.02392
G1 X110.083 Y110.622 E.02394
G1 X110.622 Y110.083 E.0239
G1 X111.215 Y109.602 E.02394
G1 X111.855 Y109.187 E.02392
G1 X112.535 Y108.841 E.02392
G1 X113.247 Y108.567 E.02392
G1 X113.984 Y108.37 E.02392
G1 X114.737 Y108.25 E.02391
G1 X115.624 Y108.217 E.02783
G1 X116.262 Y108.25 E.02003
G1 X117.016 Y108.37 E.02394
G1 X117.753 Y108.567 E.02392
G1 X118.465 Y108.841 E.02392
G1 X119.145 Y109.187 E.02392
G1 X119.785 Y109.602 E.02392
G1 X120.378 Y110.083 E.02394
G1 X120.917 Y110.622 E.0239
G1 X121.398 Y111.215 E.02394
G1 X121.813 Y111.855 E.02392
G1 X122.159 Y112.535 E.02392
G1 X122.401 Y113.165 E.02116
G1 X122.558 Y113.713 E.01787
G1 X122.674 Y114.262 E.01759
G1 X122.754 Y114.826 E.01786
G1 X122.785 Y115.587 E.02388
G1 X122.75 Y116.262 E.02119
G1 X122.63 Y117.016 E.02394
G1 X122.433 Y117.753 E.02392
G1 X122.159 Y118.465 E.02392
G1 X121.813 Y119.145 E.02392
G1 X121.398 Y119.785 E.02392
G1 X120.917 Y120.378 E.02394
G1 X120.466 Y120.83 E.02002
G1 X120.104 Y121.131 E.01476
G1 E-3.5 F3600
;WIPE_START
G1 F7200
G1 X120.058 Y121.17 E-.02865
G1 X119.784 Y121.398 E-.16932
G1 X119.145 Y121.813 E-.36192
G1 X118.465 Y122.159 E-.36241
G1 X117.753 Y122.433 E-.36238
G1 X117.315 Y122.55 E-.21532
;WIPE_END
G1 X118.318 Y119.664 F9000
G1 E5 F2400
;TYPE:Internal infill
;WIDTH:0.44
G1 F900
G1 X118.025 Y119.874 E.0119
G1 X117.12 Y120.282 E.03278
G1 X116.115 Y120.501 E.03396
G1 X114.949 Y121.666 E.05442
G1 X116.054 Y121.669 E.03648
G1 X114.869 Y120.484 E.05533
G1 X114.45 Y120.44 E.01391
G1 X113.446 Y120.114 E.03485
G1 X112.532 Y119.586 E.03485
G1 X111.94 Y119.06 E.02615
G1 X111.123 Y119.877 E.03815
G1 X111.857 Y120.515 E.03211
G1 X112.401 Y120.868 E.02141
G1 X113.083 Y121.202 E.02507
G1 E-3.5 F3600
;WIPE_START
G1 F7200
G1 X112.401 Y120.868 E-.36071
G1 X111.857 Y120.515 E-.30803
G1 X111.123 Y119.877 E-.46195
G1 X111.672 Y119.328 E-.36931
;WIPE_END
G1 X111.33 Y118.316 F9000
G1 E5 F2400
G1 F900
G1 X111.068 Y117.911 E.01593
G1 X110.697 Y117.061 E.03062
G1 X110.495 Y116.111 E.03207
G1 X109.331 Y114.946 E.05437
G1 X109.302 Y115.5 E.01832
G1 X109.331 Y116.054 E.01832
G1 X110.495 Y114.89 E.05435
G1 X110.697 Y113.939 E.0321
G1 X111.126 Y112.975 E.03484
G1 X111.335 Y112.688 E.01172
G1 E-3.5 F3600
;WIPE_START
G1 F7200
G1 X111.126 Y112.975 E-.16864
G1 X110.697 Y113.939 E-.5012
G1 X110.495 Y114.89 E-.4618
G1 X109.947 Y115.438 E-.36836
;WIPE_END
G1 X113.083 Y109.798 F9000
G1 E5 F2400
G1 F900
G1 X112.401 Y110.132 E.02507
G1 X111.857 Y110.485 E.02141
G1 X111.123 Y111.123 E.03211
G1 X111.943 Y111.943 E.03829
G1 X112.531 Y111.414 E.02611
G1 X113.446 Y110.886 E.03488
G1 X114.449 Y110.56 E.03482
G1 X114.875 Y110.509 E.01417
G1 X116.054 Y109.331 E.05503
G1 X114.949 Y109.333 E.03648
G1 X116.104 Y110.488 E.05393
G1 X117.119 Y110.717 E.03435
G1 X118.025 Y111.126 E.03282
G1 X118.308 Y111.329 E.0115
G1 X117.917 Y109.798 F9000
G1 F900
G1 X118.599 Y110.132 E.02507
G1 X119.143 Y110.485 E.02141
G1 X119.877 Y111.123 E.03211
G1 X119.059 Y111.941 E.0382
G1 X119.586 Y112.532 E.02614
G1 X120.114 Y113.446 E.03485
G1 X120.44 Y114.45 E.03485
G1 X120.484 Y114.869 E.01391
G1 X121.669 Y116.054 E.05533
G1 X121.669 Y114.946 E.03658
G1 X120.484 Y116.131 E.05533
G1 X120.44 Y116.55 E.01391
G1 X120.114 Y117.554 E.03485
G1 X119.586 Y118.468 E.03485
G1 X119.06 Y119.06 E.02615
G1 X119.877 Y119.877 E.03815
G1 X120.515 Y119.143 E.03211
G1 X120.868 Y118.599 E.02141
G1 X121.202 Y117.917 E.02507
;LAYER_CHANGE
;Z:8.81
;HEIGHT:0.2
;BEFORE_LAYER_CHANGE
G92 E0
;14


G1 E-3.5 F3600
;WIPE_START
G1 F7200
G1 X117.825 Y119.874 E-.28836
G1 X116.861 Y120.303 E-.5012
G1 X116.158 Y120.458 E-.34195
G1 X115.609 Y121.006 E-.36849
;WIPE_END
G1 Z8.81 F9000
;AFTER_LAYER_CHANGE
;14
G1 X118.276 Y119.321
G1 E5 F2400
;TYPE:Perimeter
;WIDTH:0.439999
G1 F900
G1 X117.957 Y119.553 E.01302
G1 X117.421 Y119.815 E.0197
G1 X116.917 Y120.026 E.01804
G1 X116.262 Y120.175 E.02218
G1 X115.58 Y120.241 E.02262
G1 X115.006 Y120.198 E.01901
G1 X114.464 Y120.129 E.01804
G1 X113.665 Y119.871 E.02772
G1 X112.797 Y119.394 E.0327
G1 X112.339 Y119.01 E.01973
G1 X111.941 Y118.636 E.01803
G1 X111.447 Y117.957 E.02772
G1 X111.185 Y117.421 E.0197
G1 X110.974 Y116.917 E.01804
G1 X110.805 Y116.14 E.02625
G1 X110.779 Y115.493 E.02138
G1 X110.788 Y114.954 E.0178
G1 X110.962 Y114.132 E.02774
G1 X111.185 Y113.579 E.01969
G1 X111.418 Y113.084 E.01806
G1 X111.91 Y112.405 E.02769
G1 X112.339 Y111.99 E.01971
G1 X112.753 Y111.633 E.01805
G1 X113.48 Y111.212 E.02774
G1 X114.04 Y111.008 E.01968
G1 X114.564 Y110.85 E.01807
G1 X115.231 Y110.771 E.02218
G1 X115.916 Y110.777 E.02262
G1 X116.482 Y110.88 E.01899
G1 X117.014 Y111.005 E.01804
G1 X117.781 Y111.345 E.0277
G1 X118.276 Y111.679 E.01972
G1 X118.711 Y112.009 E.01803
G1 X119.274 Y112.632 E.02772
G1 X119.591 Y113.138 E.01971
G1 X119.854 Y113.617 E.01804
G1 X120.114 Y114.415 E.02771
G1 X120.198 Y115.006 E.01971
G1 X120.243 Y115.551 E.01806
G1 X120.156 Y116.386 E.02772
G1 X119.992 Y116.96 E.01971
G1 X119.812 Y117.476 E.01804
G1 X119.394 Y118.203 E.02769
G1 X119.01 Y118.661 E.01973
G1 X118.636 Y119.059 E.01803
G1 X118.325 Y119.286 E.01271
G1 X118.043 Y119 F9000
G1 F900
G1 X117.724 Y119.232 E.01302
G1 X116.792 Y119.648 E.0337
G1 X116.175 Y119.788 E.02089
G1 X115.547 Y119.845 E.02082
G1 X114.538 Y119.737 E.0335
G1 X113.788 Y119.493 E.02604
G1 X112.995 Y119.05 E.02999
G1 X112.605 Y118.715 E.01698
G1 X112.232 Y118.362 E.01696
G1 X111.768 Y117.724 E.02605
G1 X111.548 Y117.26 E.01695
G1 X111.35 Y116.787 E.01693
G1 X111.193 Y116.056 E.02469
G1 X111.177 Y115.49 E.0187
G1 X111.186 Y114.986 E.01664
G1 X111.35 Y114.215 E.02603
G1 X111.548 Y113.74 E.01699
G1 X111.768 Y113.276 E.01695
G1 X112.232 Y112.638 E.02605
G1 X112.605 Y112.285 E.01696
G1 X112.995 Y111.95 E.01698
G1 X113.678 Y111.556 E.02603
G1 X114.648 Y111.239 E.03369
G1 X115.277 Y111.165 E.02091
G1 X115.907 Y111.174 E.0208
G1 X116.9 Y111.387 E.03353
G1 X117.62 Y111.708 E.02603
G1 X118.043 Y112 E.01697
G1 X118.451 Y112.312 E.01696
G1 X118.979 Y112.898 E.02604
G1 X119.247 Y113.337 E.01698
G1 X119.493 Y113.788 E.01696
G1 X119.737 Y114.538 E.02604
G1 X119.803 Y115.048 E.01698
G1 X119.844 Y115.56 E.01696
G1 X119.762 Y116.344 E.02603
G1 X119.615 Y116.837 E.01699
G1 X119.444 Y117.322 E.01698
G1 X119.05 Y118.005 E.02603
G1 X118.715 Y118.395 E.01698
G1 X118.362 Y118.768 E.01696
G1 X118.092 Y118.965 E.01104
G1 X117.814 Y118.685 F9000
;TYPE:External perimeter
;WIDTH:0.419999
G1 F900
G1 X117.497 Y118.919 E.01235
G1 X116.742 Y119.259 E.02596
G1 X116.089 Y119.41 E.02101
G1 X115.516 Y119.459 E.01803
G1 X114.696 Y119.377 E.02584
G1 X113.908 Y119.125 E.02594
G1 X113.189 Y118.714 E.02597
G1 X112.571 Y118.164 E.02594
G1 X112.081 Y117.497 E.02595
G1 X111.741 Y116.742 E.02596
G1 X111.571 Y115.975 E.02463
G1 X111.561 Y115.107 E.02722
G1 X111.729 Y114.295 E.026
G1 X112.062 Y113.538 E.02593
G1 X112.545 Y112.866 E.02595
G1 X113.157 Y112.309 E.02595
G1 X113.872 Y111.891 E.02597
G1 X114.658 Y111.632 E.02595
G1 X115.323 Y111.549 E.02101
G1 X115.898 Y111.561 E.01803
G1 X116.705 Y111.729 E.02585
G1 X117.462 Y112.062 E.02593
G1 X118.134 Y112.545 E.02595
G1 X118.691 Y113.157 E.02595
G1 X119.109 Y113.872 E.02597
G1 X119.368 Y114.658 E.02595
G1 X119.459 Y115.48 E.02593
G1 X119.377 Y116.304 E.02596
G1 X119.125 Y117.092 E.02594
G1 X118.714 Y117.811 E.02597
G1 X118.164 Y118.429 E.02594
G1 X117.863 Y118.65 E.01171
G1 E-3.5 F3600
;WIPE_START
G1 F7200
G1 X117.814 Y118.685 E-.0286
G1 X117.497 Y118.919 E-.18716
G1 X116.742 Y119.259 E-.39331
G1 X116.089 Y119.41 E-.31836
G1 X115.516 Y119.459 E-.27317
G1 X114.889 Y119.396 E-.2994
;WIPE_END
G1 X119.472 Y120.638 F9000
G1 E5 F2400
;TYPE:Perimeter
;WIDTH:0.439999
G1 F900
G1 X119.284 Y120.788 E.00794
G1 X118.625 Y121.198 E.02563
G1 X118.102 Y121.459 E.0193
G1 X117.301 Y121.742 E.02805
G1 X116.806 Y121.87 E.01688
G1 X116.134 Y121.971 E.02244
G1 X115.357 Y121.997 E.02567
G1 X114.774 Y121.962 E.01928
G1 X114.009 Y121.825 E.02566
G1 X113.446 Y121.669 E.01929
G1 X112.727 Y121.377 E.02562
G1 X112.209 Y121.108 E.01927
G1 X111.566 Y120.672 E.02565
G1 X111.115 Y120.301 E.01928
G1 X110.576 Y119.741 E.02566
G1 X110.212 Y119.284 E.01929
G1 X109.802 Y118.625 E.02563
G1 X109.541 Y118.102 E.0193
G1 X109.277 Y117.372 E.02563
G1 X109.13 Y116.806 E.01931
G1 X109.021 Y115.995 E.02702
G1 X108.998 Y115.453 E.01791
G1 X109.054 Y114.679 E.02562
G1 X109.15 Y114.103 E.01928
G1 X109.365 Y113.357 E.02563
G1 X109.579 Y112.813 E.0193
G1 X109.945 Y112.128 E.02564
G1 X110.267 Y111.641 E.01928
G1 X110.767 Y111.047 E.02564
G1 X111.184 Y110.637 E.01931
G1 X111.797 Y110.16 E.02565
G1 X112.289 Y109.846 E.01927
G1 X112.988 Y109.507 E.02565
G1 X113.535 Y109.302 E.01929
G1 X114.361 Y109.104 E.02804
G1 X114.867 Y109.029 E.01689
G1 X115.546 Y108.998 E.02244
G1 X116.321 Y109.053 E.02565
G1 X116.897 Y109.15 E.01929
G1 X117.644 Y109.365 E.02567
G1 X118.187 Y109.579 E.01927
G1 X118.872 Y109.945 E.02564
G1 X119.359 Y110.267 E.01928
G1 X119.953 Y110.767 E.02564
G1 X120.363 Y111.184 E.01931
G1 X120.84 Y111.797 E.02565
G1 X121.154 Y112.289 E.01927
G1 X121.493 Y112.988 E.02565
G1 X121.698 Y113.535 E.01929
G1 X121.885 Y114.289 E.02565
G1 X121.971 Y114.867 E.01929
G1 X121.997 Y115.643 E.02564
G1 X121.962 Y116.226 E.01928
G1 X121.825 Y116.991 E.02566
G1 X121.669 Y117.554 E.01929
G1 X121.377 Y118.273 E.02562
G1 X121.108 Y118.791 E.01927
G1 X120.672 Y119.434 E.02565
G1 X120.301 Y119.885 E.01928
G1 X119.741 Y120.424 E.02566
G1 X119.519 Y120.6 E.00935
G1 X119.771 Y120.911 F9000
G1 F900
G1 X119.557 Y121.084 E.00909
G1 X118.951 Y121.477 E.02385
G1 X118.307 Y121.805 E.02386
G1 X117.633 Y122.064 E.02384
G1 X116.935 Y122.251 E.02386
G1 X116.221 Y122.364 E.02387
G1 X115.5 Y122.402 E.02384
G1 X114.779 Y122.364 E.02384
G1 X114.065 Y122.251 E.02387
G1 X113.367 Y122.064 E.02386
G1 X112.693 Y121.805 E.02384
G1 X112.049 Y121.477 E.02386
G1 X111.443 Y121.084 E.02385
G1 X110.882 Y120.629 E.02385
G1 X110.371 Y120.118 E.02386
G1 X109.916 Y119.557 E.02385
G1 X109.523 Y118.951 E.02385
G1 X109.195 Y118.307 E.02386
G1 X108.936 Y117.633 E.02384
G1 X108.749 Y116.935 E.02386
G1 X108.636 Y116.221 E.02387
G1 X108.598 Y115.5 E.02384
G1 X108.636 Y114.779 E.02384
G1 X108.749 Y114.065 E.02387
G1 X108.936 Y113.367 E.02386
G1 X109.195 Y112.693 E.02384
G1 X109.523 Y112.049 E.02386
G1 X109.916 Y111.443 E.02385
G1 X110.371 Y110.882 E.02385
G1 X110.882 Y110.371 E.02386
G1 X111.443 Y109.916 E.02385
G1 X112.049 Y109.523 E.02385
G1 X112.693 Y109.195 E.02386
G1 X113.367 Y108.936 E.02384
G1 X114.065 Y108.749 E.02386
G1 X114.779 Y108.636 E.02387
G1 X115.5 Y108.598 E.02384
G1 X116.221 Y108.636 E.02384
G1 X116.935 Y108.749 E.02387
G1 X117.633 Y108.936 E.02386
G1 X118.307 Y109.195 E.02384
G1 X118.951 Y109.523 E.02386
G1 X119.557 Y109.916 E.02385
G1 X120.118 Y110.371 E.02385
G1 X120.629 Y110.882 E.02386
G1 X121.084 Y111.443 E.02385
G1 X121.477 Y112.049 E.02385
G1 X121.805 Y112.693 E.02386
G1 X122.04 Y113.304 E.02161
G1 X122.184 Y113.813 E.01747
G1 X122.292 Y114.323 E.01721
G1 X122.368 Y114.846 E.01745
G1 X122.399 Y115.567 E.02383
G1 X122.364 Y116.221 E.02162
G1 X122.251 Y116.935 E.02387
G1 X122.064 Y117.633 E.02386
G1 X121.805 Y118.307 E.02384
G1 X121.477 Y118.951 E.02386
G1 X121.084 Y119.557 E.02385
G1 X120.629 Y120.118 E.02385
G1 X120.118 Y120.629 E.02386
G1 X119.817 Y120.873 E.01279
G1 X120.061 Y121.174 F9000
;TYPE:External perimeter
;WIDTH:0.419999
G1 F900
G1 X119.785 Y121.398 E.01115
G1 X119.145 Y121.813 E.02392
G1 X118.465 Y122.159 E.02392
G1 X117.753 Y122.433 E.02392
G1 X117.016 Y122.63 E.02392
G1 X116.262 Y122.75 E.02394
G1 X115.5 Y122.79 E.02392
G1 X114.738 Y122.75 E.02392
G1 X113.984 Y122.63 E.02394
G1 X113.247 Y122.433 E.02392
G1 X112.535 Y122.159 E.02392
G1 X111.855 Y121.813 E.02392
G1 X111.215 Y121.398 E.02392
G1 X110.622 Y120.917 E.02394
G1 X110.083 Y120.378 E.0239
G1 X109.602 Y119.785 E.02394
G1 X109.187 Y119.145 E.02392
G1 X108.841 Y118.465 E.02392
G1 X108.567 Y117.753 E.02392
G1 X108.37 Y117.016 E.02392
G1 X108.25 Y116.262 E.02394
G1 X108.21 Y115.5 E.02392
G1 X108.25 Y114.738 E.02392
G1 X108.37 Y113.984 E.02394
G1 X108.567 Y113.247 E.02392
G1 X108.841 Y112.535 E.02392
G1 X109.187 Y111.855 E.02392
G1 X109.602 Y111.215 E.02392
G1 X110.083 Y110.622 E.02394
G1 X110.622 Y110.083 E.0239
G1 X111.215 Y109.602 E.02394
G1 X111.855 Y109.187 E.02392
G1 X112.535 Y108.841 E.02392
G1 X113.247 Y108.567 E.02392
G1 X113.984 Y108.37 E.02392
G1 X114.738 Y108.25 E.02394
G1 X115.5 Y108.21 E.02392
G1 X116.262 Y108.25 E.02392
G1 X117.016 Y108.37 E.02394
G1 X117.753 Y108.567 E.02392
G1 X118.465 Y108.841 E.02392
G1 X119.145 Y109.187 E.02392
G1 X119.785 Y109.602 E.02392
G1 X120.378 Y110.083 E.02394
G1 X120.917 Y110.622 E.0239
G1 X121.398 Y111.215 E.02394
G1 X121.813 Y111.855 E.02392
G1 X122.159 Y112.535 E.02392
G1 X122.401 Y113.165 E.02116
G1 X122.558 Y113.713 E.01787
G1 X122.674 Y114.262 E.01759
G1 X122.754 Y114.826 E.01786
G1 X122.785 Y115.587 E.02388
G1 X122.75 Y116.262 E.02119
G1 X122.63 Y117.016 E.02394
G1 X122.433 Y117.753 E.02392
G1 X122.159 Y118.465 E.02392
G1 X121.813 Y119.145 E.02392
G1 X121.398 Y119.785 E.02392
G1 X120.917 Y120.378 E.02394
G1 X120.378 Y120.917 E.0239
G1 X120.108 Y121.136 E.0109
G1 E-3.5 F3600
;WIPE_START
G1 F7200
G1 X120.061 Y121.174 E-.02871
G1 X119.785 Y121.398 E-.16884
G1 X119.145 Y121.813 E-.36232
G1 X118.465 Y122.159 E-.36241
G1 X117.753 Y122.433 E-.36238
G1 X117.315 Y122.55 E-.21534
;WIPE_END
G1 X118.318 Y119.664 F9000
G1 E5 F2400
;TYPE:Internal infill
;WIDTH:0.44
G1 F900
G1 X118.025 Y119.874 E.0119
G1 X117.12 Y120.282 E.03278
G1 X116.115 Y120.5 E.03395
G1 X114.949 Y121.666 E.05444
G1 X116.054 Y121.669 E.03648
G1 X114.869 Y120.484 E.05533
G1 X114.45 Y120.44 E.01391
G1 X113.446 Y120.114 E.03485
G1 X112.532 Y119.586 E.03485
G1 X111.94 Y119.06 E.02615
G1 X111.123 Y119.877 E.03815
G1 X111.857 Y120.515 E.03211
G1 X112.401 Y120.868 E.02141
G1 X113.083 Y121.202 E.02507
G1 E-3.5 F3600
;WIPE_START
G1 F7200
G1 X112.401 Y120.868 E-.36071
G1 X111.857 Y120.515 E-.30803
G1 X111.123 Y119.877 E-.46195
G1 X111.672 Y119.328 E-.36931
;WIPE_END
G1 X111.329 Y118.316 F9000
G1 E5 F2400
G1 F900
G1 X111.068 Y117.911 E.01591
G1 X110.697 Y117.061 E.03062
G1 X110.495 Y116.11 E.0321
G1 X109.331 Y114.946 E.05435
G1 X109.302 Y115.5 E.01832
G1 X109.331 Y116.054 E.01832
G1 X110.495 Y114.89 E.05435
G1 X110.697 Y113.939 E.0321
G1 X111.126 Y112.975 E.03484
G1 X111.335 Y112.688 E.01172
G1 E-3.5 F3600
;WIPE_START
G1 F7200
G1 X111.126 Y112.975 E-.16864
G1 X110.697 Y113.939 E-.5012
G1 X110.495 Y114.89 E-.4618
G1 X109.947 Y115.438 E-.36836
;WIPE_END
G1 X113.083 Y109.798 F9000
G1 E5 F2400
G1 F900
G1 X112.401 Y110.132 E.02507
G1 X111.857 Y110.485 E.02141
G1 X111.123 Y111.123 E.03211
G1 X111.943 Y111.943 E.03829
G1 X112.531 Y111.414 E.02611
G1 X113.446 Y110.886 E.03488
G1 X114.449 Y110.56 E.03482
G1 X114.876 Y110.508 E.0142
G1 X116.054 Y109.331 E.05498
G1 X114.947 Y109.331 E.03655
G1 X116.104 Y110.488 E.05402
G1 X117.119 Y110.717 E.03435
G1 X118.025 Y111.126 E.03282
G1 X118.308 Y111.329 E.0115
G1 E-3.5 F3600
;WIPE_START
G1 F7200
G1 X118.025 Y111.126 E-.16543
G1 X117.119 Y110.717 E-.47217
G1 X116.104 Y110.488 E-.49424
G1 X115.556 Y109.94 E-.36816
;WIPE_END
G1 X121.202 Y113.083 F9000
G1 E5 F2400
G1 F900
G1 X120.868 Y112.401 E.02507
G1 X120.515 Y111.857 E.02141
G1 X119.877 Y111.123 E.03211
G1 X119.059 Y111.941 E.0382
G1 X119.586 Y112.532 E.02614
G1 X120.114 Y113.446 E.03485
G1 X120.44 Y114.45 E.03485
G1 X120.484 Y114.869 E.01391
G1 X121.669 Y116.054 E.05533
G1 X121.698 Y115.5 E.01832
G1 X121.669 Y114.946 E.01832
G1 X120.484 Y116.131 E.05533
G1 X120.44 Y116.55 E.01391
G1 X120.114 Y117.554 E.03485
G1 X119.586 Y118.468 E.03485
G1 X119.059 Y119.059 E.02614
G1 X119.877 Y119.877 E.0382
G1 X120.515 Y119.143 E.03211
G1 X120.868 Y118.599 E.02141
G1 X121.202 Y117.917 E.02507
;LAYER_CHANGE
;Z:9.01
;HEIGHT:0.2
;BEFORE_LAYER_CHANGE
G92 E0
;14.2


G1 E-3.5 F3600
;WIPE_START
G1 F7200
G1 X120.868 Y118.599 E-.36071
G1 X120.515 Y119.143 E-.30803
G1 X119.877 Y119.877 E-.46195
G1 X119.327 Y119.327 E-.36931
;WIPE_END
G1 Z9.01 F9000
;AFTER_LAYER_CHANGE
;14.2
G1 X119.829 Y117.427
G1 E5 F2400
;TYPE:Perimeter
;WIDTH:0.439999
G1 F900
G1 X119.812 Y117.476 E.00171
G1 X119.394 Y118.203 E.02769
G1 X119.01 Y118.661 E.01973
G1 X118.636 Y119.059 E.01803
G1 X117.957 Y119.553 E.02772
G1 X117.421 Y119.815 E.0197
G1 X116.917 Y120.026 E.01804
G1 X116.266 Y120.175 E.02205
G1 X115.58 Y120.241 E.02275
G1 X115.055 Y120.222 E.01735
G1 X113.986 Y119.995 E.03608
G1 X113.219 Y119.655 E.0277
G1 X112.724 Y119.321 E.01972
G1 X112.289 Y118.991 E.01803
G1 X111.726 Y118.368 E.02772
G1 X111.409 Y117.862 E.01971
G1 X111.146 Y117.383 E.01804
G1 X110.886 Y116.585 E.02771
G1 X110.802 Y115.994 E.01971
G1 X110.757 Y115.449 E.01806
G1 X110.844 Y114.614 E.02772
G1 X111.005 Y114.019 E.02035
G1 X111.35 Y113.207 E.02913
G1 X111.679 Y112.724 E.0193
G1 X112.009 Y112.289 E.01803
G1 X112.632 Y111.726 E.02772
G1 X113.524 Y111.188 E.03439
G1 X114.564 Y110.85 E.03611
G1 X115.227 Y110.771 E.02205
G1 X115.916 Y110.777 E.02275
G1 X116.482 Y110.88 E.01899
G1 X117.014 Y111.005 E.01804
G1 X117.781 Y111.345 E.0277
G1 X118.276 Y111.679 E.01972
G1 X118.711 Y112.009 E.01803
G1 X119.274 Y112.632 E.02772
G1 X119.591 Y113.138 E.01971
G1 X119.854 Y113.617 E.01804
G1 X120.114 Y114.415 E.02771
G1 X120.198 Y115.006 E.01971
G1 X120.243 Y115.551 E.01806
G1 X120.156 Y116.386 E.02772
G1 X119.992 Y116.96 E.01971
G1 X119.849 Y117.37 E.01434
G1 X119.464 Y117.265 F9000
G1 F900
G1 X119.444 Y117.322 E.00199
G1 X119.05 Y118.005 E.02603
G1 X118.715 Y118.395 E.01698
G1 X118.362 Y118.768 E.01696
G1 X117.724 Y119.232 E.02605
G1 X116.793 Y119.648 E.03367
G1 X116.178 Y119.787 E.02082
G1 X115.548 Y119.845 E.02089
G1 X115.046 Y119.823 E.01659
G1 X114.215 Y119.65 E.02803
G1 X113.74 Y119.452 E.01699
G1 X113.276 Y119.232 E.01695
G1 X112.638 Y118.768 E.02605
G1 X112.285 Y118.395 E.01696
G1 X111.95 Y118.005 E.01698
G1 X111.556 Y117.322 E.02603
G1 X111.385 Y116.837 E.01698
G1 X111.238 Y116.344 E.01699
G1 X111.156 Y115.56 E.02603
G1 X111.26 Y114.55 E.03352
G1 X111.419 Y114.02 E.01827
G1 X111.711 Y113.373 E.02344
G1 X112.312 Y112.549 E.03367
G1 X112.898 Y112.021 E.02604
G1 X113.705 Y111.542 E.03099
G1 X114.538 Y111.263 E.02901
G1 X115.064 Y111.19 E.01753
G1 X115.907 Y111.174 E.02784
G1 X116.9 Y111.387 E.03353
G1 X117.62 Y111.708 E.02603
G1 X118.043 Y112 E.01697
G1 X118.451 Y112.312 E.01696
G1 X118.979 Y112.898 E.02604
G1 X119.247 Y113.337 E.01698
G1 X119.493 Y113.788 E.01696
G1 X119.737 Y114.538 E.02604
G1 X119.803 Y115.048 E.01698
G1 X119.844 Y115.56 E.01696
G1 X119.762 Y116.344 E.02603
G1 X119.615 Y116.837 E.01699
G1 X119.484 Y117.208 E.01299
G1 X119.115 Y117.11 F9000
;TYPE:External perimeter
;WIDTH:0.419999
G1 F900
G1 X118.714 Y117.811 E.02532
G1 X118.164 Y118.429 E.02594
G1 X117.497 Y118.919 E.02595
G1 X116.742 Y119.259 E.02596
G1 X116.093 Y119.41 E.02089
G1 X115.516 Y119.459 E.01816
G1 X115.067 Y119.435 E.0141
G1 X114.295 Y119.271 E.02475
G1 X113.538 Y118.938 E.02593
G1 X112.866 Y118.455 E.02595
G1 X112.309 Y117.843 E.02595
G1 X111.891 Y117.128 E.02597
G1 X111.632 Y116.343 E.02592
G1 X111.541 Y115.52 E.02596
G1 X111.623 Y114.696 E.02596
G1 X111.79 Y114.132 E.01844
G1 X112.063 Y113.535 E.02058
G1 X112.545 Y112.866 E.02585
G1 X113.157 Y112.309 E.02595
G1 X113.872 Y111.891 E.02597
G1 X114.658 Y111.632 E.02595
G1 X115.319 Y111.55 E.02088
G1 X115.898 Y111.561 E.01816
G1 X116.705 Y111.729 E.02585
G1 X117.462 Y112.062 E.02593
G1 X118.134 Y112.545 E.02595
G1 X118.691 Y113.157 E.02595
G1 X119.109 Y113.872 E.02597
G1 X119.368 Y114.658 E.02595
G1 X119.459 Y115.48 E.02593
G1 X119.377 Y116.304 E.02596
G1 X119.137 Y117.054 E.02469
G1 E-3.5 F3600
;WIPE_START
G1 F7200
G1 X119.115 Y117.11 E-.02858
G1 X118.714 Y117.811 E-.38361
G1 X118.164 Y118.429 E-.39297
G1 X117.497 Y118.919 E-.39313
G1 X116.918 Y119.18 E-.30171
;WIPE_END
G1 X121.503 Y117.962 F9000
G1 E5 F2400
;TYPE:Perimeter
;WIDTH:0.439999
G1 F900
G1 X121.377 Y118.273 E.01108
G1 X121.108 Y118.791 E.01927
G1 X120.672 Y119.434 E.02565
G1 X120.301 Y119.885 E.01928
G1 X119.741 Y120.424 E.02566
G1 X119.284 Y120.788 E.01929
G1 X118.625 Y121.198 E.02563
G1 X118.102 Y121.459 E.0193
G1 X117.302 Y121.742 E.02802
G1 X116.806 Y121.87 E.01691
G1 X116.134 Y121.971 E.02244
G1 X115.357 Y121.997 E.02567
G1 X114.679 Y121.946 E.02245
G1 X114.103 Y121.85 E.01928
G1 X113.356 Y121.635 E.02567
G1 X112.813 Y121.421 E.01927
G1 X112.128 Y121.055 E.02564
G1 X111.641 Y120.733 E.01928
G1 X111.047 Y120.233 E.02564
G1 X110.637 Y119.816 E.01931
G1 X110.16 Y119.203 E.02565
G1 X109.846 Y118.711 E.01927
G1 X109.507 Y118.012 E.02565
G1 X109.302 Y117.465 E.01929
G1 X109.115 Y116.711 E.02565
G1 X109.029 Y116.133 E.01929
G1 X109.003 Y115.357 E.02564
G1 X109.038 Y114.774 E.01928
G1 X109.189 Y113.955 E.0275
G1 X109.373 Y113.337 E.02129
G1 X109.579 Y112.813 E.01859
G1 X109.945 Y112.128 E.02564
G1 X110.267 Y111.641 E.01928
G1 X110.767 Y111.047 E.02564
G1 X111.184 Y110.637 E.01931
G1 X111.797 Y110.16 E.02565
G1 X112.289 Y109.846 E.01927
G1 X112.988 Y109.507 E.02565
G1 X113.535 Y109.302 E.01929
G1 X114.36 Y109.104 E.02801
G1 X114.867 Y109.029 E.01692
G1 X115.546 Y108.998 E.02244
G1 X116.321 Y109.053 E.02565
G1 X116.897 Y109.15 E.01929
G1 X117.644 Y109.365 E.02567
G1 X118.187 Y109.579 E.01927
G1 X118.872 Y109.945 E.02564
G1 X119.359 Y110.267 E.01928
G1 X119.953 Y110.767 E.02564
G1 X120.363 Y111.184 E.01931
G1 X120.84 Y111.797 E.02565
G1 X121.154 Y112.289 E.01927
G1 X121.493 Y112.988 E.02565
G1 X121.698 Y113.535 E.01929
G1 X121.885 Y114.289 E.02565
G1 X121.971 Y114.867 E.01929
G1 X121.997 Y115.643 E.02564
G1 X121.962 Y116.226 E.01928
G1 X121.825 Y116.991 E.02566
G1 X121.669 Y117.554 E.01929
G1 X121.526 Y117.907 E.01258
G1 X121.903 Y118.052 F9000
G1 F900
G1 X121.805 Y118.307 E.00902
G1 X121.477 Y118.951 E.02386
G1 X121.084 Y119.557 E.02385
G1 X120.629 Y120.118 E.02385
G1 X120.118 Y120.629 E.02386
G1 X119.557 Y121.084 E.02385
G1 X118.951 Y121.477 E.02385
G1 X118.307 Y121.805 E.02386
G1 X117.633 Y122.064 E.02384
G1 X116.935 Y122.251 E.02386
G1 X116.221 Y122.364 E.02387
G1 X115.5 Y122.402 E.02384
G1 X114.779 Y122.364 E.02384
G1 X114.065 Y122.251 E.02387
G1 X113.367 Y122.064 E.02386
G1 X112.693 Y121.805 E.02384
G1 X112.049 Y121.477 E.02386
G1 X111.443 Y121.084 E.02385
G1 X110.882 Y120.629 E.02385
G1 X110.371 Y120.118 E.02386
G1 X109.916 Y119.557 E.02385
G1 X109.523 Y118.951 E.02385
G1 X109.195 Y118.307 E.02386
G1 X108.936 Y117.633 E.02384
G1 X108.749 Y116.935 E.02386
G1 X108.636 Y116.221 E.02387
G1 X108.598 Y115.5 E.02384
G1 X108.636 Y114.779 E.02384
G1 X108.749 Y114.065 E.02387
G1 X108.936 Y113.367 E.02386
G1 X109.195 Y112.693 E.02384
G1 X109.523 Y112.049 E.02386
G1 X109.916 Y111.443 E.02385
G1 X110.371 Y110.882 E.02385
G1 X110.882 Y110.371 E.02386
G1 X111.443 Y109.916 E.02385
G1 X112.049 Y109.523 E.02385
G1 X112.693 Y109.195 E.02386
G1 X113.367 Y108.936 E.02384
G1 X114.065 Y108.749 E.02386
G1 X114.779 Y108.636 E.02387
G1 X115.5 Y108.598 E.02384
G1 X116.221 Y108.636 E.02384
G1 X116.935 Y108.749 E.02387
G1 X117.633 Y108.936 E.02386
G1 X118.307 Y109.195 E.02384
G1 X118.951 Y109.523 E.02386
G1 X119.557 Y109.916 E.02385
G1 X120.118 Y110.371 E.02385
G1 X120.629 Y110.882 E.02386
G1 X121.084 Y111.443 E.02385
G1 X121.477 Y112.049 E.02385
G1 X121.805 Y112.693 E.02386
G1 X122.04 Y113.304 E.02161
G1 X122.184 Y113.813 E.01747
G1 X122.292 Y114.323 E.01721
G1 X122.368 Y114.846 E.01745
G1 X122.399 Y115.567 E.02383
G1 X122.364 Y116.221 E.02162
G1 X122.251 Y116.935 E.02387
G1 X122.064 Y117.633 E.02386
G1 X121.925 Y117.996 E.01283
G1 X122.286 Y118.135 F9000
;TYPE:External perimeter
;WIDTH:0.419999
G1 F900
G1 X122.159 Y118.465 E.01109
G1 X121.813 Y119.145 E.02392
G1 X121.398 Y119.785 E.02392
G1 X120.917 Y120.378 E.02394
G1 X120.378 Y120.917 E.0239
G1 X119.785 Y121.398 E.02394
G1 X119.145 Y121.813 E.02392
G1 X118.465 Y122.159 E.02392
G1 X117.753 Y122.433 E.02392
G1 X117.016 Y122.63 E.02392
G1 X116.262 Y122.75 E.02394
G1 X115.5 Y122.79 E.02392
G1 X114.738 Y122.75 E.02392
G1 X113.984 Y122.63 E.02394
G1 X113.247 Y122.433 E.02392
G1 X112.535 Y122.159 E.02392
G1 X111.855 Y121.813 E.02392
G1 X111.215 Y121.398 E.02392
G1 X110.622 Y120.917 E.02394
G1 X110.083 Y120.378 E.0239
G1 X109.602 Y119.785 E.02394
G1 X109.187 Y119.145 E.02392
G1 X108.841 Y118.465 E.02392
G1 X108.567 Y117.753 E.02392
G1 X108.37 Y117.016 E.02392
G1 X108.25 Y116.262 E.02394
G1 X108.21 Y115.5 E.02392
G1 X108.25 Y114.738 E.02392
G1 X108.37 Y113.984 E.02394
G1 X108.567 Y113.247 E.02392
G1 X108.841 Y112.535 E.02392
G1 X109.187 Y111.855 E.02392
G1 X109.602 Y111.215 E.02392
G1 X110.083 Y110.622 E.02394
G1 X110.622 Y110.083 E.0239
G1 X111.215 Y109.602 E.02394
G1 X111.855 Y109.187 E.02392
G1 X112.535 Y108.841 E.02392
G1 X113.247 Y108.567 E.02392
G1 X113.984 Y108.37 E.02392
G1 X114.738 Y108.25 E.02394
G1 X115.5 Y108.21 E.02392
G1 X116.262 Y108.25 E.02392
G1 X117.016 Y108.37 E.02394
G1 X117.753 Y108.567 E.02392
G1 X118.465 Y108.841 E.02392
G1 X119.145 Y109.187 E.02392
G1 X119.785 Y109.602 E.02392
G1 X120.378 Y110.083 E.02394
G1 X120.917 Y110.622 E.0239
G1 X121.398 Y111.215 E.02394
G1 X121.813 Y111.855 E.02392
G1 X122.159 Y112.535 E.02392
G1 X122.401 Y113.165 E.02116
G1 X122.558 Y113.713 E.01787
G1 X122.674 Y114.262 E.01759
G1 X122.754 Y114.826 E.01786
G1 X122.785 Y115.587 E.02388
G1 X122.75 Y116.262 E.02119
G1 X122.63 Y117.016 E.02394
G1 X122.433 Y117.753 E.02392
G1 X122.308 Y118.078 E.01092
G1 E-3.5 F3600
;WIPE_START
G1 F7200
G1 X122.286 Y118.135 E-.02902
G1 X122.159 Y118.465 E-.16796
G1 X121.813 Y119.145 E-.36241
G1 X121.398 Y119.785 E-.36232
G1 X120.917 Y120.378 E-.36269
G1 X120.596 Y120.699 E-.2156
;WIPE_END
G1 X118.318 Y119.664 F9000
G1 E5 F2400
;TYPE:Internal infill
;WIDTH:0.44
G1 F900
G1 X118.025 Y119.874 E.0119
G1 X117.12 Y120.282 E.03278
G1 X116.115 Y120.5 E.03395
G1 X114.946 Y121.669 E.05458
G1 X115.5 Y121.698 E.01832
G1 X116.054 Y121.669 E.01832
G1 X114.896 Y120.512 E.05405
G1 X113.881 Y120.283 E.03435
G1 X112.975 Y119.874 E.03282
G1 X112.692 Y119.671 E.0115
G1 E-3.5 F3600
;WIPE_START
G1 F7200
G1 X112.975 Y119.874 E-.16543
G1 X113.881 Y120.283 E-.47217
G1 X114.896 Y120.512 E-.49424
G1 X115.444 Y121.06 E-.36816
;WIPE_END
G1 X109.798 Y117.917 F9000
G1 E5 F2400
G1 F900
G1 X110.132 Y118.599 E.02507
G1 X110.485 Y119.143 E.02141
G1 X111.123 Y119.877 E.03211
G1 X111.941 Y119.059 E.0382
G1 X111.414 Y118.468 E.02614
G1 X110.886 Y117.554 E.03485
G1 X110.56 Y116.55 E.03485
G1 X110.516 Y116.131 E.01391
G1 X109.331 Y114.946 E.05533
G1 X109.331 Y116.054 E.03658
G1 X110.512 Y114.872 E.05517
G1 X110.548 Y114.512 E.01195
G1 X110.776 Y113.728 E.02696
G1 X111.159 Y112.921 E.02949
G1 X111.941 Y111.941 E.0414
G1 X111.123 Y111.123 E.0382
G1 X111.857 Y110.485 E.03211
G1 X112.401 Y110.132 E.02141
G1 X113.083 Y109.798 E.02507
G1 X112.669 Y111.335 F9000
G1 F900
G1 X113.446 Y110.886 E.02963
G1 X114.449 Y110.56 E.03482
G1 X114.876 Y110.508 E.0142
G1 X116.054 Y109.331 E.05498
G1 X115.536 Y109.304 E.01713
G1 X114.947 Y109.331 E.01947
G1 X116.104 Y110.488 E.05402
G1 X117.119 Y110.717 E.03435
G1 X118.025 Y111.126 E.03282
G1 X118.308 Y111.329 E.0115
G1 E-3.5 F3600
;WIPE_START
G1 F7200
G1 X118.025 Y111.126 E-.16543
G1 X117.119 Y110.717 E-.47217
G1 X116.104 Y110.488 E-.49424
G1 X115.556 Y109.94 E-.36816
;WIPE_END
G1 X121.202 Y113.083 F9000
G1 E5 F2400
G1 F900
G1 X120.868 Y112.401 E.02507
G1 X120.515 Y111.857 E.02141
G1 X119.877 Y111.123 E.03211
G1 X119.059 Y111.941 E.0382
G1 X119.586 Y112.532 E.02614
G1 X120.114 Y113.446 E.03485
G1 X120.44 Y114.45 E.03485
G1 X120.484 Y114.869 E.01391
G1 X121.669 Y116.054 E.05533
G1 X121.669 Y114.946 E.03658
G1 X120.484 Y116.131 E.05533
G1 X120.44 Y116.55 E.01391
G1 X120.114 Y117.554 E.03485
G1 X119.586 Y118.468 E.03485
G1 X119.059 Y119.059 E.02614
G1 X119.877 Y119.877 E.0382
G1 X119.143 Y120.515 E.03211
G1 X118.599 Y120.868 E.02141
G1 X117.917 Y121.202 E.02507
;LAYER_CHANGE
;Z:9.21
;HEIGHT:0.200001
;BEFORE_LAYER_CHANGE
G92 E0
;14.6


G1 E-3.5 F3600
;WIPE_START
G1 F7200
G1 X118.025 Y119.874 E-.17123
G1 X117.12 Y120.282 E-.47154
G1 X116.115 Y120.5 E-.48848
G1 X115.566 Y121.049 E-.36875
;WIPE_END
G1 Z9.21 F9000
;AFTER_LAYER_CHANGE
;14.6
G1 X118.286 Y119.333
G1 E5 F2400
;TYPE:Perimeter
;WIDTH:0.439999
G1 F900
G1 X118.247 Y119.367 E.00171
G1 X117.52 Y119.788 E.02774
G1 X116.96 Y119.992 E.01968
G1 X116.436 Y120.15 E.01807
G1 X115.602 Y120.239 E.02769
G1 X115.006 Y120.198 E.01972
G1 X114.464 Y120.129 E.01804
G1 X113.665 Y119.871 E.02772
G1 X112.797 Y119.394 E.0327
G1 X112.339 Y119.01 E.01973
G1 X111.941 Y118.636 E.01803
G1 X111.447 Y117.957 E.02772
G1 X111.185 Y117.421 E.0197
G1 X110.974 Y116.917 E.01804
G1 X110.804 Y116.132 E.02652
G1 X110.779 Y115.494 E.02108
G1 X110.788 Y114.954 E.01783
G1 X110.962 Y114.132 E.02774
G1 X111.185 Y113.579 E.01969
G1 X111.418 Y113.084 E.01806
G1 X111.91 Y112.405 E.02769
G1 X112.339 Y111.99 E.01971
G1 X112.753 Y111.633 E.01805
G1 X113.48 Y111.212 E.02774
G1 X114.04 Y111.008 E.01968
G1 X114.564 Y110.85 E.01807
G1 X115.223 Y110.771 E.02191
G1 X115.915 Y110.777 E.02285
G1 X116.436 Y110.85 E.01737
G1 X117.476 Y111.188 E.03611
G1 X118.203 Y111.606 E.02769
G1 X118.661 Y111.99 E.01973
G1 X119.059 Y112.364 E.01803
G1 X119.553 Y113.043 E.02772
G1 X119.815 Y113.579 E.0197
G1 X120.026 Y114.083 E.01804
G1 X120.202 Y114.904 E.02772
G1 X120.224 Y115.5 E.01969
G1 X120.212 Y116.046 E.01803
G1 X120.038 Y116.868 E.02774
G1 X119.815 Y117.421 E.01969
G1 X119.582 Y117.916 E.01806
G1 X119.09 Y118.595 E.02769
G1 X118.661 Y119.01 E.01971
G1 X118.331 Y119.294 E.01438
G1 X118.05 Y119.01 F9000
G1 F900
G1 X117.663 Y119.247 E.01498
G1 X117.212 Y119.493 E.01696
G1 X116.462 Y119.737 E.02604
G1 X115.952 Y119.803 E.01698
G1 X115.44 Y119.844 E.01696
G1 X114.656 Y119.762 E.02603
G1 X113.705 Y119.458 E.03296
G1 X112.995 Y119.05 E.02704
G1 X112.605 Y118.715 E.01698
G1 X112.232 Y118.362 E.01696
G1 X111.768 Y117.724 E.02605
G1 X111.35 Y116.786 E.03391
G1 X111.192 Y116.049 E.02489
G1 X111.176 Y115.492 E.0184
G1 X111.186 Y114.986 E.01671
G1 X111.35 Y114.215 E.02603
G1 X111.548 Y113.74 E.01699
G1 X111.768 Y113.276 E.01695
G1 X112.232 Y112.638 E.02605
G1 X112.605 Y112.285 E.01696
G1 X112.995 Y111.95 E.01698
G1 X113.678 Y111.556 E.02603
G1 X114.648 Y111.239 E.03369
G1 X115.27 Y111.165 E.02068
G1 X115.906 Y111.174 E.021
G1 X116.404 Y111.248 E.01662
G1 X117.212 Y111.507 E.02802
G1 X117.663 Y111.753 E.01696
G1 X118.102 Y112.021 E.01698
G1 X118.688 Y112.549 E.02604
G1 X119 Y112.957 E.01696
G1 X119.292 Y113.38 E.01697
G1 X119.613 Y114.1 E.02603
G1 X119.732 Y114.6 E.01697
G1 X119.826 Y115.106 E.01699
G1 X119.826 Y115.894 E.02602
G1 X119.732 Y116.4 E.01699
G1 X119.613 Y116.9 E.01697
G1 X119.292 Y117.62 E.02603
G1 X119 Y118.043 E.01697
G1 X118.688 Y118.451 E.01696
G1 X118.102 Y118.979 E.02604
G1 X117.826 Y118.701 F9000
;TYPE:External perimeter
;WIDTH:0.419999
G1 F900
G1 X117.128 Y119.109 E.02535
G1 X116.342 Y119.368 E.02595
G1 X115.52 Y119.459 E.02593
G1 X114.696 Y119.377 E.02596
G1 X113.908 Y119.125 E.02594
G1 X113.189 Y118.714 E.02597
G1 X112.571 Y118.164 E.02594
G1 X112.081 Y117.497 E.02595
G1 X111.741 Y116.742 E.02596
G1 X111.57 Y115.968 E.02485
G1 X111.561 Y115.107 E.027
G1 X111.729 Y114.295 E.026
G1 X112.062 Y113.538 E.02593
G1 X112.545 Y112.866 E.02595
G1 X113.157 Y112.309 E.02595
G1 X113.872 Y111.891 E.02597
G1 X114.658 Y111.632 E.02595
G1 X115.315 Y111.55 E.02076
G1 X115.898 Y111.561 E.01828
G1 X116.342 Y111.632 E.0141
G1 X117.092 Y111.875 E.02472
G1 X117.811 Y112.286 E.02597
G1 X118.429 Y112.836 E.02594
G1 X118.919 Y113.503 E.02595
G1 X119.259 Y114.258 E.02596
G1 X119.435 Y115.067 E.02596
G1 X119.439 Y115.894 E.02593
G1 X119.271 Y116.705 E.02597
G1 X118.938 Y117.462 E.02593
G1 X118.455 Y118.134 E.02595
G1 X117.873 Y118.664 E.02468
G1 E-3.5 F3600
;WIPE_START
G1 F7200
G1 X117.826 Y118.701 E-.02841
G1 X117.128 Y119.109 E-.38404
G1 X116.342 Y119.368 E-.3931
G1 X115.52 Y119.459 E-.39284
G1 X114.888 Y119.396 E-.30161
;WIPE_END
G1 X119.468 Y120.634 F9000
G1 E5 F2400
;TYPE:Perimeter
;WIDTH:0.439999
G1 F900
G1 X119.203 Y120.84 E.01108
G1 X118.711 Y121.154 E.01927
G1 X118.012 Y121.493 E.02565
G1 X117.465 Y121.698 E.01929
G1 X116.711 Y121.885 E.02565
G1 X116.133 Y121.971 E.01929
G1 X115.357 Y121.997 E.02564
G1 X114.774 Y121.962 E.01928
G1 X114.009 Y121.825 E.02566
G1 X113.446 Y121.669 E.01929
G1 X112.727 Y121.377 E.02562
G1 X112.209 Y121.108 E.01927
G1 X111.566 Y120.672 E.02565
G1 X111.115 Y120.301 E.01928
G1 X110.576 Y119.741 E.02566
G1 X110.212 Y119.284 E.01929
G1 X109.802 Y118.625 E.02563
G1 X109.541 Y118.102 E.0193
G1 X109.277 Y117.372 E.02563
G1 X109.13 Y116.806 E.01931
G1 X109.021 Y115.986 E.02731
G1 X108.998 Y115.453 E.01761
G1 X109.054 Y114.679 E.02562
G1 X109.15 Y114.103 E.01928
G1 X109.365 Y113.357 E.02563
G1 X109.579 Y112.813 E.0193
G1 X109.945 Y112.128 E.02564
G1 X110.267 Y111.641 E.01928
G1 X110.767 Y111.047 E.02564
G1 X111.184 Y110.637 E.01931
G1 X111.797 Y110.16 E.02565
G1 X112.289 Y109.846 E.01927
G1 X112.988 Y109.507 E.02565
G1 X113.535 Y109.302 E.01929
G1 X114.36 Y109.104 E.02801
G1 X114.867 Y109.029 E.01692
G1 X115.546 Y108.998 E.02244
G1 X116.321 Y109.053 E.02565
G1 X116.991 Y109.175 E.02249
G1 X117.554 Y109.331 E.01929
G1 X118.273 Y109.623 E.02562
G1 X118.791 Y109.892 E.01927
G1 X119.434 Y110.328 E.02565
G1 X119.885 Y110.699 E.01928
G1 X120.424 Y111.259 E.02566
G1 X120.788 Y111.716 E.01929
G1 X121.198 Y112.375 E.02563
G1 X121.459 Y112.898 E.0193
G1 X121.723 Y113.628 E.02563
G1 X121.87 Y114.194 E.01931
G1 X121.976 Y114.963 E.02563
G1 X122.002 Y115.547 E.0193
G1 X121.946 Y116.321 E.02562
G1 X121.85 Y116.897 E.01928
G1 X121.635 Y117.644 E.02567
G1 X121.421 Y118.187 E.01927
G1 X121.055 Y118.872 E.02564
G1 X120.733 Y119.359 E.01928
G1 X120.233 Y119.953 E.02564
G1 X119.816 Y120.363 E.01931
G1 X119.515 Y120.597 E.01259
G1 X119.77 Y120.912 F9000
G1 F900
G1 X119.557 Y121.084 E.00904
G1 X118.951 Y121.477 E.02385
G1 X118.307 Y121.805 E.02386
G1 X117.633 Y122.064 E.02384
G1 X116.935 Y122.251 E.02386
G1 X116.221 Y122.364 E.02387
G1 X115.5 Y122.402 E.02384
G1 X114.779 Y122.364 E.02384
G1 X114.065 Y122.251 E.02387
G1 X113.367 Y122.064 E.02386
G1 X112.693 Y121.805 E.02384
G1 X112.049 Y121.477 E.02386
G1 X111.443 Y121.084 E.02385
G1 X110.882 Y120.629 E.02385
G1 X110.371 Y120.118 E.02386
G1 X109.916 Y119.557 E.02385
G1 X109.523 Y118.951 E.02385
G1 X109.195 Y118.307 E.02386
G1 X108.936 Y117.633 E.02384
G1 X108.749 Y116.935 E.02386
G1 X108.636 Y116.221 E.02387
G1 X108.598 Y115.5 E.02384
G1 X108.636 Y114.779 E.02384
G1 X108.749 Y114.065 E.02387
G1 X108.936 Y113.367 E.02386
G1 X109.195 Y112.693 E.02384
G1 X109.523 Y112.049 E.02386
G1 X109.916 Y111.443 E.02385
G1 X110.371 Y110.882 E.02385
G1 X110.882 Y110.371 E.02386
G1 X111.443 Y109.916 E.02385
G1 X112.049 Y109.523 E.02385
G1 X112.693 Y109.195 E.02386
G1 X113.367 Y108.936 E.02384
G1 X114.065 Y108.749 E.02386
G1 X114.779 Y108.636 E.02387
G1 X115.5 Y108.598 E.02384
G1 X116.221 Y108.636 E.02384
G1 X116.935 Y108.749 E.02387
G1 X117.633 Y108.936 E.02386
G1 X118.307 Y109.195 E.02384
G1 X118.951 Y109.523 E.02386
G1 X119.557 Y109.916 E.02385
G1 X120.118 Y110.371 E.02385
G1 X120.629 Y110.882 E.02386
G1 X121.084 Y111.443 E.02385
G1 X121.477 Y112.049 E.02385
G1 X121.805 Y112.693 E.02386
G1 X122.064 Y113.367 E.02384
G1 X122.234 Y114 E.02164
G1 X122.323 Y114.521 E.01745
G1 X122.378 Y115.039 E.0172
G1 X122.399 Y115.567 E.01745
G1 X122.364 Y116.221 E.02162
G1 X122.251 Y116.935 E.02387
G1 X122.064 Y117.633 E.02386
G1 X121.805 Y118.307 E.02384
G1 X121.477 Y118.951 E.02386
G1 X121.084 Y119.557 E.02385
G1 X120.629 Y120.118 E.02385
G1 X120.118 Y120.629 E.02386
G1 X119.816 Y120.874 E.01284
G1 X120.06 Y121.175 F9000
;TYPE:External perimeter
;WIDTH:0.419999
G1 F900
G1 X119.785 Y121.398 E.0111
G1 X119.145 Y121.813 E.02392
G1 X118.465 Y122.159 E.02392
G1 X117.753 Y122.433 E.02392
G1 X117.016 Y122.63 E.02392
G1 X116.262 Y122.75 E.02394
G1 X115.5 Y122.79 E.02392
G1 X114.738 Y122.75 E.02392
G1 X113.984 Y122.63 E.02394
G1 X113.247 Y122.433 E.02392
G1 X112.535 Y122.159 E.02392
G1 X111.855 Y121.813 E.02392
G1 X111.215 Y121.398 E.02392
G1 X110.622 Y120.917 E.02394
G1 X110.083 Y120.378 E.0239
G1 X109.602 Y119.785 E.02394
G1 X109.187 Y119.145 E.02392
G1 X108.841 Y118.465 E.02392
G1 X108.567 Y117.753 E.02392
G1 X108.37 Y117.016 E.02392
G1 X108.25 Y116.262 E.02394
G1 X108.21 Y115.5 E.02392
G1 X108.25 Y114.738 E.02392
G1 X108.37 Y113.984 E.02394
G1 X108.567 Y113.247 E.02392
G1 X108.841 Y112.535 E.02392
G1 X109.187 Y111.855 E.02392
G1 X109.602 Y111.215 E.02392
G1 X110.083 Y110.622 E.02394
G1 X110.622 Y110.083 E.0239
G1 X111.215 Y109.602 E.02394
G1 X111.855 Y109.187 E.02392
G1 X112.535 Y108.841 E.02392
G1 X113.247 Y108.567 E.02392
G1 X113.984 Y108.37 E.02392
G1 X114.738 Y108.25 E.02394
G1 X115.5 Y108.21 E.02392
G1 X116.262 Y108.25 E.02392
G1 X117.016 Y108.37 E.02394
G1 X117.753 Y108.567 E.02392
G1 X118.465 Y108.841 E.02392
G1 X119.145 Y109.187 E.02392
G1 X119.785 Y109.602 E.02392
G1 X120.378 Y110.083 E.02394
G1 X120.917 Y110.622 E.0239
G1 X121.398 Y111.215 E.02394
G1 X121.813 Y111.855 E.02392
G1 X122.159 Y112.535 E.02392
G1 X122.433 Y113.247 E.02392
G1 X122.608 Y113.9 E.0212
G1 X122.706 Y114.46 E.01783
G1 X122.764 Y115.019 E.01762
G1 X122.785 Y115.588 E.01785
G1 X122.75 Y116.262 E.02116
G1 X122.63 Y117.016 E.02394
G1 X122.433 Y117.753 E.02392
G1 X122.159 Y118.465 E.02392
G1 X121.813 Y119.145 E.02392
G1 X121.398 Y119.785 E.02392
G1 X120.917 Y120.378 E.02394
G1 X120.378 Y120.917 E.0239
G1 X120.107 Y121.137 E.01094
G1 E-3.5 F3600
;WIPE_START
G1 F7200
G1 X120.06 Y121.175 E-.02871
G1 X119.785 Y121.398 E-.16818
G1 X119.145 Y121.813 E-.36232
G1 X118.465 Y122.159 E-.36241
G1 X117.753 Y122.433 E-.36238
G1 X117.313 Y122.551 E-.216
;WIPE_END
G1 X117.917 Y121.202 F9000
G1 E5 F2400
;TYPE:Internal infill
;WIDTH:0.44
G1 F900
G1 X118.599 Y120.868 E.02507
G1 X119.143 Y120.515 E.02141
G1 X119.877 Y119.877 E.03211
G1 X119.057 Y119.057 E.03829
G1 X118.469 Y119.586 E.02611
G1 X117.554 Y120.114 E.03488
G1 X116.55 Y120.44 E.03485
G1 X116.131 Y120.484 E.01391
G1 X114.946 Y121.669 E.05533
G1 X115.5 Y121.698 E.01832
G1 X116.054 Y121.669 E.01832
G1 X114.869 Y120.484 E.05533
G1 X114.45 Y120.44 E.01391
G1 X113.446 Y120.114 E.03485
G1 X112.532 Y119.586 E.03485
G1 X111.94 Y119.06 E.02615
G1 X111.123 Y119.877 E.03815
G1 X111.857 Y120.515 E.03211
G1 X112.401 Y120.868 E.02141
G1 X113.083 Y121.202 E.02507
G1 E-3.5 F3600
;WIPE_START
G1 F7200
G1 X112.401 Y120.868 E-.36071
G1 X111.857 Y120.515 E-.30803
G1 X111.123 Y119.877 E-.46195
G1 X111.672 Y119.328 E-.36931
;WIPE_END
G1 X111.329 Y118.316 F9000
G1 E5 F2400
G1 F900
G1 X111.068 Y117.911 E.01591
G1 X110.697 Y117.061 E.03062
G1 X110.495 Y116.11 E.0321
G1 X109.331 Y114.946 E.05435
G1 X109.302 Y115.5 E.01832
G1 X109.331 Y116.054 E.01832
G1 X110.495 Y114.89 E.05435
G1 X110.697 Y113.939 E.0321
G1 X111.126 Y112.975 E.03484
G1 X111.335 Y112.688 E.01172
G1 E-3.5 F3600
;WIPE_START
G1 F7200
G1 X111.126 Y112.975 E-.16864
G1 X110.697 Y113.939 E-.5012
G1 X110.495 Y114.89 E-.4618
G1 X109.947 Y115.438 E-.36836
;WIPE_END
G1 X113.083 Y109.798 F9000
G1 E5 F2400
G1 F900
G1 X112.401 Y110.132 E.02507
G1 X111.857 Y110.485 E.02141
G1 X111.123 Y111.123 E.03211
G1 X111.943 Y111.943 E.03829
G1 X112.531 Y111.414 E.02611
G1 X113.446 Y110.886 E.03488
G1 X114.449 Y110.56 E.03482
G1 X114.876 Y110.508 E.0142
G1 X116.054 Y109.331 E.05498
G1 X115.536 Y109.304 E.01713
G1 X114.947 Y109.331 E.01947
G1 X116.107 Y110.492 E.05419
G1 X116.673 Y110.593 E.01898
G1 X117.554 Y110.886 E.03065
G1 X118.361 Y111.344 E.03064
G1 X119.058 Y111.942 E.03032
G1 X119.877 Y111.123 E.03824
G1 X119.143 Y110.485 E.03211
G1 X118.599 Y110.132 E.02141
G1 X117.917 Y109.798 E.02507
G1 E-3.5 F3600
;WIPE_START
G1 F7200
G1 X118.599 Y110.132 E-.36071
G1 X119.143 Y110.485 E-.30803
G1 X119.877 Y111.123 E-.46195
G1 X119.327 Y111.673 E-.36931
;WIPE_END
G1 X119.667 Y112.69 F9000
G1 E5 F2400
G1 F900
G1 X119.874 Y112.975 E.01163
G1 X120.303 Y113.939 E.03484
G1 X120.507 Y114.892 E.03218
G1 X121.669 Y116.054 E.05426
G1 X121.698 Y115.5 E.01832
G1 X121.669 Y114.946 E.01832
G1 X120.505 Y116.11 E.05435
G1 X120.303 Y117.061 E.0321
G1 X119.874 Y118.025 E.03484
G1 X119.665 Y118.312 E.01172
;LAYER_CHANGE
;Z:9.41
;HEIGHT:0.2
;BEFORE_LAYER_CHANGE
G92 E0
;15


G1 E-3.5 F3600
;WIPE_START
G1 F7200
G1 X117.354 Y120.114 E-.53635
G1 X116.155 Y120.461 E-.5929
G1 X115.603 Y121.013 E-.37075
;WIPE_END
G1 Z9.41 F9000
;AFTER_LAYER_CHANGE
;15
G1 X118.276 Y119.321
G1 E5 F2400
;TYPE:Perimeter
;WIDTH:0.439999
G1 F900
G1 X117.957 Y119.553 E.01302
G1 X117.421 Y119.815 E.0197
G1 X116.917 Y120.026 E.01804
G1 X116.274 Y120.173 E.02178
G1 X115.581 Y120.241 E.02299
G1 X114.614 Y120.156 E.03205
G1 X114.04 Y119.992 E.01971
G1 X113.524 Y119.812 E.01804
G1 X112.797 Y119.394 E.02769
G1 X112.339 Y119.01 E.01973
G1 X111.941 Y118.636 E.01803
G1 X111.447 Y117.957 E.02772
G1 X111.183 Y117.42 E.01976
G1 X110.985 Y116.946 E.01696
G1 X110.799 Y116.102 E.02854
G1 X110.776 Y115.5 E.01989
G1 X110.788 Y114.954 E.01803
G1 X110.962 Y114.132 E.02774
G1 X111.185 Y113.579 E.01969
G1 X111.418 Y113.084 E.01806
G1 X111.91 Y112.405 E.02769
G1 X112.339 Y111.99 E.01971
G1 X112.753 Y111.633 E.01805
G1 X113.48 Y111.212 E.02774
G1 X114.04 Y111.008 E.01968
G1 X114.564 Y110.85 E.01807
G1 X115.219 Y110.771 E.02178
G1 X115.915 Y110.777 E.02298
G1 X116.482 Y110.88 E.01903
G1 X117.014 Y111.005 E.01804
G1 X117.781 Y111.345 E.0277
G1 X118.276 Y111.679 E.01972
G1 X118.711 Y112.009 E.01803
G1 X119.274 Y112.632 E.02772
G1 X119.591 Y113.138 E.01971
G1 X119.854 Y113.617 E.01804
G1 X120.114 Y114.415 E.02771
G1 X120.198 Y115.006 E.01971
G1 X120.243 Y115.551 E.01806
G1 X120.156 Y116.386 E.02772
G1 X119.992 Y116.96 E.01971
G1 X119.812 Y117.476 E.01804
G1 X119.394 Y118.203 E.02769
G1 X119.01 Y118.661 E.01973
G1 X118.636 Y119.059 E.01803
G1 X118.325 Y119.286 E.01271
G1 X118.043 Y119 F9000
G1 F900
G1 X117.724 Y119.232 E.01302
G1 X116.793 Y119.648 E.03367
G1 X116.186 Y119.786 E.02055
G1 X115.548 Y119.845 E.02115
G1 X114.656 Y119.762 E.02958
G1 X114.163 Y119.615 E.01699
G1 X113.678 Y119.444 E.01698
G1 X112.995 Y119.05 E.02603
G1 X112.605 Y118.715 E.01698
G1 X112.232 Y118.362 E.01696
G1 X111.768 Y117.724 E.02605
G1 X111.362 Y116.817 E.03281
G1 X111.187 Y116.017 E.02704
G1 X111.174 Y115.5 E.01708
G1 X111.186 Y114.986 E.01698
G1 X111.35 Y114.215 E.02603
G1 X111.548 Y113.74 E.01699
G1 X111.768 Y113.276 E.01695
G1 X112.232 Y112.638 E.02605
G1 X112.605 Y112.285 E.01696
G1 X112.995 Y111.95 E.01698
G1 X113.678 Y111.556 E.02603
G1 X114.648 Y111.239 E.03369
G1 X115.266 Y111.166 E.02055
G1 X115.906 Y111.174 E.02113
G1 X116.9 Y111.387 E.03356
G1 X117.62 Y111.708 E.02603
G1 X118.043 Y112 E.01697
G1 X118.451 Y112.312 E.01696
G1 X118.979 Y112.898 E.02604
G1 X119.247 Y113.337 E.01698
G1 X119.493 Y113.788 E.01696
G1 X119.737 Y114.538 E.02604
G1 X119.803 Y115.048 E.01698
G1 X119.844 Y115.56 E.01696
G1 X119.762 Y116.344 E.02603
G1 X119.615 Y116.837 E.01699
G1 X119.444 Y117.322 E.01698
G1 X119.05 Y118.005 E.02603
G1 X118.715 Y118.395 E.01698
G1 X118.362 Y118.768 E.01696
G1 X118.092 Y118.965 E.01104
G1 X117.814 Y118.685 F9000
;TYPE:External perimeter
;WIDTH:0.419999
G1 F900
G1 X117.497 Y118.919 E.01235
G1 X116.742 Y119.259 E.02596
G1 X116.1 Y119.409 E.02067
G1 X115.516 Y119.459 E.01838
G1 X114.696 Y119.377 E.02584
G1 X113.908 Y119.125 E.02594
G1 X113.189 Y118.714 E.02597
G1 X112.571 Y118.164 E.02594
G1 X112.081 Y117.497 E.02595
G1 X111.752 Y116.771 E.02499
G1 X111.565 Y115.935 E.02686
G1 X111.561 Y115.106 E.02599
G1 X111.729 Y114.295 E.02597
G1 X112.062 Y113.538 E.02593
G1 X112.545 Y112.866 E.02595
G1 X113.157 Y112.309 E.02595
G1 X113.872 Y111.891 E.02597
G1 X114.658 Y111.632 E.02595
G1 X115.312 Y111.55 E.02067
G1 X115.898 Y111.561 E.01838
G1 X116.705 Y111.729 E.02585
G1 X117.462 Y112.062 E.02593
G1 X118.134 Y112.545 E.02595
G1 X118.691 Y113.157 E.02595
G1 X119.109 Y113.872 E.02597
G1 X119.368 Y114.658 E.02595
G1 X119.459 Y115.48 E.02593
G1 X119.377 Y116.304 E.02596
G1 X119.125 Y117.092 E.02594
G1 X118.714 Y117.811 E.02597
G1 X118.164 Y118.429 E.02594
G1 X117.863 Y118.65 E.01171
G1 E-3.5 F3600
;WIPE_START
G1 F7200
G1 X117.814 Y118.685 E-.0286
G1 X117.497 Y118.919 E-.18716
G1 X116.742 Y119.259 E-.39331
G1 X116.1 Y119.409 E-.31316
G1 X115.516 Y119.459 E-.27841
G1 X114.889 Y119.396 E-.29936
;WIPE_END
G1 X119.472 Y120.638 F9000
G1 E5 F2400
;TYPE:Perimeter
;WIDTH:0.439999
G1 F900
G1 X119.284 Y120.788 E.00794
G1 X118.625 Y121.198 E.02563
G1 X118.102 Y121.459 E.0193
G1 X117.303 Y121.742 E.02799
G1 X116.806 Y121.87 E.01695
G1 X116.134 Y121.971 E.02244
G1 X115.357 Y121.997 E.02567
G1 X114.774 Y121.962 E.01928
G1 X114.009 Y121.825 E.02566
G1 X113.446 Y121.669 E.01929
G1 X112.727 Y121.377 E.02562
G1 X112.209 Y121.108 E.01927
G1 X111.566 Y120.672 E.02565
G1 X111.115 Y120.301 E.01928
G1 X110.576 Y119.741 E.02566
G1 X110.212 Y119.284 E.01929
G1 X109.802 Y118.625 E.02563
G1 X109.541 Y118.102 E.0193
G1 X109.262 Y117.318 E.02748
G1 X109.13 Y116.806 E.01746
G1 X109.024 Y116.037 E.02563
G1 X108.998 Y115.453 E.0193
G1 X109.054 Y114.679 E.02562
G1 X109.15 Y114.103 E.01928
G1 X109.365 Y113.357 E.02563
G1 X109.579 Y112.813 E.0193
G1 X109.945 Y112.128 E.02564
G1 X110.267 Y111.641 E.01928
G1 X110.767 Y111.047 E.02564
G1 X111.184 Y110.637 E.01931
G1 X111.797 Y110.16 E.02565
G1 X112.289 Y109.846 E.01927
G1 X112.988 Y109.507 E.02565
G1 X113.535 Y109.302 E.01929
G1 X114.359 Y109.104 E.02798
G1 X114.867 Y109.029 E.01695
G1 X115.546 Y108.998 E.02244
G1 X116.321 Y109.053 E.02565
G1 X116.897 Y109.15 E.01929
G1 X117.644 Y109.365 E.02567
G1 X118.187 Y109.579 E.01927
G1 X118.872 Y109.945 E.02564
G1 X119.359 Y110.267 E.01928
G1 X119.953 Y110.767 E.02564
G1 X120.363 Y111.184 E.01931
G1 X120.84 Y111.797 E.02565
G1 X121.154 Y112.289 E.01927
G1 X121.493 Y112.988 E.02565
G1 X121.698 Y113.535 E.01929
G1 X121.885 Y114.289 E.02565
G1 X121.971 Y114.867 E.01929
G1 X121.997 Y115.643 E.02564
G1 X121.962 Y116.226 E.01928
G1 X121.825 Y116.991 E.02566
G1 X121.669 Y117.554 E.01929
G1 X121.377 Y118.273 E.02562
G1 X121.108 Y118.791 E.01927
G1 X120.672 Y119.434 E.02565
G1 X120.301 Y119.885 E.01928
G1 X119.741 Y120.424 E.02566
G1 X119.519 Y120.6 E.00935
G1 X119.771 Y120.911 F9000
G1 F900
G1 X119.557 Y121.084 E.00909
G1 X118.951 Y121.477 E.02385
G1 X118.307 Y121.805 E.02386
G1 X117.633 Y122.064 E.02384
G1 X116.935 Y122.251 E.02386
G1 X116.221 Y122.364 E.02387
G1 X115.5 Y122.402 E.02384
G1 X114.779 Y122.364 E.02384
G1 X114.065 Y122.251 E.02387
G1 X113.367 Y122.064 E.02386
G1 X112.693 Y121.805 E.02384
G1 X112.049 Y121.477 E.02386
G1 X111.443 Y121.084 E.02385
G1 X110.882 Y120.629 E.02385
G1 X110.371 Y120.118 E.02386
G1 X109.916 Y119.557 E.02385
G1 X109.523 Y118.951 E.02385
G1 X109.195 Y118.307 E.02386
G1 X108.936 Y117.633 E.02384
G1 X108.749 Y116.935 E.02386
G1 X108.636 Y116.221 E.02387
G1 X108.598 Y115.5 E.02384
G1 X108.636 Y114.779 E.02384
G1 X108.749 Y114.065 E.02387
G1 X108.936 Y113.367 E.02386
G1 X109.195 Y112.693 E.02384
G1 X109.523 Y112.049 E.02386
G1 X109.916 Y111.443 E.02385
G1 X110.371 Y110.882 E.02385
G1 X110.882 Y110.371 E.02386
G1 X111.443 Y109.916 E.02385
G1 X112.049 Y109.523 E.02385
G1 X112.693 Y109.195 E.02386
G1 X113.367 Y108.936 E.02384
G1 X114.065 Y108.749 E.02386
G1 X114.779 Y108.636 E.02387
G1 X115.5 Y108.598 E.02384
G1 X116.221 Y108.636 E.02384
G1 X116.935 Y108.749 E.02387
G1 X117.633 Y108.936 E.02386
G1 X118.307 Y109.195 E.02384
G1 X118.951 Y109.523 E.02386
G1 X119.557 Y109.916 E.02385
G1 X120.118 Y110.371 E.02385
G1 X120.629 Y110.882 E.02386
G1 X121.084 Y111.443 E.02385
G1 X121.477 Y112.049 E.02385
G1 X121.805 Y112.693 E.02386
G1 X122.04 Y113.304 E.02161
G1 X122.184 Y113.813 E.01747
G1 X122.292 Y114.323 E.01721
G1 X122.368 Y114.846 E.01745
G1 X122.399 Y115.567 E.02383
G1 X122.364 Y116.221 E.02162
G1 X122.251 Y116.935 E.02387
G1 X122.064 Y117.633 E.02386
G1 X121.805 Y118.307 E.02384
G1 X121.477 Y118.951 E.02386
G1 X121.084 Y119.557 E.02385
G1 X120.629 Y120.118 E.02385
G1 X120.118 Y120.629 E.02386
G1 X119.817 Y120.873 E.01279
G1 X120.061 Y121.174 F9000
;TYPE:External perimeter
;WIDTH:0.419999
G1 F900
G1 X119.785 Y121.398 E.01115
G1 X119.145 Y121.813 E.02392
G1 X118.465 Y122.159 E.02392
G1 X117.753 Y122.433 E.02392
G1 X117.016 Y122.63 E.02392
G1 X116.262 Y122.75 E.02394
G1 X115.5 Y122.79 E.02392
G1 X114.738 Y122.75 E.02392
G1 X113.984 Y122.63 E.02394
G1 X113.247 Y122.433 E.02392
G1 X112.535 Y122.159 E.02392
G1 X111.855 Y121.813 E.02392
G1 X111.215 Y121.398 E.02392
G1 X110.622 Y120.917 E.02394
G1 X110.083 Y120.378 E.0239
G1 X109.602 Y119.785 E.02394
G1 X109.187 Y119.145 E.02392
G1 X108.841 Y118.465 E.02392
G1 X108.567 Y117.753 E.02392
G1 X108.37 Y117.016 E.02392
G1 X108.25 Y116.262 E.02394
G1 X108.21 Y115.5 E.02392
G1 X108.25 Y114.738 E.02392
G1 X108.37 Y113.984 E.02394
G1 X108.567 Y113.247 E.02392
G1 X108.841 Y112.535 E.02392
G1 X109.187 Y111.855 E.02392
G1 X109.602 Y111.215 E.02392
G1 X110.083 Y110.622 E.02394
G1 X110.622 Y110.083 E.0239
G1 X111.215 Y109.602 E.02394
G1 X111.855 Y109.187 E.02392
G1 X112.535 Y108.841 E.02392
G1 X113.247 Y108.567 E.02392
G1 X113.984 Y108.37 E.02392
G1 X114.738 Y108.25 E.02394
G1 X115.5 Y108.21 E.02392
G1 X116.262 Y108.25 E.02392
G1 X117.016 Y108.37 E.02394
G1 X117.753 Y108.567 E.02392
G1 X118.465 Y108.841 E.02392
G1 X119.145 Y109.187 E.02392
G1 X119.785 Y109.602 E.02392
G1 X120.378 Y110.083 E.02394
G1 X120.917 Y110.622 E.0239
G1 X121.398 Y111.215 E.02394
G1 X121.813 Y111.855 E.02392
G1 X122.159 Y112.535 E.02392
G1 X122.401 Y113.165 E.02116
G1 X122.558 Y113.713 E.01787
G1 X122.674 Y114.262 E.01759
G1 X122.754 Y114.826 E.01786
G1 X122.785 Y115.587 E.02388
G1 X122.75 Y116.262 E.02119
G1 X122.63 Y117.016 E.02394
G1 X122.433 Y117.753 E.02392
G1 X122.159 Y118.465 E.02392
G1 X121.813 Y119.145 E.02392
G1 X121.398 Y119.785 E.02392
G1 X120.917 Y120.378 E.02394
G1 X120.378 Y120.917 E.0239
G1 X120.108 Y121.136 E.0109
G1 E-3.5 F3600
;WIPE_START
G1 F7200
G1 X120.061 Y121.174 E-.02871
G1 X119.785 Y121.398 E-.16884
G1 X119.145 Y121.813 E-.36232
G1 X118.465 Y122.159 E-.36241
G1 X117.753 Y122.433 E-.36238
G1 X117.315 Y122.55 E-.21534
;WIPE_END
G1 X117.917 Y121.202 F9000
G1 E5 F2400
;TYPE:Internal infill
;WIDTH:0.44
G1 F900
G1 X118.599 Y120.868 E.02507
G1 X119.143 Y120.515 E.02141
G1 X119.877 Y119.877 E.03211
G1 X119.059 Y119.059 E.0382
G1 X119.586 Y118.468 E.02614
G1 X120.114 Y117.554 E.03485
G1 X120.44 Y116.55 E.03485
G1 X120.487 Y116.128 E.01402
G1 X121.669 Y114.946 E.05519
G1 X121.669 Y116.054 E.03658
G1 X120.486 Y114.871 E.05524
G1 X120.44 Y114.45 E.01398
G1 X120.114 Y113.446 E.03485
G1 X119.586 Y112.531 E.03488
G1 X119.057 Y111.943 E.02611
G1 X119.877 Y111.123 E.03829
G1 X120.515 Y111.857 E.03211
G1 X120.868 Y112.401 E.02141
G1 X121.202 Y113.083 E.02507
G1 E-3.5 F3600
;WIPE_START
G1 F7200
G1 X120.868 Y112.401 E-.36071
G1 X120.515 Y111.857 E-.30803
G1 X119.877 Y111.123 E-.46195
G1 X119.327 Y111.673 E-.36931
;WIPE_END
G1 X118.307 Y111.331 F9000
G1 E5 F2400
G1 F900
G1 X118.025 Y111.126 E.01151
G1 X117.119 Y110.717 E.03282
G1 X116.104 Y110.488 E.03435
G1 X114.947 Y109.331 E.05402
G1 X116.054 Y109.331 E.03655
G1 X114.877 Y110.508 E.05496
G1 X114.449 Y110.56 E.01424
G1 X113.446 Y110.886 E.03482
G1 X112.531 Y111.414 E.03488
G1 X111.943 Y111.943 E.02611
G1 X111.123 Y111.123 E.03829
G1 X111.857 Y110.485 E.03211
G1 X112.401 Y110.132 E.02141
G1 X113.083 Y109.798 E.02507
G1 E-3.5 F3600
;WIPE_START
G1 F7200
G1 X112.401 Y110.132 E-.36071
G1 X111.857 Y110.485 E-.30803
G1 X111.123 Y111.123 E-.46195
G1 X111.673 Y111.673 E-.36931
;WIPE_END
G1 X111.335 Y112.688 F9000
G1 E5 F2400
G1 F900
G1 X111.126 Y112.975 E.01172
G1 X110.697 Y113.939 E.03484
G1 X110.495 Y114.89 E.0321
G1 X109.331 Y116.054 E.05435
G1 X109.302 Y115.5 E.01832
G1 X109.331 Y114.946 E.01832
G1 X110.492 Y116.107 E.05421
G1 X110.702 Y117.071 E.03258
G1 X111.126 Y118.025 E.03447
G1 X111.333 Y118.31 E.01163
G1 E-3.5 F3600
;WIPE_START
G1 F7200
G1 X111.126 Y118.025 E-.16731
G1 X110.702 Y117.071 E-.49589
G1 X110.492 Y116.107 E-.46864
G1 X109.944 Y115.559 E-.36816
;WIPE_END
G1 X113.083 Y121.202 F9000
G1 E5 F2400
G1 F900
G1 X112.401 Y120.868 E.02507
G1 X111.857 Y120.515 E.02141
G1 X111.123 Y119.877 E.03211
G1 X111.942 Y119.058 E.03824
G1 X112.639 Y119.656 E.03032
G1 X113.332 Y120.055 E.0264
G1 X114.45 Y120.44 E.03904
G1 X114.872 Y120.487 E.01402
G1 X116.054 Y121.669 E.05519
G1 X114.946 Y121.669 E.03658
G1 X116.115 Y120.5 E.05458
G1 X117.12 Y120.282 E.03395
G1 X118.025 Y119.874 E.03278
G1 X118.318 Y119.664 E.0119
;LAYER_CHANGE
;Z:9.61
;HEIGHT:0.2
;BEFORE_LAYER_CHANGE
G92 E0
;15.2


G1 E-3.5 F3600
;WIPE_START
G1 F7200
G1 X118.025 Y119.874 E-.17123
G1 X117.12 Y120.282 E-.47154
G1 X116.115 Y120.5 E-.48848
G1 X115.566 Y121.049 E-.36875
;WIPE_END
G1 Z9.61 F9000
;AFTER_LAYER_CHANGE
;15.2
G1 X118.276 Y119.321
G1 E5 F2400
;TYPE:Perimeter
;WIDTH:0.439999
G1 F900
G1 X117.957 Y119.553 E.01302
G1 X117.421 Y119.815 E.0197
G1 X116.917 Y120.026 E.01804
G1 X116.278 Y120.173 E.02165
G1 X115.582 Y120.241 E.02309
G1 X114.614 Y120.156 E.03208
G1 X114.04 Y119.992 E.01971
G1 X113.524 Y119.812 E.01804
G1 X112.797 Y119.394 E.02769
G1 X112.339 Y119.01 E.01973
G1 X111.941 Y118.636 E.01803
G1 X111.447 Y117.957 E.02772
G1 X111.183 Y117.42 E.01976
G1 X110.983 Y116.943 E.01708
G1 X110.799 Y116.101 E.02846
G1 X110.776 Y115.5 E.01986
G1 X110.788 Y114.954 E.01803
G1 X110.962 Y114.132 E.02774
G1 X111.185 Y113.579 E.01969
G1 X111.418 Y113.084 E.01806
G1 X111.91 Y112.405 E.02769
G1 X112.339 Y111.99 E.01971
G1 X112.753 Y111.633 E.01805
G1 X113.48 Y111.212 E.02774
G1 X114.04 Y111.008 E.01968
G1 X114.564 Y110.85 E.01807
G1 X115.215 Y110.772 E.02165
G1 X115.914 Y110.777 E.02308
G1 X116.482 Y110.88 E.01906
G1 X117.014 Y111.005 E.01804
G1 X117.781 Y111.345 E.0277
G1 X118.276 Y111.679 E.01972
G1 X118.711 Y112.009 E.01803
G1 X119.274 Y112.632 E.02772
G1 X119.591 Y113.138 E.01971
G1 X119.854 Y113.617 E.01804
G1 X120.114 Y114.415 E.02771
G1 X120.198 Y115.006 E.01971
G1 X120.243 Y115.551 E.01806
G1 X120.156 Y116.386 E.02772
G1 X119.992 Y116.96 E.01971
G1 X119.812 Y117.476 E.01804
G1 X119.394 Y118.203 E.02769
G1 X119.01 Y118.661 E.01973
G1 X118.636 Y119.059 E.01803
G1 X118.325 Y119.286 E.01271
G1 X118.043 Y119 F9000
G1 F900
G1 X117.724 Y119.232 E.01302
G1 X116.793 Y119.648 E.03367
G1 X116.189 Y119.786 E.02046
G1 X115.549 Y119.845 E.02122
G1 X114.656 Y119.762 E.02961
G1 X114.163 Y119.615 E.01699
G1 X113.678 Y119.444 E.01698
G1 X112.995 Y119.05 E.02603
G1 X112.605 Y118.715 E.01698
G1 X112.232 Y118.362 E.01696
G1 X111.768 Y117.724 E.02605
G1 X111.36 Y116.813 E.03296
G1 X111.187 Y116.017 E.0269
G1 X111.174 Y115.5 E.01708
G1 X111.186 Y114.986 E.01698
G1 X111.35 Y114.215 E.02603
G1 X111.548 Y113.74 E.01699
G1 X111.768 Y113.276 E.01695
G1 X112.232 Y112.638 E.02605
G1 X112.605 Y112.285 E.01696
G1 X112.995 Y111.95 E.01698
G1 X113.678 Y111.556 E.02603
G1 X114.647 Y111.239 E.03366
G1 X115.262 Y111.166 E.02045
G1 X115.906 Y111.174 E.02126
G1 X116.9 Y111.387 E.03356
G1 X117.62 Y111.708 E.02603
G1 X118.043 Y112 E.01697
G1 X118.451 Y112.312 E.01696
G1 X118.979 Y112.898 E.02604
G1 X119.247 Y113.337 E.01698
G1 X119.493 Y113.788 E.01696
G1 X119.737 Y114.538 E.02604
G1 X119.803 Y115.048 E.01698
G1 X119.844 Y115.56 E.01696
G1 X119.762 Y116.344 E.02603
G1 X119.615 Y116.837 E.01699
G1 X119.444 Y117.322 E.01698
G1 X119.05 Y118.005 E.02603
G1 X118.715 Y118.395 E.01698
G1 X118.362 Y118.768 E.01696
G1 X118.092 Y118.965 E.01104
G1 X117.814 Y118.685 F9000
;TYPE:External perimeter
;WIDTH:0.419999
G1 F900
G1 X117.497 Y118.919 E.01235
G1 X116.742 Y119.259 E.02596
G1 X116.104 Y119.408 E.02054
G1 X115.516 Y119.459 E.01851
G1 X114.696 Y119.377 E.02584
G1 X113.908 Y119.125 E.02594
G1 X113.189 Y118.714 E.02597
G1 X112.571 Y118.164 E.02594
G1 X112.081 Y117.497 E.02595
G1 X111.751 Y116.768 E.02509
G1 X111.565 Y115.934 E.02679
G1 X111.561 Y115.106 E.02596
G1 X111.729 Y114.295 E.02597
G1 X112.062 Y113.538 E.02593
G1 X112.545 Y112.866 E.02595
G1 X113.157 Y112.309 E.02595
G1 X113.872 Y111.891 E.02597
G1 X114.658 Y111.632 E.02595
G1 X115.308 Y111.55 E.02054
G1 X115.898 Y111.561 E.0185
G1 X116.705 Y111.729 E.02585
G1 X117.462 Y112.062 E.02593
G1 X118.134 Y112.545 E.02595
G1 X118.691 Y113.157 E.02595
G1 X119.109 Y113.872 E.02597
G1 X119.368 Y114.658 E.02595
G1 X119.459 Y115.48 E.02593
G1 X119.377 Y116.304 E.02596
G1 X119.125 Y117.092 E.02594
G1 X118.714 Y117.811 E.02597
G1 X118.164 Y118.429 E.02594
G1 X117.863 Y118.65 E.01171
G1 E-3.5 F3600
;WIPE_START
G1 F7200
G1 X117.814 Y118.685 E-.0286
G1 X117.497 Y118.919 E-.18716
G1 X116.742 Y119.259 E-.39331
G1 X116.104 Y119.408 E-.3112
G1 X115.516 Y119.459 E-.28035
G1 X114.889 Y119.396 E-.29938
;WIPE_END
G1 X119.472 Y120.638 F9000
G1 E5 F2400
;TYPE:Perimeter
;WIDTH:0.439999
G1 F900
G1 X119.284 Y120.788 E.00794
G1 X118.625 Y121.198 E.02563
G1 X118.102 Y121.459 E.0193
G1 X117.304 Y121.741 E.02794
G1 X116.806 Y121.87 E.01699
G1 X116.134 Y121.971 E.02244
G1 X115.358 Y121.997 E.02564
G1 X114.774 Y121.962 E.01932
G1 X114.009 Y121.825 E.02566
G1 X113.446 Y121.669 E.01929
G1 X112.727 Y121.377 E.02562
G1 X112.209 Y121.108 E.01927
G1 X111.566 Y120.672 E.02565
G1 X111.115 Y120.301 E.01928
G1 X110.576 Y119.741 E.02566
G1 X110.212 Y119.284 E.01929
G1 X109.802 Y118.625 E.02563
G1 X109.541 Y118.102 E.0193
G1 X109.261 Y117.313 E.02764
G1 X109.13 Y116.806 E.01729
G1 X109.024 Y116.037 E.02563
G1 X108.998 Y115.453 E.0193
G1 X109.054 Y114.679 E.02562
G1 X109.15 Y114.103 E.01928
G1 X109.365 Y113.356 E.02567
G1 X109.579 Y112.813 E.01927
G1 X109.945 Y112.128 E.02564
G1 X110.267 Y111.641 E.01928
G1 X110.767 Y111.047 E.02564
G1 X111.184 Y110.637 E.01931
G1 X111.797 Y110.16 E.02565
G1 X112.289 Y109.846 E.01927
G1 X112.988 Y109.507 E.02565
G1 X113.535 Y109.302 E.01929
G1 X114.358 Y109.104 E.02795
G1 X114.867 Y109.029 E.01699
G1 X115.546 Y108.998 E.02244
G1 X116.321 Y109.053 E.02565
G1 X116.897 Y109.15 E.01929
G1 X117.644 Y109.365 E.02567
G1 X118.187 Y109.579 E.01927
G1 X118.872 Y109.945 E.02564
G1 X119.359 Y110.267 E.01928
G1 X119.953 Y110.767 E.02564
G1 X120.363 Y111.184 E.01931
G1 X120.84 Y111.797 E.02565
G1 X121.154 Y112.289 E.01927
G1 X121.493 Y112.988 E.02565
G1 X121.698 Y113.535 E.01929
G1 X121.885 Y114.289 E.02565
G1 X121.971 Y114.867 E.01929
G1 X121.997 Y115.643 E.02564
G1 X121.962 Y116.226 E.01928
G1 X121.825 Y116.991 E.02566
G1 X121.669 Y117.554 E.01929
G1 X121.377 Y118.273 E.02562
G1 X121.108 Y118.791 E.01927
G1 X120.672 Y119.434 E.02565
G1 X120.301 Y119.885 E.01928
G1 X119.741 Y120.424 E.02566
G1 X119.519 Y120.6 E.00935
G1 X119.771 Y120.911 F9000
G1 F900
G1 X119.557 Y121.084 E.00909
G1 X118.951 Y121.477 E.02385
G1 X118.307 Y121.805 E.02386
G1 X117.633 Y122.064 E.02384
G1 X116.935 Y122.251 E.02386
G1 X116.221 Y122.364 E.02387
G1 X115.5 Y122.402 E.02384
G1 X114.779 Y122.364 E.02384
G1 X114.065 Y122.251 E.02387
G1 X113.367 Y122.064 E.02386
G1 X112.693 Y121.805 E.02384
G1 X112.049 Y121.477 E.02386
G1 X111.443 Y121.084 E.02385
G1 X110.882 Y120.629 E.02385
G1 X110.371 Y120.118 E.02386
G1 X109.916 Y119.557 E.02385
G1 X109.523 Y118.951 E.02385
G1 X109.195 Y118.307 E.02386
G1 X108.936 Y117.633 E.02384
G1 X108.749 Y116.935 E.02386
G1 X108.636 Y116.221 E.02387
G1 X108.598 Y115.5 E.02384
G1 X108.636 Y114.779 E.02384
G1 X108.749 Y114.065 E.02387
G1 X108.936 Y113.367 E.02386
G1 X109.195 Y112.693 E.02384
G1 X109.523 Y112.049 E.02386
G1 X109.916 Y111.443 E.02385
G1 X110.371 Y110.882 E.02385
G1 X110.882 Y110.371 E.02386
G1 X111.443 Y109.916 E.02385
G1 X112.049 Y109.523 E.02385
G1 X112.693 Y109.195 E.02386
G1 X113.367 Y108.936 E.02384
G1 X114.065 Y108.749 E.02386
G1 X114.779 Y108.636 E.02387
G1 X115.5 Y108.598 E.02384
G1 X116.221 Y108.636 E.02384
G1 X116.935 Y108.749 E.02387
G1 X117.633 Y108.936 E.02386
G1 X118.307 Y109.195 E.02384
G1 X118.951 Y109.523 E.02386
G1 X119.557 Y109.916 E.02385
G1 X120.118 Y110.371 E.02385
G1 X120.629 Y110.882 E.02386
G1 X121.084 Y111.443 E.02385
G1 X121.477 Y112.049 E.02385
G1 X121.805 Y112.693 E.02386
G1 X122.04 Y113.304 E.02161
G1 X122.184 Y113.813 E.01747
G1 X122.292 Y114.323 E.01721
G1 X122.368 Y114.846 E.01745
G1 X122.399 Y115.567 E.02383
G1 X122.364 Y116.221 E.02162
G1 X122.251 Y116.935 E.02387
G1 X122.064 Y117.633 E.02386
G1 X121.805 Y118.307 E.02384
G1 X121.477 Y118.951 E.02386
G1 X121.084 Y119.557 E.02385
G1 X120.629 Y120.118 E.02385
G1 X120.118 Y120.629 E.02386
G1 X119.817 Y120.873 E.01279
G1 X120.061 Y121.174 F9000
;TYPE:External perimeter
;WIDTH:0.419999
G1 F900
G1 X119.785 Y121.398 E.01115
G1 X119.145 Y121.813 E.02392
G1 X118.465 Y122.159 E.02392
G1 X117.753 Y122.433 E.02392
G1 X117.016 Y122.63 E.02392
G1 X116.262 Y122.75 E.02394
G1 X115.5 Y122.79 E.02392
G1 X114.738 Y122.75 E.02392
G1 X113.984 Y122.63 E.02394
G1 X113.247 Y122.433 E.02392
G1 X112.535 Y122.159 E.02392
G1 X111.855 Y121.813 E.02392
G1 X111.215 Y121.398 E.02392
G1 X110.622 Y120.917 E.02394
G1 X110.083 Y120.378 E.0239
G1 X109.602 Y119.785 E.02394
G1 X109.187 Y119.145 E.02392
G1 X108.841 Y118.465 E.02392
G1 X108.567 Y117.753 E.02392
G1 X108.37 Y117.016 E.02392
G1 X108.25 Y116.262 E.02394
G1 X108.21 Y115.5 E.02392
G1 X108.25 Y114.738 E.02392
G1 X108.37 Y113.984 E.02394
G1 X108.567 Y113.247 E.02392
G1 X108.841 Y112.535 E.02392
G1 X109.187 Y111.855 E.02392
G1 X109.602 Y111.215 E.02392
G1 X110.083 Y110.622 E.02394
G1 X110.622 Y110.083 E.0239
G1 X111.215 Y109.602 E.02394
G1 X111.855 Y109.187 E.02392
G1 X112.535 Y108.841 E.02392
G1 X113.247 Y108.567 E.02392
G1 X113.984 Y108.37 E.02392
G1 X114.738 Y108.25 E.02394
G1 X115.5 Y108.21 E.02392
G1 X116.262 Y108.25 E.02392
G1 X117.016 Y108.37 E.02394
G1 X117.753 Y108.567 E.02392
G1 X118.465 Y108.841 E.02392
G1 X119.145 Y109.187 E.02392
G1 X119.785 Y109.602 E.02392
G1 X120.378 Y110.083 E.02394
G1 X120.917 Y110.622 E.0239
G1 X121.398 Y111.215 E.02394
G1 X121.813 Y111.855 E.02392
G1 X122.159 Y112.535 E.02392
G1 X122.401 Y113.165 E.02116
G1 X122.558 Y113.713 E.01787
G1 X122.674 Y114.262 E.01759
G1 X122.754 Y114.826 E.01786
G1 X122.785 Y115.587 E.02388
G1 X122.75 Y116.262 E.02119
G1 X122.63 Y117.016 E.02394
G1 X122.433 Y117.753 E.02392
G1 X122.159 Y118.465 E.02392
G1 X121.813 Y119.145 E.02392
G1 X121.398 Y119.785 E.02392
G1 X120.917 Y120.378 E.02394
G1 X120.378 Y120.917 E.0239
G1 X120.108 Y121.136 E.0109
G1 E-3.5 F3600
;WIPE_START
G1 F7200
G1 X120.061 Y121.174 E-.02871
G1 X119.785 Y121.398 E-.16884
G1 X119.145 Y121.813 E-.36232
G1 X118.465 Y122.159 E-.36241
G1 X117.753 Y122.433 E-.36238
G1 X117.315 Y122.55 E-.21534
;WIPE_END
G1 X117.917 Y121.202 F9000
G1 E5 F2400
;TYPE:Internal infill
;WIDTH:0.44
G1 F900
G1 X118.599 Y120.868 E.02507
G1 X119.143 Y120.515 E.02141
G1 X119.877 Y119.877 E.03211
G1 X119.059 Y119.059 E.0382
G1 X119.586 Y118.468 E.02614
G1 X120.114 Y117.554 E.03485
G1 X120.44 Y116.55 E.03485
G1 X120.487 Y116.128 E.01402
G1 X121.669 Y114.946 E.05519
G1 X121.669 Y116.054 E.03658
G1 X120.486 Y114.871 E.05524
G1 X120.44 Y114.45 E.01398
G1 X120.114 Y113.446 E.03485
G1 X119.586 Y112.531 E.03488
G1 X119.057 Y111.943 E.02611
G1 X119.877 Y111.123 E.03829
G1 X120.515 Y111.857 E.03211
G1 X120.868 Y112.401 E.02141
G1 X121.202 Y113.083 E.02507
G1 E-3.5 F3600
;WIPE_START
G1 F7200
G1 X120.868 Y112.401 E-.36071
G1 X120.515 Y111.857 E-.30803
G1 X119.877 Y111.123 E-.46195
G1 X119.327 Y111.673 E-.36931
;WIPE_END
G1 X118.307 Y111.331 F9000
G1 E5 F2400
G1 F900
G1 X118.025 Y111.126 E.01151
G1 X117.119 Y110.717 E.03282
G1 X116.104 Y110.488 E.03435
G1 X114.947 Y109.331 E.05402
G1 X116.054 Y109.331 E.03655
G1 X114.877 Y110.508 E.05496
G1 X114.449 Y110.56 E.01424
G1 X113.446 Y110.886 E.03482
G1 X112.531 Y111.414 E.03488
G1 X111.943 Y111.943 E.02611
G1 X111.123 Y111.123 E.03829
G1 X111.857 Y110.485 E.03211
G1 X112.401 Y110.132 E.02141
G1 X113.083 Y109.798 E.02507
G1 E-3.5 F3600
;WIPE_START
G1 F7200
G1 X112.401 Y110.132 E-.36071
G1 X111.857 Y110.485 E-.30803
G1 X111.123 Y111.123 E-.46195
G1 X111.673 Y111.673 E-.36931
;WIPE_END
G1 X111.335 Y112.688 F9000
G1 E5 F2400
G1 F900
G1 X111.126 Y112.975 E.01172
G1 X110.697 Y113.939 E.03484
G1 X110.495 Y114.89 E.0321
G1 X109.331 Y116.054 E.05435
G1 X109.302 Y115.5 E.01832
G1 X109.331 Y114.946 E.01832
G1 X110.492 Y116.107 E.05421
G1 X110.701 Y117.07 E.03254
G1 X111.126 Y118.025 E.03451
G1 X111.333 Y118.31 E.01163
G1 X109.798 Y117.917 F9000
G1 F900
G1 X110.132 Y118.599 E.02507
G1 X110.485 Y119.143 E.02141
G1 X111.123 Y119.877 E.03211
G1 X111.942 Y119.058 E.03824
G1 X112.585 Y119.623 E.02826
G1 X113.387 Y120.085 E.03056
G1 X114.45 Y120.44 E.037
G1 X114.872 Y120.487 E.01402
G1 X116.054 Y121.669 E.05519
G1 X114.946 Y121.669 E.03658
G1 X116.115 Y120.5 E.05458
G1 X117.12 Y120.282 E.03395
G1 X118.025 Y119.874 E.03278
G1 X118.318 Y119.664 E.0119
;LAYER_CHANGE
;Z:9.81
;HEIGHT:0.200001
;BEFORE_LAYER_CHANGE
G92 E0
;15.6


G1 E-3.5 F3600
;WIPE_START
G1 F7200
G1 X120.668 Y118.599 E-.42772
G1 X120.315 Y119.143 E-.30803
G1 X119.777 Y119.777 E-.39496
G1 X119.227 Y119.227 E-.36929
;WIPE_END
G1 Z9.81 F9000
;AFTER_LAYER_CHANGE
;15.6
G1 X119.829 Y117.427
G1 E5 F2400
;TYPE:Perimeter
;WIDTH:0.439999
G1 F900
G1 X119.812 Y117.476 E.00171
G1 X119.394 Y118.203 E.02769
G1 X119.01 Y118.661 E.01973
G1 X118.636 Y119.059 E.01803
G1 X117.957 Y119.553 E.02772
G1 X117.421 Y119.815 E.0197
G1 X116.917 Y120.026 E.01804
G1 X116.096 Y120.202 E.02772
G1 X115.5 Y120.224 E.01969
G1 X114.954 Y120.212 E.01803
G1 X114.132 Y120.038 E.02774
G1 X113.579 Y119.815 E.01969
G1 X113.084 Y119.582 E.01806
G1 X112.405 Y119.09 E.02769
G1 X111.99 Y118.661 E.01971
G1 X111.633 Y118.247 E.01805
G1 X111.212 Y117.52 E.02774
G1 X111.008 Y116.96 E.01968
G1 X110.85 Y116.436 E.01807
G1 X110.761 Y115.602 E.02769
G1 X110.796 Y114.987 E.02034
G1 X110.965 Y114.118 E.02923
G1 X111.185 Y113.579 E.01922
G1 X111.418 Y113.084 E.01806
G1 X111.91 Y112.405 E.02769
G1 X112.339 Y111.99 E.01971
G1 X112.753 Y111.633 E.01805
G1 X113.48 Y111.212 E.02774
G1 X114.04 Y111.008 E.01968
G1 X114.564 Y110.85 E.01807
G1 X115.398 Y110.761 E.02769
G1 X115.945 Y110.778 E.01807
G1 X117.014 Y111.005 E.03608
G1 X117.781 Y111.345 E.0277
G1 X118.276 Y111.679 E.01972
G1 X118.711 Y112.009 E.01803
G1 X119.274 Y112.632 E.02772
G1 X119.591 Y113.138 E.01971
G1 X119.854 Y113.617 E.01804
G1 X120.114 Y114.415 E.02771
G1 X120.198 Y115.006 E.01971
G1 X120.243 Y115.551 E.01806
G1 X120.156 Y116.386 E.02772
G1 X119.992 Y116.96 E.01971
G1 X119.849 Y117.37 E.01434
G1 X119.464 Y117.265 F9000
G1 F900
G1 X119.247 Y117.663 E.01497
G1 X118.979 Y118.102 E.01698
G1 X118.451 Y118.688 E.02604
G1 X118.043 Y119 E.01696
G1 X117.62 Y119.292 E.01697
G1 X116.9 Y119.613 E.02603
G1 X116.4 Y119.732 E.01697
G1 X115.894 Y119.826 E.01699
G1 X115.106 Y119.826 E.02602
G1 X114.6 Y119.732 E.01699
G1 X114.1 Y119.613 E.01697
G1 X113.38 Y119.292 E.02603
G1 X112.957 Y119 E.01697
G1 X112.549 Y118.688 E.01696
G1 X112.021 Y118.102 E.02604
G1 X111.753 Y117.663 E.01698
G1 X111.507 Y117.212 E.01696
G1 X111.263 Y116.462 E.02604
G1 X111.155 Y115.452 E.03354
G1 X111.203 Y114.886 E.01875
G1 X111.352 Y114.207 E.02295
G1 X111.768 Y113.276 E.03367
G1 X112.232 Y112.638 E.02605
G1 X112.605 Y112.285 E.01696
G1 X112.995 Y111.95 E.01698
G1 X113.678 Y111.556 E.02603
G1 X114.538 Y111.263 E.03
G1 X115.53 Y111.154 E.03295
G1 X116.014 Y111.186 E.01602
G1 X116.785 Y111.35 E.02603
G1 X117.26 Y111.548 E.01699
G1 X117.724 Y111.768 E.01695
G1 X118.362 Y112.232 E.02605
G1 X118.715 Y112.605 E.01696
G1 X119.05 Y112.995 E.01698
G1 X119.444 Y113.678 E.02603
G1 X119.615 Y114.163 E.01698
G1 X119.762 Y114.656 E.01699
G1 X119.844 Y115.44 E.02603
G1 X119.803 Y115.952 E.01696
G1 X119.737 Y116.462 E.01698
G1 X119.493 Y117.212 E.02604
G1 X119.115 Y117.11 F9000
;TYPE:External perimeter
;WIDTH:0.419999
G1 F900
G1 X118.714 Y117.811 E.02532
G1 X118.164 Y118.429 E.02594
G1 X117.497 Y118.919 E.02595
G1 X116.742 Y119.259 E.02596
G1 X115.933 Y119.435 E.02596
G1 X115.106 Y119.439 E.02593
G1 X114.295 Y119.271 E.02597
G1 X113.538 Y118.938 E.02593
G1 X112.866 Y118.455 E.02595
G1 X112.309 Y117.843 E.02595
G1 X111.891 Y117.128 E.02597
G1 X111.632 Y116.342 E.02595
G1 X111.541 Y115.52 E.02593
G1 X111.588 Y114.918 E.01893
G1 X111.729 Y114.293 E.02009
G1 X112.062 Y113.538 E.02587
G1 X112.545 Y112.866 E.02595
G1 X113.157 Y112.309 E.02595
G1 X113.872 Y111.891 E.02597
G1 X114.658 Y111.632 E.02595
G1 X115.48 Y111.541 E.02593
G1 X115.933 Y111.565 E.01422
G1 X116.705 Y111.729 E.02475
G1 X117.462 Y112.062 E.02593
G1 X118.134 Y112.545 E.02595
G1 X118.691 Y113.157 E.02595
G1 X119.109 Y113.872 E.02597
G1 X119.368 Y114.658 E.02595
G1 X119.459 Y115.48 E.02593
G1 X119.377 Y116.304 E.02596
G1 X119.137 Y117.054 E.02469
G1 E-3.5 F3600
;WIPE_START
G1 F7200
G1 X119.115 Y117.11 E-.02858
G1 X118.714 Y117.811 E-.38361
G1 X118.164 Y118.429 E-.39297
G1 X117.497 Y118.919 E-.39313
G1 X116.918 Y119.18 E-.30171
;WIPE_END
G1 X121.503 Y117.962 F9000
G1 E5 F2400
;TYPE:Perimeter
;WIDTH:0.439999
G1 F900
G1 X121.377 Y118.273 E.01108
G1 X121.108 Y118.791 E.01927
G1 X120.672 Y119.434 E.02565
G1 X120.301 Y119.885 E.01928
G1 X119.741 Y120.424 E.02566
G1 X119.284 Y120.788 E.01929
G1 X118.625 Y121.198 E.02563
G1 X118.102 Y121.459 E.0193
G1 X117.372 Y121.723 E.02563
G1 X116.806 Y121.87 E.01931
G1 X116.037 Y121.976 E.02563
G1 X115.453 Y122.002 E.0193
G1 X114.679 Y121.946 E.02562
G1 X114.103 Y121.85 E.01928
G1 X113.356 Y121.635 E.02567
G1 X112.813 Y121.421 E.01927
G1 X112.128 Y121.055 E.02564
G1 X111.641 Y120.733 E.01928
G1 X111.047 Y120.233 E.02564
G1 X110.637 Y119.816 E.01931
G1 X110.16 Y119.203 E.02565
G1 X109.846 Y118.711 E.01927
G1 X109.507 Y118.012 E.02565
G1 X109.302 Y117.465 E.01929
G1 X109.115 Y116.711 E.02565
G1 X109.029 Y116.133 E.01929
G1 X109.006 Y115.298 E.02758
G1 X109.06 Y114.64 E.0218
G1 X109.15 Y114.103 E.01798
G1 X109.365 Y113.356 E.02567
G1 X109.579 Y112.813 E.01927
G1 X109.945 Y112.128 E.02564
G1 X110.267 Y111.641 E.01928
G1 X110.767 Y111.047 E.02564
G1 X111.184 Y110.637 E.01931
G1 X111.797 Y110.16 E.02565
G1 X112.289 Y109.846 E.01927
G1 X112.988 Y109.507 E.02565
G1 X113.535 Y109.302 E.01929
G1 X114.289 Y109.115 E.02565
G1 X114.867 Y109.029 E.01929
G1 X115.643 Y109.003 E.02564
G1 X116.321 Y109.054 E.02245
G1 X116.897 Y109.15 E.01928
G1 X117.644 Y109.365 E.02567
G1 X118.187 Y109.579 E.01927
G1 X118.872 Y109.945 E.02564
G1 X119.359 Y110.267 E.01928
G1 X119.953 Y110.767 E.02564
G1 X120.363 Y111.184 E.01931
G1 X120.84 Y111.797 E.02565
G1 X121.154 Y112.289 E.01927
G1 X121.493 Y112.988 E.02565
G1 X121.698 Y113.535 E.01929
G1 X121.885 Y114.289 E.02565
G1 X121.971 Y114.867 E.01929
G1 X121.997 Y115.643 E.02564
G1 X121.962 Y116.226 E.01928
G1 X121.825 Y116.991 E.02566
G1 X121.669 Y117.554 E.01929
G1 X121.526 Y117.907 E.01258
G1 X121.903 Y118.052 F9000
G1 F900
G1 X121.805 Y118.307 E.00902
G1 X121.477 Y118.951 E.02386
G1 X121.084 Y119.557 E.02385
G1 X120.629 Y120.118 E.02385
G1 X120.118 Y120.629 E.02386
G1 X119.557 Y121.084 E.02385
G1 X118.951 Y121.477 E.02385
G1 X118.307 Y121.805 E.02386
G1 X117.633 Y122.064 E.02384
G1 X116.935 Y122.251 E.02386
G1 X116.221 Y122.364 E.02387
G1 X115.5 Y122.402 E.02384
G1 X114.779 Y122.364 E.02384
G1 X114.065 Y122.251 E.02387
G1 X113.367 Y122.064 E.02386
G1 X112.693 Y121.805 E.02384
G1 X112.049 Y121.477 E.02386
G1 X111.443 Y121.084 E.02385
G1 X110.882 Y120.629 E.02385
G1 X110.371 Y120.118 E.02386
G1 X109.916 Y119.557 E.02385
G1 X109.523 Y118.951 E.02385
G1 X109.195 Y118.307 E.02386
G1 X108.936 Y117.633 E.02384
G1 X108.749 Y116.935 E.02386
G1 X108.636 Y116.221 E.02387
G1 X108.598 Y115.5 E.02384
G1 X108.636 Y114.779 E.02384
G1 X108.749 Y114.065 E.02387
G1 X108.936 Y113.367 E.02386
G1 X109.195 Y112.693 E.02384
G1 X109.523 Y112.049 E.02386
G1 X109.916 Y111.443 E.02385
G1 X110.371 Y110.882 E.02385
G1 X110.882 Y110.371 E.02386
G1 X111.443 Y109.916 E.02385
G1 X112.049 Y109.523 E.02385
G1 X112.693 Y109.195 E.02386
G1 X113.367 Y108.936 E.02384
G1 X114.065 Y108.749 E.02386
G1 X114.779 Y108.636 E.02387
G1 X115.5 Y108.598 E.02384
G1 X116.221 Y108.636 E.02384
G1 X116.935 Y108.749 E.02387
G1 X117.633 Y108.936 E.02386
G1 X118.307 Y109.195 E.02384
G1 X118.951 Y109.523 E.02386
G1 X119.557 Y109.916 E.02385
G1 X120.118 Y110.371 E.02385
G1 X120.629 Y110.882 E.02386
G1 X121.084 Y111.443 E.02385
G1 X121.477 Y112.049 E.02385
G1 X121.805 Y112.693 E.02386
G1 X122.04 Y113.304 E.02161
G1 X122.184 Y113.813 E.01747
G1 X122.292 Y114.323 E.01721
G1 X122.368 Y114.846 E.01745
G1 X122.399 Y115.567 E.02383
G1 X122.364 Y116.221 E.02162
G1 X122.251 Y116.935 E.02387
G1 X122.064 Y117.633 E.02386
G1 X121.925 Y117.996 E.01283
G1 X122.286 Y118.134 F9000
;TYPE:External perimeter
;WIDTH:0.419999
G1 F900
G1 X122.159 Y118.465 E.01112
G1 X121.813 Y119.145 E.02392
G1 X121.398 Y119.785 E.02392
G1 X120.917 Y120.378 E.02394
G1 X120.378 Y120.917 E.0239
G1 X119.785 Y121.398 E.02394
G1 X119.145 Y121.813 E.02392
G1 X118.465 Y122.159 E.02392
G1 X117.753 Y122.433 E.02392
G1 X117.016 Y122.63 E.02392
G1 X116.262 Y122.75 E.02394
G1 X115.5 Y122.79 E.02392
G1 X114.738 Y122.75 E.02392
G1 X113.984 Y122.63 E.02394
G1 X113.247 Y122.433 E.02392
G1 X112.535 Y122.159 E.02392
G1 X111.855 Y121.813 E.02392
G1 X111.215 Y121.398 E.02392
G1 X110.622 Y120.917 E.02394
G1 X110.083 Y120.378 E.0239
G1 X109.602 Y119.785 E.02394
G1 X109.187 Y119.145 E.02392
G1 X108.841 Y118.465 E.02392
G1 X108.567 Y117.753 E.02392
G1 X108.37 Y117.016 E.02392
G1 X108.25 Y116.262 E.02394
G1 X108.21 Y115.5 E.02392
G1 X108.25 Y114.738 E.02392
G1 X108.37 Y113.984 E.02394
G1 X108.567 Y113.247 E.02392
G1 X108.841 Y112.535 E.02392
G1 X109.187 Y111.855 E.02392
G1 X109.602 Y111.215 E.02392
G1 X110.083 Y110.622 E.02394
G1 X110.622 Y110.083 E.0239
G1 X111.215 Y109.602 E.02394
G1 X111.855 Y109.187 E.02392
G1 X112.535 Y108.841 E.02392
G1 X113.247 Y108.567 E.02392
G1 X113.984 Y108.37 E.02392
G1 X114.738 Y108.25 E.02394
G1 X115.5 Y108.21 E.02392
G1 X116.262 Y108.25 E.02392
G1 X117.016 Y108.37 E.02394
G1 X117.753 Y108.567 E.02392
G1 X118.465 Y108.841 E.02392
G1 X119.145 Y109.187 E.02392
G1 X119.785 Y109.602 E.02392
G1 X120.378 Y110.083 E.02394
G1 X120.917 Y110.622 E.0239
G1 X121.398 Y111.215 E.02394
G1 X121.813 Y111.855 E.02392
G1 X122.159 Y112.535 E.02392
G1 X122.401 Y113.165 E.02116
G1 X122.558 Y113.713 E.01787
G1 X122.674 Y114.262 E.01759
G1 X122.754 Y114.826 E.01786
G1 X122.785 Y115.587 E.02388
G1 X122.75 Y116.262 E.02119
G1 X122.63 Y117.016 E.02394
G1 X122.433 Y117.753 E.02392
G1 X122.308 Y118.078 E.01092
G1 X121.202 Y117.917 F9000
;TYPE:Internal infill
;WIDTH:0.44
G1 F900
G1 X120.868 Y118.599 E.02507
G1 X120.515 Y119.143 E.02141
G1 X119.877 Y119.877 E.03211
G1 X119.056 Y119.056 E.03834
G1 X119.622 Y118.416 E.02821
G1 X120.138 Y117.497 E.0348
G1 X120.44 Y116.55 E.03282
G1 X120.487 Y116.128 E.01402
G1 X121.669 Y114.946 E.05519
G1 X121.698 Y115.5 E.01832
G1 X121.666 Y116.051 E.01822
G1 X120.486 Y114.871 E.0551
G1 X120.44 Y114.45 E.01398
G1 X120.114 Y113.446 E.03485
G1 X119.586 Y112.532 E.03485
G1 X119.059 Y111.941 E.02614
G1 X119.877 Y111.123 E.0382
G1 X120.515 Y111.857 E.03211
G1 X120.868 Y112.401 E.02141
G1 X121.202 Y113.083 E.02507
G1 E-3.5 F3600
;WIPE_START
G1 F7200
G1 X120.868 Y112.401 E-.36071
G1 X120.515 Y111.857 E-.30803
G1 X119.877 Y111.123 E-.46195
G1 X119.327 Y111.673 E-.36931
;WIPE_END
G1 X118.308 Y111.329 F9000
G1 E5 F2400
G1 F900
G1 X118.025 Y111.126 E.0115
G1 X117.119 Y110.717 E.03282
G1 X116.104 Y110.488 E.03435
G1 X114.947 Y109.331 E.05402
G1 X116.054 Y109.331 E.03655
G1 X114.871 Y110.514 E.05524
G1 X114.45 Y110.56 E.01398
G1 X113.446 Y110.886 E.03485
G1 X112.532 Y111.414 E.03485
G1 X111.941 Y111.941 E.02614
G1 X111.123 Y111.123 E.0382
G1 X111.857 Y110.485 E.03211
G1 X112.401 Y110.132 E.02141
G1 X113.083 Y109.798 E.02507
G1 E-3.5 F3600
;WIPE_START
G1 F7200
G1 X112.401 Y110.132 E-.36071
G1 X111.857 Y110.485 E-.30803
G1 X111.123 Y111.123 E-.46195
G1 X111.673 Y111.673 E-.36931
;WIPE_END
G1 X111.337 Y112.68 F9000
G1 E5 F2400
G1 F900
G1 X111.126 Y112.975 E.01198
G1 X110.718 Y113.88 E.03278
G1 X110.502 Y114.882 E.03384
G1 X109.331 Y116.054 E.0547
G1 X109.331 Y114.946 E.03658
G1 X110.514 Y116.129 E.05524
G1 X110.56 Y116.55 E.01398
G1 X110.886 Y117.554 E.03485
G1 X111.414 Y118.469 E.03488
G1 X111.943 Y119.057 E.02611
G1 X111.123 Y119.877 E.03829
G1 X110.485 Y119.143 E.03211
G1 X110.132 Y118.599 E.02141
G1 X109.798 Y117.917 E.02507
G1 E-3.5 F3600
;WIPE_START
G1 F7200
G1 X110.132 Y118.599 E-.36071
G1 X110.485 Y119.143 E-.30803
G1 X111.123 Y119.877 E-.46195
G1 X111.673 Y119.327 E-.36931
;WIPE_END
G1 X112.688 Y119.665 F9000
G1 E5 F2400
G1 F900
G1 X112.975 Y119.874 E.01172
G1 X113.939 Y120.303 E.03484
G1 X114.89 Y120.505 E.0321
G1 X116.054 Y121.669 E.05435
G1 X115.5 Y121.698 E.01832
G1 X114.946 Y121.669 E.01832
G1 X116.107 Y120.509 E.05419
G1 X117.061 Y120.303 E.03222
G1 X117.971 Y119.904 E.03281
G1 X118.308 Y119.665 E.01364
;LAYER_CHANGE
;Z:10.01
;HEIGHT:0.2
;BEFORE_LAYER_CHANGE
G92 E0
;16


G1 E-3.5 F3600
;WIPE_START
G1 F7200
G1 X120.668 Y118.599 E-.42772
G1 X120.315 Y119.143 E-.30803
G1 X119.777 Y119.777 E-.39496
G1 X119.227 Y119.227 E-.36929
;WIPE_END
G1 Z10.01 F9000
;AFTER_LAYER_CHANGE
;16
G1 X119.815 Y117.421
G1 E5 F2400
;TYPE:Perimeter
;WIDTH:0.439999
G1 F900
G1 X119.655 Y117.781 E.01301
G1 X119.321 Y118.276 E.01972
G1 X118.991 Y118.711 E.01803
G1 X118.368 Y119.274 E.02772
G1 X117.862 Y119.591 E.01971
G1 X117.383 Y119.854 E.01804
G1 X116.585 Y120.114 E.02771
G1 X115.994 Y120.198 E.01971
G1 X115.449 Y120.243 E.01806
G1 X114.614 Y120.156 E.02772
G1 X114.04 Y119.992 E.01971
G1 X113.524 Y119.812 E.01804
G1 X112.797 Y119.394 E.02769
G1 X112.339 Y119.01 E.01973
G1 X111.941 Y118.636 E.01803
G1 X111.447 Y117.957 E.02772
G1 X111.185 Y117.421 E.0197
G1 X110.974 Y116.917 E.01804
G1 X110.801 Y116.118 E.02699
G1 X110.778 Y115.497 E.02052
G1 X110.788 Y114.954 E.01793
G1 X110.962 Y114.132 E.02774
G1 X111.185 Y113.579 E.01969
G1 X111.418 Y113.085 E.01803
G1 X111.91 Y112.405 E.02771
G1 X112.339 Y111.99 E.01971
G1 X112.753 Y111.633 E.01805
G1 X113.48 Y111.212 E.02774
G1 X114.04 Y111.008 E.01968
G1 X114.564 Y110.85 E.01807
G1 X115.398 Y110.761 E.02769
G1 X115.994 Y110.802 E.01972
G1 X116.536 Y110.871 E.01804
G1 X117.335 Y111.129 E.02772
G1 X117.862 Y111.409 E.0197
G1 X118.329 Y111.693 E.01805
G1 X118.954 Y112.254 E.02773
G1 X119.321 Y112.724 E.01969
G1 X119.633 Y113.173 E.01805
G1 X119.976 Y113.939 E.02771
G1 X120.12 Y114.518 E.0197
G1 X120.222 Y115.055 E.01805
G1 X120.224 Y115.894 E.0277
G1 X120.12 Y116.482 E.01972
G1 X119.995 Y117.014 E.01804
G1 X119.839 Y117.366 E.01271
G1 X119.452 Y117.26 F9000
G1 F900
G1 X119.232 Y117.724 E.01695
G1 X118.768 Y118.362 E.02605
G1 X118.395 Y118.715 E.01696
G1 X118.005 Y119.05 E.01698
G1 X117.322 Y119.444 E.02603
G1 X116.837 Y119.615 E.01698
G1 X116.344 Y119.762 E.01699
G1 X115.56 Y119.844 E.02603
G1 X115.048 Y119.803 E.01696
G1 X114.538 Y119.737 E.01698
G1 X113.788 Y119.493 E.02604
G1 X113.337 Y119.247 E.01696
G1 X112.898 Y118.979 E.01698
G1 X112.312 Y118.451 E.02604
G1 X112 Y118.043 E.01696
G1 X111.708 Y117.62 E.01697
G1 X111.387 Y116.9 E.02603
G1 X111.177 Y115.916 E.03322
G1 X111.174 Y115.108 E.02668
G1 X111.268 Y114.6 E.01706
G1 X111.387 Y114.1 E.01697
G1 X111.708 Y113.38 E.02603
G1 X112 Y112.957 E.01697
G1 X112.312 Y112.549 E.01696
G1 X112.898 Y112.021 E.02604
G1 X113.705 Y111.542 E.03099
G1 X114.538 Y111.263 E.02901
G1 X115.048 Y111.197 E.01698
G1 X115.56 Y111.156 E.01696
G1 X116.344 Y111.238 E.02603
G1 X116.837 Y111.385 E.01699
G1 X117.322 Y111.556 E.01698
G1 X118.005 Y111.95 E.02603
G1 X118.395 Y112.285 E.01698
G1 X118.768 Y112.638 E.01696
G1 X119.232 Y113.276 E.02605
G1 X119.452 Y113.74 E.01695
G1 X119.65 Y114.215 E.01699
G1 X119.814 Y114.986 E.02603
G1 X119.826 Y115.5 E.01698
G1 X119.814 Y116.014 E.01698
G1 X119.65 Y116.785 E.02603
G1 X119.475 Y117.204 E.01499
G1 X119.097 Y117.101 F9000
;TYPE:External perimeter
;WIDTH:0.419999
G1 F900
G1 X118.938 Y117.462 E.01237
G1 X118.455 Y118.134 E.02595
G1 X117.843 Y118.691 E.02595
G1 X117.128 Y119.109 E.02597
G1 X116.342 Y119.368 E.02595
G1 X115.52 Y119.459 E.02593
G1 X114.696 Y119.377 E.02596
G1 X113.908 Y119.125 E.02594
G1 X113.189 Y118.714 E.02597
G1 X112.571 Y118.164 E.02594
G1 X112.081 Y117.497 E.02595
G1 X111.741 Y116.742 E.02596
G1 X111.568 Y115.954 E.0253
G1 X111.561 Y115.107 E.02656
G1 X111.729 Y114.295 E.026
G1 X112.062 Y113.538 E.02593
G1 X112.545 Y112.866 E.02595
G1 X113.157 Y112.309 E.02595
G1 X113.872 Y111.891 E.02597
G1 X114.658 Y111.632 E.02595
G1 X115.48 Y111.541 E.02593
G1 X116.304 Y111.623 E.02596
G1 X117.092 Y111.875 E.02594
G1 X117.811 Y112.286 E.02597
G1 X118.429 Y112.836 E.02594
G1 X118.919 Y113.503 E.02595
G1 X119.259 Y114.258 E.02596
G1 X119.435 Y115.067 E.02596
G1 X119.439 Y115.894 E.02593
G1 X119.271 Y116.705 E.02597
G1 X119.121 Y117.047 E.01171
G1 E-3.5 F3600
;WIPE_START
G1 F7200
G1 X119.097 Y117.101 E-.02807
G1 X118.938 Y117.462 E-.18737
G1 X118.455 Y118.134 E-.3931
G1 X117.843 Y118.691 E-.39307
G1 X117.128 Y119.109 E-.3934
G1 X116.918 Y119.178 E-.10499
;WIPE_END
G1 X121.509 Y117.963 F9000
G1 E5 F2400
;TYPE:Perimeter
;WIDTH:0.439999
G1 F900
G1 X121.421 Y118.187 E.00795
G1 X121.055 Y118.872 E.02564
G1 X120.733 Y119.359 E.01928
G1 X120.233 Y119.953 E.02564
G1 X119.816 Y120.363 E.01931
G1 X119.203 Y120.84 E.02565
G1 X118.711 Y121.154 E.01927
G1 X118.012 Y121.493 E.02565
G1 X117.465 Y121.698 E.01929
G1 X116.711 Y121.885 E.02565
G1 X116.133 Y121.971 E.01929
G1 X115.357 Y121.997 E.02564
G1 X114.774 Y121.962 E.01928
G1 X114.009 Y121.825 E.02566
G1 X113.446 Y121.669 E.01929
G1 X112.727 Y121.377 E.02562
G1 X112.209 Y121.108 E.01927
G1 X111.566 Y120.672 E.02565
G1 X111.115 Y120.301 E.01928
G1 X110.576 Y119.741 E.02566
G1 X110.212 Y119.284 E.01929
G1 X109.802 Y118.625 E.02563
G1 X109.541 Y118.102 E.0193
G1 X109.277 Y117.372 E.02563
G1 X109.13 Y116.806 E.01931
G1 X109.02 Y115.967 E.02794
G1 X108.998 Y115.453 E.01699
G1 X109.054 Y114.679 E.02562
G1 X109.15 Y114.103 E.01928
G1 X109.365 Y113.356 E.02567
G1 X109.579 Y112.813 E.01927
G1 X109.945 Y112.128 E.02564
G1 X110.267 Y111.641 E.01928
G1 X110.767 Y111.047 E.02564
G1 X111.184 Y110.637 E.01931
G1 X111.797 Y110.16 E.02565
G1 X112.289 Y109.846 E.01927
G1 X112.988 Y109.507 E.02565
G1 X113.535 Y109.302 E.01929
G1 X114.289 Y109.115 E.02565
G1 X114.867 Y109.029 E.01929
G1 X115.643 Y109.003 E.02564
G1 X116.226 Y109.038 E.01928
G1 X116.991 Y109.175 E.02566
G1 X117.554 Y109.331 E.01929
G1 X118.273 Y109.623 E.02562
G1 X118.791 Y109.892 E.01927
G1 X119.434 Y110.328 E.02565
G1 X119.885 Y110.699 E.01928
G1 X120.424 Y111.259 E.02566
G1 X120.788 Y111.716 E.01929
G1 X121.198 Y112.375 E.02563
G1 X121.459 Y112.898 E.0193
G1 X121.723 Y113.628 E.02563
G1 X121.87 Y114.194 E.01931
G1 X121.976 Y114.963 E.02563
G1 X122.002 Y115.547 E.0193
G1 X121.946 Y116.321 E.02562
G1 X121.85 Y116.897 E.01928
G1 X121.635 Y117.644 E.02567
G1 X121.531 Y117.907 E.00934
G1 X121.904 Y118.051 F9000
G1 F900
G1 X121.805 Y118.307 E.00906
G1 X121.477 Y118.951 E.02386
G1 X121.084 Y119.557 E.02385
G1 X120.629 Y120.118 E.02385
G1 X120.118 Y120.629 E.02386
G1 X119.557 Y121.084 E.02385
G1 X118.951 Y121.477 E.02385
G1 X118.307 Y121.805 E.02386
G1 X117.633 Y122.064 E.02384
G1 X116.935 Y122.251 E.02386
G1 X116.221 Y122.364 E.02387
G1 X115.5 Y122.402 E.02384
G1 X114.779 Y122.364 E.02384
G1 X114.065 Y122.251 E.02387
G1 X113.367 Y122.064 E.02386
G1 X112.693 Y121.805 E.02384
G1 X112.049 Y121.477 E.02386
G1 X111.443 Y121.084 E.02385
G1 X110.882 Y120.629 E.02385
G1 X110.371 Y120.118 E.02386
G1 X109.916 Y119.557 E.02385
G1 X109.523 Y118.951 E.02385
G1 X109.195 Y118.307 E.02386
G1 X108.936 Y117.633 E.02384
G1 X108.749 Y116.935 E.02386
G1 X108.636 Y116.221 E.02387
G1 X108.598 Y115.5 E.02384
G1 X108.636 Y114.779 E.02384
G1 X108.749 Y114.065 E.02387
G1 X108.936 Y113.367 E.02386
G1 X109.195 Y112.693 E.02384
G1 X109.523 Y112.049 E.02386
G1 X109.916 Y111.443 E.02385
G1 X110.371 Y110.882 E.02385
G1 X110.882 Y110.371 E.02386
G1 X111.443 Y109.916 E.02385
G1 X112.049 Y109.523 E.02385
G1 X112.693 Y109.195 E.02386
G1 X113.367 Y108.936 E.02384
G1 X114.065 Y108.749 E.02386
G1 X114.779 Y108.636 E.02387
G1 X115.5 Y108.598 E.02384
G1 X116.221 Y108.636 E.02384
G1 X116.935 Y108.749 E.02387
G1 X117.633 Y108.936 E.02386
G1 X118.307 Y109.195 E.02384
G1 X118.951 Y109.523 E.02386
G1 X119.557 Y109.916 E.02385
G1 X120.118 Y110.371 E.02385
G1 X120.629 Y110.882 E.02386
G1 X121.084 Y111.443 E.02385
G1 X121.477 Y112.049 E.02385
G1 X121.805 Y112.693 E.02386
G1 X122.064 Y113.367 E.02384
G1 X122.234 Y114 E.02164
G1 X122.323 Y114.521 E.01745
G1 X122.378 Y115.039 E.0172
G1 X122.399 Y115.567 E.01745
G1 X122.364 Y116.221 E.02162
G1 X122.251 Y116.935 E.02387
G1 X122.064 Y117.633 E.02386
G1 X121.925 Y117.995 E.0128
G1 X122.287 Y118.133 F9000
;TYPE:External perimeter
;WIDTH:0.419999
G1 F900
G1 X122.159 Y118.465 E.01116
G1 X121.813 Y119.145 E.02392
G1 X121.398 Y119.785 E.02392
G1 X120.917 Y120.378 E.02394
G1 X120.378 Y120.917 E.0239
G1 X119.785 Y121.398 E.02394
G1 X119.145 Y121.813 E.02392
G1 X118.465 Y122.159 E.02392
G1 X117.753 Y122.433 E.02392
G1 X117.016 Y122.63 E.02392
G1 X116.262 Y122.75 E.02394
G1 X115.5 Y122.79 E.02392
G1 X114.738 Y122.75 E.02392
G1 X113.984 Y122.63 E.02394
G1 X113.247 Y122.433 E.02392
G1 X112.535 Y122.159 E.02392
G1 X111.855 Y121.813 E.02392
G1 X111.215 Y121.398 E.02392
G1 X110.622 Y120.917 E.02394
G1 X110.083 Y120.378 E.0239
G1 X109.602 Y119.785 E.02394
G1 X109.187 Y119.145 E.02392
G1 X108.841 Y118.465 E.02392
G1 X108.567 Y117.753 E.02392
G1 X108.37 Y117.016 E.02392
G1 X108.25 Y116.262 E.02394
G1 X108.21 Y115.5 E.02392
G1 X108.25 Y114.738 E.02392
G1 X108.37 Y113.984 E.02394
G1 X108.567 Y113.247 E.02392
G1 X108.841 Y112.535 E.02392
G1 X109.187 Y111.855 E.02392
G1 X109.602 Y111.215 E.02392
G1 X110.083 Y110.622 E.02394
G1 X110.622 Y110.083 E.0239
G1 X111.215 Y109.602 E.02394
G1 X111.855 Y109.187 E.02392
G1 X112.535 Y108.841 E.02392
G1 X113.247 Y108.567 E.02392
G1 X113.984 Y108.37 E.02392
G1 X114.738 Y108.25 E.02394
G1 X115.5 Y108.21 E.02392
G1 X116.262 Y108.25 E.02392
G1 X117.016 Y108.37 E.02394
G1 X117.753 Y108.567 E.02392
G1 X118.465 Y108.841 E.02392
G1 X119.145 Y109.187 E.02392
G1 X119.785 Y109.602 E.02392
G1 X120.378 Y110.083 E.02394
G1 X120.917 Y110.622 E.0239
G1 X121.398 Y111.215 E.02394
G1 X121.813 Y111.855 E.02392
G1 X122.159 Y112.535 E.02392
G1 X122.433 Y113.247 E.02392
G1 X122.608 Y113.9 E.0212
G1 X122.706 Y114.46 E.01783
G1 X122.764 Y115.019 E.01762
G1 X122.785 Y115.588 E.01785
G1 X122.75 Y116.262 E.02116
G1 X122.63 Y117.016 E.02394
G1 X122.433 Y117.753 E.02392
G1 X122.308 Y118.077 E.01089
G1 E-3.5 F3600
;WIPE_START
G1 F7200
G1 X122.287 Y118.133 E-.02841
G1 X122.159 Y118.465 E-.16901
G1 X121.813 Y119.145 E-.36241
G1 X121.398 Y119.785 E-.36232
G1 X120.917 Y120.378 E-.36269
G1 X120.597 Y120.698 E-.21516
;WIPE_END
G1 X119.665 Y118.312 F9000
G1 E5 F2400
;TYPE:Internal infill
;WIDTH:0.44
G1 F900
G1 X119.874 Y118.025 E.01172
G1 X120.303 Y117.061 E.03484
G1 X120.505 Y116.11 E.0321
G1 X121.669 Y114.946 E.05435
G1 X121.698 Y115.5 E.01832
G1 X121.669 Y116.054 E.01832
G1 X120.512 Y114.896 E.05405
G1 X120.256 Y113.818 E.03658
G1 X119.874 Y112.975 E.03056
G1 X119.672 Y112.692 E.01148
G1 X121.202 Y113.083 F9000
G1 F900
G1 X120.868 Y112.401 E.02507
G1 X120.515 Y111.857 E.02141
G1 X119.877 Y111.123 E.03211
G1 X119.06 Y111.94 E.03815
G1 X118.468 Y111.414 E.02615
G1 X117.554 Y110.886 E.03485
G1 X116.55 Y110.56 E.03485
G1 X116.128 Y110.513 E.01402
G1 X114.947 Y109.331 E.05517
G1 X116.054 Y109.331 E.03655
G1 X114.871 Y110.514 E.05524
G1 X114.45 Y110.56 E.01398
G1 X113.446 Y110.886 E.03485
G1 X112.531 Y111.414 E.03488
G1 X111.943 Y111.943 E.02611
G1 X111.123 Y111.123 E.03829
G1 X111.857 Y110.485 E.03211
G1 X112.401 Y110.132 E.02141
G1 X113.083 Y109.798 E.02507
G1 E-3.5 F3600
;WIPE_START
G1 F7200
G1 X112.401 Y110.132 E-.36071
G1 X111.857 Y110.485 E-.30803
G1 X111.123 Y111.123 E-.46195
G1 X111.673 Y111.673 E-.36931
;WIPE_END
G1 X111.335 Y112.688 F9000
G1 E5 F2400
G1 F900
G1 X111.126 Y112.975 E.01172
G1 X110.697 Y113.939 E.03484
G1 X110.495 Y114.89 E.0321
G1 X109.331 Y116.054 E.05435
G1 X109.302 Y115.5 E.01832
G1 X109.331 Y114.946 E.01832
G1 X110.494 Y116.109 E.0543
G1 X110.697 Y117.061 E.03214
G1 X111.068 Y117.911 E.03062
G1 X111.329 Y118.315 E.01588
G1 E-3.5 F3600
;WIPE_START
G1 F7200
G1 X111.068 Y117.911 E-.22846
G1 X110.697 Y117.061 E-.44053
G1 X110.494 Y116.109 E-.46237
G1 X109.945 Y115.56 E-.36864
;WIPE_END
G1 X113.083 Y121.202 F9000
G1 E5 F2400
G1 F900
G1 X112.401 Y120.868 E.02507
G1 X111.857 Y120.515 E.02141
G1 X111.123 Y119.877 E.03211
G1 X111.94 Y119.06 E.03815
G1 X112.532 Y119.586 E.02615
G1 X113.446 Y120.114 E.03485
G1 X114.45 Y120.44 E.03485
G1 X114.869 Y120.484 E.01391
G1 X116.054 Y121.669 E.05533
G1 X115.5 Y121.698 E.01832
G1 X114.946 Y121.669 E.01832
G1 X116.131 Y120.484 E.05533
G1 X116.55 Y120.44 E.01391
G1 X117.554 Y120.114 E.03485
G1 X118.469 Y119.586 E.03488
G1 X119.057 Y119.057 E.02611
G1 X119.877 Y119.877 E.03829
G1 X119.143 Y120.515 E.03211
G1 X118.599 Y120.868 E.02141
G1 X117.917 Y121.202 E.02507
;LAYER_CHANGE
;Z:10.21
;HEIGHT:0.200001
;BEFORE_LAYER_CHANGE
G92 E0
;16.2


G1 E-3.5 F3600
;WIPE_START
G1 F7200
G1 X118.599 Y120.868 E-.36071
G1 X119.143 Y120.515 E-.30803
G1 X119.877 Y119.877 E-.46195
G1 X119.327 Y119.327 E-.36931
;WIPE_END
G1 Z10.21 F9000
;AFTER_LAYER_CHANGE
;16.2
G1 X117.421 Y119.815
G1 E5 F2400
;TYPE:Perimeter
;WIDTH:0.439999
G1 F900
G1 X116.917 Y120.026 E.01804
G1 X116.29 Y120.171 E.02125
G1 X115.583 Y120.241 E.02346
G1 X114.614 Y120.156 E.03212
G1 X114.04 Y119.992 E.01971
G1 X113.524 Y119.812 E.01804
G1 X112.797 Y119.394 E.02769
G1 X112.339 Y119.01 E.01973
G1 X111.941 Y118.636 E.01803
G1 X111.447 Y117.957 E.02772
G1 X111.185 Y117.421 E.0197
G1 X110.974 Y116.917 E.01804
G1 X110.801 Y116.114 E.02712
G1 X110.778 Y115.497 E.02039
G1 X110.788 Y114.954 E.01793
G1 X110.962 Y114.132 E.02774
G1 X111.185 Y113.579 E.01969
G1 X111.418 Y113.085 E.01803
G1 X111.91 Y112.405 E.02771
G1 X112.339 Y111.99 E.01971
G1 X112.753 Y111.633 E.01805
G1 X113.48 Y111.212 E.02774
G1 X114.04 Y111.008 E.01968
G1 X114.564 Y110.85 E.01807
G1 X115.398 Y110.761 E.02769
G1 X115.945 Y110.778 E.01807
G1 X117.014 Y111.005 E.03608
G1 X117.781 Y111.345 E.0277
G1 X118.276 Y111.679 E.01972
G1 X118.711 Y112.009 E.01803
G1 X119.274 Y112.632 E.02772
G1 X119.591 Y113.138 E.01971
G1 X119.854 Y113.617 E.01804
G1 X120.114 Y114.415 E.02771
G1 X120.198 Y115.006 E.01971
G1 X120.243 Y115.551 E.01806
G1 X120.156 Y116.386 E.02772
G1 X119.992 Y116.96 E.01971
G1 X119.812 Y117.476 E.01804
G1 X119.394 Y118.203 E.02769
G1 X118.951 Y118.726 E.02263
G1 X118.595 Y119.09 E.01681
G1 X117.957 Y119.553 E.02603
G1 X117.475 Y119.789 E.01772
G1 X117.26 Y119.452 F9000
G1 F900
G1 X116.9 Y119.613 E.01302
G1 X116.381 Y119.742 E.01766
G1 X115.549 Y119.845 E.02768
G1 X114.656 Y119.762 E.02961
G1 X114.163 Y119.615 E.01699
G1 X113.678 Y119.444 E.01698
G1 X112.995 Y119.05 E.02603
G1 X112.605 Y118.715 E.01698
G1 X112.232 Y118.362 E.01696
G1 X111.768 Y117.724 E.02605
G1 X111.548 Y117.26 E.01695
G1 X111.35 Y116.786 E.01696
G1 X111.189 Y116.031 E.02549
G1 X111.175 Y115.496 E.01767
G1 X111.186 Y114.986 E.01684
G1 X111.35 Y114.215 E.02603
G1 X111.548 Y113.74 E.01699
G1 X111.768 Y113.276 E.01695
G1 X112.232 Y112.638 E.02605
G1 X112.605 Y112.285 E.01696
G1 X112.995 Y111.95 E.01698
G1 X113.678 Y111.556 E.02603
G1 X114.163 Y111.385 E.01698
G1 X114.656 Y111.238 E.01699
G1 X115.44 Y111.156 E.02603
G1 X115.954 Y111.177 E.01699
G1 X116.785 Y111.35 E.02803
G1 X117.26 Y111.548 E.01699
G1 X117.724 Y111.768 E.01695
G1 X118.362 Y112.232 E.02605
G1 X118.715 Y112.605 E.01696
G1 X119.05 Y112.995 E.01698
G1 X119.444 Y113.678 E.02603
G1 X119.615 Y114.163 E.01698
G1 X119.762 Y114.656 E.01699
G1 X119.844 Y115.44 E.02603
G1 X119.803 Y115.952 E.01696
G1 X119.737 Y116.462 E.01698
G1 X119.493 Y117.212 E.02604
G1 X119.247 Y117.663 E.01696
G1 X118.979 Y118.102 E.01698
G1 X118.451 Y118.688 E.02604
G1 X118.043 Y119 E.01696
G1 X117.62 Y119.292 E.01697
G1 X117.315 Y119.428 E.01103
G1 X117.101 Y119.097 F9000
;TYPE:External perimeter
;WIDTH:0.419999
G1 F900
G1 X116.742 Y119.259 E.01235
G1 X116.115 Y119.406 E.02019
G1 X115.516 Y119.459 E.01885
G1 X114.696 Y119.377 E.02584
G1 X113.908 Y119.125 E.02594
G1 X113.189 Y118.714 E.02597
G1 X112.571 Y118.164 E.02594
G1 X112.081 Y117.497 E.02595
G1 X111.741 Y116.742 E.02596
G1 X111.567 Y115.95 E.02542
G1 X111.561 Y115.106 E.02646
G1 X111.729 Y114.295 E.02597
G1 X112.062 Y113.538 E.02593
G1 X112.545 Y112.866 E.02595
G1 X113.157 Y112.309 E.02595
G1 X113.872 Y111.891 E.02597
G1 X114.658 Y111.632 E.02595
G1 X115.48 Y111.541 E.02593
G1 X115.933 Y111.565 E.01422
G1 X116.705 Y111.729 E.02475
G1 X117.462 Y112.062 E.02593
G1 X118.134 Y112.545 E.02595
G1 X118.691 Y113.157 E.02595
G1 X119.109 Y113.872 E.02597
G1 X119.368 Y114.658 E.02595
G1 X119.459 Y115.48 E.02593
G1 X119.377 Y116.304 E.02596
G1 X119.125 Y117.092 E.02594
G1 X118.714 Y117.811 E.02597
G1 X118.134 Y118.455 E.02717
G1 X117.497 Y118.919 E.02471
G1 X117.156 Y119.072 E.01172
G1 E-3.5 F3600
;WIPE_START
G1 F7200
G1 X117.101 Y119.097 E-.0287
G1 X116.742 Y119.259 E-.18708
G1 X116.115 Y119.406 E-.3059
G1 X115.516 Y119.459 E-.28564
G1 X114.696 Y119.377 E-.39144
G1 X114.092 Y119.184 E-.30124
;WIPE_END
G1 X118.317 Y121.351 F9000
G1 E5 F2400
;TYPE:Perimeter
;WIDTH:0.439999
G1 F900
G1 X118.102 Y121.459 E.00794
G1 X117.306 Y121.741 E.02788
G1 X116.806 Y121.87 E.01705
G1 X116.134 Y121.971 E.02244
G1 X115.357 Y121.997 E.02567
G1 X114.774 Y121.962 E.01928
G1 X114.009 Y121.825 E.02566
G1 X113.446 Y121.669 E.01929
G1 X112.727 Y121.377 E.02562
G1 X112.209 Y121.108 E.01927
G1 X111.566 Y120.672 E.02565
G1 X111.115 Y120.301 E.01928
G1 X110.576 Y119.741 E.02566
G1 X110.212 Y119.284 E.01929
G1 X109.802 Y118.625 E.02563
G1 X109.541 Y118.102 E.0193
G1 X109.277 Y117.372 E.02563
G1 X109.13 Y116.806 E.01931
G1 X109.02 Y115.963 E.02807
G1 X108.998 Y115.453 E.01685
G1 X109.054 Y114.679 E.02562
G1 X109.15 Y114.103 E.01928
G1 X109.365 Y113.356 E.02567
G1 X109.579 Y112.813 E.01927
G1 X109.945 Y112.128 E.02564
G1 X110.267 Y111.641 E.01928
G1 X110.767 Y111.047 E.02564
G1 X111.184 Y110.637 E.01931
G1 X111.797 Y110.16 E.02565
G1 X112.289 Y109.846 E.01927
G1 X112.988 Y109.507 E.02565
G1 X113.535 Y109.302 E.01929
G1 X114.289 Y109.115 E.02565
G1 X114.867 Y109.029 E.01929
G1 X115.643 Y109.003 E.02564
G1 X116.321 Y109.054 E.02245
G1 X116.897 Y109.15 E.01928
G1 X117.644 Y109.365 E.02567
G1 X118.187 Y109.579 E.01927
G1 X118.872 Y109.945 E.02564
G1 X119.359 Y110.267 E.01928
G1 X119.953 Y110.767 E.02564
G1 X120.363 Y111.184 E.01931
G1 X120.84 Y111.797 E.02565
G1 X121.154 Y112.289 E.01927
G1 X121.493 Y112.988 E.02565
G1 X121.698 Y113.535 E.01929
G1 X121.885 Y114.289 E.02565
G1 X121.971 Y114.867 E.01929
G1 X121.997 Y115.643 E.02564
G1 X121.962 Y116.226 E.01928
G1 X121.825 Y116.991 E.02566
G1 X121.669 Y117.554 E.01929
G1 X121.377 Y118.273 E.02562
G1 X121.108 Y118.791 E.01927
G1 X120.602 Y119.515 E.02916
G1 X120.238 Y119.948 E.01868
G1 X119.741 Y120.424 E.02272
G1 X119.284 Y120.788 E.01929
G1 X118.625 Y121.198 E.02563
G1 X118.371 Y121.325 E.00938
G1 X118.552 Y121.68 F9000
G1 F900
G1 X118.307 Y121.805 E.00908
G1 X117.633 Y122.064 E.02384
G1 X116.935 Y122.251 E.02386
G1 X116.221 Y122.364 E.02387
G1 X115.5 Y122.402 E.02384
G1 X114.779 Y122.364 E.02384
G1 X114.065 Y122.251 E.02387
G1 X113.367 Y122.064 E.02386
G1 X112.693 Y121.805 E.02384
G1 X112.049 Y121.477 E.02386
G1 X111.443 Y121.084 E.02385
G1 X110.882 Y120.629 E.02385
G1 X110.371 Y120.118 E.02386
G1 X109.916 Y119.557 E.02385
G1 X109.523 Y118.951 E.02385
G1 X109.195 Y118.307 E.02386
G1 X108.936 Y117.633 E.02384
G1 X108.749 Y116.935 E.02386
G1 X108.636 Y116.221 E.02387
G1 X108.598 Y115.5 E.02384
G1 X108.636 Y114.779 E.02384
G1 X108.749 Y114.065 E.02387
G1 X108.936 Y113.367 E.02386
G1 X109.195 Y112.693 E.02384
G1 X109.523 Y112.049 E.02386
G1 X109.916 Y111.443 E.02385
G1 X110.371 Y110.882 E.02385
G1 X110.882 Y110.371 E.02386
G1 X111.443 Y109.916 E.02385
G1 X112.049 Y109.523 E.02385
G1 X112.693 Y109.195 E.02386
G1 X113.367 Y108.936 E.02384
G1 X114.065 Y108.749 E.02386
G1 X114.779 Y108.636 E.02387
G1 X115.5 Y108.598 E.02384
G1 X116.221 Y108.636 E.02384
G1 X116.935 Y108.749 E.02387
G1 X117.633 Y108.936 E.02386
G1 X118.307 Y109.195 E.02384
G1 X118.951 Y109.523 E.02386
G1 X119.557 Y109.916 E.02385
G1 X120.118 Y110.371 E.02385
G1 X120.629 Y110.882 E.02386
G1 X121.084 Y111.443 E.02385
G1 X121.477 Y112.049 E.02385
G1 X121.805 Y112.693 E.02386
G1 X122.04 Y113.304 E.02161
G1 X122.184 Y113.813 E.01747
G1 X122.292 Y114.323 E.01721
G1 X122.368 Y114.846 E.01745
G1 X122.399 Y115.567 E.02383
G1 X122.364 Y116.221 E.02162
G1 X122.251 Y116.935 E.02387
G1 X122.064 Y117.633 E.02386
G1 X121.805 Y118.307 E.02384
G1 X121.477 Y118.951 E.02386
G1 X121.086 Y119.554 E.02373
G1 X120.561 Y120.186 E.02713
G1 X120.118 Y120.629 E.02069
G1 X119.557 Y121.084 E.02385
G1 X118.951 Y121.477 E.02385
G1 X118.606 Y121.653 E.01279
G1 X118.782 Y121.998 F9000
;TYPE:External perimeter
;WIDTH:0.419999
G1 F900
G1 X118.465 Y122.159 E.01115
G1 X117.753 Y122.433 E.02392
G1 X117.016 Y122.63 E.02392
G1 X116.262 Y122.75 E.02394
G1 X115.5 Y122.79 E.02392
G1 X114.738 Y122.75 E.02392
G1 X113.984 Y122.63 E.02394
G1 X113.247 Y122.433 E.02392
G1 X112.535 Y122.159 E.02392
G1 X111.855 Y121.813 E.02392
G1 X111.215 Y121.398 E.02392
G1 X110.622 Y120.917 E.02394
G1 X110.083 Y120.378 E.0239
G1 X109.602 Y119.785 E.02394
G1 X109.187 Y119.145 E.02392
G1 X108.841 Y118.465 E.02392
G1 X108.567 Y117.753 E.02392
G1 X108.37 Y117.016 E.02392
G1 X108.25 Y116.262 E.02394
G1 X108.21 Y115.5 E.02392
G1 X108.25 Y114.738 E.02392
G1 X108.37 Y113.984 E.02394
G1 X108.567 Y113.247 E.02392
G1 X108.841 Y112.535 E.02392
G1 X109.187 Y111.855 E.02392
G1 X109.602 Y111.215 E.02392
G1 X110.083 Y110.622 E.02394
G1 X110.622 Y110.083 E.0239
G1 X111.215 Y109.602 E.02394
G1 X111.855 Y109.187 E.02392
G1 X112.535 Y108.841 E.02392
G1 X113.247 Y108.567 E.02392
G1 X113.984 Y108.37 E.02392
G1 X114.738 Y108.25 E.02394
G1 X115.5 Y108.21 E.02392
G1 X116.262 Y108.25 E.02392
G1 X117.016 Y108.37 E.02394
G1 X117.753 Y108.567 E.02392
G1 X118.465 Y108.841 E.02392
G1 X119.145 Y109.187 E.02392
G1 X119.785 Y109.602 E.02392
G1 X120.378 Y110.083 E.02394
G1 X120.917 Y110.622 E.0239
G1 X121.398 Y111.215 E.02394
G1 X121.813 Y111.855 E.02392
G1 X122.159 Y112.535 E.02392
G1 X122.401 Y113.165 E.02116
G1 X122.558 Y113.713 E.01787
G1 X122.674 Y114.262 E.01759
G1 X122.754 Y114.826 E.01786
G1 X122.785 Y115.587 E.02388
G1 X122.75 Y116.262 E.02119
G1 X122.63 Y117.016 E.02394
G1 X122.433 Y117.753 E.02392
G1 X122.159 Y118.465 E.02392
G1 X121.813 Y119.145 E.02392
G1 X121.398 Y119.784 E.02389
G1 X120.848 Y120.447 E.02701
G1 X120.378 Y120.917 E.02084
G1 X119.785 Y121.398 E.02394
G1 X119.145 Y121.813 E.02392
G1 X118.835 Y121.971 E.01091
G1 E-3.5 F3600
;WIPE_START
G1 F7200
G1 X118.782 Y121.998 E-.02825
G1 X118.465 Y122.159 E-.16888
G1 X117.753 Y122.433 E-.36238
G1 X117.016 Y122.63 E-.36237
G1 X116.262 Y122.75 E-.36266
G1 X115.809 Y122.774 E-.21546
;WIPE_END
G1 X118.319 Y119.663 F9000
G1 E5 F2400
;TYPE:Internal infill
;WIDTH:0.44
G1 F900
G1 X118.025 Y119.874 E.01195
G1 X117.12 Y120.282 E.03278
G1 X116.117 Y120.499 E.03388
G1 X114.949 Y121.666 E.05451
G1 X116.054 Y121.669 E.03648
G1 X114.869 Y120.484 E.05533
G1 X114.45 Y120.44 E.01391
G1 X113.446 Y120.114 E.03485
G1 X112.532 Y119.586 E.03485
G1 X111.94 Y119.06 E.02615
G1 X111.123 Y119.877 E.03815
G1 X111.857 Y120.515 E.03211
G1 X112.401 Y120.868 E.02141
G1 X113.083 Y121.202 E.02507
G1 E-3.5 F3600
;WIPE_START
G1 F7200
G1 X112.401 Y120.868 E-.36071
G1 X111.857 Y120.515 E-.30803
G1 X111.123 Y119.877 E-.46195
G1 X111.672 Y119.328 E-.36931
;WIPE_END
G1 X111.329 Y118.315 F9000
G1 E5 F2400
G1 F900
G1 X111.068 Y117.911 E.01588
G1 X110.697 Y117.061 E.03062
G1 X110.494 Y116.109 E.03214
G1 X109.331 Y114.946 E.0543
G1 X109.302 Y115.5 E.01832
G1 X109.331 Y116.054 E.01832
G1 X110.495 Y114.89 E.05435
G1 X110.697 Y113.939 E.0321
G1 X111.126 Y112.975 E.03484
G1 X111.335 Y112.688 E.01172
G1 E-3.5 F3600
;WIPE_START
G1 F7200
G1 X111.126 Y112.975 E-.16864
G1 X110.697 Y113.939 E-.5012
G1 X110.495 Y114.89 E-.4618
G1 X109.947 Y115.438 E-.36836
;WIPE_END
G1 X113.083 Y109.798 F9000
G1 E5 F2400
G1 F900
G1 X112.401 Y110.132 E.02507
G1 X111.857 Y110.485 E.02141
G1 X111.123 Y111.123 E.03211
G1 X111.943 Y111.943 E.03829
G1 X112.531 Y111.414 E.02611
G1 X113.446 Y110.886 E.03488
G1 X114.45 Y110.56 E.03485
G1 X114.871 Y110.514 E.01398
G1 X116.054 Y109.331 E.05524
G1 X114.947 Y109.331 E.03655
G1 X116.104 Y110.488 E.05402
G1 X117.119 Y110.717 E.03435
G1 X118.025 Y111.126 E.03282
G1 X118.308 Y111.329 E.0115
G1 E-3.5 F3600
;WIPE_START
G1 F7200
G1 X118.025 Y111.126 E-.16543
G1 X117.119 Y110.717 E-.47217
G1 X116.104 Y110.488 E-.49424
G1 X115.556 Y109.94 E-.36816
;WIPE_END
G1 X121.202 Y113.083 F9000
G1 E5 F2400
G1 F900
G1 X120.868 Y112.401 E.02507
G1 X120.515 Y111.857 E.02141
G1 X119.877 Y111.123 E.03211
G1 X119.059 Y111.941 E.0382
G1 X119.586 Y112.532 E.02614
G1 X120.114 Y113.446 E.03485
G1 X120.44 Y114.45 E.03485
G1 X120.484 Y114.869 E.01391
G1 X121.669 Y116.054 E.05533
G1 X121.698 Y115.5 E.01832
G1 X121.669 Y114.946 E.01832
G1 X120.484 Y116.131 E.05533
G1 X120.44 Y116.55 E.01391
G1 X120.114 Y117.554 E.03485
G1 X119.59 Y118.463 E.03464
G1 X119.059 Y119.059 E.02636
G1 X119.877 Y119.877 E.0382
G1 X120.519 Y119.137 E.03235
G1 X120.868 Y118.599 E.02117
G1 X121.203 Y117.916 E.02512
;LAYER_CHANGE
;Z:10.41
;HEIGHT:0.199999
;BEFORE_LAYER_CHANGE
G92 E0
;16.4


G1 E-3.5 F3600
;WIPE_START
G1 F7200
G1 X120.868 Y118.599 E-.36135
G1 X120.519 Y119.137 E-.30461
G1 X119.877 Y119.877 E-.46535
G1 X119.328 Y119.328 E-.36869
;WIPE_END
G1 Z10.41 F9000
;AFTER_LAYER_CHANGE
;16.4
G1 X119.815 Y117.421
G1 E5 F2400
;TYPE:Perimeter
;WIDTH:0.439999
G1 F900
G1 X119.582 Y117.916 E.01806
G1 X119.09 Y118.595 E.02769
G1 X118.661 Y119.01 E.01971
G1 X118.247 Y119.367 E.01805
G1 X117.52 Y119.788 E.02774
G1 X116.96 Y119.992 E.01968
G1 X116.436 Y120.15 E.01807
G1 X115.602 Y120.239 E.02769
G1 X115.006 Y120.198 E.01972
G1 X114.464 Y120.129 E.01804
G1 X113.665 Y119.871 E.02772
G1 X113.138 Y119.591 E.0197
G1 X112.671 Y119.307 E.01805
G1 X112.046 Y118.746 E.02773
G1 X111.679 Y118.276 E.01969
G1 X111.367 Y117.827 E.01805
G1 X111.024 Y117.061 E.02771
G1 X110.879 Y116.481 E.01974
G1 X110.78 Y115.958 E.01757
G1 X110.776 Y115.108 E.02806
G1 X110.88 Y114.518 E.01978
G1 X111.005 Y113.986 E.01804
G1 X111.345 Y113.219 E.0277
G1 X111.91 Y112.405 E.03272
G1 X112.339 Y111.99 E.01971
G1 X112.753 Y111.633 E.01805
G1 X113.48 Y111.212 E.02774
G1 X114.04 Y111.008 E.01968
G1 X114.564 Y110.85 E.01807
G1 X115.398 Y110.761 E.02769
G1 X115.994 Y110.802 E.01972
G1 X116.536 Y110.871 E.01804
G1 X117.335 Y111.129 E.02772
G1 X117.862 Y111.409 E.0197
G1 X118.329 Y111.693 E.01805
G1 X118.954 Y112.254 E.02773
G1 X119.321 Y112.724 E.01969
G1 X119.637 Y113.181 E.01834
G1 X120.038 Y114.132 E.03408
G1 X120.202 Y114.904 E.02606
G1 X120.224 Y115.5 E.01969
G1 X120.212 Y116.046 E.01803
G1 X120.038 Y116.868 E.02774
G1 X119.838 Y117.366 E.01772
G1 X119.452 Y117.26 F9000
G1 F900
G1 X119.292 Y117.62 E.01301
G1 X119 Y118.043 E.01697
G1 X118.688 Y118.451 E.01696
G1 X118.102 Y118.979 E.02604
G1 X117.663 Y119.247 E.01698
G1 X117.212 Y119.493 E.01696
G1 X116.462 Y119.737 E.02604
G1 X115.952 Y119.803 E.01698
G1 X115.44 Y119.844 E.01696
G1 X114.656 Y119.762 E.02603
G1 X114.163 Y119.615 E.01699
G1 X113.678 Y119.444 E.01698
G1 X112.995 Y119.05 E.02603
G1 X112.605 Y118.715 E.01698
G1 X112.232 Y118.362 E.01696
G1 X111.768 Y117.724 E.02605
G1 X111.548 Y117.26 E.01695
G1 X111.35 Y116.786 E.01696
G1 X111.188 Y116.027 E.02562
G1 X111.175 Y115.497 E.0175
G1 X111.186 Y114.986 E.01688
G1 X111.35 Y114.215 E.02603
G1 X111.548 Y113.74 E.01699
G1 X111.768 Y113.276 E.01695
G1 X112.232 Y112.638 E.02605
G1 X112.605 Y112.285 E.01696
G1 X112.995 Y111.95 E.01698
G1 X113.678 Y111.556 E.02603
G1 X114.163 Y111.385 E.01698
G1 X114.656 Y111.238 E.01699
G1 X115.44 Y111.156 E.02603
G1 X115.952 Y111.197 E.01696
G1 X116.462 Y111.263 E.01698
G1 X117.212 Y111.507 E.02604
G1 X117.663 Y111.753 E.01696
G1 X118.102 Y112.021 E.01698
G1 X118.688 Y112.549 E.02604
G1 X119 Y112.957 E.01696
G1 X119.292 Y113.38 E.01697
G1 X119.613 Y114.1 E.02603
G1 X119.732 Y114.6 E.01697
G1 X119.826 Y115.106 E.01699
G1 X119.826 Y115.894 E.02602
G1 X119.732 Y116.4 E.01699
G1 X119.613 Y116.9 E.01697
G1 X119.477 Y117.205 E.01103
G1 X119.097 Y117.101 F9000
;TYPE:External perimeter
;WIDTH:0.419999
G1 F900
G1 X118.938 Y117.462 E.01237
G1 X118.455 Y118.134 E.02595
G1 X117.843 Y118.691 E.02595
G1 X117.128 Y119.109 E.02597
G1 X116.342 Y119.368 E.02595
G1 X115.52 Y119.459 E.02593
G1 X114.696 Y119.377 E.02596
G1 X113.908 Y119.125 E.02594
G1 X113.189 Y118.714 E.02597
G1 X112.571 Y118.164 E.02594
G1 X112.081 Y117.497 E.02595
G1 X111.741 Y116.742 E.02596
G1 X111.567 Y115.947 E.02552
G1 X111.561 Y115.106 E.02637
G1 X111.729 Y114.295 E.02597
G1 X112.062 Y113.538 E.02593
G1 X112.545 Y112.866 E.02595
G1 X113.157 Y112.309 E.02595
G1 X113.872 Y111.891 E.02597
G1 X114.658 Y111.632 E.02595
G1 X115.48 Y111.541 E.02593
G1 X116.304 Y111.623 E.02596
G1 X117.092 Y111.875 E.02594
G1 X117.811 Y112.286 E.02597
G1 X118.429 Y112.836 E.02594
G1 X118.919 Y113.503 E.02595
G1 X119.271 Y114.295 E.02717
G1 X119.435 Y115.067 E.02475
G1 X119.439 Y115.894 E.02593
G1 X119.271 Y116.705 E.02597
G1 X119.121 Y117.047 E.01171
G1 E-3.5 F3600
;WIPE_START
G1 F7200
G1 X119.097 Y117.101 E-.02807
G1 X118.938 Y117.462 E-.18737
G1 X118.455 Y118.134 E-.3931
G1 X117.843 Y118.691 E-.39307
G1 X117.128 Y119.109 E-.3934
G1 X116.918 Y119.178 E-.10499
;WIPE_END
G1 X121.509 Y117.963 F9000
G1 E5 F2400
;TYPE:Perimeter
;WIDTH:0.439999
G1 F900
G1 X121.421 Y118.187 E.00795
G1 X121.055 Y118.872 E.02564
G1 X120.733 Y119.359 E.01928
G1 X120.233 Y119.953 E.02564
G1 X119.816 Y120.363 E.01931
G1 X119.203 Y120.84 E.02565
G1 X118.711 Y121.154 E.01927
G1 X118.012 Y121.493 E.02565
G1 X117.465 Y121.698 E.01929
G1 X116.711 Y121.885 E.02565
G1 X116.133 Y121.971 E.01929
G1 X115.357 Y121.997 E.02564
G1 X114.774 Y121.962 E.01928
G1 X114.009 Y121.825 E.02566
G1 X113.446 Y121.669 E.01929
G1 X112.727 Y121.377 E.02562
G1 X112.209 Y121.108 E.01927
G1 X111.566 Y120.672 E.02565
G1 X111.115 Y120.301 E.01928
G1 X110.576 Y119.741 E.02566
G1 X110.212 Y119.284 E.01929
G1 X109.802 Y118.625 E.02563
G1 X109.541 Y118.102 E.0193
G1 X109.277 Y117.372 E.02563
G1 X109.13 Y116.806 E.01931
G1 X109.02 Y115.958 E.02823
G1 X108.998 Y115.453 E.01669
G1 X109.054 Y114.679 E.02562
G1 X109.15 Y114.103 E.01928
G1 X109.365 Y113.356 E.02567
G1 X109.579 Y112.813 E.01927
G1 X109.945 Y112.128 E.02564
G1 X110.267 Y111.641 E.01928
G1 X110.767 Y111.047 E.02564
G1 X111.184 Y110.637 E.01931
G1 X111.797 Y110.16 E.02565
G1 X112.289 Y109.846 E.01927
G1 X112.988 Y109.507 E.02565
G1 X113.535 Y109.302 E.01929
G1 X114.289 Y109.115 E.02565
G1 X114.867 Y109.029 E.01929
G1 X115.643 Y109.003 E.02564
G1 X116.226 Y109.038 E.01928
G1 X116.991 Y109.175 E.02566
G1 X117.554 Y109.331 E.01929
G1 X118.273 Y109.623 E.02562
G1 X118.791 Y109.892 E.01927
G1 X119.434 Y110.328 E.02565
G1 X119.885 Y110.699 E.01928
G1 X120.424 Y111.259 E.02566
G1 X120.788 Y111.716 E.01929
G1 X121.243 Y112.47 E.02908
G1 X121.484 Y112.963 E.01812
G1 X121.723 Y113.628 E.02333
G1 X121.87 Y114.194 E.01931
G1 X121.976 Y114.963 E.02563
G1 X122.002 Y115.547 E.0193
G1 X121.946 Y116.321 E.02562
G1 X121.85 Y116.897 E.01928
G1 X121.635 Y117.644 E.02567
G1 X121.531 Y117.907 E.00934
G1 X121.904 Y118.051 F9000
G1 F900
G1 X121.805 Y118.307 E.00906
G1 X121.477 Y118.951 E.02386
G1 X121.084 Y119.557 E.02385
G1 X120.629 Y120.118 E.02385
G1 X120.118 Y120.629 E.02386
G1 X119.557 Y121.084 E.02385
G1 X118.951 Y121.477 E.02385
G1 X118.307 Y121.805 E.02386
G1 X117.633 Y122.064 E.02384
G1 X116.935 Y122.251 E.02386
G1 X116.221 Y122.364 E.02387
G1 X115.5 Y122.402 E.02384
G1 X114.779 Y122.364 E.02384
G1 X114.065 Y122.251 E.02387
G1 X113.367 Y122.064 E.02386
G1 X112.693 Y121.805 E.02384
G1 X112.049 Y121.477 E.02386
G1 X111.443 Y121.084 E.02385
G1 X110.882 Y120.629 E.02385
G1 X110.371 Y120.118 E.02386
G1 X109.916 Y119.557 E.02385
G1 X109.523 Y118.951 E.02385
G1 X109.195 Y118.307 E.02386
G1 X108.936 Y117.633 E.02384
G1 X108.749 Y116.935 E.02386
G1 X108.636 Y116.221 E.02387
G1 X108.598 Y115.5 E.02384
G1 X108.636 Y114.779 E.02384
G1 X108.749 Y114.065 E.02387
G1 X108.936 Y113.367 E.02386
G1 X109.195 Y112.693 E.02384
G1 X109.523 Y112.049 E.02386
G1 X109.916 Y111.443 E.02385
G1 X110.371 Y110.882 E.02385
G1 X110.882 Y110.371 E.02386
G1 X111.443 Y109.916 E.02385
G1 X112.049 Y109.523 E.02385
G1 X112.693 Y109.195 E.02386
G1 X113.367 Y108.936 E.02384
G1 X114.065 Y108.749 E.02386
G1 X114.779 Y108.636 E.02387
G1 X115.5 Y108.598 E.02384
G1 X116.221 Y108.636 E.02384
G1 X116.935 Y108.749 E.02387
G1 X117.633 Y108.936 E.02386
G1 X118.307 Y109.195 E.02384
G1 X118.951 Y109.523 E.02386
G1 X119.557 Y109.916 E.02385
G1 X120.118 Y110.371 E.02385
G1 X120.629 Y110.882 E.02386
G1 X121.041 Y111.391 E.02162
G1 X121.335 Y111.83 E.01744
G1 X121.599 Y112.293 E.0176
G1 X121.971 Y113.124 E.03006
G1 X122.132 Y113.619 E.01719
G1 X122.262 Y114.132 E.01747
G1 X122.368 Y114.845 E.0238
G1 X122.402 Y115.5 E.02166
G1 X122.364 Y116.221 E.02384
G1 X122.251 Y116.935 E.02387
G1 X122.064 Y117.633 E.02386
G1 X121.925 Y117.995 E.0128
G1 X122.287 Y118.133 F9000
;TYPE:External perimeter
;WIDTH:0.419999
G1 F900
G1 X122.159 Y118.465 E.01116
G1 X121.813 Y119.145 E.02392
G1 X121.398 Y119.785 E.02392
G1 X120.917 Y120.378 E.02394
G1 X120.378 Y120.917 E.0239
G1 X119.785 Y121.398 E.02394
G1 X119.145 Y121.813 E.02392
G1 X118.465 Y122.159 E.02392
G1 X117.753 Y122.433 E.02392
G1 X117.016 Y122.63 E.02392
G1 X116.262 Y122.75 E.02394
G1 X115.5 Y122.79 E.02392
G1 X114.738 Y122.75 E.02392
G1 X113.984 Y122.63 E.02394
G1 X113.247 Y122.433 E.02392
G1 X112.535 Y122.159 E.02392
G1 X111.855 Y121.813 E.02392
G1 X111.215 Y121.398 E.02392
G1 X110.622 Y120.917 E.02394
G1 X110.083 Y120.378 E.0239
G1 X109.602 Y119.785 E.02394
G1 X109.187 Y119.145 E.02392
G1 X108.841 Y118.465 E.02392
G1 X108.567 Y117.753 E.02392
G1 X108.37 Y117.016 E.02392
G1 X108.25 Y116.262 E.02394
G1 X108.21 Y115.5 E.02392
G1 X108.25 Y114.738 E.02392
G1 X108.37 Y113.984 E.02394
G1 X108.567 Y113.247 E.02392
G1 X108.841 Y112.535 E.02392
G1 X109.187 Y111.855 E.02392
G1 X109.602 Y111.215 E.02392
G1 X110.083 Y110.622 E.02394
G1 X110.622 Y110.083 E.0239
G1 X111.215 Y109.602 E.02394
G1 X111.855 Y109.187 E.02392
G1 X112.535 Y108.841 E.02392
G1 X113.247 Y108.567 E.02392
G1 X113.984 Y108.37 E.02392
G1 X114.738 Y108.25 E.02394
G1 X115.5 Y108.21 E.02392
G1 X116.262 Y108.25 E.02392
G1 X117.016 Y108.37 E.02394
G1 X117.753 Y108.567 E.02392
G1 X118.465 Y108.841 E.02392
G1 X119.145 Y109.187 E.02392
G1 X119.785 Y109.602 E.02392
G1 X120.378 Y110.083 E.02394
G1 X120.917 Y110.622 E.0239
G1 X121.342 Y111.147 E.02118
G1 X121.66 Y111.619 E.01784
G1 X121.945 Y112.121 E.0181
G1 X122.332 Y112.985 E.02968
G1 X122.506 Y113.519 E.01761
G1 X122.644 Y114.071 E.01784
G1 X122.754 Y114.825 E.02389
G1 X122.79 Y115.5 E.02119
G1 X122.75 Y116.262 E.02392
G1 X122.63 Y117.016 E.02394
G1 X122.433 Y117.753 E.02392
G1 X122.308 Y118.077 E.01089
G1 X121.202 Y117.917 F9000
;TYPE:Internal infill
;WIDTH:0.44
G1 F900
G1 X120.868 Y118.599 E.02507
G1 X120.515 Y119.143 E.02141
G1 X119.877 Y119.877 E.03211
G1 X119.057 Y119.057 E.03829
G1 X118.469 Y119.586 E.02611
G1 X117.554 Y120.114 E.03488
G1 X116.55 Y120.44 E.03485
G1 X116.131 Y120.484 E.01391
G1 X114.949 Y121.666 E.05519
G1 X116.054 Y121.669 E.03648
G1 X114.869 Y120.484 E.05533
G1 X114.45 Y120.44 E.01391
G1 X113.446 Y120.114 E.03485
G1 X112.532 Y119.586 E.03485
G1 X111.94 Y119.06 E.02615
G1 X111.123 Y119.877 E.03815
G1 X111.857 Y120.515 E.03211
G1 X112.401 Y120.868 E.02141
G1 X113.083 Y121.202 E.02507
G1 E-3.5 F3600
;WIPE_START
G1 F7200
G1 X112.401 Y120.868 E-.36071
G1 X111.857 Y120.515 E-.30803
G1 X111.123 Y119.877 E-.46195
G1 X111.672 Y119.328 E-.36931
;WIPE_END
G1 X111.328 Y118.315 F9000
G1 E5 F2400
G1 F900
G1 X111.068 Y117.911 E.01586
G1 X110.697 Y117.061 E.03062
G1 X110.493 Y116.109 E.03215
G1 X109.331 Y114.946 E.05428
G1 X109.302 Y115.5 E.01832
G1 X109.331 Y116.054 E.01832
G1 X110.495 Y114.89 E.05435
G1 X110.697 Y113.939 E.0321
G1 X111.126 Y112.975 E.03484
G1 X111.335 Y112.688 E.01172
G1 E-3.5 F3600
;WIPE_START
G1 F7200
G1 X111.126 Y112.975 E-.16864
G1 X110.697 Y113.939 E-.5012
G1 X110.495 Y114.89 E-.4618
G1 X109.947 Y115.438 E-.36836
;WIPE_END
G1 X113.083 Y109.798 F9000
G1 E5 F2400
G1 F900
G1 X112.401 Y110.132 E.02507
G1 X111.857 Y110.485 E.02141
G1 X111.123 Y111.123 E.03211
G1 X111.943 Y111.943 E.03829
G1 X112.531 Y111.414 E.02611
G1 X113.446 Y110.886 E.03488
G1 X114.45 Y110.56 E.03485
G1 X114.871 Y110.514 E.01398
G1 X116.054 Y109.331 E.05524
G1 X115.535 Y109.304 E.01716
G1 X114.947 Y109.331 E.01943
G1 X116.128 Y110.513 E.05517
G1 X116.55 Y110.56 E.01402
G1 X117.554 Y110.886 E.03485
G1 X118.468 Y111.414 E.03485
G1 X119.06 Y111.94 E.02615
G1 X119.877 Y111.123 E.03815
G1 X119.143 Y110.485 E.03211
G1 X118.599 Y110.132 E.02141
G1 X117.917 Y109.798 E.02507
G1 E-3.5 F3600
;WIPE_START
G1 F7200
G1 X118.599 Y110.132 E-.36071
G1 X119.143 Y110.485 E-.30803
G1 X119.877 Y111.123 E-.46195
G1 X119.328 Y111.672 E-.36931
;WIPE_END
G1 X119.669 Y112.688 F9000
G1 E5 F2400
G1 F900
G1 X119.871 Y112.97 E.01145
G1 X120.257 Y113.819 E.03079
G1 X120.507 Y114.892 E.03638
G1 X121.669 Y116.054 E.05426
G1 X121.698 Y115.5 E.01832
G1 X121.669 Y114.946 E.01832
G1 X120.505 Y116.11 E.05435
G1 X120.303 Y117.061 E.0321
G1 X119.874 Y118.025 E.03484
G1 X119.665 Y118.312 E.01172
;LAYER_CHANGE
;Z:10.61
;HEIGHT:0.200001
;BEFORE_LAYER_CHANGE
G92 E0
;16.6


G1 E-3.5 F3600
;WIPE_START
G1 F7200
G1 X119.874 Y118.025 E-.16864
G1 X120.303 Y117.061 E-.5012
G1 X120.505 Y116.11 E-.4618
G1 X121.053 Y115.562 E-.36836
;WIPE_END
G1 Z10.61 F9000
;AFTER_LAYER_CHANGE
;16.6
G1 X119.328 Y118.281
G1 E5 F2400
;TYPE:Perimeter
;WIDTH:0.439999
G1 F1131
G1 X118.976 Y118.698 E.01802
G1 X118.595 Y119.09 E.01805
G1 X117.957 Y119.553 E.02603
G1 X117.421 Y119.815 E.0197
G1 X116.917 Y120.026 E.01804
G1 X116.096 Y120.202 E.02772
G1 X115.5 Y120.224 E.01969
G1 X114.954 Y120.212 E.01803
G1 X114.132 Y120.038 E.02774
G1 X113.579 Y119.815 E.01969
G1 X113.084 Y119.582 E.01806
G1 X112.564 Y119.217 E.02098
G1 X112.033 Y118.734 E.0237
G1 X111.679 Y118.276 E.01911
G1 X111.367 Y117.827 E.01805
G1 X111.024 Y117.061 E.02771
G1 X110.88 Y116.482 E.0197
G1 X110.778 Y115.945 E.01805
G1 X110.776 Y115.106 E.0277
G1 X110.88 Y114.518 E.01972
G1 X111.005 Y113.986 E.01804
G1 X111.345 Y113.219 E.0277
G1 X111.91 Y112.405 E.03272
G1 X112.339 Y111.99 E.01971
G1 X112.753 Y111.633 E.01805
G1 X113.48 Y111.212 E.02774
G1 X114.04 Y111.008 E.01968
G1 X114.564 Y110.85 E.01807
G1 X115.398 Y110.761 E.02769
G1 X115.945 Y110.778 E.01807
G1 X117.014 Y111.005 E.03608
G1 X117.781 Y111.345 E.0277
G1 X118.276 Y111.679 E.01972
G1 X118.711 Y112.009 E.01803
G1 X119.274 Y112.632 E.02772
G1 X119.591 Y113.138 E.01971
G1 X119.854 Y113.617 E.01804
G1 X120.114 Y114.415 E.02771
G1 X120.198 Y115.006 E.01971
G1 X120.243 Y115.551 E.01806
G1 X120.156 Y116.386 E.02772
G1 X119.992 Y116.96 E.01971
G1 X119.812 Y117.476 E.01804
G1 X119.394 Y118.203 E.02769
G1 X119.366 Y118.235 E.0014
G1 X119.01 Y118.05 F9000
G1 F1131
G1 X118.979 Y118.102 E.002
G1 X118.451 Y118.688 E.02604
G1 X118.043 Y119 E.01696
G1 X117.62 Y119.292 E.01697
G1 X116.9 Y119.613 E.02603
G1 X116.4 Y119.732 E.01697
G1 X115.894 Y119.826 E.01699
G1 X115.106 Y119.826 E.02602
G1 X114.6 Y119.732 E.01699
G1 X114.1 Y119.613 E.01697
G1 X113.38 Y119.292 E.02603
G1 X112.936 Y118.993 E.01767
G1 X112.304 Y118.444 E.02764
G1 X111.708 Y117.62 E.03358
G1 X111.387 Y116.9 E.02603
G1 X111.268 Y116.4 E.01697
G1 X111.174 Y115.894 E.01699
G1 X111.174 Y115.106 E.02602
G1 X111.268 Y114.6 E.01699
G1 X111.387 Y114.1 E.01697
G1 X111.708 Y113.38 E.02603
G1 X112.232 Y112.638 E.02999
G1 X112.605 Y112.285 E.01696
G1 X112.995 Y111.95 E.01698
G1 X113.678 Y111.556 E.02603
G1 X114.163 Y111.385 E.01698
G1 X114.656 Y111.238 E.01699
G1 X115.44 Y111.156 E.02603
G1 X115.954 Y111.177 E.01699
G1 X116.785 Y111.35 E.02803
G1 X117.26 Y111.548 E.01699
G1 X117.724 Y111.768 E.01695
G1 X118.362 Y112.232 E.02605
G1 X118.707 Y112.596 E.01656
G1 X119.05 Y112.995 E.01737
G1 X119.444 Y113.678 E.02603
G1 X119.615 Y114.163 E.01698
G1 X119.762 Y114.656 E.01699
G1 X119.844 Y115.44 E.02603
G1 X119.803 Y115.952 E.01696
G1 X119.737 Y116.462 E.01698
G1 X119.493 Y117.212 E.02604
G1 X119.247 Y117.663 E.01696
G1 X119.042 Y117.999 E.013
G1 X118.701 Y117.826 F9000
;TYPE:External perimeter
;WIDTH:0.419999
G1 F1131
G1 X118.164 Y118.429 E.02532
G1 X117.497 Y118.919 E.02595
G1 X116.742 Y119.259 E.02596
G1 X115.933 Y119.435 E.02596
G1 X115.106 Y119.439 E.02593
G1 X114.295 Y119.271 E.02597
G1 X113.538 Y118.938 E.02593
G1 X113.014 Y118.575 E.01999
G1 X112.568 Y118.161 E.01908
G1 X112.081 Y117.497 E.02582
G1 X111.741 Y116.742 E.02596
G1 X111.565 Y115.933 E.02596
G1 X111.561 Y115.106 E.02593
G1 X111.729 Y114.295 E.02597
G1 X112.062 Y113.538 E.02593
G1 X112.545 Y112.866 E.02595
G1 X113.157 Y112.309 E.02595
G1 X113.872 Y111.891 E.02597
G1 X114.658 Y111.632 E.02595
G1 X115.48 Y111.541 E.02593
G1 X115.933 Y111.565 E.01422
G1 X116.705 Y111.729 E.02475
G1 X117.462 Y112.062 E.02593
G1 X118.134 Y112.545 E.02595
G1 X118.691 Y113.157 E.02595
G1 X119.109 Y113.872 E.02597
G1 X119.368 Y114.658 E.02595
G1 X119.459 Y115.48 E.02593
G1 X119.377 Y116.304 E.02596
G1 X119.125 Y117.092 E.02594
G1 X118.734 Y117.776 E.0247
G1 E-3.5 F3600
;WIPE_START
G1 F7200
G1 X118.701 Y117.826 E-.02846
G1 X118.164 Y118.429 E-.38354
G1 X117.497 Y118.919 E-.39313
G1 X116.742 Y119.259 E-.39331
G1 X116.122 Y119.394 E-.30156
;WIPE_END
G1 X120.856 Y119.154 F9000
G1 E5 F2400
;TYPE:Perimeter
;WIDTH:0.439999
G1 F1131
G1 X120.606 Y119.513 E.01444
G1 X120.265 Y119.921 E.01756
G1 X119.741 Y120.424 E.02398
G1 X119.284 Y120.788 E.01929
G1 X118.625 Y121.198 E.02563
G1 X118.102 Y121.459 E.0193
G1 X117.372 Y121.723 E.02563
G1 X116.806 Y121.87 E.01931
G1 X116.037 Y121.976 E.02563
G1 X115.453 Y122.002 E.0193
G1 X114.679 Y121.946 E.02562
G1 X114.103 Y121.85 E.01928
G1 X113.356 Y121.635 E.02567
G1 X112.813 Y121.421 E.01927
G1 X112.072 Y121.019 E.02783
G1 X111.504 Y120.622 E.02288
G1 X111.115 Y120.301 E.01665
G1 X110.576 Y119.741 E.02566
G1 X110.212 Y119.284 E.01929
G1 X109.802 Y118.625 E.02563
G1 X109.541 Y118.102 E.0193
G1 X109.277 Y117.372 E.02563
G1 X109.13 Y116.806 E.01931
G1 X109.024 Y116.037 E.02563
G1 X108.998 Y115.453 E.0193
G1 X109.054 Y114.679 E.02562
G1 X109.15 Y114.103 E.01928
G1 X109.365 Y113.356 E.02567
G1 X109.579 Y112.813 E.01927
G1 X109.945 Y112.128 E.02564
G1 X110.267 Y111.641 E.01928
G1 X110.767 Y111.047 E.02564
G1 X111.184 Y110.637 E.01931
G1 X111.797 Y110.16 E.02565
G1 X112.289 Y109.846 E.01927
G1 X112.988 Y109.507 E.02565
G1 X113.535 Y109.302 E.01929
G1 X114.289 Y109.115 E.02565
G1 X114.867 Y109.029 E.01929
G1 X115.643 Y109.003 E.02564
G1 X116.321 Y109.054 E.02245
G1 X116.897 Y109.15 E.01928
G1 X117.644 Y109.365 E.02567
G1 X118.187 Y109.579 E.01927
G1 X118.872 Y109.945 E.02564
G1 X119.359 Y110.267 E.01928
G1 X119.953 Y110.767 E.02564
G1 X120.362 Y111.184 E.01929
G1 X120.843 Y111.801 E.02583
G1 X121.154 Y112.289 E.01911
G1 X121.493 Y112.988 E.02565
G1 X121.698 Y113.535 E.01929
G1 X121.885 Y114.289 E.02565
G1 X121.971 Y114.867 E.01929
G1 X121.997 Y115.643 E.02564
G1 X121.962 Y116.226 E.01928
G1 X121.825 Y116.991 E.02566
G1 X121.669 Y117.554 E.01929
G1 X121.377 Y118.273 E.02562
G1 X121.108 Y118.791 E.01927
G1 X120.89 Y119.105 E.01262
G1 X121.233 Y119.327 F9000
G1 F1131
G1 X121.085 Y119.555 E.00897
G1 X120.59 Y120.158 E.02576
G1 X120.118 Y120.629 E.02202
G1 X119.557 Y121.084 E.02385
G1 X118.951 Y121.477 E.02385
G1 X118.307 Y121.805 E.02386
G1 X117.633 Y122.064 E.02384
G1 X116.935 Y122.251 E.02386
G1 X116.221 Y122.364 E.02387
G1 X115.5 Y122.402 E.02384
G1 X114.779 Y122.364 E.02384
G1 X114.065 Y122.251 E.02387
G1 X113.367 Y122.064 E.02386
G1 X112.693 Y121.805 E.02384
G1 X112.049 Y121.477 E.02386
G1 X111.443 Y121.084 E.02385
G1 X110.882 Y120.629 E.02385
G1 X110.371 Y120.118 E.02386
G1 X109.916 Y119.557 E.02385
G1 X109.523 Y118.951 E.02385
G1 X109.195 Y118.307 E.02386
G1 X108.936 Y117.633 E.02384
G1 X108.749 Y116.935 E.02386
G1 X108.636 Y116.221 E.02387
G1 X108.598 Y115.5 E.02384
G1 X108.636 Y114.779 E.02384
G1 X108.749 Y114.065 E.02387
G1 X108.936 Y113.367 E.02386
G1 X109.195 Y112.693 E.02384
G1 X109.523 Y112.049 E.02386
G1 X109.916 Y111.443 E.02385
G1 X110.371 Y110.882 E.02385
G1 X110.882 Y110.371 E.02386
G1 X111.443 Y109.916 E.02385
G1 X112.049 Y109.523 E.02385
G1 X112.693 Y109.195 E.02386
G1 X113.367 Y108.936 E.02384
G1 X114.065 Y108.749 E.02386
G1 X114.779 Y108.636 E.02387
G1 X115.5 Y108.598 E.02384
G1 X116.221 Y108.636 E.02384
G1 X116.935 Y108.749 E.02387
G1 X117.633 Y108.936 E.02386
G1 X118.307 Y109.195 E.02384
G1 X118.951 Y109.523 E.02386
G1 X119.557 Y109.916 E.02385
G1 X120.118 Y110.371 E.02385
G1 X120.626 Y110.879 E.02372
G1 X121.144 Y111.536 E.02762
G1 X121.477 Y112.049 E.02019
G1 X121.805 Y112.693 E.02386
G1 X122.04 Y113.304 E.02161
G1 X122.184 Y113.813 E.01747
G1 X122.292 Y114.323 E.01721
G1 X122.368 Y114.846 E.01745
G1 X122.402 Y115.5 E.02162
G1 X122.364 Y116.221 E.02384
G1 X122.251 Y116.935 E.02387
G1 X122.064 Y117.633 E.02386
G1 X121.805 Y118.307 E.02384
G1 X121.477 Y118.951 E.02386
G1 X121.266 Y119.277 E.01282
G1 X121.59 Y119.488 F9000
;TYPE:External perimeter
;WIDTH:0.419999
G1 F1131
G1 X121.398 Y119.784 E.01106
G1 X120.877 Y120.418 E.02573
G1 X120.378 Y120.917 E.02213
G1 X119.785 Y121.398 E.02394
G1 X119.145 Y121.813 E.02392
G1 X118.465 Y122.159 E.02392
G1 X117.753 Y122.433 E.02392
G1 X117.016 Y122.63 E.02392
G1 X116.262 Y122.75 E.02394
G1 X115.5 Y122.79 E.02392
G1 X114.738 Y122.75 E.02392
G1 X113.984 Y122.63 E.02394
G1 X113.247 Y122.433 E.02392
G1 X112.535 Y122.159 E.02392
G1 X111.855 Y121.813 E.02392
G1 X111.215 Y121.398 E.02392
G1 X110.622 Y120.917 E.02394
G1 X110.083 Y120.378 E.0239
G1 X109.602 Y119.785 E.02394
G1 X109.187 Y119.145 E.02392
G1 X108.841 Y118.465 E.02392
G1 X108.567 Y117.753 E.02392
G1 X108.37 Y117.016 E.02392
G1 X108.25 Y116.262 E.02394
G1 X108.21 Y115.5 E.02392
G1 X108.25 Y114.738 E.02392
G1 X108.37 Y113.984 E.02394
G1 X108.567 Y113.247 E.02392
G1 X108.841 Y112.535 E.02392
G1 X109.187 Y111.855 E.02392
G1 X109.602 Y111.215 E.02392
G1 X110.083 Y110.622 E.02394
G1 X110.622 Y110.083 E.0239
G1 X111.215 Y109.602 E.02394
G1 X111.855 Y109.187 E.02392
G1 X112.535 Y108.841 E.02392
G1 X113.247 Y108.567 E.02392
G1 X113.984 Y108.37 E.02392
G1 X114.738 Y108.25 E.02394
G1 X115.5 Y108.21 E.02392
G1 X116.262 Y108.25 E.02392
G1 X117.016 Y108.37 E.02394
G1 X117.753 Y108.567 E.02392
G1 X118.465 Y108.841 E.02392
G1 X119.145 Y109.187 E.02392
G1 X119.785 Y109.602 E.02392
G1 X120.378 Y110.083 E.02394
G1 X120.916 Y110.621 E.02386
G1 X121.459 Y111.311 E.02753
G1 X121.813 Y111.855 E.02035
G1 X122.159 Y112.535 E.02392
G1 X122.401 Y113.165 E.02116
G1 X122.558 Y113.713 E.01787
G1 X122.674 Y114.262 E.01759
G1 X122.754 Y114.826 E.01786
G1 X122.79 Y115.5 E.02116
G1 X122.75 Y116.262 E.02392
G1 X122.63 Y117.016 E.02394
G1 X122.433 Y117.753 E.02392
G1 X122.159 Y118.465 E.02392
G1 X121.813 Y119.145 E.02392
G1 X121.623 Y119.438 E.01095
G1 E-3.5 F3600
;WIPE_START
G1 F7200
G1 X121.59 Y119.488 E-.02846
G1 X121.398 Y119.784 E-.16759
G1 X120.877 Y120.418 E-.38979
G1 X120.378 Y120.917 E-.3352
G1 X119.785 Y121.398 E-.36269
G1 X119.403 Y121.646 E-.21627
;WIPE_END
G1 X109.303 Y115.469 F9000
G1 E5 F2400
;TYPE:Solid infill
;WIDTH:0.439999
G1 F1131
G1 X109.353 Y114.743 E.02403
G1 X109.445 Y114.182 E.01877
G1 X109.645 Y113.481 E.02407
G1 X109.852 Y112.951 E.01879
G1 X110.193 Y112.308 E.02403
G1 X110.505 Y111.833 E.01876
G1 X110.972 Y111.274 E.02405
G1 X111.376 Y110.874 E.01877
G1 X111.95 Y110.425 E.02406
G1 X112.428 Y110.118 E.01876
G1 X113.083 Y109.798 E.02407
G1 X113.614 Y109.597 E.01875
G1 X114.317 Y109.42 E.02394
G1 X114.884 Y109.334 E.01893
G1 X115.564 Y109.305 E.02247
G1 X116.325 Y109.364 E.0252
G1 X116.818 Y109.445 E.0165
G1 X117.579 Y109.668 E.02618
G1 X118.048 Y109.852 E.01663
G1 X118.697 Y110.195 E.02424
G1 X119.167 Y110.505 E.01859
G1 X119.767 Y111.013 E.02596
G1 X120.121 Y111.374 E.01669
G1 X120.587 Y111.968 E.02493
G1 X120.882 Y112.428 E.01804
G1 X121.202 Y113.083 E.02407
G1 X121.403 Y113.614 E.01875
G1 X121.582 Y114.333 E.02446
G1 X121.666 Y114.883 E.01837
G1 X121.694 Y115.578 E.02297
G1 X121.66 Y116.178 E.01984
G1 X121.534 Y116.896 E.02407
G1 X121.384 Y117.444 E.01876
G1 X121.112 Y118.12 E.02406
G1 X120.851 Y118.625 E.01877
G1 X120.436 Y119.238 E.02444
G1 X120.048 Y119.705 E.02005
G1 X119.586 Y120.156 E.02132
G1 X119.117 Y120.531 E.01983
G1 X118.523 Y120.907 E.02321
G1 X117.992 Y121.173 E.01961
G1 X117.303 Y121.425 E.02422
G1 X116.758 Y121.568 E.0186
G1 X115.976 Y121.673 E.02605
G1 X115.469 Y121.697 E.01676
G1 X114.743 Y121.647 E.02403
G1 X114.182 Y121.555 E.01877
G1 X113.481 Y121.355 E.02407
G1 X112.951 Y121.148 E.01879
G1 X112.319 Y120.815 E.02359
G1 X111.833 Y120.495 E.01921
G1 X111.331 Y120.085 E.0214
G1 X110.812 Y119.547 E.02468
G1 X110.469 Y119.117 E.01816
G1 X110.053 Y118.443 E.02615
G1 X109.827 Y117.992 E.01666
G1 X109.575 Y117.303 E.02422
G1 X109.432 Y116.758 E.0186
G1 X109.327 Y115.976 E.02605
G1 X109.312 Y115.668 E.01018
G1 E-3.5 F3600
;WIPE_START
G1 F7200
G1 X109.327 Y115.976 E-.14647
G1 X109.432 Y116.758 E-.37478
G1 X109.575 Y117.303 E-.26764
G1 X109.827 Y117.992 E-.34848
G1 X110.053 Y118.443 E-.23962
G1 X110.189 Y118.664 E-.12301
;WIPE_END
G1 X119.312 Y111.131 F9000
G1 E5 F2400
;WIDTH:0.433387
G1 F1131
G1 X118.919 Y110.811 E.01645
G1 X118.486 Y110.519 E.01696
;WIDTH:0.430418
G1 X117.87 Y110.201 E.02234
G1 X117.399 Y110.012 E.01635
;WIDTH:0.432093
G1 X116.717 Y109.825 E.02288
G1 X116.215 Y109.737 E.01649
;WIDTH:0.42011
G1 X115.544 Y109.692 E.02109
;WIDTH:0.430372
G1 X114.902 Y109.726 E.02071
G1 X114.378 Y109.802 E.01706
;WIDTH:0.4317
G1 X113.716 Y109.977 E.02214
G1 X113.221 Y110.158 E.01704
G1 X112.607 Y110.468 E.02224
G1 X112.16 Y110.749 E.01707
G1 X111.624 Y111.18 E.02223
G1 X111.245 Y111.547 E.01705
G1 X110.81 Y112.08 E.02224
G1 X110.517 Y112.518 E.01704
G1 X110.202 Y113.13 E.02225
G1 X110.005 Y113.619 E.01704
G1 X109.825 Y114.283 E.02224
G1 X109.735 Y114.803 E.01706
;WIDTH:0.43042
G1 X109.695 Y115.49 E.02217
G1 X109.714 Y116 E.01644
;WIDTH:0.433385
G1 X109.821 Y116.697 E.02289
G1 X109.948 Y117.203 E.01694
;WIDTH:0.43042
G1 X110.193 Y117.852 E.02235
G1 X110.416 Y118.307 E.01633
;WIDTH:0.432094
G1 X110.798 Y118.903 E.02291
G1 X111.112 Y119.304 E.01648
;WIDTH:0.427301
G1 X111.607 Y119.808 E.02258
G1 X112.079 Y120.192 E.01945
;WIDTH:0.426826
G1 X112.529 Y120.491 E.01725
;WIDTH:0.431702
G1 X113.13 Y120.798 E.02182
G1 X113.619 Y120.995 E.01704
G1 X114.283 Y121.175 E.02224
G1 X114.803 Y121.265 E.01706
;WIDTH:0.43042
G1 X115.49 Y121.305 E.02217
G1 X116 Y121.286 E.01644
;WIDTH:0.433384
G1 X116.697 Y121.179 E.02289
G1 X117.203 Y121.052 E.01694
;WIDTH:0.429874
G1 X117.852 Y120.807 E.02232
G1 X118.347 Y120.561 E.01779
;WIDTH:0.433099
G1 X118.903 Y120.201 E.02149
G1 X119.342 Y119.854 E.01815
;WIDTH:0.434911
G1 X119.769 Y119.426 E.01971
G1 X120.138 Y118.993 E.01854
;WIDTH:0.431589
G1 X120.522 Y118.411 E.02253
G1 X120.768 Y117.944 E.01706
;WIDTH:0.4317
G1 X121.017 Y117.303 E.02223
G1 X121.161 Y116.796 E.01704
;WIDTH:0.429872
G1 X121.272 Y116.117 E.02214
G1 X121.307 Y115.557 E.01805
;WIDTH:0.43565
G1 X121.272 Y114.904 E.02135
G1 X121.2 Y114.394 E.01682
;WIDTH:0.431699
G1 X121.023 Y113.716 E.02265
G1 X120.842 Y113.221 E.01704
;WIDTH:0.433048
G1 X120.531 Y112.607 E.02233
G1 X120.262 Y112.179 E.0164
;WIDTH:0.429186
G1 X119.814 Y111.616 E.02311
G1 X119.465 Y111.257 E.01608
G1 E-3.5 F3600
;WIPE_START
G1 F7200
G1 X119.814 Y111.616 E-.23782
G1 X120.262 Y112.179 E-.34176
G1 X120.531 Y112.607 E-.24012
G1 X120.842 Y113.221 E-.32693
G1 X121.023 Y113.716 E-.25035
G1 X121.078 Y113.926 E-.10302
;WIPE_END
G1 X110.351 Y117.234 F9000
G1 E5 F2400
;WIDTH:0.433385
G1 F1131
G1 X110.205 Y116.627 E.02027
G1 X110.097 Y116.068 E.01848
;WIDTH:0.43042
G1 X110.091 Y114.99 E.03473
;WIDTH:0.431701
G1 X110.314 Y113.879 E.03663
G1 X110.552 Y113.297 E.02033
G1 X110.765 Y112.837 E.01639
G1 X111.422 Y111.91 E.03673
G1 X112.257 Y111.141 E.0367
G1 X112.792 Y110.81 E.02034
G1 X113.235 Y110.562 E.01641
G1 X114.311 Y110.199 E.03671
;WIDTH:0.430372
G1 X114.933 Y110.112 E.02023
G1 X115.472 Y110.067 E.01743
;WIDTH:0.420109
G1 X116.078 Y110.097 E.01903
;WIDTH:0.432093
G1 X117.185 Y110.335 E.03664
;WIDTH:0.430418
G1 X118.166 Y110.766 E.03452
;WIDTH:0.433387
G1 X118.681 Y111.12 E.02029
G1 X119.135 Y111.463 E.01847
;WIDTH:0.429186
G1 X119.518 Y111.865 E.01783
G1 X119.854 Y112.252 E.01646
;WIDTH:0.433048
G1 X120.437 Y113.232 E.03699
;WIDTH:0.431699
G1 X120.651 Y113.826 E.02041
G1 X120.801 Y114.311 E.01641
;WIDTH:0.43565
G1 X120.88 Y114.931 E.02041
G1 X120.927 Y115.517 E.0192
;WIDTH:0.429872
G1 X120.889 Y116.065 E.01767
G1 X120.826 Y116.573 E.01647
;WIDTH:0.4317
G1 X120.488 Y117.654 E.03661
;WIDTH:0.431589
G1 X119.933 Y118.64 E.03657
;WIDTH:0.434911
G1 X119.487 Y119.154 E.02218
G1 X119.118 Y119.544 E.0175
;WIDTH:0.433099
G1 X118.686 Y119.877 E.0177
G1 X118.2 Y120.207 E.01906
;WIDTH:0.429874
G1 X117.705 Y120.45 E.01774
G1 X117.233 Y120.649 E.01648
;WIDTH:0.433384
G1 X116.627 Y120.795 E.02024
G1 X116.068 Y120.903 E.01848
;WIDTH:0.43042
G1 X114.99 Y120.909 E.03473
;WIDTH:0.431701
G1 X113.879 Y120.686 E.03663
G1 X112.836 Y120.235 E.03673
;WIDTH:0.426826
G1 X112.309 Y119.885 E.02019
;WIDTH:0.427301
G1 X111.876 Y119.533 E.01784
G1 X111.452 Y119.125 E.01881
;WIDTH:0.432094
G1 X110.792 Y118.211 E.03648
;WIDTH:0.43042
G1 X110.429 Y117.417 E.02813
G1 X110.516 Y116.184 F9000
;WIDTH:0.439999
G1 F1131
G1 X110.705 Y117.079 E.0302
G1 X111.108 Y117.987 E.0328
G1 X111.719 Y118.844 E.03475
G1 X112.145 Y119.251 E.01945
G1 X112.533 Y119.565 E.01648
G1 X112.993 Y119.882 E.01845
G1 X113.96 Y120.308 E.03489
G1 X114.992 Y120.523 E.03481
G1 X115.99 Y120.524 E.03295
G1 X117.078 Y120.295 E.03671
G1 X117.979 Y119.887 E.03266
G1 X118.8 Y119.314 E.03306
G1 X119.599 Y118.447 E.03893
G1 X120.12 Y117.534 E.03471
G1 X120.442 Y116.53 E.03481
G1 X120.543 Y115.599 E.03092
G1 X120.434 Y114.43 E.03876
G1 X120.103 Y113.427 E.03487
G1 X119.545 Y112.48 E.03629
G1 X118.906 Y111.775 E.03142
G1 X118.007 Y111.118 E.03676
G1 X117.1 Y110.713 E.0328
G1 X116.075 Y110.485 E.03467
G1 X115.504 Y110.455 E.01888
G1 X114.43 Y110.566 E.03565
G1 X113.428 Y110.897 E.03484
G1 X112.989 Y111.15 E.01673
G1 X112.516 Y111.428 E.01811
G1 X111.734 Y112.137 E.03485
G1 X111.118 Y112.994 E.03485
G1 X110.692 Y113.96 E.03486
G1 X110.477 Y114.992 E.03481
G1 X110.476 Y115.99 E.03295
;LAYER_CHANGE
;Z:10.81
;HEIGHT:0.199999
;BEFORE_LAYER_CHANGE
G92 E0
;16.8


G1 E-3.5 F3600
;WIPE_START
G1 F7200
G1 X110.477 Y114.992 E-.47405
G1 X110.692 Y113.96 E-.50073
G1 X111.118 Y112.994 E-.50149
G1 X111.147 Y112.953 E-.02373
;WIPE_END
G1 Z10.81 F9000
;AFTER_LAYER_CHANGE
;16.8
G1 X110.802 Y115.994
G1 E5 F2400
;TYPE:Perimeter
G1 F1099
G1 X110.757 Y115.449 E.01806
G1 X110.81 Y114.833 E.02041
G1 X110.965 Y114.116 E.02422
G1 X111.185 Y113.579 E.01916
G1 X111.418 Y113.084 E.01806
G1 X111.91 Y112.405 E.02769
G1 X112.339 Y111.99 E.01971
G1 X112.753 Y111.633 E.01805
G1 X113.48 Y111.212 E.02774
G1 X114.04 Y111.008 E.01968
G1 X114.564 Y110.85 E.01807
G1 X115.398 Y110.761 E.02769
G1 X115.945 Y110.778 E.01807
G1 X117.014 Y111.005 E.03608
G1 X117.781 Y111.345 E.0277
G1 X118.276 Y111.679 E.01972
G1 X118.711 Y112.009 E.01803
G1 X119.274 Y112.632 E.02772
G1 X119.591 Y113.138 E.01971
G1 X119.854 Y113.617 E.01804
G1 X120.114 Y114.415 E.02771
G1 X120.198 Y115.006 E.01971
G1 X120.242 Y115.56 E.01835
G1 X120.114 Y116.585 E.03411
G1 X119.871 Y117.335 E.02603
G1 X119.591 Y117.862 E.0197
G1 X119.307 Y118.329 E.01805
G1 X118.746 Y118.954 E.02773
G1 X118.276 Y119.321 E.01969
G1 X117.827 Y119.633 E.01805
G1 X117.061 Y119.976 E.02771
G1 X116.482 Y120.12 E.0197
G1 X115.945 Y120.222 E.01805
G1 X115.106 Y120.224 E.0277
G1 X114.518 Y120.12 E.01972
G1 X113.986 Y119.995 E.01804
G1 X113.219 Y119.655 E.0277
G1 X112.73 Y119.326 E.01946
G1 X112.301 Y119.002 E.01775
G1 X111.726 Y118.368 E.02826
G1 X111.409 Y117.862 E.01971
G1 X111.146 Y117.383 E.01804
G1 X110.886 Y116.585 E.02771
G1 X110.811 Y116.053 E.01774
G1 X111.197 Y115.952 F9000
G1 F1099
G1 X111.156 Y115.56 E.01301
G1 X111.192 Y115.024 E.01774
G1 X111.352 Y114.205 E.02755
G1 X111.768 Y113.276 E.03361
G1 X112.232 Y112.638 E.02605
G1 X112.605 Y112.285 E.01696
G1 X112.995 Y111.95 E.01698
G1 X113.678 Y111.556 E.02603
G1 X114.163 Y111.385 E.01698
G1 X114.656 Y111.238 E.01699
G1 X115.44 Y111.156 E.02603
G1 X115.954 Y111.177 E.01699
G1 X116.785 Y111.35 E.02803
G1 X117.26 Y111.548 E.01699
G1 X117.724 Y111.768 E.01695
G1 X118.362 Y112.232 E.02605
G1 X118.715 Y112.605 E.01696
G1 X119.05 Y112.995 E.01698
G1 X119.444 Y113.678 E.02603
G1 X119.615 Y114.163 E.01698
G1 X119.762 Y114.656 E.01699
G1 X119.844 Y115.44 E.02603
G1 X119.796 Y116.017 E.01912
G1 X119.737 Y116.462 E.01482
G1 X119.493 Y117.212 E.02604
G1 X119.247 Y117.663 E.01696
G1 X118.979 Y118.102 E.01698
G1 X118.451 Y118.688 E.02604
G1 X118.043 Y119 E.01696
G1 X117.62 Y119.292 E.01697
G1 X116.9 Y119.613 E.02603
G1 X116.4 Y119.732 E.01697
G1 X115.894 Y119.826 E.01699
G1 X115.106 Y119.826 E.02602
G1 X114.6 Y119.732 E.01699
G1 X114.1 Y119.613 E.01697
G1 X113.38 Y119.292 E.02603
G1 X112.964 Y119.005 E.01669
G1 X112.549 Y118.688 E.01724
G1 X112.021 Y118.102 E.02604
G1 X111.556 Y117.322 E.02998
G1 X111.385 Y116.837 E.01698
G1 X111.238 Y116.344 E.01699
G1 X111.204 Y116.012 E.01102
G1 X111.584 Y115.912 F9000
;TYPE:External perimeter
;WIDTH:0.419999
G1 F1099
G1 X111.541 Y115.52 E.01236
G1 X111.591 Y114.901 E.01947
G1 X111.729 Y114.292 E.01958
G1 X112.062 Y113.538 E.02584
G1 X112.545 Y112.866 E.02595
G1 X113.157 Y112.309 E.02595
G1 X113.872 Y111.891 E.02597
G1 X114.658 Y111.632 E.02595
G1 X115.48 Y111.541 E.02593
G1 X115.933 Y111.565 E.01422
G1 X116.705 Y111.729 E.02475
G1 X117.462 Y112.062 E.02593
G1 X118.134 Y112.545 E.02595
G1 X118.691 Y113.157 E.02595
G1 X119.109 Y113.872 E.02597
G1 X119.368 Y114.658 E.02595
G1 X119.459 Y115.48 E.02593
G1 X119.377 Y116.304 E.02596
G1 X119.125 Y117.092 E.02594
G1 X118.714 Y117.811 E.02597
G1 X118.164 Y118.429 E.02594
G1 X117.497 Y118.919 E.02595
G1 X116.742 Y119.259 E.02596
G1 X115.933 Y119.435 E.02596
G1 X115.106 Y119.439 E.02593
G1 X114.295 Y119.271 E.02597
G1 X113.538 Y118.938 E.02593
G1 X112.866 Y118.455 E.02595
G1 X112.309 Y117.843 E.02595
G1 X111.891 Y117.128 E.02597
G1 X111.632 Y116.342 E.02595
G1 X111.591 Y115.971 E.0117
G1 E-3.5 F3600
;WIPE_START
G1 F7200
G1 X111.584 Y115.912 E-.02822
G1 X111.541 Y115.52 E-.18732
G1 X111.591 Y114.901 E-.29498
G1 X111.729 Y114.292 E-.29661
G1 X112.062 Y113.538 E-.39152
G1 X112.432 Y113.023 E-.30135
;WIPE_END
G1 X109.064 Y116.371 F9000
G1 E5 F2400
;TYPE:Perimeter
;WIDTH:0.439999
G1 F1099
G1 X109.029 Y116.133 E.00794
G1 X109.006 Y115.294 E.02771
G1 X109.063 Y114.619 E.02237
G1 X109.15 Y114.103 E.01728
G1 X109.365 Y113.356 E.02567
G1 X109.579 Y112.813 E.01927
G1 X109.945 Y112.128 E.02564
G1 X110.267 Y111.641 E.01928
G1 X110.767 Y111.047 E.02564
G1 X111.184 Y110.637 E.01931
G1 X111.797 Y110.16 E.02565
G1 X112.289 Y109.846 E.01927
G1 X112.988 Y109.507 E.02565
G1 X113.535 Y109.302 E.01929
G1 X114.289 Y109.115 E.02565
G1 X114.867 Y109.029 E.01929
G1 X115.643 Y109.003 E.02564
G1 X116.321 Y109.054 E.02245
G1 X116.897 Y109.15 E.01928
G1 X117.644 Y109.365 E.02567
G1 X118.187 Y109.579 E.01927
G1 X118.872 Y109.945 E.02564
G1 X119.359 Y110.267 E.01928
G1 X119.953 Y110.767 E.02564
G1 X120.363 Y111.184 E.01931
G1 X120.84 Y111.797 E.02565
G1 X121.154 Y112.289 E.01927
G1 X121.493 Y112.988 E.02565
G1 X121.698 Y113.535 E.01929
G1 X121.885 Y114.289 E.02565
G1 X121.971 Y114.867 E.01929
G1 X121.989 Y115.747 E.02906
G1 X121.951 Y116.29 E.01797
G1 X121.825 Y116.991 E.02352
G1 X121.669 Y117.554 E.01929
G1 X121.377 Y118.273 E.02562
G1 X121.108 Y118.791 E.01927
G1 X120.672 Y119.434 E.02565
G1 X120.301 Y119.885 E.01928
G1 X119.741 Y120.424 E.02566
G1 X119.284 Y120.788 E.01929
G1 X118.625 Y121.198 E.02563
G1 X118.102 Y121.459 E.0193
G1 X117.372 Y121.723 E.02563
G1 X116.806 Y121.87 E.01931
G1 X116.037 Y121.976 E.02563
G1 X115.453 Y122.002 E.0193
G1 X114.679 Y121.946 E.02562
G1 X114.103 Y121.85 E.01928
G1 X113.356 Y121.635 E.02567
G1 X112.813 Y121.421 E.01927
G1 X112.128 Y121.055 E.02564
G1 X111.641 Y120.732 E.01929
G1 X111.047 Y120.233 E.02561
G1 X110.637 Y119.816 E.01931
G1 X110.16 Y119.203 E.02565
G1 X109.846 Y118.711 E.01927
G1 X109.507 Y118.012 E.02565
G1 X109.302 Y117.465 E.01929
G1 X109.115 Y116.711 E.02565
G1 X109.073 Y116.431 E.00935
G1 X108.679 Y116.493 F9000
G1 F1099
G1 X108.636 Y116.221 E.00909
G1 X108.598 Y115.5 E.02384
G1 X108.636 Y114.779 E.02384
G1 X108.749 Y114.065 E.02387
G1 X108.936 Y113.367 E.02386
G1 X109.195 Y112.693 E.02384
G1 X109.523 Y112.049 E.02386
G1 X109.916 Y111.443 E.02385
G1 X110.371 Y110.882 E.02385
G1 X110.882 Y110.371 E.02386
G1 X111.443 Y109.916 E.02385
G1 X112.049 Y109.523 E.02385
G1 X112.693 Y109.195 E.02386
G1 X113.367 Y108.936 E.02384
G1 X114.065 Y108.749 E.02386
G1 X114.779 Y108.636 E.02387
G1 X115.5 Y108.598 E.02384
G1 X116.221 Y108.636 E.02384
G1 X116.935 Y108.749 E.02387
G1 X117.633 Y108.936 E.02386
G1 X118.307 Y109.195 E.02384
G1 X118.951 Y109.523 E.02386
G1 X119.557 Y109.916 E.02385
G1 X120.118 Y110.371 E.02385
G1 X120.629 Y110.882 E.02386
G1 X121.084 Y111.443 E.02385
G1 X121.477 Y112.049 E.02385
G1 X121.805 Y112.693 E.02386
G1 X122.04 Y113.304 E.02161
G1 X122.184 Y113.813 E.01747
G1 X122.292 Y114.323 E.01721
G1 X122.368 Y114.846 E.01745
G1 X122.402 Y115.497 E.02152
G1 X122.353 Y116.291 E.02627
G1 X122.251 Y116.935 E.02153
G1 X122.064 Y117.633 E.02386
G1 X121.805 Y118.307 E.02384
G1 X121.477 Y118.951 E.02386
G1 X121.084 Y119.557 E.02385
G1 X120.629 Y120.118 E.02385
G1 X120.118 Y120.629 E.02386
G1 X119.557 Y121.084 E.02385
G1 X118.951 Y121.477 E.02385
G1 X118.307 Y121.805 E.02386
G1 X117.633 Y122.064 E.02384
G1 X116.935 Y122.251 E.02386
G1 X116.221 Y122.364 E.02387
G1 X115.5 Y122.402 E.02384
G1 X114.779 Y122.364 E.02384
G1 X114.065 Y122.251 E.02387
G1 X113.367 Y122.064 E.02386
G1 X112.693 Y121.805 E.02384
G1 X112.049 Y121.477 E.02386
G1 X111.445 Y121.085 E.02377
G1 X110.832 Y120.579 E.02624
G1 X110.371 Y120.118 E.02153
G1 X109.916 Y119.557 E.02385
G1 X109.523 Y118.951 E.02385
G1 X109.195 Y118.307 E.02386
G1 X108.936 Y117.633 E.02384
G1 X108.749 Y116.935 E.02386
G1 X108.688 Y116.552 E.0128
G1 X108.306 Y116.613 F9000
;TYPE:External perimeter
;WIDTH:0.419999
G1 F1099
G1 X108.25 Y116.262 E.01114
G1 X108.21 Y115.5 E.02392
G1 X108.25 Y114.738 E.02392
G1 X108.37 Y113.984 E.02394
G1 X108.567 Y113.247 E.02392
G1 X108.841 Y112.535 E.02392
G1 X109.187 Y111.855 E.02392
G1 X109.602 Y111.215 E.02392
G1 X110.083 Y110.622 E.02394
G1 X110.622 Y110.083 E.0239
G1 X111.215 Y109.602 E.02394
G1 X111.855 Y109.187 E.02392
G1 X112.535 Y108.841 E.02392
G1 X113.247 Y108.567 E.02392
G1 X113.984 Y108.37 E.02392
G1 X114.738 Y108.25 E.02394
G1 X115.5 Y108.21 E.02392
G1 X116.262 Y108.25 E.02392
G1 X117.016 Y108.37 E.02394
G1 X117.753 Y108.567 E.02392
G1 X118.465 Y108.841 E.02392
G1 X119.145 Y109.187 E.02392
G1 X119.785 Y109.602 E.02392
G1 X120.378 Y110.083 E.02394
G1 X120.917 Y110.622 E.0239
G1 X121.398 Y111.215 E.02394
G1 X121.813 Y111.855 E.02392
G1 X122.159 Y112.535 E.02392
G1 X122.401 Y113.165 E.02116
G1 X122.558 Y113.713 E.01787
G1 X122.674 Y114.262 E.01759
G1 X122.754 Y114.826 E.01786
G1 X122.79 Y115.499 E.02113
G1 X122.738 Y116.333 E.0262
G1 X122.63 Y117.016 E.02168
G1 X122.433 Y117.753 E.02392
G1 X122.159 Y118.465 E.02392
G1 X121.813 Y119.145 E.02392
G1 X121.398 Y119.785 E.02392
G1 X120.917 Y120.378 E.02394
G1 X120.378 Y120.917 E.0239
G1 X119.785 Y121.398 E.02394
G1 X119.145 Y121.813 E.02392
G1 X118.465 Y122.159 E.02392
G1 X117.753 Y122.433 E.02392
G1 X117.016 Y122.63 E.02392
G1 X116.262 Y122.75 E.02394
G1 X115.5 Y122.79 E.02392
G1 X114.738 Y122.75 E.02392
G1 X113.984 Y122.63 E.02394
G1 X113.247 Y122.433 E.02392
G1 X112.535 Y122.159 E.02392
G1 X111.855 Y121.813 E.02392
G1 X111.216 Y121.398 E.02389
G1 X110.571 Y120.866 E.02622
G1 X110.083 Y120.378 E.02164
G1 X109.602 Y119.785 E.02394
G1 X109.187 Y119.145 E.02392
G1 X108.841 Y118.465 E.02392
G1 X108.567 Y117.753 E.02392
G1 X108.37 Y117.016 E.02392
G1 X108.315 Y116.672 E.01092
G1 E-3.5 F3600
;WIPE_START
G1 F7200
G1 X108.306 Y116.613 E-.02835
G1 X108.25 Y116.262 E-.16883
G1 X108.21 Y115.5 E-.36245
G1 X108.25 Y114.738 E-.36245
G1 X108.37 Y113.984 E-.36266
G1 X108.487 Y113.546 E-.21526
;WIPE_END
G1 X115.564 Y109.305 F9000
G1 E5 F2400
;TYPE:Solid infill
;WIDTH:0.439999
G1 F1099
G1 X116.325 Y109.364 E.0252
G1 X116.818 Y109.445 E.0165
G1 X117.579 Y109.668 E.02618
G1 X118.048 Y109.852 E.01663
G1 X118.697 Y110.195 E.02424
G1 X119.167 Y110.505 E.01859
G1 X119.769 Y111.016 E.02607
G1 X120.126 Y111.376 E.01674
G1 X120.575 Y111.95 E.02406
G1 X120.882 Y112.428 E.01876
G1 X121.202 Y113.083 E.02407
G1 X121.403 Y113.614 E.01875
G1 X121.582 Y114.333 E.02446
G1 X121.666 Y114.883 E.01837
G1 X121.683 Y115.737 E.0282
G1 X121.649 Y116.242 E.01671
G1 X121.534 Y116.896 E.02192
G1 X121.384 Y117.444 E.01876
G1 X121.112 Y118.12 E.02406
G1 X120.851 Y118.625 E.01877
G1 X120.448 Y119.226 E.02389
G1 X120.085 Y119.669 E.01891
G1 X119.624 Y120.125 E.02141
G1 X119.092 Y120.548 E.02244
G1 X118.514 Y120.911 E.02254
G1 X117.992 Y121.173 E.01928
G1 X117.303 Y121.425 E.02422
G1 X116.758 Y121.568 E.0186
G1 X115.976 Y121.673 E.02605
G1 X115.469 Y121.697 E.01676
G1 X114.743 Y121.647 E.02403
G1 X114.182 Y121.555 E.01877
G1 X113.481 Y121.355 E.02407
G1 X112.951 Y121.148 E.01879
G1 X112.305 Y120.806 E.02413
G1 X111.836 Y120.496 E.01856
G1 X111.243 Y119.997 E.02559
G1 X110.874 Y119.624 E.01732
G1 X110.425 Y119.05 E.02406
G1 X110.118 Y118.572 E.01876
G1 X109.798 Y117.918 E.02404
G1 X109.597 Y117.386 E.01878
G1 X109.42 Y116.683 E.02394
G1 X109.334 Y116.117 E.0189
G1 X109.303 Y115.47 E.02139
G1 X109.34 Y114.822 E.02143
G1 X109.445 Y114.182 E.02141
G1 X109.668 Y113.422 E.02615
G1 X109.852 Y112.952 E.01666
G1 X110.195 Y112.303 E.02424
G1 X110.505 Y111.833 E.01859
G1 X111.016 Y111.231 E.02607
G1 X111.376 Y110.874 E.01674
G1 X111.95 Y110.425 E.02406
G1 X112.428 Y110.118 E.01876
G1 X113.082 Y109.798 E.02404
G1 X113.614 Y109.597 E.01878
G1 X114.317 Y109.42 E.02394
G1 X114.884 Y109.334 E.01893
G1 X115.366 Y109.314 E.01593
G1 X115.345 Y109.702 E.01283
;WIDTH:0.430374
G1 X114.902 Y109.726 E.01429
G1 X114.378 Y109.802 E.01706
;WIDTH:0.431702
G1 X113.716 Y109.977 E.02214
G1 X113.221 Y110.158 E.01704
G1 X112.607 Y110.468 E.02224
G1 X112.16 Y110.749 E.01707
;WIDTH:0.430419
G1 X111.623 Y111.179 E.02217
G1 X111.257 Y111.535 E.01645
;WIDTH:0.433386
G1 X110.811 Y112.081 E.02289
G1 X110.519 Y112.514 E.01696
;WIDTH:0.430419
G1 X110.201 Y113.13 E.02234
G1 X110.012 Y113.601 E.01635
;WIDTH:0.427752
G1 X109.823 Y114.283 E.02265
G1 X109.726 Y114.883 E.01945
;WIDTH:0.427404
G1 X109.69 Y115.49 E.01944
;WIDTH:0.430421
G1 X109.726 Y116.097 E.01959
G1 X109.802 Y116.622 E.01709
;WIDTH:0.431701
G1 X109.977 Y117.284 E.02214
G1 X110.158 Y117.779 E.01704
G1 X110.468 Y118.393 E.02224
G1 X110.749 Y118.84 E.01707
;WIDTH:0.43077
G1 X111.179 Y119.377 E.02219
G1 X111.547 Y119.755 E.01701
;WIDTH:0.432657
G1 X112.086 Y120.193 E.02251
G1 X112.515 Y120.482 E.01676
;WIDTH:0.4317
G1 X113.13 Y120.798 E.02235
G1 X113.619 Y120.995 E.01704
G1 X114.283 Y121.175 E.02224
G1 X114.803 Y121.266 E.01707
;WIDTH:0.430418
G1 X115.49 Y121.305 E.02217
G1 X116 Y121.286 E.01644
;WIDTH:0.433383
G1 X116.697 Y121.179 E.02289
G1 X117.203 Y121.052 E.01694
;WIDTH:0.429872
G1 X117.852 Y120.807 E.02232
G1 X118.338 Y120.566 E.01745
;WIDTH:0.427991
G1 X118.879 Y120.22 E.02056
G1 X119.379 Y119.823 E.02044
;WIDTH:0.429872
G1 X119.807 Y119.392 E.01954
G1 X120.148 Y118.982 E.01716
;WIDTH:0.431698
G1 X120.522 Y118.411 E.02207
G1 X120.768 Y117.945 E.01703
G1 X121.017 Y117.303 E.02226
G1 X121.161 Y116.796 E.01704
;WIDTH:0.428405
G1 X121.263 Y116.181 E.01998
G1 X121.301 Y115.675 E.01626
;WIDTH:0.43565
G1 X121.272 Y114.904 E.0252
G1 X121.2 Y114.394 E.01682
;WIDTH:0.4317
G1 X121.023 Y113.716 E.02265
G1 X120.842 Y113.221 E.01704
G1 X120.532 Y112.607 E.02224
G1 X120.251 Y112.16 E.01707
;WIDTH:0.430416
G1 X119.821 Y111.623 E.02217
G1 X119.465 Y111.257 E.01645
;WIDTH:0.433384
G1 X118.919 Y110.811 E.02289
G1 X118.486 Y110.519 E.01696
;WIDTH:0.430419
G1 X117.87 Y110.201 E.02234
G1 X117.399 Y110.012 E.01635
;WIDTH:0.432093
G1 X116.717 Y109.825 E.02288
G1 X116.215 Y109.737 E.01649
;WIDTH:0.420111
G1 X115.544 Y109.692 E.02109
;WIDTH:0.439999
G1 X115.377 Y110.07 E.01364
;WIDTH:0.420109
G1 X116.078 Y110.097 E.022
;WIDTH:0.432093
G1 X117.185 Y110.335 E.03664
;WIDTH:0.430419
G1 X118.166 Y110.766 E.03452
;WIDTH:0.433384
G1 X118.681 Y111.12 E.02029
G1 X119.135 Y111.463 E.01847
;WIDTH:0.430416
G1 X119.861 Y112.259 E.03471
;WIDTH:0.431699
G1 X120.438 Y113.235 E.03665
G1 X120.801 Y114.311 E.03671
;WIDTH:0.43565
G1 X120.88 Y114.931 E.02041
G1 X120.926 Y115.509 E.01893
;WIDTH:0.428405
G1 X120.881 Y116.129 E.01993
G1 X120.817 Y116.63 E.01619
;WIDTH:0.431699
G1 X120.488 Y117.654 E.03477
G1 X119.931 Y118.644 E.03672
;WIDTH:0.429872
G1 X119.526 Y119.127 E.02028
G1 X119.141 Y119.525 E.01782
;WIDTH:0.427993
G1 X118.704 Y119.871 E.01785
G1 X118.203 Y120.206 E.0193
;WIDTH:0.429872
G1 X117.705 Y120.45 E.01784
G1 X117.233 Y120.649 E.01648
;WIDTH:0.433383
G1 X116.627 Y120.795 E.02024
G1 X116.068 Y120.903 E.01848
;WIDTH:0.430418
G1 X114.99 Y120.909 E.03473
;WIDTH:0.431699
G1 X113.879 Y120.686 E.03663
G1 X112.837 Y120.235 E.0367
;WIDTH:0.432657
G1 X112.325 Y119.885 E.0201
G1 X111.879 Y119.548 E.01812
;WIDTH:0.43077
G1 X111.14 Y118.741 E.03529
;WIDTH:0.431701
G1 X110.562 Y117.765 E.03667
G1 X110.199 Y116.689 E.03671
;WIDTH:0.430421
G1 X110.112 Y116.065 E.0203
G1 X110.067 Y115.515 E.01778
;WIDTH:0.427404
G1 X110.108 Y114.928 E.01881
;WIDTH:0.427752
G1 X110.196 Y114.378 E.01782
G1 X110.337 Y113.807 E.01882
;WIDTH:0.430419
G1 X110.766 Y112.834 E.03426
;WIDTH:0.433386
G1 X111.12 Y112.319 E.02029
G1 X111.463 Y111.865 E.01847
;WIDTH:0.430419
G1 X112.259 Y111.139 E.03471
;WIDTH:0.4317
G1 X113.235 Y110.562 E.03665
G1 X114.311 Y110.199 E.03671
;WIDTH:0.430374
G1 X115.18 Y110.089 E.02822
;WIDTH:0.439999
G1 X115.222 Y110.475 E.01282
G1 X114.43 Y110.566 E.02632
G1 X113.428 Y110.897 E.03484
G1 X112.516 Y111.427 E.03483
G1 X111.775 Y112.094 E.03292
G1 X111.118 Y112.993 E.03676
G1 X110.713 Y113.898 E.03274
G1 X110.515 Y114.733 E.02833
G1 X110.453 Y115.544 E.02686
G1 X110.566 Y116.57 E.03408
G1 X110.897 Y117.572 E.03484
G1 X111.428 Y118.484 E.03484
G1 X112.107 Y119.237 E.03348
G1 X112.994 Y119.882 E.03621
G1 X113.96 Y120.308 E.03486
G1 X114.992 Y120.523 E.03481
G1 X115.99 Y120.524 E.03295
G1 X117.078 Y120.295 E.03671
G1 X117.987 Y119.883 E.03295
G1 X118.462 Y119.564 E.01889
G1 X118.9 Y119.219 E.01841
G1 X119.233 Y118.866 E.01602
G1 X119.596 Y118.451 E.0182
G1 X120.12 Y117.534 E.03487
G1 X120.442 Y116.53 E.03481
G1 X120.543 Y115.599 E.03092
G1 X120.434 Y114.43 E.03876
G1 X120.103 Y113.428 E.03484
G1 X119.573 Y112.516 E.03483
G1 X118.906 Y111.775 E.03292
G1 X118.007 Y111.118 E.03676
G1 X117.1 Y110.713 E.0328
G1 X116.058 Y110.484 E.03523
G1 X115.42 Y110.453 E.02109
;LAYER_CHANGE
;Z:11.01
;HEIGHT:0.200001
;BEFORE_LAYER_CHANGE
G92 E0
;17


G1 E-3.5 F3600
;WIPE_START
G1 F7200
G1 X116.058 Y110.484 E-.30341
G1 X117.1 Y110.713 E-.50676
G1 X118.007 Y111.118 E-.47182
G1 X118.377 Y111.389 E-.21801
;WIPE_END
G1 Z11.01 F9000
;AFTER_LAYER_CHANGE
;17
G1 X115.5 Y110.768
G1 E5 F2400
;TYPE:Perimeter
G1 F1154
G1 X115.966 Y110.799 E.01542
G1 X116.488 Y110.86 E.01735
G1 X117.335 Y111.129 E.02934
G1 X117.862 Y111.409 E.0197
G1 X118.329 Y111.693 E.01805
G1 X118.954 Y112.254 E.02773
G1 X119.321 Y112.724 E.01969
G1 X119.633 Y113.173 E.01805
G1 X119.976 Y113.939 E.02771
G1 X120.12 Y114.518 E.0197
G1 X120.222 Y115.055 E.01805
G1 X120.224 Y115.894 E.0277
G1 X120.12 Y116.482 E.01972
G1 X119.995 Y117.014 E.01804
G1 X119.655 Y117.781 E.0277
G1 X119.321 Y118.276 E.01972
G1 X118.991 Y118.711 E.01803
G1 X118.368 Y119.274 E.02772
G1 X117.862 Y119.591 E.01971
G1 X117.386 Y119.852 E.01792
G1 X116.585 Y120.114 E.02783
G1 X115.994 Y120.198 E.01971
G1 X115.449 Y120.243 E.01806
G1 X114.614 Y120.156 E.02772
G1 X114.04 Y119.992 E.01971
G1 X113.524 Y119.812 E.01804
G1 X112.797 Y119.394 E.02769
G1 X112.342 Y119.013 E.01959
G1 X111.965 Y118.664 E.01696
G1 X111.447 Y117.957 E.02894
G1 X111.185 Y117.421 E.0197
G1 X110.975 Y116.922 E.01788
G1 X110.798 Y116.097 E.02786
G1 X110.776 Y115.5 E.01972
G1 X110.788 Y114.954 E.01803
G1 X110.962 Y114.132 E.02774
G1 X111.185 Y113.579 E.01969
G1 X111.418 Y113.084 E.01806
G1 X111.91 Y112.405 E.02769
G1 X112.339 Y111.99 E.01971
G1 X112.753 Y111.633 E.01805
G1 X113.48 Y111.212 E.02774
G1 X114.04 Y111.008 E.01968
G1 X114.564 Y110.85 E.01807
G1 X115.398 Y110.761 E.02769
G1 X115.44 Y110.764 E.00139
G1 X115.5 Y111.161 F9000
G1 F1154
G1 X115.56 Y111.156 E.00199
G1 X116.344 Y111.238 E.02603
G1 X116.837 Y111.385 E.01699
G1 X117.322 Y111.556 E.01698
G1 X118.005 Y111.95 E.02603
G1 X118.395 Y112.285 E.01698
G1 X118.768 Y112.638 E.01696
G1 X119.232 Y113.276 E.02605
G1 X119.452 Y113.74 E.01695
G1 X119.65 Y114.215 E.01699
G1 X119.814 Y114.986 E.02603
G1 X119.826 Y115.5 E.01698
G1 X119.814 Y116.014 E.01698
G1 X119.65 Y116.785 E.02603
G1 X119.452 Y117.26 E.01699
G1 X119.232 Y117.724 E.01695
G1 X118.768 Y118.362 E.02605
G1 X118.395 Y118.715 E.01696
G1 X118.005 Y119.05 E.01698
G1 X117.322 Y119.444 E.02603
G1 X116.833 Y119.616 E.01712
G1 X116.344 Y119.762 E.01685
G1 X115.56 Y119.844 E.02603
G1 X115.048 Y119.803 E.01696
G1 X114.538 Y119.737 E.01698
G1 X113.788 Y119.493 E.02604
G1 X113.337 Y119.247 E.01696
G1 X112.898 Y118.979 E.01698
G1 X112.312 Y118.451 E.02604
G1 X112 Y118.043 E.01696
G1 X111.708 Y117.62 E.01697
G1 X111.389 Y116.905 E.02585
G1 X111.268 Y116.398 E.01721
G1 X111.174 Y115.894 E.01693
G1 X111.174 Y115.106 E.02602
G1 X111.268 Y114.6 E.01699
G1 X111.387 Y114.1 E.01697
G1 X111.708 Y113.38 E.02603
G1 X112 Y112.957 E.01697
G1 X112.312 Y112.549 E.01696
G1 X112.898 Y112.021 E.02604
G1 X113.705 Y111.542 E.03099
G1 X114.538 Y111.263 E.02901
G1 X115.048 Y111.197 E.01698
G1 X115.44 Y111.166 E.01298
G1 X115.5 Y111.543 F9000
;TYPE:External perimeter
;WIDTH:0.419999
G1 F1154
G1 X116.304 Y111.623 E.02533
G1 X117.092 Y111.875 E.02594
G1 X117.811 Y112.286 E.02597
G1 X118.429 Y112.836 E.02594
G1 X118.919 Y113.503 E.02595
G1 X119.259 Y114.258 E.02596
G1 X119.435 Y115.067 E.02596
G1 X119.439 Y115.894 E.02593
G1 X119.271 Y116.705 E.02597
G1 X118.938 Y117.462 E.02593
G1 X118.455 Y118.134 E.02595
G1 X117.843 Y118.691 E.02595
G1 X117.128 Y119.109 E.02597
G1 X116.342 Y119.368 E.02595
G1 X115.52 Y119.459 E.02593
G1 X114.696 Y119.377 E.02596
G1 X113.908 Y119.125 E.02594
G1 X113.189 Y118.714 E.02597
G1 X112.571 Y118.164 E.02594
G1 X112.081 Y117.497 E.02595
G1 X111.743 Y116.747 E.02579
G1 X111.565 Y115.934 E.02609
G1 X111.561 Y115.106 E.02596
G1 X111.729 Y114.295 E.02597
G1 X112.062 Y113.538 E.02593
G1 X112.545 Y112.866 E.02595
G1 X113.157 Y112.309 E.02595
G1 X113.872 Y111.891 E.02597
G1 X114.658 Y111.632 E.02595
G1 X115.44 Y111.545 E.02467
G1 E-3.5 F3600
;WIPE_START
G1 F7200
G1 X115.5 Y111.543 E-.02852
G1 X116.304 Y111.623 E-.38379
G1 X117.092 Y111.875 E-.39297
G1 X117.811 Y112.286 E-.39339
G1 X118.285 Y112.708 E-.30133
;WIPE_END
G1 X115.308 Y109.014 F9000
G1 E5 F2400
;TYPE:Perimeter
;WIDTH:0.439999
G1 F1154
G1 X115.643 Y109.003 E.01107
G1 X116.195 Y109.036 E.01826
G1 X116.991 Y109.175 E.02668
G1 X117.554 Y109.331 E.01929
G1 X118.273 Y109.623 E.02562
G1 X118.791 Y109.892 E.01927
G1 X119.434 Y110.328 E.02565
G1 X119.885 Y110.699 E.01928
G1 X120.424 Y111.259 E.02566
G1 X120.788 Y111.716 E.01929
G1 X121.198 Y112.375 E.02563
G1 X121.459 Y112.898 E.0193
G1 X121.723 Y113.628 E.02563
G1 X121.87 Y114.194 E.01931
G1 X121.976 Y114.963 E.02563
G1 X122.002 Y115.547 E.0193
G1 X121.946 Y116.321 E.02562
G1 X121.85 Y116.897 E.01928
G1 X121.635 Y117.644 E.02567
G1 X121.421 Y118.187 E.01927
G1 X121.055 Y118.872 E.02564
G1 X120.733 Y119.359 E.01928
G1 X120.233 Y119.953 E.02564
G1 X119.816 Y120.363 E.01931
G1 X119.203 Y120.84 E.02565
G1 X118.711 Y121.154 E.01927
G1 X118.021 Y121.487 E.0253
G1 X117.461 Y121.699 E.01977
G1 X116.711 Y121.885 E.02551
G1 X116.133 Y121.971 E.01929
G1 X115.357 Y121.997 E.02564
G1 X114.774 Y121.962 E.01928
G1 X114.009 Y121.825 E.02566
G1 X113.446 Y121.669 E.01929
G1 X112.727 Y121.377 E.02562
G1 X112.209 Y121.108 E.01927
G1 X111.566 Y120.672 E.02565
G1 X111.115 Y120.301 E.01928
G1 X110.576 Y119.741 E.02566
G1 X110.212 Y119.284 E.01929
G1 X109.802 Y118.625 E.02563
G1 X109.541 Y118.102 E.0193
G1 X109.278 Y117.377 E.02546
G1 X109.13 Y116.806 E.01948
G1 X109.024 Y116.037 E.02563
G1 X108.998 Y115.453 E.0193
G1 X109.054 Y114.679 E.02562
G1 X109.15 Y114.103 E.01928
G1 X109.365 Y113.356 E.02567
G1 X109.579 Y112.813 E.01927
G1 X109.945 Y112.128 E.02564
G1 X110.267 Y111.641 E.01928
G1 X110.767 Y111.047 E.02564
G1 X111.184 Y110.637 E.01931
G1 X111.797 Y110.16 E.02565
G1 X112.289 Y109.846 E.01927
G1 X112.988 Y109.507 E.02565
G1 X113.535 Y109.302 E.01929
G1 X114.289 Y109.115 E.02565
G1 X114.867 Y109.029 E.01929
G1 X115.248 Y109.016 E.01259
G1 X115.227 Y108.612 F9000
G1 F1154
G1 X115.5 Y108.598 E.00903
G1 X116.191 Y108.634 E.02285
G1 X116.936 Y108.749 E.02489
G1 X117.633 Y108.936 E.02383
G1 X118.307 Y109.195 E.02384
G1 X118.951 Y109.523 E.02386
G1 X119.557 Y109.916 E.02385
G1 X120.118 Y110.371 E.02385
G1 X120.629 Y110.882 E.02386
G1 X121.084 Y111.443 E.02385
G1 X121.477 Y112.049 E.02385
G1 X121.805 Y112.693 E.02386
G1 X122.064 Y113.367 E.02384
G1 X122.234 Y114 E.02164
G1 X122.323 Y114.521 E.01745
G1 X122.378 Y115.039 E.0172
G1 X122.399 Y115.567 E.01745
G1 X122.364 Y116.221 E.02162
G1 X122.251 Y116.935 E.02387
G1 X122.064 Y117.633 E.02386
G1 X121.805 Y118.307 E.02384
G1 X121.477 Y118.951 E.02386
G1 X121.084 Y119.557 E.02385
G1 X120.629 Y120.118 E.02385
G1 X120.118 Y120.629 E.02386
G1 X119.557 Y121.084 E.02385
G1 X118.951 Y121.477 E.02385
G1 X118.334 Y121.792 E.02287
G1 X117.632 Y122.065 E.02487
G1 X116.935 Y122.251 E.02382
G1 X116.221 Y122.364 E.02387
G1 X115.5 Y122.402 E.02384
G1 X114.779 Y122.364 E.02384
G1 X114.065 Y122.251 E.02387
G1 X113.367 Y122.064 E.02386
G1 X112.693 Y121.805 E.02384
G1 X112.049 Y121.477 E.02386
G1 X111.443 Y121.084 E.02385
G1 X110.883 Y120.63 E.0238
G1 X110.352 Y120.095 E.02489
G1 X109.916 Y119.557 E.02286
G1 X109.523 Y118.951 E.02385
G1 X109.195 Y118.307 E.02386
G1 X108.936 Y117.633 E.02384
G1 X108.749 Y116.935 E.02386
G1 X108.636 Y116.221 E.02387
G1 X108.598 Y115.5 E.02384
G1 X108.636 Y114.779 E.02384
G1 X108.749 Y114.065 E.02387
G1 X108.936 Y113.367 E.02386
G1 X109.195 Y112.693 E.02384
G1 X109.523 Y112.049 E.02386
G1 X109.916 Y111.443 E.02385
G1 X110.371 Y110.882 E.02385
G1 X110.882 Y110.371 E.02386
G1 X111.443 Y109.916 E.02385
G1 X112.049 Y109.523 E.02385
G1 X112.693 Y109.195 E.02386
G1 X113.367 Y108.936 E.02384
G1 X114.065 Y108.749 E.02386
G1 X114.779 Y108.636 E.02387
G1 X115.167 Y108.615 E.01283
G1 X115.147 Y108.229 F9000
;TYPE:External perimeter
;WIDTH:0.419999
G1 F1154
G1 X115.5 Y108.21 E.01108
G1 X116.231 Y108.249 E.02295
G1 X117.016 Y108.37 E.0249
G1 X117.753 Y108.567 E.02392
G1 X118.465 Y108.841 E.02392
G1 X119.145 Y109.187 E.02392
G1 X119.785 Y109.602 E.02392
G1 X120.378 Y110.083 E.02394
G1 X120.917 Y110.622 E.0239
G1 X121.398 Y111.215 E.02394
G1 X121.813 Y111.855 E.02392
G1 X122.159 Y112.535 E.02392
G1 X122.433 Y113.247 E.02392
G1 X122.608 Y113.9 E.0212
G1 X122.706 Y114.46 E.01783
G1 X122.764 Y115.019 E.01762
G1 X122.785 Y115.588 E.01785
G1 X122.75 Y116.262 E.02116
G1 X122.63 Y117.016 E.02394
G1 X122.433 Y117.753 E.02392
G1 X122.159 Y118.465 E.02392
G1 X121.813 Y119.145 E.02392
G1 X121.398 Y119.785 E.02392
G1 X120.917 Y120.378 E.02394
G1 X120.378 Y120.917 E.0239
G1 X119.785 Y121.398 E.02394
G1 X119.145 Y121.813 E.02392
G1 X118.493 Y122.145 E.02294
G1 X117.752 Y122.433 E.02493
G1 X117.016 Y122.63 E.02389
G1 X116.262 Y122.75 E.02394
G1 X115.5 Y122.79 E.02392
G1 X114.738 Y122.75 E.02392
G1 X113.984 Y122.63 E.02394
G1 X113.247 Y122.433 E.02392
G1 X112.535 Y122.159 E.02392
G1 X111.855 Y121.813 E.02392
G1 X111.215 Y121.398 E.02392
G1 X110.623 Y120.918 E.0239
G1 X110.063 Y120.354 E.02492
G1 X109.602 Y119.785 E.02296
G1 X109.187 Y119.145 E.02392
G1 X108.841 Y118.465 E.02392
G1 X108.567 Y117.753 E.02392
G1 X108.37 Y117.016 E.02392
G1 X108.25 Y116.262 E.02394
G1 X108.21 Y115.5 E.02392
G1 X108.25 Y114.738 E.02392
G1 X108.37 Y113.984 E.02394
G1 X108.567 Y113.247 E.02392
G1 X108.841 Y112.535 E.02392
G1 X109.187 Y111.855 E.02392
G1 X109.602 Y111.215 E.02392
G1 X110.083 Y110.622 E.02394
G1 X110.622 Y110.083 E.0239
G1 X111.215 Y109.602 E.02394
G1 X111.855 Y109.187 E.02392
G1 X112.535 Y108.841 E.02392
G1 X113.247 Y108.567 E.02392
G1 X113.984 Y108.37 E.02392
G1 X114.738 Y108.25 E.02394
G1 X115.087 Y108.232 E.01096
G1 E-3.5 F3600
;WIPE_START
G1 F7200
G1 X115.147 Y108.229 E-.02854
G1 X115.5 Y108.21 E-.16792
G1 X116.231 Y108.249 E-.34772
G1 X117.016 Y108.37 E-.37728
G1 X117.753 Y108.567 E-.36237
G1 X118.178 Y108.73 E-.21617
;WIPE_END
G1 X118.867 Y110.09 F9000
G1 E5 F2400
;TYPE:Top solid infill
;WIDTH:0.407962
G1 F1154
G1 X120.145 Y111.369 E.05488
G1 X120.531 Y111.845 E.0186
G1 X120.885 Y112.391 E.01975
G1 X121.122 Y112.862 E.016
G1 X118.131 Y109.871 E.12839
G1 X117.422 Y109.586 E.02319
G1 X117.296 Y109.552 E.00396
G1 X121.448 Y113.704 E.17823
G1 X121.582 Y114.207 E.0158
G1 X121.61 Y114.383 E.00541
G1 X116.618 Y109.391 E.21429
G1 X116.02 Y109.309 E.01832
G1 X117.711 Y111 E.07259
G1 X118.457 Y111.43 E.02614
G1 X119.148 Y112.044 E.02806
G1 X119.318 Y112.233 E.00772
G1 X119.824 Y112.932 E.02619
G1 X119.988 Y113.276 E.01157
G1 X121.691 Y114.98 E.07312
G1 X121.717 Y115.522 E.01647
G1 X120.33 Y114.134 E.05956
G1 X120.471 Y114.792 E.02043
G1 X121.691 Y116.013 E.05239
G1 X121.633 Y116.471 E.01401
G1 X120.508 Y115.345 E.04831
G1 X120.504 Y115.858 E.01557
G1 X121.552 Y116.906 E.04499
G1 X121.443 Y117.313 E.01279
G1 X120.442 Y116.312 E.04297
G1 X120.352 Y116.738 E.01322
G1 X121.309 Y117.695 E.04108
G1 X121.181 Y118.029 E.01086
G1 X121.163 Y118.065 E.00122
G1 X120.244 Y117.146 E.03945
G1 X120.084 Y117.503 E.01187
G1 X120.988 Y118.407 E.03881
G1 X120.802 Y118.737 E.0115
G1 X119.925 Y117.86 E.03765
G1 X119.856 Y118.015 E.00515
G1 X119.733 Y118.185 E.00637
G1 X120.599 Y119.05 E.03715
G1 X120.531 Y119.155 E.0038
G1 X120.377 Y119.345 E.00742
G1 X119.516 Y118.484 E.03696
G1 X119.299 Y118.783 E.01121
G1 X120.146 Y119.63 E.03636
G1 X119.891 Y119.891 E.01108
G1 X119.042 Y119.042 E.03644
G1 X118.771 Y119.287 E.01109
G1 X119.63 Y120.146 E.03687
G1 X119.345 Y120.377 E.01114
G1 X118.499 Y119.532 E.03629
G1 X118.181 Y119.73 E.01137
G1 X119.05 Y120.599 E.0373
G1 X118.737 Y120.802 E.01132
G1 X117.854 Y119.919 E.0379
G1 X117.521 Y120.102 E.01153
G1 X118.407 Y120.988 E.03803
G1 X118.065 Y121.162 E.01165
G1 X117.132 Y120.229 E.04005
G1 X116.743 Y120.356 E.01242
G1 X117.694 Y121.308 E.04084
G1 X117.419 Y121.415 E.00896
G1 X117.313 Y121.443 E.00333
G1 X116.315 Y120.445 E.04284
G1 X115.848 Y120.494 E.01425
G1 X116.906 Y121.552 E.04542
G1 X116.471 Y121.633 E.01343
G1 X115.353 Y120.515 E.04799
G1 X114.776 Y120.454 E.01761
G1 X116.013 Y121.691 E.0531
G1 X115.522 Y121.717 E.01492
G1 X113.865 Y120.06 E.07113
G1 E-3.5 F3600
;WIPE_START
G1 F7200
G1 X115.522 Y121.717 E-1.11309
G1 X116.013 Y121.691 E-.23355
G1 X115.785 Y121.463 E-.15336
;WIPE_END
G1 X117.135 Y110.94 F9000
G1 E5 F2400
G1 F1154
G1 X115.481 Y109.286 E.071
G1 X114.988 Y109.309 E.01498
G1 X116.222 Y110.543 E.05297
G1 X115.641 Y110.478 E.01775
G1 X114.529 Y109.367 E.04771
G1 X114.094 Y109.448 E.01343
G1 X115.149 Y110.503 E.04529
G1 X114.684 Y110.554 E.0142
G1 X113.687 Y109.557 E.0428
G1 X113.578 Y109.586 E.00342
G1 X113.305 Y109.691 E.00888
G1 X114.257 Y110.643 E.04087
G1 X113.868 Y110.77 E.01242
G1 X112.935 Y109.837 E.04005
G1 X112.593 Y110.012 E.01166
G1 X113.478 Y110.897 E.03799
G1 X113.147 Y111.082 E.01151
G1 X112.263 Y110.198 E.03795
G1 X111.95 Y110.401 E.01132
G1 X112.82 Y111.271 E.03735
G1 X112.501 Y111.468 E.01138
G1 X111.655 Y110.623 E.03629
G1 X111.37 Y110.854 E.01114
G1 X112.229 Y111.713 E.03687
G1 X111.958 Y111.958 E.01109
G1 X111.109 Y111.109 E.03644
G1 X110.854 Y111.37 E.01108
G1 X111.701 Y112.217 E.03636
G1 X111.484 Y112.516 E.01121
G1 X110.623 Y111.655 E.03696
G1 X110.469 Y111.845 E.00742
G1 X110.401 Y111.95 E.0038
G1 X111.267 Y112.815 E.03715
G1 X111.144 Y112.985 E.00637
G1 X111.075 Y113.14 E.00515
G1 X110.198 Y112.263 E.03765
G1 X110.012 Y112.593 E.0115
G1 X110.916 Y113.497 E.03881
G1 X110.757 Y113.854 E.01186
G1 X109.838 Y112.935 E.03945
G1 X109.819 Y112.971 E.00124
G1 X109.691 Y113.305 E.01086
G1 X110.648 Y114.262 E.04108
G1 X110.558 Y114.688 E.01322
G1 X109.557 Y113.687 E.04297
G1 X109.448 Y114.094 E.01279
G1 X110.496 Y115.142 E.04499
G1 X110.492 Y115.655 E.01557
G1 X109.367 Y114.529 E.04831
G1 X109.309 Y114.987 E.01401
G1 X110.529 Y116.208 E.05239
G1 X110.67 Y116.864 E.02037
G1 X109.283 Y115.478 E.05952
G1 X109.309 Y116.02 E.01647
G1 X111.01 Y117.721 E.07302
G1 X111.144 Y118.015 E.00981
G1 X111.682 Y118.767 E.02807
G1 X111.852 Y118.956 E.00772
G1 X112.543 Y119.57 E.02806
G1 X113.289 Y120.001 E.02615
G1 X114.98 Y121.691 E.07257
G1 X114.383 Y121.61 E.01829
G1 X109.39 Y116.617 E.21433
G1 X109.418 Y116.793 E.00541
G1 X109.552 Y117.296 E.0158
G1 X113.701 Y121.444 E.17808
G1 X113.578 Y121.414 E.00384
G1 X112.869 Y121.129 E.02319
G1 X109.871 Y118.131 E.12869
G1 X110.115 Y118.609 E.01629
G1 X110.469 Y119.155 E.01975
G1 X110.854 Y119.63 E.01856
G1 X112.134 Y120.91 E.05495
; stop printing object Auto_modifiedZ_NAS_979_0.2.stl id:0 copy 0
G1 E-3.5 F3600
;WIPE_START
G1 F7200;_WIPE
G1 X110.854 Y119.63 E-.85984
G1 X110.469 Y119.155 E-.29043
G1 X110.115 Y118.609 E-.30909
G1 X110.076 Y118.533 E-.04064
;WIPE_END
M107
;TYPE:Custom
; Filament-specific end gcode 
;END gcode for filament
G1 Z13.01 F600 ; Move print head up
G1 X5 Y193.8 F9000 ; present print
G1 Z81.01 F600 ; Move print head further up
G1 Z144.01 F600 ; Move print head further up
M140 S0 ; turn off heatbed
M104 S0 ; turn off temperature
M107 ; turn off fan
M84 X Y E ; disable motors
; objects_info = {"objects":[{"name":"Auto_modifiedZ_NAS_979_0.2.stl id:0 copy 0","polygon":[[115.702,96.750],[134.450,96.750],[134.450,134.250],[96.750,134.250],[96.750,115.702],[96.548,115.500],[96.750,115.298],[96.750,96.750]]}]}
; filament used [mm] = 2458.80
; filament used [cm3] = 5.91
; filament used [g] = 7.33
; filament cost = 0.15
; total filament used [g] = 7.33
; total filament cost = 0.15
; total filament used for wipe tower [g] = 0.00
; estimated printing time (normal mode) = 50m 24s
; estimated first layer printing time (normal mode) = 3m 52s

; prusaslicer_config = begin
; arc_fitting = disabled
; autoemit_temperature_commands = 1
; automatic_extrusion_widths = 0
; automatic_infill_combination = 0
; automatic_infill_combination_max_layer_height = 100%
; avoid_crossing_curled_overhangs = 0
; avoid_crossing_perimeters = 0
; avoid_crossing_perimeters_max_detour = 0
; bed_custom_model = 
; bed_custom_texture = 
; bed_shape = 3x3,228x3,228x228,3x228
; bed_temperature = 60
; bed_temperature_extruder = 0
; before_layer_gcode = ;BEFORE_LAYER_CHANGE\nG92 E0\n;{layer_z}\n\n
; between_objects_gcode = 
; binary_gcode = 0
; bottom_fill_pattern = monotonic
; bottom_solid_layers = 3
; bottom_solid_min_thickness = 0
; bridge_acceleration = 250
; bridge_angle = 0
; bridge_fan_speed = 100
; bridge_flow_ratio = 0.95
; bridge_speed = 25
; brim_separation = 0
; brim_type = outer_only
; brim_width = 0
; chamber_minimal_temperature = 0
; chamber_temperature = 0
; color_change_gcode = M600
; colorprint_heights = 
; compatible_printers_condition_cummulative = "printer_model=~/(ENDER|CR|SERMOON).*/ and nozzle_diameter[0]==0.4";printer_notes=~/.*PRINTER_VENDOR_CREALITY.*/
; complete_objects = 0
; cooling = 1
; cooling_perimeter_transition_distance = 0
; cooling_slowdown_logic = uniform_cooling
; cooling_tube_length = 5
; cooling_tube_retraction = 91.5
; custom_parameters_filament = ""
; custom_parameters_print = 
; custom_parameters_printer = 
; default_acceleration = 500
; default_filament_profile = "Generic PLA @CREALITY"
; default_print_profile = "0.16 mm OPTIMAL (0.4 mm nozzle) @CREALITY"
; deretract_speed = 40
; disable_fan_first_layers = 1
; dont_support_bridges = 1
; draft_shield = disabled
; duplicate_distance = 6
; elefant_foot_compensation = 0.1
; enable_dynamic_fan_speeds = 0
; enable_dynamic_overhang_speeds = 0
; end_filament_gcode = "; Filament-specific end gcode \n;END gcode for filament\n"
; end_gcode = {if max_layer_z < max_print_height}G1 Z{z_offset+min(max_layer_z+2, max_print_height)} F600 ; Move print head up{endif}\nG1 X5 Y{print_bed_max[1]*0.85} F{travel_speed*60} ; present print\n{if max_layer_z < max_print_height-10}G1 Z{z_offset+min(max_layer_z+70, max_print_height-10)} F600 ; Move print head further up{endif}\n{if max_layer_z < max_print_height*0.6}G1 Z{max_print_height*0.6} F600 ; Move print head further up{endif}\nM140 S0 ; turn off heatbed\nM104 S0 ; turn off temperature\nM107 ; turn off fan\nM84 X Y E ; disable motors
; ensure_vertical_shell_thickness = enabled
; external_perimeter_acceleration = 0
; external_perimeter_extrusion_width = 0.42
; external_perimeter_speed = 25
; external_perimeters_first = 0
; extra_loading_move = -2
; extra_perimeters = 0
; extra_perimeters_on_overhangs = 0
; extruder_clearance_height = 25
; extruder_clearance_radius = 55
; extruder_colour = #FCE94F
; extruder_offset = 0x0
; extrusion_axis = E
; extrusion_multiplier = 1
; extrusion_width = 0.44
; fan_always_on = 1
; fan_below_layer_time = 100
; filament_abrasive = 0
; filament_colour = #DDDDDD
; filament_cooling_final_speed = 3.4
; filament_cooling_initial_speed = 2.2
; filament_cooling_moves = 4
; filament_cost = 20
; filament_density = 1.24
; filament_deretract_speed = nil
; filament_diameter = 1.75
; filament_infill_max_crossing_speed = 0
; filament_infill_max_speed = 0
; filament_load_time = 0
; filament_loading_speed = 28
; filament_loading_speed_start = 3
; filament_max_volumetric_speed = 15
; filament_minimal_purge_on_wipe_tower = 15
; filament_multitool_ramming = 0
; filament_multitool_ramming_flow = 10
; filament_multitool_ramming_volume = 10
; filament_notes = ""
; filament_purge_multiplier = 100%
; filament_ramming_parameters = "120 100 6.6 6.8 7.2 7.6 7.9 8.2 8.7 9.4 9.9 10.0| 0.05 6.6 0.45 6.8 0.95 7.8 1.45 8.3 1.95 9.7 2.45 10 2.95 7.6 3.45 7.6 3.95 7.6 4.45 7.6 4.95 7.6"
; filament_retract_before_travel = nil
; filament_retract_before_wipe = nil
; filament_retract_layer_change = nil
; filament_retract_length = nil
; filament_retract_length_toolchange = nil
; filament_retract_lift = nil
; filament_retract_lift_above = nil
; filament_retract_lift_below = nil
; filament_retract_restart_extra = nil
; filament_retract_restart_extra_toolchange = nil
; filament_retract_speed = nil
; filament_seam_gap_distance = nil
; filament_settings_id = "Generic PLA @CREALITY"
; filament_shrinkage_compensation_xy = 0%
; filament_shrinkage_compensation_z = 0%
; filament_soluble = 0
; filament_spool_weight = 0
; filament_stamping_distance = 0
; filament_stamping_loading_speed = 20
; filament_toolchange_delay = 0
; filament_travel_lift_before_obstacle = nil
; filament_travel_max_lift = nil
; filament_travel_ramping_lift = nil
; filament_travel_slope = nil
; filament_type = PLA
; filament_unload_time = 0
; filament_unloading_speed = 90
; filament_unloading_speed_start = 100
; filament_vendor = Generic
; filament_wipe = nil
; fill_angle = 45
; fill_density = 20%
; fill_pattern = grid
; first_layer_acceleration = 0
; first_layer_acceleration_over_raft = 0
; first_layer_bed_temperature = 60
; first_layer_extrusion_width = 0.42
; first_layer_height = 0.2
; first_layer_infill_speed = 0
; first_layer_speed = 20
; first_layer_speed_over_raft = 30
; first_layer_temperature = 210
; full_fan_speed_layer = 0
; fuzzy_skin = none
; fuzzy_skin_point_dist = 0.8
; fuzzy_skin_thickness = 0.3
; gap_fill_enabled = 1
; gap_fill_speed = 30
; gcode_comments = 0
; gcode_flavor = marlin
; gcode_label_objects = octoprint
; gcode_resolution = 0.0125
; gcode_substitutions = 
; high_current_on_filament_swap = 0
; host_type = prusalink
; idle_temperature = 150
; infill_acceleration = 0
; infill_anchor = 600%
; infill_anchor_max = 50
; infill_every_layers = 1
; infill_extruder = 1
; infill_extrusion_width = 0.44
; infill_first = 0
; infill_overlap = 23%
; infill_speed = 50
; inherits_cummulative = "0.20 mm NORMAL (0.4 mm nozzle) @CREALITY";;
; interface_shells = 0
; interlocking_beam = 0
; interlocking_beam_layer_count = 2
; interlocking_beam_width = 0.8
; interlocking_boundary_avoidance = 2
; interlocking_depth = 2
; interlocking_orientation = 22.5
; ironing = 0
; ironing_flowrate = 10%
; ironing_spacing = 0.1
; ironing_speed = 20
; ironing_type = top
; layer_gcode = ;AFTER_LAYER_CHANGE\n;{layer_z}
; layer_height = 0.2
; machine_limits_usage = emit_to_gcode
; machine_max_acceleration_e = 5000
; machine_max_acceleration_extruding = 500
; machine_max_acceleration_retracting = 1000
; machine_max_acceleration_travel = 500
; machine_max_acceleration_x = 500
; machine_max_acceleration_y = 500
; machine_max_acceleration_z = 100
; machine_max_feedrate_e = 60
; machine_max_feedrate_x = 500
; machine_max_feedrate_y = 500
; machine_max_feedrate_z = 10
; machine_max_jerk_e = 5
; machine_max_jerk_x = 8
; machine_max_jerk_y = 8
; machine_max_jerk_z = 0.4
; machine_max_junction_deviation = 0,0
; machine_min_extruding_rate = 0
; machine_min_travel_rate = 0
; max_fan_speed = 100
; max_layer_height = 0.32
; max_print_height = 250
; max_print_speed = 100
; max_volumetric_extrusion_rate_slope_negative = 0
; max_volumetric_extrusion_rate_slope_positive = 0
; max_volumetric_speed = 0
; min_bead_width = 85%
; min_fan_speed = 100
; min_feature_size = 25%
; min_layer_height = 0.06
; min_print_speed = 15
; min_skirt_length = 4
; mmu_segmented_region_interlocking_depth = 0
; mmu_segmented_region_max_width = 0
; multimaterial_purging = 140
; notes = 
; nozzle_diameter = 0.4
; nozzle_high_flow = 0
; only_one_perimeter_first_layer = 0
; only_retract_when_crossing_perimeters = 0
; ooze_prevention = 0
; output_filename_format = {input_filename_base}_{print_time}_{digits(layer_height,1,2)}mm_{temperature[0]}C_{filament_type[0]}_{printer_model}.gcode
; over_bridge_speed = 0
; overhang_fan_speed_0 = 0
; overhang_fan_speed_1 = 0
; overhang_fan_speed_2 = 0
; overhang_fan_speed_3 = 0
; overhang_speed_0 = 15
; overhang_speed_1 = 15
; overhang_speed_2 = 20
; overhang_speed_3 = 25
; overhangs = 1
; parking_pos_retraction = 92
; pause_print_gcode = 
; perimeter_acceleration = 0
; perimeter_extruder = 1
; perimeter_extrusion_width = 0.44
; perimeter_generator = arachne
; perimeter_speed = 40
; perimeters = 3
; physical_printer_settings_id = 
; post_process = 
; prefer_clockwise_movements = 0
; print_settings_id = 0.20 mm NORMAL (0.4 mm nozzle) @CREALITY - Copy
; printer_model = ENDER3
; printer_notes = Don't remove the following keywords! These keywords are used in the "compatible printer" condition of the print and filament profiles to link the particular print and filament profiles to this printer profile.\nPRINTER_VENDOR_CREALITY\nPRINTER_MODEL_ENDER3\nPRINTER_HAS_BOWDEN
; printer_settings_id = Creality Ender-3 (0.4 mm nozzle)
; printer_technology = FFF
; printer_variant = 0.4
; printer_vendor = 
; profile_vendor = Creality
; profile_version = 1.1.0
; raft_contact_distance = 0.1
; raft_expansion = 1.5
; raft_first_layer_density = 90%
; raft_first_layer_expansion = 3
; raft_layers = 0
; remaining_times = 0
; resolution = 0
; retract_before_travel = 2
; retract_before_wipe = 70%
; retract_layer_change = 1
; retract_length = 5
; retract_length_toolchange = 1
; retract_lift = 0
; retract_lift_above = 0.2
; retract_lift_below = 0
; retract_restart_extra = 0
; retract_restart_extra_toolchange = 0
; retract_speed = 60
; scarf_seam_entire_loop = 0
; scarf_seam_length = 20
; scarf_seam_max_segment_length = 1
; scarf_seam_on_inner_perimeters = 0
; scarf_seam_only_on_smooth = 1
; scarf_seam_placement = nowhere
; scarf_seam_start_height = 0%
; seam_gap_distance = 15%
; seam_position = nearest
; silent_mode = 0
; single_extruder_multi_material = 0
; single_extruder_multi_material_priming = 0
; skirt_distance = 3
; skirt_height = 2
; skirts = 1
; slice_closing_radius = 0.049
; slicing_mode = regular
; slowdown_below_layer_time = 20
; small_perimeter_speed = 25
; solid_infill_acceleration = 0
; solid_infill_below_area = 0
; solid_infill_every_layers = 0
; solid_infill_extruder = 1
; solid_infill_extrusion_width = 0.44
; solid_infill_speed = 40
; spiral_vase = 0
; staggered_inner_seams = 0
; standby_temperature_delta = -5
; start_filament_gcode = "; Filament gcode\n"
; start_gcode = G90 ; use absolute coordinates\nM83 ; extruder relative mode\nM104 S{is_nil(idle_temperature[0]) ? 150 : idle_temperature[0]} ; set temporary nozzle temp to prevent oozing during homing\nM140 S{first_layer_bed_temperature[0]} ; set final bed temp\nG4 S30 ; allow partial nozzle warmup\nG28 ; home all axis\nG1 Z50 F240\nG1 X2.0 Y10 F3000\nM104 S{first_layer_temperature[0]} ; set final nozzle temp\nM190 S{first_layer_bed_temperature[0]} ; wait for bed temp to stabilize\nM109 S{first_layer_temperature[0]} ; wait for nozzle temp to stabilize\nG1 Z0.28 F240\nG92 E0\nG1 X2.0 Y140 E10 F1500 ; prime the nozzle\nG1 X2.3 Y140 F5000\nG92 E0\nG1 X2.3 Y10 E10 F1200 ; prime the nozzle\nG92 E0
; support_material = 0
; support_material_angle = 0
; support_material_auto = 0
; support_material_bottom_contact_distance = 0
; support_material_bottom_interface_layers = -1
; support_material_buildplate_only = 0
; support_material_closing_radius = 2
; support_material_contact_distance = 0.15
; support_material_enforce_layers = 0
; support_material_extruder = 0
; support_material_extrusion_width = 0.36
; support_material_interface_contact_loops = 0
; support_material_interface_extruder = 0
; support_material_interface_layers = 2
; support_material_interface_pattern = rectilinear
; support_material_interface_spacing = 0.2
; support_material_interface_speed = 100%
; support_material_pattern = rectilinear
; support_material_spacing = 1
; support_material_speed = 40
; support_material_style = grid
; support_material_synchronize_layers = 0
; support_material_threshold = 40
; support_material_with_sheath = 0
; support_material_xy_spacing = 60%
; support_tree_angle = 40
; support_tree_angle_slow = 25
; support_tree_branch_diameter = 2
; support_tree_branch_diameter_angle = 5
; support_tree_branch_diameter_double_wall = 3
; support_tree_branch_distance = 1
; support_tree_tip_diameter = 0.8
; support_tree_top_rate = 15%
; temperature = 205
; template_custom_gcode = 
; thick_bridges = 1
; thin_walls = 0
; thumbnails = 
; thumbnails_format = PNG
; toolchange_gcode = 
; top_fill_pattern = monotonic
; top_infill_extrusion_width = 0.4
; top_one_perimeter_type = none
; top_solid_infill_acceleration = 0
; top_solid_infill_speed = 30
; top_solid_layers = 3
; top_solid_min_thickness = 0
; travel_acceleration = 0
; travel_lift_before_obstacle = 0
; travel_max_lift = 0
; travel_ramping_lift = 0
; travel_short_distance_acceleration = 0
; travel_slope = 0
; travel_speed = 150
; travel_speed_z = 0
; use_firmware_retraction = 0
; use_relative_e_distances = 1
; use_volumetric_e = 0
; variable_layer_height = 1
; wall_distribution_count = 1
; wall_transition_angle = 10
; wall_transition_filter_deviation = 25%
; wall_transition_length = 100%
; wipe = 1
; wipe_into_infill = 0
; wipe_into_objects = 0
; wipe_tower = 0
; wipe_tower_acceleration = 0
; wipe_tower_bridging = 10
; wipe_tower_brim_width = 2
; wipe_tower_cone_angle = 0
; wipe_tower_extra_flow = 100%
; wipe_tower_extra_spacing = 100%
; wipe_tower_extruder = 0
; wipe_tower_no_sparse_layers = 0
; wipe_tower_width = 60
; wiping_volumes_matrix = 0
; wiping_volumes_use_custom_matrix = 0
; xy_size_compensation = 0
; z_offset = 0
; prusaslicer_config = end
