; generated by PrusaSlicer 2.9.4 on 2026-07-13 at 05:36:55 UTC

; 

; external perimeters extrusion width = 0.42mm
; perimeters extrusion width = 0.44mm
; infill extrusion width = 0.44mm
; solid infill extrusion width = 0.44mm
; top infill extrusion width = 0.40mm
; first layer extrusion width = 0.42mm

M201 X500 Y500 Z100 E5000 ; sets maximum accelerations, mm/sec^2
M203 X500 Y500 Z10 E60 ; sets maximum feedrates, mm / sec
M204 S500 T1000 ; sets acceleration (S) and retract acceleration (R), mm/sec^2
M205 X8.00 Y8.00 Z0.40 E5.00 ; sets the jerk limits, mm/sec
M205 S0 T0 ; sets the minimum extruding and travel feed rate, mm/sec

; printing object Auto_modifiedZ_nut_6x9_0.2.stl id:0 copy 0
; stop printing object Auto_modifiedZ_nut_6x9_0.2.stl id:0 copy 0

;TYPE:Custom
G90 ; use absolute coordinates
M83 ; extruder relative mode
M104 S150 ; set temporary nozzle temp to prevent oozing during homing
M140 S60 ; set final bed temp
G4 S30 ; allow partial nozzle warmup
G28 ; home all axis
G1 Z50 F240
G1 X2.0 Y10 F3000
M104 S210 ; set final nozzle temp
M190 S60 ; wait for bed temp to stabilize
M109 S210 ; wait for nozzle temp to stabilize
G1 Z0.28 F240
G92 E0
G1 X2.0 Y140 E10 F1500 ; prime the nozzle
G1 X2.3 Y140 F5000
G92 E0
G1 X2.3 Y10 E10 F1200 ; prime the nozzle
G92 E0
G21 ; set units to millimeters
G90 ; use absolute coordinates
M83 ; use relative distances for extrusion
; Filament gcode
M107
;LAYER_CHANGE
;Z:0.2
;HEIGHT:0.2
G1 E-5 F3600
G1 Z.2 F9000
G1 X105.337 Y105.065
G1 E5 F2400
M204 S500
;TYPE:Skirt/Brim
;WIDTH:0.42
G1 F1200
G1 X106.479 Y104.065 E.04759
G1 X107.429 Y103.376 E.0368
G1 X109.036 Y102.448 E.05818
G1 X110.23 Y101.921 E.04092
G1 X111.541 Y101.483 E.04334
G1 X112.826 Y101.183 E.04137
G1 X113.943 Y101.046 E.03529
G1 X117.057 Y101.046 E.09764
G1 X118.315 Y101.209 E.03977
G1 X119.786 Y101.58 E.04757
G1 X120.892 Y101.97 E.03677
G1 X122.57 Y102.766 E.05823
G1 X123.691 Y103.456 E.04127
G1 X124.79 Y104.281 E.04309
G1 X125.764 Y105.167 E.04128
G1 X126.837 Y106.363 E.05038
G1 X127.392 Y107.167 E.03063
G1 X128.796 Y109.622 E.08867
G1 X129.236 Y110.657 E.03526
G1 X129.581 Y111.778 E.03678
G1 X129.893 Y113.263 E.04758
G1 X130.035 Y114.572 E.04128
G1 X130.063 Y115.744 E.03676
G1 X129.913 Y117.595 E.05823
G1 X129.618 Y119.083 E.04756
G1 X129.081 Y120.75 E.05491
G1 X128.663 Y121.633 E.03063
G1 X127.392 Y123.833 E.07966
G1 X126.838 Y124.637 E.03061
G1 X125.764 Y125.833 E.0504
G1 X123.974 Y127.346 E.07349
G1 X122.87 Y128.064 E.04129
G1 X121.522 Y128.761 E.04758
G1 X119.809 Y129.413 E.05747
G1 X118.652 Y129.719 E.03752
G1 X116.77 Y129.966 E.05951
G1 X114.23 Y129.966 E.07964
G1 X113.256 Y129.887 E.03064
G1 X111.683 Y129.556 E.0504
G1 X110.564 Y129.203 E.03679
G1 X109.347 Y128.702 E.04127
G1 X108.13 Y128.064 E.04308
G1 X107.143 Y127.43 E.03678
G1 X106.101 Y126.626 E.04127
G1 X104.762 Y125.34 E.05821
G1 X103.99 Y124.407 E.03797
G1 X102.204 Y121.378 E.11025
G1 X101.764 Y120.343 E.03526
G1 X101.382 Y119.083 E.04128
G1 X101.107 Y117.737 E.04307
G1 X100.965 Y116.428 E.04128
G1 X100.937 Y115.256 E.03676
G1 X101.087 Y113.405 E.05823
G1 X101.609 Y111.12 E.07349
G1 X102.337 Y109.367 E.05952
G1 X103.608 Y107.167 E.07966
G1 X104.162 Y106.363 E.03061
G1 X105.297 Y105.11 E.05301
G1 X105.576 Y105.362 F9000
G1 F1200
G1 X105.599 Y105.337 E.00107
G1 X106.706 Y104.367 E.04615
G1 X107.63 Y103.695 E.03582
G1 X109.212 Y102.782 E.05727
G1 X110.364 Y102.274 E.03948
G1 X111.646 Y101.845 E.04239
G1 X112.887 Y101.555 E.03996
G1 X113.973 Y101.422 E.03431
G1 X117.027 Y101.422 E.09576
G1 X118.24 Y101.578 E.03835
G1 X119.667 Y101.938 E.04614
G1 X120.745 Y102.317 E.03583
G1 X122.395 Y103.1 E.05726
G1 X123.477 Y103.766 E.03984
G1 X124.551 Y104.573 E.04212
G1 X125.492 Y105.428 E.03986
G1 X126.545 Y106.602 E.04945
G1 X127.066 Y107.356 E.02874
G1 X128.456 Y109.783 E.08769
G1 X128.883 Y110.79 E.0343
G1 X129.219 Y111.883 E.03585
G1 X129.521 Y113.323 E.04613
G1 X129.658 Y114.587 E.03986
G1 X129.686 Y115.729 E.03582
G1 X129.539 Y117.549 E.05725
G1 X129.252 Y118.993 E.04616
G1 X128.729 Y120.617 E.05349
G1 X128.336 Y121.444 E.02871
G1 X127.066 Y123.644 E.07965
G1 X126.545 Y124.398 E.02874
G1 X125.492 Y125.572 E.04945
G1 X123.747 Y127.045 E.0716
G1 X122.681 Y127.737 E.03985
G1 X121.374 Y128.414 E.04615
G1 X119.688 Y129.055 E.05655
G1 X118.562 Y129.353 E.03652
G1 X116.77 Y129.589 E.05667
G1 X114.23 Y129.589 E.07964
G1 X113.316 Y129.515 E.02875
G1 X111.773 Y129.19 E.04944
G1 X110.684 Y128.845 E.03582
G1 X109.508 Y128.362 E.03986
G1 X108.319 Y127.737 E.04212
G1 X107.357 Y127.12 E.03583
G1 X106.351 Y126.344 E.03984
G1 X105.034 Y125.078 E.05728
G1 X104.3 Y124.193 E.03605
G1 X102.544 Y121.217 E.10834
G1 X102.117 Y120.21 E.0343
G1 X101.748 Y118.993 E.03987
G1 X101.479 Y117.677 E.04212
G1 X101.342 Y116.413 E.03986
G1 X101.314 Y115.271 E.03582
G1 X101.461 Y113.451 E.05725
G1 X101.972 Y111.225 E.07161
G1 X102.664 Y109.556 E.05665
G1 X103.934 Y107.356 E.07965
G1 X104.455 Y106.602 E.02874
G1 X105.536 Y105.406 E.05055
G1 E-3.5 F3600
;WIPE_START
G1 F7200
G1 X105.576 Y105.362 E-.02825
G1 X105.599 Y105.337 E-.01614
G1 X106.706 Y104.367 E-.69913
G1 X107.63 Y103.695 E-.5427
G1 X108.02 Y103.47 E-.21378
;WIPE_END
G1 X108.125 Y107.727 F9000
G1 E5 F2400
G1 F1200
G1 X109.321 Y106.748 E.04846
G1 X111.009 Y105.773 E.06112
G1 X112.406 Y105.243 E.04685
G1 X113.263 Y105.022 E.02775
G1 X114.286 Y104.886 E.03236
G1 X116.864 Y104.896 E.08083
G1 X118.236 Y105.145 E.04372
G1 X119.17 Y105.435 E.03066
G1 X120.841 Y106.213 E.05779
G1 X122.383 Y107.291 E.05899
G1 X123.095 Y107.947 E.03036
G1 X123.866 Y108.823 E.03659
G1 X125.336 Y111.308 E.09053
G1 X125.901 Y112.928 E.05379
G1 X126.188 Y114.756 E.05802
G1 X126.189 Y116.221 E.04593
G1 X126.071 Y117.238 E.0321
G1 X125.839 Y118.3 E.03408
G1 X125.465 Y119.406 E.03661
G1 X124.046 Y121.926 E.09068
G1 X122.874 Y123.274 E.05601
G1 X121.662 Y124.264 E.04907
G1 X119.988 Y125.228 E.06057
G1 X118.597 Y125.756 E.04665
G1 X117.739 Y125.978 E.02779
G1 X116.729 Y126.113 E.03195
G1 X114.288 Y126.113 E.07654
G1 X113.589 Y126.039 E.02204
G1 X111.765 Y125.541 E.05928
G1 X110.037 Y124.716 E.06004
G1 X108.615 Y123.708 E.05465
G1 X107.89 Y123.037 E.03097
G1 X106.975 Y121.955 E.04443
G1 X105.659 Y119.682 E.08235
G1 X105.099 Y118.07 E.05351
G1 X104.812 Y116.243 E.05799
G1 X104.811 Y114.779 E.0459
G1 X104.929 Y113.762 E.0321
G1 X105.161 Y112.7 E.03408
G1 X105.535 Y111.594 E.03661
G1 X106.954 Y109.074 E.09068
G1 X108.086 Y107.772 E.0541
G1 X108.369 Y108.018 F9000
G1 F1200
G1 X108.384 Y108.002 E.00069
G1 X109.543 Y107.053 E.04697
G1 X110.332 Y106.549 E.02936
G1 X111.162 Y106.118 E.02932
G1 X112.521 Y105.602 E.04558
G1 X113.346 Y105.39 E.02671
G1 X114.297 Y105.263 E.03008
G1 X116.845 Y105.273 E.07989
G1 X118.157 Y105.513 E.04182
G1 X119.865 Y106.131 E.05695
G1 X121.424 Y107.03 E.05643
G1 X122.819 Y108.204 E.05717
G1 X123.571 Y109.058 E.03568
G1 X125.002 Y111.484 E.08831
G1 X125.534 Y113.015 E.05082
G1 X125.71 Y113.892 E.02805
G1 X125.811 Y114.776 E.0279
G1 X125.812 Y116.202 E.04471
G1 X125.698 Y117.185 E.03103
G1 X125.478 Y118.189 E.03223
G1 X125.114 Y119.269 E.03573
G1 X123.727 Y121.724 E.08841
G1 X122.615 Y122.999 E.05305
G1 X121.44 Y123.959 E.04757
G1 X119.835 Y124.883 E.05807
G1 X118.482 Y125.397 E.04538
G1 X117.655 Y125.61 E.02678
G1 X116.716 Y125.736 E.02971
G1 X114.298 Y125.736 E.07581
G1 X113.64 Y125.666 E.02075
G1 X111.889 Y125.185 E.05694
G1 X111.049 Y124.829 E.02861
G1 X109.534 Y123.941 E.05506
G1 X108.17 Y122.784 E.05608
G1 X107.273 Y121.724 E.04354
G1 X105.995 Y119.51 E.08015
G1 X105.466 Y117.983 E.05067
G1 X105.289 Y117.105 E.02808
G1 X105.189 Y116.223 E.02783
G1 X105.188 Y114.798 E.04468
G1 X105.302 Y113.815 E.03103
G1 X105.522 Y112.811 E.03223
G1 X105.886 Y111.731 E.03573
G1 X107.273 Y109.276 E.08841
G1 X108.329 Y108.064 E.0504
G1 X108.612 Y108.311 F9000
G1 F1200
G1 X108.642 Y108.277 E.00142
G1 X109.765 Y107.358 E.0455
G1 X111.316 Y106.462 E.05616
G1 X112.636 Y105.962 E.04426
G1 X113.429 Y105.758 E.02567
G1 X114.309 Y105.64 E.02784
G1 X116.827 Y105.65 E.07895
G1 X118.076 Y105.882 E.03983
G1 X118.928 Y106.15 E.028
G1 X120.478 Y106.874 E.05364
G1 X121.886 Y107.858 E.05386
G1 X122.542 Y108.46 E.02792
G1 X123.276 Y109.294 E.03483
G1 X124.667 Y111.659 E.08603
G1 X125.167 Y113.102 E.04788
G1 X125.434 Y114.796 E.05377
G1 X125.436 Y116.183 E.04349
G1 X125.325 Y117.132 E.02996
G1 X125.118 Y118.079 E.03039
G1 X124.762 Y119.131 E.03482
G1 X123.409 Y121.521 E.08611
G1 X122.357 Y122.724 E.05011
G1 X121.219 Y123.654 E.04608
G1 X119.683 Y124.538 E.05557
G1 X118.368 Y125.037 E.0441
G1 X117.572 Y125.242 E.02577
G1 X116.704 Y125.359 E.02746
G1 X114.309 Y125.359 E.07509
G1 X113.692 Y125.292 E.01946
G1 X112.028 Y124.834 E.05411
G1 X110.433 Y124.074 E.0554
G1 X109.114 Y123.142 E.05064
G1 X108.45 Y122.531 E.02829
G1 X107.591 Y121.52 E.0416
G1 X106.331 Y119.337 E.07903
G1 X105.833 Y117.896 E.0478
G1 X105.566 Y116.203 E.05374
G1 X105.564 Y114.817 E.04346
G1 X105.675 Y113.868 E.02996
G1 X105.882 Y112.921 E.03039
G1 X106.238 Y111.869 E.03482
G1 X107.591 Y109.479 E.08611
G1 X108.573 Y108.356 E.04677
G1 X108.855 Y108.603 F9000
G1 F1200
G1 X108.9 Y108.552 E.00213
G1 X109.987 Y107.663 E.04403
G1 X110.709 Y107.202 E.02686
G1 X111.469 Y106.807 E.02686
G1 X112.75 Y106.321 E.04296
G1 X114.32 Y106.017 E.05014
G1 X116.808 Y106.027 E.07801
G1 X117.995 Y106.25 E.03787
G1 X119.56 Y106.821 E.05223
G1 X120.992 Y107.648 E.05185
G1 X122.266 Y108.717 E.05214
G1 X122.981 Y109.529 E.03392
G1 X124.332 Y111.833 E.08374
G1 X124.8 Y113.189 E.04498
G1 X124.963 Y113.995 E.02578
G1 X125.058 Y114.816 E.02591
G1 X125.059 Y116.164 E.04227
G1 X124.757 Y117.968 E.05735
G1 X124.411 Y118.993 E.03392
G1 X123.09 Y121.318 E.08384
G1 X122.099 Y122.449 E.04715
G1 X120.997 Y123.349 E.04461
G1 X120.289 Y123.799 E.0263
G1 X118.904 Y124.456 E.04806
G1 X117.489 Y124.874 E.04626
G1 X116.691 Y124.982 E.02525
G1 X114.319 Y124.982 E.07437
G1 X113.745 Y124.918 E.01811
G1 X112.153 Y124.478 E.05179
G1 X111.374 Y124.148 E.02653
G1 X109.981 Y123.333 E.0506
G1 X108.729 Y122.277 E.05135
G1 X107.909 Y121.317 E.03959
G1 X106.666 Y119.164 E.07795
G1 X106.2 Y117.809 E.04493
G1 X106.037 Y117.003 E.02578
G1 X105.942 Y116.183 E.02588
G1 X105.941 Y114.836 E.04223
G1 X106.243 Y113.032 E.05735
G1 X106.589 Y112.007 E.03392
G1 X107.91 Y109.682 E.08384
G1 X108.815 Y108.648 E.04308
G1 X109.097 Y108.896 F9000
G1 F1200
G1 X109.158 Y108.827 E.00289
G1 X110.209 Y107.968 E.04256
G1 X111.622 Y107.152 E.05116
G1 X112.864 Y106.68 E.04166
G1 X113.595 Y106.494 E.02365
G1 X114.332 Y106.394 E.02332
G1 X116.789 Y106.404 E.07704
G1 X117.913 Y106.618 E.03588
G1 X118.684 Y106.863 E.02537
G1 X120.114 Y107.535 E.04954
G1 X121.389 Y108.426 E.04877
G1 X122.685 Y109.765 E.05843
G1 X123.997 Y112.007 E.08145
G1 X124.433 Y113.276 E.04207
G1 X124.681 Y114.836 E.04953
G1 X124.682 Y116.144 E.04101
G1 X124.578 Y117.025 E.02781
G1 X124.396 Y117.857 E.0267
G1 X124.059 Y118.855 E.03303
G1 X122.772 Y121.114 E.08152
G1 X121.841 Y122.174 E.04423
G1 X120.776 Y123.043 E.0431
G1 X119.376 Y123.849 E.05065
G1 X118.139 Y124.319 E.04149
G1 X117.406 Y124.506 E.02372
G1 X116.678 Y124.605 E.02304
G1 X113.799 Y124.545 E.09029
G1 X112.277 Y124.122 E.04953
G1 X110.828 Y123.431 E.05033
G1 X109.611 Y122.574 E.04667
G1 X109.007 Y122.023 E.02563
G1 X108.227 Y121.113 E.03758
G1 X107.002 Y118.991 E.07682
G1 X106.567 Y117.722 E.04206
G1 X106.319 Y116.163 E.0495
G1 X106.318 Y114.856 E.04098
G1 X106.422 Y113.975 E.02781
G1 X106.604 Y113.143 E.0267
G1 X106.941 Y112.145 E.03303
G1 X108.228 Y109.886 E.08152
G1 X109.058 Y108.941 E.03944
G1 X109.339 Y109.189 F9000
G1 F1200
G1 X109.416 Y109.102 E.00364
G1 X109.905 Y108.672 E.02042
G1 X111.086 Y107.855 E.04503
G1 X111.776 Y107.496 E.02439
G1 X112.978 Y107.04 E.04031
G1 X114.344 Y106.772 E.04365
G1 X116.769 Y106.781 E.07603
G1 X117.83 Y106.986 E.03388
G1 X119.254 Y107.51 E.04758
G1 X120.547 Y108.257 E.04682
G1 X121.713 Y109.231 E.04764
G1 X122.39 Y110 E.03212
G1 X123.662 Y112.18 E.07914
G1 X124.065 Y113.363 E.03919
G1 X124.216 Y114.098 E.02353
G1 X124.305 Y114.857 E.02396
G1 X124.306 Y116.125 E.03976
G1 X124.036 Y117.747 E.05156
G1 X123.708 Y118.717 E.03211
G1 X122.455 Y120.91 E.07919
G1 X121.583 Y121.898 E.04132
G1 X120.554 Y122.738 E.04165
G1 X119.913 Y123.146 E.02382
G1 X118.637 Y123.751 E.04428
G1 X117.323 Y124.138 E.04295
G1 X116.665 Y124.228 E.02082
G1 X113.853 Y124.172 E.08819
G1 X112.402 Y123.767 E.04723
G1 X111.699 Y123.467 E.02397
G1 X110.427 Y122.725 E.04617
G1 X109.285 Y121.767 E.04674
G1 X108.544 Y120.909 E.03555
G1 X107.338 Y118.819 E.07566
G1 X106.934 Y117.635 E.03923
G1 X106.781 Y116.884 E.02403
G1 X106.695 Y116.142 E.02342
G1 X106.694 Y114.875 E.03973
G1 X106.964 Y113.253 E.05156
G1 X107.292 Y112.283 E.03211
G1 X108.545 Y110.09 E.07919
G1 X109.3 Y109.234 E.03579
G1 X109.581 Y109.483 F9000
G1 F1200
G1 X109.674 Y109.377 E.00442
G1 X110.652 Y108.578 E.0396
G1 X111.929 Y107.841 E.04623
G1 X113.092 Y107.399 E.03901
G1 X113.76 Y107.23 E.0216
G1 X114.355 Y107.149 E.01883
G1 X116.75 Y107.158 E.07509
G1 X118.438 Y107.576 E.05452
G1 X119.75 Y108.195 E.04549
G1 X120.894 Y108.995 E.04377
G1 X122.095 Y110.235 E.05413
G1 X123.326 Y112.353 E.07681
G1 X123.698 Y113.45 E.03632
G1 X123.928 Y114.878 E.04535
G1 X123.929 Y116.105 E.03847
G1 X123.831 Y116.917 E.02564
G1 X123.357 Y118.579 E.05419
G1 X122.137 Y120.706 E.07688
G1 X121.325 Y121.623 E.0384
G1 X120.333 Y122.432 E.04014
G1 X119.07 Y123.16 E.04571
G1 X117.91 Y123.6 E.0389
G1 X117.241 Y123.77 E.02164
G1 X116.652 Y123.851 E.01864
G1 X113.908 Y123.799 E.08605
G1 X112.528 Y123.411 E.04495
G1 X111.223 Y122.788 E.04534
G1 X110.106 Y122.005 E.04277
G1 X109.562 Y121.512 E.02302
G1 X108.862 Y120.704 E.03352
G1 X107.674 Y118.646 E.07451
G1 X107.301 Y117.548 E.03636
G1 X107.072 Y116.122 E.04528
G1 X107.071 Y114.895 E.03847
G1 X107.169 Y114.083 E.02564
G1 X107.643 Y112.421 E.05419
G1 X108.863 Y110.294 E.07688
G1 X109.541 Y109.528 E.03207
G1 X109.84 Y109.817 F9000
G1 F1200
G1 X110.382 Y109.256 E.02446
G1 X111.463 Y108.508 E.04122
G1 X112.083 Y108.185 E.02192
G1 X113.206 Y107.759 E.03766
G1 X114.367 Y107.526 E.03713
G1 X116.729 Y107.535 E.07406
G1 X117.661 Y107.722 E.0298
G1 X118.946 Y108.199 E.04298
G1 X120.128 Y108.884 E.04283
G1 X121.162 Y109.745 E.04219
G1 X121.799 Y110.47 E.03026
G1 X122.99 Y112.526 E.0745
G1 X123.332 Y113.538 E.03349
G1 X123.469 Y114.203 E.02129
G1 X123.551 Y114.899 E.02197
G1 X123.552 Y116.086 E.03722
G1 X123.314 Y117.526 E.04576
G1 X123.005 Y118.441 E.03028
G1 X121.82 Y120.501 E.07451
G1 X120.606 Y121.754 E.0547
G1 X119.536 Y122.493 E.04077
G1 X118.369 Y123.046 E.04049
G1 X117.158 Y123.402 E.03958
G1 X116.639 Y123.474 E.01643
G1 X113.964 Y123.426 E.08389
G1 X112.653 Y123.055 E.04272
G1 X112.023 Y122.787 E.02147
G1 X110.872 Y122.116 E.04177
G1 X109.839 Y121.255 E.04216
G1 X109.179 Y120.5 E.03144
G1 X108.01 Y118.474 E.07334
G1 X107.668 Y117.461 E.03352
G1 X107.528 Y116.78 E.0218
G1 X107.449 Y116.101 E.02143
G1 X107.448 Y114.914 E.03722
G1 X107.686 Y113.474 E.04576
G1 X107.995 Y112.559 E.03028
G1 X109.18 Y110.499 E.07451
G1 X109.798 Y109.86 E.02787
G1 X110.05 Y110.085 F9000
G1 F1200
G1 X110.19 Y109.928 E.0066
G1 X111.095 Y109.188 E.03665
G1 X112.237 Y108.529 E.04134
G1 X113.924 Y107.966 E.05576
G1 X114.379 Y107.903 E.0144
G1 X116.709 Y107.912 E.07306
G1 X118.19 Y108.289 E.04792
G1 X119.384 Y108.855 E.04143
G1 X120.401 Y109.565 E.03889
G1 X121.504 Y110.705 E.04974
G1 X122.654 Y112.698 E.07215
G1 X122.965 Y113.625 E.03066
G1 X123.175 Y114.921 E.04117
G1 X123.176 Y116.066 E.0359
G1 X123.09 Y116.776 E.02242
G1 X122.654 Y118.302 E.04976
G1 X121.504 Y120.295 E.07215
G1 X120.81 Y121.072 E.03267
G1 X119.891 Y121.821 E.03717
G1 X118.763 Y122.471 E.04082
G1 X117.076 Y123.034 E.05576
G1 X116.626 Y123.097 E.01425
G1 X114.022 Y123.053 E.08166
G1 X112.779 Y122.7 E.04051
G1 X111.616 Y122.145 E.0404
G1 X110.599 Y121.435 E.03889
G1 X109.496 Y120.295 E.04974
G1 X108.346 Y118.302 E.07215
G1 X108.035 Y117.374 E.03069
G1 X107.825 Y116.079 E.04113
G1 X107.824 Y114.934 E.0359
G1 X107.91 Y114.224 E.02242
G1 X108.346 Y112.698 E.04976
G1 X109.496 Y110.705 E.07215
G1 X110.01 Y110.13 E.02418
G1 X110.3 Y110.413 F9000
G1 F1200
G1 X110.87 Y109.831 E.02554
G1 X111.84 Y109.161 E.03696
G1 X112.897 Y108.659 E.03669
G1 X114.392 Y108.28 E.04836
G1 X116.688 Y108.289 E.07199
G1 X117.486 Y108.456 E.02556
G1 X118.638 Y108.887 E.03857
G1 X119.684 Y109.494 E.03792
G1 X120.611 Y110.261 E.03772
G1 X121.187 Y110.911 E.02723
G1 X122.318 Y112.869 E.0709
G1 X122.722 Y114.309 E.04689
G1 X122.799 Y116.047 E.05455
G1 X122.592 Y117.307 E.04004
G1 X122.318 Y118.131 E.02723
G1 X121.187 Y120.089 E.0709
G1 X120.129 Y121.17 E.04743
G1 X119.146 Y121.847 E.03742
G1 X118.101 Y122.341 E.03624
G1 X116.994 Y122.666 E.03617
G1 X116.612 Y122.72 E.0121
G1 X114.08 Y122.68 E.0794
G1 X112.919 Y122.349 E.03785
G1 X112.361 Y122.112 E.01901
G1 X111.316 Y121.506 E.03788
G1 X110.389 Y120.739 E.03772
G1 X109.813 Y120.089 E.02723
G1 X108.682 Y118.131 E.0709
G1 X108.275 Y116.675 E.0474
G1 X108.201 Y114.953 E.05404
G1 X108.408 Y113.693 E.04004
G1 X108.682 Y112.869 E.02723
G1 X109.813 Y110.911 E.0709
G1 X110.258 Y110.456 E.01995
G1 X110.516 Y110.689 F9000
G1 F1200
G1 X110.705 Y110.479 E.00886
G1 X111.537 Y109.8 E.03367
G1 X112.545 Y109.218 E.03649
G1 X114.089 Y108.702 E.05104
G1 X116.667 Y108.666 E.08084
G1 X117.94 Y109 E.04126
G1 X118.992 Y109.499 E.03651
G1 X119.909 Y110.137 E.03503
G1 X120.87 Y111.117 E.04304
G1 X121.981 Y113.041 E.06966
G1 X122.231 Y113.8 E.02506
G1 X122.422 Y114.965 E.03702
G1 X122.349 Y116.637 E.05247
G1 X121.981 Y117.959 E.04303
G1 X120.87 Y119.883 E.06966
G1 X120.295 Y120.52 E.02691
G1 X119.45 Y121.209 E.03419
G1 X118.455 Y121.782 E.036
G1 X116.911 Y122.298 E.05104
G1 X114.141 Y122.308 E.08685
G1 X113.045 Y121.994 E.03575
G1 X112.008 Y121.501 E.036
G1 X111.091 Y120.863 E.03503
G1 X110.13 Y119.883 E.04304
G1 X109.019 Y117.959 E.06966
G1 X108.769 Y117.2 E.02506
G1 X108.578 Y116.035 E.03702
G1 X108.651 Y114.363 E.05247
G1 X109.019 Y113.041 E.04303
G1 X110.13 Y111.117 E.06966
G1 X110.475 Y110.734 E.01616
G1 X110.755 Y111.011 F9000
G1 F1200
G1 X111.347 Y110.415 E.02634
G1 X112.217 Y109.814 E.03315
G1 X113.178 Y109.359 E.03334
G1 X114.417 Y109.034 E.04016
G1 X116.645 Y109.043 E.06986
G1 X117.306 Y109.188 E.02122
G1 X118.314 Y109.568 E.03378
G1 X119.242 Y110.105 E.03362
G1 X120.065 Y110.782 E.03341
G1 X120.554 Y111.323 E.02287
G1 X121.645 Y113.212 E.0684
G1 X121.978 Y114.432 E.03965
G1 X122.046 Y116.008 E.04946
G1 X121.869 Y117.094 E.0345
G1 X121.645 Y117.788 E.02287
G1 X120.554 Y119.677 E.0684
G1 X119.653 Y120.585 E.04011
G1 X118.783 Y121.186 E.03315
G1 X117.834 Y121.636 E.03293
G1 X116.829 Y121.93 E.03283
G1 X114.203 Y121.936 E.08234
G1 X113.172 Y121.639 E.03364
G1 X111.758 Y120.895 E.0501
G1 X110.935 Y120.218 E.03341
G1 X110.446 Y119.677 E.02287
G1 X109.355 Y117.788 E.0684
G1 X109.022 Y116.568 E.03965
G1 X108.954 Y114.992 E.04946
G1 X109.131 Y113.906 E.0345
G1 X109.355 Y113.212 E.02287
G1 X110.446 Y111.323 E.0684
G1 X110.713 Y111.054 E.01188
G1 X110.976 Y111.296 F9000
G1 F1200
G1 X111.219 Y111.031 E.01127
G1 X111.979 Y110.411 E.03075
G1 X112.854 Y109.906 E.03168
G1 X114.254 Y109.438 E.04628
G1 X116.622 Y109.42 E.07425
G1 X117.688 Y109.711 E.03465
G1 X118.601 Y110.145 E.0317
G1 X119.419 Y110.711 E.03119
G1 X120.238 Y111.53 E.03632
G1 X121.308 Y113.382 E.06706
G1 X121.506 Y114.009 E.02062
G1 X121.669 Y115.01 E.0318
G1 X121.607 Y116.5 E.04676
G1 X121.308 Y117.618 E.03629
G1 X120.238 Y119.47 E.06706
G1 X119.781 Y119.969 E.02122
G1 X119.021 Y120.589 E.03075
G1 X118.146 Y121.094 E.03168
G1 X116.746 Y121.562 E.04628
G1 X114.268 Y121.564 E.0777
G1 X113.313 Y121.289 E.03116
G1 X112.399 Y120.856 E.03171
G1 X111.581 Y120.289 E.03121
G1 X110.762 Y119.47 E.03632
G1 X109.692 Y117.618 E.06706
G1 X109.494 Y116.991 E.02062
G1 X109.331 Y115.99 E.0318
G1 X109.393 Y114.5 E.04676
G1 X109.692 Y113.382 E.03629
G1 X110.762 Y111.53 E.06706
G1 X110.936 Y111.34 E.00808
; printing object Auto_modifiedZ_nut_6x9_0.2.stl id:0 copy 0
G1 X111.581 Y112.313 F9000
;TYPE:Perimeter
;WIDTH:0.416725
G1 F1200
G1 X111.953 Y111.926 E.01668
;WIDTH:0.427921
G1 X112.395 Y111.575 E.01807
;WIDTH:0.449615
G1 X113.297 Y111.031 E.03562
G1 X113.824 Y110.809 E.01934
;WIDTH:0.44883
G1 X114.359 Y110.649 E.01885
G1 X114.912 Y110.565 E.01888
;WIDTH:0.421512
G1 X115.446 Y110.541 E.01683
;WIDTH:0.41445
G1 X116.022 Y110.562 E.01781
;WIDTH:0.449917
G1 X116.577 Y110.634 E.01894
G1 X117.115 Y110.788 E.01894
;WIDTH:0.451831
G1 X117.633 Y110.995 E.01897
G1 X118.123 Y111.265 E.01902
;WIDTH:0.445062
G1 X118.58 Y111.586 E.01867
;WIDTH:0.453851
G1 X118.964 Y111.917 E.01732
G1 X119.371 Y112.372 E.02086
;WIDTH:0.435906
G1 X119.685 Y112.834 E.01825
;WIDTH:0.409418
G1 X119.958 Y113.318 E.01693
;WIDTH:0.444912
G1 X120.191 Y113.824 E.01862
;WIDTH:0.453902
G1 X120.338 Y114.307 E.01725
G1 X120.433 Y114.83 E.01817
;WIDTH:0.446386
G1 X120.48 Y115.458 E.02113
;WIDTH:0.448238
G1 X120.455 Y116.026 E.01916
G1 X120.373 Y116.528 E.01714
;WIDTH:0.449858
G1 X120.216 Y117.109 E.02036
G1 X119.987 Y117.626 E.01913
;WIDTH:0.412548
G1 X119.717 Y118.113 E.01711
;WIDTH:0.429454
G1 X119.408 Y118.576 E.01789
;WIDTH:0.449784
G1 X119.047 Y119.001 E.01886
G1 X118.631 Y119.374 E.0189
;WIDTH:0.446699
G1 X118.178 Y119.701 E.01876
;WIDTH:0.449681
G1 X117.692 Y119.976 E.01889
G1 X117.21 Y120.177 E.01766
;WIDTH:0.449011
G1 X116.645 Y120.35 E.01995
G1 X116.088 Y120.435 E.01903
;WIDTH:0.422385
G1 X115.531 Y120.46 E.01759
;WIDTH:0.417632
G1 X114.975 Y120.44 E.01733
;WIDTH:0.448831
G1 X114.423 Y120.365 E.0188
G1 X113.866 Y120.205 E.01956
;WIDTH:0.451831
G1 X113.367 Y120.005 E.01828
G1 X112.877 Y119.735 E.01902
;WIDTH:0.445064
G1 X112.42 Y119.414 E.01867
;WIDTH:0.453853
G1 X112.036 Y119.083 E.01732
G1 X111.629 Y118.628 E.02086
;WIDTH:0.435903
G1 X111.315 Y118.166 E.01825
;WIDTH:0.409417
G1 X111.042 Y117.682 E.01693
;WIDTH:0.451013
G1 X110.789 Y117.123 E.02082
G1 X110.611 Y116.636 E.01759
;WIDTH:0.426409
G1 X110.501 Y116.145 E.01604
;WIDTH:0.406201
G1 X110.434 Y115.58 E.01719
;WIDTH:0.387686
G1 X110.425 Y115.074 E.01451
;WIDTH:0.381197
G1 X110.49 Y114.436 E.01804
;WIDTH:0.353994
G1 X110.605 Y113.921 E.01365
;WIDTH:0.341683
G1 X110.912 Y113.283 E.01759
;WIDTH:0.335969
G1 X111.22 Y112.79 E.01416
;WIDTH:0.382386
G1 X111.542 Y112.359 E.01519
G1 X111.844 Y112.556 F9000
;TYPE:External perimeter
;WIDTH:0.419999
G1 F1200
G1 X112.214 Y112.196 E.01619
G1 X112.627 Y111.877 E.01636
G1 X113.494 Y111.369 E.03151
G1 X113.973 Y111.169 E.01628
G1 X114.468 Y111.025 E.01616
G1 X114.975 Y110.938 E.01613
G1 X115.478 Y110.909 E.0158
G1 X116.003 Y110.936 E.01648
G1 X116.512 Y111.021 E.01618
G1 X117.007 Y111.162 E.01614
G1 X117.483 Y111.358 E.01614
G1 X117.934 Y111.606 E.01614
G1 X118.355 Y111.903 E.01615
G1 X118.74 Y112.245 E.01615
G1 X119.084 Y112.629 E.01616
G1 X119.383 Y113.048 E.01614
G1 X119.633 Y113.498 E.01614
G1 X119.831 Y113.973 E.01614
G1 X119.975 Y114.468 E.01616
G1 X120.066 Y115.126 E.02083
G1 X120.071 Y115.884 E.02377
G1 X119.988 Y116.462 E.01831
G1 X119.838 Y117.005 E.01766
G1 X119.642 Y117.483 E.0162
G1 X119.394 Y117.934 E.01614
G1 X119.097 Y118.355 E.01615
G1 X118.755 Y118.74 E.01615
G1 X118.371 Y119.084 E.01616
G1 X117.952 Y119.383 E.01614
G1 X117.502 Y119.633 E.01614
G1 X116.763 Y119.906 E.0247
G1 X116.025 Y120.062 E.02365
G1 X115.511 Y120.092 E.01614
G1 X114.996 Y120.064 E.01617
G1 X114.488 Y119.979 E.01615
G1 X113.975 Y119.83 E.01675
G1 X113.498 Y119.633 E.01618
G1 X113.048 Y119.383 E.01614
G1 X112.635 Y119.089 E.0159
G1 X112.26 Y118.755 E.01575
G1 X111.916 Y118.371 E.01616
G1 X111.617 Y117.952 E.01614
G1 X111.367 Y117.502 E.01614
G1 X110.981 Y116.545 E.03235
G1 X110.861 Y116.057 E.01576
G1 X110.792 Y115.534 E.01654
G1 X110.782 Y115.002 E.01668
G1 X110.833 Y114.469 E.01679
G1 X110.949 Y113.97 E.01606
G1 X111.209 Y113.424 E.01896
G1 X111.501 Y112.972 E.01687
G1 X111.805 Y112.601 E.01504
G1 X111.45 Y111.912 F9000
;TYPE:Perimeter
;WIDTH:0.420703
G1 F1200
G1 X111.765 Y111.587 E.01422
;WIDTH:0.451136
G1 X112.449 Y111.051 E.0295
;WIDTH:0.451828
G1 X113.216 Y110.615 E.03
G1 X113.758 Y110.406 E.01975
;WIDTH:0.448835
G1 X114.344 Y110.237 E.02058
G1 X114.966 Y110.187 E.02106
;WIDTH:0.416603
G1 X115.515 Y110.182 E.01706
;WIDTH:0.419115
G1 X116.12 Y110.193 E.01893
;WIDTH:0.449681
G1 X116.743 Y110.255 E.02118
G1 X117.324 Y110.436 E.02058
G1 X117.892 Y110.67 E.02078
G1 X118.396 Y110.959 E.01965
;WIDTH:0.446698
G1 X118.823 Y111.266 E.01766
;WIDTH:0.453851
G1 X119.231 Y111.605 E.01813
G1 X119.571 Y111.968 E.01699
;WIDTH:0.45285
G1 X119.733 Y112.216 E.0101
;WIDTH:0.429456
G1 X120.032 Y112.709 E.01853
;WIDTH:0.412546
G1 X120.318 Y113.211 E.01776
;WIDTH:0.449767
G1 X120.604 Y113.769 E.02121
G1 X120.764 Y114.357 E.02062
;WIDTH:0.457451
G1 X120.875 Y115.083 E.02531
G1 X120.881 Y115.543 E.01586
;WIDTH:0.446094
G1 X120.844 Y116.156 E.02059
;WIDTH:0.456135
G1 X120.731 Y116.811 E.02284
G1 X120.551 Y117.353 E.01962
;WIDTH:0.444919
G1 X120.277 Y117.862 E.01932
;WIDTH:0.409419
G1 X119.99 Y118.362 E.01757
;WIDTH:0.452847
G1 X119.586 Y119.015 E.02617
;WIDTH:0.45385
G1 X119.231 Y119.395 E.01777
G1 X118.823 Y119.734 E.01813
;WIDTH:0.445062
G1 X118.32 Y120.085 E.02051
;WIDTH:0.45183
G1 X117.784 Y120.385 E.02088
G1 X117.282 Y120.579 E.0183
;WIDTH:0.44883
G1 X116.656 Y120.763 E.02202
G1 X116.035 Y120.814 E.02103
;WIDTH:0.417631
G1 X115.459 Y120.821 E.01795
;WIDTH:0.452634
G1 X114.522 Y120.797 E.03193
G1 X114.255 Y120.743 E.00928
;WIDTH:0.44892
G1 X113.659 Y120.557 E.02108
;WIDTH:0.449682
G1 X113.108 Y120.33 E.02016
G1 X112.604 Y120.041 E.01965
;WIDTH:0.4467
G1 X112.177 Y119.734 E.01766
;WIDTH:0.453853
G1 X111.769 Y119.395 E.01813
G1 X111.429 Y119.032 E.01699
;WIDTH:0.45285
G1 X111.267 Y118.784 E.0101
;WIDTH:0.429453
G1 X110.968 Y118.291 E.01853
;WIDTH:0.412968
G1 X110.68 Y117.784 E.01794
;WIDTH:0.451013
G1 X110.405 Y117.26 E.02008
G1 X110.236 Y116.712 E.01946
;WIDTH:0.426409
G1 X110.132 Y116.136 E.01866
;WIDTH:0.405199
G1 X110.089 Y115.521 E.01857
;WIDTH:0.384745
G1 X110.107 Y114.905 E.01752
;WIDTH:0.370533
G1 X110.22 Y114.181 E.01996
;WIDTH:0.356576
G1 X110.373 Y113.682 E.01361
;WIDTH:0.347215
G1 X110.708 Y113.077 E.0175
;WIDTH:0.34012
G1 X111.01 Y112.572 E.01454
;WIDTH:0.372964
G1 X111.209 Y112.264 E.01006
;WIDTH:0.405807
G1 X111.408 Y111.956 E.01106
G1 X111.173 Y111.666 F9000
;TYPE:External perimeter
;WIDTH:0.419999
G1 F1200
G1 X111.488 Y111.326 E.01453
G1 X112.211 Y110.736 E.02926
G1 X113.018 Y110.27 E.02922
G1 X113.891 Y109.938 E.02928
G1 X114.454 Y109.81 E.0181
G1 X116.596 Y109.818 E.06716
G1 X117.108 Y109.938 E.01649
G1 X117.982 Y110.27 E.02931
G1 X118.789 Y110.736 E.02922
G1 X119.512 Y111.326 E.02926
G1 X119.905 Y111.75 E.01813
G1 X120.641 Y113.024 E.04613
G1 X120.979 Y113.653 E.02239
G1 X121.15 Y114.294 E.0208
G1 X121.271 Y115.083 E.02503
G1 X121.271 Y115.966 E.02769
G1 X121.121 Y116.887 E.02926
G1 X120.95 Y117.44 E.01815
G1 X119.905 Y119.25 E.06553
G1 X119.512 Y119.674 E.01813
G1 X118.789 Y120.264 E.02926
G1 X117.982 Y120.73 E.02922
G1 X117.109 Y121.062 E.02928
G1 X116.546 Y121.19 E.0181
G1 X114.454 Y121.19 E.06559
G1 X113.891 Y121.061 E.01811
G1 X113.018 Y120.73 E.02927
G1 X112.211 Y120.264 E.02922
G1 X111.488 Y119.674 E.02926
G1 X111.095 Y119.25 E.01813
G1 X110.05 Y117.44 E.06553
G1 X109.879 Y116.887 E.01815
G1 X109.729 Y115.966 E.02926
G1 X109.73 Y115.034 E.02922
G1 X109.879 Y114.113 E.02925
G1 X110.05 Y113.56 E.01815
G1 X111.095 Y111.75 E.06553
G1 X111.132 Y111.71 E.00171
M106 S255
;LAYER_CHANGE
;Z:0.4
;HEIGHT:0.2
;BEFORE_LAYER_CHANGE
G92 E0
;0.4


G1 E-3.5 F3600
;WIPE_START
G1 F7200
G1 X111.173 Y111.666 E-.02857
G1 X111.488 Y111.326 E-.22016
G1 X112.211 Y110.736 E-.44326
G1 X113.018 Y110.27 E-.44264
G1 X113.737 Y109.997 E-.36537
;WIPE_END
G1 Z.4 F9000
;AFTER_LAYER_CHANGE
;0.4
M104 S205 ; set temperature
; stop printing object Auto_modifiedZ_nut_6x9_0.2.stl id:0 copy 0
G1 X104.641 Y105.835
G1 E5 F2400
;TYPE:Skirt/Brim
;WIDTH:0.42
G1 F1041
G1 X105.337 Y105.065 E.03254
G1 X106.479 Y104.065 E.04759
G1 X107.429 Y103.376 E.0368
G1 X109.036 Y102.448 E.05818
G1 X110.23 Y101.921 E.04092
G1 X111.541 Y101.483 E.04334
G1 X112.826 Y101.183 E.04137
G1 X113.943 Y101.046 E.03529
G1 X117.057 Y101.046 E.09764
G1 X118.315 Y101.209 E.03977
G1 X119.786 Y101.58 E.04757
G1 X120.892 Y101.97 E.03677
G1 X122.57 Y102.766 E.05823
G1 X123.691 Y103.456 E.04127
G1 X124.79 Y104.281 E.04309
G1 X125.764 Y105.167 E.04128
G1 X126.837 Y106.363 E.05038
G1 X127.392 Y107.167 E.03063
G1 X128.796 Y109.622 E.08867
G1 X129.236 Y110.657 E.03526
G1 X129.581 Y111.778 E.03678
G1 X129.893 Y113.263 E.04758
G1 X130.035 Y114.572 E.04128
G1 X130.063 Y115.744 E.03676
G1 X129.913 Y117.595 E.05823
G1 X129.618 Y119.083 E.04756
G1 X129.081 Y120.75 E.05491
G1 X128.663 Y121.633 E.03063
G1 X127.392 Y123.833 E.07966
G1 X126.838 Y124.637 E.03061
G1 X125.764 Y125.833 E.0504
G1 X123.974 Y127.346 E.07349
G1 X122.87 Y128.064 E.04129
G1 X121.522 Y128.761 E.04758
G1 X119.809 Y129.413 E.05747
G1 X118.652 Y129.719 E.03752
G1 X116.77 Y129.966 E.05951
G1 X114.23 Y129.966 E.07964
G1 X113.256 Y129.887 E.03064
G1 X111.683 Y129.556 E.0504
G1 X110.564 Y129.203 E.03679
G1 X109.347 Y128.702 E.04127
G1 X108.13 Y128.064 E.04308
G1 X107.143 Y127.43 E.03678
G1 X106.101 Y126.626 E.04127
G1 X104.762 Y125.34 E.05821
G1 X103.99 Y124.407 E.03797
G1 X102.204 Y121.378 E.11025
G1 X101.764 Y120.343 E.03526
G1 X101.382 Y119.083 E.04128
G1 X101.107 Y117.737 E.04307
G1 X100.965 Y116.428 E.04128
G1 X100.937 Y115.256 E.03676
G1 X101.087 Y113.405 E.05823
G1 X101.609 Y111.12 E.07349
G1 X102.337 Y109.367 E.05952
G1 X103.608 Y107.167 E.07966
G1 X104.162 Y106.363 E.03061
G1 X104.601 Y105.879 E.02049
G1 X104.88 Y106.132 F9000
G1 F1041
G1 X105.599 Y105.337 E.03361
G1 X106.706 Y104.367 E.04615
G1 X107.63 Y103.695 E.03582
G1 X109.212 Y102.782 E.05727
G1 X110.364 Y102.274 E.03948
G1 X111.646 Y101.845 E.04239
G1 X112.887 Y101.555 E.03996
G1 X113.973 Y101.422 E.03431
G1 X117.027 Y101.422 E.09576
G1 X118.24 Y101.578 E.03835
G1 X119.667 Y101.938 E.04614
G1 X120.745 Y102.317 E.03583
G1 X122.395 Y103.1 E.05726
G1 X123.477 Y103.766 E.03984
G1 X124.551 Y104.573 E.04212
G1 X125.492 Y105.428 E.03986
G1 X126.545 Y106.602 E.04945
G1 X127.066 Y107.356 E.02874
G1 X128.456 Y109.783 E.08769
G1 X128.883 Y110.79 E.0343
G1 X129.219 Y111.883 E.03585
G1 X129.521 Y113.323 E.04613
G1 X129.658 Y114.587 E.03986
G1 X129.686 Y115.729 E.03582
G1 X129.539 Y117.549 E.05725
G1 X129.252 Y118.993 E.04616
G1 X128.729 Y120.617 E.05349
G1 X128.336 Y121.444 E.02871
G1 X127.066 Y123.644 E.07965
G1 X126.545 Y124.398 E.02874
G1 X125.492 Y125.572 E.04945
G1 X123.747 Y127.045 E.0716
G1 X122.681 Y127.737 E.03985
G1 X121.374 Y128.414 E.04615
G1 X119.688 Y129.055 E.05655
G1 X118.562 Y129.353 E.03652
G1 X116.77 Y129.589 E.05667
G1 X114.23 Y129.589 E.07964
G1 X113.316 Y129.515 E.02875
G1 X111.773 Y129.19 E.04944
G1 X110.684 Y128.845 E.03582
G1 X109.508 Y128.362 E.03986
G1 X108.319 Y127.737 E.04212
G1 X107.357 Y127.12 E.03583
G1 X106.351 Y126.344 E.03984
G1 X105.034 Y125.078 E.05728
G1 X104.3 Y124.193 E.03605
G1 X102.544 Y121.217 E.10834
G1 X102.117 Y120.21 E.0343
G1 X101.748 Y118.993 E.03987
G1 X101.479 Y117.677 E.04212
G1 X101.342 Y116.413 E.03986
G1 X101.314 Y115.271 E.03582
G1 X101.461 Y113.451 E.05725
G1 X101.972 Y111.225 E.07161
G1 X102.664 Y109.556 E.05665
G1 X103.934 Y107.356 E.07965
G1 X104.455 Y106.602 E.02874
G1 X104.839 Y106.176 E.01798
G1 E-3.5 F3600
;WIPE_START
G1 F7200
G1 X104.88 Y106.132 E-.02857
G1 X105.599 Y105.337 E-.50916
G1 X106.706 Y104.367 E-.69913
G1 X107.154 Y104.041 E-.26314
;WIPE_END
; printing object Auto_modifiedZ_nut_6x9_0.2.stl id:0 copy 0
G1 X111.549 Y112.405 F9000
G1 E5 F2400
;TYPE:Perimeter
;WIDTH:0.499112
G1 F1041
G1 X111.858 Y111.969 E.02027
;WIDTH:0.546592
G1 X112.237 Y111.539 E.02401
;WIDTH:0.552901
G1 X112.749 Y111.168 E.02681
;WIDTH:0.572321
G1 X113.295 Y110.895 E.02687
;WIDTH:0.588485
G1 X113.833 Y110.703 E.02591
G1 X114.115 Y110.658 E.01295
;WIDTH:0.555655
G1 X114.396 Y110.613 E.01213
;WIDTH:0.522825
G1 X114.929 Y110.573 E.02133
;WIDTH:0.494416
G1 X115.508 Y110.576 E.02174
;WIDTH:0.52947
G1 X116.062 Y110.626 E.0225
G1 X116.324 Y110.712 E.01116
;WIDTH:0.484735
G1 X116.586 Y110.798 E.01013
;WIDTH:0.439999
G1 X117.094 Y110.983 E.01785
G1 X117.543 Y111.206 E.01655
G1 X118.022 Y111.512 E.01877
G1 X118.43 Y111.847 E.01743
G1 X119.111 Y112.555 E.03243
G1 X119.429 Y112.993 E.01787
G1 X119.685 Y113.449 E.01727
G1 X120.004 Y114.321 E.03066
G1 X120.126 Y114.936 E.0207
G1 X120.161 Y115.468 E.0176
G1 X120.135 Y115.99 E.01726
G1 X119.952 Y116.856 E.02922
G1 X119.718 Y117.48 E.022
G1 X119.463 Y117.952 E.01771
G1 X119.164 Y118.381 E.01727
G1 X118.818 Y118.773 E.01726
G1 X118.431 Y119.124 E.01725
G1 X117.513 Y119.698 E.03575
G1 X117.047 Y119.897 E.01673
G1 X116.509 Y120.05 E.01847
G1 X115.99 Y120.135 E.01736
G1 X115.468 Y120.161 E.01726
G1 X114.921 Y120.123 E.0181
G1 X114.175 Y119.961 E.0252
G1 X113.522 Y119.719 E.02299
G1 X113.048 Y119.463 E.01779
G1 X112.619 Y119.164 E.01727
G1 X112.227 Y118.818 E.01726
G1 X111.876 Y118.431 E.01725
G1 X111.571 Y118.007 E.01725
G1 X111.315 Y117.552 E.01724
G1 X110.926 Y116.652 E.03237
G1 X110.782 Y116.11 E.01852
G1 X110.708 Y115.577 E.01777
G1 X110.695 Y115.068 E.01681
G1 X110.735 Y114.556 E.01696
G1 X110.85 Y113.954 E.02024
;WIDTH:0.482425
G1 X111.001 Y113.42 E.02028
G1 X111.243 Y112.915 E.02046
;WIDTH:0.461997
G1 X111.516 Y112.455 E.01864
G1 X111.876 Y112.629 F9000
;TYPE:External perimeter
;WIDTH:0.419999
G1 F1041
G1 X112.188 Y112.224 E.01603
G1 X112.553 Y111.846 E.01648
G1 X113 Y111.534 E.01709
G1 X113.485 Y111.306 E.0168
G1 X113.979 Y111.141 E.01633
G1 X114.485 Y111.032 E.01623
G1 X114.986 Y110.984 E.01578
G1 X115.504 Y110.99 E.01624
G1 X116.006 Y111.054 E.01587
G1 X116.493 Y111.174 E.01573
G1 X116.979 Y111.355 E.01626
G1 X117.626 Y111.715 E.02322
G1 X118.182 Y112.145 E.02204
G1 X118.831 Y112.822 E.02941
G1 X119.123 Y113.232 E.01578
G1 X119.359 Y113.664 E.01543
G1 X119.639 Y114.451 E.02619
G1 X119.745 Y115.008 E.01778
G1 X119.774 Y115.508 E.0157
G1 X119.714 Y116.134 E.01972
G1 X119.574 Y116.773 E.02051
G1 X119.357 Y117.341 E.01906
G1 X119.113 Y117.783 E.01583
G1 X118.835 Y118.173 E.01502
G1 X118.28 Y118.74 E.02488
G1 X117.595 Y119.205 E.02596
G1 X116.977 Y119.507 E.02157
G1 X116.461 Y119.665 E.01692
G1 X115.968 Y119.748 E.01568
G1 X115.489 Y119.774 E.01504
G1 X115.003 Y119.744 E.01527
G1 X114.257 Y119.583 E.02393
G1 X113.66 Y119.357 E.02001
G1 X113.217 Y119.113 E.01586
G1 X112.74 Y118.757 E.01866
G1 X112.165 Y118.173 E.0257
G1 X111.875 Y117.765 E.01569
G1 X111.646 Y117.348 E.01492
G1 X111.281 Y116.5 E.02895
G1 X111.154 Y115.999 E.01621
G1 X111.09 Y115.484 E.01627
G1 X111.108 Y114.73 E.02365
G1 X111.229 Y114.033 E.02218
G1 X111.388 Y113.549 E.01597
G1 X111.602 Y113.081 E.01614
G1 X111.844 Y112.68 E.01469
G1 E-3.5 F3600
;WIPE_START
G1 F7200
G1 X111.876 Y112.629 E-.0286
G1 X112.188 Y112.224 E-.24284
G1 X112.553 Y111.846 E-.24959
G1 X113 Y111.534 E-.25893
G1 X113.485 Y111.306 E-.25456
G1 X113.979 Y111.141 E-.24739
G1 X114.428 Y111.045 E-.21809
;WIPE_END
G1 X117.211 Y110.547 F9000
G1 E5 F2400
;TYPE:Perimeter
;WIDTH:0.592518
G1 F1041
G1 X117.757 Y110.784 E.0272
;WIDTH:0.62535
G1 X118.291 Y111.103 E.03012
;WIDTH:0.66397
G1 X118.756 Y111.456 E.03015
;WIDTH:0.672772
G1 X118.871 Y111.561 E.00816
G1 X118.978 Y111.703 E.00931
;WIDTH:0.630371
G1 X119.085 Y111.846 E.00872
;WIDTH:0.58797
G1 X119.192 Y111.989 E.00809
;WIDTH:0.545569
G1 X119.299 Y112.131 E.00743
;WIDTH:0.503168
G1 X119.406 Y112.274 E.00683
;WIDTH:0.460766
G1 X119.57 Y112.525 E.01042
;WIDTH:0.427535
G1 X119.734 Y112.777 E.00962
;WIDTH:0.398882
G1 X120.015 Y113.267 E.01672
;WIDTH:0.440803
G1 X120.12 Y113.492 E.00821
;WIDTH:0.482723
G1 X120.226 Y113.717 E.0091
;WIDTH:0.524644
G1 X120.332 Y113.941 E.00993
;WIDTH:0.566564
G1 X120.437 Y114.166 E.01081
;WIDTH:0.605957
G1 X120.484 Y114.287 E.00608
;WIDTH:0.64535
G1 X120.531 Y114.408 E.0065
;WIDTH:0.684742
G1 X120.578 Y114.529 E.00693
;WIDTH:0.690978
G1 X120.663 Y115.101 E.03116
;WIDTH:0.691258
G1 X120.653 Y116.019 E.04949
G1 X120.6 Y116.11 F9000
;WIDTH:0.640047
G1 F1041
G1 X120.62 Y116.075 E.002
;WIDTH:0.684624
G1 X120.653 Y116.019 E.00347
G1 X120.671 Y116.084 E.0036
;WIDTH:0.6347
G1 X120.688 Y116.15 E.00335
;WIDTH:0.584776
G1 X120.705 Y116.215 E.00303
;WIDTH:0.534852
G1 X120.722 Y116.281 E.00279
;WIDTH:0.484928
G1 X120.739 Y116.346 E.00247
;WIDTH:0.435003
G1 X120.733 Y116.437 E.00297
;WIDTH:0.403792
G1 X120.726 Y116.527 E.00271
;WIDTH:0.41496
G1 X120.592 Y116.716 E.00717
;WIDTH:0.457339
G1 X120.459 Y116.905 E.00796
;WIDTH:0.499718
G1 X120.325 Y117.094 E.0088
G1 X120.345 Y116.942 E.00582
;WIDTH:0.450135
G1 X120.384 Y116.676 E.0091
;WIDTH:0.411358
G1 X120.422 Y116.41 E.00823
;WIDTH:0.417159
G1 X120.455 Y116.354 E.00202
;WIDTH:0.461737
G1 X120.488 Y116.298 E.00226
;WIDTH:0.506314
G1 X120.521 Y116.242 E.0025
;WIDTH:0.550892
G1 X120.554 Y116.186 E.00275
;WIDTH:0.595469
G1 X120.569 Y116.161 E.00134
G1 X120.325 Y117.094 F9000
;WIDTH:0.499718
G1 F1041
G1 X120.2 Y117.356 E.01103
;WIDTH:0.454922
G1 X120.075 Y117.618 E.00994
;WIDTH:0.410126
G1 X119.789 Y118.132 E.01796
;WIDTH:0.437172
G1 X119.487 Y118.61 E.01854
;WIDTH:0.474166
G1 X119.376 Y118.764 E.00681
;WIDTH:0.51116
G1 X119.265 Y118.919 E.00742
;WIDTH:0.548154
G1 X119.155 Y119.073 E.00795
;WIDTH:0.589503
G1 X119.028 Y119.218 E.00876
;WIDTH:0.630852
G1 X118.9 Y119.362 E.00942
;WIDTH:0.6722
G1 X118.773 Y119.506 E.01005
;WIDTH:0.705756
G1 X118.086 Y119.979 E.04597
G1 X117.337 Y120.343 E.0459
;WIDTH:0.691312
G1 X117.175 Y120.372 E.00887
;WIDTH:0.650859
G1 X117.014 Y120.402 E.00828
;WIDTH:0.610406
G1 X116.852 Y120.431 E.00777
;WIDTH:0.569953
G1 X116.691 Y120.461 E.00718
;WIDTH:0.5295
G1 X116.5 Y120.478 E.00776
;WIDTH:0.495211
G1 X116.31 Y120.495 E.00717
;WIDTH:0.460922
G1 X116.119 Y120.513 E.00667
;WIDTH:0.426632
G1 X115.553 Y120.531 E.01807
;WIDTH:0.414494
G1 X114.989 Y120.519 E.01743
;WIDTH:0.43495
G1 X114.837 Y120.508 E.00497
G1 X113.802 Y120.383 F9000
;WIDTH:0.68605
G1 F1041
G1 X113.331 Y120.201 E.027
;WIDTH:0.684104
G1 X112.797 Y119.918 E.03222
;WIDTH:0.684282
G1 X112.319 Y119.587 E.03101
;WIDTH:0.688176
G1 X112.135 Y119.434 E.01284
G1 X111.557 Y118.675 F9000
;WIDTH:0.447618
G1 F1041
G1 X111.411 Y118.449 E.00905
;WIDTH:0.420961
G1 X111.266 Y118.223 E.00844
;WIDTH:0.39887
G1 X110.986 Y117.734 E.01668
;WIDTH:0.437247
G1 X110.833 Y117.431 E.01113
;WIDTH:0.475624
G1 X110.68 Y117.127 E.01224
;WIDTH:0.514
G1 X110.527 Y116.824 E.0133
;WIDTH:0.558567
G1 X110.455 Y116.655 E.00788
;WIDTH:0.603134
G1 X110.383 Y116.485 E.0086
G1 X110.281 Y115.904 E.02748
;WIDTH:0.578872
G1 X110.268 Y115.49 E.01846
;WIDTH:0.552175
G1 X110.255 Y115.077 E.0175
;WIDTH:0.525478
G1 X110.316 Y114.517 E.0226
G1 X109.916 Y114.365 F9000
;WIDTH:0.439999
G1 F1041
G1 X110.329 Y113.65 E.02726
;WIDTH:0.480827
G1 X110.638 Y113.157 E.02119
G1 X110.918 Y112.647 E.02118
;WIDTH:0.465496
G1 X111.215 Y112.141 E.02062
;WIDTH:0.510062
G1 X111.477 Y111.732 E.01887
;WIDTH:0.554628
G1 X111.739 Y111.323 E.02067
G1 X112.033 Y111.058 E.01684
;WIDTH:0.561974
G1 X112.689 Y110.61 E.03429
;WIDTH:0.588388
G1 X113.494 Y110.242 E.04015
G1 X113.851 Y110.164 E.01657
;WIDTH:0.574639
G1 X114.147 Y110.15 E.0131
;WIDTH:0.545069
G1 X114.443 Y110.135 E.01237
;WIDTH:0.515498
G1 X114.986 Y110.123 E.02134
;WIDTH:0.494416
G1 X115.511 Y110.124 E.01971
;WIDTH:0.52947
G1 X116.094 Y110.142 E.0236
G1 X116.382 Y110.119 E.01169
;WIDTH:0.484735
G1 X116.671 Y110.097 E.01065
;WIDTH:0.439999
G1 X117.211 Y110.097 E.01783
G1 X117.521 Y110.185 E.01064
G1 X118.113 Y110.437 E.02124
G1 X118.755 Y110.819 E.02467
G1 X119.274 Y111.232 E.0219
G1 X121.077 Y114.353 E.11901
G1 X121.18 Y115.021 E.02232
G1 X121.199 Y115.582 E.01853
G1 X121.169 Y116.081 E.01651
G1 X121.084 Y116.635 E.01851
G1 X119.282 Y119.756 E.11899
G1 X118.955 Y120.018 E.01383
G1 X118.369 Y120.427 E.02359
G1 X117.925 Y120.66 E.01656
G1 X117.309 Y120.903 E.02186
G1 X113.705 Y120.903 E.11899
G1 X113.143 Y120.685 E.0199
G1 X112.667 Y120.448 E.01756
G1 X112.244 Y120.18 E.01653
G1 X111.726 Y119.768 E.02185
G1 X109.923 Y116.647 E.11901
G1 X109.851 Y116.178 E.01567
G1 X109.798 Y115.482 E.02305
G1 X109.836 Y114.878 E.01998
G1 X109.907 Y114.425 E.01514
G1 X109.55 Y114.226 F9000
;TYPE:External perimeter
;WIDTH:0.419999
G1 F1041
G1 X111.419 Y110.988 E.11722
G1 X112.043 Y110.487 E.02509
G1 X112.48 Y110.213 E.01617
G1 X112.996 Y109.953 E.01812
G1 X113.628 Y109.71 E.02123
G1 X117.368 Y109.71 E.11726
G1 X118.068 Y109.982 E.02355
G1 X118.545 Y110.226 E.0168
G1 X118.988 Y110.51 E.0165
G1 X119.578 Y110.984 E.02373
G1 X121.448 Y114.222 E.11724
G1 X121.57 Y115.013 E.02509
G1 X121.586 Y115.598 E.01835
G1 X121.545 Y116.198 E.01886
G1 X121.45 Y116.774 E.0183
G1 X119.581 Y120.012 E.11722
G1 X118.997 Y120.481 E.02348
G1 X118.545 Y120.774 E.01689
G1 X118.077 Y121.016 E.01652
G1 X117.372 Y121.29 E.02372
G1 X113.632 Y121.29 E.11726
G1 X112.934 Y121.019 E.02348
G1 X112.455 Y120.774 E.01687
G1 X112.011 Y120.49 E.01653
G1 X111.422 Y120.016 E.02371
G1 X109.552 Y116.778 E.11724
G1 X109.43 Y115.987 E.02509
G1 X109.412 Y115.466 E.01635
G1 X109.452 Y114.832 E.01992
G1 X109.54 Y114.286 E.01734
;LAYER_CHANGE
;Z:0.6
;HEIGHT:0.2
;BEFORE_LAYER_CHANGE
G92 E0
;0.6


G1 E-3.5 F3600
;WIPE_START
G1 F7200
G1 X109.55 Y114.226 E-.02889
G1 X111.099 Y111.543 E-1.47111
;WIPE_END
G1 Z.6 F9000
;AFTER_LAYER_CHANGE
;0.6
G1 X110.942 Y114.509
G1 E5 F2400
;TYPE:Perimeter
;WIDTH:0.439999
G1 F900
G1 X111.039 Y114.022 E.0164
;WIDTH:0.484744
G1 X111.071 Y113.846 E.00657
;WIDTH:0.529489
G1 X111.104 Y113.671 E.0072
;WIDTH:0.574234
G1 X111.136 Y113.495 E.0079
G1 X111.365 Y113.003 E.02398
;WIDTH:0.560858
G1 X111.642 Y112.533 E.0235
G1 X111.98 Y112.098 E.02372
;WIDTH:0.545504
G1 X112.046 Y112.053 E.00334
;WIDTH:0.510336
G1 X112.112 Y112.008 E.0031
;WIDTH:0.475168
G1 X112.178 Y111.964 E.00285
;WIDTH:0.439999
G1 X112.685 Y111.493 E.02285
G1 X113.284 Y111.074 E.02414
G1 X113.782 Y110.82 E.01846
G1 X114.31 Y110.622 E.01862
G1 X114.86 Y110.487 E.0187
;WIDTH:0.433192
G1 X115.43 Y110.429 E.01859
;WIDTH:0.429504
G1 X116.076 Y110.477 E.02082
;WIDTH:0.439999
G1 X116.628 Y110.603 E.01869
G1 X117.158 Y110.794 E.0186
G1 X117.659 Y111.041 E.01844
G1 X118.126 Y111.342 E.01834
G1 X118.553 Y111.69 E.01819
;WIDTH:0.474147
G1 X118.757 Y111.874 E.00985
;WIDTH:0.508295
G1 X118.96 Y112.058 E.0106
;WIDTH:0.547887
G1 X119.038 Y112.123 E.00426
;WIDTH:0.587478
G1 X119.115 Y112.188 E.00456
G1 X119.6 Y112.94 E.04052
;WIDTH:0.58091
G1 X119.84 Y113.426 E.02425
G1 X119.875 Y113.604 E.00812
;WIDTH:0.53394
G1 X119.91 Y113.782 E.00741
;WIDTH:0.48697
G1 X119.945 Y113.959 E.00666
;WIDTH:0.439999
G1 X120.054 Y114.475 E.01741
G1 X120.105 Y114.996 E.01728
G1 X120.097 Y115.504 E.01677
G1 X120.031 Y116.026 E.01737
G1 X119.908 Y116.522 E.01687
G1 X119.732 Y116.998 E.01676
G1 X119.28 Y117.835 E.03141
G1 X118.685 Y118.594 E.03184
G1 X118.002 Y119.157 E.02922
G1 X117.743 Y119.325 E.01019
G1 X117.117 Y119.632 E.02302
G1 X116.531 Y119.821 E.02033
G1 X115.564 Y119.94 E.03217
G1 X114.575 Y119.843 E.03281
G1 X113.994 Y119.677 E.01995
G1 X113.219 Y119.307 E.02835
G1 X112.406 Y118.685 E.0338
G1 X111.775 Y117.917 E.03282
G1 X111.301 Y117.072 E.03199
G1 X111.111 Y116.584 E.01729
G1 X110.982 Y116.09 E.01686
G1 X110.908 Y115.58 E.01702
G1 X110.893 Y115.062 E.01711
G1 X110.934 Y114.568 E.01637
G1 X111.324 Y114.564 F9000
;TYPE:External perimeter
;WIDTH:0.419999
G1 F900
G1 X111.325 Y114.553 E.00035
G1 X111.423 Y114.079 E.01518
G1 X111.576 Y113.616 E.01529
G1 X111.781 Y113.17 E.01539
G1 X112.25 Y112.468 E.02647
G1 X112.456 Y112.232 E.00982
G1 X112.932 Y111.791 E.02035
G1 X113.496 Y111.398 E.02155
G1 X113.956 Y111.165 E.01617
G1 X114.443 Y110.985 E.01628
G1 X114.951 Y110.859 E.01641
G1 X115.476 Y110.791 E.0166
G1 X116.028 Y110.856 E.01743
G1 X116.536 Y110.979 E.01639
G1 X117.025 Y111.157 E.01632
G1 X117.486 Y111.387 E.01615
G1 X117.915 Y111.666 E.01605
G1 X118.307 Y111.988 E.01591
G1 X118.657 Y112.35 E.01579
G1 X118.974 Y112.763 E.01632
G1 X119.229 Y113.188 E.01554
G1 X119.432 Y113.636 E.01542
G1 X119.582 Y114.1 E.01529
G1 X119.678 Y114.574 E.01516
G1 X119.72 Y115.052 E.01505
G1 X119.674 Y115.779 E.02284
G1 X119.533 Y116.427 E.02079
G1 X119.359 Y116.885 E.01536
G1 X118.94 Y117.649 E.02732
G1 X118.383 Y118.353 E.02815
G1 X117.761 Y118.854 E.02504
G1 X116.92 Y119.295 E.02977
G1 X116.417 Y119.451 E.01651
G1 X115.521 Y119.555 E.02828
G1 X114.618 Y119.458 E.02848
G1 X114.107 Y119.306 E.01672
G1 X113.389 Y118.959 E.025
G1 X112.647 Y118.383 E.02945
G1 X112.077 Y117.675 E.0285
G1 X111.641 Y116.885 E.02829
G1 X111.467 Y116.427 E.01536
G1 X111.333 Y115.826 E.01931
G1 X111.28 Y115.053 E.02429
G1 X111.318 Y114.624 E.0135
G1 X110.53 Y114.449 F9000
;TYPE:Perimeter
;WIDTH:0.481659
G1 F900
G1 X110.52 Y114.502 E.00197
;WIDTH:0.48326
G1 X110.474 Y115.071 E.0209
;WIDTH:0.495451
G1 X110.487 Y115.637 E.0213
G1 X110.59 Y116.189 E.02113
;WIDTH:0.453359
G1 X110.68 Y116.451 E.00945
;WIDTH:0.415568
G1 X110.769 Y116.714 E.0086
;WIDTH:0.377776
G1 X110.999 Y117.237 E.01591
;WIDTH:0.334953
G1 X111.507 Y118.13 E.02495
;WIDTH:0.38068
G1 X111.834 Y118.561 E.01519
;WIDTH:0.430056
G1 X112.162 Y118.992 E.01743
;WIDTH:0.479863
G1 X112.352 Y119.175 E.00958
;WIDTH:0.529669
G1 X112.542 Y119.359 E.0107
;WIDTH:0.579475
G1 X112.732 Y119.542 E.01177
G1 X112.986 Y119.71 E.01359
;WIDTH:0.577026
G1 X113.436 Y119.93 E.02225
G1 X113.582 Y119.977 E.00681
;WIDTH:0.541717
G1 X113.728 Y120.024 E.00636
;WIDTH:0.506407
G1 X113.874 Y120.071 E.00591
;WIDTH:0.471097
G1 X114.204 Y120.139 E.012
;WIDTH:0.42355
G1 X114.534 Y120.206 E.01066
;WIDTH:0.376003
G1 X115.603 Y120.279 E.02968
;WIDTH:0.362579
G1 X116.123 Y120.229 E.01389
;WIDTH:0.397812
G1 X116.643 Y120.18 E.01541
;WIDTH:0.436527
G1 X116.864 Y120.127 E.00744
;WIDTH:0.475241
G1 X117.086 Y120.075 E.0082
;WIDTH:0.513955
G1 X117.308 Y120.022 E.00894
;WIDTH:0.546237
G1 X117.628 Y119.883 E.0146
;WIDTH:0.578518
G1 X117.948 Y119.744 E.01554
G1 X118.291 Y119.52 E.01824
;WIDTH:0.573266
G1 X118.463 Y119.347 E.01076
;WIDTH:0.529002
G1 X118.635 Y119.174 E.00986
;WIDTH:0.484738
G1 X118.807 Y119.001 E.00896
;WIDTH:0.440474
G1 X118.978 Y118.828 E.00804
;WIDTH:0.396209
G1 X119.278 Y118.413 E.01504
;WIDTH:0.360851
G1 X119.578 Y117.998 E.01354
;WIDTH:0.341847
G1 X120.058 Y117.122 E.02483
;WIDTH:0.391601
G1 X120.27 Y116.614 E.01596
;WIDTH:0.433769
G1 X120.356 Y116.348 E.00909
;WIDTH:0.475937
G1 X120.442 Y116.082 E.01007
;WIDTH:0.496277
G1 X120.521 Y115.542 E.02057
G1 X120.521 Y115.027 E.01941
;WIDTH:0.473776
G1 X120.476 Y114.502 E.01888
G1 X120.371 Y113.959 E.01981
G1 X120.951 Y115.008 E.04294
;WIDTH:0.496465
G1 X120.952 Y115.931 E.03481
;WIDTH:0.511204
G1 X120.869 Y116.136 E.00861
;WIDTH:0.482278
G1 X120.786 Y116.342 E.00811
;WIDTH:0.453351
G1 X120.66 Y116.599 E.00977
;WIDTH:0.415564
G1 X120.533 Y116.857 E.00891
;WIDTH:0.377777
G1 X120.255 Y117.381 E.01652
;WIDTH:0.334951
G1 X119.731 Y118.292 E.02552
;WIDTH:0.380678
G1 X119.429 Y118.766 E.01578
;WIDTH:0.430055
G1 X119.127 Y119.24 E.01809
;WIDTH:0.477792
G1 X118.97 Y119.464 E.00989
;WIDTH:0.525529
G1 X118.813 Y119.688 E.01098
;WIDTH:0.573266
G1 X118.656 Y119.912 E.01206
;WIDTH:0.578518
G1 X118.216 Y120.207 E.02359
;WIDTH:0.583991
G1 X117.769 Y120.434 E.02256
G1 X117.587 Y120.452 E.00823
;WIDTH:0.548502
G1 X117.404 Y120.469 E.00773
;WIDTH:0.513013
G1 X117.222 Y120.487 E.00715
;WIDTH:0.477523
G1 X116.976 Y120.504 E.00891
;WIDTH:0.443685
G1 X116.731 Y120.521 E.00818
;WIDTH:0.409846
G1 X116.485 Y120.538 E.00752
;WIDTH:0.376007
G1 X115.381 Y120.562 E.03058
;WIDTH:0.362137
G1 X114.846 Y120.545 E.01421
;WIDTH:0.396928
G1 X114.311 Y120.527 E.01576
;WIDTH:0.434013
G1 X114.061 Y120.509 E.00815
;WIDTH:0.471097
G1 X113.812 Y120.49 E.00889
;WIDTH:0.506407
G1 X113.609 Y120.464 E.00789
;WIDTH:0.541717
G1 X113.405 Y120.437 E.00853
;WIDTH:0.577026
G1 X113.202 Y120.41 E.00909
G1 X112.605 Y120.099 E.0299
;WIDTH:0.579475
G1 X112.333 Y119.886 E.01541
G1 X112.182 Y119.671 E.01172
;WIDTH:0.53366
G1 X112.032 Y119.456 E.0107
;WIDTH:0.487844
G1 X111.881 Y119.241 E.00972
;WIDTH:0.442029
G1 X111.73 Y119.026 E.00872
;WIDTH:0.396213
G1 X111.453 Y118.582 E.01537
;WIDTH:0.360854
G1 X111.176 Y118.137 E.01386
;WIDTH:0.341848
G1 X110.673 Y117.249 E.02537
;WIDTH:0.391602
G1 X110.41 Y116.744 E.01651
;WIDTH:0.429477
G1 X110.295 Y116.491 E.00893
;WIDTH:0.467352
G1 X110.179 Y116.237 E.00985
;WIDTH:0.505227
G1 X110.064 Y115.984 E.01068
G1 X110.024 Y115.485 E.01924
;WIDTH:0.496035
G1 X110.043 Y114.982 E.01896
;WIDTH:0.481659
G1 X110.62 Y113.982 E.04212
G1 X110.541 Y114.39 E.01516
G1 E-3.5 F3600
;WIPE_START
G1 F7200
G1 X110.53 Y114.449 E-.02851
G1 X110.52 Y114.502 E-.02562
G1 X110.474 Y115.071 E-.27116
G1 X110.487 Y115.637 E-.26892
G1 X110.59 Y116.189 E-.26673
G1 X110.68 Y116.451 E-.13159
G1 X110.769 Y116.714 E-.13188
G1 X110.999 Y117.237 E-.27139
G1 X111.107 Y117.428 E-.1042
;WIPE_END
G1 X117.743 Y110.562 F9000
G1 E5 F2400
;WIDTH:0.622208
G1 F900
G1 X118.221 Y110.82 E.02616
;WIDTH:0.648104
G1 X118.614 Y111.089 E.02397
G1 X118.711 Y111.211 E.00784
;WIDTH:0.601403
G1 X118.808 Y111.332 E.0072
;WIDTH:0.554702
G1 X118.905 Y111.454 E.00663
;WIDTH:0.508001
G1 X119.002 Y111.575 E.006
;WIDTH:0.4613
G1 X119.099 Y111.697 E.00542
G1 E-3.5 F3600
;WIPE_START
G1 F7200
G1 X119.002 Y111.575 E-.07403
G1 X118.905 Y111.454 E-.07366
G1 X118.808 Y111.332 E-.07403
G1 X118.711 Y111.211 E-.07366
G1 X118.614 Y111.089 E-.07403
G1 X118.221 Y110.82 E-.22622
G1 X117.743 Y110.562 E-.25801
;WIPE_END
G1 E-.64636 F3600
G1 X111.901 Y111.697 F9000
G1 E5 F2400
;WIDTH:0.45936
G1 F900
G1 X111.994 Y111.579 E.0052
;WIDTH:0.504114
G1 X112.088 Y111.462 E.00576
;WIDTH:0.548867
G1 X112.182 Y111.345 E.00631
;WIDTH:0.593621
G1 X112.275 Y111.228 E.00684
;WIDTH:0.638374
G1 X112.369 Y111.11 E.00747
G1 X112.807 Y110.803 E.02648
;WIDTH:0.620436
G1 X113.231 Y110.569 E.02326
G1 X113.135 Y110.097 F9000
;WIDTH:0.439999
G1 F900
G1 X114.9 Y110.092 E.05828
;WIDTH:0.429505
G1 X115.593 Y110.076 E.02228
;WIDTH:0.431783
G1 X116.187 Y110.093 E.01921
;WIDTH:0.439999
G1 X117.743 Y110.097 E.05138
G1 X117.947 Y110.144 E.00691
G1 X118.482 Y110.408 E.0197
G1 X118.996 Y110.75 E.02038
G1 X119.432 Y111.505 E.02879
;WIDTH:0.475166
G1 X119.462 Y111.591 E.00327
;WIDTH:0.510333
G1 X119.491 Y111.677 E.00353
;WIDTH:0.5455
G1 X119.521 Y111.764 E.00385
;WIDTH:0.560858
G1 X120.092 Y112.767 E.04971
;WIDTH:0.585765
G1 X120.352 Y113.244 E.02452
G1 X120.456 Y113.375 E.00755
;WIDTH:0.537177
G1 X120.56 Y113.507 E.00691
;WIDTH:0.488588
G1 X120.664 Y113.638 E.0062
;WIDTH:0.439999
G1 X121.354 Y114.834 E.04559
G1 X121.399 Y115.577 E.02458
G1 X121.362 Y116.153 E.01906
G1 X119.004 Y120.237 E.1557
G1 X118.407 Y120.635 E.02369
G1 X117.865 Y120.903 E.01996
G1 X113.15 Y120.903 E.15568
G1 X112.479 Y120.568 E.02476
G1 X112.004 Y120.25 E.01887
G1 X109.646 Y116.166 E.1557
G1 X109.599 Y115.455 E.02353
G1 X109.638 Y114.847 E.02012
G1 X110.336 Y113.638 E.04609
;WIDTH:0.48697
G1 X110.451 Y113.485 E.00707
;WIDTH:0.533941
G1 X110.567 Y113.333 E.00781
;WIDTH:0.580912
G1 X110.682 Y113.18 E.00856
G1 X110.957 Y112.679 E.02557
;WIDTH:0.58748
G1 X111.433 Y111.886 E.04188
G1 X111.478 Y111.759 E.0061
;WIDTH:0.53832
G1 X111.523 Y111.632 E.00555
;WIDTH:0.48916
G1 X111.568 Y111.505 E.005
;WIDTH:0.439999
G1 X111.996 Y110.763 E.02828
G1 X112.581 Y110.372 E.02323
G1 X113.081 Y110.124 E.01843
G1 X113.056 Y109.71 F9000
;TYPE:External perimeter
;WIDTH:0.419999
G1 F900
G1 X117.939 Y109.71 E.1531
G1 X118.863 Y110.19 E.03265
G1 X119.292 Y110.488 E.01638
G1 X121.734 Y114.717 E.15312
G1 X121.781 Y115.71 E.03117
G1 X121.736 Y116.278 E.01787
G1 X119.295 Y120.507 E.1531
G1 X118.587 Y120.977 E.02664
G1 X117.944 Y121.29 E.02242
G1 X113.061 Y121.29 E.1531
G1 X112.15 Y120.818 E.03217
G1 X111.708 Y120.512 E.01686
G1 X109.266 Y116.283 E.15312
G1 X109.213 Y115.439 E.02652
G1 X109.264 Y114.722 E.02254
G1 X111.705 Y110.493 E.1531
G1 X112.401 Y110.029 E.02623
G1 X113.002 Y109.736 E.02096
;LAYER_CHANGE
;Z:0.8
;HEIGHT:0.2
;BEFORE_LAYER_CHANGE
G92 E0
;0.8


G1 E-3.5 F3600
;WIPE_START
G1 F7200
G1 X113.056 Y109.71 E-.02847
G1 X116.154 Y109.71 E-1.47153
;WIPE_END
G1 Z.8 F9000
;AFTER_LAYER_CHANGE
;0.8
G1 X113.874 Y110.999
G1 E5 F2400
;TYPE:Perimeter
;WIDTH:0.439999
G1 F900
G1 X114.352 Y110.817 E.01689
;WIDTH:0.479162
G1 X114.611 Y110.731 E.0099
;WIDTH:0.518325
G1 X114.871 Y110.645 E.01083
G1 X115.42 Y110.579 E.02186
;WIDTH:0.497914
G1 X115.943 Y110.57 E.01979
;WIDTH:0.515169
G1 X116.529 Y110.606 E.02305
G1 X116.805 Y110.681 E.01123
;WIDTH:0.477584
G1 X117.08 Y110.756 E.0103
;WIDTH:0.439999
G1 X117.617 Y110.931 E.01865
G1 X118.135 Y111.167 E.01879
G1 X118.638 Y111.503 E.01997
;WIDTH:0.485091
G1 X119.092 Y111.923 E.02274
G1 X119.435 Y112.376 E.02089
;WIDTH:0.465493
G1 X119.726 Y112.858 E.01978
;WIDTH:0.480826
G1 X119.974 Y113.358 E.02032
G1 X120.133 Y113.891 E.02025
;WIDTH:0.439999
G1 X120.249 Y114.428 E.01814
G1 X120.304 Y114.971 E.01802
G1 X120.297 Y115.513 E.0179
G1 X120.23 Y116.046 E.01774
G1 X120.104 Y116.565 E.01763
G1 X119.922 Y117.062 E.01748
G1 X119.687 Y117.532 E.01735
G1 X119.403 Y117.969 E.01721
G1 X119.073 Y118.369 E.01712
G1 X118.704 Y118.726 E.01695
G1 X118.3 Y119.037 E.01683
G1 X117.319 Y119.54 E.0364
G1 X116.487 Y119.755 E.02837
G1 X115.514 Y119.797 E.03216
G1 X114.573 Y119.623 E.0316
G1 X113.726 Y119.332 E.02957
G1 X112.918 Y118.841 E.03122
G1 X112.239 Y118.183 E.03122
G1 X111.71 Y117.421 E.03063
G1 X111.319 Y116.572 E.03086
G1 X111.114 Y115.614 E.03235
G1 X111.129 Y114.618 E.03289
G1 X111.371 Y113.636 E.03339
G1 X111.588 Y113.136 E.018
G1 X111.849 Y112.69 E.01706
G1 X112.162 Y112.274 E.01719
G1 X112.522 Y111.892 E.01733
G1 X112.926 Y111.551 E.01746
G1 X113.369 Y111.255 E.01759
G1 X113.82 Y111.023 E.01675
G1 X114.03 Y111.351 F9000
;TYPE:External perimeter
;WIDTH:0.419999
G1 F900
G1 X114.507 Y111.174 E.01595
G1 X114.994 Y111.054 E.01573
G1 X115.495 Y110.99 E.01584
G1 X115.969 Y110.983 E.01486
G1 X116.492 Y111.029 E.01646
G1 X117 Y111.135 E.01627
G1 X117.495 Y111.298 E.01634
G1 X117.972 Y111.518 E.01647
G1 X118.418 Y111.822 E.01692
G1 X118.798 Y112.208 E.01698
G1 X119.118 Y112.62 E.01636
G1 X119.388 Y113.063 E.01627
G1 X119.604 Y113.529 E.0161
G1 X119.765 Y114.013 E.01599
G1 X119.87 Y114.508 E.01587
G1 X119.918 Y115.007 E.01572
G1 X119.909 Y115.515 E.01593
G1 X119.842 Y116.016 E.01585
G1 X119.722 Y116.491 E.01536
G1 X119.551 Y116.946 E.01524
G1 X119.331 Y117.375 E.01512
G1 X119.067 Y117.773 E.01497
G1 X118.762 Y118.136 E.01487
G1 X118.421 Y118.46 E.01475
G1 X118.039 Y118.745 E.01494
G1 X117.262 Y119.15 E.02747
G1 X116.39 Y119.381 E.02828
G1 X115.503 Y119.41 E.02783
G1 X114.65 Y119.243 E.02725
G1 X113.854 Y118.967 E.02642
G1 X113.124 Y118.513 E.02695
G1 X112.513 Y117.909 E.02694
G1 X112.03 Y117.203 E.02682
G1 X111.672 Y116.413 E.02719
G1 X111.494 Y115.539 E.02797
G1 X111.516 Y114.63 E.02851
G1 X111.745 Y113.734 E.029
G1 X111.95 Y113.277 E.0157
G1 X112.194 Y112.871 E.01485
G1 X112.484 Y112.492 E.01496
G1 X112.817 Y112.145 E.01508
G1 X113.314 Y111.754 E.01983
G1 X113.978 Y111.379 E.02391
G1 E-3.5 F3600
;WIPE_START
G1 F7200
G1 X114.03 Y111.351 E-.02805
G1 X114.507 Y111.174 E-.24167
G1 X114.994 Y111.054 E-.23824
G1 X115.495 Y110.99 E-.23991
G1 X115.969 Y110.983 E-.22517
G1 X116.492 Y111.029 E-.24938
G1 X117 Y111.135 E-.2465
G1 X117.062 Y111.155 E-.03108
;WIPE_END
G1 X120.498 Y116.773 F9000
G1 E5 F2400
;TYPE:Perimeter
;WIDTH:0.522278
G1 F900
G1 X120.372 Y117.036 E.01162
;WIDTH:0.476957
G1 X120.246 Y117.3 E.01056
;WIDTH:0.431636
G1 X120.002 Y117.749 E.01652
;WIDTH:0.43491
G1 X119.732 Y118.187 E.01677
;WIDTH:0.480522
G1 X119.572 Y118.419 E.01025
;WIDTH:0.526134
G1 X119.411 Y118.651 E.01135
;WIDTH:0.52629
G1 X119.411 Y118.652 E.00004
G1 E-3.5 F3600
;WIPE_START
G1 F7200
G1 X119.411 Y118.651 E-.00048
G1 X119.572 Y118.419 E-.13414
G1 X119.732 Y118.187 E-.13387
G1 X120.002 Y117.749 E-.2444
G1 X120.246 Y117.3 E-.24273
G1 X120.372 Y117.036 E-.13895
G1 X120.498 Y116.773 E-.13852
;WIPE_END
G1 E-.46691 F3600
G1 E5 F2400
;WIDTH:0.522278
G1 F900
G1 X120.525 Y116.67 E.00424
;WIDTH:0.513715
G1 X120.648 Y116.102 E.02275
;WIDTH:0.490519
G1 X120.717 Y115.575 E.01978
G1 X120.727 Y115.044 E.01977
;WIDTH:0.487859
G1 X120.684 Y114.514 E.01967
G1 X121.135 Y115.297 E.03343
G1 X121.164 Y115.651 E.01314
;WIDTH:0.490519
G1 X120.8 Y116.282 E.02711
;WIDTH:0.522278
G1 X120.529 Y116.722 E.0206
G1 E-3.5 F3600
;WIPE_START
G1 F7200
G1 X120.498 Y116.773 E-.02835
G1 X120.525 Y116.67 E-.05058
G1 X120.648 Y116.102 E-.27605
G1 X120.717 Y115.575 E-.25246
G1 X120.727 Y115.044 E-.25227
G1 X120.684 Y114.514 E-.25258
G1 X121.092 Y115.221 E-.38771
;WIPE_END
G1 X118.175 Y110.615 F9000
G1 E5 F2400
;WIDTH:0.681258
G1 F900
G1 X118.401 Y110.733 E.01353
G1 E-3.5 F3600
;WIPE_START
G1 F7200
G1 X118.175 Y110.615 E-.1211
;WIPE_END
G1 E-1.3789 F3600
G1 X113.855 Y110.535 F9000
G1 E5 F2400
;WIDTH:0.52163
G1 F900
G1 X113.649 Y110.619 E.00886
G1 X113.129 Y110.889 E.02332
;WIDTH:0.52641
G1 X112.644 Y111.212 E.02343
G1 X112.204 Y111.588 E.02327
;WIDTH:0.54828
G1 X111.803 Y112 E.02416
G1 X112.082 Y111.496 E.02421
;WIDTH:0.52641
G1 X112.55 Y110.684 E.03768
G1 X112.803 Y110.535 E.0118
;WIDTH:0.52163
G1 X113.795 Y110.535 E.03949
G1 E-3.5 F3600
;WIPE_START
G1 F7200
G1 X113.855 Y110.535 E-.0285
G1 X113.649 Y110.619 E-.10567
G1 X113.129 Y110.889 E-.27831
G1 X112.644 Y111.212 E-.27679
G1 X112.204 Y111.588 E-.27492
G1 X111.803 Y112 E-.27309
G1 X112.07 Y111.516 E-.26272
;WIPE_END
G1 X110.969 Y113.432 F9000
G1 E5 F2400
;WIDTH:0.535424
G1 F900
G1 X110.952 Y113.526 E.00391
;WIDTH:0.512217
G1 X110.842 Y114.066 E.0215
;WIDTH:0.476108
G1 X110.732 Y114.607 E.01989
;WIDTH:0.439999
G1 X110.725 Y115.691 E.03579
;WIDTH:0.469151
G1 X110.944 Y116.741 E.03801
G1 X111.387 Y117.639 E.03549
;WIDTH:0.456364
G1 X111.953 Y118.469 E.03454
G1 X112.707 Y119.177 E.03556
;WIDTH:0.439999
G1 X113.595 Y119.707 E.03414
G1 X114.495 Y120.012 E.03138
G1 X115.524 Y120.173 E.03439
;WIDTH:0.422783
G1 X116.584 Y120.131 E.03351
;WIDTH:0.439999
G1 X117.419 Y119.924 E.0284
G1 X117.976 Y119.662 E.02032
G1 X118.54 Y119.353 E.02123
G1 X118.978 Y119.013 E.01831
;WIDTH:0.483145
G1 X119.194 Y118.833 E.01029
;WIDTH:0.52629
G1 X119.411 Y118.652 E.01136
G1 X119.288 Y118.907 E.01138
;WIDTH:0.483145
G1 X119.166 Y119.161 E.01031
;WIDTH:0.439999
G1 X118.481 Y120.348 E.04525
G1 X118.208 Y120.506 E.01041
G1 X116.374 Y120.521 E.06056
;WIDTH:0.40917
G1 X115.274 Y120.522 E.0335
;WIDTH:0.439999
G1 X112.792 Y120.506 E.08195
G1 X112.519 Y120.348 E.01041
G1 X112.001 Y119.452 E.03417
;WIDTH:0.454852
G1 X110.964 Y117.668 E.07068
;WIDTH:0.449062
G1 X109.811 Y115.658 E.07825
;WIDTH:0.439999
G1 X109.811 Y115.342 E.01043
G1 X110.438 Y114.256 E.0414
;WIDTH:0.487712
G1 X110.703 Y113.844 E.01812
;WIDTH:0.535424
G1 X110.936 Y113.482 E.01763
G1 X110.969 Y113.432 F9000
G1 F900
G1 X111.088 Y113.198 E.01075
;WIDTH:0.508076
G1 X111.207 Y112.964 E.01015
;WIDTH:0.482352
G1 X111.49 Y112.476 E.02061
;WIDTH:0.515316
G1 X111.646 Y112.238 E.01118
;WIDTH:0.54828
G1 X111.803 Y112 E.01198
G1 X112.238 Y110.356 F9000
;WIDTH:0.439999
G1 F900
G1 X112.686 Y110.097 E.01709
G1 X114.329 Y110.097 E.05425
;WIDTH:0.484733
G1 X114.617 Y110.119 E.01061
;WIDTH:0.529466
G1 X114.906 Y110.142 E.01173
G1 X115.485 Y110.124 E.02344
;WIDTH:0.494447
G1 X116.024 Y110.123 E.02024
;WIDTH:0.515169
G1 X116.55 Y110.135 E.02066
G1 X116.849 Y110.116 E.01176
;WIDTH:0.477584
G1 X117.149 Y110.097 E.01086
;WIDTH:0.439999
G1 X118.314 Y110.097 E.03847
G1 X118.772 Y110.362 E.01747
G1 X119.246 Y111.182 E.03127
;WIDTH:0.469555
G1 X119.383 Y111.449 E.01065
;WIDTH:0.499111
G1 X119.52 Y111.716 E.01138
G1 X119.831 Y112.218 E.0224
;WIDTH:0.461996
G1 X120.09 Y112.662 E.01791
;WIDTH:0.480826
G1 X120.362 Y113.157 E.02057
G1 X120.671 Y113.65 E.02119
;WIDTH:0.439999
G1 X121.586 Y115.235 E.06043
G1 X121.586 Y115.765 E.0175
G1 X118.772 Y120.638 E.18579
G1 X118.314 Y120.903 E.01747
G1 X112.686 Y120.903 E.18582
G1 X112.228 Y120.638 E.01747
G1 X109.414 Y115.765 E.18579
G1 X109.414 Y115.235 E.0175
G1 X112.204 Y110.404 E.1842
G1 X111.948 Y110.076 F9000
;TYPE:External perimeter
;WIDTH:0.419999
G1 F900
G1 X112.582 Y109.71 E.02295
G1 X118.418 Y109.71 E.18298
G1 X119.055 Y110.078 E.02307
G1 X121.973 Y115.132 E.18298
G1 X121.973 Y115.868 E.02308
G1 X119.055 Y120.922 E.18298
G1 X118.418 Y121.29 E.02307
G1 X112.582 Y121.29 E.18298
G1 X111.945 Y120.922 E.02307
G1 X109.027 Y115.868 E.18298
G1 X109.027 Y115.132 E.02308
G1 X111.916 Y110.127 E.18119
G1 E-3.5 F3600
;WIPE_START
G1 F7200
G1 X111.948 Y110.076 E-.0286
G1 X112.582 Y109.71 E-.34773
G1 X114.947 Y109.71 E-1.12367
;WIPE_END
G1 X110.386 Y114.902 F9000
G1 E5 F2400
;TYPE:Solid infill
;WIDTH:0.38425
G1 F900
G1 X110.445 Y114.95 E.00216
G1 X110.432 Y115.558 E.01726
;WIDTH:0.383458
G1 X110.547 Y116.202 E.01852
G1 X110.487 Y116.262 E.0024
G1 X110.112 Y115.623 E.02098
;WIDTH:0.38425
G1 X110.089 Y115.416 E.00591
G1 X110.287 Y115.074 E.01122
G1 E-3.5 F3600
;WIPE_START
G1 F7200
G1 X110.089 Y115.416 E-.18771
G1 X110.112 Y115.623 E-.09893
G1 X110.487 Y116.262 E-.35193
G1 X110.547 Y116.202 E-.04031
G1 X110.432 Y115.558 E-.31074
G1 X110.445 Y114.95 E-.28887
G1 X110.386 Y114.902 E-.03613
;WIPE_END
G1 E-.18538 F3600
G1 X112.248 Y119.203 F9000
G1 E5 F2400
;WIDTH:0.478614
G1 F900
G1 X112.538 Y119.455 E.01392
G1 X113.26 Y119.904 E.0308
;WIDTH:0.478178
G1 X113.984 Y120.181 E.02806
G1 X112.938 Y120.181 E.03786
;WIDTH:0.478614
G1 X112.757 Y120.11 E.00704
G1 X112.345 Y119.376 E.03049
G1 E-3.5 F3600
;WIPE_START
G1 F7200
G1 X112.757 Y120.11 E-.39982
G1 X112.938 Y120.181 E-.09235
G1 X113.984 Y120.181 E-.49685
G1 X113.26 Y119.904 E-.36821
G1 X113.005 Y119.745 E-.14277
;WIPE_END
G1 X118.455 Y119.712 F9000
G1 E5 F2400
;WIDTH:0.359087
G1 F900
G1 X118.509 Y119.769 E.00206
G1 X118.251 Y120.175 E.01265
;WIDTH:0.361071
G1 X118.136 Y120.24 E.00349
G1 X117.559 Y120.244 E.01526
G1 X117.543 Y120.16 E.00226
G1 X117.751 Y120.079 E.00591
G1 X118.279 Y119.804 E.01575
;LAYER_CHANGE
;Z:1
;HEIGHT:0.2
;BEFORE_LAYER_CHANGE
G92 E0
;1


G1 E-3.5 F3600
;WIPE_START
G1 F7200
G1 X117.751 Y120.079 E-.28278
G1 X117.543 Y120.16 E-.10603
G1 X117.559 Y120.244 E-.04062
G1 X118.136 Y120.24 E-.27408
G1 X118.251 Y120.175 E-.06275
G1 X118.509 Y119.769 E-.22849
G1 X118.455 Y119.712 E-.0373
;WIPE_END
G1 E-.46795 F3600
G1 Z1 F9000
;AFTER_LAYER_CHANGE
;1
G1 X117.945 Y119.481
G1 E5 F2400
;TYPE:Perimeter
;WIDTH:0.439999
G1 F900
G1 X117.5 Y119.687 E.01619
G1 X117.007 Y119.851 E.01715
G1 X116.502 Y119.957 E.01704
G1 X115.992 Y120.006 E.01692
G1 X115.484 Y119.997 E.01678
G1 X114.531 Y119.818 E.03202
G1 X113.624 Y119.429 E.03258
G1 X112.841 Y118.857 E.03202
G1 X112.216 Y118.136 E.0315
G1 X111.775 Y117.307 E.031
G1 X111.388 Y116.078 E.04254
G1 X111.316 Y115.416 E.02199
G1 X111.296 Y115.013 E.01332
G1 X111.41 Y114.191 E.0274
G1 X111.744 Y113.275 E.03219
G1 X112.283 Y112.443 E.03273
G1 X113.007 Y111.743 E.03325
G1 X113.454 Y111.436 E.0179
G1 X113.911 Y111.199 E.017
G1 X114.395 Y111.013 E.01712
G1 X114.9 Y110.882 E.01723
G1 X115.842 Y110.798 E.03123
G1 X116.474 Y110.838 E.02091
G1 X117.012 Y110.945 E.01811
G1 X117.529 Y111.11 E.01792
G1 X118.027 Y111.335 E.01804
G1 X118.5 Y111.616 E.01817
G1 X118.941 Y111.952 E.01831
;WIDTH:0.4721
G1 X119.356 Y112.326 E.01994
G1 X119.706 Y112.769 E.02015
;WIDTH:0.440557
G1 X120.01 Y113.247 E.01873
;WIDTH:0.447095
G1 X120.319 Y113.855 E.02292
G1 X120.444 Y114.382 E.0182
;WIDTH:0.439999
G1 X120.502 Y114.947 E.01875
G1 X120.497 Y115.491 E.01796
G1 X120.429 Y116.066 E.01912
;WIDTH:0.475745
G1 X120.403 Y116.251 E.00672
;WIDTH:0.511491
G1 X120.377 Y116.435 E.00724
;WIDTH:0.547236
G1 X120.352 Y116.62 E.00783
G1 X120.159 Y117.144 E.02342
;WIDTH:0.541697
G1 X119.905 Y117.636 E.02296
;WIDTH:0.53588
G1 X119.613 Y118.1 E.02247
;WIDTH:0.581679
G1 X119.286 Y118.537 E.02445
G1 X119.14 Y118.647 E.00819
;WIDTH:0.534453
G1 X118.993 Y118.756 E.00748
;WIDTH:0.487226
G1 X118.847 Y118.866 E.00675
;WIDTH:0.439999
G1 X118.427 Y119.192 E.01755
G1 X117.998 Y119.453 E.01658
G1 X117.765 Y119.137 F9000
;TYPE:External perimeter
;WIDTH:0.419999
G1 F900
G1 X117.735 Y119.155 E.0011
G1 X117.32 Y119.342 E.01427
G1 X116.867 Y119.488 E.01492
G1 X116.403 Y119.581 E.01484
G1 X115.937 Y119.621 E.01466
G1 X115.462 Y119.606 E.0149
G1 X114.605 Y119.438 E.02738
G1 X113.782 Y119.076 E.02819
G1 X113.074 Y118.548 E.02769
G1 X112.512 Y117.887 E.0272
G1 X112.12 Y117.13 E.02673
G1 X111.757 Y115.96 E.03841
G1 X111.679 Y115.066 E.02814
G1 X111.793 Y114.244 E.02602
G1 X112.105 Y113.413 E.02783
G1 X112.605 Y112.659 E.02837
G1 X113.272 Y112.025 E.02885
G1 X113.686 Y111.748 E.01562
G1 X114.106 Y111.535 E.01477
G1 X114.551 Y111.369 E.01489
G1 X115.026 Y111.252 E.01534
G1 X115.874 Y111.183 E.02668
G1 X116.445 Y111.224 E.01795
G1 X116.954 Y111.329 E.0163
G1 X117.427 Y111.486 E.01563
G1 X117.884 Y111.697 E.01578
G1 X118.317 Y111.96 E.01588
G1 X118.721 Y112.272 E.016
G1 X119.09 Y112.631 E.01614
G1 X119.419 Y113.032 E.01626
G1 X119.693 Y113.453 E.01575
G1 X119.966 Y114.023 E.01982
G1 X120.068 Y114.483 E.01477
G1 X120.117 Y114.984 E.01578
G1 X120.11 Y115.485 E.01571
G1 X120.045 Y116.017 E.0168
G1 X119.924 Y116.515 E.01607
G1 X119.749 Y116.992 E.01593
G1 X119.523 Y117.443 E.01582
G1 X119.249 Y117.862 E.0157
G1 X118.919 Y118.26 E.01621
G1 X118.563 Y118.601 E.01546
G1 X118.174 Y118.896 E.01531
G1 X117.817 Y119.106 E.01299
G1 E-3.5 F3600
;WIPE_START
G1 F7200
G1 X117.765 Y119.137 E-.02876
G1 X117.735 Y119.155 E-.01662
G1 X117.32 Y119.342 E-.21621
G1 X116.867 Y119.488 E-.22607
G1 X116.403 Y119.581 E-.22478
G1 X115.937 Y119.621 E-.22216
G1 X115.462 Y119.606 E-.22574
G1 X114.76 Y119.468 E-.33966
;WIPE_END
G1 X115.298 Y120.44 F9000
G1 E5 F2400
;TYPE:Perimeter
;WIDTH:0.571204
G1 F900
G1 X115.007 Y120.462 E.01282
;WIDTH:0.527469
G1 X114.716 Y120.484 E.01176
;WIDTH:0.483734
G1 X114.425 Y120.506 E.0107
;WIDTH:0.439999
G1 X112.61 Y120.506 E.05993
G1 X111.952 Y119.367 E.04343
;WIDTH:0.46112
G1 X111.414 Y118.413 E.03809
;WIDTH:0.481754
G1 X111.018 Y117.706 E.02957
G1 X110.654 Y117.118 E.02523
;WIDTH:0.439999
G1 X109.72 Y115.5 E.06168
G1 X110.722 Y113.757 E.06638
;WIDTH:0.4338
G1 X110.98 Y113.275 E.01777
;WIDTH:0.397174
G1 X111.237 Y112.793 E.01609
;WIDTH:0.391162
G1 X111.529 Y112.317 E.01617
;WIDTH:0.421776
G1 X111.822 Y111.841 E.01761
;WIDTH:0.439999
G1 X112.61 Y110.494 E.05153
G1 X114.805 Y110.502 E.07247
G1 X114.255 Y110.641 E.01873
G1 X113.73 Y110.845 E.0186
G1 X113.235 Y111.105 E.01846
G1 X112.735 Y111.454 E.02013
G1 X112.101 Y112.062 E.029
;WIDTH:0.421776
G1 X111.974 Y112.236 E.00679
;WIDTH:0.389297
G1 X111.407 Y113.146 E.03088
;WIDTH:0.400041
G1 X111.241 Y113.536 E.01259
;WIDTH:0.4338
G1 X111.074 Y113.925 E.01376
;WIDTH:0.438229
G1 X111.018 Y114.136 E.00718
;WIDTH:0.439999
G1 X110.902 Y114.958 E.02741
G1 X110.921 Y115.451 E.01629
G1 X111.01 Y116.198 E.02484
;WIDTH:0.46926
G1 X111.168 Y116.762 E.02076
;WIDTH:0.498521
G1 X111.326 Y117.325 E.02215
G1 X111.403 Y117.497 E.00714
;WIDTH:0.481754
G1 X111.9 Y118.4 E.03761
;WIDTH:0.469241
G1 X112.602 Y119.174 E.03704
;WIDTH:0.439999
G1 X113.462 Y119.792 E.03497
G1 X114.454 Y120.208 E.03552
;WIDTH:0.483734
G1 X114.735 Y120.285 E.01068
;WIDTH:0.527469
G1 X115.017 Y120.363 E.01179
;WIDTH:0.571204
G1 X115.24 Y120.424 E.01016
G1 E-3.5 F3600
;WIPE_START
G1 F7200
G1 X115.298 Y120.44 E-.02858
G1 X115.007 Y120.462 E-.13862
G1 X114.716 Y120.484 E-.13862
G1 X114.425 Y120.506 E-.13862
G1 X112.61 Y120.506 E-.86212
G1 X112.406 Y120.153 E-.19344
;WIPE_END
G1 X114.874 Y110.488 F9000
G1 E5 F2400
;WIDTH:0.427842
G1 F900
G1 X115.344 Y110.468 E.01506
;WIDTH:0.387689
G1 X115.814 Y110.448 E.01349
G1 X116.502 Y110.468 E.01973
;WIDTH:0.404956
G1 X116.625 Y110.477 E.00371
;WIDTH:0.443892
G1 X116.862 Y110.496 E.00793
;WIDTH:0.482828
G1 X117.099 Y110.516 E.0087
G1 X118.378 Y110.516 E.04678
G1 X118.871 Y111.369 E.03604
G1 X118.3 Y111.007 E.02473
G1 X117.764 Y110.754 E.02168
G1 X117.206 Y110.564 E.02156
G1 X116.915 Y110.52 E.01077
;WIDTH:0.443892
G1 X116.685 Y110.486 E.00775
G1 E-3.5 F3600
;WIPE_START
G1 F7200
G1 X116.625 Y110.477 E-.02882
G1 X116.862 Y110.496 E-.11294
G1 X117.099 Y110.516 E-.11298
G1 X118.378 Y110.516 E-.60752
G1 X118.871 Y111.369 E-.46798
G1 X118.569 Y111.178 E-.16976
;WIPE_END
G1 X120.875 Y114.779 F9000
G1 E5 F2400
;WIDTH:0.420577
G1 F900
G1 X121.291 Y115.5 E.02614
G1 X120.733 Y116.468 E.03509
G1 X120.813 Y116.116 E.01134
G1 X120.885 Y115.497 E.01957
G1 X120.876 Y114.839 E.02066
G1 E-3.5 F3600
;WIPE_START
G1 F7200
G1 X120.875 Y114.779 E-.0285
G1 X121.291 Y115.5 E-.39539
G1 X120.733 Y116.468 E-.53072
G1 X120.813 Y116.116 E-.17146
G1 X120.885 Y115.497 E-.29601
G1 X120.883 Y115.333 E-.07792
;WIPE_END
G1 X118.975 Y119.358 F9000
G1 E5 F2400
;WIDTH:0.57512
G1 F900
G1 X118.351 Y120.438 E.0552
G1 X117.173 Y120.438 E.05213
;WIDTH:0.595818
G1 X116.597 Y120.425 E.02649
;WIDTH:0.594324
G1 X117.15 Y120.293 E.02607
;WIDTH:0.57512
G1 X117.693 Y120.109 E.02537
G1 X118.214 Y119.865 E.02546
G1 X118.925 Y119.391 E.03781
G1 E-3.5 F3600
;WIPE_START
G1 F7200
G1 X118.975 Y119.358 E-.02846
G1 X118.351 Y120.438 E-.59247
G1 X117.173 Y120.438 E-.55955
G1 X116.597 Y120.425 E-.27367
G1 X116.691 Y120.403 E-.04585
;WIPE_END
G1 X116.568 Y120.428 F9000
G1 E5 F2400
;WIDTH:0.595818
G1 F900
G1 X116.3 Y120.441 E.01234
;WIDTH:0.570241
G1 X116.031 Y120.454 E.01181
;WIDTH:0.552036
G1 X115.473 Y120.45 E.02362
;WIDTH:0.571204
G1 X115.298 Y120.44 E.0077
G1 E-3.5 F3600
;WIPE_START
G1 F7200
G1 X115.473 Y120.45 E-.08326
G1 X116.031 Y120.454 E-.26506
G1 X116.3 Y120.441 E-.12792
G1 X116.568 Y120.428 E-.12745
;WIPE_END
G1 E-.89631 F3600
G1 X112.334 Y120.823 F9000
G1 E5 F2400
;WIDTH:0.439999
G1 F900
G1 X109.261 Y115.5 E.20294
G1 X112.381 Y110.097 E.206
G1 X118.619 Y110.097 E.20596
G1 X119.49 Y111.604 E.05747
;WIDTH:0.481843
G1 X119.765 Y112.122 E.0214
G1 X120.077 Y112.617 E.02136
;WIDTH:0.435796
G1 X120.383 Y113.135 E.01965
;WIDTH:0.447095
G1 X120.975 Y114.178 E.04031
;WIDTH:0.439999
G1 X121.739 Y115.5 E.05041
G1 X121.194 Y116.443 E.03596
;WIDTH:0.487691
G1 X121.075 Y116.603 E.00737
;WIDTH:0.535382
G1 X120.955 Y116.763 E.00819
;WIDTH:0.583073
G1 X120.835 Y116.923 E.00898
G1 X120.562 Y117.441 E.0263
;WIDTH:0.536121
G1 X120.303 Y117.906 E.02183
;WIDTH:0.53588
G1 X120.033 Y118.359 E.02162
;WIDTH:0.582043
G1 X119.724 Y118.847 E.02589
G1 X119.649 Y119.024 E.00862
;WIDTH:0.534695
G1 X119.575 Y119.201 E.00784
;WIDTH:0.487347
G1 X119.5 Y119.377 E.00707
;WIDTH:0.439999
G1 X118.619 Y120.903 E.05818
G1 X112.381 Y120.903 E.20596
G1 X112.364 Y120.875 E.00108
G1 X112.16 Y121.29 F9000
;TYPE:External perimeter
;WIDTH:0.419999
G1 F900
G1 X112.157 Y121.29 E.00009
G1 X108.814 Y115.5 E.20963
G1 X112.157 Y109.71 E.20963
G1 X118.843 Y109.71 E.20963
G1 X122.186 Y115.5 E.20963
G1 X118.843 Y121.29 E.20963
G1 X112.22 Y121.29 E.20766
G1 X112.277 Y119.298 F9000
;TYPE:Solid infill
;WIDTH:0.429004
G1 F900
G1 X113.119 Y119.936 E.03391
G1 X113.577 Y120.164 E.01642
G1 X113.585 Y120.206 E.00137
G1 X112.783 Y120.206 E.02575
G1 X112.373 Y119.472 E.02699
G1 E-3.5 F3600
;WIPE_START
G1 F7200
G1 X112.783 Y120.206 E-.39935
G1 X113.585 Y120.206 E-.38095
G1 X113.577 Y120.164 E-.02031
G1 X113.119 Y119.936 E-.24302
G1 X112.353 Y119.356 E-.45637
;WIPE_END
G1 X110.108 Y115.5 F9000
G1 E5 F2400
;WIDTH:0.500901
G1 F900
G1 X110.61 Y114.625 E.03842
G1 X110.568 Y114.952 E.01255
G1 X110.641 Y116.057 E.04217
G1 X110.855 Y116.794 E.02923
G1 X110.207 Y115.672 E.04934
G1 E-3.5 F3600
;WIPE_START
G1 F7200
G1 X110.855 Y116.794 E-.61545
G1 X110.641 Y116.057 E-.36453
G1 X110.569 Y114.965 E-.52002
;WIPE_END
G1 X112.822 Y110.824 F9000
G1 E5 F2400
;WIDTH:0.629444
G1 F900
G1 X112.77 Y110.876 E.00359
G1 X112.789 Y110.946 E.00354
G1 X112.86 Y110.965 E.00358
G1 X112.912 Y110.914 E.00355
G1 X112.893 Y110.843 E.00358
;LAYER_CHANGE
;Z:1.2
;HEIGHT:0.2
;BEFORE_LAYER_CHANGE
G92 E0
;1.4


G1 E-3.5 F3600
;WIPE_START
G1 F7200
G1 X113.454 Y120.072 E-.03563
G1 X113.399 Y120.02 E-.03595
G1 X113.343 Y119.969 E-.03598
G1 X113.288 Y119.918 E-.03563
G1 X112.948 Y119.69 E-.19445
G1 X112.608 Y119.462 E-.19445
;WIPE_END
G1 E-.96791 F3600
G1 Z1.2 F9000
;AFTER_LAYER_CHANGE
;1.4
G1 X113.94 Y119.812
G1 E5 F2400
;TYPE:Perimeter
;WIDTH:0.439999
G1 F900
G1 X113.51 Y119.596 E.01589
G1 X113.083 Y119.317 E.01684
G1 X112.692 Y118.994 E.01674
G1 X112.061 Y118.262 E.03191
G1 X111.596 Y117.396 E.03245
G1 X111.342 Y116.463 E.03193
G1 X111.303 Y115.513 E.03139
G1 X111.475 Y114.593 E.0309
G1 X111.741 Y113.775 E.0284
G1 X111.952 Y113.298 E.01722
G1 X112.423 Y112.587 E.02816
G1 X113.111 Y111.914 E.03178
G1 X113.946 Y111.405 E.03229
G1 X114.889 Y111.09 E.03283
G1 X115.775 Y110.998 E.02941
G1 X116.423 Y111.032 E.02142
G1 X116.944 Y111.133 E.01752
G1 X117.44 Y111.29 E.01718
G1 X117.918 Y111.504 E.01729
G1 X118.373 Y111.772 E.01744
G1 X118.798 Y112.092 E.01757
;WIDTH:0.474876
G1 X118.94 Y112.202 E.00645
;WIDTH:0.509753
G1 X119.082 Y112.312 E.00697
;WIDTH:0.544629
G1 X119.223 Y112.423 E.00749
G1 X119.574 Y112.841 E.02277
;WIDTH:0.541432
G1 X119.87 Y113.304 E.02278
;WIDTH:0.536121
G1 X120.129 Y113.793 E.02269
;WIDTH:0.583072
G1 X120.348 Y114.306 E.02505
G1 X120.371 Y114.494 E.00851
;WIDTH:0.535381
G1 X120.394 Y114.682 E.00776
;WIDTH:0.48769
G1 X120.417 Y114.87 E.007
;WIDTH:0.439999
G1 X120.492 Y115.425 E.01849
G1 X120.505 Y115.988 E.01859
G1 X120.453 Y116.554 E.01877
;WIDTH:0.451793
G1 X120.342 Y117.096 E.01881
G1 X120.047 Y117.689 E.02252
;WIDTH:0.435796
G1 X119.742 Y118.178 E.01883
;WIDTH:0.481844
G1 X119.405 Y118.628 E.02052
G1 X118.99 Y119.006 E.02049
;WIDTH:0.439999
G1 X118.553 Y119.347 E.0183
G1 X118.084 Y119.635 E.01817
G1 X117.589 Y119.866 E.01804
G1 X117.075 Y120.039 E.01791
G1 X116.548 Y120.152 E.0178
G1 X116.017 Y120.204 E.01762
G1 X115.486 Y120.197 E.01753
G1 X114.964 Y120.13 E.01738
G1 X114.457 Y120.006 E.01723
G1 X113.995 Y119.837 E.01624
G1 X114.097 Y119.46 F9000
;TYPE:External perimeter
;WIDTH:0.419999
G1 F900
G1 X114.087 Y119.456 E.00034
G1 X113.492 Y119.124 E.02136
G1 X112.941 Y118.698 E.02184
G1 X112.356 Y118.012 E.02827
G1 X111.94 Y117.218 E.02811
G1 X111.717 Y116.367 E.02758
G1 X111.69 Y115.503 E.0271
G1 X111.855 Y114.671 E.02659
G1 X112.109 Y113.896 E.02557
G1 X112.294 Y113.482 E.01422
G1 X112.745 Y112.801 E.02561
G1 X113.377 Y112.195 E.02745
G1 X114.143 Y111.738 E.02797
G1 X115.006 Y111.459 E.02844
G1 X115.809 Y111.384 E.02529
G1 X116.398 Y111.419 E.0185
G1 X116.887 Y111.518 E.01564
G1 X117.34 Y111.666 E.01494
G1 X117.777 Y111.866 E.01507
G1 X118.192 Y112.116 E.01519
G1 X118.579 Y112.413 E.0153
G1 X118.933 Y112.755 E.01543
G1 X119.249 Y113.138 E.01557
G1 X119.523 Y113.557 E.0157
G1 X119.748 Y114.008 E.0158
G1 X119.924 Y114.485 E.01594
G1 X120.045 Y114.983 E.01607
G1 X120.11 Y115.495 E.01618
G1 X120.118 Y115.995 E.01568
G1 X120.068 Y116.517 E.01644
G1 X119.966 Y116.977 E.01477
G1 X119.705 Y117.526 E.01906
G1 X119.419 Y117.968 E.01651
G1 X119.09 Y118.369 E.01626
G1 X118.721 Y118.728 E.01614
G1 X118.317 Y119.04 E.016
G1 X117.884 Y119.303 E.01588
G1 X117.427 Y119.514 E.01578
G1 X116.933 Y119.676 E.0163
G1 X116.449 Y119.776 E.0155
G1 X115.96 Y119.82 E.01539
G1 X115.473 Y119.808 E.01527
G1 X114.995 Y119.743 E.01513
G1 X114.531 Y119.625 E.01501
G1 X114.153 Y119.481 E.01268
G1 X113.78 Y120.174 F9000
;TYPE:Perimeter
;WIDTH:0.439999
G1 F900
G1 X113.83 Y120.199 E.00185
G1 X114.36 Y120.391 E.01861
G1 X114.912 Y120.515 E.01868
G1 X112.61 Y120.506 E.07601
G1 X111.983 Y119.42 E.0414
G1 X111.687 Y118.946 E.01845
;WIDTH:0.401026
G1 X111.391 Y118.472 E.01664
;WIDTH:0.402103
G1 X110.854 Y117.503 E.03309
;WIDTH:0.439999
G1 X109.72 Y115.5 E.076
G1 X110.51 Y114.132 E.05216
;WIDTH:0.484489
G1 X110.984 Y113.354 E.03345
G1 X111.277 Y112.823 E.02227
;WIDTH:0.460416
G1 X111.821 Y111.874 E.03797
;WIDTH:0.453926
G1 X112.232 Y111.149 E.02848
;WIDTH:0.439999
G1 X112.61 Y110.494 E.02497
G1 X113.87 Y110.494 E.0416
;WIDTH:0.487027
G1 X114.123 Y110.518 E.00938
;WIDTH:0.534054
G1 X114.375 Y110.541 E.01033
;WIDTH:0.581081
G1 X114.627 Y110.565 E.01133
;WIDTH:0.628108
G1 X114.879 Y110.588 E.01231
G1 X114.815 Y110.621 E.0035
;WIDTH:0.594169
G1 X114.751 Y110.654 E.0033
;WIDTH:0.560229
G1 X114.415 Y110.79 E.01559
;WIDTH:0.520153
G1 X114.08 Y110.927 E.01436
;WIDTH:0.480076
G1 X113.744 Y111.063 E.01318
;WIDTH:0.439999
G1 X112.838 Y111.626 E.03522
;WIDTH:0.485809
G1 X112.073 Y112.355 E.03892
G1 X111.551 Y113.189 E.03623
;WIDTH:0.485331
G1 X111.343 Y113.644 E.0184
G1 X111.086 Y114.514 E.03337
;WIDTH:0.439999
G1 X110.906 Y115.523 E.03384
G1 X110.957 Y116.562 E.03435
G1 X111.113 Y117.063 E.01733
;WIDTH:0.41091
G1 X111.27 Y117.565 E.01609
;WIDTH:0.381821
G1 X111.784 Y118.497 E.02999
;WIDTH:0.405456
G1 X112.111 Y118.898 E.0156
;WIDTH:0.439999
G1 X112.437 Y119.299 E.01706
G1 X112.863 Y119.648 E.01818
G1 X113.329 Y119.95 E.01833
G1 X113.726 Y120.147 E.01463
G1 E-3.5 F3600
;WIPE_START
G1 F7200
G1 X113.78 Y120.174 E-.02868
G1 X113.83 Y120.199 E-.02655
G1 X114.36 Y120.391 E-.26776
G1 X114.912 Y120.515 E-.26873
G1 X113 Y120.507 E-.90828
;WIPE_END
G1 X116.596 Y120.526 F9000
G1 E5 F2400
;WIDTH:0.399368
G1 F900
G1 X116.322 Y120.54 E.00813
;WIDTH:0.372614
G1 X116.049 Y120.553 E.00749
;WIDTH:0.35192
G1 X115.479 Y120.55 E.01465
;WIDTH:0.386918
G1 X115.196 Y120.532 E.00811
;WIDTH:0.421916
G1 X114.912 Y120.515 E.00897
G1 E-3.5 F3600
;WIPE_START
G1 F7200
G1 X115.196 Y120.532 E-.13514
G1 X115.479 Y120.55 E-.1347
G1 X116.049 Y120.553 E-.27075
G1 X116.322 Y120.54 E-.12982
G1 X116.596 Y120.526 E-.13032
;WIPE_END
G1 E-.69927 F3600
G1 X117.004 Y120.484 F9000
G1 E5 F2400
;WIDTH:0.482828
G1 F900
G1 X117.205 Y120.436 E.00756
G1 X117.764 Y120.246 E.0216
G1 X118.3 Y119.993 E.02168
G1 X118.871 Y119.631 E.02473
G1 X118.378 Y120.484 E.03604
G1 X117.064 Y120.484 E.04806
G1 E-3.5 F3600
;WIPE_START
G1 F7200
G1 X117.004 Y120.484 E-.0285
G1 X117.205 Y120.436 E-.09816
G1 X117.764 Y120.246 E-.28044
G1 X118.3 Y119.993 E-.28154
G1 X118.871 Y119.631 E-.32114
G1 X118.378 Y120.484 E-.46798
G1 X118.331 Y120.484 E-.02224
;WIPE_END
G1 X120.875 Y116.221 F9000
G1 E5 F2400
;WIDTH:0.420577
G1 F900
G1 X120.892 Y115.982 E.00752
G1 X120.876 Y115.375 E.01907
G1 X120.733 Y114.532 E.02685
G1 X121.291 Y115.5 E.03509
G1 X120.905 Y116.169 E.02425
G1 E-3.5 F3600
;WIPE_START
G1 F7200
G1 X120.875 Y116.221 E-.02852
G1 X120.892 Y115.982 E-.11381
G1 X120.876 Y115.375 E-.28843
G1 X120.733 Y114.532 E-.40615
G1 X121.291 Y115.5 E-.53072
G1 X121.152 Y115.741 E-.13237
;WIPE_END
G1 X118.975 Y111.642 F9000
G1 E5 F2400
;WIDTH:0.575119
G1 F900
G1 X118.709 Y111.439 E.01481
G1 X118.214 Y111.135 E.02571
G1 X117.692 Y110.891 E.0255
G1 X117.15 Y110.708 E.02532
;WIDTH:0.601162
G1 X116.597 Y110.575 E.0264
G1 X117.048 Y110.562 E.02094
;WIDTH:0.575119
G1 X118.351 Y110.562 E.05766
G1 X118.945 Y111.59 E.05254
G1 E-3.5 F3600
;WIPE_START
G1 F7200
G1 X118.975 Y111.642 E-.02852
G1 X118.709 Y111.439 E-.15894
G1 X118.214 Y111.135 E-.27593
G1 X117.692 Y110.891 E-.2737
G1 X117.15 Y110.708 E-.27173
G1 X116.597 Y110.575 E-.27017
G1 X117.048 Y110.562 E-.21431
G1 X117.062 Y110.562 E-.0067
;WIPE_END
G1 X114.879 Y110.588 F9000
G1 E5 F2400
;WIDTH:0.628108
G1 F900
G1 X114.97 Y110.582 E.00444
;WIDTH:0.616192
G1 X115.43 Y110.565 E.02194
;WIDTH:0.581432
G1 X115.89 Y110.547 E.02061
;WIDTH:0.573917
G1 X116.243 Y110.561 E.0156
;WIDTH:0.601162
G1 X116.597 Y110.575 E.01644
G1 E-3.5 F3600
;WIPE_START
G1 F7200
G1 X116.243 Y110.561 E-.16828
G1 X115.89 Y110.547 E-.16781
G1 X115.43 Y110.565 E-.21867
G1 X114.97 Y110.582 E-.21865
G1 X114.879 Y110.588 E-.04332
;WIPE_END
G1 E-.68327 F3600
G1 X118.619 Y110.097 F9000
G1 E5 F2400
;WIDTH:0.439999
G1 F900
G1 X119.5 Y111.623 E.05818
;WIDTH:0.487226
G1 X119.576 Y111.8 E.00712
;WIDTH:0.534453
G1 X119.651 Y111.978 E.00789
;WIDTH:0.581679
G1 X119.726 Y112.156 E.00865
G1 X120.033 Y112.641 E.02571
;WIDTH:0.535881
G1 X120.303 Y113.094 E.02162
;WIDTH:0.536121
G1 X120.562 Y113.559 E.02183
;WIDTH:0.583072
G1 X120.835 Y114.077 E.0263
G1 X120.955 Y114.237 E.00898
;WIDTH:0.535381
G1 X121.075 Y114.397 E.00819
;WIDTH:0.48769
G1 X121.194 Y114.557 E.00737
;WIDTH:0.439999
G1 X121.739 Y115.5 E.03596
G1 X120.975 Y116.822 E.05041
;WIDTH:0.447091
G1 X120.333 Y117.952 E.04368
;WIDTH:0.440558
G1 X120.031 Y118.457 E.01946
;WIDTH:0.482403
G1 X119.761 Y118.883 E.01843
G1 X119.49 Y119.396 E.0212
;WIDTH:0.439999
G1 X118.619 Y120.903 E.05747
G1 X112.381 Y120.903 E.20596
G1 X109.261 Y115.5 E.206
G1 X112.381 Y110.097 E.206
G1 X118.559 Y110.097 E.20398
G1 X118.879 Y109.772 F9000
;TYPE:External perimeter
;WIDTH:0.419999
G1 F900
G1 X122.186 Y115.5 E.20738
G1 X118.843 Y121.29 E.20963
G1 X112.157 Y121.29 E.20963
G1 X108.814 Y115.5 E.20963
G1 X112.157 Y109.71 E.20963
G1 X118.843 Y109.71 E.20963
G1 X118.849 Y109.72 E.00037
G1 E-3.5 F3600
;WIPE_START
G1 F7200
G1 X118.879 Y109.772 E-.02852
G1 X120.428 Y112.455 E-1.47148
;WIPE_END
G1 X110.75 Y114.635 F9000
G1 E5 F2400
;TYPE:Internal infill
;WIDTH:0.44
G1 F900
G1 X110.33 Y115.054 E.01959
G1 E-3.5 F3600
;WIPE_START
G1 F7200
G1 X110.75 Y114.635 E-.2818
;WIPE_END
G1 E-1.2182 F3600
G1 X112.822 Y120.034 F9000
G1 E5 F2400
;TYPE:Solid infill
;WIDTH:0.630158
G1 F900
G1 X112.77 Y120.086 E.00359
G1 X112.789 Y120.157 E.00359
G1 X112.86 Y120.176 E.00359
G1 X112.912 Y120.124 E.00359
G1 X112.893 Y120.053 E.00359
;LAYER_CHANGE
;Z:1.4
;HEIGHT:0.2
;BEFORE_LAYER_CHANGE
G92 E0
;1.8


G1 E-3.5 F3600
;WIPE_START
G1 F7200
G1 X112.822 Y120.176 E-.03491
G1 X112.77 Y120.124 E-.03493
G1 X112.789 Y120.053 E-.03491
G1 X112.86 Y120.034 E-.03491
G1 X112.912 Y120.086 E-.03493
;WIPE_END
G1 E-1.32541 F3600
G1 Z1.4 F9000
;AFTER_LAYER_CHANGE
;1.8
G1 X113.396 Y119.759
G1 E5 F2400
;TYPE:Perimeter
;WIDTH:0.439999
G1 F900
G1 X112.978 Y119.488 E.01645
G1 X112.57 Y119.152 E.01745
G1 X112.204 Y118.776 E.01732
G1 X111.886 Y118.364 E.01718
G1 X111.618 Y117.921 E.01709
G1 X111.403 Y117.456 E.01691
G1 X111.243 Y116.972 E.01683
G1 X111.097 Y116.012 E.03206
G1 X111.165 Y115.026 E.03263
G1 X111.446 Y114.096 E.03208
G1 X111.921 Y113.267 E.03155
G1 X112.559 Y112.576 E.03105
G1 X113.271 Y112.039 E.02944
G1 X114.01 Y111.595 E.02846
G1 X114.909 Y111.29 E.03134
G1 X115.87 Y111.193 E.03189
G1 X116.843 Y111.316 E.03238
G1 X117.78 Y111.659 E.03294
G1 X118.628 Y112.213 E.03344
G1 X119.029 Y112.584 E.01804
G1 X119.364 Y112.978 E.01708
G1 X119.654 Y113.412 E.01723
G1 X119.896 Y113.879 E.01737
G1 X120.085 Y114.373 E.01746
G1 X120.218 Y114.89 E.01763
G1 X120.292 Y115.423 E.01777
G1 X120.306 Y115.964 E.01787
G1 X120.259 Y116.508 E.01803
G1 X120.15 Y117.046 E.01812
;WIDTH:0.482423
G1 X119.999 Y117.58 E.02028
G1 X119.757 Y118.085 E.02046
;WIDTH:0.461995
G1 X119.471 Y118.568 E.01956
;WIDTH:0.499111
G1 X119.142 Y119.031 E.02155
G1 X118.933 Y119.227 E.01087
;WIDTH:0.469555
G1 X118.724 Y119.424 E.01019
;WIDTH:0.439999
G1 X118.219 Y119.785 E.0205
G1 X117.678 Y120.045 E.01982
G1 X117.143 Y120.227 E.01866
;WIDTH:0.477027
G1 X116.873 Y120.305 E.01014
;WIDTH:0.514055
G1 X116.603 Y120.382 E.011
G1 X116.044 Y120.429 E.02198
;WIDTH:0.494456
G1 X115.488 Y120.424 E.02088
;WIDTH:0.529464
G1 X114.938 Y120.374 E.02234
G1 X114.676 Y120.288 E.01116
;WIDTH:0.484732
G1 X114.414 Y120.202 E.01013
;WIDTH:0.439999
G1 X113.906 Y120.017 E.01785
G1 X113.448 Y119.789 E.01689
G1 X113.599 Y119.411 F9000
;TYPE:External perimeter
;WIDTH:0.419999
G1 F900
G1 X113.384 Y119.291 E.00772
G1 X112.817 Y118.855 E.02243
G1 X112.47 Y118.492 E.01575
G1 X112.182 Y118.111 E.01497
G1 X111.94 Y117.704 E.01485
G1 X111.748 Y117.276 E.01471
G1 X111.605 Y116.823 E.01489
G1 X111.48 Y115.957 E.02743
G1 X111.55 Y115.059 E.02824
G1 X111.815 Y114.214 E.02777
G1 X112.254 Y113.464 E.02725
G1 X112.84 Y112.843 E.02677
G1 X113.501 Y112.35 E.02585
G1 X114.208 Y111.927 E.02583
G1 X115.028 Y111.658 E.02706
G1 X115.903 Y111.578 E.02755
G1 X116.789 Y111.699 E.02804
G1 X117.641 Y112.021 E.02856
G1 X118.412 Y112.534 E.02904
G1 X118.776 Y112.879 E.01572
G1 X119.08 Y113.244 E.01489
G1 X119.342 Y113.643 E.01497
G1 X119.559 Y114.074 E.01513
G1 X119.729 Y114.529 E.01523
G1 X119.846 Y115.005 E.01537
G1 X119.91 Y115.52 E.01627
G1 X119.919 Y115.971 E.01414
G1 X119.873 Y116.471 E.01574
G1 X119.771 Y116.967 E.01588
G1 X119.612 Y117.451 E.01597
G1 X119.398 Y117.919 E.01614
G1 X119.13 Y118.362 E.01623
G1 X118.812 Y118.776 E.01637
G1 X118.447 Y119.154 E.01648
G1 X118 Y119.466 E.01709
G1 X117.515 Y119.694 E.0168
G1 X117.021 Y119.859 E.01633
G1 X116.515 Y119.968 E.01623
G1 X116.004 Y120.018 E.0161
G1 X115.495 Y120.01 E.01596
G1 X114.994 Y119.946 E.01584
G1 X114.507 Y119.826 E.01573
G1 X114.021 Y119.645 E.01626
G1 X113.652 Y119.44 E.01324
G1 E-3.5 F3600
;WIPE_START
G1 F7200
G1 X113.599 Y119.411 E-.0287
G1 X113.384 Y119.291 E-.11696
G1 X112.817 Y118.855 E-.33974
G1 X112.47 Y118.492 E-.23853
G1 X112.182 Y118.111 E-.22686
G1 X111.94 Y117.704 E-.22492
G1 X111.748 Y117.276 E-.22282
G1 X111.684 Y117.072 E-.10147
;WIPE_END
G1 X119.411 Y112.349 F9000
G1 E5 F2400
;TYPE:Perimeter
;WIDTH:0.52614
G1 F900
G1 X119.572 Y112.581 E.01135
;WIDTH:0.480526
G1 X119.732 Y112.813 E.01025
;WIDTH:0.434912
G1 X120.002 Y113.251 E.01677
;WIDTH:0.431632
G1 X120.246 Y113.7 E.01652
;WIDTH:0.476284
G1 X120.37 Y113.96 E.01038
;WIDTH:0.520936
G1 X120.495 Y114.22 E.01147
G1 X120.508 Y114.272 F9000
G1 F900
G1 X120.495 Y114.22 E.00213
G1 X120.79 Y114.724 E.02321
;WIDTH:0.513357
G1 X121.238 Y115.5 E.03505
G1 X120.702 Y116.429 E.04195
G1 X120.74 Y115.956 E.01856
G1 X120.722 Y115.366 E.02309
G1 X120.638 Y114.785 E.02296
;WIDTH:0.520936
G1 X120.523 Y114.33 E.01865
G1 E-3.5 F3600
;WIPE_START
G1 F7200
G1 X120.508 Y114.272 E-.02846
G1 X120.495 Y114.22 E-.02546
G1 X120.79 Y114.724 E-.27739
G1 X121.238 Y115.5 E-.42562
G1 X120.702 Y116.429 E-.50946
G1 X120.74 Y115.956 E-.2254
G1 X120.739 Y115.939 E-.00821
;WIPE_END
G1 X118.808 Y119.832 F9000
G1 E5 F2400
;WIDTH:0.390486
G1 F900
G1 X118.404 Y120.531 E.02333
G1 X117.409 Y120.531 E.02876
G1 X117.834 Y120.383 E.01301
G1 X118.291 Y120.171 E.01456
G1 X118.758 Y119.865 E.01614
G1 E-3.5 F3600
;WIPE_START
G1 F7200
G1 X118.808 Y119.832 E-.02846
G1 X118.404 Y120.531 E-.38349
G1 X117.409 Y120.531 E-.47262
G1 X117.834 Y120.383 E-.21377
G1 X118.291 Y120.171 E-.23929
G1 X118.577 Y119.984 E-.16237
;WIPE_END
G1 X113.787 Y120.453 F9000
G1 E5 F2400
;WIDTH:0.546104
G1 F900
G1 X112.641 Y120.453 E.04795
G1 X112.09 Y119.499 E.04609
;WIDTH:0.555504
G1 X111.83 Y119.039 E.02252
G1 X111.876 Y119.09 E.00293
;WIDTH:0.553885
G1 X112.282 Y119.498 E.02445
;WIDTH:0.546104
G1 X112.731 Y119.864 E.02424
G1 X113.222 Y120.179 E.02441
G1 X113.733 Y120.427 E.02377
G1 E-3.5 F3600
;WIPE_START
G1 F7200
G1 X113.787 Y120.453 E-.02847
G1 X112.641 Y120.453 E-.54435
G1 X112.09 Y119.499 E-.5233
G1 X111.83 Y119.039 E-.25099
G1 X111.876 Y119.09 E-.03262
G1 X112.054 Y119.27 E-.12027
;WIPE_END
G1 X110.953 Y117.533 F9000
G1 E5 F2400
;WIDTH:0.542946
G1 F900
G1 X110.864 Y117.413 E.00621
;WIDTH:0.508631
G1 X110.775 Y117.294 E.00575
;WIDTH:0.474315
G1 X110.686 Y117.174 E.00536
;WIDTH:0.439999
G1 X109.72 Y115.5 E.06381
G1 X110.824 Y113.58 E.07313
;WIDTH:0.454603
G1 X111.779 Y111.933 E.06517
;WIDTH:0.439999
G1 X112.61 Y110.494 E.05487
G1 X114.986 Y110.489 E.07845
;WIDTH:0.42899
G1 X116.077 Y110.473 E.03503
;WIDTH:0.445272
G1 X117.201 Y110.497 E.03761
G1 X118.39 Y110.494 E.03978
;WIDTH:0.439999
G1 X119.166 Y111.839 E.05127
;WIDTH:0.48307
G1 X119.289 Y112.094 E.01036
;WIDTH:0.52614
G1 X119.411 Y112.349 E.01136
G1 X119.324 Y112.274 E.00462
;WIDTH:0.501132
G1 X119.087 Y112.079 E.01169
;WIDTH:0.470566
G1 X118.85 Y111.884 E.01091
;WIDTH:0.439999
G1 X117.922 Y111.289 E.0364
;WIDTH:0.456735
G1 X116.9 Y110.914 E.03746
G1 X116.369 Y110.867 E.01834
;WIDTH:0.424982
G1 X115.838 Y110.82 E.01694
;WIDTH:0.437424
G1 X114.788 Y110.913 E.03458
;WIDTH:0.439999
G1 X113.806 Y111.254 E.03432
G1 X113.035 Y111.72 E.02974
G1 X112.272 Y112.302 E.03168
;WIDTH:0.454603
G1 X111.707 Y112.884 E.02777
G1 X111.581 Y113.065 E.00755
;WIDTH:0.44169
G1 X111.067 Y113.975 E.03465
G1 X110.769 Y114.993 E.03517
;WIDTH:0.439999
G1 X110.723 Y115.539 E.01809
G1 X110.704 Y116.068 E.01748
G1 X110.829 Y116.934 E.02889
;WIDTH:0.474315
G1 X110.87 Y117.134 E.00732
;WIDTH:0.508631
G1 X110.911 Y117.333 E.00787
;WIDTH:0.542946
G1 X110.941 Y117.474 E.00599
G1 X111.83 Y119.039 F9000
;WIDTH:0.555504
G1 F900
G1 X111.803 Y119 E.00202
;WIDTH:0.548276
G1 X111.646 Y118.762 E.01198
;WIDTH:0.515313
G1 X111.49 Y118.524 E.01118
;WIDTH:0.48235
G1 X111.207 Y118.036 E.02061
;WIDTH:0.511836
G1 X111.08 Y117.784 E.011
;WIDTH:0.542946
G1 X110.953 Y117.533 E.0117
G1 E-3.5 F3600
;WIPE_START
G1 F7200
G1 X111.08 Y117.784 E-.13362
G1 X111.207 Y118.036 E-.13404
G1 X111.49 Y118.524 E-.26796
G1 X111.646 Y118.762 E-.13517
G1 X111.803 Y119 E-.13543
G1 X111.83 Y119.039 E-.02253
;WIPE_END
G1 E-.67125 F3600
G1 X109.261 Y115.5 F9000
G1 E5 F2400
;WIDTH:0.439999
G1 F900
G1 X112.381 Y110.097 E.206
G1 X118.619 Y110.097 E.20596
G1 X121.739 Y115.5 E.206
G1 X120.671 Y117.35 E.07053
;WIDTH:0.480824
G1 X120.362 Y117.843 E.02119
G1 X120.082 Y118.353 E.02118
;WIDTH:0.465493
G1 X119.785 Y118.859 E.02062
;WIDTH:0.492136
G1 X119.476 Y119.368 E.02224
G1 X119.361 Y119.593 E.00944
;WIDTH:0.466068
G1 X119.246 Y119.818 E.00889
;WIDTH:0.439999
G1 X118.619 Y120.903 E.04138
G1 X117.149 Y120.903 E.04854
;WIDTH:0.477751
G1 X116.853 Y120.884 E.01072
;WIDTH:0.515502
G1 X116.557 Y120.865 E.01166
G1 X115.986 Y120.878 E.02244
;WIDTH:0.494456
G1 X115.484 Y120.876 E.01885
;WIDTH:0.529464
G1 X114.906 Y120.858 E.0234
G1 X114.617 Y120.881 E.01173
;WIDTH:0.484732
G1 X114.329 Y120.903 E.01061
;WIDTH:0.439999
G1 X112.381 Y120.903 E.06432
G1 X109.291 Y115.552 E.20402
G1 X108.814 Y115.5 F9000
;TYPE:External perimeter
;WIDTH:0.419999
G1 F900
G1 X112.157 Y109.71 E.20963
G1 X118.843 Y109.71 E.20963
G1 X122.186 Y115.5 E.20963
G1 X118.843 Y121.29 E.20963
G1 X112.157 Y121.29 E.20963
G1 X108.844 Y115.552 E.20775
G1 X110.051 Y115.5 F9000
;TYPE:Solid infill
;WIDTH:0.402131
G1 F900
G1 X110.376 Y114.941 E.01931
G1 X110.491 Y114.796 E.00553
G1 X110.417 Y116.018 E.03657
G1 X110.371 Y116.055 E.00176
G1 X110.15 Y115.672 E.01321
G1 E-3.5 F3600
;WIPE_START
G1 F7200
G1 X110.371 Y116.055 E-.21004
G1 X110.417 Y116.018 E-.02804
G1 X110.491 Y114.796 E-.58151
G1 X110.376 Y114.941 E-.08791
G1 X110.051 Y115.5 E-.30714
;WIPE_END
G1 E-.28536 F3600
G1 X117.534 Y110.852 F9000
G1 E5 F2400
;WIDTH:0.361064
G1 F900
G1 X117.549 Y110.769 E.00223
G1 X118.237 Y110.761 E.0182
G1 X118.513 Y111.24 E.01462
G1 X118.451 Y111.298 E.00225
G1 X118.071 Y111.062 E.01183
G1 X117.719 Y110.924 E.01
;LAYER_CHANGE
;Z:1.6
;HEIGHT:0.2
;BEFORE_LAYER_CHANGE
G92 E0
;2


G1 E-3.5 F3600
;WIPE_START
G1 F7200
G1 X118.071 Y111.062 E-.17959
G1 X118.451 Y111.298 E-.21248
G1 X118.513 Y111.24 E-.04033
G1 X118.237 Y110.761 E-.26259
G1 X117.549 Y110.769 E-.32682
G1 X117.534 Y110.852 E-.04006
;WIPE_END
G1 E-.43813 F3600
G1 Z1.6 F9000
;AFTER_LAYER_CHANGE
;2
G1 X117.289 Y111.669
G1 E5 F2400
;TYPE:Perimeter
;WIDTH:0.439999
G1 F900
G1 X118.091 Y112.066 E.02955
G1 X118.847 Y112.685 E.03226
G1 X119.454 Y113.47 E.03276
G1 X119.877 Y114.386 E.03331
G1 X120.018 Y114.91 E.01792
G1 X120.092 Y115.42 E.01702
G1 X120.107 Y115.939 E.01714
G1 X120.064 Y116.461 E.01729
G1 X119.961 Y116.978 E.01741
;WIDTH:0.484742
G1 X119.929 Y117.154 E.00657
;WIDTH:0.529485
G1 X119.896 Y117.329 E.0072
;WIDTH:0.574228
G1 X119.864 Y117.505 E.0079
G1 X119.635 Y117.997 E.02397
;WIDTH:0.560855
G1 X119.358 Y118.467 E.0235
;WIDTH:0.595926
G1 X119.04 Y118.917 E.02534
G1 X118.93 Y119.004 E.00645
;WIDTH:0.556945
G1 X118.821 Y119.091 E.00596
;WIDTH:0.517963
G1 X118.711 Y119.179 E.00556
;WIDTH:0.478981
G1 X118.601 Y119.266 E.00509
;WIDTH:0.439999
G1 X118.179 Y119.62 E.01819
G1 X117.716 Y119.926 E.01832
G1 X117.218 Y120.18 E.01846
G1 X116.69 Y120.378 E.01862
G1 X116.14 Y120.513 E.0187
;WIDTH:0.433191
G1 X115.57 Y120.571 E.01859
;WIDTH:0.429503
G1 X114.924 Y120.523 E.02082
;WIDTH:0.439999
G1 X114.372 Y120.397 E.01869
G1 X113.842 Y120.206 E.0186
G1 X113.341 Y119.959 E.01844
G1 X112.874 Y119.658 E.01834
G1 X112.447 Y119.31 E.01819
;WIDTH:0.484273
G1 X112.303 Y119.195 E.00676
;WIDTH:0.528547
G1 X112.16 Y119.08 E.00741
;WIDTH:0.572821
G1 X112.016 Y118.965 E.00812
G1 X111.681 Y118.528 E.02426
;WIDTH:0.564619
G1 X111.4 Y118.06 E.02368
;WIDTH:0.580909
G1 X111.16 Y117.574 E.02425
G1 X111.125 Y117.396 E.00812
;WIDTH:0.533939
G1 X111.09 Y117.218 E.00741
;WIDTH:0.486969
G1 X111.055 Y117.041 E.00666
;WIDTH:0.439999
G1 X110.946 Y116.525 E.01741
G1 X110.895 Y116.004 E.01728
G1 X110.903 Y115.485 E.01714
G1 X110.969 Y114.974 E.01701
G1 X111.092 Y114.478 E.01687
G1 X111.268 Y114.002 E.01676
G1 X111.751 Y113.163 E.03196
G1 X112.416 Y112.437 E.03251
G1 X113.214 Y111.887 E.032
G1 X114.099 Y111.536 E.03143
G1 X115.068 Y111.388 E.03236
G1 X116.313 Y111.421 E.04112
G1 X117.23 Y111.64 E.03113
G1 X117.235 Y111.642 E.00018
G1 X117.154 Y112.025 F9000
;TYPE:External perimeter
;WIDTH:0.419999
G1 F900
G1 X117.914 Y112.411 E.02673
G1 X118.597 Y112.981 E.02789
G1 X119.145 Y113.702 E.02839
G1 X119.523 Y114.543 E.02891
G1 X119.647 Y115.027 E.01567
G1 X119.711 Y115.526 E.01577
G1 X119.72 Y115.948 E.01323
G1 X119.675 Y116.447 E.01571
G1 X119.577 Y116.921 E.01518
G1 X119.424 Y117.384 E.01529
G1 X119.219 Y117.83 E.01539
G1 X118.962 Y118.254 E.01555
G1 X118.657 Y118.65 E.01567
G1 X118.307 Y119.012 E.01579
G1 X117.915 Y119.334 E.01591
G1 X117.486 Y119.613 E.01605
G1 X117.025 Y119.843 E.01615
G1 X116.536 Y120.021 E.01632
G1 X116.049 Y120.141 E.01573
G1 X115.524 Y120.209 E.0166
G1 X114.972 Y120.144 E.01743
G1 X114.464 Y120.021 E.01639
G1 X113.975 Y119.843 E.01632
G1 X113.514 Y119.613 E.01615
G1 X113.085 Y119.334 E.01605
G1 X112.693 Y119.012 E.01591
G1 X112.343 Y118.65 E.01579
G1 X112.026 Y118.237 E.01632
G1 X111.771 Y117.812 E.01554
G1 X111.568 Y117.364 E.01542
G1 X111.418 Y116.9 E.01529
G1 X111.322 Y116.426 E.01516
G1 X111.28 Y115.948 E.01505
G1 X111.292 Y115.473 E.0149
G1 X111.357 Y115.006 E.01478
G1 X111.585 Y114.256 E.02458
G1 X112.085 Y113.359 E.0322
G1 X112.697 Y112.702 E.02815
G1 X113.428 Y112.209 E.02765
G1 X114.237 Y111.898 E.02718
G1 X115.093 Y111.776 E.02711
G1 X116.303 Y111.808 E.03795
G1 X117.097 Y112.006 E.02566
G1 X117.428 Y111.301 F9000
;TYPE:Perimeter
;WIDTH:0.439999
G1 F900
G1 X117.328 Y111.255 E.00363
;WIDTH:0.482908
G1 X116.938 Y111.134 E.01494
;WIDTH:0.525816
G1 X116.548 Y111.013 E.0164
G1 X116.324 Y110.991 E.00904
;WIDTH:0.506657
G1 X115.045 Y110.966 E.04933
;WIDTH:0.520967
G1 X114.604 Y111.011 E.01762
;WIDTH:0.551167
G1 X114.164 Y111.056 E.01869
G1 X114.058 Y111.1 E.00485
;WIDTH:0.517533
G1 X113.951 Y111.144 E.00457
;WIDTH:0.483899
G1 X112.993 Y111.557 E.03825
;WIDTH:0.439999
G1 X112.127 Y112.164 E.03492
;WIDTH:0.484474
G1 X111.994 Y112.273 E.00631
;WIDTH:0.528949
G1 X111.86 Y112.382 E.00698
;WIDTH:0.573423
G1 X111.726 Y112.492 E.00765
;WIDTH:0.617898
G1 X111.593 Y112.601 E.00822
;WIDTH:0.662372
G1 X111.459 Y112.71 E.0089
G1 X111.525 Y112.551 E.00887
;WIDTH:0.617898
G1 X111.592 Y112.391 E.00829
;WIDTH:0.573423
G1 X111.658 Y112.232 E.00759
;WIDTH:0.528949
G1 X111.724 Y112.073 E.00696
;WIDTH:0.484474
G1 X111.791 Y111.913 E.00637
;WIDTH:0.439999
G1 X112.61 Y110.494 E.0541
G1 X113.012 Y110.494 E.01327
;WIDTH:0.477055
G1 X113.385 Y110.513 E.01348
;WIDTH:0.514111
G1 X113.757 Y110.531 E.01459
;WIDTH:0.551167
G1 X114.13 Y110.55 E.01578
G1 X114.633 Y110.535 E.02127
;WIDTH:0.520967
G1 X115.136 Y110.52 E.02
;WIDTH:0.506657
G1 X116.738 Y110.53 E.06177
G1 X117.08 Y110.512 E.01321
;WIDTH:0.473328
G1 X117.423 Y110.494 E.01229
;WIDTH:0.439999
G1 X118.39 Y110.494 E.03193
G1 X119.222 Y111.904 E.05405
;WIDTH:0.409933
G1 X119.51 Y112.374 E.01682
;WIDTH:0.379867
G1 X119.797 Y112.844 E.01543
;WIDTH:0.353465
G1 X120.084 Y113.315 E.01424
;WIDTH:0.359332
G1 X120.337 Y113.785 E.01404
;WIDTH:0.391601
G1 X120.59 Y114.256 E.0155
;WIDTH:0.433769
G1 X120.717 Y114.518 E.00946
;WIDTH:0.475936
G1 X120.844 Y114.78 E.01048
;WIDTH:0.519331
G1 X120.957 Y115.02 E.01051
;WIDTH:0.562725
G1 X121.071 Y115.26 E.01148
;WIDTH:0.606119
G1 X121.184 Y115.5 E.01242
G1 X120.534 Y116.626 E.06089
G1 X120.587 Y115.928 E.03278
G1 X120.547 Y115.358 E.02676
;WIDTH:0.564386
G1 X120.501 Y115.176 E.00814
;WIDTH:0.527374
G1 X120.455 Y114.993 E.0076
;WIDTH:0.490362
G1 X120.41 Y114.811 E.00698
;WIDTH:0.453349
G1 X120.309 Y114.525 E.01035
;WIDTH:0.413478
G1 X120.209 Y114.238 E.00936
;WIDTH:0.373606
G1 X119.727 Y113.265 E.02986
;WIDTH:0.373109
G1 X119.411 Y112.828 E.01481
;WIDTH:0.418292
G1 X119.096 Y112.39 E.01684
;WIDTH:0.439999
G1 X118.455 Y111.835 E.02799
G1 X117.843 Y111.492 E.02316
G1 X117.482 Y111.326 E.01312
G1 E-3.5 F3600
;WIPE_START
G1 F7200
G1 X117.428 Y111.301 E-.02827
G1 X117.328 Y111.255 E-.05228
G1 X116.938 Y111.134 E-.19396
G1 X116.548 Y111.013 E-.19396
G1 X116.324 Y110.991 E-.10691
G1 X115.045 Y110.966 E-.60764
G1 X114.604 Y111.011 E-.21056
G1 X114.381 Y111.034 E-.10642
;WIPE_END
G1 X119.003 Y119.431 F9000
G1 E5 F2400
;WIDTH:0.453595
G1 F900
G1 X118.386 Y120.499 E.04212
G1 X117.483 Y120.499 E.03084
G1 X117.936 Y120.265 E.01741
G1 X118.436 Y119.931 E.02053
G1 X118.958 Y119.471 E.02376
G1 E-3.5 F3600
;WIPE_START
G1 F7200
G1 X119.003 Y119.431 E-.0286
G1 X118.386 Y120.499 E-.58587
G1 X117.483 Y120.499 E-.42892
G1 X117.936 Y120.265 E-.24219
G1 X118.311 Y120.014 E-.21442
;WIPE_END
G1 X113.517 Y120.499 F9000
G1 E5 F2400
;WIDTH:0.453596
G1 F900
G1 X112.614 Y120.499 E.03084
G1 X111.997 Y119.431 E.04212
G1 X112.108 Y119.546 E.00546
G1 X112.564 Y119.931 E.02038
G1 X113.064 Y120.265 E.02053
G1 X113.463 Y120.471 E.01533
G1 E-3.5 F3600
;WIPE_START
G1 F7200
G1 X113.517 Y120.499 E-.02889
G1 X112.614 Y120.499 E-.42892
G1 X111.997 Y119.431 E-.58587
G1 X112.108 Y119.546 E-.07592
G1 X112.564 Y119.931 E-.28348
G1 X112.734 Y120.044 E-.09692
;WIPE_END
G1 X110.482 Y116.654 F9000
G1 E5 F2400
;WIDTH:0.60612
G1 F900
G1 X109.816 Y115.5 E.0624
G1 X109.91 Y115.329 E.00914
;WIDTH:0.59786
G1 X109.992 Y115.146 E.00925
;WIDTH:0.557219
G1 X110.074 Y114.963 E.00858
;WIDTH:0.516578
G1 X110.156 Y114.78 E.0079
;WIDTH:0.475936
G1 X110.283 Y114.518 E.01048
;WIDTH:0.433768
G1 X110.41 Y114.256 E.00946
;WIDTH:0.436526
G1 X110.467 Y114.203 E.00255
;WIDTH:0.481452
G1 X110.523 Y114.15 E.00281
;WIDTH:0.526378
G1 X110.579 Y114.098 E.00307
;WIDTH:0.571304
G1 X110.636 Y114.045 E.00342
;WIDTH:0.61623
G1 X110.692 Y113.992 E.00368
;WIDTH:0.661156
G1 X110.748 Y113.939 E.00396
G1 X110.745 Y114.014 E.00386
;WIDTH:0.61623
G1 X110.742 Y114.088 E.00353
;WIDTH:0.571304
G1 X110.739 Y114.163 E.0033
;WIDTH:0.526378
G1 X110.736 Y114.237 E.00298
;WIDTH:0.481452
G1 X110.733 Y114.311 E.0027
;WIDTH:0.436526
G1 X110.73 Y114.386 E.00246
;WIDTH:0.433768
G1 X110.644 Y114.652 E.00909
;WIDTH:0.475936
G1 X110.558 Y114.918 E.01007
;WIDTH:0.519331
G1 X110.513 Y115.114 E.00797
;WIDTH:0.562726
G1 X110.468 Y115.31 E.00869
;WIDTH:0.60612
G1 X110.422 Y115.506 E.00943
G1 X110.417 Y116.047 E.02534
G1 X110.475 Y116.594 E.02576
G1 E-3.5 F3600
;WIPE_START
G1 F7200
G1 X110.482 Y116.654 E-.02869
G1 X109.816 Y115.5 E-.63289
G1 X109.91 Y115.329 E-.09269
G1 X109.992 Y115.146 E-.09525
G1 X110.074 Y114.963 E-.09525
G1 X110.156 Y114.78 E-.09525
G1 X110.283 Y114.518 E-.1383
G1 X110.41 Y114.256 E-.1383
G1 X110.467 Y114.203 E-.03697
G1 X110.523 Y114.15 E-.03662
G1 X110.579 Y114.098 E-.0363
G1 X110.636 Y114.045 E-.03697
G1 X110.692 Y113.992 E-.03652
;WIPE_END
G1 X110.748 Y113.939 F9000
G1 E5 F2400
;WIDTH:0.661156
G1 F900
G1 X110.887 Y113.666 E.01575
;WIDTH:0.662372
G1 X111.459 Y112.71 E.05738
G1 E-3.5 F3600
;WIPE_START
G1 F7200
G1 X110.887 Y113.666 E-.52918
G1 X110.748 Y113.939 E-.14552
;WIPE_END
G1 E-.8253 F3600
G1 X112.381 Y110.097 F9000
G1 E5 F2400
;WIDTH:0.439999
G1 F900
G1 X118.619 Y110.097 E.20596
G1 X121.739 Y115.5 E.206
G1 X120.664 Y117.362 E.07099
;WIDTH:0.486969
G1 X120.549 Y117.515 E.00707
;WIDTH:0.533938
G1 X120.433 Y117.667 E.00781
;WIDTH:0.580907
G1 X120.318 Y117.82 E.00856
G1 X120.043 Y118.321 E.02557
;WIDTH:0.564617
G1 X119.752 Y118.817 E.02495
;WIDTH:0.598976
G1 X119.478 Y119.257 E.02397
G1 X119.426 Y119.386 E.00643
;WIDTH:0.559232
G1 X119.375 Y119.514 E.00592
;WIDTH:0.519488
G1 X119.324 Y119.643 E.0055
;WIDTH:0.479744
G1 X119.273 Y119.772 E.00504
;WIDTH:0.439999
G1 X118.619 Y120.903 E.04314
G1 X116.1 Y120.908 E.08317
;WIDTH:0.429503
G1 X115.407 Y120.924 E.02228
;WIDTH:0.431783
G1 X114.813 Y120.907 E.01921
;WIDTH:0.439999
G1 X112.381 Y120.903 E.0803
G1 X111.727 Y119.772 E.04314
;WIDTH:0.479743
G1 X111.676 Y119.643 E.00504
;WIDTH:0.519487
G1 X111.625 Y119.514 E.0055
;WIDTH:0.559231
G1 X111.574 Y119.386 E.00592
;WIDTH:0.598975
G1 X111.522 Y119.257 E.00643
G1 X111.248 Y118.817 E.02397
;WIDTH:0.564619
G1 X110.949 Y118.307 E.02565
;WIDTH:0.580909
G1 X110.682 Y117.82 E.02484
G1 X110.567 Y117.667 E.00856
;WIDTH:0.533939
G1 X110.451 Y117.515 E.00781
;WIDTH:0.486969
G1 X110.336 Y117.362 E.00707
;WIDTH:0.439999
G1 X109.261 Y115.5 E.07099
G1 X112.351 Y110.149 E.20402
G1 X112.157 Y109.71 F9000
;TYPE:External perimeter
;WIDTH:0.419999
G1 F900
G1 X118.843 Y109.71 E.20963
G1 X122.186 Y115.5 E.20963
G1 X118.843 Y121.29 E.20963
G1 X112.157 Y121.29 E.20963
G1 X108.814 Y115.5 E.20963
G1 X112.127 Y109.762 E.20775
G1 E-3.5 F3600
;WIPE_START
G1 F7200
G1 X112.157 Y109.71 E-.02852
G1 X115.255 Y109.71 E-1.47148
;WIPE_END
G1 X117.429 Y110.812 F9000
G1 E5 F2400
;TYPE:Solid infill
;WIDTH:0.464085
G1 F900
G1 X118.207 Y110.812 E.02725
G1 X118.654 Y111.587 E.03133
G1 X118.413 Y111.428 E.01011
G1 X117.66 Y111.043 E.02962
G1 X117.126 Y110.844 E.01996
G1 X117.232 Y110.833 E.00373
;LAYER_CHANGE
;Z:1.8
;HEIGHT:0.2
;BEFORE_LAYER_CHANGE
G92 E0
;2.4


G1 E-3.5 F3600
;WIPE_START
G1 F7200
G1 X121.986 Y115.5 E-.02852
G1 X120.437 Y118.183 E-1.47148
;WIPE_END
G1 Z1.8 F9000
;AFTER_LAYER_CHANGE
;2.4
G1 X119.885 Y115.453
G1 E5 F2400
;TYPE:Perimeter
;WIDTH:0.439999
G1 F900
G1 X119.871 Y116.382 E.03068
G1 X119.629 Y117.364 E.03339
G1 X119.412 Y117.864 E.018
G1 X119.151 Y118.31 E.01706
G1 X118.838 Y118.726 E.01719
G1 X118.478 Y119.108 E.01733
G1 X118.074 Y119.449 E.01746
G1 X117.631 Y119.745 E.01759
G1 X117.153 Y119.991 E.01775
G1 X116.648 Y120.183 E.01784
;WIDTH:0.479161
G1 X116.389 Y120.269 E.0099
;WIDTH:0.518322
G1 X116.129 Y120.355 E.01083
G1 X115.58 Y120.421 E.02186
;WIDTH:0.497915
G1 X115.024 Y120.431 E.02104
;WIDTH:0.515501
G1 X114.466 Y120.394 E.02197
G1 X114.193 Y120.319 E.01113
;WIDTH:0.47775
G1 X113.92 Y120.244 E.01024
;WIDTH:0.439999
G1 X113.383 Y120.069 E.01865
G1 X112.925 Y119.861 E.01661
G1 X112.362 Y119.497 E.02214
;WIDTH:0.466069
G1 X112.134 Y119.288 E.01088
;WIDTH:0.492138
G1 X111.905 Y119.08 E.01156
G1 X111.565 Y118.624 E.02125
;WIDTH:0.465494
G1 X111.274 Y118.142 E.01978
;WIDTH:0.480825
G1 X111.026 Y117.642 E.02032
G1 X110.867 Y117.109 E.02025
;WIDTH:0.439999
G1 X110.751 Y116.572 E.01814
G1 X110.696 Y116.029 E.01802
G1 X110.703 Y115.513 E.01704
G1 X110.77 Y114.954 E.01859
G1 X110.896 Y114.435 E.01763
G1 X111.078 Y113.938 E.01748
G1 X111.313 Y113.468 E.01735
G1 X111.597 Y113.031 E.01721
G1 X111.927 Y112.631 E.01712
G1 X112.296 Y112.274 E.01695
G1 X113.105 Y111.719 E.03239
G1 X114.031 Y111.348 E.03294
G1 X114.937 Y111.203 E.03029
G1 X115.509 Y111.203 E.01889
G1 X116.428 Y111.378 E.03089
G1 X117.341 Y111.773 E.03285
G1 X118.36 Y112.506 E.04144
G1 X118.778 Y112.902 E.01901
G1 X119.272 Y113.555 E.02703
G1 X119.681 Y114.428 E.03183
G1 X119.886 Y115.386 E.03235
G1 X119.886 Y115.393 E.00023
G1 X119.506 Y115.484 F9000
;TYPE:External perimeter
;WIDTH:0.419999
G1 F900
G1 X119.484 Y116.37 E.02779
G1 X119.255 Y117.266 E.029
G1 X119.05 Y117.723 E.0157
G1 X118.806 Y118.129 E.01485
G1 X118.516 Y118.508 E.01496
G1 X118.183 Y118.855 E.01508
G1 X117.616 Y119.291 E.02243
G1 X116.979 Y119.645 E.02285
G1 X116.493 Y119.826 E.01626
G1 X116.006 Y119.946 E.01573
G1 X115.505 Y120.01 E.01584
G1 X114.996 Y120.018 E.01596
G1 X114.485 Y119.968 E.0161
G1 X113.979 Y119.859 E.01623
G1 X113.485 Y119.694 E.01633
G1 X113.028 Y119.482 E.0158
G1 X112.582 Y119.178 E.01692
G1 X112.202 Y118.792 E.01698
G1 X111.882 Y118.38 E.01636
G1 X111.612 Y117.937 E.01627
G1 X111.396 Y117.471 E.0161
G1 X111.235 Y116.987 E.01599
G1 X111.13 Y116.492 E.01587
G1 X111.082 Y115.993 E.01572
G1 X111.092 Y115.474 E.01628
G1 X111.158 Y114.984 E.0155
G1 X111.278 Y114.509 E.01536
G1 X111.449 Y114.054 E.01524
G1 X111.669 Y113.625 E.01512
G1 X111.933 Y113.227 E.01497
G1 X112.238 Y112.864 E.01487
G1 X112.588 Y112.534 E.01508
G1 X113.321 Y112.04 E.02771
G1 X114.17 Y111.71 E.02856
G1 X114.993 Y111.586 E.0261
G1 X115.504 Y111.59 E.01602
G1 X116.351 Y111.757 E.02707
G1 X117.149 Y112.112 E.02738
G1 X118.134 Y112.82 E.03803
G1 X118.469 Y113.136 E.01444
G1 X118.964 Y113.788 E.02567
G1 X119.328 Y114.587 E.02753
G1 X119.499 Y115.424 E.02679
G1 E-3.5 F3600
;WIPE_START
G1 F7200
G1 X119.506 Y115.484 E-.02869
G1 X119.484 Y116.37 E-.42098
G1 X119.255 Y117.266 E-.43928
G1 X119.05 Y117.723 E-.23791
G1 X118.806 Y118.129 E-.225
G1 X118.617 Y118.377 E-.14814
;WIPE_END
G1 X110.502 Y114.227 F9000
G1 E5 F2400
;TYPE:Perimeter
;WIDTH:0.522276
G1 F900
G1 X110.505 Y114.22 E.0003
;WIDTH:0.52094
G1 X110.63 Y113.96 E.01147
;WIDTH:0.476287
G1 X110.754 Y113.7 E.01038
;WIDTH:0.431634
G1 X110.998 Y113.251 E.01652
;WIDTH:0.434914
G1 X111.268 Y112.813 E.01677
;WIDTH:0.480528
G1 X111.428 Y112.581 E.01025
;WIDTH:0.526142
G1 X111.589 Y112.349 E.01135
G1 E-3.5 F3600
;WIPE_START
G1 F7200
G1 X111.428 Y112.581 E-.13414
G1 X111.268 Y112.813 E-.13387
G1 X110.998 Y113.251 E-.2444
G1 X110.754 Y113.7 E-.24273
G1 X110.63 Y113.96 E-.13683
G1 X110.505 Y114.22 E-.13703
G1 X110.502 Y114.227 E-.00362
;WIPE_END
G1 E-.46738 F3600
G1 E5 F2400
;WIDTH:0.522276
G1 F900
G1 X110.362 Y114.785 E.02293
;WIDTH:0.513357
G1 X110.278 Y115.366 E.02296
G1 X110.26 Y115.956 E.02309
G1 X110.298 Y116.429 E.01856
G1 X109.762 Y115.5 E.04195
G1 X110.21 Y114.724 E.03505
;WIDTH:0.522276
G1 X110.472 Y114.279 E.02058
G1 E-3.5 F3600
;WIPE_START
G1 F7200
G1 X110.502 Y114.227 E-.02852
G1 X110.362 Y114.785 E-.27326
G1 X110.278 Y115.366 E-.27884
G1 X110.26 Y115.956 E-.28038
G1 X110.298 Y116.429 E-.2254
G1 X109.863 Y115.675 E-.4136
;WIPE_END
G1 X112.192 Y119.832 F9000
G1 E5 F2400
;WIDTH:0.390488
G1 F900
G1 X112.769 Y120.199 E.01976
G1 X113.591 Y120.531 E.02562
G1 X112.596 Y120.531 E.02876
G1 X112.222 Y119.884 E.0216
G1 E-3.5 F3600
;WIPE_START
G1 F7200
G1 X112.192 Y119.832 E-.02852
G1 X112.769 Y120.199 E-.32482
G1 X113.591 Y120.531 E-.42109
G1 X112.596 Y120.531 E-.47263
G1 X112.33 Y120.07 E-.25294
;WIPE_END
G1 X117.253 Y120.453 F9000
G1 E5 F2400
;WIDTH:0.546104
G1 F900
G1 X117.878 Y120.121 E.02961
G1 X118.362 Y119.795 E.02442
G1 X118.803 Y119.419 E.02425
;WIDTH:0.555508
G1 X119.17 Y119.039 E.02252
G1 X118.91 Y119.499 E.02252
;WIDTH:0.546104
G1 X118.359 Y120.453 E.04609
G1 X117.313 Y120.453 E.04376
G1 E-3.5 F3600
;WIPE_START
G1 F7200
G1 X117.253 Y120.453 E-.0285
G1 X117.878 Y120.121 E-.33616
G1 X118.362 Y119.795 E-.27719
G1 X118.803 Y119.419 E-.27528
G1 X119.17 Y119.039 E-.25094
G1 X118.91 Y119.499 E-.25099
G1 X118.825 Y119.647 E-.08094
;WIPE_END
G1 X120.031 Y117.568 F9000
G1 E5 F2400
;WIDTH:0.535422
G1 F900
G1 X119.997 Y117.637 E.00315
;WIDTH:0.525024
G1 X119.739 Y118.134 E.02245
;WIDTH:0.490286
G1 X119.45 Y118.619 E.021
;WIDTH:0.522897
G1 X119.31 Y118.829 E.01007
;WIDTH:0.555508
G1 X119.17 Y119.039 E.01076
G1 X120.031 Y117.568 F9000
;WIDTH:0.535422
G1 F900
G1 X120.048 Y117.474 E.00391
;WIDTH:0.512214
G1 X120.158 Y116.934 E.0215
;WIDTH:0.476107
G1 X120.268 Y116.393 E.01989
;WIDTH:0.439999
G1 X120.275 Y115.309 E.03579
;WIDTH:0.46915
G1 X120.056 Y114.259 E.03801
G1 X119.584 Y113.318 E.03731
;WIDTH:0.458899
G1 X118.99 Y112.533 E.03405
G1 X118.591 Y112.183 E.01836
;WIDTH:0.439999
G1 X117.535 Y111.424 E.04294
G1 X116.506 Y110.988 E.0369
G1 X115.514 Y110.827 E.03318
;WIDTH:0.400029
G1 X114.883 Y110.829 E.01874
;WIDTH:0.428526
G1 X114.49 Y110.872 E.01268
;WIDTH:0.457022
G1 X114.096 Y110.915 E.01365
G1 X113.887 Y110.974 E.00748
;WIDTH:0.448206
G1 X112.883 Y111.39 E.03662
;WIDTH:0.439999
G1 X112.022 Y111.987 E.03459
;WIDTH:0.483071
G1 X111.805 Y112.168 E.01034
;WIDTH:0.526142
G1 X111.589 Y112.349 E.01132
G1 X111.711 Y112.094 E.01136
;WIDTH:0.483071
G1 X111.834 Y111.839 E.01036
;WIDTH:0.439999
G1 X112.61 Y110.494 E.05127
G1 X112.931 Y110.494 E.0106
;WIDTH:0.457022
G1 X114.067 Y110.503 E.03912
G1 X114.551 Y110.487 E.01667
;WIDTH:0.425626
G1 X115.034 Y110.471 E.01538
;WIDTH:0.4085
G1 X115.726 Y110.478 E.02104
;WIDTH:0.439999
G1 X118.39 Y110.494 E.08796
G1 X119.184 Y111.87 E.05245
;WIDTH:0.479459
G1 X119.473 Y112.409 E.0222
G1 X119.755 Y112.871 E.01965
;WIDTH:0.45313
G1 X120.036 Y113.332 E.01842
;WIDTH:0.449061
G1 X121.01 Y115.032 E.06617
;WIDTH:0.439999
G1 X121.28 Y115.5 E.01784
G1 X120.562 Y116.744 E.04742
;WIDTH:0.487711
G1 X120.297 Y117.156 E.01812
;WIDTH:0.535422
G1 X120.064 Y117.518 E.01763
G1 E-3.5 F3600
;WIPE_START
G1 F7200
G1 X120.031 Y117.568 E-.02846
G1 X120.048 Y117.474 E-.04537
G1 X120.158 Y116.934 E-.26177
G1 X120.268 Y116.393 E-.26223
G1 X120.275 Y115.309 E-.51491
G1 X120.109 Y114.511 E-.38726
;WIPE_END
G1 X121.739 Y115.5 F9000
G1 E5 F2400
;WIDTH:0.439999
G1 F900
G1 X118.619 Y120.903 E.206
G1 X116.671 Y120.903 E.06432
;WIDTH:0.484732
G1 X116.383 Y120.881 E.01061
;WIDTH:0.529465
G1 X116.094 Y120.858 E.01173
G1 X115.516 Y120.876 E.0234
;WIDTH:0.494455
G1 X115.014 Y120.878 E.01885
;WIDTH:0.515501
G1 X114.443 Y120.865 E.02244
G1 X114.147 Y120.884 E.01166
;WIDTH:0.47775
G1 X113.851 Y120.903 E.01072
;WIDTH:0.439999
G1 X112.381 Y120.903 E.04854
G1 X111.754 Y119.818 E.04138
;WIDTH:0.469556
G1 X111.617 Y119.551 E.01065
;WIDTH:0.499112
G1 X111.48 Y119.284 E.01138
G1 X111.169 Y118.782 E.0224
;WIDTH:0.461994
G1 X110.91 Y118.338 E.01791
;WIDTH:0.480825
G1 X110.638 Y117.843 E.02057
G1 X110.329 Y117.35 E.02119
;WIDTH:0.439999
G1 X109.261 Y115.5 E.07053
G1 X112.381 Y110.097 E.206
G1 X118.619 Y110.097 E.20596
G1 X121.709 Y115.448 E.20402
G1 X122.186 Y115.5 F9000
;TYPE:External perimeter
;WIDTH:0.419999
G1 F900
G1 X118.843 Y121.29 E.20963
G1 X112.157 Y121.29 E.20963
G1 X108.814 Y115.5 E.20963
G1 X112.157 Y109.71 E.20963
G1 X118.843 Y109.71 E.20963
G1 X122.156 Y115.448 E.20775
G1 X120.511 Y114.745 F9000
;TYPE:Solid infill
;WIDTH:0.393162
G1 F900
G1 X120.954 Y115.5 E.02549
G1 X120.613 Y116.092 E.0199
G1 X120.56 Y116.049 E.00199
G1 X120.574 Y115.473 E.01678
G1 X120.474 Y114.901 E.01691
G1 E-3.5 F3600
;WIPE_START
G1 F7200
G1 X120.574 Y115.473 E-.27582
G1 X120.56 Y116.049 E-.27368
G1 X120.613 Y116.092 E-.03242
G1 X120.954 Y115.5 E-.32451
G1 X120.511 Y114.745 E-.4158
;WIPE_END
G1 E-.17777 F3600
G1 X113.468 Y110.766 F9000
G1 E5 F2400
;WIDTH:0.361395
G1 F900
G1 X113.484 Y110.85 E.00226
G1 X112.93 Y111.062 E.01571
G1 X112.549 Y111.298 E.01187
G1 X112.487 Y111.24 E.00225
G1 X112.764 Y110.761 E.01465
G1 X113.27 Y110.765 E.0134
;LAYER_CHANGE
;Z:2
;HEIGHT:0.2
;BEFORE_LAYER_CHANGE
G92 E0
;2.8


G1 E-3.5 F3600
;WIPE_START
G1 F7200
G1 X112.93 Y111.062 E-.15895
G1 X113.484 Y110.85 E-.28176
G1 X113.468 Y110.766 E-.04062
G1 X112.764 Y110.761 E-.33441
G1 X112.487 Y111.24 E-.26283
;WIPE_END
G1 E-.42143 F3600
G1 Z2 F9000
;AFTER_LAYER_CHANGE
;2.8
G1 X113.055 Y111.519
G1 E5 F2400
;TYPE:Perimeter
;WIDTH:0.439999
G1 F900
G1 X113.5 Y111.313 E.01619
G1 X113.993 Y111.149 E.01715
G1 X114.858 Y111.01 E.02893
G1 X115.501 Y111.003 E.02123
G1 X116.469 Y111.182 E.0325
G1 X117.376 Y111.571 E.03258
G1 X118.159 Y112.143 E.03202
G1 X118.784 Y112.864 E.0315
G1 X119.225 Y113.693 E.031
G1 X119.612 Y114.922 E.04254
G1 X119.708 Y115.857 E.03103
G1 X119.59 Y116.809 E.03167
G1 X119.256 Y117.725 E.03219
G1 X118.717 Y118.557 E.03273
G1 X117.993 Y119.257 E.03325
G1 X117.546 Y119.564 E.0179
G1 X117.089 Y119.801 E.017
G1 X116.605 Y119.987 E.01712
G1 X116.1 Y120.118 E.01723
G1 X115.578 Y120.192 E.01741
G1 X115.048 Y120.207 E.01751
G1 X114.516 Y120.161 E.01763
G1 X113.988 Y120.055 E.01778
G1 X113.472 Y119.89 E.01789
G1 X112.973 Y119.665 E.01807
G1 X112.5 Y119.384 E.01817
G1 X112.059 Y119.048 E.01831
;WIDTH:0.473231
G1 X111.644 Y118.675 E.01997
G1 X111.294 Y118.231 E.02023
;WIDTH:0.440558
G1 X110.99 Y117.753 E.01873
;WIDTH:0.447091
G1 X110.681 Y117.146 E.02289
G1 X110.556 Y116.618 E.01823
;WIDTH:0.439999
G1 X110.498 Y116.053 E.01875
G1 X110.503 Y115.509 E.01796
G1 X110.571 Y114.934 E.01912
;WIDTH:0.475745
G1 X110.597 Y114.749 E.00672
;WIDTH:0.511491
G1 X110.623 Y114.565 E.00724
;WIDTH:0.547236
G1 X110.648 Y114.38 E.00783
G1 X110.841 Y113.856 E.02342
;WIDTH:0.541696
G1 X111.095 Y113.364 E.02296
;WIDTH:0.535878
G1 X111.387 Y112.9 E.02247
;WIDTH:0.58168
G1 X111.714 Y112.463 E.02445
G1 X111.86 Y112.353 E.00819
;WIDTH:0.534453
G1 X112.007 Y112.244 E.00748
;WIDTH:0.487226
G1 X112.153 Y112.134 E.00675
;WIDTH:0.439999
G1 X112.573 Y111.808 E.01755
G1 X113.002 Y111.547 E.01658
G1 X113.235 Y111.863 F9000
;TYPE:External perimeter
;WIDTH:0.419999
G1 F900
G1 X113.265 Y111.845 E.0011
G1 X114.031 Y111.544 E.02581
G1 X114.917 Y111.392 E.02819
G1 X115.501 Y111.39 E.01831
G1 X116.395 Y111.562 E.02854
G1 X117.218 Y111.924 E.02819
G1 X117.926 Y112.452 E.02769
G1 X118.488 Y113.113 E.0272
G1 X118.88 Y113.87 E.02673
G1 X119.243 Y115.04 E.03841
G1 X119.322 Y115.891 E.0268
G1 X119.207 Y116.756 E.02736
G1 X118.895 Y117.587 E.02783
G1 X118.395 Y118.341 E.02837
G1 X117.728 Y118.975 E.02885
G1 X117.314 Y119.252 E.01562
G1 X116.894 Y119.465 E.01477
G1 X116.449 Y119.631 E.01489
G1 X115.984 Y119.747 E.01503
G1 X115.506 Y119.81 E.01512
G1 X115.019 Y119.819 E.01527
G1 X114.53 Y119.773 E.0154
G1 X114.046 Y119.671 E.01551
G1 X113.573 Y119.514 E.01563
G1 X113.116 Y119.303 E.01578
G1 X112.683 Y119.04 E.01588
G1 X112.279 Y118.728 E.016
G1 X111.911 Y118.37 E.0161
G1 X111.581 Y117.968 E.01631
G1 X111.307 Y117.547 E.01575
G1 X111.034 Y116.977 E.01982
G1 X110.932 Y116.517 E.01477
G1 X110.883 Y116.016 E.01578
G1 X110.89 Y115.515 E.01571
G1 X110.955 Y114.983 E.0168
G1 X111.076 Y114.485 E.01607
G1 X111.251 Y114.008 E.01593
G1 X111.477 Y113.557 E.01582
G1 X111.751 Y113.138 E.0157
G1 X112.081 Y112.74 E.01621
G1 X112.437 Y112.399 E.01546
G1 X112.826 Y112.104 E.01531
G1 X113.183 Y111.894 E.01299
G1 E-3.5 F3600
;WIPE_START
G1 F7200
G1 X113.235 Y111.863 E-.02876
G1 X113.265 Y111.845 E-.01662
G1 X114.031 Y111.544 E-.39093
G1 X114.917 Y111.392 E-.427
G1 X115.501 Y111.39 E-.2774
G1 X116.244 Y111.533 E-.35929
;WIPE_END
G1 X112.129 Y119.631 F9000
G1 E5 F2400
;TYPE:Perimeter
;WIDTH:0.48283
G1 F900
G1 X112.7 Y119.993 E.02473
G1 X113.236 Y120.246 E.02168
G1 X113.795 Y120.436 E.0216
G1 X114.084 Y120.48 E.01069
;WIDTH:0.443913
G1 X114.374 Y120.523 E.00978
G1 X114.138 Y120.504 E.00789
;WIDTH:0.48283
G1 X113.901 Y120.484 E.0087
G1 X112.622 Y120.484 E.04678
G1 X112.159 Y119.683 E.03384
G1 E-3.5 F3600
;WIPE_START
G1 F7200
G1 X112.129 Y119.631 E-.02852
G1 X112.7 Y119.993 E-.32114
G1 X113.236 Y120.246 E-.28154
G1 X113.795 Y120.436 E-.28044
G1 X114.084 Y120.48 E-.13886
G1 X114.374 Y120.523 E-.13926
G1 X114.138 Y120.504 E-.11246
G1 X113.901 Y120.484 E-.11298
G1 X113.723 Y120.484 E-.0848
;WIPE_END
G1 X116.126 Y120.512 F9000
G1 E5 F2400
;WIDTH:0.427838
G1 F900
G1 X116.088 Y120.515 E.00122
;WIDTH:0.421914
G1 X115.804 Y120.532 E.00897
;WIDTH:0.386917
G1 X115.521 Y120.55 E.00811
;WIDTH:0.35192
G1 X114.951 Y120.553 E.01465
;WIDTH:0.375429
G1 X114.663 Y120.538 E.00797
;WIDTH:0.404996
G1 X114.374 Y120.523 E.00871
G1 E-3.5 F3600
;WIPE_START
G1 F7200
G1 X114.663 Y120.538 E-.13746
G1 X114.951 Y120.553 E-.13699
G1 X115.521 Y120.55 E-.27075
G1 X115.804 Y120.532 E-.1347
G1 X116.088 Y120.515 E-.13514
G1 X116.126 Y120.512 E-.01811
;WIPE_END
G1 E-.66685 F3600
G1 X110.125 Y116.221 F9000
G1 E5 F2400
;WIDTH:0.420578
G1 F900
G1 X109.709 Y115.5 E.02614
G1 X110.267 Y114.532 E.03509
G1 X110.187 Y114.884 E.01134
G1 X110.115 Y115.503 E.01957
G1 X110.124 Y116.161 E.02066
G1 E-3.5 F3600
;WIPE_START
G1 F7200
G1 X110.125 Y116.221 E-.0285
G1 X109.709 Y115.5 E-.39539
G1 X110.267 Y114.532 E-.53072
G1 X110.187 Y114.884 E-.17146
G1 X110.115 Y115.503 E-.29601
G1 X110.117 Y115.667 E-.07792
;WIPE_END
G1 X112.025 Y111.642 F9000
G1 E5 F2400
;WIDTH:0.575121
G1 F900
G1 X112.649 Y110.562 E.0552
G1 X112.943 Y110.538 E.01305
;WIDTH:0.528129
G1 X113.236 Y110.515 E.01186
;WIDTH:0.481137
G1 X113.489 Y110.494 E.00925
;WIDTH:0.439229
G1 X113.741 Y110.473 E.00833
;WIDTH:0.441519
G1 X113.807 Y110.495 E.00231
;WIDTH:0.485718
G1 X113.873 Y110.517 E.00256
;WIDTH:0.529917
G1 X113.94 Y110.539 E.00286
;WIDTH:0.574116
G1 X114.006 Y110.561 E.00307
;WIDTH:0.618315
G1 X114.072 Y110.583 E.00333
;WIDTH:0.662514
G1 X114.138 Y110.605 E.00358
G1 X114.081 Y110.641 E.00347
;WIDTH:0.618315
G1 X114.024 Y110.676 E.0032
;WIDTH:0.574116
G1 X113.967 Y110.712 E.00298
;WIDTH:0.529917
G1 X113.91 Y110.748 E.00273
;WIDTH:0.485718
G1 X113.853 Y110.783 E.00246
;WIDTH:0.441519
G1 X113.796 Y110.819 E.00223
;WIDTH:0.439229
G1 X113.561 Y110.876 E.00797
;WIDTH:0.481137
G1 X113.327 Y110.933 E.00878
;WIDTH:0.528129
G1 X113.056 Y111.034 E.01167
;WIDTH:0.575121
G1 X112.786 Y111.135 E.01276
G1 X112.075 Y111.609 E.03781
G1 E-3.5 F3600
;WIPE_START
G1 F7200
G1 X112.025 Y111.642 E-.02846
G1 X112.649 Y110.562 E-.59247
G1 X112.943 Y110.538 E-.14011
G1 X113.236 Y110.515 E-.1396
G1 X113.489 Y110.494 E-.12059
G1 X113.741 Y110.473 E-.12011
G1 X113.807 Y110.495 E-.03305
G1 X113.873 Y110.517 E-.03305
G1 X113.94 Y110.539 E-.0335
G1 X114.006 Y110.561 E-.03305
G1 X114.072 Y110.583 E-.03305
G1 X114.138 Y110.605 E-.03305
G1 X114.081 Y110.641 E-.03202
G1 X114.024 Y110.676 E-.03177
G1 X113.967 Y110.712 E-.03202
G1 X113.91 Y110.748 E-.03202
G1 X113.853 Y110.783 E-.03177
G1 X113.852 Y110.783 E-.00031
;WIPE_END
G1 X114.138 Y110.605 F9000
G1 E5 F2400
;WIDTH:0.662514
G1 F900
G1 X114.407 Y110.587 E.01389
;WIDTH:0.62561
G1 X114.676 Y110.569 E.01306
;WIDTH:0.588705
G1 X114.945 Y110.55 E.01224
;WIDTH:0.571166
G1 X115.702 Y110.56 E.03325
G1 X115.993 Y110.538 E.01282
;WIDTH:0.527444
G1 X116.284 Y110.516 E.01176
;WIDTH:0.483722
G1 X116.575 Y110.494 E.0107
;WIDTH:0.439999
G1 X118.39 Y110.494 E.05993
G1 X119.048 Y111.633 E.04343
;WIDTH:0.461117
G1 X119.586 Y112.587 E.03809
;WIDTH:0.490146
G1 X120.053 Y113.425 E.03567
G1 X120.2 Y113.653 E.01009
;WIDTH:0.465073
G1 X120.346 Y113.882 E.00953
;WIDTH:0.439999
G1 X121.28 Y115.5 E.06168
G1 X120.278 Y117.243 E.06638
;WIDTH:0.433799
G1 X120.02 Y117.725 E.01777
;WIDTH:0.397173
G1 X119.763 Y118.207 E.01609
;WIDTH:0.385925
G1 X119.473 Y118.685 E.01595
;WIDTH:0.411302
G1 X119.183 Y119.162 E.0171
;WIDTH:0.439999
G1 X118.39 Y120.506 E.05152
G1 X116.126 Y120.512 E.07475
;WIDTH:0.430005
G1 X116.195 Y120.498 E.00227
;WIDTH:0.439999
G1 X116.745 Y120.359 E.01873
G1 X117.27 Y120.155 E.0186
G1 X117.765 Y119.895 E.01846
G1 X118.265 Y119.546 E.02013
G1 X118.895 Y118.934 E.029
;WIDTH:0.411302
G1 X119.026 Y118.764 E.00657
;WIDTH:0.389296
G1 X119.593 Y117.854 E.03088
;WIDTH:0.40004
G1 X119.759 Y117.464 E.01259
;WIDTH:0.433799
G1 X119.926 Y117.075 E.01376
;WIDTH:0.438229
G1 X119.982 Y116.864 E.00718
;WIDTH:0.439999
G1 X120.103 Y115.822 E.03464
G1 X119.99 Y114.802 E.03388
G1 X119.775 Y114.125 E.02345
;WIDTH:0.48175
G1 X119.597 Y113.503 E.02361
G1 X119.1 Y112.599 E.03764
;WIDTH:0.469532
G1 X118.398 Y111.826 E.03704
;WIDTH:0.439999
G1 X117.538 Y111.208 E.03497
G1 X116.546 Y110.792 E.03552
;WIDTH:0.483722
G1 X116.265 Y110.715 E.01068
;WIDTH:0.527444
G1 X115.983 Y110.637 E.01179
;WIDTH:0.571166
G1 X115.76 Y110.576 E.01015
G1 E-3.5 F3600
;WIPE_START
G1 F7200
G1 X115.702 Y110.56 E-.02858
G1 X115.993 Y110.538 E-.13862
G1 X116.284 Y110.516 E-.13862
G1 X116.575 Y110.494 E-.13862
G1 X118.39 Y110.494 E-.86212
G1 X118.594 Y110.847 E-.19344
;WIPE_END
G1 X118.619 Y110.097 F9000
G1 E5 F2400
;WIDTH:0.439999
G1 F900
G1 X121.739 Y115.5 E.206
G1 X118.619 Y120.903 E.206
G1 X112.381 Y120.903 E.20596
G1 X111.51 Y119.396 E.05747
;WIDTH:0.481844
G1 X111.235 Y118.878 E.0214
G1 X110.923 Y118.383 E.02136
;WIDTH:0.435795
G1 X110.617 Y117.865 E.01965
;WIDTH:0.447091
G1 X110.025 Y116.822 E.0403
;WIDTH:0.439999
G1 X109.261 Y115.5 E.05041
G1 X109.806 Y114.557 E.03596
;WIDTH:0.487691
G1 X109.925 Y114.397 E.00737
;WIDTH:0.535383
G1 X110.045 Y114.237 E.00819
;WIDTH:0.583074
G1 X110.165 Y114.077 E.00898
G1 X110.438 Y113.559 E.0263
;WIDTH:0.53612
G1 X110.697 Y113.094 E.02183
;WIDTH:0.535878
G1 X110.967 Y112.641 E.02162
;WIDTH:0.58168
G1 X111.274 Y112.156 E.02571
G1 X111.349 Y111.978 E.00865
;WIDTH:0.534453
G1 X111.424 Y111.8 E.00789
;WIDTH:0.487226
G1 X111.5 Y111.623 E.00712
;WIDTH:0.439999
G1 X112.381 Y110.097 E.05818
G1 X118.559 Y110.097 E.20398
G1 X118.859 Y109.738 F9000
;TYPE:External perimeter
;WIDTH:0.419999
G1 F900
G1 X122.186 Y115.5 E.20862
G1 X118.843 Y121.29 E.20963
G1 X112.157 Y121.29 E.20963
G1 X108.814 Y115.5 E.20963
G1 X112.157 Y109.71 E.20963
G1 X118.816 Y109.71 E.20879
G1 X117.691 Y110.877 F9000
;TYPE:Solid infill
;WIDTH:0.59454
G1 F900
G1 X117.746 Y110.929 E.00347
;WIDTH:0.553515
G1 X117.801 Y110.98 E.00318
;WIDTH:0.512489
G1 X117.857 Y111.031 E.00296
;WIDTH:0.471464
G1 X117.912 Y111.083 E.0027
;WIDTH:0.469642
G1 X118.346 Y111.385 E.01876
;WIDTH:0.515337
G1 X118.437 Y111.425 E.0039
;WIDTH:0.561032
G1 X118.528 Y111.465 E.00428
G1 E-3.5 F3600
;WIPE_START
G1 F7200
G1 X118.437 Y111.425 E-.04722
G1 X118.346 Y111.385 E-.04722
G1 X117.912 Y111.083 E-.25115
G1 X117.857 Y111.031 E-.03595
G1 X117.801 Y110.98 E-.03598
G1 X117.746 Y110.929 E-.03563
G1 X117.691 Y110.877 E-.03595
;WIPE_END
G1 E-1.0109 F3600
G1 X120.308 Y114.838 F9000
G1 E5 F2400
;TYPE:Internal infill
;WIDTH:0.44
G1 F900
G1 X120.408 Y115.802 E.032
G1 X120.379 Y116.237 E.01439
G1 X120.674 Y115.942 E.01377
G1 X120.927 Y115.5 E.01682
G1 X120.67 Y115.054 E.017
G1 X120.261 Y114.645 E.0191
G1 X120.08 Y114.075 E.01975
G1 X120.571 Y114.882 E.03119
G1 E-3.5 F3600
;WIPE_START
G1 F7200
G1 X120.08 Y114.075 E-.4487
G1 X120.261 Y114.645 E-.28407
G1 X120.67 Y115.054 E-.27475
G1 X120.927 Y115.5 E-.24451
G1 X120.674 Y115.942 E-.24191
G1 X120.665 Y115.951 E-.00606
;WIPE_END
G1 X118.23 Y120.086 F9000
G1 E5 F2400
;TYPE:Solid infill
;WIDTH:0.629442
G1 F900
G1 X118.178 Y120.035 E.00355
G1 X118.107 Y120.054 E.00358
G1 X118.088 Y120.124 E.00354
G1 X118.14 Y120.176 E.00359
G1 X118.211 Y120.157 E.00358
;LAYER_CHANGE
;Z:2.2
;HEIGHT:0.2
;BEFORE_LAYER_CHANGE
G92 E0
;3


G1 E-3.5 F3600
;WIPE_START
G1 F7200
G1 X118.14 Y120.176 E-.03491
G1 X118.088 Y120.124 E-.03493
G1 X118.107 Y120.054 E-.03445
G1 X118.178 Y120.035 E-.03491
G1 X118.23 Y120.086 E-.0346
;WIPE_END
G1 E-1.3262 F3600
G1 Z2.2 F9000
;AFTER_LAYER_CHANGE
;3
G1 X117.416 Y119.374
G1 E5 F2400
;TYPE:Perimeter
;WIDTH:0.439999
G1 F900
G1 X117.054 Y119.595 E.014
G1 X116.111 Y119.91 E.03283
G1 X115.105 Y120.006 E.03337
G1 X114.563 Y119.967 E.01794
G1 X114.056 Y119.867 E.01706
G1 X113.56 Y119.71 E.01718
G1 X113.082 Y119.496 E.01729
G1 X112.627 Y119.228 E.01744
G1 X112.202 Y118.908 E.01757
;WIDTH:0.475472
G1 X112.06 Y118.798 E.00646
;WIDTH:0.510945
G1 X111.918 Y118.688 E.00699
;WIDTH:0.546418
G1 X111.776 Y118.578 E.00752
G1 X111.426 Y118.159 E.02286
;WIDTH:0.541432
G1 X111.13 Y117.696 E.02278
;WIDTH:0.53612
G1 X110.871 Y117.207 E.02269
;WIDTH:0.583074
G1 X110.652 Y116.694 E.02505
G1 X110.629 Y116.506 E.00851
;WIDTH:0.535383
G1 X110.606 Y116.318 E.00776
;WIDTH:0.487691
G1 X110.583 Y116.13 E.007
;WIDTH:0.439999
G1 X110.508 Y115.575 E.01849
G1 X110.495 Y115.012 E.01859
G1 X110.547 Y114.446 E.01877
;WIDTH:0.451793
G1 X110.658 Y113.904 E.01881
G1 X110.953 Y113.311 E.02252
;WIDTH:0.435795
G1 X111.258 Y112.822 E.01883
;WIDTH:0.481845
G1 X111.595 Y112.372 E.02052
G1 X112.01 Y111.994 E.02049
;WIDTH:0.439999
G1 X112.447 Y111.653 E.0183
G1 X112.916 Y111.365 E.01817
G1 X113.411 Y111.134 E.01804
G1 X113.925 Y110.961 E.01791
G1 X114.452 Y110.848 E.0178
G1 X114.983 Y110.796 E.01762
G1 X115.514 Y110.803 E.01753
G1 X116.036 Y110.87 E.01738
G1 X116.543 Y110.994 E.01723
G1 X117.03 Y111.173 E.01713
G1 X117.49 Y111.404 E.017
G1 X117.917 Y111.683 E.01684
G1 X118.308 Y112.006 E.01674
G1 X118.939 Y112.738 E.03191
G1 X119.404 Y113.604 E.03245
G1 X119.658 Y114.537 E.03193
G1 X119.697 Y115.487 E.03139
G1 X119.525 Y116.407 E.0309
G1 X119.259 Y117.225 E.0284
G1 X119.048 Y117.701 E.01719
G1 X118.577 Y118.413 E.02819
G1 X117.889 Y119.086 E.03178
G1 X117.468 Y119.343 E.01629
G1 X117.223 Y119.044 F9000
;TYPE:External perimeter
;WIDTH:0.419999
G1 F900
G1 X116.857 Y119.262 E.01336
G1 X115.994 Y119.541 E.02844
G1 X115.074 Y119.62 E.02895
G1 X114.576 Y119.578 E.01567
G1 X114.113 Y119.482 E.01483
G1 X113.66 Y119.334 E.01494
G1 X113.223 Y119.134 E.01507
G1 X112.808 Y118.884 E.01519
G1 X112.421 Y118.587 E.0153
G1 X112.067 Y118.245 E.01543
G1 X111.751 Y117.862 E.01557
G1 X111.477 Y117.443 E.0157
G1 X111.251 Y116.992 E.01582
G1 X111.076 Y116.515 E.01593
G1 X110.955 Y116.017 E.01607
G1 X110.89 Y115.505 E.01618
G1 X110.883 Y114.984 E.01634
G1 X110.932 Y114.483 E.01578
G1 X111.034 Y114.023 E.01477
G1 X111.295 Y113.474 E.01906
G1 X111.581 Y113.032 E.01651
G1 X111.91 Y112.631 E.01626
G1 X112.279 Y112.272 E.01614
G1 X112.683 Y111.96 E.016
G1 X113.116 Y111.697 E.01588
G1 X113.573 Y111.486 E.01578
G1 X114.067 Y111.324 E.0163
G1 X114.551 Y111.224 E.0155
G1 X115.04 Y111.18 E.01539
G1 X115.527 Y111.192 E.01527
G1 X116.005 Y111.257 E.01513
G1 X116.469 Y111.375 E.01501
G1 X116.913 Y111.544 E.0149
G1 X117.508 Y111.876 E.02136
G1 X118.059 Y112.302 E.02184
G1 X118.644 Y112.988 E.02827
G1 X119.06 Y113.782 E.02811
G1 X119.283 Y114.633 E.02758
G1 X119.31 Y115.497 E.0271
G1 X119.145 Y116.329 E.02659
G1 X118.891 Y117.104 E.02557
G1 X118.706 Y117.518 E.01422
G1 X118.255 Y118.199 E.02561
G1 X117.623 Y118.805 E.02745
G1 X117.274 Y119.013 E.01274
G1 E-3.5 F3600
;WIPE_START
G1 F7200
G1 X117.223 Y119.044 E-.02835
G1 X116.857 Y119.262 E-.20235
G1 X115.994 Y119.541 E-.43081
G1 X115.074 Y119.62 E-.43861
G1 X114.576 Y119.578 E-.23739
G1 X114.241 Y119.509 E-.16249
;WIPE_END
G1 X114.403 Y120.425 F9000
G1 E5 F2400
;TYPE:Perimeter
;WIDTH:0.601214
G1 F900
G1 X113.952 Y120.438 E.02095
;WIDTH:0.575121
G1 X112.649 Y120.438 E.05766
G1 X112.025 Y119.358 E.0552
G1 X112.291 Y119.561 E.01481
G1 X112.786 Y119.865 E.02571
G1 X113.307 Y120.109 E.02546
G1 X113.85 Y120.293 E.02537
;WIDTH:0.601214
G1 X114.345 Y120.411 E.02362
G1 X116.121 Y120.412 F9000
;WIDTH:0.628106
G1 F900
G1 X116.023 Y120.418 E.00478
;WIDTH:0.615546
G1 X115.496 Y120.436 E.02511
;WIDTH:0.580106
G1 X114.969 Y120.454 E.02355
;WIDTH:0.57294
G1 X114.686 Y120.439 E.01249
;WIDTH:0.601214
G1 X114.403 Y120.425 E.01315
G1 E-3.5 F3600
;WIPE_START
G1 F7200
G1 X114.686 Y120.439 E-.13459
G1 X114.969 Y120.454 E-.13461
G1 X115.496 Y120.436 E-.25047
G1 X116.023 Y120.418 E-.25047
G1 X116.121 Y120.412 E-.04664
;WIPE_END
G1 E-.68322 F3600
G1 X110.267 Y116.468 F9000
G1 E5 F2400
;WIDTH:0.420578
G1 F900
G1 X109.709 Y115.5 E.03509
G1 X110.125 Y114.779 E.02614
G1 X110.108 Y115.018 E.00752
G1 X110.124 Y115.625 E.01907
G1 X110.257 Y116.409 E.02497
G1 E-3.5 F3600
;WIPE_START
G1 F7200
G1 X110.267 Y116.468 E-.02842
G1 X109.709 Y115.5 E-.53072
G1 X110.125 Y114.779 E-.39539
G1 X110.108 Y115.018 E-.11381
G1 X110.124 Y115.625 E-.28843
G1 X110.174 Y115.922 E-.14323
;WIPE_END
G1 X112.129 Y111.369 F9000
G1 E5 F2400
;WIDTH:0.48283
G1 F900
G1 X112.622 Y110.516 E.03604
G1 X113.996 Y110.516 E.05026
G1 X113.795 Y110.564 E.00756
G1 X113.236 Y110.754 E.0216
G1 X112.7 Y111.007 E.02168
G1 X112.18 Y111.337 E.02253
G1 E-3.5 F3600
;WIPE_START
G1 F7200
G1 X112.129 Y111.369 E-.0286
G1 X112.622 Y110.516 E-.46798
G1 X113.996 Y110.516 E-.65265
G1 X113.795 Y110.564 E-.09816
G1 X113.292 Y110.735 E-.25261
;WIPE_END
G1 X116.088 Y110.485 F9000
G1 E5 F2400
;WIDTH:0.439999
G1 F900
G1 X118.39 Y110.494 E.07601
G1 X119.017 Y111.58 E.0414
;WIDTH:0.482956
G1 X119.071 Y111.716 E.00535
;WIDTH:0.525913
G1 X119.125 Y111.852 E.00588
;WIDTH:0.56887
G1 X119.179 Y111.989 E.00644
;WIDTH:0.611827
G1 X119.232 Y112.125 E.0069
;WIDTH:0.654784
G1 X119.286 Y112.261 E.00744
;WIDTH:0.69774
G1 X119.34 Y112.397 E.00797
G1 X119.211 Y112.281 E.00945
;WIDTH:0.654784
G1 X119.081 Y112.165 E.00886
;WIDTH:0.611827
G1 X118.952 Y112.049 E.00821
;WIDTH:0.56887
G1 X118.822 Y111.933 E.00762
;WIDTH:0.525913
G1 X118.692 Y111.817 E.007
;WIDTH:0.482956
G1 X118.563 Y111.701 E.00635
;WIDTH:0.439999
G1 X118.137 Y111.352 E.01818
G1 X117.671 Y111.05 E.01833
G1 X117.17 Y110.801 E.01847
G1 X116.64 Y110.609 E.01861
G1 X116.146 Y110.498 E.01672
G1 X114.404 Y110.474 F9000
;WIDTH:0.399332
G1 F900
G1 X114.678 Y110.46 E.00813
;WIDTH:0.372594
G1 X114.951 Y110.447 E.00749
;WIDTH:0.35192
G1 X115.521 Y110.45 E.01465
;WIDTH:0.386917
G1 X115.804 Y110.468 E.00811
;WIDTH:0.421914
G1 X116.088 Y110.485 E.00897
G1 E-3.5 F3600
;WIPE_START
G1 F7200
G1 X115.804 Y110.468 E-.13514
G1 X115.521 Y110.45 E-.1347
G1 X114.951 Y110.447 E-.27075
G1 X114.678 Y110.46 E-.12982
G1 X114.404 Y110.474 E-.13032
;WIPE_END
G1 E-.69927 F3600
G1 X119.446 Y112.564 F9000
G1 E5 F2400
;WIDTH:0.69774
G1 F900
G1 X119.34 Y112.397 E.01077
G1 X119.446 Y112.564 F9000
;WIDTH:0.68001
G1 F900
G1 X119.494 Y112.602 E.00324
;WIDTH:0.635737
G1 X119.542 Y112.64 E.00302
;WIDTH:0.591463
G1 X119.589 Y112.678 E.00276
;WIDTH:0.54719
G1 X119.637 Y112.716 E.00257
;WIDTH:0.502917
G1 X119.684 Y112.754 E.00231
;WIDTH:0.458643
G1 X119.732 Y112.793 E.00214
;WIDTH:0.41437
G1 X119.78 Y112.831 E.00189
;WIDTH:0.403727
G1 X120.145 Y113.497 E.02278
;WIDTH:0.439999
G1 X121.28 Y115.5 E.07601
G1 X120.49 Y116.868 E.05216
;WIDTH:0.484488
G1 X120.016 Y117.646 E.03345
G1 X119.723 Y118.177 E.02227
;WIDTH:0.474711
G1 X119.17 Y119.121 E.03928
G1 X118.768 Y119.851 E.02992
;WIDTH:0.439999
G1 X118.39 Y120.506 E.02497
G1 X117.13 Y120.506 E.0416
;WIDTH:0.487026
G1 X116.877 Y120.482 E.00938
;WIDTH:0.534053
G1 X116.625 Y120.459 E.01033
;WIDTH:0.58108
G1 X116.373 Y120.435 E.01133
;WIDTH:0.628106
G1 X116.121 Y120.412 E.01231
G1 X116.185 Y120.379 E.0035
;WIDTH:0.594167
G1 X116.249 Y120.346 E.0033
;WIDTH:0.560228
G1 X116.585 Y120.21 E.01559
;WIDTH:0.520152
G1 X116.92 Y120.073 E.01436
;WIDTH:0.480076
G1 X117.256 Y119.937 E.01318
;WIDTH:0.439999
G1 X118.162 Y119.374 E.03522
;WIDTH:0.485809
G1 X118.927 Y118.645 E.03892
G1 X119.449 Y117.811 E.03623
;WIDTH:0.49378
G1 X119.661 Y117.358 E.01875
G1 X119.788 Y116.922 E.01702
;WIDTH:0.46689
G1 X119.914 Y116.486 E.016
;WIDTH:0.439999
G1 X120.095 Y115.497 E.0332
G1 X120.043 Y114.438 E.03501
G1 X119.887 Y113.937 E.01733
;WIDTH:0.41091
G1 X119.73 Y113.435 E.01609
;WIDTH:0.381821
G1 X119.493 Y112.988 E.01426
;WIDTH:0.41437
G1 X119.486 Y112.927 E.0019
;WIDTH:0.458643
G1 X119.479 Y112.867 E.00209
;WIDTH:0.502917
G1 X119.473 Y112.806 E.00234
;WIDTH:0.54719
G1 X119.466 Y112.745 E.00257
;WIDTH:0.591463
G1 X119.46 Y112.685 E.00275
;WIDTH:0.635737
G1 X119.453 Y112.624 E.00303
G1 E-3.5 F3600
;WIPE_START
G1 F7200
G1 X119.446 Y112.564 E-.02869
G1 X119.494 Y112.602 E-.02908
G1 X119.542 Y112.64 E-.02908
G1 X119.589 Y112.678 E-.02871
G1 X119.637 Y112.716 E-.02908
G1 X119.684 Y112.754 E-.02871
G1 X119.732 Y112.793 E-.02938
G1 X119.78 Y112.831 E-.02908
G1 X120.145 Y113.497 E-.36074
G1 X121.087 Y115.159 E-.90745
;WIPE_END
G1 X118.491 Y110.097 F9000
G1 E5 F2400
;WIDTH:0.439999
G1 F900
G1 X118.619 Y110.097 E.00423
G1 X121.739 Y115.5 E.206
G1 X118.619 Y120.903 E.206
G1 X112.381 Y120.903 E.20596
G1 X111.5 Y119.377 E.05818
;WIDTH:0.487227
G1 X111.424 Y119.2 E.00712
;WIDTH:0.534455
G1 X111.349 Y119.022 E.00789
;WIDTH:0.581682
G1 X111.274 Y118.844 E.00865
G1 X110.967 Y118.359 E.02571
;WIDTH:0.535879
G1 X110.697 Y117.906 E.02162
;WIDTH:0.53612
G1 X110.438 Y117.441 E.02183
;WIDTH:0.583074
G1 X110.165 Y116.923 E.0263
G1 X110.045 Y116.763 E.00898
;WIDTH:0.535383
G1 X109.925 Y116.603 E.00819
;WIDTH:0.487691
G1 X109.806 Y116.443 E.00737
;WIDTH:0.439999
G1 X109.261 Y115.5 E.03596
G1 X110.025 Y114.178 E.05041
;WIDTH:0.447092
G1 X110.667 Y113.048 E.04368
;WIDTH:0.435795
G1 X110.923 Y112.617 E.01638
;WIDTH:0.481845
G1 X111.235 Y112.122 E.02136
G1 X111.51 Y111.604 E.0214
;WIDTH:0.439999
G1 X112.381 Y110.097 E.05747
G1 X118.431 Y110.097 E.19975
G1 X118.854 Y109.73 F9000
;TYPE:External perimeter
;WIDTH:0.419999
G1 F900
G1 X122.186 Y115.5 E.20891
G1 X118.843 Y121.29 E.20963
G1 X112.157 Y121.29 E.20963
G1 X108.814 Y115.5 E.20963
G1 X112.157 Y109.71 E.20963
G1 X118.806 Y109.71 E.20847
G1 X118.14 Y110.824 F9000
;TYPE:Solid infill
;WIDTH:0.630176
G1 F900
G1 X118.088 Y110.876 E.00359
G1 X118.107 Y110.947 E.00359
G1 X118.178 Y110.966 E.00359
G1 X118.23 Y110.914 E.00359
G1 X118.211 Y110.843 E.00359
G1 E-3.5 F3600
;WIPE_START
G1 F7200
G1 X118.23 Y110.914 E-.03491
G1 X118.178 Y110.966 E-.03493
G1 X118.107 Y110.947 E-.03491
G1 X118.088 Y110.876 E-.03491
G1 X118.14 Y110.824 E-.03493
;WIPE_END
G1 E-1.32541 F3600
G1 X120.67 Y115.946 F9000
G1 E5 F2400
;TYPE:Internal infill
;WIDTH:0.44
G1 F900
G1 X120.25 Y116.365 E.01959
G1 E-3.5 F3600
;WIPE_START
G1 F7200
G1 X120.67 Y115.946 E-.2818
;WIPE_END
G1 E-1.2182 F3600
G1 X117.447 Y120.174 F9000
G1 E5 F2400
;TYPE:Solid infill
;WIDTH:0.430451
G1 F900
G1 X118.161 Y119.75 E.02676
G1 X118.678 Y119.342 E.02122
G1 X118.506 Y119.703 E.01289
G1 X118.216 Y120.205 E.01868
G1 X117.622 Y120.205 E.01914
;LAYER_CHANGE
;Z:2.4
;HEIGHT:0.2
;BEFORE_LAYER_CHANGE
G92 E0
;3.4


G1 E-3.5 F3600
;WIPE_START
G1 F7200
G1 X120.351 Y116.791 E-.6174
G1 X120.501 Y116.114 E-.32937
G1 X121.127 Y115.5 E-.41651
G1 X120.921 Y115.299 E-.13672
;WIPE_END
G1 Z2.4 F9000
;AFTER_LAYER_CHANGE
;3.4
G1 X119.865 Y115.546
G1 E5 F2400
;TYPE:Perimeter
;WIDTH:0.439999
G1 F900
G1 X119.835 Y115.974 E.01417
G1 X119.554 Y116.904 E.03208
G1 X119.079 Y117.733 E.03155
G1 X118.407 Y118.46 E.03269
G1 X117.481 Y119.126 E.03766
G1 X116.962 Y119.421 E.01971
G1 X116.091 Y119.71 E.0303
G1 X115.13 Y119.807 E.03189
G1 X114.157 Y119.684 E.03238
G1 X113.22 Y119.341 E.03294
G1 X112.372 Y118.787 E.03344
G1 X111.971 Y118.416 E.01804
G1 X111.636 Y118.022 E.01708
G1 X111.346 Y117.588 E.01723
G1 X111.104 Y117.121 E.01737
G1 X110.915 Y116.627 E.01746
G1 X110.782 Y116.11 E.01763
G1 X110.708 Y115.577 E.01777
G1 X110.694 Y115.036 E.01787
G1 X110.741 Y114.492 E.01803
G1 X110.85 Y113.954 E.01812
;WIDTH:0.482421
G1 X111.001 Y113.42 E.02028
G1 X111.243 Y112.915 E.02046
;WIDTH:0.461994
G1 X111.529 Y112.432 E.01956
;WIDTH:0.499111
G1 X111.858 Y111.969 E.02155
G1 X112.067 Y111.773 E.01087
;WIDTH:0.469555
G1 X112.276 Y111.576 E.01019
;WIDTH:0.439999
G1 X112.781 Y111.215 E.0205
G1 X113.322 Y110.955 E.01982
G1 X113.857 Y110.773 E.01866
;WIDTH:0.477027
G1 X114.127 Y110.695 E.01014
;WIDTH:0.514054
G1 X114.397 Y110.618 E.011
G1 X114.956 Y110.571 E.02198
;WIDTH:0.494455
G1 X115.512 Y110.576 E.02088
;WIDTH:0.529465
G1 X116.062 Y110.626 E.02234
G1 X116.324 Y110.712 E.01116
;WIDTH:0.484732
G1 X116.586 Y110.798 E.01013
;WIDTH:0.439999
G1 X117.094 Y110.983 E.01785
G1 X117.575 Y111.222 E.01773
G1 X118.022 Y111.512 E.01759
G1 X118.43 Y111.848 E.01745
G1 X118.796 Y112.224 E.01732
G1 X119.114 Y112.636 E.01718
G1 X119.382 Y113.079 E.01709
G1 X119.597 Y113.544 E.01691
G1 X119.757 Y114.028 E.01683
G1 X119.903 Y114.988 E.03206
G1 X119.869 Y115.486 E.01648
G1 X119.483 Y115.515 F9000
;TYPE:External perimeter
;WIDTH:0.419999
G1 F900
G1 X119.45 Y115.941 E.0134
G1 X119.185 Y116.786 E.02777
G1 X118.746 Y117.536 E.02725
G1 X118.149 Y118.169 E.02728
G1 X117.255 Y118.811 E.03451
G1 X116.783 Y119.078 E.017
G1 X115.972 Y119.342 E.02674
G1 X115.097 Y119.422 E.02755
G1 X114.211 Y119.301 E.02804
G1 X113.359 Y118.979 E.02856
G1 X112.588 Y118.466 E.02904
G1 X112.224 Y118.121 E.01572
G1 X111.92 Y117.756 E.01489
G1 X111.658 Y117.357 E.01497
G1 X111.441 Y116.926 E.01513
G1 X111.271 Y116.471 E.01523
G1 X111.154 Y115.995 E.01537
G1 X111.09 Y115.48 E.01627
G1 X111.082 Y115.007 E.01483
G1 X111.13 Y114.508 E.01572
G1 X111.235 Y114.013 E.01587
G1 X111.396 Y113.529 E.01599
G1 X111.61 Y113.066 E.01599
G1 X111.87 Y112.638 E.0157
G1 X112.188 Y112.224 E.01637
G1 X112.553 Y111.846 E.01648
G1 X113 Y111.534 E.01709
G1 X113.485 Y111.306 E.0168
G1 X113.979 Y111.141 E.01633
G1 X114.485 Y111.032 E.01623
G1 X114.996 Y110.982 E.0161
G1 X115.505 Y110.99 E.01596
G1 X116.006 Y111.054 E.01584
G1 X116.493 Y111.174 E.01573
G1 X116.979 Y111.355 E.01626
G1 X117.616 Y111.709 E.02285
G1 X118.183 Y112.145 E.02243
G1 X118.53 Y112.508 E.01575
G1 X118.818 Y112.889 E.01497
G1 X119.06 Y113.296 E.01485
G1 X119.252 Y113.724 E.01471
G1 X119.395 Y114.177 E.01489
G1 X119.52 Y115.043 E.02743
G1 X119.488 Y115.455 E.01296
G1 E-3.5 F3600
;WIPE_START
G1 F7200
G1 X119.483 Y115.515 E-.0286
G1 X119.45 Y115.941 E-.20296
G1 X119.185 Y116.786 E-.42065
G1 X118.746 Y117.536 E-.41279
G1 X118.149 Y118.169 E-.4133
G1 X118.112 Y118.196 E-.0217
;WIPE_END
G1 X110.505 Y116.78 F9000
G1 E5 F2400
;TYPE:Perimeter
;WIDTH:0.52094
G1 F900
G1 X110.21 Y116.276 E.02321
;WIDTH:0.513357
G1 X109.762 Y115.5 E.03505
G1 X110.298 Y114.571 E.04195
G1 X110.26 Y115.044 E.01856
G1 X110.278 Y115.634 E.02309
G1 X110.362 Y116.215 E.02296
;WIDTH:0.52094
G1 X110.491 Y116.722 E.02079
G1 E-3.5 F3600
;WIPE_START
G1 F7200
G1 X110.505 Y116.78 E-.02834
G1 X110.21 Y116.276 E-.27739
G1 X109.762 Y115.5 E-.42562
G1 X110.298 Y114.571 E-.50946
G1 X110.26 Y115.044 E-.2254
G1 X110.262 Y115.115 E-.03379
;WIPE_END
G1 X111.589 Y118.652 F9000
G1 E5 F2400
;WIDTH:0.526296
G1 F900
G1 X111.589 Y118.651 E.00004
;WIDTH:0.52614
G1 X111.428 Y118.419 E.01135
;WIDTH:0.480526
G1 X111.268 Y118.187 E.01025
;WIDTH:0.434912
G1 X110.998 Y117.749 E.01677
;WIDTH:0.431634
G1 X110.754 Y117.3 E.01652
;WIDTH:0.476287
G1 X110.63 Y117.04 E.01038
;WIDTH:0.52094
G1 X110.505 Y116.78 E.01147
G1 E-3.5 F3600
;WIPE_START
G1 F7200
G1 X110.63 Y117.04 E-.13703
G1 X110.754 Y117.3 E-.13683
G1 X110.998 Y117.749 E-.24273
G1 X111.268 Y118.187 E-.2444
G1 X111.428 Y118.419 E-.13387
G1 X111.589 Y118.651 E-.13414
G1 X111.589 Y118.652 E-.00048
;WIPE_END
G1 E-.47052 F3600
G1 X112.192 Y111.168 F9000
G1 E5 F2400
;WIDTH:0.390486
G1 F900
G1 X112.596 Y110.469 E.02333
G1 X113.591 Y110.469 E.02876
G1 X113.166 Y110.617 E.01301
G1 X112.709 Y110.829 E.01456
G1 X112.242 Y111.135 E.01614
G1 E-3.5 F3600
;WIPE_START
G1 F7200
G1 X112.192 Y111.168 E-.02846
G1 X112.596 Y110.469 E-.38349
G1 X113.591 Y110.469 E-.47263
G1 X113.166 Y110.617 E-.21377
G1 X112.709 Y110.829 E-.23929
G1 X112.423 Y111.016 E-.16236
;WIPE_END
G1 X117.213 Y110.547 F9000
G1 E5 F2400
;WIDTH:0.546102
G1 F900
G1 X118.359 Y110.547 E.04795
G1 X118.91 Y111.501 E.04609
;WIDTH:0.548282
G1 X119.197 Y112 E.02419
G1 X119.122 Y111.912 E.00486
;WIDTH:0.547644
G1 X118.718 Y111.502 E.02416
;WIDTH:0.546102
G1 X118.269 Y111.136 E.02424
G1 X117.778 Y110.821 E.02441
G1 X117.267 Y110.573 E.02377
G1 E-3.5 F3600
;WIPE_START
G1 F7200
G1 X117.213 Y110.547 E-.02847
G1 X118.359 Y110.547 E-.54435
G1 X118.91 Y111.501 E-.5233
G1 X119.197 Y112 E-.27343
G1 X119.122 Y111.912 E-.05492
G1 X119.011 Y111.799 E-.07553
;WIPE_END
G1 X119.197 Y112 F9000
G1 E5 F2400
;WIDTH:0.548282
G1 F900
G1 X119.354 Y112.238 E.01198
;WIDTH:0.515314
G1 X119.51 Y112.476 E.01118
;WIDTH:0.482346
G1 X119.793 Y112.964 E.02061
;WIDTH:0.511837
G1 X119.92 Y113.216 E.011
;WIDTH:0.54295
G1 X120.047 Y113.467 E.0117
G1 X120.136 Y113.587 E.00621
;WIDTH:0.508633
G1 X120.225 Y113.706 E.00575
;WIDTH:0.474316
G1 X120.314 Y113.826 E.00536
;WIDTH:0.439999
G1 X121.28 Y115.5 E.06381
G1 X120.176 Y117.42 E.07313
;WIDTH:0.445486
G1 X119.221 Y119.067 E.06373
;WIDTH:0.439999
G1 X118.39 Y120.506 E.05487
G1 X116.014 Y120.511 E.07845
;WIDTH:0.428989
G1 X114.923 Y120.527 E.03503
;WIDTH:0.445273
G1 X113.799 Y120.503 E.03761
G1 X112.61 Y120.506 E.03978
;WIDTH:0.439999
G1 X111.834 Y119.161 E.05127
;WIDTH:0.483148
G1 X111.712 Y118.907 E.01031
;WIDTH:0.526296
G1 X111.589 Y118.652 E.01138
G1 X111.676 Y118.726 E.00459
;WIDTH:0.501439
G1 X111.913 Y118.921 E.0117
;WIDTH:0.470719
G1 X112.15 Y119.116 E.01092
;WIDTH:0.439999
G1 X113.078 Y119.711 E.0364
;WIDTH:0.456737
G1 X114.1 Y120.086 E.03746
G1 X114.631 Y120.133 E.01834
;WIDTH:0.424984
G1 X115.162 Y120.18 E.01694
;WIDTH:0.437424
G1 X116.212 Y120.087 E.03458
;WIDTH:0.439999
G1 X117.146 Y119.773 E.03253
G1 X117.713 Y119.448 E.02158
G1 X118.674 Y118.757 E.03908
G1 X119.419 Y117.935 E.03663
;WIDTH:0.441691
G1 X119.933 Y117.025 E.03465
G1 X120.231 Y116.007 E.03517
;WIDTH:0.439999
G1 X120.277 Y115.461 E.01809
G1 X120.296 Y114.932 E.01748
G1 X120.171 Y114.066 E.02889
;WIDTH:0.474316
G1 X120.13 Y113.866 E.00732
;WIDTH:0.508633
G1 X120.089 Y113.667 E.00787
;WIDTH:0.54295
G1 X120.059 Y113.526 E.00599
G1 E-3.5 F3600
;WIPE_START
G1 F7200
G1 X120.047 Y113.467 E-.0286
G1 X120.136 Y113.587 E-.07097
G1 X120.225 Y113.706 E-.07059
G1 X120.314 Y113.826 E-.07097
G1 X121.28 Y115.5 E-.91805
G1 X120.922 Y116.122 E-.34082
;WIPE_END
G1 X121.739 Y115.5 F9000
G1 E5 F2400
;WIDTH:0.439999
G1 F900
G1 X118.619 Y120.903 E.206
G1 X112.381 Y120.903 E.20596
G1 X109.261 Y115.5 E.206
G1 X110.329 Y113.65 E.07053
;WIDTH:0.480825
G1 X110.638 Y113.157 E.02119
G1 X110.918 Y112.647 E.02118
;WIDTH:0.465493
G1 X111.215 Y112.141 E.02062
;WIDTH:0.48509
G1 X111.521 Y111.631 E.02187
G1 X111.754 Y111.182 E.0186
;WIDTH:0.439999
G1 X112.381 Y110.097 E.04138
G1 X113.851 Y110.097 E.04854
;WIDTH:0.47775
G1 X114.147 Y110.116 E.01072
;WIDTH:0.515501
G1 X114.443 Y110.135 E.01166
G1 X115.014 Y110.122 E.02244
;WIDTH:0.494455
G1 X115.516 Y110.124 E.01885
;WIDTH:0.529465
G1 X116.094 Y110.142 E.0234
G1 X116.383 Y110.119 E.01173
;WIDTH:0.484732
G1 X116.671 Y110.097 E.01061
;WIDTH:0.439999
G1 X118.619 Y110.097 E.06432
G1 X121.709 Y115.448 E.20402
G1 X122.186 Y115.5 F9000
;TYPE:External perimeter
;WIDTH:0.419999
G1 F900
G1 X118.843 Y121.29 E.20963
G1 X112.157 Y121.29 E.20963
G1 X108.814 Y115.5 E.20963
G1 X112.157 Y109.71 E.20963
G1 X118.843 Y109.71 E.20963
G1 X122.156 Y115.448 E.20775
G1 X120.562 Y115.485 F9000
;TYPE:Solid infill
;WIDTH:0.402132
G1 F900
G1 X120.582 Y114.958 E.01575
G1 X120.641 Y114.966 E.00178
G1 X120.949 Y115.5 E.01841
G1 X120.624 Y116.059 E.01931
G1 X120.509 Y116.204 E.00553
G1 X120.546 Y115.682 E.01563
G1 E-3.5 F3600
;WIPE_START
G1 F7200
G1 X120.509 Y116.204 E-.24857
G1 X120.624 Y116.059 E-.08791
G1 X120.949 Y115.5 E-.30714
G1 X120.641 Y114.966 E-.29282
G1 X120.582 Y114.958 E-.02828
G1 X120.562 Y115.485 E-.25051
;WIPE_END
G1 E-.28477 F3600
G1 X112.489 Y119.76 F9000
G1 E5 F2400
;WIDTH:0.364544
G1 F900
G1 X112.551 Y119.702 E.00227
G1 X112.94 Y119.938 E.01217
G1 X113.46 Y120.148 E.015
G1 X113.446 Y120.229 E.0022
G1 X112.764 Y120.237 E.01824
G1 X112.588 Y119.932 E.00942
;LAYER_CHANGE
;Z:2.6
;HEIGHT:0.2
;BEFORE_LAYER_CHANGE
G92 E0
;3.8


G1 E-3.5 F3600
;WIPE_START
G1 F7200
G1 X120.709 Y116.204 E-.51496
G1 X120.824 Y116.059 E-.08791
G1 X121.149 Y115.5 E-.30714
G1 X120.829 Y114.945 E-.30431
;WIPE_END
G1 E-.28568 F3600
G1 Z2.6 F9000
;AFTER_LAYER_CHANGE
;3.8
G1 X120.105 Y115.029
G1 E5 F2400
;TYPE:Perimeter
;WIDTH:0.439999
G1 F900
G1 X120.097 Y115.515 E.01605
G1 X120.031 Y116.026 E.01701
G1 X119.908 Y116.522 E.01687
G1 X119.52 Y117.418 E.03224
G1 X118.936 Y118.221 E.03278
G1 X118.199 Y118.862 E.03225
G1 X117.662 Y119.154 E.02018
G1 X117.23 Y119.36 E.0158
G1 X116.439 Y119.561 E.02695
G1 X115.513 Y119.597 E.0306
G1 X114.689 Y119.579 E.02721
G1 X113.77 Y119.36 E.03119
G1 X112.909 Y118.934 E.03172
G1 X112.153 Y118.315 E.03226
G1 X111.546 Y117.53 E.03276
G1 X111.123 Y116.614 E.03331
G1 X110.982 Y116.09 E.01792
G1 X110.908 Y115.58 E.01702
G1 X110.893 Y115.061 E.01714
G1 X110.936 Y114.539 E.01729
G1 X111.039 Y114.022 E.01741
;WIDTH:0.484742
G1 X111.071 Y113.846 E.00657
;WIDTH:0.529485
G1 X111.104 Y113.671 E.0072
;WIDTH:0.574228
G1 X111.136 Y113.495 E.0079
G1 X111.365 Y113.003 E.02397
;WIDTH:0.560856
G1 X111.642 Y112.533 E.0235
;WIDTH:0.595926
G1 X111.96 Y112.083 E.02534
G1 X112.07 Y111.996 E.00645
;WIDTH:0.556945
G1 X112.179 Y111.908 E.00599
;WIDTH:0.517963
G1 X112.289 Y111.821 E.00554
;WIDTH:0.478981
G1 X112.399 Y111.734 E.00509
;WIDTH:0.439999
G1 X112.821 Y111.38 E.01819
G1 X113.284 Y111.074 E.01832
G1 X113.782 Y110.82 E.01846
G1 X114.31 Y110.622 E.01862
G1 X114.86 Y110.487 E.0187
;WIDTH:0.433191
G1 X115.43 Y110.429 E.01859
;WIDTH:0.429502
G1 X116.076 Y110.477 E.02082
;WIDTH:0.439999
G1 X116.628 Y110.603 E.01869
G1 X117.158 Y110.794 E.0186
G1 X117.659 Y111.041 E.01844
G1 X118.126 Y111.342 E.01834
G1 X118.553 Y111.69 E.01819
;WIDTH:0.478213
G1 X118.695 Y111.807 E.00666
;WIDTH:0.516427
G1 X118.836 Y111.924 E.00721
;WIDTH:0.55464
G1 X118.977 Y112.041 E.0078
;WIDTH:0.564617
G1 X119.319 Y112.472 E.02387
G1 X119.6 Y112.94 E.02368
;WIDTH:0.580907
G1 X119.84 Y113.426 E.02425
G1 X119.875 Y113.604 E.00812
;WIDTH:0.533938
G1 X119.91 Y113.782 E.00741
;WIDTH:0.486969
G1 X119.945 Y113.959 E.00666
;WIDTH:0.439999
G1 X120.054 Y114.475 E.01741
G1 X120.103 Y114.969 E.01639
G1 X119.719 Y115.042 F9000
;TYPE:External perimeter
;WIDTH:0.419999
G1 F900
G1 X119.708 Y115.527 E.01521
G1 X119.643 Y115.994 E.01478
G1 X119.523 Y116.457 E.015
G1 X119.166 Y117.261 E.02758
G1 X118.626 Y117.988 E.02839
G1 X117.949 Y118.566 E.02791
G1 X117.485 Y118.81 E.01644
G1 X117.135 Y118.985 E.01227
G1 X116.344 Y119.186 E.02559
G1 X115.504 Y119.21 E.02635
G1 X114.698 Y119.192 E.02528
G1 X113.865 Y118.985 E.02691
G1 X113.086 Y118.59 E.02739
G1 X112.403 Y118.019 E.02791
G1 X111.856 Y117.298 E.02838
G1 X111.477 Y116.457 E.02892
G1 X111.353 Y115.973 E.01567
G1 X111.289 Y115.474 E.01577
G1 X111.28 Y115.03 E.01392
G1 X111.325 Y114.553 E.01502
G1 X111.423 Y114.079 E.01518
G1 X111.576 Y113.616 E.01529
G1 X111.781 Y113.17 E.01539
G1 X112.038 Y112.746 E.01555
G1 X112.343 Y112.35 E.01567
G1 X112.693 Y111.988 E.01579
G1 X113.085 Y111.666 E.01591
G1 X113.514 Y111.387 E.01605
G1 X113.975 Y111.157 E.01615
G1 X114.464 Y110.979 E.01632
G1 X114.951 Y110.859 E.01573
G1 X115.476 Y110.791 E.0166
G1 X116.028 Y110.856 E.01743
G1 X116.536 Y110.979 E.01639
G1 X117.025 Y111.157 E.01632
G1 X117.486 Y111.387 E.01615
G1 X117.915 Y111.666 E.01605
G1 X118.307 Y111.988 E.01591
G1 X118.657 Y112.35 E.01579
G1 X118.974 Y112.763 E.01632
G1 X119.229 Y113.188 E.01554
G1 X119.432 Y113.636 E.01542
G1 X119.582 Y114.1 E.01529
G1 X119.678 Y114.574 E.01516
G1 X119.715 Y114.982 E.01285
G1 E-3.5 F3600
;WIPE_START
G1 F7200
G1 X119.719 Y115.042 E-.02856
G1 X119.708 Y115.527 E-.23043
G1 X119.643 Y115.994 E-.22396
G1 X119.523 Y116.457 E-.22719
G1 X119.166 Y117.261 E-.41786
G1 X118.699 Y117.89 E-.372
;WIPE_END
G1 X113.517 Y110.501 F9000
G1 E5 F2400
;TYPE:Perimeter
;WIDTH:0.453595
G1 F900
G1 X113.064 Y110.735 E.01741
G1 X112.564 Y111.069 E.02053
G1 X111.997 Y111.569 E.02581
G1 X112.614 Y110.501 E.04212
G1 X113.457 Y110.501 E.02879
G1 E-3.5 F3600
;WIPE_START
G1 F7200
G1 X113.517 Y110.501 E-.0285
G1 X113.064 Y110.735 E-.24219
G1 X112.564 Y111.069 E-.28562
G1 X111.997 Y111.569 E-.35909
G1 X112.612 Y110.503 E-.5846
;WIPE_END
G1 X117.483 Y110.501 F9000
G1 E5 F2400
;WIDTH:0.453594
G1 F900
G1 X118.386 Y110.501 E.03084
G1 X119.003 Y111.569 E.04212
G1 X118.892 Y111.454 E.00546
G1 X118.436 Y111.069 E.02038
G1 X117.936 Y110.735 E.02053
G1 X117.537 Y110.529 E.01533
G1 E-3.5 F3600
;WIPE_START
G1 F7200
G1 X117.483 Y110.501 E-.02889
G1 X118.386 Y110.501 E-.42892
G1 X119.003 Y111.569 E-.58587
G1 X118.892 Y111.454 E-.07592
G1 X118.436 Y111.069 E-.28348
G1 X118.266 Y110.956 E-.09692
;WIPE_END
G1 X120.518 Y114.346 F9000
G1 E5 F2400
;WIDTH:0.606119
G1 F900
G1 X121.184 Y115.5 E.0624
G1 X121.031 Y115.807 E.01606
;WIDTH:0.564387
G1 X120.949 Y115.986 E.00854
;WIDTH:0.527374
G1 X120.868 Y116.164 E.00788
;WIDTH:0.490361
G1 X120.786 Y116.342 E.00729
;WIDTH:0.453347
G1 X120.645 Y116.627 E.01085
;WIDTH:0.413477
G1 X120.504 Y116.912 E.0098
;WIDTH:0.373607
G1 X119.964 Y117.891 E.03074
;WIDTH:0.369745
G1 X119.667 Y118.365 E.0152
;WIDTH:0.411563
G1 X119.369 Y118.838 E.01714
;WIDTH:0.439999
G1 X118.39 Y120.506 E.06386
G1 X117.423 Y120.506 E.03193
;WIDTH:0.4733
G1 X116.875 Y120.489 E.01962
;WIDTH:0.506601
G1 X115.472 Y120.477 E.05409
;WIDTH:0.525815
G1 X114.393 Y120.463 E.04333
G1 X113.985 Y120.484 E.0164
;WIDTH:0.482907
G1 X113.577 Y120.506 E.01495
;WIDTH:0.439999
G1 X112.61 Y120.506 E.03193
G1 X111.778 Y119.096 E.05405
;WIDTH:0.409934
G1 X111.49 Y118.626 E.01682
;WIDTH:0.379868
G1 X111.203 Y118.156 E.01543
;WIDTH:0.353466
G1 X110.916 Y117.685 E.01424
;WIDTH:0.359331
G1 X110.663 Y117.215 E.01404
;WIDTH:0.391598
G1 X110.41 Y116.744 E.0155
;WIDTH:0.433767
G1 X110.283 Y116.482 E.00946
;WIDTH:0.475936
G1 X110.156 Y116.22 E.01048
;WIDTH:0.519331
G1 X110.043 Y115.98 E.01051
;WIDTH:0.562725
G1 X109.929 Y115.74 E.01148
;WIDTH:0.606119
G1 X109.816 Y115.5 E.01242
G1 X110.466 Y114.374 E.06089
G1 X110.413 Y115.072 E.03278
G1 X110.453 Y115.642 E.02676
;WIDTH:0.564389
G1 X110.499 Y115.824 E.00814
;WIDTH:0.527375
G1 X110.545 Y116.007 E.0076
;WIDTH:0.490361
G1 X110.59 Y116.189 E.00698
;WIDTH:0.453346
G1 X110.691 Y116.475 E.01035
;WIDTH:0.413477
G1 X110.791 Y116.762 E.00936
;WIDTH:0.373607
G1 X111.273 Y117.735 E.02986
;WIDTH:0.369746
G1 X111.59 Y118.171 E.01465
;WIDTH:0.411564
G1 X111.906 Y118.608 E.01653
;WIDTH:0.439999
G1 X112.545 Y119.165 E.02799
G1 X113.157 Y119.508 E.02316
G1 X113.672 Y119.745 E.01872
;WIDTH:0.482907
G1 X114.062 Y119.866 E.01494
;WIDTH:0.525815
G1 X114.452 Y119.987 E.0164
G1 X114.679 Y120.009 E.00916
;WIDTH:0.506602
G1 X115.523 Y120.023 E.03255
G1 X116.321 Y120.009 E.03077
G1 X116.544 Y119.974 E.0087
;WIDTH:0.497851
G1 X116.936 Y119.859 E.01545
;WIDTH:0.468925
G1 X117.328 Y119.745 E.01446
;WIDTH:0.439999
G1 X117.843 Y119.508 E.01872
G1 X118.455 Y119.165 E.02316
G1 X119.094 Y118.608 E.02799
;WIDTH:0.411563
G1 X119.229 Y118.441 E.00658
;WIDTH:0.379868
G1 X119.53 Y117.999 E.01498
;WIDTH:0.353466
G1 X119.831 Y117.556 E.01383
;WIDTH:0.359332
G1 X120.05 Y117.085 E.01367
;WIDTH:0.3916
G1 X120.27 Y116.614 E.01507
;WIDTH:0.433769
G1 X120.356 Y116.348 E.00909
;WIDTH:0.475937
G1 X120.442 Y116.082 E.01007
;WIDTH:0.519331
G1 X120.487 Y115.886 E.00797
;WIDTH:0.562725
G1 X120.532 Y115.69 E.00869
;WIDTH:0.606119
G1 X120.578 Y115.494 E.00943
G1 X120.583 Y114.953 E.02534
G1 X120.525 Y114.406 E.02576
G1 X121.739 Y115.5 F9000
;WIDTH:0.439999
G1 F900
G1 X118.619 Y120.903 E.206
G1 X112.381 Y120.903 E.20596
G1 X109.261 Y115.5 E.206
G1 X110.336 Y113.638 E.07099
;WIDTH:0.488588
G1 X110.44 Y113.507 E.0062
;WIDTH:0.537177
G1 X110.544 Y113.375 E.00691
;WIDTH:0.585765
G1 X110.648 Y113.244 E.00755
G1 X110.908 Y112.767 E.02452
;WIDTH:0.560856
G1 X111.196 Y112.27 E.02474
;WIDTH:0.595926
G1 X111.501 Y111.776 E.0267
G1 X111.558 Y111.639 E.00682
;WIDTH:0.556945
G1 X111.614 Y111.502 E.00633
;WIDTH:0.517963
G1 X111.671 Y111.365 E.00586
;WIDTH:0.478981
G1 X111.727 Y111.228 E.00537
;WIDTH:0.439999
G1 X112.381 Y110.097 E.04314
G1 X114.9 Y110.092 E.08317
;WIDTH:0.429504
G1 X115.593 Y110.076 E.02228
;WIDTH:0.431782
G1 X116.187 Y110.093 E.01921
;WIDTH:0.439999
G1 X118.619 Y110.097 E.0803
G1 X119.216 Y111.13 E.03939
;WIDTH:0.478213
G1 X119.299 Y111.312 E.00724
;WIDTH:0.516427
G1 X119.381 Y111.493 E.00782
;WIDTH:0.55464
G1 X119.464 Y111.675 E.00851
;WIDTH:0.564617
G1 X120.051 Y112.693 E.05098
;WIDTH:0.580907
G1 X120.318 Y113.18 E.02484
G1 X120.433 Y113.333 E.00856
;WIDTH:0.533938
G1 X120.549 Y113.485 E.00781
;WIDTH:0.486969
G1 X120.664 Y113.638 E.00707
;WIDTH:0.439999
G1 X121.709 Y115.448 E.06901
G1 X122.186 Y115.5 F9000
;TYPE:External perimeter
;WIDTH:0.419999
G1 F900
G1 X118.843 Y121.29 E.20963
G1 X112.157 Y121.29 E.20963
G1 X108.814 Y115.5 E.20963
G1 X112.157 Y109.71 E.20963
G1 X118.843 Y109.71 E.20963
G1 X122.156 Y115.448 E.20775
;LAYER_CHANGE
;Z:2.8
;HEIGHT:0.2
;BEFORE_LAYER_CHANGE
G92 E0
;4


G1 E-3.5 F3600
;WIPE_START
G1 F7200
G1 X122.186 Y115.5 E-.02852
G1 X120.637 Y118.183 E-1.47148
;WIPE_END
G1 Z2.8 F9000
;AFTER_LAYER_CHANGE
;4
G1 X120.29 Y115.548
G1 E5 F2400
;TYPE:Perimeter
;WIDTH:0.439999
G1 F900
G1 X120.23 Y116.046 E.01656
G1 X120.104 Y116.565 E.01763
G1 X119.922 Y117.062 E.01748
G1 X119.687 Y117.532 E.01735
G1 X119.403 Y117.969 E.01721
G1 X119.073 Y118.369 E.01712
G1 X118.704 Y118.726 E.01695
G1 X118.3 Y119.037 E.01683
G1 X117.754 Y119.33 E.02046
G1 X117.319 Y119.54 E.01595
G1 X116.487 Y119.755 E.02837
G1 X115.514 Y119.797 E.03216
G1 X114.572 Y119.622 E.03163
G1 X113.708 Y119.248 E.03108
G1 X112.965 Y118.736 E.02979
G1 X112.312 Y118.192 E.02806
G1 X111.728 Y117.445 E.03131
G1 X111.319 Y116.572 E.03183
G1 X111.114 Y115.614 E.03235
G1 X111.129 Y114.618 E.03289
G1 X111.371 Y113.636 E.03339
G1 X111.588 Y113.136 E.018
G1 X111.849 Y112.69 E.01706
G1 X112.162 Y112.274 E.01719
G1 X112.522 Y111.892 E.01733
G1 X112.926 Y111.551 E.01746
G1 X113.369 Y111.255 E.01759
G1 X113.847 Y111.009 E.01775
G1 X114.352 Y110.817 E.01784
;WIDTH:0.479161
G1 X114.611 Y110.731 E.0099
;WIDTH:0.518322
G1 X114.871 Y110.645 E.01083
G1 X115.42 Y110.579 E.02186
;WIDTH:0.497914
G1 X115.943 Y110.57 E.01979
;WIDTH:0.515169
G1 X116.529 Y110.606 E.02305
G1 X116.805 Y110.681 E.01123
;WIDTH:0.477584
G1 X117.08 Y110.756 E.0103
;WIDTH:0.439999
G1 X117.617 Y110.931 E.01865
G1 X118.075 Y111.139 E.01661
G1 X118.638 Y111.503 E.02214
;WIDTH:0.48509
G1 X119.092 Y111.923 E.02274
G1 X119.435 Y112.376 E.02089
;WIDTH:0.465493
G1 X119.726 Y112.858 E.01978
;WIDTH:0.480824
G1 X119.974 Y113.358 E.02032
G1 X120.133 Y113.891 E.02025
;WIDTH:0.439999
G1 X120.249 Y114.428 E.01814
G1 X120.304 Y114.971 E.01802
G1 X120.297 Y115.487 E.01704
G1 X119.909 Y115.517 F9000
;TYPE:External perimeter
;WIDTH:0.419999
G1 F900
G1 X119.908 Y115.526 E.00028
G1 X119.842 Y116.016 E.0155
G1 X119.722 Y116.491 E.01536
G1 X119.551 Y116.946 E.01524
G1 X119.331 Y117.375 E.01512
G1 X119.067 Y117.773 E.01497
G1 X118.762 Y118.136 E.01487
G1 X118.421 Y118.46 E.01475
G1 X118.039 Y118.745 E.01494
G1 X117.262 Y119.15 E.02747
G1 X116.39 Y119.381 E.02828
G1 X115.503 Y119.41 E.02783
G1 X114.649 Y119.243 E.02728
G1 X113.868 Y118.895 E.02681
G1 X113.188 Y118.42 E.02601
G1 X112.56 Y117.895 E.02566
G1 X112.036 Y117.212 E.02699
G1 X111.672 Y116.413 E.02753
G1 X111.494 Y115.539 E.02797
G1 X111.516 Y114.63 E.02851
G1 X111.745 Y113.734 E.029
G1 X111.95 Y113.277 E.0157
G1 X112.194 Y112.871 E.01485
G1 X112.484 Y112.492 E.01496
G1 X112.817 Y112.145 E.01508
G1 X113.384 Y111.709 E.02243
G1 X114.021 Y111.355 E.02285
G1 X114.507 Y111.174 E.01626
G1 X114.994 Y111.054 E.01573
G1 X115.495 Y110.99 E.01584
G1 X115.969 Y110.983 E.01486
G1 X116.492 Y111.029 E.01646
G1 X117 Y111.135 E.01627
G1 X117.495 Y111.298 E.01634
G1 X117.972 Y111.518 E.01647
G1 X118.418 Y111.822 E.01692
G1 X118.798 Y112.208 E.01698
G1 X119.118 Y112.62 E.01636
G1 X119.388 Y113.063 E.01627
G1 X119.604 Y113.529 E.0161
G1 X119.765 Y114.013 E.01599
G1 X119.87 Y114.508 E.01587
G1 X119.918 Y115.007 E.01572
G1 X119.91 Y115.457 E.01411
G1 E-3.5 F3600
;WIPE_START
G1 F7200
G1 X119.909 Y115.517 E-.0285
G1 X119.908 Y115.526 E-.0043
G1 X119.842 Y116.016 E-.23485
G1 X119.722 Y116.491 E-.23271
G1 X119.551 Y116.946 E-.23088
G1 X119.331 Y117.375 E-.22901
G1 X119.067 Y117.773 E-.22686
G1 X118.762 Y118.136 E-.22521
G1 X118.628 Y118.263 E-.08768
;WIPE_END
G1 X113.747 Y110.547 F9000
G1 E5 F2400
;TYPE:Perimeter
;WIDTH:0.546103
G1 F900
G1 X113.122 Y110.879 E.02961
G1 X112.638 Y111.205 E.02442
G1 X112.197 Y111.581 E.02425
;WIDTH:0.54828
G1 X111.803 Y112 E.02417
G1 X112.09 Y111.501 E.02419
;WIDTH:0.546103
G1 X112.641 Y110.547 E.04609
G1 X113.687 Y110.547 E.04376
G1 E-3.5 F3600
;WIPE_START
G1 F7200
G1 X113.747 Y110.547 E-.0285
G1 X113.122 Y110.879 E-.33616
G1 X112.638 Y111.205 E-.27719
G1 X112.197 Y111.581 E-.27528
G1 X111.803 Y112 E-.2732
G1 X112.09 Y111.501 E-.27343
G1 X112.128 Y111.435 E-.03624
;WIPE_END
G1 X110.969 Y113.432 F9000
G1 E5 F2400
;WIDTH:0.53542
G1 F900
G1 X111.088 Y113.198 E.01075
;WIDTH:0.508073
G1 X111.207 Y112.964 E.01015
;WIDTH:0.482346
G1 X111.49 Y112.476 E.02061
;WIDTH:0.515313
G1 X111.646 Y112.238 E.01118
;WIDTH:0.54828
G1 X111.803 Y112 E.01198
G1 E-3.5 F3600
;WIPE_START
G1 F7200
G1 X111.646 Y112.238 E-.13543
G1 X111.49 Y112.476 E-.13517
G1 X111.207 Y112.964 E-.26796
G1 X111.088 Y113.198 E-.1247
G1 X110.969 Y113.432 E-.1247
;WIPE_END
G1 E-.71204 F3600
G1 X117.409 Y110.469 F9000
G1 E5 F2400
;WIDTH:0.390486
G1 F900
G1 X118.404 Y110.469 E.02876
G1 X118.808 Y111.168 E.02333
G1 X118.231 Y110.801 E.01976
G1 X117.465 Y110.492 E.02387
G1 E-3.5 F3600
;WIPE_START
G1 F7200
G1 X117.409 Y110.469 E-.02876
G1 X118.404 Y110.469 E-.47262
G1 X118.808 Y111.168 E-.38349
G1 X118.231 Y110.801 E-.32482
G1 X117.664 Y110.572 E-.29031
;WIPE_END
G1 X120.702 Y114.571 F9000
G1 E5 F2400
;WIDTH:0.513357
G1 F900
G1 X121.238 Y115.5 E.04195
G1 X120.79 Y116.276 E.03505
;WIDTH:0.522278
G1 X120.498 Y116.773 E.02298
G1 X120.528 Y116.671 E.00424
;WIDTH:0.519873
G1 X120.66 Y116.103 E.02313
;WIDTH:0.513357
G1 X120.731 Y115.496 E.02391
G1 X120.704 Y114.631 E.03385
G1 E-3.5 F3600
;WIPE_START
G1 F7200
G1 X120.702 Y114.571 E-.02852
G1 X121.238 Y115.5 E-.50946
G1 X120.79 Y116.276 E-.42562
G1 X120.498 Y116.773 E-.2738
G1 X120.528 Y116.671 E-.0505
G1 X120.629 Y116.236 E-.2121
;WIPE_END
G1 X119.411 Y118.652 F9000
G1 E5 F2400
;WIDTH:0.526296
G1 F900
G1 X119.288 Y118.907 E.01138
;WIDTH:0.483148
G1 X119.166 Y119.161 E.01031
;WIDTH:0.439999
G1 X118.39 Y120.506 E.05127
G1 X116.374 Y120.521 E.06656
;WIDTH:0.409169
G1 X115.273 Y120.522 E.03353
;WIDTH:0.439999
G1 X112.61 Y120.506 E.08793
G1 X112.05 Y119.536 E.03698
;WIDTH:0.47946
G1 X111.527 Y118.591 E.0392
G1 X111.245 Y118.129 E.01965
;WIDTH:0.453131
G1 X110.964 Y117.668 E.01842
;WIDTH:0.449061
G1 X109.99 Y115.968 E.06617
;WIDTH:0.439999
G1 X109.72 Y115.5 E.01784
G1 X110.438 Y114.256 E.04742
;WIDTH:0.48771
G1 X110.704 Y113.844 E.01814
;WIDTH:0.53542
G1 X110.969 Y113.432 E.02006
G1 X110.952 Y113.526 E.00391
;WIDTH:0.512213
G1 X110.842 Y114.066 E.0215
;WIDTH:0.476106
G1 X110.732 Y114.607 E.01989
;WIDTH:0.439999
G1 X110.725 Y115.691 E.03579
;WIDTH:0.46915
G1 X110.944 Y116.741 E.03801
G1 X111.416 Y117.682 E.03731
;WIDTH:0.453896
G1 X111.653 Y118.016 E.014
;WIDTH:0.47946
G1 X111.89 Y118.35 E.01487
G1 X112.051 Y118.504 E.00809
;WIDTH:0.459813
G1 X112.736 Y119.06 E.03058
;WIDTH:0.439999
G1 X113.545 Y119.61 E.0323
G1 X114.494 Y120.012 E.03403
G1 X115.524 Y120.173 E.03442
;WIDTH:0.422782
G1 X116.584 Y120.131 E.03351
;WIDTH:0.439999
G1 X117.419 Y119.924 E.0284
G1 X117.937 Y119.683 E.01886
G1 X118.54 Y119.353 E.0227
G1 X118.978 Y119.013 E.01831
;WIDTH:0.483148
G1 X119.194 Y118.833 E.01029
;WIDTH:0.526296
G1 X119.365 Y118.691 E.00893
G1 E-3.5 F3600
;WIPE_START
G1 F7200
G1 X119.411 Y118.652 E-.02865
G1 X119.288 Y118.907 E-.13448
G1 X119.166 Y119.161 E-.13385
G1 X118.39 Y120.506 E-.73758
G1 X117.41 Y120.513 E-.46544
;WIPE_END
G1 X120.498 Y116.773 F9000
G1 E5 F2400
;WIDTH:0.522278
G1 F900
G1 X120.495 Y116.78 E.0003
;WIDTH:0.52094
G1 X120.37 Y117.04 E.01147
;WIDTH:0.476286
G1 X120.246 Y117.3 E.01038
;WIDTH:0.431632
G1 X120.002 Y117.749 E.01652
;WIDTH:0.434916
G1 X119.732 Y118.187 E.01677
;WIDTH:0.480606
G1 X119.571 Y118.419 E.01028
;WIDTH:0.526296
G1 X119.411 Y118.652 E.01136
G1 E-3.5 F3600
;WIPE_START
G1 F7200
G1 X119.571 Y118.419 E-.13426
G1 X119.732 Y118.187 E-.13414
G1 X120.002 Y117.749 E-.2444
G1 X120.246 Y117.3 E-.24273
G1 X120.37 Y117.04 E-.13683
G1 X120.495 Y116.78 E-.13703
G1 X120.498 Y116.773 E-.00362
;WIPE_END
G1 E-.46699 F3600
G1 X118.619 Y120.903 F9000
G1 E5 F2400
;WIDTH:0.439999
G1 F900
G1 X112.381 Y120.903 E.20596
G1 X109.261 Y115.5 E.206
G1 X112.381 Y110.097 E.206
G1 X114.329 Y110.097 E.06432
;WIDTH:0.484732
G1 X114.618 Y110.119 E.01065
;WIDTH:0.529465
G1 X114.906 Y110.142 E.01169
G1 X115.485 Y110.124 E.02344
;WIDTH:0.494447
G1 X116.024 Y110.123 E.02024
;WIDTH:0.515169
G1 X116.55 Y110.135 E.02066
G1 X116.849 Y110.116 E.01176
;WIDTH:0.477584
G1 X117.149 Y110.097 E.01086
;WIDTH:0.439999
G1 X118.619 Y110.097 E.04854
G1 X119.246 Y111.182 E.04138
;WIDTH:0.469555
G1 X119.383 Y111.449 E.01065
;WIDTH:0.499111
G1 X119.52 Y111.716 E.01138
G1 X119.831 Y112.218 E.0224
;WIDTH:0.461995
G1 X120.09 Y112.662 E.01791
;WIDTH:0.480824
G1 X120.362 Y113.157 E.02057
G1 X120.671 Y113.65 E.02119
;WIDTH:0.439999
G1 X121.739 Y115.5 E.07053
G1 X118.649 Y120.851 E.20402
G1 X118.843 Y121.29 F9000
;TYPE:External perimeter
;WIDTH:0.419999
G1 F900
G1 X112.157 Y121.29 E.20963
G1 X108.814 Y115.5 E.20963
G1 X112.157 Y109.71 E.20963
G1 X118.843 Y109.71 E.20963
G1 X122.186 Y115.5 E.20963
G1 X118.873 Y121.238 E.20775
G1 X118.423 Y119.736 F9000
;TYPE:Solid infill
;WIDTH:0.372274
G1 F900
G1 X118.477 Y119.745 E.0015
G1 X118.484 Y119.8 E.00152
G1 X118.233 Y120.234 E.01373
G1 X117.562 Y120.239 E.01838
G1 X117.548 Y120.164 E.00209
G1 X117.754 Y120.084 E.00605
G1 X118.247 Y119.828 E.01521
G1 E-3.5 F3600
;WIPE_START
G1 F7200
G1 X117.754 Y120.084 E-.26386
G1 X117.548 Y120.164 E-.10497
G1 X117.562 Y120.239 E-.03624
G1 X118.233 Y120.234 E-.31873
G1 X118.484 Y119.8 E-.23814
G1 X118.477 Y119.745 E-.02634
G1 X118.423 Y119.736 E-.026
;WIPE_END
G1 E-.48572 F3600
G1 X110.387 Y114.908 F9000
G1 E5 F2400
;WIDTH:0.393162
G1 F900
G1 X110.44 Y114.951 E.00199
G1 X110.426 Y115.527 E.01678
G1 X110.543 Y116.201 E.01992
G1 X110.489 Y116.255 E.00222
G1 X110.046 Y115.5 E.02549
G1 X110.288 Y115.08 E.01412
;LAYER_CHANGE
;Z:3
;HEIGHT:0.2
;BEFORE_LAYER_CHANGE
G92 E0
;4.4


G1 E-3.5 F3600
;WIPE_START
G1 F7200
G1 X110.489 Y116.255 E-.32171
G1 X110.549 Y116.232 E-.03052
G1 X110.426 Y115.527 E-.33993
G1 X110.44 Y114.951 E-.27368
G1 X110.414 Y114.916 E-.02071
G1 X110.374 Y114.932 E-.02046
G1 X110.046 Y115.5 E-.31155
;WIPE_END
G1 E-.18144 F3600
G1 Z3 F9000
;AFTER_LAYER_CHANGE
;4.4
G1 X111.331 Y115.55
G1 E5 F2400
;TYPE:Perimeter
;WIDTH:0.439999
G1 F900
G1 X111.316 Y115.416 E.00445
G1 X111.296 Y115.013 E.01332
G1 X111.41 Y114.191 E.0274
G1 X111.744 Y113.275 E.03219
G1 X112.283 Y112.443 E.03273
G1 X113.007 Y111.743 E.03325
G1 X113.454 Y111.436 E.0179
G1 X113.911 Y111.199 E.017
G1 X114.395 Y111.013 E.01712
G1 X114.9 Y110.882 E.01723
G1 X115.842 Y110.798 E.03123
G1 X116.474 Y110.838 E.02091
G1 X117.012 Y110.945 E.01811
G1 X117.529 Y111.11 E.01792
G1 X118.027 Y111.335 E.01804
G1 X118.5 Y111.616 E.01817
G1 X118.941 Y111.952 E.01831
;WIDTH:0.472102
G1 X119.356 Y112.326 E.01994
G1 X119.706 Y112.769 E.02015
;WIDTH:0.440557
G1 X120.01 Y113.247 E.01873
;WIDTH:0.447091
G1 X120.319 Y113.854 E.02289
G1 X120.444 Y114.382 E.01823
;WIDTH:0.439999
G1 X120.502 Y114.947 E.01875
G1 X120.497 Y115.491 E.01796
G1 X120.429 Y116.066 E.01912
;WIDTH:0.475745
G1 X120.403 Y116.251 E.00672
;WIDTH:0.511491
G1 X120.377 Y116.435 E.00724
;WIDTH:0.547236
G1 X120.352 Y116.62 E.00783
G1 X120.159 Y117.144 E.02342
;WIDTH:0.541697
G1 X119.905 Y117.636 E.02296
;WIDTH:0.535881
G1 X119.613 Y118.1 E.02247
;WIDTH:0.581681
G1 X119.286 Y118.537 E.02445
G1 X119.14 Y118.647 E.00819
;WIDTH:0.534454
G1 X118.993 Y118.756 E.00748
;WIDTH:0.487227
G1 X118.847 Y118.866 E.00675
;WIDTH:0.439999
G1 X118.427 Y119.192 E.01755
G1 X117.976 Y119.466 E.01742
G1 X117.5 Y119.687 E.01733
G1 X117.007 Y119.851 E.01715
G1 X116.502 Y119.957 E.01704
G1 X115.992 Y120.006 E.01692
G1 X115.484 Y119.997 E.01678
G1 X114.531 Y119.818 E.03202
G1 X113.624 Y119.429 E.03258
G1 X112.841 Y118.857 E.03202
G1 X112.216 Y118.136 E.0315
G1 X111.775 Y117.307 E.031
G1 X111.388 Y116.078 E.04254
G1 X111.337 Y115.61 E.01554
G1 X111.718 Y115.516 F9000
;TYPE:External perimeter
;WIDTH:0.419999
G1 F900
G1 X111.679 Y115.066 E.01416
G1 X111.793 Y114.244 E.02602
G1 X112.105 Y113.413 E.02783
G1 X112.605 Y112.659 E.02837
G1 X113.272 Y112.025 E.02885
G1 X113.686 Y111.748 E.01562
G1 X114.106 Y111.535 E.01477
G1 X114.551 Y111.369 E.01489
G1 X115.026 Y111.252 E.01534
G1 X115.874 Y111.183 E.02668
G1 X116.445 Y111.224 E.01795
G1 X116.954 Y111.329 E.0163
G1 X117.427 Y111.486 E.01563
G1 X117.884 Y111.697 E.01578
G1 X118.317 Y111.96 E.01588
G1 X118.721 Y112.272 E.016
G1 X119.09 Y112.631 E.01614
G1 X119.419 Y113.032 E.01626
G1 X119.693 Y113.453 E.01575
G1 X119.966 Y114.023 E.01982
G1 X120.068 Y114.483 E.01477
G1 X120.117 Y114.984 E.01578
G1 X120.11 Y115.485 E.01571
G1 X120.045 Y116.017 E.0168
G1 X119.924 Y116.515 E.01607
G1 X119.749 Y116.992 E.01593
G1 X119.523 Y117.443 E.01582
G1 X119.249 Y117.862 E.0157
G1 X118.919 Y118.26 E.01621
G1 X118.563 Y118.601 E.01546
G1 X118.174 Y118.896 E.01531
G1 X117.735 Y119.155 E.01598
G1 X117.32 Y119.342 E.01427
G1 X116.867 Y119.488 E.01492
G1 X116.403 Y119.581 E.01484
G1 X115.937 Y119.621 E.01466
G1 X115.462 Y119.606 E.0149
G1 X114.605 Y119.438 E.02738
G1 X113.782 Y119.076 E.02819
G1 X113.074 Y118.548 E.02769
G1 X112.512 Y117.887 E.0272
G1 X112.12 Y117.13 E.02673
G1 X111.757 Y115.96 E.03841
G1 X111.724 Y115.576 E.01208
G1 E-3.5 F3600
;WIPE_START
G1 F7200
G1 X111.718 Y115.516 E-.02864
G1 X111.679 Y115.066 E-.21455
G1 X111.793 Y114.244 E-.39419
G1 X112.105 Y113.413 E-.42163
G1 X112.605 Y112.659 E-.42974
G1 X112.622 Y112.643 E-.01125
;WIPE_END
G1 X116.625 Y110.477 F9000
G1 E5 F2400
;TYPE:Perimeter
;WIDTH:0.443893
G1 F900
G1 X116.862 Y110.496 E.00793
;WIDTH:0.48283
G1 X117.099 Y110.516 E.0087
G1 X118.378 Y110.516 E.04678
G1 X118.871 Y111.369 E.03604
G1 X118.3 Y111.007 E.02473
G1 X117.764 Y110.754 E.02168
G1 X117.205 Y110.564 E.0216
G1 X116.915 Y110.52 E.01073
;WIDTH:0.443893
G1 X116.685 Y110.486 E.00775
G1 X114.874 Y110.488 F9000
;WIDTH:0.427838
G1 F900
G1 X114.963 Y110.482 E.00286
;WIDTH:0.416446
G1 X115.461 Y110.465 E.01548
;WIDTH:0.381762
G1 X115.958 Y110.448 E.01401
;WIDTH:0.376017
G1 X116.292 Y110.462 E.00926
;WIDTH:0.404956
G1 X116.625 Y110.477 E.01003
G1 E-3.5 F3600
;WIPE_START
G1 F7200
G1 X116.292 Y110.462 E-.15834
G1 X115.958 Y110.448 E-.15879
G1 X115.461 Y110.465 E-.23621
G1 X114.963 Y110.482 E-.23669
G1 X114.874 Y110.488 E-.04237
;WIPE_END
G1 E-.6676 F3600
G1 X120.875 Y114.779 F9000
G1 E5 F2400
;WIDTH:0.420577
G1 F900
G1 X121.291 Y115.5 E.02614
G1 X120.733 Y116.468 E.03509
G1 X120.813 Y116.116 E.01134
G1 X120.885 Y115.497 E.01957
G1 X120.876 Y114.839 E.02066
G1 E-3.5 F3600
;WIPE_START
G1 F7200
G1 X120.875 Y114.779 E-.0285
G1 X121.291 Y115.5 E-.39539
G1 X120.733 Y116.468 E-.53072
G1 X120.813 Y116.116 E-.17146
G1 X120.885 Y115.497 E-.29601
G1 X120.883 Y115.333 E-.07792
;WIPE_END
G1 X118.975 Y119.358 F9000
G1 E5 F2400
;WIDTH:0.57512
G1 F900
G1 X118.351 Y120.438 E.0552
G1 X117.173 Y120.438 E.05213
;WIDTH:0.594322
G1 X116.597 Y120.425 E.02642
G1 X117.15 Y120.292 E.02608
;WIDTH:0.57512
G1 X117.693 Y120.109 E.02536
G1 X118.214 Y119.865 E.02546
G1 X118.925 Y119.391 E.03781
G1 E-3.5 F3600
;WIPE_START
G1 F7200
G1 X118.975 Y119.358 E-.02846
G1 X118.351 Y120.438 E-.59247
G1 X117.173 Y120.438 E-.55955
G1 X116.597 Y120.425 E-.27367
G1 X116.691 Y120.403 E-.04585
;WIPE_END
G1 X115.298 Y120.44 F9000
G1 E5 F2400
;WIDTH:0.571206
G1 F900
G1 X115.007 Y120.462 E.01282
;WIDTH:0.527471
G1 X114.716 Y120.484 E.01176
;WIDTH:0.483735
G1 X114.425 Y120.506 E.0107
;WIDTH:0.439999
G1 X112.61 Y120.506 E.05993
G1 X111.952 Y119.367 E.04343
;WIDTH:0.461117
G1 X111.414 Y118.413 E.03809
;WIDTH:0.48175
G1 X111.018 Y117.706 E.02957
G1 X110.654 Y117.118 E.02523
;WIDTH:0.439999
G1 X109.72 Y115.5 E.06168
G1 X110.722 Y113.757 E.06638
;WIDTH:0.433799
G1 X110.98 Y113.275 E.01777
;WIDTH:0.397173
G1 X111.237 Y112.793 E.01609
;WIDTH:0.391161
G1 X111.529 Y112.317 E.01617
;WIDTH:0.421775
G1 X111.822 Y111.841 E.01761
;WIDTH:0.439999
G1 X112.61 Y110.494 E.05153
G1 X114.874 Y110.488 E.07475
;WIDTH:0.430005
G1 X114.805 Y110.502 E.00227
;WIDTH:0.439999
G1 X114.255 Y110.641 E.01873
G1 X113.73 Y110.845 E.0186
G1 X113.235 Y111.105 E.01846
G1 X112.735 Y111.454 E.02013
G1 X112.101 Y112.062 E.029
;WIDTH:0.421775
G1 X111.974 Y112.236 E.00679
;WIDTH:0.389296
G1 X111.407 Y113.146 E.03088
;WIDTH:0.40004
G1 X111.241 Y113.536 E.01259
;WIDTH:0.433799
G1 X111.074 Y113.925 E.01376
;WIDTH:0.438229
G1 X111.018 Y114.136 E.00718
;WIDTH:0.439999
G1 X110.902 Y114.958 E.02741
G1 X110.921 Y115.451 E.01629
G1 X111.01 Y116.198 E.02484
;WIDTH:0.46926
G1 X111.168 Y116.762 E.02076
;WIDTH:0.49852
G1 X111.326 Y117.325 E.02215
G1 X111.403 Y117.497 E.00714
;WIDTH:0.48175
G1 X111.9 Y118.4 E.03761
;WIDTH:0.469237
G1 X112.602 Y119.174 E.03704
;WIDTH:0.439999
G1 X113.462 Y119.792 E.03497
G1 X114.454 Y120.208 E.03552
;WIDTH:0.483735
G1 X114.735 Y120.285 E.01068
;WIDTH:0.527471
G1 X115.017 Y120.363 E.01179
;WIDTH:0.571206
G1 X115.24 Y120.424 E.01016
G1 X116.568 Y120.428 F9000
;WIDTH:0.595816
G1 F900
G1 X116.479 Y120.434 E.0041
;WIDTH:0.584058
G1 X115.916 Y120.455 E.02535
;WIDTH:0.571206
G1 X115.298 Y120.44 E.02715
G1 E-3.5 F3600
;WIPE_START
G1 F7200
G1 X115.916 Y120.455 E-.29364
G1 X116.479 Y120.434 E-.26761
G1 X116.568 Y120.428 E-.04237
;WIPE_END
G1 E-.89638 F3600
G1 X112.381 Y120.903 F9000
G1 E5 F2400
;WIDTH:0.439999
G1 F900
G1 X109.261 Y115.5 E.206
G1 X112.381 Y110.097 E.206
G1 X118.619 Y110.097 E.20596
G1 X119.49 Y111.604 E.05747
;WIDTH:0.481844
G1 X119.765 Y112.122 E.0214
G1 X120.077 Y112.617 E.02136
;WIDTH:0.435795
G1 X120.383 Y113.135 E.01965
;WIDTH:0.447091
G1 X120.975 Y114.178 E.0403
;WIDTH:0.439999
G1 X121.739 Y115.5 E.05041
G1 X121.194 Y116.443 E.03596
;WIDTH:0.48769
G1 X121.075 Y116.603 E.00737
;WIDTH:0.535381
G1 X120.955 Y116.763 E.00819
;WIDTH:0.583072
G1 X120.835 Y116.923 E.00898
G1 X120.562 Y117.441 E.0263
;WIDTH:0.536121
G1 X120.303 Y117.906 E.02183
;WIDTH:0.535881
G1 X120.033 Y118.359 E.02162
;WIDTH:0.582044
G1 X119.724 Y118.847 E.02589
G1 X119.649 Y119.024 E.00862
;WIDTH:0.534696
G1 X119.575 Y119.201 E.00784
;WIDTH:0.487348
G1 X119.5 Y119.377 E.00707
;WIDTH:0.439999
G1 X118.619 Y120.903 E.05818
G1 X112.441 Y120.903 E.20398
G1 X112.157 Y121.29 F9000
;TYPE:External perimeter
;WIDTH:0.419999
G1 F900
G1 X108.814 Y115.5 E.20963
G1 X112.157 Y109.71 E.20963
G1 X118.843 Y109.71 E.20963
G1 X122.186 Y115.5 E.20963
G1 X118.843 Y121.29 E.20963
G1 X112.217 Y121.29 E.20775
G1 E-3.5 F3600
;WIPE_START
G1 F7200
G1 X112.157 Y121.29 E-.0285
G1 X110.608 Y118.607 E-1.4715
;WIPE_END
G1 X110.692 Y116.162 F9000
G1 E5 F2400
;TYPE:Internal infill
;WIDTH:0.44
G1 F900
G1 X110.592 Y115.198 E.032
G1 X110.621 Y114.763 E.01439
G1 X110.326 Y115.058 E.01377
G1 X110.073 Y115.5 E.01682
G1 X110.33 Y115.946 E.017
G1 X110.739 Y116.355 E.0191
G1 X110.92 Y116.925 E.01975
G1 X110.429 Y116.118 E.03119
G1 E-3.5 F3600
;WIPE_START
G1 F7200
G1 X110.92 Y116.925 E-.4487
G1 X110.739 Y116.355 E-.28407
G1 X110.33 Y115.946 E-.27475
G1 X110.073 Y115.5 E-.24451
G1 X110.326 Y115.058 E-.24191
G1 X110.335 Y115.049 E-.00606
;WIPE_END
G1 X112.91 Y110.874 F9000
G1 E5 F2400
;TYPE:Solid infill
;WIDTH:0.625522
G1 F900
G1 X112.859 Y110.822 E.00353
G1 X112.788 Y110.841 E.00356
G1 X112.77 Y110.912 E.00355
G1 X112.821 Y110.963 E.00349
G1 X112.891 Y110.944 E.00351
;LAYER_CHANGE
;Z:3.2
;HEIGHT:0.2
;BEFORE_LAYER_CHANGE
G92 E0
;4.8


G1 E-3.5 F3600
;WIPE_START
G1 F7200
G1 X112.712 Y110.914 E-.03491
G1 X112.66 Y110.965 E-.0346
G1 X112.589 Y110.946 E-.03491
G1 X112.57 Y110.876 E-.03445
G1 X112.622 Y110.824 E-.03493
;WIPE_END
G1 E-1.3262 F3600
G1 Z3.2 F9000
;AFTER_LAYER_CHANGE
;4.8
G1 X114.01 Y111.383
G1 E5 F2400
;TYPE:Perimeter
;WIDTH:0.439999
G1 F900
G1 X114.889 Y111.09 E.03059
G1 X115.895 Y110.994 E.03337
G1 X116.437 Y111.033 E.01794
G1 X116.944 Y111.133 E.01706
G1 X117.44 Y111.29 E.01718
G1 X117.918 Y111.504 E.01729
G1 X118.373 Y111.772 E.01744
G1 X118.798 Y112.092 E.01757
;WIDTH:0.474877
G1 X118.94 Y112.202 E.00645
;WIDTH:0.509755
G1 X119.082 Y112.312 E.00697
;WIDTH:0.544632
G1 X119.223 Y112.423 E.00749
G1 X119.574 Y112.841 E.02277
;WIDTH:0.541431
G1 X119.87 Y113.304 E.02278
;WIDTH:0.536121
G1 X120.129 Y113.793 E.02269
;WIDTH:0.583072
G1 X120.348 Y114.306 E.02505
G1 X120.371 Y114.494 E.00851
;WIDTH:0.535381
G1 X120.394 Y114.682 E.00776
;WIDTH:0.48769
G1 X120.417 Y114.87 E.007
;WIDTH:0.439999
G1 X120.492 Y115.425 E.01849
G1 X120.505 Y115.988 E.01859
G1 X120.453 Y116.554 E.01877
;WIDTH:0.451793
G1 X120.342 Y117.096 E.01881
G1 X120.047 Y117.689 E.02252
;WIDTH:0.435795
G1 X119.742 Y118.178 E.01883
;WIDTH:0.481845
G1 X119.405 Y118.628 E.02052
G1 X118.99 Y119.006 E.02049
;WIDTH:0.439999
G1 X118.553 Y119.347 E.0183
G1 X118.084 Y119.635 E.01817
G1 X117.589 Y119.866 E.01804
G1 X117.075 Y120.039 E.01791
G1 X116.548 Y120.152 E.0178
G1 X116.017 Y120.204 E.01762
G1 X115.486 Y120.197 E.01753
G1 X114.964 Y120.13 E.01738
G1 X114.457 Y120.006 E.01723
G1 X113.97 Y119.827 E.01713
G1 X113.51 Y119.596 E.017
G1 X113.083 Y119.317 E.01684
G1 X112.692 Y118.994 E.01674
G1 X112.061 Y118.262 E.03191
G1 X111.596 Y117.396 E.03245
G1 X111.342 Y116.463 E.03193
G1 X111.303 Y115.513 E.03139
G1 X111.475 Y114.593 E.0309
G1 X111.741 Y113.775 E.0284
G1 X111.952 Y113.298 E.01722
G1 X112.423 Y112.587 E.02816
G1 X113.111 Y111.914 E.03178
G1 X113.946 Y111.405 E.03229
G1 X113.953 Y111.402 E.00025
G1 X114.164 Y111.731 F9000
;TYPE:External perimeter
;WIDTH:0.419999
G1 F900
G1 X115.006 Y111.459 E.02774
G1 X115.926 Y111.38 E.02895
G1 X116.424 Y111.422 E.01567
G1 X116.887 Y111.518 E.01483
G1 X117.34 Y111.666 E.01494
G1 X117.777 Y111.866 E.01507
G1 X118.192 Y112.116 E.01519
G1 X118.579 Y112.413 E.0153
G1 X118.933 Y112.755 E.01543
G1 X119.249 Y113.138 E.01557
G1 X119.523 Y113.557 E.0157
G1 X119.749 Y114.008 E.01582
G1 X119.924 Y114.485 E.01593
G1 X120.045 Y114.983 E.01607
G1 X120.11 Y115.495 E.01618
G1 X120.118 Y115.995 E.01568
G1 X120.068 Y116.517 E.01644
G1 X119.966 Y116.977 E.01477
G1 X119.705 Y117.526 E.01906
G1 X119.419 Y117.968 E.01651
G1 X119.09 Y118.369 E.01626
G1 X118.721 Y118.728 E.01614
G1 X118.317 Y119.04 E.016
G1 X117.884 Y119.303 E.01588
G1 X117.427 Y119.514 E.01578
G1 X116.933 Y119.676 E.0163
G1 X116.449 Y119.776 E.0155
G1 X115.96 Y119.82 E.01539
G1 X115.473 Y119.808 E.01527
G1 X114.995 Y119.743 E.01513
G1 X114.531 Y119.625 E.01501
G1 X114.087 Y119.456 E.0149
G1 X113.492 Y119.124 E.02136
G1 X112.941 Y118.698 E.02184
G1 X112.356 Y118.012 E.02827
G1 X111.94 Y117.218 E.02811
G1 X111.717 Y116.367 E.02758
G1 X111.69 Y115.503 E.0271
G1 X111.855 Y114.671 E.02659
G1 X112.109 Y113.896 E.02557
G1 X112.294 Y113.482 E.01422
G1 X112.745 Y112.801 E.02561
G1 X113.377 Y112.195 E.02745
G1 X114.11 Y111.757 E.02677
G1 X113.849 Y111.02 F9000
;TYPE:Perimeter
;WIDTH:0.480075
G1 F900
G1 X113.744 Y111.063 E.00412
;WIDTH:0.439999
G1 X112.838 Y111.626 E.03522
;WIDTH:0.485809
G1 X112.073 Y112.355 E.03892
G1 X111.551 Y113.189 E.03623
;WIDTH:0.485331
G1 X111.343 Y113.644 E.0184
G1 X111.086 Y114.514 E.03337
;WIDTH:0.439999
G1 X110.906 Y115.523 E.03384
G1 X110.957 Y116.562 E.03435
G1 X111.113 Y117.063 E.01733
;WIDTH:0.41091
G1 X111.27 Y117.565 E.01609
;WIDTH:0.381821
G1 X111.784 Y118.497 E.02999
;WIDTH:0.405455
G1 X112.111 Y118.898 E.0156
;WIDTH:0.439999
G1 X112.437 Y119.299 E.01706
G1 X112.863 Y119.648 E.01818
G1 X113.329 Y119.95 E.01833
G1 X113.83 Y120.199 E.01847
G1 X114.36 Y120.391 E.01861
G1 X114.912 Y120.515 E.01868
G1 X112.61 Y120.506 E.07601
G1 X111.983 Y119.42 E.0414
G1 X111.687 Y118.946 E.01845
;WIDTH:0.401025
G1 X111.391 Y118.472 E.01664
;WIDTH:0.402102
G1 X110.854 Y117.503 E.03309
;WIDTH:0.439999
G1 X109.72 Y115.5 E.076
G1 X110.51 Y114.132 E.05216
;WIDTH:0.484489
G1 X110.984 Y113.354 E.03345
G1 X111.277 Y112.823 E.02227
;WIDTH:0.460416
G1 X111.821 Y111.874 E.03797
;WIDTH:0.453926
G1 X112.232 Y111.149 E.02848
;WIDTH:0.439999
G1 X112.61 Y110.494 E.02497
G1 X113.87 Y110.494 E.0416
;WIDTH:0.487026
G1 X114.123 Y110.518 E.00938
;WIDTH:0.534053
G1 X114.375 Y110.541 E.01033
;WIDTH:0.58108
G1 X114.627 Y110.565 E.01133
;WIDTH:0.628106
G1 X114.879 Y110.588 E.01231
G1 X114.815 Y110.621 E.0035
;WIDTH:0.594167
G1 X114.751 Y110.654 E.0033
;WIDTH:0.560227
G1 X114.415 Y110.79 E.01559
;WIDTH:0.520151
G1 X114.08 Y110.927 E.01436
;WIDTH:0.480075
G1 X113.904 Y110.998 E.0069
G1 E-3.5 F3600
;WIPE_START
G1 F7200
G1 X113.849 Y111.02 E-.02814
G1 X113.744 Y111.063 E-.0539
G1 X112.838 Y111.626 E-.50667
G1 X112.073 Y112.355 E-.50194
G1 X111.615 Y113.085 E-.40935
;WIPE_END
G1 X116.596 Y120.526 F9000
G1 E5 F2400
;WIDTH:0.399366
G1 F900
G1 X116.322 Y120.54 E.00813
;WIDTH:0.372614
G1 X116.049 Y120.553 E.00749
;WIDTH:0.351922
G1 X115.479 Y120.55 E.01465
;WIDTH:0.38692
G1 X115.196 Y120.532 E.00811
;WIDTH:0.421918
G1 X114.912 Y120.515 E.00897
G1 E-3.5 F3600
;WIPE_START
G1 F7200
G1 X115.196 Y120.532 E-.13514
G1 X115.479 Y120.55 E-.1347
G1 X116.049 Y120.553 E-.27075
G1 X116.322 Y120.54 E-.12982
G1 X116.596 Y120.526 E-.13032
;WIPE_END
G1 E-.69927 F3600
G1 X117.004 Y120.484 F9000
G1 E5 F2400
;WIDTH:0.482829
G1 F900
G1 X117.205 Y120.436 E.00756
G1 X117.764 Y120.246 E.0216
G1 X118.3 Y119.993 E.02168
G1 X118.871 Y119.631 E.02473
G1 X118.378 Y120.484 E.03604
G1 X117.064 Y120.484 E.04806
G1 E-3.5 F3600
;WIPE_START
G1 F7200
G1 X117.004 Y120.484 E-.0285
G1 X117.205 Y120.436 E-.09816
G1 X117.764 Y120.246 E-.28044
G1 X118.3 Y119.993 E-.28154
G1 X118.871 Y119.631 E-.32114
G1 X118.378 Y120.484 E-.46798
G1 X118.331 Y120.484 E-.02224
;WIPE_END
G1 X120.875 Y116.221 F9000
G1 E5 F2400
;WIDTH:0.420577
G1 F900
G1 X120.892 Y115.982 E.00752
G1 X120.876 Y115.375 E.01907
G1 X120.733 Y114.532 E.02685
G1 X121.291 Y115.5 E.03509
G1 X120.905 Y116.169 E.02425
G1 E-3.5 F3600
;WIPE_START
G1 F7200
G1 X120.875 Y116.221 E-.02852
G1 X120.892 Y115.982 E-.11381
G1 X120.876 Y115.375 E-.28843
G1 X120.733 Y114.532 E-.40615
G1 X121.291 Y115.5 E-.53072
G1 X121.152 Y115.741 E-.13237
;WIPE_END
G1 X118.975 Y111.642 F9000
G1 E5 F2400
;WIDTH:0.57512
G1 F900
G1 X118.709 Y111.439 E.01481
G1 X118.214 Y111.135 E.02571
G1 X117.693 Y110.891 E.02546
G1 X117.15 Y110.708 E.02536
;WIDTH:0.601216
G1 X116.597 Y110.575 E.0264
G1 X117.048 Y110.562 E.02095
;WIDTH:0.57512
G1 X118.351 Y110.562 E.05766
G1 X118.945 Y111.59 E.05254
G1 E-3.5 F3600
;WIPE_START
G1 F7200
G1 X118.975 Y111.642 E-.02852
G1 X118.709 Y111.439 E-.15894
G1 X118.214 Y111.135 E-.27593
G1 X117.693 Y110.891 E-.27327
G1 X117.15 Y110.708 E-.27218
G1 X116.597 Y110.575 E-.27017
G1 X117.048 Y110.562 E-.21431
G1 X117.062 Y110.562 E-.00668
;WIPE_END
G1 X114.879 Y110.588 F9000
G1 E5 F2400
;WIDTH:0.628106
G1 F900
G1 X114.977 Y110.582 E.00478
;WIDTH:0.615548
G1 X115.504 Y110.564 E.02511
;WIDTH:0.580102
G1 X116.031 Y110.546 E.02355
;WIDTH:0.572936
G1 X116.314 Y110.561 E.01249
;WIDTH:0.601216
G1 X116.597 Y110.575 E.01315
G1 E-3.5 F3600
;WIPE_START
G1 F7200
G1 X116.314 Y110.561 E-.13459
G1 X116.031 Y110.546 E-.13461
G1 X115.504 Y110.564 E-.25047
G1 X114.977 Y110.582 E-.25047
G1 X114.879 Y110.588 E-.04664
;WIPE_END
G1 E-.68322 F3600
G1 X118.619 Y110.097 F9000
G1 E5 F2400
;WIDTH:0.439999
G1 F900
G1 X119.5 Y111.623 E.05818
;WIDTH:0.487227
G1 X119.576 Y111.8 E.00712
;WIDTH:0.534454
G1 X119.651 Y111.978 E.00789
;WIDTH:0.581681
G1 X119.726 Y112.156 E.00865
G1 X120.033 Y112.641 E.02571
;WIDTH:0.535881
G1 X120.303 Y113.094 E.02162
;WIDTH:0.536121
G1 X120.562 Y113.559 E.02183
;WIDTH:0.583072
G1 X120.835 Y114.077 E.0263
G1 X120.955 Y114.237 E.00898
;WIDTH:0.535381
G1 X121.075 Y114.397 E.00819
;WIDTH:0.48769
G1 X121.194 Y114.557 E.00737
;WIDTH:0.439999
G1 X121.739 Y115.5 E.03596
G1 X120.975 Y116.822 E.05041
;WIDTH:0.447091
G1 X120.333 Y117.952 E.04368
;WIDTH:0.440557
G1 X120.031 Y118.457 E.01946
;WIDTH:0.482403
G1 X119.761 Y118.883 E.01843
G1 X119.49 Y119.396 E.0212
;WIDTH:0.439999
G1 X118.619 Y120.903 E.05747
G1 X112.381 Y120.903 E.20596
G1 X109.261 Y115.5 E.206
G1 X112.381 Y110.097 E.206
G1 X118.559 Y110.097 E.20398
G1 X118.882 Y109.779 F9000
;TYPE:External perimeter
;WIDTH:0.419999
G1 F900
G1 X122.186 Y115.5 E.20714
G1 X118.843 Y121.29 E.20963
G1 X112.157 Y121.29 E.20963
G1 X108.814 Y115.5 E.20963
G1 X112.157 Y109.71 E.20963
G1 X118.843 Y109.71 E.20963
G1 X118.852 Y109.727 E.0006
G1 E-3.5 F3600
;WIPE_START
G1 F7200
G1 X118.882 Y109.779 E-.02852
G1 X120.431 Y112.462 E-1.47148
;WIPE_END
G1 X112.484 Y111.467 F9000
G1 E5 F2400
;TYPE:Solid infill
;WIDTH:0.569062
G1 F900
G1 X112.691 Y111.338 E.01067
;WIDTH:0.528142
G1 X112.898 Y111.21 E.00982
;WIDTH:0.487222
G1 X113.104 Y111.081 E.00898
;WIDTH:0.49509
G1 X113.172 Y111.013 E.00362
;WIDTH:0.543878
G1 X113.24 Y110.945 E.00401
;WIDTH:0.592666
G1 X113.308 Y110.876 E.00443
G1 E-3.5 F3600
;WIPE_START
G1 F7200
G1 X113.24 Y110.945 E-.04602
G1 X113.172 Y111.013 E-.04568
G1 X113.104 Y111.081 E-.04568
G1 X112.898 Y111.21 E-.11545
G1 X112.691 Y111.338 E-.1156
G1 X112.484 Y111.467 E-.11586
;WIPE_END
G1 E-1.01571 F3600
G1 X110.75 Y114.635 F9000
G1 E5 F2400
;TYPE:Internal infill
;WIDTH:0.44
G1 F900
G1 X110.33 Y115.054 E.01959
G1 E-3.5 F3600
;WIPE_START
G1 F7200
G1 X110.75 Y114.635 E-.2818
;WIPE_END
G1 E-1.2182 F3600
G1 X112.912 Y120.086 F9000
G1 E5 F2400
;TYPE:Solid infill
;WIDTH:0.630176
G1 F900
G1 X112.86 Y120.034 E.00359
G1 X112.789 Y120.053 E.00359
G1 X112.77 Y120.124 E.00359
G1 X112.822 Y120.176 E.00359
G1 X112.893 Y120.157 E.00359
;LAYER_CHANGE
;Z:3.4
;HEIGHT:0.2
;BEFORE_LAYER_CHANGE
G92 E0
;5


G1 E-3.5 F3600
;WIPE_START
G1 F7200
G1 X112.822 Y120.176 E-.03491
G1 X112.77 Y120.124 E-.03493
G1 X112.789 Y120.053 E-.03491
G1 X112.86 Y120.034 E-.03491
G1 X112.912 Y120.086 E-.03493
;WIPE_END
G1 E-1.32541 F3600
G1 Z3.4 F9000
;AFTER_LAYER_CHANGE
;5
G1 X113.396 Y119.759
G1 E5 F2400
;TYPE:Perimeter
;WIDTH:0.439999
G1 F900
G1 X112.978 Y119.488 E.01645
G1 X112.57 Y119.152 E.01745
G1 X112.204 Y118.776 E.01732
G1 X111.886 Y118.364 E.01718
G1 X111.618 Y117.921 E.01709
G1 X111.403 Y117.456 E.01691
G1 X111.243 Y116.972 E.01683
G1 X111.097 Y116.012 E.03206
G1 X111.165 Y115.026 E.03263
G1 X111.446 Y114.096 E.03208
G1 X111.921 Y113.267 E.03155
G1 X112.559 Y112.576 E.03105
G1 X113.271 Y112.039 E.02944
G1 X114.01 Y111.595 E.02846
G1 X114.909 Y111.29 E.03134
G1 X115.87 Y111.193 E.03189
G1 X116.843 Y111.316 E.03238
G1 X117.78 Y111.659 E.03294
G1 X118.628 Y112.213 E.03344
G1 X119.029 Y112.584 E.01804
G1 X119.364 Y112.978 E.01708
G1 X119.654 Y113.412 E.01723
G1 X119.896 Y113.879 E.01737
G1 X120.085 Y114.373 E.01746
G1 X120.218 Y114.89 E.01763
G1 X120.292 Y115.423 E.01777
G1 X120.306 Y115.964 E.01787
G1 X120.259 Y116.508 E.01803
G1 X120.15 Y117.046 E.01812
;WIDTH:0.482423
G1 X119.999 Y117.58 E.02028
G1 X119.757 Y118.085 E.02046
;WIDTH:0.461995
G1 X119.471 Y118.568 E.01956
;WIDTH:0.499111
G1 X119.142 Y119.031 E.02155
G1 X118.933 Y119.227 E.01087
;WIDTH:0.469555
G1 X118.724 Y119.424 E.01019
;WIDTH:0.439999
G1 X118.219 Y119.785 E.0205
G1 X117.678 Y120.045 E.01982
G1 X117.143 Y120.227 E.01866
;WIDTH:0.477027
G1 X116.873 Y120.305 E.01014
;WIDTH:0.514054
G1 X116.603 Y120.382 E.011
G1 X116.044 Y120.429 E.02198
;WIDTH:0.494456
G1 X115.488 Y120.424 E.02088
;WIDTH:0.529465
G1 X114.938 Y120.374 E.02234
G1 X114.676 Y120.288 E.01116
;WIDTH:0.484732
G1 X114.414 Y120.202 E.01013
;WIDTH:0.439999
G1 X113.906 Y120.017 E.01785
G1 X113.448 Y119.789 E.01689
G1 X113.599 Y119.411 F9000
;TYPE:External perimeter
;WIDTH:0.419999
G1 F900
G1 X113.384 Y119.291 E.00772
G1 X112.817 Y118.855 E.02243
G1 X112.47 Y118.492 E.01575
G1 X112.182 Y118.111 E.01497
G1 X111.94 Y117.704 E.01485
G1 X111.748 Y117.276 E.01471
G1 X111.605 Y116.823 E.01489
G1 X111.48 Y115.957 E.02743
G1 X111.55 Y115.059 E.02824
G1 X111.815 Y114.214 E.02777
G1 X112.254 Y113.464 E.02725
G1 X112.84 Y112.843 E.02677
G1 X113.501 Y112.35 E.02585
G1 X114.208 Y111.927 E.02583
G1 X115.028 Y111.658 E.02706
G1 X115.903 Y111.578 E.02755
G1 X116.789 Y111.699 E.02804
G1 X117.641 Y112.021 E.02856
G1 X118.412 Y112.534 E.02904
G1 X118.776 Y112.879 E.01572
G1 X119.08 Y113.244 E.01489
G1 X119.342 Y113.643 E.01497
G1 X119.559 Y114.074 E.01513
G1 X119.729 Y114.529 E.01523
G1 X119.846 Y115.005 E.01537
G1 X119.91 Y115.52 E.01627
G1 X119.919 Y115.971 E.01414
G1 X119.873 Y116.471 E.01574
G1 X119.771 Y116.967 E.01588
G1 X119.612 Y117.451 E.01597
G1 X119.398 Y117.919 E.01614
G1 X119.13 Y118.362 E.01623
G1 X118.812 Y118.776 E.01637
G1 X118.447 Y119.154 E.01648
G1 X118 Y119.466 E.01709
G1 X117.515 Y119.694 E.0168
G1 X117.021 Y119.859 E.01633
G1 X116.515 Y119.968 E.01623
G1 X116.004 Y120.018 E.0161
G1 X115.495 Y120.01 E.01596
G1 X114.994 Y119.946 E.01584
G1 X114.507 Y119.826 E.01573
G1 X114.021 Y119.645 E.01626
G1 X113.652 Y119.44 E.01324
G1 E-3.5 F3600
;WIPE_START
G1 F7200
G1 X113.599 Y119.411 E-.0287
G1 X113.384 Y119.291 E-.11696
G1 X112.817 Y118.855 E-.33974
G1 X112.47 Y118.492 E-.23853
G1 X112.182 Y118.111 E-.22686
G1 X111.94 Y117.704 E-.22492
G1 X111.748 Y117.276 E-.22282
G1 X111.684 Y117.072 E-.10147
;WIPE_END
G1 X119.411 Y112.349 F9000
G1 E5 F2400
;TYPE:Perimeter
;WIDTH:0.52614
G1 F900
G1 X119.572 Y112.581 E.01135
;WIDTH:0.480526
G1 X119.732 Y112.813 E.01025
;WIDTH:0.434912
G1 X120.002 Y113.251 E.01677
;WIDTH:0.431632
G1 X120.246 Y113.7 E.01652
;WIDTH:0.476285
G1 X120.37 Y113.96 E.01038
;WIDTH:0.520938
G1 X120.495 Y114.22 E.01147
G1 X120.508 Y114.272 F9000
G1 F900
G1 X120.495 Y114.22 E.00213
G1 X120.79 Y114.724 E.02321
;WIDTH:0.513357
G1 X121.238 Y115.5 E.03505
G1 X120.702 Y116.429 E.04195
G1 X120.74 Y115.956 E.01856
G1 X120.722 Y115.366 E.02309
G1 X120.638 Y114.785 E.02296
;WIDTH:0.520938
G1 X120.523 Y114.33 E.01865
G1 E-3.5 F3600
;WIPE_START
G1 F7200
G1 X120.508 Y114.272 E-.02846
G1 X120.495 Y114.22 E-.02546
G1 X120.79 Y114.724 E-.27739
G1 X121.238 Y115.5 E-.42562
G1 X120.702 Y116.429 E-.50946
G1 X120.74 Y115.956 E-.2254
G1 X120.739 Y115.939 E-.00821
;WIPE_END
G1 X118.808 Y119.832 F9000
G1 E5 F2400
;WIDTH:0.390487
G1 F900
G1 X118.404 Y120.531 E.02333
G1 X117.409 Y120.531 E.02876
G1 X117.834 Y120.383 E.01301
G1 X118.291 Y120.171 E.01456
G1 X118.758 Y119.865 E.01614
G1 E-3.5 F3600
;WIPE_START
G1 F7200
G1 X118.808 Y119.832 E-.02846
G1 X118.404 Y120.531 E-.38349
G1 X117.409 Y120.531 E-.47262
G1 X117.834 Y120.383 E-.21377
G1 X118.291 Y120.171 E-.23929
G1 X118.577 Y119.984 E-.16237
;WIPE_END
G1 X113.787 Y120.453 F9000
G1 E5 F2400
;WIDTH:0.546105
G1 F900
G1 X112.641 Y120.453 E.04795
G1 X112.09 Y119.499 E.04609
;WIDTH:0.55551
G1 X111.83 Y119.039 E.02252
G1 X111.876 Y119.09 E.00293
;WIDTH:0.55389
G1 X112.282 Y119.498 E.02446
;WIDTH:0.546105
G1 X112.731 Y119.864 E.02424
G1 X113.222 Y120.179 E.02441
G1 X113.733 Y120.427 E.02377
G1 E-3.5 F3600
;WIPE_START
G1 F7200
G1 X113.787 Y120.453 E-.02847
G1 X112.641 Y120.453 E-.54435
G1 X112.09 Y119.499 E-.5233
G1 X111.83 Y119.039 E-.25099
G1 X111.876 Y119.09 E-.03262
G1 X112.054 Y119.27 E-.12027
;WIPE_END
G1 X110.953 Y117.533 F9000
G1 E5 F2400
;WIDTH:0.542948
G1 F900
G1 X110.864 Y117.413 E.00621
;WIDTH:0.508632
G1 X110.775 Y117.294 E.00575
;WIDTH:0.474316
G1 X110.686 Y117.174 E.00536
;WIDTH:0.439999
G1 X109.72 Y115.5 E.06381
G1 X110.824 Y113.58 E.07313
;WIDTH:0.454603
G1 X111.779 Y111.933 E.06517
;WIDTH:0.439999
G1 X112.61 Y110.494 E.05487
G1 X114.986 Y110.489 E.07845
;WIDTH:0.428989
G1 X116.077 Y110.473 E.03503
;WIDTH:0.445272
G1 X117.201 Y110.497 E.03761
G1 X118.39 Y110.494 E.03978
;WIDTH:0.439999
G1 X119.166 Y111.839 E.05127
;WIDTH:0.48307
G1 X119.289 Y112.094 E.01036
;WIDTH:0.52614
G1 X119.411 Y112.349 E.01136
G1 X119.324 Y112.274 E.00462
;WIDTH:0.501134
G1 X119.087 Y112.079 E.01169
;WIDTH:0.470567
G1 X118.85 Y111.884 E.01091
;WIDTH:0.439999
G1 X117.922 Y111.289 E.0364
;WIDTH:0.456736
G1 X116.9 Y110.914 E.03746
G1 X116.369 Y110.867 E.01834
;WIDTH:0.424982
G1 X115.838 Y110.82 E.01694
;WIDTH:0.437423
G1 X114.788 Y110.913 E.03458
;WIDTH:0.439999
G1 X113.806 Y111.254 E.03432
G1 X113.035 Y111.72 E.02974
G1 X112.272 Y112.302 E.03168
;WIDTH:0.454603
G1 X111.707 Y112.884 E.02777
G1 X111.581 Y113.065 E.00755
;WIDTH:0.44169
G1 X111.067 Y113.975 E.03465
G1 X110.769 Y114.993 E.03517
;WIDTH:0.439999
G1 X110.723 Y115.539 E.01809
G1 X110.704 Y116.068 E.01748
G1 X110.829 Y116.934 E.02889
;WIDTH:0.474316
G1 X110.87 Y117.134 E.00732
;WIDTH:0.508632
G1 X110.911 Y117.333 E.00787
;WIDTH:0.542948
G1 X110.941 Y117.474 E.00599
G1 X111.83 Y119.039 F9000
;WIDTH:0.55551
G1 F900
G1 X111.803 Y119 E.00202
;WIDTH:0.548284
G1 X111.646 Y118.762 E.01198
;WIDTH:0.515316
G1 X111.49 Y118.524 E.01118
;WIDTH:0.482348
G1 X111.207 Y118.036 E.02061
;WIDTH:0.511837
G1 X111.08 Y117.784 E.011
;WIDTH:0.542948
G1 X110.953 Y117.533 E.0117
G1 E-3.5 F3600
;WIPE_START
G1 F7200
G1 X111.08 Y117.784 E-.13362
G1 X111.207 Y118.036 E-.13404
G1 X111.49 Y118.524 E-.26796
G1 X111.646 Y118.762 E-.13517
G1 X111.803 Y119 E-.13543
G1 X111.83 Y119.039 E-.02253
;WIPE_END
G1 E-.67125 F3600
G1 X109.261 Y115.5 F9000
G1 E5 F2400
;WIDTH:0.439999
G1 F900
G1 X112.381 Y110.097 E.206
G1 X118.619 Y110.097 E.20596
G1 X121.739 Y115.5 E.206
G1 X120.671 Y117.35 E.07053
;WIDTH:0.480825
G1 X120.362 Y117.843 E.02119
G1 X120.082 Y118.353 E.02118
;WIDTH:0.465493
G1 X119.785 Y118.859 E.02062
;WIDTH:0.492136
G1 X119.476 Y119.368 E.02224
G1 X119.361 Y119.593 E.00944
;WIDTH:0.466068
G1 X119.246 Y119.818 E.00889
;WIDTH:0.439999
G1 X118.619 Y120.903 E.04138
G1 X117.149 Y120.903 E.04854
;WIDTH:0.47775
G1 X116.853 Y120.884 E.01072
;WIDTH:0.515501
G1 X116.557 Y120.865 E.01166
G1 X115.986 Y120.878 E.02244
;WIDTH:0.494456
G1 X115.484 Y120.876 E.01885
;WIDTH:0.529465
G1 X114.906 Y120.858 E.0234
G1 X114.617 Y120.881 E.01173
;WIDTH:0.484732
G1 X114.329 Y120.903 E.01061
;WIDTH:0.439999
G1 X112.381 Y120.903 E.06432
G1 X109.291 Y115.552 E.20402
G1 X108.814 Y115.5 F9000
;TYPE:External perimeter
;WIDTH:0.419999
G1 F900
G1 X112.157 Y109.71 E.20963
G1 X118.843 Y109.71 E.20963
G1 X122.186 Y115.5 E.20963
G1 X118.843 Y121.29 E.20963
G1 X112.157 Y121.29 E.20963
G1 X108.844 Y115.552 E.20775
G1 X110.051 Y115.5 F9000
;TYPE:Solid infill
;WIDTH:0.402133
G1 F900
G1 X110.376 Y114.941 E.01931
G1 X110.491 Y114.796 E.00553
G1 X110.417 Y116.018 E.03657
G1 X110.371 Y116.055 E.00176
G1 X110.15 Y115.672 E.01321
G1 E-3.5 F3600
;WIPE_START
G1 F7200
G1 X110.371 Y116.055 E-.21004
G1 X110.417 Y116.018 E-.02804
G1 X110.491 Y114.796 E-.58151
G1 X110.376 Y114.941 E-.08791
G1 X110.051 Y115.5 E-.30714
;WIPE_END
G1 E-.28536 F3600
G1 X112.023 Y112.067 F9000
G1 E5 F2400
;WIDTH:0.365615
G1 F900
G1 X112.367 Y111.463 E.01865
G1 X112.535 Y111.402 E.0048
;WIDTH:0.343994
G1 X113.067 Y111.044 E.01605
;WIDTH:0.375621
G1 X113.136 Y110.967 E.00286
;WIDTH:0.407247
G1 X113.205 Y110.89 E.00313
G1 X113.217 Y110.783 E.00326
G1 X114.067 Y110.781 E.02575
G1 X114.105 Y110.836 E.00203
G1 X113.683 Y110.994 E.01365
G1 X113.222 Y111.285 E.01652
;WIDTH:0.372714
G1 X112.98 Y111.45 E.00803
;WIDTH:0.365615
G1 X112.567 Y111.735 E.01346
G1 X112.179 Y112.048 E.01338
G1 E-3.5 F3600
;WIPE_START
G1 F7200
G1 X112.567 Y111.735 E-.23679
G1 X112.98 Y111.45 E-.23835
G1 X113.222 Y111.285 E-.13913
G1 X113.683 Y110.994 E-.25895
G1 X114.105 Y110.836 E-.21404
G1 X114.067 Y110.781 E-.03175
G1 X113.265 Y110.782 E-.38099
;WIPE_END
G1 X117.534 Y110.852 F9000
G1 E5 F2400
;WIDTH:0.361065
G1 F900
G1 X117.549 Y110.769 E.00223
G1 X118.237 Y110.761 E.0182
G1 X118.513 Y111.24 E.01462
G1 X118.451 Y111.298 E.00225
G1 X118.071 Y111.062 E.01183
G1 X117.719 Y110.924 E.01
;LAYER_CHANGE
;Z:3.6
;HEIGHT:0.2
;BEFORE_LAYER_CHANGE
G92 E0
;5.4


G1 E-3.5 F3600
;WIPE_START
G1 F7200
G1 X109.851 Y115.5 E-.30078
G1 X110.171 Y116.055 E-.30431
G1 X110.238 Y115.515 E-.25847
G1 X110.291 Y114.796 E-.34245
;WIPE_END
G1 E-.29399 F3600
G1 Z3.6 F9000
;AFTER_LAYER_CHANGE
;5.4
G1 X110.977 Y114.942
G1 E5 F2400
;TYPE:Perimeter
;WIDTH:0.439999
G1 F900
G1 X111.092 Y114.478 E.01578
G1 X111.268 Y114.002 E.01676
G1 X111.751 Y113.163 E.03196
G1 X112.416 Y112.437 E.03251
G1 X113.214 Y111.887 E.032
G1 X114.099 Y111.536 E.03143
G1 X115.068 Y111.388 E.03236
G1 X116.313 Y111.421 E.04112
G1 X117.23 Y111.64 E.03113
G1 X118.091 Y112.066 E.03172
G1 X118.847 Y112.685 E.03226
G1 X119.454 Y113.47 E.03276
G1 X119.877 Y114.386 E.03331
G1 X120.018 Y114.91 E.01792
G1 X120.092 Y115.42 E.01702
G1 X120.107 Y115.939 E.01714
G1 X120.064 Y116.461 E.01729
G1 X119.961 Y116.978 E.01741
;WIDTH:0.484742
G1 X119.929 Y117.154 E.00657
;WIDTH:0.529485
G1 X119.896 Y117.329 E.0072
;WIDTH:0.574228
G1 X119.864 Y117.505 E.0079
G1 X119.635 Y117.997 E.02397
;WIDTH:0.560855
G1 X119.358 Y118.467 E.0235
;WIDTH:0.595926
G1 X119.04 Y118.917 E.02534
G1 X118.93 Y119.004 E.00645
;WIDTH:0.556945
G1 X118.821 Y119.091 E.00596
;WIDTH:0.517963
G1 X118.711 Y119.179 E.00556
;WIDTH:0.478981
G1 X118.601 Y119.266 E.00509
;WIDTH:0.439999
G1 X118.179 Y119.62 E.01819
G1 X117.716 Y119.926 E.01832
G1 X117.218 Y120.18 E.01846
G1 X116.69 Y120.378 E.01862
G1 X116.14 Y120.513 E.0187
;WIDTH:0.433191
G1 X115.57 Y120.571 E.01859
;WIDTH:0.429503
G1 X114.924 Y120.523 E.02082
;WIDTH:0.439999
G1 X114.372 Y120.397 E.01869
G1 X113.842 Y120.206 E.0186
G1 X113.341 Y119.959 E.01844
G1 X112.874 Y119.658 E.01834
G1 X112.447 Y119.31 E.01819
;WIDTH:0.484274
G1 X112.303 Y119.195 E.00676
;WIDTH:0.528548
G1 X112.16 Y119.08 E.00741
;WIDTH:0.572822
G1 X112.016 Y118.965 E.00812
G1 X111.681 Y118.528 E.02426
;WIDTH:0.564618
G1 X111.4 Y118.06 E.02368
;WIDTH:0.580908
G1 X111.16 Y117.574 E.02425
G1 X111.125 Y117.396 E.00812
;WIDTH:0.533939
G1 X111.09 Y117.218 E.00741
;WIDTH:0.486969
G1 X111.055 Y117.041 E.00666
;WIDTH:0.439999
G1 X110.946 Y116.525 E.01741
G1 X110.895 Y116.004 E.01728
G1 X110.903 Y115.485 E.01714
G1 X110.966 Y115.001 E.01612
G1 X111.355 Y115.016 F9000
;TYPE:External perimeter
;WIDTH:0.419999
G1 F900
G1 X111.357 Y115.006 E.00032
G1 X111.585 Y114.256 E.02458
G1 X112.085 Y113.359 E.0322
G1 X112.697 Y112.702 E.02815
G1 X113.428 Y112.209 E.02765
G1 X114.237 Y111.898 E.02718
G1 X115.093 Y111.776 E.02711
G1 X116.303 Y111.808 E.03795
G1 X117.135 Y112.015 E.02688
G1 X117.914 Y112.411 E.0274
G1 X118.597 Y112.981 E.02789
G1 X119.144 Y113.702 E.02838
G1 X119.523 Y114.543 E.02892
G1 X119.647 Y115.027 E.01567
G1 X119.711 Y115.526 E.01577
G1 X119.72 Y115.948 E.01323
G1 X119.675 Y116.447 E.01571
G1 X119.577 Y116.921 E.01518
G1 X119.424 Y117.384 E.01529
G1 X119.219 Y117.83 E.01539
G1 X118.962 Y118.254 E.01555
G1 X118.657 Y118.65 E.01567
G1 X118.307 Y119.012 E.01579
G1 X117.915 Y119.334 E.01591
G1 X117.486 Y119.613 E.01605
G1 X117.025 Y119.843 E.01615
G1 X116.536 Y120.021 E.01632
G1 X116.049 Y120.141 E.01573
G1 X115.524 Y120.209 E.0166
G1 X114.972 Y120.144 E.01743
G1 X114.464 Y120.021 E.01639
G1 X113.975 Y119.843 E.01632
G1 X113.514 Y119.613 E.01615
G1 X113.085 Y119.334 E.01605
G1 X112.693 Y119.012 E.01591
G1 X112.343 Y118.65 E.01579
G1 X112.026 Y118.237 E.01632
G1 X111.771 Y117.812 E.01554
G1 X111.568 Y117.364 E.01542
G1 X111.418 Y116.9 E.01529
G1 X111.322 Y116.426 E.01516
G1 X111.28 Y115.948 E.01505
G1 X111.292 Y115.473 E.0149
G1 X111.347 Y115.076 E.01257
G1 E-3.5 F3600
;WIPE_START
G1 F7200
G1 X111.355 Y115.016 E-.02875
G1 X111.357 Y115.006 E-.00484
G1 X111.585 Y114.256 E-.37235
G1 X112.085 Y113.359 E-.4878
G1 X112.697 Y112.702 E-.42649
G1 X113.011 Y112.491 E-.17977
;WIPE_END
G1 X111.459 Y112.71 F9000
G1 E5 F2400
;TYPE:Perimeter
;WIDTH:0.662372
G1 F900
G1 X111.525 Y112.551 E.00887
;WIDTH:0.617898
G1 X111.592 Y112.391 E.00829
;WIDTH:0.573423
G1 X111.658 Y112.232 E.00759
;WIDTH:0.528949
G1 X111.724 Y112.073 E.00696
;WIDTH:0.484474
G1 X111.791 Y111.913 E.00637
;WIDTH:0.439999
G1 X112.61 Y110.494 E.0541
G1 X113.012 Y110.494 E.01327
;WIDTH:0.477055
G1 X113.385 Y110.513 E.01348
;WIDTH:0.514111
G1 X113.757 Y110.531 E.01459
;WIDTH:0.551167
G1 X114.13 Y110.55 E.01578
G1 X114.633 Y110.535 E.02127
;WIDTH:0.520967
G1 X115.136 Y110.52 E.02
;WIDTH:0.506657
G1 X116.738 Y110.53 E.06177
G1 X117.08 Y110.512 E.01321
;WIDTH:0.473328
G1 X117.423 Y110.494 E.01229
;WIDTH:0.439999
G1 X118.39 Y110.494 E.03193
G1 X119.222 Y111.904 E.05405
;WIDTH:0.409934
G1 X119.51 Y112.374 E.01682
;WIDTH:0.379868
G1 X119.797 Y112.844 E.01543
;WIDTH:0.353466
G1 X120.084 Y113.315 E.01424
;WIDTH:0.359332
G1 X120.337 Y113.785 E.01404
;WIDTH:0.391599
G1 X120.59 Y114.256 E.0155
;WIDTH:0.433768
G1 X120.717 Y114.518 E.00946
;WIDTH:0.475936
G1 X120.844 Y114.78 E.01048
;WIDTH:0.519331
G1 X120.957 Y115.02 E.01051
;WIDTH:0.562725
G1 X121.071 Y115.26 E.01148
;WIDTH:0.606119
G1 X121.184 Y115.5 E.01242
G1 X120.534 Y116.626 E.06089
G1 X120.587 Y115.928 E.03278
G1 X120.547 Y115.358 E.02676
;WIDTH:0.564388
G1 X120.501 Y115.176 E.00814
;WIDTH:0.527374
G1 X120.455 Y114.993 E.0076
;WIDTH:0.49036
G1 X120.41 Y114.811 E.00698
;WIDTH:0.453346
G1 X120.309 Y114.525 E.01035
;WIDTH:0.413476
G1 X120.209 Y114.238 E.00936
;WIDTH:0.373606
G1 X119.727 Y113.265 E.02986
;WIDTH:0.37311
G1 X119.411 Y112.828 E.01481
;WIDTH:0.418293
G1 X119.096 Y112.39 E.01684
;WIDTH:0.439999
G1 X118.455 Y111.835 E.02799
G1 X117.843 Y111.492 E.02316
G1 X117.328 Y111.255 E.01872
;WIDTH:0.482907
G1 X116.938 Y111.134 E.01494
;WIDTH:0.525815
G1 X116.548 Y111.013 E.0164
G1 X116.324 Y110.991 E.00904
;WIDTH:0.506657
G1 X115.045 Y110.966 E.04933
;WIDTH:0.520967
G1 X114.604 Y111.011 E.01762
;WIDTH:0.551167
G1 X114.164 Y111.056 E.01869
G1 X114.058 Y111.1 E.00485
;WIDTH:0.517533
G1 X113.951 Y111.144 E.00457
;WIDTH:0.483899
G1 X112.993 Y111.557 E.03825
;WIDTH:0.439999
G1 X112.127 Y112.164 E.03492
;WIDTH:0.484474
G1 X111.994 Y112.273 E.00631
;WIDTH:0.528949
G1 X111.86 Y112.382 E.00698
;WIDTH:0.573423
G1 X111.726 Y112.492 E.00765
;WIDTH:0.617898
G1 X111.593 Y112.601 E.00822
;WIDTH:0.662372
G1 X111.506 Y112.672 E.00578
G1 E-3.5 F3600
;WIPE_START
G1 F7200
G1 X111.459 Y112.71 E-.02871
G1 X111.525 Y112.551 E-.08177
G1 X111.592 Y112.391 E-.08239
G1 X111.658 Y112.232 E-.08177
G1 X111.724 Y112.073 E-.08177
G1 X111.791 Y111.913 E-.08239
G1 X112.61 Y110.494 E-.77824
G1 X113.012 Y110.494 E-.19095
G1 X113.205 Y110.504 E-.09201
;WIPE_END
G1 X117.483 Y120.499 F9000
G1 E5 F2400
;WIDTH:0.453595
G1 F900
G1 X117.936 Y120.265 E.01741
G1 X118.436 Y119.931 E.02053
G1 X119.003 Y119.431 E.02581
G1 X118.386 Y120.499 E.04212
G1 X117.543 Y120.499 E.02879
G1 E-3.5 F3600
;WIPE_START
G1 F7200
G1 X117.483 Y120.499 E-.0285
G1 X117.936 Y120.265 E-.24219
G1 X118.436 Y119.931 E-.28562
G1 X119.003 Y119.431 E-.35909
G1 X118.388 Y120.497 E-.5846
;WIPE_END
G1 X113.517 Y120.499 F9000
G1 E5 F2400
G1 F900
G1 X112.614 Y120.499 E.03084
G1 X111.997 Y119.431 E.04212
G1 X112.108 Y119.546 E.00546
G1 X112.564 Y119.931 E.02038
G1 X113.064 Y120.265 E.02053
G1 X113.463 Y120.471 E.01533
G1 E-3.5 F3600
;WIPE_START
G1 F7200
G1 X113.517 Y120.499 E-.02889
G1 X112.614 Y120.499 E-.42892
G1 X111.997 Y119.431 E-.58587
G1 X112.108 Y119.546 E-.07592
G1 X112.564 Y119.931 E-.28348
G1 X112.734 Y120.044 E-.09692
;WIPE_END
G1 X110.482 Y116.654 F9000
G1 E5 F2400
;WIDTH:0.606119
G1 F900
G1 X109.816 Y115.5 E.0624
G1 X109.91 Y115.329 E.00914
;WIDTH:0.597861
G1 X109.992 Y115.146 E.00925
;WIDTH:0.55722
G1 X110.074 Y114.963 E.00858
;WIDTH:0.516578
G1 X110.156 Y114.78 E.0079
;WIDTH:0.475936
G1 X110.283 Y114.518 E.01048
;WIDTH:0.433768
G1 X110.41 Y114.256 E.00946
;WIDTH:0.436526
G1 X110.467 Y114.203 E.00255
;WIDTH:0.481452
G1 X110.523 Y114.15 E.00281
;WIDTH:0.526378
G1 X110.579 Y114.098 E.00307
;WIDTH:0.571304
G1 X110.636 Y114.045 E.00342
;WIDTH:0.61623
G1 X110.692 Y113.992 E.00368
;WIDTH:0.661156
G1 X110.748 Y113.939 E.00396
G1 X110.745 Y114.014 E.00386
;WIDTH:0.61623
G1 X110.742 Y114.088 E.00353
;WIDTH:0.571304
G1 X110.739 Y114.163 E.0033
;WIDTH:0.526378
G1 X110.736 Y114.237 E.00298
;WIDTH:0.481452
G1 X110.733 Y114.311 E.0027
;WIDTH:0.436526
G1 X110.73 Y114.386 E.00246
;WIDTH:0.433768
G1 X110.644 Y114.652 E.00909
;WIDTH:0.475936
G1 X110.558 Y114.918 E.01007
;WIDTH:0.519331
G1 X110.513 Y115.114 E.00797
;WIDTH:0.562725
G1 X110.468 Y115.31 E.00869
;WIDTH:0.606119
G1 X110.422 Y115.506 E.00943
G1 X110.417 Y116.047 E.02534
G1 X110.475 Y116.594 E.02576
G1 E-3.5 F3600
;WIPE_START
G1 F7200
G1 X110.482 Y116.654 E-.02869
G1 X109.816 Y115.5 E-.63289
G1 X109.91 Y115.329 E-.09269
G1 X109.992 Y115.146 E-.09525
G1 X110.074 Y114.963 E-.09525
G1 X110.156 Y114.78 E-.09525
G1 X110.283 Y114.518 E-.1383
G1 X110.41 Y114.256 E-.1383
G1 X110.467 Y114.203 E-.03697
G1 X110.523 Y114.15 E-.03662
G1 X110.579 Y114.098 E-.0363
G1 X110.636 Y114.045 E-.03697
G1 X110.692 Y113.992 E-.03652
;WIPE_END
G1 X110.748 Y113.939 F9000
G1 E5 F2400
;WIDTH:0.661156
G1 F900
G1 X110.887 Y113.666 E.01575
;WIDTH:0.662372
G1 X111.459 Y112.71 E.05738
G1 E-3.5 F3600
;WIPE_START
G1 F7200
G1 X110.887 Y113.666 E-.52918
G1 X110.748 Y113.939 E-.14552
;WIPE_END
G1 E-.8253 F3600
G1 X112.381 Y110.097 F9000
G1 E5 F2400
;WIDTH:0.439999
G1 F900
G1 X118.619 Y110.097 E.20596
G1 X121.739 Y115.5 E.206
G1 X120.664 Y117.362 E.07099
;WIDTH:0.486969
G1 X120.549 Y117.515 E.00707
;WIDTH:0.533938
G1 X120.433 Y117.667 E.00781
;WIDTH:0.580907
G1 X120.318 Y117.82 E.00856
G1 X120.043 Y118.321 E.02557
;WIDTH:0.564617
G1 X119.752 Y118.817 E.02495
;WIDTH:0.598976
G1 X119.478 Y119.257 E.02397
G1 X119.426 Y119.386 E.00643
;WIDTH:0.559232
G1 X119.375 Y119.514 E.00592
;WIDTH:0.519488
G1 X119.324 Y119.643 E.0055
;WIDTH:0.479744
G1 X119.273 Y119.772 E.00504
;WIDTH:0.439999
G1 X118.619 Y120.903 E.04314
G1 X116.1 Y120.908 E.08317
;WIDTH:0.429503
G1 X115.407 Y120.924 E.02228
;WIDTH:0.431783
G1 X114.813 Y120.907 E.01921
;WIDTH:0.439999
G1 X112.381 Y120.903 E.0803
G1 X111.727 Y119.772 E.04314
;WIDTH:0.479744
G1 X111.676 Y119.643 E.00504
;WIDTH:0.519488
G1 X111.625 Y119.514 E.0055
;WIDTH:0.559232
G1 X111.574 Y119.386 E.00592
;WIDTH:0.598976
G1 X111.522 Y119.257 E.00643
G1 X111.248 Y118.817 E.02397
;WIDTH:0.564618
G1 X110.949 Y118.307 E.02565
;WIDTH:0.580908
G1 X110.682 Y117.82 E.02484
G1 X110.567 Y117.667 E.00856
;WIDTH:0.533939
G1 X110.451 Y117.515 E.00781
;WIDTH:0.486969
G1 X110.336 Y117.362 E.00707
;WIDTH:0.439999
G1 X109.261 Y115.5 E.07099
G1 X112.351 Y110.149 E.20402
G1 X112.157 Y109.71 F9000
;TYPE:External perimeter
;WIDTH:0.419999
G1 F900
G1 X118.843 Y109.71 E.20963
G1 X122.186 Y115.5 E.20963
G1 X118.843 Y121.29 E.20963
G1 X112.157 Y121.29 E.20963
G1 X108.814 Y115.5 E.20963
G1 X112.127 Y109.762 E.20775
;LAYER_CHANGE
;Z:3.8
;HEIGHT:0.2
;BEFORE_LAYER_CHANGE
G92 E0
;5.8


G1 E-3.5 F3600
;WIPE_START
G1 F7200
G1 X112.319 Y111.621 E-.41837
G1 X112.973 Y111.213 E-.36614
G1 X113.772 Y110.859 E-.41511
G1 X113.14 Y110.825 E-.30038
;WIPE_END
G1 Z3.8 F9000
;AFTER_LAYER_CHANGE
;5.8
G1 X113.165 Y111.695
G1 E5 F2400
;TYPE:Perimeter
;WIDTH:0.439999
G1 F900
G1 X114.031 Y111.348 E.0308
G1 X114.937 Y111.203 E.03029
G1 X115.509 Y111.203 E.01889
G1 X116.428 Y111.378 E.03089
G1 X117.341 Y111.773 E.03285
G1 X118.36 Y112.506 E.04144
G1 X118.778 Y112.902 E.01901
G1 X119.272 Y113.555 E.02703
G1 X119.681 Y114.428 E.03183
G1 X119.886 Y115.386 E.03235
G1 X119.871 Y116.382 E.03289
G1 X119.629 Y117.364 E.03339
G1 X119.412 Y117.864 E.018
G1 X119.151 Y118.31 E.01706
G1 X118.838 Y118.726 E.01719
G1 X118.478 Y119.108 E.01733
G1 X118.074 Y119.449 E.01746
G1 X117.631 Y119.745 E.01759
G1 X117.153 Y119.991 E.01775
G1 X116.648 Y120.183 E.01784
;WIDTH:0.479161
G1 X116.389 Y120.269 E.0099
;WIDTH:0.518322
G1 X116.129 Y120.355 E.01083
G1 X115.58 Y120.421 E.02186
;WIDTH:0.497915
G1 X115.024 Y120.431 E.02104
;WIDTH:0.515501
G1 X114.466 Y120.394 E.02197
G1 X114.193 Y120.319 E.01113
;WIDTH:0.47775
G1 X113.92 Y120.244 E.01024
;WIDTH:0.439999
G1 X113.383 Y120.069 E.01865
G1 X112.925 Y119.861 E.01661
G1 X112.362 Y119.497 E.02214
;WIDTH:0.466069
G1 X112.134 Y119.288 E.01088
;WIDTH:0.492138
G1 X111.905 Y119.08 E.01156
G1 X111.565 Y118.624 E.02125
;WIDTH:0.465493
G1 X111.274 Y118.142 E.01978
;WIDTH:0.480824
G1 X111.026 Y117.642 E.02032
G1 X110.867 Y117.109 E.02025
;WIDTH:0.439999
G1 X110.751 Y116.572 E.01814
G1 X110.696 Y116.029 E.01802
G1 X110.703 Y115.513 E.01704
G1 X110.77 Y114.954 E.01859
G1 X110.896 Y114.435 E.01763
G1 X111.078 Y113.938 E.01748
G1 X111.313 Y113.468 E.01735
G1 X111.597 Y113.031 E.01721
G1 X111.927 Y112.631 E.01712
G1 X112.296 Y112.274 E.01695
G1 X113.105 Y111.719 E.03239
G1 X113.11 Y111.718 E.00017
G1 X113.341 Y112.033 F9000
;TYPE:External perimeter
;WIDTH:0.419999
G1 F900
G1 X114.17 Y111.71 E.0279
G1 X114.993 Y111.586 E.0261
G1 X115.504 Y111.59 E.01602
G1 X116.351 Y111.757 E.02707
G1 X117.149 Y112.112 E.02738
G1 X118.134 Y112.82 E.03803
G1 X118.469 Y113.136 E.01444
G1 X118.964 Y113.788 E.02567
G1 X119.328 Y114.587 E.02753
G1 X119.506 Y115.461 E.02797
G1 X119.484 Y116.37 E.02851
G1 X119.255 Y117.266 E.029
G1 X119.05 Y117.723 E.0157
G1 X118.806 Y118.129 E.01485
G1 X118.516 Y118.508 E.01496
G1 X118.183 Y118.855 E.01508
G1 X117.616 Y119.291 E.02243
G1 X116.979 Y119.645 E.02285
G1 X116.493 Y119.826 E.01626
G1 X116.006 Y119.946 E.01573
G1 X115.505 Y120.01 E.01584
G1 X114.996 Y120.018 E.01596
G1 X114.485 Y119.968 E.0161
G1 X113.979 Y119.859 E.01623
G1 X113.485 Y119.694 E.01633
G1 X113.028 Y119.482 E.0158
G1 X112.582 Y119.178 E.01692
G1 X112.202 Y118.792 E.01698
G1 X111.882 Y118.38 E.01636
G1 X111.612 Y117.937 E.01627
G1 X111.396 Y117.471 E.0161
G1 X111.235 Y116.987 E.01599
G1 X111.13 Y116.492 E.01587
G1 X111.082 Y115.993 E.01572
G1 X111.092 Y115.474 E.01628
G1 X111.158 Y114.984 E.0155
G1 X111.278 Y114.509 E.01536
G1 X111.449 Y114.054 E.01524
G1 X111.669 Y113.625 E.01512
G1 X111.933 Y113.227 E.01497
G1 X112.238 Y112.864 E.01487
G1 X112.588 Y112.534 E.01508
G1 X113.289 Y112.062 E.0265
G1 E-3.5 F3600
;WIPE_START
G1 F7200
G1 X113.341 Y112.033 E-.02828
G1 X114.17 Y111.71 E-.42261
G1 X114.993 Y111.586 E-.39534
G1 X115.504 Y111.59 E-.24273
G1 X116.351 Y111.757 E-.41007
G1 X116.353 Y111.758 E-.00097
;WIPE_END
G1 X110.502 Y114.227 F9000
G1 E5 F2400
;TYPE:Perimeter
;WIDTH:0.522276
G1 F900
G1 X110.505 Y114.22 E.0003
;WIDTH:0.520938
G1 X110.63 Y113.96 E.01147
;WIDTH:0.476286
G1 X110.754 Y113.7 E.01038
;WIDTH:0.431634
G1 X110.998 Y113.251 E.01652
;WIDTH:0.434914
G1 X111.268 Y112.813 E.01677
;WIDTH:0.480528
G1 X111.428 Y112.581 E.01025
;WIDTH:0.526142
G1 X111.589 Y112.349 E.01135
G1 E-3.5 F3600
;WIPE_START
G1 F7200
G1 X111.428 Y112.581 E-.13414
G1 X111.268 Y112.813 E-.13387
G1 X110.998 Y113.251 E-.2444
G1 X110.754 Y113.7 E-.24273
G1 X110.63 Y113.96 E-.13683
G1 X110.505 Y114.22 E-.13703
G1 X110.502 Y114.227 E-.00362
;WIPE_END
G1 E-.46738 F3600
G1 E5 F2400
;WIDTH:0.522276
G1 F900
G1 X110.362 Y114.785 E.02293
;WIDTH:0.513356
G1 X110.278 Y115.366 E.02296
G1 X110.26 Y115.956 E.02309
G1 X110.298 Y116.429 E.01856
G1 X109.762 Y115.5 E.04195
G1 X110.21 Y114.724 E.03505
;WIDTH:0.522276
G1 X110.472 Y114.279 E.02058
G1 E-3.5 F3600
;WIPE_START
G1 F7200
G1 X110.502 Y114.227 E-.02852
G1 X110.362 Y114.785 E-.27326
G1 X110.278 Y115.366 E-.27884
G1 X110.26 Y115.956 E-.28038
G1 X110.298 Y116.429 E-.2254
G1 X109.863 Y115.675 E-.4136
;WIPE_END
G1 X112.192 Y119.832 F9000
G1 E5 F2400
;WIDTH:0.390488
G1 F900
G1 X112.769 Y120.199 E.01976
G1 X113.591 Y120.531 E.02562
G1 X112.596 Y120.531 E.02876
G1 X112.222 Y119.884 E.0216
G1 E-3.5 F3600
;WIPE_START
G1 F7200
G1 X112.192 Y119.832 E-.02852
G1 X112.769 Y120.199 E-.32482
G1 X113.591 Y120.531 E-.42109
G1 X112.596 Y120.531 E-.47263
G1 X112.33 Y120.07 E-.25294
;WIPE_END
G1 X117.253 Y120.453 F9000
G1 E5 F2400
;WIDTH:0.546103
G1 F900
G1 X117.878 Y120.121 E.02961
G1 X118.362 Y119.795 E.02442
G1 X118.803 Y119.419 E.02425
;WIDTH:0.555506
G1 X119.17 Y119.039 E.02252
G1 X118.91 Y119.499 E.02252
;WIDTH:0.546103
G1 X118.359 Y120.453 E.04609
G1 X117.313 Y120.453 E.04376
G1 E-3.5 F3600
;WIPE_START
G1 F7200
G1 X117.253 Y120.453 E-.0285
G1 X117.878 Y120.121 E-.33616
G1 X118.362 Y119.795 E-.27719
G1 X118.803 Y119.419 E-.27528
G1 X119.17 Y119.039 E-.25094
G1 X118.91 Y119.499 E-.25099
G1 X118.825 Y119.647 E-.08094
;WIPE_END
G1 X120.031 Y117.568 F9000
G1 E5 F2400
;WIDTH:0.535422
G1 F900
G1 X119.997 Y117.637 E.00315
;WIDTH:0.525024
G1 X119.739 Y118.134 E.02245
;WIDTH:0.490288
G1 X119.45 Y118.619 E.021
;WIDTH:0.522897
G1 X119.31 Y118.829 E.01007
;WIDTH:0.555506
G1 X119.17 Y119.039 E.01076
G1 X120.031 Y117.568 F9000
;WIDTH:0.535422
G1 F900
G1 X120.048 Y117.474 E.00391
;WIDTH:0.512214
G1 X120.158 Y116.934 E.0215
;WIDTH:0.476107
G1 X120.268 Y116.393 E.01989
;WIDTH:0.439999
G1 X120.275 Y115.309 E.03579
;WIDTH:0.469149
G1 X120.056 Y114.259 E.03801
G1 X119.584 Y113.318 E.03731
;WIDTH:0.4589
G1 X118.99 Y112.533 E.03405
G1 X118.591 Y112.183 E.01836
;WIDTH:0.439999
G1 X117.535 Y111.424 E.04294
G1 X116.506 Y110.988 E.0369
G1 X115.514 Y110.827 E.03318
;WIDTH:0.400029
G1 X114.883 Y110.829 E.01874
;WIDTH:0.428526
G1 X114.49 Y110.872 E.01268
;WIDTH:0.457022
G1 X114.096 Y110.915 E.01365
G1 X113.887 Y110.974 E.00748
;WIDTH:0.448206
G1 X112.883 Y111.39 E.03662
;WIDTH:0.439999
G1 X112.022 Y111.987 E.03459
;WIDTH:0.483071
G1 X111.805 Y112.168 E.01034
;WIDTH:0.526142
G1 X111.589 Y112.349 E.01132
G1 X111.711 Y112.094 E.01136
;WIDTH:0.483071
G1 X111.834 Y111.839 E.01036
;WIDTH:0.439999
G1 X112.61 Y110.494 E.05127
G1 X112.931 Y110.494 E.0106
;WIDTH:0.457022
G1 X114.067 Y110.503 E.03912
G1 X114.551 Y110.487 E.01667
;WIDTH:0.425626
G1 X115.034 Y110.471 E.01538
;WIDTH:0.4085
G1 X115.726 Y110.478 E.02104
;WIDTH:0.439999
G1 X118.39 Y110.494 E.08796
G1 X119.184 Y111.87 E.05245
;WIDTH:0.47946
G1 X119.473 Y112.409 E.0222
G1 X119.755 Y112.871 E.01965
;WIDTH:0.45313
G1 X120.036 Y113.332 E.01842
;WIDTH:0.449061
G1 X121.01 Y115.032 E.06617
;WIDTH:0.439999
G1 X121.28 Y115.5 E.01784
G1 X120.562 Y116.744 E.04742
;WIDTH:0.487711
G1 X120.297 Y117.156 E.01812
;WIDTH:0.535422
G1 X120.064 Y117.518 E.01763
G1 E-3.5 F3600
;WIPE_START
G1 F7200
G1 X120.031 Y117.568 E-.02846
G1 X120.048 Y117.474 E-.04537
G1 X120.158 Y116.934 E-.26177
G1 X120.268 Y116.393 E-.26223
G1 X120.275 Y115.309 E-.51491
G1 X120.109 Y114.511 E-.38726
;WIPE_END
G1 X121.739 Y115.5 F9000
G1 E5 F2400
;WIDTH:0.439999
G1 F900
G1 X118.619 Y120.903 E.206
G1 X116.671 Y120.903 E.06432
;WIDTH:0.484732
G1 X116.383 Y120.881 E.01061
;WIDTH:0.529465
G1 X116.094 Y120.858 E.01173
G1 X115.516 Y120.876 E.0234
;WIDTH:0.494455
G1 X115.014 Y120.878 E.01885
;WIDTH:0.515501
G1 X114.443 Y120.865 E.02244
G1 X114.147 Y120.884 E.01166
;WIDTH:0.47775
G1 X113.851 Y120.903 E.01072
;WIDTH:0.439999
G1 X112.381 Y120.903 E.04854
G1 X111.754 Y119.818 E.04138
;WIDTH:0.469556
G1 X111.617 Y119.551 E.01065
;WIDTH:0.499112
G1 X111.48 Y119.284 E.01138
G1 X111.169 Y118.782 E.0224
;WIDTH:0.461994
G1 X110.91 Y118.338 E.01791
;WIDTH:0.480824
G1 X110.638 Y117.843 E.02057
G1 X110.329 Y117.35 E.02119
;WIDTH:0.439999
G1 X109.261 Y115.5 E.07053
G1 X112.381 Y110.097 E.206
G1 X118.619 Y110.097 E.20596
G1 X121.709 Y115.448 E.20402
G1 X122.186 Y115.5 F9000
;TYPE:External perimeter
;WIDTH:0.419999
G1 F900
G1 X118.843 Y121.29 E.20963
G1 X112.157 Y121.29 E.20963
G1 X108.814 Y115.5 E.20963
G1 X112.157 Y109.71 E.20963
G1 X118.843 Y109.71 E.20963
G1 X122.156 Y115.448 E.20775
G1 X120.574 Y115.473 F9000
;TYPE:Solid infill
;WIDTH:0.393162
G1 F900
G1 X120.457 Y114.799 E.01992
G1 X120.481 Y114.756 E.00143
G1 X120.527 Y114.773 E.00143
G1 X120.954 Y115.5 E.02455
G1 X120.613 Y116.092 E.0199
G1 X120.56 Y116.049 E.00199
G1 X120.569 Y115.671 E.01101
G1 E-3.5 F3600
;WIPE_START
G1 F7200
G1 X120.56 Y116.049 E-.1796
G1 X120.613 Y116.092 E-.03242
G1 X120.954 Y115.5 E-.32451
G1 X120.527 Y114.773 E-.40048
G1 X120.481 Y114.756 E-.02329
G1 X120.457 Y114.799 E-.02339
G1 X120.574 Y115.473 E-.32494
;WIPE_END
G1 E-.19137 F3600
G1 X112.487 Y111.24 F9000
G1 E5 F2400
;WIDTH:0.361395
G1 F900
G1 X112.764 Y110.761 E.01465
G1 X113.468 Y110.766 E.01864
G1 X113.484 Y110.85 E.00226
G1 X112.93 Y111.062 E.01571
G1 X112.646 Y111.239 E.00886
;LAYER_CHANGE
;Z:4
;HEIGHT:0.2
;BEFORE_LAYER_CHANGE
G92 E0
;6


G1 E-3.5 F3600
;WIPE_START
G1 F7200
G1 X112.93 Y111.062 E-.15895
G1 X113.484 Y110.85 E-.28176
G1 X113.468 Y110.766 E-.04062
G1 X112.764 Y110.761 E-.33441
G1 X112.487 Y111.24 E-.26283
;WIPE_END
G1 E-.42143 F3600
G1 Z4 F9000
;AFTER_LAYER_CHANGE
;6
G1 X113.055 Y111.519
G1 E5 F2400
;TYPE:Perimeter
;WIDTH:0.439999
G1 F900
G1 X113.5 Y111.313 E.01619
G1 X113.993 Y111.149 E.01715
G1 X114.858 Y111.01 E.02893
G1 X115.501 Y111.003 E.02123
G1 X116.469 Y111.182 E.0325
G1 X117.376 Y111.571 E.03258
G1 X118.159 Y112.143 E.03202
G1 X118.784 Y112.864 E.0315
G1 X119.225 Y113.693 E.031
G1 X119.612 Y114.922 E.04254
G1 X119.708 Y115.857 E.03103
G1 X119.59 Y116.809 E.03167
G1 X119.256 Y117.725 E.03219
G1 X118.717 Y118.557 E.03273
G1 X117.993 Y119.257 E.03325
G1 X117.546 Y119.564 E.0179
G1 X117.089 Y119.801 E.017
G1 X116.605 Y119.987 E.01712
G1 X116.1 Y120.118 E.01723
G1 X115.578 Y120.192 E.01741
G1 X115.048 Y120.207 E.01751
G1 X114.516 Y120.161 E.01763
G1 X113.988 Y120.055 E.01778
G1 X113.472 Y119.89 E.01789
G1 X112.973 Y119.665 E.01807
G1 X112.5 Y119.384 E.01817
G1 X112.059 Y119.048 E.01831
;WIDTH:0.473232
G1 X111.644 Y118.675 E.01997
G1 X111.294 Y118.231 E.02023
;WIDTH:0.440557
G1 X110.99 Y117.753 E.01873
;WIDTH:0.447092
G1 X110.681 Y117.146 E.02289
G1 X110.556 Y116.618 E.01824
;WIDTH:0.439999
G1 X110.498 Y116.053 E.01875
G1 X110.503 Y115.509 E.01796
G1 X110.571 Y114.934 E.01912
;WIDTH:0.475745
G1 X110.597 Y114.749 E.00672
;WIDTH:0.511491
G1 X110.623 Y114.565 E.00724
;WIDTH:0.547236
G1 X110.648 Y114.38 E.00783
G1 X110.841 Y113.856 E.02342
;WIDTH:0.541696
G1 X111.095 Y113.364 E.02296
;WIDTH:0.535878
G1 X111.387 Y112.9 E.02247
;WIDTH:0.581682
G1 X111.714 Y112.463 E.02445
G1 X111.86 Y112.353 E.00819
;WIDTH:0.534455
G1 X112.007 Y112.244 E.00748
;WIDTH:0.487227
G1 X112.153 Y112.134 E.00675
;WIDTH:0.439999
G1 X112.573 Y111.808 E.01755
G1 X113.002 Y111.547 E.01658
G1 X113.235 Y111.863 F9000
;TYPE:External perimeter
;WIDTH:0.419999
G1 F900
G1 X113.265 Y111.845 E.0011
G1 X114.031 Y111.544 E.02581
G1 X114.917 Y111.392 E.02819
G1 X115.501 Y111.39 E.01831
G1 X116.395 Y111.562 E.02854
G1 X117.218 Y111.924 E.02819
G1 X117.926 Y112.452 E.02769
G1 X118.488 Y113.113 E.0272
G1 X118.88 Y113.87 E.02673
G1 X119.243 Y115.04 E.03841
G1 X119.322 Y115.891 E.0268
G1 X119.207 Y116.756 E.02736
G1 X118.895 Y117.587 E.02783
G1 X118.395 Y118.341 E.02837
G1 X117.728 Y118.975 E.02885
G1 X117.314 Y119.252 E.01562
G1 X116.894 Y119.465 E.01477
G1 X116.449 Y119.631 E.01489
G1 X115.984 Y119.747 E.01503
G1 X115.506 Y119.81 E.01512
G1 X115.019 Y119.819 E.01527
G1 X114.53 Y119.773 E.0154
G1 X114.046 Y119.671 E.01551
G1 X113.573 Y119.514 E.01563
G1 X113.116 Y119.303 E.01578
G1 X112.683 Y119.04 E.01588
G1 X112.279 Y118.728 E.016
G1 X111.911 Y118.37 E.0161
G1 X111.581 Y117.968 E.01631
G1 X111.307 Y117.547 E.01575
G1 X111.034 Y116.977 E.01982
G1 X110.932 Y116.517 E.01477
G1 X110.883 Y116.016 E.01578
G1 X110.89 Y115.515 E.01571
G1 X110.955 Y114.983 E.0168
G1 X111.076 Y114.485 E.01607
G1 X111.251 Y114.008 E.01593
G1 X111.477 Y113.557 E.01582
G1 X111.751 Y113.138 E.0157
G1 X112.081 Y112.74 E.01621
G1 X112.437 Y112.399 E.01546
G1 X112.826 Y112.104 E.01531
G1 X113.183 Y111.894 E.01299
G1 E-3.5 F3600
;WIPE_START
G1 F7200
G1 X113.235 Y111.863 E-.02876
G1 X113.265 Y111.845 E-.01662
G1 X114.031 Y111.544 E-.39093
G1 X114.917 Y111.392 E-.427
G1 X115.501 Y111.39 E-.2774
G1 X116.244 Y111.533 E-.35929
;WIPE_END
G1 X112.129 Y119.631 F9000
G1 E5 F2400
;TYPE:Perimeter
;WIDTH:0.48283
G1 F900
G1 X112.7 Y119.993 E.02473
G1 X113.236 Y120.246 E.02168
G1 X113.795 Y120.436 E.0216
G1 X114.084 Y120.48 E.01069
;WIDTH:0.443913
G1 X114.374 Y120.523 E.00978
G1 X114.138 Y120.504 E.00789
;WIDTH:0.48283
G1 X113.901 Y120.484 E.0087
G1 X112.622 Y120.484 E.04678
G1 X112.159 Y119.683 E.03384
G1 E-3.5 F3600
;WIPE_START
G1 F7200
G1 X112.129 Y119.631 E-.02852
G1 X112.7 Y119.993 E-.32114
G1 X113.236 Y120.246 E-.28154
G1 X113.795 Y120.436 E-.28044
G1 X114.084 Y120.48 E-.13886
G1 X114.374 Y120.523 E-.13926
G1 X114.138 Y120.504 E-.11246
G1 X113.901 Y120.484 E-.11298
G1 X113.723 Y120.484 E-.0848
;WIPE_END
G1 X116.126 Y120.512 F9000
G1 E5 F2400
;WIDTH:0.427838
G1 F900
G1 X116.088 Y120.515 E.00122
;WIDTH:0.421914
G1 X115.804 Y120.532 E.00897
;WIDTH:0.386917
G1 X115.521 Y120.55 E.00811
;WIDTH:0.35192
G1 X114.951 Y120.553 E.01465
;WIDTH:0.375429
G1 X114.663 Y120.538 E.00797
;WIDTH:0.404996
G1 X114.374 Y120.523 E.00871
G1 E-3.5 F3600
;WIPE_START
G1 F7200
G1 X114.663 Y120.538 E-.13746
G1 X114.951 Y120.553 E-.13699
G1 X115.521 Y120.55 E-.27075
G1 X115.804 Y120.532 E-.1347
G1 X116.088 Y120.515 E-.13514
G1 X116.126 Y120.512 E-.01811
;WIPE_END
G1 E-.66685 F3600
G1 X110.125 Y116.221 F9000
G1 E5 F2400
;WIDTH:0.420578
G1 F900
G1 X109.709 Y115.5 E.02614
G1 X110.267 Y114.532 E.03509
G1 X110.187 Y114.884 E.01134
G1 X110.115 Y115.503 E.01957
G1 X110.124 Y116.161 E.02066
G1 E-3.5 F3600
;WIPE_START
G1 F7200
G1 X110.125 Y116.221 E-.0285
G1 X109.709 Y115.5 E-.39539
G1 X110.267 Y114.532 E-.53072
G1 X110.187 Y114.884 E-.17146
G1 X110.115 Y115.503 E-.29601
G1 X110.117 Y115.667 E-.07792
;WIPE_END
G1 X112.025 Y111.642 F9000
G1 E5 F2400
;WIDTH:0.575121
G1 F900
G1 X112.649 Y110.562 E.0552
G1 X112.943 Y110.538 E.01305
;WIDTH:0.528129
G1 X113.236 Y110.515 E.01186
;WIDTH:0.481137
G1 X113.489 Y110.494 E.00925
;WIDTH:0.439228
G1 X113.741 Y110.473 E.00833
;WIDTH:0.441519
G1 X113.807 Y110.495 E.00231
;WIDTH:0.485718
G1 X113.873 Y110.517 E.00256
;WIDTH:0.529917
G1 X113.94 Y110.539 E.00286
;WIDTH:0.574116
G1 X114.006 Y110.561 E.00307
;WIDTH:0.618315
G1 X114.072 Y110.583 E.00333
;WIDTH:0.662514
G1 X114.138 Y110.605 E.00358
G1 X114.081 Y110.641 E.00347
;WIDTH:0.618315
G1 X114.024 Y110.676 E.0032
;WIDTH:0.574116
G1 X113.967 Y110.712 E.00298
;WIDTH:0.529917
G1 X113.91 Y110.748 E.00273
;WIDTH:0.485718
G1 X113.853 Y110.783 E.00246
;WIDTH:0.441519
G1 X113.796 Y110.819 E.00223
;WIDTH:0.439228
G1 X113.561 Y110.876 E.00797
;WIDTH:0.481137
G1 X113.327 Y110.933 E.00878
;WIDTH:0.528129
G1 X113.056 Y111.034 E.01167
;WIDTH:0.575121
G1 X112.786 Y111.135 E.01276
G1 X112.075 Y111.609 E.03781
G1 E-3.5 F3600
;WIPE_START
G1 F7200
G1 X112.025 Y111.642 E-.02846
G1 X112.649 Y110.562 E-.59247
G1 X112.943 Y110.538 E-.14011
G1 X113.236 Y110.515 E-.1396
G1 X113.489 Y110.494 E-.12059
G1 X113.741 Y110.473 E-.12011
G1 X113.807 Y110.495 E-.03305
G1 X113.873 Y110.517 E-.03305
G1 X113.94 Y110.539 E-.0335
G1 X114.006 Y110.561 E-.03305
G1 X114.072 Y110.583 E-.03305
G1 X114.138 Y110.605 E-.03305
G1 X114.081 Y110.641 E-.03202
G1 X114.024 Y110.676 E-.03177
G1 X113.967 Y110.712 E-.03202
G1 X113.91 Y110.748 E-.03202
G1 X113.853 Y110.783 E-.03177
G1 X113.852 Y110.783 E-.00031
;WIPE_END
G1 X114.138 Y110.605 F9000
G1 E5 F2400
;WIDTH:0.662514
G1 F900
G1 X114.407 Y110.587 E.01389
;WIDTH:0.62561
G1 X114.676 Y110.569 E.01306
;WIDTH:0.588705
G1 X114.945 Y110.55 E.01224
;WIDTH:0.571166
G1 X115.702 Y110.56 E.03325
G1 X115.993 Y110.538 E.01282
;WIDTH:0.527444
G1 X116.284 Y110.516 E.01176
;WIDTH:0.483722
G1 X116.575 Y110.494 E.0107
;WIDTH:0.439999
G1 X118.39 Y110.494 E.05993
G1 X119.048 Y111.633 E.04343
;WIDTH:0.461117
G1 X119.586 Y112.587 E.03809
;WIDTH:0.490146
G1 X120.053 Y113.425 E.03567
G1 X120.2 Y113.653 E.01009
;WIDTH:0.465073
G1 X120.346 Y113.882 E.00953
;WIDTH:0.439999
G1 X121.28 Y115.5 E.06168
G1 X120.278 Y117.243 E.06638
;WIDTH:0.433799
G1 X120.02 Y117.725 E.01777
;WIDTH:0.397173
G1 X119.763 Y118.207 E.01609
;WIDTH:0.385925
G1 X119.473 Y118.685 E.01595
;WIDTH:0.411302
G1 X119.183 Y119.162 E.0171
;WIDTH:0.439999
G1 X118.39 Y120.506 E.05152
G1 X116.126 Y120.512 E.07475
;WIDTH:0.430005
G1 X116.195 Y120.498 E.00227
;WIDTH:0.439999
G1 X116.745 Y120.359 E.01873
G1 X117.27 Y120.155 E.0186
G1 X117.765 Y119.895 E.01846
G1 X118.265 Y119.546 E.02013
G1 X118.895 Y118.934 E.029
;WIDTH:0.411302
G1 X119.026 Y118.764 E.00657
;WIDTH:0.389296
G1 X119.593 Y117.854 E.03088
;WIDTH:0.40004
G1 X119.759 Y117.464 E.01259
;WIDTH:0.433799
G1 X119.926 Y117.075 E.01376
;WIDTH:0.438229
G1 X119.982 Y116.864 E.00718
;WIDTH:0.439999
G1 X120.103 Y115.822 E.03464
G1 X119.99 Y114.802 E.03388
G1 X119.775 Y114.125 E.02345
;WIDTH:0.48175
G1 X119.597 Y113.503 E.02361
G1 X119.1 Y112.599 E.03764
;WIDTH:0.469532
G1 X118.398 Y111.826 E.03704
;WIDTH:0.439999
G1 X117.538 Y111.208 E.03497
G1 X116.546 Y110.792 E.03552
;WIDTH:0.483722
G1 X116.265 Y110.715 E.01068
;WIDTH:0.527444
G1 X115.983 Y110.637 E.01179
;WIDTH:0.571166
G1 X115.76 Y110.576 E.01015
G1 E-3.5 F3600
;WIPE_START
G1 F7200
G1 X115.702 Y110.56 E-.02858
G1 X115.993 Y110.538 E-.13862
G1 X116.284 Y110.516 E-.13862
G1 X116.575 Y110.494 E-.13862
G1 X118.39 Y110.494 E-.86212
G1 X118.594 Y110.847 E-.19344
;WIPE_END
G1 X118.619 Y110.097 F9000
G1 E5 F2400
;WIDTH:0.439999
G1 F900
G1 X121.739 Y115.5 E.206
G1 X118.619 Y120.903 E.206
G1 X112.381 Y120.903 E.20596
G1 X111.51 Y119.396 E.05747
;WIDTH:0.481845
G1 X111.235 Y118.878 E.0214
G1 X110.923 Y118.383 E.02136
;WIDTH:0.435794
G1 X110.617 Y117.865 E.01965
;WIDTH:0.447092
G1 X110.025 Y116.822 E.0403
;WIDTH:0.439999
G1 X109.261 Y115.5 E.05041
G1 X109.806 Y114.557 E.03596
;WIDTH:0.487691
G1 X109.925 Y114.397 E.00737
;WIDTH:0.535383
G1 X110.045 Y114.237 E.00819
;WIDTH:0.583074
G1 X110.165 Y114.077 E.00898
G1 X110.438 Y113.559 E.0263
;WIDTH:0.53612
G1 X110.697 Y113.094 E.02183
;WIDTH:0.535878
G1 X110.967 Y112.641 E.02162
;WIDTH:0.581682
G1 X111.274 Y112.156 E.02571
G1 X111.349 Y111.978 E.00865
;WIDTH:0.534455
G1 X111.424 Y111.8 E.00789
;WIDTH:0.487227
G1 X111.5 Y111.623 E.00712
;WIDTH:0.439999
G1 X112.381 Y110.097 E.05818
G1 X118.559 Y110.097 E.20398
G1 X118.865 Y109.749 F9000
;TYPE:External perimeter
;WIDTH:0.419999
G1 F900
G1 X122.186 Y115.5 E.20822
G1 X118.843 Y121.29 E.20963
G1 X112.157 Y121.29 E.20963
G1 X108.814 Y115.5 E.20963
G1 X112.157 Y109.71 E.20963
G1 X118.828 Y109.71 E.20916
G1 E-3.5 F3600
;WIPE_START
G1 F7200
G1 X118.865 Y109.749 E-.02554
G1 X120.417 Y112.437 E-1.47446
;WIPE_END
G1 X120.145 Y114.206 F9000
G1 E5 F2400
;TYPE:Solid infill
;WIDTH:0.500899
G1 F900
G1 X120.892 Y115.5 E.0569
G1 X120.39 Y116.375 E.03842
G1 X120.432 Y116.048 E.01255
G1 X120.359 Y114.943 E.04217
G1 X120.2 Y114.397 E.02166
G1 E-3.5 F3600
;WIPE_START
G1 F7200
G1 X120.359 Y114.943 E-.27012
G1 X120.432 Y116.048 E-.52602
G1 X120.39 Y116.375 E-.1566
G1 X120.892 Y115.5 E-.47917
G1 X120.82 Y115.376 E-.06809
;WIPE_END
G1 X118.23 Y120.086 F9000
G1 E5 F2400
;WIDTH:0.629442
G1 F900
G1 X118.178 Y120.035 E.00355
G1 X118.107 Y120.054 E.00358
G1 X118.088 Y120.124 E.00354
G1 X118.14 Y120.176 E.00359
G1 X118.211 Y120.157 E.00358
;LAYER_CHANGE
;Z:4.2
;HEIGHT:0.2
;BEFORE_LAYER_CHANGE
G92 E0
;6.4


G1 E-3.5 F3600
;WIPE_START
G1 F7200
G1 X118.23 Y120.124 E-.03445
G1 X118.178 Y120.176 E-.03493
G1 X118.107 Y120.157 E-.03491
G1 X118.088 Y120.086 E-.03491
G1 X118.14 Y120.035 E-.0346
;WIPE_END
G1 E-1.3262 F3600
G1 Z4.2 F9000
;AFTER_LAYER_CHANGE
;6.4
G1 X117.831 Y119.121
G1 E5 F2400
;TYPE:Perimeter
;WIDTH:0.439999
G1 F900
G1 X117.054 Y119.595 E.03005
G1 X116.111 Y119.91 E.03283
G1 X115.105 Y120.006 E.03337
G1 X114.563 Y119.967 E.01794
G1 X114.056 Y119.867 E.01706
G1 X113.56 Y119.71 E.01718
G1 X113.082 Y119.496 E.01729
G1 X112.627 Y119.228 E.01744
G1 X112.202 Y118.908 E.01757
;WIDTH:0.475472
G1 X112.06 Y118.798 E.00646
;WIDTH:0.510945
G1 X111.918 Y118.688 E.00699
;WIDTH:0.546418
G1 X111.776 Y118.578 E.00752
G1 X111.426 Y118.159 E.02286
;WIDTH:0.541432
G1 X111.13 Y117.696 E.02278
;WIDTH:0.53612
G1 X110.871 Y117.207 E.02269
;WIDTH:0.583074
G1 X110.652 Y116.694 E.02505
G1 X110.629 Y116.506 E.00851
;WIDTH:0.535383
G1 X110.606 Y116.318 E.00776
;WIDTH:0.487691
G1 X110.583 Y116.13 E.007
;WIDTH:0.439999
G1 X110.508 Y115.575 E.01849
G1 X110.495 Y115.012 E.01859
G1 X110.547 Y114.446 E.01877
;WIDTH:0.451793
G1 X110.658 Y113.904 E.01881
G1 X110.953 Y113.311 E.02252
;WIDTH:0.435795
G1 X111.258 Y112.822 E.01883
;WIDTH:0.481845
G1 X111.595 Y112.372 E.02052
G1 X112.01 Y111.994 E.02049
;WIDTH:0.439999
G1 X112.447 Y111.653 E.0183
G1 X112.916 Y111.365 E.01817
G1 X113.411 Y111.134 E.01804
G1 X113.925 Y110.961 E.01791
G1 X114.452 Y110.848 E.0178
G1 X114.983 Y110.796 E.01762
G1 X115.514 Y110.803 E.01753
G1 X116.036 Y110.87 E.01738
G1 X116.543 Y110.994 E.01723
G1 X117.03 Y111.173 E.01713
G1 X117.49 Y111.404 E.017
G1 X117.917 Y111.683 E.01684
G1 X118.308 Y112.006 E.01674
G1 X118.939 Y112.738 E.03191
G1 X119.404 Y113.604 E.03245
G1 X119.658 Y114.537 E.03193
G1 X119.697 Y115.487 E.03139
G1 X119.525 Y116.407 E.0309
G1 X119.259 Y117.225 E.0284
G1 X119.048 Y117.701 E.01719
G1 X118.577 Y118.413 E.02819
G1 X117.889 Y119.086 E.03178
G1 X117.882 Y119.09 E.00027
G1 X117.603 Y118.816 F9000
;TYPE:External perimeter
;WIDTH:0.419999
G1 F900
G1 X116.857 Y119.262 E.02725
G1 X115.994 Y119.541 E.02844
G1 X115.074 Y119.62 E.02895
G1 X114.576 Y119.578 E.01567
G1 X114.113 Y119.482 E.01483
G1 X113.66 Y119.334 E.01494
G1 X113.223 Y119.134 E.01507
G1 X112.808 Y118.884 E.01519
G1 X112.421 Y118.587 E.0153
G1 X112.067 Y118.245 E.01543
G1 X111.751 Y117.862 E.01557
G1 X111.477 Y117.443 E.0157
G1 X111.251 Y116.992 E.01582
G1 X111.076 Y116.515 E.01593
G1 X110.955 Y116.017 E.01607
G1 X110.89 Y115.505 E.01618
G1 X110.883 Y114.984 E.01634
G1 X110.932 Y114.483 E.01578
G1 X111.034 Y114.023 E.01477
G1 X111.295 Y113.474 E.01906
G1 X111.581 Y113.032 E.01651
G1 X111.91 Y112.631 E.01626
G1 X112.279 Y112.272 E.01614
G1 X112.683 Y111.96 E.016
G1 X113.116 Y111.697 E.01588
G1 X113.573 Y111.486 E.01578
G1 X114.067 Y111.324 E.0163
G1 X114.551 Y111.224 E.0155
G1 X115.04 Y111.18 E.01539
G1 X115.527 Y111.192 E.01527
G1 X116.005 Y111.257 E.01513
G1 X116.469 Y111.375 E.01501
G1 X116.913 Y111.544 E.0149
G1 X117.508 Y111.876 E.02136
G1 X118.059 Y112.302 E.02184
G1 X118.644 Y112.988 E.02827
G1 X119.06 Y113.782 E.02811
G1 X119.283 Y114.633 E.02758
G1 X119.31 Y115.497 E.0271
G1 X119.145 Y116.329 E.02659
G1 X118.891 Y117.104 E.02557
G1 X118.706 Y117.518 E.01422
G1 X118.255 Y118.199 E.02561
G1 X117.65 Y118.779 E.02628
G1 E-3.5 F3600
;WIPE_START
G1 F7200
G1 X117.603 Y118.816 E-.02841
G1 X116.857 Y119.262 E-.41285
G1 X115.994 Y119.541 E-.43081
G1 X115.074 Y119.62 E-.43861
G1 X114.676 Y119.586 E-.18932
;WIPE_END
G1 X114.403 Y120.425 F9000
G1 E5 F2400
;TYPE:Perimeter
;WIDTH:0.601214
G1 F900
G1 X113.952 Y120.438 E.02095
;WIDTH:0.575121
G1 X112.649 Y120.438 E.05766
G1 X112.025 Y119.358 E.0552
G1 X112.291 Y119.561 E.01481
G1 X112.786 Y119.865 E.02571
G1 X113.307 Y120.109 E.02546
G1 X113.85 Y120.293 E.02537
;WIDTH:0.601214
G1 X114.345 Y120.411 E.02362
G1 X116.121 Y120.412 F9000
;WIDTH:0.628106
G1 F900
G1 X116.023 Y120.418 E.00478
;WIDTH:0.615546
G1 X115.496 Y120.436 E.02511
;WIDTH:0.580106
G1 X114.969 Y120.454 E.02355
;WIDTH:0.57294
G1 X114.686 Y120.439 E.01249
;WIDTH:0.601214
G1 X114.403 Y120.425 E.01315
G1 E-3.5 F3600
;WIPE_START
G1 F7200
G1 X114.686 Y120.439 E-.13459
G1 X114.969 Y120.454 E-.13461
G1 X115.496 Y120.436 E-.25047
G1 X116.023 Y120.418 E-.25047
G1 X116.121 Y120.412 E-.04664
;WIPE_END
G1 E-.68322 F3600
G1 X110.267 Y116.468 F9000
G1 E5 F2400
;WIDTH:0.420578
G1 F900
G1 X109.709 Y115.5 E.03509
G1 X110.125 Y114.779 E.02614
G1 X110.108 Y115.018 E.00752
G1 X110.124 Y115.625 E.01907
G1 X110.257 Y116.409 E.02497
G1 E-3.5 F3600
;WIPE_START
G1 F7200
G1 X110.267 Y116.468 E-.02842
G1 X109.709 Y115.5 E-.53072
G1 X110.125 Y114.779 E-.39539
G1 X110.108 Y115.018 E-.11381
G1 X110.124 Y115.625 E-.28843
G1 X110.174 Y115.922 E-.14323
;WIPE_END
G1 X112.129 Y111.369 F9000
G1 E5 F2400
;WIDTH:0.48283
G1 F900
G1 X112.622 Y110.516 E.03604
G1 X113.996 Y110.516 E.05026
G1 X113.795 Y110.564 E.00756
G1 X113.236 Y110.754 E.0216
G1 X112.7 Y111.007 E.02168
G1 X112.18 Y111.337 E.02253
G1 E-3.5 F3600
;WIPE_START
G1 F7200
G1 X112.129 Y111.369 E-.0286
G1 X112.622 Y110.516 E-.46798
G1 X113.996 Y110.516 E-.65265
G1 X113.795 Y110.564 E-.09816
G1 X113.292 Y110.735 E-.25261
;WIPE_END
G1 X116.088 Y110.485 F9000
G1 E5 F2400
;WIDTH:0.439999
G1 F900
G1 X118.39 Y110.494 E.07601
G1 X119.017 Y111.58 E.0414
;WIDTH:0.482956
G1 X119.071 Y111.716 E.00535
;WIDTH:0.525913
G1 X119.125 Y111.852 E.00588
;WIDTH:0.56887
G1 X119.179 Y111.989 E.00644
;WIDTH:0.611827
G1 X119.232 Y112.125 E.0069
;WIDTH:0.654784
G1 X119.286 Y112.261 E.00744
;WIDTH:0.69774
G1 X119.34 Y112.397 E.00797
G1 X119.211 Y112.281 E.00945
;WIDTH:0.654784
G1 X119.081 Y112.165 E.00886
;WIDTH:0.611827
G1 X118.952 Y112.049 E.00821
;WIDTH:0.56887
G1 X118.822 Y111.933 E.00762
;WIDTH:0.525913
G1 X118.692 Y111.817 E.007
;WIDTH:0.482956
G1 X118.563 Y111.701 E.00635
;WIDTH:0.439999
G1 X118.137 Y111.352 E.01818
G1 X117.671 Y111.05 E.01833
G1 X117.17 Y110.801 E.01847
G1 X116.64 Y110.609 E.01861
G1 X116.146 Y110.498 E.01672
G1 X114.404 Y110.474 F9000
;WIDTH:0.399332
G1 F900
G1 X114.678 Y110.46 E.00813
;WIDTH:0.372594
G1 X114.951 Y110.447 E.00749
;WIDTH:0.35192
G1 X115.521 Y110.45 E.01465
;WIDTH:0.386917
G1 X115.804 Y110.468 E.00811
;WIDTH:0.421914
G1 X116.088 Y110.485 E.00897
G1 E-3.5 F3600
;WIPE_START
G1 F7200
G1 X115.804 Y110.468 E-.13514
G1 X115.521 Y110.45 E-.1347
G1 X114.951 Y110.447 E-.27075
G1 X114.678 Y110.46 E-.12982
G1 X114.404 Y110.474 E-.13032
;WIPE_END
G1 E-.69927 F3600
G1 X119.446 Y112.564 F9000
G1 E5 F2400
;WIDTH:0.69774
G1 F900
G1 X119.34 Y112.397 E.01077
G1 X119.446 Y112.564 F9000
;WIDTH:0.68001
G1 F900
G1 X119.494 Y112.602 E.00324
;WIDTH:0.635737
G1 X119.542 Y112.64 E.00302
;WIDTH:0.591463
G1 X119.589 Y112.678 E.00276
;WIDTH:0.54719
G1 X119.637 Y112.716 E.00257
;WIDTH:0.502917
G1 X119.684 Y112.754 E.00231
;WIDTH:0.458643
G1 X119.732 Y112.793 E.00214
;WIDTH:0.41437
G1 X119.78 Y112.831 E.00189
;WIDTH:0.403727
G1 X120.145 Y113.497 E.02278
;WIDTH:0.439999
G1 X121.28 Y115.5 E.07601
G1 X120.49 Y116.868 E.05216
;WIDTH:0.484488
G1 X120.016 Y117.646 E.03345
G1 X119.723 Y118.177 E.02227
;WIDTH:0.474712
G1 X119.17 Y119.121 E.03928
G1 X118.768 Y119.851 E.02992
;WIDTH:0.439999
G1 X118.39 Y120.506 E.02497
G1 X117.13 Y120.506 E.0416
;WIDTH:0.487026
G1 X116.877 Y120.482 E.00938
;WIDTH:0.534053
G1 X116.625 Y120.459 E.01033
;WIDTH:0.58108
G1 X116.373 Y120.435 E.01133
;WIDTH:0.628106
G1 X116.121 Y120.412 E.01231
G1 X116.185 Y120.379 E.0035
;WIDTH:0.594167
G1 X116.249 Y120.346 E.0033
;WIDTH:0.560228
G1 X116.585 Y120.21 E.01559
;WIDTH:0.520152
G1 X116.92 Y120.073 E.01436
;WIDTH:0.480076
G1 X117.256 Y119.937 E.01318
;WIDTH:0.439999
G1 X118.162 Y119.374 E.03522
;WIDTH:0.485809
G1 X118.927 Y118.645 E.03892
G1 X119.449 Y117.811 E.03623
;WIDTH:0.49378
G1 X119.661 Y117.358 E.01875
G1 X119.788 Y116.922 E.01702
;WIDTH:0.46689
G1 X119.914 Y116.486 E.016
;WIDTH:0.439999
G1 X120.095 Y115.497 E.0332
G1 X120.043 Y114.438 E.03501
G1 X119.887 Y113.937 E.01733
;WIDTH:0.41091
G1 X119.73 Y113.435 E.01609
;WIDTH:0.38182
G1 X119.493 Y112.988 E.01426
;WIDTH:0.41437
G1 X119.486 Y112.927 E.0019
;WIDTH:0.458643
G1 X119.479 Y112.867 E.00209
;WIDTH:0.502917
G1 X119.473 Y112.806 E.00234
;WIDTH:0.54719
G1 X119.466 Y112.745 E.00257
;WIDTH:0.591463
G1 X119.46 Y112.685 E.00275
;WIDTH:0.635737
G1 X119.453 Y112.624 E.00303
G1 E-3.5 F3600
;WIPE_START
G1 F7200
G1 X119.446 Y112.564 E-.02869
G1 X119.494 Y112.602 E-.02908
G1 X119.542 Y112.64 E-.02908
G1 X119.589 Y112.678 E-.02871
G1 X119.637 Y112.716 E-.02908
G1 X119.684 Y112.754 E-.02871
G1 X119.732 Y112.793 E-.02938
G1 X119.78 Y112.831 E-.02908
G1 X120.145 Y113.497 E-.36074
G1 X121.087 Y115.159 E-.90745
;WIPE_END
G1 X118.637 Y110.127 F9000
G1 E5 F2400
;WIDTH:0.439999
G1 F900
G1 X121.739 Y115.5 E.20484
G1 X118.619 Y120.903 E.206
G1 X112.381 Y120.903 E.20596
G1 X111.5 Y119.377 E.05818
;WIDTH:0.487227
G1 X111.424 Y119.2 E.00712
;WIDTH:0.534455
G1 X111.349 Y119.022 E.00789
;WIDTH:0.581682
G1 X111.274 Y118.844 E.00865
G1 X110.967 Y118.359 E.02571
;WIDTH:0.535879
G1 X110.697 Y117.906 E.02162
;WIDTH:0.53612
G1 X110.438 Y117.441 E.02183
;WIDTH:0.583074
G1 X110.165 Y116.923 E.0263
G1 X110.045 Y116.763 E.00898
;WIDTH:0.535383
G1 X109.925 Y116.603 E.00819
;WIDTH:0.487691
G1 X109.806 Y116.443 E.00737
;WIDTH:0.439999
G1 X109.261 Y115.5 E.03596
G1 X110.025 Y114.178 E.05041
;WIDTH:0.447092
G1 X110.667 Y113.048 E.04368
;WIDTH:0.435795
G1 X110.923 Y112.617 E.01638
;WIDTH:0.481845
G1 X111.235 Y112.122 E.02136
G1 X111.51 Y111.604 E.0214
;WIDTH:0.439999
G1 X112.381 Y110.097 E.05747
G1 X118.594 Y110.097 E.20514
G1 X118.861 Y109.742 F9000
;TYPE:External perimeter
;WIDTH:0.419999
G1 F900
G1 X122.186 Y115.5 E.20848
G1 X118.843 Y121.29 E.20963
G1 X112.157 Y121.29 E.20963
G1 X108.814 Y115.5 E.20963
G1 X112.157 Y109.71 E.20963
G1 X118.82 Y109.71 E.20891
G1 X118.23 Y110.876 F9000
;TYPE:Solid infill
;WIDTH:0.630154
G1 F900
G1 X118.178 Y110.824 E.00359
G1 X118.107 Y110.843 E.00359
G1 X118.088 Y110.914 E.00359
G1 X118.14 Y110.966 E.00359
G1 X118.211 Y110.947 E.00359
G1 E-3.5 F3600
;WIPE_START
G1 F7200
G1 X118.14 Y110.966 E-.03491
G1 X118.088 Y110.914 E-.03493
G1 X118.107 Y110.843 E-.03491
G1 X118.178 Y110.824 E-.03491
G1 X118.23 Y110.876 E-.03493
;WIPE_END
G1 E-1.32541 F3600
G1 X120.67 Y115.946 F9000
G1 E5 F2400
;TYPE:Internal infill
;WIDTH:0.44
G1 F900
G1 X120.25 Y116.365 E.01959
;LAYER_CHANGE
;Z:4.4
;HEIGHT:0.2
;BEFORE_LAYER_CHANGE
G92 E0
;6.8


G1 E-3.5 F3600
;WIPE_START
G1 F7200
G1 X120.2 Y116.695 E-.35478
G1 X120.895 Y115.5 E-.65664
G1 X120.408 Y114.658 E-.46203
G1 X120.408 Y114.714 E-.02655
;WIPE_END
G1 Z4.4 F9000
;AFTER_LAYER_CHANGE
;6.8
G1 X119.817 Y116.034
G1 E5 F2400
;TYPE:Perimeter
;WIDTH:0.439999
G1 F900
G1 X119.554 Y116.904 E.03001
G1 X119.079 Y117.733 E.03155
G1 X118.407 Y118.46 E.03269
G1 X117.481 Y119.126 E.03766
G1 X116.962 Y119.421 E.01971
G1 X116.091 Y119.71 E.0303
G1 X115.13 Y119.807 E.03189
G1 X114.157 Y119.684 E.03238
G1 X113.22 Y119.341 E.03294
G1 X112.372 Y118.787 E.03344
G1 X111.971 Y118.416 E.01804
G1 X111.636 Y118.022 E.01708
G1 X111.346 Y117.588 E.01723
G1 X111.104 Y117.121 E.01737
G1 X110.915 Y116.627 E.01746
G1 X110.782 Y116.11 E.01763
G1 X110.708 Y115.577 E.01777
G1 X110.694 Y115.036 E.01787
G1 X110.741 Y114.492 E.01803
G1 X110.85 Y113.954 E.01812
;WIDTH:0.482421
G1 X111.001 Y113.42 E.02028
G1 X111.243 Y112.915 E.02046
;WIDTH:0.461995
G1 X111.529 Y112.432 E.01956
;WIDTH:0.499111
G1 X111.858 Y111.969 E.02155
G1 X112.067 Y111.773 E.01087
;WIDTH:0.469555
G1 X112.276 Y111.576 E.01019
;WIDTH:0.439999
G1 X112.781 Y111.215 E.0205
G1 X113.322 Y110.955 E.01982
G1 X113.857 Y110.773 E.01866
;WIDTH:0.477027
G1 X114.127 Y110.695 E.01014
;WIDTH:0.514054
G1 X114.397 Y110.618 E.011
G1 X114.956 Y110.571 E.02198
;WIDTH:0.494455
G1 X115.512 Y110.576 E.02088
;WIDTH:0.529465
G1 X116.062 Y110.626 E.02234
G1 X116.324 Y110.712 E.01116
;WIDTH:0.484732
G1 X116.586 Y110.798 E.01013
;WIDTH:0.439999
G1 X117.094 Y110.983 E.01785
G1 X117.575 Y111.222 E.01773
G1 X118.022 Y111.512 E.01759
G1 X118.43 Y111.848 E.01745
G1 X118.796 Y112.224 E.01732
G1 X119.114 Y112.636 E.01718
G1 X119.382 Y113.079 E.01709
G1 X119.597 Y113.544 E.01691
G1 X119.757 Y114.028 E.01683
G1 X119.903 Y114.988 E.03206
G1 X119.835 Y115.974 E.03263
G1 X119.834 Y115.977 E.0001
G1 X119.443 Y115.961 F9000
;TYPE:External perimeter
;WIDTH:0.419999
G1 F900
G1 X119.185 Y116.786 E.0271
G1 X118.746 Y117.536 E.02725
G1 X118.149 Y118.169 E.02728
G1 X117.255 Y118.811 E.03451
G1 X116.783 Y119.078 E.017
G1 X115.972 Y119.342 E.02674
G1 X115.097 Y119.422 E.02755
G1 X114.211 Y119.301 E.02804
G1 X113.359 Y118.979 E.02856
G1 X112.588 Y118.466 E.02904
G1 X112.224 Y118.121 E.01572
G1 X111.92 Y117.756 E.01489
G1 X111.658 Y117.357 E.01497
G1 X111.441 Y116.926 E.01513
G1 X111.271 Y116.471 E.01523
G1 X111.154 Y115.995 E.01537
G1 X111.09 Y115.48 E.01627
G1 X111.082 Y115.007 E.01483
G1 X111.13 Y114.508 E.01572
G1 X111.235 Y114.013 E.01587
G1 X111.396 Y113.529 E.01599
G1 X111.61 Y113.066 E.01599
G1 X111.87 Y112.638 E.0157
G1 X112.188 Y112.224 E.01637
G1 X112.553 Y111.846 E.01648
G1 X113 Y111.534 E.01709
G1 X113.485 Y111.306 E.0168
G1 X113.979 Y111.141 E.01633
G1 X114.485 Y111.032 E.01623
G1 X114.996 Y110.982 E.0161
G1 X115.505 Y110.99 E.01596
G1 X116.006 Y111.054 E.01584
G1 X116.493 Y111.174 E.01573
G1 X116.979 Y111.355 E.01626
G1 X117.616 Y111.709 E.02285
G1 X118.183 Y112.145 E.02243
G1 X118.53 Y112.508 E.01575
G1 X118.818 Y112.889 E.01497
G1 X119.06 Y113.296 E.01485
G1 X119.252 Y113.724 E.01471
G1 X119.395 Y114.177 E.01489
G1 X119.52 Y115.043 E.02743
G1 X119.453 Y115.902 E.02702
G1 E-3.5 F3600
;WIPE_START
G1 F7200
G1 X119.443 Y115.961 E-.02842
G1 X119.185 Y116.786 E-.41059
G1 X118.746 Y117.536 E-.41279
G1 X118.149 Y118.169 E-.4133
G1 X117.747 Y118.458 E-.2349
;WIPE_END
G1 X110.505 Y116.78 F9000
G1 E5 F2400
;TYPE:Perimeter
;WIDTH:0.52094
G1 F900
G1 X110.21 Y116.276 E.02321
;WIDTH:0.513357
G1 X109.762 Y115.5 E.03505
G1 X110.298 Y114.571 E.04195
G1 X110.26 Y115.044 E.01856
G1 X110.278 Y115.634 E.02309
G1 X110.362 Y116.215 E.02296
;WIDTH:0.52094
G1 X110.491 Y116.722 E.02079
G1 E-3.5 F3600
;WIPE_START
G1 F7200
G1 X110.505 Y116.78 E-.02834
G1 X110.21 Y116.276 E-.27739
G1 X109.762 Y115.5 E-.42562
G1 X110.298 Y114.571 E-.50946
G1 X110.26 Y115.044 E-.2254
G1 X110.262 Y115.115 E-.03379
;WIPE_END
G1 X111.589 Y118.652 F9000
G1 E5 F2400
;WIDTH:0.526296
G1 F900
G1 X111.589 Y118.651 E.00004
;WIDTH:0.526142
G1 X111.428 Y118.419 E.01135
;WIDTH:0.480528
G1 X111.268 Y118.187 E.01025
;WIDTH:0.434914
G1 X110.998 Y117.749 E.01677
;WIDTH:0.431634
G1 X110.754 Y117.3 E.01652
;WIDTH:0.476287
G1 X110.63 Y117.04 E.01038
;WIDTH:0.52094
G1 X110.505 Y116.78 E.01147
G1 E-3.5 F3600
;WIPE_START
G1 F7200
G1 X110.63 Y117.04 E-.13703
G1 X110.754 Y117.3 E-.13683
G1 X110.998 Y117.749 E-.24273
G1 X111.268 Y118.187 E-.2444
G1 X111.428 Y118.419 E-.13387
G1 X111.589 Y118.651 E-.13414
G1 X111.589 Y118.652 E-.00048
;WIPE_END
G1 E-.47052 F3600
G1 X112.192 Y111.168 F9000
G1 E5 F2400
;WIDTH:0.390486
G1 F900
G1 X112.596 Y110.469 E.02333
G1 X113.591 Y110.469 E.02876
G1 X113.166 Y110.617 E.01301
G1 X112.709 Y110.829 E.01456
G1 X112.242 Y111.135 E.01614
G1 E-3.5 F3600
;WIPE_START
G1 F7200
G1 X112.192 Y111.168 E-.02846
G1 X112.596 Y110.469 E-.38349
G1 X113.591 Y110.469 E-.47263
G1 X113.166 Y110.617 E-.21377
G1 X112.709 Y110.829 E-.23929
G1 X112.423 Y111.016 E-.16236
;WIPE_END
G1 X117.213 Y110.547 F9000
G1 E5 F2400
;WIDTH:0.546102
G1 F900
G1 X118.359 Y110.547 E.04795
G1 X118.91 Y111.501 E.04609
;WIDTH:0.548282
G1 X119.197 Y112 E.02419
G1 X119.122 Y111.912 E.00486
;WIDTH:0.547644
G1 X118.718 Y111.502 E.02416
;WIDTH:0.546102
G1 X118.269 Y111.136 E.02424
G1 X117.778 Y110.821 E.02441
G1 X117.267 Y110.573 E.02377
G1 E-3.5 F3600
;WIPE_START
G1 F7200
G1 X117.213 Y110.547 E-.02847
G1 X118.359 Y110.547 E-.54435
G1 X118.91 Y111.501 E-.5233
G1 X119.197 Y112 E-.27343
G1 X119.122 Y111.912 E-.05492
G1 X119.011 Y111.799 E-.07553
;WIPE_END
G1 X119.197 Y112 F9000
G1 E5 F2400
;WIDTH:0.548282
G1 F900
G1 X119.354 Y112.238 E.01198
;WIDTH:0.515314
G1 X119.51 Y112.476 E.01118
;WIDTH:0.482346
G1 X119.793 Y112.964 E.02061
;WIDTH:0.511836
G1 X119.92 Y113.216 E.011
;WIDTH:0.542948
G1 X120.047 Y113.467 E.0117
G1 X120.136 Y113.587 E.00621
;WIDTH:0.508632
G1 X120.225 Y113.706 E.00575
;WIDTH:0.474316
G1 X120.314 Y113.826 E.00536
;WIDTH:0.439999
G1 X121.28 Y115.5 E.06381
G1 X120.176 Y117.42 E.07313
;WIDTH:0.445487
G1 X119.221 Y119.067 E.06373
;WIDTH:0.439999
G1 X118.39 Y120.506 E.05487
G1 X116.014 Y120.511 E.07845
;WIDTH:0.428989
G1 X114.923 Y120.527 E.03503
;WIDTH:0.445273
G1 X113.799 Y120.503 E.03761
G1 X112.61 Y120.506 E.03978
;WIDTH:0.439999
G1 X111.834 Y119.161 E.05127
;WIDTH:0.483148
G1 X111.712 Y118.907 E.01031
;WIDTH:0.526296
G1 X111.589 Y118.652 E.01138
G1 X111.676 Y118.726 E.00459
;WIDTH:0.501439
G1 X111.913 Y118.921 E.0117
;WIDTH:0.470719
G1 X112.15 Y119.116 E.01092
;WIDTH:0.439999
G1 X113.078 Y119.711 E.0364
;WIDTH:0.456737
G1 X114.1 Y120.086 E.03746
G1 X114.631 Y120.133 E.01834
;WIDTH:0.424984
G1 X115.162 Y120.18 E.01694
;WIDTH:0.437424
G1 X116.212 Y120.087 E.03458
;WIDTH:0.439999
G1 X117.146 Y119.773 E.03253
G1 X117.713 Y119.448 E.02158
G1 X118.674 Y118.757 E.03908
G1 X119.419 Y117.935 E.03663
;WIDTH:0.44169
G1 X119.933 Y117.025 E.03465
G1 X120.231 Y116.007 E.03517
;WIDTH:0.439999
G1 X120.277 Y115.461 E.01809
G1 X120.296 Y114.932 E.01748
G1 X120.171 Y114.066 E.02889
;WIDTH:0.474316
G1 X120.13 Y113.866 E.00732
;WIDTH:0.508632
G1 X120.089 Y113.667 E.00787
;WIDTH:0.542948
G1 X120.059 Y113.526 E.00599
G1 E-3.5 F3600
;WIPE_START
G1 F7200
G1 X120.047 Y113.467 E-.0286
G1 X120.136 Y113.587 E-.07097
G1 X120.225 Y113.706 E-.07059
G1 X120.314 Y113.826 E-.07097
G1 X121.28 Y115.5 E-.91805
G1 X120.922 Y116.122 E-.34082
;WIPE_END
G1 X121.739 Y115.5 F9000
G1 E5 F2400
;WIDTH:0.439999
G1 F900
G1 X118.619 Y120.903 E.206
G1 X112.381 Y120.903 E.20596
G1 X109.261 Y115.5 E.206
G1 X110.329 Y113.65 E.07053
;WIDTH:0.480824
G1 X110.638 Y113.157 E.02119
G1 X110.918 Y112.647 E.02118
;WIDTH:0.465494
G1 X111.215 Y112.141 E.02062
;WIDTH:0.485091
G1 X111.521 Y111.631 E.02187
G1 X111.754 Y111.182 E.0186
;WIDTH:0.439999
G1 X112.381 Y110.097 E.04138
G1 X113.851 Y110.097 E.04854
;WIDTH:0.47775
G1 X114.147 Y110.116 E.01072
;WIDTH:0.515501
G1 X114.443 Y110.135 E.01166
G1 X115.014 Y110.122 E.02244
;WIDTH:0.494455
G1 X115.516 Y110.124 E.01885
;WIDTH:0.529465
G1 X116.094 Y110.142 E.0234
G1 X116.383 Y110.119 E.01173
;WIDTH:0.484732
G1 X116.671 Y110.097 E.01061
;WIDTH:0.439999
G1 X118.619 Y110.097 E.06432
G1 X121.709 Y115.448 E.20402
G1 X122.186 Y115.5 F9000
;TYPE:External perimeter
;WIDTH:0.419999
G1 F900
G1 X118.843 Y121.29 E.20963
G1 X112.157 Y121.29 E.20963
G1 X108.814 Y115.5 E.20963
G1 X112.157 Y109.71 E.20963
G1 X118.843 Y109.71 E.20963
G1 X122.156 Y115.448 E.20775
G1 X120.629 Y114.945 F9000
;TYPE:Solid infill
;WIDTH:0.402131
G1 F900
G1 X120.949 Y115.5 E.01914
G1 X120.624 Y116.059 E.01931
G1 X120.509 Y116.204 E.00553
G1 X120.577 Y115.122 E.03238
G1 E-3.5 F3600
;WIPE_START
G1 F7200
G1 X120.509 Y116.204 E-.51496
G1 X120.624 Y116.059 E-.08791
G1 X120.949 Y115.5 E-.30714
G1 X120.629 Y114.945 E-.30431
;WIPE_END
G1 E-.28568 F3600
G1 X112.551 Y119.702 F9000
G1 E5 F2400
;WIDTH:0.364542
G1 F900
G1 X112.986 Y119.963 E.01357
G1 X113.46 Y120.148 E.01361
G1 X113.446 Y120.229 E.0022
G1 X112.764 Y120.237 E.01824
G1 X112.546 Y119.859 E.01167
;LAYER_CHANGE
;Z:4.6
;HEIGHT:0.2
;BEFORE_LAYER_CHANGE
G92 E0
;7


G1 E-3.5 F3600
;WIPE_START
G1 F7200
G1 X112.764 Y120.237 E-.20727
G1 X113.446 Y120.229 E-.32397
G1 X113.46 Y120.148 E-.03905
G1 X112.986 Y119.963 E-.24169
G1 X112.551 Y119.702 E-.24096
;WIPE_END
G1 E-.44706 F3600
G1 Z4.6 F9000
;AFTER_LAYER_CHANGE
;7
G1 X112.856 Y118.891
G1 E5 F2400
;TYPE:Perimeter
;WIDTH:0.439999
G1 F900
G1 X112.153 Y118.315 E.03001
G1 X111.546 Y117.53 E.03276
G1 X111.123 Y116.614 E.03331
G1 X110.982 Y116.09 E.01792
G1 X110.908 Y115.58 E.01702
G1 X110.893 Y115.061 E.01714
G1 X110.936 Y114.539 E.01729
G1 X111.039 Y114.022 E.01741
;WIDTH:0.484742
G1 X111.071 Y113.846 E.00657
;WIDTH:0.529485
G1 X111.104 Y113.671 E.0072
;WIDTH:0.574228
G1 X111.136 Y113.495 E.0079
G1 X111.365 Y113.003 E.02397
;WIDTH:0.560855
G1 X111.642 Y112.533 E.0235
;WIDTH:0.595925
G1 X111.96 Y112.083 E.02534
G1 X112.07 Y111.996 E.00645
;WIDTH:0.556944
G1 X112.179 Y111.909 E.00596
;WIDTH:0.517962
G1 X112.289 Y111.821 E.00556
;WIDTH:0.478981
G1 X112.399 Y111.734 E.00509
;WIDTH:0.439999
G1 X112.821 Y111.38 E.01819
G1 X113.284 Y111.074 E.01832
G1 X113.782 Y110.82 E.01846
G1 X114.31 Y110.622 E.01862
G1 X114.86 Y110.487 E.0187
;WIDTH:0.433191
G1 X115.43 Y110.429 E.01859
;WIDTH:0.429502
G1 X116.076 Y110.477 E.02082
;WIDTH:0.439999
G1 X116.628 Y110.603 E.01869
G1 X117.158 Y110.794 E.0186
G1 X117.659 Y111.041 E.01844
G1 X118.126 Y111.342 E.01834
G1 X118.553 Y111.69 E.01819
;WIDTH:0.478213
G1 X118.695 Y111.807 E.00666
;WIDTH:0.516427
G1 X118.836 Y111.924 E.00721
;WIDTH:0.55464
G1 X118.977 Y112.041 E.0078
;WIDTH:0.564617
G1 X119.319 Y112.472 E.02387
G1 X119.6 Y112.94 E.02368
;WIDTH:0.580907
G1 X119.84 Y113.426 E.02425
G1 X119.875 Y113.604 E.00812
;WIDTH:0.533938
G1 X119.91 Y113.782 E.00741
;WIDTH:0.486969
G1 X119.945 Y113.959 E.00666
;WIDTH:0.439999
G1 X120.054 Y114.475 E.01741
G1 X120.105 Y114.996 E.01728
G1 X120.097 Y115.515 E.01714
G1 X120.031 Y116.026 E.01701
G1 X119.908 Y116.522 E.01687
G1 X119.52 Y117.418 E.03224
G1 X118.936 Y118.221 E.03278
G1 X118.199 Y118.862 E.03225
G1 X117.662 Y119.154 E.02018
G1 X117.23 Y119.36 E.0158
G1 X116.439 Y119.561 E.02695
G1 X115.513 Y119.597 E.0306
G1 X114.689 Y119.579 E.02721
G1 X113.77 Y119.36 E.03119
G1 X112.909 Y118.934 E.03172
G1 X112.903 Y118.929 E.00026
G1 X113.069 Y118.575 F9000
;TYPE:External perimeter
;WIDTH:0.419999
G1 F900
G1 X112.403 Y118.019 E.0272
G1 X111.856 Y117.298 E.02838
G1 X111.477 Y116.457 E.02892
G1 X111.353 Y115.973 E.01567
G1 X111.289 Y115.474 E.01577
G1 X111.28 Y115.03 E.01392
G1 X111.325 Y114.553 E.01502
G1 X111.423 Y114.079 E.01518
G1 X111.576 Y113.616 E.01529
G1 X111.781 Y113.17 E.01539
G1 X112.038 Y112.746 E.01555
G1 X112.343 Y112.35 E.01567
G1 X112.693 Y111.988 E.01579
G1 X113.085 Y111.666 E.01591
G1 X113.514 Y111.387 E.01605
G1 X113.976 Y111.157 E.01618
G1 X114.464 Y110.979 E.01629
G1 X114.951 Y110.859 E.01573
G1 X115.476 Y110.791 E.0166
G1 X116.028 Y110.856 E.01743
G1 X116.536 Y110.979 E.01639
G1 X117.025 Y111.157 E.01632
G1 X117.486 Y111.387 E.01615
G1 X117.915 Y111.666 E.01605
G1 X118.307 Y111.988 E.01591
G1 X118.657 Y112.35 E.01579
G1 X118.974 Y112.763 E.01632
G1 X119.229 Y113.188 E.01554
G1 X119.432 Y113.636 E.01542
G1 X119.582 Y114.1 E.01529
G1 X119.678 Y114.574 E.01516
G1 X119.72 Y115.03 E.01436
G1 X119.708 Y115.527 E.01559
G1 X119.643 Y115.994 E.01478
G1 X119.523 Y116.457 E.015
G1 X119.166 Y117.261 E.02758
G1 X118.626 Y117.988 E.02839
G1 X117.949 Y118.566 E.02791
G1 X117.485 Y118.81 E.01644
G1 X117.135 Y118.985 E.01227
G1 X116.344 Y119.186 E.02559
G1 X115.504 Y119.21 E.02635
G1 X114.698 Y119.192 E.02528
G1 X113.865 Y118.985 E.02691
G1 X113.12 Y118.606 E.02621
G1 E-3.5 F3600
;WIPE_START
G1 F7200
G1 X113.069 Y118.575 E-.02835
G1 X112.403 Y118.019 E-.4121
G1 X111.856 Y117.298 E-.42988
G1 X111.477 Y116.457 E-.43817
G1 X111.377 Y116.067 E-.1915
;WIPE_END
G1 X111.997 Y111.569 F9000
G1 E5 F2400
;TYPE:Perimeter
;WIDTH:0.453594
G1 F900
G1 X112.614 Y110.501 E.04212
G1 X113.517 Y110.501 E.03084
G1 X113.064 Y110.735 E.01741
G1 X112.564 Y111.069 E.02053
G1 X112.042 Y111.529 E.02376
G1 E-3.5 F3600
;WIPE_START
G1 F7200
G1 X111.997 Y111.569 E-.0286
G1 X112.614 Y110.501 E-.58587
G1 X113.517 Y110.501 E-.42892
G1 X113.064 Y110.735 E-.24219
G1 X112.689 Y110.986 E-.21442
;WIPE_END
G1 X117.483 Y110.501 F9000
G1 E5 F2400
;WIDTH:0.453593
G1 F900
G1 X118.386 Y110.501 E.03084
G1 X119.003 Y111.569 E.04212
G1 X118.892 Y111.454 E.00546
G1 X118.436 Y111.069 E.02038
G1 X117.936 Y110.735 E.02053
G1 X117.537 Y110.529 E.01533
G1 E-3.5 F3600
;WIPE_START
G1 F7200
G1 X117.483 Y110.501 E-.02889
G1 X118.386 Y110.501 E-.42892
G1 X119.003 Y111.569 E-.58587
G1 X118.892 Y111.454 E-.07592
G1 X118.436 Y111.069 E-.28348
G1 X118.266 Y110.956 E-.09692
;WIPE_END
G1 X120.518 Y114.346 F9000
G1 E5 F2400
;WIDTH:0.60612
G1 F900
G1 X121.184 Y115.5 E.0624
G1 X121.031 Y115.807 E.01606
;WIDTH:0.564388
G1 X120.949 Y115.986 E.00854
;WIDTH:0.527375
G1 X120.868 Y116.164 E.00788
;WIDTH:0.490362
G1 X120.786 Y116.342 E.00729
;WIDTH:0.453348
G1 X120.645 Y116.627 E.01085
;WIDTH:0.413478
G1 X120.504 Y116.912 E.0098
;WIDTH:0.373607
G1 X119.964 Y117.891 E.03074
;WIDTH:0.369745
G1 X119.667 Y118.365 E.0152
;WIDTH:0.411564
G1 X119.369 Y118.838 E.01714
;WIDTH:0.439999
G1 X118.39 Y120.506 E.06386
G1 X117.423 Y120.506 E.03193
;WIDTH:0.4733
G1 X116.875 Y120.489 E.01962
;WIDTH:0.506601
G1 X115.472 Y120.477 E.05409
;WIDTH:0.525815
G1 X114.393 Y120.463 E.04333
G1 X113.985 Y120.484 E.0164
;WIDTH:0.482907
G1 X113.577 Y120.506 E.01495
;WIDTH:0.439999
G1 X112.61 Y120.506 E.03193
G1 X111.778 Y119.096 E.05405
;WIDTH:0.409934
G1 X111.49 Y118.626 E.01682
;WIDTH:0.379868
G1 X111.203 Y118.156 E.01543
;WIDTH:0.353466
G1 X110.916 Y117.685 E.01424
;WIDTH:0.359331
G1 X110.663 Y117.215 E.01404
;WIDTH:0.391598
G1 X110.41 Y116.744 E.0155
;WIDTH:0.433767
G1 X110.283 Y116.482 E.00946
;WIDTH:0.475936
G1 X110.156 Y116.22 E.01048
;WIDTH:0.519331
G1 X110.043 Y115.98 E.01051
;WIDTH:0.562725
G1 X109.929 Y115.74 E.01148
;WIDTH:0.606119
G1 X109.816 Y115.5 E.01242
G1 X110.466 Y114.374 E.06089
G1 X110.413 Y115.072 E.03278
G1 X110.453 Y115.642 E.02676
;WIDTH:0.564389
G1 X110.499 Y115.824 E.00814
;WIDTH:0.527375
G1 X110.545 Y116.007 E.0076
;WIDTH:0.490361
G1 X110.59 Y116.189 E.00698
;WIDTH:0.453346
G1 X110.691 Y116.475 E.01035
;WIDTH:0.413477
G1 X110.791 Y116.762 E.00936
;WIDTH:0.373607
G1 X111.273 Y117.735 E.02986
;WIDTH:0.369746
G1 X111.59 Y118.171 E.01465
;WIDTH:0.411564
G1 X111.906 Y118.608 E.01653
;WIDTH:0.439999
G1 X112.545 Y119.165 E.02799
G1 X113.157 Y119.508 E.02316
G1 X113.672 Y119.745 E.01872
;WIDTH:0.482907
G1 X114.062 Y119.866 E.01494
;WIDTH:0.525815
G1 X114.452 Y119.987 E.0164
G1 X114.679 Y120.009 E.00916
;WIDTH:0.506602
G1 X115.523 Y120.023 E.03255
G1 X116.321 Y120.009 E.03077
G1 X116.544 Y119.974 E.0087
;WIDTH:0.497851
G1 X116.936 Y119.859 E.01545
;WIDTH:0.468925
G1 X117.328 Y119.745 E.01446
;WIDTH:0.439999
G1 X117.843 Y119.508 E.01872
G1 X118.455 Y119.165 E.02316
G1 X119.094 Y118.608 E.02799
;WIDTH:0.411564
G1 X119.229 Y118.441 E.00658
;WIDTH:0.379869
G1 X119.53 Y117.999 E.01498
;WIDTH:0.353467
G1 X119.831 Y117.556 E.01383
;WIDTH:0.359333
G1 X120.05 Y117.085 E.01367
;WIDTH:0.391601
G1 X120.27 Y116.614 E.01507
;WIDTH:0.433769
G1 X120.356 Y116.348 E.00909
;WIDTH:0.475937
G1 X120.442 Y116.082 E.01007
;WIDTH:0.519332
G1 X120.487 Y115.886 E.00797
;WIDTH:0.562726
G1 X120.532 Y115.69 E.00869
;WIDTH:0.60612
G1 X120.578 Y115.494 E.00943
G1 X120.583 Y114.953 E.02534
G1 X120.525 Y114.406 E.02576
G1 X121.739 Y115.5 F9000
;WIDTH:0.439999
G1 F900
G1 X118.619 Y120.903 E.206
G1 X112.381 Y120.903 E.20596
G1 X109.261 Y115.5 E.206
G1 X110.336 Y113.638 E.07099
;WIDTH:0.488588
G1 X110.44 Y113.507 E.0062
;WIDTH:0.537177
G1 X110.544 Y113.375 E.00691
;WIDTH:0.585765
G1 X110.648 Y113.244 E.00755
G1 X110.908 Y112.767 E.02452
;WIDTH:0.560855
G1 X111.196 Y112.27 E.02474
;WIDTH:0.595925
G1 X111.501 Y111.776 E.0267
G1 X111.558 Y111.639 E.00682
;WIDTH:0.556944
G1 X111.614 Y111.502 E.00633
;WIDTH:0.517962
G1 X111.671 Y111.365 E.00586
;WIDTH:0.478981
G1 X111.727 Y111.228 E.00537
;WIDTH:0.439999
G1 X112.381 Y110.097 E.04314
G1 X114.9 Y110.092 E.08317
;WIDTH:0.429504
G1 X115.593 Y110.076 E.02228
;WIDTH:0.431782
G1 X116.187 Y110.093 E.01921
;WIDTH:0.439999
G1 X118.619 Y110.097 E.0803
G1 X119.216 Y111.13 E.03939
;WIDTH:0.478213
G1 X119.299 Y111.312 E.00724
;WIDTH:0.516427
G1 X119.381 Y111.493 E.00782
;WIDTH:0.55464
G1 X119.464 Y111.675 E.00851
;WIDTH:0.564617
G1 X120.051 Y112.693 E.05098
;WIDTH:0.580907
G1 X120.318 Y113.18 E.02484
G1 X120.433 Y113.333 E.00856
;WIDTH:0.533938
G1 X120.549 Y113.485 E.00781
;WIDTH:0.486969
G1 X120.664 Y113.638 E.00707
;WIDTH:0.439999
G1 X121.709 Y115.448 E.06901
G1 X122.186 Y115.5 F9000
;TYPE:External perimeter
;WIDTH:0.419999
G1 F900
G1 X118.843 Y121.29 E.20963
G1 X112.157 Y121.29 E.20963
G1 X108.814 Y115.5 E.20963
G1 X112.157 Y109.71 E.20963
G1 X118.843 Y109.71 E.20963
G1 X122.156 Y115.448 E.20775
G1 E-3.5 F3600
;WIPE_START
G1 F7200
G1 X122.186 Y115.5 E-.02852
G1 X120.637 Y118.183 E-1.47148
;WIPE_END
G1 X112.346 Y119.413 F9000
G1 E5 F2400
;TYPE:Solid infill
;WIDTH:0.464087
G1 F900
G1 X112.587 Y119.572 E.01011
G1 X113.34 Y119.957 E.02962
G1 X113.874 Y120.156 E.01996
G1 X113.571 Y120.188 E.01067
G1 X112.793 Y120.188 E.02725
G1 X112.445 Y119.585 E.02438
;LAYER_CHANGE
;Z:4.8
;HEIGHT:0.2
;BEFORE_LAYER_CHANGE
G92 E0
;7.4


G1 E-3.5 F3600
;WIPE_START
G1 F7200
G1 X122.186 Y115.5 E-.02852
G1 X120.637 Y118.183 E-1.47148
;WIPE_END
G1 Z4.8 F9000
;AFTER_LAYER_CHANGE
;7.4
G1 X120.29 Y115.548
G1 E5 F2400
;TYPE:Perimeter
;WIDTH:0.439999
G1 F900
G1 X120.23 Y116.046 E.01656
G1 X120.104 Y116.565 E.01763
G1 X119.922 Y117.062 E.01748
G1 X119.687 Y117.532 E.01735
G1 X119.403 Y117.969 E.01721
G1 X119.073 Y118.369 E.01712
G1 X118.704 Y118.726 E.01695
G1 X118.3 Y119.037 E.01683
G1 X117.754 Y119.33 E.02046
G1 X117.319 Y119.54 E.01595
G1 X116.487 Y119.755 E.02837
G1 X115.514 Y119.797 E.03216
G1 X114.572 Y119.622 E.03163
G1 X113.708 Y119.248 E.03108
G1 X112.965 Y118.736 E.02979
G1 X112.312 Y118.192 E.02806
G1 X111.728 Y117.445 E.03131
G1 X111.319 Y116.572 E.03183
G1 X111.114 Y115.614 E.03235
G1 X111.129 Y114.618 E.03289
G1 X111.371 Y113.636 E.03339
G1 X111.588 Y113.136 E.018
G1 X111.849 Y112.69 E.01706
G1 X112.162 Y112.274 E.01719
G1 X112.522 Y111.892 E.01733
G1 X112.926 Y111.551 E.01746
G1 X113.369 Y111.255 E.01759
G1 X113.847 Y111.009 E.01775
G1 X114.352 Y110.817 E.01784
;WIDTH:0.479162
G1 X114.611 Y110.731 E.0099
;WIDTH:0.518324
G1 X114.871 Y110.645 E.01083
G1 X115.42 Y110.579 E.02186
;WIDTH:0.497914
G1 X115.963 Y110.57 E.02055
;WIDTH:0.515367
G1 X116.532 Y110.606 E.0224
G1 X116.806 Y110.681 E.01116
;WIDTH:0.477683
G1 X117.08 Y110.756 E.01027
;WIDTH:0.439999
G1 X117.617 Y110.931 E.01865
G1 X118.075 Y111.139 E.01661
G1 X118.638 Y111.503 E.02214
;WIDTH:0.48509
G1 X119.092 Y111.923 E.02274
G1 X119.435 Y112.376 E.02089
;WIDTH:0.465493
G1 X119.726 Y112.858 E.01978
;WIDTH:0.480824
G1 X119.974 Y113.358 E.02032
G1 X120.133 Y113.891 E.02025
;WIDTH:0.439999
G1 X120.249 Y114.428 E.01814
G1 X120.304 Y114.971 E.01802
G1 X120.297 Y115.487 E.01704
G1 X119.909 Y115.517 F9000
;TYPE:External perimeter
;WIDTH:0.419999
G1 F900
G1 X119.908 Y115.526 E.00028
G1 X119.842 Y116.016 E.0155
G1 X119.722 Y116.491 E.01536
G1 X119.551 Y116.946 E.01524
G1 X119.331 Y117.375 E.01512
G1 X119.067 Y117.773 E.01497
G1 X118.762 Y118.136 E.01487
G1 X118.421 Y118.46 E.01475
G1 X118.039 Y118.745 E.01494
G1 X117.262 Y119.15 E.02747
G1 X116.39 Y119.381 E.02828
G1 X115.503 Y119.41 E.02783
G1 X114.649 Y119.243 E.02728
G1 X113.868 Y118.895 E.02681
G1 X113.188 Y118.42 E.02601
G1 X112.56 Y117.895 E.02566
G1 X112.036 Y117.212 E.02699
G1 X111.672 Y116.413 E.02753
G1 X111.494 Y115.539 E.02797
G1 X111.516 Y114.63 E.02851
G1 X111.745 Y113.734 E.029
G1 X111.95 Y113.277 E.0157
G1 X112.194 Y112.871 E.01485
G1 X112.484 Y112.492 E.01496
G1 X112.817 Y112.145 E.01508
G1 X113.384 Y111.709 E.02243
G1 X114.021 Y111.355 E.02285
G1 X114.507 Y111.174 E.01626
G1 X114.994 Y111.054 E.01573
G1 X115.495 Y110.99 E.01584
G1 X115.991 Y110.983 E.01555
G1 X116.493 Y111.029 E.01581
G1 X117 Y111.135 E.01624
G1 X117.495 Y111.298 E.01634
G1 X117.972 Y111.518 E.01647
G1 X118.418 Y111.822 E.01692
G1 X118.798 Y112.208 E.01698
G1 X119.118 Y112.62 E.01636
G1 X119.388 Y113.063 E.01627
G1 X119.604 Y113.529 E.0161
G1 X119.765 Y114.013 E.01599
G1 X119.87 Y114.508 E.01587
G1 X119.918 Y115.007 E.01572
G1 X119.91 Y115.457 E.01411
G1 E-3.5 F3600
;WIPE_START
G1 F7200
G1 X119.909 Y115.517 E-.0285
G1 X119.908 Y115.526 E-.0043
G1 X119.842 Y116.016 E-.23485
G1 X119.722 Y116.491 E-.23271
G1 X119.551 Y116.946 E-.23088
G1 X119.331 Y117.375 E-.22901
G1 X119.067 Y117.773 E-.22686
G1 X118.762 Y118.136 E-.22521
G1 X118.628 Y118.263 E-.08768
;WIPE_END
G1 X113.747 Y110.547 F9000
G1 E5 F2400
;TYPE:Perimeter
;WIDTH:0.546104
G1 F900
G1 X113.122 Y110.879 E.02961
G1 X112.638 Y111.205 E.02442
G1 X112.197 Y111.581 E.02425
;WIDTH:0.548276
G1 X111.803 Y112 E.02417
G1 X112.09 Y111.501 E.02419
;WIDTH:0.546104
G1 X112.641 Y110.547 E.04609
G1 X113.687 Y110.547 E.04376
G1 E-3.5 F3600
;WIPE_START
G1 F7200
G1 X113.747 Y110.547 E-.0285
G1 X113.122 Y110.879 E-.33616
G1 X112.638 Y111.205 E-.27719
G1 X112.197 Y111.581 E-.27528
G1 X111.803 Y112 E-.2732
G1 X112.09 Y111.501 E-.27343
G1 X112.128 Y111.435 E-.03624
;WIPE_END
G1 X110.969 Y113.432 F9000
G1 E5 F2400
;WIDTH:0.53542
G1 F900
G1 X111.088 Y113.198 E.01075
;WIDTH:0.508073
G1 X111.207 Y112.964 E.01015
;WIDTH:0.48235
G1 X111.49 Y112.476 E.02061
;WIDTH:0.515313
G1 X111.646 Y112.238 E.01118
;WIDTH:0.548276
G1 X111.803 Y112 E.01198
G1 E-3.5 F3600
;WIPE_START
G1 F7200
G1 X111.646 Y112.238 E-.13543
G1 X111.49 Y112.476 E-.13517
G1 X111.207 Y112.964 E-.26796
G1 X111.088 Y113.198 E-.1247
G1 X110.969 Y113.432 E-.1247
;WIPE_END
G1 E-.71204 F3600
G1 X117.409 Y110.469 F9000
G1 E5 F2400
;WIDTH:0.390485
G1 F900
G1 X118.404 Y110.469 E.02876
G1 X118.808 Y111.168 E.02333
G1 X118.231 Y110.801 E.01976
G1 X117.465 Y110.492 E.02387
G1 E-3.5 F3600
;WIPE_START
G1 F7200
G1 X117.409 Y110.469 E-.02876
G1 X118.404 Y110.469 E-.47262
G1 X118.808 Y111.168 E-.38349
G1 X118.231 Y110.801 E-.32482
G1 X117.664 Y110.572 E-.29031
;WIPE_END
G1 X120.702 Y114.571 F9000
G1 E5 F2400
;WIDTH:0.513357
G1 F900
G1 X121.238 Y115.5 E.04195
G1 X120.79 Y116.276 E.03505
;WIDTH:0.522278
G1 X120.498 Y116.773 E.02298
G1 X120.528 Y116.671 E.00424
;WIDTH:0.519873
G1 X120.66 Y116.103 E.02313
;WIDTH:0.513357
G1 X120.731 Y115.496 E.02391
G1 X120.704 Y114.631 E.03385
G1 E-3.5 F3600
;WIPE_START
G1 F7200
G1 X120.702 Y114.571 E-.02852
G1 X121.238 Y115.5 E-.50946
G1 X120.79 Y116.276 E-.42562
G1 X120.498 Y116.773 E-.2738
G1 X120.528 Y116.671 E-.0505
G1 X120.629 Y116.236 E-.2121
;WIPE_END
G1 X119.411 Y118.652 F9000
G1 E5 F2400
;WIDTH:0.526296
G1 F900
G1 X119.288 Y118.907 E.01138
;WIDTH:0.483148
G1 X119.166 Y119.161 E.01031
;WIDTH:0.439999
G1 X118.39 Y120.506 E.05127
G1 X116.374 Y120.521 E.06656
;WIDTH:0.409169
G1 X115.273 Y120.522 E.03353
;WIDTH:0.439999
G1 X112.61 Y120.506 E.08793
G1 X112.05 Y119.536 E.03698
;WIDTH:0.47946
G1 X111.527 Y118.591 E.0392
G1 X111.245 Y118.129 E.01965
;WIDTH:0.453131
G1 X110.964 Y117.668 E.01842
;WIDTH:0.449061
G1 X109.99 Y115.968 E.06617
;WIDTH:0.439999
G1 X109.72 Y115.5 E.01784
G1 X110.438 Y114.256 E.04742
;WIDTH:0.48771
G1 X110.704 Y113.844 E.01814
;WIDTH:0.53542
G1 X110.969 Y113.432 E.02006
G1 X110.952 Y113.526 E.00391
;WIDTH:0.512213
G1 X110.842 Y114.066 E.0215
;WIDTH:0.476106
G1 X110.732 Y114.607 E.01989
;WIDTH:0.439999
G1 X110.725 Y115.691 E.03579
;WIDTH:0.46915
G1 X110.944 Y116.741 E.03801
G1 X111.416 Y117.682 E.03731
;WIDTH:0.453896
G1 X111.653 Y118.016 E.014
;WIDTH:0.47946
G1 X111.89 Y118.35 E.01487
G1 X112.051 Y118.504 E.00809
;WIDTH:0.459813
G1 X112.736 Y119.06 E.03058
;WIDTH:0.439999
G1 X113.545 Y119.61 E.0323
G1 X114.494 Y120.012 E.03403
G1 X115.524 Y120.173 E.03442
;WIDTH:0.422782
G1 X116.584 Y120.131 E.03351
;WIDTH:0.439999
G1 X117.419 Y119.924 E.0284
G1 X117.937 Y119.683 E.01886
G1 X118.54 Y119.353 E.0227
G1 X118.978 Y119.013 E.01831
;WIDTH:0.483148
G1 X119.194 Y118.833 E.01029
;WIDTH:0.526296
G1 X119.365 Y118.691 E.00893
G1 E-3.5 F3600
;WIPE_START
G1 F7200
G1 X119.411 Y118.652 E-.02865
G1 X119.288 Y118.907 E-.13448
G1 X119.166 Y119.161 E-.13385
G1 X118.39 Y120.506 E-.73758
G1 X117.41 Y120.513 E-.46544
;WIPE_END
G1 X120.498 Y116.773 F9000
G1 E5 F2400
;WIDTH:0.522278
G1 F900
G1 X120.495 Y116.78 E.0003
;WIDTH:0.52094
G1 X120.37 Y117.04 E.01147
;WIDTH:0.476286
G1 X120.246 Y117.3 E.01038
;WIDTH:0.431632
G1 X120.002 Y117.749 E.01652
;WIDTH:0.434916
G1 X119.732 Y118.187 E.01677
;WIDTH:0.480606
G1 X119.571 Y118.419 E.01028
;WIDTH:0.526296
G1 X119.411 Y118.652 E.01136
G1 E-3.5 F3600
;WIPE_START
G1 F7200
G1 X119.571 Y118.419 E-.13426
G1 X119.732 Y118.187 E-.13414
G1 X120.002 Y117.749 E-.2444
G1 X120.246 Y117.3 E-.24273
G1 X120.37 Y117.04 E-.13683
G1 X120.495 Y116.78 E-.13703
G1 X120.498 Y116.773 E-.00362
;WIPE_END
G1 E-.46699 F3600
G1 X118.619 Y120.903 F9000
G1 E5 F2400
;WIDTH:0.439999
G1 F900
G1 X112.381 Y120.903 E.20596
G1 X109.261 Y115.5 E.206
G1 X112.381 Y110.097 E.206
G1 X114.329 Y110.097 E.06432
;WIDTH:0.484733
G1 X114.617 Y110.119 E.01061
;WIDTH:0.529466
G1 X114.906 Y110.142 E.01173
G1 X115.484 Y110.124 E.0234
;WIDTH:0.494453
G1 X116.05 Y110.123 E.02125
;WIDTH:0.515367
G1 X116.554 Y110.135 E.0198
G1 X116.852 Y110.116 E.01173
;WIDTH:0.477683
G1 X117.149 Y110.097 E.01076
;WIDTH:0.439999
G1 X118.619 Y110.097 E.04854
G1 X119.246 Y111.182 E.04138
;WIDTH:0.469555
G1 X119.383 Y111.449 E.01065
;WIDTH:0.499111
G1 X119.52 Y111.716 E.01138
G1 X119.831 Y112.218 E.0224
;WIDTH:0.461995
G1 X120.09 Y112.662 E.01791
;WIDTH:0.480824
G1 X120.362 Y113.157 E.02057
G1 X120.671 Y113.65 E.02119
;WIDTH:0.439999
G1 X121.739 Y115.5 E.07053
G1 X118.649 Y120.851 E.20402
G1 X118.843 Y121.29 F9000
;TYPE:External perimeter
;WIDTH:0.419999
G1 F900
G1 X112.157 Y121.29 E.20963
G1 X108.814 Y115.5 E.20963
G1 X112.157 Y109.71 E.20963
G1 X118.843 Y109.71 E.20963
G1 X122.186 Y115.5 E.20963
G1 X118.873 Y121.238 E.20775
G1 X117.548 Y120.164 F9000
;TYPE:Solid infill
;WIDTH:0.372275
G1 F900
G1 X117.754 Y120.084 E.00605
G1 X118.423 Y119.736 E.02065
G1 X118.501 Y119.77 E.00233
G1 X118.233 Y120.234 E.01467
G1 X117.684 Y120.238 E.01504
G1 E-3.5 F3600
;WIPE_START
G1 F7200
G1 X118.233 Y120.234 E-.26078
G1 X118.501 Y119.77 E-.25452
G1 X118.423 Y119.736 E-.04042
G1 X117.754 Y120.084 E-.3582
G1 X117.548 Y120.164 E-.10497
;WIPE_END
G1 E-.48111 F3600
G1 X110.046 Y115.5 F9000
G1 E5 F2400
;WIDTH:0.393162
G1 F900
G1 X110.374 Y114.932 E.0191
G1 X110.414 Y114.916 E.00125
G1 X110.44 Y114.951 E.00127
G1 X110.426 Y115.527 E.01678
G1 X110.549 Y116.232 E.02084
G1 X110.489 Y116.255 E.00187
G1 X110.146 Y115.671 E.01972
;LAYER_CHANGE
;Z:5
;HEIGHT:0.2
;BEFORE_LAYER_CHANGE
G92 E0
;7.8


G1 E-3.5 F3600
;WIPE_START
G1 F7200
G1 X109.846 Y115.5 E-.23025
G1 X110.289 Y116.255 E-.4158
G1 X110.343 Y116.201 E-.03627
G1 X110.226 Y115.527 E-.32494
G1 X110.24 Y114.951 E-.27368
G1 X110.187 Y114.908 E-.03242
;WIPE_END
G1 E-.18664 F3600
G1 Z5 F9000
;AFTER_LAYER_CHANGE
;7.8
G1 X111.593 Y113.689
G1 E5 F2400
;TYPE:Perimeter
;WIDTH:0.439999
G1 F900
G1 X111.744 Y113.275 E.01455
G1 X112.283 Y112.443 E.03273
G1 X113.007 Y111.743 E.03325
G1 X113.454 Y111.436 E.0179
G1 X113.911 Y111.199 E.017
G1 X114.395 Y111.013 E.01712
G1 X114.9 Y110.882 E.01723
G1 X115.861 Y110.797 E.03185
G1 X116.476 Y110.838 E.02035
G1 X117.012 Y110.945 E.01805
G1 X117.529 Y111.11 E.01792
G1 X117.99 Y111.318 E.0167
G1 X118.5 Y111.616 E.0195
G1 X118.941 Y111.952 E.01831
;WIDTH:0.4721
G1 X119.356 Y112.326 E.01994
G1 X119.706 Y112.769 E.02015
;WIDTH:0.440556
G1 X120.01 Y113.247 E.01873
;WIDTH:0.447091
G1 X120.319 Y113.854 E.02289
G1 X120.444 Y114.382 E.01823
;WIDTH:0.439999
G1 X120.502 Y114.947 E.01875
G1 X120.497 Y115.491 E.01796
G1 X120.429 Y116.066 E.01912
;WIDTH:0.475745
G1 X120.403 Y116.251 E.00672
;WIDTH:0.511491
G1 X120.377 Y116.435 E.00724
;WIDTH:0.547236
G1 X120.352 Y116.62 E.00783
G1 X120.159 Y117.144 E.02342
;WIDTH:0.541697
G1 X119.905 Y117.636 E.02296
;WIDTH:0.53588
G1 X119.613 Y118.1 E.02247
;WIDTH:0.581681
G1 X119.286 Y118.537 E.02445
G1 X119.14 Y118.647 E.00819
;WIDTH:0.534454
G1 X118.993 Y118.756 E.00748
;WIDTH:0.487227
G1 X118.847 Y118.866 E.00675
;WIDTH:0.439999
G1 X118.427 Y119.192 E.01755
G1 X117.976 Y119.466 E.01742
G1 X117.5 Y119.687 E.01733
G1 X117.007 Y119.851 E.01715
G1 X116.502 Y119.957 E.01704
G1 X115.992 Y120.006 E.01692
G1 X115.484 Y119.997 E.01678
G1 X114.531 Y119.818 E.03202
G1 X113.624 Y119.429 E.03258
G1 X112.841 Y118.857 E.03202
G1 X112.216 Y118.136 E.0315
G1 X111.775 Y117.307 E.031
G1 X111.388 Y116.078 E.04254
G1 X111.316 Y115.416 E.02199
G1 X111.296 Y115.013 E.01332
G1 X111.41 Y114.191 E.0274
G1 X111.572 Y113.745 E.01567
G1 X111.951 Y113.824 F9000
;TYPE:External perimeter
;WIDTH:0.419999
G1 F900
G1 X112.105 Y113.413 E.01376
G1 X112.605 Y112.659 E.02837
G1 X113.272 Y112.025 E.02885
G1 X113.686 Y111.748 E.01562
G1 X114.106 Y111.535 E.01477
G1 X114.551 Y111.369 E.01489
G1 X115.026 Y111.252 E.01534
G1 X115.892 Y111.183 E.02724
G1 X116.446 Y111.224 E.01742
G1 X116.954 Y111.329 E.01626
G1 X117.427 Y111.486 E.01563
G1 X117.884 Y111.697 E.01578
G1 X118.317 Y111.96 E.01588
G1 X118.721 Y112.272 E.016
G1 X119.09 Y112.631 E.01614
G1 X119.419 Y113.032 E.01626
G1 X119.693 Y113.453 E.01575
G1 X119.966 Y114.023 E.01982
G1 X120.068 Y114.483 E.01477
G1 X120.117 Y114.984 E.01578
G1 X120.11 Y115.485 E.01571
G1 X120.045 Y116.017 E.0168
G1 X119.924 Y116.515 E.01607
G1 X119.749 Y116.992 E.01593
G1 X119.523 Y117.443 E.01582
G1 X119.249 Y117.862 E.0157
G1 X118.919 Y118.26 E.01621
G1 X118.563 Y118.601 E.01546
G1 X118.174 Y118.896 E.01531
G1 X117.735 Y119.155 E.01598
G1 X117.32 Y119.342 E.01427
G1 X116.867 Y119.488 E.01492
G1 X116.403 Y119.581 E.01484
G1 X115.937 Y119.621 E.01466
G1 X115.462 Y119.606 E.0149
G1 X114.605 Y119.438 E.02738
G1 X113.782 Y119.076 E.02819
G1 X113.074 Y118.548 E.02769
G1 X112.512 Y117.887 E.0272
G1 X112.12 Y117.13 E.02673
G1 X111.757 Y115.96 E.03841
G1 X111.734 Y115.715 E.00772
M204 S250
;TYPE:Overhang perimeter
;WIDTH:0.389872
;HEIGHT:0.389872
G1 F1500
G1 X111.697 Y115.31 E.02018
M204 S500
;TYPE:External perimeter
;WIDTH:0.419999
;HEIGHT:0.2
G1 F900
G1 X111.679 Y115.066 E.00767
G1 X111.711 Y114.839 E.00719
M204 S250
;TYPE:Overhang perimeter
;WIDTH:0.389872
;HEIGHT:0.389872
G1 F1500
G1 X111.754 Y114.525 E.01573
M204 S500
;TYPE:External perimeter
;WIDTH:0.419999
;HEIGHT:0.2
G1 F900
G1 X111.793 Y114.244 E.00889
G1 X111.923 Y113.899 E.01156
M204 S250
;TYPE:Overhang perimeter
;WIDTH:0.389872
;HEIGHT:0.389872
G1 F1500
G1 X111.93 Y113.881 E.00096
M204 S500
G1 E-3.5 F3600
;WIPE_START
G1 F7200
G1 X111.951 Y113.824 E-.02885
G1 X112.105 Y113.413 E-.20848
G1 X112.605 Y112.659 E-.42974
G1 X113.272 Y112.025 E-.43711
G1 X113.686 Y111.748 E-.23661
G1 X113.985 Y111.596 E-.15921
;WIPE_END
G1 X116.625 Y110.479 F9000
G1 E5 F2400
;TYPE:Perimeter
;WIDTH:0.440473
;HEIGHT:0.2
G1 F900
G1 X116.862 Y110.499 E.00786
;WIDTH:0.480815
G1 X117.099 Y110.52 E.00866
G1 X118.382 Y110.521 E.04672
G1 X118.874 Y111.373 E.03582
G1 X118.3 Y111.008 E.02477
G1 X117.763 Y110.755 E.02161
G1 X117.205 Y110.565 E.02146
G1 X116.915 Y110.522 E.01067
;WIDTH:0.440473
G1 X116.684 Y110.488 E.00772
G1 X114.875 Y110.489 F9000
;WIDTH:0.424688
G1 F900
G1 X114.964 Y110.484 E.00283
;WIDTH:0.413318
G1 X115.472 Y110.467 E.01565
;WIDTH:0.377961
G1 X115.979 Y110.45 E.01413
;WIDTH:0.371367
G1 X116.302 Y110.464 E.00883
;WIDTH:0.40013
G1 X116.625 Y110.479 E.0096
G1 E-3.5 F3600
;WIPE_START
G1 F7200
G1 X116.302 Y110.464 E-.15359
G1 X115.979 Y110.45 E-.15357
G1 X115.472 Y110.467 E-.24096
G1 X114.964 Y110.484 E-.24144
G1 X114.875 Y110.489 E-.04234
;WIPE_END
G1 E-.6681 F3600
G1 X120.875 Y114.779 F9000
G1 E5 F2400
;WIDTH:0.420577
G1 F900
G1 X121.291 Y115.5 E.02614
G1 X120.733 Y116.468 E.03509
G1 X120.813 Y116.116 E.01134
G1 X120.885 Y115.497 E.01957
G1 X120.876 Y114.839 E.02066
G1 E-3.5 F3600
;WIPE_START
G1 F7200
G1 X120.875 Y114.779 E-.0285
G1 X121.291 Y115.5 E-.39539
G1 X120.733 Y116.468 E-.53072
G1 X120.813 Y116.116 E-.17146
G1 X120.885 Y115.497 E-.29601
G1 X120.883 Y115.333 E-.07792
;WIPE_END
G1 X118.975 Y119.358 F9000
G1 E5 F2400
;WIDTH:0.57512
G1 F900
G1 X118.351 Y120.438 E.0552
G1 X117.173 Y120.438 E.05213
;WIDTH:0.594322
G1 X116.597 Y120.425 E.02642
G1 X117.15 Y120.292 E.02608
;WIDTH:0.57512
G1 X117.693 Y120.109 E.02536
G1 X118.214 Y119.865 E.02546
G1 X118.925 Y119.391 E.03781
G1 E-3.5 F3600
;WIPE_START
G1 F7200
G1 X118.975 Y119.358 E-.02846
G1 X118.351 Y120.438 E-.59247
G1 X117.173 Y120.438 E-.55955
G1 X116.597 Y120.425 E-.27367
G1 X116.691 Y120.403 E-.04585
;WIPE_END
G1 X115.298 Y120.44 F9000
G1 E5 F2400
;WIDTH:0.571206
G1 F900
G1 X115.007 Y120.462 E.01282
;WIDTH:0.527471
G1 X114.716 Y120.484 E.01176
;WIDTH:0.483735
G1 X114.425 Y120.506 E.0107
;WIDTH:0.439999
G1 X112.61 Y120.506 E.05993
G1 X111.952 Y119.367 E.04343
;WIDTH:0.461118
G1 X111.414 Y118.413 E.03809
;WIDTH:0.48175
G1 X111.018 Y117.706 E.02957
G1 X110.654 Y117.118 E.02523
;WIDTH:0.439999
G1 X109.72 Y115.5 E.06168
G1 X110.722 Y113.757 E.06638
;WIDTH:0.433799
G1 X110.98 Y113.275 E.01777
;WIDTH:0.397173
G1 X111.237 Y112.793 E.01609
;WIDTH:0.391161
G1 X111.529 Y112.317 E.01617
;WIDTH:0.421775
G1 X111.822 Y111.841 E.01761
;WIDTH:0.439999
G1 X112.61 Y110.495 E.0515
G1 X114.875 Y110.489 E.07478
;WIDTH:0.42745
G1 X114.805 Y110.503 E.00228
;WIDTH:0.439999
G1 X114.255 Y110.641 E.01872
G1 X113.73 Y110.845 E.0186
G1 X113.235 Y111.105 E.01846
G1 X112.735 Y111.454 E.02013
G1 X112.101 Y112.062 E.029
;WIDTH:0.421775
G1 X111.974 Y112.236 E.00679
;WIDTH:0.389294
G1 X111.407 Y113.146 E.03088
;WIDTH:0.40004
G1 X111.241 Y113.536 E.01259
;WIDTH:0.433799
G1 X111.074 Y113.925 E.01376
;WIDTH:0.438229
G1 X111.018 Y114.136 E.00718
;WIDTH:0.439999
G1 X110.902 Y114.958 E.02741
G1 X110.921 Y115.451 E.01629
G1 X111.01 Y116.198 E.02484
;WIDTH:0.46926
G1 X111.168 Y116.762 E.02076
;WIDTH:0.49852
G1 X111.326 Y117.325 E.02215
G1 X111.403 Y117.497 E.00714
;WIDTH:0.48175
G1 X111.9 Y118.4 E.03761
;WIDTH:0.469237
G1 X112.602 Y119.174 E.03704
;WIDTH:0.439999
G1 X113.462 Y119.792 E.03497
G1 X114.454 Y120.208 E.03552
;WIDTH:0.483735
G1 X114.735 Y120.285 E.01068
;WIDTH:0.527471
G1 X115.017 Y120.363 E.01179
;WIDTH:0.571206
G1 X115.24 Y120.424 E.01016
G1 X116.568 Y120.428 F9000
;WIDTH:0.595816
G1 F900
G1 X116.479 Y120.434 E.0041
;WIDTH:0.584058
G1 X115.916 Y120.455 E.02535
;WIDTH:0.571206
G1 X115.298 Y120.44 E.02715
G1 E-3.5 F3600
;WIPE_START
G1 F7200
G1 X115.916 Y120.455 E-.29364
G1 X116.479 Y120.434 E-.26761
G1 X116.568 Y120.428 E-.04237
;WIPE_END
G1 E-.89638 F3600
G1 X112.381 Y120.903 F9000
G1 E5 F2400
;WIDTH:0.439999
G1 F900
G1 X109.261 Y115.5 E.206
G1 X112.38 Y110.097 E.20598
G1 X118.623 Y110.104 E.20613
G1 X119.49 Y111.604 E.0572
;WIDTH:0.481843
G1 X119.765 Y112.122 E.0214
G1 X120.077 Y112.617 E.02136
;WIDTH:0.435795
G1 X120.383 Y113.135 E.01965
;WIDTH:0.447091
G1 X120.975 Y114.178 E.0403
;WIDTH:0.439999
G1 X121.739 Y115.5 E.05041
G1 X121.194 Y116.443 E.03596
;WIDTH:0.48769
G1 X121.075 Y116.603 E.00737
;WIDTH:0.535381
G1 X120.955 Y116.763 E.00819
;WIDTH:0.583071
G1 X120.835 Y116.923 E.00898
G1 X120.562 Y117.441 E.0263
;WIDTH:0.536121
G1 X120.303 Y117.906 E.02183
;WIDTH:0.53588
G1 X120.033 Y118.359 E.02162
;WIDTH:0.582045
G1 X119.724 Y118.847 E.02589
G1 X119.649 Y119.024 E.00862
;WIDTH:0.534697
G1 X119.575 Y119.201 E.00784
;WIDTH:0.487348
G1 X119.5 Y119.377 E.00707
;WIDTH:0.439999
G1 X118.619 Y120.903 E.05818
G1 X112.441 Y120.903 E.20398
G1 X112.157 Y121.29 F9000
;TYPE:External perimeter
;WIDTH:0.419999
G1 F900
G1 X108.814 Y115.5 E.20963
G1 X112.157 Y109.71 E.20963
G1 X118.847 Y109.717 E.20976
G1 X122.186 Y115.5 E.20938
G1 X118.843 Y121.29 E.20963
G1 X112.217 Y121.29 E.20775
G1 E-3.5 F3600
;WIPE_START
G1 F7200
G1 X112.157 Y121.29 E-.0285
G1 X110.608 Y118.607 E-1.4715
;WIPE_END
G1 X110.692 Y116.162 F9000
G1 E5 F2400
;TYPE:Internal infill
;WIDTH:0.44
G1 F900
G1 X110.592 Y115.198 E.032
G1 X110.621 Y114.763 E.01439
G1 X110.326 Y115.058 E.01377
G1 X110.073 Y115.5 E.01682
G1 X110.33 Y115.946 E.017
G1 X110.739 Y116.355 E.0191
G1 X110.92 Y116.925 E.01975
G1 X110.429 Y116.118 E.03119
G1 E-3.5 F3600
;WIPE_START
G1 F7200
G1 X110.92 Y116.925 E-.4487
G1 X110.739 Y116.355 E-.28407
G1 X110.33 Y115.946 E-.27475
G1 X110.073 Y115.5 E-.24451
G1 X110.326 Y115.058 E-.24191
G1 X110.335 Y115.049 E-.00606
;WIPE_END
G1 X112.822 Y110.824 F9000
G1 E5 F2400
;TYPE:Solid infill
;WIDTH:0.628934
G1 F900
G1 X112.77 Y110.876 E.00358
G1 X112.789 Y110.947 E.00358
G1 X112.859 Y110.966 E.00353
G1 X112.911 Y110.914 E.00358
G1 X112.892 Y110.843 E.00358
;LAYER_CHANGE
;Z:5.2
;HEIGHT:0.2
;BEFORE_LAYER_CHANGE
G92 E0
;8


G1 E-3.5 F3600
;WIPE_START
G1 F7200
G1 X112.911 Y110.914 E-.03491
G1 X112.859 Y110.966 E-.03493
G1 X112.789 Y110.947 E-.03445
G1 X112.77 Y110.876 E-.03491
G1 X112.822 Y110.824 E-.03493
;WIPE_END
G1 E-1.32587 F3600
G1 Z5.2 F9000
;AFTER_LAYER_CHANGE
;8
G1 X113.584 Y111.626
G1 E5 F2400
;TYPE:Perimeter
;WIDTH:0.439999
G1 F900
G1 X113.946 Y111.405 E.014
G1 X114.889 Y111.09 E.03283
G1 X115.804 Y110.997 E.03037
G1 X116.426 Y111.033 E.02057
G1 X116.944 Y111.133 E.01742
G1 X117.44 Y111.29 E.01718
G1 X117.905 Y111.497 E.01681
G1 X118.373 Y111.772 E.01792
G1 X118.798 Y112.092 E.01757
;WIDTH:0.474874
G1 X118.94 Y112.202 E.00645
;WIDTH:0.509749
G1 X119.082 Y112.312 E.00697
;WIDTH:0.544624
G1 X119.223 Y112.423 E.00749
G1 X119.574 Y112.841 E.02277
;WIDTH:0.54143
G1 X119.87 Y113.304 E.02278
;WIDTH:0.536122
G1 X120.129 Y113.793 E.02269
;WIDTH:0.583073
G1 X120.348 Y114.306 E.02505
G1 X120.371 Y114.494 E.00851
;WIDTH:0.535382
G1 X120.394 Y114.682 E.00776
;WIDTH:0.487691
G1 X120.417 Y114.87 E.007
;WIDTH:0.439999
G1 X120.492 Y115.425 E.01849
G1 X120.505 Y115.988 E.01859
G1 X120.453 Y116.554 E.01877
;WIDTH:0.451793
G1 X120.342 Y117.096 E.01881
G1 X120.047 Y117.689 E.02252
;WIDTH:0.435796
G1 X119.742 Y118.178 E.01883
;WIDTH:0.481844
G1 X119.405 Y118.628 E.02052
G1 X118.99 Y119.006 E.02049
;WIDTH:0.439999
G1 X118.553 Y119.347 E.0183
G1 X118.084 Y119.635 E.01817
G1 X117.589 Y119.866 E.01804
G1 X117.075 Y120.039 E.01791
G1 X116.548 Y120.152 E.0178
G1 X116.017 Y120.204 E.01762
G1 X115.486 Y120.197 E.01753
G1 X114.964 Y120.13 E.01738
G1 X114.457 Y120.006 E.01723
G1 X113.97 Y119.827 E.01713
G1 X113.51 Y119.596 E.017
G1 X113.083 Y119.317 E.01684
G1 X112.692 Y118.994 E.01674
G1 X112.061 Y118.262 E.03191
G1 X111.596 Y117.396 E.03245
G1 X111.342 Y116.463 E.03193
G1 X111.303 Y115.513 E.03139
G1 X111.475 Y114.593 E.0309
G1 X111.741 Y113.775 E.0284
G1 X111.952 Y113.298 E.01722
G1 X112.423 Y112.587 E.02816
G1 X113.111 Y111.914 E.03178
G1 X113.532 Y111.657 E.01629
G1 X113.777 Y111.956 F9000
;TYPE:External perimeter
;WIDTH:0.419999
G1 F900
G1 X114.143 Y111.738 E.01336
G1 X115.006 Y111.459 E.02844
G1 X115.837 Y111.383 E.02616
G1 X116.399 Y111.419 E.01766
G1 X116.887 Y111.518 E.01561
G1 X117.34 Y111.666 E.01494
G1 X117.777 Y111.866 E.01507
G1 X118.192 Y112.116 E.01519
G1 X118.579 Y112.413 E.0153
G1 X118.933 Y112.755 E.01543
G1 X119.249 Y113.138 E.01557
G1 X119.523 Y113.557 E.0157
G1 X119.749 Y114.008 E.01582
G1 X119.924 Y114.485 E.01593
G1 X120.045 Y114.983 E.01607
G1 X120.11 Y115.495 E.01618
G1 X120.117 Y116.016 E.01634
G1 X120.068 Y116.517 E.01578
G1 X119.966 Y116.977 E.01477
G1 X119.705 Y117.526 E.01906
G1 X119.419 Y117.968 E.01651
G1 X119.09 Y118.369 E.01626
G1 X118.721 Y118.728 E.01614
G1 X118.317 Y119.04 E.016
G1 X117.884 Y119.303 E.01588
G1 X117.427 Y119.514 E.01578
G1 X116.933 Y119.676 E.0163
G1 X116.449 Y119.776 E.0155
G1 X115.96 Y119.82 E.01539
G1 X115.473 Y119.808 E.01527
G1 X114.995 Y119.743 E.01513
G1 X114.531 Y119.625 E.01501
G1 X114.087 Y119.456 E.0149
G1 X113.492 Y119.124 E.02136
G1 X112.941 Y118.698 E.02184
G1 X112.356 Y118.012 E.02827
G1 X111.94 Y117.218 E.02811
G1 X111.717 Y116.367 E.02758
G1 X111.69 Y115.503 E.0271
G1 X111.855 Y114.671 E.02659
G1 X112.109 Y113.896 E.02557
G1 X112.294 Y113.482 E.01422
G1 X112.745 Y112.801 E.02561
G1 X113.377 Y112.195 E.02745
G1 X113.726 Y111.987 E.01274
G1 E-3.5 F3600
;WIPE_START
G1 F7200
G1 X113.777 Y111.956 E-.02835
G1 X114.143 Y111.738 E-.20235
G1 X115.006 Y111.459 E-.43081
G1 X115.837 Y111.383 E-.39637
G1 X116.399 Y111.419 E-.2675
G1 X116.759 Y111.492 E-.17462
;WIPE_END
G1 X116.596 Y120.526 F9000
G1 E5 F2400
;TYPE:Perimeter
;WIDTH:0.399366
G1 F900
G1 X116.322 Y120.54 E.00813
;WIDTH:0.372614
G1 X116.049 Y120.553 E.00749
;WIDTH:0.351922
G1 X115.479 Y120.55 E.01465
;WIDTH:0.38692
G1 X115.196 Y120.532 E.00811
;WIDTH:0.421918
G1 X114.912 Y120.515 E.00897
G1 E-3.5 F3600
;WIPE_START
G1 F7200
G1 X115.196 Y120.532 E-.13514
G1 X115.479 Y120.55 E-.1347
G1 X116.049 Y120.553 E-.27075
G1 X116.322 Y120.54 E-.12982
G1 X116.596 Y120.526 E-.13032
;WIPE_END
G1 E-.69927 F3600
G1 X117.004 Y120.484 F9000
G1 E5 F2400
;WIDTH:0.482828
G1 F900
G1 X117.205 Y120.436 E.00756
G1 X117.764 Y120.246 E.0216
G1 X118.3 Y119.993 E.02168
G1 X118.871 Y119.631 E.02473
G1 X118.378 Y120.484 E.03604
G1 X117.064 Y120.484 E.04806
G1 E-3.5 F3600
;WIPE_START
G1 F7200
G1 X117.004 Y120.484 E-.0285
G1 X117.205 Y120.436 E-.09816
G1 X117.764 Y120.246 E-.28044
G1 X118.3 Y119.993 E-.28154
G1 X118.871 Y119.631 E-.32114
G1 X118.378 Y120.484 E-.46798
G1 X118.331 Y120.484 E-.02224
;WIPE_END
G1 X120.875 Y116.221 F9000
G1 E5 F2400
;WIDTH:0.420577
G1 F900
G1 X120.892 Y115.982 E.00752
G1 X120.876 Y115.375 E.01907
G1 X120.733 Y114.532 E.02685
G1 X121.291 Y115.5 E.03509
G1 X120.905 Y116.169 E.02425
G1 E-3.5 F3600
;WIPE_START
G1 F7200
G1 X120.875 Y116.221 E-.02852
G1 X120.892 Y115.982 E-.11381
G1 X120.876 Y115.375 E-.28843
G1 X120.733 Y114.532 E-.40615
G1 X121.291 Y115.5 E-.53072
G1 X121.152 Y115.741 E-.13237
;WIPE_END
G1 X118.981 Y111.649 F9000
G1 E5 F2400
;WIDTH:0.571707
G1 F900
G1 X118.708 Y111.44 E.01512
G1 X118.214 Y111.137 E.02548
G1 X117.692 Y110.892 E.02535
G1 X117.15 Y110.709 E.02515
;WIDTH:0.593042
G1 X116.596 Y110.579 E.02603
G1 X117.048 Y110.569 E.02068
;WIDTH:0.571707
G1 X118.359 Y110.571 E.05764
G1 X118.951 Y111.597 E.05208
G1 E-3.5 F3600
;WIPE_START
G1 F7200
G1 X118.981 Y111.649 E-.02852
G1 X118.708 Y111.44 E-.16331
G1 X118.214 Y111.137 E-.27527
G1 X117.692 Y110.892 E-.2739
G1 X117.15 Y110.709 E-.27173
G1 X116.596 Y110.579 E-.2703
G1 X117.048 Y110.569 E-.21475
G1 X117.053 Y110.569 E-.00222
;WIPE_END
G1 X114.881 Y110.591 F9000
G1 E5 F2400
;WIDTH:0.622762
G1 F900
G1 X114.816 Y110.623 E.00349
;WIDTH:0.589424
G1 X114.752 Y110.656 E.00327
;WIDTH:0.556086
G1 X114.416 Y110.792 E.01547
;WIDTH:0.517391
G1 X114.08 Y110.927 E.01429
;WIDTH:0.478695
G1 X113.744 Y111.063 E.01313
;WIDTH:0.439999
G1 X112.838 Y111.626 E.03522
;WIDTH:0.485805
G1 X112.073 Y112.355 E.03891
G1 X111.551 Y113.189 E.03623
;WIDTH:0.485331
G1 X111.343 Y113.644 E.0184
G1 X111.086 Y114.514 E.03337
;WIDTH:0.439999
G1 X110.906 Y115.523 E.03384
G1 X110.957 Y116.562 E.03435
G1 X111.113 Y117.063 E.01733
;WIDTH:0.41091
G1 X111.27 Y117.565 E.01609
;WIDTH:0.381821
G1 X111.784 Y118.497 E.02999
;WIDTH:0.405455
G1 X112.111 Y118.898 E.0156
;WIDTH:0.439999
G1 X112.437 Y119.299 E.01706
G1 X112.863 Y119.648 E.01818
G1 X113.329 Y119.95 E.01833
G1 X113.83 Y120.199 E.01847
G1 X114.36 Y120.391 E.01861
G1 X114.912 Y120.515 E.01868
G1 X112.61 Y120.506 E.07601
G1 X111.983 Y119.42 E.0414
G1 X111.687 Y118.946 E.01845
;WIDTH:0.401025
G1 X111.391 Y118.472 E.01664
;WIDTH:0.402103
G1 X110.854 Y117.503 E.03309
;WIDTH:0.439999
G1 X109.72 Y115.5 E.076
G1 X110.51 Y114.132 E.05216
;WIDTH:0.484489
G1 X110.984 Y113.354 E.03345
G1 X111.277 Y112.823 E.02227
;WIDTH:0.460415
G1 X111.821 Y111.874 E.03797
;WIDTH:0.453925
G1 X112.232 Y111.149 E.02848
;WIDTH:0.439999
G1 X112.609 Y110.495 E.02492
G1 X113.871 Y110.497 E.04167
;WIDTH:0.48569
G1 X114.124 Y110.521 E.00936
;WIDTH:0.531381
G1 X114.376 Y110.544 E.01028
;WIDTH:0.577072
G1 X114.629 Y110.567 E.01128
;WIDTH:0.622762
G1 X114.821 Y110.585 E.0093
G1 X114.881 Y110.591 F9000
G1 F900
G1 X115.323 Y110.571 E.02133
;WIDTH:0.581843
G1 X115.765 Y110.551 E.01983
;WIDTH:0.57457
G1 X116.457 Y110.569 E.0306
;WIDTH:0.593042
G1 X116.596 Y110.579 E.00637
G1 E-3.5 F3600
;WIPE_START
G1 F7200
G1 X116.457 Y110.569 E-.0662
G1 X115.765 Y110.551 E-.32881
G1 X115.323 Y110.571 E-.21016
G1 X114.881 Y110.591 E-.21016
;WIPE_END
G1 E-.68467 F3600
G1 X118.668 Y110.182 F9000
G1 E5 F2400
;WIDTH:0.439999
G1 F900
G1 X119.5 Y111.623 E.05494
;WIDTH:0.487226
G1 X119.576 Y111.8 E.00712
;WIDTH:0.534452
G1 X119.651 Y111.978 E.00789
;WIDTH:0.581678
G1 X119.726 Y112.156 E.00865
G1 X120.033 Y112.641 E.02571
;WIDTH:0.535879
G1 X120.303 Y113.094 E.02162
;WIDTH:0.536122
G1 X120.562 Y113.559 E.02183
;WIDTH:0.583073
G1 X120.835 Y114.077 E.0263
G1 X120.955 Y114.237 E.00898
;WIDTH:0.535382
G1 X121.075 Y114.397 E.00819
;WIDTH:0.487691
G1 X121.194 Y114.557 E.00737
;WIDTH:0.439999
G1 X121.739 Y115.5 E.03596
G1 X120.975 Y116.822 E.05041
;WIDTH:0.447091
G1 X120.333 Y117.952 E.04368
;WIDTH:0.440557
G1 X120.031 Y118.457 E.01946
;WIDTH:0.482402
G1 X119.761 Y118.883 E.01843
G1 X119.49 Y119.396 E.0212
;WIDTH:0.439999
G1 X118.619 Y120.903 E.05747
G1 X112.381 Y120.903 E.20596
G1 X109.261 Y115.5 E.206
G1 X112.38 Y110.098 E.20595
G1 X118.626 Y110.109 E.20623
G1 X118.638 Y110.13 E.0008
G1 X118.837 Y109.722 F9000
;TYPE:External perimeter
;WIDTH:0.419999
G1 F900
G1 X118.85 Y109.722 E.00041
G1 X122.186 Y115.5 E.20919
G1 X118.843 Y121.29 E.20963
G1 X112.157 Y121.29 E.20963
G1 X108.814 Y115.5 E.20963
G1 X112.157 Y109.71 E.20963
G1 X118.777 Y109.722 E.20757
G1 E-3.5 F3600
;WIPE_START
G1 F7200
G1 X118.837 Y109.722 E-.0285
G1 X118.85 Y109.722 E-.00618
G1 X120.392 Y112.394 E-1.46532
;WIPE_END
G1 X113.54 Y110.797 F9000
G1 E5 F2400
;TYPE:Solid infill
;WIDTH:0.429631
G1 F900
G1 X113.548 Y110.829 E.00106
G1 X112.836 Y111.253 E.02665
G1 X112.313 Y111.709 E.02231
G1 X112.273 Y111.699 E.00133
G1 X112.783 Y110.796 E.03335
G1 X113.341 Y110.797 E.01794
G1 E-3.5 F3600
;WIPE_START
G1 F7200
G1 X112.783 Y110.796 E-.26505
G1 X112.273 Y111.699 E-.49261
G1 X112.313 Y111.709 E-.01958
G1 X112.836 Y111.253 E-.32959
G1 X113.548 Y110.83 E-.39317
;WIPE_END
G1 X110.75 Y114.635 F9000
G1 E5 F2400
;TYPE:Internal infill
;WIDTH:0.44
G1 F900
G1 X110.33 Y115.054 E.01959
G1 E-3.5 F3600
;WIPE_START
G1 F7200
G1 X110.75 Y114.635 E-.2818
;WIPE_END
G1 E-1.2182 F3600
G1 X112.912 Y120.086 F9000
G1 E5 F2400
;TYPE:Solid infill
;WIDTH:0.630176
G1 F900
G1 X112.86 Y120.034 E.00359
G1 X112.789 Y120.053 E.00359
G1 X112.77 Y120.124 E.00359
G1 X112.822 Y120.176 E.00359
G1 X112.893 Y120.157 E.00359
;LAYER_CHANGE
;Z:5.4
;HEIGHT:0.2
;BEFORE_LAYER_CHANGE
G92 E0
;8.4


G1 E-3.5 F3600
;WIPE_START
G1 F7200
G1 X112.912 Y120.124 E-.03491
G1 X112.86 Y120.176 E-.03493
G1 X112.789 Y120.157 E-.03491
G1 X112.77 Y120.086 E-.03491
G1 X112.822 Y120.034 E-.03493
;WIPE_END
G1 E-1.32541 F3600
G1 Z5.4 F9000
;AFTER_LAYER_CHANGE
;8.4
G1 X113.396 Y119.759
G1 E5 F2400
;TYPE:Perimeter
;WIDTH:0.439999
G1 F900
G1 X112.978 Y119.488 E.01645
G1 X112.57 Y119.152 E.01745
G1 X112.204 Y118.776 E.01732
G1 X111.886 Y118.364 E.01718
G1 X111.618 Y117.921 E.01709
G1 X111.403 Y117.456 E.01691
G1 X111.243 Y116.972 E.01683
G1 X111.097 Y116.012 E.03206
G1 X111.165 Y115.026 E.03263
G1 X111.446 Y114.096 E.03208
G1 X111.921 Y113.267 E.03155
G1 X112.478 Y112.566 E.02956
G1 X113.205 Y111.968 E.03108
G1 X114.048 Y111.546 E.03113
G1 X114.926 Y111.285 E.03024
G1 X115.808 Y111.195 E.02927
G1 X116.382 Y111.228 E.01898
G1 X116.875 Y111.321 E.01656
G1 X117.78 Y111.659 E.0319
G1 X118.628 Y112.213 E.03344
G1 X119.029 Y112.584 E.01804
G1 X119.364 Y112.978 E.01708
G1 X119.654 Y113.412 E.01723
G1 X119.896 Y113.879 E.01737
G1 X120.085 Y114.373 E.01746
G1 X120.218 Y114.89 E.01763
G1 X120.292 Y115.423 E.01777
G1 X120.306 Y115.964 E.01787
G1 X120.259 Y116.508 E.01803
G1 X120.15 Y117.046 E.01812
;WIDTH:0.482425
G1 X119.999 Y117.58 E.02028
G1 X119.757 Y118.085 E.02046
;WIDTH:0.461993
G1 X119.471 Y118.568 E.01956
;WIDTH:0.499113
G1 X119.142 Y119.031 E.02155
G1 X118.933 Y119.227 E.01087
;WIDTH:0.469556
G1 X118.724 Y119.424 E.01019
;WIDTH:0.439999
G1 X118.219 Y119.785 E.0205
G1 X117.678 Y120.045 E.01982
G1 X117.143 Y120.227 E.01866
;WIDTH:0.477027
G1 X116.873 Y120.305 E.01014
;WIDTH:0.514054
G1 X116.603 Y120.382 E.011
G1 X116.044 Y120.429 E.02198
;WIDTH:0.494456
G1 X115.488 Y120.424 E.02088
;WIDTH:0.529465
G1 X114.938 Y120.374 E.02234
G1 X114.676 Y120.288 E.01116
;WIDTH:0.484732
G1 X114.414 Y120.202 E.01013
;WIDTH:0.439999
G1 X113.906 Y120.017 E.01785
G1 X113.448 Y119.789 E.01689
G1 X113.597 Y119.415 F9000
;TYPE:External perimeter
;WIDTH:0.419999
G1 F900
G1 X113.452 Y119.336 E.00518
G1 X112.817 Y118.855 E.02498
G1 X112.47 Y118.492 E.01575
G1 X112.182 Y118.111 E.01497
G1 X111.949 Y117.721 E.01424
G1 X111.748 Y117.276 E.01531
G1 X111.605 Y116.823 E.01489
G1 X111.48 Y115.957 E.02743
G1 X111.55 Y115.059 E.02824
G1 X111.815 Y114.214 E.02777
G1 X112.254 Y113.465 E.02722
G1 X112.78 Y112.808 E.02639
G1 X113.446 Y112.271 E.02682
G1 X114.216 Y111.895 E.02687
G1 X115.033 Y111.657 E.02668
G1 X115.843 Y111.581 E.02551
G1 X116.355 Y111.614 E.01609
G1 X116.83 Y111.71 E.01519
G1 X117.641 Y112.021 E.02723
G1 X118.412 Y112.534 E.02904
G1 X118.776 Y112.879 E.01572
G1 X119.08 Y113.244 E.01489
G1 X119.342 Y113.643 E.01497
G1 X119.559 Y114.074 E.01513
G1 X119.729 Y114.529 E.01523
G1 X119.846 Y115.005 E.01537
G1 X119.912 Y115.612 E.01914
G1 X119.873 Y116.471 E.02696
G1 X119.771 Y116.967 E.01588
G1 X119.612 Y117.451 E.01597
G1 X119.398 Y117.919 E.01614
G1 X119.13 Y118.362 E.01623
G1 X118.812 Y118.776 E.01637
G1 X118.447 Y119.154 E.01648
G1 X118 Y119.466 E.01709
G1 X117.515 Y119.694 E.0168
G1 X117.021 Y119.859 E.01633
G1 X116.515 Y119.968 E.01623
G1 X116.004 Y120.018 E.0161
G1 X115.495 Y120.01 E.01596
G1 X114.994 Y119.946 E.01584
G1 X114.507 Y119.826 E.01573
G1 X114.021 Y119.645 E.01626
G1 X113.65 Y119.444 E.01323
G1 X111.83 Y119.039 F9000
;TYPE:Perimeter
;WIDTH:0.555512
G1 F900
G1 X111.69 Y118.829 E.01076
;WIDTH:0.522901
G1 X111.55 Y118.619 E.01007
;WIDTH:0.49029
G1 X111.261 Y118.134 E.021
;WIDTH:0.525024
G1 X111.003 Y117.637 E.02245
;WIDTH:0.542948
G1 X110.953 Y117.533 E.0048
G1 X111.877 Y119.089 F9000
;WIDTH:0.550501
G1 F900
G1 X112.288 Y119.491 E.02426
;WIDTH:0.526407
G1 X112.736 Y119.856 E.02323
G1 X113.228 Y120.168 E.02342
;WIDTH:0.521627
G1 X113.855 Y120.465 E.02762
G1 X112.803 Y120.465 E.04187
;WIDTH:0.526407
G1 X112.55 Y120.316 E.0118
G1 X112.082 Y119.504 E.03768
;WIDTH:0.555512
G1 X111.904 Y119.142 E.01719
G1 E-3.5 F3600
;WIPE_START
G1 F7200
G1 X111.877 Y119.089 E-.02825
G1 X112.288 Y119.491 E-.27308
G1 X112.736 Y119.856 E-.27449
G1 X113.228 Y120.168 E-.27673
G1 X113.855 Y120.465 E-.32955
G1 X113.186 Y120.465 E-.3179
;WIPE_END
G1 X118.401 Y120.267 F9000
G1 E5 F2400
;WIDTH:0.681256
G1 F900
G1 X118.175 Y120.385 E.01353
G1 E-3.5 F3600
;WIPE_START
G1 F7200
G1 X118.401 Y120.267 E-.1211
;WIPE_END
G1 E-1.3789 F3600
G1 X119.411 Y112.349 F9000
G1 E5 F2400
;WIDTH:0.526132
G1 F900
G1 X119.324 Y112.274 E.00462
;WIDTH:0.501122
G1 X119.087 Y112.079 E.01169
;WIDTH:0.470561
G1 X118.85 Y111.884 E.01091
;WIDTH:0.439999
G1 X117.922 Y111.289 E.0364
G1 X116.953 Y110.932 E.0341
G1 X116.408 Y110.846 E.01822
;WIDTH:0.410306
G1 X115.775 Y110.822 E.01935
;WIDTH:0.437042
G1 X114.816 Y110.905 E.03155
;WIDTH:0.439999
G1 X113.876 Y111.189 E.03242
G1 X112.957 Y111.658 E.03407
;WIDTH:0.47386
G1 X112.55 Y111.977 E.01853
;WIDTH:0.507721
G1 X112.142 Y112.295 E.01999
G1 X111.861 Y112.68 E.01842
;WIDTH:0.472825
G1 X111.58 Y113.065 E.01704
;WIDTH:0.44169
G1 X111.067 Y113.975 E.03464
G1 X110.769 Y114.993 E.03517
;WIDTH:0.439999
G1 X110.704 Y116.068 E.03556
G1 X110.829 Y116.934 E.02889
;WIDTH:0.474316
G1 X110.87 Y117.134 E.00732
;WIDTH:0.508632
G1 X110.911 Y117.333 E.00787
;WIDTH:0.542948
G1 X110.953 Y117.533 E.0085
G1 X110.864 Y117.413 E.00621
;WIDTH:0.508632
G1 X110.775 Y117.294 E.00575
;WIDTH:0.474316
G1 X110.686 Y117.174 E.00536
;WIDTH:0.439999
G1 X109.811 Y115.658 E.05779
G1 X109.811 Y115.342 E.01043
G1 X110.824 Y113.58 E.06711
;WIDTH:0.444858
G1 X111.326 Y112.723 E.03319
;WIDTH:0.47629
G1 X111.543 Y112.378 E.01469
;WIDTH:0.507721
G1 X111.76 Y112.034 E.01572
G1 X111.878 Y111.783 E.01072
;WIDTH:0.460594
G1 X112.519 Y110.652 E.04515
;WIDTH:0.439999
G1 X112.792 Y110.494 E.01041
G1 X114.982 Y110.489 E.07231
;WIDTH:0.429214
G1 X115.859 Y110.47 E.02818
;WIDTH:0.410306
G1 X116.421 Y110.479 E.01717
;WIDTH:0.439999
G1 X118.208 Y110.494 E.059
G1 X118.481 Y110.652 E.01041
G1 X119.166 Y111.839 E.04525
;WIDTH:0.483066
G1 X119.289 Y112.094 E.01036
;WIDTH:0.526132
G1 X119.385 Y112.295 E.00895
G1 E-3.5 F3600
;WIPE_START
G1 F7200
G1 X119.411 Y112.349 E-.02847
G1 X119.324 Y112.274 E-.05456
G1 X119.087 Y112.079 E-.14578
G1 X118.85 Y111.884 E-.14578
G1 X117.922 Y111.289 E-.52362
G1 X116.953 Y110.932 E-.49052
G1 X116.722 Y110.896 E-.11127
;WIPE_END
G1 X120.495 Y114.22 F9000
G1 E5 F2400
;WIDTH:0.520938
G1 F900
G1 X120.8 Y114.718 E.02321
;WIDTH:0.490518
G1 X121.098 Y115.235 E.02221
G1 X121.164 Y115.409 E.00693
G1 X121.165 Y115.652 E.00904
;WIDTH:0.487857
G1 X120.684 Y116.486 E.03562
G1 X120.727 Y115.956 E.01967
;WIDTH:0.490518
G1 X120.711 Y115.367 E.02193
G1 X120.627 Y114.788 E.02177
;WIDTH:0.520938
G1 X120.508 Y114.279 E.02078
G1 E-3.5 F3600
;WIPE_START
G1 F7200
G1 X120.495 Y114.22 E-.0287
G1 X120.8 Y114.718 E-.27739
G1 X121.098 Y115.235 E-.28345
G1 X121.164 Y115.409 E-.0884
G1 X121.165 Y115.652 E-.11543
G1 X120.684 Y116.486 E-.45731
G1 X120.726 Y115.963 E-.24932
;WIPE_END
G1 X119.411 Y112.349 F9000
G1 E5 F2400
;WIDTH:0.526132
G1 F900
G1 X119.572 Y112.581 E.01135
;WIDTH:0.48052
G1 X119.732 Y112.813 E.01025
;WIDTH:0.434908
G1 X120.002 Y113.251 E.01677
;WIDTH:0.431636
G1 X120.246 Y113.7 E.01652
;WIDTH:0.476287
G1 X120.37 Y113.96 E.01038
;WIDTH:0.520938
G1 X120.495 Y114.22 E.01147
G1 X121.586 Y115.247 F9000
;WIDTH:0.439999
G1 F900
G1 X121.586 Y115.765 E.0171
G1 X120.671 Y117.35 E.06043
;WIDTH:0.480827
G1 X120.362 Y117.843 E.02119
G1 X120.082 Y118.353 E.02118
;WIDTH:0.465491
G1 X119.785 Y118.859 E.02062
;WIDTH:0.492137
G1 X119.476 Y119.368 E.02224
G1 X119.361 Y119.593 E.00944
;WIDTH:0.466068
G1 X119.246 Y119.818 E.00889
;WIDTH:0.439999
G1 X118.772 Y120.638 E.03127
G1 X118.314 Y120.903 E.01747
G1 X117.149 Y120.903 E.03847
;WIDTH:0.47775
G1 X116.853 Y120.884 E.01072
;WIDTH:0.515501
G1 X116.557 Y120.865 E.01166
G1 X115.986 Y120.878 E.02244
;WIDTH:0.494456
G1 X115.484 Y120.876 E.01885
;WIDTH:0.529465
G1 X114.906 Y120.858 E.0234
G1 X114.617 Y120.881 E.01173
;WIDTH:0.484732
G1 X114.329 Y120.903 E.01061
;WIDTH:0.439999
G1 X112.686 Y120.903 E.05425
G1 X112.228 Y120.638 E.01747
G1 X109.414 Y115.765 E.18579
G1 X109.414 Y115.235 E.0175
G1 X112.228 Y110.362 E.18579
G1 X112.686 Y110.097 E.01747
G1 X118.314 Y110.097 E.18582
G1 X118.772 Y110.362 E.01747
G1 X121.562 Y115.194 E.18422
G1 X121.973 Y115.136 F9000
;TYPE:External perimeter
;WIDTH:0.419999
G1 F900
G1 X121.973 Y115.868 E.02295
G1 X119.055 Y120.922 E.18298
G1 X118.418 Y121.29 E.02307
G1 X112.582 Y121.29 E.18298
G1 X111.945 Y120.922 E.02307
G1 X109.027 Y115.868 E.18298
G1 X109.027 Y115.132 E.02308
G1 X111.945 Y110.078 E.18298
G1 X112.582 Y109.71 E.02307
G1 X118.418 Y109.71 E.18298
G1 X119.055 Y110.078 E.02307
G1 X121.945 Y115.083 E.18121
G1 E-3.5 F3600
;WIPE_START
G1 F7200
G1 X121.973 Y115.136 E-.02847
G1 X121.973 Y115.868 E-.3477
G1 X120.79 Y117.917 E-1.12383
;WIPE_END
G1 X118.086 Y110.756 F9000
G1 E5 F2400
;TYPE:Solid infill
;WIDTH:0.351812
G1 F900
G1 X118.254 Y110.823 E.00465
;WIDTH:0.351301
G1 X118.519 Y111.241 E.01269
G1 X118.45 Y111.305 E.00241
;WIDTH:0.351812
G1 X118.032 Y111.051 E.01256
G1 X117.502 Y110.847 E.01459
G1 X117.519 Y110.756 E.00238
G1 X117.888 Y110.756 E.00948
G1 E-3.5 F3600
;WIPE_START
G1 F7200
G1 X117.519 Y110.756 E-.17527
G1 X117.502 Y110.847 E-.04397
G1 X118.032 Y111.051 E-.26975
G1 X118.45 Y111.305 E-.23233
G1 X118.519 Y111.241 E-.0447
G1 X118.254 Y110.823 E-.23509
G1 X118.086 Y110.756 E-.08591
;WIPE_END
G1 E-.41298 F3600
G1 X113.731 Y110.897 F9000
G1 E5 F2400
;WIDTH:0.478917
G1 F900
G1 X112.973 Y111.266 E.03056
;WIDTH:0.478066
G1 X112.269 Y111.769 E.03131
G1 X112.724 Y110.949 E.03393
;WIDTH:0.478917
G1 X112.88 Y110.819 E.00736
G1 X113.971 Y110.817 E.03955
G1 X113.92 Y110.834 E.00195
G1 E-3.5 F3600
;WIPE_START
G1 F7200
G1 X113.971 Y110.817 E-.02554
G1 X112.88 Y110.819 E-.51823
G1 X112.724 Y110.949 E-.09646
G1 X112.269 Y111.769 E-.44544
G1 X112.973 Y111.266 E-.41098
G1 X112.979 Y111.263 E-.00335
;WIPE_END
G1 X110.52 Y114.802 F9000
G1 E5 F2400
;WIDTH:0.394206
G1 F900
G1 X110.487 Y114.975 E.00514
G1 X110.445 Y115.48 E.0148
G1 X110.422 Y116.018 E.01573
;WIDTH:0.391257
G1 X110.369 Y116.061 E.00198
G1 X110.116 Y115.623 E.01465
;WIDTH:0.394206
G1 X110.094 Y115.418 E.00602
G1 X110.385 Y114.917 E.01692
;LAYER_CHANGE
;Z:5.6
;HEIGHT:0.200001
;BEFORE_LAYER_CHANGE
G92 E0
;8.6


G1 E-3.5 F3600
;WIPE_START
G1 F7200
G1 X110.094 Y115.418 E-.27521
G1 X110.116 Y115.623 E-.09793
G1 X110.369 Y116.061 E-.24026
G1 X110.422 Y116.018 E-.03242
G1 X110.445 Y115.48 E-.25578
G1 X110.487 Y114.975 E-.2407
G1 X110.52 Y114.802 E-.08366
;WIPE_END
G1 E-.27404 F3600
G1 Z5.6 F9000
;AFTER_LAYER_CHANGE
;8.6
G1 X110.977 Y114.942
G1 E5 F2400
;TYPE:Perimeter
;WIDTH:0.439999
G1 F900
G1 X111.092 Y114.478 E.01578
G1 X111.268 Y114.002 E.01676
G1 X111.733 Y113.164 E.03164
G1 X112.323 Y112.414 E.03151
G1 X112.917 Y111.907 E.02578
G1 X113.53 Y111.531 E.02374
G1 X114.452 Y111.196 E.03239
G1 X115.39 Y111.074 E.03123
G1 X115.958 Y111.092 E.01876
G1 X116.455 Y111.172 E.01662
G1 X117.364 Y111.482 E.03171
G1 X118.032 Y111.885 E.02576
G1 X118.312 Y112.077 E.01121
G1 X118.923 Y112.688 E.02853
G1 X119.474 Y113.498 E.03235
G1 X119.877 Y114.386 E.0322
G1 X120.018 Y114.91 E.01792
G1 X120.092 Y115.42 E.01702
G1 X120.107 Y115.938 E.01711
G1 X120.064 Y116.461 E.01733
G1 X119.961 Y116.978 E.01741
;WIDTH:0.489594
G1 X119.931 Y117.154 E.00663
;WIDTH:0.539188
G1 X119.901 Y117.331 E.00741
;WIDTH:0.588782
G1 X119.87 Y117.507 E.00811
G1 X119.635 Y117.997 E.02467
;WIDTH:0.560855
G1 X119.358 Y118.467 E.0235
G1 X119.02 Y118.902 E.02372
;WIDTH:0.545512
G1 X118.954 Y118.947 E.00334
;WIDTH:0.510341
G1 X118.888 Y118.992 E.0031
;WIDTH:0.47517
G1 X118.822 Y119.036 E.00285
;WIDTH:0.439999
G1 X118.315 Y119.507 E.02285
G1 X117.716 Y119.926 E.02414
G1 X117.218 Y120.181 E.01847
G1 X116.69 Y120.378 E.01861
G1 X116.14 Y120.513 E.0187
;WIDTH:0.433191
G1 X115.57 Y120.571 E.01859
;WIDTH:0.429503
G1 X114.924 Y120.523 E.02082
;WIDTH:0.439999
G1 X114.372 Y120.397 E.01869
G1 X113.842 Y120.206 E.0186
G1 X113.341 Y119.959 E.01844
G1 X112.874 Y119.658 E.01834
G1 X112.447 Y119.31 E.01819
;WIDTH:0.474145
G1 X112.243 Y119.126 E.00985
;WIDTH:0.508291
G1 X112.04 Y118.942 E.0106
;WIDTH:0.547886
G1 X111.962 Y118.877 E.00426
;WIDTH:0.58748
G1 X111.885 Y118.812 E.00456
G1 X111.4 Y118.06 E.04052
;WIDTH:0.580909
G1 X111.16 Y117.574 E.02425
G1 X111.125 Y117.396 E.00812
;WIDTH:0.533939
G1 X111.09 Y117.218 E.00741
;WIDTH:0.486969
G1 X111.055 Y117.041 E.00666
;WIDTH:0.439999
G1 X110.946 Y116.525 E.01741
G1 X110.895 Y116.004 E.01728
G1 X110.903 Y115.496 E.01677
G1 X110.966 Y115.001 E.01648
G1 X111.37 Y115.019 F9000
;TYPE:External perimeter
;WIDTH:0.419999
G1 F900
G1 X111.467 Y114.573 E.01431
G1 X111.642 Y114.113 E.01543
G1 X112.071 Y113.353 E.02736
G1 X112.625 Y112.655 E.02794
G1 X113.164 Y112.205 E.02202
G1 X113.729 Y111.863 E.02071
G1 X114.579 Y111.562 E.02827
G1 X115.434 Y111.458 E.02701
G1 X115.94 Y111.479 E.01588
G1 X116.421 Y111.562 E.0153
G1 X117.236 Y111.847 E.02707
G1 X118.038 Y112.351 E.0297
G1 X118.649 Y112.962 E.02709
G1 X119.151 Y113.712 E.0283
G1 X119.523 Y114.543 E.02855
G1 X119.667 Y115.174 E.02029
G1 X119.72 Y115.947 E.02429
G1 X119.675 Y116.447 E.01574
G1 X119.577 Y116.921 E.01518
G1 X119.424 Y117.384 E.01529
G1 X119.219 Y117.83 E.01539
G1 X118.75 Y118.532 E.02647
G1 X118.322 Y118.997 E.01982
G1 X117.932 Y119.322 E.01592
G1 X117.504 Y119.602 E.01604
G1 X117.044 Y119.835 E.01617
G1 X116.557 Y120.015 E.01628
G1 X116.049 Y120.141 E.01641
G1 X115.524 Y120.209 E.0166
G1 X114.972 Y120.144 E.01743
G1 X114.464 Y120.021 E.01639
G1 X113.975 Y119.843 E.01632
G1 X113.514 Y119.613 E.01615
G1 X113.085 Y119.334 E.01605
G1 X112.693 Y119.012 E.01591
G1 X112.343 Y118.65 E.01579
G1 X111.781 Y117.83 E.03117
G1 X111.568 Y117.364 E.01607
G1 X111.418 Y116.9 E.01529
G1 X111.322 Y116.426 E.01516
G1 X111.28 Y115.948 E.01505
G1 X111.326 Y115.221 E.02284
G1 X111.357 Y115.078 E.00459
G1 X110.576 Y114.863 F9000
;TYPE:Perimeter
;WIDTH:0.475942
G1 F900
G1 X110.558 Y114.918 E.00208
;WIDTH:0.496278
G1 X110.479 Y115.458 E.02057
G1 X110.479 Y115.973 E.01941
;WIDTH:0.47378
G1 X110.524 Y116.498 E.01888
G1 X110.629 Y117.041 E.01981
G1 X110.077 Y116.085 E.03955
;WIDTH:0.47566
G1 X110.046 Y115.94 E.00534
;WIDTH:0.511204
G1 X110.048 Y115.069 E.03392
G1 X110.131 Y114.864 E.00861
;WIDTH:0.482281
G1 X110.214 Y114.658 E.00811
;WIDTH:0.453358
G1 X110.34 Y114.401 E.00977
;WIDTH:0.415568
G1 X110.467 Y114.143 E.00891
;WIDTH:0.377777
G1 X110.751 Y113.608 E.01686
;WIDTH:0.336803
G1 X111.272 Y112.708 E.02541
;WIDTH:0.384324
G1 X111.568 Y112.243 E.01565
;WIDTH:0.431845
G1 X111.864 Y111.778 E.01783
;WIDTH:0.479458
G1 X112.014 Y111.566 E.00943
;WIDTH:0.527071
G1 X112.164 Y111.354 E.01045
;WIDTH:0.574684
G1 X112.314 Y111.141 E.01152
;WIDTH:0.57562
G1 X112.462 Y111.009 E.00878
;WIDTH:0.579043
G1 X113.16 Y110.594 E.0362
G1 X113.401 Y110.552 E.01091
;WIDTH:0.556584
G1 X113.679 Y110.531 E.01191
;WIDTH:0.512815
G1 X113.957 Y110.509 E.0109
;WIDTH:0.469046
G1 X114.236 Y110.487 E.00992
;WIDTH:0.425277
G1 X114.514 Y110.465 E.00887
;WIDTH:0.381507
G1 X115.009 Y110.452 E.01394
;WIDTH:0.356381
G1 X115.505 Y110.44 E.01293
;WIDTH:0.349212
G1 X116.113 Y110.449 E.01549
;WIDTH:0.379523
G1 X116.424 Y110.464 E.00871
;WIDTH:0.409834
G1 X116.735 Y110.479 E.0095
;WIDTH:0.450423
G1 X116.987 Y110.499 E.00857
;WIDTH:0.491012
G1 X117.239 Y110.52 E.00942
;WIDTH:0.531601
G1 X117.491 Y110.54 E.01027
;WIDTH:0.57219
G1 X117.743 Y110.56 E.01113
;WIDTH:0.589212
G1 X118.215 Y110.799 E.02403
G1 X118.636 Y111.069 E.02272
;WIDTH:0.588646
G1 X118.742 Y111.218 E.0083
;WIDTH:0.553588
G1 X118.849 Y111.367 E.00779
;WIDTH:0.51853
G1 X118.955 Y111.515 E.0072
;WIDTH:0.483472
G1 X119.154 Y111.817 E.01325
;WIDTH:0.439664
G1 X119.353 Y112.118 E.0119
;WIDTH:0.395856
G1 X119.552 Y112.419 E.01059
;WIDTH:0.352048
G1 X120.084 Y113.315 E.02678
;WIDTH:0.359337
G1 X120.337 Y113.786 E.01407
;WIDTH:0.391601
G1 X120.59 Y114.256 E.01548
;WIDTH:0.429477
G1 X120.705 Y114.509 E.00893
;WIDTH:0.467352
G1 X120.821 Y114.763 E.00985
;WIDTH:0.505227
G1 X120.936 Y115.016 E.01068
G1 X120.976 Y115.528 E.01974
;WIDTH:0.496036
G1 X120.957 Y116.018 E.01848
;WIDTH:0.481657
G1 X120.38 Y117.018 E.04212
G1 X120.48 Y116.498 E.01932
;WIDTH:0.483258
G1 X120.526 Y115.929 E.0209
;WIDTH:0.495452
G1 X120.513 Y115.363 E.0213
G1 X120.41 Y114.811 E.02113
;WIDTH:0.45335
G1 X120.309 Y114.525 E.01035
;WIDTH:0.413479
G1 X120.209 Y114.238 E.00936
;WIDTH:0.373608
G1 X119.757 Y113.31 E.02838
;WIDTH:0.369758
G1 X119.179 Y112.432 E.02857
;WIDTH:0.411373
G1 X118.996 Y112.229 E.00837
;WIDTH:0.452988
G1 X118.813 Y112.026 E.00932
;WIDTH:0.494603
G1 X118.631 Y111.823 E.01024
;WIDTH:0.536217
G1 X118.448 Y111.62 E.01121
;WIDTH:0.562715
G1 X118.199 Y111.448 E.01308
;WIDTH:0.589212
G1 X117.95 Y111.276 E.01375
G1 X117.514 Y111.052 E.02227
;WIDTH:0.556587
G1 X117.265 Y110.991 E.01095
;WIDTH:0.513867
G1 X117.015 Y110.93 E.01008
;WIDTH:0.471147
G1 X116.766 Y110.868 E.00914
;WIDTH:0.428427
G1 X116.517 Y110.807 E.00822
;WIDTH:0.385707
G1 X115.974 Y110.744 E.01558
;WIDTH:0.342138
G1 X115.35 Y110.732 E.01553
;WIDTH:0.372033
G1 X114.838 Y110.784 E.01408
;WIDTH:0.409834
G1 X114.325 Y110.836 E.01573
;WIDTH:0.458751
G1 X114.046 Y110.908 E.00996
;WIDTH:0.507668
G1 X113.766 Y110.98 E.01117
;WIDTH:0.556584
G1 X113.486 Y111.052 E.01235
;WIDTH:0.586073
G1 X113.078 Y111.255 E.02058
G1 X112.629 Y111.557 E.02444
;WIDTH:0.551473
G1 X112.428 Y111.764 E.0122
;WIDTH:0.501485
G1 X112.228 Y111.971 E.01098
;WIDTH:0.451497
G1 X112.027 Y112.178 E.0098
;WIDTH:0.401509
G1 X111.731 Y112.587 E.01505
;WIDTH:0.366183
G1 X111.435 Y112.996 E.01357
;WIDTH:0.34187
G1 X110.942 Y113.879 E.02514
;WIDTH:0.391601
G1 X110.73 Y114.386 E.01593
;WIDTH:0.433772
G1 X110.644 Y114.652 E.00909
;WIDTH:0.475942
G1 X110.594 Y114.806 E.00583
G1 E-3.5 F3600
;WIPE_START
G1 F7200
G1 X110.576 Y114.863 E-.02839
G1 X110.558 Y114.918 E-.02749
G1 X110.479 Y115.458 E-.25923
G1 X110.479 Y115.973 E-.24463
G1 X110.524 Y116.498 E-.25029
G1 X110.629 Y117.041 E-.2627
G1 X110.179 Y116.262 E-.42727
;WIPE_END
G1 X113.257 Y120.438 F9000
G1 E5 F2400
;WIDTH:0.622214
G1 F900
G1 X112.779 Y120.18 E.02616
;WIDTH:0.64811
G1 X112.386 Y119.911 E.02397
G1 X112.289 Y119.789 E.00784
;WIDTH:0.601409
G1 X112.192 Y119.668 E.0072
;WIDTH:0.554707
G1 X112.095 Y119.546 E.00663
;WIDTH:0.508006
G1 X111.998 Y119.425 E.006
;WIDTH:0.461304
G1 X111.901 Y119.303 E.00542
G1 E-3.5 F3600
;WIPE_START
G1 F7200
G1 X111.998 Y119.425 E-.07403
G1 X112.095 Y119.546 E-.07366
G1 X112.192 Y119.668 E-.07403
G1 X112.289 Y119.789 E-.07366
G1 X112.386 Y119.911 E-.07403
G1 X112.779 Y120.18 E-.22622
G1 X113.257 Y120.438 E-.25801
;WIPE_END
G1 E-.64636 F3600
G1 X119.099 Y119.303 F9000
G1 E5 F2400
;WIDTH:0.459357
G1 F900
G1 X119.006 Y119.421 E.0052
;WIDTH:0.504111
G1 X118.912 Y119.538 E.00576
;WIDTH:0.548866
G1 X118.818 Y119.655 E.00631
;WIDTH:0.59362
G1 X118.725 Y119.772 E.00684
;WIDTH:0.638374
G1 X118.631 Y119.89 E.00747
G1 X118.193 Y120.197 E.02648
;WIDTH:0.620434
G1 X117.769 Y120.431 E.02326
G1 X117.865 Y120.903 F9000
;WIDTH:0.439999
G1 F900
G1 X116.1 Y120.908 E.05828
;WIDTH:0.429503
G1 X115.407 Y120.924 E.02228
;WIDTH:0.431783
G1 X114.813 Y120.907 E.01921
;WIDTH:0.439999
G1 X113.257 Y120.903 E.05138
G1 X113.053 Y120.856 E.00691
G1 X112.518 Y120.592 E.0197
G1 X112.004 Y120.25 E.02038
G1 X111.568 Y119.495 E.02879
;WIDTH:0.48581
G1 X111.531 Y119.385 E.00427
;WIDTH:0.531621
G1 X111.493 Y119.274 E.00477
;WIDTH:0.564619
G1 X110.949 Y118.307 E.04813
;WIDTH:0.580909
G1 X110.682 Y117.82 E.02484
G1 X110.567 Y117.667 E.00856
;WIDTH:0.533939
G1 X110.451 Y117.515 E.00781
;WIDTH:0.486969
G1 X110.336 Y117.362 E.00707
;WIDTH:0.439999
G1 X109.646 Y116.166 E.04559
G1 X109.601 Y115.423 E.02458
G1 X109.638 Y114.847 E.01906
G1 X111.996 Y110.763 E.1557
G1 X112.593 Y110.365 E.02369
G1 X113.135 Y110.097 E.01996
G1 X117.85 Y110.097 E.15568
G1 X118.494 Y110.415 E.02371
G1 X118.996 Y110.75 E.01993
G1 X121.354 Y114.834 E.1557
G1 X121.401 Y115.545 E.02353
G1 X121.362 Y116.153 E.02012
G1 X120.664 Y117.362 E.04609
;WIDTH:0.486971
G1 X120.549 Y117.515 E.00707
;WIDTH:0.533943
G1 X120.433 Y117.667 E.00781
;WIDTH:0.580914
G1 X120.318 Y117.82 E.00856
G1 X120.043 Y118.321 E.02557
;WIDTH:0.587477
G1 X119.567 Y119.114 E.04188
G1 X119.522 Y119.241 E.0061
;WIDTH:0.538318
G1 X119.477 Y119.368 E.00555
;WIDTH:0.489159
G1 X119.432 Y119.495 E.005
;WIDTH:0.439999
G1 X119.004 Y120.237 E.02828
G1 X118.419 Y120.628 E.02323
G1 X117.919 Y120.876 E.01843
G1 X117.944 Y121.29 F9000
;TYPE:External perimeter
;WIDTH:0.419999
G1 F900
G1 X113.061 Y121.29 E.1531
G1 X112.137 Y120.81 E.03265
G1 X111.708 Y120.512 E.01638
G1 X109.266 Y116.283 E.15312
G1 X109.219 Y115.29 E.03117
G1 X109.264 Y114.722 E.01787
G1 X111.705 Y110.493 E.1531
G1 X112.413 Y110.022 E.02666
G1 X113.056 Y109.71 E.02241
G1 X117.939 Y109.71 E.1531
G1 X118.701 Y110.088 E.02667
G1 X119.292 Y110.488 E.02238
G1 X121.734 Y114.717 E.15312
G1 X121.787 Y115.561 E.02652
G1 X121.736 Y116.278 E.02254
G1 X119.295 Y120.507 E.1531
G1 X118.599 Y120.971 E.02623
G1 X117.998 Y121.264 E.02096
;LAYER_CHANGE
;Z:5.8
;HEIGHT:0.2
;BEFORE_LAYER_CHANGE
G92 E0
;8.8


G1 E-3.5 F3600
;WIPE_START
G1 F7200
G1 X117.944 Y121.29 E-.02847
G1 X114.846 Y121.29 E-1.47153
;WIPE_END
G1 Z5.8 F9000
;AFTER_LAYER_CHANGE
;8.8
G1 X117.126 Y120.001
G1 E5 F2400
;TYPE:Perimeter
;WIDTH:0.439999
G1 F900
G1 X116.648 Y120.183 E.01689
;WIDTH:0.479166
G1 X116.389 Y120.269 E.0099
;WIDTH:0.518332
G1 X116.129 Y120.355 E.01083
G1 X115.58 Y120.421 E.02186
;WIDTH:0.497915
G1 X115.024 Y120.431 E.02104
;WIDTH:0.515503
G1 X114.466 Y120.394 E.02198
;WIDTH:0.545071
G1 X114.186 Y120.352 E.01182
;WIDTH:0.574638
G1 X113.906 Y120.31 E.01252
G1 X113.362 Y120.132 E.02531
;WIDTH:0.572016
G1 X112.841 Y119.886 E.02535
;WIDTH:0.556327
G1 X112.331 Y119.542 E.02626
;WIDTH:0.550316
G1 X111.9 Y119.085 E.0265
;WIDTH:0.508141
G1 X111.565 Y118.624 E.02204
;WIDTH:0.465493
G1 X111.274 Y118.142 E.01978
;WIDTH:0.480826
G1 X111.026 Y117.642 E.02032
G1 X110.867 Y117.109 E.02025
;WIDTH:0.439999
G1 X110.751 Y116.572 E.01814
G1 X110.696 Y116.029 E.01802
G1 X110.703 Y115.509 E.01717
G1 X110.77 Y114.954 E.01846
G1 X110.896 Y114.435 E.01763
G1 X111.078 Y113.938 E.01748
G1 X111.542 Y113.06 E.03279
G1 X111.845 Y112.626 E.01748
G1 X112.189 Y112.235 E.01719
G1 X112.576 Y111.885 E.01723
G1 X112.999 Y111.58 E.01722
G1 X113.464 Y111.319 E.01761
G1 X113.934 Y111.122 E.01683
G1 X114.434 Y110.974 E.01722
G1 X115.408 Y110.855 E.0324
G1 X115.985 Y110.876 E.01906
G1 X116.503 Y110.96 E.01733
G1 X117.005 Y111.101 E.01722
G1 X117.488 Y111.297 E.01721
G1 X117.946 Y111.546 E.01721
G1 X118.374 Y111.845 E.01724
G1 X118.765 Y112.189 E.01719
G1 X119.115 Y112.576 E.01723
G1 X119.42 Y112.999 E.01722
G1 X119.739 Y113.603 E.02255
G1 X120.018 Y114.409 E.02816
G1 X120.117 Y114.947 E.01806
G1 X120.15 Y115.468 E.01724
G1 X120.124 Y115.989 E.01722
G1 X120.04 Y116.503 E.0172
G1 X119.899 Y117.005 E.01722
G1 X119.703 Y117.488 E.01721
G1 X119.454 Y117.946 E.01721
G1 X119.155 Y118.374 E.01724
G1 X118.514 Y119.07 E.03124
G1 X118.122 Y119.409 E.01711
G1 X117.631 Y119.745 E.01964
G1 X117.18 Y119.977 E.01675
G1 X116.969 Y119.647 F9000
;TYPE:External perimeter
;WIDTH:0.419999
G1 F900
G1 X116.942 Y119.66 E.00094
G1 X116.493 Y119.826 E.01501
G1 X116.006 Y119.946 E.01573
G1 X115.505 Y120.01 E.01584
G1 X114.996 Y120.018 E.01596
G1 X114.485 Y119.968 E.0161
G1 X113.984 Y119.861 E.01606
G1 X113.505 Y119.702 E.01582
G1 X113.028 Y119.482 E.01647
G1 X112.582 Y119.178 E.01692
G1 X112.202 Y118.792 E.01698
G1 X111.882 Y118.38 E.01636
G1 X111.612 Y117.937 E.01627
G1 X111.396 Y117.471 E.0161
G1 X111.235 Y116.987 E.01599
G1 X111.13 Y116.492 E.01587
G1 X111.082 Y115.993 E.01572
G1 X111.09 Y115.491 E.01574
G1 X111.158 Y114.984 E.01604
G1 X111.278 Y114.509 E.01536
G1 X111.451 Y114.05 E.01538
G1 X111.883 Y113.243 E.0287
G1 X112.173 Y112.834 E.01572
G1 X112.728 Y112.268 E.02485
G1 X113.223 Y111.896 E.01941
G1 X114.015 Y111.507 E.02767
G1 X114.541 Y111.346 E.01725
G1 X115.452 Y111.239 E.02876
G1 X115.966 Y111.262 E.01613
G1 X116.459 Y111.346 E.01568
G1 X117.215 Y111.603 E.02504
G1 X117.759 Y111.885 E.01921
G1 X118.252 Y112.25 E.01923
G1 X118.827 Y112.834 E.0257
G1 X119.118 Y113.246 E.01582
G1 X119.395 Y113.781 E.01889
G1 X119.651 Y114.533 E.02491
G1 X119.738 Y115.033 E.01591
G1 X119.743 Y115.865 E.02609
G1 X119.659 Y116.438 E.01816
G1 X119.52 Y116.918 E.01567
G1 X119.336 Y117.359 E.01498
G1 X119.104 Y117.777 E.01499
G1 X118.824 Y118.169 E.0151
G1 X118.2 Y118.839 E.02871
G1 X117.809 Y119.165 E.01596
G1 X117.353 Y119.456 E.01696
G1 X117.023 Y119.62 E.01155
G1 E-3.5 F3600
;WIPE_START
G1 F7200
G1 X116.969 Y119.647 E-.02868
G1 X116.942 Y119.66 E-.01423
G1 X116.493 Y119.826 E-.22738
G1 X116.006 Y119.946 E-.23824
G1 X115.505 Y120.01 E-.23991
G1 X114.996 Y120.018 E-.2418
G1 X114.485 Y119.968 E-.24388
G1 X113.984 Y119.861 E-.24334
G1 X113.939 Y119.846 E-.02254
;WIPE_END
G1 X111.58 Y112.303 F9000
G1 E5 F2400
;TYPE:Perimeter
;WIDTH:0.46446
G1 F900
G1 X111.781 Y111.906 E.0156
;WIDTH:0.415596
G1 X111.982 Y111.509 E.01379
;WIDTH:0.366732
G1 X112.226 Y111.297 E.0087
;WIDTH:0.368004
G1 X112.658 Y110.983 E.01444
;WIDTH:0.369339
G1 X113.124 Y110.721 E.01451
;WIDTH:0.372121
G1 X113.601 Y110.511 E.01427
G1 X113.853 Y110.458 E.00705
;WIDTH:0.417474
G1 X114.042 Y110.483 E.00594
;WIDTH:0.466512
G1 X114.23 Y110.507 E.00668
;WIDTH:0.51555
G1 X114.419 Y110.532 E.00749
G1 X114.319 Y110.576 E.00429
;WIDTH:0.475362
G1 X114.145 Y110.646 E.00674
;WIDTH:0.440099
G1 X113.97 Y110.717 E.00624
;WIDTH:0.404836
G1 X113.795 Y110.788 E.00568
;WIDTH:0.369573
G1 X113.279 Y111.008 E.01524
;WIDTH:0.369339
G1 X112.79 Y111.285 E.01525
;WIDTH:0.368783
G1 X112.374 Y111.586 E.01391
;WIDTH:0.366732
G1 X111.995 Y111.921 E.01362
;WIDTH:0.415596
G1 X111.787 Y112.112 E.00875
;WIDTH:0.46446
G1 X111.624 Y112.262 E.00776
G1 E-3.5 F3600
;WIPE_START
G1 F7200
G1 X111.58 Y112.303 E-.02857
G1 X111.781 Y111.906 E-.21137
G1 X111.982 Y111.509 E-.21137
G1 X112.226 Y111.297 E-.15354
G1 X112.658 Y110.983 E-.25368
G1 X113.124 Y110.721 E-.25394
G1 X113.601 Y110.511 E-.24756
G1 X113.853 Y110.458 E-.12232
G1 X113.89 Y110.463 E-.01765
;WIPE_END
G1 X114.419 Y110.532 F9000
G1 E5 F2400
;WIDTH:0.51555
G1 F900
G1 X114.734 Y110.514 E.0124
;WIDTH:0.478985
G1 X115.05 Y110.495 E.01148
;WIDTH:0.44242
G1 X115.365 Y110.477 E.01048
;WIDTH:0.424994
G1 X116.004 Y110.487 E.0203
;WIDTH:0.469808
G1 X116.29 Y110.509 E.01018
;WIDTH:0.514622
G1 X116.576 Y110.531 E.01125
;WIDTH:0.553304
G1 X116.719 Y110.551 E.00613
;WIDTH:0.591985
G1 X116.861 Y110.57 E.00654
;WIDTH:0.630667
G1 X117.004 Y110.589 E.00705
;WIDTH:0.669348
G1 X117.147 Y110.609 E.00752
;WIDTH:0.684902
G1 X117.198 Y110.617 E.00276
G1 E-3.5 F3600
;WIPE_START
G1 F7200
G1 X117.147 Y110.609 E-.02452
G1 X117.004 Y110.589 E-.06859
G1 X116.861 Y110.57 E-.06852
G1 X116.719 Y110.551 E-.06805
G1 X116.576 Y110.531 E-.06859
G1 X116.29 Y110.509 E-.13625
G1 X116.004 Y110.487 E-.13625
G1 X115.365 Y110.477 E-.30356
G1 X115.05 Y110.495 E-.14987
G1 X114.734 Y110.514 E-.15037
G1 X114.419 Y110.532 E-.14987
;WIPE_END
G1 E-.17556 F3600
G1 X110.323 Y116.506 F9000
G1 E5 F2400
;WIDTH:0.51804
G1 F900
G1 X110.258 Y115.956 E.02188
;WIDTH:0.554284
G1 X110.258 Y115.363 E.02521
;WIDTH:0.590502
G1 X110.324 Y114.776 E.0269
G1 X110.459 Y114.326 E.02139
;WIDTH:0.54663
G1 X110.541 Y114.15 E.00813
;WIDTH:0.512291
G1 X110.623 Y113.974 E.00758
;WIDTH:0.477952
G1 X110.704 Y113.798 E.00701
;WIDTH:0.443612
G1 X111.209 Y112.882 E.03485
;WIDTH:0.447962
G1 X111.518 Y112.394 E.01945
;WIDTH:0.46446
G1 X111.58 Y112.303 E.00386
G1 E-3.5 F3600
;WIPE_START
G1 F7200
G1 X111.518 Y112.394 E-.0523
G1 X111.209 Y112.882 E-.27436
G1 X110.704 Y113.798 E-.49684
G1 X110.623 Y113.974 E-.09203
G1 X110.541 Y114.15 E-.09223
G1 X110.459 Y114.326 E-.09223
G1 X110.324 Y114.776 E-.22316
G1 X110.282 Y115.146 E-.17685
;WIPE_END
G1 X120.262 Y117.225 F9000
G1 E5 F2400
;WIDTH:0.4777
G1 F900
G1 X120.136 Y117.478 E.01022
;WIDTH:0.443723
G1 X120.01 Y117.731 E.00942
;WIDTH:0.409746
G1 X119.729 Y118.221 E.01723
;WIDTH:0.431849
G1 X119.584 Y118.446 E.00866
;WIDTH:0.45849
G1 X119.439 Y118.671 E.00925
;WIDTH:0.500192
G1 X119.328 Y118.821 E.0071
;WIDTH:0.541893
G1 X119.218 Y118.97 E.00768
;WIDTH:0.583594
G1 X119.108 Y119.119 E.00833
;WIDTH:0.625295
G1 X118.997 Y119.269 E.00904
;WIDTH:0.666996
G1 X118.887 Y119.418 E.00961
G1 X118.441 Y119.792 E.0302
;WIDTH:0.642534
G1 X117.892 Y120.142 E.03246
;WIDTH:0.596958
G1 X117.361 Y120.401 E.02722
;WIDTH:0.565108
G1 X117.235 Y120.449 E.00585
G1 E-3.5 F3600
;WIPE_START
G1 F7200
G1 X117.361 Y120.401 E-.06405
G1 X117.892 Y120.142 E-.28063
G1 X118.441 Y119.792 E-.30926
G1 X118.887 Y119.418 E-.27648
G1 X118.997 Y119.269 E-.08797
G1 X119.108 Y119.119 E-.08864
G1 X119.218 Y118.97 E-.08797
G1 X119.328 Y118.821 E-.08797
G1 X119.439 Y118.671 E-.08864
G1 X119.584 Y118.446 E-.12715
G1 X119.585 Y118.444 E-.00124
;WIPE_END
G1 X120.262 Y117.225 F9000
G1 E5 F2400
;WIDTH:0.4777
G1 F900
G1 X120.285 Y117.116 E.00403
;WIDTH:0.447833
G1 X120.341 Y116.84 E.00948
;WIDTH:0.409561
G1 X120.398 Y116.564 E.00859
;WIDTH:0.371288
G1 X120.485 Y116.009 E.01534
;WIDTH:0.369715
G1 X120.511 Y115.447 E.01529
G1 X120.471 Y114.887 E.01526
;WIDTH:0.366542
G1 X120.36 Y114.294 E.01623
;WIDTH:0.40272
G1 X120.256 Y113.925 E.01147
;WIDTH:0.438898
G1 X120.153 Y113.555 E.01265
G1 X120.434 Y114.002 E.01738
;WIDTH:0.40272
G1 X120.716 Y114.449 E.01581
;WIDTH:0.366551
G1 X120.805 Y114.957 E.01388
;WIDTH:0.370094
G1 X120.84 Y115.507 E.01499
;WIDTH:0.372525
G1 X120.821 Y115.936 E.01177
G1 X120.745 Y116.478 E.015
;WIDTH:0.371288
G1 X120.593 Y116.759 E.00872
;WIDTH:0.406759
G1 X120.483 Y116.915 E.00577
;WIDTH:0.44223
G1 X120.373 Y117.07 E.00631
;WIDTH:0.4777
G1 X120.297 Y117.176 E.00472
G1 E-3.5 F3600
;WIPE_START
G1 F7200
G1 X120.262 Y117.225 E-.0286
G1 X120.285 Y117.116 E-.05292
G1 X120.341 Y116.84 E-.13377
G1 X120.398 Y116.564 E-.13387
G1 X120.485 Y116.009 E-.26684
G1 X120.511 Y115.447 E-.26724
G1 X120.471 Y114.887 E-.26668
G1 X120.36 Y114.294 E-.28657
G1 X120.324 Y114.165 E-.06351
;WIPE_END
G1 X119.42 Y112.303 F9000
G1 E5 F2400
;WIDTH:0.464456
G1 F900
G1 X119.213 Y112.111 E.0099
;WIDTH:0.417719
G1 X119.007 Y111.919 E.00878
;WIDTH:0.370981
G1 X118.583 Y111.55 E.01533
;WIDTH:0.372845
G1 X118.007 Y111.164 E.01902
G1 X117.502 Y110.912 E.01548
;WIDTH:0.412527
G1 X117.458 Y110.87 E.00187
;WIDTH:0.457923
G1 X117.415 Y110.828 E.00207
;WIDTH:0.503319
G1 X117.371 Y110.785 E.00236
;WIDTH:0.548715
G1 X117.328 Y110.743 E.00253
;WIDTH:0.594111
G1 X117.285 Y110.701 E.00275
;WIDTH:0.639506
G1 X117.241 Y110.659 E.00302
;WIDTH:0.684902
G1 X117.198 Y110.617 E.00321
G1 X117.258 Y110.616 E.0032
;WIDTH:0.639506
G1 X117.319 Y110.615 E.00303
;WIDTH:0.594111
G1 X117.38 Y110.614 E.0028
;WIDTH:0.548715
G1 X117.44 Y110.613 E.00252
;WIDTH:0.503319
G1 X117.501 Y110.613 E.00234
;WIDTH:0.457923
G1 X117.562 Y110.612 E.00211
;WIDTH:0.412527
G1 X117.622 Y110.611 E.00184
;WIDTH:0.369338
G1 X117.876 Y110.721 E.00751
;WIDTH:0.373082
G1 X118.538 Y111.11 E.02108
G1 X118.97 Y111.446 E.01502
;WIDTH:0.370981
G1 X119.174 Y111.783 E.01075
;WIDTH:0.417719
G1 X119.297 Y112.043 E.00896
;WIDTH:0.464456
G1 X119.395 Y112.249 E.008
G1 X119.42 Y112.303 F9000
G1 F900
G1 X119.575 Y112.541 E.00996
;WIDTH:0.434818
G1 X119.73 Y112.779 E.00926
;WIDTH:0.429818
G1 X120.087 Y113.423 E.02369
;WIDTH:0.443444
G1 X120.143 Y113.534 E.00414
G1 X121.079 Y114.367 F9000
;WIDTH:0.439999
G1 F900
G1 X121.18 Y115.021 E.02185
G1 X121.2 Y115.565 E.01797
G1 X121.169 Y116.081 E.01707
G1 X121.084 Y116.635 E.01851
G1 X119.282 Y119.756 E.11899
G1 X118.553 Y120.311 E.03025
G1 X117.927 Y120.659 E.02365
G1 X117.309 Y120.903 E.02194
G1 X116.671 Y120.903 E.02107
;WIDTH:0.484735
G1 X116.382 Y120.881 E.01065
;WIDTH:0.52947
G1 X116.094 Y120.858 E.01169
G1 X115.516 Y120.876 E.0234
;WIDTH:0.494455
G1 X114.935 Y120.877 E.02181
;WIDTH:0.522825
G1 X114.347 Y120.862 E.02347
;WIDTH:0.553593
G1 X113.999 Y120.833 E.01483
;WIDTH:0.584361
G1 X113.651 Y120.805 E.01572
G1 X113.06 Y120.58 E.02847
;WIDTH:0.572319
G1 X112.286 Y120.139 E.03921
;WIDTH:0.557309
G1 X111.772 Y119.731 E.02807
G1 X111.626 Y119.507 E.01144
;WIDTH:0.528211
G1 X111.48 Y119.284 E.01076
;WIDTH:0.499112
G1 X111.169 Y118.782 E.0224
;WIDTH:0.461994
G1 X110.91 Y118.338 E.01791
;WIDTH:0.480826
G1 X110.638 Y117.843 E.02057
G1 X110.329 Y117.35 E.02119
;WIDTH:0.439999
G1 X110.037 Y116.844 E.01929
G1 X109.912 Y116.57 E.00994
G1 X109.815 Y115.925 E.02154
G1 X109.818 Y115.022 E.02981
G1 X109.916 Y114.365 E.02193
G1 X111.718 Y111.244 E.11899
G1 X112.001 Y111.017 E.01198
G1 X112.649 Y110.562 E.02614
G1 X113.104 Y110.327 E.01691
G1 X113.691 Y110.097 E.02082
G1 X117.295 Y110.097 E.11899
G1 X117.879 Y110.324 E.02069
G1 X118.332 Y110.552 E.01674
G1 X118.756 Y110.82 E.01656
G1 X119.274 Y111.232 E.02185
G1 X121.053 Y114.313 E.11747
G1 X121.449 Y114.227 F9000
;TYPE:External perimeter
;WIDTH:0.419999
G1 F900
G1 X121.57 Y115.013 E.02493
G1 X121.586 Y115.598 E.01835
G1 X121.538 Y116.25 E.0205
G1 X121.45 Y116.774 E.01666
G1 X119.581 Y120.012 E.11722
G1 X118.996 Y120.482 E.02353
G1 X118.545 Y120.774 E.01685
G1 X118.079 Y121.015 E.01645
G1 X117.372 Y121.29 E.02379
G1 X113.632 Y121.29 E.11726
G1 X112.924 Y121.015 E.02381
G1 X112.455 Y120.774 E.01653
G1 X112.018 Y120.495 E.01626
G1 X111.422 Y120.016 E.02397
G1 X109.552 Y116.778 E.11724
G1 X109.428 Y115.94 E.02656
G1 X109.417 Y115.329 E.01916
G1 X109.457 Y114.789 E.01698
G1 X109.55 Y114.226 E.01789
G1 X111.419 Y110.988 E.11722
G1 X112.043 Y110.487 E.02509
G1 X112.488 Y110.209 E.01645
G1 X112.953 Y109.971 E.01638
G1 X113.628 Y109.71 E.02269
G1 X117.368 Y109.71 E.11726
G1 X118.065 Y109.981 E.02345
G1 X118.545 Y110.226 E.0169
G1 X118.989 Y110.51 E.01653
G1 X119.578 Y110.984 E.02371
G1 X121.42 Y114.174 E.1155
;LAYER_CHANGE
;Z:6
;HEIGHT:0.2
;BEFORE_LAYER_CHANGE
G92 E0
;9


G1 E-3.5 F3600
;WIPE_START
G1 F7200
G1 X121.449 Y114.227 E-.0287
G1 X121.57 Y115.013 E-.37775
G1 X121.586 Y115.598 E-.27798
G1 X121.538 Y116.25 E-.31054
G1 X121.45 Y116.774 E-.25239
G1 X121.184 Y117.235 E-.25264
;WIPE_END
G1 Z6 F9000
;AFTER_LAYER_CHANGE
;9
G1 X120.297 Y114.405
G1 E5 F2400
;TYPE:Perimeter
;WIDTH:0.559256
G1 F900
G1 X120.388 Y114.914 E.0222
;WIDTH:0.551432
G1 X120.422 Y115.465 E.02334
;WIDTH:0.553866
G1 X120.397 Y116.016 E.02343
G1 X120.308 Y116.561 E.02346
;WIDTH:0.554974
G1 X120.16 Y117.093 E.02351
G1 X119.936 Y117.598 E.02352
;WIDTH:0.518367
G1 X119.669 Y118.079 E.02175
;WIDTH:0.53459
G1 X119.364 Y118.537 E.0225
;WIDTH:0.555134
G1 X119.008 Y118.957 E.02345
G1 X118.597 Y119.326 E.02352
;WIDTH:0.55229
G1 X118.149 Y119.65 E.02342
;WIDTH:0.554937
G1 X117.669 Y119.922 E.02349
G1 X117.159 Y120.134 E.02351
;WIDTH:0.554245
G1 X116.63 Y120.293 E.02349
G1 X116.084 Y120.377 E.02349
;WIDTH:0.528309
G1 X115.534 Y120.402 E.02222
;WIDTH:0.522887
G1 X114.985 Y120.382 E.02192
;WIDTH:0.554202
G1 X114.439 Y120.309 E.02342
G1 X113.907 Y120.158 E.02351
;WIDTH:0.557047
G1 X113.395 Y119.954 E.02356
G1 X112.678 Y119.549 E.0352
;WIDTH:0.55227
G1 X112.034 Y119.08 E.03374
;WIDTH:0.5207
G1 X111.637 Y118.681 E.02236
;WIDTH:0.492167
G1 X111.466 Y118.456 E.01056
;WIDTH:0.466362
G1 X111.294 Y118.231 E.00997
;WIDTH:0.440556
G1 X110.99 Y117.753 E.01873
;WIDTH:0.446573
G1 X110.687 Y117.157 E.02244
;WIDTH:0.453728
G1 X110.55 Y116.62 E.01893
;WIDTH:0.470195
G1 X110.483 Y116.055 E.02021
;WIDTH:0.484576
G1 X110.481 Y115.489 E.02079
;WIDTH:0.505189
G1 X110.539 Y114.929 E.02164
;WIDTH:0.526033
G1 X110.659 Y114.383 E.02246
;WIDTH:0.54406
G1 X110.83 Y113.882 E.02206
G1 X111.321 Y112.939 E.0443
;WIDTH:0.534588
G1 X111.636 Y112.463 E.02334
;WIDTH:0.555136
G1 X111.992 Y112.043 E.02345
G1 X112.403 Y111.674 E.02352
;WIDTH:0.556818
G1 X112.845 Y111.351 E.02339
G1 X113.332 Y111.081 E.02379
;WIDTH:0.554784
G1 X113.84 Y110.863 E.02353
G1 X114.37 Y110.708 E.0235
;WIDTH:0.552406
G1 X114.916 Y110.623 E.02341
;WIDTH:0.528308
G1 X115.457 Y110.598 E.02186
;WIDTH:0.522838
G1 X116.014 Y110.618 E.02224
;WIDTH:0.554199
G1 X116.561 Y110.691 E.02346
G1 X117.093 Y110.842 E.02351
;WIDTH:0.557048
G1 X117.605 Y111.046 E.02356
G1 X118.089 Y111.313 E.02363
;WIDTH:0.550433
G1 X118.541 Y111.629 E.02327
;WIDTH:0.559175
G1 X118.925 Y111.961 E.02179
G1 X119.323 Y112.406 E.02563
;WIDTH:0.541925
G1 X119.634 Y112.862 E.0229
;WIDTH:0.514796
G1 X119.904 Y113.341 E.02157
;WIDTH:0.54992
G1 X120.134 Y113.841 E.0232
;WIDTH:0.559256
G1 X120.282 Y114.322 E.02161
G1 X120.286 Y114.346 E.00104
G1 X119.868 Y114.503 F9000
;TYPE:External perimeter
;WIDTH:0.419999
G1 F900
G1 X119.871 Y114.513 E.00033
G1 X119.954 Y115.009 E.01577
G1 X119.981 Y115.511 E.01576
G1 X119.952 Y116.011 E.0157
G1 X119.866 Y116.507 E.01578
G1 X119.726 Y116.99 E.01577
G1 X119.533 Y117.454 E.01576
G1 X119.289 Y117.893 E.01575
G1 X118.997 Y118.302 E.01576
G1 X118.661 Y118.676 E.01576
G1 X118.286 Y119.01 E.01575
G1 X117.875 Y119.3 E.01577
G1 X117.435 Y119.542 E.01574
G1 X116.97 Y119.733 E.01576
G1 X116.487 Y119.871 E.01575
G1 X115.991 Y119.954 E.01577
G1 X115.489 Y119.981 E.01576
G1 X114.988 Y119.952 E.01573
G1 X114.493 Y119.866 E.01575
G1 X114.01 Y119.726 E.01577
G1 X113.544 Y119.532 E.01583
G1 X112.705 Y119.055 E.03026
G1 X112.295 Y118.742 E.01617
G1 X111.924 Y118.385 E.01614
G1 X111.593 Y117.985 E.01628
G1 X111.307 Y117.547 E.0164
G1 X111.04 Y116.989 E.0194
G1 X110.932 Y116.517 E.01518
G1 X110.883 Y116.016 E.01578
G1 X110.89 Y115.495 E.01634
G1 X110.955 Y114.983 E.01618
G1 X111.076 Y114.485 E.01607
G1 X111.251 Y114.008 E.01593
G1 X111.697 Y113.131 E.03085
G1 X111.99 Y112.714 E.01598
G1 X112.324 Y112.339 E.01575
G1 X112.698 Y112.003 E.01576
G1 X113.112 Y111.709 E.01592
G1 X113.557 Y111.462 E.01596
G1 X114.03 Y111.267 E.01604
G1 X114.513 Y111.129 E.01575
G1 X115.009 Y111.046 E.01577
G1 X115.501 Y111.019 E.01545
G1 X116.012 Y111.048 E.01605
G1 X116.507 Y111.134 E.01575
G1 X116.99 Y111.274 E.01577
G1 X117.454 Y111.467 E.01576
G1 X117.893 Y111.711 E.01575
G1 X118.302 Y112.003 E.01576
G1 X118.676 Y112.339 E.01576
G1 X119.01 Y112.714 E.01575
G1 X119.3 Y113.125 E.01577
G1 X119.542 Y113.565 E.01574
G1 X119.733 Y114.03 E.01576
G1 X119.852 Y114.445 E.01354
G1 X120.656 Y113.779 F9000
;TYPE:Perimeter
;WIDTH:0.554976
G1 F900
G1 X120.812 Y114.355 E.02541
;WIDTH:0.559855
G1 X120.923 Y115.083 E.03165
G1 X120.928 Y115.55 E.02007
;WIDTH:0.551432
G1 X120.89 Y116.17 E.02626
;WIDTH:0.559254
G1 X120.777 Y116.826 E.02858
G1 X120.588 Y117.383 E.02525
;WIDTH:0.549918
G1 X120.315 Y117.891 E.02431
;WIDTH:0.514796
G1 X120.028 Y118.391 E.02262
;WIDTH:0.558
G1 X119.607 Y119.062 E.03393
;WIDTH:0.559175
G1 X119.261 Y119.431 E.02171
G1 X118.848 Y119.774 E.02305
;WIDTH:0.550432
G1 X118.339 Y120.129 E.02619
;WIDTH:0.55705
G1 X117.795 Y120.431 E.0266
;WIDTH:0.561034
G1 X117.024 Y120.722 E.0355
G1 X116.532 Y120.838 E.02178
;WIDTH:0.557828
G1 X116.029 Y120.861 E.02156
;WIDTH:0.52289
G1 X115.453 Y120.868 E.02299
;WIDTH:0.55783
G1 X114.525 Y120.844 E.03975
G1 X114.242 Y120.788 E.01235
;WIDTH:0.554247
G1 X113.654 Y120.605 E.02618
;WIDTH:0.554881
G1 X113.07 Y120.362 E.02693
G1 X112.425 Y119.991 E.03168
;WIDTH:0.55227
G1 X112.119 Y119.762 E.01619
;WIDTH:0.527717
G1 X111.725 Y119.445 E.02038
;WIDTH:0.520544
G1 X111.37 Y119.076 E.02034
;WIDTH:0.505466
G1 X111.236 Y118.878 E.0092
;WIDTH:0.481842
G1 X110.923 Y118.383 E.02137
;WIDTH:0.435793
G1 X110.617 Y117.865 E.01965
;WIDTH:0.446573
G1 X110.33 Y117.345 E.01994
G1 X110.253 Y117.117 E.00808
;WIDTH:0.45407
G1 X110.132 Y116.608 E.01789
;WIDTH:0.481129
G1 X110.037 Y115.923 E.0252
;WIDTH:0.487916
G1 X110.041 Y115.393 E.01961
;WIDTH:0.50632
G1 X110.097 Y114.769 E.02414
;WIDTH:0.531694
G1 X110.214 Y114.158 E.02528
;WIDTH:0.53605
G1 X110.439 Y113.556 E.02635
G1 X110.972 Y112.609 E.04456
;WIDTH:0.558001
G1 X111.393 Y111.938 E.03393
;WIDTH:0.559178
G1 X111.739 Y111.569 E.02171
G1 X112.152 Y111.226 E.02305
;WIDTH:0.556837
G1 X112.643 Y110.871 E.02589
G1 X113.191 Y110.587 E.02638
;WIDTH:0.552061
G1 X113.766 Y110.352 E.0263
;WIDTH:0.560181
G1 X114.456 Y110.161 E.03079
G1 X114.971 Y110.139 E.02217
;WIDTH:0.52289
G1 X115.537 Y110.132 E.02259
;WIDTH:0.557826
G1 X116.475 Y110.156 E.04017
G1 X116.758 Y110.212 E.01235
;WIDTH:0.554243
G1 X117.346 Y110.395 E.02618
;WIDTH:0.554935
G1 X117.921 Y110.632 E.02648
G1 X118.424 Y110.922 E.02472
;WIDTH:0.552291
G1 X118.848 Y111.226 E.0221
;WIDTH:0.559175
G1 X119.261 Y111.569 E.02305
G1 X119.607 Y111.938 E.02171
;WIDTH:0.557999
G1 X119.778 Y112.198 E.01333
;WIDTH:0.534587
G1 X120.076 Y112.691 E.02355
;WIDTH:0.518368
G1 X120.361 Y113.192 E.02279
;WIDTH:0.554976
G1 X120.632 Y113.724 E.02542
G1 X121.078 Y113.638 F9000
;TYPE:External perimeter
;WIDTH:0.419999
G1 F900
G1 X121.25 Y114.284 E.02096
G1 X121.37 Y115.083 E.02533
G1 X121.37 Y115.974 E.02794
G1 X121.218 Y116.911 E.02976
G1 X121.041 Y117.483 E.01877
G1 X119.988 Y119.307 E.06604
G1 X119.581 Y119.746 E.01877
G1 X118.846 Y120.347 E.02977
G1 X118.025 Y120.821 E.02972
G1 X117.137 Y121.158 E.02978
G1 X116.554 Y121.29 E.01874
G1 X114.446 Y121.29 E.06609
G1 X113.863 Y121.158 E.01874
G1 X112.975 Y120.821 E.02978
G1 X112.154 Y120.347 E.02972
G1 X111.419 Y119.746 E.02977
G1 X111.012 Y119.307 E.01877
G1 X109.959 Y117.483 E.06604
G1 X109.782 Y116.911 E.01877
G1 X109.63 Y115.974 E.02976
G1 X109.63 Y115.026 E.02972
G1 X109.782 Y114.089 E.02976
G1 X109.959 Y113.517 E.01877
G1 X111.012 Y111.693 E.06604
G1 X111.419 Y111.254 E.01877
G1 X112.124 Y110.678 E.02854
G1 X112.562 Y110.396 E.01633
G1 X113.36 Y110.018 E.02769
G1 X114.44 Y109.71 E.03521
G1 X116.554 Y109.71 E.06628
G1 X117.137 Y109.842 E.01874
G1 X118.025 Y110.179 E.02978
G1 X118.846 Y110.653 E.02972
G1 X119.581 Y111.254 E.02977
G1 X119.988 Y111.693 E.01877
G1 X120.73 Y112.979 E.04655
G1 X121.052 Y113.584 E.02149
; stop printing object Auto_modifiedZ_nut_6x9_0.2.stl id:0 copy 0
G1 E-3.5 F3600
;WIPE_START
G1 F7200;_WIPE
G1 X121.078 Y113.638 E-.02847
G1 X121.25 Y114.284 E-.31754
G1 X121.37 Y115.083 E-.38378
G1 X121.37 Y115.974 E-.42323
G1 X121.253 Y116.695 E-.34698
;WIPE_END
M107
;TYPE:Custom
; Filament-specific end gcode 
;END gcode for filament
G1 Z8 F600 ; Move print head up
G1 X5 Y193.8 F9000 ; present print
G1 Z76 F600 ; Move print head further up
G1 Z147 F600 ; Move print head further up
M140 S0 ; turn off heatbed
M104 S0 ; turn off temperature
M107 ; turn off fan
M84 X Y E ; disable motors
; objects_info = {"objects":[{"name":"Auto_modifiedZ_nut_6x9_0.2.stl id:0 copy 0","polygon":[[119.299,109.733],[122.628,115.500],[119.164,121.500],[111.836,121.500],[108.372,115.500],[111.836,109.500],[119.164,109.500]]}]}
; filament used [mm] = 323.21
; filament used [cm3] = 0.78
; filament used [g] = 0.96
; filament cost = 0.02
; total filament used [g] = 0.96
; total filament cost = 0.02
; total filament used for wipe tower [g] = 0.00
; estimated printing time (normal mode) = 14m 8s
; estimated first layer printing time (normal mode) = 1m 29s

; prusaslicer_config = begin
; arc_fitting = disabled
; autoemit_temperature_commands = 1
; automatic_extrusion_widths = 0
; automatic_infill_combination = 0
; automatic_infill_combination_max_layer_height = 100%
; avoid_crossing_curled_overhangs = 0
; avoid_crossing_perimeters = 0
; avoid_crossing_perimeters_max_detour = 0
; bed_custom_model = 
; bed_custom_texture = 
; bed_shape = 3x3,228x3,228x228,3x228
; bed_temperature = 60
; bed_temperature_extruder = 0
; before_layer_gcode = ;BEFORE_LAYER_CHANGE\nG92 E0\n;{layer_z}\n\n
; between_objects_gcode = 
; binary_gcode = 0
; bottom_fill_pattern = monotonic
; bottom_solid_layers = 3
; bottom_solid_min_thickness = 0
; bridge_acceleration = 250
; bridge_angle = 0
; bridge_fan_speed = 100
; bridge_flow_ratio = 0.95
; bridge_speed = 25
; brim_separation = 0
; brim_type = outer_only
; brim_width = 5
; chamber_minimal_temperature = 0
; chamber_temperature = 0
; color_change_gcode = M600
; colorprint_heights = 
; compatible_printers_condition_cummulative = "printer_model=~/(ENDER|CR|SERMOON).*/ and nozzle_diameter[0]==0.4";printer_notes=~/.*PRINTER_VENDOR_CREALITY.*/
; complete_objects = 0
; cooling = 1
; cooling_perimeter_transition_distance = 0
; cooling_slowdown_logic = uniform_cooling
; cooling_tube_length = 5
; cooling_tube_retraction = 91.5
; custom_parameters_filament = ""
; custom_parameters_print = 
; custom_parameters_printer = 
; default_acceleration = 500
; default_filament_profile = "Generic PLA @CREALITY"
; default_print_profile = "0.16 mm OPTIMAL (0.4 mm nozzle) @CREALITY"
; deretract_speed = 40
; disable_fan_first_layers = 1
; dont_support_bridges = 1
; draft_shield = disabled
; duplicate_distance = 6
; elefant_foot_compensation = 0.1
; enable_dynamic_fan_speeds = 0
; enable_dynamic_overhang_speeds = 0
; end_filament_gcode = "; Filament-specific end gcode \n;END gcode for filament\n"
; end_gcode = {if max_layer_z < max_print_height}G1 Z{z_offset+min(max_layer_z+2, max_print_height)} F600 ; Move print head up{endif}\nG1 X5 Y{print_bed_max[1]*0.85} F{travel_speed*60} ; present print\n{if max_layer_z < max_print_height-10}G1 Z{z_offset+min(max_layer_z+70, max_print_height-10)} F600 ; Move print head further up{endif}\n{if max_layer_z < max_print_height*0.6}G1 Z{max_print_height*0.6} F600 ; Move print head further up{endif}\nM140 S0 ; turn off heatbed\nM104 S0 ; turn off temperature\nM107 ; turn off fan\nM84 X Y E ; disable motors
; ensure_vertical_shell_thickness = enabled
; external_perimeter_acceleration = 0
; external_perimeter_extrusion_width = 0.42
; external_perimeter_speed = 25
; external_perimeters_first = 0
; extra_loading_move = -2
; extra_perimeters = 0
; extra_perimeters_on_overhangs = 0
; extruder_clearance_height = 25
; extruder_clearance_radius = 55
; extruder_colour = #FCE94F
; extruder_offset = 0x0
; extrusion_axis = E
; extrusion_multiplier = 1
; extrusion_width = 0.44
; fan_always_on = 1
; fan_below_layer_time = 100
; filament_abrasive = 0
; filament_colour = #DDDDDD
; filament_cooling_final_speed = 3.4
; filament_cooling_initial_speed = 2.2
; filament_cooling_moves = 4
; filament_cost = 20
; filament_density = 1.24
; filament_deretract_speed = nil
; filament_diameter = 1.75
; filament_infill_max_crossing_speed = 0
; filament_infill_max_speed = 0
; filament_load_time = 0
; filament_loading_speed = 28
; filament_loading_speed_start = 3
; filament_max_volumetric_speed = 15
; filament_minimal_purge_on_wipe_tower = 15
; filament_multitool_ramming = 0
; filament_multitool_ramming_flow = 10
; filament_multitool_ramming_volume = 10
; filament_notes = ""
; filament_purge_multiplier = 100%
; filament_ramming_parameters = "120 100 6.6 6.8 7.2 7.6 7.9 8.2 8.7 9.4 9.9 10.0| 0.05 6.6 0.45 6.8 0.95 7.8 1.45 8.3 1.95 9.7 2.45 10 2.95 7.6 3.45 7.6 3.95 7.6 4.45 7.6 4.95 7.6"
; filament_retract_before_travel = nil
; filament_retract_before_wipe = nil
; filament_retract_layer_change = nil
; filament_retract_length = nil
; filament_retract_length_toolchange = nil
; filament_retract_lift = nil
; filament_retract_lift_above = nil
; filament_retract_lift_below = nil
; filament_retract_restart_extra = nil
; filament_retract_restart_extra_toolchange = nil
; filament_retract_speed = nil
; filament_seam_gap_distance = nil
; filament_settings_id = "Generic PLA @CREALITY"
; filament_shrinkage_compensation_xy = 0%
; filament_shrinkage_compensation_z = 0%
; filament_soluble = 0
; filament_spool_weight = 0
; filament_stamping_distance = 0
; filament_stamping_loading_speed = 20
; filament_toolchange_delay = 0
; filament_travel_lift_before_obstacle = nil
; filament_travel_max_lift = nil
; filament_travel_ramping_lift = nil
; filament_travel_slope = nil
; filament_type = PLA
; filament_unload_time = 0
; filament_unloading_speed = 90
; filament_unloading_speed_start = 100
; filament_vendor = Generic
; filament_wipe = nil
; fill_angle = 45
; fill_density = 20%
; fill_pattern = grid
; first_layer_acceleration = 0
; first_layer_acceleration_over_raft = 0
; first_layer_bed_temperature = 60
; first_layer_extrusion_width = 0.42
; first_layer_height = 0.2
; first_layer_infill_speed = 0
; first_layer_speed = 20
; first_layer_speed_over_raft = 30
; first_layer_temperature = 210
; full_fan_speed_layer = 0
; fuzzy_skin = none
; fuzzy_skin_point_dist = 0.8
; fuzzy_skin_thickness = 0.3
; gap_fill_enabled = 1
; gap_fill_speed = 30
; gcode_comments = 0
; gcode_flavor = marlin
; gcode_label_objects = octoprint
; gcode_resolution = 0.0125
; gcode_substitutions = 
; high_current_on_filament_swap = 0
; host_type = prusalink
; idle_temperature = 150
; infill_acceleration = 0
; infill_anchor = 600%
; infill_anchor_max = 50
; infill_every_layers = 1
; infill_extruder = 1
; infill_extrusion_width = 0.44
; infill_first = 0
; infill_overlap = 23%
; infill_speed = 50
; inherits_cummulative = "0.20 mm NORMAL (0.4 mm nozzle) @CREALITY";;
; interface_shells = 0
; interlocking_beam = 0
; interlocking_beam_layer_count = 2
; interlocking_beam_width = 0.8
; interlocking_boundary_avoidance = 2
; interlocking_depth = 2
; interlocking_orientation = 22.5
; ironing = 0
; ironing_flowrate = 10%
; ironing_spacing = 0.1
; ironing_speed = 20
; ironing_type = top
; layer_gcode = ;AFTER_LAYER_CHANGE\n;{layer_z}
; layer_height = 0.2
; machine_limits_usage = emit_to_gcode
; machine_max_acceleration_e = 5000
; machine_max_acceleration_extruding = 500
; machine_max_acceleration_retracting = 1000
; machine_max_acceleration_travel = 500
; machine_max_acceleration_x = 500
; machine_max_acceleration_y = 500
; machine_max_acceleration_z = 100
; machine_max_feedrate_e = 60
; machine_max_feedrate_x = 500
; machine_max_feedrate_y = 500
; machine_max_feedrate_z = 10
; machine_max_jerk_e = 5
; machine_max_jerk_x = 8
; machine_max_jerk_y = 8
; machine_max_jerk_z = 0.4
; machine_max_junction_deviation = 0,0
; machine_min_extruding_rate = 0
; machine_min_travel_rate = 0
; max_fan_speed = 100
; max_layer_height = 0.32
; max_print_height = 250
; max_print_speed = 100
; max_volumetric_extrusion_rate_slope_negative = 0
; max_volumetric_extrusion_rate_slope_positive = 0
; max_volumetric_speed = 0
; min_bead_width = 85%
; min_fan_speed = 100
; min_feature_size = 25%
; min_layer_height = 0.06
; min_print_speed = 15
; min_skirt_length = 4
; mmu_segmented_region_interlocking_depth = 0
; mmu_segmented_region_max_width = 0
; multimaterial_purging = 140
; notes = 
; nozzle_diameter = 0.4
; nozzle_high_flow = 0
; only_one_perimeter_first_layer = 0
; only_retract_when_crossing_perimeters = 0
; ooze_prevention = 0
; output_filename_format = {input_filename_base}_{print_time}_{digits(layer_height,1,2)}mm_{temperature[0]}C_{filament_type[0]}_{printer_model}.gcode
; over_bridge_speed = 0
; overhang_fan_speed_0 = 0
; overhang_fan_speed_1 = 0
; overhang_fan_speed_2 = 0
; overhang_fan_speed_3 = 0
; overhang_speed_0 = 15
; overhang_speed_1 = 15
; overhang_speed_2 = 20
; overhang_speed_3 = 25
; overhangs = 1
; parking_pos_retraction = 92
; pause_print_gcode = 
; perimeter_acceleration = 0
; perimeter_extruder = 1
; perimeter_extrusion_width = 0.44
; perimeter_generator = arachne
; perimeter_speed = 40
; perimeters = 3
; physical_printer_settings_id = 
; post_process = 
; prefer_clockwise_movements = 0
; print_settings_id = 0.20 mm NORMAL (0.4 mm nozzle) @CREALITY - Copy
; printer_model = ENDER3
; printer_notes = Don't remove the following keywords! These keywords are used in the "compatible printer" condition of the print and filament profiles to link the particular print and filament profiles to this printer profile.\nPRINTER_VENDOR_CREALITY\nPRINTER_MODEL_ENDER3\nPRINTER_HAS_BOWDEN
; printer_settings_id = Creality Ender-3 (0.4 mm nozzle)
; printer_technology = FFF
; printer_variant = 0.4
; printer_vendor = 
; profile_vendor = Creality
; profile_version = 1.1.0
; raft_contact_distance = 0.1
; raft_expansion = 1.5
; raft_first_layer_density = 90%
; raft_first_layer_expansion = 3
; raft_layers = 0
; remaining_times = 0
; resolution = 0
; retract_before_travel = 2
; retract_before_wipe = 70%
; retract_layer_change = 1
; retract_length = 5
; retract_length_toolchange = 1
; retract_lift = 0
; retract_lift_above = 0.2
; retract_lift_below = 0
; retract_restart_extra = 0
; retract_restart_extra_toolchange = 0
; retract_speed = 60
; scarf_seam_entire_loop = 0
; scarf_seam_length = 20
; scarf_seam_max_segment_length = 1
; scarf_seam_on_inner_perimeters = 0
; scarf_seam_only_on_smooth = 1
; scarf_seam_placement = nowhere
; scarf_seam_start_height = 0%
; seam_gap_distance = 15%
; seam_position = nearest
; silent_mode = 0
; single_extruder_multi_material = 0
; single_extruder_multi_material_priming = 0
; skirt_distance = 3
; skirt_height = 2
; skirts = 1
; slice_closing_radius = 0.049
; slicing_mode = regular
; slowdown_below_layer_time = 20
; small_perimeter_speed = 25
; solid_infill_acceleration = 0
; solid_infill_below_area = 0
; solid_infill_every_layers = 0
; solid_infill_extruder = 1
; solid_infill_extrusion_width = 0.44
; solid_infill_speed = 40
; spiral_vase = 0
; staggered_inner_seams = 0
; standby_temperature_delta = -5
; start_filament_gcode = "; Filament gcode\n"
; start_gcode = G90 ; use absolute coordinates\nM83 ; extruder relative mode\nM104 S{is_nil(idle_temperature[0]) ? 150 : idle_temperature[0]} ; set temporary nozzle temp to prevent oozing during homing\nM140 S{first_layer_bed_temperature[0]} ; set final bed temp\nG4 S30 ; allow partial nozzle warmup\nG28 ; home all axis\nG1 Z50 F240\nG1 X2.0 Y10 F3000\nM104 S{first_layer_temperature[0]} ; set final nozzle temp\nM190 S{first_layer_bed_temperature[0]} ; wait for bed temp to stabilize\nM109 S{first_layer_temperature[0]} ; wait for nozzle temp to stabilize\nG1 Z0.28 F240\nG92 E0\nG1 X2.0 Y140 E10 F1500 ; prime the nozzle\nG1 X2.3 Y140 F5000\nG92 E0\nG1 X2.3 Y10 E10 F1200 ; prime the nozzle\nG92 E0
; support_material = 0
; support_material_angle = 0
; support_material_auto = 0
; support_material_bottom_contact_distance = 0
; support_material_bottom_interface_layers = -1
; support_material_buildplate_only = 0
; support_material_closing_radius = 2
; support_material_contact_distance = 0.15
; support_material_enforce_layers = 0
; support_material_extruder = 0
; support_material_extrusion_width = 0.36
; support_material_interface_contact_loops = 0
; support_material_interface_extruder = 0
; support_material_interface_layers = 2
; support_material_interface_pattern = rectilinear
; support_material_interface_spacing = 0.2
; support_material_interface_speed = 100%
; support_material_pattern = rectilinear
; support_material_spacing = 1
; support_material_speed = 40
; support_material_style = grid
; support_material_synchronize_layers = 0
; support_material_threshold = 40
; support_material_with_sheath = 0
; support_material_xy_spacing = 60%
; support_tree_angle = 40
; support_tree_angle_slow = 25
; support_tree_branch_diameter = 2
; support_tree_branch_diameter_angle = 5
; support_tree_branch_diameter_double_wall = 3
; support_tree_branch_distance = 1
; support_tree_tip_diameter = 0.8
; support_tree_top_rate = 15%
; temperature = 205
; template_custom_gcode = 
; thick_bridges = 1
; thin_walls = 0
; thumbnails = 
; thumbnails_format = PNG
; toolchange_gcode = 
; top_fill_pattern = monotonic
; top_infill_extrusion_width = 0.4
; top_one_perimeter_type = none
; top_solid_infill_acceleration = 0
; top_solid_infill_speed = 30
; top_solid_layers = 3
; top_solid_min_thickness = 0
; travel_acceleration = 0
; travel_lift_before_obstacle = 0
; travel_max_lift = 0
; travel_ramping_lift = 0
; travel_short_distance_acceleration = 0
; travel_slope = 0
; travel_speed = 150
; travel_speed_z = 0
; use_firmware_retraction = 0
; use_relative_e_distances = 1
; use_volumetric_e = 0
; variable_layer_height = 1
; wall_distribution_count = 1
; wall_transition_angle = 10
; wall_transition_filter_deviation = 25%
; wall_transition_length = 100%
; wipe = 1
; wipe_into_infill = 0
; wipe_into_objects = 0
; wipe_tower = 0
; wipe_tower_acceleration = 0
; wipe_tower_bridging = 10
; wipe_tower_brim_width = 2
; wipe_tower_cone_angle = 0
; wipe_tower_extra_flow = 100%
; wipe_tower_extra_spacing = 100%
; wipe_tower_extruder = 0
; wipe_tower_no_sparse_layers = 0
; wipe_tower_width = 60
; wiping_volumes_matrix = 0
; wiping_volumes_use_custom_matrix = 0
; xy_size_compensation = 0
; z_offset = 0
; prusaslicer_config = end
