; generated by PrusaSlicer 2.9.4 on 2026-07-06 at 17:59:00 UTC

; 

; external perimeters extrusion width = 0.42mm
; perimeters extrusion width = 0.44mm
; infill extrusion width = 0.44mm
; solid infill extrusion width = 0.44mm
; top infill extrusion width = 0.40mm
; first layer extrusion width = 0.42mm

M201 X500 Y500 Z100 E5000 ; sets maximum accelerations, mm/sec^2
M203 X500 Y500 Z10 E60 ; sets maximum feedrates, mm / sec
M204 S500 T1000 ; sets acceleration (S) and retract acceleration (R), mm/sec^2
M205 X8.00 Y8.00 Z0.40 E5.00 ; sets the jerk limits, mm/sec
M205 S0 T0 ; sets the minimum extruding and travel feed rate, mm/sec

; printing object bolt_25x8.stl id:0 copy 0
; stop printing object bolt_25x8.stl id:0 copy 0

;TYPE:Custom
G90 ; use absolute coordinates
M83 ; extruder relative mode
M104 S150 ; set temporary nozzle temp to prevent oozing during homing
M140 S60 ; set final bed temp
G4 S30 ; allow partial nozzle warmup
G28 ; home all axis
G1 Z50 F240
G1 X2.0 Y10 F3000
M104 S210 ; set final nozzle temp
M190 S60 ; wait for bed temp to stabilize
M109 S210 ; wait for nozzle temp to stabilize
G1 Z0.28 F240
G92 E0
G1 X2.0 Y140 E10 F1500 ; prime the nozzle
G1 X2.3 Y140 F5000
G92 E0
G1 X2.3 Y10 E10 F1200 ; prime the nozzle
G92 E0
G21 ; set units to millimeters
G90 ; use absolute coordinates
M83 ; use relative distances for extrusion
; Filament gcode
M107
;LAYER_CHANGE
;Z:0.2
;HEIGHT:0.2
G1 E-5 F3600
G1 Z.2 F9000
G1 X105.337 Y105.065
G1 E5 F2400
M204 S500
;TYPE:Skirt/Brim
;WIDTH:0.42
G1 F1200
G1 X106.479 Y104.065 E.04759
G1 X108.007 Y103.011 E.0582
G1 X109.036 Y102.448 E.03678
G1 X110.209 Y101.93 E.04021
G1 X111.534 Y101.484 E.04383
G1 X112.826 Y101.183 E.04159
G1 X113.943 Y101.046 E.03529
G1 X117.057 Y101.046 E.09764
G1 X118.281 Y101.203 E.03869
G1 X119.782 Y101.579 E.04852
G1 X120.892 Y101.97 E.0369
G1 X122.57 Y102.766 E.05823
G1 X123.691 Y103.456 E.04127
G1 X124.79 Y104.281 E.04309
G1 X125.764 Y105.167 E.04128
G1 X126.837 Y106.363 E.05038
G1 X127.392 Y107.167 E.03063
G1 X128.796 Y109.622 E.08867
G1 X129.236 Y110.657 E.03526
G1 X129.581 Y111.778 E.03678
G1 X129.861 Y113.064 E.04127
G1 X130.035 Y114.572 E.0476
G1 X130.063 Y115.744 E.03676
G1 X129.913 Y117.595 E.05823
G1 X129.618 Y119.084 E.04759
G1 X129.082 Y120.75 E.05487
G1 X128.663 Y121.633 E.03064
G1 X127.392 Y123.833 E.07966
G1 X126.837 Y124.637 E.03063
G1 X125.764 Y125.833 E.05038
G1 X123.974 Y127.346 E.07349
G1 X122.87 Y128.064 E.04129
G1 X121.522 Y128.761 E.04758
G1 X119.812 Y129.411 E.05736
G1 X118.652 Y129.719 E.03763
G1 X116.77 Y129.966 E.05951
G1 X114.23 Y129.966 E.07964
G1 X113.256 Y129.887 E.03064
G1 X111.683 Y129.556 E.0504
G1 X110.564 Y129.203 E.03679
G1 X109.347 Y128.702 E.04127
G1 X108.13 Y128.064 E.04308
G1 X107.143 Y127.43 E.03678
G1 X106.101 Y126.626 E.04127
G1 X104.762 Y125.34 E.05821
G1 X103.99 Y124.407 E.03797
G1 X102.204 Y121.378 E.11025
G1 X101.764 Y120.343 E.03526
G1 X101.382 Y119.084 E.04125
G1 X101.107 Y117.737 E.04311
G1 X100.965 Y116.428 E.04128
G1 X100.937 Y115.256 E.03676
G1 X101.087 Y113.405 E.05823
G1 X101.609 Y111.12 E.07349
G1 X102.337 Y109.367 E.05952
G1 X103.608 Y107.167 E.07966
G1 X104.163 Y106.363 E.03063
G1 X105.297 Y105.11 E.05299
G1 X105.576 Y105.362 F9000
G1 F1200
G1 X105.599 Y105.337 E.00107
G1 X106.706 Y104.367 E.04615
G1 X108.209 Y103.329 E.05727
G1 X109.212 Y102.782 E.03582
G1 X110.343 Y102.282 E.03877
G1 X111.639 Y101.846 E.04287
G1 X112.887 Y101.555 E.04018
G1 X113.973 Y101.422 E.03431
G1 X117.027 Y101.422 E.09576
G1 X118.206 Y101.572 E.03726
G1 X119.662 Y101.936 E.04706
G1 X120.745 Y102.317 E.036
G1 X122.395 Y103.1 E.05726
G1 X123.477 Y103.766 E.03984
G1 X124.551 Y104.573 E.04212
G1 X125.492 Y105.428 E.03986
G1 X126.545 Y106.602 E.04945
G1 X127.066 Y107.356 E.02874
G1 X128.456 Y109.783 E.08769
G1 X128.883 Y110.79 E.0343
G1 X129.219 Y111.883 E.03585
G1 X129.489 Y113.125 E.03985
G1 X129.658 Y114.587 E.04615
G1 X129.686 Y115.729 E.03582
G1 X129.539 Y117.549 E.05725
G1 X129.252 Y118.993 E.04616
G1 X128.729 Y120.616 E.05346
G1 X128.336 Y121.444 E.02874
G1 X127.066 Y123.644 E.07965
G1 X126.545 Y124.399 E.02876
G1 X125.492 Y125.572 E.04942
G1 X123.747 Y127.045 E.0716
G1 X122.681 Y127.737 E.03985
G1 X121.374 Y128.414 E.04615
G1 X119.691 Y129.054 E.05646
G1 X118.562 Y129.353 E.03662
G1 X116.77 Y129.589 E.05667
G1 X114.23 Y129.589 E.07964
G1 X113.316 Y129.515 E.02875
G1 X111.773 Y129.19 E.04944
G1 X110.684 Y128.845 E.03582
G1 X109.508 Y128.362 E.03986
G1 X108.319 Y127.737 E.04212
G1 X107.357 Y127.12 E.03583
G1 X106.351 Y126.344 E.03984
G1 X105.034 Y125.078 E.05728
G1 X104.3 Y124.193 E.03605
G1 X102.544 Y121.217 E.10834
G1 X102.117 Y120.21 E.0343
G1 X101.748 Y118.993 E.03987
G1 X101.479 Y117.677 E.04212
G1 X101.342 Y116.413 E.03986
G1 X101.314 Y115.271 E.03582
G1 X101.461 Y113.451 E.05725
G1 X101.972 Y111.225 E.07161
G1 X102.664 Y109.556 E.05665
G1 X103.934 Y107.356 E.07965
G1 X104.455 Y106.601 E.02876
G1 X105.536 Y105.406 E.05052
G1 E-3.5 F3600
;WIPE_START
G1 F7200
G1 X105.576 Y105.362 E-.02825
G1 X105.599 Y105.337 E-.01614
G1 X106.706 Y104.367 E-.69913
G1 X108.016 Y103.462 E-.75648
;WIPE_END
G1 X108.125 Y107.727 F9000
G1 E5 F2400
G1 F1200
G1 X109.321 Y106.748 E.04846
G1 X111.012 Y105.772 E.06122
G1 X112.402 Y105.244 E.04662
G1 X113.261 Y105.022 E.02782
G1 X114.275 Y104.886 E.03208
G1 X116.825 Y104.889 E.07995
G1 X118.238 Y105.145 E.04502
G1 X119.17 Y105.435 E.0306
G1 X120.806 Y106.193 E.05653
G1 X122.382 Y107.29 E.06021
G1 X123.089 Y107.941 E.03013
G1 X123.837 Y108.784 E.03534
G1 X125.334 Y111.305 E.09193
G1 X125.901 Y112.93 E.05396
G1 X126.188 Y114.757 E.05799
G1 X126.189 Y116.221 E.0459
G1 X126.071 Y117.238 E.0321
G1 X125.839 Y118.3 E.03408
G1 X125.465 Y119.406 E.03661
G1 X124.046 Y121.926 E.09068
G1 X122.873 Y123.275 E.05605
G1 X121.662 Y124.264 E.04902
G1 X119.992 Y125.227 E.06044
G1 X118.591 Y125.758 E.04698
G1 X117.738 Y125.978 E.02762
G1 X116.729 Y126.113 E.03192
G1 X114.288 Y126.113 E.07654
G1 X113.589 Y126.039 E.02204
G1 X111.765 Y125.541 E.05928
G1 X110.037 Y124.716 E.06004
G1 X108.615 Y123.708 E.05465
G1 X107.89 Y123.037 E.03097
G1 X106.975 Y121.955 E.04443
G1 X105.659 Y119.682 E.08235
G1 X105.099 Y118.07 E.05351
G1 X104.812 Y116.243 E.05799
G1 X104.811 Y114.779 E.0459
G1 X104.929 Y113.762 E.0321
G1 X105.161 Y112.7 E.03408
G1 X105.535 Y111.594 E.03661
G1 X106.954 Y109.074 E.09068
G1 X108.086 Y107.772 E.0541
G1 X108.369 Y108.018 F9000
G1 F1200
G1 X108.384 Y108.002 E.00069
G1 X109.543 Y107.053 E.04697
G1 X110.332 Y106.549 E.02936
G1 X111.165 Y106.117 E.02942
G1 X112.517 Y105.604 E.04534
G1 X113.345 Y105.39 E.02681
G1 X114.287 Y105.263 E.0298
G1 X116.808 Y105.266 E.07904
G1 X118.158 Y105.514 E.04304
G1 X119.848 Y106.123 E.05632
G1 X121.407 Y107.018 E.05636
G1 X122.813 Y108.198 E.05755
G1 X123.543 Y109.021 E.03449
G1 X125 Y111.481 E.08965
G1 X125.534 Y113.017 E.05099
G1 X125.711 Y113.895 E.02808
G1 X125.811 Y114.777 E.02783
G1 X125.812 Y116.202 E.04468
G1 X125.698 Y117.185 E.03103
G1 X125.478 Y118.189 E.03223
G1 X125.114 Y119.269 E.03573
G1 X123.727 Y121.724 E.08841
G1 X122.615 Y123 E.05307
G1 X121.44 Y123.959 E.04755
G1 X119.839 Y124.882 E.05794
G1 X118.476 Y125.399 E.04571
G1 X117.655 Y125.61 E.02658
G1 X116.716 Y125.736 E.02971
G1 X114.298 Y125.736 E.07581
G1 X113.64 Y125.666 E.02075
G1 X111.889 Y125.185 E.05694
G1 X111.05 Y124.829 E.02858
G1 X109.534 Y123.941 E.05509
G1 X108.17 Y122.784 E.05608
G1 X107.273 Y121.724 E.04354
G1 X105.995 Y119.51 E.08015
G1 X105.466 Y117.983 E.05067
G1 X105.289 Y117.105 E.02808
G1 X105.189 Y116.223 E.02783
G1 X105.188 Y114.798 E.04468
G1 X105.302 Y113.815 E.03103
G1 X105.522 Y112.811 E.03223
G1 X105.886 Y111.731 E.03573
G1 X107.273 Y109.276 E.08841
G1 X108.329 Y108.064 E.0504
G1 X108.612 Y108.311 F9000
G1 F1200
G1 X108.642 Y108.277 E.00142
G1 X109.765 Y107.358 E.0455
G1 X111.318 Y106.461 E.05623
G1 X112.632 Y105.963 E.04406
G1 X113.428 Y105.758 E.02577
G1 X114.299 Y105.641 E.02755
G1 X116.79 Y105.643 E.0781
G1 X118.078 Y105.882 E.04107
G1 X118.928 Y106.15 E.02794
G1 X120.445 Y106.855 E.05245
G1 X121.885 Y107.857 E.05501
G1 X123.249 Y109.257 E.06129
G1 X124.666 Y111.656 E.08736
G1 X125.167 Y113.104 E.04804
G1 X125.434 Y114.797 E.05374
G1 X125.436 Y116.183 E.04346
G1 X125.325 Y117.132 E.02996
G1 X125.118 Y118.079 E.03039
G1 X124.762 Y119.131 E.03482
G1 X123.409 Y121.521 E.08611
G1 X122.357 Y122.724 E.05011
G1 X121.218 Y123.654 E.0461
G1 X119.685 Y124.537 E.05547
G1 X118.362 Y125.039 E.04437
G1 X117.571 Y125.242 E.0256
G1 X116.704 Y125.359 E.02743
G1 X114.309 Y125.359 E.07509
G1 X113.692 Y125.292 E.01946
G1 X112.029 Y124.835 E.05408
G1 X110.433 Y124.074 E.05544
G1 X109.114 Y123.142 E.05064
G1 X108.45 Y122.531 E.02829
G1 X107.591 Y121.52 E.0416
G1 X106.331 Y119.337 E.07903
G1 X105.833 Y117.896 E.0478
G1 X105.566 Y116.203 E.05374
G1 X105.564 Y114.817 E.04346
G1 X105.675 Y113.868 E.02996
G1 X105.882 Y112.921 E.03039
G1 X106.238 Y111.869 E.03482
G1 X107.591 Y109.479 E.08611
G1 X108.573 Y108.356 E.04677
G1 X108.855 Y108.603 F9000
G1 F1200
G1 X108.9 Y108.552 E.00213
G1 X109.987 Y107.663 E.04403
G1 X110.709 Y107.202 E.02686
G1 X111.471 Y106.806 E.02693
G1 X112.746 Y106.322 E.04276
G1 X114.312 Y106.018 E.05002
G1 X116.772 Y106.02 E.07713
G1 X117.996 Y106.251 E.03906
G1 X119.544 Y106.813 E.05164
G1 X120.977 Y107.637 E.05183
G1 X122.262 Y108.713 E.05255
G1 X122.955 Y109.494 E.03274
G1 X124.331 Y111.831 E.08503
G1 X124.8 Y113.191 E.04511
G1 X124.963 Y113.997 E.02578
G1 X125.058 Y114.817 E.02588
G1 X125.059 Y116.164 E.04223
G1 X124.757 Y117.968 E.05735
G1 X124.411 Y118.993 E.03392
G1 X123.09 Y121.318 E.08384
G1 X122.099 Y122.449 E.04715
G1 X120.997 Y123.349 E.04461
G1 X120.289 Y123.799 E.0263
G1 X118.898 Y124.459 E.04827
G1 X117.489 Y124.874 E.04605
G1 X116.691 Y124.982 E.02525
G1 X114.319 Y124.982 E.07437
G1 X113.745 Y124.918 E.01811
G1 X112.153 Y124.479 E.05178
G1 X111.375 Y124.149 E.0265
G1 X109.981 Y123.333 E.05065
G1 X108.729 Y122.277 E.05135
G1 X107.909 Y121.317 E.03959
G1 X106.666 Y119.164 E.07795
G1 X106.2 Y117.809 E.04493
G1 X106.037 Y117.003 E.02578
G1 X105.942 Y116.183 E.02588
G1 X105.941 Y114.836 E.04223
G1 X106.243 Y113.032 E.05735
G1 X106.589 Y112.007 E.03392
G1 X107.91 Y109.682 E.08384
G1 X108.815 Y108.648 E.04308
G1 X109.097 Y108.896 F9000
G1 F1200
G1 X109.158 Y108.827 E.00289
G1 X110.209 Y107.968 E.04256
G1 X111.624 Y107.151 E.05123
G1 X112.861 Y106.681 E.04149
G1 X113.594 Y106.494 E.02372
G1 X114.324 Y106.395 E.0231
G1 X116.754 Y106.397 E.07619
G1 X117.914 Y106.619 E.03703
G1 X118.684 Y106.863 E.02533
G1 X120.083 Y107.517 E.04842
G1 X121.389 Y108.425 E.04987
G1 X122.66 Y109.73 E.05712
G1 X123.996 Y112.005 E.08272
G1 X124.433 Y113.278 E.0422
G1 X124.681 Y114.837 E.0495
G1 X124.682 Y116.144 E.04098
G1 X124.578 Y117.025 E.02781
G1 X124.396 Y117.857 E.0267
G1 X124.059 Y118.855 E.03303
G1 X122.772 Y121.114 E.08152
G1 X121.841 Y122.174 E.04423
G1 X120.776 Y123.043 E.0431
G1 X119.379 Y123.848 E.05055
G1 X118.134 Y124.32 E.04175
G1 X117.406 Y124.506 E.02356
G1 X116.678 Y124.605 E.02304
G1 X113.799 Y124.545 E.09029
G1 X112.278 Y124.123 E.04949
G1 X110.828 Y123.432 E.05036
G1 X109.611 Y122.574 E.04669
G1 X109.007 Y122.023 E.02563
G1 X108.227 Y121.113 E.03758
G1 X107.002 Y118.991 E.07682
G1 X106.567 Y117.722 E.04206
G1 X106.319 Y116.163 E.0495
G1 X106.318 Y114.856 E.04098
G1 X106.422 Y113.975 E.02781
G1 X106.604 Y113.143 E.0267
G1 X106.941 Y112.145 E.03303
G1 X108.228 Y109.886 E.08152
G1 X109.058 Y108.941 E.03944
G1 X109.339 Y109.189 F9000
G1 F1200
G1 X109.416 Y109.102 E.00364
G1 X109.905 Y108.672 E.02042
G1 X111.086 Y107.855 E.04503
G1 X111.777 Y107.495 E.02443
G1 X112.975 Y107.041 E.04017
G1 X114.337 Y106.772 E.04353
G1 X116.735 Y106.774 E.07519
G1 X117.831 Y106.987 E.03501
G1 X119.238 Y107.503 E.04699
G1 X120.546 Y108.256 E.04732
G1 X121.711 Y109.229 E.04759
G1 X122.366 Y109.967 E.03094
G1 X123.661 Y112.179 E.08037
G1 X124.066 Y113.365 E.03929
G1 X124.219 Y114.116 E.02403
G1 X124.305 Y114.858 E.02342
G1 X124.306 Y116.125 E.03973
G1 X124.036 Y117.747 E.05156
G1 X123.708 Y118.717 E.03211
G1 X122.455 Y120.91 E.07919
G1 X121.583 Y121.899 E.04134
G1 X120.554 Y122.738 E.04163
G1 X119.913 Y123.146 E.02382
G1 X118.63 Y123.754 E.04452
G1 X117.323 Y124.138 E.04271
G1 X116.665 Y124.228 E.02082
G1 X113.853 Y124.172 E.08819
G1 X112.403 Y123.767 E.0472
G1 X111.699 Y123.468 E.02398
G1 X110.427 Y122.725 E.04619
G1 X109.285 Y121.767 E.04674
G1 X108.544 Y120.909 E.03555
G1 X107.338 Y118.819 E.07566
G1 X106.934 Y117.635 E.03923
G1 X106.781 Y116.884 E.02403
G1 X106.695 Y116.142 E.02342
G1 X106.694 Y114.875 E.03973
G1 X106.964 Y113.253 E.05156
G1 X107.292 Y112.283 E.03211
G1 X108.545 Y110.09 E.07919
G1 X109.3 Y109.234 E.03579
G1 X109.581 Y109.483 F9000
G1 F1200
G1 X109.674 Y109.377 E.00442
G1 X110.652 Y108.578 E.0396
G1 X111.93 Y107.84 E.04627
G1 X113.089 Y107.4 E.03887
G1 X113.759 Y107.23 E.02167
G1 X114.35 Y107.149 E.0187
G1 X116.716 Y107.152 E.07418
G1 X118.438 Y107.576 E.0556
G1 X119.72 Y108.179 E.04442
G1 X120.894 Y108.995 E.04483
G1 X122.071 Y110.203 E.05288
G1 X123.326 Y112.353 E.07806
G1 X123.699 Y113.452 E.03639
G1 X123.928 Y114.878 E.04528
G1 X123.929 Y116.105 E.03847
G1 X123.831 Y116.917 E.02564
G1 X123.357 Y118.579 E.05419
G1 X122.137 Y120.706 E.07688
G1 X121.325 Y121.623 E.0384
G1 X120.333 Y122.432 E.04014
G1 X119.071 Y123.159 E.04567
G1 X117.906 Y123.601 E.03907
G1 X117.24 Y123.77 E.02154
G1 X116.652 Y123.851 E.01861
G1 X113.908 Y123.799 E.08605
G1 X112.528 Y123.411 E.04495
G1 X111.223 Y122.789 E.04533
G1 X110.106 Y122.005 E.04279
G1 X109.562 Y121.512 E.02302
G1 X108.862 Y120.704 E.03352
G1 X107.674 Y118.646 E.07451
G1 X107.301 Y117.548 E.03636
G1 X107.072 Y116.122 E.04528
G1 X107.071 Y114.895 E.03847
G1 X107.169 Y114.083 E.02564
G1 X107.643 Y112.421 E.05419
G1 X108.863 Y110.294 E.07688
G1 X109.541 Y109.528 E.03207
G1 X109.84 Y109.817 F9000
G1 F1200
G1 X110.382 Y109.256 E.02446
G1 X111.463 Y108.508 E.04122
G1 X112.084 Y108.185 E.02195
G1 X113.203 Y107.76 E.03753
G1 X114.362 Y107.526 E.03707
G1 X116.697 Y107.529 E.07321
G1 X117.662 Y107.722 E.03086
G1 X118.932 Y108.192 E.04246
G1 X120.103 Y108.867 E.04238
G1 X121.161 Y109.745 E.04311
G1 X121.777 Y110.439 E.0291
G1 X122.99 Y112.526 E.07569
G1 X123.332 Y113.539 E.03352
G1 X123.472 Y114.22 E.0218
G1 X123.551 Y114.899 E.02143
G1 X123.552 Y116.086 E.03722
G1 X123.314 Y117.526 E.04576
G1 X123.005 Y118.441 E.03028
G1 X121.82 Y120.501 E.07451
G1 X120.605 Y121.755 E.05475
G1 X119.536 Y122.492 E.04071
G1 X118.363 Y123.049 E.04071
G1 X117.158 Y123.402 E.03937
G1 X116.639 Y123.474 E.01643
G1 X113.964 Y123.426 E.08389
G1 X112.654 Y123.055 E.04269
G1 X112.024 Y122.787 E.02147
G1 X110.872 Y122.116 E.0418
G1 X109.839 Y121.255 E.04216
G1 X109.179 Y120.5 E.03144
G1 X108.01 Y118.474 E.07334
G1 X107.668 Y117.461 E.03352
G1 X107.528 Y116.78 E.0218
G1 X107.449 Y116.101 E.02143
G1 X107.448 Y114.914 E.03722
G1 X107.686 Y113.474 E.04576
G1 X107.995 Y112.559 E.03028
G1 X109.18 Y110.499 E.07451
G1 X109.798 Y109.86 E.02787
G1 X110.05 Y110.085 F9000
G1 F1200
G1 X110.19 Y109.928 E.0066
G1 X111.095 Y109.188 E.03665
G1 X112.237 Y108.529 E.04134
G1 X113.924 Y107.966 E.05576
G1 X114.375 Y107.903 E.01428
G1 X116.677 Y107.906 E.07218
G1 X118.19 Y108.289 E.04894
G1 X119.357 Y108.839 E.04045
G1 X120.401 Y109.565 E.03987
G1 X121.482 Y110.675 E.04858
G1 X122.654 Y112.698 E.07331
G1 X122.965 Y113.626 E.03069
G1 X123.175 Y114.921 E.04113
G1 X123.176 Y116.066 E.0359
G1 X123.09 Y116.776 E.02242
G1 X122.654 Y118.302 E.04976
G1 X121.504 Y120.295 E.07215
G1 X120.81 Y121.072 E.03267
G1 X119.892 Y121.821 E.03715
G1 X118.763 Y122.471 E.04085
G1 X117.076 Y123.034 E.05576
G1 X116.626 Y123.097 E.01425
G1 X114.022 Y123.053 E.08166
G1 X112.779 Y122.7 E.04051
G1 X111.616 Y122.145 E.0404
G1 X110.599 Y121.435 E.03889
G1 X109.496 Y120.295 E.04974
G1 X108.346 Y118.302 E.07215
G1 X108.035 Y117.374 E.03069
G1 X107.825 Y116.079 E.04113
G1 X107.824 Y114.934 E.0359
G1 X107.91 Y114.224 E.02242
G1 X108.346 Y112.698 E.04976
G1 X109.496 Y110.705 E.07215
G1 X110.01 Y110.13 E.02418
G1 X110.3 Y110.413 F9000
G1 F1200
G1 X110.87 Y109.831 E.02554
G1 X111.84 Y109.161 E.03696
G1 X112.908 Y108.656 E.03704
G1 X114.388 Y108.28 E.04788
G1 X116.657 Y108.283 E.07114
G1 X117.488 Y108.456 E.02661
G1 X118.624 Y108.881 E.03803
G1 X119.684 Y109.495 E.03841
G1 X120.611 Y110.261 E.0377
G1 X121.187 Y110.911 E.02723
G1 X122.318 Y112.869 E.0709
G1 X122.725 Y114.325 E.0474
G1 X122.799 Y116.047 E.05404
G1 X122.592 Y117.307 E.04004
G1 X122.318 Y118.131 E.02723
G1 X121.187 Y120.089 E.0709
G1 X120.129 Y121.17 E.04743
G1 X119.16 Y121.839 E.03692
G1 X118.095 Y122.344 E.03696
G1 X116.993 Y122.666 E.036
G1 X116.612 Y122.72 E.01207
G1 X114.08 Y122.68 E.0794
G1 X112.92 Y122.35 E.03781
G1 X112.362 Y122.113 E.01901
G1 X111.316 Y121.506 E.03792
G1 X110.389 Y120.739 E.03772
G1 X109.813 Y120.089 E.02723
G1 X108.682 Y118.131 E.0709
G1 X108.275 Y116.675 E.0474
G1 X108.201 Y114.953 E.05404
G1 X108.408 Y113.693 E.04004
G1 X108.682 Y112.869 E.02723
G1 X109.813 Y110.911 E.0709
G1 X110.258 Y110.456 E.01995
G1 X110.516 Y110.689 F9000
G1 F1200
G1 X110.705 Y110.479 E.00886
G1 X111.537 Y109.8 E.03367
G1 X112.545 Y109.218 E.03649
G1 X114.089 Y108.702 E.05104
G1 X116.636 Y108.66 E.07987
G1 X117.94 Y109 E.04225
G1 X118.992 Y109.499 E.03651
G1 X119.909 Y110.137 E.03503
G1 X120.87 Y111.117 E.04304
G1 X121.981 Y113.041 E.06966
G1 X122.231 Y113.8 E.02506
G1 X122.422 Y114.965 E.03702
G1 X122.349 Y116.637 E.05247
G1 X121.981 Y117.959 E.04303
G1 X120.87 Y119.883 E.06966
G1 X120.295 Y120.52 E.02691
G1 X119.45 Y121.209 E.03419
G1 X118.455 Y121.782 E.036
G1 X116.911 Y122.298 E.05104
G1 X114.141 Y122.308 E.08685
G1 X113.046 Y121.994 E.03572
G1 X112.009 Y121.501 E.036
G1 X111.091 Y120.863 E.03505
G1 X110.13 Y119.883 E.04304
G1 X109.019 Y117.959 E.06966
G1 X108.769 Y117.2 E.02506
G1 X108.578 Y116.035 E.03702
G1 X108.651 Y114.363 E.05247
G1 X109.019 Y113.041 E.04303
G1 X110.13 Y111.117 E.06966
G1 X110.475 Y110.734 E.01616
G1 X110.755 Y111.011 F9000
G1 F1200
G1 X111.347 Y110.415 E.02634
G1 X112.217 Y109.814 E.03315
G1 X113.163 Y109.366 E.03282
G1 X114.416 Y109.034 E.04064
G1 X116.615 Y109.037 E.06895
G1 X117.308 Y109.189 E.02225
G1 X118.315 Y109.569 E.03375
G1 X119.242 Y110.105 E.03357
G1 X120.065 Y110.782 E.03341
G1 X120.554 Y111.323 E.02287
G1 X121.645 Y113.212 E.0684
G1 X121.978 Y114.432 E.03965
G1 X122.046 Y116.008 E.04946
G1 X121.869 Y117.094 E.0345
G1 X121.645 Y117.788 E.02287
G1 X120.554 Y119.677 E.0684
G1 X119.653 Y120.585 E.04011
G1 X118.783 Y121.186 E.03315
G1 X117.828 Y121.639 E.03314
G1 X116.829 Y121.93 E.03262
G1 X114.203 Y121.936 E.08234
G1 X113.172 Y121.639 E.03364
G1 X111.758 Y120.895 E.0501
G1 X110.935 Y120.218 E.03341
G1 X110.446 Y119.677 E.02287
G1 X109.355 Y117.788 E.0684
G1 X109.022 Y116.568 E.03965
G1 X108.954 Y114.992 E.04946
G1 X109.131 Y113.906 E.0345
G1 X109.355 Y113.212 E.02287
G1 X110.446 Y111.323 E.0684
G1 X110.713 Y111.054 E.01188
G1 X110.976 Y111.296 F9000
G1 F1200
G1 X111.219 Y111.031 E.01127
G1 X111.979 Y110.411 E.03075
G1 X112.854 Y109.906 E.03168
G1 X114.254 Y109.438 E.04628
G1 X116.593 Y109.414 E.07334
G1 X117.687 Y109.711 E.03554
G1 X118.601 Y110.144 E.03171
G1 X119.419 Y110.711 E.03121
G1 X120.238 Y111.53 E.03632
G1 X121.308 Y113.382 E.06706
G1 X121.506 Y114.009 E.02062
G1 X121.669 Y115.01 E.0318
G1 X121.607 Y116.5 E.04676
G1 X121.308 Y117.618 E.03629
G1 X120.238 Y119.47 E.06706
G1 X119.781 Y119.969 E.02122
G1 X119.021 Y120.589 E.03075
G1 X118.146 Y121.094 E.03168
G1 X116.746 Y121.562 E.04628
G1 X114.268 Y121.564 E.0777
G1 X113.312 Y121.289 E.03119
G1 X112.399 Y120.855 E.0317
G1 X111.581 Y120.289 E.03119
G1 X110.762 Y119.47 E.03632
G1 X109.692 Y117.618 E.06706
G1 X109.494 Y116.991 E.02062
G1 X109.331 Y115.99 E.0318
G1 X109.393 Y114.5 E.04676
G1 X109.692 Y113.382 E.03629
G1 X110.762 Y111.53 E.06706
G1 X110.936 Y111.34 E.00808
; printing object bolt_25x8.stl id:0 copy 0
G1 X111.737 Y112.166 F9000
;TYPE:Perimeter
;WIDTH:0.419999
G1 F1200
G1 X112.005 Y111.877 E.01236
G1 X112.641 Y111.358 E.02574
G1 X113.343 Y110.953 E.02541
G1 X113.954 Y110.721 E.02049
G1 X114.539 Y110.564 E.01899
G1 X116.461 Y110.564 E.06026
G1 X116.89 Y110.662 E.0138
G1 X117.657 Y110.953 E.02572
G1 X118.359 Y111.358 E.02541
G1 X118.865 Y111.771 E.02048
G1 X119.294 Y112.2 E.01902
G1 X120.255 Y113.864 E.06025
G1 X120.385 Y114.285 E.01382
G1 X120.516 Y115.095 E.02573
G1 X120.516 Y115.905 E.0254
G1 X120.412 Y116.549 E.02045
G1 X120.255 Y117.136 E.01905
G1 X119.294 Y118.8 E.06025
G1 X118.995 Y119.123 E.0138
G1 X118.359 Y119.642 E.02574
G1 X117.657 Y120.047 E.02541
G1 X117.046 Y120.279 E.02049
G1 X116.461 Y120.436 E.01899
G1 X114.539 Y120.436 E.06026
G1 X114.11 Y120.338 E.0138
G1 X113.343 Y120.047 E.02572
G1 X112.641 Y119.642 E.02541
G1 X112.135 Y119.229 E.02048
G1 X111.706 Y118.8 E.01902
G1 X110.745 Y117.136 E.06025
G1 X110.615 Y116.715 E.01382
G1 X110.484 Y115.905 E.02573
G1 X110.484 Y115.095 E.0254
G1 X110.588 Y114.451 E.02045
G1 X110.745 Y113.864 E.01905
G1 X111.699 Y112.212 E.05981
G1 X111.455 Y111.916 F9000
G1 F1200
G1 X111.747 Y111.602 E.01344
G1 X112.426 Y111.047 E.0275
G1 X113.18 Y110.611 E.02731
G1 X114.001 Y110.3 E.02753
G1 X114.497 Y110.187 E.01595
G1 X116.503 Y110.187 E.0629
G1 X116.999 Y110.3 E.01595
G1 X117.82 Y110.611 E.02753
G1 X118.574 Y111.047 E.02731
G1 X119.253 Y111.602 E.0275
G1 X119.6 Y111.975 E.01597
G1 X120.602 Y113.712 E.06287
G1 X120.753 Y114.199 E.01599
G1 X120.893 Y115.065 E.02751
G1 X120.893 Y115.936 E.02731
G1 X120.753 Y116.801 E.02747
G1 X120.602 Y117.288 E.01599
G1 X119.6 Y119.025 E.06287
G1 X119.253 Y119.398 E.01597
G1 X118.574 Y119.953 E.0275
G1 X117.82 Y120.389 E.02731
G1 X116.999 Y120.7 E.02753
G1 X116.503 Y120.813 E.01595
G1 X114.497 Y120.813 E.0629
G1 X114.001 Y120.7 E.01595
G1 X113.18 Y120.389 E.02753
G1 X112.426 Y119.953 E.02731
G1 X111.747 Y119.398 E.0275
G1 X111.4 Y119.025 E.01597
G1 X110.398 Y117.288 E.06287
G1 X110.247 Y116.801 E.01599
G1 X110.107 Y115.935 E.02751
G1 X110.107 Y115.064 E.02731
G1 X110.247 Y114.199 E.02747
G1 X110.398 Y113.712 E.01599
G1 X111.4 Y111.975 E.06287
G1 X111.414 Y111.96 E.00064
G1 X111.173 Y111.666 F9000
;TYPE:External perimeter
G1 F1200
G1 X111.488 Y111.326 E.01453
G1 X112.211 Y110.736 E.02926
G1 X113.018 Y110.27 E.02922
G1 X113.891 Y109.938 E.02928
G1 X114.454 Y109.81 E.0181
G1 X116.546 Y109.81 E.06559
G1 X117.109 Y109.939 E.01811
G1 X117.982 Y110.27 E.02927
G1 X118.789 Y110.736 E.02922
G1 X119.512 Y111.326 E.02926
G1 X119.905 Y111.75 E.01813
G1 X120.95 Y113.56 E.06553
G1 X121.121 Y114.113 E.01815
G1 X121.271 Y115.034 E.02926
G1 X121.271 Y115.966 E.02922
G1 X121.121 Y116.887 E.02926
G1 X120.95 Y117.44 E.01815
G1 X119.905 Y119.25 E.06553
G1 X119.512 Y119.674 E.01813
G1 X118.789 Y120.264 E.02926
G1 X117.982 Y120.73 E.02922
G1 X117.109 Y121.062 E.02928
G1 X116.546 Y121.19 E.0181
G1 X114.454 Y121.19 E.06559
G1 X113.891 Y121.062 E.0181
G1 X113.018 Y120.73 E.02928
G1 X112.211 Y120.264 E.02922
G1 X111.488 Y119.674 E.02926
G1 X111.095 Y119.25 E.01813
G1 X110.05 Y117.44 E.06553
G1 X109.879 Y116.887 E.01815
G1 X109.729 Y115.966 E.02926
G1 X109.73 Y115.034 E.02922
G1 X109.879 Y114.113 E.02925
G1 X110.05 Y113.56 E.01815
G1 X111.095 Y111.75 E.06553
G1 X111.132 Y111.71 E.00171
G1 E-3.5 F3600
;WIPE_START
G1 F7200
G1 X111.173 Y111.666 E-.02857
G1 X111.488 Y111.326 E-.22016
G1 X112.211 Y110.736 E-.44326
G1 X113.018 Y110.27 E-.44264
G1 X113.737 Y109.997 E-.36537
;WIPE_END
G1 X117.989 Y111.284 F9000
G1 E5 F2400
;TYPE:Solid infill
;WIDTH:0.422206
G1 F1200
G1 X119.059 Y112.374 E.04817
G1 X119.765 Y113.597 E.04454
G1 X117.295 Y111.126 E.11019
G1 X116.806 Y110.941 E.01649
G1 X116.504 Y110.872 E.00977
G1 X120.124 Y114.492 E.16146
G1 X120.226 Y115.13 E.02038
G1 X115.95 Y110.855 E.19069
G1 X115.414 Y110.855 E.0169
G1 X120.226 Y115.667 E.21462
G1 X120.226 Y115.882 E.00678
G1 X120.181 Y116.158 E.00882
G1 X114.877 Y110.855 E.23654
G1 X114.572 Y110.855 E.00962
G1 X114.384 Y110.897 E.00608
G1 X120.106 Y116.62 E.25523
G1 X119.981 Y117.03 E.01352
G1 X113.974 Y111.024 E.2679
G1 X113.585 Y111.172 E.01313
G1 X119.784 Y117.371 E.27648
G1 X119.588 Y117.711 E.01238
G1 X113.23 Y111.353 E.28357
G1 X112.89 Y111.55 E.01239
G1 X119.392 Y118.051 E.28997
G1 X119.195 Y118.391 E.01239
G1 X112.584 Y111.78 E.29486
G1 X112.289 Y112.021 E.01201
G1 X118.98 Y118.712 E.29843
G1 X118.795 Y118.911 E.00857
G1 X118.711 Y118.979 E.00341
G1 X112.02 Y112.288 E.29843
G1 X111.941 Y112.374 E.00368
G1 X111.805 Y112.609 E.00856
G1 X118.416 Y119.22 E.29486
G1 X118.109 Y119.451 E.01212
G1 X111.608 Y112.949 E.28997
G1 X111.412 Y113.289 E.01238
G1 X117.769 Y119.647 E.28355
G1 X117.533 Y119.784 E.00861
G1 X117.415 Y119.828 E.00397
G1 X111.216 Y113.63 E.27646
G1 X111.019 Y113.97 E.01239
G1 X117.026 Y119.976 E.2679
G1 X116.806 Y120.059 E.00742
G1 X116.616 Y120.103 E.00615
G1 X110.894 Y114.381 E.25521
G1 X110.819 Y114.842 E.01473
G1 X116.123 Y120.145 E.23654
G1 X115.586 Y120.145 E.01694
G1 X110.774 Y115.333 E.21462
G1 X110.774 Y115.87 E.01694
G1 X115.05 Y120.145 E.19069
G1 X114.572 Y120.145 E.01508
G1 X114.496 Y120.128 E.00246
G1 X110.876 Y116.508 E.16146
G1 X110.899 Y116.649 E.00451
G1 X111.013 Y117.019 E.01221
G1 X111.235 Y117.403 E.01399
G1 X113.705 Y119.874 E.11019
G1 X113.467 Y119.784 E.00802
G1 X112.807 Y119.402 E.02405
G1 X112.21 Y118.915 E.0243
G1 X111.504 Y118.209 E.03149
M106 S255
;LAYER_CHANGE
;Z:0.4
;HEIGHT:0.2
;BEFORE_LAYER_CHANGE
G92 E0
;0.4


G1 E-3.5 F3600
;WIPE_START
G1 F7200
G1 X112.21 Y118.915 E-.47426
G1 X112.807 Y119.402 E-.36596
G1 X113.467 Y119.784 E-.36222
G1 X113.705 Y119.874 E-.12086
G1 X113.442 Y119.611 E-.1767
;WIPE_END
G1 Z.4 F9000
;AFTER_LAYER_CHANGE
;0.4
M104 S205 ; set temperature
; stop printing object bolt_25x8.stl id:0 copy 0
G1 X103.217 Y123.096
G1 E5 F2400
;TYPE:Skirt/Brim
;WIDTH:0.42
G1 F1522
G1 X102.204 Y121.378 E.06253
G1 X101.764 Y120.343 E.03526
G1 X101.382 Y119.084 E.04125
G1 X101.107 Y117.737 E.04311
G1 X100.965 Y116.428 E.04128
G1 X100.937 Y115.256 E.03676
G1 X101.087 Y113.405 E.05823
G1 X101.609 Y111.12 E.07349
G1 X102.337 Y109.367 E.05952
G1 X103.608 Y107.167 E.07966
G1 X104.163 Y106.363 E.03063
G1 X105.337 Y105.065 E.05488
G1 X106.479 Y104.065 E.04759
G1 X108.007 Y103.011 E.0582
G1 X109.036 Y102.448 E.03678
G1 X110.209 Y101.93 E.04021
G1 X111.534 Y101.484 E.04383
G1 X112.826 Y101.183 E.04159
G1 X113.943 Y101.046 E.03529
G1 X117.057 Y101.046 E.09764
G1 X118.281 Y101.203 E.03869
G1 X119.782 Y101.579 E.04852
G1 X120.892 Y101.97 E.0369
G1 X122.57 Y102.766 E.05823
G1 X123.691 Y103.456 E.04127
G1 X124.79 Y104.281 E.04309
G1 X125.764 Y105.167 E.04128
G1 X126.837 Y106.363 E.05038
G1 X127.392 Y107.167 E.03063
G1 X128.796 Y109.622 E.08867
G1 X129.236 Y110.657 E.03526
G1 X129.581 Y111.778 E.03678
G1 X129.861 Y113.064 E.04127
G1 X130.035 Y114.572 E.0476
G1 X130.063 Y115.744 E.03676
G1 X129.913 Y117.595 E.05823
G1 X129.618 Y119.084 E.04759
G1 X129.082 Y120.75 E.05487
G1 X128.663 Y121.633 E.03064
G1 X127.392 Y123.833 E.07966
G1 X126.837 Y124.637 E.03063
G1 X125.764 Y125.833 E.05038
G1 X123.974 Y127.346 E.07349
G1 X122.87 Y128.064 E.04129
G1 X121.522 Y128.761 E.04758
G1 X119.812 Y129.411 E.05736
G1 X118.652 Y129.719 E.03763
G1 X116.77 Y129.966 E.05951
G1 X114.23 Y129.966 E.07964
G1 X113.256 Y129.887 E.03064
G1 X111.683 Y129.556 E.0504
G1 X110.564 Y129.203 E.03679
G1 X109.347 Y128.702 E.04127
G1 X108.13 Y128.064 E.04308
G1 X107.143 Y127.43 E.03678
G1 X106.101 Y126.626 E.04127
G1 X104.762 Y125.34 E.05821
G1 X103.99 Y124.407 E.03797
G1 X103.247 Y123.148 E.04584
G1 X103.571 Y122.957 F9000
G1 F1522
G1 X102.544 Y121.217 E.06335
G1 X102.117 Y120.21 E.0343
G1 X101.748 Y118.993 E.03987
G1 X101.479 Y117.677 E.04212
G1 X101.342 Y116.413 E.03986
G1 X101.314 Y115.271 E.03582
G1 X101.461 Y113.451 E.05725
G1 X101.972 Y111.225 E.07161
G1 X102.664 Y109.556 E.05665
G1 X103.934 Y107.356 E.07965
G1 X104.455 Y106.601 E.02876
G1 X105.599 Y105.337 E.05345
G1 X106.706 Y104.367 E.04615
G1 X108.209 Y103.329 E.05727
G1 X109.212 Y102.782 E.03582
G1 X110.343 Y102.282 E.03877
G1 X111.639 Y101.846 E.04287
G1 X112.887 Y101.555 E.04018
G1 X113.973 Y101.422 E.03431
G1 X117.027 Y101.422 E.09576
G1 X118.206 Y101.572 E.03726
G1 X119.662 Y101.936 E.04706
G1 X120.745 Y102.317 E.036
G1 X122.395 Y103.1 E.05726
G1 X123.477 Y103.766 E.03984
G1 X124.551 Y104.573 E.04212
G1 X125.492 Y105.428 E.03986
G1 X126.545 Y106.602 E.04945
G1 X127.066 Y107.356 E.02874
G1 X128.456 Y109.783 E.08769
G1 X128.883 Y110.79 E.0343
G1 X129.219 Y111.883 E.03585
G1 X129.489 Y113.125 E.03985
G1 X129.658 Y114.587 E.04615
G1 X129.686 Y115.729 E.03582
G1 X129.539 Y117.549 E.05725
G1 X129.252 Y118.993 E.04616
G1 X128.729 Y120.616 E.05346
G1 X128.336 Y121.444 E.02874
G1 X127.066 Y123.644 E.07965
G1 X126.545 Y124.399 E.02876
G1 X125.492 Y125.572 E.04942
G1 X123.747 Y127.045 E.0716
G1 X122.681 Y127.737 E.03985
G1 X121.374 Y128.414 E.04615
G1 X119.691 Y129.054 E.05646
G1 X118.562 Y129.353 E.03662
G1 X116.77 Y129.589 E.05667
G1 X114.23 Y129.589 E.07964
G1 X113.316 Y129.515 E.02875
G1 X111.773 Y129.19 E.04944
G1 X110.684 Y128.845 E.03582
G1 X109.508 Y128.362 E.03986
G1 X108.319 Y127.737 E.04212
G1 X107.357 Y127.12 E.03583
G1 X106.351 Y126.344 E.03984
G1 X105.034 Y125.078 E.05728
G1 X104.3 Y124.193 E.03605
G1 X103.601 Y123.008 E.04314
G1 E-3.5 F3600
;WIPE_START
G1 F7200
G1 X103.571 Y122.957 E-.02811
G1 X102.544 Y121.217 E-.95973
G1 X102.123 Y120.224 E-.51216
;WIPE_END
; printing object bolt_25x8.stl id:0 copy 0
G1 X112.037 Y119.514 F9000
G1 E5 F2400
;TYPE:Perimeter
;WIDTH:0.439999
G1 F1500
G1 X110.304 Y116.513 E.11442
G1 X110.2 Y115.624 E.02955
G1 X110.212 Y115.073 E.0182
G1 X110.292 Y114.508 E.01884
G1 X112.025 Y111.507 E.11442
G1 X112.742 Y110.972 E.02954
G1 X113.226 Y110.707 E.01822
G1 X113.755 Y110.494 E.01883
G1 X117.221 Y110.494 E.11444
G1 X118.042 Y110.848 E.02952
G1 X118.514 Y111.134 E.01822
G1 X118.963 Y111.486 E.01884
G1 X120.696 Y114.487 E.11442
G1 X120.788 Y115.089 E.02011
G1 X120.788 Y115.927 E.02767
G1 X120.708 Y116.492 E.01884
G1 X118.975 Y119.493 E.11442
G1 X118.258 Y120.028 E.02954
G1 X117.774 Y120.293 E.01822
G1 X117.245 Y120.506 E.01883
G1 X113.779 Y120.506 E.11444
G1 X112.958 Y120.152 E.02952
G1 X112.486 Y119.866 E.01822
G1 X112.084 Y119.551 E.01686
G1 X111.726 Y119.768 F9000
G1 F1500
G1 X109.923 Y116.647 E.11901
G1 X109.841 Y116.111 E.0179
G1 X109.798 Y115.5 E.02022
G1 X109.829 Y114.936 E.01865
G1 X109.916 Y114.365 E.01907
G1 X111.718 Y111.244 E.11899
G1 X112.141 Y110.905 E.0179
G1 X112.649 Y110.562 E.02024
G1 X113.153 Y110.307 E.01865
G1 X113.691 Y110.097 E.01907
G1 X117.295 Y110.097 E.11899
G1 X117.8 Y110.293 E.01789
G1 X118.351 Y110.562 E.02024
G1 X118.824 Y110.87 E.01864
G1 X119.274 Y111.232 E.01907
G1 X121.077 Y114.353 E.11901
G1 X121.184 Y115.051 E.02332
G1 X121.171 Y116.064 E.03345
G1 X121.084 Y116.635 E.01907
G1 X119.282 Y119.756 E.11899
G1 X118.859 Y120.095 E.0179
G1 X118.351 Y120.438 E.02024
G1 X117.847 Y120.693 E.01865
G1 X117.309 Y120.903 E.01907
G1 X113.705 Y120.903 E.11899
G1 X113.2 Y120.707 E.01789
G1 X112.649 Y120.438 E.02024
G1 X112.176 Y120.13 E.01864
G1 X111.772 Y119.806 E.0171
G1 X111.422 Y120.016 F9000
;TYPE:External perimeter
;WIDTH:0.419999
G1 F1500
G1 X109.552 Y116.778 E.11724
G1 X109.458 Y116.17 E.01929
G1 X109.41 Y115.5 E.02106
G1 X109.445 Y114.89 E.01916
G1 X109.55 Y114.226 E.02108
G1 X111.419 Y110.988 E.11722
G1 X111.899 Y110.603 E.01929
G1 X112.455 Y110.226 E.02106
G1 X113.001 Y109.951 E.01917
G1 X113.628 Y109.71 E.02106
G1 X117.368 Y109.71 E.11726
G1 X117.94 Y109.932 E.01924
G1 X118.545 Y110.226 E.02109
G1 X119.056 Y110.561 E.01916
G1 X119.578 Y110.984 E.02107
G1 X121.448 Y114.222 E.11724
G1 X121.57 Y115.013 E.02509
G1 X121.555 Y116.11 E.0344
G1 X121.45 Y116.774 E.02108
G1 X119.581 Y120.012 E.11722
G1 X119.101 Y120.397 E.01929
G1 X118.545 Y120.774 E.02106
G1 X117.999 Y121.049 E.01917
G1 X117.372 Y121.29 E.02106
G1 X113.632 Y121.29 E.11726
G1 X113.06 Y121.068 E.01924
G1 X112.455 Y120.774 E.02109
G1 X111.944 Y120.439 E.01916
G1 X111.468 Y120.054 E.0192
G1 E-3.5 F3600
;WIPE_START
G1 F7200
G1 X111.422 Y120.016 E-.02834
G1 X109.873 Y117.333 E-1.47166
;WIPE_END
G1 X112.601 Y111.269 F9000
G1 E5 F2400
;TYPE:Solid infill
;WIDTH:0.38292
G1 F1522
G1 X112.185 Y111.642 E.0158
G1 X111.698 Y112.675 F9000
G1 F1522
G1 X111.657 Y112.686 E.0012
G1 X111.638 Y112.615 E.00208
G1 X111.709 Y112.634 E.00208
;WIDTH:0.41146
G1 X111.796 Y112.499 E.00492
;WIDTH:0.439999
G1 X111.883 Y112.364 E.0053
G1 X113.161 Y111.086 E.05967
G1 X113.316 Y111.003 E.00581
;WIDTH:0.41146
G1 X113.472 Y110.92 E.00542
;WIDTH:0.38292
G1 X113.431 Y110.931 E.0012
G1 X113.412 Y110.86 E.00208
G1 X113.483 Y110.879 E.00208
;WIDTH:0.439999
G1 X114.009 Y110.8 E.01756
G1 X111.116 Y113.693 E.13508
G1 X111.023 Y113.848 E.00597
;WIDTH:0.41146
G1 X110.931 Y114.004 E.00555
;WIDTH:0.38292
G1 X110.89 Y114.015 E.0012
G1 X110.871 Y113.944 E.00208
G1 X110.942 Y113.963 E.00208
G1 X110.556 Y114.814 F9000
;WIDTH:0.439999
G1 F1522
G1 X114.571 Y110.8 E.18745
G1 X115.132 Y110.8 E.01852
G1 X110.504 Y115.428 E.2161
G1 X110.529 Y115.965 E.01775
G1 X115.694 Y110.8 E.24117
G1 X116.255 Y110.8 E.01852
G1 X110.615 Y116.44 E.26335
G1 X110.821 Y116.796 E.01358
G1 X116.817 Y110.8 E.27997
G1 X117.318 Y110.86 E.01666
G1 X111.026 Y117.152 E.2938
G1 X111.232 Y117.508 E.01358
G1 X117.717 Y111.023 E.30281
G1 X118.08 Y111.222 E.01367
G1 X111.438 Y117.864 E.31014
G1 X111.643 Y118.22 E.01356
G1 X118.418 Y111.445 E.31635
G1 X118.73 Y111.694 E.01318
G1 X111.849 Y118.576 E.32132
G1 X112.054 Y118.932 E.01356
G1 X118.936 Y112.05 E.32134
G1 X119.141 Y112.406 E.01356
G1 X112.26 Y119.288 E.32132
G1 X112.567 Y119.542 E.01316
G1 X119.347 Y112.763 E.31656
G1 X119.552 Y113.119 E.01356
G1 X112.903 Y119.768 E.31046
G1 X113.264 Y119.968 E.01363
G1 X119.758 Y113.475 E.3032
G1 X119.963 Y113.831 E.01356
G1 X113.662 Y120.132 E.29422
G1 X114.155 Y120.2 E.01643
G1 X120.169 Y114.187 E.28079
G1 X120.374 Y114.543 E.01356
G1 X114.717 Y120.2 E.26414
G1 X115.278 Y120.2 E.01852
G1 X120.467 Y115.011 E.24229
G1 X120.497 Y115.543 E.01759
G1 X115.84 Y120.2 E.21745
G1 X116.402 Y120.2 E.01856
G1 X120.448 Y116.154 E.18892
G1 X120.178 Y116.95 F9000
;WIDTH:0.38292
G1 F1522
G1 X120.107 Y116.931 E.00208
G1 X120.126 Y117.002 E.00208
G1 X120.167 Y116.991 E.0012
;WIDTH:0.41146
G1 X120.045 Y117.116 E.00535
;WIDTH:0.439999
G1 X116.963 Y120.2 E.14396
G1 X118.28 Y119.557 F9000
;WIDTH:0.626402
G1 F1522
G1 X118.468 Y119.388 E.01226
;WIDTH:0.653776
G1 X118.656 Y119.22 E.01281
;LAYER_CHANGE
;Z:0.6
;HEIGHT:0.2
;BEFORE_LAYER_CHANGE
G92 E0
;0.6


G1 E-3.5 F3600
;WIPE_START
G1 F7200
G1 X118.468 Y119.388 E-.11976
G1 X118.28 Y119.557 E-.12008
;WIPE_END
G1 E-1.26016 F3600
G1 Z.6 F9000
;AFTER_LAYER_CHANGE
;0.6
G1 X118.686 Y119.973
G1 E5 F2400
;TYPE:Perimeter
;WIDTH:0.439999
G1 F978
G1 X118.239 Y120.274 E.01779
G1 X117.784 Y120.506 E.01686
G1 X113.241 Y120.506 E.15
G1 X112.735 Y120.26 E.01858
G1 X112.307 Y119.981 E.01687
G1 X110.035 Y116.047 E.15
G1 X109.996 Y115.485 E.0186
G1 X110.023 Y114.975 E.01686
G1 X112.294 Y111.041 E.14998
G1 X112.761 Y110.726 E.0186
G1 X113.216 Y110.494 E.01686
G1 X117.759 Y110.494 E.15
G1 X118.265 Y110.741 E.01859
G1 X118.693 Y111.019 E.01685
G1 X120.965 Y114.953 E.15
G1 X121.001 Y115.607 E.02163
G1 X120.977 Y116.025 E.01382
G1 X118.724 Y119.928 E.1488
G1 X118.992 Y120.245 F9000
G1 F978
G1 X118.343 Y120.669 E.0256
G1 X117.865 Y120.903 E.01757
G1 X113.15 Y120.903 E.15568
G1 X112.445 Y120.546 E.02609
G1 X112.004 Y120.25 E.01754
G1 X109.646 Y116.166 E.1557
G1 X109.603 Y115.377 E.02609
G1 X109.638 Y114.847 E.01754
G1 X111.996 Y110.763 E.1557
G1 X112.657 Y110.331 E.02607
G1 X113.135 Y110.097 E.01757
G1 X117.85 Y110.097 E.15568
G1 X118.555 Y110.454 E.02609
G1 X118.996 Y110.75 E.01754
G1 X121.354 Y114.834 E.1557
G1 X121.397 Y115.623 E.02609
G1 X121.362 Y116.153 E.01754
G1 X119.027 Y120.197 E.15418
G1 X119.291 Y120.51 F9000
;TYPE:External perimeter
;WIDTH:0.419999
G1 F978
G1 X118.523 Y121.011 E.02875
G1 X117.944 Y121.29 E.02015
G1 X113.061 Y121.29 E.1531
G1 X112.238 Y120.873 E.02893
G1 X111.708 Y120.512 E.02011
G1 X109.266 Y116.283 E.15312
G1 X109.216 Y115.362 E.02892
G1 X109.264 Y114.722 E.02012
G1 X111.705 Y110.493 E.1531
G1 X112.477 Y109.989 E.02891
G1 X113.056 Y109.71 E.02015
G1 X117.939 Y109.71 E.1531
G1 X118.762 Y110.127 E.02893
G1 X119.292 Y110.488 E.02011
G1 X121.734 Y114.717 E.15312
G1 X121.784 Y115.638 E.02892
G1 X121.736 Y116.278 E.02012
G1 X119.322 Y120.46 E.1514
G1 E-3.5 F3600
;WIPE_START
G1 F7200
G1 X119.291 Y120.51 E-.02794
G1 X118.523 Y121.011 E-.43556
G1 X117.944 Y121.29 E-.30529
G1 X116.405 Y121.29 E-.73121
;WIPE_END
G1 X111.939 Y118.803 F9000
G1 E5 F2400
;TYPE:Solid infill
;WIDTH:0.38292
G1 F978
G1 X111.92 Y118.875 E.00211
G1 X111.991 Y118.856 E.00208
G1 X111.98 Y118.814 E.00123
;WIDTH:0.41146
G1 X112.073 Y118.97 E.00557
;WIDTH:0.439999
G1 X112.166 Y119.125 E.00597
G1 X113.173 Y120.133 E.04704
G1 X113.255 Y120.235 E.00432
;WIDTH:0.41146
G1 X113.336 Y120.337 E.00399
;WIDTH:0.38292
G1 X113.541 Y120.348 E.0058
;WIDTH:0.439999
G1 X113.802 Y120.2 E.00991
G1 X111.399 Y117.797 E.1122
G1 X111.306 Y117.641 E.006
;WIDTH:0.41146
G1 X111.213 Y117.486 E.00554
;WIDTH:0.38292
G1 X111.224 Y117.527 E.0012
G1 X111.153 Y117.546 E.00208
G1 X111.172 Y117.475 E.00208
G1 X110.405 Y116.146 F9000
G1 F978
G1 X110.386 Y116.217 E.00208
G1 X110.457 Y116.198 E.00208
G1 X110.446 Y116.157 E.0012
;WIDTH:0.41146
G1 X110.539 Y116.313 E.00557
;WIDTH:0.439999
G1 X110.632 Y116.468 E.00597
G1 X114.364 Y120.2 E.17426
G1 X114.925 Y120.2 E.01852
G1 X110.309 Y115.584 E.21554
G1 X110.334 Y115.047 E.01775
G1 X115.487 Y120.2 E.24061
G1 X116.048 Y120.2 E.01852
G1 X110.54 Y114.691 E.25721
G1 X110.745 Y114.335 E.01356
G1 X116.61 Y120.2 E.27386
G1 X117.172 Y120.2 E.01856
G1 X110.951 Y113.979 E.29048
G1 X111.156 Y113.623 E.01356
G1 X117.728 Y120.195 E.30687
G1 X118.096 Y120.002 E.01372
G1 X111.362 Y113.267 E.31446
G1 X111.567 Y112.911 E.01356
G1 X118.432 Y119.775 E.32053
G1 X118.654 Y119.437 E.01335
G1 X111.773 Y112.555 E.32132
G1 X111.978 Y112.199 E.01356
G1 X118.86 Y119.081 E.32134
G1 X119.065 Y118.725 E.01356
G1 X112.184 Y111.843 E.32132
G1 X112.39 Y111.487 E.01358
G1 X119.271 Y118.369 E.32132
G1 X119.477 Y118.013 E.01358
G1 X112.64 Y111.176 E.31924
G1 X112.981 Y110.956 E.0134
G1 X119.682 Y117.657 E.31289
G1 X119.888 Y117.301 E.01358
G1 X113.387 Y110.8 E.30355
G1 X113.948 Y110.8 E.01852
G1 X120.093 Y116.945 E.28693
G1 X120.299 Y116.589 E.01358
G1 X114.51 Y110.8 E.27031
G1 X115.072 Y110.8 E.01856
G1 X120.504 Y116.233 E.25366
G1 X120.683 Y115.85 E.01396
G1 X115.633 Y110.8 E.2358
G1 X116.195 Y110.8 E.01856
G1 X120.682 Y115.287 E.20951
G1 X120.45 Y114.499 F9000
;WIDTH:0.38292
G1 F978
G1 X120.461 Y114.54 E.0012
G1 X120.39 Y114.559 E.00208
G1 X120.409 Y114.488 E.00208
;WIDTH:0.41146
G1 X120.307 Y114.368 E.00483
;WIDTH:0.439999
G1 X116.756 Y110.8 E.16621
G1 X117.318 Y110.8 E.01856
G1 X119.54 Y113.039 E.10415
;WIDTH:0.41146
G1 X119.642 Y113.159 E.00483
;WIDTH:0.38292
G1 X119.623 Y113.23 E.00208
G1 X119.694 Y113.211 E.00208
G1 X119.683 Y113.17 E.0012
G1 E-3.5 F3600
;WIPE_START
G1 F7200
G1 X119.694 Y113.211 E-.02016
G1 X119.623 Y113.23 E-.03491
G1 X119.642 Y113.159 E-.03491
G1 X119.54 Y113.039 E-.07481
G1 X117.56 Y111.044 E-1.33521
;WIPE_END
G1 X118.06 Y110.981 F9000
G1 E5 F2400
;WIDTH:0.439999
G1 F978
G1 X118.67 Y111.591 E.02848
G1 X118.778 Y111.731 E.00584
;WIDTH:0.41146
G1 X118.886 Y111.872 E.00544
;WIDTH:0.38292
G1 X118.864 Y111.678 E.00552
G1 X118.495 Y111.198 E.01712
G1 X117.969 Y110.792 E.01879
G1 X117.713 Y110.694 E.00775
;LAYER_CHANGE
;Z:0.8
;HEIGHT:0.2
;BEFORE_LAYER_CHANGE
G92 E0
;0.8


G1 E-3.5 F3600
;WIPE_START
G1 F7200
G1 X117.969 Y110.792 E-.13021
G1 X118.495 Y111.198 E-.31562
G1 X118.864 Y111.678 E-.28759
G1 X118.886 Y111.872 E-.09274
G1 X118.778 Y111.731 E-.08436
G1 X118.67 Y111.591 E-.08399
G1 X118.06 Y110.981 E-.40977
;WIPE_END
G1 E-.09572 F3600
G1 Z.8 F9000
;AFTER_LAYER_CHANGE
;0.8
G1 X118.224 Y110.504
G1 E5 F2400
;TYPE:Perimeter
;WIDTH:0.439999
G1 F900
G1 X118.482 Y110.652 E.00982
G1 X121.189 Y115.342 E.17879
G1 X121.189 Y115.658 E.01043
G1 X118.481 Y120.348 E.17881
G1 X118.208 Y120.506 E.01041
G1 X112.792 Y120.506 E.17882
G1 X112.519 Y120.348 E.01041
G1 X109.811 Y115.658 E.17881
G1 X109.811 Y115.342 E.01043
G1 X112.519 Y110.652 E.17881
G1 X112.792 Y110.494 E.01041
G1 X118.167 Y110.494 E.17747
G1 X118.398 Y110.146 F9000
G1 F900
G1 X118.772 Y110.362 E.01426
G1 X121.586 Y115.235 E.18579
G1 X121.586 Y115.765 E.0175
G1 X118.772 Y120.638 E.18579
G1 X118.314 Y120.903 E.01747
G1 X112.686 Y120.903 E.18582
G1 X112.228 Y120.638 E.01747
G1 X109.414 Y115.765 E.18579
G1 X109.414 Y115.235 E.0175
G1 X112.228 Y110.362 E.18579
G1 X112.686 Y110.097 E.01747
G1 X118.314 Y110.097 E.18582
G1 X118.346 Y110.116 E.00123
G1 X118.578 Y109.803 F9000
;TYPE:External perimeter
;WIDTH:0.419999
G1 F900
G1 X119.056 Y110.078 E.01729
G1 X121.973 Y115.132 E.18296
G1 X121.973 Y115.868 E.02308
G1 X119.055 Y120.922 E.18298
G1 X118.418 Y121.29 E.02307
G1 X112.582 Y121.29 E.18298
G1 X111.945 Y120.922 E.02307
G1 X109.027 Y115.868 E.18298
G1 X109.027 Y115.132 E.02308
G1 X111.945 Y110.078 E.18298
G1 X112.582 Y109.71 E.02307
G1 X118.418 Y109.71 E.18298
G1 X118.526 Y109.773 E.00392
G1 E-3.5 F3600
;WIPE_START
G1 F7200
G1 X118.578 Y109.803 E-.02852
G1 X119.056 Y110.078 E-.26194
G1 X120.329 Y112.283 E-1.20954
;WIPE_END
G1 X117.262 Y120.2 F9000
G1 E5 F2400
;TYPE:Internal infill
;WIDTH:0.44
G1 F900
G1 X118.126 Y120.2 E.02853
G1 X118.258 Y120.124 E.00503
G1 X118.941 Y118.941 E.0451
G1 X112.059 Y112.059 E.32134
G1 X112.742 Y110.876 E.0451
G1 X112.874 Y110.8 E.00503
G1 X114.585 Y110.8 E.05649
G1 X110.33 Y115.054 E.19866
G1 X110.117 Y115.424 E.0141
G1 X110.117 Y115.576 E.00502
G1 X110.33 Y115.946 E.0141
G1 X114.585 Y120.2 E.19866
G1 X116.415 Y120.2 E.06042
G1 X120.67 Y115.946 E.19866
G1 X120.883 Y115.576 E.0141
G1 X120.883 Y115.424 E.00502
G1 X120.67 Y115.054 E.0141
G1 X116.415 Y110.8 E.19866
G1 X118.125 Y110.8 E.05646
G1 X118.258 Y110.876 E.00506
G1 X118.941 Y112.059 E.0451
G1 X112.059 Y118.941 E.32134
G1 X112.742 Y120.124 E.0451
G1 X112.874 Y120.2 E.00503
G1 X113.738 Y120.2 E.02853
;LAYER_CHANGE
;Z:1
;HEIGHT:0.2
;BEFORE_LAYER_CHANGE
G92 E0
;1


G1 E-3.5 F3600
;WIPE_START
G1 F7200
G1 X112.874 Y120.2 E-.4104
G1 X112.742 Y120.124 E-.07235
G1 X112.059 Y118.941 E-.64885
G1 X112.607 Y118.393 E-.3684
;WIPE_END
G1 Z1 F9000
;AFTER_LAYER_CHANGE
;1
G1 X112.516 Y120.344
G1 E5 F2400
;TYPE:Perimeter
;WIDTH:0.439999
G1 F900
G1 X109.72 Y115.5 E.18467
G1 X112.61 Y110.494 E.19085
G1 X118.39 Y110.494 E.19084
G1 X121.28 Y115.5 E.19085
G1 X118.39 Y120.506 E.19085
G1 X112.61 Y120.506 E.19084
G1 X112.546 Y120.396 E.0042
G1 X112.473 Y120.903 F9000
G1 F900
G1 X112.381 Y120.903 E.00304
G1 X109.261 Y115.5 E.206
G1 X112.381 Y110.097 E.206
G1 X118.619 Y110.097 E.20596
G1 X121.739 Y115.5 E.206
G1 X118.619 Y120.903 E.206
G1 X112.533 Y120.903 E.20094
G1 X112.156 Y121.287 F9000
;TYPE:External perimeter
;WIDTH:0.419999
G1 F900
G1 X108.814 Y115.5 E.20953
G1 X112.157 Y109.71 E.20963
G1 X118.843 Y109.71 E.20963
G1 X122.186 Y115.5 E.20963
G1 X118.843 Y121.29 E.20963
G1 X112.214 Y121.29 E.20785
G1 X113.715 Y120.2 F9000
;TYPE:Internal infill
;WIDTH:0.44
G1 F900
G1 X112.786 Y120.2 E.03067
G1 X112.059 Y118.941 E.048
G1 X118.941 Y112.059 E.32134
G1 X118.214 Y110.8 E.048
G1 X116.415 Y110.8 E.0594
G1 X120.67 Y115.054 E.19866
G1 X120.927 Y115.5 E.017
G1 X120.67 Y115.946 E.017
G1 X116.415 Y120.2 E.19866
G1 X114.585 Y120.2 E.06042
G1 X110.33 Y115.946 E.19866
G1 X110.073 Y115.5 E.017
G1 X110.33 Y115.054 E.017
G1 X114.585 Y110.8 E.19866
G1 X112.786 Y110.8 E.0594
G1 X112.059 Y112.059 E.048
G1 X118.941 Y118.941 E.32134
G1 X118.214 Y120.2 E.048
G1 X117.285 Y120.2 E.03067
;LAYER_CHANGE
;Z:1.2
;HEIGHT:0.2
;BEFORE_LAYER_CHANGE
G92 E0
;1.2


G1 E-3.5 F3600
;WIPE_START
G1 F7200
G1 X118.214 Y120.2 E-.44128
G1 X118.941 Y118.941 E-.69057
G1 X118.393 Y118.393 E-.36815
;WIPE_END
G1 Z1.2 F9000
;AFTER_LAYER_CHANGE
;1.2
G1 X118.39 Y120.506
G1 E5 F2400
;TYPE:Perimeter
;WIDTH:0.439999
G1 F900
G1 X112.61 Y120.506 E.19084
G1 X109.72 Y115.5 E.19085
G1 X112.61 Y110.494 E.19085
G1 X118.39 Y110.494 E.19084
G1 X121.28 Y115.5 E.19085
G1 X118.42 Y120.454 E.18887
G1 X118.619 Y120.903 F9000
G1 F900
G1 X112.381 Y120.903 E.20596
G1 X109.261 Y115.5 E.206
G1 X112.381 Y110.097 E.206
G1 X118.619 Y110.097 E.20596
G1 X121.739 Y115.5 E.206
G1 X118.649 Y120.851 E.20402
G1 X118.843 Y121.29 F9000
;TYPE:External perimeter
;WIDTH:0.419999
G1 F900
G1 X112.157 Y121.29 E.20963
G1 X108.814 Y115.5 E.20963
G1 X112.157 Y109.71 E.20963
G1 X118.843 Y109.71 E.20963
G1 X122.186 Y115.5 E.20963
G1 X118.873 Y121.238 E.20775
G1 X117.285 Y120.2 F9000
;TYPE:Internal infill
;WIDTH:0.44
G1 F900
G1 X118.214 Y120.2 E.03067
G1 X118.941 Y118.941 E.048
G1 X112.059 Y112.059 E.32134
G1 X112.786 Y110.8 E.048
G1 X114.585 Y110.8 E.0594
G1 X110.33 Y115.054 E.19866
G1 X110.073 Y115.5 E.017
G1 X110.33 Y115.946 E.017
G1 X114.585 Y120.2 E.19866
G1 X116.415 Y120.2 E.06042
G1 X120.67 Y115.946 E.19866
G1 X120.927 Y115.5 E.017
G1 X120.67 Y115.054 E.017
G1 X116.415 Y110.8 E.19866
G1 X118.214 Y110.8 E.0594
G1 X118.941 Y112.059 E.048
G1 X112.059 Y118.941 E.32134
G1 X112.786 Y120.2 E.048
G1 X113.715 Y120.2 E.03067
;LAYER_CHANGE
;Z:1.4
;HEIGHT:0.2
;BEFORE_LAYER_CHANGE
G92 E0
;1.4


G1 E-3.5 F3600
;WIPE_START
G1 F7200
G1 X112.786 Y120.2 E-.44128
G1 X112.059 Y118.941 E-.69057
G1 X112.607 Y118.393 E-.36815
;WIPE_END
G1 Z1.4 F9000
;AFTER_LAYER_CHANGE
;1.4
G1 X112.61 Y120.506
G1 E5 F2400
;TYPE:Perimeter
;WIDTH:0.439999
G1 F900
G1 X109.72 Y115.5 E.19085
G1 X112.61 Y110.494 E.19085
G1 X118.39 Y110.494 E.19084
G1 X121.28 Y115.5 E.19085
G1 X118.39 Y120.506 E.19085
G1 X112.67 Y120.506 E.18886
G1 X112.381 Y120.903 F9000
G1 F900
G1 X109.261 Y115.5 E.206
G1 X112.381 Y110.097 E.206
G1 X118.619 Y110.097 E.20596
G1 X121.739 Y115.5 E.206
G1 X118.619 Y120.903 E.206
G1 X112.441 Y120.903 E.20398
G1 X112.157 Y121.29 F9000
;TYPE:External perimeter
;WIDTH:0.419999
G1 F900
G1 X108.814 Y115.5 E.20963
G1 X112.157 Y109.71 E.20963
G1 X118.843 Y109.71 E.20963
G1 X122.186 Y115.5 E.20963
G1 X118.843 Y121.29 E.20963
G1 X112.217 Y121.29 E.20775
G1 X113.715 Y120.2 F9000
;TYPE:Internal infill
;WIDTH:0.44
G1 F900
G1 X112.786 Y120.2 E.03067
G1 X112.059 Y118.941 E.048
G1 X118.941 Y112.059 E.32134
G1 X118.214 Y110.8 E.048
G1 X116.415 Y110.8 E.0594
G1 X120.67 Y115.054 E.19866
G1 X120.927 Y115.5 E.017
G1 X120.67 Y115.946 E.017
G1 X116.415 Y120.2 E.19866
G1 X114.585 Y120.2 E.06042
G1 X110.33 Y115.946 E.19866
G1 X110.073 Y115.5 E.017
G1 X110.33 Y115.054 E.017
G1 X114.585 Y110.8 E.19866
G1 X112.786 Y110.8 E.0594
G1 X112.059 Y112.059 E.048
G1 X118.941 Y118.941 E.32134
G1 X118.214 Y120.2 E.048
G1 X117.285 Y120.2 E.03067
;LAYER_CHANGE
;Z:1.6
;HEIGHT:0.2
;BEFORE_LAYER_CHANGE
G92 E0
;1.6


G1 E-3.5 F3600
;WIPE_START
G1 F7200
G1 X118.214 Y120.2 E-.44128
G1 X118.941 Y118.941 E-.69057
G1 X118.393 Y118.393 E-.36815
;WIPE_END
G1 Z1.6 F9000
;AFTER_LAYER_CHANGE
;1.6
G1 X118.39 Y120.506
G1 E5 F2400
;TYPE:Perimeter
;WIDTH:0.439999
G1 F900
G1 X112.61 Y120.506 E.19084
G1 X109.72 Y115.5 E.19085
G1 X112.61 Y110.494 E.19085
G1 X118.39 Y110.494 E.19084
G1 X121.28 Y115.5 E.19085
G1 X118.42 Y120.454 E.18887
G1 X118.619 Y120.903 F9000
G1 F900
G1 X112.381 Y120.903 E.20596
G1 X109.261 Y115.5 E.206
G1 X112.381 Y110.097 E.206
G1 X118.619 Y110.097 E.20596
G1 X121.739 Y115.5 E.206
G1 X118.649 Y120.851 E.20402
G1 X118.843 Y121.29 F9000
;TYPE:External perimeter
;WIDTH:0.419999
G1 F900
G1 X112.157 Y121.29 E.20963
G1 X108.814 Y115.5 E.20963
G1 X112.157 Y109.71 E.20963
G1 X118.843 Y109.71 E.20963
G1 X122.186 Y115.5 E.20963
G1 X118.873 Y121.238 E.20775
G1 X117.285 Y120.2 F9000
;TYPE:Internal infill
;WIDTH:0.44
G1 F900
G1 X118.214 Y120.2 E.03067
G1 X118.941 Y118.941 E.048
G1 X112.059 Y112.059 E.32134
G1 X112.786 Y110.8 E.048
G1 X114.585 Y110.8 E.0594
G1 X110.33 Y115.054 E.19866
G1 X110.073 Y115.5 E.017
G1 X110.33 Y115.946 E.017
G1 X114.585 Y120.2 E.19866
G1 X116.415 Y120.2 E.06042
G1 X120.67 Y115.946 E.19866
G1 X120.927 Y115.5 E.017
G1 X120.67 Y115.054 E.017
G1 X116.415 Y110.8 E.19866
G1 X118.214 Y110.8 E.0594
G1 X118.941 Y112.059 E.048
G1 X112.059 Y118.941 E.32134
G1 X112.786 Y120.2 E.048
G1 X113.715 Y120.2 E.03067
;LAYER_CHANGE
;Z:1.8
;HEIGHT:0.2
;BEFORE_LAYER_CHANGE
G92 E0
;1.8


G1 E-3.5 F3600
;WIPE_START
G1 F7200
G1 X112.786 Y120.2 E-.44128
G1 X112.059 Y118.941 E-.69057
G1 X112.607 Y118.393 E-.36815
;WIPE_END
G1 Z1.8 F9000
;AFTER_LAYER_CHANGE
;1.8
G1 X112.61 Y120.506
G1 E5 F2400
;TYPE:Perimeter
;WIDTH:0.439999
G1 F900
G1 X109.72 Y115.5 E.19085
G1 X112.61 Y110.494 E.19085
G1 X118.39 Y110.494 E.19084
G1 X121.28 Y115.5 E.19085
G1 X118.39 Y120.506 E.19085
G1 X112.67 Y120.506 E.18886
G1 X112.381 Y120.903 F9000
G1 F900
G1 X109.261 Y115.5 E.206
G1 X112.381 Y110.097 E.206
G1 X118.619 Y110.097 E.20596
G1 X121.739 Y115.5 E.206
G1 X118.619 Y120.903 E.206
G1 X112.441 Y120.903 E.20398
G1 X112.157 Y121.29 F9000
;TYPE:External perimeter
;WIDTH:0.419999
G1 F900
G1 X108.814 Y115.5 E.20963
G1 X112.157 Y109.71 E.20963
G1 X118.843 Y109.71 E.20963
G1 X122.186 Y115.5 E.20963
G1 X118.843 Y121.29 E.20963
G1 X112.217 Y121.29 E.20775
G1 X113.715 Y120.2 F9000
;TYPE:Internal infill
;WIDTH:0.44
G1 F900
G1 X112.786 Y120.2 E.03067
G1 X112.059 Y118.941 E.048
G1 X118.941 Y112.059 E.32134
G1 X118.214 Y110.8 E.048
G1 X116.415 Y110.8 E.0594
G1 X120.67 Y115.054 E.19866
G1 X120.927 Y115.5 E.017
G1 X120.67 Y115.946 E.017
G1 X116.415 Y120.2 E.19866
G1 X114.585 Y120.2 E.06042
G1 X110.33 Y115.946 E.19866
G1 X110.073 Y115.5 E.017
G1 X110.33 Y115.054 E.017
G1 X114.585 Y110.8 E.19866
G1 X112.786 Y110.8 E.0594
G1 X112.059 Y112.059 E.048
G1 X118.941 Y118.941 E.32134
G1 X118.214 Y120.2 E.048
G1 X117.285 Y120.2 E.03067
;LAYER_CHANGE
;Z:2
;HEIGHT:0.2
;BEFORE_LAYER_CHANGE
G92 E0
;2


G1 E-3.5 F3600
;WIPE_START
G1 F7200
G1 X118.214 Y120.2 E-.44128
G1 X118.941 Y118.941 E-.69057
G1 X118.393 Y118.393 E-.36815
;WIPE_END
G1 Z2 F9000
;AFTER_LAYER_CHANGE
;2
G1 X118.39 Y120.506
G1 E5 F2400
;TYPE:Perimeter
;WIDTH:0.439999
G1 F900
G1 X112.61 Y120.506 E.19084
G1 X109.72 Y115.5 E.19085
G1 X112.61 Y110.494 E.19085
G1 X118.39 Y110.494 E.19084
G1 X121.28 Y115.5 E.19085
G1 X118.42 Y120.454 E.18887
G1 X118.619 Y120.903 F9000
G1 F900
G1 X112.381 Y120.903 E.20596
G1 X109.261 Y115.5 E.206
G1 X112.381 Y110.097 E.206
G1 X118.619 Y110.097 E.20596
G1 X121.739 Y115.5 E.206
G1 X118.649 Y120.851 E.20402
G1 X118.843 Y121.29 F9000
;TYPE:External perimeter
;WIDTH:0.419999
G1 F900
G1 X112.157 Y121.29 E.20963
G1 X108.814 Y115.5 E.20963
G1 X112.157 Y109.71 E.20963
G1 X118.843 Y109.71 E.20963
G1 X122.186 Y115.5 E.20963
G1 X118.873 Y121.238 E.20775
G1 X117.285 Y120.2 F9000
;TYPE:Internal infill
;WIDTH:0.44
G1 F900
G1 X118.214 Y120.2 E.03067
G1 X118.941 Y118.941 E.048
G1 X112.059 Y112.059 E.32134
G1 X112.786 Y110.8 E.048
G1 X114.585 Y110.8 E.0594
G1 X110.33 Y115.054 E.19866
G1 X110.073 Y115.5 E.017
G1 X110.33 Y115.946 E.017
G1 X114.585 Y120.2 E.19866
G1 X116.415 Y120.2 E.06042
G1 X120.67 Y115.946 E.19866
G1 X120.927 Y115.5 E.017
G1 X120.67 Y115.054 E.017
G1 X116.415 Y110.8 E.19866
G1 X118.214 Y110.8 E.0594
G1 X118.941 Y112.059 E.048
G1 X112.059 Y118.941 E.32134
G1 X112.786 Y120.2 E.048
G1 X113.715 Y120.2 E.03067
;LAYER_CHANGE
;Z:2.2
;HEIGHT:0.2
;BEFORE_LAYER_CHANGE
G92 E0
;2.2


G1 E-3.5 F3600
;WIPE_START
G1 F7200
G1 X112.786 Y120.2 E-.44128
G1 X112.059 Y118.941 E-.69057
G1 X112.607 Y118.393 E-.36815
;WIPE_END
G1 Z2.2 F9000
;AFTER_LAYER_CHANGE
;2.2
G1 X112.61 Y120.506
G1 E5 F2400
;TYPE:Perimeter
;WIDTH:0.439999
G1 F900
G1 X109.72 Y115.5 E.19085
G1 X112.61 Y110.494 E.19085
G1 X118.39 Y110.494 E.19084
G1 X121.28 Y115.5 E.19085
G1 X118.39 Y120.506 E.19085
G1 X112.67 Y120.506 E.18886
G1 X112.381 Y120.903 F9000
G1 F900
G1 X109.261 Y115.5 E.206
G1 X112.381 Y110.097 E.206
G1 X118.619 Y110.097 E.20596
G1 X121.739 Y115.5 E.206
G1 X118.619 Y120.903 E.206
G1 X112.441 Y120.903 E.20398
G1 X112.157 Y121.29 F9000
;TYPE:External perimeter
;WIDTH:0.419999
G1 F900
G1 X108.814 Y115.5 E.20963
G1 X112.157 Y109.71 E.20963
G1 X118.843 Y109.71 E.20963
G1 X122.186 Y115.5 E.20963
G1 X118.843 Y121.29 E.20963
G1 X112.217 Y121.29 E.20775
G1 X113.715 Y120.2 F9000
;TYPE:Internal infill
;WIDTH:0.44
G1 F900
G1 X112.786 Y120.2 E.03067
G1 X112.059 Y118.941 E.048
G1 X118.941 Y112.059 E.32134
G1 X118.214 Y110.8 E.048
G1 X116.415 Y110.8 E.0594
G1 X120.67 Y115.054 E.19866
G1 X120.927 Y115.5 E.017
G1 X120.67 Y115.946 E.017
G1 X116.415 Y120.2 E.19866
G1 X114.585 Y120.2 E.06042
G1 X110.33 Y115.946 E.19866
G1 X110.073 Y115.5 E.017
G1 X110.33 Y115.054 E.017
G1 X114.585 Y110.8 E.19866
G1 X112.786 Y110.8 E.0594
G1 X112.059 Y112.059 E.048
G1 X118.941 Y118.941 E.32134
G1 X118.214 Y120.2 E.048
G1 X117.285 Y120.2 E.03067
;LAYER_CHANGE
;Z:2.4
;HEIGHT:0.2
;BEFORE_LAYER_CHANGE
G92 E0
;2.4


G1 E-3.5 F3600
;WIPE_START
G1 F7200
G1 X118.214 Y120.2 E-.44128
G1 X118.941 Y118.941 E-.69057
G1 X118.393 Y118.393 E-.36815
;WIPE_END
G1 Z2.4 F9000
;AFTER_LAYER_CHANGE
;2.4
G1 X118.39 Y120.506
G1 E5 F2400
;TYPE:Perimeter
;WIDTH:0.439999
G1 F900
G1 X112.61 Y120.506 E.19084
G1 X109.72 Y115.5 E.19085
G1 X112.61 Y110.494 E.19085
G1 X118.39 Y110.494 E.19084
G1 X121.28 Y115.5 E.19085
G1 X118.42 Y120.454 E.18887
G1 X118.619 Y120.903 F9000
G1 F900
G1 X112.381 Y120.903 E.20596
G1 X109.261 Y115.5 E.206
G1 X112.381 Y110.097 E.206
G1 X118.619 Y110.097 E.20596
G1 X121.739 Y115.5 E.206
G1 X118.649 Y120.851 E.20402
G1 X118.843 Y121.29 F9000
;TYPE:External perimeter
;WIDTH:0.419999
G1 F900
G1 X112.157 Y121.29 E.20963
G1 X108.814 Y115.5 E.20963
G1 X112.157 Y109.71 E.20963
G1 X118.843 Y109.71 E.20963
G1 X122.186 Y115.5 E.20963
G1 X118.873 Y121.238 E.20775
G1 X117.285 Y120.2 F9000
;TYPE:Internal infill
;WIDTH:0.44
G1 F900
G1 X118.214 Y120.2 E.03067
G1 X118.941 Y118.941 E.048
G1 X112.059 Y112.059 E.32134
G1 X112.786 Y110.8 E.048
G1 X114.585 Y110.8 E.0594
G1 X110.33 Y115.054 E.19866
G1 X110.073 Y115.5 E.017
G1 X110.33 Y115.946 E.017
G1 X114.585 Y120.2 E.19866
G1 X116.415 Y120.2 E.06042
G1 X120.67 Y115.946 E.19866
G1 X120.927 Y115.5 E.017
G1 X120.67 Y115.054 E.017
G1 X116.415 Y110.8 E.19866
G1 X118.214 Y110.8 E.0594
G1 X118.941 Y112.059 E.048
G1 X112.059 Y118.941 E.32134
G1 X112.786 Y120.2 E.048
G1 X113.715 Y120.2 E.03067
;LAYER_CHANGE
;Z:2.6
;HEIGHT:0.2
;BEFORE_LAYER_CHANGE
G92 E0
;2.6


G1 E-3.5 F3600
;WIPE_START
G1 F7200
G1 X112.786 Y120.2 E-.44128
G1 X112.059 Y118.941 E-.69057
G1 X112.607 Y118.393 E-.36815
;WIPE_END
G1 Z2.6 F9000
;AFTER_LAYER_CHANGE
;2.6
G1 X112.61 Y120.506
G1 E5 F2400
;TYPE:Perimeter
;WIDTH:0.439999
G1 F900
G1 X109.72 Y115.5 E.19085
G1 X112.61 Y110.494 E.19085
G1 X118.39 Y110.494 E.19084
G1 X121.28 Y115.5 E.19085
G1 X118.39 Y120.506 E.19085
G1 X112.67 Y120.506 E.18886
G1 X112.381 Y120.903 F9000
G1 F900
G1 X109.261 Y115.5 E.206
G1 X112.381 Y110.097 E.206
G1 X118.619 Y110.097 E.20596
G1 X121.739 Y115.5 E.206
G1 X118.619 Y120.903 E.206
G1 X112.441 Y120.903 E.20398
G1 X112.157 Y121.29 F9000
;TYPE:External perimeter
;WIDTH:0.419999
G1 F900
G1 X108.814 Y115.5 E.20963
G1 X112.157 Y109.71 E.20963
G1 X118.843 Y109.71 E.20963
G1 X122.186 Y115.5 E.20963
G1 X118.843 Y121.29 E.20963
G1 X112.217 Y121.29 E.20775
G1 X113.715 Y120.2 F9000
;TYPE:Internal infill
;WIDTH:0.44
G1 F900
G1 X112.786 Y120.2 E.03067
G1 X112.059 Y118.941 E.048
G1 X118.941 Y112.059 E.32134
G1 X118.214 Y110.8 E.048
G1 X116.415 Y110.8 E.0594
G1 X120.67 Y115.054 E.19866
G1 X120.927 Y115.5 E.017
G1 X120.67 Y115.946 E.017
G1 X116.415 Y120.2 E.19866
G1 X114.585 Y120.2 E.06042
G1 X110.33 Y115.946 E.19866
G1 X110.073 Y115.5 E.017
G1 X110.33 Y115.054 E.017
G1 X114.585 Y110.8 E.19866
G1 X112.786 Y110.8 E.0594
G1 X112.059 Y112.059 E.048
G1 X118.941 Y118.941 E.32134
G1 X118.214 Y120.2 E.048
G1 X117.285 Y120.2 E.03067
;LAYER_CHANGE
;Z:2.8
;HEIGHT:0.2
;BEFORE_LAYER_CHANGE
G92 E0
;2.8


G1 E-3.5 F3600
;WIPE_START
G1 F7200
G1 X118.214 Y120.2 E-.44128
G1 X118.941 Y118.941 E-.69057
G1 X118.393 Y118.393 E-.36815
;WIPE_END
G1 Z2.8 F9000
;AFTER_LAYER_CHANGE
;2.8
G1 X118.39 Y120.506
G1 E5 F2400
;TYPE:Perimeter
;WIDTH:0.439999
G1 F900
G1 X112.61 Y120.506 E.19084
G1 X109.72 Y115.5 E.19085
G1 X112.61 Y110.494 E.19085
G1 X118.39 Y110.494 E.19084
G1 X121.28 Y115.5 E.19085
G1 X118.42 Y120.454 E.18887
G1 X118.619 Y120.903 F9000
G1 F900
G1 X112.381 Y120.903 E.20596
G1 X109.261 Y115.5 E.206
G1 X112.381 Y110.097 E.206
G1 X118.619 Y110.097 E.20596
G1 X121.739 Y115.5 E.206
G1 X118.649 Y120.851 E.20402
G1 X118.843 Y121.29 F9000
;TYPE:External perimeter
;WIDTH:0.419999
G1 F900
G1 X112.157 Y121.29 E.20963
G1 X108.814 Y115.5 E.20963
G1 X112.157 Y109.71 E.20963
G1 X118.843 Y109.71 E.20963
G1 X122.186 Y115.5 E.20963
G1 X118.873 Y121.238 E.20775
G1 X117.285 Y120.2 F9000
;TYPE:Internal infill
;WIDTH:0.44
G1 F900
G1 X118.214 Y120.2 E.03067
G1 X118.941 Y118.941 E.048
G1 X112.059 Y112.059 E.32134
G1 X112.786 Y110.8 E.048
G1 X114.585 Y110.8 E.0594
G1 X110.33 Y115.054 E.19866
G1 X110.073 Y115.5 E.017
G1 X110.33 Y115.946 E.017
G1 X114.585 Y120.2 E.19866
G1 X116.415 Y120.2 E.06042
G1 X120.67 Y115.946 E.19866
G1 X120.927 Y115.5 E.017
G1 X120.67 Y115.054 E.017
G1 X116.415 Y110.8 E.19866
G1 X118.214 Y110.8 E.0594
G1 X118.941 Y112.059 E.048
G1 X112.059 Y118.941 E.32134
G1 X112.786 Y120.2 E.048
G1 X113.715 Y120.2 E.03067
;LAYER_CHANGE
;Z:3
;HEIGHT:0.2
;BEFORE_LAYER_CHANGE
G92 E0
;3


G1 E-3.5 F3600
;WIPE_START
G1 F7200
G1 X112.786 Y120.2 E-.44128
G1 X112.059 Y118.941 E-.69057
G1 X112.607 Y118.393 E-.36815
;WIPE_END
G1 Z3 F9000
;AFTER_LAYER_CHANGE
;3
G1 X112.61 Y120.506
G1 E5 F2400
;TYPE:Perimeter
;WIDTH:0.439999
G1 F900
G1 X109.72 Y115.5 E.19085
G1 X112.61 Y110.494 E.19085
G1 X118.39 Y110.494 E.19084
G1 X121.28 Y115.5 E.19085
G1 X118.39 Y120.506 E.19085
G1 X112.67 Y120.506 E.18886
G1 X112.381 Y120.903 F9000
G1 F900
G1 X109.261 Y115.5 E.206
G1 X112.381 Y110.097 E.206
G1 X118.619 Y110.097 E.20596
G1 X121.739 Y115.5 E.206
G1 X118.619 Y120.903 E.206
G1 X112.441 Y120.903 E.20398
G1 X112.157 Y121.29 F9000
;TYPE:External perimeter
;WIDTH:0.419999
G1 F900
G1 X108.814 Y115.5 E.20963
G1 X112.157 Y109.71 E.20963
G1 X118.843 Y109.71 E.20963
G1 X122.186 Y115.5 E.20963
G1 X118.843 Y121.29 E.20963
G1 X112.217 Y121.29 E.20775
G1 X113.715 Y120.2 F9000
;TYPE:Internal infill
;WIDTH:0.44
G1 F900
G1 X112.786 Y120.2 E.03067
G1 X112.059 Y118.941 E.048
G1 X118.941 Y112.059 E.32134
G1 X118.214 Y110.8 E.048
G1 X116.415 Y110.8 E.0594
G1 X120.67 Y115.054 E.19866
G1 X120.927 Y115.5 E.017
G1 X120.67 Y115.946 E.017
G1 X116.415 Y120.2 E.19866
G1 X114.585 Y120.2 E.06042
G1 X110.33 Y115.946 E.19866
G1 X110.073 Y115.5 E.017
G1 X110.33 Y115.054 E.017
G1 X114.585 Y110.8 E.19866
G1 X112.786 Y110.8 E.0594
G1 X112.059 Y112.059 E.048
G1 X118.941 Y118.941 E.32134
G1 X118.214 Y120.2 E.048
G1 X117.285 Y120.2 E.03067
;LAYER_CHANGE
;Z:3.2
;HEIGHT:0.2
;BEFORE_LAYER_CHANGE
G92 E0
;3.2


G1 E-3.5 F3600
;WIPE_START
G1 F7200
G1 X118.214 Y120.2 E-.44128
G1 X118.941 Y118.941 E-.69057
G1 X118.393 Y118.393 E-.36815
;WIPE_END
G1 Z3.2 F9000
;AFTER_LAYER_CHANGE
;3.2
G1 X118.39 Y120.506
G1 E5 F2400
;TYPE:Perimeter
;WIDTH:0.439999
G1 F900
G1 X112.61 Y120.506 E.19084
G1 X109.72 Y115.5 E.19085
G1 X112.61 Y110.494 E.19085
G1 X118.39 Y110.494 E.19084
G1 X121.28 Y115.5 E.19085
G1 X118.42 Y120.454 E.18887
G1 X118.619 Y120.903 F9000
G1 F900
G1 X112.381 Y120.903 E.20596
G1 X109.261 Y115.5 E.206
G1 X112.381 Y110.097 E.206
G1 X118.619 Y110.097 E.20596
G1 X121.739 Y115.5 E.206
G1 X118.649 Y120.851 E.20402
G1 X118.843 Y121.29 F9000
;TYPE:External perimeter
;WIDTH:0.419999
G1 F900
G1 X112.157 Y121.29 E.20963
G1 X108.814 Y115.5 E.20963
G1 X112.157 Y109.71 E.20963
G1 X118.843 Y109.71 E.20963
G1 X122.186 Y115.5 E.20963
G1 X118.873 Y121.238 E.20775
G1 X117.285 Y120.2 F9000
;TYPE:Internal infill
;WIDTH:0.44
G1 F900
G1 X118.214 Y120.2 E.03067
G1 X118.941 Y118.941 E.048
G1 X112.059 Y112.059 E.32134
G1 X112.786 Y110.8 E.048
G1 X114.585 Y110.8 E.0594
G1 X110.33 Y115.054 E.19866
G1 X110.073 Y115.5 E.017
G1 X110.33 Y115.946 E.017
G1 X114.585 Y120.2 E.19866
G1 X116.415 Y120.2 E.06042
G1 X120.67 Y115.946 E.19866
G1 X120.927 Y115.5 E.017
G1 X120.67 Y115.054 E.017
G1 X116.415 Y110.8 E.19866
G1 X118.214 Y110.8 E.0594
G1 X118.941 Y112.059 E.048
G1 X112.059 Y118.941 E.32134
G1 X112.786 Y120.2 E.048
G1 X113.715 Y120.2 E.03067
;LAYER_CHANGE
;Z:3.4
;HEIGHT:0.2
;BEFORE_LAYER_CHANGE
G92 E0
;3.4


G1 E-3.5 F3600
;WIPE_START
G1 F7200
G1 X112.786 Y120.2 E-.44128
G1 X112.059 Y118.941 E-.69057
G1 X112.607 Y118.393 E-.36815
;WIPE_END
G1 Z3.4 F9000
;AFTER_LAYER_CHANGE
;3.4
G1 X112.61 Y120.506
G1 E5 F2400
;TYPE:Perimeter
;WIDTH:0.439999
G1 F900
G1 X109.72 Y115.5 E.19085
G1 X112.61 Y110.494 E.19085
G1 X118.39 Y110.494 E.19084
G1 X121.28 Y115.5 E.19085
G1 X118.39 Y120.506 E.19085
G1 X112.67 Y120.506 E.18886
G1 X112.381 Y120.903 F9000
G1 F900
G1 X109.261 Y115.5 E.206
G1 X112.381 Y110.097 E.206
G1 X118.619 Y110.097 E.20596
G1 X121.739 Y115.5 E.206
G1 X118.619 Y120.903 E.206
G1 X112.441 Y120.903 E.20398
G1 X112.157 Y121.29 F9000
;TYPE:External perimeter
;WIDTH:0.419999
G1 F900
G1 X108.814 Y115.5 E.20963
G1 X112.157 Y109.71 E.20963
G1 X118.843 Y109.71 E.20963
G1 X122.186 Y115.5 E.20963
G1 X118.843 Y121.29 E.20963
G1 X112.217 Y121.29 E.20775
G1 X113.715 Y120.2 F9000
;TYPE:Internal infill
;WIDTH:0.44
G1 F900
G1 X112.786 Y120.2 E.03067
G1 X112.059 Y118.941 E.048
G1 X118.941 Y112.059 E.32134
G1 X118.214 Y110.8 E.048
G1 X116.415 Y110.8 E.0594
G1 X120.67 Y115.054 E.19866
G1 X120.927 Y115.5 E.017
G1 X120.67 Y115.946 E.017
G1 X116.415 Y120.2 E.19866
G1 X114.585 Y120.2 E.06042
G1 X110.33 Y115.946 E.19866
G1 X110.073 Y115.5 E.017
G1 X110.33 Y115.054 E.017
G1 X114.585 Y110.8 E.19866
G1 X112.786 Y110.8 E.0594
G1 X112.059 Y112.059 E.048
G1 X118.941 Y118.941 E.32134
G1 X118.214 Y120.2 E.048
G1 X117.285 Y120.2 E.03067
;LAYER_CHANGE
;Z:3.6
;HEIGHT:0.2
;BEFORE_LAYER_CHANGE
G92 E0
;3.6


G1 E-3.5 F3600
;WIPE_START
G1 F7200
G1 X118.214 Y120.2 E-.44128
G1 X118.941 Y118.941 E-.69057
G1 X118.393 Y118.393 E-.36815
;WIPE_END
G1 Z3.6 F9000
;AFTER_LAYER_CHANGE
;3.6
G1 X118.39 Y120.506
G1 E5 F2400
;TYPE:Perimeter
;WIDTH:0.439999
G1 F900
G1 X112.61 Y120.506 E.19084
G1 X109.72 Y115.5 E.19085
G1 X112.61 Y110.494 E.19085
G1 X118.39 Y110.494 E.19084
G1 X121.28 Y115.5 E.19085
G1 X118.42 Y120.454 E.18887
G1 X118.619 Y120.903 F9000
G1 F900
G1 X112.381 Y120.903 E.20596
G1 X109.261 Y115.5 E.206
G1 X112.381 Y110.097 E.206
G1 X118.619 Y110.097 E.20596
G1 X121.739 Y115.5 E.206
G1 X118.649 Y120.851 E.20402
G1 X118.843 Y121.29 F9000
;TYPE:External perimeter
;WIDTH:0.419999
G1 F900
G1 X112.157 Y121.29 E.20963
G1 X108.814 Y115.5 E.20963
G1 X112.157 Y109.71 E.20963
G1 X118.843 Y109.71 E.20963
G1 X122.186 Y115.5 E.20963
G1 X118.873 Y121.238 E.20775
G1 X117.285 Y120.2 F9000
;TYPE:Internal infill
;WIDTH:0.44
G1 F900
G1 X118.214 Y120.2 E.03067
G1 X118.941 Y118.941 E.048
G1 X112.059 Y112.059 E.32134
G1 X112.786 Y110.8 E.048
G1 X114.585 Y110.8 E.0594
G1 X110.33 Y115.054 E.19866
G1 X110.073 Y115.5 E.017
G1 X110.33 Y115.946 E.017
G1 X114.585 Y120.2 E.19866
G1 X116.415 Y120.2 E.06042
G1 X120.67 Y115.946 E.19866
G1 X120.927 Y115.5 E.017
G1 X120.67 Y115.054 E.017
G1 X116.415 Y110.8 E.19866
G1 X118.214 Y110.8 E.0594
G1 X118.941 Y112.059 E.048
G1 X112.059 Y118.941 E.32134
G1 X112.786 Y120.2 E.048
G1 X113.715 Y120.2 E.03067
;LAYER_CHANGE
;Z:3.8
;HEIGHT:0.2
;BEFORE_LAYER_CHANGE
G92 E0
;3.8


G1 E-3.5 F3600
;WIPE_START
G1 F7200
G1 X112.786 Y120.2 E-.44128
G1 X112.059 Y118.941 E-.69057
G1 X112.607 Y118.393 E-.36815
;WIPE_END
G1 Z3.8 F9000
;AFTER_LAYER_CHANGE
;3.8
G1 X112.61 Y120.506
G1 E5 F2400
;TYPE:Perimeter
;WIDTH:0.439999
G1 F900
G1 X109.72 Y115.5 E.19085
G1 X112.61 Y110.494 E.19085
G1 X118.39 Y110.494 E.19084
G1 X121.28 Y115.5 E.19085
G1 X118.39 Y120.506 E.19085
G1 X112.67 Y120.506 E.18886
G1 X112.381 Y120.903 F9000
G1 F900
G1 X109.261 Y115.5 E.206
G1 X112.381 Y110.097 E.206
G1 X118.619 Y110.097 E.20596
G1 X121.739 Y115.5 E.206
G1 X118.619 Y120.903 E.206
G1 X112.441 Y120.903 E.20398
G1 X112.157 Y121.29 F9000
;TYPE:External perimeter
;WIDTH:0.419999
G1 F900
G1 X108.814 Y115.5 E.20963
G1 X112.157 Y109.71 E.20963
G1 X118.843 Y109.71 E.20963
G1 X122.186 Y115.5 E.20963
G1 X118.843 Y121.29 E.20963
G1 X112.217 Y121.29 E.20775
G1 X113.715 Y120.2 F9000
;TYPE:Internal infill
;WIDTH:0.44
G1 F900
G1 X112.786 Y120.2 E.03067
G1 X112.059 Y118.941 E.048
G1 X118.941 Y112.059 E.32134
G1 X118.214 Y110.8 E.048
G1 X116.415 Y110.8 E.0594
G1 X120.67 Y115.054 E.19866
G1 X120.927 Y115.5 E.017
G1 X120.67 Y115.946 E.017
G1 X116.415 Y120.2 E.19866
G1 X114.585 Y120.2 E.06042
G1 X110.33 Y115.946 E.19866
G1 X110.073 Y115.5 E.017
G1 X110.33 Y115.054 E.017
G1 X114.585 Y110.8 E.19866
G1 X112.786 Y110.8 E.0594
G1 X112.059 Y112.059 E.048
G1 X118.941 Y118.941 E.32134
G1 X118.214 Y120.2 E.048
G1 X117.285 Y120.2 E.03067
;LAYER_CHANGE
;Z:4
;HEIGHT:0.2
;BEFORE_LAYER_CHANGE
G92 E0
;4


G1 E-3.5 F3600
;WIPE_START
G1 F7200
G1 X118.214 Y120.2 E-.44128
G1 X118.941 Y118.941 E-.69057
G1 X118.393 Y118.393 E-.36815
;WIPE_END
G1 Z4 F9000
;AFTER_LAYER_CHANGE
;4
G1 X118.39 Y120.506
G1 E5 F2400
;TYPE:Perimeter
;WIDTH:0.439999
G1 F900
G1 X112.61 Y120.506 E.19084
G1 X109.72 Y115.5 E.19085
G1 X112.61 Y110.494 E.19085
G1 X118.39 Y110.494 E.19084
G1 X121.28 Y115.5 E.19085
G1 X118.42 Y120.454 E.18887
G1 X118.619 Y120.903 F9000
G1 F900
G1 X112.381 Y120.903 E.20596
G1 X109.261 Y115.5 E.206
G1 X112.381 Y110.097 E.206
G1 X118.619 Y110.097 E.20596
G1 X121.739 Y115.5 E.206
G1 X118.649 Y120.851 E.20402
G1 X118.843 Y121.29 F9000
;TYPE:External perimeter
;WIDTH:0.419999
G1 F900
G1 X112.157 Y121.29 E.20963
G1 X108.814 Y115.5 E.20963
G1 X112.157 Y109.71 E.20963
G1 X118.843 Y109.71 E.20963
G1 X122.186 Y115.5 E.20963
G1 X118.873 Y121.238 E.20775
G1 X117.285 Y120.2 F9000
;TYPE:Internal infill
;WIDTH:0.44
G1 F900
G1 X118.214 Y120.2 E.03067
G1 X118.941 Y118.941 E.048
G1 X112.059 Y112.059 E.32134
G1 X112.786 Y110.8 E.048
G1 X114.585 Y110.8 E.0594
G1 X110.33 Y115.054 E.19866
G1 X110.073 Y115.5 E.017
G1 X110.33 Y115.946 E.017
G1 X114.585 Y120.2 E.19866
G1 X116.415 Y120.2 E.06042
G1 X120.67 Y115.946 E.19866
G1 X120.927 Y115.5 E.017
G1 X120.67 Y115.054 E.017
G1 X116.415 Y110.8 E.19866
G1 X118.214 Y110.8 E.0594
G1 X118.941 Y112.059 E.048
G1 X112.059 Y118.941 E.32134
G1 X112.786 Y120.2 E.048
G1 X113.715 Y120.2 E.03067
;LAYER_CHANGE
;Z:4.2
;HEIGHT:0.2
;BEFORE_LAYER_CHANGE
G92 E0
;4.2


G1 E-3.5 F3600
;WIPE_START
G1 F7200
G1 X112.786 Y120.2 E-.44128
G1 X112.059 Y118.941 E-.69057
G1 X112.607 Y118.393 E-.36815
;WIPE_END
G1 Z4.2 F9000
;AFTER_LAYER_CHANGE
;4.2
G1 X112.516 Y120.344
G1 E5 F2400
;TYPE:Perimeter
;WIDTH:0.439999
G1 F900
G1 X109.72 Y115.5 E.18467
G1 X112.61 Y110.494 E.19085
G1 X118.39 Y110.494 E.19084
G1 X121.28 Y115.5 E.19085
G1 X118.39 Y120.506 E.19085
G1 X112.61 Y120.506 E.19084
G1 X112.546 Y120.396 E.0042
G1 X112.473 Y120.903 F9000
G1 F900
G1 X112.381 Y120.903 E.00304
G1 X109.261 Y115.5 E.206
G1 X112.381 Y110.097 E.206
G1 X118.619 Y110.097 E.20596
G1 X121.739 Y115.5 E.206
G1 X118.619 Y120.903 E.206
G1 X112.533 Y120.903 E.20094
G1 X112.156 Y121.287 F9000
;TYPE:External perimeter
;WIDTH:0.419999
G1 F900
G1 X108.814 Y115.5 E.20953
G1 X112.157 Y109.71 E.20963
G1 X118.843 Y109.71 E.20963
G1 X122.186 Y115.5 E.20963
G1 X118.843 Y121.29 E.20963
G1 X112.214 Y121.29 E.20785
G1 X113.715 Y120.2 F9000
;TYPE:Internal infill
;WIDTH:0.44
G1 F900
G1 X112.786 Y120.2 E.03067
G1 X112.059 Y118.941 E.048
G1 X118.941 Y112.059 E.32134
G1 X118.214 Y110.8 E.048
G1 X116.415 Y110.8 E.0594
G1 X120.67 Y115.054 E.19866
G1 X120.927 Y115.5 E.017
G1 X120.67 Y115.946 E.017
G1 X116.415 Y120.2 E.19866
G1 X114.585 Y120.2 E.06042
G1 X110.33 Y115.946 E.19866
G1 X110.073 Y115.5 E.017
G1 X110.33 Y115.054 E.017
G1 X114.585 Y110.8 E.19866
G1 X112.786 Y110.8 E.0594
G1 X112.059 Y112.059 E.048
G1 X118.941 Y118.941 E.32134
G1 X118.214 Y120.2 E.048
G1 X117.285 Y120.2 E.03067
;LAYER_CHANGE
;Z:4.4
;HEIGHT:0.2
;BEFORE_LAYER_CHANGE
G92 E0
;4.4


G1 E-3.5 F3600
;WIPE_START
G1 F7200
G1 X118.214 Y120.2 E-.44128
G1 X118.941 Y118.941 E-.69057
G1 X118.393 Y118.393 E-.36815
;WIPE_END
G1 Z4.4 F9000
;AFTER_LAYER_CHANGE
;4.4
G1 X118.224 Y120.496
G1 E5 F2400
;TYPE:Perimeter
;WIDTH:0.439999
G1 F900
G1 X118.208 Y120.506 E.00062
G1 X112.792 Y120.506 E.17882
G1 X112.519 Y120.348 E.01041
G1 X109.811 Y115.658 E.17881
G1 X109.811 Y115.342 E.01043
G1 X112.519 Y110.652 E.17881
G1 X112.792 Y110.494 E.01041
G1 X118.208 Y110.494 E.17882
G1 X118.481 Y110.652 E.01041
G1 X121.189 Y115.342 E.17881
G1 X121.189 Y115.658 E.01043
G1 X118.481 Y120.348 E.17881
G1 X118.276 Y120.466 E.00781
G1 X118.324 Y120.897 F9000
G1 F900
G1 X118.314 Y120.903 E.00039
G1 X112.686 Y120.903 E.18582
G1 X112.228 Y120.638 E.01747
G1 X109.414 Y115.765 E.18579
G1 X109.414 Y115.235 E.0175
G1 X112.228 Y110.362 E.18579
G1 X112.686 Y110.097 E.01747
G1 X118.314 Y110.097 E.18582
G1 X118.772 Y110.362 E.01747
G1 X121.586 Y115.235 E.18579
G1 X121.586 Y115.765 E.0175
G1 X118.772 Y120.638 E.18579
G1 X118.376 Y120.867 E.0151
G1 X118.421 Y121.288 F9000
;TYPE:External perimeter
;WIDTH:0.419999
G1 F900
G1 X118.418 Y121.29 E.00011
G1 X112.582 Y121.29 E.18298
G1 X111.945 Y120.922 E.02307
G1 X109.027 Y115.868 E.18298
G1 X109.027 Y115.132 E.02308
G1 X111.945 Y110.078 E.18298
G1 X112.582 Y109.71 E.02307
G1 X118.418 Y109.71 E.18298
G1 X119.055 Y110.078 E.02307
G1 X121.973 Y115.132 E.18298
G1 X121.973 Y115.868 E.02308
G1 X119.055 Y120.922 E.18298
G1 X118.473 Y121.258 E.02107
G1 E-3.5 F3600
;WIPE_START
G1 F7200
G1 X118.421 Y121.288 E-.02852
G1 X118.418 Y121.29 E-.00171
G1 X115.324 Y121.29 E-1.46977
;WIPE_END
G1 X110.839 Y114.967 F9000
G1 E5 F2400
;TYPE:Internal infill
;WIDTH:0.44
G1 F900
G1 X111.415 Y113.969 E.03805
G1 X114.187 Y111.197 E.12943
G1 X113.016 Y111.197 E.03866
G1 X112.35 Y112.35 E.04396
G1 X118.65 Y118.65 E.29417
G1 X117.984 Y119.803 E.04396
G1 X116.813 Y119.803 E.03866
G1 X119.585 Y117.031 E.12943
G1 X120.469 Y115.5 E.05837
G1 X119.585 Y113.969 E.05837
G1 X116.813 Y111.197 E.12943
G1 X117.984 Y111.197 E.03866
G1 X118.65 Y112.35 E.04396
G1 X112.35 Y118.65 E.29417
G1 X113.016 Y119.803 E.04396
G1 X114.187 Y119.803 E.03866
G1 X111.415 Y117.031 E.12943
G1 X110.531 Y115.5 E.05837
G1 X110.839 Y114.967 E.02033
G1 E-3.5 F3600
;WIPE_START
G1 F7200
G1 X110.531 Y115.5 E-.29241
G1 X111.415 Y117.031 E-.83975
G1 X111.963 Y117.579 E-.36784
;WIPE_END
G1 X117.688 Y110.8 F9000
G1 E5 F2400
;TYPE:Solid infill
;WIDTH:0.440008
G1 F900
G1 X117.903 Y110.852 E.0073
;WIDTH:0.411464
G1 X118.118 Y110.904 E.00678
G1 X118.29 Y111.067 E.00726
;WIDTH:0.440006
G1 X118.462 Y111.23 E.00782
G1 X120.665 Y115.045 E.14546
G1 X120.727 Y115.257 E.00729
;WIDTH:0.411464
G1 X120.789 Y115.47 E.0068
G1 X120.734 Y115.7 E.00725
;WIDTH:0.440008
G1 X120.679 Y115.93 E.00781
G1 X118.476 Y119.745 E.14546
G1 X118.324 Y119.905 E.00729
;WIDTH:0.411463
G1 X118.171 Y120.065 E.00678
G1 X117.944 Y120.133 E.00726
;WIDTH:0.440006
G1 X117.718 Y120.2 E.00778
G1 X113.312 Y120.2 E.14548
G1 X113.097 Y120.148 E.0073
;WIDTH:0.411464
G1 X112.882 Y120.096 E.00678
G1 X112.71 Y119.933 E.00726
;WIDTH:0.440006
G1 X112.538 Y119.77 E.00782
G1 X110.335 Y115.955 E.14546
G1 X110.273 Y115.725 E.00787
;WIDTH:0.411465
G1 X110.21 Y115.495 E.00731
G1 X110.266 Y115.283 E.00672
;WIDTH:0.440008
G1 X110.321 Y115.07 E.00726
G1 X112.524 Y111.255 E.14546
G1 X112.676 Y111.095 E.00729
;WIDTH:0.411464
G1 X112.829 Y110.935 E.00678
G1 X113.056 Y110.867 E.00726
;WIDTH:0.44001
G1 X113.282 Y110.8 E.00778
G1 X117.49 Y110.8 E.13894
;LAYER_CHANGE
;Z:4.6
;HEIGHT:0.2
;BEFORE_LAYER_CHANGE
G92 E0
;4.6


G1 E-3.5 F3600
;WIPE_START
G1 F7200
G1 X114.332 Y110.8 E-1.5
;WIPE_END
G1 Z4.6 F9000
;AFTER_LAYER_CHANGE
;4.6
G1 X117.78 Y110.505
G1 E5 F2400
;TYPE:Perimeter
;WIDTH:0.439999
G1 F900
G1 X118.265 Y110.74 E.01779
G1 X118.693 Y111.019 E.01687
G1 X120.965 Y114.953 E.15
G1 X121.001 Y115.607 E.02163
G1 X120.977 Y116.025 E.01382
G1 X118.706 Y119.959 E.14998
G1 X118.239 Y120.274 E.0186
G1 X117.784 Y120.506 E.01686
G1 X113.241 Y120.506 E.15
G1 X112.735 Y120.26 E.01858
G1 X112.307 Y119.981 E.01687
G1 X110.035 Y116.047 E.15
G1 X109.996 Y115.485 E.0186
G1 X110.023 Y114.975 E.01686
G1 X112.294 Y111.041 E.14998
G1 X112.761 Y110.726 E.0186
G1 X113.216 Y110.494 E.01686
G1 X117.723 Y110.494 E.14881
G1 X117.863 Y110.104 F9000
G1 F900
G1 X118.555 Y110.454 E.0256
G1 X118.996 Y110.75 E.01754
G1 X121.354 Y114.834 E.1557
G1 X121.397 Y115.623 E.02609
G1 X121.362 Y116.153 E.01754
G1 X119.004 Y120.237 E.1557
G1 X118.343 Y120.669 E.02607
G1 X117.865 Y120.903 E.01757
G1 X113.15 Y120.903 E.15568
G1 X112.445 Y120.546 E.02609
G1 X112.004 Y120.25 E.01754
G1 X109.646 Y116.166 E.1557
G1 X109.603 Y115.377 E.02609
G1 X109.638 Y114.847 E.01754
G1 X111.996 Y110.763 E.1557
G1 X112.657 Y110.331 E.02607
G1 X113.135 Y110.097 E.01757
G1 X117.804 Y110.097 E.15416
G1 X117.943 Y109.712 F9000
;TYPE:External perimeter
;WIDTH:0.419999
G1 F900
G1 X118.762 Y110.127 E.02879
G1 X119.292 Y110.488 E.02011
G1 X121.734 Y114.717 E.15312
G1 X121.784 Y115.638 E.02892
G1 X121.736 Y116.278 E.02012
G1 X119.295 Y120.507 E.1531
G1 X118.522 Y121.011 E.02893
G1 X117.944 Y121.29 E.02012
G1 X113.061 Y121.29 E.1531
G1 X112.238 Y120.873 E.02893
G1 X111.708 Y120.512 E.02011
G1 X109.266 Y116.283 E.15312
G1 X109.216 Y115.362 E.02892
G1 X109.264 Y114.722 E.02012
G1 X111.705 Y110.493 E.1531
G1 X112.478 Y109.989 E.02893
G1 X113.056 Y109.71 E.02012
G1 X117.884 Y109.71 E.15138
G1 E-3.5 F3600
;WIPE_START
G1 F7200
G1 X117.943 Y109.712 E-.02804
G1 X118.762 Y110.127 E-.43612
G1 X119.292 Y110.488 E-.3046
G1 X120.062 Y111.821 E-.73124
;WIPE_END
G1 X111.166 Y117.747 F9000
G1 E5 F2400
M204 S250
;TYPE:Bridge infill
;WIDTH:0.393178
;HEIGHT:0.389872
G1 F1500
G1 X113.598 Y120.179 E.17361
G1 X114.225 Y120.179 E.03165
G1 X110.851 Y116.805 E.24086
G1 X110.356 Y115.949 E.04991
G1 X110.336 Y115.664 E.01442
G1 X114.851 Y120.179 E.32231
G1 X115.478 Y120.179 E.03165
G1 X110.354 Y115.055 E.36579
G1 X110.584 Y114.658 E.02316
G1 X116.105 Y120.179 E.39413
G1 X116.732 Y120.179 E.03165
G1 X110.813 Y114.26 E.42254
G1 X111.043 Y113.863 E.02316
G1 X117.358 Y120.179 E.45084
G1 X117.712 Y120.179 E.01787
G1 X117.892 Y120.086 E.01023
G1 X111.272 Y113.466 E.47258
G1 X111.501 Y113.068 E.02318
G1 X118.283 Y119.85 E.48414
G1 X118.46 Y119.73 E.01079
G1 X118.581 Y119.521 E.01219
G1 X111.731 Y112.671 E.489
G1 X111.96 Y112.274 E.02313
G1 X118.81 Y119.124 E.489
G1 X119.04 Y118.726 E.0232
G1 X112.19 Y111.876 E.489
G1 X112.419 Y111.479 E.02313
G1 X119.269 Y118.329 E.489
G1 X119.499 Y117.932 E.02316
G1 X112.717 Y111.15 E.48414
G1 X112.929 Y111.007 E.01291
G1 X113.108 Y110.914 E.01018
G1 X119.728 Y117.534 E.47258
G1 X119.957 Y117.137 E.02313
G1 X113.642 Y110.821 E.45084
G1 X114.268 Y110.821 E.0316
G1 X120.187 Y116.74 E.42254
G1 X120.416 Y116.342 E.02318
G1 X114.895 Y110.821 E.39413
G1 X115.522 Y110.821 E.03165
G1 X120.646 Y115.945 E.36579
G1 X120.677 Y115.52 E.02151
G1 X120.664 Y115.336 E.00931
G1 X116.149 Y110.821 E.32231
G1 X116.775 Y110.821 E.0316
G1 X120.149 Y114.195 E.24086
G1 X119.293 Y112.712 E.08643
G1 X117.204 Y110.623 E.14913
M204 S500
;LAYER_CHANGE
;Z:4.8
;HEIGHT:0.2
;BEFORE_LAYER_CHANGE
G92 E0
;4.8


G1 E-3.5 F3600
;WIPE_START
G1 F7200
G1 X119.293 Y112.712 E-1.40329
G1 X119.395 Y112.888 E-.09671
;WIPE_END
G1 Z4.8 F9000
;AFTER_LAYER_CHANGE
;4.8
G1 X117.242 Y110.503
G1 E5 F2400
;TYPE:Perimeter
;WIDTH:0.439999
G1 F947
G1 X118.042 Y110.848 E.02877
G1 X118.514 Y111.134 E.01822
G1 X118.963 Y111.486 E.01884
G1 X120.696 Y114.487 E.11442
G1 X120.788 Y115.089 E.02011
G1 X120.788 Y115.927 E.02767
G1 X120.708 Y116.492 E.01884
G1 X118.975 Y119.493 E.11442
G1 X118.258 Y120.028 E.02954
G1 X117.774 Y120.293 E.01822
G1 X117.245 Y120.506 E.01883
G1 X113.779 Y120.506 E.11444
G1 X112.958 Y120.152 E.02952
G1 X112.486 Y119.866 E.01822
G1 X112.037 Y119.514 E.01884
G1 X110.304 Y116.513 E.11442
G1 X110.2 Y115.624 E.02955
G1 X110.212 Y115.073 E.0182
G1 X110.292 Y114.508 E.01884
G1 X112.025 Y111.507 E.11442
G1 X112.742 Y110.972 E.02954
G1 X113.226 Y110.707 E.01822
G1 X113.755 Y110.494 E.01883
G1 X117.184 Y110.494 E.11322
G1 X117.308 Y110.102 F9000
G1 F947
G1 X117.8 Y110.293 E.01743
G1 X118.351 Y110.562 E.02024
G1 X118.824 Y110.87 E.01864
G1 X119.274 Y111.232 E.01907
G1 X121.077 Y114.353 E.11901
G1 X121.184 Y115.051 E.02332
G1 X121.171 Y116.064 E.03345
G1 X121.084 Y116.635 E.01907
G1 X119.282 Y119.756 E.11899
G1 X118.859 Y120.095 E.0179
G1 X118.351 Y120.438 E.02024
G1 X117.847 Y120.693 E.01865
G1 X117.309 Y120.903 E.01907
G1 X113.705 Y120.903 E.11899
G1 X113.2 Y120.707 E.01789
G1 X112.649 Y120.438 E.02024
G1 X112.176 Y120.13 E.01864
G1 X111.726 Y119.768 E.01907
G1 X109.923 Y116.647 E.11901
G1 X109.841 Y116.111 E.0179
G1 X109.798 Y115.5 E.02022
G1 X109.829 Y114.936 E.01865
G1 X109.916 Y114.365 E.01907
G1 X111.718 Y111.244 E.11899
G1 X112.141 Y110.905 E.0179
G1 X112.649 Y110.562 E.02024
G1 X113.153 Y110.307 E.01865
G1 X113.691 Y110.097 E.01907
G1 X117.249 Y110.097 E.11748
G1 X117.372 Y109.712 F9000
;TYPE:External perimeter
;WIDTH:0.419999
G1 F947
G1 X117.94 Y109.932 E.0191
G1 X118.545 Y110.226 E.02109
G1 X119.056 Y110.561 E.01916
G1 X119.578 Y110.984 E.02107
G1 X121.448 Y114.222 E.11724
G1 X121.57 Y115.013 E.02509
G1 X121.555 Y116.11 E.0344
G1 X121.45 Y116.774 E.02108
G1 X119.581 Y120.012 E.11722
G1 X119.101 Y120.397 E.01929
G1 X118.545 Y120.774 E.02106
G1 X117.999 Y121.049 E.01917
G1 X117.372 Y121.29 E.02106
G1 X113.632 Y121.29 E.11726
G1 X113.06 Y121.068 E.01924
G1 X112.455 Y120.774 E.02109
G1 X111.944 Y120.439 E.01916
G1 X111.422 Y120.016 E.02107
G1 X109.552 Y116.778 E.11724
G1 X109.458 Y116.17 E.01929
G1 X109.41 Y115.5 E.02106
G1 X109.445 Y114.89 E.01916
G1 X109.55 Y114.226 E.02108
G1 X111.419 Y110.988 E.11722
G1 X111.899 Y110.603 E.01929
G1 X112.455 Y110.226 E.02106
G1 X113.001 Y109.951 E.01917
G1 X113.628 Y109.71 E.02106
G1 X117.312 Y109.71 E.11551
G1 E-3.5 F3600
;WIPE_START
G1 F7200
G1 X117.372 Y109.712 E-.02852
G1 X117.94 Y109.932 E-.28933
G1 X118.545 Y110.226 E-.31951
G1 X119.056 Y110.561 E-.29023
G1 X119.578 Y110.984 E-.31914
G1 X119.845 Y111.446 E-.25327
;WIPE_END
G1 X112.601 Y111.269 F9000
G1 E5 F2400
;TYPE:Solid infill
;WIDTH:0.38292
G1 F947
G1 X112.185 Y111.642 E.0158
G1 X111.698 Y112.675 F9000
G1 F947
G1 X111.657 Y112.686 E.0012
G1 X111.638 Y112.615 E.00208
G1 X111.709 Y112.634 E.00208
;WIDTH:0.41146
G1 X111.796 Y112.499 E.00492
;WIDTH:0.439999
G1 X111.883 Y112.364 E.0053
G1 X113.161 Y111.086 E.05967
G1 X113.316 Y111.003 E.00581
;WIDTH:0.41146
G1 X113.472 Y110.92 E.00542
;WIDTH:0.38292
G1 X113.431 Y110.931 E.0012
G1 X113.412 Y110.86 E.00208
G1 X113.483 Y110.879 E.00208
;WIDTH:0.439999
G1 X114.009 Y110.8 E.01756
G1 X111.116 Y113.693 E.13508
G1 X111.023 Y113.848 E.00597
;WIDTH:0.41146
G1 X110.931 Y114.004 E.00555
;WIDTH:0.38292
G1 X110.89 Y114.015 E.0012
G1 X110.871 Y113.944 E.00208
G1 X110.942 Y113.963 E.00208
G1 X110.556 Y114.814 F9000
;WIDTH:0.439999
G1 F947
G1 X114.571 Y110.8 E.18745
G1 X115.132 Y110.8 E.01852
G1 X110.504 Y115.428 E.2161
G1 X110.529 Y115.964 E.01772
G1 X115.694 Y110.8 E.24115
G1 X116.255 Y110.8 E.01852
G1 X110.615 Y116.44 E.26335
G1 X110.821 Y116.796 E.01358
G1 X116.817 Y110.8 E.27997
G1 X117.318 Y110.86 E.01666
G1 X114.559 Y113.619 E.12883
G1 X114.418 Y113.733 E.00599
;WIDTH:0.41146
G1 X114.278 Y113.847 E.00553
;WIDTH:0.38292
G1 X113.871 Y114.248 E.01615
;WIDTH:0.439999
G1 X113.65 Y114.529 E.0118
G1 X111.026 Y117.152 E.1225
G1 X111.232 Y117.508 E.01358
G1 X113.403 Y115.337 E.10137
G1 X113.495 Y115.214 E.00507
;WIDTH:0.41146
G1 X113.588 Y115.09 E.00475
;WIDTH:0.38292
G1 X113.547 Y115.101 E.0012
G1 X113.528 Y115.03 E.00208
G1 X113.599 Y115.049 E.00208
G1 X113.442 Y115.859 F9000
;WIDTH:0.439999
G1 F947
G1 X113.456 Y116.002 E.00474
G1 X113.56 Y116.315 E.01089
G1 X113.801 Y116.745 E.01628
G1 X113.966 Y116.942 E.00848
G1 X114.361 Y117.267 E.01689
G1 X114.838 Y117.495 E.01746
G1 X115.355 Y117.597 E.0174
G1 X115.881 Y117.567 E.0174
G1 X116.383 Y117.409 E.01738
G1 X113.734 Y120.06 E.12374
G1 X113.734 Y120.16 E.0033
G1 X113.342 Y120.008 E.01388
G1 X112.737 Y119.658 E.02308
G1 X112.275 Y119.315 E.019
G1 X111.438 Y117.864 E.05531
G1 X113.302 Y116 E.08704
G1 X113.262 Y116.601 E.01989
G1 X113.455 Y116.941 E.01291
G1 X113.665 Y117.202 E.01106
G1 X114.111 Y117.575 E.0192
G1 X114.671 Y117.855 E.02067
G1 X115.251 Y117.981 E.0196
G1 X113.564 Y119.668 E.07877
G1 X112.935 Y119.314 E.02383
G1 X112.58 Y119.049 E.01463
G1 X111.934 Y117.929 E.04269
G1 X113.122 Y116.741 E.05547
G1 X113.183 Y117.241 E.01663
G1 X113.364 Y117.461 E.00941
G1 X113.86 Y117.884 E.02152
G1 X114.471 Y118.2 E.02271
G1 X113.493 Y119.178 E.04567
G1 X112.885 Y118.783 E.02394
G1 X112.43 Y117.995 E.03004
G1 X113.043 Y117.382 E.02862
G1 X113.167 Y117.862 E.01637
;WIDTH:0.499601
G1 X113.752 Y118.315 E.0281
G1 X113.423 Y118.644 E.01767
G1 X113.249 Y118.525 E.008
G1 X112.964 Y118.065 E.02055
G1 X113.026 Y118.002 E.00336
G1 E-3.5 F3600
;WIPE_START
G1 F7200
G1 X112.964 Y118.065 E-.04199
G1 X113.249 Y118.525 E-.25704
G1 X113.423 Y118.644 E-.10013
G1 X113.752 Y118.315 E-.22101
G1 X113.167 Y117.862 E-.35145
G1 X113.043 Y117.382 E-.23549
G1 X112.607 Y117.818 E-.29289
;WIPE_END
G1 X115.088 Y113.591 F9000
G1 E5 F2400
;WIDTH:0.38292
G1 F947
G1 X115.047 Y113.602 E.0012
G1 X115.028 Y113.531 E.00208
G1 X115.099 Y113.55 E.00208
;WIDTH:0.41146
G1 X115.217 Y113.477 E.00425
;WIDTH:0.439999
G1 X115.336 Y113.404 E.00461
G1 X117.717 Y111.023 E.11118
G1 X117.933 Y111.368 E.01344
G1 X115.85 Y113.452 E.09729
G1 X116.162 Y113.505 E.01045
G1 X116.639 Y113.733 E.01746
G1 X117.029 Y114.052 E.01664
G1 X117.198 Y114.254 E.0087
G1 X117.443 Y114.692 E.01657
G1 X117.537 Y114.964 E.0095
G1 X117.598 Y115.492 E.01755
G1 X117.568 Y115.671 E.00599
G1 X117.279 Y116.515 E.02945
G1 X119.963 Y113.831 E.12533
G1 X118.726 Y111.688 E.0817
G1 X118.32 Y111.375 E.01693
G1 X118.073 Y111.228 E.00949
G1 X118.134 Y111.729 E.01666
G1 X118.421 Y111.953 E.01202
G1 X119.467 Y113.765 E.06908
G1 X117.975 Y115.257 E.06967
G1 X117.93 Y114.913 E.01145
G1 X117.79 Y114.498 E.01446
G1 X117.545 Y114.06 E.01657
G1 X117.326 Y113.789 E.0115
G1 X116.889 Y113.425 E.01878
G1 X116.595 Y113.268 E.011
G1 X117.994 Y111.87 E.0653
G1 X118.149 Y112.276 E.01435
G1 X118.971 Y113.7 E.05429
G1 X118.208 Y114.462 E.0356
G1 X117.891 Y113.866 E.02229
G1 X117.623 Y113.526 E.01429
G1 X117.233 Y113.192 E.01695
G1 X118.008 Y112.416 E.03621
G1 X118.069 Y112.882 E.01552
;WIDTH:0.389803
G1 X118.192 Y113.093 E.00704
;WIDTH:0.388032
G1 X118.529 Y113.642 E.01849
;WIDTH:0.353533
G1 X118.299 Y113.871 E.00838
;WIDTH:0.364857
G1 X118.062 Y113.483 E.01217
;WIDTH:0.389803
G1 X117.784 Y113.166 E.01216
G1 X117.929 Y113.022 E.00589
G1 E-3.5 F3600
;WIPE_START
G1 F7200
G1 X117.784 Y113.166 E-.09707
G1 X118.062 Y113.483 E-.20027
G1 X118.299 Y113.871 E-.21596
G1 X118.529 Y113.642 E-.15417
G1 X118.192 Y113.093 E-.30599
G1 X118.069 Y112.882 E-.11601
G1 X118.008 Y112.416 E-.22324
G1 X117.729 Y112.695 E-.18729
;WIPE_END
G1 X117.139 Y116.727 F9000
G1 E5 F2400
;WIDTH:0.38292
G1 F947
G1 X116.802 Y117.075 E.0137
G1 E-3.5 F3600
;WIPE_START
G1 F7200
G1 X117.139 Y116.727 E-.2301
;WIPE_END
G1 E-1.2699 F3600
G1 X114.155 Y120.2 F9000
G1 E5 F2400
;WIDTH:0.439999
G1 F947
G1 X120.169 Y114.187 E.28079
G1 X120.374 Y114.543 E.01356
G1 X114.717 Y120.2 E.26414
G1 X115.278 Y120.2 E.01852
G1 X120.467 Y115.011 E.24229
G1 X120.497 Y115.543 E.01759
G1 X115.84 Y120.2 E.21745
G1 X116.402 Y120.2 E.01856
G1 X120.448 Y116.154 E.18892
G1 X120.178 Y116.95 F9000
;WIDTH:0.38292
G1 F947
G1 X120.107 Y116.931 E.00208
G1 X120.126 Y117.002 E.00208
G1 X120.167 Y116.991 E.0012
;WIDTH:0.41146
G1 X120.045 Y117.116 E.00535
;WIDTH:0.439999
G1 X116.963 Y120.2 E.14396
G1 X118.28 Y119.557 F9000
;WIDTH:0.626404
G1 F947
G1 X118.468 Y119.388 E.01226
;WIDTH:0.65378
G1 X118.656 Y119.22 E.01281
G1 E-3.5 F3600
;WIPE_START
G1 F7200
G1 X118.468 Y119.388 E-.11976
G1 X118.28 Y119.557 E-.12008
;WIPE_END
G1 E-1.26016 F3600
G1 X116.478 Y116.884 F9000
G1 E5 F2400
;TYPE:Internal infill
;WIDTH:0.44
G1 F947
G1 X116.226 Y117.043 E.00984
G1 X115.82 Y117.176 E.01411
G1 X115.393 Y117.202 E.01412
G1 X114.973 Y117.122 E.01412
G1 X114.583 Y116.939 E.01422
G1 X114.296 Y116.704 E.01225
G1 X116.704 Y114.296 E.11244
G1 X116.866 Y114.471 E.00787
G1 X117.091 Y114.876 E.0153
G1 X117.202 Y115.471 E.01998
G1 X116.898 Y116.449 E.03381
G1 X116.697 Y116.697 E.01054
G1 X114.303 Y114.303 E.11178
G1 X114.12 Y114.497 E.00881
G1 X113.914 Y114.872 E.01413
G1 X113.801 Y115.312 E.015
G1 X113.849 Y115.944 E.02093
G1 X114.106 Y116.481 E.01966
;LAYER_CHANGE
;Z:5
;HEIGHT:0.2
;BEFORE_LAYER_CHANGE
G92 E0
;5


G1 E-3.5 F3600
;WIPE_START
G1 F7200
G1 X113.849 Y115.944 E-.28278
G1 X113.801 Y115.312 E-.30106
G1 X113.914 Y114.872 E-.21578
G1 X114.12 Y114.497 E-.20323
G1 X114.303 Y114.303 E-.12668
G1 X114.855 Y114.855 E-.37047
;WIPE_END
G1 Z5 F9000
;AFTER_LAYER_CHANGE
;5
G1 X111.687 Y118.878
G1 E5 F2400
;TYPE:Perimeter
;WIDTH:0.439999
G1 F942
G1 X111.648 Y118.839 E.00182
G1 X110.682 Y117.167 E.06376
G1 X110.547 Y116.732 E.01504
G1 X110.414 Y115.911 E.02746
G1 X110.414 Y115.089 E.02714
G1 X110.519 Y114.441 E.02167
G1 X110.682 Y113.833 E.02078
G1 X111.648 Y112.161 E.06376
G1 X111.957 Y111.827 E.01502
G1 X112.601 Y111.301 E.02745
G1 X113.313 Y110.89 E.02714
G1 X113.928 Y110.657 E.02171
G1 X114.534 Y110.494 E.02072
G1 X116.466 Y110.494 E.06379
G1 X116.91 Y110.595 E.01503
G1 X117.687 Y110.89 E.02744
G1 X118.399 Y111.301 E.02714
G1 X118.908 Y111.716 E.02168
G1 X119.352 Y112.161 E.02076
G1 X120.318 Y113.833 E.06376
G1 X120.453 Y114.268 E.01504
G1 X120.586 Y115.089 E.02746
G1 X120.586 Y115.911 E.02714
G1 X120.481 Y116.559 E.02167
G1 X120.318 Y117.167 E.02078
G1 X119.352 Y118.839 E.06376
G1 X119.043 Y119.173 E.01502
G1 X118.399 Y119.699 E.02745
G1 X117.687 Y120.11 E.02714
G1 X117.072 Y120.343 E.02171
G1 X116.466 Y120.506 E.02072
G1 X114.534 Y120.506 E.06379
G1 X114.09 Y120.405 E.01503
G1 X113.313 Y120.11 E.02744
G1 X112.601 Y119.699 E.02714
G1 X112.092 Y119.284 E.02168
G1 X111.729 Y118.921 E.01695
G1 X111.388 Y119.143 F9000
G1 F942
G1 X111.326 Y119.076 E.00301
G1 X110.316 Y117.327 E.06668
G1 X110.16 Y116.823 E.01742
G1 X110.017 Y115.943 E.02944
G1 X110.017 Y115.057 E.02925
G1 X110.16 Y114.177 E.02944
G1 X110.316 Y113.673 E.01742
G1 X111.326 Y111.924 E.06668
G1 X111.685 Y111.537 E.01743
G1 X112.375 Y110.973 E.02942
G1 X113.142 Y110.53 E.02924
G1 X113.976 Y110.214 E.02945
G1 X114.489 Y110.097 E.01737
G1 X116.511 Y110.097 E.06676
G1 X117.024 Y110.214 E.01737
G1 X117.858 Y110.53 E.02945
G1 X118.625 Y110.973 E.02924
G1 X119.315 Y111.537 E.02942
G1 X119.674 Y111.924 E.01743
G1 X120.684 Y113.673 E.06668
G1 X120.84 Y114.177 E.01742
G1 X120.983 Y115.057 E.02944
G1 X120.983 Y115.943 E.02925
G1 X120.84 Y116.823 E.02944
G1 X120.684 Y117.327 E.01742
G1 X119.674 Y119.076 E.06668
G1 X119.315 Y119.463 E.01743
G1 X118.625 Y120.027 E.02942
G1 X117.858 Y120.47 E.02924
G1 X117.024 Y120.786 E.02945
G1 X116.511 Y120.903 E.01737
G1 X114.489 Y120.903 E.06676
G1 X113.976 Y120.786 E.01737
G1 X113.142 Y120.47 E.02945
G1 X112.375 Y120.027 E.02924
G1 X111.685 Y119.463 E.02942
G1 X111.429 Y119.187 E.01243
G1 X111.098 Y119.4 F9000
;TYPE:External perimeter
;WIDTH:0.419999
G1 F942
G1 X111.012 Y119.307 E.00397
G1 X109.959 Y117.483 E.06604
G1 X109.782 Y116.911 E.01877
G1 X109.63 Y115.974 E.02976
G1 X109.63 Y115.026 E.02972
G1 X109.782 Y114.089 E.02976
G1 X109.959 Y113.517 E.01877
G1 X111.012 Y111.693 E.06604
G1 X111.419 Y111.254 E.01877
G1 X112.154 Y110.653 E.02977
G1 X112.975 Y110.179 E.02972
G1 X113.863 Y109.842 E.02978
G1 X114.446 Y109.71 E.01874
G1 X116.554 Y109.71 E.06609
G1 X117.137 Y109.842 E.01874
G1 X118.025 Y110.179 E.02978
G1 X118.846 Y110.653 E.02972
G1 X119.581 Y111.254 E.02977
G1 X119.988 Y111.693 E.01877
G1 X121.041 Y113.517 E.06604
G1 X121.218 Y114.089 E.01877
G1 X121.37 Y115.026 E.02976
G1 X121.37 Y115.974 E.02972
G1 X121.218 Y116.911 E.02976
G1 X121.041 Y117.483 E.01877
G1 X119.988 Y119.307 E.06604
G1 X119.581 Y119.746 E.01877
G1 X118.846 Y120.347 E.02977
G1 X118.025 Y120.821 E.02972
G1 X117.137 Y121.158 E.02978
G1 X116.554 Y121.29 E.01874
G1 X114.446 Y121.29 E.06609
G1 X113.863 Y121.158 E.01874
G1 X112.975 Y120.821 E.02978
G1 X112.154 Y120.347 E.02972
G1 X111.419 Y119.746 E.02977
G1 X111.139 Y119.444 E.01291
G1 E-3.5 F3600
;WIPE_START
G1 F7200
G1 X111.098 Y119.4 E-.02857
G1 X111.012 Y119.307 E-.06017
G1 X109.959 Y117.483 E-1.00041
G1 X109.782 Y116.911 E-.28441
G1 X109.739 Y116.648 E-.12644
;WIPE_END
G1 X114.106 Y116.481 F9000
G1 E5 F2400
;TYPE:Internal infill
;WIDTH:0.44
G1 F942
G1 X113.849 Y115.944 E.01966
G1 X113.801 Y115.312 E.02093
G1 X113.914 Y114.872 E.015
G1 X114.12 Y114.497 E.01413
G1 X114.303 Y114.303 E.00881
G1 X116.662 Y116.662 E.11015
G1 X115.951 Y117.133 E.02816
G1 X115.393 Y117.202 E.01856
G1 X114.973 Y117.122 E.01412
G1 X114.583 Y116.939 E.01422
G1 X114.296 Y116.704 E.01225
G1 X116.704 Y114.296 E.11244
G1 X116.417 Y114.061 E.01225
G1 X116.027 Y113.878 E.01422
G1 X115.64 Y113.804 E.01301
G1 X114.94 Y113.884 E.02326
G1 X114.524 Y114.114 E.01569
G1 E-3.5 F3600
;WIPE_START
G1 F7200
G1 X114.94 Y113.884 E-.22579
G1 X115.64 Y113.804 E-.33466
G1 X116.027 Y113.878 E-.18716
G1 X116.417 Y114.061 E-.20463
G1 X116.704 Y114.296 E-.17619
G1 X116.151 Y114.849 E-.37157
;WIPE_END
G1 X118.041 Y111.239 F9000
G1 E5 F2400
;TYPE:Top solid infill
;WIDTH:0.41294
G1 F942
G1 X119.121 Y112.332 E.04728
G1 X119.818 Y113.538 E.04286
G1 X117.345 Y111.066 E.10758
G1 X116.827 Y110.869 E.01705
G1 X116.566 Y110.81 E.00823
G1 X120.19 Y114.434 E.15769
G1 X120.292 Y115.059 E.01948
G1 X116.013 Y110.78 E.18619
G1 X115.489 Y110.78 E.01612
G1 X120.3 Y115.591 E.20933
G1 X120.3 Y115.888 E.00914
G1 X120.269 Y116.082 E.00604
G1 X114.966 Y110.78 E.23072
G1 X114.566 Y110.78 E.01231
G1 X114.466 Y110.803 E.00316
G1 X120.196 Y116.533 E.24932
G1 X120.174 Y116.666 E.00415
G1 X120.087 Y116.947 E.00905
G1 X114.054 Y110.914 E.2625
G1 X113.675 Y111.058 E.01247
G1 X116.131 Y113.515 E.10689
G1 X116.6 Y113.731 E.01589
G1 X117.021 Y114.072 E.01667
G1 X117.186 Y114.27 E.00793
G1 X117.43 Y114.709 E.01545
G1 X117.488 Y114.872 E.00532
G1 X119.913 Y117.297 E.10552
G1 X119.721 Y117.628 E.01177
G1 X117.579 Y115.486 E.0932
G1 X117.552 Y115.656 E.0053
G1 X117.472 Y115.902 E.00796
G1 X119.53 Y117.96 E.08955
G1 X119.338 Y118.292 E.0118
G1 X117.344 Y116.297 E.08678
G1 X117.204 Y116.68 E.01255
G1 X119.147 Y118.624 E.08456
G1 X118.903 Y118.903 E.0114
G1 X116.932 Y116.932 E.08576
G1 X116.628 Y117.152 E.01155
G1 X118.624 Y119.147 E.08683
G1 X118.335 Y119.382 E.01146
G1 X116.325 Y117.372 E.08746
G1 X115.957 Y117.527 E.01229
G1 X118.019 Y119.589 E.08972
G1 X117.687 Y119.78 E.01178
G1 X115.315 Y117.408 E.10321
G1 E-3.5 F3600
;WIPE_START
G1 F7200
G1 X117.548 Y119.641 E-1.5
;WIPE_END
G1 X115.685 Y113.592 F9000
G1 E5 F2400
G1 F942
G1 X113.313 Y111.22 E.10321
G1 X112.981 Y111.411 E.01178
G1 X115.049 Y113.479 E.08998
G1 X114.849 Y113.517 E.00626
G1 X114.644 Y113.598 E.00678
G1 X112.664 Y111.618 E.08615
G1 X112.376 Y111.853 E.01144
G1 X114.32 Y113.796 E.08456
G1 X114.157 Y113.907 E.00607
G1 X114.036 Y114.036 E.00544
G1 X112.097 Y112.097 E.08437
G1 X111.853 Y112.376 E.0114
G1 X113.791 Y114.314 E.08433
G1 X113.605 Y114.652 E.01187
G1 X111.662 Y112.708 E.08456
G1 X111.47 Y113.04 E.0118
G1 X113.479 Y115.049 E.08741
G1 X113.425 Y115.276 E.00718
G1 X113.416 Y115.509 E.00717
G1 X111.278 Y113.372 E.09301
G1 X111.087 Y113.703 E.01176
G1 X113.516 Y116.132 E.10569
G1 X113.588 Y116.33 E.00648
G1 X113.813 Y116.729 E.01409
G1 X113.975 Y116.924 E.0078
G1 X114.4 Y117.269 E.01684
G1 X114.869 Y117.485 E.01589
G1 X117.325 Y119.942 E.10689
G1 X116.946 Y120.086 E.01247
G1 X110.913 Y114.053 E.2625
G1 X110.826 Y114.334 E.00905
G1 X110.804 Y114.468 E.00418
G1 X116.534 Y120.197 E.2493
G1 X116.434 Y120.22 E.00316
G1 X116.034 Y120.22 E.01231
G1 X110.731 Y114.918 E.23072
G1 X110.7 Y115.112 E.00604
G1 X110.7 Y115.409 E.00914
G1 X115.51 Y120.22 E.20931
G1 X114.987 Y120.22 E.01609
G1 X110.708 Y115.941 E.18619
G1 X110.81 Y116.566 E.01948
G1 X114.434 Y120.19 E.15769
G1 X114.173 Y120.131 E.00823
G1 X113.655 Y119.934 E.01705
G1 X111.182 Y117.462 E.10758
G1 X111.879 Y118.668 E.04286
G1 X112.958 Y119.761 E.04725
;LAYER_CHANGE
;Z:5.2
;HEIGHT:0.2
;BEFORE_LAYER_CHANGE
G92 E0
;5.2


G1 E-3.5 F3600
;WIPE_START
G1 F7200
G1 X111.879 Y118.668 E-.72954
G1 X111.182 Y117.462 E-.66164
G1 X111.344 Y117.624 E-.10882
;WIPE_END
G1 Z5.2 F9000
;AFTER_LAYER_CHANGE
;5.2
G1 X117.017 Y116.925
G1 E5 F2400
;TYPE:Perimeter
;WIDTH:0.439999
G1 F900
G1 X116.837 Y117.117 E.00869
G1 X116.393 Y117.398 E.01735
G1 X115.893 Y117.561 E.01736
G1 X115.368 Y117.594 E.01737
G1 X114.852 Y117.495 E.01735
G1 X114.374 Y117.271 E.01743
G1 X114.169 Y117.102 E.00877
G1 X113.811 Y116.75 E.01658
G1 X113.524 Y116.192 E.02072
G1 X113.434 Y115.779 E.01396
G1 X113.414 Y115.256 E.01728
G1 X113.549 Y114.728 E.01799
G1 X113.803 Y114.267 E.01738
G1 X114.164 Y113.882 E.01743
G1 X114.705 Y113.56 E.02079
G1 X115.098 Y113.458 E.01341
G1 X115.601 Y113.4 E.01672
G1 X116.148 Y113.505 E.01839
G1 X116.626 Y113.73 E.01744
G1 X116.816 Y113.885 E.0081
G1 X117.188 Y114.248 E.01716
G1 X117.448 Y114.718 E.01773
G1 X117.555 Y115.161 E.01505
G1 X117.568 Y115.647 E.01605
G1 X117.362 Y116.279 E.02195
G1 X117.183 Y116.748 E.01657
G1 X117.058 Y116.881 E.00603
G1 X117.307 Y117.197 F9000
G1 F900
G1 X117.093 Y117.425 E.01032
G1 X116.564 Y117.76 E.02067
G1 X115.968 Y117.954 E.02069
G1 X115.343 Y117.993 E.02068
G1 X114.728 Y117.876 E.02067
G1 X114.16 Y117.609 E.02072
G1 X113.595 Y117.109 E.02491
G1 X113.292 Y116.637 E.01852
G1 X113.081 Y116.129 E.01816
G1 X113.026 Y115.726 E.01343
G1 X113.019 Y115.198 E.01743
G1 X113.177 Y114.58 E.02106
G1 X113.479 Y114.032 E.02066
G1 X113.909 Y113.574 E.02074
G1 X114.284 Y113.333 E.01472
G1 X114.714 Y113.127 E.01574
G1 X115.225 Y113.029 E.01718
G1 X115.639 Y113.003 E.0137
G1 X116.272 Y113.124 E.02128
G1 X116.84 Y113.391 E.02072
G1 X117.401 Y113.886 E.0247
G1 X117.702 Y114.357 E.01846
G1 X117.918 Y114.865 E.01823
G1 X117.975 Y115.318 E.01507
G1 X117.954 Y115.741 E.01398
G1 X117.712 Y116.485 E.02583
G1 X117.512 Y116.978 E.01757
G1 X117.348 Y117.153 E.00792
G1 X117.589 Y117.462 F9000
;TYPE:External perimeter
;WIDTH:0.419999
G1 F900
G1 X117.341 Y117.726 E.01136
G1 X116.73 Y118.113 E.02268
G1 X116.041 Y118.337 E.02272
G1 X115.319 Y118.383 E.02268
G1 X114.607 Y118.247 E.02273
G1 X113.952 Y117.939 E.02269
G1 X113.574 Y117.629 E.01533
G1 X113.165 Y117.201 E.01856
G1 X112.954 Y116.826 E.01349
G1 X112.702 Y116.221 E.02055
G1 X112.643 Y115.778 E.01401
G1 X112.633 Y115.141 E.01998
G1 X112.814 Y114.437 E.02279
G1 X113.163 Y113.802 E.02272
G1 X113.659 Y113.274 E.02271
G1 X114.075 Y113.008 E.01548
G1 X114.603 Y112.754 E.01837
G1 X115.152 Y112.649 E.01753
G1 X115.675 Y112.616 E.01643
G1 X116.393 Y112.753 E.02292
G1 X117.048 Y113.061 E.02269
G1 X117.423 Y113.368 E.0152
G1 X117.835 Y113.799 E.01869
G1 X118.077 Y114.234 E.01561
G1 X118.297 Y114.777 E.01837
G1 X118.388 Y115.495 E.02269
G1 X118.331 Y115.833 E.01075
G1 X118.081 Y116.605 E.02544
G1 X117.833 Y117.201 E.02024
G1 X117.63 Y117.418 E.00932
G1 X116.427 Y117.015 F9000
;TYPE:Internal infill
;WIDTH:0.44
G1 F900
G1 X115.835 Y117.258 E.02113
G1 X115.388 Y117.286 E.01479
G1 X114.947 Y117.202 E.01482
G1 X114.538 Y117.01 E.01492
G1 X114.237 Y116.763 E.01286
G1 X116.763 Y114.237 E.11795
G1 X116.935 Y114.424 E.00839
G1 X117.168 Y114.842 E.0158
G1 X117.287 Y115.473 E.0212
G1 X116.975 Y116.481 E.03484
G1 X116.756 Y116.756 E.01161
G1 X114.244 Y114.244 E.11729
G1 X114.052 Y114.448 E.00925
G1 X113.836 Y114.841 E.01481
G1 X113.718 Y115.3 E.01565
G1 X113.767 Y115.963 E.02195
G1 X113.98 Y116.427 E.01686
;LAYER_CHANGE
;Z:5.4
;HEIGHT:0.2
;BEFORE_LAYER_CHANGE
G92 E0
;5.4


G1 E-3.5 F3600
;WIPE_START
G1 F7200
G1 X113.767 Y115.963 E-.24251
G1 X113.718 Y115.3 E-.31578
G1 X113.836 Y114.841 E-.22511
G1 X114.052 Y114.448 E-.21301
G1 X114.244 Y114.244 E-.13307
G1 X114.796 Y114.796 E-.37052
;WIPE_END
G1 Z5.4 F9000
;AFTER_LAYER_CHANGE
;5.4
G1 X114.526 Y117.57
G1 E5 F2400
;TYPE:Perimeter
;WIDTH:0.439999
G1 F900
G1 X114.266 Y117.445 E.00953
G1 X113.821 Y117.077 E.01907
G1 X113.481 Y116.61 E.01907
G1 X113.269 Y116.073 E.01906
G1 X113.198 Y115.524 E.01828
G1 X113.254 Y115.022 E.01668
G1 X113.468 Y114.418 E.02116
G1 X113.843 Y113.902 E.02106
G1 X114.302 Y113.553 E.01904
G1 X114.777 Y113.316 E.01753
G1 X115.353 Y113.205 E.01937
G1 X115.764 Y113.225 E.01359
G1 X116.259 Y113.341 E.01679
G1 X116.734 Y113.555 E.0172
G1 X117.179 Y113.923 E.01907
G1 X117.475 Y114.35 E.01715
G1 X117.691 Y114.822 E.01714
G1 X117.791 Y115.298 E.01606
G1 X117.777 Y115.603 E.01008
G1 X117.643 Y116.05 E.01541
G1 X117.383 Y116.477 E.01651
G1 X117.086 Y116.834 E.01533
G1 X116.304 Y117.403 E.03193
G1 X115.774 Y117.637 E.01913
G1 X115.262 Y117.718 E.01712
G1 X114.743 Y117.673 E.0172
G1 X114.58 Y117.596 E.00595
G1 X114.35 Y117.945 F9000
G1 F900
G1 X113.928 Y117.691 E.01626
G1 X113.531 Y117.349 E.0173
G1 X113.233 Y116.961 E.01615
G1 X112.988 Y116.495 E.01738
G1 X112.854 Y116.019 E.01633
G1 X112.799 Y115.514 E.01677
G1 X112.863 Y114.944 E.01894
G1 X113.053 Y114.368 E.02003
G1 X113.305 Y113.967 E.01564
G1 X113.66 Y113.529 E.01862
G1 X114.084 Y113.221 E.0173
G1 X114.659 Y112.935 E.0212
G1 X115.485 Y112.806 E.0276
G1 X115.984 Y112.86 E.01657
G1 X116.66 Y113.061 E.02329
G1 X117.222 Y113.418 E.02198
G1 X117.556 Y113.755 E.01567
G1 X117.866 Y114.234 E.01884
G1 X118.119 Y114.838 E.02162
G1 X118.2 Y115.471 E.02107
G1 X118.119 Y115.885 E.01393
G1 X117.932 Y116.379 E.01744
G1 X117.641 Y116.802 E.01695
G1 X117.344 Y117.138 E.01481
G1 X116.503 Y117.749 E.03432
G1 X116.108 Y117.923 E.01425
G1 X115.603 Y118.083 E.01749
G1 X115.142 Y118.112 E.01525
G1 X114.638 Y118.059 E.01673
G1 X114.405 Y117.967 E.00827
G1 X114.19 Y118.284 F9000
;TYPE:External perimeter
;WIDTH:0.419999
G1 F900
G1 X113.845 Y118.109 E.01213
G1 X113.373 Y117.733 E.01892
G1 X113 Y117.316 E.01754
G1 X112.704 Y116.8 E.01865
G1 X112.507 Y116.268 E.01779
G1 X112.425 Y115.727 E.01716
G1 X112.455 Y115.107 E.01946
G1 X112.581 Y114.526 E.01864
G1 X112.79 Y114.017 E.01725
G1 X113.137 Y113.54 E.01849
G1 X113.527 Y113.123 E.0179
G1 X114.063 Y112.772 E.02009
G1 X114.543 Y112.563 E.01641
G1 X114.958 Y112.483 E.01325
G1 X115.481 Y112.419 E.01652
G1 X116.05 Y112.479 E.01794
G1 X116.613 Y112.634 E.01831
G1 X117.155 Y112.891 E.01881
G1 X117.635 Y113.275 E.01927
G1 X117.997 Y113.68 E.01703
G1 X118.313 Y114.237 E.02008
G1 X118.493 Y114.735 E.0166
G1 X118.589 Y115.49 E.02386
G1 X118.463 Y116.086 E.0191
G1 X118.272 Y116.569 E.01629
G1 X117.96 Y117.022 E.01725
G1 X117.595 Y117.434 E.01726
G1 X116.697 Y118.086 E.03479
G1 X116.022 Y118.384 E.02313
G1 X115.666 Y118.466 E.01145
G1 X115.045 Y118.497 E.0195
G1 X114.536 Y118.435 E.01608
G1 X114.311 Y118.346 E.00759
G1 X114.243 Y118.311 E.0024
G1 E-3.5 F3600
;WIPE_START
G1 F7200
G1 X114.19 Y118.284 E-.02825
G1 X113.845 Y118.109 E-.18375
G1 X113.373 Y117.733 E-.28664
G1 X113 Y117.316 E-.26575
G1 X112.704 Y116.8 E-.28256
G1 X112.507 Y116.268 E-.26947
G1 X112.449 Y115.886 E-.18358
;WIPE_END
G1 X113.671 Y116.296 F9000
G1 E5 F2400
;TYPE:Internal infill
;WIDTH:0.44
G1 F900
G1 X113.518 Y115.75 E.01872
G1 X113.555 Y115.082 E.02209
G1 X113.732 Y114.574 E.01776
G1 X114.09 Y114.09 E.01988
G1 X116.721 Y116.721 E.12285
G1 X116.15 Y117.136 E.02331
G1 X115.677 Y117.345 E.01707
G1 X115.251 Y117.412 E.01424
G1 X114.824 Y117.376 E.01415
G1 X114.65 Y117.307 E.00618
G1 X114.09 Y116.91 E.02266
G1 X116.91 Y114.09 E.13168
G1 X116.57 Y113.813 E.01448
G1 X116.014 Y113.578 E.01993
G1 X115.384 Y113.51 E.02092
G1 X114.707 Y113.681 E.02305
;LAYER_CHANGE
;Z:5.6
;HEIGHT:0.2
;BEFORE_LAYER_CHANGE
G92 E0
;5.6


G1 E-3.5 F3600
;WIPE_START
G1 F7200
G1 X115.384 Y113.51 E-.33167
G1 X116.014 Y113.578 E-.30099
G1 X116.57 Y113.813 E-.28672
G1 X116.91 Y114.09 E-.20831
G1 X116.356 Y114.644 E-.37231
;WIPE_END
G1 Z5.6 F9000
;AFTER_LAYER_CHANGE
;5.6
G1 X113.021 Y115.446
G1 E5 F2400
;TYPE:Perimeter
;WIDTH:0.439999
G1 F900
G1 X113.016 Y115.186 E.00859
G1 X113.131 Y114.704 E.01636
G1 X113.369 Y114.194 E.01858
G1 X113.741 Y113.746 E.01923
G1 X114.155 Y113.391 E.01801
G1 X114.556 Y113.19 E.01481
G1 X115.053 Y113.038 E.01716
G1 X115.466 Y113.001 E.01369
G1 X115.969 Y113.04 E.01666
G1 X116.566 Y113.234 E.02073
G1 X117.096 Y113.571 E.02074
G1 X117.394 Y113.872 E.01398
G1 X117.746 Y114.413 E.02131
G1 X117.929 Y114.899 E.01715
G1 X118.001 Y115.454 E.01848
G1 X117.875 Y116.015 E.01898
G1 X117.603 Y116.549 E.01979
G1 X117.307 Y116.896 E.01506
G1 X116.911 Y117.205 E.01658
G1 X116.509 Y117.376 E.01442
G1 X115.999 Y117.512 E.01743
G1 X115.032 Y117.512 E.03193
G1 X114.721 Y117.445 E.0105
G1 X114.244 Y117.295 E.01651
G1 X113.78 Y116.982 E.01848
G1 X113.397 Y116.549 E.01909
G1 X113.174 Y116.126 E.01579
G1 X113.025 Y115.622 E.01735
G1 X113.023 Y115.506 E.00383
G1 X112.6 Y115.469 F9000
G1 F900
G1 X112.689 Y114.778 E.023
G1 X112.879 Y114.268 E.01797
G1 X113.144 Y113.808 E.01753
G1 X113.45 Y113.476 E.01491
G1 X113.943 Y113.053 E.02145
G1 X114.408 Y112.82 E.01717
G1 X114.969 Y112.648 E.01937
G1 X115.515 Y112.604 E.01809
G1 X116.044 Y112.65 E.01753
G1 X116.581 Y112.813 E.01853
G1 X117.055 Y113.05 E.0175
G1 X117.485 Y113.391 E.01812
G1 X117.842 Y113.788 E.01763
G1 X118.106 Y114.241 E.01731
G1 X118.313 Y114.791 E.0194
G1 X118.4 Y115.473 E.0227
G1 X118.302 Y115.967 E.01663
G1 X118.109 Y116.473 E.01788
G1 X117.826 Y116.909 E.01716
G1 X117.482 Y117.282 E.01675
G1 X116.951 Y117.641 E.02116
G1 X116.467 Y117.812 E.01695
G1 X116.029 Y117.909 E.01481
G1 X114.99 Y117.909 E.0343
G1 X114.345 Y117.77 E.02179
G1 X113.96 Y117.589 E.01405
G1 X113.518 Y117.282 E.01777
G1 X113.166 Y116.899 E.01718
G1 X112.891 Y116.473 E.01674
G1 X112.71 Y116.007 E.01651
G1 X112.611 Y115.527 E.01618
G1 X112.211 Y115.49 F9000
;TYPE:External perimeter
;WIDTH:0.419999
G1 F900
G1 X112.227 Y115.235 E.00801
G1 X112.314 Y114.682 E.01755
G1 X112.546 Y114.067 E.02061
G1 X112.836 Y113.571 E.01801
G1 X113.331 Y113.034 E.0229
G1 X113.737 Y112.723 E.01604
G1 X114.263 Y112.459 E.01845
G1 X114.888 Y112.268 E.02049
G1 X115.515 Y112.217 E.01972
G1 X116.116 Y112.269 E.01891
G1 X116.724 Y112.453 E.01992
G1 X117.263 Y112.723 E.0189
G1 X117.75 Y113.109 E.01948
G1 X118.159 Y113.564 E.01918
G1 X118.457 Y114.075 E.01855
G1 X118.687 Y114.686 E.02047
G1 X118.789 Y115.49 E.02541
G1 X118.75 Y115.742 E.008
G1 X118.614 Y116.28 E.0174
G1 X118.346 Y116.833 E.01927
G1 X118.012 Y117.3 E.018
G1 X117.553 Y117.716 E.01942
G1 X117.115 Y117.994 E.01627
G1 X116.595 Y118.177 E.01728
G1 X116.058 Y118.296 E.01725
G1 X114.948 Y118.296 E.0348
G1 X114.228 Y118.14 E.0231
G1 X113.712 Y117.893 E.01794
G1 X113.262 Y117.573 E.01731
G1 X112.86 Y117.136 E.01862
G1 X112.545 Y116.649 E.01819
G1 X112.314 Y116.031 E.02069
G1 X112.222 Y115.549 E.01539
G1 X113.656 Y116.376 F9000
;TYPE:Solid infill
;WIDTH:0.489685
G1 F900
G1 X113.557 Y116.136 E.00964
;WIDTH:0.530286
G1 X113.457 Y115.895 E.01057
G1 X113.361 Y115.372 E.02155
;WIDTH:0.526112
G1 X113.494 Y114.755 E.02536
;WIDTH:0.53369
G1 X113.737 Y114.272 E.02206
G1 X114.098 Y113.875 E.0219
;WIDTH:0.52909
G1 X114.55 Y113.579 E.02184
;WIDTH:0.518362
G1 X114.831 Y113.464 E.012
;WIDTH:0.51949
G1 X115.383 Y113.357 E.02228
;WIDTH:0.557248
G1 X115.896 Y113.399 E.02201
G1 X116.412 Y113.562 E.02314
;WIDTH:0.547694
G1 X116.866 Y113.849 E.02254
;WIDTH:0.54576
G1 X117.232 Y114.225 E.02194
;WIDTH:0.528
G1 X117.477 Y114.673 E.0206
;WIDTH:0.532778
G1 X117.587 Y114.988 E.01359
G1 X117.638 Y115.496 E.0208
;WIDTH:0.531
G1 X117.542 Y115.895 E.01666
G1 X117.443 Y116.135 E.01054
;WIDTH:0.490189
G1 X117.343 Y116.376 E.0097
G1 X116.997 Y114.706 F9000
;TYPE:Internal infill
;WIDTH:0.44
G1 F900
G1 X117.148 Y115.043 E.01219
G1 X117.202 Y115.471 E.01424
G1 X116.805 Y116.735 E.04374
G1 X116.944 Y116.809 E.0052
G1 X116.868 Y116.868 E.00318
G1 X114.303 Y114.303 E.11977
G1 X114.415 Y114.183 E.00542
G1 X114.94 Y113.884 E.01995
G1 X115.429 Y113.791 E.01643
G1 X116.027 Y113.878 E.01995
G1 X116.417 Y114.061 E.01422
G1 X116.704 Y114.296 E.01225
G1 X114.132 Y116.868 E.1201
G1 X114.056 Y116.809 E.00318
G1 X114.195 Y116.735 E.0052
G1 X113.825 Y115.596 E.03954
G1 X113.8 Y115.346 E.0083
G1 X114.006 Y114.705 E.02223
;LAYER_CHANGE
;Z:5.8
;HEIGHT:0.2
;BEFORE_LAYER_CHANGE
G92 E0
;5.8


G1 E-3.5 F3600
;WIPE_START
G1 F7200
G1 X113.8 Y115.346 E-.31981
G1 X113.825 Y115.596 E-.11934
G1 X114.195 Y116.735 E-.56886
G1 X114.056 Y116.809 E-.0748
G1 X114.132 Y116.868 E-.0457
G1 X114.685 Y116.315 E-.37149
;WIPE_END
G1 Z5.8 F9000
;AFTER_LAYER_CHANGE
;5.8
G1 X114.454 Y113.059
G1 E5 F2400
;TYPE:Perimeter
;WIDTH:0.439999
G1 F900
G1 X114.541 Y113 E.00347
G1 X114.993 Y112.844 E.01579
G1 X115.469 Y112.803 E.01577
G1 X116.007 Y112.844 E.01781
G1 X116.475 Y112.984 E.01613
G1 X117 Y113.259 E.01957
G1 X117.488 Y113.669 E.02104
G1 X117.869 Y114.197 E.0215
G1 X118.077 Y114.699 E.01794
G1 X118.201 Y115.457 E.02536
G1 X118.127 Y115.856 E.0134
G1 X117.938 Y116.371 E.01811
G1 X117.582 Y116.901 E.02108
G1 X117.119 Y117.312 E.02044
G1 X116.585 Y117.585 E.0198
G1 X116.02 Y117.71 E.01911
G1 X115.492 Y117.694 E.01744
G1 X114.947 Y117.532 E.01877
G1 X114.438 Y117.224 E.01964
G1 X113.943 Y116.856 E.02037
G1 X113.553 Y116.421 E.01929
G1 X113.317 Y115.959 E.01713
G1 X113.192 Y115.404 E.01878
G1 X113.21 Y114.816 E.01942
G1 X113.381 Y114.231 E.02012
G1 X113.704 Y113.691 E.02078
G1 X114.064 Y113.323 E.017
G1 X114.405 Y113.093 E.01358
G1 X114.254 Y112.719 F9000
G1 F900
G1 X114.567 Y112.544 E.01184
G1 X115.053 Y112.436 E.01644
G1 X115.561 Y112.407 E.0168
G1 X116.081 Y112.453 E.01724
G1 X116.622 Y112.615 E.01865
G1 X117.23 Y112.933 E.02265
G1 X117.603 Y113.247 E.0161
G1 X118.009 Y113.677 E.01953
G1 X118.312 Y114.205 E.0201
G1 X118.504 Y114.729 E.01843
G1 X118.586 Y115.246 E.01728
G1 X118.566 Y115.699 E.01497
G1 X118.442 Y116.201 E.01707
G1 X118.193 Y116.722 E.01907
G1 X117.881 Y117.163 E.01784
G1 X117.475 Y117.538 E.01825
G1 X117.039 Y117.821 E.01716
G1 X116.564 Y118.004 E.01681
G1 X116.056 Y118.106 E.01711
G1 X115.415 Y118.085 E.02118
G1 X114.785 Y117.898 E.0217
G1 X114.216 Y117.554 E.02195
G1 X113.673 Y117.151 E.02233
G1 X113.232 Y116.657 E.02186
G1 X112.943 Y116.096 E.02084
G1 X112.821 Y115.6 E.01686
G1 X112.784 Y115.1 E.01655
G1 X112.858 Y114.573 E.01757
G1 X113.016 Y114.072 E.01734
G1 X113.293 Y113.588 E.01841
G1 X113.639 Y113.167 E.01799
G1 X114.058 Y112.829 E.01777
G1 X114.202 Y112.748 E.00546
G1 X114.056 Y112.382 F9000
;TYPE:External perimeter
;WIDTH:0.419999
G1 F900
G1 X114.43 Y112.179 E.01334
G1 X115.089 Y112.042 E.0211
G1 X115.748 Y112.021 E.02067
G1 X116.387 Y112.132 E.02034
G1 X116.983 Y112.342 E.01981
G1 X117.453 Y112.615 E.01704
G1 X118.047 Y113.115 E.02434
G1 X118.419 Y113.599 E.01914
G1 X118.662 Y114.04 E.01579
G1 X118.88 Y114.632 E.01978
G1 X118.989 Y115.491 E.02715
G1 X118.882 Y116.07 E.01846
G1 X118.716 Y116.546 E.01581
G1 X118.428 Y117.088 E.01924
G1 X118.02 Y117.573 E.01987
G1 X117.561 Y117.961 E.01884
G1 X117.022 Y118.25 E.01918
G1 X116.474 Y118.433 E.01811
G1 X115.858 Y118.499 E.01942
G1 X115.34 Y118.467 E.01627
G1 X114.628 Y118.255 E.02329
G1 X114 Y117.876 E.023
G1 X113.411 Y117.438 E.02301
G1 X112.919 Y116.888 E.02314
G1 X112.73 Y116.574 E.01149
G1 X112.522 Y116.034 E.01814
G1 X112.409 Y115.48 E.01773
G1 X112.416 Y114.882 E.01875
G1 X112.522 Y114.3 E.01855
G1 X112.759 Y113.725 E.0195
G1 X113.085 Y113.206 E.01922
G1 X113.511 Y112.765 E.01922
G1 X113.914 Y112.459 E.01587
G1 X114.003 Y112.411 E.00317
G1 E-3.5 F3600
;WIPE_START
G1 F7200
G1 X114.056 Y112.382 E-.0287
G1 X114.43 Y112.179 E-.20213
G1 X115.089 Y112.042 E-.31972
G1 X115.748 Y112.021 E-.31318
G1 X116.387 Y112.132 E-.30807
G1 X116.983 Y112.342 E-.30016
G1 X117.034 Y112.372 E-.02804
;WIPE_END
G1 X113.493 Y115.125 F9000
G1 E5 F2400
;TYPE:Solid infill
;WIDTH:0.489623
G1 F900
G1 X113.554 Y114.872 E.00967
;WIDTH:0.530166
G1 X113.615 Y114.62 E.0105
;WIDTH:0.54562
G1 X113.834 Y114.138 E.02213
G1 X114.169 Y113.704 E.02292
;WIDTH:0.53815
G1 X114.627 Y113.353 E.02376
;WIDTH:0.537308
G1 X114.831 Y113.252 E.00936
G1 X115.352 Y113.164 E.02172
;WIDTH:0.530022
G1 X115.672 Y113.157 E.01296
;WIDTH:0.540278
G1 X116.232 Y113.27 E.02363
G1 X116.541 Y113.394 E.01377
;WIDTH:0.523496
G1 X116.966 Y113.673 E.02032
;WIDTH:0.511454
G1 X117.356 Y114.069 E.02165
;WIDTH:0.51799
G1 X117.633 Y114.536 E.02145
G1 X117.82 Y115.164 E.02588
;WIDTH:0.546468
G1 X117.838 Y115.441 E.01162
G1 X117.73 Y115.95 E.02179
;WIDTH:0.54592
G1 X117.476 Y116.448 E.02338
G1 X117.137 Y116.853 E.02209
;WIDTH:0.522788
G1 X116.703 Y117.163 E.02128
G1 X116.17 Y117.019 F9000
;TYPE:Internal infill
;WIDTH:0.44
G1 F900
G1 X115.83 Y117.266 E.01388
G1 X115.899 Y117.408 E.00521
G1 X115.551 Y117.392 E.0115
G1 X115.072 Y117.25 E.0165
G1 X114.276 Y116.724 E.0315
G1 X116.851 Y114.149 E.12024
G1 X117.244 Y114.73 E.02316
G1 X117.358 Y115.046 E.01109
G1 X117.41 Y115.433 E.01289
G1 X117.242 Y115.995 E.01937
G1 X116.944 Y116.428 E.01736
G1 X116.662 Y116.662 E.0121
G1 X114.274 Y114.274 E.1115
G1 X114.089 Y114.593 E.01218
G1 X113.719 Y115.732 E.03954
G1 X113.562 Y115.71 E.00523
G1 X113.85 Y116.295 E.02153
;LAYER_CHANGE
;Z:6
;HEIGHT:0.2
;BEFORE_LAYER_CHANGE
G92 E0
;6


G1 E-3.5 F3600
;WIPE_START
G1 F7200
G1 X113.562 Y115.71 E-.30972
G1 X113.719 Y115.732 E-.0753
G1 X114.089 Y114.593 E-.56886
G1 X114.274 Y114.274 E-.17516
G1 X114.826 Y114.826 E-.37096
;WIPE_END
G1 Z6 F9000
;AFTER_LAYER_CHANGE
;6
G1 X118.401 Y115.459
G1 E5 F2400
;TYPE:Perimeter
;WIDTH:0.439999
G1 F900
G1 X118.259 Y116.123 E.02242
G1 X118.04 Y116.591 E.01706
G1 X117.741 Y117.022 E.01732
G1 X117.384 Y117.357 E.01616
G1 X116.961 Y117.638 E.01677
G1 X116.361 Y117.857 E.02109
G1 X115.744 Y117.918 E.02047
G1 X115.153 Y117.824 E.01976
G1 X114.731 Y117.65 E.01507
G1 X114.315 Y117.369 E.01658
G1 X114.016 Y117.025 E.01505
G1 X113.741 Y116.597 E.0168
G1 X113.442 Y115.676 E.03197
G1 X113.383 Y115.1 E.01912
G1 X113.464 Y114.589 E.01708
G1 X113.689 Y114.066 E.0188
G1 X114.05 Y113.6 E.01946
G1 X114.532 Y113.228 E.0201
G1 X115.11 Y112.981 E.02075
G1 X115.574 Y112.899 E.01556
G1 X116.085 Y112.896 E.01687
G1 X116.598 Y113.006 E.01732
G1 X117.064 Y113.191 E.01655
G1 X117.48 Y113.465 E.01645
G1 X117.871 Y113.828 E.01762
G1 X118.134 Y114.291 E.01758
G1 X118.309 Y114.766 E.01671
G1 X118.393 Y115.4 E.02112
G1 X118.8 Y115.475 F9000
G1 F900
G1 X118.744 Y115.86 E.01285
G1 X118.548 Y116.46 E.02084
G1 X118.279 Y116.97 E.01904
G1 X117.893 Y117.433 E.0199
G1 X117.468 Y117.797 E.01848
G1 X116.961 Y118.071 E.01903
G1 X116.449 Y118.245 E.01785
G1 X115.901 Y118.31 E.01822
G1 X115.381 Y118.282 E.01719
G1 X114.889 Y118.151 E.01681
G1 X114.418 Y117.936 E.01709
G1 X113.912 Y117.542 E.02117
G1 X113.6 Y117.134 E.01696
G1 X113.373 Y116.747 E.01481
G1 X113.051 Y115.759 E.03431
G1 X113.003 Y115.285 E.01573
G1 X113.011 Y114.8 E.01602
G1 X113.13 Y114.342 E.01562
G1 X113.346 Y113.864 E.01732
G1 X113.659 Y113.443 E.01732
G1 X114.033 Y113.086 E.01707
G1 X114.501 Y112.799 E.01813
G1 X115.001 Y112.598 E.01779
G1 X115.567 Y112.501 E.01896
G1 X116.125 Y112.5 E.01842
G1 X116.712 Y112.625 E.01982
G1 X117.248 Y112.839 E.01906
G1 X117.798 Y113.21 E.0219
G1 X118.184 Y113.58 E.01765
G1 X118.497 Y114.129 E.02087
G1 X118.694 Y114.666 E.01889
G1 X118.792 Y115.416 E.02497
G1 X119.189 Y115.491 F9000
;TYPE:External perimeter
;WIDTH:0.419999
G1 F900
G1 X119.054 Y116.192 E.02238
G1 X118.826 Y116.798 E.0203
G1 X118.457 Y117.375 E.02147
G1 X118.028 Y117.849 E.02005
G1 X117.492 Y118.233 E.02067
G1 X116.935 Y118.505 E.01944
G1 X116.32 Y118.658 E.01987
G1 X115.721 Y118.703 E.01883
G1 X115.115 Y118.62 E.01918
G1 X114.564 Y118.446 E.01812
G1 X114.027 Y118.137 E.01943
G1 X113.627 Y117.806 E.01628
G1 X113.292 Y117.369 E.01726
G1 X113.013 Y116.894 E.01727
G1 X112.671 Y115.839 E.03477
G1 X112.596 Y115.106 E.0231
G1 X112.672 Y114.539 E.01794
G1 X112.837 Y114.012 E.01731
G1 X113.126 Y113.498 E.01849
G1 X113.494 Y113.045 E.0183
G1 X113.972 Y112.66 E.01924
G1 X114.501 Y112.365 E.01899
G1 X115.112 Y112.178 E.02003
G1 X115.732 Y112.098 E.0196
G1 X116.395 Y112.153 E.02086
G1 X117.019 Y112.313 E.0202
G1 X117.61 Y112.605 E.02067
G1 X118.038 Y112.907 E.01642
G1 X118.49 Y113.339 E.0196
G1 X118.847 Y113.964 E.02257
G1 X119.069 Y114.569 E.02021
G1 X119.181 Y115.432 E.02729
G1 X117.444 Y114.715 F9000
;TYPE:Internal infill
;WIDTH:0.44
G1 F900
G1 X117.553 Y115.005 E.01023
G1 X117.61 Y115.437 E.01439
G1 X117.508 Y115.883 E.01511
G1 X117.281 Y116.329 E.01652
G1 X116.808 Y116.808 E.02223
G1 X114.34 Y114.34 E.11524
G1 X114.885 Y113.94 E.02232
G1 X115.349 Y113.734 E.01676
G1 X115.708 Y113.676 E.01201
G1 X116.453 Y113.782 E.02485
G1 X116.95 Y114.05 E.01864
G1 X114.217 Y116.783 E.12761
G1 X114.025 Y116.481 E.01182
G1 X113.743 Y115.613 E.03013
G1 X113.707 Y114.906 E.02337
G1 X113.791 Y114.581 E.01108
G1 X113.839 Y114.623 E.00211
G1 X114.099 Y114.017 F9000
;TYPE:Solid infill
;WIDTH:0.48884
G1 F900
G1 X114.295 Y113.848 E.0096
;WIDTH:0.526924
G1 X114.492 Y113.679 E.01045
;WIDTH:0.545536
G1 X114.953 Y113.419 E.02212
G1 X115.481 Y113.264 E.023
;WIDTH:0.546904
G1 X116.048 Y113.255 E.02376
G1 X116.591 Y113.368 E.02324
;WIDTH:0.51964
G1 X117.115 Y113.631 E.02324
;WIDTH:0.518226
G1 X117.532 Y113.984 E.02159
;WIDTH:0.519454
G1 X117.793 Y114.405 E.01963
G1 X117.964 Y114.876 E.01985
;WIDTH:0.527914
G1 X118.049 Y115.425 E.0224
G1 X117.928 Y116.008 E.02401
;WIDTH:0.525112
G1 X117.657 Y116.555 E.02448
;WIDTH:0.524946
G1 X117.278 Y116.994 E.02325
;WIDTH:0.523442
G1 X116.845 Y117.298 E.02114
;WIDTH:0.530946
G1 X116.282 Y117.513 E.02446
G1 X115.755 Y117.564 E.02149
G1 X115.496 Y117.544 E.01054
;WIDTH:0.490134
G1 X115.236 Y117.524 E.0097
;LAYER_CHANGE
;Z:6.2
;HEIGHT:0.2
;BEFORE_LAYER_CHANGE
G92 E0
;6.2


G1 E-3.5 F3600
;WIPE_START
G1 F7200
G1 X115.496 Y117.544 E-.12386
G1 X115.755 Y117.564 E-.12339
G1 X116.282 Y117.513 E-.25149
G1 X116.845 Y117.298 E-.28626
G1 X117.278 Y116.994 E-.2513
G1 X117.657 Y116.555 E-.27548
G1 X117.833 Y116.2 E-.18822
;WIPE_END
G1 Z6.2 F9000
;AFTER_LAYER_CHANGE
;6.2
G1 X118.289 Y116.517
G1 E5 F2400
;TYPE:Perimeter
;WIDTH:0.439999
G1 F900
G1 X118.109 Y116.866 E.01297
G1 X117.748 Y117.299 E.01861
G1 X117.366 Y117.626 E.0166
G1 X116.914 Y117.876 E.01705
G1 X116.418 Y118.049 E.01734
G1 X115.933 Y118.11 E.01614
G1 X115.425 Y118.088 E.01679
G1 X114.811 Y117.913 E.02108
G1 X114.277 Y117.6 E.02044
G1 X113.853 Y117.176 E.0198
G1 X113.614 Y116.787 E.01507
G1 X113.443 Y116.315 E.01658
G1 X113.403 Y115.861 E.01505
G1 X113.432 Y115.353 E.0168
G1 X113.731 Y114.433 E.03194
G1 X113.891 Y114.158 E.0105
G1 X114.181 Y113.75 E.01653
G1 X114.622 Y113.406 E.01847
G1 X115.153 Y113.176 E.01911
G1 X115.744 Y113.082 E.01976
G1 X116.361 Y113.143 E.02047
G1 X116.801 Y113.292 E.01534
G1 X117.242 Y113.531 E.01656
G1 X117.61 Y113.845 E.01597
G1 X117.948 Y114.25 E.01742
G1 X118.2 Y114.737 E.0181
G1 X118.355 Y115.222 E.01681
G1 X118.41 Y115.759 E.01782
G1 X118.339 Y116.422 E.02202
G1 X118.317 Y116.464 E.00157
G1 X118.646 Y116.692 F9000
G1 F900
G1 X118.539 Y116.899 E.00769
G1 X118.298 Y117.275 E.01475
G1 X117.913 Y117.698 E.01889
G1 X117.402 Y118.068 E.02083
G1 X116.884 Y118.323 E.01906
G1 X116.3 Y118.471 E.01989
G1 X115.742 Y118.515 E.01848
G1 X115.17 Y118.439 E.01905
G1 X114.654 Y118.279 E.01784
G1 X114.173 Y118.009 E.01821
G1 X113.768 Y117.681 E.01721
G1 X113.447 Y117.286 E.01681
G1 X113.193 Y116.835 E.01709
G1 X113.015 Y116.218 E.0212
G1 X113.002 Y115.705 E.01694
G1 X113.046 Y115.259 E.0148
G1 X113.367 Y114.27 E.03433
G1 X113.698 Y113.7 E.02176
G1 X113.989 Y113.389 E.01406
G1 X114.418 Y113.064 E.01777
G1 X114.888 Y112.849 E.01706
G1 X115.381 Y112.718 E.01684
G1 X115.92 Y112.691 E.01782
G1 X116.449 Y112.755 E.01759
G1 X116.984 Y112.939 E.01868
G1 X117.468 Y113.203 E.0182
G1 X117.916 Y113.59 E.01955
G1 X118.279 Y114.03 E.01883
G1 X118.567 Y114.584 E.02062
G1 X118.744 Y115.14 E.01927
G1 X118.811 Y115.955 E.027
G1 X118.721 Y116.547 E.01977
G1 X118.673 Y116.639 E.00343
G1 X118.993 Y116.863 F9000
;TYPE:External perimeter
;WIDTH:0.419999
G1 F900
G1 X118.775 Y117.285 E.01489
G1 X118.367 Y117.787 E.02028
G1 X117.972 Y118.146 E.01674
G1 X117.428 Y118.505 E.02044
G1 X116.79 Y118.756 E.0215
G1 X116.164 Y118.886 E.02005
G1 X115.505 Y118.882 E.02066
G1 X114.894 Y118.775 E.01945
G1 X114.307 Y118.537 E.01986
G1 X113.796 Y118.221 E.01884
G1 X113.355 Y117.798 E.01916
G1 X113.012 Y117.333 E.01812
G1 X112.758 Y116.767 E.01945
G1 X112.629 Y116.265 E.01625
G1 X112.615 Y115.715 E.01725
G1 X112.669 Y115.167 E.01727
G1 X113.012 Y114.111 E.03481
G1 X113.382 Y113.474 E.0231
G1 X113.777 Y113.06 E.01794
G1 X114.22 Y112.731 E.0173
G1 X114.756 Y112.485 E.01849
G1 X115.321 Y112.335 E.01833
G1 X115.933 Y112.304 E.01921
G1 X116.535 Y112.376 E.01901
G1 X117.139 Y112.584 E.02003
G1 X117.688 Y112.884 E.01962
G1 X118.192 Y113.318 E.02085
G1 X118.602 Y113.815 E.0202
G1 X118.923 Y114.434 E.02186
G1 X119.124 Y115.06 E.02061
G1 X119.199 Y115.98 E.02894
G1 X119.094 Y116.668 E.02182
G1 X119.021 Y116.81 E.00501
G1 X117.535 Y116.29 F9000
;TYPE:Internal infill
;WIDTH:0.44
G1 F900
G1 X117.627 Y115.894 E.01342
G1 X117.508 Y115.117 E.02595
G1 X117.281 Y114.671 E.01652
G1 X116.808 Y114.192 E.02223
G1 X114.336 Y116.664 E.11543
G1 X114.655 Y116.901 E.01312
G1 X115.105 Y117.173 E.01736
G1 X115.751 Y117.328 E.02193
G1 X116.453 Y117.218 E.02346
G1 X116.95 Y116.95 E.01864
G1 X114.213 Y114.213 E.1278
G1 X114.012 Y114.559 E.01321
G1 X113.73 Y115.426 E.0301
G1 X113.716 Y116.134 E.02338
G1 X113.815 Y116.472 E.01163
G1 E-3.5 F3600
;WIPE_START
G1 F7200
G1 X113.716 Y116.134 E-.1673
G1 X113.73 Y115.426 E-.33637
G1 X114.012 Y114.559 E-.43306
G1 X114.213 Y114.213 E-.19007
G1 X114.769 Y114.769 E-.3732
;WIPE_END
G1 X115.491 Y113.454 F9000
G1 E5 F2400
;TYPE:Solid infill
;WIDTH:0.532444
G1 F900
G1 X116.018 Y113.445 E.02145
G1 X116.522 Y113.556 E.02101
;WIDTH:0.524806
G1 X117.001 Y113.794 E.02143
;WIDTH:0.519308
G1 X117.441 Y114.172 E.02298
G1 X117.784 Y114.666 E.02382
;WIDTH:0.519492
G1 X117.999 Y115.248 E.02459
;WIDTH:0.519632
G1 X118.063 Y115.874 E.02494
G1 X117.971 Y116.396 E.02101
;WIDTH:0.505978
G1 X117.626 Y116.909 E.0238
;WIDTH:0.50553
G1 X117.16 Y117.33 E.02416
;WIDTH:0.505918
G1 X116.62 Y117.613 E.02347
;WIDTH:0.506422
G1 X116.058 Y117.745 E.02225
;WIDTH:0.509258
G1 X115.531 Y117.74 E.02044
;WIDTH:0.515656
G1 X114.968 Y117.586 E.02294
G1 X114.429 Y117.266 E.02464
;WIDTH:0.50484
G1 X114.288 Y117.16 E.00678
;LAYER_CHANGE
;Z:6.4
;HEIGHT:0.2
;BEFORE_LAYER_CHANGE
G92 E0
;6.4


G1 E-3.5 F3600
;WIPE_START
G1 F7200
G1 X114.429 Y117.266 E-.08379
G1 X114.968 Y117.586 E-.29775
G1 X115.531 Y117.74 E-.27725
G1 X116.058 Y117.745 E-.25034
G1 X116.62 Y117.613 E-.27421
G1 X117.16 Y117.33 E-.28959
G1 X117.202 Y117.292 E-.02707
;WIPE_END
G1 Z6.4 F9000
;AFTER_LAYER_CHANGE
;6.4
G1 X117.159 Y117.963
G1 E5 F2400
;TYPE:Perimeter
;WIDTH:0.439999
G1 F900
G1 X116.808 Y118.138 E.01295
G1 X116.261 Y118.277 E.01863
G1 X115.76 Y118.317 E.01659
G1 X115.245 Y118.252 E.01714
G1 X114.744 Y118.101 E.01728
G1 X114.316 Y117.866 E.01612
G1 X113.918 Y117.55 E.01678
G1 X113.524 Y117.047 E.0211
G1 X113.276 Y116.48 E.02043
G1 X113.182 Y115.888 E.01979
G1 X113.237 Y115.312 E.0191
G1 X113.416 Y114.815 E.01744
G1 X113.739 Y114.346 E.0188
G1 X114.188 Y113.957 E.01961
G1 X114.691 Y113.6 E.02037
G1 X115.226 Y113.363 E.01932
G1 X115.706 Y113.285 E.01606
G1 X116.334 Y113.343 E.02082
G1 X116.858 Y113.534 E.01841
G1 X117.362 Y113.877 E.02013
G1 X117.776 Y114.351 E.02078
G1 X117.997 Y114.767 E.01555
G1 X118.157 Y115.251 E.01683
G1 X118.215 Y115.928 E.02243
G1 X118.133 Y116.47 E.0181
G1 X117.973 Y116.953 E.0168
G1 X117.702 Y117.421 E.01786
G1 X117.254 Y117.915 E.02202
G1 X117.212 Y117.936 E.00155
G1 X117.344 Y118.314 F9000
G1 F900
G1 X117.137 Y118.418 E.00765
G1 X116.72 Y118.58 E.01477
G1 X116.16 Y118.697 E.01889
G1 X115.529 Y118.696 E.02083
G1 X114.961 Y118.598 E.01903
G1 X114.401 Y118.374 E.01991
G1 X113.924 Y118.081 E.01848
G1 X113.506 Y117.684 E.01903
G1 X113.182 Y117.251 E.01786
G1 X112.952 Y116.749 E.01823
G1 X112.817 Y116.247 E.01716
G1 X112.79 Y115.738 E.01683
G1 X112.849 Y115.224 E.01708
G1 X113.068 Y114.621 E.02118
G1 X113.44 Y114.079 E.0217
G1 X113.943 Y113.644 E.02196
G1 X114.494 Y113.253 E.02231
G1 X115.1 Y112.985 E.02188
G1 X115.705 Y112.886 E.02024
G1 X116.408 Y112.951 E.02331
G1 X116.897 Y113.118 E.01706
G1 X117.343 Y113.359 E.01674
G1 X117.76 Y113.715 E.0181
G1 X118.106 Y114.129 E.01781
G1 X118.373 Y114.636 E.01892
G1 X118.546 Y115.167 E.01844
G1 X118.608 Y115.73 E.0187
G1 X118.59 Y116.161 E.01424
G1 X118.479 Y116.733 E.01924
G1 X118.219 Y117.34 E.0218
G1 X117.911 Y117.814 E.01866
G1 X117.491 Y118.24 E.01975
G1 X117.398 Y118.287 E.00344
G1 X117.525 Y118.656 F9000
;TYPE:External perimeter
;WIDTH:0.419999
G1 F900
G1 X117.1 Y118.869 E.01491
G1 X116.475 Y119.036 E.02028
G1 X115.945 Y119.093 E.01671
G1 X115.293 Y119.064 E.02046
G1 X114.63 Y118.892 E.02148
G1 X114.047 Y118.63 E.02004
G1 X113.516 Y118.24 E.02066
G1 X113.085 Y117.794 E.01945
G1 X112.75 Y117.256 E.01987
G1 X112.522 Y116.7 E.01884
G1 X112.414 Y116.098 E.01918
G1 X112.409 Y115.52 E.01812
G1 X112.537 Y114.914 E.01942
G1 X112.728 Y114.431 E.01629
G1 X113.15 Y113.819 E.02331
G1 X113.703 Y113.339 E.02296
G1 X114.302 Y112.914 E.02303
G1 X114.774 Y112.706 E.01617
G1 X115.192 Y112.567 E.01381
G1 X115.703 Y112.497 E.01617
G1 X116.48 Y112.569 E.02447
G1 X117.051 Y112.762 E.0189
G1 X117.561 Y113.039 E.0182
G1 X118.035 Y113.442 E.01951
G1 X118.428 Y113.912 E.01921
G1 X118.729 Y114.485 E.02029
G1 X118.925 Y115.086 E.01982
G1 X118.996 Y115.756 E.02112
G1 X118.954 Y116.405 E.02039
G1 X118.78 Y117.034 E.02046
G1 X118.561 Y117.52 E.01671
G1 X118.21 Y118.063 E.02027
G1 X117.722 Y118.558 E.02179
G1 X117.578 Y118.629 E.00503
G1 E-3.5 F3600
;WIPE_START
G1 F7200
G1 X117.525 Y118.656 E-.02825
G1 X117.1 Y118.869 E-.22581
G1 X116.475 Y119.036 E-.30729
G1 X115.945 Y119.093 E-.2532
G1 X115.293 Y119.064 E-.31001
G1 X114.63 Y118.892 E-.32535
G1 X114.534 Y118.849 E-.05009
;WIPE_END
G1 X114.844 Y117.271 F9000
G1 E5 F2400
;TYPE:Internal infill
;WIDTH:0.44
G1 F900
G1 X115.504 Y117.504 E.02311
G1 X116.014 Y117.519 E.01685
G1 X116.782 Y117.291 E.02645
G1 X117.022 Y117.022 E.0119
G1 X114.281 Y114.281 E.12799
G1 X114.843 Y113.867 E.02305
G1 X115.323 Y113.655 E.01733
G1 X115.708 Y113.592 E.01288
G1 X115.891 Y113.609 E.00607
G1 X115.83 Y113.734 E.00459
G1 X116.662 Y114.338 E.03395
G1 X114.276 Y116.724 E.11141
G1 X114.102 Y116.449 E.01074
G1 X113.719 Y115.268 E.04099
G1 X113.562 Y115.29 E.00523
G1 X113.684 Y114.964 E.01149
G1 X113.859 Y114.711 E.01016
G1 E-3.5 F3600
;WIPE_START
G1 F7200
G1 X113.684 Y114.964 E-.14612
G1 X113.562 Y115.29 E-.16534
G1 X113.719 Y115.268 E-.0753
G1 X114.102 Y116.449 E-.58974
G1 X114.276 Y116.724 E-.15458
G1 X114.825 Y116.175 E-.36892
;WIPE_END
G1 X116.479 Y113.709 F9000
G1 E5 F2400
;TYPE:Solid infill
;WIDTH:0.490512
G1 F900
G1 X116.703 Y113.846 E.00977
;WIDTH:0.53139
G1 X116.926 Y113.984 E.01065
;WIDTH:0.532736
G1 X117.121 Y114.136 E.01007
G1 X117.469 Y114.528 E.02135
;WIDTH:0.524806
G1 X117.717 Y115.003 E.02147
;WIDTH:0.519308
G1 X117.851 Y115.567 E.02296
;WIDTH:0.51941
G1 X117.838 Y116.168 E.02382
G1 X117.67 Y116.765 E.02457
;WIDTH:0.519628
G1 X117.354 Y117.309 E.02494
G1 X116.972 Y117.677 E.02103
;WIDTH:0.505976
G1 X116.392 Y117.889 E.02378
;WIDTH:0.505528
G1 X115.767 Y117.956 E.02418
;WIDTH:0.50592
G1 X115.165 Y117.868 E.02342
;WIDTH:0.50642
G1 X114.632 Y117.645 E.02227
;WIDTH:0.509254
G1 X114.208 Y117.33 E.02048
;WIDTH:0.511054
G1 X113.821 Y116.842 E.02424
;WIDTH:0.521528
G1 X113.693 Y116.604 E.01075
G1 X113.547 Y116.131 E.0197
;LAYER_CHANGE
;Z:6.6
;HEIGHT:0.2
;BEFORE_LAYER_CHANGE
G92 E0
;6.6


G1 E-3.5 F3600
;WIPE_START
G1 F7200
G1 X113.693 Y116.604 E-.23513
G1 X113.821 Y116.842 E-.12836
G1 X114.208 Y117.33 E-.29584
G1 X114.632 Y117.645 E-.2509
G1 X115.165 Y117.868 E-.27444
G1 X115.767 Y117.956 E-.28899
G1 X115.822 Y117.95 E-.02634
;WIPE_END
G1 Z6.6 F9000
;AFTER_LAYER_CHANGE
;6.6
G1 X115.395 Y118.467
G1 E5 F2400
;TYPE:Perimeter
;WIDTH:0.439999
G1 F900
G1 X115.007 Y118.403 E.01298
G1 X114.484 Y118.194 E.0186
G1 X114.055 Y117.931 E.01661
G1 X113.676 Y117.577 E.01712
G1 X113.36 Y117.16 E.01727
G1 X113.151 Y116.718 E.01614
G1 X113.015 Y116.229 E.01676
G1 X112.992 Y115.59 E.02111
G1 X113.125 Y114.985 E.02045
G1 X113.397 Y114.451 E.01979
G1 X113.78 Y114.018 E.01909
G1 X114.217 Y113.721 E.01745
G1 X114.753 Y113.531 E.01878
G1 X115.346 Y113.481 E.01965
G1 X115.963 Y113.487 E.02037
G1 X116.534 Y113.61 E.01929
G1 X116.996 Y113.845 E.01711
G1 X117.424 Y114.22 E.01879
G1 X117.755 Y114.708 E.01947
G1 X117.96 Y115.281 E.02009
G1 X118.012 Y115.737 E.01515
G1 X118.002 Y116.055 E.0105
G1 X117.911 Y116.548 E.01655
G1 X117.726 Y116.996 E.016
G1 X117.445 Y117.442 E.0174
G1 X117.06 Y117.833 E.01812
G1 X116.647 Y118.129 E.01678
G1 X116.153 Y118.348 E.01784
G1 X115.5 Y118.485 E.02203
G1 X115.454 Y118.477 E.00154
G1 X115.338 Y118.86 F9000
G1 F900
G1 X115.109 Y118.823 E.00766
G1 X114.676 Y118.709 E.01478
G1 X114.155 Y118.474 E.01887
G1 X113.645 Y118.103 E.02082
G1 X113.243 Y117.689 E.01905
G1 X112.922 Y117.179 E.0199
G1 X112.708 Y116.662 E.01847
G1 X112.603 Y116.094 E.01907
G1 X112.596 Y115.554 E.01783
G1 X112.704 Y115.013 E.01821
G1 X112.891 Y114.527 E.01719
G1 X113.167 Y114.099 E.01681
G1 X113.518 Y113.718 E.0171
G1 X114.049 Y113.359 E.02116
G1 X114.669 Y113.14 E.02171
G1 X115.331 Y113.083 E.02194
G1 X116.007 Y113.091 E.02232
G1 X116.655 Y113.23 E.02188
G1 X117.218 Y113.515 E.02083
G1 X117.608 Y113.844 E.01685
G1 X117.932 Y114.228 E.01659
G1 X118.183 Y114.697 E.01756
G1 X118.349 Y115.195 E.01733
G1 X118.409 Y115.749 E.0184
G1 X118.377 Y116.293 E.01799
G1 X118.221 Y116.855 E.01926
G1 X117.981 Y117.366 E.01864
G1 X117.611 Y117.851 E.02014
G1 X117.186 Y118.249 E.01922
G1 X116.618 Y118.586 E.02181
G1 X116.091 Y118.789 E.01865
G1 X115.5 Y118.887 E.01978
G1 X115.397 Y118.87 E.00345
G1 X115.283 Y119.244 F9000
;TYPE:External perimeter
;WIDTH:0.419999
G1 F900
G1 X114.814 Y119.166 E.01491
G1 X114.211 Y118.933 E.02027
G1 X113.748 Y118.669 E.01671
G1 X113.238 Y118.262 E.02046
G1 X112.803 Y117.733 E.02147
G1 X112.485 Y117.178 E.02006
G1 X112.285 Y116.55 E.02066
G1 X112.198 Y115.936 E.01944
G1 X112.243 Y115.304 E.01987
G1 X112.386 Y114.72 E.01885
G1 X112.652 Y114.17 E.01916
G1 X112.988 Y113.7 E.01811
G1 X113.447 Y113.284 E.01942
G1 X113.885 Y113.006 E.01627
G1 X114.587 Y112.759 E.02333
G1 X115.317 Y112.696 E.02297
G1 X116.05 Y112.704 E.02298
G1 X116.467 Y112.794 E.01338
G1 X116.975 Y112.946 E.01663
G1 X117.435 Y113.193 E.01637
G1 X117.881 Y113.57 E.01831
G1 X118.253 Y114.009 E.01804
G1 X118.538 Y114.543 E.01898
G1 X118.727 Y115.112 E.0188
G1 X118.802 Y115.936 E.02594
G1 X118.709 Y116.577 E.02031
G1 X118.515 Y117.178 E.0198
G1 X118.178 Y117.762 E.02114
G1 X117.762 Y118.262 E.02039
G1 X117.252 Y118.669 E.02046
G1 X116.789 Y118.933 E.01671
G1 X116.186 Y119.166 E.02027
G1 X115.5 Y119.279 E.0218
G1 X115.342 Y119.253 E.00502
G1 X114.81 Y117.476 F9000
;TYPE:Internal infill
;WIDTH:0.44
G1 F900
G1 X115.484 Y117.703 E.02348
G1 X115.783 Y117.644 E.01006
G1 X116.485 Y117.291 E.02594
G1 X116.879 Y116.879 E.01882
G1 X114.132 Y114.132 E.12827
G1 X114.817 Y113.833 E.02468
G1 X115.463 Y113.788 E.02138
G1 X115.929 Y113.793 E.01539
G1 X116.441 Y113.903 E.01729
G1 X116.868 Y114.132 E.016
G1 X114.121 Y116.879 E.12827
G1 X113.839 Y116.304 E.02115
G1 X113.786 Y115.598 E.02338
G1 X114.082 Y114.615 E.0339
G1 X113.549 Y114.862 F9000
;TYPE:Solid infill
;WIDTH:0.523784
G1 F900
G1 X113.382 Y115.356 E.02085
;WIDTH:0.545926
G1 X113.344 Y115.895 E.0226
G1 X113.431 Y116.446 E.02333
;WIDTH:0.53924
G1 X113.666 Y116.976 E.02393
;WIDTH:0.540554
G1 X114.038 Y117.445 E.02477
;WIDTH:0.541288
G1 X114.532 Y117.818 E.02565
G1 X115.103 Y118.058 E.02567
;WIDTH:0.541052
G1 X115.5 Y118.133 E.01673
;WIDTH:0.523494
G1 X115.937 Y118.055 E.01774
G1 X116.458 Y117.822 E.02281
;WIDTH:0.50566
G1 X116.952 Y117.451 E.02377
;WIDTH:0.506214
G1 X117.327 Y116.984 E.02307
;WIDTH:0.506764
G1 X117.564 Y116.456 E.02232
;WIDTH:0.510054
G1 X117.655 Y115.929 E.02077
;WIDTH:0.512584
G1 X117.601 Y115.33 E.02349
G1 X117.472 Y114.977 E.01468
;WIDTH:0.480835
G1 X117.344 Y114.624 E.01367
;LAYER_CHANGE
;Z:6.8
;HEIGHT:0.2
;BEFORE_LAYER_CHANGE
G92 E0
;6.8


G1 E-3.5 F3600
;WIPE_START
G1 F7200
G1 X117.472 Y114.977 E-.17836
G1 X117.601 Y115.33 E-.17852
G1 X117.655 Y115.929 E-.28568
G1 X117.564 Y116.456 E-.25403
G1 X117.327 Y116.984 E-.27491
G1 X116.952 Y117.451 E-.28449
G1 X116.878 Y117.507 E-.04401
;WIPE_END
G1 Z6.8 F9000
;AFTER_LAYER_CHANGE
;6.8
G1 X113.843 Y117.958
G1 E5 F2400
;TYPE:Perimeter
;WIDTH:0.439999
G1 F900
G1 X113.746 Y117.915 E.0035
G1 X113.298 Y117.421 E.02202
G1 X113.027 Y116.953 E.01786
G1 X112.856 Y116.425 E.01832
G1 X112.785 Y115.928 E.01658
G1 X112.815 Y115.434 E.01634
G1 X112.933 Y114.931 E.01706
G1 X113.224 Y114.351 E.02143
G1 X113.638 Y113.877 E.02078
G1 X114.142 Y113.534 E.02013
G1 X114.696 Y113.334 E.01945
G1 X115.231 Y113.283 E.01774
G1 X115.803 Y113.376 E.01913
G1 X116.304 Y113.597 E.01808
G1 X117.061 Y114.148 E.03091
G1 X117.273 Y114.385 E.0105
G1 X117.572 Y114.786 E.01652
G1 X117.763 Y115.312 E.01848
G1 X117.818 Y115.888 E.0191
G1 X117.724 Y116.48 E.01979
G1 X117.476 Y117.047 E.02043
G1 X117.198 Y117.42 E.01536
G1 X116.834 Y117.765 E.01656
G1 X116.422 Y118.018 E.01596
G1 X115.932 Y118.215 E.01744
G1 X115.391 Y118.304 E.0181
G1 X114.882 Y118.301 E.01681
G1 X114.354 Y118.188 E.01783
G1 X113.898 Y117.983 E.01651
G1 X113.656 Y118.314 F9000
G1 F900
G1 X113.509 Y118.24 E.00543
G1 X113.089 Y117.814 E.01975
G1 X112.743 Y117.266 E.0214
G1 X112.521 Y116.733 E.01906
G1 X112.406 Y116.123 E.0205
G1 X112.396 Y115.551 E.01889
G1 X112.51 Y114.968 E.01961
G1 X112.706 Y114.451 E.01826
G1 X113.014 Y113.973 E.01877
G1 X113.375 Y113.579 E.01764
G1 X113.819 Y113.263 E.01799
G1 X114.28 Y113.041 E.01689
G1 X114.758 Y112.922 E.01626
G1 X115.258 Y112.885 E.01655
G1 X115.917 Y112.993 E.02205
G1 X116.503 Y113.251 E.02114
G1 X117.329 Y113.851 E.03371
G1 X117.768 Y114.343 E.02177
G1 X117.974 Y114.715 E.01404
G1 X118.151 Y115.224 E.01779
G1 X118.216 Y115.9 E.02242
G1 X118.142 Y116.427 E.01757
G1 X117.984 Y116.928 E.01734
G1 X117.708 Y117.412 E.0184
G1 X117.361 Y117.833 E.01801
G1 X116.905 Y118.196 E.01924
G1 X116.41 Y118.468 E.01865
G1 X115.826 Y118.643 E.02013
G1 X115.248 Y118.714 E.01923
G1 X114.59 Y118.654 E.02182
G1 X114.044 Y118.508 E.01866
G1 X113.71 Y118.341 E.01233
G1 X113.475 Y118.656 F9000
;TYPE:External perimeter
;WIDTH:0.419999
G1 F900
G1 X113.278 Y118.558 E.0069
G1 X112.79 Y118.063 E.02179
G1 X112.4 Y117.446 E.02289
G1 X112.15 Y116.845 E.02041
G1 X112.021 Y116.163 E.02176
G1 X112.01 Y115.518 E.02023
G1 X112.138 Y114.863 E.02093
G1 X112.359 Y114.277 E.01964
G1 X112.707 Y113.737 E.02014
G1 X113.117 Y113.289 E.01904
G1 X113.622 Y112.93 E.01943
G1 X114.149 Y112.676 E.01834
G1 X114.76 Y112.53 E.0197
G1 X115.284 Y112.497 E.01646
G1 X116.028 Y112.619 E.02364
G1 X116.697 Y112.914 E.02292
G1 X117.59 Y113.562 E.03459
G1 X118.081 Y114.112 E.02312
G1 X118.353 Y114.615 E.01793
G1 X118.529 Y115.138 E.0173
G1 X118.597 Y115.705 E.01791
G1 X118.584 Y116.118 E.01296
G1 X118.478 Y116.7 E.01855
G1 X118.241 Y117.275 E.0195
G1 X117.915 Y117.794 E.01922
G1 X117.463 Y118.258 E.02031
G1 X116.953 Y118.63 E.01979
G1 X116.337 Y118.904 E.02114
G1 X115.707 Y119.064 E.02038
G1 X115.055 Y119.093 E.02046
G1 X114.525 Y119.036 E.01671
G1 X113.9 Y118.869 E.02028
G1 X113.529 Y118.683 E.01301
G1 E-3.5 F3600
;WIPE_START
G1 F7200
G1 X113.475 Y118.656 E-.02868
G1 X113.278 Y118.558 E-.10451
G1 X112.79 Y118.063 E-.33017
G1 X112.4 Y117.446 E-.34671
G1 X112.15 Y116.845 E-.30919
G1 X112.021 Y116.163 E-.32969
G1 X112.019 Y116.056 E-.05105
;WIPE_END
G1 X113.682 Y116.455 F9000
G1 E5 F2400
;TYPE:Internal infill
;WIDTH:0.44
G1 F900
G1 X113.572 Y115.876 E.01946
G1 X113.683 Y115.174 E.02347
G1 X114.031 Y114.608 E.02194
G1 X114.34 Y114.34 E.01351
G1 X116.726 Y116.726 E.11141
G1 X116.911 Y116.407 E.01218
G1 X117.281 Y115.268 E.03954
G1 X117.438 Y115.29 E.00523
G1 X117.2 Y114.761 E.01915
G1 X116.721 Y114.279 E.02244
G1 X113.978 Y117.022 E.12808
G1 X114.218 Y117.291 E.0119
G1 X114.986 Y117.519 E.02645
G1 X115.496 Y117.504 E.01685
G1 X116.156 Y117.271 E.02311
G1 X117.507 Y115.875 F9000
;TYPE:Solid infill
;WIDTH:0.489625
G1 F900
G1 X117.446 Y116.128 E.00967
;WIDTH:0.53017
G1 X117.385 Y116.38 E.0105
;WIDTH:0.545624
G1 X117.166 Y116.862 E.02213
G1 X116.83 Y117.296 E.02294
;WIDTH:0.539586
G1 X116.378 Y117.641 E.02348
;WIDTH:0.540294
G1 X115.835 Y117.87 E.02437
;WIDTH:0.540996
G1 X115.233 Y117.958 E.0252
;WIDTH:0.541932
G1 X114.6 Y117.89 E.02642
G1 X114.298 Y117.803 E.01304
;WIDTH:0.521838
G1 X113.866 Y117.553 E.01988
;WIDTH:0.50754
G1 X113.503 Y117.087 E.02282
;WIDTH:0.505528
G1 X113.246 Y116.513 E.02419
;WIDTH:0.505922
G1 X113.144 Y115.913 E.02343
;WIDTH:0.506426
G1 X113.192 Y115.337 E.02228
;WIDTH:0.509254
G1 X113.36 Y114.837 E.02045
;WIDTH:0.515652
G1 X113.681 Y114.35 E.02293
G1 X114.151 Y113.936 E.02462
;WIDTH:0.504838
G1 X114.295 Y113.835 E.00676
;LAYER_CHANGE
;Z:7
;HEIGHT:0.2
;BEFORE_LAYER_CHANGE
G92 E0
;7


G1 E-3.5 F3600
;WIPE_START
G1 F7200
G1 X114.151 Y113.936 E-.08355
G1 X113.681 Y114.35 E-.29751
G1 X113.36 Y114.837 E-.27706
G1 X113.192 Y115.337 E-.25055
G1 X113.144 Y115.913 E-.27455
G1 X113.246 Y116.513 E-.28909
G1 X113.27 Y116.566 E-.02769
;WIPE_END
G1 Z7 F9000
;AFTER_LAYER_CHANGE
;7
G1 X112.645 Y116.317
G1 E5 F2400
;TYPE:Perimeter
;WIDTH:0.439999
G1 F900
G1 X112.587 Y115.928 E.01299
G1 X112.624 Y115.366 E.0186
G1 X112.741 Y114.877 E.0166
G1 X112.96 Y114.409 E.01706
G1 X113.259 Y113.978 E.01732
G1 X113.616 Y113.643 E.01616
G1 X114.039 Y113.362 E.01677
G1 X114.639 Y113.143 E.02109
G1 X115.255 Y113.082 E.02044
G1 X115.847 Y113.176 E.01979
G1 X116.269 Y113.35 E.01507
G1 X116.685 Y113.631 E.01658
G1 X116.984 Y113.975 E.01505
G1 X117.259 Y114.403 E.0168
G1 X117.558 Y115.324 E.03197
G1 X117.595 Y116.14 E.02697
G1 X117.441 Y116.678 E.01848
G1 X117.147 Y117.176 E.01909
G1 X116.723 Y117.6 E.0198
G1 X116.189 Y117.913 E.02044
G1 X115.745 Y118.051 E.01535
G1 X115.248 Y118.117 E.01655
G1 X114.765 Y118.079 E.016
G1 X114.254 Y117.95 E.0174
G1 X113.764 Y117.704 E.0181
G1 X113.354 Y117.403 E.01679
G1 X112.993 Y117.001 E.01784
G1 X112.661 Y116.422 E.02204
G1 X112.654 Y116.376 E.00154
G1 X112.254 Y116.384 F9000
G1 F900
G1 X112.219 Y116.155 E.00765
G1 X112.193 Y115.708 E.01478
G1 X112.256 Y115.14 E.01887
G1 X112.452 Y114.54 E.02084
G1 X112.721 Y114.03 E.01904
G1 X113.107 Y113.567 E.0199
G1 X113.532 Y113.203 E.01848
G1 X114.039 Y112.929 E.01903
G1 X114.551 Y112.755 E.01785
G1 X115.099 Y112.69 E.01822
G1 X115.619 Y112.718 E.01719
G1 X116.111 Y112.849 E.01681
G1 X116.582 Y113.064 E.01709
G1 X117.088 Y113.458 E.02117
G1 X117.4 Y113.866 E.01696
G1 X117.627 Y114.253 E.01481
G1 X117.949 Y115.241 E.03431
G1 X117.981 Y115.562 E.01065
G1 X117.999 Y116.079 E.01708
G1 X117.919 Y116.521 E.01483
G1 X117.726 Y116.993 E.01684
G1 X117.462 Y117.42 E.01658
G1 X117.093 Y117.803 E.01756
G1 X116.67 Y118.115 E.01735
G1 X116.162 Y118.344 E.0184
G1 X115.635 Y118.482 E.01799
G1 X115.052 Y118.507 E.01927
G1 X114.492 Y118.436 E.01864
G1 X113.916 Y118.234 E.02015
G1 X113.407 Y117.952 E.01921
G1 X112.91 Y117.517 E.02181
G1 X112.554 Y117.078 E.01866
G1 X112.279 Y116.547 E.01974
G1 X112.263 Y116.444 E.00344
G1 X111.873 Y116.45 F9000
;TYPE:External perimeter
;WIDTH:0.419999
G1 F900
G1 X111.801 Y115.98 E.01491
G1 X111.836 Y115.335 E.02025
G1 X111.945 Y114.813 E.01672
G1 X112.174 Y114.202 E.02046
G1 X112.543 Y113.625 E.02147
G1 X112.972 Y113.151 E.02005
G1 X113.508 Y112.767 E.02067
G1 X114.065 Y112.495 E.01944
G1 X114.68 Y112.342 E.01987
G1 X115.279 Y112.297 E.01883
G1 X115.885 Y112.38 E.01918
G1 X116.436 Y112.554 E.01812
G1 X116.973 Y112.863 E.01943
G1 X117.373 Y113.194 E.01628
G1 X117.708 Y113.631 E.01726
G1 X117.987 Y114.106 E.01727
G1 X118.329 Y115.161 E.03477
G1 X118.373 Y115.584 E.01333
G1 X118.372 Y116.259 E.02116
G1 X118.224 Y116.818 E.01813
G1 X117.988 Y117.333 E.01776
G1 X117.632 Y117.813 E.01874
G1 X117.204 Y118.221 E.01854
G1 X116.674 Y118.547 E.01951
G1 X116.106 Y118.775 E.01919
G1 X115.467 Y118.885 E.02033
G1 X114.836 Y118.886 E.01978
G1 X114.176 Y118.745 E.02116
G1 X113.572 Y118.505 E.02038
G1 X113.028 Y118.146 E.02044
G1 X112.633 Y117.787 E.01674
G1 X112.225 Y117.285 E.02028
G1 X111.906 Y116.668 E.02178
G1 X111.882 Y116.51 E.00501
G1 X113.465 Y116.29 F9000
;TYPE:Internal infill
;WIDTH:0.44
G1 F900
G1 X113.373 Y115.894 E.01342
G1 X113.492 Y115.117 E.02595
G1 X113.719 Y114.671 E.01652
G1 X114.192 Y114.192 E.02223
G1 X116.662 Y116.662 E.11533
G1 X116.109 Y117.063 E.02255
G1 X115.651 Y117.266 E.01654
G1 X115.016 Y117.322 E.02105
G1 X114.547 Y117.218 E.01586
G1 X114.05 Y116.95 E.01864
G1 X116.783 Y114.217 E.12761
G1 X116.975 Y114.519 E.01182
G1 X117.257 Y115.387 E.03013
G1 X117.31 Y115.902 E.01709
G1 X117.184 Y116.462 E.01895
G1 X116.903 Y116.983 F9000
;TYPE:Solid infill
;WIDTH:0.48963
G1 F900
G1 X116.705 Y117.151 E.00965
;WIDTH:0.53017
G1 X116.507 Y117.32 E.01055
;WIDTH:0.545624
G1 X116.047 Y117.581 E.02211
G1 X115.521 Y117.735 E.02291
;WIDTH:0.539584
G1 X114.952 Y117.748 E.0235
;WIDTH:0.540296
G1 X114.378 Y117.614 E.02438
;WIDTH:0.540994
G1 X113.839 Y117.332 E.02519
;WIDTH:0.541936
G1 X113.367 Y116.904 E.02644
G1 X113.173 Y116.657 E.01303
;WIDTH:0.521836
G1 X112.971 Y116.201 E.01986
;WIDTH:0.507542
G1 X112.952 Y115.61 E.02284
;WIDTH:0.50553
G1 X113.081 Y114.995 E.02417
;WIDTH:0.505918
G1 X113.352 Y114.449 E.02347
;WIDTH:0.525634
G1 X113.721 Y114.005 E.02317
G1 X114.155 Y113.702 E.02125
;WIDTH:0.530686
G1 X114.701 Y113.493 E.02371
G1 X115.366 Y113.44 E.02706
;WIDTH:0.519588
G1 X115.563 Y113.457 E.00784
;WIDTH:0.483436
G1 X115.76 Y113.474 E.00724
;LAYER_CHANGE
;Z:7.2
;HEIGHT:0.2
;BEFORE_LAYER_CHANGE
G92 E0
;7.2


G1 E-3.5 F3600
;WIPE_START
G1 F7200
G1 X115.563 Y113.457 E-.09392
G1 X115.366 Y113.44 E-.09392
G1 X114.701 Y113.493 E-.31688
G1 X114.155 Y113.702 E-.2777
G1 X113.721 Y114.005 E-.25142
G1 X113.352 Y114.449 E-.27423
G1 X113.173 Y114.811 E-.19193
;WIPE_END
G1 Z7.2 F9000
;AFTER_LAYER_CHANGE
;7.2
G1 X112.715 Y114.485
G1 E5 F2400
;TYPE:Perimeter
;WIDTH:0.439999
G1 F900
G1 X112.993 Y113.999 E.01849
G1 X113.354 Y113.597 E.01784
G1 X113.804 Y113.271 E.01835
G1 X114.254 Y113.05 E.01655
G1 X114.734 Y112.926 E.01637
G1 X115.248 Y112.883 E.01703
G1 X115.89 Y112.981 E.02144
G1 X116.468 Y113.228 E.02075
G1 X116.95 Y113.6 E.0201
G1 X117.311 Y114.066 E.01946
G1 X117.536 Y114.589 E.0188
G1 X117.597 Y115.139 E.01827
G1 X117.568 Y115.647 E.0168
G1 X117.269 Y116.567 E.03194
G1 X117.109 Y116.842 E.0105
G1 X116.819 Y117.25 E.01653
G1 X116.378 Y117.594 E.01847
G1 X115.847 Y117.824 E.01911
G1 X115.256 Y117.918 E.01976
G1 X114.639 Y117.857 E.02047
G1 X114.199 Y117.708 E.01534
G1 X113.758 Y117.469 E.01656
G1 X113.39 Y117.155 E.01597
G1 X113.052 Y116.75 E.01742
G1 X112.8 Y116.263 E.0181
G1 X112.645 Y115.778 E.01681
G1 X112.59 Y115.241 E.01782
G1 X112.661 Y114.578 E.02202
G1 X112.685 Y114.537 E.00157
G1 X112.354 Y114.308 F9000
G1 F900
G1 X112.554 Y113.922 E.01435
G1 X112.968 Y113.424 E.02138
G1 X113.407 Y113.048 E.01908
G1 X113.951 Y112.75 E.02048
G1 X114.492 Y112.564 E.01889
G1 X115.082 Y112.492 E.01962
G1 X115.635 Y112.519 E.01828
G1 X116.184 Y112.664 E.01875
G1 X116.67 Y112.885 E.01763
G1 X117.107 Y113.209 E.01796
G1 X117.462 Y113.58 E.01695
G1 X117.725 Y114.004 E.01647
G1 X117.919 Y114.479 E.01694
G1 X117.998 Y115.295 E.02707
G1 X117.954 Y115.741 E.0148
G1 X117.633 Y116.73 E.03433
G1 X117.302 Y117.3 E.02176
G1 X116.857 Y117.748 E.02085
G1 X116.423 Y118.017 E.01686
G1 X115.959 Y118.206 E.01654
G1 X115.435 Y118.3 E.01758
G1 X114.91 Y118.303 E.01733
G1 X114.364 Y118.19 E.01841
G1 X113.856 Y117.991 E.01801
G1 X113.37 Y117.669 E.01925
G1 X112.959 Y117.283 E.01862
G1 X112.611 Y116.781 E.02017
G1 X112.365 Y116.254 E.0192
G1 X112.219 Y115.61 E.0218
G1 X112.189 Y115.045 E.01868
G1 X112.279 Y114.453 E.01977
G1 X112.327 Y114.361 E.00343
G1 X112.007 Y114.137 F9000
;TYPE:External perimeter
;WIDTH:0.419999
G1 F900
G1 X112.225 Y113.715 E.01489
G1 X112.504 Y113.345 E.01453
G1 X112.98 Y112.892 E.0206
G1 X113.397 Y112.601 E.01594
G1 X113.981 Y112.313 E.02042
G1 X114.636 Y112.147 E.02119
G1 X115.267 Y112.098 E.01984
G1 X115.912 Y112.183 E.0204
G1 X116.499 Y112.365 E.01927
G1 X117.044 Y112.671 E.0196
G1 X117.506 Y113.045 E.01864
G1 X117.886 Y113.517 E.019
G1 X118.163 Y114.012 E.01779
G1 X118.323 Y114.518 E.01664
G1 X118.385 Y115.285 E.02413
G1 X118.331 Y115.833 E.01727
G1 X117.988 Y116.889 E.03481
G1 X117.618 Y117.526 E.0231
G1 X117.377 Y117.802 E.01149
G1 X116.928 Y118.168 E.01816
G1 X116.436 Y118.446 E.01772
G1 X115.865 Y118.624 E.01875
G1 X115.279 Y118.703 E.01854
G1 X114.659 Y118.655 E.0195
G1 X114.065 Y118.505 E.01921
G1 X113.484 Y118.219 E.0203
G1 X112.972 Y117.849 E.01981
G1 X112.521 Y117.348 E.02114
G1 X112.174 Y116.798 E.02039
G1 X111.945 Y116.187 E.02046
G1 X111.836 Y115.665 E.01672
G1 X111.801 Y115.02 E.02025
G1 X111.906 Y114.332 E.02182
G1 X111.979 Y114.19 E.00501
G1 X113.465 Y114.71 F9000
;TYPE:Internal infill
;WIDTH:0.44
G1 F900
G1 X113.373 Y115.106 E.01342
G1 X113.492 Y115.883 E.02595
G1 X113.719 Y116.329 E.01652
G1 X114.192 Y116.808 E.02223
G1 X116.662 Y114.338 E.11533
G1 X116.109 Y113.937 E.02255
G1 X115.691 Y113.752 E.01509
G1 X115.016 Y113.678 E.02242
G1 X114.547 Y113.782 E.01586
G1 X114.05 Y114.05 E.01864
G1 X116.787 Y116.787 E.1278
G1 X116.988 Y116.441 E.01321
G1 X117.27 Y115.574 E.0301
G1 X117.284 Y114.866 E.02338
G1 X117.183 Y114.539 E.0113
G1 X116.704 Y113.837 F9000
;TYPE:Solid infill
;WIDTH:0.512972
G1 F900
G1 X116.294 Y113.544 E.0197
;WIDTH:0.515846
G1 X115.832 Y113.342 E.01983
G1 X115.248 Y113.244 E.02329
;WIDTH:0.523724
G1 X114.708 Y113.283 E.02164
G1 X114.153 Y113.478 E.02352
;WIDTH:0.51827
G1 X113.636 Y113.82 E.0245
;WIDTH:0.519636
G1 X113.207 Y114.296 E.0254
G1 X112.974 Y114.773 E.02104
;WIDTH:0.525814
G1 X112.941 Y115.378 E.02433
G1 X113.069 Y115.996 E.02534
;WIDTH:0.523526
G1 X113.337 Y116.545 E.02441
G1 X113.722 Y116.994 E.02364
G1 X114.19 Y117.32 E.02279
;WIDTH:0.545622
G1 X114.719 Y117.506 E.02344
G1 X115.245 Y117.565 E.02212
;WIDTH:0.530172
G1 X115.504 Y117.544 E.01053
;WIDTH:0.48963
G1 X115.764 Y117.524 E.00969
;LAYER_CHANGE
;Z:7.4
;HEIGHT:0.2
;BEFORE_LAYER_CHANGE
G92 E0
;7.4


G1 E-3.5 F3600
;WIPE_START
G1 F7200
G1 X115.504 Y117.544 E-.12386
G1 X115.245 Y117.565 E-.12343
G1 X114.719 Y117.506 E-.25142
G1 X114.19 Y117.32 E-.26635
G1 X113.722 Y116.994 E-.27092
G1 X113.337 Y116.545 E-.28094
G1 X113.168 Y116.199 E-.18308
;WIPE_END
G1 Z7.4 F9000
;AFTER_LAYER_CHANGE
;7.4
G1 X113.674 Y113.165
G1 E5 F2400
;TYPE:Perimeter
;WIDTH:0.439999
G1 F900
G1 X113.746 Y113.085 E.00355
G1 X114.354 Y112.812 E.02201
G1 X114.873 Y112.7 E.01753
G1 X115.434 Y112.701 E.01852
G1 X115.932 Y112.785 E.01667
G1 X116.393 Y112.967 E.01636
G1 X116.834 Y113.235 E.01704
G1 X117.296 Y113.691 E.02143
G1 X117.619 Y114.231 E.02078
G1 X117.79 Y114.816 E.02012
G1 X117.814 Y115.249 E.01432
G1 X117.782 Y115.567 E.01055
G1 X117.643 Y116.05 E.01659
G1 X117.409 Y116.44 E.01502
G1 X117.086 Y116.834 E.01682
G1 X116.304 Y117.403 E.03193
G1 X116.013 Y117.531 E.0105
G1 X115.539 Y117.691 E.01652
G1 X114.98 Y117.71 E.01847
G1 X114.415 Y117.585 E.01911
G1 X113.881 Y117.312 E.0198
G1 X113.418 Y116.901 E.02044
G1 X113.15 Y116.522 E.01533
G1 X112.933 Y116.069 E.01658
G1 X112.82 Y115.598 E.01599
G1 X112.785 Y115.072 E.01741
G1 X112.867 Y114.529 E.01813
G1 X113.027 Y114.047 E.01677
G1 X113.298 Y113.579 E.01786
G1 X113.634 Y113.209 E.0165
G1 X113.394 Y112.877 F9000
G1 F900
G1 X113.509 Y112.76 E.00542
G1 X113.863 Y112.582 E.01308
G1 X114.28 Y112.42 E.01477
G1 X114.835 Y112.304 E.01872
G1 X115.466 Y112.305 E.02083
G1 X116.039 Y112.402 E.01919
G1 X116.599 Y112.626 E.01991
G1 X117.076 Y112.919 E.01848
G1 X117.494 Y113.316 E.01903
G1 X117.818 Y113.749 E.01786
G1 X118.048 Y114.25 E.0182
G1 X118.183 Y114.753 E.0172
G1 X118.21 Y115.262 E.01683
G1 X118.151 Y115.776 E.01708
G1 X117.932 Y116.379 E.02118
G1 X117.641 Y116.802 E.01695
G1 X117.344 Y117.138 E.01481
G1 X116.503 Y117.749 E.03432
G1 X115.9 Y118.015 E.02176
G1 X115.277 Y118.116 E.02084
G1 X114.768 Y118.079 E.01685
G1 X114.28 Y117.959 E.01659
G1 X113.802 Y117.727 E.01754
G1 X113.375 Y117.421 E.01734
G1 X113 Y117.009 E.01839
G1 X112.706 Y116.549 E.01803
G1 X112.502 Y116.003 E.01924
G1 X112.396 Y115.449 E.01862
G1 X112.41 Y114.838 E.02018
G1 X112.521 Y114.267 E.01921
G1 X112.781 Y113.66 E.0218
G1 X113.089 Y113.186 E.01866
G1 X113.352 Y112.919 E.01237
G1 X113.124 Y112.599 F9000
;TYPE:External perimeter
;WIDTH:0.419999
G1 F900
G1 X113.278 Y112.442 E.0069
G1 X113.69 Y112.236 E.01444
G1 X114.167 Y112.049 E.01606
G1 X114.797 Y111.918 E.02018
G1 X115.497 Y111.919 E.02195
G1 X116.144 Y112.029 E.02058
G1 X116.772 Y112.28 E.0212
G1 X117.312 Y112.611 E.01986
G1 X117.783 Y113.059 E.02038
G1 X118.151 Y113.551 E.01926
G1 X118.412 Y114.119 E.0196
G1 X118.566 Y114.692 E.0186
G1 X118.591 Y115.48 E.02472
G1 X118.463 Y116.086 E.01942
G1 X118.272 Y116.569 E.01629
G1 X117.96 Y117.022 E.01725
G1 X117.595 Y117.434 E.01726
G1 X116.697 Y118.086 E.03479
G1 X116.022 Y118.384 E.02313
G1 X115.666 Y118.466 E.01145
G1 X115.088 Y118.498 E.01815
G1 X114.526 Y118.433 E.01774
G1 X113.959 Y118.242 E.01876
G1 X113.439 Y117.961 E.01853
G1 X112.965 Y117.558 E.01951
G1 X112.572 Y117.088 E.01921
G1 X112.271 Y116.515 E.02029
G1 X112.075 Y115.914 E.01982
G1 X112.004 Y115.244 E.02112
G1 X112.046 Y114.595 E.02039
G1 X112.22 Y113.967 E.02043
G1 X112.439 Y113.48 E.01674
G1 X112.79 Y112.937 E.02027
G1 X113.082 Y112.642 E.01301
G1 X113.681 Y114.546 F9000
;TYPE:Internal infill
;WIDTH:0.44
G1 F900
G1 X113.572 Y115.124 E.01942
G1 X113.683 Y115.826 E.02347
G1 X113.867 Y116.189 E.01344
G1 X114.336 Y116.664 E.02204
G1 X116.724 Y114.276 E.1115
G1 X116.898 Y114.551 E.01074
G1 X117.281 Y115.732 E.04099
G1 X117.438 Y115.71 E.00523
G1 X117.316 Y116.036 E.01149
G1 X117.008 Y116.482 E.0179
G1 X116.721 Y116.721 E.01233
G1 X113.978 Y113.978 E.12808
G1 X114.218 Y113.709 E.0119
G1 X114.982 Y113.481 E.02632
G1 X115.742 Y113.551 E.0252
G1 X116.157 Y113.73 E.01492
G1 E-3.5 F3600
;WIPE_START
G1 F7200
G1 X115.742 Y113.551 E-.21468
G1 X114.982 Y113.481 E-.36253
G1 X114.218 Y113.709 E-.37872
G1 X113.978 Y113.978 E-.17124
G1 X114.533 Y114.533 E-.37283
;WIPE_END
G1 X114.522 Y117.291 F9000
G1 E5 F2400
;TYPE:Solid infill
;WIDTH:0.488836
G1 F900
G1 X114.301 Y117.156 E.0096
;WIDTH:0.526918
G1 X114.079 Y117.022 E.01044
;WIDTH:0.545536
G1 X113.69 Y116.664 E.02209
G1 X113.392 Y116.244 E.02152
;WIDTH:0.519432
G1 X113.199 Y115.722 E.02205
G1 X113.136 Y115.135 E.02339
G1 X113.226 Y114.531 E.0242
;WIDTH:0.519532
G1 X113.473 Y113.951 E.02498
G1 X113.866 Y113.446 E.02536
;WIDTH:0.522558
G1 X114.315 Y113.188 E.02065
;WIDTH:0.524088
G1 X114.906 Y113.049 E.02429
G1 X115.413 Y113.049 E.02028
;WIDTH:0.522342
G1 X115.895 Y113.143 E.01958
;WIDTH:0.523448
G1 X116.372 Y113.348 E.02074
G1 X116.795 Y113.665 E.02112
;WIDTH:0.530942
G1 X117.173 Y114.134 E.02444
G1 X117.385 Y114.62 E.02152
G1 X117.445 Y114.872 E.01051
;WIDTH:0.490131
G1 X117.506 Y115.125 E.00968
;LAYER_CHANGE
;Z:7.6
;HEIGHT:0.2
;BEFORE_LAYER_CHANGE
G92 E0
;7.6


G1 E-3.5 F3600
;WIPE_START
G1 F7200
G1 X117.445 Y114.872 E-.12362
G1 X117.385 Y114.62 E-.12305
G1 X117.173 Y114.134 E-.25186
G1 X116.795 Y113.665 E-.28612
G1 X116.372 Y113.348 E-.25109
G1 X115.895 Y113.143 E-.24661
G1 X115.445 Y113.055 E-.21765
;WIPE_END
G1 Z7.6 F9000
;AFTER_LAYER_CHANGE
;7.6
G1 X115.605 Y112.533
G1 E5 F2400
;TYPE:Perimeter
;WIDTH:0.439999
G1 F900
G1 X115.993 Y112.597 E.01298
G1 X116.516 Y112.806 E.0186
G1 X116.945 Y113.069 E.01661
G1 X117.322 Y113.421 E.01703
G1 X117.64 Y113.84 E.01737
G1 X117.849 Y114.282 E.01614
G1 X117.985 Y114.771 E.01676
G1 X118.008 Y115.41 E.02111
G1 X117.875 Y116.015 E.02045
G1 X117.603 Y116.549 E.01979
G1 X117.307 Y116.896 E.01506
G1 X116.911 Y117.205 E.01658
G1 X116.491 Y117.382 E.01505
G1 X115.999 Y117.512 E.0168
G1 X115.032 Y117.512 E.03193
G1 X114.721 Y117.445 E.0105
G1 X114.244 Y117.295 E.01651
G1 X113.78 Y116.982 E.01848
G1 X113.397 Y116.549 E.01909
G1 X113.125 Y116.015 E.01979
G1 X112.992 Y115.41 E.02045
G1 X112.998 Y114.945 E.01535
G1 X113.089 Y114.452 E.01655
G1 X113.274 Y114.004 E.016
G1 X113.555 Y113.558 E.0174
G1 X113.94 Y113.167 E.01812
G1 X114.353 Y112.871 E.01678
G1 X114.847 Y112.652 E.01784
G1 X115.5 Y112.515 E.02203
G1 X115.546 Y112.523 E.00154
G1 X115.662 Y112.14 F9000
G1 F900
G1 X116.091 Y112.211 E.01436
G1 X116.692 Y112.45 E.02135
G1 X117.186 Y112.751 E.0191
G1 X117.637 Y113.177 E.02048
G1 X117.981 Y113.634 E.01889
G1 X118.232 Y114.173 E.01963
G1 X118.377 Y114.707 E.01827
G1 X118.404 Y115.446 E.02442
G1 X118.296 Y115.987 E.01821
G1 X118.109 Y116.473 E.01719
G1 X117.833 Y116.901 E.01681
G1 X117.482 Y117.282 E.0171
G1 X116.951 Y117.641 E.02116
G1 X116.467 Y117.812 E.01695
G1 X116.029 Y117.909 E.01481
G1 X114.99 Y117.909 E.0343
G1 X114.345 Y117.77 E.02179
G1 X113.782 Y117.485 E.02083
G1 X113.392 Y117.156 E.01685
G1 X113.068 Y116.772 E.01659
G1 X112.817 Y116.303 E.01756
G1 X112.651 Y115.805 E.01733
G1 X112.591 Y115.251 E.0184
G1 X112.623 Y114.707 E.01799
G1 X112.779 Y114.145 E.01926
G1 X113.019 Y113.634 E.01864
G1 X113.389 Y113.149 E.02014
G1 X113.814 Y112.751 E.01922
G1 X114.382 Y112.414 E.02181
G1 X114.909 Y112.211 E.01865
G1 X115.5 Y112.113 E.01978
G1 X115.603 Y112.13 E.00345
G1 X115.717 Y111.756 F9000
;TYPE:External perimeter
;WIDTH:0.419999
G1 F900
G1 X116.186 Y111.834 E.01491
G1 X116.864 Y112.103 E.02287
G1 X117.42 Y112.442 E.02042
G1 X117.925 Y112.919 E.02178
G1 X118.313 Y113.434 E.02022
G1 X118.595 Y114.039 E.02093
G1 X118.76 Y114.644 E.01966
G1 X118.796 Y115.262 E.01941
G1 X118.757 Y115.696 E.01366
G1 X118.614 Y116.28 E.01885
G1 X118.348 Y116.83 E.01916
G1 X118.012 Y117.3 E.01811
G1 X117.553 Y117.716 E.01942
G1 X117.115 Y117.994 E.01627
G1 X116.595 Y118.177 E.01728
G1 X116.058 Y118.296 E.01725
G1 X114.948 Y118.296 E.0348
G1 X114.228 Y118.14 E.0231
G1 X113.891 Y117.997 E.01148
G1 X113.404 Y117.683 E.01817
G1 X112.988 Y117.3 E.01773
G1 X112.642 Y116.813 E.01873
G1 X112.386 Y116.28 E.01854
G1 X112.24 Y115.675 E.01951
G1 X112.198 Y115.064 E.0192
G1 X112.291 Y114.423 E.02031
G1 X112.485 Y113.822 E.0198
G1 X112.822 Y113.238 E.02114
G1 X113.238 Y112.738 E.02039
G1 X113.748 Y112.331 E.02046
G1 X114.211 Y112.067 E.01671
G1 X114.814 Y111.834 E.02027
G1 X115.5 Y111.721 E.0218
G1 X115.658 Y111.747 E.00502
G1 X116.19 Y113.524 F9000
;TYPE:Internal infill
;WIDTH:0.44
G1 F900
G1 X115.516 Y113.297 E.02348
G1 X115.217 Y113.356 E.01006
G1 X114.515 Y113.709 E.02594
G1 X114.121 Y114.121 E.01882
G1 X116.868 Y116.868 E.12827
G1 X116.143 Y117.181 E.02607
G1 X115.064 Y117.206 E.03564
G1 X114.559 Y117.097 E.01706
G1 X114.132 Y116.868 E.016
G1 X116.879 Y114.121 E.12827
G1 X117.161 Y114.696 E.02115
G1 X117.214 Y115.402 E.02338
G1 X116.918 Y116.385 E.0339
G1 E-3.5 F3600
;WIPE_START
G1 F7200
G1 X117.214 Y115.402 E-.48763
G1 X117.161 Y114.696 E-.33629
G1 X116.879 Y114.121 E-.3042
G1 X116.325 Y114.675 E-.37188
;WIPE_END
G1 X113.656 Y116.376 F9000
G1 E5 F2400
;TYPE:Solid infill
;WIDTH:0.48963
G1 F900
G1 X113.557 Y116.136 E.00964
;WIDTH:0.530174
G1 X113.458 Y115.896 E.01052
;WIDTH:0.545628
G1 X113.351 Y115.377 E.02215
G1 X113.368 Y114.829 E.02292
;WIDTH:0.539588
G1 X113.531 Y114.284 E.02349
;WIDTH:0.54029
G1 X113.836 Y113.78 E.02436
;WIDTH:0.540998
G1 X114.271 Y113.354 E.02522
;WIDTH:0.541938
G1 X114.824 Y113.037 E.02645
G1 X115.119 Y112.93 E.01302
;WIDTH:0.52184
G1 X115.615 Y112.878 E.01986
;WIDTH:0.507552
G1 X116.183 Y113.043 E.02285
;WIDTH:0.505536
G1 X116.728 Y113.356 E.02418
;WIDTH:0.50592
G1 X117.163 Y113.782 E.02344
;WIDTH:0.506422
G1 X117.463 Y114.275 E.02224
;WIDTH:0.50925
G1 X117.621 Y114.779 E.02048
;WIDTH:0.511052
G1 X117.647 Y115.401 E.02423
;WIDTH:0.521536
G1 X117.611 Y115.669 E.01076
G1 X117.451 Y116.138 E.01972
;LAYER_CHANGE
;Z:7.8
;HEIGHT:0.2
;BEFORE_LAYER_CHANGE
G92 E0
;7.8


G1 E-3.5 F3600
;WIPE_START
G1 F7200
G1 X117.611 Y115.669 E-.23538
G1 X117.647 Y115.401 E-.12844
G1 X117.621 Y114.779 E-.29571
G1 X117.463 Y114.275 E-.25089
G1 X117.163 Y113.782 E-.27412
G1 X116.728 Y113.356 E-.2892
G1 X116.68 Y113.328 E-.02626
;WIPE_END
G1 Z7.8 F9000
;AFTER_LAYER_CHANGE
;7.8
G1 X117.329 Y113.161
G1 E5 F2400
;TYPE:Perimeter
;WIDTH:0.439999
G1 F900
G1 X117.487 Y113.321 E.00742
G1 X117.804 Y113.726 E.01698
G1 X118.045 Y114.241 E.01877
G1 X118.179 Y114.726 E.01661
G1 X118.208 Y115.415 E.02277
G1 X118.116 Y115.895 E.01614
G1 X117.938 Y116.371 E.01678
G1 X117.582 Y116.901 E.02108
G1 X117.119 Y117.312 E.02044
G1 X116.585 Y117.585 E.0198
G1 X116.02 Y117.71 E.01911
G1 X115.492 Y117.694 E.01744
G1 X114.947 Y117.532 E.01877
G1 X114.438 Y117.224 E.01964
G1 X113.943 Y116.856 E.02037
G1 X113.727 Y116.615 E.01069
G1 X113.428 Y116.214 E.01652
G1 X113.237 Y115.688 E.01848
G1 X113.182 Y115.112 E.0191
G1 X113.276 Y114.52 E.01979
G1 X113.524 Y113.953 E.02043
G1 X113.802 Y113.58 E.01536
G1 X114.166 Y113.235 E.01656
G1 X114.579 Y112.982 E.01599
G1 X115.068 Y112.785 E.01741
G1 X115.563 Y112.7 E.01658
G1 X116.068 Y112.698 E.01667
G1 X116.646 Y112.812 E.01945
G1 X117.254 Y113.085 E.02201
G1 X117.287 Y113.119 E.00156
G1 X117.606 Y112.877 F9000
G1 F900
G1 X117.769 Y113.042 E.00766
G1 X118.144 Y113.519 E.02003
G1 X118.417 Y114.102 E.02125
G1 X118.571 Y114.66 E.01911
G1 X118.609 Y115.236 E.01906
G1 X118.573 Y115.657 E.01395
G1 X118.442 Y116.201 E.01847
G1 X118.193 Y116.722 E.01907
G1 X117.881 Y117.163 E.01784
G1 X117.475 Y117.538 E.01825
G1 X117.039 Y117.821 E.01716
G1 X116.564 Y118.004 E.01681
G1 X116.056 Y118.106 E.01711
G1 X115.415 Y118.085 E.02118
G1 X114.785 Y117.898 E.0217
G1 X114.216 Y117.554 E.02195
G1 X113.673 Y117.151 E.02233
G1 X113.232 Y116.657 E.02186
G1 X112.943 Y116.096 E.02084
G1 X112.821 Y115.601 E.01683
G1 X112.784 Y115.1 E.01659
G1 X112.858 Y114.573 E.01757
G1 X113.016 Y114.072 E.01734
G1 X113.292 Y113.589 E.01837
G1 X113.639 Y113.167 E.01804
G1 X114.095 Y112.804 E.01924
G1 X114.59 Y112.532 E.01865
G1 X115.174 Y112.357 E.02013
G1 X115.751 Y112.286 E.01919
G1 X116.398 Y112.347 E.02146
G1 X116.956 Y112.492 E.01904
G1 X117.491 Y112.76 E.01976
G1 X117.564 Y112.834 E.00343
G1 X117.876 Y112.599 F9000
;TYPE:External perimeter
;WIDTH:0.419999
G1 F900
G1 X118.21 Y112.937 E.0149
G1 X118.561 Y113.48 E.02027
G1 X118.78 Y113.967 E.01674
G1 X118.954 Y114.595 E.02043
G1 X118.995 Y115.279 E.02148
G1 X118.925 Y115.914 E.02003
G1 X118.719 Y116.54 E.02066
G1 X118.428 Y117.088 E.01945
G1 X118.02 Y117.573 E.01987
G1 X117.561 Y117.961 E.01884
G1 X117.022 Y118.25 E.01918
G1 X116.474 Y118.433 E.01811
G1 X115.858 Y118.499 E.01942
G1 X115.34 Y118.467 E.01627
G1 X114.628 Y118.255 E.02329
G1 X114 Y117.876 E.023
G1 X113.411 Y117.438 E.02301
G1 X112.919 Y116.888 E.02314
G1 X112.73 Y116.574 E.01149
G1 X112.522 Y116.034 E.01814
G1 X112.409 Y115.48 E.01773
G1 X112.416 Y114.882 E.01875
G1 X112.522 Y114.3 E.01855
G1 X112.759 Y113.725 E.0195
G1 X113.085 Y113.206 E.01922
G1 X113.537 Y112.743 E.02029
G1 X114.047 Y112.37 E.01981
G1 X114.663 Y112.096 E.02114
G1 X115.293 Y111.936 E.02038
G1 X115.955 Y111.908 E.02078
G1 X116.458 Y111.965 E.01587
G1 X117.1 Y112.131 E.02079
G1 X117.722 Y112.442 E.0218
G1 X117.834 Y112.556 E.00501
G1 E-3.5 F3600
;WIPE_START
G1 F7200
G1 X117.876 Y112.599 E-.02855
G1 X118.21 Y112.937 E-.22571
G1 X118.561 Y113.48 E-.30712
G1 X118.78 Y113.967 E-.25364
G1 X118.954 Y114.595 E-.30954
G1 X118.995 Y115.279 E-.32548
G1 X118.984 Y115.384 E-.04996
;WIPE_END
G1 X117.319 Y114.547 F9000
G1 E5 F2400
;TYPE:Internal infill
;WIDTH:0.44
G1 F900
G1 X117.428 Y115.124 E.01939
G1 X117.317 Y115.826 E.02347
G1 X116.944 Y116.428 E.02338
G1 X116.662 Y116.662 E.0121
G1 X114.274 Y114.274 E.1115
G1 X114.089 Y114.593 E.01218
G1 X113.719 Y115.732 E.03954
G1 X113.562 Y115.71 E.00523
G1 X113.8 Y116.239 E.01915
G1 X114.276 Y116.724 E.02244
G1 X117.022 Y113.978 E.12822
G1 X116.782 Y113.709 E.0119
G1 X116.014 Y113.481 E.02645
G1 X115.5 Y113.497 E.01698
G1 X114.843 Y113.73 E.02302
G1 X113.493 Y115.125 F9000
;TYPE:Solid infill
;WIDTH:0.489626
G1 F900
G1 X113.554 Y114.872 E.00967
;WIDTH:0.530172
G1 X113.615 Y114.62 E.0105
;WIDTH:0.545622
G1 X113.834 Y114.138 E.02213
G1 X114.17 Y113.704 E.02294
;WIDTH:0.539584
G1 X114.622 Y113.359 E.02348
;WIDTH:0.540614
G1 X115.165 Y113.13 E.02439
;WIDTH:0.54096
G1 X115.765 Y113.042 E.02511
;WIDTH:0.541442
G1 X116.407 Y113.112 E.02677
G1 X116.703 Y113.197 E.01277
;WIDTH:0.521836
G1 X117.134 Y113.447 E.01984
;WIDTH:0.507538
G1 X117.497 Y113.913 E.02282
;WIDTH:0.505524
G1 X117.754 Y114.487 E.02419
;WIDTH:0.505916
G1 X117.856 Y115.087 E.02343
;WIDTH:0.506424
G1 X117.808 Y115.663 E.02228
;WIDTH:0.509254
G1 X117.64 Y116.163 E.02045
;WIDTH:0.51105
G1 X117.295 Y116.682 E.02426
;WIDTH:0.52153
G1 X117.108 Y116.877 E.01075
G1 X116.703 Y117.163 E.01973
;LAYER_CHANGE
;Z:8
;HEIGHT:0.2
;BEFORE_LAYER_CHANGE
G92 E0
;8


G1 E-3.5 F3600
;WIPE_START
G1 F7200
G1 X117.108 Y116.877 E-.23551
G1 X117.295 Y116.682 E-.12833
G1 X117.64 Y116.163 E-.29602
G1 X117.808 Y115.663 E-.25055
G1 X117.856 Y115.087 E-.27455
G1 X117.754 Y114.487 E-.28909
G1 X117.732 Y114.437 E-.02595
;WIPE_END
G1 Z8 F9000
;AFTER_LAYER_CHANGE
;8
G1 X118.35 Y114.684
G1 E5 F2400
;TYPE:Perimeter
;WIDTH:0.439999
G1 F900
G1 X118.41 Y115.241 E.0185
G1 X118.376 Y115.634 E.01302
G1 X118.259 Y116.123 E.0166
G1 X118.04 Y116.591 E.01706
G1 X117.741 Y117.022 E.01732
G1 X117.384 Y117.357 E.01616
G1 X116.961 Y117.638 E.01677
G1 X116.361 Y117.857 E.02109
G1 X115.744 Y117.918 E.02047
G1 X115.153 Y117.824 E.01976
G1 X114.731 Y117.65 E.01507
G1 X114.315 Y117.369 E.01658
G1 X114.016 Y117.025 E.01505
G1 X113.741 Y116.597 E.0168
G1 X113.442 Y115.676 E.03197
G1 X113.41 Y115.36 E.01049
G1 X113.405 Y114.86 E.01651
G1 X113.559 Y114.322 E.01848
G1 X113.853 Y113.824 E.01909
G1 X114.277 Y113.4 E.0198
G1 X114.811 Y113.087 E.02044
G1 X115.255 Y112.949 E.01535
G1 X115.752 Y112.883 E.01655
G1 X116.235 Y112.921 E.016
G1 X116.746 Y113.05 E.0174
G1 X117.236 Y113.296 E.0181
G1 X117.646 Y113.597 E.01679
G1 X118.007 Y113.999 E.01784
G1 X118.339 Y114.578 E.02204
G1 X118.344 Y114.624 E.00153
G1 X118.746 Y114.616 F9000
G1 F900
G1 X118.781 Y114.845 E.00765
G1 X118.807 Y115.292 E.01478
G1 X118.744 Y115.86 E.01887
G1 X118.548 Y116.46 E.02084
G1 X118.279 Y116.97 E.01904
G1 X117.893 Y117.433 E.0199
G1 X117.468 Y117.797 E.01848
G1 X116.961 Y118.071 E.01903
G1 X116.449 Y118.245 E.01785
G1 X115.901 Y118.31 E.01822
G1 X115.381 Y118.282 E.01719
G1 X114.889 Y118.151 E.01681
G1 X114.418 Y117.936 E.01709
G1 X113.912 Y117.542 E.02117
G1 X113.6 Y117.134 E.01696
G1 X113.373 Y116.747 E.01481
G1 X113.051 Y115.759 E.03431
G1 X112.984 Y115.103 E.02177
G1 X113.081 Y114.479 E.02085
G1 X113.274 Y114.007 E.01684
G1 X113.538 Y113.58 E.01658
G1 X113.907 Y113.197 E.01756
G1 X114.33 Y112.885 E.01735
G1 X114.838 Y112.656 E.0184
G1 X115.365 Y112.518 E.01799
G1 X115.948 Y112.493 E.01927
G1 X116.508 Y112.564 E.01864
G1 X117.084 Y112.766 E.02015
G1 X117.593 Y113.048 E.01921
G1 X118.09 Y113.483 E.02181
G1 X118.446 Y113.922 E.01866
G1 X118.721 Y114.453 E.01974
G1 X118.737 Y114.556 E.00344
G1 X119.127 Y114.55 F9000
;TYPE:External perimeter
;WIDTH:0.419999
G1 F900
G1 X119.163 Y114.787 E.00752
G1 X119.194 Y115.255 E.01471
G1 X119.164 Y115.665 E.01289
G1 X119.055 Y116.187 E.01672
G1 X118.826 Y116.798 E.02046
G1 X118.457 Y117.375 E.02147
G1 X118.028 Y117.849 E.02005
G1 X117.492 Y118.233 E.02067
G1 X116.935 Y118.505 E.01944
G1 X116.32 Y118.658 E.01987
G1 X115.721 Y118.703 E.01883
G1 X115.115 Y118.62 E.01918
G1 X114.564 Y118.446 E.01812
G1 X114.027 Y118.137 E.01943
G1 X113.627 Y117.806 E.01628
G1 X113.292 Y117.369 E.01726
G1 X113.013 Y116.894 E.01727
G1 X112.671 Y115.839 E.03477
G1 X112.596 Y115.106 E.0231
G1 X112.628 Y114.741 E.01149
G1 X112.776 Y114.182 E.01813
G1 X113.012 Y113.667 E.01776
G1 X113.368 Y113.187 E.01874
G1 X113.796 Y112.779 E.01854
G1 X114.326 Y112.453 E.01951
G1 X114.894 Y112.225 E.01919
G1 X115.533 Y112.115 E.02033
G1 X116.165 Y112.114 E.01982
G1 X116.824 Y112.255 E.02113
G1 X117.428 Y112.495 E.02038
G1 X117.972 Y112.854 E.02044
G1 X118.367 Y113.213 E.01674
G1 X118.775 Y113.715 E.02028
G1 X119.094 Y114.332 E.02178
G1 X119.118 Y114.49 E.00501
G1 X117.535 Y114.71 F9000
;TYPE:Internal infill
;WIDTH:0.44
G1 F900
G1 X117.627 Y115.106 E.01342
G1 X117.508 Y115.883 E.02595
G1 X117.281 Y116.329 E.01652
G1 X116.808 Y116.808 E.02223
G1 X114.34 Y114.34 E.11524
G1 X114.885 Y113.94 E.02232
G1 X115.349 Y113.734 E.01676
G1 X115.708 Y113.676 E.01201
G1 X116.453 Y113.782 E.02485
G1 X116.95 Y114.05 E.01864
G1 X114.217 Y116.783 E.12761
G1 X114.025 Y116.481 E.01182
G1 X113.743 Y115.613 E.03013
G1 X113.707 Y114.906 E.02337
G1 X113.791 Y114.581 E.01108
G1 X113.839 Y114.623 E.00211
G1 X114.099 Y114.017 F9000
;TYPE:Solid infill
;WIDTH:0.488839
G1 F900
G1 X114.295 Y113.848 E.0096
;WIDTH:0.526922
G1 X114.492 Y113.679 E.01045
;WIDTH:0.54554
G1 X114.953 Y113.419 E.02212
G1 X115.481 Y113.264 E.023
;WIDTH:0.547722
G1 X116.048 Y113.256 E.0238
G1 X116.622 Y113.385 E.02469
;WIDTH:0.54195
G1 X117.168 Y113.672 E.0256
G1 X117.42 Y113.865 E.01317
;WIDTH:0.52365
G1 X117.794 Y114.297 E.02284
;WIDTH:0.519628
G1 X118.026 Y114.773 E.02099
;WIDTH:0.505978
G1 X118.048 Y115.39 E.02377
;WIDTH:0.505528
G1 X117.919 Y116.005 E.02417
;WIDTH:0.505918
G1 X117.648 Y116.551 E.02347
;WIDTH:0.506418
G1 X117.271 Y116.989 E.02227
;WIDTH:0.509252
G1 X116.841 Y117.294 E.02044
;WIDTH:0.51105
G1 X116.257 Y117.511 E.02425
;WIDTH:0.521534
G1 X115.992 Y117.559 E.01072
G1 X115.496 Y117.552 E.01974
;LAYER_CHANGE
;Z:8.2
;HEIGHT:0.2
;BEFORE_LAYER_CHANGE
G92 E0
;8.2


G1 E-3.5 F3600
;WIPE_START
G1 F7200
G1 X115.992 Y117.559 E-.23562
G1 X116.257 Y117.511 E-.12792
G1 X116.841 Y117.294 E-.29593
G1 X117.271 Y116.989 E-.25041
G1 X117.648 Y116.551 E-.2745
G1 X117.919 Y116.005 E-.28954
G1 X117.93 Y115.951 E-.02608
;WIPE_END
G1 Z8.2 F9000
;AFTER_LAYER_CHANGE
;8.2
G1 X118.289 Y116.517
G1 E5 F2400
;TYPE:Perimeter
;WIDTH:0.439999
G1 F900
G1 X118.109 Y116.866 E.01297
G1 X117.748 Y117.299 E.01861
G1 X117.366 Y117.626 E.0166
G1 X116.914 Y117.876 E.01705
G1 X116.418 Y118.049 E.01734
G1 X115.933 Y118.11 E.01614
G1 X115.425 Y118.088 E.01679
G1 X114.811 Y117.913 E.02108
G1 X114.277 Y117.6 E.02044
G1 X113.853 Y117.176 E.0198
G1 X113.614 Y116.787 E.01507
G1 X113.443 Y116.315 E.01658
G1 X113.403 Y115.861 E.01505
G1 X113.432 Y115.353 E.0168
G1 X113.731 Y114.433 E.03194
G1 X113.891 Y114.158 E.0105
G1 X114.181 Y113.75 E.01653
G1 X114.622 Y113.406 E.01847
G1 X115.153 Y113.176 E.01911
G1 X115.744 Y113.082 E.01976
G1 X116.361 Y113.143 E.02047
G1 X116.801 Y113.292 E.01534
G1 X117.242 Y113.531 E.01656
G1 X117.61 Y113.845 E.01597
G1 X117.948 Y114.25 E.01742
G1 X118.2 Y114.737 E.0181
G1 X118.355 Y115.222 E.01681
G1 X118.41 Y115.759 E.01782
G1 X118.339 Y116.422 E.02202
G1 X118.317 Y116.464 E.00157
G1 X118.646 Y116.692 F9000
G1 F900
G1 X118.539 Y116.899 E.00769
G1 X118.298 Y117.275 E.01475
G1 X117.913 Y117.698 E.01889
G1 X117.402 Y118.068 E.02083
G1 X116.884 Y118.323 E.01906
G1 X116.3 Y118.471 E.01989
G1 X115.742 Y118.515 E.01848
G1 X115.17 Y118.439 E.01905
G1 X114.654 Y118.279 E.01784
G1 X114.173 Y118.009 E.01821
G1 X113.768 Y117.681 E.01721
G1 X113.447 Y117.286 E.01681
G1 X113.193 Y116.835 E.01709
G1 X113.015 Y116.218 E.0212
G1 X113.002 Y115.705 E.01694
G1 X113.046 Y115.259 E.0148
G1 X113.367 Y114.27 E.03433
G1 X113.698 Y113.7 E.02176
G1 X113.989 Y113.389 E.01406
G1 X114.418 Y113.064 E.01777
G1 X114.888 Y112.849 E.01706
G1 X115.381 Y112.718 E.01684
G1 X115.92 Y112.691 E.01782
G1 X116.449 Y112.755 E.01759
G1 X116.984 Y112.939 E.01868
G1 X117.468 Y113.203 E.0182
G1 X117.916 Y113.59 E.01955
G1 X118.279 Y114.03 E.01883
G1 X118.567 Y114.584 E.02062
G1 X118.744 Y115.14 E.01927
G1 X118.811 Y115.955 E.027
G1 X118.721 Y116.547 E.01977
G1 X118.673 Y116.639 E.00343
G1 X118.993 Y116.863 F9000
;TYPE:External perimeter
;WIDTH:0.419999
G1 F900
G1 X118.775 Y117.285 E.01489
G1 X118.367 Y117.787 E.02028
G1 X117.972 Y118.146 E.01674
G1 X117.428 Y118.505 E.02044
G1 X116.79 Y118.756 E.0215
G1 X116.164 Y118.886 E.02005
G1 X115.505 Y118.882 E.02066
G1 X114.894 Y118.775 E.01945
G1 X114.307 Y118.537 E.01986
G1 X113.796 Y118.221 E.01884
G1 X113.355 Y117.798 E.01916
G1 X113.012 Y117.333 E.01812
G1 X112.758 Y116.767 E.01945
G1 X112.629 Y116.265 E.01625
G1 X112.615 Y115.715 E.01725
G1 X112.669 Y115.167 E.01727
G1 X113.012 Y114.111 E.03481
G1 X113.382 Y113.474 E.0231
G1 X113.777 Y113.06 E.01794
G1 X114.22 Y112.731 E.0173
G1 X114.756 Y112.485 E.01849
G1 X115.321 Y112.335 E.01833
G1 X115.933 Y112.304 E.01921
G1 X116.535 Y112.376 E.01901
G1 X117.139 Y112.584 E.02003
G1 X117.688 Y112.884 E.01962
G1 X118.192 Y113.318 E.02085
G1 X118.602 Y113.815 E.0202
G1 X118.923 Y114.434 E.02186
G1 X119.124 Y115.06 E.02061
G1 X119.199 Y115.98 E.02894
G1 X119.094 Y116.668 E.02182
G1 X119.021 Y116.81 E.00501
G1 X117.535 Y116.29 F9000
;TYPE:Internal infill
;WIDTH:0.44
G1 F900
G1 X117.627 Y115.894 E.01342
G1 X117.508 Y115.117 E.02595
G1 X117.281 Y114.671 E.01652
G1 X116.808 Y114.192 E.02223
G1 X114.336 Y116.664 E.11543
G1 X114.655 Y116.901 E.01312
G1 X115.105 Y117.173 E.01736
G1 X115.751 Y117.328 E.02193
G1 X116.453 Y117.218 E.02346
G1 X116.95 Y116.95 E.01864
G1 X114.213 Y114.213 E.1278
G1 X114.012 Y114.559 E.01321
G1 X113.73 Y115.426 E.0301
G1 X113.716 Y116.134 E.02338
G1 X113.815 Y116.472 E.01163
G1 E-3.5 F3600
;WIPE_START
G1 F7200
G1 X113.716 Y116.134 E-.1673
G1 X113.73 Y115.426 E-.33637
G1 X114.012 Y114.559 E-.43306
G1 X114.213 Y114.213 E-.19007
G1 X114.769 Y114.769 E-.3732
;WIPE_END
G1 X115.491 Y113.454 F9000
G1 E5 F2400
;TYPE:Solid infill
;WIDTH:0.532444
G1 F900
G1 X116.018 Y113.445 E.02145
G1 X116.522 Y113.556 E.02101
;WIDTH:0.524808
G1 X117.001 Y113.794 E.02143
;WIDTH:0.519308
G1 X117.441 Y114.173 E.023
G1 X117.784 Y114.666 E.02379
;WIDTH:0.519488
G1 X117.999 Y115.248 E.02459
;WIDTH:0.519632
G1 X118.063 Y115.874 E.02494
G1 X117.971 Y116.396 E.02101
;WIDTH:0.50598
G1 X117.626 Y116.909 E.0238
;WIDTH:0.50553
G1 X117.16 Y117.33 E.02416
;WIDTH:0.505918
G1 X116.62 Y117.613 E.02347
;WIDTH:0.506422
G1 X116.058 Y117.745 E.02225
;WIDTH:0.509254
G1 X115.531 Y117.74 E.02044
;WIDTH:0.515652
G1 X114.968 Y117.586 E.02294
G1 X114.429 Y117.266 E.02464
;WIDTH:0.50484
G1 X114.288 Y117.16 E.00678
;LAYER_CHANGE
;Z:8.4
;HEIGHT:0.2
;BEFORE_LAYER_CHANGE
G92 E0
;8.4


G1 E-3.5 F3600
;WIPE_START
G1 F7200
G1 X114.429 Y117.266 E-.08379
G1 X114.968 Y117.586 E-.29775
G1 X115.531 Y117.74 E-.27725
G1 X116.058 Y117.745 E-.25034
G1 X116.62 Y117.613 E-.27421
G1 X117.16 Y117.33 E-.28959
G1 X117.202 Y117.292 E-.02707
;WIPE_END
G1 Z8.4 F9000
;AFTER_LAYER_CHANGE
;8.4
G1 X117.159 Y117.963
G1 E5 F2400
;TYPE:Perimeter
;WIDTH:0.439999
G1 F900
G1 X116.808 Y118.138 E.01295
G1 X116.261 Y118.277 E.01863
G1 X115.76 Y118.317 E.01659
G1 X115.245 Y118.252 E.01714
G1 X114.744 Y118.101 E.01728
G1 X114.316 Y117.866 E.01612
G1 X113.918 Y117.55 E.01678
G1 X113.524 Y117.047 E.0211
G1 X113.276 Y116.48 E.02043
G1 X113.182 Y115.888 E.01979
G1 X113.237 Y115.312 E.0191
G1 X113.416 Y114.815 E.01744
G1 X113.739 Y114.346 E.0188
G1 X114.188 Y113.957 E.01961
G1 X114.691 Y113.6 E.02037
G1 X115.226 Y113.363 E.01932
G1 X115.706 Y113.285 E.01606
G1 X116.334 Y113.343 E.02082
G1 X116.858 Y113.534 E.01841
G1 X117.362 Y113.877 E.02013
G1 X117.776 Y114.351 E.02078
G1 X117.997 Y114.767 E.01555
G1 X118.157 Y115.251 E.01683
G1 X118.215 Y115.928 E.02243
G1 X118.133 Y116.47 E.0181
G1 X117.973 Y116.953 E.0168
G1 X117.702 Y117.421 E.01786
G1 X117.254 Y117.915 E.02202
G1 X117.212 Y117.936 E.00155
G1 X117.344 Y118.314 F9000
G1 F900
G1 X117.137 Y118.418 E.00765
G1 X116.72 Y118.58 E.01477
G1 X116.16 Y118.697 E.01889
G1 X115.529 Y118.696 E.02083
G1 X114.961 Y118.598 E.01903
G1 X114.401 Y118.374 E.01991
G1 X113.924 Y118.081 E.01848
G1 X113.506 Y117.684 E.01903
G1 X113.182 Y117.251 E.01786
G1 X112.952 Y116.749 E.01823
G1 X112.817 Y116.247 E.01716
G1 X112.79 Y115.738 E.01683
G1 X112.849 Y115.224 E.01708
G1 X113.068 Y114.621 E.02118
G1 X113.44 Y114.079 E.0217
G1 X113.943 Y113.644 E.02196
G1 X114.494 Y113.253 E.02231
G1 X115.1 Y112.985 E.02188
G1 X115.705 Y112.886 E.02024
G1 X116.408 Y112.951 E.02331
G1 X116.897 Y113.118 E.01706
G1 X117.343 Y113.359 E.01674
G1 X117.76 Y113.715 E.0181
G1 X118.106 Y114.129 E.01781
G1 X118.373 Y114.636 E.01892
G1 X118.546 Y115.167 E.01844
G1 X118.608 Y115.73 E.0187
G1 X118.59 Y116.161 E.01424
G1 X118.479 Y116.733 E.01924
G1 X118.219 Y117.34 E.0218
G1 X117.911 Y117.814 E.01866
G1 X117.491 Y118.24 E.01975
G1 X117.398 Y118.287 E.00344
G1 X117.525 Y118.656 F9000
;TYPE:External perimeter
;WIDTH:0.419999
G1 F900
G1 X117.1 Y118.869 E.01491
G1 X116.475 Y119.036 E.02028
G1 X115.945 Y119.093 E.01671
G1 X115.293 Y119.064 E.02046
G1 X114.63 Y118.892 E.02148
G1 X114.047 Y118.63 E.02004
G1 X113.516 Y118.24 E.02066
G1 X113.085 Y117.794 E.01945
G1 X112.75 Y117.256 E.01987
G1 X112.522 Y116.7 E.01884
G1 X112.414 Y116.098 E.01918
G1 X112.409 Y115.52 E.01812
G1 X112.537 Y114.914 E.01942
G1 X112.728 Y114.431 E.01629
G1 X113.15 Y113.819 E.02331
G1 X113.703 Y113.339 E.02296
G1 X114.302 Y112.914 E.02303
G1 X114.774 Y112.706 E.01617
G1 X115.192 Y112.567 E.01381
G1 X115.703 Y112.497 E.01617
G1 X116.48 Y112.569 E.02447
G1 X117.051 Y112.762 E.0189
G1 X117.561 Y113.039 E.0182
G1 X118.035 Y113.442 E.01951
G1 X118.428 Y113.912 E.01921
G1 X118.729 Y114.485 E.02029
G1 X118.925 Y115.086 E.01982
G1 X118.996 Y115.756 E.02112
G1 X118.954 Y116.405 E.02039
G1 X118.78 Y117.034 E.02046
G1 X118.561 Y117.52 E.01671
G1 X118.21 Y118.063 E.02027
G1 X117.722 Y118.558 E.02179
G1 X117.578 Y118.629 E.00503
G1 E-3.5 F3600
;WIPE_START
G1 F7200
G1 X117.525 Y118.656 E-.02825
G1 X117.1 Y118.869 E-.22581
G1 X116.475 Y119.036 E-.30729
G1 X115.945 Y119.093 E-.2532
G1 X115.293 Y119.064 E-.31001
G1 X114.63 Y118.892 E-.32535
G1 X114.534 Y118.849 E-.05009
;WIPE_END
G1 X114.844 Y117.271 F9000
G1 E5 F2400
;TYPE:Internal infill
;WIDTH:0.44
G1 F900
G1 X115.504 Y117.504 E.02311
G1 X116.014 Y117.519 E.01685
G1 X116.782 Y117.291 E.02645
G1 X117.022 Y117.022 E.0119
G1 X114.281 Y114.281 E.12799
G1 X114.843 Y113.867 E.02305
G1 X115.323 Y113.655 E.01733
G1 X115.708 Y113.592 E.01288
G1 X115.891 Y113.609 E.00607
G1 X115.83 Y113.734 E.00459
G1 X116.662 Y114.338 E.03395
G1 X114.276 Y116.724 E.11141
G1 X114.102 Y116.449 E.01074
G1 X113.719 Y115.268 E.04099
G1 X113.562 Y115.29 E.00523
G1 X113.684 Y114.964 E.01149
G1 X113.859 Y114.711 E.01016
G1 E-3.5 F3600
;WIPE_START
G1 F7200
G1 X113.684 Y114.964 E-.14612
G1 X113.562 Y115.29 E-.16534
G1 X113.719 Y115.268 E-.0753
G1 X114.102 Y116.449 E-.58974
G1 X114.276 Y116.724 E-.15458
G1 X114.825 Y116.175 E-.36892
;WIPE_END
G1 X116.479 Y113.709 F9000
G1 E5 F2400
;TYPE:Solid infill
;WIDTH:0.490512
G1 F900
G1 X116.703 Y113.846 E.00977
;WIDTH:0.531392
G1 X116.926 Y113.984 E.01065
;WIDTH:0.532734
G1 X117.121 Y114.136 E.01007
G1 X117.469 Y114.528 E.02135
;WIDTH:0.524806
G1 X117.717 Y115.003 E.02147
;WIDTH:0.519306
G1 X117.851 Y115.567 E.02296
;WIDTH:0.51941
G1 X117.838 Y116.168 E.02382
G1 X117.67 Y116.765 E.02457
;WIDTH:0.519628
G1 X117.354 Y117.309 E.02494
G1 X116.972 Y117.677 E.02103
;WIDTH:0.50598
G1 X116.392 Y117.889 E.02378
;WIDTH:0.505532
G1 X115.767 Y117.956 E.02418
;WIDTH:0.50592
G1 X115.165 Y117.868 E.02342
;WIDTH:0.506418
G1 X114.632 Y117.645 E.02227
;WIDTH:0.509256
G1 X114.208 Y117.33 E.02048
;WIDTH:0.511054
G1 X113.821 Y116.842 E.02424
;WIDTH:0.521528
G1 X113.693 Y116.604 E.01075
G1 X113.547 Y116.131 E.0197
;LAYER_CHANGE
;Z:8.6
;HEIGHT:0.200001
;BEFORE_LAYER_CHANGE
G92 E0
;8.6


G1 E-3.5 F3600
;WIPE_START
G1 F7200
G1 X113.693 Y116.604 E-.23513
G1 X113.821 Y116.842 E-.12836
G1 X114.208 Y117.33 E-.29584
G1 X114.632 Y117.645 E-.2509
G1 X115.165 Y117.868 E-.27444
G1 X115.767 Y117.956 E-.28899
G1 X115.822 Y117.95 E-.02634
;WIPE_END
G1 Z8.6 F9000
;AFTER_LAYER_CHANGE
;8.6
G1 X115.395 Y118.467
G1 E5 F2400
;TYPE:Perimeter
;WIDTH:0.439999
G1 F900
G1 X115.007 Y118.403 E.01298
G1 X114.484 Y118.194 E.0186
G1 X114.055 Y117.931 E.01661
G1 X113.676 Y117.577 E.01712
G1 X113.36 Y117.16 E.01727
G1 X113.151 Y116.718 E.01614
G1 X113.015 Y116.229 E.01676
G1 X112.992 Y115.59 E.02111
G1 X113.125 Y114.985 E.02045
G1 X113.397 Y114.451 E.01979
G1 X113.78 Y114.018 E.01909
G1 X114.217 Y113.721 E.01745
G1 X114.753 Y113.531 E.01878
G1 X115.346 Y113.481 E.01965
G1 X115.963 Y113.487 E.02037
G1 X116.534 Y113.61 E.01929
G1 X116.996 Y113.845 E.01711
G1 X117.424 Y114.22 E.01879
G1 X117.755 Y114.708 E.01947
G1 X117.96 Y115.281 E.02009
G1 X118.012 Y115.737 E.01515
G1 X118.002 Y116.055 E.0105
G1 X117.911 Y116.548 E.01655
G1 X117.726 Y116.996 E.016
G1 X117.445 Y117.442 E.0174
G1 X117.06 Y117.833 E.01812
G1 X116.647 Y118.129 E.01678
G1 X116.153 Y118.348 E.01784
G1 X115.5 Y118.485 E.02203
G1 X115.454 Y118.477 E.00154
G1 X115.338 Y118.86 F9000
G1 F900
G1 X115.109 Y118.823 E.00766
G1 X114.676 Y118.709 E.01478
G1 X114.155 Y118.474 E.01887
G1 X113.645 Y118.103 E.02082
G1 X113.243 Y117.689 E.01905
G1 X112.922 Y117.179 E.0199
G1 X112.708 Y116.662 E.01847
G1 X112.603 Y116.094 E.01907
G1 X112.596 Y115.554 E.01783
G1 X112.704 Y115.013 E.01821
G1 X112.891 Y114.527 E.01719
G1 X113.167 Y114.099 E.01681
G1 X113.518 Y113.718 E.0171
G1 X114.049 Y113.359 E.02116
G1 X114.669 Y113.14 E.02171
G1 X115.331 Y113.083 E.02194
G1 X116.007 Y113.091 E.02232
G1 X116.655 Y113.23 E.02188
G1 X117.218 Y113.515 E.02083
G1 X117.608 Y113.844 E.01685
G1 X117.932 Y114.228 E.01659
G1 X118.183 Y114.697 E.01756
G1 X118.349 Y115.195 E.01733
G1 X118.409 Y115.749 E.0184
G1 X118.377 Y116.293 E.01799
G1 X118.221 Y116.855 E.01926
G1 X117.981 Y117.366 E.01864
G1 X117.611 Y117.851 E.02014
G1 X117.186 Y118.249 E.01922
G1 X116.618 Y118.586 E.02181
G1 X116.091 Y118.789 E.01865
G1 X115.5 Y118.887 E.01978
G1 X115.397 Y118.87 E.00345
G1 X115.283 Y119.244 F9000
;TYPE:External perimeter
;WIDTH:0.419999
G1 F900
G1 X114.814 Y119.166 E.01491
G1 X114.211 Y118.933 E.02027
G1 X113.748 Y118.669 E.01671
G1 X113.238 Y118.262 E.02046
G1 X112.803 Y117.733 E.02147
G1 X112.485 Y117.178 E.02006
G1 X112.285 Y116.55 E.02066
G1 X112.198 Y115.936 E.01944
G1 X112.243 Y115.304 E.01987
G1 X112.386 Y114.72 E.01885
G1 X112.652 Y114.17 E.01916
G1 X112.988 Y113.7 E.01811
G1 X113.447 Y113.284 E.01942
G1 X113.885 Y113.006 E.01627
G1 X114.587 Y112.759 E.02333
G1 X115.317 Y112.696 E.02297
G1 X116.05 Y112.704 E.02298
G1 X116.467 Y112.794 E.01338
G1 X116.975 Y112.946 E.01663
G1 X117.435 Y113.193 E.01637
G1 X117.881 Y113.57 E.01831
G1 X118.253 Y114.009 E.01804
G1 X118.538 Y114.543 E.01898
G1 X118.727 Y115.112 E.0188
G1 X118.802 Y115.936 E.02594
G1 X118.709 Y116.577 E.02031
G1 X118.515 Y117.178 E.0198
G1 X118.178 Y117.762 E.02114
G1 X117.762 Y118.262 E.02039
G1 X117.252 Y118.669 E.02046
G1 X116.789 Y118.933 E.01671
G1 X116.186 Y119.166 E.02027
G1 X115.5 Y119.279 E.0218
G1 X115.342 Y119.253 E.00502
G1 X114.81 Y117.476 F9000
;TYPE:Internal infill
;WIDTH:0.44
G1 F900
G1 X115.484 Y117.703 E.02348
G1 X115.783 Y117.644 E.01006
G1 X116.485 Y117.291 E.02594
G1 X116.879 Y116.879 E.01882
G1 X114.132 Y114.132 E.12827
G1 X114.817 Y113.833 E.02468
G1 X115.463 Y113.788 E.02138
G1 X115.929 Y113.793 E.01539
G1 X116.441 Y113.903 E.01729
G1 X116.868 Y114.132 E.016
G1 X114.121 Y116.879 E.12827
G1 X113.839 Y116.304 E.02115
G1 X113.786 Y115.598 E.02338
G1 X114.082 Y114.615 E.0339
G1 X113.549 Y114.862 F9000
;TYPE:Solid infill
;WIDTH:0.523784
G1 F900
G1 X113.382 Y115.356 E.02085
;WIDTH:0.545924
G1 X113.344 Y115.895 E.0226
G1 X113.431 Y116.446 E.02333
;WIDTH:0.539238
G1 X113.666 Y116.976 E.02393
;WIDTH:0.54055
G1 X114.038 Y117.445 E.02477
;WIDTH:0.541286
G1 X114.532 Y117.818 E.02565
G1 X115.103 Y118.058 E.02567
;WIDTH:0.54105
G1 X115.5 Y118.133 E.01673
;WIDTH:0.52349
G1 X115.937 Y118.055 E.01774
G1 X116.458 Y117.822 E.02281
;WIDTH:0.50566
G1 X116.952 Y117.451 E.02377
;WIDTH:0.506212
G1 X117.327 Y116.984 E.02307
;WIDTH:0.506762
G1 X117.564 Y116.456 E.02232
;WIDTH:0.510052
G1 X117.655 Y115.929 E.02077
;WIDTH:0.512582
G1 X117.601 Y115.33 E.02349
G1 X117.472 Y114.977 E.01468
;WIDTH:0.480834
G1 X117.344 Y114.624 E.01367
;LAYER_CHANGE
;Z:8.8
;HEIGHT:0.2
;BEFORE_LAYER_CHANGE
G92 E0
;8.8


G1 E-3.5 F3600
;WIPE_START
G1 F7200
G1 X117.472 Y114.977 E-.17836
G1 X117.601 Y115.33 E-.17852
G1 X117.655 Y115.929 E-.28568
G1 X117.564 Y116.456 E-.25403
G1 X117.327 Y116.984 E-.27491
G1 X116.952 Y117.451 E-.28449
G1 X116.878 Y117.507 E-.04401
;WIPE_END
G1 Z8.8 F9000
;AFTER_LAYER_CHANGE
;8.8
G1 X113.843 Y117.958
G1 E5 F2400
;TYPE:Perimeter
;WIDTH:0.439999
G1 F900
G1 X113.746 Y117.915 E.0035
G1 X113.298 Y117.421 E.02202
G1 X113.027 Y116.953 E.01786
G1 X112.856 Y116.425 E.01832
G1 X112.785 Y115.928 E.01658
G1 X112.815 Y115.434 E.01634
G1 X112.933 Y114.931 E.01706
G1 X113.224 Y114.351 E.02143
G1 X113.638 Y113.877 E.02078
G1 X114.142 Y113.534 E.02013
G1 X114.696 Y113.334 E.01945
G1 X115.231 Y113.283 E.01774
G1 X115.803 Y113.376 E.01913
G1 X116.304 Y113.597 E.01808
G1 X117.061 Y114.148 E.03091
G1 X117.273 Y114.385 E.0105
G1 X117.572 Y114.786 E.01652
G1 X117.763 Y115.312 E.01848
G1 X117.818 Y115.888 E.0191
G1 X117.724 Y116.48 E.01979
G1 X117.476 Y117.047 E.02043
G1 X117.198 Y117.42 E.01536
G1 X116.834 Y117.765 E.01656
G1 X116.422 Y118.018 E.01596
G1 X115.932 Y118.215 E.01744
G1 X115.391 Y118.304 E.0181
G1 X114.882 Y118.301 E.01681
G1 X114.354 Y118.188 E.01783
G1 X113.898 Y117.983 E.01651
G1 X113.656 Y118.314 F9000
G1 F900
G1 X113.509 Y118.24 E.00543
G1 X113.089 Y117.814 E.01975
G1 X112.743 Y117.266 E.0214
G1 X112.521 Y116.733 E.01906
G1 X112.406 Y116.123 E.0205
G1 X112.396 Y115.551 E.01889
G1 X112.51 Y114.968 E.01961
G1 X112.706 Y114.451 E.01826
G1 X113.014 Y113.973 E.01877
G1 X113.375 Y113.579 E.01764
G1 X113.819 Y113.263 E.01799
G1 X114.28 Y113.041 E.01689
G1 X114.758 Y112.922 E.01626
G1 X115.258 Y112.885 E.01655
G1 X115.917 Y112.993 E.02205
G1 X116.503 Y113.251 E.02114
G1 X117.329 Y113.851 E.03371
G1 X117.768 Y114.343 E.02177
G1 X117.974 Y114.715 E.01404
G1 X118.151 Y115.224 E.01779
G1 X118.216 Y115.9 E.02242
G1 X118.142 Y116.427 E.01757
G1 X117.984 Y116.928 E.01734
G1 X117.708 Y117.412 E.0184
G1 X117.361 Y117.833 E.01801
G1 X116.905 Y118.196 E.01924
G1 X116.41 Y118.468 E.01865
G1 X115.826 Y118.643 E.02013
G1 X115.248 Y118.714 E.01923
G1 X114.59 Y118.654 E.02182
G1 X114.044 Y118.508 E.01866
G1 X113.71 Y118.341 E.01233
G1 X113.475 Y118.656 F9000
;TYPE:External perimeter
;WIDTH:0.419999
G1 F900
G1 X113.278 Y118.558 E.0069
G1 X112.79 Y118.063 E.02179
G1 X112.4 Y117.446 E.02289
G1 X112.15 Y116.845 E.02041
G1 X112.021 Y116.163 E.02176
G1 X112.01 Y115.518 E.02023
G1 X112.138 Y114.863 E.02093
G1 X112.359 Y114.277 E.01964
G1 X112.707 Y113.737 E.02014
G1 X113.117 Y113.289 E.01904
G1 X113.622 Y112.93 E.01943
G1 X114.149 Y112.676 E.01834
G1 X114.76 Y112.53 E.0197
G1 X115.284 Y112.497 E.01646
G1 X116.028 Y112.619 E.02364
G1 X116.697 Y112.914 E.02292
G1 X117.59 Y113.562 E.03459
G1 X118.081 Y114.112 E.02312
G1 X118.353 Y114.615 E.01793
G1 X118.529 Y115.138 E.0173
G1 X118.597 Y115.705 E.01791
G1 X118.584 Y116.118 E.01296
G1 X118.478 Y116.7 E.01855
G1 X118.241 Y117.275 E.0195
G1 X117.915 Y117.794 E.01922
G1 X117.463 Y118.258 E.02031
G1 X116.953 Y118.63 E.01979
G1 X116.337 Y118.904 E.02114
G1 X115.707 Y119.064 E.02038
G1 X115.055 Y119.093 E.02046
G1 X114.525 Y119.036 E.01671
G1 X113.9 Y118.869 E.02028
G1 X113.529 Y118.683 E.01301
G1 E-3.5 F3600
;WIPE_START
G1 F7200
G1 X113.475 Y118.656 E-.02868
G1 X113.278 Y118.558 E-.10451
G1 X112.79 Y118.063 E-.33017
G1 X112.4 Y117.446 E-.34671
G1 X112.15 Y116.845 E-.30919
G1 X112.021 Y116.163 E-.32969
G1 X112.019 Y116.056 E-.05105
;WIPE_END
G1 X113.682 Y116.455 F9000
G1 E5 F2400
;TYPE:Internal infill
;WIDTH:0.44
G1 F900
G1 X113.572 Y115.876 E.01946
G1 X113.683 Y115.174 E.02347
G1 X114.031 Y114.608 E.02194
G1 X114.34 Y114.34 E.01351
G1 X116.726 Y116.726 E.11141
G1 X116.911 Y116.407 E.01218
G1 X117.281 Y115.268 E.03954
G1 X117.438 Y115.29 E.00523
G1 X117.2 Y114.761 E.01915
G1 X116.721 Y114.279 E.02244
G1 X113.978 Y117.022 E.12808
G1 X114.218 Y117.291 E.0119
G1 X114.986 Y117.519 E.02645
G1 X115.496 Y117.504 E.01685
G1 X116.156 Y117.271 E.02311
G1 X117.507 Y115.875 F9000
;TYPE:Solid infill
;WIDTH:0.489625
G1 F900
G1 X117.446 Y116.128 E.00967
;WIDTH:0.53017
G1 X117.385 Y116.38 E.0105
;WIDTH:0.545624
G1 X117.166 Y116.862 E.02213
G1 X116.83 Y117.296 E.02294
;WIDTH:0.539584
G1 X116.378 Y117.641 E.02348
;WIDTH:0.540296
G1 X115.835 Y117.87 E.02437
;WIDTH:0.540996
G1 X115.233 Y117.958 E.0252
;WIDTH:0.541934
G1 X114.6 Y117.89 E.02642
G1 X114.297 Y117.803 E.01308
;WIDTH:0.52184
G1 X113.866 Y117.553 E.01984
;WIDTH:0.50754
G1 X113.503 Y117.087 E.02282
;WIDTH:0.505526
G1 X113.246 Y116.513 E.02419
;WIDTH:0.505922
G1 X113.144 Y115.913 E.02343
;WIDTH:0.506424
G1 X113.192 Y115.337 E.02228
;WIDTH:0.509254
G1 X113.36 Y114.837 E.02045
;WIDTH:0.515652
G1 X113.681 Y114.35 E.02293
G1 X114.151 Y113.936 E.02462
;WIDTH:0.504838
G1 X114.295 Y113.835 E.00676
;LAYER_CHANGE
;Z:9
;HEIGHT:0.2
;BEFORE_LAYER_CHANGE
G92 E0
;9


G1 E-3.5 F3600
;WIPE_START
G1 F7200
G1 X114.151 Y113.936 E-.08355
G1 X113.681 Y114.35 E-.29751
G1 X113.36 Y114.837 E-.27706
G1 X113.192 Y115.337 E-.25055
G1 X113.144 Y115.913 E-.27455
G1 X113.246 Y116.513 E-.28909
G1 X113.27 Y116.566 E-.02769
;WIPE_END
G1 Z9 F9000
;AFTER_LAYER_CHANGE
;9
G1 X112.645 Y116.317
G1 E5 F2400
;TYPE:Perimeter
;WIDTH:0.439999
G1 F900
G1 X112.587 Y115.928 E.01299
G1 X112.624 Y115.366 E.0186
G1 X112.741 Y114.877 E.0166
G1 X112.96 Y114.409 E.01706
G1 X113.259 Y113.978 E.01732
G1 X113.616 Y113.643 E.01616
G1 X114.039 Y113.362 E.01677
G1 X114.639 Y113.143 E.02109
G1 X115.255 Y113.082 E.02044
G1 X115.847 Y113.176 E.01979
G1 X116.269 Y113.35 E.01507
G1 X116.685 Y113.631 E.01658
G1 X116.984 Y113.975 E.01505
G1 X117.259 Y114.403 E.0168
G1 X117.558 Y115.324 E.03197
G1 X117.595 Y116.14 E.02697
G1 X117.441 Y116.678 E.01848
G1 X117.147 Y117.176 E.01909
G1 X116.723 Y117.6 E.0198
G1 X116.189 Y117.913 E.02044
G1 X115.745 Y118.051 E.01535
G1 X115.248 Y118.117 E.01655
G1 X114.765 Y118.079 E.016
G1 X114.254 Y117.95 E.0174
G1 X113.764 Y117.704 E.0181
G1 X113.354 Y117.403 E.01679
G1 X112.993 Y117.001 E.01784
G1 X112.661 Y116.422 E.02204
G1 X112.654 Y116.376 E.00154
G1 X112.254 Y116.384 F9000
G1 F900
G1 X112.219 Y116.155 E.00765
G1 X112.193 Y115.708 E.01478
G1 X112.256 Y115.14 E.01887
G1 X112.452 Y114.54 E.02084
G1 X112.721 Y114.03 E.01904
G1 X113.107 Y113.567 E.0199
G1 X113.532 Y113.203 E.01848
G1 X114.039 Y112.929 E.01903
G1 X114.551 Y112.755 E.01785
G1 X115.099 Y112.69 E.01822
G1 X115.619 Y112.718 E.01719
G1 X116.111 Y112.849 E.01681
G1 X116.582 Y113.064 E.01709
G1 X117.088 Y113.458 E.02117
G1 X117.4 Y113.866 E.01696
G1 X117.627 Y114.253 E.01481
G1 X117.949 Y115.241 E.03431
G1 X117.981 Y115.562 E.01065
G1 X117.999 Y116.079 E.01708
G1 X117.919 Y116.521 E.01483
G1 X117.726 Y116.993 E.01684
G1 X117.462 Y117.42 E.01658
G1 X117.093 Y117.803 E.01756
G1 X116.67 Y118.115 E.01735
G1 X116.162 Y118.344 E.0184
G1 X115.635 Y118.482 E.01799
G1 X115.052 Y118.507 E.01927
G1 X114.492 Y118.436 E.01864
G1 X113.916 Y118.234 E.02015
G1 X113.407 Y117.952 E.01921
G1 X112.91 Y117.517 E.02181
G1 X112.554 Y117.078 E.01866
G1 X112.279 Y116.547 E.01974
G1 X112.263 Y116.444 E.00344
G1 X111.873 Y116.45 F9000
;TYPE:External perimeter
;WIDTH:0.419999
G1 F900
G1 X111.801 Y115.98 E.01491
G1 X111.836 Y115.335 E.02025
G1 X111.945 Y114.813 E.01672
G1 X112.174 Y114.202 E.02046
G1 X112.543 Y113.625 E.02147
G1 X112.972 Y113.151 E.02005
G1 X113.508 Y112.767 E.02067
G1 X114.065 Y112.495 E.01944
G1 X114.68 Y112.342 E.01987
G1 X115.279 Y112.297 E.01883
G1 X115.885 Y112.38 E.01918
G1 X116.436 Y112.554 E.01812
G1 X116.973 Y112.863 E.01943
G1 X117.373 Y113.194 E.01628
G1 X117.708 Y113.631 E.01726
G1 X117.987 Y114.106 E.01727
G1 X118.329 Y115.161 E.03477
G1 X118.373 Y115.584 E.01333
G1 X118.372 Y116.259 E.02116
G1 X118.224 Y116.818 E.01813
G1 X117.988 Y117.333 E.01776
G1 X117.632 Y117.813 E.01874
G1 X117.204 Y118.221 E.01854
G1 X116.674 Y118.547 E.01951
G1 X116.106 Y118.775 E.01919
G1 X115.467 Y118.885 E.02033
G1 X114.836 Y118.886 E.01978
G1 X114.176 Y118.745 E.02116
G1 X113.572 Y118.505 E.02038
G1 X113.028 Y118.146 E.02044
G1 X112.633 Y117.787 E.01674
G1 X112.225 Y117.285 E.02028
G1 X111.906 Y116.668 E.02178
G1 X111.882 Y116.51 E.00501
G1 X113.465 Y116.29 F9000
;TYPE:Internal infill
;WIDTH:0.44
G1 F900
G1 X113.373 Y115.894 E.01342
G1 X113.492 Y115.117 E.02595
G1 X113.719 Y114.671 E.01652
G1 X114.192 Y114.192 E.02223
G1 X116.662 Y116.662 E.11533
G1 X116.109 Y117.063 E.02255
G1 X115.651 Y117.266 E.01654
G1 X115.016 Y117.322 E.02105
G1 X114.547 Y117.218 E.01586
G1 X114.05 Y116.95 E.01864
G1 X116.783 Y114.217 E.12761
G1 X116.975 Y114.519 E.01182
G1 X117.257 Y115.387 E.03013
G1 X117.31 Y115.902 E.01709
G1 X117.184 Y116.462 E.01895
G1 X116.903 Y116.983 F9000
;TYPE:Solid infill
;WIDTH:0.489631
G1 F900
G1 X116.705 Y117.151 E.00965
;WIDTH:0.53017
G1 X116.507 Y117.32 E.01055
;WIDTH:0.545622
G1 X116.047 Y117.581 E.02211
G1 X115.521 Y117.735 E.02291
;WIDTH:0.539586
G1 X114.952 Y117.748 E.0235
;WIDTH:0.540294
G1 X114.378 Y117.614 E.02438
;WIDTH:0.540998
G1 X113.839 Y117.332 E.02519
;WIDTH:0.541936
G1 X113.367 Y116.904 E.02644
G1 X113.173 Y116.657 E.01303
;WIDTH:0.521838
G1 X112.971 Y116.201 E.01986
;WIDTH:0.507538
G1 X112.952 Y115.61 E.02284
;WIDTH:0.505528
G1 X113.081 Y114.995 E.02417
;WIDTH:0.505918
G1 X113.352 Y114.449 E.02347
;WIDTH:0.525636
G1 X113.721 Y114.005 E.02317
G1 X114.155 Y113.702 E.02125
;WIDTH:0.530682
G1 X114.701 Y113.493 E.02371
G1 X115.366 Y113.44 E.02706
;WIDTH:0.519588
G1 X115.563 Y113.457 E.00784
;WIDTH:0.483435
G1 X115.76 Y113.474 E.00724
;LAYER_CHANGE
;Z:9.2
;HEIGHT:0.2
;BEFORE_LAYER_CHANGE
G92 E0
;9.2


G1 E-3.5 F3600
;WIPE_START
G1 F7200
G1 X115.563 Y113.457 E-.09392
G1 X115.366 Y113.44 E-.09392
G1 X114.701 Y113.493 E-.31688
G1 X114.155 Y113.702 E-.2777
G1 X113.721 Y114.005 E-.25142
G1 X113.352 Y114.449 E-.27423
G1 X113.173 Y114.811 E-.19193
;WIPE_END
G1 Z9.2 F9000
;AFTER_LAYER_CHANGE
;9.2
G1 X112.715 Y114.485
G1 E5 F2400
;TYPE:Perimeter
;WIDTH:0.439999
G1 F900
G1 X112.993 Y113.999 E.01849
G1 X113.354 Y113.597 E.01784
G1 X113.804 Y113.271 E.01835
G1 X114.254 Y113.05 E.01655
G1 X114.734 Y112.926 E.01637
G1 X115.248 Y112.883 E.01703
G1 X115.89 Y112.981 E.02144
G1 X116.468 Y113.228 E.02075
G1 X116.95 Y113.6 E.0201
G1 X117.311 Y114.066 E.01946
G1 X117.536 Y114.589 E.0188
G1 X117.597 Y115.139 E.01827
G1 X117.568 Y115.647 E.0168
G1 X117.269 Y116.567 E.03194
G1 X117.109 Y116.842 E.0105
G1 X116.819 Y117.25 E.01653
G1 X116.378 Y117.594 E.01847
G1 X115.847 Y117.824 E.01911
G1 X115.256 Y117.918 E.01976
G1 X114.639 Y117.857 E.02047
G1 X114.199 Y117.708 E.01534
G1 X113.758 Y117.469 E.01656
G1 X113.39 Y117.155 E.01597
G1 X113.052 Y116.75 E.01742
G1 X112.8 Y116.263 E.0181
G1 X112.645 Y115.778 E.01681
G1 X112.59 Y115.241 E.01782
G1 X112.661 Y114.578 E.02202
G1 X112.685 Y114.537 E.00157
G1 X112.354 Y114.308 F9000
G1 F900
G1 X112.554 Y113.922 E.01435
G1 X112.968 Y113.424 E.02138
G1 X113.407 Y113.048 E.01908
G1 X113.951 Y112.75 E.02048
G1 X114.492 Y112.564 E.01889
G1 X115.082 Y112.492 E.01962
G1 X115.635 Y112.519 E.01828
G1 X116.184 Y112.664 E.01875
G1 X116.67 Y112.885 E.01763
G1 X117.107 Y113.209 E.01796
G1 X117.462 Y113.58 E.01695
G1 X117.725 Y114.004 E.01647
G1 X117.919 Y114.479 E.01694
G1 X117.998 Y115.295 E.02707
G1 X117.954 Y115.741 E.0148
G1 X117.633 Y116.73 E.03433
G1 X117.302 Y117.3 E.02176
G1 X116.857 Y117.748 E.02085
G1 X116.423 Y118.017 E.01686
G1 X115.959 Y118.206 E.01654
G1 X115.435 Y118.3 E.01758
G1 X114.91 Y118.303 E.01733
G1 X114.364 Y118.19 E.01841
G1 X113.856 Y117.991 E.01801
G1 X113.37 Y117.669 E.01925
G1 X112.959 Y117.283 E.01862
G1 X112.611 Y116.781 E.02017
G1 X112.365 Y116.254 E.0192
G1 X112.219 Y115.61 E.0218
G1 X112.189 Y115.045 E.01868
G1 X112.279 Y114.453 E.01977
G1 X112.327 Y114.361 E.00343
G1 X112.007 Y114.137 F9000
;TYPE:External perimeter
;WIDTH:0.419999
G1 F900
G1 X112.225 Y113.715 E.01489
G1 X112.504 Y113.345 E.01453
G1 X112.98 Y112.892 E.0206
G1 X113.397 Y112.601 E.01594
G1 X113.981 Y112.313 E.02042
G1 X114.636 Y112.147 E.02119
G1 X115.267 Y112.098 E.01984
G1 X115.912 Y112.183 E.0204
G1 X116.499 Y112.365 E.01927
G1 X117.044 Y112.671 E.0196
G1 X117.506 Y113.045 E.01864
G1 X117.886 Y113.517 E.019
G1 X118.163 Y114.012 E.01779
G1 X118.323 Y114.518 E.01664
G1 X118.385 Y115.285 E.02413
G1 X118.331 Y115.833 E.01727
G1 X117.988 Y116.889 E.03481
G1 X117.618 Y117.526 E.0231
G1 X117.377 Y117.802 E.01149
G1 X116.928 Y118.168 E.01816
G1 X116.436 Y118.446 E.01772
G1 X115.865 Y118.624 E.01875
G1 X115.279 Y118.703 E.01854
G1 X114.659 Y118.655 E.0195
G1 X114.065 Y118.505 E.01921
G1 X113.484 Y118.219 E.0203
G1 X112.972 Y117.849 E.01981
G1 X112.521 Y117.348 E.02114
G1 X112.174 Y116.798 E.02039
G1 X111.945 Y116.187 E.02046
G1 X111.836 Y115.665 E.01672
G1 X111.801 Y115.02 E.02025
G1 X111.906 Y114.332 E.02182
G1 X111.979 Y114.19 E.00501
G1 X113.465 Y114.71 F9000
;TYPE:Internal infill
;WIDTH:0.44
G1 F900
G1 X113.373 Y115.106 E.01342
G1 X113.492 Y115.883 E.02595
G1 X113.719 Y116.329 E.01652
G1 X114.192 Y116.808 E.02223
G1 X116.662 Y114.338 E.11533
G1 X116.109 Y113.937 E.02255
G1 X115.691 Y113.752 E.01509
G1 X115.016 Y113.678 E.02242
G1 X114.547 Y113.782 E.01586
G1 X114.05 Y114.05 E.01864
G1 X116.787 Y116.787 E.1278
G1 X116.988 Y116.441 E.01321
G1 X117.27 Y115.574 E.0301
G1 X117.284 Y114.866 E.02338
G1 X117.183 Y114.539 E.0113
G1 X116.704 Y113.837 F9000
;TYPE:Solid infill
;WIDTH:0.512976
G1 F900
G1 X116.294 Y113.544 E.0197
;WIDTH:0.515848
G1 X115.832 Y113.342 E.01983
G1 X115.248 Y113.244 E.02329
;WIDTH:0.523722
G1 X114.708 Y113.283 E.02164
G1 X114.153 Y113.478 E.02352
;WIDTH:0.51827
G1 X113.636 Y113.82 E.0245
;WIDTH:0.519638
G1 X113.207 Y114.296 E.0254
G1 X112.974 Y114.773 E.02104
;WIDTH:0.525812
G1 X112.941 Y115.378 E.02433
G1 X113.069 Y115.996 E.02534
;WIDTH:0.523526
G1 X113.337 Y116.545 E.02441
G1 X113.722 Y116.994 E.02364
G1 X114.19 Y117.32 E.02279
;WIDTH:0.545622
G1 X114.719 Y117.506 E.02344
G1 X115.245 Y117.565 E.02212
;WIDTH:0.53017
G1 X115.504 Y117.544 E.01053
;WIDTH:0.489629
G1 X115.764 Y117.524 E.00969
;LAYER_CHANGE
;Z:9.4
;HEIGHT:0.2
;BEFORE_LAYER_CHANGE
G92 E0
;9.4


G1 E-3.5 F3600
;WIPE_START
G1 F7200
G1 X115.504 Y117.544 E-.12386
G1 X115.245 Y117.565 E-.12343
G1 X114.719 Y117.506 E-.25142
G1 X114.19 Y117.32 E-.26635
G1 X113.722 Y116.994 E-.27092
G1 X113.337 Y116.545 E-.28094
G1 X113.168 Y116.199 E-.18308
;WIPE_END
G1 Z9.4 F9000
;AFTER_LAYER_CHANGE
;9.4
G1 X113.674 Y113.165
G1 E5 F2400
;TYPE:Perimeter
;WIDTH:0.439999
G1 F900
G1 X113.746 Y113.085 E.00355
G1 X114.354 Y112.812 E.02201
G1 X114.873 Y112.7 E.01753
G1 X115.434 Y112.701 E.01852
G1 X115.932 Y112.785 E.01667
G1 X116.393 Y112.967 E.01636
G1 X116.834 Y113.235 E.01704
G1 X117.296 Y113.691 E.02143
G1 X117.619 Y114.231 E.02078
G1 X117.79 Y114.816 E.02012
G1 X117.814 Y115.249 E.01432
G1 X117.782 Y115.567 E.01055
G1 X117.643 Y116.05 E.01659
G1 X117.409 Y116.44 E.01502
G1 X117.086 Y116.834 E.01682
G1 X116.304 Y117.403 E.03193
G1 X116.013 Y117.531 E.0105
G1 X115.539 Y117.691 E.01652
G1 X114.98 Y117.71 E.01847
G1 X114.415 Y117.585 E.01911
G1 X113.881 Y117.312 E.0198
G1 X113.418 Y116.901 E.02044
G1 X113.15 Y116.522 E.01533
G1 X112.933 Y116.069 E.01658
G1 X112.82 Y115.598 E.01599
G1 X112.785 Y115.072 E.01741
G1 X112.867 Y114.529 E.01813
G1 X113.027 Y114.047 E.01677
G1 X113.298 Y113.579 E.01786
G1 X113.634 Y113.209 E.0165
G1 X113.394 Y112.877 F9000
G1 F900
G1 X113.509 Y112.76 E.00542
G1 X113.863 Y112.582 E.01308
G1 X114.28 Y112.42 E.01477
G1 X114.835 Y112.304 E.01872
G1 X115.466 Y112.305 E.02083
G1 X116.039 Y112.402 E.01919
G1 X116.599 Y112.626 E.01991
G1 X117.076 Y112.919 E.01848
G1 X117.494 Y113.316 E.01903
G1 X117.818 Y113.749 E.01786
G1 X118.048 Y114.25 E.0182
G1 X118.183 Y114.753 E.0172
G1 X118.21 Y115.262 E.01683
G1 X118.151 Y115.776 E.01708
G1 X117.932 Y116.379 E.02118
G1 X117.641 Y116.802 E.01695
G1 X117.344 Y117.138 E.01481
G1 X116.503 Y117.749 E.03432
G1 X115.9 Y118.015 E.02176
G1 X115.277 Y118.116 E.02084
G1 X114.768 Y118.079 E.01685
G1 X114.28 Y117.959 E.01659
G1 X113.802 Y117.727 E.01754
G1 X113.375 Y117.421 E.01734
G1 X113 Y117.009 E.01839
G1 X112.706 Y116.549 E.01803
G1 X112.502 Y116.003 E.01924
G1 X112.396 Y115.449 E.01862
G1 X112.41 Y114.838 E.02018
G1 X112.521 Y114.267 E.01921
G1 X112.781 Y113.66 E.0218
G1 X113.089 Y113.186 E.01866
G1 X113.352 Y112.919 E.01237
G1 X113.124 Y112.599 F9000
;TYPE:External perimeter
;WIDTH:0.419999
G1 F900
G1 X113.278 Y112.442 E.0069
G1 X113.69 Y112.236 E.01444
G1 X114.167 Y112.049 E.01606
G1 X114.797 Y111.918 E.02018
G1 X115.497 Y111.919 E.02195
G1 X116.144 Y112.029 E.02058
G1 X116.772 Y112.28 E.0212
G1 X117.312 Y112.611 E.01986
G1 X117.783 Y113.059 E.02038
G1 X118.151 Y113.551 E.01926
G1 X118.412 Y114.119 E.0196
G1 X118.566 Y114.692 E.0186
G1 X118.591 Y115.48 E.02472
G1 X118.463 Y116.086 E.01942
G1 X118.272 Y116.569 E.01629
G1 X117.96 Y117.022 E.01725
G1 X117.595 Y117.434 E.01726
G1 X116.697 Y118.086 E.03479
G1 X116.022 Y118.384 E.02313
G1 X115.666 Y118.466 E.01145
G1 X115.088 Y118.498 E.01815
G1 X114.526 Y118.433 E.01774
G1 X113.959 Y118.242 E.01876
G1 X113.439 Y117.961 E.01853
G1 X112.965 Y117.558 E.01951
G1 X112.572 Y117.088 E.01921
G1 X112.271 Y116.515 E.02029
G1 X112.075 Y115.914 E.01982
G1 X112.004 Y115.244 E.02112
G1 X112.046 Y114.595 E.02039
G1 X112.22 Y113.967 E.02043
G1 X112.439 Y113.48 E.01674
G1 X112.79 Y112.937 E.02027
G1 X113.082 Y112.642 E.01301
G1 X113.681 Y114.546 F9000
;TYPE:Internal infill
;WIDTH:0.44
G1 F900
G1 X113.572 Y115.124 E.01942
G1 X113.683 Y115.826 E.02347
G1 X113.867 Y116.189 E.01344
G1 X114.336 Y116.664 E.02204
G1 X116.724 Y114.276 E.1115
G1 X116.898 Y114.551 E.01074
G1 X117.281 Y115.732 E.04099
G1 X117.438 Y115.71 E.00523
G1 X117.316 Y116.036 E.01149
G1 X117.008 Y116.482 E.0179
G1 X116.721 Y116.721 E.01233
G1 X113.978 Y113.978 E.12808
G1 X114.218 Y113.709 E.0119
G1 X114.982 Y113.481 E.02632
G1 X115.742 Y113.551 E.0252
G1 X116.157 Y113.73 E.01492
G1 E-3.5 F3600
;WIPE_START
G1 F7200
G1 X115.742 Y113.551 E-.21468
G1 X114.982 Y113.481 E-.36253
G1 X114.218 Y113.709 E-.37872
G1 X113.978 Y113.978 E-.17124
G1 X114.533 Y114.533 E-.37283
;WIPE_END
G1 X114.522 Y117.291 F9000
G1 E5 F2400
;TYPE:Solid infill
;WIDTH:0.488839
G1 F900
G1 X114.301 Y117.156 E.0096
;WIDTH:0.526922
G1 X114.079 Y117.022 E.01044
;WIDTH:0.545538
G1 X113.69 Y116.664 E.02209
G1 X113.392 Y116.244 E.02152
;WIDTH:0.519432
G1 X113.199 Y115.722 E.02205
G1 X113.136 Y115.135 E.02339
G1 X113.226 Y114.531 E.0242
;WIDTH:0.519532
G1 X113.473 Y113.951 E.02498
G1 X113.866 Y113.446 E.02536
;WIDTH:0.522558
G1 X114.315 Y113.188 E.02065
;WIDTH:0.52409
G1 X114.906 Y113.049 E.02429
G1 X115.413 Y113.049 E.02028
;WIDTH:0.522344
G1 X115.895 Y113.143 E.01958
;WIDTH:0.523446
G1 X116.372 Y113.348 E.02074
G1 X116.795 Y113.666 E.02114
;WIDTH:0.530942
G1 X117.173 Y114.134 E.02441
G1 X117.385 Y114.62 E.02152
G1 X117.445 Y114.872 E.01051
;WIDTH:0.49013
G1 X117.506 Y115.125 E.00968
;LAYER_CHANGE
;Z:9.6
;HEIGHT:0.200001
;BEFORE_LAYER_CHANGE
G92 E0
;9.6


G1 E-3.5 F3600
;WIPE_START
G1 F7200
G1 X117.445 Y114.872 E-.12362
G1 X117.385 Y114.62 E-.12305
G1 X117.173 Y114.134 E-.25186
G1 X116.795 Y113.666 E-.28575
G1 X116.372 Y113.348 E-.25137
G1 X115.895 Y113.143 E-.24661
G1 X115.445 Y113.055 E-.21774
;WIPE_END
G1 Z9.6 F9000
;AFTER_LAYER_CHANGE
;9.6
G1 X115.605 Y112.533
G1 E5 F2400
;TYPE:Perimeter
;WIDTH:0.439999
G1 F900
G1 X115.993 Y112.597 E.01298
G1 X116.516 Y112.806 E.0186
G1 X116.945 Y113.069 E.01661
G1 X117.322 Y113.421 E.01703
G1 X117.64 Y113.84 E.01737
G1 X117.849 Y114.282 E.01614
G1 X117.985 Y114.771 E.01676
G1 X118.008 Y115.41 E.02111
G1 X117.875 Y116.015 E.02045
G1 X117.603 Y116.549 E.01979
G1 X117.307 Y116.896 E.01506
G1 X116.911 Y117.205 E.01658
G1 X116.491 Y117.382 E.01505
G1 X115.999 Y117.512 E.0168
G1 X115.032 Y117.512 E.03193
G1 X114.721 Y117.445 E.0105
G1 X114.244 Y117.295 E.01651
G1 X113.78 Y116.982 E.01848
G1 X113.397 Y116.549 E.01909
G1 X113.125 Y116.015 E.01979
G1 X112.992 Y115.41 E.02045
G1 X112.998 Y114.945 E.01535
G1 X113.089 Y114.452 E.01655
G1 X113.274 Y114.004 E.016
G1 X113.555 Y113.558 E.0174
G1 X113.94 Y113.167 E.01812
G1 X114.353 Y112.871 E.01678
G1 X114.847 Y112.652 E.01784
G1 X115.5 Y112.515 E.02203
G1 X115.546 Y112.523 E.00154
G1 X115.662 Y112.14 F9000
G1 F900
G1 X116.091 Y112.211 E.01436
G1 X116.692 Y112.45 E.02135
G1 X117.186 Y112.751 E.0191
G1 X117.637 Y113.177 E.02048
G1 X117.981 Y113.634 E.01889
G1 X118.232 Y114.173 E.01963
G1 X118.377 Y114.707 E.01827
G1 X118.404 Y115.446 E.02442
G1 X118.296 Y115.987 E.01821
G1 X118.109 Y116.473 E.01719
G1 X117.833 Y116.901 E.01681
G1 X117.482 Y117.282 E.0171
G1 X116.951 Y117.641 E.02116
G1 X116.467 Y117.812 E.01695
G1 X116.029 Y117.909 E.01481
G1 X114.99 Y117.909 E.0343
G1 X114.345 Y117.77 E.02179
G1 X113.782 Y117.485 E.02083
G1 X113.392 Y117.156 E.01685
G1 X113.068 Y116.772 E.01659
G1 X112.817 Y116.303 E.01756
G1 X112.651 Y115.805 E.01733
G1 X112.591 Y115.251 E.0184
G1 X112.623 Y114.707 E.01799
G1 X112.779 Y114.145 E.01926
G1 X113.019 Y113.634 E.01864
G1 X113.389 Y113.149 E.02014
G1 X113.814 Y112.751 E.01922
G1 X114.382 Y112.414 E.02181
G1 X114.909 Y112.211 E.01865
G1 X115.5 Y112.113 E.01978
G1 X115.603 Y112.13 E.00345
G1 X115.717 Y111.756 F9000
;TYPE:External perimeter
;WIDTH:0.419999
G1 F900
G1 X116.186 Y111.834 E.01491
G1 X116.864 Y112.103 E.02287
G1 X117.42 Y112.442 E.02042
G1 X117.925 Y112.919 E.02178
G1 X118.313 Y113.434 E.02022
G1 X118.595 Y114.039 E.02093
G1 X118.76 Y114.644 E.01966
G1 X118.796 Y115.262 E.01941
G1 X118.757 Y115.696 E.01366
G1 X118.614 Y116.28 E.01885
G1 X118.348 Y116.83 E.01916
G1 X118.012 Y117.3 E.01811
G1 X117.553 Y117.716 E.01942
G1 X117.115 Y117.994 E.01627
G1 X116.595 Y118.177 E.01728
G1 X116.058 Y118.296 E.01725
G1 X114.948 Y118.296 E.0348
G1 X114.228 Y118.14 E.0231
G1 X113.891 Y117.997 E.01148
G1 X113.404 Y117.683 E.01817
G1 X112.988 Y117.3 E.01773
G1 X112.642 Y116.813 E.01873
G1 X112.386 Y116.28 E.01854
G1 X112.24 Y115.675 E.01951
G1 X112.198 Y115.064 E.0192
G1 X112.291 Y114.423 E.02031
G1 X112.485 Y113.822 E.0198
G1 X112.822 Y113.238 E.02114
G1 X113.238 Y112.738 E.02039
G1 X113.748 Y112.331 E.02046
G1 X114.211 Y112.067 E.01671
G1 X114.814 Y111.834 E.02027
G1 X115.5 Y111.721 E.0218
G1 X115.658 Y111.747 E.00502
G1 X116.19 Y113.524 F9000
;TYPE:Internal infill
;WIDTH:0.44
G1 F900
G1 X115.516 Y113.297 E.02348
G1 X115.217 Y113.356 E.01006
G1 X114.515 Y113.709 E.02594
G1 X114.121 Y114.121 E.01882
G1 X116.868 Y116.868 E.12827
G1 X116.143 Y117.181 E.02607
G1 X115.064 Y117.206 E.03564
G1 X114.559 Y117.097 E.01706
G1 X114.132 Y116.868 E.016
G1 X116.879 Y114.121 E.12827
G1 X117.161 Y114.696 E.02115
G1 X117.214 Y115.402 E.02338
G1 X116.918 Y116.385 E.0339
G1 E-3.5 F3600
;WIPE_START
G1 F7200
G1 X117.214 Y115.402 E-.48763
G1 X117.161 Y114.696 E-.33629
G1 X116.879 Y114.121 E-.3042
G1 X116.325 Y114.675 E-.37188
;WIPE_END
G1 X113.656 Y116.376 F9000
G1 E5 F2400
;TYPE:Solid infill
;WIDTH:0.489627
G1 F900
G1 X113.557 Y116.136 E.00964
;WIDTH:0.53017
G1 X113.458 Y115.896 E.01052
;WIDTH:0.545628
G1 X113.351 Y115.377 E.02215
G1 X113.368 Y114.829 E.02292
;WIDTH:0.539586
G1 X113.531 Y114.284 E.02349
;WIDTH:0.540292
G1 X113.836 Y113.78 E.02436
;WIDTH:0.540998
G1 X114.271 Y113.354 E.02522
;WIDTH:0.541936
G1 X114.824 Y113.037 E.02645
G1 X115.119 Y112.93 E.01302
;WIDTH:0.521836
G1 X115.615 Y112.878 E.01986
;WIDTH:0.50755
G1 X116.183 Y113.043 E.02285
;WIDTH:0.50553
G1 X116.728 Y113.356 E.02418
;WIDTH:0.505918
G1 X117.163 Y113.782 E.02344
;WIDTH:0.50642
G1 X117.463 Y114.275 E.02224
;WIDTH:0.509254
G1 X117.621 Y114.779 E.02048
;WIDTH:0.511052
G1 X117.647 Y115.401 E.02423
;WIDTH:0.52153
G1 X117.611 Y115.669 E.01076
G1 X117.451 Y116.138 E.01972
;LAYER_CHANGE
;Z:9.8
;HEIGHT:0.2
;BEFORE_LAYER_CHANGE
G92 E0
;9.8


G1 E-3.5 F3600
;WIPE_START
G1 F7200
G1 X117.611 Y115.669 E-.23538
G1 X117.647 Y115.401 E-.12844
G1 X117.621 Y114.779 E-.29571
G1 X117.463 Y114.275 E-.25089
G1 X117.163 Y113.782 E-.27412
G1 X116.728 Y113.356 E-.2892
G1 X116.68 Y113.328 E-.02626
;WIPE_END
G1 Z9.8 F9000
;AFTER_LAYER_CHANGE
;9.8
G1 X117.329 Y113.161
G1 E5 F2400
;TYPE:Perimeter
;WIDTH:0.439999
G1 F900
G1 X117.487 Y113.321 E.00742
G1 X117.804 Y113.726 E.01698
G1 X118.045 Y114.241 E.01877
G1 X118.179 Y114.726 E.01661
G1 X118.208 Y115.415 E.02277
G1 X118.116 Y115.895 E.01614
G1 X117.938 Y116.371 E.01678
G1 X117.582 Y116.901 E.02108
G1 X117.119 Y117.312 E.02044
G1 X116.585 Y117.585 E.0198
G1 X116.02 Y117.71 E.01911
G1 X115.492 Y117.694 E.01744
G1 X114.947 Y117.532 E.01877
G1 X114.438 Y117.224 E.01964
G1 X113.943 Y116.856 E.02037
G1 X113.727 Y116.615 E.01069
G1 X113.428 Y116.214 E.01652
G1 X113.237 Y115.688 E.01848
G1 X113.182 Y115.112 E.0191
G1 X113.276 Y114.52 E.01979
G1 X113.524 Y113.953 E.02043
G1 X113.802 Y113.58 E.01536
G1 X114.166 Y113.235 E.01656
G1 X114.579 Y112.982 E.01599
G1 X115.068 Y112.785 E.01741
G1 X115.563 Y112.7 E.01658
G1 X116.068 Y112.698 E.01667
G1 X116.646 Y112.812 E.01945
G1 X117.254 Y113.085 E.02201
G1 X117.287 Y113.119 E.00156
G1 X117.606 Y112.877 F9000
G1 F900
G1 X117.769 Y113.042 E.00766
G1 X118.144 Y113.519 E.02003
G1 X118.417 Y114.102 E.02125
G1 X118.571 Y114.66 E.01911
G1 X118.609 Y115.236 E.01906
G1 X118.573 Y115.657 E.01395
G1 X118.442 Y116.201 E.01847
G1 X118.193 Y116.722 E.01907
G1 X117.881 Y117.163 E.01784
G1 X117.475 Y117.538 E.01825
G1 X117.039 Y117.821 E.01716
G1 X116.564 Y118.004 E.01681
G1 X116.056 Y118.106 E.01711
G1 X115.415 Y118.085 E.02118
G1 X114.785 Y117.898 E.0217
G1 X114.216 Y117.554 E.02195
G1 X113.673 Y117.151 E.02233
G1 X113.232 Y116.657 E.02186
G1 X112.943 Y116.096 E.02084
G1 X112.821 Y115.601 E.01683
G1 X112.784 Y115.1 E.01659
G1 X112.858 Y114.573 E.01757
G1 X113.016 Y114.072 E.01734
G1 X113.292 Y113.589 E.01837
G1 X113.639 Y113.167 E.01804
G1 X114.095 Y112.804 E.01924
G1 X114.59 Y112.532 E.01865
G1 X115.174 Y112.357 E.02013
G1 X115.751 Y112.286 E.01919
G1 X116.398 Y112.347 E.02146
G1 X116.956 Y112.492 E.01904
G1 X117.491 Y112.76 E.01976
G1 X117.564 Y112.834 E.00343
G1 X117.876 Y112.599 F9000
;TYPE:External perimeter
;WIDTH:0.419999
G1 F900
G1 X118.21 Y112.937 E.0149
G1 X118.561 Y113.48 E.02027
G1 X118.78 Y113.967 E.01674
G1 X118.954 Y114.595 E.02043
G1 X118.995 Y115.279 E.02148
G1 X118.925 Y115.914 E.02003
G1 X118.719 Y116.54 E.02066
G1 X118.428 Y117.088 E.01945
G1 X118.02 Y117.573 E.01987
G1 X117.561 Y117.961 E.01884
G1 X117.022 Y118.25 E.01918
G1 X116.474 Y118.433 E.01811
G1 X115.858 Y118.499 E.01942
G1 X115.34 Y118.467 E.01627
G1 X114.628 Y118.255 E.02329
G1 X114 Y117.876 E.023
G1 X113.411 Y117.438 E.02301
G1 X112.919 Y116.888 E.02314
G1 X112.73 Y116.574 E.01149
G1 X112.522 Y116.034 E.01814
G1 X112.409 Y115.48 E.01773
G1 X112.416 Y114.882 E.01875
G1 X112.522 Y114.3 E.01855
G1 X112.759 Y113.725 E.0195
G1 X113.085 Y113.206 E.01922
G1 X113.537 Y112.743 E.02029
G1 X114.047 Y112.37 E.01981
G1 X114.663 Y112.096 E.02114
G1 X115.293 Y111.936 E.02038
G1 X115.955 Y111.908 E.02078
G1 X116.458 Y111.965 E.01587
G1 X117.1 Y112.131 E.02079
G1 X117.722 Y112.442 E.0218
G1 X117.834 Y112.556 E.00501
G1 E-3.5 F3600
;WIPE_START
G1 F7200
G1 X117.876 Y112.599 E-.02855
G1 X118.21 Y112.937 E-.22571
G1 X118.561 Y113.48 E-.30712
G1 X118.78 Y113.967 E-.25364
G1 X118.954 Y114.595 E-.30954
G1 X118.995 Y115.279 E-.32548
G1 X118.984 Y115.384 E-.04996
;WIPE_END
G1 X117.319 Y114.547 F9000
G1 E5 F2400
;TYPE:Internal infill
;WIDTH:0.44
G1 F900
G1 X117.428 Y115.124 E.01939
G1 X117.317 Y115.826 E.02347
G1 X116.944 Y116.428 E.02338
G1 X116.662 Y116.662 E.0121
G1 X114.274 Y114.274 E.1115
G1 X114.089 Y114.593 E.01218
G1 X113.719 Y115.732 E.03954
G1 X113.562 Y115.71 E.00523
G1 X113.8 Y116.239 E.01915
G1 X114.276 Y116.724 E.02244
G1 X117.022 Y113.978 E.12822
G1 X116.782 Y113.709 E.0119
G1 X116.014 Y113.481 E.02645
G1 X115.5 Y113.497 E.01698
G1 X114.843 Y113.73 E.02302
G1 X113.493 Y115.125 F9000
;TYPE:Solid infill
;WIDTH:0.489626
G1 F900
G1 X113.554 Y114.872 E.00967
;WIDTH:0.530172
G1 X113.615 Y114.62 E.0105
;WIDTH:0.545622
G1 X113.834 Y114.138 E.02213
G1 X114.17 Y113.704 E.02294
;WIDTH:0.539584
G1 X114.622 Y113.359 E.02348
;WIDTH:0.540614
G1 X115.165 Y113.13 E.02439
;WIDTH:0.54096
G1 X115.765 Y113.042 E.02511
;WIDTH:0.541442
G1 X116.407 Y113.112 E.02677
G1 X116.703 Y113.197 E.01277
;WIDTH:0.521836
G1 X117.134 Y113.447 E.01984
;WIDTH:0.50754
G1 X117.497 Y113.913 E.02282
;WIDTH:0.505524
G1 X117.754 Y114.487 E.02419
;WIDTH:0.505916
G1 X117.856 Y115.087 E.02343
;WIDTH:0.506424
G1 X117.808 Y115.663 E.02228
;WIDTH:0.509256
G1 X117.64 Y116.163 E.02045
;WIDTH:0.51105
G1 X117.295 Y116.682 E.02426
;WIDTH:0.521528
G1 X117.108 Y116.877 E.01075
G1 X116.703 Y117.163 E.01973
;LAYER_CHANGE
;Z:10
;HEIGHT:0.2
;BEFORE_LAYER_CHANGE
G92 E0
;10


G1 E-3.5 F3600
;WIPE_START
G1 F7200
G1 X117.108 Y116.877 E-.23551
G1 X117.295 Y116.682 E-.12833
G1 X117.64 Y116.163 E-.29602
G1 X117.808 Y115.663 E-.25055
G1 X117.856 Y115.087 E-.27455
G1 X117.754 Y114.487 E-.28909
G1 X117.732 Y114.437 E-.02595
;WIPE_END
G1 Z10 F9000
;AFTER_LAYER_CHANGE
;10
G1 X118.35 Y114.684
G1 E5 F2400
;TYPE:Perimeter
;WIDTH:0.439999
G1 F900
G1 X118.41 Y115.241 E.0185
G1 X118.376 Y115.634 E.01302
G1 X118.259 Y116.123 E.0166
G1 X118.04 Y116.591 E.01706
G1 X117.741 Y117.022 E.01732
G1 X117.384 Y117.357 E.01616
G1 X116.961 Y117.638 E.01677
G1 X116.361 Y117.857 E.02109
G1 X115.744 Y117.918 E.02047
G1 X115.153 Y117.824 E.01976
G1 X114.731 Y117.65 E.01507
G1 X114.315 Y117.369 E.01658
G1 X114.016 Y117.025 E.01505
G1 X113.741 Y116.597 E.0168
G1 X113.442 Y115.676 E.03197
G1 X113.41 Y115.36 E.01049
G1 X113.405 Y114.86 E.01651
G1 X113.559 Y114.322 E.01848
G1 X113.853 Y113.824 E.01909
G1 X114.277 Y113.4 E.0198
G1 X114.811 Y113.087 E.02044
G1 X115.255 Y112.949 E.01535
G1 X115.752 Y112.883 E.01655
G1 X116.235 Y112.921 E.016
G1 X116.746 Y113.05 E.0174
G1 X117.236 Y113.296 E.0181
G1 X117.646 Y113.597 E.01679
G1 X118.007 Y113.999 E.01784
G1 X118.339 Y114.578 E.02204
G1 X118.344 Y114.624 E.00153
G1 X118.746 Y114.616 F9000
G1 F900
G1 X118.781 Y114.845 E.00765
G1 X118.807 Y115.292 E.01478
G1 X118.744 Y115.86 E.01887
G1 X118.548 Y116.46 E.02084
G1 X118.279 Y116.97 E.01904
G1 X117.893 Y117.433 E.0199
G1 X117.468 Y117.797 E.01848
G1 X116.961 Y118.071 E.01903
G1 X116.449 Y118.245 E.01785
G1 X115.901 Y118.31 E.01822
G1 X115.381 Y118.282 E.01719
G1 X114.889 Y118.151 E.01681
G1 X114.418 Y117.936 E.01709
G1 X113.912 Y117.542 E.02117
G1 X113.6 Y117.134 E.01696
G1 X113.373 Y116.747 E.01481
G1 X113.051 Y115.759 E.03431
G1 X112.984 Y115.103 E.02177
G1 X113.081 Y114.479 E.02085
G1 X113.274 Y114.007 E.01684
G1 X113.538 Y113.58 E.01658
G1 X113.907 Y113.197 E.01756
G1 X114.33 Y112.885 E.01735
G1 X114.838 Y112.656 E.0184
G1 X115.365 Y112.518 E.01799
G1 X115.948 Y112.493 E.01927
G1 X116.508 Y112.564 E.01864
G1 X117.084 Y112.766 E.02015
G1 X117.593 Y113.048 E.01921
G1 X118.09 Y113.483 E.02181
G1 X118.446 Y113.922 E.01866
G1 X118.721 Y114.453 E.01974
G1 X118.737 Y114.556 E.00344
G1 X119.127 Y114.55 F9000
;TYPE:External perimeter
;WIDTH:0.419999
G1 F900
G1 X119.163 Y114.787 E.00752
G1 X119.194 Y115.255 E.01471
G1 X119.164 Y115.665 E.01289
G1 X119.055 Y116.187 E.01672
G1 X118.826 Y116.798 E.02046
G1 X118.457 Y117.375 E.02147
G1 X118.028 Y117.849 E.02005
G1 X117.492 Y118.233 E.02067
G1 X116.935 Y118.505 E.01944
G1 X116.32 Y118.658 E.01987
G1 X115.721 Y118.703 E.01883
G1 X115.115 Y118.62 E.01918
G1 X114.564 Y118.446 E.01812
G1 X114.027 Y118.137 E.01943
G1 X113.627 Y117.806 E.01628
G1 X113.292 Y117.369 E.01726
G1 X113.013 Y116.894 E.01727
G1 X112.671 Y115.839 E.03477
G1 X112.596 Y115.106 E.0231
G1 X112.628 Y114.741 E.01149
G1 X112.776 Y114.182 E.01813
G1 X113.012 Y113.667 E.01776
G1 X113.368 Y113.187 E.01874
G1 X113.796 Y112.779 E.01854
G1 X114.326 Y112.453 E.01951
G1 X114.894 Y112.225 E.01919
G1 X115.533 Y112.115 E.02033
G1 X116.165 Y112.114 E.01982
G1 X116.824 Y112.255 E.02113
G1 X117.428 Y112.495 E.02038
G1 X117.972 Y112.854 E.02044
G1 X118.367 Y113.213 E.01674
G1 X118.775 Y113.715 E.02028
G1 X119.094 Y114.332 E.02178
G1 X119.118 Y114.49 E.00501
G1 X117.535 Y114.71 F9000
;TYPE:Internal infill
;WIDTH:0.44
G1 F900
G1 X117.627 Y115.106 E.01342
G1 X117.508 Y115.883 E.02595
G1 X117.281 Y116.329 E.01652
G1 X116.808 Y116.808 E.02223
G1 X114.34 Y114.34 E.11524
G1 X114.885 Y113.94 E.02232
G1 X115.349 Y113.734 E.01676
G1 X115.708 Y113.676 E.01201
G1 X116.453 Y113.782 E.02485
G1 X116.95 Y114.05 E.01864
G1 X114.217 Y116.783 E.12761
G1 X114.025 Y116.481 E.01182
G1 X113.743 Y115.613 E.03013
G1 X113.707 Y114.906 E.02337
G1 X113.791 Y114.581 E.01108
G1 X113.839 Y114.623 E.00211
G1 X114.099 Y114.017 F9000
;TYPE:Solid infill
;WIDTH:0.488838
G1 F900
G1 X114.295 Y113.848 E.0096
;WIDTH:0.526918
G1 X114.492 Y113.679 E.01045
;WIDTH:0.545538
G1 X114.953 Y113.419 E.02212
G1 X115.481 Y113.264 E.023
;WIDTH:0.54772
G1 X116.048 Y113.256 E.0238
G1 X116.622 Y113.385 E.02469
;WIDTH:0.54195
G1 X117.168 Y113.672 E.0256
G1 X117.42 Y113.865 E.01317
;WIDTH:0.523648
G1 X117.794 Y114.297 E.02284
;WIDTH:0.519626
G1 X118.026 Y114.773 E.02099
;WIDTH:0.505978
G1 X118.048 Y115.39 E.02377
;WIDTH:0.505528
G1 X117.919 Y116.005 E.02417
;WIDTH:0.505918
G1 X117.648 Y116.551 E.02347
;WIDTH:0.50642
G1 X117.271 Y116.989 E.02227
;WIDTH:0.509252
G1 X116.841 Y117.294 E.02044
;WIDTH:0.511052
G1 X116.257 Y117.511 E.02425
;WIDTH:0.521536
G1 X115.992 Y117.559 E.01072
G1 X115.496 Y117.552 E.01974
;LAYER_CHANGE
;Z:10.2
;HEIGHT:0.2
;BEFORE_LAYER_CHANGE
G92 E0
;10.2


G1 E-3.5 F3600
;WIPE_START
G1 F7200
G1 X115.992 Y117.559 E-.23562
G1 X116.257 Y117.511 E-.12792
G1 X116.841 Y117.294 E-.29593
G1 X117.271 Y116.989 E-.25041
G1 X117.648 Y116.551 E-.2745
G1 X117.919 Y116.005 E-.28954
G1 X117.93 Y115.951 E-.02608
;WIPE_END
G1 Z10.2 F9000
;AFTER_LAYER_CHANGE
;10.2
G1 X118.289 Y116.517
G1 E5 F2400
;TYPE:Perimeter
;WIDTH:0.439999
G1 F900
G1 X118.109 Y116.866 E.01297
G1 X117.748 Y117.299 E.01861
G1 X117.366 Y117.626 E.0166
G1 X116.914 Y117.876 E.01705
G1 X116.418 Y118.049 E.01734
G1 X115.933 Y118.11 E.01614
G1 X115.425 Y118.088 E.01679
G1 X114.811 Y117.913 E.02108
G1 X114.277 Y117.6 E.02044
G1 X113.853 Y117.176 E.0198
G1 X113.614 Y116.787 E.01507
G1 X113.443 Y116.315 E.01658
G1 X113.403 Y115.861 E.01505
G1 X113.432 Y115.353 E.0168
G1 X113.731 Y114.433 E.03194
G1 X113.891 Y114.158 E.0105
G1 X114.181 Y113.75 E.01653
G1 X114.622 Y113.406 E.01847
G1 X115.153 Y113.176 E.01911
G1 X115.744 Y113.082 E.01976
G1 X116.361 Y113.143 E.02047
G1 X116.801 Y113.292 E.01534
G1 X117.242 Y113.531 E.01656
G1 X117.61 Y113.845 E.01597
G1 X117.948 Y114.25 E.01742
G1 X118.2 Y114.737 E.0181
G1 X118.355 Y115.222 E.01681
G1 X118.41 Y115.759 E.01782
G1 X118.339 Y116.422 E.02202
G1 X118.317 Y116.464 E.00157
G1 X118.646 Y116.692 F9000
G1 F900
G1 X118.539 Y116.899 E.00769
G1 X118.298 Y117.275 E.01475
G1 X117.913 Y117.698 E.01889
G1 X117.402 Y118.068 E.02083
G1 X116.884 Y118.323 E.01906
G1 X116.3 Y118.471 E.01989
G1 X115.742 Y118.515 E.01848
G1 X115.17 Y118.439 E.01905
G1 X114.654 Y118.279 E.01784
G1 X114.173 Y118.009 E.01821
G1 X113.768 Y117.681 E.01721
G1 X113.447 Y117.286 E.01681
G1 X113.193 Y116.835 E.01709
G1 X113.015 Y116.218 E.0212
G1 X113.002 Y115.705 E.01694
G1 X113.046 Y115.259 E.0148
G1 X113.367 Y114.27 E.03433
G1 X113.698 Y113.7 E.02176
G1 X113.989 Y113.389 E.01406
G1 X114.418 Y113.064 E.01777
G1 X114.888 Y112.849 E.01706
G1 X115.381 Y112.718 E.01684
G1 X115.92 Y112.691 E.01782
G1 X116.449 Y112.755 E.01759
G1 X116.984 Y112.939 E.01868
G1 X117.468 Y113.203 E.0182
G1 X117.916 Y113.59 E.01955
G1 X118.279 Y114.03 E.01883
G1 X118.567 Y114.584 E.02062
G1 X118.744 Y115.14 E.01927
G1 X118.811 Y115.955 E.027
G1 X118.721 Y116.547 E.01977
G1 X118.673 Y116.639 E.00343
G1 X118.993 Y116.863 F9000
;TYPE:External perimeter
;WIDTH:0.419999
G1 F900
G1 X118.775 Y117.285 E.01489
G1 X118.367 Y117.787 E.02028
G1 X117.972 Y118.146 E.01674
G1 X117.428 Y118.505 E.02044
G1 X116.79 Y118.756 E.0215
G1 X116.164 Y118.886 E.02005
G1 X115.505 Y118.882 E.02066
G1 X114.894 Y118.775 E.01945
G1 X114.307 Y118.537 E.01986
G1 X113.796 Y118.221 E.01884
G1 X113.355 Y117.798 E.01916
G1 X113.012 Y117.333 E.01812
G1 X112.758 Y116.767 E.01945
G1 X112.629 Y116.265 E.01625
G1 X112.615 Y115.715 E.01725
G1 X112.669 Y115.167 E.01727
G1 X113.012 Y114.111 E.03481
G1 X113.382 Y113.474 E.0231
G1 X113.777 Y113.06 E.01794
G1 X114.22 Y112.731 E.0173
G1 X114.756 Y112.485 E.01849
G1 X115.321 Y112.335 E.01833
G1 X115.933 Y112.304 E.01921
G1 X116.535 Y112.376 E.01901
G1 X117.139 Y112.584 E.02003
G1 X117.688 Y112.884 E.01962
G1 X118.192 Y113.318 E.02085
G1 X118.602 Y113.815 E.0202
G1 X118.923 Y114.434 E.02186
G1 X119.124 Y115.06 E.02061
G1 X119.199 Y115.98 E.02894
G1 X119.094 Y116.668 E.02182
G1 X119.021 Y116.81 E.00501
G1 X117.535 Y116.29 F9000
;TYPE:Internal infill
;WIDTH:0.44
G1 F900
G1 X117.627 Y115.894 E.01342
G1 X117.508 Y115.117 E.02595
G1 X117.281 Y114.671 E.01652
G1 X116.808 Y114.192 E.02223
G1 X114.336 Y116.664 E.11543
G1 X114.655 Y116.901 E.01312
G1 X115.105 Y117.173 E.01736
G1 X115.751 Y117.328 E.02193
G1 X116.453 Y117.218 E.02346
G1 X116.95 Y116.95 E.01864
G1 X114.213 Y114.213 E.1278
G1 X114.012 Y114.559 E.01321
G1 X113.73 Y115.426 E.0301
G1 X113.716 Y116.134 E.02338
G1 X113.815 Y116.472 E.01163
G1 E-3.5 F3600
;WIPE_START
G1 F7200
G1 X113.716 Y116.134 E-.1673
G1 X113.73 Y115.426 E-.33637
G1 X114.012 Y114.559 E-.43306
G1 X114.213 Y114.213 E-.19007
G1 X114.769 Y114.769 E-.3732
;WIPE_END
G1 X115.491 Y113.454 F9000
G1 E5 F2400
;TYPE:Solid infill
;WIDTH:0.532444
G1 F900
G1 X116.018 Y113.445 E.02145
G1 X116.522 Y113.556 E.02101
;WIDTH:0.524808
G1 X117.001 Y113.794 E.02143
;WIDTH:0.519308
G1 X117.441 Y114.173 E.023
G1 X117.784 Y114.666 E.02379
;WIDTH:0.519488
G1 X117.999 Y115.248 E.02459
;WIDTH:0.519632
G1 X118.063 Y115.874 E.02494
G1 X117.971 Y116.396 E.02101
;WIDTH:0.50598
G1 X117.626 Y116.909 E.0238
;WIDTH:0.50553
G1 X117.16 Y117.33 E.02416
;WIDTH:0.505918
G1 X116.62 Y117.613 E.02347
;WIDTH:0.506424
G1 X116.058 Y117.745 E.02225
;WIDTH:0.509256
G1 X115.531 Y117.74 E.02044
;WIDTH:0.515656
G1 X114.968 Y117.586 E.02294
G1 X114.429 Y117.266 E.02464
;WIDTH:0.504838
G1 X114.288 Y117.16 E.00678
;LAYER_CHANGE
;Z:10.4
;HEIGHT:0.2
;BEFORE_LAYER_CHANGE
G92 E0
;10.4


G1 E-3.5 F3600
;WIPE_START
G1 F7200
G1 X114.429 Y117.266 E-.08379
G1 X114.968 Y117.586 E-.29775
G1 X115.531 Y117.74 E-.27725
G1 X116.058 Y117.745 E-.25034
G1 X116.62 Y117.613 E-.27421
G1 X117.16 Y117.33 E-.28959
G1 X117.202 Y117.292 E-.02707
;WIPE_END
G1 Z10.4 F9000
;AFTER_LAYER_CHANGE
;10.4
G1 X117.159 Y117.963
G1 E5 F2400
;TYPE:Perimeter
;WIDTH:0.439999
G1 F900
G1 X116.808 Y118.138 E.01295
G1 X116.261 Y118.277 E.01863
G1 X115.76 Y118.317 E.01659
G1 X115.245 Y118.252 E.01714
G1 X114.744 Y118.101 E.01728
G1 X114.316 Y117.866 E.01612
G1 X113.918 Y117.55 E.01678
G1 X113.524 Y117.047 E.0211
G1 X113.276 Y116.48 E.02043
G1 X113.182 Y115.888 E.01979
G1 X113.237 Y115.312 E.0191
G1 X113.416 Y114.815 E.01744
G1 X113.739 Y114.346 E.0188
G1 X114.188 Y113.957 E.01961
G1 X114.691 Y113.6 E.02037
G1 X115.226 Y113.363 E.01932
G1 X115.706 Y113.285 E.01606
G1 X116.334 Y113.343 E.02082
G1 X116.858 Y113.534 E.01841
G1 X117.362 Y113.877 E.02013
G1 X117.776 Y114.351 E.02078
G1 X117.997 Y114.767 E.01555
G1 X118.157 Y115.251 E.01683
G1 X118.215 Y115.928 E.02243
G1 X118.133 Y116.47 E.0181
G1 X117.973 Y116.953 E.0168
G1 X117.702 Y117.421 E.01786
G1 X117.254 Y117.915 E.02202
G1 X117.212 Y117.936 E.00155
G1 X117.344 Y118.314 F9000
G1 F900
G1 X117.137 Y118.418 E.00765
G1 X116.72 Y118.58 E.01477
G1 X116.16 Y118.697 E.01889
G1 X115.529 Y118.696 E.02083
G1 X114.961 Y118.598 E.01903
G1 X114.401 Y118.374 E.01991
G1 X113.924 Y118.081 E.01848
G1 X113.506 Y117.684 E.01903
G1 X113.182 Y117.251 E.01786
G1 X112.952 Y116.749 E.01823
G1 X112.817 Y116.247 E.01716
G1 X112.79 Y115.738 E.01683
G1 X112.849 Y115.224 E.01708
G1 X113.068 Y114.621 E.02118
G1 X113.44 Y114.079 E.0217
G1 X113.943 Y113.644 E.02196
G1 X114.494 Y113.253 E.02231
G1 X115.1 Y112.985 E.02188
G1 X115.705 Y112.886 E.02024
G1 X116.408 Y112.951 E.02331
G1 X116.897 Y113.118 E.01706
G1 X117.343 Y113.359 E.01674
G1 X117.76 Y113.715 E.0181
G1 X118.106 Y114.129 E.01781
G1 X118.373 Y114.636 E.01892
G1 X118.546 Y115.167 E.01844
G1 X118.608 Y115.73 E.0187
G1 X118.59 Y116.161 E.01424
G1 X118.479 Y116.733 E.01924
G1 X118.219 Y117.34 E.0218
G1 X117.911 Y117.814 E.01866
G1 X117.491 Y118.24 E.01975
G1 X117.398 Y118.287 E.00344
G1 X117.525 Y118.656 F9000
;TYPE:External perimeter
;WIDTH:0.419999
G1 F900
G1 X117.1 Y118.869 E.01491
G1 X116.475 Y119.036 E.02028
G1 X115.945 Y119.093 E.01671
G1 X115.293 Y119.064 E.02046
G1 X114.63 Y118.892 E.02148
G1 X114.047 Y118.63 E.02004
G1 X113.516 Y118.24 E.02066
G1 X113.085 Y117.794 E.01945
G1 X112.75 Y117.256 E.01987
G1 X112.522 Y116.7 E.01884
G1 X112.414 Y116.098 E.01918
G1 X112.409 Y115.52 E.01812
G1 X112.537 Y114.914 E.01942
G1 X112.728 Y114.431 E.01629
G1 X113.15 Y113.819 E.02331
G1 X113.703 Y113.339 E.02296
G1 X114.302 Y112.914 E.02303
G1 X114.774 Y112.706 E.01617
G1 X115.192 Y112.567 E.01381
G1 X115.703 Y112.497 E.01617
G1 X116.48 Y112.569 E.02447
G1 X117.051 Y112.762 E.0189
G1 X117.561 Y113.039 E.0182
G1 X118.035 Y113.442 E.01951
G1 X118.428 Y113.912 E.01921
G1 X118.729 Y114.485 E.02029
G1 X118.925 Y115.086 E.01982
G1 X118.996 Y115.756 E.02112
G1 X118.954 Y116.405 E.02039
G1 X118.78 Y117.034 E.02046
G1 X118.561 Y117.52 E.01671
G1 X118.21 Y118.063 E.02027
G1 X117.722 Y118.558 E.02179
G1 X117.578 Y118.629 E.00503
G1 E-3.5 F3600
;WIPE_START
G1 F7200
G1 X117.525 Y118.656 E-.02825
G1 X117.1 Y118.869 E-.22581
G1 X116.475 Y119.036 E-.30729
G1 X115.945 Y119.093 E-.2532
G1 X115.293 Y119.064 E-.31001
G1 X114.63 Y118.892 E-.32535
G1 X114.534 Y118.849 E-.05009
;WIPE_END
G1 X114.844 Y117.271 F9000
G1 E5 F2400
;TYPE:Internal infill
;WIDTH:0.44
G1 F900
G1 X115.504 Y117.504 E.02311
G1 X116.014 Y117.519 E.01685
G1 X116.782 Y117.291 E.02645
G1 X117.022 Y117.022 E.0119
G1 X114.281 Y114.281 E.12799
G1 X114.843 Y113.867 E.02305
G1 X115.323 Y113.655 E.01733
G1 X115.708 Y113.592 E.01288
G1 X115.891 Y113.609 E.00607
G1 X115.83 Y113.734 E.00459
G1 X116.662 Y114.338 E.03395
G1 X114.276 Y116.724 E.11141
G1 X114.102 Y116.449 E.01074
G1 X113.719 Y115.268 E.04099
G1 X113.562 Y115.29 E.00523
G1 X113.684 Y114.964 E.01149
G1 X113.859 Y114.711 E.01016
G1 E-3.5 F3600
;WIPE_START
G1 F7200
G1 X113.684 Y114.964 E-.14612
G1 X113.562 Y115.29 E-.16534
G1 X113.719 Y115.268 E-.0753
G1 X114.102 Y116.449 E-.58974
G1 X114.276 Y116.724 E-.15458
G1 X114.825 Y116.175 E-.36892
;WIPE_END
G1 X116.479 Y113.709 F9000
G1 E5 F2400
;TYPE:Solid infill
;WIDTH:0.490512
G1 F900
G1 X116.703 Y113.846 E.00977
;WIDTH:0.531392
G1 X116.926 Y113.984 E.01065
;WIDTH:0.532734
G1 X117.121 Y114.136 E.01007
G1 X117.469 Y114.528 E.02135
;WIDTH:0.524806
G1 X117.717 Y115.003 E.02147
;WIDTH:0.519306
G1 X117.851 Y115.567 E.02296
;WIDTH:0.51941
G1 X117.838 Y116.168 E.02382
G1 X117.67 Y116.765 E.02457
;WIDTH:0.519628
G1 X117.354 Y117.309 E.02494
G1 X116.972 Y117.677 E.02103
;WIDTH:0.505982
G1 X116.392 Y117.889 E.02378
;WIDTH:0.505532
G1 X115.767 Y117.956 E.02418
;WIDTH:0.505922
G1 X115.165 Y117.868 E.02342
;WIDTH:0.506422
G1 X114.632 Y117.645 E.02227
;WIDTH:0.509258
G1 X114.208 Y117.33 E.02048
;WIDTH:0.511054
G1 X113.821 Y116.842 E.02424
;WIDTH:0.521528
G1 X113.693 Y116.604 E.01075
G1 X113.547 Y116.131 E.0197
;LAYER_CHANGE
;Z:10.6
;HEIGHT:0.200001
;BEFORE_LAYER_CHANGE
G92 E0
;10.6


G1 E-3.5 F3600
;WIPE_START
G1 F7200
G1 X113.693 Y116.604 E-.23513
G1 X113.821 Y116.842 E-.12836
G1 X114.208 Y117.33 E-.29584
G1 X114.632 Y117.645 E-.2509
G1 X115.165 Y117.868 E-.27444
G1 X115.767 Y117.956 E-.28899
G1 X115.822 Y117.95 E-.02634
;WIPE_END
G1 Z10.6 F9000
;AFTER_LAYER_CHANGE
;10.6
G1 X115.395 Y118.467
G1 E5 F2400
;TYPE:Perimeter
;WIDTH:0.439999
G1 F900
G1 X115.007 Y118.403 E.01298
G1 X114.484 Y118.194 E.0186
G1 X114.055 Y117.931 E.01661
G1 X113.676 Y117.577 E.01712
G1 X113.36 Y117.16 E.01727
G1 X113.151 Y116.718 E.01614
G1 X113.015 Y116.229 E.01676
G1 X112.992 Y115.59 E.02111
G1 X113.125 Y114.985 E.02045
G1 X113.397 Y114.451 E.01979
G1 X113.78 Y114.018 E.01909
G1 X114.217 Y113.721 E.01745
G1 X114.753 Y113.531 E.01878
G1 X115.346 Y113.481 E.01965
G1 X115.963 Y113.487 E.02037
G1 X116.534 Y113.61 E.01929
G1 X116.996 Y113.845 E.01711
G1 X117.424 Y114.22 E.01879
G1 X117.755 Y114.708 E.01947
G1 X117.96 Y115.281 E.02009
G1 X118.012 Y115.737 E.01515
G1 X118.002 Y116.055 E.0105
G1 X117.911 Y116.548 E.01655
G1 X117.726 Y116.996 E.016
G1 X117.445 Y117.442 E.0174
G1 X117.06 Y117.833 E.01812
G1 X116.647 Y118.129 E.01678
G1 X116.153 Y118.348 E.01784
G1 X115.5 Y118.485 E.02203
G1 X115.454 Y118.477 E.00154
G1 X115.338 Y118.86 F9000
G1 F900
G1 X115.109 Y118.823 E.00766
G1 X114.677 Y118.709 E.01475
G1 X114.155 Y118.474 E.0189
G1 X113.645 Y118.103 E.02082
G1 X113.243 Y117.689 E.01905
G1 X112.922 Y117.179 E.0199
G1 X112.708 Y116.662 E.01847
G1 X112.603 Y116.094 E.01907
G1 X112.596 Y115.554 E.01783
G1 X112.704 Y115.013 E.01821
G1 X112.891 Y114.527 E.01719
G1 X113.167 Y114.099 E.01681
G1 X113.518 Y113.718 E.0171
G1 X114.049 Y113.359 E.02116
G1 X114.669 Y113.14 E.02171
G1 X115.331 Y113.083 E.02194
G1 X116.007 Y113.091 E.02232
G1 X116.655 Y113.23 E.02188
G1 X117.218 Y113.515 E.02083
G1 X117.608 Y113.844 E.01685
G1 X117.932 Y114.228 E.01659
G1 X118.183 Y114.697 E.01756
G1 X118.349 Y115.195 E.01733
G1 X118.409 Y115.749 E.0184
G1 X118.377 Y116.293 E.01799
G1 X118.221 Y116.855 E.01926
G1 X117.981 Y117.366 E.01864
G1 X117.611 Y117.851 E.02014
G1 X117.186 Y118.249 E.01922
G1 X116.618 Y118.586 E.02181
G1 X116.091 Y118.789 E.01865
G1 X115.5 Y118.887 E.01978
G1 X115.397 Y118.87 E.00345
G1 X115.283 Y119.244 F9000
;TYPE:External perimeter
;WIDTH:0.419999
G1 F900
G1 X114.814 Y119.166 E.01491
G1 X114.211 Y118.933 E.02027
G1 X113.748 Y118.669 E.01671
G1 X113.238 Y118.262 E.02046
G1 X112.803 Y117.733 E.02147
G1 X112.485 Y117.178 E.02006
G1 X112.285 Y116.55 E.02066
G1 X112.198 Y115.936 E.01944
G1 X112.243 Y115.304 E.01987
G1 X112.386 Y114.72 E.01885
G1 X112.652 Y114.17 E.01916
G1 X112.988 Y113.7 E.01811
G1 X113.447 Y113.284 E.01942
G1 X113.885 Y113.006 E.01627
G1 X114.587 Y112.759 E.02333
G1 X115.317 Y112.696 E.02297
G1 X116.05 Y112.704 E.02298
G1 X116.467 Y112.794 E.01338
G1 X116.975 Y112.946 E.01663
G1 X117.435 Y113.193 E.01637
G1 X117.881 Y113.57 E.01831
G1 X118.253 Y114.009 E.01804
G1 X118.538 Y114.543 E.01898
G1 X118.727 Y115.112 E.0188
G1 X118.802 Y115.936 E.02594
G1 X118.709 Y116.577 E.02031
G1 X118.515 Y117.178 E.0198
G1 X118.178 Y117.762 E.02114
G1 X117.762 Y118.262 E.02039
G1 X117.252 Y118.669 E.02046
G1 X116.789 Y118.933 E.01671
G1 X116.186 Y119.166 E.02027
G1 X115.5 Y119.279 E.0218
G1 X115.342 Y119.253 E.00502
G1 X114.81 Y117.476 F9000
;TYPE:Internal infill
;WIDTH:0.44
G1 F900
G1 X115.484 Y117.703 E.02348
G1 X115.783 Y117.644 E.01006
G1 X116.485 Y117.291 E.02594
G1 X116.879 Y116.879 E.01882
G1 X114.132 Y114.132 E.12827
G1 X114.817 Y113.833 E.02468
G1 X115.463 Y113.788 E.02138
G1 X115.929 Y113.793 E.01539
G1 X116.441 Y113.903 E.01729
G1 X116.868 Y114.132 E.016
G1 X114.121 Y116.879 E.12827
G1 X113.839 Y116.304 E.02115
G1 X113.786 Y115.598 E.02338
G1 X114.082 Y114.615 E.0339
G1 X113.549 Y114.862 F9000
;TYPE:Solid infill
;WIDTH:0.523784
G1 F900
G1 X113.382 Y115.356 E.02085
;WIDTH:0.545924
G1 X113.344 Y115.895 E.0226
G1 X113.431 Y116.446 E.02333
;WIDTH:0.53924
G1 X113.666 Y116.976 E.02393
;WIDTH:0.54055
G1 X114.038 Y117.445 E.02477
;WIDTH:0.54128
G1 X114.532 Y117.818 E.02565
G1 X115.103 Y118.058 E.02567
;WIDTH:0.54105
G1 X115.5 Y118.133 E.01673
;WIDTH:0.52349
G1 X115.937 Y118.055 E.01774
G1 X116.458 Y117.822 E.02281
;WIDTH:0.505658
G1 X116.952 Y117.451 E.02377
;WIDTH:0.506212
G1 X117.327 Y116.984 E.02307
;WIDTH:0.506762
G1 X117.564 Y116.456 E.02232
;WIDTH:0.510052
G1 X117.655 Y115.929 E.02077
;WIDTH:0.512582
G1 X117.601 Y115.33 E.02349
G1 X117.472 Y114.977 E.01468
;WIDTH:0.480834
G1 X117.344 Y114.624 E.01367
;LAYER_CHANGE
;Z:10.8
;HEIGHT:0.2
;BEFORE_LAYER_CHANGE
G92 E0
;10.8


G1 E-3.5 F3600
;WIPE_START
G1 F7200
G1 X117.472 Y114.977 E-.17836
G1 X117.601 Y115.33 E-.17852
G1 X117.655 Y115.929 E-.28568
G1 X117.564 Y116.456 E-.25403
G1 X117.327 Y116.984 E-.27491
G1 X116.952 Y117.451 E-.28449
G1 X116.878 Y117.507 E-.04401
;WIPE_END
G1 Z10.8 F9000
;AFTER_LAYER_CHANGE
;10.8
G1 X113.843 Y117.958
G1 E5 F2400
;TYPE:Perimeter
;WIDTH:0.439999
G1 F900
G1 X113.746 Y117.915 E.0035
G1 X113.298 Y117.421 E.02202
G1 X113.027 Y116.953 E.01786
G1 X112.856 Y116.425 E.01832
G1 X112.785 Y115.928 E.01658
G1 X112.815 Y115.434 E.01634
G1 X112.933 Y114.931 E.01706
G1 X113.224 Y114.351 E.02143
G1 X113.638 Y113.877 E.02078
G1 X114.142 Y113.534 E.02013
G1 X114.696 Y113.334 E.01945
G1 X115.231 Y113.283 E.01774
G1 X115.803 Y113.376 E.01913
G1 X116.304 Y113.597 E.01808
G1 X117.061 Y114.148 E.03091
G1 X117.273 Y114.385 E.0105
G1 X117.572 Y114.786 E.01652
G1 X117.763 Y115.312 E.01848
G1 X117.818 Y115.888 E.0191
G1 X117.724 Y116.48 E.01979
G1 X117.476 Y117.047 E.02043
G1 X117.198 Y117.42 E.01536
G1 X116.834 Y117.765 E.01656
G1 X116.422 Y118.018 E.01596
G1 X115.932 Y118.215 E.01744
G1 X115.391 Y118.304 E.0181
G1 X114.882 Y118.301 E.01681
G1 X114.354 Y118.188 E.01783
G1 X113.898 Y117.983 E.01651
G1 X113.656 Y118.314 F9000
G1 F900
G1 X113.509 Y118.24 E.00543
G1 X113.089 Y117.814 E.01975
G1 X112.743 Y117.266 E.0214
G1 X112.521 Y116.733 E.01906
G1 X112.406 Y116.123 E.0205
G1 X112.396 Y115.551 E.01889
G1 X112.51 Y114.968 E.01961
G1 X112.706 Y114.451 E.01826
G1 X113.014 Y113.973 E.01877
G1 X113.375 Y113.579 E.01764
G1 X113.819 Y113.263 E.01799
G1 X114.28 Y113.041 E.01689
G1 X114.758 Y112.922 E.01626
G1 X115.258 Y112.885 E.01655
G1 X115.917 Y112.993 E.02205
G1 X116.503 Y113.251 E.02114
G1 X117.329 Y113.851 E.03371
G1 X117.768 Y114.343 E.02177
G1 X117.974 Y114.715 E.01404
G1 X118.151 Y115.224 E.01779
G1 X118.216 Y115.9 E.02242
G1 X118.142 Y116.427 E.01757
G1 X117.984 Y116.928 E.01734
G1 X117.708 Y117.412 E.0184
G1 X117.361 Y117.833 E.01801
G1 X116.905 Y118.196 E.01924
G1 X116.41 Y118.468 E.01865
G1 X115.826 Y118.643 E.02013
G1 X115.248 Y118.714 E.01923
G1 X114.59 Y118.654 E.02182
G1 X114.044 Y118.508 E.01866
G1 X113.71 Y118.341 E.01233
G1 X113.475 Y118.656 F9000
;TYPE:External perimeter
;WIDTH:0.419999
G1 F900
G1 X113.278 Y118.558 E.0069
G1 X112.79 Y118.063 E.02179
G1 X112.4 Y117.446 E.02289
G1 X112.15 Y116.845 E.02041
G1 X112.021 Y116.163 E.02176
G1 X112.01 Y115.518 E.02023
G1 X112.138 Y114.863 E.02093
G1 X112.359 Y114.277 E.01964
G1 X112.707 Y113.737 E.02014
G1 X113.117 Y113.289 E.01904
G1 X113.622 Y112.93 E.01943
G1 X114.149 Y112.676 E.01834
G1 X114.76 Y112.53 E.0197
G1 X115.284 Y112.497 E.01646
G1 X116.028 Y112.619 E.02364
G1 X116.697 Y112.914 E.02292
G1 X117.59 Y113.562 E.03459
G1 X118.081 Y114.112 E.02312
G1 X118.353 Y114.615 E.01793
G1 X118.529 Y115.138 E.0173
G1 X118.597 Y115.705 E.01791
G1 X118.584 Y116.118 E.01296
G1 X118.478 Y116.7 E.01855
G1 X118.241 Y117.275 E.0195
G1 X117.915 Y117.794 E.01922
G1 X117.463 Y118.258 E.02031
G1 X116.953 Y118.63 E.01979
G1 X116.337 Y118.904 E.02114
G1 X115.707 Y119.064 E.02038
G1 X115.055 Y119.093 E.02046
G1 X114.525 Y119.036 E.01671
G1 X113.9 Y118.869 E.02028
G1 X113.529 Y118.683 E.01301
G1 E-3.5 F3600
;WIPE_START
G1 F7200
G1 X113.475 Y118.656 E-.02868
G1 X113.278 Y118.558 E-.10451
G1 X112.79 Y118.063 E-.33017
G1 X112.4 Y117.446 E-.34671
G1 X112.15 Y116.845 E-.30919
G1 X112.021 Y116.163 E-.32969
G1 X112.019 Y116.056 E-.05105
;WIPE_END
G1 X113.682 Y116.455 F9000
G1 E5 F2400
;TYPE:Internal infill
;WIDTH:0.44
G1 F900
G1 X113.572 Y115.876 E.01946
G1 X113.683 Y115.174 E.02347
G1 X114.031 Y114.608 E.02194
G1 X114.34 Y114.34 E.01351
G1 X116.726 Y116.726 E.11141
G1 X116.911 Y116.407 E.01218
G1 X117.281 Y115.268 E.03954
G1 X117.438 Y115.29 E.00523
G1 X117.2 Y114.761 E.01915
G1 X116.721 Y114.279 E.02244
G1 X113.978 Y117.022 E.12808
G1 X114.218 Y117.291 E.0119
G1 X114.986 Y117.519 E.02645
G1 X115.496 Y117.504 E.01685
G1 X116.156 Y117.271 E.02311
G1 X117.507 Y115.875 F9000
;TYPE:Solid infill
;WIDTH:0.489625
G1 F900
G1 X117.446 Y116.128 E.00967
;WIDTH:0.53017
G1 X117.385 Y116.38 E.0105
;WIDTH:0.545624
G1 X117.166 Y116.862 E.02213
G1 X116.83 Y117.296 E.02294
;WIDTH:0.539584
G1 X116.378 Y117.641 E.02348
;WIDTH:0.540296
G1 X115.835 Y117.87 E.02437
;WIDTH:0.540996
G1 X115.233 Y117.958 E.0252
;WIDTH:0.541934
G1 X114.6 Y117.89 E.02642
G1 X114.297 Y117.803 E.01308
;WIDTH:0.52184
G1 X113.866 Y117.553 E.01984
;WIDTH:0.50754
G1 X113.503 Y117.087 E.02282
;WIDTH:0.505526
G1 X113.246 Y116.513 E.02419
;WIDTH:0.505922
G1 X113.144 Y115.913 E.02343
;WIDTH:0.506424
G1 X113.192 Y115.337 E.02228
;WIDTH:0.509254
G1 X113.36 Y114.837 E.02045
;WIDTH:0.515654
G1 X113.681 Y114.35 E.02293
G1 X114.151 Y113.936 E.02462
;WIDTH:0.504838
G1 X114.295 Y113.835 E.00676
;LAYER_CHANGE
;Z:11
;HEIGHT:0.2
;BEFORE_LAYER_CHANGE
G92 E0
;11


G1 E-3.5 F3600
;WIPE_START
G1 F7200
G1 X114.151 Y113.936 E-.08355
G1 X113.681 Y114.35 E-.29751
G1 X113.36 Y114.837 E-.27706
G1 X113.192 Y115.337 E-.25055
G1 X113.144 Y115.913 E-.27455
G1 X113.246 Y116.513 E-.28909
G1 X113.27 Y116.566 E-.02769
;WIPE_END
G1 Z11 F9000
;AFTER_LAYER_CHANGE
;11
G1 X112.645 Y116.317
G1 E5 F2400
;TYPE:Perimeter
;WIDTH:0.439999
G1 F900
G1 X112.587 Y115.928 E.01299
G1 X112.624 Y115.366 E.0186
G1 X112.741 Y114.877 E.0166
G1 X112.96 Y114.409 E.01706
G1 X113.259 Y113.978 E.01732
G1 X113.616 Y113.643 E.01616
G1 X114.039 Y113.362 E.01677
G1 X114.639 Y113.143 E.02109
G1 X115.255 Y113.082 E.02044
G1 X115.847 Y113.176 E.01979
G1 X116.269 Y113.35 E.01507
G1 X116.685 Y113.631 E.01658
G1 X116.984 Y113.975 E.01505
G1 X117.259 Y114.403 E.0168
G1 X117.558 Y115.324 E.03197
G1 X117.595 Y116.14 E.02697
G1 X117.441 Y116.678 E.01848
G1 X117.147 Y117.176 E.01909
G1 X116.723 Y117.6 E.0198
G1 X116.189 Y117.913 E.02044
G1 X115.745 Y118.051 E.01535
G1 X115.248 Y118.117 E.01655
G1 X114.765 Y118.079 E.016
G1 X114.254 Y117.95 E.0174
G1 X113.764 Y117.704 E.0181
G1 X113.354 Y117.403 E.01679
G1 X112.993 Y117.001 E.01784
G1 X112.661 Y116.422 E.02204
G1 X112.654 Y116.376 E.00154
G1 X112.254 Y116.384 F9000
G1 F900
G1 X112.219 Y116.155 E.00765
G1 X112.193 Y115.708 E.01478
G1 X112.256 Y115.14 E.01887
G1 X112.452 Y114.54 E.02084
G1 X112.721 Y114.03 E.01904
G1 X113.107 Y113.567 E.0199
G1 X113.532 Y113.203 E.01848
G1 X114.039 Y112.929 E.01903
G1 X114.551 Y112.755 E.01785
G1 X115.099 Y112.69 E.01822
G1 X115.619 Y112.718 E.01719
G1 X116.111 Y112.849 E.01681
G1 X116.582 Y113.064 E.01709
G1 X117.088 Y113.458 E.02117
G1 X117.4 Y113.866 E.01696
G1 X117.627 Y114.253 E.01481
G1 X117.949 Y115.241 E.03431
G1 X117.981 Y115.562 E.01065
G1 X117.999 Y116.079 E.01708
G1 X117.919 Y116.521 E.01483
G1 X117.726 Y116.993 E.01684
G1 X117.462 Y117.42 E.01658
G1 X117.093 Y117.803 E.01756
G1 X116.67 Y118.115 E.01735
G1 X116.162 Y118.344 E.0184
G1 X115.635 Y118.482 E.01799
G1 X115.052 Y118.507 E.01927
G1 X114.492 Y118.436 E.01864
G1 X113.916 Y118.234 E.02015
G1 X113.407 Y117.952 E.01921
G1 X112.91 Y117.517 E.02181
G1 X112.554 Y117.078 E.01866
G1 X112.279 Y116.547 E.01974
G1 X112.263 Y116.444 E.00344
G1 X111.873 Y116.45 F9000
;TYPE:External perimeter
;WIDTH:0.419999
G1 F900
G1 X111.801 Y115.98 E.01491
G1 X111.836 Y115.335 E.02025
G1 X111.945 Y114.813 E.01672
G1 X112.174 Y114.202 E.02046
G1 X112.543 Y113.625 E.02147
G1 X112.972 Y113.151 E.02005
G1 X113.508 Y112.767 E.02067
G1 X114.065 Y112.495 E.01944
G1 X114.68 Y112.342 E.01987
G1 X115.279 Y112.297 E.01883
G1 X115.885 Y112.38 E.01918
G1 X116.436 Y112.554 E.01812
G1 X116.973 Y112.863 E.01943
G1 X117.373 Y113.194 E.01628
G1 X117.708 Y113.631 E.01726
G1 X117.987 Y114.106 E.01727
G1 X118.329 Y115.161 E.03477
G1 X118.373 Y115.584 E.01333
G1 X118.372 Y116.259 E.02116
G1 X118.224 Y116.818 E.01813
G1 X117.988 Y117.333 E.01776
G1 X117.632 Y117.813 E.01874
G1 X117.204 Y118.221 E.01854
G1 X116.674 Y118.547 E.01951
G1 X116.106 Y118.775 E.01919
G1 X115.467 Y118.885 E.02033
G1 X114.836 Y118.886 E.01978
G1 X114.176 Y118.745 E.02116
G1 X113.572 Y118.505 E.02038
G1 X113.028 Y118.146 E.02044
G1 X112.633 Y117.787 E.01674
G1 X112.225 Y117.285 E.02028
G1 X111.906 Y116.668 E.02178
G1 X111.882 Y116.51 E.00501
G1 X113.465 Y116.29 F9000
;TYPE:Internal infill
;WIDTH:0.44
G1 F900
G1 X113.373 Y115.894 E.01342
G1 X113.492 Y115.117 E.02595
G1 X113.719 Y114.671 E.01652
G1 X114.192 Y114.192 E.02223
G1 X116.662 Y116.662 E.11533
G1 X116.109 Y117.063 E.02255
G1 X115.651 Y117.266 E.01654
G1 X115.016 Y117.322 E.02105
G1 X114.547 Y117.218 E.01586
G1 X114.05 Y116.95 E.01864
G1 X116.783 Y114.217 E.12761
G1 X116.975 Y114.519 E.01182
G1 X117.257 Y115.387 E.03013
G1 X117.31 Y115.902 E.01709
G1 X117.184 Y116.462 E.01895
G1 X116.903 Y116.983 F9000
;TYPE:Solid infill
;WIDTH:0.489631
G1 F900
G1 X116.705 Y117.151 E.00965
;WIDTH:0.53017
G1 X116.507 Y117.32 E.01055
;WIDTH:0.545622
G1 X116.047 Y117.581 E.02211
G1 X115.521 Y117.735 E.02291
;WIDTH:0.539586
G1 X114.952 Y117.748 E.0235
;WIDTH:0.540294
G1 X114.378 Y117.614 E.02438
;WIDTH:0.540998
G1 X113.839 Y117.332 E.02519
;WIDTH:0.541936
G1 X113.367 Y116.904 E.02644
G1 X113.173 Y116.657 E.01303
;WIDTH:0.521838
G1 X112.971 Y116.201 E.01986
;WIDTH:0.507538
G1 X112.952 Y115.61 E.02284
;WIDTH:0.505528
G1 X113.081 Y114.995 E.02417
;WIDTH:0.505918
G1 X113.352 Y114.449 E.02347
;WIDTH:0.525636
G1 X113.721 Y114.005 E.02317
G1 X114.155 Y113.702 E.02125
;WIDTH:0.530682
G1 X114.701 Y113.493 E.02371
G1 X115.366 Y113.44 E.02706
;WIDTH:0.519588
G1 X115.563 Y113.457 E.00784
;WIDTH:0.483435
G1 X115.76 Y113.474 E.00724
;LAYER_CHANGE
;Z:11.2
;HEIGHT:0.2
;BEFORE_LAYER_CHANGE
G92 E0
;11.2


G1 E-3.5 F3600
;WIPE_START
G1 F7200
G1 X115.563 Y113.457 E-.09392
G1 X115.366 Y113.44 E-.09392
G1 X114.701 Y113.493 E-.31688
G1 X114.155 Y113.702 E-.2777
G1 X113.721 Y114.005 E-.25142
G1 X113.352 Y114.449 E-.27423
G1 X113.173 Y114.811 E-.19193
;WIPE_END
G1 Z11.2 F9000
;AFTER_LAYER_CHANGE
;11.2
G1 X112.715 Y114.485
G1 E5 F2400
;TYPE:Perimeter
;WIDTH:0.439999
G1 F900
G1 X112.993 Y113.999 E.01849
G1 X113.354 Y113.597 E.01784
G1 X113.804 Y113.271 E.01835
G1 X114.254 Y113.05 E.01655
G1 X114.734 Y112.926 E.01637
G1 X115.248 Y112.883 E.01703
G1 X115.89 Y112.981 E.02144
G1 X116.468 Y113.228 E.02075
G1 X116.95 Y113.6 E.0201
G1 X117.311 Y114.066 E.01946
G1 X117.536 Y114.589 E.0188
G1 X117.597 Y115.139 E.01827
G1 X117.568 Y115.647 E.0168
G1 X117.269 Y116.567 E.03194
G1 X117.109 Y116.842 E.0105
G1 X116.819 Y117.25 E.01653
G1 X116.378 Y117.594 E.01847
G1 X115.847 Y117.824 E.01911
G1 X115.256 Y117.918 E.01976
G1 X114.639 Y117.857 E.02047
G1 X114.199 Y117.708 E.01534
G1 X113.758 Y117.469 E.01656
G1 X113.39 Y117.155 E.01597
G1 X113.052 Y116.75 E.01742
G1 X112.8 Y116.263 E.0181
G1 X112.645 Y115.778 E.01681
G1 X112.59 Y115.241 E.01782
G1 X112.661 Y114.578 E.02202
G1 X112.685 Y114.537 E.00157
G1 X112.354 Y114.308 F9000
G1 F900
G1 X112.554 Y113.922 E.01435
G1 X112.968 Y113.424 E.02138
G1 X113.407 Y113.048 E.01908
G1 X113.951 Y112.75 E.02048
G1 X114.492 Y112.564 E.01889
G1 X115.082 Y112.492 E.01962
G1 X115.635 Y112.519 E.01828
G1 X116.184 Y112.664 E.01875
G1 X116.67 Y112.885 E.01763
G1 X117.107 Y113.209 E.01796
G1 X117.462 Y113.58 E.01695
G1 X117.725 Y114.004 E.01647
G1 X117.919 Y114.479 E.01694
G1 X117.998 Y115.295 E.02707
G1 X117.954 Y115.741 E.0148
G1 X117.633 Y116.73 E.03433
G1 X117.302 Y117.3 E.02176
G1 X116.857 Y117.748 E.02085
G1 X116.423 Y118.017 E.01686
G1 X115.959 Y118.206 E.01654
G1 X115.435 Y118.3 E.01758
G1 X114.91 Y118.303 E.01733
G1 X114.364 Y118.19 E.01841
G1 X113.856 Y117.991 E.01801
G1 X113.37 Y117.669 E.01925
G1 X112.959 Y117.283 E.01862
G1 X112.611 Y116.781 E.02017
G1 X112.365 Y116.254 E.0192
G1 X112.219 Y115.61 E.0218
G1 X112.189 Y115.045 E.01868
G1 X112.279 Y114.453 E.01977
G1 X112.327 Y114.361 E.00343
G1 X112.007 Y114.137 F9000
;TYPE:External perimeter
;WIDTH:0.419999
G1 F900
G1 X112.225 Y113.715 E.01489
G1 X112.504 Y113.345 E.01453
G1 X112.98 Y112.892 E.0206
G1 X113.397 Y112.601 E.01594
G1 X113.981 Y112.313 E.02042
G1 X114.636 Y112.147 E.02119
G1 X115.267 Y112.098 E.01984
G1 X115.912 Y112.183 E.0204
G1 X116.499 Y112.365 E.01927
G1 X117.044 Y112.671 E.0196
G1 X117.506 Y113.045 E.01864
G1 X117.886 Y113.517 E.019
G1 X118.163 Y114.012 E.01779
G1 X118.323 Y114.518 E.01664
G1 X118.385 Y115.285 E.02413
G1 X118.331 Y115.833 E.01727
G1 X117.988 Y116.889 E.03481
G1 X117.618 Y117.526 E.0231
G1 X117.377 Y117.802 E.01149
G1 X116.928 Y118.168 E.01816
G1 X116.436 Y118.446 E.01772
G1 X115.865 Y118.624 E.01875
G1 X115.279 Y118.703 E.01854
G1 X114.659 Y118.655 E.0195
G1 X114.065 Y118.505 E.01921
G1 X113.484 Y118.219 E.0203
G1 X112.972 Y117.849 E.01981
G1 X112.521 Y117.348 E.02114
G1 X112.174 Y116.798 E.02039
G1 X111.945 Y116.187 E.02046
G1 X111.836 Y115.665 E.01672
G1 X111.801 Y115.02 E.02025
G1 X111.906 Y114.332 E.02182
G1 X111.979 Y114.19 E.00501
G1 X113.465 Y114.71 F9000
;TYPE:Internal infill
;WIDTH:0.44
G1 F900
G1 X113.373 Y115.106 E.01342
G1 X113.492 Y115.883 E.02595
G1 X113.719 Y116.329 E.01652
G1 X114.192 Y116.808 E.02223
G1 X116.662 Y114.338 E.11533
G1 X116.109 Y113.937 E.02255
G1 X115.691 Y113.752 E.01509
G1 X115.016 Y113.678 E.02242
G1 X114.547 Y113.782 E.01586
G1 X114.05 Y114.05 E.01864
G1 X116.787 Y116.787 E.1278
G1 X116.988 Y116.441 E.01321
G1 X117.27 Y115.574 E.0301
G1 X117.284 Y114.866 E.02338
G1 X117.183 Y114.539 E.0113
G1 X116.704 Y113.837 F9000
;TYPE:Solid infill
;WIDTH:0.512976
G1 F900
G1 X116.294 Y113.544 E.0197
;WIDTH:0.515848
G1 X115.832 Y113.342 E.01983
G1 X115.248 Y113.244 E.02329
;WIDTH:0.523722
G1 X114.708 Y113.283 E.02164
G1 X114.153 Y113.478 E.02352
;WIDTH:0.51827
G1 X113.636 Y113.82 E.0245
;WIDTH:0.519638
G1 X113.207 Y114.296 E.0254
G1 X112.974 Y114.773 E.02104
;WIDTH:0.525812
G1 X112.941 Y115.378 E.02433
G1 X113.069 Y115.996 E.02534
;WIDTH:0.523526
G1 X113.337 Y116.545 E.02441
G1 X113.722 Y116.994 E.02364
G1 X114.19 Y117.32 E.02279
;WIDTH:0.545622
G1 X114.719 Y117.506 E.02344
G1 X115.245 Y117.565 E.02212
;WIDTH:0.53017
G1 X115.504 Y117.544 E.01053
;WIDTH:0.489629
G1 X115.764 Y117.524 E.00969
;LAYER_CHANGE
;Z:11.4
;HEIGHT:0.2
;BEFORE_LAYER_CHANGE
G92 E0
;11.4


G1 E-3.5 F3600
;WIPE_START
G1 F7200
G1 X115.504 Y117.544 E-.12386
G1 X115.245 Y117.565 E-.12343
G1 X114.719 Y117.506 E-.25142
G1 X114.19 Y117.32 E-.26635
G1 X113.722 Y116.994 E-.27092
G1 X113.337 Y116.545 E-.28094
G1 X113.168 Y116.199 E-.18308
;WIPE_END
G1 Z11.4 F9000
;AFTER_LAYER_CHANGE
;11.4
G1 X113.674 Y113.165
G1 E5 F2400
;TYPE:Perimeter
;WIDTH:0.439999
G1 F900
G1 X113.746 Y113.085 E.00355
G1 X114.354 Y112.812 E.02201
G1 X114.873 Y112.7 E.01753
G1 X115.434 Y112.701 E.01852
G1 X115.932 Y112.785 E.01667
G1 X116.393 Y112.967 E.01636
G1 X116.834 Y113.235 E.01704
G1 X117.296 Y113.691 E.02143
G1 X117.619 Y114.231 E.02078
G1 X117.79 Y114.816 E.02012
G1 X117.814 Y115.249 E.01432
G1 X117.782 Y115.567 E.01055
G1 X117.643 Y116.05 E.01659
G1 X117.409 Y116.44 E.01502
G1 X117.086 Y116.834 E.01682
G1 X116.304 Y117.403 E.03193
G1 X116.013 Y117.531 E.0105
G1 X115.539 Y117.691 E.01652
G1 X114.98 Y117.71 E.01847
G1 X114.415 Y117.585 E.01911
G1 X113.881 Y117.312 E.0198
G1 X113.418 Y116.901 E.02044
G1 X113.15 Y116.522 E.01533
G1 X112.933 Y116.069 E.01658
G1 X112.82 Y115.598 E.01599
G1 X112.785 Y115.072 E.01741
G1 X112.867 Y114.529 E.01813
G1 X113.027 Y114.047 E.01677
G1 X113.298 Y113.579 E.01786
G1 X113.634 Y113.209 E.0165
G1 X113.394 Y112.877 F9000
G1 F900
G1 X113.509 Y112.76 E.00542
G1 X113.863 Y112.582 E.01308
G1 X114.28 Y112.42 E.01477
G1 X114.835 Y112.304 E.01872
G1 X115.466 Y112.305 E.02083
G1 X116.039 Y112.402 E.01919
G1 X116.599 Y112.626 E.01991
G1 X117.076 Y112.919 E.01848
G1 X117.494 Y113.316 E.01903
G1 X117.818 Y113.749 E.01786
G1 X118.048 Y114.25 E.0182
G1 X118.183 Y114.753 E.0172
G1 X118.21 Y115.262 E.01683
G1 X118.151 Y115.776 E.01708
G1 X117.932 Y116.379 E.02118
G1 X117.641 Y116.802 E.01695
G1 X117.344 Y117.138 E.01481
G1 X116.503 Y117.749 E.03432
G1 X115.9 Y118.015 E.02176
G1 X115.277 Y118.116 E.02084
G1 X114.768 Y118.079 E.01685
G1 X114.28 Y117.959 E.01659
G1 X113.802 Y117.727 E.01754
G1 X113.375 Y117.421 E.01734
G1 X113 Y117.009 E.01839
G1 X112.706 Y116.549 E.01803
G1 X112.502 Y116.003 E.01924
G1 X112.396 Y115.449 E.01862
G1 X112.41 Y114.838 E.02018
G1 X112.521 Y114.267 E.01921
G1 X112.781 Y113.66 E.0218
G1 X113.089 Y113.186 E.01866
G1 X113.352 Y112.919 E.01237
G1 X113.124 Y112.599 F9000
;TYPE:External perimeter
;WIDTH:0.419999
G1 F900
G1 X113.278 Y112.442 E.0069
G1 X113.69 Y112.236 E.01444
G1 X114.167 Y112.049 E.01606
G1 X114.797 Y111.918 E.02018
G1 X115.497 Y111.919 E.02195
G1 X116.144 Y112.029 E.02058
G1 X116.772 Y112.28 E.0212
G1 X117.312 Y112.611 E.01986
G1 X117.783 Y113.059 E.02038
G1 X118.151 Y113.551 E.01926
G1 X118.412 Y114.119 E.0196
G1 X118.566 Y114.692 E.0186
G1 X118.591 Y115.48 E.02472
G1 X118.463 Y116.086 E.01942
G1 X118.272 Y116.569 E.01629
G1 X117.96 Y117.022 E.01725
G1 X117.595 Y117.434 E.01726
G1 X116.697 Y118.086 E.03479
G1 X116.022 Y118.384 E.02313
G1 X115.666 Y118.466 E.01145
G1 X115.088 Y118.498 E.01815
G1 X114.526 Y118.433 E.01774
G1 X113.959 Y118.242 E.01876
G1 X113.439 Y117.961 E.01853
G1 X112.965 Y117.558 E.01951
G1 X112.572 Y117.088 E.01921
G1 X112.271 Y116.515 E.02029
G1 X112.075 Y115.914 E.01982
G1 X112.004 Y115.244 E.02112
G1 X112.046 Y114.595 E.02039
G1 X112.22 Y113.967 E.02043
G1 X112.439 Y113.48 E.01674
G1 X112.79 Y112.937 E.02027
G1 X113.082 Y112.642 E.01301
G1 X113.681 Y114.546 F9000
;TYPE:Internal infill
;WIDTH:0.44
G1 F900
G1 X113.572 Y115.124 E.01942
G1 X113.683 Y115.826 E.02347
G1 X113.867 Y116.189 E.01344
G1 X114.336 Y116.664 E.02204
G1 X116.724 Y114.276 E.1115
G1 X116.898 Y114.551 E.01074
G1 X117.281 Y115.732 E.04099
G1 X117.438 Y115.71 E.00523
G1 X117.316 Y116.036 E.01149
G1 X117.008 Y116.482 E.0179
G1 X116.721 Y116.721 E.01233
G1 X113.978 Y113.978 E.12808
G1 X114.218 Y113.709 E.0119
G1 X114.982 Y113.481 E.02632
G1 X115.742 Y113.551 E.0252
G1 X116.157 Y113.73 E.01492
G1 E-3.5 F3600
;WIPE_START
G1 F7200
G1 X115.742 Y113.551 E-.21468
G1 X114.982 Y113.481 E-.36253
G1 X114.218 Y113.709 E-.37872
G1 X113.978 Y113.978 E-.17124
G1 X114.533 Y114.533 E-.37283
;WIPE_END
G1 X114.522 Y117.291 F9000
G1 E5 F2400
;TYPE:Solid infill
;WIDTH:0.488839
G1 F900
G1 X114.301 Y117.156 E.0096
;WIDTH:0.526922
G1 X114.079 Y117.022 E.01044
;WIDTH:0.545538
G1 X113.69 Y116.664 E.02209
G1 X113.392 Y116.244 E.02152
;WIDTH:0.519432
G1 X113.199 Y115.722 E.02205
G1 X113.136 Y115.135 E.02339
G1 X113.226 Y114.531 E.0242
;WIDTH:0.519532
G1 X113.473 Y113.951 E.02498
G1 X113.866 Y113.446 E.02536
;WIDTH:0.522558
G1 X114.315 Y113.188 E.02065
;WIDTH:0.52409
G1 X114.906 Y113.049 E.02429
G1 X115.413 Y113.049 E.02028
;WIDTH:0.522344
G1 X115.895 Y113.143 E.01958
;WIDTH:0.523446
G1 X116.372 Y113.348 E.02074
G1 X116.795 Y113.666 E.02114
;WIDTH:0.530942
G1 X117.173 Y114.134 E.02441
G1 X117.385 Y114.62 E.02152
G1 X117.445 Y114.872 E.01051
;WIDTH:0.49013
G1 X117.506 Y115.125 E.00968
;LAYER_CHANGE
;Z:11.6
;HEIGHT:0.200001
;BEFORE_LAYER_CHANGE
G92 E0
;11.6


G1 E-3.5 F3600
;WIPE_START
G1 F7200
G1 X117.445 Y114.872 E-.12362
G1 X117.385 Y114.62 E-.12305
G1 X117.173 Y114.134 E-.25186
G1 X116.795 Y113.666 E-.28575
G1 X116.372 Y113.348 E-.25137
G1 X115.895 Y113.143 E-.24661
G1 X115.445 Y113.055 E-.21774
;WIPE_END
G1 Z11.6 F9000
;AFTER_LAYER_CHANGE
;11.6
G1 X115.605 Y112.533
G1 E5 F2400
;TYPE:Perimeter
;WIDTH:0.439999
G1 F900
G1 X115.993 Y112.597 E.01298
G1 X116.516 Y112.806 E.0186
G1 X116.945 Y113.069 E.01661
G1 X117.322 Y113.421 E.01703
G1 X117.64 Y113.84 E.01737
G1 X117.849 Y114.282 E.01614
G1 X117.985 Y114.771 E.01676
G1 X118.008 Y115.41 E.02111
G1 X117.875 Y116.015 E.02045
G1 X117.603 Y116.549 E.01979
G1 X117.307 Y116.896 E.01506
G1 X116.911 Y117.205 E.01658
G1 X116.491 Y117.382 E.01505
G1 X115.999 Y117.512 E.0168
G1 X115.032 Y117.512 E.03193
G1 X114.721 Y117.445 E.0105
G1 X114.244 Y117.295 E.01651
G1 X113.78 Y116.982 E.01848
G1 X113.397 Y116.549 E.01909
G1 X113.125 Y116.015 E.01979
G1 X112.992 Y115.41 E.02045
G1 X112.998 Y114.945 E.01535
G1 X113.089 Y114.452 E.01655
G1 X113.274 Y114.004 E.016
G1 X113.555 Y113.558 E.0174
G1 X113.94 Y113.167 E.01812
G1 X114.353 Y112.871 E.01678
G1 X114.847 Y112.652 E.01784
G1 X115.5 Y112.515 E.02203
G1 X115.546 Y112.523 E.00154
G1 X115.662 Y112.14 F9000
G1 F900
G1 X116.091 Y112.211 E.01436
G1 X116.692 Y112.45 E.02135
G1 X117.186 Y112.751 E.0191
G1 X117.637 Y113.177 E.02048
G1 X117.981 Y113.634 E.01889
G1 X118.232 Y114.173 E.01963
G1 X118.377 Y114.707 E.01827
G1 X118.404 Y115.446 E.02442
G1 X118.296 Y115.987 E.01821
G1 X118.109 Y116.473 E.01719
G1 X117.833 Y116.901 E.01681
G1 X117.482 Y117.282 E.0171
G1 X116.951 Y117.641 E.02116
G1 X116.467 Y117.812 E.01695
G1 X116.029 Y117.909 E.01481
G1 X114.99 Y117.909 E.0343
G1 X114.345 Y117.77 E.02179
G1 X113.782 Y117.485 E.02083
G1 X113.392 Y117.156 E.01685
G1 X113.068 Y116.772 E.01659
G1 X112.817 Y116.303 E.01756
G1 X112.651 Y115.805 E.01733
G1 X112.591 Y115.251 E.0184
G1 X112.623 Y114.707 E.01799
G1 X112.779 Y114.145 E.01926
G1 X113.019 Y113.634 E.01864
G1 X113.389 Y113.149 E.02014
G1 X113.814 Y112.751 E.01922
G1 X114.382 Y112.414 E.02181
G1 X114.909 Y112.211 E.01865
G1 X115.5 Y112.113 E.01978
G1 X115.603 Y112.13 E.00345
G1 X115.717 Y111.756 F9000
;TYPE:External perimeter
;WIDTH:0.419999
G1 F900
G1 X116.186 Y111.834 E.01491
G1 X116.864 Y112.103 E.02287
G1 X117.42 Y112.442 E.02042
G1 X117.925 Y112.919 E.02178
G1 X118.313 Y113.434 E.02022
G1 X118.595 Y114.039 E.02093
G1 X118.76 Y114.644 E.01966
G1 X118.796 Y115.262 E.01941
G1 X118.757 Y115.696 E.01366
G1 X118.614 Y116.28 E.01885
G1 X118.348 Y116.83 E.01916
G1 X118.012 Y117.3 E.01811
G1 X117.553 Y117.716 E.01942
G1 X117.115 Y117.994 E.01627
G1 X116.595 Y118.177 E.01728
G1 X116.058 Y118.296 E.01725
G1 X114.948 Y118.296 E.0348
G1 X114.228 Y118.14 E.0231
G1 X113.891 Y117.997 E.01148
G1 X113.404 Y117.683 E.01817
G1 X112.988 Y117.3 E.01773
G1 X112.642 Y116.813 E.01873
G1 X112.386 Y116.28 E.01854
G1 X112.24 Y115.675 E.01951
G1 X112.198 Y115.064 E.0192
G1 X112.291 Y114.423 E.02031
G1 X112.485 Y113.822 E.0198
G1 X112.822 Y113.238 E.02114
G1 X113.238 Y112.738 E.02039
G1 X113.748 Y112.331 E.02046
G1 X114.211 Y112.067 E.01671
G1 X114.814 Y111.834 E.02027
G1 X115.5 Y111.721 E.0218
G1 X115.658 Y111.747 E.00502
G1 X116.19 Y113.524 F9000
;TYPE:Internal infill
;WIDTH:0.44
G1 F900
G1 X115.516 Y113.297 E.02348
G1 X115.217 Y113.356 E.01006
G1 X114.515 Y113.709 E.02594
G1 X114.121 Y114.121 E.01882
G1 X116.868 Y116.868 E.12827
G1 X116.143 Y117.181 E.02607
G1 X115.064 Y117.206 E.03564
G1 X114.559 Y117.097 E.01706
G1 X114.132 Y116.868 E.016
G1 X116.879 Y114.121 E.12827
G1 X117.161 Y114.696 E.02115
G1 X117.214 Y115.402 E.02338
G1 X116.918 Y116.385 E.0339
G1 E-3.5 F3600
;WIPE_START
G1 F7200
G1 X117.214 Y115.402 E-.48763
G1 X117.161 Y114.696 E-.33629
G1 X116.879 Y114.121 E-.3042
G1 X116.325 Y114.675 E-.37188
;WIPE_END
G1 X113.656 Y116.376 F9000
G1 E5 F2400
;TYPE:Solid infill
;WIDTH:0.489627
G1 F900
G1 X113.557 Y116.136 E.00964
;WIDTH:0.53017
G1 X113.458 Y115.896 E.01052
;WIDTH:0.545628
G1 X113.351 Y115.377 E.02215
G1 X113.368 Y114.829 E.02292
;WIDTH:0.539586
G1 X113.531 Y114.284 E.02349
;WIDTH:0.540292
G1 X113.836 Y113.78 E.02436
;WIDTH:0.540998
G1 X114.271 Y113.354 E.02522
;WIDTH:0.541936
G1 X114.824 Y113.037 E.02645
G1 X115.119 Y112.93 E.01302
;WIDTH:0.521836
G1 X115.615 Y112.878 E.01986
;WIDTH:0.50755
G1 X116.183 Y113.043 E.02285
;WIDTH:0.50553
G1 X116.728 Y113.356 E.02418
;WIDTH:0.505918
G1 X117.163 Y113.782 E.02344
;WIDTH:0.50642
G1 X117.463 Y114.275 E.02224
;WIDTH:0.509254
G1 X117.621 Y114.779 E.02048
;WIDTH:0.511052
G1 X117.647 Y115.401 E.02423
;WIDTH:0.52153
G1 X117.611 Y115.669 E.01076
G1 X117.451 Y116.138 E.01972
;LAYER_CHANGE
;Z:11.8
;HEIGHT:0.2
;BEFORE_LAYER_CHANGE
G92 E0
;11.8


G1 E-3.5 F3600
;WIPE_START
G1 F7200
G1 X117.611 Y115.669 E-.23538
G1 X117.647 Y115.401 E-.12844
G1 X117.621 Y114.779 E-.29571
G1 X117.463 Y114.275 E-.25089
G1 X117.163 Y113.782 E-.27412
G1 X116.728 Y113.356 E-.2892
G1 X116.68 Y113.328 E-.02626
;WIPE_END
G1 Z11.8 F9000
;AFTER_LAYER_CHANGE
;11.8
G1 X117.329 Y113.161
G1 E5 F2400
;TYPE:Perimeter
;WIDTH:0.439999
G1 F900
G1 X117.487 Y113.321 E.00742
G1 X117.804 Y113.726 E.01698
G1 X118.045 Y114.241 E.01877
G1 X118.179 Y114.726 E.01661
G1 X118.208 Y115.415 E.02277
G1 X118.116 Y115.895 E.01614
G1 X117.938 Y116.371 E.01678
G1 X117.582 Y116.901 E.02108
G1 X117.119 Y117.312 E.02044
G1 X116.585 Y117.585 E.0198
G1 X116.02 Y117.71 E.01911
G1 X115.492 Y117.694 E.01744
G1 X114.947 Y117.532 E.01877
G1 X114.438 Y117.224 E.01964
G1 X113.943 Y116.856 E.02037
G1 X113.727 Y116.615 E.01069
G1 X113.428 Y116.214 E.01652
G1 X113.237 Y115.688 E.01848
G1 X113.182 Y115.112 E.0191
G1 X113.276 Y114.52 E.01979
G1 X113.524 Y113.953 E.02043
G1 X113.802 Y113.58 E.01536
G1 X114.166 Y113.235 E.01656
G1 X114.579 Y112.982 E.01599
G1 X115.068 Y112.785 E.01741
G1 X115.563 Y112.7 E.01658
G1 X116.068 Y112.698 E.01667
G1 X116.646 Y112.812 E.01945
G1 X117.254 Y113.085 E.02201
G1 X117.287 Y113.119 E.00156
G1 X117.606 Y112.877 F9000
G1 F900
G1 X117.769 Y113.042 E.00766
G1 X118.144 Y113.519 E.02003
G1 X118.417 Y114.102 E.02125
G1 X118.571 Y114.66 E.01911
G1 X118.609 Y115.236 E.01906
G1 X118.573 Y115.657 E.01395
G1 X118.442 Y116.201 E.01847
G1 X118.193 Y116.722 E.01907
G1 X117.881 Y117.163 E.01784
G1 X117.475 Y117.538 E.01825
G1 X117.039 Y117.821 E.01716
G1 X116.564 Y118.004 E.01681
G1 X116.056 Y118.106 E.01711
G1 X115.415 Y118.085 E.02118
G1 X114.785 Y117.898 E.0217
G1 X114.216 Y117.554 E.02195
G1 X113.673 Y117.151 E.02233
G1 X113.232 Y116.657 E.02186
G1 X112.943 Y116.096 E.02084
G1 X112.821 Y115.601 E.01683
G1 X112.784 Y115.1 E.01659
G1 X112.858 Y114.573 E.01757
G1 X113.016 Y114.072 E.01734
G1 X113.292 Y113.589 E.01837
G1 X113.639 Y113.167 E.01804
G1 X114.095 Y112.804 E.01924
G1 X114.59 Y112.532 E.01865
G1 X115.174 Y112.357 E.02013
G1 X115.751 Y112.286 E.01919
G1 X116.398 Y112.347 E.02146
G1 X116.956 Y112.492 E.01904
G1 X117.491 Y112.76 E.01976
G1 X117.564 Y112.834 E.00343
G1 X117.876 Y112.599 F9000
;TYPE:External perimeter
;WIDTH:0.419999
G1 F900
G1 X118.21 Y112.937 E.0149
G1 X118.561 Y113.48 E.02027
G1 X118.78 Y113.967 E.01674
G1 X118.954 Y114.595 E.02043
G1 X118.995 Y115.279 E.02148
G1 X118.925 Y115.914 E.02003
G1 X118.719 Y116.54 E.02066
G1 X118.428 Y117.088 E.01945
G1 X118.02 Y117.573 E.01987
G1 X117.561 Y117.961 E.01884
G1 X117.022 Y118.25 E.01918
G1 X116.474 Y118.433 E.01811
G1 X115.858 Y118.499 E.01942
G1 X115.34 Y118.467 E.01627
G1 X114.628 Y118.255 E.02329
G1 X114 Y117.876 E.023
G1 X113.411 Y117.438 E.02301
G1 X112.919 Y116.888 E.02314
G1 X112.73 Y116.574 E.01149
G1 X112.522 Y116.034 E.01814
G1 X112.409 Y115.48 E.01773
G1 X112.416 Y114.882 E.01875
G1 X112.522 Y114.3 E.01855
G1 X112.759 Y113.725 E.0195
G1 X113.085 Y113.206 E.01922
G1 X113.537 Y112.743 E.02029
G1 X114.047 Y112.37 E.01981
G1 X114.663 Y112.096 E.02114
G1 X115.293 Y111.936 E.02038
G1 X115.955 Y111.908 E.02078
G1 X116.458 Y111.965 E.01587
G1 X117.1 Y112.131 E.02079
G1 X117.722 Y112.442 E.0218
G1 X117.834 Y112.556 E.00501
G1 E-3.5 F3600
;WIPE_START
G1 F7200
G1 X117.876 Y112.599 E-.02855
G1 X118.21 Y112.937 E-.22571
G1 X118.561 Y113.48 E-.30712
G1 X118.78 Y113.967 E-.25364
G1 X118.954 Y114.595 E-.30954
G1 X118.995 Y115.279 E-.32548
G1 X118.984 Y115.384 E-.04996
;WIPE_END
G1 X117.319 Y114.547 F9000
G1 E5 F2400
;TYPE:Internal infill
;WIDTH:0.44
G1 F900
G1 X117.428 Y115.124 E.01939
G1 X117.317 Y115.826 E.02347
G1 X116.944 Y116.428 E.02338
G1 X116.662 Y116.662 E.0121
G1 X114.274 Y114.274 E.1115
G1 X114.089 Y114.593 E.01218
G1 X113.719 Y115.732 E.03954
G1 X113.562 Y115.71 E.00523
G1 X113.8 Y116.239 E.01915
G1 X114.276 Y116.724 E.02244
G1 X117.022 Y113.978 E.12822
G1 X116.782 Y113.709 E.0119
G1 X116.014 Y113.481 E.02645
G1 X115.5 Y113.497 E.01698
G1 X114.843 Y113.73 E.02302
G1 X113.493 Y115.125 F9000
;TYPE:Solid infill
;WIDTH:0.489626
G1 F900
G1 X113.554 Y114.872 E.00967
;WIDTH:0.530172
G1 X113.615 Y114.62 E.0105
;WIDTH:0.545622
G1 X113.834 Y114.138 E.02213
G1 X114.17 Y113.704 E.02294
;WIDTH:0.539584
G1 X114.622 Y113.359 E.02348
;WIDTH:0.540614
G1 X115.165 Y113.13 E.02439
;WIDTH:0.54096
G1 X115.765 Y113.042 E.02511
;WIDTH:0.541442
G1 X116.407 Y113.112 E.02677
G1 X116.703 Y113.197 E.01277
;WIDTH:0.521836
G1 X117.134 Y113.447 E.01984
;WIDTH:0.50754
G1 X117.497 Y113.913 E.02282
;WIDTH:0.505524
G1 X117.754 Y114.487 E.02419
;WIDTH:0.505916
G1 X117.856 Y115.087 E.02343
;WIDTH:0.506424
G1 X117.808 Y115.663 E.02228
;WIDTH:0.509256
G1 X117.64 Y116.163 E.02045
;WIDTH:0.51105
G1 X117.295 Y116.682 E.02426
;WIDTH:0.521528
G1 X117.108 Y116.877 E.01075
G1 X116.703 Y117.163 E.01973
;LAYER_CHANGE
;Z:12
;HEIGHT:0.2
;BEFORE_LAYER_CHANGE
G92 E0
;12


G1 E-3.5 F3600
;WIPE_START
G1 F7200
G1 X117.108 Y116.877 E-.23551
G1 X117.295 Y116.682 E-.12833
G1 X117.64 Y116.163 E-.29602
G1 X117.808 Y115.663 E-.25055
G1 X117.856 Y115.087 E-.27455
G1 X117.754 Y114.487 E-.28909
G1 X117.732 Y114.437 E-.02595
;WIPE_END
G1 Z12 F9000
;AFTER_LAYER_CHANGE
;12
G1 X118.35 Y114.684
G1 E5 F2400
;TYPE:Perimeter
;WIDTH:0.439999
G1 F900
G1 X118.41 Y115.241 E.0185
G1 X118.376 Y115.634 E.01302
G1 X118.259 Y116.123 E.0166
G1 X118.04 Y116.591 E.01706
G1 X117.741 Y117.022 E.01732
G1 X117.384 Y117.357 E.01616
G1 X116.961 Y117.638 E.01677
G1 X116.361 Y117.857 E.02109
G1 X115.744 Y117.918 E.02047
G1 X115.153 Y117.824 E.01976
G1 X114.731 Y117.65 E.01507
G1 X114.315 Y117.369 E.01658
G1 X114.016 Y117.025 E.01505
G1 X113.741 Y116.597 E.0168
G1 X113.442 Y115.676 E.03197
G1 X113.41 Y115.36 E.01049
G1 X113.405 Y114.86 E.01651
G1 X113.559 Y114.322 E.01848
G1 X113.853 Y113.824 E.01909
G1 X114.277 Y113.4 E.0198
G1 X114.811 Y113.087 E.02044
G1 X115.255 Y112.949 E.01535
G1 X115.752 Y112.883 E.01655
G1 X116.235 Y112.921 E.016
G1 X116.746 Y113.05 E.0174
G1 X117.236 Y113.296 E.0181
G1 X117.646 Y113.597 E.01679
G1 X118.007 Y113.999 E.01784
G1 X118.339 Y114.578 E.02204
G1 X118.344 Y114.624 E.00153
G1 X118.746 Y114.616 F9000
G1 F900
G1 X118.781 Y114.845 E.00765
G1 X118.807 Y115.292 E.01478
G1 X118.744 Y115.86 E.01887
G1 X118.548 Y116.46 E.02084
G1 X118.279 Y116.97 E.01904
G1 X117.893 Y117.433 E.0199
G1 X117.468 Y117.797 E.01848
G1 X116.961 Y118.071 E.01903
G1 X116.449 Y118.245 E.01785
G1 X115.901 Y118.31 E.01822
G1 X115.381 Y118.282 E.01719
G1 X114.889 Y118.151 E.01681
G1 X114.418 Y117.936 E.01709
G1 X113.912 Y117.542 E.02117
G1 X113.6 Y117.134 E.01696
G1 X113.373 Y116.747 E.01481
G1 X113.051 Y115.759 E.03431
G1 X112.984 Y115.103 E.02177
G1 X113.081 Y114.479 E.02085
G1 X113.274 Y114.007 E.01684
G1 X113.538 Y113.58 E.01658
G1 X113.907 Y113.197 E.01756
G1 X114.33 Y112.885 E.01735
G1 X114.838 Y112.656 E.0184
G1 X115.365 Y112.518 E.01799
G1 X115.948 Y112.493 E.01927
G1 X116.508 Y112.564 E.01864
G1 X117.084 Y112.766 E.02015
G1 X117.593 Y113.048 E.01921
G1 X118.09 Y113.483 E.02181
G1 X118.446 Y113.922 E.01866
G1 X118.721 Y114.453 E.01974
G1 X118.737 Y114.556 E.00344
G1 X119.127 Y114.55 F9000
;TYPE:External perimeter
;WIDTH:0.419999
G1 F900
G1 X119.163 Y114.787 E.00752
G1 X119.194 Y115.255 E.01471
G1 X119.164 Y115.665 E.01289
G1 X119.055 Y116.187 E.01672
G1 X118.826 Y116.798 E.02046
G1 X118.457 Y117.375 E.02147
G1 X118.028 Y117.849 E.02005
G1 X117.492 Y118.233 E.02067
G1 X116.935 Y118.505 E.01944
G1 X116.32 Y118.658 E.01987
G1 X115.721 Y118.703 E.01883
G1 X115.115 Y118.62 E.01918
G1 X114.564 Y118.446 E.01812
G1 X114.027 Y118.137 E.01943
G1 X113.627 Y117.806 E.01628
G1 X113.292 Y117.369 E.01726
G1 X113.013 Y116.894 E.01727
G1 X112.671 Y115.839 E.03477
G1 X112.596 Y115.106 E.0231
G1 X112.628 Y114.741 E.01149
G1 X112.776 Y114.182 E.01813
G1 X113.012 Y113.667 E.01776
G1 X113.368 Y113.187 E.01874
G1 X113.796 Y112.779 E.01854
G1 X114.326 Y112.453 E.01951
G1 X114.894 Y112.225 E.01919
G1 X115.533 Y112.115 E.02033
G1 X116.165 Y112.114 E.01982
G1 X116.824 Y112.255 E.02113
G1 X117.428 Y112.495 E.02038
G1 X117.972 Y112.854 E.02044
G1 X118.367 Y113.213 E.01674
G1 X118.775 Y113.715 E.02028
G1 X119.094 Y114.332 E.02178
G1 X119.118 Y114.49 E.00501
G1 X117.535 Y114.71 F9000
;TYPE:Internal infill
;WIDTH:0.44
G1 F900
G1 X117.627 Y115.106 E.01342
G1 X117.508 Y115.883 E.02595
G1 X117.281 Y116.329 E.01652
G1 X116.808 Y116.808 E.02223
G1 X114.34 Y114.34 E.11524
G1 X114.885 Y113.94 E.02232
G1 X115.349 Y113.734 E.01676
G1 X115.708 Y113.676 E.01201
G1 X116.453 Y113.782 E.02485
G1 X116.95 Y114.05 E.01864
G1 X114.217 Y116.783 E.12761
G1 X114.025 Y116.481 E.01182
G1 X113.743 Y115.613 E.03013
G1 X113.707 Y114.906 E.02337
G1 X113.791 Y114.581 E.01108
G1 X113.839 Y114.623 E.00211
G1 X114.099 Y114.017 F9000
;TYPE:Solid infill
;WIDTH:0.488838
G1 F900
G1 X114.295 Y113.848 E.0096
;WIDTH:0.526918
G1 X114.492 Y113.679 E.01045
;WIDTH:0.545538
G1 X114.953 Y113.419 E.02212
G1 X115.481 Y113.264 E.023
;WIDTH:0.54772
G1 X116.048 Y113.256 E.0238
G1 X116.622 Y113.385 E.02469
;WIDTH:0.54195
G1 X117.168 Y113.672 E.0256
G1 X117.42 Y113.865 E.01317
;WIDTH:0.523648
G1 X117.794 Y114.297 E.02284
;WIDTH:0.519626
G1 X118.026 Y114.773 E.02099
;WIDTH:0.505978
G1 X118.048 Y115.39 E.02377
;WIDTH:0.505528
G1 X117.919 Y116.005 E.02417
;WIDTH:0.505918
G1 X117.648 Y116.551 E.02347
;WIDTH:0.50642
G1 X117.271 Y116.989 E.02227
;WIDTH:0.509252
G1 X116.841 Y117.294 E.02044
;WIDTH:0.511052
G1 X116.257 Y117.511 E.02425
;WIDTH:0.521536
G1 X115.992 Y117.559 E.01072
G1 X115.496 Y117.552 E.01974
;LAYER_CHANGE
;Z:12.2
;HEIGHT:0.2
;BEFORE_LAYER_CHANGE
G92 E0
;12.2


G1 E-3.5 F3600
;WIPE_START
G1 F7200
G1 X115.992 Y117.559 E-.23562
G1 X116.257 Y117.511 E-.12792
G1 X116.841 Y117.294 E-.29593
G1 X117.271 Y116.989 E-.25041
G1 X117.648 Y116.551 E-.2745
G1 X117.919 Y116.005 E-.28954
G1 X117.93 Y115.951 E-.02608
;WIPE_END
G1 Z12.2 F9000
;AFTER_LAYER_CHANGE
;12.2
G1 X118.289 Y116.517
G1 E5 F2400
;TYPE:Perimeter
;WIDTH:0.439999
G1 F900
G1 X118.109 Y116.866 E.01297
G1 X117.748 Y117.299 E.01861
G1 X117.366 Y117.626 E.0166
G1 X116.914 Y117.876 E.01705
G1 X116.418 Y118.049 E.01734
G1 X115.933 Y118.11 E.01614
G1 X115.425 Y118.088 E.01679
G1 X114.811 Y117.913 E.02108
G1 X114.277 Y117.6 E.02044
G1 X113.853 Y117.176 E.0198
G1 X113.614 Y116.787 E.01507
G1 X113.443 Y116.315 E.01658
G1 X113.403 Y115.861 E.01505
G1 X113.432 Y115.353 E.0168
G1 X113.731 Y114.433 E.03194
G1 X113.891 Y114.158 E.0105
G1 X114.181 Y113.75 E.01653
G1 X114.622 Y113.406 E.01847
G1 X115.153 Y113.176 E.01911
G1 X115.744 Y113.082 E.01976
G1 X116.361 Y113.143 E.02047
G1 X116.801 Y113.292 E.01534
G1 X117.242 Y113.531 E.01656
G1 X117.61 Y113.845 E.01597
G1 X117.948 Y114.25 E.01742
G1 X118.2 Y114.737 E.0181
G1 X118.355 Y115.222 E.01681
G1 X118.41 Y115.759 E.01782
G1 X118.339 Y116.422 E.02202
G1 X118.317 Y116.464 E.00157
G1 X118.646 Y116.692 F9000
G1 F900
G1 X118.539 Y116.899 E.00769
G1 X118.298 Y117.275 E.01475
G1 X117.913 Y117.698 E.01889
G1 X117.402 Y118.068 E.02083
G1 X116.884 Y118.323 E.01906
G1 X116.3 Y118.471 E.01989
G1 X115.742 Y118.515 E.01848
G1 X115.17 Y118.439 E.01905
G1 X114.654 Y118.279 E.01784
G1 X114.173 Y118.009 E.01821
G1 X113.768 Y117.681 E.01721
G1 X113.447 Y117.286 E.01681
G1 X113.193 Y116.835 E.01709
G1 X113.015 Y116.218 E.0212
G1 X113.002 Y115.705 E.01694
G1 X113.046 Y115.259 E.0148
G1 X113.367 Y114.27 E.03433
G1 X113.698 Y113.7 E.02176
G1 X113.989 Y113.389 E.01406
G1 X114.418 Y113.064 E.01777
G1 X114.888 Y112.849 E.01706
G1 X115.381 Y112.718 E.01684
G1 X115.92 Y112.691 E.01782
G1 X116.449 Y112.755 E.01759
G1 X116.984 Y112.939 E.01868
G1 X117.468 Y113.203 E.0182
G1 X117.916 Y113.59 E.01955
G1 X118.279 Y114.03 E.01883
G1 X118.567 Y114.584 E.02062
G1 X118.744 Y115.14 E.01927
G1 X118.811 Y115.955 E.027
G1 X118.721 Y116.547 E.01977
G1 X118.673 Y116.639 E.00343
G1 X118.993 Y116.863 F9000
;TYPE:External perimeter
;WIDTH:0.419999
G1 F900
G1 X118.775 Y117.285 E.01489
G1 X118.367 Y117.787 E.02028
G1 X117.972 Y118.146 E.01674
G1 X117.428 Y118.505 E.02044
G1 X116.79 Y118.756 E.0215
G1 X116.164 Y118.886 E.02005
G1 X115.505 Y118.882 E.02066
G1 X114.894 Y118.775 E.01945
G1 X114.307 Y118.537 E.01986
G1 X113.796 Y118.221 E.01884
G1 X113.355 Y117.798 E.01916
G1 X113.012 Y117.333 E.01812
G1 X112.758 Y116.767 E.01945
G1 X112.629 Y116.265 E.01625
G1 X112.615 Y115.715 E.01725
G1 X112.669 Y115.167 E.01727
G1 X113.012 Y114.111 E.03481
G1 X113.382 Y113.474 E.0231
G1 X113.777 Y113.06 E.01794
G1 X114.22 Y112.731 E.0173
G1 X114.756 Y112.485 E.01849
G1 X115.321 Y112.335 E.01833
G1 X115.933 Y112.304 E.01921
G1 X116.535 Y112.376 E.01901
G1 X117.139 Y112.584 E.02003
G1 X117.688 Y112.884 E.01962
G1 X118.192 Y113.318 E.02085
G1 X118.602 Y113.815 E.0202
G1 X118.923 Y114.434 E.02186
G1 X119.124 Y115.06 E.02061
G1 X119.199 Y115.98 E.02894
G1 X119.094 Y116.668 E.02182
G1 X119.021 Y116.81 E.00501
G1 X117.535 Y116.29 F9000
;TYPE:Internal infill
;WIDTH:0.44
G1 F900
G1 X117.627 Y115.894 E.01342
G1 X117.508 Y115.117 E.02595
G1 X117.281 Y114.671 E.01652
G1 X116.808 Y114.192 E.02223
G1 X114.336 Y116.664 E.11543
G1 X114.655 Y116.901 E.01312
G1 X115.105 Y117.173 E.01736
G1 X115.751 Y117.328 E.02193
G1 X116.453 Y117.218 E.02346
G1 X116.95 Y116.95 E.01864
G1 X114.213 Y114.213 E.1278
G1 X114.012 Y114.559 E.01321
G1 X113.73 Y115.426 E.0301
G1 X113.716 Y116.134 E.02338
G1 X113.815 Y116.472 E.01163
G1 E-3.5 F3600
;WIPE_START
G1 F7200
G1 X113.716 Y116.134 E-.1673
G1 X113.73 Y115.426 E-.33637
G1 X114.012 Y114.559 E-.43306
G1 X114.213 Y114.213 E-.19007
G1 X114.769 Y114.769 E-.3732
;WIPE_END
G1 X115.491 Y113.454 F9000
G1 E5 F2400
;TYPE:Solid infill
;WIDTH:0.532444
G1 F900
G1 X116.018 Y113.445 E.02145
G1 X116.522 Y113.556 E.02101
;WIDTH:0.524808
G1 X117.001 Y113.794 E.02143
;WIDTH:0.519308
G1 X117.441 Y114.173 E.023
G1 X117.784 Y114.666 E.02379
;WIDTH:0.519488
G1 X117.999 Y115.248 E.02459
;WIDTH:0.519632
G1 X118.063 Y115.874 E.02494
G1 X117.971 Y116.396 E.02101
;WIDTH:0.50598
G1 X117.626 Y116.909 E.0238
;WIDTH:0.50553
G1 X117.16 Y117.33 E.02416
;WIDTH:0.505918
G1 X116.62 Y117.613 E.02347
;WIDTH:0.506424
G1 X116.058 Y117.745 E.02225
;WIDTH:0.509256
G1 X115.531 Y117.74 E.02044
;WIDTH:0.515656
G1 X114.968 Y117.586 E.02294
G1 X114.429 Y117.266 E.02464
;WIDTH:0.504838
G1 X114.288 Y117.16 E.00678
;LAYER_CHANGE
;Z:12.4
;HEIGHT:0.2
;BEFORE_LAYER_CHANGE
G92 E0
;12.4


G1 E-3.5 F3600
;WIPE_START
G1 F7200
G1 X114.429 Y117.266 E-.08379
G1 X114.968 Y117.586 E-.29775
G1 X115.531 Y117.74 E-.27725
G1 X116.058 Y117.745 E-.25034
G1 X116.62 Y117.613 E-.27421
G1 X117.16 Y117.33 E-.28959
G1 X117.202 Y117.292 E-.02707
;WIPE_END
G1 Z12.4 F9000
;AFTER_LAYER_CHANGE
;12.4
G1 X117.159 Y117.963
G1 E5 F2400
;TYPE:Perimeter
;WIDTH:0.439999
G1 F900
G1 X116.808 Y118.138 E.01295
G1 X116.261 Y118.277 E.01863
G1 X115.76 Y118.317 E.01659
G1 X115.245 Y118.252 E.01714
G1 X114.744 Y118.101 E.01728
G1 X114.316 Y117.866 E.01612
G1 X113.918 Y117.55 E.01678
G1 X113.524 Y117.047 E.0211
G1 X113.276 Y116.48 E.02043
G1 X113.182 Y115.888 E.01979
G1 X113.237 Y115.312 E.0191
G1 X113.416 Y114.815 E.01744
G1 X113.739 Y114.346 E.0188
G1 X114.188 Y113.957 E.01961
G1 X114.691 Y113.6 E.02037
G1 X115.226 Y113.363 E.01932
G1 X115.706 Y113.285 E.01606
G1 X116.334 Y113.343 E.02082
G1 X116.858 Y113.534 E.01841
G1 X117.362 Y113.877 E.02013
G1 X117.776 Y114.351 E.02078
G1 X117.997 Y114.767 E.01555
G1 X118.157 Y115.251 E.01683
G1 X118.215 Y115.928 E.02243
G1 X118.133 Y116.47 E.0181
G1 X117.973 Y116.953 E.0168
G1 X117.702 Y117.421 E.01786
G1 X117.254 Y117.915 E.02202
G1 X117.212 Y117.936 E.00155
G1 X117.344 Y118.314 F9000
G1 F900
G1 X117.137 Y118.418 E.00765
G1 X116.72 Y118.58 E.01477
G1 X116.16 Y118.697 E.01889
G1 X115.529 Y118.696 E.02083
G1 X114.961 Y118.598 E.01903
G1 X114.401 Y118.374 E.01991
G1 X113.924 Y118.081 E.01848
G1 X113.506 Y117.684 E.01903
G1 X113.182 Y117.251 E.01786
G1 X112.952 Y116.749 E.01823
G1 X112.817 Y116.247 E.01716
G1 X112.79 Y115.738 E.01683
G1 X112.849 Y115.224 E.01708
G1 X113.068 Y114.621 E.02118
G1 X113.44 Y114.079 E.0217
G1 X113.943 Y113.644 E.02196
G1 X114.494 Y113.253 E.02231
G1 X115.1 Y112.985 E.02188
G1 X115.705 Y112.886 E.02024
G1 X116.408 Y112.951 E.02331
G1 X116.897 Y113.118 E.01706
G1 X117.343 Y113.359 E.01674
G1 X117.76 Y113.715 E.0181
G1 X118.106 Y114.129 E.01781
G1 X118.373 Y114.636 E.01892
G1 X118.546 Y115.167 E.01844
G1 X118.608 Y115.73 E.0187
G1 X118.59 Y116.161 E.01424
G1 X118.479 Y116.733 E.01924
G1 X118.219 Y117.34 E.0218
G1 X117.911 Y117.814 E.01866
G1 X117.491 Y118.24 E.01975
G1 X117.398 Y118.287 E.00344
G1 X117.525 Y118.656 F9000
;TYPE:External perimeter
;WIDTH:0.419999
G1 F900
G1 X117.1 Y118.869 E.01491
G1 X116.475 Y119.036 E.02028
G1 X115.945 Y119.093 E.01671
G1 X115.293 Y119.064 E.02046
G1 X114.63 Y118.892 E.02148
G1 X114.047 Y118.63 E.02004
G1 X113.516 Y118.24 E.02066
G1 X113.085 Y117.794 E.01945
G1 X112.75 Y117.256 E.01987
G1 X112.522 Y116.7 E.01884
G1 X112.414 Y116.098 E.01918
G1 X112.409 Y115.52 E.01812
G1 X112.537 Y114.914 E.01942
G1 X112.728 Y114.431 E.01629
G1 X113.15 Y113.819 E.02331
G1 X113.703 Y113.339 E.02296
G1 X114.302 Y112.914 E.02303
G1 X114.774 Y112.706 E.01617
G1 X115.192 Y112.567 E.01381
G1 X115.703 Y112.497 E.01617
G1 X116.48 Y112.569 E.02447
G1 X117.051 Y112.762 E.0189
G1 X117.561 Y113.039 E.0182
G1 X118.035 Y113.442 E.01951
G1 X118.428 Y113.912 E.01921
G1 X118.729 Y114.485 E.02029
G1 X118.925 Y115.086 E.01982
G1 X118.996 Y115.756 E.02112
G1 X118.954 Y116.405 E.02039
G1 X118.78 Y117.034 E.02046
G1 X118.561 Y117.52 E.01671
G1 X118.21 Y118.063 E.02027
G1 X117.722 Y118.558 E.02179
G1 X117.578 Y118.629 E.00503
G1 E-3.5 F3600
;WIPE_START
G1 F7200
G1 X117.525 Y118.656 E-.02825
G1 X117.1 Y118.869 E-.22581
G1 X116.475 Y119.036 E-.30729
G1 X115.945 Y119.093 E-.2532
G1 X115.293 Y119.064 E-.31001
G1 X114.63 Y118.892 E-.32535
G1 X114.534 Y118.849 E-.05009
;WIPE_END
G1 X114.844 Y117.271 F9000
G1 E5 F2400
;TYPE:Internal infill
;WIDTH:0.44
G1 F900
G1 X115.504 Y117.504 E.02311
G1 X116.014 Y117.519 E.01685
G1 X116.782 Y117.291 E.02645
G1 X117.022 Y117.022 E.0119
G1 X114.281 Y114.281 E.12799
G1 X114.843 Y113.867 E.02305
G1 X115.323 Y113.655 E.01733
G1 X115.708 Y113.592 E.01288
G1 X115.891 Y113.609 E.00607
G1 X115.83 Y113.734 E.00459
G1 X116.662 Y114.338 E.03395
G1 X114.276 Y116.724 E.11141
G1 X114.102 Y116.449 E.01074
G1 X113.719 Y115.268 E.04099
G1 X113.562 Y115.29 E.00523
G1 X113.684 Y114.964 E.01149
G1 X113.859 Y114.711 E.01016
G1 E-3.5 F3600
;WIPE_START
G1 F7200
G1 X113.684 Y114.964 E-.14612
G1 X113.562 Y115.29 E-.16534
G1 X113.719 Y115.268 E-.0753
G1 X114.102 Y116.449 E-.58974
G1 X114.276 Y116.724 E-.15458
G1 X114.825 Y116.175 E-.36892
;WIPE_END
G1 X116.479 Y113.709 F9000
G1 E5 F2400
;TYPE:Solid infill
;WIDTH:0.490512
G1 F900
G1 X116.703 Y113.846 E.00977
;WIDTH:0.531392
G1 X116.926 Y113.984 E.01065
;WIDTH:0.532734
G1 X117.121 Y114.136 E.01007
G1 X117.469 Y114.528 E.02135
;WIDTH:0.524806
G1 X117.717 Y115.003 E.02147
;WIDTH:0.519306
G1 X117.851 Y115.567 E.02296
;WIDTH:0.51941
G1 X117.838 Y116.168 E.02382
G1 X117.67 Y116.765 E.02457
;WIDTH:0.519628
G1 X117.354 Y117.309 E.02494
G1 X116.972 Y117.677 E.02103
;WIDTH:0.505982
G1 X116.392 Y117.889 E.02378
;WIDTH:0.505532
G1 X115.767 Y117.956 E.02418
;WIDTH:0.505922
G1 X115.165 Y117.868 E.02342
;WIDTH:0.506422
G1 X114.632 Y117.645 E.02227
;WIDTH:0.509258
G1 X114.208 Y117.33 E.02048
;WIDTH:0.511054
G1 X113.821 Y116.842 E.02424
;WIDTH:0.521528
G1 X113.693 Y116.604 E.01075
G1 X113.547 Y116.131 E.0197
;LAYER_CHANGE
;Z:12.6
;HEIGHT:0.200001
;BEFORE_LAYER_CHANGE
G92 E0
;12.6


G1 E-3.5 F3600
;WIPE_START
G1 F7200
G1 X113.693 Y116.604 E-.23513
G1 X113.821 Y116.842 E-.12836
G1 X114.208 Y117.33 E-.29584
G1 X114.632 Y117.645 E-.2509
G1 X115.165 Y117.868 E-.27444
G1 X115.767 Y117.956 E-.28899
G1 X115.822 Y117.95 E-.02634
;WIPE_END
G1 Z12.6 F9000
;AFTER_LAYER_CHANGE
;12.6
G1 X115.395 Y118.467
G1 E5 F2400
;TYPE:Perimeter
;WIDTH:0.439999
G1 F900
G1 X115.007 Y118.403 E.01298
G1 X114.484 Y118.194 E.0186
G1 X114.055 Y117.931 E.01661
G1 X113.676 Y117.577 E.01712
G1 X113.36 Y117.16 E.01727
G1 X113.151 Y116.718 E.01614
G1 X113.015 Y116.229 E.01676
G1 X112.992 Y115.59 E.02111
G1 X113.125 Y114.985 E.02045
G1 X113.397 Y114.451 E.01979
G1 X113.78 Y114.018 E.01909
G1 X114.217 Y113.721 E.01745
G1 X114.753 Y113.531 E.01878
G1 X115.346 Y113.481 E.01965
G1 X115.963 Y113.487 E.02037
G1 X116.534 Y113.61 E.01929
G1 X116.996 Y113.845 E.01711
G1 X117.424 Y114.22 E.01879
G1 X117.755 Y114.708 E.01947
G1 X117.96 Y115.281 E.02009
G1 X118.012 Y115.737 E.01515
G1 X118.002 Y116.055 E.0105
G1 X117.911 Y116.548 E.01655
G1 X117.726 Y116.996 E.016
G1 X117.445 Y117.442 E.0174
G1 X117.06 Y117.833 E.01812
G1 X116.647 Y118.129 E.01678
G1 X116.153 Y118.348 E.01784
G1 X115.5 Y118.485 E.02203
G1 X115.454 Y118.477 E.00154
G1 X115.338 Y118.86 F9000
G1 F900
G1 X115.109 Y118.823 E.00766
G1 X114.677 Y118.709 E.01475
G1 X114.155 Y118.474 E.0189
G1 X113.645 Y118.103 E.02082
G1 X113.243 Y117.689 E.01905
G1 X112.922 Y117.179 E.0199
G1 X112.708 Y116.662 E.01847
G1 X112.603 Y116.094 E.01907
G1 X112.596 Y115.554 E.01783
G1 X112.704 Y115.013 E.01821
G1 X112.891 Y114.527 E.01719
G1 X113.167 Y114.099 E.01681
G1 X113.518 Y113.718 E.0171
G1 X114.049 Y113.359 E.02116
G1 X114.669 Y113.14 E.02171
G1 X115.331 Y113.083 E.02194
G1 X116.007 Y113.091 E.02232
G1 X116.655 Y113.23 E.02188
G1 X117.218 Y113.515 E.02083
G1 X117.608 Y113.844 E.01685
G1 X117.932 Y114.228 E.01659
G1 X118.183 Y114.697 E.01756
G1 X118.349 Y115.195 E.01733
G1 X118.409 Y115.749 E.0184
G1 X118.377 Y116.293 E.01799
G1 X118.221 Y116.855 E.01926
G1 X117.981 Y117.366 E.01864
G1 X117.611 Y117.851 E.02014
G1 X117.186 Y118.249 E.01922
G1 X116.618 Y118.586 E.02181
G1 X116.091 Y118.789 E.01865
G1 X115.5 Y118.887 E.01978
G1 X115.397 Y118.87 E.00345
G1 X115.283 Y119.244 F9000
;TYPE:External perimeter
;WIDTH:0.419999
G1 F900
G1 X114.814 Y119.166 E.01491
G1 X114.211 Y118.933 E.02027
G1 X113.748 Y118.669 E.01671
G1 X113.238 Y118.262 E.02046
G1 X112.803 Y117.733 E.02147
G1 X112.485 Y117.178 E.02006
G1 X112.285 Y116.55 E.02066
G1 X112.198 Y115.936 E.01944
G1 X112.243 Y115.304 E.01987
G1 X112.386 Y114.72 E.01885
G1 X112.652 Y114.17 E.01916
G1 X112.988 Y113.7 E.01811
G1 X113.447 Y113.284 E.01942
G1 X113.885 Y113.006 E.01627
G1 X114.587 Y112.759 E.02333
G1 X115.317 Y112.696 E.02297
G1 X116.05 Y112.704 E.02298
G1 X116.467 Y112.794 E.01338
G1 X116.975 Y112.946 E.01663
G1 X117.435 Y113.193 E.01637
G1 X117.881 Y113.57 E.01831
G1 X118.253 Y114.009 E.01804
G1 X118.538 Y114.543 E.01898
G1 X118.727 Y115.112 E.0188
G1 X118.802 Y115.936 E.02594
G1 X118.709 Y116.577 E.02031
G1 X118.515 Y117.178 E.0198
G1 X118.178 Y117.762 E.02114
G1 X117.762 Y118.262 E.02039
G1 X117.252 Y118.669 E.02046
G1 X116.789 Y118.933 E.01671
G1 X116.186 Y119.166 E.02027
G1 X115.5 Y119.279 E.0218
G1 X115.342 Y119.253 E.00502
G1 X114.81 Y117.476 F9000
;TYPE:Internal infill
;WIDTH:0.44
G1 F900
G1 X115.484 Y117.703 E.02348
G1 X115.783 Y117.644 E.01006
G1 X116.485 Y117.291 E.02594
G1 X116.879 Y116.879 E.01882
G1 X114.132 Y114.132 E.12827
G1 X114.817 Y113.833 E.02468
G1 X115.463 Y113.788 E.02138
G1 X115.929 Y113.793 E.01539
G1 X116.441 Y113.903 E.01729
G1 X116.868 Y114.132 E.016
G1 X114.121 Y116.879 E.12827
G1 X113.839 Y116.304 E.02115
G1 X113.786 Y115.598 E.02338
G1 X114.082 Y114.615 E.0339
G1 X113.549 Y114.862 F9000
;TYPE:Solid infill
;WIDTH:0.523784
G1 F900
G1 X113.382 Y115.356 E.02085
;WIDTH:0.545924
G1 X113.344 Y115.895 E.0226
G1 X113.431 Y116.446 E.02333
;WIDTH:0.53924
G1 X113.666 Y116.976 E.02393
;WIDTH:0.54055
G1 X114.038 Y117.445 E.02477
;WIDTH:0.54128
G1 X114.532 Y117.818 E.02565
G1 X115.103 Y118.058 E.02567
;WIDTH:0.54105
G1 X115.5 Y118.133 E.01673
;WIDTH:0.52349
G1 X115.937 Y118.055 E.01774
G1 X116.458 Y117.822 E.02281
;WIDTH:0.505658
G1 X116.952 Y117.451 E.02377
;WIDTH:0.506212
G1 X117.327 Y116.984 E.02307
;WIDTH:0.506762
G1 X117.564 Y116.456 E.02232
;WIDTH:0.510052
G1 X117.655 Y115.929 E.02077
;WIDTH:0.512582
G1 X117.601 Y115.33 E.02349
G1 X117.472 Y114.977 E.01468
;WIDTH:0.480834
G1 X117.344 Y114.624 E.01367
;LAYER_CHANGE
;Z:12.8
;HEIGHT:0.2
;BEFORE_LAYER_CHANGE
G92 E0
;12.8


G1 E-3.5 F3600
;WIPE_START
G1 F7200
G1 X117.472 Y114.977 E-.17836
G1 X117.601 Y115.33 E-.17852
G1 X117.655 Y115.929 E-.28568
G1 X117.564 Y116.456 E-.25403
G1 X117.327 Y116.984 E-.27491
G1 X116.952 Y117.451 E-.28449
G1 X116.878 Y117.507 E-.04401
;WIPE_END
G1 Z12.8 F9000
;AFTER_LAYER_CHANGE
;12.8
G1 X113.843 Y117.958
G1 E5 F2400
;TYPE:Perimeter
;WIDTH:0.439999
G1 F900
G1 X113.746 Y117.915 E.0035
G1 X113.298 Y117.421 E.02202
G1 X113.027 Y116.953 E.01786
G1 X112.856 Y116.425 E.01832
G1 X112.785 Y115.928 E.01658
G1 X112.815 Y115.434 E.01634
G1 X112.933 Y114.931 E.01706
G1 X113.224 Y114.351 E.02143
G1 X113.638 Y113.877 E.02078
G1 X114.142 Y113.534 E.02013
G1 X114.696 Y113.334 E.01945
G1 X115.231 Y113.283 E.01774
G1 X115.803 Y113.376 E.01913
G1 X116.304 Y113.597 E.01808
G1 X117.061 Y114.148 E.03091
G1 X117.273 Y114.385 E.0105
G1 X117.572 Y114.786 E.01652
G1 X117.763 Y115.312 E.01848
G1 X117.818 Y115.888 E.0191
G1 X117.724 Y116.48 E.01979
G1 X117.476 Y117.047 E.02043
G1 X117.198 Y117.42 E.01536
G1 X116.834 Y117.765 E.01656
G1 X116.422 Y118.018 E.01596
G1 X115.932 Y118.215 E.01744
G1 X115.391 Y118.304 E.0181
G1 X114.882 Y118.301 E.01681
G1 X114.354 Y118.188 E.01783
G1 X113.898 Y117.983 E.01651
G1 X113.656 Y118.314 F9000
G1 F900
G1 X113.509 Y118.24 E.00543
G1 X113.089 Y117.814 E.01975
G1 X112.743 Y117.266 E.0214
G1 X112.521 Y116.733 E.01906
G1 X112.406 Y116.123 E.0205
G1 X112.396 Y115.551 E.01889
G1 X112.51 Y114.968 E.01961
G1 X112.706 Y114.451 E.01826
G1 X113.014 Y113.973 E.01877
G1 X113.375 Y113.579 E.01764
G1 X113.819 Y113.263 E.01799
G1 X114.28 Y113.041 E.01689
G1 X114.758 Y112.922 E.01626
G1 X115.258 Y112.885 E.01655
G1 X115.917 Y112.993 E.02205
G1 X116.503 Y113.251 E.02114
G1 X117.329 Y113.851 E.03371
G1 X117.768 Y114.343 E.02177
G1 X117.974 Y114.715 E.01404
G1 X118.151 Y115.224 E.01779
G1 X118.216 Y115.9 E.02242
G1 X118.142 Y116.427 E.01757
G1 X117.984 Y116.928 E.01734
G1 X117.708 Y117.412 E.0184
G1 X117.361 Y117.833 E.01801
G1 X116.905 Y118.196 E.01924
G1 X116.41 Y118.468 E.01865
G1 X115.826 Y118.643 E.02013
G1 X115.248 Y118.714 E.01923
G1 X114.59 Y118.654 E.02182
G1 X114.044 Y118.508 E.01866
G1 X113.71 Y118.341 E.01233
G1 X113.475 Y118.656 F9000
;TYPE:External perimeter
;WIDTH:0.419999
G1 F900
G1 X113.278 Y118.558 E.0069
G1 X112.79 Y118.063 E.02179
G1 X112.4 Y117.446 E.02289
G1 X112.15 Y116.845 E.02041
G1 X112.021 Y116.163 E.02176
G1 X112.01 Y115.518 E.02023
G1 X112.138 Y114.863 E.02093
G1 X112.359 Y114.277 E.01964
G1 X112.707 Y113.737 E.02014
G1 X113.117 Y113.289 E.01904
G1 X113.622 Y112.93 E.01943
G1 X114.149 Y112.676 E.01834
G1 X114.76 Y112.53 E.0197
G1 X115.284 Y112.497 E.01646
G1 X116.028 Y112.619 E.02364
G1 X116.697 Y112.914 E.02292
G1 X117.59 Y113.562 E.03459
G1 X118.081 Y114.112 E.02312
G1 X118.353 Y114.615 E.01793
G1 X118.529 Y115.138 E.0173
G1 X118.597 Y115.705 E.01791
G1 X118.584 Y116.118 E.01296
G1 X118.478 Y116.7 E.01855
G1 X118.241 Y117.275 E.0195
G1 X117.915 Y117.794 E.01922
G1 X117.463 Y118.258 E.02031
G1 X116.953 Y118.63 E.01979
G1 X116.337 Y118.904 E.02114
G1 X115.707 Y119.064 E.02038
G1 X115.055 Y119.093 E.02046
G1 X114.525 Y119.036 E.01671
G1 X113.9 Y118.869 E.02028
G1 X113.529 Y118.683 E.01301
G1 E-3.5 F3600
;WIPE_START
G1 F7200
G1 X113.475 Y118.656 E-.02868
G1 X113.278 Y118.558 E-.10451
G1 X112.79 Y118.063 E-.33017
G1 X112.4 Y117.446 E-.34671
G1 X112.15 Y116.845 E-.30919
G1 X112.021 Y116.163 E-.32969
G1 X112.019 Y116.056 E-.05105
;WIPE_END
G1 X113.682 Y116.455 F9000
G1 E5 F2400
;TYPE:Internal infill
;WIDTH:0.44
G1 F900
G1 X113.572 Y115.876 E.01946
G1 X113.683 Y115.174 E.02347
G1 X114.031 Y114.608 E.02194
G1 X114.34 Y114.34 E.01351
G1 X116.726 Y116.726 E.11141
G1 X116.911 Y116.407 E.01218
G1 X117.281 Y115.268 E.03954
G1 X117.438 Y115.29 E.00523
G1 X117.2 Y114.761 E.01915
G1 X116.721 Y114.279 E.02244
G1 X113.978 Y117.022 E.12808
G1 X114.218 Y117.291 E.0119
G1 X114.986 Y117.519 E.02645
G1 X115.496 Y117.504 E.01685
G1 X116.156 Y117.271 E.02311
G1 X117.507 Y115.875 F9000
;TYPE:Solid infill
;WIDTH:0.489625
G1 F900
G1 X117.446 Y116.128 E.00967
;WIDTH:0.53017
G1 X117.385 Y116.38 E.0105
;WIDTH:0.545624
G1 X117.166 Y116.862 E.02213
G1 X116.83 Y117.296 E.02294
;WIDTH:0.539584
G1 X116.378 Y117.641 E.02348
;WIDTH:0.540296
G1 X115.835 Y117.87 E.02437
;WIDTH:0.540996
G1 X115.233 Y117.958 E.0252
;WIDTH:0.541934
G1 X114.6 Y117.89 E.02642
G1 X114.297 Y117.803 E.01308
;WIDTH:0.52184
G1 X113.866 Y117.553 E.01984
;WIDTH:0.50754
G1 X113.503 Y117.087 E.02282
;WIDTH:0.505526
G1 X113.246 Y116.513 E.02419
;WIDTH:0.505922
G1 X113.144 Y115.913 E.02343
;WIDTH:0.506424
G1 X113.192 Y115.337 E.02228
;WIDTH:0.509254
G1 X113.36 Y114.837 E.02045
;WIDTH:0.515654
G1 X113.681 Y114.35 E.02293
G1 X114.151 Y113.936 E.02462
;WIDTH:0.504838
G1 X114.295 Y113.835 E.00676
;LAYER_CHANGE
;Z:13
;HEIGHT:0.2
;BEFORE_LAYER_CHANGE
G92 E0
;13


G1 E-3.5 F3600
;WIPE_START
G1 F7200
G1 X114.151 Y113.936 E-.08355
G1 X113.681 Y114.35 E-.29751
G1 X113.36 Y114.837 E-.27706
G1 X113.192 Y115.337 E-.25055
G1 X113.144 Y115.913 E-.27455
G1 X113.246 Y116.513 E-.28909
G1 X113.27 Y116.566 E-.02769
;WIPE_END
G1 Z13 F9000
;AFTER_LAYER_CHANGE
;13
G1 X112.645 Y116.317
G1 E5 F2400
;TYPE:Perimeter
;WIDTH:0.439999
G1 F900
G1 X112.587 Y115.928 E.01299
G1 X112.624 Y115.366 E.0186
G1 X112.741 Y114.877 E.0166
G1 X112.96 Y114.409 E.01706
G1 X113.259 Y113.978 E.01732
G1 X113.616 Y113.643 E.01616
G1 X114.039 Y113.362 E.01677
G1 X114.639 Y113.143 E.02109
G1 X115.255 Y113.082 E.02044
G1 X115.847 Y113.176 E.01979
G1 X116.269 Y113.35 E.01507
G1 X116.685 Y113.631 E.01658
G1 X116.984 Y113.975 E.01505
G1 X117.259 Y114.403 E.0168
G1 X117.558 Y115.324 E.03197
G1 X117.595 Y116.14 E.02697
G1 X117.441 Y116.678 E.01848
G1 X117.147 Y117.176 E.01909
G1 X116.723 Y117.6 E.0198
G1 X116.189 Y117.913 E.02044
G1 X115.745 Y118.051 E.01535
G1 X115.248 Y118.117 E.01655
G1 X114.765 Y118.079 E.016
G1 X114.254 Y117.95 E.0174
G1 X113.764 Y117.704 E.0181
G1 X113.354 Y117.403 E.01679
G1 X112.993 Y117.001 E.01784
G1 X112.661 Y116.422 E.02204
G1 X112.654 Y116.376 E.00154
G1 X112.254 Y116.384 F9000
G1 F900
G1 X112.219 Y116.155 E.00765
G1 X112.193 Y115.708 E.01478
G1 X112.256 Y115.14 E.01887
G1 X112.452 Y114.54 E.02084
G1 X112.721 Y114.03 E.01904
G1 X113.107 Y113.567 E.0199
G1 X113.532 Y113.203 E.01848
G1 X114.039 Y112.929 E.01903
G1 X114.551 Y112.755 E.01785
G1 X115.099 Y112.69 E.01822
G1 X115.619 Y112.718 E.01719
G1 X116.111 Y112.849 E.01681
G1 X116.582 Y113.064 E.01709
G1 X117.088 Y113.458 E.02117
G1 X117.4 Y113.866 E.01696
G1 X117.627 Y114.253 E.01481
G1 X117.949 Y115.241 E.03431
G1 X117.981 Y115.562 E.01065
G1 X117.999 Y116.079 E.01708
G1 X117.919 Y116.521 E.01483
G1 X117.726 Y116.993 E.01684
G1 X117.462 Y117.42 E.01658
G1 X117.093 Y117.803 E.01756
G1 X116.67 Y118.115 E.01735
G1 X116.162 Y118.344 E.0184
G1 X115.635 Y118.482 E.01799
G1 X115.052 Y118.507 E.01927
G1 X114.492 Y118.436 E.01864
G1 X113.916 Y118.234 E.02015
G1 X113.407 Y117.952 E.01921
G1 X112.91 Y117.517 E.02181
G1 X112.554 Y117.078 E.01866
G1 X112.279 Y116.547 E.01974
G1 X112.263 Y116.444 E.00344
G1 X111.873 Y116.45 F9000
;TYPE:External perimeter
;WIDTH:0.419999
G1 F900
G1 X111.801 Y115.98 E.01491
G1 X111.836 Y115.335 E.02025
G1 X111.945 Y114.813 E.01672
G1 X112.174 Y114.202 E.02046
G1 X112.543 Y113.625 E.02147
G1 X112.972 Y113.151 E.02005
G1 X113.508 Y112.767 E.02067
G1 X114.065 Y112.495 E.01944
G1 X114.68 Y112.342 E.01987
G1 X115.279 Y112.297 E.01883
G1 X115.885 Y112.38 E.01918
G1 X116.436 Y112.554 E.01812
G1 X116.973 Y112.863 E.01943
G1 X117.373 Y113.194 E.01628
G1 X117.708 Y113.631 E.01726
G1 X117.987 Y114.106 E.01727
G1 X118.329 Y115.161 E.03477
G1 X118.373 Y115.584 E.01333
G1 X118.372 Y116.259 E.02116
G1 X118.224 Y116.818 E.01813
G1 X117.988 Y117.333 E.01776
G1 X117.632 Y117.813 E.01874
G1 X117.204 Y118.221 E.01854
G1 X116.674 Y118.547 E.01951
G1 X116.106 Y118.775 E.01919
G1 X115.467 Y118.885 E.02033
G1 X114.836 Y118.886 E.01978
G1 X114.176 Y118.745 E.02116
G1 X113.572 Y118.505 E.02038
G1 X113.028 Y118.146 E.02044
G1 X112.633 Y117.787 E.01674
G1 X112.225 Y117.285 E.02028
G1 X111.906 Y116.668 E.02178
G1 X111.882 Y116.51 E.00501
G1 X113.465 Y116.29 F9000
;TYPE:Internal infill
;WIDTH:0.44
G1 F900
G1 X113.373 Y115.894 E.01342
G1 X113.492 Y115.117 E.02595
G1 X113.719 Y114.671 E.01652
G1 X114.192 Y114.192 E.02223
G1 X116.662 Y116.662 E.11533
G1 X116.109 Y117.063 E.02255
G1 X115.651 Y117.266 E.01654
G1 X115.016 Y117.322 E.02105
G1 X114.547 Y117.218 E.01586
G1 X114.05 Y116.95 E.01864
G1 X116.783 Y114.217 E.12761
G1 X116.975 Y114.519 E.01182
G1 X117.257 Y115.387 E.03013
G1 X117.31 Y115.902 E.01709
G1 X117.184 Y116.462 E.01895
G1 X116.903 Y116.983 F9000
;TYPE:Solid infill
;WIDTH:0.489631
G1 F900
G1 X116.705 Y117.151 E.00965
;WIDTH:0.53017
G1 X116.507 Y117.32 E.01055
;WIDTH:0.545622
G1 X116.047 Y117.581 E.02211
G1 X115.521 Y117.735 E.02291
;WIDTH:0.539586
G1 X114.952 Y117.748 E.0235
;WIDTH:0.540294
G1 X114.378 Y117.614 E.02438
;WIDTH:0.540998
G1 X113.839 Y117.332 E.02519
;WIDTH:0.541936
G1 X113.367 Y116.904 E.02644
G1 X113.173 Y116.657 E.01303
;WIDTH:0.521838
G1 X112.971 Y116.201 E.01986
;WIDTH:0.507538
G1 X112.952 Y115.61 E.02284
;WIDTH:0.505528
G1 X113.081 Y114.995 E.02417
;WIDTH:0.505918
G1 X113.352 Y114.449 E.02347
;WIDTH:0.525636
G1 X113.721 Y114.005 E.02317
G1 X114.155 Y113.702 E.02125
;WIDTH:0.530682
G1 X114.701 Y113.493 E.02371
G1 X115.366 Y113.44 E.02706
;WIDTH:0.519588
G1 X115.563 Y113.457 E.00784
;WIDTH:0.483435
G1 X115.76 Y113.474 E.00724
;LAYER_CHANGE
;Z:13.2
;HEIGHT:0.2
;BEFORE_LAYER_CHANGE
G92 E0
;13.2


G1 E-3.5 F3600
;WIPE_START
G1 F7200
G1 X115.563 Y113.457 E-.09392
G1 X115.366 Y113.44 E-.09392
G1 X114.701 Y113.493 E-.31688
G1 X114.155 Y113.702 E-.2777
G1 X113.721 Y114.005 E-.25142
G1 X113.352 Y114.449 E-.27423
G1 X113.173 Y114.811 E-.19193
;WIPE_END
G1 Z13.2 F9000
;AFTER_LAYER_CHANGE
;13.2
G1 X112.715 Y114.485
G1 E5 F2400
;TYPE:Perimeter
;WIDTH:0.439999
G1 F900
G1 X112.993 Y113.999 E.01849
G1 X113.354 Y113.597 E.01784
G1 X113.804 Y113.271 E.01835
G1 X114.254 Y113.05 E.01655
G1 X114.734 Y112.926 E.01637
G1 X115.248 Y112.883 E.01703
G1 X115.89 Y112.981 E.02144
G1 X116.468 Y113.228 E.02075
G1 X116.95 Y113.6 E.0201
G1 X117.311 Y114.066 E.01946
G1 X117.536 Y114.589 E.0188
G1 X117.597 Y115.139 E.01827
G1 X117.568 Y115.647 E.0168
G1 X117.269 Y116.567 E.03194
G1 X117.109 Y116.842 E.0105
G1 X116.819 Y117.25 E.01653
G1 X116.378 Y117.594 E.01847
G1 X115.847 Y117.824 E.01911
G1 X115.256 Y117.918 E.01976
G1 X114.639 Y117.857 E.02047
G1 X114.199 Y117.708 E.01534
G1 X113.758 Y117.469 E.01656
G1 X113.39 Y117.155 E.01597
G1 X113.052 Y116.75 E.01742
G1 X112.8 Y116.263 E.0181
G1 X112.645 Y115.778 E.01681
G1 X112.59 Y115.241 E.01782
G1 X112.661 Y114.578 E.02202
G1 X112.685 Y114.537 E.00157
G1 X112.354 Y114.308 F9000
G1 F900
G1 X112.554 Y113.922 E.01435
G1 X112.968 Y113.424 E.02138
G1 X113.407 Y113.048 E.01908
G1 X113.951 Y112.75 E.02048
G1 X114.492 Y112.564 E.01889
G1 X115.082 Y112.492 E.01962
G1 X115.635 Y112.519 E.01828
G1 X116.184 Y112.664 E.01875
G1 X116.67 Y112.885 E.01763
G1 X117.107 Y113.209 E.01796
G1 X117.462 Y113.58 E.01695
G1 X117.725 Y114.004 E.01647
G1 X117.919 Y114.479 E.01694
G1 X117.998 Y115.295 E.02707
G1 X117.954 Y115.741 E.0148
G1 X117.633 Y116.73 E.03433
G1 X117.302 Y117.3 E.02176
G1 X116.857 Y117.748 E.02085
G1 X116.423 Y118.017 E.01686
G1 X115.959 Y118.206 E.01654
G1 X115.435 Y118.3 E.01758
G1 X114.91 Y118.303 E.01733
G1 X114.364 Y118.19 E.01841
G1 X113.856 Y117.991 E.01801
G1 X113.37 Y117.669 E.01925
G1 X112.959 Y117.283 E.01862
G1 X112.611 Y116.781 E.02017
G1 X112.365 Y116.254 E.0192
G1 X112.219 Y115.61 E.0218
G1 X112.189 Y115.045 E.01868
G1 X112.279 Y114.453 E.01977
G1 X112.327 Y114.361 E.00343
G1 X112.007 Y114.137 F9000
;TYPE:External perimeter
;WIDTH:0.419999
G1 F900
G1 X112.225 Y113.715 E.01489
G1 X112.504 Y113.345 E.01453
G1 X112.98 Y112.892 E.0206
G1 X113.397 Y112.601 E.01594
G1 X113.981 Y112.313 E.02042
G1 X114.636 Y112.147 E.02119
G1 X115.267 Y112.098 E.01984
G1 X115.912 Y112.183 E.0204
G1 X116.499 Y112.365 E.01927
G1 X117.044 Y112.671 E.0196
G1 X117.506 Y113.045 E.01864
G1 X117.886 Y113.517 E.019
G1 X118.163 Y114.012 E.01779
G1 X118.323 Y114.518 E.01664
G1 X118.385 Y115.285 E.02413
G1 X118.331 Y115.833 E.01727
G1 X117.988 Y116.889 E.03481
G1 X117.618 Y117.526 E.0231
G1 X117.377 Y117.802 E.01149
G1 X116.928 Y118.168 E.01816
G1 X116.436 Y118.446 E.01772
G1 X115.865 Y118.624 E.01875
G1 X115.279 Y118.703 E.01854
G1 X114.659 Y118.655 E.0195
G1 X114.065 Y118.505 E.01921
G1 X113.484 Y118.219 E.0203
G1 X112.972 Y117.849 E.01981
G1 X112.521 Y117.348 E.02114
G1 X112.174 Y116.798 E.02039
G1 X111.945 Y116.187 E.02046
G1 X111.836 Y115.665 E.01672
G1 X111.801 Y115.02 E.02025
G1 X111.906 Y114.332 E.02182
G1 X111.979 Y114.19 E.00501
G1 X113.465 Y114.71 F9000
;TYPE:Internal infill
;WIDTH:0.44
G1 F900
G1 X113.373 Y115.106 E.01342
G1 X113.492 Y115.883 E.02595
G1 X113.719 Y116.329 E.01652
G1 X114.192 Y116.808 E.02223
G1 X116.662 Y114.338 E.11533
G1 X116.109 Y113.937 E.02255
G1 X115.691 Y113.752 E.01509
G1 X115.016 Y113.678 E.02242
G1 X114.547 Y113.782 E.01586
G1 X114.05 Y114.05 E.01864
G1 X116.787 Y116.787 E.1278
G1 X116.988 Y116.441 E.01321
G1 X117.27 Y115.574 E.0301
G1 X117.284 Y114.866 E.02338
G1 X117.183 Y114.539 E.0113
G1 X116.704 Y113.837 F9000
;TYPE:Solid infill
;WIDTH:0.512976
G1 F900
G1 X116.294 Y113.544 E.0197
;WIDTH:0.515848
G1 X115.832 Y113.342 E.01983
G1 X115.248 Y113.244 E.02329
;WIDTH:0.523722
G1 X114.708 Y113.283 E.02164
G1 X114.153 Y113.478 E.02352
;WIDTH:0.51827
G1 X113.636 Y113.82 E.0245
;WIDTH:0.519638
G1 X113.207 Y114.296 E.0254
G1 X112.974 Y114.773 E.02104
;WIDTH:0.525812
G1 X112.941 Y115.378 E.02433
G1 X113.069 Y115.996 E.02534
;WIDTH:0.523526
G1 X113.337 Y116.545 E.02441
G1 X113.722 Y116.994 E.02364
G1 X114.19 Y117.32 E.02279
;WIDTH:0.545622
G1 X114.719 Y117.506 E.02344
G1 X115.245 Y117.565 E.02212
;WIDTH:0.53017
G1 X115.504 Y117.544 E.01053
;WIDTH:0.489629
G1 X115.764 Y117.524 E.00969
;LAYER_CHANGE
;Z:13.4
;HEIGHT:0.2
;BEFORE_LAYER_CHANGE
G92 E0
;13.4


G1 E-3.5 F3600
;WIPE_START
G1 F7200
G1 X115.504 Y117.544 E-.12386
G1 X115.245 Y117.565 E-.12343
G1 X114.719 Y117.506 E-.25142
G1 X114.19 Y117.32 E-.26635
G1 X113.722 Y116.994 E-.27092
G1 X113.337 Y116.545 E-.28094
G1 X113.168 Y116.199 E-.18308
;WIPE_END
G1 Z13.4 F9000
;AFTER_LAYER_CHANGE
;13.4
G1 X113.674 Y113.165
G1 E5 F2400
;TYPE:Perimeter
;WIDTH:0.439999
G1 F900
G1 X113.746 Y113.085 E.00355
G1 X114.354 Y112.812 E.02201
G1 X114.873 Y112.7 E.01753
G1 X115.434 Y112.701 E.01852
G1 X115.932 Y112.785 E.01667
G1 X116.393 Y112.967 E.01636
G1 X116.834 Y113.235 E.01704
G1 X117.296 Y113.691 E.02143
G1 X117.619 Y114.231 E.02078
G1 X117.79 Y114.816 E.02012
G1 X117.814 Y115.249 E.01432
G1 X117.782 Y115.567 E.01055
G1 X117.643 Y116.05 E.01659
G1 X117.409 Y116.44 E.01502
G1 X117.086 Y116.834 E.01682
G1 X116.304 Y117.403 E.03193
G1 X116.013 Y117.531 E.0105
G1 X115.539 Y117.691 E.01652
G1 X114.98 Y117.71 E.01847
G1 X114.415 Y117.585 E.01911
G1 X113.881 Y117.312 E.0198
G1 X113.418 Y116.901 E.02044
G1 X113.15 Y116.522 E.01533
G1 X112.933 Y116.069 E.01658
G1 X112.82 Y115.598 E.01599
G1 X112.785 Y115.072 E.01741
G1 X112.867 Y114.529 E.01813
G1 X113.027 Y114.047 E.01677
G1 X113.298 Y113.579 E.01786
G1 X113.634 Y113.209 E.0165
G1 X113.394 Y112.877 F9000
G1 F900
G1 X113.509 Y112.76 E.00542
G1 X113.863 Y112.582 E.01308
G1 X114.28 Y112.42 E.01477
G1 X114.835 Y112.304 E.01872
G1 X115.466 Y112.305 E.02083
G1 X116.039 Y112.402 E.01919
G1 X116.599 Y112.626 E.01991
G1 X117.076 Y112.919 E.01848
G1 X117.494 Y113.316 E.01903
G1 X117.818 Y113.749 E.01786
G1 X118.048 Y114.25 E.0182
G1 X118.183 Y114.753 E.0172
G1 X118.21 Y115.262 E.01683
G1 X118.151 Y115.776 E.01708
G1 X117.932 Y116.379 E.02118
G1 X117.641 Y116.802 E.01695
G1 X117.344 Y117.138 E.01481
G1 X116.503 Y117.749 E.03432
G1 X115.9 Y118.015 E.02176
G1 X115.277 Y118.116 E.02084
G1 X114.768 Y118.079 E.01685
G1 X114.28 Y117.959 E.01659
G1 X113.802 Y117.727 E.01754
G1 X113.375 Y117.421 E.01734
G1 X113 Y117.009 E.01839
G1 X112.706 Y116.549 E.01803
G1 X112.502 Y116.003 E.01924
G1 X112.396 Y115.449 E.01862
G1 X112.41 Y114.838 E.02018
G1 X112.521 Y114.267 E.01921
G1 X112.781 Y113.66 E.0218
G1 X113.089 Y113.186 E.01866
G1 X113.352 Y112.919 E.01237
G1 X113.124 Y112.599 F9000
;TYPE:External perimeter
;WIDTH:0.419999
G1 F900
G1 X113.278 Y112.442 E.0069
G1 X113.69 Y112.236 E.01444
G1 X114.167 Y112.049 E.01606
G1 X114.797 Y111.918 E.02018
G1 X115.497 Y111.919 E.02195
G1 X116.144 Y112.029 E.02058
G1 X116.772 Y112.28 E.0212
G1 X117.312 Y112.611 E.01986
G1 X117.783 Y113.059 E.02038
G1 X118.151 Y113.551 E.01926
G1 X118.412 Y114.119 E.0196
G1 X118.566 Y114.692 E.0186
G1 X118.591 Y115.48 E.02472
G1 X118.463 Y116.086 E.01942
G1 X118.272 Y116.569 E.01629
G1 X117.96 Y117.022 E.01725
G1 X117.595 Y117.434 E.01726
G1 X116.697 Y118.086 E.03479
G1 X116.022 Y118.384 E.02313
G1 X115.666 Y118.466 E.01145
G1 X115.088 Y118.498 E.01815
G1 X114.526 Y118.433 E.01774
G1 X113.959 Y118.242 E.01876
G1 X113.439 Y117.961 E.01853
G1 X112.965 Y117.558 E.01951
G1 X112.572 Y117.088 E.01921
G1 X112.271 Y116.515 E.02029
G1 X112.075 Y115.914 E.01982
G1 X112.004 Y115.244 E.02112
G1 X112.046 Y114.595 E.02039
G1 X112.22 Y113.967 E.02043
G1 X112.439 Y113.48 E.01674
G1 X112.79 Y112.937 E.02027
G1 X113.082 Y112.642 E.01301
G1 X113.681 Y114.546 F9000
;TYPE:Internal infill
;WIDTH:0.44
G1 F900
G1 X113.572 Y115.124 E.01942
G1 X113.683 Y115.826 E.02347
G1 X113.867 Y116.189 E.01344
G1 X114.336 Y116.664 E.02204
G1 X116.724 Y114.276 E.1115
G1 X116.898 Y114.551 E.01074
G1 X117.281 Y115.732 E.04099
G1 X117.438 Y115.71 E.00523
G1 X117.316 Y116.036 E.01149
G1 X117.008 Y116.482 E.0179
G1 X116.721 Y116.721 E.01233
G1 X113.978 Y113.978 E.12808
G1 X114.218 Y113.709 E.0119
G1 X114.982 Y113.481 E.02632
G1 X115.742 Y113.551 E.0252
G1 X116.157 Y113.73 E.01492
G1 E-3.5 F3600
;WIPE_START
G1 F7200
G1 X115.742 Y113.551 E-.21468
G1 X114.982 Y113.481 E-.36253
G1 X114.218 Y113.709 E-.37872
G1 X113.978 Y113.978 E-.17124
G1 X114.533 Y114.533 E-.37283
;WIPE_END
G1 X114.522 Y117.291 F9000
G1 E5 F2400
;TYPE:Solid infill
;WIDTH:0.488839
G1 F900
G1 X114.301 Y117.156 E.0096
;WIDTH:0.526922
G1 X114.079 Y117.022 E.01044
;WIDTH:0.545538
G1 X113.69 Y116.664 E.02209
G1 X113.392 Y116.244 E.02152
;WIDTH:0.519432
G1 X113.199 Y115.722 E.02205
G1 X113.136 Y115.135 E.02339
G1 X113.226 Y114.531 E.0242
;WIDTH:0.519532
G1 X113.473 Y113.951 E.02498
G1 X113.866 Y113.446 E.02536
;WIDTH:0.522558
G1 X114.315 Y113.188 E.02065
;WIDTH:0.52409
G1 X114.906 Y113.049 E.02429
G1 X115.413 Y113.049 E.02028
;WIDTH:0.522344
G1 X115.895 Y113.143 E.01958
;WIDTH:0.523446
G1 X116.372 Y113.348 E.02074
G1 X116.795 Y113.666 E.02114
;WIDTH:0.530942
G1 X117.173 Y114.134 E.02441
G1 X117.385 Y114.62 E.02152
G1 X117.445 Y114.872 E.01051
;WIDTH:0.49013
G1 X117.506 Y115.125 E.00968
;LAYER_CHANGE
;Z:13.6
;HEIGHT:0.200001
;BEFORE_LAYER_CHANGE
G92 E0
;13.6


G1 E-3.5 F3600
;WIPE_START
G1 F7200
G1 X117.445 Y114.872 E-.12362
G1 X117.385 Y114.62 E-.12305
G1 X117.173 Y114.134 E-.25186
G1 X116.795 Y113.666 E-.28575
G1 X116.372 Y113.348 E-.25137
G1 X115.895 Y113.143 E-.24661
G1 X115.445 Y113.055 E-.21774
;WIPE_END
G1 Z13.6 F9000
;AFTER_LAYER_CHANGE
;13.6
G1 X115.605 Y112.533
G1 E5 F2400
;TYPE:Perimeter
;WIDTH:0.439999
G1 F900
G1 X115.993 Y112.597 E.01298
G1 X116.516 Y112.806 E.0186
G1 X116.945 Y113.069 E.01661
G1 X117.322 Y113.421 E.01703
G1 X117.64 Y113.84 E.01737
G1 X117.849 Y114.282 E.01614
G1 X117.985 Y114.771 E.01676
G1 X118.008 Y115.41 E.02111
G1 X117.875 Y116.015 E.02045
G1 X117.603 Y116.549 E.01979
G1 X117.307 Y116.896 E.01506
G1 X116.911 Y117.205 E.01658
G1 X116.491 Y117.382 E.01505
G1 X115.999 Y117.512 E.0168
G1 X115.032 Y117.512 E.03193
G1 X114.721 Y117.445 E.0105
G1 X114.244 Y117.295 E.01651
G1 X113.78 Y116.982 E.01848
G1 X113.397 Y116.549 E.01909
G1 X113.125 Y116.015 E.01979
G1 X112.992 Y115.41 E.02045
G1 X112.998 Y114.945 E.01535
G1 X113.089 Y114.452 E.01655
G1 X113.274 Y114.004 E.016
G1 X113.555 Y113.558 E.0174
G1 X113.94 Y113.167 E.01812
G1 X114.353 Y112.871 E.01678
G1 X114.847 Y112.652 E.01784
G1 X115.5 Y112.515 E.02203
G1 X115.546 Y112.523 E.00154
G1 X115.662 Y112.14 F9000
G1 F900
G1 X116.091 Y112.211 E.01436
G1 X116.692 Y112.45 E.02135
G1 X117.186 Y112.751 E.0191
G1 X117.637 Y113.177 E.02048
G1 X117.981 Y113.634 E.01889
G1 X118.232 Y114.173 E.01963
G1 X118.377 Y114.707 E.01827
G1 X118.404 Y115.446 E.02442
G1 X118.296 Y115.987 E.01821
G1 X118.109 Y116.473 E.01719
G1 X117.833 Y116.901 E.01681
G1 X117.482 Y117.282 E.0171
G1 X116.951 Y117.641 E.02116
G1 X116.467 Y117.812 E.01695
G1 X116.029 Y117.909 E.01481
G1 X114.99 Y117.909 E.0343
G1 X114.345 Y117.77 E.02179
G1 X113.782 Y117.485 E.02083
G1 X113.392 Y117.156 E.01685
G1 X113.068 Y116.772 E.01659
G1 X112.817 Y116.303 E.01756
G1 X112.651 Y115.805 E.01733
G1 X112.591 Y115.251 E.0184
G1 X112.623 Y114.707 E.01799
G1 X112.779 Y114.145 E.01926
G1 X113.019 Y113.634 E.01864
G1 X113.389 Y113.149 E.02014
G1 X113.814 Y112.751 E.01922
G1 X114.382 Y112.414 E.02181
G1 X114.909 Y112.211 E.01865
G1 X115.5 Y112.113 E.01978
G1 X115.603 Y112.13 E.00345
G1 X115.717 Y111.756 F9000
;TYPE:External perimeter
;WIDTH:0.419999
G1 F900
G1 X116.186 Y111.834 E.01491
G1 X116.864 Y112.103 E.02287
G1 X117.42 Y112.442 E.02042
G1 X117.925 Y112.919 E.02178
G1 X118.313 Y113.434 E.02022
G1 X118.595 Y114.039 E.02093
G1 X118.76 Y114.644 E.01966
G1 X118.796 Y115.262 E.01941
G1 X118.757 Y115.696 E.01366
G1 X118.614 Y116.28 E.01885
G1 X118.348 Y116.83 E.01916
G1 X118.012 Y117.3 E.01811
G1 X117.553 Y117.716 E.01942
G1 X117.115 Y117.994 E.01627
G1 X116.595 Y118.177 E.01728
G1 X116.058 Y118.296 E.01725
G1 X114.948 Y118.296 E.0348
G1 X114.228 Y118.14 E.0231
G1 X113.891 Y117.997 E.01148
G1 X113.404 Y117.683 E.01817
G1 X112.988 Y117.3 E.01773
G1 X112.642 Y116.813 E.01873
G1 X112.386 Y116.28 E.01854
G1 X112.24 Y115.675 E.01951
G1 X112.198 Y115.064 E.0192
G1 X112.291 Y114.423 E.02031
G1 X112.485 Y113.822 E.0198
G1 X112.822 Y113.238 E.02114
G1 X113.238 Y112.738 E.02039
G1 X113.748 Y112.331 E.02046
G1 X114.211 Y112.067 E.01671
G1 X114.814 Y111.834 E.02027
G1 X115.5 Y111.721 E.0218
G1 X115.658 Y111.747 E.00502
G1 X116.19 Y113.524 F9000
;TYPE:Internal infill
;WIDTH:0.44
G1 F900
G1 X115.516 Y113.297 E.02348
G1 X115.217 Y113.356 E.01006
G1 X114.515 Y113.709 E.02594
G1 X114.121 Y114.121 E.01882
G1 X116.868 Y116.868 E.12827
G1 X116.143 Y117.181 E.02607
G1 X115.064 Y117.206 E.03564
G1 X114.559 Y117.097 E.01706
G1 X114.132 Y116.868 E.016
G1 X116.879 Y114.121 E.12827
G1 X117.161 Y114.696 E.02115
G1 X117.214 Y115.402 E.02338
G1 X116.918 Y116.385 E.0339
G1 E-3.5 F3600
;WIPE_START
G1 F7200
G1 X117.214 Y115.402 E-.48763
G1 X117.161 Y114.696 E-.33629
G1 X116.879 Y114.121 E-.3042
G1 X116.325 Y114.675 E-.37188
;WIPE_END
G1 X113.656 Y116.376 F9000
G1 E5 F2400
;TYPE:Solid infill
;WIDTH:0.489627
G1 F900
G1 X113.557 Y116.136 E.00964
;WIDTH:0.53017
G1 X113.458 Y115.896 E.01052
;WIDTH:0.545628
G1 X113.351 Y115.377 E.02215
G1 X113.368 Y114.829 E.02292
;WIDTH:0.539586
G1 X113.531 Y114.284 E.02349
;WIDTH:0.540292
G1 X113.836 Y113.78 E.02436
;WIDTH:0.540998
G1 X114.271 Y113.354 E.02522
;WIDTH:0.541936
G1 X114.824 Y113.037 E.02645
G1 X115.119 Y112.93 E.01302
;WIDTH:0.521836
G1 X115.615 Y112.878 E.01986
;WIDTH:0.50755
G1 X116.183 Y113.043 E.02285
;WIDTH:0.50553
G1 X116.728 Y113.356 E.02418
;WIDTH:0.505918
G1 X117.163 Y113.782 E.02344
;WIDTH:0.50642
G1 X117.463 Y114.275 E.02224
;WIDTH:0.509254
G1 X117.621 Y114.779 E.02048
;WIDTH:0.511052
G1 X117.647 Y115.401 E.02423
;WIDTH:0.52153
G1 X117.611 Y115.669 E.01076
G1 X117.451 Y116.138 E.01972
;LAYER_CHANGE
;Z:13.8
;HEIGHT:0.2
;BEFORE_LAYER_CHANGE
G92 E0
;13.8


G1 E-3.5 F3600
;WIPE_START
G1 F7200
G1 X117.611 Y115.669 E-.23538
G1 X117.647 Y115.401 E-.12844
G1 X117.621 Y114.779 E-.29571
G1 X117.463 Y114.275 E-.25089
G1 X117.163 Y113.782 E-.27412
G1 X116.728 Y113.356 E-.2892
G1 X116.68 Y113.328 E-.02626
;WIPE_END
G1 Z13.8 F9000
;AFTER_LAYER_CHANGE
;13.8
G1 X117.329 Y113.161
G1 E5 F2400
;TYPE:Perimeter
;WIDTH:0.439999
G1 F900
G1 X117.487 Y113.321 E.00742
G1 X117.804 Y113.726 E.01698
G1 X118.045 Y114.241 E.01877
G1 X118.179 Y114.726 E.01661
G1 X118.208 Y115.415 E.02277
G1 X118.116 Y115.895 E.01614
G1 X117.938 Y116.371 E.01678
G1 X117.582 Y116.901 E.02108
G1 X117.119 Y117.312 E.02044
G1 X116.585 Y117.585 E.0198
G1 X116.02 Y117.71 E.01911
G1 X115.492 Y117.694 E.01744
G1 X114.947 Y117.532 E.01877
G1 X114.438 Y117.224 E.01964
G1 X113.943 Y116.856 E.02037
G1 X113.727 Y116.615 E.01069
G1 X113.428 Y116.214 E.01652
G1 X113.237 Y115.688 E.01848
G1 X113.182 Y115.112 E.0191
G1 X113.276 Y114.52 E.01979
G1 X113.524 Y113.953 E.02043
G1 X113.802 Y113.58 E.01536
G1 X114.166 Y113.235 E.01656
G1 X114.579 Y112.982 E.01599
G1 X115.068 Y112.785 E.01741
G1 X115.563 Y112.7 E.01658
G1 X116.068 Y112.698 E.01667
G1 X116.646 Y112.812 E.01945
G1 X117.254 Y113.085 E.02201
G1 X117.287 Y113.119 E.00156
G1 X117.606 Y112.877 F9000
G1 F900
G1 X117.769 Y113.042 E.00766
G1 X118.144 Y113.519 E.02003
G1 X118.417 Y114.102 E.02125
G1 X118.571 Y114.66 E.01911
G1 X118.609 Y115.236 E.01906
G1 X118.573 Y115.657 E.01395
G1 X118.442 Y116.201 E.01847
G1 X118.193 Y116.722 E.01907
G1 X117.881 Y117.163 E.01784
G1 X117.475 Y117.538 E.01825
G1 X117.039 Y117.821 E.01716
G1 X116.564 Y118.004 E.01681
G1 X116.056 Y118.106 E.01711
G1 X115.415 Y118.085 E.02118
G1 X114.785 Y117.898 E.0217
G1 X114.216 Y117.554 E.02195
G1 X113.673 Y117.151 E.02233
G1 X113.232 Y116.657 E.02186
G1 X112.943 Y116.096 E.02084
G1 X112.821 Y115.601 E.01683
G1 X112.784 Y115.1 E.01659
G1 X112.858 Y114.573 E.01757
G1 X113.016 Y114.072 E.01734
G1 X113.292 Y113.589 E.01837
G1 X113.639 Y113.167 E.01804
G1 X114.095 Y112.804 E.01924
G1 X114.59 Y112.532 E.01865
G1 X115.174 Y112.357 E.02013
G1 X115.751 Y112.286 E.01919
G1 X116.398 Y112.347 E.02146
G1 X116.956 Y112.492 E.01904
G1 X117.491 Y112.76 E.01976
G1 X117.564 Y112.834 E.00343
G1 X117.876 Y112.599 F9000
;TYPE:External perimeter
;WIDTH:0.419999
G1 F900
G1 X118.21 Y112.937 E.0149
G1 X118.561 Y113.48 E.02027
G1 X118.78 Y113.967 E.01674
G1 X118.954 Y114.595 E.02043
G1 X118.995 Y115.279 E.02148
G1 X118.925 Y115.914 E.02003
G1 X118.719 Y116.54 E.02066
G1 X118.428 Y117.088 E.01945
G1 X118.02 Y117.573 E.01987
G1 X117.561 Y117.961 E.01884
G1 X117.022 Y118.25 E.01918
G1 X116.474 Y118.433 E.01811
G1 X115.858 Y118.499 E.01942
G1 X115.34 Y118.467 E.01627
G1 X114.628 Y118.255 E.02329
G1 X114 Y117.876 E.023
G1 X113.411 Y117.438 E.02301
G1 X112.919 Y116.888 E.02314
G1 X112.73 Y116.574 E.01149
G1 X112.522 Y116.034 E.01814
G1 X112.409 Y115.48 E.01773
G1 X112.416 Y114.882 E.01875
G1 X112.522 Y114.3 E.01855
G1 X112.759 Y113.725 E.0195
G1 X113.085 Y113.206 E.01922
G1 X113.537 Y112.743 E.02029
G1 X114.047 Y112.37 E.01981
G1 X114.663 Y112.096 E.02114
G1 X115.293 Y111.936 E.02038
G1 X115.955 Y111.908 E.02078
G1 X116.458 Y111.965 E.01587
G1 X117.1 Y112.131 E.02079
G1 X117.722 Y112.442 E.0218
G1 X117.834 Y112.556 E.00501
G1 E-3.5 F3600
;WIPE_START
G1 F7200
G1 X117.876 Y112.599 E-.02855
G1 X118.21 Y112.937 E-.22571
G1 X118.561 Y113.48 E-.30712
G1 X118.78 Y113.967 E-.25364
G1 X118.954 Y114.595 E-.30954
G1 X118.995 Y115.279 E-.32548
G1 X118.984 Y115.384 E-.04996
;WIPE_END
G1 X117.319 Y114.547 F9000
G1 E5 F2400
;TYPE:Internal infill
;WIDTH:0.44
G1 F900
G1 X117.428 Y115.124 E.01939
G1 X117.317 Y115.826 E.02347
G1 X116.944 Y116.428 E.02338
G1 X116.662 Y116.662 E.0121
G1 X114.274 Y114.274 E.1115
G1 X114.089 Y114.593 E.01218
G1 X113.719 Y115.732 E.03954
G1 X113.562 Y115.71 E.00523
G1 X113.8 Y116.239 E.01915
G1 X114.276 Y116.724 E.02244
G1 X117.022 Y113.978 E.12822
G1 X116.782 Y113.709 E.0119
G1 X116.014 Y113.481 E.02645
G1 X115.5 Y113.497 E.01698
G1 X114.843 Y113.73 E.02302
G1 X113.493 Y115.125 F9000
;TYPE:Solid infill
;WIDTH:0.489626
G1 F900
G1 X113.554 Y114.872 E.00967
;WIDTH:0.530172
G1 X113.615 Y114.62 E.0105
;WIDTH:0.545622
G1 X113.834 Y114.138 E.02213
G1 X114.17 Y113.704 E.02294
;WIDTH:0.539584
G1 X114.622 Y113.359 E.02348
;WIDTH:0.540614
G1 X115.165 Y113.13 E.02439
;WIDTH:0.54096
G1 X115.765 Y113.042 E.02511
;WIDTH:0.541442
G1 X116.407 Y113.112 E.02677
G1 X116.703 Y113.197 E.01277
;WIDTH:0.521836
G1 X117.134 Y113.447 E.01984
;WIDTH:0.50754
G1 X117.497 Y113.913 E.02282
;WIDTH:0.505524
G1 X117.754 Y114.487 E.02419
;WIDTH:0.505916
G1 X117.856 Y115.087 E.02343
;WIDTH:0.506424
G1 X117.808 Y115.663 E.02228
;WIDTH:0.509256
G1 X117.64 Y116.163 E.02045
;WIDTH:0.51105
G1 X117.295 Y116.682 E.02426
;WIDTH:0.521528
G1 X117.108 Y116.877 E.01075
G1 X116.703 Y117.163 E.01973
;LAYER_CHANGE
;Z:14
;HEIGHT:0.2
;BEFORE_LAYER_CHANGE
G92 E0
;14


G1 E-3.5 F3600
;WIPE_START
G1 F7200
G1 X117.108 Y116.877 E-.23551
G1 X117.295 Y116.682 E-.12833
G1 X117.64 Y116.163 E-.29602
G1 X117.808 Y115.663 E-.25055
G1 X117.856 Y115.087 E-.27455
G1 X117.754 Y114.487 E-.28909
G1 X117.732 Y114.437 E-.02595
;WIPE_END
G1 Z14 F9000
;AFTER_LAYER_CHANGE
;14
G1 X118.35 Y114.684
G1 E5 F2400
;TYPE:Perimeter
;WIDTH:0.439999
G1 F900
G1 X118.41 Y115.241 E.0185
G1 X118.376 Y115.634 E.01302
G1 X118.259 Y116.123 E.0166
G1 X118.04 Y116.591 E.01706
G1 X117.741 Y117.022 E.01732
G1 X117.384 Y117.357 E.01616
G1 X116.961 Y117.638 E.01677
G1 X116.361 Y117.857 E.02109
G1 X115.744 Y117.918 E.02047
G1 X115.153 Y117.824 E.01976
G1 X114.731 Y117.65 E.01507
G1 X114.315 Y117.369 E.01658
G1 X114.016 Y117.025 E.01505
G1 X113.741 Y116.597 E.0168
G1 X113.442 Y115.676 E.03197
G1 X113.41 Y115.36 E.01049
G1 X113.405 Y114.86 E.01651
G1 X113.559 Y114.322 E.01848
G1 X113.853 Y113.824 E.01909
G1 X114.277 Y113.4 E.0198
G1 X114.811 Y113.087 E.02044
G1 X115.255 Y112.949 E.01535
G1 X115.752 Y112.883 E.01655
G1 X116.235 Y112.921 E.016
G1 X116.746 Y113.05 E.0174
G1 X117.236 Y113.296 E.0181
G1 X117.646 Y113.597 E.01679
G1 X118.007 Y113.999 E.01784
G1 X118.339 Y114.578 E.02204
G1 X118.344 Y114.624 E.00153
G1 X118.746 Y114.616 F9000
G1 F900
G1 X118.781 Y114.845 E.00765
G1 X118.807 Y115.292 E.01478
G1 X118.744 Y115.86 E.01887
G1 X118.548 Y116.46 E.02084
G1 X118.279 Y116.97 E.01904
G1 X117.893 Y117.433 E.0199
G1 X117.468 Y117.797 E.01848
G1 X116.961 Y118.071 E.01903
G1 X116.449 Y118.245 E.01785
G1 X115.901 Y118.31 E.01822
G1 X115.381 Y118.282 E.01719
G1 X114.889 Y118.151 E.01681
G1 X114.418 Y117.936 E.01709
G1 X113.912 Y117.542 E.02117
G1 X113.6 Y117.134 E.01696
G1 X113.373 Y116.747 E.01481
G1 X113.051 Y115.759 E.03431
G1 X112.984 Y115.103 E.02177
G1 X113.081 Y114.479 E.02085
G1 X113.274 Y114.007 E.01684
G1 X113.538 Y113.58 E.01658
G1 X113.907 Y113.197 E.01756
G1 X114.33 Y112.885 E.01735
G1 X114.838 Y112.656 E.0184
G1 X115.365 Y112.518 E.01799
G1 X115.948 Y112.493 E.01927
G1 X116.508 Y112.564 E.01864
G1 X117.084 Y112.766 E.02015
G1 X117.593 Y113.048 E.01921
G1 X118.09 Y113.483 E.02181
G1 X118.446 Y113.922 E.01866
G1 X118.721 Y114.453 E.01974
G1 X118.737 Y114.556 E.00344
G1 X119.127 Y114.55 F9000
;TYPE:External perimeter
;WIDTH:0.419999
G1 F900
G1 X119.163 Y114.787 E.00752
G1 X119.194 Y115.255 E.01471
G1 X119.164 Y115.665 E.01289
G1 X119.055 Y116.187 E.01672
G1 X118.826 Y116.798 E.02046
G1 X118.457 Y117.375 E.02147
G1 X118.028 Y117.849 E.02005
G1 X117.492 Y118.233 E.02067
G1 X116.935 Y118.505 E.01944
G1 X116.32 Y118.658 E.01987
G1 X115.721 Y118.703 E.01883
G1 X115.115 Y118.62 E.01918
G1 X114.564 Y118.446 E.01812
G1 X114.027 Y118.137 E.01943
G1 X113.627 Y117.806 E.01628
G1 X113.292 Y117.369 E.01726
G1 X113.013 Y116.894 E.01727
G1 X112.671 Y115.839 E.03477
G1 X112.596 Y115.106 E.0231
G1 X112.628 Y114.741 E.01149
G1 X112.776 Y114.182 E.01813
G1 X113.012 Y113.667 E.01776
G1 X113.368 Y113.187 E.01874
G1 X113.796 Y112.779 E.01854
G1 X114.326 Y112.453 E.01951
G1 X114.894 Y112.225 E.01919
G1 X115.533 Y112.115 E.02033
G1 X116.165 Y112.114 E.01982
G1 X116.824 Y112.255 E.02113
G1 X117.428 Y112.495 E.02038
G1 X117.972 Y112.854 E.02044
G1 X118.367 Y113.213 E.01674
G1 X118.775 Y113.715 E.02028
G1 X119.094 Y114.332 E.02178
G1 X119.118 Y114.49 E.00501
G1 X117.535 Y114.71 F9000
;TYPE:Internal infill
;WIDTH:0.44
G1 F900
G1 X117.627 Y115.106 E.01342
G1 X117.508 Y115.883 E.02595
G1 X117.281 Y116.329 E.01652
G1 X116.808 Y116.808 E.02223
G1 X114.34 Y114.34 E.11524
G1 X114.885 Y113.94 E.02232
G1 X115.349 Y113.734 E.01676
G1 X115.708 Y113.676 E.01201
G1 X116.453 Y113.782 E.02485
G1 X116.95 Y114.05 E.01864
G1 X114.217 Y116.783 E.12761
G1 X114.025 Y116.481 E.01182
G1 X113.743 Y115.613 E.03013
G1 X113.707 Y114.906 E.02337
G1 X113.791 Y114.581 E.01108
G1 X113.839 Y114.623 E.00211
G1 X114.099 Y114.017 F9000
;TYPE:Solid infill
;WIDTH:0.488838
G1 F900
G1 X114.295 Y113.848 E.0096
;WIDTH:0.526918
G1 X114.492 Y113.679 E.01045
;WIDTH:0.545538
G1 X114.953 Y113.419 E.02212
G1 X115.481 Y113.264 E.023
;WIDTH:0.54772
G1 X116.048 Y113.256 E.0238
G1 X116.622 Y113.385 E.02469
;WIDTH:0.54195
G1 X117.168 Y113.672 E.0256
G1 X117.42 Y113.865 E.01317
;WIDTH:0.523648
G1 X117.794 Y114.297 E.02284
;WIDTH:0.519626
G1 X118.026 Y114.773 E.02099
;WIDTH:0.505978
G1 X118.048 Y115.39 E.02377
;WIDTH:0.505528
G1 X117.919 Y116.005 E.02417
;WIDTH:0.505918
G1 X117.648 Y116.551 E.02347
;WIDTH:0.50642
G1 X117.271 Y116.989 E.02227
;WIDTH:0.509252
G1 X116.841 Y117.294 E.02044
;WIDTH:0.511052
G1 X116.257 Y117.511 E.02425
;WIDTH:0.521536
G1 X115.992 Y117.559 E.01072
G1 X115.496 Y117.552 E.01974
;LAYER_CHANGE
;Z:14.2
;HEIGHT:0.2
;BEFORE_LAYER_CHANGE
G92 E0
;14.2


G1 E-3.5 F3600
;WIPE_START
G1 F7200
G1 X115.992 Y117.559 E-.23562
G1 X116.257 Y117.511 E-.12792
G1 X116.841 Y117.294 E-.29593
G1 X117.271 Y116.989 E-.25041
G1 X117.648 Y116.551 E-.2745
G1 X117.919 Y116.005 E-.28954
G1 X117.93 Y115.951 E-.02608
;WIPE_END
G1 Z14.2 F9000
;AFTER_LAYER_CHANGE
;14.2
G1 X118.289 Y116.517
G1 E5 F2400
;TYPE:Perimeter
;WIDTH:0.439999
G1 F900
G1 X118.109 Y116.866 E.01297
G1 X117.748 Y117.299 E.01861
G1 X117.366 Y117.626 E.0166
G1 X116.914 Y117.876 E.01705
G1 X116.418 Y118.049 E.01734
G1 X115.933 Y118.11 E.01614
G1 X115.425 Y118.088 E.01679
G1 X114.811 Y117.913 E.02108
G1 X114.277 Y117.6 E.02044
G1 X113.853 Y117.176 E.0198
G1 X113.614 Y116.787 E.01507
G1 X113.443 Y116.315 E.01658
G1 X113.403 Y115.861 E.01505
G1 X113.432 Y115.353 E.0168
G1 X113.731 Y114.433 E.03194
G1 X113.891 Y114.158 E.0105
G1 X114.181 Y113.75 E.01653
G1 X114.622 Y113.406 E.01847
G1 X115.153 Y113.176 E.01911
G1 X115.744 Y113.082 E.01976
G1 X116.361 Y113.143 E.02047
G1 X116.801 Y113.292 E.01534
G1 X117.242 Y113.531 E.01656
G1 X117.61 Y113.845 E.01597
G1 X117.948 Y114.25 E.01742
G1 X118.2 Y114.737 E.0181
G1 X118.355 Y115.222 E.01681
G1 X118.41 Y115.759 E.01782
G1 X118.339 Y116.422 E.02202
G1 X118.317 Y116.464 E.00157
G1 X118.646 Y116.692 F9000
G1 F900
G1 X118.539 Y116.899 E.00769
G1 X118.298 Y117.275 E.01475
G1 X117.913 Y117.698 E.01889
G1 X117.402 Y118.068 E.02083
G1 X116.884 Y118.323 E.01906
G1 X116.3 Y118.471 E.01989
G1 X115.742 Y118.515 E.01848
G1 X115.17 Y118.439 E.01905
G1 X114.654 Y118.279 E.01784
G1 X114.173 Y118.009 E.01821
G1 X113.768 Y117.681 E.01721
G1 X113.447 Y117.286 E.01681
G1 X113.193 Y116.835 E.01709
G1 X113.015 Y116.218 E.0212
G1 X113.002 Y115.705 E.01694
G1 X113.046 Y115.259 E.0148
G1 X113.367 Y114.27 E.03433
G1 X113.698 Y113.7 E.02176
G1 X113.989 Y113.389 E.01406
G1 X114.418 Y113.064 E.01777
G1 X114.888 Y112.849 E.01706
G1 X115.381 Y112.718 E.01684
G1 X115.92 Y112.691 E.01782
G1 X116.449 Y112.755 E.01759
G1 X116.984 Y112.939 E.01868
G1 X117.468 Y113.203 E.0182
G1 X117.916 Y113.59 E.01955
G1 X118.279 Y114.03 E.01883
G1 X118.567 Y114.584 E.02062
G1 X118.744 Y115.14 E.01927
G1 X118.811 Y115.955 E.027
G1 X118.721 Y116.547 E.01977
G1 X118.673 Y116.639 E.00343
G1 X118.993 Y116.863 F9000
;TYPE:External perimeter
;WIDTH:0.419999
G1 F900
G1 X118.775 Y117.285 E.01489
G1 X118.367 Y117.787 E.02028
G1 X117.972 Y118.146 E.01674
G1 X117.428 Y118.505 E.02044
G1 X116.79 Y118.756 E.0215
G1 X116.164 Y118.886 E.02005
G1 X115.505 Y118.882 E.02066
G1 X114.894 Y118.775 E.01945
G1 X114.307 Y118.537 E.01986
G1 X113.796 Y118.221 E.01884
G1 X113.355 Y117.798 E.01916
G1 X113.012 Y117.333 E.01812
G1 X112.758 Y116.767 E.01945
G1 X112.629 Y116.265 E.01625
G1 X112.615 Y115.715 E.01725
G1 X112.669 Y115.167 E.01727
G1 X113.012 Y114.111 E.03481
G1 X113.382 Y113.474 E.0231
G1 X113.777 Y113.06 E.01794
G1 X114.22 Y112.731 E.0173
G1 X114.756 Y112.485 E.01849
G1 X115.321 Y112.335 E.01833
G1 X115.933 Y112.304 E.01921
G1 X116.535 Y112.376 E.01901
G1 X117.139 Y112.584 E.02003
G1 X117.688 Y112.884 E.01962
G1 X118.192 Y113.318 E.02085
G1 X118.602 Y113.815 E.0202
G1 X118.923 Y114.434 E.02186
G1 X119.124 Y115.06 E.02061
G1 X119.199 Y115.98 E.02894
G1 X119.094 Y116.668 E.02182
G1 X119.021 Y116.81 E.00501
G1 X117.535 Y116.29 F9000
;TYPE:Internal infill
;WIDTH:0.44
G1 F900
G1 X117.627 Y115.894 E.01342
G1 X117.508 Y115.117 E.02595
G1 X117.281 Y114.671 E.01652
G1 X116.808 Y114.192 E.02223
G1 X114.336 Y116.664 E.11543
G1 X114.655 Y116.901 E.01312
G1 X115.105 Y117.173 E.01736
G1 X115.751 Y117.328 E.02193
G1 X116.453 Y117.218 E.02346
G1 X116.95 Y116.95 E.01864
G1 X114.213 Y114.213 E.1278
G1 X114.012 Y114.559 E.01321
G1 X113.73 Y115.426 E.0301
G1 X113.716 Y116.134 E.02338
G1 X113.815 Y116.472 E.01163
G1 E-3.5 F3600
;WIPE_START
G1 F7200
G1 X113.716 Y116.134 E-.1673
G1 X113.73 Y115.426 E-.33637
G1 X114.012 Y114.559 E-.43306
G1 X114.213 Y114.213 E-.19007
G1 X114.769 Y114.769 E-.3732
;WIPE_END
G1 X115.491 Y113.454 F9000
G1 E5 F2400
;TYPE:Solid infill
;WIDTH:0.532444
G1 F900
G1 X116.018 Y113.445 E.02145
G1 X116.522 Y113.556 E.02101
;WIDTH:0.524808
G1 X117.001 Y113.794 E.02143
;WIDTH:0.519308
G1 X117.441 Y114.173 E.023
G1 X117.784 Y114.666 E.02379
;WIDTH:0.519488
G1 X117.999 Y115.248 E.02459
;WIDTH:0.519632
G1 X118.063 Y115.874 E.02494
G1 X117.971 Y116.396 E.02101
;WIDTH:0.50598
G1 X117.626 Y116.909 E.0238
;WIDTH:0.50553
G1 X117.16 Y117.33 E.02416
;WIDTH:0.505918
G1 X116.62 Y117.613 E.02347
;WIDTH:0.506424
G1 X116.058 Y117.745 E.02225
;WIDTH:0.509256
G1 X115.531 Y117.74 E.02044
;WIDTH:0.515656
G1 X114.968 Y117.586 E.02294
G1 X114.429 Y117.266 E.02464
;WIDTH:0.504838
G1 X114.288 Y117.16 E.00678
;LAYER_CHANGE
;Z:14.4
;HEIGHT:0.2
;BEFORE_LAYER_CHANGE
G92 E0
;14.4


G1 E-3.5 F3600
;WIPE_START
G1 F7200
G1 X114.429 Y117.266 E-.08379
G1 X114.968 Y117.586 E-.29775
G1 X115.531 Y117.74 E-.27725
G1 X116.058 Y117.745 E-.25034
G1 X116.62 Y117.613 E-.27421
G1 X117.16 Y117.33 E-.28959
G1 X117.202 Y117.292 E-.02707
;WIPE_END
G1 Z14.4 F9000
;AFTER_LAYER_CHANGE
;14.4
G1 X117.159 Y117.963
G1 E5 F2400
;TYPE:Perimeter
;WIDTH:0.439999
G1 F900
G1 X116.808 Y118.138 E.01295
G1 X116.261 Y118.277 E.01863
G1 X115.76 Y118.317 E.01659
G1 X115.245 Y118.252 E.01714
G1 X114.744 Y118.101 E.01728
G1 X114.316 Y117.866 E.01612
G1 X113.918 Y117.55 E.01678
G1 X113.524 Y117.047 E.0211
G1 X113.276 Y116.48 E.02043
G1 X113.182 Y115.888 E.01979
G1 X113.237 Y115.312 E.0191
G1 X113.416 Y114.815 E.01744
G1 X113.739 Y114.346 E.0188
G1 X114.188 Y113.957 E.01961
G1 X114.691 Y113.6 E.02037
G1 X115.226 Y113.363 E.01932
G1 X115.706 Y113.285 E.01606
G1 X116.334 Y113.343 E.02082
G1 X116.858 Y113.534 E.01841
G1 X117.362 Y113.877 E.02013
G1 X117.776 Y114.351 E.02078
G1 X117.997 Y114.767 E.01555
G1 X118.157 Y115.251 E.01683
G1 X118.215 Y115.928 E.02243
G1 X118.133 Y116.47 E.0181
G1 X117.973 Y116.953 E.0168
G1 X117.702 Y117.421 E.01786
G1 X117.254 Y117.915 E.02202
G1 X117.212 Y117.936 E.00155
G1 X117.344 Y118.314 F9000
G1 F900
G1 X117.137 Y118.418 E.00765
G1 X116.72 Y118.58 E.01477
G1 X116.16 Y118.697 E.01889
G1 X115.529 Y118.696 E.02083
G1 X114.961 Y118.598 E.01903
G1 X114.401 Y118.374 E.01991
G1 X113.924 Y118.081 E.01848
G1 X113.506 Y117.684 E.01903
G1 X113.182 Y117.251 E.01786
G1 X112.952 Y116.749 E.01823
G1 X112.817 Y116.247 E.01716
G1 X112.79 Y115.738 E.01683
G1 X112.849 Y115.224 E.01708
G1 X113.068 Y114.621 E.02118
G1 X113.44 Y114.079 E.0217
G1 X113.943 Y113.644 E.02196
G1 X114.494 Y113.253 E.02231
G1 X115.1 Y112.985 E.02188
G1 X115.705 Y112.886 E.02024
G1 X116.408 Y112.951 E.02331
G1 X116.897 Y113.118 E.01706
G1 X117.343 Y113.359 E.01674
G1 X117.76 Y113.715 E.0181
G1 X118.106 Y114.129 E.01781
G1 X118.373 Y114.636 E.01892
G1 X118.546 Y115.167 E.01844
G1 X118.608 Y115.73 E.0187
G1 X118.59 Y116.161 E.01424
G1 X118.479 Y116.733 E.01924
G1 X118.219 Y117.34 E.0218
G1 X117.911 Y117.814 E.01866
G1 X117.491 Y118.24 E.01975
G1 X117.398 Y118.287 E.00344
G1 X117.525 Y118.656 F9000
;TYPE:External perimeter
;WIDTH:0.419999
G1 F900
G1 X117.1 Y118.869 E.01491
G1 X116.475 Y119.036 E.02028
G1 X115.945 Y119.093 E.01671
G1 X115.293 Y119.064 E.02046
G1 X114.63 Y118.892 E.02148
G1 X114.047 Y118.63 E.02004
G1 X113.516 Y118.24 E.02066
G1 X113.085 Y117.794 E.01945
G1 X112.75 Y117.256 E.01987
G1 X112.522 Y116.7 E.01884
G1 X112.414 Y116.098 E.01918
G1 X112.409 Y115.52 E.01812
G1 X112.537 Y114.914 E.01942
G1 X112.728 Y114.431 E.01629
G1 X113.15 Y113.819 E.02331
G1 X113.703 Y113.339 E.02296
G1 X114.302 Y112.914 E.02303
G1 X114.774 Y112.706 E.01617
G1 X115.192 Y112.567 E.01381
G1 X115.703 Y112.497 E.01617
G1 X116.48 Y112.569 E.02447
G1 X117.051 Y112.762 E.0189
G1 X117.561 Y113.039 E.0182
G1 X118.035 Y113.442 E.01951
G1 X118.428 Y113.912 E.01921
G1 X118.729 Y114.485 E.02029
G1 X118.925 Y115.086 E.01982
G1 X118.996 Y115.756 E.02112
G1 X118.954 Y116.405 E.02039
G1 X118.78 Y117.034 E.02046
G1 X118.561 Y117.52 E.01671
G1 X118.21 Y118.063 E.02027
G1 X117.722 Y118.558 E.02179
G1 X117.578 Y118.629 E.00503
G1 E-3.5 F3600
;WIPE_START
G1 F7200
G1 X117.525 Y118.656 E-.02825
G1 X117.1 Y118.869 E-.22581
G1 X116.475 Y119.036 E-.30729
G1 X115.945 Y119.093 E-.2532
G1 X115.293 Y119.064 E-.31001
G1 X114.63 Y118.892 E-.32535
G1 X114.534 Y118.849 E-.05009
;WIPE_END
G1 X114.844 Y117.271 F9000
G1 E5 F2400
;TYPE:Internal infill
;WIDTH:0.44
G1 F900
G1 X115.504 Y117.504 E.02311
G1 X116.014 Y117.519 E.01685
G1 X116.782 Y117.291 E.02645
G1 X117.022 Y117.022 E.0119
G1 X114.281 Y114.281 E.12799
G1 X114.843 Y113.867 E.02305
G1 X115.323 Y113.655 E.01733
G1 X115.708 Y113.592 E.01288
G1 X115.891 Y113.609 E.00607
G1 X115.83 Y113.734 E.00459
G1 X116.662 Y114.338 E.03395
G1 X114.276 Y116.724 E.11141
G1 X114.102 Y116.449 E.01074
G1 X113.719 Y115.268 E.04099
G1 X113.562 Y115.29 E.00523
G1 X113.684 Y114.964 E.01149
G1 X113.859 Y114.711 E.01016
G1 E-3.5 F3600
;WIPE_START
G1 F7200
G1 X113.684 Y114.964 E-.14612
G1 X113.562 Y115.29 E-.16534
G1 X113.719 Y115.268 E-.0753
G1 X114.102 Y116.449 E-.58974
G1 X114.276 Y116.724 E-.15458
G1 X114.825 Y116.175 E-.36892
;WIPE_END
G1 X116.479 Y113.709 F9000
G1 E5 F2400
;TYPE:Solid infill
;WIDTH:0.490512
G1 F900
G1 X116.703 Y113.846 E.00977
;WIDTH:0.531392
G1 X116.926 Y113.984 E.01065
;WIDTH:0.532734
G1 X117.121 Y114.136 E.01007
G1 X117.469 Y114.528 E.02135
;WIDTH:0.524806
G1 X117.717 Y115.003 E.02147
;WIDTH:0.519306
G1 X117.851 Y115.567 E.02296
;WIDTH:0.51941
G1 X117.838 Y116.168 E.02382
G1 X117.67 Y116.765 E.02457
;WIDTH:0.519628
G1 X117.354 Y117.309 E.02494
G1 X116.972 Y117.677 E.02103
;WIDTH:0.505982
G1 X116.392 Y117.889 E.02378
;WIDTH:0.505532
G1 X115.767 Y117.956 E.02418
;WIDTH:0.505922
G1 X115.165 Y117.868 E.02342
;WIDTH:0.506422
G1 X114.632 Y117.645 E.02227
;WIDTH:0.509258
G1 X114.208 Y117.33 E.02048
;WIDTH:0.511054
G1 X113.821 Y116.842 E.02424
;WIDTH:0.521528
G1 X113.693 Y116.604 E.01075
G1 X113.547 Y116.131 E.0197
;LAYER_CHANGE
;Z:14.6
;HEIGHT:0.200001
;BEFORE_LAYER_CHANGE
G92 E0
;14.6


G1 E-3.5 F3600
;WIPE_START
G1 F7200
G1 X113.693 Y116.604 E-.23513
G1 X113.821 Y116.842 E-.12836
G1 X114.208 Y117.33 E-.29584
G1 X114.632 Y117.645 E-.2509
G1 X115.165 Y117.868 E-.27444
G1 X115.767 Y117.956 E-.28899
G1 X115.822 Y117.95 E-.02634
;WIPE_END
G1 Z14.6 F9000
;AFTER_LAYER_CHANGE
;14.6
G1 X115.395 Y118.467
G1 E5 F2400
;TYPE:Perimeter
;WIDTH:0.439999
G1 F900
G1 X115.007 Y118.403 E.01298
G1 X114.484 Y118.194 E.0186
G1 X114.055 Y117.931 E.01661
G1 X113.676 Y117.577 E.01712
G1 X113.36 Y117.16 E.01727
G1 X113.151 Y116.718 E.01614
G1 X113.015 Y116.229 E.01676
G1 X112.992 Y115.59 E.02111
G1 X113.125 Y114.985 E.02045
G1 X113.397 Y114.451 E.01979
G1 X113.78 Y114.018 E.01909
G1 X114.217 Y113.721 E.01745
G1 X114.753 Y113.531 E.01878
G1 X115.346 Y113.481 E.01965
G1 X115.963 Y113.487 E.02037
G1 X116.534 Y113.61 E.01929
G1 X116.996 Y113.845 E.01711
G1 X117.424 Y114.22 E.01879
G1 X117.755 Y114.708 E.01947
G1 X117.96 Y115.281 E.02009
G1 X118.012 Y115.737 E.01515
G1 X118.002 Y116.055 E.0105
G1 X117.911 Y116.548 E.01655
G1 X117.726 Y116.996 E.016
G1 X117.445 Y117.442 E.0174
G1 X117.06 Y117.833 E.01812
G1 X116.647 Y118.129 E.01678
G1 X116.153 Y118.348 E.01784
G1 X115.5 Y118.485 E.02203
G1 X115.454 Y118.477 E.00154
G1 X115.338 Y118.86 F9000
G1 F900
G1 X115.109 Y118.823 E.00766
G1 X114.677 Y118.709 E.01475
G1 X114.155 Y118.474 E.0189
G1 X113.645 Y118.103 E.02082
G1 X113.243 Y117.689 E.01905
G1 X112.922 Y117.179 E.0199
G1 X112.708 Y116.662 E.01847
G1 X112.603 Y116.094 E.01907
G1 X112.596 Y115.554 E.01783
G1 X112.704 Y115.013 E.01821
G1 X112.891 Y114.527 E.01719
G1 X113.167 Y114.099 E.01681
G1 X113.518 Y113.718 E.0171
G1 X114.049 Y113.359 E.02116
G1 X114.669 Y113.14 E.02171
G1 X115.331 Y113.083 E.02194
G1 X116.007 Y113.091 E.02232
G1 X116.655 Y113.23 E.02188
G1 X117.218 Y113.515 E.02083
G1 X117.608 Y113.844 E.01685
G1 X117.932 Y114.228 E.01659
G1 X118.183 Y114.697 E.01756
G1 X118.349 Y115.195 E.01733
G1 X118.409 Y115.749 E.0184
G1 X118.377 Y116.293 E.01799
G1 X118.221 Y116.855 E.01926
G1 X117.981 Y117.366 E.01864
G1 X117.611 Y117.851 E.02014
G1 X117.186 Y118.249 E.01922
G1 X116.618 Y118.586 E.02181
G1 X116.091 Y118.789 E.01865
G1 X115.5 Y118.887 E.01978
G1 X115.397 Y118.87 E.00345
G1 X115.283 Y119.244 F9000
;TYPE:External perimeter
;WIDTH:0.419999
G1 F900
G1 X114.814 Y119.166 E.01491
G1 X114.211 Y118.933 E.02027
G1 X113.748 Y118.669 E.01671
G1 X113.238 Y118.262 E.02046
G1 X112.803 Y117.733 E.02147
G1 X112.485 Y117.178 E.02006
G1 X112.285 Y116.55 E.02066
G1 X112.198 Y115.936 E.01944
G1 X112.243 Y115.304 E.01987
G1 X112.386 Y114.72 E.01885
G1 X112.652 Y114.17 E.01916
G1 X112.988 Y113.7 E.01811
G1 X113.447 Y113.284 E.01942
G1 X113.885 Y113.006 E.01627
G1 X114.587 Y112.759 E.02333
G1 X115.317 Y112.696 E.02297
G1 X116.05 Y112.704 E.02298
G1 X116.467 Y112.794 E.01338
G1 X116.975 Y112.946 E.01663
G1 X117.435 Y113.193 E.01637
G1 X117.881 Y113.57 E.01831
G1 X118.253 Y114.009 E.01804
G1 X118.538 Y114.543 E.01898
G1 X118.727 Y115.112 E.0188
G1 X118.802 Y115.936 E.02594
G1 X118.709 Y116.577 E.02031
G1 X118.515 Y117.178 E.0198
G1 X118.178 Y117.762 E.02114
G1 X117.762 Y118.262 E.02039
G1 X117.252 Y118.669 E.02046
G1 X116.789 Y118.933 E.01671
G1 X116.186 Y119.166 E.02027
G1 X115.5 Y119.279 E.0218
G1 X115.342 Y119.253 E.00502
G1 X114.81 Y117.476 F9000
;TYPE:Internal infill
;WIDTH:0.44
G1 F900
G1 X115.484 Y117.703 E.02348
G1 X115.783 Y117.644 E.01006
G1 X116.485 Y117.291 E.02594
G1 X116.879 Y116.879 E.01882
G1 X114.132 Y114.132 E.12827
G1 X114.817 Y113.833 E.02468
G1 X115.463 Y113.788 E.02138
G1 X115.929 Y113.793 E.01539
G1 X116.441 Y113.903 E.01729
G1 X116.868 Y114.132 E.016
G1 X114.121 Y116.879 E.12827
G1 X113.839 Y116.304 E.02115
G1 X113.786 Y115.598 E.02338
G1 X114.082 Y114.615 E.0339
G1 X113.549 Y114.862 F9000
;TYPE:Solid infill
;WIDTH:0.523784
G1 F900
G1 X113.382 Y115.356 E.02085
;WIDTH:0.545924
G1 X113.344 Y115.895 E.0226
G1 X113.431 Y116.446 E.02333
;WIDTH:0.53924
G1 X113.666 Y116.976 E.02393
;WIDTH:0.54055
G1 X114.038 Y117.445 E.02477
;WIDTH:0.54128
G1 X114.532 Y117.818 E.02565
G1 X115.103 Y118.058 E.02567
;WIDTH:0.54105
G1 X115.5 Y118.133 E.01673
;WIDTH:0.52349
G1 X115.937 Y118.055 E.01774
G1 X116.458 Y117.822 E.02281
;WIDTH:0.505658
G1 X116.952 Y117.451 E.02377
;WIDTH:0.506212
G1 X117.327 Y116.984 E.02307
;WIDTH:0.506762
G1 X117.564 Y116.456 E.02232
;WIDTH:0.510052
G1 X117.655 Y115.929 E.02077
;WIDTH:0.512582
G1 X117.601 Y115.33 E.02349
G1 X117.472 Y114.977 E.01468
;WIDTH:0.480834
G1 X117.344 Y114.624 E.01367
;LAYER_CHANGE
;Z:14.8
;HEIGHT:0.2
;BEFORE_LAYER_CHANGE
G92 E0
;14.8


G1 E-3.5 F3600
;WIPE_START
G1 F7200
G1 X117.472 Y114.977 E-.17836
G1 X117.601 Y115.33 E-.17852
G1 X117.655 Y115.929 E-.28568
G1 X117.564 Y116.456 E-.25403
G1 X117.327 Y116.984 E-.27491
G1 X116.952 Y117.451 E-.28449
G1 X116.878 Y117.507 E-.04401
;WIPE_END
G1 Z14.8 F9000
;AFTER_LAYER_CHANGE
;14.8
G1 X113.843 Y117.958
G1 E5 F2400
;TYPE:Perimeter
;WIDTH:0.439999
G1 F900
G1 X113.746 Y117.915 E.0035
G1 X113.298 Y117.421 E.02202
G1 X113.027 Y116.953 E.01786
G1 X112.856 Y116.425 E.01832
G1 X112.785 Y115.928 E.01658
G1 X112.815 Y115.434 E.01634
G1 X112.933 Y114.931 E.01706
G1 X113.224 Y114.351 E.02143
G1 X113.638 Y113.877 E.02078
G1 X114.142 Y113.534 E.02013
G1 X114.696 Y113.334 E.01945
G1 X115.231 Y113.283 E.01774
G1 X115.803 Y113.376 E.01913
G1 X116.304 Y113.597 E.01808
G1 X117.061 Y114.148 E.03091
G1 X117.273 Y114.385 E.0105
G1 X117.572 Y114.786 E.01652
G1 X117.763 Y115.312 E.01848
G1 X117.818 Y115.888 E.0191
G1 X117.724 Y116.48 E.01979
G1 X117.476 Y117.047 E.02043
G1 X117.198 Y117.42 E.01536
G1 X116.834 Y117.765 E.01656
G1 X116.422 Y118.018 E.01596
G1 X115.932 Y118.215 E.01744
G1 X115.391 Y118.304 E.0181
G1 X114.882 Y118.301 E.01681
G1 X114.354 Y118.188 E.01783
G1 X113.898 Y117.983 E.01651
G1 X113.656 Y118.314 F9000
G1 F900
G1 X113.509 Y118.24 E.00543
G1 X113.089 Y117.814 E.01975
G1 X112.743 Y117.266 E.0214
G1 X112.521 Y116.733 E.01906
G1 X112.406 Y116.123 E.0205
G1 X112.396 Y115.551 E.01889
G1 X112.51 Y114.968 E.01961
G1 X112.706 Y114.451 E.01826
G1 X113.014 Y113.973 E.01877
G1 X113.375 Y113.579 E.01764
G1 X113.819 Y113.263 E.01799
G1 X114.28 Y113.041 E.01689
G1 X114.758 Y112.922 E.01626
G1 X115.258 Y112.885 E.01655
G1 X115.917 Y112.993 E.02205
G1 X116.503 Y113.251 E.02114
G1 X117.329 Y113.851 E.03371
G1 X117.768 Y114.343 E.02177
G1 X117.974 Y114.715 E.01404
G1 X118.151 Y115.224 E.01779
G1 X118.216 Y115.9 E.02242
G1 X118.142 Y116.427 E.01757
G1 X117.984 Y116.928 E.01734
G1 X117.708 Y117.412 E.0184
G1 X117.361 Y117.833 E.01801
G1 X116.905 Y118.196 E.01924
G1 X116.41 Y118.468 E.01865
G1 X115.826 Y118.643 E.02013
G1 X115.248 Y118.714 E.01923
G1 X114.59 Y118.654 E.02182
G1 X114.044 Y118.508 E.01866
G1 X113.71 Y118.341 E.01233
G1 X113.475 Y118.656 F9000
;TYPE:External perimeter
;WIDTH:0.419999
G1 F900
G1 X113.278 Y118.558 E.0069
G1 X112.79 Y118.063 E.02179
G1 X112.4 Y117.446 E.02289
G1 X112.15 Y116.845 E.02041
G1 X112.021 Y116.163 E.02176
G1 X112.01 Y115.518 E.02023
G1 X112.138 Y114.863 E.02093
G1 X112.359 Y114.277 E.01964
G1 X112.707 Y113.737 E.02014
G1 X113.117 Y113.289 E.01904
G1 X113.622 Y112.93 E.01943
G1 X114.149 Y112.676 E.01834
G1 X114.76 Y112.53 E.0197
G1 X115.284 Y112.497 E.01646
G1 X116.028 Y112.619 E.02364
G1 X116.697 Y112.914 E.02292
G1 X117.59 Y113.562 E.03459
G1 X118.081 Y114.112 E.02312
G1 X118.353 Y114.615 E.01793
G1 X118.529 Y115.138 E.0173
G1 X118.597 Y115.705 E.01791
G1 X118.584 Y116.118 E.01296
G1 X118.478 Y116.7 E.01855
G1 X118.241 Y117.275 E.0195
G1 X117.915 Y117.794 E.01922
G1 X117.463 Y118.258 E.02031
G1 X116.953 Y118.63 E.01979
G1 X116.337 Y118.904 E.02114
G1 X115.707 Y119.064 E.02038
G1 X115.055 Y119.093 E.02046
G1 X114.525 Y119.036 E.01671
G1 X113.9 Y118.869 E.02028
G1 X113.529 Y118.683 E.01301
G1 E-3.5 F3600
;WIPE_START
G1 F7200
G1 X113.475 Y118.656 E-.02868
G1 X113.278 Y118.558 E-.10451
G1 X112.79 Y118.063 E-.33017
G1 X112.4 Y117.446 E-.34671
G1 X112.15 Y116.845 E-.30919
G1 X112.021 Y116.163 E-.32969
G1 X112.019 Y116.056 E-.05105
;WIPE_END
G1 X113.682 Y116.455 F9000
G1 E5 F2400
;TYPE:Internal infill
;WIDTH:0.44
G1 F900
G1 X113.572 Y115.876 E.01946
G1 X113.683 Y115.174 E.02347
G1 X114.031 Y114.608 E.02194
G1 X114.34 Y114.34 E.01351
G1 X116.726 Y116.726 E.11141
G1 X116.911 Y116.407 E.01218
G1 X117.281 Y115.268 E.03954
G1 X117.438 Y115.29 E.00523
G1 X117.2 Y114.761 E.01915
G1 X116.721 Y114.279 E.02244
G1 X113.978 Y117.022 E.12808
G1 X114.218 Y117.291 E.0119
G1 X114.986 Y117.519 E.02645
G1 X115.496 Y117.504 E.01685
G1 X116.156 Y117.271 E.02311
G1 X117.507 Y115.875 F9000
;TYPE:Solid infill
;WIDTH:0.489625
G1 F900
G1 X117.446 Y116.128 E.00967
;WIDTH:0.53017
G1 X117.385 Y116.38 E.0105
;WIDTH:0.545624
G1 X117.166 Y116.862 E.02213
G1 X116.83 Y117.296 E.02294
;WIDTH:0.539584
G1 X116.378 Y117.641 E.02348
;WIDTH:0.540296
G1 X115.835 Y117.87 E.02437
;WIDTH:0.540996
G1 X115.233 Y117.958 E.0252
;WIDTH:0.541934
G1 X114.6 Y117.89 E.02642
G1 X114.297 Y117.803 E.01308
;WIDTH:0.52184
G1 X113.866 Y117.553 E.01984
;WIDTH:0.50754
G1 X113.503 Y117.087 E.02282
;WIDTH:0.505526
G1 X113.246 Y116.513 E.02419
;WIDTH:0.505922
G1 X113.144 Y115.913 E.02343
;WIDTH:0.506424
G1 X113.192 Y115.337 E.02228
;WIDTH:0.509254
G1 X113.36 Y114.837 E.02045
;WIDTH:0.515654
G1 X113.681 Y114.35 E.02293
G1 X114.151 Y113.936 E.02462
;WIDTH:0.504838
G1 X114.295 Y113.835 E.00676
;LAYER_CHANGE
;Z:15
;HEIGHT:0.2
;BEFORE_LAYER_CHANGE
G92 E0
;15


G1 E-3.5 F3600
;WIPE_START
G1 F7200
G1 X114.151 Y113.936 E-.08355
G1 X113.681 Y114.35 E-.29751
G1 X113.36 Y114.837 E-.27706
G1 X113.192 Y115.337 E-.25055
G1 X113.144 Y115.913 E-.27455
G1 X113.246 Y116.513 E-.28909
G1 X113.27 Y116.566 E-.02769
;WIPE_END
G1 Z15 F9000
;AFTER_LAYER_CHANGE
;15
G1 X112.645 Y116.317
G1 E5 F2400
;TYPE:Perimeter
;WIDTH:0.439999
G1 F900
G1 X112.587 Y115.928 E.01299
G1 X112.624 Y115.366 E.0186
G1 X112.741 Y114.877 E.0166
G1 X112.96 Y114.409 E.01706
G1 X113.259 Y113.978 E.01732
G1 X113.616 Y113.643 E.01616
G1 X114.039 Y113.362 E.01677
G1 X114.639 Y113.143 E.02109
G1 X115.255 Y113.082 E.02044
G1 X115.847 Y113.176 E.01979
G1 X116.269 Y113.35 E.01507
G1 X116.685 Y113.631 E.01658
G1 X116.984 Y113.975 E.01505
G1 X117.259 Y114.403 E.0168
G1 X117.558 Y115.324 E.03197
G1 X117.595 Y116.14 E.02697
G1 X117.441 Y116.678 E.01848
G1 X117.147 Y117.176 E.01909
G1 X116.723 Y117.6 E.0198
G1 X116.189 Y117.913 E.02044
G1 X115.745 Y118.051 E.01535
G1 X115.248 Y118.117 E.01655
G1 X114.765 Y118.079 E.016
G1 X114.254 Y117.95 E.0174
G1 X113.764 Y117.704 E.0181
G1 X113.354 Y117.403 E.01679
G1 X112.993 Y117.001 E.01784
G1 X112.661 Y116.422 E.02204
G1 X112.654 Y116.376 E.00154
G1 X112.254 Y116.384 F9000
G1 F900
G1 X112.219 Y116.155 E.00765
G1 X112.193 Y115.708 E.01478
G1 X112.256 Y115.14 E.01887
G1 X112.452 Y114.54 E.02084
G1 X112.721 Y114.03 E.01904
G1 X113.107 Y113.567 E.0199
G1 X113.532 Y113.203 E.01848
G1 X114.039 Y112.929 E.01903
G1 X114.551 Y112.755 E.01785
G1 X115.099 Y112.69 E.01822
G1 X115.619 Y112.718 E.01719
G1 X116.111 Y112.849 E.01681
G1 X116.582 Y113.064 E.01709
G1 X117.088 Y113.458 E.02117
G1 X117.4 Y113.866 E.01696
G1 X117.627 Y114.253 E.01481
G1 X117.949 Y115.241 E.03431
G1 X117.981 Y115.562 E.01065
G1 X117.999 Y116.079 E.01708
G1 X117.919 Y116.521 E.01483
G1 X117.726 Y116.993 E.01684
G1 X117.462 Y117.42 E.01658
G1 X117.093 Y117.803 E.01756
G1 X116.67 Y118.115 E.01735
G1 X116.162 Y118.344 E.0184
G1 X115.635 Y118.482 E.01799
G1 X115.052 Y118.507 E.01927
G1 X114.492 Y118.436 E.01864
G1 X113.916 Y118.234 E.02015
G1 X113.407 Y117.952 E.01921
G1 X112.91 Y117.517 E.02181
G1 X112.554 Y117.078 E.01866
G1 X112.279 Y116.547 E.01974
G1 X112.263 Y116.444 E.00344
G1 X111.873 Y116.45 F9000
;TYPE:External perimeter
;WIDTH:0.419999
G1 F900
G1 X111.801 Y115.98 E.01491
G1 X111.836 Y115.335 E.02025
G1 X111.945 Y114.813 E.01672
G1 X112.174 Y114.202 E.02046
G1 X112.543 Y113.625 E.02147
G1 X112.972 Y113.151 E.02005
G1 X113.508 Y112.767 E.02067
G1 X114.065 Y112.495 E.01944
G1 X114.68 Y112.342 E.01987
G1 X115.279 Y112.297 E.01883
G1 X115.885 Y112.38 E.01918
G1 X116.436 Y112.554 E.01812
G1 X116.973 Y112.863 E.01943
G1 X117.373 Y113.194 E.01628
G1 X117.708 Y113.631 E.01726
G1 X117.987 Y114.106 E.01727
G1 X118.329 Y115.161 E.03477
G1 X118.373 Y115.584 E.01333
G1 X118.372 Y116.259 E.02116
G1 X118.224 Y116.818 E.01813
G1 X117.988 Y117.333 E.01776
G1 X117.632 Y117.813 E.01874
G1 X117.204 Y118.221 E.01854
G1 X116.674 Y118.547 E.01951
G1 X116.106 Y118.775 E.01919
G1 X115.467 Y118.885 E.02033
G1 X114.836 Y118.886 E.01978
G1 X114.176 Y118.745 E.02116
G1 X113.572 Y118.505 E.02038
G1 X113.028 Y118.146 E.02044
G1 X112.633 Y117.787 E.01674
G1 X112.225 Y117.285 E.02028
G1 X111.906 Y116.668 E.02178
G1 X111.882 Y116.51 E.00501
G1 X113.465 Y116.29 F9000
;TYPE:Internal infill
;WIDTH:0.44
G1 F900
G1 X113.373 Y115.894 E.01342
G1 X113.492 Y115.117 E.02595
G1 X113.719 Y114.671 E.01652
G1 X114.192 Y114.192 E.02223
G1 X116.662 Y116.662 E.11533
G1 X116.109 Y117.063 E.02255
G1 X115.651 Y117.266 E.01654
G1 X115.016 Y117.322 E.02105
G1 X114.547 Y117.218 E.01586
G1 X114.05 Y116.95 E.01864
G1 X116.783 Y114.217 E.12761
G1 X116.975 Y114.519 E.01182
G1 X117.257 Y115.387 E.03013
G1 X117.31 Y115.902 E.01709
G1 X117.184 Y116.462 E.01895
G1 X116.903 Y116.983 F9000
;TYPE:Solid infill
;WIDTH:0.489631
G1 F900
G1 X116.705 Y117.151 E.00965
;WIDTH:0.53017
G1 X116.507 Y117.32 E.01055
;WIDTH:0.545622
G1 X116.047 Y117.581 E.02211
G1 X115.521 Y117.735 E.02291
;WIDTH:0.539586
G1 X114.952 Y117.748 E.0235
;WIDTH:0.540294
G1 X114.378 Y117.614 E.02438
;WIDTH:0.540998
G1 X113.839 Y117.332 E.02519
;WIDTH:0.541936
G1 X113.367 Y116.904 E.02644
G1 X113.173 Y116.657 E.01303
;WIDTH:0.521838
G1 X112.971 Y116.201 E.01986
;WIDTH:0.507538
G1 X112.952 Y115.61 E.02284
;WIDTH:0.505528
G1 X113.081 Y114.995 E.02417
;WIDTH:0.505918
G1 X113.352 Y114.449 E.02347
;WIDTH:0.525636
G1 X113.721 Y114.005 E.02317
G1 X114.155 Y113.702 E.02125
;WIDTH:0.530682
G1 X114.701 Y113.493 E.02371
G1 X115.366 Y113.44 E.02706
;WIDTH:0.519588
G1 X115.563 Y113.457 E.00784
;WIDTH:0.483435
G1 X115.76 Y113.474 E.00724
;LAYER_CHANGE
;Z:15.2
;HEIGHT:0.2
;BEFORE_LAYER_CHANGE
G92 E0
;15.2


G1 E-3.5 F3600
;WIPE_START
G1 F7200
G1 X115.563 Y113.457 E-.09392
G1 X115.366 Y113.44 E-.09392
G1 X114.701 Y113.493 E-.31688
G1 X114.155 Y113.702 E-.2777
G1 X113.721 Y114.005 E-.25142
G1 X113.352 Y114.449 E-.27423
G1 X113.173 Y114.811 E-.19193
;WIPE_END
G1 Z15.2 F9000
;AFTER_LAYER_CHANGE
;15.2
G1 X112.715 Y114.485
G1 E5 F2400
;TYPE:Perimeter
;WIDTH:0.439999
G1 F900
G1 X112.993 Y113.999 E.01849
G1 X113.354 Y113.597 E.01784
G1 X113.804 Y113.271 E.01835
G1 X114.254 Y113.05 E.01655
G1 X114.734 Y112.926 E.01637
G1 X115.248 Y112.883 E.01703
G1 X115.89 Y112.981 E.02144
G1 X116.468 Y113.228 E.02075
G1 X116.95 Y113.6 E.0201
G1 X117.311 Y114.066 E.01946
G1 X117.536 Y114.589 E.0188
G1 X117.597 Y115.139 E.01827
G1 X117.568 Y115.647 E.0168
G1 X117.269 Y116.567 E.03194
G1 X117.109 Y116.842 E.0105
G1 X116.819 Y117.25 E.01653
G1 X116.378 Y117.594 E.01847
G1 X115.847 Y117.824 E.01911
G1 X115.256 Y117.918 E.01976
G1 X114.639 Y117.857 E.02047
G1 X114.199 Y117.708 E.01534
G1 X113.758 Y117.469 E.01656
G1 X113.39 Y117.155 E.01597
G1 X113.052 Y116.75 E.01742
G1 X112.8 Y116.263 E.0181
G1 X112.645 Y115.778 E.01681
G1 X112.59 Y115.241 E.01782
G1 X112.661 Y114.578 E.02202
G1 X112.685 Y114.537 E.00157
G1 X112.354 Y114.308 F9000
G1 F900
G1 X112.554 Y113.922 E.01435
G1 X112.968 Y113.424 E.02138
G1 X113.407 Y113.048 E.01908
G1 X113.951 Y112.75 E.02048
G1 X114.492 Y112.564 E.01889
G1 X115.082 Y112.492 E.01962
G1 X115.635 Y112.519 E.01828
G1 X116.184 Y112.664 E.01875
G1 X116.67 Y112.885 E.01763
G1 X117.107 Y113.209 E.01796
G1 X117.462 Y113.58 E.01695
G1 X117.725 Y114.004 E.01647
G1 X117.919 Y114.479 E.01694
G1 X117.998 Y115.295 E.02707
G1 X117.954 Y115.741 E.0148
G1 X117.633 Y116.73 E.03433
G1 X117.302 Y117.3 E.02176
G1 X116.857 Y117.748 E.02085
G1 X116.423 Y118.017 E.01686
G1 X115.959 Y118.206 E.01654
G1 X115.435 Y118.3 E.01758
G1 X114.91 Y118.303 E.01733
G1 X114.364 Y118.19 E.01841
G1 X113.856 Y117.991 E.01801
G1 X113.37 Y117.669 E.01925
G1 X112.959 Y117.283 E.01862
G1 X112.611 Y116.781 E.02017
G1 X112.365 Y116.254 E.0192
G1 X112.219 Y115.61 E.0218
G1 X112.189 Y115.045 E.01868
G1 X112.279 Y114.453 E.01977
G1 X112.327 Y114.361 E.00343
G1 X112.007 Y114.137 F9000
;TYPE:External perimeter
;WIDTH:0.419999
G1 F900
G1 X112.225 Y113.715 E.01489
G1 X112.504 Y113.345 E.01453
G1 X112.98 Y112.892 E.0206
G1 X113.397 Y112.601 E.01594
G1 X113.981 Y112.313 E.02042
G1 X114.636 Y112.147 E.02119
G1 X115.267 Y112.098 E.01984
G1 X115.912 Y112.183 E.0204
G1 X116.499 Y112.365 E.01927
G1 X117.044 Y112.671 E.0196
G1 X117.506 Y113.045 E.01864
G1 X117.886 Y113.517 E.019
G1 X118.163 Y114.012 E.01779
G1 X118.323 Y114.518 E.01664
G1 X118.385 Y115.285 E.02413
G1 X118.331 Y115.833 E.01727
G1 X117.988 Y116.889 E.03481
G1 X117.618 Y117.526 E.0231
G1 X117.377 Y117.802 E.01149
G1 X116.928 Y118.168 E.01816
G1 X116.436 Y118.446 E.01772
G1 X115.865 Y118.624 E.01875
G1 X115.279 Y118.703 E.01854
G1 X114.659 Y118.655 E.0195
G1 X114.065 Y118.505 E.01921
G1 X113.484 Y118.219 E.0203
G1 X112.972 Y117.849 E.01981
G1 X112.521 Y117.348 E.02114
G1 X112.174 Y116.798 E.02039
G1 X111.945 Y116.187 E.02046
G1 X111.836 Y115.665 E.01672
G1 X111.801 Y115.02 E.02025
G1 X111.906 Y114.332 E.02182
G1 X111.979 Y114.19 E.00501
G1 X113.465 Y114.71 F9000
;TYPE:Internal infill
;WIDTH:0.44
G1 F900
G1 X113.373 Y115.106 E.01342
G1 X113.492 Y115.883 E.02595
G1 X113.719 Y116.329 E.01652
G1 X114.192 Y116.808 E.02223
G1 X116.662 Y114.338 E.11533
G1 X116.109 Y113.937 E.02255
G1 X115.691 Y113.752 E.01509
G1 X115.016 Y113.678 E.02242
G1 X114.547 Y113.782 E.01586
G1 X114.05 Y114.05 E.01864
G1 X116.787 Y116.787 E.1278
G1 X116.988 Y116.441 E.01321
G1 X117.27 Y115.574 E.0301
G1 X117.284 Y114.866 E.02338
G1 X117.183 Y114.539 E.0113
G1 X116.704 Y113.837 F9000
;TYPE:Solid infill
;WIDTH:0.512976
G1 F900
G1 X116.294 Y113.544 E.0197
;WIDTH:0.515848
G1 X115.832 Y113.342 E.01983
G1 X115.248 Y113.244 E.02329
;WIDTH:0.523722
G1 X114.708 Y113.283 E.02164
G1 X114.153 Y113.478 E.02352
;WIDTH:0.51827
G1 X113.636 Y113.82 E.0245
;WIDTH:0.519638
G1 X113.207 Y114.296 E.0254
G1 X112.974 Y114.773 E.02104
;WIDTH:0.525814
G1 X112.941 Y115.378 E.02433
G1 X113.069 Y115.996 E.02534
;WIDTH:0.523526
G1 X113.337 Y116.545 E.02441
G1 X113.722 Y116.994 E.02364
G1 X114.19 Y117.32 E.02279
;WIDTH:0.545622
G1 X114.719 Y117.506 E.02344
G1 X115.245 Y117.565 E.02212
;WIDTH:0.53017
G1 X115.504 Y117.544 E.01053
;WIDTH:0.489629
G1 X115.764 Y117.524 E.00969
;LAYER_CHANGE
;Z:15.4
;HEIGHT:0.2
;BEFORE_LAYER_CHANGE
G92 E0
;15.4


G1 E-3.5 F3600
;WIPE_START
G1 F7200
G1 X115.504 Y117.544 E-.12386
G1 X115.245 Y117.565 E-.12343
G1 X114.719 Y117.506 E-.25142
G1 X114.19 Y117.32 E-.26635
G1 X113.722 Y116.994 E-.27092
G1 X113.337 Y116.545 E-.28094
G1 X113.168 Y116.199 E-.18308
;WIPE_END
G1 Z15.4 F9000
;AFTER_LAYER_CHANGE
;15.4
G1 X113.674 Y113.165
G1 E5 F2400
;TYPE:Perimeter
;WIDTH:0.439999
G1 F900
G1 X113.746 Y113.085 E.00355
G1 X114.354 Y112.812 E.02201
G1 X114.873 Y112.7 E.01753
G1 X115.434 Y112.701 E.01852
G1 X115.932 Y112.785 E.01667
G1 X116.393 Y112.967 E.01636
G1 X116.834 Y113.235 E.01704
G1 X117.296 Y113.691 E.02143
G1 X117.619 Y114.231 E.02078
G1 X117.79 Y114.816 E.02012
G1 X117.814 Y115.249 E.01432
G1 X117.782 Y115.567 E.01055
G1 X117.643 Y116.05 E.01659
G1 X117.409 Y116.44 E.01502
G1 X117.086 Y116.834 E.01682
G1 X116.304 Y117.403 E.03193
G1 X116.013 Y117.531 E.0105
G1 X115.539 Y117.691 E.01652
G1 X114.98 Y117.71 E.01847
G1 X114.415 Y117.585 E.01911
G1 X113.881 Y117.312 E.0198
G1 X113.418 Y116.901 E.02044
G1 X113.15 Y116.522 E.01533
G1 X112.933 Y116.069 E.01658
G1 X112.82 Y115.598 E.01599
G1 X112.785 Y115.072 E.01741
G1 X112.867 Y114.529 E.01813
G1 X113.027 Y114.047 E.01677
G1 X113.298 Y113.579 E.01786
G1 X113.634 Y113.209 E.0165
G1 X113.394 Y112.877 F9000
G1 F900
G1 X113.509 Y112.76 E.00542
G1 X113.863 Y112.582 E.01308
G1 X114.28 Y112.42 E.01477
G1 X114.835 Y112.304 E.01872
G1 X115.466 Y112.305 E.02083
G1 X116.039 Y112.402 E.01919
G1 X116.599 Y112.626 E.01991
G1 X117.076 Y112.919 E.01848
G1 X117.494 Y113.316 E.01903
G1 X117.818 Y113.749 E.01786
G1 X118.048 Y114.25 E.0182
G1 X118.183 Y114.753 E.0172
G1 X118.21 Y115.262 E.01683
G1 X118.151 Y115.776 E.01708
G1 X117.932 Y116.379 E.02118
G1 X117.641 Y116.802 E.01695
G1 X117.344 Y117.138 E.01481
G1 X116.503 Y117.749 E.03432
G1 X115.9 Y118.015 E.02176
G1 X115.277 Y118.116 E.02084
G1 X114.768 Y118.079 E.01685
G1 X114.28 Y117.959 E.01659
G1 X113.802 Y117.727 E.01754
G1 X113.375 Y117.421 E.01734
G1 X113 Y117.009 E.01839
G1 X112.706 Y116.549 E.01803
G1 X112.502 Y116.003 E.01924
G1 X112.396 Y115.449 E.01862
G1 X112.41 Y114.838 E.02018
G1 X112.521 Y114.267 E.01921
G1 X112.781 Y113.66 E.0218
G1 X113.089 Y113.186 E.01866
G1 X113.352 Y112.919 E.01237
G1 X113.124 Y112.599 F9000
;TYPE:External perimeter
;WIDTH:0.419999
G1 F900
G1 X113.278 Y112.442 E.0069
G1 X113.69 Y112.236 E.01444
G1 X114.167 Y112.049 E.01606
G1 X114.797 Y111.918 E.02018
G1 X115.497 Y111.919 E.02195
G1 X116.144 Y112.029 E.02058
G1 X116.772 Y112.28 E.0212
G1 X117.312 Y112.611 E.01986
G1 X117.783 Y113.059 E.02038
G1 X118.151 Y113.551 E.01926
G1 X118.412 Y114.119 E.0196
G1 X118.566 Y114.692 E.0186
G1 X118.591 Y115.48 E.02472
G1 X118.463 Y116.086 E.01942
G1 X118.272 Y116.569 E.01629
G1 X117.96 Y117.022 E.01725
G1 X117.595 Y117.434 E.01726
G1 X116.697 Y118.086 E.03479
G1 X116.022 Y118.384 E.02313
G1 X115.666 Y118.466 E.01145
G1 X115.088 Y118.498 E.01815
G1 X114.526 Y118.433 E.01774
G1 X113.959 Y118.242 E.01876
G1 X113.439 Y117.961 E.01853
G1 X112.965 Y117.558 E.01951
G1 X112.572 Y117.088 E.01921
G1 X112.271 Y116.515 E.02029
G1 X112.075 Y115.914 E.01982
G1 X112.004 Y115.244 E.02112
G1 X112.046 Y114.595 E.02039
G1 X112.22 Y113.967 E.02043
G1 X112.439 Y113.48 E.01674
G1 X112.79 Y112.937 E.02027
G1 X113.082 Y112.642 E.01301
G1 X113.681 Y114.546 F9000
;TYPE:Internal infill
;WIDTH:0.44
G1 F900
G1 X113.572 Y115.124 E.01942
G1 X113.683 Y115.826 E.02347
G1 X113.867 Y116.189 E.01344
G1 X114.336 Y116.664 E.02204
G1 X116.724 Y114.276 E.1115
G1 X116.898 Y114.551 E.01074
G1 X117.281 Y115.732 E.04099
G1 X117.438 Y115.71 E.00523
G1 X117.316 Y116.036 E.01149
G1 X117.008 Y116.482 E.0179
G1 X116.721 Y116.721 E.01233
G1 X113.978 Y113.978 E.12808
G1 X114.218 Y113.709 E.0119
G1 X114.982 Y113.481 E.02632
G1 X115.742 Y113.551 E.0252
G1 X116.157 Y113.73 E.01492
G1 E-3.5 F3600
;WIPE_START
G1 F7200
G1 X115.742 Y113.551 E-.21468
G1 X114.982 Y113.481 E-.36253
G1 X114.218 Y113.709 E-.37872
G1 X113.978 Y113.978 E-.17124
G1 X114.533 Y114.533 E-.37283
;WIPE_END
G1 X114.522 Y117.291 F9000
G1 E5 F2400
;TYPE:Solid infill
;WIDTH:0.48884
G1 F900
G1 X114.301 Y117.156 E.0096
;WIDTH:0.526924
G1 X114.079 Y117.022 E.01044
;WIDTH:0.545538
G1 X113.69 Y116.664 E.02209
G1 X113.392 Y116.244 E.02152
;WIDTH:0.519432
G1 X113.199 Y115.722 E.02205
G1 X113.136 Y115.135 E.02339
G1 X113.226 Y114.531 E.0242
G1 X113.473 Y113.951 E.02498
G1 X113.866 Y113.446 E.02535
;WIDTH:0.522558
G1 X114.315 Y113.188 E.02065
;WIDTH:0.52409
G1 X114.906 Y113.049 E.02429
G1 X115.413 Y113.049 E.02028
;WIDTH:0.522344
G1 X115.895 Y113.143 E.01958
;WIDTH:0.523446
G1 X116.372 Y113.348 E.02074
G1 X116.795 Y113.666 E.02114
;WIDTH:0.530942
G1 X117.173 Y114.134 E.02441
G1 X117.385 Y114.62 E.02152
G1 X117.445 Y114.872 E.01051
;WIDTH:0.49013
G1 X117.506 Y115.125 E.00968
;LAYER_CHANGE
;Z:15.6
;HEIGHT:0.200001
;BEFORE_LAYER_CHANGE
G92 E0
;15.6


G1 E-3.5 F3600
;WIPE_START
G1 F7200
G1 X117.445 Y114.872 E-.12362
G1 X117.385 Y114.62 E-.12305
G1 X117.173 Y114.134 E-.25186
G1 X116.795 Y113.666 E-.28575
G1 X116.372 Y113.348 E-.25137
G1 X115.895 Y113.143 E-.24661
G1 X115.445 Y113.055 E-.21774
;WIPE_END
G1 Z15.6 F9000
;AFTER_LAYER_CHANGE
;15.6
G1 X115.605 Y112.533
G1 E5 F2400
;TYPE:Perimeter
;WIDTH:0.439999
G1 F900
G1 X115.993 Y112.597 E.01298
G1 X116.516 Y112.806 E.0186
G1 X116.945 Y113.069 E.01661
G1 X117.322 Y113.421 E.01703
G1 X117.64 Y113.84 E.01737
G1 X117.849 Y114.282 E.01614
G1 X117.985 Y114.771 E.01676
G1 X118.008 Y115.41 E.02111
G1 X117.875 Y116.015 E.02045
G1 X117.603 Y116.549 E.01979
G1 X117.307 Y116.896 E.01506
G1 X116.911 Y117.205 E.01658
G1 X116.491 Y117.382 E.01505
G1 X115.999 Y117.512 E.0168
G1 X115.032 Y117.512 E.03193
G1 X114.721 Y117.445 E.0105
G1 X114.244 Y117.295 E.01651
G1 X113.78 Y116.982 E.01848
G1 X113.397 Y116.549 E.01909
G1 X113.125 Y116.015 E.01979
G1 X112.992 Y115.41 E.02045
G1 X112.998 Y114.945 E.01535
G1 X113.089 Y114.452 E.01655
G1 X113.274 Y114.004 E.016
G1 X113.555 Y113.558 E.0174
G1 X113.94 Y113.167 E.01812
G1 X114.353 Y112.871 E.01678
G1 X114.847 Y112.652 E.01784
G1 X115.5 Y112.515 E.02203
G1 X115.546 Y112.523 E.00154
G1 X115.662 Y112.14 F9000
G1 F900
G1 X116.091 Y112.211 E.01436
G1 X116.692 Y112.45 E.02135
G1 X117.186 Y112.751 E.0191
G1 X117.637 Y113.177 E.02048
G1 X117.981 Y113.634 E.01889
G1 X118.232 Y114.173 E.01963
G1 X118.377 Y114.707 E.01827
G1 X118.404 Y115.446 E.02442
G1 X118.296 Y115.987 E.01821
G1 X118.109 Y116.473 E.01719
G1 X117.833 Y116.901 E.01681
G1 X117.482 Y117.282 E.0171
G1 X116.951 Y117.641 E.02116
G1 X116.467 Y117.812 E.01695
G1 X116.029 Y117.909 E.01481
G1 X114.99 Y117.909 E.0343
G1 X114.345 Y117.77 E.02179
G1 X113.782 Y117.485 E.02083
G1 X113.392 Y117.156 E.01685
G1 X113.068 Y116.772 E.01659
G1 X112.817 Y116.303 E.01756
G1 X112.651 Y115.805 E.01733
G1 X112.591 Y115.251 E.0184
G1 X112.623 Y114.707 E.01799
G1 X112.779 Y114.145 E.01926
G1 X113.019 Y113.634 E.01864
G1 X113.389 Y113.149 E.02014
G1 X113.814 Y112.751 E.01922
G1 X114.382 Y112.414 E.02181
G1 X114.909 Y112.211 E.01865
G1 X115.5 Y112.113 E.01978
G1 X115.603 Y112.13 E.00345
G1 X115.717 Y111.756 F9000
;TYPE:External perimeter
;WIDTH:0.419999
G1 F900
G1 X116.186 Y111.834 E.01491
G1 X116.864 Y112.103 E.02287
G1 X117.42 Y112.442 E.02042
G1 X117.925 Y112.919 E.02178
G1 X118.313 Y113.434 E.02022
G1 X118.595 Y114.039 E.02093
G1 X118.76 Y114.644 E.01966
G1 X118.796 Y115.262 E.01941
G1 X118.757 Y115.696 E.01366
G1 X118.614 Y116.28 E.01885
G1 X118.348 Y116.83 E.01916
G1 X118.012 Y117.3 E.01811
G1 X117.553 Y117.716 E.01942
G1 X117.115 Y117.994 E.01627
G1 X116.595 Y118.177 E.01728
G1 X116.058 Y118.296 E.01725
G1 X114.948 Y118.296 E.0348
G1 X114.228 Y118.14 E.0231
G1 X113.891 Y117.997 E.01148
G1 X113.404 Y117.683 E.01817
G1 X112.988 Y117.3 E.01773
G1 X112.642 Y116.813 E.01873
G1 X112.386 Y116.28 E.01854
G1 X112.24 Y115.675 E.01951
G1 X112.198 Y115.064 E.0192
G1 X112.291 Y114.423 E.02031
G1 X112.485 Y113.822 E.0198
G1 X112.822 Y113.238 E.02114
G1 X113.238 Y112.738 E.02039
G1 X113.748 Y112.331 E.02046
G1 X114.211 Y112.067 E.01671
G1 X114.814 Y111.834 E.02027
G1 X115.5 Y111.721 E.0218
G1 X115.658 Y111.747 E.00502
G1 X116.19 Y113.524 F9000
;TYPE:Internal infill
;WIDTH:0.44
G1 F900
G1 X115.516 Y113.297 E.02348
G1 X115.217 Y113.356 E.01006
G1 X114.515 Y113.709 E.02594
G1 X114.121 Y114.121 E.01882
G1 X116.868 Y116.868 E.12827
G1 X116.143 Y117.181 E.02607
G1 X115.064 Y117.206 E.03564
G1 X114.559 Y117.097 E.01706
G1 X114.132 Y116.868 E.016
G1 X116.879 Y114.121 E.12827
G1 X117.161 Y114.696 E.02115
G1 X117.214 Y115.402 E.02338
G1 X116.918 Y116.385 E.0339
G1 E-3.5 F3600
;WIPE_START
G1 F7200
G1 X117.214 Y115.402 E-.48763
G1 X117.161 Y114.696 E-.33629
G1 X116.879 Y114.121 E-.3042
G1 X116.325 Y114.675 E-.37188
;WIPE_END
G1 X113.656 Y116.376 F9000
G1 E5 F2400
;TYPE:Solid infill
;WIDTH:0.48963
G1 F900
G1 X113.557 Y116.136 E.00964
;WIDTH:0.530174
G1 X113.458 Y115.896 E.01052
;WIDTH:0.545628
G1 X113.351 Y115.377 E.02215
G1 X113.368 Y114.829 E.02292
;WIDTH:0.539586
G1 X113.531 Y114.284 E.02349
;WIDTH:0.540292
G1 X113.836 Y113.78 E.02436
;WIDTH:0.540998
G1 X114.271 Y113.354 E.02522
;WIDTH:0.54194
G1 X114.824 Y113.037 E.02645
G1 X115.119 Y112.93 E.01302
;WIDTH:0.521842
G1 X115.615 Y112.878 E.01986
;WIDTH:0.50755
G1 X116.183 Y113.043 E.02285
;WIDTH:0.505532
G1 X116.728 Y113.356 E.02418
;WIDTH:0.50592
G1 X117.163 Y113.782 E.02344
;WIDTH:0.50642
G1 X117.463 Y114.275 E.02224
;WIDTH:0.509254
G1 X117.621 Y114.779 E.02048
;WIDTH:0.511052
G1 X117.647 Y115.401 E.02423
;WIDTH:0.52153
G1 X117.611 Y115.669 E.01076
G1 X117.451 Y116.138 E.01972
;LAYER_CHANGE
;Z:15.8
;HEIGHT:0.2
;BEFORE_LAYER_CHANGE
G92 E0
;15.8


G1 E-3.5 F3600
;WIPE_START
G1 F7200
G1 X117.611 Y115.669 E-.23538
G1 X117.647 Y115.401 E-.12844
G1 X117.621 Y114.779 E-.29571
G1 X117.463 Y114.275 E-.25089
G1 X117.163 Y113.782 E-.27412
G1 X116.728 Y113.356 E-.2892
G1 X116.68 Y113.328 E-.02626
;WIPE_END
G1 Z15.8 F9000
;AFTER_LAYER_CHANGE
;15.8
G1 X117.329 Y113.161
G1 E5 F2400
;TYPE:Perimeter
;WIDTH:0.439999
G1 F900
G1 X117.487 Y113.321 E.00742
G1 X117.804 Y113.726 E.01698
G1 X118.045 Y114.241 E.01877
G1 X118.179 Y114.726 E.01661
G1 X118.208 Y115.415 E.02277
G1 X118.116 Y115.895 E.01614
G1 X117.938 Y116.371 E.01678
G1 X117.582 Y116.901 E.02108
G1 X117.119 Y117.312 E.02044
G1 X116.585 Y117.585 E.0198
G1 X116.02 Y117.71 E.01911
G1 X115.492 Y117.694 E.01744
G1 X114.947 Y117.532 E.01877
G1 X114.438 Y117.224 E.01964
G1 X113.943 Y116.856 E.02037
G1 X113.727 Y116.615 E.01069
G1 X113.428 Y116.214 E.01652
G1 X113.237 Y115.688 E.01848
G1 X113.182 Y115.112 E.0191
G1 X113.276 Y114.52 E.01979
G1 X113.524 Y113.953 E.02043
G1 X113.802 Y113.58 E.01536
G1 X114.166 Y113.235 E.01656
G1 X114.579 Y112.982 E.01599
G1 X115.068 Y112.785 E.01741
G1 X115.563 Y112.7 E.01658
G1 X116.068 Y112.698 E.01667
G1 X116.646 Y112.812 E.01945
G1 X117.254 Y113.085 E.02201
G1 X117.287 Y113.119 E.00156
G1 X117.606 Y112.877 F9000
G1 F900
G1 X117.769 Y113.042 E.00766
G1 X118.144 Y113.519 E.02003
G1 X118.417 Y114.102 E.02125
G1 X118.571 Y114.66 E.01911
G1 X118.609 Y115.236 E.01906
G1 X118.573 Y115.657 E.01395
G1 X118.442 Y116.201 E.01847
G1 X118.193 Y116.722 E.01907
G1 X117.881 Y117.163 E.01784
G1 X117.475 Y117.538 E.01825
G1 X117.039 Y117.821 E.01716
G1 X116.564 Y118.004 E.01681
G1 X116.056 Y118.106 E.01711
G1 X115.415 Y118.085 E.02118
G1 X114.785 Y117.898 E.0217
G1 X114.216 Y117.554 E.02195
G1 X113.673 Y117.151 E.02233
G1 X113.232 Y116.657 E.02186
G1 X112.943 Y116.096 E.02084
G1 X112.821 Y115.6 E.01686
G1 X112.784 Y115.1 E.01655
G1 X112.858 Y114.573 E.01757
G1 X113.016 Y114.072 E.01734
G1 X113.292 Y113.589 E.01837
G1 X113.639 Y113.167 E.01804
G1 X114.095 Y112.804 E.01924
G1 X114.59 Y112.532 E.01865
G1 X115.174 Y112.357 E.02013
G1 X115.751 Y112.286 E.01919
G1 X116.398 Y112.347 E.02146
G1 X116.956 Y112.492 E.01904
G1 X117.491 Y112.76 E.01976
G1 X117.564 Y112.834 E.00343
G1 X117.876 Y112.599 F9000
;TYPE:External perimeter
;WIDTH:0.419999
G1 F900
G1 X118.21 Y112.937 E.0149
G1 X118.561 Y113.48 E.02027
G1 X118.78 Y113.967 E.01674
G1 X118.954 Y114.595 E.02043
G1 X118.995 Y115.279 E.02148
G1 X118.925 Y115.914 E.02003
G1 X118.719 Y116.54 E.02066
G1 X118.428 Y117.088 E.01945
G1 X118.02 Y117.573 E.01987
G1 X117.561 Y117.961 E.01884
G1 X117.022 Y118.25 E.01918
G1 X116.474 Y118.433 E.01811
G1 X115.858 Y118.499 E.01942
G1 X115.34 Y118.467 E.01627
G1 X114.628 Y118.255 E.02329
G1 X114 Y117.876 E.023
G1 X113.411 Y117.438 E.02301
G1 X112.919 Y116.888 E.02314
G1 X112.73 Y116.574 E.01149
G1 X112.522 Y116.034 E.01814
G1 X112.409 Y115.48 E.01773
G1 X112.416 Y114.882 E.01875
G1 X112.522 Y114.3 E.01855
G1 X112.759 Y113.725 E.0195
G1 X113.085 Y113.206 E.01922
G1 X113.537 Y112.743 E.02029
G1 X114.047 Y112.37 E.01981
G1 X114.663 Y112.096 E.02114
G1 X115.293 Y111.936 E.02038
G1 X115.955 Y111.908 E.02078
G1 X116.458 Y111.965 E.01587
G1 X117.1 Y112.131 E.02079
G1 X117.722 Y112.442 E.0218
G1 X117.834 Y112.556 E.00501
G1 E-3.5 F3600
;WIPE_START
G1 F7200
G1 X117.876 Y112.599 E-.02855
G1 X118.21 Y112.937 E-.22571
G1 X118.561 Y113.48 E-.30712
G1 X118.78 Y113.967 E-.25364
G1 X118.954 Y114.595 E-.30954
G1 X118.995 Y115.279 E-.32548
G1 X118.984 Y115.384 E-.04996
;WIPE_END
G1 X117.319 Y114.547 F9000
G1 E5 F2400
;TYPE:Internal infill
;WIDTH:0.44
G1 F900
G1 X117.428 Y115.124 E.01939
G1 X117.317 Y115.826 E.02347
G1 X116.944 Y116.428 E.02338
G1 X116.662 Y116.662 E.0121
G1 X114.274 Y114.274 E.1115
G1 X114.089 Y114.593 E.01218
G1 X113.719 Y115.732 E.03954
G1 X113.562 Y115.71 E.00523
G1 X113.8 Y116.239 E.01915
G1 X114.276 Y116.724 E.02244
G1 X117.022 Y113.978 E.12822
G1 X116.782 Y113.709 E.0119
G1 X116.014 Y113.481 E.02645
G1 X115.5 Y113.497 E.01698
G1 X114.843 Y113.73 E.02302
G1 X113.493 Y115.125 F9000
;TYPE:Solid infill
;WIDTH:0.489626
G1 F900
G1 X113.554 Y114.872 E.00967
;WIDTH:0.530172
G1 X113.615 Y114.62 E.0105
;WIDTH:0.545622
G1 X113.834 Y114.138 E.02213
G1 X114.17 Y113.704 E.02294
;WIDTH:0.539582
G1 X114.622 Y113.359 E.02348
;WIDTH:0.540612
G1 X115.165 Y113.13 E.02439
;WIDTH:0.54096
G1 X115.765 Y113.042 E.02511
;WIDTH:0.541442
G1 X116.407 Y113.112 E.02677
G1 X116.703 Y113.197 E.01277
;WIDTH:0.521838
G1 X117.134 Y113.447 E.01984
;WIDTH:0.50754
G1 X117.497 Y113.913 E.02282
;WIDTH:0.505524
G1 X117.754 Y114.487 E.02419
;WIDTH:0.505918
G1 X117.856 Y115.087 E.02343
;WIDTH:0.50642
G1 X117.808 Y115.663 E.02228
;WIDTH:0.509256
G1 X117.64 Y116.163 E.02045
;WIDTH:0.51105
G1 X117.295 Y116.682 E.02426
;WIDTH:0.521526
G1 X117.108 Y116.877 E.01075
G1 X116.703 Y117.163 E.01973
;LAYER_CHANGE
;Z:16
;HEIGHT:0.2
;BEFORE_LAYER_CHANGE
G92 E0
;16


G1 E-3.5 F3600
;WIPE_START
G1 F7200
G1 X117.108 Y116.877 E-.23551
G1 X117.295 Y116.682 E-.12833
G1 X117.64 Y116.163 E-.29602
G1 X117.808 Y115.663 E-.25055
G1 X117.856 Y115.087 E-.27455
G1 X117.754 Y114.487 E-.28909
G1 X117.732 Y114.437 E-.02595
;WIPE_END
G1 Z16 F9000
;AFTER_LAYER_CHANGE
;16
G1 X118.35 Y114.684
G1 E5 F2400
;TYPE:Perimeter
;WIDTH:0.439999
G1 F900
G1 X118.41 Y115.241 E.0185
G1 X118.376 Y115.634 E.01302
G1 X118.259 Y116.123 E.0166
G1 X118.04 Y116.591 E.01706
G1 X117.741 Y117.022 E.01732
G1 X117.384 Y117.357 E.01616
G1 X116.961 Y117.638 E.01677
G1 X116.361 Y117.857 E.02109
G1 X115.744 Y117.918 E.02047
G1 X115.153 Y117.824 E.01976
G1 X114.731 Y117.65 E.01507
G1 X114.315 Y117.369 E.01658
G1 X114.016 Y117.025 E.01505
G1 X113.741 Y116.597 E.0168
G1 X113.442 Y115.676 E.03197
G1 X113.41 Y115.36 E.01049
G1 X113.405 Y114.86 E.01651
G1 X113.559 Y114.322 E.01848
G1 X113.853 Y113.824 E.01909
G1 X114.277 Y113.4 E.0198
G1 X114.811 Y113.087 E.02044
G1 X115.255 Y112.949 E.01535
G1 X115.752 Y112.883 E.01655
G1 X116.235 Y112.921 E.016
G1 X116.746 Y113.05 E.0174
G1 X117.236 Y113.296 E.0181
G1 X117.646 Y113.597 E.01679
G1 X118.007 Y113.999 E.01784
G1 X118.339 Y114.578 E.02204
G1 X118.344 Y114.624 E.00153
G1 X118.746 Y114.616 F9000
G1 F900
G1 X118.781 Y114.845 E.00765
G1 X118.807 Y115.292 E.01478
G1 X118.744 Y115.86 E.01887
G1 X118.548 Y116.46 E.02084
G1 X118.279 Y116.97 E.01904
G1 X117.893 Y117.433 E.0199
G1 X117.468 Y117.797 E.01848
G1 X116.961 Y118.072 E.01904
G1 X116.449 Y118.245 E.01784
G1 X115.901 Y118.31 E.01822
G1 X115.381 Y118.282 E.01719
G1 X114.889 Y118.151 E.01681
G1 X114.418 Y117.936 E.01709
G1 X113.912 Y117.542 E.02117
G1 X113.6 Y117.134 E.01696
G1 X113.373 Y116.747 E.01481
G1 X113.051 Y115.759 E.03431
G1 X112.984 Y115.103 E.02177
G1 X113.081 Y114.479 E.02085
G1 X113.274 Y114.007 E.01684
G1 X113.538 Y113.58 E.01658
G1 X113.907 Y113.197 E.01756
G1 X114.33 Y112.885 E.01735
G1 X114.838 Y112.656 E.0184
G1 X115.365 Y112.518 E.01799
G1 X115.948 Y112.493 E.01927
G1 X116.508 Y112.564 E.01864
G1 X117.084 Y112.766 E.02015
G1 X117.593 Y113.048 E.01921
G1 X118.09 Y113.483 E.02181
G1 X118.446 Y113.922 E.01866
G1 X118.721 Y114.453 E.01974
G1 X118.737 Y114.556 E.00344
G1 X119.127 Y114.55 F9000
;TYPE:External perimeter
;WIDTH:0.419999
G1 F900
G1 X119.163 Y114.787 E.00752
G1 X119.194 Y115.255 E.01471
G1 X119.164 Y115.665 E.01289
G1 X119.055 Y116.187 E.01672
G1 X118.826 Y116.798 E.02046
G1 X118.457 Y117.375 E.02147
G1 X118.028 Y117.849 E.02005
G1 X117.492 Y118.233 E.02067
G1 X116.935 Y118.505 E.01944
G1 X116.32 Y118.658 E.01987
G1 X115.721 Y118.703 E.01883
G1 X115.115 Y118.62 E.01918
G1 X114.564 Y118.446 E.01812
G1 X114.027 Y118.137 E.01943
G1 X113.627 Y117.806 E.01628
G1 X113.292 Y117.369 E.01726
G1 X113.013 Y116.894 E.01727
G1 X112.671 Y115.839 E.03477
G1 X112.596 Y115.106 E.0231
G1 X112.628 Y114.741 E.01149
G1 X112.776 Y114.182 E.01813
G1 X113.012 Y113.667 E.01776
G1 X113.368 Y113.187 E.01874
G1 X113.796 Y112.779 E.01854
G1 X114.326 Y112.453 E.01951
G1 X114.894 Y112.225 E.01919
G1 X115.533 Y112.115 E.02033
G1 X116.165 Y112.114 E.01982
G1 X116.824 Y112.255 E.02113
G1 X117.428 Y112.495 E.02038
G1 X117.972 Y112.854 E.02044
G1 X118.367 Y113.213 E.01674
G1 X118.775 Y113.715 E.02028
G1 X119.094 Y114.332 E.02178
G1 X119.118 Y114.49 E.00501
G1 X117.535 Y114.71 F9000
;TYPE:Internal infill
;WIDTH:0.44
G1 F900
G1 X117.627 Y115.106 E.01342
G1 X117.508 Y115.883 E.02595
G1 X117.281 Y116.329 E.01652
G1 X116.808 Y116.808 E.02223
G1 X114.34 Y114.34 E.11524
G1 X114.885 Y113.94 E.02232
G1 X115.349 Y113.734 E.01676
G1 X115.708 Y113.676 E.01201
G1 X116.453 Y113.782 E.02485
G1 X116.95 Y114.05 E.01864
G1 X114.217 Y116.783 E.12761
G1 X114.025 Y116.481 E.01182
G1 X113.743 Y115.613 E.03013
G1 X113.707 Y114.906 E.02337
G1 X113.791 Y114.581 E.01108
G1 X113.839 Y114.623 E.00211
G1 X114.099 Y114.017 F9000
;TYPE:Solid infill
;WIDTH:0.48884
G1 F900
G1 X114.295 Y113.848 E.0096
;WIDTH:0.526922
G1 X114.492 Y113.679 E.01045
;WIDTH:0.545532
G1 X114.953 Y113.419 E.02212
G1 X115.481 Y113.264 E.023
;WIDTH:0.54772
G1 X116.048 Y113.256 E.0238
G1 X116.622 Y113.385 E.02469
;WIDTH:0.541946
G1 X117.168 Y113.672 E.0256
G1 X117.42 Y113.865 E.01317
;WIDTH:0.523646
G1 X117.794 Y114.297 E.02284
;WIDTH:0.519626
G1 X118.026 Y114.773 E.02099
;WIDTH:0.505976
G1 X118.048 Y115.39 E.02377
;WIDTH:0.505528
G1 X117.919 Y116.005 E.02417
;WIDTH:0.505916
G1 X117.648 Y116.551 E.02347
;WIDTH:0.506418
G1 X117.271 Y116.989 E.02227
;WIDTH:0.509252
G1 X116.841 Y117.294 E.02044
;WIDTH:0.511052
G1 X116.257 Y117.511 E.02425
;WIDTH:0.521536
G1 X115.992 Y117.559 E.01072
G1 X115.496 Y117.552 E.01974
;LAYER_CHANGE
;Z:16.2
;HEIGHT:0.200001
;BEFORE_LAYER_CHANGE
G92 E0
;16.2


G1 E-3.5 F3600
;WIPE_START
G1 F7200
G1 X115.992 Y117.559 E-.23562
G1 X116.257 Y117.511 E-.12792
G1 X116.841 Y117.294 E-.29593
G1 X117.271 Y116.989 E-.25041
G1 X117.648 Y116.551 E-.2745
G1 X117.919 Y116.005 E-.28954
G1 X117.93 Y115.951 E-.02608
;WIPE_END
G1 Z16.2 F9000
;AFTER_LAYER_CHANGE
;16.2
G1 X118.289 Y116.517
G1 E5 F2400
;TYPE:Perimeter
;WIDTH:0.439999
G1 F900
G1 X118.109 Y116.866 E.01297
G1 X117.748 Y117.299 E.01861
G1 X117.366 Y117.626 E.0166
G1 X116.914 Y117.876 E.01705
G1 X116.418 Y118.049 E.01734
G1 X115.933 Y118.11 E.01614
G1 X115.425 Y118.088 E.01679
G1 X114.811 Y117.913 E.02108
G1 X114.277 Y117.6 E.02044
G1 X113.853 Y117.176 E.0198
G1 X113.614 Y116.787 E.01507
G1 X113.443 Y116.315 E.01658
G1 X113.403 Y115.861 E.01505
G1 X113.432 Y115.353 E.0168
G1 X113.731 Y114.433 E.03194
G1 X113.891 Y114.158 E.0105
G1 X114.181 Y113.75 E.01653
G1 X114.622 Y113.406 E.01847
G1 X115.153 Y113.176 E.01911
G1 X115.744 Y113.082 E.01976
G1 X116.361 Y113.143 E.02047
G1 X116.801 Y113.292 E.01534
G1 X117.242 Y113.531 E.01656
G1 X117.61 Y113.845 E.01597
G1 X117.948 Y114.25 E.01742
G1 X118.2 Y114.737 E.0181
G1 X118.355 Y115.222 E.01681
G1 X118.41 Y115.759 E.01782
G1 X118.339 Y116.422 E.02202
G1 X118.317 Y116.464 E.00157
G1 X118.646 Y116.692 F9000
G1 F900
G1 X118.539 Y116.899 E.00769
G1 X118.298 Y117.275 E.01475
G1 X117.913 Y117.698 E.01889
G1 X117.402 Y118.068 E.02083
G1 X116.884 Y118.323 E.01906
G1 X116.3 Y118.471 E.01989
G1 X115.742 Y118.515 E.01848
G1 X115.17 Y118.439 E.01905
G1 X114.654 Y118.279 E.01784
G1 X114.173 Y118.009 E.01821
G1 X113.768 Y117.681 E.01721
G1 X113.447 Y117.286 E.01681
G1 X113.193 Y116.835 E.01709
G1 X113.015 Y116.218 E.0212
G1 X113.002 Y115.705 E.01694
G1 X113.046 Y115.259 E.0148
G1 X113.367 Y114.27 E.03433
G1 X113.698 Y113.7 E.02176
G1 X113.989 Y113.389 E.01406
G1 X114.418 Y113.064 E.01777
G1 X114.888 Y112.849 E.01706
G1 X115.381 Y112.718 E.01684
G1 X115.92 Y112.691 E.01782
G1 X116.449 Y112.755 E.01759
G1 X116.984 Y112.939 E.01868
G1 X117.468 Y113.203 E.0182
G1 X117.916 Y113.59 E.01955
G1 X118.279 Y114.03 E.01883
G1 X118.567 Y114.584 E.02062
G1 X118.744 Y115.14 E.01927
G1 X118.811 Y115.955 E.027
G1 X118.721 Y116.547 E.01977
G1 X118.673 Y116.639 E.00343
G1 X118.993 Y116.863 F9000
;TYPE:External perimeter
;WIDTH:0.419999
G1 F900
G1 X118.775 Y117.285 E.01489
G1 X118.367 Y117.787 E.02028
G1 X117.972 Y118.146 E.01674
G1 X117.428 Y118.505 E.02044
G1 X116.79 Y118.756 E.0215
G1 X116.164 Y118.886 E.02005
G1 X115.505 Y118.882 E.02066
G1 X114.894 Y118.775 E.01945
G1 X114.307 Y118.537 E.01986
G1 X113.796 Y118.221 E.01884
G1 X113.355 Y117.798 E.01916
G1 X113.012 Y117.333 E.01812
G1 X112.758 Y116.767 E.01945
G1 X112.629 Y116.265 E.01625
G1 X112.615 Y115.715 E.01725
G1 X112.669 Y115.167 E.01727
G1 X113.012 Y114.111 E.03481
G1 X113.382 Y113.474 E.0231
G1 X113.777 Y113.06 E.01794
G1 X114.22 Y112.731 E.0173
G1 X114.756 Y112.485 E.01849
G1 X115.321 Y112.335 E.01833
G1 X115.933 Y112.304 E.01921
G1 X116.535 Y112.376 E.01901
G1 X117.139 Y112.584 E.02003
G1 X117.688 Y112.884 E.01962
G1 X118.192 Y113.318 E.02085
G1 X118.602 Y113.815 E.0202
G1 X118.923 Y114.434 E.02186
G1 X119.124 Y115.06 E.02061
G1 X119.199 Y115.98 E.02894
G1 X119.094 Y116.668 E.02182
G1 X119.021 Y116.81 E.00501
G1 X117.535 Y116.29 F9000
;TYPE:Internal infill
;WIDTH:0.44
G1 F900
G1 X117.627 Y115.894 E.01342
G1 X117.508 Y115.117 E.02595
G1 X117.281 Y114.671 E.01652
G1 X116.808 Y114.192 E.02223
G1 X114.336 Y116.664 E.11543
G1 X114.655 Y116.901 E.01312
G1 X115.105 Y117.173 E.01736
G1 X115.751 Y117.328 E.02193
G1 X116.453 Y117.218 E.02346
G1 X116.95 Y116.95 E.01864
G1 X114.213 Y114.213 E.1278
G1 X114.012 Y114.559 E.01321
G1 X113.73 Y115.426 E.0301
G1 X113.716 Y116.134 E.02338
G1 X113.815 Y116.472 E.01163
G1 E-3.5 F3600
;WIPE_START
G1 F7200
G1 X113.716 Y116.134 E-.1673
G1 X113.73 Y115.426 E-.33637
G1 X114.012 Y114.559 E-.43306
G1 X114.213 Y114.213 E-.19007
G1 X114.769 Y114.769 E-.3732
;WIPE_END
G1 X115.491 Y113.454 F9000
G1 E5 F2400
;TYPE:Solid infill
;WIDTH:0.532444
G1 F900
G1 X116.018 Y113.445 E.02145
G1 X116.522 Y113.556 E.02101
;WIDTH:0.524808
G1 X117.001 Y113.794 E.02143
;WIDTH:0.519308
G1 X117.441 Y114.173 E.023
G1 X117.784 Y114.666 E.02379
;WIDTH:0.519488
G1 X117.999 Y115.248 E.02459
;WIDTH:0.519632
G1 X118.063 Y115.874 E.02494
G1 X117.971 Y116.396 E.02101
;WIDTH:0.50598
G1 X117.626 Y116.909 E.0238
;WIDTH:0.50553
G1 X117.16 Y117.33 E.02416
;WIDTH:0.505918
G1 X116.62 Y117.613 E.02347
;WIDTH:0.506424
G1 X116.058 Y117.745 E.02225
;WIDTH:0.509256
G1 X115.531 Y117.74 E.02044
;WIDTH:0.515656
G1 X114.968 Y117.586 E.02294
G1 X114.429 Y117.266 E.02464
;WIDTH:0.504838
G1 X114.288 Y117.16 E.00678
;LAYER_CHANGE
;Z:16.4
;HEIGHT:0.199999
;BEFORE_LAYER_CHANGE
G92 E0
;16.4


G1 E-3.5 F3600
;WIPE_START
G1 F7200
G1 X114.429 Y117.266 E-.08379
G1 X114.968 Y117.586 E-.29775
G1 X115.531 Y117.74 E-.27725
G1 X116.058 Y117.745 E-.25034
G1 X116.62 Y117.613 E-.27421
G1 X117.16 Y117.33 E-.28959
G1 X117.202 Y117.292 E-.02707
;WIPE_END
G1 Z16.4 F9000
;AFTER_LAYER_CHANGE
;16.4
G1 X117.159 Y117.963
G1 E5 F2400
;TYPE:Perimeter
;WIDTH:0.439999
G1 F900
G1 X116.808 Y118.138 E.01295
G1 X116.261 Y118.277 E.01863
G1 X115.76 Y118.317 E.01659
G1 X115.245 Y118.252 E.01714
G1 X114.744 Y118.101 E.01728
G1 X114.316 Y117.866 E.01612
G1 X113.918 Y117.55 E.01678
G1 X113.524 Y117.047 E.0211
G1 X113.276 Y116.48 E.02043
G1 X113.182 Y115.888 E.01979
G1 X113.237 Y115.312 E.0191
G1 X113.416 Y114.815 E.01744
G1 X113.739 Y114.346 E.0188
G1 X114.188 Y113.957 E.01961
G1 X114.691 Y113.6 E.02037
G1 X115.226 Y113.363 E.01932
G1 X115.706 Y113.285 E.01606
G1 X116.334 Y113.343 E.02082
G1 X116.858 Y113.534 E.01841
G1 X117.362 Y113.877 E.02013
G1 X117.776 Y114.351 E.02078
G1 X117.997 Y114.767 E.01555
G1 X118.157 Y115.251 E.01683
G1 X118.215 Y115.928 E.02243
G1 X118.133 Y116.47 E.0181
G1 X117.973 Y116.953 E.0168
G1 X117.702 Y117.421 E.01786
G1 X117.254 Y117.915 E.02202
G1 X117.212 Y117.936 E.00155
G1 X117.344 Y118.314 F9000
G1 F900
G1 X117.137 Y118.418 E.00765
G1 X116.72 Y118.58 E.01477
G1 X116.16 Y118.697 E.01889
G1 X115.529 Y118.696 E.02083
G1 X114.961 Y118.598 E.01903
G1 X114.401 Y118.374 E.01991
G1 X113.924 Y118.081 E.01848
G1 X113.506 Y117.684 E.01903
G1 X113.182 Y117.251 E.01786
G1 X112.952 Y116.749 E.01823
G1 X112.817 Y116.247 E.01716
G1 X112.79 Y115.738 E.01683
G1 X112.849 Y115.224 E.01708
G1 X113.068 Y114.621 E.02118
G1 X113.44 Y114.079 E.0217
G1 X113.943 Y113.644 E.02196
G1 X114.494 Y113.253 E.02231
G1 X115.1 Y112.985 E.02188
G1 X115.705 Y112.886 E.02024
G1 X116.408 Y112.951 E.02331
G1 X116.897 Y113.118 E.01706
G1 X117.343 Y113.359 E.01674
G1 X117.76 Y113.715 E.0181
G1 X118.106 Y114.129 E.01781
G1 X118.373 Y114.636 E.01892
G1 X118.546 Y115.167 E.01844
G1 X118.608 Y115.73 E.0187
G1 X118.59 Y116.161 E.01424
G1 X118.479 Y116.733 E.01924
G1 X118.219 Y117.34 E.0218
G1 X117.911 Y117.814 E.01866
G1 X117.491 Y118.24 E.01975
G1 X117.398 Y118.287 E.00344
G1 X117.525 Y118.656 F9000
;TYPE:External perimeter
;WIDTH:0.419999
G1 F900
G1 X117.1 Y118.869 E.01491
G1 X116.475 Y119.036 E.02028
G1 X115.945 Y119.093 E.01671
G1 X115.293 Y119.064 E.02046
G1 X114.63 Y118.892 E.02148
G1 X114.047 Y118.63 E.02004
G1 X113.516 Y118.24 E.02066
G1 X113.085 Y117.794 E.01945
G1 X112.75 Y117.256 E.01987
G1 X112.522 Y116.7 E.01884
G1 X112.414 Y116.098 E.01918
G1 X112.409 Y115.52 E.01812
G1 X112.537 Y114.914 E.01942
G1 X112.728 Y114.431 E.01629
G1 X113.15 Y113.819 E.02331
G1 X113.703 Y113.339 E.02296
G1 X114.302 Y112.914 E.02303
G1 X114.774 Y112.706 E.01617
G1 X115.192 Y112.567 E.01381
G1 X115.703 Y112.497 E.01617
G1 X116.48 Y112.569 E.02447
G1 X117.051 Y112.762 E.0189
G1 X117.561 Y113.039 E.0182
G1 X118.035 Y113.442 E.01951
G1 X118.428 Y113.912 E.01921
G1 X118.729 Y114.485 E.02029
G1 X118.925 Y115.086 E.01982
G1 X118.996 Y115.756 E.02112
G1 X118.954 Y116.405 E.02039
G1 X118.78 Y117.034 E.02046
G1 X118.561 Y117.52 E.01671
G1 X118.21 Y118.063 E.02027
G1 X117.722 Y118.558 E.02179
G1 X117.578 Y118.629 E.00503
G1 E-3.5 F3600
;WIPE_START
G1 F7200
G1 X117.525 Y118.656 E-.02825
G1 X117.1 Y118.869 E-.22581
G1 X116.475 Y119.036 E-.30729
G1 X115.945 Y119.093 E-.2532
G1 X115.293 Y119.064 E-.31001
G1 X114.63 Y118.892 E-.32535
G1 X114.534 Y118.849 E-.05009
;WIPE_END
G1 X114.844 Y117.271 F9000
G1 E5 F2400
;TYPE:Internal infill
;WIDTH:0.44
G1 F900
G1 X115.504 Y117.504 E.02311
G1 X116.014 Y117.519 E.01685
G1 X116.782 Y117.291 E.02645
G1 X117.022 Y117.022 E.0119
G1 X114.281 Y114.281 E.12799
G1 X114.843 Y113.867 E.02305
G1 X115.323 Y113.655 E.01733
G1 X115.708 Y113.592 E.01288
G1 X115.891 Y113.609 E.00607
G1 X115.83 Y113.734 E.00459
G1 X116.662 Y114.338 E.03395
G1 X114.276 Y116.724 E.11141
G1 X114.102 Y116.449 E.01074
G1 X113.719 Y115.268 E.04099
G1 X113.562 Y115.29 E.00523
G1 X113.684 Y114.964 E.01149
G1 X113.859 Y114.711 E.01016
G1 E-3.5 F3600
;WIPE_START
G1 F7200
G1 X113.684 Y114.964 E-.14612
G1 X113.562 Y115.29 E-.16534
G1 X113.719 Y115.268 E-.0753
G1 X114.102 Y116.449 E-.58974
G1 X114.276 Y116.724 E-.15458
G1 X114.825 Y116.175 E-.36892
;WIPE_END
G1 X116.479 Y113.709 F9000
G1 E5 F2400
;TYPE:Solid infill
;WIDTH:0.490511
G1 F900
G1 X116.703 Y113.846 E.00977
;WIDTH:0.531392
G1 X116.926 Y113.984 E.01065
;WIDTH:0.532736
G1 X117.121 Y114.136 E.01007
G1 X117.469 Y114.528 E.02135
;WIDTH:0.524806
G1 X117.717 Y115.003 E.02147
;WIDTH:0.51931
G1 X117.851 Y115.567 E.02296
;WIDTH:0.519412
G1 X117.838 Y116.168 E.02382
G1 X117.67 Y116.765 E.02457
;WIDTH:0.51963
G1 X117.354 Y117.309 E.02494
G1 X116.972 Y117.677 E.02103
;WIDTH:0.505976
G1 X116.392 Y117.889 E.02378
;WIDTH:0.505528
G1 X115.767 Y117.956 E.02418
;WIDTH:0.50592
G1 X115.165 Y117.868 E.02342
;WIDTH:0.50642
G1 X114.632 Y117.645 E.02227
;WIDTH:0.509254
G1 X114.208 Y117.33 E.02048
;WIDTH:0.511056
G1 X113.821 Y116.842 E.02424
;WIDTH:0.52153
G1 X113.693 Y116.604 E.01075
G1 X113.547 Y116.131 E.0197
;LAYER_CHANGE
;Z:16.6
;HEIGHT:0.200001
;BEFORE_LAYER_CHANGE
G92 E0
;16.6


G1 E-3.5 F3600
;WIPE_START
G1 F7200
G1 X113.693 Y116.604 E-.23513
G1 X113.821 Y116.842 E-.12836
G1 X114.208 Y117.33 E-.29584
G1 X114.632 Y117.645 E-.2509
G1 X115.165 Y117.868 E-.27444
G1 X115.767 Y117.956 E-.28899
G1 X115.822 Y117.95 E-.02634
;WIPE_END
G1 Z16.6 F9000
;AFTER_LAYER_CHANGE
;16.6
G1 X115.395 Y118.467
G1 E5 F2400
;TYPE:Perimeter
;WIDTH:0.439999
G1 F900
G1 X115.007 Y118.403 E.01298
G1 X114.484 Y118.194 E.0186
G1 X114.055 Y117.931 E.01661
G1 X113.676 Y117.577 E.01712
G1 X113.36 Y117.16 E.01727
G1 X113.151 Y116.718 E.01614
G1 X113.015 Y116.229 E.01676
G1 X112.992 Y115.59 E.02111
G1 X113.125 Y114.985 E.02045
G1 X113.397 Y114.451 E.01979
G1 X113.78 Y114.018 E.01909
G1 X114.217 Y113.721 E.01745
G1 X114.753 Y113.531 E.01878
G1 X115.346 Y113.481 E.01965
G1 X115.963 Y113.487 E.02037
G1 X116.534 Y113.61 E.01929
G1 X116.996 Y113.845 E.01711
G1 X117.424 Y114.22 E.01879
G1 X117.755 Y114.708 E.01947
G1 X117.96 Y115.281 E.02009
G1 X118.012 Y115.737 E.01515
G1 X118.002 Y116.055 E.0105
G1 X117.911 Y116.548 E.01655
G1 X117.726 Y116.996 E.016
G1 X117.445 Y117.442 E.0174
G1 X117.06 Y117.833 E.01812
G1 X116.647 Y118.129 E.01678
G1 X116.153 Y118.348 E.01784
G1 X115.5 Y118.485 E.02203
G1 X115.454 Y118.477 E.00154
G1 X115.338 Y118.86 F9000
G1 F900
G1 X115.109 Y118.823 E.00766
G1 X114.676 Y118.709 E.01478
G1 X114.155 Y118.474 E.01887
G1 X113.645 Y118.103 E.02082
G1 X113.243 Y117.689 E.01905
G1 X112.922 Y117.179 E.0199
G1 X112.708 Y116.662 E.01847
G1 X112.603 Y116.094 E.01907
G1 X112.596 Y115.554 E.01783
G1 X112.704 Y115.013 E.01821
G1 X112.891 Y114.527 E.01719
G1 X113.167 Y114.099 E.01681
G1 X113.518 Y113.718 E.0171
G1 X114.049 Y113.359 E.02116
G1 X114.669 Y113.14 E.02171
G1 X115.331 Y113.083 E.02194
G1 X116.007 Y113.091 E.02232
G1 X116.655 Y113.23 E.02188
G1 X117.218 Y113.515 E.02083
G1 X117.608 Y113.844 E.01685
G1 X117.932 Y114.228 E.01659
G1 X118.183 Y114.697 E.01756
G1 X118.349 Y115.195 E.01733
G1 X118.409 Y115.749 E.0184
G1 X118.377 Y116.293 E.01799
G1 X118.221 Y116.855 E.01926
G1 X117.981 Y117.366 E.01864
G1 X117.611 Y117.851 E.02014
G1 X117.186 Y118.249 E.01922
G1 X116.618 Y118.586 E.02181
G1 X116.091 Y118.789 E.01865
G1 X115.5 Y118.887 E.01978
G1 X115.397 Y118.87 E.00345
G1 X115.283 Y119.244 F9000
;TYPE:External perimeter
;WIDTH:0.419999
G1 F900
G1 X114.814 Y119.166 E.01491
G1 X114.211 Y118.933 E.02027
G1 X113.748 Y118.669 E.01671
G1 X113.238 Y118.262 E.02046
G1 X112.803 Y117.733 E.02147
G1 X112.485 Y117.178 E.02006
G1 X112.285 Y116.55 E.02066
G1 X112.198 Y115.936 E.01944
G1 X112.243 Y115.304 E.01987
G1 X112.386 Y114.72 E.01885
G1 X112.652 Y114.17 E.01916
G1 X112.988 Y113.7 E.01811
G1 X113.447 Y113.284 E.01942
G1 X113.885 Y113.006 E.01627
G1 X114.587 Y112.759 E.02333
G1 X115.317 Y112.696 E.02297
G1 X116.05 Y112.704 E.02298
G1 X116.467 Y112.794 E.01338
G1 X116.975 Y112.946 E.01663
G1 X117.435 Y113.193 E.01637
G1 X117.881 Y113.57 E.01831
G1 X118.253 Y114.009 E.01804
G1 X118.538 Y114.543 E.01898
G1 X118.727 Y115.112 E.0188
G1 X118.802 Y115.936 E.02594
G1 X118.709 Y116.577 E.02031
G1 X118.515 Y117.178 E.0198
G1 X118.178 Y117.762 E.02114
G1 X117.762 Y118.262 E.02039
G1 X117.252 Y118.669 E.02046
G1 X116.789 Y118.933 E.01671
G1 X116.186 Y119.166 E.02027
G1 X115.5 Y119.279 E.0218
G1 X115.342 Y119.253 E.00502
G1 X114.81 Y117.476 F9000
;TYPE:Internal infill
;WIDTH:0.44
G1 F900
G1 X115.484 Y117.703 E.02348
G1 X115.783 Y117.644 E.01006
G1 X116.485 Y117.291 E.02594
G1 X116.879 Y116.879 E.01882
G1 X114.132 Y114.132 E.12827
G1 X114.817 Y113.833 E.02468
G1 X115.463 Y113.788 E.02138
G1 X115.929 Y113.793 E.01539
G1 X116.441 Y113.903 E.01729
G1 X116.868 Y114.132 E.016
G1 X114.121 Y116.879 E.12827
G1 X113.839 Y116.304 E.02115
G1 X113.786 Y115.598 E.02338
G1 X114.082 Y114.615 E.0339
G1 X113.549 Y114.862 F9000
;TYPE:Solid infill
;WIDTH:0.523786
G1 F900
G1 X113.382 Y115.356 E.02085
;WIDTH:0.545924
G1 X113.344 Y115.895 E.0226
G1 X113.431 Y116.446 E.02333
;WIDTH:0.53924
G1 X113.666 Y116.976 E.02393
;WIDTH:0.54055
G1 X114.038 Y117.445 E.02477
;WIDTH:0.541288
G1 X114.532 Y117.818 E.02565
G1 X115.103 Y118.058 E.02567
;WIDTH:0.54105
G1 X115.5 Y118.133 E.01673
;WIDTH:0.523494
G1 X115.937 Y118.055 E.01774
G1 X116.458 Y117.822 E.02281
;WIDTH:0.50566
G1 X116.952 Y117.451 E.02377
;WIDTH:0.50621
G1 X117.327 Y116.984 E.02307
;WIDTH:0.506762
G1 X117.564 Y116.456 E.02232
;WIDTH:0.510052
G1 X117.655 Y115.929 E.02077
;WIDTH:0.512582
G1 X117.601 Y115.33 E.02349
G1 X117.472 Y114.977 E.01468
;WIDTH:0.480832
G1 X117.344 Y114.624 E.01367
;LAYER_CHANGE
;Z:16.8
;HEIGHT:0.199999
;BEFORE_LAYER_CHANGE
G92 E0
;16.8


G1 E-3.5 F3600
;WIPE_START
G1 F7200
G1 X117.472 Y114.977 E-.17836
G1 X117.601 Y115.33 E-.17852
G1 X117.655 Y115.929 E-.28568
G1 X117.564 Y116.456 E-.25403
G1 X117.327 Y116.984 E-.27491
G1 X116.952 Y117.451 E-.28449
G1 X116.878 Y117.507 E-.04401
;WIPE_END
G1 Z16.8 F9000
;AFTER_LAYER_CHANGE
;16.8
G1 X113.843 Y117.958
G1 E5 F2400
;TYPE:Perimeter
;WIDTH:0.439999
G1 F900
G1 X113.746 Y117.915 E.0035
G1 X113.298 Y117.421 E.02202
G1 X113.027 Y116.953 E.01786
G1 X112.856 Y116.425 E.01832
G1 X112.785 Y115.928 E.01658
G1 X112.815 Y115.434 E.01634
G1 X112.933 Y114.931 E.01706
G1 X113.224 Y114.351 E.02143
G1 X113.639 Y113.877 E.0208
G1 X114.142 Y113.534 E.0201
G1 X114.696 Y113.334 E.01945
G1 X115.231 Y113.283 E.01774
G1 X115.803 Y113.376 E.01913
G1 X116.304 Y113.597 E.01808
G1 X117.061 Y114.148 E.03091
G1 X117.273 Y114.385 E.0105
G1 X117.572 Y114.786 E.01652
G1 X117.763 Y115.312 E.01848
G1 X117.818 Y115.888 E.0191
G1 X117.724 Y116.48 E.01979
G1 X117.476 Y117.047 E.02043
G1 X117.198 Y117.42 E.01536
G1 X116.834 Y117.765 E.01656
G1 X116.422 Y118.018 E.01596
G1 X115.932 Y118.215 E.01744
G1 X115.391 Y118.304 E.0181
G1 X114.882 Y118.301 E.01681
G1 X114.354 Y118.188 E.01783
G1 X113.898 Y117.983 E.01651
G1 X113.656 Y118.314 F9000
G1 F900
G1 X113.509 Y118.24 E.00543
G1 X113.089 Y117.814 E.01975
G1 X112.743 Y117.266 E.0214
G1 X112.521 Y116.733 E.01906
G1 X112.406 Y116.123 E.0205
G1 X112.396 Y115.551 E.01889
G1 X112.51 Y114.968 E.01961
G1 X112.706 Y114.451 E.01826
G1 X113.014 Y113.973 E.01877
G1 X113.375 Y113.579 E.01764
G1 X113.819 Y113.263 E.01799
G1 X114.28 Y113.041 E.01689
G1 X114.758 Y112.922 E.01626
G1 X115.258 Y112.885 E.01655
G1 X115.917 Y112.993 E.02205
G1 X116.503 Y113.251 E.02114
G1 X117.329 Y113.851 E.03371
G1 X117.768 Y114.343 E.02177
G1 X117.974 Y114.715 E.01404
G1 X118.151 Y115.224 E.01779
G1 X118.216 Y115.9 E.02242
G1 X118.142 Y116.427 E.01757
G1 X117.984 Y116.928 E.01734
G1 X117.708 Y117.412 E.0184
G1 X117.361 Y117.833 E.01801
G1 X116.905 Y118.196 E.01924
G1 X116.41 Y118.468 E.01865
G1 X115.826 Y118.643 E.02013
G1 X115.248 Y118.714 E.01923
G1 X114.59 Y118.654 E.02182
G1 X114.044 Y118.508 E.01866
G1 X113.71 Y118.341 E.01233
G1 X113.475 Y118.656 F9000
;TYPE:External perimeter
;WIDTH:0.419999
G1 F900
G1 X113.278 Y118.558 E.0069
G1 X112.79 Y118.063 E.02179
G1 X112.4 Y117.446 E.02289
G1 X112.15 Y116.845 E.02041
G1 X112.021 Y116.163 E.02176
G1 X112.01 Y115.518 E.02023
G1 X112.138 Y114.863 E.02093
G1 X112.359 Y114.277 E.01964
G1 X112.707 Y113.737 E.02014
G1 X113.117 Y113.289 E.01904
G1 X113.622 Y112.93 E.01943
G1 X114.149 Y112.676 E.01834
G1 X114.76 Y112.53 E.0197
G1 X115.284 Y112.497 E.01646
G1 X116.028 Y112.619 E.02364
G1 X116.697 Y112.914 E.02292
G1 X117.59 Y113.562 E.03459
G1 X118.081 Y114.112 E.02312
G1 X118.353 Y114.615 E.01793
G1 X118.529 Y115.138 E.0173
G1 X118.597 Y115.705 E.01791
G1 X118.584 Y116.118 E.01296
G1 X118.478 Y116.7 E.01855
G1 X118.241 Y117.275 E.0195
G1 X117.915 Y117.794 E.01922
G1 X117.463 Y118.258 E.02031
G1 X116.953 Y118.63 E.01979
G1 X116.337 Y118.904 E.02114
G1 X115.707 Y119.064 E.02038
G1 X115.055 Y119.093 E.02046
G1 X114.525 Y119.036 E.01671
G1 X113.9 Y118.869 E.02028
G1 X113.529 Y118.683 E.01301
G1 E-3.5 F3600
;WIPE_START
G1 F7200
G1 X113.475 Y118.656 E-.02868
G1 X113.278 Y118.558 E-.10451
G1 X112.79 Y118.063 E-.33017
G1 X112.4 Y117.446 E-.34671
G1 X112.15 Y116.845 E-.30919
G1 X112.021 Y116.163 E-.32969
G1 X112.019 Y116.056 E-.05105
;WIPE_END
G1 X113.682 Y116.455 F9000
G1 E5 F2400
;TYPE:Internal infill
;WIDTH:0.44
G1 F900
G1 X113.572 Y115.876 E.01946
G1 X113.683 Y115.174 E.02347
G1 X114.031 Y114.608 E.02194
G1 X114.34 Y114.34 E.01351
G1 X116.726 Y116.726 E.11141
G1 X116.911 Y116.407 E.01218
G1 X117.281 Y115.268 E.03954
G1 X117.438 Y115.29 E.00523
G1 X117.2 Y114.761 E.01915
G1 X116.721 Y114.279 E.02244
G1 X113.978 Y117.022 E.12808
G1 X114.218 Y117.291 E.0119
G1 X114.986 Y117.519 E.02645
G1 X115.496 Y117.504 E.01685
G1 X116.156 Y117.271 E.02311
G1 X117.507 Y115.875 F9000
;TYPE:Solid infill
;WIDTH:0.489626
G1 F900
G1 X117.446 Y116.128 E.00967
;WIDTH:0.53017
G1 X117.385 Y116.38 E.0105
;WIDTH:0.545626
G1 X117.166 Y116.862 E.02213
G1 X116.83 Y117.296 E.02294
;WIDTH:0.539584
G1 X116.378 Y117.641 E.02348
;WIDTH:0.540296
G1 X115.835 Y117.87 E.02437
;WIDTH:0.540994
G1 X115.233 Y117.958 E.0252
;WIDTH:0.541932
G1 X114.6 Y117.89 E.02642
G1 X114.297 Y117.803 E.01308
;WIDTH:0.521838
G1 X113.866 Y117.553 E.01984
;WIDTH:0.507542
G1 X113.503 Y117.087 E.02282
;WIDTH:0.50553
G1 X113.246 Y116.513 E.02419
;WIDTH:0.505924
G1 X113.144 Y115.913 E.02343
;WIDTH:0.506424
G1 X113.192 Y115.337 E.02228
;WIDTH:0.509256
G1 X113.36 Y114.837 E.02045
;WIDTH:0.515654
G1 X113.681 Y114.35 E.02293
G1 X114.151 Y113.936 E.02462
;WIDTH:0.50484
G1 X114.295 Y113.835 E.00676
;LAYER_CHANGE
;Z:17
;HEIGHT:0.200001
;BEFORE_LAYER_CHANGE
G92 E0
;17


G1 E-3.5 F3600
;WIPE_START
G1 F7200
G1 X114.151 Y113.936 E-.08355
G1 X113.681 Y114.35 E-.29751
G1 X113.36 Y114.837 E-.27706
G1 X113.192 Y115.337 E-.25055
G1 X113.144 Y115.913 E-.27455
G1 X113.246 Y116.513 E-.28909
G1 X113.27 Y116.566 E-.02769
;WIPE_END
G1 Z17 F9000
;AFTER_LAYER_CHANGE
;17
G1 X112.645 Y116.317
G1 E5 F2400
;TYPE:Perimeter
;WIDTH:0.439999
G1 F900
G1 X112.587 Y115.928 E.01299
G1 X112.624 Y115.366 E.0186
G1 X112.741 Y114.877 E.0166
G1 X112.96 Y114.409 E.01706
G1 X113.259 Y113.978 E.01732
G1 X113.616 Y113.643 E.01616
G1 X114.039 Y113.362 E.01677
G1 X114.639 Y113.143 E.02109
G1 X115.255 Y113.082 E.02044
G1 X115.847 Y113.176 E.01979
G1 X116.269 Y113.35 E.01507
G1 X116.685 Y113.631 E.01658
G1 X116.984 Y113.975 E.01505
G1 X117.259 Y114.403 E.0168
G1 X117.558 Y115.324 E.03197
G1 X117.595 Y116.14 E.02697
G1 X117.441 Y116.678 E.01848
G1 X117.147 Y117.176 E.01909
G1 X116.723 Y117.6 E.0198
G1 X116.189 Y117.913 E.02044
G1 X115.745 Y118.051 E.01535
G1 X115.248 Y118.117 E.01655
G1 X114.765 Y118.079 E.016
G1 X114.254 Y117.95 E.0174
G1 X113.764 Y117.704 E.0181
G1 X113.354 Y117.403 E.01679
G1 X112.993 Y117.001 E.01784
G1 X112.661 Y116.422 E.02204
G1 X112.654 Y116.376 E.00154
G1 X112.254 Y116.384 F9000
G1 F900
G1 X112.219 Y116.155 E.00765
G1 X112.193 Y115.708 E.01478
G1 X112.256 Y115.14 E.01887
G1 X112.452 Y114.54 E.02084
G1 X112.721 Y114.03 E.01904
G1 X113.107 Y113.567 E.0199
G1 X113.532 Y113.203 E.01848
G1 X114.039 Y112.929 E.01903
G1 X114.551 Y112.755 E.01785
G1 X115.099 Y112.69 E.01822
G1 X115.619 Y112.718 E.01719
G1 X116.111 Y112.849 E.01681
G1 X116.582 Y113.064 E.01709
G1 X117.088 Y113.458 E.02117
G1 X117.4 Y113.866 E.01696
G1 X117.627 Y114.253 E.01481
G1 X117.949 Y115.241 E.03431
G1 X117.981 Y115.562 E.01065
G1 X117.999 Y116.079 E.01708
G1 X117.919 Y116.521 E.01483
G1 X117.726 Y116.993 E.01684
G1 X117.462 Y117.42 E.01658
G1 X117.093 Y117.803 E.01756
G1 X116.67 Y118.115 E.01735
G1 X116.162 Y118.344 E.0184
G1 X115.635 Y118.482 E.01799
G1 X115.052 Y118.507 E.01927
G1 X114.492 Y118.436 E.01864
G1 X113.916 Y118.234 E.02015
G1 X113.407 Y117.952 E.01921
G1 X112.91 Y117.517 E.02181
G1 X112.554 Y117.078 E.01866
G1 X112.279 Y116.547 E.01974
G1 X112.263 Y116.444 E.00344
G1 X111.873 Y116.45 F9000
;TYPE:External perimeter
;WIDTH:0.419999
G1 F900
G1 X111.801 Y115.98 E.01491
G1 X111.836 Y115.335 E.02025
G1 X111.945 Y114.813 E.01672
G1 X112.174 Y114.202 E.02046
G1 X112.543 Y113.625 E.02147
G1 X112.972 Y113.151 E.02005
G1 X113.508 Y112.767 E.02067
G1 X114.065 Y112.495 E.01944
G1 X114.68 Y112.342 E.01987
G1 X115.279 Y112.297 E.01883
G1 X115.885 Y112.38 E.01918
G1 X116.436 Y112.554 E.01812
G1 X116.973 Y112.863 E.01943
G1 X117.373 Y113.194 E.01628
G1 X117.708 Y113.631 E.01726
G1 X117.987 Y114.106 E.01727
G1 X118.329 Y115.161 E.03477
G1 X118.373 Y115.584 E.01333
G1 X118.372 Y116.259 E.02116
G1 X118.224 Y116.818 E.01813
G1 X117.988 Y117.333 E.01776
G1 X117.632 Y117.813 E.01874
G1 X117.204 Y118.221 E.01854
G1 X116.674 Y118.547 E.01951
G1 X116.106 Y118.775 E.01919
G1 X115.467 Y118.885 E.02033
G1 X114.836 Y118.886 E.01978
G1 X114.176 Y118.745 E.02116
G1 X113.572 Y118.505 E.02038
G1 X113.028 Y118.146 E.02044
G1 X112.633 Y117.787 E.01674
G1 X112.225 Y117.285 E.02028
G1 X111.906 Y116.668 E.02178
G1 X111.882 Y116.51 E.00501
G1 X113.465 Y116.29 F9000
;TYPE:Internal infill
;WIDTH:0.44
G1 F900
G1 X113.373 Y115.894 E.01342
G1 X113.492 Y115.117 E.02595
G1 X113.719 Y114.671 E.01652
G1 X114.192 Y114.192 E.02223
G1 X116.662 Y116.662 E.11533
G1 X116.109 Y117.063 E.02255
G1 X115.651 Y117.266 E.01654
G1 X115.016 Y117.322 E.02105
G1 X114.547 Y117.218 E.01586
G1 X114.05 Y116.95 E.01864
G1 X116.783 Y114.217 E.12761
G1 X116.975 Y114.519 E.01182
G1 X117.257 Y115.387 E.03013
G1 X117.31 Y115.902 E.01709
G1 X117.184 Y116.462 E.01895
G1 X116.903 Y116.983 F9000
;TYPE:Solid infill
;WIDTH:0.489631
G1 F900
G1 X116.705 Y117.151 E.00965
;WIDTH:0.530168
G1 X116.507 Y117.32 E.01055
;WIDTH:0.545622
G1 X116.047 Y117.581 E.02211
G1 X115.521 Y117.735 E.02291
;WIDTH:0.539584
G1 X114.952 Y117.748 E.0235
;WIDTH:0.540294
G1 X114.378 Y117.614 E.02438
;WIDTH:0.540996
G1 X113.839 Y117.332 E.02519
;WIDTH:0.54193
G1 X113.367 Y116.904 E.02644
G1 X113.173 Y116.657 E.01303
;WIDTH:0.521836
G1 X112.971 Y116.201 E.01986
;WIDTH:0.50754
G1 X112.952 Y115.61 E.02284
;WIDTH:0.50553
G1 X113.081 Y114.995 E.02417
;WIDTH:0.50592
G1 X113.352 Y114.449 E.02347
;WIDTH:0.525636
G1 X113.721 Y114.005 E.02317
G1 X114.155 Y113.702 E.02125
;WIDTH:0.530684
G1 X114.701 Y113.493 E.02371
G1 X115.366 Y113.44 E.02706
;WIDTH:0.519586
G1 X115.563 Y113.457 E.00784
;WIDTH:0.483434
G1 X115.76 Y113.474 E.00724
;LAYER_CHANGE
;Z:17.2
;HEIGHT:0.200001
;BEFORE_LAYER_CHANGE
G92 E0
;17.2


G1 E-3.5 F3600
;WIPE_START
G1 F7200
G1 X115.563 Y113.457 E-.09392
G1 X115.366 Y113.44 E-.09392
G1 X114.701 Y113.493 E-.31688
G1 X114.155 Y113.702 E-.2777
G1 X113.721 Y114.005 E-.25142
G1 X113.352 Y114.449 E-.27423
G1 X113.173 Y114.811 E-.19193
;WIPE_END
G1 Z17.2 F9000
;AFTER_LAYER_CHANGE
;17.2
G1 X112.715 Y114.485
G1 E5 F2400
;TYPE:Perimeter
;WIDTH:0.439999
G1 F900
G1 X112.993 Y113.999 E.01849
G1 X113.354 Y113.597 E.01784
G1 X113.804 Y113.271 E.01835
G1 X114.254 Y113.05 E.01655
G1 X114.734 Y112.926 E.01637
G1 X115.248 Y112.883 E.01703
G1 X115.89 Y112.981 E.02144
G1 X116.468 Y113.228 E.02075
G1 X116.95 Y113.6 E.0201
G1 X117.311 Y114.066 E.01946
G1 X117.536 Y114.589 E.0188
G1 X117.597 Y115.139 E.01827
G1 X117.568 Y115.647 E.0168
G1 X117.269 Y116.567 E.03194
G1 X117.109 Y116.842 E.0105
G1 X116.819 Y117.25 E.01653
G1 X116.378 Y117.594 E.01847
G1 X115.847 Y117.824 E.01911
G1 X115.256 Y117.918 E.01976
G1 X114.639 Y117.857 E.02047
G1 X114.199 Y117.708 E.01534
G1 X113.758 Y117.469 E.01656
G1 X113.39 Y117.155 E.01597
G1 X113.052 Y116.75 E.01742
G1 X112.8 Y116.263 E.0181
G1 X112.645 Y115.778 E.01681
G1 X112.59 Y115.241 E.01782
G1 X112.661 Y114.578 E.02202
G1 X112.685 Y114.537 E.00157
G1 X112.354 Y114.308 F9000
G1 F900
G1 X112.554 Y113.922 E.01435
G1 X112.968 Y113.424 E.02138
G1 X113.407 Y113.048 E.01908
G1 X113.951 Y112.75 E.02048
G1 X114.492 Y112.564 E.01889
G1 X115.082 Y112.492 E.01962
G1 X115.635 Y112.519 E.01828
G1 X116.184 Y112.664 E.01875
G1 X116.67 Y112.885 E.01763
G1 X117.107 Y113.209 E.01796
G1 X117.462 Y113.58 E.01695
G1 X117.725 Y114.004 E.01647
G1 X117.919 Y114.479 E.01694
G1 X117.998 Y115.295 E.02707
G1 X117.954 Y115.741 E.0148
G1 X117.633 Y116.73 E.03433
G1 X117.302 Y117.3 E.02176
G1 X116.857 Y117.748 E.02085
G1 X116.423 Y118.017 E.01686
G1 X115.959 Y118.206 E.01654
G1 X115.435 Y118.3 E.01758
G1 X114.91 Y118.303 E.01733
G1 X114.364 Y118.19 E.01841
G1 X113.856 Y117.991 E.01801
G1 X113.37 Y117.669 E.01925
G1 X112.959 Y117.283 E.01862
G1 X112.611 Y116.781 E.02017
G1 X112.365 Y116.254 E.0192
G1 X112.219 Y115.61 E.0218
G1 X112.189 Y115.045 E.01868
G1 X112.279 Y114.453 E.01977
G1 X112.327 Y114.361 E.00343
G1 X112.007 Y114.137 F9000
;TYPE:External perimeter
;WIDTH:0.419999
G1 F900
G1 X112.225 Y113.715 E.01489
G1 X112.504 Y113.345 E.01453
G1 X112.98 Y112.892 E.0206
G1 X113.397 Y112.601 E.01594
G1 X113.981 Y112.313 E.02042
G1 X114.637 Y112.147 E.02122
G1 X115.267 Y112.098 E.01981
G1 X115.912 Y112.183 E.0204
G1 X116.499 Y112.365 E.01927
G1 X117.044 Y112.671 E.0196
G1 X117.506 Y113.045 E.01864
G1 X117.886 Y113.517 E.019
G1 X118.163 Y114.012 E.01779
G1 X118.323 Y114.518 E.01664
G1 X118.385 Y115.285 E.02413
G1 X118.331 Y115.833 E.01727
G1 X117.988 Y116.889 E.03481
G1 X117.618 Y117.526 E.0231
G1 X117.377 Y117.802 E.01149
G1 X116.928 Y118.168 E.01816
G1 X116.436 Y118.446 E.01772
G1 X115.865 Y118.624 E.01875
G1 X115.279 Y118.703 E.01854
G1 X114.659 Y118.655 E.0195
G1 X114.065 Y118.505 E.01921
G1 X113.484 Y118.219 E.0203
G1 X112.972 Y117.849 E.01981
G1 X112.521 Y117.348 E.02114
G1 X112.174 Y116.798 E.02039
G1 X111.945 Y116.187 E.02046
G1 X111.836 Y115.665 E.01672
G1 X111.801 Y115.02 E.02025
G1 X111.906 Y114.332 E.02182
G1 X111.979 Y114.19 E.00501
G1 X113.465 Y114.71 F9000
;TYPE:Internal infill
;WIDTH:0.44
G1 F900
G1 X113.373 Y115.106 E.01342
G1 X113.492 Y115.883 E.02595
G1 X113.719 Y116.329 E.01652
G1 X114.192 Y116.808 E.02223
G1 X116.662 Y114.338 E.11533
G1 X116.109 Y113.937 E.02255
G1 X115.691 Y113.752 E.01509
G1 X115.016 Y113.678 E.02242
G1 X114.547 Y113.782 E.01586
G1 X114.05 Y114.05 E.01864
G1 X116.787 Y116.787 E.1278
G1 X116.988 Y116.441 E.01321
G1 X117.27 Y115.574 E.0301
G1 X117.284 Y114.866 E.02338
G1 X117.183 Y114.539 E.0113
G1 X116.704 Y113.837 F9000
;TYPE:Solid infill
;WIDTH:0.512972
G1 F900
G1 X116.294 Y113.544 E.0197
;WIDTH:0.515844
G1 X115.832 Y113.342 E.01983
G1 X115.248 Y113.244 E.02329
;WIDTH:0.52372
G1 X114.708 Y113.283 E.02164
G1 X114.153 Y113.478 E.02352
;WIDTH:0.518268
G1 X113.636 Y113.82 E.0245
;WIDTH:0.519634
G1 X113.207 Y114.296 E.0254
G1 X112.974 Y114.773 E.02104
;WIDTH:0.525816
G1 X112.941 Y115.378 E.02433
G1 X113.069 Y115.996 E.02534
;WIDTH:0.52353
G1 X113.337 Y116.545 E.02441
G1 X113.722 Y116.994 E.02364
G1 X114.19 Y117.32 E.02279
;WIDTH:0.545626
G1 X114.719 Y117.506 E.02344
G1 X115.245 Y117.565 E.02212
;WIDTH:0.53017
G1 X115.504 Y117.544 E.01053
;WIDTH:0.489631
G1 X115.764 Y117.524 E.00969
;LAYER_CHANGE
;Z:17.4
;HEIGHT:0.199999
;BEFORE_LAYER_CHANGE
G92 E0
;17.4


G1 E-3.5 F3600
;WIPE_START
G1 F7200
G1 X115.504 Y117.544 E-.12386
G1 X115.245 Y117.565 E-.12343
G1 X114.719 Y117.506 E-.25142
G1 X114.19 Y117.32 E-.26635
G1 X113.722 Y116.994 E-.27092
G1 X113.337 Y116.545 E-.28094
G1 X113.168 Y116.199 E-.18308
;WIPE_END
G1 Z17.4 F9000
;AFTER_LAYER_CHANGE
;17.4
G1 X113.674 Y113.165
G1 E5 F2400
;TYPE:Perimeter
;WIDTH:0.439999
G1 F900
G1 X113.746 Y113.085 E.00355
G1 X114.354 Y112.812 E.02201
G1 X114.873 Y112.7 E.01753
G1 X115.434 Y112.701 E.01852
G1 X115.932 Y112.785 E.01667
G1 X116.393 Y112.967 E.01636
G1 X116.834 Y113.235 E.01704
G1 X117.296 Y113.691 E.02143
G1 X117.619 Y114.231 E.02078
G1 X117.79 Y114.816 E.02012
G1 X117.814 Y115.249 E.01432
G1 X117.782 Y115.567 E.01055
G1 X117.643 Y116.05 E.01659
G1 X117.409 Y116.44 E.01502
G1 X117.086 Y116.834 E.01682
G1 X116.304 Y117.403 E.03193
G1 X116.013 Y117.531 E.0105
G1 X115.539 Y117.691 E.01652
G1 X114.98 Y117.71 E.01847
G1 X114.415 Y117.585 E.01911
G1 X113.881 Y117.312 E.0198
G1 X113.418 Y116.901 E.02044
G1 X113.15 Y116.522 E.01533
G1 X112.933 Y116.069 E.01658
G1 X112.82 Y115.598 E.01599
G1 X112.785 Y115.072 E.01741
G1 X112.867 Y114.529 E.01813
G1 X113.027 Y114.047 E.01677
G1 X113.298 Y113.579 E.01786
G1 X113.634 Y113.209 E.0165
G1 X113.394 Y112.877 F9000
G1 F900
G1 X113.509 Y112.76 E.00542
G1 X113.863 Y112.582 E.01308
G1 X114.28 Y112.42 E.01477
G1 X114.835 Y112.304 E.01872
G1 X115.466 Y112.305 E.02083
G1 X116.039 Y112.402 E.01919
G1 X116.599 Y112.626 E.01991
G1 X117.076 Y112.919 E.01848
G1 X117.494 Y113.316 E.01903
G1 X117.818 Y113.749 E.01786
G1 X118.048 Y114.25 E.0182
G1 X118.183 Y114.753 E.0172
G1 X118.21 Y115.262 E.01683
G1 X118.151 Y115.776 E.01708
G1 X117.932 Y116.379 E.02118
G1 X117.641 Y116.802 E.01695
G1 X117.344 Y117.138 E.01481
G1 X116.503 Y117.749 E.03432
G1 X115.9 Y118.015 E.02176
G1 X115.277 Y118.116 E.02084
G1 X114.768 Y118.079 E.01685
G1 X114.28 Y117.959 E.01659
G1 X113.802 Y117.727 E.01754
G1 X113.375 Y117.421 E.01734
G1 X113 Y117.009 E.01839
G1 X112.706 Y116.549 E.01803
G1 X112.502 Y116.003 E.01924
G1 X112.396 Y115.449 E.01862
G1 X112.41 Y114.838 E.02018
G1 X112.521 Y114.267 E.01921
G1 X112.781 Y113.66 E.0218
G1 X113.089 Y113.186 E.01866
G1 X113.352 Y112.919 E.01237
G1 X113.124 Y112.599 F9000
;TYPE:External perimeter
;WIDTH:0.419999
G1 F900
G1 X113.278 Y112.442 E.0069
G1 X113.69 Y112.236 E.01444
G1 X114.167 Y112.049 E.01606
G1 X114.797 Y111.918 E.02018
G1 X115.497 Y111.919 E.02195
G1 X116.144 Y112.029 E.02058
G1 X116.772 Y112.28 E.0212
G1 X117.312 Y112.611 E.01986
G1 X117.783 Y113.059 E.02038
G1 X118.151 Y113.551 E.01926
G1 X118.412 Y114.119 E.0196
G1 X118.566 Y114.692 E.0186
G1 X118.591 Y115.48 E.02472
G1 X118.463 Y116.086 E.01942
G1 X118.272 Y116.569 E.01629
G1 X117.96 Y117.022 E.01725
G1 X117.595 Y117.434 E.01726
G1 X116.697 Y118.086 E.03479
G1 X116.022 Y118.384 E.02313
G1 X115.666 Y118.466 E.01145
G1 X115.088 Y118.498 E.01815
G1 X114.526 Y118.433 E.01774
G1 X113.959 Y118.242 E.01876
G1 X113.439 Y117.961 E.01853
G1 X112.965 Y117.558 E.01951
G1 X112.572 Y117.088 E.01921
G1 X112.271 Y116.515 E.02029
G1 X112.075 Y115.914 E.01982
G1 X112.004 Y115.244 E.02112
G1 X112.046 Y114.595 E.02039
G1 X112.22 Y113.967 E.02043
G1 X112.439 Y113.48 E.01674
G1 X112.79 Y112.937 E.02027
G1 X113.082 Y112.642 E.01301
G1 X113.681 Y114.546 F9000
;TYPE:Internal infill
;WIDTH:0.44
G1 F900
G1 X113.572 Y115.124 E.01942
G1 X113.683 Y115.826 E.02347
G1 X113.867 Y116.189 E.01344
G1 X114.336 Y116.664 E.02204
G1 X116.724 Y114.276 E.1115
G1 X116.898 Y114.551 E.01074
G1 X117.281 Y115.732 E.04099
G1 X117.438 Y115.71 E.00523
G1 X117.316 Y116.036 E.01149
G1 X117.008 Y116.482 E.0179
G1 X116.721 Y116.721 E.01233
G1 X113.978 Y113.978 E.12808
G1 X114.218 Y113.709 E.0119
G1 X114.982 Y113.481 E.02632
G1 X115.742 Y113.551 E.0252
G1 X116.157 Y113.73 E.01492
G1 E-3.5 F3600
;WIPE_START
G1 F7200
G1 X115.742 Y113.551 E-.21468
G1 X114.982 Y113.481 E-.36253
G1 X114.218 Y113.709 E-.37872
G1 X113.978 Y113.978 E-.17124
G1 X114.533 Y114.533 E-.37283
;WIPE_END
G1 X114.522 Y117.291 F9000
G1 E5 F2400
;TYPE:Solid infill
;WIDTH:0.488841
G1 F900
G1 X114.301 Y117.156 E.0096
;WIDTH:0.526924
G1 X114.079 Y117.022 E.01044
;WIDTH:0.545538
G1 X113.69 Y116.664 E.02209
G1 X113.392 Y116.244 E.02152
;WIDTH:0.519436
G1 X113.199 Y115.722 E.02205
G1 X113.136 Y115.135 E.02339
G1 X113.226 Y114.531 E.0242
G1 X113.473 Y113.951 E.02498
G1 X113.866 Y113.446 E.02535
;WIDTH:0.522554
G1 X114.315 Y113.188 E.02065
;WIDTH:0.524086
G1 X114.906 Y113.049 E.02429
G1 X115.413 Y113.049 E.02028
;WIDTH:0.522342
G1 X115.895 Y113.143 E.01958
;WIDTH:0.523448
G1 X116.372 Y113.347 E.02073
G1 X116.795 Y113.665 E.02114
;WIDTH:0.530944
G1 X117.173 Y114.134 E.02444
G1 X117.385 Y114.62 E.02152
G1 X117.445 Y114.872 E.01051
;WIDTH:0.49013
G1 X117.506 Y115.125 E.00968
;LAYER_CHANGE
;Z:17.6
;HEIGHT:0.200001
;BEFORE_LAYER_CHANGE
G92 E0
;17.6


G1 E-3.5 F3600
;WIPE_START
G1 F7200
G1 X117.445 Y114.872 E-.12362
G1 X117.385 Y114.62 E-.12305
G1 X117.173 Y114.134 E-.25186
G1 X116.795 Y113.665 E-.28612
G1 X116.372 Y113.347 E-.25137
G1 X115.895 Y113.143 E-.24643
G1 X115.446 Y113.055 E-.21755
;WIPE_END
G1 Z17.6 F9000
;AFTER_LAYER_CHANGE
;17.6
G1 X115.605 Y112.533
G1 E5 F2400
;TYPE:Perimeter
;WIDTH:0.439999
G1 F900
G1 X115.993 Y112.597 E.01298
G1 X116.516 Y112.806 E.0186
G1 X116.945 Y113.069 E.01661
G1 X117.322 Y113.421 E.01703
G1 X117.64 Y113.84 E.01737
G1 X117.849 Y114.282 E.01614
G1 X117.985 Y114.771 E.01676
G1 X118.008 Y115.41 E.02111
G1 X117.875 Y116.015 E.02045
G1 X117.603 Y116.549 E.01979
G1 X117.307 Y116.896 E.01506
G1 X116.911 Y117.205 E.01658
G1 X116.491 Y117.382 E.01505
G1 X115.999 Y117.512 E.0168
G1 X115.032 Y117.512 E.03193
G1 X114.721 Y117.445 E.0105
G1 X114.244 Y117.295 E.01651
G1 X113.78 Y116.982 E.01848
G1 X113.397 Y116.549 E.01909
G1 X113.125 Y116.015 E.01979
G1 X112.992 Y115.41 E.02045
G1 X112.998 Y114.945 E.01535
G1 X113.089 Y114.452 E.01655
G1 X113.274 Y114.004 E.016
G1 X113.555 Y113.558 E.0174
G1 X113.94 Y113.167 E.01812
G1 X114.353 Y112.871 E.01678
G1 X114.847 Y112.652 E.01784
G1 X115.5 Y112.515 E.02203
G1 X115.546 Y112.523 E.00154
G1 X115.662 Y112.14 F9000
G1 F900
G1 X116.091 Y112.211 E.01436
G1 X116.692 Y112.45 E.02135
G1 X117.186 Y112.751 E.0191
G1 X117.637 Y113.177 E.02048
G1 X117.981 Y113.634 E.01889
G1 X118.232 Y114.173 E.01963
G1 X118.377 Y114.707 E.01827
G1 X118.404 Y115.446 E.02442
G1 X118.296 Y115.987 E.01821
G1 X118.109 Y116.473 E.01719
G1 X117.833 Y116.901 E.01681
G1 X117.482 Y117.282 E.0171
G1 X116.951 Y117.641 E.02116
G1 X116.467 Y117.812 E.01695
G1 X116.029 Y117.909 E.01481
G1 X114.99 Y117.909 E.0343
G1 X114.345 Y117.77 E.02179
G1 X113.782 Y117.485 E.02083
G1 X113.392 Y117.156 E.01685
G1 X113.068 Y116.772 E.01659
G1 X112.817 Y116.303 E.01756
G1 X112.651 Y115.805 E.01733
G1 X112.591 Y115.251 E.0184
G1 X112.623 Y114.707 E.01799
G1 X112.779 Y114.145 E.01926
G1 X113.019 Y113.634 E.01864
G1 X113.389 Y113.149 E.02014
G1 X113.814 Y112.751 E.01922
G1 X114.382 Y112.414 E.02181
G1 X114.909 Y112.211 E.01865
G1 X115.5 Y112.113 E.01978
G1 X115.603 Y112.13 E.00345
G1 X115.717 Y111.756 F9000
;TYPE:External perimeter
;WIDTH:0.419999
G1 F900
G1 X116.186 Y111.834 E.01491
G1 X116.864 Y112.103 E.02287
G1 X117.42 Y112.442 E.02042
G1 X117.925 Y112.919 E.02178
G1 X118.313 Y113.434 E.02022
G1 X118.595 Y114.039 E.02093
G1 X118.76 Y114.644 E.01966
G1 X118.796 Y115.262 E.01941
G1 X118.757 Y115.696 E.01366
G1 X118.614 Y116.28 E.01885
G1 X118.348 Y116.83 E.01916
G1 X118.012 Y117.3 E.01811
G1 X117.553 Y117.716 E.01942
G1 X117.115 Y117.994 E.01627
G1 X116.595 Y118.177 E.01728
G1 X116.058 Y118.296 E.01725
G1 X114.948 Y118.296 E.0348
G1 X114.228 Y118.14 E.0231
G1 X113.891 Y117.997 E.01148
G1 X113.404 Y117.683 E.01817
G1 X112.988 Y117.3 E.01773
G1 X112.642 Y116.813 E.01873
G1 X112.386 Y116.28 E.01854
G1 X112.24 Y115.675 E.01951
G1 X112.198 Y115.064 E.0192
G1 X112.291 Y114.423 E.02031
G1 X112.485 Y113.822 E.0198
G1 X112.822 Y113.238 E.02114
G1 X113.238 Y112.738 E.02039
G1 X113.748 Y112.331 E.02046
G1 X114.211 Y112.067 E.01671
G1 X114.814 Y111.834 E.02027
G1 X115.5 Y111.721 E.0218
G1 X115.658 Y111.747 E.00502
G1 X116.19 Y113.524 F9000
;TYPE:Internal infill
;WIDTH:0.44
G1 F900
G1 X115.516 Y113.297 E.02348
G1 X115.217 Y113.356 E.01006
G1 X114.515 Y113.709 E.02594
G1 X114.121 Y114.121 E.01882
G1 X116.868 Y116.868 E.12827
G1 X116.143 Y117.181 E.02607
G1 X115.064 Y117.206 E.03564
G1 X114.559 Y117.097 E.01706
G1 X114.132 Y116.868 E.016
G1 X116.879 Y114.121 E.12827
G1 X117.161 Y114.696 E.02115
G1 X117.214 Y115.402 E.02338
G1 X116.918 Y116.385 E.0339
G1 E-3.5 F3600
;WIPE_START
G1 F7200
G1 X117.214 Y115.402 E-.48763
G1 X117.161 Y114.696 E-.33629
G1 X116.879 Y114.121 E-.3042
G1 X116.325 Y114.675 E-.37188
;WIPE_END
G1 X113.656 Y116.376 F9000
G1 E5 F2400
;TYPE:Solid infill
;WIDTH:0.489629
G1 F900
G1 X113.557 Y116.136 E.00964
;WIDTH:0.530174
G1 X113.458 Y115.896 E.01052
;WIDTH:0.545628
G1 X113.351 Y115.377 E.02215
G1 X113.368 Y114.829 E.02292
;WIDTH:0.539586
G1 X113.531 Y114.284 E.02349
;WIDTH:0.540292
G1 X113.836 Y113.78 E.02436
;WIDTH:0.540992
G1 X114.271 Y113.354 E.02522
;WIDTH:0.541938
G1 X114.824 Y113.037 E.02645
G1 X115.119 Y112.93 E.01302
;WIDTH:0.521842
G1 X115.615 Y112.878 E.01986
;WIDTH:0.50755
G1 X116.183 Y113.043 E.02285
;WIDTH:0.505534
G1 X116.728 Y113.356 E.02418
;WIDTH:0.50592
G1 X117.163 Y113.782 E.02344
;WIDTH:0.50642
G1 X117.463 Y114.275 E.02224
;WIDTH:0.509254
G1 X117.621 Y114.779 E.02048
;WIDTH:0.511052
G1 X117.647 Y115.401 E.02423
;WIDTH:0.521528
G1 X117.611 Y115.669 E.01076
G1 X117.451 Y116.138 E.01972
;LAYER_CHANGE
;Z:17.8
;HEIGHT:0.199999
;BEFORE_LAYER_CHANGE
G92 E0
;17.8


G1 E-3.5 F3600
;WIPE_START
G1 F7200
G1 X117.611 Y115.669 E-.23538
G1 X117.647 Y115.401 E-.12844
G1 X117.621 Y114.779 E-.29571
G1 X117.463 Y114.275 E-.25089
G1 X117.163 Y113.782 E-.27412
G1 X116.728 Y113.356 E-.2892
G1 X116.68 Y113.328 E-.02626
;WIPE_END
G1 Z17.8 F9000
;AFTER_LAYER_CHANGE
;17.8
G1 X117.329 Y113.161
G1 E5 F2400
;TYPE:Perimeter
;WIDTH:0.439999
G1 F900
G1 X117.487 Y113.321 E.00742
G1 X117.804 Y113.726 E.01698
G1 X118.045 Y114.241 E.01877
G1 X118.179 Y114.726 E.01661
G1 X118.208 Y115.415 E.02277
G1 X118.116 Y115.895 E.01614
G1 X117.938 Y116.371 E.01678
G1 X117.582 Y116.901 E.02108
G1 X117.119 Y117.312 E.02044
G1 X116.585 Y117.585 E.0198
G1 X116.02 Y117.71 E.01911
G1 X115.492 Y117.694 E.01744
G1 X114.947 Y117.532 E.01877
G1 X114.438 Y117.224 E.01964
G1 X113.943 Y116.856 E.02037
G1 X113.727 Y116.615 E.01069
G1 X113.428 Y116.214 E.01652
G1 X113.237 Y115.688 E.01848
G1 X113.182 Y115.112 E.0191
G1 X113.276 Y114.52 E.01979
G1 X113.524 Y113.953 E.02043
G1 X113.802 Y113.58 E.01536
G1 X114.166 Y113.235 E.01656
G1 X114.579 Y112.982 E.01599
G1 X115.068 Y112.785 E.01741
G1 X115.563 Y112.7 E.01658
G1 X116.068 Y112.698 E.01667
G1 X116.646 Y112.812 E.01945
G1 X117.254 Y113.085 E.02201
G1 X117.287 Y113.119 E.00156
G1 X117.606 Y112.877 F9000
G1 F900
G1 X117.769 Y113.042 E.00766
G1 X118.144 Y113.519 E.02003
G1 X118.417 Y114.102 E.02125
G1 X118.571 Y114.66 E.01911
G1 X118.609 Y115.236 E.01906
G1 X118.573 Y115.657 E.01395
G1 X118.442 Y116.201 E.01847
G1 X118.193 Y116.722 E.01907
G1 X117.881 Y117.163 E.01784
G1 X117.475 Y117.538 E.01825
G1 X117.039 Y117.821 E.01716
G1 X116.564 Y118.004 E.01681
G1 X116.056 Y118.106 E.01711
G1 X115.415 Y118.085 E.02118
G1 X114.785 Y117.898 E.0217
G1 X114.216 Y117.554 E.02195
G1 X113.673 Y117.151 E.02233
G1 X113.232 Y116.657 E.02186
G1 X112.943 Y116.096 E.02084
G1 X112.821 Y115.601 E.01683
G1 X112.784 Y115.1 E.01659
G1 X112.858 Y114.573 E.01757
G1 X113.016 Y114.072 E.01734
G1 X113.292 Y113.589 E.01837
G1 X113.639 Y113.167 E.01804
G1 X114.095 Y112.804 E.01924
G1 X114.59 Y112.532 E.01865
G1 X115.174 Y112.357 E.02013
G1 X115.751 Y112.286 E.01919
G1 X116.398 Y112.347 E.02146
G1 X116.956 Y112.492 E.01904
G1 X117.491 Y112.76 E.01976
G1 X117.564 Y112.834 E.00343
G1 X117.876 Y112.599 F9000
;TYPE:External perimeter
;WIDTH:0.419999
G1 F900
G1 X118.21 Y112.937 E.0149
G1 X118.561 Y113.48 E.02027
G1 X118.78 Y113.966 E.01671
G1 X118.954 Y114.595 E.02046
G1 X118.995 Y115.279 E.02148
G1 X118.925 Y115.914 E.02003
G1 X118.719 Y116.54 E.02066
G1 X118.428 Y117.088 E.01945
G1 X118.02 Y117.573 E.01987
G1 X117.561 Y117.961 E.01884
G1 X117.022 Y118.25 E.01918
G1 X116.474 Y118.433 E.01811
G1 X115.858 Y118.499 E.01942
G1 X115.34 Y118.467 E.01627
G1 X114.628 Y118.255 E.02329
G1 X114 Y117.876 E.023
G1 X113.411 Y117.438 E.02301
G1 X112.919 Y116.888 E.02314
G1 X112.73 Y116.574 E.01149
G1 X112.522 Y116.034 E.01814
G1 X112.409 Y115.48 E.01773
G1 X112.416 Y114.882 E.01875
G1 X112.522 Y114.3 E.01855
G1 X112.759 Y113.725 E.0195
G1 X113.085 Y113.206 E.01922
G1 X113.537 Y112.743 E.02029
G1 X114.047 Y112.37 E.01981
G1 X114.663 Y112.096 E.02114
G1 X115.293 Y111.936 E.02038
G1 X115.955 Y111.908 E.02078
G1 X116.458 Y111.965 E.01587
G1 X117.1 Y112.131 E.02079
G1 X117.722 Y112.442 E.0218
G1 X117.834 Y112.556 E.00501
G1 E-3.5 F3600
;WIPE_START
G1 F7200
G1 X117.876 Y112.599 E-.02855
G1 X118.21 Y112.937 E-.22571
G1 X118.561 Y113.48 E-.30712
G1 X118.78 Y113.966 E-.25321
G1 X118.954 Y114.595 E-.31
G1 X118.995 Y115.279 E-.32548
G1 X118.984 Y115.384 E-.04993
;WIPE_END
G1 X117.319 Y114.547 F9000
G1 E5 F2400
;TYPE:Internal infill
;WIDTH:0.44
G1 F900
G1 X117.428 Y115.124 E.01939
G1 X117.317 Y115.826 E.02347
G1 X116.944 Y116.428 E.02338
G1 X116.662 Y116.662 E.0121
G1 X114.274 Y114.274 E.1115
G1 X114.089 Y114.593 E.01218
G1 X113.719 Y115.732 E.03954
G1 X113.562 Y115.71 E.00523
G1 X113.8 Y116.239 E.01915
G1 X114.276 Y116.724 E.02244
G1 X117.022 Y113.978 E.12822
G1 X116.782 Y113.709 E.0119
G1 X116.014 Y113.481 E.02645
G1 X115.5 Y113.497 E.01698
G1 X114.843 Y113.73 E.02302
G1 X113.493 Y115.125 F9000
;TYPE:Solid infill
;WIDTH:0.489625
G1 F900
G1 X113.554 Y114.872 E.00967
;WIDTH:0.53017
G1 X113.615 Y114.62 E.0105
;WIDTH:0.545624
G1 X113.834 Y114.138 E.02213
G1 X114.17 Y113.704 E.02294
;WIDTH:0.539582
G1 X114.622 Y113.359 E.02348
;WIDTH:0.540614
G1 X115.165 Y113.13 E.02439
;WIDTH:0.54096
G1 X115.765 Y113.042 E.02511
;WIDTH:0.541438
G1 X116.407 Y113.112 E.02677
G1 X116.703 Y113.197 E.01277
;WIDTH:0.521836
G1 X117.134 Y113.447 E.01984
;WIDTH:0.507542
G1 X117.497 Y113.913 E.02282
;WIDTH:0.505524
G1 X117.754 Y114.487 E.02419
;WIDTH:0.50592
G1 X117.856 Y115.087 E.02343
;WIDTH:0.506428
G1 X117.808 Y115.663 E.02228
;WIDTH:0.509258
G1 X117.64 Y116.163 E.02045
;WIDTH:0.511052
G1 X117.295 Y116.682 E.02426
;WIDTH:0.521528
G1 X117.108 Y116.877 E.01075
G1 X116.703 Y117.163 E.01973
;LAYER_CHANGE
;Z:18
;HEIGHT:0.200001
;BEFORE_LAYER_CHANGE
G92 E0
;18


G1 E-3.5 F3600
;WIPE_START
G1 F7200
G1 X117.108 Y116.877 E-.23551
G1 X117.295 Y116.682 E-.12833
G1 X117.64 Y116.163 E-.29602
G1 X117.808 Y115.663 E-.25055
G1 X117.856 Y115.087 E-.27455
G1 X117.754 Y114.487 E-.28909
G1 X117.732 Y114.437 E-.02595
;WIPE_END
G1 Z18 F9000
;AFTER_LAYER_CHANGE
;18
G1 X118.35 Y114.684
G1 E5 F2400
;TYPE:Perimeter
;WIDTH:0.439999
G1 F900
G1 X118.41 Y115.241 E.0185
G1 X118.376 Y115.634 E.01302
G1 X118.259 Y116.123 E.0166
G1 X118.04 Y116.591 E.01706
G1 X117.741 Y117.022 E.01732
G1 X117.384 Y117.357 E.01616
G1 X116.961 Y117.638 E.01677
G1 X116.361 Y117.857 E.02109
G1 X115.744 Y117.918 E.02047
G1 X115.153 Y117.824 E.01976
G1 X114.731 Y117.65 E.01507
G1 X114.315 Y117.369 E.01658
G1 X114.016 Y117.025 E.01505
G1 X113.741 Y116.597 E.0168
G1 X113.442 Y115.676 E.03197
G1 X113.41 Y115.36 E.01049
G1 X113.405 Y114.86 E.01651
G1 X113.559 Y114.322 E.01848
G1 X113.853 Y113.824 E.01909
G1 X114.277 Y113.4 E.0198
G1 X114.811 Y113.087 E.02044
G1 X115.255 Y112.949 E.01535
G1 X115.752 Y112.883 E.01655
G1 X116.235 Y112.921 E.016
G1 X116.746 Y113.05 E.0174
G1 X117.236 Y113.296 E.0181
G1 X117.646 Y113.597 E.01679
G1 X118.007 Y113.999 E.01784
G1 X118.339 Y114.578 E.02204
G1 X118.344 Y114.624 E.00153
G1 X118.746 Y114.616 F9000
G1 F900
G1 X118.781 Y114.845 E.00765
G1 X118.807 Y115.292 E.01478
G1 X118.744 Y115.86 E.01887
G1 X118.548 Y116.46 E.02084
G1 X118.279 Y116.97 E.01904
G1 X117.893 Y117.433 E.0199
G1 X117.468 Y117.797 E.01848
G1 X116.961 Y118.072 E.01904
G1 X116.449 Y118.245 E.01784
G1 X115.901 Y118.31 E.01822
G1 X115.381 Y118.282 E.01719
G1 X114.889 Y118.151 E.01681
G1 X114.418 Y117.936 E.01709
G1 X113.912 Y117.542 E.02117
G1 X113.6 Y117.134 E.01696
G1 X113.373 Y116.747 E.01481
G1 X113.051 Y115.759 E.03431
G1 X112.984 Y115.103 E.02177
G1 X113.081 Y114.479 E.02085
G1 X113.274 Y114.007 E.01684
G1 X113.538 Y113.58 E.01658
G1 X113.907 Y113.197 E.01756
G1 X114.33 Y112.885 E.01735
G1 X114.838 Y112.656 E.0184
G1 X115.365 Y112.518 E.01799
G1 X115.948 Y112.493 E.01927
G1 X116.508 Y112.564 E.01864
G1 X117.084 Y112.766 E.02015
G1 X117.593 Y113.048 E.01921
G1 X118.09 Y113.483 E.02181
G1 X118.446 Y113.922 E.01866
G1 X118.721 Y114.453 E.01974
G1 X118.737 Y114.556 E.00344
G1 X119.127 Y114.55 F9000
;TYPE:External perimeter
;WIDTH:0.419999
G1 F900
G1 X119.163 Y114.787 E.00752
G1 X119.194 Y115.255 E.01471
G1 X119.164 Y115.665 E.01289
G1 X119.055 Y116.187 E.01672
G1 X118.826 Y116.798 E.02046
G1 X118.457 Y117.375 E.02147
G1 X118.028 Y117.849 E.02005
G1 X117.492 Y118.233 E.02067
G1 X116.935 Y118.505 E.01944
G1 X116.32 Y118.658 E.01987
G1 X115.721 Y118.703 E.01883
G1 X115.115 Y118.62 E.01918
G1 X114.564 Y118.446 E.01812
G1 X114.027 Y118.137 E.01943
G1 X113.627 Y117.806 E.01628
G1 X113.292 Y117.369 E.01726
G1 X113.013 Y116.894 E.01727
G1 X112.671 Y115.839 E.03477
G1 X112.596 Y115.106 E.0231
G1 X112.628 Y114.741 E.01149
G1 X112.776 Y114.182 E.01813
G1 X113.012 Y113.667 E.01776
G1 X113.368 Y113.187 E.01874
G1 X113.796 Y112.779 E.01854
G1 X114.326 Y112.453 E.01951
G1 X114.894 Y112.225 E.01919
G1 X115.533 Y112.115 E.02033
G1 X116.165 Y112.114 E.01982
G1 X116.824 Y112.255 E.02113
G1 X117.428 Y112.495 E.02038
G1 X117.972 Y112.854 E.02044
G1 X118.367 Y113.213 E.01674
G1 X118.775 Y113.715 E.02028
G1 X119.094 Y114.332 E.02178
G1 X119.118 Y114.49 E.00501
G1 X117.535 Y114.71 F9000
;TYPE:Internal infill
;WIDTH:0.44
G1 F900
G1 X117.627 Y115.106 E.01342
G1 X117.508 Y115.883 E.02595
G1 X117.281 Y116.329 E.01652
G1 X116.808 Y116.808 E.02223
G1 X114.34 Y114.34 E.11524
G1 X114.885 Y113.94 E.02232
G1 X115.349 Y113.734 E.01676
G1 X115.708 Y113.676 E.01201
G1 X116.453 Y113.782 E.02485
G1 X116.95 Y114.05 E.01864
G1 X114.217 Y116.783 E.12761
G1 X114.025 Y116.481 E.01182
G1 X113.743 Y115.613 E.03013
G1 X113.707 Y114.906 E.02337
G1 X113.791 Y114.581 E.01108
G1 X113.839 Y114.623 E.00211
G1 X114.099 Y114.017 F9000
;TYPE:Solid infill
;WIDTH:0.488839
G1 F900
G1 X114.295 Y113.848 E.0096
;WIDTH:0.526922
G1 X114.492 Y113.679 E.01045
;WIDTH:0.545534
G1 X114.953 Y113.419 E.02212
G1 X115.481 Y113.264 E.023
;WIDTH:0.54772
G1 X116.048 Y113.256 E.0238
G1 X116.622 Y113.385 E.02469
;WIDTH:0.541948
G1 X117.168 Y113.672 E.0256
G1 X117.42 Y113.865 E.01317
;WIDTH:0.523648
G1 X117.794 Y114.297 E.02284
;WIDTH:0.519628
G1 X118.026 Y114.773 E.02099
;WIDTH:0.50598
G1 X118.048 Y115.39 E.02377
;WIDTH:0.50553
G1 X117.919 Y116.005 E.02417
;WIDTH:0.505916
G1 X117.648 Y116.551 E.02347
;WIDTH:0.506418
G1 X117.271 Y116.989 E.02227
;WIDTH:0.509256
G1 X116.841 Y117.294 E.02044
;WIDTH:0.511052
G1 X116.257 Y117.511 E.02425
;WIDTH:0.521532
G1 X115.992 Y117.559 E.01072
G1 X115.496 Y117.552 E.01974
;LAYER_CHANGE
;Z:18.2
;HEIGHT:0.200001
;BEFORE_LAYER_CHANGE
G92 E0
;18.2


G1 E-3.5 F3600
;WIPE_START
G1 F7200
G1 X115.992 Y117.559 E-.23562
G1 X116.257 Y117.511 E-.12792
G1 X116.841 Y117.294 E-.29593
G1 X117.271 Y116.989 E-.25041
G1 X117.648 Y116.551 E-.2745
G1 X117.919 Y116.005 E-.28954
G1 X117.93 Y115.951 E-.02608
;WIPE_END
G1 Z18.2 F9000
;AFTER_LAYER_CHANGE
;18.2
G1 X118.289 Y116.517
G1 E5 F2400
;TYPE:Perimeter
;WIDTH:0.439999
G1 F900
G1 X118.109 Y116.866 E.01297
G1 X117.748 Y117.299 E.01861
G1 X117.366 Y117.626 E.0166
G1 X116.914 Y117.876 E.01705
G1 X116.418 Y118.049 E.01734
G1 X115.933 Y118.11 E.01614
G1 X115.425 Y118.088 E.01679
G1 X114.811 Y117.913 E.02108
G1 X114.277 Y117.6 E.02044
G1 X113.853 Y117.176 E.0198
G1 X113.614 Y116.787 E.01507
G1 X113.443 Y116.315 E.01658
G1 X113.403 Y115.861 E.01505
G1 X113.432 Y115.353 E.0168
G1 X113.731 Y114.433 E.03194
G1 X113.891 Y114.158 E.0105
G1 X114.181 Y113.75 E.01653
G1 X114.622 Y113.406 E.01847
G1 X115.153 Y113.176 E.01911
G1 X115.744 Y113.082 E.01976
G1 X116.361 Y113.143 E.02047
G1 X116.801 Y113.292 E.01534
G1 X117.242 Y113.531 E.01656
G1 X117.61 Y113.845 E.01597
G1 X117.948 Y114.25 E.01742
G1 X118.2 Y114.737 E.0181
G1 X118.355 Y115.222 E.01681
G1 X118.41 Y115.759 E.01782
G1 X118.339 Y116.422 E.02202
G1 X118.317 Y116.464 E.00157
G1 X118.646 Y116.692 F9000
G1 F900
G1 X118.539 Y116.899 E.00769
G1 X118.298 Y117.275 E.01475
G1 X117.913 Y117.698 E.01889
G1 X117.402 Y118.068 E.02083
G1 X116.884 Y118.323 E.01906
G1 X116.3 Y118.471 E.01989
G1 X115.742 Y118.515 E.01848
G1 X115.17 Y118.439 E.01905
G1 X114.654 Y118.279 E.01784
G1 X114.173 Y118.009 E.01821
G1 X113.768 Y117.681 E.01721
G1 X113.447 Y117.286 E.01681
G1 X113.193 Y116.835 E.01709
G1 X113.015 Y116.218 E.0212
G1 X113.002 Y115.705 E.01694
G1 X113.046 Y115.259 E.0148
G1 X113.367 Y114.27 E.03433
G1 X113.698 Y113.7 E.02176
G1 X113.989 Y113.389 E.01406
G1 X114.418 Y113.064 E.01777
G1 X114.888 Y112.849 E.01706
G1 X115.381 Y112.718 E.01684
G1 X115.92 Y112.691 E.01782
G1 X116.449 Y112.755 E.01759
G1 X116.984 Y112.939 E.01868
G1 X117.468 Y113.203 E.0182
G1 X117.916 Y113.59 E.01955
G1 X118.279 Y114.03 E.01883
G1 X118.567 Y114.584 E.02062
G1 X118.744 Y115.14 E.01927
G1 X118.811 Y115.955 E.027
G1 X118.721 Y116.547 E.01977
G1 X118.673 Y116.639 E.00343
G1 X118.993 Y116.863 F9000
;TYPE:External perimeter
;WIDTH:0.419999
G1 F900
G1 X118.775 Y117.285 E.01489
G1 X118.367 Y117.787 E.02028
G1 X117.972 Y118.146 E.01674
G1 X117.428 Y118.505 E.02044
G1 X116.79 Y118.756 E.0215
G1 X116.164 Y118.886 E.02005
G1 X115.505 Y118.882 E.02066
G1 X114.894 Y118.775 E.01945
G1 X114.307 Y118.537 E.01986
G1 X113.796 Y118.221 E.01884
G1 X113.355 Y117.798 E.01916
G1 X113.012 Y117.333 E.01812
G1 X112.758 Y116.767 E.01945
G1 X112.629 Y116.265 E.01625
G1 X112.615 Y115.715 E.01725
G1 X112.669 Y115.167 E.01727
G1 X113.012 Y114.111 E.03481
G1 X113.382 Y113.474 E.0231
G1 X113.777 Y113.06 E.01794
G1 X114.22 Y112.731 E.0173
G1 X114.756 Y112.485 E.01849
G1 X115.321 Y112.335 E.01833
G1 X115.933 Y112.304 E.01921
G1 X116.535 Y112.376 E.01901
G1 X117.139 Y112.584 E.02003
G1 X117.688 Y112.884 E.01962
G1 X118.192 Y113.318 E.02085
G1 X118.602 Y113.815 E.0202
G1 X118.923 Y114.434 E.02186
G1 X119.124 Y115.06 E.02061
G1 X119.199 Y115.98 E.02894
G1 X119.094 Y116.668 E.02182
G1 X119.021 Y116.81 E.00501
G1 X117.535 Y116.29 F9000
;TYPE:Internal infill
;WIDTH:0.44
G1 F900
G1 X117.627 Y115.894 E.01342
G1 X117.508 Y115.117 E.02595
G1 X117.281 Y114.671 E.01652
G1 X116.808 Y114.192 E.02223
G1 X114.336 Y116.664 E.11543
G1 X114.655 Y116.901 E.01312
G1 X115.105 Y117.173 E.01736
G1 X115.751 Y117.328 E.02193
G1 X116.453 Y117.218 E.02346
G1 X116.95 Y116.95 E.01864
G1 X114.213 Y114.213 E.1278
G1 X114.012 Y114.559 E.01321
G1 X113.73 Y115.426 E.0301
G1 X113.716 Y116.134 E.02338
G1 X113.815 Y116.472 E.01163
G1 E-3.5 F3600
;WIPE_START
G1 F7200
G1 X113.716 Y116.134 E-.1673
G1 X113.73 Y115.426 E-.33637
G1 X114.012 Y114.559 E-.43306
G1 X114.213 Y114.213 E-.19007
G1 X114.769 Y114.769 E-.3732
;WIPE_END
G1 X115.491 Y113.454 F9000
G1 E5 F2400
;TYPE:Solid infill
;WIDTH:0.532444
G1 F900
G1 X116.018 Y113.445 E.02145
G1 X116.522 Y113.556 E.02101
;WIDTH:0.524806
G1 X117.001 Y113.794 E.02143
;WIDTH:0.519308
G1 X117.441 Y114.173 E.023
G1 X117.784 Y114.666 E.02379
;WIDTH:0.519488
G1 X117.999 Y115.248 E.02459
;WIDTH:0.51963
G1 X118.063 Y115.874 E.02494
G1 X117.971 Y116.396 E.02101
;WIDTH:0.505978
G1 X117.626 Y116.909 E.0238
;WIDTH:0.50553
G1 X117.16 Y117.33 E.02416
;WIDTH:0.505918
G1 X116.62 Y117.613 E.02347
;WIDTH:0.50642
G1 X116.058 Y117.745 E.02225
;WIDTH:0.509256
G1 X115.531 Y117.74 E.02044
;WIDTH:0.515654
G1 X114.968 Y117.586 E.02294
G1 X114.429 Y117.266 E.02464
;WIDTH:0.504838
G1 X114.288 Y117.16 E.00678
;LAYER_CHANGE
;Z:18.4
;HEIGHT:0.199999
;BEFORE_LAYER_CHANGE
G92 E0
;18.4


G1 E-3.5 F3600
;WIPE_START
G1 F7200
G1 X114.429 Y117.266 E-.08379
G1 X114.968 Y117.586 E-.29775
G1 X115.531 Y117.74 E-.27725
G1 X116.058 Y117.745 E-.25034
G1 X116.62 Y117.613 E-.27421
G1 X117.16 Y117.33 E-.28959
G1 X117.202 Y117.292 E-.02707
;WIPE_END
G1 Z18.4 F9000
;AFTER_LAYER_CHANGE
;18.4
G1 X117.159 Y117.963
G1 E5 F2400
;TYPE:Perimeter
;WIDTH:0.439999
G1 F900
G1 X116.808 Y118.138 E.01295
G1 X116.261 Y118.277 E.01863
G1 X115.76 Y118.317 E.01659
G1 X115.245 Y118.252 E.01714
G1 X114.744 Y118.101 E.01728
G1 X114.316 Y117.866 E.01612
G1 X113.918 Y117.55 E.01678
G1 X113.524 Y117.047 E.0211
G1 X113.276 Y116.48 E.02043
G1 X113.182 Y115.888 E.01979
G1 X113.237 Y115.312 E.0191
G1 X113.416 Y114.815 E.01744
G1 X113.739 Y114.346 E.0188
G1 X114.188 Y113.957 E.01961
G1 X114.691 Y113.6 E.02037
G1 X115.226 Y113.363 E.01932
G1 X115.706 Y113.285 E.01606
G1 X116.334 Y113.343 E.02082
G1 X116.858 Y113.534 E.01841
G1 X117.362 Y113.877 E.02013
G1 X117.776 Y114.351 E.02078
G1 X117.997 Y114.767 E.01555
G1 X118.157 Y115.251 E.01683
G1 X118.215 Y115.928 E.02243
G1 X118.133 Y116.47 E.0181
G1 X117.973 Y116.953 E.0168
G1 X117.702 Y117.421 E.01786
G1 X117.254 Y117.915 E.02202
G1 X117.212 Y117.936 E.00155
G1 X117.344 Y118.314 F9000
G1 F900
G1 X117.137 Y118.418 E.00765
G1 X116.72 Y118.58 E.01477
G1 X116.16 Y118.697 E.01889
G1 X115.529 Y118.696 E.02083
G1 X114.961 Y118.598 E.01903
G1 X114.401 Y118.374 E.01991
G1 X113.924 Y118.081 E.01848
G1 X113.506 Y117.684 E.01903
G1 X113.182 Y117.251 E.01786
G1 X112.952 Y116.749 E.01823
G1 X112.817 Y116.247 E.01716
G1 X112.79 Y115.738 E.01683
G1 X112.849 Y115.224 E.01708
G1 X113.068 Y114.621 E.02118
G1 X113.44 Y114.079 E.0217
G1 X113.943 Y113.644 E.02196
G1 X114.494 Y113.253 E.02231
G1 X115.1 Y112.985 E.02188
G1 X115.705 Y112.886 E.02024
G1 X116.408 Y112.951 E.02331
G1 X116.897 Y113.118 E.01706
G1 X117.343 Y113.359 E.01674
G1 X117.76 Y113.715 E.0181
G1 X118.106 Y114.129 E.01781
G1 X118.373 Y114.636 E.01892
G1 X118.546 Y115.167 E.01844
G1 X118.608 Y115.73 E.0187
G1 X118.59 Y116.161 E.01424
G1 X118.479 Y116.733 E.01924
G1 X118.219 Y117.34 E.0218
G1 X117.911 Y117.814 E.01866
G1 X117.491 Y118.24 E.01975
G1 X117.398 Y118.287 E.00344
G1 X117.525 Y118.656 F9000
;TYPE:External perimeter
;WIDTH:0.419999
G1 F900
G1 X117.1 Y118.869 E.01491
G1 X116.475 Y119.036 E.02028
G1 X115.945 Y119.093 E.01671
G1 X115.293 Y119.064 E.02046
G1 X114.63 Y118.892 E.02148
G1 X114.047 Y118.63 E.02004
G1 X113.516 Y118.24 E.02066
G1 X113.085 Y117.794 E.01945
G1 X112.75 Y117.256 E.01987
G1 X112.522 Y116.7 E.01884
G1 X112.414 Y116.098 E.01918
G1 X112.409 Y115.52 E.01812
G1 X112.537 Y114.914 E.01942
G1 X112.728 Y114.431 E.01629
G1 X113.15 Y113.819 E.02331
G1 X113.703 Y113.339 E.02296
G1 X114.302 Y112.914 E.02303
G1 X114.774 Y112.706 E.01617
G1 X115.192 Y112.567 E.01381
G1 X115.703 Y112.497 E.01617
G1 X116.48 Y112.569 E.02447
G1 X117.051 Y112.762 E.0189
G1 X117.561 Y113.039 E.0182
G1 X118.035 Y113.442 E.01951
G1 X118.428 Y113.912 E.01921
G1 X118.729 Y114.485 E.02029
G1 X118.925 Y115.086 E.01982
G1 X118.996 Y115.756 E.02112
G1 X118.954 Y116.405 E.02039
G1 X118.78 Y117.034 E.02046
G1 X118.561 Y117.52 E.01671
G1 X118.21 Y118.063 E.02027
G1 X117.722 Y118.558 E.02179
G1 X117.578 Y118.629 E.00503
G1 E-3.5 F3600
;WIPE_START
G1 F7200
G1 X117.525 Y118.656 E-.02825
G1 X117.1 Y118.869 E-.22581
G1 X116.475 Y119.036 E-.30729
G1 X115.945 Y119.093 E-.2532
G1 X115.293 Y119.064 E-.31001
G1 X114.63 Y118.892 E-.32535
G1 X114.534 Y118.849 E-.05009
;WIPE_END
G1 X114.844 Y117.271 F9000
G1 E5 F2400
;TYPE:Internal infill
;WIDTH:0.44
G1 F900
G1 X115.504 Y117.504 E.02311
G1 X116.014 Y117.519 E.01685
G1 X116.782 Y117.291 E.02645
G1 X117.022 Y117.022 E.0119
G1 X114.281 Y114.281 E.12799
G1 X114.843 Y113.867 E.02305
G1 X115.323 Y113.655 E.01733
G1 X115.708 Y113.592 E.01288
G1 X115.891 Y113.609 E.00607
G1 X115.83 Y113.734 E.00459
G1 X116.662 Y114.338 E.03395
G1 X114.276 Y116.724 E.11141
G1 X114.102 Y116.449 E.01074
G1 X113.719 Y115.268 E.04099
G1 X113.562 Y115.29 E.00523
G1 X113.684 Y114.964 E.01149
G1 X113.859 Y114.711 E.01016
G1 E-3.5 F3600
;WIPE_START
G1 F7200
G1 X113.684 Y114.964 E-.14612
G1 X113.562 Y115.29 E-.16534
G1 X113.719 Y115.268 E-.0753
G1 X114.102 Y116.449 E-.58974
G1 X114.276 Y116.724 E-.15458
G1 X114.825 Y116.175 E-.36892
;WIPE_END
G1 X116.479 Y113.709 F9000
G1 E5 F2400
;TYPE:Solid infill
;WIDTH:0.490511
G1 F900
G1 X116.703 Y113.846 E.00977
;WIDTH:0.531392
G1 X116.926 Y113.984 E.01065
;WIDTH:0.532738
G1 X117.121 Y114.136 E.01007
G1 X117.469 Y114.528 E.02135
;WIDTH:0.524808
G1 X117.717 Y115.003 E.02147
;WIDTH:0.51931
G1 X117.851 Y115.567 E.02296
;WIDTH:0.519412
G1 X117.838 Y116.168 E.02382
G1 X117.67 Y116.765 E.02457
;WIDTH:0.51963
G1 X117.354 Y117.309 E.02494
G1 X116.972 Y117.677 E.02103
;WIDTH:0.505976
G1 X116.392 Y117.889 E.02378
;WIDTH:0.505528
G1 X115.767 Y117.956 E.02418
;WIDTH:0.50592
G1 X115.165 Y117.868 E.02342
;WIDTH:0.50642
G1 X114.632 Y117.645 E.02227
;WIDTH:0.509256
G1 X114.208 Y117.33 E.02048
;WIDTH:0.511056
G1 X113.821 Y116.842 E.02424
;WIDTH:0.521526
G1 X113.693 Y116.604 E.01075
G1 X113.547 Y116.131 E.0197
;LAYER_CHANGE
;Z:18.6
;HEIGHT:0.200001
;BEFORE_LAYER_CHANGE
G92 E0
;18.6


G1 E-3.5 F3600
;WIPE_START
G1 F7200
G1 X113.693 Y116.604 E-.23513
G1 X113.821 Y116.842 E-.12836
G1 X114.208 Y117.33 E-.29584
G1 X114.632 Y117.645 E-.2509
G1 X115.165 Y117.868 E-.27444
G1 X115.767 Y117.956 E-.28899
G1 X115.822 Y117.95 E-.02634
;WIPE_END
G1 Z18.6 F9000
;AFTER_LAYER_CHANGE
;18.6
G1 X115.395 Y118.467
G1 E5 F2400
;TYPE:Perimeter
;WIDTH:0.439999
G1 F900
G1 X115.007 Y118.403 E.01298
G1 X114.484 Y118.194 E.0186
G1 X114.055 Y117.931 E.01661
G1 X113.676 Y117.577 E.01712
G1 X113.36 Y117.16 E.01727
G1 X113.151 Y116.718 E.01614
G1 X113.015 Y116.229 E.01676
G1 X112.992 Y115.59 E.02111
G1 X113.125 Y114.985 E.02045
G1 X113.397 Y114.451 E.01979
G1 X113.78 Y114.018 E.01909
G1 X114.217 Y113.721 E.01745
G1 X114.753 Y113.531 E.01878
G1 X115.346 Y113.481 E.01965
G1 X115.963 Y113.487 E.02037
G1 X116.534 Y113.61 E.01929
G1 X116.996 Y113.845 E.01711
G1 X117.424 Y114.22 E.01879
G1 X117.755 Y114.708 E.01947
G1 X117.96 Y115.281 E.02009
G1 X118.012 Y115.737 E.01515
G1 X118.002 Y116.055 E.0105
G1 X117.911 Y116.548 E.01655
G1 X117.726 Y116.996 E.016
G1 X117.445 Y117.442 E.0174
G1 X117.06 Y117.833 E.01812
G1 X116.647 Y118.129 E.01678
G1 X116.153 Y118.348 E.01784
G1 X115.5 Y118.485 E.02203
G1 X115.454 Y118.477 E.00154
G1 X115.338 Y118.86 F9000
G1 F900
G1 X115.109 Y118.823 E.00766
G1 X114.676 Y118.709 E.01478
G1 X114.155 Y118.474 E.01887
G1 X113.645 Y118.103 E.02082
G1 X113.243 Y117.689 E.01905
G1 X112.922 Y117.179 E.0199
G1 X112.708 Y116.662 E.01847
G1 X112.603 Y116.094 E.01907
G1 X112.596 Y115.554 E.01783
G1 X112.704 Y115.013 E.01821
G1 X112.891 Y114.527 E.01719
G1 X113.167 Y114.099 E.01681
G1 X113.518 Y113.718 E.0171
G1 X114.049 Y113.359 E.02116
G1 X114.669 Y113.14 E.02171
G1 X115.331 Y113.083 E.02194
G1 X116.007 Y113.091 E.02232
G1 X116.655 Y113.23 E.02188
G1 X117.218 Y113.515 E.02083
G1 X117.608 Y113.844 E.01685
G1 X117.932 Y114.228 E.01659
G1 X118.183 Y114.697 E.01756
G1 X118.349 Y115.195 E.01733
G1 X118.409 Y115.749 E.0184
G1 X118.377 Y116.293 E.01799
G1 X118.221 Y116.855 E.01926
G1 X117.981 Y117.366 E.01864
G1 X117.611 Y117.851 E.02014
G1 X117.186 Y118.249 E.01922
G1 X116.618 Y118.586 E.02181
G1 X116.091 Y118.789 E.01865
G1 X115.5 Y118.887 E.01978
G1 X115.397 Y118.87 E.00345
G1 X115.283 Y119.244 F9000
;TYPE:External perimeter
;WIDTH:0.419999
G1 F900
G1 X114.814 Y119.166 E.01491
G1 X114.211 Y118.933 E.02027
G1 X113.748 Y118.669 E.01671
G1 X113.238 Y118.262 E.02046
G1 X112.803 Y117.733 E.02147
G1 X112.485 Y117.178 E.02006
G1 X112.285 Y116.55 E.02066
G1 X112.198 Y115.936 E.01944
G1 X112.243 Y115.304 E.01987
G1 X112.386 Y114.72 E.01885
G1 X112.652 Y114.17 E.01916
G1 X112.988 Y113.7 E.01811
G1 X113.447 Y113.284 E.01942
G1 X113.885 Y113.006 E.01627
G1 X114.587 Y112.759 E.02333
G1 X115.317 Y112.696 E.02297
G1 X116.05 Y112.704 E.02298
G1 X116.467 Y112.794 E.01338
G1 X116.975 Y112.946 E.01663
G1 X117.435 Y113.193 E.01637
G1 X117.881 Y113.57 E.01831
G1 X118.253 Y114.009 E.01804
G1 X118.538 Y114.543 E.01898
G1 X118.727 Y115.112 E.0188
G1 X118.802 Y115.936 E.02594
G1 X118.709 Y116.577 E.02031
G1 X118.515 Y117.178 E.0198
G1 X118.178 Y117.762 E.02114
G1 X117.762 Y118.262 E.02039
G1 X117.252 Y118.669 E.02046
G1 X116.789 Y118.933 E.01671
G1 X116.186 Y119.166 E.02027
G1 X115.5 Y119.279 E.0218
G1 X115.342 Y119.253 E.00502
G1 X114.81 Y117.476 F9000
;TYPE:Internal infill
;WIDTH:0.44
G1 F900
G1 X115.484 Y117.703 E.02348
G1 X115.783 Y117.644 E.01006
G1 X116.485 Y117.291 E.02594
G1 X116.879 Y116.879 E.01882
G1 X114.132 Y114.132 E.12827
G1 X114.817 Y113.833 E.02468
G1 X115.463 Y113.788 E.02138
G1 X115.929 Y113.793 E.01539
G1 X116.441 Y113.903 E.01729
G1 X116.868 Y114.132 E.016
G1 X114.121 Y116.879 E.12827
G1 X113.839 Y116.304 E.02115
G1 X113.786 Y115.598 E.02338
G1 X114.082 Y114.615 E.0339
G1 X113.549 Y114.862 F9000
;TYPE:Solid infill
;WIDTH:0.523784
G1 F900
G1 X113.382 Y115.356 E.02085
;WIDTH:0.545926
G1 X113.344 Y115.895 E.0226
G1 X113.431 Y116.446 E.02333
;WIDTH:0.53924
G1 X113.666 Y116.976 E.02393
;WIDTH:0.54055
G1 X114.038 Y117.445 E.02477
;WIDTH:0.541286
G1 X114.532 Y117.818 E.02565
G1 X115.103 Y118.058 E.02567
;WIDTH:0.54105
G1 X115.5 Y118.133 E.01673
;WIDTH:0.523494
G1 X115.937 Y118.055 E.01774
G1 X116.458 Y117.822 E.02281
;WIDTH:0.50566
G1 X116.952 Y117.451 E.02377
;WIDTH:0.50621
G1 X117.327 Y116.984 E.02307
;WIDTH:0.506762
G1 X117.564 Y116.456 E.02232
;WIDTH:0.510052
G1 X117.655 Y115.929 E.02077
;WIDTH:0.512582
G1 X117.601 Y115.33 E.02349
G1 X117.472 Y114.977 E.01468
;WIDTH:0.480833
G1 X117.344 Y114.624 E.01367
;LAYER_CHANGE
;Z:18.8
;HEIGHT:0.199999
;BEFORE_LAYER_CHANGE
G92 E0
;18.8


G1 E-3.5 F3600
;WIPE_START
G1 F7200
G1 X117.472 Y114.977 E-.17836
G1 X117.601 Y115.33 E-.17852
G1 X117.655 Y115.929 E-.28568
G1 X117.564 Y116.456 E-.25403
G1 X117.327 Y116.984 E-.27491
G1 X116.952 Y117.451 E-.28449
G1 X116.878 Y117.507 E-.04401
;WIPE_END
G1 Z18.8 F9000
;AFTER_LAYER_CHANGE
;18.8
G1 X113.843 Y117.958
G1 E5 F2400
;TYPE:Perimeter
;WIDTH:0.439999
G1 F900
G1 X113.746 Y117.915 E.0035
G1 X113.298 Y117.421 E.02202
G1 X113.027 Y116.953 E.01786
G1 X112.856 Y116.425 E.01832
G1 X112.785 Y115.928 E.01658
G1 X112.815 Y115.434 E.01634
G1 X112.933 Y114.931 E.01706
G1 X113.224 Y114.351 E.02143
G1 X113.639 Y113.877 E.0208
G1 X114.142 Y113.534 E.0201
G1 X114.696 Y113.334 E.01945
G1 X115.231 Y113.283 E.01774
G1 X115.803 Y113.376 E.01913
G1 X116.304 Y113.597 E.01808
G1 X117.061 Y114.148 E.03091
G1 X117.273 Y114.385 E.0105
G1 X117.572 Y114.786 E.01652
G1 X117.763 Y115.312 E.01848
G1 X117.818 Y115.888 E.0191
G1 X117.724 Y116.48 E.01979
G1 X117.476 Y117.047 E.02043
G1 X117.198 Y117.42 E.01536
G1 X116.834 Y117.765 E.01656
G1 X116.422 Y118.018 E.01596
G1 X115.932 Y118.215 E.01744
G1 X115.391 Y118.304 E.0181
G1 X114.882 Y118.301 E.01681
G1 X114.354 Y118.188 E.01783
G1 X113.898 Y117.983 E.01651
G1 X113.656 Y118.314 F9000
G1 F900
G1 X113.509 Y118.24 E.00543
G1 X113.089 Y117.814 E.01975
G1 X112.743 Y117.266 E.0214
G1 X112.521 Y116.733 E.01906
G1 X112.406 Y116.123 E.0205
G1 X112.396 Y115.551 E.01889
G1 X112.51 Y114.968 E.01961
G1 X112.706 Y114.451 E.01826
G1 X113.014 Y113.973 E.01877
G1 X113.375 Y113.579 E.01764
G1 X113.819 Y113.263 E.01799
G1 X114.28 Y113.041 E.01689
G1 X114.758 Y112.922 E.01626
G1 X115.258 Y112.885 E.01655
G1 X115.917 Y112.993 E.02205
G1 X116.503 Y113.251 E.02114
G1 X117.329 Y113.851 E.03371
G1 X117.768 Y114.343 E.02177
G1 X117.974 Y114.716 E.01407
G1 X118.151 Y115.224 E.01776
G1 X118.216 Y115.9 E.02242
G1 X118.142 Y116.427 E.01757
G1 X117.984 Y116.928 E.01734
G1 X117.708 Y117.412 E.0184
G1 X117.361 Y117.833 E.01801
G1 X116.905 Y118.196 E.01924
G1 X116.41 Y118.468 E.01865
G1 X115.826 Y118.643 E.02013
G1 X115.248 Y118.714 E.01923
G1 X114.59 Y118.654 E.02182
G1 X114.044 Y118.508 E.01866
G1 X113.71 Y118.341 E.01233
G1 X113.475 Y118.656 F9000
;TYPE:External perimeter
;WIDTH:0.419999
G1 F900
G1 X113.278 Y118.558 E.0069
G1 X112.79 Y118.063 E.02179
G1 X112.4 Y117.446 E.02289
G1 X112.15 Y116.845 E.02041
G1 X112.021 Y116.163 E.02176
G1 X112.01 Y115.518 E.02023
G1 X112.138 Y114.863 E.02093
G1 X112.359 Y114.277 E.01964
G1 X112.707 Y113.737 E.02014
G1 X113.117 Y113.289 E.01904
G1 X113.622 Y112.93 E.01943
G1 X114.149 Y112.676 E.01834
G1 X114.76 Y112.53 E.0197
G1 X115.284 Y112.497 E.01646
G1 X116.028 Y112.619 E.02364
G1 X116.697 Y112.914 E.02292
G1 X117.59 Y113.562 E.03459
G1 X118.081 Y114.112 E.02312
G1 X118.353 Y114.615 E.01793
G1 X118.529 Y115.138 E.0173
G1 X118.597 Y115.705 E.01791
G1 X118.584 Y116.118 E.01296
G1 X118.478 Y116.7 E.01855
G1 X118.241 Y117.275 E.0195
G1 X117.915 Y117.794 E.01922
G1 X117.463 Y118.258 E.02031
G1 X116.953 Y118.63 E.01979
G1 X116.337 Y118.904 E.02114
G1 X115.707 Y119.064 E.02038
G1 X115.055 Y119.093 E.02046
G1 X114.525 Y119.036 E.01671
G1 X113.9 Y118.869 E.02028
G1 X113.529 Y118.683 E.01301
G1 E-3.5 F3600
;WIPE_START
G1 F7200
G1 X113.475 Y118.656 E-.02868
G1 X113.278 Y118.558 E-.10451
G1 X112.79 Y118.063 E-.33017
G1 X112.4 Y117.446 E-.34671
G1 X112.15 Y116.845 E-.30919
G1 X112.021 Y116.163 E-.32969
G1 X112.019 Y116.056 E-.05105
;WIPE_END
G1 X113.682 Y116.455 F9000
G1 E5 F2400
;TYPE:Internal infill
;WIDTH:0.44
G1 F900
G1 X113.572 Y115.876 E.01946
G1 X113.683 Y115.174 E.02347
G1 X114.031 Y114.608 E.02194
G1 X114.34 Y114.34 E.01351
G1 X116.726 Y116.726 E.11141
G1 X116.911 Y116.407 E.01218
G1 X117.281 Y115.268 E.03954
G1 X117.438 Y115.29 E.00523
G1 X117.2 Y114.761 E.01915
G1 X116.721 Y114.279 E.02244
G1 X113.978 Y117.022 E.12808
G1 X114.218 Y117.291 E.0119
G1 X114.986 Y117.519 E.02645
G1 X115.496 Y117.504 E.01685
G1 X116.156 Y117.271 E.02311
G1 X117.507 Y115.875 F9000
;TYPE:Solid infill
;WIDTH:0.489626
G1 F900
G1 X117.446 Y116.128 E.00967
;WIDTH:0.53017
G1 X117.385 Y116.38 E.0105
;WIDTH:0.545626
G1 X117.166 Y116.862 E.02213
G1 X116.83 Y117.296 E.02294
;WIDTH:0.539584
G1 X116.378 Y117.641 E.02348
;WIDTH:0.540296
G1 X115.835 Y117.87 E.02437
;WIDTH:0.540994
G1 X115.233 Y117.958 E.0252
;WIDTH:0.541932
G1 X114.6 Y117.89 E.02642
G1 X114.297 Y117.803 E.01308
;WIDTH:0.521838
G1 X113.866 Y117.553 E.01984
;WIDTH:0.507542
G1 X113.503 Y117.087 E.02282
;WIDTH:0.505528
G1 X113.246 Y116.513 E.02419
;WIDTH:0.505922
G1 X113.144 Y115.913 E.02343
;WIDTH:0.506424
G1 X113.192 Y115.337 E.02228
;WIDTH:0.509256
G1 X113.36 Y114.837 E.02045
;WIDTH:0.515656
G1 X113.681 Y114.35 E.02293
G1 X114.151 Y113.936 E.02462
;WIDTH:0.50484
G1 X114.295 Y113.835 E.00676
;LAYER_CHANGE
;Z:19
;HEIGHT:0.200001
;BEFORE_LAYER_CHANGE
G92 E0
;19


G1 E-3.5 F3600
;WIPE_START
G1 F7200
G1 X114.151 Y113.936 E-.08355
G1 X113.681 Y114.35 E-.29751
G1 X113.36 Y114.837 E-.27706
G1 X113.192 Y115.337 E-.25055
G1 X113.144 Y115.913 E-.27455
G1 X113.246 Y116.513 E-.28909
G1 X113.27 Y116.566 E-.02769
;WIPE_END
G1 Z19 F9000
;AFTER_LAYER_CHANGE
;19
G1 X112.645 Y116.317
G1 E5 F2400
;TYPE:Perimeter
;WIDTH:0.439999
G1 F900
G1 X112.587 Y115.928 E.01299
G1 X112.624 Y115.366 E.0186
G1 X112.741 Y114.877 E.0166
G1 X112.96 Y114.409 E.01706
G1 X113.259 Y113.978 E.01732
G1 X113.616 Y113.643 E.01616
G1 X114.039 Y113.362 E.01677
G1 X114.639 Y113.143 E.02109
G1 X115.255 Y113.082 E.02044
G1 X115.847 Y113.176 E.01979
G1 X116.269 Y113.35 E.01507
G1 X116.685 Y113.631 E.01658
G1 X116.984 Y113.975 E.01505
G1 X117.259 Y114.403 E.0168
G1 X117.558 Y115.324 E.03197
G1 X117.595 Y116.14 E.02697
G1 X117.441 Y116.678 E.01848
G1 X117.147 Y117.176 E.01909
G1 X116.723 Y117.6 E.0198
G1 X116.189 Y117.913 E.02044
G1 X115.745 Y118.051 E.01535
G1 X115.248 Y118.117 E.01655
G1 X114.765 Y118.079 E.016
G1 X114.254 Y117.95 E.0174
G1 X113.764 Y117.704 E.0181
G1 X113.354 Y117.403 E.01679
G1 X112.993 Y117.001 E.01784
G1 X112.661 Y116.422 E.02204
G1 X112.654 Y116.376 E.00154
G1 X112.254 Y116.384 F9000
G1 F900
G1 X112.219 Y116.155 E.00765
G1 X112.193 Y115.708 E.01478
G1 X112.256 Y115.14 E.01887
G1 X112.452 Y114.54 E.02084
G1 X112.721 Y114.03 E.01904
G1 X113.107 Y113.567 E.0199
G1 X113.532 Y113.203 E.01848
G1 X114.039 Y112.929 E.01903
G1 X114.551 Y112.755 E.01785
G1 X115.099 Y112.69 E.01822
G1 X115.619 Y112.718 E.01719
G1 X116.111 Y112.849 E.01681
G1 X116.582 Y113.064 E.01709
G1 X117.088 Y113.458 E.02117
G1 X117.4 Y113.866 E.01696
G1 X117.627 Y114.253 E.01481
G1 X117.949 Y115.241 E.03431
G1 X117.981 Y115.562 E.01065
G1 X117.999 Y116.079 E.01708
G1 X117.919 Y116.521 E.01483
G1 X117.726 Y116.993 E.01684
G1 X117.462 Y117.42 E.01658
G1 X117.093 Y117.803 E.01756
G1 X116.67 Y118.115 E.01735
G1 X116.162 Y118.344 E.0184
G1 X115.635 Y118.482 E.01799
G1 X115.052 Y118.507 E.01927
G1 X114.492 Y118.436 E.01864
G1 X113.916 Y118.234 E.02015
G1 X113.407 Y117.952 E.01921
G1 X112.91 Y117.517 E.02181
G1 X112.554 Y117.078 E.01866
G1 X112.279 Y116.547 E.01974
G1 X112.263 Y116.444 E.00344
G1 X111.873 Y116.45 F9000
;TYPE:External perimeter
;WIDTH:0.419999
G1 F900
G1 X111.801 Y115.98 E.01491
G1 X111.836 Y115.335 E.02025
G1 X111.945 Y114.813 E.01672
G1 X112.174 Y114.202 E.02046
G1 X112.543 Y113.625 E.02147
G1 X112.972 Y113.151 E.02005
G1 X113.508 Y112.767 E.02067
G1 X114.065 Y112.495 E.01944
G1 X114.68 Y112.342 E.01987
G1 X115.279 Y112.297 E.01883
G1 X115.885 Y112.38 E.01918
G1 X116.436 Y112.554 E.01812
G1 X116.973 Y112.863 E.01943
G1 X117.373 Y113.194 E.01628
G1 X117.708 Y113.631 E.01726
G1 X117.987 Y114.106 E.01727
G1 X118.329 Y115.161 E.03477
G1 X118.373 Y115.584 E.01333
G1 X118.372 Y116.259 E.02116
G1 X118.224 Y116.818 E.01813
G1 X117.988 Y117.333 E.01776
G1 X117.632 Y117.813 E.01874
G1 X117.204 Y118.221 E.01854
G1 X116.674 Y118.547 E.01951
G1 X116.106 Y118.775 E.01919
G1 X115.467 Y118.885 E.02033
G1 X114.836 Y118.886 E.01978
G1 X114.176 Y118.745 E.02116
G1 X113.572 Y118.505 E.02038
G1 X113.028 Y118.146 E.02044
G1 X112.633 Y117.787 E.01674
G1 X112.225 Y117.285 E.02028
G1 X111.906 Y116.668 E.02178
G1 X111.882 Y116.51 E.00501
G1 X113.465 Y116.29 F9000
;TYPE:Internal infill
;WIDTH:0.44
G1 F900
G1 X113.373 Y115.894 E.01342
G1 X113.492 Y115.117 E.02595
G1 X113.719 Y114.671 E.01652
G1 X114.192 Y114.192 E.02223
G1 X116.662 Y116.662 E.11533
G1 X116.109 Y117.063 E.02255
G1 X115.651 Y117.266 E.01654
G1 X115.016 Y117.322 E.02105
G1 X114.547 Y117.218 E.01586
G1 X114.05 Y116.95 E.01864
G1 X116.783 Y114.217 E.12761
G1 X116.975 Y114.519 E.01182
G1 X117.257 Y115.387 E.03013
G1 X117.31 Y115.902 E.01709
G1 X117.184 Y116.462 E.01895
G1 X116.903 Y116.983 F9000
;TYPE:Solid infill
;WIDTH:0.489631
G1 F900
G1 X116.705 Y117.151 E.00965
;WIDTH:0.530168
G1 X116.507 Y117.32 E.01055
;WIDTH:0.545622
G1 X116.047 Y117.581 E.02211
G1 X115.521 Y117.735 E.02291
;WIDTH:0.539584
G1 X114.952 Y117.748 E.0235
;WIDTH:0.540294
G1 X114.378 Y117.614 E.02438
;WIDTH:0.540996
G1 X113.839 Y117.332 E.02519
;WIDTH:0.54193
G1 X113.367 Y116.904 E.02644
G1 X113.173 Y116.657 E.01303
;WIDTH:0.521836
G1 X112.971 Y116.201 E.01986
;WIDTH:0.50754
G1 X112.952 Y115.61 E.02284
;WIDTH:0.50553
G1 X113.081 Y114.995 E.02417
;WIDTH:0.50592
G1 X113.352 Y114.449 E.02347
;WIDTH:0.525636
G1 X113.721 Y114.005 E.02317
G1 X114.155 Y113.702 E.02125
;WIDTH:0.530684
G1 X114.701 Y113.493 E.02371
G1 X115.366 Y113.44 E.02706
;WIDTH:0.519586
G1 X115.563 Y113.457 E.00784
;WIDTH:0.483434
G1 X115.76 Y113.474 E.00724
;LAYER_CHANGE
;Z:19.2
;HEIGHT:0.200001
;BEFORE_LAYER_CHANGE
G92 E0
;19.2


G1 E-3.5 F3600
;WIPE_START
G1 F7200
G1 X115.563 Y113.457 E-.09392
G1 X115.366 Y113.44 E-.09392
G1 X114.701 Y113.493 E-.31688
G1 X114.155 Y113.702 E-.2777
G1 X113.721 Y114.005 E-.25142
G1 X113.352 Y114.449 E-.27423
G1 X113.173 Y114.811 E-.19193
;WIPE_END
G1 Z19.2 F9000
;AFTER_LAYER_CHANGE
;19.2
G1 X112.715 Y114.485
G1 E5 F2400
;TYPE:Perimeter
;WIDTH:0.439999
G1 F900
G1 X112.993 Y113.999 E.01849
G1 X113.354 Y113.597 E.01784
G1 X113.804 Y113.271 E.01835
G1 X114.254 Y113.05 E.01655
G1 X114.734 Y112.926 E.01637
G1 X115.248 Y112.883 E.01703
G1 X115.89 Y112.981 E.02144
G1 X116.468 Y113.228 E.02075
G1 X116.95 Y113.6 E.0201
G1 X117.311 Y114.066 E.01946
G1 X117.536 Y114.589 E.0188
G1 X117.597 Y115.139 E.01827
G1 X117.568 Y115.647 E.0168
G1 X117.269 Y116.567 E.03194
G1 X117.109 Y116.842 E.0105
G1 X116.819 Y117.25 E.01653
G1 X116.378 Y117.594 E.01847
G1 X115.847 Y117.824 E.01911
G1 X115.256 Y117.918 E.01976
G1 X114.639 Y117.857 E.02047
G1 X114.199 Y117.708 E.01534
G1 X113.758 Y117.469 E.01656
G1 X113.39 Y117.155 E.01597
G1 X113.052 Y116.75 E.01742
G1 X112.8 Y116.263 E.0181
G1 X112.645 Y115.778 E.01681
G1 X112.59 Y115.241 E.01782
G1 X112.661 Y114.578 E.02202
G1 X112.685 Y114.537 E.00157
G1 X112.354 Y114.308 F9000
G1 F900
G1 X112.554 Y113.922 E.01435
G1 X112.968 Y113.424 E.02138
G1 X113.407 Y113.048 E.01908
G1 X113.951 Y112.75 E.02048
G1 X114.492 Y112.564 E.01889
G1 X115.082 Y112.492 E.01962
G1 X115.635 Y112.519 E.01828
G1 X116.184 Y112.664 E.01875
G1 X116.67 Y112.885 E.01763
G1 X117.107 Y113.209 E.01796
G1 X117.462 Y113.58 E.01695
G1 X117.725 Y114.004 E.01647
G1 X117.919 Y114.479 E.01694
G1 X117.998 Y115.295 E.02707
G1 X117.954 Y115.741 E.0148
G1 X117.633 Y116.73 E.03433
G1 X117.302 Y117.3 E.02176
G1 X116.857 Y117.748 E.02085
G1 X116.423 Y118.017 E.01686
G1 X115.959 Y118.206 E.01654
G1 X115.435 Y118.3 E.01758
G1 X114.91 Y118.303 E.01733
G1 X114.364 Y118.19 E.01841
G1 X113.856 Y117.991 E.01801
G1 X113.37 Y117.669 E.01925
G1 X112.959 Y117.283 E.01862
G1 X112.611 Y116.781 E.02017
G1 X112.365 Y116.254 E.0192
G1 X112.219 Y115.61 E.0218
G1 X112.189 Y115.045 E.01868
G1 X112.279 Y114.453 E.01977
G1 X112.327 Y114.361 E.00343
G1 X112.007 Y114.137 F9000
;TYPE:External perimeter
;WIDTH:0.419999
G1 F900
G1 X112.225 Y113.715 E.01489
G1 X112.504 Y113.345 E.01453
G1 X112.98 Y112.892 E.0206
G1 X113.397 Y112.601 E.01594
G1 X113.981 Y112.313 E.02042
G1 X114.637 Y112.147 E.02122
G1 X115.267 Y112.098 E.01981
G1 X115.912 Y112.183 E.0204
G1 X116.499 Y112.365 E.01927
G1 X117.044 Y112.671 E.0196
G1 X117.506 Y113.045 E.01864
G1 X117.886 Y113.517 E.019
G1 X118.163 Y114.012 E.01779
G1 X118.323 Y114.518 E.01664
G1 X118.385 Y115.285 E.02413
G1 X118.331 Y115.833 E.01727
G1 X117.988 Y116.889 E.03481
G1 X117.618 Y117.526 E.0231
G1 X117.377 Y117.802 E.01149
G1 X116.928 Y118.168 E.01816
G1 X116.436 Y118.446 E.01772
G1 X115.865 Y118.624 E.01875
G1 X115.279 Y118.703 E.01854
G1 X114.659 Y118.655 E.0195
G1 X114.065 Y118.505 E.01921
G1 X113.484 Y118.219 E.0203
G1 X112.972 Y117.849 E.01981
G1 X112.521 Y117.348 E.02114
G1 X112.174 Y116.798 E.02039
G1 X111.945 Y116.187 E.02046
G1 X111.836 Y115.665 E.01672
G1 X111.801 Y115.02 E.02025
G1 X111.906 Y114.332 E.02182
G1 X111.979 Y114.19 E.00501
G1 X113.465 Y114.71 F9000
;TYPE:Internal infill
;WIDTH:0.44
G1 F900
G1 X113.373 Y115.106 E.01342
G1 X113.492 Y115.883 E.02595
G1 X113.719 Y116.329 E.01652
G1 X114.192 Y116.808 E.02223
G1 X116.662 Y114.338 E.11533
G1 X116.109 Y113.937 E.02255
G1 X115.691 Y113.752 E.01509
G1 X115.016 Y113.678 E.02242
G1 X114.547 Y113.782 E.01586
G1 X114.05 Y114.05 E.01864
G1 X116.787 Y116.787 E.1278
G1 X116.988 Y116.441 E.01321
G1 X117.27 Y115.574 E.0301
G1 X117.284 Y114.866 E.02338
G1 X117.183 Y114.539 E.0113
G1 X116.704 Y113.837 F9000
;TYPE:Solid infill
;WIDTH:0.512972
G1 F900
G1 X116.294 Y113.544 E.0197
;WIDTH:0.515844
G1 X115.832 Y113.342 E.01983
G1 X115.248 Y113.244 E.02329
;WIDTH:0.52372
G1 X114.708 Y113.283 E.02164
G1 X114.153 Y113.478 E.02352
;WIDTH:0.518268
G1 X113.636 Y113.82 E.0245
;WIDTH:0.519634
G1 X113.207 Y114.296 E.0254
G1 X112.974 Y114.773 E.02104
;WIDTH:0.525816
G1 X112.941 Y115.378 E.02433
G1 X113.069 Y115.996 E.02534
;WIDTH:0.52353
G1 X113.337 Y116.545 E.02441
G1 X113.722 Y116.994 E.02364
G1 X114.19 Y117.32 E.02279
;WIDTH:0.545626
G1 X114.719 Y117.506 E.02344
G1 X115.245 Y117.565 E.02212
;WIDTH:0.53017
G1 X115.504 Y117.544 E.01053
;WIDTH:0.489631
G1 X115.764 Y117.524 E.00969
;LAYER_CHANGE
;Z:19.4
;HEIGHT:0.199999
;BEFORE_LAYER_CHANGE
G92 E0
;19.4


G1 E-3.5 F3600
;WIPE_START
G1 F7200
G1 X115.504 Y117.544 E-.12386
G1 X115.245 Y117.565 E-.12343
G1 X114.719 Y117.506 E-.25142
G1 X114.19 Y117.32 E-.26635
G1 X113.722 Y116.994 E-.27092
G1 X113.337 Y116.545 E-.28094
G1 X113.168 Y116.199 E-.18308
;WIPE_END
G1 Z19.4 F9000
;AFTER_LAYER_CHANGE
;19.4
G1 X113.674 Y113.165
G1 E5 F2400
;TYPE:Perimeter
;WIDTH:0.439999
G1 F900
G1 X113.746 Y113.085 E.00355
G1 X114.354 Y112.812 E.02201
G1 X114.873 Y112.7 E.01753
G1 X115.434 Y112.701 E.01852
G1 X115.932 Y112.785 E.01667
G1 X116.393 Y112.967 E.01636
G1 X116.834 Y113.235 E.01704
G1 X117.296 Y113.691 E.02143
G1 X117.619 Y114.231 E.02078
G1 X117.79 Y114.816 E.02012
G1 X117.814 Y115.249 E.01432
G1 X117.782 Y115.567 E.01055
G1 X117.643 Y116.05 E.01659
G1 X117.409 Y116.44 E.01502
G1 X117.086 Y116.834 E.01682
G1 X116.304 Y117.403 E.03193
G1 X116.013 Y117.531 E.0105
G1 X115.539 Y117.691 E.01652
G1 X114.98 Y117.71 E.01847
G1 X114.415 Y117.585 E.01911
G1 X113.881 Y117.312 E.0198
G1 X113.418 Y116.901 E.02044
G1 X113.15 Y116.522 E.01533
G1 X112.933 Y116.069 E.01658
G1 X112.82 Y115.598 E.01599
G1 X112.785 Y115.072 E.01741
G1 X112.867 Y114.529 E.01813
G1 X113.027 Y114.047 E.01677
G1 X113.298 Y113.579 E.01786
G1 X113.634 Y113.209 E.0165
G1 X113.394 Y112.877 F9000
G1 F900
G1 X113.509 Y112.76 E.00542
G1 X113.863 Y112.582 E.01308
G1 X114.28 Y112.42 E.01477
G1 X114.835 Y112.304 E.01872
G1 X115.466 Y112.305 E.02083
G1 X116.039 Y112.402 E.01919
G1 X116.599 Y112.626 E.01991
G1 X117.076 Y112.919 E.01848
G1 X117.494 Y113.316 E.01903
G1 X117.818 Y113.749 E.01786
G1 X118.048 Y114.25 E.0182
G1 X118.183 Y114.753 E.0172
G1 X118.21 Y115.262 E.01683
G1 X118.151 Y115.776 E.01708
G1 X117.932 Y116.379 E.02118
G1 X117.641 Y116.802 E.01695
G1 X117.344 Y117.138 E.01481
G1 X116.503 Y117.749 E.03432
G1 X115.9 Y118.015 E.02176
G1 X115.277 Y118.116 E.02084
G1 X114.768 Y118.079 E.01685
G1 X114.28 Y117.959 E.01659
G1 X113.802 Y117.727 E.01754
G1 X113.375 Y117.421 E.01734
G1 X113 Y117.009 E.01839
G1 X112.706 Y116.549 E.01803
G1 X112.502 Y116.003 E.01924
G1 X112.396 Y115.449 E.01862
G1 X112.41 Y114.838 E.02018
G1 X112.521 Y114.267 E.01921
G1 X112.781 Y113.66 E.0218
G1 X113.089 Y113.186 E.01866
G1 X113.352 Y112.919 E.01237
G1 X113.124 Y112.599 F9000
;TYPE:External perimeter
;WIDTH:0.419999
G1 F900
G1 X113.278 Y112.442 E.0069
G1 X113.69 Y112.236 E.01444
G1 X114.167 Y112.049 E.01606
G1 X114.797 Y111.918 E.02018
G1 X115.497 Y111.919 E.02195
G1 X116.144 Y112.029 E.02058
G1 X116.772 Y112.28 E.0212
G1 X117.312 Y112.611 E.01986
G1 X117.783 Y113.059 E.02038
G1 X118.151 Y113.551 E.01926
G1 X118.412 Y114.119 E.0196
G1 X118.566 Y114.692 E.0186
G1 X118.591 Y115.48 E.02472
G1 X118.463 Y116.086 E.01942
G1 X118.272 Y116.569 E.01629
G1 X117.96 Y117.022 E.01725
G1 X117.595 Y117.434 E.01726
G1 X116.697 Y118.086 E.03479
G1 X116.022 Y118.384 E.02313
G1 X115.666 Y118.466 E.01145
G1 X115.088 Y118.498 E.01815
G1 X114.526 Y118.433 E.01774
G1 X113.959 Y118.242 E.01876
G1 X113.439 Y117.961 E.01853
G1 X112.965 Y117.558 E.01951
G1 X112.572 Y117.088 E.01921
G1 X112.271 Y116.515 E.02029
G1 X112.075 Y115.914 E.01982
G1 X112.004 Y115.244 E.02112
G1 X112.046 Y114.595 E.02039
G1 X112.22 Y113.967 E.02043
G1 X112.439 Y113.48 E.01674
G1 X112.79 Y112.937 E.02027
G1 X113.082 Y112.642 E.01301
G1 X113.681 Y114.546 F9000
;TYPE:Internal infill
;WIDTH:0.44
G1 F900
G1 X113.572 Y115.124 E.01942
G1 X113.683 Y115.826 E.02347
G1 X113.867 Y116.189 E.01344
G1 X114.336 Y116.664 E.02204
G1 X116.724 Y114.276 E.1115
G1 X116.898 Y114.551 E.01074
G1 X117.281 Y115.732 E.04099
G1 X117.438 Y115.71 E.00523
G1 X117.316 Y116.036 E.01149
G1 X117.008 Y116.482 E.0179
G1 X116.721 Y116.721 E.01233
G1 X113.978 Y113.978 E.12808
G1 X114.218 Y113.709 E.0119
G1 X114.982 Y113.481 E.02632
G1 X115.742 Y113.551 E.0252
G1 X116.157 Y113.73 E.01492
G1 E-3.5 F3600
;WIPE_START
G1 F7200
G1 X115.742 Y113.551 E-.21468
G1 X114.982 Y113.481 E-.36253
G1 X114.218 Y113.709 E-.37872
G1 X113.978 Y113.978 E-.17124
G1 X114.533 Y114.533 E-.37283
;WIPE_END
G1 X114.522 Y117.291 F9000
G1 E5 F2400
;TYPE:Solid infill
;WIDTH:0.488841
G1 F900
G1 X114.301 Y117.156 E.0096
;WIDTH:0.526924
G1 X114.079 Y117.022 E.01044
;WIDTH:0.545538
G1 X113.69 Y116.664 E.02209
G1 X113.392 Y116.244 E.02152
;WIDTH:0.519436
G1 X113.199 Y115.722 E.02205
G1 X113.136 Y115.135 E.02339
G1 X113.226 Y114.531 E.0242
G1 X113.473 Y113.951 E.02498
G1 X113.866 Y113.446 E.02535
;WIDTH:0.522554
G1 X114.315 Y113.188 E.02065
;WIDTH:0.524086
G1 X114.906 Y113.049 E.02429
G1 X115.413 Y113.049 E.02028
;WIDTH:0.522342
G1 X115.895 Y113.143 E.01958
;WIDTH:0.523448
G1 X116.372 Y113.347 E.02073
G1 X116.795 Y113.665 E.02114
;WIDTH:0.530944
G1 X117.173 Y114.134 E.02444
G1 X117.385 Y114.62 E.02152
G1 X117.445 Y114.872 E.01051
;WIDTH:0.49013
G1 X117.506 Y115.125 E.00968
;LAYER_CHANGE
;Z:19.6
;HEIGHT:0.200001
;BEFORE_LAYER_CHANGE
G92 E0
;19.6


G1 E-3.5 F3600
;WIPE_START
G1 F7200
G1 X117.445 Y114.872 E-.12362
G1 X117.385 Y114.62 E-.12305
G1 X117.173 Y114.134 E-.25186
G1 X116.795 Y113.665 E-.28612
G1 X116.372 Y113.347 E-.25137
G1 X115.895 Y113.143 E-.24643
G1 X115.446 Y113.055 E-.21755
;WIPE_END
G1 Z19.6 F9000
;AFTER_LAYER_CHANGE
;19.6
G1 X115.605 Y112.533
G1 E5 F2400
;TYPE:Perimeter
;WIDTH:0.439999
G1 F900
G1 X115.993 Y112.597 E.01298
G1 X116.516 Y112.806 E.0186
G1 X116.945 Y113.069 E.01661
G1 X117.322 Y113.421 E.01703
G1 X117.64 Y113.84 E.01737
G1 X117.849 Y114.282 E.01614
G1 X117.985 Y114.771 E.01676
G1 X118.008 Y115.41 E.02111
G1 X117.875 Y116.015 E.02045
G1 X117.603 Y116.549 E.01979
G1 X117.307 Y116.896 E.01506
G1 X116.911 Y117.205 E.01658
G1 X116.491 Y117.382 E.01505
G1 X115.999 Y117.512 E.0168
G1 X115.032 Y117.512 E.03193
G1 X114.721 Y117.445 E.0105
G1 X114.244 Y117.295 E.01651
G1 X113.78 Y116.982 E.01848
G1 X113.397 Y116.549 E.01909
G1 X113.125 Y116.015 E.01979
G1 X112.992 Y115.41 E.02045
G1 X112.998 Y114.945 E.01535
G1 X113.089 Y114.452 E.01655
G1 X113.274 Y114.004 E.016
G1 X113.555 Y113.558 E.0174
G1 X113.94 Y113.167 E.01812
G1 X114.353 Y112.871 E.01678
G1 X114.847 Y112.652 E.01784
G1 X115.5 Y112.515 E.02203
G1 X115.546 Y112.523 E.00154
G1 X115.662 Y112.14 F9000
G1 F900
G1 X116.091 Y112.211 E.01436
G1 X116.692 Y112.45 E.02135
G1 X117.186 Y112.751 E.0191
G1 X117.637 Y113.177 E.02048
G1 X117.981 Y113.634 E.01889
G1 X118.232 Y114.173 E.01963
G1 X118.377 Y114.707 E.01827
G1 X118.404 Y115.446 E.02442
G1 X118.296 Y115.987 E.01821
G1 X118.109 Y116.473 E.01719
G1 X117.833 Y116.901 E.01681
G1 X117.482 Y117.282 E.0171
G1 X116.951 Y117.641 E.02116
G1 X116.467 Y117.812 E.01695
G1 X116.029 Y117.909 E.01481
G1 X114.99 Y117.909 E.0343
G1 X114.345 Y117.77 E.02179
G1 X113.782 Y117.485 E.02083
G1 X113.392 Y117.156 E.01685
G1 X113.068 Y116.772 E.01659
G1 X112.817 Y116.303 E.01756
G1 X112.651 Y115.805 E.01733
G1 X112.591 Y115.251 E.0184
G1 X112.623 Y114.707 E.01799
G1 X112.779 Y114.145 E.01926
G1 X113.019 Y113.634 E.01864
G1 X113.389 Y113.149 E.02014
G1 X113.814 Y112.751 E.01922
G1 X114.382 Y112.414 E.02181
G1 X114.909 Y112.211 E.01865
G1 X115.5 Y112.113 E.01978
G1 X115.603 Y112.13 E.00345
G1 X115.717 Y111.756 F9000
;TYPE:External perimeter
;WIDTH:0.419999
G1 F900
G1 X116.186 Y111.834 E.01491
G1 X116.864 Y112.103 E.02287
G1 X117.42 Y112.442 E.02042
G1 X117.925 Y112.919 E.02178
G1 X118.313 Y113.434 E.02022
G1 X118.595 Y114.039 E.02093
G1 X118.76 Y114.644 E.01966
G1 X118.796 Y115.262 E.01941
G1 X118.757 Y115.696 E.01366
G1 X118.614 Y116.28 E.01885
G1 X118.348 Y116.83 E.01916
G1 X118.012 Y117.3 E.01811
G1 X117.553 Y117.716 E.01942
G1 X117.115 Y117.994 E.01627
G1 X116.595 Y118.177 E.01728
G1 X116.058 Y118.296 E.01725
G1 X114.948 Y118.296 E.0348
G1 X114.228 Y118.14 E.0231
G1 X113.891 Y117.997 E.01148
G1 X113.404 Y117.683 E.01817
G1 X112.988 Y117.3 E.01773
G1 X112.642 Y116.813 E.01873
G1 X112.386 Y116.28 E.01854
G1 X112.24 Y115.675 E.01951
G1 X112.198 Y115.064 E.0192
G1 X112.291 Y114.423 E.02031
G1 X112.485 Y113.822 E.0198
G1 X112.822 Y113.238 E.02114
G1 X113.238 Y112.738 E.02039
G1 X113.748 Y112.331 E.02046
G1 X114.211 Y112.067 E.01671
G1 X114.814 Y111.834 E.02027
G1 X115.5 Y111.721 E.0218
G1 X115.658 Y111.747 E.00502
G1 X116.19 Y113.524 F9000
;TYPE:Internal infill
;WIDTH:0.44
G1 F900
G1 X115.516 Y113.297 E.02348
G1 X115.217 Y113.356 E.01006
G1 X114.515 Y113.709 E.02594
G1 X114.121 Y114.121 E.01882
G1 X116.868 Y116.868 E.12827
G1 X116.143 Y117.181 E.02607
G1 X115.064 Y117.206 E.03564
G1 X114.559 Y117.097 E.01706
G1 X114.132 Y116.868 E.016
G1 X116.879 Y114.121 E.12827
G1 X117.161 Y114.696 E.02115
G1 X117.214 Y115.402 E.02338
G1 X116.918 Y116.385 E.0339
G1 E-3.5 F3600
;WIPE_START
G1 F7200
G1 X117.214 Y115.402 E-.48763
G1 X117.161 Y114.696 E-.33629
G1 X116.879 Y114.121 E-.3042
G1 X116.325 Y114.675 E-.37188
;WIPE_END
G1 X113.656 Y116.376 F9000
G1 E5 F2400
;TYPE:Solid infill
;WIDTH:0.489629
G1 F900
G1 X113.557 Y116.136 E.00964
;WIDTH:0.530174
G1 X113.458 Y115.896 E.01052
;WIDTH:0.545628
G1 X113.351 Y115.377 E.02215
G1 X113.368 Y114.829 E.02292
;WIDTH:0.539586
G1 X113.531 Y114.284 E.02349
;WIDTH:0.540292
G1 X113.836 Y113.78 E.02436
;WIDTH:0.540992
G1 X114.271 Y113.354 E.02522
;WIDTH:0.541938
G1 X114.824 Y113.037 E.02645
G1 X115.119 Y112.93 E.01302
;WIDTH:0.521842
G1 X115.615 Y112.878 E.01986
;WIDTH:0.50755
G1 X116.183 Y113.043 E.02285
;WIDTH:0.505534
G1 X116.728 Y113.356 E.02418
;WIDTH:0.50592
G1 X117.163 Y113.782 E.02344
;WIDTH:0.50642
G1 X117.463 Y114.275 E.02224
;WIDTH:0.509254
G1 X117.621 Y114.779 E.02048
;WIDTH:0.511052
G1 X117.647 Y115.401 E.02423
;WIDTH:0.521528
G1 X117.611 Y115.669 E.01076
G1 X117.451 Y116.138 E.01972
;LAYER_CHANGE
;Z:19.8
;HEIGHT:0.199999
;BEFORE_LAYER_CHANGE
G92 E0
;19.8


G1 E-3.5 F3600
;WIPE_START
G1 F7200
G1 X117.611 Y115.669 E-.23538
G1 X117.647 Y115.401 E-.12844
G1 X117.621 Y114.779 E-.29571
G1 X117.463 Y114.275 E-.25089
G1 X117.163 Y113.782 E-.27412
G1 X116.728 Y113.356 E-.2892
G1 X116.68 Y113.328 E-.02626
;WIPE_END
G1 Z19.8 F9000
;AFTER_LAYER_CHANGE
;19.8
G1 X117.329 Y113.161
G1 E5 F2400
;TYPE:Perimeter
;WIDTH:0.439999
G1 F900
G1 X117.487 Y113.321 E.00742
G1 X117.804 Y113.726 E.01698
G1 X118.045 Y114.241 E.01877
G1 X118.179 Y114.726 E.01661
G1 X118.208 Y115.415 E.02277
G1 X118.116 Y115.895 E.01614
G1 X117.938 Y116.371 E.01678
G1 X117.582 Y116.901 E.02108
G1 X117.119 Y117.312 E.02044
G1 X116.585 Y117.585 E.0198
G1 X116.02 Y117.71 E.01911
G1 X115.492 Y117.694 E.01744
G1 X114.947 Y117.532 E.01877
G1 X114.438 Y117.224 E.01964
G1 X113.943 Y116.856 E.02037
G1 X113.727 Y116.615 E.01069
G1 X113.428 Y116.214 E.01652
G1 X113.237 Y115.688 E.01848
G1 X113.182 Y115.112 E.0191
G1 X113.276 Y114.52 E.01979
G1 X113.524 Y113.953 E.02043
G1 X113.802 Y113.58 E.01536
G1 X114.166 Y113.235 E.01656
G1 X114.579 Y112.982 E.01599
G1 X115.068 Y112.785 E.01741
G1 X115.563 Y112.7 E.01658
G1 X116.068 Y112.698 E.01667
G1 X116.646 Y112.812 E.01945
G1 X117.254 Y113.085 E.02201
G1 X117.287 Y113.119 E.00156
G1 X117.606 Y112.877 F9000
G1 F900
G1 X117.769 Y113.042 E.00766
G1 X118.144 Y113.519 E.02003
G1 X118.417 Y114.102 E.02125
G1 X118.571 Y114.66 E.01911
G1 X118.609 Y115.236 E.01906
G1 X118.573 Y115.657 E.01395
G1 X118.442 Y116.201 E.01847
G1 X118.193 Y116.722 E.01907
G1 X117.881 Y117.163 E.01784
G1 X117.475 Y117.538 E.01825
G1 X117.039 Y117.821 E.01716
G1 X116.564 Y118.004 E.01681
G1 X116.056 Y118.106 E.01711
G1 X115.415 Y118.085 E.02118
G1 X114.785 Y117.898 E.0217
G1 X114.216 Y117.554 E.02195
G1 X113.673 Y117.151 E.02233
G1 X113.232 Y116.657 E.02186
G1 X112.943 Y116.096 E.02084
G1 X112.821 Y115.601 E.01683
G1 X112.784 Y115.1 E.01659
G1 X112.858 Y114.573 E.01757
G1 X113.016 Y114.072 E.01734
G1 X113.292 Y113.589 E.01837
G1 X113.639 Y113.167 E.01804
G1 X114.095 Y112.804 E.01924
G1 X114.59 Y112.532 E.01865
G1 X115.174 Y112.357 E.02013
G1 X115.751 Y112.286 E.01919
G1 X116.398 Y112.347 E.02146
G1 X116.956 Y112.492 E.01904
G1 X117.491 Y112.76 E.01976
G1 X117.564 Y112.834 E.00343
G1 X117.876 Y112.599 F9000
;TYPE:External perimeter
;WIDTH:0.419999
G1 F900
G1 X118.21 Y112.937 E.0149
G1 X118.561 Y113.48 E.02027
G1 X118.78 Y113.966 E.01671
G1 X118.954 Y114.595 E.02046
G1 X118.995 Y115.279 E.02148
G1 X118.925 Y115.914 E.02003
G1 X118.719 Y116.54 E.02066
G1 X118.428 Y117.088 E.01945
G1 X118.02 Y117.573 E.01987
G1 X117.561 Y117.961 E.01884
G1 X117.022 Y118.25 E.01918
G1 X116.474 Y118.433 E.01811
G1 X115.858 Y118.499 E.01942
G1 X115.34 Y118.467 E.01627
G1 X114.628 Y118.255 E.02329
G1 X114 Y117.876 E.023
G1 X113.411 Y117.438 E.02301
G1 X112.919 Y116.888 E.02314
G1 X112.73 Y116.574 E.01149
G1 X112.522 Y116.034 E.01814
G1 X112.409 Y115.48 E.01773
G1 X112.416 Y114.882 E.01875
G1 X112.522 Y114.3 E.01855
G1 X112.759 Y113.725 E.0195
G1 X113.085 Y113.206 E.01922
G1 X113.537 Y112.743 E.02029
G1 X114.047 Y112.37 E.01981
G1 X114.663 Y112.096 E.02114
G1 X115.293 Y111.936 E.02038
G1 X115.955 Y111.908 E.02078
G1 X116.458 Y111.965 E.01587
G1 X117.1 Y112.131 E.02079
G1 X117.722 Y112.442 E.0218
G1 X117.834 Y112.556 E.00501
G1 E-3.5 F3600
;WIPE_START
G1 F7200
G1 X117.876 Y112.599 E-.02855
G1 X118.21 Y112.937 E-.22571
G1 X118.561 Y113.48 E-.30712
G1 X118.78 Y113.966 E-.25321
G1 X118.954 Y114.595 E-.31
G1 X118.995 Y115.279 E-.32548
G1 X118.984 Y115.384 E-.04993
;WIPE_END
G1 X117.319 Y114.547 F9000
G1 E5 F2400
;TYPE:Internal infill
;WIDTH:0.44
G1 F900
G1 X117.428 Y115.124 E.01939
G1 X117.317 Y115.826 E.02347
G1 X116.944 Y116.428 E.02338
G1 X116.662 Y116.662 E.0121
G1 X114.274 Y114.274 E.1115
G1 X114.089 Y114.593 E.01218
G1 X113.719 Y115.732 E.03954
G1 X113.562 Y115.71 E.00523
G1 X113.8 Y116.239 E.01915
G1 X114.276 Y116.724 E.02244
G1 X117.022 Y113.978 E.12822
G1 X116.782 Y113.709 E.0119
G1 X116.014 Y113.481 E.02645
G1 X115.5 Y113.497 E.01698
G1 X114.843 Y113.73 E.02302
G1 X113.493 Y115.125 F9000
;TYPE:Solid infill
;WIDTH:0.489625
G1 F900
G1 X113.554 Y114.872 E.00967
;WIDTH:0.53017
G1 X113.615 Y114.62 E.0105
;WIDTH:0.545624
G1 X113.834 Y114.138 E.02213
G1 X114.17 Y113.704 E.02294
;WIDTH:0.539582
G1 X114.622 Y113.359 E.02348
;WIDTH:0.540614
G1 X115.165 Y113.13 E.02439
;WIDTH:0.54096
G1 X115.765 Y113.042 E.02511
;WIDTH:0.541438
G1 X116.407 Y113.112 E.02677
G1 X116.703 Y113.197 E.01277
;WIDTH:0.521836
G1 X117.134 Y113.447 E.01984
;WIDTH:0.507542
G1 X117.497 Y113.913 E.02282
;WIDTH:0.505524
G1 X117.754 Y114.487 E.02419
;WIDTH:0.50592
G1 X117.856 Y115.087 E.02343
;WIDTH:0.506428
G1 X117.808 Y115.663 E.02228
;WIDTH:0.509258
G1 X117.64 Y116.163 E.02045
;WIDTH:0.511052
G1 X117.295 Y116.682 E.02426
;WIDTH:0.521528
G1 X117.108 Y116.877 E.01075
G1 X116.703 Y117.163 E.01973
;LAYER_CHANGE
;Z:20
;HEIGHT:0.200001
;BEFORE_LAYER_CHANGE
G92 E0
;20


G1 E-3.5 F3600
;WIPE_START
G1 F7200
G1 X117.108 Y116.877 E-.23551
G1 X117.295 Y116.682 E-.12833
G1 X117.64 Y116.163 E-.29602
G1 X117.808 Y115.663 E-.25055
G1 X117.856 Y115.087 E-.27455
G1 X117.754 Y114.487 E-.28909
G1 X117.732 Y114.437 E-.02595
;WIPE_END
G1 Z20 F9000
;AFTER_LAYER_CHANGE
;20
G1 X118.35 Y114.684
G1 E5 F2400
;TYPE:Perimeter
;WIDTH:0.439999
G1 F900
G1 X118.41 Y115.241 E.0185
G1 X118.376 Y115.634 E.01302
G1 X118.259 Y116.123 E.0166
G1 X118.04 Y116.591 E.01706
G1 X117.741 Y117.022 E.01732
G1 X117.384 Y117.357 E.01616
G1 X116.961 Y117.638 E.01677
G1 X116.361 Y117.857 E.02109
G1 X115.744 Y117.918 E.02047
G1 X115.153 Y117.824 E.01976
G1 X114.731 Y117.65 E.01507
G1 X114.315 Y117.369 E.01658
G1 X114.016 Y117.025 E.01505
G1 X113.741 Y116.597 E.0168
G1 X113.442 Y115.676 E.03197
G1 X113.41 Y115.36 E.01049
G1 X113.405 Y114.86 E.01651
G1 X113.559 Y114.322 E.01848
G1 X113.853 Y113.824 E.01909
G1 X114.277 Y113.4 E.0198
G1 X114.811 Y113.087 E.02044
G1 X115.255 Y112.949 E.01535
G1 X115.752 Y112.883 E.01655
G1 X116.235 Y112.921 E.016
G1 X116.746 Y113.05 E.0174
G1 X117.236 Y113.296 E.0181
G1 X117.646 Y113.597 E.01679
G1 X118.007 Y113.999 E.01784
G1 X118.339 Y114.578 E.02204
G1 X118.344 Y114.624 E.00153
G1 X118.746 Y114.616 F9000
G1 F900
G1 X118.781 Y114.845 E.00765
G1 X118.807 Y115.292 E.01478
G1 X118.744 Y115.86 E.01887
G1 X118.548 Y116.46 E.02084
G1 X118.279 Y116.97 E.01904
G1 X117.893 Y117.433 E.0199
G1 X117.468 Y117.797 E.01848
G1 X116.961 Y118.072 E.01904
G1 X116.449 Y118.245 E.01784
G1 X115.901 Y118.31 E.01822
G1 X115.381 Y118.282 E.01719
G1 X114.889 Y118.151 E.01681
G1 X114.418 Y117.936 E.01709
G1 X113.912 Y117.542 E.02117
G1 X113.6 Y117.134 E.01696
G1 X113.373 Y116.747 E.01481
G1 X113.051 Y115.759 E.03431
G1 X112.984 Y115.103 E.02177
G1 X113.081 Y114.479 E.02085
G1 X113.274 Y114.007 E.01684
G1 X113.538 Y113.58 E.01658
G1 X113.907 Y113.197 E.01756
G1 X114.33 Y112.885 E.01735
G1 X114.838 Y112.656 E.0184
G1 X115.365 Y112.518 E.01799
G1 X115.948 Y112.493 E.01927
G1 X116.508 Y112.564 E.01864
G1 X117.084 Y112.766 E.02015
G1 X117.593 Y113.048 E.01921
G1 X118.09 Y113.483 E.02181
G1 X118.446 Y113.922 E.01866
G1 X118.721 Y114.453 E.01974
G1 X118.737 Y114.556 E.00344
G1 X119.127 Y114.55 F9000
;TYPE:External perimeter
;WIDTH:0.419999
G1 F900
G1 X119.163 Y114.787 E.00752
G1 X119.194 Y115.255 E.01471
G1 X119.164 Y115.665 E.01289
G1 X119.055 Y116.187 E.01672
G1 X118.826 Y116.798 E.02046
G1 X118.457 Y117.375 E.02147
G1 X118.028 Y117.849 E.02005
G1 X117.492 Y118.233 E.02067
G1 X116.935 Y118.505 E.01944
G1 X116.32 Y118.658 E.01987
G1 X115.721 Y118.703 E.01883
G1 X115.115 Y118.62 E.01918
G1 X114.564 Y118.446 E.01812
G1 X114.027 Y118.137 E.01943
G1 X113.627 Y117.806 E.01628
G1 X113.292 Y117.369 E.01726
G1 X113.013 Y116.894 E.01727
G1 X112.671 Y115.839 E.03477
G1 X112.596 Y115.106 E.0231
G1 X112.628 Y114.741 E.01149
G1 X112.776 Y114.182 E.01813
G1 X113.012 Y113.667 E.01776
G1 X113.368 Y113.187 E.01874
G1 X113.796 Y112.779 E.01854
G1 X114.326 Y112.453 E.01951
G1 X114.894 Y112.225 E.01919
G1 X115.533 Y112.115 E.02033
G1 X116.165 Y112.114 E.01982
G1 X116.824 Y112.255 E.02113
G1 X117.428 Y112.495 E.02038
G1 X117.972 Y112.854 E.02044
G1 X118.367 Y113.213 E.01674
G1 X118.775 Y113.715 E.02028
G1 X119.094 Y114.332 E.02178
G1 X119.118 Y114.49 E.00501
G1 X117.535 Y114.71 F9000
;TYPE:Internal infill
;WIDTH:0.44
G1 F900
G1 X117.627 Y115.106 E.01342
G1 X117.508 Y115.883 E.02595
G1 X117.281 Y116.329 E.01652
G1 X116.808 Y116.808 E.02223
G1 X114.34 Y114.34 E.11524
G1 X114.885 Y113.94 E.02232
G1 X115.349 Y113.734 E.01676
G1 X115.708 Y113.676 E.01201
G1 X116.453 Y113.782 E.02485
G1 X116.95 Y114.05 E.01864
G1 X114.217 Y116.783 E.12761
G1 X114.025 Y116.481 E.01182
G1 X113.743 Y115.613 E.03013
G1 X113.707 Y114.906 E.02337
G1 X113.791 Y114.581 E.01108
G1 X113.839 Y114.623 E.00211
G1 X114.099 Y114.017 F9000
;TYPE:Solid infill
;WIDTH:0.488839
G1 F900
G1 X114.295 Y113.848 E.0096
;WIDTH:0.526922
G1 X114.492 Y113.679 E.01045
;WIDTH:0.545534
G1 X114.953 Y113.419 E.02212
G1 X115.481 Y113.264 E.023
;WIDTH:0.54772
G1 X116.048 Y113.256 E.0238
G1 X116.622 Y113.385 E.02469
;WIDTH:0.541948
G1 X117.168 Y113.672 E.0256
G1 X117.42 Y113.865 E.01317
;WIDTH:0.523648
G1 X117.794 Y114.297 E.02284
;WIDTH:0.519628
G1 X118.026 Y114.773 E.02099
;WIDTH:0.50598
G1 X118.048 Y115.39 E.02377
;WIDTH:0.50553
G1 X117.919 Y116.005 E.02417
;WIDTH:0.505916
G1 X117.648 Y116.551 E.02347
;WIDTH:0.506418
G1 X117.271 Y116.989 E.02227
;WIDTH:0.509256
G1 X116.841 Y117.294 E.02044
;WIDTH:0.511052
G1 X116.257 Y117.511 E.02425
;WIDTH:0.521532
G1 X115.992 Y117.559 E.01072
G1 X115.496 Y117.552 E.01974
;LAYER_CHANGE
;Z:20.2
;HEIGHT:0.200001
;BEFORE_LAYER_CHANGE
G92 E0
;20.2


G1 E-3.5 F3600
;WIPE_START
G1 F7200
G1 X115.992 Y117.559 E-.23562
G1 X116.257 Y117.511 E-.12792
G1 X116.841 Y117.294 E-.29593
G1 X117.271 Y116.989 E-.25041
G1 X117.648 Y116.551 E-.2745
G1 X117.919 Y116.005 E-.28954
G1 X117.93 Y115.951 E-.02608
;WIPE_END
G1 Z20.2 F9000
;AFTER_LAYER_CHANGE
;20.2
G1 X118.289 Y116.517
G1 E5 F2400
;TYPE:Perimeter
;WIDTH:0.439999
G1 F900
G1 X118.109 Y116.866 E.01297
G1 X117.748 Y117.299 E.01861
G1 X117.366 Y117.626 E.0166
G1 X116.914 Y117.876 E.01705
G1 X116.418 Y118.049 E.01734
G1 X115.933 Y118.11 E.01614
G1 X115.425 Y118.088 E.01679
G1 X114.811 Y117.913 E.02108
G1 X114.277 Y117.6 E.02044
G1 X113.853 Y117.176 E.0198
G1 X113.614 Y116.787 E.01507
G1 X113.443 Y116.315 E.01658
G1 X113.403 Y115.861 E.01505
G1 X113.432 Y115.353 E.0168
G1 X113.731 Y114.433 E.03194
G1 X113.891 Y114.158 E.0105
G1 X114.181 Y113.75 E.01653
G1 X114.622 Y113.406 E.01847
G1 X115.153 Y113.176 E.01911
G1 X115.744 Y113.082 E.01976
G1 X116.361 Y113.143 E.02047
G1 X116.801 Y113.292 E.01534
G1 X117.242 Y113.531 E.01656
G1 X117.61 Y113.845 E.01597
G1 X117.948 Y114.25 E.01742
G1 X118.2 Y114.737 E.0181
G1 X118.355 Y115.222 E.01681
G1 X118.41 Y115.759 E.01782
G1 X118.339 Y116.422 E.02202
G1 X118.317 Y116.464 E.00157
G1 X118.646 Y116.692 F9000
G1 F900
G1 X118.539 Y116.899 E.00769
G1 X118.298 Y117.275 E.01475
G1 X117.913 Y117.698 E.01889
G1 X117.402 Y118.068 E.02083
G1 X116.884 Y118.323 E.01906
G1 X116.3 Y118.471 E.01989
G1 X115.742 Y118.515 E.01848
G1 X115.17 Y118.439 E.01905
G1 X114.654 Y118.279 E.01784
G1 X114.173 Y118.009 E.01821
G1 X113.768 Y117.681 E.01721
G1 X113.447 Y117.286 E.01681
G1 X113.193 Y116.835 E.01709
G1 X113.015 Y116.218 E.0212
G1 X113.002 Y115.705 E.01694
G1 X113.046 Y115.259 E.0148
G1 X113.367 Y114.27 E.03433
G1 X113.698 Y113.7 E.02176
G1 X113.989 Y113.389 E.01406
G1 X114.418 Y113.064 E.01777
G1 X114.888 Y112.849 E.01706
G1 X115.381 Y112.718 E.01684
G1 X115.92 Y112.691 E.01782
G1 X116.449 Y112.755 E.01759
G1 X116.984 Y112.939 E.01868
G1 X117.468 Y113.203 E.0182
G1 X117.916 Y113.59 E.01955
G1 X118.279 Y114.03 E.01883
G1 X118.567 Y114.584 E.02062
G1 X118.744 Y115.14 E.01927
G1 X118.811 Y115.955 E.027
G1 X118.721 Y116.547 E.01977
G1 X118.673 Y116.639 E.00343
G1 X118.993 Y116.863 F9000
;TYPE:External perimeter
;WIDTH:0.419999
G1 F900
G1 X118.775 Y117.285 E.01489
G1 X118.367 Y117.787 E.02028
G1 X117.972 Y118.146 E.01674
G1 X117.428 Y118.505 E.02044
G1 X116.79 Y118.756 E.0215
G1 X116.164 Y118.886 E.02005
G1 X115.505 Y118.882 E.02066
G1 X114.894 Y118.775 E.01945
G1 X114.307 Y118.537 E.01986
G1 X113.796 Y118.221 E.01884
G1 X113.355 Y117.798 E.01916
G1 X113.012 Y117.333 E.01812
G1 X112.758 Y116.767 E.01945
G1 X112.629 Y116.265 E.01625
G1 X112.615 Y115.715 E.01725
G1 X112.669 Y115.167 E.01727
G1 X113.012 Y114.111 E.03481
G1 X113.382 Y113.474 E.0231
G1 X113.777 Y113.06 E.01794
G1 X114.22 Y112.731 E.0173
G1 X114.756 Y112.485 E.01849
G1 X115.321 Y112.335 E.01833
G1 X115.933 Y112.304 E.01921
G1 X116.535 Y112.376 E.01901
G1 X117.139 Y112.584 E.02003
G1 X117.688 Y112.884 E.01962
G1 X118.192 Y113.318 E.02085
G1 X118.602 Y113.815 E.0202
G1 X118.923 Y114.434 E.02186
G1 X119.124 Y115.06 E.02061
G1 X119.199 Y115.98 E.02894
G1 X119.094 Y116.668 E.02182
G1 X119.021 Y116.81 E.00501
G1 X117.535 Y116.29 F9000
;TYPE:Internal infill
;WIDTH:0.44
G1 F900
G1 X117.627 Y115.894 E.01342
G1 X117.508 Y115.117 E.02595
G1 X117.281 Y114.671 E.01652
G1 X116.808 Y114.192 E.02223
G1 X114.336 Y116.664 E.11543
G1 X114.655 Y116.901 E.01312
G1 X115.105 Y117.173 E.01736
G1 X115.751 Y117.328 E.02193
G1 X116.453 Y117.218 E.02346
G1 X116.95 Y116.95 E.01864
G1 X114.213 Y114.213 E.1278
G1 X114.012 Y114.559 E.01321
G1 X113.73 Y115.426 E.0301
G1 X113.716 Y116.134 E.02338
G1 X113.815 Y116.472 E.01163
G1 E-3.5 F3600
;WIPE_START
G1 F7200
G1 X113.716 Y116.134 E-.1673
G1 X113.73 Y115.426 E-.33637
G1 X114.012 Y114.559 E-.43306
G1 X114.213 Y114.213 E-.19007
G1 X114.769 Y114.769 E-.3732
;WIPE_END
G1 X115.491 Y113.454 F9000
G1 E5 F2400
;TYPE:Solid infill
;WIDTH:0.532444
G1 F900
G1 X116.018 Y113.445 E.02145
G1 X116.522 Y113.556 E.02101
;WIDTH:0.524806
G1 X117.001 Y113.794 E.02143
;WIDTH:0.519308
G1 X117.441 Y114.173 E.023
G1 X117.784 Y114.666 E.02379
;WIDTH:0.519488
G1 X117.999 Y115.248 E.02459
;WIDTH:0.51963
G1 X118.063 Y115.874 E.02494
G1 X117.971 Y116.396 E.02101
;WIDTH:0.505978
G1 X117.626 Y116.909 E.0238
;WIDTH:0.50553
G1 X117.16 Y117.33 E.02416
;WIDTH:0.505918
G1 X116.62 Y117.613 E.02347
;WIDTH:0.50642
G1 X116.058 Y117.745 E.02225
;WIDTH:0.509256
G1 X115.531 Y117.74 E.02044
;WIDTH:0.515654
G1 X114.968 Y117.586 E.02294
G1 X114.429 Y117.266 E.02464
;WIDTH:0.504838
G1 X114.288 Y117.16 E.00678
;LAYER_CHANGE
;Z:20.4
;HEIGHT:0.199999
;BEFORE_LAYER_CHANGE
G92 E0
;20.4


G1 E-3.5 F3600
;WIPE_START
G1 F7200
G1 X114.429 Y117.266 E-.08379
G1 X114.968 Y117.586 E-.29775
G1 X115.531 Y117.74 E-.27725
G1 X116.058 Y117.745 E-.25034
G1 X116.62 Y117.613 E-.27421
G1 X117.16 Y117.33 E-.28959
G1 X117.202 Y117.292 E-.02707
;WIPE_END
G1 Z20.4 F9000
;AFTER_LAYER_CHANGE
;20.4
G1 X117.159 Y117.963
G1 E5 F2400
;TYPE:Perimeter
;WIDTH:0.439999
G1 F900
G1 X116.808 Y118.138 E.01295
G1 X116.261 Y118.277 E.01863
G1 X115.76 Y118.317 E.01659
G1 X115.245 Y118.252 E.01714
G1 X114.744 Y118.101 E.01728
G1 X114.316 Y117.866 E.01612
G1 X113.918 Y117.55 E.01678
G1 X113.524 Y117.047 E.0211
G1 X113.276 Y116.48 E.02043
G1 X113.182 Y115.888 E.01979
G1 X113.237 Y115.312 E.0191
G1 X113.416 Y114.815 E.01744
G1 X113.739 Y114.346 E.0188
G1 X114.188 Y113.957 E.01961
G1 X114.691 Y113.6 E.02037
G1 X115.226 Y113.363 E.01932
G1 X115.706 Y113.285 E.01606
G1 X116.334 Y113.343 E.02082
G1 X116.858 Y113.534 E.01841
G1 X117.362 Y113.877 E.02013
G1 X117.776 Y114.351 E.02078
G1 X117.997 Y114.767 E.01555
G1 X118.157 Y115.251 E.01683
G1 X118.215 Y115.928 E.02243
G1 X118.133 Y116.47 E.0181
G1 X117.973 Y116.953 E.0168
G1 X117.702 Y117.421 E.01786
G1 X117.254 Y117.915 E.02202
G1 X117.212 Y117.936 E.00155
G1 X117.344 Y118.314 F9000
G1 F900
G1 X117.137 Y118.418 E.00765
G1 X116.72 Y118.58 E.01477
G1 X116.16 Y118.697 E.01889
G1 X115.529 Y118.696 E.02083
G1 X114.961 Y118.598 E.01903
G1 X114.401 Y118.374 E.01991
G1 X113.924 Y118.081 E.01848
G1 X113.506 Y117.684 E.01903
G1 X113.182 Y117.251 E.01786
G1 X112.952 Y116.749 E.01823
G1 X112.817 Y116.247 E.01716
G1 X112.79 Y115.738 E.01683
G1 X112.849 Y115.224 E.01708
G1 X113.068 Y114.621 E.02118
G1 X113.44 Y114.079 E.0217
G1 X113.943 Y113.644 E.02196
G1 X114.494 Y113.253 E.02231
G1 X115.1 Y112.985 E.02188
G1 X115.705 Y112.886 E.02024
G1 X116.408 Y112.951 E.02331
G1 X116.897 Y113.118 E.01706
G1 X117.343 Y113.359 E.01674
G1 X117.76 Y113.715 E.0181
G1 X118.106 Y114.129 E.01781
G1 X118.373 Y114.636 E.01892
G1 X118.546 Y115.167 E.01844
G1 X118.608 Y115.73 E.0187
G1 X118.59 Y116.161 E.01424
G1 X118.479 Y116.733 E.01924
G1 X118.219 Y117.34 E.0218
G1 X117.911 Y117.814 E.01866
G1 X117.491 Y118.24 E.01975
G1 X117.398 Y118.287 E.00344
G1 X117.525 Y118.656 F9000
;TYPE:External perimeter
;WIDTH:0.419999
G1 F900
G1 X117.1 Y118.869 E.01491
G1 X116.475 Y119.036 E.02028
G1 X115.945 Y119.093 E.01671
G1 X115.293 Y119.064 E.02046
G1 X114.63 Y118.892 E.02148
G1 X114.047 Y118.63 E.02004
G1 X113.516 Y118.24 E.02066
G1 X113.085 Y117.794 E.01945
G1 X112.75 Y117.256 E.01987
G1 X112.522 Y116.7 E.01884
G1 X112.414 Y116.098 E.01918
G1 X112.409 Y115.52 E.01812
G1 X112.537 Y114.914 E.01942
G1 X112.728 Y114.431 E.01629
G1 X113.15 Y113.819 E.02331
G1 X113.703 Y113.339 E.02296
G1 X114.302 Y112.914 E.02303
G1 X114.774 Y112.706 E.01617
G1 X115.192 Y112.567 E.01381
G1 X115.703 Y112.497 E.01617
G1 X116.48 Y112.569 E.02447
G1 X117.051 Y112.762 E.0189
G1 X117.561 Y113.039 E.0182
G1 X118.035 Y113.442 E.01951
G1 X118.428 Y113.912 E.01921
G1 X118.729 Y114.485 E.02029
G1 X118.925 Y115.086 E.01982
G1 X118.996 Y115.756 E.02112
G1 X118.954 Y116.405 E.02039
G1 X118.78 Y117.034 E.02046
G1 X118.561 Y117.52 E.01671
G1 X118.21 Y118.063 E.02027
G1 X117.722 Y118.558 E.02179
G1 X117.578 Y118.629 E.00503
G1 E-3.5 F3600
;WIPE_START
G1 F7200
G1 X117.525 Y118.656 E-.02825
G1 X117.1 Y118.869 E-.22581
G1 X116.475 Y119.036 E-.30729
G1 X115.945 Y119.093 E-.2532
G1 X115.293 Y119.064 E-.31001
G1 X114.63 Y118.892 E-.32535
G1 X114.534 Y118.849 E-.05009
;WIPE_END
G1 X114.844 Y117.271 F9000
G1 E5 F2400
;TYPE:Internal infill
;WIDTH:0.44
G1 F900
G1 X115.504 Y117.504 E.02311
G1 X116.014 Y117.519 E.01685
G1 X116.782 Y117.291 E.02645
G1 X117.022 Y117.022 E.0119
G1 X114.281 Y114.281 E.12799
G1 X114.843 Y113.867 E.02305
G1 X115.323 Y113.655 E.01733
G1 X115.708 Y113.592 E.01288
G1 X115.891 Y113.609 E.00607
G1 X115.83 Y113.734 E.00459
G1 X116.662 Y114.338 E.03395
G1 X114.276 Y116.724 E.11141
G1 X114.102 Y116.449 E.01074
G1 X113.719 Y115.268 E.04099
G1 X113.562 Y115.29 E.00523
G1 X113.684 Y114.964 E.01149
G1 X113.859 Y114.711 E.01016
G1 E-3.5 F3600
;WIPE_START
G1 F7200
G1 X113.684 Y114.964 E-.14612
G1 X113.562 Y115.29 E-.16534
G1 X113.719 Y115.268 E-.0753
G1 X114.102 Y116.449 E-.58974
G1 X114.276 Y116.724 E-.15458
G1 X114.825 Y116.175 E-.36892
;WIPE_END
G1 X116.479 Y113.709 F9000
G1 E5 F2400
;TYPE:Solid infill
;WIDTH:0.490511
G1 F900
G1 X116.703 Y113.846 E.00977
;WIDTH:0.531392
G1 X116.926 Y113.984 E.01065
;WIDTH:0.532738
G1 X117.121 Y114.136 E.01007
G1 X117.469 Y114.528 E.02135
;WIDTH:0.524808
G1 X117.717 Y115.003 E.02147
;WIDTH:0.51931
G1 X117.851 Y115.567 E.02296
;WIDTH:0.519412
G1 X117.838 Y116.168 E.02382
G1 X117.67 Y116.765 E.02457
;WIDTH:0.51963
G1 X117.354 Y117.309 E.02494
G1 X116.972 Y117.677 E.02103
;WIDTH:0.505976
G1 X116.392 Y117.889 E.02378
;WIDTH:0.505528
G1 X115.767 Y117.956 E.02418
;WIDTH:0.50592
G1 X115.165 Y117.868 E.02342
;WIDTH:0.50642
G1 X114.632 Y117.645 E.02227
;WIDTH:0.509256
G1 X114.208 Y117.33 E.02048
;WIDTH:0.511056
G1 X113.821 Y116.842 E.02424
;WIDTH:0.521526
G1 X113.693 Y116.604 E.01075
G1 X113.547 Y116.131 E.0197
;LAYER_CHANGE
;Z:20.6
;HEIGHT:0.200001
;BEFORE_LAYER_CHANGE
G92 E0
;20.6


G1 E-3.5 F3600
;WIPE_START
G1 F7200
G1 X113.693 Y116.604 E-.23513
G1 X113.821 Y116.842 E-.12836
G1 X114.208 Y117.33 E-.29584
G1 X114.632 Y117.645 E-.2509
G1 X115.165 Y117.868 E-.27444
G1 X115.767 Y117.956 E-.28899
G1 X115.822 Y117.95 E-.02634
;WIPE_END
G1 Z20.6 F9000
;AFTER_LAYER_CHANGE
;20.6
G1 X115.395 Y118.467
G1 E5 F2400
;TYPE:Perimeter
;WIDTH:0.439999
G1 F900
G1 X115.007 Y118.403 E.01298
G1 X114.484 Y118.194 E.0186
G1 X114.055 Y117.931 E.01661
G1 X113.676 Y117.577 E.01712
G1 X113.36 Y117.16 E.01727
G1 X113.151 Y116.718 E.01614
G1 X113.015 Y116.229 E.01676
G1 X112.992 Y115.59 E.02111
G1 X113.125 Y114.985 E.02045
G1 X113.397 Y114.451 E.01979
G1 X113.78 Y114.018 E.01909
G1 X114.217 Y113.721 E.01745
G1 X114.753 Y113.531 E.01878
G1 X115.346 Y113.481 E.01965
G1 X115.963 Y113.487 E.02037
G1 X116.534 Y113.61 E.01929
G1 X116.996 Y113.845 E.01711
G1 X117.424 Y114.22 E.01879
G1 X117.755 Y114.708 E.01947
G1 X117.96 Y115.281 E.02009
G1 X118.012 Y115.737 E.01515
G1 X118.002 Y116.055 E.0105
G1 X117.911 Y116.548 E.01655
G1 X117.726 Y116.996 E.016
G1 X117.445 Y117.442 E.0174
G1 X117.06 Y117.833 E.01812
G1 X116.647 Y118.129 E.01678
G1 X116.153 Y118.348 E.01784
G1 X115.5 Y118.485 E.02203
G1 X115.454 Y118.477 E.00154
G1 X115.338 Y118.86 F9000
G1 F900
G1 X115.109 Y118.823 E.00766
G1 X114.676 Y118.709 E.01478
G1 X114.155 Y118.474 E.01887
G1 X113.645 Y118.103 E.02082
G1 X113.243 Y117.689 E.01905
G1 X112.922 Y117.179 E.0199
G1 X112.708 Y116.662 E.01847
G1 X112.603 Y116.094 E.01907
G1 X112.596 Y115.554 E.01783
G1 X112.704 Y115.013 E.01821
G1 X112.891 Y114.527 E.01719
G1 X113.167 Y114.099 E.01681
G1 X113.518 Y113.718 E.0171
G1 X114.049 Y113.359 E.02116
G1 X114.669 Y113.14 E.02171
G1 X115.331 Y113.083 E.02194
G1 X116.007 Y113.091 E.02232
G1 X116.655 Y113.23 E.02188
G1 X117.218 Y113.515 E.02083
G1 X117.608 Y113.844 E.01685
G1 X117.932 Y114.228 E.01659
G1 X118.183 Y114.697 E.01756
G1 X118.349 Y115.195 E.01733
G1 X118.409 Y115.749 E.0184
G1 X118.377 Y116.293 E.01799
G1 X118.221 Y116.855 E.01926
G1 X117.981 Y117.366 E.01864
G1 X117.611 Y117.851 E.02014
G1 X117.186 Y118.249 E.01922
G1 X116.618 Y118.586 E.02181
G1 X116.091 Y118.789 E.01865
G1 X115.5 Y118.887 E.01978
G1 X115.397 Y118.87 E.00345
G1 X115.283 Y119.244 F9000
;TYPE:External perimeter
;WIDTH:0.419999
G1 F900
G1 X114.814 Y119.166 E.01491
G1 X114.211 Y118.933 E.02027
G1 X113.748 Y118.669 E.01671
G1 X113.238 Y118.262 E.02046
G1 X112.803 Y117.733 E.02147
G1 X112.485 Y117.178 E.02006
G1 X112.285 Y116.55 E.02066
G1 X112.198 Y115.936 E.01944
G1 X112.243 Y115.304 E.01987
G1 X112.386 Y114.72 E.01885
G1 X112.652 Y114.17 E.01916
G1 X112.988 Y113.7 E.01811
G1 X113.447 Y113.284 E.01942
G1 X113.885 Y113.006 E.01627
G1 X114.587 Y112.759 E.02333
G1 X115.317 Y112.696 E.02297
G1 X116.05 Y112.704 E.02298
G1 X116.467 Y112.794 E.01338
G1 X116.975 Y112.946 E.01663
G1 X117.435 Y113.193 E.01637
G1 X117.881 Y113.57 E.01831
G1 X118.253 Y114.009 E.01804
G1 X118.538 Y114.543 E.01898
G1 X118.727 Y115.112 E.0188
G1 X118.802 Y115.936 E.02594
G1 X118.709 Y116.577 E.02031
G1 X118.515 Y117.178 E.0198
G1 X118.178 Y117.762 E.02114
G1 X117.762 Y118.262 E.02039
G1 X117.252 Y118.669 E.02046
G1 X116.789 Y118.933 E.01671
G1 X116.186 Y119.166 E.02027
G1 X115.5 Y119.279 E.0218
G1 X115.342 Y119.253 E.00502
G1 X114.81 Y117.476 F9000
;TYPE:Internal infill
;WIDTH:0.44
G1 F900
G1 X115.484 Y117.703 E.02348
G1 X115.783 Y117.644 E.01006
G1 X116.485 Y117.291 E.02594
G1 X116.879 Y116.879 E.01882
G1 X114.132 Y114.132 E.12827
G1 X114.817 Y113.833 E.02468
G1 X115.463 Y113.788 E.02138
G1 X115.929 Y113.793 E.01539
G1 X116.441 Y113.903 E.01729
G1 X116.868 Y114.132 E.016
G1 X114.121 Y116.879 E.12827
G1 X113.839 Y116.304 E.02115
G1 X113.786 Y115.598 E.02338
G1 X114.082 Y114.615 E.0339
G1 X113.549 Y114.862 F9000
;TYPE:Solid infill
;WIDTH:0.523784
G1 F900
G1 X113.382 Y115.356 E.02085
;WIDTH:0.545926
G1 X113.344 Y115.895 E.0226
G1 X113.431 Y116.446 E.02333
;WIDTH:0.53924
G1 X113.666 Y116.976 E.02393
;WIDTH:0.54055
G1 X114.038 Y117.445 E.02477
;WIDTH:0.541286
G1 X114.532 Y117.818 E.02565
G1 X115.103 Y118.058 E.02567
;WIDTH:0.54105
G1 X115.5 Y118.133 E.01673
;WIDTH:0.523494
G1 X115.937 Y118.055 E.01774
G1 X116.458 Y117.822 E.02281
;WIDTH:0.50566
G1 X116.952 Y117.451 E.02377
;WIDTH:0.50621
G1 X117.327 Y116.984 E.02307
;WIDTH:0.506762
G1 X117.564 Y116.456 E.02232
;WIDTH:0.510052
G1 X117.655 Y115.929 E.02077
;WIDTH:0.512582
G1 X117.601 Y115.33 E.02349
G1 X117.472 Y114.977 E.01468
;WIDTH:0.480833
G1 X117.344 Y114.624 E.01367
;LAYER_CHANGE
;Z:20.8
;HEIGHT:0.199999
;BEFORE_LAYER_CHANGE
G92 E0
;20.8


G1 E-3.5 F3600
;WIPE_START
G1 F7200
G1 X117.472 Y114.977 E-.17836
G1 X117.601 Y115.33 E-.17852
G1 X117.655 Y115.929 E-.28568
G1 X117.564 Y116.456 E-.25403
G1 X117.327 Y116.984 E-.27491
G1 X116.952 Y117.451 E-.28449
G1 X116.878 Y117.507 E-.04401
;WIPE_END
G1 Z20.8 F9000
;AFTER_LAYER_CHANGE
;20.8
G1 X113.843 Y117.958
G1 E5 F2400
;TYPE:Perimeter
;WIDTH:0.439999
G1 F900
G1 X113.746 Y117.915 E.0035
G1 X113.298 Y117.421 E.02202
G1 X113.027 Y116.953 E.01786
G1 X112.856 Y116.425 E.01832
G1 X112.785 Y115.928 E.01658
G1 X112.815 Y115.434 E.01634
G1 X112.933 Y114.931 E.01706
G1 X113.224 Y114.351 E.02143
G1 X113.639 Y113.877 E.0208
G1 X114.142 Y113.534 E.0201
G1 X114.696 Y113.334 E.01945
G1 X115.231 Y113.283 E.01774
G1 X115.803 Y113.376 E.01913
G1 X116.304 Y113.597 E.01808
G1 X117.061 Y114.148 E.03091
G1 X117.273 Y114.385 E.0105
G1 X117.572 Y114.786 E.01652
G1 X117.763 Y115.312 E.01848
G1 X117.818 Y115.888 E.0191
G1 X117.724 Y116.48 E.01979
G1 X117.476 Y117.047 E.02043
G1 X117.198 Y117.42 E.01536
G1 X116.834 Y117.765 E.01656
G1 X116.422 Y118.018 E.01596
G1 X115.932 Y118.215 E.01744
G1 X115.391 Y118.304 E.0181
G1 X114.882 Y118.301 E.01681
G1 X114.354 Y118.188 E.01783
G1 X113.898 Y117.983 E.01651
G1 X113.656 Y118.314 F9000
G1 F900
G1 X113.509 Y118.24 E.00543
G1 X113.089 Y117.814 E.01975
G1 X112.743 Y117.266 E.0214
G1 X112.521 Y116.733 E.01906
G1 X112.406 Y116.123 E.0205
G1 X112.396 Y115.551 E.01889
G1 X112.51 Y114.968 E.01961
G1 X112.706 Y114.451 E.01826
G1 X113.014 Y113.973 E.01877
G1 X113.375 Y113.579 E.01764
G1 X113.819 Y113.263 E.01799
G1 X114.28 Y113.041 E.01689
G1 X114.758 Y112.922 E.01626
G1 X115.258 Y112.885 E.01655
G1 X115.917 Y112.993 E.02205
G1 X116.503 Y113.251 E.02114
G1 X117.329 Y113.851 E.03371
G1 X117.768 Y114.343 E.02177
G1 X117.974 Y114.716 E.01407
G1 X118.151 Y115.224 E.01776
G1 X118.216 Y115.9 E.02242
G1 X118.142 Y116.427 E.01757
G1 X117.984 Y116.928 E.01734
G1 X117.708 Y117.412 E.0184
G1 X117.361 Y117.833 E.01801
G1 X116.905 Y118.196 E.01924
G1 X116.41 Y118.468 E.01865
G1 X115.826 Y118.643 E.02013
G1 X115.248 Y118.714 E.01923
G1 X114.59 Y118.654 E.02182
G1 X114.044 Y118.508 E.01866
G1 X113.71 Y118.341 E.01233
G1 X113.475 Y118.656 F9000
;TYPE:External perimeter
;WIDTH:0.419999
G1 F900
G1 X113.278 Y118.558 E.0069
G1 X112.79 Y118.063 E.02179
G1 X112.4 Y117.446 E.02289
G1 X112.15 Y116.845 E.02041
G1 X112.021 Y116.163 E.02176
G1 X112.01 Y115.518 E.02023
G1 X112.138 Y114.863 E.02093
G1 X112.359 Y114.277 E.01964
G1 X112.707 Y113.737 E.02014
G1 X113.117 Y113.289 E.01904
G1 X113.622 Y112.93 E.01943
G1 X114.149 Y112.676 E.01834
G1 X114.76 Y112.53 E.0197
G1 X115.284 Y112.497 E.01646
G1 X116.028 Y112.619 E.02364
G1 X116.697 Y112.914 E.02292
G1 X117.59 Y113.562 E.03459
G1 X118.081 Y114.112 E.02312
G1 X118.353 Y114.615 E.01793
G1 X118.529 Y115.138 E.0173
G1 X118.597 Y115.705 E.01791
G1 X118.584 Y116.118 E.01296
G1 X118.478 Y116.7 E.01855
G1 X118.241 Y117.275 E.0195
G1 X117.915 Y117.794 E.01922
G1 X117.463 Y118.258 E.02031
G1 X116.953 Y118.63 E.01979
G1 X116.337 Y118.904 E.02114
G1 X115.707 Y119.064 E.02038
G1 X115.055 Y119.093 E.02046
G1 X114.525 Y119.036 E.01671
G1 X113.9 Y118.869 E.02028
G1 X113.529 Y118.683 E.01301
G1 E-3.5 F3600
;WIPE_START
G1 F7200
G1 X113.475 Y118.656 E-.02868
G1 X113.278 Y118.558 E-.10451
G1 X112.79 Y118.063 E-.33017
G1 X112.4 Y117.446 E-.34671
G1 X112.15 Y116.845 E-.30919
G1 X112.021 Y116.163 E-.32969
G1 X112.019 Y116.056 E-.05105
;WIPE_END
G1 X113.682 Y116.455 F9000
G1 E5 F2400
;TYPE:Internal infill
;WIDTH:0.44
G1 F900
G1 X113.572 Y115.876 E.01946
G1 X113.683 Y115.174 E.02347
G1 X114.031 Y114.608 E.02194
G1 X114.34 Y114.34 E.01351
G1 X116.726 Y116.726 E.11141
G1 X116.911 Y116.407 E.01218
G1 X117.281 Y115.268 E.03954
G1 X117.438 Y115.29 E.00523
G1 X117.2 Y114.761 E.01915
G1 X116.721 Y114.279 E.02244
G1 X113.978 Y117.022 E.12808
G1 X114.218 Y117.291 E.0119
G1 X114.986 Y117.519 E.02645
G1 X115.496 Y117.504 E.01685
G1 X116.156 Y117.271 E.02311
G1 X117.507 Y115.875 F9000
;TYPE:Solid infill
;WIDTH:0.489626
G1 F900
G1 X117.446 Y116.128 E.00967
;WIDTH:0.53017
G1 X117.385 Y116.38 E.0105
;WIDTH:0.545626
G1 X117.166 Y116.862 E.02213
G1 X116.83 Y117.296 E.02294
;WIDTH:0.539584
G1 X116.378 Y117.641 E.02348
;WIDTH:0.540296
G1 X115.835 Y117.87 E.02437
;WIDTH:0.540994
G1 X115.233 Y117.958 E.0252
;WIDTH:0.541932
G1 X114.6 Y117.89 E.02642
G1 X114.297 Y117.803 E.01308
;WIDTH:0.521838
G1 X113.866 Y117.553 E.01984
;WIDTH:0.507542
G1 X113.503 Y117.087 E.02282
;WIDTH:0.505528
G1 X113.246 Y116.513 E.02419
;WIDTH:0.505922
G1 X113.144 Y115.913 E.02343
;WIDTH:0.506424
G1 X113.192 Y115.337 E.02228
;WIDTH:0.509256
G1 X113.36 Y114.837 E.02045
;WIDTH:0.515656
G1 X113.681 Y114.35 E.02293
G1 X114.151 Y113.936 E.02462
;WIDTH:0.50484
G1 X114.295 Y113.835 E.00676
;LAYER_CHANGE
;Z:21
;HEIGHT:0.200001
;BEFORE_LAYER_CHANGE
G92 E0
;21


G1 E-3.5 F3600
;WIPE_START
G1 F7200
G1 X114.151 Y113.936 E-.08355
G1 X113.681 Y114.35 E-.29751
G1 X113.36 Y114.837 E-.27706
G1 X113.192 Y115.337 E-.25055
G1 X113.144 Y115.913 E-.27455
G1 X113.246 Y116.513 E-.28909
G1 X113.27 Y116.566 E-.02769
;WIPE_END
G1 Z21 F9000
;AFTER_LAYER_CHANGE
;21
G1 X112.645 Y116.317
G1 E5 F2400
;TYPE:Perimeter
;WIDTH:0.439999
G1 F900
G1 X112.587 Y115.928 E.01299
G1 X112.624 Y115.366 E.0186
G1 X112.741 Y114.877 E.0166
G1 X112.96 Y114.409 E.01706
G1 X113.259 Y113.978 E.01732
G1 X113.616 Y113.643 E.01616
G1 X114.039 Y113.362 E.01677
G1 X114.639 Y113.143 E.02109
G1 X115.255 Y113.082 E.02044
G1 X115.847 Y113.176 E.01979
G1 X116.269 Y113.35 E.01507
G1 X116.685 Y113.631 E.01658
G1 X116.984 Y113.975 E.01505
G1 X117.259 Y114.403 E.0168
G1 X117.558 Y115.324 E.03197
G1 X117.595 Y116.14 E.02697
G1 X117.441 Y116.678 E.01848
G1 X117.147 Y117.176 E.01909
G1 X116.723 Y117.6 E.0198
G1 X116.189 Y117.913 E.02044
G1 X115.745 Y118.051 E.01535
G1 X115.248 Y118.117 E.01655
G1 X114.765 Y118.079 E.016
G1 X114.254 Y117.95 E.0174
G1 X113.764 Y117.704 E.0181
G1 X113.354 Y117.403 E.01679
G1 X112.993 Y117.001 E.01784
G1 X112.661 Y116.422 E.02204
G1 X112.654 Y116.376 E.00154
G1 X112.254 Y116.384 F9000
G1 F900
G1 X112.219 Y116.155 E.00765
G1 X112.193 Y115.708 E.01478
G1 X112.256 Y115.14 E.01887
G1 X112.452 Y114.54 E.02084
G1 X112.721 Y114.03 E.01904
G1 X113.107 Y113.567 E.0199
G1 X113.532 Y113.203 E.01848
G1 X114.039 Y112.929 E.01903
G1 X114.551 Y112.755 E.01785
G1 X115.099 Y112.69 E.01822
G1 X115.619 Y112.718 E.01719
G1 X116.111 Y112.849 E.01681
G1 X116.582 Y113.064 E.01709
G1 X117.088 Y113.458 E.02117
G1 X117.4 Y113.866 E.01696
G1 X117.627 Y114.253 E.01481
G1 X117.949 Y115.241 E.03431
G1 X117.981 Y115.562 E.01065
G1 X117.999 Y116.079 E.01708
G1 X117.919 Y116.521 E.01483
G1 X117.726 Y116.993 E.01684
G1 X117.462 Y117.42 E.01658
G1 X117.093 Y117.803 E.01756
G1 X116.67 Y118.115 E.01735
G1 X116.162 Y118.344 E.0184
G1 X115.635 Y118.482 E.01799
G1 X115.052 Y118.507 E.01927
G1 X114.492 Y118.436 E.01864
G1 X113.916 Y118.234 E.02015
G1 X113.407 Y117.952 E.01921
G1 X112.91 Y117.517 E.02181
G1 X112.554 Y117.078 E.01866
G1 X112.279 Y116.547 E.01974
G1 X112.263 Y116.444 E.00344
G1 X111.873 Y116.45 F9000
;TYPE:External perimeter
;WIDTH:0.419999
G1 F900
G1 X111.801 Y115.98 E.01491
G1 X111.836 Y115.335 E.02025
G1 X111.945 Y114.813 E.01672
G1 X112.174 Y114.202 E.02046
G1 X112.543 Y113.625 E.02147
G1 X112.972 Y113.151 E.02005
G1 X113.508 Y112.767 E.02067
G1 X114.065 Y112.495 E.01944
G1 X114.68 Y112.342 E.01987
G1 X115.279 Y112.297 E.01883
G1 X115.885 Y112.38 E.01918
G1 X116.436 Y112.554 E.01812
G1 X116.973 Y112.863 E.01943
G1 X117.373 Y113.194 E.01628
G1 X117.708 Y113.631 E.01726
G1 X117.987 Y114.106 E.01727
G1 X118.329 Y115.161 E.03477
G1 X118.373 Y115.584 E.01333
G1 X118.372 Y116.259 E.02116
G1 X118.224 Y116.818 E.01813
G1 X117.988 Y117.333 E.01776
G1 X117.632 Y117.813 E.01874
G1 X117.204 Y118.221 E.01854
G1 X116.674 Y118.547 E.01951
G1 X116.106 Y118.775 E.01919
G1 X115.467 Y118.885 E.02033
G1 X114.836 Y118.886 E.01978
G1 X114.176 Y118.745 E.02116
G1 X113.572 Y118.505 E.02038
G1 X113.028 Y118.146 E.02044
G1 X112.633 Y117.787 E.01674
G1 X112.225 Y117.285 E.02028
G1 X111.906 Y116.668 E.02178
G1 X111.882 Y116.51 E.00501
G1 X113.465 Y116.29 F9000
;TYPE:Internal infill
;WIDTH:0.44
G1 F900
G1 X113.373 Y115.894 E.01342
G1 X113.492 Y115.117 E.02595
G1 X113.719 Y114.671 E.01652
G1 X114.192 Y114.192 E.02223
G1 X116.662 Y116.662 E.11533
G1 X116.109 Y117.063 E.02255
G1 X115.651 Y117.266 E.01654
G1 X115.016 Y117.322 E.02105
G1 X114.547 Y117.218 E.01586
G1 X114.05 Y116.95 E.01864
G1 X116.783 Y114.217 E.12761
G1 X116.975 Y114.519 E.01182
G1 X117.257 Y115.387 E.03013
G1 X117.31 Y115.902 E.01709
G1 X117.184 Y116.462 E.01895
G1 X116.903 Y116.983 F9000
;TYPE:Solid infill
;WIDTH:0.489631
G1 F900
G1 X116.705 Y117.151 E.00965
;WIDTH:0.530168
G1 X116.507 Y117.32 E.01055
;WIDTH:0.545622
G1 X116.047 Y117.581 E.02211
G1 X115.521 Y117.735 E.02291
;WIDTH:0.539584
G1 X114.952 Y117.748 E.0235
;WIDTH:0.540294
G1 X114.378 Y117.614 E.02438
;WIDTH:0.540996
G1 X113.839 Y117.332 E.02519
;WIDTH:0.54193
G1 X113.367 Y116.904 E.02644
G1 X113.173 Y116.657 E.01303
;WIDTH:0.521836
G1 X112.971 Y116.201 E.01986
;WIDTH:0.50754
G1 X112.952 Y115.61 E.02284
;WIDTH:0.50553
G1 X113.081 Y114.995 E.02417
;WIDTH:0.50592
G1 X113.352 Y114.449 E.02347
;WIDTH:0.525636
G1 X113.721 Y114.005 E.02317
G1 X114.155 Y113.702 E.02125
;WIDTH:0.530684
G1 X114.701 Y113.493 E.02371
G1 X115.366 Y113.44 E.02706
;WIDTH:0.519586
G1 X115.563 Y113.457 E.00784
;WIDTH:0.483434
G1 X115.76 Y113.474 E.00724
;LAYER_CHANGE
;Z:21.2
;HEIGHT:0.200001
;BEFORE_LAYER_CHANGE
G92 E0
;21.2


G1 E-3.5 F3600
;WIPE_START
G1 F7200
G1 X115.563 Y113.457 E-.09392
G1 X115.366 Y113.44 E-.09392
G1 X114.701 Y113.493 E-.31688
G1 X114.155 Y113.702 E-.2777
G1 X113.721 Y114.005 E-.25142
G1 X113.352 Y114.449 E-.27423
G1 X113.173 Y114.811 E-.19193
;WIPE_END
G1 Z21.2 F9000
;AFTER_LAYER_CHANGE
;21.2
G1 X112.715 Y114.485
G1 E5 F2400
;TYPE:Perimeter
;WIDTH:0.439999
G1 F900
G1 X112.993 Y113.999 E.01849
G1 X113.354 Y113.597 E.01784
G1 X113.804 Y113.271 E.01835
G1 X114.254 Y113.05 E.01655
G1 X114.734 Y112.926 E.01637
G1 X115.248 Y112.883 E.01703
G1 X115.89 Y112.981 E.02144
G1 X116.468 Y113.228 E.02075
G1 X116.95 Y113.6 E.0201
G1 X117.311 Y114.066 E.01946
G1 X117.536 Y114.589 E.0188
G1 X117.597 Y115.139 E.01827
G1 X117.568 Y115.647 E.0168
G1 X117.269 Y116.567 E.03194
G1 X117.109 Y116.842 E.0105
G1 X116.819 Y117.25 E.01653
G1 X116.378 Y117.594 E.01847
G1 X115.847 Y117.824 E.01911
G1 X115.256 Y117.918 E.01976
G1 X114.639 Y117.857 E.02047
G1 X114.199 Y117.708 E.01534
G1 X113.758 Y117.469 E.01656
G1 X113.39 Y117.155 E.01597
G1 X113.052 Y116.75 E.01742
G1 X112.8 Y116.263 E.0181
G1 X112.645 Y115.778 E.01681
G1 X112.59 Y115.241 E.01782
G1 X112.661 Y114.578 E.02202
G1 X112.685 Y114.537 E.00157
G1 X112.354 Y114.308 F9000
G1 F900
G1 X112.554 Y113.922 E.01435
G1 X112.968 Y113.424 E.02138
G1 X113.407 Y113.048 E.01908
G1 X113.951 Y112.75 E.02048
G1 X114.492 Y112.564 E.01889
G1 X115.082 Y112.492 E.01962
G1 X115.635 Y112.519 E.01828
G1 X116.184 Y112.664 E.01875
G1 X116.67 Y112.885 E.01763
G1 X117.107 Y113.209 E.01796
G1 X117.462 Y113.58 E.01695
G1 X117.725 Y114.004 E.01647
G1 X117.919 Y114.479 E.01694
G1 X117.998 Y115.295 E.02707
G1 X117.954 Y115.741 E.0148
G1 X117.633 Y116.73 E.03433
G1 X117.302 Y117.3 E.02176
G1 X116.857 Y117.748 E.02085
G1 X116.423 Y118.017 E.01686
G1 X115.959 Y118.206 E.01654
G1 X115.435 Y118.3 E.01758
G1 X114.91 Y118.303 E.01733
G1 X114.364 Y118.19 E.01841
G1 X113.856 Y117.991 E.01801
G1 X113.37 Y117.669 E.01925
G1 X112.959 Y117.283 E.01862
G1 X112.611 Y116.781 E.02017
G1 X112.365 Y116.254 E.0192
G1 X112.219 Y115.61 E.0218
G1 X112.189 Y115.045 E.01868
G1 X112.279 Y114.453 E.01977
G1 X112.327 Y114.361 E.00343
G1 X112.007 Y114.137 F9000
;TYPE:External perimeter
;WIDTH:0.419999
G1 F900
G1 X112.225 Y113.715 E.01489
G1 X112.504 Y113.345 E.01453
G1 X112.98 Y112.892 E.0206
G1 X113.397 Y112.601 E.01594
G1 X113.981 Y112.313 E.02042
G1 X114.637 Y112.147 E.02122
G1 X115.267 Y112.098 E.01981
G1 X115.912 Y112.183 E.0204
G1 X116.499 Y112.365 E.01927
G1 X117.044 Y112.671 E.0196
G1 X117.506 Y113.045 E.01864
G1 X117.886 Y113.517 E.019
G1 X118.163 Y114.012 E.01779
G1 X118.323 Y114.518 E.01664
G1 X118.385 Y115.285 E.02413
G1 X118.331 Y115.833 E.01727
G1 X117.988 Y116.889 E.03481
G1 X117.618 Y117.526 E.0231
G1 X117.377 Y117.802 E.01149
G1 X116.928 Y118.168 E.01816
G1 X116.436 Y118.446 E.01772
G1 X115.865 Y118.624 E.01875
G1 X115.279 Y118.703 E.01854
G1 X114.659 Y118.655 E.0195
G1 X114.065 Y118.505 E.01921
G1 X113.484 Y118.219 E.0203
G1 X112.972 Y117.849 E.01981
G1 X112.521 Y117.348 E.02114
G1 X112.174 Y116.798 E.02039
G1 X111.945 Y116.187 E.02046
G1 X111.836 Y115.665 E.01672
G1 X111.801 Y115.02 E.02025
G1 X111.906 Y114.332 E.02182
G1 X111.979 Y114.19 E.00501
G1 X113.465 Y114.71 F9000
;TYPE:Internal infill
;WIDTH:0.44
G1 F900
G1 X113.373 Y115.106 E.01342
G1 X113.492 Y115.883 E.02595
G1 X113.719 Y116.329 E.01652
G1 X114.192 Y116.808 E.02223
G1 X116.662 Y114.338 E.11533
G1 X116.109 Y113.937 E.02255
G1 X115.691 Y113.752 E.01509
G1 X115.016 Y113.678 E.02242
G1 X114.547 Y113.782 E.01586
G1 X114.05 Y114.05 E.01864
G1 X116.787 Y116.787 E.1278
G1 X116.988 Y116.441 E.01321
G1 X117.27 Y115.574 E.0301
G1 X117.284 Y114.866 E.02338
G1 X117.183 Y114.539 E.0113
G1 X116.704 Y113.837 F9000
;TYPE:Solid infill
;WIDTH:0.512972
G1 F900
G1 X116.294 Y113.544 E.0197
;WIDTH:0.515844
G1 X115.832 Y113.342 E.01983
G1 X115.248 Y113.244 E.02329
;WIDTH:0.52372
G1 X114.708 Y113.283 E.02164
G1 X114.153 Y113.478 E.02352
;WIDTH:0.518268
G1 X113.636 Y113.82 E.0245
;WIDTH:0.519634
G1 X113.207 Y114.296 E.0254
G1 X112.974 Y114.773 E.02104
;WIDTH:0.525816
G1 X112.941 Y115.378 E.02433
G1 X113.069 Y115.996 E.02534
;WIDTH:0.52353
G1 X113.337 Y116.545 E.02441
G1 X113.722 Y116.994 E.02364
G1 X114.19 Y117.32 E.02279
;WIDTH:0.545626
G1 X114.719 Y117.506 E.02344
G1 X115.245 Y117.565 E.02212
;WIDTH:0.53017
G1 X115.504 Y117.544 E.01053
;WIDTH:0.489631
G1 X115.764 Y117.524 E.00969
;LAYER_CHANGE
;Z:21.4
;HEIGHT:0.199999
;BEFORE_LAYER_CHANGE
G92 E0
;21.4


G1 E-3.5 F3600
;WIPE_START
G1 F7200
G1 X115.504 Y117.544 E-.12386
G1 X115.245 Y117.565 E-.12343
G1 X114.719 Y117.506 E-.25142
G1 X114.19 Y117.32 E-.26635
G1 X113.722 Y116.994 E-.27092
G1 X113.337 Y116.545 E-.28094
G1 X113.168 Y116.199 E-.18308
;WIPE_END
G1 Z21.4 F9000
;AFTER_LAYER_CHANGE
;21.4
G1 X113.674 Y113.165
G1 E5 F2400
;TYPE:Perimeter
;WIDTH:0.439999
G1 F900
G1 X113.746 Y113.085 E.00355
G1 X114.354 Y112.812 E.02201
G1 X114.873 Y112.7 E.01753
G1 X115.434 Y112.701 E.01852
G1 X115.932 Y112.785 E.01667
G1 X116.393 Y112.967 E.01636
G1 X116.834 Y113.235 E.01704
G1 X117.296 Y113.691 E.02143
G1 X117.619 Y114.231 E.02078
G1 X117.79 Y114.816 E.02012
G1 X117.814 Y115.249 E.01432
G1 X117.782 Y115.567 E.01055
G1 X117.643 Y116.05 E.01659
G1 X117.409 Y116.44 E.01502
G1 X117.086 Y116.834 E.01682
G1 X116.304 Y117.403 E.03193
G1 X116.013 Y117.531 E.0105
G1 X115.539 Y117.691 E.01652
G1 X114.98 Y117.71 E.01847
G1 X114.415 Y117.585 E.01911
G1 X113.881 Y117.312 E.0198
G1 X113.418 Y116.901 E.02044
G1 X113.15 Y116.522 E.01533
G1 X112.933 Y116.069 E.01658
G1 X112.82 Y115.598 E.01599
G1 X112.785 Y115.072 E.01741
G1 X112.867 Y114.529 E.01813
G1 X113.027 Y114.047 E.01677
G1 X113.298 Y113.579 E.01786
G1 X113.634 Y113.209 E.0165
G1 X113.394 Y112.877 F9000
G1 F900
G1 X113.509 Y112.76 E.00542
G1 X113.863 Y112.582 E.01308
G1 X114.28 Y112.42 E.01477
G1 X114.835 Y112.304 E.01872
G1 X115.466 Y112.305 E.02083
G1 X116.039 Y112.402 E.01919
G1 X116.599 Y112.626 E.01991
G1 X117.076 Y112.919 E.01848
G1 X117.494 Y113.316 E.01903
G1 X117.818 Y113.749 E.01786
G1 X118.048 Y114.25 E.0182
G1 X118.183 Y114.753 E.0172
G1 X118.21 Y115.262 E.01683
G1 X118.151 Y115.776 E.01708
G1 X117.932 Y116.379 E.02118
G1 X117.641 Y116.802 E.01695
G1 X117.344 Y117.138 E.01481
G1 X116.503 Y117.749 E.03432
G1 X115.9 Y118.015 E.02176
G1 X115.277 Y118.116 E.02084
G1 X114.768 Y118.079 E.01685
G1 X114.28 Y117.959 E.01659
G1 X113.802 Y117.727 E.01754
G1 X113.375 Y117.421 E.01734
G1 X113 Y117.009 E.01839
G1 X112.706 Y116.549 E.01803
G1 X112.502 Y116.003 E.01924
G1 X112.396 Y115.449 E.01862
G1 X112.41 Y114.838 E.02018
G1 X112.521 Y114.267 E.01921
G1 X112.781 Y113.66 E.0218
G1 X113.089 Y113.186 E.01866
G1 X113.352 Y112.919 E.01237
G1 X113.124 Y112.599 F9000
;TYPE:External perimeter
;WIDTH:0.419999
G1 F900
G1 X113.278 Y112.442 E.0069
G1 X113.69 Y112.236 E.01444
G1 X114.167 Y112.049 E.01606
G1 X114.797 Y111.918 E.02018
G1 X115.497 Y111.919 E.02195
G1 X116.144 Y112.029 E.02058
G1 X116.772 Y112.28 E.0212
G1 X117.312 Y112.611 E.01986
G1 X117.783 Y113.059 E.02038
G1 X118.151 Y113.551 E.01926
G1 X118.412 Y114.119 E.0196
G1 X118.566 Y114.692 E.0186
G1 X118.591 Y115.48 E.02472
G1 X118.463 Y116.086 E.01942
G1 X118.272 Y116.569 E.01629
G1 X117.96 Y117.022 E.01725
G1 X117.595 Y117.434 E.01726
G1 X116.697 Y118.086 E.03479
G1 X116.022 Y118.384 E.02313
G1 X115.666 Y118.466 E.01145
G1 X115.088 Y118.498 E.01815
G1 X114.526 Y118.433 E.01774
G1 X113.959 Y118.242 E.01876
G1 X113.439 Y117.961 E.01853
G1 X112.965 Y117.558 E.01951
G1 X112.572 Y117.088 E.01921
G1 X112.271 Y116.515 E.02029
G1 X112.075 Y115.914 E.01982
G1 X112.004 Y115.244 E.02112
G1 X112.046 Y114.595 E.02039
G1 X112.22 Y113.967 E.02043
G1 X112.439 Y113.48 E.01674
G1 X112.79 Y112.937 E.02027
G1 X113.082 Y112.642 E.01301
G1 X113.681 Y114.546 F9000
;TYPE:Internal infill
;WIDTH:0.44
G1 F900
G1 X113.572 Y115.124 E.01942
G1 X113.683 Y115.826 E.02347
G1 X113.867 Y116.189 E.01344
G1 X114.336 Y116.664 E.02204
G1 X116.724 Y114.276 E.1115
G1 X116.898 Y114.551 E.01074
G1 X117.281 Y115.732 E.04099
G1 X117.438 Y115.71 E.00523
G1 X117.316 Y116.036 E.01149
G1 X117.008 Y116.482 E.0179
G1 X116.721 Y116.721 E.01233
G1 X113.978 Y113.978 E.12808
G1 X114.218 Y113.709 E.0119
G1 X114.982 Y113.481 E.02632
G1 X115.742 Y113.551 E.0252
G1 X116.157 Y113.73 E.01492
G1 E-3.5 F3600
;WIPE_START
G1 F7200
G1 X115.742 Y113.551 E-.21468
G1 X114.982 Y113.481 E-.36253
G1 X114.218 Y113.709 E-.37872
G1 X113.978 Y113.978 E-.17124
G1 X114.533 Y114.533 E-.37283
;WIPE_END
G1 X114.522 Y117.291 F9000
G1 E5 F2400
;TYPE:Solid infill
;WIDTH:0.488841
G1 F900
G1 X114.301 Y117.156 E.0096
;WIDTH:0.526924
G1 X114.079 Y117.022 E.01044
;WIDTH:0.545538
G1 X113.69 Y116.664 E.02209
G1 X113.392 Y116.244 E.02152
;WIDTH:0.519436
G1 X113.199 Y115.722 E.02205
G1 X113.136 Y115.135 E.02339
G1 X113.226 Y114.531 E.0242
G1 X113.473 Y113.951 E.02498
G1 X113.866 Y113.446 E.02535
;WIDTH:0.522554
G1 X114.315 Y113.188 E.02065
;WIDTH:0.524086
G1 X114.906 Y113.049 E.02429
G1 X115.413 Y113.049 E.02028
;WIDTH:0.522342
G1 X115.895 Y113.143 E.01958
;WIDTH:0.523448
G1 X116.372 Y113.347 E.02073
G1 X116.795 Y113.665 E.02114
;WIDTH:0.530944
G1 X117.173 Y114.134 E.02444
G1 X117.385 Y114.62 E.02152
G1 X117.445 Y114.872 E.01051
;WIDTH:0.49013
G1 X117.506 Y115.125 E.00968
;LAYER_CHANGE
;Z:21.6
;HEIGHT:0.200001
;BEFORE_LAYER_CHANGE
G92 E0
;21.6


G1 E-3.5 F3600
;WIPE_START
G1 F7200
G1 X117.445 Y114.872 E-.12362
G1 X117.385 Y114.62 E-.12305
G1 X117.173 Y114.134 E-.25186
G1 X116.795 Y113.665 E-.28612
G1 X116.372 Y113.347 E-.25137
G1 X115.895 Y113.143 E-.24643
G1 X115.446 Y113.055 E-.21755
;WIPE_END
G1 Z21.6 F9000
;AFTER_LAYER_CHANGE
;21.6
G1 X115.605 Y112.533
G1 E5 F2400
;TYPE:Perimeter
;WIDTH:0.439999
G1 F900
G1 X115.993 Y112.597 E.01298
G1 X116.516 Y112.806 E.0186
G1 X116.945 Y113.069 E.01661
G1 X117.322 Y113.421 E.01703
G1 X117.64 Y113.84 E.01737
G1 X117.849 Y114.282 E.01614
G1 X117.985 Y114.771 E.01676
G1 X118.008 Y115.41 E.02111
G1 X117.875 Y116.015 E.02045
G1 X117.603 Y116.549 E.01979
G1 X117.307 Y116.896 E.01506
G1 X116.911 Y117.205 E.01658
G1 X116.491 Y117.382 E.01505
G1 X115.999 Y117.512 E.0168
G1 X115.032 Y117.512 E.03193
G1 X114.721 Y117.445 E.0105
G1 X114.244 Y117.295 E.01651
G1 X113.78 Y116.982 E.01848
G1 X113.397 Y116.549 E.01909
G1 X113.125 Y116.015 E.01979
G1 X112.992 Y115.41 E.02045
G1 X112.998 Y114.945 E.01535
G1 X113.089 Y114.452 E.01655
G1 X113.274 Y114.004 E.016
G1 X113.555 Y113.558 E.0174
G1 X113.94 Y113.167 E.01812
G1 X114.353 Y112.871 E.01678
G1 X114.847 Y112.652 E.01784
G1 X115.5 Y112.515 E.02203
G1 X115.546 Y112.523 E.00154
G1 X115.662 Y112.14 F9000
G1 F900
G1 X116.091 Y112.211 E.01436
G1 X116.692 Y112.45 E.02135
G1 X117.186 Y112.751 E.0191
G1 X117.637 Y113.177 E.02048
G1 X117.981 Y113.634 E.01889
G1 X118.232 Y114.173 E.01963
G1 X118.377 Y114.707 E.01827
G1 X118.404 Y115.446 E.02442
G1 X118.296 Y115.987 E.01821
G1 X118.109 Y116.473 E.01719
G1 X117.833 Y116.901 E.01681
G1 X117.482 Y117.282 E.0171
G1 X116.951 Y117.641 E.02116
G1 X116.467 Y117.812 E.01695
G1 X116.029 Y117.909 E.01481
G1 X114.99 Y117.909 E.0343
G1 X114.345 Y117.77 E.02179
G1 X113.782 Y117.485 E.02083
G1 X113.392 Y117.156 E.01685
G1 X113.068 Y116.772 E.01659
G1 X112.817 Y116.303 E.01756
G1 X112.651 Y115.805 E.01733
G1 X112.591 Y115.251 E.0184
G1 X112.623 Y114.707 E.01799
G1 X112.779 Y114.145 E.01926
G1 X113.019 Y113.634 E.01864
G1 X113.389 Y113.149 E.02014
G1 X113.814 Y112.751 E.01922
G1 X114.382 Y112.414 E.02181
G1 X114.909 Y112.211 E.01865
G1 X115.5 Y112.113 E.01978
G1 X115.603 Y112.13 E.00345
G1 X115.717 Y111.756 F9000
;TYPE:External perimeter
;WIDTH:0.419999
G1 F900
G1 X116.186 Y111.834 E.01491
G1 X116.864 Y112.103 E.02287
G1 X117.42 Y112.442 E.02042
G1 X117.925 Y112.919 E.02178
G1 X118.313 Y113.434 E.02022
G1 X118.595 Y114.039 E.02093
G1 X118.76 Y114.644 E.01966
G1 X118.796 Y115.262 E.01941
G1 X118.757 Y115.696 E.01366
G1 X118.614 Y116.28 E.01885
G1 X118.348 Y116.83 E.01916
G1 X118.012 Y117.3 E.01811
G1 X117.553 Y117.716 E.01942
G1 X117.115 Y117.994 E.01627
G1 X116.595 Y118.177 E.01728
G1 X116.058 Y118.296 E.01725
G1 X114.948 Y118.296 E.0348
G1 X114.228 Y118.14 E.0231
G1 X113.891 Y117.997 E.01148
G1 X113.404 Y117.683 E.01817
G1 X112.988 Y117.3 E.01773
G1 X112.642 Y116.813 E.01873
G1 X112.386 Y116.28 E.01854
G1 X112.24 Y115.675 E.01951
G1 X112.198 Y115.064 E.0192
G1 X112.291 Y114.423 E.02031
G1 X112.485 Y113.822 E.0198
G1 X112.822 Y113.238 E.02114
G1 X113.238 Y112.738 E.02039
G1 X113.748 Y112.331 E.02046
G1 X114.211 Y112.067 E.01671
G1 X114.814 Y111.834 E.02027
G1 X115.5 Y111.721 E.0218
G1 X115.658 Y111.747 E.00502
G1 X116.19 Y113.524 F9000
;TYPE:Internal infill
;WIDTH:0.44
G1 F900
G1 X115.516 Y113.297 E.02348
G1 X115.217 Y113.356 E.01006
G1 X114.515 Y113.709 E.02594
G1 X114.121 Y114.121 E.01882
G1 X116.868 Y116.868 E.12827
G1 X116.143 Y117.181 E.02607
G1 X115.064 Y117.206 E.03564
G1 X114.559 Y117.097 E.01706
G1 X114.132 Y116.868 E.016
G1 X116.879 Y114.121 E.12827
G1 X117.161 Y114.696 E.02115
G1 X117.214 Y115.402 E.02338
G1 X116.918 Y116.385 E.0339
G1 E-3.5 F3600
;WIPE_START
G1 F7200
G1 X117.214 Y115.402 E-.48763
G1 X117.161 Y114.696 E-.33629
G1 X116.879 Y114.121 E-.3042
G1 X116.325 Y114.675 E-.37188
;WIPE_END
G1 X113.656 Y116.376 F9000
G1 E5 F2400
;TYPE:Solid infill
;WIDTH:0.489629
G1 F900
G1 X113.557 Y116.136 E.00964
;WIDTH:0.530174
G1 X113.458 Y115.896 E.01052
;WIDTH:0.545628
G1 X113.351 Y115.377 E.02215
G1 X113.368 Y114.829 E.02292
;WIDTH:0.539586
G1 X113.531 Y114.284 E.02349
;WIDTH:0.540292
G1 X113.836 Y113.78 E.02436
;WIDTH:0.540992
G1 X114.271 Y113.354 E.02522
;WIDTH:0.541938
G1 X114.824 Y113.037 E.02645
G1 X115.119 Y112.93 E.01302
;WIDTH:0.521842
G1 X115.615 Y112.878 E.01986
;WIDTH:0.50755
G1 X116.183 Y113.043 E.02285
;WIDTH:0.505534
G1 X116.728 Y113.356 E.02418
;WIDTH:0.50592
G1 X117.163 Y113.782 E.02344
;WIDTH:0.50642
G1 X117.463 Y114.275 E.02224
;WIDTH:0.509254
G1 X117.621 Y114.779 E.02048
;WIDTH:0.511052
G1 X117.647 Y115.401 E.02423
;WIDTH:0.521528
G1 X117.611 Y115.669 E.01076
G1 X117.451 Y116.138 E.01972
;LAYER_CHANGE
;Z:21.8
;HEIGHT:0.199999
;BEFORE_LAYER_CHANGE
G92 E0
;21.8


G1 E-3.5 F3600
;WIPE_START
G1 F7200
G1 X117.611 Y115.669 E-.23538
G1 X117.647 Y115.401 E-.12844
G1 X117.621 Y114.779 E-.29571
G1 X117.463 Y114.275 E-.25089
G1 X117.163 Y113.782 E-.27412
G1 X116.728 Y113.356 E-.2892
G1 X116.68 Y113.328 E-.02626
;WIPE_END
G1 Z21.8 F9000
;AFTER_LAYER_CHANGE
;21.8
G1 X117.329 Y113.161
G1 E5 F2400
;TYPE:Perimeter
;WIDTH:0.439999
G1 F900
G1 X117.487 Y113.321 E.00742
G1 X117.804 Y113.726 E.01698
G1 X118.045 Y114.241 E.01877
G1 X118.179 Y114.726 E.01661
G1 X118.208 Y115.415 E.02277
G1 X118.116 Y115.895 E.01614
G1 X117.938 Y116.371 E.01678
G1 X117.582 Y116.901 E.02108
G1 X117.119 Y117.312 E.02044
G1 X116.585 Y117.585 E.0198
G1 X116.02 Y117.71 E.01911
G1 X115.492 Y117.694 E.01744
G1 X114.947 Y117.532 E.01877
G1 X114.438 Y117.224 E.01964
G1 X113.943 Y116.856 E.02037
G1 X113.727 Y116.615 E.01069
G1 X113.428 Y116.214 E.01652
G1 X113.237 Y115.688 E.01848
G1 X113.182 Y115.112 E.0191
G1 X113.276 Y114.52 E.01979
G1 X113.524 Y113.953 E.02043
G1 X113.802 Y113.58 E.01536
G1 X114.166 Y113.235 E.01656
G1 X114.579 Y112.982 E.01599
G1 X115.068 Y112.785 E.01741
G1 X115.563 Y112.7 E.01658
G1 X116.068 Y112.698 E.01667
G1 X116.646 Y112.812 E.01945
G1 X117.254 Y113.085 E.02201
G1 X117.287 Y113.119 E.00156
G1 X117.606 Y112.877 F9000
G1 F900
G1 X117.769 Y113.042 E.00766
G1 X118.144 Y113.519 E.02003
G1 X118.417 Y114.102 E.02125
G1 X118.571 Y114.66 E.01911
G1 X118.609 Y115.236 E.01906
G1 X118.573 Y115.657 E.01395
G1 X118.442 Y116.201 E.01847
G1 X118.193 Y116.722 E.01907
G1 X117.881 Y117.163 E.01784
G1 X117.475 Y117.538 E.01825
G1 X117.039 Y117.821 E.01716
G1 X116.564 Y118.004 E.01681
G1 X116.056 Y118.106 E.01711
G1 X115.415 Y118.085 E.02118
G1 X114.785 Y117.898 E.0217
G1 X114.216 Y117.554 E.02195
G1 X113.673 Y117.151 E.02233
G1 X113.232 Y116.657 E.02186
G1 X112.943 Y116.096 E.02084
G1 X112.821 Y115.601 E.01683
G1 X112.784 Y115.1 E.01659
G1 X112.858 Y114.573 E.01757
G1 X113.016 Y114.072 E.01734
G1 X113.292 Y113.589 E.01837
G1 X113.639 Y113.167 E.01804
G1 X114.095 Y112.804 E.01924
G1 X114.59 Y112.532 E.01865
G1 X115.174 Y112.357 E.02013
G1 X115.751 Y112.286 E.01919
G1 X116.398 Y112.347 E.02146
G1 X116.956 Y112.492 E.01904
G1 X117.491 Y112.76 E.01976
G1 X117.564 Y112.834 E.00343
G1 X117.876 Y112.599 F9000
;TYPE:External perimeter
;WIDTH:0.419999
G1 F900
G1 X118.21 Y112.937 E.0149
G1 X118.561 Y113.48 E.02027
G1 X118.78 Y113.966 E.01671
G1 X118.954 Y114.595 E.02046
G1 X118.995 Y115.279 E.02148
G1 X118.925 Y115.914 E.02003
G1 X118.719 Y116.54 E.02066
G1 X118.428 Y117.088 E.01945
G1 X118.02 Y117.573 E.01987
G1 X117.561 Y117.961 E.01884
G1 X117.022 Y118.25 E.01918
G1 X116.474 Y118.433 E.01811
G1 X115.858 Y118.499 E.01942
G1 X115.34 Y118.467 E.01627
G1 X114.628 Y118.255 E.02329
G1 X114 Y117.876 E.023
G1 X113.411 Y117.438 E.02301
G1 X112.919 Y116.888 E.02314
G1 X112.73 Y116.574 E.01149
G1 X112.522 Y116.034 E.01814
G1 X112.409 Y115.48 E.01773
G1 X112.416 Y114.882 E.01875
G1 X112.522 Y114.3 E.01855
G1 X112.759 Y113.725 E.0195
G1 X113.085 Y113.206 E.01922
G1 X113.537 Y112.743 E.02029
G1 X114.047 Y112.37 E.01981
G1 X114.663 Y112.096 E.02114
G1 X115.293 Y111.936 E.02038
G1 X115.955 Y111.908 E.02078
G1 X116.458 Y111.965 E.01587
G1 X117.1 Y112.131 E.02079
G1 X117.722 Y112.442 E.0218
G1 X117.834 Y112.556 E.00501
G1 E-3.5 F3600
;WIPE_START
G1 F7200
G1 X117.876 Y112.599 E-.02855
G1 X118.21 Y112.937 E-.22571
G1 X118.561 Y113.48 E-.30712
G1 X118.78 Y113.966 E-.25321
G1 X118.954 Y114.595 E-.31
G1 X118.995 Y115.279 E-.32548
G1 X118.984 Y115.384 E-.04993
;WIPE_END
G1 X117.319 Y114.547 F9000
G1 E5 F2400
;TYPE:Internal infill
;WIDTH:0.44
G1 F900
G1 X117.428 Y115.124 E.01939
G1 X117.317 Y115.826 E.02347
G1 X116.944 Y116.428 E.02338
G1 X116.662 Y116.662 E.0121
G1 X114.274 Y114.274 E.1115
G1 X114.089 Y114.593 E.01218
G1 X113.719 Y115.732 E.03954
G1 X113.562 Y115.71 E.00523
G1 X113.8 Y116.239 E.01915
G1 X114.276 Y116.724 E.02244
G1 X117.022 Y113.978 E.12822
G1 X116.782 Y113.709 E.0119
G1 X116.014 Y113.481 E.02645
G1 X115.5 Y113.497 E.01698
G1 X114.843 Y113.73 E.02302
G1 X113.493 Y115.125 F9000
;TYPE:Solid infill
;WIDTH:0.489625
G1 F900
G1 X113.554 Y114.872 E.00967
;WIDTH:0.53017
G1 X113.615 Y114.62 E.0105
;WIDTH:0.545624
G1 X113.834 Y114.138 E.02213
G1 X114.17 Y113.704 E.02294
;WIDTH:0.539582
G1 X114.622 Y113.359 E.02348
;WIDTH:0.540614
G1 X115.165 Y113.13 E.02439
;WIDTH:0.54096
G1 X115.765 Y113.042 E.02511
;WIDTH:0.541438
G1 X116.407 Y113.112 E.02677
G1 X116.703 Y113.197 E.01277
;WIDTH:0.521836
G1 X117.134 Y113.447 E.01984
;WIDTH:0.507542
G1 X117.497 Y113.913 E.02282
;WIDTH:0.505524
G1 X117.754 Y114.487 E.02419
;WIDTH:0.50592
G1 X117.856 Y115.087 E.02343
;WIDTH:0.506428
G1 X117.808 Y115.663 E.02228
;WIDTH:0.509258
G1 X117.64 Y116.163 E.02045
;WIDTH:0.511052
G1 X117.295 Y116.682 E.02426
;WIDTH:0.521528
G1 X117.108 Y116.877 E.01075
G1 X116.703 Y117.163 E.01973
;LAYER_CHANGE
;Z:22
;HEIGHT:0.200001
;BEFORE_LAYER_CHANGE
G92 E0
;22


G1 E-3.5 F3600
;WIPE_START
G1 F7200
G1 X117.108 Y116.877 E-.23551
G1 X117.295 Y116.682 E-.12833
G1 X117.64 Y116.163 E-.29602
G1 X117.808 Y115.663 E-.25055
G1 X117.856 Y115.087 E-.27455
G1 X117.754 Y114.487 E-.28909
G1 X117.732 Y114.437 E-.02595
;WIPE_END
G1 Z22 F9000
;AFTER_LAYER_CHANGE
;22
G1 X118.35 Y114.684
G1 E5 F2400
;TYPE:Perimeter
;WIDTH:0.439999
G1 F900
G1 X118.41 Y115.241 E.0185
G1 X118.376 Y115.634 E.01302
G1 X118.259 Y116.123 E.0166
G1 X118.04 Y116.591 E.01706
G1 X117.741 Y117.022 E.01732
G1 X117.384 Y117.357 E.01616
G1 X116.961 Y117.638 E.01677
G1 X116.361 Y117.857 E.02109
G1 X115.744 Y117.918 E.02047
G1 X115.153 Y117.824 E.01976
G1 X114.731 Y117.65 E.01507
G1 X114.315 Y117.369 E.01658
G1 X114.016 Y117.025 E.01505
G1 X113.741 Y116.597 E.0168
G1 X113.442 Y115.676 E.03197
G1 X113.41 Y115.36 E.01049
G1 X113.405 Y114.86 E.01651
G1 X113.559 Y114.322 E.01848
G1 X113.853 Y113.824 E.01909
G1 X114.277 Y113.4 E.0198
G1 X114.811 Y113.087 E.02044
G1 X115.255 Y112.949 E.01535
G1 X115.752 Y112.883 E.01655
G1 X116.235 Y112.921 E.016
G1 X116.746 Y113.05 E.0174
G1 X117.236 Y113.296 E.0181
G1 X117.646 Y113.597 E.01679
G1 X118.007 Y113.999 E.01784
G1 X118.339 Y114.578 E.02204
G1 X118.344 Y114.624 E.00153
G1 X118.746 Y114.616 F9000
G1 F900
G1 X118.781 Y114.845 E.00765
G1 X118.807 Y115.292 E.01478
G1 X118.744 Y115.86 E.01887
G1 X118.548 Y116.46 E.02084
G1 X118.279 Y116.97 E.01904
G1 X117.893 Y117.433 E.0199
G1 X117.468 Y117.797 E.01848
G1 X116.961 Y118.072 E.01904
G1 X116.449 Y118.245 E.01784
G1 X115.901 Y118.31 E.01822
G1 X115.381 Y118.282 E.01719
G1 X114.889 Y118.151 E.01681
G1 X114.418 Y117.936 E.01709
G1 X113.912 Y117.542 E.02117
G1 X113.6 Y117.134 E.01696
G1 X113.373 Y116.747 E.01481
G1 X113.051 Y115.759 E.03431
G1 X112.984 Y115.103 E.02177
G1 X113.081 Y114.479 E.02085
G1 X113.274 Y114.007 E.01684
G1 X113.538 Y113.58 E.01658
G1 X113.907 Y113.197 E.01756
G1 X114.33 Y112.885 E.01735
G1 X114.838 Y112.656 E.0184
G1 X115.365 Y112.518 E.01799
G1 X115.948 Y112.493 E.01927
G1 X116.508 Y112.564 E.01864
G1 X117.084 Y112.766 E.02015
G1 X117.593 Y113.048 E.01921
G1 X118.09 Y113.483 E.02181
G1 X118.446 Y113.922 E.01866
G1 X118.721 Y114.453 E.01974
G1 X118.737 Y114.556 E.00344
G1 X119.127 Y114.55 F9000
;TYPE:External perimeter
;WIDTH:0.419999
G1 F900
G1 X119.163 Y114.787 E.00752
G1 X119.194 Y115.255 E.01471
G1 X119.164 Y115.665 E.01289
G1 X119.055 Y116.187 E.01672
G1 X118.826 Y116.798 E.02046
G1 X118.457 Y117.375 E.02147
G1 X118.028 Y117.849 E.02005
G1 X117.492 Y118.233 E.02067
G1 X116.935 Y118.505 E.01944
G1 X116.32 Y118.658 E.01987
G1 X115.721 Y118.703 E.01883
G1 X115.115 Y118.62 E.01918
G1 X114.564 Y118.446 E.01812
G1 X114.027 Y118.137 E.01943
G1 X113.627 Y117.806 E.01628
G1 X113.292 Y117.369 E.01726
G1 X113.013 Y116.894 E.01727
G1 X112.671 Y115.839 E.03477
G1 X112.596 Y115.106 E.0231
G1 X112.628 Y114.741 E.01149
G1 X112.776 Y114.182 E.01813
G1 X113.012 Y113.667 E.01776
G1 X113.368 Y113.187 E.01874
G1 X113.796 Y112.779 E.01854
G1 X114.326 Y112.453 E.01951
G1 X114.894 Y112.225 E.01919
G1 X115.533 Y112.115 E.02033
G1 X116.165 Y112.114 E.01982
G1 X116.824 Y112.255 E.02113
G1 X117.428 Y112.495 E.02038
G1 X117.972 Y112.854 E.02044
G1 X118.367 Y113.213 E.01674
G1 X118.775 Y113.715 E.02028
G1 X119.094 Y114.332 E.02178
G1 X119.118 Y114.49 E.00501
G1 X117.535 Y114.71 F9000
;TYPE:Internal infill
;WIDTH:0.44
G1 F900
G1 X117.627 Y115.106 E.01342
G1 X117.508 Y115.883 E.02595
G1 X117.281 Y116.329 E.01652
G1 X116.808 Y116.808 E.02223
G1 X114.34 Y114.34 E.11524
G1 X114.885 Y113.94 E.02232
G1 X115.349 Y113.734 E.01676
G1 X115.708 Y113.676 E.01201
G1 X116.453 Y113.782 E.02485
G1 X116.95 Y114.05 E.01864
G1 X114.217 Y116.783 E.12761
G1 X114.025 Y116.481 E.01182
G1 X113.743 Y115.613 E.03013
G1 X113.707 Y114.906 E.02337
G1 X113.791 Y114.581 E.01108
G1 X113.839 Y114.623 E.00211
G1 X114.099 Y114.017 F9000
;TYPE:Solid infill
;WIDTH:0.488839
G1 F900
G1 X114.295 Y113.848 E.0096
;WIDTH:0.526922
G1 X114.492 Y113.679 E.01045
;WIDTH:0.545534
G1 X114.953 Y113.419 E.02212
G1 X115.481 Y113.264 E.023
;WIDTH:0.54772
G1 X116.048 Y113.256 E.0238
G1 X116.622 Y113.385 E.02469
;WIDTH:0.541948
G1 X117.168 Y113.672 E.0256
G1 X117.42 Y113.865 E.01317
;WIDTH:0.523648
G1 X117.794 Y114.297 E.02284
;WIDTH:0.519628
G1 X118.026 Y114.773 E.02099
;WIDTH:0.50598
G1 X118.048 Y115.39 E.02377
;WIDTH:0.50553
G1 X117.919 Y116.005 E.02417
;WIDTH:0.505916
G1 X117.648 Y116.551 E.02347
;WIDTH:0.506418
G1 X117.271 Y116.989 E.02227
;WIDTH:0.509256
G1 X116.841 Y117.294 E.02044
;WIDTH:0.511052
G1 X116.257 Y117.511 E.02425
;WIDTH:0.521532
G1 X115.992 Y117.559 E.01072
G1 X115.496 Y117.552 E.01974
;LAYER_CHANGE
;Z:22.2
;HEIGHT:0.200001
;BEFORE_LAYER_CHANGE
G92 E0
;22.2


G1 E-3.5 F3600
;WIPE_START
G1 F7200
G1 X115.992 Y117.559 E-.23562
G1 X116.257 Y117.511 E-.12792
G1 X116.841 Y117.294 E-.29593
G1 X117.271 Y116.989 E-.25041
G1 X117.648 Y116.551 E-.2745
G1 X117.919 Y116.005 E-.28954
G1 X117.93 Y115.951 E-.02608
;WIPE_END
G1 Z22.2 F9000
;AFTER_LAYER_CHANGE
;22.2
G1 X118.289 Y116.517
G1 E5 F2400
;TYPE:Perimeter
;WIDTH:0.439999
G1 F900
G1 X118.109 Y116.866 E.01297
G1 X117.748 Y117.299 E.01861
G1 X117.366 Y117.626 E.0166
G1 X116.914 Y117.876 E.01705
G1 X116.418 Y118.049 E.01734
G1 X115.933 Y118.11 E.01614
G1 X115.425 Y118.088 E.01679
G1 X114.811 Y117.913 E.02108
G1 X114.277 Y117.6 E.02044
G1 X113.853 Y117.176 E.0198
G1 X113.614 Y116.787 E.01507
G1 X113.443 Y116.315 E.01658
G1 X113.403 Y115.861 E.01505
G1 X113.432 Y115.353 E.0168
G1 X113.731 Y114.433 E.03194
G1 X113.891 Y114.158 E.0105
G1 X114.181 Y113.75 E.01653
G1 X114.622 Y113.406 E.01847
G1 X115.153 Y113.176 E.01911
G1 X115.744 Y113.082 E.01976
G1 X116.361 Y113.143 E.02047
G1 X116.801 Y113.292 E.01534
G1 X117.242 Y113.531 E.01656
G1 X117.61 Y113.845 E.01597
G1 X117.948 Y114.25 E.01742
G1 X118.2 Y114.737 E.0181
G1 X118.355 Y115.222 E.01681
G1 X118.41 Y115.759 E.01782
G1 X118.339 Y116.422 E.02202
G1 X118.317 Y116.464 E.00157
G1 X118.646 Y116.692 F9000
G1 F900
G1 X118.539 Y116.899 E.00769
G1 X118.298 Y117.275 E.01475
G1 X117.913 Y117.698 E.01889
G1 X117.402 Y118.068 E.02083
G1 X116.884 Y118.323 E.01906
G1 X116.3 Y118.471 E.01989
G1 X115.742 Y118.515 E.01848
G1 X115.17 Y118.439 E.01905
G1 X114.654 Y118.279 E.01784
G1 X114.173 Y118.009 E.01821
G1 X113.768 Y117.681 E.01721
G1 X113.447 Y117.286 E.01681
G1 X113.193 Y116.835 E.01709
G1 X113.015 Y116.218 E.0212
G1 X113.002 Y115.705 E.01694
G1 X113.046 Y115.259 E.0148
G1 X113.367 Y114.27 E.03433
G1 X113.698 Y113.7 E.02176
G1 X113.989 Y113.389 E.01406
G1 X114.418 Y113.064 E.01777
G1 X114.888 Y112.849 E.01706
G1 X115.381 Y112.718 E.01684
G1 X115.92 Y112.691 E.01782
G1 X116.449 Y112.755 E.01759
G1 X116.984 Y112.939 E.01868
G1 X117.468 Y113.203 E.0182
G1 X117.916 Y113.59 E.01955
G1 X118.279 Y114.03 E.01883
G1 X118.567 Y114.584 E.02062
G1 X118.744 Y115.14 E.01927
G1 X118.811 Y115.955 E.027
G1 X118.721 Y116.547 E.01977
G1 X118.673 Y116.639 E.00343
G1 X118.993 Y116.863 F9000
;TYPE:External perimeter
;WIDTH:0.419999
G1 F900
G1 X118.775 Y117.285 E.01489
G1 X118.367 Y117.787 E.02028
G1 X117.972 Y118.146 E.01674
G1 X117.428 Y118.505 E.02044
G1 X116.79 Y118.756 E.0215
G1 X116.164 Y118.886 E.02005
G1 X115.505 Y118.882 E.02066
G1 X114.894 Y118.775 E.01945
G1 X114.307 Y118.537 E.01986
G1 X113.796 Y118.221 E.01884
G1 X113.355 Y117.798 E.01916
G1 X113.012 Y117.333 E.01812
G1 X112.758 Y116.767 E.01945
G1 X112.629 Y116.265 E.01625
G1 X112.615 Y115.715 E.01725
G1 X112.669 Y115.167 E.01727
G1 X113.012 Y114.111 E.03481
G1 X113.382 Y113.474 E.0231
G1 X113.777 Y113.06 E.01794
G1 X114.22 Y112.731 E.0173
G1 X114.756 Y112.485 E.01849
G1 X115.321 Y112.335 E.01833
G1 X115.933 Y112.304 E.01921
G1 X116.535 Y112.376 E.01901
G1 X117.139 Y112.584 E.02003
G1 X117.688 Y112.884 E.01962
G1 X118.192 Y113.318 E.02085
G1 X118.602 Y113.815 E.0202
G1 X118.923 Y114.434 E.02186
G1 X119.124 Y115.06 E.02061
G1 X119.199 Y115.98 E.02894
G1 X119.094 Y116.668 E.02182
G1 X119.021 Y116.81 E.00501
G1 X117.535 Y116.29 F9000
;TYPE:Internal infill
;WIDTH:0.44
G1 F900
G1 X117.627 Y115.894 E.01342
G1 X117.508 Y115.117 E.02595
G1 X117.281 Y114.671 E.01652
G1 X116.808 Y114.192 E.02223
G1 X114.336 Y116.664 E.11543
G1 X114.655 Y116.901 E.01312
G1 X115.105 Y117.173 E.01736
G1 X115.751 Y117.328 E.02193
G1 X116.453 Y117.218 E.02346
G1 X116.95 Y116.95 E.01864
G1 X114.213 Y114.213 E.1278
G1 X114.012 Y114.559 E.01321
G1 X113.73 Y115.426 E.0301
G1 X113.716 Y116.134 E.02338
G1 X113.815 Y116.472 E.01163
G1 E-3.5 F3600
;WIPE_START
G1 F7200
G1 X113.716 Y116.134 E-.1673
G1 X113.73 Y115.426 E-.33637
G1 X114.012 Y114.559 E-.43306
G1 X114.213 Y114.213 E-.19007
G1 X114.769 Y114.769 E-.3732
;WIPE_END
G1 X115.491 Y113.454 F9000
G1 E5 F2400
;TYPE:Solid infill
;WIDTH:0.532444
G1 F900
G1 X116.018 Y113.445 E.02145
G1 X116.522 Y113.556 E.02101
;WIDTH:0.524806
G1 X117.001 Y113.794 E.02143
;WIDTH:0.519308
G1 X117.441 Y114.173 E.023
G1 X117.784 Y114.666 E.02379
;WIDTH:0.519488
G1 X117.999 Y115.248 E.02459
;WIDTH:0.51963
G1 X118.063 Y115.874 E.02494
G1 X117.971 Y116.396 E.02101
;WIDTH:0.505978
G1 X117.626 Y116.909 E.0238
;WIDTH:0.50553
G1 X117.16 Y117.33 E.02416
;WIDTH:0.505918
G1 X116.62 Y117.613 E.02347
;WIDTH:0.50642
G1 X116.058 Y117.745 E.02225
;WIDTH:0.509256
G1 X115.531 Y117.74 E.02044
;WIDTH:0.515654
G1 X114.968 Y117.586 E.02294
G1 X114.429 Y117.266 E.02464
;WIDTH:0.504838
G1 X114.288 Y117.16 E.00678
;LAYER_CHANGE
;Z:22.4
;HEIGHT:0.199999
;BEFORE_LAYER_CHANGE
G92 E0
;22.4


G1 E-3.5 F3600
;WIPE_START
G1 F7200
G1 X114.429 Y117.266 E-.08379
G1 X114.968 Y117.586 E-.29775
G1 X115.531 Y117.74 E-.27725
G1 X116.058 Y117.745 E-.25034
G1 X116.62 Y117.613 E-.27421
G1 X117.16 Y117.33 E-.28959
G1 X117.202 Y117.292 E-.02707
;WIPE_END
G1 Z22.4 F9000
;AFTER_LAYER_CHANGE
;22.4
G1 X117.159 Y117.963
G1 E5 F2400
;TYPE:Perimeter
;WIDTH:0.439999
G1 F900
G1 X116.808 Y118.138 E.01295
G1 X116.261 Y118.277 E.01863
G1 X115.76 Y118.317 E.01659
G1 X115.245 Y118.252 E.01714
G1 X114.744 Y118.101 E.01728
G1 X114.316 Y117.866 E.01612
G1 X113.918 Y117.55 E.01678
G1 X113.524 Y117.047 E.0211
G1 X113.276 Y116.48 E.02043
G1 X113.182 Y115.888 E.01979
G1 X113.237 Y115.312 E.0191
G1 X113.416 Y114.815 E.01744
G1 X113.739 Y114.346 E.0188
G1 X114.188 Y113.957 E.01961
G1 X114.691 Y113.6 E.02037
G1 X115.226 Y113.363 E.01932
G1 X115.706 Y113.285 E.01606
G1 X116.334 Y113.343 E.02082
G1 X116.858 Y113.534 E.01841
G1 X117.362 Y113.877 E.02013
G1 X117.776 Y114.351 E.02078
G1 X117.997 Y114.767 E.01555
G1 X118.157 Y115.251 E.01683
G1 X118.215 Y115.928 E.02243
G1 X118.133 Y116.47 E.0181
G1 X117.973 Y116.953 E.0168
G1 X117.702 Y117.421 E.01786
G1 X117.254 Y117.915 E.02202
G1 X117.212 Y117.936 E.00155
G1 X117.344 Y118.314 F9000
G1 F900
G1 X117.137 Y118.418 E.00765
G1 X116.72 Y118.58 E.01477
G1 X116.16 Y118.697 E.01889
G1 X115.529 Y118.696 E.02083
G1 X114.961 Y118.598 E.01903
G1 X114.401 Y118.374 E.01991
G1 X113.924 Y118.081 E.01848
G1 X113.506 Y117.684 E.01903
G1 X113.182 Y117.251 E.01786
G1 X112.952 Y116.749 E.01823
G1 X112.817 Y116.247 E.01716
G1 X112.79 Y115.738 E.01683
G1 X112.849 Y115.224 E.01708
G1 X113.068 Y114.621 E.02118
G1 X113.44 Y114.079 E.0217
G1 X113.943 Y113.644 E.02196
G1 X114.494 Y113.253 E.02231
G1 X115.1 Y112.985 E.02188
G1 X115.705 Y112.886 E.02024
G1 X116.408 Y112.951 E.02331
G1 X116.897 Y113.118 E.01706
G1 X117.343 Y113.359 E.01674
G1 X117.76 Y113.715 E.0181
G1 X118.106 Y114.129 E.01781
G1 X118.373 Y114.636 E.01892
G1 X118.546 Y115.167 E.01844
G1 X118.608 Y115.73 E.0187
G1 X118.59 Y116.161 E.01424
G1 X118.479 Y116.733 E.01924
G1 X118.219 Y117.34 E.0218
G1 X117.911 Y117.814 E.01866
G1 X117.491 Y118.24 E.01975
G1 X117.398 Y118.287 E.00344
G1 X117.525 Y118.656 F9000
;TYPE:External perimeter
;WIDTH:0.419999
G1 F900
G1 X117.1 Y118.869 E.01491
G1 X116.475 Y119.036 E.02028
G1 X115.945 Y119.093 E.01671
G1 X115.293 Y119.064 E.02046
G1 X114.63 Y118.892 E.02148
G1 X114.047 Y118.63 E.02004
G1 X113.516 Y118.24 E.02066
G1 X113.085 Y117.794 E.01945
G1 X112.75 Y117.256 E.01987
G1 X112.522 Y116.7 E.01884
G1 X112.414 Y116.098 E.01918
G1 X112.409 Y115.52 E.01812
G1 X112.537 Y114.914 E.01942
G1 X112.728 Y114.431 E.01629
G1 X113.15 Y113.819 E.02331
G1 X113.703 Y113.339 E.02296
G1 X114.302 Y112.914 E.02303
G1 X114.774 Y112.706 E.01617
G1 X115.192 Y112.567 E.01381
G1 X115.703 Y112.497 E.01617
G1 X116.48 Y112.569 E.02447
G1 X117.051 Y112.762 E.0189
G1 X117.561 Y113.039 E.0182
G1 X118.035 Y113.442 E.01951
G1 X118.428 Y113.912 E.01921
G1 X118.729 Y114.485 E.02029
G1 X118.925 Y115.086 E.01982
G1 X118.996 Y115.756 E.02112
G1 X118.954 Y116.405 E.02039
G1 X118.78 Y117.034 E.02046
G1 X118.561 Y117.52 E.01671
G1 X118.21 Y118.063 E.02027
G1 X117.722 Y118.558 E.02179
G1 X117.578 Y118.629 E.00503
G1 E-3.5 F3600
;WIPE_START
G1 F7200
G1 X117.525 Y118.656 E-.02825
G1 X117.1 Y118.869 E-.22581
G1 X116.475 Y119.036 E-.30729
G1 X115.945 Y119.093 E-.2532
G1 X115.293 Y119.064 E-.31001
G1 X114.63 Y118.892 E-.32535
G1 X114.534 Y118.849 E-.05009
;WIPE_END
G1 X114.844 Y117.271 F9000
G1 E5 F2400
;TYPE:Internal infill
;WIDTH:0.44
G1 F900
G1 X115.504 Y117.504 E.02311
G1 X116.014 Y117.519 E.01685
G1 X116.782 Y117.291 E.02645
G1 X117.022 Y117.022 E.0119
G1 X114.281 Y114.281 E.12799
G1 X114.843 Y113.867 E.02305
G1 X115.323 Y113.655 E.01733
G1 X115.708 Y113.592 E.01288
G1 X115.891 Y113.609 E.00607
G1 X115.83 Y113.734 E.00459
G1 X116.662 Y114.338 E.03395
G1 X114.276 Y116.724 E.11141
G1 X114.102 Y116.449 E.01074
G1 X113.719 Y115.268 E.04099
G1 X113.562 Y115.29 E.00523
G1 X113.684 Y114.964 E.01149
G1 X113.859 Y114.711 E.01016
G1 E-3.5 F3600
;WIPE_START
G1 F7200
G1 X113.684 Y114.964 E-.14612
G1 X113.562 Y115.29 E-.16534
G1 X113.719 Y115.268 E-.0753
G1 X114.102 Y116.449 E-.58974
G1 X114.276 Y116.724 E-.15458
G1 X114.825 Y116.175 E-.36892
;WIPE_END
G1 X116.479 Y113.709 F9000
G1 E5 F2400
;TYPE:Solid infill
;WIDTH:0.490511
G1 F900
G1 X116.703 Y113.846 E.00977
;WIDTH:0.531392
G1 X116.926 Y113.984 E.01065
;WIDTH:0.532738
G1 X117.121 Y114.136 E.01007
G1 X117.469 Y114.528 E.02135
;WIDTH:0.524808
G1 X117.717 Y115.003 E.02147
;WIDTH:0.51931
G1 X117.851 Y115.567 E.02296
;WIDTH:0.519412
G1 X117.838 Y116.168 E.02382
G1 X117.67 Y116.765 E.02457
;WIDTH:0.51963
G1 X117.354 Y117.309 E.02494
G1 X116.972 Y117.677 E.02103
;WIDTH:0.505976
G1 X116.392 Y117.889 E.02378
;WIDTH:0.505528
G1 X115.767 Y117.956 E.02418
;WIDTH:0.50592
G1 X115.165 Y117.868 E.02342
;WIDTH:0.50642
G1 X114.632 Y117.645 E.02227
;WIDTH:0.509256
G1 X114.208 Y117.33 E.02048
;WIDTH:0.511056
G1 X113.821 Y116.842 E.02424
;WIDTH:0.521526
G1 X113.693 Y116.604 E.01075
G1 X113.547 Y116.131 E.0197
;LAYER_CHANGE
;Z:22.6
;HEIGHT:0.200001
;BEFORE_LAYER_CHANGE
G92 E0
;22.6


G1 E-3.5 F3600
;WIPE_START
G1 F7200
G1 X113.693 Y116.604 E-.23513
G1 X113.821 Y116.842 E-.12836
G1 X114.208 Y117.33 E-.29584
G1 X114.632 Y117.645 E-.2509
G1 X115.165 Y117.868 E-.27444
G1 X115.767 Y117.956 E-.28899
G1 X115.822 Y117.95 E-.02634
;WIPE_END
G1 Z22.6 F9000
;AFTER_LAYER_CHANGE
;22.6
G1 X115.395 Y118.467
G1 E5 F2400
;TYPE:Perimeter
;WIDTH:0.439999
G1 F900
G1 X115.007 Y118.403 E.01298
G1 X114.484 Y118.194 E.0186
G1 X114.055 Y117.931 E.01661
G1 X113.676 Y117.577 E.01712
G1 X113.36 Y117.16 E.01727
G1 X113.151 Y116.718 E.01614
G1 X113.015 Y116.229 E.01676
G1 X112.992 Y115.59 E.02111
G1 X113.125 Y114.985 E.02045
G1 X113.397 Y114.451 E.01979
G1 X113.78 Y114.018 E.01909
G1 X114.217 Y113.721 E.01745
G1 X114.753 Y113.531 E.01878
G1 X115.346 Y113.481 E.01965
G1 X115.963 Y113.487 E.02037
G1 X116.534 Y113.61 E.01929
G1 X116.996 Y113.845 E.01711
G1 X117.424 Y114.22 E.01879
G1 X117.755 Y114.708 E.01947
G1 X117.96 Y115.281 E.02009
G1 X118.012 Y115.737 E.01515
G1 X118.002 Y116.055 E.0105
G1 X117.911 Y116.548 E.01655
G1 X117.726 Y116.996 E.016
G1 X117.445 Y117.442 E.0174
G1 X117.06 Y117.833 E.01812
G1 X116.647 Y118.129 E.01678
G1 X116.153 Y118.348 E.01784
G1 X115.5 Y118.485 E.02203
G1 X115.454 Y118.477 E.00154
G1 X115.338 Y118.86 F9000
G1 F900
G1 X115.109 Y118.823 E.00766
G1 X114.676 Y118.709 E.01478
G1 X114.155 Y118.474 E.01887
G1 X113.645 Y118.103 E.02082
G1 X113.243 Y117.689 E.01905
G1 X112.922 Y117.179 E.0199
G1 X112.708 Y116.662 E.01847
G1 X112.603 Y116.094 E.01907
G1 X112.596 Y115.554 E.01783
G1 X112.704 Y115.013 E.01821
G1 X112.891 Y114.527 E.01719
G1 X113.167 Y114.099 E.01681
G1 X113.518 Y113.718 E.0171
G1 X114.049 Y113.359 E.02116
G1 X114.669 Y113.14 E.02171
G1 X115.331 Y113.083 E.02194
G1 X116.007 Y113.091 E.02232
G1 X116.655 Y113.23 E.02188
G1 X117.218 Y113.515 E.02083
G1 X117.608 Y113.844 E.01685
G1 X117.932 Y114.228 E.01659
G1 X118.183 Y114.697 E.01756
G1 X118.349 Y115.195 E.01733
G1 X118.409 Y115.749 E.0184
G1 X118.377 Y116.293 E.01799
G1 X118.221 Y116.855 E.01926
G1 X117.981 Y117.366 E.01864
G1 X117.611 Y117.851 E.02014
G1 X117.186 Y118.249 E.01922
G1 X116.618 Y118.586 E.02181
G1 X116.091 Y118.789 E.01865
G1 X115.5 Y118.887 E.01978
G1 X115.397 Y118.87 E.00345
G1 X115.283 Y119.244 F9000
;TYPE:External perimeter
;WIDTH:0.419999
G1 F900
G1 X114.814 Y119.166 E.01491
G1 X114.211 Y118.933 E.02027
G1 X113.748 Y118.669 E.01671
G1 X113.238 Y118.262 E.02046
G1 X112.803 Y117.733 E.02147
G1 X112.485 Y117.178 E.02006
G1 X112.285 Y116.55 E.02066
G1 X112.198 Y115.936 E.01944
G1 X112.243 Y115.304 E.01987
G1 X112.386 Y114.72 E.01885
G1 X112.652 Y114.17 E.01916
G1 X112.988 Y113.7 E.01811
G1 X113.447 Y113.284 E.01942
G1 X113.885 Y113.006 E.01627
G1 X114.587 Y112.759 E.02333
G1 X115.317 Y112.696 E.02297
G1 X116.05 Y112.704 E.02298
G1 X116.467 Y112.794 E.01338
G1 X116.975 Y112.946 E.01663
G1 X117.435 Y113.193 E.01637
G1 X117.881 Y113.57 E.01831
G1 X118.253 Y114.009 E.01804
G1 X118.538 Y114.543 E.01898
G1 X118.727 Y115.112 E.0188
G1 X118.802 Y115.936 E.02594
G1 X118.709 Y116.577 E.02031
G1 X118.515 Y117.178 E.0198
G1 X118.178 Y117.762 E.02114
G1 X117.762 Y118.262 E.02039
G1 X117.252 Y118.669 E.02046
G1 X116.789 Y118.933 E.01671
G1 X116.186 Y119.166 E.02027
G1 X115.5 Y119.279 E.0218
G1 X115.342 Y119.253 E.00502
G1 X114.81 Y117.476 F9000
;TYPE:Internal infill
;WIDTH:0.44
G1 F900
G1 X115.484 Y117.703 E.02348
G1 X115.783 Y117.644 E.01006
G1 X116.485 Y117.291 E.02594
G1 X116.879 Y116.879 E.01882
G1 X114.132 Y114.132 E.12827
G1 X114.817 Y113.833 E.02468
G1 X115.463 Y113.788 E.02138
G1 X115.929 Y113.793 E.01539
G1 X116.441 Y113.903 E.01729
G1 X116.868 Y114.132 E.016
G1 X114.121 Y116.879 E.12827
G1 X113.839 Y116.304 E.02115
G1 X113.786 Y115.598 E.02338
G1 X114.082 Y114.615 E.0339
G1 X113.549 Y114.862 F9000
;TYPE:Solid infill
;WIDTH:0.523784
G1 F900
G1 X113.382 Y115.356 E.02085
;WIDTH:0.545926
G1 X113.344 Y115.895 E.0226
G1 X113.431 Y116.446 E.02333
;WIDTH:0.53924
G1 X113.666 Y116.976 E.02393
;WIDTH:0.54055
G1 X114.038 Y117.445 E.02477
;WIDTH:0.541286
G1 X114.532 Y117.818 E.02565
G1 X115.103 Y118.058 E.02567
;WIDTH:0.54105
G1 X115.5 Y118.133 E.01673
;WIDTH:0.523494
G1 X115.937 Y118.055 E.01774
G1 X116.458 Y117.822 E.02281
;WIDTH:0.50566
G1 X116.952 Y117.451 E.02377
;WIDTH:0.50621
G1 X117.327 Y116.984 E.02307
;WIDTH:0.506762
G1 X117.564 Y116.456 E.02232
;WIDTH:0.510052
G1 X117.655 Y115.929 E.02077
;WIDTH:0.512582
G1 X117.601 Y115.33 E.02349
G1 X117.472 Y114.977 E.01468
;WIDTH:0.480833
G1 X117.344 Y114.624 E.01367
;LAYER_CHANGE
;Z:22.8
;HEIGHT:0.199999
;BEFORE_LAYER_CHANGE
G92 E0
;22.8


G1 E-3.5 F3600
;WIPE_START
G1 F7200
G1 X117.472 Y114.977 E-.17836
G1 X117.601 Y115.33 E-.17852
G1 X117.655 Y115.929 E-.28568
G1 X117.564 Y116.456 E-.25403
G1 X117.327 Y116.984 E-.27491
G1 X116.952 Y117.451 E-.28449
G1 X116.878 Y117.507 E-.04401
;WIPE_END
G1 Z22.8 F9000
;AFTER_LAYER_CHANGE
;22.8
G1 X113.843 Y117.958
G1 E5 F2400
;TYPE:Perimeter
;WIDTH:0.439999
G1 F900
G1 X113.746 Y117.915 E.0035
G1 X113.298 Y117.421 E.02202
G1 X113.027 Y116.953 E.01786
G1 X112.856 Y116.425 E.01832
G1 X112.785 Y115.928 E.01658
G1 X112.815 Y115.434 E.01634
G1 X112.933 Y114.931 E.01706
G1 X113.224 Y114.351 E.02143
G1 X113.639 Y113.877 E.0208
G1 X114.142 Y113.534 E.0201
G1 X114.696 Y113.334 E.01945
G1 X115.231 Y113.283 E.01774
G1 X115.803 Y113.376 E.01913
G1 X116.304 Y113.597 E.01808
G1 X117.061 Y114.148 E.03091
G1 X117.273 Y114.385 E.0105
G1 X117.572 Y114.786 E.01652
G1 X117.763 Y115.312 E.01848
G1 X117.818 Y115.888 E.0191
G1 X117.724 Y116.48 E.01979
G1 X117.476 Y117.047 E.02043
G1 X117.198 Y117.42 E.01536
G1 X116.834 Y117.765 E.01656
G1 X116.422 Y118.018 E.01596
G1 X115.932 Y118.215 E.01744
G1 X115.391 Y118.304 E.0181
G1 X114.882 Y118.301 E.01681
G1 X114.354 Y118.188 E.01783
G1 X113.898 Y117.983 E.01651
G1 X113.656 Y118.314 F9000
G1 F900
G1 X113.509 Y118.24 E.00543
G1 X113.089 Y117.814 E.01975
G1 X112.743 Y117.266 E.0214
G1 X112.521 Y116.733 E.01906
G1 X112.406 Y116.123 E.0205
G1 X112.396 Y115.551 E.01889
G1 X112.51 Y114.968 E.01961
G1 X112.706 Y114.451 E.01826
G1 X113.014 Y113.973 E.01877
G1 X113.375 Y113.579 E.01764
G1 X113.819 Y113.263 E.01799
G1 X114.28 Y113.041 E.01689
G1 X114.758 Y112.922 E.01626
G1 X115.258 Y112.885 E.01655
G1 X115.917 Y112.993 E.02205
G1 X116.503 Y113.251 E.02114
G1 X117.329 Y113.851 E.03371
G1 X117.768 Y114.343 E.02177
G1 X117.974 Y114.716 E.01407
G1 X118.151 Y115.224 E.01776
G1 X118.216 Y115.9 E.02242
G1 X118.142 Y116.427 E.01757
G1 X117.984 Y116.928 E.01734
G1 X117.708 Y117.412 E.0184
G1 X117.361 Y117.833 E.01801
G1 X116.905 Y118.196 E.01924
G1 X116.41 Y118.468 E.01865
G1 X115.826 Y118.643 E.02013
G1 X115.248 Y118.714 E.01923
G1 X114.59 Y118.654 E.02182
G1 X114.044 Y118.508 E.01866
G1 X113.71 Y118.341 E.01233
G1 X113.475 Y118.656 F9000
;TYPE:External perimeter
;WIDTH:0.419999
G1 F900
G1 X113.278 Y118.558 E.0069
G1 X112.79 Y118.063 E.02179
G1 X112.4 Y117.446 E.02289
G1 X112.15 Y116.845 E.02041
G1 X112.021 Y116.163 E.02176
G1 X112.01 Y115.518 E.02023
G1 X112.138 Y114.863 E.02093
G1 X112.359 Y114.277 E.01964
G1 X112.707 Y113.737 E.02014
G1 X113.117 Y113.289 E.01904
G1 X113.622 Y112.93 E.01943
G1 X114.149 Y112.676 E.01834
G1 X114.76 Y112.53 E.0197
G1 X115.284 Y112.497 E.01646
G1 X116.028 Y112.619 E.02364
G1 X116.697 Y112.914 E.02292
G1 X117.59 Y113.562 E.03459
G1 X118.081 Y114.112 E.02312
G1 X118.353 Y114.615 E.01793
G1 X118.529 Y115.138 E.0173
G1 X118.597 Y115.705 E.01791
G1 X118.584 Y116.118 E.01296
G1 X118.478 Y116.7 E.01855
G1 X118.241 Y117.275 E.0195
G1 X117.915 Y117.794 E.01922
G1 X117.463 Y118.258 E.02031
G1 X116.953 Y118.63 E.01979
G1 X116.337 Y118.904 E.02114
G1 X115.707 Y119.064 E.02038
G1 X115.055 Y119.093 E.02046
G1 X114.525 Y119.036 E.01671
G1 X113.9 Y118.869 E.02028
G1 X113.529 Y118.683 E.01301
G1 E-3.5 F3600
;WIPE_START
G1 F7200
G1 X113.475 Y118.656 E-.02868
G1 X113.278 Y118.558 E-.10451
G1 X112.79 Y118.063 E-.33017
G1 X112.4 Y117.446 E-.34671
G1 X112.15 Y116.845 E-.30919
G1 X112.021 Y116.163 E-.32969
G1 X112.019 Y116.056 E-.05105
;WIPE_END
G1 X113.682 Y116.455 F9000
G1 E5 F2400
;TYPE:Internal infill
;WIDTH:0.44
G1 F900
G1 X113.572 Y115.876 E.01946
G1 X113.683 Y115.174 E.02347
G1 X114.031 Y114.608 E.02194
G1 X114.34 Y114.34 E.01351
G1 X116.726 Y116.726 E.11141
G1 X116.911 Y116.407 E.01218
G1 X117.281 Y115.268 E.03954
G1 X117.438 Y115.29 E.00523
G1 X117.2 Y114.761 E.01915
G1 X116.721 Y114.279 E.02244
G1 X113.978 Y117.022 E.12808
G1 X114.218 Y117.291 E.0119
G1 X114.986 Y117.519 E.02645
G1 X115.496 Y117.504 E.01685
G1 X116.156 Y117.271 E.02311
G1 X117.507 Y115.875 F9000
;TYPE:Solid infill
;WIDTH:0.489626
G1 F900
G1 X117.446 Y116.128 E.00967
;WIDTH:0.53017
G1 X117.385 Y116.38 E.0105
;WIDTH:0.545626
G1 X117.166 Y116.862 E.02213
G1 X116.83 Y117.296 E.02294
;WIDTH:0.539584
G1 X116.378 Y117.641 E.02348
;WIDTH:0.540296
G1 X115.835 Y117.87 E.02437
;WIDTH:0.540994
G1 X115.233 Y117.958 E.0252
;WIDTH:0.541932
G1 X114.6 Y117.89 E.02642
G1 X114.297 Y117.803 E.01308
;WIDTH:0.521838
G1 X113.866 Y117.553 E.01984
;WIDTH:0.507542
G1 X113.503 Y117.087 E.02282
;WIDTH:0.505528
G1 X113.246 Y116.513 E.02419
;WIDTH:0.505922
G1 X113.144 Y115.913 E.02343
;WIDTH:0.506424
G1 X113.192 Y115.337 E.02228
;WIDTH:0.509256
G1 X113.36 Y114.837 E.02045
;WIDTH:0.515656
G1 X113.681 Y114.35 E.02293
G1 X114.151 Y113.936 E.02462
;WIDTH:0.50484
G1 X114.295 Y113.835 E.00676
;LAYER_CHANGE
;Z:23
;HEIGHT:0.200001
;BEFORE_LAYER_CHANGE
G92 E0
;23


G1 E-3.5 F3600
;WIPE_START
G1 F7200
G1 X114.151 Y113.936 E-.08355
G1 X113.681 Y114.35 E-.29751
G1 X113.36 Y114.837 E-.27706
G1 X113.192 Y115.337 E-.25055
G1 X113.144 Y115.913 E-.27455
G1 X113.246 Y116.513 E-.28909
G1 X113.27 Y116.566 E-.02769
;WIPE_END
G1 Z23 F9000
;AFTER_LAYER_CHANGE
;23
G1 X112.645 Y116.317
G1 E5 F2400
;TYPE:Perimeter
;WIDTH:0.439999
G1 F900
G1 X112.587 Y115.928 E.01299
G1 X112.624 Y115.366 E.0186
G1 X112.741 Y114.877 E.0166
G1 X112.96 Y114.409 E.01706
G1 X113.259 Y113.978 E.01732
G1 X113.616 Y113.643 E.01616
G1 X114.039 Y113.362 E.01677
G1 X114.639 Y113.143 E.02109
G1 X115.255 Y113.082 E.02044
G1 X115.847 Y113.176 E.01979
G1 X116.269 Y113.35 E.01507
G1 X116.685 Y113.631 E.01658
G1 X116.984 Y113.975 E.01505
G1 X117.259 Y114.403 E.0168
G1 X117.558 Y115.324 E.03197
G1 X117.595 Y116.14 E.02697
G1 X117.441 Y116.678 E.01848
G1 X117.147 Y117.176 E.01909
G1 X116.723 Y117.6 E.0198
G1 X116.189 Y117.913 E.02044
G1 X115.745 Y118.051 E.01535
G1 X115.248 Y118.117 E.01655
G1 X114.765 Y118.079 E.016
G1 X114.254 Y117.95 E.0174
G1 X113.764 Y117.704 E.0181
G1 X113.354 Y117.403 E.01679
G1 X112.993 Y117.001 E.01784
G1 X112.661 Y116.422 E.02204
G1 X112.654 Y116.376 E.00154
G1 X112.254 Y116.384 F9000
G1 F900
G1 X112.219 Y116.155 E.00765
G1 X112.193 Y115.708 E.01478
G1 X112.256 Y115.14 E.01887
G1 X112.452 Y114.54 E.02084
G1 X112.721 Y114.03 E.01904
G1 X113.107 Y113.567 E.0199
G1 X113.532 Y113.203 E.01848
G1 X114.039 Y112.929 E.01903
G1 X114.551 Y112.755 E.01785
G1 X115.099 Y112.69 E.01822
G1 X115.619 Y112.718 E.01719
G1 X116.111 Y112.849 E.01681
G1 X116.582 Y113.064 E.01709
G1 X117.088 Y113.458 E.02117
G1 X117.4 Y113.866 E.01696
G1 X117.627 Y114.253 E.01481
G1 X117.949 Y115.241 E.03431
G1 X117.981 Y115.562 E.01065
G1 X117.999 Y116.079 E.01708
G1 X117.919 Y116.521 E.01483
G1 X117.726 Y116.993 E.01684
G1 X117.462 Y117.42 E.01658
G1 X117.093 Y117.803 E.01756
G1 X116.67 Y118.115 E.01735
G1 X116.162 Y118.344 E.0184
G1 X115.635 Y118.482 E.01799
G1 X115.052 Y118.507 E.01927
G1 X114.492 Y118.436 E.01864
G1 X113.916 Y118.234 E.02015
G1 X113.407 Y117.952 E.01921
G1 X112.91 Y117.517 E.02181
G1 X112.554 Y117.078 E.01866
G1 X112.279 Y116.547 E.01974
G1 X112.263 Y116.444 E.00344
G1 X111.873 Y116.45 F9000
;TYPE:External perimeter
;WIDTH:0.419999
G1 F900
G1 X111.801 Y115.98 E.01491
G1 X111.836 Y115.335 E.02025
G1 X111.945 Y114.813 E.01672
G1 X112.174 Y114.202 E.02046
G1 X112.543 Y113.625 E.02147
G1 X112.972 Y113.151 E.02005
G1 X113.508 Y112.767 E.02067
G1 X114.065 Y112.495 E.01944
G1 X114.68 Y112.342 E.01987
G1 X115.279 Y112.297 E.01883
G1 X115.885 Y112.38 E.01918
G1 X116.436 Y112.554 E.01812
G1 X116.973 Y112.863 E.01943
G1 X117.373 Y113.194 E.01628
G1 X117.708 Y113.631 E.01726
G1 X117.987 Y114.106 E.01727
G1 X118.329 Y115.161 E.03477
G1 X118.373 Y115.584 E.01333
G1 X118.372 Y116.259 E.02116
G1 X118.224 Y116.818 E.01813
G1 X117.988 Y117.333 E.01776
G1 X117.632 Y117.813 E.01874
G1 X117.204 Y118.221 E.01854
G1 X116.674 Y118.547 E.01951
G1 X116.106 Y118.775 E.01919
G1 X115.467 Y118.885 E.02033
G1 X114.836 Y118.886 E.01978
G1 X114.176 Y118.745 E.02116
G1 X113.572 Y118.505 E.02038
G1 X113.028 Y118.146 E.02044
G1 X112.633 Y117.787 E.01674
G1 X112.225 Y117.285 E.02028
G1 X111.906 Y116.668 E.02178
G1 X111.882 Y116.51 E.00501
G1 X113.465 Y116.29 F9000
;TYPE:Internal infill
;WIDTH:0.44
G1 F900
G1 X113.373 Y115.894 E.01342
G1 X113.492 Y115.117 E.02595
G1 X113.719 Y114.671 E.01652
G1 X114.192 Y114.192 E.02223
G1 X116.662 Y116.662 E.11533
G1 X116.109 Y117.063 E.02255
G1 X115.651 Y117.266 E.01654
G1 X115.016 Y117.322 E.02105
G1 X114.547 Y117.218 E.01586
G1 X114.05 Y116.95 E.01864
G1 X116.783 Y114.217 E.12761
G1 X116.975 Y114.519 E.01182
G1 X117.257 Y115.387 E.03013
G1 X117.31 Y115.902 E.01709
G1 X117.184 Y116.462 E.01895
G1 X116.903 Y116.983 F9000
;TYPE:Solid infill
;WIDTH:0.489631
G1 F900
G1 X116.705 Y117.151 E.00965
;WIDTH:0.530168
G1 X116.507 Y117.32 E.01055
;WIDTH:0.545622
G1 X116.047 Y117.581 E.02211
G1 X115.521 Y117.735 E.02291
;WIDTH:0.539584
G1 X114.952 Y117.748 E.0235
;WIDTH:0.540294
G1 X114.378 Y117.614 E.02438
;WIDTH:0.540996
G1 X113.839 Y117.332 E.02519
;WIDTH:0.54193
G1 X113.367 Y116.904 E.02644
G1 X113.173 Y116.657 E.01303
;WIDTH:0.521836
G1 X112.971 Y116.201 E.01986
;WIDTH:0.50754
G1 X112.952 Y115.61 E.02284
;WIDTH:0.50553
G1 X113.081 Y114.995 E.02417
;WIDTH:0.50592
G1 X113.352 Y114.449 E.02347
;WIDTH:0.525636
G1 X113.721 Y114.005 E.02317
G1 X114.155 Y113.702 E.02125
;WIDTH:0.530684
G1 X114.701 Y113.493 E.02371
G1 X115.366 Y113.44 E.02706
;WIDTH:0.519586
G1 X115.563 Y113.457 E.00784
;WIDTH:0.483434
G1 X115.76 Y113.474 E.00724
;LAYER_CHANGE
;Z:23.2
;HEIGHT:0.200001
;BEFORE_LAYER_CHANGE
G92 E0
;23.2


G1 E-3.5 F3600
;WIPE_START
G1 F7200
G1 X115.563 Y113.457 E-.09392
G1 X115.366 Y113.44 E-.09392
G1 X114.701 Y113.493 E-.31688
G1 X114.155 Y113.702 E-.2777
G1 X113.721 Y114.005 E-.25142
G1 X113.352 Y114.449 E-.27423
G1 X113.173 Y114.811 E-.19193
;WIPE_END
G1 Z23.2 F9000
;AFTER_LAYER_CHANGE
;23.2
G1 X112.715 Y114.485
G1 E5 F2400
;TYPE:Perimeter
;WIDTH:0.439999
G1 F900
G1 X112.993 Y113.999 E.01849
G1 X113.354 Y113.597 E.01784
G1 X113.804 Y113.271 E.01835
G1 X114.254 Y113.05 E.01655
G1 X114.734 Y112.926 E.01637
G1 X115.248 Y112.883 E.01703
G1 X115.89 Y112.981 E.02144
G1 X116.468 Y113.228 E.02075
G1 X116.95 Y113.6 E.0201
G1 X117.311 Y114.066 E.01946
G1 X117.536 Y114.589 E.0188
G1 X117.597 Y115.139 E.01827
G1 X117.568 Y115.647 E.0168
G1 X117.269 Y116.567 E.03194
G1 X117.109 Y116.842 E.0105
G1 X116.819 Y117.25 E.01653
G1 X116.378 Y117.594 E.01847
G1 X115.847 Y117.824 E.01911
G1 X115.256 Y117.918 E.01976
G1 X114.639 Y117.857 E.02047
G1 X114.199 Y117.708 E.01534
G1 X113.758 Y117.469 E.01656
G1 X113.39 Y117.155 E.01597
G1 X113.052 Y116.75 E.01742
G1 X112.8 Y116.263 E.0181
G1 X112.645 Y115.778 E.01681
G1 X112.59 Y115.241 E.01782
G1 X112.661 Y114.578 E.02202
G1 X112.685 Y114.537 E.00157
G1 X112.354 Y114.308 F9000
G1 F900
G1 X112.554 Y113.922 E.01435
G1 X112.968 Y113.424 E.02138
G1 X113.407 Y113.048 E.01908
G1 X113.951 Y112.75 E.02048
G1 X114.492 Y112.564 E.01889
G1 X115.082 Y112.492 E.01962
G1 X115.635 Y112.519 E.01828
G1 X116.184 Y112.664 E.01875
G1 X116.67 Y112.885 E.01763
G1 X117.107 Y113.209 E.01796
G1 X117.462 Y113.58 E.01695
G1 X117.725 Y114.004 E.01647
G1 X117.919 Y114.479 E.01694
G1 X117.998 Y115.295 E.02707
G1 X117.954 Y115.741 E.0148
G1 X117.633 Y116.73 E.03433
G1 X117.302 Y117.3 E.02176
G1 X116.857 Y117.748 E.02085
G1 X116.423 Y118.017 E.01686
G1 X115.959 Y118.206 E.01654
G1 X115.435 Y118.3 E.01758
G1 X114.91 Y118.303 E.01733
G1 X114.364 Y118.19 E.01841
G1 X113.856 Y117.991 E.01801
G1 X113.37 Y117.669 E.01925
G1 X112.959 Y117.283 E.01862
G1 X112.611 Y116.781 E.02017
G1 X112.365 Y116.254 E.0192
G1 X112.219 Y115.61 E.0218
G1 X112.189 Y115.045 E.01868
G1 X112.279 Y114.453 E.01977
G1 X112.327 Y114.361 E.00343
G1 X112.007 Y114.137 F9000
;TYPE:External perimeter
;WIDTH:0.419999
G1 F900
G1 X112.225 Y113.715 E.01489
G1 X112.504 Y113.345 E.01453
G1 X112.98 Y112.892 E.0206
G1 X113.397 Y112.601 E.01594
G1 X113.981 Y112.313 E.02042
G1 X114.637 Y112.147 E.02122
G1 X115.267 Y112.098 E.01981
G1 X115.912 Y112.183 E.0204
G1 X116.499 Y112.365 E.01927
G1 X117.044 Y112.671 E.0196
G1 X117.506 Y113.045 E.01864
G1 X117.886 Y113.517 E.019
G1 X118.163 Y114.012 E.01779
G1 X118.323 Y114.518 E.01664
G1 X118.385 Y115.285 E.02413
G1 X118.331 Y115.833 E.01727
G1 X117.988 Y116.889 E.03481
G1 X117.618 Y117.526 E.0231
G1 X117.377 Y117.802 E.01149
G1 X116.928 Y118.168 E.01816
G1 X116.436 Y118.446 E.01772
G1 X115.865 Y118.624 E.01875
G1 X115.279 Y118.703 E.01854
G1 X114.659 Y118.655 E.0195
G1 X114.065 Y118.505 E.01921
G1 X113.484 Y118.219 E.0203
G1 X112.972 Y117.849 E.01981
G1 X112.521 Y117.348 E.02114
G1 X112.174 Y116.798 E.02039
G1 X111.945 Y116.187 E.02046
G1 X111.836 Y115.665 E.01672
G1 X111.801 Y115.02 E.02025
G1 X111.906 Y114.332 E.02182
G1 X111.979 Y114.19 E.00501
G1 X113.465 Y114.71 F9000
;TYPE:Internal infill
;WIDTH:0.44
G1 F900
G1 X113.373 Y115.106 E.01342
G1 X113.492 Y115.883 E.02595
G1 X113.719 Y116.329 E.01652
G1 X114.192 Y116.808 E.02223
G1 X116.662 Y114.338 E.11533
G1 X116.109 Y113.937 E.02255
G1 X115.691 Y113.752 E.01509
G1 X115.016 Y113.678 E.02242
G1 X114.547 Y113.782 E.01586
G1 X114.05 Y114.05 E.01864
G1 X116.787 Y116.787 E.1278
G1 X116.988 Y116.441 E.01321
G1 X117.27 Y115.574 E.0301
G1 X117.284 Y114.866 E.02338
G1 X117.183 Y114.539 E.0113
G1 X116.704 Y113.837 F9000
;TYPE:Solid infill
;WIDTH:0.512972
G1 F900
G1 X116.294 Y113.544 E.0197
;WIDTH:0.515844
G1 X115.832 Y113.342 E.01983
G1 X115.248 Y113.244 E.02329
;WIDTH:0.52372
G1 X114.708 Y113.283 E.02164
G1 X114.153 Y113.478 E.02352
;WIDTH:0.518268
G1 X113.636 Y113.82 E.0245
;WIDTH:0.519634
G1 X113.207 Y114.296 E.0254
G1 X112.974 Y114.773 E.02104
;WIDTH:0.525816
G1 X112.941 Y115.378 E.02433
G1 X113.069 Y115.996 E.02534
;WIDTH:0.52353
G1 X113.337 Y116.545 E.02441
G1 X113.722 Y116.994 E.02364
G1 X114.19 Y117.32 E.02279
;WIDTH:0.545626
G1 X114.719 Y117.506 E.02344
G1 X115.245 Y117.565 E.02212
;WIDTH:0.53017
G1 X115.504 Y117.544 E.01053
;WIDTH:0.489631
G1 X115.764 Y117.524 E.00969
;LAYER_CHANGE
;Z:23.4
;HEIGHT:0.199999
;BEFORE_LAYER_CHANGE
G92 E0
;23.4


G1 E-3.5 F3600
;WIPE_START
G1 F7200
G1 X115.504 Y117.544 E-.12386
G1 X115.245 Y117.565 E-.12343
G1 X114.719 Y117.506 E-.25142
G1 X114.19 Y117.32 E-.26635
G1 X113.722 Y116.994 E-.27092
G1 X113.337 Y116.545 E-.28094
G1 X113.168 Y116.199 E-.18308
;WIPE_END
G1 Z23.4 F9000
;AFTER_LAYER_CHANGE
;23.4
G1 X113.674 Y113.165
G1 E5 F2400
;TYPE:Perimeter
;WIDTH:0.439999
G1 F900
G1 X113.746 Y113.085 E.00355
G1 X114.354 Y112.812 E.02201
G1 X114.873 Y112.7 E.01753
G1 X115.434 Y112.701 E.01852
G1 X115.932 Y112.785 E.01667
G1 X116.393 Y112.967 E.01636
G1 X116.834 Y113.235 E.01704
G1 X117.296 Y113.691 E.02143
G1 X117.619 Y114.231 E.02078
G1 X117.79 Y114.816 E.02012
G1 X117.814 Y115.249 E.01432
G1 X117.782 Y115.567 E.01055
G1 X117.643 Y116.05 E.01659
G1 X117.409 Y116.44 E.01502
G1 X117.086 Y116.834 E.01682
G1 X116.304 Y117.403 E.03193
G1 X116.013 Y117.531 E.0105
G1 X115.539 Y117.691 E.01652
G1 X114.98 Y117.71 E.01847
G1 X114.415 Y117.585 E.01911
G1 X113.881 Y117.312 E.0198
G1 X113.418 Y116.901 E.02044
G1 X113.15 Y116.522 E.01533
G1 X112.933 Y116.069 E.01658
G1 X112.82 Y115.598 E.01599
G1 X112.785 Y115.072 E.01741
G1 X112.867 Y114.529 E.01813
G1 X113.027 Y114.047 E.01677
G1 X113.298 Y113.579 E.01786
G1 X113.634 Y113.209 E.0165
G1 X113.394 Y112.877 F9000
G1 F900
G1 X113.509 Y112.76 E.00542
G1 X113.863 Y112.582 E.01308
G1 X114.28 Y112.42 E.01477
G1 X114.835 Y112.304 E.01872
G1 X115.466 Y112.305 E.02083
G1 X116.039 Y112.402 E.01919
G1 X116.599 Y112.626 E.01991
G1 X117.076 Y112.919 E.01848
G1 X117.494 Y113.316 E.01903
G1 X117.818 Y113.749 E.01786
G1 X118.048 Y114.25 E.0182
G1 X118.183 Y114.753 E.0172
G1 X118.21 Y115.262 E.01683
G1 X118.151 Y115.776 E.01708
G1 X117.932 Y116.379 E.02118
G1 X117.641 Y116.802 E.01695
G1 X117.344 Y117.138 E.01481
G1 X116.503 Y117.749 E.03432
G1 X115.9 Y118.015 E.02176
G1 X115.277 Y118.116 E.02084
G1 X114.768 Y118.079 E.01685
G1 X114.28 Y117.959 E.01659
G1 X113.802 Y117.727 E.01754
G1 X113.375 Y117.421 E.01734
G1 X113 Y117.009 E.01839
G1 X112.706 Y116.549 E.01803
G1 X112.502 Y116.003 E.01924
G1 X112.396 Y115.449 E.01862
G1 X112.41 Y114.838 E.02018
G1 X112.521 Y114.267 E.01921
G1 X112.781 Y113.66 E.0218
G1 X113.089 Y113.186 E.01866
G1 X113.352 Y112.919 E.01237
G1 X113.124 Y112.599 F9000
;TYPE:External perimeter
;WIDTH:0.419999
G1 F900
G1 X113.278 Y112.442 E.0069
G1 X113.69 Y112.236 E.01444
G1 X114.167 Y112.049 E.01606
G1 X114.797 Y111.918 E.02018
G1 X115.497 Y111.919 E.02195
G1 X116.144 Y112.029 E.02058
G1 X116.772 Y112.28 E.0212
G1 X117.312 Y112.611 E.01986
G1 X117.783 Y113.059 E.02038
G1 X118.151 Y113.551 E.01926
G1 X118.412 Y114.119 E.0196
G1 X118.566 Y114.692 E.0186
G1 X118.591 Y115.48 E.02472
G1 X118.463 Y116.086 E.01942
G1 X118.272 Y116.569 E.01629
G1 X117.96 Y117.022 E.01725
G1 X117.595 Y117.434 E.01726
G1 X116.697 Y118.086 E.03479
G1 X116.022 Y118.384 E.02313
G1 X115.666 Y118.466 E.01145
G1 X115.088 Y118.498 E.01815
G1 X114.526 Y118.433 E.01774
G1 X113.959 Y118.242 E.01876
G1 X113.439 Y117.961 E.01853
G1 X112.965 Y117.558 E.01951
G1 X112.572 Y117.088 E.01921
G1 X112.271 Y116.515 E.02029
G1 X112.075 Y115.914 E.01982
G1 X112.004 Y115.244 E.02112
G1 X112.046 Y114.595 E.02039
G1 X112.22 Y113.967 E.02043
G1 X112.439 Y113.48 E.01674
G1 X112.79 Y112.937 E.02027
G1 X113.082 Y112.642 E.01301
G1 X113.681 Y114.546 F9000
;TYPE:Internal infill
;WIDTH:0.44
G1 F900
G1 X113.572 Y115.124 E.01942
G1 X113.683 Y115.826 E.02347
G1 X113.867 Y116.189 E.01344
G1 X114.336 Y116.664 E.02204
G1 X116.724 Y114.276 E.1115
G1 X116.898 Y114.551 E.01074
G1 X117.281 Y115.732 E.04099
G1 X117.438 Y115.71 E.00523
G1 X117.316 Y116.036 E.01149
G1 X117.008 Y116.482 E.0179
G1 X116.721 Y116.721 E.01233
G1 X113.978 Y113.978 E.12808
G1 X114.218 Y113.709 E.0119
G1 X114.982 Y113.481 E.02632
G1 X115.742 Y113.551 E.0252
G1 X116.157 Y113.73 E.01492
G1 E-3.5 F3600
;WIPE_START
G1 F7200
G1 X115.742 Y113.551 E-.21468
G1 X114.982 Y113.481 E-.36253
G1 X114.218 Y113.709 E-.37872
G1 X113.978 Y113.978 E-.17124
G1 X114.533 Y114.533 E-.37283
;WIPE_END
G1 X114.522 Y117.291 F9000
G1 E5 F2400
;TYPE:Solid infill
;WIDTH:0.488841
G1 F900
G1 X114.301 Y117.156 E.0096
;WIDTH:0.526924
G1 X114.079 Y117.022 E.01044
;WIDTH:0.545538
G1 X113.69 Y116.664 E.02209
G1 X113.392 Y116.244 E.02152
;WIDTH:0.519436
G1 X113.199 Y115.722 E.02205
G1 X113.136 Y115.135 E.02339
G1 X113.226 Y114.531 E.0242
G1 X113.473 Y113.951 E.02498
G1 X113.866 Y113.446 E.02535
;WIDTH:0.522554
G1 X114.315 Y113.188 E.02065
;WIDTH:0.524086
G1 X114.906 Y113.049 E.02429
G1 X115.413 Y113.049 E.02028
;WIDTH:0.522342
G1 X115.895 Y113.143 E.01958
;WIDTH:0.523448
G1 X116.372 Y113.347 E.02073
G1 X116.795 Y113.665 E.02114
;WIDTH:0.530944
G1 X117.173 Y114.134 E.02444
G1 X117.385 Y114.62 E.02152
G1 X117.445 Y114.872 E.01051
;WIDTH:0.49013
G1 X117.506 Y115.125 E.00968
;LAYER_CHANGE
;Z:23.6
;HEIGHT:0.200001
;BEFORE_LAYER_CHANGE
G92 E0
;23.6


G1 E-3.5 F3600
;WIPE_START
G1 F7200
G1 X117.445 Y114.872 E-.12362
G1 X117.385 Y114.62 E-.12305
G1 X117.173 Y114.134 E-.25186
G1 X116.795 Y113.665 E-.28612
G1 X116.372 Y113.347 E-.25137
G1 X115.895 Y113.143 E-.24643
G1 X115.446 Y113.055 E-.21755
;WIPE_END
G1 Z23.6 F9000
;AFTER_LAYER_CHANGE
;23.6
G1 X115.605 Y112.533
G1 E5 F2400
;TYPE:Perimeter
;WIDTH:0.439999
G1 F900
G1 X115.993 Y112.597 E.01298
G1 X116.516 Y112.806 E.0186
G1 X116.945 Y113.069 E.01661
G1 X117.322 Y113.421 E.01703
G1 X117.64 Y113.84 E.01737
G1 X117.849 Y114.282 E.01614
G1 X117.985 Y114.771 E.01676
G1 X118.008 Y115.41 E.02111
G1 X117.875 Y116.015 E.02045
G1 X117.603 Y116.549 E.01979
G1 X117.307 Y116.896 E.01506
G1 X116.911 Y117.205 E.01658
G1 X116.491 Y117.382 E.01505
G1 X115.999 Y117.512 E.0168
G1 X115.032 Y117.512 E.03193
G1 X114.721 Y117.445 E.0105
G1 X114.244 Y117.295 E.01651
G1 X113.78 Y116.982 E.01848
G1 X113.397 Y116.549 E.01909
G1 X113.125 Y116.015 E.01979
G1 X112.992 Y115.41 E.02045
G1 X112.998 Y114.945 E.01535
G1 X113.089 Y114.452 E.01655
G1 X113.274 Y114.004 E.016
G1 X113.555 Y113.558 E.0174
G1 X113.94 Y113.167 E.01812
G1 X114.353 Y112.871 E.01678
G1 X114.847 Y112.652 E.01784
G1 X115.5 Y112.515 E.02203
G1 X115.546 Y112.523 E.00154
G1 X115.662 Y112.14 F9000
G1 F900
G1 X116.091 Y112.211 E.01436
G1 X116.692 Y112.45 E.02135
G1 X117.186 Y112.751 E.0191
G1 X117.637 Y113.177 E.02048
G1 X117.981 Y113.634 E.01889
G1 X118.232 Y114.173 E.01963
G1 X118.377 Y114.707 E.01827
G1 X118.404 Y115.446 E.02442
G1 X118.296 Y115.987 E.01821
G1 X118.109 Y116.473 E.01719
G1 X117.833 Y116.901 E.01681
G1 X117.482 Y117.282 E.0171
G1 X116.951 Y117.641 E.02116
G1 X116.467 Y117.812 E.01695
G1 X116.029 Y117.909 E.01481
G1 X114.99 Y117.909 E.0343
G1 X114.345 Y117.77 E.02179
G1 X113.782 Y117.485 E.02083
G1 X113.392 Y117.156 E.01685
G1 X113.068 Y116.772 E.01659
G1 X112.817 Y116.303 E.01756
G1 X112.651 Y115.805 E.01733
G1 X112.591 Y115.251 E.0184
G1 X112.623 Y114.707 E.01799
G1 X112.779 Y114.145 E.01926
G1 X113.019 Y113.634 E.01864
G1 X113.389 Y113.149 E.02014
G1 X113.814 Y112.751 E.01922
G1 X114.382 Y112.414 E.02181
G1 X114.909 Y112.211 E.01865
G1 X115.5 Y112.113 E.01978
G1 X115.603 Y112.13 E.00345
G1 X115.717 Y111.756 F9000
;TYPE:External perimeter
;WIDTH:0.419999
G1 F900
G1 X116.186 Y111.834 E.01491
G1 X116.864 Y112.103 E.02287
G1 X117.42 Y112.442 E.02042
G1 X117.925 Y112.919 E.02178
G1 X118.313 Y113.434 E.02022
G1 X118.595 Y114.039 E.02093
G1 X118.76 Y114.644 E.01966
G1 X118.796 Y115.262 E.01941
G1 X118.757 Y115.696 E.01366
G1 X118.614 Y116.28 E.01885
G1 X118.348 Y116.83 E.01916
G1 X118.012 Y117.3 E.01811
G1 X117.553 Y117.716 E.01942
G1 X117.115 Y117.994 E.01627
G1 X116.595 Y118.177 E.01728
G1 X116.058 Y118.296 E.01725
G1 X114.948 Y118.296 E.0348
G1 X114.228 Y118.14 E.0231
G1 X113.891 Y117.997 E.01148
G1 X113.404 Y117.683 E.01817
G1 X112.988 Y117.3 E.01773
G1 X112.642 Y116.813 E.01873
G1 X112.386 Y116.28 E.01854
G1 X112.24 Y115.675 E.01951
G1 X112.198 Y115.064 E.0192
G1 X112.291 Y114.423 E.02031
G1 X112.485 Y113.822 E.0198
G1 X112.822 Y113.238 E.02114
G1 X113.238 Y112.738 E.02039
G1 X113.748 Y112.331 E.02046
G1 X114.211 Y112.067 E.01671
G1 X114.814 Y111.834 E.02027
G1 X115.5 Y111.721 E.0218
G1 X115.658 Y111.747 E.00502
G1 X116.19 Y113.524 F9000
;TYPE:Internal infill
;WIDTH:0.44
G1 F900
G1 X115.516 Y113.297 E.02348
G1 X115.217 Y113.356 E.01006
G1 X114.515 Y113.709 E.02594
G1 X114.121 Y114.121 E.01882
G1 X116.868 Y116.868 E.12827
G1 X116.143 Y117.181 E.02607
G1 X115.064 Y117.206 E.03564
G1 X114.559 Y117.097 E.01706
G1 X114.132 Y116.868 E.016
G1 X116.879 Y114.121 E.12827
G1 X117.161 Y114.696 E.02115
G1 X117.214 Y115.402 E.02338
G1 X116.918 Y116.385 E.0339
G1 E-3.5 F3600
;WIPE_START
G1 F7200
G1 X117.214 Y115.402 E-.48763
G1 X117.161 Y114.696 E-.33629
G1 X116.879 Y114.121 E-.3042
G1 X116.325 Y114.675 E-.37188
;WIPE_END
G1 X113.656 Y116.376 F9000
G1 E5 F2400
;TYPE:Solid infill
;WIDTH:0.489629
G1 F900
G1 X113.557 Y116.136 E.00964
;WIDTH:0.530174
G1 X113.458 Y115.896 E.01052
;WIDTH:0.545628
G1 X113.351 Y115.377 E.02215
G1 X113.368 Y114.829 E.02292
;WIDTH:0.539586
G1 X113.531 Y114.284 E.02349
;WIDTH:0.540292
G1 X113.836 Y113.78 E.02436
;WIDTH:0.540992
G1 X114.271 Y113.354 E.02522
;WIDTH:0.541938
G1 X114.824 Y113.037 E.02645
G1 X115.119 Y112.93 E.01302
;WIDTH:0.521842
G1 X115.615 Y112.878 E.01986
;WIDTH:0.50755
G1 X116.183 Y113.043 E.02285
;WIDTH:0.505534
G1 X116.728 Y113.356 E.02418
;WIDTH:0.50592
G1 X117.163 Y113.782 E.02344
;WIDTH:0.50642
G1 X117.463 Y114.275 E.02224
;WIDTH:0.509254
G1 X117.621 Y114.779 E.02048
;WIDTH:0.511052
G1 X117.647 Y115.401 E.02423
;WIDTH:0.521528
G1 X117.611 Y115.669 E.01076
G1 X117.451 Y116.138 E.01972
;LAYER_CHANGE
;Z:23.8
;HEIGHT:0.199999
;BEFORE_LAYER_CHANGE
G92 E0
;23.8


G1 E-3.5 F3600
;WIPE_START
G1 F7200
G1 X117.611 Y115.669 E-.23538
G1 X117.647 Y115.401 E-.12844
G1 X117.621 Y114.779 E-.29571
G1 X117.463 Y114.275 E-.25089
G1 X117.163 Y113.782 E-.27412
G1 X116.728 Y113.356 E-.2892
G1 X116.68 Y113.328 E-.02626
;WIPE_END
G1 Z23.8 F9000
;AFTER_LAYER_CHANGE
;23.8
G1 X117.329 Y113.161
G1 E5 F2400
;TYPE:Perimeter
;WIDTH:0.439999
G1 F900
G1 X117.487 Y113.321 E.00742
G1 X117.804 Y113.726 E.01698
G1 X118.045 Y114.241 E.01877
G1 X118.179 Y114.726 E.01661
G1 X118.208 Y115.415 E.02277
G1 X118.116 Y115.895 E.01614
G1 X117.938 Y116.371 E.01678
G1 X117.582 Y116.901 E.02108
G1 X117.119 Y117.312 E.02044
G1 X116.585 Y117.585 E.0198
G1 X116.02 Y117.71 E.01911
G1 X115.492 Y117.694 E.01744
G1 X114.947 Y117.532 E.01877
G1 X114.438 Y117.224 E.01964
G1 X113.943 Y116.856 E.02037
G1 X113.727 Y116.615 E.01069
G1 X113.428 Y116.214 E.01652
G1 X113.237 Y115.688 E.01848
G1 X113.182 Y115.112 E.0191
G1 X113.276 Y114.52 E.01979
G1 X113.524 Y113.953 E.02043
G1 X113.802 Y113.58 E.01536
G1 X114.166 Y113.235 E.01656
G1 X114.579 Y112.982 E.01599
G1 X115.068 Y112.785 E.01741
G1 X115.563 Y112.7 E.01658
G1 X116.068 Y112.698 E.01667
G1 X116.646 Y112.812 E.01945
G1 X117.254 Y113.085 E.02201
G1 X117.287 Y113.119 E.00156
G1 X117.606 Y112.877 F9000
G1 F900
G1 X117.769 Y113.042 E.00766
G1 X118.144 Y113.519 E.02003
G1 X118.417 Y114.102 E.02125
G1 X118.571 Y114.66 E.01911
G1 X118.609 Y115.236 E.01906
G1 X118.573 Y115.657 E.01395
G1 X118.442 Y116.201 E.01847
G1 X118.193 Y116.722 E.01907
G1 X117.881 Y117.163 E.01784
G1 X117.475 Y117.538 E.01825
G1 X117.039 Y117.821 E.01716
G1 X116.564 Y118.004 E.01681
G1 X116.056 Y118.106 E.01711
G1 X115.415 Y118.085 E.02118
G1 X114.785 Y117.898 E.0217
G1 X114.216 Y117.554 E.02195
G1 X113.673 Y117.151 E.02233
G1 X113.232 Y116.657 E.02186
G1 X112.943 Y116.096 E.02084
G1 X112.821 Y115.601 E.01683
G1 X112.784 Y115.1 E.01659
G1 X112.858 Y114.573 E.01757
G1 X113.016 Y114.072 E.01734
G1 X113.292 Y113.589 E.01837
G1 X113.639 Y113.167 E.01804
G1 X114.095 Y112.804 E.01924
G1 X114.59 Y112.532 E.01865
G1 X115.174 Y112.357 E.02013
G1 X115.751 Y112.286 E.01919
G1 X116.398 Y112.347 E.02146
G1 X116.956 Y112.492 E.01904
G1 X117.491 Y112.76 E.01976
G1 X117.564 Y112.834 E.00343
G1 X117.876 Y112.599 F9000
;TYPE:External perimeter
;WIDTH:0.419999
G1 F900
G1 X118.21 Y112.937 E.0149
G1 X118.561 Y113.48 E.02027
G1 X118.78 Y113.966 E.01671
G1 X118.954 Y114.595 E.02046
G1 X118.995 Y115.279 E.02148
G1 X118.925 Y115.914 E.02003
G1 X118.719 Y116.54 E.02066
G1 X118.428 Y117.088 E.01945
G1 X118.02 Y117.573 E.01987
G1 X117.561 Y117.961 E.01884
G1 X117.022 Y118.25 E.01918
G1 X116.474 Y118.433 E.01811
G1 X115.858 Y118.499 E.01942
G1 X115.34 Y118.467 E.01627
G1 X114.628 Y118.255 E.02329
G1 X114 Y117.876 E.023
G1 X113.411 Y117.438 E.02301
G1 X112.919 Y116.888 E.02314
G1 X112.73 Y116.574 E.01149
G1 X112.522 Y116.034 E.01814
G1 X112.409 Y115.48 E.01773
G1 X112.416 Y114.882 E.01875
G1 X112.522 Y114.3 E.01855
G1 X112.759 Y113.725 E.0195
G1 X113.085 Y113.206 E.01922
G1 X113.537 Y112.743 E.02029
G1 X114.047 Y112.37 E.01981
G1 X114.663 Y112.096 E.02114
G1 X115.293 Y111.936 E.02038
G1 X115.955 Y111.908 E.02078
G1 X116.458 Y111.965 E.01587
G1 X117.1 Y112.131 E.02079
G1 X117.722 Y112.442 E.0218
G1 X117.834 Y112.556 E.00501
G1 E-3.5 F3600
;WIPE_START
G1 F7200
G1 X117.876 Y112.599 E-.02855
G1 X118.21 Y112.937 E-.22571
G1 X118.561 Y113.48 E-.30712
G1 X118.78 Y113.966 E-.25321
G1 X118.954 Y114.595 E-.31
G1 X118.995 Y115.279 E-.32548
G1 X118.984 Y115.384 E-.04993
;WIPE_END
G1 X117.319 Y114.547 F9000
G1 E5 F2400
;TYPE:Internal infill
;WIDTH:0.44
G1 F900
G1 X117.428 Y115.124 E.01939
G1 X117.317 Y115.826 E.02347
G1 X116.944 Y116.428 E.02338
G1 X116.662 Y116.662 E.0121
G1 X114.274 Y114.274 E.1115
G1 X114.089 Y114.593 E.01218
G1 X113.719 Y115.732 E.03954
G1 X113.562 Y115.71 E.00523
G1 X113.8 Y116.239 E.01915
G1 X114.276 Y116.724 E.02244
G1 X117.022 Y113.978 E.12822
G1 X116.782 Y113.709 E.0119
G1 X116.014 Y113.481 E.02645
G1 X115.5 Y113.497 E.01698
G1 X114.843 Y113.73 E.02302
G1 X113.493 Y115.125 F9000
;TYPE:Solid infill
;WIDTH:0.489625
G1 F900
G1 X113.554 Y114.872 E.00967
;WIDTH:0.53017
G1 X113.615 Y114.62 E.0105
;WIDTH:0.545624
G1 X113.834 Y114.138 E.02213
G1 X114.17 Y113.704 E.02294
;WIDTH:0.539582
G1 X114.622 Y113.359 E.02348
;WIDTH:0.540614
G1 X115.165 Y113.13 E.02439
;WIDTH:0.54096
G1 X115.765 Y113.042 E.02511
;WIDTH:0.541438
G1 X116.407 Y113.112 E.02677
G1 X116.703 Y113.197 E.01277
;WIDTH:0.521836
G1 X117.134 Y113.447 E.01984
;WIDTH:0.507542
G1 X117.497 Y113.913 E.02282
;WIDTH:0.505524
G1 X117.754 Y114.487 E.02419
;WIDTH:0.50592
G1 X117.856 Y115.087 E.02343
;WIDTH:0.506428
G1 X117.808 Y115.663 E.02228
;WIDTH:0.509258
G1 X117.64 Y116.163 E.02045
;WIDTH:0.511052
G1 X117.295 Y116.682 E.02426
;WIDTH:0.521528
G1 X117.108 Y116.877 E.01075
G1 X116.703 Y117.163 E.01973
;LAYER_CHANGE
;Z:24
;HEIGHT:0.200001
;BEFORE_LAYER_CHANGE
G92 E0
;24


G1 E-3.5 F3600
;WIPE_START
G1 F7200
G1 X117.108 Y116.877 E-.23551
G1 X117.295 Y116.682 E-.12833
G1 X117.64 Y116.163 E-.29602
G1 X117.808 Y115.663 E-.25055
G1 X117.856 Y115.087 E-.27455
G1 X117.754 Y114.487 E-.28909
G1 X117.732 Y114.437 E-.02595
;WIPE_END
G1 Z24 F9000
;AFTER_LAYER_CHANGE
;24
G1 X118.35 Y114.684
G1 E5 F2400
;TYPE:Perimeter
;WIDTH:0.439999
G1 F900
G1 X118.41 Y115.241 E.0185
G1 X118.376 Y115.634 E.01302
G1 X118.259 Y116.123 E.0166
G1 X118.04 Y116.591 E.01706
G1 X117.741 Y117.022 E.01732
G1 X117.384 Y117.357 E.01616
G1 X116.961 Y117.638 E.01677
G1 X116.361 Y117.857 E.02109
G1 X115.744 Y117.918 E.02047
G1 X115.153 Y117.824 E.01976
G1 X114.731 Y117.65 E.01507
G1 X114.315 Y117.369 E.01658
G1 X114.016 Y117.025 E.01505
G1 X113.741 Y116.597 E.0168
G1 X113.442 Y115.676 E.03197
G1 X113.41 Y115.36 E.01049
G1 X113.405 Y114.86 E.01651
G1 X113.559 Y114.322 E.01848
G1 X113.853 Y113.824 E.01909
G1 X114.277 Y113.4 E.0198
G1 X114.811 Y113.087 E.02044
G1 X115.255 Y112.949 E.01535
G1 X115.752 Y112.883 E.01655
G1 X116.235 Y112.921 E.016
G1 X116.746 Y113.05 E.0174
G1 X117.236 Y113.296 E.0181
G1 X117.646 Y113.597 E.01679
G1 X118.007 Y113.999 E.01784
G1 X118.339 Y114.578 E.02204
G1 X118.344 Y114.624 E.00153
G1 X118.746 Y114.616 F9000
G1 F900
G1 X118.781 Y114.845 E.00765
G1 X118.807 Y115.292 E.01478
G1 X118.744 Y115.86 E.01887
G1 X118.548 Y116.46 E.02084
G1 X118.279 Y116.97 E.01904
G1 X117.893 Y117.433 E.0199
G1 X117.468 Y117.797 E.01848
G1 X116.961 Y118.072 E.01904
G1 X116.449 Y118.245 E.01784
G1 X115.901 Y118.31 E.01822
G1 X115.381 Y118.282 E.01719
G1 X114.889 Y118.151 E.01681
G1 X114.418 Y117.936 E.01709
G1 X113.912 Y117.542 E.02117
G1 X113.6 Y117.134 E.01696
G1 X113.373 Y116.747 E.01481
G1 X113.051 Y115.759 E.03431
G1 X112.984 Y115.103 E.02177
G1 X113.081 Y114.479 E.02085
G1 X113.274 Y114.007 E.01684
G1 X113.538 Y113.58 E.01658
G1 X113.907 Y113.197 E.01756
G1 X114.33 Y112.885 E.01735
G1 X114.838 Y112.656 E.0184
G1 X115.365 Y112.518 E.01799
G1 X115.948 Y112.493 E.01927
G1 X116.508 Y112.564 E.01864
G1 X117.084 Y112.766 E.02015
G1 X117.593 Y113.048 E.01921
G1 X118.09 Y113.483 E.02181
G1 X118.446 Y113.922 E.01866
G1 X118.721 Y114.453 E.01974
G1 X118.737 Y114.556 E.00344
G1 X119.127 Y114.55 F9000
;TYPE:External perimeter
;WIDTH:0.419999
G1 F900
G1 X119.163 Y114.787 E.00752
G1 X119.194 Y115.255 E.01471
G1 X119.164 Y115.665 E.01289
G1 X119.055 Y116.187 E.01672
G1 X118.826 Y116.798 E.02046
G1 X118.457 Y117.375 E.02147
G1 X118.028 Y117.849 E.02005
G1 X117.492 Y118.233 E.02067
G1 X116.935 Y118.505 E.01944
G1 X116.32 Y118.658 E.01987
G1 X115.721 Y118.703 E.01883
G1 X115.115 Y118.62 E.01918
G1 X114.564 Y118.446 E.01812
G1 X114.027 Y118.137 E.01943
G1 X113.627 Y117.806 E.01628
G1 X113.292 Y117.369 E.01726
G1 X113.013 Y116.894 E.01727
G1 X112.671 Y115.839 E.03477
G1 X112.596 Y115.106 E.0231
G1 X112.628 Y114.741 E.01149
G1 X112.776 Y114.182 E.01813
G1 X113.012 Y113.667 E.01776
G1 X113.368 Y113.187 E.01874
G1 X113.796 Y112.779 E.01854
G1 X114.326 Y112.453 E.01951
G1 X114.894 Y112.225 E.01919
G1 X115.533 Y112.115 E.02033
G1 X116.165 Y112.114 E.01982
G1 X116.824 Y112.255 E.02113
G1 X117.428 Y112.495 E.02038
G1 X117.972 Y112.854 E.02044
G1 X118.367 Y113.213 E.01674
G1 X118.775 Y113.715 E.02028
G1 X119.094 Y114.332 E.02178
G1 X119.118 Y114.49 E.00501
G1 X117.535 Y114.71 F9000
;TYPE:Internal infill
;WIDTH:0.44
G1 F900
G1 X117.627 Y115.106 E.01342
G1 X117.508 Y115.883 E.02595
G1 X117.281 Y116.329 E.01652
G1 X116.808 Y116.808 E.02223
G1 X114.34 Y114.34 E.11524
G1 X114.885 Y113.94 E.02232
G1 X115.349 Y113.734 E.01676
G1 X115.708 Y113.676 E.01201
G1 X116.453 Y113.782 E.02485
G1 X116.95 Y114.05 E.01864
G1 X114.217 Y116.783 E.12761
G1 X114.025 Y116.481 E.01182
G1 X113.743 Y115.613 E.03013
G1 X113.707 Y114.906 E.02337
G1 X113.791 Y114.581 E.01108
G1 X113.839 Y114.623 E.00211
G1 X114.099 Y114.017 F9000
;TYPE:Solid infill
;WIDTH:0.488839
G1 F900
G1 X114.295 Y113.848 E.0096
;WIDTH:0.526922
G1 X114.492 Y113.679 E.01045
;WIDTH:0.545534
G1 X114.953 Y113.419 E.02212
G1 X115.481 Y113.264 E.023
;WIDTH:0.54772
G1 X116.048 Y113.256 E.0238
G1 X116.622 Y113.385 E.02469
;WIDTH:0.541948
G1 X117.168 Y113.672 E.0256
G1 X117.42 Y113.865 E.01317
;WIDTH:0.523648
G1 X117.794 Y114.297 E.02284
;WIDTH:0.519628
G1 X118.026 Y114.773 E.02099
;WIDTH:0.50598
G1 X118.048 Y115.39 E.02377
;WIDTH:0.50553
G1 X117.919 Y116.005 E.02417
;WIDTH:0.505916
G1 X117.648 Y116.551 E.02347
;WIDTH:0.506418
G1 X117.271 Y116.989 E.02227
;WIDTH:0.509256
G1 X116.841 Y117.294 E.02044
;WIDTH:0.511052
G1 X116.257 Y117.511 E.02425
;WIDTH:0.521532
G1 X115.992 Y117.559 E.01072
G1 X115.496 Y117.552 E.01974
;LAYER_CHANGE
;Z:24.2
;HEIGHT:0.200001
;BEFORE_LAYER_CHANGE
G92 E0
;24.2


G1 E-3.5 F3600
;WIPE_START
G1 F7200
G1 X115.992 Y117.559 E-.23562
G1 X116.257 Y117.511 E-.12792
G1 X116.841 Y117.294 E-.29593
G1 X117.271 Y116.989 E-.25041
G1 X117.648 Y116.551 E-.2745
G1 X117.919 Y116.005 E-.28954
G1 X117.93 Y115.951 E-.02608
;WIPE_END
G1 Z24.2 F9000
;AFTER_LAYER_CHANGE
;24.2
G1 X118.289 Y116.517
G1 E5 F2400
;TYPE:Perimeter
;WIDTH:0.439999
G1 F900
G1 X118.109 Y116.866 E.01297
G1 X117.748 Y117.299 E.01861
G1 X117.366 Y117.626 E.0166
G1 X116.914 Y117.876 E.01705
G1 X116.418 Y118.049 E.01734
G1 X115.933 Y118.11 E.01614
G1 X115.425 Y118.088 E.01679
G1 X114.811 Y117.913 E.02108
G1 X114.277 Y117.6 E.02044
G1 X113.853 Y117.176 E.0198
G1 X113.614 Y116.787 E.01507
G1 X113.443 Y116.315 E.01658
G1 X113.403 Y115.861 E.01505
G1 X113.432 Y115.353 E.0168
G1 X113.731 Y114.433 E.03194
G1 X113.891 Y114.158 E.0105
G1 X114.181 Y113.75 E.01653
G1 X114.622 Y113.406 E.01847
G1 X115.153 Y113.176 E.01911
G1 X115.744 Y113.082 E.01976
G1 X116.361 Y113.143 E.02047
G1 X116.801 Y113.292 E.01534
G1 X117.242 Y113.531 E.01656
G1 X117.61 Y113.845 E.01597
G1 X117.948 Y114.25 E.01742
G1 X118.2 Y114.737 E.0181
G1 X118.355 Y115.222 E.01681
G1 X118.41 Y115.759 E.01782
G1 X118.339 Y116.422 E.02202
G1 X118.317 Y116.464 E.00157
G1 X118.646 Y116.692 F9000
G1 F900
G1 X118.539 Y116.899 E.00769
G1 X118.298 Y117.275 E.01475
G1 X117.913 Y117.698 E.01889
G1 X117.402 Y118.068 E.02083
G1 X116.884 Y118.323 E.01906
G1 X116.3 Y118.471 E.01989
G1 X115.742 Y118.515 E.01848
G1 X115.17 Y118.439 E.01905
G1 X114.654 Y118.279 E.01784
G1 X114.173 Y118.009 E.01821
G1 X113.768 Y117.681 E.01721
G1 X113.447 Y117.286 E.01681
G1 X113.193 Y116.835 E.01709
G1 X113.015 Y116.218 E.0212
G1 X113.002 Y115.705 E.01694
G1 X113.046 Y115.259 E.0148
G1 X113.367 Y114.27 E.03433
G1 X113.698 Y113.7 E.02176
G1 X113.989 Y113.389 E.01406
G1 X114.418 Y113.064 E.01777
G1 X114.888 Y112.849 E.01706
G1 X115.381 Y112.718 E.01684
G1 X115.92 Y112.691 E.01782
G1 X116.449 Y112.755 E.01759
G1 X116.984 Y112.939 E.01868
G1 X117.468 Y113.203 E.0182
G1 X117.916 Y113.59 E.01955
G1 X118.279 Y114.03 E.01883
G1 X118.567 Y114.584 E.02062
G1 X118.744 Y115.14 E.01927
G1 X118.811 Y115.955 E.027
G1 X118.721 Y116.547 E.01977
G1 X118.673 Y116.639 E.00343
G1 X118.993 Y116.863 F9000
;TYPE:External perimeter
;WIDTH:0.419999
G1 F900
G1 X118.775 Y117.285 E.01489
G1 X118.367 Y117.787 E.02028
G1 X117.972 Y118.146 E.01674
G1 X117.428 Y118.505 E.02044
G1 X116.79 Y118.756 E.0215
G1 X116.164 Y118.886 E.02005
G1 X115.505 Y118.882 E.02066
G1 X114.894 Y118.775 E.01945
G1 X114.307 Y118.537 E.01986
G1 X113.796 Y118.221 E.01884
G1 X113.355 Y117.798 E.01916
G1 X113.012 Y117.333 E.01812
G1 X112.758 Y116.767 E.01945
G1 X112.629 Y116.265 E.01625
G1 X112.615 Y115.715 E.01725
G1 X112.669 Y115.167 E.01727
G1 X113.012 Y114.111 E.03481
G1 X113.382 Y113.474 E.0231
G1 X113.777 Y113.06 E.01794
G1 X114.22 Y112.731 E.0173
G1 X114.756 Y112.485 E.01849
G1 X115.321 Y112.335 E.01833
G1 X115.933 Y112.304 E.01921
G1 X116.535 Y112.376 E.01901
G1 X117.139 Y112.584 E.02003
G1 X117.688 Y112.884 E.01962
G1 X118.192 Y113.318 E.02085
G1 X118.602 Y113.815 E.0202
G1 X118.923 Y114.434 E.02186
G1 X119.124 Y115.06 E.02061
G1 X119.199 Y115.98 E.02894
G1 X119.094 Y116.668 E.02182
G1 X119.021 Y116.81 E.00501
G1 X117.535 Y116.29 F9000
;TYPE:Internal infill
;WIDTH:0.44
G1 F900
G1 X117.627 Y115.894 E.01342
G1 X117.508 Y115.117 E.02595
G1 X117.281 Y114.671 E.01652
G1 X116.808 Y114.192 E.02223
G1 X114.336 Y116.664 E.11543
G1 X114.655 Y116.901 E.01312
G1 X115.105 Y117.173 E.01736
G1 X115.751 Y117.328 E.02193
G1 X116.453 Y117.218 E.02346
G1 X116.95 Y116.95 E.01864
G1 X114.213 Y114.213 E.1278
G1 X114.012 Y114.559 E.01321
G1 X113.73 Y115.426 E.0301
G1 X113.716 Y116.134 E.02338
G1 X113.815 Y116.472 E.01163
G1 E-3.5 F3600
;WIPE_START
G1 F7200
G1 X113.716 Y116.134 E-.1673
G1 X113.73 Y115.426 E-.33637
G1 X114.012 Y114.559 E-.43306
G1 X114.213 Y114.213 E-.19007
G1 X114.769 Y114.769 E-.3732
;WIPE_END
G1 X115.491 Y113.454 F9000
G1 E5 F2400
;TYPE:Solid infill
;WIDTH:0.532444
G1 F900
G1 X116.018 Y113.445 E.02145
G1 X116.522 Y113.556 E.02101
;WIDTH:0.524806
G1 X117.001 Y113.794 E.02143
;WIDTH:0.519308
G1 X117.441 Y114.173 E.023
G1 X117.784 Y114.666 E.02379
;WIDTH:0.519488
G1 X117.999 Y115.248 E.02459
;WIDTH:0.51963
G1 X118.063 Y115.874 E.02494
G1 X117.971 Y116.396 E.02101
;WIDTH:0.505978
G1 X117.626 Y116.909 E.0238
;WIDTH:0.50553
G1 X117.16 Y117.33 E.02416
;WIDTH:0.505918
G1 X116.62 Y117.613 E.02347
;WIDTH:0.50642
G1 X116.058 Y117.745 E.02225
;WIDTH:0.509256
G1 X115.531 Y117.74 E.02044
;WIDTH:0.515654
G1 X114.968 Y117.586 E.02294
G1 X114.429 Y117.266 E.02464
;WIDTH:0.504838
G1 X114.288 Y117.16 E.00678
;LAYER_CHANGE
;Z:24.4
;HEIGHT:0.199999
;BEFORE_LAYER_CHANGE
G92 E0
;24.4


G1 E-3.5 F3600
;WIPE_START
G1 F7200
G1 X114.429 Y117.266 E-.08379
G1 X114.968 Y117.586 E-.29775
G1 X115.531 Y117.74 E-.27725
G1 X116.058 Y117.745 E-.25034
G1 X116.62 Y117.613 E-.27421
G1 X117.16 Y117.33 E-.28959
G1 X117.202 Y117.292 E-.02707
;WIPE_END
G1 Z24.4 F9000
;AFTER_LAYER_CHANGE
;24.4
G1 X117.159 Y117.963
G1 E5 F2400
;TYPE:Perimeter
;WIDTH:0.439999
G1 F900
G1 X116.808 Y118.138 E.01295
G1 X116.261 Y118.277 E.01863
G1 X115.76 Y118.317 E.01659
G1 X115.245 Y118.252 E.01714
G1 X114.744 Y118.101 E.01728
G1 X114.316 Y117.866 E.01612
G1 X113.918 Y117.55 E.01678
G1 X113.524 Y117.047 E.0211
G1 X113.276 Y116.48 E.02043
G1 X113.182 Y115.888 E.01979
G1 X113.237 Y115.312 E.0191
G1 X113.416 Y114.815 E.01744
G1 X113.739 Y114.346 E.0188
G1 X114.188 Y113.957 E.01961
G1 X114.691 Y113.6 E.02037
G1 X115.226 Y113.363 E.01932
G1 X115.706 Y113.285 E.01606
G1 X116.334 Y113.343 E.02082
G1 X116.858 Y113.534 E.01841
G1 X117.362 Y113.877 E.02013
G1 X117.776 Y114.351 E.02078
G1 X117.997 Y114.767 E.01555
G1 X118.157 Y115.251 E.01683
G1 X118.215 Y115.928 E.02243
G1 X118.133 Y116.47 E.0181
G1 X117.973 Y116.953 E.0168
G1 X117.702 Y117.421 E.01786
G1 X117.254 Y117.915 E.02202
G1 X117.212 Y117.936 E.00155
G1 X117.344 Y118.314 F9000
G1 F900
G1 X117.137 Y118.418 E.00765
G1 X116.72 Y118.58 E.01477
G1 X116.16 Y118.697 E.01889
G1 X115.529 Y118.696 E.02083
G1 X114.961 Y118.598 E.01903
G1 X114.401 Y118.374 E.01991
G1 X113.924 Y118.081 E.01848
G1 X113.506 Y117.684 E.01903
G1 X113.182 Y117.251 E.01786
G1 X112.952 Y116.749 E.01823
G1 X112.817 Y116.247 E.01716
G1 X112.79 Y115.738 E.01683
G1 X112.849 Y115.224 E.01708
G1 X113.068 Y114.621 E.02118
G1 X113.44 Y114.079 E.0217
G1 X113.943 Y113.644 E.02196
G1 X114.494 Y113.253 E.02231
G1 X115.1 Y112.985 E.02188
G1 X115.705 Y112.886 E.02024
G1 X116.408 Y112.951 E.02331
G1 X116.897 Y113.118 E.01706
G1 X117.343 Y113.359 E.01674
G1 X117.76 Y113.715 E.0181
G1 X118.106 Y114.129 E.01781
G1 X118.373 Y114.636 E.01892
G1 X118.546 Y115.167 E.01844
G1 X118.608 Y115.73 E.0187
G1 X118.59 Y116.161 E.01424
G1 X118.479 Y116.733 E.01924
G1 X118.219 Y117.34 E.0218
G1 X117.911 Y117.814 E.01866
G1 X117.491 Y118.24 E.01975
G1 X117.398 Y118.287 E.00344
G1 X117.525 Y118.656 F9000
;TYPE:External perimeter
;WIDTH:0.419999
G1 F900
G1 X117.1 Y118.869 E.01491
G1 X116.475 Y119.036 E.02028
G1 X115.945 Y119.093 E.01671
G1 X115.293 Y119.064 E.02046
G1 X114.63 Y118.892 E.02148
G1 X114.047 Y118.63 E.02004
G1 X113.516 Y118.24 E.02066
G1 X113.085 Y117.794 E.01945
G1 X112.75 Y117.256 E.01987
G1 X112.522 Y116.7 E.01884
G1 X112.414 Y116.098 E.01918
G1 X112.409 Y115.52 E.01812
G1 X112.537 Y114.914 E.01942
G1 X112.728 Y114.431 E.01629
G1 X113.15 Y113.819 E.02331
G1 X113.703 Y113.339 E.02296
G1 X114.302 Y112.914 E.02303
G1 X114.774 Y112.706 E.01617
G1 X115.192 Y112.567 E.01381
G1 X115.703 Y112.497 E.01617
G1 X116.48 Y112.569 E.02447
G1 X117.051 Y112.762 E.0189
G1 X117.561 Y113.039 E.0182
G1 X118.035 Y113.442 E.01951
G1 X118.428 Y113.912 E.01921
G1 X118.729 Y114.485 E.02029
G1 X118.925 Y115.086 E.01982
G1 X118.996 Y115.756 E.02112
G1 X118.954 Y116.405 E.02039
G1 X118.78 Y117.034 E.02046
G1 X118.561 Y117.52 E.01671
G1 X118.21 Y118.063 E.02027
G1 X117.722 Y118.558 E.02179
G1 X117.578 Y118.629 E.00503
G1 E-3.5 F3600
;WIPE_START
G1 F7200
G1 X117.525 Y118.656 E-.02825
G1 X117.1 Y118.869 E-.22581
G1 X116.475 Y119.036 E-.30729
G1 X115.945 Y119.093 E-.2532
G1 X115.293 Y119.064 E-.31001
G1 X114.63 Y118.892 E-.32535
G1 X114.534 Y118.849 E-.05009
;WIPE_END
G1 X114.844 Y117.271 F9000
G1 E5 F2400
;TYPE:Internal infill
;WIDTH:0.44
G1 F900
G1 X115.504 Y117.504 E.02311
G1 X116.014 Y117.519 E.01685
G1 X116.782 Y117.291 E.02645
G1 X117.022 Y117.022 E.0119
G1 X114.281 Y114.281 E.12799
G1 X114.843 Y113.867 E.02305
G1 X115.323 Y113.655 E.01733
G1 X115.708 Y113.592 E.01288
G1 X115.891 Y113.609 E.00607
G1 X115.83 Y113.734 E.00459
G1 X116.662 Y114.338 E.03395
G1 X114.276 Y116.724 E.11141
G1 X114.102 Y116.449 E.01074
G1 X113.719 Y115.268 E.04099
G1 X113.562 Y115.29 E.00523
G1 X113.684 Y114.964 E.01149
G1 X113.859 Y114.711 E.01016
G1 E-3.5 F3600
;WIPE_START
G1 F7200
G1 X113.684 Y114.964 E-.14612
G1 X113.562 Y115.29 E-.16534
G1 X113.719 Y115.268 E-.0753
G1 X114.102 Y116.449 E-.58974
G1 X114.276 Y116.724 E-.15458
G1 X114.825 Y116.175 E-.36892
;WIPE_END
G1 X116.479 Y113.709 F9000
G1 E5 F2400
;TYPE:Solid infill
;WIDTH:0.490511
G1 F900
G1 X116.703 Y113.846 E.00977
;WIDTH:0.531392
G1 X116.926 Y113.984 E.01065
;WIDTH:0.532738
G1 X117.121 Y114.136 E.01007
G1 X117.469 Y114.528 E.02135
;WIDTH:0.524808
G1 X117.717 Y115.003 E.02147
;WIDTH:0.51931
G1 X117.851 Y115.567 E.02296
;WIDTH:0.519412
G1 X117.838 Y116.168 E.02382
G1 X117.67 Y116.765 E.02457
;WIDTH:0.51963
G1 X117.354 Y117.309 E.02494
G1 X116.972 Y117.677 E.02103
;WIDTH:0.505976
G1 X116.392 Y117.889 E.02378
;WIDTH:0.505528
G1 X115.767 Y117.956 E.02418
;WIDTH:0.50592
G1 X115.165 Y117.868 E.02342
;WIDTH:0.50642
G1 X114.632 Y117.645 E.02227
;WIDTH:0.509256
G1 X114.208 Y117.33 E.02048
;WIDTH:0.511056
G1 X113.821 Y116.842 E.02424
;WIDTH:0.521526
G1 X113.693 Y116.604 E.01075
G1 X113.547 Y116.131 E.0197
;LAYER_CHANGE
;Z:24.6
;HEIGHT:0.200001
;BEFORE_LAYER_CHANGE
G92 E0
;24.6


G1 E-3.5 F3600
;WIPE_START
G1 F7200
G1 X113.693 Y116.604 E-.23513
G1 X113.821 Y116.842 E-.12836
G1 X114.208 Y117.33 E-.29584
G1 X114.632 Y117.645 E-.2509
G1 X115.165 Y117.868 E-.27444
G1 X115.767 Y117.956 E-.28899
G1 X115.822 Y117.95 E-.02634
;WIPE_END
G1 Z24.6 F9000
;AFTER_LAYER_CHANGE
;24.6
G1 X115.395 Y118.467
G1 E5 F2400
;TYPE:Perimeter
;WIDTH:0.439999
G1 F900
G1 X115.007 Y118.403 E.01298
G1 X114.484 Y118.194 E.0186
G1 X114.055 Y117.931 E.01661
G1 X113.676 Y117.577 E.01712
G1 X113.36 Y117.16 E.01727
G1 X113.151 Y116.718 E.01614
G1 X113.015 Y116.229 E.01676
G1 X112.992 Y115.59 E.02111
G1 X113.125 Y114.985 E.02045
G1 X113.397 Y114.451 E.01979
G1 X113.78 Y114.018 E.01909
G1 X114.217 Y113.721 E.01745
G1 X114.753 Y113.531 E.01878
G1 X115.346 Y113.481 E.01965
G1 X115.963 Y113.487 E.02037
G1 X116.534 Y113.61 E.01929
G1 X116.996 Y113.845 E.01711
G1 X117.424 Y114.22 E.01879
G1 X117.755 Y114.708 E.01947
G1 X117.96 Y115.281 E.02009
G1 X118.012 Y115.737 E.01515
G1 X118.002 Y116.055 E.0105
G1 X117.911 Y116.548 E.01655
G1 X117.726 Y116.996 E.016
G1 X117.445 Y117.442 E.0174
G1 X117.06 Y117.833 E.01812
G1 X116.647 Y118.129 E.01678
G1 X116.153 Y118.348 E.01784
G1 X115.5 Y118.485 E.02203
G1 X115.454 Y118.477 E.00154
G1 X115.338 Y118.86 F9000
G1 F900
G1 X115.109 Y118.823 E.00766
G1 X114.676 Y118.709 E.01478
G1 X114.155 Y118.474 E.01887
G1 X113.645 Y118.103 E.02082
G1 X113.243 Y117.689 E.01905
G1 X112.922 Y117.179 E.0199
G1 X112.708 Y116.662 E.01847
G1 X112.603 Y116.094 E.01907
G1 X112.596 Y115.554 E.01783
G1 X112.704 Y115.013 E.01821
G1 X112.891 Y114.527 E.01719
G1 X113.167 Y114.099 E.01681
G1 X113.518 Y113.718 E.0171
G1 X114.049 Y113.359 E.02116
G1 X114.669 Y113.14 E.02171
G1 X115.331 Y113.083 E.02194
G1 X116.007 Y113.091 E.02232
G1 X116.655 Y113.23 E.02188
G1 X117.218 Y113.515 E.02083
G1 X117.608 Y113.844 E.01685
G1 X117.932 Y114.228 E.01659
G1 X118.183 Y114.697 E.01756
G1 X118.349 Y115.195 E.01733
G1 X118.409 Y115.749 E.0184
G1 X118.377 Y116.293 E.01799
G1 X118.221 Y116.855 E.01926
G1 X117.981 Y117.366 E.01864
G1 X117.611 Y117.851 E.02014
G1 X117.186 Y118.249 E.01922
G1 X116.618 Y118.586 E.02181
G1 X116.091 Y118.789 E.01865
G1 X115.5 Y118.887 E.01978
G1 X115.397 Y118.87 E.00345
G1 X115.283 Y119.244 F9000
;TYPE:External perimeter
;WIDTH:0.419999
G1 F900
G1 X114.814 Y119.166 E.01491
G1 X114.211 Y118.933 E.02027
G1 X113.748 Y118.669 E.01671
G1 X113.238 Y118.262 E.02046
G1 X112.803 Y117.733 E.02147
G1 X112.485 Y117.178 E.02006
G1 X112.285 Y116.55 E.02066
G1 X112.198 Y115.936 E.01944
G1 X112.243 Y115.304 E.01987
G1 X112.386 Y114.72 E.01885
G1 X112.652 Y114.17 E.01916
G1 X112.988 Y113.7 E.01811
G1 X113.447 Y113.284 E.01942
G1 X113.885 Y113.006 E.01627
G1 X114.587 Y112.759 E.02333
G1 X115.317 Y112.696 E.02297
G1 X116.05 Y112.704 E.02298
G1 X116.467 Y112.794 E.01338
G1 X116.975 Y112.946 E.01663
G1 X117.435 Y113.193 E.01637
G1 X117.881 Y113.57 E.01831
G1 X118.253 Y114.009 E.01804
G1 X118.538 Y114.543 E.01898
G1 X118.727 Y115.112 E.0188
G1 X118.802 Y115.936 E.02594
G1 X118.709 Y116.577 E.02031
G1 X118.515 Y117.178 E.0198
G1 X118.178 Y117.762 E.02114
G1 X117.762 Y118.262 E.02039
G1 X117.252 Y118.669 E.02046
G1 X116.789 Y118.933 E.01671
G1 X116.186 Y119.166 E.02027
G1 X115.5 Y119.279 E.0218
G1 X115.342 Y119.253 E.00502
G1 X114.81 Y117.476 F9000
;TYPE:Internal infill
;WIDTH:0.44
G1 F900
G1 X115.484 Y117.703 E.02348
G1 X115.783 Y117.644 E.01006
G1 X116.485 Y117.291 E.02594
G1 X116.879 Y116.879 E.01882
G1 X114.132 Y114.132 E.12827
G1 X114.817 Y113.833 E.02468
G1 X115.463 Y113.788 E.02138
G1 X115.929 Y113.793 E.01539
G1 X116.441 Y113.903 E.01729
G1 X116.868 Y114.132 E.016
G1 X114.121 Y116.879 E.12827
G1 X113.839 Y116.304 E.02115
G1 X113.786 Y115.598 E.02338
G1 X114.082 Y114.615 E.0339
G1 X113.549 Y114.862 F9000
;TYPE:Solid infill
;WIDTH:0.523784
G1 F900
G1 X113.382 Y115.356 E.02085
;WIDTH:0.545926
G1 X113.344 Y115.895 E.0226
G1 X113.431 Y116.446 E.02333
;WIDTH:0.53924
G1 X113.666 Y116.976 E.02393
;WIDTH:0.54055
G1 X114.038 Y117.445 E.02477
;WIDTH:0.541286
G1 X114.532 Y117.818 E.02565
G1 X115.103 Y118.058 E.02567
;WIDTH:0.54105
G1 X115.5 Y118.133 E.01673
;WIDTH:0.523494
G1 X115.937 Y118.055 E.01774
G1 X116.458 Y117.822 E.02281
;WIDTH:0.50566
G1 X116.952 Y117.451 E.02377
;WIDTH:0.50621
G1 X117.327 Y116.984 E.02307
;WIDTH:0.506762
G1 X117.564 Y116.456 E.02232
;WIDTH:0.510052
G1 X117.655 Y115.929 E.02077
;WIDTH:0.512582
G1 X117.601 Y115.33 E.02349
G1 X117.472 Y114.977 E.01468
;WIDTH:0.480833
G1 X117.344 Y114.624 E.01367
;LAYER_CHANGE
;Z:24.8
;HEIGHT:0.199999
;BEFORE_LAYER_CHANGE
G92 E0
;24.8


G1 E-3.5 F3600
;WIPE_START
G1 F7200
G1 X117.472 Y114.977 E-.17836
G1 X117.601 Y115.33 E-.17852
G1 X117.655 Y115.929 E-.28568
G1 X117.564 Y116.456 E-.25403
G1 X117.327 Y116.984 E-.27491
G1 X116.952 Y117.451 E-.28449
G1 X116.878 Y117.507 E-.04401
;WIPE_END
G1 Z24.8 F9000
;AFTER_LAYER_CHANGE
;24.8
G1 X113.843 Y117.958
G1 E5 F2400
;TYPE:Perimeter
;WIDTH:0.439999
G1 F900
G1 X113.746 Y117.915 E.0035
G1 X113.298 Y117.421 E.02202
G1 X113.027 Y116.953 E.01786
G1 X112.856 Y116.425 E.01832
G1 X112.785 Y115.928 E.01658
G1 X112.815 Y115.434 E.01634
G1 X112.933 Y114.931 E.01706
G1 X113.224 Y114.351 E.02143
G1 X113.639 Y113.877 E.0208
G1 X114.142 Y113.534 E.0201
G1 X114.696 Y113.334 E.01945
G1 X115.231 Y113.283 E.01774
G1 X115.803 Y113.376 E.01913
G1 X116.304 Y113.597 E.01808
G1 X117.061 Y114.148 E.03091
G1 X117.273 Y114.385 E.0105
G1 X117.572 Y114.786 E.01652
G1 X117.763 Y115.312 E.01848
G1 X117.818 Y115.888 E.0191
G1 X117.724 Y116.48 E.01979
G1 X117.476 Y117.047 E.02043
G1 X117.198 Y117.42 E.01536
G1 X116.834 Y117.765 E.01656
G1 X116.422 Y118.018 E.01596
G1 X115.932 Y118.215 E.01744
G1 X115.391 Y118.304 E.0181
G1 X114.882 Y118.301 E.01681
G1 X114.354 Y118.188 E.01783
G1 X113.898 Y117.983 E.01651
G1 X113.656 Y118.314 F9000
G1 F900
G1 X113.509 Y118.24 E.00543
G1 X113.089 Y117.814 E.01975
G1 X112.743 Y117.266 E.0214
G1 X112.521 Y116.733 E.01906
G1 X112.406 Y116.123 E.0205
G1 X112.396 Y115.551 E.01889
G1 X112.51 Y114.968 E.01961
G1 X112.706 Y114.451 E.01826
G1 X113.014 Y113.973 E.01877
G1 X113.375 Y113.579 E.01764
G1 X113.819 Y113.263 E.01799
G1 X114.28 Y113.041 E.01689
G1 X114.758 Y112.922 E.01626
G1 X115.258 Y112.885 E.01655
G1 X115.917 Y112.993 E.02205
G1 X116.503 Y113.251 E.02114
G1 X117.329 Y113.851 E.03371
G1 X117.768 Y114.343 E.02177
G1 X117.974 Y114.716 E.01407
G1 X118.151 Y115.224 E.01776
G1 X118.216 Y115.9 E.02242
G1 X118.142 Y116.427 E.01757
G1 X117.984 Y116.928 E.01734
G1 X117.708 Y117.412 E.0184
G1 X117.361 Y117.833 E.01801
G1 X116.905 Y118.196 E.01924
G1 X116.41 Y118.468 E.01865
G1 X115.826 Y118.643 E.02013
G1 X115.248 Y118.714 E.01923
G1 X114.59 Y118.654 E.02182
G1 X114.044 Y118.508 E.01866
G1 X113.71 Y118.341 E.01233
G1 X113.475 Y118.656 F9000
;TYPE:External perimeter
;WIDTH:0.419999
G1 F900
G1 X113.278 Y118.558 E.0069
G1 X112.79 Y118.063 E.02179
G1 X112.4 Y117.446 E.02289
G1 X112.15 Y116.845 E.02041
G1 X112.021 Y116.163 E.02176
G1 X112.01 Y115.518 E.02023
G1 X112.138 Y114.863 E.02093
G1 X112.359 Y114.277 E.01964
G1 X112.707 Y113.737 E.02014
G1 X113.117 Y113.289 E.01904
G1 X113.622 Y112.93 E.01943
G1 X114.149 Y112.676 E.01834
G1 X114.76 Y112.53 E.0197
G1 X115.284 Y112.497 E.01646
G1 X116.028 Y112.619 E.02364
G1 X116.697 Y112.914 E.02292
G1 X117.59 Y113.562 E.03459
G1 X118.081 Y114.112 E.02312
G1 X118.353 Y114.615 E.01793
G1 X118.529 Y115.138 E.0173
G1 X118.597 Y115.705 E.01791
G1 X118.584 Y116.118 E.01296
G1 X118.478 Y116.7 E.01855
G1 X118.241 Y117.275 E.0195
G1 X117.915 Y117.794 E.01922
G1 X117.463 Y118.258 E.02031
G1 X116.953 Y118.63 E.01979
G1 X116.337 Y118.904 E.02114
G1 X115.707 Y119.064 E.02038
G1 X115.055 Y119.093 E.02046
G1 X114.525 Y119.036 E.01671
G1 X113.9 Y118.869 E.02028
G1 X113.529 Y118.683 E.01301
G1 E-3.5 F3600
;WIPE_START
G1 F7200
G1 X113.475 Y118.656 E-.02868
G1 X113.278 Y118.558 E-.10451
G1 X112.79 Y118.063 E-.33017
G1 X112.4 Y117.446 E-.34671
G1 X112.15 Y116.845 E-.30919
G1 X112.021 Y116.163 E-.32969
G1 X112.019 Y116.056 E-.05105
;WIPE_END
G1 X113.682 Y116.455 F9000
G1 E5 F2400
;TYPE:Internal infill
;WIDTH:0.44
G1 F900
G1 X113.572 Y115.876 E.01946
G1 X113.683 Y115.174 E.02347
G1 X114.031 Y114.608 E.02194
G1 X114.34 Y114.34 E.01351
G1 X116.726 Y116.726 E.11141
G1 X116.911 Y116.407 E.01218
G1 X117.281 Y115.268 E.03954
G1 X117.438 Y115.29 E.00523
G1 X117.2 Y114.761 E.01915
G1 X116.721 Y114.279 E.02244
G1 X113.978 Y117.022 E.12808
G1 X114.218 Y117.291 E.0119
G1 X114.986 Y117.519 E.02645
G1 X115.496 Y117.504 E.01685
G1 X116.156 Y117.271 E.02311
G1 X117.507 Y115.875 F9000
;TYPE:Solid infill
;WIDTH:0.489626
G1 F900
G1 X117.446 Y116.128 E.00967
;WIDTH:0.53017
G1 X117.385 Y116.38 E.0105
;WIDTH:0.545626
G1 X117.166 Y116.862 E.02213
G1 X116.83 Y117.296 E.02294
;WIDTH:0.539584
G1 X116.378 Y117.641 E.02348
;WIDTH:0.540296
G1 X115.835 Y117.87 E.02437
;WIDTH:0.540994
G1 X115.233 Y117.958 E.0252
;WIDTH:0.541932
G1 X114.6 Y117.89 E.02642
G1 X114.297 Y117.803 E.01308
;WIDTH:0.521838
G1 X113.866 Y117.553 E.01984
;WIDTH:0.507542
G1 X113.503 Y117.087 E.02282
;WIDTH:0.505528
G1 X113.246 Y116.513 E.02419
;WIDTH:0.505922
G1 X113.144 Y115.913 E.02343
;WIDTH:0.506424
G1 X113.192 Y115.337 E.02228
;WIDTH:0.509256
G1 X113.36 Y114.837 E.02045
;WIDTH:0.515656
G1 X113.681 Y114.35 E.02293
G1 X114.151 Y113.936 E.02462
;WIDTH:0.50484
G1 X114.295 Y113.835 E.00676
;LAYER_CHANGE
;Z:25
;HEIGHT:0.200001
;BEFORE_LAYER_CHANGE
G92 E0
;25


G1 E-3.5 F3600
;WIPE_START
G1 F7200
G1 X114.151 Y113.936 E-.08355
G1 X113.681 Y114.35 E-.29751
G1 X113.36 Y114.837 E-.27706
G1 X113.192 Y115.337 E-.25055
G1 X113.144 Y115.913 E-.27455
G1 X113.246 Y116.513 E-.28909
G1 X113.27 Y116.566 E-.02769
;WIPE_END
G1 Z25 F9000
;AFTER_LAYER_CHANGE
;25
G1 X112.645 Y116.317
G1 E5 F2400
;TYPE:Perimeter
;WIDTH:0.439999
G1 F900
G1 X112.587 Y115.928 E.01299
G1 X112.624 Y115.366 E.0186
G1 X112.741 Y114.877 E.0166
G1 X112.96 Y114.409 E.01706
G1 X113.259 Y113.978 E.01732
G1 X113.616 Y113.643 E.01616
G1 X114.039 Y113.362 E.01677
G1 X114.639 Y113.143 E.02109
G1 X115.255 Y113.082 E.02044
G1 X115.847 Y113.176 E.01979
G1 X116.269 Y113.35 E.01507
G1 X116.685 Y113.631 E.01658
G1 X116.984 Y113.975 E.01505
G1 X117.259 Y114.403 E.0168
G1 X117.558 Y115.324 E.03197
G1 X117.595 Y116.14 E.02697
G1 X117.441 Y116.678 E.01848
G1 X117.147 Y117.176 E.01909
G1 X116.723 Y117.6 E.0198
G1 X116.189 Y117.913 E.02044
G1 X115.745 Y118.051 E.01535
G1 X115.248 Y118.117 E.01655
G1 X114.765 Y118.079 E.016
G1 X114.254 Y117.95 E.0174
G1 X113.764 Y117.704 E.0181
G1 X113.354 Y117.403 E.01679
G1 X112.993 Y117.001 E.01784
G1 X112.661 Y116.422 E.02204
G1 X112.654 Y116.376 E.00154
G1 X112.254 Y116.384 F9000
G1 F900
G1 X112.219 Y116.155 E.00765
G1 X112.193 Y115.708 E.01478
G1 X112.256 Y115.14 E.01887
G1 X112.452 Y114.54 E.02084
G1 X112.721 Y114.03 E.01904
G1 X113.107 Y113.567 E.0199
G1 X113.532 Y113.203 E.01848
G1 X114.039 Y112.929 E.01903
G1 X114.551 Y112.755 E.01785
G1 X115.099 Y112.69 E.01822
G1 X115.619 Y112.718 E.01719
G1 X116.111 Y112.849 E.01681
G1 X116.582 Y113.064 E.01709
G1 X117.088 Y113.458 E.02117
G1 X117.4 Y113.866 E.01696
G1 X117.627 Y114.253 E.01481
G1 X117.949 Y115.241 E.03431
G1 X117.981 Y115.562 E.01065
G1 X117.999 Y116.079 E.01708
G1 X117.919 Y116.521 E.01483
G1 X117.726 Y116.993 E.01684
G1 X117.462 Y117.42 E.01658
G1 X117.093 Y117.803 E.01756
G1 X116.67 Y118.115 E.01735
G1 X116.162 Y118.344 E.0184
G1 X115.635 Y118.482 E.01799
G1 X115.052 Y118.507 E.01927
G1 X114.492 Y118.436 E.01864
G1 X113.916 Y118.234 E.02015
G1 X113.407 Y117.952 E.01921
G1 X112.91 Y117.517 E.02181
G1 X112.554 Y117.078 E.01866
G1 X112.279 Y116.547 E.01974
G1 X112.263 Y116.444 E.00344
G1 X111.873 Y116.45 F9000
;TYPE:External perimeter
;WIDTH:0.419999
G1 F900
G1 X111.801 Y115.98 E.01491
G1 X111.836 Y115.335 E.02025
G1 X111.945 Y114.813 E.01672
G1 X112.174 Y114.202 E.02046
G1 X112.543 Y113.625 E.02147
G1 X112.972 Y113.151 E.02005
G1 X113.508 Y112.767 E.02067
G1 X114.065 Y112.495 E.01944
G1 X114.68 Y112.342 E.01987
G1 X115.279 Y112.297 E.01883
G1 X115.885 Y112.38 E.01918
G1 X116.436 Y112.554 E.01812
G1 X116.973 Y112.863 E.01943
G1 X117.373 Y113.194 E.01628
G1 X117.708 Y113.631 E.01726
G1 X117.987 Y114.106 E.01727
G1 X118.329 Y115.161 E.03477
G1 X118.373 Y115.584 E.01333
G1 X118.372 Y116.259 E.02116
G1 X118.224 Y116.818 E.01813
G1 X117.988 Y117.333 E.01776
G1 X117.632 Y117.813 E.01874
G1 X117.204 Y118.221 E.01854
G1 X116.674 Y118.547 E.01951
G1 X116.106 Y118.775 E.01919
G1 X115.467 Y118.885 E.02033
G1 X114.836 Y118.886 E.01978
G1 X114.176 Y118.745 E.02116
G1 X113.572 Y118.505 E.02038
G1 X113.028 Y118.146 E.02044
G1 X112.633 Y117.787 E.01674
G1 X112.225 Y117.285 E.02028
G1 X111.906 Y116.668 E.02178
G1 X111.882 Y116.51 E.00501
G1 X113.465 Y116.29 F9000
;TYPE:Internal infill
;WIDTH:0.44
G1 F900
G1 X113.373 Y115.894 E.01342
G1 X113.492 Y115.117 E.02595
G1 X113.719 Y114.671 E.01652
G1 X114.192 Y114.192 E.02223
G1 X116.662 Y116.662 E.11533
G1 X116.109 Y117.063 E.02255
G1 X115.651 Y117.266 E.01654
G1 X115.016 Y117.322 E.02105
G1 X114.547 Y117.218 E.01586
G1 X114.05 Y116.95 E.01864
G1 X116.783 Y114.217 E.12761
G1 X116.975 Y114.519 E.01182
G1 X117.257 Y115.387 E.03013
G1 X117.31 Y115.902 E.01709
G1 X117.184 Y116.462 E.01895
G1 X116.903 Y116.983 F9000
;TYPE:Solid infill
;WIDTH:0.489631
G1 F900
G1 X116.705 Y117.151 E.00965
;WIDTH:0.530168
G1 X116.507 Y117.32 E.01055
;WIDTH:0.545622
G1 X116.047 Y117.581 E.02211
G1 X115.521 Y117.735 E.02291
;WIDTH:0.539584
G1 X114.952 Y117.748 E.0235
;WIDTH:0.540294
G1 X114.378 Y117.614 E.02438
;WIDTH:0.540996
G1 X113.839 Y117.332 E.02519
;WIDTH:0.54193
G1 X113.367 Y116.904 E.02644
G1 X113.173 Y116.657 E.01303
;WIDTH:0.521836
G1 X112.971 Y116.201 E.01986
;WIDTH:0.50754
G1 X112.952 Y115.61 E.02284
;WIDTH:0.50553
G1 X113.081 Y114.995 E.02417
;WIDTH:0.50592
G1 X113.352 Y114.449 E.02347
;WIDTH:0.525636
G1 X113.721 Y114.005 E.02317
G1 X114.155 Y113.702 E.02125
;WIDTH:0.530684
G1 X114.701 Y113.493 E.02371
G1 X115.366 Y113.44 E.02706
;WIDTH:0.519586
G1 X115.563 Y113.457 E.00784
;WIDTH:0.483434
G1 X115.76 Y113.474 E.00724
;LAYER_CHANGE
;Z:25.2
;HEIGHT:0.200001
;BEFORE_LAYER_CHANGE
G92 E0
;25.2


G1 E-3.5 F3600
;WIPE_START
G1 F7200
G1 X115.563 Y113.457 E-.09392
G1 X115.366 Y113.44 E-.09392
G1 X114.701 Y113.493 E-.31688
G1 X114.155 Y113.702 E-.2777
G1 X113.721 Y114.005 E-.25142
G1 X113.352 Y114.449 E-.27423
G1 X113.173 Y114.811 E-.19193
;WIPE_END
G1 Z25.2 F9000
;AFTER_LAYER_CHANGE
;25.2
G1 X112.715 Y114.485
G1 E5 F2400
;TYPE:Perimeter
;WIDTH:0.439999
G1 F900
G1 X112.993 Y113.999 E.01849
G1 X113.354 Y113.597 E.01784
G1 X113.804 Y113.271 E.01835
G1 X114.254 Y113.05 E.01655
G1 X114.734 Y112.926 E.01637
G1 X115.248 Y112.883 E.01703
G1 X115.89 Y112.981 E.02144
G1 X116.468 Y113.228 E.02075
G1 X116.95 Y113.6 E.0201
G1 X117.311 Y114.066 E.01946
G1 X117.536 Y114.589 E.0188
G1 X117.597 Y115.139 E.01827
G1 X117.568 Y115.647 E.0168
G1 X117.269 Y116.567 E.03194
G1 X117.109 Y116.842 E.0105
G1 X116.819 Y117.25 E.01653
G1 X116.378 Y117.594 E.01847
G1 X115.847 Y117.824 E.01911
G1 X115.256 Y117.918 E.01976
G1 X114.639 Y117.857 E.02047
G1 X114.199 Y117.708 E.01534
G1 X113.758 Y117.469 E.01656
G1 X113.39 Y117.155 E.01597
G1 X113.052 Y116.75 E.01742
G1 X112.8 Y116.263 E.0181
G1 X112.645 Y115.778 E.01681
G1 X112.59 Y115.241 E.01782
G1 X112.661 Y114.578 E.02202
G1 X112.685 Y114.537 E.00157
G1 X112.354 Y114.308 F9000
G1 F900
G1 X112.554 Y113.922 E.01435
G1 X112.968 Y113.424 E.02138
G1 X113.407 Y113.048 E.01908
G1 X113.951 Y112.75 E.02048
G1 X114.492 Y112.564 E.01889
G1 X115.082 Y112.492 E.01962
G1 X115.635 Y112.519 E.01828
G1 X116.184 Y112.664 E.01875
G1 X116.67 Y112.885 E.01763
G1 X117.107 Y113.209 E.01796
G1 X117.462 Y113.58 E.01695
G1 X117.725 Y114.004 E.01647
G1 X117.919 Y114.479 E.01694
G1 X117.998 Y115.295 E.02707
G1 X117.954 Y115.741 E.0148
G1 X117.633 Y116.73 E.03433
G1 X117.302 Y117.3 E.02176
G1 X116.857 Y117.748 E.02085
G1 X116.423 Y118.017 E.01686
G1 X115.959 Y118.206 E.01654
G1 X115.435 Y118.3 E.01758
G1 X114.91 Y118.303 E.01733
G1 X114.364 Y118.19 E.01841
G1 X113.856 Y117.991 E.01801
G1 X113.37 Y117.669 E.01925
G1 X112.959 Y117.283 E.01862
G1 X112.611 Y116.781 E.02017
G1 X112.365 Y116.254 E.0192
G1 X112.219 Y115.61 E.0218
G1 X112.189 Y115.045 E.01868
G1 X112.279 Y114.453 E.01977
G1 X112.327 Y114.361 E.00343
G1 X112.007 Y114.137 F9000
;TYPE:External perimeter
;WIDTH:0.419999
G1 F900
G1 X112.225 Y113.715 E.01489
G1 X112.504 Y113.345 E.01453
G1 X112.98 Y112.892 E.0206
G1 X113.397 Y112.601 E.01594
G1 X113.981 Y112.313 E.02042
G1 X114.637 Y112.147 E.02122
G1 X115.267 Y112.098 E.01981
G1 X115.912 Y112.183 E.0204
G1 X116.499 Y112.365 E.01927
G1 X117.044 Y112.671 E.0196
G1 X117.506 Y113.045 E.01864
G1 X117.886 Y113.517 E.019
G1 X118.163 Y114.012 E.01779
G1 X118.323 Y114.518 E.01664
G1 X118.385 Y115.285 E.02413
G1 X118.331 Y115.833 E.01727
G1 X117.988 Y116.889 E.03481
G1 X117.618 Y117.526 E.0231
G1 X117.377 Y117.802 E.01149
G1 X116.928 Y118.168 E.01816
G1 X116.436 Y118.446 E.01772
G1 X115.865 Y118.624 E.01875
G1 X115.279 Y118.703 E.01854
G1 X114.659 Y118.655 E.0195
G1 X114.065 Y118.505 E.01921
G1 X113.484 Y118.219 E.0203
G1 X112.972 Y117.849 E.01981
G1 X112.521 Y117.348 E.02114
G1 X112.174 Y116.798 E.02039
G1 X111.945 Y116.187 E.02046
G1 X111.836 Y115.665 E.01672
G1 X111.801 Y115.02 E.02025
G1 X111.906 Y114.332 E.02182
G1 X111.979 Y114.19 E.00501
G1 X113.465 Y114.71 F9000
;TYPE:Internal infill
;WIDTH:0.44
G1 F900
G1 X113.373 Y115.106 E.01342
G1 X113.492 Y115.883 E.02595
G1 X113.719 Y116.329 E.01652
G1 X114.192 Y116.808 E.02223
G1 X116.662 Y114.338 E.11533
G1 X116.109 Y113.937 E.02255
G1 X115.691 Y113.752 E.01509
G1 X115.016 Y113.678 E.02242
G1 X114.547 Y113.782 E.01586
G1 X114.05 Y114.05 E.01864
G1 X116.787 Y116.787 E.1278
G1 X116.988 Y116.441 E.01321
G1 X117.27 Y115.574 E.0301
G1 X117.284 Y114.866 E.02338
G1 X117.183 Y114.539 E.0113
G1 X116.704 Y113.837 F9000
;TYPE:Solid infill
;WIDTH:0.512972
G1 F900
G1 X116.294 Y113.544 E.0197
;WIDTH:0.515844
G1 X115.832 Y113.342 E.01983
G1 X115.248 Y113.244 E.02329
;WIDTH:0.52372
G1 X114.708 Y113.283 E.02164
G1 X114.153 Y113.478 E.02352
;WIDTH:0.518268
G1 X113.636 Y113.82 E.0245
;WIDTH:0.519634
G1 X113.207 Y114.296 E.0254
G1 X112.974 Y114.773 E.02104
;WIDTH:0.525816
G1 X112.941 Y115.378 E.02433
G1 X113.069 Y115.996 E.02534
;WIDTH:0.52353
G1 X113.337 Y116.545 E.02441
G1 X113.722 Y116.994 E.02364
G1 X114.19 Y117.32 E.02279
;WIDTH:0.545626
G1 X114.719 Y117.506 E.02344
G1 X115.245 Y117.565 E.02212
;WIDTH:0.53017
G1 X115.504 Y117.544 E.01053
;WIDTH:0.489631
G1 X115.764 Y117.524 E.00969
;LAYER_CHANGE
;Z:25.4
;HEIGHT:0.199999
;BEFORE_LAYER_CHANGE
G92 E0
;25.4


G1 E-3.5 F3600
;WIPE_START
G1 F7200
G1 X115.504 Y117.544 E-.12386
G1 X115.245 Y117.565 E-.12343
G1 X114.719 Y117.506 E-.25142
G1 X114.19 Y117.32 E-.26635
G1 X113.722 Y116.994 E-.27092
G1 X113.337 Y116.545 E-.28094
G1 X113.168 Y116.199 E-.18308
;WIPE_END
G1 Z25.4 F9000
;AFTER_LAYER_CHANGE
;25.4
G1 X113.674 Y113.165
G1 E5 F2400
;TYPE:Perimeter
;WIDTH:0.439999
G1 F900
G1 X113.746 Y113.085 E.00355
G1 X114.354 Y112.812 E.02201
G1 X114.873 Y112.7 E.01753
G1 X115.434 Y112.701 E.01852
G1 X115.932 Y112.785 E.01667
G1 X116.393 Y112.967 E.01636
G1 X116.834 Y113.235 E.01704
G1 X117.296 Y113.691 E.02143
G1 X117.619 Y114.231 E.02078
G1 X117.79 Y114.816 E.02012
G1 X117.814 Y115.249 E.01432
G1 X117.782 Y115.567 E.01055
G1 X117.643 Y116.05 E.01659
G1 X117.409 Y116.44 E.01502
G1 X117.086 Y116.834 E.01682
G1 X116.304 Y117.403 E.03193
G1 X116.013 Y117.531 E.0105
G1 X115.539 Y117.691 E.01652
G1 X114.98 Y117.71 E.01847
G1 X114.415 Y117.585 E.01911
G1 X113.881 Y117.312 E.0198
G1 X113.418 Y116.901 E.02044
G1 X113.15 Y116.522 E.01533
G1 X112.933 Y116.069 E.01658
G1 X112.82 Y115.598 E.01599
G1 X112.785 Y115.072 E.01741
G1 X112.867 Y114.529 E.01813
G1 X113.027 Y114.047 E.01677
G1 X113.298 Y113.579 E.01786
G1 X113.634 Y113.209 E.0165
G1 X113.394 Y112.877 F9000
G1 F900
G1 X113.509 Y112.76 E.00542
G1 X113.863 Y112.582 E.01308
G1 X114.28 Y112.42 E.01477
G1 X114.835 Y112.304 E.01872
G1 X115.466 Y112.305 E.02083
G1 X116.039 Y112.402 E.01919
G1 X116.599 Y112.626 E.01991
G1 X117.076 Y112.919 E.01848
G1 X117.494 Y113.316 E.01903
G1 X117.818 Y113.749 E.01786
G1 X118.048 Y114.25 E.0182
G1 X118.183 Y114.753 E.0172
G1 X118.21 Y115.262 E.01683
G1 X118.151 Y115.776 E.01708
G1 X117.932 Y116.379 E.02118
G1 X117.641 Y116.802 E.01695
G1 X117.344 Y117.138 E.01481
G1 X116.503 Y117.749 E.03432
G1 X115.9 Y118.015 E.02176
G1 X115.277 Y118.116 E.02084
G1 X114.768 Y118.079 E.01685
G1 X114.28 Y117.959 E.01659
G1 X113.802 Y117.727 E.01754
G1 X113.375 Y117.421 E.01734
G1 X113 Y117.009 E.01839
G1 X112.706 Y116.549 E.01803
G1 X112.502 Y116.003 E.01924
G1 X112.396 Y115.449 E.01862
G1 X112.41 Y114.838 E.02018
G1 X112.521 Y114.267 E.01921
G1 X112.781 Y113.66 E.0218
G1 X113.089 Y113.186 E.01866
G1 X113.352 Y112.919 E.01237
G1 X113.124 Y112.599 F9000
;TYPE:External perimeter
;WIDTH:0.419999
G1 F900
G1 X113.278 Y112.442 E.0069
G1 X113.69 Y112.236 E.01444
G1 X114.167 Y112.049 E.01606
G1 X114.797 Y111.918 E.02018
G1 X115.497 Y111.919 E.02195
G1 X116.144 Y112.029 E.02058
G1 X116.772 Y112.28 E.0212
G1 X117.312 Y112.611 E.01986
G1 X117.783 Y113.059 E.02038
G1 X118.151 Y113.551 E.01926
G1 X118.412 Y114.119 E.0196
G1 X118.566 Y114.692 E.0186
G1 X118.591 Y115.48 E.02472
G1 X118.463 Y116.086 E.01942
G1 X118.272 Y116.569 E.01629
G1 X117.96 Y117.022 E.01725
G1 X117.595 Y117.434 E.01726
G1 X116.697 Y118.086 E.03479
G1 X116.022 Y118.384 E.02313
G1 X115.666 Y118.466 E.01145
G1 X115.088 Y118.498 E.01815
G1 X114.526 Y118.433 E.01774
G1 X113.959 Y118.242 E.01876
G1 X113.439 Y117.961 E.01853
G1 X112.965 Y117.558 E.01951
G1 X112.572 Y117.088 E.01921
G1 X112.271 Y116.515 E.02029
G1 X112.075 Y115.914 E.01982
G1 X112.004 Y115.244 E.02112
G1 X112.046 Y114.595 E.02039
G1 X112.22 Y113.967 E.02043
G1 X112.439 Y113.48 E.01674
G1 X112.79 Y112.937 E.02027
G1 X113.082 Y112.642 E.01301
G1 X113.681 Y114.546 F9000
;TYPE:Internal infill
;WIDTH:0.44
G1 F900
G1 X113.572 Y115.124 E.01942
G1 X113.683 Y115.826 E.02347
G1 X113.867 Y116.189 E.01344
G1 X114.336 Y116.664 E.02204
G1 X116.724 Y114.276 E.1115
G1 X116.898 Y114.551 E.01074
G1 X117.281 Y115.732 E.04099
G1 X117.438 Y115.71 E.00523
G1 X117.316 Y116.036 E.01149
G1 X117.008 Y116.482 E.0179
G1 X116.721 Y116.721 E.01233
G1 X113.978 Y113.978 E.12808
G1 X114.218 Y113.709 E.0119
G1 X114.982 Y113.481 E.02632
G1 X115.742 Y113.551 E.0252
G1 X116.157 Y113.73 E.01492
G1 E-3.5 F3600
;WIPE_START
G1 F7200
G1 X115.742 Y113.551 E-.21468
G1 X114.982 Y113.481 E-.36253
G1 X114.218 Y113.709 E-.37872
G1 X113.978 Y113.978 E-.17124
G1 X114.533 Y114.533 E-.37283
;WIPE_END
G1 X114.522 Y117.291 F9000
G1 E5 F2400
;TYPE:Solid infill
;WIDTH:0.488841
G1 F900
G1 X114.301 Y117.156 E.0096
;WIDTH:0.526924
G1 X114.079 Y117.022 E.01044
;WIDTH:0.545538
G1 X113.69 Y116.664 E.02209
G1 X113.392 Y116.244 E.02152
;WIDTH:0.519436
G1 X113.199 Y115.722 E.02205
G1 X113.136 Y115.135 E.02339
G1 X113.226 Y114.531 E.0242
G1 X113.473 Y113.951 E.02498
G1 X113.866 Y113.446 E.02535
;WIDTH:0.522554
G1 X114.315 Y113.188 E.02065
;WIDTH:0.524086
G1 X114.906 Y113.049 E.02429
G1 X115.413 Y113.049 E.02028
;WIDTH:0.522342
G1 X115.895 Y113.143 E.01958
;WIDTH:0.523448
G1 X116.372 Y113.347 E.02073
G1 X116.795 Y113.665 E.02114
;WIDTH:0.530944
G1 X117.173 Y114.134 E.02444
G1 X117.385 Y114.62 E.02152
G1 X117.445 Y114.872 E.01051
;WIDTH:0.49013
G1 X117.506 Y115.125 E.00968
;LAYER_CHANGE
;Z:25.6
;HEIGHT:0.200001
;BEFORE_LAYER_CHANGE
G92 E0
;25.6


G1 E-3.5 F3600
;WIPE_START
G1 F7200
G1 X117.445 Y114.872 E-.12362
G1 X117.385 Y114.62 E-.12305
G1 X117.173 Y114.134 E-.25186
G1 X116.795 Y113.665 E-.28612
G1 X116.372 Y113.347 E-.25137
G1 X115.895 Y113.143 E-.24643
G1 X115.446 Y113.055 E-.21755
;WIPE_END
G1 Z25.6 F9000
;AFTER_LAYER_CHANGE
;25.6
G1 X115.605 Y112.533
G1 E5 F2400
;TYPE:Perimeter
;WIDTH:0.439999
G1 F900
G1 X115.993 Y112.597 E.01298
G1 X116.516 Y112.806 E.0186
G1 X116.945 Y113.069 E.01661
G1 X117.322 Y113.421 E.01703
G1 X117.64 Y113.84 E.01737
G1 X117.849 Y114.282 E.01614
G1 X117.985 Y114.771 E.01676
G1 X118.008 Y115.41 E.02111
G1 X117.875 Y116.015 E.02045
G1 X117.603 Y116.549 E.01979
G1 X117.307 Y116.896 E.01506
G1 X116.911 Y117.205 E.01658
G1 X116.491 Y117.382 E.01505
G1 X115.999 Y117.512 E.0168
G1 X115.032 Y117.512 E.03193
G1 X114.721 Y117.445 E.0105
G1 X114.244 Y117.295 E.01651
G1 X113.78 Y116.982 E.01848
G1 X113.397 Y116.549 E.01909
G1 X113.125 Y116.015 E.01979
G1 X112.992 Y115.41 E.02045
G1 X112.998 Y114.945 E.01535
G1 X113.089 Y114.452 E.01655
G1 X113.274 Y114.004 E.016
G1 X113.555 Y113.558 E.0174
G1 X113.94 Y113.167 E.01812
G1 X114.353 Y112.871 E.01678
G1 X114.847 Y112.652 E.01784
G1 X115.5 Y112.515 E.02203
G1 X115.546 Y112.523 E.00154
G1 X115.662 Y112.14 F9000
G1 F900
G1 X116.091 Y112.211 E.01436
G1 X116.692 Y112.45 E.02135
G1 X117.186 Y112.751 E.0191
G1 X117.637 Y113.177 E.02048
G1 X117.981 Y113.634 E.01889
G1 X118.232 Y114.173 E.01963
G1 X118.377 Y114.707 E.01827
G1 X118.404 Y115.446 E.02442
G1 X118.296 Y115.987 E.01821
G1 X118.109 Y116.473 E.01719
G1 X117.833 Y116.901 E.01681
G1 X117.482 Y117.282 E.0171
G1 X116.951 Y117.641 E.02116
G1 X116.467 Y117.812 E.01695
G1 X116.029 Y117.909 E.01481
G1 X114.99 Y117.909 E.0343
G1 X114.345 Y117.77 E.02179
G1 X113.782 Y117.485 E.02083
G1 X113.392 Y117.156 E.01685
G1 X113.068 Y116.772 E.01659
G1 X112.817 Y116.303 E.01756
G1 X112.651 Y115.805 E.01733
G1 X112.591 Y115.251 E.0184
G1 X112.623 Y114.707 E.01799
G1 X112.779 Y114.145 E.01926
G1 X113.019 Y113.634 E.01864
G1 X113.389 Y113.149 E.02014
G1 X113.814 Y112.751 E.01922
G1 X114.382 Y112.414 E.02181
G1 X114.909 Y112.211 E.01865
G1 X115.5 Y112.113 E.01978
G1 X115.603 Y112.13 E.00345
G1 X115.717 Y111.756 F9000
;TYPE:External perimeter
;WIDTH:0.419999
G1 F900
G1 X116.186 Y111.834 E.01491
G1 X116.864 Y112.103 E.02287
G1 X117.42 Y112.442 E.02042
G1 X117.925 Y112.919 E.02178
G1 X118.313 Y113.434 E.02022
G1 X118.595 Y114.039 E.02093
G1 X118.76 Y114.644 E.01966
G1 X118.796 Y115.262 E.01941
G1 X118.757 Y115.696 E.01366
G1 X118.614 Y116.28 E.01885
G1 X118.348 Y116.83 E.01916
G1 X118.012 Y117.3 E.01811
G1 X117.553 Y117.716 E.01942
G1 X117.115 Y117.994 E.01627
G1 X116.595 Y118.177 E.01728
G1 X116.058 Y118.296 E.01725
G1 X114.948 Y118.296 E.0348
G1 X114.228 Y118.14 E.0231
G1 X113.891 Y117.997 E.01148
G1 X113.404 Y117.683 E.01817
G1 X112.988 Y117.3 E.01773
G1 X112.642 Y116.813 E.01873
G1 X112.386 Y116.28 E.01854
G1 X112.24 Y115.675 E.01951
G1 X112.198 Y115.064 E.0192
G1 X112.291 Y114.423 E.02031
G1 X112.485 Y113.822 E.0198
G1 X112.822 Y113.238 E.02114
G1 X113.238 Y112.738 E.02039
G1 X113.748 Y112.331 E.02046
G1 X114.211 Y112.067 E.01671
G1 X114.814 Y111.834 E.02027
G1 X115.5 Y111.721 E.0218
G1 X115.658 Y111.747 E.00502
G1 X116.19 Y113.524 F9000
;TYPE:Internal infill
;WIDTH:0.44
G1 F900
G1 X115.516 Y113.297 E.02348
G1 X115.217 Y113.356 E.01006
G1 X114.515 Y113.709 E.02594
G1 X114.121 Y114.121 E.01882
G1 X116.868 Y116.868 E.12827
G1 X116.143 Y117.181 E.02607
G1 X115.064 Y117.206 E.03564
G1 X114.559 Y117.097 E.01706
G1 X114.132 Y116.868 E.016
G1 X116.879 Y114.121 E.12827
G1 X117.161 Y114.696 E.02115
G1 X117.214 Y115.402 E.02338
G1 X116.918 Y116.385 E.0339
G1 E-3.5 F3600
;WIPE_START
G1 F7200
G1 X117.214 Y115.402 E-.48763
G1 X117.161 Y114.696 E-.33629
G1 X116.879 Y114.121 E-.3042
G1 X116.325 Y114.675 E-.37188
;WIPE_END
G1 X113.656 Y116.376 F9000
G1 E5 F2400
;TYPE:Solid infill
;WIDTH:0.489629
G1 F900
G1 X113.557 Y116.136 E.00964
;WIDTH:0.530174
G1 X113.458 Y115.896 E.01052
;WIDTH:0.545628
G1 X113.351 Y115.377 E.02215
G1 X113.368 Y114.829 E.02292
;WIDTH:0.539586
G1 X113.531 Y114.284 E.02349
;WIDTH:0.540292
G1 X113.836 Y113.78 E.02436
;WIDTH:0.540992
G1 X114.271 Y113.354 E.02522
;WIDTH:0.541938
G1 X114.824 Y113.037 E.02645
G1 X115.119 Y112.93 E.01302
;WIDTH:0.521842
G1 X115.615 Y112.878 E.01986
;WIDTH:0.50755
G1 X116.183 Y113.043 E.02285
;WIDTH:0.505534
G1 X116.728 Y113.356 E.02418
;WIDTH:0.50592
G1 X117.163 Y113.782 E.02344
;WIDTH:0.50642
G1 X117.463 Y114.275 E.02224
;WIDTH:0.509254
G1 X117.621 Y114.779 E.02048
;WIDTH:0.511052
G1 X117.647 Y115.401 E.02423
;WIDTH:0.521528
G1 X117.611 Y115.669 E.01076
G1 X117.451 Y116.138 E.01972
;LAYER_CHANGE
;Z:25.8
;HEIGHT:0.199999
;BEFORE_LAYER_CHANGE
G92 E0
;25.8


G1 E-3.5 F3600
;WIPE_START
G1 F7200
G1 X117.611 Y115.669 E-.23538
G1 X117.647 Y115.401 E-.12844
G1 X117.621 Y114.779 E-.29571
G1 X117.463 Y114.275 E-.25089
G1 X117.163 Y113.782 E-.27412
G1 X116.728 Y113.356 E-.2892
G1 X116.68 Y113.328 E-.02626
;WIPE_END
G1 Z25.8 F9000
;AFTER_LAYER_CHANGE
;25.8
G1 X117.329 Y113.161
G1 E5 F2400
;TYPE:Perimeter
;WIDTH:0.439999
G1 F900
G1 X117.487 Y113.321 E.00742
G1 X117.804 Y113.726 E.01698
G1 X118.045 Y114.241 E.01877
G1 X118.179 Y114.726 E.01661
G1 X118.208 Y115.415 E.02277
G1 X118.116 Y115.895 E.01614
G1 X117.938 Y116.371 E.01678
G1 X117.582 Y116.901 E.02108
G1 X117.119 Y117.312 E.02044
G1 X116.585 Y117.585 E.0198
G1 X116.02 Y117.71 E.01911
G1 X115.492 Y117.694 E.01744
G1 X114.947 Y117.532 E.01877
G1 X114.438 Y117.224 E.01964
G1 X113.943 Y116.856 E.02037
G1 X113.727 Y116.615 E.01069
G1 X113.428 Y116.214 E.01652
G1 X113.237 Y115.688 E.01848
G1 X113.182 Y115.112 E.0191
G1 X113.276 Y114.52 E.01979
G1 X113.524 Y113.953 E.02043
G1 X113.802 Y113.58 E.01536
G1 X114.166 Y113.235 E.01656
G1 X114.579 Y112.982 E.01599
G1 X115.068 Y112.785 E.01741
G1 X115.563 Y112.7 E.01658
G1 X116.068 Y112.698 E.01667
G1 X116.646 Y112.812 E.01945
G1 X117.254 Y113.085 E.02201
G1 X117.287 Y113.119 E.00156
G1 X117.606 Y112.877 F9000
G1 F900
G1 X117.769 Y113.042 E.00766
G1 X118.144 Y113.519 E.02003
G1 X118.417 Y114.102 E.02125
G1 X118.571 Y114.66 E.01911
G1 X118.609 Y115.236 E.01906
G1 X118.573 Y115.657 E.01395
G1 X118.442 Y116.201 E.01847
G1 X118.193 Y116.722 E.01907
G1 X117.881 Y117.163 E.01784
G1 X117.475 Y117.538 E.01825
G1 X117.039 Y117.821 E.01716
G1 X116.564 Y118.004 E.01681
G1 X116.056 Y118.106 E.01711
G1 X115.415 Y118.085 E.02118
G1 X114.785 Y117.898 E.0217
G1 X114.216 Y117.554 E.02195
G1 X113.673 Y117.151 E.02233
G1 X113.232 Y116.657 E.02186
G1 X112.943 Y116.096 E.02084
G1 X112.821 Y115.601 E.01683
G1 X112.784 Y115.1 E.01659
G1 X112.858 Y114.573 E.01757
G1 X113.016 Y114.072 E.01734
G1 X113.292 Y113.589 E.01837
G1 X113.639 Y113.167 E.01804
G1 X114.095 Y112.804 E.01924
G1 X114.59 Y112.532 E.01865
G1 X115.174 Y112.357 E.02013
G1 X115.751 Y112.286 E.01919
G1 X116.398 Y112.347 E.02146
G1 X116.956 Y112.492 E.01904
G1 X117.491 Y112.76 E.01976
G1 X117.564 Y112.834 E.00343
G1 X117.876 Y112.599 F9000
;TYPE:External perimeter
;WIDTH:0.419999
G1 F900
G1 X118.21 Y112.937 E.0149
G1 X118.561 Y113.48 E.02027
G1 X118.78 Y113.966 E.01671
G1 X118.954 Y114.595 E.02046
G1 X118.995 Y115.279 E.02148
G1 X118.925 Y115.914 E.02003
G1 X118.719 Y116.54 E.02066
G1 X118.428 Y117.088 E.01945
G1 X118.02 Y117.573 E.01987
G1 X117.561 Y117.961 E.01884
G1 X117.022 Y118.25 E.01918
G1 X116.474 Y118.433 E.01811
G1 X115.858 Y118.499 E.01942
G1 X115.34 Y118.467 E.01627
G1 X114.628 Y118.255 E.02329
G1 X114 Y117.876 E.023
G1 X113.411 Y117.438 E.02301
G1 X112.919 Y116.888 E.02314
G1 X112.73 Y116.574 E.01149
G1 X112.522 Y116.034 E.01814
G1 X112.409 Y115.48 E.01773
G1 X112.416 Y114.882 E.01875
G1 X112.522 Y114.3 E.01855
G1 X112.759 Y113.725 E.0195
G1 X113.085 Y113.206 E.01922
G1 X113.537 Y112.743 E.02029
G1 X114.047 Y112.37 E.01981
G1 X114.663 Y112.096 E.02114
G1 X115.293 Y111.936 E.02038
G1 X115.955 Y111.908 E.02078
G1 X116.458 Y111.965 E.01587
G1 X117.1 Y112.131 E.02079
G1 X117.722 Y112.442 E.0218
G1 X117.834 Y112.556 E.00501
G1 E-3.5 F3600
;WIPE_START
G1 F7200
G1 X117.876 Y112.599 E-.02855
G1 X118.21 Y112.937 E-.22571
G1 X118.561 Y113.48 E-.30712
G1 X118.78 Y113.966 E-.25321
G1 X118.954 Y114.595 E-.31
G1 X118.995 Y115.279 E-.32548
G1 X118.984 Y115.384 E-.04993
;WIPE_END
G1 X117.319 Y114.547 F9000
G1 E5 F2400
;TYPE:Internal infill
;WIDTH:0.44
G1 F900
G1 X117.428 Y115.124 E.01939
G1 X117.317 Y115.826 E.02347
G1 X116.944 Y116.428 E.02338
G1 X116.662 Y116.662 E.0121
G1 X114.274 Y114.274 E.1115
G1 X114.089 Y114.593 E.01218
G1 X113.719 Y115.732 E.03954
G1 X113.562 Y115.71 E.00523
G1 X113.8 Y116.239 E.01915
G1 X114.276 Y116.724 E.02244
G1 X117.022 Y113.978 E.12822
G1 X116.782 Y113.709 E.0119
G1 X116.014 Y113.481 E.02645
G1 X115.5 Y113.497 E.01698
G1 X114.843 Y113.73 E.02302
G1 X113.493 Y115.125 F9000
;TYPE:Solid infill
;WIDTH:0.489625
G1 F900
G1 X113.554 Y114.872 E.00967
;WIDTH:0.53017
G1 X113.615 Y114.62 E.0105
;WIDTH:0.545624
G1 X113.834 Y114.138 E.02213
G1 X114.17 Y113.704 E.02294
;WIDTH:0.539582
G1 X114.622 Y113.359 E.02348
;WIDTH:0.540614
G1 X115.165 Y113.13 E.02439
;WIDTH:0.54096
G1 X115.765 Y113.042 E.02511
;WIDTH:0.541438
G1 X116.407 Y113.112 E.02677
G1 X116.703 Y113.197 E.01277
;WIDTH:0.521836
G1 X117.134 Y113.447 E.01984
;WIDTH:0.507542
G1 X117.497 Y113.913 E.02282
;WIDTH:0.505524
G1 X117.754 Y114.487 E.02419
;WIDTH:0.50592
G1 X117.856 Y115.087 E.02343
;WIDTH:0.506428
G1 X117.808 Y115.663 E.02228
;WIDTH:0.509258
G1 X117.64 Y116.163 E.02045
;WIDTH:0.511052
G1 X117.295 Y116.682 E.02426
;WIDTH:0.521528
G1 X117.108 Y116.877 E.01075
G1 X116.703 Y117.163 E.01973
;LAYER_CHANGE
;Z:26
;HEIGHT:0.200001
;BEFORE_LAYER_CHANGE
G92 E0
;26


G1 E-3.5 F3600
;WIPE_START
G1 F7200
G1 X117.108 Y116.877 E-.23551
G1 X117.295 Y116.682 E-.12833
G1 X117.64 Y116.163 E-.29602
G1 X117.808 Y115.663 E-.25055
G1 X117.856 Y115.087 E-.27455
G1 X117.754 Y114.487 E-.28909
G1 X117.732 Y114.437 E-.02595
;WIPE_END
G1 Z26 F9000
;AFTER_LAYER_CHANGE
;26
G1 X118.35 Y114.684
G1 E5 F2400
;TYPE:Perimeter
;WIDTH:0.439999
G1 F900
G1 X118.41 Y115.241 E.0185
G1 X118.376 Y115.634 E.01302
G1 X118.259 Y116.123 E.0166
G1 X118.04 Y116.591 E.01706
G1 X117.741 Y117.022 E.01732
G1 X117.384 Y117.357 E.01616
G1 X116.961 Y117.638 E.01677
G1 X116.361 Y117.857 E.02109
G1 X115.744 Y117.918 E.02047
G1 X115.153 Y117.824 E.01976
G1 X114.731 Y117.65 E.01507
G1 X114.315 Y117.369 E.01658
G1 X114.016 Y117.025 E.01505
G1 X113.741 Y116.597 E.0168
G1 X113.442 Y115.676 E.03197
G1 X113.41 Y115.36 E.01049
G1 X113.405 Y114.86 E.01651
G1 X113.559 Y114.322 E.01848
G1 X113.853 Y113.824 E.01909
G1 X114.277 Y113.4 E.0198
G1 X114.811 Y113.087 E.02044
G1 X115.255 Y112.949 E.01535
G1 X115.752 Y112.883 E.01655
G1 X116.235 Y112.921 E.016
G1 X116.746 Y113.05 E.0174
G1 X117.236 Y113.296 E.0181
G1 X117.646 Y113.597 E.01679
G1 X118.007 Y113.999 E.01784
G1 X118.339 Y114.578 E.02204
G1 X118.344 Y114.624 E.00153
G1 X118.746 Y114.616 F9000
G1 F900
G1 X118.781 Y114.845 E.00765
G1 X118.807 Y115.292 E.01478
G1 X118.744 Y115.86 E.01887
G1 X118.548 Y116.46 E.02084
G1 X118.279 Y116.97 E.01904
G1 X117.893 Y117.433 E.0199
G1 X117.468 Y117.797 E.01848
G1 X116.961 Y118.072 E.01904
G1 X116.449 Y118.245 E.01784
G1 X115.901 Y118.31 E.01822
G1 X115.381 Y118.282 E.01719
G1 X114.889 Y118.151 E.01681
G1 X114.418 Y117.936 E.01709
G1 X113.912 Y117.542 E.02117
G1 X113.6 Y117.134 E.01696
G1 X113.373 Y116.747 E.01481
G1 X113.051 Y115.759 E.03431
G1 X112.984 Y115.103 E.02177
G1 X113.081 Y114.479 E.02085
G1 X113.274 Y114.007 E.01684
G1 X113.538 Y113.58 E.01658
G1 X113.907 Y113.197 E.01756
G1 X114.33 Y112.885 E.01735
G1 X114.838 Y112.656 E.0184
G1 X115.365 Y112.518 E.01799
G1 X115.948 Y112.493 E.01927
G1 X116.508 Y112.564 E.01864
G1 X117.084 Y112.766 E.02015
G1 X117.593 Y113.048 E.01921
G1 X118.09 Y113.483 E.02181
G1 X118.446 Y113.922 E.01866
G1 X118.721 Y114.453 E.01974
G1 X118.737 Y114.556 E.00344
G1 X119.127 Y114.55 F9000
;TYPE:External perimeter
;WIDTH:0.419999
G1 F900
G1 X119.163 Y114.787 E.00752
G1 X119.194 Y115.255 E.01471
G1 X119.164 Y115.665 E.01289
G1 X119.055 Y116.187 E.01672
G1 X118.826 Y116.798 E.02046
G1 X118.457 Y117.375 E.02147
G1 X118.028 Y117.849 E.02005
G1 X117.492 Y118.233 E.02067
G1 X116.935 Y118.505 E.01944
G1 X116.32 Y118.658 E.01987
G1 X115.721 Y118.703 E.01883
G1 X115.115 Y118.62 E.01918
G1 X114.564 Y118.446 E.01812
G1 X114.027 Y118.137 E.01943
G1 X113.627 Y117.806 E.01628
G1 X113.292 Y117.369 E.01726
G1 X113.013 Y116.894 E.01727
G1 X112.671 Y115.839 E.03477
G1 X112.596 Y115.106 E.0231
G1 X112.628 Y114.741 E.01149
G1 X112.776 Y114.182 E.01813
G1 X113.012 Y113.667 E.01776
G1 X113.368 Y113.187 E.01874
G1 X113.796 Y112.779 E.01854
G1 X114.326 Y112.453 E.01951
G1 X114.894 Y112.225 E.01919
G1 X115.533 Y112.115 E.02033
G1 X116.165 Y112.114 E.01982
G1 X116.824 Y112.255 E.02113
G1 X117.428 Y112.495 E.02038
G1 X117.972 Y112.854 E.02044
G1 X118.367 Y113.213 E.01674
G1 X118.775 Y113.715 E.02028
G1 X119.094 Y114.332 E.02178
G1 X119.118 Y114.49 E.00501
G1 X117.535 Y114.71 F9000
;TYPE:Internal infill
;WIDTH:0.44
G1 F900
G1 X117.627 Y115.106 E.01342
G1 X117.508 Y115.883 E.02595
G1 X117.281 Y116.329 E.01652
G1 X116.808 Y116.808 E.02223
G1 X114.34 Y114.34 E.11524
G1 X114.885 Y113.94 E.02232
G1 X115.349 Y113.734 E.01676
G1 X115.708 Y113.676 E.01201
G1 X116.453 Y113.782 E.02485
G1 X116.95 Y114.05 E.01864
G1 X114.217 Y116.783 E.12761
G1 X114.025 Y116.481 E.01182
G1 X113.743 Y115.613 E.03013
G1 X113.707 Y114.906 E.02337
G1 X113.791 Y114.581 E.01108
G1 X113.839 Y114.623 E.00211
G1 X114.099 Y114.017 F9000
;TYPE:Solid infill
;WIDTH:0.488839
G1 F900
G1 X114.295 Y113.848 E.0096
;WIDTH:0.526922
G1 X114.492 Y113.679 E.01045
;WIDTH:0.545534
G1 X114.953 Y113.419 E.02212
G1 X115.481 Y113.264 E.023
;WIDTH:0.54772
G1 X116.048 Y113.256 E.0238
G1 X116.622 Y113.385 E.02469
;WIDTH:0.541948
G1 X117.168 Y113.672 E.0256
G1 X117.42 Y113.865 E.01317
;WIDTH:0.523648
G1 X117.794 Y114.297 E.02284
;WIDTH:0.519628
G1 X118.026 Y114.773 E.02099
;WIDTH:0.50598
G1 X118.048 Y115.39 E.02377
;WIDTH:0.50553
G1 X117.919 Y116.005 E.02417
;WIDTH:0.505916
G1 X117.648 Y116.551 E.02347
;WIDTH:0.506418
G1 X117.271 Y116.989 E.02227
;WIDTH:0.509256
G1 X116.841 Y117.294 E.02044
;WIDTH:0.511052
G1 X116.257 Y117.511 E.02425
;WIDTH:0.521532
G1 X115.992 Y117.559 E.01072
G1 X115.496 Y117.552 E.01974
;LAYER_CHANGE
;Z:26.2
;HEIGHT:0.200001
;BEFORE_LAYER_CHANGE
G92 E0
;26.2


G1 E-3.5 F3600
;WIPE_START
G1 F7200
G1 X115.992 Y117.559 E-.23562
G1 X116.257 Y117.511 E-.12792
G1 X116.841 Y117.294 E-.29593
G1 X117.271 Y116.989 E-.25041
G1 X117.648 Y116.551 E-.2745
G1 X117.919 Y116.005 E-.28954
G1 X117.93 Y115.951 E-.02608
;WIPE_END
G1 Z26.2 F9000
;AFTER_LAYER_CHANGE
;26.2
G1 X118.289 Y116.517
G1 E5 F2400
;TYPE:Perimeter
;WIDTH:0.439999
G1 F900
G1 X118.109 Y116.866 E.01297
G1 X117.748 Y117.299 E.01861
G1 X117.366 Y117.626 E.0166
G1 X116.914 Y117.876 E.01705
G1 X116.418 Y118.049 E.01734
G1 X115.933 Y118.11 E.01614
G1 X115.425 Y118.088 E.01679
G1 X114.811 Y117.913 E.02108
G1 X114.277 Y117.6 E.02044
G1 X113.853 Y117.176 E.0198
G1 X113.614 Y116.787 E.01507
G1 X113.443 Y116.315 E.01658
G1 X113.403 Y115.861 E.01505
G1 X113.432 Y115.353 E.0168
G1 X113.731 Y114.433 E.03194
G1 X113.891 Y114.158 E.0105
G1 X114.181 Y113.75 E.01653
G1 X114.622 Y113.406 E.01847
G1 X115.153 Y113.176 E.01911
G1 X115.744 Y113.082 E.01976
G1 X116.361 Y113.143 E.02047
G1 X116.801 Y113.292 E.01534
G1 X117.242 Y113.531 E.01656
G1 X117.61 Y113.845 E.01597
G1 X117.948 Y114.25 E.01742
G1 X118.2 Y114.737 E.0181
G1 X118.355 Y115.222 E.01681
G1 X118.41 Y115.759 E.01782
G1 X118.339 Y116.422 E.02202
G1 X118.317 Y116.464 E.00157
G1 X118.646 Y116.692 F9000
G1 F900
G1 X118.539 Y116.899 E.00769
G1 X118.298 Y117.275 E.01475
G1 X117.913 Y117.698 E.01889
G1 X117.402 Y118.068 E.02083
G1 X116.884 Y118.323 E.01906
G1 X116.3 Y118.471 E.01989
G1 X115.742 Y118.515 E.01848
G1 X115.17 Y118.439 E.01905
G1 X114.654 Y118.279 E.01784
G1 X114.173 Y118.009 E.01821
G1 X113.768 Y117.681 E.01721
G1 X113.447 Y117.286 E.01681
G1 X113.193 Y116.835 E.01709
G1 X113.015 Y116.218 E.0212
G1 X113.002 Y115.705 E.01694
G1 X113.046 Y115.259 E.0148
G1 X113.367 Y114.27 E.03433
G1 X113.698 Y113.7 E.02176
G1 X113.989 Y113.389 E.01406
G1 X114.418 Y113.064 E.01777
G1 X114.888 Y112.849 E.01706
G1 X115.381 Y112.718 E.01684
G1 X115.92 Y112.691 E.01782
G1 X116.449 Y112.755 E.01759
G1 X116.984 Y112.939 E.01868
G1 X117.468 Y113.203 E.0182
G1 X117.916 Y113.59 E.01955
G1 X118.279 Y114.03 E.01883
G1 X118.567 Y114.584 E.02062
G1 X118.744 Y115.14 E.01927
G1 X118.811 Y115.955 E.027
G1 X118.721 Y116.547 E.01977
G1 X118.673 Y116.639 E.00343
G1 X118.993 Y116.863 F9000
;TYPE:External perimeter
;WIDTH:0.419999
G1 F900
G1 X118.775 Y117.285 E.01489
G1 X118.367 Y117.787 E.02028
G1 X117.972 Y118.146 E.01674
G1 X117.428 Y118.505 E.02044
G1 X116.79 Y118.756 E.0215
G1 X116.164 Y118.886 E.02005
G1 X115.505 Y118.882 E.02066
G1 X114.894 Y118.775 E.01945
G1 X114.307 Y118.537 E.01986
G1 X113.796 Y118.221 E.01884
G1 X113.355 Y117.798 E.01916
G1 X113.012 Y117.333 E.01812
G1 X112.758 Y116.767 E.01945
G1 X112.629 Y116.265 E.01625
G1 X112.615 Y115.715 E.01725
G1 X112.669 Y115.167 E.01727
G1 X113.012 Y114.111 E.03481
G1 X113.382 Y113.474 E.0231
G1 X113.777 Y113.06 E.01794
G1 X114.22 Y112.731 E.0173
G1 X114.756 Y112.485 E.01849
G1 X115.321 Y112.335 E.01833
G1 X115.933 Y112.304 E.01921
G1 X116.535 Y112.376 E.01901
G1 X117.139 Y112.584 E.02003
G1 X117.688 Y112.884 E.01962
G1 X118.192 Y113.318 E.02085
G1 X118.602 Y113.815 E.0202
G1 X118.923 Y114.434 E.02186
G1 X119.124 Y115.06 E.02061
G1 X119.199 Y115.98 E.02894
G1 X119.094 Y116.668 E.02182
G1 X119.021 Y116.81 E.00501
G1 X117.535 Y116.29 F9000
;TYPE:Internal infill
;WIDTH:0.44
G1 F900
G1 X117.627 Y115.894 E.01342
G1 X117.508 Y115.117 E.02595
G1 X117.281 Y114.671 E.01652
G1 X116.808 Y114.192 E.02223
G1 X114.336 Y116.664 E.11543
G1 X114.655 Y116.901 E.01312
G1 X115.105 Y117.173 E.01736
G1 X115.751 Y117.328 E.02193
G1 X116.453 Y117.218 E.02346
G1 X116.95 Y116.95 E.01864
G1 X114.213 Y114.213 E.1278
G1 X114.012 Y114.559 E.01321
G1 X113.73 Y115.426 E.0301
G1 X113.716 Y116.134 E.02338
G1 X113.815 Y116.472 E.01163
G1 E-3.5 F3600
;WIPE_START
G1 F7200
G1 X113.716 Y116.134 E-.1673
G1 X113.73 Y115.426 E-.33637
G1 X114.012 Y114.559 E-.43306
G1 X114.213 Y114.213 E-.19007
G1 X114.769 Y114.769 E-.3732
;WIPE_END
G1 X115.491 Y113.454 F9000
G1 E5 F2400
;TYPE:Solid infill
;WIDTH:0.532444
G1 F900
G1 X116.018 Y113.445 E.02145
G1 X116.522 Y113.556 E.02101
;WIDTH:0.524806
G1 X117.001 Y113.794 E.02143
;WIDTH:0.519308
G1 X117.441 Y114.173 E.023
G1 X117.784 Y114.666 E.02379
;WIDTH:0.519488
G1 X117.999 Y115.248 E.02459
;WIDTH:0.51963
G1 X118.063 Y115.874 E.02494
G1 X117.971 Y116.396 E.02101
;WIDTH:0.505978
G1 X117.626 Y116.909 E.0238
;WIDTH:0.50553
G1 X117.16 Y117.33 E.02416
;WIDTH:0.505918
G1 X116.62 Y117.613 E.02347
;WIDTH:0.50642
G1 X116.058 Y117.745 E.02225
;WIDTH:0.509256
G1 X115.531 Y117.74 E.02044
;WIDTH:0.515654
G1 X114.968 Y117.586 E.02294
G1 X114.429 Y117.266 E.02464
;WIDTH:0.504838
G1 X114.288 Y117.16 E.00678
;LAYER_CHANGE
;Z:26.4
;HEIGHT:0.199999
;BEFORE_LAYER_CHANGE
G92 E0
;26.4


G1 E-3.5 F3600
;WIPE_START
G1 F7200
G1 X114.429 Y117.266 E-.08379
G1 X114.968 Y117.586 E-.29775
G1 X115.531 Y117.74 E-.27725
G1 X116.058 Y117.745 E-.25034
G1 X116.62 Y117.613 E-.27421
G1 X117.16 Y117.33 E-.28959
G1 X117.202 Y117.292 E-.02707
;WIPE_END
G1 Z26.4 F9000
;AFTER_LAYER_CHANGE
;26.4
G1 X117.159 Y117.963
G1 E5 F2400
;TYPE:Perimeter
;WIDTH:0.439999
G1 F900
G1 X116.808 Y118.138 E.01295
G1 X116.261 Y118.277 E.01863
G1 X115.76 Y118.317 E.01659
G1 X115.245 Y118.252 E.01714
G1 X114.744 Y118.101 E.01728
G1 X114.316 Y117.866 E.01612
G1 X113.918 Y117.55 E.01678
G1 X113.524 Y117.047 E.0211
G1 X113.276 Y116.48 E.02043
G1 X113.182 Y115.888 E.01979
G1 X113.237 Y115.312 E.0191
G1 X113.416 Y114.815 E.01744
G1 X113.739 Y114.346 E.0188
G1 X114.188 Y113.957 E.01961
G1 X114.691 Y113.6 E.02037
G1 X115.226 Y113.363 E.01932
G1 X115.706 Y113.285 E.01606
G1 X116.334 Y113.343 E.02082
G1 X116.858 Y113.534 E.01841
G1 X117.362 Y113.877 E.02013
G1 X117.776 Y114.351 E.02078
G1 X117.997 Y114.767 E.01555
G1 X118.157 Y115.251 E.01683
G1 X118.215 Y115.928 E.02243
G1 X118.133 Y116.47 E.0181
G1 X117.973 Y116.953 E.0168
G1 X117.702 Y117.421 E.01786
G1 X117.254 Y117.915 E.02202
G1 X117.212 Y117.936 E.00155
G1 X117.344 Y118.314 F9000
G1 F900
G1 X117.137 Y118.418 E.00765
G1 X116.72 Y118.58 E.01477
G1 X116.16 Y118.697 E.01889
G1 X115.529 Y118.696 E.02083
G1 X114.961 Y118.598 E.01903
G1 X114.401 Y118.374 E.01991
G1 X113.924 Y118.081 E.01848
G1 X113.506 Y117.684 E.01903
G1 X113.182 Y117.251 E.01786
G1 X112.952 Y116.749 E.01823
G1 X112.817 Y116.247 E.01716
G1 X112.79 Y115.738 E.01683
G1 X112.849 Y115.224 E.01708
G1 X113.068 Y114.621 E.02118
G1 X113.44 Y114.079 E.0217
G1 X113.943 Y113.644 E.02196
G1 X114.494 Y113.253 E.02231
G1 X115.1 Y112.985 E.02188
G1 X115.705 Y112.886 E.02024
G1 X116.408 Y112.951 E.02331
G1 X116.897 Y113.118 E.01706
G1 X117.343 Y113.359 E.01674
G1 X117.76 Y113.715 E.0181
G1 X118.106 Y114.129 E.01781
G1 X118.373 Y114.636 E.01892
G1 X118.546 Y115.167 E.01844
G1 X118.608 Y115.73 E.0187
G1 X118.59 Y116.161 E.01424
G1 X118.479 Y116.733 E.01924
G1 X118.219 Y117.34 E.0218
G1 X117.911 Y117.814 E.01866
G1 X117.491 Y118.24 E.01975
G1 X117.398 Y118.287 E.00344
G1 X117.525 Y118.656 F9000
;TYPE:External perimeter
;WIDTH:0.419999
G1 F900
G1 X117.1 Y118.869 E.01491
G1 X116.475 Y119.036 E.02028
G1 X115.945 Y119.093 E.01671
G1 X115.293 Y119.064 E.02046
G1 X114.63 Y118.892 E.02148
G1 X114.047 Y118.63 E.02004
G1 X113.516 Y118.24 E.02066
G1 X113.085 Y117.794 E.01945
G1 X112.75 Y117.256 E.01987
G1 X112.522 Y116.7 E.01884
G1 X112.414 Y116.098 E.01918
G1 X112.409 Y115.52 E.01812
G1 X112.537 Y114.914 E.01942
G1 X112.728 Y114.431 E.01629
G1 X113.15 Y113.819 E.02331
G1 X113.703 Y113.339 E.02296
G1 X114.302 Y112.914 E.02303
G1 X114.774 Y112.706 E.01617
G1 X115.192 Y112.567 E.01381
G1 X115.703 Y112.497 E.01617
G1 X116.48 Y112.569 E.02447
G1 X117.051 Y112.762 E.0189
G1 X117.561 Y113.039 E.0182
G1 X118.035 Y113.442 E.01951
G1 X118.428 Y113.912 E.01921
G1 X118.729 Y114.485 E.02029
G1 X118.925 Y115.086 E.01982
G1 X118.996 Y115.756 E.02112
G1 X118.954 Y116.405 E.02039
G1 X118.78 Y117.034 E.02046
G1 X118.561 Y117.52 E.01671
G1 X118.21 Y118.063 E.02027
G1 X117.722 Y118.558 E.02179
G1 X117.578 Y118.629 E.00503
G1 E-3.5 F3600
;WIPE_START
G1 F7200
G1 X117.525 Y118.656 E-.02825
G1 X117.1 Y118.869 E-.22581
G1 X116.475 Y119.036 E-.30729
G1 X115.945 Y119.093 E-.2532
G1 X115.293 Y119.064 E-.31001
G1 X114.63 Y118.892 E-.32535
G1 X114.534 Y118.849 E-.05009
;WIPE_END
G1 X114.844 Y117.271 F9000
G1 E5 F2400
;TYPE:Internal infill
;WIDTH:0.44
G1 F900
G1 X115.504 Y117.504 E.02311
G1 X116.014 Y117.519 E.01685
G1 X116.782 Y117.291 E.02645
G1 X117.022 Y117.022 E.0119
G1 X114.281 Y114.281 E.12799
G1 X114.843 Y113.867 E.02305
G1 X115.323 Y113.655 E.01733
G1 X115.708 Y113.592 E.01288
G1 X115.891 Y113.609 E.00607
G1 X115.83 Y113.734 E.00459
G1 X116.662 Y114.338 E.03395
G1 X114.276 Y116.724 E.11141
G1 X114.102 Y116.449 E.01074
G1 X113.719 Y115.268 E.04099
G1 X113.562 Y115.29 E.00523
G1 X113.684 Y114.964 E.01149
G1 X113.859 Y114.711 E.01016
G1 E-3.5 F3600
;WIPE_START
G1 F7200
G1 X113.684 Y114.964 E-.14612
G1 X113.562 Y115.29 E-.16534
G1 X113.719 Y115.268 E-.0753
G1 X114.102 Y116.449 E-.58974
G1 X114.276 Y116.724 E-.15458
G1 X114.825 Y116.175 E-.36892
;WIPE_END
G1 X116.479 Y113.709 F9000
G1 E5 F2400
;TYPE:Solid infill
;WIDTH:0.490511
G1 F900
G1 X116.703 Y113.846 E.00977
;WIDTH:0.531392
G1 X116.926 Y113.984 E.01065
;WIDTH:0.532738
G1 X117.121 Y114.136 E.01007
G1 X117.469 Y114.528 E.02135
;WIDTH:0.524808
G1 X117.717 Y115.003 E.02147
;WIDTH:0.51931
G1 X117.851 Y115.567 E.02296
;WIDTH:0.519412
G1 X117.838 Y116.168 E.02382
G1 X117.67 Y116.765 E.02457
;WIDTH:0.51963
G1 X117.354 Y117.309 E.02494
G1 X116.972 Y117.677 E.02103
;WIDTH:0.505976
G1 X116.392 Y117.889 E.02378
;WIDTH:0.505528
G1 X115.767 Y117.956 E.02418
;WIDTH:0.50592
G1 X115.165 Y117.868 E.02342
;WIDTH:0.50642
G1 X114.632 Y117.645 E.02227
;WIDTH:0.509256
G1 X114.208 Y117.33 E.02048
;WIDTH:0.511056
G1 X113.821 Y116.842 E.02424
;WIDTH:0.521526
G1 X113.693 Y116.604 E.01075
G1 X113.547 Y116.131 E.0197
;LAYER_CHANGE
;Z:26.6
;HEIGHT:0.200001
;BEFORE_LAYER_CHANGE
G92 E0
;26.6


G1 E-3.5 F3600
;WIPE_START
G1 F7200
G1 X113.693 Y116.604 E-.23513
G1 X113.821 Y116.842 E-.12836
G1 X114.208 Y117.33 E-.29584
G1 X114.632 Y117.645 E-.2509
G1 X115.165 Y117.868 E-.27444
G1 X115.767 Y117.956 E-.28899
G1 X115.822 Y117.95 E-.02634
;WIPE_END
G1 Z26.6 F9000
;AFTER_LAYER_CHANGE
;26.6
G1 X115.395 Y118.467
G1 E5 F2400
;TYPE:Perimeter
;WIDTH:0.439999
G1 F900
G1 X115.007 Y118.403 E.01298
G1 X114.484 Y118.194 E.0186
G1 X114.055 Y117.931 E.01661
G1 X113.676 Y117.577 E.01712
G1 X113.36 Y117.16 E.01727
G1 X113.151 Y116.718 E.01614
G1 X113.015 Y116.229 E.01676
G1 X112.992 Y115.59 E.02111
G1 X113.125 Y114.985 E.02045
G1 X113.397 Y114.451 E.01979
G1 X113.78 Y114.018 E.01909
G1 X114.217 Y113.721 E.01745
G1 X114.753 Y113.531 E.01878
G1 X115.346 Y113.481 E.01965
G1 X115.963 Y113.487 E.02037
G1 X116.534 Y113.61 E.01929
G1 X116.996 Y113.845 E.01711
G1 X117.424 Y114.22 E.01879
G1 X117.755 Y114.708 E.01947
G1 X117.96 Y115.281 E.02009
G1 X118.012 Y115.737 E.01515
G1 X118.002 Y116.055 E.0105
G1 X117.911 Y116.548 E.01655
G1 X117.726 Y116.996 E.016
G1 X117.445 Y117.442 E.0174
G1 X117.06 Y117.833 E.01812
G1 X116.647 Y118.129 E.01678
G1 X116.153 Y118.348 E.01784
G1 X115.5 Y118.485 E.02203
G1 X115.454 Y118.477 E.00154
G1 X115.338 Y118.86 F9000
G1 F900
G1 X115.109 Y118.823 E.00766
G1 X114.676 Y118.709 E.01478
G1 X114.155 Y118.474 E.01887
G1 X113.645 Y118.103 E.02082
G1 X113.243 Y117.689 E.01905
G1 X112.922 Y117.179 E.0199
G1 X112.708 Y116.662 E.01847
G1 X112.603 Y116.094 E.01907
G1 X112.596 Y115.554 E.01783
G1 X112.704 Y115.013 E.01821
G1 X112.891 Y114.527 E.01719
G1 X113.167 Y114.099 E.01681
G1 X113.518 Y113.718 E.0171
G1 X114.049 Y113.359 E.02116
G1 X114.669 Y113.14 E.02171
G1 X115.331 Y113.083 E.02194
G1 X116.007 Y113.091 E.02232
G1 X116.655 Y113.23 E.02188
G1 X117.218 Y113.515 E.02083
G1 X117.608 Y113.844 E.01685
G1 X117.932 Y114.228 E.01659
G1 X118.183 Y114.697 E.01756
G1 X118.349 Y115.195 E.01733
G1 X118.409 Y115.749 E.0184
G1 X118.377 Y116.293 E.01799
G1 X118.221 Y116.855 E.01926
G1 X117.981 Y117.366 E.01864
G1 X117.611 Y117.851 E.02014
G1 X117.186 Y118.249 E.01922
G1 X116.618 Y118.586 E.02181
G1 X116.091 Y118.789 E.01865
G1 X115.5 Y118.887 E.01978
G1 X115.397 Y118.87 E.00345
G1 X115.283 Y119.244 F9000
;TYPE:External perimeter
;WIDTH:0.419999
G1 F900
G1 X114.814 Y119.166 E.01491
G1 X114.211 Y118.933 E.02027
G1 X113.748 Y118.669 E.01671
G1 X113.238 Y118.262 E.02046
G1 X112.803 Y117.733 E.02147
G1 X112.485 Y117.178 E.02006
G1 X112.285 Y116.55 E.02066
G1 X112.198 Y115.936 E.01944
G1 X112.243 Y115.304 E.01987
G1 X112.386 Y114.72 E.01885
G1 X112.652 Y114.17 E.01916
G1 X112.988 Y113.7 E.01811
G1 X113.447 Y113.284 E.01942
G1 X113.885 Y113.006 E.01627
G1 X114.587 Y112.759 E.02333
G1 X115.317 Y112.696 E.02297
G1 X116.05 Y112.704 E.02298
G1 X116.467 Y112.794 E.01338
G1 X116.975 Y112.946 E.01663
G1 X117.435 Y113.193 E.01637
G1 X117.881 Y113.57 E.01831
G1 X118.253 Y114.009 E.01804
G1 X118.538 Y114.543 E.01898
G1 X118.727 Y115.112 E.0188
G1 X118.802 Y115.936 E.02594
G1 X118.709 Y116.577 E.02031
G1 X118.515 Y117.178 E.0198
G1 X118.178 Y117.762 E.02114
G1 X117.762 Y118.262 E.02039
G1 X117.252 Y118.669 E.02046
G1 X116.789 Y118.933 E.01671
G1 X116.186 Y119.166 E.02027
G1 X115.5 Y119.279 E.0218
G1 X115.342 Y119.253 E.00502
G1 X114.81 Y117.476 F9000
;TYPE:Internal infill
;WIDTH:0.44
G1 F900
G1 X115.484 Y117.703 E.02348
G1 X115.783 Y117.644 E.01006
G1 X116.485 Y117.291 E.02594
G1 X116.879 Y116.879 E.01882
G1 X114.132 Y114.132 E.12827
G1 X114.817 Y113.833 E.02468
G1 X115.463 Y113.788 E.02138
G1 X115.929 Y113.793 E.01539
G1 X116.441 Y113.903 E.01729
G1 X116.868 Y114.132 E.016
G1 X114.121 Y116.879 E.12827
G1 X113.839 Y116.304 E.02115
G1 X113.786 Y115.598 E.02338
G1 X114.082 Y114.615 E.0339
G1 X113.549 Y114.862 F9000
;TYPE:Solid infill
;WIDTH:0.523784
G1 F900
G1 X113.382 Y115.356 E.02085
;WIDTH:0.545926
G1 X113.344 Y115.895 E.0226
G1 X113.431 Y116.446 E.02333
;WIDTH:0.53924
G1 X113.666 Y116.976 E.02393
;WIDTH:0.54055
G1 X114.038 Y117.445 E.02477
;WIDTH:0.541286
G1 X114.532 Y117.818 E.02565
G1 X115.103 Y118.058 E.02567
;WIDTH:0.54105
G1 X115.5 Y118.133 E.01673
;WIDTH:0.523494
G1 X115.937 Y118.055 E.01774
G1 X116.458 Y117.822 E.02281
;WIDTH:0.50566
G1 X116.952 Y117.451 E.02377
;WIDTH:0.50621
G1 X117.327 Y116.984 E.02307
;WIDTH:0.506762
G1 X117.564 Y116.456 E.02232
;WIDTH:0.510052
G1 X117.655 Y115.929 E.02077
;WIDTH:0.512582
G1 X117.601 Y115.33 E.02349
G1 X117.472 Y114.977 E.01468
;WIDTH:0.480833
G1 X117.344 Y114.624 E.01367
;LAYER_CHANGE
;Z:26.8
;HEIGHT:0.199999
;BEFORE_LAYER_CHANGE
G92 E0
;26.8


G1 E-3.5 F3600
;WIPE_START
G1 F7200
G1 X117.472 Y114.977 E-.17836
G1 X117.601 Y115.33 E-.17852
G1 X117.655 Y115.929 E-.28568
G1 X117.564 Y116.456 E-.25403
G1 X117.327 Y116.984 E-.27491
G1 X116.952 Y117.451 E-.28449
G1 X116.878 Y117.507 E-.04401
;WIPE_END
G1 Z26.8 F9000
;AFTER_LAYER_CHANGE
;26.8
G1 X113.843 Y117.958
G1 E5 F2400
;TYPE:Perimeter
;WIDTH:0.439999
G1 F900
G1 X113.746 Y117.915 E.0035
G1 X113.298 Y117.421 E.02202
G1 X113.027 Y116.953 E.01786
G1 X112.856 Y116.425 E.01832
G1 X112.785 Y115.928 E.01658
G1 X112.815 Y115.434 E.01634
G1 X112.933 Y114.931 E.01706
G1 X113.224 Y114.351 E.02143
G1 X113.639 Y113.877 E.0208
G1 X114.142 Y113.534 E.0201
G1 X114.696 Y113.334 E.01945
G1 X115.231 Y113.283 E.01774
G1 X115.803 Y113.376 E.01913
G1 X116.304 Y113.597 E.01808
G1 X117.061 Y114.148 E.03091
G1 X117.273 Y114.385 E.0105
G1 X117.572 Y114.786 E.01652
G1 X117.763 Y115.312 E.01848
G1 X117.818 Y115.888 E.0191
G1 X117.724 Y116.48 E.01979
G1 X117.476 Y117.047 E.02043
G1 X117.198 Y117.42 E.01536
G1 X116.834 Y117.765 E.01656
G1 X116.422 Y118.018 E.01596
G1 X115.932 Y118.215 E.01744
G1 X115.391 Y118.304 E.0181
G1 X114.882 Y118.301 E.01681
G1 X114.354 Y118.188 E.01783
G1 X113.898 Y117.983 E.01651
G1 X113.656 Y118.314 F9000
G1 F900
G1 X113.509 Y118.24 E.00543
G1 X113.089 Y117.814 E.01975
G1 X112.743 Y117.266 E.0214
G1 X112.521 Y116.733 E.01906
G1 X112.406 Y116.123 E.0205
G1 X112.396 Y115.551 E.01889
G1 X112.51 Y114.968 E.01961
G1 X112.706 Y114.451 E.01826
G1 X113.014 Y113.973 E.01877
G1 X113.375 Y113.579 E.01764
G1 X113.819 Y113.263 E.01799
G1 X114.28 Y113.041 E.01689
G1 X114.758 Y112.922 E.01626
G1 X115.258 Y112.885 E.01655
G1 X115.917 Y112.993 E.02205
G1 X116.503 Y113.251 E.02114
G1 X117.329 Y113.851 E.03371
G1 X117.768 Y114.343 E.02177
G1 X117.974 Y114.716 E.01407
G1 X118.151 Y115.224 E.01776
G1 X118.216 Y115.9 E.02242
G1 X118.142 Y116.427 E.01757
G1 X117.984 Y116.928 E.01734
G1 X117.708 Y117.412 E.0184
G1 X117.361 Y117.833 E.01801
G1 X116.905 Y118.196 E.01924
G1 X116.41 Y118.468 E.01865
G1 X115.826 Y118.643 E.02013
G1 X115.248 Y118.714 E.01923
G1 X114.59 Y118.654 E.02182
G1 X114.044 Y118.508 E.01866
G1 X113.71 Y118.341 E.01233
G1 X113.475 Y118.656 F9000
;TYPE:External perimeter
;WIDTH:0.419999
G1 F900
G1 X113.278 Y118.558 E.0069
G1 X112.79 Y118.063 E.02179
G1 X112.4 Y117.446 E.02289
G1 X112.15 Y116.845 E.02041
G1 X112.021 Y116.163 E.02176
G1 X112.01 Y115.518 E.02023
G1 X112.138 Y114.863 E.02093
G1 X112.359 Y114.277 E.01964
G1 X112.707 Y113.737 E.02014
G1 X113.117 Y113.289 E.01904
G1 X113.622 Y112.93 E.01943
G1 X114.149 Y112.676 E.01834
G1 X114.76 Y112.53 E.0197
G1 X115.284 Y112.497 E.01646
G1 X116.028 Y112.619 E.02364
G1 X116.697 Y112.914 E.02292
G1 X117.59 Y113.562 E.03459
G1 X118.081 Y114.112 E.02312
G1 X118.353 Y114.615 E.01793
G1 X118.529 Y115.138 E.0173
G1 X118.597 Y115.705 E.01791
G1 X118.584 Y116.118 E.01296
G1 X118.478 Y116.7 E.01855
G1 X118.241 Y117.275 E.0195
G1 X117.915 Y117.794 E.01922
G1 X117.463 Y118.258 E.02031
G1 X116.953 Y118.63 E.01979
G1 X116.337 Y118.904 E.02114
G1 X115.707 Y119.064 E.02038
G1 X115.055 Y119.093 E.02046
G1 X114.525 Y119.036 E.01671
G1 X113.9 Y118.869 E.02028
G1 X113.529 Y118.683 E.01301
G1 E-3.5 F3600
;WIPE_START
G1 F7200
G1 X113.475 Y118.656 E-.02868
G1 X113.278 Y118.558 E-.10451
G1 X112.79 Y118.063 E-.33017
G1 X112.4 Y117.446 E-.34671
G1 X112.15 Y116.845 E-.30919
G1 X112.021 Y116.163 E-.32969
G1 X112.019 Y116.056 E-.05105
;WIPE_END
G1 X113.682 Y116.455 F9000
G1 E5 F2400
;TYPE:Internal infill
;WIDTH:0.44
G1 F900
G1 X113.572 Y115.876 E.01946
G1 X113.683 Y115.174 E.02347
G1 X114.031 Y114.608 E.02194
G1 X114.34 Y114.34 E.01351
G1 X116.726 Y116.726 E.11141
G1 X116.911 Y116.407 E.01218
G1 X117.281 Y115.268 E.03954
G1 X117.438 Y115.29 E.00523
G1 X117.2 Y114.761 E.01915
G1 X116.721 Y114.279 E.02244
G1 X113.978 Y117.022 E.12808
G1 X114.218 Y117.291 E.0119
G1 X114.986 Y117.519 E.02645
G1 X115.496 Y117.504 E.01685
G1 X116.156 Y117.271 E.02311
G1 X117.507 Y115.875 F9000
;TYPE:Solid infill
;WIDTH:0.489626
G1 F900
G1 X117.446 Y116.128 E.00967
;WIDTH:0.53017
G1 X117.385 Y116.38 E.0105
;WIDTH:0.545626
G1 X117.166 Y116.862 E.02213
G1 X116.83 Y117.296 E.02294
;WIDTH:0.539584
G1 X116.378 Y117.641 E.02348
;WIDTH:0.540296
G1 X115.835 Y117.87 E.02437
;WIDTH:0.540994
G1 X115.233 Y117.958 E.0252
;WIDTH:0.541932
G1 X114.6 Y117.89 E.02642
G1 X114.297 Y117.803 E.01308
;WIDTH:0.521838
G1 X113.866 Y117.553 E.01984
;WIDTH:0.507542
G1 X113.503 Y117.087 E.02282
;WIDTH:0.505528
G1 X113.246 Y116.513 E.02419
;WIDTH:0.505922
G1 X113.144 Y115.913 E.02343
;WIDTH:0.506424
G1 X113.192 Y115.337 E.02228
;WIDTH:0.509256
G1 X113.36 Y114.837 E.02045
;WIDTH:0.515656
G1 X113.681 Y114.35 E.02293
G1 X114.151 Y113.936 E.02462
;WIDTH:0.50484
G1 X114.295 Y113.835 E.00676
;LAYER_CHANGE
;Z:27
;HEIGHT:0.200001
;BEFORE_LAYER_CHANGE
G92 E0
;27


G1 E-3.5 F3600
;WIPE_START
G1 F7200
G1 X114.151 Y113.936 E-.08355
G1 X113.681 Y114.35 E-.29751
G1 X113.36 Y114.837 E-.27706
G1 X113.192 Y115.337 E-.25055
G1 X113.144 Y115.913 E-.27455
G1 X113.246 Y116.513 E-.28909
G1 X113.27 Y116.566 E-.02769
;WIPE_END
G1 Z27 F9000
;AFTER_LAYER_CHANGE
;27
G1 X112.645 Y116.317
G1 E5 F2400
;TYPE:Perimeter
;WIDTH:0.439999
G1 F900
G1 X112.587 Y115.928 E.01299
G1 X112.624 Y115.366 E.0186
G1 X112.741 Y114.877 E.0166
G1 X112.96 Y114.409 E.01706
G1 X113.259 Y113.978 E.01732
G1 X113.616 Y113.643 E.01616
G1 X114.039 Y113.362 E.01677
G1 X114.639 Y113.143 E.02109
G1 X115.255 Y113.082 E.02044
G1 X115.847 Y113.176 E.01979
G1 X116.269 Y113.35 E.01507
G1 X116.685 Y113.631 E.01658
G1 X116.984 Y113.975 E.01505
G1 X117.259 Y114.403 E.0168
G1 X117.558 Y115.324 E.03197
G1 X117.595 Y116.14 E.02697
G1 X117.441 Y116.678 E.01848
G1 X117.147 Y117.176 E.01909
G1 X116.723 Y117.6 E.0198
G1 X116.189 Y117.913 E.02044
G1 X115.745 Y118.051 E.01535
G1 X115.248 Y118.117 E.01655
G1 X114.765 Y118.079 E.016
G1 X114.254 Y117.95 E.0174
G1 X113.764 Y117.704 E.0181
G1 X113.354 Y117.403 E.01679
G1 X112.993 Y117.001 E.01784
G1 X112.661 Y116.422 E.02204
G1 X112.654 Y116.376 E.00154
G1 X112.254 Y116.384 F9000
G1 F900
G1 X112.219 Y116.155 E.00765
G1 X112.193 Y115.708 E.01478
G1 X112.256 Y115.14 E.01887
G1 X112.452 Y114.54 E.02084
G1 X112.721 Y114.03 E.01904
G1 X113.107 Y113.567 E.0199
G1 X113.532 Y113.203 E.01848
G1 X114.039 Y112.929 E.01903
G1 X114.551 Y112.755 E.01785
G1 X115.099 Y112.69 E.01822
G1 X115.619 Y112.718 E.01719
G1 X116.111 Y112.849 E.01681
G1 X116.582 Y113.064 E.01709
G1 X117.088 Y113.458 E.02117
G1 X117.4 Y113.866 E.01696
G1 X117.627 Y114.253 E.01481
G1 X117.949 Y115.241 E.03431
G1 X117.981 Y115.562 E.01065
G1 X117.999 Y116.079 E.01708
G1 X117.919 Y116.521 E.01483
G1 X117.726 Y116.993 E.01684
G1 X117.462 Y117.42 E.01658
G1 X117.093 Y117.803 E.01756
G1 X116.67 Y118.115 E.01735
G1 X116.162 Y118.344 E.0184
G1 X115.635 Y118.482 E.01799
G1 X115.052 Y118.507 E.01927
G1 X114.492 Y118.436 E.01864
G1 X113.916 Y118.234 E.02015
G1 X113.407 Y117.952 E.01921
G1 X112.91 Y117.517 E.02181
G1 X112.554 Y117.078 E.01866
G1 X112.279 Y116.547 E.01974
G1 X112.263 Y116.444 E.00344
G1 X111.873 Y116.45 F9000
;TYPE:External perimeter
;WIDTH:0.419999
G1 F900
G1 X111.801 Y115.98 E.01491
G1 X111.836 Y115.335 E.02025
G1 X111.945 Y114.813 E.01672
G1 X112.174 Y114.202 E.02046
G1 X112.543 Y113.625 E.02147
G1 X112.972 Y113.151 E.02005
G1 X113.508 Y112.767 E.02067
G1 X114.065 Y112.495 E.01944
G1 X114.68 Y112.342 E.01987
G1 X115.279 Y112.297 E.01883
G1 X115.885 Y112.38 E.01918
G1 X116.436 Y112.554 E.01812
G1 X116.973 Y112.863 E.01943
G1 X117.373 Y113.194 E.01628
G1 X117.708 Y113.631 E.01726
G1 X117.987 Y114.106 E.01727
G1 X118.329 Y115.161 E.03477
G1 X118.373 Y115.584 E.01333
G1 X118.372 Y116.259 E.02116
G1 X118.224 Y116.818 E.01813
G1 X117.988 Y117.333 E.01776
G1 X117.632 Y117.813 E.01874
G1 X117.204 Y118.221 E.01854
G1 X116.674 Y118.547 E.01951
G1 X116.106 Y118.775 E.01919
G1 X115.467 Y118.885 E.02033
G1 X114.836 Y118.886 E.01978
G1 X114.176 Y118.745 E.02116
G1 X113.572 Y118.505 E.02038
G1 X113.028 Y118.146 E.02044
G1 X112.633 Y117.787 E.01674
G1 X112.225 Y117.285 E.02028
G1 X111.906 Y116.668 E.02178
G1 X111.882 Y116.51 E.00501
G1 X113.465 Y116.29 F9000
;TYPE:Internal infill
;WIDTH:0.44
G1 F900
G1 X113.373 Y115.894 E.01342
G1 X113.492 Y115.117 E.02595
G1 X113.719 Y114.671 E.01652
G1 X114.192 Y114.192 E.02223
G1 X116.662 Y116.662 E.11533
G1 X116.109 Y117.063 E.02255
G1 X115.651 Y117.266 E.01654
G1 X115.016 Y117.322 E.02105
G1 X114.547 Y117.218 E.01586
G1 X114.05 Y116.95 E.01864
G1 X116.783 Y114.217 E.12761
G1 X116.975 Y114.519 E.01182
G1 X117.257 Y115.387 E.03013
G1 X117.31 Y115.902 E.01709
G1 X117.184 Y116.462 E.01895
G1 X116.903 Y116.983 F9000
;TYPE:Solid infill
;WIDTH:0.489631
G1 F900
G1 X116.705 Y117.151 E.00965
;WIDTH:0.530168
G1 X116.507 Y117.32 E.01055
;WIDTH:0.545622
G1 X116.047 Y117.581 E.02211
G1 X115.521 Y117.735 E.02291
;WIDTH:0.539584
G1 X114.952 Y117.748 E.0235
;WIDTH:0.540294
G1 X114.378 Y117.614 E.02438
;WIDTH:0.540996
G1 X113.839 Y117.332 E.02519
;WIDTH:0.54193
G1 X113.367 Y116.904 E.02644
G1 X113.173 Y116.657 E.01303
;WIDTH:0.521836
G1 X112.971 Y116.201 E.01986
;WIDTH:0.50754
G1 X112.952 Y115.61 E.02284
;WIDTH:0.50553
G1 X113.081 Y114.995 E.02417
;WIDTH:0.50592
G1 X113.352 Y114.449 E.02347
;WIDTH:0.525636
G1 X113.721 Y114.005 E.02317
G1 X114.155 Y113.702 E.02125
;WIDTH:0.530684
G1 X114.701 Y113.493 E.02371
G1 X115.366 Y113.44 E.02706
;WIDTH:0.519586
G1 X115.563 Y113.457 E.00784
;WIDTH:0.483434
G1 X115.76 Y113.474 E.00724
;LAYER_CHANGE
;Z:27.2
;HEIGHT:0.200001
;BEFORE_LAYER_CHANGE
G92 E0
;27.2


G1 E-3.5 F3600
;WIPE_START
G1 F7200
G1 X115.563 Y113.457 E-.09392
G1 X115.366 Y113.44 E-.09392
G1 X114.701 Y113.493 E-.31688
G1 X114.155 Y113.702 E-.2777
G1 X113.721 Y114.005 E-.25142
G1 X113.352 Y114.449 E-.27423
G1 X113.173 Y114.811 E-.19193
;WIPE_END
G1 Z27.2 F9000
;AFTER_LAYER_CHANGE
;27.2
G1 X112.715 Y114.485
G1 E5 F2400
;TYPE:Perimeter
;WIDTH:0.439999
G1 F900
G1 X112.993 Y113.999 E.01849
G1 X113.354 Y113.597 E.01784
G1 X113.804 Y113.271 E.01835
G1 X114.254 Y113.05 E.01655
G1 X114.734 Y112.926 E.01637
G1 X115.248 Y112.883 E.01703
G1 X115.89 Y112.981 E.02144
G1 X116.468 Y113.228 E.02075
G1 X116.95 Y113.6 E.0201
G1 X117.311 Y114.066 E.01946
G1 X117.536 Y114.589 E.0188
G1 X117.597 Y115.139 E.01827
G1 X117.568 Y115.647 E.0168
G1 X117.269 Y116.567 E.03194
G1 X117.109 Y116.842 E.0105
G1 X116.819 Y117.25 E.01653
G1 X116.378 Y117.594 E.01847
G1 X115.847 Y117.824 E.01911
G1 X115.256 Y117.918 E.01976
G1 X114.639 Y117.857 E.02047
G1 X114.199 Y117.708 E.01534
G1 X113.758 Y117.469 E.01656
G1 X113.39 Y117.155 E.01597
G1 X113.052 Y116.75 E.01742
G1 X112.8 Y116.263 E.0181
G1 X112.645 Y115.778 E.01681
G1 X112.59 Y115.241 E.01782
G1 X112.661 Y114.578 E.02202
G1 X112.685 Y114.537 E.00157
G1 X112.354 Y114.308 F9000
G1 F900
G1 X112.554 Y113.922 E.01435
G1 X112.968 Y113.424 E.02138
G1 X113.407 Y113.048 E.01908
G1 X113.951 Y112.75 E.02048
G1 X114.492 Y112.564 E.01889
G1 X115.082 Y112.492 E.01962
G1 X115.635 Y112.519 E.01828
G1 X116.184 Y112.664 E.01875
G1 X116.67 Y112.885 E.01763
G1 X117.107 Y113.209 E.01796
G1 X117.462 Y113.58 E.01695
G1 X117.725 Y114.004 E.01647
G1 X117.919 Y114.479 E.01694
G1 X117.998 Y115.295 E.02707
G1 X117.954 Y115.741 E.0148
G1 X117.633 Y116.73 E.03433
G1 X117.302 Y117.3 E.02176
G1 X116.857 Y117.748 E.02085
G1 X116.423 Y118.017 E.01686
G1 X115.959 Y118.206 E.01654
G1 X115.435 Y118.3 E.01758
G1 X114.91 Y118.303 E.01733
G1 X114.364 Y118.19 E.01841
G1 X113.856 Y117.991 E.01801
G1 X113.37 Y117.669 E.01925
G1 X112.959 Y117.283 E.01862
G1 X112.611 Y116.781 E.02017
G1 X112.365 Y116.254 E.0192
G1 X112.219 Y115.61 E.0218
G1 X112.189 Y115.045 E.01868
G1 X112.279 Y114.453 E.01977
G1 X112.327 Y114.361 E.00343
G1 X112.007 Y114.137 F9000
;TYPE:External perimeter
;WIDTH:0.419999
G1 F900
G1 X112.225 Y113.715 E.01489
G1 X112.504 Y113.345 E.01453
G1 X112.98 Y112.892 E.0206
G1 X113.397 Y112.601 E.01594
G1 X113.981 Y112.313 E.02042
G1 X114.637 Y112.147 E.02122
G1 X115.267 Y112.098 E.01981
G1 X115.912 Y112.183 E.0204
G1 X116.499 Y112.365 E.01927
G1 X117.044 Y112.671 E.0196
G1 X117.506 Y113.045 E.01864
G1 X117.886 Y113.517 E.019
G1 X118.163 Y114.012 E.01779
G1 X118.323 Y114.518 E.01664
G1 X118.385 Y115.285 E.02413
G1 X118.331 Y115.833 E.01727
G1 X117.988 Y116.889 E.03481
G1 X117.618 Y117.526 E.0231
G1 X117.377 Y117.802 E.01149
G1 X116.928 Y118.168 E.01816
G1 X116.436 Y118.446 E.01772
G1 X115.865 Y118.624 E.01875
G1 X115.279 Y118.703 E.01854
G1 X114.659 Y118.655 E.0195
G1 X114.065 Y118.505 E.01921
G1 X113.484 Y118.219 E.0203
G1 X112.972 Y117.849 E.01981
G1 X112.521 Y117.348 E.02114
G1 X112.174 Y116.798 E.02039
G1 X111.945 Y116.187 E.02046
G1 X111.836 Y115.665 E.01672
G1 X111.801 Y115.02 E.02025
G1 X111.906 Y114.332 E.02182
G1 X111.979 Y114.19 E.00501
G1 X113.465 Y114.71 F9000
;TYPE:Internal infill
;WIDTH:0.44
G1 F900
G1 X113.373 Y115.106 E.01342
G1 X113.492 Y115.883 E.02595
G1 X113.719 Y116.329 E.01652
G1 X114.192 Y116.808 E.02223
G1 X116.662 Y114.338 E.11533
G1 X116.109 Y113.937 E.02255
G1 X115.691 Y113.752 E.01509
G1 X115.016 Y113.678 E.02242
G1 X114.547 Y113.782 E.01586
G1 X114.05 Y114.05 E.01864
G1 X116.787 Y116.787 E.1278
G1 X116.988 Y116.441 E.01321
G1 X117.27 Y115.574 E.0301
G1 X117.284 Y114.866 E.02338
G1 X117.183 Y114.539 E.0113
G1 X116.704 Y113.837 F9000
;TYPE:Solid infill
;WIDTH:0.512972
G1 F900
G1 X116.294 Y113.544 E.0197
;WIDTH:0.515844
G1 X115.832 Y113.342 E.01983
G1 X115.248 Y113.244 E.02329
;WIDTH:0.52372
G1 X114.708 Y113.283 E.02164
G1 X114.153 Y113.478 E.02352
;WIDTH:0.518268
G1 X113.636 Y113.82 E.0245
;WIDTH:0.519634
G1 X113.207 Y114.296 E.0254
G1 X112.974 Y114.773 E.02104
;WIDTH:0.525816
G1 X112.941 Y115.378 E.02433
G1 X113.069 Y115.996 E.02534
;WIDTH:0.52353
G1 X113.337 Y116.545 E.02441
G1 X113.722 Y116.994 E.02364
G1 X114.19 Y117.32 E.02279
;WIDTH:0.545626
G1 X114.719 Y117.506 E.02344
G1 X115.245 Y117.565 E.02212
;WIDTH:0.53017
G1 X115.504 Y117.544 E.01053
;WIDTH:0.489631
G1 X115.764 Y117.524 E.00969
;LAYER_CHANGE
;Z:27.4
;HEIGHT:0.199999
;BEFORE_LAYER_CHANGE
G92 E0
;27.4


G1 E-3.5 F3600
;WIPE_START
G1 F7200
G1 X115.504 Y117.544 E-.12386
G1 X115.245 Y117.565 E-.12343
G1 X114.719 Y117.506 E-.25142
G1 X114.19 Y117.32 E-.26635
G1 X113.722 Y116.994 E-.27092
G1 X113.337 Y116.545 E-.28094
G1 X113.168 Y116.199 E-.18308
;WIPE_END
G1 Z27.4 F9000
;AFTER_LAYER_CHANGE
;27.4
G1 X113.674 Y113.165
G1 E5 F2400
;TYPE:Perimeter
;WIDTH:0.439999
G1 F900
G1 X113.746 Y113.085 E.00355
G1 X114.354 Y112.812 E.02201
G1 X114.873 Y112.7 E.01753
G1 X115.434 Y112.701 E.01852
G1 X115.932 Y112.785 E.01667
G1 X116.393 Y112.967 E.01636
G1 X116.834 Y113.235 E.01704
G1 X117.296 Y113.691 E.02143
G1 X117.619 Y114.231 E.02078
G1 X117.79 Y114.816 E.02012
G1 X117.814 Y115.249 E.01432
G1 X117.782 Y115.567 E.01055
G1 X117.643 Y116.05 E.01659
G1 X117.409 Y116.44 E.01502
G1 X117.086 Y116.834 E.01682
G1 X116.304 Y117.403 E.03193
G1 X116.013 Y117.531 E.0105
G1 X115.539 Y117.691 E.01652
G1 X114.98 Y117.71 E.01847
G1 X114.415 Y117.585 E.01911
G1 X113.881 Y117.312 E.0198
G1 X113.418 Y116.901 E.02044
G1 X113.15 Y116.522 E.01533
G1 X112.933 Y116.069 E.01658
G1 X112.82 Y115.598 E.01599
G1 X112.785 Y115.072 E.01741
G1 X112.867 Y114.529 E.01813
G1 X113.027 Y114.047 E.01677
G1 X113.298 Y113.579 E.01786
G1 X113.634 Y113.209 E.0165
G1 X113.394 Y112.877 F9000
G1 F900
G1 X113.509 Y112.76 E.00542
G1 X113.863 Y112.582 E.01308
G1 X114.28 Y112.42 E.01477
G1 X114.835 Y112.304 E.01872
G1 X115.466 Y112.305 E.02083
G1 X116.039 Y112.402 E.01919
G1 X116.599 Y112.626 E.01991
G1 X117.076 Y112.919 E.01848
G1 X117.494 Y113.316 E.01903
G1 X117.818 Y113.749 E.01786
G1 X118.048 Y114.25 E.0182
G1 X118.183 Y114.753 E.0172
G1 X118.21 Y115.262 E.01683
G1 X118.151 Y115.776 E.01708
G1 X117.932 Y116.379 E.02118
G1 X117.641 Y116.802 E.01695
G1 X117.344 Y117.138 E.01481
G1 X116.503 Y117.749 E.03432
G1 X115.9 Y118.015 E.02176
G1 X115.277 Y118.116 E.02084
G1 X114.768 Y118.079 E.01685
G1 X114.28 Y117.959 E.01659
G1 X113.802 Y117.727 E.01754
G1 X113.375 Y117.421 E.01734
G1 X113 Y117.009 E.01839
G1 X112.706 Y116.549 E.01803
G1 X112.502 Y116.003 E.01924
G1 X112.396 Y115.449 E.01862
G1 X112.41 Y114.838 E.02018
G1 X112.521 Y114.267 E.01921
G1 X112.781 Y113.66 E.0218
G1 X113.089 Y113.186 E.01866
G1 X113.352 Y112.919 E.01237
G1 X113.124 Y112.599 F9000
;TYPE:External perimeter
;WIDTH:0.419999
G1 F900
G1 X113.278 Y112.442 E.0069
G1 X113.69 Y112.236 E.01444
G1 X114.167 Y112.049 E.01606
G1 X114.797 Y111.918 E.02018
G1 X115.497 Y111.919 E.02195
G1 X116.144 Y112.029 E.02058
G1 X116.772 Y112.28 E.0212
G1 X117.312 Y112.611 E.01986
G1 X117.783 Y113.059 E.02038
G1 X118.151 Y113.551 E.01926
G1 X118.412 Y114.119 E.0196
G1 X118.566 Y114.692 E.0186
G1 X118.591 Y115.48 E.02472
G1 X118.463 Y116.086 E.01942
G1 X118.272 Y116.569 E.01629
G1 X117.96 Y117.022 E.01725
G1 X117.595 Y117.434 E.01726
G1 X116.697 Y118.086 E.03479
G1 X116.022 Y118.384 E.02313
G1 X115.666 Y118.466 E.01145
G1 X115.088 Y118.498 E.01815
G1 X114.526 Y118.433 E.01774
G1 X113.959 Y118.242 E.01876
G1 X113.439 Y117.961 E.01853
G1 X112.965 Y117.558 E.01951
G1 X112.572 Y117.088 E.01921
G1 X112.271 Y116.515 E.02029
G1 X112.075 Y115.914 E.01982
G1 X112.004 Y115.244 E.02112
G1 X112.046 Y114.595 E.02039
G1 X112.22 Y113.967 E.02043
G1 X112.439 Y113.48 E.01674
G1 X112.79 Y112.937 E.02027
G1 X113.082 Y112.642 E.01301
G1 X113.681 Y114.546 F9000
;TYPE:Internal infill
;WIDTH:0.44
G1 F900
G1 X113.572 Y115.124 E.01942
G1 X113.683 Y115.826 E.02347
G1 X113.867 Y116.189 E.01344
G1 X114.336 Y116.664 E.02204
G1 X116.724 Y114.276 E.1115
G1 X116.898 Y114.551 E.01074
G1 X117.281 Y115.732 E.04099
G1 X117.438 Y115.71 E.00523
G1 X117.316 Y116.036 E.01149
G1 X117.008 Y116.482 E.0179
G1 X116.721 Y116.721 E.01233
G1 X113.978 Y113.978 E.12808
G1 X114.218 Y113.709 E.0119
G1 X114.982 Y113.481 E.02632
G1 X115.742 Y113.551 E.0252
G1 X116.157 Y113.73 E.01492
G1 E-3.5 F3600
;WIPE_START
G1 F7200
G1 X115.742 Y113.551 E-.21468
G1 X114.982 Y113.481 E-.36253
G1 X114.218 Y113.709 E-.37872
G1 X113.978 Y113.978 E-.17124
G1 X114.533 Y114.533 E-.37283
;WIPE_END
G1 X114.522 Y117.291 F9000
G1 E5 F2400
;TYPE:Solid infill
;WIDTH:0.488841
G1 F900
G1 X114.301 Y117.156 E.0096
;WIDTH:0.526924
G1 X114.079 Y117.022 E.01044
;WIDTH:0.545538
G1 X113.69 Y116.664 E.02209
G1 X113.392 Y116.244 E.02152
;WIDTH:0.519436
G1 X113.199 Y115.722 E.02205
G1 X113.136 Y115.135 E.02339
G1 X113.226 Y114.531 E.0242
G1 X113.473 Y113.951 E.02498
G1 X113.866 Y113.446 E.02535
;WIDTH:0.522554
G1 X114.315 Y113.188 E.02065
;WIDTH:0.524086
G1 X114.906 Y113.049 E.02429
G1 X115.413 Y113.049 E.02028
;WIDTH:0.522342
G1 X115.895 Y113.143 E.01958
;WIDTH:0.523448
G1 X116.372 Y113.347 E.02073
G1 X116.795 Y113.665 E.02114
;WIDTH:0.530944
G1 X117.173 Y114.134 E.02444
G1 X117.385 Y114.62 E.02152
G1 X117.445 Y114.872 E.01051
;WIDTH:0.49013
G1 X117.506 Y115.125 E.00968
;LAYER_CHANGE
;Z:27.6
;HEIGHT:0.200001
;BEFORE_LAYER_CHANGE
G92 E0
;27.6


G1 E-3.5 F3600
;WIPE_START
G1 F7200
G1 X117.445 Y114.872 E-.12362
G1 X117.385 Y114.62 E-.12305
G1 X117.173 Y114.134 E-.25186
G1 X116.795 Y113.665 E-.28612
G1 X116.372 Y113.347 E-.25137
G1 X115.895 Y113.143 E-.24643
G1 X115.446 Y113.055 E-.21755
;WIPE_END
G1 Z27.6 F9000
;AFTER_LAYER_CHANGE
;27.6
G1 X115.605 Y112.533
G1 E5 F2400
;TYPE:Perimeter
;WIDTH:0.439999
G1 F900
G1 X115.993 Y112.597 E.01298
G1 X116.516 Y112.806 E.0186
G1 X116.945 Y113.069 E.01661
G1 X117.322 Y113.421 E.01703
G1 X117.64 Y113.84 E.01737
G1 X117.849 Y114.282 E.01614
G1 X117.985 Y114.771 E.01676
G1 X118.008 Y115.41 E.02111
G1 X117.875 Y116.015 E.02045
G1 X117.603 Y116.549 E.01979
G1 X117.307 Y116.896 E.01506
G1 X116.911 Y117.205 E.01658
G1 X116.491 Y117.382 E.01505
G1 X115.999 Y117.512 E.0168
G1 X115.032 Y117.512 E.03193
G1 X114.721 Y117.445 E.0105
G1 X114.244 Y117.295 E.01651
G1 X113.78 Y116.982 E.01848
G1 X113.397 Y116.549 E.01909
G1 X113.125 Y116.015 E.01979
G1 X112.992 Y115.41 E.02045
G1 X112.998 Y114.945 E.01535
G1 X113.089 Y114.452 E.01655
G1 X113.274 Y114.004 E.016
G1 X113.555 Y113.558 E.0174
G1 X113.94 Y113.167 E.01812
G1 X114.353 Y112.871 E.01678
G1 X114.847 Y112.652 E.01784
G1 X115.5 Y112.515 E.02203
G1 X115.546 Y112.523 E.00154
G1 X115.662 Y112.14 F9000
G1 F900
G1 X116.091 Y112.211 E.01436
G1 X116.692 Y112.45 E.02135
G1 X117.186 Y112.751 E.0191
G1 X117.637 Y113.177 E.02048
G1 X117.981 Y113.634 E.01889
G1 X118.232 Y114.173 E.01963
G1 X118.377 Y114.707 E.01827
G1 X118.404 Y115.446 E.02442
G1 X118.296 Y115.987 E.01821
G1 X118.109 Y116.473 E.01719
G1 X117.833 Y116.901 E.01681
G1 X117.482 Y117.282 E.0171
G1 X116.951 Y117.641 E.02116
G1 X116.467 Y117.812 E.01695
G1 X116.029 Y117.909 E.01481
G1 X114.99 Y117.909 E.0343
G1 X114.345 Y117.77 E.02179
G1 X113.782 Y117.485 E.02083
G1 X113.392 Y117.156 E.01685
G1 X113.068 Y116.772 E.01659
G1 X112.817 Y116.303 E.01756
G1 X112.651 Y115.805 E.01733
G1 X112.591 Y115.251 E.0184
G1 X112.623 Y114.707 E.01799
G1 X112.779 Y114.145 E.01926
G1 X113.019 Y113.634 E.01864
G1 X113.389 Y113.149 E.02014
G1 X113.814 Y112.751 E.01922
G1 X114.382 Y112.414 E.02181
G1 X114.909 Y112.211 E.01865
G1 X115.5 Y112.113 E.01978
G1 X115.603 Y112.13 E.00345
G1 X115.717 Y111.756 F9000
;TYPE:External perimeter
;WIDTH:0.419999
G1 F900
G1 X116.186 Y111.834 E.01491
G1 X116.864 Y112.103 E.02287
G1 X117.42 Y112.442 E.02042
G1 X117.925 Y112.919 E.02178
G1 X118.313 Y113.434 E.02022
G1 X118.595 Y114.039 E.02093
G1 X118.76 Y114.644 E.01966
G1 X118.796 Y115.262 E.01941
G1 X118.757 Y115.696 E.01366
G1 X118.614 Y116.28 E.01885
G1 X118.348 Y116.83 E.01916
G1 X118.012 Y117.3 E.01811
G1 X117.553 Y117.716 E.01942
G1 X117.115 Y117.994 E.01627
G1 X116.595 Y118.177 E.01728
G1 X116.058 Y118.296 E.01725
G1 X114.948 Y118.296 E.0348
G1 X114.228 Y118.14 E.0231
G1 X113.891 Y117.997 E.01148
G1 X113.404 Y117.683 E.01817
G1 X112.988 Y117.3 E.01773
G1 X112.642 Y116.813 E.01873
G1 X112.386 Y116.28 E.01854
G1 X112.24 Y115.675 E.01951
G1 X112.198 Y115.064 E.0192
G1 X112.291 Y114.423 E.02031
G1 X112.485 Y113.822 E.0198
G1 X112.822 Y113.238 E.02114
G1 X113.238 Y112.738 E.02039
G1 X113.748 Y112.331 E.02046
G1 X114.211 Y112.067 E.01671
G1 X114.814 Y111.834 E.02027
G1 X115.5 Y111.721 E.0218
G1 X115.658 Y111.747 E.00502
G1 X116.19 Y113.524 F9000
;TYPE:Internal infill
;WIDTH:0.44
G1 F900
G1 X115.516 Y113.297 E.02348
G1 X115.217 Y113.356 E.01006
G1 X114.515 Y113.709 E.02594
G1 X114.121 Y114.121 E.01882
G1 X116.868 Y116.868 E.12827
G1 X116.143 Y117.181 E.02607
G1 X115.064 Y117.206 E.03564
G1 X114.559 Y117.097 E.01706
G1 X114.132 Y116.868 E.016
G1 X116.879 Y114.121 E.12827
G1 X117.161 Y114.696 E.02115
G1 X117.214 Y115.402 E.02338
G1 X116.918 Y116.385 E.0339
G1 E-3.5 F3600
;WIPE_START
G1 F7200
G1 X117.214 Y115.402 E-.48763
G1 X117.161 Y114.696 E-.33629
G1 X116.879 Y114.121 E-.3042
G1 X116.325 Y114.675 E-.37188
;WIPE_END
G1 X113.656 Y116.376 F9000
G1 E5 F2400
;TYPE:Solid infill
;WIDTH:0.489629
G1 F900
G1 X113.557 Y116.136 E.00964
;WIDTH:0.530174
G1 X113.458 Y115.896 E.01052
;WIDTH:0.545628
G1 X113.351 Y115.377 E.02215
G1 X113.368 Y114.829 E.02292
;WIDTH:0.539586
G1 X113.531 Y114.284 E.02349
;WIDTH:0.540292
G1 X113.836 Y113.78 E.02436
;WIDTH:0.540992
G1 X114.271 Y113.354 E.02522
;WIDTH:0.541938
G1 X114.824 Y113.037 E.02645
G1 X115.119 Y112.93 E.01302
;WIDTH:0.521842
G1 X115.615 Y112.878 E.01986
;WIDTH:0.50755
G1 X116.183 Y113.043 E.02285
;WIDTH:0.505534
G1 X116.728 Y113.356 E.02418
;WIDTH:0.50592
G1 X117.163 Y113.782 E.02344
;WIDTH:0.50642
G1 X117.463 Y114.275 E.02224
;WIDTH:0.509254
G1 X117.621 Y114.779 E.02048
;WIDTH:0.511052
G1 X117.647 Y115.401 E.02423
;WIDTH:0.521528
G1 X117.611 Y115.669 E.01076
G1 X117.451 Y116.138 E.01972
;LAYER_CHANGE
;Z:27.8
;HEIGHT:0.199999
;BEFORE_LAYER_CHANGE
G92 E0
;27.8


G1 E-3.5 F3600
;WIPE_START
G1 F7200
G1 X117.611 Y115.669 E-.23538
G1 X117.647 Y115.401 E-.12844
G1 X117.621 Y114.779 E-.29571
G1 X117.463 Y114.275 E-.25089
G1 X117.163 Y113.782 E-.27412
G1 X116.728 Y113.356 E-.2892
G1 X116.68 Y113.328 E-.02626
;WIPE_END
G1 Z27.8 F9000
;AFTER_LAYER_CHANGE
;27.8
G1 X117.329 Y113.161
G1 E5 F2400
;TYPE:Perimeter
;WIDTH:0.439999
G1 F900
G1 X117.487 Y113.321 E.00742
G1 X117.804 Y113.726 E.01698
G1 X118.045 Y114.241 E.01877
G1 X118.179 Y114.726 E.01661
G1 X118.208 Y115.415 E.02277
G1 X118.116 Y115.895 E.01614
G1 X117.938 Y116.371 E.01678
G1 X117.582 Y116.901 E.02108
G1 X117.119 Y117.312 E.02044
G1 X116.585 Y117.585 E.0198
G1 X116.02 Y117.71 E.01911
G1 X115.492 Y117.694 E.01744
G1 X114.947 Y117.532 E.01877
G1 X114.438 Y117.224 E.01964
G1 X113.943 Y116.856 E.02037
G1 X113.727 Y116.615 E.01069
G1 X113.428 Y116.214 E.01652
G1 X113.237 Y115.688 E.01848
G1 X113.182 Y115.112 E.0191
G1 X113.276 Y114.52 E.01979
G1 X113.524 Y113.953 E.02043
G1 X113.802 Y113.58 E.01536
G1 X114.166 Y113.235 E.01656
G1 X114.579 Y112.982 E.01599
G1 X115.068 Y112.785 E.01741
G1 X115.563 Y112.7 E.01658
G1 X116.068 Y112.698 E.01667
G1 X116.646 Y112.812 E.01945
G1 X117.254 Y113.085 E.02201
G1 X117.287 Y113.119 E.00156
G1 X117.606 Y112.877 F9000
G1 F900
G1 X117.769 Y113.042 E.00766
G1 X118.144 Y113.519 E.02003
G1 X118.417 Y114.102 E.02125
G1 X118.571 Y114.66 E.01911
G1 X118.609 Y115.236 E.01906
G1 X118.573 Y115.657 E.01395
G1 X118.442 Y116.201 E.01847
G1 X118.193 Y116.722 E.01907
G1 X117.881 Y117.163 E.01784
G1 X117.475 Y117.538 E.01825
G1 X117.039 Y117.821 E.01716
G1 X116.564 Y118.004 E.01681
G1 X116.056 Y118.106 E.01711
G1 X115.415 Y118.085 E.02118
G1 X114.785 Y117.898 E.0217
G1 X114.216 Y117.554 E.02195
G1 X113.673 Y117.151 E.02233
G1 X113.232 Y116.657 E.02186
G1 X112.943 Y116.096 E.02084
G1 X112.821 Y115.601 E.01683
G1 X112.784 Y115.1 E.01659
G1 X112.858 Y114.573 E.01757
G1 X113.016 Y114.072 E.01734
G1 X113.292 Y113.589 E.01837
G1 X113.639 Y113.167 E.01804
G1 X114.095 Y112.804 E.01924
G1 X114.59 Y112.532 E.01865
G1 X115.174 Y112.357 E.02013
G1 X115.751 Y112.286 E.01919
G1 X116.398 Y112.347 E.02146
G1 X116.956 Y112.492 E.01904
G1 X117.491 Y112.76 E.01976
G1 X117.564 Y112.834 E.00343
G1 X117.876 Y112.599 F9000
;TYPE:External perimeter
;WIDTH:0.419999
G1 F900
G1 X118.21 Y112.937 E.0149
G1 X118.561 Y113.48 E.02027
G1 X118.78 Y113.966 E.01671
G1 X118.954 Y114.595 E.02046
G1 X118.995 Y115.279 E.02148
G1 X118.925 Y115.914 E.02003
G1 X118.719 Y116.54 E.02066
G1 X118.428 Y117.088 E.01945
G1 X118.02 Y117.573 E.01987
G1 X117.561 Y117.961 E.01884
G1 X117.022 Y118.25 E.01918
G1 X116.474 Y118.433 E.01811
G1 X115.858 Y118.499 E.01942
G1 X115.34 Y118.467 E.01627
G1 X114.628 Y118.255 E.02329
G1 X114 Y117.876 E.023
G1 X113.411 Y117.438 E.02301
G1 X112.919 Y116.888 E.02314
G1 X112.73 Y116.574 E.01149
G1 X112.522 Y116.034 E.01814
G1 X112.409 Y115.48 E.01773
G1 X112.416 Y114.882 E.01875
G1 X112.522 Y114.3 E.01855
G1 X112.759 Y113.725 E.0195
G1 X113.085 Y113.206 E.01922
G1 X113.537 Y112.743 E.02029
G1 X114.047 Y112.37 E.01981
G1 X114.663 Y112.096 E.02114
G1 X115.293 Y111.936 E.02038
G1 X115.955 Y111.908 E.02078
G1 X116.458 Y111.965 E.01587
G1 X117.1 Y112.131 E.02079
G1 X117.722 Y112.442 E.0218
G1 X117.834 Y112.556 E.00501
G1 E-3.5 F3600
;WIPE_START
G1 F7200
G1 X117.876 Y112.599 E-.02855
G1 X118.21 Y112.937 E-.22571
G1 X118.561 Y113.48 E-.30712
G1 X118.78 Y113.966 E-.25321
G1 X118.954 Y114.595 E-.31
G1 X118.995 Y115.279 E-.32548
G1 X118.984 Y115.384 E-.04993
;WIPE_END
G1 X117.319 Y114.547 F9000
G1 E5 F2400
;TYPE:Internal infill
;WIDTH:0.44
G1 F900
G1 X117.428 Y115.124 E.01939
G1 X117.317 Y115.826 E.02347
G1 X116.944 Y116.428 E.02338
G1 X116.662 Y116.662 E.0121
G1 X114.274 Y114.274 E.1115
G1 X114.089 Y114.593 E.01218
G1 X113.719 Y115.732 E.03954
G1 X113.562 Y115.71 E.00523
G1 X113.8 Y116.239 E.01915
G1 X114.276 Y116.724 E.02244
G1 X117.022 Y113.978 E.12822
G1 X116.782 Y113.709 E.0119
G1 X116.014 Y113.481 E.02645
G1 X115.5 Y113.497 E.01698
G1 X114.843 Y113.73 E.02302
G1 X113.493 Y115.125 F9000
;TYPE:Solid infill
;WIDTH:0.489625
G1 F900
G1 X113.554 Y114.872 E.00967
;WIDTH:0.53017
G1 X113.615 Y114.62 E.0105
;WIDTH:0.545622
G1 X113.834 Y114.138 E.02213
G1 X114.17 Y113.704 E.02294
;WIDTH:0.539582
G1 X114.622 Y113.359 E.02348
;WIDTH:0.540614
G1 X115.165 Y113.13 E.02439
;WIDTH:0.54096
G1 X115.765 Y113.042 E.02511
;WIDTH:0.541438
G1 X116.407 Y113.112 E.02677
G1 X116.703 Y113.197 E.01277
;WIDTH:0.521836
G1 X117.134 Y113.447 E.01984
;WIDTH:0.507542
G1 X117.497 Y113.913 E.02282
;WIDTH:0.505524
G1 X117.754 Y114.487 E.02419
;WIDTH:0.50592
G1 X117.856 Y115.087 E.02343
;WIDTH:0.506428
G1 X117.808 Y115.663 E.02228
;WIDTH:0.509258
G1 X117.64 Y116.163 E.02045
;WIDTH:0.511052
G1 X117.295 Y116.682 E.02426
;WIDTH:0.521528
G1 X117.108 Y116.877 E.01075
G1 X116.703 Y117.163 E.01973
;LAYER_CHANGE
;Z:28
;HEIGHT:0.200001
;BEFORE_LAYER_CHANGE
G92 E0
;28


G1 E-3.5 F3600
;WIPE_START
G1 F7200
G1 X117.108 Y116.877 E-.23551
G1 X117.295 Y116.682 E-.12833
G1 X117.64 Y116.163 E-.29602
G1 X117.808 Y115.663 E-.25055
G1 X117.856 Y115.087 E-.27455
G1 X117.754 Y114.487 E-.28909
G1 X117.732 Y114.437 E-.02595
;WIPE_END
G1 Z28 F9000
;AFTER_LAYER_CHANGE
;28
G1 X118.35 Y114.684
G1 E5 F2400
;TYPE:Perimeter
;WIDTH:0.439999
G1 F900
G1 X118.41 Y115.241 E.0185
G1 X118.376 Y115.634 E.01302
G1 X118.259 Y116.123 E.0166
G1 X118.04 Y116.591 E.01706
G1 X117.741 Y117.022 E.01732
G1 X117.384 Y117.357 E.01616
G1 X116.961 Y117.638 E.01677
G1 X116.361 Y117.857 E.02109
G1 X115.744 Y117.918 E.02047
G1 X115.153 Y117.824 E.01976
G1 X114.731 Y117.65 E.01507
G1 X114.315 Y117.369 E.01658
G1 X114.016 Y117.025 E.01505
G1 X113.741 Y116.597 E.0168
G1 X113.442 Y115.676 E.03197
G1 X113.41 Y115.36 E.01049
G1 X113.405 Y114.86 E.01651
G1 X113.559 Y114.322 E.01848
G1 X113.853 Y113.824 E.01909
G1 X114.277 Y113.4 E.0198
G1 X114.811 Y113.087 E.02044
G1 X115.255 Y112.949 E.01535
G1 X115.752 Y112.883 E.01655
G1 X116.235 Y112.921 E.016
G1 X116.746 Y113.05 E.0174
G1 X117.236 Y113.296 E.0181
G1 X117.646 Y113.597 E.01679
G1 X118.007 Y113.999 E.01784
G1 X118.339 Y114.578 E.02204
G1 X118.344 Y114.624 E.00153
G1 X118.746 Y114.616 F9000
G1 F900
G1 X118.781 Y114.845 E.00765
G1 X118.807 Y115.292 E.01478
G1 X118.744 Y115.86 E.01887
G1 X118.548 Y116.46 E.02084
G1 X118.279 Y116.97 E.01904
G1 X117.893 Y117.433 E.0199
G1 X117.468 Y117.797 E.01848
G1 X116.961 Y118.072 E.01904
G1 X116.449 Y118.245 E.01784
G1 X115.901 Y118.31 E.01822
G1 X115.381 Y118.282 E.01719
G1 X114.889 Y118.151 E.01681
G1 X114.418 Y117.936 E.01709
G1 X113.912 Y117.542 E.02117
G1 X113.6 Y117.134 E.01696
G1 X113.373 Y116.747 E.01481
G1 X113.051 Y115.759 E.03431
G1 X112.984 Y115.103 E.02177
G1 X113.081 Y114.479 E.02085
G1 X113.274 Y114.007 E.01684
G1 X113.538 Y113.58 E.01658
G1 X113.907 Y113.197 E.01756
G1 X114.33 Y112.885 E.01735
G1 X114.838 Y112.656 E.0184
G1 X115.365 Y112.518 E.01799
G1 X115.948 Y112.493 E.01927
G1 X116.508 Y112.564 E.01864
G1 X117.084 Y112.766 E.02015
G1 X117.593 Y113.048 E.01921
G1 X118.09 Y113.483 E.02181
G1 X118.446 Y113.922 E.01866
G1 X118.721 Y114.453 E.01974
G1 X118.737 Y114.556 E.00344
G1 X119.127 Y114.55 F9000
;TYPE:External perimeter
;WIDTH:0.419999
G1 F900
G1 X119.163 Y114.787 E.00752
G1 X119.194 Y115.255 E.01471
G1 X119.164 Y115.665 E.01289
G1 X119.055 Y116.187 E.01672
G1 X118.826 Y116.798 E.02046
G1 X118.457 Y117.375 E.02147
G1 X118.028 Y117.849 E.02005
G1 X117.492 Y118.233 E.02067
G1 X116.935 Y118.505 E.01944
G1 X116.32 Y118.658 E.01987
G1 X115.721 Y118.703 E.01883
G1 X115.115 Y118.62 E.01918
G1 X114.564 Y118.446 E.01812
G1 X114.027 Y118.137 E.01943
G1 X113.627 Y117.806 E.01628
G1 X113.292 Y117.369 E.01726
G1 X113.013 Y116.894 E.01727
G1 X112.671 Y115.839 E.03477
G1 X112.596 Y115.106 E.0231
G1 X112.628 Y114.741 E.01149
G1 X112.776 Y114.182 E.01813
G1 X113.012 Y113.667 E.01776
G1 X113.368 Y113.187 E.01874
G1 X113.796 Y112.779 E.01854
G1 X114.326 Y112.453 E.01951
G1 X114.894 Y112.225 E.01919
G1 X115.533 Y112.115 E.02033
G1 X116.165 Y112.114 E.01982
G1 X116.824 Y112.255 E.02113
G1 X117.428 Y112.495 E.02038
G1 X117.972 Y112.854 E.02044
G1 X118.367 Y113.213 E.01674
G1 X118.775 Y113.715 E.02028
G1 X119.094 Y114.332 E.02178
G1 X119.118 Y114.49 E.00501
G1 X117.535 Y114.71 F9000
;TYPE:Internal infill
;WIDTH:0.44
G1 F900
G1 X117.627 Y115.106 E.01342
G1 X117.508 Y115.883 E.02595
G1 X117.281 Y116.329 E.01652
G1 X116.808 Y116.808 E.02223
G1 X114.34 Y114.34 E.11524
G1 X114.885 Y113.94 E.02232
G1 X115.349 Y113.734 E.01676
G1 X115.708 Y113.676 E.01201
G1 X116.453 Y113.782 E.02485
G1 X116.95 Y114.05 E.01864
G1 X114.217 Y116.783 E.12761
G1 X114.025 Y116.481 E.01182
G1 X113.743 Y115.613 E.03013
G1 X113.707 Y114.906 E.02337
G1 X113.791 Y114.581 E.01108
G1 X113.839 Y114.623 E.00211
G1 X114.099 Y114.017 F9000
;TYPE:Solid infill
;WIDTH:0.48884
G1 F900
G1 X114.295 Y113.848 E.0096
;WIDTH:0.52692
G1 X114.492 Y113.679 E.01045
;WIDTH:0.545532
G1 X114.953 Y113.419 E.02212
G1 X115.481 Y113.264 E.023
;WIDTH:0.54772
G1 X116.048 Y113.256 E.0238
G1 X116.622 Y113.385 E.02469
;WIDTH:0.541948
G1 X117.168 Y113.672 E.0256
G1 X117.42 Y113.865 E.01317
;WIDTH:0.523646
G1 X117.794 Y114.297 E.02284
;WIDTH:0.519626
G1 X118.026 Y114.773 E.02099
;WIDTH:0.505978
G1 X118.048 Y115.39 E.02377
;WIDTH:0.505526
G1 X117.919 Y116.005 E.02417
;WIDTH:0.505916
G1 X117.648 Y116.551 E.02347
;WIDTH:0.506418
G1 X117.271 Y116.989 E.02227
;WIDTH:0.509256
G1 X116.841 Y117.294 E.02044
;WIDTH:0.511052
G1 X116.257 Y117.511 E.02425
;WIDTH:0.521532
G1 X115.992 Y117.559 E.01072
G1 X115.496 Y117.552 E.01974
;LAYER_CHANGE
;Z:28.2
;HEIGHT:0.200001
;BEFORE_LAYER_CHANGE
G92 E0
;28.2


G1 E-3.5 F3600
;WIPE_START
G1 F7200
G1 X115.992 Y117.559 E-.23562
G1 X116.257 Y117.511 E-.12792
G1 X116.841 Y117.294 E-.29593
G1 X117.271 Y116.989 E-.25041
G1 X117.648 Y116.551 E-.2745
G1 X117.919 Y116.005 E-.28954
G1 X117.93 Y115.951 E-.02608
;WIPE_END
G1 Z28.2 F9000
;AFTER_LAYER_CHANGE
;28.2
G1 X118.289 Y116.517
G1 E5 F2400
;TYPE:Perimeter
;WIDTH:0.439999
G1 F900
G1 X118.109 Y116.866 E.01297
G1 X117.748 Y117.299 E.01861
G1 X117.366 Y117.626 E.0166
G1 X116.914 Y117.876 E.01705
G1 X116.418 Y118.049 E.01734
G1 X115.933 Y118.11 E.01614
G1 X115.425 Y118.088 E.01679
G1 X114.811 Y117.913 E.02108
G1 X114.277 Y117.6 E.02044
G1 X113.853 Y117.176 E.0198
G1 X113.614 Y116.787 E.01507
G1 X113.443 Y116.315 E.01658
G1 X113.403 Y115.861 E.01505
G1 X113.432 Y115.353 E.0168
G1 X113.731 Y114.433 E.03194
G1 X113.891 Y114.158 E.0105
G1 X114.181 Y113.75 E.01653
G1 X114.622 Y113.406 E.01847
G1 X115.153 Y113.176 E.01911
G1 X115.744 Y113.082 E.01976
G1 X116.361 Y113.143 E.02047
G1 X116.801 Y113.292 E.01534
G1 X117.242 Y113.531 E.01656
G1 X117.61 Y113.845 E.01597
G1 X117.948 Y114.25 E.01742
G1 X118.2 Y114.737 E.0181
G1 X118.355 Y115.222 E.01681
G1 X118.41 Y115.759 E.01782
G1 X118.339 Y116.422 E.02202
G1 X118.317 Y116.464 E.00157
G1 X118.646 Y116.692 F9000
G1 F900
G1 X118.539 Y116.899 E.00769
G1 X118.298 Y117.275 E.01475
G1 X117.913 Y117.698 E.01889
G1 X117.402 Y118.068 E.02083
G1 X116.884 Y118.323 E.01906
G1 X116.3 Y118.471 E.01989
G1 X115.742 Y118.515 E.01848
G1 X115.17 Y118.439 E.01905
G1 X114.654 Y118.279 E.01784
G1 X114.173 Y118.009 E.01821
G1 X113.768 Y117.681 E.01721
G1 X113.447 Y117.286 E.01681
G1 X113.193 Y116.835 E.01709
G1 X113.015 Y116.218 E.0212
G1 X113.002 Y115.705 E.01694
G1 X113.046 Y115.259 E.0148
G1 X113.367 Y114.27 E.03433
G1 X113.698 Y113.7 E.02176
G1 X113.989 Y113.389 E.01406
G1 X114.418 Y113.064 E.01777
G1 X114.888 Y112.849 E.01706
G1 X115.381 Y112.718 E.01684
G1 X115.92 Y112.691 E.01782
G1 X116.449 Y112.755 E.01759
G1 X116.984 Y112.939 E.01868
G1 X117.468 Y113.203 E.0182
G1 X117.916 Y113.59 E.01955
G1 X118.279 Y114.03 E.01883
G1 X118.567 Y114.584 E.02062
G1 X118.744 Y115.14 E.01927
G1 X118.811 Y115.955 E.027
G1 X118.721 Y116.547 E.01977
G1 X118.673 Y116.639 E.00343
G1 X118.993 Y116.863 F9000
;TYPE:External perimeter
;WIDTH:0.419999
G1 F900
G1 X118.775 Y117.285 E.01489
G1 X118.367 Y117.787 E.02028
G1 X117.972 Y118.146 E.01674
G1 X117.428 Y118.505 E.02044
G1 X116.79 Y118.756 E.0215
G1 X116.164 Y118.886 E.02005
G1 X115.505 Y118.882 E.02066
G1 X114.894 Y118.775 E.01945
G1 X114.307 Y118.537 E.01986
G1 X113.796 Y118.221 E.01884
G1 X113.355 Y117.798 E.01916
G1 X113.012 Y117.333 E.01812
G1 X112.758 Y116.767 E.01945
G1 X112.629 Y116.265 E.01625
G1 X112.615 Y115.715 E.01725
G1 X112.669 Y115.167 E.01727
G1 X113.012 Y114.111 E.03481
G1 X113.382 Y113.474 E.0231
G1 X113.777 Y113.06 E.01794
G1 X114.22 Y112.731 E.0173
G1 X114.756 Y112.485 E.01849
G1 X115.321 Y112.335 E.01833
G1 X115.933 Y112.304 E.01921
G1 X116.535 Y112.376 E.01901
G1 X117.139 Y112.584 E.02003
G1 X117.688 Y112.884 E.01962
G1 X118.192 Y113.318 E.02085
G1 X118.602 Y113.815 E.0202
G1 X118.923 Y114.434 E.02186
G1 X119.124 Y115.06 E.02061
G1 X119.199 Y115.98 E.02894
G1 X119.094 Y116.668 E.02182
G1 X119.021 Y116.81 E.00501
G1 X117.535 Y116.29 F9000
;TYPE:Internal infill
;WIDTH:0.44
G1 F900
G1 X117.627 Y115.894 E.01342
G1 X117.508 Y115.117 E.02595
G1 X117.281 Y114.671 E.01652
G1 X116.808 Y114.192 E.02223
G1 X114.336 Y116.664 E.11543
G1 X114.655 Y116.901 E.01312
G1 X115.105 Y117.173 E.01736
G1 X115.751 Y117.328 E.02193
G1 X116.453 Y117.218 E.02346
G1 X116.95 Y116.95 E.01864
G1 X114.213 Y114.213 E.1278
G1 X114.012 Y114.559 E.01321
G1 X113.73 Y115.426 E.0301
G1 X113.716 Y116.134 E.02338
G1 X113.815 Y116.472 E.01163
G1 E-3.5 F3600
;WIPE_START
G1 F7200
G1 X113.716 Y116.134 E-.1673
G1 X113.73 Y115.426 E-.33637
G1 X114.012 Y114.559 E-.43306
G1 X114.213 Y114.213 E-.19007
G1 X114.769 Y114.769 E-.3732
;WIPE_END
G1 X115.491 Y113.454 F9000
G1 E5 F2400
;TYPE:Solid infill
;WIDTH:0.532442
G1 F900
G1 X116.018 Y113.445 E.02145
G1 X116.522 Y113.556 E.02101
;WIDTH:0.524806
G1 X117.001 Y113.794 E.02143
;WIDTH:0.519308
G1 X117.441 Y114.173 E.023
G1 X117.784 Y114.666 E.02379
;WIDTH:0.519488
G1 X117.999 Y115.248 E.02459
;WIDTH:0.51963
G1 X118.063 Y115.874 E.02494
G1 X117.971 Y116.396 E.02101
;WIDTH:0.505978
G1 X117.626 Y116.909 E.0238
;WIDTH:0.50553
G1 X117.16 Y117.33 E.02416
;WIDTH:0.505918
G1 X116.62 Y117.613 E.02347
;WIDTH:0.50642
G1 X116.058 Y117.745 E.02225
;WIDTH:0.509256
G1 X115.531 Y117.74 E.02044
;WIDTH:0.515654
G1 X114.968 Y117.586 E.02294
G1 X114.429 Y117.266 E.02464
;WIDTH:0.504838
G1 X114.288 Y117.16 E.00678
;LAYER_CHANGE
;Z:28.4
;HEIGHT:0.199999
;BEFORE_LAYER_CHANGE
G92 E0
;28.4


G1 E-3.5 F3600
;WIPE_START
G1 F7200
G1 X114.429 Y117.266 E-.08379
G1 X114.968 Y117.586 E-.29775
G1 X115.531 Y117.74 E-.27725
G1 X116.058 Y117.745 E-.25034
G1 X116.62 Y117.613 E-.27421
G1 X117.16 Y117.33 E-.28959
G1 X117.202 Y117.292 E-.02707
;WIPE_END
G1 Z28.4 F9000
;AFTER_LAYER_CHANGE
;28.4
G1 X117.159 Y117.963
G1 E5 F2400
;TYPE:Perimeter
;WIDTH:0.439999
G1 F900
G1 X116.808 Y118.138 E.01295
G1 X116.261 Y118.277 E.01863
G1 X115.76 Y118.317 E.01659
G1 X115.245 Y118.252 E.01714
G1 X114.744 Y118.101 E.01728
G1 X114.316 Y117.866 E.01612
G1 X113.918 Y117.55 E.01678
G1 X113.524 Y117.047 E.0211
G1 X113.276 Y116.48 E.02043
G1 X113.182 Y115.888 E.01979
G1 X113.237 Y115.312 E.0191
G1 X113.416 Y114.815 E.01744
G1 X113.739 Y114.346 E.0188
G1 X114.188 Y113.957 E.01961
G1 X114.691 Y113.6 E.02037
G1 X115.226 Y113.363 E.01932
G1 X115.706 Y113.285 E.01606
G1 X116.334 Y113.343 E.02082
G1 X116.858 Y113.534 E.01841
G1 X117.362 Y113.877 E.02013
G1 X117.776 Y114.351 E.02078
G1 X117.997 Y114.767 E.01555
G1 X118.157 Y115.251 E.01683
G1 X118.215 Y115.928 E.02243
G1 X118.133 Y116.47 E.0181
G1 X117.973 Y116.953 E.0168
G1 X117.702 Y117.421 E.01786
G1 X117.254 Y117.915 E.02202
G1 X117.212 Y117.936 E.00155
G1 X117.344 Y118.314 F9000
G1 F900
G1 X117.137 Y118.418 E.00765
G1 X116.72 Y118.58 E.01477
G1 X116.16 Y118.697 E.01889
G1 X115.529 Y118.696 E.02083
G1 X114.961 Y118.598 E.01903
G1 X114.401 Y118.374 E.01991
G1 X113.924 Y118.081 E.01848
G1 X113.506 Y117.684 E.01903
G1 X113.182 Y117.251 E.01786
G1 X112.952 Y116.749 E.01823
G1 X112.817 Y116.247 E.01716
G1 X112.79 Y115.738 E.01683
G1 X112.849 Y115.224 E.01708
G1 X113.068 Y114.621 E.02118
G1 X113.44 Y114.079 E.0217
G1 X113.943 Y113.644 E.02196
G1 X114.494 Y113.253 E.02231
G1 X115.1 Y112.985 E.02188
G1 X115.705 Y112.886 E.02024
G1 X116.408 Y112.951 E.02331
G1 X116.897 Y113.118 E.01706
G1 X117.343 Y113.359 E.01674
G1 X117.76 Y113.715 E.0181
G1 X118.106 Y114.129 E.01781
G1 X118.373 Y114.636 E.01892
G1 X118.546 Y115.167 E.01844
G1 X118.608 Y115.73 E.0187
G1 X118.59 Y116.161 E.01424
G1 X118.479 Y116.733 E.01924
G1 X118.219 Y117.34 E.0218
G1 X117.911 Y117.814 E.01866
G1 X117.491 Y118.24 E.01975
G1 X117.398 Y118.287 E.00344
G1 X117.525 Y118.656 F9000
;TYPE:External perimeter
;WIDTH:0.419999
G1 F900
G1 X117.1 Y118.869 E.01491
G1 X116.475 Y119.036 E.02028
G1 X115.945 Y119.093 E.01671
G1 X115.293 Y119.064 E.02046
G1 X114.63 Y118.892 E.02148
G1 X114.047 Y118.63 E.02004
G1 X113.516 Y118.24 E.02066
G1 X113.085 Y117.794 E.01945
G1 X112.75 Y117.256 E.01987
G1 X112.522 Y116.7 E.01884
G1 X112.414 Y116.098 E.01918
G1 X112.409 Y115.52 E.01812
G1 X112.537 Y114.914 E.01942
G1 X112.728 Y114.431 E.01629
G1 X113.15 Y113.819 E.02331
G1 X113.703 Y113.339 E.02296
G1 X114.302 Y112.914 E.02303
G1 X114.774 Y112.706 E.01617
G1 X115.192 Y112.567 E.01381
G1 X115.703 Y112.497 E.01617
G1 X116.48 Y112.569 E.02447
G1 X117.051 Y112.762 E.0189
G1 X117.561 Y113.039 E.0182
G1 X118.035 Y113.442 E.01951
G1 X118.428 Y113.912 E.01921
G1 X118.729 Y114.485 E.02029
G1 X118.925 Y115.086 E.01982
G1 X118.996 Y115.756 E.02112
G1 X118.954 Y116.405 E.02039
G1 X118.78 Y117.034 E.02046
G1 X118.561 Y117.52 E.01671
G1 X118.21 Y118.063 E.02027
G1 X117.722 Y118.558 E.02179
G1 X117.578 Y118.629 E.00503
G1 E-3.5 F3600
;WIPE_START
G1 F7200
G1 X117.525 Y118.656 E-.02825
G1 X117.1 Y118.869 E-.22581
G1 X116.475 Y119.036 E-.30729
G1 X115.945 Y119.093 E-.2532
G1 X115.293 Y119.064 E-.31001
G1 X114.63 Y118.892 E-.32535
G1 X114.534 Y118.849 E-.05009
;WIPE_END
G1 X114.844 Y117.271 F9000
G1 E5 F2400
;TYPE:Internal infill
;WIDTH:0.44
G1 F900
G1 X115.504 Y117.504 E.02311
G1 X116.014 Y117.519 E.01685
G1 X116.782 Y117.291 E.02645
G1 X117.022 Y117.022 E.0119
G1 X114.281 Y114.281 E.12799
G1 X114.843 Y113.867 E.02305
G1 X115.323 Y113.655 E.01733
G1 X115.708 Y113.592 E.01288
G1 X115.883 Y113.608 E.0058
G1 X115.823 Y113.732 E.00455
G1 X116.66 Y114.34 E.03416
G1 X114.276 Y116.724 E.11132
G1 X114.102 Y116.449 E.01074
G1 X113.719 Y115.268 E.04099
G1 X113.562 Y115.29 E.00523
G1 X113.684 Y114.964 E.01149
G1 X113.859 Y114.711 E.01016
G1 E-3.5 F3600
;WIPE_START
G1 F7200
G1 X113.684 Y114.964 E-.14612
G1 X113.562 Y115.29 E-.16534
G1 X113.719 Y115.268 E-.0753
G1 X114.102 Y116.449 E-.58974
G1 X114.276 Y116.724 E-.15458
G1 X114.825 Y116.175 E-.36892
;WIPE_END
G1 X116.479 Y113.711 F9000
G1 E5 F2400
;TYPE:Solid infill
;WIDTH:0.493114
G1 F900
G1 X116.703 Y113.848 E.00983
;WIDTH:0.53395
G1 X116.926 Y113.985 E.01069
G1 X117.121 Y114.136 E.01007
;WIDTH:0.532788
G1 X117.469 Y114.528 E.02135
;WIDTH:0.524808
G1 X117.717 Y115.003 E.02147
;WIDTH:0.51931
G1 X117.851 Y115.567 E.02296
;WIDTH:0.519412
G1 X117.838 Y116.168 E.02382
G1 X117.67 Y116.765 E.02457
;WIDTH:0.51963
G1 X117.354 Y117.309 E.02494
G1 X116.972 Y117.677 E.02103
;WIDTH:0.505976
G1 X116.392 Y117.889 E.02378
;WIDTH:0.505528
G1 X115.767 Y117.956 E.02418
;WIDTH:0.50592
G1 X115.165 Y117.868 E.02342
;WIDTH:0.50642
G1 X114.632 Y117.645 E.02227
;WIDTH:0.509256
G1 X114.208 Y117.33 E.02048
;WIDTH:0.511056
G1 X113.821 Y116.842 E.02424
;WIDTH:0.521528
G1 X113.693 Y116.604 E.01075
G1 X113.547 Y116.131 E.0197
;LAYER_CHANGE
;Z:28.6
;HEIGHT:0.200001
;BEFORE_LAYER_CHANGE
G92 E0
;28.6


G1 E-3.5 F3600
;WIPE_START
G1 F7200
G1 X113.693 Y116.604 E-.23513
G1 X113.821 Y116.842 E-.12836
G1 X114.208 Y117.33 E-.29584
G1 X114.632 Y117.645 E-.2509
G1 X115.165 Y117.868 E-.27444
G1 X115.767 Y117.956 E-.28899
G1 X115.822 Y117.95 E-.02634
;WIPE_END
G1 Z28.6 F9000
;AFTER_LAYER_CHANGE
;28.6
G1 X115.395 Y118.467
G1 E5 F2400
;TYPE:Perimeter
;WIDTH:0.439999
G1 F900
G1 X115.007 Y118.403 E.01298
G1 X114.484 Y118.194 E.0186
G1 X114.055 Y117.931 E.01661
G1 X113.676 Y117.577 E.01712
G1 X113.36 Y117.16 E.01727
G1 X113.151 Y116.718 E.01614
G1 X113.015 Y116.229 E.01676
G1 X112.992 Y115.59 E.02111
G1 X113.125 Y114.985 E.02045
G1 X113.397 Y114.451 E.01979
G1 X113.78 Y114.018 E.01909
G1 X114.217 Y113.721 E.01745
G1 X114.753 Y113.531 E.01878
G1 X115.346 Y113.481 E.01965
G1 X115.963 Y113.487 E.02037
G1 X116.534 Y113.61 E.01929
G1 X116.996 Y113.845 E.01711
G1 X117.424 Y114.22 E.01879
G1 X117.755 Y114.708 E.01947
G1 X117.96 Y115.281 E.02009
G1 X118.012 Y115.737 E.01515
G1 X118.002 Y116.055 E.0105
G1 X117.911 Y116.548 E.01655
G1 X117.726 Y116.996 E.016
G1 X117.445 Y117.442 E.0174
G1 X117.06 Y117.833 E.01812
G1 X116.647 Y118.129 E.01678
G1 X116.153 Y118.348 E.01784
G1 X115.5 Y118.485 E.02203
G1 X115.454 Y118.477 E.00154
G1 X115.338 Y118.86 F9000
G1 F900
G1 X115.109 Y118.823 E.00766
G1 X114.676 Y118.709 E.01478
G1 X114.155 Y118.474 E.01887
G1 X113.645 Y118.103 E.02082
G1 X113.243 Y117.689 E.01905
G1 X112.922 Y117.179 E.0199
G1 X112.708 Y116.662 E.01847
G1 X112.603 Y116.094 E.01907
G1 X112.596 Y115.554 E.01783
G1 X112.704 Y115.013 E.01821
G1 X112.891 Y114.527 E.01719
G1 X113.167 Y114.099 E.01681
G1 X113.518 Y113.718 E.0171
G1 X114.049 Y113.359 E.02116
G1 X114.669 Y113.14 E.02171
G1 X115.331 Y113.083 E.02194
G1 X116.007 Y113.091 E.02232
G1 X116.655 Y113.23 E.02188
G1 X117.218 Y113.515 E.02083
G1 X117.608 Y113.844 E.01685
G1 X117.932 Y114.228 E.01659
G1 X118.183 Y114.697 E.01756
G1 X118.349 Y115.195 E.01733
G1 X118.409 Y115.749 E.0184
G1 X118.377 Y116.293 E.01799
G1 X118.221 Y116.855 E.01926
G1 X117.981 Y117.366 E.01864
G1 X117.611 Y117.851 E.02014
G1 X117.186 Y118.249 E.01922
G1 X116.618 Y118.586 E.02181
G1 X116.091 Y118.789 E.01865
G1 X115.5 Y118.887 E.01978
G1 X115.397 Y118.87 E.00345
G1 X115.283 Y119.244 F9000
;TYPE:External perimeter
;WIDTH:0.419999
G1 F900
G1 X114.814 Y119.166 E.01491
G1 X114.211 Y118.933 E.02027
G1 X113.748 Y118.669 E.01671
G1 X113.238 Y118.262 E.02046
G1 X112.803 Y117.733 E.02147
G1 X112.485 Y117.178 E.02006
G1 X112.285 Y116.55 E.02066
G1 X112.198 Y115.936 E.01944
G1 X112.243 Y115.304 E.01987
G1 X112.386 Y114.72 E.01885
G1 X112.652 Y114.17 E.01916
G1 X112.988 Y113.7 E.01811
G1 X113.447 Y113.284 E.01942
G1 X113.885 Y113.006 E.01627
G1 X114.587 Y112.759 E.02333
G1 X115.317 Y112.696 E.02297
G1 X116.05 Y112.704 E.02298
G1 X116.467 Y112.794 E.01338
G1 X116.975 Y112.946 E.01663
G1 X117.435 Y113.193 E.01637
G1 X117.881 Y113.57 E.01831
G1 X118.253 Y114.009 E.01804
G1 X118.538 Y114.543 E.01898
G1 X118.727 Y115.112 E.0188
G1 X118.802 Y115.936 E.02594
G1 X118.709 Y116.577 E.02031
G1 X118.515 Y117.178 E.0198
G1 X118.178 Y117.762 E.02114
G1 X117.762 Y118.262 E.02039
G1 X117.252 Y118.669 E.02046
G1 X116.789 Y118.933 E.01671
G1 X116.186 Y119.166 E.02027
G1 X115.5 Y119.279 E.0218
G1 X115.342 Y119.253 E.00502
G1 X114.81 Y117.476 F9000
;TYPE:Internal infill
;WIDTH:0.44
G1 F900
G1 X115.484 Y117.703 E.02348
G1 X115.783 Y117.644 E.01006
G1 X116.485 Y117.291 E.02594
G1 X116.879 Y116.879 E.01882
G1 X114.132 Y114.132 E.12827
G1 X114.817 Y113.833 E.02468
G1 X115.463 Y113.788 E.02138
G1 X115.929 Y113.793 E.01539
G1 X116.441 Y113.903 E.01729
G1 X116.868 Y114.132 E.016
G1 X114.121 Y116.879 E.12827
G1 X113.839 Y116.304 E.02115
G1 X113.786 Y115.598 E.02338
G1 X114.082 Y114.615 E.0339
G1 X113.549 Y114.862 F9000
;TYPE:Solid infill
;WIDTH:0.523784
G1 F900
G1 X113.382 Y115.356 E.02085
;WIDTH:0.545926
G1 X113.344 Y115.895 E.0226
G1 X113.431 Y116.446 E.02333
;WIDTH:0.53924
G1 X113.666 Y116.976 E.02393
;WIDTH:0.54055
G1 X114.038 Y117.445 E.02477
;WIDTH:0.541286
G1 X114.532 Y117.818 E.02565
G1 X115.103 Y118.058 E.02567
;WIDTH:0.541046
G1 X115.5 Y118.133 E.01673
;WIDTH:0.523494
G1 X115.937 Y118.055 E.01774
G1 X116.458 Y117.822 E.02281
;WIDTH:0.505658
G1 X116.952 Y117.451 E.02377
;WIDTH:0.50621
G1 X117.327 Y116.984 E.02307
;WIDTH:0.506762
G1 X117.564 Y116.456 E.02232
;WIDTH:0.510052
G1 X117.655 Y115.929 E.02077
;WIDTH:0.511718
G1 X117.6 Y115.324 E.02368
G1 X117.496 Y115.026 E.0123
;WIDTH:0.485726
G1 X117.391 Y114.729 E.0116
;WIDTH:0.459734
G1 X117.344 Y114.626 E.00392
;LAYER_CHANGE
;Z:28.8
;HEIGHT:0.199999
;BEFORE_LAYER_CHANGE
G92 E0
;28.8


G1 E-3.5 F3600
;WIPE_START
G1 F7200
G1 X117.391 Y114.729 E-.05378
G1 X117.496 Y115.026 E-.14963
G1 X117.6 Y115.324 E-.14992
G1 X117.655 Y115.929 E-.28856
G1 X117.564 Y116.456 E-.25403
G1 X117.327 Y116.984 E-.27491
G1 X116.952 Y117.451 E-.28449
G1 X116.877 Y117.508 E-.04468
;WIPE_END
G1 Z28.8 F9000
;AFTER_LAYER_CHANGE
;28.8
G1 X113.843 Y117.958
G1 E5 F2400
;TYPE:Perimeter
;WIDTH:0.439999
G1 F900
G1 X113.746 Y117.915 E.0035
G1 X113.298 Y117.421 E.02202
G1 X113.027 Y116.953 E.01786
G1 X112.856 Y116.425 E.01832
G1 X112.785 Y115.928 E.01658
G1 X112.815 Y115.434 E.01634
G1 X112.933 Y114.931 E.01706
G1 X113.224 Y114.351 E.02143
G1 X113.638 Y113.877 E.02078
G1 X114.142 Y113.534 E.02013
G1 X114.696 Y113.334 E.01945
G1 X115.253 Y113.285 E.01846
G1 X115.802 Y113.376 E.01837
G1 X116.295 Y113.593 E.01778
G1 X117.068 Y114.155 E.03155
G1 X117.273 Y114.385 E.01017
G1 X117.572 Y114.786 E.01652
G1 X117.763 Y115.312 E.01848
G1 X117.818 Y115.888 E.0191
G1 X117.724 Y116.48 E.01979
G1 X117.476 Y117.047 E.02043
G1 X117.198 Y117.419 E.01533
G1 X116.834 Y117.765 E.01658
G1 X116.422 Y118.018 E.01596
G1 X115.932 Y118.215 E.01744
G1 X115.391 Y118.304 E.0181
G1 X114.882 Y118.301 E.01681
G1 X114.354 Y118.188 E.01783
G1 X113.898 Y117.983 E.01651
G1 X113.656 Y118.314 F9000
G1 F900
G1 X113.509 Y118.24 E.00543
G1 X113.089 Y117.814 E.01975
G1 X112.743 Y117.266 E.0214
G1 X112.521 Y116.733 E.01906
G1 X112.406 Y116.123 E.0205
G1 X112.396 Y115.551 E.01889
G1 X112.51 Y114.968 E.01961
G1 X112.706 Y114.451 E.01826
G1 X113.014 Y113.972 E.0188
G1 X113.375 Y113.579 E.01762
G1 X113.819 Y113.263 E.01799
G1 X114.28 Y113.041 E.01689
G1 X114.759 Y112.922 E.0163
G1 X115.282 Y112.887 E.01731
G1 X115.916 Y112.992 E.02122
G1 X116.498 Y113.249 E.02101
G1 X117.333 Y113.856 E.03408
G1 X117.768 Y114.343 E.02156
G1 X117.974 Y114.715 E.01404
G1 X118.151 Y115.224 E.01779
G1 X118.216 Y115.9 E.02242
G1 X118.142 Y116.427 E.01757
G1 X117.984 Y116.928 E.01734
G1 X117.707 Y117.412 E.01841
G1 X117.361 Y117.833 E.01799
G1 X116.905 Y118.196 E.01924
G1 X116.41 Y118.468 E.01865
G1 X115.826 Y118.643 E.02013
G1 X115.248 Y118.714 E.01923
G1 X114.59 Y118.654 E.02182
G1 X114.044 Y118.508 E.01866
G1 X113.71 Y118.341 E.01233
G1 X113.475 Y118.656 F9000
;TYPE:External perimeter
;WIDTH:0.419999
G1 F900
G1 X113.278 Y118.558 E.0069
G1 X112.79 Y118.063 E.02179
G1 X112.4 Y117.446 E.02289
G1 X112.15 Y116.845 E.02041
G1 X112.021 Y116.163 E.02176
G1 X112.01 Y115.518 E.02023
G1 X112.138 Y114.862 E.02096
G1 X112.359 Y114.277 E.01961
G1 X112.707 Y113.737 E.02014
G1 X113.117 Y113.289 E.01904
G1 X113.621 Y112.93 E.0194
G1 X114.149 Y112.676 E.01837
G1 X114.739 Y112.534 E.01903
G1 X115.31 Y112.499 E.01794
G1 X116.028 Y112.618 E.02282
G1 X116.695 Y112.913 E.02287
G1 X117.591 Y113.564 E.03473
G1 X118.081 Y114.112 E.02305
G1 X118.353 Y114.615 E.01793
G1 X118.529 Y115.138 E.0173
G1 X118.597 Y115.705 E.01791
G1 X118.584 Y116.118 E.01296
G1 X118.478 Y116.7 E.01855
G1 X118.24 Y117.275 E.01951
G1 X117.915 Y117.794 E.0192
G1 X117.463 Y118.258 E.02031
G1 X116.953 Y118.63 E.01979
G1 X116.336 Y118.904 E.02117
G1 X115.707 Y119.064 E.02035
G1 X115.055 Y119.093 E.02046
G1 X114.525 Y119.036 E.01671
G1 X113.9 Y118.869 E.02028
G1 X113.529 Y118.683 E.01301
G1 E-3.5 F3600
;WIPE_START
G1 F7200
G1 X113.475 Y118.656 E-.02868
G1 X113.278 Y118.558 E-.10451
G1 X112.79 Y118.063 E-.33017
G1 X112.4 Y117.446 E-.34671
G1 X112.15 Y116.845 E-.30919
G1 X112.021 Y116.163 E-.32969
G1 X112.019 Y116.056 E-.05105
;WIPE_END
G1 X113.682 Y116.455 F9000
G1 E5 F2400
;TYPE:Internal infill
;WIDTH:0.44
G1 F900
G1 X113.572 Y115.876 E.01946
G1 X113.683 Y115.174 E.02347
G1 X114.031 Y114.608 E.02194
G1 X114.34 Y114.34 E.01351
G1 X116.726 Y116.726 E.11141
G1 X116.911 Y116.407 E.01218
G1 X117.281 Y115.268 E.03954
G1 X117.438 Y115.29 E.00523
G1 X117.2 Y114.761 E.01915
G1 X116.719 Y114.281 E.02244
G1 X113.978 Y117.022 E.12799
G1 X114.218 Y117.291 E.0119
G1 X114.986 Y117.519 E.02645
G1 X115.496 Y117.504 E.01685
G1 X116.156 Y117.271 E.02311
G1 X117.507 Y115.875 F9000
;TYPE:Solid infill
;WIDTH:0.489626
G1 F900
G1 X117.446 Y116.128 E.00967
;WIDTH:0.53017
G1 X117.385 Y116.38 E.0105
;WIDTH:0.545624
G1 X117.166 Y116.862 E.02213
G1 X116.83 Y117.296 E.02294
;WIDTH:0.539584
G1 X116.378 Y117.641 E.02348
;WIDTH:0.540294
G1 X115.835 Y117.87 E.02437
;WIDTH:0.540994
G1 X115.233 Y117.958 E.0252
;WIDTH:0.54193
G1 X114.6 Y117.89 E.02642
G1 X114.297 Y117.803 E.01308
;WIDTH:0.521836
G1 X113.866 Y117.553 E.01984
;WIDTH:0.507542
G1 X113.503 Y117.087 E.02282
;WIDTH:0.505528
G1 X113.246 Y116.513 E.02419
;WIDTH:0.505924
G1 X113.144 Y115.913 E.02343
;WIDTH:0.506426
G1 X113.192 Y115.337 E.02228
;WIDTH:0.509258
G1 X113.36 Y114.837 E.02045
;WIDTH:0.515658
G1 X113.681 Y114.35 E.02293
G1 X114.151 Y113.936 E.02462
;WIDTH:0.504838
G1 X114.295 Y113.835 E.00676
;LAYER_CHANGE
;Z:29
;HEIGHT:0.200001
;BEFORE_LAYER_CHANGE
G92 E0
;29


G1 E-3.5 F3600
;WIPE_START
G1 F7200
G1 X114.151 Y113.936 E-.08355
G1 X113.681 Y114.35 E-.29751
G1 X113.36 Y114.837 E-.27706
G1 X113.192 Y115.337 E-.25055
G1 X113.144 Y115.913 E-.27455
G1 X113.246 Y116.513 E-.28909
G1 X113.27 Y116.566 E-.02769
;WIPE_END
G1 Z29 F9000
;AFTER_LAYER_CHANGE
;29
G1 X112.65 Y116.316
G1 E5 F2400
;TYPE:Perimeter
;WIDTH:0.439999
G1 F900
G1 X112.59 Y115.759 E.0185
G1 X112.645 Y115.222 E.01782
G1 X112.818 Y114.694 E.01835
G1 X113.052 Y114.25 E.01657
G1 X113.37 Y113.865 E.01649
G1 X113.758 Y113.531 E.0169
G1 X114.207 Y113.288 E.01686
G1 X114.751 Y113.125 E.01875
G1 X115.363 Y113.111 E.02021
G1 X115.847 Y113.176 E.01612
G1 X116.378 Y113.406 E.01911
G1 X116.796 Y113.73 E.01746
G1 X117.142 Y114.181 E.01877
G1 X117.373 Y114.729 E.01964
G1 X117.557 Y115.318 E.02037
G1 X117.595 Y116.14 E.02717
G1 X117.441 Y116.678 E.01848
G1 X117.147 Y117.176 E.01909
G1 X116.723 Y117.6 E.0198
G1 X116.189 Y117.913 E.02044
G1 X115.745 Y118.051 E.01535
G1 X115.248 Y118.117 E.01655
G1 X114.765 Y118.079 E.016
G1 X114.254 Y117.95 E.0174
G1 X113.764 Y117.704 E.0181
G1 X113.354 Y117.403 E.01679
G1 X112.993 Y117.001 E.01784
G1 X112.661 Y116.422 E.02204
G1 X112.656 Y116.376 E.00153
G1 X112.254 Y116.384 F9000
G1 F900
G1 X112.189 Y115.955 E.01433
G1 X112.231 Y115.308 E.02141
G1 X112.365 Y114.746 E.01908
G1 X112.631 Y114.186 E.02047
G1 X112.959 Y113.717 E.0189
G1 X113.394 Y113.312 E.01962
G1 X113.856 Y113.009 E.01824
G1 X114.355 Y112.812 E.01771
G1 X114.891 Y112.7 E.01808
G1 X115.637 Y112.722 E.02464
G1 X116.082 Y112.838 E.01518
G1 X116.582 Y113.064 E.01812
G1 X117.088 Y113.458 E.02117
G1 X117.488 Y113.98 E.02171
G1 X117.746 Y114.592 E.02193
G1 X117.948 Y115.238 E.02235
G1 X117.981 Y115.561 E.01072
G1 X117.999 Y116.079 E.01711
G1 X117.919 Y116.521 E.01483
G1 X117.726 Y116.993 E.01684
G1 X117.462 Y117.42 E.01658
G1 X117.093 Y117.803 E.01756
G1 X116.67 Y118.115 E.01735
G1 X116.163 Y118.344 E.01837
G1 X115.635 Y118.482 E.01802
G1 X115.052 Y118.507 E.01927
G1 X114.492 Y118.436 E.01864
G1 X113.916 Y118.234 E.02015
G1 X113.407 Y117.952 E.01921
G1 X112.91 Y117.517 E.02181
G1 X112.554 Y117.078 E.01866
G1 X112.279 Y116.547 E.01974
G1 X112.263 Y116.444 E.00344
G1 X111.873 Y116.45 F9000
;TYPE:External perimeter
;WIDTH:0.419999
G1 F900
G1 X111.801 Y115.98 E.01491
G1 X111.848 Y115.253 E.02284
G1 X111.999 Y114.619 E.02043
G1 X112.295 Y113.992 E.02174
G1 X112.666 Y113.463 E.02026
G1 X113.154 Y113.008 E.02092
G1 X113.678 Y112.664 E.01965
G1 X114.309 Y112.422 E.02119
G1 X114.866 Y112.312 E.0178
G1 X115.393 Y112.327 E.01653
G1 X115.915 Y112.387 E.01647
G1 X116.436 Y112.554 E.01715
G1 X116.973 Y112.863 E.01943
G1 X117.373 Y113.194 E.01628
G1 X117.825 Y113.784 E.0233
G1 X118.11 Y114.459 E.02297
G1 X118.329 Y115.159 E.023
G1 X118.373 Y115.584 E.0134
G1 X118.372 Y116.259 E.02116
G1 X118.224 Y116.818 E.01813
G1 X117.988 Y117.333 E.01776
G1 X117.632 Y117.813 E.01874
G1 X117.204 Y118.221 E.01854
G1 X116.674 Y118.547 E.01951
G1 X116.106 Y118.775 E.01919
G1 X115.468 Y118.885 E.0203
G1 X114.836 Y118.886 E.01982
G1 X114.177 Y118.746 E.02112
G1 X113.572 Y118.505 E.02042
G1 X113.028 Y118.146 E.02044
G1 X112.633 Y117.787 E.01674
G1 X112.225 Y117.285 E.02028
G1 X111.906 Y116.668 E.02178
G1 X111.882 Y116.51 E.00501
G1 X113.465 Y116.29 F9000
;TYPE:Internal infill
;WIDTH:0.44
G1 F900
G1 X113.373 Y115.894 E.01342
G1 X113.492 Y115.117 E.02595
G1 X113.719 Y114.671 E.01652
G1 X114.192 Y114.192 E.02223
G1 X116.662 Y116.662 E.11533
G1 X116.109 Y117.063 E.02255
G1 X115.651 Y117.266 E.01654
G1 X115.016 Y117.322 E.02105
G1 X114.547 Y117.218 E.01586
G1 X114.05 Y116.95 E.01864
G1 X116.783 Y114.217 E.12761
G1 X117.086 Y114.835 E.02273
G1 X117.256 Y115.38 E.01885
G1 X117.31 Y115.902 E.01733
G1 X117.182 Y116.461 E.01893
G1 X116.903 Y116.983 F9000
;TYPE:Solid infill
;WIDTH:0.48963
G1 F900
G1 X116.705 Y117.151 E.00965
;WIDTH:0.530168
G1 X116.507 Y117.32 E.01055
;WIDTH:0.545622
G1 X116.047 Y117.581 E.02211
G1 X115.521 Y117.735 E.02291
;WIDTH:0.539584
G1 X114.952 Y117.748 E.0235
;WIDTH:0.54029
G1 X114.378 Y117.614 E.02438
;WIDTH:0.540996
G1 X113.839 Y117.332 E.02519
;WIDTH:0.541932
G1 X113.367 Y116.904 E.02644
G1 X113.173 Y116.657 E.01303
;WIDTH:0.521838
G1 X112.971 Y116.201 E.01986
;WIDTH:0.50754
G1 X112.952 Y115.61 E.02284
;WIDTH:0.505532
G1 X113.081 Y114.995 E.02417
;WIDTH:0.505914
G1 X113.352 Y114.449 E.02347
;WIDTH:0.525636
G1 X113.721 Y114.005 E.02317
G1 X114.155 Y113.702 E.02125
;WIDTH:0.53068
G1 X114.701 Y113.493 E.02371
G1 X115.44 Y113.447 E.03003
;WIDTH:0.495742
G1 X115.538 Y113.448 E.00369
;LAYER_CHANGE
;Z:29.2
;HEIGHT:0.200001
;BEFORE_LAYER_CHANGE
G92 E0
;29.2


G1 E-3.5 F3600
;WIPE_START
G1 F7200
G1 X115.44 Y113.447 E-.04655
G1 X114.701 Y113.493 E-.3517
G1 X114.155 Y113.702 E-.2777
G1 X113.721 Y114.005 E-.25142
G1 X113.352 Y114.449 E-.27423
G1 X113.081 Y114.995 E-.28954
G1 X113.077 Y115.013 E-.00886
;WIPE_END
G1 Z29.2 F9000
;AFTER_LAYER_CHANGE
;29.2
G1 X113.129 Y113.828
G1 E5 F2400
;TYPE:Perimeter
;WIDTH:0.439999
G1 F900
G1 X113.354 Y113.597 E.01065
G1 X113.804 Y113.271 E.01835
G1 X114.254 Y113.05 E.01655
G1 X114.732 Y112.926 E.0163
G1 X115.315 Y112.89 E.01929
G1 X115.89 Y112.981 E.01922
G1 X116.468 Y113.228 E.02075
G1 X116.95 Y113.6 E.0201
G1 X117.311 Y114.066 E.01946
G1 X117.536 Y114.589 E.0188
G1 X117.597 Y115.139 E.01827
G1 X117.568 Y115.647 E.0168
G1 X117.269 Y116.567 E.03194
G1 X116.978 Y117.067 E.0191
G1 X116.612 Y117.434 E.01711
G1 X116.123 Y117.725 E.01879
G1 X115.557 Y117.889 E.01946
G1 X114.948 Y117.907 E.02012
G1 X114.335 Y117.767 E.02076
G1 X113.911 Y117.561 E.01556
G1 X113.496 Y117.263 E.01687
G1 X113.145 Y116.873 E.01732
G1 X112.878 Y116.448 E.01657
G1 X112.702 Y115.982 E.01645
G1 X112.599 Y115.459 E.0176
G1 X112.687 Y114.778 E.02267
G1 X112.866 Y114.291 E.01713
G1 X113.099 Y113.88 E.0156
G1 X112.816 Y113.58 F9000
G1 F900
G1 X112.985 Y113.407 E.00799
G1 X113.407 Y113.048 E.01829
G1 X113.951 Y112.75 E.02048
G1 X114.492 Y112.564 E.01889
G1 X115.078 Y112.497 E.01947
G1 X115.636 Y112.519 E.01844
G1 X116.184 Y112.664 E.01872
G1 X116.67 Y112.885 E.01763
G1 X117.107 Y113.209 E.01796
G1 X117.462 Y113.58 E.01695
G1 X117.725 Y114.004 E.01647
G1 X117.919 Y114.479 E.01694
G1 X117.998 Y115.295 E.02707
G1 X117.954 Y115.741 E.0148
G1 X117.633 Y116.73 E.03433
G1 X117.394 Y117.142 E.01573
G1 X117.102 Y117.529 E.01601
G1 X116.736 Y117.83 E.01565
G1 X116.281 Y118.09 E.0173
G1 X115.781 Y118.246 E.01729
G1 X115.267 Y118.315 E.01712
G1 X114.721 Y118.273 E.01808
G1 X114.198 Y118.141 E.01781
G1 X113.683 Y117.887 E.01896
G1 X113.231 Y117.56 E.01842
G1 X112.829 Y117.113 E.01985
G1 X112.521 Y116.625 E.01905
G1 X112.295 Y116.002 E.02188
G1 X112.2 Y115.475 E.01768
G1 X112.224 Y115.086 E.01287
G1 X112.355 Y114.515 E.01934
G1 X112.544 Y114.042 E.01682
G1 X112.785 Y113.632 E.0157
G1 X112.51 Y113.339 F9000
;TYPE:External perimeter
;WIDTH:0.419999
G1 F900
G1 X113.032 Y112.851 E.02241
G1 X113.572 Y112.495 E.02028
G1 X114.211 Y112.244 E.02153
G1 X114.833 Y112.115 E.01992
G1 X115.341 Y112.105 E.01593
G1 X115.912 Y112.183 E.01807
G1 X116.499 Y112.365 E.01927
G1 X117.044 Y112.671 E.0196
G1 X117.506 Y113.045 E.01864
G1 X117.886 Y113.517 E.019
G1 X118.163 Y114.012 E.01779
G1 X118.323 Y114.518 E.01664
G1 X118.385 Y115.285 E.02413
G1 X118.331 Y115.833 E.01727
G1 X117.988 Y116.889 E.03481
G1 X117.618 Y117.526 E.0231
G1 X117.223 Y117.94 E.01794
G1 X116.78 Y118.269 E.0173
G1 X116.244 Y118.515 E.01849
G1 X115.679 Y118.665 E.01833
G1 X115.067 Y118.696 E.01921
G1 X114.465 Y118.624 E.01901
G1 X113.861 Y118.416 E.02003
G1 X113.312 Y118.116 E.01962
G1 X112.808 Y117.682 E.02085
G1 X112.398 Y117.185 E.0202
G1 X112.091 Y116.602 E.02066
G1 X111.922 Y116.106 E.01643
G1 X111.811 Y115.491 E.01959
G1 X111.872 Y114.87 E.01956
G1 X111.998 Y114.362 E.01641
G1 X112.194 Y113.877 E.0164
G1 X112.48 Y113.39 E.01771
G1 X113.54 Y114.71 F9000
;TYPE:Internal infill
;WIDTH:0.44
G1 F900
G1 X113.39 Y115.437 E.02451
G1 X113.492 Y115.883 E.01511
G1 X113.719 Y116.329 E.01652
G1 X114.192 Y116.808 E.02223
G1 X116.66 Y114.34 E.11524
G1 X116.097 Y113.932 E.02296
G1 X115.69 Y113.752 E.01469
G1 X115.01 Y113.679 E.02258
G1 X114.547 Y113.782 E.01566
G1 X114.05 Y114.05 E.01864
G1 X116.787 Y116.787 E.1278
G1 X116.988 Y116.441 E.01321
G1 X117.27 Y115.574 E.0301
G1 X117.284 Y114.866 E.02338
G1 X117.179 Y114.552 E.01093
G1 X116.708 Y113.843 F9000
;TYPE:Solid infill
;WIDTH:0.52791
G1 F900
G1 X116.302 Y113.54 E.02043
G1 X115.833 Y113.336 E.02063
;WIDTH:0.527564
G1 X115.27 Y113.242 E.023
;WIDTH:0.516232
G1 X114.711 Y113.291 E.02208
;WIDTH:0.507134
G1 X114.155 Y113.484 E.02272
;WIDTH:0.507012
G1 X113.639 Y113.825 E.02387
;WIDTH:0.521172
G1 X113.384 Y114.08 E.01434
;WIDTH:0.52261
G1 X113.141 Y114.53 E.0204
G1 X112.974 Y115.145 E.02542
G1 X112.96 Y115.507 E.01445
;WIDTH:0.523734
G1 X113.069 Y115.998 E.02011
G1 X113.337 Y116.545 E.02435
;WIDTH:0.523486
G1 X113.722 Y116.994 E.02363
G1 X114.19 Y117.32 E.02279
;WIDTH:0.545622
G1 X114.719 Y117.506 E.02344
G1 X115.245 Y117.565 E.02212
;WIDTH:0.53017
G1 X115.504 Y117.544 E.01053
;WIDTH:0.489631
G1 X115.764 Y117.524 E.00969
;LAYER_CHANGE
;Z:29.4
;HEIGHT:0.199999
;BEFORE_LAYER_CHANGE
G92 E0
;29.4


G1 E-3.5 F3600
;WIPE_START
G1 F7200
G1 X115.504 Y117.544 E-.12386
G1 X115.245 Y117.565 E-.12343
G1 X114.719 Y117.506 E-.25142
G1 X114.19 Y117.32 E-.26635
G1 X113.722 Y116.994 E-.27092
G1 X113.337 Y116.545 E-.28094
G1 X113.168 Y116.199 E-.18308
;WIPE_END
G1 Z29.4 F9000
;AFTER_LAYER_CHANGE
;29.4
G1 X112.861 Y115.739
G1 E5 F2400
;TYPE:Perimeter
;WIDTH:0.439999
G1 F900
G1 X112.799 Y115.457 E.00953
G1 X112.838 Y115.053 E.0134
G1 X112.986 Y114.505 E.01874
G1 X113.209 Y114.073 E.01605
G1 X113.509 Y113.673 E.01651
G1 X114.073 Y113.207 E.02416
G1 X114.397 Y113.034 E.01213
G1 X114.993 Y112.844 E.02065
G1 X115.492 Y112.806 E.01652
G1 X116.007 Y112.844 E.01705
G1 X116.459 Y113 E.01579
G1 X116.934 Y113.322 E.01895
G1 X117.296 Y113.691 E.01707
G1 X117.619 Y114.231 E.02078
G1 X117.79 Y114.816 E.02012
G1 X117.814 Y115.249 E.01432
G1 X117.782 Y115.567 E.01055
G1 X117.643 Y116.05 E.01659
G1 X117.409 Y116.44 E.01502
G1 X117.086 Y116.834 E.01682
G1 X116.304 Y117.403 E.03193
G1 X116.013 Y117.531 E.0105
G1 X115.539 Y117.691 E.01652
G1 X114.98 Y117.71 E.01847
G1 X114.415 Y117.585 E.01911
G1 X113.881 Y117.312 E.0198
G1 X113.418 Y116.901 E.02044
G1 X113.15 Y116.522 E.01533
G1 X112.933 Y116.069 E.01658
G1 X112.874 Y115.798 E.00916
G1 X112.47 Y115.826 F9000
G1 F900
G1 X112.4 Y115.474 E.01185
G1 X112.466 Y114.886 E.01954
G1 X112.616 Y114.358 E.01812
G1 X112.911 Y113.802 E.02078
G1 X113.227 Y113.391 E.01712
G1 X113.851 Y112.875 E.02673
G1 X114.542 Y112.55 E.02521
G1 X115.099 Y112.43 E.01881
G1 X115.661 Y112.413 E.01856
G1 X116.212 Y112.487 E.01836
G1 X116.637 Y112.645 E.01497
G1 X117.076 Y112.919 E.01709
G1 X117.495 Y113.317 E.01908
G1 X117.818 Y113.749 E.01781
G1 X118.048 Y114.25 E.0182
G1 X118.183 Y114.753 E.0172
G1 X118.21 Y115.262 E.01683
G1 X118.151 Y115.776 E.01708
G1 X117.932 Y116.379 E.02118
G1 X117.641 Y116.802 E.01695
G1 X117.344 Y117.138 E.01481
G1 X116.503 Y117.749 E.03432
G1 X115.9 Y118.015 E.02176
G1 X115.277 Y118.116 E.02084
G1 X114.768 Y118.079 E.01685
G1 X114.28 Y117.959 E.01659
G1 X113.802 Y117.727 E.01754
G1 X113.375 Y117.421 E.01734
G1 X112.999 Y117.008 E.01844
G1 X112.706 Y116.549 E.01798
G1 X112.515 Y116.048 E.0177
G1 X112.482 Y115.884 E.00552
G1 X112.089 Y115.91 F9000
;TYPE:External perimeter
;WIDTH:0.419999
G1 F900
G1 X112.011 Y115.491 E.01336
G1 X112.028 Y115.222 E.00845
G1 X112.12 Y114.632 E.01872
G1 X112.338 Y114.04 E.01978
G1 X112.584 Y113.595 E.01594
G1 X112.952 Y113.116 E.01894
G1 X113.634 Y112.552 E.02775
G1 X114.068 Y112.321 E.01542
G1 X114.656 Y112.121 E.01947
G1 X115.279 Y112.018 E.0198
G1 X115.996 Y112.052 E.02251
G1 X116.57 Y112.179 E.01843
G1 X116.81 Y112.299 E.00841
G1 X117.312 Y112.611 E.01853
G1 X117.784 Y113.06 E.02043
G1 X118.151 Y113.551 E.01922
G1 X118.412 Y114.119 E.0196
G1 X118.566 Y114.692 E.0186
G1 X118.591 Y115.48 E.02472
G1 X118.463 Y116.086 E.01942
G1 X118.272 Y116.569 E.01629
G1 X117.96 Y117.022 E.01725
G1 X117.595 Y117.434 E.01726
G1 X116.697 Y118.086 E.03479
G1 X116.022 Y118.384 E.02313
G1 X115.666 Y118.466 E.01145
G1 X115.088 Y118.498 E.01815
G1 X114.526 Y118.433 E.01774
G1 X113.959 Y118.242 E.01876
G1 X113.439 Y117.961 E.01853
G1 X112.965 Y117.558 E.01951
G1 X112.572 Y117.088 E.01921
G1 X112.284 Y116.546 E.01924
G1 X112.118 Y116.068 E.01587
G1 X112.1 Y115.969 E.00315
G1 X113.154 Y115.421 F9000
;TYPE:Solid infill
;WIDTH:0.524376
G1 F900
G1 X113.232 Y114.881 E.02184
;WIDTH:0.52258
G1 X113.458 Y114.336 E.02353
G1 X113.802 Y113.877 E.02288
;WIDTH:0.545566
G1 X114.268 Y113.51 E.02479
G1 X114.795 Y113.257 E.02443
;WIDTH:0.528948
G1 X115.341 Y113.155 E.02245
;WIDTH:0.529464
G1 X115.938 Y113.19 E.02419
;WIDTH:0.546352
G1 X116.159 Y113.254 E.00963
G1 X116.617 Y113.518 E.02213
;WIDTH:0.54589
G1 X117.012 Y113.914 E.02339
;WIDTH:0.546072
G1 X117.288 Y114.376 E.02252
G1 X117.456 Y114.869 E.02179
;WIDTH:0.500346
G1 X117.497 Y115.08 E.00818
;WIDTH:0.461204
G1 X117.538 Y115.291 E.00748
;WIDTH:0.422062
G1 X117.579 Y115.502 E.00678
;WIDTH:0.38292
G1 X117.494 Y115.867 E.0106
G1 X117.397 Y116.081 E.00664
G1 X117.084 Y116.537 E.01564
G1 X116.599 Y116.915 E.01738
;WIDTH:0.429384
G1 X115.957 Y117.211 E.02272
G1 X115.46 Y117.298 E.01621
;WIDTH:0.38292
G1 X114.917 Y117.28 E.01536
;WIDTH:0.412445
G1 X114.804 Y117.31 E.00359
;WIDTH:0.44197
G1 X114.691 Y117.34 E.00388
;WIDTH:0.450228
G1 X114.517 Y117.289 E.00614
;WIDTH:0.481414
G1 X114.209 Y117.081 E.01355
;WIDTH:0.5126
G1 X113.9 Y116.873 E.01455
G1 X113.505 Y116.42 E.02347
;WIDTH:0.509996
G1 X113.273 Y115.953 E.02025
;WIDTH:0.517884
G1 X113.197 Y115.614 E.01372
G1 E-3.5 F3600
;WIPE_START
G1 F7200
G1 X113.273 Y115.953 E-.16502
G1 X113.505 Y116.42 E-.24769
G1 X113.9 Y116.873 E-.28549
G1 X114.209 Y117.081 E-.17693
G1 X114.517 Y117.289 E-.17654
G1 X114.691 Y117.34 E-.08613
G1 X114.804 Y117.31 E-.05553
G1 X114.917 Y117.28 E-.05553
G1 X115.446 Y117.298 E-.25114
;WIPE_END
G1 X116.328 Y113.843 F9000
G1 E5 F2400
;TYPE:Internal infill
;WIDTH:0.44
G1 F900
G1 X115.9 Y113.631 E.01577
G1 X115.141 Y113.62 E.02506
G1 X114.725 Y113.752 E.01441
G1 X114.149 Y114.149 E.0231
G1 X116.582 Y116.582 E.11361
G1 X115.551 Y116.967 E.03634
G1 X115.237 Y117.014 E.01048
G1 X114.726 Y116.943 E.01703
G1 X114.338 Y116.662 E.01582
G1 X116.724 Y114.276 E.11141
G1 X117.007 Y114.863 E.02152
G1 X117.251 Y115.642 E.02695
G1 X117.127 Y115.973 E.01167
G1 X116.793 Y116.416 E.01832
;LAYER_CHANGE
;Z:29.6
;HEIGHT:0.200001
;BEFORE_LAYER_CHANGE
G92 E0
;29.6


G1 E-3.5 F3600
;WIPE_START
G1 F7200
G1 X117.127 Y115.973 E-.26353
G1 X117.251 Y115.642 E-.1679
G1 X117.007 Y114.863 E-.38775
G1 X116.724 Y114.276 E-.30954
G1 X116.171 Y114.829 E-.37128
;WIPE_END
G1 Z29.6 F9000
;AFTER_LAYER_CHANGE
;29.6
G1 X117.942 Y115.714
G1 E5 F2400
;TYPE:Perimeter
;WIDTH:0.439999
G1 F900
G1 X117.875 Y116.015 E.01018
G1 X117.603 Y116.549 E.01979
G1 X117.307 Y116.896 E.01506
G1 X116.911 Y117.205 E.01658
G1 X116.483 Y117.385 E.01533
G1 X115.999 Y117.512 E.01652
G1 X115.032 Y117.512 E.03193
G1 X114.721 Y117.445 E.0105
G1 X114.244 Y117.295 E.01651
G1 X113.78 Y116.982 E.01848
G1 X113.397 Y116.549 E.01909
G1 X113.174 Y116.126 E.01579
G1 X113.025 Y115.622 E.01735
G1 X113.016 Y115.186 E.0144
G1 X113.131 Y114.704 E.01636
G1 X113.371 Y114.191 E.0187
G1 X113.714 Y113.772 E.01788
G1 X114.148 Y113.397 E.01894
G1 X114.756 Y113.111 E.02218
G1 X115.187 Y113.021 E.01454
G1 X115.716 Y113.009 E.01747
G1 X116.274 Y113.119 E.01878
G1 X116.674 Y113.294 E.01442
G1 X117.083 Y113.584 E.01655
G1 X117.526 Y114.033 E.02083
G1 X117.729 Y114.375 E.01313
G1 X117.93 Y114.902 E.01862
G1 X118.001 Y115.454 E.01838
G1 X117.956 Y115.656 E.00683
G1 X118.335 Y115.801 F9000
G1 F900
G1 X118.303 Y115.962 E.00542
G1 X118.109 Y116.473 E.01805
G1 X117.825 Y116.91 E.01721
G1 X117.482 Y117.282 E.01671
G1 X116.951 Y117.641 E.02116
G1 X116.467 Y117.812 E.01695
G1 X116.029 Y117.909 E.01481
G1 X114.99 Y117.909 E.0343
G1 X114.345 Y117.77 E.02179
G1 X113.96 Y117.589 E.01405
G1 X113.518 Y117.282 E.01777
G1 X113.166 Y116.899 E.01718
G1 X112.891 Y116.473 E.01674
G1 X112.71 Y116.007 E.01651
G1 X112.6 Y115.473 E.018
G1 X112.662 Y114.923 E.01827
G1 X112.802 Y114.432 E.01686
G1 X113.036 Y113.979 E.01683
G1 X113.421 Y113.504 E.02019
G1 X113.939 Y113.057 E.02259
G1 X114.433 Y112.824 E.01803
G1 X114.956 Y112.65 E.0182
G1 X115.53 Y112.608 E.019
G1 X116.044 Y112.65 E.01703
G1 X116.558 Y112.804 E.01772
G1 X117.043 Y113.044 E.01787
G1 X117.502 Y113.41 E.01938
G1 X117.848 Y113.797 E.01714
G1 X118.088 Y114.202 E.01554
G1 X118.313 Y114.793 E.02088
G1 X118.4 Y115.473 E.02263
G1 X118.347 Y115.742 E.00905
G1 X118.714 Y115.885 F9000
;TYPE:External perimeter
;WIDTH:0.419999
G1 F900
G1 X118.614 Y116.28 E.01278
G1 X118.346 Y116.834 E.0193
G1 X118.012 Y117.3 E.01798
G1 X117.553 Y117.716 E.01942
G1 X117.115 Y117.994 E.01627
G1 X116.595 Y118.177 E.01728
G1 X116.058 Y118.296 E.01725
G1 X114.948 Y118.296 E.0348
G1 X114.228 Y118.14 E.0231
G1 X113.712 Y117.893 E.01794
G1 X113.262 Y117.573 E.01731
G1 X112.86 Y117.136 E.01862
G1 X112.545 Y116.649 E.01819
G1 X112.314 Y116.031 E.02069
G1 X112.211 Y115.49 E.01727
G1 X112.227 Y115.235 E.00801
G1 X112.314 Y114.682 E.01755
G1 X112.545 Y114.07 E.02051
G1 X112.836 Y113.57 E.01814
G1 X113.297 Y113.066 E.02142
G1 X113.735 Y112.725 E.0174
G1 X114.489 Y112.37 E.02613
G1 X115.089 Y112.243 E.01923
G1 X115.611 Y112.223 E.01638
G1 X116.116 Y112.269 E.0159
G1 X116.74 Y112.46 E.02046
G1 X117.259 Y112.72 E.0182
G1 X117.769 Y113.128 E.02048
G1 X118.161 Y113.567 E.01845
G1 X118.437 Y114.033 E.01698
G1 X118.687 Y114.687 E.02195
G1 X118.789 Y115.49 E.02538
G1 X118.75 Y115.742 E.008
G1 X118.728 Y115.827 E.00275
G1 E-3.5 F3600
;WIPE_START
G1 F7200
G1 X118.714 Y115.885 E-.02834
G1 X118.614 Y116.28 E-.19354
G1 X118.346 Y116.834 E-.29232
G1 X118.012 Y117.3 E-.27233
G1 X117.553 Y117.716 E-.29425
G1 X117.115 Y117.994 E-.24642
G1 X116.772 Y118.115 E-.1728
;WIPE_END
G1 X116.521 Y117.235 F9000
G1 E5 F2400
M204 S250
;TYPE:Bridge infill
;WIDTH:0.404822
;HEIGHT:0.389872
G1 F1500
G1 X117.221 Y116.508 E.05401
G1 X117.332 Y116.364 E.00973
G1 X117.463 Y116.144 E.0137
G1 X117.566 Y115.904 E.01398
G1 X117.64 Y115.648 E.01426
G1 X117.669 Y115.386 E.01411
G1 X115.938 Y117.184 E.13356
G1 X115.307 Y117.184 E.03377
G1 X117.558 Y114.845 E.17371
G1 X117.433 Y114.518 E.01873
G1 X117.36 Y114.395 E.00765
G1 X114.743 Y117.115 E.20198
G1 X114.565 Y117.076 E.00975
G1 X114.282 Y116.938 E.01685
G1 X117.082 Y114.027 E.21614
G1 X117.003 Y113.938 E.00637
G1 X116.739 Y113.728 E.01805
G1 X113.919 Y116.659 E.21765
G1 X113.822 Y116.562 E.00734
G1 X113.631 Y116.303 E.01722
G1 X116.333 Y113.494 E.20857
G1 X116.172 Y113.43 E.00927
G1 X115.833 Y113.358 E.01855
G1 X113.422 Y115.864 E.18609
G1 X113.36 Y115.648 E.01203
G1 X113.328 Y115.439 E.01131
G1 X113.337 Y115.297 E.00761
G1 X115.212 Y113.347 E.14476
G1 X114.867 Y113.42 E.01887
G1 X114.32 Y113.678 E.03236
G1 X114.093 Y113.855 E.0154
G1 X113.262 Y114.718 E.06411
M204 S500
;LAYER_CHANGE
;Z:29.8
;HEIGHT:0.199999
;BEFORE_LAYER_CHANGE
G92 E0
;29.8


G1 E-3.5 F3600
;WIPE_START
G1 F7200
G1 X114.093 Y113.855 E-.56907
G1 X114.32 Y113.678 E-.13673
G1 X114.867 Y113.42 E-.28728
G1 X115.212 Y113.347 E-.1675
G1 X114.717 Y113.862 E-.33942
;WIPE_END
G1 Z29.8 F9000
;AFTER_LAYER_CHANGE
;29.8
G1 X113.231 Y115.213
G1 E5 F2400
;TYPE:Perimeter
;WIDTH:0.439999
G1 F900
G1 X113.269 Y114.927 E.00953
G1 X113.481 Y114.39 E.01906
G1 X113.821 Y113.923 E.01907
G1 X114.22 Y113.612 E.0167
G1 X114.692 Y113.347 E.01787
G1 X115.171 Y113.224 E.01633
G1 X115.802 Y113.235 E.02084
G1 X116.212 Y113.309 E.01376
G1 X116.585 Y113.487 E.01365
G1 X117.048 Y113.805 E.01855
G1 X117.371 Y114.196 E.01674
G1 X117.637 Y114.641 E.01712
G1 X117.757 Y115.144 E.01707
G1 X117.792 Y115.681 E.01777
G1 X117.731 Y116.073 E.0131
G1 X117.519 Y116.61 E.01906
G1 X117.19 Y117.065 E.01854
G1 X116.753 Y117.413 E.01844
G1 X116.257 Y117.673 E.01849
G1 X115.738 Y117.718 E.0172
G1 X115.225 Y117.614 E.01728
G1 X114.722 Y117.421 E.01779
G1 X113.939 Y116.852 E.03196
G1 X113.553 Y116.421 E.0191
G1 X113.317 Y115.959 E.01713
G1 X113.199 Y115.452 E.01719
G1 X113.223 Y115.273 E.00596
G1 X112.82 Y115.161 F9000
G1 F900
G1 X112.931 Y114.682 E.01623
G1 X113.132 Y114.198 E.0173
G1 X113.412 Y113.794 E.01623
G1 X113.765 Y113.431 E.01672
G1 X114.367 Y113.049 E.02354
G1 X114.789 Y112.899 E.01479
G1 X115.312 Y112.806 E.01754
G1 X116.024 Y112.851 E.02356
G1 X116.635 Y113.049 E.02121
G1 X117.048 Y113.308 E.0161
G1 X117.459 Y113.642 E.01749
G1 X117.875 Y114.215 E.02338
G1 X118.049 Y114.632 E.01492
G1 X118.158 Y115.156 E.01767
G1 X118.189 Y115.706 E.01819
G1 X118.117 Y116.172 E.01557
G1 X117.946 Y116.635 E.0163
G1 X117.686 Y117.088 E.01725
G1 X117.271 Y117.521 E.0198
G1 X116.858 Y117.814 E.01672
G1 X116.362 Y118.059 E.01827
G1 X115.95 Y118.109 E.0137
G1 X115.415 Y118.085 E.01768
G1 X114.923 Y117.939 E.01694
G1 X114.512 Y117.76 E.0148
G1 X113.671 Y117.149 E.03432
G1 X113.383 Y116.827 E.01426
G1 X113.075 Y116.396 E.01749
G1 X112.905 Y115.966 E.01527
G1 X112.8 Y115.471 E.01671
G1 X112.816 Y115.221 E.00827
G1 X112.435 Y115.113 F9000
;TYPE:External perimeter
;WIDTH:0.419999
G1 F900
G1 X112.576 Y114.522 E.01905
G1 X112.793 Y114.012 E.01738
G1 X113.15 Y113.503 E.01949
G1 X113.526 Y113.124 E.01674
G1 X114.19 Y112.702 E.02467
G1 X114.773 Y112.503 E.01932
G1 X115.3 Y112.417 E.01674
G1 X115.851 Y112.452 E.01731
G1 X116.307 Y112.524 E.01447
G1 X116.81 Y112.702 E.01673
G1 X117.254 Y112.981 E.01644
G1 X117.749 Y113.382 E.01997
G1 X118.005 Y113.735 E.01367
G1 X118.3 Y114.208 E.01748
G1 X118.509 Y114.821 E.02031
G1 X118.557 Y115.23 E.01291
G1 X118.575 Y115.73 E.01569
G1 X118.526 Y116.093 E.01148
G1 X118.373 Y116.637 E.01772
G1 X118.091 Y117.173 E.01899
G1 X117.754 Y117.613 E.01738
G1 X117.357 Y117.962 E.01657
G1 X116.951 Y118.211 E.01493
G1 X116.464 Y118.435 E.01681
G1 X115.858 Y118.499 E.01911
G1 X115.34 Y118.467 E.01627
G1 X114.813 Y118.31 E.01724
G1 X114.308 Y118.09 E.01727
G1 X113.41 Y117.438 E.03479
G1 X112.919 Y116.888 E.02312
G1 X112.73 Y116.574 E.01149
G1 X112.51 Y115.993 E.01948
G1 X112.411 Y115.49 E.01607
G1 X112.431 Y115.173 E.00996
G1 X113.509 Y115.437 F9000
;TYPE:Solid infill
;WIDTH:0.439999
G1 F900
G1 X113.566 Y115.004 E.01442
G1 X113.751 Y114.538 E.01655
G1 X114.197 Y113.989 E.02335
G1 X114.681 Y113.681 E.01894
G1 X115.125 Y113.539 E.01539
G1 X115.365 Y113.526 E.00794
G1 X115.907 Y113.548 E.01791
G1 X116.321 Y113.682 E.01437
G1 X116.933 Y114.113 E.02471
G1 X117.262 Y114.567 E.01851
G1 X117.438 Y115.048 E.01691
G1 X117.495 Y115.528 E.01596
G1 X117.434 Y115.996 E.01558
G1 X117.249 Y116.462 E.01655
G1 X116.965 Y116.855 E.01601
G1 X116.711 Y117.079 E.01118
G1 X116.17 Y117.375 E.02036
G1 X115.551 Y117.392 E.02045
G1 X115.044 Y117.242 E.01746
G1 X114.143 Y116.622 E.03611
G1 X113.805 Y116.244 E.01674
G1 X113.606 Y115.854 E.01446
G1 X113.554 Y115.63 E.00759
G1 X113.912 Y115.417 E.01375
G1 X113.937 Y115.23 E.00623
G1 X114.101 Y114.731 E.01734
G1 X114.395 Y114.348 E.01594
G1 X114.851 Y114.044 E.01809
G1 X115.197 Y113.933 E.012
G1 X115.832 Y113.941 E.02097
G1 X116.152 Y114.045 E.01111
G1 X116.575 Y114.325 E.01675
G1 X116.908 Y114.755 E.01796
G1 X117.049 Y115.14 E.01354
G1 X117.094 Y115.526 E.01283
G1 X117.046 Y115.896 E.01232
G1 X116.898 Y116.27 E.01328
G1 X116.574 Y116.67 E.017
G1 X116.053 Y116.986 E.02012
G1 X115.746 Y117.013 E.01018
G1 X115.217 Y116.879 E.01802
G1 X114.536 Y116.41 E.0273
G1 X114.235 Y116.129 E.0136
G1 X114.039 Y115.83 E.0118
G1 X113.97 Y115.607 E.00771
G1 X114.315 Y115.398 E.01332
G1 X114.412 Y115.024 E.01276
G1 X114.631 Y114.678 E.01352
G1 X114.911 Y114.476 E.0114
G1 X115.27 Y114.327 E.01283
G1 X115.614 Y114.325 E.01136
G1 X115.982 Y114.407 E.01245
G1 X116.308 Y114.619 E.01284
G1 X116.555 Y114.944 E.01348
G1 X116.66 Y115.233 E.01015
G1 X116.679 Y115.645 E.01362
G1 X116.59 Y115.97 E.01113
G1 X116.374 Y116.317 E.0135
G1 X115.935 Y116.598 E.01721
G1 X115.77 Y116.612 E.00547
G1 X115.391 Y116.516 E.01291
G1 X114.672 Y116.022 E.0288
G1 X114.42 Y115.703 E.01342
G1 X114.38 Y115.585 E.00411
G1 X114.78 Y115.529 E.01334
G1 X114.986 Y115.756 E.01012
G1 X115.564 Y116.153 E.02315
G1 X115.818 Y116.209 E.00859
G1 X116.1 Y116.018 E.01125
G1 X116.272 Y115.696 E.01205
G1 X116.271 Y115.326 E.01222
G1 X116.114 Y115.014 E.01153
G1 X116.041 Y114.913 E.00411
G1 X115.682 Y114.727 E.01335
G1 X115.343 Y114.72 E.0112
G1 X115.026 Y114.873 E.01162
G1 X114.837 Y115.07 E.00901
G1 X114.723 Y115.339 E.00965
G1 X115.173 Y115.325 E.01486
;WIDTH:0.487219
G1 X115.349 Y115.167 E.00874
G1 X115.563 Y115.141 E.00796
;WIDTH:0.48834
G1 X115.748 Y115.226 E.00754
G1 X115.825 Y115.332 E.00485
G1 X115.867 Y115.54 E.00786
G1 X115.771 Y115.755 E.00872
G1 X115.672 Y115.716 E.00394
G1 X115.308 Y115.467 E.01633
;LAYER_CHANGE
;Z:30
;HEIGHT:0.200001
;BEFORE_LAYER_CHANGE
G92 E0
;30


G1 E-3.5 F3600
;WIPE_START
G1 F7200
G1 X115.672 Y115.716 E-.20948
G1 X115.771 Y115.755 E-.05054
G1 X115.867 Y115.54 E-.11184
G1 X115.825 Y115.332 E-.10079
G1 X115.748 Y115.226 E-.06223
G1 X115.563 Y115.141 E-.09671
G1 X115.349 Y115.167 E-.1024
G1 X115.173 Y115.325 E-.11235
G1 X114.723 Y115.339 E-.21385
G1 X114.837 Y115.07 E-.13878
G1 X115.026 Y114.873 E-.12968
G1 X115.343 Y114.72 E-.1672
G1 X115.352 Y114.72 E-.00415
;WIPE_END
G1 Z30 F9000
;AFTER_LAYER_CHANGE
;30
G1 X113.452 Y115.653
G1 E5 F2400
;TYPE:Perimeter
;WIDTH:0.439999
G1 F900
G1 X113.404 Y115.479 E.00596
G1 X113.468 Y114.978 E.01668
G1 X113.661 Y114.489 E.01736
G1 X113.97 Y114.064 E.01735
G1 X114.381 Y113.726 E.01757
G1 X114.851 Y113.505 E.01715
G1 X115.368 Y113.406 E.01738
G1 X115.893 Y113.439 E.01737
G1 X116.423 Y113.611 E.0184
G1 X116.821 Y113.891 E.01607
G1 X117.182 Y114.24 E.01658
G1 X117.451 Y114.728 E.0184
G1 X117.582 Y115.237 E.01735
G1 X117.582 Y115.763 E.01737
G1 X117.517 Y116.013 E.00853
G1 X117.357 Y116.486 E.01649
G1 X117.011 Y116.961 E.0194
G1 X116.623 Y117.252 E.01601
G1 X116.179 Y117.49 E.01663
G1 X115.632 Y117.594 E.01838
G1 X115.107 Y117.561 E.01737
G1 X114.607 Y117.398 E.01736
G1 X114.16 Y117.115 E.01747
G1 X113.935 Y116.877 E.01081
G1 X113.737 Y116.583 E.0117
G1 X113.536 Y115.964 E.02149
G1 X113.467 Y115.711 E.00866
G1 X113.066 Y115.743 F9000
G1 F900
G1 X113.003 Y115.487 E.0087
G1 X113.08 Y114.879 E.02023
G1 X113.311 Y114.296 E.02071
G1 X113.679 Y113.79 E.02066
G1 X114.167 Y113.387 E.0209
G1 X114.728 Y113.124 E.02046
G1 X115.343 Y113.007 E.02067
G1 X115.968 Y113.046 E.02068
G1 X116.449 Y113.202 E.0167
G1 X116.824 Y113.379 E.01369
G1 X117.228 Y113.713 E.01731
G1 X117.512 Y114.015 E.01369
G1 X117.823 Y114.58 E.02129
G1 X117.979 Y115.187 E.02069
G1 X117.979 Y115.813 E.02067
G1 X117.853 Y116.303 E.0167
G1 X117.7 Y116.689 E.01371
G1 X117.392 Y117.113 E.0173
G1 X117.108 Y117.415 E.01369
G1 X116.665 Y117.696 E.01732
G1 X116.29 Y117.873 E.01369
G1 X115.657 Y117.993 E.02127
G1 X115.032 Y117.954 E.02068
G1 X114.436 Y117.761 E.02068
G1 X113.906 Y117.424 E.02074
G1 X113.517 Y117.014 E.01866
G1 X113.37 Y116.739 E.0103
G1 X113.131 Y116.003 E.02555
G1 X113.081 Y115.801 E.00687
G1 X112.693 Y115.83 F9000
;TYPE:External perimeter
;WIDTH:0.419999
G1 F900
G1 X112.612 Y115.495 E.01081
G1 X112.702 Y114.782 E.02253
G1 X112.969 Y114.108 E.02273
G1 X113.394 Y113.523 E.02267
G1 X113.958 Y113.058 E.02292
G1 X114.607 Y112.753 E.02248
G1 X115.319 Y112.617 E.02273
G1 X116.041 Y112.663 E.02268
G1 X116.569 Y112.834 E.0174
G1 X117.043 Y113.057 E.01642
G1 X117.475 Y113.415 E.01759
G1 X117.834 Y113.797 E.01644
G1 X118.186 Y114.437 E.0229
G1 X118.366 Y115.138 E.02269
G1 X118.366 Y115.862 E.0227
G1 X118.228 Y116.399 E.01738
G1 X118.035 Y116.887 E.01645
G1 X117.705 Y117.34 E.01757
G1 X117.346 Y117.722 E.01644
G1 X116.873 Y118.023 E.01758
G1 X116.399 Y118.246 E.01642
G1 X115.681 Y118.383 E.02292
G1 X114.959 Y118.337 E.02268
G1 X114.27 Y118.114 E.02271
G1 X113.658 Y117.725 E.02274
G1 X113.201 Y117.243 E.02083
G1 X113.012 Y116.891 E.01253
G1 X112.763 Y116.123 E.02531
G1 X112.706 Y115.889 E.00755
G1 E-3.5 F3600
;WIPE_START
G1 F7200
G1 X112.693 Y115.83 E-.0287
G1 X112.612 Y115.495 E-.16371
G1 X112.702 Y114.782 E-.34136
G1 X112.969 Y114.108 E-.34436
G1 X113.394 Y113.523 E-.34346
G1 X113.847 Y113.15 E-.27841
;WIPE_END
G1 X116.229 Y117.335 F9000
G1 E5 F2400
;TYPE:Top solid infill
;WIDTH:0.405035
G1 F900
G1 X116.804 Y116.76 E.02448
G1 X117.11 Y116.34 E.01565
G1 X117.173 Y116.205 E.00449
G1 X117.286 Y115.767 E.01362
G1 X115.777 Y117.275 E.06423
G1 X115.614 Y117.306 E.005
G1 X115.256 Y117.284 E.0108
G1 X117.29 Y115.25 E.08661
G1 X117.185 Y114.843 E.01266
G1 X114.851 Y117.177 E.09939
G1 X114.729 Y117.138 E.00386
G1 X114.514 Y117.001 E.00768
G1 X117.005 Y114.511 E.10605
G1 X116.945 Y114.401 E.00377
G1 X116.778 Y114.226 E.00728
G1 X114.23 Y116.774 E.1085
G1 X114.076 Y116.611 E.00675
G1 X114.008 Y116.484 E.00434
G1 X116.497 Y113.994 E.10601
G1 X116.309 Y113.875 E.0067
G1 X116.155 Y113.825 E.00488
G1 X113.88 Y116.1 E.09687
G1 X113.755 Y115.713 E.01225
G1 X115.751 Y113.716 E.08501
G1 X115.386 Y113.694 E.01101
G1 X115.233 Y113.723 E.00469
G1 X113.724 Y115.232 E.06426
G1 X113.747 Y115.05 E.00552
G1 X113.914 Y114.628 E.01367
G1 X114.176 Y114.268 E.01341
G1 X114.755 Y113.688 E.02468
; stop printing object bolt_25x8.stl id:0 copy 0
G1 E-3.5 F3600
;WIPE_START
G1 F7200;_WIPE
G1 X114.176 Y114.268 E-.38928
G1 X113.914 Y114.628 E-.21149
G1 X113.747 Y115.05 E-.21558
G1 X113.724 Y115.232 E-.08714
G1 X114.612 Y114.344 E-.59651
;WIPE_END
M107
;TYPE:Custom
; Filament-specific end gcode 
;END gcode for filament
G1 Z32 F600 ; Move print head up
G1 X5 Y193.8 F9000 ; present print
G1 Z100 F600 ; Move print head further up
G1 Z150 F600 ; Move print head further up
M140 S0 ; turn off heatbed
M104 S0 ; turn off temperature
M107 ; turn off fan
M84 X Y E ; disable motors
; objects_info = {"objects":[{"name":"bolt_25x8.stl id:0 copy 0","polygon":[[119.160,109.839],[122.428,115.500],[118.964,121.500],[112.036,121.500],[108.572,115.500],[112.036,109.500],[118.964,109.500]]}]}
; filament used [mm] = 549.50
; filament used [cm3] = 1.32
; filament used [g] = 1.64
; filament cost = 0.03
; total filament used [g] = 1.64
; total filament cost = 0.03
; total filament used for wipe tower [g] = 0.00
; estimated printing time (normal mode) = 20m 51s
; estimated first layer printing time (normal mode) = 1m 39s

; prusaslicer_config = begin
; arc_fitting = disabled
; autoemit_temperature_commands = 1
; automatic_extrusion_widths = 0
; automatic_infill_combination = 0
; automatic_infill_combination_max_layer_height = 100%
; avoid_crossing_curled_overhangs = 0
; avoid_crossing_perimeters = 0
; avoid_crossing_perimeters_max_detour = 0
; bed_custom_model = 
; bed_custom_texture = 
; bed_shape = 3x3,228x3,228x228,3x228
; bed_temperature = 60
; bed_temperature_extruder = 0
; before_layer_gcode = ;BEFORE_LAYER_CHANGE\nG92 E0\n;{layer_z}\n\n
; between_objects_gcode = 
; binary_gcode = 0
; bottom_fill_pattern = monotonic
; bottom_solid_layers = 3
; bottom_solid_min_thickness = 0
; bridge_acceleration = 250
; bridge_angle = 0
; bridge_fan_speed = 100
; bridge_flow_ratio = 0.95
; bridge_speed = 25
; brim_separation = 0
; brim_type = outer_only
; brim_width = 5
; chamber_minimal_temperature = 0
; chamber_temperature = 0
; color_change_gcode = M600
; colorprint_heights = 
; compatible_printers_condition_cummulative = "printer_model=~/(ENDER|CR|SERMOON).*/ and nozzle_diameter[0]==0.4";printer_notes=~/.*PRINTER_VENDOR_CREALITY.*/
; complete_objects = 0
; cooling = 1
; cooling_perimeter_transition_distance = 0
; cooling_slowdown_logic = uniform_cooling
; cooling_tube_length = 5
; cooling_tube_retraction = 91.5
; custom_parameters_filament = ""
; custom_parameters_print = 
; custom_parameters_printer = 
; default_acceleration = 500
; default_filament_profile = "Generic PLA @CREALITY"
; default_print_profile = "0.16 mm OPTIMAL (0.4 mm nozzle) @CREALITY"
; deretract_speed = 40
; disable_fan_first_layers = 1
; dont_support_bridges = 1
; draft_shield = disabled
; duplicate_distance = 6
; elefant_foot_compensation = 0.1
; enable_dynamic_fan_speeds = 0
; enable_dynamic_overhang_speeds = 0
; end_filament_gcode = "; Filament-specific end gcode \n;END gcode for filament\n"
; end_gcode = {if max_layer_z < max_print_height}G1 Z{z_offset+min(max_layer_z+2, max_print_height)} F600 ; Move print head up{endif}\nG1 X5 Y{print_bed_max[1]*0.85} F{travel_speed*60} ; present print\n{if max_layer_z < max_print_height-10}G1 Z{z_offset+min(max_layer_z+70, max_print_height-10)} F600 ; Move print head further up{endif}\n{if max_layer_z < max_print_height*0.6}G1 Z{max_print_height*0.6} F600 ; Move print head further up{endif}\nM140 S0 ; turn off heatbed\nM104 S0 ; turn off temperature\nM107 ; turn off fan\nM84 X Y E ; disable motors
; ensure_vertical_shell_thickness = enabled
; external_perimeter_acceleration = 0
; external_perimeter_extrusion_width = 0.42
; external_perimeter_speed = 25
; external_perimeters_first = 0
; extra_loading_move = -2
; extra_perimeters = 0
; extra_perimeters_on_overhangs = 0
; extruder_clearance_height = 25
; extruder_clearance_radius = 55
; extruder_colour = #FCE94F
; extruder_offset = 0x0
; extrusion_axis = E
; extrusion_multiplier = 1
; extrusion_width = 0.44
; fan_always_on = 1
; fan_below_layer_time = 100
; filament_abrasive = 0
; filament_colour = #DDDDDD
; filament_cooling_final_speed = 3.4
; filament_cooling_initial_speed = 2.2
; filament_cooling_moves = 4
; filament_cost = 20
; filament_density = 1.24
; filament_deretract_speed = nil
; filament_diameter = 1.75
; filament_infill_max_crossing_speed = 0
; filament_infill_max_speed = 0
; filament_load_time = 0
; filament_loading_speed = 28
; filament_loading_speed_start = 3
; filament_max_volumetric_speed = 15
; filament_minimal_purge_on_wipe_tower = 15
; filament_multitool_ramming = 0
; filament_multitool_ramming_flow = 10
; filament_multitool_ramming_volume = 10
; filament_notes = ""
; filament_purge_multiplier = 100%
; filament_ramming_parameters = "120 100 6.6 6.8 7.2 7.6 7.9 8.2 8.7 9.4 9.9 10.0| 0.05 6.6 0.45 6.8 0.95 7.8 1.45 8.3 1.95 9.7 2.45 10 2.95 7.6 3.45 7.6 3.95 7.6 4.45 7.6 4.95 7.6"
; filament_retract_before_travel = nil
; filament_retract_before_wipe = nil
; filament_retract_layer_change = nil
; filament_retract_length = nil
; filament_retract_length_toolchange = nil
; filament_retract_lift = nil
; filament_retract_lift_above = nil
; filament_retract_lift_below = nil
; filament_retract_restart_extra = nil
; filament_retract_restart_extra_toolchange = nil
; filament_retract_speed = nil
; filament_seam_gap_distance = nil
; filament_settings_id = "Generic PLA @CREALITY"
; filament_shrinkage_compensation_xy = 0%
; filament_shrinkage_compensation_z = 0%
; filament_soluble = 0
; filament_spool_weight = 0
; filament_stamping_distance = 0
; filament_stamping_loading_speed = 20
; filament_toolchange_delay = 0
; filament_travel_lift_before_obstacle = nil
; filament_travel_max_lift = nil
; filament_travel_ramping_lift = nil
; filament_travel_slope = nil
; filament_type = PLA
; filament_unload_time = 0
; filament_unloading_speed = 90
; filament_unloading_speed_start = 100
; filament_vendor = Generic
; filament_wipe = nil
; fill_angle = 45
; fill_density = 20%
; fill_pattern = grid
; first_layer_acceleration = 0
; first_layer_acceleration_over_raft = 0
; first_layer_bed_temperature = 60
; first_layer_extrusion_width = 0.42
; first_layer_height = 0.2
; first_layer_infill_speed = 0
; first_layer_speed = 20
; first_layer_speed_over_raft = 30
; first_layer_temperature = 210
; full_fan_speed_layer = 0
; fuzzy_skin = none
; fuzzy_skin_point_dist = 0.8
; fuzzy_skin_thickness = 0.3
; gap_fill_enabled = 1
; gap_fill_speed = 30
; gcode_comments = 0
; gcode_flavor = marlin
; gcode_label_objects = octoprint
; gcode_resolution = 0.0125
; gcode_substitutions = 
; high_current_on_filament_swap = 0
; host_type = prusalink
; idle_temperature = 150
; infill_acceleration = 0
; infill_anchor = 600%
; infill_anchor_max = 50
; infill_every_layers = 1
; infill_extruder = 1
; infill_extrusion_width = 0.44
; infill_first = 0
; infill_overlap = 23%
; infill_speed = 50
; inherits_cummulative = "0.20 mm NORMAL (0.4 mm nozzle) @CREALITY";;
; interface_shells = 0
; interlocking_beam = 0
; interlocking_beam_layer_count = 2
; interlocking_beam_width = 0.8
; interlocking_boundary_avoidance = 2
; interlocking_depth = 2
; interlocking_orientation = 22.5
; ironing = 0
; ironing_flowrate = 10%
; ironing_spacing = 0.1
; ironing_speed = 20
; ironing_type = top
; layer_gcode = ;AFTER_LAYER_CHANGE\n;{layer_z}
; layer_height = 0.2
; machine_limits_usage = emit_to_gcode
; machine_max_acceleration_e = 5000
; machine_max_acceleration_extruding = 500
; machine_max_acceleration_retracting = 1000
; machine_max_acceleration_travel = 500
; machine_max_acceleration_x = 500
; machine_max_acceleration_y = 500
; machine_max_acceleration_z = 100
; machine_max_feedrate_e = 60
; machine_max_feedrate_x = 500
; machine_max_feedrate_y = 500
; machine_max_feedrate_z = 10
; machine_max_jerk_e = 5
; machine_max_jerk_x = 8
; machine_max_jerk_y = 8
; machine_max_jerk_z = 0.4
; machine_max_junction_deviation = 0,0
; machine_min_extruding_rate = 0
; machine_min_travel_rate = 0
; max_fan_speed = 100
; max_layer_height = 0.32
; max_print_height = 250
; max_print_speed = 100
; max_volumetric_extrusion_rate_slope_negative = 0
; max_volumetric_extrusion_rate_slope_positive = 0
; max_volumetric_speed = 0
; min_bead_width = 85%
; min_fan_speed = 100
; min_feature_size = 25%
; min_layer_height = 0.06
; min_print_speed = 15
; min_skirt_length = 4
; mmu_segmented_region_interlocking_depth = 0
; mmu_segmented_region_max_width = 0
; multimaterial_purging = 140
; notes = 
; nozzle_diameter = 0.4
; nozzle_high_flow = 0
; only_one_perimeter_first_layer = 0
; only_retract_when_crossing_perimeters = 0
; ooze_prevention = 0
; output_filename_format = {input_filename_base}_{print_time}_{digits(layer_height,1,2)}mm_{temperature[0]}C_{filament_type[0]}_{printer_model}.gcode
; over_bridge_speed = 0
; overhang_fan_speed_0 = 0
; overhang_fan_speed_1 = 0
; overhang_fan_speed_2 = 0
; overhang_fan_speed_3 = 0
; overhang_speed_0 = 15
; overhang_speed_1 = 15
; overhang_speed_2 = 20
; overhang_speed_3 = 25
; overhangs = 1
; parking_pos_retraction = 92
; pause_print_gcode = 
; perimeter_acceleration = 0
; perimeter_extruder = 1
; perimeter_extrusion_width = 0.44
; perimeter_generator = arachne
; perimeter_speed = 40
; perimeters = 3
; physical_printer_settings_id = 
; post_process = 
; prefer_clockwise_movements = 0
; print_settings_id = 0.20 mm NORMAL (0.4 mm nozzle) @CREALITY - Copy
; printer_model = ENDER3
; printer_notes = Don't remove the following keywords! These keywords are used in the "compatible printer" condition of the print and filament profiles to link the particular print and filament profiles to this printer profile.\nPRINTER_VENDOR_CREALITY\nPRINTER_MODEL_ENDER3\nPRINTER_HAS_BOWDEN
; printer_settings_id = Creality Ender-3 (0.4 mm nozzle)
; printer_technology = FFF
; printer_variant = 0.4
; printer_vendor = 
; profile_vendor = Creality
; profile_version = 1.1.0
; raft_contact_distance = 0.1
; raft_expansion = 1.5
; raft_first_layer_density = 90%
; raft_first_layer_expansion = 3
; raft_layers = 0
; remaining_times = 0
; resolution = 0
; retract_before_travel = 2
; retract_before_wipe = 70%
; retract_layer_change = 1
; retract_length = 5
; retract_length_toolchange = 1
; retract_lift = 0
; retract_lift_above = 0.2
; retract_lift_below = 0
; retract_restart_extra = 0
; retract_restart_extra_toolchange = 0
; retract_speed = 60
; scarf_seam_entire_loop = 0
; scarf_seam_length = 20
; scarf_seam_max_segment_length = 1
; scarf_seam_on_inner_perimeters = 0
; scarf_seam_only_on_smooth = 1
; scarf_seam_placement = nowhere
; scarf_seam_start_height = 0%
; seam_gap_distance = 15%
; seam_position = nearest
; silent_mode = 0
; single_extruder_multi_material = 0
; single_extruder_multi_material_priming = 0
; skirt_distance = 3
; skirt_height = 2
; skirts = 1
; slice_closing_radius = 0.049
; slicing_mode = regular
; slowdown_below_layer_time = 20
; small_perimeter_speed = 25
; solid_infill_acceleration = 0
; solid_infill_below_area = 0
; solid_infill_every_layers = 0
; solid_infill_extruder = 1
; solid_infill_extrusion_width = 0.44
; solid_infill_speed = 40
; spiral_vase = 0
; staggered_inner_seams = 0
; standby_temperature_delta = -5
; start_filament_gcode = "; Filament gcode\n"
; start_gcode = G90 ; use absolute coordinates\nM83 ; extruder relative mode\nM104 S{is_nil(idle_temperature[0]) ? 150 : idle_temperature[0]} ; set temporary nozzle temp to prevent oozing during homing\nM140 S{first_layer_bed_temperature[0]} ; set final bed temp\nG4 S30 ; allow partial nozzle warmup\nG28 ; home all axis\nG1 Z50 F240\nG1 X2.0 Y10 F3000\nM104 S{first_layer_temperature[0]} ; set final nozzle temp\nM190 S{first_layer_bed_temperature[0]} ; wait for bed temp to stabilize\nM109 S{first_layer_temperature[0]} ; wait for nozzle temp to stabilize\nG1 Z0.28 F240\nG92 E0\nG1 X2.0 Y140 E10 F1500 ; prime the nozzle\nG1 X2.3 Y140 F5000\nG92 E0\nG1 X2.3 Y10 E10 F1200 ; prime the nozzle\nG92 E0
; support_material = 0
; support_material_angle = 0
; support_material_auto = 0
; support_material_bottom_contact_distance = 0
; support_material_bottom_interface_layers = -1
; support_material_buildplate_only = 0
; support_material_closing_radius = 2
; support_material_contact_distance = 0.15
; support_material_enforce_layers = 0
; support_material_extruder = 0
; support_material_extrusion_width = 0.36
; support_material_interface_contact_loops = 0
; support_material_interface_extruder = 0
; support_material_interface_layers = 2
; support_material_interface_pattern = rectilinear
; support_material_interface_spacing = 0.2
; support_material_interface_speed = 100%
; support_material_pattern = rectilinear
; support_material_spacing = 1
; support_material_speed = 40
; support_material_style = grid
; support_material_synchronize_layers = 0
; support_material_threshold = 40
; support_material_with_sheath = 0
; support_material_xy_spacing = 60%
; support_tree_angle = 40
; support_tree_angle_slow = 25
; support_tree_branch_diameter = 2
; support_tree_branch_diameter_angle = 5
; support_tree_branch_diameter_double_wall = 3
; support_tree_branch_distance = 1
; support_tree_tip_diameter = 0.8
; support_tree_top_rate = 15%
; temperature = 205
; template_custom_gcode = 
; thick_bridges = 1
; thin_walls = 0
; thumbnails = 
; thumbnails_format = PNG
; toolchange_gcode = 
; top_fill_pattern = monotonic
; top_infill_extrusion_width = 0.4
; top_one_perimeter_type = none
; top_solid_infill_acceleration = 0
; top_solid_infill_speed = 30
; top_solid_layers = 3
; top_solid_min_thickness = 0
; travel_acceleration = 0
; travel_lift_before_obstacle = 0
; travel_max_lift = 0
; travel_ramping_lift = 0
; travel_short_distance_acceleration = 0
; travel_slope = 0
; travel_speed = 150
; travel_speed_z = 0
; use_firmware_retraction = 0
; use_relative_e_distances = 1
; use_volumetric_e = 0
; variable_layer_height = 1
; wall_distribution_count = 1
; wall_transition_angle = 10
; wall_transition_filter_deviation = 25%
; wall_transition_length = 100%
; wipe = 1
; wipe_into_infill = 0
; wipe_into_objects = 0
; wipe_tower = 0
; wipe_tower_acceleration = 0
; wipe_tower_bridging = 10
; wipe_tower_brim_width = 2
; wipe_tower_cone_angle = 0
; wipe_tower_extra_flow = 100%
; wipe_tower_extra_spacing = 100%
; wipe_tower_extruder = 0
; wipe_tower_no_sparse_layers = 0
; wipe_tower_width = 60
; wiping_volumes_matrix = 0
; wiping_volumes_use_custom_matrix = 0
; xy_size_compensation = 0
; z_offset = 0
; prusaslicer_config = end
