; generated by PrusaSlicer 2.9.4 on 2026-07-08 at 16:45:50 UTC

; 

; external perimeters extrusion width = 0.42mm
; perimeters extrusion width = 0.44mm
; infill extrusion width = 0.44mm
; solid infill extrusion width = 0.44mm
; top infill extrusion width = 0.40mm
; first layer extrusion width = 0.42mm

M201 X500 Y500 Z100 E5000 ; sets maximum accelerations, mm/sec^2
M203 X500 Y500 Z10 E60 ; sets maximum feedrates, mm / sec
M204 S500 T1000 ; sets acceleration (S) and retract acceleration (R), mm/sec^2
M205 X8.00 Y8.00 Z0.40 E5.00 ; sets the jerk limits, mm/sec
M205 S0 T0 ; sets the minimum extruding and travel feed rate, mm/sec

; printing object NAS_979.stl id:0 copy 0
; stop printing object NAS_979.stl id:0 copy 0

;TYPE:Custom
G90 ; use absolute coordinates
M83 ; extruder relative mode
M104 S150 ; set temporary nozzle temp to prevent oozing during homing
M140 S60 ; set final bed temp
G4 S30 ; allow partial nozzle warmup
G28 ; home all axis
G1 Z50 F240
G1 X2.0 Y10 F3000
M104 S210 ; set final nozzle temp
M190 S60 ; wait for bed temp to stabilize
M109 S210 ; wait for nozzle temp to stabilize
G1 Z0.28 F240
G92 E0
G1 X2.0 Y140 E10 F1500 ; prime the nozzle
G1 X2.3 Y140 F5000
G92 E0
G1 X2.3 Y10 E10 F1200 ; prime the nozzle
G92 E0
G21 ; set units to millimeters
G90 ; use absolute coordinates
M83 ; use relative distances for extrusion
; Filament gcode
M107
;LAYER_CHANGE
;Z:0.2
;HEIGHT:0.2
G1 E-5 F3600
G1 Z.2 F9000
G1 X95.039 Y94.059
G1 E5 F2400
M204 S500
;TYPE:Skirt/Brim
;WIDTH:0.42
G1 F1200
G1 X96.75 Y93.561 E.05587
G1 X134.25 Y93.561 E1.17579
G1 X135.785 Y93.955 E.04969
G1 X136.941 Y95.039 E.04969
G1 X137.439 Y96.75 E.05587
G1 X137.439 Y134.25 E1.17579
G1 X137.045 Y135.785 E.04969
G1 X135.961 Y136.941 E.04969
G1 X134.25 Y137.439 E.05587
G1 X96.75 Y137.439 E1.17579
G1 X95.215 Y137.045 E.04969
G1 X94.059 Y135.961 E.04969
G1 X93.561 Y134.25 E.05587
G1 X93.561 Y96.75 E1.17579
G1 X93.955 Y95.215 E.04969
G1 X94.998 Y94.103 E.0478
G1 E-3.5 F3600
;WIPE_START
G1 F7200
G1 X95.039 Y94.059 E-.02857
G1 X96.75 Y93.561 E-.84645
G1 X98.066 Y93.561 E-.62498
;WIPE_END
; printing object NAS_979.stl id:0 copy 0
G1 X112.298 Y111.944 F9000
G1 E5 F2400
;TYPE:Perimeter
;WIDTH:0.419999
G1 F1200
G1 X112.594 Y111.667 E.01271
G1 X113.454 Y111.147 E.03151
G1 X114.404 Y110.816 E.03154
G1 X115.392 Y110.691 E.03122
G1 X116.402 Y110.775 E.03178
G1 X117.366 Y111.067 E.03158
G1 X118.247 Y111.551 E.03152
G1 X119.008 Y112.209 E.03154
G1 X119.616 Y113.01 E.03153
G1 X120.043 Y113.92 E.03152
G1 X120.273 Y114.899 E.03153
G1 X120.293 Y115.905 E.03155
G1 X120.104 Y116.892 E.03151
G1 X119.714 Y117.819 E.03153
G1 X119.14 Y118.645 E.03154
G1 X118.406 Y119.333 E.03154
G1 X117.546 Y119.853 E.03151
G1 X116.596 Y120.184 E.03154
G1 X115.599 Y120.309 E.0315
G1 X114.597 Y120.225 E.03153
G1 X113.634 Y119.933 E.03155
G1 X112.753 Y119.449 E.03152
G1 X111.992 Y118.791 E.03154
G1 X111.384 Y117.99 E.03153
G1 X110.957 Y117.08 E.03152
G1 X110.727 Y116.101 E.03153
G1 X110.707 Y115.095 E.03155
G1 X110.896 Y114.108 E.03151
G1 X111.286 Y113.181 E.03153
G1 X111.86 Y112.355 E.03154
G1 X112.255 Y111.985 E.01697
G1 X112.549 Y112.222 F9000
G1 F1200
G1 X112.846 Y111.947 E.01269
G1 X113.642 Y111.473 E.02905
G1 X114.52 Y111.175 E.02907
G1 X115.432 Y111.066 E.0288
G1 X116.363 Y111.15 E.02931
G1 X117.25 Y111.425 E.02912
G1 X118.058 Y111.878 E.02904
G1 X118.756 Y112.489 E.02909
G1 X119.311 Y113.232 E.02908
G1 X119.699 Y114.074 E.02907
G1 X119.904 Y114.978 E.02906
G1 X119.916 Y115.905 E.02907
G1 X119.735 Y116.814 E.02906
G1 X119.37 Y117.666 E.02906
G1 X118.835 Y118.423 E.02906
G1 X118.154 Y119.053 E.02909
G1 X117.358 Y119.527 E.02905
G1 X116.48 Y119.825 E.02907
G1 X115.559 Y119.934 E.02908
G1 X114.636 Y119.85 E.02906
G1 X113.75 Y119.575 E.02909
G1 X112.942 Y119.122 E.02904
G1 X112.244 Y118.511 E.02909
G1 X111.689 Y117.768 E.02908
G1 X111.301 Y116.926 E.02907
G1 X111.096 Y116.022 E.02906
G1 X111.084 Y115.095 E.02907
G1 X111.265 Y114.186 E.02906
G1 X111.63 Y113.334 E.02906
G1 X112.165 Y112.577 E.02906
G1 X112.505 Y112.263 E.01451
G1 X112.799 Y112.5 F9000
;TYPE:External perimeter
G1 F1200
G1 X113.098 Y112.228 E.01267
G1 X113.831 Y111.8 E.02661
G1 X114.637 Y111.534 E.02661
G1 X115.471 Y111.441 E.02631
G1 X116.324 Y111.525 E.02687
G1 X117.133 Y111.784 E.02663
G1 X117.87 Y112.205 E.02661
G1 X118.503 Y112.769 E.02658
G1 X119.005 Y113.453 E.0266
G1 X119.354 Y114.227 E.02662
G1 X119.535 Y115.056 E.0266
G1 X119.539 Y115.905 E.02662
G1 X119.367 Y116.736 E.02661
G1 X119.025 Y117.512 E.02659
G1 X118.53 Y118.201 E.0266
G1 X117.902 Y118.772 E.02661
G1 X117.169 Y119.2 E.02661
G1 X116.363 Y119.466 E.02661
G1 X115.52 Y119.559 E.02659
G1 X114.675 Y119.475 E.02662
G1 X113.867 Y119.216 E.0266
G1 X113.13 Y118.795 E.02661
G1 X112.497 Y118.231 E.02658
G1 X111.995 Y117.547 E.0266
G1 X111.646 Y116.773 E.02662
G1 X111.465 Y115.944 E.0266
G1 X111.461 Y115.095 E.02662
G1 X111.633 Y114.264 E.02661
G1 X111.975 Y113.487 E.02662
G1 X112.47 Y112.799 E.02657
G1 X112.754 Y112.54 E.01205
G1 E-3.5 F3600
;WIPE_START
G1 F7200
G1 X112.799 Y112.5 E-.0286
G1 X113.098 Y112.228 E-.192
G1 X113.831 Y111.8 E-.40318
G1 X114.637 Y111.534 E-.40316
G1 X115.471 Y111.441 E-.39861
G1 X115.627 Y111.456 E-.07445
;WIPE_END
G1 X97.814 Y97.814 F9000
G1 E5 F2400
;TYPE:Perimeter
G1 F1200
G1 X133.186 Y97.814 E1.10906
G1 X133.186 Y133.186 E1.10906
G1 X97.814 Y133.186 E1.10906
G1 X97.814 Y97.874 E1.10718
G1 X97.437 Y97.437 F9000
G1 F1200
G1 X133.563 Y97.437 E1.1327
G1 X133.563 Y133.563 E1.1327
G1 X97.437 Y133.563 E1.1327
G1 X97.437 Y97.497 E1.13082
G1 X97.06 Y97.06 F9000
;TYPE:External perimeter
G1 F1200
G1 X133.94 Y97.06 E1.15634
G1 X133.94 Y133.94 E1.15634
G1 X97.06 Y133.94 E1.15634
G1 X97.06 Y97.12 E1.15446
G1 E-3.5 F3600
;WIPE_START
G1 F7200
G1 X97.06 Y97.06 E-.0285
G1 X100.158 Y97.06 E-1.4715
;WIPE_END
G1 X133.065 Y98.703 F9000
G1 E5 F2400
;TYPE:Solid infill
;WIDTH:0.422577
G1 F1200
G1 X132.467 Y98.105 E.0267
G1 X131.93 Y98.105 E.01695
G1 X132.895 Y99.07 E.04308
G1 X132.895 Y99.607 E.01695
G1 X131.393 Y98.105 E.06706
G1 X130.856 Y98.105 E.01695
G1 X132.895 Y100.144 E.09103
G1 X132.895 Y100.681 E.01695
G1 X130.319 Y98.105 E.115
G1 X129.783 Y98.105 E.01692
G1 X132.895 Y101.217 E.13893
G1 X132.895 Y101.754 E.01695
G1 X129.246 Y98.105 E.16291
G1 X128.709 Y98.105 E.01695
G1 X132.895 Y102.291 E.18688
G1 X132.895 Y102.828 E.01695
G1 X128.172 Y98.105 E.21086
G1 X127.635 Y98.105 E.01695
G1 X132.895 Y103.365 E.23483
G1 X132.895 Y103.902 E.01695
G1 X127.098 Y98.105 E.25881
G1 X126.561 Y98.105 E.01695
G1 X132.895 Y104.439 E.28278
G1 X132.895 Y104.976 E.01695
G1 X126.024 Y98.105 E.30675
G1 X125.487 Y98.105 E.01695
G1 X132.895 Y105.513 E.33073
G1 X132.895 Y106.05 E.01695
G1 X124.95 Y98.105 E.3547
G1 X124.413 Y98.105 E.01695
G1 X132.895 Y106.587 E.37868
G1 X132.895 Y107.124 E.01695
G1 X123.876 Y98.105 E.40265
G1 X123.34 Y98.105 E.01692
G1 X132.895 Y107.66 E.42658
G1 X132.895 Y108.197 E.01695
G1 X122.803 Y98.105 E.45055
G1 X122.266 Y98.105 E.01695
G1 X132.895 Y108.734 E.47453
G1 X132.895 Y109.271 E.01695
G1 X121.729 Y98.105 E.4985
G1 X121.192 Y98.105 E.01695
G1 X132.895 Y109.808 E.52248
G1 X132.895 Y110.345 E.01695
G1 X120.655 Y98.105 E.54645
G1 X120.118 Y98.105 E.01695
G1 X132.895 Y110.882 E.57043
G1 X132.895 Y111.419 E.01695
G1 X119.581 Y98.105 E.5944
G1 X119.044 Y98.105 E.01695
G1 X132.895 Y111.956 E.61837
G1 X132.895 Y112.493 E.01695
G1 X118.507 Y98.105 E.64235
G1 X117.97 Y98.105 E.01695
G1 X132.895 Y113.03 E.66632
G1 X132.895 Y113.567 E.01695
G1 X117.433 Y98.105 E.6903
G1 X116.897 Y98.105 E.01692
G1 X132.895 Y114.103 E.71423
G1 X132.895 Y114.64 E.01695
G1 X116.36 Y98.105 E.7382
G1 X115.823 Y98.105 E.01695
G1 X132.895 Y115.177 E.76218
G1 X132.895 Y115.714 E.01695
G1 X115.286 Y98.105 E.78615
G1 X114.749 Y98.105 E.01695
G1 X132.895 Y116.251 E.81012
G1 X132.895 Y116.788 E.01695
G1 X114.212 Y98.105 E.8341
G1 X113.675 Y98.105 E.01695
G1 X132.895 Y117.325 E.85807
G1 X132.895 Y117.862 E.01695
G1 X113.138 Y98.105 E.88205
G1 X112.601 Y98.105 E.01695
G1 X132.895 Y118.399 E.90602
G1 X132.895 Y118.936 E.01695
G1 X112.064 Y98.105 E.92999
G1 X111.527 Y98.105 E.01695
G1 X132.895 Y119.473 E.95397
G1 X132.895 Y120.01 E.01695
G1 X110.99 Y98.105 E.97794
G1 X110.454 Y98.105 E.01692
G1 X132.895 Y120.546 E1.00187
G1 X132.895 Y121.083 E.01695
G1 X109.917 Y98.105 E1.02585
G1 X109.38 Y98.105 E.01695
G1 X132.895 Y121.62 E1.04982
G1 X132.895 Y122.157 E.01695
G1 X108.843 Y98.105 E1.0738
G1 X108.306 Y98.105 E.01695
G1 X132.895 Y122.694 E1.09777
G1 X132.895 Y123.231 E.01695
G1 X107.769 Y98.105 E1.12174
G1 X107.232 Y98.105 E.01695
G1 X132.895 Y123.768 E1.14572
G1 X132.895 Y124.305 E.01695
G1 X106.695 Y98.105 E1.16969
G1 X106.158 Y98.105 E.01695
G1 X132.895 Y124.842 E1.19367
G1 X132.895 Y125.379 E.01695
G1 X105.621 Y98.105 E1.21764
G1 X105.084 Y98.105 E.01695
G1 X132.895 Y125.916 E1.24162
G1 X132.895 Y126.453 E.01695
G1 X120.348 Y113.905 E.56018
G1 X120.503 Y114.597 E.02239
G1 X132.895 Y126.989 E.55324
G1 X132.895 Y127.526 E.01695
G1 X120.583 Y115.214 E.54967
G1 X120.579 Y115.747 E.01683
G1 X132.895 Y128.063 E.54984
G1 X132.895 Y128.6 E.01695
G1 X120.534 Y116.238 E.55188
G1 X120.44 Y116.681 E.0143
G1 X132.895 Y129.137 E.55607
G1 X132.895 Y129.674 E.01695
G1 X120.338 Y117.117 E.5606
G1 X120.173 Y117.488 E.01282
G1 X132.895 Y130.211 E.56799
G1 X132.895 Y130.748 E.01695
G1 X120.007 Y117.859 E.5754
G1 X119.92 Y118.054 E.00674
G1 X119.813 Y118.202 E.00577
G1 X132.895 Y131.285 E.58406
G1 X132.895 Y131.822 E.01695
G1 X119.587 Y118.514 E.59413
G1 X119.362 Y118.825 E.01212
G1 X132.895 Y132.359 E.6042
G1 X132.895 Y132.895 E.01692
G1 X119.094 Y119.094 E.61614
G1 X118.812 Y119.349 E.012
G1 X132.359 Y132.895 E.60478
G1 X131.822 Y132.895 E.01695
G1 X118.53 Y119.604 E.5934
G1 X118.196 Y119.806 E.01232
G1 X131.285 Y132.895 E.58436
G1 X130.748 Y132.895 E.01695
G1 X117.855 Y120.003 E.57558
G1 X117.578 Y120.163 E.0101
G1 X117.503 Y120.188 E.0025
G1 X130.211 Y132.895 E.56732
G1 X129.674 Y132.895 E.01695
G1 X117.098 Y120.319 E.56145
G1 X116.693 Y120.451 E.01345
G1 X129.137 Y132.895 E.55556
G1 X128.6 Y132.895 E.01695
G1 X116.233 Y120.528 E.55212
G1 X115.747 Y120.579 E.01543
G1 X128.063 Y132.895 E.54984
G1 X127.526 Y132.895 E.01695
G1 X115.205 Y120.574 E.55007
G1 X114.605 Y120.511 E.01905
G1 X126.989 Y132.895 E.55288
G1 X126.452 Y132.895 E.01695
G1 X113.6 Y120.043 E.57377
G1 E-3.5 F3600
;WIPE_START
G1 F7200
G1 X115.833 Y122.276 E-1.5
;WIPE_END
G1 X117.4 Y110.958 F9000
G1 E5 F2400
G1 F1200
G1 X104.547 Y98.105 E.57382
G1 X104.011 Y98.105 E.01692
G1 X116.395 Y110.489 E.55288
G1 X115.796 Y110.427 E.01901
G1 X103.474 Y98.105 E.55011
G1 X102.937 Y98.105 E.01695
G1 X115.253 Y110.42 E.54982
G1 X114.767 Y110.472 E.01543
G1 X102.4 Y98.105 E.55212
G1 X101.863 Y98.105 E.01695
G1 X114.307 Y110.549 E.55556
G1 X113.902 Y110.681 E.01345
G1 X101.326 Y98.105 E.56145
G1 X100.789 Y98.105 E.01695
G1 X113.497 Y110.812 E.56732
G1 X113.422 Y110.837 E.0025
G1 X113.145 Y110.997 E.0101
G1 X100.252 Y98.105 E.57558
G1 X99.715 Y98.105 E.01695
G1 X112.804 Y111.194 E.58436
G1 X112.47 Y111.396 E.01232
G1 X99.178 Y98.105 E.5934
G1 X98.641 Y98.105 E.01695
G1 X112.188 Y111.651 E.60478
G1 X111.906 Y111.906 E.012
G1 X98.105 Y98.105 E.61614
G1 X98.105 Y98.641 E.01692
G1 X111.638 Y112.175 E.6042
G1 X111.413 Y112.486 E.01212
G1 X98.105 Y99.178 E.59413
G1 X98.105 Y99.715 E.01695
G1 X111.187 Y112.798 E.58406
G1 X111.08 Y112.946 E.00577
G1 X110.993 Y113.141 E.00674
G1 X98.105 Y100.252 E.5754
G1 X98.105 Y100.789 E.01695
G1 X110.827 Y113.512 E.56799
G1 X110.662 Y113.883 E.01282
G1 X98.105 Y101.326 E.5606
G1 X98.105 Y101.863 E.01695
G1 X110.56 Y114.319 E.55607
G1 X110.466 Y114.762 E.0143
G1 X98.105 Y102.4 E.55188
G1 X98.105 Y102.937 E.01695
G1 X110.421 Y115.253 E.54984
G1 X110.417 Y115.786 E.01683
G1 X98.105 Y103.474 E.54967
G1 X98.105 Y104.011 E.01695
G1 X110.497 Y116.403 E.55324
G1 X110.652 Y117.095 E.02239
G1 X98.105 Y104.548 E.56016
G1 X98.105 Y105.084 E.01692
G1 X125.916 Y132.895 E1.24162
G1 X125.379 Y132.895 E.01695
G1 X98.105 Y105.621 E1.21764
G1 X98.105 Y106.158 E.01695
G1 X124.842 Y132.895 E1.19367
G1 X124.305 Y132.895 E.01695
G1 X98.105 Y106.695 E1.16969
G1 X98.105 Y107.232 E.01695
G1 X123.768 Y132.895 E1.14572
G1 X123.231 Y132.895 E.01695
G1 X98.105 Y107.769 E1.12174
G1 X98.105 Y108.306 E.01695
G1 X122.694 Y132.895 E1.09777
G1 X122.157 Y132.895 E.01695
G1 X98.105 Y108.843 E1.0738
G1 X98.105 Y109.38 E.01695
G1 X121.62 Y132.895 E1.04982
G1 X121.083 Y132.895 E.01695
G1 X98.105 Y109.917 E1.02585
G1 X98.105 Y110.454 E.01695
G1 X120.546 Y132.895 E1.00187
G1 X120.01 Y132.895 E.01692
G1 X98.105 Y110.991 E.97792
G1 X98.105 Y111.527 E.01692
G1 X119.473 Y132.895 E.95397
G1 X118.936 Y132.895 E.01695
G1 X98.105 Y112.064 E.92999
G1 X98.105 Y112.601 E.01695
G1 X118.399 Y132.895 E.90602
G1 X117.862 Y132.895 E.01695
G1 X98.105 Y113.138 E.88205
G1 X98.105 Y113.675 E.01695
G1 X117.325 Y132.895 E.85807
G1 X116.788 Y132.895 E.01695
G1 X98.105 Y114.212 E.8341
G1 X98.105 Y114.749 E.01695
G1 X116.251 Y132.895 E.81012
G1 X115.714 Y132.895 E.01695
G1 X98.105 Y115.286 E.78615
G1 X98.105 Y115.823 E.01695
G1 X115.177 Y132.895 E.76218
G1 X114.64 Y132.895 E.01695
G1 X98.105 Y116.36 E.7382
G1 X98.105 Y116.897 E.01695
G1 X114.103 Y132.895 E.71423
G1 X113.567 Y132.895 E.01692
G1 X98.105 Y117.433 E.6903
G1 X98.105 Y117.97 E.01695
G1 X113.03 Y132.895 E.66632
G1 X112.493 Y132.895 E.01695
G1 X98.105 Y118.507 E.64235
G1 X98.105 Y119.044 E.01695
G1 X111.956 Y132.895 E.61837
G1 X111.419 Y132.895 E.01695
G1 X98.105 Y119.581 E.5944
G1 X98.105 Y120.118 E.01695
G1 X110.882 Y132.895 E.57043
G1 X110.345 Y132.895 E.01695
G1 X98.105 Y120.655 E.54645
G1 X98.105 Y121.192 E.01695
G1 X109.808 Y132.895 E.52248
G1 X109.271 Y132.895 E.01695
G1 X98.105 Y121.729 E.4985
G1 X98.105 Y122.266 E.01695
G1 X108.734 Y132.895 E.47453
G1 X108.197 Y132.895 E.01695
G1 X98.105 Y122.803 E.45055
G1 X98.105 Y123.34 E.01695
G1 X107.66 Y132.895 E.42658
G1 X107.124 Y132.895 E.01692
G1 X98.105 Y123.876 E.40265
G1 X98.105 Y124.413 E.01695
G1 X106.587 Y132.895 E.37868
G1 X106.05 Y132.895 E.01695
G1 X98.105 Y124.95 E.3547
G1 X98.105 Y125.487 E.01695
G1 X105.513 Y132.895 E.33073
G1 X104.976 Y132.895 E.01695
G1 X98.105 Y126.024 E.30675
G1 X98.105 Y126.561 E.01695
G1 X104.439 Y132.895 E.28278
G1 X103.902 Y132.895 E.01695
G1 X98.105 Y127.098 E.25881
G1 X98.105 Y127.635 E.01695
G1 X103.365 Y132.895 E.23483
G1 X102.828 Y132.895 E.01695
G1 X98.105 Y128.172 E.21086
G1 X98.105 Y128.709 E.01695
G1 X102.291 Y132.895 E.18688
G1 X101.754 Y132.895 E.01695
G1 X98.105 Y129.246 E.16291
G1 X98.105 Y129.783 E.01695
G1 X101.217 Y132.895 E.13893
G1 X100.681 Y132.895 E.01692
G1 X98.105 Y130.319 E.115
G1 X98.105 Y130.856 E.01695
G1 X100.144 Y132.895 E.09103
G1 X99.607 Y132.895 E.01695
G1 X98.105 Y131.393 E.06706
G1 X98.105 Y131.93 E.01695
G1 X99.07 Y132.895 E.04308
G1 X98.533 Y132.895 E.01695
G1 X97.935 Y132.297 E.0267
M106 S255
;LAYER_CHANGE
;Z:0.4
;HEIGHT:0.2
;BEFORE_LAYER_CHANGE
G92 E0
;0.4


G1 E-3.5 F3600
;WIPE_START
G1 F7200
G1 X98.533 Y132.895 E-.40171
G1 X99.07 Y132.895 E-.25508
G1 X98.105 Y131.93 E-.64824
G1 X98.105 Y131.52 E-.19497
;WIPE_END
G1 Z.4 F9000
;AFTER_LAYER_CHANGE
;0.4
M104 S205 ; set temperature
; stop printing object NAS_979.stl id:0 copy 0
G1 X93.561 Y132.297
G1 E5 F2400
;TYPE:Skirt/Brim
;WIDTH:0.42
G1 X93.561 Y96.75 E1.11455
G1 X93.955 Y95.215 E.04969
G1 X95.039 Y94.059 E.04969
G1 X96.75 Y93.561 E.05587
G1 X134.25 Y93.561 E1.17579
G1 X135.785 Y93.955 E.04969
G1 X136.941 Y95.039 E.04969
G1 X137.439 Y96.75 E.05587
G1 X137.439 Y134.25 E1.17579
G1 X137.045 Y135.785 E.04969
G1 X135.961 Y136.941 E.04969
G1 X134.25 Y137.439 E.05587
G1 X96.75 Y137.439 E1.17579
G1 X95.215 Y137.045 E.04969
G1 X94.059 Y135.961 E.04969
G1 X93.561 Y134.25 E.05587
G1 X93.561 Y132.357 E.05935
G1 E-3.5 F3600
;WIPE_START
G1 F7200
G1 X93.561 Y132.297 E-.0285
G1 X93.561 Y129.199 E-1.4715
;WIPE_END
; printing object NAS_979.stl id:0 copy 0
G1 X111.685 Y118.271 F9000
G1 E5 F2400
;TYPE:Perimeter
;WIDTH:0.439999
G1 F1500
G1 X111.447 Y117.957 E.01301
G1 X111.024 Y117.061 E.03271
G1 X110.798 Y116.096 E.03272
G1 X110.776 Y115.106 E.0327
G1 X110.962 Y114.132 E.03274
G1 X111.345 Y113.219 E.03269
G1 X111.91 Y112.405 E.03272
G1 X112.632 Y111.726 E.03272
G1 X113.48 Y111.212 E.03274
G1 X114.415 Y110.886 E.03269
G1 X115.387 Y110.762 E.03235
G1 X116.384 Y110.843 E.03303
G1 X117.335 Y111.129 E.03279
G1 X118.203 Y111.606 E.0327
G1 X118.954 Y112.254 E.03275
G1 X119.553 Y113.043 E.03271
G1 X119.976 Y113.939 E.03271
G1 X120.202 Y114.904 E.03272
G1 X120.224 Y115.894 E.0327
G1 X120.038 Y116.868 E.03274
G1 X119.655 Y117.781 E.03269
G1 X119.09 Y118.595 E.03272
G1 X118.368 Y119.274 E.03272
G1 X117.52 Y119.788 E.03274
G1 X116.585 Y120.114 E.03269
G1 X115.602 Y120.239 E.03272
G1 X114.614 Y120.156 E.03274
G1 X113.665 Y119.871 E.03272
G1 X112.797 Y119.394 E.0327
G1 X112.046 Y118.746 E.03275
G1 X111.722 Y118.319 E.0177
G1 X112.004 Y118.04 F9000
G1 F1500
G1 X111.768 Y117.724 E.01302
G1 X111.387 Y116.9 E.02997
G1 X111.186 Y116.014 E.03
G1 X111.174 Y115.106 E.02998
G1 X111.35 Y114.215 E.02999
G1 X111.708 Y113.38 E.03
G1 X112.232 Y112.638 E.02999
G1 X112.898 Y112.021 E.02998
G1 X113.678 Y111.556 E.02998
G1 X114.538 Y111.263 E.03
G1 X115.429 Y111.157 E.02963
G1 X116.343 Y111.238 E.0303
G1 X117.212 Y111.507 E.03004
G1 X118.005 Y111.95 E.02999
G1 X118.688 Y112.549 E.02999
G1 X119.232 Y113.276 E.02998
G1 X119.613 Y114.1 E.02997
G1 X119.814 Y114.986 E.03
G1 X119.826 Y115.894 E.02998
G1 X119.65 Y116.785 E.02999
G1 X119.292 Y117.62 E.03
G1 X118.768 Y118.362 E.02999
G1 X118.102 Y118.979 E.02998
G1 X117.322 Y119.444 E.02998
G1 X116.462 Y119.737 E.03
G1 X115.56 Y119.844 E.02999
G1 X114.656 Y119.762 E.02997
G1 X113.788 Y119.493 E.03
G1 X112.995 Y119.05 E.02999
G1 X112.312 Y118.451 E.02999
G1 X112.04 Y118.088 E.01498
G1 X112.315 Y117.814 F9000
;TYPE:External perimeter
;WIDTH:0.419999
G1 F1500
G1 X112.081 Y117.497 E.01235
G1 X111.741 Y116.742 E.02596
G1 X111.565 Y115.933 E.02596
G1 X111.561 Y115.106 E.02593
G1 X111.729 Y114.295 E.02597
G1 X112.062 Y113.538 E.02593
G1 X112.545 Y112.866 E.02595
G1 X113.157 Y112.309 E.02595
G1 X113.872 Y111.891 E.02597
G1 X114.658 Y111.632 E.02595
G1 X115.47 Y111.542 E.02562
G1 X116.303 Y111.623 E.02624
G1 X117.092 Y111.875 E.02597
G1 X117.811 Y112.286 E.02597
G1 X118.429 Y112.836 E.02594
G1 X118.919 Y113.503 E.02595
G1 X119.259 Y114.258 E.02596
G1 X119.435 Y115.067 E.02596
G1 X119.439 Y115.894 E.02593
G1 X119.271 Y116.705 E.02597
G1 X118.938 Y117.462 E.02593
G1 X118.455 Y118.134 E.02595
G1 X117.843 Y118.691 E.02595
G1 X117.128 Y119.109 E.02597
G1 X116.342 Y119.368 E.02595
G1 X115.52 Y119.459 E.02593
G1 X114.696 Y119.377 E.02596
G1 X113.908 Y119.125 E.02594
G1 X113.189 Y118.714 E.02597
G1 X112.571 Y118.164 E.02594
G1 X112.35 Y117.863 E.01171
G1 E-3.5 F3600
;WIPE_START
G1 F7200
G1 X112.315 Y117.814 E-.0286
G1 X112.081 Y117.497 E-.18716
G1 X111.741 Y116.742 E-.39331
G1 X111.565 Y115.933 E-.39326
G1 X111.561 Y115.106 E-.39283
G1 X111.606 Y114.89 E-.10484
;WIPE_END
G1 X97.744 Y133.256 F9000
G1 E5 F2400
;TYPE:Perimeter
;WIDTH:0.439999
G1 X97.744 Y97.744 E1.17251
G1 X133.256 Y97.744 E1.17251
G1 X133.256 Y133.256 E1.17251
G1 X97.804 Y133.256 E1.17053
G1 X97.347 Y133.653 F9000
G1 F2400
G1 X97.347 Y97.347 E1.19872
G1 X133.653 Y97.347 E1.19872
G1 X133.653 Y133.653 E1.19872
G1 X97.407 Y133.653 E1.19674
G1 X96.96 Y134.04 F9000
;TYPE:External perimeter
;WIDTH:0.419999
G1 F1500
G1 X96.96 Y96.96 E1.16262
G1 X134.04 Y96.96 E1.16262
G1 X134.04 Y134.04 E1.16262
G1 X97.02 Y134.04 E1.16073
G1 E-3.5 F3600
;WIPE_START
G1 F7200
G1 X96.96 Y134.04 E-.0285
G1 X96.96 Y130.942 E-1.4715
;WIPE_END
G1 X98.158 Y98.082 F9000
G1 E5 F2400
;TYPE:Solid infill
;WIDTH:0.53634
G1 X98.114 Y98.039 E.00252
G1 X98.054 Y98.054 E.00254
G1 X98.039 Y98.114 E.00254
G1 X98.082 Y98.158 E.00252
G1 X98.142 Y98.142 E.00255
;WIDTH:0.439999
G1 X98.05 Y98.776 E.02115
G1 X98.776 Y98.05 E.0339
G1 X99.337 Y98.05 E.01852
G1 X98.05 Y99.337 E.06009
G1 X98.05 Y99.899 E.01856
G1 X99.899 Y98.05 E.08634
G1 X100.461 Y98.05 E.01856
G1 X98.05 Y100.461 E.11258
G1 X98.05 Y101.022 E.01852
G1 X101.022 Y98.05 E.13877
G1 X101.584 Y98.05 E.01856
G1 X98.05 Y101.584 E.16501
G1 X98.05 Y102.145 E.01852
G1 X102.145 Y98.05 E.19121
G1 X102.707 Y98.05 E.01856
G1 X98.05 Y102.707 E.21745
G1 X98.05 Y103.268 E.01852
G1 X103.268 Y98.05 E.24365
G1 X103.83 Y98.05 E.01856
G1 X98.05 Y103.83 E.26989
G1 X98.05 Y104.391 E.01852
G1 X104.391 Y98.05 E.29608
G1 X104.953 Y98.05 E.01856
G1 X98.05 Y104.953 E.32232
G1 X98.05 Y105.515 E.01856
G1 X105.515 Y98.05 E.34857
G1 X106.076 Y98.05 E.01852
G1 X98.05 Y106.076 E.37476
G1 X98.05 Y106.638 E.01856
G1 X106.638 Y98.05 E.401
G1 X107.199 Y98.05 E.01852
G1 X98.05 Y107.199 E.4272
G1 X98.05 Y107.761 E.01856
G1 X107.761 Y98.05 E.45344
G1 X108.322 Y98.05 E.01852
G1 X98.05 Y108.322 E.47964
G1 X98.05 Y108.884 E.01856
G1 X108.884 Y98.05 E.50588
G1 X109.445 Y98.05 E.01852
G1 X98.05 Y109.445 E.53207
G1 X98.05 Y110.007 E.01856
G1 X110.007 Y98.05 E.55831
G1 X110.569 Y98.05 E.01856
G1 X98.05 Y110.569 E.58456
G1 X98.05 Y111.13 E.01852
G1 X111.13 Y98.05 E.61075
G1 X111.692 Y98.05 E.01856
G1 X98.05 Y111.692 E.63699
G1 X98.05 Y112.253 E.01852
G1 X112.253 Y98.05 E.66319
G1 X112.815 Y98.05 E.01856
G1 X98.05 Y112.815 E.68943
G1 X98.05 Y113.376 E.01852
G1 X113.376 Y98.05 E.71562
G1 X113.938 Y98.05 E.01856
G1 X98.05 Y113.938 E.74187
G1 X98.05 Y114.499 E.01852
G1 X114.499 Y98.05 E.76806
G1 X115.061 Y98.05 E.01856
G1 X98.05 Y115.061 E.7943
G1 X98.05 Y115.623 E.01856
G1 X115.623 Y98.05 E.82054
G1 X116.184 Y98.05 E.01852
G1 X98.05 Y116.184 E.84674
G1 X98.05 Y116.746 E.01856
G1 X116.746 Y98.05 E.87298
G1 X117.307 Y98.05 E.01852
G1 X98.05 Y117.307 E.89918
G1 X98.05 Y117.869 E.01856
G1 X117.869 Y98.05 E.92542
G1 X118.43 Y98.05 E.01852
G1 X98.05 Y118.43 E.95161
G1 X98.05 Y118.992 E.01856
G1 X118.992 Y98.05 E.97785
G1 X119.553 Y98.05 E.01852
G1 X98.05 Y119.553 E1.00405
G1 X98.05 Y120.115 E.01856
G1 X120.115 Y98.05 E1.03029
G1 X120.677 Y98.05 E.01856
G1 X98.05 Y120.677 E1.05653
G1 X98.05 Y121.238 E.01852
G1 X121.238 Y98.05 E1.08273
G1 X121.8 Y98.05 E.01856
G1 X98.05 Y121.8 E1.10897
G1 X98.05 Y122.361 E.01852
G1 X122.361 Y98.05 E1.13516
G1 X122.923 Y98.05 E.01856
G1 X98.05 Y122.923 E1.16141
G1 X98.05 Y123.484 E.01852
G1 X123.484 Y98.05 E1.1876
G1 X124.046 Y98.05 E.01856
G1 X98.05 Y124.046 E1.21384
G1 X98.05 Y124.607 E.01852
G1 X124.607 Y98.05 E1.24004
G1 X125.169 Y98.05 E.01856
G1 X98.05 Y125.169 E1.26628
G1 X97.975 Y126 F9000
;WIDTH:0.38292
G1 F2400
G1 X97.904 Y125.981 E.00208
G1 X97.923 Y126.052 E.00208
G1 X97.964 Y126.041 E.0012
;WIDTH:0.41146
G1 X98.007 Y125.886 E.00493
;WIDTH:0.439999
G1 X98.05 Y125.731 E.00531
G1 X125.731 Y98.05 E1.29252
G1 X126.292 Y98.05 E.01852
G1 X113.461 Y110.881 E.59912
G1 X113.32 Y110.988 E.00584
;WIDTH:0.41146
G1 X113.18 Y111.095 E.0054
;WIDTH:0.38292
G1 X112.609 Y111.534 E.02036
G1 X114.209 Y110.794 F9000
G1 F2400
G1 X114.015 Y110.784 E.00549
;WIDTH:0.41146
G1 X114.154 Y110.697 E.00503
;WIDTH:0.439999
G1 X114.293 Y110.611 E.0054
G1 X126.854 Y98.05 E.58652
G1 X127.415 Y98.05 E.01852
G1 X114.959 Y110.506 E.58161
G1 X115.568 Y110.458 E.02017
G1 X127.977 Y98.05 E.5794
G1 X128.538 Y98.05 E.01852
G1 X116.077 Y110.511 E.58185
G1 X116.58 Y110.57 E.01672
G1 X129.1 Y98.05 E.5846
G1 X129.661 Y98.05 E.01852
G1 X117.004 Y110.707 E.591
G1 X117.428 Y110.845 E.01472
G1 X130.223 Y98.05 E.59744
G1 X130.785 Y98.05 E.01856
G1 X117.804 Y111.03 E.6061
G1 X118.16 Y111.236 E.01358
G1 X131.346 Y98.05 E.6157
G1 X131.908 Y98.05 E.01856
G1 X118.508 Y111.449 E.62567
G1 X118.806 Y111.713 E.01314
G1 X132.469 Y98.05 E.63797
G1 X132.871 Y97.902 E.01414
;WIDTH:0.38292
G1 X133.081 Y97.919 E.00596
;WIDTH:0.41146
G1 X133.015 Y98.025 E.00383
;WIDTH:0.439999
G1 X132.95 Y98.131 E.00411
G1 X119.103 Y111.977 E.64654
G1 X119.371 Y112.272 E.01316
G1 X132.95 Y98.692 E.63407
G1 X132.95 Y99.254 E.01856
G1 X119.605 Y112.599 E.62312
G1 X119.839 Y112.926 E.01328
G1 X132.95 Y99.815 E.6122
G1 X132.95 Y100.377 E.01856
G1 X120.023 Y113.304 E.60361
G1 X120.198 Y113.69 E.01399
G1 X132.95 Y100.938 E.59543
G1 X132.95 Y101.5 E.01856
G1 X120.345 Y114.105 E.58857
G1 X120.444 Y114.568 E.01563
G1 X132.95 Y102.061 E.58397
G1 X132.95 Y102.623 E.01856
G1 X120.524 Y115.049 E.58021
G1 X120.526 Y115.609 E.01849
G1 X132.95 Y103.185 E.58012
G1 X132.95 Y103.746 E.01852
G1 X120.484 Y116.213 E.5821
G1 X120.201 Y117.196 F9000
;WIDTH:0.38292
G1 F2400
G1 X120.129 Y117.177 E.00211
G1 X120.148 Y117.248 E.00208
G1 X120.19 Y117.237 E.00123
;WIDTH:0.41146
G1 X120.261 Y117.081 E.00525
;WIDTH:0.439999
G1 X120.332 Y116.926 E.00563
G1 X132.95 Y104.308 E.58918
G1 E-3.5 F3600
;WIPE_START
G1 F7200
G1 X130.717 Y106.541 E-1.5
;WIPE_END
G1 X111.21 Y113.008 F9000
G1 E5 F2400
;WIDTH:0.38292
G1 X111.126 Y113.129 E.00416
;WIDTH:0.41146
G1 X111.029 Y113.269 E.00522
;WIDTH:0.439999
G1 X110.933 Y113.409 E.0056
G1 X98.05 Y126.292 E.60155
G1 X98.05 Y126.854 E.01856
G1 X110.625 Y114.279 E.58717
G1 X110.716 Y114.154 E.0051
;WIDTH:0.41146
G1 X110.807 Y114.028 E.00476
;WIDTH:0.38292
G1 X110.766 Y114.039 E.0012
G1 X110.747 Y113.968 E.00208
G1 X110.818 Y113.987 E.00208
G1 X110.477 Y114.988 F9000
;WIDTH:0.439999
G1 F2400
G1 X98.05 Y127.415 E.58026
G1 X98.05 Y127.977 E.01856
G1 X110.473 Y115.554 E.58007
G1 X110.491 Y116.097 E.01794
G1 X98.05 Y128.538 E.58091
G1 X98.05 Y129.1 E.01856
G1 X110.587 Y116.563 E.5854
G1 X110.689 Y117.023 E.01556
G1 X98.05 Y129.661 E.59014
G1 X98.05 Y130.223 E.01856
G1 X110.853 Y117.419 E.59784
G1 X111.024 Y117.81 E.01409
G1 X98.05 Y130.785 E.60582
G1 X98.05 Y131.346 E.01852
G1 X111.224 Y118.172 E.61514
G1 X111.461 Y118.497 E.01328
G1 X98.05 Y131.908 E.62621
G1 X98.05 Y132.469 E.01852
G1 X111.701 Y118.818 E.63741
G1 X111.982 Y119.098 E.0131
G1 X98.131 Y132.95 E.64677
G1 X98.016 Y132.911 E.00401
;WIDTH:0.41146
G1 X97.902 Y132.871 E.0037
;WIDTH:0.38292
G1 X97.919 Y133.081 E.00596
;WIDTH:0.439999
G1 X98.692 Y132.95 E.02589
G1 X112.28 Y119.363 E.63445
G1 X112.586 Y119.617 E.01313
G1 X99.254 Y132.95 E.62254
G1 X99.815 Y132.95 E.01852
G1 X112.942 Y119.823 E.61294
G1 X113.298 Y120.029 E.01358
G1 X100.377 Y132.95 E.60333
G1 X100.938 Y132.95 E.01852
G1 X113.694 Y120.194 E.59562
G1 X114.118 Y120.332 E.01472
G1 X101.5 Y132.95 E.58918
G1 X102.061 Y132.95 E.01852
G1 X114.56 Y120.452 E.5836
G1 X115.068 Y120.505 E.01686
G1 X102.623 Y132.95 E.5811
G1 X103.185 Y132.95 E.01856
G1 X115.594 Y120.541 E.57942
G1 X116.222 Y120.475 E.02085
G1 X103.746 Y132.95 E.58252
G1 X104.308 Y132.95 E.01856
G1 X116.946 Y120.311 E.59014
G1 X117.085 Y120.225 E.0054
;WIDTH:0.41146
G1 X117.225 Y120.139 E.00503
;WIDTH:0.38292
G1 X117.14 Y120.118 E.00248
G1 X116.992 Y120.141 E.00423
G1 X117.912 Y119.907 F9000
;WIDTH:0.439999
G1 F2400
G1 X104.869 Y132.95 E.60902
G1 X104.814 Y133.029 E.00318
;WIDTH:0.41146
G1 X104.758 Y133.109 E.00299
;WIDTH:0.38292
G1 X104.687 Y133.09 E.00208
G1 X104.706 Y133.161 E.00208
G1 X104.747 Y133.15 E.0012
G1 E-3.5 F3600
;WIPE_START
G1 F7200
G1 X104.706 Y133.161 E-.02016
G1 X104.687 Y133.09 E-.03491
G1 X104.758 Y133.109 E-.03491
G1 X104.814 Y133.029 E-.04638
G1 X104.869 Y132.95 E-.04572
G1 X106.831 Y130.988 E-1.31792
;WIPE_END
G1 X118.193 Y119.692 F9000
G1 E5 F2400
G1 X118.43 Y119.508 E.00848
G1 X119.175 Y118.799 E.02908
G1 X119.72 Y118.162 E.0237
;WIDTH:0.41146
G1 X119.829 Y118.022 E.00544
;WIDTH:0.439999
G1 X119.938 Y117.882 E.00586
G1 X132.95 Y104.869 E.6076
G1 X132.95 Y105.431 E.01856
G1 X105.431 Y132.95 E1.28496
G1 X105.311 Y133.003 E.00433
;WIDTH:0.41146
G1 X105.191 Y133.055 E.00401
;WIDTH:0.38292
G1 X105.12 Y133.036 E.00208
G1 X105.139 Y133.107 E.00208
G1 X105.18 Y133.096 E.0012
G1 X105.992 Y132.95 F9000
;WIDTH:0.439999
G1 F2400
G1 X132.95 Y105.992 E1.25876
G1 X132.95 Y106.554 E.01856
G1 X106.554 Y132.95 E1.23252
G1 X107.115 Y132.95 E.01852
G1 X132.95 Y107.115 E1.20633
G1 X132.95 Y107.677 E.01856
G1 X107.677 Y132.95 E1.18008
G1 X108.239 Y132.95 E.01856
G1 X132.95 Y108.239 E1.15384
G1 X132.95 Y108.8 E.01852
G1 X108.8 Y132.95 E1.12765
G1 X109.362 Y132.95 E.01856
G1 X132.95 Y109.362 E1.10141
G1 X132.95 Y109.923 E.01852
G1 X109.923 Y132.95 E1.07521
G1 X110.485 Y132.95 E.01856
G1 X132.95 Y110.485 E1.04897
G1 X132.95 Y111.046 E.01852
G1 X111.046 Y132.95 E1.02277
G1 X111.608 Y132.95 E.01856
G1 X132.95 Y111.608 E.99653
G1 X132.95 Y112.169 E.01852
G1 X112.169 Y132.95 E.97034
G1 X112.731 Y132.95 E.01856
G1 X132.95 Y112.731 E.94409
G1 X132.95 Y113.293 E.01856
G1 X113.293 Y132.95 E.91785
G1 X113.854 Y132.95 E.01852
G1 X132.95 Y113.854 E.89166
G1 X132.95 Y114.416 E.01856
G1 X114.416 Y132.95 E.86542
G1 X114.977 Y132.95 E.01852
G1 X132.95 Y114.977 E.83922
G1 X132.95 Y115.539 E.01856
G1 X115.539 Y132.95 E.81298
G1 X116.1 Y132.95 E.01852
G1 X132.95 Y116.1 E.78678
G1 X132.95 Y116.662 E.01856
G1 X116.662 Y132.95 E.76054
G1 X117.223 Y132.95 E.01852
G1 X132.95 Y117.223 E.73435
G1 X132.95 Y117.785 E.01856
G1 X117.785 Y132.95 E.70811
G1 X118.347 Y132.95 E.01856
G1 X132.95 Y118.347 E.68186
G1 X132.95 Y118.908 E.01852
G1 X118.908 Y132.95 E.65567
G1 X119.47 Y132.95 E.01856
G1 X132.95 Y119.47 E.62943
G1 X132.95 Y120.031 E.01852
G1 X120.031 Y132.95 E.60323
G1 X120.593 Y132.95 E.01856
G1 X132.95 Y120.593 E.57699
G1 X132.95 Y121.154 E.01852
G1 X121.154 Y132.95 E.5508
G1 X121.716 Y132.95 E.01856
G1 X132.95 Y121.716 E.52455
G1 X132.95 Y122.277 E.01852
G1 X122.277 Y132.95 E.49836
G1 X122.839 Y132.95 E.01856
G1 X132.95 Y122.839 E.47212
G1 X132.95 Y123.401 E.01856
G1 X123.401 Y132.95 E.44588
G1 X123.962 Y132.95 E.01852
G1 X132.95 Y123.962 E.41968
G1 X132.95 Y124.524 E.01856
G1 X124.524 Y132.95 E.39344
G1 X125.085 Y132.95 E.01852
G1 X132.95 Y125.085 E.36724
G1 X132.95 Y125.647 E.01856
G1 X125.647 Y132.95 E.341
G1 X126.208 Y132.95 E.01852
G1 X132.95 Y126.208 E.31481
G1 X132.95 Y126.77 E.01856
G1 X126.77 Y132.95 E.28857
G1 X127.331 Y132.95 E.01852
G1 X132.95 Y127.331 E.26237
G1 X132.95 Y127.893 E.01856
G1 X127.893 Y132.95 E.23613
G1 X128.455 Y132.95 E.01856
G1 X132.95 Y128.455 E.20989
G1 X132.95 Y129.016 E.01852
G1 X129.016 Y132.95 E.18369
G1 X129.578 Y132.95 E.01856
G1 X132.95 Y129.578 E.15745
G1 X132.95 Y130.139 E.01852
G1 X130.139 Y132.95 E.13126
G1 X130.589 Y133.109 E.01576
;WIDTH:0.38292
G1 X130.518 Y133.09 E.00208
G1 X130.537 Y133.161 E.00208
G1 X130.578 Y133.15 E.0012
;WIDTH:0.41146
G1 X130.64 Y133.05 E.00361
;WIDTH:0.439999
G1 X130.701 Y132.95 E.00387
G1 X132.95 Y130.701 E.10501
G1 X133.05 Y130.64 E.00387
;WIDTH:0.41146
G1 X133.15 Y130.578 E.00361
;WIDTH:0.38292
G1 X133.109 Y130.589 E.0012
G1 X133.09 Y130.518 E.00208
G1 X133.161 Y130.537 E.00208
;WIDTH:0.439999
G1 X132.95 Y131.262 E.02493
G1 X132.95 Y132.95 E.05573
G1 X131.262 Y132.95 E.05573
G1 X132.81 Y131.403 E.07226
G1 X132.527 Y132.437 F9000
;WIDTH:0.63452
G1 F2400
G1 X132.475 Y132.384 E.00365
G1 X132.403 Y132.403 E.00366
G1 X132.384 Y132.475 E.00366
G1 X132.437 Y132.527 E.00365
G1 X132.508 Y132.508 E.00362
;LAYER_CHANGE
;Z:0.6
;HEIGHT:0.2
;BEFORE_LAYER_CHANGE
G92 E0
;0.6


G1 E-3.5 F3600
;WIPE_START
G1 F7200
G1 X132.437 Y132.527 E-.03491
G1 X132.384 Y132.475 E-.03527
G1 X132.403 Y132.403 E-.03537
G1 X132.475 Y132.384 E-.03537
G1 X132.527 Y132.437 E-.03527
;WIPE_END
G1 E-1.32381 F3600
G1 Z.6 F9000
;AFTER_LAYER_CHANGE
;0.6
G1 X118.655 Y119.004
G1 E5 F2400
;TYPE:Perimeter
;WIDTH:0.439999
G1 F1500
G1 X118.368 Y119.274 E.01301
G1 X117.52 Y119.788 E.03274
G1 X116.585 Y120.114 E.03269
G1 X115.602 Y120.239 E.03272
G1 X114.614 Y120.156 E.03274
G1 X113.665 Y119.871 E.03272
G1 X112.797 Y119.394 E.0327
G1 X112.046 Y118.746 E.03275
G1 X111.447 Y117.957 E.03271
G1 X111.024 Y117.061 E.03271
G1 X110.798 Y116.096 E.03272
G1 X110.776 Y115.106 E.0327
G1 X110.962 Y114.132 E.03274
G1 X111.345 Y113.219 E.03269
G1 X111.91 Y112.405 E.03272
G1 X112.632 Y111.726 E.03272
G1 X113.48 Y111.212 E.03274
G1 X114.415 Y110.886 E.03269
G1 X115.38 Y110.762 E.03212
G1 X116.383 Y110.843 E.03322
G1 X117.335 Y111.129 E.03282
G1 X118.203 Y111.606 E.0327
G1 X118.954 Y112.254 E.03275
G1 X119.553 Y113.043 E.03271
G1 X119.976 Y113.939 E.03271
G1 X120.202 Y114.904 E.03272
G1 X120.224 Y115.894 E.0327
G1 X120.038 Y116.868 E.03274
G1 X119.655 Y117.781 E.03269
G1 X119.09 Y118.595 E.03272
G1 X118.699 Y118.963 E.01773
G1 X118.391 Y118.711 F9000
G1 F1500
G1 X118.102 Y118.979 E.01301
G1 X117.322 Y119.444 E.02998
G1 X116.462 Y119.737 E.03
G1 X115.56 Y119.844 E.02999
G1 X114.656 Y119.762 E.02997
G1 X113.788 Y119.493 E.03
G1 X112.995 Y119.05 E.02999
G1 X112.312 Y118.451 E.02999
G1 X111.768 Y117.724 E.02998
G1 X111.387 Y116.9 E.02997
G1 X111.186 Y116.014 E.03
G1 X111.174 Y115.106 E.02998
G1 X111.35 Y114.215 E.02999
G1 X111.708 Y113.38 E.03
G1 X112.232 Y112.638 E.02999
G1 X112.898 Y112.021 E.02998
G1 X113.678 Y111.556 E.02998
G1 X114.538 Y111.263 E.03
G1 X115.422 Y111.157 E.0294
G1 X116.342 Y111.238 E.03049
G1 X117.212 Y111.507 E.03007
G1 X118.005 Y111.95 E.02999
G1 X118.688 Y112.549 E.02999
G1 X119.232 Y113.276 E.02998
G1 X119.613 Y114.1 E.02997
G1 X119.814 Y114.986 E.03
G1 X119.826 Y115.894 E.02998
G1 X119.65 Y116.785 E.02999
G1 X119.292 Y117.62 E.03
G1 X118.768 Y118.362 E.02999
G1 X118.435 Y118.67 E.01498
G1 X118.135 Y118.426 F9000
;TYPE:External perimeter
;WIDTH:0.419999
G1 F1500
G1 X117.843 Y118.691 E.01236
G1 X117.128 Y119.109 E.02597
G1 X116.342 Y119.368 E.02595
G1 X115.52 Y119.459 E.02593
G1 X114.696 Y119.377 E.02596
G1 X113.908 Y119.125 E.02594
G1 X113.189 Y118.714 E.02597
G1 X112.571 Y118.164 E.02594
G1 X112.081 Y117.497 E.02595
G1 X111.741 Y116.742 E.02596
G1 X111.565 Y115.933 E.02596
G1 X111.561 Y115.106 E.02593
G1 X111.729 Y114.295 E.02597
G1 X112.062 Y113.538 E.02593
G1 X112.545 Y112.866 E.02595
G1 X113.157 Y112.309 E.02595
G1 X113.872 Y111.891 E.02597
G1 X114.658 Y111.632 E.02595
G1 X115.463 Y111.542 E.0254
G1 X116.303 Y111.623 E.02646
G1 X117.092 Y111.875 E.02597
G1 X117.811 Y112.286 E.02597
G1 X118.429 Y112.836 E.02594
G1 X118.919 Y113.503 E.02595
G1 X119.259 Y114.258 E.02596
G1 X119.435 Y115.067 E.02596
G1 X119.439 Y115.894 E.02593
G1 X119.271 Y116.705 E.02597
G1 X118.938 Y117.462 E.02593
G1 X118.455 Y118.134 E.02595
G1 X118.179 Y118.386 E.01172
G1 E-3.5 F3600
;WIPE_START
G1 F7200
G1 X118.135 Y118.426 E-.02825
G1 X117.843 Y118.691 E-.1873
G1 X117.128 Y119.109 E-.3934
G1 X116.342 Y119.368 E-.3931
G1 X115.52 Y119.459 E-.39284
G1 X115.3 Y119.437 E-.10511
;WIPE_END
G1 X133.256 Y133.256 F9000
G1 E5 F2400
;TYPE:Perimeter
;WIDTH:0.439999
G1 X97.744 Y133.256 E1.17251
G1 X97.744 Y97.744 E1.17251
G1 X133.256 Y97.744 E1.17251
G1 X133.256 Y133.196 E1.17053
G1 X133.653 Y133.653 F9000
G1 F2400
G1 X97.347 Y133.653 E1.19872
G1 X97.347 Y97.347 E1.19872
G1 X133.653 Y97.347 E1.19872
G1 X133.653 Y133.593 E1.19674
G1 X134.04 Y134.04 F9000
;TYPE:External perimeter
;WIDTH:0.419999
G1 F1500
G1 X96.96 Y134.04 E1.16262
G1 X96.96 Y96.96 E1.16262
G1 X134.04 Y96.96 E1.16262
G1 X134.04 Y133.98 E1.16073
G1 E-3.5 F3600
;WIPE_START
G1 F7200
G1 X134.04 Y134.04 E-.0285
G1 X130.942 Y134.04 E-1.4715
;WIPE_END
G1 X98.082 Y132.842 F9000
G1 E5 F2400
;TYPE:Solid infill
;WIDTH:0.53634
G1 X98.039 Y132.886 E.00252
G1 X98.054 Y132.946 E.00254
G1 X98.114 Y132.962 E.00255
G1 X98.158 Y132.918 E.00255
G1 X98.142 Y132.858 E.00255
;WIDTH:0.439999
G1 X98.05 Y132.224 E.02115
G1 X98.776 Y132.95 E.0339
G1 X99.337 Y132.95 E.01852
G1 X98.05 Y131.663 E.06009
G1 X98.05 Y131.101 E.01856
G1 X99.899 Y132.95 E.08634
G1 X100.461 Y132.95 E.01856
G1 X98.05 Y130.539 E.11258
G1 X98.05 Y129.978 E.01852
G1 X101.022 Y132.95 E.13877
G1 X101.584 Y132.95 E.01856
G1 X98.05 Y129.416 E.16501
G1 X98.05 Y128.855 E.01852
G1 X102.145 Y132.95 E.19121
G1 X102.707 Y132.95 E.01856
G1 X98.05 Y128.293 E.21745
G1 X98.05 Y127.732 E.01852
G1 X103.268 Y132.95 E.24365
G1 X103.83 Y132.95 E.01856
G1 X98.05 Y127.17 E.26989
G1 X98.05 Y126.609 E.01852
G1 X104.391 Y132.95 E.29608
G1 X104.953 Y132.95 E.01856
G1 X98.05 Y126.047 E.32232
G1 X98.05 Y125.485 E.01856
G1 X105.515 Y132.95 E.34857
G1 X106.076 Y132.95 E.01852
G1 X98.05 Y124.924 E.37476
G1 X98.05 Y124.362 E.01856
G1 X106.638 Y132.95 E.401
G1 X107.199 Y132.95 E.01852
G1 X98.05 Y123.801 E.4272
G1 X98.05 Y123.239 E.01856
G1 X107.761 Y132.95 E.45344
G1 X108.322 Y132.95 E.01852
G1 X98.05 Y122.678 E.47964
G1 X98.05 Y122.116 E.01856
G1 X108.884 Y132.95 E.50588
G1 X109.445 Y132.95 E.01852
G1 X98.05 Y121.555 E.53207
G1 X98.05 Y120.993 E.01856
G1 X110.007 Y132.95 E.55831
G1 X110.569 Y132.95 E.01856
G1 X98.05 Y120.431 E.58456
G1 X98.05 Y119.87 E.01852
G1 X111.13 Y132.95 E.61075
G1 X111.692 Y132.95 E.01856
G1 X98.05 Y119.308 E.63699
G1 X98.05 Y118.747 E.01852
G1 X112.253 Y132.95 E.66319
G1 X112.815 Y132.95 E.01856
G1 X98.05 Y118.185 E.68943
G1 X98.05 Y117.624 E.01852
G1 X113.376 Y132.95 E.71562
G1 X113.938 Y132.95 E.01856
G1 X98.05 Y117.062 E.74187
G1 X98.05 Y116.501 E.01852
G1 X114.499 Y132.95 E.76806
G1 X115.061 Y132.95 E.01856
G1 X98.05 Y115.939 E.7943
G1 X98.05 Y115.377 E.01856
G1 X115.623 Y132.95 E.82054
G1 X116.184 Y132.95 E.01852
G1 X98.05 Y114.816 E.84674
G1 X98.05 Y114.254 E.01856
G1 X116.746 Y132.95 E.87298
G1 X117.307 Y132.95 E.01852
G1 X98.05 Y113.693 E.89918
G1 X98.05 Y113.131 E.01856
G1 X117.869 Y132.95 E.92542
G1 X118.43 Y132.95 E.01852
G1 X98.05 Y112.57 E.95161
G1 X98.05 Y112.008 E.01856
G1 X118.992 Y132.95 E.97785
G1 X119.553 Y132.95 E.01852
G1 X98.05 Y111.447 E1.00405
G1 X98.05 Y110.885 E.01856
G1 X120.115 Y132.95 E1.03029
G1 X120.677 Y132.95 E.01856
G1 X98.05 Y110.323 E1.05653
G1 X98.05 Y109.762 E.01852
G1 X121.238 Y132.95 E1.08273
G1 X121.8 Y132.95 E.01856
G1 X98.05 Y109.2 E1.10897
G1 X98.05 Y108.639 E.01852
G1 X122.361 Y132.95 E1.13516
G1 X122.923 Y132.95 E.01856
G1 X98.05 Y108.077 E1.16141
G1 X98.05 Y107.516 E.01852
G1 X123.484 Y132.95 E1.1876
G1 X124.046 Y132.95 E.01856
G1 X98.05 Y106.954 E1.21384
G1 X98.05 Y106.393 E.01852
G1 X124.607 Y132.95 E1.24004
G1 X125.169 Y132.95 E.01856
G1 X98.05 Y105.831 E1.26628
G1 X98.05 Y105.269 E.01856
G1 X125.731 Y132.95 E1.29252
G1 X125.886 Y132.993 E.00531
;WIDTH:0.41146
G1 X126.041 Y133.036 E.00493
;WIDTH:0.38292
G1 X126.052 Y133.077 E.0012
G1 X125.981 Y133.096 E.00208
G1 X126 Y133.025 E.00208
;WIDTH:0.439999
G1 X126.292 Y132.95 E.00995
G1 X113.461 Y120.119 E.59912
G1 X113.32 Y120.012 E.00584
;WIDTH:0.41146
G1 X113.18 Y119.905 E.0054
;WIDTH:0.38292
G1 X112.608 Y119.465 E.0204
G1 X114.012 Y120.223 F9000
G1 F2400
G1 X114.16 Y120.198 E.00424
;WIDTH:0.41146
G1 X114.226 Y120.294 E.00357
;WIDTH:0.439999
G1 X114.293 Y120.389 E.00384
G1 X126.854 Y132.95 E.58652
G1 X127.415 Y132.95 E.01852
G1 X114.959 Y120.494 E.58161
G1 X115.57 Y120.543 E.02024
G1 X127.977 Y132.95 E.57933
G1 X128.538 Y132.95 E.01852
G1 X116.078 Y120.49 E.5818
G1 X116.58 Y120.43 E.01669
G1 X129.1 Y132.95 E.5846
G1 X129.661 Y132.95 E.01852
G1 X117.004 Y120.293 E.591
G1 X117.428 Y120.155 E.01472
G1 X130.223 Y132.95 E.59744
G1 X130.785 Y132.95 E.01856
G1 X117.804 Y119.97 E.6061
G1 X118.16 Y119.764 E.01358
G1 X131.346 Y132.95 E.6157
G1 X131.908 Y132.95 E.01856
G1 X118.508 Y119.551 E.62567
G1 X118.803 Y119.284 E.01314
G1 X132.469 Y132.95 E.63811
G1 X133.081 Y133.081 E.02066
;WIDTH:0.38292
G1 X132.871 Y133.098 E.00596
;WIDTH:0.41146
G1 X132.911 Y132.984 E.0037
;WIDTH:0.439999
G1 X132.95 Y132.869 E.00401
G1 X119.098 Y119.017 E.6468
G1 X119.367 Y118.725 E.01311
G1 X132.95 Y132.308 E.63424
G1 X132.95 Y131.746 E.01856
G1 X119.603 Y118.399 E.62322
G1 X119.839 Y118.074 E.01326
G1 X132.95 Y131.185 E.6122
G1 X132.95 Y130.623 E.01856
G1 X120.021 Y117.694 E.6037
G1 X120.194 Y117.306 E.01403
G1 X132.95 Y130.062 E.59562
G1 X132.95 Y129.5 E.01856
G1 X120.34 Y116.89 E.5888
G1 X120.438 Y116.427 E.01563
G1 X132.95 Y128.939 E.58423
G1 X132.95 Y128.377 E.01856
G1 X120.523 Y115.95 E.58026
G1 X120.527 Y115.393 E.01839
G1 X132.95 Y127.815 E.58005
G1 X132.95 Y127.254 E.01852
G1 X120.492 Y114.796 E.58171
G1 X120.142 Y113.955 F9000
;WIDTH:0.38292
G1 F2400
G1 X120.155 Y113.804 E.00428
;WIDTH:0.41146
G1 X120.247 Y113.943 E.00511
;WIDTH:0.439999
G1 X120.34 Y114.083 E.00555
G1 X132.95 Y126.692 E.58878
G1 X133.15 Y126.253 E.01593
;WIDTH:0.38292
G1 X133.161 Y126.294 E.0012
G1 X133.09 Y126.313 E.00208
G1 X133.109 Y126.242 E.00208
;WIDTH:0.41146
G1 X133.029 Y126.186 E.00299
;WIDTH:0.439999
G1 X132.95 Y126.131 E.00318
G1 X119.94 Y113.12 E.60751
G1 E-3.5 F3600
;WIPE_START
G1 F7200
G1 X122.173 Y115.353 E-1.5
;WIPE_END
G1 X111.283 Y118.082 F9000
G1 E5 F2400
;WIDTH:0.38292
G1 X111.123 Y117.863 E.00767
;WIDTH:0.41146
G1 X111.024 Y117.723 E.00525
;WIDTH:0.439999
G1 X110.925 Y117.583 E.00566
G1 X98.05 Y104.708 E.60118
G1 X98.05 Y104.146 E.01856
G1 X110.621 Y116.718 E.58701
G1 X110.693 Y116.838 E.00462
;WIDTH:0.41146
G1 X110.764 Y116.958 E.00427
;WIDTH:0.38292
G1 X110.745 Y117.029 E.00208
G1 X110.817 Y117.01 E.00211
G1 X110.806 Y116.969 E.0012
G1 X110.483 Y116.018 F9000
;WIDTH:0.439999
G1 F2400
G1 X98.05 Y103.585 E.58054
G1 X98.05 Y103.023 E.01856
G1 X110.474 Y115.447 E.58012
G1 X110.492 Y114.903 E.01797
G1 X98.05 Y102.462 E.58094
G1 X98.05 Y101.9 E.01856
G1 X110.59 Y114.44 E.58554
G1 X110.689 Y113.977 E.01563
G1 X98.05 Y101.339 E.59014
G1 X98.05 Y100.777 E.01856
G1 X110.855 Y113.583 E.59793
G1 X111.029 Y113.194 E.01407
G1 X98.05 Y100.215 E.60603
G1 X98.05 Y99.654 E.01852
G1 X111.229 Y112.833 E.61537
G1 X111.465 Y112.507 E.01329
G1 X98.05 Y99.092 E.62639
G1 X98.05 Y98.531 E.01852
G1 X111.701 Y112.181 E.63739
G1 X111.987 Y111.906 E.0131
G1 X98.131 Y98.05 E.64698
G1 X98.025 Y97.985 E.00411
;WIDTH:0.41146
G1 X97.919 Y97.919 E.00383
;WIDTH:0.38292
G1 X97.902 Y98.129 E.00596
;WIDTH:0.439999
G1 X98.692 Y98.05 E.02621
G1 X112.282 Y111.639 E.63454
G1 X112.586 Y111.383 E.01312
G1 X99.254 Y98.05 E.62254
G1 X99.815 Y98.05 E.01852
G1 X112.942 Y111.177 E.61294
G1 X113.298 Y110.971 E.01358
G1 X100.377 Y98.05 E.60333
G1 X100.938 Y98.05 E.01852
G1 X113.694 Y110.806 E.59562
G1 X114.118 Y110.668 E.01472
G1 X101.5 Y98.05 E.58918
G1 X102.061 Y98.05 E.01852
G1 X114.56 Y110.548 E.5836
G1 X115.067 Y110.494 E.01683
G1 X102.623 Y98.05 E.58105
G1 X103.185 Y98.05 E.01856
G1 X115.597 Y110.462 E.57956
G1 X116.222 Y110.526 E.02074
G1 X103.746 Y98.05 E.58255
G1 X104.308 Y98.05 E.01856
G1 X116.947 Y110.689 E.59016
G1 X116.97 Y110.774 E.00291
;WIDTH:0.41146
G1 X116.993 Y110.86 E.00273
;WIDTH:0.38292
G1 X117.14 Y110.882 E.0042
G1 X117.227 Y110.861 E.00253
G1 E-3.5 F3600
;WIPE_START
G1 F7200
G1 X117.14 Y110.882 E-.04251
G1 X116.993 Y110.86 E-.0706
G1 X116.97 Y110.774 E-.04229
G1 X116.947 Y110.689 E-.04183
G1 X115.008 Y108.75 E-1.30277
;WIPE_END
G1 X119.722 Y112.84 F9000
G1 E5 F2400
G1 X119.25 Y112.283 E.02064
G1 X118.431 Y111.493 E.03217
G1 X118.193 Y111.308 E.00852
;WIDTH:0.41146
G1 X118.052 Y111.2 E.00544
;WIDTH:0.439999
G1 X117.912 Y111.093 E.00582
G1 X104.869 Y98.05 E.60902
G1 X105.431 Y98.05 E.01856
G1 X132.95 Y125.569 E1.28496
G1 X133.003 Y125.689 E.00433
;WIDTH:0.41146
G1 X133.055 Y125.809 E.00401
;WIDTH:0.38292
G1 X133.036 Y125.88 E.00208
G1 X133.107 Y125.861 E.00208
G1 X133.096 Y125.82 E.0012
G1 X132.95 Y125.008 F9000
;WIDTH:0.439999
G1 F2400
G1 X105.992 Y98.05 E1.25876
G1 X106.554 Y98.05 E.01856
G1 X132.95 Y124.446 E1.23252
G1 X132.95 Y123.885 E.01852
G1 X107.115 Y98.05 E1.20633
G1 X107.677 Y98.05 E.01856
G1 X132.95 Y123.323 E1.18008
G1 X132.95 Y122.761 E.01856
G1 X108.239 Y98.05 E1.15384
G1 X108.8 Y98.05 E.01852
G1 X132.95 Y122.2 E1.12765
G1 X132.95 Y121.638 E.01856
G1 X109.362 Y98.05 E1.10141
G1 X109.923 Y98.05 E.01852
G1 X132.95 Y121.077 E1.07521
G1 X132.95 Y120.515 E.01856
G1 X110.485 Y98.05 E1.04897
G1 X111.046 Y98.05 E.01852
G1 X132.95 Y119.954 E1.02277
G1 X132.95 Y119.392 E.01856
G1 X111.608 Y98.05 E.99653
G1 X112.169 Y98.05 E.01852
G1 X132.95 Y118.831 E.97034
G1 X132.95 Y118.269 E.01856
G1 X112.731 Y98.05 E.94409
G1 X113.293 Y98.05 E.01856
G1 X132.95 Y117.707 E.91785
G1 X132.95 Y117.146 E.01852
G1 X113.854 Y98.05 E.89166
G1 X114.416 Y98.05 E.01856
G1 X132.95 Y116.584 E.86542
G1 X132.95 Y116.023 E.01852
G1 X114.977 Y98.05 E.83922
G1 X115.539 Y98.05 E.01856
G1 X132.95 Y115.461 E.81298
G1 X132.95 Y114.9 E.01852
G1 X116.1 Y98.05 E.78678
G1 X116.662 Y98.05 E.01856
G1 X132.95 Y114.338 E.76054
G1 X132.95 Y113.777 E.01852
G1 X117.223 Y98.05 E.73435
G1 X117.785 Y98.05 E.01856
G1 X132.95 Y113.215 E.70811
G1 X132.95 Y112.653 E.01856
G1 X118.347 Y98.05 E.68186
G1 X118.908 Y98.05 E.01852
G1 X132.95 Y112.092 E.65567
G1 X132.95 Y111.53 E.01856
G1 X119.47 Y98.05 E.62943
G1 X120.031 Y98.05 E.01852
G1 X132.95 Y110.969 E.60323
G1 X132.95 Y110.407 E.01856
G1 X120.593 Y98.05 E.57699
G1 X121.154 Y98.05 E.01852
G1 X132.95 Y109.846 E.5508
G1 X132.95 Y109.284 E.01856
G1 X121.716 Y98.05 E.52455
G1 X122.277 Y98.05 E.01852
G1 X132.95 Y108.723 E.49836
G1 X132.95 Y108.161 E.01856
G1 X122.839 Y98.05 E.47212
G1 X123.401 Y98.05 E.01856
G1 X132.95 Y107.599 E.44588
G1 X132.95 Y107.038 E.01852
G1 X123.962 Y98.05 E.41968
G1 X124.524 Y98.05 E.01856
G1 X132.95 Y106.476 E.39344
G1 X132.95 Y105.915 E.01852
G1 X125.085 Y98.05 E.36724
G1 X125.647 Y98.05 E.01856
G1 X132.95 Y105.353 E.341
G1 X132.95 Y104.792 E.01852
G1 X126.208 Y98.05 E.31481
G1 X126.77 Y98.05 E.01856
G1 X132.95 Y104.23 E.28857
G1 X132.95 Y103.669 E.01852
G1 X127.331 Y98.05 E.26237
G1 X127.893 Y98.05 E.01856
G1 X132.95 Y103.107 E.23613
G1 X132.95 Y102.545 E.01856
G1 X128.455 Y98.05 E.20989
G1 X129.016 Y98.05 E.01852
G1 X132.95 Y101.984 E.18369
G1 X132.95 Y101.422 E.01856
G1 X129.578 Y98.05 E.15745
G1 X130.139 Y98.05 E.01852
G1 X132.95 Y100.861 E.13126
G1 X133.15 Y100.422 E.01593
;WIDTH:0.38292
G1 X133.161 Y100.463 E.0012
G1 X133.09 Y100.482 E.00208
G1 X133.109 Y100.411 E.00208
;WIDTH:0.41146
G1 X133.029 Y100.355 E.00299
;WIDTH:0.439999
G1 X132.95 Y100.299 E.0032
G1 X130.701 Y98.05 E.10501
G1 X132.95 Y98.05 E.07426
G1 X132.95 Y99.738 E.05573
G1 X131.403 Y98.19 E.07226
G1 X132.437 Y98.473 F9000
;WIDTH:0.634524
G1 F2400
G1 X132.384 Y98.525 E.00365
G1 X132.403 Y98.597 E.00366
G1 X132.475 Y98.616 E.00366
G1 X132.527 Y98.563 E.00365
G1 X132.508 Y98.492 E.00362
;LAYER_CHANGE
;Z:0.8
;HEIGHT:0.2
;BEFORE_LAYER_CHANGE
G92 E0
;0.8


G1 E-3.5 F3600
;WIPE_START
G1 F7200
G1 X132.527 Y98.563 E-.03491
G1 X132.475 Y98.616 E-.03527
G1 X132.403 Y98.597 E-.03537
G1 X132.384 Y98.525 E-.03537
G1 X132.437 Y98.473 E-.03527
;WIPE_END
G1 E-1.32381 F3600
G1 Z.8 F9000
;AFTER_LAYER_CHANGE
;0.8
G1 X118.676 Y112.014
G1 E5 F2400
;TYPE:Perimeter
;WIDTH:0.439999
G1 F1500
G1 X118.954 Y112.254 E.01213
G1 X119.553 Y113.043 E.03271
G1 X119.976 Y113.939 E.03271
G1 X120.202 Y114.904 E.03272
G1 X120.224 Y115.894 E.0327
G1 X120.038 Y116.868 E.03274
G1 X119.655 Y117.781 E.03269
G1 X119.09 Y118.595 E.03272
G1 X118.368 Y119.274 E.03272
G1 X117.52 Y119.788 E.03274
G1 X116.585 Y120.114 E.03269
G1 X115.602 Y120.239 E.03272
G1 X114.614 Y120.156 E.03274
G1 X113.665 Y119.871 E.03272
G1 X112.797 Y119.394 E.0327
G1 X112.046 Y118.746 E.03275
G1 X111.447 Y117.957 E.03271
G1 X111.024 Y117.061 E.03271
G1 X110.798 Y116.096 E.03272
G1 X110.78 Y115.077 E.03365
G1 X110.962 Y114.131 E.03181
G1 X111.345 Y113.219 E.03266
G1 X111.91 Y112.405 E.03272
G1 X112.632 Y111.726 E.03272
G1 X113.48 Y111.212 E.03274
G1 X114.415 Y110.886 E.03269
G1 X115.372 Y110.763 E.03186
G1 X116.381 Y110.843 E.03342
G1 X117.335 Y111.129 E.03288
G1 X118.203 Y111.606 E.0327
G1 X118.63 Y111.975 E.01863
G1 X118.391 Y112.289 F9000
G1 F1500
G1 X118.688 Y112.549 E.01303
G1 X119.232 Y113.276 E.02998
G1 X119.613 Y114.1 E.02997
G1 X119.814 Y114.986 E.03
G1 X119.826 Y115.894 E.02998
G1 X119.65 Y116.785 E.02999
G1 X119.292 Y117.62 E.03
G1 X118.768 Y118.362 E.02999
G1 X118.102 Y118.979 E.02998
G1 X117.322 Y119.444 E.02998
G1 X116.462 Y119.737 E.03
G1 X115.56 Y119.844 E.02999
G1 X114.656 Y119.762 E.02997
G1 X113.788 Y119.493 E.03
G1 X112.995 Y119.05 E.02999
G1 X112.312 Y118.451 E.02999
G1 X111.768 Y117.724 E.02998
G1 X111.387 Y116.9 E.02997
G1 X111.186 Y116.014 E.03
G1 X111.177 Y115.079 E.03087
G1 X111.35 Y114.214 E.02913
G1 X111.708 Y113.38 E.02997
G1 X112.232 Y112.638 E.02999
G1 X112.898 Y112.021 E.02998
G1 X113.678 Y111.556 E.02998
G1 X114.538 Y111.263 E.03
G1 X115.414 Y111.157 E.02913
G1 X116.342 Y111.238 E.03076
G1 X117.212 Y111.507 E.03007
G1 X118.005 Y111.95 E.02999
G1 X118.346 Y112.249 E.01497
G1 X118.135 Y112.574 F9000
;TYPE:External perimeter
;WIDTH:0.419999
G1 F1500
G1 X118.429 Y112.836 E.01235
G1 X118.919 Y113.503 E.02595
G1 X119.259 Y114.258 E.02596
G1 X119.435 Y115.067 E.02596
G1 X119.439 Y115.894 E.02593
G1 X119.271 Y116.705 E.02597
G1 X118.938 Y117.462 E.02593
G1 X118.455 Y118.134 E.02595
G1 X117.843 Y118.691 E.02595
G1 X117.128 Y119.109 E.02597
G1 X116.342 Y119.368 E.02595
G1 X115.52 Y119.459 E.02593
G1 X114.696 Y119.377 E.02596
G1 X113.908 Y119.125 E.02594
G1 X113.189 Y118.714 E.02597
G1 X112.571 Y118.164 E.02594
G1 X112.081 Y117.497 E.02595
G1 X111.741 Y116.742 E.02596
G1 X111.565 Y115.933 E.02596
G1 X111.564 Y115.081 E.02671
G1 X111.729 Y114.295 E.02518
G1 X112.062 Y113.538 E.02593
G1 X112.545 Y112.866 E.02595
G1 X113.157 Y112.309 E.02595
G1 X113.872 Y111.891 E.02597
G1 X114.658 Y111.632 E.02595
G1 X115.456 Y111.542 E.02518
G1 X116.303 Y111.623 E.02668
G1 X117.092 Y111.875 E.02597
G1 X117.811 Y112.286 E.02597
G1 X118.09 Y112.534 E.0117
G1 E-3.5 F3600
;WIPE_START
G1 F7200
G1 X118.135 Y112.574 E-.0286
G1 X118.429 Y112.836 E-.18706
G1 X118.919 Y113.503 E-.39313
G1 X119.259 Y114.258 E-.39331
G1 X119.435 Y115.067 E-.39326
G1 X119.436 Y115.287 E-.10464
;WIPE_END
G1 X133.256 Y97.744 F9000
G1 E5 F2400
;TYPE:Perimeter
;WIDTH:0.439999
G1 X133.256 Y133.256 E1.17251
G1 X97.744 Y133.256 E1.17251
G1 X97.744 Y97.744 E1.17251
G1 X133.196 Y97.744 E1.17053
G1 X133.653 Y97.347 F9000
G1 F2400
G1 X133.653 Y133.653 E1.19872
G1 X97.347 Y133.653 E1.19872
G1 X97.347 Y97.347 E1.19872
G1 X133.593 Y97.347 E1.19674
G1 X134.04 Y96.96 F9000
;TYPE:External perimeter
;WIDTH:0.419999
G1 F1500
G1 X134.04 Y134.04 E1.16262
G1 X96.96 Y134.04 E1.16262
G1 X96.96 Y96.96 E1.16262
G1 X133.98 Y96.96 E1.16073
G1 E-3.5 F3600
;WIPE_START
G1 F7200
G1 X134.04 Y96.96 E-.0285
G1 X134.04 Y100.058 E-1.4715
;WIPE_END
G1 X129.361 Y98.05 F9000
G1 E5 F2400
;TYPE:Internal infill
;WIDTH:0.44
G1 F3000
G1 X131.743 Y98.05 E.07865
G1 X132.95 Y99.257 E.05636
G1 X132.95 Y98.05 E.03985
G1 X119.06 Y111.94 E.64857
G1 X118.47 Y111.415 E.02608
G1 X117.556 Y110.887 E.03485
G1 X116.548 Y110.559 E.035
G1 X116.133 Y110.518 E.01377
G1 X103.665 Y98.05 E.58217
G1 X104.872 Y98.05 E.03985
G1 X98.05 Y104.872 E.31854
G1 X98.05 Y103.665 E.03985
G1 X110.489 Y116.104 E.58082
G1 X110.493 Y114.892 E.04002
G1 X98.05 Y127.335 E.58101
G1 X98.05 Y126.128 E.03985
G1 X104.872 Y132.95 E.31854
G1 X103.665 Y132.95 E.03985
G1 X116.131 Y120.484 E.58208
G1 X115.5 Y120.551 E.02095
G1 X114.869 Y120.484 E.02095
G1 X127.335 Y132.95 E.58208
G1 X126.128 Y132.95 E.03985
G1 X132.95 Y126.128 E.31854
G1 X132.95 Y127.335 E.03985
G1 X120.507 Y114.892 E.58101
G1 X120.505 Y116.11 E.04022
G1 X132.95 Y103.665 E.5811
G1 X132.95 Y104.872 E.03985
G1 X126.128 Y98.05 E.31854
G1 X127.335 Y98.05 E.03985
G1 X114.869 Y110.515 E.58206
G1 X114.448 Y110.56 E.01398
G1 X113.444 Y110.887 E.03486
G1 X112.53 Y111.415 E.03485
G1 X111.944 Y111.944 E.02607
G1 X98.05 Y98.05 E.64876
G1 X99.257 Y98.05 E.03985
G1 X98.05 Y99.257 E.05636
G1 X98.05 Y101.639 E.07865
G1 E-3.5 F3600
;WIPE_START
G1 F7200
G1 X98.05 Y99.257 E-1.13145
G1 X98.599 Y98.708 E-.36855
;WIPE_END
G1 X110.701 Y117.052 F9000
G1 E5 F2400
G1 F3000
G1 X111.127 Y118.027 E.03513
G1 X111.666 Y118.779 E.03055
G1 X111.94 Y119.06 E.01296
G1 X98.05 Y132.95 E.64857
G1 X98.05 Y131.743 E.03985
G1 X99.257 Y132.95 E.05636
G1 X101.639 Y132.95 E.07865
G1 E-3.5 F3600
;WIPE_START
G1 F7200
G1 X99.257 Y132.95 E-1.13145
G1 X98.708 Y132.401 E-.36855
;WIPE_END
G1 X106.899 Y132.95 F9000
G1 E5 F2400
G1 F3000
G1 X109.281 Y132.95 E.07865
G1 X132.95 Y109.281 E1.10519
G1 X132.95 Y110.488 E.03985
G1 X120.512 Y98.05 E.58077
G1 X121.719 Y98.05 E.03985
G1 X98.05 Y121.719 E1.10519
G1 X98.05 Y120.512 E.03985
G1 X110.488 Y132.95 E.58077
G1 X114.897 Y132.95 E.14557
G1 X132.95 Y114.897 E.84296
G1 X132.95 Y116.103 E.03982
G1 X114.897 Y98.05 E.84296
G1 X116.103 Y98.05 E.03982
G1 X98.05 Y116.103 E.84296
G1 X98.05 Y114.897 E.03982
G1 X116.103 Y132.95 E.84296
G1 X120.512 Y132.95 E.14557
G1 X132.95 Y120.512 E.58077
G1 X132.95 Y121.719 E.03985
G1 X109.281 Y98.05 E1.10519
G1 X110.488 Y98.05 E.03985
G1 X98.05 Y110.488 E.58077
G1 X98.05 Y109.281 E.03985
G1 X121.719 Y132.95 E1.10519
G1 X124.101 Y132.95 E.07865
G1 E-3.5 F3600
;WIPE_START
G1 F7200
G1 X121.719 Y132.95 E-1.13145
G1 X121.17 Y132.401 E-.36855
;WIPE_END
G1 X132.95 Y129.361 F9000
G1 E5 F2400
G1 F3000
G1 X132.95 Y131.743 E.07865
G1 X131.743 Y132.95 E.05636
G1 X132.95 Y132.95 E.03985
G1 X119.056 Y119.056 E.64876
G1 X119.264 Y118.867 E.00928
G1 X119.873 Y118.027 E.03426
G1 X120.304 Y117.055 E.03511
;LAYER_CHANGE
;Z:1
;HEIGHT:0.2
;BEFORE_LAYER_CHANGE
G92 E0
;1


G1 E-3.5 F3600
;WIPE_START
G1 F7200
G1 X119.873 Y118.027 E-.50505
G1 X119.264 Y118.867 E-.49283
G1 X119.056 Y119.056 E-.1335
G1 X119.605 Y119.605 E-.36862
;WIPE_END
G1 Z1 F9000
;AFTER_LAYER_CHANGE
;1
G1 X119.999 Y116.962
G1 E5 F2400
;TYPE:Perimeter
;WIDTH:0.439999
G1 F1500
G1 X119.655 Y117.781 E.02933
G1 X119.09 Y118.595 E.03272
G1 X118.368 Y119.274 E.03272
G1 X117.52 Y119.788 E.03274
G1 X116.585 Y120.114 E.03269
G1 X115.602 Y120.239 E.03272
G1 X114.614 Y120.156 E.03274
G1 X113.665 Y119.871 E.03272
G1 X112.797 Y119.394 E.0327
G1 X112.046 Y118.746 E.03275
G1 X111.447 Y117.957 E.03271
G1 X111.024 Y117.061 E.03271
G1 X110.798 Y116.096 E.03272
G1 X110.781 Y115.069 E.03391
G1 X110.962 Y114.13 E.03157
G1 X111.345 Y113.219 E.03263
G1 X111.91 Y112.405 E.03272
G1 X112.632 Y111.726 E.03272
G1 X113.48 Y111.212 E.03274
G1 X114.415 Y110.886 E.03269
G1 X115.365 Y110.763 E.03163
G1 X116.38 Y110.843 E.03362
G1 X117.335 Y111.129 E.03292
G1 X118.203 Y111.606 E.0327
G1 X118.954 Y112.254 E.03275
G1 X119.553 Y113.043 E.03271
G1 X119.976 Y113.939 E.03271
G1 X120.202 Y114.904 E.03272
G1 X120.224 Y115.894 E.0327
G1 X120.038 Y116.868 E.03274
G1 X120.022 Y116.907 E.00139
G1 X119.626 Y116.841 F9000
G1 F1500
G1 X119.292 Y117.62 E.02798
G1 X118.768 Y118.362 E.02999
G1 X118.102 Y118.979 E.02998
G1 X117.322 Y119.444 E.02998
G1 X116.462 Y119.737 E.03
G1 X115.56 Y119.844 E.02999
G1 X114.656 Y119.762 E.02997
G1 X113.788 Y119.493 E.03
G1 X112.995 Y119.05 E.02999
G1 X112.312 Y118.451 E.02999
G1 X111.768 Y117.724 E.02998
G1 X111.387 Y116.9 E.02997
G1 X111.186 Y116.014 E.03
G1 X111.178 Y115.071 E.03114
G1 X111.35 Y114.214 E.02886
G1 X111.708 Y113.38 E.02997
G1 X112.232 Y112.638 E.02999
G1 X112.898 Y112.021 E.02998
G1 X113.678 Y111.556 E.02998
G1 X114.538 Y111.263 E.03
G1 X115.407 Y111.158 E.0289
G1 X116.341 Y111.238 E.03095
G1 X117.212 Y111.507 E.0301
G1 X118.005 Y111.95 E.02999
G1 X118.688 Y112.549 E.02999
G1 X119.232 Y113.276 E.02998
G1 X119.613 Y114.1 E.02997
G1 X119.814 Y114.986 E.03
G1 X119.826 Y115.894 E.02998
G1 X119.65 Y116.785 E.02999
G1 X119.263 Y116.723 F9000
;TYPE:External perimeter
;WIDTH:0.419999
G1 F1500
G1 X118.938 Y117.462 E.02531
G1 X118.455 Y118.134 E.02595
G1 X117.843 Y118.691 E.02595
G1 X117.128 Y119.109 E.02597
G1 X116.342 Y119.368 E.02595
G1 X115.52 Y119.459 E.02593
G1 X114.696 Y119.377 E.02596
G1 X113.908 Y119.125 E.02594
G1 X113.189 Y118.714 E.02597
G1 X112.571 Y118.164 E.02594
G1 X112.081 Y117.497 E.02595
G1 X111.741 Y116.742 E.02596
G1 X111.565 Y115.933 E.02596
G1 X111.566 Y115.074 E.02693
G1 X111.729 Y114.295 E.02495
G1 X112.062 Y113.538 E.02593
G1 X112.545 Y112.866 E.02595
G1 X113.157 Y112.309 E.02595
G1 X113.872 Y111.891 E.02597
G1 X114.658 Y111.632 E.02595
G1 X115.448 Y111.543 E.02493
G1 X116.303 Y111.623 E.02692
G1 X117.092 Y111.875 E.02597
G1 X117.811 Y112.286 E.02597
G1 X118.429 Y112.836 E.02594
G1 X118.919 Y113.503 E.02595
G1 X119.259 Y114.258 E.02596
G1 X119.435 Y115.067 E.02596
G1 X119.439 Y115.894 E.02593
G1 X119.279 Y116.665 E.02469
G1 E-3.5 F3600
;WIPE_START
G1 F7200
G1 X119.263 Y116.723 E-.02858
G1 X118.938 Y117.462 E-.38347
G1 X118.455 Y118.134 E-.3931
G1 X117.843 Y118.691 E-.39307
G1 X117.295 Y119.011 E-.30178
;WIPE_END
G1 X133.256 Y133.256 F9000
G1 E5 F2400
;TYPE:Perimeter
;WIDTH:0.439999
G1 X97.744 Y133.256 E1.17251
G1 X97.744 Y97.744 E1.17251
G1 X133.256 Y97.744 E1.17251
G1 X133.256 Y133.196 E1.17053
G1 X133.653 Y133.653 F9000
G1 F2400
G1 X97.347 Y133.653 E1.19872
G1 X97.347 Y97.347 E1.19872
G1 X133.653 Y97.347 E1.19872
G1 X133.653 Y133.593 E1.19674
G1 X134.04 Y134.04 F9000
;TYPE:External perimeter
;WIDTH:0.419999
G1 F1500
G1 X96.96 Y134.04 E1.16262
G1 X96.96 Y96.96 E1.16262
G1 X134.04 Y96.96 E1.16262
G1 X134.04 Y133.98 E1.16073
G1 E-3.5 F3600
;WIPE_START
G1 F7200
G1 X134.04 Y134.04 E-.0285
G1 X130.942 Y134.04 E-1.4715
;WIPE_END
G1 X132.95 Y129.361 F9000
G1 E5 F2400
;TYPE:Internal infill
;WIDTH:0.44
G1 F3000
G1 X132.95 Y131.743 E.07865
G1 X131.743 Y132.95 E.05636
G1 X132.95 Y132.95 E.03985
G1 X119.056 Y119.056 E.64876
G1 X119.264 Y118.867 E.00928
G1 X119.873 Y118.027 E.03426
G1 X120.304 Y117.055 E.03511
G1 E-3.5 F3600
;WIPE_START
G1 F7200
G1 X119.873 Y118.027 E-.50505
G1 X119.264 Y118.867 E-.49283
G1 X119.056 Y119.056 E-.1335
G1 X119.605 Y119.605 E-.36862
;WIPE_END
G1 X110.695 Y117.054 F9000
G1 E5 F2400
G1 F3000
G1 X111.196 Y118.133 E.03928
G1 X111.666 Y118.78 E.0264
G1 X111.94 Y119.06 E.01293
G1 X98.05 Y132.95 E.64857
G1 X98.05 Y131.743 E.03985
G1 X99.257 Y132.95 E.05636
G1 X101.639 Y132.95 E.07865
G1 E-3.5 F3600
;WIPE_START
G1 F7200
G1 X99.257 Y132.95 E-1.13145
G1 X98.708 Y132.401 E-.36855
;WIPE_END
G1 X106.899 Y132.95 F9000
G1 E5 F2400
G1 F3000
G1 X109.281 Y132.95 E.07865
G1 X132.95 Y109.281 E1.10519
G1 X132.95 Y110.488 E.03985
G1 X120.512 Y98.05 E.58077
G1 X121.719 Y98.05 E.03985
G1 X98.05 Y121.719 E1.10519
G1 X98.05 Y120.512 E.03985
G1 X110.488 Y132.95 E.58077
G1 X114.897 Y132.95 E.14557
G1 X132.95 Y114.897 E.84296
G1 X132.95 Y116.103 E.03982
G1 X114.897 Y98.05 E.84296
G1 X116.103 Y98.05 E.03982
G1 X98.05 Y116.103 E.84296
G1 X98.05 Y114.897 E.03982
G1 X116.103 Y132.95 E.84296
G1 X120.512 Y132.95 E.14557
G1 X132.95 Y120.512 E.58077
G1 X132.95 Y121.719 E.03985
G1 X109.281 Y98.05 E1.10519
G1 X110.488 Y98.05 E.03985
G1 X98.05 Y110.488 E.58077
G1 X98.05 Y109.281 E.03985
G1 X121.719 Y132.95 E1.10519
G1 X124.101 Y132.95 E.07865
G1 E-3.5 F3600
;WIPE_START
G1 F7200
G1 X121.719 Y132.95 E-1.13145
G1 X121.17 Y132.401 E-.36855
;WIPE_END
G1 X129.361 Y98.05 F9000
G1 E5 F2400
G1 F3000
G1 X131.743 Y98.05 E.07865
G1 X132.95 Y99.257 E.05636
G1 X132.95 Y98.05 E.03985
G1 X119.06 Y111.94 E.64857
G1 X118.47 Y111.415 E.02608
G1 X117.556 Y110.887 E.03485
G1 X116.547 Y110.559 E.03503
G1 X116.134 Y110.518 E.0137
G1 X103.665 Y98.05 E.5822
G1 X104.872 Y98.05 E.03985
G1 X98.05 Y104.872 E.31854
G1 X98.05 Y103.665 E.03985
G1 X110.493 Y116.108 E.58101
G1 X110.492 Y114.893 E.04012
G1 X98.05 Y127.335 E.58096
G1 X98.05 Y126.128 E.03985
G1 X104.872 Y132.95 E.31854
G1 X103.665 Y132.95 E.03985
G1 X116.131 Y120.484 E.58208
G1 X115.5 Y120.551 E.02095
G1 X114.869 Y120.484 E.02095
G1 X127.335 Y132.95 E.58208
G1 X126.128 Y132.95 E.03985
G1 X132.95 Y126.128 E.31854
G1 X132.95 Y127.335 E.03985
G1 X120.511 Y114.896 E.58082
G1 X120.505 Y116.11 E.04008
G1 X132.95 Y103.665 E.5811
G1 X132.95 Y104.872 E.03985
G1 X126.128 Y98.05 E.31854
G1 X127.335 Y98.05 E.03985
G1 X114.869 Y110.515 E.58206
G1 X114.448 Y110.56 E.01398
G1 X113.444 Y110.887 E.03486
G1 X112.53 Y111.415 E.03485
G1 X111.944 Y111.944 E.02607
G1 X98.05 Y98.05 E.64876
G1 X98.05 Y99.257 E.03985
G1 X99.257 Y98.05 E.05636
G1 X101.639 Y98.05 E.07865
;LAYER_CHANGE
;Z:1.2
;HEIGHT:0.2
;BEFORE_LAYER_CHANGE
G92 E0
;1.2


G1 E-3.5 F3600
;WIPE_START
G1 F7200
G1 X99.257 Y98.05 E-1.13145
G1 X98.708 Y98.599 E-.36855
;WIPE_END
G1 Z1.2 F9000
;AFTER_LAYER_CHANGE
;1.2
G1 X112.72 Y111.673
G1 E5 F2400
;TYPE:Perimeter
;WIDTH:0.439999
G1 F1500
G1 X113.48 Y111.212 E.02935
G1 X114.415 Y110.886 E.03269
G1 X115.357 Y110.763 E.03137
G1 X116.379 Y110.843 E.03385
G1 X117.335 Y111.129 E.03295
G1 X118.203 Y111.606 E.0327
G1 X118.954 Y112.254 E.03275
G1 X119.553 Y113.043 E.03271
G1 X119.976 Y113.939 E.03271
G1 X120.202 Y114.904 E.03272
G1 X120.224 Y115.894 E.0327
G1 X120.038 Y116.868 E.03274
G1 X119.655 Y117.781 E.03269
G1 X119.09 Y118.595 E.03272
G1 X118.368 Y119.274 E.03272
G1 X117.52 Y119.788 E.03274
G1 X116.585 Y120.114 E.03269
G1 X115.602 Y120.239 E.03272
G1 X114.614 Y120.156 E.03274
G1 X113.665 Y119.871 E.03272
G1 X112.797 Y119.394 E.0327
G1 X112.046 Y118.746 E.03275
G1 X111.447 Y117.957 E.03271
G1 X111.024 Y117.061 E.03271
G1 X110.798 Y116.096 E.03272
G1 X110.776 Y115.106 E.0327
G1 X110.977 Y114.089 E.03423
G1 X111.346 Y113.216 E.03129
G1 X111.91 Y112.405 E.03262
G1 X112.632 Y111.726 E.03272
G1 X112.668 Y111.704 E.00139
G1 X112.95 Y111.99 F9000
G1 F1500
G1 X113.678 Y111.556 E.02798
G1 X114.538 Y111.263 E.03
G1 X115.4 Y111.158 E.02867
G1 X116.34 Y111.238 E.03115
G1 X117.212 Y111.507 E.03013
G1 X118.005 Y111.95 E.02999
G1 X118.688 Y112.549 E.02999
G1 X119.232 Y113.276 E.02998
G1 X119.613 Y114.1 E.02997
G1 X119.814 Y114.986 E.03
G1 X119.826 Y115.894 E.02998
G1 X119.65 Y116.785 E.02999
G1 X119.292 Y117.62 E.03
G1 X118.768 Y118.362 E.02999
G1 X118.102 Y118.979 E.02998
G1 X117.322 Y119.444 E.02998
G1 X116.462 Y119.737 E.03
G1 X115.56 Y119.844 E.02999
G1 X114.656 Y119.762 E.02997
G1 X113.788 Y119.493 E.03
G1 X112.995 Y119.05 E.02999
G1 X112.312 Y118.451 E.02999
G1 X111.768 Y117.724 E.02998
G1 X111.387 Y116.899 E.03
G1 X111.186 Y116.014 E.02996
G1 X111.174 Y115.106 E.02998
G1 X111.365 Y114.175 E.03138
G1 X111.709 Y113.379 E.02863
G1 X112.232 Y112.638 E.02995
G1 X112.898 Y112.021 E.02998
G1 X113.174 Y112.299 F9000
;TYPE:External perimeter
;WIDTH:0.419999
G1 F1500
G1 X113.872 Y111.891 E.02535
G1 X114.658 Y111.632 E.02595
G1 X115.441 Y111.543 E.02471
G1 X116.302 Y111.623 E.02711
G1 X117.092 Y111.875 E.026
G1 X117.811 Y112.286 E.02597
G1 X118.429 Y112.836 E.02594
G1 X118.919 Y113.503 E.02595
G1 X119.259 Y114.258 E.02596
G1 X119.435 Y115.067 E.02596
G1 X119.439 Y115.894 E.02593
G1 X119.271 Y116.705 E.02597
G1 X118.938 Y117.462 E.02593
G1 X118.455 Y118.134 E.02595
G1 X117.843 Y118.691 E.02595
G1 X117.128 Y119.109 E.02597
G1 X116.342 Y119.368 E.02595
G1 X115.52 Y119.459 E.02593
G1 X114.696 Y119.377 E.02596
G1 X113.908 Y119.125 E.02594
G1 X113.189 Y118.714 E.02597
G1 X112.571 Y118.164 E.02594
G1 X112.081 Y117.497 E.02595
G1 X111.741 Y116.742 E.02596
G1 X111.565 Y115.933 E.02596
G1 X111.561 Y115.106 E.02593
G1 X111.743 Y114.258 E.02719
G1 X112.062 Y113.537 E.02472
G1 X112.545 Y112.866 E.02592
G1 X113.127 Y112.336 E.02468
G1 E-3.5 F3600
;WIPE_START
G1 F7200
G1 X113.174 Y112.299 E-.02841
G1 X113.872 Y111.891 E-.38404
G1 X114.658 Y111.632 E-.3931
G1 X115.441 Y111.543 E-.37432
G1 X116.112 Y111.606 E-.32013
;WIPE_END
G1 X97.744 Y97.744 F9000
G1 E5 F2400
;TYPE:Perimeter
;WIDTH:0.439999
G1 X133.256 Y97.744 E1.17251
G1 X133.256 Y133.256 E1.17251
G1 X97.744 Y133.256 E1.17251
G1 X97.744 Y97.804 E1.17053
G1 X97.347 Y97.347 F9000
G1 F2400
G1 X133.653 Y97.347 E1.19872
G1 X133.653 Y133.653 E1.19872
G1 X97.347 Y133.653 E1.19872
G1 X97.347 Y97.407 E1.19674
G1 X96.96 Y96.96 F9000
;TYPE:External perimeter
;WIDTH:0.419999
G1 F1500
G1 X134.04 Y96.96 E1.16262
G1 X134.04 Y134.04 E1.16262
G1 X96.96 Y134.04 E1.16262
G1 X96.96 Y97.02 E1.16073
G1 E-3.5 F3600
;WIPE_START
G1 F7200
G1 X96.96 Y96.96 E-.0285
G1 X100.058 Y96.96 E-1.4715
;WIPE_END
G1 X101.639 Y98.05 F9000
G1 E5 F2400
;TYPE:Internal infill
;WIDTH:0.44
G1 F3000
G1 X99.257 Y98.05 E.07865
G1 X98.05 Y99.257 E.05636
G1 X98.05 Y98.05 E.03985
G1 X111.944 Y111.944 E.64876
G1 X112.53 Y111.415 E.02607
G1 X113.444 Y110.887 E.03485
G1 X114.448 Y110.56 E.03486
G1 X114.87 Y110.515 E.01401
G1 X127.335 Y98.05 E.58203
G1 X126.128 Y98.05 E.03985
G1 X132.95 Y104.872 E.31854
G1 X132.95 Y103.665 E.03985
G1 X120.505 Y116.11 E.5811
G1 X120.507 Y114.892 E.04022
G1 X132.95 Y127.335 E.58101
G1 X132.95 Y126.128 E.03985
G1 X126.128 Y132.95 E.31854
G1 X127.335 Y132.95 E.03985
G1 X114.869 Y120.484 E.58208
G1 X115.5 Y120.551 E.02095
G1 X116.131 Y120.484 E.02095
G1 X103.665 Y132.95 E.58208
G1 X104.872 Y132.95 E.03985
G1 X98.05 Y126.128 E.31854
G1 X98.05 Y127.335 E.03985
G1 X110.495 Y114.89 E.5811
G1 X110.493 Y116.108 E.04022
G1 X98.05 Y103.665 E.58101
G1 X98.05 Y104.872 E.03985
G1 X104.872 Y98.05 E.31854
G1 X103.665 Y98.05 E.03985
G1 X116.134 Y110.518 E.5822
G1 X116.546 Y110.559 E.01367
G1 X117.556 Y110.887 E.03506
G1 X118.47 Y111.415 E.03485
G1 X119.06 Y111.94 E.02608
G1 X132.95 Y98.05 E.64857
G1 X132.95 Y99.257 E.03985
G1 X131.743 Y98.05 E.05636
G1 X129.361 Y98.05 E.07865
G1 E-3.5 F3600
;WIPE_START
G1 F7200
G1 X131.743 Y98.05 E-1.13145
G1 X132.292 Y98.599 E-.36855
;WIPE_END
G1 X120.304 Y117.055 F9000
G1 E5 F2400
G1 F3000
G1 X119.873 Y118.027 E.03511
G1 X119.264 Y118.867 E.03426
G1 X119.056 Y119.056 E.00928
G1 X132.95 Y132.95 E.64876
G1 X131.743 Y132.95 E.03985
G1 X132.95 Y131.743 E.05636
G1 X132.95 Y129.361 E.07865
G1 E-3.5 F3600
;WIPE_START
G1 F7200
G1 X132.95 Y131.743 E-1.13145
G1 X132.401 Y132.292 E-.36855
;WIPE_END
G1 X124.101 Y132.95 F9000
G1 E5 F2400
G1 F3000
G1 X121.719 Y132.95 E.07865
G1 X98.05 Y109.281 E1.10519
G1 X98.05 Y110.488 E.03985
G1 X110.488 Y98.05 E.58077
G1 X109.281 Y98.05 E.03985
G1 X132.95 Y121.719 E1.10519
G1 X132.95 Y120.512 E.03985
G1 X120.512 Y132.95 E.58077
G1 X116.103 Y132.95 E.14557
G1 X98.05 Y114.897 E.84296
G1 X98.05 Y116.103 E.03982
G1 X116.103 Y98.05 E.84296
G1 X114.897 Y98.05 E.03982
G1 X132.95 Y116.103 E.84296
G1 X132.95 Y114.897 E.03982
G1 X114.897 Y132.95 E.84296
G1 X110.488 Y132.95 E.14557
G1 X98.05 Y120.512 E.58077
G1 X98.05 Y121.719 E.03985
G1 X121.719 Y98.05 E1.10519
G1 X120.512 Y98.05 E.03985
G1 X132.95 Y110.488 E.58077
G1 X132.95 Y109.281 E.03985
G1 X109.281 Y132.95 E1.10519
G1 X106.899 Y132.95 E.07865
G1 E-3.5 F3600
;WIPE_START
G1 F7200
G1 X109.281 Y132.95 E-1.13145
G1 X109.83 Y132.401 E-.36855
;WIPE_END
G1 X101.639 Y132.95 F9000
G1 E5 F2400
G1 F3000
G1 X99.257 Y132.95 E.07865
G1 X98.05 Y131.743 E.05636
G1 X98.05 Y132.95 E.03985
G1 X111.94 Y119.06 E.64857
G1 X111.666 Y118.78 E.01293
G1 X111.196 Y118.133 E.0264
G1 X110.695 Y117.054 E.03928
;LAYER_CHANGE
;Z:1.4
;HEIGHT:0.2
;BEFORE_LAYER_CHANGE
G92 E0
;1.4


G1 E-3.5 F3600
;WIPE_START
G1 F7200
G1 X111.196 Y118.133 E-.56508
G1 X111.666 Y118.78 E-.37985
G1 X111.94 Y119.06 E-.18609
G1 X111.391 Y119.609 E-.36898
;WIPE_END
G1 Z1.4 F9000
;AFTER_LAYER_CHANGE
;1.4
G1 X111.001 Y116.961
G1 E5 F2400
;TYPE:Perimeter
;WIDTH:0.439999
G1 F1500
G1 X110.798 Y116.096 E.02934
G1 X110.784 Y115.053 E.03444
G1 X110.962 Y114.129 E.03107
G1 X111.345 Y113.219 E.0326
G1 X111.91 Y112.405 E.03272
G1 X112.632 Y111.726 E.03272
G1 X113.48 Y111.212 E.03274
G1 X114.415 Y110.886 E.03269
G1 X115.35 Y110.764 E.03113
G1 X116.378 Y110.843 E.03404
G1 X117.335 Y111.129 E.03298
G1 X118.203 Y111.606 E.0327
G1 X118.954 Y112.254 E.03275
G1 X119.553 Y113.043 E.03271
G1 X119.976 Y113.939 E.03271
G1 X120.202 Y114.904 E.03272
G1 X120.224 Y115.894 E.0327
G1 X120.038 Y116.868 E.03274
G1 X119.655 Y117.781 E.03269
G1 X119.09 Y118.595 E.03272
G1 X118.368 Y119.274 E.03272
G1 X117.52 Y119.788 E.03274
G1 X116.585 Y120.114 E.03269
G1 X115.602 Y120.239 E.03272
G1 X114.614 Y120.156 E.03274
G1 X113.665 Y119.871 E.03272
G1 X112.797 Y119.394 E.0327
G1 X112.046 Y118.746 E.03275
G1 X111.447 Y117.957 E.03271
G1 X111.024 Y117.061 E.03271
G1 X111.015 Y117.02 E.00139
G1 X111.374 Y116.84 F9000
G1 F1500
G1 X111.186 Y116.014 E.02797
G1 X111.181 Y115.056 E.03163
G1 X111.35 Y114.213 E.02839
G1 X111.708 Y113.38 E.02994
G1 X112.232 Y112.638 E.02999
G1 X112.898 Y112.021 E.02998
G1 X113.678 Y111.556 E.02998
G1 X114.538 Y111.263 E.03
G1 X115.393 Y111.159 E.02844
G1 X116.339 Y111.238 E.03134
G1 X117.212 Y111.507 E.03016
G1 X118.005 Y111.95 E.02999
G1 X118.688 Y112.549 E.02999
G1 X119.232 Y113.276 E.02998
G1 X119.613 Y114.1 E.02997
G1 X119.814 Y114.986 E.03
G1 X119.826 Y115.894 E.02998
G1 X119.65 Y116.785 E.02999
G1 X119.292 Y117.62 E.03
G1 X118.768 Y118.362 E.02999
G1 X118.102 Y118.979 E.02998
G1 X117.322 Y119.444 E.02998
G1 X116.462 Y119.737 E.03
G1 X115.56 Y119.844 E.02999
G1 X114.656 Y119.762 E.02997
G1 X113.788 Y119.493 E.03
G1 X112.995 Y119.05 E.02999
G1 X112.312 Y118.451 E.02999
G1 X111.768 Y117.724 E.02998
G1 X111.387 Y116.9 E.02997
G1 X111.737 Y116.723 F9000
;TYPE:External perimeter
;WIDTH:0.419999
G1 F1500
G1 X111.565 Y115.933 E.02535
G1 X111.568 Y115.059 E.0274
G1 X111.729 Y114.295 E.02448
G1 X112.062 Y113.538 E.02593
G1 X112.545 Y112.866 E.02595
G1 X113.157 Y112.309 E.02595
G1 X113.872 Y111.891 E.02597
G1 X114.658 Y111.632 E.02595
G1 X115.434 Y111.543 E.02449
G1 X116.302 Y111.623 E.02733
G1 X117.092 Y111.875 E.026
G1 X117.811 Y112.286 E.02597
G1 X118.429 Y112.836 E.02594
G1 X118.919 Y113.503 E.02595
G1 X119.259 Y114.258 E.02596
G1 X119.435 Y115.067 E.02596
G1 X119.439 Y115.894 E.02593
G1 X119.271 Y116.705 E.02597
G1 X118.938 Y117.462 E.02593
G1 X118.455 Y118.134 E.02595
G1 X117.843 Y118.691 E.02595
G1 X117.128 Y119.109 E.02597
G1 X116.342 Y119.368 E.02595
G1 X115.52 Y119.459 E.02593
G1 X114.696 Y119.377 E.02596
G1 X113.908 Y119.125 E.02594
G1 X113.189 Y118.714 E.02597
G1 X112.571 Y118.164 E.02594
G1 X112.081 Y117.497 E.02595
G1 X111.757 Y116.779 E.0247
G1 E-3.5 F3600
;WIPE_START
G1 F7200
G1 X111.737 Y116.723 E-.02825
G1 X111.565 Y115.933 E-.38404
G1 X111.568 Y115.059 E-.41515
G1 X111.729 Y114.295 E-.37087
G1 X111.984 Y113.713 E-.30169
;WIPE_END
G1 X97.744 Y133.256 F9000
G1 E5 F2400
;TYPE:Perimeter
;WIDTH:0.439999
G1 X97.744 Y97.744 E1.17251
G1 X133.256 Y97.744 E1.17251
G1 X133.256 Y133.256 E1.17251
G1 X97.804 Y133.256 E1.17053
G1 X97.347 Y133.653 F9000
G1 F2400
G1 X97.347 Y97.347 E1.19872
G1 X133.653 Y97.347 E1.19872
G1 X133.653 Y133.653 E1.19872
G1 X97.407 Y133.653 E1.19674
G1 X96.96 Y134.04 F9000
;TYPE:External perimeter
;WIDTH:0.419999
G1 F1500
G1 X96.96 Y96.96 E1.16262
G1 X134.04 Y96.96 E1.16262
G1 X134.04 Y134.04 E1.16262
G1 X97.02 Y134.04 E1.16073
G1 E-3.5 F3600
;WIPE_START
G1 F7200
G1 X96.96 Y134.04 E-.0285
G1 X96.96 Y130.942 E-1.4715
;WIPE_END
G1 X101.639 Y132.95 F9000
G1 E5 F2400
;TYPE:Internal infill
;WIDTH:0.44
G1 F3000
G1 X99.257 Y132.95 E.07865
G1 X98.05 Y131.743 E.05636
G1 X98.05 Y132.95 E.03985
G1 X111.94 Y119.06 E.64857
G1 X111.666 Y118.779 E.01296
G1 X111.127 Y118.027 E.03055
G1 X110.701 Y117.052 E.03513
G1 E-3.5 F3600
;WIPE_START
G1 F7200
G1 X111.127 Y118.027 E-.5054
G1 X111.666 Y118.779 E-.43948
G1 X111.94 Y119.06 E-.18643
G1 X111.391 Y119.609 E-.36869
;WIPE_END
G1 X120.304 Y117.055 F9000
G1 E5 F2400
G1 F3000
G1 X119.873 Y118.027 E.03511
G1 X119.264 Y118.867 E.03426
G1 X119.056 Y119.056 E.00928
G1 X132.95 Y132.95 E.64876
G1 X131.743 Y132.95 E.03985
G1 X132.95 Y131.743 E.05636
G1 X132.95 Y129.361 E.07865
G1 E-3.5 F3600
;WIPE_START
G1 F7200
G1 X132.95 Y131.743 E-1.13145
G1 X132.401 Y132.292 E-.36855
;WIPE_END
G1 X124.101 Y132.95 F9000
G1 E5 F2400
G1 F3000
G1 X121.719 Y132.95 E.07865
G1 X98.05 Y109.281 E1.10519
G1 X98.05 Y110.488 E.03985
G1 X110.488 Y98.05 E.58077
G1 X109.281 Y98.05 E.03985
G1 X132.95 Y121.719 E1.10519
G1 X132.95 Y120.512 E.03985
G1 X120.512 Y132.95 E.58077
G1 X116.103 Y132.95 E.14557
G1 X98.05 Y114.897 E.84296
G1 X98.05 Y116.103 E.03982
G1 X116.103 Y98.05 E.84296
G1 X114.897 Y98.05 E.03982
G1 X132.95 Y116.103 E.84296
G1 X132.95 Y114.897 E.03982
G1 X114.897 Y132.95 E.84296
G1 X110.488 Y132.95 E.14557
G1 X98.05 Y120.512 E.58077
G1 X98.05 Y121.719 E.03985
G1 X121.719 Y98.05 E1.10519
G1 X120.512 Y98.05 E.03985
G1 X132.95 Y110.488 E.58077
G1 X132.95 Y109.281 E.03985
G1 X109.281 Y132.95 E1.10519
G1 X106.899 Y132.95 E.07865
G1 E-3.5 F3600
;WIPE_START
G1 F7200
G1 X109.281 Y132.95 E-1.13145
G1 X109.83 Y132.401 E-.36855
;WIPE_END
G1 X98.05 Y101.639 F9000
G1 E5 F2400
G1 F3000
G1 X98.05 Y99.257 E.07865
G1 X99.257 Y98.05 E.05636
G1 X98.05 Y98.05 E.03985
G1 X111.944 Y111.944 E.64876
G1 X112.53 Y111.415 E.02607
G1 X113.444 Y110.887 E.03485
G1 X114.447 Y110.56 E.03483
G1 X114.87 Y110.515 E.01405
G1 X127.335 Y98.05 E.58203
G1 X126.128 Y98.05 E.03985
G1 X132.95 Y104.872 E.31854
G1 X132.95 Y103.665 E.03985
G1 X120.505 Y116.11 E.5811
G1 X120.507 Y114.892 E.04022
G1 X132.95 Y127.335 E.58101
G1 X132.95 Y126.128 E.03985
G1 X126.128 Y132.95 E.31854
G1 X127.335 Y132.95 E.03985
G1 X114.869 Y120.484 E.58208
G1 X115.5 Y120.551 E.02095
G1 X116.131 Y120.484 E.02095
G1 X103.665 Y132.95 E.58208
G1 X104.872 Y132.95 E.03985
G1 X98.05 Y126.128 E.31854
G1 X98.05 Y127.335 E.03985
G1 X110.491 Y114.894 E.58091
G1 X110.489 Y116.104 E.03995
G1 X98.05 Y103.665 E.58082
G1 X98.05 Y104.872 E.03985
G1 X104.872 Y98.05 E.31854
G1 X103.665 Y98.05 E.03985
G1 X116.134 Y110.519 E.58222
G1 X116.545 Y110.559 E.01363
G1 X117.555 Y110.887 E.03506
G1 X118.47 Y111.415 E.03488
G1 X119.06 Y111.94 E.02608
G1 X132.95 Y98.05 E.64857
G1 X132.95 Y99.257 E.03985
G1 X131.743 Y98.05 E.05636
G1 X129.361 Y98.05 E.07865
;LAYER_CHANGE
;Z:1.6
;HEIGHT:0.2
;BEFORE_LAYER_CHANGE
G92 E0
;1.6


G1 E-3.5 F3600
;WIPE_START
G1 F7200
G1 X131.743 Y98.05 E-1.13145
G1 X132.292 Y98.599 E-.36855
;WIPE_END
G1 Z1.6 F9000
;AFTER_LAYER_CHANGE
;1.6
G1 X118.281 Y111.673
G1 E5 F2400
;TYPE:Perimeter
;WIDTH:0.439999
G1 F1500
G1 X118.954 Y112.254 E.02936
G1 X119.553 Y113.043 E.03271
G1 X119.976 Y113.939 E.03271
G1 X120.202 Y114.904 E.03272
G1 X120.215 Y115.956 E.03474
G1 X120.038 Y116.871 E.03077
G1 X119.655 Y117.781 E.0326
G1 X119.09 Y118.595 E.03272
G1 X118.368 Y119.274 E.03272
G1 X117.52 Y119.788 E.03274
G1 X116.585 Y120.114 E.03269
G1 X115.602 Y120.239 E.03272
G1 X114.614 Y120.156 E.03274
G1 X113.665 Y119.871 E.03272
G1 X112.797 Y119.394 E.0327
G1 X112.046 Y118.746 E.03275
G1 X111.447 Y117.957 E.03271
G1 X111.024 Y117.061 E.03271
G1 X110.798 Y116.096 E.03272
G1 X110.776 Y115.106 E.0327
G1 X110.962 Y114.132 E.03274
G1 X111.345 Y113.219 E.03269
G1 X111.91 Y112.405 E.03272
G1 X112.632 Y111.726 E.03272
G1 X113.48 Y111.212 E.03274
G1 X114.415 Y110.886 E.03269
G1 X115.342 Y110.764 E.03087
G1 X116.376 Y110.843 E.03424
G1 X117.335 Y111.129 E.03304
G1 X118.203 Y111.606 E.0327
G1 X118.235 Y111.634 E.0014
G1 X118.05 Y111.99 F9000
G1 F1500
G1 X118.688 Y112.549 E.02801
G1 X119.232 Y113.276 E.02998
G1 X119.613 Y114.1 E.02997
G1 X119.814 Y114.986 E.03
G1 X119.818 Y115.952 E.03189
G1 X119.649 Y116.787 E.02813
G1 X119.292 Y117.62 E.02992
G1 X118.768 Y118.362 E.02999
G1 X118.102 Y118.979 E.02998
G1 X117.322 Y119.444 E.02998
G1 X116.462 Y119.737 E.03
G1 X115.56 Y119.844 E.02999
G1 X114.656 Y119.762 E.02997
G1 X113.788 Y119.493 E.03
G1 X112.995 Y119.05 E.02999
G1 X112.312 Y118.451 E.02999
G1 X111.768 Y117.724 E.02998
G1 X111.387 Y116.9 E.02997
G1 X111.186 Y116.014 E.03
G1 X111.174 Y115.106 E.02998
G1 X111.35 Y114.215 E.02999
G1 X111.708 Y113.38 E.03
G1 X112.232 Y112.638 E.02999
G1 X112.898 Y112.021 E.02998
G1 X113.678 Y111.556 E.02998
G1 X114.538 Y111.263 E.03
G1 X115.385 Y111.159 E.02818
G1 X116.339 Y111.238 E.03161
G1 X117.212 Y111.507 E.03016
G1 X118.005 Y111.95 E.02999
G1 X117.826 Y112.299 F9000
;TYPE:External perimeter
;WIDTH:0.419999
G1 F1500
G1 X118.429 Y112.836 E.02532
G1 X118.919 Y113.503 E.02595
G1 X119.259 Y114.258 E.02596
G1 X119.435 Y115.067 E.02596
G1 X119.431 Y115.948 E.02762
G1 X119.271 Y116.705 E.02426
G1 X118.938 Y117.462 E.02593
G1 X118.455 Y118.134 E.02595
G1 X117.843 Y118.691 E.02595
G1 X117.128 Y119.109 E.02597
G1 X116.342 Y119.368 E.02595
G1 X115.52 Y119.459 E.02593
G1 X114.696 Y119.377 E.02596
G1 X113.908 Y119.125 E.02594
G1 X113.189 Y118.714 E.02597
G1 X112.571 Y118.164 E.02594
G1 X112.081 Y117.497 E.02595
G1 X111.741 Y116.742 E.02596
G1 X111.565 Y115.933 E.02596
G1 X111.561 Y115.106 E.02593
G1 X111.729 Y114.295 E.02597
G1 X112.062 Y113.538 E.02593
G1 X112.545 Y112.866 E.02595
G1 X113.157 Y112.309 E.02595
G1 X113.872 Y111.891 E.02597
G1 X114.658 Y111.632 E.02595
G1 X115.427 Y111.544 E.02427
G1 X116.302 Y111.623 E.02755
G1 X117.092 Y111.875 E.026
G1 X117.776 Y112.266 E.0247
G1 E-3.5 F3600
;WIPE_START
G1 F7200
G1 X117.826 Y112.299 E-.02846
G1 X118.429 Y112.836 E-.38354
G1 X118.919 Y113.503 E-.39313
G1 X119.259 Y114.258 E-.39331
G1 X119.394 Y114.878 E-.30156
;WIPE_END
G1 X133.256 Y97.744 F9000
G1 E5 F2400
;TYPE:Perimeter
;WIDTH:0.439999
G1 X133.256 Y133.256 E1.17251
G1 X97.744 Y133.256 E1.17251
G1 X97.744 Y97.744 E1.17251
G1 X133.196 Y97.744 E1.17053
G1 X133.653 Y97.347 F9000
G1 F2400
G1 X133.653 Y133.653 E1.19872
G1 X97.347 Y133.653 E1.19872
G1 X97.347 Y97.347 E1.19872
G1 X133.593 Y97.347 E1.19674
G1 X134.04 Y96.96 F9000
;TYPE:External perimeter
;WIDTH:0.419999
G1 F1500
G1 X134.04 Y134.04 E1.16262
G1 X96.96 Y134.04 E1.16262
G1 X96.96 Y96.96 E1.16262
G1 X133.98 Y96.96 E1.16073
G1 E-3.5 F3600
;WIPE_START
G1 F7200
G1 X134.04 Y96.96 E-.0285
G1 X134.04 Y100.058 E-1.4715
;WIPE_END
G1 X129.361 Y98.05 F9000
G1 E5 F2400
;TYPE:Internal infill
;WIDTH:0.44
G1 F3000
G1 X131.743 Y98.05 E.07865
G1 X132.95 Y99.257 E.05636
G1 X132.95 Y98.05 E.03985
G1 X119.06 Y111.94 E.64857
G1 X118.47 Y111.415 E.02608
G1 X117.555 Y110.887 E.03488
G1 X116.545 Y110.559 E.03506
G1 X116.135 Y110.519 E.0136
G1 X103.665 Y98.05 E.58224
G1 X104.872 Y98.05 E.03985
G1 X98.05 Y104.872 E.31854
G1 X98.05 Y103.665 E.03985
G1 X110.489 Y116.104 E.58082
G1 X110.495 Y114.89 E.04008
G1 X98.05 Y127.335 E.5811
G1 X98.05 Y126.128 E.03985
G1 X104.872 Y132.95 E.31854
G1 X103.665 Y132.95 E.03985
G1 X116.131 Y120.484 E.58208
G1 X115.5 Y120.551 E.02095
G1 X114.869 Y120.484 E.02095
G1 X127.335 Y132.95 E.58208
G1 X126.128 Y132.95 E.03985
G1 X132.95 Y126.128 E.31854
G1 X132.95 Y127.335 E.03985
G1 X120.507 Y114.892 E.58101
G1 X120.51 Y116.106 E.04008
G1 X132.95 Y103.665 E.58089
G1 X132.95 Y104.872 E.03985
G1 X126.128 Y98.05 E.31854
G1 X127.335 Y98.05 E.03985
G1 X114.87 Y110.514 E.58201
G1 X114.447 Y110.561 E.01405
G1 X113.444 Y110.887 E.03482
G1 X112.53 Y111.415 E.03485
G1 X111.944 Y111.944 E.02607
G1 X98.05 Y98.05 E.64876
G1 X98.05 Y99.257 E.03985
G1 X99.257 Y98.05 E.05636
G1 X101.639 Y98.05 E.07865
G1 E-3.5 F3600
;WIPE_START
G1 F7200
G1 X99.257 Y98.05 E-1.13145
G1 X98.708 Y98.599 E-.36855
;WIPE_END
G1 X110.701 Y117.052 F9000
G1 E5 F2400
G1 F3000
G1 X111.127 Y118.027 E.03513
G1 X111.666 Y118.779 E.03055
G1 X111.94 Y119.06 E.01296
G1 X98.05 Y132.95 E.64857
G1 X98.05 Y131.743 E.03985
G1 X99.257 Y132.95 E.05636
G1 X101.639 Y132.95 E.07865
G1 E-3.5 F3600
;WIPE_START
G1 F7200
G1 X99.257 Y132.95 E-1.13145
G1 X98.708 Y132.401 E-.36855
;WIPE_END
G1 X106.899 Y132.95 F9000
G1 E5 F2400
G1 F3000
G1 X109.281 Y132.95 E.07865
G1 X132.95 Y109.281 E1.10519
G1 X132.95 Y110.488 E.03985
G1 X120.512 Y98.05 E.58077
G1 X121.719 Y98.05 E.03985
G1 X98.05 Y121.719 E1.10519
G1 X98.05 Y120.512 E.03985
G1 X110.488 Y132.95 E.58077
G1 X114.897 Y132.95 E.14557
G1 X132.95 Y114.897 E.84296
G1 X132.95 Y116.103 E.03982
G1 X114.897 Y98.05 E.84296
G1 X116.103 Y98.05 E.03982
G1 X98.05 Y116.103 E.84296
G1 X98.05 Y114.897 E.03982
G1 X116.103 Y132.95 E.84296
G1 X120.512 Y132.95 E.14557
G1 X132.95 Y120.512 E.58077
G1 X132.95 Y121.719 E.03985
G1 X109.281 Y98.05 E1.10519
G1 X110.488 Y98.05 E.03985
G1 X98.05 Y110.488 E.58077
G1 X98.05 Y109.281 E.03985
G1 X121.719 Y132.95 E1.10519
G1 X124.101 Y132.95 E.07865
G1 E-3.5 F3600
;WIPE_START
G1 F7200
G1 X121.719 Y132.95 E-1.13145
G1 X121.17 Y132.401 E-.36855
;WIPE_END
G1 X132.95 Y129.361 F9000
G1 E5 F2400
G1 F3000
G1 X132.95 Y131.743 E.07865
G1 X131.743 Y132.95 E.05636
G1 X132.95 Y132.95 E.03985
G1 X119.056 Y119.056 E.64876
G1 X119.264 Y118.867 E.00928
G1 X119.873 Y118.027 E.03426
G1 X120.304 Y117.055 E.03511
;LAYER_CHANGE
;Z:1.8
;HEIGHT:0.2
;BEFORE_LAYER_CHANGE
G92 E0
;1.8


G1 E-3.5 F3600
;WIPE_START
G1 F7200
G1 X119.873 Y118.027 E-.50505
G1 X119.264 Y118.867 E-.49283
G1 X119.056 Y119.056 E-.1335
G1 X119.605 Y119.605 E-.36862
;WIPE_END
G1 Z1.8 F9000
;AFTER_LAYER_CHANGE
;1.8
G1 X119.999 Y116.962
G1 E5 F2400
;TYPE:Perimeter
;WIDTH:0.439999
G1 F1500
G1 X119.655 Y117.781 E.02933
G1 X119.09 Y118.595 E.03272
G1 X118.368 Y119.274 E.03272
G1 X117.52 Y119.788 E.03274
G1 X116.585 Y120.114 E.03269
G1 X115.602 Y120.239 E.03272
G1 X114.614 Y120.156 E.03274
G1 X113.665 Y119.871 E.03272
G1 X112.797 Y119.394 E.0327
G1 X112.046 Y118.746 E.03275
G1 X111.447 Y117.957 E.03271
G1 X111.024 Y117.061 E.03271
G1 X110.798 Y116.096 E.03272
G1 X110.776 Y115.106 E.0327
G1 X110.985 Y114.066 E.03502
G1 X111.347 Y113.215 E.03053
G1 X111.91 Y112.405 E.03257
G1 X112.632 Y111.726 E.03272
G1 X113.48 Y111.212 E.03274
G1 X114.415 Y110.886 E.03269
G1 X115.335 Y110.765 E.03064
G1 X116.375 Y110.843 E.03443
G1 X117.335 Y111.129 E.03307
G1 X118.203 Y111.606 E.0327
G1 X118.954 Y112.254 E.03275
G1 X119.553 Y113.043 E.03271
G1 X119.976 Y113.939 E.03271
G1 X120.202 Y114.904 E.03272
G1 X120.224 Y115.894 E.0327
G1 X120.038 Y116.868 E.03274
G1 X120.022 Y116.907 E.00139
G1 X119.626 Y116.841 F9000
G1 F1500
G1 X119.292 Y117.62 E.02798
G1 X118.768 Y118.362 E.02999
G1 X118.102 Y118.979 E.02998
G1 X117.322 Y119.444 E.02998
G1 X116.462 Y119.737 E.03
G1 X115.56 Y119.844 E.02999
G1 X114.656 Y119.762 E.02997
G1 X113.788 Y119.493 E.03
G1 X112.995 Y119.05 E.02999
G1 X112.312 Y118.451 E.02999
G1 X111.768 Y117.724 E.02998
G1 X111.387 Y116.9 E.02997
G1 X111.186 Y116.014 E.03
G1 X111.174 Y115.106 E.02998
G1 X111.373 Y114.153 E.03214
G1 X111.709 Y113.378 E.02789
G1 X112.232 Y112.638 E.02992
G1 X112.898 Y112.021 E.02998
G1 X113.678 Y111.556 E.02998
G1 X114.538 Y111.263 E.03
G1 X115.378 Y111.159 E.02795
G1 X116.338 Y111.238 E.0318
G1 X117.212 Y111.507 E.03019
G1 X118.005 Y111.95 E.02999
G1 X118.688 Y112.549 E.02999
G1 X119.232 Y113.276 E.02998
G1 X119.613 Y114.1 E.02997
G1 X119.814 Y114.986 E.03
G1 X119.826 Y115.894 E.02998
G1 X119.65 Y116.785 E.02999
G1 X119.263 Y116.723 F9000
;TYPE:External perimeter
;WIDTH:0.419999
G1 F1500
G1 X118.938 Y117.462 E.02531
G1 X118.455 Y118.134 E.02595
G1 X117.843 Y118.691 E.02595
G1 X117.128 Y119.109 E.02597
G1 X116.342 Y119.368 E.02595
G1 X115.52 Y119.459 E.02593
G1 X114.696 Y119.377 E.02596
G1 X113.908 Y119.125 E.02594
G1 X113.189 Y118.714 E.02597
G1 X112.571 Y118.164 E.02594
G1 X112.081 Y117.497 E.02595
G1 X111.741 Y116.742 E.02596
G1 X111.565 Y115.933 E.02596
G1 X111.561 Y115.106 E.02593
G1 X111.75 Y114.238 E.02785
G1 X112.062 Y113.537 E.02406
G1 X112.545 Y112.866 E.02592
G1 X113.157 Y112.309 E.02595
G1 X113.872 Y111.891 E.02597
G1 X114.658 Y111.632 E.02595
G1 X115.42 Y111.544 E.02405
G1 X116.302 Y111.623 E.02777
G1 X117.092 Y111.875 E.026
G1 X117.811 Y112.286 E.02597
G1 X118.429 Y112.836 E.02594
G1 X118.919 Y113.503 E.02595
G1 X119.259 Y114.258 E.02596
G1 X119.435 Y115.067 E.02596
G1 X119.439 Y115.894 E.02593
G1 X119.279 Y116.665 E.02469
G1 E-3.5 F3600
;WIPE_START
G1 F7200
G1 X119.263 Y116.723 E-.02858
G1 X118.938 Y117.462 E-.38347
G1 X118.455 Y118.134 E-.3931
G1 X117.843 Y118.691 E-.39307
G1 X117.295 Y119.011 E-.30178
;WIPE_END
G1 X133.256 Y133.256 F9000
G1 E5 F2400
;TYPE:Perimeter
;WIDTH:0.439999
G1 X97.744 Y133.256 E1.17251
G1 X97.744 Y97.744 E1.17251
G1 X133.256 Y97.744 E1.17251
G1 X133.256 Y133.196 E1.17053
G1 X133.653 Y133.653 F9000
G1 F2400
G1 X97.347 Y133.653 E1.19872
G1 X97.347 Y97.347 E1.19872
G1 X133.653 Y97.347 E1.19872
G1 X133.653 Y133.593 E1.19674
G1 X134.04 Y134.04 F9000
;TYPE:External perimeter
;WIDTH:0.419999
G1 F1500
G1 X96.96 Y134.04 E1.16262
G1 X96.96 Y96.96 E1.16262
G1 X134.04 Y96.96 E1.16262
G1 X134.04 Y133.98 E1.16073
G1 E-3.5 F3600
;WIPE_START
G1 F7200
G1 X134.04 Y134.04 E-.0285
G1 X130.942 Y134.04 E-1.4715
;WIPE_END
G1 X132.95 Y129.361 F9000
G1 E5 F2400
;TYPE:Internal infill
;WIDTH:0.44
G1 F3000
G1 X132.95 Y131.743 E.07865
G1 X131.743 Y132.95 E.05636
G1 X132.95 Y132.95 E.03985
G1 X119.056 Y119.056 E.64876
G1 X119.264 Y118.867 E.00928
G1 X119.873 Y118.027 E.03426
G1 X120.304 Y117.055 E.03511
G1 E-3.5 F3600
;WIPE_START
G1 F7200
G1 X119.873 Y118.027 E-.50505
G1 X119.264 Y118.867 E-.49283
G1 X119.056 Y119.056 E-.1335
G1 X119.605 Y119.605 E-.36862
;WIPE_END
G1 X110.701 Y117.052 F9000
G1 E5 F2400
G1 F3000
G1 X111.127 Y118.027 E.03513
G1 X111.666 Y118.779 E.03055
G1 X111.94 Y119.06 E.01296
G1 X98.05 Y132.95 E.64857
G1 X98.05 Y131.743 E.03985
G1 X99.257 Y132.95 E.05636
G1 X101.639 Y132.95 E.07865
G1 E-3.5 F3600
;WIPE_START
G1 F7200
G1 X99.257 Y132.95 E-1.13145
G1 X98.708 Y132.401 E-.36855
;WIPE_END
G1 X106.899 Y132.95 F9000
G1 E5 F2400
G1 F3000
G1 X109.281 Y132.95 E.07865
G1 X132.95 Y109.281 E1.10519
G1 X132.95 Y110.488 E.03985
G1 X120.512 Y98.05 E.58077
G1 X121.719 Y98.05 E.03985
G1 X98.05 Y121.719 E1.10519
G1 X98.05 Y120.512 E.03985
G1 X110.488 Y132.95 E.58077
G1 X114.897 Y132.95 E.14557
G1 X132.95 Y114.897 E.84296
G1 X132.95 Y116.103 E.03982
G1 X114.897 Y98.05 E.84296
G1 X116.103 Y98.05 E.03982
G1 X98.05 Y116.103 E.84296
G1 X98.05 Y114.897 E.03982
G1 X116.103 Y132.95 E.84296
G1 X120.512 Y132.95 E.14557
G1 X132.95 Y120.512 E.58077
G1 X132.95 Y121.719 E.03985
G1 X109.281 Y98.05 E1.10519
G1 X110.488 Y98.05 E.03985
G1 X98.05 Y110.488 E.58077
G1 X98.05 Y109.281 E.03985
G1 X121.719 Y132.95 E1.10519
G1 X124.101 Y132.95 E.07865
G1 E-3.5 F3600
;WIPE_START
G1 F7200
G1 X121.719 Y132.95 E-1.13145
G1 X121.17 Y132.401 E-.36855
;WIPE_END
G1 X129.361 Y98.05 F9000
G1 E5 F2400
G1 F3000
G1 X131.743 Y98.05 E.07865
G1 X132.95 Y99.257 E.05636
G1 X132.95 Y98.05 E.03985
G1 X119.06 Y111.94 E.64857
G1 X118.47 Y111.415 E.02608
G1 X117.555 Y110.887 E.03488
G1 X116.544 Y110.558 E.0351
G1 X116.135 Y110.52 E.01356
G1 X103.665 Y98.05 E.58227
G1 X104.872 Y98.05 E.03985
G1 X98.05 Y104.872 E.31854
G1 X98.05 Y103.665 E.03985
G1 X110.489 Y116.104 E.58082
G1 X110.495 Y114.89 E.04008
G1 X98.05 Y127.335 E.5811
G1 X98.05 Y126.128 E.03985
G1 X104.872 Y132.95 E.31854
G1 X103.665 Y132.95 E.03985
G1 X116.131 Y120.484 E.58208
G1 X115.5 Y120.551 E.02095
G1 X114.869 Y120.484 E.02095
G1 X127.335 Y132.95 E.58208
G1 X126.128 Y132.95 E.03985
G1 X132.95 Y126.128 E.31854
G1 X132.95 Y127.335 E.03985
G1 X120.507 Y114.892 E.58101
G1 X120.505 Y116.11 E.04022
G1 X132.95 Y103.665 E.5811
G1 X132.95 Y104.872 E.03985
G1 X126.128 Y98.05 E.31854
G1 X127.335 Y98.05 E.03985
G1 X114.87 Y110.514 E.58201
G1 X114.447 Y110.561 E.01405
G1 X113.444 Y110.887 E.03482
G1 X112.53 Y111.415 E.03485
G1 X111.944 Y111.944 E.02607
G1 X98.05 Y98.05 E.64876
G1 X98.05 Y99.257 E.03985
G1 X99.257 Y98.05 E.05636
G1 X101.639 Y98.05 E.07865
;LAYER_CHANGE
;Z:2
;HEIGHT:0.2
;BEFORE_LAYER_CHANGE
G92 E0
;2


G1 E-3.5 F3600
;WIPE_START
G1 F7200
G1 X99.257 Y98.05 E-1.13145
G1 X98.708 Y98.599 E-.36855
;WIPE_END
G1 Z2 F9000
;AFTER_LAYER_CHANGE
;2
G1 X112.72 Y111.673
G1 E5 F2400
;TYPE:Perimeter
;WIDTH:0.439999
G1 F1500
G1 X113.48 Y111.212 E.02935
G1 X114.415 Y110.886 E.03269
G1 X115.327 Y110.765 E.03038
G1 X115.93 Y110.777 E.01991
G1 X116.868 Y110.962 E.03157
G1 X117.781 Y111.345 E.03269
G1 X118.595 Y111.91 E.03272
G1 X119.274 Y112.632 E.03272
G1 X119.788 Y113.48 E.03274
G1 X120.114 Y114.415 E.03269
G1 X120.239 Y115.398 E.03272
G1 X120.156 Y116.386 E.03274
G1 X119.871 Y117.335 E.03272
G1 X119.394 Y118.203 E.0327
G1 X118.746 Y118.954 E.03275
G1 X117.957 Y119.553 E.03271
G1 X117.061 Y119.976 E.03271
G1 X116.096 Y120.202 E.03272
G1 X115.106 Y120.224 E.0327
G1 X114.132 Y120.038 E.03274
G1 X113.219 Y119.655 E.03269
G1 X112.405 Y119.09 E.03272
G1 X111.726 Y118.368 E.03272
G1 X111.212 Y117.52 E.03274
G1 X110.886 Y116.585 E.03269
G1 X110.761 Y115.601 E.03275
G1 X110.789 Y114.975 E.02069
G1 X110.963 Y114.128 E.02855
G1 X111.345 Y113.219 E.03256
G1 X111.91 Y112.405 E.03272
G1 X112.632 Y111.726 E.03272
G1 X112.668 Y111.704 E.00139
G1 X112.95 Y111.99 F9000
G1 F1500
G1 X113.678 Y111.556 E.02798
G1 X114.538 Y111.263 E.03
G1 X115.371 Y111.16 E.02771
G1 X115.916 Y111.174 E.018
G1 X116.785 Y111.35 E.02927
G1 X117.62 Y111.708 E.03
G1 X118.362 Y112.232 E.02999
G1 X118.979 Y112.898 E.02998
G1 X119.444 Y113.678 E.02998
G1 X119.737 Y114.538 E.03
G1 X119.844 Y115.44 E.02999
G1 X119.762 Y116.344 E.02997
G1 X119.493 Y117.212 E.03
G1 X119.05 Y118.005 E.02999
G1 X118.451 Y118.688 E.02999
G1 X117.724 Y119.232 E.02998
G1 X116.9 Y119.613 E.02997
G1 X116.014 Y119.814 E.03
G1 X115.106 Y119.826 E.02998
G1 X114.215 Y119.65 E.02999
G1 X113.38 Y119.292 E.03
G1 X112.638 Y118.768 E.02999
G1 X112.021 Y118.102 E.02998
G1 X111.556 Y117.322 E.02998
G1 X111.263 Y116.462 E.03
G1 X111.156 Y115.56 E.02999
G1 X111.185 Y115.001 E.01848
G1 X111.351 Y114.212 E.02662
G1 X111.708 Y113.38 E.02989
G1 X112.232 Y112.638 E.02999
G1 X112.898 Y112.021 E.02998
G1 X113.174 Y112.299 F9000
;TYPE:External perimeter
;WIDTH:0.419999
G1 F1500
G1 X113.872 Y111.891 E.02535
G1 X114.658 Y111.632 E.02595
G1 X115.413 Y111.545 E.02383
G1 X115.917 Y111.562 E.01581
G1 X116.705 Y111.729 E.02526
G1 X117.462 Y112.062 E.02593
G1 X118.134 Y112.545 E.02595
G1 X118.691 Y113.157 E.02595
G1 X119.109 Y113.872 E.02597
G1 X119.368 Y114.658 E.02595
G1 X119.459 Y115.48 E.02593
G1 X119.377 Y116.304 E.02596
G1 X119.125 Y117.092 E.02594
G1 X118.714 Y117.811 E.02597
G1 X118.164 Y118.429 E.02594
G1 X117.497 Y118.919 E.02595
G1 X116.742 Y119.259 E.02596
G1 X115.933 Y119.435 E.02596
G1 X115.106 Y119.439 E.02593
G1 X114.295 Y119.271 E.02597
G1 X113.538 Y118.938 E.02593
G1 X112.866 Y118.455 E.02595
G1 X112.309 Y117.843 E.02595
G1 X111.891 Y117.128 E.02597
G1 X111.632 Y116.342 E.02595
G1 X111.541 Y115.52 E.02593
G1 X111.575 Y115 E.01634
G1 X111.729 Y114.294 E.02266
G1 X112.062 Y113.538 E.0259
G1 X112.545 Y112.866 E.02595
G1 X113.127 Y112.336 E.02468
G1 E-3.5 F3600
;WIPE_START
G1 F7200
G1 X113.174 Y112.299 E-.02841
G1 X113.872 Y111.891 E-.38404
G1 X114.658 Y111.632 E-.3931
G1 X115.413 Y111.545 E-.361
G1 X115.917 Y111.562 E-.23954
G1 X116.11 Y111.603 E-.09391
;WIPE_END
G1 X97.744 Y97.744 F9000
G1 E5 F2400
;TYPE:Perimeter
;WIDTH:0.439999
G1 X133.256 Y97.744 E1.17251
G1 X133.256 Y133.256 E1.17251
G1 X97.744 Y133.256 E1.17251
G1 X97.744 Y97.804 E1.17053
G1 X97.347 Y97.347 F9000
G1 F2400
G1 X133.653 Y97.347 E1.19872
G1 X133.653 Y133.653 E1.19872
G1 X97.347 Y133.653 E1.19872
G1 X97.347 Y97.407 E1.19674
G1 X96.96 Y96.96 F9000
;TYPE:External perimeter
;WIDTH:0.419999
G1 F1500
G1 X134.04 Y96.96 E1.16262
G1 X134.04 Y134.04 E1.16262
G1 X96.96 Y134.04 E1.16262
G1 X96.96 Y97.02 E1.16073
G1 E-3.5 F3600
;WIPE_START
G1 F7200
G1 X96.96 Y96.96 E-.0285
G1 X100.058 Y96.96 E-1.4715
;WIPE_END
G1 X101.639 Y98.05 F9000
G1 E5 F2400
;TYPE:Internal infill
;WIDTH:0.44
G1 F3000
G1 X99.257 Y98.05 E.07865
G1 X98.05 Y99.257 E.05636
G1 X98.05 Y98.05 E.03985
G1 X111.944 Y111.944 E.64876
G1 X111.736 Y112.133 E.00928
G1 X111.127 Y112.973 E.03426
G1 X110.696 Y113.945 E.03511
G1 E-3.5 F3600
;WIPE_START
G1 F7200
G1 X111.127 Y112.973 E-.50505
G1 X111.736 Y112.133 E-.49283
G1 X111.944 Y111.944 E-.1335
G1 X111.395 Y111.395 E-.36862
;WIPE_END
G1 X113.945 Y120.304 F9000
G1 E5 F2400
G1 F3000
G1 X112.973 Y119.873 E.03511
G1 X112.133 Y119.264 E.03426
G1 X111.944 Y119.056 E.00928
G1 X98.05 Y132.95 E.64876
G1 X98.05 Y131.743 E.03985
G1 X99.257 Y132.95 E.05636
G1 X101.639 Y132.95 E.07865
G1 E-3.5 F3600
;WIPE_START
G1 F7200
G1 X99.257 Y132.95 E-1.13145
G1 X98.708 Y132.401 E-.36855
;WIPE_END
G1 X106.899 Y132.95 F9000
G1 E5 F2400
G1 F3000
G1 X109.281 Y132.95 E.07865
G1 X132.95 Y109.281 E1.10519
G1 X132.95 Y110.488 E.03985
G1 X120.512 Y98.05 E.58077
G1 X121.719 Y98.05 E.03985
G1 X98.05 Y121.719 E1.10519
G1 X98.05 Y120.512 E.03985
G1 X110.488 Y132.95 E.58077
G1 X114.897 Y132.95 E.14557
G1 X132.95 Y114.897 E.84296
G1 X132.95 Y116.103 E.03982
G1 X114.897 Y98.05 E.84296
G1 X116.103 Y98.05 E.03982
G1 X98.05 Y116.103 E.84296
G1 X98.05 Y114.897 E.03982
G1 X116.103 Y132.95 E.84296
G1 X120.512 Y132.95 E.14557
G1 X132.95 Y120.512 E.58077
G1 X132.95 Y121.719 E.03985
G1 X109.281 Y98.05 E1.10519
G1 X110.488 Y98.05 E.03985
G1 X98.05 Y110.488 E.58077
G1 X98.05 Y109.281 E.03985
G1 X121.719 Y132.95 E1.10519
G1 X124.101 Y132.95 E.07865
G1 E-3.5 F3600
;WIPE_START
G1 F7200
G1 X121.719 Y132.95 E-1.13145
G1 X121.17 Y132.401 E-.36855
;WIPE_END
G1 X129.361 Y132.95 F9000
G1 E5 F2400
G1 F3000
G1 X131.743 Y132.95 E.07865
G1 X132.95 Y131.743 E.05636
G1 X132.95 Y132.95 E.03985
G1 X119.057 Y119.057 E.64871
G1 X119.656 Y118.361 E.03032
G1 X120.113 Y117.555 E.03059
G1 X120.407 Y116.674 E.03067
G1 X120.491 Y116.124 E.01837
G1 X132.95 Y103.665 E.58175
G1 X132.95 Y104.872 E.03985
G1 X126.128 Y98.05 E.31854
G1 X127.335 Y98.05 E.03985
G1 X114.874 Y110.511 E.58185
G1 X115.301 Y110.46 E.0142
G1 X116.108 Y110.492 E.02667
G1 X103.665 Y98.05 E.58098
G1 X104.872 Y98.05 E.03985
G1 X98.05 Y104.872 E.31854
G1 X98.05 Y103.665 E.03985
G1 X110.513 Y116.128 E.58194
G1 X110.453 Y115.417 E.02356
G1 X110.499 Y114.885 E.01763
G1 X98.05 Y127.335 E.58131
G1 X98.05 Y126.128 E.03985
G1 X104.872 Y132.95 E.31854
G1 X103.665 Y132.95 E.03985
G1 X116.11 Y120.505 E.5811
G1 X114.89 Y120.505 E.04028
G1 X127.335 Y132.95 E.5811
G1 X126.128 Y132.95 E.03985
G1 X132.95 Y126.128 E.31854
G1 X132.95 Y127.335 E.03985
G1 X120.487 Y114.872 E.58194
G1 X120.44 Y114.449 E.01405
G1 X120.113 Y113.444 E.03489
G1 X119.585 Y112.53 E.03485
G1 X119.056 Y111.944 E.02607
G1 X132.95 Y98.05 E.64876
G1 X132.95 Y99.257 E.03985
G1 X131.743 Y98.05 E.05636
G1 X129.361 Y98.05 E.07865
;LAYER_CHANGE
;Z:2.2
;HEIGHT:0.2
;BEFORE_LAYER_CHANGE
G92 E0
;2.2


G1 E-3.5 F3600
;WIPE_START
G1 F7200
G1 X131.743 Y98.05 E-1.13145
G1 X132.292 Y98.599 E-.36855
;WIPE_END
G1 Z2.2 F9000
;AFTER_LAYER_CHANGE
;2.2
G1 X118.271 Y111.685
G1 E5 F2400
;TYPE:Perimeter
;WIDTH:0.439999
G1 F1500
G1 X118.595 Y111.91 E.01302
G1 X119.274 Y112.632 E.03272
G1 X119.788 Y113.48 E.03274
G1 X120.114 Y114.415 E.03269
G1 X120.239 Y115.398 E.03272
G1 X120.156 Y116.386 E.03274
G1 X119.871 Y117.335 E.03272
G1 X119.394 Y118.203 E.0327
G1 X118.746 Y118.954 E.03275
G1 X117.957 Y119.553 E.03271
G1 X117.061 Y119.976 E.03271
G1 X116.096 Y120.202 E.03272
G1 X115.106 Y120.224 E.0327
G1 X114.132 Y120.038 E.03274
G1 X113.219 Y119.655 E.03269
G1 X112.405 Y119.09 E.03272
G1 X111.726 Y118.368 E.03272
G1 X111.212 Y117.52 E.03274
G1 X110.886 Y116.585 E.03269
G1 X110.761 Y115.602 E.03272
G1 X110.844 Y114.614 E.03274
G1 X111.004 Y113.999 E.02098
G1 X111.347 Y113.214 E.02828
G1 X111.91 Y112.405 E.03254
G1 X112.632 Y111.726 E.03272
G1 X113.48 Y111.212 E.03274
G1 X114.415 Y110.886 E.03269
G1 X115.32 Y110.766 E.03014
G1 X115.929 Y110.777 E.02011
G1 X116.868 Y110.962 E.0316
G1 X117.781 Y111.345 E.03269
G1 X118.222 Y111.651 E.01772
G1 X118.04 Y112.004 F9000
G1 F1500
G1 X118.362 Y112.232 E.01303
G1 X118.979 Y112.898 E.02998
G1 X119.444 Y113.678 E.02998
G1 X119.737 Y114.538 E.03
G1 X119.844 Y115.44 E.02999
G1 X119.762 Y116.344 E.02997
G1 X119.493 Y117.212 E.03
G1 X119.05 Y118.005 E.02999
G1 X118.451 Y118.688 E.02999
G1 X117.724 Y119.232 E.02998
G1 X116.9 Y119.613 E.02997
G1 X116.014 Y119.814 E.03
G1 X115.106 Y119.826 E.02998
G1 X114.215 Y119.65 E.02999
G1 X113.38 Y119.292 E.03
G1 X112.638 Y118.768 E.02999
G1 X112.021 Y118.102 E.02998
G1 X111.556 Y117.322 E.02998
G1 X111.263 Y116.462 E.03
G1 X111.156 Y115.56 E.02999
G1 X111.238 Y114.656 E.02997
G1 X111.386 Y114.108 E.01874
G1 X111.709 Y113.377 E.02639
G1 X112.232 Y112.638 E.02989
G1 X112.898 Y112.021 E.02998
G1 X113.678 Y111.556 E.02998
G1 X114.538 Y111.263 E.03
G1 X115.363 Y111.16 E.02745
G1 X115.915 Y111.174 E.01823
G1 X116.785 Y111.35 E.02931
G1 X117.62 Y111.708 E.03
G1 X117.991 Y111.97 E.015
G1 X117.814 Y112.315 F9000
;TYPE:External perimeter
;WIDTH:0.419999
G1 F1500
G1 X118.134 Y112.545 E.01236
G1 X118.691 Y113.157 E.02595
G1 X119.109 Y113.872 E.02597
G1 X119.368 Y114.658 E.02595
G1 X119.459 Y115.48 E.02593
G1 X119.377 Y116.304 E.02596
G1 X119.125 Y117.092 E.02594
G1 X118.714 Y117.811 E.02597
G1 X118.164 Y118.429 E.02594
G1 X117.497 Y118.919 E.02595
G1 X116.742 Y119.259 E.02596
G1 X115.933 Y119.435 E.02596
G1 X115.106 Y119.439 E.02593
G1 X114.295 Y119.271 E.02597
G1 X113.538 Y118.938 E.02593
G1 X112.866 Y118.455 E.02595
G1 X112.309 Y117.843 E.02595
G1 X111.891 Y117.128 E.02597
G1 X111.632 Y116.342 E.02595
G1 X111.541 Y115.52 E.02593
G1 X111.623 Y114.696 E.02596
G1 X111.758 Y114.214 E.01569
G1 X112.062 Y113.537 E.02327
G1 X112.545 Y112.866 E.02592
G1 X113.157 Y112.309 E.02595
G1 X113.872 Y111.891 E.02597
G1 X114.658 Y111.632 E.02595
G1 X115.406 Y111.545 E.02361
G1 X115.917 Y111.562 E.01603
G1 X116.705 Y111.729 E.02526
G1 X117.462 Y112.062 E.02593
G1 X117.766 Y112.28 E.01173
G1 E-3.5 F3600
;WIPE_START
G1 F7200
G1 X117.814 Y112.315 E-.02822
G1 X118.134 Y112.545 E-.18719
G1 X118.691 Y113.157 E-.39307
G1 X119.109 Y113.872 E-.3934
G1 X119.368 Y114.658 E-.3931
G1 X119.392 Y114.878 E-.10502
;WIPE_END
G1 X133.256 Y97.744 F9000
G1 E5 F2400
;TYPE:Perimeter
;WIDTH:0.439999
G1 X133.256 Y133.256 E1.17251
G1 X97.744 Y133.256 E1.17251
G1 X97.744 Y97.744 E1.17251
G1 X133.196 Y97.744 E1.17053
G1 X133.653 Y97.347 F9000
G1 F2400
G1 X133.653 Y133.653 E1.19872
G1 X97.347 Y133.653 E1.19872
G1 X97.347 Y97.347 E1.19872
G1 X133.593 Y97.347 E1.19674
G1 X134.04 Y96.96 F9000
;TYPE:External perimeter
;WIDTH:0.419999
G1 F1500
G1 X134.04 Y134.04 E1.16262
G1 X96.96 Y134.04 E1.16262
G1 X96.96 Y96.96 E1.16262
G1 X133.98 Y96.96 E1.16073
G1 E-3.5 F3600
;WIPE_START
G1 F7200
G1 X134.04 Y96.96 E-.0285
G1 X134.04 Y100.058 E-1.4715
;WIPE_END
G1 X129.361 Y98.05 F9000
G1 E5 F2400
;TYPE:Internal infill
;WIDTH:0.44
G1 F3000
G1 X131.743 Y98.05 E.07865
G1 X132.95 Y99.257 E.05636
G1 X132.95 Y98.05 E.03985
G1 X119.056 Y111.944 E.64876
G1 X118.867 Y111.736 E.00928
G1 X118.027 Y111.127 E.03426
G1 X117.055 Y110.696 E.03511
G1 E-3.5 F3600
;WIPE_START
G1 F7200
G1 X118.027 Y111.127 E-.50505
G1 X118.867 Y111.736 E-.49283
G1 X119.056 Y111.944 E-.1335
G1 X119.605 Y111.395 E-.36862
;WIPE_END
G1 X117.055 Y120.305 F9000
G1 E5 F2400
G1 F3000
G1 X118.027 Y119.873 E.03512
G1 X118.867 Y119.265 E.03424
G1 X119.057 Y119.057 E.0093
G1 X132.95 Y132.95 E.64871
G1 X132.95 Y131.743 E.03985
G1 X131.743 Y132.95 E.05636
G1 X129.361 Y132.95 E.07865
G1 E-3.5 F3600
;WIPE_START
G1 F7200
G1 X131.743 Y132.95 E-1.13145
G1 X132.292 Y132.401 E-.36855
;WIPE_END
G1 X124.101 Y132.95 F9000
G1 E5 F2400
G1 F3000
G1 X121.719 Y132.95 E.07865
G1 X98.05 Y109.281 E1.10519
G1 X98.05 Y110.488 E.03985
G1 X110.488 Y98.05 E.58077
G1 X109.281 Y98.05 E.03985
G1 X132.95 Y121.719 E1.10519
G1 X132.95 Y120.512 E.03985
G1 X120.512 Y132.95 E.58077
G1 X116.103 Y132.95 E.14557
G1 X98.05 Y114.897 E.84296
G1 X98.05 Y116.103 E.03982
G1 X116.103 Y98.05 E.84296
G1 X114.897 Y98.05 E.03982
G1 X132.95 Y116.103 E.84296
G1 X132.95 Y114.897 E.03982
G1 X114.897 Y132.95 E.84296
G1 X110.488 Y132.95 E.14557
G1 X98.05 Y120.512 E.58077
G1 X98.05 Y121.719 E.03985
G1 X121.719 Y98.05 E1.10519
G1 X120.512 Y98.05 E.03985
G1 X132.95 Y110.488 E.58077
G1 X132.95 Y109.281 E.03985
G1 X109.281 Y132.95 E1.10519
G1 X106.899 Y132.95 E.07865
G1 E-3.5 F3600
;WIPE_START
G1 F7200
G1 X109.281 Y132.95 E-1.13145
G1 X109.83 Y132.401 E-.36855
;WIPE_END
G1 X101.639 Y132.95 F9000
G1 E5 F2400
G1 F3000
G1 X99.257 Y132.95 E.07865
G1 X98.05 Y131.743 E.05636
G1 X98.05 Y132.95 E.03985
G1 X111.944 Y119.056 E.64876
G1 X111.415 Y118.47 E.02607
G1 X110.887 Y117.556 E.03485
G1 X110.56 Y116.551 E.03489
G1 X110.513 Y116.128 E.01405
G1 X98.05 Y103.665 E.58194
G1 X98.05 Y104.872 E.03985
G1 X104.872 Y98.05 E.31854
G1 X103.665 Y98.05 E.03985
G1 X116.108 Y110.492 E.58098
G1 X115.293 Y110.461 E.02693
G1 X114.874 Y110.51 E.01393
G1 X127.335 Y98.05 E.58182
G1 X126.128 Y98.05 E.03985
G1 X132.95 Y104.872 E.31854
G1 X132.95 Y103.665 E.03985
G1 X120.491 Y116.124 E.58175
G1 X120.544 Y115.372 E.02489
G1 X120.487 Y114.872 E.01662
G1 X132.95 Y127.335 E.58194
G1 X132.95 Y126.128 E.03985
G1 X126.128 Y132.95 E.31854
G1 X127.335 Y132.95 E.03985
G1 X114.89 Y120.505 E.5811
G1 X116.11 Y120.505 E.04028
G1 X103.665 Y132.95 E.5811
G1 X104.872 Y132.95 E.03985
G1 X98.05 Y126.128 E.31854
G1 X98.05 Y127.335 E.03985
G1 X110.509 Y114.876 E.58175
G1 X110.712 Y113.909 E.03262
G1 X111.128 Y112.971 E.03388
G1 X111.736 Y112.133 E.03418
G1 X111.944 Y111.944 E.00928
G1 X98.05 Y98.05 E.64876
G1 X99.257 Y98.05 E.03985
G1 X98.05 Y99.257 E.05636
G1 X98.05 Y101.639 E.07865
;LAYER_CHANGE
;Z:2.4
;HEIGHT:0.2
;BEFORE_LAYER_CHANGE
G92 E0
;2.4


G1 E-3.5 F3600
;WIPE_START
G1 F7200
G1 X98.05 Y99.257 E-1.13145
G1 X98.599 Y98.708 E-.36855
;WIPE_END
G1 Z2.4 F9000
;AFTER_LAYER_CHANGE
;2.4
G1 X111.685 Y112.729
G1 E5 F2400
;TYPE:Perimeter
;WIDTH:0.439999
G1 F1500
G1 X111.91 Y112.405 E.01302
G1 X112.632 Y111.726 E.03272
G1 X113.48 Y111.212 E.03274
G1 X114.415 Y110.886 E.03269
G1 X115.312 Y110.766 E.02988
G1 X115.928 Y110.777 E.02034
G1 X116.436 Y110.85 E.01695
G1 X117.335 Y111.129 E.03108
G1 X118.203 Y111.606 E.0327
G1 X118.954 Y112.254 E.03275
G1 X119.553 Y113.043 E.03271
G1 X119.976 Y113.939 E.03271
G1 X120.202 Y114.904 E.03272
G1 X120.224 Y115.894 E.0327
G1 X120.038 Y116.868 E.03274
G1 X119.655 Y117.781 E.03269
G1 X119.09 Y118.595 E.03272
G1 X118.368 Y119.274 E.03272
G1 X117.52 Y119.788 E.03274
G1 X116.585 Y120.114 E.03269
G1 X115.602 Y120.239 E.03272
G1 X115.055 Y120.222 E.01807
G1 X114.132 Y120.038 E.03107
G1 X113.219 Y119.655 E.03269
G1 X112.405 Y119.09 E.03272
G1 X111.726 Y118.368 E.03272
G1 X111.212 Y117.52 E.03274
G1 X110.886 Y116.585 E.03269
G1 X110.761 Y115.601 E.03275
G1 X110.791 Y114.958 E.02125
G1 X110.963 Y114.127 E.02802
G1 X111.345 Y113.219 E.03252
G1 X111.651 Y112.778 E.01772
G1 X112.004 Y112.96 F9000
G1 F1500
G1 X112.232 Y112.638 E.01303
G1 X112.898 Y112.021 E.02998
G1 X113.678 Y111.556 E.02998
G1 X114.538 Y111.263 E.03
G1 X115.356 Y111.161 E.02722
G1 X115.914 Y111.174 E.01843
G1 X116.462 Y111.263 E.01833
G1 X117.212 Y111.507 E.02604
G1 X118.005 Y111.95 E.02999
G1 X118.688 Y112.549 E.02999
G1 X119.232 Y113.276 E.02998
G1 X119.613 Y114.1 E.02997
G1 X119.814 Y114.986 E.03
G1 X119.826 Y115.894 E.02998
G1 X119.65 Y116.785 E.02999
G1 X119.292 Y117.62 E.03
G1 X118.768 Y118.362 E.02999
G1 X118.102 Y118.979 E.02998
G1 X117.322 Y119.444 E.02998
G1 X116.462 Y119.737 E.03
G1 X115.56 Y119.844 E.02999
G1 X114.986 Y119.814 E.01898
G1 X114.215 Y119.65 E.02603
G1 X113.38 Y119.292 E.03
G1 X112.638 Y118.768 E.02999
G1 X112.021 Y118.102 E.02998
G1 X111.556 Y117.322 E.02998
G1 X111.263 Y116.462 E.03
G1 X111.156 Y115.56 E.02999
G1 X111.188 Y114.986 E.01898
G1 X111.351 Y114.212 E.02612
G1 X111.708 Y113.38 E.02989
G1 X111.97 Y113.009 E.015
G1 X112.315 Y113.186 F9000
;TYPE:External perimeter
;WIDTH:0.419999
G1 F1500
G1 X112.545 Y112.866 E.01236
G1 X113.157 Y112.309 E.02595
G1 X113.872 Y111.891 E.02597
G1 X114.658 Y111.632 E.02595
G1 X115.399 Y111.545 E.02339
G1 X115.901 Y111.561 E.01575
G1 X116.342 Y111.632 E.01401
G1 X117.092 Y111.875 E.02472
G1 X117.811 Y112.286 E.02597
G1 X118.429 Y112.836 E.02594
G1 X118.919 Y113.503 E.02595
G1 X119.259 Y114.258 E.02596
G1 X119.435 Y115.067 E.02596
G1 X119.439 Y115.894 E.02593
G1 X119.271 Y116.705 E.02597
G1 X118.938 Y117.462 E.02593
G1 X118.455 Y118.134 E.02595
G1 X117.843 Y118.691 E.02595
G1 X117.128 Y119.109 E.02597
G1 X116.342 Y119.368 E.02595
G1 X115.52 Y119.459 E.02593
G1 X115.067 Y119.435 E.01422
G1 X114.295 Y119.271 E.02475
G1 X113.538 Y118.938 E.02593
G1 X112.866 Y118.455 E.02595
G1 X112.309 Y117.843 E.02595
G1 X111.891 Y117.128 E.02597
G1 X111.632 Y116.342 E.02595
G1 X111.541 Y115.52 E.02593
G1 X111.574 Y115.013 E.01593
G1 X111.729 Y114.294 E.02306
G1 X112.062 Y113.538 E.0259
G1 X112.28 Y113.234 E.01173
G1 E-3.5 F3600
;WIPE_START
G1 F7200
G1 X112.315 Y113.186 E-.02822
G1 X112.545 Y112.866 E-.18719
G1 X113.157 Y112.309 E-.39307
G1 X113.872 Y111.891 E-.3934
G1 X114.658 Y111.632 E-.3931
G1 X114.878 Y111.606 E-.10502
;WIPE_END
G1 X97.744 Y97.744 F9000
G1 E5 F2400
;TYPE:Perimeter
;WIDTH:0.439999
G1 X133.256 Y97.744 E1.17251
G1 X133.256 Y133.256 E1.17251
G1 X97.744 Y133.256 E1.17251
G1 X97.744 Y97.804 E1.17053
G1 X97.347 Y97.347 F9000
G1 F2400
G1 X133.653 Y97.347 E1.19872
G1 X133.653 Y133.653 E1.19872
G1 X97.347 Y133.653 E1.19872
G1 X97.347 Y97.407 E1.19674
G1 X96.96 Y96.96 F9000
;TYPE:External perimeter
;WIDTH:0.419999
G1 F1500
G1 X134.04 Y96.96 E1.16262
G1 X134.04 Y134.04 E1.16262
G1 X96.96 Y134.04 E1.16262
G1 X96.96 Y97.02 E1.16073
G1 E-3.5 F3600
;WIPE_START
G1 F7200
G1 X96.96 Y96.96 E-.0285
G1 X100.058 Y96.96 E-1.4715
;WIPE_END
G1 X98.05 Y101.639 F9000
G1 E5 F2400
;TYPE:Internal infill
;WIDTH:0.44
G1 F3000
G1 X98.05 Y99.257 E.07865
G1 X99.257 Y98.05 E.05636
G1 X98.05 Y98.05 E.03985
G1 X111.94 Y111.94 E.64857
G1 X111.666 Y112.221 E.01296
G1 X111.127 Y112.973 E.03055
G1 X110.665 Y114.056 E.03888
G1 X110.501 Y114.883 E.02784
G1 X98.05 Y127.335 E.5814
G1 X98.05 Y126.128 E.03985
G1 X104.872 Y132.95 E.31854
G1 X103.665 Y132.95 E.03985
G1 X116.131 Y120.484 E.58208
G1 X115.502 Y120.55 E.02088
G1 X114.89 Y120.506 E.02026
G1 X127.335 Y132.95 E.58108
G1 X126.128 Y132.95 E.03985
G1 X132.95 Y126.128 E.31854
G1 X132.95 Y127.335 E.03985
G1 X120.507 Y114.892 E.58101
G1 X120.505 Y116.11 E.04022
G1 X132.95 Y103.665 E.5811
G1 X132.95 Y104.872 E.03985
G1 X126.128 Y98.05 E.31854
G1 X127.335 Y98.05 E.03985
G1 X114.874 Y110.51 E.58182
G1 X115.285 Y110.461 E.01367
G1 X116.111 Y110.495 E.0273
G1 X103.665 Y98.05 E.58112
G1 X104.872 Y98.05 E.03985
G1 X98.05 Y104.872 E.31854
G1 X98.05 Y103.665 E.03985
G1 X110.515 Y116.131 E.58206
G1 X110.56 Y116.551 E.01395
G1 X110.887 Y117.556 E.03489
G1 X111.415 Y118.47 E.03485
G1 X111.94 Y119.06 E.02608
G1 X98.05 Y132.95 E.64857
G1 X98.05 Y131.743 E.03985
G1 X99.257 Y132.95 E.05636
G1 X101.639 Y132.95 E.07865
G1 E-3.5 F3600
;WIPE_START
G1 F7200
G1 X99.257 Y132.95 E-1.13145
G1 X98.708 Y132.401 E-.36855
;WIPE_END
G1 X106.899 Y132.95 F9000
G1 E5 F2400
G1 F3000
G1 X109.281 Y132.95 E.07865
G1 X132.95 Y109.281 E1.10519
G1 X132.95 Y110.488 E.03985
G1 X120.512 Y98.05 E.58077
G1 X121.719 Y98.05 E.03985
G1 X98.05 Y121.719 E1.10519
G1 X98.05 Y120.512 E.03985
G1 X110.488 Y132.95 E.58077
G1 X114.897 Y132.95 E.14557
G1 X132.95 Y114.897 E.84296
G1 X132.95 Y116.103 E.03982
G1 X114.897 Y98.05 E.84296
G1 X116.103 Y98.05 E.03982
G1 X98.05 Y116.103 E.84296
G1 X98.05 Y114.897 E.03982
G1 X116.103 Y132.95 E.84296
G1 X120.512 Y132.95 E.14557
G1 X132.95 Y120.512 E.58077
G1 X132.95 Y121.719 E.03985
G1 X109.281 Y98.05 E1.10519
G1 X110.488 Y98.05 E.03985
G1 X98.05 Y110.488 E.58077
G1 X98.05 Y109.281 E.03985
G1 X121.719 Y132.95 E1.10519
G1 X124.101 Y132.95 E.07865
G1 E-3.5 F3600
;WIPE_START
G1 F7200
G1 X121.719 Y132.95 E-1.13145
G1 X121.17 Y132.401 E-.36855
;WIPE_END
G1 X129.361 Y132.95 F9000
G1 E5 F2400
G1 F3000
G1 X131.743 Y132.95 E.07865
G1 X132.95 Y131.743 E.05636
G1 X132.95 Y132.95 E.03985
G1 X119.056 Y119.056 E.64876
G1 X119.264 Y118.867 E.00928
G1 X119.873 Y118.027 E.03426
G1 X120.304 Y117.055 E.03511
G1 E-3.5 F3600
;WIPE_START
G1 F7200
G1 X119.873 Y118.027 E-.50505
G1 X119.264 Y118.867 E-.49283
G1 X119.056 Y119.056 E-.1335
G1 X119.605 Y119.605 E-.36862
;WIPE_END
G1 X120.304 Y113.945 F9000
G1 E5 F2400
G1 F3000
G1 X119.873 Y112.973 E.03511
G1 X119.265 Y112.133 E.03424
G1 X119.057 Y111.943 E.0093
G1 X132.95 Y98.05 E.64871
G1 X132.95 Y99.257 E.03985
G1 X131.743 Y98.05 E.05636
G1 X129.361 Y98.05 E.07865
;LAYER_CHANGE
;Z:2.6
;HEIGHT:0.2
;BEFORE_LAYER_CHANGE
G92 E0
;2.6


G1 E-3.5 F3600
;WIPE_START
G1 F7200
G1 X131.743 Y98.05 E-1.13145
G1 X132.292 Y98.599 E-.36855
;WIPE_END
G1 Z2.6 F9000
;AFTER_LAYER_CHANGE
;2.6
G1 X118.281 Y111.673
G1 E5 F2400
;TYPE:Perimeter
;WIDTH:0.439999
G1 F1500
G1 X118.954 Y112.254 E.02936
G1 X119.553 Y113.043 E.03271
G1 X119.976 Y113.939 E.03271
G1 X120.202 Y114.904 E.03272
G1 X120.224 Y115.894 E.0327
G1 X120.038 Y116.868 E.03274
G1 X119.655 Y117.781 E.03269
G1 X119.09 Y118.595 E.03272
G1 X118.368 Y119.274 E.03272
G1 X117.52 Y119.788 E.03274
G1 X116.585 Y120.114 E.03269
G1 X115.602 Y120.239 E.03272
G1 X115.055 Y120.222 E.01807
G1 X114.132 Y120.038 E.03107
G1 X113.219 Y119.655 E.03269
G1 X112.405 Y119.09 E.03272
G1 X111.726 Y118.368 E.03272
G1 X111.212 Y117.52 E.03274
G1 X110.886 Y116.585 E.03269
G1 X110.761 Y115.601 E.03275
G1 X110.793 Y114.95 E.02152
G1 X110.963 Y114.126 E.02778
G1 X111.345 Y113.219 E.03249
G1 X111.91 Y112.405 E.03272
G1 X112.632 Y111.726 E.03272
G1 X113.48 Y111.212 E.03274
G1 X114.415 Y110.886 E.03269
G1 X115.305 Y110.766 E.02965
G1 X115.926 Y110.777 E.02051
G1 X116.436 Y110.85 E.01701
G1 X117.335 Y111.129 E.03108
G1 X118.203 Y111.606 E.0327
G1 X118.235 Y111.634 E.0014
G1 X118.05 Y111.99 F9000
G1 F1500
G1 X118.688 Y112.549 E.02801
G1 X119.232 Y113.276 E.02998
G1 X119.613 Y114.1 E.02997
G1 X119.814 Y114.986 E.03
G1 X119.826 Y115.894 E.02998
G1 X119.65 Y116.785 E.02999
G1 X119.292 Y117.62 E.03
G1 X118.768 Y118.362 E.02999
G1 X118.102 Y118.979 E.02998
G1 X117.322 Y119.444 E.02998
G1 X116.462 Y119.737 E.03
G1 X115.56 Y119.844 E.02999
G1 X114.986 Y119.814 E.01898
G1 X114.215 Y119.65 E.02603
G1 X113.38 Y119.292 E.03
G1 X112.638 Y118.768 E.02999
G1 X112.021 Y118.102 E.02998
G1 X111.556 Y117.322 E.02998
G1 X111.263 Y116.462 E.03
G1 X111.156 Y115.56 E.02999
G1 X111.189 Y114.978 E.01925
G1 X111.351 Y114.211 E.02588
G1 X111.708 Y113.38 E.02986
G1 X112.232 Y112.638 E.02999
G1 X112.898 Y112.021 E.02998
G1 X113.678 Y111.556 E.02998
G1 X114.538 Y111.263 E.03
G1 X115.349 Y111.161 E.02699
G1 X115.913 Y111.174 E.01863
G1 X116.462 Y111.263 E.01836
G1 X117.212 Y111.507 E.02604
G1 X118.005 Y111.95 E.02999
G1 X117.826 Y112.299 F9000
;TYPE:External perimeter
;WIDTH:0.419999
G1 F1500
G1 X118.429 Y112.836 E.02532
G1 X118.919 Y113.503 E.02595
G1 X119.259 Y114.258 E.02596
G1 X119.435 Y115.067 E.02596
G1 X119.439 Y115.894 E.02593
G1 X119.271 Y116.705 E.02597
G1 X118.938 Y117.462 E.02593
G1 X118.455 Y118.134 E.02595
G1 X117.843 Y118.691 E.02595
G1 X117.128 Y119.109 E.02597
G1 X116.342 Y119.368 E.02595
G1 X115.52 Y119.459 E.02593
G1 X115.067 Y119.435 E.01422
G1 X114.295 Y119.271 E.02475
G1 X113.538 Y118.938 E.02593
G1 X112.866 Y118.455 E.02595
G1 X112.309 Y117.843 E.02595
G1 X111.891 Y117.128 E.02597
G1 X111.632 Y116.342 E.02595
G1 X111.541 Y115.519 E.02596
G1 X111.575 Y115.006 E.01612
G1 X111.729 Y114.294 E.02284
G1 X112.062 Y113.538 E.0259
G1 X112.545 Y112.866 E.02595
G1 X113.157 Y112.309 E.02595
G1 X113.872 Y111.891 E.02597
G1 X114.658 Y111.632 E.02595
G1 X115.392 Y111.546 E.02317
G1 X115.9 Y111.561 E.01593
G1 X116.342 Y111.632 E.01404
G1 X117.092 Y111.875 E.02472
G1 X117.776 Y112.266 E.0247
G1 E-3.5 F3600
;WIPE_START
G1 F7200
G1 X117.826 Y112.299 E-.02846
G1 X118.429 Y112.836 E-.38354
G1 X118.919 Y113.503 E-.39313
G1 X119.259 Y114.258 E-.39331
G1 X119.394 Y114.878 E-.30156
;WIPE_END
G1 X133.256 Y97.744 F9000
G1 E5 F2400
;TYPE:Perimeter
;WIDTH:0.439999
G1 X133.256 Y133.256 E1.17251
G1 X97.744 Y133.256 E1.17251
G1 X97.744 Y97.744 E1.17251
G1 X133.196 Y97.744 E1.17053
G1 X133.653 Y97.347 F9000
G1 F2400
G1 X133.653 Y133.653 E1.19872
G1 X97.347 Y133.653 E1.19872
G1 X97.347 Y97.347 E1.19872
G1 X133.593 Y97.347 E1.19674
G1 X134.04 Y96.96 F9000
;TYPE:External perimeter
;WIDTH:0.419999
G1 F1500
G1 X134.04 Y134.04 E1.16262
G1 X96.96 Y134.04 E1.16262
G1 X96.96 Y96.96 E1.16262
G1 X133.98 Y96.96 E1.16073
G1 E-3.5 F3600
;WIPE_START
G1 F7200
G1 X134.04 Y96.96 E-.0285
G1 X134.04 Y100.058 E-1.4715
;WIPE_END
G1 X129.361 Y98.05 F9000
G1 E5 F2400
;TYPE:Internal infill
;WIDTH:0.44
G1 F3000
G1 X131.743 Y98.05 E.07865
G1 X132.95 Y99.257 E.05636
G1 X132.95 Y98.05 E.03985
G1 X119.057 Y111.943 E.64871
G1 X119.265 Y112.133 E.0093
G1 X119.873 Y112.973 E.03424
G1 X120.304 Y113.945 E.03511
G1 E-3.5 F3600
;WIPE_START
G1 F7200
G1 X119.873 Y112.973 E-.50505
G1 X119.265 Y112.133 E-.49255
G1 X119.057 Y111.943 E-.13382
G1 X119.606 Y111.394 E-.36858
;WIPE_END
G1 X120.304 Y117.055 F9000
G1 E5 F2400
G1 F3000
G1 X119.873 Y118.027 E.03511
G1 X119.264 Y118.867 E.03426
G1 X119.056 Y119.056 E.00928
G1 X132.95 Y132.95 E.64876
G1 X132.95 Y131.743 E.03985
G1 X131.743 Y132.95 E.05636
G1 X129.361 Y132.95 E.07865
G1 E-3.5 F3600
;WIPE_START
G1 F7200
G1 X131.743 Y132.95 E-1.13145
G1 X132.292 Y132.401 E-.36855
;WIPE_END
G1 X124.101 Y132.95 F9000
G1 E5 F2400
G1 F3000
G1 X121.719 Y132.95 E.07865
G1 X98.05 Y109.281 E1.10519
G1 X98.05 Y110.488 E.03985
G1 X110.488 Y98.05 E.58077
G1 X109.281 Y98.05 E.03985
G1 X132.95 Y121.719 E1.10519
G1 X132.95 Y120.512 E.03985
G1 X120.512 Y132.95 E.58077
G1 X116.103 Y132.95 E.14557
G1 X98.05 Y114.897 E.84296
G1 X98.05 Y116.103 E.03982
G1 X116.103 Y98.05 E.84296
G1 X114.897 Y98.05 E.03982
G1 X132.95 Y116.103 E.84296
G1 X132.95 Y114.897 E.03982
G1 X114.897 Y132.95 E.84296
G1 X110.488 Y132.95 E.14557
G1 X98.05 Y120.512 E.58077
G1 X98.05 Y121.719 E.03985
G1 X121.719 Y98.05 E1.10519
G1 X120.512 Y98.05 E.03985
G1 X132.95 Y110.488 E.58077
G1 X132.95 Y109.281 E.03985
G1 X109.281 Y132.95 E1.10519
G1 X106.899 Y132.95 E.07865
G1 E-3.5 F3600
;WIPE_START
G1 F7200
G1 X109.281 Y132.95 E-1.13145
G1 X109.83 Y132.401 E-.36855
;WIPE_END
G1 X101.639 Y132.95 F9000
G1 E5 F2400
G1 F3000
G1 X99.257 Y132.95 E.07865
G1 X98.05 Y131.743 E.05636
G1 X98.05 Y132.95 E.03985
G1 X111.94 Y119.06 E.64857
G1 X111.415 Y118.47 E.02608
G1 X110.887 Y117.556 E.03485
G1 X110.56 Y116.551 E.03489
G1 X110.515 Y116.131 E.01395
G1 X98.05 Y103.665 E.58206
G1 X98.05 Y104.872 E.03985
G1 X104.872 Y98.05 E.31854
G1 X103.665 Y98.05 E.03985
G1 X116.111 Y110.495 E.58112
G1 X115.277 Y110.462 E.02756
G1 X114.875 Y110.51 E.01337
G1 X127.335 Y98.05 E.5818
G1 X126.128 Y98.05 E.03985
G1 X132.95 Y104.872 E.31854
G1 X132.95 Y103.665 E.03985
G1 X120.505 Y116.11 E.5811
G1 X120.507 Y114.892 E.04022
G1 X132.95 Y127.335 E.58101
G1 X132.95 Y126.128 E.03985
G1 X126.128 Y132.95 E.31854
G1 X127.335 Y132.95 E.03985
G1 X114.89 Y120.506 E.58108
G1 X115.502 Y120.55 E.02026
G1 X116.131 Y120.484 E.02088
G1 X103.665 Y132.95 E.58208
G1 X104.872 Y132.95 E.03985
G1 X98.05 Y126.128 E.31854
G1 X98.05 Y127.335 E.03985
G1 X110.502 Y114.883 E.58143
G1 X110.698 Y113.934 E.03199
G1 X111.127 Y112.973 E.03475
G1 X111.736 Y112.133 E.03426
G1 X111.944 Y111.944 E.00928
G1 X98.05 Y98.05 E.64876
G1 X99.257 Y98.05 E.03985
G1 X98.05 Y99.257 E.05636
G1 X98.05 Y101.639 E.07865
;LAYER_CHANGE
;Z:2.8
;HEIGHT:0.2
;BEFORE_LAYER_CHANGE
G92 E0
;2.8


G1 E-3.5 F3600
;WIPE_START
G1 F7200
G1 X98.05 Y99.257 E-1.13145
G1 X98.599 Y98.708 E-.36855
;WIPE_END
G1 Z2.8 F9000
;AFTER_LAYER_CHANGE
;2.8
G1 X111.685 Y112.729
G1 E5 F2400
;TYPE:Perimeter
;WIDTH:0.439999
G1 F1500
G1 X111.91 Y112.405 E.01302
G1 X112.632 Y111.726 E.03272
G1 X113.48 Y111.212 E.03274
G1 X114.415 Y110.886 E.03269
G1 X115.297 Y110.767 E.02939
G1 X115.925 Y110.777 E.02074
G1 X116.436 Y110.85 E.01704
G1 X117.335 Y111.129 E.03108
G1 X118.203 Y111.606 E.0327
G1 X118.954 Y112.254 E.03275
G1 X119.553 Y113.043 E.03271
G1 X119.976 Y113.939 E.03271
G1 X120.202 Y114.904 E.03272
G1 X120.224 Y115.894 E.0327
G1 X120.038 Y116.868 E.03274
G1 X119.655 Y117.781 E.03269
G1 X119.09 Y118.595 E.03272
G1 X118.368 Y119.274 E.03272
G1 X117.52 Y119.788 E.03274
G1 X116.585 Y120.114 E.03269
G1 X115.602 Y120.239 E.03272
G1 X115.055 Y120.222 E.01807
G1 X114.132 Y120.038 E.03107
G1 X113.219 Y119.655 E.03269
G1 X112.405 Y119.09 E.03272
G1 X111.726 Y118.368 E.03272
G1 X111.212 Y117.52 E.03274
G1 X110.886 Y116.585 E.03269
G1 X110.761 Y115.601 E.03275
G1 X110.794 Y114.942 E.02179
G1 X110.963 Y114.126 E.02751
G1 X111.345 Y113.219 E.03249
G1 X111.651 Y112.778 E.01772
G1 X112.004 Y112.96 F9000
G1 F1500
G1 X112.232 Y112.638 E.01303
G1 X112.898 Y112.021 E.02998
G1 X113.678 Y111.556 E.02998
G1 X114.538 Y111.263 E.03
G1 X115.341 Y111.161 E.02673
G1 X115.912 Y111.174 E.01886
G1 X116.462 Y111.263 E.0184
G1 X117.212 Y111.507 E.02604
G1 X118.005 Y111.95 E.02999
G1 X118.688 Y112.549 E.02999
G1 X119.232 Y113.276 E.02998
G1 X119.613 Y114.1 E.02997
G1 X119.814 Y114.986 E.03
G1 X119.826 Y115.894 E.02998
G1 X119.65 Y116.785 E.02999
G1 X119.292 Y117.62 E.03
G1 X118.768 Y118.362 E.02999
G1 X118.102 Y118.979 E.02998
G1 X117.322 Y119.444 E.02998
G1 X116.462 Y119.737 E.03
G1 X115.56 Y119.844 E.02999
G1 X114.986 Y119.814 E.01898
G1 X114.215 Y119.65 E.02603
G1 X113.38 Y119.292 E.03
G1 X112.638 Y118.768 E.02999
G1 X112.021 Y118.102 E.02998
G1 X111.556 Y117.322 E.02998
G1 X111.263 Y116.462 E.03
G1 X111.156 Y115.56 E.02999
G1 X111.19 Y114.971 E.01948
G1 X111.351 Y114.211 E.02565
G1 X111.708 Y113.38 E.02986
G1 X111.97 Y113.009 E.015
G1 X112.315 Y113.186 F9000
;TYPE:External perimeter
;WIDTH:0.419999
G1 F1500
G1 X112.545 Y112.866 E.01236
G1 X113.157 Y112.309 E.02595
G1 X113.872 Y111.891 E.02597
G1 X114.658 Y111.632 E.02595
G1 X115.385 Y111.546 E.02295
G1 X115.9 Y111.561 E.01615
G1 X116.342 Y111.632 E.01404
G1 X117.092 Y111.875 E.02472
G1 X117.811 Y112.286 E.02597
G1 X118.429 Y112.836 E.02594
G1 X118.919 Y113.503 E.02595
G1 X119.259 Y114.258 E.02596
G1 X119.435 Y115.067 E.02596
G1 X119.439 Y115.894 E.02593
G1 X119.271 Y116.705 E.02597
G1 X118.938 Y117.462 E.02593
G1 X118.455 Y118.134 E.02595
G1 X117.843 Y118.691 E.02595
G1 X117.128 Y119.109 E.02597
G1 X116.342 Y119.368 E.02595
G1 X115.52 Y119.459 E.02593
G1 X115.067 Y119.435 E.01422
G1 X114.295 Y119.271 E.02475
G1 X113.538 Y118.938 E.02593
G1 X112.866 Y118.455 E.02595
G1 X112.309 Y117.843 E.02595
G1 X111.891 Y117.128 E.02597
G1 X111.632 Y116.342 E.02595
G1 X111.541 Y115.519 E.02596
G1 X111.576 Y114.999 E.01634
G1 X111.729 Y114.294 E.02262
G1 X112.062 Y113.538 E.0259
G1 X112.28 Y113.234 E.01173
G1 E-3.5 F3600
;WIPE_START
G1 F7200
G1 X112.315 Y113.186 E-.02822
G1 X112.545 Y112.866 E-.18719
G1 X113.157 Y112.309 E-.39307
G1 X113.872 Y111.891 E-.3934
G1 X114.658 Y111.632 E-.3931
G1 X114.877 Y111.606 E-.10502
;WIPE_END
G1 X97.744 Y97.744 F9000
G1 E5 F2400
;TYPE:Perimeter
;WIDTH:0.439999
G1 X133.256 Y97.744 E1.17251
G1 X133.256 Y133.256 E1.17251
G1 X97.744 Y133.256 E1.17251
G1 X97.744 Y97.804 E1.17053
G1 X97.347 Y97.347 F9000
G1 F2400
G1 X133.653 Y97.347 E1.19872
G1 X133.653 Y133.653 E1.19872
G1 X97.347 Y133.653 E1.19872
G1 X97.347 Y97.407 E1.19674
G1 X96.96 Y96.96 F9000
;TYPE:External perimeter
;WIDTH:0.419999
G1 F1500
G1 X134.04 Y96.96 E1.16262
G1 X134.04 Y134.04 E1.16262
G1 X96.96 Y134.04 E1.16262
G1 X96.96 Y97.02 E1.16073
G1 E-3.5 F3600
;WIPE_START
G1 F7200
G1 X96.96 Y96.96 E-.0285
G1 X100.058 Y96.96 E-1.4715
;WIPE_END
G1 X98.05 Y101.639 F9000
G1 E5 F2400
;TYPE:Internal infill
;WIDTH:0.44
G1 F3000
G1 X98.05 Y99.257 E.07865
G1 X99.257 Y98.05 E.05636
G1 X98.05 Y98.05 E.03985
G1 X111.944 Y111.944 E.64876
G1 X111.736 Y112.133 E.00928
G1 X111.127 Y112.973 E.03426
G1 X110.699 Y113.934 E.03473
G1 X110.502 Y114.882 E.03197
G1 X98.05 Y127.335 E.58145
G1 X98.05 Y126.128 E.03985
G1 X104.872 Y132.95 E.31854
G1 X103.665 Y132.95 E.03985
G1 X116.131 Y120.484 E.58208
G1 X115.502 Y120.55 E.02088
G1 X114.89 Y120.506 E.02026
G1 X127.335 Y132.95 E.58108
G1 X126.128 Y132.95 E.03985
G1 X132.95 Y126.128 E.31854
G1 X132.95 Y127.335 E.03985
G1 X120.507 Y114.892 E.58101
G1 X120.505 Y116.11 E.04022
G1 X132.95 Y103.665 E.5811
G1 X132.95 Y104.872 E.03985
G1 X126.128 Y98.05 E.31854
G1 X127.335 Y98.05 E.03985
G1 X114.875 Y110.51 E.5818
G1 X115.269 Y110.462 E.01311
G1 X116.111 Y110.496 E.02782
G1 X103.665 Y98.05 E.58115
G1 X104.872 Y98.05 E.03985
G1 X98.05 Y104.872 E.31854
G1 X98.05 Y103.665 E.03985
G1 X110.515 Y116.131 E.58206
G1 X110.56 Y116.551 E.01395
G1 X110.887 Y117.556 E.03489
G1 X111.415 Y118.47 E.03485
G1 X111.94 Y119.06 E.02608
G1 X98.05 Y132.95 E.64857
G1 X98.05 Y131.743 E.03985
G1 X99.257 Y132.95 E.05636
G1 X101.639 Y132.95 E.07865
G1 E-3.5 F3600
;WIPE_START
G1 F7200
G1 X99.257 Y132.95 E-1.13145
G1 X98.708 Y132.401 E-.36855
;WIPE_END
G1 X106.899 Y132.95 F9000
G1 E5 F2400
G1 F3000
G1 X109.281 Y132.95 E.07865
G1 X132.95 Y109.281 E1.10519
G1 X132.95 Y110.488 E.03985
G1 X120.512 Y98.05 E.58077
G1 X121.719 Y98.05 E.03985
G1 X98.05 Y121.719 E1.10519
G1 X98.05 Y120.512 E.03985
G1 X110.488 Y132.95 E.58077
G1 X114.897 Y132.95 E.14557
G1 X132.95 Y114.897 E.84296
G1 X132.95 Y116.103 E.03982
G1 X114.897 Y98.05 E.84296
G1 X116.103 Y98.05 E.03982
G1 X98.05 Y116.103 E.84296
G1 X98.05 Y114.897 E.03982
G1 X116.103 Y132.95 E.84296
G1 X120.512 Y132.95 E.14557
G1 X132.95 Y120.512 E.58077
G1 X132.95 Y121.719 E.03985
G1 X109.281 Y98.05 E1.10519
G1 X110.488 Y98.05 E.03985
G1 X98.05 Y110.488 E.58077
G1 X98.05 Y109.281 E.03985
G1 X121.719 Y132.95 E1.10519
G1 X124.101 Y132.95 E.07865
G1 E-3.5 F3600
;WIPE_START
G1 F7200
G1 X121.719 Y132.95 E-1.13145
G1 X121.17 Y132.401 E-.36855
;WIPE_END
G1 X129.361 Y132.95 F9000
G1 E5 F2400
G1 F3000
G1 X131.743 Y132.95 E.07865
G1 X132.95 Y131.743 E.05636
G1 X132.95 Y132.95 E.03985
G1 X119.056 Y119.056 E.64876
G1 X119.264 Y118.867 E.00928
G1 X119.873 Y118.027 E.03426
G1 X120.304 Y117.055 E.03511
G1 E-3.5 F3600
;WIPE_START
G1 F7200
G1 X119.873 Y118.027 E-.50505
G1 X119.264 Y118.867 E-.49283
G1 X119.056 Y119.056 E-.1335
G1 X119.605 Y119.605 E-.36862
;WIPE_END
G1 X120.304 Y113.945 F9000
G1 E5 F2400
G1 F3000
G1 X119.873 Y112.973 E.03511
G1 X119.265 Y112.133 E.03424
G1 X119.057 Y111.943 E.0093
G1 X132.95 Y98.05 E.64871
G1 X132.95 Y99.257 E.03985
G1 X131.743 Y98.05 E.05636
G1 X129.361 Y98.05 E.07865
;LAYER_CHANGE
;Z:3
;HEIGHT:0.2
;BEFORE_LAYER_CHANGE
G92 E0
;3


G1 E-3.5 F3600
;WIPE_START
G1 F7200
G1 X131.743 Y98.05 E-1.13145
G1 X132.292 Y98.599 E-.36855
;WIPE_END
G1 Z3 F9000
;AFTER_LAYER_CHANGE
;3
G1 X118.281 Y111.673
G1 E5 F2400
;TYPE:Perimeter
;WIDTH:0.439999
G1 F1500
G1 X118.954 Y112.254 E.02936
G1 X119.553 Y113.043 E.03271
G1 X119.976 Y113.939 E.03271
G1 X120.202 Y114.904 E.03272
G1 X120.224 Y115.894 E.0327
G1 X120.038 Y116.868 E.03274
G1 X119.655 Y117.781 E.03269
G1 X119.09 Y118.595 E.03272
G1 X118.368 Y119.274 E.03272
G1 X117.52 Y119.788 E.03274
G1 X116.585 Y120.114 E.03269
G1 X115.602 Y120.239 E.03272
G1 X114.614 Y120.156 E.03274
G1 X113.665 Y119.871 E.03272
G1 X112.797 Y119.394 E.0327
G1 X112.046 Y118.746 E.03275
G1 X111.447 Y117.957 E.03271
G1 X111.024 Y117.061 E.03271
G1 X110.85 Y116.416 E.02206
G1 X110.76 Y115.594 E.0273
G1 X110.795 Y114.934 E.02182
G1 X110.963 Y114.125 E.02728
G1 X111.345 Y113.219 E.03246
G1 X111.91 Y112.405 E.03272
G1 X112.632 Y111.726 E.03272
G1 X113.48 Y111.212 E.03274
G1 X114.415 Y110.886 E.03269
G1 X115.29 Y110.767 E.02916
G1 X115.924 Y110.777 E.02094
G1 X116.436 Y110.85 E.01708
G1 X117.335 Y111.129 E.03108
G1 X118.203 Y111.606 E.0327
G1 X118.235 Y111.634 E.0014
G1 X118.05 Y111.99 F9000
G1 F1500
G1 X118.688 Y112.549 E.02801
G1 X119.232 Y113.276 E.02998
G1 X119.613 Y114.1 E.02997
G1 X119.814 Y114.986 E.03
G1 X119.826 Y115.894 E.02998
G1 X119.65 Y116.785 E.02999
G1 X119.292 Y117.62 E.03
G1 X118.768 Y118.362 E.02999
G1 X118.102 Y118.979 E.02998
G1 X117.322 Y119.444 E.02998
G1 X116.462 Y119.737 E.03
G1 X115.56 Y119.844 E.02999
G1 X114.656 Y119.762 E.02997
G1 X113.788 Y119.493 E.03
G1 X112.995 Y119.05 E.02999
G1 X112.312 Y118.451 E.02999
G1 X111.768 Y117.724 E.02998
G1 X111.387 Y116.899 E.03
G1 X111.236 Y116.321 E.01972
G1 X111.156 Y115.556 E.0254
G1 X111.191 Y114.963 E.01961
G1 X111.351 Y114.211 E.02538
G1 X111.708 Y113.38 E.02986
G1 X112.232 Y112.638 E.02999
G1 X112.898 Y112.021 E.02998
G1 X113.678 Y111.556 E.02998
G1 X114.538 Y111.263 E.03
G1 X115.334 Y111.162 E.02649
G1 X115.912 Y111.174 E.01909
G1 X116.462 Y111.263 E.0184
G1 X117.212 Y111.507 E.02604
G1 X118.005 Y111.95 E.02999
G1 X117.826 Y112.299 F9000
;TYPE:External perimeter
;WIDTH:0.419999
G1 F1500
G1 X118.429 Y112.836 E.02532
G1 X118.919 Y113.503 E.02595
G1 X119.259 Y114.258 E.02596
G1 X119.435 Y115.067 E.02596
G1 X119.439 Y115.894 E.02593
G1 X119.271 Y116.705 E.02597
G1 X118.938 Y117.462 E.02593
G1 X118.455 Y118.134 E.02595
G1 X117.843 Y118.691 E.02595
G1 X117.128 Y119.109 E.02597
G1 X116.342 Y119.368 E.02595
G1 X115.52 Y119.459 E.02593
G1 X114.696 Y119.377 E.02596
G1 X113.908 Y119.125 E.02594
G1 X113.189 Y118.714 E.02597
G1 X112.571 Y118.164 E.02594
G1 X112.081 Y117.497 E.02595
G1 X111.741 Y116.742 E.02596
G1 X111.612 Y116.229 E.01659
G1 X111.541 Y115.518 E.0224
G1 X111.577 Y114.992 E.01653
G1 X111.729 Y114.294 E.0224
G1 X112.062 Y113.538 E.0259
G1 X112.545 Y112.866 E.02595
G1 X113.157 Y112.309 E.02595
G1 X113.872 Y111.891 E.02597
G1 X114.658 Y111.632 E.02595
G1 X115.378 Y111.546 E.02274
G1 X115.9 Y111.561 E.01637
G1 X116.342 Y111.632 E.01404
G1 X117.092 Y111.875 E.02472
G1 X117.776 Y112.266 E.0247
G1 E-3.5 F3600
;WIPE_START
G1 F7200
G1 X117.826 Y112.299 E-.02846
G1 X118.429 Y112.836 E-.38354
G1 X118.919 Y113.503 E-.39313
G1 X119.259 Y114.258 E-.39331
G1 X119.394 Y114.878 E-.30156
;WIPE_END
G1 X133.256 Y97.744 F9000
G1 E5 F2400
;TYPE:Perimeter
;WIDTH:0.439999
G1 X133.256 Y133.256 E1.17251
G1 X97.744 Y133.256 E1.17251
G1 X97.744 Y97.744 E1.17251
G1 X133.196 Y97.744 E1.17053
G1 X133.653 Y97.347 F9000
G1 F2400
G1 X133.653 Y133.653 E1.19872
G1 X97.347 Y133.653 E1.19872
G1 X97.347 Y97.347 E1.19872
G1 X133.593 Y97.347 E1.19674
G1 X134.04 Y96.96 F9000
;TYPE:External perimeter
;WIDTH:0.419999
G1 F1500
G1 X134.04 Y134.04 E1.16262
G1 X96.96 Y134.04 E1.16262
G1 X96.96 Y96.96 E1.16262
G1 X133.98 Y96.96 E1.16073
G1 E-3.5 F3600
;WIPE_START
G1 F7200
G1 X134.04 Y96.96 E-.0285
G1 X134.04 Y100.058 E-1.4715
;WIPE_END
G1 X129.361 Y98.05 F9000
G1 E5 F2400
;TYPE:Internal infill
;WIDTH:0.44
G1 F3000
G1 X131.743 Y98.05 E.07865
G1 X132.95 Y99.257 E.05636
G1 X132.95 Y98.05 E.03985
G1 X119.057 Y111.943 E.64871
G1 X119.265 Y112.133 E.0093
G1 X119.873 Y112.973 E.03424
G1 X120.304 Y113.945 E.03511
G1 E-3.5 F3600
;WIPE_START
G1 F7200
G1 X119.873 Y112.973 E-.50505
G1 X119.265 Y112.133 E-.49255
G1 X119.057 Y111.943 E-.13382
G1 X119.606 Y111.394 E-.36858
;WIPE_END
G1 X110.696 Y113.945 F9000
G1 E5 F2400
G1 F3000
G1 X111.127 Y112.973 E.03511
G1 X111.736 Y112.133 E.03426
G1 X111.944 Y111.944 E.00928
G1 X98.05 Y98.05 E.64876
G1 X98.05 Y99.257 E.03985
G1 X99.257 Y98.05 E.05636
G1 X101.639 Y98.05 E.07865
G1 E-3.5 F3600
;WIPE_START
G1 F7200
G1 X99.257 Y98.05 E-1.13145
G1 X98.708 Y98.599 E-.36855
;WIPE_END
G1 X124.101 Y132.95 F9000
G1 E5 F2400
G1 F3000
G1 X121.719 Y132.95 E.07865
G1 X98.05 Y109.281 E1.10519
G1 X98.05 Y110.488 E.03985
G1 X110.488 Y98.05 E.58077
G1 X109.281 Y98.05 E.03985
G1 X132.95 Y121.719 E1.10519
G1 X132.95 Y120.512 E.03985
G1 X120.512 Y132.95 E.58077
G1 X116.103 Y132.95 E.14557
G1 X98.05 Y114.897 E.84296
G1 X98.05 Y116.103 E.03982
G1 X116.103 Y98.05 E.84296
G1 X114.897 Y98.05 E.03982
G1 X132.95 Y116.103 E.84296
G1 X132.95 Y114.897 E.03982
G1 X114.897 Y132.95 E.84296
G1 X110.488 Y132.95 E.14557
G1 X98.05 Y120.512 E.58077
G1 X98.05 Y121.719 E.03985
G1 X121.719 Y98.05 E1.10519
G1 X120.512 Y98.05 E.03985
G1 X132.95 Y110.488 E.58077
G1 X132.95 Y109.281 E.03985
G1 X109.281 Y132.95 E1.10519
G1 X106.899 Y132.95 E.07865
G1 E-3.5 F3600
;WIPE_START
G1 F7200
G1 X109.281 Y132.95 E-1.13145
G1 X109.83 Y132.401 E-.36855
;WIPE_END
G1 X101.639 Y132.95 F9000
G1 E5 F2400
G1 F3000
G1 X99.257 Y132.95 E.07865
G1 X98.05 Y131.743 E.05636
G1 X98.05 Y132.95 E.03985
G1 X111.94 Y119.06 E.64857
G1 X112.53 Y119.585 E.02608
G1 X113.444 Y120.113 E.03485
G1 X114.449 Y120.44 E.03489
G1 X114.869 Y120.484 E.01394
G1 X127.335 Y132.95 E.58208
G1 X126.128 Y132.95 E.03985
G1 X132.95 Y126.128 E.31854
G1 X132.95 Y127.335 E.03985
G1 X120.507 Y114.892 E.58101
G1 X120.505 Y116.11 E.04022
G1 X132.95 Y103.665 E.5811
G1 X132.95 Y104.872 E.03985
G1 X126.128 Y98.05 E.31854
G1 X127.335 Y98.05 E.03985
G1 X114.875 Y110.509 E.58178
G1 X115.262 Y110.463 E.01287
G1 X116.111 Y110.496 E.02805
G1 X103.665 Y98.05 E.58115
G1 X104.872 Y98.05 E.03985
G1 X98.05 Y104.872 E.31854
G1 X98.05 Y103.665 E.03985
G1 X110.508 Y116.124 E.58173
G1 X110.45 Y115.514 E.02023
G1 X110.503 Y114.882 E.02094
G1 X98.05 Y127.335 E.58147
G1 X98.05 Y126.128 E.03985
G1 X104.872 Y132.95 E.31854
G1 X103.665 Y132.95 E.03985
G1 X116.131 Y120.484 E.58208
G1 X116.551 Y120.44 E.01394
G1 X117.556 Y120.113 E.03489
G1 X118.47 Y119.585 E.03485
G1 X119.056 Y119.056 E.02607
G1 X132.95 Y132.95 E.64876
G1 X131.743 Y132.95 E.03985
G1 X132.95 Y131.743 E.05636
G1 X132.95 Y129.361 E.07865
;LAYER_CHANGE
;Z:3.2
;HEIGHT:0.2
;BEFORE_LAYER_CHANGE
G92 E0
;3.2


G1 E-3.5 F3600
;WIPE_START
G1 F7200
G1 X132.95 Y131.743 E-1.13145
G1 X132.401 Y132.292 E-.36855
;WIPE_END
G1 Z3.2 F9000
;AFTER_LAYER_CHANGE
;3.2
G1 X119.327 Y118.281
G1 E5 F2400
;TYPE:Perimeter
;WIDTH:0.439999
G1 F1500
G1 X118.746 Y118.954 E.02936
G1 X117.957 Y119.553 E.03271
G1 X117.061 Y119.976 E.03271
G1 X116.211 Y120.184 E.02889
G1 X115.573 Y120.241 E.02115
G1 X115.055 Y120.222 E.01711
G1 X114.132 Y120.038 E.03107
G1 X113.219 Y119.655 E.03269
G1 X112.405 Y119.09 E.03272
G1 X111.726 Y118.368 E.03272
G1 X111.212 Y117.52 E.03274
G1 X110.886 Y116.585 E.03269
G1 X110.761 Y115.601 E.03275
G1 X110.796 Y114.926 E.02232
G1 X110.963 Y114.124 E.02705
G1 X111.345 Y113.219 E.03243
G1 X111.91 Y112.405 E.03272
G1 X112.632 Y111.726 E.03272
G1 X113.48 Y111.212 E.03274
G1 X114.415 Y110.886 E.03269
G1 X115.282 Y110.768 E.02889
G1 X115.923 Y110.777 E.02117
G1 X116.868 Y110.962 E.03179
G1 X117.781 Y111.345 E.03269
G1 X118.595 Y111.91 E.03272
G1 X119.274 Y112.632 E.03272
G1 X119.788 Y113.48 E.03274
G1 X120.114 Y114.415 E.03269
G1 X120.239 Y115.398 E.03272
G1 X120.156 Y116.386 E.03274
G1 X119.871 Y117.335 E.03272
G1 X119.394 Y118.203 E.0327
G1 X119.366 Y118.235 E.0014
G1 X119.01 Y118.05 F9000
G1 F1500
G1 X118.451 Y118.688 E.02801
G1 X117.724 Y119.232 E.02998
G1 X116.9 Y119.613 E.02997
G1 X116.126 Y119.796 E.02626
G1 X115.543 Y119.846 E.01932
G1 X114.986 Y119.814 E.01842
G1 X114.215 Y119.65 E.02603
G1 X113.38 Y119.292 E.03
G1 X112.638 Y118.768 E.02999
G1 X112.021 Y118.102 E.02998
G1 X111.556 Y117.322 E.02998
G1 X111.263 Y116.462 E.03
G1 X111.156 Y115.56 E.02999
G1 X111.192 Y114.956 E.01998
G1 X111.351 Y114.21 E.02518
G1 X111.708 Y113.38 E.02983
G1 X112.232 Y112.638 E.02999
G1 X112.898 Y112.021 E.02998
G1 X113.678 Y111.556 E.02998
G1 X114.538 Y111.263 E.03
G1 X115.327 Y111.162 E.02626
G1 X115.911 Y111.174 E.01929
G1 X116.785 Y111.35 E.02944
G1 X117.62 Y111.708 E.03
G1 X118.362 Y112.232 E.02999
G1 X118.979 Y112.898 E.02998
G1 X119.444 Y113.678 E.02998
G1 X119.737 Y114.538 E.03
G1 X119.844 Y115.44 E.02999
G1 X119.762 Y116.344 E.02997
G1 X119.493 Y117.212 E.03
G1 X119.05 Y118.005 E.02999
G1 X118.701 Y117.826 F9000
;TYPE:External perimeter
;WIDTH:0.419999
G1 F1500
G1 X118.164 Y118.429 E.02532
G1 X117.497 Y118.919 E.02595
G1 X116.742 Y119.259 E.02596
G1 X116.042 Y119.418 E.02251
G1 X115.514 Y119.46 E.01661
G1 X115.067 Y119.435 E.01404
G1 X114.295 Y119.271 E.02475
G1 X113.538 Y118.938 E.02593
G1 X112.866 Y118.455 E.02595
G1 X112.309 Y117.843 E.02595
G1 X111.891 Y117.128 E.02597
G1 X111.632 Y116.342 E.02595
G1 X111.541 Y115.519 E.02596
G1 X111.578 Y114.985 E.01678
G1 X111.729 Y114.294 E.02218
G1 X112.062 Y113.538 E.0259
G1 X112.545 Y112.866 E.02595
G1 X113.157 Y112.309 E.02595
G1 X113.872 Y111.891 E.02597
G1 X114.658 Y111.632 E.02595
G1 X115.37 Y111.547 E.02248
G1 X115.9 Y111.561 E.01662
G1 X116.705 Y111.729 E.02578
G1 X117.462 Y112.062 E.02593
G1 X118.134 Y112.545 E.02595
G1 X118.691 Y113.157 E.02595
G1 X119.109 Y113.872 E.02597
G1 X119.368 Y114.658 E.02595
G1 X119.459 Y115.48 E.02593
G1 X119.377 Y116.304 E.02596
G1 X119.125 Y117.092 E.02594
G1 X118.734 Y117.776 E.0247
G1 E-3.5 F3600
;WIPE_START
G1 F7200
G1 X118.701 Y117.826 E-.02846
G1 X118.164 Y118.429 E-.38354
G1 X117.497 Y118.919 E-.39313
G1 X116.742 Y119.259 E-.39331
G1 X116.123 Y119.4 E-.30156
;WIPE_END
G1 X133.256 Y133.256 F9000
G1 E5 F2400
;TYPE:Perimeter
;WIDTH:0.439999
G1 X97.744 Y133.256 E1.17251
G1 X97.744 Y97.744 E1.17251
G1 X133.256 Y97.744 E1.17251
G1 X133.256 Y133.196 E1.17053
G1 X133.653 Y133.653 F9000
G1 F2400
G1 X97.347 Y133.653 E1.19872
G1 X97.347 Y97.347 E1.19872
G1 X133.653 Y97.347 E1.19872
G1 X133.653 Y133.593 E1.19674
G1 X134.04 Y134.04 F9000
;TYPE:External perimeter
;WIDTH:0.419999
G1 F1500
G1 X96.96 Y134.04 E1.16262
G1 X96.96 Y96.96 E1.16262
G1 X134.04 Y96.96 E1.16262
G1 X134.04 Y133.98 E1.16073
G1 E-3.5 F3600
;WIPE_START
G1 F7200
G1 X134.04 Y134.04 E-.0285
G1 X130.942 Y134.04 E-1.4715
;WIPE_END
G1 X132.553 Y129.758 F9000
G1 E5 F2400
;TYPE:Internal infill
;WIDTH:0.44
G1 F3000
G1 X132.553 Y132.14 E.07865
G1 X132.14 Y132.553 E.01928
G1 X132.553 Y132.553 E.01364
G1 X119.06 Y119.06 E.63004
G1 X119.585 Y118.47 E.02608
G1 X120.113 Y117.556 E.03485
G1 X120.44 Y116.551 E.03489
G1 X120.484 Y116.131 E.01394
G1 X132.553 Y104.063 E.56352
G1 X132.553 Y104.475 E.0136
G1 X126.525 Y98.447 E.28147
G1 X126.937 Y98.447 E.0136
G1 X114.875 Y110.509 E.56322
G1 X115.254 Y110.463 E.01261
G1 X116.108 Y110.493 E.02821
G1 X104.063 Y98.447 E.56245
G1 X104.475 Y98.447 E.0136
G1 X98.447 Y104.475 E.28147
G1 X98.447 Y104.063 E.0136
G1 X110.515 Y116.131 E.5635
G1 X110.45 Y115.518 E.02035
G1 X110.504 Y114.881 E.02111
G1 X98.447 Y126.937 E.56296
G1 X98.447 Y126.525 E.0136
G1 X104.475 Y132.553 E.28147
G1 X104.063 Y132.553 E.0136
G1 X116.113 Y120.502 E.56268
G1 X115.501 Y120.55 E.02027
G1 X114.89 Y120.506 E.02023
G1 X126.937 Y132.553 E.56252
G1 X126.525 Y132.553 E.0136
G1 X132.553 Y126.525 E.28147
G1 X132.553 Y126.937 E.0136
G1 X120.484 Y114.869 E.56352
G1 X120.44 Y114.449 E.01394
G1 X120.113 Y113.444 E.03489
G1 X119.585 Y112.53 E.03485
G1 X119.056 Y111.944 E.02607
G1 X132.553 Y98.447 E.63022
G1 X132.553 Y98.86 E.01364
G1 X132.14 Y98.447 E.01928
G1 X129.758 Y98.447 E.07865
G1 E-3.5 F3600
;WIPE_START
G1 F7200
G1 X132.14 Y98.447 E-1.13145
G1 X132.553 Y98.86 E-.27743
G1 X132.553 Y98.668 E-.09112
;WIPE_END
G1 X116.382 Y98.05 F9000
G1 E5 F2400
;TYPE:Solid infill
;WIDTH:0.44003
G1 X132.752 Y98.05 E.54053
;WIDTH:0.474094
G1 X132.834 Y98.067 E.003
;WIDTH:0.50816
G1 X132.916 Y98.084 E.00324
G1 X132.933 Y98.166 E.00324
;WIDTH:0.474094
G1 X132.95 Y98.248 E.003
;WIDTH:0.440028
G1 X132.95 Y114.823 E.5473
G1 X132.553 Y115.294 F9000
;TYPE:Internal infill
;WIDTH:0.44
G1 F3000
G1 X115.294 Y132.553 E.80588
G1 X116.626 Y132.95 F9000
;TYPE:Solid infill
;WIDTH:0.44003
G1 F2400
G1 X132.752 Y132.95 E.53248
;WIDTH:0.474097
G1 X132.834 Y132.933 E.003
;WIDTH:0.508164
G1 X132.916 Y132.916 E.00324
G1 X132.933 Y132.834 E.00324
;WIDTH:0.474096
G1 X132.95 Y132.752 E.003
;WIDTH:0.44003
G1 X132.95 Y116.626 E.53248
G1 X132.553 Y118.31 F9000
;TYPE:Internal infill
;WIDTH:0.44
G1 F3000
G1 X132.553 Y116.462 E.06102
G1 X132.931 Y116.084 E.01765
G1 X114.995 Y98.149 E.83747
G1 X114.697 Y98.447 E.01391
G1 X112.736 Y98.447 E.06475
G1 X114.532 Y98.05 F9000
;TYPE:Solid infill
;WIDTH:0.44003
G1 F2400
G1 X98.248 Y98.05 E.53769
;WIDTH:0.474097
G1 X98.166 Y98.067 E.003
;WIDTH:0.508164
G1 X98.084 Y98.084 E.00324
G1 X98.067 Y98.166 E.00324
;WIDTH:0.474097
G1 X98.05 Y98.248 E.003
;WIDTH:0.44003
G1 X98.05 Y114.532 E.53769
G1 X98.447 Y115.706 F9000
;TYPE:Internal infill
;WIDTH:0.44
G1 F3000
G1 X115.706 Y98.447 E.80588
G1 E-3.5 F3600
;WIPE_START
G1 F7200
G1 X113.473 Y100.68 E-1.5
;WIPE_END
G1 X101.242 Y98.447 F9000
G1 E5 F2400
G1 F3000
G1 X98.86 Y98.447 E.07865
G1 X98.447 Y98.86 E.01928
G1 X98.447 Y98.447 E.01364
G1 X111.944 Y111.944 E.63022
G1 X111.736 Y112.133 E.00928
G1 X111.127 Y112.973 E.03426
G1 X110.696 Y113.945 E.03511
G1 E-3.5 F3600
;WIPE_START
G1 F7200
G1 X111.127 Y112.973 E-.50505
G1 X111.736 Y112.133 E-.49283
G1 X111.944 Y111.944 E-.1335
G1 X111.395 Y111.395 E-.36862
;WIPE_END
G1 X113.947 Y120.299 F9000
G1 E5 F2400
G1 F3000
G1 X112.973 Y119.873 E.0351
G1 X112.221 Y119.334 E.03055
G1 X111.94 Y119.06 E.01296
G1 X98.447 Y132.553 E.63004
G1 X98.447 Y132.14 E.01364
G1 X98.86 Y132.553 E.01928
G1 X101.242 Y132.553 E.07865
G1 E-3.5 F3600
;WIPE_START
G1 F7200
G1 X98.86 Y132.553 E-1.13145
G1 X98.447 Y132.14 E-.27743
G1 X98.447 Y132.332 E-.09112
;WIPE_END
G1 X107.296 Y132.553 F9000
G1 E5 F2400
G1 F3000
G1 X109.678 Y132.553 E.07865
G1 X132.553 Y109.678 E1.06811
G1 X132.553 Y110.091 E.01364
G1 X120.909 Y98.447 E.5437
G1 X121.322 Y98.447 E.01364
G1 X98.447 Y121.322 E1.06811
G1 X98.447 Y120.909 E.01364
G1 X110.091 Y132.553 E.5437
G1 X112.473 Y132.553 E.07865
G1 E-3.5 F3600
;WIPE_START
G1 F7200
G1 X110.091 Y132.553 E-1.13145
G1 X109.542 Y132.004 E-.36855
;WIPE_END
G1 X123.704 Y132.553 F9000
G1 E5 F2400
G1 F3000
G1 X121.322 Y132.553 E.07865
G1 X98.447 Y109.678 E1.06811
G1 X98.447 Y110.091 E.01364
G1 X110.091 Y98.447 E.5437
G1 X109.678 Y98.447 E.01364
G1 X132.553 Y121.322 E1.06811
G1 X132.553 Y120.909 E.01364
G1 X120.909 Y132.553 E.5437
G1 X116.462 Y132.553 E.14683
G1 X116.084 Y132.931 E.01765
G1 X98.149 Y114.995 E.83747
G1 X98.447 Y114.697 E.01391
G1 X98.447 Y112.736 E.06475
G1 E-3.5 F3600
;WIPE_START
G1 F7200
G1 X98.447 Y114.697 E-.93147
G1 X98.149 Y114.995 E-.20018
G1 X98.697 Y115.543 E-.36835
;WIPE_END
G1 X98.05 Y116.382 F9000
G1 E5 F2400
;TYPE:Solid infill
;WIDTH:0.44003
G1 X98.05 Y132.752 E.54053
;WIDTH:0.474094
G1 X98.067 Y132.834 E.003
;WIDTH:0.508158
G1 X98.084 Y132.916 E.00324
G1 X98.166 Y132.933 E.00324
;WIDTH:0.474093
G1 X98.248 Y132.95 E.003
;WIDTH:0.440028
G1 X114.786 Y132.95 E.54608
;LAYER_CHANGE
;Z:3.4
;HEIGHT:0.2
;BEFORE_LAYER_CHANGE
G92 E0
;3.4


G1 E-3.5 F3600
;WIPE_START
G1 F7200
G1 X111.628 Y132.95 E-1.5
;WIPE_END
G1 Z3.4 F9000
;AFTER_LAYER_CHANGE
;3.4
G1 X115.5 Y120.239
G1 E5 F2400
;TYPE:Perimeter
;WIDTH:0.439999
G1 F1500
G1 X115.055 Y120.222 E.0147
G1 X114.132 Y120.038 E.03107
G1 X113.219 Y119.655 E.03269
G1 X112.405 Y119.09 E.03272
G1 X111.726 Y118.368 E.03272
G1 X111.212 Y117.52 E.03274
G1 X110.886 Y116.585 E.03269
G1 X110.761 Y115.601 E.03275
G1 X110.797 Y114.918 E.02258
G1 X110.964 Y114.124 E.02679
G1 X111.345 Y113.219 E.03242
G1 X111.91 Y112.405 E.03272
G1 X112.632 Y111.726 E.03272
G1 X113.48 Y111.212 E.03274
G1 X114.415 Y110.886 E.03269
G1 X115.274 Y110.768 E.02863
G1 X115.922 Y110.777 E.0214
G1 X116.868 Y110.962 E.03183
G1 X117.781 Y111.345 E.03269
G1 X118.595 Y111.91 E.03272
G1 X119.274 Y112.632 E.03272
G1 X119.788 Y113.48 E.03274
G1 X120.114 Y114.415 E.03269
G1 X120.239 Y115.398 E.03272
G1 X120.156 Y116.386 E.03274
G1 X119.871 Y117.335 E.03272
G1 X119.394 Y118.203 E.0327
G1 X118.746 Y118.954 E.03275
G1 X117.957 Y119.553 E.03271
G1 X117.061 Y119.976 E.03271
G1 X116.219 Y120.182 E.02862
G1 X115.574 Y120.241 E.02139
G1 X115.56 Y120.241 E.00046
G1 X115.5 Y119.843 F9000
G1 F1500
G1 X114.986 Y119.814 E.017
G1 X114.215 Y119.65 E.02603
G1 X113.38 Y119.292 E.03
G1 X112.638 Y118.768 E.02999
G1 X112.021 Y118.102 E.02998
G1 X111.556 Y117.322 E.02998
G1 X111.263 Y116.462 E.03
G1 X111.156 Y115.56 E.02999
G1 X111.193 Y114.948 E.02024
G1 X111.351 Y114.21 E.02492
G1 X111.708 Y113.38 E.02983
G1 X112.232 Y112.638 E.02999
G1 X112.898 Y112.021 E.02998
G1 X113.678 Y111.556 E.02998
G1 X114.538 Y111.263 E.03
G1 X115.319 Y111.163 E.026
G1 X115.91 Y111.174 E.01952
G1 X116.785 Y111.35 E.02947
G1 X117.62 Y111.708 E.03
G1 X118.362 Y112.232 E.02999
G1 X118.979 Y112.898 E.02998
G1 X119.444 Y113.678 E.02998
G1 X119.737 Y114.538 E.03
G1 X119.844 Y115.44 E.02999
G1 X119.762 Y116.344 E.02997
G1 X119.493 Y117.212 E.03
G1 X119.05 Y118.005 E.02999
G1 X118.451 Y118.688 E.02999
G1 X117.724 Y119.232 E.02998
G1 X116.9 Y119.613 E.02997
G1 X116.133 Y119.795 E.02603
G1 X115.56 Y119.844 E.01899
G1 X115.5 Y119.459 F9000
;TYPE:External perimeter
;WIDTH:0.419999
G1 F1500
G1 X115.067 Y119.435 E.0136
G1 X114.295 Y119.271 E.02475
G1 X113.538 Y118.938 E.02593
G1 X112.866 Y118.455 E.02595
G1 X112.309 Y117.843 E.02595
G1 X111.891 Y117.128 E.02597
G1 X111.632 Y116.342 E.02595
G1 X111.541 Y115.519 E.02596
G1 X111.579 Y114.977 E.01704
G1 X111.729 Y114.294 E.02193
G1 X112.062 Y113.538 E.0259
G1 X112.545 Y112.866 E.02595
G1 X113.157 Y112.309 E.02595
G1 X113.872 Y111.891 E.02597
G1 X114.658 Y111.632 E.02595
G1 X115.363 Y111.547 E.02226
G1 X115.899 Y111.561 E.01681
G1 X116.705 Y111.729 E.02581
G1 X117.462 Y112.062 E.02593
G1 X118.134 Y112.545 E.02595
G1 X118.691 Y113.157 E.02595
G1 X119.109 Y113.872 E.02597
G1 X119.368 Y114.658 E.02595
G1 X119.459 Y115.48 E.02593
G1 X119.377 Y116.304 E.02596
G1 X119.125 Y117.092 E.02594
G1 X118.714 Y117.811 E.02597
G1 X118.164 Y118.429 E.02594
G1 X117.497 Y118.919 E.02595
G1 X116.742 Y119.259 E.02596
G1 X116.049 Y119.417 E.02229
G1 X115.56 Y119.456 E.01538
G1 E-3.5 F3600
;WIPE_START
G1 F7200
G1 X115.5 Y119.459 E-.02854
G1 X115.067 Y119.435 E-.20599
G1 X114.295 Y119.271 E-.37488
G1 X113.538 Y118.938 E-.39283
G1 X112.866 Y118.455 E-.3931
G1 X112.718 Y118.292 E-.10466
;WIPE_END
G1 X133.256 Y133.256 F9000
G1 E5 F2400
;TYPE:Perimeter
;WIDTH:0.439999
G1 X97.744 Y133.256 E1.17251
G1 X97.744 Y97.744 E1.17251
G1 X133.256 Y97.744 E1.17251
G1 X133.256 Y133.196 E1.17053
G1 X133.653 Y133.653 F9000
G1 F2400
G1 X97.347 Y133.653 E1.19872
G1 X97.347 Y97.347 E1.19872
G1 X133.653 Y97.347 E1.19872
G1 X133.653 Y133.593 E1.19674
G1 X134.04 Y134.04 F9000
;TYPE:External perimeter
;WIDTH:0.419999
G1 F1500
G1 X96.96 Y134.04 E1.16262
G1 X96.96 Y96.96 E1.16262
G1 X134.04 Y96.96 E1.16262
G1 X134.04 Y133.98 E1.16073
G1 E-3.5 F3600
;WIPE_START
G1 F7200
G1 X134.04 Y134.04 E-.0285
G1 X130.942 Y134.04 E-1.4715
;WIPE_END
G1 X132.226 Y133.127 F9000
G1 E5 F2400
M204 S250
;TYPE:Bridge infill
;WIDTH:0.395264
;HEIGHT:0.389872
G1 F1500
G1 X132.929 Y132.424 E.05072
G1 X132.929 Y131.794 E.03214
G1 X131.794 Y132.929 E.08189
G1 X131.165 Y132.929 E.03209
G1 X132.929 Y131.165 E.12727
G1 X132.929 Y130.535 E.03214
G1 X130.535 Y132.929 E.17272
G1 X129.905 Y132.929 E.03214
G1 X132.929 Y129.905 E.21817
G1 X132.929 Y129.275 E.03214
G1 X129.275 Y132.929 E.26362
G1 X128.646 Y132.929 E.03209
G1 X132.929 Y128.646 E.309
G1 X132.929 Y128.016 E.03214
G1 X128.016 Y132.929 E.35445
G1 X127.386 Y132.929 E.03214
G1 X132.929 Y127.386 E.39991
G1 X132.929 Y126.757 E.03209
G1 X126.757 Y132.929 E.44529
G1 X126.127 Y132.929 E.03214
G1 X132.929 Y126.127 E.49074
G1 X132.929 Y125.497 E.03214
G1 X125.497 Y132.929 E.53619
G1 X124.868 Y132.929 E.03209
G1 X132.929 Y124.868 E.58157
G1 X132.929 Y124.238 E.03214
G1 X124.238 Y132.929 E.62702
G1 X123.608 Y132.929 E.03214
G1 X132.929 Y123.608 E.67247
G1 X132.929 Y122.978 E.03214
G1 X122.978 Y132.929 E.71793
G1 X122.349 Y132.929 E.03209
G1 X132.929 Y122.349 E.76331
G1 X132.929 Y121.719 E.03214
G1 X121.719 Y132.929 E.80876
G1 X121.089 Y132.929 E.03214
G1 X132.929 Y121.089 E.85421
G1 X132.929 Y120.46 E.03209
G1 X120.46 Y132.929 E.89959
G1 X119.83 Y132.929 E.03214
G1 X132.929 Y119.83 E.94504
G1 X132.929 Y119.2 E.03214
G1 X119.2 Y132.929 E.9905
G1 X118.571 Y132.929 E.03209
G1 X132.929 Y118.571 E1.03588
G1 X132.929 Y117.941 E.03214
G1 X117.941 Y132.929 E1.08133
G1 X117.311 Y132.929 E.03214
G1 X132.929 Y117.311 E1.12678
G1 X132.929 Y116.682 E.03209
G1 X116.484 Y133.127 E1.18644
M204 S500
G1 X115.393 Y131.719 F9000
M204 S250
;WIDTH:0.393944
G1 F1500
G1 X114.183 Y132.929 E.08671
G1 X113.555 Y132.929 E.03182
G1 X114.939 Y131.545 E.09918
G1 X114.625 Y131.231 E.0225
G1 X112.927 Y132.929 E.12169
G1 X112.3 Y132.929 E.03177
G1 X114.311 Y130.917 E.14415
G1 X113.997 Y130.603 E.0225
G1 X111.672 Y132.929 E.16666
G1 X111.044 Y132.929 E.03182
G1 X113.683 Y130.289 E.18916
G1 X113.369 Y129.976 E.02247
G1 X110.416 Y132.929 E.21163
G1 X109.788 Y132.929 E.03182
G1 X113.055 Y129.662 E.23413
G1 X112.741 Y129.348 E.0225
G1 X109.16 Y132.929 E.25663
G1 X108.533 Y132.929 E.03177
G1 X112.428 Y129.034 E.27914
G1 X112.114 Y128.72 E.0225
G1 X107.905 Y132.929 E.30164
G1 X107.277 Y132.929 E.03182
G1 X111.8 Y128.406 E.32414
G1 X111.486 Y128.092 E.0225
G1 X106.649 Y132.929 E.34664
G1 X106.021 Y132.929 E.03182
G1 X111.172 Y127.778 E.36915
G1 X110.858 Y127.464 E.0225
G1 X105.393 Y132.929 E.39165
G1 X104.766 Y132.929 E.03177
G1 X110.544 Y127.15 E.41412
G1 X110.23 Y126.836 E.0225
G1 X104.138 Y132.929 E.43662
G1 X103.51 Y132.929 E.03182
G1 X109.916 Y126.522 E.45912
G1 X109.602 Y126.209 E.02247
G1 X102.882 Y132.929 E.48159
G1 X102.254 Y132.929 E.03182
G1 X109.288 Y125.895 E.50409
G1 X108.974 Y125.581 E.0225
G1 X101.626 Y132.929 E.5266
G1 X100.999 Y132.929 E.03177
G1 X108.661 Y125.267 E.5491
G1 X108.347 Y124.953 E.0225
G1 X100.371 Y132.929 E.5716
G1 X99.743 Y132.929 E.03182
G1 X108.033 Y124.639 E.5941
G1 X107.719 Y124.325 E.0225
G1 X99.115 Y132.929 E.61661
G1 X98.487 Y132.929 E.03182
G1 X107.405 Y124.011 E.63911
G1 X107.091 Y123.697 E.0225
G1 X98.071 Y132.717 E.64642
G1 X98.071 Y132.089 E.03182
G1 X106.777 Y123.383 E.62392
G1 X106.463 Y123.069 E.0225
G1 X98.071 Y131.461 E.60141
G1 X98.071 Y130.833 E.03182
G1 X106.149 Y122.756 E.57888
G1 X105.835 Y122.442 E.0225
G1 X98.071 Y130.206 E.55641
G1 X98.071 Y129.578 E.03182
G1 X105.521 Y122.128 E.53391
G1 X105.207 Y121.814 E.0225
G1 X98.071 Y128.95 E.5114
G1 X98.071 Y128.322 E.03182
G1 X104.894 Y121.5 E.48894
G1 X104.58 Y121.186 E.0225
G1 X98.071 Y127.694 E.46643
G1 X98.071 Y127.066 E.03182
G1 X104.266 Y120.872 E.44393
G1 X103.952 Y120.558 E.0225
G1 X98.071 Y126.439 E.42146
G1 X98.071 Y125.811 E.03182
G1 X103.638 Y120.244 E.39896
G1 X103.324 Y119.93 E.0225
G1 X98.071 Y125.183 E.37646
G1 X98.071 Y124.555 E.03182
G1 X103.01 Y119.616 E.35395
G1 X102.696 Y119.302 E.0225
G1 X98.071 Y123.927 E.33145
G1 X98.071 Y123.299 E.03182
G1 X102.382 Y118.989 E.30891
G1 X102.068 Y118.675 E.0225
G1 X98.071 Y122.672 E.28645
G1 X98.071 Y122.044 E.03182
G1 X101.754 Y118.361 E.26394
G1 X101.44 Y118.047 E.0225
G1 X98.071 Y121.416 E.24144
G1 X98.071 Y120.788 E.03182
G1 X101.127 Y117.733 E.21897
G1 X100.813 Y117.419 E.0225
G1 X98.071 Y120.16 E.19647
G1 X98.071 Y119.532 E.03182
G1 X100.499 Y117.105 E.17397
G1 X100.185 Y116.791 E.0225
G1 X98.071 Y118.905 E.1515
G1 X98.071 Y118.277 E.03182
G1 X99.871 Y116.477 E.129
G1 X99.557 Y116.163 E.0225
G1 X98.071 Y117.649 E.10649
G1 X98.071 Y117.021 E.03182
G1 X99.243 Y115.849 E.08399
G1 X98.929 Y115.535 E.0225
G1 X97.873 Y116.591 E.07568
M204 S500
G1 E-3.5 F3600
;WIPE_START
G1 F7200
G1 X98.929 Y115.535 E-.70937
G1 X99.243 Y115.849 E-.21093
G1 X98.38 Y116.712 E-.5797
;WIPE_END
G1 X110.696 Y113.945 F9000
G1 E5 F2400
;TYPE:Internal infill
;WIDTH:0.44
;HEIGHT:0.2
G1 F3000
G1 X111.127 Y112.973 E.03511
G1 X111.736 Y112.133 E.03426
G1 X111.944 Y111.944 E.00928
G1 X106.572 Y106.572 E.25084
G1 X103.764 Y109.38 E.13112
G1 X110.515 Y116.131 E.31523
G1 X110.45 Y115.518 E.02035
G1 X110.504 Y114.88 E.02114
G1 X104.685 Y120.699 E.27171
G1 X101.877 Y117.892 E.13109
G1 X117.892 Y101.877 E.7478
G1 X120.699 Y104.685 E.13109
G1 X114.876 Y110.509 E.27192
G1 X115.246 Y110.464 E.01231
G1 X116.108 Y110.493 E.02848
G1 X109.38 Y103.764 E.31418
G1 X112.187 Y100.956 E.13109
G1 X130.123 Y118.892 E.83749
G1 X132.931 Y116.084 E.13112
G1 X132.416 Y115.569 E.02405
G1 X132.192 Y115.655 E.00792
G1 X115.591 Y132.255 E.77514
G1 X115.53 Y132.376 E.00447
G1 X116.084 Y132.931 E.02589
G1 X117.769 Y131.246 E.07868
G1 E-3.5 F3600
;WIPE_START
G1 F7200
G1 X116.084 Y132.931 E-1.1319
G1 X115.536 Y132.383 E-.3681
;WIPE_END
G1 X111.424 Y127.438 F9000
G1 E5 F2400
G1 F3000
G1 X113.108 Y129.123 E.07866
G1 X129.123 Y113.108 E.7478
G1 X130.807 Y114.793 E.07866
G1 X132.402 Y115.338 F9000
M204 S250
;TYPE:Bridge infill
;WIDTH:0.393944
;HEIGHT:0.389872
G1 F1500
G1 X132.929 Y114.811 E.03777
G1 X132.929 Y114.183 E.03182
G1 X131.859 Y115.253 E.07668
G1 X131.545 Y114.939 E.0225
G1 X132.929 Y113.555 E.09918
G1 X132.929 Y112.927 E.03182
G1 X131.231 Y114.625 E.12169
G1 X130.917 Y114.311 E.0225
G1 X132.929 Y112.3 E.14415
G1 X132.929 Y111.672 E.03182
G1 X130.603 Y113.997 E.16666
G1 X130.289 Y113.683 E.0225
G1 X132.929 Y111.044 E.18916
G1 X132.929 Y110.416 E.03182
G1 X129.976 Y113.369 E.21163
G1 X129.662 Y113.055 E.0225
G1 X132.929 Y109.788 E.23413
G1 X132.929 Y109.16 E.03182
G1 X129.348 Y112.741 E.25663
G1 X129.034 Y112.428 E.02247
G1 X132.929 Y108.533 E.27914
G1 X132.929 Y107.905 E.03182
G1 X128.72 Y112.114 E.30164
G1 X128.406 Y111.8 E.0225
G1 X132.929 Y107.277 E.32414
G1 X132.929 Y106.649 E.03182
G1 X128.092 Y111.486 E.34664
G1 X127.778 Y111.172 E.0225
G1 X132.929 Y106.021 E.36915
G1 X132.929 Y105.393 E.03182
G1 X127.464 Y110.858 E.39165
G1 X127.15 Y110.544 E.0225
G1 X132.929 Y104.766 E.41412
G1 X132.929 Y104.138 E.03182
G1 X126.836 Y110.23 E.43662
G1 X126.523 Y109.916 E.02247
G1 X132.929 Y103.51 E.45909
G1 X132.929 Y102.882 E.03182
G1 X126.209 Y109.602 E.48159
G1 X125.895 Y109.288 E.0225
G1 X132.929 Y102.254 E.50409
G1 X132.929 Y101.627 E.03177
G1 X125.581 Y108.974 E.52656
G1 X125.267 Y108.661 E.02247
G1 X132.929 Y100.999 E.5491
G1 X132.929 Y100.371 E.03182
G1 X124.953 Y108.347 E.5716
G1 X124.639 Y108.033 E.0225
G1 X132.929 Y99.743 E.5941
G1 X132.929 Y99.115 E.03182
G1 X124.325 Y107.719 E.61661
G1 X124.011 Y107.405 E.0225
G1 X132.929 Y98.487 E.63911
G1 X132.929 Y98.071 E.02108
G1 X132.717 Y98.071 E.01074
G1 X123.697 Y107.091 E.64642
G1 X123.383 Y106.777 E.0225
G1 X132.089 Y98.071 E.62392
G1 X131.461 Y98.071 E.03182
G1 X123.069 Y106.463 E.60141
G1 X122.756 Y106.149 E.02247
G1 X130.833 Y98.071 E.57888
G1 X130.206 Y98.071 E.03177
G1 X122.442 Y105.835 E.55641
G1 X122.128 Y105.521 E.0225
G1 X129.578 Y98.071 E.53391
G1 X128.95 Y98.071 E.03182
G1 X121.814 Y105.207 E.5114
G1 X121.5 Y104.894 E.02247
G1 X128.322 Y98.071 E.48894
G1 X127.694 Y98.071 E.03182
G1 X121.186 Y104.58 E.46643
G1 X120.872 Y104.266 E.0225
G1 X127.066 Y98.071 E.44393
G1 X126.439 Y98.071 E.03177
G1 X120.558 Y103.952 E.42146
G1 X120.244 Y103.638 E.0225
G1 X125.811 Y98.071 E.39896
G1 X125.183 Y98.071 E.03182
G1 X119.93 Y103.324 E.37646
G1 X119.616 Y103.01 E.0225
G1 X124.555 Y98.071 E.35395
G1 X123.927 Y98.071 E.03182
G1 X119.302 Y102.696 E.33145
G1 X118.989 Y102.382 E.02247
G1 X123.299 Y98.071 E.30891
G1 X122.672 Y98.071 E.03177
G1 X118.675 Y102.068 E.28645
G1 X118.361 Y101.754 E.0225
G1 X122.044 Y98.071 E.26394
G1 X121.416 Y98.071 E.03182
G1 X118.047 Y101.44 E.24144
G1 X117.733 Y101.127 E.02247
G1 X120.788 Y98.071 E.21897
G1 X120.16 Y98.071 E.03182
G1 X117.419 Y100.813 E.19647
G1 X117.105 Y100.499 E.0225
G1 X119.532 Y98.071 E.17397
G1 X118.905 Y98.071 E.03177
G1 X116.791 Y100.185 E.1515
G1 X116.477 Y99.871 E.0225
G1 X118.277 Y98.071 E.129
G1 X117.649 Y98.071 E.03182
G1 X116.163 Y99.557 E.10649
G1 X115.849 Y99.243 E.0225
G1 X117.021 Y98.071 E.08399
G1 X116.393 Y98.071 E.03182
G1 X115.395 Y99.069 E.07152
M204 S500
G1 X114.672 Y97.873 F9000
M204 S250
;WIDTH:0.399415
G1 F1500
G1 X98.071 Y114.474 E1.22299
G1 X98.071 Y113.838 E.03313
G1 X113.838 Y98.071 E1.16155
G1 X113.203 Y98.071 E.03308
G1 X98.071 Y113.203 E1.11477
G1 X98.071 Y112.567 E.03313
G1 X112.567 Y98.071 E1.06791
G1 X111.932 Y98.071 E.03308
G1 X98.071 Y111.932 E1.02113
G1 X98.071 Y111.296 E.03313
G1 X111.296 Y98.071 E.97428
G1 X110.661 Y98.071 E.03308
G1 X98.071 Y110.661 E.9275
G1 X98.071 Y110.025 E.03313
G1 X110.025 Y98.071 E.88064
G1 X109.389 Y98.071 E.03313
G1 X98.071 Y109.389 E.83379
G1 X98.071 Y108.754 E.03308
G1 X108.754 Y98.071 E.78701
G1 X108.118 Y98.071 E.03313
G1 X98.071 Y108.118 E.74016
G1 X98.071 Y107.483 E.03308
G1 X107.483 Y98.071 E.69338
G1 X106.847 Y98.071 E.03313
G1 X98.071 Y106.847 E.64652
G1 X98.071 Y106.212 E.03308
G1 X106.212 Y98.071 E.59974
G1 X105.576 Y98.071 E.03313
G1 X98.071 Y105.576 E.55289
G1 X98.071 Y104.94 E.03313
G1 X104.94 Y98.071 E.50604
G1 X104.305 Y98.071 E.03308
G1 X98.071 Y104.305 E.45926
G1 X98.071 Y103.669 E.03313
G1 X103.669 Y98.071 E.4124
G1 X103.034 Y98.071 E.03308
G1 X98.071 Y103.034 E.36562
G1 X98.071 Y102.398 E.03313
G1 X102.398 Y98.071 E.31877
G1 X101.763 Y98.071 E.03308
G1 X98.071 Y101.763 E.27199
G1 X98.071 Y101.127 E.03313
G1 X101.127 Y98.071 E.22513
G1 X100.491 Y98.071 E.03313
G1 X98.071 Y100.491 E.17828
G1 X98.071 Y99.856 E.03308
G1 X99.856 Y98.071 E.1315
G1 X99.22 Y98.071 E.03313
G1 X98.071 Y99.22 E.08465
G1 X98.071 Y98.585 E.03308
G1 X98.783 Y97.873 E.05245
M204 S500
G1 E-3.5 F3600
;WIPE_START
G1 F7200
G1 X98.071 Y98.585 E-.47829
G1 X98.071 Y99.22 E-.30162
G1 X99.143 Y98.148 E-.72009
;WIPE_END
G1 X113.311 Y99.833 F9000
G1 E5 F2400
;TYPE:Internal infill
;WIDTH:0.44
;HEIGHT:0.2
G1 F3000
G1 X114.995 Y98.149 E.07863
G1 X115.358 Y98.512 E.01695
G1 X114.942 Y98.928 E.01942
G1 X115.084 Y99.069 E.00661
G1 X99.069 Y115.084 E.7478
G1 X98.928 Y114.942 E.00661
G1 X98.512 Y115.358 E.01942
G1 X98.149 Y114.995 E.01695
G1 X100.956 Y112.187 E.13109
G1 X118.892 Y130.123 E.83749
G1 X121.7 Y127.315 E.13112
G1 X114.89 Y120.506 E.31796
G1 X115.501 Y120.55 E.02023
G1 X116.114 Y120.502 E.0203
G1 X110.301 Y126.315 E.27143
G1 X107.493 Y123.507 E.13112
G1 X111.94 Y119.06 E.20765
G1 X112.221 Y119.334 E.01296
G1 X112.973 Y119.873 E.03055
G1 X113.947 Y120.299 E.0351
G1 E-3.5 F3600
;WIPE_START
G1 F7200
G1 X112.973 Y119.873 E-.50497
G1 X112.221 Y119.334 E-.43948
G1 X111.94 Y119.06 E-.18643
G1 X111.39 Y119.61 E-.36912
;WIPE_END
G1 X117.053 Y120.299 F9000
G1 E5 F2400
G1 F3000
G1 X118.027 Y119.873 E.0351
G1 X118.779 Y119.334 E.03055
G1 X119.06 Y119.06 E.01296
G1 X124.507 Y124.507 E.25434
G1 X127.315 Y121.7 E.13109
G1 X120.484 Y114.869 E.31896
G1 X120.551 Y115.5 E.02095
G1 X120.484 Y116.131 E.02095
G1 X126.315 Y110.301 E.27225
G1 X123.507 Y107.493 E.13112
G1 X119.056 Y111.944 E.20783
G1 X118.867 Y111.736 E.00928
G1 X118.027 Y111.127 E.03426
G1 X117.055 Y110.696 E.03511
;LAYER_CHANGE
;Z:3.6
;HEIGHT:0.2
;BEFORE_LAYER_CHANGE
G92 E0
;3.6


G1 E-3.5 F3600
;WIPE_START
G1 F7200
G1 X118.027 Y111.127 E-.50505
G1 X118.867 Y111.736 E-.49283
G1 X119.056 Y111.944 E-.1335
G1 X119.605 Y111.395 E-.36862
;WIPE_END
G1 Z3.6 F9000
;AFTER_LAYER_CHANGE
;3.6
G1 X116.962 Y111.001
G1 E5 F2400
;TYPE:Perimeter
;WIDTH:0.439999
G1 F1500
G1 X117.781 Y111.345 E.02933
G1 X118.595 Y111.91 E.03272
G1 X119.274 Y112.632 E.03272
G1 X119.788 Y113.48 E.03274
G1 X120.114 Y114.415 E.03269
G1 X120.239 Y115.398 E.03272
G1 X120.156 Y116.386 E.03274
G1 X119.871 Y117.335 E.03272
G1 X119.394 Y118.203 E.0327
G1 X118.746 Y118.954 E.03275
G1 X117.957 Y119.553 E.03271
G1 X117.061 Y119.976 E.03271
G1 X116.096 Y120.202 E.03272
G1 X115.106 Y120.224 E.0327
G1 X114.132 Y120.038 E.03274
G1 X113.219 Y119.655 E.03269
G1 X112.405 Y119.09 E.03272
G1 X111.726 Y118.368 E.03272
G1 X111.212 Y117.52 E.03274
G1 X110.886 Y116.585 E.03269
G1 X110.761 Y115.601 E.03275
G1 X110.799 Y114.91 E.02285
G1 X110.964 Y114.123 E.02655
G1 X111.345 Y113.219 E.03239
G1 X111.91 Y112.405 E.03272
G1 X112.632 Y111.726 E.03272
G1 X113.48 Y111.212 E.03274
G1 X114.415 Y110.886 E.03269
G1 X115.267 Y110.769 E.02839
G1 X115.921 Y110.777 E.02159
G1 X116.868 Y110.962 E.03186
G1 X116.907 Y110.978 E.00139
G1 X116.841 Y111.374 F9000
G1 F1500
G1 X117.62 Y111.708 E.02798
G1 X118.362 Y112.232 E.02999
G1 X118.979 Y112.898 E.02998
G1 X119.444 Y113.678 E.02998
G1 X119.737 Y114.538 E.03
G1 X119.844 Y115.44 E.02999
G1 X119.762 Y116.344 E.02997
G1 X119.493 Y117.212 E.03
G1 X119.05 Y118.005 E.02999
G1 X118.451 Y118.688 E.02999
G1 X117.724 Y119.232 E.02998
G1 X116.9 Y119.613 E.02997
G1 X116.014 Y119.814 E.03
G1 X115.106 Y119.826 E.02998
G1 X114.215 Y119.65 E.02999
G1 X113.38 Y119.292 E.03
G1 X112.638 Y118.768 E.02999
G1 X112.021 Y118.102 E.02998
G1 X111.556 Y117.322 E.02998
G1 X111.263 Y116.462 E.03
G1 X111.156 Y115.56 E.02999
G1 X111.194 Y114.94 E.02051
G1 X111.351 Y114.209 E.02469
G1 X111.708 Y113.38 E.0298
G1 X112.232 Y112.638 E.02999
G1 X112.898 Y112.021 E.02998
G1 X113.678 Y111.556 E.02998
G1 X114.538 Y111.263 E.03
G1 X115.312 Y111.163 E.02577
G1 X115.91 Y111.174 E.01975
G1 X116.785 Y111.35 E.02947
G1 X116.723 Y111.737 F9000
;TYPE:External perimeter
;WIDTH:0.419999
G1 F1500
G1 X117.462 Y112.062 E.02531
G1 X118.134 Y112.545 E.02595
G1 X118.691 Y113.157 E.02595
G1 X119.109 Y113.872 E.02597
G1 X119.368 Y114.658 E.02595
G1 X119.459 Y115.48 E.02593
G1 X119.377 Y116.304 E.02596
G1 X119.125 Y117.092 E.02594
G1 X118.714 Y117.811 E.02597
G1 X118.164 Y118.429 E.02594
G1 X117.497 Y118.919 E.02595
G1 X116.742 Y119.259 E.02596
G1 X115.933 Y119.435 E.02596
G1 X115.106 Y119.439 E.02593
G1 X114.295 Y119.271 E.02597
G1 X113.538 Y118.938 E.02593
G1 X112.866 Y118.455 E.02595
G1 X112.309 Y117.843 E.02595
G1 X111.891 Y117.128 E.02597
G1 X111.632 Y116.342 E.02595
G1 X111.541 Y115.519 E.02596
G1 X111.58 Y114.97 E.01726
G1 X111.729 Y114.294 E.0217
G1 X112.062 Y113.538 E.0259
G1 X112.545 Y112.866 E.02595
G1 X113.157 Y112.309 E.02595
G1 X113.872 Y111.891 E.02597
G1 X114.658 Y111.632 E.02595
G1 X115.356 Y111.548 E.02204
G1 X115.899 Y111.561 E.01703
G1 X116.665 Y111.72 E.02453
G1 E-3.5 F3600
;WIPE_START
G1 F7200
G1 X116.723 Y111.737 E-.02871
G1 X117.462 Y112.062 E-.38347
G1 X118.134 Y112.545 E-.3931
G1 X118.691 Y113.157 E-.39307
G1 X119.011 Y113.705 E-.30165
;WIPE_END
G1 X133.256 Y97.744 F9000
G1 E5 F2400
;TYPE:Perimeter
;WIDTH:0.439999
G1 X133.256 Y133.256 E1.17251
G1 X97.744 Y133.256 E1.17251
G1 X97.744 Y97.744 E1.17251
G1 X133.196 Y97.744 E1.17053
G1 X133.653 Y97.347 F9000
G1 F2400
G1 X133.653 Y133.653 E1.19872
G1 X97.347 Y133.653 E1.19872
G1 X97.347 Y97.347 E1.19872
G1 X133.593 Y97.347 E1.19674
G1 X134.04 Y96.96 F9000
;TYPE:External perimeter
;WIDTH:0.419999
G1 F1500
G1 X134.04 Y134.04 E1.16262
G1 X96.96 Y134.04 E1.16262
G1 X96.96 Y96.96 E1.16262
G1 X133.98 Y96.96 E1.16073
G1 E-3.5 F3600
;WIPE_START
G1 F7200
G1 X134.04 Y96.96 E-.0285
G1 X134.04 Y100.058 E-1.4715
;WIPE_END
G1 X116.598 Y99.802 F9000
G1 E5 F2400
;TYPE:Internal infill
;WIDTH:0.44
G1 F3000
G1 X118.283 Y101.486 E.07866
G1 X101.486 Y118.283 E.78431
G1 X104.294 Y121.09 E.13109
G1 X110.493 Y114.891 E.28945
G1 X110.457 Y115.629 E.0244
G1 X110.513 Y116.128 E.01658
G1 X104.294 Y109.91 E.29036
G1 X107.102 Y107.102 E.13112
G1 X111.944 Y111.944 E.22609
G1 X111.736 Y112.133 E.00928
G1 X111.127 Y112.973 E.03426
G1 X110.696 Y113.945 E.03511
G1 E-3.5 F3600
;WIPE_START
G1 F7200
G1 X111.127 Y112.973 E-.50505
G1 X111.736 Y112.133 E-.49283
G1 X111.944 Y111.944 E-.1335
G1 X111.395 Y111.395 E-.36862
;WIPE_END
G1 X117.055 Y110.696 F9000
G1 E5 F2400
G1 F3000
G1 X118.027 Y111.127 E.03511
G1 X118.867 Y111.736 E.03426
G1 X119.056 Y111.944 E.00928
G1 X123.898 Y107.102 E.22609
G1 X121.09 Y104.294 E.13112
G1 X114.876 Y110.508 E.29015
G1 X115.239 Y110.464 E.01207
G1 X116.108 Y110.493 E.02871
G1 X109.91 Y104.294 E.28943
G1 X112.717 Y101.486 E.13109
G1 X129.514 Y118.283 E.78431
G1 X131.198 Y116.598 E.07866
G1 E-3.5 F3600
;WIPE_START
G1 F7200
G1 X129.514 Y118.283 E-1.13157
G1 X128.966 Y117.735 E-.36843
;WIPE_END
G1 X117.055 Y120.305 F9000
G1 E5 F2400
G1 F3000
G1 X118.027 Y119.873 E.03512
G1 X118.867 Y119.265 E.03424
G1 X119.057 Y119.057 E.0093
G1 X123.898 Y123.898 E.22604
G1 X126.706 Y121.09 E.13112
G1 X120.487 Y114.872 E.29036
G1 X120.544 Y115.372 E.01662
G1 X120.491 Y116.124 E.02489
G1 X126.706 Y109.91 E.29018
G1 X129.514 Y112.717 E.13109
G1 X112.717 Y129.514 E.78431
G1 X114.402 Y131.198 E.07866
G1 E-3.5 F3600
;WIPE_START
G1 F7200
G1 X112.717 Y129.514 E-1.13157
G1 X113.265 Y128.966 E-.36843
;WIPE_END
G1 X113.945 Y120.304 F9000
G1 E5 F2400
G1 F3000
G1 X112.973 Y119.873 E.03511
G1 X112.133 Y119.264 E.03426
G1 X111.944 Y119.056 E.00928
G1 X107.102 Y123.898 E.22609
G1 X109.91 Y126.706 E.13112
G1 X116.11 Y120.505 E.28952
G1 X114.89 Y120.505 E.04028
G1 X121.09 Y126.706 E.28952
G1 X118.283 Y129.514 E.13109
G1 X101.486 Y112.717 E.78431
G1 X99.802 Y114.402 E.07866
G1 E-3.5 F3600
;WIPE_START
G1 F7200
G1 X101.486 Y112.717 E-1.13157
G1 X102.034 Y113.265 E-.36843
;WIPE_END
G1 X98.158 Y98.082 F9000
G1 E5 F2400
;TYPE:Solid infill
;WIDTH:0.53634
G1 X98.114 Y98.039 E.00252
G1 X98.054 Y98.054 E.00254
G1 X98.039 Y98.114 E.00254
G1 X98.082 Y98.158 E.00252
G1 X98.142 Y98.142 E.00255
;WIDTH:0.439999
G1 X98.05 Y98.776 E.02115
G1 X98.776 Y98.05 E.0339
G1 X99.337 Y98.05 E.01852
G1 X98.05 Y99.337 E.06009
G1 X98.05 Y99.899 E.01856
G1 X99.899 Y98.05 E.08634
G1 X100.461 Y98.05 E.01856
G1 X98.05 Y100.461 E.11258
G1 X98.05 Y101.022 E.01852
G1 X101.022 Y98.05 E.13877
G1 X101.584 Y98.05 E.01856
G1 X98.05 Y101.584 E.16501
G1 X98.05 Y102.145 E.01852
G1 X102.145 Y98.05 E.19121
G1 X102.707 Y98.05 E.01856
G1 X98.05 Y102.707 E.21745
G1 X98.05 Y103.268 E.01852
G1 X103.268 Y98.05 E.24365
G1 X103.83 Y98.05 E.01856
G1 X98.05 Y103.83 E.26989
G1 X98.05 Y104.391 E.01852
G1 X104.391 Y98.05 E.29608
G1 X104.953 Y98.05 E.01856
G1 X98.05 Y104.953 E.32232
G1 X98.05 Y105.515 E.01856
G1 X105.515 Y98.05 E.34857
G1 X106.076 Y98.05 E.01852
G1 X98.05 Y106.076 E.37476
G1 X98.05 Y106.638 E.01856
G1 X106.638 Y98.05 E.401
G1 X107.199 Y98.05 E.01852
G1 X98.05 Y107.199 E.4272
G1 X98.05 Y107.761 E.01856
G1 X107.761 Y98.05 E.45344
G1 X108.322 Y98.05 E.01852
G1 X98.05 Y108.322 E.47964
G1 X98.05 Y108.884 E.01856
G1 X108.884 Y98.05 E.50588
G1 X109.445 Y98.05 E.01852
G1 X98.05 Y109.445 E.53207
G1 X98.05 Y110.007 E.01856
G1 X110.007 Y98.05 E.55831
G1 X110.569 Y98.05 E.01856
G1 X98.05 Y110.569 E.58456
G1 X98.05 Y111.13 E.01852
G1 X111.13 Y98.05 E.61075
G1 X111.692 Y98.05 E.01856
G1 X98.05 Y111.692 E.63699
G1 X98.05 Y112.253 E.01852
G1 X112.253 Y98.05 E.66319
G1 X112.815 Y98.05 E.01856
G1 X98.05 Y112.815 E.68943
G1 X98.05 Y113.376 E.01852
G1 X113.376 Y98.05 E.71562
G1 X113.938 Y98.05 E.01856
G1 X98.05 Y113.938 E.74187
G1 X98.05 Y114.499 E.01852
G1 X114.499 Y98.05 E.76806
G1 X115.061 Y98.05 E.01856
G1 X98.05 Y115.061 E.7943
G1 X98.337 Y115.322 E.01281
;WIDTH:0.43205
G1 X98.298 Y115.525 E.00669
;WIDTH:0.439999
G1 X98.352 Y115.709 E.00633
G1 X100.684 Y118.042 E.10891
G1 X98.05 Y120.677 E.12301
G1 X98.05 Y115.509 E.17063
G1 X98.127 Y115.524 E.00259
;WIDTH:0.438041
G1 X98.194 Y115.46 E.00304
G1 X98.447 Y116.366 F9000
;WIDTH:0.439999
G1 F2400
G1 X100.123 Y118.042 E.07826
G1 X98.447 Y119.718 E.07826
G1 X98.447 Y116.565 E.1041
G1 X98.893 Y117.444 F9000
;WIDTH:0.538524
G1 F2400
G1 X99.492 Y118.042 E.03488
G1 X98.893 Y118.64 E.03488
G1 X98.893 Y117.642 E.04113
G1 E-3.5 F3600
;WIPE_START
G1 F7200
G1 X98.893 Y118.64 E-.47405
G1 X99.492 Y118.042 E-.40204
G1 X98.893 Y117.444 E-.40204
;WIPE_END
G1 E-.22187 F3600
G1 X100.965 Y118.323 F9000
G1 E5 F2400
;WIDTH:0.439999
G1 X98.05 Y121.238 E.13611
G1 X98.05 Y121.8 E.01856
G1 X101.246 Y118.604 E.14923
G1 X101.527 Y118.884 E.0131
G1 X98.05 Y122.361 E.16235
G1 X98.05 Y122.923 E.01856
G1 X101.807 Y119.165 E.17545
G1 X102.088 Y119.446 E.01312
G1 X98.05 Y123.484 E.18855
G1 X98.05 Y124.046 E.01856
G1 X102.369 Y119.727 E.20167
G1 X102.65 Y120.008 E.01312
G1 X98.05 Y124.607 E.21477
G1 X98.05 Y125.169 E.01856
G1 X102.931 Y120.288 E.22791
G1 X103.211 Y120.569 E.0131
G1 X98.05 Y125.731 E.24101
G1 X98.05 Y126.292 E.01852
G1 X103.492 Y120.85 E.25411
G1 X103.773 Y121.131 E.01312
G1 X98.05 Y126.854 E.26723
G1 X98.05 Y127.415 E.01852
G1 X104.054 Y121.411 E.28035
G1 X104.334 Y121.692 E.0131
G1 X98.05 Y127.977 E.29344
G1 X98.05 Y128.538 E.01852
G1 X104.615 Y121.973 E.30654
G1 X104.896 Y122.254 E.01312
G1 X98.05 Y129.1 E.31966
G1 X98.05 Y129.661 E.01852
G1 X105.177 Y122.535 E.33276
G1 X105.458 Y122.815 E.0131
G1 X98.05 Y130.223 E.34591
G1 X98.05 Y130.785 E.01856
G1 X105.738 Y123.096 E.359
G1 X106.019 Y123.377 E.01312
G1 X98.05 Y131.346 E.3721
G1 X98.05 Y131.908 E.01856
G1 X106.3 Y123.658 E.38522
G1 X106.581 Y123.938 E.0131
G1 X98.05 Y132.469 E.39834
G1 X97.919 Y133.081 E.02066
;WIDTH:0.38292
G1 X97.902 Y132.871 E.00596
;WIDTH:0.41146
G1 X98.016 Y132.911 E.0037
;WIDTH:0.439999
G1 X98.131 Y132.95 E.00401
G1 X106.861 Y124.219 E.40766
G1 X107.142 Y124.5 E.01312
G1 X98.692 Y132.95 E.39456
G1 X99.254 Y132.95 E.01856
G1 X107.423 Y124.781 E.38144
G1 X107.704 Y125.062 E.01312
G1 X99.815 Y132.95 E.36834
G1 X100.377 Y132.95 E.01856
G1 X107.985 Y125.342 E.35524
G1 X108.265 Y125.623 E.0131
G1 X100.938 Y132.95 E.34212
G1 X101.5 Y132.95 E.01856
G1 X108.546 Y125.904 E.329
G1 X108.827 Y126.185 E.01312
G1 X102.061 Y132.95 E.3159
G1 X102.623 Y132.95 E.01856
G1 X109.108 Y126.465 E.30281
G1 X109.388 Y126.746 E.0131
G1 X103.185 Y132.95 E.28966
G1 X103.746 Y132.95 E.01852
G1 X109.669 Y127.027 E.27657
G1 X109.95 Y127.308 E.01312
G1 X104.308 Y132.95 E.26344
G1 X104.869 Y132.95 E.01852
G1 X110.231 Y127.589 E.25035
G1 X110.512 Y127.869 E.0131
G1 X105.431 Y132.95 E.23725
G1 X105.992 Y132.95 E.01852
G1 X110.792 Y128.15 E.22413
G1 X111.073 Y128.431 E.01312
G1 X106.554 Y132.95 E.21101
G1 X107.115 Y132.95 E.01852
G1 X111.354 Y128.712 E.19791
G1 X111.635 Y128.992 E.0131
G1 X107.677 Y132.95 E.18481
G1 X108.239 Y132.95 E.01856
G1 X111.915 Y129.273 E.17167
G1 X112.196 Y129.554 E.01312
G1 X108.8 Y132.95 E.15857
G1 X109.362 Y132.95 E.01856
G1 X112.477 Y129.835 E.14545
G1 X112.758 Y130.116 E.01312
G1 X109.923 Y132.95 E.13235
G1 X110.485 Y132.95 E.01856
G1 X113.039 Y130.396 E.11926
G1 X113.319 Y130.677 E.0131
G1 X111.046 Y132.95 E.10613
G1 X110.991 Y133.029 E.00318
;WIDTH:0.41146
G1 X110.935 Y133.109 E.00299
;WIDTH:0.38292
G1 X110.864 Y133.09 E.00208
G1 X110.883 Y133.161 E.00208
G1 X110.924 Y133.15 E.0012
G1 E-3.5 F3600
;WIPE_START
G1 F7200
G1 X110.883 Y133.161 E-.02016
G1 X110.864 Y133.09 E-.03491
G1 X110.935 Y133.109 E-.03491
G1 X110.991 Y133.029 E-.04638
G1 X111.046 Y132.95 E-.04572
G1 X113.008 Y130.988 E-1.31792
;WIPE_END
G1 X113.46 Y131.098 F9000
G1 E5 F2400
;WIDTH:0.439999
G1 X111.608 Y132.95 E.08648
G1 X115.108 Y132.95 E.11556
G1 X115.118 Y132.81 E.00463
G1 X115.285 Y132.643 E.0078
G1 X113.6 Y130.958 E.07868
G1 X113.6 Y131.519 E.01852
G1 X114.634 Y132.553 E.04828
G1 X112.567 Y132.553 E.06825
G1 X113.46 Y131.66 E.0417
G1 X113.656 Y132.11 E.01621
;WIDTH:0.50209
G1 X113.615 Y132.069 E.00221
G1 X113.56 Y132.084 E.00218
G1 X113.545 Y132.14 E.00221
G1 X113.585 Y132.18 E.00216
G1 X113.641 Y132.165 E.00221
G1 E-3.5 F3600
;WIPE_START
G1 F7200
G1 X113.585 Y132.18 E-.02754
G1 X113.545 Y132.14 E-.02687
G1 X113.56 Y132.084 E-.02754
G1 X113.615 Y132.069 E-.02708
G1 X113.656 Y132.11 E-.02754
G1 X113.46 Y131.66 E-.23315
G1 X112.567 Y132.553 E-.59987
G1 X113.683 Y132.553 E-.53041
;WIPE_END
G1 X115.441 Y98.222 F9000
G1 E5 F2400
;WIDTH:0.430229
G1 X115.298 Y98.359 E.00638
;WIDTH:0.43255
G1 X115.525 Y98.297 E.00762
;WIDTH:0.439999
G1 X115.709 Y98.352 E.00634
G1 X118.042 Y100.684 E.10891
G1 X120.677 Y98.05 E.12301
G1 X115.509 Y98.05 E.17063
G1 X115.298 Y98.359 E.01235
;WIDTH:0.41861
G1 X98.359 Y115.298 E.74834
;WIDTH:0.421458
G1 X98.337 Y115.322 E.00102
G1 E-3.5 F3600
;WIPE_START
G1 F7200
G1 X98.359 Y115.298 E-.01546
G1 X100.569 Y113.088 E-1.48454
;WIPE_END
G1 X118.323 Y100.965 F9000
G1 E5 F2400
;WIDTH:0.439999
G1 X121.238 Y98.05 E.13611
G1 X121.8 Y98.05 E.01856
G1 X118.604 Y101.246 E.14923
G1 X118.884 Y101.527 E.0131
G1 X122.361 Y98.05 E.16235
G1 X122.923 Y98.05 E.01856
G1 X119.165 Y101.807 E.17545
G1 X119.446 Y102.088 E.01312
G1 X123.484 Y98.05 E.18855
G1 X124.046 Y98.05 E.01856
G1 X119.727 Y102.369 E.20167
G1 X120.008 Y102.65 E.01312
G1 X124.607 Y98.05 E.21477
G1 X125.169 Y98.05 E.01856
G1 X120.288 Y102.931 E.22791
G1 X120.569 Y103.211 E.0131
G1 X125.731 Y98.05 E.24101
G1 X126.292 Y98.05 E.01852
G1 X120.85 Y103.492 E.25411
G1 X121.131 Y103.773 E.01312
G1 X126.854 Y98.05 E.26723
G1 X127.415 Y98.05 E.01852
G1 X121.411 Y104.054 E.28035
G1 X121.692 Y104.334 E.0131
G1 X127.977 Y98.05 E.29344
G1 X128.538 Y98.05 E.01852
G1 X121.973 Y104.615 E.30654
G1 X122.254 Y104.896 E.01312
G1 X129.1 Y98.05 E.31966
G1 X129.661 Y98.05 E.01852
G1 X122.535 Y105.177 E.33276
G1 X122.815 Y105.458 E.0131
G1 X130.223 Y98.05 E.34591
G1 X130.785 Y98.05 E.01856
G1 X123.096 Y105.738 E.359
G1 X123.377 Y106.019 E.01312
G1 X131.346 Y98.05 E.3721
G1 X131.908 Y98.05 E.01856
G1 X123.658 Y106.3 E.38522
G1 X123.938 Y106.581 E.0131
G1 X132.469 Y98.05 E.39834
G1 X132.871 Y97.902 E.01414
;WIDTH:0.38292
G1 X133.081 Y97.919 E.00596
;WIDTH:0.41146
G1 X133.015 Y98.025 E.00383
;WIDTH:0.439999
G1 X132.95 Y98.131 E.00411
G1 X124.219 Y106.861 E.40766
G1 X124.5 Y107.142 E.01312
G1 X132.95 Y98.692 E.39456
G1 X132.95 Y99.254 E.01856
G1 X124.781 Y107.423 E.38144
G1 X125.062 Y107.704 E.01312
G1 X132.95 Y99.815 E.36834
G1 X132.95 Y100.377 E.01856
G1 X125.342 Y107.985 E.35524
G1 X125.623 Y108.265 E.0131
G1 X132.95 Y100.938 E.34212
G1 X132.95 Y101.5 E.01856
G1 X125.904 Y108.546 E.329
G1 X126.185 Y108.827 E.01312
G1 X132.95 Y102.061 E.3159
G1 X132.95 Y102.623 E.01856
G1 X126.465 Y109.108 E.30281
G1 X126.746 Y109.388 E.0131
G1 X132.95 Y103.185 E.28966
G1 X132.95 Y103.746 E.01852
G1 X127.027 Y109.669 E.27657
G1 X127.308 Y109.95 E.01312
G1 X132.95 Y104.308 E.26344
G1 X132.95 Y104.869 E.01852
G1 X127.589 Y110.231 E.25035
G1 X127.869 Y110.512 E.0131
G1 X132.95 Y105.431 E.23725
G1 X132.95 Y105.992 E.01852
G1 X128.15 Y110.792 E.22413
G1 X128.431 Y111.073 E.01312
G1 X132.95 Y106.554 E.21101
G1 X132.95 Y107.115 E.01852
G1 X128.712 Y111.354 E.19791
G1 X128.992 Y111.635 E.0131
G1 X132.95 Y107.677 E.18481
G1 X132.95 Y108.239 E.01856
G1 X129.273 Y111.915 E.17167
G1 X129.554 Y112.196 E.01312
G1 X132.95 Y108.8 E.15857
G1 X132.95 Y109.362 E.01856
G1 X129.835 Y112.477 E.14545
G1 X130.116 Y112.758 E.01312
G1 X132.95 Y109.923 E.13235
G1 X132.95 Y110.485 E.01856
G1 X130.396 Y113.039 E.11926
G1 X130.677 Y113.319 E.0131
G1 X132.95 Y111.046 E.10613
G1 X132.95 Y115.108 E.13412
G1 X132.83 Y115.1 E.00397
G1 X132.643 Y115.285 E.00869
G1 X130.958 Y113.6 E.07868
G1 X132.81 Y111.748 E.08648
G1 X132.553 Y112.567 F9000
G1 F2400
G1 X132.553 Y114.634 E.06825
G1 X131.519 Y113.6 E.04828
G1 X132.413 Y112.707 E.04172
G1 X132.18 Y113.585 F9000
;WIDTH:0.50209
G1 F2400
G1 X132.14 Y113.545 E.00216
G1 X132.084 Y113.56 E.00221
G1 X132.069 Y113.615 E.00218
G1 X132.11 Y113.656 E.00221
G1 X132.165 Y113.641 E.00218
G1 E-3.5 F3600
;WIPE_START
G1 F7200
G1 X132.11 Y113.656 E-.02708
G1 X132.069 Y113.615 E-.02754
G1 X132.084 Y113.56 E-.02708
G1 X132.14 Y113.545 E-.02754
G1 X132.18 Y113.585 E-.02687
;WIPE_END
G1 E-1.36389 F3600
G1 X132.95 Y115.539 F9000
G1 E5 F2400
;WIDTH:0.439999
G1 X115.539 Y132.95 E.81298
G1 X116.1 Y132.95 E.01852
G1 X132.95 Y116.1 E.78678
G1 X132.95 Y116.662 E.01856
G1 X116.662 Y132.95 E.76054
G1 X117.223 Y132.95 E.01852
G1 X132.95 Y117.223 E.73435
G1 X132.95 Y117.785 E.01856
G1 X117.785 Y132.95 E.70811
G1 X118.347 Y132.95 E.01856
G1 X132.95 Y118.347 E.68186
G1 X132.95 Y118.908 E.01852
G1 X118.908 Y132.95 E.65567
G1 X119.47 Y132.95 E.01856
G1 X132.95 Y119.47 E.62943
G1 X132.95 Y120.031 E.01852
G1 X120.031 Y132.95 E.60323
G1 X120.593 Y132.95 E.01856
G1 X132.95 Y120.593 E.57699
G1 X132.95 Y121.154 E.01852
G1 X121.154 Y132.95 E.5508
G1 X121.716 Y132.95 E.01856
G1 X132.95 Y121.716 E.52455
G1 X132.95 Y122.277 E.01852
G1 X122.277 Y132.95 E.49836
G1 X122.839 Y132.95 E.01856
G1 X132.95 Y122.839 E.47212
G1 X132.95 Y123.401 E.01856
G1 X123.401 Y132.95 E.44588
G1 X123.962 Y132.95 E.01852
G1 X132.95 Y123.962 E.41968
G1 X132.95 Y124.524 E.01856
G1 X124.524 Y132.95 E.39344
G1 X125.085 Y132.95 E.01852
G1 X132.95 Y125.085 E.36724
G1 X132.95 Y125.647 E.01856
G1 X125.647 Y132.95 E.341
G1 X126.208 Y132.95 E.01852
G1 X132.95 Y126.208 E.31481
G1 X132.95 Y126.77 E.01856
G1 X126.77 Y132.95 E.28857
G1 X127.331 Y132.95 E.01852
G1 X132.95 Y127.331 E.26237
G1 X132.95 Y127.893 E.01856
G1 X127.893 Y132.95 E.23613
G1 X128.455 Y132.95 E.01856
G1 X132.95 Y128.455 E.20989
G1 X132.95 Y129.016 E.01852
G1 X129.016 Y132.95 E.18369
G1 X129.578 Y132.95 E.01856
G1 X132.95 Y129.578 E.15745
G1 X132.95 Y130.139 E.01852
G1 X130.139 Y132.95 E.13126
G1 X130.701 Y132.95 E.01856
G1 X132.95 Y130.701 E.10501
;WIDTH:0.471045
G1 X133.055 Y130.645 E.00424
;WIDTH:0.50209
G1 X133.16 Y130.589 E.00454
G1 X133.105 Y130.604 E.00218
G1 X133.064 Y130.563 E.00221
G1 X133.079 Y130.508 E.00218
G1 X133.134 Y130.493 E.00218
G1 X133.175 Y130.533 E.00219
;WIDTH:0.439999
G1 X132.95 Y131.262 E.02519
G1 X132.95 Y132.95 E.05573
G1 X131.262 Y132.95 E.05573
G1 X132.81 Y131.403 E.07226
G1 X132.527 Y132.437 F9000
;WIDTH:0.63452
G1 F2400
G1 X132.475 Y132.384 E.00365
G1 X132.403 Y132.403 E.00366
G1 X132.384 Y132.475 E.00366
G1 X132.437 Y132.527 E.00365
G1 X132.508 Y132.508 E.00362
G1 E-3.5 F3600
;WIPE_START
G1 F7200
G1 X132.437 Y132.527 E-.03491
G1 X132.384 Y132.475 E-.03527
G1 X132.403 Y132.403 E-.03537
G1 X132.475 Y132.384 E-.03537
G1 X132.527 Y132.437 E-.03527
;WIPE_END
G1 E-1.32381 F3600
G1 X116.507 Y98.587 F9000
G1 E5 F2400
;WIDTH:0.439999
G1 X118.042 Y100.123 E.0717
G1 X119.718 Y98.447 E.07826
G1 X116.366 Y98.447 E.11067
G1 X117.444 Y98.893 F9000
;WIDTH:0.538526
G1 F2400
G1 X118.64 Y98.893 E.04929
G1 X118.042 Y99.492 E.03488
G1 X117.584 Y99.034 E.02669
;LAYER_CHANGE
;Z:3.8
;HEIGHT:0.2
;BEFORE_LAYER_CHANGE
G92 E0
;3.8


G1 E-3.5 F3600
;WIPE_START
G1 F7200
G1 X118.042 Y99.492 E-.30766
G1 X118.64 Y98.893 E-.40204
G1 X117.444 Y98.893 E-.5681
;WIPE_END
G1 E-.2222 F3600
G1 Z3.8 F9000
;AFTER_LAYER_CHANGE
;3.8
G1 X115.995 Y110.792
G1 E5 F2400
;TYPE:Perimeter
;WIDTH:0.439999
G1 F1500
G1 X116.868 Y110.962 E.02937
G1 X117.781 Y111.345 E.03269
G1 X118.595 Y111.91 E.03272
G1 X119.274 Y112.632 E.03272
G1 X119.788 Y113.48 E.03274
G1 X120.114 Y114.415 E.03269
G1 X120.239 Y115.398 E.03272
G1 X120.156 Y116.386 E.03274
G1 X119.871 Y117.335 E.03272
G1 X119.394 Y118.203 E.0327
G1 X118.746 Y118.954 E.03275
G1 X117.957 Y119.553 E.03271
G1 X117.061 Y119.976 E.03271
G1 X116.234 Y120.18 E.02812
G1 X115.576 Y120.241 E.02182
G1 X115.055 Y120.222 E.01721
G1 X114.132 Y120.038 E.03107
G1 X113.219 Y119.655 E.03269
G1 X112.405 Y119.09 E.03272
G1 X111.726 Y118.368 E.03272
G1 X111.212 Y117.52 E.03274
G1 X110.886 Y116.585 E.03269
G1 X110.761 Y115.601 E.03275
G1 X110.8 Y114.902 E.02311
G1 X110.964 Y114.123 E.02628
G1 X111.345 Y113.219 E.03239
G1 X111.91 Y112.405 E.03272
G1 X112.632 Y111.726 E.03272
G1 X113.48 Y111.212 E.03274
G1 X114.415 Y110.886 E.03269
G1 X115.259 Y110.769 E.02813
G1 X115.92 Y110.777 E.02183
G1 X115.936 Y110.78 E.00054
G1 X115.954 Y111.183 F9000
G1 F1500
G1 X116.785 Y111.35 E.02799
G1 X117.62 Y111.708 E.03
G1 X118.362 Y112.232 E.02999
G1 X118.979 Y112.898 E.02998
G1 X119.444 Y113.678 E.02998
G1 X119.737 Y114.538 E.03
G1 X119.844 Y115.44 E.02999
G1 X119.762 Y116.344 E.02997
G1 X119.493 Y117.212 E.03
G1 X119.05 Y118.005 E.02999
G1 X118.451 Y118.688 E.02999
G1 X117.724 Y119.232 E.02998
G1 X116.9 Y119.613 E.02997
G1 X116.147 Y119.792 E.02555
G1 X115.545 Y119.845 E.01995
G1 X114.986 Y119.814 E.01849
G1 X114.215 Y119.65 E.02603
G1 X113.38 Y119.292 E.03
G1 X112.638 Y118.768 E.02999
G1 X112.021 Y118.102 E.02998
G1 X111.556 Y117.322 E.02998
G1 X111.263 Y116.462 E.03
G1 X111.156 Y115.56 E.02999
G1 X111.196 Y114.933 E.02074
G1 X111.351 Y114.209 E.02445
G1 X111.708 Y113.38 E.0298
G1 X112.232 Y112.638 E.02999
G1 X112.898 Y112.021 E.02998
G1 X113.678 Y111.556 E.02998
G1 X114.538 Y111.263 E.03
G1 X115.305 Y111.163 E.02554
G1 X115.895 Y111.173 E.01948
G1 X115.914 Y111.564 F9000
;TYPE:External perimeter
;WIDTH:0.419999
G1 F1500
G1 X116.705 Y111.729 E.02534
G1 X117.462 Y112.062 E.02593
G1 X118.134 Y112.545 E.02595
G1 X118.691 Y113.157 E.02595
G1 X119.109 Y113.872 E.02597
G1 X119.368 Y114.658 E.02595
G1 X119.459 Y115.48 E.02593
G1 X119.377 Y116.304 E.02596
G1 X119.125 Y117.092 E.02594
G1 X118.714 Y117.811 E.02597
G1 X118.164 Y118.429 E.02594
G1 X117.497 Y118.919 E.02595
G1 X116.742 Y119.259 E.02596
G1 X116.063 Y119.415 E.02184
G1 X115.515 Y119.459 E.01724
G1 X115.067 Y119.435 E.01407
G1 X114.295 Y119.271 E.02475
G1 X113.538 Y118.938 E.02593
G1 X112.866 Y118.455 E.02595
G1 X112.309 Y117.843 E.02595
G1 X111.891 Y117.128 E.02597
G1 X111.632 Y116.342 E.02595
G1 X111.541 Y115.519 E.02596
G1 X111.581 Y114.963 E.01748
G1 X111.729 Y114.293 E.02151
G1 X112.062 Y113.538 E.02587
G1 X112.545 Y112.866 E.02595
G1 X113.157 Y112.309 E.02595
G1 X113.872 Y111.891 E.02597
G1 X114.658 Y111.632 E.02595
G1 X115.349 Y111.548 E.02183
G1 X115.854 Y111.56 E.01584
G1 E-3.5 F3600
;WIPE_START
G1 F7200
G1 X115.914 Y111.564 E-.02856
G1 X116.705 Y111.729 E-.38381
G1 X117.462 Y112.062 E-.39283
G1 X118.134 Y112.545 E-.3931
G1 X118.562 Y113.015 E-.3017
;WIPE_END
G1 X133.256 Y97.744 F9000
G1 E5 F2400
;TYPE:Perimeter
;WIDTH:0.439999
G1 X133.256 Y133.256 E1.17251
G1 X97.744 Y133.256 E1.17251
G1 X97.744 Y97.744 E1.17251
G1 X133.196 Y97.744 E1.17053
G1 X133.653 Y97.347 F9000
G1 F2400
G1 X133.653 Y133.653 E1.19872
G1 X97.347 Y133.653 E1.19872
G1 X97.347 Y97.347 E1.19872
G1 X133.593 Y97.347 E1.19674
G1 X134.04 Y96.96 F9000
;TYPE:External perimeter
;WIDTH:0.419999
G1 F1500
G1 X134.04 Y134.04 E1.16262
G1 X96.96 Y134.04 E1.16262
G1 X96.96 Y96.96 E1.16262
G1 X133.98 Y96.96 E1.16073
G1 X133.131 Y98.595 F9000
;TYPE:Top solid infill
;WIDTH:0.402041
G1 F1800
G1 X132.565 Y98.03 E.02388
G1 X132.057 Y98.03 E.01517
G1 X132.97 Y98.943 E.03856
G1 X132.97 Y99.45 E.01514
G1 X131.55 Y98.03 E.05997
G1 X131.042 Y98.03 E.01517
G1 X132.97 Y99.958 E.08142
G1 X132.97 Y100.466 E.01517
G1 X130.534 Y98.03 E.10287
G1 X130.026 Y98.03 E.01517
G1 X132.97 Y100.974 E.12432
G1 X132.97 Y101.482 E.01517
G1 X129.518 Y98.03 E.14578
G1 X129.01 Y98.03 E.01517
G1 X132.97 Y101.99 E.16723
G1 X132.97 Y102.498 E.01517
G1 X128.502 Y98.03 E.18868
G1 X127.994 Y98.03 E.01517
G1 X132.97 Y103.006 E.21014
G1 X132.97 Y103.513 E.01514
G1 X127.487 Y98.03 E.23155
G1 X126.979 Y98.03 E.01517
G1 X132.97 Y104.021 E.253
G1 X132.97 Y104.529 E.01517
G1 X126.471 Y98.03 E.27445
G1 X125.963 Y98.03 E.01517
G1 X132.97 Y105.037 E.2959
G1 X132.97 Y105.545 E.01517
G1 X125.455 Y98.03 E.31736
G1 X124.947 Y98.03 E.01517
G1 X132.97 Y106.053 E.33881
G1 X132.97 Y106.561 E.01517
G1 X124.439 Y98.03 E.36026
G1 X123.931 Y98.03 E.01517
G1 X132.97 Y107.069 E.38172
G1 X132.97 Y107.576 E.01514
G1 X123.424 Y98.03 E.40313
G1 X122.916 Y98.03 E.01517
G1 X132.97 Y108.084 E.42458
G1 X132.97 Y108.592 E.01517
G1 X122.408 Y98.03 E.44603
G1 X121.9 Y98.03 E.01517
G1 X132.97 Y109.1 E.46748
G1 X132.97 Y109.608 E.01517
G1 X121.392 Y98.03 E.48894
G1 X120.884 Y98.03 E.01517
G1 X132.97 Y110.116 E.51039
G1 X132.97 Y110.624 E.01517
G1 X120.376 Y98.03 E.53184
G1 X119.868 Y98.03 E.01517
G1 X132.97 Y111.132 E.5533
G1 X132.97 Y111.639 E.01514
G1 X119.361 Y98.03 E.57471
G1 X118.853 Y98.03 E.01517
G1 X132.97 Y112.147 E.59616
G1 X132.97 Y112.655 E.01517
G1 X118.345 Y98.03 E.61761
G1 X117.837 Y98.03 E.01517
G1 X132.97 Y113.163 E.63906
G1 X132.97 Y113.671 E.01517
G1 X117.329 Y98.03 E.66052
G1 X116.821 Y98.03 E.01517
G1 X132.97 Y114.179 E.68197
G1 X132.97 Y114.687 E.01517
G1 X116.313 Y98.03 E.70342
G1 X115.805 Y98.03 E.01517
G1 X132.97 Y115.195 E.72488
G1 X132.97 Y115.702 E.01514
G1 X115.298 Y98.03 E.74629
G1 X114.79 Y98.03 E.01517
G1 X115.215 Y98.455 E.01795
G1 X114.961 Y98.709 E.01073
G1 X114.282 Y98.03 E.02867
G1 X113.774 Y98.03 E.01517
G1 X114.707 Y98.963 E.0394
G1 X114.453 Y99.217 E.01073
G1 X113.266 Y98.03 E.05013
G1 X112.758 Y98.03 E.01517
G1 X114.199 Y99.471 E.06085
G1 X113.946 Y99.725 E.01071
G1 X112.25 Y98.03 E.0716
G1 X111.742 Y98.03 E.01517
G1 X113.692 Y99.979 E.08233
G1 X113.438 Y100.233 E.01073
G1 X111.235 Y98.03 E.09303
G1 X110.727 Y98.03 E.01517
G1 X113.184 Y100.487 E.10376
G1 X112.93 Y100.741 E.01073
G1 X110.219 Y98.03 E.11449
G1 X109.711 Y98.03 E.01517
G1 X112.676 Y100.995 E.12521
G1 X112.422 Y101.249 E.01073
G1 X109.203 Y98.03 E.13594
G1 X108.695 Y98.03 E.01517
G1 X112.168 Y101.503 E.14666
G1 X111.914 Y101.757 E.01073
G1 X108.187 Y98.03 E.15739
G1 X107.679 Y98.03 E.01517
G1 X111.66 Y102.01 E.1681
G1 X111.406 Y102.264 E.01073
G1 X107.172 Y98.03 E.1788
G1 X106.664 Y98.03 E.01517
G1 X111.152 Y102.518 E.18953
G1 X110.898 Y102.772 E.01073
G1 X106.156 Y98.03 E.20025
G1 X105.648 Y98.03 E.01517
G1 X110.644 Y103.026 E.21098
G1 X110.39 Y103.28 E.01073
G1 X105.14 Y98.03 E.22171
G1 X104.632 Y98.03 E.01517
G1 X110.136 Y103.534 E.23243
G1 X109.883 Y103.788 E.01071
G1 X104.124 Y98.03 E.24318
G1 X103.616 Y98.03 E.01517
G1 X109.629 Y104.042 E.25391
G1 X109.375 Y104.296 E.01073
G1 X103.109 Y98.03 E.26461
G1 X102.601 Y98.03 E.01517
G1 X109.121 Y104.55 E.27534
G1 X108.867 Y104.804 E.01073
G1 X102.093 Y98.03 E.28607
G1 X101.585 Y98.03 E.01517
G1 X108.613 Y105.058 E.29679
G1 X108.359 Y105.312 E.01073
G1 X101.077 Y98.03 E.30752
G1 X100.569 Y98.03 E.01517
G1 X108.105 Y105.566 E.31824
G1 X107.851 Y105.82 E.01073
G1 X100.061 Y98.03 E.32897
G1 X99.554 Y98.03 E.01514
G1 X107.597 Y106.073 E.33965
G1 X107.343 Y106.327 E.01073
G1 X99.046 Y98.03 E.35038
G1 X98.538 Y98.03 E.01517
G1 X107.089 Y106.581 E.36111
G1 X106.835 Y106.835 E.01073
G1 X98.03 Y98.03 E.37183
G1 X98.03 Y98.538 E.01517
G1 X106.581 Y107.089 E.36111
G1 X106.327 Y107.343 E.01073
G1 X98.03 Y99.046 E.35038
G1 X98.03 Y99.554 E.01517
G1 X106.073 Y107.597 E.33965
G1 X105.82 Y107.851 E.01071
G1 X98.03 Y100.061 E.32897
G1 X98.03 Y100.569 E.01517
G1 X105.566 Y108.105 E.31824
G1 X105.312 Y108.359 E.01073
G1 X98.03 Y101.077 E.30752
G1 X98.03 Y101.585 E.01517
G1 X105.058 Y108.613 E.29679
G1 X104.804 Y108.867 E.01073
G1 X98.03 Y102.093 E.28607
G1 X98.03 Y102.601 E.01517
G1 X104.55 Y109.121 E.27534
G1 X104.296 Y109.375 E.01073
G1 X98.03 Y103.109 E.26461
G1 X98.03 Y103.617 E.01517
G1 X104.042 Y109.629 E.25389
G1 X103.788 Y109.883 E.01073
G1 X98.03 Y104.124 E.24318
G1 X98.03 Y104.632 E.01517
G1 X103.534 Y110.136 E.23243
G1 X103.28 Y110.39 E.01073
G1 X98.03 Y105.14 E.22171
G1 X98.03 Y105.648 E.01517
G1 X103.026 Y110.644 E.21098
G1 X102.772 Y110.898 E.01073
G1 X98.03 Y106.156 E.20025
G1 X98.03 Y106.664 E.01517
G1 X102.518 Y111.152 E.18953
G1 X102.264 Y111.406 E.01073
G1 X98.03 Y107.172 E.1788
G1 X98.03 Y107.68 E.01517
G1 X102.01 Y111.66 E.16807
G1 X101.757 Y111.914 E.01071
G1 X98.03 Y108.187 E.15739
G1 X98.03 Y108.695 E.01517
G1 X101.503 Y112.168 E.14666
G1 X101.249 Y112.422 E.01073
G1 X98.03 Y109.203 E.13594
G1 X98.03 Y109.711 E.01517
G1 X100.995 Y112.676 E.12521
G1 X100.741 Y112.93 E.01073
G1 X98.03 Y110.219 E.11449
G1 X98.03 Y110.727 E.01517
G1 X100.487 Y113.184 E.10376
G1 X100.233 Y113.438 E.01073
G1 X98.03 Y111.235 E.09303
G1 X98.03 Y111.743 E.01517
G1 X99.979 Y113.692 E.08231
G1 X99.725 Y113.946 E.01073
G1 X98.03 Y112.25 E.0716
G1 X98.03 Y112.758 E.01517
G1 X99.471 Y114.199 E.06085
G1 X99.217 Y114.453 E.01073
G1 X98.03 Y113.266 E.05013
G1 X98.03 Y113.774 E.01517
G1 X98.963 Y114.707 E.0394
G1 X98.709 Y114.961 E.01073
G1 X98.03 Y114.282 E.02867
G1 X98.03 Y114.79 E.01517
G1 X98.569 Y115.329 E.02276
G1 E-3.5 F3600
;WIPE_START
G1 F7200
G1 X98.03 Y114.79 E-.36207
G1 X98.03 Y114.282 E-.2413
G1 X98.709 Y114.961 E-.45612
G1 X98.963 Y114.707 E-.17062
G1 X98.561 Y114.305 E-.26989
;WIPE_END
G1 X132.431 Y115.671 F9000
G1 E5 F2400
G1 F1800
G1 X132.97 Y116.21 E.02276
G1 X132.97 Y116.718 E.01517
G1 X132.291 Y116.039 E.02867
G1 X132.037 Y116.293 E.01073
G1 X132.97 Y117.226 E.0394
G1 X132.97 Y117.734 E.01517
G1 X131.783 Y116.547 E.05013
G1 X131.529 Y116.801 E.01073
G1 X132.97 Y118.242 E.06085
G1 X132.97 Y118.75 E.01517
G1 X131.275 Y117.055 E.07158
G1 X131.021 Y117.308 E.01071
G1 X132.97 Y119.258 E.08233
G1 X132.97 Y119.765 E.01514
G1 X130.767 Y117.562 E.09303
G1 X130.513 Y117.816 E.01073
G1 X132.97 Y120.273 E.10376
G1 X132.97 Y120.781 E.01517
G1 X130.259 Y118.07 E.11449
G1 X130.005 Y118.324 E.01073
G1 X132.97 Y121.289 E.12521
G1 X132.97 Y121.797 E.01517
G1 X129.751 Y118.578 E.13594
G1 X129.497 Y118.832 E.01073
G1 X132.97 Y122.305 E.14666
G1 X132.97 Y122.813 E.01517
G1 X129.243 Y119.086 E.15739
G1 X128.99 Y119.34 E.01071
G1 X132.97 Y123.321 E.1681
G1 X132.97 Y123.828 E.01514
G1 X128.736 Y119.594 E.1788
G1 X128.482 Y119.848 E.01073
G1 X132.97 Y124.336 E.18953
G1 X132.97 Y124.844 E.01517
G1 X128.228 Y120.102 E.20025
G1 X127.974 Y120.356 E.01073
G1 X132.97 Y125.352 E.21098
G1 X132.97 Y125.86 E.01517
G1 X127.72 Y120.61 E.22171
G1 X127.466 Y120.864 E.01073
G1 X132.97 Y126.368 E.23243
G1 X132.97 Y126.876 E.01517
G1 X127.212 Y121.117 E.24318
G1 X126.958 Y121.371 E.01073
G1 X132.97 Y127.384 E.25391
G1 X132.97 Y127.891 E.01514
G1 X126.704 Y121.625 E.26461
G1 X126.45 Y121.879 E.01073
G1 X132.97 Y128.399 E.27534
G1 X132.97 Y128.907 E.01517
G1 X126.196 Y122.133 E.28607
G1 X125.942 Y122.387 E.01073
G1 X132.97 Y129.415 E.29679
G1 X132.97 Y129.923 E.01517
G1 X125.688 Y122.641 E.30752
G1 X125.434 Y122.895 E.01073
G1 X132.97 Y130.431 E.31824
G1 X132.97 Y130.939 E.01517
G1 X125.18 Y123.149 E.32897
G1 X124.927 Y123.403 E.01071
G1 X132.97 Y131.446 E.33965
G1 X132.97 Y131.954 E.01517
G1 X124.673 Y123.657 E.35038
G1 X124.419 Y123.911 E.01073
G1 X132.97 Y132.462 E.36111
G1 X132.97 Y132.97 E.01517
G1 X124.165 Y124.165 E.37183
G1 X123.911 Y124.419 E.01073
G1 X132.462 Y132.97 E.36111
G1 X131.954 Y132.97 E.01517
G1 X123.657 Y124.673 E.35038
G1 X123.403 Y124.927 E.01073
G1 X131.446 Y132.97 E.33965
G1 X130.939 Y132.97 E.01514
G1 X123.149 Y125.18 E.32897
G1 X122.895 Y125.434 E.01073
G1 X130.431 Y132.97 E.31824
G1 X129.923 Y132.97 E.01517
G1 X122.641 Y125.688 E.30752
G1 X122.387 Y125.942 E.01073
G1 X129.415 Y132.97 E.29679
G1 X128.907 Y132.97 E.01517
G1 X122.133 Y126.196 E.28607
G1 X121.879 Y126.45 E.01073
G1 X128.399 Y132.97 E.27534
G1 X127.891 Y132.97 E.01517
G1 X121.625 Y126.704 E.26461
G1 X121.371 Y126.958 E.01073
G1 X127.383 Y132.97 E.25389
G1 X126.876 Y132.97 E.01514
G1 X121.117 Y127.212 E.24318
G1 X120.864 Y127.466 E.01071
G1 X126.368 Y132.97 E.23243
G1 X125.86 Y132.97 E.01517
G1 X120.61 Y127.72 E.22171
G1 X120.356 Y127.974 E.01073
G1 X125.352 Y132.97 E.21098
G1 X124.844 Y132.97 E.01517
G1 X120.102 Y128.228 E.20025
G1 X119.848 Y128.482 E.01073
G1 X124.336 Y132.97 E.18953
G1 X123.828 Y132.97 E.01517
G1 X119.594 Y128.736 E.1788
G1 X119.34 Y128.99 E.01073
G1 X123.32 Y132.97 E.16807
G1 X122.813 Y132.97 E.01514
G1 X119.086 Y129.243 E.15739
G1 X118.832 Y129.497 E.01073
G1 X122.305 Y132.97 E.14666
G1 X121.797 Y132.97 E.01517
G1 X118.578 Y129.751 E.13594
G1 X118.324 Y130.005 E.01073
G1 X121.289 Y132.97 E.12521
G1 X120.781 Y132.97 E.01517
G1 X118.07 Y130.259 E.11449
G1 X117.816 Y130.513 E.01073
G1 X120.273 Y132.97 E.10376
G1 X119.765 Y132.97 E.01517
G1 X117.562 Y130.767 E.09303
G1 X117.308 Y131.021 E.01073
G1 X119.257 Y132.97 E.08231
G1 X118.75 Y132.97 E.01514
G1 X117.054 Y131.275 E.0716
G1 X116.801 Y131.529 E.01071
G1 X118.242 Y132.97 E.06085
G1 X117.734 Y132.97 E.01517
G1 X116.547 Y131.783 E.05013
G1 X116.293 Y132.037 E.01073
G1 X117.226 Y132.97 E.0394
G1 X116.718 Y132.97 E.01517
G1 X116.039 Y132.291 E.02867
G1 X115.785 Y132.545 E.01073
G1 X116.21 Y132.97 E.01795
G1 X115.702 Y132.97 E.01517
G1 X98.03 Y115.298 E.74629
G1 X98.03 Y115.805 E.01514
G1 X115.195 Y132.97 E.72488
G1 X114.687 Y132.97 E.01517
G1 X98.03 Y116.313 E.70342
G1 X98.03 Y116.821 E.01517
G1 X114.179 Y132.97 E.68197
G1 X113.671 Y132.97 E.01517
G1 X98.03 Y117.329 E.66052
G1 X98.03 Y117.837 E.01517
G1 X113.163 Y132.97 E.63906
G1 X112.655 Y132.97 E.01517
G1 X98.03 Y118.345 E.61761
G1 X98.03 Y118.853 E.01517
G1 X112.147 Y132.97 E.59616
G1 X111.639 Y132.97 E.01517
G1 X98.03 Y119.361 E.57471
G1 X98.03 Y119.868 E.01514
G1 X111.132 Y132.97 E.5533
G1 X110.624 Y132.97 E.01517
G1 X98.03 Y120.376 E.53184
G1 X98.03 Y120.884 E.01517
G1 X110.116 Y132.97 E.51039
G1 X109.608 Y132.97 E.01517
G1 X98.03 Y121.392 E.48894
G1 X98.03 Y121.9 E.01517
G1 X109.1 Y132.97 E.46748
G1 X108.592 Y132.97 E.01517
G1 X98.03 Y122.408 E.44603
G1 X98.03 Y122.916 E.01517
G1 X108.084 Y132.97 E.42458
G1 X107.576 Y132.97 E.01517
G1 X98.03 Y123.424 E.40313
G1 X98.03 Y123.931 E.01514
G1 X107.069 Y132.97 E.38172
G1 X106.561 Y132.97 E.01517
G1 X98.03 Y124.439 E.36026
G1 X98.03 Y124.947 E.01517
G1 X106.053 Y132.97 E.33881
G1 X105.545 Y132.97 E.01517
G1 X98.03 Y125.455 E.31736
G1 X98.03 Y125.963 E.01517
G1 X105.037 Y132.97 E.2959
G1 X104.529 Y132.97 E.01517
G1 X98.03 Y126.471 E.27445
G1 X98.03 Y126.979 E.01517
G1 X104.021 Y132.97 E.253
G1 X103.513 Y132.97 E.01517
G1 X98.03 Y127.487 E.23155
G1 X98.03 Y127.994 E.01514
G1 X103.006 Y132.97 E.21014
G1 X102.498 Y132.97 E.01517
G1 X98.03 Y128.502 E.18868
G1 X98.03 Y129.01 E.01517
G1 X101.99 Y132.97 E.16723
G1 X101.482 Y132.97 E.01517
G1 X98.03 Y129.518 E.14578
G1 X98.03 Y130.026 E.01517
G1 X100.974 Y132.97 E.12432
G1 X100.466 Y132.97 E.01517
G1 X98.03 Y130.534 E.10287
G1 X98.03 Y131.042 E.01517
G1 X99.958 Y132.97 E.08142
G1 X99.45 Y132.97 E.01517
G1 X98.03 Y131.55 E.05997
G1 X98.03 Y132.057 E.01514
G1 X98.943 Y132.97 E.03856
G1 X98.435 Y132.97 E.01517
G1 X97.869 Y132.405 E.02388
G1 E-3.5 F3600
;WIPE_START
G1 F7200
G1 X98.435 Y132.97 E-.37988
G1 X98.943 Y132.97 E-.2413
G1 X98.03 Y132.057 E-.61331
G1 X98.03 Y131.55 E-.24083
G1 X98.067 Y131.587 E-.02468
;WIPE_END
G1 X114.402 Y131.198 F9000
G1 E5 F2400
;TYPE:Internal infill
;WIDTH:0.44
G1 F3000
G1 X112.717 Y129.514 E.07866
G1 X129.514 Y112.717 E.78431
G1 X126.706 Y109.91 E.13109
G1 X120.484 Y116.131 E.2905
G1 X120.551 Y115.5 E.02095
G1 X120.484 Y114.869 E.02095
G1 X126.706 Y121.09 E.2905
G1 X123.898 Y123.898 E.13112
G1 X119.06 Y119.06 E.2259
G1 X118.779 Y119.334 E.01296
G1 X118.027 Y119.873 E.03055
G1 X117.053 Y120.299 E.0351
G1 E-3.5 F3600
;WIPE_START
G1 F7200
G1 X118.027 Y119.873 E-.50497
G1 X118.779 Y119.334 E-.43948
G1 X119.06 Y119.06 E-.18643
G1 X119.609 Y119.609 E-.36912
;WIPE_END
G1 X113.947 Y120.299 F9000
G1 E5 F2400
G1 F3000
G1 X112.973 Y119.873 E.0351
G1 X112.221 Y119.334 E.03055
G1 X111.94 Y119.06 E.01296
G1 X107.102 Y123.898 E.2259
G1 X109.91 Y126.706 E.13112
G1 X116.115 Y120.501 E.28973
G1 X115.501 Y120.55 E.02034
G1 X114.89 Y120.506 E.02023
G1 X121.09 Y126.706 E.2895
G1 X118.283 Y129.514 E.13109
G1 X101.486 Y112.717 E.78431
G1 X104.294 Y109.91 E.13109
G1 X110.515 Y116.131 E.29048
G1 X110.45 Y115.516 E.02042
G1 X110.505 Y114.879 E.02111
G1 X104.294 Y121.09 E.29001
G1 X101.486 Y118.283 E.13109
G1 X118.283 Y101.486 E.78431
G1 X116.598 Y99.802 E.07866
G1 E-3.5 F3600
;WIPE_START
G1 F7200
G1 X118.283 Y101.486 E-1.13157
G1 X117.735 Y102.034 E-.36843
;WIPE_END
G1 X108.787 Y105.417 F9000
G1 E5 F2400
G1 F3000
G1 X107.102 Y107.102 E.07868
G1 X111.944 Y111.944 E.22609
G1 X111.736 Y112.133 E.00928
G1 X111.127 Y112.973 E.03426
G1 X110.696 Y113.945 E.03511
G1 E-3.5 F3600
;WIPE_START
G1 F7200
G1 X111.127 Y112.973 E-.50505
G1 X111.736 Y112.133 E-.49283
G1 X111.944 Y111.944 E-.1335
G1 X111.395 Y111.395 E-.36862
;WIPE_END
G1 X117.055 Y110.696 F9000
G1 E5 F2400
G1 F3000
G1 X118.027 Y111.127 E.03511
G1 X118.867 Y111.736 E.03426
G1 X119.056 Y111.944 E.00928
G1 X123.898 Y107.102 E.22609
G1 X121.09 Y104.294 E.13112
G1 X114.876 Y110.508 E.29015
G1 X115.231 Y110.464 E.01181
G1 X116.108 Y110.493 E.02897
G1 X109.91 Y104.294 E.28943
G1 X112.717 Y101.486 E.13109
G1 X129.514 Y118.283 E.78431
G1 X131.198 Y116.598 E.07866
;LAYER_CHANGE
;Z:4
;HEIGHT:0.2
;BEFORE_LAYER_CHANGE
G92 E0
;4


G1 E-3.5 F3600
;WIPE_START
G1 F7200
G1 X129.514 Y118.283 E-1.13157
G1 X128.966 Y117.735 E-.36843
;WIPE_END
G1 Z4 F9000
;AFTER_LAYER_CHANGE
;4
G1 X120.189 Y115.993
G1 E5 F2400
;TYPE:Perimeter
;WIDTH:0.439999
G1 F1500
G1 X120.156 Y116.386 E.01302
G1 X119.871 Y117.335 E.03272
G1 X119.394 Y118.203 E.0327
G1 X118.746 Y118.954 E.03275
G1 X117.957 Y119.553 E.03271
G1 X117.061 Y119.976 E.03271
G1 X116.242 Y120.179 E.02786
G1 X115.577 Y120.241 E.02205
G1 X114.614 Y120.156 E.03192
G1 X113.665 Y119.871 E.03272
G1 X112.797 Y119.394 E.0327
G1 X112.046 Y118.746 E.03275
G1 X111.447 Y117.957 E.03271
G1 X111.024 Y117.061 E.03271
G1 X110.844 Y116.376 E.02338
G1 X110.76 Y115.591 E.02607
G1 X110.801 Y114.894 E.02305
G1 X110.964 Y114.122 E.02605
G1 X111.345 Y113.219 E.03236
G1 X111.91 Y112.405 E.03272
G1 X112.632 Y111.726 E.03272
G1 X113.48 Y111.212 E.03274
G1 X114.415 Y110.886 E.03269
G1 X115.252 Y110.769 E.0279
G1 X115.919 Y110.777 E.02202
G1 X116.868 Y110.962 E.03192
G1 X117.781 Y111.345 E.03269
G1 X118.595 Y111.91 E.03272
G1 X119.274 Y112.632 E.03272
G1 X119.788 Y113.48 E.03274
G1 X120.114 Y114.415 E.03269
G1 X120.239 Y115.398 E.03272
G1 X120.194 Y115.933 E.01773
G1 X119.797 Y115.952 F9000
G1 F1500
G1 X119.762 Y116.344 E.01299
G1 X119.493 Y117.212 E.03
G1 X119.05 Y118.005 E.02999
G1 X118.451 Y118.688 E.02999
G1 X117.724 Y119.232 E.02998
G1 X116.9 Y119.613 E.02997
G1 X116.155 Y119.791 E.02529
G1 X115.546 Y119.845 E.02019
G1 X114.656 Y119.762 E.02951
G1 X113.788 Y119.493 E.03
G1 X112.995 Y119.05 E.02999
G1 X112.312 Y118.451 E.02999
G1 X111.768 Y117.724 E.02998
G1 X111.387 Y116.899 E.03
G1 X111.23 Y116.283 E.02099
G1 X111.155 Y115.554 E.0242
G1 X111.197 Y114.925 E.02081
G1 X111.351 Y114.209 E.02418
G1 X111.708 Y113.38 E.0298
G1 X112.232 Y112.638 E.02999
G1 X112.898 Y112.021 E.02998
G1 X113.678 Y111.556 E.02998
G1 X114.538 Y111.263 E.03
G1 X115.297 Y111.164 E.02527
G1 X115.909 Y111.174 E.02021
G1 X116.785 Y111.35 E.0295
G1 X117.62 Y111.708 E.03
G1 X118.362 Y112.232 E.02999
G1 X118.979 Y112.898 E.02998
G1 X119.444 Y113.678 E.02998
G1 X119.737 Y114.538 E.03
G1 X119.844 Y115.44 E.02999
G1 X119.803 Y115.892 E.01499
G1 X119.416 Y115.912 F9000
;TYPE:External perimeter
;WIDTH:0.419999
G1 F1500
G1 X119.377 Y116.304 E.01235
G1 X119.125 Y117.092 E.02594
G1 X118.714 Y117.811 E.02597
G1 X118.164 Y118.429 E.02594
G1 X117.497 Y118.919 E.02595
G1 X116.742 Y119.259 E.02596
G1 X116.07 Y119.413 E.02162
G1 X115.515 Y119.459 E.01746
G1 X114.696 Y119.377 E.02581
G1 X113.908 Y119.125 E.02594
G1 X113.189 Y118.714 E.02597
G1 X112.571 Y118.164 E.02594
G1 X112.081 Y117.497 E.02595
G1 X111.741 Y116.742 E.02596
G1 X111.606 Y116.193 E.01773
G1 X111.541 Y115.517 E.02129
G1 X111.583 Y114.956 E.01764
G1 X111.729 Y114.293 E.02129
G1 X112.062 Y113.538 E.02587
G1 X112.545 Y112.866 E.02595
G1 X113.157 Y112.309 E.02595
G1 X113.872 Y111.891 E.02597
G1 X114.658 Y111.632 E.02595
G1 X115.342 Y111.548 E.02161
G1 X115.899 Y111.561 E.01747
G1 X116.705 Y111.729 E.02581
G1 X117.462 Y112.062 E.02593
G1 X118.134 Y112.545 E.02595
G1 X118.691 Y113.157 E.02595
G1 X119.109 Y113.872 E.02597
G1 X119.368 Y114.658 E.02595
G1 X119.459 Y115.48 E.02593
G1 X119.422 Y115.852 E.01172
G1 E-3.5 F3600
;WIPE_START
G1 F7200
G1 X119.416 Y115.912 E-.02864
G1 X119.377 Y116.304 E-.18712
G1 X119.125 Y117.092 E-.39297
G1 X118.714 Y117.811 E-.39339
G1 X118.164 Y118.429 E-.39297
G1 X117.986 Y118.56 E-.10491
;WIPE_END
G1 X132.847 Y115.5 F9000
G1 E5 F2400
;TYPE:Perimeter
;WIDTH:0.439999
G1 X115.5 Y132.847 E.80999
G1 X98.153 Y115.5 E.80999
G1 X115.5 Y98.153 E.80999
G1 X132.804 Y115.458 E.80801
G1 X133.408 Y115.5 F9000
G1 F2400
G1 X115.5 Y133.408 E.83619
G1 X97.592 Y115.5 E.83619
G1 X115.5 Y97.592 E.83619
G1 X133.366 Y115.458 E.83423
G1 X133.955 Y115.5 F9000
;TYPE:External perimeter
;WIDTH:0.419999
G1 F1500
G1 X115.5 Y133.955 E.81832
G1 X97.045 Y115.5 E.81832
G1 X115.5 Y97.045 E.81832
G1 X133.913 Y115.458 E.81646
G1 E-3.5 F3600
;WIPE_START
G1 F7200
G1 X133.955 Y115.5 E-.02821
G1 X131.764 Y117.691 E-1.47179
;WIPE_END
G1 X117.052 Y110.701 F9000
G1 E5 F2400
;TYPE:Internal infill
;WIDTH:0.44
G1 F2474
G1 X118.117 Y111.185 E.03862
G1 X119.06 Y111.94 E.03989
G1 X123.957 Y107.043 E.22866
G1 X126.765 Y109.851 E.13112
G1 X120.489 Y116.126 E.29303
G1 X120.55 Y115.5 E.02077
G1 X120.489 Y114.874 E.02077
G1 X126.765 Y121.149 E.29303
G1 X123.957 Y123.957 E.13112
G1 X119.059 Y119.059 E.2287
G1 X118.133 Y119.803 E.03922
G1 X117.052 Y120.299 E.03927
G1 E-3.5 F3600
;WIPE_START
G1 F7200
G1 X118.133 Y119.803 E-.56495
G1 X119.059 Y119.059 E-.56423
G1 X119.611 Y119.611 E-.37082
;WIPE_END
G1 X113.953 Y120.285 F9000
G1 E5 F2400
G1 F2474
G1 X113.331 Y120.055 E.0219
G1 X112.547 Y119.597 E.02998
G1 X111.941 Y119.059 E.02676
G1 X107.043 Y123.957 E.2287
G1 X104.235 Y121.149 E.13112
G1 X110.505 Y114.879 E.29277
G1 X110.45 Y115.5 E.02058
G1 X110.513 Y116.129 E.02087
G1 X104.235 Y109.851 E.29314
G1 X101.427 Y112.658 E.13109
G1 X118.342 Y129.573 E.78982
G1 X121.149 Y126.765 E.13109
G1 X114.874 Y120.489 E.29303
G1 X115.5 Y120.55 E.02077
G1 X116.121 Y120.495 E.02058
G1 X109.851 Y126.765 E.29277
G1 X112.658 Y129.573 E.13109
G1 X129.573 Y112.658 E.78982
G1 X132.414 Y115.5 E.13268
G1 X129.573 Y118.342 E.13268
G1 X112.658 Y101.427 E.78982
G1 X114.343 Y99.743 E.07866
G1 E-3.5 F3600
;WIPE_START
G1 F7200
G1 X112.658 Y101.427 E-1.13157
G1 X113.206 Y101.975 E-.36843
;WIPE_END
G1 X110.701 Y113.948 F9000
G1 E5 F2400
G1 F2474
G1 X111.185 Y112.883 E.03862
G1 X111.94 Y111.94 E.03989
G1 X107.043 Y107.043 E.22866
G1 X109.851 Y104.235 E.13112
G1 X116.108 Y110.492 E.29216
G1 X114.88 Y110.505 E.04055
G1 X121.149 Y104.235 E.29275
G1 X118.342 Y101.427 E.13109
G1 X101.427 Y118.342 E.78982
G1 X99.743 Y116.657 E.07866
;LAYER_CHANGE
;Z:4.2
;HEIGHT:0.2
;BEFORE_LAYER_CHANGE
G92 E0
;4.2


G1 E-3.5 F3600
;WIPE_START
G1 F7200
G1 X101.427 Y118.342 E-1.13157
G1 X101.975 Y117.794 E-.36843
;WIPE_END
G1 Z4.2 F9000
;AFTER_LAYER_CHANGE
;4.2
G1 X110.803 Y115.994
G1 E5 F2400
;TYPE:Perimeter
;WIDTH:0.439999
G1 F1500
G1 X110.76 Y115.59 E.01341
G1 X110.802 Y114.886 E.02329
G1 X110.964 Y114.121 E.02582
G1 X111.345 Y113.219 E.03233
G1 X111.91 Y112.405 E.03272
G1 X112.632 Y111.726 E.03272
G1 X113.48 Y111.212 E.03274
G1 X114.415 Y110.886 E.03269
G1 X115.244 Y110.77 E.02764
G1 X115.918 Y110.777 E.02225
G1 X116.868 Y110.962 E.03196
G1 X117.781 Y111.345 E.03269
G1 X118.595 Y111.91 E.03272
G1 X119.274 Y112.632 E.03272
G1 X119.788 Y113.48 E.03274
G1 X120.114 Y114.415 E.03269
G1 X120.239 Y115.398 E.03272
G1 X120.156 Y116.386 E.03274
G1 X119.871 Y117.335 E.03272
G1 X119.394 Y118.203 E.0327
G1 X118.746 Y118.954 E.03275
G1 X117.957 Y119.553 E.03271
G1 X117.061 Y119.976 E.03271
G1 X116.249 Y120.177 E.02762
G1 X115.578 Y120.241 E.02226
G1 X114.614 Y120.156 E.03195
G1 X113.665 Y119.871 E.03272
G1 X112.797 Y119.394 E.0327
G1 X112.046 Y118.746 E.03275
G1 X111.447 Y117.957 E.03271
G1 X111.024 Y117.061 E.03271
G1 X110.842 Y116.368 E.02366
G1 X110.809 Y116.053 E.01046
G1 X111.196 Y115.952 F9000
G1 F1500
G1 X111.155 Y115.553 E.01324
G1 X111.198 Y114.918 E.02101
G1 X111.351 Y114.208 E.02398
G1 X111.708 Y113.38 E.02977
G1 X112.232 Y112.638 E.02999
G1 X112.898 Y112.021 E.02998
G1 X113.678 Y111.556 E.02998
G1 X114.538 Y111.263 E.03
G1 X115.29 Y111.164 E.02504
G1 X115.908 Y111.174 E.02041
G1 X116.785 Y111.35 E.02953
G1 X117.62 Y111.708 E.03
G1 X118.362 Y112.232 E.02999
G1 X118.979 Y112.898 E.02998
G1 X119.444 Y113.678 E.02998
G1 X119.737 Y114.538 E.03
G1 X119.844 Y115.44 E.02999
G1 X119.762 Y116.344 E.02997
G1 X119.493 Y117.212 E.03
G1 X119.05 Y118.005 E.02999
G1 X118.451 Y118.688 E.02999
G1 X117.724 Y119.232 E.02998
G1 X116.9 Y119.613 E.02997
G1 X116.162 Y119.79 E.02506
G1 X115.546 Y119.845 E.02042
G1 X114.656 Y119.762 E.02951
G1 X113.788 Y119.493 E.03
G1 X112.995 Y119.05 E.02999
G1 X112.312 Y118.451 E.02999
G1 X111.768 Y117.724 E.02998
G1 X111.387 Y116.899 E.03
G1 X111.229 Y116.276 E.02122
G1 X111.202 Y116.012 E.00876
G1 X111.579 Y115.912 F9000
;TYPE:External perimeter
;WIDTH:0.419999
G1 F1500
G1 X111.541 Y115.517 E.01244
G1 X111.584 Y114.949 E.01786
G1 X111.729 Y114.293 E.02106
G1 X112.062 Y113.538 E.02587
G1 X112.545 Y112.866 E.02595
G1 X113.157 Y112.309 E.02595
G1 X113.872 Y111.891 E.02597
G1 X114.658 Y111.632 E.02595
G1 X115.335 Y111.549 E.02139
G1 X115.899 Y111.561 E.01769
G1 X116.705 Y111.729 E.02581
G1 X117.462 Y112.062 E.02593
G1 X118.134 Y112.545 E.02595
G1 X118.691 Y113.157 E.02595
G1 X119.109 Y113.872 E.02597
G1 X119.368 Y114.658 E.02595
G1 X119.459 Y115.48 E.02593
G1 X119.377 Y116.304 E.02596
G1 X119.125 Y117.092 E.02594
G1 X118.714 Y117.811 E.02597
G1 X118.164 Y118.429 E.02594
G1 X117.497 Y118.919 E.02595
G1 X116.742 Y119.259 E.02596
G1 X116.077 Y119.412 E.0214
G1 X115.515 Y119.459 E.01768
G1 X114.696 Y119.377 E.02581
G1 X113.908 Y119.125 E.02594
G1 X113.189 Y118.714 E.02597
G1 X112.571 Y118.164 E.02594
G1 X112.081 Y117.497 E.02595
G1 X111.741 Y116.742 E.02596
G1 X111.605 Y116.186 E.01795
G1 X111.584 Y115.972 E.00674
G1 E-3.5 F3600
;WIPE_START
G1 F7200
G1 X111.579 Y115.912 E-.0286
G1 X111.541 Y115.517 E-.18849
G1 X111.584 Y114.949 E-.27057
G1 X111.729 Y114.293 E-.31912
G1 X112.062 Y113.538 E-.39196
G1 X112.432 Y113.023 E-.30126
;WIPE_END
G1 X98.153 Y115.5 F9000
G1 E5 F2400
;TYPE:Perimeter
;WIDTH:0.439999
G1 X115.5 Y98.153 E.80999
G1 X132.847 Y115.5 E.80999
G1 X115.5 Y132.847 E.80999
G1 X98.196 Y115.542 E.80801
G1 X97.592 Y115.5 F9000
G1 F2400
G1 X115.5 Y97.592 E.83619
G1 X133.408 Y115.5 E.83619
G1 X115.5 Y133.408 E.83619
G1 X97.634 Y115.542 E.83423
G1 X97.045 Y115.5 F9000
;TYPE:External perimeter
;WIDTH:0.419999
G1 F1500
G1 X115.5 Y97.045 E.81832
G1 X133.955 Y115.5 E.81832
G1 X115.5 Y133.955 E.81832
G1 X97.087 Y115.542 E.81646
G1 E-3.5 F3600
;WIPE_START
G1 F7200
G1 X97.045 Y115.5 E-.02821
G1 X99.236 Y113.309 E-1.47179
;WIPE_END
G1 X113.953 Y120.285 F9000
G1 E5 F2400
;TYPE:Internal infill
;WIDTH:0.44
G1 F2472
G1 X113.331 Y120.055 E.0219
G1 X112.547 Y119.597 E.02998
G1 X111.941 Y119.059 E.02676
G1 X107.043 Y123.957 E.2287
G1 X104.235 Y121.149 E.13112
G1 X110.506 Y114.879 E.29279
G1 X110.45 Y115.5 E.02059
G1 X110.513 Y116.128 E.02084
G1 X104.235 Y109.851 E.29312
G1 X107.043 Y107.043 E.13112
G1 X111.94 Y111.94 E.22866
G1 X112.639 Y111.344 E.03033
G1 X113.332 Y110.945 E.0264
G1 X113.953 Y110.715 E.02186
G1 E-3.5 F3600
;WIPE_START
G1 F7200
G1 X113.332 Y110.945 E-.31456
G1 X112.639 Y111.344 E-.37984
G1 X111.94 Y111.94 E-.43633
G1 X111.39 Y111.39 E-.36927
;WIPE_END
G1 X117.052 Y110.701 F9000
G1 E5 F2400
G1 F2472
G1 X118.117 Y111.185 E.03862
G1 X119.06 Y111.94 E.03989
G1 X123.957 Y107.043 E.22866
G1 X126.765 Y109.851 E.13112
G1 X120.489 Y116.126 E.29303
G1 X120.55 Y115.5 E.02077
G1 X120.489 Y114.874 E.02077
G1 X126.765 Y121.149 E.29303
G1 X123.957 Y123.957 E.13112
G1 X119.059 Y119.059 E.2287
G1 X118.133 Y119.803 E.03922
G1 X117.052 Y120.299 E.03927
G1 E-3.5 F3600
;WIPE_START
G1 F7200
G1 X118.133 Y119.803 E-.56495
G1 X119.059 Y119.059 E-.56423
G1 X119.611 Y119.611 E-.37082
;WIPE_END
G1 X131.257 Y116.657 F9000
G1 E5 F2400
G1 F2472
G1 X129.573 Y118.342 E.07866
G1 X112.658 Y101.427 E.78982
G1 X109.851 Y104.235 E.13109
G1 X116.108 Y110.492 E.29216
G1 X114.88 Y110.505 E.04055
G1 X121.149 Y104.235 E.29275
G1 X118.342 Y101.427 E.13109
G1 X101.427 Y118.342 E.78982
G1 X98.586 Y115.5 E.13268
G1 X101.427 Y112.658 E.13268
G1 X118.342 Y129.573 E.78982
G1 X121.149 Y126.765 E.13109
G1 X114.874 Y120.489 E.29303
G1 X115.5 Y120.55 E.02077
G1 X116.121 Y120.494 E.02059
G1 X109.851 Y126.765 E.29279
G1 X112.658 Y129.573 E.13109
G1 X129.573 Y112.658 E.78982
G1 X131.257 Y114.343 E.07866
;LAYER_CHANGE
;Z:4.4
;HEIGHT:0.2
;BEFORE_LAYER_CHANGE
G92 E0
;4.4


G1 E-3.5 F3600
;WIPE_START
G1 F7200
G1 X129.573 Y112.658 E-1.13157
G1 X129.025 Y113.206 E-.36843
;WIPE_END
G1 Z4.4 F9000
;AFTER_LAYER_CHANGE
;4.4
G1 X120.189 Y115.007
G1 E5 F2400
;TYPE:Perimeter
;WIDTH:0.439999
G1 F1500
G1 X120.239 Y115.398 E.01301
G1 X120.156 Y116.386 E.03274
G1 X119.871 Y117.335 E.03272
G1 X119.394 Y118.203 E.0327
G1 X118.746 Y118.954 E.03275
G1 X117.957 Y119.553 E.03271
G1 X117.061 Y119.976 E.03271
G1 X116.096 Y120.202 E.03272
G1 X115.5 Y120.224 E.01969
G1 X114.904 Y120.202 E.01969
G1 X114.132 Y120.038 E.02606
G1 X113.219 Y119.655 E.03269
G1 X112.405 Y119.09 E.03272
G1 X111.726 Y118.368 E.03272
G1 X111.212 Y117.52 E.03274
G1 X110.886 Y116.585 E.03269
G1 X110.761 Y115.601 E.03275
G1 X110.803 Y114.878 E.02391
G1 X110.964 Y114.121 E.02555
G1 X111.345 Y113.219 E.03233
G1 X111.91 Y112.405 E.03272
G1 X112.632 Y111.726 E.03272
G1 X113.48 Y111.212 E.03274
G1 X114.415 Y110.886 E.03269
G1 X115.236 Y110.77 E.02738
G1 X115.917 Y110.777 E.02249
G1 X116.868 Y110.962 E.03199
G1 X117.781 Y111.345 E.03269
G1 X118.595 Y111.91 E.03272
G1 X119.274 Y112.632 E.03272
G1 X119.788 Y113.48 E.03274
G1 X120.114 Y114.415 E.03269
G1 X120.182 Y114.948 E.01774
G1 X119.797 Y115.048 F9000
G1 F1500
G1 X119.844 Y115.44 E.01304
G1 X119.762 Y116.344 E.02997
G1 X119.493 Y117.212 E.03
G1 X119.05 Y118.005 E.02999
G1 X118.451 Y118.688 E.02999
G1 X117.724 Y119.232 E.02998
G1 X116.9 Y119.613 E.02997
G1 X116.014 Y119.814 E.03
G1 X115.5 Y119.826 E.01698
G1 X114.986 Y119.814 E.01698
G1 X114.215 Y119.65 E.02603
G1 X113.38 Y119.292 E.03
G1 X112.638 Y118.768 E.02999
G1 X112.021 Y118.102 E.02998
G1 X111.556 Y117.322 E.02998
G1 X111.263 Y116.462 E.03
G1 X111.156 Y115.56 E.02999
G1 X111.199 Y114.911 E.02148
G1 X111.352 Y114.208 E.02375
G1 X111.708 Y113.38 E.02976
G1 X112.232 Y112.638 E.02999
G1 X112.898 Y112.021 E.02998
G1 X113.678 Y111.556 E.02998
G1 X114.538 Y111.263 E.03
G1 X115.283 Y111.165 E.02481
G1 X115.907 Y111.174 E.0206
G1 X116.785 Y111.35 E.02957
G1 X117.62 Y111.708 E.03
G1 X118.362 Y112.232 E.02999
G1 X118.979 Y112.898 E.02998
G1 X119.444 Y113.678 E.02998
G1 X119.737 Y114.538 E.03
G1 X119.79 Y114.989 E.01499
G1 X119.416 Y115.088 F9000
;TYPE:External perimeter
;WIDTH:0.419999
G1 F1500
G1 X119.459 Y115.48 E.01236
G1 X119.377 Y116.304 E.02596
G1 X119.125 Y117.092 E.02594
G1 X118.714 Y117.811 E.02597
G1 X118.164 Y118.429 E.02594
G1 X117.497 Y118.919 E.02595
G1 X116.742 Y119.259 E.02596
G1 X115.933 Y119.435 E.02596
G1 X115.106 Y119.439 E.02593
G1 X114.295 Y119.271 E.02597
G1 X113.538 Y118.938 E.02593
G1 X112.866 Y118.455 E.02595
G1 X112.309 Y117.843 E.02595
G1 X111.891 Y117.128 E.02597
G1 X111.632 Y116.342 E.02595
G1 X111.541 Y115.519 E.02596
G1 X111.585 Y114.942 E.01814
G1 X111.729 Y114.293 E.02084
G1 X112.062 Y113.538 E.02587
G1 X112.545 Y112.866 E.02595
G1 X113.157 Y112.309 E.02595
G1 X113.872 Y111.891 E.02597
G1 X114.658 Y111.632 E.02595
G1 X115.328 Y111.549 E.02117
G1 X115.898 Y111.561 E.01788
G1 X116.705 Y111.729 E.02585
G1 X117.462 Y112.062 E.02593
G1 X118.134 Y112.545 E.02595
G1 X118.691 Y113.157 E.02595
G1 X119.109 Y113.872 E.02597
G1 X119.368 Y114.658 E.02595
G1 X119.409 Y115.029 E.0117
G1 E-3.5 F3600
;WIPE_START
G1 F7200
G1 X119.416 Y115.088 E-.02822
G1 X119.459 Y115.48 E-.18732
G1 X119.377 Y116.304 E-.39333
G1 X119.125 Y117.092 E-.39297
G1 X118.714 Y117.811 E-.39339
G1 X118.567 Y117.976 E-.10477
;WIPE_END
G1 X132.847 Y115.5 F9000
G1 E5 F2400
;TYPE:Perimeter
;WIDTH:0.439999
G1 X115.5 Y132.847 E.80999
G1 X98.153 Y115.5 E.80999
G1 X115.5 Y98.153 E.80999
G1 X132.804 Y115.458 E.80801
G1 X133.408 Y115.5 F9000
G1 F2400
G1 X115.5 Y133.408 E.83619
G1 X97.592 Y115.5 E.83619
G1 X115.5 Y97.592 E.83619
G1 X133.366 Y115.458 E.83423
G1 X133.955 Y115.5 F9000
;TYPE:External perimeter
;WIDTH:0.419999
G1 F1500
G1 X115.5 Y133.955 E.81832
G1 X97.045 Y115.5 E.81832
G1 X115.5 Y97.045 E.81832
G1 X133.913 Y115.458 E.81646
G1 E-3.5 F3600
;WIPE_START
G1 F7200
G1 X133.955 Y115.5 E-.02821
G1 X131.764 Y117.691 E-1.47179
;WIPE_END
G1 X117.052 Y110.701 F9000
G1 E5 F2400
;TYPE:Internal infill
;WIDTH:0.44
G1 F2471
G1 X118.117 Y111.185 E.03862
G1 X119.06 Y111.94 E.03989
G1 X123.957 Y107.043 E.22866
G1 X126.765 Y109.851 E.13112
G1 X120.491 Y116.124 E.29293
G1 X120.544 Y115.372 E.02489
G1 X120.491 Y114.876 E.01647
G1 X126.765 Y121.149 E.29293
G1 X123.957 Y123.957 E.13112
G1 X119.06 Y119.06 E.22866
G1 X118.133 Y119.803 E.03923
G1 X117.052 Y120.299 E.03927
G1 E-3.5 F3600
;WIPE_START
G1 F7200
G1 X118.133 Y119.803 E-.56495
G1 X119.06 Y119.06 E-.56431
G1 X119.612 Y119.612 E-.37074
;WIPE_END
G1 X113.948 Y120.299 F9000
G1 E5 F2400
G1 F2471
G1 X112.883 Y119.815 E.03862
G1 X111.94 Y119.06 E.03989
G1 X107.043 Y123.957 E.22866
G1 X104.235 Y121.149 E.13112
G1 X110.505 Y114.88 E.29275
G1 X110.454 Y115.4 E.01725
G1 X110.509 Y116.124 E.02397
G1 X104.235 Y109.851 E.29293
G1 X101.427 Y112.658 E.13109
G1 X118.342 Y129.573 E.78982
G1 X121.149 Y126.765 E.13109
G1 X114.89 Y120.506 E.29225
G1 X116.11 Y120.506 E.04028
G1 X109.851 Y126.765 E.29225
G1 X112.658 Y129.573 E.13109
G1 X129.573 Y112.658 E.78982
G1 X132.414 Y115.5 E.13268
G1 X129.573 Y118.342 E.13268
G1 X112.658 Y101.427 E.78982
G1 X114.343 Y99.743 E.07866
G1 E-3.5 F3600
;WIPE_START
G1 F7200
G1 X112.658 Y101.427 E-1.13157
G1 X113.206 Y101.975 E-.36843
;WIPE_END
G1 X110.701 Y113.948 F9000
G1 E5 F2400
G1 F2471
G1 X111.185 Y112.883 E.03862
G1 X111.94 Y111.94 E.03989
G1 X107.043 Y107.043 E.22866
G1 X109.851 Y104.235 E.13112
G1 X116.108 Y110.492 E.29216
G1 X114.88 Y110.504 E.04055
G1 X121.149 Y104.235 E.29272
G1 X118.342 Y101.427 E.13109
G1 X101.427 Y118.342 E.78982
G1 X99.743 Y116.657 E.07866
;LAYER_CHANGE
;Z:4.6
;HEIGHT:0.2
;BEFORE_LAYER_CHANGE
G92 E0
;4.6


G1 E-3.5 F3600
;WIPE_START
G1 F7200
G1 X101.427 Y118.342 E-1.13157
G1 X101.975 Y117.794 E-.36843
;WIPE_END
G1 Z4.6 F9000
;AFTER_LAYER_CHANGE
;4.6
G1 X110.802 Y115.994
G1 E5 F2400
;TYPE:Perimeter
;WIDTH:0.439999
G1 F1500
G1 X110.76 Y115.589 E.01344
G1 X110.804 Y114.87 E.02378
G1 X110.964 Y114.12 E.02532
G1 X111.345 Y113.219 E.0323
G1 X111.91 Y112.405 E.03272
G1 X112.632 Y111.726 E.03272
G1 X113.48 Y111.212 E.03274
G1 X114.415 Y110.886 E.03269
G1 X115.229 Y110.771 E.02714
G1 X115.916 Y110.777 E.02268
G1 X116.436 Y110.85 E.01734
G1 X117.335 Y111.129 E.03108
G1 X118.203 Y111.606 E.0327
G1 X118.954 Y112.254 E.03275
G1 X119.553 Y113.043 E.03271
G1 X119.976 Y113.939 E.03271
G1 X120.202 Y114.904 E.03272
G1 X120.218 Y115.994 E.03599
G1 X120.038 Y116.868 E.02946
G1 X119.655 Y117.781 E.03269
G1 X119.09 Y118.595 E.03272
G1 X118.368 Y119.274 E.03272
G1 X117.52 Y119.788 E.03274
G1 X116.585 Y120.114 E.03269
G1 X115.602 Y120.239 E.03272
G1 X114.614 Y120.156 E.03274
G1 X113.665 Y119.871 E.03272
G1 X112.797 Y119.394 E.0327
G1 X112.046 Y118.746 E.03275
G1 X111.447 Y117.957 E.03271
G1 X111.024 Y117.061 E.03271
G1 X110.84 Y116.352 E.02418
G1 X110.808 Y116.053 E.00993
G1 X111.195 Y115.952 F9000
G1 F1500
G1 X111.155 Y115.552 E.01327
G1 X111.2 Y114.903 E.02148
G1 X111.352 Y114.208 E.02349
G1 X111.708 Y113.38 E.02976
G1 X112.232 Y112.638 E.02999
G1 X112.898 Y112.021 E.02998
G1 X113.678 Y111.556 E.02998
G1 X114.538 Y111.263 E.03
G1 X115.275 Y111.165 E.02455
G1 X115.907 Y111.174 E.02087
G1 X116.462 Y111.263 E.01856
G1 X117.212 Y111.507 E.02604
G1 X118.005 Y111.95 E.02999
G1 X118.688 Y112.549 E.02999
G1 X119.232 Y113.276 E.02998
G1 X119.613 Y114.1 E.02997
G1 X119.814 Y114.986 E.03
G1 X119.823 Y115.953 E.03193
G1 X119.65 Y116.785 E.02806
G1 X119.292 Y117.62 E.03
G1 X118.768 Y118.362 E.02999
G1 X118.102 Y118.979 E.02998
G1 X117.322 Y119.444 E.02998
G1 X116.462 Y119.737 E.03
G1 X115.56 Y119.844 E.02999
G1 X114.656 Y119.762 E.02997
G1 X113.788 Y119.493 E.03
G1 X112.995 Y119.05 E.02999
G1 X112.312 Y118.451 E.02999
G1 X111.768 Y117.724 E.02998
G1 X111.387 Y116.899 E.03
G1 X111.226 Y116.261 E.02173
G1 X111.201 Y116.012 E.00826
G1 X111.578 Y115.912 F9000
;TYPE:External perimeter
;WIDTH:0.419999
G1 F1500
G1 X111.541 Y115.517 E.01244
G1 X111.586 Y114.935 E.0183
G1 X111.729 Y114.293 E.02062
G1 X112.062 Y113.538 E.02587
G1 X112.545 Y112.866 E.02595
G1 X113.157 Y112.309 E.02595
G1 X113.872 Y111.891 E.02597
G1 X114.658 Y111.632 E.02595
G1 X115.321 Y111.55 E.02095
G1 X115.898 Y111.561 E.01809
G1 X116.342 Y111.632 E.0141
G1 X117.092 Y111.875 E.02472
G1 X117.811 Y112.286 E.02597
G1 X118.429 Y112.836 E.02594
G1 X118.919 Y113.503 E.02595
G1 X119.259 Y114.258 E.02596
G1 X119.435 Y115.067 E.02596
G1 X119.439 Y115.894 E.02593
G1 X119.271 Y116.705 E.02597
G1 X118.938 Y117.462 E.02593
G1 X118.455 Y118.134 E.02595
G1 X117.843 Y118.691 E.02595
G1 X117.128 Y119.109 E.02597
G1 X116.342 Y119.368 E.02595
G1 X115.52 Y119.459 E.02593
G1 X114.696 Y119.377 E.02596
G1 X113.908 Y119.125 E.02594
G1 X113.189 Y118.714 E.02597
G1 X112.571 Y118.164 E.02594
G1 X112.081 Y117.497 E.02595
G1 X111.741 Y116.742 E.02596
G1 X111.603 Y116.172 E.01839
G1 X111.584 Y115.972 E.0063
G1 E-3.5 F3600
;WIPE_START
G1 F7200
G1 X111.578 Y115.912 E-.02864
G1 X111.541 Y115.517 E-.18845
G1 X111.586 Y114.935 E-.27728
G1 X111.729 Y114.293 E-.31242
G1 X112.062 Y113.538 E-.39196
G1 X112.432 Y113.023 E-.30125
;WIPE_END
G1 X98.154 Y115.5 F9000
G1 E5 F2400
;TYPE:Perimeter
;WIDTH:0.439999
G1 X115.502 Y98.155 E.80997
G1 X132.847 Y115.5 E.8099
G1 X115.5 Y132.847 E.80999
G1 X98.196 Y115.543 E.80798
G1 X97.592 Y115.5 F9000
G1 F2400
G1 X115.502 Y97.594 E.83619
G1 X133.408 Y115.5 E.83609
G1 X115.5 Y133.408 E.83619
G1 X97.634 Y115.542 E.83423
G1 X97.045 Y115.5 F9000
;TYPE:External perimeter
;WIDTH:0.419999
G1 F1500
G1 X115.502 Y97.046 E.81835
G1 X133.955 Y115.5 E.81826
G1 X115.5 Y133.955 E.81832
G1 X97.087 Y115.542 E.81646
G1 E-3.5 F3600
;WIPE_START
G1 F7200
G1 X97.045 Y115.5 E-.02821
G1 X99.236 Y113.309 E-1.47179
;WIPE_END
G1 X105.358 Y122.272 F9000
G1 E5 F2400
;TYPE:Internal infill
;WIDTH:0.44
G1 F2536
G1 X107.043 Y123.957 E.07868
G1 X111.941 Y119.059 E.2287
G1 X112.547 Y119.597 E.02676
G1 X113.331 Y120.055 E.02998
G1 X113.953 Y120.285 E.0219
G1 E-3.5 F3600
;WIPE_START
G1 F7200
G1 X113.331 Y120.055 E-.315
G1 X112.547 Y119.597 E-.43129
G1 X111.941 Y119.059 E-.38492
G1 X111.392 Y119.608 E-.36879
;WIPE_END
G1 X120.299 Y117.052 F9000
G1 E5 F2400
G1 F2536
G1 X119.815 Y118.117 E.03862
G1 X119.06 Y119.06 E.03989
G1 X123.957 Y123.957 E.22866
G1 X121.149 Y126.765 E.13112
G1 X114.874 Y120.489 E.29303
G1 X115.5 Y120.55 E.02077
G1 X116.126 Y120.489 E.02077
G1 X109.851 Y126.765 E.29303
G1 X112.658 Y129.573 E.13109
G1 X129.573 Y112.658 E.78982
G1 X126.765 Y109.851 E.13109
G1 X120.506 Y116.11 E.29225
G1 X120.507 Y114.892 E.04022
G1 X126.765 Y121.149 E.29218
G1 X129.573 Y118.342 E.13109
G1 X112.66 Y101.429 E.78973
G1 X109.852 Y104.236 E.13109
G1 X116.112 Y110.497 E.29232
G1 X114.88 Y110.504 E.04068
G1 X121.149 Y104.235 E.29272
G1 X123.957 Y107.043 E.13112
G1 X119.06 Y111.94 E.22866
G1 X119.803 Y112.867 E.03923
G1 X120.299 Y113.948 E.03927
G1 E-3.5 F3600
;WIPE_START
G1 F7200
G1 X119.803 Y112.867 E-.56495
G1 X119.06 Y111.94 E-.56431
G1 X119.612 Y111.388 E-.37074
;WIPE_END
G1 X113.953 Y110.715 F9000
G1 E5 F2400
G1 F2536
G1 X113.332 Y110.945 E.02186
G1 X112.639 Y111.344 E.0264
G1 X111.94 Y111.94 E.03033
G1 X107.044 Y107.044 E.22861
G1 X105.359 Y108.728 E.07866
G1 E-3.5 F3600
;WIPE_START
G1 F7200
G1 X107.044 Y107.044 E-1.13157
G1 X107.592 Y107.592 E-.36843
;WIPE_END
G1 X116.657 Y99.743 F9000
G1 E5 F2400
G1 F2536
G1 X118.342 Y101.427 E.07866
G1 X101.427 Y118.342 E.78982
G1 X104.235 Y121.149 E.13109
G1 X110.507 Y114.878 E.29284
G1 X110.45 Y115.5 E.02062
G1 X110.512 Y116.127 E.0208
G1 X104.236 Y109.851 E.29305
G1 X101.428 Y112.659 E.13112
G1 X118.342 Y129.573 E.78977
G1 X116.657 Y131.257 E.07866
;LAYER_CHANGE
;Z:4.8
;HEIGHT:0.2
;BEFORE_LAYER_CHANGE
G92 E0
;4.8


G1 E-3.5 F3600
;WIPE_START
G1 F7200
G1 X118.342 Y129.573 E-1.13157
G1 X117.794 Y129.025 E-.36843
;WIPE_END
G1 Z4.8 F9000
;AFTER_LAYER_CHANGE
;4.8
G1 X115.994 Y120.201
G1 E5 F2400
;TYPE:Perimeter
;WIDTH:0.439999
G1 F1500
G1 X115.581 Y120.241 E.0137
G1 X115.055 Y120.222 E.01738
G1 X114.132 Y120.038 E.03107
G1 X113.219 Y119.655 E.03269
G1 X112.405 Y119.09 E.03272
G1 X111.726 Y118.368 E.03272
G1 X111.212 Y117.52 E.03274
G1 X110.886 Y116.585 E.03269
G1 X110.761 Y115.601 E.03275
G1 X110.806 Y114.863 E.02441
G1 X110.965 Y114.119 E.02512
G1 X111.345 Y113.219 E.03226
G1 X111.91 Y112.405 E.03272
G1 X112.632 Y111.726 E.03272
G1 X113.48 Y111.212 E.03274
G1 X114.415 Y110.886 E.03269
G1 X115.221 Y110.771 E.02688
G1 X115.915 Y110.777 E.02291
G1 X116.868 Y110.962 E.03205
G1 X117.781 Y111.345 E.03269
G1 X118.595 Y111.91 E.03272
G1 X119.274 Y112.632 E.03272
G1 X119.788 Y113.48 E.03274
G1 X120.114 Y114.415 E.03269
G1 X120.239 Y115.398 E.03272
G1 X120.156 Y116.386 E.03274
G1 X119.871 Y117.335 E.03272
G1 X119.394 Y118.203 E.0327
G1 X118.746 Y118.954 E.03275
G1 X117.957 Y119.553 E.03271
G1 X117.061 Y119.976 E.03271
G1 X116.272 Y120.174 E.02686
G1 X116.054 Y120.195 E.00723
G1 X115.953 Y119.808 F9000
G1 F1500
G1 X115.548 Y119.845 E.01343
G1 X114.986 Y119.814 E.01858
G1 X114.215 Y119.65 E.02603
G1 X113.38 Y119.292 E.03
G1 X112.638 Y118.768 E.02999
G1 X112.021 Y118.102 E.02998
G1 X111.556 Y117.322 E.02998
G1 X111.263 Y116.462 E.03
G1 X111.156 Y115.56 E.02999
G1 X111.201 Y114.896 E.02197
G1 X111.352 Y114.207 E.02329
G1 X111.708 Y113.38 E.02973
G1 X112.232 Y112.638 E.02999
G1 X112.898 Y112.021 E.02998
G1 X113.678 Y111.556 E.02998
G1 X114.538 Y111.263 E.03
G1 X115.268 Y111.166 E.02431
G1 X115.906 Y111.174 E.02107
G1 X116.785 Y111.35 E.0296
G1 X117.62 Y111.708 E.03
G1 X118.362 Y112.232 E.02999
G1 X118.979 Y112.898 E.02998
G1 X119.444 Y113.678 E.02998
G1 X119.737 Y114.538 E.03
G1 X119.844 Y115.44 E.02999
G1 X119.762 Y116.344 E.02997
G1 X119.493 Y117.212 E.03
G1 X119.05 Y118.005 E.02999
G1 X118.451 Y118.688 E.02999
G1 X117.724 Y119.232 E.02998
G1 X116.9 Y119.613 E.02997
G1 X116.184 Y119.786 E.02432
G1 X116.013 Y119.802 E.00567
G1 X115.913 Y119.425 F9000
;TYPE:External perimeter
;WIDTH:0.419999
G1 F1500
G1 X115.516 Y119.459 E.01249
G1 X115.067 Y119.435 E.0141
G1 X114.295 Y119.271 E.02475
G1 X113.538 Y118.938 E.02593
G1 X112.866 Y118.455 E.02595
G1 X112.309 Y117.843 E.02595
G1 X111.891 Y117.128 E.02597
G1 X111.632 Y116.342 E.02595
G1 X111.541 Y115.519 E.02596
G1 X111.587 Y114.928 E.01859
G1 X111.729 Y114.293 E.0204
G1 X112.062 Y113.538 E.02587
G1 X112.545 Y112.866 E.02595
G1 X113.157 Y112.309 E.02595
G1 X113.872 Y111.891 E.02597
G1 X114.658 Y111.632 E.02595
G1 X115.314 Y111.55 E.02073
G1 X115.898 Y111.561 E.01831
G1 X116.705 Y111.729 E.02585
G1 X117.462 Y112.062 E.02593
G1 X118.134 Y112.545 E.02595
G1 X118.691 Y113.157 E.02595
G1 X119.109 Y113.872 E.02597
G1 X119.368 Y114.658 E.02595
G1 X119.459 Y115.48 E.02593
G1 X119.377 Y116.304 E.02596
G1 X119.125 Y117.092 E.02594
G1 X118.714 Y117.811 E.02597
G1 X118.164 Y118.429 E.02594
G1 X117.497 Y118.919 E.02595
G1 X116.742 Y119.259 E.02596
G1 X116.098 Y119.409 E.02073
G1 X115.972 Y119.42 E.00397
G1 E-3.5 F3600
;WIPE_START
G1 F7200
G1 X115.913 Y119.425 E-.02813
G1 X115.516 Y119.459 E-.18927
G1 X115.067 Y119.435 E-.21358
G1 X114.295 Y119.271 E-.37488
G1 X113.538 Y118.938 E-.39283
G1 X113.023 Y118.568 E-.30131
;WIPE_END
G1 X115.5 Y132.847 F9000
G1 E5 F2400
;TYPE:Perimeter
;WIDTH:0.439999
G1 X98.154 Y115.5 E.80997
G1 X115.502 Y98.155 E.80997
G1 X132.847 Y115.5 E.8099
G1 X115.542 Y132.804 E.80801
G1 X115.5 Y133.408 F9000
G1 F2400
G1 X97.592 Y115.5 E.83619
G1 X115.502 Y97.594 E.83619
G1 X133.408 Y115.5 E.83609
G1 X115.542 Y133.366 E.83423
G1 X115.5 Y133.955 F9000
;TYPE:External perimeter
;WIDTH:0.419999
G1 F1500
G1 X97.045 Y115.5 E.81832
G1 X115.502 Y97.046 E.81835
G1 X133.955 Y115.5 E.81826
G1 X115.542 Y133.913 E.81646
G1 E-3.5 F3600
;WIPE_START
G1 F7200
G1 X115.5 Y133.955 E-.02821
G1 X113.309 Y131.764 E-1.47179
;WIPE_END
G1 X117.053 Y120.3 F9000
G1 E5 F2400
;TYPE:Internal infill
;WIDTH:0.44
G1 F2474
G1 X118.133 Y119.803 E.03925
G1 X119.059 Y119.059 E.03922
G1 X123.957 Y123.957 E.2287
G1 X126.765 Y121.149 E.13112
G1 X120.489 Y114.874 E.29303
G1 X120.55 Y115.5 E.02077
G1 X120.489 Y116.126 E.02077
G1 X126.765 Y109.851 E.29303
G1 X129.573 Y112.658 E.13109
G1 X112.658 Y129.573 E.78982
G1 X109.851 Y126.765 E.13109
G1 X116.123 Y120.493 E.29286
G1 X115.501 Y120.55 E.02062
G1 X114.89 Y120.506 E.02023
G1 X121.149 Y126.765 E.29225
G1 X118.342 Y129.573 E.13109
G1 X101.428 Y112.659 E.78977
G1 X104.236 Y109.851 E.13112
G1 X110.511 Y116.126 E.293
G1 X110.45 Y115.5 E.02077
G1 X110.507 Y114.877 E.02066
G1 X104.235 Y121.149 E.29286
G1 X101.427 Y118.342 E.13109
G1 X118.342 Y101.427 E.78982
G1 X115.502 Y98.588 E.13259
G1 X112.66 Y101.429 E.13268
G1 X129.573 Y118.342 E.78973
G1 X131.257 Y116.657 E.07866
G1 E-3.5 F3600
;WIPE_START
G1 F7200
G1 X129.573 Y118.342 E-1.13157
G1 X129.025 Y117.794 E-.36843
;WIPE_END
G1 X117.052 Y110.701 F9000
G1 E5 F2400
G1 F2474
G1 X118.117 Y111.185 E.03862
G1 X119.06 Y111.94 E.03989
G1 X123.957 Y107.043 E.22866
G1 X121.149 Y104.235 E.13112
G1 X114.881 Y110.504 E.2927
G1 X116.108 Y110.492 E.04051
G1 X109.852 Y104.236 E.29211
G1 X107.044 Y107.044 E.13112
G1 X111.94 Y111.94 E.22861
G1 X112.639 Y111.344 E.03033
G1 X113.332 Y110.945 E.0264
G1 X113.953 Y110.715 E.02186
G1 E-3.5 F3600
;WIPE_START
G1 F7200
G1 X113.332 Y110.945 E-.31456
G1 X112.639 Y111.344 E-.37984
G1 X111.94 Y111.94 E-.43633
G1 X111.39 Y111.39 E-.36927
;WIPE_END
G1 X113.948 Y120.299 F9000
G1 E5 F2400
G1 F2474
G1 X112.883 Y119.815 E.03862
G1 X111.94 Y119.06 E.03989
G1 X107.043 Y123.957 E.22866
G1 X105.358 Y122.272 E.07868
;LAYER_CHANGE
;Z:5
;HEIGHT:0.2
;BEFORE_LAYER_CHANGE
G92 E0
;5


G1 E-3.5 F3600
;WIPE_START
G1 F7200
G1 X107.043 Y123.957 E-1.1319
G1 X107.591 Y123.409 E-.3681
;WIPE_END
G1 Z5 F9000
;AFTER_LAYER_CHANGE
;5
G1 X111.673 Y118.28
G1 E5 F2400
;TYPE:Perimeter
;WIDTH:0.439999
G1 F1500
G1 X111.212 Y117.52 E.02935
G1 X110.886 Y116.585 E.03269
G1 X110.761 Y115.601 E.03275
G1 X110.807 Y114.855 E.02468
G1 X110.965 Y114.119 E.02485
G1 X111.345 Y113.219 E.03226
G1 X111.91 Y112.405 E.03272
G1 X112.632 Y111.726 E.03272
G1 X113.48 Y111.212 E.03274
G1 X114.415 Y110.886 E.03269
G1 X115.213 Y110.772 E.02662
G1 X115.914 Y110.777 E.02315
G1 X116.868 Y110.962 E.03209
G1 X117.781 Y111.345 E.03269
G1 X118.595 Y111.91 E.03272
G1 X119.274 Y112.632 E.03272
G1 X119.788 Y113.48 E.03274
G1 X120.114 Y114.415 E.03269
G1 X120.239 Y115.398 E.03272
G1 X120.156 Y116.386 E.03274
G1 X119.871 Y117.335 E.03272
G1 X119.394 Y118.203 E.0327
G1 X118.746 Y118.954 E.03275
G1 X117.957 Y119.553 E.03271
G1 X117.061 Y119.976 E.03271
G1 X116.096 Y120.202 E.03272
G1 X115.5 Y120.224 E.01969
G1 X114.904 Y120.202 E.01969
G1 X114.132 Y120.038 E.02606
G1 X113.219 Y119.655 E.03269
G1 X112.405 Y119.09 E.03272
G1 X111.726 Y118.368 E.03272
G1 X111.704 Y118.332 E.00139
G1 X111.99 Y118.05 F9000
G1 F1500
G1 X111.556 Y117.322 E.02798
G1 X111.263 Y116.462 E.03
G1 X111.156 Y115.56 E.02999
G1 X111.202 Y114.888 E.02224
G1 X111.352 Y114.207 E.02302
G1 X111.708 Y113.38 E.02973
G1 X112.232 Y112.638 E.02999
G1 X112.898 Y112.021 E.02998
G1 X113.678 Y111.556 E.02998
G1 X114.538 Y111.263 E.03
G1 X115.26 Y111.166 E.02405
G1 X115.906 Y111.174 E.02133
G1 X116.785 Y111.35 E.0296
G1 X117.62 Y111.708 E.03
G1 X118.362 Y112.232 E.02999
G1 X118.979 Y112.898 E.02998
G1 X119.444 Y113.678 E.02998
G1 X119.737 Y114.538 E.03
G1 X119.844 Y115.44 E.02999
G1 X119.762 Y116.344 E.02997
G1 X119.493 Y117.212 E.03
G1 X119.05 Y118.005 E.02999
G1 X118.451 Y118.688 E.02999
G1 X117.724 Y119.232 E.02998
G1 X116.9 Y119.613 E.02997
G1 X116.014 Y119.814 E.03
G1 X115.5 Y119.826 E.01698
G1 X114.986 Y119.814 E.01698
G1 X114.215 Y119.65 E.02603
G1 X113.38 Y119.292 E.03
G1 X112.638 Y118.768 E.02999
G1 X112.021 Y118.102 E.02998
G1 X112.299 Y117.826 F9000
;TYPE:External perimeter
;WIDTH:0.419999
G1 F1500
G1 X111.891 Y117.128 E.02535
G1 X111.632 Y116.342 E.02595
G1 X111.541 Y115.519 E.02596
G1 X111.588 Y114.921 E.01881
G1 X111.729 Y114.293 E.02018
G1 X112.062 Y113.538 E.02587
G1 X112.545 Y112.866 E.02595
G1 X113.157 Y112.309 E.02595
G1 X113.872 Y111.891 E.02597
G1 X114.658 Y111.632 E.02595
G1 X115.306 Y111.55 E.02048
G1 X115.898 Y111.561 E.01856
G1 X116.705 Y111.729 E.02585
G1 X117.462 Y112.062 E.02593
G1 X118.134 Y112.545 E.02595
G1 X118.691 Y113.157 E.02595
G1 X119.109 Y113.872 E.02597
G1 X119.368 Y114.658 E.02595
G1 X119.459 Y115.48 E.02593
G1 X119.377 Y116.304 E.02596
G1 X119.125 Y117.092 E.02594
G1 X118.714 Y117.811 E.02597
G1 X118.164 Y118.429 E.02594
G1 X117.497 Y118.919 E.02595
G1 X116.742 Y119.259 E.02596
G1 X115.933 Y119.435 E.02596
G1 X115.106 Y119.439 E.02593
G1 X114.295 Y119.271 E.02597
G1 X113.538 Y118.938 E.02593
G1 X112.866 Y118.455 E.02595
G1 X112.336 Y117.873 E.02468
G1 E-3.5 F3600
;WIPE_START
G1 F7200
G1 X112.299 Y117.826 E-.02841
G1 X111.891 Y117.128 E-.38404
G1 X111.632 Y116.342 E-.3931
G1 X111.541 Y115.519 E-.39331
G1 X111.588 Y114.921 E-.28493
G1 X111.595 Y114.888 E-.01621
;WIPE_END
G1 X98.153 Y115.5 F9000
G1 E5 F2400
;TYPE:Perimeter
;WIDTH:0.439999
G1 X115.5 Y98.153 E.80999
G1 X132.847 Y115.5 E.80999
G1 X115.5 Y132.847 E.80999
G1 X98.196 Y115.542 E.80801
G1 X97.592 Y115.5 F9000
G1 F2400
G1 X115.5 Y97.592 E.83619
G1 X133.408 Y115.5 E.83619
G1 X115.5 Y133.408 E.83619
G1 X97.634 Y115.542 E.83423
G1 X97.045 Y115.5 F9000
;TYPE:External perimeter
;WIDTH:0.419999
G1 F1500
G1 X115.5 Y97.045 E.81832
G1 X133.955 Y115.5 E.81832
G1 X115.5 Y133.955 E.81832
G1 X97.087 Y115.542 E.81646
G1 E-3.5 F3600
;WIPE_START
G1 F7200
G1 X97.045 Y115.5 E-.02821
G1 X99.236 Y113.309 E-1.47179
;WIPE_END
G1 X99.743 Y116.657 F9000
G1 E5 F2400
;TYPE:Internal infill
;WIDTH:0.44
G1 F2411
G1 X101.427 Y118.342 E.07866
G1 X118.342 Y101.427 E.78982
G1 X121.149 Y104.235 E.13109
G1 X114.881 Y110.504 E.2927
G1 X116.108 Y110.492 E.04051
G1 X109.851 Y104.235 E.29216
G1 X107.043 Y107.043 E.13112
G1 X111.94 Y111.94 E.22866
G1 X112.639 Y111.344 E.03033
G1 X113.332 Y110.945 E.0264
G1 X113.953 Y110.715 E.02186
G1 E-3.5 F3600
;WIPE_START
G1 F7200
G1 X113.332 Y110.945 E-.31456
G1 X112.639 Y111.344 E-.37984
G1 X111.94 Y111.94 E-.43633
G1 X111.39 Y111.39 E-.36927
;WIPE_END
G1 X117.052 Y110.701 F9000
G1 E5 F2400
G1 F2411
G1 X118.117 Y111.185 E.03862
G1 X119.06 Y111.94 E.03989
G1 X123.957 Y107.043 E.22866
G1 X126.765 Y109.851 E.13112
G1 X120.491 Y116.124 E.29293
G1 X120.544 Y115.372 E.02489
G1 X120.491 Y114.876 E.01647
G1 X126.765 Y121.149 E.29293
G1 X123.957 Y123.957 E.13112
G1 X119.06 Y119.06 E.22866
G1 X118.133 Y119.803 E.03923
G1 X117.052 Y120.299 E.03927
G1 E-3.5 F3600
;WIPE_START
G1 F7200
G1 X118.133 Y119.803 E-.56495
G1 X119.06 Y119.06 E-.56431
G1 X119.612 Y119.612 E-.37074
;WIPE_END
G1 X113.948 Y120.299 F9000
G1 E5 F2400
G1 F2411
G1 X112.883 Y119.815 E.03862
G1 X111.94 Y119.06 E.03989
G1 X107.043 Y123.957 E.22866
G1 X104.235 Y121.149 E.13112
G1 X110.506 Y114.878 E.29282
G1 X110.454 Y115.396 E.01719
G1 X110.509 Y116.124 E.02411
G1 X104.235 Y109.851 E.29293
G1 X101.427 Y112.658 E.13109
G1 X118.342 Y129.573 E.78982
G1 X121.149 Y126.765 E.13109
G1 X114.89 Y120.506 E.29225
G1 X116.11 Y120.506 E.04028
G1 X109.851 Y126.765 E.29225
G1 X112.658 Y129.573 E.13109
G1 X129.573 Y112.658 E.78982
G1 X132.414 Y115.5 E.13268
G1 X129.573 Y118.342 E.13268
G1 X112.658 Y101.427 E.78982
G1 X114.343 Y99.743 E.07866
;LAYER_CHANGE
;Z:5.2
;HEIGHT:0.2
;BEFORE_LAYER_CHANGE
G92 E0
;5.2


G1 E-3.5 F3600
;WIPE_START
G1 F7200
G1 X112.658 Y101.427 E-1.13157
G1 X113.206 Y101.975 E-.36843
;WIPE_END
G1 Z5.2 F9000
;AFTER_LAYER_CHANGE
;5.2
G1 X115.007 Y110.811
G1 E5 F2400
;TYPE:Perimeter
;WIDTH:0.439999
G1 F1500
G1 X115.398 Y110.761 E.01301
G1 X115.945 Y110.778 E.01807
G1 X116.868 Y110.962 E.03107
G1 X117.781 Y111.345 E.03269
G1 X118.595 Y111.91 E.03272
G1 X119.274 Y112.632 E.03272
G1 X119.788 Y113.48 E.03274
G1 X120.114 Y114.415 E.03269
G1 X120.239 Y115.398 E.03272
G1 X120.156 Y116.386 E.03274
G1 X119.871 Y117.335 E.03272
G1 X119.394 Y118.203 E.0327
G1 X118.746 Y118.954 E.03275
G1 X117.957 Y119.553 E.03271
G1 X117.061 Y119.976 E.03271
G1 X116.288 Y120.171 E.02632
G1 X115.583 Y120.241 E.02339
G1 X114.614 Y120.156 E.03212
G1 X113.665 Y119.871 E.03272
G1 X112.797 Y119.394 E.0327
G1 X112.046 Y118.746 E.03275
G1 X111.447 Y117.957 E.03271
G1 X111.024 Y117.061 E.03271
G1 X110.836 Y116.328 E.02498
G1 X110.76 Y115.587 E.02459
G1 X110.808 Y114.846 E.02452
G1 X110.965 Y114.118 E.02459
G1 X111.345 Y113.219 E.03223
G1 X111.91 Y112.405 E.03272
G1 X112.632 Y111.726 E.03272
G1 X113.48 Y111.212 E.03274
G1 X114.415 Y110.886 E.03269
G1 X114.948 Y110.818 E.01774
G1 X115.048 Y111.203 F9000
G1 F1500
G1 X115.44 Y111.156 E.01304
G1 X116.014 Y111.186 E.01898
G1 X116.785 Y111.35 E.02603
G1 X117.62 Y111.708 E.03
G1 X118.362 Y112.232 E.02999
G1 X118.979 Y112.898 E.02998
G1 X119.444 Y113.678 E.02998
G1 X119.737 Y114.538 E.03
G1 X119.844 Y115.44 E.02999
G1 X119.762 Y116.344 E.02997
G1 X119.493 Y117.212 E.03
G1 X119.05 Y118.005 E.02999
G1 X118.451 Y118.688 E.02999
G1 X117.724 Y119.232 E.02998
G1 X116.9 Y119.613 E.02997
G1 X116.199 Y119.784 E.02382
G1 X115.549 Y119.845 E.02156
G1 X114.656 Y119.762 E.02961
G1 X113.788 Y119.493 E.03
G1 X112.995 Y119.05 E.02999
G1 X112.312 Y118.451 E.02999
G1 X111.768 Y117.724 E.02998
G1 X111.387 Y116.9 E.02997
G1 X111.222 Y116.238 E.02253
G1 X111.155 Y115.551 E.02279
G1 X111.204 Y114.88 E.02221
G1 X111.352 Y114.206 E.02278
G1 X111.708 Y113.38 E.0297
G1 X112.232 Y112.638 E.02999
G1 X112.898 Y112.021 E.02998
G1 X113.678 Y111.556 E.02998
G1 X114.538 Y111.263 E.03
G1 X114.989 Y111.21 E.01499
G1 X115.088 Y111.584 F9000
;TYPE:External perimeter
;WIDTH:0.419999
G1 F1500
G1 X115.48 Y111.541 E.01236
G1 X115.933 Y111.565 E.01422
G1 X116.705 Y111.729 E.02475
G1 X117.462 Y112.062 E.02593
G1 X118.134 Y112.545 E.02595
G1 X118.691 Y113.157 E.02595
G1 X119.109 Y113.872 E.02597
G1 X119.368 Y114.658 E.02595
G1 X119.459 Y115.48 E.02593
G1 X119.377 Y116.304 E.02596
G1 X119.125 Y117.092 E.02594
G1 X118.714 Y117.811 E.02597
G1 X118.164 Y118.429 E.02594
G1 X117.497 Y118.919 E.02595
G1 X116.742 Y119.259 E.02596
G1 X116.113 Y119.407 E.02026
G1 X115.516 Y119.459 E.01879
G1 X114.696 Y119.377 E.02584
G1 X113.908 Y119.125 E.02594
G1 X113.189 Y118.714 E.02597
G1 X112.571 Y118.164 E.02594
G1 X112.081 Y117.497 E.02595
G1 X111.741 Y116.742 E.02596
G1 X111.599 Y116.15 E.01909
G1 X111.541 Y115.517 E.01993
G1 X111.589 Y114.913 E.019
G1 X111.729 Y114.293 E.01993
G1 X112.062 Y113.538 E.02587
G1 X112.545 Y112.866 E.02595
G1 X113.157 Y112.309 E.02595
G1 X113.872 Y111.891 E.02597
G1 X114.658 Y111.632 E.02595
G1 X115.029 Y111.591 E.0117
G1 E-3.5 F3600
;WIPE_START
G1 F7200
G1 X115.088 Y111.584 E-.02822
G1 X115.48 Y111.541 E-.18732
G1 X115.933 Y111.565 E-.21548
G1 X116.705 Y111.729 E-.37488
G1 X117.462 Y112.062 E-.39283
G1 X117.977 Y112.432 E-.30127
;WIPE_END
G1 X115.5 Y98.153 F9000
G1 E5 F2400
;TYPE:Perimeter
;WIDTH:0.439999
G1 X132.847 Y115.5 E.80999
G1 X115.5 Y132.847 E.80999
G1 X98.153 Y115.5 E.80999
G1 X115.458 Y98.196 E.80801
G1 X115.5 Y97.592 F9000
G1 F2400
G1 X133.408 Y115.5 E.83619
G1 X115.5 Y133.408 E.83619
G1 X97.592 Y115.5 E.83619
G1 X115.458 Y97.634 E.83423
G1 X115.5 Y97.045 F9000
;TYPE:External perimeter
;WIDTH:0.419999
G1 F1500
G1 X133.955 Y115.5 E.81832
G1 X115.5 Y133.955 E.81832
G1 X97.045 Y115.5 E.81832
G1 X115.458 Y97.087 E.81646
G1 E-3.5 F3600
;WIPE_START
G1 F7200
G1 X115.5 Y97.045 E-.02821
G1 X117.691 Y99.236 E-1.47179
;WIPE_END
G1 X116.657 Y99.743 F9000
G1 E5 F2400
;TYPE:Internal infill
;WIDTH:0.44
G1 F2515
G1 X118.342 Y101.427 E.07866
G1 X101.427 Y118.342 E.78982
G1 X99.743 Y116.657 E.07866
G1 E-3.5 F3600
;WIPE_START
G1 F7200
G1 X101.427 Y118.342 E-1.13157
G1 X101.975 Y117.794 E-.36843
;WIPE_END
G1 X108.728 Y105.358 F9000
G1 E5 F2400
G1 F2515
G1 X107.043 Y107.043 E.07868
G1 X111.94 Y111.94 E.22866
G1 X111.185 Y112.883 E.03989
G1 X110.7 Y113.947 E.03861
G1 E-3.5 F3600
;WIPE_START
G1 F7200
G1 X111.185 Y112.883 E-.55543
G1 X111.94 Y111.94 E-.5738
G1 X111.388 Y111.388 E-.37077
;WIPE_END
G1 X110.7 Y117.053 F9000
G1 E5 F2400
G1 F2515
G1 X111.197 Y118.133 E.03925
G1 X111.941 Y119.059 E.03922
G1 X107.043 Y123.957 E.2287
G1 X104.235 Y121.149 E.13112
G1 X110.508 Y114.876 E.29291
G1 X110.45 Y115.5 E.02069
G1 X110.511 Y116.126 E.02077
G1 X104.235 Y109.851 E.29303
G1 X101.427 Y112.658 E.13109
G1 X118.342 Y129.573 E.78982
G1 X121.149 Y126.765 E.13109
G1 X114.874 Y120.489 E.29303
G1 X115.5 Y120.55 E.02077
G1 X116.124 Y120.492 E.02069
G1 X109.851 Y126.765 E.29291
G1 X112.658 Y129.573 E.13109
G1 X129.573 Y112.658 E.78982
G1 X126.765 Y109.851 E.13109
G1 X120.489 Y116.126 E.29303
G1 X120.55 Y115.5 E.02077
G1 X120.489 Y114.874 E.02077
G1 X126.765 Y121.149 E.29303
G1 X123.957 Y123.957 E.13112
G1 X119.059 Y119.059 E.2287
G1 X118.133 Y119.803 E.03922
G1 X117.053 Y120.3 E.03925
G1 E-3.5 F3600
;WIPE_START
G1 F7200
G1 X118.133 Y119.803 E-.56471
G1 X119.059 Y119.059 E-.56423
G1 X119.611 Y119.611 E-.37106
;WIPE_END
G1 X117.052 Y110.701 F9000
G1 E5 F2400
G1 F2515
G1 X118.117 Y111.185 E.03862
G1 X119.06 Y111.94 E.03989
G1 X123.957 Y107.043 E.22866
G1 X121.149 Y104.235 E.13112
G1 X114.876 Y110.509 E.29293
G1 X115.373 Y110.456 E.0165
G1 X116.107 Y110.491 E.02426
G1 X109.851 Y104.235 E.29211
G1 X112.658 Y101.427 E.13109
G1 X129.573 Y118.342 E.78982
G1 X131.257 Y116.657 E.07866
;LAYER_CHANGE
;Z:5.4
;HEIGHT:0.2
;BEFORE_LAYER_CHANGE
G92 E0
;5.4


G1 E-3.5 F3600
;WIPE_START
G1 F7200
G1 X129.573 Y118.342 E-1.13157
G1 X129.025 Y117.794 E-.36843
;WIPE_END
G1 Z5.4 F9000
;AFTER_LAYER_CHANGE
;5.4
G1 X120.189 Y115.993
G1 E5 F2400
;TYPE:Perimeter
;WIDTH:0.439999
G1 F1500
G1 X120.156 Y116.386 E.01302
G1 X119.871 Y117.335 E.03272
G1 X119.394 Y118.203 E.0327
G1 X118.746 Y118.954 E.03275
G1 X117.957 Y119.553 E.03271
G1 X117.061 Y119.976 E.03271
G1 X116.096 Y120.202 E.03272
G1 X115.5 Y120.224 E.01969
G1 X114.904 Y120.202 E.01969
G1 X114.132 Y120.038 E.02606
G1 X113.219 Y119.655 E.03269
G1 X112.405 Y119.09 E.03272
G1 X111.726 Y118.368 E.03272
G1 X111.212 Y117.52 E.03274
G1 X110.886 Y116.585 E.03269
G1 X110.761 Y115.602 E.03272
G1 X110.809 Y114.839 E.02524
G1 X110.965 Y114.117 E.02439
G1 X111.345 Y113.219 E.03219
G1 X111.91 Y112.405 E.03272
G1 X112.632 Y111.726 E.03272
G1 X113.48 Y111.212 E.03274
G1 X114.415 Y110.886 E.03269
G1 X115.398 Y110.761 E.03272
G1 X115.945 Y110.778 E.01807
G1 X116.868 Y110.962 E.03107
G1 X117.781 Y111.345 E.03269
G1 X118.595 Y111.91 E.03272
G1 X119.274 Y112.632 E.03272
G1 X119.788 Y113.48 E.03274
G1 X120.114 Y114.415 E.03269
G1 X120.239 Y115.398 E.03272
G1 X120.194 Y115.933 E.01773
G1 X119.797 Y115.952 F9000
G1 F1500
G1 X119.762 Y116.344 E.01299
G1 X119.493 Y117.212 E.03
G1 X119.05 Y118.005 E.02999
G1 X118.451 Y118.688 E.02999
G1 X117.724 Y119.232 E.02998
G1 X116.9 Y119.613 E.02997
G1 X116.014 Y119.814 E.03
G1 X115.5 Y119.826 E.01698
G1 X114.986 Y119.814 E.01698
G1 X114.215 Y119.65 E.02603
G1 X113.38 Y119.292 E.03
G1 X112.638 Y118.768 E.02999
G1 X112.021 Y118.102 E.02998
G1 X111.556 Y117.322 E.02998
G1 X111.263 Y116.462 E.03
G1 X111.156 Y115.56 E.02999
G1 X111.205 Y114.873 E.02274
G1 X111.352 Y114.206 E.02255
G1 X111.708 Y113.38 E.0297
G1 X112.232 Y112.638 E.02999
G1 X112.898 Y112.021 E.02998
G1 X113.678 Y111.556 E.02998
G1 X114.538 Y111.263 E.03
G1 X115.44 Y111.156 E.02999
G1 X116.014 Y111.186 E.01898
G1 X116.785 Y111.35 E.02603
G1 X117.62 Y111.708 E.03
G1 X118.362 Y112.232 E.02999
G1 X118.979 Y112.898 E.02998
G1 X119.444 Y113.678 E.02998
G1 X119.737 Y114.538 E.03
G1 X119.844 Y115.44 E.02999
G1 X119.803 Y115.892 E.01499
G1 X119.416 Y115.912 F9000
;TYPE:External perimeter
;WIDTH:0.419999
G1 F1500
G1 X119.377 Y116.304 E.01235
G1 X119.125 Y117.092 E.02594
G1 X118.714 Y117.811 E.02597
G1 X118.164 Y118.429 E.02594
G1 X117.497 Y118.919 E.02595
G1 X116.742 Y119.259 E.02596
G1 X115.933 Y119.435 E.02596
G1 X115.106 Y119.439 E.02593
G1 X114.295 Y119.271 E.02597
G1 X113.538 Y118.938 E.02593
G1 X112.866 Y118.455 E.02595
G1 X112.309 Y117.843 E.02595
G1 X111.891 Y117.128 E.02597
G1 X111.632 Y116.342 E.02595
G1 X111.541 Y115.52 E.02593
G1 X111.59 Y114.906 E.01931
G1 X111.729 Y114.292 E.01974
G1 X112.062 Y113.538 E.02584
G1 X112.545 Y112.866 E.02595
G1 X113.157 Y112.309 E.02595
G1 X113.872 Y111.891 E.02597
G1 X114.658 Y111.632 E.02595
G1 X115.48 Y111.541 E.02593
G1 X115.933 Y111.565 E.01422
G1 X116.705 Y111.729 E.02475
G1 X117.462 Y112.062 E.02593
G1 X118.134 Y112.545 E.02595
G1 X118.691 Y113.157 E.02595
G1 X119.109 Y113.872 E.02597
G1 X119.368 Y114.658 E.02595
G1 X119.459 Y115.48 E.02593
G1 X119.422 Y115.852 E.01172
G1 E-3.5 F3600
;WIPE_START
G1 F7200
G1 X119.416 Y115.912 E-.02864
G1 X119.377 Y116.304 E-.18712
G1 X119.125 Y117.092 E-.39297
G1 X118.714 Y117.811 E-.39339
G1 X118.164 Y118.429 E-.39297
G1 X117.986 Y118.56 E-.10491
;WIPE_END
G1 X132.847 Y115.5 F9000
G1 E5 F2400
;TYPE:Perimeter
;WIDTH:0.439999
G1 X115.5 Y132.847 E.80999
G1 X98.153 Y115.5 E.80999
G1 X115.5 Y98.153 E.80999
G1 X132.804 Y115.458 E.80801
G1 X133.408 Y115.5 F9000
G1 F2400
G1 X115.5 Y133.408 E.83619
G1 X97.592 Y115.5 E.83619
G1 X115.5 Y97.592 E.83619
G1 X133.366 Y115.458 E.83423
G1 X133.955 Y115.5 F9000
;TYPE:External perimeter
;WIDTH:0.419999
G1 F1500
G1 X115.5 Y133.955 E.81832
G1 X97.045 Y115.5 E.81832
G1 X115.5 Y97.045 E.81832
G1 X133.913 Y115.458 E.81646
G1 E-3.5 F3600
;WIPE_START
G1 F7200
G1 X133.955 Y115.5 E-.02821
G1 X131.764 Y117.691 E-1.47179
;WIPE_END
G1 X131.257 Y116.657 F9000
G1 E5 F2400
;TYPE:Internal infill
;WIDTH:0.44
G1 F2416
G1 X129.573 Y118.342 E.07866
G1 X112.658 Y101.427 E.78982
G1 X109.851 Y104.235 E.13109
G1 X116.107 Y110.491 E.29211
G1 X115.373 Y110.456 E.02426
G1 X114.876 Y110.509 E.0165
G1 X121.149 Y104.235 E.29293
G1 X118.342 Y101.427 E.13109
G1 X101.427 Y118.342 E.78982
G1 X98.586 Y115.5 E.13268
G1 X101.427 Y112.658 E.13268
G1 X118.342 Y129.573 E.78982
G1 X121.149 Y126.765 E.13109
G1 X114.89 Y120.506 E.29225
G1 X116.11 Y120.506 E.04028
G1 X109.851 Y126.765 E.29225
G1 X112.658 Y129.573 E.13109
G1 X129.573 Y112.658 E.78982
G1 X126.765 Y109.851 E.13109
G1 X120.491 Y116.124 E.29293
G1 X120.544 Y115.628 E.01647
G1 X120.491 Y114.876 E.02489
G1 X126.765 Y121.149 E.29293
G1 X123.957 Y123.957 E.13112
G1 X119.06 Y119.06 E.22866
G1 X118.133 Y119.803 E.03923
G1 X117.052 Y120.299 E.03927
G1 E-3.5 F3600
;WIPE_START
G1 F7200
G1 X118.133 Y119.803 E-.56495
G1 X119.06 Y119.06 E-.56431
G1 X119.612 Y119.612 E-.37074
;WIPE_END
G1 X113.948 Y120.299 F9000
G1 E5 F2400
G1 F2416
G1 X112.883 Y119.815 E.03862
G1 X111.94 Y119.06 E.03989
G1 X107.043 Y123.957 E.22866
G1 X104.235 Y121.149 E.13112
G1 X110.507 Y114.878 E.29284
G1 X110.454 Y115.395 E.01716
G1 X110.509 Y116.124 E.02414
G1 X104.235 Y109.851 E.29293
G1 X107.043 Y107.043 E.13112
G1 X111.94 Y111.94 E.22866
G1 X111.185 Y112.883 E.03989
G1 X110.7 Y113.947 E.03861
G1 E-3.5 F3600
;WIPE_START
G1 F7200
G1 X111.185 Y112.883 E-.55543
G1 X111.94 Y111.94 E-.5738
G1 X111.388 Y111.388 E-.37077
;WIPE_END
G1 X117.052 Y110.701 F9000
G1 E5 F2400
G1 F2416
G1 X118.117 Y111.185 E.03862
G1 X119.06 Y111.94 E.03989
G1 X123.957 Y107.043 E.22866
G1 X125.642 Y108.728 E.07868
;LAYER_CHANGE
;Z:5.6
;HEIGHT:0.2
;BEFORE_LAYER_CHANGE
G92 E0
;5.6


G1 E-3.5 F3600
;WIPE_START
G1 F7200
G1 X123.957 Y107.043 E-1.1319
G1 X123.409 Y107.591 E-.3681
;WIPE_END
G1 Z5.6 F9000
;AFTER_LAYER_CHANGE
;5.6
G1 X119.327 Y112.72
G1 E5 F2400
;TYPE:Perimeter
;WIDTH:0.439999
G1 F1500
G1 X119.788 Y113.48 E.02935
G1 X120.114 Y114.415 E.03269
G1 X120.239 Y115.398 E.03272
G1 X120.156 Y116.386 E.03274
G1 X119.871 Y117.335 E.03272
G1 X119.394 Y118.203 E.0327
G1 X118.746 Y118.954 E.03275
G1 X117.957 Y119.553 E.03271
G1 X117.061 Y119.976 E.03271
G1 X116.303 Y120.169 E.02583
G1 X115.584 Y120.241 E.02386
G1 X114.614 Y120.156 E.03215
G1 X113.665 Y119.871 E.03272
G1 X112.797 Y119.394 E.0327
G1 X112.046 Y118.746 E.03275
G1 X111.447 Y117.957 E.03271
G1 X111.024 Y117.061 E.03271
G1 X110.833 Y116.313 E.02549
G1 X110.76 Y115.585 E.02416
G1 X110.81 Y114.831 E.02495
G1 X110.965 Y114.116 E.02416
G1 X111.345 Y113.219 E.03216
G1 X111.91 Y112.405 E.03272
G1 X112.632 Y111.726 E.03272
G1 X113.48 Y111.212 E.03274
G1 X114.415 Y110.886 E.03269
G1 X115.398 Y110.761 E.03272
G1 X115.945 Y110.778 E.01807
G1 X116.868 Y110.962 E.03107
G1 X117.781 Y111.345 E.03269
G1 X118.595 Y111.91 E.03272
G1 X119.274 Y112.632 E.03272
G1 X119.296 Y112.668 E.00139
G1 X119.01 Y112.95 F9000
G1 F1500
G1 X119.444 Y113.678 E.02798
G1 X119.737 Y114.538 E.03
G1 X119.844 Y115.44 E.02999
G1 X119.762 Y116.344 E.02997
G1 X119.493 Y117.212 E.03
G1 X119.05 Y118.005 E.02999
G1 X118.451 Y118.688 E.02999
G1 X117.724 Y119.232 E.02998
G1 X116.9 Y119.613 E.02997
G1 X116.214 Y119.782 E.02333
G1 X115.55 Y119.845 E.02202
G1 X114.656 Y119.762 E.02964
G1 X113.788 Y119.493 E.03
G1 X112.995 Y119.05 E.02999
G1 X112.312 Y118.451 E.02999
G1 X111.768 Y117.724 E.02998
G1 X111.387 Y116.9 E.02997
G1 X111.22 Y116.223 E.02302
G1 X111.155 Y115.55 E.02232
G1 X111.206 Y114.865 E.02268
G1 X111.352 Y114.205 E.02232
G1 X111.708 Y113.38 E.02967
G1 X112.232 Y112.638 E.02999
G1 X112.898 Y112.021 E.02998
G1 X113.678 Y111.556 E.02998
G1 X114.538 Y111.263 E.03
G1 X115.44 Y111.156 E.02999
G1 X116.014 Y111.186 E.01898
G1 X116.785 Y111.35 E.02603
G1 X117.62 Y111.708 E.03
G1 X118.362 Y112.232 E.02999
G1 X118.979 Y112.898 E.02998
G1 X118.701 Y113.174 F9000
;TYPE:External perimeter
;WIDTH:0.419999
G1 F1500
G1 X119.109 Y113.872 E.02535
G1 X119.368 Y114.658 E.02595
G1 X119.459 Y115.48 E.02593
G1 X119.377 Y116.304 E.02596
G1 X119.125 Y117.092 E.02594
G1 X118.714 Y117.811 E.02597
G1 X118.164 Y118.429 E.02594
G1 X117.497 Y118.919 E.02595
G1 X116.742 Y119.259 E.02596
G1 X116.127 Y119.404 E.01981
G1 X115.516 Y119.459 E.01923
G1 X114.696 Y119.377 E.02584
G1 X113.908 Y119.125 E.02594
G1 X113.189 Y118.714 E.02597
G1 X112.571 Y118.164 E.02594
G1 X112.081 Y117.497 E.02595
G1 X111.741 Y116.742 E.02596
G1 X111.597 Y116.136 E.01953
G1 X111.541 Y115.517 E.01949
G1 X111.592 Y114.899 E.01944
G1 X111.729 Y114.292 E.01951
G1 X112.062 Y113.538 E.02584
G1 X112.545 Y112.866 E.02595
G1 X113.157 Y112.309 E.02595
G1 X113.872 Y111.891 E.02597
G1 X114.658 Y111.632 E.02595
G1 X115.48 Y111.541 E.02593
G1 X115.933 Y111.565 E.01422
G1 X116.705 Y111.729 E.02475
G1 X117.462 Y112.062 E.02593
G1 X118.134 Y112.545 E.02595
G1 X118.664 Y113.127 E.02468
G1 E-3.5 F3600
;WIPE_START
G1 F7200
G1 X118.701 Y113.174 E-.02841
G1 X119.109 Y113.872 E-.38404
G1 X119.368 Y114.658 E-.3931
G1 X119.459 Y115.48 E-.39284
G1 X119.396 Y116.112 E-.30161
;WIPE_END
G1 X132.847 Y115.5 F9000
G1 E5 F2400
;TYPE:Perimeter
;WIDTH:0.439999
G1 X115.5 Y132.847 E.80999
G1 X98.154 Y115.5 E.80997
G1 X115.501 Y98.155 E.80994
G1 X132.804 Y115.458 E.80794
G1 X133.408 Y115.5 F9000
G1 F2400
G1 X115.5 Y133.408 E.83619
G1 X97.592 Y115.5 E.83619
G1 X115.501 Y97.593 E.83619
G1 X133.366 Y115.458 E.83418
G1 X133.955 Y115.5 F9000
;TYPE:External perimeter
;WIDTH:0.419999
G1 F1500
G1 X115.5 Y133.955 E.81832
G1 X97.045 Y115.5 E.81832
G1 X115.501 Y97.046 E.81832
G1 X133.913 Y115.458 E.81642
G1 E-3.5 F3600
;WIPE_START
G1 F7200
G1 X133.955 Y115.5 E-.02821
G1 X131.764 Y117.691 E-1.47179
;WIPE_END
G1 X131.257 Y116.657 F9000
G1 E5 F2400
;TYPE:Internal infill
;WIDTH:0.44
G1 F2416
G1 X129.573 Y118.342 E.07866
G1 X112.66 Y101.428 E.78975
G1 X115.501 Y98.587 E.13266
G1 X118.342 Y101.427 E.13263
G1 X101.427 Y118.342 E.78982
G1 X104.235 Y121.149 E.13109
G1 X110.509 Y114.875 E.29296
G1 X110.45 Y115.5 E.02073
G1 X110.51 Y116.125 E.02073
G1 X104.236 Y109.851 E.29296
G1 X101.428 Y112.659 E.13112
G1 X118.342 Y129.573 E.78977
G1 X121.149 Y126.765 E.13109
G1 X114.874 Y120.489 E.29303
G1 X115.5 Y120.55 E.02077
G1 X116.125 Y120.491 E.02073
G1 X109.851 Y126.765 E.29296
G1 X112.658 Y129.573 E.13109
G1 X129.573 Y112.658 E.78982
G1 X126.765 Y109.851 E.13109
G1 X120.489 Y116.126 E.29303
G1 X120.55 Y115.5 E.02077
G1 X120.489 Y114.874 E.02077
G1 X126.765 Y121.149 E.29303
G1 X123.957 Y123.957 E.13112
G1 X119.059 Y119.059 E.2287
G1 X118.133 Y119.803 E.03922
G1 X117.053 Y120.3 E.03925
G1 E-3.5 F3600
;WIPE_START
G1 F7200
G1 X118.133 Y119.803 E-.56471
G1 X119.059 Y119.059 E-.56423
G1 X119.611 Y119.611 E-.37106
;WIPE_END
G1 X117.052 Y110.701 F9000
G1 E5 F2400
G1 F2416
G1 X118.117 Y111.185 E.03862
G1 X119.06 Y111.94 E.03989
G1 X123.957 Y107.043 E.22866
G1 X121.149 Y104.235 E.13112
G1 X114.876 Y110.509 E.29293
G1 X115.373 Y110.456 E.0165
G1 X116.107 Y110.491 E.02426
G1 X109.852 Y104.236 E.29207
G1 X107.044 Y107.044 E.13112
G1 X111.94 Y111.94 E.22861
G1 X111.185 Y112.883 E.03989
G1 X110.7 Y113.947 E.03861
G1 E-3.5 F3600
;WIPE_START
G1 F7200
G1 X111.185 Y112.883 E-.55543
G1 X111.94 Y111.94 E-.5738
G1 X111.388 Y111.388 E-.37077
;WIPE_END
G1 X110.7 Y117.053 F9000
G1 E5 F2400
G1 F2416
G1 X111.197 Y118.133 E.03925
G1 X111.941 Y119.059 E.03922
G1 X107.043 Y123.957 E.2287
G1 X105.358 Y122.272 E.07868
;LAYER_CHANGE
;Z:5.8
;HEIGHT:0.2
;BEFORE_LAYER_CHANGE
G92 E0
;5.8


G1 E-3.5 F3600
;WIPE_START
G1 F7200
G1 X107.043 Y123.957 E-1.1319
G1 X107.591 Y123.409 E-.3681
;WIPE_END
G1 Z5.8 F9000
;AFTER_LAYER_CHANGE
;5.8
G1 X111.677 Y118.277
G1 E5 F2400
;TYPE:Perimeter
;WIDTH:0.439999
G1 F1500
G1 X111.437 Y117.943 E.01358
G1 X111.024 Y117.061 E.03216
G1 X110.798 Y116.096 E.03272
G1 X110.776 Y115.5 E.01969
G1 X110.798 Y114.904 E.01969
G1 X110.962 Y114.132 E.02606
G1 X111.345 Y113.219 E.03269
G1 X111.91 Y112.405 E.03272
G1 X112.632 Y111.726 E.03272
G1 X113.48 Y111.212 E.03274
G1 X114.415 Y110.886 E.03269
G1 X115.398 Y110.761 E.03272
G1 X115.945 Y110.778 E.01807
G1 X116.868 Y110.962 E.03107
G1 X117.781 Y111.345 E.03269
G1 X118.595 Y111.91 E.03272
G1 X119.274 Y112.632 E.03272
G1 X119.691 Y113.292 E.02578
G1 X119.982 Y113.955 E.02391
G1 X120.202 Y114.904 E.03216
G1 X120.218 Y115.994 E.03599
G1 X120.038 Y116.868 E.02946
G1 X119.655 Y117.781 E.03269
G1 X119.09 Y118.595 E.03272
G1 X118.536 Y119.137 E.02559
G1 X117.944 Y119.563 E.02408
G1 X117.061 Y119.976 E.03219
G1 X116.096 Y120.202 E.03272
G1 X115.5 Y120.224 E.01969
G1 X114.904 Y120.202 E.01969
G1 X114.132 Y120.038 E.02606
G1 X113.219 Y119.655 E.03269
G1 X112.405 Y119.09 E.03272
G1 X111.86 Y118.531 E.02578
G1 X111.712 Y118.326 E.00835
G1 X111.997 Y118.045 F9000
G1 F1500
G1 X111.762 Y117.716 E.01335
G1 X111.387 Y116.9 E.02965
G1 X111.186 Y116.014 E.03
G1 X111.174 Y115.5 E.01698
G1 X111.186 Y114.986 E.01698
G1 X111.35 Y114.215 E.02603
G1 X111.708 Y113.38 E.03
G1 X112.232 Y112.638 E.02999
G1 X112.898 Y112.021 E.02998
G1 X113.678 Y111.556 E.02998
G1 X114.538 Y111.263 E.03
G1 X115.44 Y111.156 E.02999
G1 X116.014 Y111.186 E.01898
G1 X116.785 Y111.35 E.02603
G1 X117.62 Y111.708 E.03
G1 X118.362 Y112.232 E.02999
G1 X118.979 Y112.898 E.02998
G1 X119.35 Y113.496 E.02324
G1 X119.617 Y114.11 E.02211
G1 X119.814 Y114.986 E.02965
G1 X119.823 Y115.953 E.03193
G1 X119.65 Y116.785 E.02806
G1 X119.292 Y117.62 E.03
G1 X118.768 Y118.362 E.02999
G1 X118.265 Y118.846 E.02305
G1 X117.716 Y119.238 E.02227
G1 X116.9 Y119.613 E.02965
G1 X116.014 Y119.814 E.03
G1 X115.5 Y119.826 E.01698
G1 X114.986 Y119.814 E.01698
G1 X114.215 Y119.65 E.02603
G1 X113.38 Y119.292 E.03
G1 X112.638 Y118.768 E.02999
G1 X112.15 Y118.261 E.02323
G1 X112.032 Y118.094 E.00675
G1 X112.308 Y117.819 F9000
;TYPE:External perimeter
;WIDTH:0.419999
G1 F1500
G1 X112.079 Y117.494 E.01247
G1 X111.741 Y116.742 E.02585
G1 X111.565 Y115.933 E.02596
G1 X111.561 Y115.106 E.02593
G1 X111.729 Y114.295 E.02597
G1 X112.062 Y113.538 E.02593
G1 X112.545 Y112.866 E.02595
G1 X113.157 Y112.309 E.02595
G1 X113.872 Y111.891 E.02597
G1 X114.658 Y111.632 E.02595
G1 X115.48 Y111.541 E.02593
G1 X115.933 Y111.565 E.01422
G1 X116.705 Y111.729 E.02475
G1 X117.462 Y112.062 E.02593
G1 X118.134 Y112.545 E.02595
G1 X118.691 Y113.157 E.02595
G1 X119.019 Y113.695 E.01976
G1 X119.26 Y114.261 E.01929
G1 X119.435 Y115.067 E.02586
G1 X119.439 Y115.894 E.02593
G1 X119.271 Y116.705 E.02597
G1 X118.938 Y117.462 E.02593
G1 X118.455 Y118.134 E.02595
G1 X118.001 Y118.563 E.01958
G1 X117.494 Y118.921 E.01946
G1 X116.742 Y119.259 E.02585
G1 X115.933 Y119.435 E.02596
G1 X115.106 Y119.439 E.02593
G1 X114.295 Y119.271 E.02597
G1 X113.538 Y118.938 E.02593
G1 X112.866 Y118.455 E.02595
G1 X112.433 Y117.997 E.01976
G1 X112.343 Y117.868 E.00493
G1 E-3.5 F3600
;WIPE_START
G1 F7200
G1 X112.308 Y117.819 E-.0286
G1 X112.079 Y117.494 E-.18885
G1 X111.741 Y116.742 E-.39162
G1 X111.565 Y115.933 E-.39326
G1 X111.561 Y115.106 E-.39283
G1 X111.606 Y114.89 E-.10484
;WIPE_END
G1 X98.153 Y115.5 F9000
G1 E5 F2400
;TYPE:Perimeter
;WIDTH:0.439999
G1 X115.5 Y98.153 E.80999
G1 X132.847 Y115.5 E.80999
G1 X115.5 Y132.847 E.80999
G1 X98.196 Y115.542 E.80801
G1 X97.592 Y115.5 F9000
G1 F2400
G1 X115.5 Y97.592 E.83619
G1 X133.408 Y115.5 E.83619
G1 X115.5 Y133.408 E.83619
G1 X97.634 Y115.542 E.83423
G1 X97.045 Y115.5 F9000
;TYPE:External perimeter
;WIDTH:0.419999
G1 F1500
G1 X115.5 Y97.045 E.81832
G1 X133.955 Y115.5 E.81832
G1 X115.5 Y133.955 E.81832
G1 X97.087 Y115.542 E.81646
G1 E-3.5 F3600
;WIPE_START
G1 F7200
G1 X97.045 Y115.5 E-.02821
G1 X99.236 Y113.309 E-1.47179
;WIPE_END
G1 X110.701 Y113.948 F9000
G1 E5 F2400
;TYPE:Internal infill
;WIDTH:0.44
G1 F2564
G1 X111.185 Y112.883 E.03862
G1 X111.94 Y111.94 E.03989
G1 X107.043 Y107.043 E.22866
G1 X108.728 Y105.358 E.07868
G1 E-3.5 F3600
;WIPE_START
G1 F7200
G1 X107.043 Y107.043 E-1.1319
G1 X107.591 Y107.591 E-.3681
;WIPE_END
G1 X116.657 Y99.743 F9000
G1 E5 F2400
G1 F2564
G1 X118.342 Y101.427 E.07866
G1 X101.427 Y118.342 E.78982
G1 X104.235 Y121.149 E.13109
G1 X110.494 Y114.89 E.29225
G1 X110.494 Y116.11 E.04028
G1 X104.235 Y109.851 E.29225
G1 X101.427 Y112.658 E.13109
G1 X118.342 Y129.573 E.78982
G1 X121.149 Y126.765 E.13109
G1 X114.89 Y120.506 E.29225
G1 X116.11 Y120.506 E.04028
G1 X109.851 Y126.765 E.29225
G1 X107.043 Y123.957 E.13112
G1 X111.938 Y119.062 E.22856
G1 X112.884 Y119.815 E.03992
G1 X113.947 Y120.299 E.03856
G1 E-3.5 F3600
;WIPE_START
G1 F7200
G1 X112.884 Y119.815 E-.5548
G1 X111.938 Y119.062 E-.57432
G1 X111.386 Y119.614 E-.37088
;WIPE_END
G1 X120.299 Y117.052 F9000
G1 E5 F2400
G1 F2564
G1 X119.815 Y118.116 E.03859
G1 X119.061 Y119.061 E.03992
G1 X123.957 Y123.957 E.22861
G1 X126.765 Y121.149 E.13112
G1 X120.506 Y114.89 E.29225
G1 X120.506 Y116.11 E.04028
G1 X126.765 Y109.851 E.29225
G1 X129.573 Y112.658 E.13109
G1 X112.658 Y129.573 E.78982
G1 X114.343 Y131.257 E.07866
G1 E-3.5 F3600
;WIPE_START
G1 F7200
G1 X112.658 Y129.573 E-1.13157
G1 X113.206 Y129.025 E-.36843
;WIPE_END
G1 X117.052 Y110.701 F9000
G1 E5 F2400
G1 F2564
G1 X118.117 Y111.185 E.03862
G1 X119.06 Y111.94 E.03989
G1 X123.957 Y107.043 E.22866
G1 X121.149 Y104.235 E.13112
G1 X114.876 Y110.509 E.29293
G1 X115.373 Y110.456 E.0165
G1 X116.107 Y110.491 E.02426
G1 X109.851 Y104.235 E.29211
G1 X112.658 Y101.427 E.13109
G1 X129.573 Y118.342 E.78982
G1 X131.257 Y116.657 E.07866
;LAYER_CHANGE
;Z:6
;HEIGHT:0.2
;BEFORE_LAYER_CHANGE
G92 E0
;6


G1 E-3.5 F3600
;WIPE_START
G1 F7200
G1 X129.573 Y118.342 E-1.13157
G1 X129.025 Y117.794 E-.36843
;WIPE_END
G1 Z6 F9000
;AFTER_LAYER_CHANGE
;6
G1 X120.189 Y115.993
G1 E5 F2400
;TYPE:Perimeter
;WIDTH:0.439999
G1 F1500
G1 X120.156 Y116.386 E.01302
G1 X119.871 Y117.335 E.03272
G1 X119.394 Y118.203 E.0327
G1 X118.746 Y118.954 E.03275
G1 X117.957 Y119.553 E.03271
G1 X117.061 Y119.976 E.03271
G1 X116.096 Y120.202 E.03272
G1 X115.5 Y120.224 E.01969
G1 X114.904 Y120.202 E.01969
G1 X114.132 Y120.038 E.02606
G1 X113.219 Y119.655 E.03269
G1 X112.58 Y119.23 E.02534
G1 X112.035 Y118.736 E.02429
G1 X111.447 Y117.957 E.03222
G1 X111.024 Y117.061 E.03271
G1 X110.798 Y116.096 E.03272
G1 X110.776 Y115.5 E.01969
G1 X110.798 Y114.904 E.01969
G1 X110.962 Y114.132 E.02606
G1 X111.345 Y113.219 E.03269
G1 X111.91 Y112.405 E.03272
G1 X112.632 Y111.726 E.03272
G1 X113.48 Y111.212 E.03274
G1 X114.415 Y110.886 E.03269
G1 X115.398 Y110.761 E.03272
G1 X115.945 Y110.778 E.01807
G1 X116.868 Y110.962 E.03107
G1 X117.781 Y111.345 E.03269
G1 X118.595 Y111.91 E.03272
G1 X119.274 Y112.632 E.03272
G1 X119.788 Y113.48 E.03274
G1 X120.114 Y114.415 E.03269
G1 X120.239 Y115.398 E.03272
G1 X120.194 Y115.933 E.01773
G1 X119.797 Y115.952 F9000
G1 F1500
G1 X119.762 Y116.344 E.01299
G1 X119.493 Y117.212 E.03
G1 X119.05 Y118.005 E.02999
G1 X118.451 Y118.688 E.02999
G1 X117.724 Y119.232 E.02998
G1 X116.9 Y119.613 E.02997
G1 X116.014 Y119.814 E.03
G1 X115.5 Y119.826 E.01698
G1 X114.986 Y119.814 E.01698
G1 X114.215 Y119.65 E.02603
G1 X113.38 Y119.292 E.03
G1 X112.808 Y118.905 E.0228
G1 X112.305 Y118.445 E.02251
G1 X111.768 Y117.724 E.02968
G1 X111.387 Y116.9 E.02997
G1 X111.186 Y116.014 E.03
G1 X111.174 Y115.5 E.01698
G1 X111.186 Y114.986 E.01698
G1 X111.35 Y114.215 E.02603
G1 X111.708 Y113.38 E.03
G1 X112.232 Y112.638 E.02999
G1 X112.898 Y112.021 E.02998
G1 X113.678 Y111.556 E.02998
G1 X114.538 Y111.263 E.03
G1 X115.44 Y111.156 E.02999
G1 X116.014 Y111.186 E.01898
G1 X116.785 Y111.35 E.02603
G1 X117.62 Y111.708 E.03
G1 X118.362 Y112.232 E.02999
G1 X118.979 Y112.898 E.02998
G1 X119.444 Y113.678 E.02998
G1 X119.737 Y114.538 E.03
G1 X119.844 Y115.44 E.02999
G1 X119.803 Y115.892 E.01499
G1 X119.416 Y115.912 F9000
;TYPE:External perimeter
;WIDTH:0.419999
G1 F1500
G1 X119.377 Y116.304 E.01235
G1 X119.125 Y117.092 E.02594
G1 X118.714 Y117.811 E.02597
G1 X118.164 Y118.429 E.02594
G1 X117.497 Y118.919 E.02595
G1 X116.742 Y119.259 E.02596
G1 X115.933 Y119.435 E.02596
G1 X115.106 Y119.439 E.02593
G1 X114.295 Y119.271 E.02597
G1 X113.538 Y118.938 E.02593
G1 X113.029 Y118.588 E.01937
G1 X112.569 Y118.162 E.01966
G1 X112.081 Y117.497 E.02586
G1 X111.741 Y116.742 E.02596
G1 X111.565 Y115.933 E.02596
G1 X111.561 Y115.106 E.02593
G1 X111.729 Y114.295 E.02597
G1 X112.062 Y113.538 E.02593
G1 X112.545 Y112.866 E.02595
G1 X113.157 Y112.309 E.02595
G1 X113.872 Y111.891 E.02597
G1 X114.658 Y111.632 E.02595
G1 X115.48 Y111.541 E.02593
G1 X115.933 Y111.565 E.01422
G1 X116.705 Y111.729 E.02475
G1 X117.462 Y112.062 E.02593
G1 X118.134 Y112.545 E.02595
G1 X118.691 Y113.157 E.02595
G1 X119.109 Y113.872 E.02597
G1 X119.368 Y114.658 E.02595
G1 X119.459 Y115.48 E.02593
G1 X119.422 Y115.852 E.01172
G1 E-3.5 F3600
;WIPE_START
G1 F7200
G1 X119.416 Y115.912 E-.02864
G1 X119.377 Y116.304 E-.18712
G1 X119.125 Y117.092 E-.39297
G1 X118.714 Y117.811 E-.39339
G1 X118.164 Y118.429 E-.39297
G1 X117.986 Y118.56 E-.10491
;WIPE_END
G1 X132.847 Y115.5 F9000
G1 E5 F2400
;TYPE:Perimeter
;WIDTH:0.439999
G1 X115.5 Y132.847 E.80999
G1 X98.153 Y115.5 E.80999
G1 X115.5 Y98.153 E.80999
G1 X132.804 Y115.458 E.80801
G1 X133.408 Y115.5 F9000
G1 F2400
G1 X115.5 Y133.408 E.83619
G1 X97.592 Y115.5 E.83619
G1 X115.5 Y97.592 E.83619
G1 X133.366 Y115.458 E.83423
G1 X133.955 Y115.5 F9000
;TYPE:External perimeter
;WIDTH:0.419999
G1 F1500
G1 X115.5 Y133.955 E.81832
G1 X97.045 Y115.5 E.81832
G1 X115.5 Y97.045 E.81832
G1 X133.913 Y115.458 E.81646
G1 E-3.5 F3600
;WIPE_START
G1 F7200
G1 X133.955 Y115.5 E-.02821
G1 X131.764 Y117.691 E-1.47179
;WIPE_END
G1 X117.052 Y110.701 F9000
G1 E5 F2400
;TYPE:Internal infill
;WIDTH:0.44
G1 F2494
G1 X118.117 Y111.185 E.03862
G1 X119.06 Y111.94 E.03989
G1 X123.957 Y107.043 E.22866
G1 X126.765 Y109.851 E.13112
G1 X120.491 Y116.124 E.29293
G1 X120.544 Y115.372 E.02489
G1 X120.491 Y114.876 E.01647
G1 X126.765 Y121.149 E.29293
G1 X123.957 Y123.957 E.13112
G1 X119.06 Y119.06 E.22866
G1 X118.133 Y119.803 E.03923
G1 X117.052 Y120.299 E.03927
G1 E-3.5 F3600
;WIPE_START
G1 F7200
G1 X118.133 Y119.803 E-.56495
G1 X119.06 Y119.06 E-.56431
G1 X119.612 Y119.612 E-.37074
;WIPE_END
G1 X99.743 Y116.657 F9000
G1 E5 F2400
G1 F2494
G1 X101.427 Y118.342 E.07866
G1 X118.342 Y101.427 E.78982
G1 X121.149 Y104.235 E.13109
G1 X114.876 Y110.509 E.29293
G1 X115.373 Y110.456 E.0165
G1 X116.107 Y110.491 E.02426
G1 X109.851 Y104.235 E.29211
G1 X107.043 Y107.043 E.13112
G1 X111.94 Y111.94 E.22866
G1 X111.185 Y112.883 E.03989
G1 X110.701 Y113.948 E.03862
G1 E-3.5 F3600
;WIPE_START
G1 F7200
G1 X111.185 Y112.883 E-.55566
G1 X111.94 Y111.94 E-.5738
G1 X111.388 Y111.388 E-.37054
;WIPE_END
G1 X110.701 Y117.052 F9000
G1 E5 F2400
G1 F2494
G1 X111.196 Y118.133 E.03926
G1 X111.938 Y119.062 E.03926
G1 X107.043 Y123.957 E.22856
G1 X104.235 Y121.149 E.13112
G1 X110.494 Y114.89 E.29225
G1 X110.494 Y116.11 E.04028
G1 X104.235 Y109.851 E.29225
G1 X101.427 Y112.658 E.13109
G1 X118.342 Y129.573 E.78982
G1 X121.149 Y126.765 E.13109
G1 X114.89 Y120.506 E.29225
G1 X116.11 Y120.506 E.04028
G1 X109.851 Y126.765 E.29225
G1 X112.658 Y129.573 E.13109
G1 X129.573 Y112.658 E.78982
G1 X132.414 Y115.5 E.13268
G1 X129.573 Y118.342 E.13268
G1 X112.658 Y101.427 E.78982
G1 X114.343 Y99.743 E.07866
;LAYER_CHANGE
;Z:6.2
;HEIGHT:0.2
;BEFORE_LAYER_CHANGE
G92 E0
;6.2


G1 E-3.5 F3600
;WIPE_START
G1 F7200
G1 X112.658 Y101.427 E-1.13157
G1 X113.206 Y101.975 E-.36843
;WIPE_END
G1 Z6.2 F9000
;AFTER_LAYER_CHANGE
;6.2
G1 X115.007 Y110.811
G1 E5 F2400
;TYPE:Perimeter
;WIDTH:0.439999
G1 F1500
G1 X115.398 Y110.761 E.01301
G1 X116.386 Y110.844 E.03274
G1 X117.335 Y111.129 E.03272
G1 X118.203 Y111.606 E.0327
G1 X118.954 Y112.254 E.03275
G1 X119.553 Y113.043 E.03271
G1 X119.976 Y113.939 E.03271
G1 X120.202 Y114.904 E.03272
G1 X120.218 Y115.994 E.03599
G1 X120.038 Y116.868 E.02946
G1 X119.655 Y117.781 E.03269
G1 X119.09 Y118.595 E.03272
G1 X118.548 Y119.127 E.02508
G1 X117.945 Y119.562 E.02455
G1 X117.061 Y119.976 E.03223
G1 X116.096 Y120.202 E.03272
G1 X115.5 Y120.224 E.01969
G1 X114.904 Y120.202 E.01969
G1 X114.132 Y120.038 E.02606
G1 X113.219 Y119.655 E.03269
G1 X112.586 Y119.235 E.02508
G1 X112.035 Y118.736 E.02454
G1 X111.447 Y117.957 E.03222
G1 X111.024 Y117.061 E.03271
G1 X110.798 Y116.096 E.03272
G1 X110.776 Y115.5 E.01969
G1 X110.798 Y114.904 E.01969
G1 X110.962 Y114.132 E.02606
G1 X111.345 Y113.219 E.03269
G1 X111.91 Y112.405 E.03272
G1 X112.632 Y111.726 E.03272
G1 X113.48 Y111.212 E.03274
G1 X114.415 Y110.886 E.03269
G1 X114.948 Y110.818 E.01774
G1 X115.048 Y111.203 F9000
G1 F1500
G1 X115.44 Y111.156 E.01304
G1 X116.344 Y111.238 E.02997
G1 X117.212 Y111.507 E.03
G1 X118.005 Y111.95 E.02999
G1 X118.688 Y112.549 E.02999
G1 X119.232 Y113.276 E.02998
G1 X119.613 Y114.1 E.02997
G1 X119.814 Y114.986 E.03
G1 X119.823 Y115.953 E.03193
G1 X119.65 Y116.785 E.02806
G1 X119.292 Y117.62 E.03
G1 X118.768 Y118.362 E.02999
G1 X118.277 Y118.837 E.02256
G1 X117.717 Y119.237 E.02272
G1 X116.9 Y119.613 E.02969
G1 X116.014 Y119.814 E.03
G1 X115.5 Y119.826 E.01698
G1 X114.986 Y119.814 E.01698
G1 X114.215 Y119.65 E.02603
G1 X113.38 Y119.292 E.03
G1 X112.813 Y118.91 E.02257
G1 X112.305 Y118.445 E.02274
G1 X111.768 Y117.724 E.02968
G1 X111.387 Y116.9 E.02997
G1 X111.186 Y116.014 E.03
G1 X111.174 Y115.5 E.01698
G1 X111.186 Y114.986 E.01698
G1 X111.35 Y114.215 E.02603
G1 X111.708 Y113.38 E.03
G1 X112.232 Y112.638 E.02999
G1 X112.898 Y112.021 E.02998
G1 X113.678 Y111.556 E.02998
G1 X114.538 Y111.263 E.03
G1 X114.989 Y111.21 E.01499
G1 X115.088 Y111.584 F9000
;TYPE:External perimeter
;WIDTH:0.419999
G1 F1500
G1 X115.48 Y111.541 E.01236
G1 X116.304 Y111.623 E.02596
G1 X117.092 Y111.875 E.02594
G1 X117.811 Y112.286 E.02597
G1 X118.429 Y112.836 E.02594
G1 X118.919 Y113.503 E.02595
G1 X119.259 Y114.258 E.02596
G1 X119.435 Y115.067 E.02596
G1 X119.439 Y115.894 E.02593
G1 X119.271 Y116.705 E.02597
G1 X118.938 Y117.462 E.02593
G1 X118.455 Y118.134 E.02595
G1 X118.012 Y118.554 E.01914
G1 X117.494 Y118.92 E.01989
G1 X116.742 Y119.259 E.02586
G1 X115.933 Y119.435 E.02596
G1 X115.106 Y119.439 E.02593
G1 X114.295 Y119.271 E.02597
G1 X113.538 Y118.938 E.02593
G1 X113.035 Y118.592 E.01914
G1 X112.569 Y118.162 E.01988
G1 X112.081 Y117.497 E.02586
G1 X111.741 Y116.742 E.02596
G1 X111.565 Y115.933 E.02596
G1 X111.561 Y115.106 E.02593
G1 X111.729 Y114.295 E.02597
G1 X112.062 Y113.538 E.02593
G1 X112.545 Y112.866 E.02595
G1 X113.157 Y112.309 E.02595
G1 X113.872 Y111.891 E.02597
G1 X114.658 Y111.632 E.02595
G1 X115.029 Y111.591 E.0117
G1 E-3.5 F3600
;WIPE_START
G1 F7200
G1 X115.088 Y111.584 E-.02822
G1 X115.48 Y111.541 E-.18732
G1 X116.304 Y111.623 E-.39333
G1 X117.092 Y111.875 E-.39297
G1 X117.811 Y112.286 E-.39339
G1 X117.976 Y112.433 E-.10477
;WIPE_END
G1 X115.5 Y98.153 F9000
G1 E5 F2400
;TYPE:Perimeter
;WIDTH:0.439999
G1 X132.847 Y115.5 E.80999
G1 X115.5 Y132.847 E.80999
G1 X98.153 Y115.5 E.80999
G1 X115.458 Y98.196 E.80801
G1 X115.5 Y97.592 F9000
G1 F2400
G1 X133.408 Y115.5 E.83619
G1 X115.5 Y133.408 E.83619
G1 X97.592 Y115.5 E.83619
G1 X115.458 Y97.634 E.83423
G1 X115.5 Y97.045 F9000
;TYPE:External perimeter
;WIDTH:0.419999
G1 F1500
G1 X133.955 Y115.5 E.81832
G1 X115.5 Y133.955 E.81832
G1 X97.045 Y115.5 E.81832
G1 X115.458 Y97.087 E.81646
G1 E-3.5 F3600
;WIPE_START
G1 F7200
G1 X115.5 Y97.045 E-.02821
G1 X117.691 Y99.236 E-1.47179
;WIPE_END
G1 X116.657 Y99.743 F9000
G1 E5 F2400
;TYPE:Internal infill
;WIDTH:0.44
G1 F2535
G1 X118.342 Y101.427 E.07866
G1 X101.427 Y118.342 E.78982
G1 X104.235 Y121.149 E.13109
G1 X110.494 Y114.89 E.29225
G1 X110.494 Y116.11 E.04028
G1 X104.235 Y109.851 E.29225
G1 X101.427 Y112.658 E.13109
G1 X118.342 Y129.573 E.78982
G1 X121.149 Y126.765 E.13109
G1 X114.89 Y120.506 E.29225
G1 X116.11 Y120.506 E.04028
G1 X109.851 Y126.765 E.29225
G1 X107.043 Y123.957 E.13112
G1 X111.938 Y119.062 E.22856
G1 X111.196 Y118.133 E.03926
G1 X110.701 Y117.052 E.03926
G1 E-3.5 F3600
;WIPE_START
G1 F7200
G1 X111.196 Y118.133 E-.56475
G1 X111.938 Y119.062 E-.56475
G1 X111.386 Y119.614 E-.3705
;WIPE_END
G1 X110.701 Y113.948 F9000
G1 E5 F2400
G1 F2535
G1 X111.185 Y112.883 E.03862
G1 X111.94 Y111.94 E.03989
G1 X107.043 Y107.043 E.22866
G1 X108.728 Y105.358 E.07868
G1 E-3.5 F3600
;WIPE_START
G1 F7200
G1 X107.043 Y107.043 E-1.1319
G1 X107.591 Y107.591 E-.3681
;WIPE_END
G1 X131.257 Y116.657 F9000
G1 E5 F2400
G1 F2535
G1 X129.573 Y118.342 E.07866
G1 X112.658 Y101.427 E.78982
G1 X109.851 Y104.235 E.13109
G1 X116.124 Y110.509 E.29293
G1 X115.372 Y110.456 E.02489
G1 X114.876 Y110.509 E.01647
G1 X121.149 Y104.235 E.29293
G1 X123.957 Y107.043 E.13112
G1 X119.06 Y111.94 E.22866
G1 X119.803 Y112.867 E.03923
G1 X120.299 Y113.948 E.03927
G1 E-3.5 F3600
;WIPE_START
G1 F7200
G1 X119.803 Y112.867 E-.56495
G1 X119.06 Y111.94 E-.56431
G1 X119.612 Y111.388 E-.37074
;WIPE_END
G1 X120.299 Y117.052 F9000
G1 E5 F2400
G1 F2535
G1 X119.815 Y118.116 E.03859
G1 X119.061 Y119.061 E.03992
G1 X123.957 Y123.957 E.22861
G1 X126.765 Y121.149 E.13112
G1 X120.506 Y114.89 E.29225
G1 X120.506 Y116.11 E.04028
G1 X126.765 Y109.851 E.29225
G1 X129.573 Y112.658 E.13109
G1 X112.658 Y129.573 E.78982
G1 X114.343 Y131.257 E.07866
;LAYER_CHANGE
;Z:6.4
;HEIGHT:0.2
;BEFORE_LAYER_CHANGE
G92 E0
;6.4


G1 E-3.5 F3600
;WIPE_START
G1 F7200
G1 X112.658 Y129.573 E-1.13157
G1 X113.206 Y129.025 E-.36843
;WIPE_END
G1 Z6.4 F9000
;AFTER_LAYER_CHANGE
;6.4
G1 X115.006 Y120.206
G1 E5 F2400
;TYPE:Perimeter
;WIDTH:0.439999
G1 F1500
G1 X114.904 Y120.202 E.00337
G1 X114.132 Y120.038 E.02606
G1 X113.219 Y119.655 E.03269
G1 X112.592 Y119.24 E.02483
G1 X112.036 Y118.737 E.02476
G1 X111.447 Y117.957 E.03227
G1 X111.024 Y117.061 E.03271
G1 X110.798 Y116.096 E.03272
G1 X110.776 Y115.5 E.01969
G1 X110.798 Y114.904 E.01969
G1 X110.962 Y114.132 E.02606
G1 X111.345 Y113.219 E.03269
G1 X111.91 Y112.405 E.03272
G1 X112.632 Y111.726 E.03272
G1 X113.48 Y111.212 E.03274
G1 X114.415 Y110.886 E.03269
G1 X115.398 Y110.761 E.03272
G1 X115.945 Y110.778 E.01807
G1 X116.868 Y110.962 E.03107
G1 X117.781 Y111.345 E.03269
G1 X118.595 Y111.91 E.03272
G1 X119.274 Y112.632 E.03272
G1 X119.788 Y113.48 E.03274
G1 X120.114 Y114.415 E.03269
G1 X120.239 Y115.398 E.03272
G1 X120.156 Y116.386 E.03274
G1 X119.871 Y117.335 E.03272
G1 X119.394 Y118.203 E.0327
G1 X118.746 Y118.954 E.03275
G1 X117.957 Y119.553 E.03271
G1 X117.061 Y119.976 E.03271
G1 X116.096 Y120.202 E.03272
G1 X115.5 Y120.224 E.01969
G1 X115.066 Y120.208 E.01434
G1 X115.047 Y119.815 F9000
G1 F1500
G1 X114.986 Y119.814 E.00201
G1 X114.215 Y119.65 E.02603
G1 X113.38 Y119.292 E.03
G1 X112.819 Y118.914 E.02234
G1 X112.306 Y118.446 E.02293
G1 X111.768 Y117.724 E.02973
G1 X111.387 Y116.9 E.02997
G1 X111.186 Y116.014 E.03
G1 X111.174 Y115.5 E.01698
G1 X111.186 Y114.986 E.01698
G1 X111.35 Y114.215 E.02603
G1 X111.708 Y113.38 E.03
G1 X112.232 Y112.638 E.02999
G1 X112.898 Y112.021 E.02998
G1 X113.678 Y111.556 E.02998
G1 X114.538 Y111.263 E.03
G1 X115.44 Y111.156 E.02999
G1 X116.014 Y111.186 E.01898
G1 X116.785 Y111.35 E.02603
G1 X117.62 Y111.708 E.03
G1 X118.362 Y112.232 E.02999
G1 X118.979 Y112.898 E.02998
G1 X119.444 Y113.678 E.02998
G1 X119.737 Y114.538 E.03
G1 X119.844 Y115.44 E.02999
G1 X119.762 Y116.344 E.02997
G1 X119.493 Y117.212 E.03
G1 X119.05 Y118.005 E.02999
G1 X118.451 Y118.688 E.02999
G1 X117.724 Y119.232 E.02998
G1 X116.9 Y119.613 E.02997
G1 X116.014 Y119.814 E.03
G1 X115.5 Y119.826 E.01698
G1 X115.107 Y119.817 E.01298
G1 X115.086 Y119.435 F9000
;TYPE:External perimeter
;WIDTH:0.419999
G1 F1500
G1 X114.295 Y119.271 E.02533
G1 X113.538 Y118.938 E.02593
G1 X113.04 Y118.597 E.01892
G1 X112.569 Y118.162 E.0201
G1 X112.081 Y117.497 E.02586
G1 X111.741 Y116.742 E.02596
G1 X111.565 Y115.933 E.02596
G1 X111.561 Y115.106 E.02593
G1 X111.729 Y114.295 E.02597
G1 X112.062 Y113.538 E.02593
G1 X112.545 Y112.866 E.02595
G1 X113.157 Y112.309 E.02595
G1 X113.872 Y111.891 E.02597
G1 X114.658 Y111.632 E.02595
G1 X115.48 Y111.541 E.02593
G1 X115.933 Y111.565 E.01422
G1 X116.705 Y111.729 E.02475
G1 X117.462 Y112.062 E.02593
G1 X118.134 Y112.545 E.02595
G1 X118.691 Y113.157 E.02595
G1 X119.109 Y113.872 E.02597
G1 X119.368 Y114.658 E.02595
G1 X119.459 Y115.48 E.02593
G1 X119.377 Y116.304 E.02596
G1 X119.125 Y117.092 E.02594
G1 X118.714 Y117.811 E.02597
G1 X118.164 Y118.429 E.02594
G1 X117.497 Y118.919 E.02595
G1 X116.742 Y119.259 E.02596
G1 X115.933 Y119.435 E.02596
G1 X115.146 Y119.439 E.02468
G1 E-3.5 F3600
;WIPE_START
G1 F7200
G1 X115.086 Y119.435 E-.02856
G1 X114.295 Y119.271 E-.38372
G1 X113.538 Y118.938 E-.39283
G1 X113.04 Y118.597 E-.28669
G1 X112.569 Y118.162 E-.30454
G1 X112.44 Y117.986 E-.10366
;WIPE_END
G1 X115.5 Y132.847 F9000
G1 E5 F2400
;TYPE:Perimeter
;WIDTH:0.439999
G1 X98.153 Y115.5 E.80999
G1 X115.5 Y98.153 E.80999
G1 X132.847 Y115.5 E.80999
G1 X115.542 Y132.804 E.80801
G1 X115.5 Y133.408 F9000
G1 F2400
G1 X97.592 Y115.5 E.83619
G1 X115.5 Y97.592 E.83619
G1 X133.408 Y115.5 E.83619
G1 X115.542 Y133.366 E.83423
G1 X115.5 Y133.955 F9000
;TYPE:External perimeter
;WIDTH:0.419999
G1 F1500
G1 X97.045 Y115.5 E.81832
G1 X115.5 Y97.045 E.81832
G1 X133.955 Y115.5 E.81832
G1 X115.542 Y133.913 E.81646
G1 E-3.5 F3600
;WIPE_START
G1 F7200
G1 X115.5 Y133.955 E-.02821
G1 X113.309 Y131.764 E-1.47179
;WIPE_END
G1 X117.052 Y120.299 F9000
G1 E5 F2400
;TYPE:Internal infill
;WIDTH:0.44
G1 F2464
G1 X118.133 Y119.803 E.03927
G1 X119.06 Y119.06 E.03923
G1 X123.957 Y123.957 E.22866
G1 X126.765 Y121.149 E.13112
G1 X120.491 Y114.876 E.29293
G1 X120.544 Y115.372 E.01647
G1 X120.491 Y116.124 E.02489
G1 X126.765 Y109.851 E.29293
G1 X129.573 Y112.658 E.13109
G1 X112.658 Y129.573 E.78982
G1 X109.851 Y126.765 E.13109
G1 X116.11 Y120.506 E.29225
G1 X114.89 Y120.506 E.04028
G1 X121.149 Y126.765 E.29225
G1 X118.342 Y129.573 E.13109
G1 X101.427 Y112.658 E.78982
G1 X98.586 Y115.5 E.13268
G1 X101.427 Y118.342 E.13268
G1 X118.342 Y101.427 E.78982
G1 X121.149 Y104.235 E.13109
G1 X114.876 Y110.509 E.29293
G1 X115.373 Y110.456 E.0165
G1 X116.107 Y110.491 E.02426
G1 X109.851 Y104.235 E.29211
G1 X112.658 Y101.427 E.13109
G1 X129.573 Y118.342 E.78982
G1 X131.257 Y116.657 E.07866
G1 E-3.5 F3600
;WIPE_START
G1 F7200
G1 X129.573 Y118.342 E-1.13157
G1 X129.025 Y117.794 E-.36843
;WIPE_END
G1 X125.642 Y108.728 F9000
G1 E5 F2400
G1 F2464
G1 X123.957 Y107.043 E.07868
G1 X119.06 Y111.94 E.22866
G1 X118.117 Y111.185 E.03989
G1 X117.052 Y110.701 E.03862
G1 E-3.5 F3600
;WIPE_START
G1 F7200
G1 X118.117 Y111.185 E-.55566
G1 X119.06 Y111.94 E-.5738
G1 X119.612 Y111.388 E-.37054
;WIPE_END
G1 X110.701 Y113.948 F9000
G1 E5 F2400
G1 F2464
G1 X111.185 Y112.883 E.03862
G1 X111.94 Y111.94 E.03989
G1 X107.043 Y107.043 E.22866
G1 X104.235 Y109.851 E.13112
G1 X110.494 Y116.11 E.29225
G1 X110.494 Y114.89 E.04028
G1 X104.235 Y121.149 E.29225
G1 X107.043 Y123.957 E.13112
G1 X111.938 Y119.062 E.22856
G1 X111.196 Y118.133 E.03926
G1 X110.701 Y117.052 E.03926
;LAYER_CHANGE
;Z:6.6
;HEIGHT:0.2
;BEFORE_LAYER_CHANGE
G92 E0
;6.6


G1 E-3.5 F3600
;WIPE_START
G1 F7200
G1 X111.196 Y118.133 E-.56475
G1 X111.938 Y119.062 E-.56475
G1 X111.386 Y119.614 E-.3705
;WIPE_END
G1 Z6.6 F9000
;AFTER_LAYER_CHANGE
;6.6
G1 X111.001 Y116.961
G1 E5 F2400
;TYPE:Perimeter
;WIDTH:0.439999
G1 F1500
G1 X110.798 Y116.096 E.02934
G1 X110.776 Y115.5 E.01969
G1 X110.798 Y114.904 E.01969
G1 X110.962 Y114.132 E.02606
G1 X111.345 Y113.219 E.03269
G1 X111.91 Y112.405 E.03272
G1 X112.632 Y111.726 E.03272
G1 X113.48 Y111.212 E.03274
G1 X114.416 Y110.886 E.03272
G1 X115.398 Y110.761 E.03268
G1 X115.945 Y110.778 E.01807
G1 X116.868 Y110.962 E.03107
G1 X117.781 Y111.345 E.03269
G1 X118.595 Y111.91 E.03272
G1 X119.274 Y112.632 E.03272
G1 X119.706 Y113.32 E.02682
G1 X119.984 Y113.958 E.02298
G1 X120.202 Y114.904 E.03205
G1 X120.224 Y115.894 E.0327
G1 X120.038 Y116.868 E.03274
G1 X119.655 Y117.781 E.03269
G1 X119.089 Y118.596 E.03276
G1 X118.368 Y119.274 E.03268
G1 X117.52 Y119.788 E.03274
G1 X116.585 Y120.114 E.03269
G1 X115.602 Y120.239 E.03272
G1 X114.614 Y120.156 E.03274
G1 X113.665 Y119.871 E.03272
G1 X112.797 Y119.394 E.0327
G1 X112.046 Y118.746 E.03275
G1 X111.447 Y117.957 E.03271
G1 X111.024 Y117.061 E.03271
G1 X111.015 Y117.02 E.00139
G1 X111.374 Y116.84 F9000
G1 F1500
G1 X111.186 Y116.014 E.02797
G1 X111.174 Y115.5 E.01698
G1 X111.186 Y114.986 E.01698
G1 X111.35 Y114.215 E.02603
G1 X111.708 Y113.38 E.03
G1 X112.232 Y112.638 E.02999
G1 X112.898 Y112.021 E.02998
G1 X113.678 Y111.556 E.02998
G1 X114.538 Y111.263 E.03
G1 X115.44 Y111.156 E.02999
G1 X116.014 Y111.186 E.01898
G1 X116.785 Y111.35 E.02603
G1 X117.62 Y111.708 E.03
G1 X118.362 Y112.232 E.02999
G1 X118.979 Y112.898 E.02998
G1 X119.364 Y113.523 E.02424
G1 X119.618 Y114.111 E.02115
G1 X119.814 Y114.986 E.02961
G1 X119.826 Y115.894 E.02998
G1 X119.65 Y116.785 E.02999
G1 X119.292 Y117.62 E.03
G1 X118.768 Y118.362 E.02999
G1 X118.102 Y118.979 E.02998
G1 X117.322 Y119.444 E.02998
G1 X116.462 Y119.737 E.03
G1 X115.56 Y119.844 E.02999
G1 X114.656 Y119.762 E.02997
G1 X113.788 Y119.493 E.03
G1 X112.995 Y119.05 E.02999
G1 X112.312 Y118.451 E.02999
G1 X111.768 Y117.724 E.02998
G1 X111.387 Y116.9 E.02997
G1 X111.737 Y116.723 F9000
;TYPE:External perimeter
;WIDTH:0.419999
G1 F1500
G1 X111.565 Y115.933 E.02535
G1 X111.561 Y115.106 E.02593
G1 X111.729 Y114.295 E.02597
G1 X112.062 Y113.538 E.02593
G1 X112.545 Y112.866 E.02595
G1 X113.157 Y112.309 E.02595
G1 X113.872 Y111.891 E.02597
G1 X114.658 Y111.632 E.02595
G1 X115.48 Y111.541 E.02593
G1 X115.933 Y111.565 E.01422
G1 X116.705 Y111.729 E.02475
G1 X117.462 Y112.062 E.02593
G1 X118.134 Y112.545 E.02595
G1 X118.691 Y113.157 E.02595
G1 X119.032 Y113.721 E.02066
G1 X119.261 Y114.261 E.01839
G1 X119.435 Y115.067 E.02585
G1 X119.439 Y115.894 E.02593
G1 X119.271 Y116.705 E.02597
G1 X118.938 Y117.462 E.02593
G1 X118.455 Y118.135 E.02597
G1 X117.843 Y118.691 E.02593
G1 X117.128 Y119.109 E.02597
G1 X116.342 Y119.368 E.02595
G1 X115.52 Y119.459 E.02593
G1 X114.696 Y119.377 E.02596
G1 X113.908 Y119.125 E.02594
G1 X113.189 Y118.714 E.02597
G1 X112.571 Y118.164 E.02594
G1 X112.081 Y117.497 E.02595
G1 X111.757 Y116.779 E.0247
G1 E-3.5 F3600
;WIPE_START
G1 F7200
G1 X111.737 Y116.723 E-.02825
G1 X111.565 Y115.933 E-.38404
G1 X111.561 Y115.106 E-.39283
G1 X111.729 Y114.295 E-.3934
G1 X111.984 Y113.714 E-.30148
;WIPE_END
G1 X98.153 Y115.5 F9000
G1 E5 F2400
;TYPE:Perimeter
;WIDTH:0.439999
G1 X115.5 Y98.153 E.80999
G1 X132.847 Y115.5 E.80999
G1 X115.5 Y132.847 E.80999
G1 X98.196 Y115.542 E.80801
G1 X97.592 Y115.5 F9000
G1 F2400
G1 X115.5 Y97.592 E.83619
G1 X133.408 Y115.5 E.83619
G1 X115.5 Y133.408 E.83619
G1 X97.634 Y115.542 E.83423
G1 X97.045 Y115.5 F9000
;TYPE:External perimeter
;WIDTH:0.419999
G1 F1500
G1 X115.5 Y97.045 E.81832
G1 X133.955 Y115.5 E.81832
G1 X115.5 Y133.955 E.81832
G1 X97.087 Y115.542 E.81646
G1 E-3.5 F3600
;WIPE_START
G1 F7200
G1 X97.045 Y115.5 E-.02821
G1 X99.236 Y113.309 E-1.47179
;WIPE_END
G1 X99.743 Y116.657 F9000
G1 E5 F2400
;TYPE:Internal infill
;WIDTH:0.44
G1 F2517
G1 X101.427 Y118.342 E.07866
G1 X118.342 Y101.427 E.78982
G1 X121.149 Y104.235 E.13109
G1 X114.876 Y110.509 E.29293
G1 X115.374 Y110.456 E.01654
G1 X116.107 Y110.491 E.02423
G1 X109.851 Y104.235 E.29211
G1 X107.043 Y107.043 E.13112
G1 X111.94 Y111.94 E.22866
G1 X111.185 Y112.883 E.03989
G1 X110.701 Y113.948 E.03862
G1 E-3.5 F3600
;WIPE_START
G1 F7200
G1 X111.185 Y112.883 E-.55566
G1 X111.94 Y111.94 E-.5738
G1 X111.388 Y111.388 E-.37054
;WIPE_END
G1 X110.701 Y117.052 F9000
G1 E5 F2400
G1 F2517
G1 X111.196 Y118.133 E.03926
G1 X111.666 Y118.78 E.0264
G1 X111.94 Y119.06 E.01293
G1 X107.043 Y123.957 E.22866
G1 X104.235 Y121.149 E.13112
G1 X110.494 Y114.89 E.29225
G1 X110.493 Y116.108 E.04022
G1 X104.235 Y109.851 E.29218
G1 X101.427 Y112.658 E.13109
G1 X118.342 Y129.573 E.78982
G1 X116.657 Y131.257 E.07866
G1 E-3.5 F3600
;WIPE_START
G1 F7200
G1 X118.342 Y129.573 E-1.13157
G1 X117.794 Y129.025 E-.36843
;WIPE_END
G1 X131.257 Y114.343 F9000
G1 E5 F2400
G1 F2517
G1 X129.573 Y112.658 E.07866
G1 X112.658 Y129.573 E.78982
G1 X109.851 Y126.765 E.13109
G1 X116.126 Y120.489 E.29303
G1 X115.5 Y120.55 E.02077
G1 X114.874 Y120.489 E.02077
G1 X121.149 Y126.765 E.29303
G1 X123.957 Y123.957 E.13112
G1 X119.06 Y119.06 E.22866
G1 X119.815 Y118.117 E.03989
G1 X120.299 Y117.052 E.03862
G1 E-3.5 F3600
;WIPE_START
G1 F7200
G1 X119.815 Y118.117 E-.55566
G1 X119.06 Y119.06 E-.5738
G1 X119.612 Y119.612 E-.37054
;WIPE_END
G1 X117.052 Y110.701 F9000
G1 E5 F2400
G1 F2517
G1 X118.117 Y111.185 E.03862
G1 X119.06 Y111.94 E.03989
G1 X123.957 Y107.043 E.22866
G1 X126.765 Y109.851 E.13112
G1 X120.506 Y116.11 E.29225
G1 X120.507 Y114.892 E.04022
G1 X126.765 Y121.149 E.29218
G1 X129.573 Y118.342 E.13109
G1 X112.658 Y101.427 E.78982
G1 X114.343 Y99.743 E.07866
;LAYER_CHANGE
;Z:6.8
;HEIGHT:0.2
;BEFORE_LAYER_CHANGE
G92 E0
;6.8


G1 E-3.5 F3600
;WIPE_START
G1 F7200
G1 X112.658 Y101.427 E-1.13157
G1 X113.206 Y101.975 E-.36843
;WIPE_END
G1 Z6.8 F9000
;AFTER_LAYER_CHANGE
;6.8
G1 X115.007 Y110.811
G1 E5 F2400
;TYPE:Perimeter
;WIDTH:0.439999
G1 F1500
G1 X115.398 Y110.761 E.01301
G1 X115.945 Y110.778 E.01807
G1 X116.868 Y110.962 E.03107
G1 X117.781 Y111.345 E.03269
G1 X118.595 Y111.91 E.03272
G1 X119.274 Y112.632 E.03272
G1 X119.788 Y113.48 E.03274
G1 X120.114 Y114.415 E.03269
G1 X120.239 Y115.398 E.03272
G1 X120.156 Y116.386 E.03274
G1 X119.871 Y117.335 E.03272
G1 X119.394 Y118.203 E.0327
G1 X118.746 Y118.954 E.03275
G1 X117.957 Y119.553 E.03271
G1 X117.061 Y119.976 E.03271
G1 X116.096 Y120.202 E.03272
G1 X115.5 Y120.224 E.01969
G1 X114.904 Y120.202 E.01969
G1 X114.132 Y120.038 E.02606
G1 X113.218 Y119.655 E.03272
G1 X112.605 Y119.251 E.02424
G1 X112.037 Y118.738 E.02527
G1 X111.447 Y117.957 E.03232
G1 X111.024 Y117.061 E.03271
G1 X110.798 Y116.096 E.03272
G1 X110.776 Y115.5 E.01969
G1 X110.798 Y114.904 E.01969
G1 X110.962 Y114.132 E.02606
G1 X111.345 Y113.219 E.03269
G1 X111.91 Y112.405 E.03272
G1 X112.632 Y111.726 E.03272
G1 X113.48 Y111.212 E.03274
G1 X114.416 Y110.886 E.03272
G1 X114.948 Y110.818 E.01771
G1 X115.048 Y111.203 F9000
G1 F1500
G1 X115.44 Y111.156 E.01304
G1 X116.014 Y111.186 E.01898
G1 X116.785 Y111.35 E.02603
G1 X117.62 Y111.708 E.03
G1 X118.362 Y112.232 E.02999
G1 X118.979 Y112.898 E.02998
G1 X119.444 Y113.678 E.02998
G1 X119.737 Y114.538 E.03
G1 X119.844 Y115.44 E.02999
G1 X119.762 Y116.344 E.02997
G1 X119.493 Y117.212 E.03
G1 X119.05 Y118.005 E.02999
G1 X118.451 Y118.688 E.02999
G1 X117.724 Y119.232 E.02998
G1 X116.9 Y119.613 E.02997
G1 X116.014 Y119.814 E.03
G1 X115.5 Y119.826 E.01698
G1 X114.986 Y119.814 E.01698
G1 X114.215 Y119.65 E.02603
G1 X113.38 Y119.292 E.03
G1 X112.832 Y118.924 E.02179
G1 X112.306 Y118.446 E.02347
G1 X111.768 Y117.724 E.02973
G1 X111.387 Y116.9 E.02997
G1 X111.186 Y116.014 E.03
G1 X111.174 Y115.5 E.01698
G1 X111.186 Y114.986 E.01698
G1 X111.35 Y114.215 E.02603
G1 X111.708 Y113.38 E.03
G1 X112.232 Y112.638 E.02999
G1 X112.898 Y112.021 E.02998
G1 X113.678 Y111.556 E.02998
G1 X114.538 Y111.263 E.03
G1 X114.989 Y111.21 E.01499
G1 X115.088 Y111.584 F9000
;TYPE:External perimeter
;WIDTH:0.419999
G1 F1500
G1 X115.48 Y111.541 E.01236
G1 X115.933 Y111.565 E.01422
G1 X116.705 Y111.729 E.02475
G1 X117.462 Y112.062 E.02593
G1 X118.134 Y112.545 E.02595
G1 X118.691 Y113.157 E.02595
G1 X119.109 Y113.872 E.02597
G1 X119.368 Y114.658 E.02595
G1 X119.459 Y115.48 E.02593
G1 X119.377 Y116.304 E.02596
G1 X119.125 Y117.092 E.02594
G1 X118.714 Y117.811 E.02597
G1 X118.164 Y118.429 E.02594
G1 X117.497 Y118.919 E.02595
G1 X116.742 Y119.259 E.02596
G1 X115.933 Y119.435 E.02596
G1 X115.106 Y119.439 E.02593
G1 X114.295 Y119.271 E.02597
G1 X113.537 Y118.938 E.02596
G1 X113.052 Y118.606 E.01843
G1 X112.569 Y118.162 E.02057
G1 X112.081 Y117.497 E.02586
G1 X111.741 Y116.742 E.02596
G1 X111.565 Y115.933 E.02596
G1 X111.561 Y115.106 E.02593
G1 X111.729 Y114.295 E.02597
G1 X112.062 Y113.538 E.02593
G1 X112.545 Y112.866 E.02595
G1 X113.157 Y112.309 E.02595
G1 X113.872 Y111.891 E.02597
G1 X114.658 Y111.632 E.02595
G1 X115.029 Y111.591 E.0117
G1 E-3.5 F3600
;WIPE_START
G1 F7200
G1 X115.088 Y111.584 E-.02822
G1 X115.48 Y111.541 E-.18732
G1 X115.933 Y111.565 E-.21548
G1 X116.705 Y111.729 E-.37488
G1 X117.462 Y112.062 E-.39283
G1 X117.977 Y112.432 E-.30127
;WIPE_END
G1 X115.5 Y98.153 F9000
G1 E5 F2400
;TYPE:Perimeter
;WIDTH:0.439999
G1 X132.847 Y115.5 E.80999
G1 X115.5 Y132.847 E.80999
G1 X98.153 Y115.5 E.80999
G1 X115.458 Y98.196 E.80801
G1 X115.5 Y97.592 F9000
G1 F2400
G1 X133.408 Y115.5 E.83619
G1 X115.5 Y133.408 E.83619
G1 X97.592 Y115.5 E.83619
G1 X115.458 Y97.634 E.83423
G1 X115.5 Y97.045 F9000
;TYPE:External perimeter
;WIDTH:0.419999
G1 F1500
G1 X133.955 Y115.5 E.81832
G1 X115.5 Y133.955 E.81832
G1 X97.045 Y115.5 E.81832
G1 X115.458 Y97.087 E.81646
G1 E-3.5 F3600
;WIPE_START
G1 F7200
G1 X115.5 Y97.045 E-.02821
G1 X117.691 Y99.236 E-1.47179
;WIPE_END
G1 X116.657 Y99.743 F9000
G1 E5 F2400
;TYPE:Internal infill
;WIDTH:0.44
G1 F2541
G1 X118.342 Y101.427 E.07866
G1 X101.427 Y118.342 E.78982
G1 X104.235 Y121.149 E.13109
G1 X110.494 Y114.89 E.29225
G1 X110.494 Y116.11 E.04028
G1 X104.235 Y109.851 E.29225
G1 X101.427 Y112.658 E.13109
G1 X118.342 Y129.573 E.78982
G1 X121.149 Y126.765 E.13109
G1 X114.89 Y120.506 E.29225
G1 X116.11 Y120.506 E.04028
G1 X109.851 Y126.765 E.29225
G1 X112.658 Y129.573 E.13109
G1 X129.573 Y112.658 E.78982
G1 X126.765 Y109.851 E.13109
G1 X120.491 Y116.124 E.29293
G1 X120.544 Y115.372 E.02489
G1 X120.491 Y114.876 E.01647
G1 X126.765 Y121.149 E.29293
G1 X123.957 Y123.957 E.13112
G1 X119.06 Y119.06 E.22866
G1 X118.133 Y119.803 E.03923
G1 X117.052 Y120.299 E.03927
G1 E-3.5 F3600
;WIPE_START
G1 F7200
G1 X118.133 Y119.803 E-.56495
G1 X119.06 Y119.06 E-.56431
G1 X119.612 Y119.612 E-.37074
;WIPE_END
G1 X117.052 Y110.701 F9000
G1 E5 F2400
G1 F2541
G1 X118.117 Y111.185 E.03862
G1 X119.06 Y111.94 E.03989
G1 X123.957 Y107.043 E.22866
G1 X121.149 Y104.235 E.13112
G1 X114.876 Y110.509 E.29293
G1 X115.374 Y110.456 E.01654
G1 X116.107 Y110.491 E.02423
G1 X109.851 Y104.235 E.29211
G1 X112.658 Y101.427 E.13109
G1 X129.573 Y118.342 E.78982
G1 X131.257 Y116.657 E.07866
G1 E-3.5 F3600
;WIPE_START
G1 F7200
G1 X129.573 Y118.342 E-1.13157
G1 X129.025 Y117.794 E-.36843
;WIPE_END
G1 X108.728 Y105.358 F9000
G1 E5 F2400
G1 F2541
G1 X107.043 Y107.043 E.07868
G1 X111.94 Y111.94 E.22866
G1 X111.185 Y112.883 E.03989
G1 X110.701 Y113.948 E.03862
G1 E-3.5 F3600
;WIPE_START
G1 F7200
G1 X111.185 Y112.883 E-.55566
G1 X111.94 Y111.94 E-.5738
G1 X111.388 Y111.388 E-.37054
;WIPE_END
G1 X110.701 Y117.052 F9000
G1 E5 F2400
G1 F2541
G1 X111.196 Y118.133 E.03926
G1 X111.938 Y119.062 E.03926
G1 X107.043 Y123.957 E.22856
G1 X105.358 Y122.272 E.07868
;LAYER_CHANGE
;Z:7
;HEIGHT:0.2
;BEFORE_LAYER_CHANGE
G92 E0
;7


G1 E-3.5 F3600
;WIPE_START
G1 F7200
G1 X107.043 Y123.957 E-1.1319
G1 X107.591 Y123.409 E-.3681
;WIPE_END
G1 Z7 F9000
;AFTER_LAYER_CHANGE
;7
G1 X111.685 Y118.272
G1 E5 F2400
;TYPE:Perimeter
;WIDTH:0.439999
G1 F1500
G1 X111.447 Y117.957 E.01304
G1 X111.024 Y117.061 E.03271
G1 X110.798 Y116.096 E.03272
G1 X110.776 Y115.5 E.01969
G1 X110.798 Y114.904 E.01969
G1 X110.962 Y114.132 E.02606
G1 X111.345 Y113.219 E.03269
G1 X111.91 Y112.405 E.03272
G1 X112.632 Y111.726 E.03272
G1 X113.48 Y111.212 E.03274
G1 X114.416 Y110.886 E.03272
G1 X115.398 Y110.761 E.03268
G1 X116.386 Y110.844 E.03274
G1 X117.335 Y111.129 E.03272
G1 X118.203 Y111.606 E.0327
G1 X118.954 Y112.254 E.03275
G1 X119.553 Y113.043 E.03271
G1 X119.976 Y113.939 E.03271
G1 X120.202 Y114.904 E.03272
G1 X120.218 Y115.994 E.03599
G1 X120.038 Y116.868 E.02946
G1 X119.655 Y117.781 E.03269
G1 X119.192 Y118.467 E.02733
G1 X118.731 Y118.97 E.02253
G1 X117.957 Y119.553 E.03199
G1 X117.061 Y119.976 E.03271
G1 X116.096 Y120.202 E.03272
G1 X115.5 Y120.224 E.01969
G1 X114.904 Y120.202 E.01969
G1 X114.132 Y120.038 E.02606
G1 X113.218 Y119.655 E.03272
G1 X112.612 Y119.255 E.02397
G1 X112.037 Y118.738 E.02553
G1 X111.721 Y118.32 E.0173
G1 X112.004 Y118.04 F9000
G1 F1500
G1 X111.768 Y117.724 E.01302
G1 X111.387 Y116.9 E.02997
G1 X111.186 Y116.014 E.03
G1 X111.174 Y115.5 E.01698
G1 X111.186 Y114.986 E.01698
G1 X111.35 Y114.215 E.02603
G1 X111.708 Y113.38 E.03
G1 X112.232 Y112.638 E.02999
G1 X112.898 Y112.021 E.02998
G1 X113.678 Y111.556 E.02998
G1 X114.538 Y111.263 E.03
G1 X115.44 Y111.156 E.02999
G1 X116.344 Y111.238 E.02997
G1 X117.212 Y111.507 E.03
G1 X118.005 Y111.95 E.02999
G1 X118.688 Y112.549 E.02999
G1 X119.232 Y113.276 E.02998
G1 X119.613 Y114.1 E.02997
G1 X119.814 Y114.986 E.03
G1 X119.823 Y115.953 E.03193
G1 X119.65 Y116.785 E.02806
G1 X119.292 Y117.62 E.03
G1 X118.868 Y118.238 E.02475
G1 X118.443 Y118.698 E.02068
G1 X117.724 Y119.232 E.02957
G1 X116.9 Y119.613 E.02997
G1 X116.014 Y119.814 E.03
G1 X115.5 Y119.826 E.01698
G1 X114.986 Y119.814 E.01698
G1 X114.215 Y119.65 E.02603
G1 X113.38 Y119.292 E.03
G1 X112.838 Y118.929 E.02154
G1 X112.307 Y118.447 E.02368
G1 X112.04 Y118.088 E.01477
G1 X112.314 Y117.814 F9000
;TYPE:External perimeter
;WIDTH:0.419999
G1 F1500
G1 X112.081 Y117.497 E.01234
G1 X111.741 Y116.742 E.02596
G1 X111.565 Y115.933 E.02596
G1 X111.561 Y115.106 E.02593
G1 X111.729 Y114.295 E.02597
G1 X112.062 Y113.538 E.02593
G1 X112.545 Y112.866 E.02595
G1 X113.157 Y112.309 E.02595
G1 X113.872 Y111.891 E.02597
G1 X114.658 Y111.632 E.02595
G1 X115.48 Y111.541 E.02593
G1 X116.304 Y111.623 E.02596
G1 X117.092 Y111.875 E.02594
G1 X117.811 Y112.286 E.02597
G1 X118.429 Y112.836 E.02594
G1 X118.919 Y113.503 E.02595
G1 X119.259 Y114.258 E.02596
G1 X119.435 Y115.067 E.02596
G1 X119.439 Y115.894 E.02593
G1 X119.271 Y116.705 E.02597
G1 X118.938 Y117.462 E.02593
G1 X118.552 Y118.014 E.02112
G1 X118.161 Y118.432 E.01795
G1 X117.497 Y118.919 E.02582
G1 X116.742 Y119.259 E.02596
G1 X115.933 Y119.435 E.02596
G1 X115.106 Y119.439 E.02593
G1 X114.295 Y119.271 E.02597
G1 X113.537 Y118.938 E.02596
G1 X113.058 Y118.611 E.01818
G1 X112.569 Y118.162 E.02082
G1 X112.35 Y117.863 E.01162
G1 E-3.5 F3600
;WIPE_START
G1 F7200
G1 X112.314 Y117.814 E-.02888
G1 X112.081 Y117.497 E-.18687
G1 X111.741 Y116.742 E-.39331
G1 X111.565 Y115.933 E-.39326
G1 X111.561 Y115.106 E-.39283
G1 X111.606 Y114.89 E-.10485
;WIPE_END
G1 X98.153 Y115.5 F9000
G1 E5 F2400
;TYPE:Perimeter
;WIDTH:0.439999
G1 X115.5 Y98.153 E.80999
G1 X132.847 Y115.5 E.80999
G1 X115.5 Y132.847 E.80999
G1 X98.196 Y115.542 E.80801
G1 X97.592 Y115.5 F9000
G1 F2400
G1 X115.5 Y97.592 E.83619
G1 X133.408 Y115.5 E.83619
G1 X115.5 Y133.408 E.83619
G1 X97.634 Y115.542 E.83423
G1 X97.045 Y115.5 F9000
;TYPE:External perimeter
;WIDTH:0.419999
G1 F1500
G1 X115.5 Y97.045 E.81832
G1 X133.955 Y115.5 E.81832
G1 X115.5 Y133.955 E.81832
G1 X97.087 Y115.542 E.81646
G1 X98.634 Y115.5 F9000
;TYPE:Solid infill
;WIDTH:0.508162
G1 F2400
G1 X98.68 Y115.43 E.00324
;WIDTH:0.474095
G1 X98.726 Y115.36 E.003
;WIDTH:0.440028
G1 X115.36 Y98.726 E.77676
;WIDTH:0.474094
G1 X115.43 Y98.68 E.003
;WIDTH:0.50816
G1 X115.5 Y98.634 E.00324
G1 X115.57 Y98.68 E.00324
;WIDTH:0.474094
G1 X115.64 Y98.726 E.003
;WIDTH:0.440028
G1 X132.274 Y115.36 E.77676
;WIDTH:0.474094
G1 X132.32 Y115.43 E.003
;WIDTH:0.50816
G1 X132.366 Y115.5 E.00324
G1 X132.32 Y115.57 E.00324
;WIDTH:0.474094
G1 X132.274 Y115.64 E.003
;WIDTH:0.440028
G1 X115.64 Y132.274 E.77676
;WIDTH:0.474095
G1 X115.57 Y132.32 E.003
;WIDTH:0.508162
G1 X115.5 Y132.366 E.00324
G1 X115.43 Y132.32 E.00324
;WIDTH:0.474095
G1 X115.36 Y132.274 E.003
;WIDTH:0.440028
G1 X98.748 Y115.662 E.77573
G1 X100.024 Y116.376 F9000
;TYPE:Internal infill
;WIDTH:0.44
G1 F3000
G1 X101.708 Y118.061 E.07866
G1 X118.061 Y101.708 E.76358
G1 X120.869 Y104.516 E.13112
G1 X115.322 Y110.062 E.25899
G1 X115.678 Y110.062 E.01175
G1 X110.132 Y104.516 E.25896
G1 X107.324 Y107.324 E.13112
G1 X111.94 Y111.94 E.21554
G1 X112.639 Y111.344 E.03033
G1 X113.332 Y110.945 E.0264
G1 X114.326 Y110.593 E.03482
G1 X114.876 Y110.509 E.01837
G1 X115.084 Y110.301 E.00971
G1 X114.891 Y110.108 E.00901
G1 X115.125 Y110.083 E.00777
G1 X115.525 Y110.458 F9000
;TYPE:Solid infill
;WIDTH:0.458924
G1 F2400
G1 X116.414 Y110.549 E.03091
G1 X117.426 Y110.848 E.0365
;WIDTH:0.458482
G1 X118.351 Y111.35 E.03637
G1 X119.196 Y112.063 E.0382
;WIDTH:0.462544
G1 X119.789 Y112.866 E.03483
G1 X120.245 Y113.817 E.0368
;WIDTH:0.458412
G1 X120.519 Y114.955 E.04044
;WIDTH:0.440028
G1 X120.523 Y115.361 E.01341
G1 X120.92 Y115.894 F9000
;TYPE:Internal infill
;WIDTH:0.44
G1 F3000
G1 X120.92 Y116.137 E.00802
G1 X120.699 Y115.916 E.01032
G1 X120.506 Y116.11 E.00904
G1 X120.336 Y116.936 E.02784
G1 X119.932 Y117.91 E.03482
G1 X119.438 Y118.649 E.02935
G1 X119.062 Y119.062 E.01844
G1 X123.676 Y123.676 E.21544
G1 X126.484 Y120.869 E.13109
G1 X120.92 Y115.305 E.2598
G1 X120.92 Y115.695 E.01288
G1 X126.484 Y110.131 E.2598
G1 X123.676 Y107.324 E.13109
G1 X119.341 Y111.659 E.20242
G1 X118.577 Y111.011 E.03308
G1 X117.849 Y110.59 E.02777
G1 X117.348 Y110.395 E.01775
G1 E-3.5 F3600
;WIPE_START
G1 F7200
G1 X117.849 Y110.59 E-.25537
G1 X118.577 Y111.011 E-.39946
G1 X119.341 Y111.659 E-.47585
G1 X119.891 Y111.109 E-.36932
;WIPE_END
G1 X111.332 Y112.686 F9000
G1 E5 F2400
G1 F3000
G1 X111.068 Y113.09 E.01593
G1 X110.743 Y113.82 E.02638
G1 X110.494 Y114.89 E.03627
G1 X110.301 Y115.084 E.00904
G1 X110.08 Y114.863 E.01032
G1 X110.08 Y115.106 E.00802
G1 X110.477 Y115.529 F9000
;TYPE:Solid infill
;WIDTH:0.440028
G1 F2400
G1 X110.481 Y116.045 E.01704
;WIDTH:0.438952
G1 X110.674 Y116.928 E.02976
;WIDTH:0.41902
G1 X111.072 Y117.893 E.03264
;WIDTH:0.427094
G1 X111.663 Y118.765 E.03365
;WIDTH:0.439652
G1 X112.29 Y119.387 E.02913
G1 X112.888 Y119.806 E.02409
;WIDTH:0.420172
G1 X113.811 Y120.242 E.03202
;WIDTH:0.440082
G1 X114.951 Y120.518 E.03874
G1 X115.361 Y120.523 E.01354
G1 X115.894 Y120.92 F9000
;TYPE:Internal infill
;WIDTH:0.44
G1 F3000
G1 X116.137 Y120.92 E.00802
G1 X115.916 Y120.699 E.01032
G1 X116.11 Y120.506 E.00904
G1 X117.18 Y120.257 E.03627
G1 X117.911 Y119.932 E.02641
G1 X118.316 Y119.671 E.01591
G1 E-3.5 F3600
;WIPE_START
G1 F7200
G1 X117.911 Y119.932 E-.22886
G1 X117.18 Y120.257 E-.38
G1 X116.11 Y120.506 E-.52183
G1 X115.916 Y120.699 E-.12998
G1 X116.137 Y120.92 E-.14846
G1 X115.946 Y120.92 E-.09087
;WIPE_END
G1 X110.385 Y117.352 F9000
G1 E5 F2400
G1 F3000
G1 X110.863 Y118.349 E.03651
G1 X111.353 Y119.025 E.02757
G1 X111.657 Y119.343 E.01453
G1 X107.324 Y123.676 E.20232
G1 X104.516 Y120.869 E.13109
G1 X110.08 Y115.305 E.2598
G1 X110.08 Y115.695 E.01288
G1 X104.516 Y110.132 E.25978
G1 X101.708 Y112.939 E.13109
G1 X118.061 Y129.292 E.76358
G1 X120.869 Y126.484 E.13112
G1 X115.305 Y120.92 E.2598
G1 X115.695 Y120.92 E.01288
G1 X110.131 Y126.484 E.2598
G1 X112.939 Y129.292 E.13112
G1 X129.292 Y112.939 E.76358
G1 X131.853 Y115.5 E.11958
G1 X129.292 Y118.061 E.11958
G1 X112.939 Y101.708 E.76358
G1 X114.624 Y100.024 E.07866
;LAYER_CHANGE
;Z:7.2
;HEIGHT:0.2
;BEFORE_LAYER_CHANGE
G92 E0
;7.2


G1 E-3.5 F3600
;WIPE_START
G1 F7200
G1 X112.939 Y101.708 E-1.13157
G1 X113.487 Y102.256 E-.36843
;WIPE_END
G1 Z7.2 F9000
;AFTER_LAYER_CHANGE
;7.2
G1 X115.007 Y110.811
G1 E5 F2400
;TYPE:Perimeter
;WIDTH:0.439999
G1 F1500
G1 X115.398 Y110.761 E.01301
G1 X116.386 Y110.844 E.03274
G1 X117.335 Y111.129 E.03272
G1 X118.203 Y111.606 E.0327
G1 X118.954 Y112.254 E.03275
G1 X119.553 Y113.043 E.03271
G1 X119.976 Y113.939 E.03271
G1 X120.202 Y114.904 E.03272
G1 X120.224 Y115.894 E.0327
G1 X120.038 Y116.868 E.03274
G1 X119.655 Y117.781 E.03269
G1 X119.09 Y118.595 E.03272
G1 X118.367 Y119.274 E.03275
G1 X117.763 Y119.662 E.0237
G1 X117.051 Y119.98 E.02575
G1 X116.096 Y120.202 E.03237
G1 X115.5 Y120.224 E.01969
G1 X114.904 Y120.202 E.01969
G1 X114.132 Y120.038 E.02606
G1 X113.218 Y119.655 E.03272
G1 X112.618 Y119.26 E.02372
G1 X112.038 Y118.739 E.02574
G1 X111.447 Y117.957 E.03236
G1 X111.024 Y117.061 E.03271
G1 X110.798 Y116.096 E.03272
G1 X110.776 Y115.5 E.01969
G1 X110.798 Y114.904 E.01969
G1 X110.962 Y114.132 E.02606
G1 X111.345 Y113.219 E.03269
G1 X111.91 Y112.405 E.03272
G1 X112.632 Y111.726 E.03272
G1 X113.48 Y111.212 E.03274
G1 X114.416 Y110.886 E.03272
G1 X114.948 Y110.818 E.01771
G1 X115.048 Y111.203 F9000
G1 F1500
G1 X115.44 Y111.156 E.01304
G1 X116.344 Y111.238 E.02997
G1 X117.212 Y111.507 E.03
G1 X118.005 Y111.95 E.02999
G1 X118.688 Y112.549 E.02999
G1 X119.232 Y113.276 E.02998
G1 X119.613 Y114.1 E.02997
G1 X119.814 Y114.986 E.03
G1 X119.826 Y115.894 E.02998
G1 X119.65 Y116.785 E.02999
G1 X119.292 Y117.62 E.03
G1 X118.768 Y118.362 E.02999
G1 X118.102 Y118.979 E.02998
G1 X117.556 Y119.323 E.02131
G1 X116.893 Y119.615 E.02392
G1 X116.014 Y119.814 E.02976
G1 X115.5 Y119.826 E.01698
G1 X114.986 Y119.814 E.01698
G1 X114.215 Y119.65 E.02603
G1 X113.38 Y119.292 E.03
G1 X112.843 Y118.934 E.02131
G1 X112.307 Y118.447 E.02391
G1 X111.768 Y117.724 E.02978
G1 X111.387 Y116.9 E.02997
G1 X111.186 Y116.014 E.03
G1 X111.174 Y115.5 E.01698
G1 X111.186 Y114.986 E.01698
G1 X111.35 Y114.215 E.02603
G1 X111.708 Y113.38 E.03
G1 X112.232 Y112.638 E.02999
G1 X112.898 Y112.021 E.02998
G1 X113.678 Y111.556 E.02998
G1 X114.538 Y111.263 E.03
G1 X114.989 Y111.21 E.01499
G1 X115.088 Y111.584 F9000
;TYPE:External perimeter
;WIDTH:0.419999
G1 F1500
G1 X115.48 Y111.541 E.01236
G1 X116.304 Y111.623 E.02596
G1 X117.092 Y111.875 E.02594
G1 X117.811 Y112.286 E.02597
G1 X118.429 Y112.836 E.02594
G1 X118.919 Y113.503 E.02595
G1 X119.259 Y114.258 E.02596
G1 X119.435 Y115.067 E.02596
G1 X119.439 Y115.894 E.02593
G1 X119.271 Y116.705 E.02597
G1 X118.938 Y117.462 E.02593
G1 X118.455 Y118.134 E.02595
G1 X117.843 Y118.692 E.02597
G1 X117.355 Y118.993 E.01798
G1 X116.74 Y119.26 E.02102
G1 X115.933 Y119.435 E.02589
G1 X115.106 Y119.439 E.02593
G1 X114.295 Y119.271 E.02597
G1 X113.537 Y118.938 E.02596
G1 X113.063 Y118.615 E.01798
G1 X112.569 Y118.162 E.02102
G1 X112.081 Y117.497 E.02586
G1 X111.741 Y116.742 E.02596
G1 X111.565 Y115.933 E.02596
G1 X111.561 Y115.106 E.02593
G1 X111.729 Y114.295 E.02597
G1 X112.062 Y113.538 E.02593
G1 X112.545 Y112.866 E.02595
G1 X113.157 Y112.309 E.02595
G1 X113.872 Y111.891 E.02597
G1 X114.658 Y111.632 E.02595
G1 X115.029 Y111.591 E.0117
G1 E-3.5 F3600
;WIPE_START
G1 F7200
G1 X115.088 Y111.584 E-.02822
G1 X115.48 Y111.541 E-.18732
G1 X116.304 Y111.623 E-.39333
G1 X117.092 Y111.875 E-.39297
G1 X117.811 Y112.286 E-.39339
G1 X117.976 Y112.433 E-.10477
;WIPE_END
G1 X115.5 Y98.153 F9000
G1 E5 F2400
;TYPE:Perimeter
;WIDTH:0.439999
G1 X132.847 Y115.5 E.80999
G1 X115.5 Y132.847 E.80999
G1 X98.153 Y115.5 E.80999
G1 X115.458 Y98.196 E.80801
G1 X115.5 Y97.592 F9000
G1 F2400
G1 X133.408 Y115.5 E.83619
G1 X115.5 Y133.408 E.83619
G1 X97.592 Y115.5 E.83619
G1 X115.458 Y97.634 E.83423
G1 X115.5 Y97.045 F9000
;TYPE:External perimeter
;WIDTH:0.419999
G1 F1500
G1 X133.955 Y115.5 E.81832
G1 X115.5 Y133.955 E.81832
G1 X97.045 Y115.5 E.81832
G1 X115.458 Y97.087 E.81646
G1 E-3.5 F3600
;WIPE_START
G1 F7200
G1 X115.5 Y97.045 E-.02821
G1 X117.691 Y99.236 E-1.47179
;WIPE_END
G1 X113.399 Y109.707 F9000
G1 E5 F2400
;TYPE:Internal infill
;WIDTH:0.44
G1 F3000
G1 X113.945 Y109.161 E.02549
G1 X115.084 Y110.301 E.05321
G1 X114.876 Y110.509 E.00971
G1 X114.326 Y110.593 E.01837
G1 X113.332 Y110.945 E.03482
G1 X112.639 Y111.344 E.0264
G1 X111.94 Y111.94 E.03033
G1 X111.553 Y111.553 E.01807
G1 X109.161 Y113.945 E.11169
G1 X110.301 Y115.084 E.05321
G1 X110.494 Y114.89 E.00904
G1 X110.743 Y113.82 E.03627
G1 X111.068 Y113.09 E.02638
G1 X111.332 Y112.686 E.01593
G1 E-3.5 F3600
;WIPE_START
G1 F7200
G1 X111.068 Y113.09 E-.22924
G1 X110.743 Y113.82 E-.37956
G1 X110.494 Y114.89 E-.52183
G1 X110.301 Y115.084 E-.12998
G1 X109.945 Y114.728 E-.23939
;WIPE_END
G1 X119.671 Y118.316 F9000
G1 E5 F2400
G1 F3000
G1 X119.932 Y117.91 E.01594
G1 X120.257 Y117.18 E.02638
G1 X120.506 Y116.11 E.03627
G1 X120.699 Y115.916 E.00904
G1 X121.751 Y116.967 E.0491
G1 X119.359 Y119.359 E.11169
G1 X119.061 Y119.061 E.01391
G1 X118.568 Y119.505 E.02191
G1 X117.916 Y119.927 E.02564
G1 X117.167 Y120.263 E.0271
G1 X116.11 Y120.506 E.03581
G1 X115.916 Y120.699 E.00904
G1 X116.967 Y121.751 E.0491
G1 X117.601 Y121.117 E.0296
G1 E-3.5 F3600
;WIPE_START
G1 F7200
G1 X116.967 Y121.751 E-.42589
G1 X115.916 Y120.699 E-.70635
G1 X116.11 Y120.506 E-.12998
G1 X116.598 Y120.394 E-.23778
;WIPE_END
G1 X132.523 Y115.359 F9000
G1 E5 F2400
M204 S250
;TYPE:Bridge infill
;WIDTH:0.392132
;HEIGHT:0.389872
G1 F1500
G1 X115.499 Y132.383 E1.20883
G1 X115.187 Y132.07 E.02219
G1 X132.07 Y115.187 E1.19882
G1 X131.758 Y114.874 E.02219
G1 X114.874 Y131.758 E1.19889
G1 X114.561 Y131.445 E.02223
G1 X131.445 Y114.561 E1.19889
G1 X131.132 Y114.249 E.02219
G1 X114.249 Y131.132 E1.19882
G1 X113.936 Y130.82 E.02219
G1 X130.82 Y113.936 E1.19889
G1 X130.507 Y113.623 E.02223
G1 X113.623 Y130.507 E1.19889
G1 X113.311 Y130.195 E.02215
G1 X130.195 Y113.311 E1.19889
G1 X129.882 Y112.998 E.02223
G1 X112.998 Y129.882 E1.19889
G1 X112.685 Y129.569 E.02223
G1 X129.569 Y112.685 E1.19889
G1 X129.257 Y112.373 E.02215
G1 X112.373 Y129.257 E1.19889
G1 X112.06 Y128.944 E.02223
G1 X128.944 Y112.06 E1.19889
G1 X128.631 Y111.748 E.02219
G1 X111.748 Y128.631 E1.19882
G1 X111.435 Y128.319 E.02219
G1 X128.319 Y111.435 E1.19889
G1 X128.006 Y111.122 E.02223
G1 X111.122 Y128.006 E1.19889
G1 X110.81 Y127.694 E.02215
G1 X116.564 Y121.939 E.40861
G1 X116.251 Y121.627 E.02219
G1 X110.497 Y127.381 E.40858
G1 X110.184 Y127.068 E.02223
G1 X115.939 Y121.314 E.40861
G1 X115.626 Y121.001 E.02223
G1 X109.872 Y126.756 E.40861
G1 X109.559 Y126.443 E.02223
G1 X115.349 Y120.653 E.41113
G1 X115.341 Y120.544 E.00549
G1 X114.973 Y120.544 E.01848
G1 X114.856 Y120.521 E.00599
G1 X109.246 Y126.13 E.39832
G1 X108.934 Y125.818 E.02215
G1 X114.337 Y120.414 E.38369
G1 X114.058 Y120.357 E.0143
G1 X113.84 Y120.286 E.01151
G1 X108.621 Y125.505 E.37059
G1 X108.309 Y125.192 E.02219
G1 X113.405 Y120.096 E.36185
G1 X112.98 Y119.895 E.02361
G1 X107.996 Y124.88 E.35394
G1 X107.683 Y124.567 E.02223
G1 X112.607 Y119.644 E.3496
G1 X112.248 Y119.377 E.02246
G1 X107.371 Y124.255 E.34634
G1 X107.058 Y123.942 E.02223
G1 X111.923 Y119.077 E.34545
G1 X111.776 Y118.941 E.01006
G1 X111.621 Y118.754 E.0122
G1 X106.745 Y123.629 E.3462
G1 X106.433 Y123.317 E.02215
G1 X111.358 Y118.392 E.34971
G1 X111.106 Y118.019 E.0226
G1 X106.12 Y123.004 E.35401
G1 X105.807 Y122.691 E.02223
G1 X110.904 Y117.595 E.36189
G1 X110.714 Y117.16 E.02383
G1 X105.495 Y122.379 E.37059
G1 X105.182 Y122.066 E.02223
G1 X110.586 Y116.663 E.38369
G1 X110.479 Y116.144 E.02661
G1 X104.87 Y121.753 E.39828
G1 X104.557 Y121.441 E.02219
G1 X110.445 Y115.553 E.41809
G1 X110.196 Y115.571 E.01253
G1 X109.999 Y115.374 E.01399
G1 X104.244 Y121.128 E.40861
G1 X103.932 Y120.816 E.02215
G1 X109.686 Y115.061 E.40861
G1 X109.373 Y114.749 E.02219
G1 X103.619 Y120.503 E.40858
G1 X103.306 Y120.19 E.02223
G1 X109.201 Y114.296 E.41855
M204 S500
G1 E-3.5 F3600
;WIPE_START
G1 F7200
G1 X106.968 Y116.529 E-1.5
;WIPE_END
G1 X121.799 Y116.704 F9000
G1 E5 F2400
M204 S250
G1 F1500
G1 X127.694 Y110.81 E.41855
G1 X127.381 Y110.497 E.02223
G1 X121.627 Y116.251 E.40858
G1 X121.314 Y115.939 E.02219
G1 X127.068 Y110.184 E.40861
G1 X126.756 Y109.872 E.02215
G1 X121.001 Y115.626 E.40861
G1 X120.729 Y115.354 E.01931
G1 X120.653 Y115.349 E.00382
G1 X126.443 Y109.559 E.41113
G1 X126.13 Y109.246 E.02223
G1 X120.521 Y114.856 E.39832
G1 X120.414 Y114.337 E.02661
G1 X125.818 Y108.934 E.38369
G1 X125.505 Y108.621 E.02223
G1 X120.286 Y113.84 E.37059
G1 X120.096 Y113.405 E.02383
G1 X125.192 Y108.309 E.36185
G1 X124.88 Y107.996 E.02219
G1 X119.894 Y112.981 E.35401
G1 X119.639 Y112.612 E.02252
G1 X124.567 Y107.683 E.34996
G1 X124.255 Y107.371 E.02215
G1 X119.371 Y112.254 E.34676
G1 X119.226 Y112.061 E.01212
G1 X119.075 Y111.925 E.0102
G1 X123.942 Y107.058 E.34559
G1 X123.629 Y106.745 E.02223
G1 X118.747 Y111.628 E.34669
G1 X118.402 Y111.348 E.02231
G1 X123.317 Y106.433 E.349
G1 X123.004 Y106.12 E.02223
G1 X118.008 Y111.116 E.35475
G1 X117.606 Y110.893 E.02308
G1 X122.691 Y105.807 E.36111
G1 X122.379 Y105.495 E.02215
G1 X117.149 Y110.725 E.37137
G1 X116.676 Y110.572 E.02496
G1 X122.066 Y105.182 E.38273
G1 X121.753 Y104.87 E.02219
G1 X116.135 Y110.488 E.39892
G1 X115.563 Y110.435 E.02884
G1 X121.441 Y104.557 E.41738
G1 X121.128 Y104.244 E.02223
G1 X115.374 Y109.999 E.40861
G1 X115.061 Y109.686 E.02223
G1 X120.816 Y103.932 E.40861
G1 X120.503 Y103.619 E.02223
G1 X114.749 Y109.373 E.40858
G1 X114.436 Y109.061 E.02219
G1 X120.19 Y103.306 E.40861
G1 X119.878 Y102.994 E.02215
G1 X114.123 Y108.748 E.40861
G1 X113.945 Y108.569 E.01267
G1 X108.569 Y113.945 E.38174
G1 X108.748 Y114.123 E.01267
G1 X102.994 Y119.878 E.40861
G1 X102.681 Y119.565 E.02223
G1 X119.565 Y102.681 E1.19889
G1 X119.252 Y102.369 E.02219
G1 X102.369 Y119.252 E1.19882
G1 X102.056 Y118.94 E.02219
G1 X118.94 Y102.056 E1.19889
G1 X118.627 Y101.743 E.02223
G1 X101.743 Y118.627 E1.19889
G1 X101.431 Y118.314 E.02219
G1 X118.314 Y101.431 E1.19882
G1 X118.002 Y101.118 E.02219
G1 X101.118 Y118.002 E1.19889
G1 X100.805 Y117.689 E.02223
G1 X117.689 Y100.805 E1.19889
G1 X117.377 Y100.493 E.02215
G1 X100.493 Y117.377 E1.19889
G1 X100.18 Y117.064 E.02223
G1 X117.064 Y100.18 E1.19889
G1 X116.751 Y99.867 E.02223
G1 X99.867 Y116.751 E1.19889
G1 X99.555 Y116.439 E.02215
G1 X116.439 Y99.555 E1.19889
G1 X116.126 Y99.242 E.02223
G1 X99.242 Y116.126 E1.19889
G1 X98.93 Y115.813 E.02219
G1 X115.813 Y98.93 E1.19882
G1 X115.501 Y98.617 E.02219
G1 X98.477 Y115.641 E1.20883
M204 S500
;LAYER_CHANGE
;Z:7.4
;HEIGHT:0.2
;BEFORE_LAYER_CHANGE
G92 E0
;7.4


G1 E-3.5 F3600
;WIPE_START
G1 F7200
G1 X100.71 Y113.408 E-1.5
;WIPE_END
G1 Z7.4 F9000
;AFTER_LAYER_CHANGE
;7.4
G1 X110.794 Y115.994
G1 E5 F2400
;TYPE:Perimeter
;WIDTH:0.439999
G1 F1500
G1 X110.776 Y115.5 E.01632
G1 X110.798 Y114.904 E.01969
G1 X110.962 Y114.132 E.02606
G1 X111.345 Y113.219 E.03269
G1 X111.91 Y112.405 E.03272
G1 X112.632 Y111.726 E.03272
G1 X113.48 Y111.212 E.03274
G1 X114.416 Y110.886 E.03272
G1 X115.398 Y110.761 E.03268
G1 X115.945 Y110.778 E.01807
G1 X116.868 Y110.962 E.03107
G1 X117.781 Y111.345 E.03269
G1 X118.595 Y111.91 E.03272
G1 X119.274 Y112.632 E.03272
G1 X119.72 Y113.347 E.02782
G1 X119.985 Y113.961 E.02208
G1 X120.202 Y114.904 E.03195
G1 X120.218 Y115.994 E.03599
G1 X120.038 Y116.868 E.02946
G1 X119.655 Y117.781 E.03269
G1 X119.183 Y118.479 E.02782
G1 X118.73 Y118.971 E.02208
G1 X117.957 Y119.553 E.03195
G1 X117.061 Y119.976 E.03271
G1 X116.096 Y120.202 E.03272
G1 X115.5 Y120.224 E.01969
G1 X114.904 Y120.202 E.01969
G1 X114.132 Y120.038 E.02606
G1 X113.218 Y119.655 E.03272
G1 X112.624 Y119.265 E.02346
G1 X112.038 Y118.739 E.026
G1 X111.447 Y117.957 E.03236
G1 X111.024 Y117.061 E.03271
G1 X110.798 Y116.096 E.03272
G1 X110.796 Y116.054 E.00139
G1 X111.185 Y115.953 F9000
G1 F1500
G1 X111.174 Y115.5 E.01496
G1 X111.186 Y114.986 E.01698
G1 X111.35 Y114.215 E.02603
G1 X111.708 Y113.38 E.03
G1 X112.232 Y112.638 E.02999
G1 X112.898 Y112.021 E.02998
G1 X113.678 Y111.556 E.02998
G1 X114.538 Y111.263 E.03
G1 X115.44 Y111.156 E.02999
G1 X116.014 Y111.186 E.01898
G1 X116.785 Y111.35 E.02603
G1 X117.62 Y111.708 E.03
G1 X118.362 Y112.232 E.02999
G1 X118.979 Y112.898 E.02998
G1 X119.378 Y113.55 E.02524
G1 X119.618 Y114.113 E.02021
G1 X119.814 Y114.986 E.02954
G1 X119.823 Y115.953 E.03193
G1 X119.65 Y116.785 E.02806
G1 X119.292 Y117.62 E.03
G1 X118.859 Y118.249 E.02521
G1 X118.442 Y118.698 E.02023
G1 X117.724 Y119.232 E.02954
G1 X116.9 Y119.613 E.02997
G1 X116.014 Y119.814 E.03
G1 X115.5 Y119.826 E.01698
G1 X114.986 Y119.814 E.01698
G1 X114.215 Y119.65 E.02603
G1 X113.38 Y119.292 E.03
G1 X112.849 Y118.938 E.02107
G1 X112.307 Y118.447 E.02415
G1 X111.768 Y117.724 E.02978
G1 X111.387 Y116.9 E.02997
G1 X111.186 Y116.014 E.03
G1 X111.565 Y115.914 F9000
;TYPE:External perimeter
;WIDTH:0.419999
G1 F1500
G1 X111.561 Y115.106 E.02533
G1 X111.729 Y114.295 E.02597
G1 X112.062 Y113.538 E.02593
G1 X112.545 Y112.866 E.02595
G1 X113.157 Y112.309 E.02595
G1 X113.872 Y111.891 E.02597
G1 X114.658 Y111.632 E.02595
G1 X115.48 Y111.541 E.02593
G1 X115.933 Y111.565 E.01422
G1 X116.705 Y111.729 E.02475
G1 X117.462 Y112.062 E.02593
G1 X118.134 Y112.545 E.02595
G1 X118.691 Y113.157 E.02595
G1 X119.045 Y113.747 E.02157
G1 X119.261 Y114.262 E.01751
G1 X119.435 Y115.067 E.02582
G1 X119.439 Y115.894 E.02593
G1 X119.271 Y116.705 E.02597
G1 X118.938 Y117.462 E.02593
G1 X118.543 Y118.025 E.02156
G1 X118.161 Y118.432 E.0175
G1 X117.497 Y118.919 E.02582
G1 X116.742 Y119.259 E.02596
G1 X115.933 Y119.435 E.02596
G1 X115.106 Y119.439 E.02593
G1 X114.295 Y119.271 E.02597
G1 X113.537 Y118.938 E.02596
G1 X113.069 Y118.62 E.01774
G1 X112.57 Y118.162 E.02124
G1 X112.081 Y117.497 E.02588
G1 X111.741 Y116.742 E.02596
G1 X111.573 Y115.973 E.02468
G1 E-3.5 F3600
;WIPE_START
G1 F7200
G1 X111.565 Y115.914 E-.02828
G1 X111.561 Y115.106 E-.3838
G1 X111.729 Y114.295 E-.3934
G1 X112.062 Y113.538 E-.39283
G1 X112.432 Y113.022 E-.30169
;WIPE_END
G1 X98.153 Y115.5 F9000
G1 E5 F2400
;TYPE:Perimeter
;WIDTH:0.439999
G1 X115.5 Y98.154 E.80997
G1 X132.847 Y115.5 E.80997
G1 X115.5 Y132.846 E.80997
G1 X98.196 Y115.542 E.80798
G1 X97.592 Y115.5 F9000
G1 F2400
G1 X115.5 Y97.592 E.83619
G1 X133.408 Y115.5 E.83619
G1 X115.5 Y133.408 E.83619
G1 X97.634 Y115.542 E.83423
G1 X97.045 Y115.5 F9000
;TYPE:External perimeter
;WIDTH:0.419999
G1 F1500
G1 X115.5 Y97.045 E.81832
G1 X133.955 Y115.5 E.81832
G1 X115.5 Y133.955 E.81832
G1 X97.087 Y115.542 E.81646
G1 E-3.5 F3600
;WIPE_START
G1 F7200
G1 X97.045 Y115.5 E-.02821
G1 X99.236 Y113.309 E-1.47179
;WIPE_END
G1 X111.329 Y118.316 F9000
G1 E5 F2400
;TYPE:Internal infill
;WIDTH:0.44
G1 F3000
G1 X111.068 Y117.911 E.01591
G1 X110.743 Y117.18 E.02641
G1 X110.494 Y116.11 E.03627
G1 X109.41 Y115.026 E.05062
G1 X109.385 Y115.5 E.01567
G1 X109.41 Y115.974 E.01567
G1 X110.494 Y114.89 E.05062
G1 X110.743 Y113.82 E.03627
G1 X111.068 Y113.09 E.02638
G1 X111.332 Y112.686 E.01593
G1 E-3.5 F3600
;WIPE_START
G1 F7200
G1 X111.068 Y113.09 E-.22924
G1 X110.743 Y113.82 E-.37956
G1 X110.494 Y114.89 E-.52183
G1 X109.944 Y115.44 E-.36937
;WIPE_END
G1 X113.146 Y109.863 F9000
G1 E5 F2400
G1 F3000
G1 X112.443 Y110.204 E.0258
G1 X111.906 Y110.553 E.02115
G1 X111.182 Y111.182 E.03167
G1 X111.94 Y111.94 E.03539
G1 X112.639 Y111.344 E.03033
G1 X113.332 Y110.945 E.0264
G1 X114.326 Y110.593 E.03482
G1 X114.876 Y110.509 E.01837
G1 X115.974 Y109.41 E.05129
G1 X115.028 Y109.412 E.03123
G1 X116.107 Y110.491 E.05038
G1 X117.18 Y110.743 E.03639
G1 X117.91 Y111.068 E.02638
G1 X118.311 Y111.33 E.01582
G1 E-3.5 F3600
;WIPE_START
G1 F7200
G1 X117.91 Y111.068 E-.22753
G1 X117.18 Y110.743 E-.37956
G1 X116.107 Y110.491 E-.52354
G1 X115.557 Y109.941 E-.36937
;WIPE_END
G1 X121.137 Y113.146 F9000
G1 E5 F2400
G1 F3000
G1 X120.796 Y112.443 E.0258
G1 X120.447 Y111.906 E.02115
G1 X119.818 Y111.182 E.03167
G1 X119.06 Y111.94 E.03539
G1 X119.505 Y112.432 E.0219
G1 X119.986 Y113.197 E.02984
G1 X120.336 Y114.064 E.03087
G1 X120.506 Y114.89 E.02784
G1 X121.59 Y115.974 E.05062
G1 X121.587 Y115.028 E.03123
G1 X120.506 Y116.11 E.0505
G1 X120.336 Y116.936 E.02784
G1 X119.932 Y117.91 E.03482
G1 X119.428 Y118.662 E.02989
G1 X119.062 Y119.062 E.0179
G1 X119.818 Y119.818 E.0353
G1 X119.094 Y120.447 E.03167
G1 X118.557 Y120.796 E.02115
G1 X117.854 Y121.137 E.0258
G1 X118.316 Y119.671 F9000
G1 F3000
G1 X117.911 Y119.932 E.01591
G1 X117.18 Y120.257 E.02641
G1 X116.11 Y120.506 E.03627
G1 X115.028 Y121.587 E.0505
G1 X115.974 Y121.59 E.03123
G1 X114.89 Y120.506 E.05062
G1 X114.064 Y120.336 E.02784
G1 X113.089 Y119.932 E.03485
G1 X112.315 Y119.409 E.03084
G1 X111.938 Y119.062 E.01692
G1 X111.182 Y119.818 E.0353
G1 X111.906 Y120.447 E.03167
G1 X112.443 Y120.796 E.02115
G1 X113.146 Y121.137 E.0258
G1 E-3.5 F3600
;WIPE_START
G1 F7200
G1 X112.443 Y120.796 E-.37114
G1 X111.906 Y120.447 E-.30421
G1 X111.182 Y119.818 E-.45556
G1 X111.732 Y119.268 E-.36909
;WIPE_END
G1 X115.64 Y132.274 F9000
G1 E5 F2400
;TYPE:Solid infill
;WIDTH:0.439999
G1 X98.726 Y115.36 E.78977
G1 X98.586 Y115.43 E.00517
;WIDTH:0.41146
G1 X98.445 Y115.5 E.00482
;WIDTH:0.38292
G1 X115.5 Y132.555 E.68188
;WIDTH:0.439999
G1 X115.921 Y131.993 E.02318
G1 X99.007 Y115.079 E.78977
G1 X99.288 Y114.798 E.01312
G1 X116.202 Y131.712 E.78977
G1 X116.483 Y131.431 E.01312
G1 X99.569 Y114.517 E.78977
G1 X99.849 Y114.236 E.0131
G1 X116.764 Y131.151 E.78982
G1 X117.044 Y130.87 E.0131
G1 X100.13 Y113.956 E.78977
G1 X100.411 Y113.675 E.01312
G1 X117.325 Y130.589 E.78977
G1 X117.606 Y130.308 E.01312
G1 X100.692 Y113.394 E.78977
G1 X100.972 Y113.113 E.0131
G1 X117.887 Y130.028 E.78982
G1 X118.167 Y129.747 E.0131
G1 X101.253 Y112.833 E.78977
G1 X101.534 Y112.552 E.01312
G1 X118.448 Y129.466 E.78977
G1 X118.729 Y129.185 E.01312
G1 X101.815 Y112.271 E.78977
G1 X102.096 Y111.99 E.01312
G1 X119.01 Y128.904 E.78977
G1 X119.29 Y128.624 E.01307
G1 X102.376 Y111.71 E.78977
G1 X102.657 Y111.429 E.01312
G1 X109.731 Y118.502 E.33029
G1 X109.838 Y118.643 E.00584
;WIDTH:0.41146
G1 X109.945 Y118.783 E.0054
;WIDTH:0.38292
G1 X110.325 Y119.26 E.01724
G1 X109.462 Y117.503 F9000
G1 F2400
G1 X109.507 Y117.645 E.00421
G1 X109.491 Y117.8 E.00441
;WIDTH:0.41146
G1 X109.4 Y117.659 E.00514
;WIDTH:0.439999
G1 X109.309 Y117.519 E.00551
G1 X102.938 Y111.148 E.29748
G1 X103.219 Y110.867 E.01312
G1 X109.116 Y116.764 E.27535
G1 X109.019 Y116.106 E.02196
G1 X103.499 Y110.586 E.25775
G1 X103.78 Y110.306 E.0131
G1 X108.988 Y115.514 E.24318
G1 X109.015 Y114.979 E.01769
G1 X104.061 Y110.025 E.23132
G1 X104.342 Y109.744 E.01312
G1 X109.077 Y114.479 E.22109
G1 X109.167 Y114.008 E.01583
G1 X104.623 Y109.463 E.2122
G1 X104.903 Y109.183 E.01307
G1 X109.286 Y113.565 E.20463
G1 X109.435 Y113.153 E.01447
G1 X105.184 Y108.902 E.19849
G1 X105.465 Y108.621 E.01312
G1 X109.599 Y112.755 E.19303
G1 X109.789 Y112.383 E.01379
G1 X105.746 Y108.34 E.18878
G1 X106.026 Y108.059 E.0131
G1 X109.998 Y112.031 E.18547
G1 X110.219 Y111.691 E.01339
G1 X106.307 Y107.779 E.18266
G1 X106.588 Y107.498 E.01312
G1 X110.469 Y111.379 E.18122
G1 X110.727 Y111.075 E.01316
G1 X106.869 Y107.217 E.18014
G1 X107.15 Y106.936 E.01312
G1 X111.008 Y110.795 E.18017
G1 X111.304 Y110.529 E.01314
G1 X107.43 Y106.656 E.18087
G1 X107.711 Y106.375 E.01312
G1 X111.614 Y110.278 E.18224
G1 X111.949 Y110.051 E.01336
G1 X107.992 Y106.094 E.18477
G1 X108.273 Y105.813 E.01312
G1 X112.294 Y109.834 E.18775
G1 X112.666 Y109.645 E.01378
G1 X108.553 Y105.532 E.19205
G1 X108.834 Y105.252 E.0131
G1 X113.055 Y109.472 E.19707
G1 X113.461 Y109.317 E.01435
G1 X109.115 Y104.971 E.20293
G1 X109.396 Y104.69 E.01312
G1 X113.901 Y109.195 E.21035
G1 X114.363 Y109.096 E.0156
G1 X109.677 Y104.409 E.21883
G1 X109.957 Y104.129 E.01307
G1 X114.851 Y109.022 E.22849
G1 X115.39 Y108.999 E.01781
G1 X110.238 Y103.848 E.24054
G1 X110.519 Y103.567 E.01312
G1 X115.964 Y109.012 E.25425
G1 X116.604 Y109.09 E.02129
G1 X110.8 Y103.286 E.27101
G1 X111.08 Y103.005 E.0131
G1 X117.333 Y109.258 E.29197
G1 X117.403 Y109.354 E.00392
;WIDTH:0.41146
G1 X117.473 Y109.449 E.00362
;WIDTH:0.38292
G1 X117.614 Y109.427 E.00403
G1 X118.497 Y109.753 F9000
G1 F2400
G1 X118.478 Y109.825 E.00211
G1 X118.549 Y109.805 E.00209
G1 X118.538 Y109.764 E.0012
;WIDTH:0.41146
G1 X118.382 Y109.677 E.00547
;WIDTH:0.439999
G1 X118.227 Y109.59 E.00587
G1 X111.361 Y102.725 E.32057
G1 E-3.5 F3600
;WIPE_START
G1 F7200
G1 X113.594 Y104.958 E-1.5
;WIPE_END
G1 X111.74 Y120.675 F9000
G1 E5 F2400
;WIDTH:0.38292
G1 X112.217 Y121.061 E.01735
;WIDTH:0.41146
G1 X112.357 Y121.165 E.00534
;WIDTH:0.439999
G1 X112.498 Y121.269 E.00578
G1 X119.571 Y128.343 E.33029
G1 X119.852 Y128.062 E.01312
G1 X113.481 Y121.691 E.29748
G1 X113.49 Y121.615 E.00253
;WIDTH:0.41146
G1 X113.498 Y121.539 E.00234
;WIDTH:0.38292
G1 X113.355 Y121.493 E.00425
G1 X113.2 Y121.507 E.0044
G1 X114.236 Y121.884 F9000
;WIDTH:0.439999
G1 F2400
G1 X120.133 Y127.781 E.27535
G1 X120.414 Y127.501 E.0131
G1 X114.89 Y121.977 E.25793
G1 X115.486 Y122.011 E.01971
G1 X120.694 Y127.22 E.2432
G1 X120.975 Y126.939 E.01312
G1 X116.021 Y121.985 E.23132
G1 X116.521 Y121.923 E.01664
G1 X121.256 Y126.658 E.22109
G1 X121.537 Y126.377 E.01312
G1 X116.992 Y121.833 E.2122
G1 X117.435 Y121.714 E.01515
G1 X121.817 Y126.097 E.20463
G1 X122.098 Y125.816 E.01312
G1 X117.847 Y121.565 E.19849
G1 X118.245 Y121.401 E.01421
G1 X122.379 Y125.535 E.19303
G1 X122.66 Y125.254 E.01312
G1 X118.617 Y121.211 E.18878
G1 X118.969 Y121.002 E.01352
G1 X122.941 Y124.974 E.18547
G1 X123.221 Y124.693 E.0131
G1 X119.309 Y120.781 E.18266
G1 X119.621 Y120.531 E.0132
G1 X123.502 Y124.412 E.18122
G1 X123.783 Y124.131 E.01312
G1 X119.925 Y120.273 E.18014
G1 X120.205 Y119.992 E.0131
G1 X124.064 Y123.85 E.18017
G1 X124.344 Y123.57 E.01307
G1 X120.47 Y119.695 E.18091
G1 X120.72 Y119.383 E.0132
G1 X124.625 Y123.289 E.18236
G1 X124.906 Y123.008 E.01312
G1 X120.949 Y119.051 E.18477
G1 X121.166 Y118.706 E.01346
G1 X125.187 Y122.727 E.18775
G1 X125.468 Y122.447 E.0131
G1 X121.355 Y118.334 E.19205
G1 X121.528 Y117.945 E.01406
G1 X125.748 Y122.166 E.19707
G1 X126.029 Y121.885 E.01312
G1 X121.683 Y117.539 E.20293
G1 X121.805 Y117.099 E.01508
G1 X126.31 Y121.604 E.21035
G1 X126.591 Y121.323 E.01312
G1 X121.904 Y116.637 E.21883
G1 X121.978 Y116.15 E.01626
G1 X126.871 Y121.043 E.22847
G1 X127.152 Y120.762 E.01312
G1 X122.006 Y115.616 E.24028
G1 X121.985 Y115.033 E.01926
G1 X127.433 Y120.481 E.25439
G1 X127.714 Y120.2 E.01312
G1 X121.91 Y114.396 E.27101
G1 X121.55 Y113.527 F9000
;WIDTH:0.38292
G1 F2400
G1 X121.571 Y113.388 E.00397
;WIDTH:0.41146
G1 X121.656 Y113.528 E.00502
;WIDTH:0.439999
G1 X121.742 Y113.667 E.0054
G1 X127.995 Y119.92 E.29197
G1 X128.275 Y119.639 E.0131
G1 X121.41 Y112.773 E.32057
G1 E-3.5 F3600
;WIPE_START
G1 F7200
G1 X123.643 Y115.006 E-1.5
;WIPE_END
G1 X128.556 Y119.358 F9000
G1 E5 F2400
G1 X111.642 Y102.444 E.78977
G1 X111.923 Y102.163 E.01312
G1 X128.837 Y119.077 E.78977
G1 X129.118 Y118.796 E.01312
G1 X112.204 Y101.882 E.78977
G1 X112.484 Y101.602 E.01307
G1 X129.398 Y118.516 E.78977
G1 X129.679 Y118.235 E.01312
G1 X112.765 Y101.321 E.78977
G1 X113.046 Y101.04 E.01312
G1 X129.96 Y117.954 E.78977
G1 X130.241 Y117.673 E.01312
G1 X113.327 Y100.759 E.78977
G1 X113.607 Y100.478 E.0131
G1 X130.522 Y117.393 E.78982
G1 X130.802 Y117.112 E.0131
G1 X113.888 Y100.198 E.78977
G1 X114.169 Y99.917 E.01312
G1 X131.083 Y116.831 E.78977
G1 X131.364 Y116.55 E.01312
G1 X114.45 Y99.636 E.78977
G1 X114.731 Y99.355 E.01312
G1 X131.645 Y116.269 E.78977
G1 X131.925 Y115.989 E.01307
G1 X115.011 Y99.075 E.78977
G1 E-3.5 F3600
;WIPE_START
G1 F7200
G1 X117.244 Y101.308 E-1.5
;WIPE_END
G1 X132.206 Y115.708 F9000
G1 E5 F2400
G1 X115.292 Y98.794 E.78977
G1 X115.396 Y98.653 E.00578
;WIDTH:0.41146
G1 X115.5 Y98.513 E.00534
;WIDTH:0.38292
G1 X132.487 Y115.5 E.67916
;LAYER_CHANGE
;Z:7.6
;HEIGHT:0.2
;BEFORE_LAYER_CHANGE
G92 E0
;7.6


G1 E-3.5 F3600
;WIPE_START
G1 F7200
G1 X130.254 Y113.267 E-1.5
;WIPE_END
G1 Z7.6 F9000
;AFTER_LAYER_CHANGE
;7.6
G1 X120.215 Y115.5
G1 E5 F2400
;TYPE:Perimeter
;WIDTH:0.439999
G1 F1500
G1 X120.224 Y115.894 E.01301
G1 X120.038 Y116.868 E.03274
G1 X119.655 Y117.781 E.03269
G1 X119.178 Y118.485 E.02808
G1 X118.729 Y118.972 E.02187
G1 X117.957 Y119.553 E.0319
G1 X117.061 Y119.976 E.03271
G1 X116.096 Y120.202 E.03272
G1 X115.5 Y120.224 E.01969
G1 X114.904 Y120.202 E.01969
G1 X114.132 Y120.038 E.02606
G1 X113.219 Y119.655 E.03269
G1 X112.405 Y119.09 E.03272
G1 X111.815 Y118.477 E.02809
G1 X111.432 Y117.937 E.02186
G1 X111.025 Y117.061 E.03189
G1 X110.798 Y116.096 E.03273
G1 X110.776 Y115.5 E.01969
G1 X110.798 Y114.904 E.01969
G1 X110.962 Y114.132 E.02606
G1 X111.345 Y113.219 E.03269
G1 X111.91 Y112.405 E.03272
G1 X112.632 Y111.726 E.03272
G1 X113.48 Y111.212 E.03274
G1 X114.416 Y110.886 E.03272
G1 X115.398 Y110.761 E.03268
G1 X115.945 Y110.778 E.01807
G1 X116.868 Y110.962 E.03107
G1 X117.781 Y111.345 E.03269
G1 X118.595 Y111.91 E.03272
G1 X119.185 Y112.523 E.02809
G1 X119.568 Y113.063 E.02186
G1 X119.975 Y113.939 E.03189
G1 X120.202 Y114.904 E.03273
G1 X120.214 Y115.44 E.0177
G1 X119.821 Y115.5 F9000
G1 F1500
G1 X119.826 Y115.894 E.01301
G1 X119.65 Y116.785 E.02999
G1 X119.292 Y117.62 E.03
G1 X118.854 Y118.255 E.02547
G1 X118.441 Y118.699 E.02002
G1 X117.724 Y119.232 E.0295
G1 X116.9 Y119.613 E.02997
G1 X116.014 Y119.814 E.03
G1 X115.5 Y119.826 E.01698
G1 X114.986 Y119.814 E.01698
G1 X114.215 Y119.65 E.02603
G1 X113.38 Y119.292 E.03
G1 X112.638 Y118.768 E.02999
G1 X112.108 Y118.208 E.02546
G1 X111.76 Y117.712 E.02001
G1 X111.387 Y116.9 E.0295
G1 X111.186 Y116.014 E.03
G1 X111.174 Y115.5 E.01698
G1 X111.186 Y114.986 E.01698
G1 X111.35 Y114.215 E.02603
G1 X111.708 Y113.38 E.03
G1 X112.232 Y112.638 E.02999
G1 X112.898 Y112.021 E.02998
G1 X113.678 Y111.556 E.02998
G1 X114.538 Y111.263 E.03
G1 X115.44 Y111.156 E.02999
G1 X116.014 Y111.186 E.01898
G1 X116.785 Y111.35 E.02603
G1 X117.62 Y111.708 E.03
G1 X118.362 Y112.232 E.02999
G1 X118.892 Y112.792 E.02546
G1 X119.24 Y113.288 E.02001
G1 X119.613 Y114.1 E.0295
G1 X119.814 Y114.986 E.03
G1 X119.82 Y115.44 E.01499
G1 X119.437 Y115.5 F9000
;TYPE:External perimeter
;WIDTH:0.419999
G1 F1500
G1 X119.439 Y115.894 E.01235
G1 X119.271 Y116.705 E.02597
G1 X118.938 Y117.462 E.02593
G1 X118.539 Y118.031 E.02179
G1 X118.161 Y118.432 E.01728
G1 X117.497 Y118.919 E.02582
G1 X116.742 Y119.259 E.02596
G1 X115.933 Y119.435 E.02596
G1 X115.106 Y119.439 E.02593
G1 X114.295 Y119.271 E.02597
G1 X113.538 Y118.938 E.02593
G1 X112.866 Y118.455 E.02595
G1 X112.393 Y117.946 E.02179
G1 X112.079 Y117.493 E.01728
G1 X111.741 Y116.742 E.02582
G1 X111.565 Y115.933 E.02596
G1 X111.561 Y115.106 E.02593
G1 X111.729 Y114.295 E.02597
G1 X112.062 Y113.538 E.02593
G1 X112.545 Y112.866 E.02595
G1 X113.157 Y112.309 E.02595
G1 X113.872 Y111.891 E.02597
G1 X114.658 Y111.632 E.02595
G1 X115.48 Y111.541 E.02593
G1 X115.933 Y111.565 E.01422
G1 X116.705 Y111.729 E.02475
G1 X117.462 Y112.062 E.02593
G1 X118.134 Y112.545 E.02595
G1 X118.607 Y113.054 E.02179
G1 X118.921 Y113.507 E.01728
G1 X119.259 Y114.258 E.02582
G1 X119.435 Y115.067 E.02596
G1 X119.437 Y115.44 E.0117
G1 E-3.5 F3600
;WIPE_START
G1 F7200
G1 X119.437 Y115.5 E-.0285
G1 X119.439 Y115.894 E-.18715
G1 X119.271 Y116.705 E-.3934
G1 X118.938 Y117.462 E-.39283
G1 X118.539 Y118.031 E-.3301
G1 X118.296 Y118.289 E-.16802
;WIPE_END
G1 X132.847 Y115.5 F9000
G1 E5 F2400
;TYPE:Perimeter
;WIDTH:0.439999
G1 X115.5 Y132.847 E.80999
G1 X98.153 Y115.5 E.80999
G1 X115.5 Y98.153 E.80999
G1 X132.804 Y115.458 E.80801
G1 X133.408 Y115.5 F9000
G1 F2400
G1 X115.5 Y133.408 E.83619
G1 X97.592 Y115.5 E.83619
G1 X115.5 Y97.592 E.83619
G1 X133.366 Y115.458 E.83423
G1 X133.955 Y115.5 F9000
;TYPE:External perimeter
;WIDTH:0.419999
G1 F1500
G1 X115.5 Y133.955 E.81832
G1 X97.045 Y115.5 E.81832
G1 X115.5 Y97.045 E.81832
G1 X133.913 Y115.458 E.81646
G1 X132.556 Y115.386 F9000
;TYPE:Top solid infill
;WIDTH:0.400527
G1 F1800
G1 X115.5 Y132.442 E.71724
G1 X115.247 Y132.189 E.01064
G1 X132.189 Y115.247 E.71244
G1 X131.936 Y114.994 E.01064
G1 X114.994 Y131.936 E.71244
G1 X114.741 Y131.684 E.01062
G1 X131.684 Y114.741 E.71248
G1 X131.431 Y114.488 E.01064
G1 X114.488 Y131.431 E.71248
G1 X114.235 Y131.178 E.01064
G1 X131.178 Y114.235 E.71248
G1 X130.925 Y113.983 E.01062
G1 X113.983 Y130.925 E.71244
G1 X113.73 Y130.672 E.01064
G1 X130.672 Y113.73 E.71244
G1 X130.419 Y113.477 E.01064
G1 X113.477 Y130.419 E.71244
G1 X113.224 Y130.166 E.01064
G1 X130.166 Y113.224 E.71244
G1 X129.914 Y112.971 E.01062
G1 X112.971 Y129.914 E.71248
G1 X112.718 Y129.661 E.01064
G1 X129.661 Y112.718 E.71248
G1 X129.408 Y112.465 E.01064
G1 X112.465 Y129.408 E.71248
G1 X112.213 Y129.155 E.01062
G1 X129.155 Y112.213 E.71244
G1 X128.902 Y111.96 E.01064
G1 X111.96 Y128.902 E.71244
G1 X111.707 Y128.649 E.01064
G1 X128.649 Y111.707 E.71244
G1 X128.396 Y111.454 E.01064
G1 X121.142 Y118.708 E.30504
G1 X120.777 Y119.278 E.02013
G1 X120.318 Y119.851 E.02183
G1 X119.851 Y120.318 E.01964
G1 X119.323 Y120.747 E.02023
G1 X118.708 Y121.142 E.02173
G1 X111.454 Y128.396 E.30504
G1 X111.201 Y128.143 E.01064
G1 X117.772 Y121.573 E.2763
G1 X117.497 Y121.677 E.00874
G1 X117.039 Y121.8 E.0141
G1 X110.948 Y127.891 E.25614
G1 X110.695 Y127.638 E.01064
G1 X116.413 Y121.92 E.24045
G1 X116.17 Y121.957 E.00731
G1 X115.853 Y121.974 E.00944
G1 X110.442 Y127.385 E.22754
G1 X110.19 Y127.132 E.01062
G1 X115.34 Y121.982 E.21657
G1 X114.864 Y121.952 E.01418
G1 X109.937 Y126.879 E.20719
G1 X109.684 Y126.626 E.01064
G1 X114.417 Y121.893 E.19903
G1 X113.995 Y121.809 E.01279
G1 X109.431 Y126.373 E.19192
G1 X109.178 Y126.121 E.01062
G1 X113.596 Y121.702 E.18581
G1 X113.222 Y121.57 E.01179
G1 X108.925 Y125.868 E.18072
G1 X108.672 Y125.615 E.01064
G1 X112.857 Y121.43 E.17599
G1 X112.522 Y121.259 E.01118
G1 X108.42 Y125.362 E.17252
G1 X108.167 Y125.109 E.01064
G1 X112.193 Y121.083 E.1693
G1 X111.886 Y120.884 E.01088
G1 X107.914 Y124.856 E.16703
G1 X107.661 Y124.603 E.01064
G1 X111.589 Y120.675 E.16518
G1 X111.309 Y120.449 E.0107
G1 X107.408 Y124.35 E.16404
G1 X107.155 Y124.098 E.01062
G1 X111.042 Y120.211 E.16346
G1 X110.789 Y119.958 E.01064
G1 X106.902 Y123.845 E.16346
G1 X106.649 Y123.592 E.01064
G1 X110.551 Y119.691 E.16407
G1 X110.324 Y119.411 E.01072
G1 X106.397 Y123.339 E.16516
G1 X106.144 Y123.086 E.01064
G1 X110.116 Y119.114 E.16703
G1 X109.917 Y118.807 E.01088
G1 X105.891 Y122.833 E.1693
G1 X105.638 Y122.58 E.01064
G1 X109.741 Y118.478 E.17252
G1 X109.57 Y118.142 E.01121
G1 X105.385 Y122.328 E.17601
G1 X105.132 Y122.075 E.01064
G1 X109.429 Y117.777 E.18072
G1 X109.298 Y117.403 E.01178
G1 X104.879 Y121.822 E.18583
G1 X104.627 Y121.569 E.01062
G1 X109.191 Y117.005 E.19192
G1 X109.107 Y116.583 E.01279
G1 X104.374 Y121.316 E.19903
G1 X104.121 Y121.063 E.01064
G1 X109.041 Y116.143 E.2069
G1 X109.016 Y115.662 E.01432
G1 X103.868 Y120.81 E.21648
G1 X103.615 Y120.557 E.01064
G1 X109.026 Y115.146 E.22754
G1 X109.043 Y114.83 E.00941
G1 X109.08 Y114.586 E.00734
G1 X103.362 Y120.305 E.24047
G1 X103.109 Y120.052 E.01064
G1 X109.2 Y113.961 E.25614
G1 X109.323 Y113.502 E.01413
G1 X109.427 Y113.228 E.00871
G1 X102.743 Y119.913 E.2811
G1 E-3.5 F3600
;WIPE_START
G1 F7200
G1 X104.976 Y117.68 E-1.5
;WIPE_END
G1 X128.257 Y111.087 F9000
G1 E5 F2400
G1 F1800
G1 X121.573 Y117.772 E.2811
G1 X121.675 Y117.502 E.00858
G1 X121.792 Y117.047 E.01397
G1 X127.891 Y110.948 E.25647
G1 X127.638 Y110.695 E.01064
G1 X121.92 Y116.413 E.24045
G1 X121.957 Y116.17 E.00731
G1 X121.974 Y115.853 E.00944
G1 X127.385 Y110.442 E.22754
G1 X127.132 Y110.19 E.01062
G1 X121.982 Y115.34 E.21657
G1 X121.952 Y114.864 E.01418
G1 X126.879 Y109.937 E.20719
G1 X126.626 Y109.684 E.01064
G1 X121.893 Y114.417 E.19903
G1 X121.809 Y113.995 E.01279
G1 X126.373 Y109.431 E.19192
G1 X126.121 Y109.178 E.01062
G1 X121.702 Y113.597 E.18583
G1 X121.57 Y113.222 E.01182
G1 X125.868 Y108.925 E.18072
G1 X125.615 Y108.672 E.01064
G1 X121.43 Y112.857 E.17599
G1 X121.259 Y112.522 E.01118
G1 X125.362 Y108.42 E.17252
G1 X125.109 Y108.167 E.01064
G1 X121.083 Y112.193 E.1693
G1 X120.884 Y111.886 E.01088
G1 X124.856 Y107.914 E.16703
G1 X124.603 Y107.661 E.01064
G1 X120.675 Y111.589 E.16518
G1 X120.449 Y111.309 E.0107
G1 X124.35 Y107.408 E.16404
G1 X124.098 Y107.155 E.01062
G1 X120.211 Y111.042 E.16346
G1 X119.958 Y110.789 E.01064
G1 X123.845 Y106.902 E.16346
G1 X123.592 Y106.649 E.01064
G1 X119.691 Y110.551 E.16407
G1 X119.411 Y110.324 E.01072
G1 X123.339 Y106.397 E.16516
G1 X123.086 Y106.144 E.01064
G1 X119.114 Y110.116 E.16703
G1 X118.807 Y109.917 E.01088
G1 X122.833 Y105.891 E.1693
G1 X122.58 Y105.638 E.01064
G1 X118.478 Y109.741 E.17252
G1 X118.142 Y109.57 E.01121
G1 X122.328 Y105.385 E.17601
G1 X122.075 Y105.132 E.01064
G1 X117.777 Y109.429 E.18072
G1 X117.403 Y109.298 E.01178
G1 X121.822 Y104.879 E.18583
G1 X121.569 Y104.627 E.01062
G1 X117.005 Y109.191 E.19192
G1 X116.583 Y109.107 E.01279
G1 X121.316 Y104.374 E.19903
G1 X121.063 Y104.121 E.01064
G1 X116.143 Y109.041 E.2069
G1 X115.662 Y109.016 E.01432
G1 X120.81 Y103.868 E.21648
G1 X120.557 Y103.615 E.01064
G1 X115.141 Y109.031 E.22775
G1 X114.827 Y109.044 E.00934
G1 X114.586 Y109.08 E.00725
G1 X120.305 Y103.362 E.24047
G1 X120.052 Y103.109 E.01064
G1 X113.961 Y109.2 E.25614
G1 X113.502 Y109.323 E.01413
G1 X113.228 Y109.427 E.00871
G1 X119.799 Y102.856 E.27632
G1 X119.546 Y102.604 E.01062
G1 X112.291 Y109.858 E.30507
G1 X111.691 Y110.243 E.0212
G1 X111.149 Y110.682 E.02074
G1 X110.67 Y111.163 E.02018
G1 X110.253 Y111.677 E.01968
G1 X109.858 Y112.291 E.02171
G1 X102.604 Y119.546 E.30507
G1 X102.351 Y119.293 E.01064
G1 X119.293 Y102.351 E.71244
G1 X119.04 Y102.098 E.01064
G1 X102.098 Y119.04 E.71244
G1 X101.845 Y118.787 E.01064
G1 X118.787 Y101.845 E.71244
G1 X118.535 Y101.592 E.01062
G1 X101.592 Y118.535 E.71248
G1 X101.339 Y118.282 E.01064
G1 X118.282 Y101.339 E.71248
G1 X118.029 Y101.086 E.01064
G1 X101.086 Y118.029 E.71248
G1 X100.834 Y117.776 E.01062
G1 X117.776 Y100.834 E.71244
G1 X117.523 Y100.581 E.01064
G1 X100.581 Y117.523 E.71244
G1 X100.328 Y117.27 E.01064
G1 X117.27 Y100.328 E.71244
G1 X117.017 Y100.075 E.01064
G1 X100.075 Y117.017 E.71244
G1 X99.822 Y116.764 E.01064
G1 X116.764 Y99.822 E.71244
G1 X116.512 Y99.569 E.01062
G1 X99.569 Y116.512 E.71248
G1 X99.316 Y116.259 E.01064
G1 X116.259 Y99.316 E.71248
G1 X116.006 Y99.063 E.01064
G1 X99.063 Y116.006 E.71248
G1 X98.811 Y115.753 E.01062
G1 X115.753 Y98.811 E.71244
G1 X115.5 Y98.558 E.01064
G1 X98.444 Y115.614 E.71724
G1 E-3.5 F3600
;WIPE_START
G1 F7200
G1 X100.677 Y113.381 E-1.5
;WIPE_END
G1 X118.311 Y111.33 F9000
G1 E5 F2400
;TYPE:Internal infill
;WIDTH:0.44
G1 F3000
G1 X117.91 Y111.068 E.01582
G1 X117.18 Y110.743 E.02638
G1 X116.107 Y110.491 E.03639
G1 X115.029 Y109.413 E.05034
G1 X115.974 Y109.41 E.0312
G1 X114.876 Y110.509 E.05129
G1 X114.326 Y110.593 E.01837
G1 X113.332 Y110.945 E.03482
G1 X112.639 Y111.344 E.0264
G1 X111.94 Y111.94 E.03033
G1 X111.182 Y111.182 E.03539
G1 X111.906 Y110.553 E.03167
G1 X112.443 Y110.204 E.02115
G1 X113.146 Y109.863 E.0258
G1 E-3.5 F3600
;WIPE_START
G1 F7200
G1 X112.443 Y110.204 E-.37114
G1 X111.906 Y110.553 E-.30421
G1 X111.182 Y111.182 E-.45556
G1 X111.731 Y111.731 E-.36909
;WIPE_END
G1 X111.332 Y112.686 F9000
G1 E5 F2400
G1 F3000
G1 X111.068 Y113.09 E.01593
G1 X110.743 Y113.82 E.02638
G1 X110.494 Y114.89 E.03627
G1 X109.41 Y115.974 E.05062
G1 X109.41 Y115.026 E.0313
G1 X110.494 Y116.11 E.05062
G1 X110.664 Y116.936 E.02784
G1 X111.068 Y117.91 E.03482
G1 X111.586 Y118.679 E.03061
G1 X111.938 Y119.062 E.01718
G1 X111.182 Y119.818 E.0353
G1 X111.906 Y120.447 E.03167
G1 X112.443 Y120.796 E.02115
G1 X113.146 Y121.137 E.0258
G1 X112.684 Y119.671 F9000
G1 F3000
G1 X113.09 Y119.932 E.01594
G1 X113.82 Y120.257 E.02638
G1 X114.89 Y120.506 E.03627
G1 X115.974 Y121.59 E.05062
G1 X115.507 Y121.614 E.01544
G1 X115.031 Y121.585 E.01575
G1 X116.11 Y120.506 E.05038
G1 X117.18 Y120.257 E.03627
G1 X117.911 Y119.932 E.02641
G1 X118.316 Y119.671 E.01591
G1 X117.854 Y121.137 F9000
G1 F3000
G1 X118.557 Y120.796 E.0258
G1 X119.094 Y120.447 E.02115
G1 X119.818 Y119.818 E.03167
G1 X119.062 Y119.062 E.0353
G1 X119.423 Y118.668 E.01764
G1 X119.932 Y117.91 E.03015
G1 X120.336 Y116.936 E.03482
G1 X120.506 Y116.11 E.02784
G1 X121.585 Y115.031 E.05038
G1 X121.59 Y115.974 E.03114
G1 X120.506 Y114.89 E.05062
G1 X120.336 Y114.064 E.02784
G1 X119.932 Y113.09 E.03482
G1 X119.518 Y112.451 E.02514
G1 X119.06 Y111.94 E.02266
G1 X119.818 Y111.182 E.03539
G1 X120.447 Y111.906 E.03167
G1 X120.796 Y112.443 E.02115
G1 X121.137 Y113.146 E.0258
;LAYER_CHANGE
;Z:7.8
;HEIGHT:0.2
;BEFORE_LAYER_CHANGE
G92 E0
;7.8


G1 E-3.5 F3600
;WIPE_START
G1 F7200
G1 X120.796 Y112.443 E-.37114
G1 X120.447 Y111.906 E-.30421
G1 X119.818 Y111.182 E-.45556
G1 X119.268 Y111.732 E-.36909
;WIPE_END
G1 Z7.8 F9000
;AFTER_LAYER_CHANGE
;7.8
G1 X119.815 Y113.579
G1 E5 F2400
;TYPE:Perimeter
;WIDTH:0.439999
G1 F900
G1 X119.976 Y113.939 E.01302
G1 X120.12 Y114.518 E.0197
G1 X120.222 Y115.05 E.01789
G1 X120.224 Y115.894 E.02787
G1 X120.12 Y116.482 E.01972
G1 X119.995 Y117.014 E.01804
G1 X119.655 Y117.781 E.0277
G1 X119.321 Y118.276 E.01972
G1 X118.99 Y118.712 E.01807
G1 X118.597 Y119.086 E.01791
G1 X117.95 Y119.559 E.02646
G1 X117.421 Y119.815 E.0194
G1 X116.917 Y120.026 E.01804
G1 X116.096 Y120.202 E.02772
G1 X115.505 Y120.224 E.01953
G1 X114.985 Y120.216 E.01717
G1 X114.132 Y120.038 E.02877
G1 X113.579 Y119.815 E.01969
G1 X113.084 Y119.582 E.01806
G1 X112.637 Y119.275 E.0179
G1 X112.039 Y118.74 E.02649
G1 X111.679 Y118.276 E.01939
G1 X111.367 Y117.827 E.01805
G1 X111.024 Y117.061 E.02771
G1 X110.88 Y116.482 E.0197
G1 X110.778 Y115.945 E.01805
G1 X110.776 Y115.106 E.0277
G1 X110.962 Y114.132 E.03274
G1 X111.185 Y113.579 E.01969
G1 X111.418 Y113.084 E.01806
G1 X111.91 Y112.405 E.02769
G1 X112.339 Y111.99 E.01971
G1 X112.753 Y111.633 E.01805
G1 X113.48 Y111.212 E.02774
G1 X114.04 Y111.008 E.01968
G1 X114.564 Y110.85 E.01807
G1 X115.398 Y110.761 E.02769
G1 X115.994 Y110.802 E.01972
G1 X116.536 Y110.871 E.01804
G1 X117.335 Y111.129 E.02772
G1 X117.862 Y111.409 E.0197
G1 X118.329 Y111.693 E.01805
G1 X118.954 Y112.254 E.02773
G1 X119.321 Y112.724 E.01969
G1 X119.633 Y113.173 E.01805
G1 X119.79 Y113.524 E.0127
G1 X119.452 Y113.74 F9000
G1 F900
G1 X119.613 Y114.1 E.01302
G1 X119.732 Y114.6 E.01697
G1 X119.826 Y115.106 E.01699
G1 X119.826 Y115.894 E.02602
G1 X119.732 Y116.4 E.01699
G1 X119.613 Y116.9 E.01697
G1 X119.292 Y117.62 E.02603
G1 X118.699 Y118.441 E.03344
G1 X118.324 Y118.798 E.01709
G1 X117.72 Y119.235 E.02461
G1 X116.785 Y119.65 E.03378
G1 X116.014 Y119.814 E.02603
G1 X115.505 Y119.826 E.01681
G1 X114.986 Y119.814 E.01714
G1 X114.215 Y119.65 E.02603
G1 X113.289 Y119.241 E.03342
G1 X112.861 Y118.948 E.01713
G1 X112.308 Y118.448 E.02462
G1 X111.708 Y117.62 E.03376
G1 X111.387 Y116.9 E.02603
G1 X111.268 Y116.4 E.01697
G1 X111.174 Y115.894 E.01699
G1 X111.174 Y115.106 E.02602
G1 X111.35 Y114.215 E.02999
G1 X111.548 Y113.74 E.01699
G1 X111.768 Y113.276 E.01695
G1 X112.232 Y112.638 E.02605
G1 X112.605 Y112.285 E.01696
G1 X112.995 Y111.95 E.01698
G1 X113.678 Y111.556 E.02603
G1 X114.163 Y111.385 E.01698
G1 X114.656 Y111.238 E.01699
G1 X115.44 Y111.156 E.02603
G1 X115.952 Y111.197 E.01696
G1 X116.462 Y111.263 E.01698
G1 X117.212 Y111.507 E.02604
G1 X117.663 Y111.753 E.01696
G1 X118.102 Y112.021 E.01698
G1 X118.688 Y112.549 E.02604
G1 X119 Y112.957 E.01696
G1 X119.292 Y113.38 E.01697
G1 X119.428 Y113.685 E.01103
G1 X119.097 Y113.899 F9000
;TYPE:External perimeter
;WIDTH:0.419999
G1 F900
G1 X119.259 Y114.258 E.01235
G1 X119.435 Y115.067 E.02596
G1 X119.439 Y115.894 E.02593
G1 X119.271 Y116.705 E.02597
G1 X118.938 Y117.462 E.02593
G1 X118.455 Y118.135 E.02597
G1 X118.057 Y118.518 E.01732
G1 X117.495 Y118.92 E.02167
G1 X116.742 Y119.259 E.02589
G1 X115.933 Y119.435 E.02596
G1 X115.106 Y119.439 E.02593
G1 X114.295 Y119.271 E.02597
G1 X113.537 Y118.938 E.02596
G1 X113.08 Y118.629 E.0173
G1 X112.57 Y118.162 E.02168
G1 X112.081 Y117.497 E.02588
G1 X111.741 Y116.742 E.02596
G1 X111.565 Y115.933 E.02596
G1 X111.561 Y115.106 E.02593
G1 X111.729 Y114.295 E.02597
G1 X112.062 Y113.538 E.02593
G1 X112.545 Y112.866 E.02595
G1 X113.157 Y112.309 E.02595
G1 X113.872 Y111.891 E.02597
G1 X114.658 Y111.632 E.02595
G1 X115.48 Y111.541 E.02593
G1 X116.304 Y111.623 E.02596
G1 X117.092 Y111.875 E.02594
G1 X117.811 Y112.286 E.02597
G1 X118.429 Y112.836 E.02594
G1 X118.919 Y113.503 E.02595
G1 X119.072 Y113.844 E.01172
G1 E-3.5 F3600
;WIPE_START
G1 F7200
G1 X119.097 Y113.899 E-.0287
G1 X119.259 Y114.258 E-.18708
G1 X119.435 Y115.067 E-.39326
G1 X119.439 Y115.894 E-.39283
G1 X119.271 Y116.705 E-.3934
G1 X119.182 Y116.907 E-.10473
;WIPE_END
G1 X121.351 Y112.683 F9000
G1 E5 F2400
;TYPE:Perimeter
;WIDTH:0.439999
G1 F900
G1 X121.459 Y112.898 E.00794
G1 X121.723 Y113.628 E.02563
G1 X121.87 Y114.194 E.01931
G1 X121.972 Y114.949 E.02515
G1 X122.002 Y115.552 E.01993
G1 X121.946 Y116.321 E.02546
G1 X121.85 Y116.897 E.01928
G1 X121.635 Y117.644 E.02567
G1 X121.421 Y118.187 E.01927
G1 X121.055 Y118.872 E.02564
G1 X120.733 Y119.359 E.01928
G1 X120.2 Y119.987 E.0272
G1 X119.759 Y120.409 E.02015
G1 X119.284 Y120.788 E.02006
G1 X118.625 Y121.198 E.02563
G1 X118.102 Y121.459 E.0193
G1 X117.372 Y121.723 E.02563
G1 X116.806 Y121.87 E.01931
G1 X116.037 Y121.976 E.02563
G1 X115.454 Y122.002 E.01927
G1 X114.679 Y121.946 E.02566
G1 X114.103 Y121.85 E.01928
G1 X113.356 Y121.635 E.02567
G1 X112.813 Y121.421 E.01927
G1 X112.089 Y121.03 E.02717
G1 X111.584 Y120.687 E.02016
G1 X111.115 Y120.301 E.02006
G1 X110.576 Y119.741 E.02566
G1 X110.212 Y119.284 E.01929
G1 X109.802 Y118.625 E.02563
G1 X109.541 Y118.102 E.0193
G1 X109.277 Y117.372 E.02563
G1 X109.13 Y116.806 E.01931
G1 X109.024 Y116.037 E.02563
G1 X108.998 Y115.453 E.0193
G1 X109.054 Y114.679 E.02562
G1 X109.15 Y114.103 E.01928
G1 X109.365 Y113.356 E.02567
G1 X109.579 Y112.813 E.01927
G1 X109.945 Y112.128 E.02564
G1 X110.267 Y111.641 E.01928
G1 X110.767 Y111.047 E.02564
G1 X111.184 Y110.637 E.01931
G1 X111.797 Y110.16 E.02565
G1 X112.289 Y109.846 E.01927
G1 X112.988 Y109.507 E.02565
G1 X113.535 Y109.302 E.01929
G1 X114.289 Y109.115 E.02565
G1 X114.866 Y109.029 E.01926
G1 X115.643 Y109.003 E.02567
G1 X116.226 Y109.038 E.01928
G1 X116.991 Y109.175 E.02566
G1 X117.554 Y109.331 E.01929
G1 X118.273 Y109.623 E.02562
G1 X118.791 Y109.892 E.01927
G1 X119.434 Y110.328 E.02565
G1 X119.885 Y110.699 E.01928
G1 X120.424 Y111.259 E.02566
G1 X120.788 Y111.716 E.01929
G1 X121.198 Y112.375 E.02563
G1 X121.325 Y112.629 E.00938
G1 X121.68 Y112.448 F9000
G1 F900
G1 X121.805 Y112.693 E.00908
G1 X122.064 Y113.367 E.02384
G1 X122.234 Y114 E.02164
G1 X122.323 Y114.521 E.01745
G1 X122.375 Y115.032 E.01696
G1 X122.398 Y115.572 E.01785
G1 X122.364 Y116.221 E.02146
G1 X122.251 Y116.935 E.02387
G1 X122.064 Y117.633 E.02386
G1 X121.805 Y118.307 E.02384
G1 X121.477 Y118.951 E.02386
G1 X121.084 Y119.557 E.02385
G1 X120.629 Y120.118 E.02385
G1 X120.118 Y120.629 E.02386
G1 X119.557 Y121.084 E.02385
G1 X118.951 Y121.477 E.02385
G1 X118.307 Y121.805 E.02386
G1 X117.633 Y122.064 E.02384
G1 X116.935 Y122.251 E.02386
G1 X116.221 Y122.364 E.02387
G1 X115.502 Y122.402 E.02377
G1 X114.739 Y122.358 E.02523
G1 X114.065 Y122.251 E.02253
G1 X113.367 Y122.064 E.02386
G1 X112.693 Y121.805 E.02384
G1 X112.049 Y121.477 E.02386
G1 X111.443 Y121.084 E.02385
G1 X110.882 Y120.629 E.02385
G1 X110.371 Y120.118 E.02386
G1 X109.916 Y119.557 E.02385
G1 X109.523 Y118.951 E.02385
G1 X109.195 Y118.307 E.02386
G1 X108.936 Y117.633 E.02384
G1 X108.749 Y116.935 E.02386
G1 X108.636 Y116.221 E.02387
G1 X108.598 Y115.5 E.02384
G1 X108.636 Y114.779 E.02384
G1 X108.749 Y114.065 E.02387
G1 X108.936 Y113.367 E.02386
G1 X109.195 Y112.693 E.02384
G1 X109.523 Y112.049 E.02386
G1 X109.916 Y111.443 E.02385
G1 X110.371 Y110.882 E.02385
G1 X110.882 Y110.371 E.02386
G1 X111.443 Y109.916 E.02385
G1 X112.049 Y109.523 E.02385
G1 X112.693 Y109.195 E.02386
G1 X113.367 Y108.936 E.02384
G1 X114.065 Y108.749 E.02386
G1 X114.777 Y108.636 E.0238
G1 X115.54 Y108.6 E.02522
G1 X116.221 Y108.636 E.02252
G1 X116.935 Y108.749 E.02387
G1 X117.633 Y108.936 E.02386
G1 X118.307 Y109.195 E.02384
G1 X118.951 Y109.523 E.02386
G1 X119.557 Y109.916 E.02385
G1 X120.118 Y110.371 E.02385
G1 X120.629 Y110.882 E.02386
G1 X121.084 Y111.443 E.02385
G1 X121.477 Y112.049 E.02385
G1 X121.653 Y112.394 E.01279
G1 X121.998 Y112.218 F9000
;TYPE:External perimeter
;WIDTH:0.419999
G1 F900
G1 X122.159 Y112.535 E.01115
G1 X122.433 Y113.247 E.02392
G1 X122.608 Y113.9 E.0212
G1 X122.706 Y114.46 E.01783
G1 X122.761 Y115.01 E.01733
G1 X122.785 Y115.593 E.0183
G1 X122.75 Y116.262 E.021
G1 X122.63 Y117.016 E.02394
G1 X122.433 Y117.753 E.02392
G1 X122.159 Y118.465 E.02392
G1 X121.813 Y119.145 E.02392
G1 X121.398 Y119.785 E.02392
G1 X120.917 Y120.378 E.02394
G1 X120.378 Y120.917 E.0239
G1 X119.785 Y121.398 E.02394
G1 X119.145 Y121.813 E.02392
G1 X118.465 Y122.159 E.02392
G1 X117.753 Y122.433 E.02392
G1 X117.016 Y122.63 E.02392
G1 X116.262 Y122.75 E.02394
G1 X115.501 Y122.79 E.02389
G1 X114.697 Y122.743 E.02525
G1 X113.984 Y122.63 E.02263
G1 X113.247 Y122.433 E.02392
G1 X112.535 Y122.159 E.02392
G1 X111.855 Y121.813 E.02392
G1 X111.215 Y121.398 E.02392
G1 X110.622 Y120.917 E.02394
G1 X110.083 Y120.378 E.0239
G1 X109.602 Y119.785 E.02394
G1 X109.187 Y119.145 E.02392
G1 X108.841 Y118.465 E.02392
G1 X108.567 Y117.753 E.02392
G1 X108.37 Y117.016 E.02392
G1 X108.25 Y116.262 E.02394
G1 X108.21 Y115.5 E.02392
G1 X108.25 Y114.738 E.02392
G1 X108.37 Y113.984 E.02394
G1 X108.567 Y113.247 E.02392
G1 X108.841 Y112.535 E.02392
G1 X109.187 Y111.855 E.02392
G1 X109.602 Y111.215 E.02392
G1 X110.083 Y110.622 E.02394
G1 X110.622 Y110.083 E.0239
G1 X111.215 Y109.602 E.02394
G1 X111.855 Y109.187 E.02392
G1 X112.535 Y108.841 E.02392
G1 X113.247 Y108.567 E.02392
G1 X113.984 Y108.37 E.02392
G1 X114.737 Y108.25 E.02391
G1 X115.541 Y108.212 E.02524
G1 X116.262 Y108.25 E.02264
G1 X117.016 Y108.37 E.02394
G1 X117.753 Y108.567 E.02392
G1 X118.465 Y108.841 E.02392
G1 X119.145 Y109.187 E.02392
G1 X119.785 Y109.602 E.02392
G1 X120.378 Y110.083 E.02394
G1 X120.917 Y110.622 E.0239
G1 X121.398 Y111.215 E.02394
G1 X121.813 Y111.855 E.02392
G1 X121.971 Y112.165 E.01091
G1 X121.202 Y113.083 F9000
;TYPE:Internal infill
;WIDTH:0.44
G1 F900
G1 X120.868 Y112.401 E.02507
G1 X120.515 Y111.857 E.02141
G1 X119.877 Y111.123 E.03211
G1 X119.058 Y111.942 E.03824
G1 X118.361 Y111.344 E.03032
G1 X117.668 Y110.945 E.0264
G1 X116.549 Y110.56 E.03907
G1 X116.134 Y110.519 E.01377
G1 X114.948 Y109.332 E.0554
G1 X116.054 Y109.331 E.03652
G1 X114.871 Y110.514 E.05524
G1 X114.45 Y110.56 E.01398
G1 X113.446 Y110.886 E.03485
G1 X112.531 Y111.414 E.03488
G1 X111.943 Y111.943 E.02611
G1 X111.123 Y111.123 E.03829
G1 X111.857 Y110.485 E.03211
G1 X112.401 Y110.132 E.02141
G1 X113.083 Y109.798 E.02507
G1 E-3.5 F3600
;WIPE_START
G1 F7200
G1 X112.401 Y110.132 E-.36071
G1 X111.857 Y110.485 E-.30803
G1 X111.123 Y111.123 E-.46195
G1 X111.673 Y111.673 E-.36931
;WIPE_END
G1 X111.335 Y112.688 F9000
G1 E5 F2400
G1 F900
G1 X111.126 Y112.975 E.01172
G1 X110.697 Y113.939 E.03484
G1 X110.495 Y114.89 E.0321
G1 X109.331 Y116.054 E.05435
G1 X109.302 Y115.5 E.01832
G1 X109.331 Y114.946 E.01832
G1 X110.491 Y116.107 E.05419
G1 X110.697 Y117.061 E.03222
G1 X111.126 Y118.025 E.03484
G1 X111.332 Y118.309 E.01158
G1 E-3.5 F3600
;WIPE_START
G1 F7200
G1 X111.126 Y118.025 E-.16665
G1 X110.697 Y117.061 E-.5012
G1 X110.491 Y116.107 E-.46359
G1 X109.942 Y115.558 E-.36856
;WIPE_END
G1 X113.083 Y121.202 F9000
G1 E5 F2400
G1 F900
G1 X112.401 Y120.868 E.02507
G1 X111.857 Y120.515 E.02141
G1 X111.123 Y119.877 E.03211
G1 X111.941 Y119.059 E.0382
G1 X112.383 Y119.468 E.01988
G1 X113.031 Y119.904 E.02579
G1 X113.999 Y120.321 E.0348
G1 X114.893 Y120.508 E.03016
G1 X116.054 Y121.669 E.05421
G1 X114.949 Y121.666 E.03648
G1 X116.107 Y120.509 E.05405
G1 X117.061 Y120.303 E.03222
G1 X117.97 Y119.904 E.03278
G1 X118.31 Y119.668 E.01367
G1 X117.917 Y121.202 F9000
G1 F900
G1 X118.599 Y120.868 E.02507
G1 X119.143 Y120.515 E.02141
G1 X119.877 Y119.877 E.03211
G1 X119.059 Y119.059 E.0382
G1 X119.294 Y118.831 E.01081
G1 X119.874 Y118.025 E.03279
G1 X120.303 Y117.061 E.03484
G1 X120.505 Y116.11 E.0321
G1 X121.666 Y114.949 E.05421
G1 X121.669 Y116.054 E.03648
G1 X120.497 Y114.882 E.05472
G1 X120.303 Y113.94 E.03176
G1 X119.874 Y112.975 E.03487
G1 X119.66 Y112.68 E.01203
;LAYER_CHANGE
;Z:8
;HEIGHT:0.2
;BEFORE_LAYER_CHANGE
G92 E0
;8


G1 E-3.5 F3600
;WIPE_START
G1 F7200
G1 X119.874 Y112.975 E-.17311
G1 X120.303 Y113.94 E-.50163
G1 X120.497 Y114.882 E-.45684
G1 X121.046 Y115.43 E-.36842
;WIPE_END
G1 Z8 F9000
;AFTER_LAYER_CHANGE
;8
G1 X119.329 Y112.718
G1 E5 F2400
;TYPE:Perimeter
;WIDTH:0.439999
G1 F900
G1 X119.598 Y113.143 E.01661
G1 X119.816 Y113.551 E.01527
G1 X120.012 Y114.034 E.01721
G1 X120.202 Y114.904 E.0294
G1 X120.224 Y115.51 E.02002
G1 X120.212 Y116.046 E.0177
G1 X120.038 Y116.868 E.02774
G1 X119.815 Y117.421 E.01969
G1 X119.582 Y117.916 E.01806
G1 X119.169 Y118.497 E.02354
G1 X118.728 Y118.974 E.02145
G1 X118.329 Y119.307 E.01716
G1 X117.383 Y119.854 E.03608
G1 X116.585 Y120.114 E.02771
G1 X115.994 Y120.198 E.01971
G1 X115.439 Y120.242 E.01838
G1 X114.415 Y120.114 E.03407
G1 X113.665 Y119.871 E.02603
G1 X112.797 Y119.394 E.0327
G1 X112.339 Y119.01 E.01973
G1 X111.941 Y118.636 E.01803
G1 X111.447 Y117.957 E.02772
G1 X111.185 Y117.421 E.0197
G1 X110.974 Y116.917 E.01804
G1 X110.798 Y116.096 E.02772
G1 X110.776 Y115.5 E.01969
G1 X110.788 Y114.954 E.01803
G1 X110.962 Y114.132 E.02774
G1 X111.185 Y113.579 E.01969
G1 X111.418 Y113.084 E.01806
G1 X111.91 Y112.405 E.02769
G1 X112.339 Y111.99 E.01971
G1 X112.753 Y111.633 E.01805
G1 X113.48 Y111.212 E.02774
G1 X114.04 Y111.008 E.01968
G1 X114.564 Y110.85 E.01807
G1 X115.398 Y110.761 E.02769
G1 X115.945 Y110.778 E.01807
G1 X117.014 Y111.005 E.03608
G1 X117.781 Y111.345 E.0277
G1 X118.276 Y111.679 E.01972
G1 X118.711 Y112.009 E.01803
G1 X119.274 Y112.632 E.02772
G1 X119.297 Y112.668 E.00141
G1 X119.01 Y112.95 F9000
G1 F900
G1 X119.047 Y112.991 E.00182
G1 X119.388 Y113.569 E.02216
G1 X119.619 Y114.115 E.01957
G1 X119.814 Y114.986 E.02947
G1 X119.826 Y115.51 E.01731
G1 X119.814 Y116.014 E.01665
G1 X119.65 Y116.785 E.02603
G1 X119.235 Y117.72 E.03378
G1 X118.845 Y118.267 E.02218
G1 X118.44 Y118.7 E.01958
G1 X118.03 Y119.034 E.01746
G1 X117.322 Y119.444 E.02701
G1 X116.837 Y119.615 E.01698
G1 X116.344 Y119.762 E.01699
G1 X115.56 Y119.844 E.02603
G1 X114.974 Y119.795 E.01942
G1 X114.538 Y119.737 E.01452
G1 X113.788 Y119.493 E.02604
G1 X112.995 Y119.05 E.02999
G1 X112.605 Y118.715 E.01698
G1 X112.232 Y118.362 E.01696
G1 X111.768 Y117.724 E.02605
G1 X111.548 Y117.26 E.01695
G1 X111.35 Y116.785 E.01699
G1 X111.186 Y116.014 E.02603
G1 X111.174 Y115.5 E.01698
G1 X111.186 Y114.986 E.01698
G1 X111.35 Y114.215 E.02603
G1 X111.548 Y113.74 E.01699
G1 X111.768 Y113.276 E.01695
G1 X112.232 Y112.638 E.02605
G1 X112.605 Y112.285 E.01696
G1 X112.995 Y111.95 E.01698
G1 X113.678 Y111.556 E.02603
G1 X114.163 Y111.385 E.01698
G1 X114.656 Y111.238 E.01699
G1 X115.44 Y111.156 E.02603
G1 X115.954 Y111.177 E.01699
G1 X116.785 Y111.35 E.02803
G1 X117.26 Y111.548 E.01699
G1 X117.724 Y111.768 E.01695
G1 X118.362 Y112.232 E.02605
G1 X118.97 Y112.905 E.02995
G1 X118.701 Y113.174 F9000
;TYPE:External perimeter
;WIDTH:0.419999
G1 F900
G1 X119.055 Y113.766 E.02163
G1 X119.261 Y114.263 E.01687
G1 X119.435 Y115.067 E.02579
G1 X119.439 Y115.894 E.02593
G1 X119.271 Y116.705 E.02597
G1 X118.938 Y117.462 E.02593
G1 X118.53 Y118.042 E.02223
G1 X118.16 Y118.433 E.01688
G1 X117.811 Y118.714 E.01405
G1 X117.128 Y119.109 E.02474
G1 X116.342 Y119.368 E.02595
G1 X115.52 Y119.459 E.02593
G1 X114.658 Y119.368 E.02718
G1 X113.908 Y119.125 E.02472
G1 X113.189 Y118.714 E.02597
G1 X112.571 Y118.164 E.02594
G1 X112.081 Y117.497 E.02595
G1 X111.741 Y116.742 E.02596
G1 X111.565 Y115.933 E.02596
G1 X111.561 Y115.106 E.02593
G1 X111.729 Y114.295 E.02597
G1 X112.062 Y113.538 E.02593
G1 X112.545 Y112.866 E.02595
G1 X113.157 Y112.309 E.02595
G1 X113.872 Y111.891 E.02597
G1 X114.658 Y111.632 E.02595
G1 X115.48 Y111.541 E.02593
G1 X115.933 Y111.565 E.01422
G1 X116.705 Y111.729 E.02475
G1 X117.462 Y112.062 E.02593
G1 X118.134 Y112.545 E.02595
G1 X118.664 Y113.127 E.02468
G1 E-3.5 F3600
;WIPE_START
G1 F7200
G1 X118.701 Y113.174 E-.02841
G1 X119.055 Y113.766 E-.32764
G1 X119.261 Y114.263 E-.25555
G1 X119.435 Y115.067 E-.39074
G1 X119.439 Y115.894 E-.39283
G1 X119.394 Y116.11 E-.10483
;WIPE_END
G1 X120.631 Y111.534 F9000
G1 E5 F2400
;TYPE:Perimeter
;WIDTH:0.439999
G1 F900
G1 X120.884 Y111.864 E.01373
G1 X121.154 Y112.289 E.01662
G1 X121.459 Y112.898 E.02249
G1 X121.723 Y113.628 E.02563
G1 X121.87 Y114.194 E.01931
G1 X121.976 Y115.051 E.02851
G1 X122.002 Y115.556 E.0167
G1 X121.946 Y116.321 E.02533
G1 X121.864 Y116.815 E.01653
G1 X121.635 Y117.644 E.0284
G1 X121.421 Y118.187 E.01927
G1 X121.012 Y118.939 E.02826
G1 X120.733 Y119.359 E.01665
G1 X120.301 Y119.885 E.02247
G1 X119.741 Y120.424 E.02566
G1 X119.203 Y120.84 E.02245
G1 X118.711 Y121.154 E.01927
G1 X118.012 Y121.493 E.02565
G1 X117.465 Y121.698 E.01929
G1 X116.711 Y121.885 E.02565
G1 X116.133 Y121.971 E.01929
G1 X115.252 Y121.988 E.02909
G1 X114.701 Y121.95 E.01824
G1 X114.009 Y121.825 E.02322
G1 X113.446 Y121.669 E.01929
G1 X112.727 Y121.377 E.02562
G1 X112.209 Y121.108 E.01927
G1 X111.566 Y120.672 E.02565
G1 X111.115 Y120.301 E.01928
G1 X110.576 Y119.741 E.02566
G1 X110.212 Y119.284 E.01929
G1 X109.802 Y118.625 E.02563
G1 X109.541 Y118.102 E.0193
G1 X109.277 Y117.372 E.02563
G1 X109.13 Y116.806 E.01931
G1 X109.024 Y116.037 E.02563
G1 X108.998 Y115.453 E.0193
G1 X109.054 Y114.679 E.02562
G1 X109.15 Y114.103 E.01928
G1 X109.365 Y113.356 E.02567
G1 X109.579 Y112.813 E.01927
G1 X109.945 Y112.128 E.02564
G1 X110.267 Y111.641 E.01928
G1 X110.767 Y111.047 E.02564
G1 X111.184 Y110.637 E.01931
G1 X111.797 Y110.16 E.02565
G1 X112.289 Y109.846 E.01927
G1 X112.988 Y109.507 E.02565
G1 X113.535 Y109.302 E.01929
G1 X114.289 Y109.115 E.02565
G1 X114.866 Y109.03 E.01926
G1 X115.643 Y109.003 E.02567
G1 X116.321 Y109.054 E.02245
G1 X116.897 Y109.15 E.01928
G1 X117.644 Y109.365 E.02567
G1 X118.187 Y109.579 E.01927
G1 X118.872 Y109.945 E.02564
G1 X119.359 Y110.267 E.01928
G1 X119.953 Y110.767 E.02564
G1 X120.363 Y111.184 E.01931
G1 X120.595 Y111.487 E.0126
G1 X120.912 Y111.23 F9000
G1 F900
G1 X121.084 Y111.443 E.00904
G1 X121.477 Y112.049 E.02385
G1 X121.805 Y112.693 E.02386
G1 X122.064 Y113.367 E.02384
G1 X122.234 Y114 E.02164
G1 X122.323 Y114.521 E.01745
G1 X122.372 Y115.026 E.01675
G1 X122.398 Y115.577 E.01821
G1 X122.364 Y116.221 E.02129
G1 X122.264 Y116.855 E.02119
G1 X122.063 Y117.636 E.02663
G1 X121.805 Y118.307 E.02374
G1 X121.477 Y118.951 E.02386
G1 X121.084 Y119.557 E.02385
G1 X120.629 Y120.118 E.02385
G1 X120.118 Y120.629 E.02386
G1 X119.557 Y121.084 E.02385
G1 X118.951 Y121.477 E.02385
G1 X118.307 Y121.805 E.02386
G1 X117.633 Y122.064 E.02384
G1 X116.935 Y122.251 E.02386
G1 X116.221 Y122.364 E.02387
G1 X115.503 Y122.402 E.02374
G1 X114.699 Y122.352 E.0266
G1 X114.065 Y122.251 E.0212
G1 X113.367 Y122.064 E.02386
G1 X112.693 Y121.805 E.02384
G1 X112.049 Y121.477 E.02386
G1 X111.443 Y121.084 E.02385
G1 X110.882 Y120.629 E.02385
G1 X110.371 Y120.118 E.02386
G1 X109.916 Y119.557 E.02385
G1 X109.523 Y118.951 E.02385
G1 X109.195 Y118.307 E.02386
G1 X108.936 Y117.633 E.02384
G1 X108.749 Y116.935 E.02386
G1 X108.636 Y116.221 E.02387
G1 X108.598 Y115.5 E.02384
G1 X108.636 Y114.779 E.02384
G1 X108.749 Y114.065 E.02387
G1 X108.936 Y113.367 E.02386
G1 X109.195 Y112.693 E.02384
G1 X109.523 Y112.049 E.02386
G1 X109.916 Y111.443 E.02385
G1 X110.371 Y110.882 E.02385
G1 X110.882 Y110.371 E.02386
G1 X111.443 Y109.916 E.02385
G1 X112.049 Y109.523 E.02385
G1 X112.693 Y109.195 E.02386
G1 X113.367 Y108.936 E.02384
G1 X114.065 Y108.749 E.02386
G1 X114.776 Y108.636 E.02377
G1 X115.581 Y108.602 E.0266
G1 X116.221 Y108.636 E.02116
G1 X116.935 Y108.749 E.02387
G1 X117.633 Y108.936 E.02386
G1 X118.307 Y109.195 E.02384
G1 X118.951 Y109.523 E.02386
G1 X119.557 Y109.916 E.02385
G1 X120.118 Y110.371 E.02385
G1 X120.629 Y110.882 E.02386
G1 X120.874 Y111.184 E.01284
G1 X121.175 Y110.94 F9000
;TYPE:External perimeter
;WIDTH:0.419999
G1 F900
G1 X121.398 Y111.215 E.0111
G1 X121.813 Y111.855 E.02392
G1 X122.159 Y112.535 E.02392
G1 X122.433 Y113.247 E.02392
G1 X122.608 Y113.9 E.0212
G1 X122.706 Y114.46 E.01783
G1 X122.758 Y115.002 E.01707
G1 X122.785 Y115.597 E.01867
G1 X122.75 Y116.262 E.02088
G1 X122.643 Y116.934 E.02134
G1 X122.433 Y117.754 E.02654
G1 X122.159 Y118.465 E.02389
G1 X121.813 Y119.145 E.02392
G1 X121.398 Y119.785 E.02392
G1 X120.917 Y120.378 E.02394
G1 X120.378 Y120.917 E.0239
G1 X119.785 Y121.398 E.02394
G1 X119.145 Y121.813 E.02392
G1 X118.465 Y122.159 E.02392
G1 X117.753 Y122.433 E.02392
G1 X117.016 Y122.63 E.02392
G1 X116.262 Y122.75 E.02394
G1 X115.501 Y122.79 E.02389
G1 X114.656 Y122.737 E.02655
G1 X113.984 Y122.63 E.02134
G1 X113.247 Y122.433 E.02392
G1 X112.535 Y122.159 E.02392
G1 X111.855 Y121.813 E.02392
G1 X111.215 Y121.398 E.02392
G1 X110.622 Y120.917 E.02394
G1 X110.083 Y120.378 E.0239
G1 X109.602 Y119.785 E.02394
G1 X109.187 Y119.145 E.02392
G1 X108.841 Y118.465 E.02392
G1 X108.567 Y117.753 E.02392
G1 X108.37 Y117.016 E.02392
G1 X108.25 Y116.262 E.02394
G1 X108.21 Y115.5 E.02392
G1 X108.25 Y114.738 E.02392
G1 X108.37 Y113.984 E.02394
G1 X108.567 Y113.247 E.02392
G1 X108.841 Y112.535 E.02392
G1 X109.187 Y111.855 E.02392
G1 X109.602 Y111.215 E.02392
G1 X110.083 Y110.622 E.02394
G1 X110.622 Y110.083 E.0239
G1 X111.215 Y109.602 E.02394
G1 X111.855 Y109.187 E.02392
G1 X112.535 Y108.841 E.02392
G1 X113.247 Y108.567 E.02392
G1 X113.984 Y108.37 E.02392
G1 X114.737 Y108.25 E.02391
G1 X115.583 Y108.215 E.02655
G1 X116.262 Y108.25 E.02132
G1 X117.016 Y108.37 E.02394
G1 X117.753 Y108.567 E.02392
G1 X118.465 Y108.841 E.02392
G1 X119.145 Y109.187 E.02392
G1 X119.785 Y109.602 E.02392
G1 X120.378 Y110.083 E.02394
G1 X120.917 Y110.622 E.0239
G1 X121.137 Y110.893 E.01094
G1 E-3.5 F3600
;WIPE_START
G1 F7200
G1 X121.175 Y110.94 E-.02871
G1 X121.398 Y111.215 E-.16818
G1 X121.813 Y111.855 E-.36232
G1 X122.159 Y112.535 E-.36241
G1 X122.433 Y113.247 E-.36238
G1 X122.551 Y113.686 E-.216
;WIPE_END
G1 X121.202 Y113.083 F9000
G1 E5 F2400
;TYPE:Internal infill
;WIDTH:0.44
G1 F900
G1 X120.868 Y112.401 E.02507
G1 X120.515 Y111.857 E.02141
G1 X119.877 Y111.123 E.03211
G1 X119.057 Y111.943 E.03829
G1 X119.586 Y112.531 E.02611
G1 X120.032 Y113.282 E.02884
G1 X120.321 Y114 E.02555
G1 X120.507 Y114.892 E.03008
G1 X121.669 Y116.054 E.05426
G1 X121.663 Y114.952 E.03639
G1 X120.505 Y116.11 E.05407
G1 X120.301 Y117.066 E.03228
G1 X119.874 Y118.025 E.03466
G1 X119.666 Y118.313 E.01173
G1 E-3.5 F3600
;WIPE_START
G1 F7200
G1 X119.874 Y118.025 E-.16875
G1 X120.301 Y117.066 E-.49864
G1 X120.505 Y116.11 E-.46432
G1 X121.053 Y115.562 E-.36829
;WIPE_END
G1 X117.917 Y121.202 F9000
G1 E5 F2400
G1 F900
G1 X118.599 Y120.868 E.02507
G1 X119.143 Y120.515 E.02141
G1 X119.877 Y119.877 E.03211
G1 X119.063 Y119.063 E.03801
G1 X118.466 Y119.587 E.02623
G1 X117.554 Y120.114 E.03478
G1 X116.55 Y120.44 E.03485
G1 X116.131 Y120.484 E.01391
G1 X114.952 Y121.663 E.05505
G1 X115.507 Y121.698 E.01836
G1 X116.054 Y121.669 E.01809
G1 X114.868 Y120.484 E.05536
G1 X114.45 Y120.44 E.01388
G1 X113.446 Y120.114 E.03485
G1 X112.532 Y119.586 E.03485
G1 X111.94 Y119.06 E.02615
G1 X111.123 Y119.877 E.03815
G1 X111.857 Y120.515 E.03211
G1 X112.401 Y120.868 E.02141
G1 X113.083 Y121.202 E.02507
G1 E-3.5 F3600
;WIPE_START
G1 F7200
G1 X112.401 Y120.868 E-.36071
G1 X111.857 Y120.515 E-.30803
G1 X111.123 Y119.877 E-.46195
G1 X111.672 Y119.328 E-.36931
;WIPE_END
G1 X111.331 Y118.312 F9000
G1 E5 F2400
G1 F900
G1 X111.126 Y118.025 E.01165
G1 X110.743 Y117.181 E.0306
G1 X110.493 Y116.108 E.03638
G1 X109.331 Y114.946 E.05426
G1 X109.302 Y115.5 E.01832
G1 X109.331 Y116.054 E.01832
G1 X110.495 Y114.89 E.05435
G1 X110.697 Y113.939 E.0321
G1 X111.126 Y112.975 E.03484
G1 X111.335 Y112.688 E.01172
G1 E-3.5 F3600
;WIPE_START
G1 F7200
G1 X111.126 Y112.975 E-.16864
G1 X110.697 Y113.939 E-.5012
G1 X110.495 Y114.89 E-.4618
G1 X109.947 Y115.438 E-.36836
;WIPE_END
G1 X113.083 Y109.798 F9000
G1 E5 F2400
G1 F900
G1 X112.401 Y110.132 E.02507
G1 X111.857 Y110.485 E.02141
G1 X111.123 Y111.123 E.03211
G1 X111.943 Y111.943 E.03829
G1 X112.531 Y111.414 E.02611
G1 X113.446 Y110.886 E.03488
G1 X114.45 Y110.56 E.03485
G1 X114.871 Y110.514 E.01398
G1 X116.054 Y109.331 E.05524
G1 X114.948 Y109.333 E.03652
G1 X116.104 Y110.488 E.05395
G1 X117.119 Y110.717 E.03435
G1 X118.025 Y111.126 E.03282
G1 X118.307 Y111.331 E.01151
;LAYER_CHANGE
;Z:8.2
;HEIGHT:0.2
;BEFORE_LAYER_CHANGE
G92 E0
;8.2


G1 E-3.5 F3600
;WIPE_START
G1 F7200
G1 X118.025 Y111.126 E-.1656
G1 X117.119 Y110.717 E-.47217
G1 X116.104 Y110.488 E-.49424
G1 X115.556 Y109.94 E-.36799
;WIPE_END
G1 Z8.2 F9000
;AFTER_LAYER_CHANGE
;8.2
G1 X118.276 Y111.679
G1 E5 F2400
;TYPE:Perimeter
;WIDTH:0.439999
G1 F900
G1 X118.711 Y112.009 E.01803
G1 X119.274 Y112.632 E.02772
G1 X119.597 Y113.143 E.01996
G1 X119.816 Y113.55 E.01526
G1 X120.012 Y114.034 E.01724
G1 X120.202 Y114.904 E.0294
G1 X120.224 Y115.514 E.02015
G1 X120.212 Y116.046 E.01757
G1 X120.038 Y116.868 E.02774
G1 X119.815 Y117.421 E.01969
G1 X119.582 Y117.916 E.01806
G1 X119.09 Y118.596 E.02771
G1 X118.65 Y119.037 E.02057
G1 X117.951 Y119.558 E.02878
G1 X117.421 Y119.815 E.01945
G1 X116.917 Y120.026 E.01804
G1 X116.096 Y120.202 E.02772
G1 X115.5 Y120.224 E.01969
G1 X114.954 Y120.212 E.01803
G1 X114.132 Y120.038 E.02774
G1 X113.579 Y119.815 E.01969
G1 X113.084 Y119.582 E.01806
G1 X112.649 Y119.285 E.01739
G1 X112.04 Y118.741 E.02696
G1 X111.679 Y118.276 E.01944
G1 X111.367 Y117.827 E.01805
G1 X111.024 Y117.061 E.02771
G1 X110.88 Y116.482 E.0197
G1 X110.778 Y115.945 E.01805
G1 X110.788 Y114.954 E.03272
G1 X110.962 Y114.132 E.02774
G1 X111.185 Y113.579 E.01969
G1 X111.418 Y113.084 E.01806
G1 X111.91 Y112.405 E.02769
G1 X112.339 Y111.99 E.01971
G1 X112.753 Y111.633 E.01805
G1 X113.48 Y111.212 E.02774
G1 X114.04 Y111.008 E.01968
G1 X114.564 Y110.85 E.01807
G1 X115.398 Y110.761 E.02769
G1 X115.945 Y110.778 E.01807
G1 X116.482 Y110.88 E.01805
G1 X117.014 Y111.005 E.01804
G1 X117.781 Y111.345 E.0277
G1 X118.227 Y111.645 E.01775
G1 X118.043 Y112 F9000
G1 F900
G1 X118.362 Y112.232 E.01302
G1 X119.047 Y112.991 E.03376
G1 X119.391 Y113.576 E.02241
G1 X119.619 Y114.116 E.01935
G1 X119.814 Y114.986 E.02944
G1 X119.826 Y115.514 E.01744
G1 X119.814 Y116.014 E.01651
G1 X119.65 Y116.785 E.02603
G1 X119.452 Y117.26 E.01699
G1 X119.232 Y117.724 E.01695
G1 X118.768 Y118.362 E.02605
G1 X118.376 Y118.75 E.01821
G1 X117.72 Y119.235 E.02694
G1 X116.785 Y119.65 E.03378
G1 X116.014 Y119.814 E.02603
G1 X115.5 Y119.826 E.01698
G1 X114.986 Y119.814 E.01698
G1 X114.215 Y119.65 E.02603
G1 X113.29 Y119.242 E.03338
G1 X112.873 Y118.957 E.01668
G1 X112.308 Y118.448 E.02511
G1 X111.708 Y117.62 E.03376
G1 X111.387 Y116.9 E.02603
G1 X111.268 Y116.4 E.01697
G1 X111.174 Y115.894 E.01699
G1 X111.186 Y114.986 E.02998
G1 X111.35 Y114.215 E.02603
G1 X111.548 Y113.74 E.01699
G1 X111.768 Y113.276 E.01695
G1 X112.232 Y112.638 E.02605
G1 X112.605 Y112.285 E.01696
G1 X112.995 Y111.95 E.01698
G1 X113.678 Y111.556 E.02603
G1 X114.163 Y111.385 E.01698
G1 X114.656 Y111.238 E.01699
G1 X115.44 Y111.156 E.02603
G1 X115.954 Y111.177 E.01699
G1 X116.785 Y111.35 E.02803
G1 X117.26 Y111.548 E.01699
G1 X117.724 Y111.768 E.01695
G1 X117.994 Y111.965 E.01104
G1 X117.814 Y112.315 F9000
;TYPE:External perimeter
;WIDTH:0.419999
G1 F900
G1 X118.134 Y112.545 E.01236
G1 X118.691 Y113.157 E.02595
G1 X119.058 Y113.772 E.02246
G1 X119.261 Y114.263 E.01666
G1 X119.435 Y115.067 E.02579
G1 X119.439 Y115.894 E.02593
G1 X119.271 Y116.705 E.02597
G1 X118.938 Y117.462 E.02593
G1 X118.455 Y118.135 E.02597
G1 X118.068 Y118.508 E.01685
G1 X117.495 Y118.92 E.02213
G1 X116.742 Y119.259 E.02589
G1 X115.933 Y119.435 E.02596
G1 X115.106 Y119.439 E.02593
G1 X114.295 Y119.271 E.02597
G1 X113.537 Y118.938 E.02596
G1 X113.091 Y118.638 E.01685
G1 X112.57 Y118.163 E.02211
G1 X112.081 Y117.497 E.02591
G1 X111.741 Y116.742 E.02596
G1 X111.565 Y115.933 E.02596
G1 X111.565 Y115.067 E.02715
G1 X111.729 Y114.295 E.02475
G1 X112.062 Y113.538 E.02593
G1 X112.545 Y112.866 E.02595
G1 X113.157 Y112.309 E.02595
G1 X113.872 Y111.891 E.02597
G1 X114.658 Y111.632 E.02595
G1 X115.48 Y111.541 E.02593
G1 X115.933 Y111.565 E.01422
G1 X116.705 Y111.729 E.02475
G1 X117.462 Y112.062 E.02593
G1 X117.766 Y112.28 E.01173
G1 E-3.5 F3600
;WIPE_START
G1 F7200
G1 X117.814 Y112.315 E-.02822
G1 X118.134 Y112.545 E-.18719
G1 X118.691 Y113.157 E-.39307
G1 X119.058 Y113.772 E-.34019
G1 X119.261 Y114.263 E-.25237
G1 X119.394 Y114.878 E-.29896
;WIPE_END
G1 X119.159 Y110.134 F9000
G1 E5 F2400
;TYPE:Perimeter
;WIDTH:0.439999
G1 F900
G1 X119.359 Y110.267 E.00793
G1 X119.953 Y110.767 E.02564
G1 X120.363 Y111.184 E.01931
G1 X120.884 Y111.865 E.02831
G1 X121.154 Y112.289 E.0166
G1 X121.459 Y112.898 E.02249
G1 X121.723 Y113.628 E.02563
G1 X121.87 Y114.194 E.01931
G1 X121.973 Y115.047 E.02837
G1 X122.001 Y115.56 E.01696
G1 X121.946 Y116.321 E.02519
G1 X121.85 Y116.897 E.01928
G1 X121.635 Y117.644 E.02567
G1 X121.421 Y118.187 E.01927
G1 X121.055 Y118.872 E.02564
G1 X120.733 Y119.359 E.01928
G1 X120.202 Y119.984 E.02708
G1 X119.773 Y120.398 E.01968
G1 X119.284 Y120.788 E.02065
G1 X118.625 Y121.198 E.02563
G1 X118.102 Y121.459 E.0193
G1 X117.372 Y121.723 E.02563
G1 X116.806 Y121.87 E.01931
G1 X116.037 Y121.976 E.02563
G1 X115.453 Y122.002 E.0193
G1 X114.679 Y121.946 E.02562
G1 X114.103 Y121.85 E.01928
G1 X113.356 Y121.635 E.02567
G1 X112.813 Y121.421 E.01927
G1 X112.092 Y121.032 E.02705
G1 X111.598 Y120.698 E.01969
G1 X111.115 Y120.301 E.02064
G1 X110.576 Y119.741 E.02566
G1 X110.212 Y119.284 E.01929
G1 X109.802 Y118.625 E.02563
G1 X109.541 Y118.102 E.0193
G1 X109.277 Y117.372 E.02563
G1 X109.13 Y116.806 E.01931
G1 X109.024 Y116.037 E.02563
G1 X108.998 Y115.453 E.0193
G1 X109.054 Y114.679 E.02562
G1 X109.15 Y114.103 E.01928
G1 X109.365 Y113.356 E.02567
G1 X109.579 Y112.813 E.01927
G1 X109.945 Y112.128 E.02564
G1 X110.267 Y111.641 E.01928
G1 X110.767 Y111.047 E.02564
G1 X111.184 Y110.637 E.01931
G1 X111.797 Y110.16 E.02565
G1 X112.289 Y109.846 E.01927
G1 X112.988 Y109.507 E.02565
G1 X113.535 Y109.302 E.01929
G1 X114.289 Y109.115 E.02565
G1 X114.866 Y109.03 E.01926
G1 X115.658 Y109.004 E.02616
G1 X116.321 Y109.054 E.02195
G1 X116.897 Y109.15 E.01928
G1 X117.644 Y109.365 E.02567
G1 X118.187 Y109.579 E.01927
G1 X118.872 Y109.945 E.02564
G1 X119.109 Y110.101 E.00937
G1 X119.326 Y109.766 F9000
G1 F900
G1 X119.557 Y109.916 E.00909
G1 X120.118 Y110.371 E.02385
G1 X120.629 Y110.882 E.02386
G1 X121.084 Y111.443 E.02385
G1 X121.477 Y112.049 E.02385
G1 X121.805 Y112.693 E.02386
G1 X122.064 Y113.367 E.02384
G1 X122.234 Y114 E.02164
G1 X122.323 Y114.521 E.01745
G1 X122.398 Y115.581 E.03509
G1 X122.364 Y116.221 E.02116
G1 X122.251 Y116.935 E.02387
G1 X122.064 Y117.633 E.02386
G1 X121.805 Y118.307 E.02384
G1 X121.477 Y118.951 E.02386
G1 X121.084 Y119.557 E.02385
G1 X120.629 Y120.118 E.02385
G1 X120.118 Y120.629 E.02386
G1 X119.557 Y121.084 E.02385
G1 X118.951 Y121.477 E.02385
G1 X118.307 Y121.805 E.02386
G1 X117.633 Y122.064 E.02384
G1 X116.935 Y122.251 E.02386
G1 X116.221 Y122.364 E.02387
G1 X115.5 Y122.402 E.02384
G1 X114.779 Y122.364 E.02384
G1 X114.065 Y122.251 E.02387
G1 X113.367 Y122.064 E.02386
G1 X112.693 Y121.805 E.02384
G1 X112.049 Y121.477 E.02386
G1 X111.443 Y121.084 E.02385
G1 X110.882 Y120.629 E.02385
G1 X110.371 Y120.118 E.02386
G1 X109.916 Y119.557 E.02385
G1 X109.523 Y118.951 E.02385
G1 X109.195 Y118.307 E.02386
G1 X108.936 Y117.633 E.02384
G1 X108.749 Y116.935 E.02386
G1 X108.636 Y116.221 E.02387
G1 X108.598 Y115.5 E.02384
G1 X108.636 Y114.779 E.02384
G1 X108.749 Y114.065 E.02387
G1 X108.936 Y113.367 E.02386
G1 X109.195 Y112.693 E.02384
G1 X109.523 Y112.049 E.02386
G1 X109.916 Y111.443 E.02385
G1 X110.371 Y110.882 E.02385
G1 X110.882 Y110.371 E.02386
G1 X111.443 Y109.916 E.02385
G1 X112.049 Y109.523 E.02385
G1 X112.693 Y109.195 E.02386
G1 X113.367 Y108.936 E.02384
G1 X114.065 Y108.749 E.02386
G1 X114.774 Y108.636 E.0237
G1 X115.621 Y108.604 E.02799
G1 X116.221 Y108.636 E.01984
G1 X116.935 Y108.749 E.02387
G1 X117.633 Y108.936 E.02386
G1 X118.307 Y109.195 E.02384
G1 X118.951 Y109.523 E.02386
G1 X119.276 Y109.734 E.01279
G1 X119.487 Y109.409 F9000
;TYPE:External perimeter
;WIDTH:0.419999
G1 F900
G1 X119.785 Y109.602 E.01113
G1 X120.378 Y110.083 E.02394
G1 X120.917 Y110.622 E.0239
G1 X121.398 Y111.215 E.02394
G1 X121.813 Y111.855 E.02392
G1 X122.159 Y112.535 E.02392
G1 X122.433 Y113.247 E.02392
G1 X122.608 Y113.9 E.0212
G1 X122.706 Y114.46 E.01783
G1 X122.756 Y114.995 E.01685
G1 X122.784 Y115.601 E.01902
G1 X122.75 Y116.262 E.02075
G1 X122.63 Y117.016 E.02394
G1 X122.433 Y117.753 E.02392
G1 X122.159 Y118.465 E.02392
G1 X121.813 Y119.145 E.02392
G1 X121.398 Y119.785 E.02392
G1 X120.917 Y120.378 E.02394
G1 X120.378 Y120.917 E.0239
G1 X119.785 Y121.398 E.02394
G1 X119.145 Y121.813 E.02392
G1 X118.465 Y122.159 E.02392
G1 X117.753 Y122.433 E.02392
G1 X117.016 Y122.63 E.02392
G1 X116.262 Y122.75 E.02394
G1 X115.5 Y122.79 E.02392
G1 X114.738 Y122.75 E.02392
G1 X113.984 Y122.63 E.02394
G1 X113.247 Y122.433 E.02392
G1 X112.535 Y122.159 E.02392
G1 X111.855 Y121.813 E.02392
G1 X111.215 Y121.398 E.02392
G1 X110.622 Y120.917 E.02394
G1 X110.083 Y120.378 E.0239
G1 X109.602 Y119.785 E.02394
G1 X109.187 Y119.145 E.02392
G1 X108.841 Y118.465 E.02392
G1 X108.567 Y117.753 E.02392
G1 X108.37 Y117.016 E.02392
G1 X108.25 Y116.262 E.02394
G1 X108.21 Y115.5 E.02392
G1 X108.25 Y114.738 E.02392
G1 X108.37 Y113.984 E.02394
G1 X108.567 Y113.247 E.02392
G1 X108.841 Y112.535 E.02392
G1 X109.187 Y111.855 E.02392
G1 X109.602 Y111.215 E.02392
G1 X110.083 Y110.622 E.02394
G1 X110.622 Y110.083 E.0239
G1 X111.215 Y109.602 E.02394
G1 X111.855 Y109.187 E.02392
G1 X112.535 Y108.841 E.02392
G1 X113.247 Y108.567 E.02392
G1 X113.984 Y108.37 E.02392
G1 X114.737 Y108.25 E.02391
G1 X115.624 Y108.217 E.02783
G1 X116.262 Y108.25 E.02003
G1 X117.016 Y108.37 E.02394
G1 X117.753 Y108.567 E.02392
G1 X118.465 Y108.841 E.02392
G1 X119.145 Y109.187 E.02392
G1 X119.436 Y109.376 E.01088
G1 E-3.5 F3600
;WIPE_START
G1 F7200
G1 X119.487 Y109.409 E-.02885
G1 X119.785 Y109.602 E-.16864
G1 X120.378 Y110.083 E-.36269
G1 X120.917 Y110.622 E-.36207
G1 X121.398 Y111.215 E-.36269
G1 X121.644 Y111.595 E-.21506
;WIPE_END
G1 X118.307 Y111.331 F9000
G1 E5 F2400
;TYPE:Internal infill
;WIDTH:0.44
G1 F900
G1 X118.025 Y111.126 E.01151
G1 X117.119 Y110.717 E.03282
G1 X116.104 Y110.488 E.03435
G1 X114.949 Y109.333 E.05393
G1 X116.054 Y109.331 E.03648
G1 X114.872 Y110.513 E.05519
G1 X114.45 Y110.56 E.01402
G1 X113.446 Y110.886 E.03485
G1 X112.531 Y111.414 E.03488
G1 X111.943 Y111.943 E.02611
G1 X111.123 Y111.123 E.03829
G1 X111.857 Y110.485 E.03211
G1 X112.401 Y110.132 E.02141
G1 X113.083 Y109.798 E.02507
G1 E-3.5 F3600
;WIPE_START
G1 F7200
G1 X112.401 Y110.132 E-.36071
G1 X111.857 Y110.485 E-.30803
G1 X111.123 Y111.123 E-.46195
G1 X111.673 Y111.673 E-.36931
;WIPE_END
G1 X111.335 Y112.688 F9000
G1 E5 F2400
G1 F900
G1 X111.126 Y112.975 E.01172
G1 X110.697 Y113.939 E.03484
G1 X110.495 Y114.89 E.0321
G1 X109.331 Y116.054 E.05435
G1 X109.302 Y115.5 E.01832
G1 X109.331 Y114.946 E.01832
G1 X110.491 Y116.107 E.05419
G1 X110.697 Y117.061 E.03222
G1 X111.126 Y118.025 E.03484
G1 X111.332 Y118.309 E.01158
G1 X109.798 Y117.917 F9000
G1 F900
G1 X110.132 Y118.599 E.02507
G1 X110.485 Y119.143 E.02141
G1 X111.123 Y119.877 E.03211
G1 X111.941 Y119.059 E.0382
G1 X112.394 Y119.476 E.02033
G1 X113.031 Y119.904 E.02534
G1 X113.999 Y120.321 E.0348
G1 X114.89 Y120.506 E.03005
G1 X116.054 Y121.669 E.05433
G1 X114.946 Y121.669 E.03658
G1 X116.107 Y120.509 E.05419
G1 X117.061 Y120.303 E.03222
G1 X117.97 Y119.904 E.03278
G1 X118.309 Y119.668 E.01364
G1 X117.917 Y121.202 F9000
G1 F900
G1 X118.599 Y120.868 E.02507
G1 X119.143 Y120.515 E.02141
G1 X119.877 Y119.877 E.03211
G1 X119.059 Y119.059 E.0382
G1 X119.294 Y118.831 E.01081
G1 X119.874 Y118.025 E.03279
G1 X120.303 Y117.061 E.03484
G1 X120.505 Y116.11 E.0321
G1 X121.661 Y114.955 E.05395
G1 X121.669 Y116.054 E.03629
G1 X120.5 Y114.884 E.05461
G1 X120.321 Y114 E.02978
G1 X120.035 Y113.288 E.02533
G1 X119.586 Y112.531 E.02906
G1 X119.057 Y111.943 E.02611
G1 X119.877 Y111.123 E.03829
G1 X120.515 Y111.857 E.03211
G1 X120.868 Y112.401 E.02141
G1 X121.202 Y113.083 E.02507
;LAYER_CHANGE
;Z:8.4
;HEIGHT:0.2
;BEFORE_LAYER_CHANGE
G92 E0
;8.4


G1 E-3.5 F3600
;WIPE_START
G1 F7200
G1 X120.868 Y112.401 E-.36071
G1 X120.515 Y111.857 E-.30803
G1 X119.877 Y111.123 E-.46195
G1 X119.327 Y111.673 E-.36931
;WIPE_END
G1 Z8.4 F9000
;AFTER_LAYER_CHANGE
;8.4
G1 X119.815 Y113.579
G1 E5 F2400
;TYPE:Perimeter
;WIDTH:0.439999
G1 F900
G1 X119.975 Y113.939 E.01301
G1 X120.12 Y114.518 E.01971
G1 X120.222 Y115.055 E.01805
G1 X120.224 Y115.894 E.0277
G1 X120.12 Y116.482 E.01972
G1 X119.995 Y117.014 E.01804
G1 X119.655 Y117.781 E.0277
G1 X119.321 Y118.276 E.01972
G1 X118.99 Y118.712 E.01807
G1 X118.368 Y119.274 E.02768
G1 X117.862 Y119.591 E.01971
G1 X117.383 Y119.854 E.01804
G1 X116.585 Y120.114 E.02771
G1 X115.994 Y120.198 E.01971
G1 X115.449 Y120.243 E.01806
G1 X114.614 Y120.156 E.02772
G1 X114.04 Y119.992 E.01971
G1 X113.524 Y119.812 E.01804
G1 X112.797 Y119.394 E.02769
G1 X112.339 Y119.01 E.01973
G1 X111.941 Y118.636 E.01803
G1 X111.447 Y117.958 E.0277
G1 X111.185 Y117.421 E.01973
G1 X110.974 Y116.917 E.01804
G1 X110.798 Y116.096 E.02772
G1 X110.776 Y115.5 E.01969
G1 X110.788 Y114.954 E.01803
G1 X110.962 Y114.132 E.02774
G1 X111.185 Y113.579 E.01969
G1 X111.418 Y113.084 E.01806
G1 X111.91 Y112.405 E.02769
G1 X112.339 Y111.99 E.01971
G1 X112.753 Y111.633 E.01805
G1 X113.48 Y111.212 E.02774
G1 X114.04 Y111.008 E.01968
G1 X114.564 Y110.85 E.01807
G1 X115.398 Y110.761 E.02769
G1 X115.994 Y110.802 E.01972
G1 X116.536 Y110.871 E.01804
G1 X117.335 Y111.129 E.02772
G1 X117.862 Y111.409 E.0197
G1 X118.329 Y111.693 E.01805
G1 X118.954 Y112.254 E.02773
G1 X119.321 Y112.724 E.01969
G1 X119.633 Y113.173 E.01805
G1 X119.79 Y113.524 E.0127
G1 X119.452 Y113.74 F9000
G1 F900
G1 X119.613 Y114.1 E.01302
G1 X119.732 Y114.6 E.01697
G1 X119.826 Y115.106 E.01699
G1 X119.826 Y115.894 E.02602
G1 X119.732 Y116.4 E.01699
G1 X119.613 Y116.9 E.01697
G1 X119.292 Y117.62 E.02603
G1 X119 Y118.043 E.01697
G1 X118.688 Y118.452 E.01698
G1 X118.102 Y118.979 E.02602
G1 X117.663 Y119.247 E.01698
G1 X117.212 Y119.493 E.01696
G1 X116.462 Y119.737 E.02604
G1 X115.952 Y119.803 E.01698
G1 X115.44 Y119.844 E.01696
G1 X114.656 Y119.762 E.02603
G1 X113.705 Y119.458 E.03296
G1 X112.995 Y119.05 E.02704
G1 X112.605 Y118.715 E.01698
G1 X112.232 Y118.362 E.01696
G1 X111.768 Y117.724 E.02605
G1 X111.548 Y117.26 E.01695
G1 X111.35 Y116.785 E.01699
G1 X111.186 Y116.014 E.02603
G1 X111.174 Y115.5 E.01698
G1 X111.186 Y114.986 E.01698
G1 X111.35 Y114.215 E.02603
G1 X111.548 Y113.74 E.01699
G1 X111.768 Y113.276 E.01695
G1 X112.232 Y112.638 E.02605
G1 X112.605 Y112.285 E.01696
G1 X112.995 Y111.95 E.01698
G1 X113.678 Y111.556 E.02603
G1 X114.163 Y111.385 E.01698
G1 X114.656 Y111.238 E.01699
G1 X115.44 Y111.156 E.02603
G1 X115.952 Y111.197 E.01696
G1 X116.462 Y111.263 E.01698
G1 X117.212 Y111.507 E.02604
G1 X117.663 Y111.753 E.01696
G1 X118.102 Y112.021 E.01698
G1 X118.688 Y112.549 E.02604
G1 X119 Y112.957 E.01696
G1 X119.292 Y113.38 E.01697
G1 X119.428 Y113.685 E.01103
G1 X119.097 Y113.899 F9000
;TYPE:External perimeter
;WIDTH:0.419999
G1 F900
G1 X119.259 Y114.258 E.01235
G1 X119.435 Y115.067 E.02596
G1 X119.439 Y115.894 E.02593
G1 X119.271 Y116.705 E.02597
G1 X118.938 Y117.462 E.02593
G1 X118.455 Y118.135 E.02597
G1 X117.843 Y118.691 E.02593
G1 X117.128 Y119.109 E.02597
G1 X116.342 Y119.368 E.02595
G1 X115.52 Y119.459 E.02593
G1 X114.696 Y119.377 E.02596
G1 X113.908 Y119.125 E.02594
G1 X113.189 Y118.714 E.02597
G1 X112.571 Y118.164 E.02594
G1 X112.081 Y117.497 E.02595
G1 X111.741 Y116.742 E.02596
G1 X111.565 Y115.933 E.02596
G1 X111.561 Y115.106 E.02593
G1 X111.729 Y114.295 E.02597
G1 X112.062 Y113.538 E.02593
G1 X112.545 Y112.866 E.02595
G1 X113.157 Y112.309 E.02595
G1 X113.872 Y111.891 E.02597
G1 X114.658 Y111.632 E.02595
G1 X115.48 Y111.541 E.02593
G1 X116.304 Y111.623 E.02596
G1 X117.092 Y111.875 E.02594
G1 X117.811 Y112.286 E.02597
G1 X118.429 Y112.836 E.02594
G1 X118.919 Y113.503 E.02595
G1 X119.072 Y113.844 E.01172
G1 E-3.5 F3600
;WIPE_START
G1 F7200
G1 X119.097 Y113.899 E-.0287
G1 X119.259 Y114.258 E-.18708
G1 X119.435 Y115.067 E-.39326
G1 X119.439 Y115.894 E-.39283
G1 X119.271 Y116.705 E-.3934
G1 X119.182 Y116.907 E-.10473
;WIPE_END
G1 X121.351 Y112.683 F9000
G1 E5 F2400
;TYPE:Perimeter
;WIDTH:0.439999
G1 F900
G1 X121.459 Y112.898 E.00794
G1 X121.723 Y113.628 E.02563
G1 X121.87 Y114.194 E.01931
G1 X121.976 Y114.963 E.02563
G1 X122.002 Y115.547 E.0193
G1 X121.946 Y116.321 E.02562
G1 X121.85 Y116.897 E.01928
G1 X121.635 Y117.644 E.02567
G1 X121.421 Y118.187 E.01927
G1 X121.055 Y118.872 E.02564
G1 X120.733 Y119.359 E.01928
G1 X120.232 Y119.954 E.02568
G1 X119.816 Y120.363 E.01926
G1 X119.203 Y120.84 E.02565
G1 X118.711 Y121.154 E.01927
G1 X118.012 Y121.493 E.02565
G1 X117.465 Y121.698 E.01929
G1 X116.711 Y121.885 E.02565
G1 X116.133 Y121.971 E.01929
G1 X115.357 Y121.997 E.02564
G1 X114.774 Y121.962 E.01928
G1 X114.009 Y121.825 E.02566
G1 X113.446 Y121.669 E.01929
G1 X112.727 Y121.377 E.02562
G1 X112.209 Y121.108 E.01927
G1 X111.566 Y120.672 E.02565
G1 X111.115 Y120.301 E.01928
G1 X110.576 Y119.741 E.02566
G1 X110.212 Y119.284 E.01929
G1 X109.802 Y118.625 E.02563
G1 X109.541 Y118.102 E.0193
G1 X109.277 Y117.372 E.02563
G1 X109.13 Y116.806 E.01931
G1 X109.024 Y116.037 E.02563
G1 X108.998 Y115.453 E.0193
G1 X109.054 Y114.679 E.02562
G1 X109.15 Y114.103 E.01928
G1 X109.365 Y113.356 E.02567
G1 X109.579 Y112.813 E.01927
G1 X109.945 Y112.128 E.02564
G1 X110.267 Y111.641 E.01928
G1 X110.767 Y111.047 E.02564
G1 X111.184 Y110.637 E.01931
G1 X111.797 Y110.16 E.02565
G1 X112.289 Y109.846 E.01927
G1 X112.988 Y109.507 E.02565
G1 X113.535 Y109.302 E.01929
G1 X114.289 Y109.115 E.02565
G1 X114.867 Y109.029 E.01929
G1 X115.643 Y109.003 E.02564
G1 X116.226 Y109.038 E.01928
G1 X116.991 Y109.175 E.02566
G1 X117.554 Y109.331 E.01929
G1 X118.273 Y109.623 E.02562
G1 X118.791 Y109.892 E.01927
G1 X119.434 Y110.328 E.02565
G1 X119.885 Y110.699 E.01928
G1 X120.424 Y111.259 E.02566
G1 X120.788 Y111.716 E.01929
G1 X121.198 Y112.375 E.02563
G1 X121.325 Y112.629 E.00938
G1 X121.68 Y112.448 F9000
G1 F900
G1 X121.805 Y112.693 E.00908
G1 X122.064 Y113.367 E.02384
G1 X122.234 Y114 E.02164
G1 X122.323 Y114.521 E.01745
G1 X122.378 Y115.039 E.0172
G1 X122.399 Y115.567 E.01745
G1 X122.364 Y116.221 E.02162
G1 X122.251 Y116.935 E.02387
G1 X122.064 Y117.633 E.02386
G1 X121.805 Y118.307 E.02384
G1 X121.477 Y118.951 E.02386
G1 X121.084 Y119.557 E.02385
G1 X120.629 Y120.118 E.02385
G1 X120.118 Y120.629 E.02386
G1 X119.557 Y121.084 E.02385
G1 X118.951 Y121.477 E.02385
G1 X118.307 Y121.805 E.02386
G1 X117.633 Y122.064 E.02384
G1 X116.935 Y122.251 E.02386
G1 X116.221 Y122.364 E.02387
G1 X115.5 Y122.402 E.02384
G1 X114.779 Y122.364 E.02384
G1 X114.065 Y122.251 E.02387
G1 X113.367 Y122.064 E.02386
G1 X112.693 Y121.805 E.02384
G1 X112.049 Y121.477 E.02386
G1 X111.443 Y121.084 E.02385
G1 X110.882 Y120.629 E.02385
G1 X110.371 Y120.118 E.02386
G1 X109.916 Y119.557 E.02385
G1 X109.523 Y118.951 E.02385
G1 X109.195 Y118.307 E.02386
G1 X108.936 Y117.633 E.02384
G1 X108.749 Y116.935 E.02386
G1 X108.636 Y116.221 E.02387
G1 X108.598 Y115.5 E.02384
G1 X108.636 Y114.779 E.02384
G1 X108.749 Y114.065 E.02387
G1 X108.936 Y113.367 E.02386
G1 X109.195 Y112.693 E.02384
G1 X109.523 Y112.049 E.02386
G1 X109.916 Y111.443 E.02385
G1 X110.371 Y110.882 E.02385
G1 X110.882 Y110.371 E.02386
G1 X111.443 Y109.916 E.02385
G1 X112.049 Y109.523 E.02385
G1 X112.693 Y109.195 E.02386
G1 X113.367 Y108.936 E.02384
G1 X114.065 Y108.749 E.02386
G1 X114.779 Y108.636 E.02387
G1 X115.5 Y108.598 E.02384
G1 X116.221 Y108.636 E.02384
G1 X116.935 Y108.749 E.02387
G1 X117.633 Y108.936 E.02386
G1 X118.307 Y109.195 E.02384
G1 X118.951 Y109.523 E.02386
G1 X119.557 Y109.916 E.02385
G1 X120.118 Y110.371 E.02385
G1 X120.629 Y110.882 E.02386
G1 X121.084 Y111.443 E.02385
G1 X121.477 Y112.049 E.02385
G1 X121.653 Y112.394 E.01279
G1 X121.998 Y112.218 F9000
;TYPE:External perimeter
;WIDTH:0.419999
G1 F900
G1 X122.159 Y112.535 E.01115
G1 X122.433 Y113.247 E.02392
G1 X122.608 Y113.9 E.0212
G1 X122.706 Y114.46 E.01783
G1 X122.764 Y115.019 E.01762
G1 X122.785 Y115.588 E.01785
G1 X122.75 Y116.262 E.02116
G1 X122.63 Y117.016 E.02394
G1 X122.433 Y117.753 E.02392
G1 X122.159 Y118.465 E.02392
G1 X121.813 Y119.145 E.02392
G1 X121.398 Y119.785 E.02392
G1 X120.917 Y120.378 E.02394
G1 X120.378 Y120.917 E.0239
G1 X119.785 Y121.398 E.02394
G1 X119.145 Y121.813 E.02392
G1 X118.465 Y122.159 E.02392
G1 X117.753 Y122.433 E.02392
G1 X117.016 Y122.63 E.02392
G1 X116.262 Y122.75 E.02394
G1 X115.5 Y122.79 E.02392
G1 X114.738 Y122.75 E.02392
G1 X113.984 Y122.63 E.02394
G1 X113.247 Y122.433 E.02392
G1 X112.535 Y122.159 E.02392
G1 X111.855 Y121.813 E.02392
G1 X111.215 Y121.398 E.02392
G1 X110.622 Y120.917 E.02394
G1 X110.083 Y120.378 E.0239
G1 X109.602 Y119.785 E.02394
G1 X109.187 Y119.145 E.02392
G1 X108.841 Y118.465 E.02392
G1 X108.567 Y117.753 E.02392
G1 X108.37 Y117.016 E.02392
G1 X108.25 Y116.262 E.02394
G1 X108.21 Y115.5 E.02392
G1 X108.25 Y114.738 E.02392
G1 X108.37 Y113.984 E.02394
G1 X108.567 Y113.247 E.02392
G1 X108.841 Y112.535 E.02392
G1 X109.187 Y111.855 E.02392
G1 X109.602 Y111.215 E.02392
G1 X110.083 Y110.622 E.02394
G1 X110.622 Y110.083 E.0239
G1 X111.215 Y109.602 E.02394
G1 X111.855 Y109.187 E.02392
G1 X112.535 Y108.841 E.02392
G1 X113.247 Y108.567 E.02392
G1 X113.984 Y108.37 E.02392
G1 X114.738 Y108.25 E.02394
G1 X115.5 Y108.21 E.02392
G1 X116.262 Y108.25 E.02392
G1 X117.016 Y108.37 E.02394
G1 X117.753 Y108.567 E.02392
G1 X118.465 Y108.841 E.02392
G1 X119.145 Y109.187 E.02392
G1 X119.785 Y109.602 E.02392
G1 X120.378 Y110.083 E.02394
G1 X120.917 Y110.622 E.0239
G1 X121.398 Y111.215 E.02394
G1 X121.813 Y111.855 E.02392
G1 X121.971 Y112.165 E.01091
G1 E-3.5 F3600
;WIPE_START
G1 F7200
G1 X121.998 Y112.218 E-.02825
G1 X122.159 Y112.535 E-.16888
G1 X122.433 Y113.247 E-.36238
G1 X122.608 Y113.9 E-.32112
G1 X122.706 Y114.46 E-.27004
G1 X122.764 Y115.019 E-.26695
G1 X122.77 Y115.192 E-.08238
;WIPE_END
G1 X119.669 Y112.688 F9000
G1 E5 F2400
;TYPE:Internal infill
;WIDTH:0.44
G1 F900
G1 X119.874 Y112.975 E.01165
G1 X120.257 Y113.819 E.0306
G1 X120.507 Y114.892 E.03638
G1 X121.669 Y116.054 E.05426
G1 X121.698 Y115.5 E.01832
G1 X121.669 Y114.946 E.01832
G1 X120.505 Y116.11 E.05435
G1 X120.303 Y117.061 E.0321
G1 X119.874 Y118.025 E.03484
G1 X119.665 Y118.312 E.01172
G1 E-3.5 F3600
;WIPE_START
G1 F7200
G1 X119.874 Y118.025 E-.16864
G1 X120.303 Y117.061 E-.5012
G1 X120.505 Y116.11 E-.4618
G1 X121.053 Y115.562 E-.36836
;WIPE_END
G1 X117.917 Y121.202 F9000
G1 E5 F2400
G1 F900
G1 X118.599 Y120.868 E.02507
G1 X119.143 Y120.515 E.02141
G1 X119.877 Y119.877 E.03211
G1 X119.057 Y119.057 E.03829
G1 X118.469 Y119.586 E.02611
G1 X117.554 Y120.114 E.03488
G1 X116.55 Y120.44 E.03485
G1 X116.131 Y120.484 E.01391
G1 X114.946 Y121.669 E.05533
G1 X116.054 Y121.669 E.03658
G1 X114.869 Y120.484 E.05533
G1 X114.45 Y120.44 E.01391
G1 X113.446 Y120.114 E.03485
G1 X112.532 Y119.586 E.03485
G1 X111.94 Y119.06 E.02615
G1 X111.123 Y119.877 E.03815
G1 X110.485 Y119.143 E.03211
G1 X110.132 Y118.599 E.02141
G1 X109.798 Y117.917 E.02507
G1 X111.331 Y118.312 F9000
G1 F900
G1 X111.126 Y118.025 E.01165
G1 X110.743 Y117.181 E.0306
G1 X110.493 Y116.108 E.03638
G1 X109.331 Y114.946 E.05426
G1 X109.302 Y115.5 E.01832
G1 X109.331 Y116.054 E.01832
G1 X110.495 Y114.89 E.05435
G1 X110.697 Y113.939 E.0321
G1 X111.126 Y112.975 E.03484
G1 X111.335 Y112.688 E.01172
G1 E-3.5 F3600
;WIPE_START
G1 F7200
G1 X111.126 Y112.975 E-.16864
G1 X110.697 Y113.939 E-.5012
G1 X110.495 Y114.89 E-.4618
G1 X109.947 Y115.438 E-.36836
;WIPE_END
G1 X113.083 Y109.798 F9000
G1 E5 F2400
G1 F900
G1 X112.401 Y110.132 E.02507
G1 X111.857 Y110.485 E.02141
G1 X111.123 Y111.123 E.03211
G1 X111.943 Y111.943 E.03829
G1 X112.531 Y111.414 E.02611
G1 X113.446 Y110.886 E.03488
G1 X114.45 Y110.56 E.03485
G1 X114.871 Y110.514 E.01398
G1 X116.054 Y109.331 E.05524
G1 X115.535 Y109.304 E.01716
G1 X114.947 Y109.331 E.01943
G1 X116.128 Y110.513 E.05517
G1 X116.55 Y110.56 E.01402
G1 X117.554 Y110.886 E.03485
G1 X118.468 Y111.414 E.03485
G1 X119.06 Y111.94 E.02615
G1 X119.877 Y111.123 E.03815
G1 X119.143 Y110.485 E.03211
G1 X118.599 Y110.132 E.02141
G1 X117.917 Y109.798 E.02507
;LAYER_CHANGE
;Z:8.6
;HEIGHT:0.200001
;BEFORE_LAYER_CHANGE
G92 E0
;8.6


G1 E-3.5 F3600
;WIPE_START
G1 F7200
G1 X118.599 Y110.132 E-.36071
G1 X119.143 Y110.485 E-.30803
G1 X119.877 Y111.123 E-.46195
G1 X119.328 Y111.672 E-.36931
;WIPE_END
G1 Z8.6 F9000
;AFTER_LAYER_CHANGE
;8.6
G1 X117.425 Y111.177
G1 E5 F2400
;TYPE:Perimeter
;WIDTH:0.439999
G1 F900
G1 X117.862 Y111.409 E.01634
G1 X118.329 Y111.693 E.01805
G1 X118.954 Y112.254 E.02773
G1 X119.321 Y112.724 E.01969
G1 X119.633 Y113.173 E.01805
G1 X119.976 Y113.939 E.02771
G1 X120.12 Y114.518 E.0197
G1 X120.222 Y115.055 E.01805
G1 X120.224 Y115.894 E.0277
G1 X120.12 Y116.482 E.01972
G1 X119.995 Y117.014 E.01804
G1 X119.655 Y117.781 E.0277
G1 X119.321 Y118.276 E.01972
G1 X118.991 Y118.711 E.01803
G1 X118.368 Y119.274 E.02772
G1 X117.862 Y119.591 E.01971
G1 X117.383 Y119.854 E.01804
G1 X116.585 Y120.114 E.02771
G1 X115.994 Y120.198 E.01971
G1 X115.449 Y120.243 E.01806
G1 X114.614 Y120.156 E.02772
G1 X114.04 Y119.992 E.01971
G1 X113.524 Y119.812 E.01804
G1 X112.797 Y119.394 E.02769
G1 X112.339 Y119.01 E.01973
G1 X111.941 Y118.636 E.01803
G1 X111.447 Y117.957 E.02772
G1 X111.185 Y117.421 E.0197
G1 X110.974 Y116.917 E.01804
G1 X110.798 Y116.096 E.02772
G1 X110.776 Y115.5 E.01969
G1 X110.788 Y114.954 E.01803
G1 X110.962 Y114.132 E.02774
G1 X111.185 Y113.579 E.01969
G1 X111.418 Y113.084 E.01806
G1 X111.91 Y112.405 E.02769
G1 X112.339 Y111.99 E.01971
G1 X112.753 Y111.633 E.01805
G1 X113.48 Y111.212 E.02774
G1 X114.04 Y111.008 E.01968
G1 X114.564 Y110.85 E.01807
G1 X115.398 Y110.761 E.02769
G1 X115.994 Y110.802 E.01972
G1 X116.536 Y110.871 E.01804
G1 X117.335 Y111.129 E.02772
G1 X117.372 Y111.149 E.00139
G1 X117.265 Y111.536 F9000
G1 F900
G1 X117.663 Y111.753 E.01497
G1 X118.102 Y112.021 E.01698
G1 X118.688 Y112.549 E.02604
G1 X119 Y112.957 E.01696
G1 X119.292 Y113.38 E.01697
G1 X119.613 Y114.1 E.02603
G1 X119.732 Y114.6 E.01697
G1 X119.826 Y115.106 E.01699
G1 X119.826 Y115.894 E.02602
G1 X119.732 Y116.4 E.01699
G1 X119.613 Y116.9 E.01697
G1 X119.292 Y117.62 E.02603
G1 X119 Y118.043 E.01697
G1 X118.688 Y118.451 E.01696
G1 X118.102 Y118.979 E.02604
G1 X117.663 Y119.247 E.01698
G1 X117.212 Y119.493 E.01696
G1 X116.462 Y119.737 E.02604
G1 X115.952 Y119.803 E.01698
G1 X115.44 Y119.844 E.01696
G1 X114.656 Y119.762 E.02603
G1 X114.163 Y119.615 E.01699
G1 X113.678 Y119.444 E.01698
G1 X112.995 Y119.05 E.02603
G1 X112.605 Y118.715 E.01698
G1 X112.232 Y118.362 E.01696
G1 X111.768 Y117.724 E.02605
G1 X111.548 Y117.26 E.01695
G1 X111.35 Y116.785 E.01699
G1 X111.186 Y116.014 E.02603
G1 X111.174 Y115.5 E.01698
G1 X111.186 Y114.986 E.01698
G1 X111.35 Y114.215 E.02603
G1 X111.548 Y113.74 E.01699
G1 X111.768 Y113.276 E.01695
G1 X112.232 Y112.638 E.02605
G1 X112.605 Y112.285 E.01696
G1 X112.995 Y111.95 E.01698
G1 X113.678 Y111.556 E.02603
G1 X114.163 Y111.385 E.01698
G1 X114.656 Y111.238 E.01699
G1 X115.44 Y111.156 E.02603
G1 X115.952 Y111.197 E.01696
G1 X116.462 Y111.263 E.01698
G1 X117.212 Y111.507 E.02604
G1 X117.11 Y111.885 F9000
;TYPE:External perimeter
;WIDTH:0.419999
G1 F900
G1 X117.811 Y112.286 E.02532
G1 X118.429 Y112.836 E.02594
G1 X118.919 Y113.503 E.02595
G1 X119.259 Y114.258 E.02596
G1 X119.435 Y115.067 E.02596
G1 X119.439 Y115.894 E.02593
G1 X119.271 Y116.705 E.02597
G1 X118.938 Y117.462 E.02593
G1 X118.455 Y118.134 E.02595
G1 X117.843 Y118.691 E.02595
G1 X117.128 Y119.109 E.02597
G1 X116.342 Y119.368 E.02595
G1 X115.52 Y119.459 E.02593
G1 X114.696 Y119.377 E.02596
G1 X113.908 Y119.125 E.02594
G1 X113.189 Y118.714 E.02597
G1 X112.571 Y118.164 E.02594
G1 X112.081 Y117.497 E.02595
G1 X111.741 Y116.742 E.02596
G1 X111.565 Y115.933 E.02596
G1 X111.565 Y115.067 E.02715
G1 X111.729 Y114.295 E.02475
G1 X112.062 Y113.538 E.02593
G1 X112.545 Y112.866 E.02595
G1 X113.157 Y112.309 E.02595
G1 X113.872 Y111.891 E.02597
G1 X114.658 Y111.632 E.02595
G1 X115.48 Y111.541 E.02593
G1 X116.304 Y111.623 E.02596
G1 X117.054 Y111.863 E.02469
G1 E-3.5 F3600
;WIPE_START
G1 F7200
G1 X117.11 Y111.885 E-.02858
G1 X117.811 Y112.286 E-.38361
G1 X118.429 Y112.836 E-.39297
G1 X118.919 Y113.503 E-.39313
G1 X119.18 Y114.082 E-.30171
;WIPE_END
G1 X117.962 Y109.497 F9000
G1 E5 F2400
;TYPE:Perimeter
;WIDTH:0.439999
G1 F900
G1 X118.273 Y109.623 E.01108
G1 X118.791 Y109.892 E.01927
G1 X119.434 Y110.328 E.02565
G1 X119.885 Y110.699 E.01928
G1 X120.424 Y111.259 E.02566
G1 X120.788 Y111.716 E.01929
G1 X121.198 Y112.375 E.02563
G1 X121.459 Y112.898 E.0193
G1 X121.723 Y113.628 E.02563
G1 X121.87 Y114.194 E.01931
G1 X121.976 Y114.963 E.02563
G1 X122.002 Y115.547 E.0193
G1 X121.946 Y116.321 E.02562
G1 X121.85 Y116.897 E.01928
G1 X121.635 Y117.644 E.02567
G1 X121.421 Y118.187 E.01927
G1 X121.055 Y118.872 E.02564
G1 X120.733 Y119.359 E.01928
G1 X120.233 Y119.953 E.02564
G1 X119.816 Y120.363 E.01931
G1 X119.203 Y120.84 E.02565
G1 X118.711 Y121.154 E.01927
G1 X118.012 Y121.493 E.02565
G1 X117.465 Y121.698 E.01929
G1 X116.711 Y121.885 E.02565
G1 X116.133 Y121.971 E.01929
G1 X115.357 Y121.997 E.02564
G1 X114.774 Y121.962 E.01928
G1 X114.009 Y121.825 E.02566
G1 X113.446 Y121.669 E.01929
G1 X112.727 Y121.377 E.02562
G1 X112.209 Y121.108 E.01927
G1 X111.566 Y120.672 E.02565
G1 X111.115 Y120.301 E.01928
G1 X110.576 Y119.741 E.02566
G1 X110.212 Y119.284 E.01929
G1 X109.802 Y118.625 E.02563
G1 X109.541 Y118.102 E.0193
G1 X109.277 Y117.372 E.02563
G1 X109.13 Y116.806 E.01931
G1 X109.024 Y116.037 E.02563
G1 X108.998 Y115.453 E.0193
G1 X109.054 Y114.679 E.02562
G1 X109.15 Y114.103 E.01928
G1 X109.365 Y113.356 E.02567
G1 X109.579 Y112.813 E.01927
G1 X109.945 Y112.128 E.02564
G1 X110.267 Y111.641 E.01928
G1 X110.767 Y111.047 E.02564
G1 X111.184 Y110.637 E.01931
G1 X111.797 Y110.16 E.02565
G1 X112.289 Y109.846 E.01927
G1 X112.988 Y109.507 E.02565
G1 X113.535 Y109.302 E.01929
G1 X114.289 Y109.115 E.02565
G1 X114.867 Y109.029 E.01929
G1 X115.643 Y109.003 E.02564
G1 X116.226 Y109.038 E.01928
G1 X116.991 Y109.175 E.02566
G1 X117.554 Y109.331 E.01929
G1 X117.907 Y109.474 E.01258
G1 X118.052 Y109.097 F9000
G1 F900
G1 X118.307 Y109.195 E.00902
G1 X118.951 Y109.523 E.02386
G1 X119.557 Y109.916 E.02385
G1 X120.118 Y110.371 E.02385
G1 X120.629 Y110.882 E.02386
G1 X121.084 Y111.443 E.02385
G1 X121.477 Y112.049 E.02385
G1 X121.805 Y112.693 E.02386
G1 X122.064 Y113.367 E.02384
G1 X122.234 Y114 E.02164
G1 X122.323 Y114.521 E.01745
G1 X122.378 Y115.039 E.0172
G1 X122.399 Y115.567 E.01745
G1 X122.364 Y116.221 E.02162
G1 X122.251 Y116.935 E.02387
G1 X122.064 Y117.633 E.02386
G1 X121.805 Y118.307 E.02384
G1 X121.477 Y118.951 E.02386
G1 X121.084 Y119.557 E.02385
G1 X120.629 Y120.118 E.02385
G1 X120.118 Y120.629 E.02386
G1 X119.557 Y121.084 E.02385
G1 X118.951 Y121.477 E.02385
G1 X118.307 Y121.805 E.02386
G1 X117.633 Y122.064 E.02384
G1 X116.935 Y122.251 E.02386
G1 X116.221 Y122.364 E.02387
G1 X115.5 Y122.402 E.02384
G1 X114.779 Y122.364 E.02384
G1 X114.065 Y122.251 E.02387
G1 X113.367 Y122.064 E.02386
G1 X112.693 Y121.805 E.02384
G1 X112.049 Y121.477 E.02386
G1 X111.443 Y121.084 E.02385
G1 X110.882 Y120.629 E.02385
G1 X110.371 Y120.118 E.02386
G1 X109.916 Y119.557 E.02385
G1 X109.523 Y118.951 E.02385
G1 X109.195 Y118.307 E.02386
G1 X108.936 Y117.633 E.02384
G1 X108.749 Y116.935 E.02386
G1 X108.636 Y116.221 E.02387
G1 X108.598 Y115.5 E.02384
G1 X108.636 Y114.779 E.02384
G1 X108.749 Y114.065 E.02387
G1 X108.936 Y113.367 E.02386
G1 X109.195 Y112.693 E.02384
G1 X109.523 Y112.049 E.02386
G1 X109.916 Y111.443 E.02385
G1 X110.371 Y110.882 E.02385
G1 X110.882 Y110.371 E.02386
G1 X111.443 Y109.916 E.02385
G1 X112.049 Y109.523 E.02385
G1 X112.693 Y109.195 E.02386
G1 X113.367 Y108.936 E.02384
G1 X114.065 Y108.749 E.02386
G1 X114.779 Y108.636 E.02387
G1 X115.5 Y108.598 E.02384
G1 X116.221 Y108.636 E.02384
G1 X116.935 Y108.749 E.02387
G1 X117.633 Y108.936 E.02386
G1 X117.996 Y109.075 E.01283
G1 X118.134 Y108.714 F9000
;TYPE:External perimeter
;WIDTH:0.419999
G1 F900
G1 X118.465 Y108.841 E.01112
G1 X119.145 Y109.187 E.02392
G1 X119.785 Y109.602 E.02392
G1 X120.378 Y110.083 E.02394
G1 X120.917 Y110.622 E.0239
G1 X121.398 Y111.215 E.02394
G1 X121.813 Y111.855 E.02392
G1 X122.159 Y112.535 E.02392
G1 X122.433 Y113.247 E.02392
G1 X122.608 Y113.9 E.0212
G1 X122.706 Y114.46 E.01783
G1 X122.764 Y115.019 E.01762
G1 X122.785 Y115.588 E.01785
G1 X122.75 Y116.262 E.02116
G1 X122.63 Y117.016 E.02394
G1 X122.433 Y117.753 E.02392
G1 X122.159 Y118.465 E.02392
G1 X121.813 Y119.145 E.02392
G1 X121.398 Y119.785 E.02392
G1 X120.917 Y120.378 E.02394
G1 X120.378 Y120.917 E.0239
G1 X119.785 Y121.398 E.02394
G1 X119.145 Y121.813 E.02392
G1 X118.465 Y122.159 E.02392
G1 X117.753 Y122.433 E.02392
G1 X117.016 Y122.63 E.02392
G1 X116.262 Y122.75 E.02394
G1 X115.5 Y122.79 E.02392
G1 X114.738 Y122.75 E.02392
G1 X113.984 Y122.63 E.02394
G1 X113.247 Y122.433 E.02392
G1 X112.535 Y122.159 E.02392
G1 X111.855 Y121.813 E.02392
G1 X111.215 Y121.398 E.02392
G1 X110.622 Y120.917 E.02394
G1 X110.083 Y120.378 E.0239
G1 X109.602 Y119.785 E.02394
G1 X109.187 Y119.145 E.02392
G1 X108.841 Y118.465 E.02392
G1 X108.567 Y117.753 E.02392
G1 X108.37 Y117.016 E.02392
G1 X108.25 Y116.262 E.02394
G1 X108.21 Y115.5 E.02392
G1 X108.25 Y114.738 E.02392
G1 X108.37 Y113.984 E.02394
G1 X108.567 Y113.247 E.02392
G1 X108.841 Y112.535 E.02392
G1 X109.187 Y111.855 E.02392
G1 X109.602 Y111.215 E.02392
G1 X110.083 Y110.622 E.02394
G1 X110.622 Y110.083 E.0239
G1 X111.215 Y109.602 E.02394
G1 X111.855 Y109.187 E.02392
G1 X112.535 Y108.841 E.02392
G1 X113.247 Y108.567 E.02392
G1 X113.984 Y108.37 E.02392
G1 X114.738 Y108.25 E.02394
G1 X115.5 Y108.21 E.02392
G1 X116.262 Y108.25 E.02392
G1 X117.016 Y108.37 E.02394
G1 X117.753 Y108.567 E.02392
G1 X118.078 Y108.692 E.01092
G1 X117.917 Y109.798 F9000
;TYPE:Internal infill
;WIDTH:0.44
G1 F900
G1 X118.599 Y110.132 E.02507
G1 X119.143 Y110.485 E.02141
G1 X119.877 Y111.123 E.03211
G1 X119.06 Y111.94 E.03815
G1 X118.468 Y111.414 E.02615
G1 X117.554 Y110.886 E.03485
G1 X116.55 Y110.56 E.03485
G1 X116.128 Y110.513 E.01402
G1 X114.947 Y109.331 E.05517
G1 X115.535 Y109.304 E.01943
G1 X116.054 Y109.331 E.01716
G1 X114.871 Y110.514 E.05524
G1 X114.45 Y110.56 E.01398
G1 X113.446 Y110.886 E.03485
G1 X112.531 Y111.414 E.03488
G1 X111.943 Y111.943 E.02611
G1 X111.123 Y111.123 E.03829
G1 X111.857 Y110.485 E.03211
G1 X112.401 Y110.132 E.02141
G1 X113.083 Y109.798 E.02507
G1 E-3.5 F3600
;WIPE_START
G1 F7200
G1 X112.401 Y110.132 E-.36071
G1 X111.857 Y110.485 E-.30803
G1 X111.123 Y111.123 E-.46195
G1 X111.673 Y111.673 E-.36931
;WIPE_END
G1 X111.335 Y112.688 F9000
G1 E5 F2400
G1 F900
G1 X111.126 Y112.975 E.01172
G1 X110.697 Y113.939 E.03484
G1 X110.495 Y114.89 E.0321
G1 X109.331 Y116.054 E.05435
G1 X109.302 Y115.5 E.01832
G1 X109.331 Y114.946 E.01832
G1 X110.493 Y116.108 E.05426
G1 X110.679 Y117.001 E.03012
G1 X111.159 Y118.079 E.03896
G1 X111.329 Y118.314 E.00958
G1 E-3.5 F3600
;WIPE_START
G1 F7200
G1 X111.159 Y118.079 E-.13777
G1 X110.679 Y117.001 E-.56052
G1 X110.493 Y116.108 E-.43328
G1 X109.944 Y115.56 E-.36843
;WIPE_END
G1 X113.083 Y121.202 F9000
G1 E5 F2400
G1 F900
G1 X112.401 Y120.868 E.02507
G1 X111.857 Y120.515 E.02141
G1 X111.123 Y119.877 E.03211
G1 X111.94 Y119.06 E.03815
G1 X112.532 Y119.586 E.02615
G1 X113.446 Y120.114 E.03485
G1 X114.45 Y120.44 E.03485
G1 X114.869 Y120.484 E.01391
G1 X116.054 Y121.669 E.05533
G1 X115.5 Y121.698 E.01832
G1 X114.949 Y121.666 E.01822
G1 X116.131 Y120.484 E.05519
G1 X116.55 Y120.44 E.01391
G1 X117.554 Y120.114 E.03485
G1 X118.469 Y119.586 E.03488
G1 X119.057 Y119.057 E.02611
G1 X119.877 Y119.877 E.03829
G1 X119.143 Y120.515 E.03211
G1 X118.599 Y120.868 E.02141
G1 X117.917 Y121.202 E.02507
G1 E-3.5 F3600
;WIPE_START
G1 F7200
G1 X118.599 Y120.868 E-.36071
G1 X119.143 Y120.515 E-.30803
G1 X119.877 Y119.877 E-.46195
G1 X119.327 Y119.327 E-.36931
;WIPE_END
G1 X119.665 Y118.312 F9000
G1 E5 F2400
G1 F900
G1 X119.874 Y118.025 E.01172
G1 X120.303 Y117.061 E.03484
G1 X120.505 Y116.11 E.0321
G1 X121.669 Y114.946 E.05435
G1 X121.698 Y115.5 E.01832
G1 X121.669 Y116.054 E.01832
G1 X120.507 Y114.892 E.05426
G1 X120.257 Y113.819 E.03638
G1 X119.874 Y112.975 E.0306
G1 X119.669 Y112.688 E.01165
;LAYER_CHANGE
;Z:8.8
;HEIGHT:0.2
;BEFORE_LAYER_CHANGE
G92 E0
;8.8


G1 E-3.5 F3600
;WIPE_START
G1 F7200
G1 X119.874 Y112.975 E-.16753
G1 X120.257 Y113.819 E-.44025
G1 X120.507 Y114.892 E-.52333
G1 X121.056 Y115.441 E-.36889
;WIPE_END
G1 Z8.8 F9000
;AFTER_LAYER_CHANGE
;8.8
G1 X119.321 Y112.724
G1 E5 F2400
;TYPE:Perimeter
;WIDTH:0.439999
G1 F900
G1 X119.553 Y113.043 E.01302
G1 X119.815 Y113.579 E.0197
G1 X120.026 Y114.083 E.01804
G1 X120.202 Y114.904 E.02772
G1 X120.224 Y115.5 E.01969
G1 X120.212 Y116.046 E.01803
G1 X120.038 Y116.868 E.02774
G1 X119.815 Y117.421 E.01969
G1 X119.582 Y117.916 E.01806
G1 X119.09 Y118.596 E.02771
G1 X118.649 Y119.041 E.02069
G1 X117.952 Y119.557 E.02863
G1 X117.421 Y119.815 E.01949
G1 X116.917 Y120.026 E.01804
G1 X116.096 Y120.202 E.02772
G1 X115.5 Y120.224 E.01969
G1 X114.954 Y120.212 E.01803
G1 X114.132 Y120.038 E.02774
G1 X113.579 Y119.815 E.01969
G1 X113.084 Y119.582 E.01806
G1 X112.668 Y119.3 E.01659
G1 X112.042 Y118.742 E.02769
G1 X111.679 Y118.276 E.0195
G1 X111.367 Y117.827 E.01805
G1 X111.024 Y117.061 E.02771
G1 X110.88 Y116.482 E.0197
G1 X110.778 Y115.945 E.01805
G1 X110.776 Y115.106 E.0277
G1 X110.88 Y114.518 E.01972
G1 X111.005 Y113.986 E.01804
G1 X111.345 Y113.219 E.0277
G1 X111.679 Y112.724 E.01972
G1 X112.009 Y112.289 E.01803
G1 X112.632 Y111.726 E.02772
G1 X113.138 Y111.409 E.01971
G1 X113.57 Y111.166 E.01637
G1 X114.415 Y110.886 E.02939
G1 X115.006 Y110.802 E.01971
G1 X115.551 Y110.757 E.01806
G1 X116.386 Y110.844 E.02772
G1 X116.96 Y111.008 E.01971
G1 X117.476 Y111.188 E.01804
G1 X118.203 Y111.606 E.02769
G1 X118.661 Y111.99 E.01973
G1 X119.059 Y112.364 E.01803
G1 X119.286 Y112.675 E.01271
G1 X119 Y112.957 F9000
G1 F900
G1 X119.232 Y113.276 E.01302
G1 X119.452 Y113.74 E.01695
G1 X119.65 Y114.215 E.01699
G1 X119.814 Y114.986 E.02603
G1 X119.826 Y115.5 E.01698
G1 X119.814 Y116.014 E.01698
G1 X119.65 Y116.785 E.02603
G1 X119.452 Y117.26 E.01699
G1 X119.232 Y117.724 E.01695
G1 X118.768 Y118.362 E.02605
G1 X118.373 Y118.754 E.01837
G1 X117.721 Y119.234 E.02673
G1 X116.785 Y119.65 E.03382
G1 X116.014 Y119.814 E.02603
G1 X115.5 Y119.826 E.01698
G1 X114.986 Y119.814 E.01698
G1 X114.215 Y119.65 E.02603
G1 X113.291 Y119.243 E.03334
G1 X112.852 Y118.942 E.01757
G1 X112.309 Y118.449 E.02422
G1 X111.708 Y117.62 E.03381
G1 X111.387 Y116.9 E.02603
G1 X111.268 Y116.4 E.01697
G1 X111.174 Y115.894 E.01699
G1 X111.174 Y115.106 E.02602
G1 X111.268 Y114.6 E.01699
G1 X111.387 Y114.1 E.01697
G1 X111.708 Y113.38 E.02603
G1 X112 Y112.957 E.01697
G1 X112.312 Y112.549 E.01696
G1 X112.898 Y112.021 E.02604
G1 X113.732 Y111.529 E.03197
G1 X114.538 Y111.263 E.02802
G1 X115.048 Y111.197 E.01698
G1 X115.56 Y111.156 E.01696
G1 X116.344 Y111.238 E.02603
G1 X116.837 Y111.385 E.01699
G1 X117.322 Y111.556 E.01698
G1 X118.005 Y111.95 E.02603
G1 X118.395 Y112.285 E.01698
G1 X118.768 Y112.638 E.01696
G1 X118.965 Y112.908 E.01104
G1 X118.685 Y113.186 F9000
;TYPE:External perimeter
;WIDTH:0.419999
G1 F900
G1 X118.919 Y113.503 E.01235
G1 X119.259 Y114.258 E.02596
G1 X119.435 Y115.067 E.02596
G1 X119.439 Y115.894 E.02593
G1 X119.271 Y116.705 E.02597
G1 X118.938 Y117.462 E.02593
G1 X118.455 Y118.135 E.02597
G1 X118.085 Y118.495 E.01619
G1 X117.496 Y118.919 E.02275
G1 X116.742 Y119.259 E.02593
G1 X115.933 Y119.435 E.02596
G1 X115.106 Y119.439 E.02593
G1 X114.295 Y119.271 E.02597
G1 X113.537 Y118.938 E.02596
G1 X113.108 Y118.651 E.01618
G1 X112.57 Y118.163 E.02277
G1 X112.081 Y117.497 E.02591
G1 X111.741 Y116.742 E.02596
G1 X111.565 Y115.933 E.02596
G1 X111.561 Y115.106 E.02593
G1 X111.729 Y114.295 E.02597
G1 X112.062 Y113.538 E.02593
G1 X112.545 Y112.866 E.02595
G1 X113.157 Y112.309 E.02595
G1 X113.872 Y111.891 E.02597
G1 X114.658 Y111.632 E.02595
G1 X115.48 Y111.541 E.02593
G1 X116.304 Y111.623 E.02596
G1 X117.092 Y111.875 E.02594
G1 X117.811 Y112.286 E.02597
G1 X118.429 Y112.836 E.02594
G1 X118.65 Y113.137 E.01171
G1 E-3.5 F3600
;WIPE_START
G1 F7200
G1 X118.685 Y113.186 E-.0286
G1 X118.919 Y113.503 E-.18716
G1 X119.259 Y114.258 E-.39331
G1 X119.435 Y115.067 E-.39326
G1 X119.439 Y115.894 E-.39283
G1 X119.394 Y116.11 E-.10484
;WIPE_END
G1 X120.638 Y111.528 F9000
G1 E5 F2400
;TYPE:Perimeter
;WIDTH:0.439999
G1 F900
G1 X120.788 Y111.716 E.00794
G1 X121.198 Y112.375 E.02563
G1 X121.459 Y112.898 E.0193
G1 X121.723 Y113.628 E.02563
G1 X121.87 Y114.194 E.01931
G1 X121.976 Y114.963 E.02563
G1 X122.002 Y115.547 E.0193
G1 X121.946 Y116.321 E.02562
G1 X121.85 Y116.897 E.01928
G1 X121.635 Y117.644 E.02567
G1 X121.421 Y118.187 E.01927
G1 X121.055 Y118.872 E.02564
G1 X120.733 Y119.359 E.01928
G1 X120.207 Y119.979 E.02685
G1 X119.795 Y120.38 E.01898
G1 X119.284 Y120.788 E.02159
G1 X118.625 Y121.198 E.02563
G1 X118.102 Y121.459 E.0193
G1 X117.372 Y121.723 E.02563
G1 X116.806 Y121.87 E.01931
G1 X116.037 Y121.976 E.02563
G1 X115.453 Y122.002 E.0193
G1 X114.679 Y121.946 E.02562
G1 X114.103 Y121.85 E.01928
G1 X113.356 Y121.635 E.02567
G1 X112.813 Y121.421 E.01927
G1 X112.098 Y121.036 E.02681
G1 X111.619 Y120.716 E.01902
G1 X111.115 Y120.301 E.02156
G1 X110.576 Y119.741 E.02566
G1 X110.212 Y119.284 E.01929
G1 X109.802 Y118.625 E.02563
G1 X109.541 Y118.102 E.0193
G1 X109.277 Y117.372 E.02563
G1 X109.13 Y116.806 E.01931
G1 X109.024 Y116.037 E.02563
G1 X108.998 Y115.453 E.0193
G1 X109.054 Y114.679 E.02562
G1 X109.15 Y114.103 E.01928
G1 X109.365 Y113.356 E.02567
G1 X109.579 Y112.813 E.01927
G1 X109.945 Y112.128 E.02564
G1 X110.267 Y111.641 E.01928
G1 X110.767 Y111.047 E.02564
G1 X111.184 Y110.637 E.01931
G1 X111.797 Y110.16 E.02565
G1 X112.289 Y109.846 E.01927
G1 X112.988 Y109.507 E.02565
G1 X113.535 Y109.302 E.01929
G1 X114.289 Y109.115 E.02565
G1 X114.867 Y109.029 E.01929
G1 X115.643 Y109.003 E.02564
G1 X116.226 Y109.038 E.01928
G1 X116.991 Y109.175 E.02566
G1 X117.554 Y109.331 E.01929
G1 X118.273 Y109.623 E.02562
G1 X118.791 Y109.892 E.01927
G1 X119.434 Y110.328 E.02565
G1 X119.885 Y110.699 E.01928
G1 X120.424 Y111.259 E.02566
G1 X120.6 Y111.481 E.00935
G1 X120.911 Y111.229 F9000
G1 F900
G1 X121.084 Y111.443 E.00909
G1 X121.477 Y112.049 E.02385
G1 X121.805 Y112.693 E.02386
G1 X122.064 Y113.367 E.02384
G1 X122.234 Y114 E.02164
G1 X122.323 Y114.521 E.01745
G1 X122.378 Y115.039 E.0172
G1 X122.399 Y115.567 E.01745
G1 X122.364 Y116.221 E.02162
G1 X122.251 Y116.935 E.02387
G1 X122.064 Y117.633 E.02386
G1 X121.805 Y118.307 E.02384
G1 X121.477 Y118.951 E.02386
G1 X121.084 Y119.557 E.02385
G1 X120.629 Y120.118 E.02385
G1 X120.118 Y120.629 E.02386
G1 X119.557 Y121.084 E.02385
G1 X118.951 Y121.477 E.02385
G1 X118.307 Y121.805 E.02386
G1 X117.633 Y122.064 E.02384
G1 X116.935 Y122.251 E.02386
G1 X116.221 Y122.364 E.02387
G1 X115.5 Y122.402 E.02384
G1 X114.779 Y122.364 E.02384
G1 X114.065 Y122.251 E.02387
G1 X113.367 Y122.064 E.02386
G1 X112.693 Y121.805 E.02384
G1 X112.049 Y121.477 E.02386
G1 X111.443 Y121.084 E.02385
G1 X110.882 Y120.629 E.02385
G1 X110.371 Y120.118 E.02386
G1 X109.916 Y119.557 E.02385
G1 X109.523 Y118.951 E.02385
G1 X109.195 Y118.307 E.02386
G1 X108.936 Y117.633 E.02384
G1 X108.749 Y116.935 E.02386
G1 X108.636 Y116.221 E.02387
G1 X108.598 Y115.5 E.02384
G1 X108.636 Y114.779 E.02384
G1 X108.749 Y114.065 E.02387
G1 X108.936 Y113.367 E.02386
G1 X109.195 Y112.693 E.02384
G1 X109.523 Y112.049 E.02386
G1 X109.916 Y111.443 E.02385
G1 X110.371 Y110.882 E.02385
G1 X110.882 Y110.371 E.02386
G1 X111.443 Y109.916 E.02385
G1 X112.049 Y109.523 E.02385
G1 X112.693 Y109.195 E.02386
G1 X113.367 Y108.936 E.02384
G1 X114.065 Y108.749 E.02386
G1 X114.779 Y108.636 E.02387
G1 X115.5 Y108.598 E.02384
G1 X116.221 Y108.636 E.02384
G1 X116.935 Y108.749 E.02387
G1 X117.633 Y108.936 E.02386
G1 X118.307 Y109.195 E.02384
G1 X118.951 Y109.523 E.02386
G1 X119.557 Y109.916 E.02385
G1 X120.118 Y110.371 E.02385
G1 X120.629 Y110.882 E.02386
G1 X120.873 Y111.183 E.01279
G1 X121.174 Y110.939 F9000
;TYPE:External perimeter
;WIDTH:0.419999
G1 F900
G1 X121.398 Y111.215 E.01115
G1 X121.813 Y111.855 E.02392
G1 X122.159 Y112.535 E.02392
G1 X122.433 Y113.247 E.02392
G1 X122.608 Y113.9 E.0212
G1 X122.706 Y114.46 E.01783
G1 X122.764 Y115.019 E.01762
G1 X122.785 Y115.588 E.01785
G1 X122.75 Y116.262 E.02116
G1 X122.63 Y117.016 E.02394
G1 X122.433 Y117.753 E.02392
G1 X122.159 Y118.465 E.02392
G1 X121.813 Y119.145 E.02392
G1 X121.398 Y119.785 E.02392
G1 X120.917 Y120.378 E.02394
G1 X120.378 Y120.917 E.0239
G1 X119.785 Y121.398 E.02394
G1 X119.145 Y121.813 E.02392
G1 X118.465 Y122.159 E.02392
G1 X117.753 Y122.433 E.02392
G1 X117.016 Y122.63 E.02392
G1 X116.262 Y122.75 E.02394
G1 X115.5 Y122.79 E.02392
G1 X114.738 Y122.75 E.02392
G1 X113.984 Y122.63 E.02394
G1 X113.247 Y122.433 E.02392
G1 X112.535 Y122.159 E.02392
G1 X111.855 Y121.813 E.02392
G1 X111.215 Y121.398 E.02392
G1 X110.622 Y120.917 E.02394
G1 X110.083 Y120.378 E.0239
G1 X109.602 Y119.785 E.02394
G1 X109.187 Y119.145 E.02392
G1 X108.841 Y118.465 E.02392
G1 X108.567 Y117.753 E.02392
G1 X108.37 Y117.016 E.02392
G1 X108.25 Y116.262 E.02394
G1 X108.21 Y115.5 E.02392
G1 X108.25 Y114.738 E.02392
G1 X108.37 Y113.984 E.02394
G1 X108.567 Y113.247 E.02392
G1 X108.841 Y112.535 E.02392
G1 X109.187 Y111.855 E.02392
G1 X109.602 Y111.215 E.02392
G1 X110.083 Y110.622 E.02394
G1 X110.622 Y110.083 E.0239
G1 X111.215 Y109.602 E.02394
G1 X111.855 Y109.187 E.02392
G1 X112.535 Y108.841 E.02392
G1 X113.247 Y108.567 E.02392
G1 X113.984 Y108.37 E.02392
G1 X114.738 Y108.25 E.02394
G1 X115.5 Y108.21 E.02392
G1 X116.262 Y108.25 E.02392
G1 X117.016 Y108.37 E.02394
G1 X117.753 Y108.567 E.02392
G1 X118.465 Y108.841 E.02392
G1 X119.145 Y109.187 E.02392
G1 X119.785 Y109.602 E.02392
G1 X120.378 Y110.083 E.02394
G1 X120.917 Y110.622 E.0239
G1 X121.136 Y110.892 E.0109
G1 E-3.5 F3600
;WIPE_START
G1 F7200
G1 X121.174 Y110.939 E-.02871
G1 X121.398 Y111.215 E-.16884
G1 X121.813 Y111.855 E-.36232
G1 X122.159 Y112.535 E-.36241
G1 X122.433 Y113.247 E-.36238
G1 X122.55 Y113.685 E-.21534
;WIPE_END
G1 X119.668 Y112.691 F9000
G1 E5 F2400
;TYPE:Internal infill
;WIDTH:0.44
G1 F900
G1 X119.874 Y112.975 E.01158
G1 X120.303 Y113.939 E.03484
G1 X120.509 Y114.893 E.03222
G1 X121.669 Y116.054 E.05419
G1 X121.669 Y114.946 E.03658
G1 X120.505 Y116.11 E.05435
G1 X120.303 Y117.061 E.0321
G1 X119.874 Y118.025 E.03484
G1 X119.294 Y118.831 E.03279
G1 X119.06 Y119.06 E.01081
G1 X119.877 Y119.877 E.03815
G1 X119.143 Y120.515 E.03211
G1 X118.599 Y120.868 E.02141
G1 X117.917 Y121.202 E.02507
G1 X118.309 Y119.667 F9000
G1 F900
G1 X117.97 Y119.904 E.01366
G1 X117.061 Y120.303 E.03278
G1 X116.107 Y120.509 E.03222
G1 X114.946 Y121.669 E.05419
G1 X116.054 Y121.669 E.03658
G1 X114.89 Y120.506 E.05433
G1 X113.999 Y120.321 E.03005
G1 X113.031 Y119.904 E.0348
G1 X112.41 Y119.49 E.02464
G1 X111.941 Y119.059 E.02103
G1 X111.123 Y119.877 E.0382
G1 X110.485 Y119.143 E.03211
G1 X110.132 Y118.599 E.02141
G1 X109.798 Y117.917 E.02507
G1 X111.332 Y118.309 F9000
G1 F900
G1 X111.126 Y118.025 E.01158
G1 X110.697 Y117.061 E.03484
G1 X110.491 Y116.107 E.03222
G1 X109.331 Y114.946 E.05419
G1 X109.302 Y115.5 E.01832
G1 X109.331 Y116.054 E.01832
G1 X110.495 Y114.89 E.05435
G1 X110.697 Y113.939 E.0321
G1 X111.126 Y112.975 E.03484
G1 X111.335 Y112.688 E.01172
G1 E-3.5 F3600
;WIPE_START
G1 F7200
G1 X111.126 Y112.975 E-.16864
G1 X110.697 Y113.939 E-.5012
G1 X110.495 Y114.89 E-.4618
G1 X109.947 Y115.438 E-.36836
;WIPE_END
G1 X113.083 Y109.798 F9000
G1 E5 F2400
G1 F900
G1 X112.401 Y110.132 E.02507
G1 X111.857 Y110.485 E.02141
G1 X111.123 Y111.123 E.03211
G1 X111.943 Y111.943 E.03829
G1 X112.531 Y111.414 E.02611
G1 X113.446 Y110.886 E.03488
G1 X114.45 Y110.56 E.03485
G1 X114.871 Y110.514 E.01398
G1 X116.054 Y109.331 E.05524
G1 X115.535 Y109.304 E.01716
G1 X114.947 Y109.331 E.01943
G1 X116.128 Y110.513 E.05517
G1 X116.55 Y110.56 E.01402
G1 X117.668 Y110.945 E.03904
G1 X118.361 Y111.344 E.0264
G1 X119.058 Y111.942 E.03032
G1 X119.877 Y111.123 E.03824
G1 X119.143 Y110.485 E.03211
G1 X118.599 Y110.132 E.02141
G1 X117.917 Y109.798 E.02507
;LAYER_CHANGE
;Z:9
;HEIGHT:0.2
;BEFORE_LAYER_CHANGE
G92 E0
;9


G1 E-3.5 F3600
;WIPE_START
G1 F7200
G1 X118.599 Y110.132 E-.36071
G1 X119.143 Y110.485 E-.30803
G1 X119.877 Y111.123 E-.46195
G1 X119.327 Y111.673 E-.36931
;WIPE_END
G1 Z9 F9000
;AFTER_LAYER_CHANGE
;9
G1 X117.425 Y111.177
G1 E5 F2400
;TYPE:Perimeter
;WIDTH:0.439999
G1 F900
G1 X117.862 Y111.409 E.01634
G1 X118.329 Y111.693 E.01805
G1 X118.954 Y112.254 E.02773
G1 X119.321 Y112.724 E.01969
G1 X119.633 Y113.173 E.01805
G1 X119.976 Y113.939 E.02771
G1 X120.12 Y114.518 E.0197
G1 X120.222 Y115.055 E.01805
G1 X120.224 Y115.894 E.0277
G1 X120.12 Y116.482 E.01972
G1 X119.995 Y117.014 E.01804
G1 X119.655 Y117.781 E.0277
G1 X119.321 Y118.276 E.01972
G1 X118.991 Y118.711 E.01803
G1 X118.368 Y119.274 E.02772
G1 X117.862 Y119.591 E.01971
G1 X117.383 Y119.854 E.01804
G1 X116.585 Y120.114 E.02771
G1 X115.994 Y120.198 E.01971
G1 X115.449 Y120.243 E.01806
G1 X114.614 Y120.156 E.02772
G1 X114.04 Y119.992 E.01971
G1 X113.524 Y119.812 E.01804
G1 X112.797 Y119.394 E.02769
G1 X112.339 Y119.01 E.01973
G1 X111.941 Y118.636 E.01803
G1 X111.447 Y117.957 E.02772
G1 X111.185 Y117.421 E.0197
G1 X110.974 Y116.917 E.01804
G1 X110.798 Y116.096 E.02772
G1 X110.776 Y115.5 E.01969
G1 X110.788 Y114.954 E.01803
G1 X110.962 Y114.132 E.02774
G1 X111.185 Y113.579 E.01969
G1 X111.418 Y113.084 E.01806
G1 X111.91 Y112.405 E.02769
G1 X112.339 Y111.99 E.01971
G1 X112.753 Y111.633 E.01805
G1 X113.48 Y111.212 E.02774
G1 X114.04 Y111.008 E.01968
G1 X114.564 Y110.85 E.01807
G1 X115.398 Y110.761 E.02769
G1 X115.994 Y110.802 E.01972
G1 X116.536 Y110.871 E.01804
G1 X117.335 Y111.129 E.02772
G1 X117.372 Y111.149 E.00139
G1 X117.265 Y111.536 F9000
G1 F900
G1 X117.663 Y111.753 E.01497
G1 X118.102 Y112.021 E.01698
G1 X118.688 Y112.549 E.02604
G1 X119 Y112.957 E.01696
G1 X119.292 Y113.38 E.01697
G1 X119.613 Y114.1 E.02603
G1 X119.732 Y114.6 E.01697
G1 X119.826 Y115.106 E.01699
G1 X119.826 Y115.894 E.02602
G1 X119.732 Y116.4 E.01699
G1 X119.613 Y116.9 E.01697
G1 X119.292 Y117.62 E.02603
G1 X119 Y118.043 E.01697
G1 X118.688 Y118.451 E.01696
G1 X118.102 Y118.979 E.02604
G1 X117.663 Y119.247 E.01698
G1 X117.212 Y119.493 E.01696
G1 X116.462 Y119.737 E.02604
G1 X115.952 Y119.803 E.01698
G1 X115.44 Y119.844 E.01696
G1 X114.656 Y119.762 E.02603
G1 X114.163 Y119.615 E.01699
G1 X113.678 Y119.444 E.01698
G1 X112.995 Y119.05 E.02603
G1 X112.605 Y118.715 E.01698
G1 X112.232 Y118.362 E.01696
G1 X111.768 Y117.724 E.02605
G1 X111.548 Y117.26 E.01695
G1 X111.35 Y116.785 E.01699
G1 X111.186 Y116.014 E.02603
G1 X111.174 Y115.5 E.01698
G1 X111.186 Y114.986 E.01698
G1 X111.35 Y114.215 E.02603
G1 X111.548 Y113.74 E.01699
G1 X111.768 Y113.276 E.01695
G1 X112.232 Y112.638 E.02605
G1 X112.605 Y112.285 E.01696
G1 X112.995 Y111.95 E.01698
G1 X113.678 Y111.556 E.02603
G1 X114.163 Y111.385 E.01698
G1 X114.656 Y111.238 E.01699
G1 X115.44 Y111.156 E.02603
G1 X115.952 Y111.197 E.01696
G1 X116.462 Y111.263 E.01698
G1 X117.212 Y111.507 E.02604
G1 X117.11 Y111.885 F9000
;TYPE:External perimeter
;WIDTH:0.419999
G1 F900
G1 X117.811 Y112.286 E.02532
G1 X118.429 Y112.836 E.02594
G1 X118.919 Y113.503 E.02595
G1 X119.259 Y114.258 E.02596
G1 X119.435 Y115.067 E.02596
G1 X119.439 Y115.894 E.02593
G1 X119.271 Y116.705 E.02597
G1 X118.938 Y117.462 E.02593
G1 X118.455 Y118.134 E.02595
G1 X117.843 Y118.691 E.02595
G1 X117.128 Y119.109 E.02597
G1 X116.342 Y119.368 E.02595
G1 X115.52 Y119.459 E.02593
G1 X114.696 Y119.377 E.02596
G1 X113.908 Y119.125 E.02594
G1 X113.189 Y118.714 E.02597
G1 X112.571 Y118.164 E.02594
G1 X112.081 Y117.497 E.02595
G1 X111.741 Y116.742 E.02596
G1 X111.565 Y115.933 E.02596
G1 X111.565 Y115.067 E.02715
G1 X111.729 Y114.295 E.02475
G1 X112.062 Y113.538 E.02593
G1 X112.545 Y112.866 E.02595
G1 X113.157 Y112.309 E.02595
G1 X113.872 Y111.891 E.02597
G1 X114.658 Y111.632 E.02595
G1 X115.48 Y111.541 E.02593
G1 X116.304 Y111.623 E.02596
G1 X117.054 Y111.863 E.02469
G1 E-3.5 F3600
;WIPE_START
G1 F7200
G1 X117.11 Y111.885 E-.02858
G1 X117.811 Y112.286 E-.38361
G1 X118.429 Y112.836 E-.39297
G1 X118.919 Y113.503 E-.39313
G1 X119.18 Y114.082 E-.30171
;WIPE_END
G1 X117.962 Y109.497 F9000
G1 E5 F2400
;TYPE:Perimeter
;WIDTH:0.439999
G1 F900
G1 X118.273 Y109.623 E.01108
G1 X118.791 Y109.892 E.01927
G1 X119.434 Y110.328 E.02565
G1 X119.885 Y110.699 E.01928
G1 X120.424 Y111.259 E.02566
G1 X120.788 Y111.716 E.01929
G1 X121.198 Y112.375 E.02563
G1 X121.459 Y112.898 E.0193
G1 X121.723 Y113.628 E.02563
G1 X121.87 Y114.194 E.01931
G1 X121.976 Y114.963 E.02563
G1 X122.002 Y115.547 E.0193
G1 X121.946 Y116.321 E.02562
G1 X121.85 Y116.897 E.01928
G1 X121.635 Y117.644 E.02567
G1 X121.421 Y118.187 E.01927
G1 X121.055 Y118.872 E.02564
G1 X120.733 Y119.359 E.01928
G1 X120.233 Y119.953 E.02564
G1 X119.816 Y120.363 E.01931
G1 X119.203 Y120.84 E.02565
G1 X118.711 Y121.154 E.01927
G1 X118.012 Y121.493 E.02565
G1 X117.465 Y121.698 E.01929
G1 X116.711 Y121.885 E.02565
G1 X116.133 Y121.971 E.01929
G1 X115.357 Y121.997 E.02564
G1 X114.774 Y121.962 E.01928
G1 X114.009 Y121.825 E.02566
G1 X113.446 Y121.669 E.01929
G1 X112.727 Y121.377 E.02562
G1 X112.209 Y121.108 E.01927
G1 X111.566 Y120.672 E.02565
G1 X111.115 Y120.301 E.01928
G1 X110.576 Y119.741 E.02566
G1 X110.212 Y119.284 E.01929
G1 X109.802 Y118.625 E.02563
G1 X109.541 Y118.102 E.0193
G1 X109.277 Y117.372 E.02563
G1 X109.13 Y116.806 E.01931
G1 X109.024 Y116.037 E.02563
G1 X108.998 Y115.453 E.0193
G1 X109.054 Y114.679 E.02562
G1 X109.15 Y114.103 E.01928
G1 X109.365 Y113.356 E.02567
G1 X109.579 Y112.813 E.01927
G1 X109.945 Y112.128 E.02564
G1 X110.267 Y111.641 E.01928
G1 X110.767 Y111.047 E.02564
G1 X111.184 Y110.637 E.01931
G1 X111.797 Y110.16 E.02565
G1 X112.289 Y109.846 E.01927
G1 X112.988 Y109.507 E.02565
G1 X113.535 Y109.302 E.01929
G1 X114.289 Y109.115 E.02565
G1 X114.867 Y109.029 E.01929
G1 X115.643 Y109.003 E.02564
G1 X116.226 Y109.038 E.01928
G1 X116.991 Y109.175 E.02566
G1 X117.554 Y109.331 E.01929
G1 X117.907 Y109.474 E.01258
G1 X118.052 Y109.097 F9000
G1 F900
G1 X118.307 Y109.195 E.00902
G1 X118.951 Y109.523 E.02386
G1 X119.557 Y109.916 E.02385
G1 X120.118 Y110.371 E.02385
G1 X120.629 Y110.882 E.02386
G1 X121.084 Y111.443 E.02385
G1 X121.477 Y112.049 E.02385
G1 X121.805 Y112.693 E.02386
G1 X122.064 Y113.367 E.02384
G1 X122.234 Y114 E.02164
G1 X122.323 Y114.521 E.01745
G1 X122.378 Y115.039 E.0172
G1 X122.399 Y115.567 E.01745
G1 X122.364 Y116.221 E.02162
G1 X122.251 Y116.935 E.02387
G1 X122.064 Y117.633 E.02386
G1 X121.805 Y118.307 E.02384
G1 X121.477 Y118.951 E.02386
G1 X121.084 Y119.557 E.02385
G1 X120.629 Y120.118 E.02385
G1 X120.118 Y120.629 E.02386
G1 X119.557 Y121.084 E.02385
G1 X118.951 Y121.477 E.02385
G1 X118.307 Y121.805 E.02386
G1 X117.633 Y122.064 E.02384
G1 X116.935 Y122.251 E.02386
G1 X116.221 Y122.364 E.02387
G1 X115.5 Y122.402 E.02384
G1 X114.779 Y122.364 E.02384
G1 X114.065 Y122.251 E.02387
G1 X113.367 Y122.064 E.02386
G1 X112.693 Y121.805 E.02384
G1 X112.049 Y121.477 E.02386
G1 X111.443 Y121.084 E.02385
G1 X110.882 Y120.629 E.02385
G1 X110.371 Y120.118 E.02386
G1 X109.916 Y119.557 E.02385
G1 X109.523 Y118.951 E.02385
G1 X109.195 Y118.307 E.02386
G1 X108.936 Y117.633 E.02384
G1 X108.749 Y116.935 E.02386
G1 X108.636 Y116.221 E.02387
G1 X108.598 Y115.5 E.02384
G1 X108.636 Y114.779 E.02384
G1 X108.749 Y114.065 E.02387
G1 X108.936 Y113.367 E.02386
G1 X109.195 Y112.693 E.02384
G1 X109.523 Y112.049 E.02386
G1 X109.916 Y111.443 E.02385
G1 X110.371 Y110.882 E.02385
G1 X110.882 Y110.371 E.02386
G1 X111.443 Y109.916 E.02385
G1 X112.049 Y109.523 E.02385
G1 X112.693 Y109.195 E.02386
G1 X113.367 Y108.936 E.02384
G1 X114.065 Y108.749 E.02386
G1 X114.779 Y108.636 E.02387
G1 X115.5 Y108.598 E.02384
G1 X116.221 Y108.636 E.02384
G1 X116.935 Y108.749 E.02387
G1 X117.633 Y108.936 E.02386
G1 X117.996 Y109.075 E.01283
G1 X118.134 Y108.714 F9000
;TYPE:External perimeter
;WIDTH:0.419999
G1 F900
G1 X118.465 Y108.841 E.01112
G1 X119.145 Y109.187 E.02392
G1 X119.785 Y109.602 E.02392
G1 X120.378 Y110.083 E.02394
G1 X120.917 Y110.622 E.0239
G1 X121.398 Y111.215 E.02394
G1 X121.813 Y111.855 E.02392
G1 X122.159 Y112.535 E.02392
G1 X122.433 Y113.247 E.02392
G1 X122.608 Y113.9 E.0212
G1 X122.706 Y114.46 E.01783
G1 X122.764 Y115.019 E.01762
G1 X122.785 Y115.588 E.01785
G1 X122.75 Y116.262 E.02116
G1 X122.63 Y117.016 E.02394
G1 X122.433 Y117.753 E.02392
G1 X122.159 Y118.465 E.02392
G1 X121.813 Y119.145 E.02392
G1 X121.398 Y119.785 E.02392
G1 X120.917 Y120.378 E.02394
G1 X120.378 Y120.917 E.0239
G1 X119.785 Y121.398 E.02394
G1 X119.145 Y121.813 E.02392
G1 X118.465 Y122.159 E.02392
G1 X117.753 Y122.433 E.02392
G1 X117.016 Y122.63 E.02392
G1 X116.262 Y122.75 E.02394
G1 X115.5 Y122.79 E.02392
G1 X114.738 Y122.75 E.02392
G1 X113.984 Y122.63 E.02394
G1 X113.247 Y122.433 E.02392
G1 X112.535 Y122.159 E.02392
G1 X111.855 Y121.813 E.02392
G1 X111.215 Y121.398 E.02392
G1 X110.622 Y120.917 E.02394
G1 X110.083 Y120.378 E.0239
G1 X109.602 Y119.785 E.02394
G1 X109.187 Y119.145 E.02392
G1 X108.841 Y118.465 E.02392
G1 X108.567 Y117.753 E.02392
G1 X108.37 Y117.016 E.02392
G1 X108.25 Y116.262 E.02394
G1 X108.21 Y115.5 E.02392
G1 X108.25 Y114.738 E.02392
G1 X108.37 Y113.984 E.02394
G1 X108.567 Y113.247 E.02392
G1 X108.841 Y112.535 E.02392
G1 X109.187 Y111.855 E.02392
G1 X109.602 Y111.215 E.02392
G1 X110.083 Y110.622 E.02394
G1 X110.622 Y110.083 E.0239
G1 X111.215 Y109.602 E.02394
G1 X111.855 Y109.187 E.02392
G1 X112.535 Y108.841 E.02392
G1 X113.247 Y108.567 E.02392
G1 X113.984 Y108.37 E.02392
G1 X114.738 Y108.25 E.02394
G1 X115.5 Y108.21 E.02392
G1 X116.262 Y108.25 E.02392
G1 X117.016 Y108.37 E.02394
G1 X117.753 Y108.567 E.02392
G1 X118.078 Y108.692 E.01092
G1 X117.917 Y109.798 F9000
;TYPE:Internal infill
;WIDTH:0.44
G1 F900
G1 X118.599 Y110.132 E.02507
G1 X119.143 Y110.485 E.02141
G1 X119.877 Y111.123 E.03211
G1 X119.06 Y111.94 E.03815
G1 X118.468 Y111.414 E.02615
G1 X117.554 Y110.886 E.03485
G1 X116.55 Y110.56 E.03485
G1 X116.128 Y110.513 E.01402
G1 X114.947 Y109.331 E.05517
G1 X115.535 Y109.304 E.01943
G1 X116.054 Y109.331 E.01716
G1 X114.871 Y110.514 E.05524
G1 X114.45 Y110.56 E.01398
G1 X113.446 Y110.886 E.03485
G1 X112.531 Y111.414 E.03488
G1 X111.943 Y111.943 E.02611
G1 X111.123 Y111.123 E.03829
G1 X111.857 Y110.485 E.03211
G1 X112.401 Y110.132 E.02141
G1 X113.083 Y109.798 E.02507
G1 E-3.5 F3600
;WIPE_START
G1 F7200
G1 X112.401 Y110.132 E-.36071
G1 X111.857 Y110.485 E-.30803
G1 X111.123 Y111.123 E-.46195
G1 X111.673 Y111.673 E-.36931
;WIPE_END
G1 X111.335 Y112.688 F9000
G1 E5 F2400
G1 F900
G1 X111.126 Y112.975 E.01172
G1 X110.697 Y113.939 E.03484
G1 X110.495 Y114.89 E.0321
G1 X109.331 Y116.054 E.05435
G1 X109.302 Y115.5 E.01832
G1 X109.331 Y114.946 E.01832
G1 X110.493 Y116.108 E.05426
G1 X110.743 Y117.181 E.03638
G1 X111.126 Y118.025 E.0306
G1 X111.331 Y118.312 E.01165
G1 X109.798 Y117.917 F9000
G1 F900
G1 X110.132 Y118.599 E.02507
G1 X110.485 Y119.143 E.02141
G1 X111.123 Y119.877 E.03211
G1 X111.94 Y119.06 E.03815
G1 X112.532 Y119.586 E.02615
G1 X113.446 Y120.114 E.03485
G1 X114.45 Y120.44 E.03485
G1 X114.869 Y120.484 E.01391
G1 X116.054 Y121.669 E.05533
G1 X115.5 Y121.698 E.01832
G1 X114.946 Y121.669 E.01832
G1 X116.131 Y120.484 E.05533
G1 X116.55 Y120.44 E.01391
G1 X117.554 Y120.114 E.03485
G1 X118.469 Y119.586 E.03488
G1 X119.057 Y119.057 E.02611
G1 X119.877 Y119.877 E.03829
G1 X120.515 Y119.143 E.03211
G1 X120.868 Y118.599 E.02141
G1 X121.202 Y117.917 E.02507
G1 X119.665 Y118.312 F9000
G1 F900
G1 X119.874 Y118.025 E.01172
G1 X120.303 Y117.061 E.03484
G1 X120.505 Y116.11 E.0321
G1 X121.669 Y114.946 E.05435
G1 X121.698 Y115.5 E.01832
G1 X121.669 Y116.054 E.01832
G1 X120.507 Y114.892 E.05426
G1 X120.257 Y113.819 E.03638
G1 X119.874 Y112.975 E.0306
G1 X119.669 Y112.688 E.01165
;LAYER_CHANGE
;Z:9.2
;HEIGHT:0.2
;BEFORE_LAYER_CHANGE
G92 E0
;9.2


G1 E-3.5 F3600
;WIPE_START
G1 F7200
G1 X119.874 Y112.975 E-.16753
G1 X120.257 Y113.819 E-.44025
G1 X120.507 Y114.892 E-.52333
G1 X121.056 Y115.441 E-.36889
;WIPE_END
G1 Z9.2 F9000
;AFTER_LAYER_CHANGE
;9.2
G1 X119.328 Y112.719
G1 E5 F2400
;TYPE:Perimeter
;WIDTH:0.439999
G1 F900
G1 X119.591 Y113.138 E.01633
G1 X119.854 Y113.617 E.01804
G1 X120.114 Y114.415 E.02771
G1 X120.198 Y115.006 E.01971
G1 X120.243 Y115.551 E.01806
G1 X120.156 Y116.386 E.02772
G1 X119.992 Y116.96 E.01971
G1 X119.812 Y117.476 E.01804
G1 X119.394 Y118.203 E.02769
G1 X119.01 Y118.661 E.01973
G1 X118.636 Y119.059 E.01803
G1 X117.957 Y119.553 E.02772
G1 X117.421 Y119.815 E.0197
G1 X116.917 Y120.026 E.01804
G1 X116.096 Y120.202 E.02772
G1 X115.5 Y120.224 E.01969
G1 X114.954 Y120.212 E.01803
G1 X114.132 Y120.038 E.02774
G1 X113.579 Y119.815 E.01969
G1 X113.084 Y119.582 E.01806
G1 X112.613 Y119.26 E.01884
G1 X112.042 Y118.743 E.02543
G1 X111.679 Y118.276 E.01953
G1 X111.367 Y117.827 E.01805
G1 X111.024 Y117.061 E.02771
G1 X110.88 Y116.482 E.0197
G1 X110.778 Y115.945 E.01805
G1 X110.788 Y114.954 E.03272
G1 X110.962 Y114.132 E.02774
G1 X111.185 Y113.579 E.01969
G1 X111.418 Y113.084 E.01806
G1 X111.91 Y112.405 E.02769
G1 X112.339 Y111.99 E.01971
G1 X112.753 Y111.633 E.01805
G1 X113.48 Y111.212 E.02774
G1 X114.04 Y111.008 E.01968
G1 X114.564 Y110.85 E.01807
G1 X115.398 Y110.761 E.02769
G1 X115.945 Y110.778 E.01807
G1 X117.014 Y111.005 E.03608
G1 X117.781 Y111.345 E.0277
G1 X118.276 Y111.679 E.01972
G1 X118.711 Y112.009 E.01803
G1 X119.274 Y112.632 E.02772
G1 X119.296 Y112.668 E.00139
G1 X119.01 Y112.949 F9000
G1 F900
G1 X119.05 Y112.995 E.00201
G1 X119.444 Y113.678 E.02603
G1 X119.615 Y114.163 E.01698
G1 X119.762 Y114.656 E.01699
G1 X119.844 Y115.44 E.02603
G1 X119.803 Y115.952 E.01696
G1 X119.737 Y116.462 E.01698
G1 X119.493 Y117.212 E.02604
G1 X119.247 Y117.663 E.01696
G1 X118.979 Y118.102 E.01698
G1 X118.452 Y118.688 E.02602
G1 X118.043 Y119 E.01698
G1 X117.62 Y119.292 E.01697
G1 X116.9 Y119.613 E.02603
G1 X116.4 Y119.732 E.01697
G1 X115.894 Y119.826 E.01699
G1 X115.106 Y119.826 E.02602
G1 X114.6 Y119.732 E.01699
G1 X114.1 Y119.613 E.01697
G1 X113.38 Y119.292 E.02603
G1 X112.911 Y118.986 E.01849
G1 X112.31 Y118.449 E.02661
G1 X111.708 Y117.62 E.03383
G1 X111.387 Y116.9 E.02603
G1 X111.268 Y116.4 E.01697
G1 X111.174 Y115.894 E.01699
G1 X111.186 Y114.986 E.02998
G1 X111.35 Y114.215 E.02603
G1 X111.548 Y113.74 E.01699
G1 X111.768 Y113.276 E.01695
G1 X112.232 Y112.638 E.02605
G1 X112.605 Y112.285 E.01696
G1 X112.995 Y111.95 E.01698
G1 X113.678 Y111.556 E.02603
G1 X114.163 Y111.385 E.01698
G1 X114.656 Y111.238 E.01699
G1 X115.44 Y111.156 E.02603
G1 X115.954 Y111.177 E.01699
G1 X116.785 Y111.35 E.02803
G1 X117.26 Y111.548 E.01699
G1 X117.724 Y111.768 E.01695
G1 X118.362 Y112.232 E.02605
G1 X118.715 Y112.605 E.01696
G1 X118.971 Y112.904 E.013
G1 X118.701 Y113.174 F9000
;TYPE:External perimeter
;WIDTH:0.419999
G1 F900
G1 X119.109 Y113.872 E.02535
G1 X119.368 Y114.658 E.02595
G1 X119.459 Y115.48 E.02593
G1 X119.377 Y116.304 E.02596
G1 X119.125 Y117.092 E.02594
G1 X118.714 Y117.811 E.02597
G1 X118.164 Y118.429 E.02594
G1 X117.497 Y118.919 E.02595
G1 X116.742 Y119.259 E.02596
G1 X115.933 Y119.435 E.02596
G1 X115.106 Y119.439 E.02593
G1 X114.295 Y119.271 E.02597
G1 X113.537 Y118.938 E.02596
G1 X113.119 Y118.66 E.01574
G1 X112.57 Y118.163 E.02322
G1 X112.081 Y117.497 E.02591
G1 X111.741 Y116.742 E.02596
G1 X111.565 Y115.933 E.02596
G1 X111.565 Y115.067 E.02715
G1 X111.729 Y114.295 E.02475
G1 X112.062 Y113.538 E.02593
G1 X112.545 Y112.866 E.02595
G1 X113.157 Y112.309 E.02595
G1 X113.872 Y111.891 E.02597
G1 X114.658 Y111.632 E.02595
G1 X115.48 Y111.541 E.02593
G1 X115.933 Y111.565 E.01422
G1 X116.705 Y111.729 E.02475
G1 X117.462 Y112.062 E.02593
G1 X118.134 Y112.545 E.02595
G1 X118.664 Y113.127 E.02468
G1 E-3.5 F3600
;WIPE_START
G1 F7200
G1 X118.701 Y113.174 E-.02841
G1 X119.109 Y113.872 E-.38404
G1 X119.368 Y114.658 E-.3931
G1 X119.459 Y115.48 E-.39284
G1 X119.396 Y116.112 E-.30161
;WIPE_END
G1 X120.634 Y111.532 F9000
G1 E5 F2400
;TYPE:Perimeter
;WIDTH:0.439999
G1 F900
G1 X120.84 Y111.797 E.01108
G1 X121.154 Y112.289 E.01927
G1 X121.493 Y112.988 E.02565
G1 X121.698 Y113.535 E.01929
G1 X121.885 Y114.289 E.02565
G1 X121.971 Y114.867 E.01929
G1 X121.997 Y115.643 E.02564
G1 X121.962 Y116.226 E.01928
G1 X121.825 Y116.991 E.02566
G1 X121.669 Y117.554 E.01929
G1 X121.377 Y118.273 E.02562
G1 X121.108 Y118.791 E.01927
G1 X120.672 Y119.434 E.02565
G1 X120.301 Y119.885 E.01928
G1 X119.741 Y120.424 E.02566
G1 X119.284 Y120.788 E.01929
G1 X118.625 Y121.198 E.02563
G1 X118.102 Y121.459 E.0193
G1 X117.372 Y121.723 E.02563
G1 X116.806 Y121.87 E.01931
G1 X116.037 Y121.976 E.02563
G1 X115.453 Y122.002 E.0193
G1 X114.679 Y121.946 E.02562
G1 X114.103 Y121.85 E.01928
G1 X113.356 Y121.635 E.02567
G1 X112.813 Y121.421 E.01927
G1 X112.102 Y121.038 E.02666
G1 X111.507 Y120.625 E.02391
G1 X111.115 Y120.301 E.01679
G1 X110.576 Y119.741 E.02566
G1 X110.212 Y119.284 E.01929
G1 X109.802 Y118.625 E.02563
G1 X109.541 Y118.102 E.0193
G1 X109.277 Y117.372 E.02563
G1 X109.13 Y116.806 E.01931
G1 X109.024 Y116.037 E.02563
G1 X108.998 Y115.453 E.0193
G1 X109.054 Y114.679 E.02562
G1 X109.15 Y114.103 E.01928
G1 X109.365 Y113.356 E.02567
G1 X109.579 Y112.813 E.01927
G1 X109.945 Y112.128 E.02564
G1 X110.267 Y111.641 E.01928
G1 X110.767 Y111.047 E.02564
G1 X111.184 Y110.637 E.01931
G1 X111.797 Y110.16 E.02565
G1 X112.289 Y109.846 E.01927
G1 X112.988 Y109.507 E.02565
G1 X113.535 Y109.302 E.01929
G1 X114.289 Y109.115 E.02565
G1 X114.867 Y109.029 E.01929
G1 X115.643 Y109.003 E.02564
G1 X116.321 Y109.054 E.02245
G1 X116.897 Y109.15 E.01928
G1 X117.644 Y109.365 E.02567
G1 X118.187 Y109.579 E.01927
G1 X118.872 Y109.945 E.02564
G1 X119.359 Y110.267 E.01928
G1 X119.953 Y110.767 E.02564
G1 X120.363 Y111.184 E.01931
G1 X120.597 Y111.485 E.01259
G1 X120.912 Y111.23 F9000
G1 F900
G1 X121.084 Y111.443 E.00904
G1 X121.477 Y112.049 E.02385
G1 X121.805 Y112.693 E.02386
G1 X122.04 Y113.304 E.02161
G1 X122.184 Y113.813 E.01747
G1 X122.292 Y114.323 E.01721
G1 X122.368 Y114.846 E.01745
G1 X122.399 Y115.567 E.02383
G1 X122.364 Y116.221 E.02162
G1 X122.251 Y116.935 E.02387
G1 X122.064 Y117.633 E.02386
G1 X121.805 Y118.307 E.02384
G1 X121.477 Y118.951 E.02386
G1 X121.084 Y119.557 E.02385
G1 X120.629 Y120.118 E.02385
G1 X120.118 Y120.629 E.02386
G1 X119.557 Y121.084 E.02385
G1 X118.951 Y121.477 E.02385
G1 X118.307 Y121.805 E.02386
G1 X117.633 Y122.064 E.02384
G1 X116.935 Y122.251 E.02386
G1 X116.221 Y122.364 E.02387
G1 X115.5 Y122.402 E.02384
G1 X114.779 Y122.364 E.02384
G1 X114.065 Y122.251 E.02387
G1 X113.367 Y122.064 E.02386
G1 X112.693 Y121.805 E.02384
G1 X112.049 Y121.477 E.02386
G1 X111.443 Y121.084 E.02385
G1 X110.882 Y120.629 E.02385
G1 X110.371 Y120.118 E.02386
G1 X109.916 Y119.557 E.02385
G1 X109.523 Y118.951 E.02385
G1 X109.195 Y118.307 E.02386
G1 X108.936 Y117.633 E.02384
G1 X108.749 Y116.935 E.02386
G1 X108.636 Y116.221 E.02387
G1 X108.598 Y115.5 E.02384
G1 X108.636 Y114.779 E.02384
G1 X108.749 Y114.065 E.02387
G1 X108.936 Y113.367 E.02386
G1 X109.195 Y112.693 E.02384
G1 X109.523 Y112.049 E.02386
G1 X109.916 Y111.443 E.02385
G1 X110.371 Y110.882 E.02385
G1 X110.882 Y110.371 E.02386
G1 X111.443 Y109.916 E.02385
G1 X112.049 Y109.523 E.02385
G1 X112.693 Y109.195 E.02386
G1 X113.367 Y108.936 E.02384
G1 X114.065 Y108.749 E.02386
G1 X114.779 Y108.636 E.02387
G1 X115.5 Y108.598 E.02384
G1 X116.221 Y108.636 E.02384
G1 X116.935 Y108.749 E.02387
G1 X117.633 Y108.936 E.02386
G1 X118.307 Y109.195 E.02384
G1 X118.951 Y109.523 E.02386
G1 X119.557 Y109.916 E.02385
G1 X120.118 Y110.371 E.02385
G1 X120.629 Y110.882 E.02386
G1 X120.874 Y111.184 E.01284
G1 X121.175 Y110.94 F9000
;TYPE:External perimeter
;WIDTH:0.419999
G1 F900
G1 X121.398 Y111.215 E.0111
G1 X121.813 Y111.855 E.02392
G1 X122.159 Y112.535 E.02392
G1 X122.401 Y113.165 E.02116
G1 X122.558 Y113.713 E.01787
G1 X122.674 Y114.262 E.01759
G1 X122.754 Y114.826 E.01786
G1 X122.785 Y115.587 E.02388
G1 X122.75 Y116.262 E.02119
G1 X122.63 Y117.016 E.02394
G1 X122.433 Y117.753 E.02392
G1 X122.159 Y118.465 E.02392
G1 X121.813 Y119.145 E.02392
G1 X121.398 Y119.785 E.02392
G1 X120.917 Y120.378 E.02394
G1 X120.378 Y120.917 E.0239
G1 X119.785 Y121.398 E.02394
G1 X119.145 Y121.813 E.02392
G1 X118.465 Y122.159 E.02392
G1 X117.753 Y122.433 E.02392
G1 X117.016 Y122.63 E.02392
G1 X116.262 Y122.75 E.02394
G1 X115.5 Y122.79 E.02392
G1 X114.738 Y122.75 E.02392
G1 X113.984 Y122.63 E.02394
G1 X113.247 Y122.433 E.02392
G1 X112.535 Y122.159 E.02392
G1 X111.855 Y121.813 E.02392
G1 X111.215 Y121.398 E.02392
G1 X110.622 Y120.917 E.02394
G1 X110.083 Y120.378 E.0239
G1 X109.602 Y119.785 E.02394
G1 X109.187 Y119.145 E.02392
G1 X108.841 Y118.465 E.02392
G1 X108.567 Y117.753 E.02392
G1 X108.37 Y117.016 E.02392
G1 X108.25 Y116.262 E.02394
G1 X108.21 Y115.5 E.02392
G1 X108.25 Y114.738 E.02392
G1 X108.37 Y113.984 E.02394
G1 X108.567 Y113.247 E.02392
G1 X108.841 Y112.535 E.02392
G1 X109.187 Y111.855 E.02392
G1 X109.602 Y111.215 E.02392
G1 X110.083 Y110.622 E.02394
G1 X110.622 Y110.083 E.0239
G1 X111.215 Y109.602 E.02394
G1 X111.855 Y109.187 E.02392
G1 X112.535 Y108.841 E.02392
G1 X113.247 Y108.567 E.02392
G1 X113.984 Y108.37 E.02392
G1 X114.738 Y108.25 E.02394
G1 X115.5 Y108.21 E.02392
G1 X116.262 Y108.25 E.02392
G1 X117.016 Y108.37 E.02394
G1 X117.753 Y108.567 E.02392
G1 X118.465 Y108.841 E.02392
G1 X119.145 Y109.187 E.02392
G1 X119.785 Y109.602 E.02392
G1 X120.378 Y110.083 E.02394
G1 X120.917 Y110.622 E.0239
G1 X121.137 Y110.893 E.01094
G1 E-3.5 F3600
;WIPE_START
G1 F7200
G1 X121.175 Y110.94 E-.02871
G1 X121.398 Y111.215 E-.16818
G1 X121.813 Y111.855 E-.36232
G1 X122.159 Y112.535 E-.36241
G1 X122.401 Y113.165 E-.32057
G1 X122.55 Y113.687 E-.25781
;WIPE_END
G1 X121.202 Y113.083 F9000
G1 E5 F2400
;TYPE:Internal infill
;WIDTH:0.44
G1 F900
G1 X120.868 Y112.401 E.02507
G1 X120.515 Y111.857 E.02141
G1 X119.877 Y111.123 E.03211
G1 X119.059 Y111.941 E.0382
G1 X119.586 Y112.532 E.02614
G1 X120.114 Y113.446 E.03485
G1 X120.44 Y114.45 E.03485
G1 X120.486 Y114.871 E.01398
G1 X121.669 Y116.054 E.05524
G1 X121.698 Y115.5 E.01832
G1 X121.669 Y114.946 E.01832
G1 X120.487 Y116.128 E.05519
G1 X120.44 Y116.55 E.01402
G1 X120.114 Y117.554 E.03485
G1 X119.586 Y118.468 E.03485
G1 X119.06 Y119.06 E.02615
G1 X119.877 Y119.877 E.03815
G1 X120.515 Y119.143 E.03211
G1 X120.868 Y118.599 E.02141
G1 X121.202 Y117.917 E.02507
G1 E-3.5 F3600
;WIPE_START
G1 F7200
G1 X120.868 Y118.599 E-.36071
G1 X120.515 Y119.143 E-.30803
G1 X119.877 Y119.877 E-.46195
G1 X119.328 Y119.328 E-.36931
;WIPE_END
G1 X118.313 Y119.673 F9000
G1 E5 F2400
G1 F900
G1 X117.911 Y119.932 E.01579
G1 X117.061 Y120.303 E.03062
G1 X116.107 Y120.509 E.03222
G1 X114.946 Y121.669 E.05419
G1 X116.054 Y121.669 E.03658
G1 X114.89 Y120.506 E.05433
G1 X113.999 Y120.321 E.03005
G1 X113.031 Y119.904 E.0348
G1 X112.421 Y119.499 E.02418
G1 X111.942 Y119.058 E.0215
G1 X111.123 Y119.877 E.03824
G1 X110.485 Y119.143 E.03211
G1 X110.132 Y118.599 E.02141
G1 X109.798 Y117.917 E.02507
G1 X111.332 Y118.309 F9000
G1 F900
G1 X111.126 Y118.025 E.01158
G1 X110.697 Y117.061 E.03484
G1 X110.491 Y116.107 E.03222
G1 X109.331 Y114.946 E.05419
G1 X109.302 Y115.5 E.01832
G1 X109.331 Y116.054 E.01832
G1 X110.495 Y114.89 E.05435
G1 X110.697 Y113.939 E.0321
G1 X111.126 Y112.975 E.03484
G1 X111.335 Y112.688 E.01172
G1 E-3.5 F3600
;WIPE_START
G1 F7200
G1 X111.126 Y112.975 E-.16864
G1 X110.697 Y113.939 E-.5012
G1 X110.495 Y114.89 E-.4618
G1 X109.947 Y115.438 E-.36836
;WIPE_END
G1 X113.083 Y109.798 F9000
G1 E5 F2400
G1 F900
G1 X112.401 Y110.132 E.02507
G1 X111.857 Y110.485 E.02141
G1 X111.123 Y111.123 E.03211
G1 X111.943 Y111.943 E.03829
G1 X112.531 Y111.414 E.02611
G1 X113.446 Y110.886 E.03488
G1 X114.45 Y110.56 E.03485
G1 X114.871 Y110.514 E.01398
G1 X116.054 Y109.331 E.05524
G1 X114.947 Y109.331 E.03655
G1 X116.104 Y110.488 E.05402
G1 X117.119 Y110.717 E.03435
G1 X118.025 Y111.126 E.03282
G1 X118.308 Y111.329 E.0115
;LAYER_CHANGE
;Z:9.4
;HEIGHT:0.2
;BEFORE_LAYER_CHANGE
G92 E0
;9.4


G1 E-3.5 F3600
;WIPE_START
G1 F7200
G1 X118.025 Y111.126 E-.16543
G1 X117.119 Y110.717 E-.47217
G1 X116.104 Y110.488 E-.49424
G1 X115.556 Y109.94 E-.36816
;WIPE_END
G1 Z9.4 F9000
;AFTER_LAYER_CHANGE
;9.4
G1 X118.285 Y111.666
G1 E5 F2400
;TYPE:Perimeter
;WIDTH:0.439999
G1 F900
G1 X118.329 Y111.693 E.0017
G1 X118.954 Y112.254 E.02773
G1 X119.321 Y112.724 E.01969
G1 X119.633 Y113.173 E.01805
G1 X119.975 Y113.939 E.0277
G1 X120.12 Y114.518 E.01971
G1 X120.222 Y115.055 E.01805
G1 X120.224 Y115.894 E.0277
G1 X120.12 Y116.482 E.01972
G1 X119.995 Y117.014 E.01804
G1 X119.655 Y117.781 E.0277
G1 X119.321 Y118.276 E.01972
G1 X118.991 Y118.711 E.01803
G1 X118.368 Y119.274 E.02772
G1 X117.862 Y119.591 E.01971
G1 X117.383 Y119.854 E.01804
G1 X116.585 Y120.114 E.02771
G1 X115.994 Y120.198 E.01971
G1 X115.449 Y120.243 E.01806
G1 X114.614 Y120.156 E.02772
G1 X114.04 Y119.992 E.01971
G1 X113.524 Y119.812 E.01804
G1 X112.797 Y119.394 E.02769
G1 X112.339 Y119.01 E.01973
G1 X111.941 Y118.636 E.01803
G1 X111.447 Y117.957 E.02772
G1 X111.185 Y117.421 E.0197
G1 X110.974 Y116.917 E.01804
G1 X110.798 Y116.096 E.02772
G1 X110.776 Y115.5 E.01969
G1 X110.788 Y114.954 E.01803
G1 X110.962 Y114.132 E.02774
G1 X111.185 Y113.579 E.01969
G1 X111.418 Y113.084 E.01806
G1 X111.91 Y112.405 E.02769
G1 X112.339 Y111.99 E.01971
G1 X112.753 Y111.633 E.01805
G1 X113.48 Y111.212 E.02774
G1 X114.04 Y111.008 E.01968
G1 X114.564 Y110.85 E.01807
G1 X115.398 Y110.761 E.02769
G1 X115.994 Y110.802 E.01972
G1 X116.536 Y110.871 E.01804
G1 X117.335 Y111.129 E.02772
G1 X117.862 Y111.409 E.0197
G1 X118.234 Y111.635 E.01437
G1 X118.05 Y111.99 F9000
G1 F900
G1 X118.102 Y112.021 E.002
G1 X118.688 Y112.549 E.02604
G1 X119 Y112.957 E.01696
G1 X119.292 Y113.38 E.01697
G1 X119.613 Y114.1 E.02603
G1 X119.732 Y114.6 E.01697
G1 X119.826 Y115.106 E.01699
G1 X119.826 Y115.894 E.02602
G1 X119.732 Y116.4 E.01699
G1 X119.613 Y116.9 E.01697
G1 X119.292 Y117.62 E.02603
G1 X119 Y118.043 E.01697
G1 X118.688 Y118.451 E.01696
G1 X118.102 Y118.979 E.02604
G1 X117.663 Y119.247 E.01698
G1 X117.212 Y119.493 E.01696
G1 X116.462 Y119.737 E.02604
G1 X115.952 Y119.803 E.01698
G1 X115.44 Y119.844 E.01696
G1 X114.656 Y119.762 E.02603
G1 X113.705 Y119.458 E.03296
G1 X112.995 Y119.05 E.02704
G1 X112.605 Y118.715 E.01698
G1 X112.232 Y118.362 E.01696
G1 X111.768 Y117.724 E.02605
G1 X111.548 Y117.26 E.01695
G1 X111.35 Y116.785 E.01699
G1 X111.186 Y116.014 E.02603
G1 X111.174 Y115.5 E.01698
G1 X111.186 Y114.986 E.01698
G1 X111.35 Y114.215 E.02603
G1 X111.548 Y113.74 E.01699
G1 X111.768 Y113.276 E.01695
G1 X112.232 Y112.638 E.02605
G1 X112.605 Y112.285 E.01696
G1 X112.995 Y111.95 E.01698
G1 X113.678 Y111.556 E.02603
G1 X114.163 Y111.385 E.01698
G1 X114.656 Y111.238 E.01699
G1 X115.44 Y111.156 E.02603
G1 X115.952 Y111.197 E.01696
G1 X116.462 Y111.263 E.01698
G1 X117.212 Y111.507 E.02604
G1 X117.663 Y111.753 E.01696
G1 X117.999 Y111.958 E.013
G1 X117.826 Y112.299 F9000
;TYPE:External perimeter
;WIDTH:0.419999
G1 F900
G1 X118.429 Y112.836 E.02532
G1 X118.919 Y113.503 E.02595
G1 X119.259 Y114.258 E.02596
G1 X119.435 Y115.067 E.02596
G1 X119.439 Y115.894 E.02593
G1 X119.271 Y116.705 E.02597
G1 X118.938 Y117.462 E.02593
G1 X118.455 Y118.134 E.02595
G1 X117.843 Y118.691 E.02595
G1 X117.128 Y119.109 E.02597
G1 X116.342 Y119.368 E.02595
G1 X115.52 Y119.459 E.02593
G1 X114.696 Y119.377 E.02596
G1 X113.908 Y119.125 E.02594
G1 X113.189 Y118.714 E.02597
G1 X112.571 Y118.164 E.02594
G1 X112.081 Y117.497 E.02595
G1 X111.741 Y116.742 E.02596
G1 X111.565 Y115.933 E.02596
G1 X111.561 Y115.106 E.02593
G1 X111.729 Y114.295 E.02597
G1 X112.062 Y113.538 E.02593
G1 X112.545 Y112.866 E.02595
G1 X113.157 Y112.309 E.02595
G1 X113.872 Y111.891 E.02597
G1 X114.658 Y111.632 E.02595
G1 X115.48 Y111.541 E.02593
G1 X116.304 Y111.623 E.02596
G1 X117.092 Y111.875 E.02594
G1 X117.776 Y112.266 E.0247
G1 E-3.5 F3600
;WIPE_START
G1 F7200
G1 X117.826 Y112.299 E-.02846
G1 X118.429 Y112.836 E-.38354
G1 X118.919 Y113.503 E-.39313
G1 X119.259 Y114.258 E-.39331
G1 X119.394 Y114.878 E-.30156
;WIPE_END
G1 X119.157 Y110.14 F9000
G1 E5 F2400
;TYPE:Perimeter
;WIDTH:0.439999
G1 F900
G1 X119.434 Y110.328 E.01105
G1 X119.885 Y110.699 E.01928
G1 X120.424 Y111.259 E.02566
G1 X120.788 Y111.716 E.01929
G1 X121.198 Y112.375 E.02563
G1 X121.459 Y112.898 E.0193
G1 X121.723 Y113.628 E.02563
G1 X121.87 Y114.194 E.01931
G1 X121.976 Y114.963 E.02563
G1 X122.002 Y115.547 E.0193
G1 X121.946 Y116.321 E.02562
G1 X121.85 Y116.897 E.01928
G1 X121.635 Y117.644 E.02567
G1 X121.421 Y118.187 E.01927
G1 X121.055 Y118.872 E.02564
G1 X120.733 Y119.359 E.01928
G1 X120.233 Y119.953 E.02564
G1 X119.816 Y120.363 E.01931
G1 X119.203 Y120.84 E.02565
G1 X118.711 Y121.154 E.01927
G1 X118.012 Y121.493 E.02565
G1 X117.465 Y121.698 E.01929
G1 X116.711 Y121.885 E.02565
G1 X116.133 Y121.971 E.01929
G1 X115.357 Y121.997 E.02564
G1 X114.774 Y121.962 E.01928
G1 X114.009 Y121.825 E.02566
G1 X113.446 Y121.669 E.01929
G1 X112.727 Y121.377 E.02562
G1 X112.209 Y121.108 E.01927
G1 X111.566 Y120.672 E.02565
G1 X111.115 Y120.301 E.01928
G1 X110.576 Y119.741 E.02566
G1 X110.212 Y119.284 E.01929
G1 X109.802 Y118.625 E.02563
G1 X109.541 Y118.102 E.0193
G1 X109.277 Y117.372 E.02563
G1 X109.13 Y116.806 E.01931
G1 X109.024 Y116.037 E.02563
G1 X108.998 Y115.453 E.0193
G1 X109.054 Y114.679 E.02562
G1 X109.15 Y114.103 E.01928
G1 X109.365 Y113.356 E.02567
G1 X109.579 Y112.813 E.01927
G1 X109.945 Y112.128 E.02564
G1 X110.267 Y111.641 E.01928
G1 X110.767 Y111.047 E.02564
G1 X111.184 Y110.637 E.01931
G1 X111.797 Y110.16 E.02565
G1 X112.289 Y109.846 E.01927
G1 X112.988 Y109.507 E.02565
G1 X113.535 Y109.302 E.01929
G1 X114.289 Y109.115 E.02565
G1 X114.867 Y109.029 E.01929
G1 X115.643 Y109.003 E.02564
G1 X116.226 Y109.038 E.01928
G1 X116.991 Y109.175 E.02566
G1 X117.554 Y109.331 E.01929
G1 X118.273 Y109.623 E.02562
G1 X118.791 Y109.892 E.01927
G1 X119.107 Y110.106 E.0126
G1 X119.327 Y109.767 F9000
G1 F900
G1 X119.557 Y109.916 E.00905
G1 X120.118 Y110.371 E.02385
G1 X120.629 Y110.882 E.02386
G1 X121.084 Y111.443 E.02385
G1 X121.477 Y112.049 E.02385
G1 X121.805 Y112.693 E.02386
G1 X122.064 Y113.367 E.02384
G1 X122.234 Y114 E.02164
G1 X122.323 Y114.521 E.01745
G1 X122.378 Y115.039 E.0172
G1 X122.399 Y115.567 E.01745
G1 X122.364 Y116.221 E.02162
G1 X122.251 Y116.935 E.02387
G1 X122.064 Y117.633 E.02386
G1 X121.805 Y118.307 E.02384
G1 X121.477 Y118.951 E.02386
G1 X121.084 Y119.557 E.02385
G1 X120.629 Y120.118 E.02385
G1 X120.118 Y120.629 E.02386
G1 X119.557 Y121.084 E.02385
G1 X118.951 Y121.477 E.02385
G1 X118.307 Y121.805 E.02386
G1 X117.633 Y122.064 E.02384
G1 X116.935 Y122.251 E.02386
G1 X116.221 Y122.364 E.02387
G1 X115.5 Y122.402 E.02384
G1 X114.779 Y122.364 E.02384
G1 X114.065 Y122.251 E.02387
G1 X113.367 Y122.064 E.02386
G1 X112.693 Y121.805 E.02384
G1 X112.049 Y121.477 E.02386
G1 X111.443 Y121.084 E.02385
G1 X110.882 Y120.629 E.02385
G1 X110.371 Y120.118 E.02386
G1 X109.916 Y119.557 E.02385
G1 X109.523 Y118.951 E.02385
G1 X109.195 Y118.307 E.02386
G1 X108.936 Y117.633 E.02384
G1 X108.749 Y116.935 E.02386
G1 X108.636 Y116.221 E.02387
G1 X108.598 Y115.5 E.02384
G1 X108.636 Y114.779 E.02384
G1 X108.749 Y114.065 E.02387
G1 X108.936 Y113.367 E.02386
G1 X109.195 Y112.693 E.02384
G1 X109.523 Y112.049 E.02386
G1 X109.916 Y111.443 E.02385
G1 X110.371 Y110.882 E.02385
G1 X110.882 Y110.371 E.02386
G1 X111.443 Y109.916 E.02385
G1 X112.049 Y109.523 E.02385
G1 X112.693 Y109.195 E.02386
G1 X113.367 Y108.936 E.02384
G1 X114.065 Y108.749 E.02386
G1 X114.779 Y108.636 E.02387
G1 X115.5 Y108.598 E.02384
G1 X116.221 Y108.636 E.02384
G1 X116.935 Y108.749 E.02387
G1 X117.633 Y108.936 E.02386
G1 X118.307 Y109.195 E.02384
G1 X118.951 Y109.523 E.02386
G1 X119.277 Y109.734 E.01282
G1 X119.488 Y109.41 F9000
;TYPE:External perimeter
;WIDTH:0.419999
G1 F900
G1 X119.785 Y109.602 E.01109
G1 X120.378 Y110.083 E.02394
G1 X120.917 Y110.622 E.0239
G1 X121.398 Y111.215 E.02394
G1 X121.813 Y111.855 E.02392
G1 X122.159 Y112.535 E.02392
G1 X122.433 Y113.247 E.02392
G1 X122.608 Y113.9 E.0212
G1 X122.706 Y114.46 E.01783
G1 X122.764 Y115.019 E.01762
G1 X122.785 Y115.588 E.01785
G1 X122.75 Y116.262 E.02116
G1 X122.63 Y117.016 E.02394
G1 X122.433 Y117.753 E.02392
G1 X122.159 Y118.465 E.02392
G1 X121.813 Y119.145 E.02392
G1 X121.398 Y119.785 E.02392
G1 X120.917 Y120.378 E.02394
G1 X120.378 Y120.917 E.0239
G1 X119.785 Y121.398 E.02394
G1 X119.145 Y121.813 E.02392
G1 X118.465 Y122.159 E.02392
G1 X117.753 Y122.433 E.02392
G1 X117.016 Y122.63 E.02392
G1 X116.262 Y122.75 E.02394
G1 X115.5 Y122.79 E.02392
G1 X114.738 Y122.75 E.02392
G1 X113.984 Y122.63 E.02394
G1 X113.247 Y122.433 E.02392
G1 X112.535 Y122.159 E.02392
G1 X111.855 Y121.813 E.02392
G1 X111.215 Y121.398 E.02392
G1 X110.622 Y120.917 E.02394
G1 X110.083 Y120.378 E.0239
G1 X109.602 Y119.785 E.02394
G1 X109.187 Y119.145 E.02392
G1 X108.841 Y118.465 E.02392
G1 X108.567 Y117.753 E.02392
G1 X108.37 Y117.016 E.02392
G1 X108.25 Y116.262 E.02394
G1 X108.21 Y115.5 E.02392
G1 X108.25 Y114.738 E.02392
G1 X108.37 Y113.984 E.02394
G1 X108.567 Y113.247 E.02392
G1 X108.841 Y112.535 E.02392
G1 X109.187 Y111.855 E.02392
G1 X109.602 Y111.215 E.02392
G1 X110.083 Y110.622 E.02394
G1 X110.622 Y110.083 E.0239
G1 X111.215 Y109.602 E.02394
G1 X111.855 Y109.187 E.02392
G1 X112.535 Y108.841 E.02392
G1 X113.247 Y108.567 E.02392
G1 X113.984 Y108.37 E.02392
G1 X114.738 Y108.25 E.02394
G1 X115.5 Y108.21 E.02392
G1 X116.262 Y108.25 E.02392
G1 X117.016 Y108.37 E.02394
G1 X117.753 Y108.567 E.02392
G1 X118.465 Y108.841 E.02392
G1 X119.145 Y109.187 E.02392
G1 X119.438 Y109.377 E.01095
G1 X117.917 Y109.798 F9000
;TYPE:Internal infill
;WIDTH:0.44
G1 F900
G1 X118.599 Y110.132 E.02507
G1 X119.143 Y110.485 E.02141
G1 X119.877 Y111.123 E.03211
G1 X119.06 Y111.94 E.03815
G1 X118.468 Y111.414 E.02615
G1 X117.554 Y110.886 E.03485
G1 X116.55 Y110.56 E.03485
G1 X116.128 Y110.513 E.01402
G1 X114.947 Y109.331 E.05517
G1 X115.535 Y109.304 E.01943
G1 X116.054 Y109.331 E.01716
G1 X114.871 Y110.514 E.05524
G1 X114.45 Y110.56 E.01398
G1 X113.446 Y110.886 E.03485
G1 X112.531 Y111.414 E.03488
G1 X111.943 Y111.943 E.02611
G1 X111.123 Y111.123 E.03829
G1 X111.857 Y110.485 E.03211
G1 X112.401 Y110.132 E.02141
G1 X113.083 Y109.798 E.02507
G1 E-3.5 F3600
;WIPE_START
G1 F7200
G1 X112.401 Y110.132 E-.36071
G1 X111.857 Y110.485 E-.30803
G1 X111.123 Y111.123 E-.46195
G1 X111.673 Y111.673 E-.36931
;WIPE_END
G1 X111.335 Y112.688 F9000
G1 E5 F2400
G1 F900
G1 X111.126 Y112.975 E.01172
G1 X110.697 Y113.939 E.03484
G1 X110.495 Y114.89 E.0321
G1 X109.331 Y116.054 E.05435
G1 X109.302 Y115.5 E.01832
G1 X109.331 Y114.946 E.01832
G1 X110.493 Y116.108 E.05426
G1 X110.743 Y117.181 E.03638
G1 X111.126 Y118.025 E.0306
G1 X111.331 Y118.312 E.01165
G1 E-3.5 F3600
;WIPE_START
G1 F7200
G1 X111.126 Y118.025 E-.16753
G1 X110.743 Y117.181 E-.44025
G1 X110.493 Y116.108 E-.52333
G1 X109.944 Y115.559 E-.36889
;WIPE_END
G1 X113.083 Y121.202 F9000
G1 E5 F2400
G1 F900
G1 X112.401 Y120.868 E.02507
G1 X111.857 Y120.515 E.02141
G1 X111.123 Y119.877 E.03211
G1 X111.94 Y119.06 E.03815
G1 X112.532 Y119.586 E.02615
G1 X113.446 Y120.114 E.03485
G1 X114.45 Y120.44 E.03485
G1 X114.869 Y120.484 E.01391
G1 X116.054 Y121.669 E.05533
G1 X115.5 Y121.698 E.01832
G1 X114.946 Y121.669 E.01832
G1 X116.131 Y120.484 E.05533
G1 X116.55 Y120.44 E.01391
G1 X117.554 Y120.114 E.03485
G1 X118.469 Y119.586 E.03488
G1 X119.057 Y119.057 E.02611
G1 X119.877 Y119.877 E.03829
G1 X119.143 Y120.515 E.03211
G1 X118.599 Y120.868 E.02141
G1 X117.917 Y121.202 E.02507
G1 E-3.5 F3600
;WIPE_START
G1 F7200
G1 X118.599 Y120.868 E-.36071
G1 X119.143 Y120.515 E-.30803
G1 X119.877 Y119.877 E-.46195
G1 X119.327 Y119.327 E-.36931
;WIPE_END
G1 X119.665 Y118.312 F9000
G1 E5 F2400
G1 F900
G1 X119.874 Y118.025 E.01172
G1 X120.303 Y117.061 E.03484
G1 X120.505 Y116.11 E.0321
G1 X121.669 Y114.946 E.05435
G1 X121.698 Y115.5 E.01832
G1 X121.669 Y116.054 E.01832
G1 X120.512 Y114.896 E.05405
G1 X120.256 Y113.818 E.03658
G1 X119.874 Y112.975 E.03056
G1 X119.672 Y112.692 E.01148
;LAYER_CHANGE
;Z:9.6
;HEIGHT:0.200001
;BEFORE_LAYER_CHANGE
G92 E0
;9.6


G1 E-3.5 F3600
;WIPE_START
G1 F7200
G1 X119.874 Y112.975 E-.16516
G1 X120.256 Y113.818 E-.43962
G1 X120.512 Y114.896 E-.52629
G1 X121.061 Y115.445 E-.36893
;WIPE_END
G1 Z9.6 F9000
;AFTER_LAYER_CHANGE
;9.6
G1 X119.321 Y112.724
G1 E5 F2400
;TYPE:Perimeter
;WIDTH:0.439999
G1 F900
G1 X119.633 Y113.173 E.01805
G1 X119.975 Y113.939 E.0277
G1 X120.129 Y114.464 E.01806
G1 X120.243 Y115.551 E.03609
G1 X120.156 Y116.386 E.02772
G1 X119.992 Y116.96 E.01971
G1 X119.812 Y117.476 E.01804
G1 X119.394 Y118.203 E.02769
G1 X119.01 Y118.661 E.01973
G1 X118.636 Y119.059 E.01803
G1 X117.957 Y119.553 E.02772
G1 X117.421 Y119.815 E.0197
G1 X116.917 Y120.026 E.01804
G1 X116.096 Y120.202 E.02772
G1 X115.5 Y120.224 E.01969
G1 X114.954 Y120.212 E.01803
G1 X114.132 Y120.038 E.02774
G1 X113.579 Y119.815 E.01969
G1 X113.084 Y119.582 E.01806
G1 X112.623 Y119.269 E.0184
G1 X112.043 Y118.744 E.02583
G1 X111.679 Y118.276 E.01958
G1 X111.367 Y117.827 E.01805
G1 X111.024 Y117.061 E.02771
G1 X110.88 Y116.482 E.0197
G1 X110.778 Y115.945 E.01805
G1 X110.776 Y115.106 E.0277
G1 X110.962 Y114.132 E.03274
G1 X111.185 Y113.579 E.01969
G1 X111.418 Y113.084 E.01806
G1 X111.91 Y112.405 E.02769
G1 X112.339 Y111.99 E.01971
G1 X112.753 Y111.633 E.01805
G1 X113.48 Y111.212 E.02774
G1 X114.04 Y111.008 E.01968
G1 X114.564 Y110.85 E.01807
G1 X115.398 Y110.761 E.02769
G1 X115.994 Y110.802 E.01972
G1 X116.536 Y110.871 E.01804
G1 X117.335 Y111.129 E.02772
G1 X117.862 Y111.409 E.0197
G1 X118.329 Y111.693 E.01805
G1 X118.954 Y112.254 E.02773
G1 X119.284 Y112.676 E.01769
G1 X119 Y112.957 F9000
G1 F900
G1 X119.292 Y113.38 E.01697
G1 X119.613 Y114.1 E.02603
G1 X119.752 Y114.596 E.01701
G1 X119.844 Y115.44 E.02803
G1 X119.803 Y115.952 E.01696
G1 X119.737 Y116.462 E.01698
G1 X119.493 Y117.212 E.02604
G1 X119.247 Y117.663 E.01696
G1 X118.979 Y118.102 E.01698
G1 X118.452 Y118.688 E.02602
G1 X118.043 Y119 E.01698
G1 X117.62 Y119.292 E.01697
G1 X116.9 Y119.613 E.02603
G1 X116.4 Y119.732 E.01697
G1 X115.894 Y119.826 E.01699
G1 X115.106 Y119.826 E.02602
G1 X114.6 Y119.732 E.01699
G1 X114.1 Y119.613 E.01697
G1 X113.38 Y119.292 E.02603
G1 X112.915 Y118.991 E.01829
G1 X112.31 Y118.45 E.0268
G1 X111.708 Y117.62 E.03385
G1 X111.387 Y116.9 E.02603
G1 X111.268 Y116.4 E.01697
G1 X111.174 Y115.894 E.01699
G1 X111.174 Y115.106 E.02602
G1 X111.35 Y114.215 E.02999
G1 X111.548 Y113.74 E.01699
G1 X111.768 Y113.276 E.01695
G1 X112.232 Y112.638 E.02605
G1 X112.605 Y112.285 E.01696
G1 X112.995 Y111.95 E.01698
G1 X113.678 Y111.556 E.02603
G1 X114.163 Y111.385 E.01698
G1 X114.656 Y111.238 E.01699
G1 X115.44 Y111.156 E.02603
G1 X115.952 Y111.197 E.01696
G1 X116.462 Y111.263 E.01698
G1 X117.212 Y111.507 E.02604
G1 X117.663 Y111.753 E.01696
G1 X118.102 Y112.021 E.01698
G1 X118.688 Y112.549 E.02604
G1 X118.964 Y112.909 E.01498
G1 X118.685 Y113.186 F9000
;TYPE:External perimeter
;WIDTH:0.419999
G1 F900
G1 X118.919 Y113.503 E.01235
G1 X119.259 Y114.258 E.02596
G1 X119.377 Y114.696 E.01422
G1 X119.459 Y115.48 E.02472
G1 X119.377 Y116.304 E.02596
G1 X119.125 Y117.092 E.02594
G1 X118.714 Y117.811 E.02597
G1 X118.164 Y118.429 E.02594
G1 X117.497 Y118.919 E.02595
G1 X116.742 Y119.259 E.02596
G1 X115.933 Y119.435 E.02596
G1 X115.106 Y119.439 E.02593
G1 X114.295 Y119.271 E.02597
G1 X113.537 Y118.938 E.02596
G1 X113.117 Y118.659 E.01581
G1 X112.57 Y118.163 E.02315
G1 X112.081 Y117.497 E.02591
G1 X111.741 Y116.742 E.02596
G1 X111.565 Y115.933 E.02596
G1 X111.561 Y115.106 E.02593
G1 X111.729 Y114.295 E.02597
G1 X112.062 Y113.538 E.02593
G1 X112.545 Y112.866 E.02595
G1 X113.157 Y112.309 E.02595
G1 X113.872 Y111.891 E.02597
G1 X114.658 Y111.632 E.02595
G1 X115.48 Y111.541 E.02593
G1 X116.304 Y111.623 E.02596
G1 X117.092 Y111.875 E.02594
G1 X117.811 Y112.286 E.02597
G1 X118.429 Y112.836 E.02594
G1 X118.65 Y113.137 E.01171
G1 E-3.5 F3600
;WIPE_START
G1 F7200
G1 X118.685 Y113.186 E-.0286
G1 X118.919 Y113.503 E-.18716
G1 X119.259 Y114.258 E-.39331
G1 X119.377 Y114.696 E-.21547
G1 X119.459 Y115.48 E-.37443
G1 X119.396 Y116.111 E-.30103
;WIPE_END
G1 X120.638 Y111.528 F9000
G1 E5 F2400
;TYPE:Perimeter
;WIDTH:0.439999
G1 F900
G1 X120.788 Y111.716 E.00794
G1 X121.198 Y112.375 E.02563
G1 X121.459 Y112.898 E.0193
G1 X121.723 Y113.628 E.02563
G1 X121.885 Y114.289 E.02247
G1 X121.971 Y114.867 E.01929
G1 X121.997 Y115.643 E.02564
G1 X121.962 Y116.226 E.01928
G1 X121.825 Y116.991 E.02566
G1 X121.669 Y117.554 E.01929
G1 X121.377 Y118.273 E.02562
G1 X121.108 Y118.791 E.01927
G1 X120.672 Y119.434 E.02565
G1 X120.301 Y119.885 E.01928
G1 X119.741 Y120.424 E.02566
G1 X119.284 Y120.788 E.01929
G1 X118.625 Y121.198 E.02563
G1 X118.102 Y121.459 E.0193
G1 X117.372 Y121.723 E.02563
G1 X116.806 Y121.87 E.01931
G1 X116.037 Y121.976 E.02563
G1 X115.453 Y122.002 E.0193
G1 X114.679 Y121.946 E.02562
G1 X114.103 Y121.85 E.01928
G1 X113.356 Y121.635 E.02567
G1 X112.813 Y121.421 E.01927
G1 X112.106 Y121.041 E.0265
G1 X111.518 Y120.634 E.02361
G1 X111.115 Y120.301 E.01726
G1 X110.576 Y119.741 E.02566
G1 X110.212 Y119.284 E.01929
G1 X109.802 Y118.625 E.02563
G1 X109.541 Y118.102 E.0193
G1 X109.277 Y117.372 E.02563
G1 X109.13 Y116.806 E.01931
G1 X109.024 Y116.037 E.02563
G1 X108.998 Y115.453 E.0193
G1 X109.054 Y114.679 E.02562
G1 X109.15 Y114.103 E.01928
G1 X109.365 Y113.356 E.02567
G1 X109.579 Y112.813 E.01927
G1 X109.945 Y112.128 E.02564
G1 X110.267 Y111.641 E.01928
G1 X110.767 Y111.047 E.02564
G1 X111.184 Y110.637 E.01931
G1 X111.797 Y110.16 E.02565
G1 X112.289 Y109.846 E.01927
G1 X112.988 Y109.507 E.02565
G1 X113.535 Y109.302 E.01929
G1 X114.289 Y109.115 E.02565
G1 X114.867 Y109.029 E.01929
G1 X115.643 Y109.003 E.02564
G1 X116.226 Y109.038 E.01928
G1 X116.991 Y109.175 E.02566
G1 X117.554 Y109.331 E.01929
G1 X118.273 Y109.623 E.02562
G1 X118.791 Y109.892 E.01927
G1 X119.434 Y110.328 E.02565
G1 X119.885 Y110.699 E.01928
G1 X120.424 Y111.259 E.02566
G1 X120.6 Y111.481 E.00935
G1 X120.911 Y111.229 F9000
G1 F900
G1 X121.041 Y111.391 E.00686
G1 X121.335 Y111.83 E.01744
G1 X121.596 Y112.281 E.0172
G1 X121.83 Y112.756 E.01748
G1 X122.107 Y113.525 E.02699
G1 X122.292 Y114.323 E.02705
G1 X122.368 Y114.846 E.01745
G1 X122.399 Y115.567 E.02383
G1 X122.364 Y116.221 E.02162
G1 X122.251 Y116.935 E.02387
G1 X122.064 Y117.633 E.02386
G1 X121.805 Y118.307 E.02384
G1 X121.477 Y118.951 E.02386
G1 X121.084 Y119.557 E.02385
G1 X120.629 Y120.118 E.02385
G1 X120.118 Y120.629 E.02386
G1 X119.557 Y121.084 E.02385
G1 X118.951 Y121.477 E.02385
G1 X118.307 Y121.805 E.02386
G1 X117.633 Y122.064 E.02384
G1 X116.935 Y122.251 E.02386
G1 X116.221 Y122.364 E.02387
G1 X115.5 Y122.402 E.02384
G1 X114.779 Y122.364 E.02384
G1 X114.065 Y122.251 E.02387
G1 X113.367 Y122.064 E.02386
G1 X112.693 Y121.805 E.02384
G1 X112.049 Y121.477 E.02386
G1 X111.443 Y121.084 E.02385
G1 X110.882 Y120.629 E.02385
G1 X110.371 Y120.118 E.02386
G1 X109.916 Y119.557 E.02385
G1 X109.523 Y118.951 E.02385
G1 X109.195 Y118.307 E.02386
G1 X108.936 Y117.633 E.02384
G1 X108.749 Y116.935 E.02386
G1 X108.636 Y116.221 E.02387
G1 X108.598 Y115.5 E.02384
G1 X108.636 Y114.779 E.02384
G1 X108.749 Y114.065 E.02387
G1 X108.936 Y113.367 E.02386
G1 X109.195 Y112.693 E.02384
G1 X109.523 Y112.049 E.02386
G1 X109.916 Y111.443 E.02385
G1 X110.371 Y110.882 E.02385
G1 X110.882 Y110.371 E.02386
G1 X111.443 Y109.916 E.02385
G1 X112.049 Y109.523 E.02385
G1 X112.693 Y109.195 E.02386
G1 X113.367 Y108.936 E.02384
G1 X114.065 Y108.749 E.02386
G1 X114.779 Y108.636 E.02387
G1 X115.5 Y108.598 E.02384
G1 X116.221 Y108.636 E.02384
G1 X116.935 Y108.749 E.02387
G1 X117.633 Y108.936 E.02386
G1 X118.307 Y109.195 E.02384
G1 X118.951 Y109.523 E.02386
G1 X119.557 Y109.916 E.02385
G1 X120.118 Y110.371 E.02385
G1 X120.629 Y110.882 E.02386
G1 X120.873 Y111.183 E.01279
G1 X121.174 Y110.939 F9000
;TYPE:External perimeter
;WIDTH:0.419999
G1 F900
G1 X121.342 Y111.147 E.00838
G1 X121.66 Y111.619 E.01784
G1 X121.941 Y112.106 E.01763
G1 X122.191 Y112.617 E.01784
G1 X122.481 Y113.425 E.02692
G1 X122.674 Y114.262 E.02693
G1 X122.754 Y114.826 E.01786
G1 X122.785 Y115.587 E.02388
G1 X122.75 Y116.262 E.02119
G1 X122.63 Y117.016 E.02394
G1 X122.433 Y117.753 E.02392
G1 X122.159 Y118.465 E.02392
G1 X121.813 Y119.145 E.02392
G1 X121.398 Y119.785 E.02392
G1 X120.917 Y120.378 E.02394
G1 X120.378 Y120.917 E.0239
G1 X119.785 Y121.398 E.02394
G1 X119.145 Y121.813 E.02392
G1 X118.465 Y122.159 E.02392
G1 X117.753 Y122.433 E.02392
G1 X117.016 Y122.63 E.02392
G1 X116.262 Y122.75 E.02394
G1 X115.5 Y122.79 E.02392
G1 X114.738 Y122.75 E.02392
G1 X113.984 Y122.63 E.02394
G1 X113.247 Y122.433 E.02392
G1 X112.535 Y122.159 E.02392
G1 X111.855 Y121.813 E.02392
G1 X111.215 Y121.398 E.02392
G1 X110.622 Y120.917 E.02394
G1 X110.083 Y120.378 E.0239
G1 X109.602 Y119.785 E.02394
G1 X109.187 Y119.145 E.02392
G1 X108.841 Y118.465 E.02392
G1 X108.567 Y117.753 E.02392
G1 X108.37 Y117.016 E.02392
G1 X108.25 Y116.262 E.02394
G1 X108.21 Y115.5 E.02392
G1 X108.25 Y114.738 E.02392
G1 X108.37 Y113.984 E.02394
G1 X108.567 Y113.247 E.02392
G1 X108.841 Y112.535 E.02392
G1 X109.187 Y111.855 E.02392
G1 X109.602 Y111.215 E.02392
G1 X110.083 Y110.622 E.02394
G1 X110.622 Y110.083 E.0239
G1 X111.215 Y109.602 E.02394
G1 X111.855 Y109.187 E.02392
G1 X112.535 Y108.841 E.02392
G1 X113.247 Y108.567 E.02392
G1 X113.984 Y108.37 E.02392
G1 X114.738 Y108.25 E.02394
G1 X115.5 Y108.21 E.02392
G1 X116.262 Y108.25 E.02392
G1 X117.016 Y108.37 E.02394
G1 X117.753 Y108.567 E.02392
G1 X118.465 Y108.841 E.02392
G1 X119.145 Y109.187 E.02392
G1 X119.785 Y109.602 E.02392
G1 X120.378 Y110.083 E.02394
G1 X120.917 Y110.622 E.0239
G1 X121.136 Y110.892 E.0109
G1 E-3.5 F3600
;WIPE_START
G1 F7200
G1 X121.174 Y110.939 E-.02871
G1 X121.342 Y111.147 E-.127
G1 X121.66 Y111.619 E-.27034
G1 X121.941 Y112.106 E-.26707
G1 X122.191 Y112.617 E-.27022
G1 X122.481 Y113.425 E-.40777
G1 X122.542 Y113.689 E-.12889
;WIPE_END
G1 X121.202 Y113.083 F9000
G1 E5 F2400
;TYPE:Internal infill
;WIDTH:0.44
G1 F900
G1 X120.868 Y112.401 E.02507
G1 X120.515 Y111.857 E.02141
G1 X119.877 Y111.123 E.03211
G1 X119.059 Y111.941 E.0382
G1 X118.468 Y111.414 E.02614
G1 X117.554 Y110.886 E.03485
G1 X116.55 Y110.56 E.03485
G1 X116.128 Y110.513 E.01402
G1 X114.947 Y109.331 E.05517
G1 X116.054 Y109.331 E.03655
G1 X114.871 Y110.514 E.05524
G1 X114.45 Y110.56 E.01398
G1 X113.446 Y110.886 E.03485
G1 X112.531 Y111.414 E.03488
G1 X111.943 Y111.943 E.02611
G1 X111.123 Y111.123 E.03829
G1 X111.857 Y110.485 E.03211
G1 X112.401 Y110.132 E.02141
G1 X113.083 Y109.798 E.02507
G1 E-3.5 F3600
;WIPE_START
G1 F7200
G1 X112.401 Y110.132 E-.36071
G1 X111.857 Y110.485 E-.30803
G1 X111.123 Y111.123 E-.46195
G1 X111.673 Y111.673 E-.36931
;WIPE_END
G1 X111.335 Y112.688 F9000
G1 E5 F2400
G1 F900
G1 X111.126 Y112.975 E.01172
G1 X110.697 Y113.939 E.03484
G1 X110.495 Y114.89 E.0321
G1 X109.331 Y116.054 E.05435
G1 X109.302 Y115.5 E.01832
G1 X109.331 Y114.946 E.01832
G1 X110.491 Y116.107 E.05419
G1 X110.697 Y117.061 E.03222
G1 X111.126 Y118.025 E.03484
G1 X111.332 Y118.309 E.01158
G1 X109.798 Y117.917 F9000
G1 F900
G1 X110.132 Y118.599 E.02507
G1 X110.485 Y119.143 E.02141
G1 X111.123 Y119.877 E.03211
G1 X111.942 Y119.058 E.03824
G1 X112.432 Y119.508 E.02197
G1 X113.031 Y119.904 E.02371
G1 X113.999 Y120.321 E.0348
G1 X114.89 Y120.506 E.03005
G1 X116.054 Y121.669 E.05433
G1 X114.946 Y121.669 E.03658
G1 X116.107 Y120.509 E.05419
G1 X117.061 Y120.303 E.03222
G1 X117.911 Y119.932 E.03062
G1 X118.313 Y119.673 E.01579
G1 E-3.5 F3600
;WIPE_START
G1 F7200
G1 X117.911 Y119.932 E-.22715
G1 X117.061 Y120.303 E-.44053
G1 X116.107 Y120.509 E-.46359
G1 X115.558 Y121.058 E-.36873
;WIPE_END
G1 X121.202 Y117.917 F9000
G1 E5 F2400
G1 F900
G1 X120.868 Y118.599 E.02507
G1 X120.515 Y119.143 E.02141
G1 X119.877 Y119.877 E.03211
G1 X119.06 Y119.06 E.03815
G1 X119.586 Y118.468 E.02615
G1 X120.114 Y117.554 E.03485
G1 X120.44 Y116.55 E.03485
G1 X120.487 Y116.128 E.01402
G1 X121.669 Y114.946 E.05519
G1 X121.669 Y116.054 E.03658
G1 X120.49 Y114.874 E.05508
G1 X120.282 Y113.879 E.03356
G1 X119.874 Y112.975 E.03275
G1 X119.658 Y112.673 E.01226
;LAYER_CHANGE
;Z:9.8
;HEIGHT:0.2
;BEFORE_LAYER_CHANGE
G92 E0
;9.8


G1 E-3.5 F3600
;WIPE_START
G1 F7200
G1 X119.874 Y112.975 E-.17637
G1 X120.282 Y113.879 E-.47111
G1 X120.49 Y114.874 E-.48284
G1 X121.04 Y115.424 E-.36968
;WIPE_END
G1 Z9.8 F9000
;AFTER_LAYER_CHANGE
;9.8
G1 X119.321 Y112.724
G1 E5 F2400
;TYPE:Perimeter
;WIDTH:0.439999
G1 F900
G1 X119.633 Y113.173 E.01805
G1 X119.976 Y113.939 E.02771
G1 X120.12 Y114.518 E.0197
G1 X120.222 Y115.055 E.01805
G1 X120.224 Y115.894 E.0277
G1 X120.12 Y116.482 E.01972
G1 X119.995 Y117.014 E.01804
G1 X119.655 Y117.781 E.0277
G1 X119.321 Y118.276 E.01972
G1 X118.991 Y118.711 E.01803
G1 X118.368 Y119.274 E.02772
G1 X117.862 Y119.591 E.01971
G1 X117.383 Y119.854 E.01804
G1 X116.585 Y120.114 E.02771
G1 X115.994 Y120.198 E.01971
G1 X115.449 Y120.243 E.01806
G1 X114.614 Y120.156 E.02772
G1 X114.04 Y119.992 E.01971
G1 X113.524 Y119.812 E.01804
G1 X112.746 Y119.355 E.02979
G1 X112.341 Y119.014 E.01748
G1 X111.941 Y118.636 E.01817
G1 X111.447 Y117.957 E.02772
G1 X111.185 Y117.421 E.0197
G1 X110.974 Y116.917 E.01804
G1 X110.798 Y116.096 E.02772
G1 X110.776 Y115.5 E.01969
G1 X110.788 Y114.954 E.01803
G1 X110.962 Y114.132 E.02774
G1 X111.185 Y113.579 E.01969
G1 X111.418 Y113.084 E.01806
G1 X111.91 Y112.405 E.02769
G1 X112.339 Y111.99 E.01971
G1 X112.753 Y111.633 E.01805
G1 X113.48 Y111.212 E.02774
G1 X114.04 Y111.008 E.01968
G1 X114.564 Y110.85 E.01807
G1 X115.398 Y110.761 E.02769
G1 X115.994 Y110.802 E.01972
G1 X116.536 Y110.871 E.01804
G1 X117.335 Y111.129 E.02772
G1 X117.862 Y111.409 E.0197
G1 X118.329 Y111.693 E.01805
G1 X118.954 Y112.254 E.02773
G1 X119.284 Y112.676 E.01769
G1 X119 Y112.957 F9000
G1 F900
G1 X119.292 Y113.38 E.01697
G1 X119.613 Y114.1 E.02603
G1 X119.732 Y114.6 E.01697
G1 X119.826 Y115.106 E.01699
G1 X119.826 Y115.894 E.02602
G1 X119.732 Y116.4 E.01699
G1 X119.613 Y116.9 E.01697
G1 X119.292 Y117.62 E.02603
G1 X119 Y118.043 E.01697
G1 X118.688 Y118.451 E.01696
G1 X118.102 Y118.979 E.02604
G1 X117.663 Y119.247 E.01698
G1 X117.212 Y119.493 E.01696
G1 X116.462 Y119.737 E.02604
G1 X115.952 Y119.803 E.01698
G1 X115.44 Y119.844 E.01696
G1 X114.656 Y119.762 E.02603
G1 X114.163 Y119.615 E.01699
G1 X113.673 Y119.441 E.01717
G1 X112.948 Y119.013 E.0278
G1 X112.31 Y118.45 E.02809
G1 X111.708 Y117.62 E.03385
G1 X111.387 Y116.9 E.02603
G1 X111.268 Y116.4 E.01697
G1 X111.174 Y115.894 E.01699
G1 X111.186 Y114.986 E.02998
G1 X111.35 Y114.215 E.02603
G1 X111.548 Y113.74 E.01699
G1 X111.768 Y113.276 E.01695
G1 X112.232 Y112.638 E.02605
G1 X112.605 Y112.285 E.01696
G1 X112.995 Y111.95 E.01698
G1 X113.678 Y111.556 E.02603
G1 X114.163 Y111.385 E.01698
G1 X114.656 Y111.238 E.01699
G1 X115.44 Y111.156 E.02603
G1 X115.952 Y111.197 E.01696
G1 X116.462 Y111.263 E.01698
G1 X117.212 Y111.507 E.02604
G1 X117.663 Y111.753 E.01696
G1 X118.102 Y112.021 E.01698
G1 X118.688 Y112.549 E.02604
G1 X118.964 Y112.909 E.01498
G1 X118.685 Y113.186 F9000
;TYPE:External perimeter
;WIDTH:0.419999
G1 F900
G1 X118.919 Y113.503 E.01235
G1 X119.259 Y114.258 E.02596
G1 X119.435 Y115.067 E.02596
G1 X119.439 Y115.894 E.02593
G1 X119.271 Y116.705 E.02597
G1 X118.938 Y117.462 E.02593
G1 X118.455 Y118.134 E.02595
G1 X117.843 Y118.691 E.02595
G1 X117.128 Y119.109 E.02597
G1 X116.342 Y119.368 E.02595
G1 X115.52 Y119.459 E.02593
G1 X114.696 Y119.377 E.02596
G1 X113.908 Y119.125 E.02594
G1 X113.145 Y118.679 E.02771
G1 X112.571 Y118.163 E.0242
G1 X112.081 Y117.497 E.02592
G1 X111.741 Y116.742 E.02596
G1 X111.565 Y115.933 E.02596
G1 X111.565 Y115.067 E.02715
G1 X111.729 Y114.295 E.02475
G1 X112.062 Y113.538 E.02593
G1 X112.545 Y112.866 E.02595
G1 X113.157 Y112.309 E.02595
G1 X113.872 Y111.891 E.02597
G1 X114.658 Y111.632 E.02595
G1 X115.48 Y111.541 E.02593
G1 X116.304 Y111.623 E.02596
G1 X117.092 Y111.875 E.02594
G1 X117.811 Y112.286 E.02597
G1 X118.429 Y112.836 E.02594
G1 X118.65 Y113.137 E.01171
G1 E-3.5 F3600
;WIPE_START
G1 F7200
G1 X118.685 Y113.186 E-.0286
G1 X118.919 Y113.503 E-.18716
G1 X119.259 Y114.258 E-.39331
G1 X119.435 Y115.067 E-.39326
G1 X119.439 Y115.894 E-.39283
G1 X119.394 Y116.11 E-.10484
;WIPE_END
G1 X120.638 Y111.528 F9000
G1 E5 F2400
;TYPE:Perimeter
;WIDTH:0.439999
G1 F900
G1 X120.788 Y111.716 E.00794
G1 X121.198 Y112.375 E.02563
G1 X121.459 Y112.898 E.0193
G1 X121.723 Y113.628 E.02563
G1 X121.87 Y114.194 E.01931
G1 X121.976 Y114.963 E.02563
G1 X122.002 Y115.547 E.0193
G1 X121.946 Y116.321 E.02562
G1 X121.85 Y116.897 E.01928
G1 X121.635 Y117.644 E.02567
G1 X121.421 Y118.187 E.01927
G1 X121.055 Y118.872 E.02564
G1 X120.733 Y119.359 E.01928
G1 X120.233 Y119.953 E.02564
G1 X119.816 Y120.363 E.01931
G1 X119.203 Y120.84 E.02565
G1 X118.711 Y121.154 E.01927
G1 X118.012 Y121.493 E.02565
G1 X117.465 Y121.698 E.01929
G1 X116.711 Y121.885 E.02565
G1 X116.133 Y121.971 E.01929
G1 X115.357 Y121.997 E.02564
G1 X114.774 Y121.962 E.01928
G1 X114.009 Y121.825 E.02566
G1 X113.446 Y121.669 E.01929
G1 X112.727 Y121.377 E.02562
G1 X112.209 Y121.108 E.01927
G1 X111.523 Y120.638 E.02746
G1 X111.115 Y120.301 E.01747
G1 X110.576 Y119.741 E.02566
G1 X110.212 Y119.284 E.01929
G1 X109.802 Y118.625 E.02563
G1 X109.541 Y118.102 E.0193
G1 X109.277 Y117.372 E.02563
G1 X109.13 Y116.806 E.01931
G1 X109.024 Y116.037 E.02563
G1 X108.998 Y115.453 E.0193
G1 X109.054 Y114.679 E.02562
G1 X109.15 Y114.103 E.01928
G1 X109.365 Y113.356 E.02567
G1 X109.579 Y112.813 E.01927
G1 X109.945 Y112.128 E.02564
G1 X110.267 Y111.641 E.01928
G1 X110.767 Y111.047 E.02564
G1 X111.184 Y110.637 E.01931
G1 X111.797 Y110.16 E.02565
G1 X112.289 Y109.846 E.01927
G1 X112.988 Y109.507 E.02565
G1 X113.535 Y109.302 E.01929
G1 X114.289 Y109.115 E.02565
G1 X114.867 Y109.029 E.01929
G1 X115.643 Y109.003 E.02564
G1 X116.226 Y109.038 E.01928
G1 X116.991 Y109.175 E.02566
G1 X117.554 Y109.331 E.01929
G1 X118.273 Y109.623 E.02562
G1 X118.791 Y109.892 E.01927
G1 X119.434 Y110.328 E.02565
G1 X119.885 Y110.699 E.01928
G1 X120.424 Y111.259 E.02566
G1 X120.6 Y111.481 E.00935
G1 X120.911 Y111.229 F9000
G1 F900
G1 X121.084 Y111.443 E.00909
G1 X121.477 Y112.049 E.02385
G1 X121.805 Y112.693 E.02386
G1 X122.064 Y113.367 E.02384
G1 X122.234 Y114 E.02164
G1 X122.323 Y114.521 E.01745
G1 X122.378 Y115.039 E.0172
G1 X122.399 Y115.567 E.01745
G1 X122.364 Y116.221 E.02162
G1 X122.251 Y116.935 E.02387
G1 X122.064 Y117.633 E.02386
G1 X121.805 Y118.307 E.02384
G1 X121.477 Y118.951 E.02386
G1 X121.084 Y119.557 E.02385
G1 X120.629 Y120.118 E.02385
G1 X120.118 Y120.629 E.02386
G1 X119.557 Y121.084 E.02385
G1 X118.951 Y121.477 E.02385
G1 X118.307 Y121.805 E.02386
G1 X117.633 Y122.064 E.02384
G1 X116.935 Y122.251 E.02386
G1 X116.221 Y122.364 E.02387
G1 X115.5 Y122.402 E.02384
G1 X114.779 Y122.364 E.02384
G1 X114.065 Y122.251 E.02387
G1 X113.367 Y122.064 E.02386
G1 X112.693 Y121.805 E.02384
G1 X112.049 Y121.477 E.02386
G1 X111.443 Y121.084 E.02385
G1 X110.882 Y120.629 E.02385
G1 X110.371 Y120.118 E.02386
G1 X109.916 Y119.557 E.02385
G1 X109.523 Y118.951 E.02385
G1 X109.195 Y118.307 E.02386
G1 X108.936 Y117.633 E.02384
G1 X108.749 Y116.935 E.02386
G1 X108.636 Y116.221 E.02387
G1 X108.598 Y115.5 E.02384
G1 X108.636 Y114.779 E.02384
G1 X108.749 Y114.065 E.02387
G1 X108.936 Y113.367 E.02386
G1 X109.195 Y112.693 E.02384
G1 X109.523 Y112.049 E.02386
G1 X109.916 Y111.443 E.02385
G1 X110.371 Y110.882 E.02385
G1 X110.882 Y110.371 E.02386
G1 X111.443 Y109.916 E.02385
G1 X112.049 Y109.523 E.02385
G1 X112.693 Y109.195 E.02386
G1 X113.367 Y108.936 E.02384
G1 X114.065 Y108.749 E.02386
G1 X114.779 Y108.636 E.02387
G1 X115.5 Y108.598 E.02384
G1 X116.221 Y108.636 E.02384
G1 X116.935 Y108.749 E.02387
G1 X117.633 Y108.936 E.02386
G1 X118.307 Y109.195 E.02384
G1 X118.951 Y109.523 E.02386
G1 X119.557 Y109.916 E.02385
G1 X120.118 Y110.371 E.02385
G1 X120.629 Y110.882 E.02386
G1 X120.873 Y111.183 E.01279
G1 X121.174 Y110.939 F9000
;TYPE:External perimeter
;WIDTH:0.419999
G1 F900
G1 X121.398 Y111.215 E.01115
G1 X121.813 Y111.855 E.02392
G1 X122.159 Y112.535 E.02392
G1 X122.433 Y113.247 E.02392
G1 X122.608 Y113.9 E.0212
G1 X122.706 Y114.46 E.01783
G1 X122.764 Y115.019 E.01762
G1 X122.785 Y115.588 E.01785
G1 X122.75 Y116.262 E.02116
G1 X122.63 Y117.016 E.02394
G1 X122.433 Y117.753 E.02392
G1 X122.159 Y118.465 E.02392
G1 X121.813 Y119.145 E.02392
G1 X121.398 Y119.785 E.02392
G1 X120.917 Y120.378 E.02394
G1 X120.378 Y120.917 E.0239
G1 X119.785 Y121.398 E.02394
G1 X119.145 Y121.813 E.02392
G1 X118.465 Y122.159 E.02392
G1 X117.753 Y122.433 E.02392
G1 X117.016 Y122.63 E.02392
G1 X116.262 Y122.75 E.02394
G1 X115.5 Y122.79 E.02392
G1 X114.738 Y122.75 E.02392
G1 X113.984 Y122.63 E.02394
G1 X113.247 Y122.433 E.02392
G1 X112.535 Y122.159 E.02392
G1 X111.855 Y121.813 E.02392
G1 X111.215 Y121.398 E.02392
G1 X110.622 Y120.917 E.02394
G1 X110.083 Y120.378 E.0239
G1 X109.602 Y119.785 E.02394
G1 X109.187 Y119.145 E.02392
G1 X108.841 Y118.465 E.02392
G1 X108.567 Y117.753 E.02392
G1 X108.37 Y117.016 E.02392
G1 X108.25 Y116.262 E.02394
G1 X108.21 Y115.5 E.02392
G1 X108.25 Y114.738 E.02392
G1 X108.37 Y113.984 E.02394
G1 X108.567 Y113.247 E.02392
G1 X108.841 Y112.535 E.02392
G1 X109.187 Y111.855 E.02392
G1 X109.602 Y111.215 E.02392
G1 X110.083 Y110.622 E.02394
G1 X110.622 Y110.083 E.0239
G1 X111.215 Y109.602 E.02394
G1 X111.855 Y109.187 E.02392
G1 X112.535 Y108.841 E.02392
G1 X113.247 Y108.567 E.02392
G1 X113.984 Y108.37 E.02392
G1 X114.738 Y108.25 E.02394
G1 X115.5 Y108.21 E.02392
G1 X116.262 Y108.25 E.02392
G1 X117.016 Y108.37 E.02394
G1 X117.753 Y108.567 E.02392
G1 X118.465 Y108.841 E.02392
G1 X119.145 Y109.187 E.02392
G1 X119.785 Y109.602 E.02392
G1 X120.378 Y110.083 E.02394
G1 X120.917 Y110.622 E.0239
G1 X121.136 Y110.892 E.0109
G1 E-3.5 F3600
;WIPE_START
G1 F7200
G1 X121.174 Y110.939 E-.02871
G1 X121.398 Y111.215 E-.16884
G1 X121.813 Y111.855 E-.36232
G1 X122.159 Y112.535 E-.36241
G1 X122.433 Y113.247 E-.36238
G1 X122.55 Y113.685 E-.21534
;WIPE_END
G1 X119.669 Y112.688 F9000
G1 E5 F2400
;TYPE:Internal infill
;WIDTH:0.44
G1 F900
G1 X119.874 Y112.975 E.01165
G1 X120.257 Y113.819 E.0306
G1 X120.507 Y114.892 E.03638
G1 X121.669 Y116.054 E.05426
G1 X121.698 Y115.5 E.01832
G1 X121.669 Y114.946 E.01832
G1 X120.505 Y116.11 E.05435
G1 X120.303 Y117.061 E.0321
G1 X119.874 Y118.025 E.03484
G1 X119.665 Y118.312 E.01172
G1 X121.202 Y117.917 F9000
G1 F900
G1 X120.868 Y118.599 E.02507
G1 X120.515 Y119.143 E.02141
G1 X119.877 Y119.877 E.03211
G1 X119.057 Y119.057 E.03829
G1 X118.469 Y119.586 E.02611
G1 X117.554 Y120.114 E.03488
G1 X116.55 Y120.44 E.03485
G1 X116.131 Y120.484 E.01391
G1 X114.946 Y121.669 E.05533
G1 X116.054 Y121.669 E.03658
G1 X114.869 Y120.484 E.05533
G1 X114.45 Y120.44 E.01391
G1 X113.446 Y120.114 E.03485
G1 X112.517 Y119.572 E.03551
G1 X111.94 Y119.06 E.02547
G1 X111.123 Y119.877 E.03815
G1 X111.857 Y120.515 E.03211
G1 X112.401 Y120.868 E.02141
G1 X113.083 Y121.202 E.02507
G1 E-3.5 F3600
;WIPE_START
G1 F7200
G1 X112.401 Y120.868 E-.36071
G1 X111.857 Y120.515 E-.30803
G1 X111.123 Y119.877 E-.46195
G1 X111.673 Y119.327 E-.36931
;WIPE_END
G1 X111.331 Y118.312 F9000
G1 E5 F2400
G1 F900
G1 X111.126 Y118.025 E.01165
G1 X110.743 Y117.181 E.0306
G1 X110.493 Y116.108 E.03638
G1 X109.331 Y114.946 E.05426
G1 X109.302 Y115.5 E.01832
G1 X109.331 Y116.054 E.01832
G1 X110.495 Y114.89 E.05435
G1 X110.697 Y113.939 E.0321
G1 X111.126 Y112.975 E.03484
G1 X111.335 Y112.688 E.01172
G1 E-3.5 F3600
;WIPE_START
G1 F7200
G1 X111.126 Y112.975 E-.16864
G1 X110.697 Y113.939 E-.5012
G1 X110.495 Y114.89 E-.4618
G1 X109.947 Y115.438 E-.36836
;WIPE_END
G1 X113.083 Y109.798 F9000
G1 E5 F2400
G1 F900
G1 X112.401 Y110.132 E.02507
G1 X111.857 Y110.485 E.02141
G1 X111.123 Y111.123 E.03211
G1 X111.943 Y111.943 E.03829
G1 X112.531 Y111.414 E.02611
G1 X113.446 Y110.886 E.03488
G1 X114.45 Y110.56 E.03485
G1 X114.871 Y110.514 E.01398
G1 X116.054 Y109.331 E.05524
G1 X115.535 Y109.304 E.01716
G1 X114.947 Y109.331 E.01943
G1 X116.128 Y110.513 E.05517
G1 X116.55 Y110.56 E.01402
G1 X117.554 Y110.886 E.03485
G1 X118.468 Y111.414 E.03485
G1 X119.06 Y111.94 E.02615
G1 X119.877 Y111.123 E.03815
G1 X119.143 Y110.485 E.03211
G1 X118.599 Y110.132 E.02141
G1 X117.917 Y109.798 E.02507
;LAYER_CHANGE
;Z:10
;HEIGHT:0.2
;BEFORE_LAYER_CHANGE
G92 E0
;10


G1 E-3.5 F3600
;WIPE_START
G1 F7200
G1 X118.599 Y110.132 E-.36071
G1 X119.143 Y110.485 E-.30803
G1 X119.877 Y111.123 E-.46195
G1 X119.328 Y111.672 E-.36931
;WIPE_END
G1 Z10 F9000
;AFTER_LAYER_CHANGE
;10
G1 X117.425 Y111.177
G1 E5 F2400
;TYPE:Perimeter
;WIDTH:0.439999
G1 F900
G1 X117.862 Y111.409 E.01634
G1 X118.329 Y111.693 E.01805
G1 X118.954 Y112.254 E.02773
G1 X119.321 Y112.724 E.01969
G1 X119.633 Y113.173 E.01805
G1 X119.975 Y113.939 E.0277
G1 X120.12 Y114.518 E.01971
G1 X120.222 Y115.055 E.01805
G1 X120.224 Y115.894 E.0277
G1 X120.12 Y116.482 E.01972
G1 X119.995 Y117.014 E.01804
G1 X119.655 Y117.781 E.0277
G1 X119.321 Y118.276 E.01972
G1 X118.991 Y118.711 E.01803
G1 X118.368 Y119.274 E.02772
G1 X117.862 Y119.591 E.01971
G1 X117.383 Y119.854 E.01804
G1 X116.585 Y120.114 E.02771
G1 X115.994 Y120.198 E.01971
G1 X115.449 Y120.243 E.01806
G1 X114.614 Y120.156 E.02772
G1 X114.04 Y119.992 E.01971
G1 X113.524 Y119.812 E.01804
G1 X112.753 Y119.36 E.02951
G1 X112.341 Y119.013 E.01779
G1 X111.941 Y118.636 E.01815
G1 X111.447 Y117.957 E.02772
G1 X111.185 Y117.421 E.0197
G1 X110.974 Y116.917 E.01804
G1 X110.798 Y116.096 E.02772
G1 X110.776 Y115.5 E.01969
G1 X110.788 Y114.954 E.01803
G1 X110.962 Y114.132 E.02774
G1 X111.185 Y113.579 E.01969
G1 X111.418 Y113.084 E.01806
G1 X111.91 Y112.405 E.02769
G1 X112.339 Y111.99 E.01971
G1 X112.753 Y111.633 E.01805
G1 X113.48 Y111.212 E.02774
G1 X114.04 Y111.008 E.01968
G1 X114.564 Y110.85 E.01807
G1 X115.398 Y110.761 E.02769
G1 X115.994 Y110.802 E.01972
G1 X116.536 Y110.871 E.01804
G1 X117.335 Y111.129 E.02772
G1 X117.372 Y111.149 E.00139
G1 X117.265 Y111.536 F9000
G1 F900
G1 X117.322 Y111.556 E.00199
G1 X118.005 Y111.95 E.02603
G1 X118.395 Y112.285 E.01698
G1 X118.768 Y112.638 E.01696
G1 X119.232 Y113.276 E.02605
G1 X119.452 Y113.74 E.01695
G1 X119.65 Y114.215 E.01699
G1 X119.814 Y114.986 E.02603
G1 X119.826 Y115.5 E.01698
G1 X119.814 Y116.014 E.01698
G1 X119.65 Y116.785 E.02603
G1 X119.452 Y117.26 E.01699
G1 X119.232 Y117.724 E.01695
G1 X118.768 Y118.362 E.02605
G1 X118.395 Y118.715 E.01696
G1 X118.005 Y119.05 E.01698
G1 X117.322 Y119.444 E.02603
G1 X116.837 Y119.615 E.01698
G1 X116.344 Y119.762 E.01699
G1 X115.56 Y119.844 E.02603
G1 X115.048 Y119.803 E.01696
G1 X114.538 Y119.737 E.01698
G1 X113.788 Y119.493 E.02604
G1 X112.884 Y118.969 E.0345
G1 X112.311 Y118.45 E.02553
G1 X111.708 Y117.62 E.03387
G1 X111.387 Y116.9 E.02603
G1 X111.268 Y116.4 E.01697
G1 X111.174 Y115.894 E.01699
G1 X111.174 Y115.106 E.02602
G1 X111.268 Y114.6 E.01699
G1 X111.387 Y114.1 E.01697
G1 X111.708 Y113.38 E.02603
G1 X112 Y112.957 E.01697
G1 X112.312 Y112.549 E.01696
G1 X112.898 Y112.021 E.02604
G1 X113.705 Y111.542 E.03099
G1 X114.538 Y111.263 E.02901
G1 X115.048 Y111.197 E.01698
G1 X115.56 Y111.156 E.01696
G1 X116.344 Y111.238 E.02603
G1 X116.837 Y111.385 E.01699
G1 X117.208 Y111.516 E.01299
G1 X117.11 Y111.885 F9000
;TYPE:External perimeter
;WIDTH:0.419999
G1 F900
G1 X117.811 Y112.286 E.02532
G1 X118.429 Y112.836 E.02594
G1 X118.919 Y113.503 E.02595
G1 X119.259 Y114.258 E.02596
G1 X119.435 Y115.067 E.02596
G1 X119.439 Y115.894 E.02593
G1 X119.271 Y116.705 E.02597
G1 X118.938 Y117.462 E.02593
G1 X118.455 Y118.134 E.02595
G1 X117.843 Y118.691 E.02595
G1 X117.128 Y119.109 E.02597
G1 X116.342 Y119.368 E.02595
G1 X115.52 Y119.459 E.02593
G1 X114.696 Y119.377 E.02596
G1 X113.908 Y119.125 E.02594
G1 X113.151 Y118.684 E.02747
G1 X112.571 Y118.163 E.02445
G1 X112.081 Y117.497 E.02592
G1 X111.741 Y116.742 E.02596
G1 X111.565 Y115.933 E.02596
G1 X111.561 Y115.106 E.02593
G1 X111.729 Y114.295 E.02597
G1 X112.062 Y113.538 E.02593
G1 X112.545 Y112.866 E.02595
G1 X113.157 Y112.309 E.02595
G1 X113.872 Y111.891 E.02597
G1 X114.658 Y111.632 E.02595
G1 X115.48 Y111.541 E.02593
G1 X116.304 Y111.623 E.02596
G1 X117.054 Y111.863 E.02469
G1 E-3.5 F3600
;WIPE_START
G1 F7200
G1 X117.11 Y111.885 E-.02858
G1 X117.811 Y112.286 E-.38361
G1 X118.429 Y112.836 E-.39297
G1 X118.919 Y113.503 E-.39313
G1 X119.18 Y114.082 E-.30171
;WIPE_END
G1 X117.962 Y109.497 F9000
G1 E5 F2400
;TYPE:Perimeter
;WIDTH:0.439999
G1 F900
G1 X118.273 Y109.623 E.01108
G1 X118.791 Y109.892 E.01927
G1 X119.434 Y110.328 E.02565
G1 X119.885 Y110.699 E.01928
G1 X120.424 Y111.259 E.02566
G1 X120.788 Y111.716 E.01929
G1 X121.198 Y112.375 E.02563
G1 X121.459 Y112.898 E.0193
G1 X121.723 Y113.628 E.02563
G1 X121.87 Y114.194 E.01931
G1 X121.976 Y114.963 E.02563
G1 X122.002 Y115.547 E.0193
G1 X121.946 Y116.321 E.02562
G1 X121.85 Y116.897 E.01928
G1 X121.635 Y117.644 E.02567
G1 X121.421 Y118.187 E.01927
G1 X121.055 Y118.872 E.02564
G1 X120.733 Y119.359 E.01928
G1 X120.233 Y119.953 E.02564
G1 X119.816 Y120.363 E.01931
G1 X119.203 Y120.84 E.02565
G1 X118.711 Y121.154 E.01927
G1 X118.012 Y121.493 E.02565
G1 X117.465 Y121.698 E.01929
G1 X116.711 Y121.885 E.02565
G1 X116.133 Y121.971 E.01929
G1 X115.357 Y121.997 E.02564
G1 X114.774 Y121.962 E.01928
G1 X114.009 Y121.825 E.02566
G1 X113.446 Y121.669 E.01929
G1 X112.727 Y121.377 E.02562
G1 X112.209 Y121.108 E.01927
G1 X111.529 Y120.643 E.0272
G1 X111.115 Y120.301 E.01773
G1 X110.576 Y119.741 E.02566
G1 X110.212 Y119.284 E.01929
G1 X109.802 Y118.625 E.02563
G1 X109.541 Y118.102 E.0193
G1 X109.277 Y117.372 E.02563
G1 X109.13 Y116.806 E.01931
G1 X109.024 Y116.037 E.02563
G1 X108.998 Y115.453 E.0193
G1 X109.054 Y114.679 E.02562
G1 X109.15 Y114.103 E.01928
G1 X109.365 Y113.356 E.02567
G1 X109.579 Y112.813 E.01927
G1 X109.945 Y112.128 E.02564
G1 X110.267 Y111.641 E.01928
G1 X110.767 Y111.047 E.02564
G1 X111.184 Y110.637 E.01931
G1 X111.797 Y110.16 E.02565
G1 X112.289 Y109.846 E.01927
G1 X112.988 Y109.507 E.02565
G1 X113.535 Y109.302 E.01929
G1 X114.289 Y109.115 E.02565
G1 X114.867 Y109.029 E.01929
G1 X115.643 Y109.003 E.02564
G1 X116.226 Y109.038 E.01928
G1 X116.991 Y109.175 E.02566
G1 X117.554 Y109.331 E.01929
G1 X117.907 Y109.474 E.01258
G1 X118.052 Y109.097 F9000
G1 F900
G1 X118.307 Y109.195 E.00902
G1 X118.951 Y109.523 E.02386
G1 X119.557 Y109.916 E.02385
G1 X120.118 Y110.371 E.02385
G1 X120.629 Y110.882 E.02386
G1 X121.084 Y111.443 E.02385
G1 X121.477 Y112.049 E.02385
G1 X121.805 Y112.693 E.02386
G1 X122.064 Y113.367 E.02384
G1 X122.234 Y114 E.02164
G1 X122.323 Y114.521 E.01745
G1 X122.378 Y115.039 E.0172
G1 X122.399 Y115.567 E.01745
G1 X122.364 Y116.221 E.02162
G1 X122.251 Y116.935 E.02387
G1 X122.064 Y117.633 E.02386
G1 X121.805 Y118.307 E.02384
G1 X121.477 Y118.951 E.02386
G1 X121.084 Y119.557 E.02385
G1 X120.629 Y120.118 E.02385
G1 X120.118 Y120.629 E.02386
G1 X119.557 Y121.084 E.02385
G1 X118.951 Y121.477 E.02385
G1 X118.307 Y121.805 E.02386
G1 X117.633 Y122.064 E.02384
G1 X116.935 Y122.251 E.02386
G1 X116.221 Y122.364 E.02387
G1 X115.5 Y122.402 E.02384
G1 X114.779 Y122.364 E.02384
G1 X114.065 Y122.251 E.02387
G1 X113.367 Y122.064 E.02386
G1 X112.693 Y121.805 E.02384
G1 X112.049 Y121.477 E.02386
G1 X111.443 Y121.084 E.02385
G1 X110.882 Y120.629 E.02385
G1 X110.371 Y120.118 E.02386
G1 X109.916 Y119.557 E.02385
G1 X109.523 Y118.951 E.02385
G1 X109.195 Y118.307 E.02386
G1 X108.936 Y117.633 E.02384
G1 X108.749 Y116.935 E.02386
G1 X108.636 Y116.221 E.02387
G1 X108.598 Y115.5 E.02384
G1 X108.636 Y114.779 E.02384
G1 X108.749 Y114.065 E.02387
G1 X108.936 Y113.367 E.02386
G1 X109.195 Y112.693 E.02384
G1 X109.523 Y112.049 E.02386
G1 X109.916 Y111.443 E.02385
G1 X110.371 Y110.882 E.02385
G1 X110.882 Y110.371 E.02386
G1 X111.443 Y109.916 E.02385
G1 X112.049 Y109.523 E.02385
G1 X112.693 Y109.195 E.02386
G1 X113.367 Y108.936 E.02384
G1 X114.065 Y108.749 E.02386
G1 X114.779 Y108.636 E.02387
G1 X115.5 Y108.598 E.02384
G1 X116.221 Y108.636 E.02384
G1 X116.935 Y108.749 E.02387
G1 X117.633 Y108.936 E.02386
G1 X117.996 Y109.075 E.01283
G1 X118.134 Y108.714 F9000
;TYPE:External perimeter
;WIDTH:0.419999
G1 F900
G1 X118.465 Y108.841 E.01112
G1 X119.145 Y109.187 E.02392
G1 X119.785 Y109.602 E.02392
G1 X120.378 Y110.083 E.02394
G1 X120.917 Y110.622 E.0239
G1 X121.398 Y111.215 E.02394
G1 X121.813 Y111.855 E.02392
G1 X122.159 Y112.535 E.02392
G1 X122.433 Y113.247 E.02392
G1 X122.608 Y113.9 E.0212
G1 X122.706 Y114.46 E.01783
G1 X122.764 Y115.019 E.01762
G1 X122.785 Y115.588 E.01785
G1 X122.75 Y116.262 E.02116
G1 X122.63 Y117.016 E.02394
G1 X122.433 Y117.753 E.02392
G1 X122.159 Y118.465 E.02392
G1 X121.813 Y119.145 E.02392
G1 X121.398 Y119.785 E.02392
G1 X120.917 Y120.378 E.02394
G1 X120.378 Y120.917 E.0239
G1 X119.785 Y121.398 E.02394
G1 X119.145 Y121.813 E.02392
G1 X118.465 Y122.159 E.02392
G1 X117.753 Y122.433 E.02392
G1 X117.016 Y122.63 E.02392
G1 X116.262 Y122.75 E.02394
G1 X115.5 Y122.79 E.02392
G1 X114.738 Y122.75 E.02392
G1 X113.984 Y122.63 E.02394
G1 X113.247 Y122.433 E.02392
G1 X112.535 Y122.159 E.02392
G1 X111.855 Y121.813 E.02392
G1 X111.215 Y121.398 E.02392
G1 X110.622 Y120.917 E.02394
G1 X110.083 Y120.378 E.0239
G1 X109.602 Y119.785 E.02394
G1 X109.187 Y119.145 E.02392
G1 X108.841 Y118.465 E.02392
G1 X108.567 Y117.753 E.02392
G1 X108.37 Y117.016 E.02392
G1 X108.25 Y116.262 E.02394
G1 X108.21 Y115.5 E.02392
G1 X108.25 Y114.738 E.02392
G1 X108.37 Y113.984 E.02394
G1 X108.567 Y113.247 E.02392
G1 X108.841 Y112.535 E.02392
G1 X109.187 Y111.855 E.02392
G1 X109.602 Y111.215 E.02392
G1 X110.083 Y110.622 E.02394
G1 X110.622 Y110.083 E.0239
G1 X111.215 Y109.602 E.02394
G1 X111.855 Y109.187 E.02392
G1 X112.535 Y108.841 E.02392
G1 X113.247 Y108.567 E.02392
G1 X113.984 Y108.37 E.02392
G1 X114.738 Y108.25 E.02394
G1 X115.5 Y108.21 E.02392
G1 X116.262 Y108.25 E.02392
G1 X117.016 Y108.37 E.02394
G1 X117.753 Y108.567 E.02392
G1 X118.078 Y108.692 E.01092
G1 X117.917 Y109.798 F9000
;TYPE:Internal infill
;WIDTH:0.44
G1 F900
G1 X118.599 Y110.132 E.02507
G1 X119.143 Y110.485 E.02141
G1 X119.877 Y111.123 E.03211
G1 X119.06 Y111.94 E.03815
G1 X118.468 Y111.414 E.02615
G1 X117.554 Y110.886 E.03485
G1 X116.55 Y110.56 E.03485
G1 X116.128 Y110.513 E.01402
G1 X114.947 Y109.331 E.05517
G1 X115.535 Y109.304 E.01943
G1 X116.054 Y109.331 E.01716
G1 X114.871 Y110.514 E.05524
G1 X114.45 Y110.56 E.01398
G1 X113.446 Y110.886 E.03485
G1 X112.531 Y111.414 E.03488
G1 X111.943 Y111.943 E.02611
G1 X111.123 Y111.123 E.03829
G1 X111.857 Y110.485 E.03211
G1 X112.401 Y110.132 E.02141
G1 X113.083 Y109.798 E.02507
G1 E-3.5 F3600
;WIPE_START
G1 F7200
G1 X112.401 Y110.132 E-.36071
G1 X111.857 Y110.485 E-.30803
G1 X111.123 Y111.123 E-.46195
G1 X111.673 Y111.673 E-.36931
;WIPE_END
G1 X111.335 Y112.688 F9000
G1 E5 F2400
G1 F900
G1 X111.126 Y112.975 E.01172
G1 X110.697 Y113.939 E.03484
G1 X110.495 Y114.89 E.0321
G1 X109.331 Y116.054 E.05435
G1 X109.302 Y115.5 E.01832
G1 X109.331 Y114.946 E.01832
G1 X110.493 Y116.108 E.05426
G1 X110.743 Y117.181 E.03638
G1 X111.126 Y118.025 E.0306
G1 X111.331 Y118.312 E.01165
G1 X109.798 Y117.917 F9000
G1 F900
G1 X110.132 Y118.599 E.02507
G1 X110.485 Y119.143 E.02141
G1 X111.123 Y119.877 E.03211
G1 X111.94 Y119.06 E.03815
G1 X112.519 Y119.574 E.02556
G1 X113.446 Y120.114 E.03542
G1 X114.45 Y120.44 E.03485
G1 X114.869 Y120.484 E.01391
G1 X116.054 Y121.669 E.05533
G1 X115.5 Y121.698 E.01832
G1 X114.946 Y121.669 E.01832
G1 X116.131 Y120.484 E.05533
G1 X116.55 Y120.44 E.01391
G1 X117.554 Y120.114 E.03485
G1 X118.469 Y119.586 E.03488
G1 X119.057 Y119.057 E.02611
G1 X119.877 Y119.877 E.03829
G1 X120.515 Y119.143 E.03211
G1 X120.868 Y118.599 E.02141
G1 X121.202 Y117.917 E.02507
G1 X119.665 Y118.312 F9000
G1 F900
G1 X119.874 Y118.025 E.01172
G1 X120.303 Y117.061 E.03484
G1 X120.505 Y116.11 E.0321
G1 X121.669 Y114.946 E.05435
G1 X121.698 Y115.5 E.01832
G1 X121.669 Y116.054 E.01832
G1 X120.507 Y114.892 E.05426
G1 X120.257 Y113.819 E.03638
G1 X119.874 Y112.975 E.0306
G1 X119.669 Y112.688 E.01165
;LAYER_CHANGE
;Z:10.2
;HEIGHT:0.2
;BEFORE_LAYER_CHANGE
G92 E0
;10.2


G1 E-3.5 F3600
;WIPE_START
G1 F7200
G1 X119.874 Y112.975 E-.16753
G1 X120.257 Y113.819 E-.44025
G1 X120.507 Y114.892 E-.52333
G1 X121.056 Y115.441 E-.36889
;WIPE_END
G1 Z10.2 F9000
;AFTER_LAYER_CHANGE
;10.2
G1 X119.321 Y112.724
G1 E5 F2400
;TYPE:Perimeter
;WIDTH:0.439999
G1 F900
G1 X119.633 Y113.173 E.01805
G1 X119.976 Y113.939 E.02771
G1 X120.12 Y114.518 E.0197
G1 X120.222 Y115.055 E.01805
G1 X120.224 Y115.894 E.0277
G1 X120.12 Y116.482 E.01972
G1 X119.995 Y117.014 E.01804
G1 X119.655 Y117.781 E.0277
G1 X119.321 Y118.276 E.01972
G1 X118.991 Y118.711 E.01803
G1 X118.368 Y119.274 E.02772
G1 X117.862 Y119.591 E.01971
G1 X117.383 Y119.854 E.01804
G1 X116.585 Y120.114 E.02771
G1 X115.994 Y120.198 E.01971
G1 X115.449 Y120.243 E.01806
G1 X114.614 Y120.156 E.02772
G1 X114.04 Y119.992 E.01971
G1 X113.524 Y119.812 E.01804
G1 X112.759 Y119.365 E.02925
G1 X112.34 Y119.013 E.01807
G1 X111.941 Y118.636 E.01812
G1 X111.447 Y117.957 E.02772
G1 X111.185 Y117.421 E.0197
G1 X110.974 Y116.917 E.01804
G1 X110.798 Y116.096 E.02772
G1 X110.776 Y115.5 E.01969
G1 X110.788 Y114.954 E.01803
G1 X110.962 Y114.132 E.02774
G1 X111.185 Y113.579 E.01969
G1 X111.418 Y113.084 E.01806
G1 X111.91 Y112.405 E.02769
G1 X112.339 Y111.99 E.01971
G1 X112.753 Y111.633 E.01805
G1 X113.48 Y111.212 E.02774
G1 X114.04 Y111.008 E.01968
G1 X114.564 Y110.85 E.01807
G1 X115.398 Y110.761 E.02769
G1 X115.994 Y110.802 E.01972
G1 X116.536 Y110.871 E.01804
G1 X117.335 Y111.129 E.02772
G1 X117.862 Y111.409 E.0197
G1 X118.329 Y111.693 E.01805
G1 X118.954 Y112.254 E.02773
G1 X119.284 Y112.676 E.01769
G1 X119 Y112.957 F9000
G1 F900
G1 X119.292 Y113.38 E.01697
G1 X119.613 Y114.1 E.02603
G1 X119.732 Y114.6 E.01697
G1 X119.826 Y115.106 E.01699
G1 X119.826 Y115.894 E.02602
G1 X119.732 Y116.4 E.01699
G1 X119.613 Y116.9 E.01697
G1 X119.292 Y117.62 E.02603
G1 X119 Y118.043 E.01697
G1 X118.688 Y118.451 E.01696
G1 X118.102 Y118.979 E.02604
G1 X117.663 Y119.247 E.01698
G1 X117.212 Y119.493 E.01696
G1 X116.462 Y119.737 E.02604
G1 X115.952 Y119.803 E.01698
G1 X115.44 Y119.844 E.01696
G1 X114.656 Y119.762 E.02603
G1 X114.163 Y119.615 E.01699
G1 X113.674 Y119.442 E.01713
G1 X112.96 Y119.022 E.02735
G1 X112.311 Y118.45 E.02856
G1 X111.708 Y117.62 E.03387
G1 X111.387 Y116.9 E.02603
G1 X111.268 Y116.4 E.01697
G1 X111.174 Y115.894 E.01699
G1 X111.186 Y114.986 E.02998
G1 X111.35 Y114.215 E.02603
G1 X111.548 Y113.74 E.01699
G1 X111.768 Y113.276 E.01695
G1 X112.232 Y112.638 E.02605
G1 X112.605 Y112.285 E.01696
G1 X112.995 Y111.95 E.01698
G1 X113.678 Y111.556 E.02603
G1 X114.163 Y111.385 E.01698
G1 X114.656 Y111.238 E.01699
G1 X115.44 Y111.156 E.02603
G1 X115.952 Y111.197 E.01696
G1 X116.462 Y111.263 E.01698
G1 X117.212 Y111.507 E.02604
G1 X117.663 Y111.753 E.01696
G1 X118.102 Y112.021 E.01698
G1 X118.688 Y112.549 E.02604
G1 X118.964 Y112.909 E.01498
G1 X118.685 Y113.186 F9000
;TYPE:External perimeter
;WIDTH:0.419999
G1 F900
G1 X118.919 Y113.503 E.01235
G1 X119.259 Y114.258 E.02596
G1 X119.435 Y115.067 E.02596
G1 X119.439 Y115.894 E.02593
G1 X119.271 Y116.705 E.02597
G1 X118.938 Y117.462 E.02593
G1 X118.455 Y118.134 E.02595
G1 X117.843 Y118.691 E.02595
G1 X117.128 Y119.109 E.02597
G1 X116.342 Y119.368 E.02595
G1 X115.52 Y119.459 E.02593
G1 X114.696 Y119.377 E.02596
G1 X113.908 Y119.125 E.02594
G1 X113.156 Y118.688 E.02727
G1 X112.571 Y118.163 E.02465
G1 X112.081 Y117.497 E.02592
G1 X111.741 Y116.742 E.02596
G1 X111.565 Y115.933 E.02596
G1 X111.565 Y115.067 E.02715
G1 X111.729 Y114.295 E.02475
G1 X112.062 Y113.538 E.02593
G1 X112.545 Y112.866 E.02595
G1 X113.157 Y112.309 E.02595
G1 X113.872 Y111.891 E.02597
G1 X114.658 Y111.632 E.02595
G1 X115.48 Y111.541 E.02593
G1 X116.304 Y111.623 E.02596
G1 X117.092 Y111.875 E.02594
G1 X117.811 Y112.286 E.02597
G1 X118.429 Y112.836 E.02594
G1 X118.65 Y113.137 E.01171
G1 E-3.5 F3600
;WIPE_START
G1 F7200
G1 X118.685 Y113.186 E-.0286
G1 X118.919 Y113.503 E-.18716
G1 X119.259 Y114.258 E-.39331
G1 X119.435 Y115.067 E-.39326
G1 X119.439 Y115.894 E-.39283
G1 X119.394 Y116.11 E-.10484
;WIPE_END
G1 X120.638 Y111.528 F9000
G1 E5 F2400
;TYPE:Perimeter
;WIDTH:0.439999
G1 F900
G1 X120.788 Y111.716 E.00794
G1 X121.198 Y112.375 E.02563
G1 X121.459 Y112.898 E.0193
G1 X121.723 Y113.628 E.02563
G1 X121.87 Y114.194 E.01931
G1 X121.976 Y114.963 E.02563
G1 X122.002 Y115.547 E.0193
G1 X121.946 Y116.321 E.02562
G1 X121.85 Y116.897 E.01928
G1 X121.635 Y117.644 E.02567
G1 X121.421 Y118.187 E.01927
G1 X121.055 Y118.872 E.02564
G1 X120.733 Y119.359 E.01928
G1 X120.233 Y119.953 E.02564
G1 X119.816 Y120.363 E.01931
G1 X119.203 Y120.84 E.02565
G1 X118.711 Y121.154 E.01927
G1 X118.012 Y121.493 E.02565
G1 X117.465 Y121.698 E.01929
G1 X116.711 Y121.885 E.02565
G1 X116.133 Y121.971 E.01929
G1 X115.357 Y121.997 E.02564
G1 X114.774 Y121.962 E.01928
G1 X114.009 Y121.825 E.02566
G1 X113.446 Y121.669 E.01929
G1 X112.727 Y121.377 E.02562
G1 X112.209 Y121.108 E.01927
G1 X111.534 Y120.647 E.02699
G1 X111.115 Y120.301 E.01794
G1 X110.576 Y119.741 E.02566
G1 X110.212 Y119.284 E.01929
G1 X109.802 Y118.625 E.02563
G1 X109.541 Y118.102 E.0193
G1 X109.277 Y117.372 E.02563
G1 X109.13 Y116.806 E.01931
G1 X109.024 Y116.037 E.02563
G1 X108.998 Y115.453 E.0193
G1 X109.054 Y114.679 E.02562
G1 X109.15 Y114.103 E.01928
G1 X109.365 Y113.356 E.02567
G1 X109.579 Y112.813 E.01927
G1 X109.945 Y112.128 E.02564
G1 X110.267 Y111.641 E.01928
G1 X110.767 Y111.047 E.02564
G1 X111.184 Y110.637 E.01931
G1 X111.797 Y110.16 E.02565
G1 X112.289 Y109.846 E.01927
G1 X112.988 Y109.507 E.02565
G1 X113.535 Y109.302 E.01929
G1 X114.289 Y109.115 E.02565
G1 X114.867 Y109.029 E.01929
G1 X115.643 Y109.003 E.02564
G1 X116.226 Y109.038 E.01928
G1 X116.991 Y109.175 E.02566
G1 X117.554 Y109.331 E.01929
G1 X118.273 Y109.623 E.02562
G1 X118.791 Y109.892 E.01927
G1 X119.434 Y110.328 E.02565
G1 X119.885 Y110.699 E.01928
G1 X120.424 Y111.259 E.02566
G1 X120.6 Y111.481 E.00935
G1 X120.911 Y111.229 F9000
G1 F900
G1 X121.084 Y111.443 E.00909
G1 X121.477 Y112.049 E.02385
G1 X121.805 Y112.693 E.02386
G1 X122.064 Y113.367 E.02384
G1 X122.234 Y114 E.02164
G1 X122.323 Y114.521 E.01745
G1 X122.378 Y115.039 E.0172
G1 X122.399 Y115.567 E.01745
G1 X122.364 Y116.221 E.02162
G1 X122.251 Y116.935 E.02387
G1 X122.064 Y117.633 E.02386
G1 X121.805 Y118.307 E.02384
G1 X121.477 Y118.951 E.02386
G1 X121.084 Y119.557 E.02385
G1 X120.629 Y120.118 E.02385
G1 X120.118 Y120.629 E.02386
G1 X119.557 Y121.084 E.02385
G1 X118.951 Y121.477 E.02385
G1 X118.307 Y121.805 E.02386
G1 X117.633 Y122.064 E.02384
G1 X116.935 Y122.251 E.02386
G1 X116.221 Y122.364 E.02387
G1 X115.5 Y122.402 E.02384
G1 X114.779 Y122.364 E.02384
G1 X114.065 Y122.251 E.02387
G1 X113.367 Y122.064 E.02386
G1 X112.693 Y121.805 E.02384
G1 X112.049 Y121.477 E.02386
G1 X111.443 Y121.084 E.02385
G1 X110.882 Y120.629 E.02385
G1 X110.371 Y120.118 E.02386
G1 X109.916 Y119.557 E.02385
G1 X109.523 Y118.951 E.02385
G1 X109.195 Y118.307 E.02386
G1 X108.936 Y117.633 E.02384
G1 X108.749 Y116.935 E.02386
G1 X108.636 Y116.221 E.02387
G1 X108.598 Y115.5 E.02384
G1 X108.636 Y114.779 E.02384
G1 X108.749 Y114.065 E.02387
G1 X108.936 Y113.367 E.02386
G1 X109.195 Y112.693 E.02384
G1 X109.523 Y112.049 E.02386
G1 X109.916 Y111.443 E.02385
G1 X110.371 Y110.882 E.02385
G1 X110.882 Y110.371 E.02386
G1 X111.443 Y109.916 E.02385
G1 X112.049 Y109.523 E.02385
G1 X112.693 Y109.195 E.02386
G1 X113.367 Y108.936 E.02384
G1 X114.065 Y108.749 E.02386
G1 X114.779 Y108.636 E.02387
G1 X115.5 Y108.598 E.02384
G1 X116.221 Y108.636 E.02384
G1 X116.935 Y108.749 E.02387
G1 X117.633 Y108.936 E.02386
G1 X118.307 Y109.195 E.02384
G1 X118.951 Y109.523 E.02386
G1 X119.557 Y109.916 E.02385
G1 X120.118 Y110.371 E.02385
G1 X120.629 Y110.882 E.02386
G1 X120.873 Y111.183 E.01279
G1 X121.174 Y110.939 F9000
;TYPE:External perimeter
;WIDTH:0.419999
G1 F900
G1 X121.398 Y111.215 E.01115
G1 X121.813 Y111.855 E.02392
G1 X122.159 Y112.535 E.02392
G1 X122.433 Y113.247 E.02392
G1 X122.608 Y113.9 E.0212
G1 X122.706 Y114.46 E.01783
G1 X122.764 Y115.019 E.01762
G1 X122.785 Y115.588 E.01785
G1 X122.75 Y116.262 E.02116
G1 X122.63 Y117.016 E.02394
G1 X122.433 Y117.753 E.02392
G1 X122.159 Y118.465 E.02392
G1 X121.813 Y119.145 E.02392
G1 X121.398 Y119.785 E.02392
G1 X120.917 Y120.378 E.02394
G1 X120.378 Y120.917 E.0239
G1 X119.785 Y121.398 E.02394
G1 X119.145 Y121.813 E.02392
G1 X118.465 Y122.159 E.02392
G1 X117.753 Y122.433 E.02392
G1 X117.016 Y122.63 E.02392
G1 X116.262 Y122.75 E.02394
G1 X115.5 Y122.79 E.02392
G1 X114.738 Y122.75 E.02392
G1 X113.984 Y122.63 E.02394
G1 X113.247 Y122.433 E.02392
G1 X112.535 Y122.159 E.02392
G1 X111.855 Y121.813 E.02392
G1 X111.215 Y121.398 E.02392
G1 X110.622 Y120.917 E.02394
G1 X110.083 Y120.378 E.0239
G1 X109.602 Y119.785 E.02394
G1 X109.187 Y119.145 E.02392
G1 X108.841 Y118.465 E.02392
G1 X108.567 Y117.753 E.02392
G1 X108.37 Y117.016 E.02392
G1 X108.25 Y116.262 E.02394
G1 X108.21 Y115.5 E.02392
G1 X108.25 Y114.738 E.02392
G1 X108.37 Y113.984 E.02394
G1 X108.567 Y113.247 E.02392
G1 X108.841 Y112.535 E.02392
G1 X109.187 Y111.855 E.02392
G1 X109.602 Y111.215 E.02392
G1 X110.083 Y110.622 E.02394
G1 X110.622 Y110.083 E.0239
G1 X111.215 Y109.602 E.02394
G1 X111.855 Y109.187 E.02392
G1 X112.535 Y108.841 E.02392
G1 X113.247 Y108.567 E.02392
G1 X113.984 Y108.37 E.02392
G1 X114.738 Y108.25 E.02394
G1 X115.5 Y108.21 E.02392
G1 X116.262 Y108.25 E.02392
G1 X117.016 Y108.37 E.02394
G1 X117.753 Y108.567 E.02392
G1 X118.465 Y108.841 E.02392
G1 X119.145 Y109.187 E.02392
G1 X119.785 Y109.602 E.02392
G1 X120.378 Y110.083 E.02394
G1 X120.917 Y110.622 E.0239
G1 X121.136 Y110.892 E.0109
G1 E-3.5 F3600
;WIPE_START
G1 F7200
G1 X121.174 Y110.939 E-.02871
G1 X121.398 Y111.215 E-.16884
G1 X121.813 Y111.855 E-.36232
G1 X122.159 Y112.535 E-.36241
G1 X122.433 Y113.247 E-.36238
G1 X122.55 Y113.685 E-.21534
;WIPE_END
G1 X119.669 Y112.688 F9000
G1 E5 F2400
;TYPE:Internal infill
;WIDTH:0.44
G1 F900
G1 X119.874 Y112.975 E.01165
G1 X120.257 Y113.819 E.0306
G1 X120.507 Y114.892 E.03638
G1 X121.669 Y116.054 E.05426
G1 X121.698 Y115.5 E.01832
G1 X121.669 Y114.946 E.01832
G1 X120.505 Y116.11 E.05435
G1 X120.303 Y117.061 E.0321
G1 X119.874 Y118.025 E.03484
G1 X119.665 Y118.312 E.01172
G1 E-3.5 F3600
;WIPE_START
G1 F7200
G1 X119.874 Y118.025 E-.16864
G1 X120.303 Y117.061 E-.5012
G1 X120.505 Y116.11 E-.4618
G1 X121.053 Y115.562 E-.36836
;WIPE_END
G1 X117.917 Y121.202 F9000
G1 E5 F2400
G1 F900
G1 X118.599 Y120.868 E.02507
G1 X119.143 Y120.515 E.02141
G1 X119.877 Y119.877 E.03211
G1 X119.057 Y119.057 E.03829
G1 X118.469 Y119.586 E.02611
G1 X117.554 Y120.114 E.03488
G1 X116.55 Y120.44 E.03485
G1 X116.131 Y120.484 E.01391
G1 X114.949 Y121.666 E.05519
G1 X115.5 Y121.698 E.01822
G1 X116.054 Y121.669 E.01832
G1 X114.869 Y120.484 E.05533
G1 X114.45 Y120.44 E.01391
G1 X113.446 Y120.114 E.03485
G1 X112.521 Y119.575 E.03535
G1 X111.94 Y119.06 E.02563
G1 X111.123 Y119.877 E.03815
G1 X111.857 Y120.515 E.03211
G1 X112.401 Y120.868 E.02141
G1 X113.083 Y121.202 E.02507
G1 E-3.5 F3600
;WIPE_START
G1 F7200
G1 X112.401 Y120.868 E-.36071
G1 X111.857 Y120.515 E-.30803
G1 X111.123 Y119.877 E-.46195
G1 X111.673 Y119.327 E-.36931
;WIPE_END
G1 X111.331 Y118.312 F9000
G1 E5 F2400
G1 F900
G1 X111.126 Y118.025 E.01165
G1 X110.743 Y117.181 E.0306
G1 X110.493 Y116.108 E.03638
G1 X109.331 Y114.946 E.05426
G1 X109.302 Y115.5 E.01832
G1 X109.331 Y116.054 E.01832
G1 X110.495 Y114.89 E.05435
G1 X110.697 Y113.939 E.0321
G1 X111.126 Y112.975 E.03484
G1 X111.335 Y112.688 E.01172
G1 E-3.5 F3600
;WIPE_START
G1 F7200
G1 X111.126 Y112.975 E-.16864
G1 X110.697 Y113.939 E-.5012
G1 X110.495 Y114.89 E-.4618
G1 X109.947 Y115.438 E-.36836
;WIPE_END
G1 X113.083 Y109.798 F9000
G1 E5 F2400
G1 F900
G1 X112.401 Y110.132 E.02507
G1 X111.857 Y110.485 E.02141
G1 X111.123 Y111.123 E.03211
G1 X111.943 Y111.943 E.03829
G1 X112.531 Y111.414 E.02611
G1 X113.446 Y110.886 E.03488
G1 X114.45 Y110.56 E.03485
G1 X114.871 Y110.514 E.01398
G1 X116.054 Y109.331 E.05524
G1 X115.535 Y109.304 E.01716
G1 X114.947 Y109.331 E.01943
G1 X116.128 Y110.513 E.05517
G1 X116.55 Y110.56 E.01402
G1 X117.554 Y110.886 E.03485
G1 X118.468 Y111.414 E.03485
G1 X119.06 Y111.94 E.02615
G1 X119.877 Y111.123 E.03815
G1 X119.143 Y110.485 E.03211
G1 X118.599 Y110.132 E.02141
G1 X117.917 Y109.798 E.02507
;LAYER_CHANGE
;Z:10.4
;HEIGHT:0.2
;BEFORE_LAYER_CHANGE
G92 E0
;10.4


G1 E-3.5 F3600
;WIPE_START
G1 F7200
G1 X118.599 Y110.132 E-.36071
G1 X119.143 Y110.485 E-.30803
G1 X119.877 Y111.123 E-.46195
G1 X119.328 Y111.672 E-.36931
;WIPE_END
G1 Z10.4 F9000
;AFTER_LAYER_CHANGE
;10.4
G1 X117.425 Y111.177
G1 E5 F2400
;TYPE:Perimeter
;WIDTH:0.439999
G1 F900
G1 X117.862 Y111.409 E.01634
G1 X118.329 Y111.693 E.01805
G1 X118.954 Y112.254 E.02773
G1 X119.321 Y112.724 E.01969
G1 X119.633 Y113.173 E.01805
G1 X119.976 Y113.939 E.02771
G1 X120.12 Y114.518 E.0197
G1 X120.222 Y115.055 E.01805
G1 X120.224 Y115.894 E.0277
G1 X120.12 Y116.482 E.01972
G1 X119.995 Y117.014 E.01804
G1 X119.655 Y117.781 E.0277
G1 X119.321 Y118.276 E.01972
G1 X118.991 Y118.711 E.01803
G1 X118.368 Y119.274 E.02772
G1 X117.862 Y119.591 E.01971
G1 X117.383 Y119.854 E.01804
G1 X116.585 Y120.114 E.02771
G1 X115.994 Y120.198 E.01971
G1 X115.449 Y120.243 E.01806
G1 X114.614 Y120.156 E.02772
G1 X114.04 Y119.992 E.01971
G1 X113.524 Y119.812 E.01804
G1 X112.766 Y119.37 E.02897
G1 X112.34 Y119.012 E.01837
G1 X111.941 Y118.636 E.0181
G1 X111.447 Y117.957 E.02772
G1 X111.185 Y117.421 E.0197
G1 X110.974 Y116.917 E.01804
G1 X110.798 Y116.096 E.02772
G1 X110.776 Y115.5 E.01969
G1 X110.788 Y114.954 E.01803
G1 X110.962 Y114.132 E.02774
G1 X111.185 Y113.579 E.01969
G1 X111.418 Y113.084 E.01806
G1 X111.91 Y112.405 E.02769
G1 X112.339 Y111.99 E.01971
G1 X112.753 Y111.633 E.01805
G1 X113.48 Y111.212 E.02774
G1 X114.04 Y111.008 E.01968
G1 X114.564 Y110.85 E.01807
G1 X115.398 Y110.761 E.02769
G1 X115.994 Y110.802 E.01972
G1 X116.536 Y110.871 E.01804
G1 X117.335 Y111.129 E.02772
G1 X117.372 Y111.149 E.00139
G1 X117.265 Y111.536 F9000
G1 F900
G1 X117.663 Y111.753 E.01497
G1 X118.102 Y112.021 E.01698
G1 X118.688 Y112.549 E.02604
G1 X119 Y112.957 E.01696
G1 X119.292 Y113.38 E.01697
G1 X119.613 Y114.1 E.02603
G1 X119.732 Y114.6 E.01697
G1 X119.826 Y115.106 E.01699
G1 X119.826 Y115.894 E.02602
G1 X119.732 Y116.4 E.01699
G1 X119.613 Y116.9 E.01697
G1 X119.292 Y117.62 E.02603
G1 X119 Y118.043 E.01697
G1 X118.688 Y118.451 E.01696
G1 X118.102 Y118.979 E.02604
G1 X117.663 Y119.247 E.01698
G1 X117.212 Y119.493 E.01696
G1 X116.462 Y119.737 E.02604
G1 X115.952 Y119.803 E.01698
G1 X115.44 Y119.844 E.01696
G1 X114.656 Y119.762 E.02603
G1 X114.163 Y119.615 E.01699
G1 X113.675 Y119.442 E.01709
G1 X112.966 Y119.027 E.02712
G1 X112.311 Y118.451 E.0288
G1 X111.708 Y117.62 E.0339
G1 X111.387 Y116.9 E.02603
G1 X111.268 Y116.4 E.01697
G1 X111.174 Y115.894 E.01699
G1 X111.186 Y114.986 E.02998
G1 X111.35 Y114.215 E.02603
G1 X111.548 Y113.74 E.01699
G1 X111.768 Y113.276 E.01695
G1 X112.232 Y112.638 E.02605
G1 X112.605 Y112.285 E.01696
G1 X112.995 Y111.95 E.01698
G1 X113.678 Y111.556 E.02603
G1 X114.163 Y111.385 E.01698
G1 X114.656 Y111.238 E.01699
G1 X115.44 Y111.156 E.02603
G1 X115.952 Y111.197 E.01696
G1 X116.462 Y111.263 E.01698
G1 X117.212 Y111.507 E.02604
G1 X117.11 Y111.885 F9000
;TYPE:External perimeter
;WIDTH:0.419999
G1 F900
G1 X117.811 Y112.286 E.02532
G1 X118.429 Y112.836 E.02594
G1 X118.919 Y113.503 E.02595
G1 X119.259 Y114.258 E.02596
G1 X119.435 Y115.067 E.02596
G1 X119.439 Y115.894 E.02593
G1 X119.271 Y116.705 E.02597
G1 X118.938 Y117.462 E.02593
G1 X118.455 Y118.134 E.02595
G1 X117.843 Y118.691 E.02595
G1 X117.128 Y119.109 E.02597
G1 X116.342 Y119.368 E.02595
G1 X115.52 Y119.459 E.02593
G1 X114.696 Y119.377 E.02596
G1 X113.908 Y119.125 E.02594
G1 X113.162 Y118.693 E.02703
G1 X112.571 Y118.163 E.02489
G1 X112.081 Y117.497 E.02592
G1 X111.741 Y116.742 E.02596
G1 X111.565 Y115.933 E.02596
G1 X111.565 Y115.067 E.02715
G1 X111.729 Y114.295 E.02475
G1 X112.062 Y113.538 E.02593
G1 X112.545 Y112.866 E.02595
G1 X113.157 Y112.309 E.02595
G1 X113.872 Y111.891 E.02597
G1 X114.658 Y111.632 E.02595
G1 X115.48 Y111.541 E.02593
G1 X116.304 Y111.623 E.02596
G1 X117.054 Y111.863 E.02469
G1 E-3.5 F3600
;WIPE_START
G1 F7200
G1 X117.11 Y111.885 E-.02858
G1 X117.811 Y112.286 E-.38361
G1 X118.429 Y112.836 E-.39297
G1 X118.919 Y113.503 E-.39313
G1 X119.18 Y114.082 E-.30171
;WIPE_END
G1 X117.962 Y109.497 F9000
G1 E5 F2400
;TYPE:Perimeter
;WIDTH:0.439999
G1 F900
G1 X118.273 Y109.623 E.01108
G1 X118.791 Y109.892 E.01927
G1 X119.434 Y110.328 E.02565
G1 X119.885 Y110.699 E.01928
G1 X120.424 Y111.259 E.02566
G1 X120.788 Y111.716 E.01929
G1 X121.198 Y112.375 E.02563
G1 X121.459 Y112.898 E.0193
G1 X121.723 Y113.628 E.02563
G1 X121.87 Y114.194 E.01931
G1 X121.976 Y114.963 E.02563
G1 X122.002 Y115.547 E.0193
G1 X121.946 Y116.321 E.02562
G1 X121.85 Y116.897 E.01928
G1 X121.635 Y117.644 E.02567
G1 X121.421 Y118.187 E.01927
G1 X121.055 Y118.872 E.02564
G1 X120.733 Y119.359 E.01928
G1 X120.233 Y119.953 E.02564
G1 X119.816 Y120.363 E.01931
G1 X119.203 Y120.84 E.02565
G1 X118.711 Y121.154 E.01927
G1 X118.012 Y121.493 E.02565
G1 X117.465 Y121.698 E.01929
G1 X116.711 Y121.885 E.02565
G1 X116.133 Y121.971 E.01929
G1 X115.357 Y121.997 E.02564
G1 X114.774 Y121.962 E.01928
G1 X114.009 Y121.825 E.02566
G1 X113.446 Y121.669 E.01929
G1 X112.727 Y121.377 E.02562
G1 X112.209 Y121.108 E.01927
G1 X111.54 Y120.651 E.02675
G1 X111.115 Y120.301 E.01818
G1 X110.576 Y119.741 E.02566
G1 X110.212 Y119.284 E.01929
G1 X109.802 Y118.625 E.02563
G1 X109.541 Y118.102 E.0193
G1 X109.277 Y117.372 E.02563
G1 X109.13 Y116.806 E.01931
G1 X109.024 Y116.037 E.02563
G1 X108.998 Y115.453 E.0193
G1 X109.054 Y114.679 E.02562
G1 X109.15 Y114.103 E.01928
G1 X109.365 Y113.356 E.02567
G1 X109.579 Y112.813 E.01927
G1 X109.945 Y112.128 E.02564
G1 X110.267 Y111.641 E.01928
G1 X110.767 Y111.047 E.02564
G1 X111.184 Y110.637 E.01931
G1 X111.797 Y110.16 E.02565
G1 X112.289 Y109.846 E.01927
G1 X112.988 Y109.507 E.02565
G1 X113.535 Y109.302 E.01929
G1 X114.289 Y109.115 E.02565
G1 X114.867 Y109.029 E.01929
G1 X115.643 Y109.003 E.02564
G1 X116.226 Y109.038 E.01928
G1 X116.991 Y109.175 E.02566
G1 X117.554 Y109.331 E.01929
G1 X117.907 Y109.474 E.01258
G1 X118.052 Y109.097 F9000
G1 F900
G1 X118.307 Y109.195 E.00902
G1 X118.951 Y109.523 E.02386
G1 X119.557 Y109.916 E.02385
G1 X120.118 Y110.371 E.02385
G1 X120.629 Y110.882 E.02386
G1 X121.084 Y111.443 E.02385
G1 X121.477 Y112.049 E.02385
G1 X121.805 Y112.693 E.02386
G1 X122.064 Y113.367 E.02384
G1 X122.234 Y114 E.02164
G1 X122.323 Y114.521 E.01745
G1 X122.378 Y115.039 E.0172
G1 X122.399 Y115.567 E.01745
G1 X122.364 Y116.221 E.02162
G1 X122.251 Y116.935 E.02387
G1 X122.064 Y117.633 E.02386
G1 X121.805 Y118.307 E.02384
G1 X121.477 Y118.951 E.02386
G1 X121.084 Y119.557 E.02385
G1 X120.629 Y120.118 E.02385
G1 X120.118 Y120.629 E.02386
G1 X119.557 Y121.084 E.02385
G1 X118.951 Y121.477 E.02385
G1 X118.307 Y121.805 E.02386
G1 X117.633 Y122.064 E.02384
G1 X116.935 Y122.251 E.02386
G1 X116.221 Y122.364 E.02387
G1 X115.5 Y122.402 E.02384
G1 X114.779 Y122.364 E.02384
G1 X114.065 Y122.251 E.02387
G1 X113.367 Y122.064 E.02386
G1 X112.693 Y121.805 E.02384
G1 X112.049 Y121.477 E.02386
G1 X111.443 Y121.084 E.02385
G1 X110.882 Y120.629 E.02385
G1 X110.371 Y120.118 E.02386
G1 X109.916 Y119.557 E.02385
G1 X109.523 Y118.951 E.02385
G1 X109.195 Y118.307 E.02386
G1 X108.936 Y117.633 E.02384
G1 X108.749 Y116.935 E.02386
G1 X108.636 Y116.221 E.02387
G1 X108.598 Y115.5 E.02384
G1 X108.636 Y114.779 E.02384
G1 X108.749 Y114.065 E.02387
G1 X108.936 Y113.367 E.02386
G1 X109.195 Y112.693 E.02384
G1 X109.523 Y112.049 E.02386
G1 X109.916 Y111.443 E.02385
G1 X110.371 Y110.882 E.02385
G1 X110.882 Y110.371 E.02386
G1 X111.443 Y109.916 E.02385
G1 X112.049 Y109.523 E.02385
G1 X112.693 Y109.195 E.02386
G1 X113.367 Y108.936 E.02384
G1 X114.065 Y108.749 E.02386
G1 X114.779 Y108.636 E.02387
G1 X115.5 Y108.598 E.02384
G1 X116.221 Y108.636 E.02384
G1 X116.935 Y108.749 E.02387
G1 X117.633 Y108.936 E.02386
G1 X117.996 Y109.075 E.01283
G1 X118.134 Y108.714 F9000
;TYPE:External perimeter
;WIDTH:0.419999
G1 F900
G1 X118.465 Y108.841 E.01112
G1 X119.145 Y109.187 E.02392
G1 X119.785 Y109.602 E.02392
G1 X120.378 Y110.083 E.02394
G1 X120.917 Y110.622 E.0239
G1 X121.398 Y111.215 E.02394
G1 X121.813 Y111.855 E.02392
G1 X122.159 Y112.535 E.02392
G1 X122.433 Y113.247 E.02392
G1 X122.608 Y113.9 E.0212
G1 X122.706 Y114.46 E.01783
G1 X122.764 Y115.019 E.01762
G1 X122.785 Y115.588 E.01785
G1 X122.75 Y116.262 E.02116
G1 X122.63 Y117.016 E.02394
G1 X122.433 Y117.753 E.02392
G1 X122.159 Y118.465 E.02392
G1 X121.813 Y119.145 E.02392
G1 X121.398 Y119.785 E.02392
G1 X120.917 Y120.378 E.02394
G1 X120.378 Y120.917 E.0239
G1 X119.785 Y121.398 E.02394
G1 X119.145 Y121.813 E.02392
G1 X118.465 Y122.159 E.02392
G1 X117.753 Y122.433 E.02392
G1 X117.016 Y122.63 E.02392
G1 X116.262 Y122.75 E.02394
G1 X115.5 Y122.79 E.02392
G1 X114.738 Y122.75 E.02392
G1 X113.984 Y122.63 E.02394
G1 X113.247 Y122.433 E.02392
G1 X112.535 Y122.159 E.02392
G1 X111.855 Y121.813 E.02392
G1 X111.215 Y121.398 E.02392
G1 X110.622 Y120.917 E.02394
G1 X110.083 Y120.378 E.0239
G1 X109.602 Y119.785 E.02394
G1 X109.187 Y119.145 E.02392
G1 X108.841 Y118.465 E.02392
G1 X108.567 Y117.753 E.02392
G1 X108.37 Y117.016 E.02392
G1 X108.25 Y116.262 E.02394
G1 X108.21 Y115.5 E.02392
G1 X108.25 Y114.738 E.02392
G1 X108.37 Y113.984 E.02394
G1 X108.567 Y113.247 E.02392
G1 X108.841 Y112.535 E.02392
G1 X109.187 Y111.855 E.02392
G1 X109.602 Y111.215 E.02392
G1 X110.083 Y110.622 E.02394
G1 X110.622 Y110.083 E.0239
G1 X111.215 Y109.602 E.02394
G1 X111.855 Y109.187 E.02392
G1 X112.535 Y108.841 E.02392
G1 X113.247 Y108.567 E.02392
G1 X113.984 Y108.37 E.02392
G1 X114.738 Y108.25 E.02394
G1 X115.5 Y108.21 E.02392
G1 X116.262 Y108.25 E.02392
G1 X117.016 Y108.37 E.02394
G1 X117.753 Y108.567 E.02392
G1 X118.078 Y108.692 E.01092
G1 X117.917 Y109.798 F9000
;TYPE:Internal infill
;WIDTH:0.44
G1 F900
G1 X118.599 Y110.132 E.02507
G1 X119.143 Y110.485 E.02141
G1 X119.877 Y111.123 E.03211
G1 X119.06 Y111.94 E.03815
G1 X118.468 Y111.414 E.02615
G1 X117.554 Y110.886 E.03485
G1 X116.55 Y110.56 E.03485
G1 X116.128 Y110.513 E.01402
G1 X114.947 Y109.331 E.05517
G1 X115.535 Y109.304 E.01943
G1 X116.054 Y109.331 E.01716
G1 X114.871 Y110.514 E.05524
G1 X114.45 Y110.56 E.01398
G1 X113.446 Y110.886 E.03485
G1 X112.531 Y111.414 E.03488
G1 X111.943 Y111.943 E.02611
G1 X111.123 Y111.123 E.03829
G1 X111.857 Y110.485 E.03211
G1 X112.401 Y110.132 E.02141
G1 X113.083 Y109.798 E.02507
G1 E-3.5 F3600
;WIPE_START
G1 F7200
G1 X112.401 Y110.132 E-.36071
G1 X111.857 Y110.485 E-.30803
G1 X111.123 Y111.123 E-.46195
G1 X111.673 Y111.673 E-.36931
;WIPE_END
G1 X111.335 Y112.688 F9000
G1 E5 F2400
G1 F900
G1 X111.126 Y112.975 E.01172
G1 X110.697 Y113.939 E.03484
G1 X110.495 Y114.89 E.0321
G1 X109.331 Y116.054 E.05435
G1 X109.302 Y115.5 E.01832
G1 X109.331 Y114.946 E.01832
G1 X110.493 Y116.108 E.05426
G1 X110.743 Y117.181 E.03638
G1 X111.126 Y118.025 E.0306
G1 X111.331 Y118.312 E.01165
G1 E-3.5 F3600
;WIPE_START
G1 F7200
G1 X111.126 Y118.025 E-.16753
G1 X110.743 Y117.181 E-.44025
G1 X110.493 Y116.108 E-.52333
G1 X109.944 Y115.559 E-.36889
;WIPE_END
G1 X113.083 Y121.202 F9000
G1 E5 F2400
G1 F900
G1 X112.401 Y120.868 E.02507
G1 X111.857 Y120.515 E.02141
G1 X111.123 Y119.877 E.03211
G1 X111.94 Y119.06 E.03815
G1 X112.523 Y119.577 E.02573
G1 X113.446 Y120.114 E.03526
G1 X114.45 Y120.44 E.03485
G1 X114.869 Y120.484 E.01391
G1 X116.054 Y121.669 E.05533
G1 X115.5 Y121.698 E.01832
G1 X114.949 Y121.666 E.01822
G1 X116.131 Y120.484 E.05519
G1 X116.55 Y120.44 E.01391
G1 X117.554 Y120.114 E.03485
G1 X118.469 Y119.586 E.03488
G1 X119.057 Y119.057 E.02611
G1 X119.877 Y119.877 E.03829
G1 X119.143 Y120.515 E.03211
G1 X118.599 Y120.868 E.02141
G1 X117.917 Y121.202 E.02507
G1 E-3.5 F3600
;WIPE_START
G1 F7200
G1 X118.599 Y120.868 E-.36071
G1 X119.143 Y120.515 E-.30803
G1 X119.877 Y119.877 E-.46195
G1 X119.327 Y119.327 E-.36931
;WIPE_END
G1 X119.665 Y118.312 F9000
G1 E5 F2400
G1 F900
G1 X119.874 Y118.025 E.01172
G1 X120.303 Y117.061 E.03484
G1 X120.505 Y116.11 E.0321
G1 X121.669 Y114.946 E.05435
G1 X121.698 Y115.5 E.01832
G1 X121.669 Y116.054 E.01832
G1 X120.507 Y114.892 E.05426
G1 X120.257 Y113.819 E.03638
G1 X119.874 Y112.975 E.0306
G1 X119.669 Y112.688 E.01165
;LAYER_CHANGE
;Z:10.6
;HEIGHT:0.200001
;BEFORE_LAYER_CHANGE
G92 E0
;10.6


G1 E-3.5 F3600
;WIPE_START
G1 F7200
G1 X119.874 Y112.975 E-.16753
G1 X120.257 Y113.819 E-.44025
G1 X120.507 Y114.892 E-.52333
G1 X121.056 Y115.441 E-.36889
;WIPE_END
G1 Z10.6 F9000
;AFTER_LAYER_CHANGE
;10.6
G1 X119.321 Y112.724
G1 E5 F2400
;TYPE:Perimeter
;WIDTH:0.439999
G1 F900
G1 X119.633 Y113.173 E.01805
G1 X119.976 Y113.939 E.02771
G1 X120.12 Y114.518 E.0197
G1 X120.222 Y115.055 E.01805
G1 X120.224 Y115.894 E.0277
G1 X120.12 Y116.482 E.01972
G1 X119.995 Y117.014 E.01804
G1 X119.655 Y117.781 E.0277
G1 X119.321 Y118.276 E.01972
G1 X118.991 Y118.711 E.01803
G1 X118.368 Y119.274 E.02772
G1 X117.862 Y119.591 E.01971
G1 X117.383 Y119.854 E.01804
G1 X116.585 Y120.114 E.02771
G1 X115.994 Y120.198 E.01971
G1 X115.449 Y120.243 E.01806
G1 X114.614 Y120.156 E.02772
G1 X114.04 Y119.992 E.01971
G1 X113.524 Y119.812 E.01804
G1 X112.797 Y119.394 E.02769
G1 X112.339 Y119.01 E.01973
G1 X111.941 Y118.636 E.01803
G1 X111.447 Y117.957 E.02772
G1 X111.185 Y117.421 E.0197
G1 X110.974 Y116.917 E.01804
G1 X110.798 Y116.096 E.02772
G1 X110.776 Y115.5 E.01969
G1 X110.788 Y114.954 E.01803
G1 X110.962 Y114.132 E.02774
G1 X111.185 Y113.579 E.01969
G1 X111.418 Y113.084 E.01806
G1 X111.91 Y112.405 E.02769
G1 X112.339 Y111.99 E.01971
G1 X112.753 Y111.633 E.01805
G1 X113.48 Y111.212 E.02774
G1 X114.04 Y111.008 E.01968
G1 X114.564 Y110.85 E.01807
G1 X115.398 Y110.761 E.02769
G1 X115.994 Y110.802 E.01972
G1 X116.536 Y110.871 E.01804
G1 X117.335 Y111.129 E.02772
G1 X117.862 Y111.409 E.0197
G1 X118.329 Y111.693 E.01805
G1 X118.954 Y112.254 E.02773
G1 X119.284 Y112.676 E.01769
G1 X119 Y112.957 F9000
G1 F900
G1 X119.292 Y113.38 E.01697
G1 X119.613 Y114.1 E.02603
G1 X119.732 Y114.6 E.01697
G1 X119.826 Y115.106 E.01699
G1 X119.826 Y115.894 E.02602
G1 X119.732 Y116.4 E.01699
G1 X119.613 Y116.9 E.01697
G1 X119.292 Y117.62 E.02603
G1 X119 Y118.043 E.01697
G1 X118.688 Y118.451 E.01696
G1 X118.102 Y118.979 E.02604
G1 X117.663 Y119.247 E.01698
G1 X117.212 Y119.493 E.01696
G1 X116.462 Y119.737 E.02604
G1 X115.952 Y119.803 E.01698
G1 X115.44 Y119.844 E.01696
G1 X114.656 Y119.762 E.02603
G1 X114.163 Y119.615 E.01699
G1 X113.678 Y119.444 E.01698
G1 X112.995 Y119.05 E.02603
G1 X112.605 Y118.715 E.01698
G1 X112.232 Y118.362 E.01696
G1 X111.768 Y117.724 E.02605
G1 X111.548 Y117.26 E.01695
G1 X111.35 Y116.785 E.01699
G1 X111.186 Y116.014 E.02603
G1 X111.174 Y115.5 E.01698
G1 X111.186 Y114.986 E.01698
G1 X111.35 Y114.215 E.02603
G1 X111.548 Y113.74 E.01699
G1 X111.768 Y113.276 E.01695
G1 X112.232 Y112.638 E.02605
G1 X112.605 Y112.285 E.01696
G1 X112.995 Y111.95 E.01698
G1 X113.678 Y111.556 E.02603
G1 X114.163 Y111.385 E.01698
G1 X114.656 Y111.238 E.01699
G1 X115.44 Y111.156 E.02603
G1 X115.952 Y111.197 E.01696
G1 X116.462 Y111.263 E.01698
G1 X117.212 Y111.507 E.02604
G1 X117.663 Y111.753 E.01696
G1 X118.102 Y112.021 E.01698
G1 X118.688 Y112.549 E.02604
G1 X118.964 Y112.909 E.01498
G1 X118.685 Y113.186 F9000
;TYPE:External perimeter
;WIDTH:0.419999
G1 F900
G1 X118.919 Y113.503 E.01235
G1 X119.259 Y114.258 E.02596
G1 X119.435 Y115.067 E.02596
G1 X119.439 Y115.894 E.02593
G1 X119.271 Y116.705 E.02597
G1 X118.938 Y117.462 E.02593
G1 X118.455 Y118.134 E.02595
G1 X117.843 Y118.691 E.02595
G1 X117.128 Y119.109 E.02597
G1 X116.342 Y119.368 E.02595
G1 X115.52 Y119.459 E.02593
G1 X114.696 Y119.377 E.02596
G1 X113.908 Y119.125 E.02594
G1 X113.189 Y118.714 E.02597
G1 X112.571 Y118.164 E.02594
G1 X112.081 Y117.497 E.02595
G1 X111.741 Y116.742 E.02596
G1 X111.565 Y115.933 E.02596
G1 X111.565 Y115.067 E.02715
G1 X111.729 Y114.295 E.02475
G1 X112.062 Y113.538 E.02593
G1 X112.545 Y112.866 E.02595
G1 X113.157 Y112.309 E.02595
G1 X113.872 Y111.891 E.02597
G1 X114.658 Y111.632 E.02595
G1 X115.48 Y111.541 E.02593
G1 X116.304 Y111.623 E.02596
G1 X117.092 Y111.875 E.02594
G1 X117.811 Y112.286 E.02597
G1 X118.429 Y112.836 E.02594
G1 X118.65 Y113.137 E.01171
G1 E-3.5 F3600
;WIPE_START
G1 F7200
G1 X118.685 Y113.186 E-.0286
G1 X118.919 Y113.503 E-.18716
G1 X119.259 Y114.258 E-.39331
G1 X119.435 Y115.067 E-.39326
G1 X119.439 Y115.894 E-.39283
G1 X119.394 Y116.11 E-.10484
;WIPE_END
G1 X120.638 Y111.528 F9000
G1 E5 F2400
;TYPE:Perimeter
;WIDTH:0.439999
G1 F900
G1 X120.788 Y111.716 E.00794
G1 X121.198 Y112.375 E.02563
G1 X121.459 Y112.898 E.0193
G1 X121.723 Y113.628 E.02563
G1 X121.87 Y114.194 E.01931
G1 X121.976 Y114.963 E.02563
G1 X122.002 Y115.547 E.0193
G1 X121.946 Y116.321 E.02562
G1 X121.85 Y116.897 E.01928
G1 X121.635 Y117.644 E.02567
G1 X121.421 Y118.187 E.01927
G1 X121.055 Y118.872 E.02564
G1 X120.733 Y119.359 E.01928
G1 X120.233 Y119.953 E.02564
G1 X119.816 Y120.363 E.01931
G1 X119.203 Y120.84 E.02565
G1 X118.711 Y121.154 E.01927
G1 X118.012 Y121.493 E.02565
G1 X117.465 Y121.698 E.01929
G1 X116.711 Y121.885 E.02565
G1 X116.133 Y121.971 E.01929
G1 X115.357 Y121.997 E.02564
G1 X114.774 Y121.962 E.01928
G1 X114.009 Y121.825 E.02566
G1 X113.446 Y121.669 E.01929
G1 X112.727 Y121.377 E.02562
G1 X112.209 Y121.108 E.01927
G1 X111.566 Y120.672 E.02565
G1 X111.115 Y120.301 E.01928
G1 X110.576 Y119.741 E.02566
G1 X110.212 Y119.284 E.01929
G1 X109.802 Y118.625 E.02563
G1 X109.541 Y118.102 E.0193
G1 X109.277 Y117.372 E.02563
G1 X109.13 Y116.806 E.01931
G1 X109.024 Y116.037 E.02563
G1 X108.998 Y115.453 E.0193
G1 X109.054 Y114.679 E.02562
G1 X109.15 Y114.103 E.01928
G1 X109.365 Y113.356 E.02567
G1 X109.579 Y112.813 E.01927
G1 X109.945 Y112.128 E.02564
G1 X110.267 Y111.641 E.01928
G1 X110.767 Y111.047 E.02564
G1 X111.184 Y110.637 E.01931
G1 X111.797 Y110.16 E.02565
G1 X112.289 Y109.846 E.01927
G1 X112.988 Y109.507 E.02565
G1 X113.535 Y109.302 E.01929
G1 X114.289 Y109.115 E.02565
G1 X114.867 Y109.029 E.01929
G1 X115.643 Y109.003 E.02564
G1 X116.226 Y109.038 E.01928
G1 X116.991 Y109.175 E.02566
G1 X117.554 Y109.331 E.01929
G1 X118.273 Y109.623 E.02562
G1 X118.791 Y109.892 E.01927
G1 X119.434 Y110.328 E.02565
G1 X119.885 Y110.699 E.01928
G1 X120.424 Y111.259 E.02566
G1 X120.6 Y111.481 E.00935
G1 X120.911 Y111.229 F9000
G1 F900
G1 X121.084 Y111.443 E.00909
G1 X121.477 Y112.049 E.02385
G1 X121.805 Y112.693 E.02386
G1 X122.064 Y113.367 E.02384
G1 X122.234 Y114 E.02164
G1 X122.323 Y114.521 E.01745
G1 X122.378 Y115.039 E.0172
G1 X122.399 Y115.567 E.01745
G1 X122.364 Y116.221 E.02162
G1 X122.251 Y116.935 E.02387
G1 X122.064 Y117.633 E.02386
G1 X121.805 Y118.307 E.02384
G1 X121.477 Y118.951 E.02386
G1 X121.084 Y119.557 E.02385
G1 X120.629 Y120.118 E.02385
G1 X120.118 Y120.629 E.02386
G1 X119.557 Y121.084 E.02385
G1 X118.951 Y121.477 E.02385
G1 X118.307 Y121.805 E.02386
G1 X117.633 Y122.064 E.02384
G1 X116.935 Y122.251 E.02386
G1 X116.221 Y122.364 E.02387
G1 X115.5 Y122.402 E.02384
G1 X114.779 Y122.364 E.02384
G1 X114.065 Y122.251 E.02387
G1 X113.367 Y122.064 E.02386
G1 X112.693 Y121.805 E.02384
G1 X112.049 Y121.477 E.02386
G1 X111.443 Y121.084 E.02385
G1 X110.882 Y120.629 E.02385
G1 X110.371 Y120.118 E.02386
G1 X109.916 Y119.557 E.02385
G1 X109.523 Y118.951 E.02385
G1 X109.195 Y118.307 E.02386
G1 X108.936 Y117.633 E.02384
G1 X108.749 Y116.935 E.02386
G1 X108.636 Y116.221 E.02387
G1 X108.598 Y115.5 E.02384
G1 X108.636 Y114.779 E.02384
G1 X108.749 Y114.065 E.02387
G1 X108.936 Y113.367 E.02386
G1 X109.195 Y112.693 E.02384
G1 X109.523 Y112.049 E.02386
G1 X109.916 Y111.443 E.02385
G1 X110.371 Y110.882 E.02385
G1 X110.882 Y110.371 E.02386
G1 X111.443 Y109.916 E.02385
G1 X112.049 Y109.523 E.02385
G1 X112.693 Y109.195 E.02386
G1 X113.367 Y108.936 E.02384
G1 X114.065 Y108.749 E.02386
G1 X114.779 Y108.636 E.02387
G1 X115.5 Y108.598 E.02384
G1 X116.221 Y108.636 E.02384
G1 X116.935 Y108.749 E.02387
G1 X117.633 Y108.936 E.02386
G1 X118.307 Y109.195 E.02384
G1 X118.951 Y109.523 E.02386
G1 X119.557 Y109.916 E.02385
G1 X120.118 Y110.371 E.02385
G1 X120.629 Y110.882 E.02386
G1 X120.873 Y111.183 E.01279
G1 X121.174 Y110.939 F9000
;TYPE:External perimeter
;WIDTH:0.419999
G1 F900
G1 X121.398 Y111.215 E.01115
G1 X121.813 Y111.855 E.02392
G1 X122.159 Y112.535 E.02392
G1 X122.433 Y113.247 E.02392
G1 X122.608 Y113.9 E.0212
G1 X122.706 Y114.46 E.01783
G1 X122.764 Y115.019 E.01762
G1 X122.785 Y115.588 E.01785
G1 X122.75 Y116.262 E.02116
G1 X122.63 Y117.016 E.02394
G1 X122.433 Y117.753 E.02392
G1 X122.159 Y118.465 E.02392
G1 X121.813 Y119.145 E.02392
G1 X121.398 Y119.785 E.02392
G1 X120.917 Y120.378 E.02394
G1 X120.378 Y120.917 E.0239
G1 X119.785 Y121.398 E.02394
G1 X119.145 Y121.813 E.02392
G1 X118.465 Y122.159 E.02392
G1 X117.753 Y122.433 E.02392
G1 X117.016 Y122.63 E.02392
G1 X116.262 Y122.75 E.02394
G1 X115.5 Y122.79 E.02392
G1 X114.738 Y122.75 E.02392
G1 X113.984 Y122.63 E.02394
G1 X113.247 Y122.433 E.02392
G1 X112.535 Y122.159 E.02392
G1 X111.855 Y121.813 E.02392
G1 X111.215 Y121.398 E.02392
G1 X110.622 Y120.917 E.02394
G1 X110.083 Y120.378 E.0239
G1 X109.602 Y119.785 E.02394
G1 X109.187 Y119.145 E.02392
G1 X108.841 Y118.465 E.02392
G1 X108.567 Y117.753 E.02392
G1 X108.37 Y117.016 E.02392
G1 X108.25 Y116.262 E.02394
G1 X108.21 Y115.5 E.02392
G1 X108.25 Y114.738 E.02392
G1 X108.37 Y113.984 E.02394
G1 X108.567 Y113.247 E.02392
G1 X108.841 Y112.535 E.02392
G1 X109.187 Y111.855 E.02392
G1 X109.602 Y111.215 E.02392
G1 X110.083 Y110.622 E.02394
G1 X110.622 Y110.083 E.0239
G1 X111.215 Y109.602 E.02394
G1 X111.855 Y109.187 E.02392
G1 X112.535 Y108.841 E.02392
G1 X113.247 Y108.567 E.02392
G1 X113.984 Y108.37 E.02392
G1 X114.738 Y108.25 E.02394
G1 X115.5 Y108.21 E.02392
G1 X116.262 Y108.25 E.02392
G1 X117.016 Y108.37 E.02394
G1 X117.753 Y108.567 E.02392
G1 X118.465 Y108.841 E.02392
G1 X119.145 Y109.187 E.02392
G1 X119.785 Y109.602 E.02392
G1 X120.378 Y110.083 E.02394
G1 X120.917 Y110.622 E.0239
G1 X121.136 Y110.892 E.0109
G1 E-3.5 F3600
;WIPE_START
G1 F7200
G1 X121.174 Y110.939 E-.02871
G1 X121.398 Y111.215 E-.16884
G1 X121.813 Y111.855 E-.36232
G1 X122.159 Y112.535 E-.36241
G1 X122.433 Y113.247 E-.36238
G1 X122.55 Y113.685 E-.21534
;WIPE_END
G1 X119.669 Y112.688 F9000
G1 E5 F2400
;TYPE:Internal infill
;WIDTH:0.44
G1 F900
G1 X119.874 Y112.975 E.01165
G1 X120.257 Y113.819 E.0306
G1 X120.507 Y114.892 E.03638
G1 X121.669 Y116.054 E.05426
G1 X121.698 Y115.5 E.01832
G1 X121.669 Y114.946 E.01832
G1 X120.505 Y116.11 E.05435
G1 X120.303 Y117.061 E.0321
G1 X119.874 Y118.025 E.03484
G1 X119.665 Y118.312 E.01172
G1 E-3.5 F3600
;WIPE_START
G1 F7200
G1 X119.874 Y118.025 E-.16864
G1 X120.303 Y117.061 E-.5012
G1 X120.505 Y116.11 E-.4618
G1 X121.053 Y115.562 E-.36836
;WIPE_END
G1 X117.917 Y121.202 F9000
G1 E5 F2400
G1 F900
G1 X118.599 Y120.868 E.02507
G1 X119.143 Y120.515 E.02141
G1 X119.877 Y119.877 E.03211
G1 X119.057 Y119.057 E.03829
G1 X118.469 Y119.586 E.02611
G1 X117.554 Y120.114 E.03488
G1 X116.55 Y120.44 E.03485
G1 X116.131 Y120.484 E.01391
G1 X114.946 Y121.669 E.05533
G1 X116.054 Y121.669 E.03658
G1 X114.869 Y120.484 E.05533
G1 X114.45 Y120.44 E.01391
G1 X113.446 Y120.114 E.03485
G1 X112.532 Y119.586 E.03485
G1 X111.94 Y119.06 E.02615
G1 X111.123 Y119.877 E.03815
G1 X110.485 Y119.143 E.03211
G1 X110.132 Y118.599 E.02141
G1 X109.798 Y117.917 E.02507
G1 X111.331 Y118.312 F9000
G1 F900
G1 X111.126 Y118.025 E.01165
G1 X110.743 Y117.181 E.0306
G1 X110.493 Y116.108 E.03638
G1 X109.331 Y114.946 E.05426
G1 X109.302 Y115.5 E.01832
G1 X109.331 Y116.054 E.01832
G1 X110.495 Y114.89 E.05435
G1 X110.697 Y113.939 E.0321
G1 X111.126 Y112.975 E.03484
G1 X111.335 Y112.688 E.01172
G1 E-3.5 F3600
;WIPE_START
G1 F7200
G1 X111.126 Y112.975 E-.16864
G1 X110.697 Y113.939 E-.5012
G1 X110.495 Y114.89 E-.4618
G1 X109.947 Y115.438 E-.36836
;WIPE_END
G1 X113.083 Y109.798 F9000
G1 E5 F2400
G1 F900
G1 X112.401 Y110.132 E.02507
G1 X111.857 Y110.485 E.02141
G1 X111.123 Y111.123 E.03211
G1 X111.943 Y111.943 E.03829
G1 X112.531 Y111.414 E.02611
G1 X113.446 Y110.886 E.03488
G1 X114.45 Y110.56 E.03485
G1 X114.871 Y110.514 E.01398
G1 X116.054 Y109.331 E.05524
G1 X115.535 Y109.304 E.01716
G1 X114.947 Y109.331 E.01943
G1 X116.128 Y110.513 E.05517
G1 X116.55 Y110.56 E.01402
G1 X117.554 Y110.886 E.03485
G1 X118.468 Y111.414 E.03485
G1 X119.06 Y111.94 E.02615
G1 X119.877 Y111.123 E.03815
G1 X119.143 Y110.485 E.03211
G1 X118.599 Y110.132 E.02141
G1 X117.917 Y109.798 E.02507
;LAYER_CHANGE
;Z:10.8
;HEIGHT:0.2
;BEFORE_LAYER_CHANGE
G92 E0
;10.8


G1 E-3.5 F3600
;WIPE_START
G1 F7200
G1 X118.599 Y110.132 E-.36071
G1 X119.143 Y110.485 E-.30803
G1 X119.877 Y111.123 E-.46195
G1 X119.328 Y111.672 E-.36931
;WIPE_END
G1 Z10.8 F9000
;AFTER_LAYER_CHANGE
;10.8
G1 X117.427 Y111.171
G1 E5 F2400
;TYPE:Perimeter
;WIDTH:0.439999
G1 F1141
G1 X117.476 Y111.188 E.00171
G1 X118.203 Y111.606 E.02769
G1 X118.661 Y111.99 E.01973
G1 X119.059 Y112.364 E.01803
G1 X119.553 Y113.043 E.02772
G1 X119.815 Y113.579 E.0197
G1 X120.026 Y114.083 E.01804
G1 X120.202 Y114.904 E.02772
G1 X120.224 Y115.5 E.01969
G1 X120.212 Y116.046 E.01803
G1 X120.038 Y116.868 E.02774
G1 X119.815 Y117.421 E.01969
G1 X119.582 Y117.916 E.01806
G1 X119.103 Y118.579 E.02701
G1 X118.657 Y119.011 E.0205
G1 X118.247 Y119.367 E.01793
G1 X117.52 Y119.788 E.02774
G1 X116.96 Y119.992 E.01968
G1 X116.436 Y120.15 E.01807
G1 X115.602 Y120.239 E.02769
G1 X115.006 Y120.198 E.01972
G1 X114.464 Y120.129 E.01804
G1 X113.665 Y119.871 E.02772
G1 X113.142 Y119.591 E.01959
G1 X112.705 Y119.332 E.01677
G1 X112.045 Y118.746 E.02914
G1 X111.679 Y118.276 E.01967
G1 X111.367 Y117.827 E.01805
G1 X111.024 Y117.061 E.02771
G1 X110.88 Y116.482 E.0197
G1 X110.778 Y115.945 E.01805
G1 X110.776 Y115.106 E.0277
G1 X110.88 Y114.518 E.01972
G1 X111.005 Y113.986 E.01804
G1 X111.345 Y113.219 E.0277
G1 X111.91 Y112.405 E.03272
G1 X112.339 Y111.99 E.01971
G1 X112.753 Y111.633 E.01805
G1 X113.48 Y111.212 E.02774
G1 X114.04 Y111.008 E.01968
G1 X114.564 Y110.85 E.01807
G1 X115.398 Y110.761 E.02769
G1 X116.386 Y110.844 E.03274
G1 X116.96 Y111.008 E.01971
G1 X117.37 Y111.151 E.01434
G1 X117.265 Y111.536 F9000
G1 F1141
G1 X117.322 Y111.556 E.00199
G1 X118.005 Y111.95 E.02603
G1 X118.395 Y112.285 E.01698
G1 X118.768 Y112.638 E.01696
G1 X119.232 Y113.276 E.02605
G1 X119.452 Y113.74 E.01695
G1 X119.65 Y114.215 E.01699
G1 X119.814 Y114.986 E.02603
G1 X119.826 Y115.5 E.01698
G1 X119.814 Y116.014 E.01698
G1 X119.65 Y116.785 E.02603
G1 X119.452 Y117.26 E.01699
G1 X119.232 Y117.723 E.01692
G1 X118.781 Y118.346 E.02539
G1 X118.39 Y118.717 E.0178
G1 X118.005 Y119.05 E.01681
G1 X117.322 Y119.444 E.02603
G1 X116.837 Y119.615 E.01698
G1 X116.344 Y119.762 E.01699
G1 X115.56 Y119.844 E.02603
G1 X115.048 Y119.803 E.01696
G1 X114.538 Y119.737 E.01698
G1 X113.788 Y119.493 E.02604
G1 X113.342 Y119.248 E.0168
G1 X112.906 Y118.986 E.01679
G1 X112.312 Y118.451 E.02639
G1 X112 Y118.043 E.01696
G1 X111.708 Y117.62 E.01697
G1 X111.387 Y116.9 E.02603
G1 X111.268 Y116.4 E.01697
G1 X111.174 Y115.894 E.01699
G1 X111.174 Y115.106 E.02602
G1 X111.268 Y114.6 E.01699
G1 X111.387 Y114.1 E.01697
G1 X111.708 Y113.38 E.02603
G1 X112.232 Y112.638 E.02999
G1 X112.605 Y112.285 E.01696
G1 X112.995 Y111.95 E.01698
G1 X113.678 Y111.556 E.02603
G1 X114.163 Y111.385 E.01698
G1 X114.656 Y111.238 E.01699
G1 X115.44 Y111.156 E.02603
G1 X116.344 Y111.238 E.02997
G1 X116.837 Y111.385 E.01699
G1 X117.208 Y111.516 E.01299
G1 X117.11 Y111.885 F9000
;TYPE:External perimeter
;WIDTH:0.419999
G1 F1141
G1 X117.811 Y112.286 E.02532
G1 X118.429 Y112.836 E.02594
G1 X118.919 Y113.503 E.02595
G1 X119.259 Y114.258 E.02596
G1 X119.435 Y115.067 E.02596
G1 X119.439 Y115.894 E.02593
G1 X119.271 Y116.705 E.02597
G1 X118.938 Y117.462 E.02593
G1 X118.468 Y118.119 E.02533
G1 X117.844 Y118.691 E.02654
G1 X117.128 Y119.109 E.026
G1 X116.342 Y119.368 E.02595
G1 X115.52 Y119.459 E.02593
G1 X114.696 Y119.377 E.02596
G1 X113.908 Y119.125 E.02594
G1 X113.173 Y118.702 E.02659
G1 X112.571 Y118.164 E.02531
G1 X112.081 Y117.497 E.02595
G1 X111.741 Y116.742 E.02596
G1 X111.565 Y115.933 E.02596
G1 X111.561 Y115.106 E.02593
G1 X111.729 Y114.295 E.02597
G1 X112.062 Y113.538 E.02593
G1 X112.545 Y112.866 E.02595
G1 X113.157 Y112.309 E.02595
G1 X113.872 Y111.891 E.02597
G1 X114.658 Y111.632 E.02595
G1 X115.48 Y111.541 E.02593
G1 X116.304 Y111.623 E.02596
G1 X117.054 Y111.863 E.02469
G1 E-3.5 F3600
;WIPE_START
G1 F7200
G1 X117.11 Y111.885 E-.02858
G1 X117.811 Y112.286 E-.38361
G1 X118.429 Y112.836 E-.39297
G1 X118.919 Y113.503 E-.39313
G1 X119.18 Y114.082 E-.30171
;WIPE_END
G1 X117.962 Y109.497 F9000
G1 E5 F2400
;TYPE:Perimeter
;WIDTH:0.439999
G1 F1141
G1 X118.273 Y109.623 E.01108
G1 X118.791 Y109.892 E.01927
G1 X119.434 Y110.328 E.02565
G1 X119.885 Y110.699 E.01928
G1 X120.424 Y111.259 E.02566
G1 X120.788 Y111.716 E.01929
G1 X121.198 Y112.375 E.02563
G1 X121.459 Y112.898 E.0193
G1 X121.723 Y113.628 E.02563
G1 X121.87 Y114.194 E.01931
G1 X121.976 Y114.963 E.02563
G1 X122.002 Y115.547 E.0193
G1 X121.946 Y116.321 E.02562
G1 X121.85 Y116.897 E.01928
G1 X121.635 Y117.644 E.02567
G1 X121.421 Y118.187 E.01927
G1 X121.055 Y118.872 E.02564
G1 X120.733 Y119.359 E.01928
G1 X120.182 Y120.004 E.02801
G1 X119.816 Y120.363 E.01693
G1 X119.203 Y120.84 E.02565
G1 X118.711 Y121.154 E.01927
G1 X118.012 Y121.493 E.02565
G1 X117.465 Y121.698 E.01929
G1 X116.711 Y121.885 E.02565
G1 X116.133 Y121.971 E.01929
G1 X115.357 Y121.997 E.02564
G1 X114.774 Y121.962 E.01928
G1 X114.009 Y121.825 E.02566
G1 X113.446 Y121.669 E.01929
G1 X112.727 Y121.377 E.02562
G1 X112.209 Y121.108 E.01927
G1 X111.551 Y120.66 E.02628
G1 X111.115 Y120.301 E.01865
G1 X110.576 Y119.741 E.02566
G1 X110.212 Y119.284 E.01929
G1 X109.802 Y118.625 E.02563
G1 X109.541 Y118.102 E.0193
G1 X109.277 Y117.372 E.02563
G1 X109.13 Y116.806 E.01931
G1 X109.024 Y116.037 E.02563
G1 X108.998 Y115.453 E.0193
G1 X109.054 Y114.679 E.02562
G1 X109.15 Y114.103 E.01928
G1 X109.365 Y113.356 E.02567
G1 X109.579 Y112.813 E.01927
G1 X110.007 Y112.039 E.0292
G1 X110.332 Y111.561 E.01908
G1 X110.767 Y111.047 E.02223
G1 X111.184 Y110.637 E.01931
G1 X111.797 Y110.16 E.02565
G1 X112.289 Y109.846 E.01927
G1 X112.988 Y109.507 E.02565
G1 X113.535 Y109.302 E.01929
G1 X114.289 Y109.115 E.02565
G1 X114.867 Y109.029 E.01929
G1 X115.546 Y108.998 E.02244
G1 X116.112 Y109.031 E.01872
G1 X116.991 Y109.175 E.02941
G1 X117.554 Y109.331 E.01929
G1 X117.907 Y109.474 E.01258
G1 X118.052 Y109.097 F9000
G1 F1141
G1 X118.307 Y109.195 E.00902
G1 X118.951 Y109.523 E.02386
G1 X119.557 Y109.916 E.02385
G1 X120.118 Y110.371 E.02385
G1 X120.629 Y110.882 E.02386
G1 X121.084 Y111.443 E.02385
G1 X121.477 Y112.049 E.02385
G1 X121.775 Y112.633 E.02165
G1 X121.971 Y113.124 E.01746
G1 X122.132 Y113.619 E.01719
G1 X122.262 Y114.132 E.01747
G1 X122.368 Y114.845 E.0238
G1 X122.402 Y115.5 E.02166
G1 X122.364 Y116.221 E.02384
G1 X122.251 Y116.935 E.02387
G1 X122.064 Y117.633 E.02386
G1 X121.805 Y118.307 E.02384
G1 X121.477 Y118.951 E.02386
G1 X121.084 Y119.557 E.02385
G1 X120.629 Y120.118 E.02385
G1 X120.118 Y120.629 E.02386
G1 X119.557 Y121.084 E.02385
G1 X118.951 Y121.477 E.02385
G1 X118.307 Y121.805 E.02386
G1 X117.633 Y122.064 E.02384
G1 X116.935 Y122.251 E.02386
G1 X116.221 Y122.364 E.02387
G1 X115.5 Y122.402 E.02384
G1 X114.779 Y122.364 E.02384
G1 X114.065 Y122.251 E.02387
G1 X113.367 Y122.064 E.02386
G1 X112.693 Y121.805 E.02384
G1 X112.049 Y121.477 E.02386
G1 X111.443 Y121.084 E.02385
G1 X110.882 Y120.629 E.02385
G1 X110.371 Y120.118 E.02386
G1 X109.916 Y119.557 E.02385
G1 X109.523 Y118.951 E.02385
G1 X109.195 Y118.307 E.02386
G1 X108.936 Y117.633 E.02384
G1 X108.749 Y116.935 E.02386
G1 X108.636 Y116.221 E.02387
G1 X108.598 Y115.5 E.02384
G1 X108.636 Y114.779 E.02384
G1 X108.749 Y114.065 E.02387
G1 X108.936 Y113.367 E.02386
G1 X109.195 Y112.693 E.02384
G1 X109.521 Y112.053 E.02371
G1 X109.986 Y111.357 E.02764
G1 X110.371 Y110.882 E.02019
G1 X110.882 Y110.371 E.02386
G1 X111.443 Y109.916 E.02385
G1 X112.049 Y109.523 E.02385
G1 X112.693 Y109.195 E.02386
G1 X113.367 Y108.936 E.02384
G1 X114.065 Y108.749 E.02386
G1 X114.779 Y108.636 E.02387
G1 X115.5 Y108.598 E.02384
G1 X116.11 Y108.63 E.02017
G1 X116.939 Y108.75 E.02766
G1 X117.633 Y108.936 E.02372
G1 X117.996 Y109.075 E.01283
G1 X118.134 Y108.714 F9000
;TYPE:External perimeter
;WIDTH:0.419999
G1 F1141
G1 X118.465 Y108.841 E.01112
G1 X119.145 Y109.187 E.02392
G1 X119.785 Y109.602 E.02392
G1 X120.378 Y110.083 E.02394
G1 X120.917 Y110.622 E.0239
G1 X121.398 Y111.215 E.02394
G1 X121.813 Y111.855 E.02392
G1 X122.12 Y112.457 E.02119
G1 X122.332 Y112.985 E.01784
G1 X122.506 Y113.519 E.01761
G1 X122.644 Y114.071 E.01784
G1 X122.754 Y114.825 E.02389
G1 X122.79 Y115.5 E.02119
G1 X122.75 Y116.262 E.02392
G1 X122.63 Y117.016 E.02394
G1 X122.433 Y117.753 E.02392
G1 X122.159 Y118.465 E.02392
G1 X121.813 Y119.145 E.02392
G1 X121.398 Y119.785 E.02392
G1 X120.917 Y120.378 E.02394
G1 X120.378 Y120.917 E.0239
G1 X119.785 Y121.398 E.02394
G1 X119.145 Y121.813 E.02392
G1 X118.465 Y122.159 E.02392
G1 X117.753 Y122.433 E.02392
G1 X117.016 Y122.63 E.02392
G1 X116.262 Y122.75 E.02394
G1 X115.5 Y122.79 E.02392
G1 X114.738 Y122.75 E.02392
G1 X113.984 Y122.63 E.02394
G1 X113.247 Y122.433 E.02392
G1 X112.535 Y122.159 E.02392
G1 X111.855 Y121.813 E.02392
G1 X111.215 Y121.398 E.02392
G1 X110.622 Y120.917 E.02394
G1 X110.083 Y120.378 E.0239
G1 X109.602 Y119.785 E.02394
G1 X109.187 Y119.145 E.02392
G1 X108.841 Y118.465 E.02392
G1 X108.567 Y117.753 E.02392
G1 X108.37 Y117.016 E.02392
G1 X108.25 Y116.262 E.02394
G1 X108.21 Y115.5 E.02392
G1 X108.25 Y114.738 E.02392
G1 X108.37 Y113.984 E.02394
G1 X108.567 Y113.247 E.02392
G1 X108.841 Y112.535 E.02392
G1 X109.186 Y111.856 E.02388
G1 X109.674 Y111.127 E.02751
G1 X110.083 Y110.622 E.02038
G1 X110.622 Y110.083 E.0239
G1 X111.215 Y109.602 E.02394
G1 X111.855 Y109.187 E.02392
G1 X112.535 Y108.841 E.02392
G1 X113.247 Y108.567 E.02392
G1 X113.984 Y108.37 E.02392
G1 X114.738 Y108.25 E.02394
G1 X115.5 Y108.21 E.02392
G1 X116.148 Y108.244 E.02035
G1 X117.017 Y108.37 E.02753
G1 X117.753 Y108.567 E.02389
G1 X118.078 Y108.692 E.01092
G1 E-3.5 F3600
;WIPE_START
G1 F7200
G1 X118.134 Y108.714 E-.02858
G1 X118.465 Y108.841 E-.1684
G1 X119.145 Y109.187 E-.36241
G1 X119.785 Y109.602 E-.36232
G1 X120.378 Y110.083 E-.36269
G1 X120.699 Y110.404 E-.2156
;WIPE_END
G1 X115.564 Y109.305 F9000
G1 E5 F2400
;TYPE:Solid infill
;WIDTH:0.439999
G1 F1141
G1 X116.068 Y109.334 E.01667
G1 X116.904 Y109.468 E.02795
G1 X117.444 Y109.616 E.01849
G1 X118.12 Y109.888 E.02406
G1 X118.625 Y110.149 E.01877
G1 X119.239 Y110.563 E.02445
G1 X119.669 Y110.916 E.01837
G1 X120.156 Y111.414 E.023
G1 X120.531 Y111.882 E.0198
G1 X120.925 Y112.514 E.02459
G1 X121.186 Y113.04 E.01939
G1 X121.415 Y113.661 E.02185
G1 X121.568 Y114.242 E.01984
G1 X121.669 Y114.937 E.02319
G1 X121.697 Y115.531 E.01963
G1 X121.647 Y116.257 E.02403
G1 X121.553 Y116.822 E.01891
G1 X121.339 Y117.562 E.02543
G1 X121.148 Y118.049 E.01727
G1 X120.807 Y118.692 E.02403
G1 X120.495 Y119.167 E.01876
G1 X120.034 Y119.72 E.02377
G1 X119.624 Y120.126 E.01905
G1 X119.05 Y120.575 E.02406
G1 X118.572 Y120.882 E.01876
G1 X117.917 Y121.202 E.02407
G1 X117.386 Y121.403 E.01875
G1 X116.679 Y121.58 E.02406
G1 X116.117 Y121.666 E.01877
G1 X115.386 Y121.692 E.02415
G1 X114.788 Y121.654 E.01978
G1 X114.104 Y121.534 E.02293
G1 X113.556 Y121.384 E.01876
G1 X112.879 Y121.111 E.0241
G1 X112.375 Y120.851 E.01872
G1 X111.755 Y120.432 E.02471
G1 X111.331 Y120.084 E.01811
G1 X110.844 Y119.586 E.023
G1 X110.469 Y119.118 E.0198
G1 X110.076 Y118.489 E.02449
G1 X109.826 Y117.992 E.01837
G1 X109.585 Y117.339 E.02298
G1 X109.432 Y116.758 E.01984
G1 X109.331 Y116.063 E.02319
G1 X109.303 Y115.469 E.01963
G1 X109.353 Y114.743 E.02403
G1 X109.445 Y114.182 E.01877
G1 X109.645 Y113.482 E.02404
G1 X109.852 Y112.952 E.01879
G1 X110.194 Y112.31 E.02402
G1 X110.569 Y111.753 E.02217
G1 X110.972 Y111.274 E.02067
G1 X111.376 Y110.874 E.01877
G1 X111.95 Y110.425 E.02406
G1 X112.428 Y110.118 E.01876
G1 X113.082 Y109.798 E.02404
G1 X113.614 Y109.597 E.01878
G1 X114.333 Y109.418 E.02446
G1 X114.884 Y109.334 E.0184
G1 X115.366 Y109.314 E.01593
G1 E-3.5 F3600
;WIPE_START
G1 F7200
G1 X114.884 Y109.334 E-.22915
G1 X114.333 Y109.418 E-.26475
G1 X113.614 Y109.597 E-.35195
G1 X113.082 Y109.798 E-.27013
G1 X112.428 Y110.118 E-.34584
G1 X112.36 Y110.161 E-.03818
;WIPE_END
G1 X119.886 Y119.293 F9000
G1 E5 F2400
;WIDTH:0.431782
G1 F1141
G1 X120.19 Y118.92 E.01556
G1 X120.483 Y118.482 E.01704
G1 X120.798 Y117.87 E.02226
G1 X120.997 Y117.364 E.01758
;WIDTH:0.431538
G1 X121.175 Y116.714 E.02178
G1 X121.266 Y116.197 E.01696
;WIDTH:0.429874
G1 X121.305 Y115.51 E.02214
G1 X121.282 Y114.958 E.01778
;WIDTH:0.433098
G1 X121.179 Y114.303 E.02151
G1 X121.041 Y113.762 E.01811
;WIDTH:0.435079
G1 X120.817 Y113.181 E.0203
G1 X120.58 Y112.687 E.01787
;WIDTH:0.429873
G1 X120.202 Y112.096 E.02257
G1 X119.854 Y111.658 E.018
;WIDTH:0.435697
G1 X119.39 Y111.195 E.02141
G1 X118.996 Y110.864 E.01681
;WIDTH:0.431698
G1 X118.411 Y110.478 E.02266
G1 X117.945 Y110.232 E.01703
;WIDTH:0.431499
G1 X117.303 Y109.983 E.02225
G1 X116.804 Y109.841 E.01676
;WIDTH:0.426958
G1 X116.012 Y109.72 E.02558
G1 X115.525 Y109.693 E.01558
;WIDTH:0.435584
G1 X114.903 Y109.729 E.02034
G1 X114.394 Y109.8 E.01678
;WIDTH:0.431701
G1 X113.716 Y109.977 E.02265
G1 X113.221 Y110.158 E.01704
G1 X112.607 Y110.468 E.02224
G1 X112.16 Y110.749 E.01707
G1 X111.624 Y111.18 E.02223
G1 X111.245 Y111.547 E.01705
;WIDTH:0.42919
G1 X110.874 Y112 E.01881
G1 X110.515 Y112.524 E.0204
;WIDTH:0.431499
G1 X110.202 Y113.13 E.02204
G1 X110.005 Y113.62 E.01706
;WIDTH:0.431702
G1 X109.825 Y114.283 E.02221
G1 X109.734 Y114.803 E.01707
;WIDTH:0.429874
G1 X109.695 Y115.49 E.02214
G1 X109.718 Y116.042 E.01778
;WIDTH:0.4331
G1 X109.821 Y116.697 E.02151
G1 X109.959 Y117.238 E.01811
;WIDTH:0.435704
G1 X110.195 Y117.851 E.02145
G1 X110.42 Y118.314 E.01681
;WIDTH:0.429873
G1 X110.798 Y118.904 E.02255
G1 X111.146 Y119.342 E.018
;WIDTH:0.435751
G1 X111.61 Y119.805 E.02141
G1 X111.999 Y120.132 E.0166
;WIDTH:0.432146
G1 X112.589 Y120.521 E.02287
G1 X113.054 Y120.767 E.01703
;WIDTH:0.431701
G1 X113.697 Y121.017 E.0223
G1 X114.204 Y121.161 E.01704
;WIDTH:0.430802
G1 X114.849 Y121.267 E.02108
G1 X115.408 Y121.306 E.01807
;WIDTH:0.4317
G1 X116.097 Y121.274 E.0223
G1 X116.619 Y121.199 E.01705
G1 X117.284 Y121.023 E.02224
G1 X117.779 Y120.842 E.01704
G1 X118.393 Y120.532 E.02224
G1 X118.84 Y120.251 E.01707
;WIDTH:0.432146
G1 X119.376 Y119.82 E.02226
G1 X119.76 Y119.447 E.01733
G1 E-3.5 F3600
;WIPE_START
G1 F7200
G1 X119.376 Y119.82 E-.25428
G1 X118.84 Y120.251 E-.3267
G1 X118.393 Y120.532 E-.25079
G1 X117.779 Y120.842 E-.32671
G1 X117.284 Y121.023 E-.25035
G1 X117.098 Y121.072 E-.09117
;WIPE_END
G1 X110.937 Y118.429 F9000
G1 E5 F2400
;WIDTH:0.429873
G1 F1141
G1 X111.456 Y119.118 E.02775
;WIDTH:0.435751
G1 X111.882 Y119.522 E.01918
G1 X112.35 Y119.926 E.02019
;WIDTH:0.432146
G1 X112.793 Y120.19 E.01669
G1 X113.346 Y120.488 E.02033
;WIDTH:0.431701
G1 X114.4 Y120.822 E.03574
;WIDTH:0.430802
G1 X115.561 Y120.933 E.03762
;WIDTH:0.4317
G1 X116.689 Y120.801 E.03671
G1 X117.174 Y120.651 E.01641
G1 X117.765 Y120.438 E.02031
G1 X118.743 Y119.858 E.03676
;WIDTH:0.432146
G1 X119.582 Y119.084 E.03694
;WIDTH:0.431782
G1 X120.235 Y118.163 E.03651
G1 X120.448 Y117.703 E.01639
G1 X120.683 Y117.12 E.02032
;WIDTH:0.431538
G1 X120.799 Y116.62 E.01659
G1 X120.909 Y116.011 E.02
;WIDTH:0.429874
G1 X120.919 Y115.499 E.01648
G1 X120.899 Y114.948 E.01774
;WIDTH:0.433098
G1 X120.794 Y114.37 E.01906
G1 X120.666 Y113.839 E.01772
;WIDTH:0.435079
G1 X120.454 Y113.328 E.01804
G1 X120.177 Y112.734 E.02137
;WIDTH:0.429873
G1 X119.883 Y112.314 E.0165
G1 X119.544 Y111.881 E.01769
;WIDTH:0.435697
G1 X119.118 Y111.478 E.01915
G1 X118.644 Y111.069 E.02045
;WIDTH:0.431698
G1 X117.654 Y110.512 E.03672
;WIDTH:0.431499
G1 X116.582 Y110.176 E.0363
;WIDTH:0.42255
G1 X115.551 Y110.071 E.03271
;WIDTH:0.435584
G1 X114.93 Y110.12 E.02034
G1 X114.311 Y110.199 E.02037
;WIDTH:0.431701
G1 X113.235 Y110.562 E.03671
G1 X112.792 Y110.81 E.01641
G1 X112.257 Y111.141 E.02034
G1 X111.504 Y111.819 E.03276
;WIDTH:0.42919
G1 X111.18 Y112.235 E.01694
G1 X110.774 Y112.816 E.02277
;WIDTH:0.431499
G1 X110.552 Y113.297 E.01712
G1 X110.314 Y113.879 E.02032
;WIDTH:0.431702
G1 X110.091 Y114.989 E.0366
;WIDTH:0.429874
G1 X110.081 Y115.501 E.01648
G1 X110.101 Y116.052 E.01774
;WIDTH:0.4331
G1 X110.206 Y116.63 E.01906
G1 X110.334 Y117.161 E.01772
;WIDTH:0.435704
G1 X110.559 Y117.703 E.01917
G1 X110.823 Y118.266 E.02031
G1 E-3.5 F3600
;WIPE_START
G1 F7200
G1 X110.559 Y117.703 E-.29537
G1 X110.334 Y117.161 E-.27875
G1 X110.206 Y116.63 E-.25945
G1 X110.101 Y116.052 E-.27904
G1 X110.081 Y115.501 E-.2619
G1 X110.086 Y115.237 E-.12549
;WIPE_END
G1 X115.401 Y110.475 F9000
G1 E5 F2400
;WIDTH:0.439999
G1 F1141
G1 X114.43 Y110.566 E.0322
G1 X113.428 Y110.897 E.03484
G1 X112.516 Y111.428 E.03484
G1 X111.762 Y112.107 E.0335
G1 X111.118 Y112.991 E.03611
G1 X110.692 Y113.96 E.03495
G1 X110.477 Y114.992 E.03481
G1 X110.484 Y115.98 E.03262
G1 X110.673 Y116.963 E.03305
G1 X111.138 Y118.041 E.03876
G1 X111.686 Y118.8 E.03091
G1 X112.544 Y119.591 E.03853
G1 X113.466 Y120.12 E.0351
G1 X114.44 Y120.437 E.03382
G1 X115.521 Y120.548 E.03588
G1 X116.57 Y120.434 E.03484
G1 X117.572 Y120.103 E.03484
G1 X118.484 Y119.572 E.03484
G1 X118.86 Y119.233 E.01672
G1 X119.269 Y118.857 E.01834
G1 X119.882 Y118.006 E.03463
G1 X120.308 Y117.04 E.03486
G1 X120.523 Y116.008 E.03481
G1 X120.516 Y115.02 E.03262
G1 X120.327 Y114.037 E.03305
G1 X119.862 Y112.959 E.03876
G1 X119.314 Y112.2 E.03091
G1 X118.451 Y111.404 E.03876
G1 X117.535 Y110.88 E.03484
G1 X116.538 Y110.559 E.03458
G1 X115.598 Y110.457 E.03122
;LAYER_CHANGE
;Z:11
;HEIGHT:0.2
;BEFORE_LAYER_CHANGE
G92 E0
;11


G1 E-3.5 F3600
;WIPE_START
G1 F7200
G1 X116.538 Y110.559 E-.44912
G1 X117.535 Y110.88 E-.49752
G1 X118.451 Y111.404 E-.50126
G1 X118.532 Y111.478 E-.0521
;WIPE_END
G1 Z11 F9000
;AFTER_LAYER_CHANGE
;11
G1 X115.5 Y110.77
G1 E5 F2400
;TYPE:Perimeter
G1 F1100
G1 X116.428 Y110.849 E.03075
G1 X116.96 Y111.008 E.01833
G1 X117.476 Y111.188 E.01804
G1 X118.203 Y111.606 E.02769
G1 X118.661 Y111.99 E.01973
G1 X119.059 Y112.364 E.01803
G1 X119.553 Y113.043 E.02772
G1 X119.815 Y113.579 E.0197
G1 X120.026 Y114.083 E.01804
G1 X120.202 Y114.904 E.02772
G1 X120.224 Y115.5 E.01969
G1 X120.212 Y116.046 E.01803
G1 X120.038 Y116.868 E.02774
G1 X119.815 Y117.421 E.01969
G1 X119.582 Y117.916 E.01806
G1 X119.09 Y118.595 E.02769
G1 X118.661 Y119.01 E.01971
G1 X118.247 Y119.367 E.01805
G1 X117.52 Y119.788 E.02774
G1 X116.96 Y119.992 E.01968
G1 X116.436 Y120.15 E.01807
G1 X115.602 Y120.239 E.02769
G1 X114.508 Y120.139 E.03627
G1 X113.665 Y119.87 E.02922
G1 X113.138 Y119.591 E.01969
G1 X112.671 Y119.307 E.01805
G1 X112.046 Y118.746 E.02773
G1 X111.679 Y118.276 E.01969
G1 X111.367 Y117.827 E.01805
G1 X111.024 Y117.061 E.02771
G1 X110.88 Y116.482 E.0197
G1 X110.778 Y115.945 E.01805
G1 X110.776 Y115.106 E.0277
G1 X110.88 Y114.518 E.01972
G1 X111.005 Y113.986 E.01804
G1 X111.345 Y113.219 E.0277
G1 X111.91 Y112.405 E.03272
G1 X112.339 Y111.99 E.01971
G1 X112.753 Y111.633 E.01805
G1 X113.48 Y111.212 E.02774
G1 X114.04 Y111.008 E.01968
G1 X114.564 Y110.85 E.01807
G1 X115.398 Y110.761 E.02769
G1 X115.44 Y110.765 E.00139
G1 X115.5 Y111.162 F9000
G1 F1100
G1 X116.344 Y111.238 E.02798
G1 X116.837 Y111.385 E.01699
G1 X117.322 Y111.556 E.01698
G1 X118.005 Y111.95 E.02603
G1 X118.395 Y112.285 E.01698
G1 X118.768 Y112.638 E.01696
G1 X119.232 Y113.276 E.02605
G1 X119.452 Y113.74 E.01695
G1 X119.65 Y114.215 E.01699
G1 X119.814 Y114.986 E.02603
G1 X119.826 Y115.5 E.01698
G1 X119.814 Y116.014 E.01698
G1 X119.65 Y116.785 E.02603
G1 X119.452 Y117.26 E.01699
G1 X119.232 Y117.724 E.01695
G1 X118.768 Y118.362 E.02605
G1 X118.395 Y118.715 E.01696
G1 X118.005 Y119.05 E.01698
G1 X117.322 Y119.444 E.02603
G1 X116.837 Y119.615 E.01698
G1 X116.344 Y119.762 E.01699
G1 X115.56 Y119.844 E.02603
G1 X115.051 Y119.802 E.01686
G1 X114.526 Y119.733 E.01748
G1 X113.788 Y119.493 E.02562
G1 X113.337 Y119.247 E.01696
G1 X112.898 Y118.979 E.01698
G1 X112.312 Y118.451 E.02604
G1 X112 Y118.043 E.01696
G1 X111.708 Y117.62 E.01697
G1 X111.387 Y116.9 E.02603
G1 X111.268 Y116.4 E.01697
G1 X111.174 Y115.894 E.01699
G1 X111.174 Y115.106 E.02602
G1 X111.268 Y114.6 E.01699
G1 X111.387 Y114.1 E.01697
G1 X111.708 Y113.38 E.02603
G1 X112.232 Y112.638 E.02999
G1 X112.605 Y112.285 E.01696
G1 X112.995 Y111.95 E.01698
G1 X113.678 Y111.556 E.02603
G1 X114.163 Y111.385 E.01698
G1 X114.656 Y111.238 E.01699
G1 X115.44 Y111.156 E.02603
G1 X115.5 Y111.543 F9000
;TYPE:External perimeter
;WIDTH:0.419999
G1 F1100
G1 X116.304 Y111.623 E.02533
G1 X117.092 Y111.875 E.02594
G1 X117.811 Y112.286 E.02597
G1 X118.429 Y112.836 E.02594
G1 X118.919 Y113.503 E.02595
G1 X119.259 Y114.258 E.02596
G1 X119.435 Y115.067 E.02596
G1 X119.439 Y115.894 E.02593
G1 X119.271 Y116.705 E.02597
G1 X118.938 Y117.462 E.02593
G1 X118.455 Y118.134 E.02595
G1 X117.843 Y118.691 E.02595
G1 X117.128 Y119.109 E.02597
G1 X116.342 Y119.368 E.02595
G1 X115.52 Y119.459 E.02593
G1 X114.684 Y119.373 E.02635
G1 X113.908 Y119.125 E.02554
G1 X113.189 Y118.714 E.02597
G1 X112.571 Y118.164 E.02594
G1 X112.081 Y117.497 E.02595
G1 X111.741 Y116.742 E.02596
G1 X111.565 Y115.933 E.02596
G1 X111.561 Y115.106 E.02593
G1 X111.729 Y114.295 E.02597
G1 X112.062 Y113.538 E.02593
G1 X112.545 Y112.866 E.02595
G1 X113.157 Y112.309 E.02595
G1 X113.872 Y111.891 E.02597
G1 X114.658 Y111.632 E.02595
G1 X115.44 Y111.545 E.02467
G1 E-3.5 F3600
;WIPE_START
G1 F7200
G1 X115.5 Y111.543 E-.02852
G1 X116.304 Y111.623 E-.38379
G1 X117.092 Y111.875 E-.39297
G1 X117.811 Y112.286 E-.39339
G1 X118.285 Y112.708 E-.30133
;WIPE_END
G1 X115.308 Y109.014 F9000
G1 E5 F2400
;TYPE:Perimeter
;WIDTH:0.439999
G1 F1100
G1 X115.643 Y109.003 E.01107
G1 X116.153 Y109.034 E.01687
G1 X116.991 Y109.175 E.02806
G1 X117.554 Y109.331 E.01929
G1 X118.273 Y109.623 E.02562
G1 X118.791 Y109.892 E.01927
G1 X119.434 Y110.328 E.02565
G1 X119.885 Y110.699 E.01928
G1 X120.424 Y111.259 E.02566
G1 X120.788 Y111.716 E.01929
G1 X121.198 Y112.375 E.02563
G1 X121.459 Y112.898 E.0193
G1 X121.723 Y113.628 E.02563
G1 X121.87 Y114.194 E.01931
G1 X121.976 Y114.963 E.02563
G1 X122.002 Y115.547 E.0193
G1 X121.946 Y116.321 E.02562
G1 X121.85 Y116.897 E.01928
G1 X121.635 Y117.644 E.02567
G1 X121.421 Y118.187 E.01927
G1 X121.055 Y118.872 E.02564
G1 X120.733 Y119.359 E.01928
G1 X120.233 Y119.953 E.02564
G1 X119.816 Y120.363 E.01931
G1 X119.203 Y120.84 E.02565
G1 X118.711 Y121.154 E.01927
G1 X118.012 Y121.493 E.02565
G1 X117.465 Y121.698 E.01929
G1 X116.711 Y121.885 E.02565
G1 X116.133 Y121.971 E.01929
G1 X115.357 Y121.997 E.02564
G1 X114.774 Y121.962 E.01928
G1 X113.998 Y121.822 E.02604
G1 X113.446 Y121.669 E.01891
G1 X112.727 Y121.377 E.02562
G1 X112.209 Y121.108 E.01927
G1 X111.566 Y120.672 E.02565
G1 X111.116 Y120.3 E.01928
G1 X110.576 Y119.741 E.02566
G1 X110.212 Y119.284 E.01929
G1 X109.802 Y118.625 E.02563
G1 X109.541 Y118.102 E.0193
G1 X109.277 Y117.372 E.02563
G1 X109.13 Y116.806 E.01931
G1 X109.024 Y116.037 E.02563
G1 X108.998 Y115.453 E.0193
G1 X109.054 Y114.679 E.02562
G1 X109.15 Y114.103 E.01928
G1 X109.365 Y113.356 E.02567
G1 X109.579 Y112.813 E.01927
G1 X109.945 Y112.128 E.02564
G1 X110.267 Y111.641 E.01928
G1 X110.767 Y111.047 E.02564
G1 X111.184 Y110.637 E.01931
G1 X111.797 Y110.16 E.02565
G1 X112.289 Y109.846 E.01927
G1 X112.988 Y109.507 E.02565
G1 X113.535 Y109.302 E.01929
G1 X114.289 Y109.115 E.02565
G1 X114.867 Y109.029 E.01929
G1 X115.248 Y109.016 E.01259
G1 X115.227 Y108.612 F9000
G1 F1100
G1 X115.5 Y108.598 E.00903
G1 X116.151 Y108.632 E.02152
G1 X116.938 Y108.749 E.02627
G1 X117.633 Y108.936 E.02376
G1 X118.307 Y109.195 E.02384
G1 X118.951 Y109.523 E.02386
G1 X119.557 Y109.916 E.02385
G1 X120.118 Y110.371 E.02385
G1 X120.629 Y110.882 E.02386
G1 X121.084 Y111.443 E.02385
G1 X121.477 Y112.049 E.02385
G1 X121.775 Y112.633 E.02165
G1 X121.971 Y113.124 E.01746
G1 X122.132 Y113.619 E.01719
G1 X122.262 Y114.132 E.01747
G1 X122.368 Y114.845 E.0238
G1 X122.402 Y115.5 E.02166
G1 X122.364 Y116.221 E.02384
G1 X122.251 Y116.935 E.02387
G1 X122.064 Y117.633 E.02386
G1 X121.805 Y118.307 E.02384
G1 X121.477 Y118.951 E.02386
G1 X121.084 Y119.557 E.02385
G1 X120.629 Y120.118 E.02385
G1 X120.118 Y120.629 E.02386
G1 X119.557 Y121.084 E.02385
G1 X118.951 Y121.477 E.02385
G1 X118.307 Y121.805 E.02386
G1 X117.633 Y122.064 E.02384
G1 X116.935 Y122.251 E.02386
G1 X116.221 Y122.364 E.02387
G1 X115.5 Y122.402 E.02384
G1 X114.779 Y122.364 E.02384
G1 X114.065 Y122.251 E.02387
G1 X113.367 Y122.064 E.02386
G1 X112.693 Y121.805 E.02384
G1 X112.049 Y121.477 E.02386
G1 X111.443 Y121.084 E.02385
G1 X110.884 Y120.631 E.02376
G1 X110.326 Y120.064 E.02627
G1 X109.916 Y119.557 E.02153
G1 X109.523 Y118.951 E.02385
G1 X109.195 Y118.307 E.02386
G1 X108.936 Y117.633 E.02384
G1 X108.749 Y116.935 E.02386
G1 X108.636 Y116.221 E.02387
G1 X108.598 Y115.5 E.02384
G1 X108.636 Y114.779 E.02384
G1 X108.749 Y114.065 E.02387
G1 X108.936 Y113.367 E.02386
G1 X109.195 Y112.693 E.02384
G1 X109.523 Y112.049 E.02386
G1 X109.916 Y111.443 E.02385
G1 X110.371 Y110.882 E.02385
G1 X110.882 Y110.371 E.02386
G1 X111.443 Y109.916 E.02385
G1 X112.049 Y109.523 E.02385
G1 X112.693 Y109.195 E.02386
G1 X113.367 Y108.936 E.02384
G1 X114.065 Y108.749 E.02386
G1 X114.779 Y108.636 E.02387
G1 X115.167 Y108.615 E.01283
G1 X115.146 Y108.229 F9000
;TYPE:External perimeter
;WIDTH:0.419999
G1 F1100
G1 X115.5 Y108.21 E.01112
G1 X116.19 Y108.246 E.02166
G1 X117.017 Y108.37 E.02622
G1 X117.753 Y108.567 E.02389
G1 X118.465 Y108.841 E.02392
G1 X119.145 Y109.187 E.02392
G1 X119.785 Y109.602 E.02392
G1 X120.378 Y110.083 E.02394
G1 X120.917 Y110.622 E.0239
G1 X121.398 Y111.215 E.02394
G1 X121.813 Y111.855 E.02392
G1 X122.12 Y112.457 E.02119
G1 X122.332 Y112.985 E.01784
G1 X122.506 Y113.519 E.01761
G1 X122.644 Y114.071 E.01784
G1 X122.754 Y114.825 E.02389
G1 X122.79 Y115.5 E.02119
G1 X122.75 Y116.262 E.02392
G1 X122.63 Y117.016 E.02394
G1 X122.433 Y117.753 E.02392
G1 X122.159 Y118.465 E.02392
G1 X121.813 Y119.145 E.02392
G1 X121.398 Y119.785 E.02392
G1 X120.917 Y120.378 E.02394
G1 X120.378 Y120.917 E.0239
G1 X119.785 Y121.398 E.02394
G1 X119.145 Y121.813 E.02392
G1 X118.465 Y122.159 E.02392
G1 X117.753 Y122.433 E.02392
G1 X117.016 Y122.63 E.02392
G1 X116.262 Y122.75 E.02394
G1 X115.5 Y122.79 E.02392
G1 X114.738 Y122.75 E.02392
G1 X113.984 Y122.63 E.02394
G1 X113.247 Y122.433 E.02392
G1 X112.535 Y122.159 E.02392
G1 X111.855 Y121.813 E.02392
G1 X111.215 Y121.398 E.02392
G1 X110.623 Y120.918 E.0239
G1 X110.037 Y120.322 E.02621
G1 X109.602 Y119.785 E.02167
G1 X109.187 Y119.145 E.02392
G1 X108.841 Y118.465 E.02392
G1 X108.567 Y117.753 E.02392
G1 X108.37 Y117.016 E.02392
G1 X108.25 Y116.262 E.02394
G1 X108.21 Y115.5 E.02392
G1 X108.25 Y114.738 E.02392
G1 X108.37 Y113.984 E.02394
G1 X108.567 Y113.247 E.02392
G1 X108.841 Y112.535 E.02392
G1 X109.187 Y111.855 E.02392
G1 X109.602 Y111.215 E.02392
G1 X110.083 Y110.622 E.02394
G1 X110.622 Y110.083 E.0239
G1 X111.215 Y109.602 E.02394
G1 X111.855 Y109.187 E.02392
G1 X112.535 Y108.841 E.02392
G1 X113.247 Y108.567 E.02392
G1 X113.984 Y108.37 E.02392
G1 X114.738 Y108.25 E.02394
G1 X115.087 Y108.232 E.01096
G1 E-3.5 F3600
;WIPE_START
G1 F7200
G1 X115.146 Y108.229 E-.02806
G1 X115.5 Y108.21 E-.16839
G1 X116.19 Y108.246 E-.3282
G1 X117.017 Y108.37 E-.39722
G1 X117.753 Y108.567 E-.36191
G1 X118.178 Y108.73 E-.21622
;WIPE_END
G1 X109.303 Y115.469 F9000
G1 E5 F2400
;TYPE:Solid infill
;WIDTH:0.439999
G1 F1100
G1 X109.353 Y114.743 E.02403
G1 X109.445 Y114.182 E.01877
G1 X109.645 Y113.481 E.02407
G1 X109.852 Y112.951 E.01879
G1 X110.193 Y112.308 E.02403
G1 X110.505 Y111.833 E.01876
G1 X110.972 Y111.274 E.02405
G1 X111.376 Y110.874 E.01877
G1 X111.95 Y110.425 E.02406
G1 X112.428 Y110.118 E.01876
G1 X113.082 Y109.798 E.02404
G1 X113.614 Y109.597 E.01878
G1 X114.333 Y109.418 E.02446
G1 X114.884 Y109.334 E.0184
G1 X115.577 Y109.306 E.0229
G1 X116.108 Y109.336 E.01756
G1 X116.901 Y109.467 E.02654
G1 X117.444 Y109.616 E.01859
G1 X118.12 Y109.888 E.02406
G1 X118.625 Y110.149 E.01877
G1 X119.239 Y110.563 E.02445
G1 X119.669 Y110.916 E.01837
G1 X120.156 Y111.414 E.023
G1 X120.531 Y111.882 E.0198
G1 X120.916 Y112.495 E.0239
G1 X121.173 Y113.008 E.01894
G1 X121.403 Y113.614 E.0214
G1 X121.572 Y114.272 E.02243
G1 X121.669 Y114.948 E.02255
G1 X121.697 Y115.531 E.01927
G1 X121.647 Y116.257 E.02403
G1 X121.555 Y116.818 E.01877
G1 X121.355 Y117.519 E.02407
G1 X121.148 Y118.049 E.01879
G1 X120.807 Y118.692 E.02403
G1 X120.495 Y119.167 E.01876
G1 X120.028 Y119.726 E.02405
G1 X119.624 Y120.126 E.01877
G1 X119.05 Y120.575 E.02406
G1 X118.572 Y120.882 E.01876
G1 X117.918 Y121.202 E.02404
G1 X117.386 Y121.403 E.01878
G1 X116.679 Y121.58 E.02406
G1 X116.117 Y121.666 E.01877
G1 X115.388 Y121.692 E.02408
G1 X114.822 Y121.66 E.01872
G1 X114.1 Y121.533 E.0242
G1 X113.556 Y121.384 E.01862
G1 X112.88 Y121.112 E.02406
G1 X112.375 Y120.851 E.01877
G1 X111.761 Y120.437 E.02445
G1 X111.333 Y120.086 E.01828
G1 X110.834 Y119.574 E.02361
G1 X110.469 Y119.117 E.01931
G1 X110.093 Y118.523 E.02321
G1 X109.827 Y117.992 E.01961
G1 X109.573 Y117.296 E.02446
G1 X109.432 Y116.758 E.01836
G1 X109.332 Y116.069 E.02299
G1 X109.313 Y115.668 E.01325
G1 X109.703 Y115.688 E.01289
;WIDTH:0.426946
G1 X109.719 Y116.049 E.01154
;WIDTH:0.435699
G1 X109.822 Y116.696 E.0214
G1 X109.946 Y117.196 E.01682
;WIDTH:0.429874
G1 X110.193 Y117.852 E.02255
G1 X110.439 Y118.347 E.01779
;WIDTH:0.4331
G1 X110.799 Y118.903 E.02149
G1 X111.135 Y119.33 E.01763
;WIDTH:0.435411
G1 X111.615 Y119.809 E.02213
G1 X112.004 Y120.136 E.01658
;WIDTH:0.431699
G1 X112.589 Y120.522 E.02266
G1 X113.055 Y120.768 E.01703
G1 X113.697 Y121.017 E.02226
G1 X114.2 Y121.16 E.0169
;WIDTH:0.431984
G1 X114.883 Y121.271 E.02239
G1 X115.409 Y121.307 E.01706
;WIDTH:0.431702
G1 X116.097 Y121.274 E.02227
G1 X116.619 Y121.199 E.01705
G1 X117.284 Y121.023 E.02224
G1 X117.779 Y120.842 E.01704
G1 X118.393 Y120.532 E.02224
G1 X118.84 Y120.251 E.01707
G1 X119.376 Y119.82 E.02223
G1 X119.755 Y119.453 E.01705
G1 X120.19 Y118.92 E.02224
G1 X120.483 Y118.482 E.01704
G1 X120.798 Y117.87 E.02225
G1 X120.995 Y117.381 E.01704
G1 X121.175 Y116.717 E.02224
G1 X121.266 Y116.197 E.01707
;WIDTH:0.429872
G1 X121.305 Y115.51 E.02214
G1 X121.283 Y114.968 E.01745
;WIDTH:0.427993
G1 X121.186 Y114.333 E.02057
G1 X121.027 Y113.715 E.02043
;WIDTH:0.429873
G1 X120.807 Y113.148 E.01957
G1 X120.572 Y112.67 E.01714
G1 X120.202 Y112.096 E.02197
G1 X119.854 Y111.658 E.018
;WIDTH:0.435696
G1 X119.39 Y111.195 E.02141
G1 X118.996 Y110.864 E.01681
;WIDTH:0.431699
G1 X118.411 Y110.478 E.02266
G1 X117.945 Y110.232 E.01703
;WIDTH:0.431563
G1 X117.303 Y109.983 E.02225
G1 X116.801 Y109.84 E.01687
;WIDTH:0.428043
G1 X116.05 Y109.723 E.02434
G1 X115.544 Y109.693 E.01623
;WIDTH:0.435583
G1 X114.903 Y109.729 E.02096
G1 X114.394 Y109.8 E.01678
;WIDTH:0.431701
G1 X113.716 Y109.977 E.02265
G1 X113.221 Y110.158 E.01704
G1 X112.607 Y110.468 E.02224
G1 X112.16 Y110.749 E.01707
G1 X111.624 Y111.18 E.02223
G1 X111.245 Y111.547 E.01705
G1 X110.81 Y112.08 E.02224
G1 X110.517 Y112.518 E.01704
G1 X110.202 Y113.13 E.02225
G1 X110.005 Y113.619 E.01704
G1 X109.825 Y114.283 E.02224
G1 X109.734 Y114.803 E.01707
;WIDTH:0.429875
G1 X109.695 Y115.49 E.02214
;WIDTH:0.439999
G1 X110.081 Y115.501 E.01275
;WIDTH:0.429875
G1 X110.091 Y114.989 E.01648
;WIDTH:0.431702
G1 X110.314 Y113.879 E.0366
G1 X110.552 Y113.297 E.02033
G1 X110.765 Y112.837 E.01639
G1 X111.422 Y111.91 E.03673
G1 X112.257 Y111.141 E.0367
G1 X112.792 Y110.81 E.02034
G1 X113.235 Y110.562 E.01641
G1 X114.311 Y110.199 E.03671
;WIDTH:0.435583
G1 X114.93 Y110.12 E.02037
G1 X115.551 Y110.071 E.02034
;WIDTH:0.42255
G1 X116.579 Y110.175 E.03262
;WIDTH:0.431563
G1 X117.654 Y110.512 E.03641
;WIDTH:0.431699
G1 X118.644 Y111.069 E.03672
;WIDTH:0.435696
G1 X119.118 Y111.478 E.02045
G1 X119.544 Y111.881 E.01915
;WIDTH:0.429873
G1 X119.883 Y112.314 E.01769
G1 X120.177 Y112.734 E.0165
G1 X120.451 Y113.297 E.02015
G1 X120.658 Y113.811 E.01783
;WIDTH:0.427988
G1 X120.797 Y114.35 E.01782
G1 X120.899 Y114.945 E.01933
;WIDTH:0.429872
G1 X120.919 Y115.499 E.01784
G1 X120.909 Y116.011 E.01648
;WIDTH:0.431697
G1 X120.686 Y117.121 E.0366
G1 X120.235 Y118.163 E.0367
G1 X119.578 Y119.09 E.03673
G1 X119.124 Y119.525 E.02033
G1 X118.743 Y119.859 E.01638
G1 X117.765 Y120.438 E.03674
G1 X116.689 Y120.801 E.03671
G1 X115.561 Y120.933 E.03671
;WIDTH:0.431984
G1 X114.425 Y120.825 E.03692
;WIDTH:0.431749
G1 X113.346 Y120.488 E.03655
G1 X112.356 Y119.931 E.03673
;WIDTH:0.435411
G1 X111.889 Y119.528 E.02013
G1 X111.422 Y119.084 E.02103
;WIDTH:0.424841
G1 X110.793 Y118.2 E.03445
;WIDTH:0.429874
G1 X110.55 Y117.705 E.01774
G1 X110.351 Y117.233 E.01648
;WIDTH:0.435699
G1 X110.209 Y116.628 E.0203
G1 X110.101 Y116.05 E.0192
;WIDTH:0.428133
G1 X110.089 Y115.7 E.01122
;WIDTH:0.439999
G1 X110.474 Y115.928 E.01477
G1 X110.477 Y114.992 E.0309
G1 X110.692 Y113.96 E.03481
G1 X111.118 Y112.994 E.03486
G1 X111.734 Y112.137 E.03485
G1 X112.516 Y111.428 E.03485
G1 X113.428 Y110.897 E.03484
G1 X114.43 Y110.566 E.03484
G1 X115.598 Y110.457 E.03873
G1 X116.536 Y110.559 E.03115
G1 X117.534 Y110.88 E.03461
G1 X118.451 Y111.404 E.03487
G1 X118.849 Y111.767 E.01779
G1 X119.314 Y112.2 E.02098
G1 X119.862 Y112.959 E.03091
G1 X120.281 Y113.907 E.03422
G1 X120.418 Y114.447 E.01839
G1 X120.515 Y115.011 E.0189
G1 X120.523 Y116.008 E.03292
G1 X120.308 Y117.04 E.03481
G1 X119.882 Y118.006 E.03486
G1 X119.266 Y118.863 E.03485
G1 X118.484 Y119.572 E.03485
G1 X118.011 Y119.85 E.01811
G1 X117.572 Y120.103 E.01673
G1 X116.55 Y120.44 E.03553
G1 X115.521 Y120.548 E.03416
G1 X114.466 Y120.441 E.03501
G1 X113.466 Y120.12 E.03468
G1 X112.549 Y119.596 E.03487
G1 X111.686 Y118.8 E.03876
G1 X111.113 Y117.979 E.03306
G1 X110.705 Y117.078 E.03266
G1 X110.513 Y116.123 E.03216
;LAYER_CHANGE
;Z:11.2
;HEIGHT:0.2
;BEFORE_LAYER_CHANGE
G92 E0
;11.2


G1 E-3.5 F3600
;WIPE_START
G1 F7200
G1 X110.705 Y117.078 E-.4627
G1 X111.113 Y117.979 E-.46981
G1 X111.686 Y118.8 E-.47556
G1 X111.828 Y118.931 E-.09193
;WIPE_END
G1 Z11.2 F9000
;AFTER_LAYER_CHANGE
;11.2
G1 X110.794 Y116
G1 E5 F2400
;TYPE:Perimeter
G1 F1158
G1 X110.776 Y115.5 E.01652
G1 X110.788 Y114.954 E.01803
G1 X110.962 Y114.132 E.02774
G1 X111.196 Y113.554 E.02059
G1 X111.418 Y113.084 E.01716
G1 X111.91 Y112.405 E.02769
G1 X112.339 Y111.99 E.01971
G1 X112.753 Y111.633 E.01805
G1 X113.48 Y111.212 E.02774
G1 X114.04 Y111.008 E.01968
G1 X114.564 Y110.85 E.01807
G1 X115.398 Y110.761 E.02769
G1 X115.966 Y110.799 E.0188
G1 X116.488 Y110.86 E.01735
G1 X117.335 Y111.129 E.02934
G1 X117.862 Y111.409 E.0197
G1 X118.329 Y111.693 E.01805
G1 X118.954 Y112.254 E.02773
G1 X119.321 Y112.724 E.01969
G1 X119.633 Y113.173 E.01805
G1 X119.976 Y113.939 E.02771
G1 X120.12 Y114.518 E.0197
G1 X120.222 Y115.055 E.01805
G1 X120.224 Y115.894 E.0277
G1 X120.12 Y116.482 E.01972
G1 X119.995 Y117.014 E.01804
G1 X119.655 Y117.781 E.0277
G1 X119.321 Y118.276 E.01972
G1 X118.991 Y118.711 E.01803
G1 X118.368 Y119.274 E.02772
G1 X117.862 Y119.591 E.01971
G1 X117.383 Y119.854 E.01804
G1 X116.585 Y120.114 E.02771
G1 X115.994 Y120.198 E.01971
G1 X115.449 Y120.243 E.01806
G1 X114.614 Y120.156 E.02772
G1 X114.04 Y119.992 E.01971
G1 X113.524 Y119.812 E.01804
G1 X112.797 Y119.394 E.02769
G1 X112.339 Y119.01 E.01973
G1 X111.941 Y118.636 E.01803
G1 X111.447 Y117.957 E.02772
G1 X111.185 Y117.421 E.0197
G1 X110.974 Y116.917 E.01804
G1 X110.798 Y116.096 E.02772
G1 X110.796 Y116.06 E.00119
G1 X111.186 Y115.959 F9000
G1 F1158
G1 X111.174 Y115.894 E.00218
G1 X111.174 Y115.106 E.02602
G1 X111.268 Y114.6 E.01699
G1 X111.387 Y114.1 E.01697
G1 X111.708 Y113.38 E.02603
G1 X112.232 Y112.638 E.02999
G1 X112.605 Y112.285 E.01696
G1 X112.995 Y111.95 E.01698
G1 X113.678 Y111.556 E.02603
G1 X114.163 Y111.385 E.01698
G1 X114.656 Y111.238 E.01699
G1 X115.44 Y111.156 E.02603
G1 X116.344 Y111.238 E.02997
G1 X116.837 Y111.385 E.01699
G1 X117.322 Y111.556 E.01698
G1 X118.005 Y111.95 E.02603
G1 X118.395 Y112.285 E.01698
G1 X118.768 Y112.638 E.01696
G1 X119.232 Y113.276 E.02605
G1 X119.452 Y113.74 E.01695
G1 X119.65 Y114.215 E.01699
G1 X119.814 Y114.986 E.02603
G1 X119.826 Y115.5 E.01698
G1 X119.814 Y116.014 E.01698
G1 X119.65 Y116.785 E.02603
G1 X119.452 Y117.26 E.01699
G1 X119.232 Y117.724 E.01695
G1 X118.768 Y118.362 E.02605
G1 X118.395 Y118.715 E.01696
G1 X118.005 Y119.05 E.01698
G1 X117.322 Y119.444 E.02603
G1 X116.837 Y119.615 E.01698
G1 X116.344 Y119.762 E.01699
G1 X115.56 Y119.844 E.02603
G1 X115.048 Y119.803 E.01696
G1 X114.538 Y119.737 E.01698
G1 X113.788 Y119.493 E.02604
G1 X113.337 Y119.247 E.01696
G1 X112.898 Y118.979 E.01698
G1 X112.312 Y118.451 E.02604
G1 X112 Y118.043 E.01696
G1 X111.708 Y117.62 E.01697
G1 X111.387 Y116.9 E.02603
G1 X111.269 Y116.403 E.01687
G1 X111.197 Y116.018 E.01293
G1 X111.565 Y115.919 F9000
;TYPE:External perimeter
;WIDTH:0.419999
G1 F1158
G1 X111.561 Y115.106 E.02549
G1 X111.729 Y114.295 E.02597
G1 X112.062 Y113.538 E.02593
G1 X112.545 Y112.866 E.02595
G1 X113.157 Y112.309 E.02595
G1 X113.872 Y111.891 E.02597
G1 X114.658 Y111.632 E.02595
G1 X115.48 Y111.541 E.02593
G1 X116.304 Y111.623 E.02596
G1 X117.092 Y111.875 E.02594
G1 X117.811 Y112.286 E.02597
G1 X118.429 Y112.836 E.02594
G1 X118.919 Y113.503 E.02595
G1 X119.259 Y114.258 E.02596
G1 X119.435 Y115.067 E.02596
G1 X119.439 Y115.894 E.02593
G1 X119.271 Y116.705 E.02597
G1 X118.938 Y117.462 E.02593
G1 X118.455 Y118.134 E.02595
G1 X117.843 Y118.691 E.02595
G1 X117.128 Y119.109 E.02597
G1 X116.342 Y119.368 E.02595
G1 X115.52 Y119.459 E.02593
G1 X114.696 Y119.377 E.02596
G1 X113.908 Y119.125 E.02594
G1 X113.189 Y118.714 E.02597
G1 X112.571 Y118.164 E.02594
G1 X112.081 Y117.497 E.02595
G1 X111.741 Y116.742 E.02596
G1 X111.574 Y115.978 E.02452
G1 E-3.5 F3600
;WIPE_START
G1 F7200
G1 X111.565 Y115.919 E-.02835
G1 X111.561 Y115.106 E-.38618
G1 X111.729 Y114.295 E-.3934
G1 X112.062 Y113.538 E-.39283
G1 X112.429 Y113.026 E-.29924
;WIPE_END
G1 X109.071 Y116.374 F9000
G1 E5 F2400
;TYPE:Perimeter
;WIDTH:0.439999
G1 F1158
G1 X109.024 Y116.037 E.01123
G1 X108.998 Y115.453 E.0193
G1 X109.054 Y114.679 E.02562
G1 X109.15 Y114.103 E.01928
G1 X109.402 Y113.263 E.02896
G1 X109.592 Y112.788 E.01689
G1 X109.945 Y112.128 E.02471
G1 X110.267 Y111.641 E.01928
G1 X110.767 Y111.047 E.02564
G1 X111.184 Y110.637 E.01931
G1 X111.797 Y110.16 E.02565
G1 X112.289 Y109.846 E.01927
G1 X112.988 Y109.507 E.02565
G1 X113.535 Y109.302 E.01929
G1 X114.289 Y109.115 E.02565
G1 X114.867 Y109.029 E.01929
G1 X115.643 Y109.003 E.02564
G1 X116.195 Y109.036 E.01826
G1 X116.991 Y109.175 E.02668
G1 X117.554 Y109.331 E.01929
G1 X118.273 Y109.623 E.02562
G1 X118.791 Y109.892 E.01927
G1 X119.434 Y110.328 E.02565
G1 X119.885 Y110.699 E.01928
G1 X120.424 Y111.259 E.02566
G1 X120.788 Y111.716 E.01929
G1 X121.198 Y112.375 E.02563
G1 X121.459 Y112.898 E.0193
G1 X121.723 Y113.628 E.02563
G1 X121.87 Y114.194 E.01931
G1 X121.976 Y114.963 E.02563
G1 X122.002 Y115.547 E.0193
G1 X121.946 Y116.321 E.02562
G1 X121.85 Y116.897 E.01928
G1 X121.635 Y117.644 E.02567
G1 X121.421 Y118.187 E.01927
G1 X121.055 Y118.872 E.02564
G1 X120.733 Y119.359 E.01928
G1 X120.233 Y119.953 E.02564
G1 X119.816 Y120.363 E.01931
G1 X119.203 Y120.84 E.02565
G1 X118.711 Y121.154 E.01927
G1 X118.012 Y121.493 E.02565
G1 X117.465 Y121.698 E.01929
G1 X116.711 Y121.885 E.02565
G1 X116.133 Y121.971 E.01929
G1 X115.357 Y121.997 E.02564
G1 X114.774 Y121.962 E.01928
G1 X114.009 Y121.825 E.02566
G1 X113.446 Y121.669 E.01929
G1 X112.727 Y121.377 E.02562
G1 X112.209 Y121.108 E.01927
G1 X111.566 Y120.672 E.02565
G1 X111.115 Y120.301 E.01928
G1 X110.576 Y119.741 E.02566
G1 X110.212 Y119.284 E.01929
G1 X109.802 Y118.625 E.02563
G1 X109.541 Y118.102 E.0193
G1 X109.277 Y117.372 E.02563
G1 X109.131 Y116.806 E.0193
G1 X109.079 Y116.434 E.0124
G1 X108.681 Y116.497 F9000
G1 F1158
G1 X108.634 Y116.191 E.01022
G1 X108.598 Y115.5 E.02285
G1 X108.636 Y114.779 E.02384
G1 X108.749 Y114.065 E.02387
G1 X108.935 Y113.368 E.02382
G1 X109.208 Y112.666 E.02487
G1 X109.523 Y112.049 E.02287
G1 X109.916 Y111.443 E.02385
G1 X110.371 Y110.882 E.02385
G1 X110.882 Y110.371 E.02386
G1 X111.443 Y109.916 E.02385
G1 X112.049 Y109.523 E.02385
G1 X112.693 Y109.195 E.02386
G1 X113.367 Y108.936 E.02384
G1 X114.065 Y108.749 E.02386
G1 X114.779 Y108.636 E.02387
G1 X115.5 Y108.598 E.02384
G1 X116.191 Y108.634 E.02285
G1 X116.936 Y108.749 E.02489
G1 X117.633 Y108.936 E.02383
G1 X118.307 Y109.195 E.02384
G1 X118.951 Y109.523 E.02386
G1 X119.557 Y109.916 E.02385
G1 X120.118 Y110.371 E.02385
G1 X120.629 Y110.882 E.02386
G1 X121.084 Y111.443 E.02385
G1 X121.477 Y112.049 E.02385
G1 X121.775 Y112.633 E.02165
G1 X121.971 Y113.124 E.01746
G1 X122.132 Y113.619 E.01719
G1 X122.262 Y114.132 E.01747
G1 X122.368 Y114.845 E.0238
G1 X122.402 Y115.5 E.02166
G1 X122.364 Y116.221 E.02384
G1 X122.251 Y116.935 E.02387
G1 X122.064 Y117.633 E.02386
G1 X121.805 Y118.307 E.02384
G1 X121.477 Y118.951 E.02386
G1 X121.084 Y119.557 E.02385
G1 X120.629 Y120.118 E.02385
G1 X120.118 Y120.629 E.02386
G1 X119.557 Y121.084 E.02385
G1 X118.951 Y121.477 E.02385
G1 X118.307 Y121.805 E.02386
G1 X117.633 Y122.064 E.02384
G1 X116.935 Y122.251 E.02386
G1 X116.221 Y122.364 E.02387
G1 X115.5 Y122.402 E.02384
G1 X114.779 Y122.364 E.02384
G1 X114.065 Y122.251 E.02387
G1 X113.367 Y122.064 E.02386
G1 X112.693 Y121.805 E.02384
G1 X112.049 Y121.477 E.02386
G1 X111.443 Y121.084 E.02385
G1 X110.882 Y120.629 E.02385
G1 X110.371 Y120.118 E.02386
G1 X109.916 Y119.557 E.02385
G1 X109.523 Y118.951 E.02385
G1 X109.195 Y118.307 E.02386
G1 X108.936 Y117.633 E.02384
G1 X108.749 Y116.936 E.02383
G1 X108.69 Y116.556 E.0127
G1 X108.308 Y116.617 F9000
;TYPE:External perimeter
;WIDTH:0.419999
G1 F1158
G1 X108.249 Y116.231 E.01224
G1 X108.21 Y115.5 E.02295
G1 X108.25 Y114.738 E.02392
G1 X108.37 Y113.984 E.02394
G1 X108.567 Y113.248 E.02389
G1 X108.855 Y112.507 E.02493
G1 X109.187 Y111.855 E.02294
G1 X109.602 Y111.215 E.02392
G1 X110.083 Y110.622 E.02394
G1 X110.622 Y110.083 E.0239
G1 X111.215 Y109.602 E.02394
G1 X111.855 Y109.187 E.02392
G1 X112.535 Y108.841 E.02392
G1 X113.247 Y108.567 E.02392
G1 X113.984 Y108.37 E.02392
G1 X114.738 Y108.25 E.02394
G1 X115.5 Y108.21 E.02392
G1 X116.231 Y108.249 E.02295
G1 X117.016 Y108.37 E.0249
G1 X117.753 Y108.567 E.02392
G1 X118.465 Y108.841 E.02392
G1 X119.145 Y109.187 E.02392
G1 X119.785 Y109.602 E.02392
G1 X120.378 Y110.083 E.02394
G1 X120.917 Y110.622 E.0239
G1 X121.398 Y111.215 E.02394
G1 X121.813 Y111.855 E.02392
G1 X122.12 Y112.457 E.02119
G1 X122.332 Y112.985 E.01784
G1 X122.506 Y113.519 E.01761
G1 X122.644 Y114.071 E.01784
G1 X122.754 Y114.825 E.02389
G1 X122.79 Y115.5 E.02119
G1 X122.75 Y116.262 E.02392
G1 X122.63 Y117.016 E.02394
G1 X122.433 Y117.753 E.02392
G1 X122.159 Y118.465 E.02392
G1 X121.813 Y119.145 E.02392
G1 X121.398 Y119.785 E.02392
G1 X120.917 Y120.378 E.02394
G1 X120.378 Y120.917 E.0239
G1 X119.785 Y121.398 E.02394
G1 X119.145 Y121.813 E.02392
G1 X118.465 Y122.159 E.02392
G1 X117.753 Y122.433 E.02392
G1 X117.016 Y122.63 E.02392
G1 X116.262 Y122.75 E.02394
G1 X115.5 Y122.79 E.02392
G1 X114.738 Y122.75 E.02392
G1 X113.984 Y122.63 E.02394
G1 X113.247 Y122.433 E.02392
G1 X112.535 Y122.159 E.02392
G1 X111.855 Y121.813 E.02392
G1 X111.215 Y121.398 E.02392
G1 X110.622 Y120.917 E.02394
G1 X110.083 Y120.378 E.0239
G1 X109.602 Y119.785 E.02394
G1 X109.187 Y119.145 E.02392
G1 X108.841 Y118.465 E.02392
G1 X108.567 Y117.753 E.02392
G1 X108.37 Y117.016 E.02392
G1 X108.317 Y116.676 E.01079
G1 E-3.5 F3600
;WIPE_START
G1 F7200
G1 X108.308 Y116.617 E-.02835
G1 X108.249 Y116.231 E-.18548
G1 X108.21 Y115.5 E-.34772
G1 X108.25 Y114.738 E-.36245
G1 X108.37 Y113.984 E-.36266
G1 X108.486 Y113.55 E-.21334
;WIPE_END
G1 X118.867 Y120.91 F9000
G1 E5 F2400
;TYPE:Top solid infill
;WIDTH:0.407968
G1 F1158
G1 X120.145 Y119.631 E.05488
G1 X120.531 Y119.155 E.0186
G1 X120.885 Y118.609 E.01975
G1 X121.129 Y118.131 E.01629
G1 X118.131 Y121.129 E.12869
G1 X117.422 Y121.414 E.02319
G1 X117.296 Y121.448 E.00396
G1 X121.448 Y117.296 E.17823
G1 X121.582 Y116.793 E.0158
G1 X121.61 Y116.617 E.00541
G1 X116.617 Y121.61 E.21433
G1 X116.02 Y121.691 E.01829
G1 X117.711 Y120 E.07259
G1 X118.457 Y119.57 E.02614
G1 X119.238 Y118.866 E.03192
G1 X119.856 Y118.015 E.03192
G1 X119.985 Y117.726 E.00961
G1 X121.691 Y116.02 E.07323
G1 X121.717 Y115.478 E.01647
G1 X120.323 Y116.872 E.05984
G1 X120.462 Y116.216 E.02035
G1 X121.691 Y114.987 E.05276
G1 X121.633 Y114.529 E.01401
G1 X120.505 Y115.657 E.04842
G1 X120.509 Y115.137 E.01578
G1 X121.552 Y114.094 E.04477
G1 X121.443 Y113.687 E.01279
G1 X120.447 Y114.683 E.04276
G1 X120.356 Y114.257 E.01322
G1 X121.309 Y113.305 E.04089
G1 X121.194 Y113.004 E.00978
G1 X121.16 Y112.937 E.00228
G1 X120.247 Y113.851 E.03921
G1 X120.087 Y113.494 E.01187
G1 X120.987 Y112.594 E.03863
G1 X120.802 Y112.263 E.01151
G1 X119.926 Y113.139 E.0376
G1 X119.856 Y112.985 E.00513
G1 X119.734 Y112.814 E.00638
G1 X120.599 Y111.95 E.03711
G1 X120.531 Y111.845 E.0038
G1 X120.377 Y111.655 E.00742
G1 X119.519 Y112.513 E.03683
G1 X119.302 Y112.215 E.01119
G1 X120.146 Y111.37 E.03625
G1 X119.891 Y111.109 E.01108
G1 X119.046 Y111.954 E.03627
G1 X118.773 Y111.711 E.01109
G1 X119.63 Y110.854 E.03679
G1 X119.345 Y110.623 E.01114
G1 X118.499 Y111.468 E.03629
G1 X118.18 Y111.271 E.01138
G1 X119.05 Y110.401 E.03735
G1 X118.737 Y110.198 E.01132
G1 X117.853 Y111.082 E.03795
G1 X117.522 Y110.897 E.01151
G1 X118.407 Y110.012 E.03799
G1 X118.065 Y109.837 E.01166
G1 X117.132 Y110.77 E.04005
G1 X116.743 Y110.643 E.01242
G1 X117.695 Y109.691 E.04087
G1 X117.422 Y109.586 E.00888
G1 X117.313 Y109.557 E.00342
G1 X116.316 Y110.554 E.0428
G1 X115.852 Y110.502 E.01417
G1 X116.906 Y109.448 E.04524
G1 X116.469 Y109.368 E.01349
G1 X115.357 Y110.48 E.04773
G1 X114.777 Y110.544 E.01771
G1 X116.013 Y109.309 E.05304
G1 X115.521 Y109.284 E.01495
G1 X113.865 Y110.94 E.07109
G1 E-3.5 F3600
;WIPE_START
G1 F7200
G1 X115.521 Y109.284 E-1.11242
G1 X116.013 Y109.309 E-.234
G1 X115.784 Y109.538 E-.15358
;WIPE_END
G1 X117.135 Y120.06 F9000
G1 E5 F2400
G1 F1158
G1 X115.478 Y121.717 E.07113
G1 X114.987 Y121.691 E.01492
G1 X116.224 Y120.454 E.0531
G1 X115.648 Y120.515 E.01758
G1 X114.529 Y121.633 E.04801
G1 X114.094 Y121.552 E.01343
G1 X115.152 Y120.494 E.04542
G1 X114.685 Y120.445 E.01425
G1 X113.687 Y121.443 E.04284
G1 X113.578 Y121.414 E.00342
G1 X113.305 Y121.309 E.00888
G1 X114.257 Y120.357 E.04087
G1 X113.868 Y120.23 E.01242
G1 X112.935 Y121.162 E.04003
G1 X112.593 Y120.988 E.01165
G1 X113.478 Y120.103 E.03799
G1 X113.147 Y119.918 E.01151
G1 X112.263 Y120.802 E.03795
G1 X111.95 Y120.599 E.01132
G1 X112.819 Y119.729 E.03732
G1 X112.501 Y119.532 E.01135
G1 X111.656 Y120.376 E.03625
G1 X111.372 Y120.144 E.01113
G1 X112.227 Y119.289 E.0367
G1 X111.954 Y119.046 E.01109
G1 X111.109 Y119.891 E.03627
G1 X110.854 Y119.63 E.01108
G1 X111.698 Y118.785 E.03625
G1 X111.479 Y118.488 E.0112
G1 X110.623 Y119.345 E.03677
G1 X110.469 Y119.155 E.00742
G1 X110.401 Y119.05 E.0038
G1 X111.262 Y118.189 E.03696
G1 X111.07 Y117.865 E.01143
G1 X110.198 Y118.737 E.03743
G1 X110.012 Y118.407 E.0115
G1 X110.913 Y117.506 E.03868
G1 X110.756 Y117.146 E.01192
G1 X109.837 Y118.065 E.03945
G1 X109.819 Y118.029 E.00122
G1 X109.691 Y117.695 E.01086
G1 X110.647 Y116.74 E.04102
G1 X110.554 Y116.316 E.01318
G1 X109.557 Y117.313 E.0428
G1 X109.448 Y116.906 E.01279
G1 X110.491 Y115.863 E.04477
G1 X110.495 Y115.343 E.01578
G1 X109.368 Y116.469 E.04836
G1 X109.309 Y116.013 E.01396
G1 X110.538 Y114.784 E.05276
G1 X110.677 Y114.128 E.02035
G1 X109.283 Y115.522 E.05984
G1 X109.309 Y114.98 E.01647
G1 X111.015 Y113.274 E.07323
G1 X111.144 Y112.985 E.00961
G1 X111.762 Y112.134 E.03192
G1 X112.543 Y111.43 E.03192
G1 X113.289 Y111 E.02614
G1 X114.979 Y109.31 E.07255
G1 X114.383 Y109.39 E.01825
G1 X109.39 Y114.383 E.21433
G1 X109.418 Y114.207 E.00541
G1 X109.552 Y113.704 E.0158
G1 X113.704 Y109.552 E.17823
G1 X113.578 Y109.586 E.00396
G1 X112.868 Y109.871 E.02322
G1 X109.871 Y112.868 E.12865
G1 X110.115 Y112.391 E.01626
G1 X110.469 Y111.845 E.01975
G1 X110.855 Y111.369 E.0186
G1 X112.133 Y110.091 E.05486
; stop printing object NAS_979.stl id:0 copy 0
G1 E-3.5 F3600
;WIPE_START
G1 F7200;_WIPE
G1 X110.855 Y111.369 E-.8585
G1 X110.469 Y111.845 E-.2911
G1 X110.115 Y112.391 E-.30909
G1 X110.075 Y112.468 E-.04131
;WIPE_END
M107
;TYPE:Custom
; Filament-specific end gcode 
;END gcode for filament
G1 Z13.2 F600 ; Move print head up
G1 X5 Y193.8 F9000 ; present print
G1 Z81.2 F600 ; Move print head further up
G1 Z150 F600 ; Move print head further up
M140 S0 ; turn off heatbed
M104 S0 ; turn off temperature
M107 ; turn off fan
M84 X Y E ; disable motors
; objects_info = {"objects":[{"name":"NAS_979.stl id:0 copy 0","polygon":[[115.502,96.750],[134.250,96.750],[134.250,134.250],[96.750,134.250],[96.750,96.750]]}]}
; filament used [mm] = 1805.14
; filament used [cm3] = 4.34
; filament used [g] = 5.38
; filament cost = 0.11
; total filament used [g] = 5.38
; total filament cost = 0.11
; total filament used for wipe tower [g] = 0.00
; estimated printing time (normal mode) = 36m 53s
; estimated first layer printing time (normal mode) = 3m 52s

; prusaslicer_config = begin
; arc_fitting = disabled
; autoemit_temperature_commands = 1
; automatic_extrusion_widths = 0
; automatic_infill_combination = 0
; automatic_infill_combination_max_layer_height = 100%
; avoid_crossing_curled_overhangs = 0
; avoid_crossing_perimeters = 0
; avoid_crossing_perimeters_max_detour = 0
; bed_custom_model = 
; bed_custom_texture = 
; bed_shape = 3x3,228x3,228x228,3x228
; bed_temperature = 60
; bed_temperature_extruder = 0
; before_layer_gcode = ;BEFORE_LAYER_CHANGE\nG92 E0\n;{layer_z}\n\n
; between_objects_gcode = 
; binary_gcode = 0
; bottom_fill_pattern = monotonic
; bottom_solid_layers = 3
; bottom_solid_min_thickness = 0
; bridge_acceleration = 250
; bridge_angle = 0
; bridge_fan_speed = 100
; bridge_flow_ratio = 0.95
; bridge_speed = 25
; brim_separation = 0
; brim_type = outer_only
; brim_width = 0
; chamber_minimal_temperature = 0
; chamber_temperature = 0
; color_change_gcode = M600
; colorprint_heights = 
; compatible_printers_condition_cummulative = "printer_model=~/(ENDER|CR|SERMOON).*/ and nozzle_diameter[0]==0.4";printer_notes=~/.*PRINTER_VENDOR_CREALITY.*/
; complete_objects = 0
; cooling = 1
; cooling_perimeter_transition_distance = 0
; cooling_slowdown_logic = uniform_cooling
; cooling_tube_length = 5
; cooling_tube_retraction = 91.5
; custom_parameters_filament = ""
; custom_parameters_print = 
; custom_parameters_printer = 
; default_acceleration = 500
; default_filament_profile = "Generic PLA @CREALITY"
; default_print_profile = "0.16 mm OPTIMAL (0.4 mm nozzle) @CREALITY"
; deretract_speed = 40
; disable_fan_first_layers = 1
; dont_support_bridges = 1
; draft_shield = disabled
; duplicate_distance = 6
; elefant_foot_compensation = 0.1
; enable_dynamic_fan_speeds = 0
; enable_dynamic_overhang_speeds = 0
; end_filament_gcode = "; Filament-specific end gcode \n;END gcode for filament\n"
; end_gcode = {if max_layer_z < max_print_height}G1 Z{z_offset+min(max_layer_z+2, max_print_height)} F600 ; Move print head up{endif}\nG1 X5 Y{print_bed_max[1]*0.85} F{travel_speed*60} ; present print\n{if max_layer_z < max_print_height-10}G1 Z{z_offset+min(max_layer_z+70, max_print_height-10)} F600 ; Move print head further up{endif}\n{if max_layer_z < max_print_height*0.6}G1 Z{max_print_height*0.6} F600 ; Move print head further up{endif}\nM140 S0 ; turn off heatbed\nM104 S0 ; turn off temperature\nM107 ; turn off fan\nM84 X Y E ; disable motors
; ensure_vertical_shell_thickness = enabled
; external_perimeter_acceleration = 0
; external_perimeter_extrusion_width = 0.42
; external_perimeter_speed = 25
; external_perimeters_first = 0
; extra_loading_move = -2
; extra_perimeters = 0
; extra_perimeters_on_overhangs = 0
; extruder_clearance_height = 25
; extruder_clearance_radius = 55
; extruder_colour = #FCE94F
; extruder_offset = 0x0
; extrusion_axis = E
; extrusion_multiplier = 1
; extrusion_width = 0.44
; fan_always_on = 1
; fan_below_layer_time = 100
; filament_abrasive = 0
; filament_colour = #DDDDDD
; filament_cooling_final_speed = 3.4
; filament_cooling_initial_speed = 2.2
; filament_cooling_moves = 4
; filament_cost = 20
; filament_density = 1.24
; filament_deretract_speed = nil
; filament_diameter = 1.75
; filament_infill_max_crossing_speed = 0
; filament_infill_max_speed = 0
; filament_load_time = 0
; filament_loading_speed = 28
; filament_loading_speed_start = 3
; filament_max_volumetric_speed = 15
; filament_minimal_purge_on_wipe_tower = 15
; filament_multitool_ramming = 0
; filament_multitool_ramming_flow = 10
; filament_multitool_ramming_volume = 10
; filament_notes = ""
; filament_purge_multiplier = 100%
; filament_ramming_parameters = "120 100 6.6 6.8 7.2 7.6 7.9 8.2 8.7 9.4 9.9 10.0| 0.05 6.6 0.45 6.8 0.95 7.8 1.45 8.3 1.95 9.7 2.45 10 2.95 7.6 3.45 7.6 3.95 7.6 4.45 7.6 4.95 7.6"
; filament_retract_before_travel = nil
; filament_retract_before_wipe = nil
; filament_retract_layer_change = nil
; filament_retract_length = nil
; filament_retract_length_toolchange = nil
; filament_retract_lift = nil
; filament_retract_lift_above = nil
; filament_retract_lift_below = nil
; filament_retract_restart_extra = nil
; filament_retract_restart_extra_toolchange = nil
; filament_retract_speed = nil
; filament_seam_gap_distance = nil
; filament_settings_id = "Generic PLA @CREALITY"
; filament_shrinkage_compensation_xy = 0%
; filament_shrinkage_compensation_z = 0%
; filament_soluble = 0
; filament_spool_weight = 0
; filament_stamping_distance = 0
; filament_stamping_loading_speed = 20
; filament_toolchange_delay = 0
; filament_travel_lift_before_obstacle = nil
; filament_travel_max_lift = nil
; filament_travel_ramping_lift = nil
; filament_travel_slope = nil
; filament_type = PLA
; filament_unload_time = 0
; filament_unloading_speed = 90
; filament_unloading_speed_start = 100
; filament_vendor = Generic
; filament_wipe = nil
; fill_angle = 45
; fill_density = 20%
; fill_pattern = grid
; first_layer_acceleration = 0
; first_layer_acceleration_over_raft = 0
; first_layer_bed_temperature = 60
; first_layer_extrusion_width = 0.42
; first_layer_height = 0.2
; first_layer_infill_speed = 0
; first_layer_speed = 20
; first_layer_speed_over_raft = 30
; first_layer_temperature = 210
; full_fan_speed_layer = 0
; fuzzy_skin = none
; fuzzy_skin_point_dist = 0.8
; fuzzy_skin_thickness = 0.3
; gap_fill_enabled = 1
; gap_fill_speed = 30
; gcode_comments = 0
; gcode_flavor = marlin
; gcode_label_objects = octoprint
; gcode_resolution = 0.0125
; gcode_substitutions = 
; high_current_on_filament_swap = 0
; host_type = prusalink
; idle_temperature = 150
; infill_acceleration = 0
; infill_anchor = 600%
; infill_anchor_max = 50
; infill_every_layers = 1
; infill_extruder = 1
; infill_extrusion_width = 0.44
; infill_first = 0
; infill_overlap = 23%
; infill_speed = 50
; inherits_cummulative = "0.20 mm NORMAL (0.4 mm nozzle) @CREALITY";;
; interface_shells = 0
; interlocking_beam = 0
; interlocking_beam_layer_count = 2
; interlocking_beam_width = 0.8
; interlocking_boundary_avoidance = 2
; interlocking_depth = 2
; interlocking_orientation = 22.5
; ironing = 0
; ironing_flowrate = 10%
; ironing_spacing = 0.1
; ironing_speed = 20
; ironing_type = top
; layer_gcode = ;AFTER_LAYER_CHANGE\n;{layer_z}
; layer_height = 0.2
; machine_limits_usage = emit_to_gcode
; machine_max_acceleration_e = 5000
; machine_max_acceleration_extruding = 500
; machine_max_acceleration_retracting = 1000
; machine_max_acceleration_travel = 500
; machine_max_acceleration_x = 500
; machine_max_acceleration_y = 500
; machine_max_acceleration_z = 100
; machine_max_feedrate_e = 60
; machine_max_feedrate_x = 500
; machine_max_feedrate_y = 500
; machine_max_feedrate_z = 10
; machine_max_jerk_e = 5
; machine_max_jerk_x = 8
; machine_max_jerk_y = 8
; machine_max_jerk_z = 0.4
; machine_max_junction_deviation = 0,0
; machine_min_extruding_rate = 0
; machine_min_travel_rate = 0
; max_fan_speed = 100
; max_layer_height = 0.32
; max_print_height = 250
; max_print_speed = 100
; max_volumetric_extrusion_rate_slope_negative = 0
; max_volumetric_extrusion_rate_slope_positive = 0
; max_volumetric_speed = 0
; min_bead_width = 85%
; min_fan_speed = 100
; min_feature_size = 25%
; min_layer_height = 0.06
; min_print_speed = 15
; min_skirt_length = 4
; mmu_segmented_region_interlocking_depth = 0
; mmu_segmented_region_max_width = 0
; multimaterial_purging = 140
; notes = 
; nozzle_diameter = 0.4
; nozzle_high_flow = 0
; only_one_perimeter_first_layer = 0
; only_retract_when_crossing_perimeters = 0
; ooze_prevention = 0
; output_filename_format = {input_filename_base}_{print_time}_{digits(layer_height,1,2)}mm_{temperature[0]}C_{filament_type[0]}_{printer_model}.gcode
; over_bridge_speed = 0
; overhang_fan_speed_0 = 0
; overhang_fan_speed_1 = 0
; overhang_fan_speed_2 = 0
; overhang_fan_speed_3 = 0
; overhang_speed_0 = 15
; overhang_speed_1 = 15
; overhang_speed_2 = 20
; overhang_speed_3 = 25
; overhangs = 1
; parking_pos_retraction = 92
; pause_print_gcode = 
; perimeter_acceleration = 0
; perimeter_extruder = 1
; perimeter_extrusion_width = 0.44
; perimeter_generator = arachne
; perimeter_speed = 40
; perimeters = 3
; physical_printer_settings_id = 
; post_process = 
; prefer_clockwise_movements = 0
; print_settings_id = 0.20 mm NORMAL (0.4 mm nozzle) @CREALITY - Copy
; printer_model = ENDER3
; printer_notes = Don't remove the following keywords! These keywords are used in the "compatible printer" condition of the print and filament profiles to link the particular print and filament profiles to this printer profile.\nPRINTER_VENDOR_CREALITY\nPRINTER_MODEL_ENDER3\nPRINTER_HAS_BOWDEN
; printer_settings_id = Creality Ender-3 (0.4 mm nozzle)
; printer_technology = FFF
; printer_variant = 0.4
; printer_vendor = 
; profile_vendor = Creality
; profile_version = 1.1.0
; raft_contact_distance = 0.1
; raft_expansion = 1.5
; raft_first_layer_density = 90%
; raft_first_layer_expansion = 3
; raft_layers = 0
; remaining_times = 0
; resolution = 0
; retract_before_travel = 2
; retract_before_wipe = 70%
; retract_layer_change = 1
; retract_length = 5
; retract_length_toolchange = 1
; retract_lift = 0
; retract_lift_above = 0.2
; retract_lift_below = 0
; retract_restart_extra = 0
; retract_restart_extra_toolchange = 0
; retract_speed = 60
; scarf_seam_entire_loop = 0
; scarf_seam_length = 20
; scarf_seam_max_segment_length = 1
; scarf_seam_on_inner_perimeters = 0
; scarf_seam_only_on_smooth = 1
; scarf_seam_placement = nowhere
; scarf_seam_start_height = 0%
; seam_gap_distance = 15%
; seam_position = nearest
; silent_mode = 0
; single_extruder_multi_material = 0
; single_extruder_multi_material_priming = 0
; skirt_distance = 3
; skirt_height = 2
; skirts = 1
; slice_closing_radius = 0.049
; slicing_mode = regular
; slowdown_below_layer_time = 20
; small_perimeter_speed = 25
; solid_infill_acceleration = 0
; solid_infill_below_area = 0
; solid_infill_every_layers = 0
; solid_infill_extruder = 1
; solid_infill_extrusion_width = 0.44
; solid_infill_speed = 40
; spiral_vase = 0
; staggered_inner_seams = 0
; standby_temperature_delta = -5
; start_filament_gcode = "; Filament gcode\n"
; start_gcode = G90 ; use absolute coordinates\nM83 ; extruder relative mode\nM104 S{is_nil(idle_temperature[0]) ? 150 : idle_temperature[0]} ; set temporary nozzle temp to prevent oozing during homing\nM140 S{first_layer_bed_temperature[0]} ; set final bed temp\nG4 S30 ; allow partial nozzle warmup\nG28 ; home all axis\nG1 Z50 F240\nG1 X2.0 Y10 F3000\nM104 S{first_layer_temperature[0]} ; set final nozzle temp\nM190 S{first_layer_bed_temperature[0]} ; wait for bed temp to stabilize\nM109 S{first_layer_temperature[0]} ; wait for nozzle temp to stabilize\nG1 Z0.28 F240\nG92 E0\nG1 X2.0 Y140 E10 F1500 ; prime the nozzle\nG1 X2.3 Y140 F5000\nG92 E0\nG1 X2.3 Y10 E10 F1200 ; prime the nozzle\nG92 E0
; support_material = 0
; support_material_angle = 0
; support_material_auto = 0
; support_material_bottom_contact_distance = 0
; support_material_bottom_interface_layers = -1
; support_material_buildplate_only = 0
; support_material_closing_radius = 2
; support_material_contact_distance = 0.15
; support_material_enforce_layers = 0
; support_material_extruder = 0
; support_material_extrusion_width = 0.36
; support_material_interface_contact_loops = 0
; support_material_interface_extruder = 0
; support_material_interface_layers = 2
; support_material_interface_pattern = rectilinear
; support_material_interface_spacing = 0.2
; support_material_interface_speed = 100%
; support_material_pattern = rectilinear
; support_material_spacing = 1
; support_material_speed = 40
; support_material_style = grid
; support_material_synchronize_layers = 0
; support_material_threshold = 40
; support_material_with_sheath = 0
; support_material_xy_spacing = 60%
; support_tree_angle = 40
; support_tree_angle_slow = 25
; support_tree_branch_diameter = 2
; support_tree_branch_diameter_angle = 5
; support_tree_branch_diameter_double_wall = 3
; support_tree_branch_distance = 1
; support_tree_tip_diameter = 0.8
; support_tree_top_rate = 15%
; temperature = 205
; template_custom_gcode = 
; thick_bridges = 1
; thin_walls = 0
; thumbnails = 
; thumbnails_format = PNG
; toolchange_gcode = 
; top_fill_pattern = monotonic
; top_infill_extrusion_width = 0.4
; top_one_perimeter_type = none
; top_solid_infill_acceleration = 0
; top_solid_infill_speed = 30
; top_solid_layers = 3
; top_solid_min_thickness = 0
; travel_acceleration = 0
; travel_lift_before_obstacle = 0
; travel_max_lift = 0
; travel_ramping_lift = 0
; travel_short_distance_acceleration = 0
; travel_slope = 0
; travel_speed = 150
; travel_speed_z = 0
; use_firmware_retraction = 0
; use_relative_e_distances = 1
; use_volumetric_e = 0
; variable_layer_height = 1
; wall_distribution_count = 1
; wall_transition_angle = 10
; wall_transition_filter_deviation = 25%
; wall_transition_length = 100%
; wipe = 1
; wipe_into_infill = 0
; wipe_into_objects = 0
; wipe_tower = 0
; wipe_tower_acceleration = 0
; wipe_tower_bridging = 10
; wipe_tower_brim_width = 2
; wipe_tower_cone_angle = 0
; wipe_tower_extra_flow = 100%
; wipe_tower_extra_spacing = 100%
; wipe_tower_extruder = 0
; wipe_tower_no_sparse_layers = 0
; wipe_tower_width = 60
; wiping_volumes_matrix = 0
; wiping_volumes_use_custom_matrix = 0
; xy_size_compensation = 0
; z_offset = 0
; prusaslicer_config = end
