; generated by PrusaSlicer 2.9.4 on 2026-07-08 at 16:50:48 UTC

; 

; external perimeters extrusion width = 0.42mm
; perimeters extrusion width = 0.44mm
; infill extrusion width = 0.44mm
; solid infill extrusion width = 0.44mm
; top infill extrusion width = 0.40mm
; first layer extrusion width = 0.42mm

M201 X500 Y500 Z100 E5000 ; sets maximum accelerations, mm/sec^2
M203 X500 Y500 Z10 E60 ; sets maximum feedrates, mm / sec
M204 S500 T1000 ; sets acceleration (S) and retract acceleration (R), mm/sec^2
M205 X8.00 Y8.00 Z0.40 E5.00 ; sets the jerk limits, mm/sec
M205 S0 T0 ; sets the minimum extruding and travel feed rate, mm/sec

; printing object Pyramid.stl id:0 copy 0
; stop printing object Pyramid.stl id:0 copy 0

;TYPE:Custom
G90 ; use absolute coordinates
M83 ; extruder relative mode
M104 S150 ; set temporary nozzle temp to prevent oozing during homing
M140 S60 ; set final bed temp
G4 S30 ; allow partial nozzle warmup
G28 ; home all axis
G1 Z50 F240
G1 X2.0 Y10 F3000
M104 S210 ; set final nozzle temp
M190 S60 ; wait for bed temp to stabilize
M109 S210 ; wait for nozzle temp to stabilize
G1 Z0.28 F240
G92 E0
G1 X2.0 Y140 E10 F1500 ; prime the nozzle
G1 X2.3 Y140 F5000
G92 E0
G1 X2.3 Y10 E10 F1200 ; prime the nozzle
G92 E0
G21 ; set units to millimeters
G90 ; use absolute coordinates
M83 ; use relative distances for extrusion
; Filament gcode
M107
;LAYER_CHANGE
;Z:0.2
;HEIGHT:0.2
G1 E-5 F3600
G1 Z.2 F9000
G1 X98.889 Y97.909
G1 E5 F2400
M204 S500
;TYPE:Skirt/Brim
;WIDTH:0.42
G1 F1200
G1 X100.6 Y97.411 E.05587
G1 X130.4 Y97.411 E.93436
G1 X131.935 Y97.805 E.04969
G1 X133.091 Y98.889 E.04969
G1 X133.589 Y100.6 E.05587
G1 X133.589 Y130.4 E.93436
G1 X133.195 Y131.935 E.04969
G1 X132.111 Y133.091 E.04969
G1 X130.4 Y133.589 E.05587
G1 X100.6 Y133.589 E.93436
G1 X99.065 Y133.195 E.04969
G1 X97.909 Y132.111 E.04969
G1 X97.411 Y130.4 E.05587
G1 X97.411 Y100.6 E.93436
G1 X97.805 Y99.065 E.04969
G1 X98.848 Y97.953 E.0478
G1 E-3.5 F3600
;WIPE_START
G1 F7200
G1 X98.889 Y97.909 E-.02857
G1 X100.6 Y97.411 E-.84645
G1 X101.916 Y97.411 E-.62498
;WIPE_END
; printing object Pyramid.stl id:0 copy 0
G1 X101.664 Y101.664 F9000
G1 E5 F2400
;TYPE:Perimeter
;WIDTH:0.419999
G1 F1200
G1 X129.336 Y101.664 E.86763
G1 X129.336 Y129.336 E.86763
G1 X101.664 Y129.336 E.86763
G1 X101.664 Y101.724 E.86575
G1 X101.287 Y101.287 F9000
G1 F1200
G1 X129.713 Y101.287 E.89128
G1 X129.713 Y129.713 E.89128
G1 X101.287 Y129.713 E.89128
G1 X101.287 Y101.347 E.88939
G1 X100.91 Y100.91 F9000
;TYPE:External perimeter
G1 F1200
G1 X130.09 Y100.91 E.91492
G1 X130.09 Y130.09 E.91492
G1 X100.91 Y130.09 E.91492
G1 X100.91 Y100.97 E.91304
G1 E-3.5 F3600
;WIPE_START
G1 F7200
G1 X100.91 Y100.91 E-.0285
G1 X104.008 Y100.91 E-1.4715
;WIPE_END
G1 X128.453 Y101.785 F9000
G1 E5 F2400
;TYPE:Solid infill
;WIDTH:0.420062
G1 F1200
G1 X129.045 Y102.378 E.02628
G1 X129.045 Y102.911 E.01671
G1 X128.089 Y101.955 E.0424
G1 X127.556 Y101.955 E.01671
G1 X129.045 Y103.444 E.06604
G1 X129.045 Y103.978 E.01675
G1 X127.022 Y101.955 E.08972
G1 X126.489 Y101.955 E.01671
G1 X129.045 Y104.511 E.11336
G1 X129.045 Y105.044 E.01671
G1 X125.956 Y101.955 E.13699
G1 X125.422 Y101.955 E.01675
G1 X129.045 Y105.578 E.16068
G1 X129.045 Y106.111 E.01671
G1 X124.889 Y101.955 E.18431
G1 X124.356 Y101.955 E.01671
G1 X129.045 Y106.644 E.20795
G1 X129.045 Y107.178 E.01675
G1 X123.822 Y101.955 E.23163
G1 X123.289 Y101.955 E.01671
G1 X129.045 Y107.711 E.25527
G1 X129.045 Y108.244 E.01671
G1 X122.756 Y101.955 E.27891
G1 X122.222 Y101.955 E.01675
G1 X129.045 Y108.778 E.30259
G1 X129.045 Y109.311 E.01671
G1 X121.689 Y101.955 E.32623
G1 X121.155 Y101.955 E.01675
G1 X129.045 Y109.845 E.34991
G1 X129.045 Y110.378 E.01671
G1 X120.622 Y101.955 E.37355
G1 X120.089 Y101.955 E.01671
G1 X129.045 Y110.911 E.39719
G1 X129.045 Y111.445 E.01675
G1 X119.555 Y101.955 E.42087
G1 X119.022 Y101.955 E.01671
G1 X129.045 Y111.978 E.44451
G1 X129.045 Y112.511 E.01671
G1 X118.489 Y101.955 E.46815
G1 X117.955 Y101.955 E.01675
G1 X129.045 Y113.045 E.49183
G1 X129.045 Y113.578 E.01671
G1 X117.422 Y101.955 E.51547
G1 X116.889 Y101.955 E.01671
G1 X129.045 Y114.111 E.53911
G1 X129.045 Y114.645 E.01675
G1 X116.355 Y101.955 E.56279
G1 X115.822 Y101.955 E.01671
G1 X129.045 Y115.178 E.58643
G1 X129.045 Y115.712 E.01675
G1 X115.288 Y101.955 E.61011
G1 X114.755 Y101.955 E.01671
G1 X129.045 Y116.245 E.63375
G1 X129.045 Y116.778 E.01671
G1 X114.222 Y101.955 E.65739
G1 X113.688 Y101.955 E.01675
G1 X129.045 Y117.312 E.68107
G1 X129.045 Y117.845 E.01671
G1 X113.155 Y101.955 E.70471
G1 X112.622 Y101.955 E.01671
G1 X129.045 Y118.378 E.72834
G1 X129.045 Y118.912 E.01675
G1 X112.088 Y101.955 E.75203
G1 X111.555 Y101.955 E.01671
G1 X129.045 Y119.445 E.77566
G1 X129.045 Y119.978 E.01671
G1 X111.022 Y101.955 E.7993
G1 X110.488 Y101.955 E.01675
G1 X129.045 Y120.512 E.82298
G1 X129.045 Y121.045 E.01671
G1 X109.955 Y101.955 E.84662
G1 X109.422 Y101.955 E.01671
G1 X129.045 Y121.578 E.87026
G1 X129.045 Y122.112 E.01675
G1 X108.888 Y101.955 E.89394
G1 X108.355 Y101.955 E.01671
G1 X129.045 Y122.645 E.91758
G1 X129.045 Y123.179 E.01675
G1 X107.821 Y101.955 E.94126
G1 X107.288 Y101.955 E.01671
G1 X129.045 Y123.712 E.9649
G1 X129.045 Y124.245 E.01671
G1 X106.755 Y101.955 E.98854
G1 X106.221 Y101.955 E.01675
G1 X129.045 Y124.779 E1.01222
G1 X129.045 Y125.312 E.01671
G1 X105.688 Y101.955 E1.03586
G1 X105.155 Y101.955 E.01671
G1 X129.045 Y125.845 E1.0595
G1 X129.045 Y126.379 E.01675
G1 X104.621 Y101.955 E1.08318
G1 X104.088 Y101.955 E.01671
G1 X129.045 Y126.912 E1.10682
G1 X129.045 Y127.445 E.01671
G1 X103.555 Y101.955 E1.13046
G1 X103.021 Y101.955 E.01675
G1 X129.045 Y127.979 E1.15414
G1 X129.045 Y128.512 E.01671
G1 X102.488 Y101.955 E1.17778
G1 X101.955 Y101.955 E.01671
G1 X129.045 Y129.045 E1.20141
G1 X128.512 Y129.045 E.01671
G1 X101.955 Y102.488 E1.17778
G1 X101.955 Y103.021 E.01671
G1 X127.979 Y129.045 E1.15414
G1 X127.445 Y129.045 E.01675
G1 X101.955 Y103.555 E1.13046
G1 X101.955 Y104.088 E.01671
G1 X126.912 Y129.045 E1.10682
G1 X126.379 Y129.045 E.01671
G1 X101.955 Y104.621 E1.08318
G1 X101.955 Y105.155 E.01675
G1 X125.845 Y129.045 E1.0595
G1 X125.312 Y129.045 E.01671
G1 X101.955 Y105.688 E1.03586
G1 X101.955 Y106.221 E.01671
G1 X124.779 Y129.045 E1.01222
G1 X124.245 Y129.045 E.01675
G1 X101.955 Y106.755 E.98854
G1 X101.955 Y107.288 E.01671
G1 X123.712 Y129.045 E.9649
G1 X123.179 Y129.045 E.01671
G1 X101.955 Y107.821 E.94126
G1 X101.955 Y108.355 E.01675
G1 X122.645 Y129.045 E.91758
G1 X122.112 Y129.045 E.01671
G1 X101.955 Y108.888 E.89394
G1 X101.955 Y109.422 E.01675
G1 X121.578 Y129.045 E.87026
G1 X121.045 Y129.045 E.01671
G1 X101.955 Y109.955 E.84662
G1 X101.955 Y110.488 E.01671
G1 X120.512 Y129.045 E.82298
G1 X119.978 Y129.045 E.01675
G1 X101.955 Y111.022 E.7993
G1 X101.955 Y111.555 E.01671
G1 X119.445 Y129.045 E.77566
G1 X118.912 Y129.045 E.01671
G1 X101.955 Y112.088 E.75203
G1 X101.955 Y112.622 E.01675
G1 X118.378 Y129.045 E.72834
G1 X117.845 Y129.045 E.01671
G1 X101.955 Y113.155 E.70471
G1 X101.955 Y113.688 E.01671
G1 X117.312 Y129.045 E.68107
G1 X116.778 Y129.045 E.01675
G1 X101.955 Y114.222 E.65739
G1 X101.955 Y114.755 E.01671
G1 X116.245 Y129.045 E.63375
G1 X115.711 Y129.045 E.01675
G1 X101.955 Y115.289 E.61006
G1 X101.955 Y115.822 E.01671
G1 X115.178 Y129.045 E.58643
G1 X114.645 Y129.045 E.01671
G1 X101.955 Y116.355 E.56279
G1 X101.955 Y116.889 E.01675
G1 X114.111 Y129.045 E.53911
G1 X113.578 Y129.045 E.01671
G1 X101.955 Y117.422 E.51547
G1 X101.955 Y117.955 E.01671
G1 X113.045 Y129.045 E.49183
G1 X112.511 Y129.045 E.01675
G1 X101.955 Y118.489 E.46815
G1 X101.955 Y119.022 E.01671
G1 X111.978 Y129.045 E.44451
G1 X111.445 Y129.045 E.01671
G1 X101.955 Y119.555 E.42087
G1 X101.955 Y120.089 E.01675
G1 X110.911 Y129.045 E.39719
G1 X110.378 Y129.045 E.01671
G1 X101.955 Y120.622 E.37355
G1 X101.955 Y121.155 E.01671
G1 X109.845 Y129.045 E.34991
G1 X109.311 Y129.045 E.01675
G1 X101.955 Y121.689 E.32623
G1 X101.955 Y122.222 E.01671
G1 X108.778 Y129.045 E.30259
G1 X108.244 Y129.045 E.01675
G1 X101.955 Y122.756 E.27891
G1 X101.955 Y123.289 E.01671
G1 X107.711 Y129.045 E.25527
G1 X107.178 Y129.045 E.01671
G1 X101.955 Y123.822 E.23163
G1 X101.955 Y124.356 E.01675
G1 X106.644 Y129.045 E.20795
G1 X106.111 Y129.045 E.01671
G1 X101.955 Y124.889 E.18431
G1 X101.955 Y125.422 E.01671
G1 X105.578 Y129.045 E.16068
G1 X105.044 Y129.045 E.01675
G1 X101.955 Y125.956 E.13699
G1 X101.955 Y126.489 E.01671
G1 X104.511 Y129.045 E.11336
G1 X103.978 Y129.045 E.01671
G1 X101.955 Y127.022 E.08972
G1 X101.955 Y127.556 E.01675
G1 X103.444 Y129.045 E.06604
G1 X102.911 Y129.045 E.01671
G1 X101.955 Y128.089 E.0424
G1 X101.955 Y128.622 E.01671
G1 X102.547 Y129.215 E.02628
M106 S255
;LAYER_CHANGE
;Z:0.4
;HEIGHT:0.2
;BEFORE_LAYER_CHANGE
G92 E0
;0.4


G1 E-3.5 F3600
;WIPE_START
G1 F7200
G1 X101.955 Y128.622 E-.39801
G1 X101.955 Y128.089 E-.25318
G1 X102.911 Y129.045 E-.64219
G1 X103.346 Y129.045 E-.20662
;WIPE_END
G1 Z.4 F9000
;AFTER_LAYER_CHANGE
;0.4
M104 S205 ; set temperature
; stop printing object Pyramid.stl id:0 copy 0
G1 X102.547 Y133.589
G1 E5 F2400
;TYPE:Skirt/Brim
;WIDTH:0.42
G1 X100.6 Y133.589 E.06105
G1 X99.065 Y133.195 E.04969
G1 X97.909 Y132.111 E.04969
G1 X97.411 Y130.4 E.05587
G1 X97.411 Y100.6 E.93436
G1 X97.805 Y99.065 E.04969
G1 X98.889 Y97.909 E.04969
G1 X100.6 Y97.411 E.05587
G1 X130.4 Y97.411 E.93436
G1 X131.935 Y97.805 E.04969
G1 X133.091 Y98.889 E.04969
G1 X133.589 Y100.6 E.05587
G1 X133.589 Y130.4 E.93436
G1 X133.195 Y131.935 E.04969
G1 X132.111 Y133.091 E.04969
G1 X130.4 Y133.589 E.05587
G1 X102.607 Y133.589 E.87143
G1 E-3.5 F3600
;WIPE_START
G1 F7200
G1 X102.547 Y133.589 E-.0285
G1 X100.6 Y133.589 E-.92482
G1 X99.485 Y133.303 E-.54668
;WIPE_END
; printing object Pyramid.stl id:0 copy 0
G1 X101.794 Y129.206 F9000
G1 E5 F2400
;TYPE:Perimeter
;WIDTH:0.439999
G1 X101.794 Y101.794 E.90507
G1 X129.206 Y101.794 E.90507
G1 X129.206 Y129.206 E.90507
G1 X101.854 Y129.206 E.90309
G1 X101.397 Y129.603 F9000
G1 F2400
G1 X101.397 Y101.397 E.93128
G1 X129.603 Y101.397 E.93128
G1 X129.603 Y129.603 E.93128
G1 X101.457 Y129.603 E.9293
G1 X101.01 Y129.99 F9000
;TYPE:External perimeter
;WIDTH:0.419999
G1 F1500
G1 X101.01 Y101.01 E.90865
G1 X129.99 Y101.01 E.90865
G1 X129.99 Y129.99 E.90865
G1 X101.07 Y129.99 E.90676
G1 E-3.5 F3600
;WIPE_START
G1 F7200
G1 X101.01 Y129.99 E-.0285
G1 X101.01 Y126.892 E-1.4715
;WIPE_END
G1 X102.208 Y102.132 F9000
G1 E5 F2400
;TYPE:Solid infill
;WIDTH:0.53634
G1 X102.164 Y102.089 E.00252
G1 X102.104 Y102.104 E.00254
G1 X102.089 Y102.164 E.00254
G1 X102.132 Y102.208 E.00252
G1 X102.192 Y102.192 E.00255
;WIDTH:0.439999
G1 X102.1 Y102.826 E.02115
G1 X102.826 Y102.1 E.0339
G1 X103.387 Y102.1 E.01852
G1 X102.1 Y103.387 E.06009
G1 X102.1 Y103.949 E.01856
G1 X103.949 Y102.1 E.08634
G1 X104.511 Y102.1 E.01856
G1 X102.1 Y104.511 E.11258
G1 X102.1 Y105.072 E.01852
G1 X105.072 Y102.1 E.13877
G1 X105.634 Y102.1 E.01856
G1 X102.1 Y105.634 E.16501
G1 X102.1 Y106.195 E.01852
G1 X106.195 Y102.1 E.19121
G1 X106.757 Y102.1 E.01856
G1 X102.1 Y106.757 E.21745
G1 X102.1 Y107.318 E.01852
G1 X107.318 Y102.1 E.24365
G1 X107.88 Y102.1 E.01856
G1 X102.1 Y107.88 E.26989
G1 X102.1 Y108.441 E.01852
G1 X108.441 Y102.1 E.29608
G1 X109.003 Y102.1 E.01856
G1 X102.1 Y109.003 E.32232
G1 X102.1 Y109.565 E.01856
G1 X109.565 Y102.1 E.34857
G1 X110.126 Y102.1 E.01852
G1 X102.1 Y110.126 E.37476
G1 X102.1 Y110.688 E.01856
G1 X110.688 Y102.1 E.401
G1 X111.249 Y102.1 E.01852
G1 X102.1 Y111.249 E.4272
G1 X102.1 Y111.811 E.01856
G1 X111.811 Y102.1 E.45344
G1 X112.372 Y102.1 E.01852
G1 X102.1 Y112.372 E.47964
G1 X102.1 Y112.934 E.01856
G1 X112.934 Y102.1 E.50588
G1 X113.495 Y102.1 E.01852
G1 X102.1 Y113.495 E.53207
G1 X102.1 Y114.057 E.01856
G1 X114.057 Y102.1 E.55831
G1 X114.619 Y102.1 E.01856
G1 X102.1 Y114.619 E.58456
G1 X102.1 Y115.18 E.01852
G1 X115.18 Y102.1 E.61075
G1 X115.742 Y102.1 E.01856
G1 X102.1 Y115.742 E.63699
G1 X102.1 Y116.303 E.01852
G1 X116.303 Y102.1 E.66319
G1 X116.865 Y102.1 E.01856
G1 X102.1 Y116.865 E.68943
G1 X102.1 Y117.426 E.01852
G1 X117.426 Y102.1 E.71562
G1 X117.988 Y102.1 E.01856
G1 X102.1 Y117.988 E.74187
G1 X102.1 Y118.549 E.01852
G1 X118.549 Y102.1 E.76806
G1 X119.111 Y102.1 E.01856
G1 X102.1 Y119.111 E.7943
G1 X102.1 Y119.673 E.01856
G1 X119.673 Y102.1 E.82054
G1 X120.234 Y102.1 E.01852
G1 X102.1 Y120.234 E.84674
G1 X102.1 Y120.796 E.01856
G1 X120.796 Y102.1 E.87298
G1 X121.357 Y102.1 E.01852
G1 X102.1 Y121.357 E.89918
G1 X102.1 Y121.919 E.01856
G1 X121.919 Y102.1 E.92542
G1 X122.48 Y102.1 E.01852
G1 X102.1 Y122.48 E.95161
G1 X102.1 Y123.042 E.01856
G1 X123.042 Y102.1 E.97785
G1 X123.603 Y102.1 E.01852
G1 X102.1 Y123.603 E1.00405
G1 X102.1 Y124.165 E.01856
G1 X124.165 Y102.1 E1.03029
G1 X124.727 Y102.1 E.01856
G1 X102.1 Y124.727 E1.05653
G1 X102.1 Y125.288 E.01852
G1 X125.288 Y102.1 E1.08273
G1 X125.85 Y102.1 E.01856
G1 X102.1 Y125.85 E1.10897
G1 X102.1 Y126.411 E.01852
G1 X126.411 Y102.1 E1.13516
G1 X126.973 Y102.1 E.01856
G1 X102.1 Y126.973 E1.16141
G1 X102.1 Y127.534 E.01852
G1 X127.534 Y102.1 E1.1876
G1 X128.096 Y102.1 E.01856
G1 X102.1 Y128.096 E1.21384
G1 X102.046 Y129.014 F9000
;WIDTH:0.38292
G1 F2400
G1 X102.005 Y129.025 E.0012
G1 X101.986 Y128.954 E.00208
G1 X102.057 Y128.973 E.00208
;WIDTH:0.41146
G1 X102.078 Y128.815 E.00488
;WIDTH:0.439999
G1 X102.1 Y128.657 E.00527
G1 X128.657 Y102.1 E1.24004
G1 X128.9 Y102.419 E.01324
G1 X102.419 Y128.9 E1.23649
G1 X102.98 Y128.9 E.01852
G1 X128.9 Y102.98 E1.21029
G1 X128.9 Y103.542 E.01856
G1 X103.542 Y128.9 E1.18405
G1 X104.103 Y128.9 E.01852
G1 X128.9 Y104.103 E1.15786
G1 X128.9 Y104.665 E.01856
G1 X104.665 Y128.9 E1.13162
G1 X105.227 Y128.9 E.01856
G1 X128.9 Y105.227 E1.10537
G1 X128.9 Y105.788 E.01852
G1 X105.788 Y128.9 E1.07918
G1 X106.35 Y128.9 E.01856
G1 X128.9 Y106.35 E1.05294
G1 X128.9 Y106.911 E.01852
G1 X106.911 Y128.9 E1.02674
G1 X107.473 Y128.9 E.01856
G1 X128.9 Y107.473 E1.0005
G1 X128.9 Y108.034 E.01852
G1 X108.034 Y128.9 E.97431
G1 X108.596 Y128.9 E.01856
G1 X128.9 Y108.596 E.94806
G1 X128.9 Y109.157 E.01852
G1 X109.157 Y128.9 E.92187
G1 X109.719 Y128.9 E.01856
G1 X128.9 Y109.719 E.89563
G1 X128.9 Y110.281 E.01856
G1 X110.281 Y128.9 E.86939
G1 X110.842 Y128.9 E.01852
G1 X128.9 Y110.842 E.84319
G1 X128.9 Y111.404 E.01856
G1 X111.404 Y128.9 E.81695
G1 X111.965 Y128.9 E.01852
G1 X128.9 Y111.965 E.79075
G1 X128.9 Y112.527 E.01856
G1 X112.527 Y128.9 E.76451
G1 X113.088 Y128.9 E.01852
G1 X128.9 Y113.088 E.73832
G1 X128.9 Y113.65 E.01856
G1 X113.65 Y128.9 E.71208
G1 X114.211 Y128.9 E.01852
G1 X128.9 Y114.211 E.68588
G1 X128.9 Y114.773 E.01856
G1 X114.773 Y128.9 E.65964
G1 X115.335 Y128.9 E.01856
G1 X128.9 Y115.335 E.6334
G1 X128.9 Y115.896 E.01852
G1 X115.896 Y128.9 E.6072
G1 X116.458 Y128.9 E.01856
G1 X128.9 Y116.458 E.58096
G1 X128.9 Y117.019 E.01852
G1 X117.019 Y128.9 E.55476
G1 X117.581 Y128.9 E.01856
G1 X128.9 Y117.581 E.52852
G1 X128.9 Y118.142 E.01852
G1 X118.142 Y128.9 E.50233
G1 X118.704 Y128.9 E.01856
G1 X128.9 Y118.704 E.47609
G1 X128.9 Y119.265 E.01852
G1 X119.265 Y128.9 E.44989
G1 X119.827 Y128.9 E.01856
G1 X128.9 Y119.827 E.42365
G1 X128.9 Y120.389 E.01856
G1 X120.389 Y128.9 E.39741
G1 X120.95 Y128.9 E.01852
G1 X128.9 Y120.95 E.37121
G1 X128.9 Y121.512 E.01856
G1 X121.512 Y128.9 E.34497
G1 X122.073 Y128.9 E.01852
G1 X128.9 Y122.073 E.31878
G1 X128.9 Y122.635 E.01856
G1 X122.635 Y128.9 E.29253
G1 X123.196 Y128.9 E.01852
G1 X128.9 Y123.196 E.26634
G1 X128.9 Y123.758 E.01856
G1 X123.758 Y128.9 E.2401
G1 X124.319 Y128.9 E.01852
G1 X128.9 Y124.319 E.2139
G1 X128.9 Y124.881 E.01856
G1 X124.881 Y128.9 E.18766
G1 X125.443 Y128.9 E.01856
G1 X128.9 Y125.443 E.16142
G1 X128.9 Y126.004 E.01852
G1 X126.004 Y128.9 E.13522
G1 X126.566 Y128.9 E.01856
G1 X128.9 Y126.566 E.10898
G1 X128.9 Y127.127 E.01852
G1 X127.127 Y128.9 E.08279
G1 X127.072 Y128.979 E.00318
;WIDTH:0.41146
G1 X127.016 Y129.059 E.00299
;WIDTH:0.38292
G1 X126.945 Y129.04 E.00208
G1 X126.964 Y129.111 E.00208
G1 X127.005 Y129.1 E.0012
G1 E-3.5 F3600
;WIPE_START
G1 F7200
G1 X126.964 Y129.111 E-.02016
G1 X126.945 Y129.04 E-.03491
G1 X127.016 Y129.059 E-.03491
G1 X127.072 Y128.979 E-.04638
G1 X127.127 Y128.9 E-.04572
G1 X128.9 Y127.127 E-1.19102
G1 X128.9 Y126.86 E-.1269
;WIPE_END
G1 X128.76 Y127.829 F9000
G1 E5 F2400
;WIDTH:0.439999
G1 X127.689 Y128.9 E.05001
G1 X128.9 Y128.9 E.03998
G1 X128.9 Y127.689 E.03998
;LAYER_CHANGE
;Z:0.6
;HEIGHT:0.2
;BEFORE_LAYER_CHANGE
G92 E0
;0.6


G1 E-3.5 F3600
;WIPE_START
G1 F7200
G1 X128.9 Y128.9 E-.57522
G1 X127.689 Y128.9 E-.57522
G1 X128.209 Y128.38 E-.34956
;WIPE_END
G1 Z.6 F9000
;AFTER_LAYER_CHANGE
;0.6
G1 X129.006 Y129.006
G1 E5 F2400
;TYPE:Perimeter
G1 X101.994 Y129.006 E.89186
G1 X101.994 Y101.994 E.89186
G1 X129.006 Y101.994 E.89186
G1 X129.006 Y128.946 E.88988
G1 X129.403 Y129.403 F9000
G1 F2400
G1 X101.597 Y129.403 E.91808
G1 X101.597 Y101.597 E.91808
G1 X129.403 Y101.597 E.91808
G1 X129.403 Y129.343 E.9161
G1 X129.79 Y129.79 F9000
;TYPE:External perimeter
;WIDTH:0.419999
G1 F1500
G1 X101.21 Y129.79 E.8961
G1 X101.21 Y101.21 E.8961
G1 X129.79 Y101.21 E.8961
G1 X129.79 Y129.73 E.89422
G1 E-3.5 F3600
;WIPE_START
G1 F7200
G1 X129.79 Y129.79 E-.0285
G1 X126.692 Y129.79 E-1.4715
;WIPE_END
G1 X102.332 Y128.592 F9000
G1 E5 F2400
;TYPE:Solid infill
;WIDTH:0.53634
G1 X102.289 Y128.636 E.00252
G1 X102.304 Y128.696 E.00254
G1 X102.364 Y128.712 E.00255
G1 X102.408 Y128.668 E.00255
G1 X102.392 Y128.608 E.00255
;WIDTH:0.439999
G1 X102.3 Y127.974 E.02115
G1 X103.026 Y128.7 E.0339
G1 X103.587 Y128.7 E.01852
G1 X102.3 Y127.413 E.06009
G1 X102.3 Y126.851 E.01856
G1 X104.149 Y128.7 E.08634
G1 X104.711 Y128.7 E.01856
G1 X102.3 Y126.289 E.11258
G1 X102.3 Y125.728 E.01852
G1 X105.272 Y128.7 E.13877
G1 X105.834 Y128.7 E.01856
G1 X102.3 Y125.166 E.16501
G1 X102.3 Y124.605 E.01852
G1 X106.395 Y128.7 E.19121
G1 X106.957 Y128.7 E.01856
G1 X102.3 Y124.043 E.21745
G1 X102.3 Y123.482 E.01852
G1 X107.518 Y128.7 E.24365
G1 X108.08 Y128.7 E.01856
G1 X102.3 Y122.92 E.26989
G1 X102.3 Y122.359 E.01852
G1 X108.641 Y128.7 E.29608
G1 X109.203 Y128.7 E.01856
G1 X102.3 Y121.797 E.32232
G1 X102.3 Y121.235 E.01856
G1 X109.765 Y128.7 E.34857
G1 X110.326 Y128.7 E.01852
G1 X102.3 Y120.674 E.37476
G1 X102.3 Y120.112 E.01856
G1 X110.888 Y128.7 E.401
G1 X111.449 Y128.7 E.01852
G1 X102.3 Y119.551 E.4272
G1 X102.3 Y118.989 E.01856
G1 X112.011 Y128.7 E.45344
G1 X112.572 Y128.7 E.01852
G1 X102.3 Y118.428 E.47964
G1 X102.3 Y117.866 E.01856
G1 X113.134 Y128.7 E.50588
G1 X113.695 Y128.7 E.01852
G1 X102.3 Y117.305 E.53207
G1 X102.3 Y116.743 E.01856
G1 X114.257 Y128.7 E.55831
G1 X114.819 Y128.7 E.01856
G1 X102.3 Y116.181 E.58456
G1 X102.3 Y115.62 E.01852
G1 X115.38 Y128.7 E.61075
G1 X115.942 Y128.7 E.01856
G1 X102.3 Y115.058 E.63699
G1 X102.3 Y114.497 E.01852
G1 X116.503 Y128.7 E.66319
G1 X117.065 Y128.7 E.01856
G1 X102.3 Y113.935 E.68943
G1 X102.3 Y113.374 E.01852
G1 X117.626 Y128.7 E.71562
G1 X118.188 Y128.7 E.01856
G1 X102.3 Y112.812 E.74187
G1 X102.3 Y112.251 E.01852
G1 X118.749 Y128.7 E.76806
G1 X119.311 Y128.7 E.01856
G1 X102.3 Y111.689 E.7943
G1 X102.3 Y111.127 E.01856
G1 X119.873 Y128.7 E.82054
G1 X120.434 Y128.7 E.01852
G1 X102.3 Y110.566 E.84674
G1 X102.3 Y110.004 E.01856
G1 X120.996 Y128.7 E.87298
G1 X121.557 Y128.7 E.01852
G1 X102.3 Y109.443 E.89918
G1 X102.3 Y108.881 E.01856
G1 X122.119 Y128.7 E.92542
G1 X122.68 Y128.7 E.01852
G1 X102.3 Y108.32 E.95161
G1 X102.3 Y107.758 E.01856
G1 X123.242 Y128.7 E.97785
G1 X123.803 Y128.7 E.01852
G1 X102.3 Y107.197 E1.00405
G1 X102.3 Y106.635 E.01856
G1 X124.365 Y128.7 E1.03029
G1 X124.927 Y128.7 E.01856
G1 X102.3 Y106.073 E1.05653
G1 X102.3 Y105.512 E.01852
G1 X125.488 Y128.7 E1.08273
G1 X126.05 Y128.7 E.01856
G1 X102.3 Y104.95 E1.10897
G1 X102.3 Y104.389 E.01852
G1 X126.611 Y128.7 E1.13516
G1 X127.173 Y128.7 E.01856
G1 X102.3 Y103.827 E1.16141
G1 X102.3 Y103.266 E.01852
G1 X127.734 Y128.7 E1.1876
G1 X128.296 Y128.7 E.01856
G1 X102.3 Y102.704 E1.21384
G1 X102.187 Y102.157 E.01844
;WIDTH:0.38292
G1 X102.168 Y102.228 E.00208
G1 X102.239 Y102.209 E.00208
G1 X102.228 Y102.168 E.0012
;WIDTH:0.41146
G1 X102.343 Y102.234 E.00406
;WIDTH:0.439999
G1 X102.457 Y102.3 E.00435
G1 X128.7 Y128.543 E1.22538
G1 X128.766 Y128.657 E.00435
;WIDTH:0.41146
G1 X128.832 Y128.772 E.00406
;WIDTH:0.38292
G1 X128.843 Y128.813 E.0012
G1 X128.772 Y128.832 E.00208
G1 X128.791 Y128.761 E.00208
;WIDTH:0.439999
G1 X128.7 Y127.981 E.02593
G1 X103.019 Y102.3 E1.19913
G1 X103.58 Y102.3 E.01852
G1 X128.7 Y127.42 E1.17294
G1 X128.7 Y126.858 E.01856
G1 X104.142 Y102.3 E1.1467
G1 X104.703 Y102.3 E.01852
G1 X128.7 Y126.297 E1.1205
G1 X128.7 Y125.735 E.01856
G1 X105.265 Y102.3 E1.09426
G1 X105.827 Y102.3 E.01856
G1 X128.7 Y125.173 E1.06802
G1 X128.7 Y124.612 E.01852
G1 X106.388 Y102.3 E1.04182
G1 X106.95 Y102.3 E.01856
G1 X128.7 Y124.05 E1.01558
G1 X128.7 Y123.489 E.01852
G1 X107.511 Y102.3 E.98939
G1 X108.073 Y102.3 E.01856
G1 X128.7 Y122.927 E.96315
G1 X128.7 Y122.366 E.01852
G1 X108.634 Y102.3 E.93695
G1 X109.196 Y102.3 E.01856
G1 X128.7 Y121.804 E.91071
G1 X128.7 Y121.243 E.01852
G1 X109.757 Y102.3 E.88451
G1 X110.319 Y102.3 E.01856
G1 X128.7 Y120.681 E.85827
G1 X128.7 Y120.119 E.01856
G1 X110.881 Y102.3 E.83203
G1 X111.442 Y102.3 E.01852
G1 X128.7 Y119.558 E.80584
G1 X128.7 Y118.996 E.01856
G1 X112.004 Y102.3 E.77959
G1 X112.565 Y102.3 E.01852
G1 X128.7 Y118.435 E.7534
G1 X128.7 Y117.873 E.01856
G1 X113.127 Y102.3 E.72716
G1 X113.688 Y102.3 E.01852
G1 X128.7 Y117.312 E.70096
G1 X128.7 Y116.75 E.01856
G1 X114.25 Y102.3 E.67472
G1 X114.811 Y102.3 E.01852
G1 X128.7 Y116.189 E.64853
G1 X128.7 Y115.627 E.01856
G1 X115.373 Y102.3 E.62228
G1 X115.935 Y102.3 E.01856
G1 X128.7 Y115.065 E.59604
G1 X128.7 Y114.504 E.01852
G1 X116.496 Y102.3 E.56985
G1 X117.058 Y102.3 E.01856
G1 X128.7 Y113.942 E.54361
G1 X128.7 Y113.381 E.01852
G1 X117.619 Y102.3 E.51741
G1 X118.181 Y102.3 E.01856
G1 X128.7 Y112.819 E.49117
G1 X128.7 Y112.258 E.01852
G1 X118.742 Y102.3 E.46497
G1 X119.304 Y102.3 E.01856
G1 X128.7 Y111.696 E.43873
G1 X128.7 Y111.135 E.01852
G1 X119.865 Y102.3 E.41254
G1 X120.427 Y102.3 E.01856
G1 X128.7 Y110.573 E.38629
G1 X128.7 Y110.011 E.01856
G1 X120.989 Y102.3 E.36005
G1 X121.55 Y102.3 E.01852
G1 X128.7 Y109.45 E.33386
G1 X128.7 Y108.888 E.01856
G1 X122.112 Y102.3 E.30762
G1 X122.673 Y102.3 E.01852
G1 X128.7 Y108.327 E.28142
G1 X128.7 Y107.765 E.01856
G1 X123.235 Y102.3 E.25518
G1 X123.796 Y102.3 E.01852
G1 X128.7 Y107.204 E.22898
G1 X128.7 Y106.642 E.01856
G1 X124.358 Y102.3 E.20274
G1 X124.919 Y102.3 E.01852
G1 X128.7 Y106.081 E.17655
G1 X128.7 Y105.519 E.01856
G1 X125.481 Y102.3 E.15031
G1 X126.043 Y102.3 E.01856
G1 X128.7 Y104.957 E.12406
G1 X128.859 Y104.507 E.01576
;WIDTH:0.38292
G1 X128.84 Y104.578 E.00208
G1 X128.911 Y104.559 E.00208
G1 X128.9 Y104.518 E.0012
;WIDTH:0.41146
G1 X128.8 Y104.457 E.00359
;WIDTH:0.439999
G1 X128.7 Y104.396 E.00387
G1 X126.604 Y102.3 E.09787
G1 X126.543 Y102.2 E.00387
;WIDTH:0.41146
G1 X126.482 Y102.1 E.00359
;WIDTH:0.38292
G1 X126.493 Y102.141 E.0012
G1 X126.422 Y102.16 E.00208
G1 X126.441 Y102.089 E.00208
;WIDTH:0.439999
G1 X127.166 Y102.3 E.02493
G1 X128.7 Y102.3 E.05065
G1 X128.7 Y103.834 E.05065
G1 X127.306 Y102.44 E.06509
G1 X128.234 Y102.689 F9000
;WIDTH:0.544684
G1 F2400
G1 X128.19 Y102.733 E.0026
G1 X128.206 Y102.794 E.00263
G1 X128.267 Y102.81 E.00263
G1 X128.311 Y102.766 E.0026
G1 X128.295 Y102.705 E.00263
;LAYER_CHANGE
;Z:0.8
;HEIGHT:0.2
;BEFORE_LAYER_CHANGE
G92 E0
;0.8


G1 E-3.5 F3600
;WIPE_START
G1 F7200
G1 X128.311 Y102.766 E-.02996
G1 X128.267 Y102.81 E-.02956
G1 X128.206 Y102.794 E-.02996
G1 X128.19 Y102.733 E-.02996
G1 X128.234 Y102.689 E-.02956
;WIPE_END
G1 E-1.351 F3600
G1 Z.8 F9000
;AFTER_LAYER_CHANGE
;0.8
G1 X128.806 Y102.194
G1 E5 F2400
;TYPE:Perimeter
;WIDTH:0.439999
G1 X128.806 Y128.806 E.87866
G1 X102.194 Y128.806 E.87866
G1 X102.194 Y102.194 E.87866
G1 X128.746 Y102.194 E.87667
G1 X129.203 Y101.797 F9000
G1 F2400
G1 X129.203 Y129.203 E.90487
G1 X101.797 Y129.203 E.90487
G1 X101.797 Y101.797 E.90487
G1 X129.143 Y101.797 E.90289
G1 X129.59 Y101.41 F9000
;TYPE:External perimeter
;WIDTH:0.419999
G1 F1500
G1 X129.59 Y129.59 E.88356
G1 X101.41 Y129.59 E.88356
G1 X101.41 Y101.41 E.88356
G1 X129.53 Y101.41 E.88168
G1 X128.118 Y102.543 F9000
;TYPE:Solid infill
;WIDTH:0.573029
G1 F2400
G1 X128.207 Y102.566 E.00405
;WIDTH:0.61975
G1 X128.297 Y102.59 E.00447
;WIDTH:0.66647
G1 X128.387 Y102.613 E.00482
G1 X128.41 Y102.703 E.00482
;WIDTH:0.61975
G1 X128.434 Y102.793 E.00447
;WIDTH:0.57303
G1 X128.457 Y102.882 E.00405
;WIDTH:0.52631
G1 X128.457 Y128.118 E1.01434
;WIDTH:0.57303
G1 X128.434 Y128.207 E.00405
;WIDTH:0.619751
G1 X128.41 Y128.297 E.00447
;WIDTH:0.666472
G1 X128.387 Y128.387 E.00482
G1 X128.309 Y128.41 E.00422
;WIDTH:0.619751
G1 X128.231 Y128.434 E.00391
;WIDTH:0.57303
G1 X128.152 Y128.457 E.00363
;WIDTH:0.52631
G1 X102.882 Y128.457 E1.0157
;WIDTH:0.57303
G1 X102.793 Y128.434 E.00405
;WIDTH:0.619749
G1 X102.703 Y128.41 E.00447
;WIDTH:0.666468
G1 X102.613 Y128.387 E.00482
G1 X102.59 Y128.297 E.00482
;WIDTH:0.619748
G1 X102.566 Y128.207 E.00447
;WIDTH:0.573028
G1 X102.543 Y128.118 E.00405
;WIDTH:0.52631
G1 X102.543 Y102.882 E1.01434
;WIDTH:0.573031
G1 X102.566 Y102.793 E.00405
;WIDTH:0.619752
G1 X102.59 Y102.703 E.00447
;WIDTH:0.666472
G1 X102.613 Y102.613 E.00482
G1 X102.703 Y102.59 E.00482
;WIDTH:0.619752
G1 X102.793 Y102.566 E.00447
;WIDTH:0.573031
G1 X102.882 Y102.543 E.00405
;WIDTH:0.52631
G1 X127.919 Y102.543 E1.00634
G1 E-3.5 F3600
;WIPE_START
G1 F7200
G1 X124.761 Y102.543 E-1.5
;WIPE_END
G1 X128.017 Y107.937 F9000
G1 E5 F2400
;TYPE:Internal infill
;WIDTH:0.44
G1 F3000
G1 X128.017 Y105.554 E.07868
G1 X125.446 Y102.983 E.12005
G1 X128.017 Y102.983 E.08489
G1 X102.983 Y128.017 E1.16893
G1 X102.983 Y125.446 E.08489
G1 X105.554 Y128.017 E.12005
G1 X108.599 Y128.017 E.10054
G1 X128.017 Y108.599 E.90669
G1 X128.017 Y111.17 E.08489
G1 X119.83 Y102.983 E.38228
G1 X122.401 Y102.983 E.08489
G1 X102.983 Y122.401 E.90669
G1 X102.983 Y119.83 E.08489
G1 X111.17 Y128.017 E.38228
G1 X114.214 Y128.017 E.1005
G1 X128.017 Y114.214 E.64451
G1 X128.017 Y116.786 E.08492
G1 X114.214 Y102.983 E.64451
G1 X116.786 Y102.983 E.08492
G1 X102.983 Y116.786 E.64451
G1 X102.983 Y114.214 E.08492
G1 X116.786 Y128.017 E.64451
G1 X119.83 Y128.017 E.1005
G1 X128.017 Y119.83 E.38228
G1 X128.017 Y122.401 E.08489
G1 X108.599 Y102.983 E.90669
G1 X111.17 Y102.983 E.08489
G1 X102.983 Y111.17 E.38228
G1 X102.983 Y108.599 E.08489
G1 X122.401 Y128.017 E.90669
G1 X125.446 Y128.017 E.10054
G1 X128.017 Y125.446 E.12005
G1 X128.017 Y128.017 E.08489
G1 X102.983 Y102.983 E1.16893
G1 X102.983 Y105.554 E.08489
G1 X105.554 Y102.983 E.12005
G1 X107.937 Y102.983 E.07868
;LAYER_CHANGE
;Z:1
;HEIGHT:0.2
;BEFORE_LAYER_CHANGE
G92 E0
;1


G1 E-3.5 F3600
;WIPE_START
G1 F7200
G1 X105.554 Y102.983 E-1.13192
G1 X105.006 Y103.531 E-.36808
;WIPE_END
G1 Z1 F9000
;AFTER_LAYER_CHANGE
;1
G1 X102.394 Y102.394
G1 E5 F2400
;TYPE:Perimeter
;WIDTH:0.439999
G1 X128.606 Y102.394 E.86545
G1 X128.606 Y128.606 E.86545
G1 X102.394 Y128.606 E.86545
G1 X102.394 Y102.454 E.86347
G1 X101.997 Y101.997 F9000
G1 F2400
G1 X129.003 Y101.997 E.89166
G1 X129.003 Y129.003 E.89166
G1 X101.997 Y129.003 E.89166
G1 X101.997 Y102.057 E.88968
G1 X101.61 Y101.61 F9000
;TYPE:External perimeter
;WIDTH:0.419999
G1 F1500
G1 X129.39 Y101.61 E.87102
G1 X129.39 Y129.39 E.87102
G1 X101.61 Y129.39 E.87102
G1 X101.61 Y101.67 E.86914
G1 X102.743 Y103.082 F9000
;TYPE:Solid infill
;WIDTH:0.57303
G1 F2400
G1 X102.766 Y102.993 E.00405
;WIDTH:0.619751
G1 X102.79 Y102.903 E.00447
;WIDTH:0.666472
G1 X102.813 Y102.813 E.00482
G1 X102.903 Y102.79 E.00482
;WIDTH:0.619752
G1 X102.993 Y102.766 E.00447
;WIDTH:0.573031
G1 X103.082 Y102.743 E.00405
;WIDTH:0.52631
G1 X127.918 Y102.743 E.99826
;WIDTH:0.57303
G1 X128.007 Y102.766 E.00405
;WIDTH:0.619751
G1 X128.097 Y102.79 E.00447
;WIDTH:0.666472
G1 X128.187 Y102.813 E.00482
G1 X128.21 Y102.891 E.00422
;WIDTH:0.61975
G1 X128.234 Y102.97 E.00396
;WIDTH:0.573028
G1 X128.257 Y103.048 E.00358
;WIDTH:0.526306
G1 X128.257 Y127.918 E.99962
;WIDTH:0.573027
G1 X128.234 Y128.007 E.00405
;WIDTH:0.619748
G1 X128.21 Y128.097 E.00447
;WIDTH:0.666468
G1 X128.187 Y128.187 E.00482
G1 X128.097 Y128.21 E.00482
;WIDTH:0.619748
G1 X128.007 Y128.234 E.00447
;WIDTH:0.573027
G1 X127.918 Y128.257 E.00405
;WIDTH:0.526306
G1 X103.082 Y128.257 E.99825
;WIDTH:0.573028
G1 X102.993 Y128.234 E.00405
;WIDTH:0.61975
G1 X102.903 Y128.21 E.00447
;WIDTH:0.666472
G1 X102.813 Y128.187 E.00482
G1 X102.79 Y128.097 E.00482
;WIDTH:0.619751
G1 X102.766 Y128.007 E.00447
;WIDTH:0.57303
G1 X102.743 Y127.918 E.00405
;WIDTH:0.526308
G1 X102.743 Y103.281 E.99026
G1 E-3.5 F3600
;WIPE_START
G1 F7200
G1 X102.743 Y106.439 E-1.5
;WIPE_END
G1 X107.737 Y103.183 F9000
G1 E5 F2400
;TYPE:Internal infill
;WIDTH:0.44
G1 F3000
G1 X105.354 Y103.183 E.07868
G1 X103.183 Y105.354 E.10137
G1 X103.183 Y103.183 E.07168
G1 X127.817 Y127.817 E1.15025
G1 X125.646 Y127.817 E.07168
G1 X127.817 Y125.646 E.10137
G1 X127.817 Y123.263 E.07868
G1 E-3.5 F3600
;WIPE_START
G1 F7200
G1 X127.817 Y125.646 E-1.13192
G1 X127.269 Y126.194 E-.36808
;WIPE_END
G1 X124.584 Y127.817 F9000
G1 E5 F2400
G1 F3000
G1 X122.201 Y127.817 E.07868
G1 X103.183 Y108.799 E.88802
G1 X103.183 Y110.97 E.07168
G1 X110.97 Y103.183 E.3636
G1 X108.799 Y103.183 E.07168
G1 X127.817 Y122.201 E.88802
G1 X127.817 Y120.03 E.07168
G1 X120.03 Y127.817 E.3636
G1 X116.586 Y127.817 E.11371
G1 X103.183 Y114.414 E.62583
G1 X103.183 Y116.586 E.07171
G1 X116.586 Y103.183 E.62583
G1 X114.414 Y103.183 E.07171
G1 X127.817 Y116.586 E.62583
G1 X127.817 Y114.414 E.07171
G1 X114.414 Y127.817 E.62583
G1 X110.97 Y127.817 E.11371
G1 X103.183 Y120.03 E.3636
G1 X103.183 Y122.201 E.07168
G1 X122.201 Y103.183 E.88802
G1 X120.03 Y103.183 E.07168
G1 X127.817 Y110.97 E.3636
G1 X127.817 Y108.799 E.07168
G1 X108.799 Y127.817 E.88802
G1 X105.354 Y127.817 E.11374
G1 X103.183 Y125.646 E.10137
G1 X103.183 Y127.817 E.07168
G1 X127.817 Y103.183 E1.15025
G1 X125.646 Y103.183 E.07168
G1 X127.817 Y105.354 E.10137
G1 X127.817 Y107.737 E.07868
;LAYER_CHANGE
;Z:1.2
;HEIGHT:0.2
;BEFORE_LAYER_CHANGE
G92 E0
;1.2


G1 E-3.5 F3600
;WIPE_START
G1 F7200
G1 X127.817 Y105.354 E-1.13193
G1 X127.269 Y104.806 E-.36807
;WIPE_END
G1 Z1.2 F9000
;AFTER_LAYER_CHANGE
;1.2
G1 X128.406 Y102.594
G1 E5 F2400
;TYPE:Perimeter
;WIDTH:0.439999
G1 X128.406 Y128.406 E.85224
G1 X102.594 Y128.406 E.85224
G1 X102.594 Y102.594 E.85224
G1 X128.346 Y102.594 E.85026
G1 X128.803 Y102.197 F9000
G1 F2400
G1 X128.803 Y128.803 E.87846
G1 X102.197 Y128.803 E.87846
G1 X102.197 Y102.197 E.87846
G1 X128.743 Y102.197 E.87648
G1 X129.19 Y101.81 F9000
;TYPE:External perimeter
;WIDTH:0.419999
G1 F1500
G1 X129.19 Y129.19 E.85848
G1 X101.81 Y129.19 E.85848
G1 X101.81 Y101.81 E.85848
G1 X129.13 Y101.81 E.8566
G1 X127.718 Y102.943 F9000
;TYPE:Solid infill
;WIDTH:0.573027
G1 F2400
G1 X127.807 Y102.966 E.00405
;WIDTH:0.619748
G1 X127.897 Y102.99 E.00447
;WIDTH:0.666468
G1 X127.987 Y103.013 E.00482
G1 X128.01 Y103.103 E.00482
;WIDTH:0.619748
G1 X128.034 Y103.193 E.00447
;WIDTH:0.573028
G1 X128.057 Y103.282 E.00405
;WIDTH:0.526308
G1 X128.057 Y127.718 E.98218
;WIDTH:0.573028
G1 X128.034 Y127.807 E.00405
;WIDTH:0.619749
G1 X128.01 Y127.897 E.00447
;WIDTH:0.66647
G1 X127.987 Y127.987 E.00482
G1 X127.909 Y128.01 E.00422
;WIDTH:0.619749
G1 X127.831 Y128.034 E.00391
;WIDTH:0.573028
G1 X127.752 Y128.057 E.00363
;WIDTH:0.526308
G1 X103.282 Y128.057 E.98354
;WIDTH:0.573028
G1 X103.193 Y128.034 E.00405
;WIDTH:0.619748
G1 X103.103 Y128.01 E.00447
;WIDTH:0.666468
G1 X103.013 Y127.987 E.00482
G1 X102.99 Y127.897 E.00482
;WIDTH:0.619748
G1 X102.966 Y127.807 E.00447
;WIDTH:0.573027
G1 X102.943 Y127.718 E.00405
;WIDTH:0.526308
G1 X102.943 Y103.282 E.98218
;WIDTH:0.573029
G1 X102.966 Y103.193 E.00405
;WIDTH:0.61975
G1 X102.99 Y103.103 E.00447
;WIDTH:0.66647
G1 X103.013 Y103.013 E.00482
G1 X103.103 Y102.99 E.00482
;WIDTH:0.61975
G1 X103.193 Y102.966 E.00447
;WIDTH:0.573029
G1 X103.282 Y102.943 E.00405
;WIDTH:0.526308
G1 X127.519 Y102.943 E.97418
G1 E-3.5 F3600
;WIPE_START
G1 F7200
G1 X124.361 Y102.943 E-1.5
;WIPE_END
G1 X127.617 Y107.537 F9000
G1 E5 F2400
;TYPE:Internal infill
;WIDTH:0.44
G1 F2878
G1 X127.617 Y105.154 E.07868
G1 X125.846 Y103.383 E.08269
G1 X127.617 Y103.383 E.05847
G1 X103.383 Y127.617 E1.13157
G1 X103.383 Y125.846 E.05847
G1 X105.154 Y127.617 E.08269
G1 X108.999 Y127.617 E.12695
G1 X127.617 Y108.999 E.86934
G1 X127.617 Y110.77 E.05847
G1 X120.23 Y103.383 E.34493
G1 X122.001 Y103.383 E.05847
G1 X103.383 Y122.001 E.86934
G1 X103.383 Y120.23 E.05847
G1 X110.77 Y127.617 E.34493
G1 X114.614 Y127.617 E.12692
G1 X127.617 Y114.614 E.60716
G1 X127.617 Y116.386 E.05851
G1 X114.614 Y103.383 E.60716
G1 X116.386 Y103.383 E.05851
G1 X103.383 Y116.386 E.60716
G1 X103.383 Y114.614 E.05851
G1 X116.386 Y127.617 E.60716
G1 X120.23 Y127.617 E.12692
G1 X127.617 Y120.23 E.34493
G1 X127.617 Y122.001 E.05847
G1 X108.999 Y103.383 E.86934
G1 X110.77 Y103.383 E.05847
G1 X103.383 Y110.77 E.34493
G1 X103.383 Y108.999 E.05847
G1 X122.001 Y127.617 E.86934
G1 X124.384 Y127.617 E.07868
G1 E-3.5 F3600
;WIPE_START
G1 F7200
G1 X122.001 Y127.617 E-1.13192
G1 X121.453 Y127.069 E-.36808
;WIPE_END
G1 X127.617 Y123.463 F9000
G1 E5 F2400
G1 F2878
G1 X127.617 Y125.846 E.07868
G1 X125.846 Y127.617 E.08269
G1 X127.617 Y127.617 E.05847
G1 X103.383 Y103.383 E1.13157
G1 X105.154 Y103.383 E.05847
G1 X103.383 Y105.154 E.08269
G1 X103.383 Y107.537 E.07868
;LAYER_CHANGE
;Z:1.4
;HEIGHT:0.2
;BEFORE_LAYER_CHANGE
G92 E0
;1.4


G1 E-3.5 F3600
;WIPE_START
G1 F7200
G1 X103.383 Y105.154 E-1.13193
G1 X103.931 Y104.606 E-.36807
;WIPE_END
G1 Z1.4 F9000
;AFTER_LAYER_CHANGE
;1.4
G1 X102.794 Y102.794
G1 E5 F2400
;TYPE:Perimeter
;WIDTH:0.439999
G1 X128.206 Y102.794 E.83903
G1 X128.206 Y128.206 E.83903
G1 X102.794 Y128.206 E.83903
G1 X102.794 Y102.854 E.83705
G1 X102.397 Y102.397 F9000
G1 F2400
G1 X128.603 Y102.397 E.86525
G1 X128.603 Y128.603 E.86525
G1 X102.397 Y128.603 E.86525
G1 X102.397 Y102.457 E.86327
G1 X102.01 Y102.01 F9000
;TYPE:External perimeter
;WIDTH:0.419999
G1 F1500
G1 X128.99 Y102.01 E.84594
G1 X128.99 Y128.99 E.84594
G1 X102.01 Y128.99 E.84594
G1 X102.01 Y102.07 E.84406
G1 E-3.5 F3600
;WIPE_START
G1 F7200
G1 X102.01 Y102.01 E-.0285
G1 X105.108 Y102.01 E-1.4715
;WIPE_END
G1 X107.337 Y103.583 F9000
G1 E5 F2400
;TYPE:Internal infill
;WIDTH:0.44
G1 F2853
G1 X104.954 Y103.583 E.07868
G1 X103.583 Y104.954 E.06402
G1 X103.583 Y103.583 E.04527
G1 X127.417 Y127.417 E1.11289
G1 X126.046 Y127.417 E.04527
G1 X127.417 Y126.046 E.06402
G1 X127.417 Y121.801 E.14016
G1 X109.199 Y103.583 E.85066
G1 X110.57 Y103.583 E.04527
G1 X103.583 Y110.57 E.32625
G1 X103.583 Y109.199 E.04527
G1 X121.801 Y127.417 E.85066
G1 X120.43 Y127.417 E.04527
G1 X127.417 Y120.43 E.32625
G1 X127.417 Y118.047 E.07868
G1 E-3.5 F3600
;WIPE_START
G1 F7200
G1 X127.417 Y120.43 E-1.13193
G1 X126.869 Y120.978 E-.36807
;WIPE_END
G1 X118.568 Y127.417 F9000
G1 E5 F2400
G1 F2853
G1 X116.186 Y127.417 E.07865
G1 X103.583 Y114.814 E.58848
G1 X103.583 Y116.186 E.0453
G1 X116.186 Y103.583 E.58848
G1 X114.814 Y103.583 E.0453
G1 X127.417 Y116.186 E.58848
G1 X127.417 Y114.814 E.0453
G1 X114.814 Y127.417 E.58848
G1 X110.57 Y127.417 E.14013
G1 X103.583 Y120.43 E.32625
G1 X103.583 Y121.801 E.04527
G1 X121.801 Y103.583 E.85066
G1 X120.43 Y103.583 E.04527
G1 X127.417 Y110.57 E.32625
G1 X127.417 Y109.199 E.04527
G1 X109.199 Y127.417 E.85066
G1 X104.954 Y127.417 E.14016
G1 X103.583 Y126.046 E.06402
G1 X103.583 Y127.417 E.04527
G1 X127.417 Y103.583 E1.11289
G1 X127.417 Y104.954 E.04527
G1 X126.046 Y103.583 E.06402
G1 X123.663 Y103.583 E.07868
G1 E-3.5 F3600
;WIPE_START
G1 F7200
G1 X126.046 Y103.583 E-1.13193
G1 X126.594 Y104.131 E-.36807
;WIPE_END
G1 X103.143 Y127.518 F9000
G1 E5 F2400
;TYPE:Solid infill
;WIDTH:0.52631
G1 X103.143 Y103.482 E.9661
;WIDTH:0.573028
G1 X103.166 Y103.393 E.00405
;WIDTH:0.619748
G1 X103.19 Y103.303 E.00447
;WIDTH:0.666468
G1 X103.213 Y103.213 E.00482
G1 X103.303 Y103.19 E.00482
;WIDTH:0.619748
G1 X103.393 Y103.166 E.00447
;WIDTH:0.573027
G1 X103.482 Y103.143 E.00405
;WIDTH:0.526306
G1 X127.518 Y103.143 E.9661
;WIDTH:0.573028
G1 X127.607 Y103.166 E.00405
;WIDTH:0.61975
G1 X127.697 Y103.19 E.00447
;WIDTH:0.666472
G1 X127.787 Y103.213 E.00482
G1 X127.81 Y103.291 E.00422
;WIDTH:0.619751
G1 X127.834 Y103.37 E.00396
;WIDTH:0.57303
G1 X127.857 Y103.448 E.00358
;WIDTH:0.526308
G1 X127.857 Y127.518 E.96747
;WIDTH:0.57303
G1 X127.834 Y127.607 E.00405
;WIDTH:0.619751
G1 X127.81 Y127.697 E.00447
;WIDTH:0.666472
G1 X127.787 Y127.787 E.00482
G1 X127.697 Y127.81 E.00482
;WIDTH:0.619751
G1 X127.607 Y127.834 E.00447
;WIDTH:0.57303
G1 X127.518 Y127.857 E.00405
;WIDTH:0.526308
G1 X103.482 Y127.857 E.9661
;WIDTH:0.57303
G1 X103.393 Y127.834 E.00405
;WIDTH:0.619751
G1 X103.303 Y127.81 E.00447
;WIDTH:0.666472
G1 X103.213 Y127.787 E.00482
G1 X103.193 Y127.71 E.00412
;LAYER_CHANGE
;Z:1.6
;HEIGHT:0.2
;BEFORE_LAYER_CHANGE
G92 E0
;1.6


G1 E-3.5 F3600
;WIPE_START
G1 F7200
G1 X103.213 Y127.787 E-.03779
G1 X103.303 Y127.81 E-.04412
G1 X103.393 Y127.834 E-.04424
G1 X103.482 Y127.857 E-.04366
G1 X106.282 Y127.857 E-1.33019
;WIPE_END
G1 Z1.6 F9000
;AFTER_LAYER_CHANGE
;1.6
G1 X102.994 Y128.006
G1 E5 F2400
;TYPE:Perimeter
;WIDTH:0.439999
G1 X102.994 Y102.994 E.82583
G1 X128.006 Y102.994 E.82583
G1 X128.006 Y128.006 E.82583
G1 X103.054 Y128.006 E.82385
G1 X102.597 Y128.403 F9000
G1 F2400
G1 X102.597 Y102.597 E.85204
G1 X128.403 Y102.597 E.85204
G1 X128.403 Y128.403 E.85204
G1 X102.657 Y128.403 E.85006
G1 X102.21 Y128.79 F9000
;TYPE:External perimeter
;WIDTH:0.419999
G1 F1500
G1 X102.21 Y102.21 E.8334
G1 X128.79 Y102.21 E.8334
G1 X128.79 Y128.79 E.8334
G1 X102.27 Y128.79 E.83151
G1 E-3.5 F3600
;WIPE_START
G1 F7200
G1 X102.21 Y128.79 E-.0285
G1 X102.21 Y125.692 E-1.4715
;WIPE_END
G1 X123.984 Y127.217 F9000
G1 E5 F2400
;TYPE:Internal infill
;WIDTH:0.44
G1 F2646
G1 X121.601 Y127.217 E.07868
G1 X103.783 Y109.399 E.83199
G1 X103.783 Y110.37 E.03206
G1 X110.37 Y103.783 E.30757
G1 X109.399 Y103.783 E.03206
G1 X127.217 Y121.601 E.83199
G1 X127.217 Y120.63 E.03206
G1 X120.63 Y127.217 E.30757
G1 X115.986 Y127.217 E.15333
G1 X103.783 Y115.014 E.5698
G1 X103.783 Y115.986 E.03209
G1 X115.986 Y103.783 E.5698
G1 X115.014 Y103.783 E.03209
G1 X127.217 Y115.986 E.5698
G1 X127.217 Y115.014 E.03209
G1 X115.014 Y127.217 E.5698
G1 X110.37 Y127.217 E.15333
G1 X103.783 Y120.63 E.30757
G1 X103.783 Y121.601 E.03206
G1 X121.601 Y103.783 E.83199
G1 X120.63 Y103.783 E.03206
G1 X127.217 Y110.37 E.30757
G1 X127.217 Y109.399 E.03206
G1 X109.399 Y127.217 E.83199
G1 X104.754 Y127.217 E.15337
G1 X103.783 Y126.246 E.04534
G1 X103.783 Y127.217 E.03206
G1 X127.217 Y103.783 E1.09422
G1 X127.217 Y104.754 E.03206
G1 X126.246 Y103.783 E.04534
G1 X123.863 Y103.783 E.07868
G1 E-3.5 F3600
;WIPE_START
G1 F7200
G1 X126.246 Y103.783 E-1.13193
G1 X126.794 Y104.331 E-.36807
;WIPE_END
G1 X127.318 Y103.343 F9000
G1 E5 F2400
;TYPE:Solid infill
;WIDTH:0.573027
G1 X127.407 Y103.366 E.00405
;WIDTH:0.619748
G1 X127.497 Y103.39 E.00447
;WIDTH:0.666468
G1 X127.587 Y103.413 E.00482
G1 X127.61 Y103.503 E.00482
;WIDTH:0.619748
G1 X127.634 Y103.593 E.00447
;WIDTH:0.573028
G1 X127.657 Y103.682 E.00405
;WIDTH:0.526308
G1 X127.657 Y127.318 E.95002
;WIDTH:0.573028
G1 X127.634 Y127.407 E.00405
;WIDTH:0.619749
G1 X127.61 Y127.497 E.00447
;WIDTH:0.66647
G1 X127.587 Y127.587 E.00482
G1 X127.509 Y127.61 E.00422
;WIDTH:0.619749
G1 X127.431 Y127.634 E.00391
;WIDTH:0.573028
G1 X127.352 Y127.657 E.00363
;WIDTH:0.52631
G1 X103.682 Y127.657 E.95139
;WIDTH:0.57303
G1 X103.593 Y127.634 E.00405
;WIDTH:0.619749
G1 X103.503 Y127.61 E.00447
;WIDTH:0.666468
G1 X103.413 Y127.587 E.00482
G1 X103.39 Y127.497 E.00482
;WIDTH:0.619748
G1 X103.366 Y127.407 E.00447
;WIDTH:0.573027
G1 X103.343 Y127.318 E.00405
;WIDTH:0.526308
G1 X103.343 Y103.682 E.95002
;WIDTH:0.573029
G1 X103.366 Y103.593 E.00405
;WIDTH:0.61975
G1 X103.39 Y103.503 E.00447
;WIDTH:0.66647
G1 X103.413 Y103.413 E.00482
G1 X103.503 Y103.39 E.00482
;WIDTH:0.61975
G1 X103.593 Y103.366 E.00447
;WIDTH:0.573029
G1 X103.682 Y103.343 E.00405
;WIDTH:0.526308
G1 X127.119 Y103.343 E.94202
G1 E-3.5 F3600
;WIPE_START
G1 F7200
G1 X123.961 Y103.343 E-1.5
;WIPE_END
G1 X107.137 Y103.783 F9000
G1 E5 F2400
;TYPE:Internal infill
;WIDTH:0.44
G1 F2646
G1 X104.754 Y103.783 E.07868
G1 X103.783 Y104.754 E.04534
G1 X103.783 Y103.783 E.03206
G1 X127.217 Y127.217 E1.09422
G1 X126.246 Y127.217 E.03206
G1 X127.217 Y126.246 E.04534
G1 X127.217 Y123.863 E.07868
;LAYER_CHANGE
;Z:1.8
;HEIGHT:0.2
;BEFORE_LAYER_CHANGE
G92 E0
;1.8


G1 E-3.5 F3600
;WIPE_START
G1 F7200
G1 X127.217 Y126.246 E-1.13193
G1 X126.669 Y126.794 E-.36807
;WIPE_END
G1 Z1.8 F9000
;AFTER_LAYER_CHANGE
;1.8
G1 X127.806 Y127.806
G1 E5 F2400
;TYPE:Perimeter
;WIDTH:0.439999
G1 X103.194 Y127.806 E.81262
G1 X103.194 Y103.194 E.81262
G1 X127.806 Y103.194 E.81262
G1 X127.806 Y127.746 E.81064
G1 X128.203 Y128.203 F9000
G1 F2400
G1 X102.797 Y128.203 E.83884
G1 X102.797 Y102.797 E.83884
G1 X128.203 Y102.797 E.83884
G1 X128.203 Y128.143 E.83686
G1 X128.59 Y128.59 F9000
;TYPE:External perimeter
;WIDTH:0.419999
G1 F1500
G1 X102.41 Y128.59 E.82085
G1 X102.41 Y102.41 E.82085
G1 X128.59 Y102.41 E.82085
G1 X128.59 Y128.53 E.81897
G1 E-3.5 F3600
;WIPE_START
G1 F7200
G1 X128.59 Y128.59 E-.0285
G1 X125.492 Y128.59 E-1.4715
;WIPE_END
G1 X127.017 Y124.063 F9000
G1 E5 F2400
;TYPE:Internal infill
;WIDTH:0.44
G1 F2471
G1 X127.017 Y126.446 E.07868
G1 X126.446 Y127.017 E.02666
G1 X127.017 Y127.017 E.01885
G1 X103.983 Y103.983 E1.07554
G1 X104.554 Y103.983 E.01885
G1 X103.983 Y104.554 E.02666
G1 X103.983 Y106.937 E.07868
G1 E-3.5 F3600
;WIPE_START
G1 F7200
G1 X103.983 Y104.554 E-1.13192
G1 X104.531 Y104.006 E-.36808
;WIPE_END
G1 X103.543 Y127.118 F9000
G1 E5 F2400
;TYPE:Solid infill
;WIDTH:0.526306
G1 X103.543 Y103.882 E.93394
;WIDTH:0.573027
G1 X103.566 Y103.793 E.00405
;WIDTH:0.619748
G1 X103.59 Y103.703 E.00447
;WIDTH:0.666468
G1 X103.613 Y103.613 E.00482
G1 X103.703 Y103.59 E.00482
;WIDTH:0.619748
G1 X103.793 Y103.566 E.00447
;WIDTH:0.573027
G1 X103.882 Y103.543 E.00405
;WIDTH:0.526306
G1 X127.118 Y103.543 E.93394
;WIDTH:0.573028
G1 X127.207 Y103.566 E.00405
;WIDTH:0.619749
G1 X127.297 Y103.59 E.00447
;WIDTH:0.66647
G1 X127.387 Y103.613 E.00482
G1 X127.41 Y103.691 E.00422
;WIDTH:0.619749
G1 X127.434 Y103.77 E.00396
;WIDTH:0.573028
G1 X127.457 Y103.848 E.00358
;WIDTH:0.526306
G1 X127.457 Y127.118 E.93531
;WIDTH:0.573026
G1 X127.434 Y127.207 E.00405
;WIDTH:0.619746
G1 X127.41 Y127.297 E.00447
;WIDTH:0.666466
G1 X127.387 Y127.387 E.00482
G1 X127.297 Y127.41 E.00482
;WIDTH:0.619746
G1 X127.207 Y127.434 E.00447
;WIDTH:0.573026
G1 X127.118 Y127.457 E.00405
;WIDTH:0.526306
G1 X103.882 Y127.457 E.93394
;WIDTH:0.573027
G1 X103.793 Y127.434 E.00405
;WIDTH:0.619748
G1 X103.703 Y127.41 E.00447
;WIDTH:0.666468
G1 X103.613 Y127.387 E.00482
G1 X103.593 Y127.31 E.00412
G1 E-3.5 F3600
;WIPE_START
G1 F7200
G1 X103.613 Y127.387 E-.03779
G1 X103.703 Y127.41 E-.04412
G1 X103.793 Y127.434 E-.04424
G1 X103.882 Y127.457 E-.04366
G1 X106.682 Y127.457 E-1.33019
;WIPE_END
G1 X123.784 Y127.017 F9000
G1 E5 F2400
;TYPE:Internal infill
;WIDTH:0.44
G1 F2471
G1 X121.401 Y127.017 E.07868
G1 X103.983 Y109.599 E.81331
G1 X103.983 Y110.17 E.01885
G1 X110.17 Y103.983 E.28889
G1 X109.599 Y103.983 E.01885
G1 X127.017 Y121.401 E.81331
G1 X127.017 Y120.83 E.01885
G1 X120.83 Y127.017 E.28889
G1 X115.786 Y127.017 E.16654
G1 X103.983 Y115.214 E.55112
G1 X103.983 Y115.786 E.01889
G1 X115.786 Y103.983 E.55112
G1 X115.214 Y103.983 E.01889
G1 X127.017 Y115.786 E.55112
G1 X127.017 Y115.214 E.01889
G1 X115.214 Y127.017 E.55112
G1 X110.17 Y127.017 E.16654
G1 X103.983 Y120.83 E.28889
G1 X103.983 Y121.401 E.01885
G1 X121.401 Y103.983 E.81331
G1 X120.83 Y103.983 E.01885
G1 X127.017 Y110.17 E.28889
G1 X127.017 Y109.599 E.01885
G1 X109.599 Y127.017 E.81331
G1 X104.554 Y127.017 E.16657
G1 X103.983 Y126.446 E.02666
G1 X103.983 Y127.017 E.01885
G1 X127.017 Y103.983 E1.07554
G1 X126.446 Y103.983 E.01885
G1 X127.017 Y104.554 E.02666
G1 X127.017 Y106.937 E.07868
;LAYER_CHANGE
;Z:2
;HEIGHT:0.2
;BEFORE_LAYER_CHANGE
G92 E0
;2


G1 E-3.5 F3600
;WIPE_START
G1 F7200
G1 X127.017 Y104.554 E-1.13192
G1 X126.469 Y104.006 E-.36808
;WIPE_END
G1 Z2 F9000
;AFTER_LAYER_CHANGE
;2
G1 X127.606 Y103.394
G1 E5 F2400
;TYPE:Perimeter
;WIDTH:0.439999
G1 F2238
G1 X127.606 Y127.606 E.79941
G1 X103.394 Y127.606 E.79941
G1 X103.394 Y103.394 E.79941
G1 X127.546 Y103.394 E.79743
G1 X128.003 Y102.997 F9000
G1 F2238
G1 X128.003 Y128.003 E.82563
G1 X102.997 Y128.003 E.82563
G1 X102.997 Y102.997 E.82563
G1 X127.943 Y102.997 E.82365
G1 X128.39 Y102.61 F9000
;TYPE:External perimeter
;WIDTH:0.419999
G1 F1500
G1 X128.39 Y128.39 E.80831
G1 X102.61 Y128.39 E.80831
G1 X102.61 Y102.61 E.80831
G1 X128.33 Y102.61 E.80643
G1 X126.918 Y103.743 F9000
;TYPE:Solid infill
;WIDTH:0.573027
G1 F2238
G1 X127.007 Y103.766 E.00405
;WIDTH:0.619748
G1 X127.097 Y103.79 E.00447
;WIDTH:0.666468
G1 X127.187 Y103.813 E.00482
G1 X127.21 Y103.903 E.00482
;WIDTH:0.619748
G1 X127.234 Y103.993 E.00447
;WIDTH:0.573028
G1 X127.257 Y104.082 E.00405
;WIDTH:0.526308
G1 X127.257 Y126.918 E.91787
;WIDTH:0.573028
G1 X127.234 Y127.007 E.00405
;WIDTH:0.61975
G1 X127.21 Y127.097 E.00447
;WIDTH:0.666472
G1 X127.187 Y127.187 E.00482
G1 X127.109 Y127.21 E.00422
;WIDTH:0.61975
G1 X127.031 Y127.234 E.00391
;WIDTH:0.573028
G1 X126.952 Y127.257 E.00363
;WIDTH:0.526308
G1 X104.082 Y127.257 E.91923
;WIDTH:0.573028
G1 X103.993 Y127.234 E.00405
;WIDTH:0.619748
G1 X103.903 Y127.21 E.00447
;WIDTH:0.666468
G1 X103.813 Y127.187 E.00482
G1 X103.79 Y127.097 E.00482
;WIDTH:0.619748
G1 X103.766 Y127.007 E.00447
;WIDTH:0.573027
G1 X103.743 Y126.918 E.00405
;WIDTH:0.526308
G1 X103.743 Y104.082 E.91787
;WIDTH:0.57303
G1 X103.766 Y103.993 E.00405
;WIDTH:0.619751
G1 X103.79 Y103.903 E.00447
;WIDTH:0.666472
G1 X103.813 Y103.813 E.00482
G1 X103.903 Y103.79 E.00482
;WIDTH:0.619751
G1 X103.993 Y103.766 E.00447
;WIDTH:0.57303
G1 X104.082 Y103.743 E.00405
;WIDTH:0.526308
G1 X126.719 Y103.743 E.90987
G1 E-3.5 F3600
;WIPE_START
G1 F7200
G1 X123.561 Y103.743 E-1.5
;WIPE_END
G1 X124.434 Y104.183 F9000
G1 E5 F2400
;TYPE:Internal infill
;WIDTH:0.44
G1 F2238
G1 X126.817 Y104.183 E.07868
G1 X104.183 Y126.817 E1.05686
G1 X109.799 Y126.817 E.18543
G1 X126.817 Y109.799 E.79463
G1 X126.817 Y109.97 E.00565
G1 X121.03 Y104.183 E.27022
G1 X121.201 Y104.183 E.00565
G1 X104.183 Y121.201 E.79463
G1 X104.183 Y121.03 E.00565
G1 X109.97 Y126.817 E.27022
G1 X115.414 Y126.817 E.17975
G1 X126.817 Y115.414 E.53245
G1 X126.817 Y115.586 E.00568
G1 X115.414 Y104.183 E.53245
G1 X115.586 Y104.183 E.00568
G1 X104.183 Y115.586 E.53245
G1 X104.183 Y115.414 E.00568
G1 X115.586 Y126.817 E.53245
G1 X121.03 Y126.817 E.17975
G1 X126.817 Y121.03 E.27022
G1 X126.817 Y121.201 E.00565
G1 X109.799 Y104.183 E.79463
G1 X109.97 Y104.183 E.00565
G1 X104.183 Y109.97 E.27022
G1 X104.183 Y109.799 E.00565
G1 X121.201 Y126.817 E.79463
G1 X126.817 Y126.817 E.18543
G1 X104.183 Y104.183 E1.05686
G1 X106.566 Y104.183 E.07868
;LAYER_CHANGE
;Z:2.2
;HEIGHT:0.2
;BEFORE_LAYER_CHANGE
G92 E0
;2.2


G1 E-3.5 F3600
;WIPE_START
G1 F7200
G1 X104.183 Y104.183 E-1.13192
G1 X104.731 Y104.731 E-.36808
;WIPE_END
G1 Z2.2 F9000
;AFTER_LAYER_CHANGE
;2.2
G1 X103.594 Y103.594
G1 E5 F2400
;TYPE:Perimeter
;WIDTH:0.439999
G1 F2234
G1 X127.406 Y103.594 E.78621
G1 X127.406 Y127.406 E.78621
G1 X103.594 Y127.406 E.78621
G1 X103.594 Y103.654 E.78423
G1 X103.197 Y103.197 F9000
G1 F2234
G1 X127.803 Y103.197 E.81242
G1 X127.803 Y127.803 E.81242
G1 X103.197 Y127.803 E.81242
G1 X103.197 Y103.257 E.81044
G1 X102.81 Y102.81 F9000
;TYPE:External perimeter
;WIDTH:0.419999
G1 F1500
G1 X128.19 Y102.81 E.79577
G1 X128.19 Y128.19 E.79577
G1 X102.81 Y128.19 E.79577
G1 X102.81 Y102.87 E.79389
G1 X103.943 Y104.282 F9000
;TYPE:Solid infill
;WIDTH:0.57303
G1 F2234
G1 X103.966 Y104.193 E.00405
;WIDTH:0.619751
G1 X103.99 Y104.103 E.00447
;WIDTH:0.666472
G1 X104.013 Y104.013 E.00482
G1 X104.103 Y103.99 E.00482
;WIDTH:0.619752
G1 X104.193 Y103.966 E.00447
;WIDTH:0.573031
G1 X104.282 Y103.943 E.00405
;WIDTH:0.52631
G1 X126.718 Y103.943 E.90179
;WIDTH:0.57303
G1 X126.807 Y103.966 E.00405
;WIDTH:0.619751
G1 X126.897 Y103.99 E.00447
;WIDTH:0.666472
G1 X126.987 Y104.013 E.00482
G1 X127.01 Y104.091 E.00422
;WIDTH:0.61975
G1 X127.034 Y104.17 E.00396
;WIDTH:0.573028
G1 X127.057 Y104.248 E.00358
;WIDTH:0.526308
G1 X127.057 Y126.718 E.90316
;WIDTH:0.573028
G1 X127.034 Y126.807 E.00405
;WIDTH:0.619748
G1 X127.01 Y126.897 E.00447
;WIDTH:0.666468
G1 X126.987 Y126.987 E.00482
G1 X126.897 Y127.01 E.00482
;WIDTH:0.619748
G1 X126.807 Y127.034 E.00447
;WIDTH:0.573028
G1 X126.718 Y127.057 E.00405
;WIDTH:0.526308
G1 X104.282 Y127.057 E.90179
;WIDTH:0.57303
G1 X104.193 Y127.034 E.00405
;WIDTH:0.619751
G1 X104.103 Y127.01 E.00447
;WIDTH:0.666472
G1 X104.013 Y126.987 E.00482
G1 X103.99 Y126.897 E.00482
;WIDTH:0.619751
G1 X103.966 Y126.807 E.00447
;WIDTH:0.57303
G1 X103.943 Y126.718 E.00405
;WIDTH:0.526308
G1 X103.943 Y104.481 E.89379
G1 E-3.5 F3600
;WIPE_START
G1 F7200
G1 X103.943 Y107.639 E-1.5
;WIPE_END
G1 X112.381 Y104.383 F9000
G1 E5 F2400
;TYPE:Internal infill
;WIDTH:0.44
G1 F2234
G1 X109.999 Y104.383 E.07865
G1 X126.617 Y121.001 E.77595
G1 X126.617 Y121.23 E.00756
G1 X121.23 Y126.617 E.25154
G1 X121.001 Y126.617 E.00756
G1 X104.383 Y109.999 E.77595
G1 X104.383 Y109.77 E.00756
G1 X109.77 Y104.383 E.25154
G1 X104.383 Y104.383 E.17786
G1 X126.617 Y126.617 E1.03818
G1 X124.234 Y126.617 E.07868
G1 E-3.5 F3600
;WIPE_START
G1 F7200
G1 X126.617 Y126.617 E-1.13192
G1 X126.069 Y126.069 E-.36808
;WIPE_END
G1 X126.617 Y106.766 F9000
G1 E5 F2400
G1 F2234
G1 X126.617 Y104.383 E.07868
G1 X104.383 Y126.617 E1.03818
G1 X104.383 Y121.23 E.17786
G1 X109.77 Y126.617 E.25154
G1 X109.999 Y126.617 E.00756
G1 X126.617 Y109.999 E.77595
G1 X126.617 Y109.77 E.00756
G1 X121.23 Y104.383 E.25154
G1 X121.001 Y104.383 E.00756
G1 X104.383 Y121.001 E.77595
G1 X104.383 Y115.614 E.17786
G1 X115.386 Y126.617 E.51377
G1 X115.614 Y126.617 E.00753
G1 X126.617 Y115.614 E.51377
G1 X126.617 Y115.386 E.00753
G1 X115.614 Y104.383 E.51377
G1 X115.386 Y104.383 E.00753
G1 X104.383 Y115.386 E.51377
G1 X104.383 Y113.003 E.07868
;LAYER_CHANGE
;Z:2.4
;HEIGHT:0.2
;BEFORE_LAYER_CHANGE
G92 E0
;2.4


G1 E-3.5 F3600
;WIPE_START
G1 F7200
G1 X104.383 Y115.386 E-1.13192
G1 X104.931 Y114.838 E-.36808
;WIPE_END
G1 Z2.4 F9000
;AFTER_LAYER_CHANGE
;2.4
G1 X103.794 Y103.794
G1 E5 F2400
;TYPE:Perimeter
;WIDTH:0.439999
G1 F2203
G1 X127.206 Y103.794 E.773
G1 X127.206 Y127.206 E.773
G1 X103.794 Y127.206 E.773
G1 X103.794 Y103.854 E.77102
G1 X103.397 Y103.397 F9000
G1 F2203
G1 X127.603 Y103.397 E.79922
G1 X127.603 Y127.603 E.79922
G1 X103.397 Y127.603 E.79922
G1 X103.397 Y103.457 E.79723
G1 X103.01 Y103.01 F9000
;TYPE:External perimeter
;WIDTH:0.419999
G1 F1500
G1 X127.99 Y103.01 E.78323
G1 X127.99 Y127.99 E.78323
G1 X103.01 Y127.99 E.78323
G1 X103.01 Y103.07 E.78135
G1 E-3.5 F3600
;WIPE_START
G1 F7200
G1 X103.01 Y103.01 E-.0285
G1 X106.108 Y103.01 E-1.4715
;WIPE_END
G1 X124.034 Y104.583 F9000
G1 E5 F2400
;TYPE:Internal infill
;WIDTH:0.44
G1 F2203
G1 X126.417 Y104.583 E.07868
G1 X104.583 Y126.417 E1.01951
G1 X104.583 Y121.43 E.16466
G1 X109.57 Y126.417 E.23286
G1 X110.199 Y126.417 E.02077
G1 X126.417 Y110.199 E.75728
G1 X126.417 Y109.57 E.02077
G1 X121.43 Y104.583 E.23286
G1 X120.801 Y104.583 E.02077
G1 X104.583 Y120.801 E.75728
G1 X104.583 Y115.814 E.16466
G1 X115.186 Y126.417 E.49509
G1 X115.814 Y126.417 E.02073
G1 X126.417 Y115.814 E.49509
G1 X126.417 Y115.186 E.02073
G1 X115.814 Y104.583 E.49509
G1 X115.186 Y104.583 E.02073
G1 X104.583 Y115.186 E.49509
G1 X104.583 Y110.199 E.16466
G1 X120.801 Y126.417 E.75728
G1 X121.43 Y126.417 E.02077
G1 X126.417 Y121.43 E.23286
G1 X126.417 Y120.801 E.02077
G1 X110.199 Y104.583 E.75728
G1 X109.57 Y104.583 E.02077
G1 X104.583 Y109.57 E.23286
G1 X104.583 Y104.583 E.16466
G1 X126.417 Y126.417 E1.01951
G1 X124.034 Y126.417 E.07868
G1 E-3.5 F3600
;WIPE_START
G1 F7200
G1 X126.417 Y126.417 E-1.13192
G1 X125.869 Y125.869 E-.36808
;WIPE_END
G1 X126.518 Y104.143 F9000
G1 E5 F2400
;TYPE:Solid infill
;WIDTH:0.57303
G1 F2203
G1 X126.607 Y104.166 E.00405
;WIDTH:0.619751
G1 X126.697 Y104.19 E.00447
;WIDTH:0.666472
G1 X126.787 Y104.213 E.00482
G1 X126.81 Y104.303 E.00482
;WIDTH:0.619752
G1 X126.834 Y104.393 E.00447
;WIDTH:0.573031
G1 X126.857 Y104.482 E.00405
;WIDTH:0.52631
G1 X126.857 Y126.518 E.88572
;WIDTH:0.57303
G1 X126.834 Y126.607 E.00405
;WIDTH:0.619751
G1 X126.81 Y126.697 E.00447
;WIDTH:0.666472
G1 X126.787 Y126.787 E.00482
G1 X126.709 Y126.81 E.00422
;WIDTH:0.619751
G1 X126.63 Y126.834 E.00396
;WIDTH:0.57303
G1 X126.552 Y126.857 E.00358
;WIDTH:0.52631
G1 X104.482 Y126.857 E.88708
;WIDTH:0.573031
G1 X104.393 Y126.834 E.00405
;WIDTH:0.619752
G1 X104.303 Y126.81 E.00447
;WIDTH:0.666472
G1 X104.213 Y126.787 E.00482
G1 X104.19 Y126.697 E.00482
;WIDTH:0.619751
G1 X104.166 Y126.607 E.00447
;WIDTH:0.57303
G1 X104.143 Y126.518 E.00405
;WIDTH:0.52631
G1 X104.143 Y104.482 E.88572
;WIDTH:0.573031
G1 X104.166 Y104.393 E.00405
;WIDTH:0.619752
G1 X104.19 Y104.303 E.00447
;WIDTH:0.666472
G1 X104.213 Y104.213 E.00482
G1 X104.303 Y104.19 E.00482
;WIDTH:0.619752
G1 X104.393 Y104.166 E.00447
;WIDTH:0.573031
G1 X104.482 Y104.143 E.00405
;WIDTH:0.52631
G1 X126.319 Y104.143 E.87772
;LAYER_CHANGE
;Z:2.6
;HEIGHT:0.2
;BEFORE_LAYER_CHANGE
G92 E0
;2.6


G1 E-3.5 F3600
;WIPE_START
G1 F7200
G1 X123.161 Y104.143 E-1.5
;WIPE_END
G1 Z2.6 F9000
;AFTER_LAYER_CHANGE
;2.6
G1 X127.006 Y103.994
G1 E5 F2400
;TYPE:Perimeter
;WIDTH:0.439999
G1 F2171
G1 X127.006 Y127.006 E.75979
G1 X103.994 Y127.006 E.75979
G1 X103.994 Y103.994 E.75979
G1 X126.946 Y103.994 E.75781
G1 X127.403 Y103.597 F9000
G1 F2171
G1 X127.403 Y127.403 E.78601
G1 X103.597 Y127.403 E.78601
G1 X103.597 Y103.597 E.78601
G1 X127.343 Y103.597 E.78403
G1 X127.79 Y103.21 F9000
;TYPE:External perimeter
;WIDTH:0.419999
G1 F1500
G1 X127.79 Y127.79 E.77069
G1 X103.21 Y127.79 E.77069
G1 X103.21 Y103.21 E.77069
G1 X127.73 Y103.21 E.76881
G1 E-3.5 F3600
;WIPE_START
G1 F7200
G1 X127.79 Y103.21 E-.0285
G1 X127.79 Y106.308 E-1.4715
;WIPE_END
G1 X126.217 Y107.166 F9000
G1 E5 F2400
;TYPE:Internal infill
;WIDTH:0.44
G1 F2171
G1 X126.217 Y104.783 E.07868
G1 X104.783 Y126.217 E1.00083
G1 X104.783 Y121.63 E.15145
G1 X109.37 Y126.217 E.21418
G1 X110.399 Y126.217 E.03397
G1 X126.217 Y110.399 E.7386
G1 X126.217 Y109.37 E.03397
G1 X121.63 Y104.783 E.21418
G1 X120.601 Y104.783 E.03397
G1 X104.783 Y120.601 E.7386
G1 X104.783 Y116.014 E.15145
G1 X114.986 Y126.217 E.47641
G1 X116.014 Y126.217 E.03394
G1 X126.217 Y116.014 E.47641
G1 X126.217 Y114.986 E.03394
G1 X116.014 Y104.783 E.47641
G1 X114.986 Y104.783 E.03394
G1 X104.783 Y114.986 E.47641
G1 X104.783 Y112.603 E.07868
G1 E-3.5 F3600
;WIPE_START
G1 F7200
G1 X104.783 Y114.986 E-1.13192
G1 X105.331 Y114.438 E-.36808
;WIPE_END
G1 X112.781 Y104.783 F9000
G1 E5 F2400
G1 F2171
G1 X110.399 Y104.783 E.07865
G1 X126.217 Y120.601 E.7386
G1 X126.217 Y121.63 E.03397
G1 X121.63 Y126.217 E.21418
G1 X120.601 Y126.217 E.03397
G1 X104.783 Y110.399 E.7386
G1 X104.783 Y109.37 E.03397
G1 X109.37 Y104.783 E.21418
G1 X104.783 Y104.783 E.15145
G1 X126.217 Y126.217 E1.00083
G1 X123.834 Y126.217 E.07868
G1 E-3.5 F3600
;WIPE_START
G1 F7200
G1 X126.217 Y126.217 E-1.13192
G1 X125.669 Y125.669 E-.36808
;WIPE_END
G1 X104.343 Y126.318 F9000
G1 E5 F2400
;TYPE:Solid infill
;WIDTH:0.526308
G1 F2171
G1 X104.343 Y104.682 E.86963
;WIDTH:0.573028
G1 X104.366 Y104.593 E.00405
;WIDTH:0.619748
G1 X104.39 Y104.503 E.00447
;WIDTH:0.666468
G1 X104.413 Y104.413 E.00482
G1 X104.503 Y104.39 E.00482
;WIDTH:0.619748
G1 X104.593 Y104.366 E.00447
;WIDTH:0.573028
G1 X104.682 Y104.343 E.00405
;WIDTH:0.526308
G1 X126.318 Y104.343 E.86963
;WIDTH:0.57303
G1 X126.407 Y104.366 E.00405
;WIDTH:0.619751
G1 X126.497 Y104.39 E.00447
;WIDTH:0.666472
G1 X126.587 Y104.413 E.00482
G1 X126.61 Y104.491 E.00422
;WIDTH:0.619751
G1 X126.634 Y104.569 E.00391
;WIDTH:0.57303
G1 X126.657 Y104.648 E.00363
;WIDTH:0.52631
G1 X126.657 Y126.318 E.871
;WIDTH:0.573031
G1 X126.634 Y126.407 E.00405
;WIDTH:0.619752
G1 X126.61 Y126.497 E.00447
;WIDTH:0.666472
G1 X126.587 Y126.587 E.00482
G1 X126.497 Y126.61 E.00482
;WIDTH:0.619751
G1 X126.407 Y126.634 E.00447
;WIDTH:0.57303
G1 X126.318 Y126.657 E.00405
;WIDTH:0.526308
G1 X104.682 Y126.657 E.86963
;WIDTH:0.57303
G1 X104.593 Y126.634 E.00405
;WIDTH:0.619751
G1 X104.503 Y126.61 E.00447
;WIDTH:0.666472
G1 X104.413 Y126.587 E.00482
G1 X104.393 Y126.51 E.00412
;LAYER_CHANGE
;Z:2.8
;HEIGHT:0.2
;BEFORE_LAYER_CHANGE
G92 E0
;2.8


G1 E-3.5 F3600
;WIPE_START
G1 F7200
G1 X104.413 Y126.587 E-.03779
G1 X104.503 Y126.61 E-.04412
G1 X104.593 Y126.634 E-.04424
G1 X104.682 Y126.657 E-.04366
G1 X107.482 Y126.657 E-1.33019
;WIPE_END
G1 Z2.8 F9000
;AFTER_LAYER_CHANGE
;2.8
G1 X104.194 Y126.806
G1 E5 F2400
;TYPE:Perimeter
;WIDTH:0.439999
G1 F2109
G1 X104.194 Y104.194 E.74659
G1 X126.806 Y104.194 E.74659
G1 X126.806 Y126.806 E.74659
G1 X104.254 Y126.806 E.74461
G1 X103.797 Y127.203 F9000
G1 F2109
G1 X103.797 Y103.797 E.7728
G1 X127.203 Y103.797 E.7728
G1 X127.203 Y127.203 E.7728
G1 X103.857 Y127.203 E.77082
G1 X103.41 Y127.59 F9000
;TYPE:External perimeter
;WIDTH:0.419999
G1 F1500
G1 X103.41 Y103.41 E.75815
G1 X127.59 Y103.41 E.75815
G1 X127.59 Y127.59 E.75815
G1 X103.47 Y127.59 E.75626
G1 E-3.5 F3600
;WIPE_START
G1 F7200
G1 X103.41 Y127.59 E-.0285
G1 X103.41 Y124.492 E-1.4715
;WIPE_END
G1 X104.983 Y112.403 F9000
G1 E5 F2400
;TYPE:Internal infill
;WIDTH:0.44
G1 F2109
G1 X104.983 Y114.786 E.07868
G1 X114.786 Y104.983 E.45774
G1 X116.214 Y104.983 E.04715
G1 X126.017 Y114.786 E.45774
G1 X126.017 Y116.214 E.04715
G1 X116.214 Y126.017 E.45774
G1 X114.786 Y126.017 E.04715
G1 X104.983 Y116.214 E.45774
G1 X104.983 Y120.401 E.13824
G1 X120.401 Y104.983 E.71992
G1 X121.83 Y104.983 E.04718
G1 X126.017 Y109.17 E.19551
G1 X126.017 Y110.599 E.04718
G1 X110.599 Y126.017 E.71992
G1 X109.17 Y126.017 E.04718
G1 X104.983 Y121.83 E.19551
G1 X104.983 Y126.017 E.13824
G1 X126.017 Y104.983 E.98215
G1 X126.017 Y107.366 E.07868
G1 E-3.5 F3600
;WIPE_START
G1 F7200
G1 X126.017 Y104.983 E-1.13192
G1 X125.469 Y105.531 E-.36808
;WIPE_END
G1 X126.118 Y104.543 F9000
G1 E5 F2400
;TYPE:Solid infill
;WIDTH:0.573027
G1 F2109
G1 X126.207 Y104.566 E.00405
;WIDTH:0.619748
G1 X126.297 Y104.59 E.00447
;WIDTH:0.666468
G1 X126.387 Y104.613 E.00482
G1 X126.41 Y104.703 E.00482
;WIDTH:0.619748
G1 X126.434 Y104.793 E.00447
;WIDTH:0.573028
G1 X126.457 Y104.882 E.00405
;WIDTH:0.526308
G1 X126.457 Y126.118 E.85356
;WIDTH:0.573028
G1 X126.434 Y126.207 E.00405
;WIDTH:0.619749
G1 X126.41 Y126.297 E.00447
;WIDTH:0.66647
G1 X126.387 Y126.387 E.00482
G1 X126.309 Y126.41 E.00422
;WIDTH:0.619749
G1 X126.231 Y126.434 E.00391
;WIDTH:0.573028
G1 X126.152 Y126.457 E.00363
;WIDTH:0.526308
G1 X104.882 Y126.457 E.85492
;WIDTH:0.573028
G1 X104.793 Y126.434 E.00405
;WIDTH:0.619748
G1 X104.703 Y126.41 E.00447
;WIDTH:0.666468
G1 X104.613 Y126.387 E.00482
G1 X104.59 Y126.297 E.00482
;WIDTH:0.619748
G1 X104.566 Y126.207 E.00447
;WIDTH:0.573027
G1 X104.543 Y126.118 E.00405
;WIDTH:0.526308
G1 X104.543 Y104.882 E.85356
;WIDTH:0.573029
G1 X104.566 Y104.793 E.00405
;WIDTH:0.61975
G1 X104.59 Y104.703 E.00447
;WIDTH:0.66647
G1 X104.613 Y104.613 E.00482
G1 X104.703 Y104.59 E.00482
;WIDTH:0.61975
G1 X104.793 Y104.566 E.00447
;WIDTH:0.573029
G1 X104.882 Y104.543 E.00405
;WIDTH:0.526308
G1 X125.919 Y104.543 E.84556
G1 E-3.5 F3600
;WIPE_START
G1 F7200
G1 X122.761 Y104.543 E-1.5
;WIPE_END
G1 X112.981 Y104.983 F9000
G1 E5 F2400
;TYPE:Internal infill
;WIDTH:0.44
G1 F2109
G1 X110.599 Y104.983 E.07865
G1 X126.017 Y120.401 E.71992
G1 X126.017 Y121.83 E.04718
G1 X121.83 Y126.017 E.19551
G1 X120.401 Y126.017 E.04718
G1 X104.983 Y110.599 E.71992
G1 X104.983 Y109.17 E.04718
G1 X109.17 Y104.983 E.19551
G1 X104.983 Y104.983 E.13824
G1 X126.017 Y126.017 E.98215
G1 X123.634 Y126.017 E.07868
;LAYER_CHANGE
;Z:3
;HEIGHT:0.2
;BEFORE_LAYER_CHANGE
G92 E0
;3


G1 E-3.5 F3600
;WIPE_START
G1 F7200
G1 X126.017 Y126.017 E-1.13192
G1 X125.469 Y125.469 E-.36808
;WIPE_END
G1 Z3 F9000
;AFTER_LAYER_CHANGE
;3
G1 X126.606 Y126.606
G1 E5 F2400
;TYPE:Perimeter
;WIDTH:0.439999
G1 F2025
G1 X104.394 Y126.606 E.73338
G1 X104.394 Y104.394 E.73338
G1 X126.606 Y104.394 E.73338
G1 X126.606 Y126.546 E.7314
G1 X127.003 Y127.003 F9000
G1 F2025
G1 X103.997 Y127.003 E.75959
G1 X103.997 Y103.997 E.75959
G1 X127.003 Y103.997 E.75959
G1 X127.003 Y126.943 E.75761
G1 X127.39 Y127.39 F9000
;TYPE:External perimeter
;WIDTH:0.419999
G1 F1500
G1 X103.61 Y127.39 E.7456
G1 X103.61 Y103.61 E.7456
G1 X127.39 Y103.61 E.7456
G1 X127.39 Y127.33 E.74372
G1 E-3.5 F3600
;WIPE_START
G1 F7200
G1 X127.39 Y127.39 E-.0285
G1 X124.292 Y127.39 E-1.4715
;WIPE_END
G1 X123.434 Y125.817 F9000
G1 E5 F2400
;TYPE:Internal infill
;WIDTH:0.44
G1 F2025
G1 X125.817 Y125.817 E.07868
G1 X105.183 Y105.183 E.96347
G1 X105.183 Y108.97 E.12504
G1 X108.97 Y105.183 E.17683
G1 X110.799 Y105.183 E.06039
G1 X125.817 Y120.201 E.70124
G1 X125.817 Y122.03 E.06039
G1 X122.03 Y125.817 E.17683
G1 X120.201 Y125.817 E.06039
G1 X105.183 Y110.799 E.70124
G1 X105.183 Y114.586 E.12504
G1 X114.586 Y105.183 E.43906
G1 X116.414 Y105.183 E.06036
G1 X125.817 Y114.586 E.43906
G1 X125.817 Y116.414 E.06036
G1 X116.414 Y125.817 E.43906
G1 X114.586 Y125.817 E.06036
G1 X105.183 Y116.414 E.43906
G1 X105.183 Y120.201 E.12504
G1 X120.201 Y105.183 E.70124
G1 X122.03 Y105.183 E.06039
G1 X125.817 Y108.97 E.17683
G1 X125.817 Y110.799 E.06039
G1 X110.799 Y125.817 E.70124
G1 X108.97 Y125.817 E.06039
G1 X105.183 Y122.03 E.17683
G1 X105.183 Y125.817 E.12504
G1 X125.817 Y105.183 E.96347
G1 X125.817 Y107.566 E.07868
G1 E-3.5 F3600
;WIPE_START
G1 F7200
G1 X125.817 Y105.183 E-1.13192
G1 X125.269 Y105.731 E-.36808
;WIPE_END
G1 X104.743 Y105.082 F9000
G1 E5 F2400
;TYPE:Solid infill
;WIDTH:0.573028
G1 F2025
G1 X104.766 Y104.993 E.00405
;WIDTH:0.619748
G1 X104.79 Y104.903 E.00447
;WIDTH:0.666468
G1 X104.813 Y104.813 E.00482
G1 X104.903 Y104.79 E.00482
;WIDTH:0.619748
G1 X104.993 Y104.766 E.00447
;WIDTH:0.573028
G1 X105.082 Y104.743 E.00405
;WIDTH:0.526308
G1 X125.918 Y104.743 E.83748
;WIDTH:0.573028
G1 X126.007 Y104.766 E.00405
;WIDTH:0.619749
G1 X126.097 Y104.79 E.00447
;WIDTH:0.66647
G1 X126.187 Y104.813 E.00482
G1 X126.21 Y104.891 E.00422
;WIDTH:0.619749
G1 X126.234 Y104.97 E.00396
;WIDTH:0.573028
G1 X126.257 Y105.048 E.00358
;WIDTH:0.526306
G1 X126.257 Y125.918 E.83884
;WIDTH:0.573027
G1 X126.234 Y126.007 E.00405
;WIDTH:0.619748
G1 X126.21 Y126.097 E.00447
;WIDTH:0.666468
G1 X126.187 Y126.187 E.00482
G1 X126.097 Y126.21 E.00482
;WIDTH:0.619748
G1 X126.007 Y126.234 E.00447
;WIDTH:0.573027
G1 X125.918 Y126.257 E.00405
;WIDTH:0.526306
G1 X105.082 Y126.257 E.83748
;WIDTH:0.573028
G1 X104.993 Y126.234 E.00405
;WIDTH:0.619749
G1 X104.903 Y126.21 E.00447
;WIDTH:0.66647
G1 X104.813 Y126.187 E.00482
G1 X104.79 Y126.097 E.00482
;WIDTH:0.61975
G1 X104.766 Y126.007 E.00447
;WIDTH:0.573029
G1 X104.743 Y125.918 E.00405
;WIDTH:0.526308
G1 X104.743 Y105.281 E.82948
;LAYER_CHANGE
;Z:3.2
;HEIGHT:0.2
;BEFORE_LAYER_CHANGE
G92 E0
;3.2


G1 E-3.5 F3600
;WIPE_START
G1 F7200
G1 X104.743 Y108.439 E-1.5
;WIPE_END
G1 Z3.2 F9000
;AFTER_LAYER_CHANGE
;3.2
G1 X104.594 Y104.594
G1 E5 F2400
;TYPE:Perimeter
;WIDTH:0.439999
G1 F1978
G1 X126.406 Y104.594 E.72017
G1 X126.406 Y126.406 E.72017
G1 X104.594 Y126.406 E.72017
G1 X104.594 Y104.654 E.71819
G1 X104.197 Y104.197 F9000
G1 F1978
G1 X126.803 Y104.197 E.74639
G1 X126.803 Y126.803 E.74639
G1 X104.197 Y126.803 E.74639
G1 X104.197 Y104.257 E.74441
G1 X103.81 Y103.81 F9000
;TYPE:External perimeter
;WIDTH:0.419999
G1 F1500
G1 X127.19 Y103.81 E.73306
G1 X127.19 Y127.19 E.73306
G1 X103.81 Y127.19 E.73306
G1 X103.81 Y103.87 E.73118
G1 E-3.5 F3600
;WIPE_START
G1 F7200
G1 X103.81 Y103.81 E-.0285
G1 X106.908 Y103.81 E-1.4715
;WIPE_END
G1 X125.718 Y104.943 F9000
G1 E5 F2400
;TYPE:Solid infill
;WIDTH:0.573027
G1 F1978
G1 X125.807 Y104.966 E.00405
;WIDTH:0.619748
G1 X125.897 Y104.99 E.00447
;WIDTH:0.666468
G1 X125.987 Y105.013 E.00482
G1 X126.01 Y105.103 E.00482
;WIDTH:0.619748
G1 X126.034 Y105.193 E.00447
;WIDTH:0.573028
G1 X126.057 Y105.282 E.00405
;WIDTH:0.526308
G1 X126.057 Y125.718 E.8214
;WIDTH:0.573028
G1 X126.034 Y125.807 E.00405
;WIDTH:0.61975
G1 X126.01 Y125.897 E.00447
;WIDTH:0.666472
G1 X125.987 Y125.987 E.00482
G1 X125.909 Y126.01 E.00422
;WIDTH:0.61975
G1 X125.831 Y126.034 E.00391
;WIDTH:0.573028
G1 X125.752 Y126.057 E.00363
;WIDTH:0.526308
G1 X105.282 Y126.057 E.82277
;WIDTH:0.573028
G1 X105.193 Y126.034 E.00405
;WIDTH:0.619748
G1 X105.103 Y126.01 E.00447
;WIDTH:0.666468
G1 X105.013 Y125.987 E.00482
G1 X104.99 Y125.897 E.00482
;WIDTH:0.619748
G1 X104.966 Y125.807 E.00447
;WIDTH:0.573028
G1 X104.943 Y125.718 E.00405
;WIDTH:0.526308
G1 X104.943 Y105.282 E.8214
;WIDTH:0.57303
G1 X104.966 Y105.193 E.00405
;WIDTH:0.619751
G1 X104.99 Y105.103 E.00447
;WIDTH:0.666472
G1 X105.013 Y105.013 E.00482
G1 X105.103 Y104.99 E.00482
;WIDTH:0.619751
G1 X105.193 Y104.966 E.00447
;WIDTH:0.57303
G1 X105.282 Y104.943 E.00405
;WIDTH:0.526308
G1 X125.519 Y104.943 E.8134
G1 E-3.5 F3600
;WIPE_START
G1 F7200
G1 X122.361 Y104.943 E-1.5
;WIPE_END
G1 X125.617 Y107.766 F9000
G1 E5 F2400
;TYPE:Internal infill
;WIDTH:0.44
G1 F1978
G1 X125.617 Y105.383 E.07868
G1 X105.383 Y125.617 E.9448
G1 X105.383 Y122.23 E.11183
G1 X108.77 Y125.617 E.15815
G1 X110.999 Y125.617 E.0736
G1 X125.617 Y110.999 E.68257
G1 X125.617 Y108.77 E.0736
G1 X122.23 Y105.383 E.15815
G1 X120.001 Y105.383 E.0736
G1 X105.383 Y120.001 E.68257
G1 X105.383 Y116.614 E.11183
G1 X114.386 Y125.617 E.42038
G1 X116.614 Y125.617 E.07356
G1 X125.617 Y116.614 E.42038
G1 X125.617 Y114.386 E.07356
G1 X116.614 Y105.383 E.42038
G1 X114.386 Y105.383 E.07356
G1 X105.383 Y114.386 E.42038
G1 X105.383 Y110.999 E.11183
G1 X120.001 Y125.617 E.68257
G1 X122.23 Y125.617 E.0736
G1 X125.617 Y122.23 E.15815
G1 X125.617 Y120.001 E.0736
G1 X110.999 Y105.383 E.68257
G1 X108.77 Y105.383 E.0736
G1 X105.383 Y108.77 E.15815
G1 X105.383 Y105.383 E.11183
G1 X125.617 Y125.617 E.9448
G1 X123.234 Y125.617 E.07868
;LAYER_CHANGE
;Z:3.4
;HEIGHT:0.2
;BEFORE_LAYER_CHANGE
G92 E0
;3.4


G1 E-3.5 F3600
;WIPE_START
G1 F7200
G1 X125.617 Y125.617 E-1.13192
G1 X125.069 Y125.069 E-.36808
;WIPE_END
G1 Z3.4 F9000
;AFTER_LAYER_CHANGE
;3.4
G1 X126.206 Y126.206
G1 E5 F2400
;TYPE:Perimeter
;WIDTH:0.439999
G1 F1934
G1 X104.794 Y126.206 E.70697
G1 X104.794 Y104.794 E.70697
G1 X126.206 Y104.794 E.70697
G1 X126.206 Y126.146 E.70498
G1 X126.603 Y126.603 F9000
G1 F1934
G1 X104.397 Y126.603 E.73318
G1 X104.397 Y104.397 E.73318
G1 X126.603 Y104.397 E.73318
G1 X126.603 Y126.543 E.7312
G1 X126.99 Y126.99 F9000
;TYPE:External perimeter
;WIDTH:0.419999
G1 F1500
G1 X104.01 Y126.99 E.72052
G1 X104.01 Y104.01 E.72052
G1 X126.99 Y104.01 E.72052
G1 X126.99 Y126.93 E.71864
G1 E-3.5 F3600
;WIPE_START
G1 F7200
G1 X126.99 Y126.99 E-.0285
G1 X123.892 Y126.99 E-1.4715
;WIPE_END
G1 X125.417 Y123.034 F9000
G1 E5 F2400
;TYPE:Internal infill
;WIDTH:0.44
G1 F1934
G1 X125.417 Y125.417 E.07868
G1 X105.583 Y105.583 E.92612
G1 X105.583 Y108.57 E.09862
G1 X108.57 Y105.583 E.13947
G1 X111.199 Y105.583 E.0868
G1 X125.417 Y119.801 E.66389
G1 X125.417 Y122.43 E.0868
G1 X122.43 Y125.417 E.13947
G1 X119.801 Y125.417 E.0868
G1 X105.583 Y111.199 E.66389
G1 X105.583 Y114.186 E.09862
G1 X114.186 Y105.583 E.4017
G1 X116.814 Y105.583 E.08677
G1 X125.417 Y114.186 E.4017
G1 X125.417 Y116.814 E.08677
G1 X116.814 Y125.417 E.4017
G1 X114.186 Y125.417 E.08677
G1 X105.583 Y116.814 E.4017
G1 X105.583 Y119.801 E.09862
G1 X119.801 Y105.583 E.66389
G1 X122.43 Y105.583 E.0868
G1 X125.417 Y108.57 E.13947
G1 X125.417 Y111.199 E.0868
G1 X111.199 Y125.417 E.66389
G1 X108.57 Y125.417 E.0868
G1 X105.583 Y122.43 E.13947
G1 X105.583 Y125.417 E.09862
G1 X125.417 Y105.583 E.92612
G1 X125.417 Y107.966 E.07868
G1 E-3.5 F3600
;WIPE_START
G1 F7200
G1 X125.417 Y105.583 E-1.13193
G1 X124.869 Y106.131 E-.36807
;WIPE_END
G1 X105.143 Y125.518 F9000
G1 E5 F2400
;TYPE:Solid infill
;WIDTH:0.52631
G1 F1934
G1 X105.143 Y105.482 E.80533
;WIDTH:0.573028
G1 X105.166 Y105.393 E.00405
;WIDTH:0.619748
G1 X105.19 Y105.303 E.00447
;WIDTH:0.666468
G1 X105.213 Y105.213 E.00482
G1 X105.303 Y105.19 E.00482
;WIDTH:0.619748
G1 X105.393 Y105.166 E.00447
;WIDTH:0.573027
G1 X105.482 Y105.143 E.00405
;WIDTH:0.526306
G1 X125.518 Y105.143 E.80532
;WIDTH:0.573028
G1 X125.607 Y105.166 E.00405
;WIDTH:0.61975
G1 X125.697 Y105.19 E.00447
;WIDTH:0.666472
G1 X125.787 Y105.213 E.00482
G1 X125.81 Y105.291 E.00422
;WIDTH:0.619751
G1 X125.834 Y105.37 E.00396
;WIDTH:0.57303
G1 X125.857 Y105.448 E.00358
;WIDTH:0.526308
G1 X125.857 Y125.518 E.80669
;WIDTH:0.57303
G1 X125.834 Y125.607 E.00405
;WIDTH:0.619751
G1 X125.81 Y125.697 E.00447
;WIDTH:0.666472
G1 X125.787 Y125.787 E.00482
G1 X125.697 Y125.81 E.00482
;WIDTH:0.619751
G1 X125.607 Y125.834 E.00447
;WIDTH:0.57303
G1 X125.518 Y125.857 E.00405
;WIDTH:0.526308
G1 X105.482 Y125.857 E.80532
;WIDTH:0.57303
G1 X105.393 Y125.834 E.00405
;WIDTH:0.619751
G1 X105.303 Y125.81 E.00447
;WIDTH:0.666472
G1 X105.213 Y125.787 E.00482
G1 X105.193 Y125.71 E.00412
;LAYER_CHANGE
;Z:3.6
;HEIGHT:0.2
;BEFORE_LAYER_CHANGE
G92 E0
;3.6


G1 E-3.5 F3600
;WIPE_START
G1 F7200
G1 X105.213 Y125.787 E-.03779
G1 X105.303 Y125.81 E-.04412
G1 X105.393 Y125.834 E-.04424
G1 X105.482 Y125.857 E-.04366
G1 X108.282 Y125.857 E-1.33019
;WIPE_END
G1 Z3.6 F9000
;AFTER_LAYER_CHANGE
;3.6
G1 X104.994 Y126.006
G1 E5 F2400
;TYPE:Perimeter
;WIDTH:0.439999
G1 F1867
G1 X104.994 Y104.994 E.69376
G1 X126.006 Y104.994 E.69376
G1 X126.006 Y126.006 E.69376
G1 X105.054 Y126.006 E.69178
G1 X104.597 Y126.403 F9000
G1 F1867
G1 X104.597 Y104.597 E.71997
G1 X126.403 Y104.597 E.71997
G1 X126.403 Y126.403 E.71997
G1 X104.657 Y126.403 E.71799
G1 X104.21 Y126.79 F9000
;TYPE:External perimeter
;WIDTH:0.419999
G1 F1500
G1 X104.21 Y104.21 E.70798
G1 X126.79 Y104.21 E.70798
G1 X126.79 Y126.79 E.70798
G1 X104.27 Y126.79 E.7061
G1 E-3.5 F3600
;WIPE_START
G1 F7200
G1 X104.21 Y126.79 E-.0285
G1 X104.21 Y123.692 E-1.4715
;WIPE_END
G1 X110.753 Y105.783 F9000
G1 E5 F2400
;TYPE:Internal infill
;WIDTH:0.44
G1 F1867
G1 X108.37 Y105.783 E.07868
G1 X105.783 Y108.37 E.1208
G1 X105.783 Y105.783 E.08542
G1 X125.217 Y125.217 E.90744
G1 X125.217 Y122.63 E.08542
G1 X122.63 Y125.217 E.1208
G1 X119.601 Y125.217 E.10001
G1 X105.783 Y111.399 E.64521
G1 X105.783 Y113.986 E.08542
G1 X113.986 Y105.783 E.38303
G1 X111.399 Y105.783 E.08542
G1 X125.217 Y119.601 E.64521
G1 X125.217 Y117.014 E.08542
G1 X117.014 Y125.217 E.38303
G1 X113.986 Y125.217 E.09998
G1 X105.783 Y117.014 E.38303
G1 X105.783 Y119.601 E.08542
G1 X119.601 Y105.783 E.64521
G1 X117.014 Y105.783 E.08542
G1 X125.217 Y113.986 E.38303
G1 X125.217 Y111.399 E.08542
G1 X111.399 Y125.217 E.64521
G1 X108.37 Y125.217 E.10001
G1 X105.783 Y122.63 E.1208
G1 X105.783 Y125.217 E.08542
G1 X125.217 Y105.783 E.90744
G1 X122.63 Y105.783 E.08542
G1 X125.217 Y108.37 E.1208
G1 X125.217 Y110.753 E.07868
G1 E-3.5 F3600
;WIPE_START
G1 F7200
G1 X125.217 Y108.37 E-1.13192
G1 X124.669 Y107.822 E-.36808
;WIPE_END
G1 X125.318 Y105.343 F9000
G1 E5 F2400
;TYPE:Solid infill
;WIDTH:0.573029
G1 F1867
G1 X125.407 Y105.366 E.00405
;WIDTH:0.61975
G1 X125.497 Y105.39 E.00447
;WIDTH:0.66647
G1 X125.587 Y105.413 E.00482
G1 X125.61 Y105.503 E.00482
;WIDTH:0.61975
G1 X125.634 Y105.593 E.00447
;WIDTH:0.57303
G1 X125.657 Y105.682 E.00405
;WIDTH:0.52631
G1 X125.657 Y125.318 E.78925
;WIDTH:0.573028
G1 X125.634 Y125.407 E.00405
;WIDTH:0.61975
G1 X125.61 Y125.497 E.00447
;WIDTH:0.666472
G1 X125.587 Y125.587 E.00482
G1 X125.509 Y125.61 E.00422
;WIDTH:0.619751
G1 X125.431 Y125.634 E.00391
;WIDTH:0.57303
G1 X125.352 Y125.657 E.00363
;WIDTH:0.526308
G1 X105.682 Y125.657 E.79061
;WIDTH:0.573028
G1 X105.593 Y125.634 E.00405
;WIDTH:0.619748
G1 X105.503 Y125.61 E.00447
;WIDTH:0.666468
G1 X105.413 Y125.587 E.00482
G1 X105.39 Y125.497 E.00482
;WIDTH:0.619748
G1 X105.366 Y125.407 E.00447
;WIDTH:0.573028
G1 X105.343 Y125.318 E.00405
;WIDTH:0.52631
G1 X105.343 Y105.682 E.78925
;WIDTH:0.573031
G1 X105.366 Y105.593 E.00405
;WIDTH:0.619752
G1 X105.39 Y105.503 E.00447
;WIDTH:0.666472
G1 X105.413 Y105.413 E.00482
G1 X105.503 Y105.39 E.00482
;WIDTH:0.619752
G1 X105.593 Y105.366 E.00447
;WIDTH:0.573031
G1 X105.682 Y105.343 E.00405
;WIDTH:0.52631
G1 X125.119 Y105.343 E.78125
;LAYER_CHANGE
;Z:3.8
;HEIGHT:0.2
;BEFORE_LAYER_CHANGE
G92 E0
;3.8


G1 E-3.5 F3600
;WIPE_START
G1 F7200
G1 X121.961 Y105.343 E-1.5
;WIPE_END
G1 Z3.8 F9000
;AFTER_LAYER_CHANGE
;3.8
G1 X125.806 Y105.194
G1 E5 F2400
;TYPE:Perimeter
;WIDTH:0.439999
G1 F1788
G1 X125.806 Y125.806 E.68055
G1 X105.194 Y125.806 E.68055
G1 X105.194 Y105.194 E.68055
G1 X125.746 Y105.194 E.67857
G1 X126.203 Y104.797 F9000
G1 F1788
G1 X126.203 Y126.203 E.70677
G1 X104.797 Y126.203 E.70677
G1 X104.797 Y104.797 E.70677
G1 X126.143 Y104.797 E.70479
G1 X126.59 Y104.41 F9000
;TYPE:External perimeter
;WIDTH:0.419999
G1 F1500
G1 X126.59 Y126.59 E.69544
G1 X104.41 Y126.59 E.69544
G1 X104.41 Y104.41 E.69544
G1 X126.53 Y104.41 E.69356
G1 E-3.5 F3600
;WIPE_START
G1 F7200
G1 X126.59 Y104.41 E-.0285
G1 X126.59 Y107.508 E-1.4715
;WIPE_END
G1 X125.017 Y110.553 F9000
G1 E5 F2400
;TYPE:Internal infill
;WIDTH:0.44
G1 F1788
G1 X125.017 Y108.17 E.07868
G1 X122.83 Y105.983 E.10212
G1 X125.017 Y105.983 E.07221
G1 X105.983 Y125.017 E.88876
G1 X105.983 Y122.83 E.07221
G1 X108.17 Y125.017 E.10212
G1 X111.599 Y125.017 E.11322
G1 X125.017 Y111.599 E.62653
G1 X125.017 Y113.786 E.07221
G1 X117.214 Y105.983 E.36435
G1 X119.401 Y105.983 E.07221
G1 X105.983 Y119.401 E.62653
G1 X105.983 Y117.214 E.07221
G1 X113.786 Y125.017 E.36435
G1 X117.214 Y125.017 E.11318
G1 X125.017 Y117.214 E.36435
G1 X125.017 Y119.401 E.07221
G1 X111.599 Y105.983 E.62653
G1 X113.786 Y105.983 E.07221
G1 X105.983 Y113.786 E.36435
G1 X105.983 Y111.599 E.07221
G1 X119.401 Y125.017 E.62653
G1 X122.83 Y125.017 E.11322
G1 X125.017 Y122.83 E.10212
G1 X125.017 Y125.017 E.07221
G1 X105.983 Y105.983 E.88876
G1 X105.983 Y108.17 E.07221
G1 X108.17 Y105.983 E.10212
G1 X110.553 Y105.983 E.07868
G1 E-3.5 F3600
;WIPE_START
G1 F7200
G1 X108.17 Y105.983 E-1.13192
G1 X107.622 Y106.531 E-.36808
;WIPE_END
G1 X105.543 Y105.882 F9000
G1 E5 F2400
;TYPE:Solid infill
;WIDTH:0.573027
G1 F1788
G1 X105.566 Y105.793 E.00405
;WIDTH:0.619748
G1 X105.59 Y105.703 E.00447
;WIDTH:0.666468
G1 X105.613 Y105.613 E.00482
G1 X105.703 Y105.59 E.00482
;WIDTH:0.619748
G1 X105.793 Y105.566 E.00447
;WIDTH:0.573028
G1 X105.882 Y105.543 E.00405
;WIDTH:0.526308
G1 X125.118 Y105.543 E.77317
;WIDTH:0.573028
G1 X125.207 Y105.566 E.00405
;WIDTH:0.619749
G1 X125.297 Y105.59 E.00447
;WIDTH:0.66647
G1 X125.387 Y105.613 E.00482
G1 X125.41 Y105.691 E.00422
;WIDTH:0.619749
G1 X125.434 Y105.77 E.00396
;WIDTH:0.573028
G1 X125.457 Y105.848 E.00358
;WIDTH:0.526306
G1 X125.457 Y125.118 E.77453
;WIDTH:0.573027
G1 X125.434 Y125.207 E.00405
;WIDTH:0.619748
G1 X125.41 Y125.297 E.00447
;WIDTH:0.666468
G1 X125.387 Y125.387 E.00482
G1 X125.297 Y125.41 E.00482
;WIDTH:0.619748
G1 X125.207 Y125.434 E.00447
;WIDTH:0.573027
G1 X125.118 Y125.457 E.00405
;WIDTH:0.526306
G1 X105.882 Y125.457 E.77317
;WIDTH:0.573028
G1 X105.793 Y125.434 E.00405
;WIDTH:0.619749
G1 X105.703 Y125.41 E.00447
;WIDTH:0.66647
G1 X105.613 Y125.387 E.00482
G1 X105.59 Y125.297 E.00482
;WIDTH:0.619749
G1 X105.566 Y125.207 E.00447
;WIDTH:0.573028
G1 X105.543 Y125.118 E.00405
;WIDTH:0.526306
G1 X105.543 Y106.081 E.76517
;LAYER_CHANGE
;Z:4
;HEIGHT:0.2
;BEFORE_LAYER_CHANGE
G92 E0
;4


G1 E-3.5 F3600
;WIPE_START
G1 F7200
G1 X105.543 Y109.239 E-1.5
;WIPE_END
G1 Z4 F9000
;AFTER_LAYER_CHANGE
;4
G1 X105.394 Y105.394
G1 E5 F2400
;TYPE:Perimeter
;WIDTH:0.439999
G1 F1753
G1 X125.606 Y105.394 E.66734
G1 X125.606 Y125.606 E.66734
G1 X105.394 Y125.606 E.66734
G1 X105.394 Y105.454 E.66536
G1 X104.997 Y104.997 F9000
G1 F1753
G1 X126.003 Y104.997 E.69356
G1 X126.003 Y126.003 E.69356
G1 X104.997 Y126.003 E.69356
G1 X104.997 Y105.057 E.69158
G1 X104.61 Y104.61 F9000
;TYPE:External perimeter
;WIDTH:0.419999
G1 F1500
G1 X126.39 Y104.61 E.6829
G1 X126.39 Y126.39 E.6829
G1 X104.61 Y126.39 E.6829
G1 X104.61 Y104.67 E.68101
G1 E-3.5 F3600
;WIPE_START
G1 F7200
G1 X104.61 Y104.61 E-.0285
G1 X107.708 Y104.61 E-1.4715
;WIPE_END
G1 X106.183 Y110.353 F9000
G1 E5 F2400
;TYPE:Internal infill
;WIDTH:0.44
G1 F1753
G1 X106.183 Y107.97 E.07868
G1 X107.97 Y106.183 E.08344
G1 X106.183 Y106.183 E.059
G1 X124.817 Y124.817 E.87009
G1 X123.03 Y124.817 E.059
G1 X124.817 Y123.03 E.08344
G1 X124.817 Y120.647 E.07868
G1 E-3.5 F3600
;WIPE_START
G1 F7200
G1 X124.817 Y123.03 E-1.13192
G1 X124.269 Y123.578 E-.36808
;WIPE_END
G1 X121.584 Y124.817 F9000
G1 E5 F2400
G1 F1753
G1 X119.201 Y124.817 E.07868
G1 X106.183 Y111.799 E.60786
G1 X106.183 Y113.586 E.059
G1 X113.586 Y106.183 E.34567
G1 X111.799 Y106.183 E.059
G1 X124.817 Y119.201 E.60786
G1 X124.817 Y117.414 E.059
G1 X117.414 Y124.817 E.34567
G1 X113.586 Y124.817 E.12639
G1 X106.183 Y117.414 E.34567
G1 X106.183 Y119.201 E.059
G1 X119.201 Y106.183 E.60786
G1 X117.414 Y106.183 E.059
G1 X124.817 Y113.586 E.34567
G1 X124.817 Y111.799 E.059
G1 X111.799 Y124.817 E.60786
G1 X107.97 Y124.817 E.12642
G1 X106.183 Y123.03 E.08344
G1 X106.183 Y124.817 E.059
G1 X124.817 Y106.183 E.87009
G1 X124.817 Y107.97 E.059
G1 X123.03 Y106.183 E.08344
G1 X120.647 Y106.183 E.07868
G1 E-3.5 F3600
;WIPE_START
G1 F7200
G1 X123.03 Y106.183 E-1.13192
G1 X123.578 Y106.731 E-.36808
;WIPE_END
G1 X124.918 Y105.743 F9000
G1 E5 F2400
;TYPE:Solid infill
;WIDTH:0.573027
G1 F1753
G1 X125.007 Y105.766 E.00405
;WIDTH:0.619748
G1 X125.097 Y105.79 E.00447
;WIDTH:0.666468
G1 X125.187 Y105.813 E.00482
G1 X125.21 Y105.903 E.00482
;WIDTH:0.619748
G1 X125.234 Y105.993 E.00447
;WIDTH:0.573028
G1 X125.257 Y106.082 E.00405
;WIDTH:0.526308
G1 X125.257 Y124.918 E.75709
;WIDTH:0.573028
G1 X125.234 Y125.007 E.00405
;WIDTH:0.619749
G1 X125.21 Y125.097 E.00447
;WIDTH:0.66647
G1 X125.187 Y125.187 E.00482
G1 X125.109 Y125.21 E.00422
;WIDTH:0.619749
G1 X125.031 Y125.234 E.00391
;WIDTH:0.573028
G1 X124.952 Y125.257 E.00363
;WIDTH:0.526308
G1 X106.082 Y125.257 E.75846
;WIDTH:0.573028
G1 X105.993 Y125.234 E.00405
;WIDTH:0.619748
G1 X105.903 Y125.21 E.00447
;WIDTH:0.666468
G1 X105.813 Y125.187 E.00482
G1 X105.79 Y125.097 E.00482
;WIDTH:0.619748
G1 X105.766 Y125.007 E.00447
;WIDTH:0.573027
G1 X105.743 Y124.918 E.00405
;WIDTH:0.526308
G1 X105.743 Y106.082 E.75709
;WIDTH:0.573029
G1 X105.766 Y105.993 E.00405
;WIDTH:0.61975
G1 X105.79 Y105.903 E.00447
;WIDTH:0.66647
G1 X105.813 Y105.813 E.00482
G1 X105.903 Y105.79 E.00482
;WIDTH:0.61975
G1 X105.993 Y105.766 E.00447
;WIDTH:0.573029
G1 X106.082 Y105.743 E.00405
;WIDTH:0.526308
G1 X124.719 Y105.743 E.74909
;LAYER_CHANGE
;Z:4.2
;HEIGHT:0.2
;BEFORE_LAYER_CHANGE
G92 E0
;4.2


G1 E-3.5 F3600
;WIPE_START
G1 F7200
G1 X121.561 Y105.743 E-1.5
;WIPE_END
G1 Z4.2 F9000
;AFTER_LAYER_CHANGE
;4.2
G1 X125.406 Y105.594
G1 E5 F2400
;TYPE:Perimeter
;WIDTH:0.439999
G1 F1697
G1 X125.406 Y125.406 E.65414
G1 X105.594 Y125.406 E.65414
G1 X105.594 Y105.594 E.65414
G1 X125.346 Y105.594 E.65216
G1 X125.803 Y105.197 F9000
G1 F1697
G1 X125.803 Y125.803 E.68035
G1 X105.197 Y125.803 E.68035
G1 X105.197 Y105.197 E.68035
G1 X125.743 Y105.197 E.67837
G1 X126.19 Y104.81 F9000
;TYPE:External perimeter
;WIDTH:0.419999
G1 F1500
G1 X126.19 Y126.19 E.67035
G1 X104.81 Y126.19 E.67035
G1 X104.81 Y104.81 E.67035
G1 X126.13 Y104.81 E.66847
G1 E-3.5 F3600
;WIPE_START
G1 F7200
G1 X126.19 Y104.81 E-.0285
G1 X126.19 Y107.908 E-1.4715
;WIPE_END
G1 X124.617 Y110.153 F9000
G1 E5 F2400
;TYPE:Internal infill
;WIDTH:0.44
G1 F1697
G1 X124.617 Y107.77 E.07868
G1 X123.23 Y106.383 E.06476
G1 X124.617 Y106.383 E.0458
G1 X106.383 Y124.617 E.85141
G1 X106.383 Y123.23 E.0458
G1 X107.77 Y124.617 E.06476
G1 X111.999 Y124.617 E.13963
G1 X124.617 Y111.999 E.58918
G1 X124.617 Y113.386 E.0458
G1 X117.614 Y106.383 E.32699
G1 X119.001 Y106.383 E.0458
G1 X106.383 Y119.001 E.58918
G1 X106.383 Y117.614 E.0458
G1 X113.386 Y124.617 E.32699
G1 X117.614 Y124.617 E.1396
G1 X124.617 Y117.614 E.32699
G1 X124.617 Y119.001 E.0458
G1 X111.999 Y106.383 E.58918
G1 X113.386 Y106.383 E.0458
G1 X106.383 Y113.386 E.32699
G1 X106.383 Y111.999 E.0458
G1 X119.001 Y124.617 E.58918
G1 X121.384 Y124.617 E.07868
G1 E-3.5 F3600
;WIPE_START
G1 F7200
G1 X119.001 Y124.617 E-1.13192
G1 X118.453 Y124.069 E-.36808
;WIPE_END
G1 X124.617 Y120.847 F9000
G1 E5 F2400
G1 F1697
G1 X124.617 Y123.23 E.07868
G1 X123.23 Y124.617 E.06476
G1 X124.617 Y124.617 E.0458
G1 X106.383 Y106.383 E.85141
G1 X107.77 Y106.383 E.0458
G1 X106.383 Y107.77 E.06476
G1 X106.383 Y110.153 E.07868
G1 E-3.5 F3600
;WIPE_START
G1 F7200
G1 X106.383 Y107.77 E-1.13193
G1 X106.931 Y107.222 E-.36807
;WIPE_END
G1 X105.943 Y124.718 F9000
G1 E5 F2400
;TYPE:Solid infill
;WIDTH:0.526308
G1 F1697
G1 X105.943 Y106.282 E.74101
;WIDTH:0.573027
G1 X105.966 Y106.193 E.00405
;WIDTH:0.619748
G1 X105.99 Y106.103 E.00447
;WIDTH:0.666468
G1 X106.013 Y106.013 E.00482
G1 X106.103 Y105.99 E.00482
;WIDTH:0.619748
G1 X106.193 Y105.966 E.00447
;WIDTH:0.573027
G1 X106.282 Y105.943 E.00405
;WIDTH:0.526306
G1 X124.718 Y105.943 E.74101
;WIDTH:0.573028
G1 X124.807 Y105.966 E.00405
;WIDTH:0.61975
G1 X124.897 Y105.99 E.00447
;WIDTH:0.666472
G1 X124.987 Y106.013 E.00482
G1 X125.01 Y106.091 E.00422
;WIDTH:0.619751
G1 X125.034 Y106.17 E.00396
;WIDTH:0.57303
G1 X125.057 Y106.248 E.00358
;WIDTH:0.526308
G1 X125.057 Y124.718 E.74238
;WIDTH:0.573028
G1 X125.034 Y124.807 E.00405
;WIDTH:0.619748
G1 X125.01 Y124.897 E.00447
;WIDTH:0.666468
G1 X124.987 Y124.987 E.00482
G1 X124.897 Y125.01 E.00482
;WIDTH:0.619748
G1 X124.807 Y125.034 E.00447
;WIDTH:0.573028
G1 X124.718 Y125.057 E.00405
;WIDTH:0.526308
G1 X106.282 Y125.057 E.74101
;WIDTH:0.57303
G1 X106.193 Y125.034 E.00405
;WIDTH:0.619751
G1 X106.103 Y125.01 E.00447
;WIDTH:0.666472
G1 X106.013 Y124.987 E.00482
G1 X105.993 Y124.91 E.00412
;LAYER_CHANGE
;Z:4.4
;HEIGHT:0.2
;BEFORE_LAYER_CHANGE
G92 E0
;4.4


G1 E-3.5 F3600
;WIPE_START
G1 F7200
G1 X106.013 Y124.987 E-.03779
G1 X106.103 Y125.01 E-.04412
G1 X106.193 Y125.034 E-.04424
G1 X106.282 Y125.057 E-.04366
G1 X109.082 Y125.057 E-1.33019
;WIPE_END
G1 Z4.4 F9000
;AFTER_LAYER_CHANGE
;4.4
G1 X105.794 Y125.206
G1 E5 F2400
;TYPE:Perimeter
;WIDTH:0.439999
G1 F1621
G1 X105.794 Y105.794 E.64093
G1 X125.206 Y105.794 E.64093
G1 X125.206 Y125.206 E.64093
G1 X105.854 Y125.206 E.63895
G1 X105.397 Y125.603 F9000
G1 F1621
G1 X105.397 Y105.397 E.66715
G1 X125.603 Y105.397 E.66715
G1 X125.603 Y125.603 E.66715
G1 X105.457 Y125.603 E.66517
G1 X105.01 Y125.99 F9000
;TYPE:External perimeter
;WIDTH:0.419999
G1 F1500
G1 X105.01 Y105.01 E.65781
G1 X125.99 Y105.01 E.65781
G1 X125.99 Y125.99 E.65781
G1 X105.07 Y125.99 E.65593
G1 E-3.5 F3600
;WIPE_START
G1 F7200
G1 X105.01 Y125.99 E-.0285
G1 X105.01 Y122.892 E-1.4715
;WIPE_END
G1 X106.583 Y109.953 F9000
G1 E5 F2400
;TYPE:Internal infill
;WIDTH:0.44
G1 F1621
G1 X106.583 Y107.57 E.07868
G1 X107.57 Y106.583 E.04609
G1 X106.583 Y106.583 E.03259
G1 X124.417 Y124.417 E.83273
G1 X123.43 Y124.417 E.03259
G1 X124.417 Y123.43 E.04609
G1 X124.417 Y121.047 E.07868
G1 E-3.5 F3600
;WIPE_START
G1 F7200
G1 X124.417 Y123.43 E-1.13193
G1 X123.869 Y123.978 E-.36807
;WIPE_END
G1 X121.184 Y124.417 F9000
G1 E5 F2400
G1 F1621
G1 X118.801 Y124.417 E.07868
G1 X106.583 Y112.199 E.5705
G1 X106.583 Y113.186 E.03259
G1 X113.186 Y106.583 E.30832
G1 X112.199 Y106.583 E.03259
G1 X124.417 Y118.801 E.5705
G1 X124.417 Y117.814 E.03259
G1 X117.814 Y124.417 E.30832
G1 X113.186 Y124.417 E.1528
G1 X106.583 Y117.814 E.30832
G1 X106.583 Y118.801 E.03259
G1 X118.801 Y106.583 E.5705
G1 X117.814 Y106.583 E.03259
G1 X124.417 Y113.186 E.30832
G1 X124.417 Y112.199 E.03259
G1 X112.199 Y124.417 E.5705
G1 X107.57 Y124.417 E.15284
G1 X106.583 Y123.43 E.04609
G1 X106.583 Y124.417 E.03259
G1 X124.417 Y106.583 E.83273
G1 X123.43 Y106.583 E.03259
G1 X124.417 Y107.57 E.04609
G1 X124.417 Y109.953 E.07868
G1 E-3.5 F3600
;WIPE_START
G1 F7200
G1 X124.417 Y107.57 E-1.13192
G1 X123.869 Y107.022 E-.36808
;WIPE_END
G1 X124.518 Y106.143 F9000
G1 E5 F2400
;TYPE:Solid infill
;WIDTH:0.573027
G1 F1621
G1 X124.607 Y106.166 E.00405
;WIDTH:0.619748
G1 X124.697 Y106.19 E.00447
;WIDTH:0.666468
G1 X124.787 Y106.213 E.00482
G1 X124.81 Y106.303 E.00482
;WIDTH:0.619748
G1 X124.834 Y106.393 E.00447
;WIDTH:0.573028
G1 X124.857 Y106.482 E.00405
;WIDTH:0.526308
G1 X124.857 Y124.518 E.72494
;WIDTH:0.573028
G1 X124.834 Y124.607 E.00405
;WIDTH:0.619749
G1 X124.81 Y124.697 E.00447
;WIDTH:0.66647
G1 X124.787 Y124.787 E.00482
G1 X124.709 Y124.81 E.00422
;WIDTH:0.619749
G1 X124.631 Y124.834 E.00391
;WIDTH:0.573028
G1 X124.552 Y124.857 E.00363
;WIDTH:0.526308
G1 X106.482 Y124.857 E.7263
;WIDTH:0.573028
G1 X106.393 Y124.834 E.00405
;WIDTH:0.619748
G1 X106.303 Y124.81 E.00447
;WIDTH:0.666468
G1 X106.213 Y124.787 E.00482
G1 X106.19 Y124.697 E.00482
;WIDTH:0.619748
G1 X106.166 Y124.607 E.00447
;WIDTH:0.573028
G1 X106.143 Y124.518 E.00405
;WIDTH:0.526308
G1 X106.143 Y106.482 E.72494
;WIDTH:0.57303
G1 X106.166 Y106.393 E.00405
;WIDTH:0.619751
G1 X106.19 Y106.303 E.00447
;WIDTH:0.666472
G1 X106.213 Y106.213 E.00482
G1 X106.303 Y106.19 E.00482
;WIDTH:0.619751
G1 X106.393 Y106.166 E.00447
;WIDTH:0.57303
G1 X106.482 Y106.143 E.00405
;WIDTH:0.526308
G1 X124.319 Y106.143 E.71694
;LAYER_CHANGE
;Z:4.6
;HEIGHT:0.2
;BEFORE_LAYER_CHANGE
G92 E0
;4.6


G1 E-3.5 F3600
;WIPE_START
G1 F7200
G1 X121.161 Y106.143 E-1.5
;WIPE_END
G1 Z4.6 F9000
;AFTER_LAYER_CHANGE
;4.6
G1 X125.006 Y105.994
G1 E5 F2400
;TYPE:Perimeter
;WIDTH:0.439999
G1 F1560
G1 X125.006 Y125.006 E.62772
G1 X105.994 Y125.006 E.62772
G1 X105.994 Y105.994 E.62772
G1 X124.946 Y105.994 E.62574
G1 X125.403 Y105.597 F9000
G1 F1560
G1 X125.403 Y125.403 E.65394
G1 X105.597 Y125.403 E.65394
G1 X105.597 Y105.597 E.65394
G1 X125.343 Y105.597 E.65196
G1 X125.79 Y105.21 F9000
;TYPE:External perimeter
;WIDTH:0.419999
G1 F1500
G1 X125.79 Y125.79 E.64527
G1 X105.21 Y125.79 E.64527
G1 X105.21 Y105.21 E.64527
G1 X125.73 Y105.21 E.64339
G1 E-3.5 F3600
;WIPE_START
G1 F7200
G1 X125.79 Y105.21 E-.0285
G1 X125.79 Y108.308 E-1.4715
;WIPE_END
G1 X124.217 Y109.753 F9000
G1 E5 F2400
;TYPE:Internal infill
;WIDTH:0.44
G1 F1560
G1 X124.217 Y107.37 E.07868
G1 X123.63 Y106.783 E.02741
G1 X124.217 Y106.783 E.01938
G1 X106.783 Y124.217 E.81405
G1 X106.783 Y123.63 E.01938
G1 X107.37 Y124.217 E.02741
G1 X112.399 Y124.217 E.16604
G1 X124.217 Y112.399 E.55182
G1 X124.217 Y112.986 E.01938
G1 X118.014 Y106.783 E.28964
G1 X118.601 Y106.783 E.01938
G1 X106.783 Y118.601 E.55182
G1 X106.783 Y118.014 E.01938
G1 X112.986 Y124.217 E.28964
G1 X118.014 Y124.217 E.16601
G1 X124.217 Y118.014 E.28964
G1 X124.217 Y118.601 E.01938
G1 X112.399 Y106.783 E.55182
G1 X112.986 Y106.783 E.01938
G1 X106.783 Y112.986 E.28964
G1 X106.783 Y112.399 E.01938
G1 X118.601 Y124.217 E.55182
G1 X120.984 Y124.217 E.07868
G1 E-3.5 F3600
;WIPE_START
G1 F7200
G1 X118.601 Y124.217 E-1.13193
G1 X118.053 Y123.669 E-.36807
;WIPE_END
G1 X124.217 Y121.247 F9000
G1 E5 F2400
G1 F1560
G1 X124.217 Y123.63 E.07868
G1 X123.63 Y124.217 E.02741
G1 X124.217 Y124.217 E.01938
G1 X106.783 Y106.783 E.81405
G1 X107.37 Y106.783 E.01938
G1 X106.783 Y107.37 E.02741
G1 X106.783 Y109.753 E.07868
G1 E-3.5 F3600
;WIPE_START
G1 F7200
G1 X106.783 Y107.37 E-1.13192
G1 X107.331 Y106.822 E-.36808
;WIPE_END
G1 X106.343 Y124.318 F9000
G1 E5 F2400
;TYPE:Solid infill
;WIDTH:0.526308
G1 F1560
G1 X106.343 Y106.682 E.70886
;WIDTH:0.57303
G1 X106.366 Y106.593 E.00405
;WIDTH:0.619751
G1 X106.39 Y106.503 E.00447
;WIDTH:0.666472
G1 X106.413 Y106.413 E.00482
G1 X106.503 Y106.39 E.00482
;WIDTH:0.619752
G1 X106.593 Y106.366 E.00447
;WIDTH:0.573031
G1 X106.682 Y106.343 E.00405
;WIDTH:0.52631
G1 X124.318 Y106.343 E.70886
;WIDTH:0.57303
G1 X124.407 Y106.366 E.00405
;WIDTH:0.619751
G1 X124.497 Y106.39 E.00447
;WIDTH:0.666472
G1 X124.587 Y106.413 E.00482
G1 X124.61 Y106.491 E.00422
;WIDTH:0.619751
G1 X124.634 Y106.57 E.00396
;WIDTH:0.57303
G1 X124.657 Y106.648 E.00358
;WIDTH:0.52631
G1 X124.657 Y124.318 E.71023
;WIDTH:0.573031
G1 X124.634 Y124.407 E.00405
;WIDTH:0.619752
G1 X124.61 Y124.497 E.00447
;WIDTH:0.666472
G1 X124.587 Y124.587 E.00482
G1 X124.497 Y124.61 E.00482
;WIDTH:0.619751
G1 X124.407 Y124.634 E.00447
;WIDTH:0.57303
G1 X124.318 Y124.657 E.00405
;WIDTH:0.52631
G1 X106.682 Y124.657 E.70886
;WIDTH:0.573031
G1 X106.593 Y124.634 E.00405
;WIDTH:0.619752
G1 X106.503 Y124.61 E.00447
;WIDTH:0.666472
G1 X106.413 Y124.587 E.00482
G1 X106.393 Y124.51 E.00412
;LAYER_CHANGE
;Z:4.8
;HEIGHT:0.2
;BEFORE_LAYER_CHANGE
G92 E0
;4.8


G1 E-3.5 F3600
;WIPE_START
G1 F7200
G1 X106.413 Y124.587 E-.03779
G1 X106.503 Y124.61 E-.04412
G1 X106.593 Y124.634 E-.04424
G1 X106.682 Y124.657 E-.04366
G1 X109.482 Y124.657 E-1.33019
;WIPE_END
G1 Z4.8 F9000
;AFTER_LAYER_CHANGE
;4.8
G1 X106.194 Y124.806
G1 E5 F2400
;TYPE:Perimeter
;WIDTH:0.439999
G1 F1471
G1 X106.194 Y106.194 E.61452
G1 X124.806 Y106.194 E.61452
G1 X124.806 Y124.806 E.61452
G1 X106.254 Y124.806 E.61254
G1 X105.797 Y125.203 F9000
G1 F1471
G1 X105.797 Y105.797 E.64073
G1 X125.203 Y105.797 E.64073
G1 X125.203 Y125.203 E.64073
G1 X105.857 Y125.203 E.63875
G1 X105.41 Y125.59 F9000
;TYPE:External perimeter
;WIDTH:0.419999
G1 F1471
G1 X105.41 Y105.41 E.63273
G1 X125.59 Y105.41 E.63273
G1 X125.59 Y125.59 E.63273
G1 X105.47 Y125.59 E.63085
G1 E-3.5 F3600
;WIPE_START
G1 F7200
G1 X105.41 Y125.59 E-.0285
G1 X105.41 Y122.492 E-1.4715
;WIPE_END
G1 X109.366 Y106.983 F9000
G1 E5 F2400
;TYPE:Internal infill
;WIDTH:0.44
G1 F1471
G1 X106.983 Y106.983 E.07868
G1 X124.017 Y124.017 E.79538
G1 X118.401 Y124.017 E.18543
G1 X106.983 Y112.599 E.53315
G1 X106.983 Y112.786 E.00617
G1 X112.786 Y106.983 E.27096
G1 X112.599 Y106.983 E.00617
G1 X124.017 Y118.401 E.53315
G1 X124.017 Y118.214 E.00617
G1 X118.214 Y124.017 E.27096
G1 X112.786 Y124.017 E.17922
G1 X106.983 Y118.214 E.27096
G1 X106.983 Y118.401 E.00617
G1 X118.401 Y106.983 E.53315
G1 X118.214 Y106.983 E.00617
G1 X124.017 Y112.786 E.27096
G1 X124.017 Y112.599 E.00617
G1 X112.599 Y124.017 E.53315
G1 X106.983 Y124.017 E.18543
G1 X124.017 Y106.983 E.79538
G1 X121.634 Y106.983 E.07868
G1 E-3.5 F3600
;WIPE_START
G1 F7200
G1 X124.017 Y106.983 E-1.13192
G1 X123.469 Y107.531 E-.36808
;WIPE_END
G1 X124.118 Y106.543 F9000
G1 E5 F2400
;TYPE:Solid infill
;WIDTH:0.573027
G1 F1471
G1 X124.207 Y106.566 E.00405
;WIDTH:0.619748
G1 X124.297 Y106.59 E.00447
;WIDTH:0.666468
G1 X124.387 Y106.613 E.00482
G1 X124.41 Y106.703 E.00482
;WIDTH:0.619749
G1 X124.434 Y106.793 E.00447
;WIDTH:0.57303
G1 X124.457 Y106.882 E.00405
;WIDTH:0.52631
G1 X124.457 Y124.118 E.69278
;WIDTH:0.573028
G1 X124.434 Y124.207 E.00405
;WIDTH:0.61975
G1 X124.41 Y124.297 E.00447
;WIDTH:0.666472
G1 X124.387 Y124.387 E.00482
G1 X124.309 Y124.41 E.00422
;WIDTH:0.619751
G1 X124.231 Y124.434 E.00391
;WIDTH:0.57303
G1 X124.152 Y124.457 E.00363
;WIDTH:0.526308
G1 X106.882 Y124.457 E.69415
;WIDTH:0.573028
G1 X106.793 Y124.434 E.00405
;WIDTH:0.619748
G1 X106.703 Y124.41 E.00447
;WIDTH:0.666468
G1 X106.613 Y124.387 E.00482
G1 X106.59 Y124.297 E.00482
;WIDTH:0.619748
G1 X106.566 Y124.207 E.00447
;WIDTH:0.573028
G1 X106.543 Y124.118 E.00405
;WIDTH:0.526308
G1 X106.543 Y106.882 E.69278
;WIDTH:0.57303
G1 X106.566 Y106.793 E.00405
;WIDTH:0.619751
G1 X106.59 Y106.703 E.00447
;WIDTH:0.666472
G1 X106.613 Y106.613 E.00482
G1 X106.703 Y106.59 E.00482
;WIDTH:0.619751
G1 X106.793 Y106.566 E.00447
;WIDTH:0.57303
G1 X106.882 Y106.543 E.00405
;WIDTH:0.526308
G1 X123.919 Y106.543 E.68478
;LAYER_CHANGE
;Z:5
;HEIGHT:0.2
;BEFORE_LAYER_CHANGE
G92 E0
;5


G1 E-3.5 F3600
;WIPE_START
G1 F7200
G1 X120.761 Y106.543 E-1.5
;WIPE_END
G1 Z5 F9000
;AFTER_LAYER_CHANGE
;5
G1 X124.606 Y106.394
G1 E5 F2400
;TYPE:Perimeter
;WIDTH:0.439999
G1 F1433
G1 X124.606 Y124.606 E.60131
G1 X106.394 Y124.606 E.60131
G1 X106.394 Y106.394 E.60131
G1 X124.546 Y106.394 E.59933
G1 X125.003 Y105.997 F9000
G1 F1433
G1 X125.003 Y125.003 E.62753
G1 X105.997 Y125.003 E.62753
G1 X105.997 Y105.997 E.62753
G1 X124.943 Y105.997 E.62554
G1 X125.39 Y105.61 F9000
;TYPE:External perimeter
;WIDTH:0.419999
G1 F1433
G1 X125.39 Y125.39 E.62019
G1 X105.61 Y125.39 E.62019
G1 X105.61 Y105.61 E.62019
G1 X125.33 Y105.61 E.61831
G1 E-3.5 F3600
;WIPE_START
G1 F7200
G1 X125.39 Y105.61 E-.0285
G1 X125.39 Y108.708 E-1.4715
;WIPE_END
G1 X123.817 Y109.566 F9000
G1 E5 F2400
;TYPE:Internal infill
;WIDTH:0.44
G1 F1433
G1 X123.817 Y107.183 E.07868
G1 X107.183 Y123.817 E.7767
G1 X107.183 Y118.414 E.17839
G1 X112.586 Y123.817 E.25229
G1 X112.799 Y123.817 E.00703
G1 X123.817 Y112.799 E.51447
G1 X123.817 Y112.586 E.00703
G1 X118.414 Y107.183 E.25229
G1 X118.201 Y107.183 E.00703
G1 X107.183 Y118.201 E.51447
G1 X107.183 Y112.799 E.17836
G1 X118.201 Y123.817 E.51447
G1 X118.414 Y123.817 E.00703
G1 X123.817 Y118.414 E.25229
G1 X123.817 Y118.201 E.00703
G1 X112.799 Y107.183 E.51447
G1 X112.586 Y107.183 E.00703
G1 X107.183 Y112.586 E.25229
G1 X107.183 Y107.183 E.17839
G1 X123.817 Y123.817 E.7767
G1 X123.817 Y121.434 E.07868
G1 E-3.5 F3600
;WIPE_START
G1 F7200
G1 X123.817 Y123.817 E-1.13193
G1 X123.269 Y123.269 E-.36807
;WIPE_END
G1 X106.743 Y123.918 F9000
G1 E5 F2400
;TYPE:Solid infill
;WIDTH:0.526308
G1 F1433
G1 X106.743 Y107.082 E.6767
;WIDTH:0.573027
G1 X106.766 Y106.993 E.00405
;WIDTH:0.619748
G1 X106.79 Y106.903 E.00447
;WIDTH:0.666468
G1 X106.813 Y106.813 E.00482
G1 X106.903 Y106.79 E.00482
;WIDTH:0.619748
G1 X106.993 Y106.766 E.00447
;WIDTH:0.573027
G1 X107.082 Y106.743 E.00405
;WIDTH:0.526306
G1 X123.918 Y106.743 E.6767
;WIDTH:0.573028
G1 X124.007 Y106.766 E.00405
;WIDTH:0.619749
G1 X124.097 Y106.79 E.00447
;WIDTH:0.66647
G1 X124.187 Y106.813 E.00482
G1 X124.21 Y106.891 E.00422
;WIDTH:0.61975
G1 X124.234 Y106.97 E.00396
;WIDTH:0.573029
G1 X124.257 Y107.048 E.00358
;WIDTH:0.526308
G1 X124.257 Y123.918 E.67807
;WIDTH:0.57303
G1 X124.234 Y124.007 E.00405
;WIDTH:0.619751
G1 X124.21 Y124.097 E.00447
;WIDTH:0.666472
G1 X124.187 Y124.187 E.00482
G1 X124.097 Y124.21 E.00482
;WIDTH:0.619751
G1 X124.007 Y124.234 E.00447
;WIDTH:0.57303
G1 X123.918 Y124.257 E.00405
;WIDTH:0.526308
G1 X107.082 Y124.257 E.6767
;WIDTH:0.57303
G1 X106.993 Y124.234 E.00405
;WIDTH:0.619751
G1 X106.903 Y124.21 E.00447
;WIDTH:0.666472
G1 X106.813 Y124.187 E.00482
G1 X106.793 Y124.11 E.00412
;LAYER_CHANGE
;Z:5.2
;HEIGHT:0.2
;BEFORE_LAYER_CHANGE
G92 E0
;5.2


G1 E-3.5 F3600
;WIPE_START
G1 F7200
G1 X106.813 Y124.187 E-.03779
G1 X106.903 Y124.21 E-.04412
G1 X106.993 Y124.234 E-.04424
G1 X107.082 Y124.257 E-.04366
G1 X109.882 Y124.257 E-1.33019
;WIPE_END
G1 Z5.2 F9000
;AFTER_LAYER_CHANGE
;5.2
G1 X106.594 Y124.406
G1 E5 F2400
;TYPE:Perimeter
;WIDTH:0.439999
G1 F1398
G1 X106.594 Y106.594 E.5881
G1 X124.406 Y106.594 E.5881
G1 X124.406 Y124.406 E.5881
G1 X106.654 Y124.406 E.58612
G1 X106.197 Y124.803 F9000
G1 F1398
G1 X106.197 Y106.197 E.61432
G1 X124.803 Y106.197 E.61432
G1 X124.803 Y124.803 E.61432
G1 X106.257 Y124.803 E.61234
G1 X105.81 Y125.19 F9000
;TYPE:External perimeter
;WIDTH:0.419999
G1 F1398
G1 X105.81 Y105.81 E.60765
G1 X125.19 Y105.81 E.60765
G1 X125.19 Y125.19 E.60765
G1 X105.87 Y125.19 E.60576
G1 E-3.5 F3600
;WIPE_START
G1 F7200
G1 X105.81 Y125.19 E-.0285
G1 X105.81 Y122.092 E-1.4715
;WIPE_END
G1 X121.234 Y123.617 F9000
G1 E5 F2400
;TYPE:Internal infill
;WIDTH:0.44
G1 F1398
G1 X123.617 Y123.617 E.07868
G1 X107.383 Y107.383 E.75802
G1 X107.383 Y112.386 E.16519
G1 X112.386 Y107.383 E.23361
G1 X112.999 Y107.383 E.02024
G1 X123.617 Y118.001 E.49579
G1 X123.617 Y118.614 E.02024
G1 X118.614 Y123.617 E.23361
G1 X118.001 Y123.617 E.02024
G1 X107.383 Y112.999 E.49579
G1 X107.383 Y118.001 E.16515
G1 X118.001 Y107.383 E.49579
G1 X118.614 Y107.383 E.02024
G1 X123.617 Y112.386 E.23361
G1 X123.617 Y112.999 E.02024
G1 X112.999 Y123.617 E.49579
G1 X112.386 Y123.617 E.02024
G1 X107.383 Y118.614 E.23361
G1 X107.383 Y123.617 E.16519
G1 X123.617 Y107.383 E.75802
G1 X123.617 Y109.766 E.07868
G1 E-3.5 F3600
;WIPE_START
G1 F7200
G1 X123.617 Y107.383 E-1.13193
G1 X123.069 Y107.931 E-.36807
;WIPE_END
G1 X123.718 Y106.943 F9000
G1 E5 F2400
;TYPE:Solid infill
;WIDTH:0.573027
G1 F1398
G1 X123.807 Y106.966 E.00405
;WIDTH:0.619748
G1 X123.897 Y106.99 E.00447
;WIDTH:0.666468
G1 X123.987 Y107.013 E.00482
G1 X124.01 Y107.103 E.00482
;WIDTH:0.619749
G1 X124.034 Y107.193 E.00447
;WIDTH:0.57303
G1 X124.057 Y107.282 E.00405
;WIDTH:0.52631
G1 X124.057 Y123.718 E.66063
;WIDTH:0.573028
G1 X124.034 Y123.807 E.00405
;WIDTH:0.61975
G1 X124.01 Y123.897 E.00447
;WIDTH:0.666472
G1 X123.987 Y123.987 E.00482
G1 X123.909 Y124.01 E.00422
;WIDTH:0.619751
G1 X123.831 Y124.034 E.00391
;WIDTH:0.57303
G1 X123.752 Y124.057 E.00363
;WIDTH:0.526308
G1 X107.282 Y124.057 E.66199
;WIDTH:0.573028
G1 X107.193 Y124.034 E.00405
;WIDTH:0.619748
G1 X107.103 Y124.01 E.00447
;WIDTH:0.666468
G1 X107.013 Y123.987 E.00482
G1 X106.99 Y123.897 E.00482
;WIDTH:0.619748
G1 X106.966 Y123.807 E.00447
;WIDTH:0.573027
G1 X106.943 Y123.718 E.00405
;WIDTH:0.526308
G1 X106.943 Y107.282 E.66063
;WIDTH:0.57303
G1 X106.966 Y107.193 E.00405
;WIDTH:0.619751
G1 X106.99 Y107.103 E.00447
;WIDTH:0.666472
G1 X107.013 Y107.013 E.00482
G1 X107.103 Y106.99 E.00482
;WIDTH:0.619751
G1 X107.193 Y106.966 E.00447
;WIDTH:0.57303
G1 X107.282 Y106.943 E.00405
;WIDTH:0.526308
G1 X123.519 Y106.943 E.65263
;LAYER_CHANGE
;Z:5.4
;HEIGHT:0.2
;BEFORE_LAYER_CHANGE
G92 E0
;5.4


G1 E-3.5 F3600
;WIPE_START
G1 F7200
G1 X120.361 Y106.943 E-1.5
;WIPE_END
G1 Z5.4 F9000
;AFTER_LAYER_CHANGE
;5.4
G1 X124.206 Y106.794
G1 E5 F2400
;TYPE:Perimeter
;WIDTH:0.439999
G1 F1365
G1 X124.206 Y124.206 E.5749
G1 X106.794 Y124.206 E.5749
G1 X106.794 Y106.794 E.5749
G1 X124.146 Y106.794 E.57292
G1 X124.603 Y106.397 F9000
G1 F1365
G1 X124.603 Y124.603 E.60111
G1 X106.397 Y124.603 E.60111
G1 X106.397 Y106.397 E.60111
G1 X124.543 Y106.397 E.59913
G1 X124.99 Y106.01 F9000
;TYPE:External perimeter
;WIDTH:0.419999
G1 F1365
G1 X124.99 Y124.99 E.5951
G1 X106.01 Y124.99 E.5951
G1 X106.01 Y106.01 E.5951
G1 X124.93 Y106.01 E.59322
G1 E-3.5 F3600
;WIPE_START
G1 F7200
G1 X124.99 Y106.01 E-.0285
G1 X124.99 Y109.108 E-1.4715
;WIPE_END
G1 X123.417 Y109.966 F9000
G1 E5 F2400
;TYPE:Internal infill
;WIDTH:0.44
G1 F1365
G1 X123.417 Y107.583 E.07868
G1 X107.583 Y123.417 E.73935
G1 X107.583 Y118.814 E.15198
G1 X112.186 Y123.417 E.21493
G1 X113.199 Y123.417 E.03345
G1 X123.417 Y113.199 E.47711
G1 X123.417 Y112.186 E.03345
G1 X118.814 Y107.583 E.21493
G1 X117.801 Y107.583 E.03345
G1 X107.583 Y117.801 E.47711
G1 X107.583 Y113.199 E.15195
G1 X117.801 Y123.417 E.47711
G1 X118.814 Y123.417 E.03345
G1 X123.417 Y118.814 E.21493
G1 X123.417 Y117.801 E.03345
G1 X113.199 Y107.583 E.47711
G1 X112.186 Y107.583 E.03345
G1 X107.583 Y112.186 E.21493
G1 X107.583 Y107.583 E.15198
G1 X123.417 Y123.417 E.73935
G1 X121.034 Y123.417 E.07868
G1 E-3.5 F3600
;WIPE_START
G1 F7200
G1 X123.417 Y123.417 E-1.13192
G1 X122.869 Y122.869 E-.36808
;WIPE_END
G1 X107.143 Y123.518 F9000
G1 E5 F2400
;TYPE:Solid infill
;WIDTH:0.526306
G1 F1365
G1 X107.143 Y107.482 E.64455
;WIDTH:0.573027
G1 X107.166 Y107.393 E.00405
;WIDTH:0.619748
G1 X107.19 Y107.303 E.00447
;WIDTH:0.666468
G1 X107.213 Y107.213 E.00482
G1 X107.303 Y107.19 E.00482
;WIDTH:0.619748
G1 X107.393 Y107.166 E.00447
;WIDTH:0.573027
G1 X107.482 Y107.143 E.00405
;WIDTH:0.526306
G1 X123.518 Y107.143 E.64455
;WIDTH:0.573028
G1 X123.607 Y107.166 E.00405
;WIDTH:0.619749
G1 X123.697 Y107.19 E.00447
;WIDTH:0.66647
G1 X123.787 Y107.213 E.00482
G1 X123.81 Y107.291 E.00422
;WIDTH:0.619749
G1 X123.834 Y107.37 E.00396
;WIDTH:0.573028
G1 X123.857 Y107.448 E.00358
;WIDTH:0.526306
G1 X123.857 Y123.518 E.64591
;WIDTH:0.573026
G1 X123.834 Y123.607 E.00405
;WIDTH:0.619746
G1 X123.81 Y123.697 E.00447
;WIDTH:0.666466
G1 X123.787 Y123.787 E.00482
G1 X123.697 Y123.81 E.00482
;WIDTH:0.619746
G1 X123.607 Y123.834 E.00447
;WIDTH:0.573026
G1 X123.518 Y123.857 E.00405
;WIDTH:0.526306
G1 X107.482 Y123.857 E.64455
;WIDTH:0.573027
G1 X107.393 Y123.834 E.00405
;WIDTH:0.619748
G1 X107.303 Y123.81 E.00447
;WIDTH:0.666468
G1 X107.213 Y123.787 E.00482
G1 X107.193 Y123.71 E.00412
;LAYER_CHANGE
;Z:5.6
;HEIGHT:0.2
;BEFORE_LAYER_CHANGE
G92 E0
;5.6


G1 E-3.5 F3600
;WIPE_START
G1 F7200
G1 X107.213 Y123.787 E-.03779
G1 X107.303 Y123.81 E-.04412
G1 X107.393 Y123.834 E-.04424
G1 X107.482 Y123.857 E-.04366
G1 X110.282 Y123.857 E-1.33019
;WIPE_END
G1 Z5.6 F9000
;AFTER_LAYER_CHANGE
;5.6
G1 X106.994 Y124.006
G1 E5 F2400
;TYPE:Perimeter
;WIDTH:0.439999
G1 F1330
G1 X106.994 Y106.994 E.56169
G1 X124.006 Y106.994 E.56169
G1 X124.006 Y124.006 E.56169
G1 X107.054 Y124.006 E.55971
G1 X106.597 Y124.403 F9000
G1 F1330
G1 X106.597 Y106.597 E.58791
G1 X124.403 Y106.597 E.58791
G1 X124.403 Y124.403 E.58791
G1 X106.657 Y124.403 E.58592
G1 X106.21 Y124.79 F9000
;TYPE:External perimeter
;WIDTH:0.419999
G1 F1330
G1 X106.21 Y106.21 E.58256
G1 X124.79 Y106.21 E.58256
G1 X124.79 Y124.79 E.58256
G1 X106.27 Y124.79 E.58068
G1 E-3.5 F3600
;WIPE_START
G1 F7200
G1 X106.21 Y124.79 E-.0285
G1 X106.21 Y121.692 E-1.4715
;WIPE_END
G1 X120.834 Y123.217 F9000
G1 E5 F2400
;TYPE:Internal infill
;WIDTH:0.44
G1 F1330
G1 X123.217 Y123.217 E.07868
G1 X107.783 Y107.783 E.72067
G1 X107.783 Y111.986 E.13877
G1 X111.986 Y107.783 E.19625
G1 X113.399 Y107.783 E.04665
G1 X123.217 Y117.601 E.45844
G1 X123.217 Y119.014 E.04665
G1 X119.014 Y123.217 E.19625
G1 X117.601 Y123.217 E.04665
G1 X107.783 Y113.399 E.45844
G1 X107.783 Y117.601 E.13874
G1 X117.601 Y107.783 E.45844
G1 X119.014 Y107.783 E.04665
G1 X123.217 Y111.986 E.19625
G1 X123.217 Y113.399 E.04665
G1 X113.399 Y123.217 E.45844
G1 X111.986 Y123.217 E.04665
G1 X107.783 Y119.014 E.19625
G1 X107.783 Y123.217 E.13877
G1 X123.217 Y107.783 E.72067
G1 X123.217 Y110.166 E.07868
G1 E-3.5 F3600
;WIPE_START
G1 F7200
G1 X123.217 Y107.783 E-1.13192
G1 X122.669 Y108.331 E-.36808
;WIPE_END
G1 X123.318 Y107.343 F9000
G1 E5 F2400
;TYPE:Solid infill
;WIDTH:0.573029
G1 F1330
G1 X123.407 Y107.366 E.00405
;WIDTH:0.61975
G1 X123.497 Y107.39 E.00447
;WIDTH:0.66647
G1 X123.587 Y107.413 E.00482
G1 X123.61 Y107.503 E.00482
;WIDTH:0.61975
G1 X123.634 Y107.593 E.00447
;WIDTH:0.57303
G1 X123.657 Y107.682 E.00405
;WIDTH:0.52631
G1 X123.657 Y123.318 E.62847
;WIDTH:0.57303
G1 X123.634 Y123.407 E.00405
;WIDTH:0.619751
G1 X123.61 Y123.497 E.00447
;WIDTH:0.666472
G1 X123.587 Y123.587 E.00482
G1 X123.509 Y123.61 E.00422
;WIDTH:0.619751
G1 X123.431 Y123.634 E.00391
;WIDTH:0.57303
G1 X123.352 Y123.657 E.00363
;WIDTH:0.52631
G1 X107.682 Y123.657 E.62984
;WIDTH:0.57303
G1 X107.593 Y123.634 E.00405
;WIDTH:0.619749
G1 X107.503 Y123.61 E.00447
;WIDTH:0.666468
G1 X107.413 Y123.587 E.00482
G1 X107.39 Y123.497 E.00482
;WIDTH:0.619748
G1 X107.366 Y123.407 E.00447
;WIDTH:0.573028
G1 X107.343 Y123.318 E.00405
;WIDTH:0.52631
G1 X107.343 Y107.682 E.62847
;WIDTH:0.573031
G1 X107.366 Y107.593 E.00405
;WIDTH:0.619752
G1 X107.39 Y107.503 E.00447
;WIDTH:0.666472
G1 X107.413 Y107.413 E.00482
G1 X107.503 Y107.39 E.00482
;WIDTH:0.619752
G1 X107.593 Y107.366 E.00447
;WIDTH:0.573031
G1 X107.682 Y107.343 E.00405
;WIDTH:0.52631
G1 X123.119 Y107.343 E.62048
;LAYER_CHANGE
;Z:5.8
;HEIGHT:0.2
;BEFORE_LAYER_CHANGE
G92 E0
;5.8


G1 E-3.5 F3600
;WIPE_START
G1 F7200
G1 X119.961 Y107.343 E-1.5
;WIPE_END
G1 Z5.8 F9000
;AFTER_LAYER_CHANGE
;5.8
G1 X123.806 Y107.194
G1 E5 F2400
;TYPE:Perimeter
;WIDTH:0.439999
G1 F1297
G1 X123.806 Y123.806 E.54848
G1 X107.194 Y123.806 E.54848
G1 X107.194 Y107.194 E.54848
G1 X123.746 Y107.194 E.5465
G1 X124.203 Y106.797 F9000
G1 F1297
G1 X124.203 Y124.203 E.5747
G1 X106.797 Y124.203 E.5747
G1 X106.797 Y106.797 E.5747
G1 X124.143 Y106.797 E.57272
G1 X124.59 Y106.41 F9000
;TYPE:External perimeter
;WIDTH:0.419999
G1 F1297
G1 X124.59 Y124.59 E.57002
G1 X106.41 Y124.59 E.57002
G1 X106.41 Y106.41 E.57002
G1 X124.53 Y106.41 E.56814
G1 E-3.5 F3600
;WIPE_START
G1 F7200
G1 X124.59 Y106.41 E-.0285
G1 X124.59 Y109.508 E-1.4715
;WIPE_END
G1 X123.017 Y110.366 F9000
G1 E5 F2400
;TYPE:Internal infill
;WIDTH:0.44
G1 F1297
G1 X123.017 Y107.983 E.07868
G1 X107.983 Y123.017 E.70199
G1 X107.983 Y119.214 E.12556
G1 X111.786 Y123.017 E.17758
G1 X113.599 Y123.017 E.05986
G1 X123.017 Y113.599 E.43976
G1 X123.017 Y111.786 E.05986
G1 X119.214 Y107.983 E.17758
G1 X117.401 Y107.983 E.05986
G1 X107.983 Y117.401 E.43976
G1 X107.983 Y113.599 E.12553
G1 X117.401 Y123.017 E.43976
G1 X119.214 Y123.017 E.05986
G1 X123.017 Y119.214 E.17758
G1 X123.017 Y117.401 E.05986
G1 X113.599 Y107.983 E.43976
G1 X111.786 Y107.983 E.05986
G1 X107.983 Y111.786 E.17758
G1 X107.983 Y107.983 E.12556
G1 X123.017 Y123.017 E.70199
G1 X123.017 Y120.634 E.07868
G1 E-3.5 F3600
;WIPE_START
G1 F7200
G1 X123.017 Y123.017 E-1.13192
G1 X122.469 Y122.469 E-.36808
;WIPE_END
G1 X107.543 Y123.118 F9000
G1 E5 F2400
;TYPE:Solid infill
;WIDTH:0.52631
G1 F1297
G1 X107.543 Y107.882 E.6124
;WIDTH:0.573028
G1 X107.566 Y107.793 E.00405
;WIDTH:0.619748
G1 X107.59 Y107.703 E.00447
;WIDTH:0.666468
G1 X107.613 Y107.613 E.00482
G1 X107.703 Y107.59 E.00482
;WIDTH:0.619748
G1 X107.793 Y107.566 E.00447
;WIDTH:0.573028
G1 X107.882 Y107.543 E.00405
;WIDTH:0.526308
G1 X123.118 Y107.543 E.61239
;WIDTH:0.57303
G1 X123.207 Y107.566 E.00405
;WIDTH:0.619751
G1 X123.297 Y107.59 E.00447
;WIDTH:0.666472
G1 X123.387 Y107.613 E.00482
G1 X123.41 Y107.691 E.00422
;WIDTH:0.619751
G1 X123.434 Y107.77 E.00396
;WIDTH:0.57303
G1 X123.457 Y107.848 E.00358
;WIDTH:0.526308
G1 X123.457 Y123.118 E.61376
;WIDTH:0.573028
G1 X123.434 Y123.207 E.00405
;WIDTH:0.619748
G1 X123.41 Y123.297 E.00447
;WIDTH:0.666468
G1 X123.387 Y123.387 E.00482
G1 X123.297 Y123.41 E.00482
;WIDTH:0.619748
G1 X123.207 Y123.434 E.00447
;WIDTH:0.573028
G1 X123.118 Y123.457 E.00405
;WIDTH:0.526308
G1 X107.882 Y123.457 E.61239
;WIDTH:0.57303
G1 X107.793 Y123.434 E.00405
;WIDTH:0.619751
G1 X107.703 Y123.41 E.00447
;WIDTH:0.666472
G1 X107.613 Y123.387 E.00482
G1 X107.593 Y123.31 E.00412
;LAYER_CHANGE
;Z:6
;HEIGHT:0.2
;BEFORE_LAYER_CHANGE
G92 E0
;6


G1 E-3.5 F3600
;WIPE_START
G1 F7200
G1 X107.613 Y123.387 E-.03779
G1 X107.703 Y123.41 E-.04412
G1 X107.793 Y123.434 E-.04424
G1 X107.882 Y123.457 E-.04366
G1 X110.682 Y123.457 E-1.33019
;WIPE_END
G1 Z6 F9000
;AFTER_LAYER_CHANGE
;6
G1 X107.394 Y123.606
G1 E5 F2400
;TYPE:Perimeter
;WIDTH:0.439999
G1 F1262
G1 X107.394 Y107.394 E.53528
G1 X123.606 Y107.394 E.53528
G1 X123.606 Y123.606 E.53528
G1 X107.454 Y123.606 E.53329
G1 X106.997 Y124.003 F9000
G1 F1262
G1 X106.997 Y106.997 E.56149
G1 X124.003 Y106.997 E.56149
G1 X124.003 Y124.003 E.56149
G1 X107.057 Y124.003 E.55951
G1 X106.61 Y124.39 F9000
;TYPE:External perimeter
;WIDTH:0.419999
G1 F1262
G1 X106.61 Y106.61 E.55748
G1 X124.39 Y106.61 E.55748
G1 X124.39 Y124.39 E.55748
G1 X106.67 Y124.39 E.5556
G1 E-3.5 F3600
;WIPE_START
G1 F7200
G1 X106.61 Y124.39 E-.0285
G1 X106.61 Y121.292 E-1.4715
;WIPE_END
G1 X120.434 Y122.817 F9000
G1 E5 F2400
;TYPE:Internal infill
;WIDTH:0.44
G1 F1262
G1 X122.817 Y122.817 E.07868
G1 X108.183 Y108.183 E.68331
G1 X108.183 Y111.586 E.11236
G1 X111.586 Y108.183 E.1589
G1 X113.799 Y108.183 E.07307
G1 X122.817 Y117.201 E.42108
G1 X122.817 Y119.414 E.07307
G1 X119.414 Y122.817 E.1589
G1 X117.201 Y122.817 E.07307
G1 X108.183 Y113.799 E.42108
G1 X108.183 Y117.201 E.11232
G1 X117.201 Y108.183 E.42108
G1 X119.414 Y108.183 E.07307
G1 X122.817 Y111.586 E.1589
G1 X122.817 Y113.799 E.07307
G1 X113.799 Y122.817 E.42108
G1 X111.586 Y122.817 E.07307
G1 X108.183 Y119.414 E.1589
G1 X108.183 Y122.817 E.11236
G1 X122.817 Y108.183 E.68331
G1 X122.817 Y110.566 E.07868
G1 E-3.5 F3600
;WIPE_START
G1 F7200
G1 X122.817 Y108.183 E-1.13192
G1 X122.269 Y108.731 E-.36808
;WIPE_END
G1 X122.918 Y107.743 F9000
G1 E5 F2400
;TYPE:Solid infill
;WIDTH:0.573027
G1 F1262
G1 X123.007 Y107.766 E.00405
;WIDTH:0.619748
G1 X123.097 Y107.79 E.00447
;WIDTH:0.666468
G1 X123.187 Y107.813 E.00482
G1 X123.21 Y107.903 E.00482
;WIDTH:0.619748
G1 X123.234 Y107.993 E.00447
;WIDTH:0.573028
G1 X123.257 Y108.082 E.00405
;WIDTH:0.526308
G1 X123.257 Y122.918 E.59632
;WIDTH:0.573028
G1 X123.234 Y123.007 E.00405
;WIDTH:0.61975
G1 X123.21 Y123.097 E.00447
;WIDTH:0.666472
G1 X123.187 Y123.187 E.00482
G1 X123.109 Y123.21 E.00422
;WIDTH:0.61975
G1 X123.031 Y123.234 E.00391
;WIDTH:0.573028
G1 X122.952 Y123.257 E.00363
;WIDTH:0.526308
G1 X108.082 Y123.257 E.59768
;WIDTH:0.573028
G1 X107.993 Y123.234 E.00405
;WIDTH:0.619748
G1 X107.903 Y123.21 E.00447
;WIDTH:0.666468
G1 X107.813 Y123.187 E.00482
G1 X107.79 Y123.097 E.00482
;WIDTH:0.619748
G1 X107.766 Y123.007 E.00447
;WIDTH:0.573027
G1 X107.743 Y122.918 E.00405
;WIDTH:0.526308
G1 X107.743 Y108.082 E.59632
;WIDTH:0.57303
G1 X107.766 Y107.993 E.00405
;WIDTH:0.619751
G1 X107.79 Y107.903 E.00447
;WIDTH:0.666472
G1 X107.813 Y107.813 E.00482
G1 X107.903 Y107.79 E.00482
;WIDTH:0.619751
G1 X107.993 Y107.766 E.00447
;WIDTH:0.57303
G1 X108.082 Y107.743 E.00405
;WIDTH:0.526308
G1 X122.719 Y107.743 E.58832
;LAYER_CHANGE
;Z:6.2
;HEIGHT:0.2
;BEFORE_LAYER_CHANGE
G92 E0
;6.2


G1 E-3.5 F3600
;WIPE_START
G1 F7200
G1 X119.561 Y107.743 E-1.5
;WIPE_END
G1 Z6.2 F9000
;AFTER_LAYER_CHANGE
;6.2
G1 X123.406 Y107.594
G1 E5 F2400
;TYPE:Perimeter
;WIDTH:0.439999
G1 F1231
G1 X123.406 Y123.406 E.52207
G1 X107.594 Y123.406 E.52207
G1 X107.594 Y107.594 E.52207
G1 X123.346 Y107.594 E.52009
G1 X123.803 Y107.197 F9000
G1 F1231
G1 X123.803 Y123.803 E.54828
G1 X107.197 Y123.803 E.54828
G1 X107.197 Y107.197 E.54828
G1 X123.743 Y107.197 E.5463
G1 X124.19 Y106.81 F9000
;TYPE:External perimeter
;WIDTH:0.419999
G1 F1231
G1 X124.19 Y124.19 E.54494
G1 X106.81 Y124.19 E.54494
G1 X106.81 Y106.81 E.54494
G1 X124.13 Y106.81 E.54306
G1 E-3.5 F3600
;WIPE_START
G1 F7200
G1 X124.19 Y106.81 E-.0285
G1 X124.19 Y109.908 E-1.4715
;WIPE_END
G1 X122.617 Y110.766 F9000
G1 E5 F2400
;TYPE:Internal infill
;WIDTH:0.44
G1 F1231
G1 X122.617 Y108.383 E.07868
G1 X108.383 Y122.617 E.66464
G1 X108.383 Y119.614 E.09915
G1 X111.386 Y122.617 E.14022
G1 X113.999 Y122.617 E.08627
G1 X122.617 Y113.999 E.4024
G1 X122.617 Y111.386 E.08627
G1 X119.614 Y108.383 E.14022
G1 X117.001 Y108.383 E.08627
G1 X108.383 Y117.001 E.4024
G1 X108.383 Y113.999 E.09912
G1 X117.001 Y122.617 E.4024
G1 X119.614 Y122.617 E.08627
G1 X122.617 Y119.614 E.14022
G1 X122.617 Y117.001 E.08627
G1 X113.999 Y108.383 E.4024
G1 X111.386 Y108.383 E.08627
G1 X108.383 Y111.386 E.14022
G1 X108.383 Y108.383 E.09915
G1 X122.617 Y122.617 E.66464
G1 X120.234 Y122.617 E.07868
G1 E-3.5 F3600
;WIPE_START
G1 F7200
G1 X122.617 Y122.617 E-1.13192
G1 X122.069 Y122.069 E-.36808
;WIPE_END
G1 X107.943 Y108.282 F9000
G1 E5 F2400
;TYPE:Solid infill
;WIDTH:0.57303
G1 F1231
G1 X107.966 Y108.193 E.00405
;WIDTH:0.619751
G1 X107.99 Y108.103 E.00447
;WIDTH:0.666472
G1 X108.013 Y108.013 E.00482
G1 X108.103 Y107.99 E.00482
;WIDTH:0.619752
G1 X108.193 Y107.966 E.00447
;WIDTH:0.573031
G1 X108.282 Y107.943 E.00405
;WIDTH:0.52631
G1 X122.718 Y107.943 E.58024
;WIDTH:0.57303
G1 X122.807 Y107.966 E.00405
;WIDTH:0.619751
G1 X122.897 Y107.99 E.00447
;WIDTH:0.666472
G1 X122.987 Y108.013 E.00482
G1 X123.01 Y108.091 E.00422
;WIDTH:0.619751
G1 X123.034 Y108.17 E.00396
;WIDTH:0.57303
G1 X123.057 Y108.248 E.00358
;WIDTH:0.526308
G1 X123.057 Y122.718 E.58161
;WIDTH:0.573028
G1 X123.034 Y122.807 E.00405
;WIDTH:0.619748
G1 X123.01 Y122.897 E.00447
;WIDTH:0.666468
G1 X122.987 Y122.987 E.00482
G1 X122.897 Y123.01 E.00482
;WIDTH:0.619748
G1 X122.807 Y123.034 E.00447
;WIDTH:0.573027
G1 X122.718 Y123.057 E.00405
;WIDTH:0.526306
G1 X108.282 Y123.057 E.58024
;WIDTH:0.573028
G1 X108.193 Y123.034 E.00405
;WIDTH:0.619749
G1 X108.103 Y123.01 E.00447
;WIDTH:0.66647
G1 X108.013 Y122.987 E.00482
G1 X107.99 Y122.897 E.00482
;WIDTH:0.61975
G1 X107.966 Y122.807 E.00447
;WIDTH:0.573029
G1 X107.943 Y122.718 E.00405
;WIDTH:0.526308
G1 X107.943 Y108.481 E.57224
;LAYER_CHANGE
;Z:6.4
;HEIGHT:0.2
;BEFORE_LAYER_CHANGE
G92 E0
;6.4


G1 E-3.5 F3600
;WIPE_START
G1 F7200
G1 X107.943 Y111.639 E-1.5
;WIPE_END
G1 Z6.4 F9000
;AFTER_LAYER_CHANGE
;6.4
G1 X107.794 Y107.794
G1 E5 F2400
;TYPE:Perimeter
;WIDTH:0.439999
G1 F1187
G1 X123.206 Y107.794 E.50886
G1 X123.206 Y123.206 E.50886
G1 X107.794 Y123.206 E.50886
G1 X107.794 Y107.854 E.50688
G1 X107.397 Y107.397 F9000
G1 F1187
G1 X123.603 Y107.397 E.53508
G1 X123.603 Y123.603 E.53508
G1 X107.397 Y123.603 E.53508
G1 X107.397 Y107.457 E.5331
G1 X107.01 Y107.01 F9000
;TYPE:External perimeter
;WIDTH:0.419999
G1 F1187
G1 X123.99 Y107.01 E.5324
G1 X123.99 Y123.99 E.5324
G1 X107.01 Y123.99 E.5324
G1 X107.01 Y107.07 E.53051
G1 E-3.5 F3600
;WIPE_START
G1 F7200
G1 X107.01 Y107.01 E-.0285
G1 X110.108 Y107.01 E-1.4715
;WIPE_END
G1 X108.583 Y113.568 F9000
G1 E5 F2400
;TYPE:Internal infill
;WIDTH:0.44
G1 F1187
G1 X108.583 Y111.186 E.07865
G1 X111.186 Y108.583 E.12154
G1 X108.583 Y108.583 E.08594
G1 X122.417 Y122.417 E.64596
G1 X122.417 Y119.814 E.08594
G1 X119.814 Y122.417 E.12154
G1 X116.801 Y122.417 E.09948
G1 X108.583 Y114.199 E.38373
G1 X108.583 Y116.801 E.08591
G1 X116.801 Y108.583 E.38373
G1 X114.199 Y108.583 E.08591
G1 X122.417 Y116.801 E.38373
G1 X122.417 Y114.199 E.08591
G1 X114.199 Y122.417 E.38373
G1 X111.186 Y122.417 E.09948
G1 X108.583 Y119.814 E.12154
G1 X108.583 Y122.417 E.08594
G1 X122.417 Y108.583 E.64596
G1 X119.814 Y108.583 E.08594
G1 X122.417 Y111.186 E.12154
G1 X122.417 Y113.568 E.07865
G1 E-3.5 F3600
;WIPE_START
G1 F7200
G1 X122.417 Y111.186 E-1.13145
G1 X121.868 Y110.637 E-.36855
;WIPE_END
G1 X122.518 Y108.143 F9000
G1 E5 F2400
;TYPE:Solid infill
;WIDTH:0.573026
G1 F1187
G1 X122.607 Y108.166 E.00405
;WIDTH:0.619746
G1 X122.697 Y108.19 E.00447
;WIDTH:0.666466
G1 X122.787 Y108.213 E.00482
G1 X122.81 Y108.303 E.00482
;WIDTH:0.619747
G1 X122.834 Y108.393 E.00447
;WIDTH:0.573028
G1 X122.857 Y108.482 E.00405
;WIDTH:0.526308
G1 X122.857 Y122.518 E.56416
;WIDTH:0.573028
G1 X122.834 Y122.607 E.00405
;WIDTH:0.619749
G1 X122.81 Y122.697 E.00447
;WIDTH:0.66647
G1 X122.787 Y122.787 E.00482
G1 X122.709 Y122.81 E.00422
;WIDTH:0.619749
G1 X122.631 Y122.834 E.00391
;WIDTH:0.573028
G1 X122.552 Y122.857 E.00363
;WIDTH:0.526308
G1 X108.482 Y122.857 E.56553
;WIDTH:0.573028
G1 X108.393 Y122.834 E.00405
;WIDTH:0.619747
G1 X108.303 Y122.81 E.00447
;WIDTH:0.666466
G1 X108.213 Y122.787 E.00482
G1 X108.19 Y122.697 E.00482
;WIDTH:0.619746
G1 X108.166 Y122.607 E.00447
;WIDTH:0.573026
G1 X108.143 Y122.518 E.00405
;WIDTH:0.526308
G1 X108.143 Y108.482 E.56416
;WIDTH:0.573028
G1 X108.166 Y108.393 E.00405
;WIDTH:0.619748
G1 X108.19 Y108.303 E.00447
;WIDTH:0.666468
G1 X108.213 Y108.213 E.00482
G1 X108.303 Y108.19 E.00482
;WIDTH:0.619748
G1 X108.393 Y108.166 E.00447
;WIDTH:0.573028
G1 X108.482 Y108.143 E.00405
;WIDTH:0.526308
G1 X122.319 Y108.143 E.55616
;LAYER_CHANGE
;Z:6.6
;HEIGHT:0.2
;BEFORE_LAYER_CHANGE
G92 E0
;6.6


G1 E-3.5 F3600
;WIPE_START
G1 F7200
G1 X119.161 Y108.143 E-1.5
;WIPE_END
G1 Z6.6 F9000
;AFTER_LAYER_CHANGE
;6.6
G1 X123.006 Y107.994
G1 E5 F2400
;TYPE:Perimeter
;WIDTH:0.439999
G1 F1166
G1 X123.006 Y123.006 E.49566
G1 X107.994 Y123.006 E.49566
G1 X107.994 Y107.994 E.49566
G1 X122.946 Y107.994 E.49367
G1 X123.403 Y107.597 F9000
G1 F1166
G1 X123.403 Y123.403 E.52187
G1 X107.597 Y123.403 E.52187
G1 X107.597 Y107.597 E.52187
G1 X123.343 Y107.597 E.51989
G1 X123.79 Y107.21 F9000
;TYPE:External perimeter
;WIDTH:0.419999
G1 F1166
G1 X123.79 Y123.79 E.51985
G1 X107.21 Y123.79 E.51985
G1 X107.21 Y107.21 E.51985
G1 X123.73 Y107.21 E.51797
G1 E-3.5 F3600
;WIPE_START
G1 F7200
G1 X123.79 Y107.21 E-.0285
G1 X123.79 Y110.308 E-1.4715
;WIPE_END
G1 X122.217 Y113.368 F9000
G1 E5 F2400
;TYPE:Internal infill
;WIDTH:0.44
G1 F1166
G1 X122.217 Y110.986 E.07865
G1 X120.014 Y108.783 E.10287
G1 X122.217 Y108.783 E.07274
G1 X108.783 Y122.217 E.62728
G1 X108.783 Y120.014 E.07274
G1 X110.986 Y122.217 E.10287
G1 X114.399 Y122.217 E.11269
G1 X122.217 Y114.399 E.36505
G1 X122.217 Y116.601 E.0727
G1 X114.399 Y108.783 E.36505
G1 X116.601 Y108.783 E.0727
G1 X108.783 Y116.601 E.36505
G1 X108.783 Y114.399 E.0727
G1 X116.601 Y122.217 E.36505
G1 X118.984 Y122.217 E.07868
G1 E-3.5 F3600
;WIPE_START
G1 F7200
G1 X116.601 Y122.217 E-1.13193
G1 X116.053 Y121.669 E-.36807
;WIPE_END
G1 X122.217 Y117.632 F9000
G1 E5 F2400
G1 F1166
G1 X122.217 Y120.014 E.07865
G1 X120.014 Y122.217 E.10287
G1 X122.217 Y122.217 E.07274
G1 X108.783 Y108.783 E.62728
G1 X110.986 Y108.783 E.07274
G1 X108.783 Y110.986 E.10287
G1 X108.783 Y113.368 E.07865
G1 E-3.5 F3600
;WIPE_START
G1 F7200
G1 X108.783 Y110.986 E-1.13145
G1 X109.332 Y110.437 E-.36855
;WIPE_END
G1 X108.343 Y122.318 F9000
G1 E5 F2400
;TYPE:Solid infill
;WIDTH:0.526308
G1 F1166
G1 X108.343 Y108.682 E.54808
;WIDTH:0.573028
G1 X108.366 Y108.593 E.00405
;WIDTH:0.619748
G1 X108.39 Y108.503 E.00447
;WIDTH:0.666468
G1 X108.413 Y108.413 E.00482
G1 X108.503 Y108.39 E.00482
;WIDTH:0.619748
G1 X108.593 Y108.366 E.00447
;WIDTH:0.573028
G1 X108.682 Y108.343 E.00405
;WIDTH:0.526308
G1 X122.318 Y108.343 E.54808
;WIDTH:0.57303
G1 X122.407 Y108.366 E.00405
;WIDTH:0.619751
G1 X122.497 Y108.39 E.00447
;WIDTH:0.666472
G1 X122.587 Y108.413 E.00482
G1 X122.61 Y108.491 E.00422
;WIDTH:0.619751
G1 X122.634 Y108.569 E.00391
;WIDTH:0.57303
G1 X122.657 Y108.648 E.00363
;WIDTH:0.526308
G1 X122.657 Y122.318 E.54945
;WIDTH:0.57303
G1 X122.634 Y122.407 E.00405
;WIDTH:0.619751
G1 X122.61 Y122.497 E.00447
;WIDTH:0.666472
G1 X122.587 Y122.587 E.00482
G1 X122.497 Y122.61 E.00482
;WIDTH:0.619751
G1 X122.407 Y122.634 E.00447
;WIDTH:0.57303
G1 X122.318 Y122.657 E.00405
;WIDTH:0.52631
G1 X108.682 Y122.657 E.54809
;WIDTH:0.573031
G1 X108.593 Y122.634 E.00405
;WIDTH:0.619752
G1 X108.503 Y122.61 E.00447
;WIDTH:0.666472
G1 X108.413 Y122.587 E.00482
G1 X108.393 Y122.51 E.00412
;LAYER_CHANGE
;Z:6.8
;HEIGHT:0.2
;BEFORE_LAYER_CHANGE
G92 E0
;6.8


G1 E-3.5 F3600
;WIPE_START
G1 F7200
G1 X108.413 Y122.587 E-.03779
G1 X108.503 Y122.61 E-.04412
G1 X108.593 Y122.634 E-.04424
G1 X108.682 Y122.657 E-.04366
G1 X111.482 Y122.657 E-1.33019
;WIPE_END
G1 Z6.8 F9000
;AFTER_LAYER_CHANGE
;6.8
G1 X108.194 Y122.806
G1 E5 F2400
;TYPE:Perimeter
;WIDTH:0.439999
G1 F1122
G1 X108.194 Y108.194 E.48245
G1 X122.806 Y108.194 E.48245
G1 X122.806 Y122.806 E.48245
G1 X108.254 Y122.806 E.48047
G1 X107.797 Y123.203 F9000
G1 F1122
G1 X107.797 Y107.797 E.50866
G1 X123.203 Y107.797 E.50866
G1 X123.203 Y123.203 E.50866
G1 X107.857 Y123.203 E.50668
G1 X107.41 Y123.59 F9000
;TYPE:External perimeter
;WIDTH:0.419999
G1 F1122
G1 X107.41 Y107.41 E.50731
G1 X123.59 Y107.41 E.50731
G1 X123.59 Y123.59 E.50731
G1 X107.47 Y123.59 E.50543
G1 E-3.5 F3600
;WIPE_START
G1 F7200
G1 X107.41 Y123.59 E-.0285
G1 X107.41 Y120.492 E-1.4715
;WIPE_END
G1 X108.983 Y113.168 F9000
G1 E5 F2400
;TYPE:Internal infill
;WIDTH:0.44
G1 F1122
G1 X108.983 Y110.786 E.07865
G1 X110.786 Y108.983 E.08419
G1 X108.983 Y108.983 E.05953
G1 X122.017 Y122.017 E.6086
G1 X120.214 Y122.017 E.05953
G1 X122.017 Y120.214 E.08419
G1 X122.017 Y117.832 E.07865
G1 E-3.5 F3600
;WIPE_START
G1 F7200
G1 X122.017 Y120.214 E-1.13145
G1 X121.468 Y120.763 E-.36855
;WIPE_END
G1 X122.017 Y113.168 F9000
G1 E5 F2400
G1 F1122
G1 X122.017 Y110.786 E.07865
G1 X120.214 Y108.983 E.08419
G1 X122.017 Y108.983 E.05953
G1 X108.983 Y122.017 E.6086
G1 X108.983 Y120.214 E.05953
G1 X110.786 Y122.017 E.08419
G1 X114.599 Y122.017 E.12589
G1 X122.017 Y114.599 E.34637
G1 X122.017 Y116.401 E.0595
G1 X114.599 Y108.983 E.34637
G1 X116.401 Y108.983 E.0595
G1 X108.983 Y116.401 E.34637
G1 X108.983 Y114.599 E.0595
G1 X116.401 Y122.017 E.34637
G1 X118.784 Y122.017 E.07868
G1 E-3.5 F3600
;WIPE_START
G1 F7200
G1 X116.401 Y122.017 E-1.13193
G1 X115.853 Y121.469 E-.36807
;WIPE_END
G1 X122.118 Y108.543 F9000
G1 E5 F2400
;TYPE:Solid infill
;WIDTH:0.573029
G1 F1122
G1 X122.207 Y108.566 E.00405
;WIDTH:0.61975
G1 X122.297 Y108.59 E.00447
;WIDTH:0.66647
G1 X122.387 Y108.613 E.00482
G1 X122.41 Y108.703 E.00482
;WIDTH:0.61975
G1 X122.434 Y108.793 E.00447
;WIDTH:0.573029
G1 X122.457 Y108.882 E.00405
;WIDTH:0.526308
G1 X122.457 Y122.118 E.53201
;WIDTH:0.573028
G1 X122.434 Y122.207 E.00405
;WIDTH:0.61975
G1 X122.41 Y122.297 E.00447
;WIDTH:0.666472
G1 X122.387 Y122.387 E.00482
G1 X122.309 Y122.41 E.00422
;WIDTH:0.61975
G1 X122.231 Y122.434 E.00391
;WIDTH:0.573028
G1 X122.152 Y122.457 E.00363
;WIDTH:0.526308
G1 X108.882 Y122.457 E.53337
;WIDTH:0.573028
G1 X108.793 Y122.434 E.00405
;WIDTH:0.619748
G1 X108.703 Y122.41 E.00447
;WIDTH:0.666468
G1 X108.613 Y122.387 E.00482
G1 X108.59 Y122.297 E.00482
;WIDTH:0.619748
G1 X108.566 Y122.207 E.00447
;WIDTH:0.573028
G1 X108.543 Y122.118 E.00405
;WIDTH:0.52631
G1 X108.543 Y108.882 E.53201
;WIDTH:0.573031
G1 X108.566 Y108.793 E.00405
;WIDTH:0.619752
G1 X108.59 Y108.703 E.00447
;WIDTH:0.666472
G1 X108.613 Y108.613 E.00482
G1 X108.703 Y108.59 E.00482
;WIDTH:0.619752
G1 X108.793 Y108.566 E.00447
;WIDTH:0.573031
G1 X108.882 Y108.543 E.00405
;WIDTH:0.52631
G1 X121.919 Y108.543 E.52401
;LAYER_CHANGE
;Z:7
;HEIGHT:0.2
;BEFORE_LAYER_CHANGE
G92 E0
;7


G1 E-3.5 F3600
;WIPE_START
G1 F7200
G1 X118.761 Y108.543 E-1.5
;WIPE_END
G1 Z7 F9000
;AFTER_LAYER_CHANGE
;7
G1 X122.606 Y108.394
G1 E5 F2400
;TYPE:Perimeter
;WIDTH:0.439999
G1 F1074
G1 X122.606 Y122.606 E.46924
G1 X108.394 Y122.606 E.46924
G1 X108.394 Y108.394 E.46924
G1 X122.546 Y108.394 E.46726
G1 X123.003 Y107.997 F9000
G1 F1074
G1 X123.003 Y123.003 E.49546
G1 X107.997 Y123.003 E.49546
G1 X107.997 Y107.997 E.49546
G1 X122.943 Y107.997 E.49348
G1 X123.39 Y107.61 F9000
;TYPE:External perimeter
;WIDTH:0.419999
G1 F1074
G1 X123.39 Y123.39 E.49477
G1 X107.61 Y123.39 E.49477
G1 X107.61 Y107.61 E.49477
G1 X123.33 Y107.61 E.49289
G1 E-3.5 F3600
;WIPE_START
G1 F7200
G1 X123.39 Y107.61 E-.0285
G1 X123.39 Y110.708 E-1.4715
;WIPE_END
G1 X121.817 Y112.968 F9000
G1 E5 F2400
;TYPE:Internal infill
;WIDTH:0.44
G1 F1074
G1 X121.817 Y110.586 E.07865
G1 X120.414 Y109.183 E.06551
G1 X121.817 Y109.183 E.04632
G1 X109.183 Y121.817 E.58993
G1 X109.183 Y120.414 E.04632
G1 X110.586 Y121.817 E.06551
G1 X114.799 Y121.817 E.1391
G1 X121.817 Y114.799 E.3277
G1 X121.817 Y116.201 E.04629
G1 X114.799 Y109.183 E.3277
G1 X116.201 Y109.183 E.04629
G1 X109.183 Y116.201 E.3277
G1 X109.183 Y114.799 E.04629
G1 X116.201 Y121.817 E.3277
G1 X118.584 Y121.817 E.07868
G1 E-3.5 F3600
;WIPE_START
G1 F7200
G1 X116.201 Y121.817 E-1.13192
G1 X115.653 Y121.269 E-.36808
;WIPE_END
G1 X121.817 Y118.032 F9000
G1 E5 F2400
G1 F1074
G1 X121.817 Y120.414 E.07865
G1 X120.414 Y121.817 E.06551
G1 X121.817 Y121.817 E.04632
G1 X109.183 Y109.183 E.58993
G1 X110.586 Y109.183 E.04632
G1 X109.183 Y110.586 E.06551
G1 X109.183 Y112.968 E.07865
G1 E-3.5 F3600
;WIPE_START
G1 F7200
G1 X109.183 Y110.586 E-1.13145
G1 X109.731 Y110.037 E-.36855
;WIPE_END
G1 X108.743 Y121.918 F9000
G1 E5 F2400
;TYPE:Solid infill
;WIDTH:0.526308
G1 F1074
G1 X108.743 Y109.082 E.51593
;WIDTH:0.573029
G1 X108.766 Y108.993 E.00405
;WIDTH:0.61975
G1 X108.79 Y108.903 E.00447
;WIDTH:0.66647
G1 X108.813 Y108.813 E.00482
G1 X108.903 Y108.79 E.00482
;WIDTH:0.61975
G1 X108.993 Y108.766 E.00447
;WIDTH:0.57303
G1 X109.082 Y108.743 E.00405
;WIDTH:0.52631
G1 X121.918 Y108.743 E.51593
;WIDTH:0.57303
G1 X122.007 Y108.766 E.00405
;WIDTH:0.619751
G1 X122.097 Y108.79 E.00447
;WIDTH:0.666472
G1 X122.187 Y108.813 E.00482
G1 X122.21 Y108.891 E.00422
;WIDTH:0.619751
G1 X122.234 Y108.97 E.00396
;WIDTH:0.57303
G1 X122.257 Y109.048 E.00358
;WIDTH:0.526308
G1 X122.257 Y121.918 E.5173
;WIDTH:0.573028
G1 X122.234 Y122.007 E.00405
;WIDTH:0.619748
G1 X122.21 Y122.097 E.00447
;WIDTH:0.666468
G1 X122.187 Y122.187 E.00482
G1 X122.097 Y122.21 E.00482
;WIDTH:0.619748
G1 X122.007 Y122.234 E.00447
;WIDTH:0.573028
G1 X121.918 Y122.257 E.00405
;WIDTH:0.526308
G1 X109.082 Y122.257 E.51593
;WIDTH:0.57303
G1 X108.993 Y122.234 E.00405
;WIDTH:0.619751
G1 X108.903 Y122.21 E.00447
;WIDTH:0.666472
G1 X108.813 Y122.187 E.00482
G1 X108.793 Y122.11 E.00412
;LAYER_CHANGE
;Z:7.2
;HEIGHT:0.2
;BEFORE_LAYER_CHANGE
G92 E0
;7.2


G1 E-3.5 F3600
;WIPE_START
G1 F7200
G1 X108.813 Y122.187 E-.03779
G1 X108.903 Y122.21 E-.04412
G1 X108.993 Y122.234 E-.04424
G1 X109.082 Y122.257 E-.04366
G1 X111.882 Y122.257 E-1.33019
;WIPE_END
G1 Z7.2 F9000
;AFTER_LAYER_CHANGE
;7.2
G1 X108.594 Y122.406
G1 E5 F2400
;TYPE:Perimeter
;WIDTH:0.439999
G1 F1012
G1 X108.594 Y108.594 E.45603
G1 X122.406 Y108.594 E.45603
G1 X122.406 Y122.406 E.45603
G1 X108.654 Y122.406 E.45405
G1 X108.197 Y122.803 F9000
G1 F1012
G1 X108.197 Y108.197 E.48225
G1 X122.803 Y108.197 E.48225
G1 X122.803 Y122.803 E.48225
G1 X108.257 Y122.803 E.48027
G1 X107.81 Y123.19 F9000
;TYPE:External perimeter
;WIDTH:0.419999
G1 F1012
G1 X107.81 Y107.81 E.48223
G1 X123.19 Y107.81 E.48223
G1 X123.19 Y123.19 E.48223
G1 X107.87 Y123.19 E.48035
G1 E-3.5 F3600
;WIPE_START
G1 F7200
G1 X107.81 Y123.19 E-.0285
G1 X107.81 Y120.092 E-1.4715
;WIPE_END
G1 X109.383 Y112.768 F9000
G1 E5 F2400
;TYPE:Internal infill
;WIDTH:0.44
G1 F1012
G1 X109.383 Y110.386 E.07865
G1 X110.386 Y109.383 E.04683
G1 X109.383 Y109.383 E.03312
G1 X121.617 Y121.617 E.57125
G1 X121.617 Y120.614 E.03312
G1 X120.614 Y121.617 E.04683
G1 X116.001 Y121.617 E.15231
G1 X109.383 Y114.999 E.30902
G1 X109.383 Y116.001 E.03308
G1 X116.001 Y109.383 E.30902
G1 X114.999 Y109.383 E.03308
G1 X121.617 Y116.001 E.30902
G1 X121.617 Y114.999 E.03308
G1 X114.999 Y121.617 E.30902
G1 X110.386 Y121.617 E.15231
G1 X109.383 Y120.614 E.04683
G1 X109.383 Y121.617 E.03312
G1 X121.617 Y109.383 E.57125
G1 X120.614 Y109.383 E.03312
G1 X121.617 Y110.386 E.04683
G1 X121.617 Y112.768 E.07865
G1 E-3.5 F3600
;WIPE_START
G1 F7200
G1 X121.617 Y110.386 E-1.13145
G1 X121.069 Y109.838 E-.36855
;WIPE_END
G1 X121.718 Y108.943 F9000
G1 E5 F2400
;TYPE:Solid infill
;WIDTH:0.573027
G1 F1012
G1 X121.807 Y108.966 E.00405
;WIDTH:0.619748
G1 X121.897 Y108.99 E.00447
;WIDTH:0.666468
G1 X121.987 Y109.013 E.00482
G1 X122.01 Y109.103 E.00482
;WIDTH:0.619748
G1 X122.034 Y109.193 E.00447
;WIDTH:0.573028
G1 X122.057 Y109.282 E.00405
;WIDTH:0.526308
G1 X122.057 Y121.718 E.49985
;WIDTH:0.573028
G1 X122.034 Y121.807 E.00405
;WIDTH:0.619749
G1 X122.01 Y121.897 E.00447
;WIDTH:0.66647
G1 X121.987 Y121.987 E.00482
G1 X121.909 Y122.01 E.00422
;WIDTH:0.619749
G1 X121.831 Y122.034 E.00391
;WIDTH:0.573028
G1 X121.752 Y122.057 E.00363
;WIDTH:0.526308
G1 X109.282 Y122.057 E.50122
;WIDTH:0.573028
G1 X109.193 Y122.034 E.00405
;WIDTH:0.619748
G1 X109.103 Y122.01 E.00447
;WIDTH:0.666468
G1 X109.013 Y121.987 E.00482
G1 X108.99 Y121.897 E.00482
;WIDTH:0.619748
G1 X108.966 Y121.807 E.00447
;WIDTH:0.573028
G1 X108.943 Y121.718 E.00405
;WIDTH:0.526308
G1 X108.943 Y109.282 E.49985
;WIDTH:0.57303
G1 X108.966 Y109.193 E.00405
;WIDTH:0.619751
G1 X108.99 Y109.103 E.00447
;WIDTH:0.666472
G1 X109.013 Y109.013 E.00482
G1 X109.103 Y108.99 E.00482
;WIDTH:0.619751
G1 X109.193 Y108.966 E.00447
;WIDTH:0.57303
G1 X109.282 Y108.943 E.00405
;WIDTH:0.526308
G1 X121.519 Y108.943 E.49185
;LAYER_CHANGE
;Z:7.4
;HEIGHT:0.2
;BEFORE_LAYER_CHANGE
G92 E0
;7.4


G1 E-3.5 F3600
;WIPE_START
G1 F7200
G1 X118.361 Y108.943 E-1.5
;WIPE_END
G1 Z7.4 F9000
;AFTER_LAYER_CHANGE
;7.4
G1 X122.206 Y108.794
G1 E5 F2400
;TYPE:Perimeter
;WIDTH:0.439999
G1 F970
G1 X122.206 Y122.206 E.44283
G1 X108.794 Y122.206 E.44283
G1 X108.794 Y108.794 E.44283
G1 X122.146 Y108.794 E.44085
G1 X122.603 Y108.397 F9000
G1 F970
G1 X122.603 Y122.603 E.46904
G1 X108.397 Y122.603 E.46904
G1 X108.397 Y108.397 E.46904
G1 X122.543 Y108.397 E.46706
G1 X122.99 Y108.01 F9000
;TYPE:External perimeter
;WIDTH:0.419999
G1 F970
G1 X122.99 Y122.99 E.46969
G1 X108.01 Y122.99 E.46969
G1 X108.01 Y108.01 E.46969
G1 X122.93 Y108.01 E.46781
G1 E-3.5 F3600
;WIPE_START
G1 F7200
G1 X122.99 Y108.01 E-.0285
G1 X122.99 Y111.108 E-1.4715
;WIPE_END
G1 X121.417 Y112.568 F9000
G1 E5 F2400
;TYPE:Internal infill
;WIDTH:0.44
G1 F970
G1 X121.417 Y110.186 E.07865
G1 X120.814 Y109.583 E.02816
G1 X121.417 Y109.583 E.01991
G1 X109.583 Y121.417 E.55257
G1 X109.583 Y120.814 E.01991
G1 X110.186 Y121.417 E.02816
G1 X115.199 Y121.417 E.16552
G1 X121.417 Y115.199 E.29034
G1 X121.417 Y115.801 E.01988
G1 X115.199 Y109.583 E.29034
G1 X115.801 Y109.583 E.01988
G1 X109.583 Y115.801 E.29034
G1 X109.583 Y115.199 E.01988
G1 X115.801 Y121.417 E.29034
G1 X120.814 Y121.417 E.16552
G1 X121.417 Y120.814 E.02816
G1 X121.417 Y121.417 E.01991
G1 X109.583 Y109.583 E.55257
G1 X109.583 Y110.186 E.01991
G1 X110.186 Y109.583 E.02816
G1 X112.568 Y109.583 E.07865
G1 E-3.5 F3600
;WIPE_START
G1 F7200
G1 X110.186 Y109.583 E-1.13145
G1 X109.638 Y110.131 E-.36855
;WIPE_END
G1 X109.143 Y121.518 F9000
G1 E5 F2400
;TYPE:Solid infill
;WIDTH:0.526306
G1 F970
G1 X109.143 Y109.482 E.48377
;WIDTH:0.573026
G1 X109.166 Y109.393 E.00405
;WIDTH:0.619746
G1 X109.19 Y109.303 E.00447
;WIDTH:0.666466
G1 X109.213 Y109.213 E.00482
G1 X109.303 Y109.19 E.00482
;WIDTH:0.619746
G1 X109.393 Y109.166 E.00447
;WIDTH:0.573026
G1 X109.482 Y109.143 E.00405
;WIDTH:0.526306
G1 X121.518 Y109.143 E.48377
;WIDTH:0.573027
G1 X121.607 Y109.166 E.00405
;WIDTH:0.619748
G1 X121.697 Y109.19 E.00447
;WIDTH:0.666468
G1 X121.787 Y109.213 E.00482
G1 X121.81 Y109.291 E.00422
;WIDTH:0.619748
G1 X121.834 Y109.37 E.00396
;WIDTH:0.573027
G1 X121.857 Y109.448 E.00358
;WIDTH:0.526306
G1 X121.857 Y121.518 E.48514
;WIDTH:0.573027
G1 X121.834 Y121.607 E.00405
;WIDTH:0.619748
G1 X121.81 Y121.697 E.00447
;WIDTH:0.666468
G1 X121.787 Y121.787 E.00482
G1 X121.697 Y121.81 E.00482
;WIDTH:0.619748
G1 X121.607 Y121.834 E.00447
;WIDTH:0.573027
G1 X121.518 Y121.857 E.00405
;WIDTH:0.526308
G1 X109.482 Y121.857 E.48377
;WIDTH:0.573028
G1 X109.393 Y121.834 E.00405
;WIDTH:0.619748
G1 X109.303 Y121.81 E.00447
;WIDTH:0.666468
G1 X109.213 Y121.787 E.00482
G1 X109.193 Y121.71 E.00412
;LAYER_CHANGE
;Z:7.6
;HEIGHT:0.2
;BEFORE_LAYER_CHANGE
G92 E0
;7.6


G1 E-3.5 F3600
;WIPE_START
G1 F7200
G1 X109.213 Y121.787 E-.03779
G1 X109.303 Y121.81 E-.04412
G1 X109.393 Y121.834 E-.04424
G1 X109.482 Y121.857 E-.04366
G1 X112.282 Y121.857 E-1.33019
;WIPE_END
G1 Z7.6 F9000
;AFTER_LAYER_CHANGE
;7.6
G1 X108.994 Y122.006
G1 E5 F2400
;TYPE:Perimeter
;WIDTH:0.439999
G1 F921
G1 X108.994 Y108.994 E.42962
G1 X122.006 Y108.994 E.42962
G1 X122.006 Y122.006 E.42962
G1 X109.054 Y122.006 E.42764
G1 X108.597 Y122.403 F9000
G1 F921
G1 X108.597 Y108.597 E.45584
G1 X122.403 Y108.597 E.45584
G1 X122.403 Y122.403 E.45584
G1 X108.657 Y122.403 E.45386
G1 X108.21 Y122.79 F9000
;TYPE:External perimeter
;WIDTH:0.419999
G1 F921
G1 X108.21 Y108.21 E.45714
G1 X122.79 Y108.21 E.45714
G1 X122.79 Y122.79 E.45714
G1 X108.27 Y122.79 E.45526
G1 E-3.5 F3600
;WIPE_START
G1 F7200
G1 X108.21 Y122.79 E-.0285
G1 X108.21 Y119.692 E-1.4715
;WIPE_END
G1 X112.166 Y109.783 F9000
G1 E5 F2400
;TYPE:Internal infill
;WIDTH:0.44
G1 F921
G1 X109.783 Y109.783 E.07868
G1 X121.217 Y121.217 E.53389
G1 X115.601 Y121.217 E.18543
G1 X109.783 Y115.399 E.27166
G1 X109.783 Y115.601 E.00667
G1 X115.601 Y109.783 E.27166
G1 X115.399 Y109.783 E.00667
G1 X121.217 Y115.601 E.27166
G1 X121.217 Y115.399 E.00667
G1 X115.399 Y121.217 E.27166
G1 X109.783 Y121.217 E.18543
G1 X121.217 Y109.783 E.53389
G1 X118.834 Y109.783 E.07868
G1 E-3.5 F3600
;WIPE_START
G1 F7200
G1 X121.217 Y109.783 E-1.13192
G1 X120.669 Y110.331 E-.36808
;WIPE_END
G1 X121.318 Y109.343 F9000
G1 E5 F2400
;TYPE:Solid infill
;WIDTH:0.573029
G1 F921
G1 X121.407 Y109.366 E.00405
;WIDTH:0.61975
G1 X121.497 Y109.39 E.00447
;WIDTH:0.66647
G1 X121.587 Y109.413 E.00482
G1 X121.61 Y109.503 E.00482
;WIDTH:0.61975
G1 X121.634 Y109.593 E.00447
;WIDTH:0.57303
G1 X121.657 Y109.682 E.00405
;WIDTH:0.52631
G1 X121.657 Y121.318 E.4677
;WIDTH:0.57303
G1 X121.634 Y121.407 E.00405
;WIDTH:0.619751
G1 X121.61 Y121.497 E.00447
;WIDTH:0.666472
G1 X121.587 Y121.587 E.00482
G1 X121.509 Y121.61 E.00422
;WIDTH:0.619751
G1 X121.431 Y121.634 E.00391
;WIDTH:0.57303
G1 X121.352 Y121.657 E.00363
;WIDTH:0.526308
G1 X109.682 Y121.657 E.46906
;WIDTH:0.573028
G1 X109.593 Y121.634 E.00405
;WIDTH:0.619748
G1 X109.503 Y121.61 E.00447
;WIDTH:0.666468
G1 X109.413 Y121.587 E.00482
G1 X109.39 Y121.497 E.00482
;WIDTH:0.619748
G1 X109.366 Y121.407 E.00447
;WIDTH:0.573028
G1 X109.343 Y121.318 E.00405
;WIDTH:0.52631
G1 X109.343 Y109.682 E.4677
;WIDTH:0.573031
G1 X109.366 Y109.593 E.00405
;WIDTH:0.619752
G1 X109.39 Y109.503 E.00447
;WIDTH:0.666472
G1 X109.413 Y109.413 E.00482
G1 X109.503 Y109.39 E.00482
;WIDTH:0.619752
G1 X109.593 Y109.366 E.00447
;WIDTH:0.573031
G1 X109.682 Y109.343 E.00405
;WIDTH:0.52631
G1 X121.119 Y109.343 E.4597
;LAYER_CHANGE
;Z:7.8
;HEIGHT:0.2
;BEFORE_LAYER_CHANGE
G92 E0
;7.8


G1 E-3.5 F3600
;WIPE_START
G1 F7200
G1 X117.961 Y109.343 E-1.5
;WIPE_END
G1 Z7.8 F9000
;AFTER_LAYER_CHANGE
;7.8
G1 X121.806 Y109.194
G1 E5 F2400
;TYPE:Perimeter
;WIDTH:0.439999
G1 F900
G1 X121.806 Y121.806 E.41641
G1 X109.194 Y121.806 E.41641
G1 X109.194 Y109.194 E.41641
G1 X121.746 Y109.194 E.41443
G1 X122.203 Y108.797 F9000
G1 F900
G1 X122.203 Y122.203 E.44263
G1 X108.797 Y122.203 E.44263
G1 X108.797 Y108.797 E.44263
G1 X122.143 Y108.797 E.44065
G1 X122.59 Y108.41 F9000
;TYPE:External perimeter
;WIDTH:0.419999
G1 F900
G1 X122.59 Y122.59 E.4446
G1 X108.41 Y122.59 E.4446
G1 X108.41 Y108.41 E.4446
G1 X122.53 Y108.41 E.44272
G1 E-3.5 F3600
;WIPE_START
G1 F7200
G1 X122.59 Y108.41 E-.0285
G1 X122.59 Y111.508 E-1.4715
;WIPE_END
G1 X121.017 Y112.366 F9000
G1 E5 F2400
;TYPE:Internal infill
;WIDTH:0.44
G1 F900
G1 X121.017 Y109.983 E.07868
G1 X109.983 Y121.017 E.51522
G1 X109.983 Y115.599 E.17889
G1 X115.401 Y121.017 E.25299
G1 X115.599 Y121.017 E.00654
G1 X121.017 Y115.599 E.25299
G1 X121.017 Y115.401 E.00654
G1 X115.599 Y109.983 E.25299
G1 X115.401 Y109.983 E.00654
G1 X109.983 Y115.401 E.25299
G1 X109.983 Y109.983 E.17889
G1 X121.017 Y121.017 E.51522
G1 X118.634 Y121.017 E.07868
G1 E-3.5 F3600
;WIPE_START
G1 F7200
G1 X121.017 Y121.017 E-1.13192
G1 X120.469 Y120.469 E-.36808
;WIPE_END
G1 X109.543 Y121.118 F9000
G1 E5 F2400
;TYPE:Solid infill
;WIDTH:0.52631
G1 F900
G1 X109.543 Y109.882 E.45162
;WIDTH:0.57303
G1 X109.566 Y109.793 E.00405
;WIDTH:0.619751
G1 X109.59 Y109.703 E.00447
;WIDTH:0.666472
G1 X109.613 Y109.613 E.00482
G1 X109.703 Y109.59 E.00482
;WIDTH:0.619752
G1 X109.793 Y109.566 E.00447
;WIDTH:0.573031
G1 X109.882 Y109.543 E.00405
;WIDTH:0.52631
G1 X121.118 Y109.543 E.45162
;WIDTH:0.57303
G1 X121.207 Y109.566 E.00405
;WIDTH:0.619751
G1 X121.297 Y109.59 E.00447
;WIDTH:0.666472
G1 X121.387 Y109.613 E.00482
G1 X121.41 Y109.691 E.00422
;WIDTH:0.619751
G1 X121.434 Y109.77 E.00396
;WIDTH:0.57303
G1 X121.457 Y109.848 E.00358
;WIDTH:0.526308
G1 X121.457 Y121.118 E.45298
;WIDTH:0.57303
G1 X121.434 Y121.207 E.00405
;WIDTH:0.619751
G1 X121.41 Y121.297 E.00447
;WIDTH:0.666472
G1 X121.387 Y121.387 E.00482
G1 X121.297 Y121.41 E.00482
;WIDTH:0.619751
G1 X121.207 Y121.434 E.00447
;WIDTH:0.57303
G1 X121.118 Y121.457 E.00405
;WIDTH:0.526308
G1 X109.882 Y121.457 E.45162
;WIDTH:0.57303
G1 X109.793 Y121.434 E.00405
;WIDTH:0.619751
G1 X109.703 Y121.41 E.00447
;WIDTH:0.666472
G1 X109.613 Y121.387 E.00482
G1 X109.593 Y121.31 E.00412
;LAYER_CHANGE
;Z:8
;HEIGHT:0.2
;BEFORE_LAYER_CHANGE
G92 E0
;8


G1 E-3.5 F3600
;WIPE_START
G1 F7200
G1 X109.613 Y121.387 E-.03779
G1 X109.703 Y121.41 E-.04412
G1 X109.793 Y121.434 E-.04424
G1 X109.882 Y121.457 E-.04366
G1 X112.682 Y121.457 E-1.33019
;WIPE_END
G1 Z8 F9000
;AFTER_LAYER_CHANGE
;8
G1 X109.394 Y121.606
G1 E5 F2400
;TYPE:Perimeter
;WIDTH:0.439999
G1 F900
G1 X109.394 Y109.394 E.40321
G1 X121.606 Y109.394 E.40321
G1 X121.606 Y121.606 E.40321
G1 X109.454 Y121.606 E.40123
G1 X108.997 Y122.003 F9000
G1 F900
G1 X108.997 Y108.997 E.42942
G1 X122.003 Y108.997 E.42942
G1 X122.003 Y122.003 E.42942
G1 X109.057 Y122.003 E.42744
G1 X108.61 Y122.39 F9000
;TYPE:External perimeter
;WIDTH:0.419999
G1 F900
G1 X108.61 Y108.61 E.43206
G1 X122.39 Y108.61 E.43206
G1 X122.39 Y122.39 E.43206
G1 X108.67 Y122.39 E.43018
G1 E-3.5 F3600
;WIPE_START
G1 F7200
G1 X108.61 Y122.39 E-.0285
G1 X108.61 Y119.292 E-1.4715
;WIPE_END
G1 X118.434 Y120.817 F9000
G1 E5 F2400
;TYPE:Internal infill
;WIDTH:0.44
G1 F900
G1 X120.817 Y120.817 E.07868
G1 X110.183 Y110.183 E.49654
G1 X110.183 Y115.201 E.16568
G1 X115.201 Y110.183 E.23431
G1 X115.799 Y110.183 E.01974
G1 X120.817 Y115.201 E.23431
G1 X120.817 Y115.799 E.01974
G1 X115.799 Y120.817 E.23431
G1 X115.201 Y120.817 E.01974
G1 X110.183 Y115.799 E.23431
G1 X110.183 Y120.817 E.16568
G1 X120.817 Y110.183 E.49654
G1 X120.817 Y112.566 E.07868
G1 E-3.5 F3600
;WIPE_START
G1 F7200
G1 X120.817 Y110.183 E-1.13192
G1 X120.269 Y110.731 E-.36808
;WIPE_END
G1 X120.918 Y109.743 F9000
G1 E5 F2400
;TYPE:Solid infill
;WIDTH:0.573027
G1 F900
G1 X121.007 Y109.766 E.00405
;WIDTH:0.619748
G1 X121.097 Y109.79 E.00447
;WIDTH:0.666468
G1 X121.187 Y109.813 E.00482
G1 X121.21 Y109.903 E.00482
;WIDTH:0.619748
G1 X121.234 Y109.993 E.00447
;WIDTH:0.573028
G1 X121.257 Y110.082 E.00405
;WIDTH:0.526308
G1 X121.257 Y120.918 E.43554
;WIDTH:0.573028
G1 X121.234 Y121.007 E.00405
;WIDTH:0.61975
G1 X121.21 Y121.097 E.00447
;WIDTH:0.666472
G1 X121.187 Y121.187 E.00482
G1 X121.109 Y121.21 E.00422
;WIDTH:0.619751
G1 X121.031 Y121.234 E.00391
;WIDTH:0.57303
G1 X120.952 Y121.257 E.00363
;WIDTH:0.526308
G1 X110.082 Y121.257 E.43691
;WIDTH:0.573028
G1 X109.993 Y121.234 E.00405
;WIDTH:0.619748
G1 X109.903 Y121.21 E.00447
;WIDTH:0.666468
G1 X109.813 Y121.187 E.00482
G1 X109.79 Y121.097 E.00482
;WIDTH:0.619748
G1 X109.766 Y121.007 E.00447
;WIDTH:0.573028
G1 X109.743 Y120.918 E.00405
;WIDTH:0.526308
G1 X109.743 Y110.082 E.43554
;WIDTH:0.573029
G1 X109.766 Y109.993 E.00405
;WIDTH:0.61975
G1 X109.79 Y109.903 E.00447
;WIDTH:0.66647
G1 X109.813 Y109.813 E.00482
G1 X109.903 Y109.79 E.00482
;WIDTH:0.61975
G1 X109.993 Y109.766 E.00447
;WIDTH:0.573029
G1 X110.082 Y109.743 E.00405
;WIDTH:0.526308
G1 X120.719 Y109.743 E.42754
;LAYER_CHANGE
;Z:8.2
;HEIGHT:0.2
;BEFORE_LAYER_CHANGE
G92 E0
;8.2


G1 E-3.5 F3600
;WIPE_START
G1 F7200
G1 X117.561 Y109.743 E-1.5
;WIPE_END
G1 Z8.2 F9000
;AFTER_LAYER_CHANGE
;8.2
G1 X121.406 Y109.594
G1 E5 F2400
;TYPE:Perimeter
;WIDTH:0.439999
G1 F900
G1 X121.406 Y121.406 E.39
G1 X109.594 Y121.406 E.39
G1 X109.594 Y109.594 E.39
G1 X121.346 Y109.594 E.38802
G1 X121.803 Y109.197 F9000
G1 F900
G1 X121.803 Y121.803 E.41622
G1 X109.197 Y121.803 E.41622
G1 X109.197 Y109.197 E.41622
G1 X121.743 Y109.197 E.41423
G1 X122.19 Y108.81 F9000
;TYPE:External perimeter
;WIDTH:0.419999
G1 F900
G1 X122.19 Y122.19 E.41952
G1 X108.81 Y122.19 E.41952
G1 X108.81 Y108.81 E.41952
G1 X122.13 Y108.81 E.41764
G1 E-3.5 F3600
;WIPE_START
G1 F7200
G1 X122.19 Y108.81 E-.0285
G1 X122.19 Y111.908 E-1.4715
;WIPE_END
G1 X120.617 Y112.766 F9000
G1 E5 F2400
;TYPE:Internal infill
;WIDTH:0.44
G1 F900
G1 X120.617 Y110.383 E.07868
G1 X110.383 Y120.617 E.47786
G1 X110.383 Y115.999 E.15247
G1 X115.001 Y120.617 E.21563
G1 X115.999 Y120.617 E.03295
G1 X120.617 Y115.999 E.21563
G1 X120.617 Y115.001 E.03295
G1 X115.999 Y110.383 E.21563
G1 X115.001 Y110.383 E.03295
G1 X110.383 Y115.001 E.21563
G1 X110.383 Y110.383 E.15247
G1 X120.617 Y120.617 E.47786
G1 X118.234 Y120.617 E.07868
G1 E-3.5 F3600
;WIPE_START
G1 F7200
G1 X120.617 Y120.617 E-1.13192
G1 X120.069 Y120.069 E-.36808
;WIPE_END
G1 X109.943 Y120.718 F9000
G1 E5 F2400
;TYPE:Solid infill
;WIDTH:0.526308
G1 F900
G1 X109.943 Y110.282 E.41946
;WIDTH:0.573027
G1 X109.966 Y110.193 E.00405
;WIDTH:0.619748
G1 X109.99 Y110.103 E.00447
;WIDTH:0.666468
G1 X110.013 Y110.013 E.00482
G1 X110.103 Y109.99 E.00482
;WIDTH:0.619748
G1 X110.193 Y109.966 E.00447
;WIDTH:0.573028
G1 X110.282 Y109.943 E.00405
;WIDTH:0.526308
G1 X120.718 Y109.943 E.41946
;WIDTH:0.573028
G1 X120.807 Y109.966 E.00405
;WIDTH:0.619749
G1 X120.897 Y109.99 E.00447
;WIDTH:0.66647
G1 X120.987 Y110.013 E.00482
G1 X121.01 Y110.091 E.00422
;WIDTH:0.619749
G1 X121.034 Y110.17 E.00396
;WIDTH:0.573028
G1 X121.057 Y110.248 E.00358
;WIDTH:0.526306
G1 X121.057 Y120.718 E.42083
;WIDTH:0.573026
G1 X121.034 Y120.807 E.00405
;WIDTH:0.619746
G1 X121.01 Y120.897 E.00447
;WIDTH:0.666466
G1 X120.987 Y120.987 E.00482
G1 X120.897 Y121.01 E.00482
;WIDTH:0.619746
G1 X120.807 Y121.034 E.00447
;WIDTH:0.573026
G1 X120.718 Y121.057 E.00405
;WIDTH:0.526306
G1 X110.282 Y121.057 E.41946
;WIDTH:0.573028
G1 X110.193 Y121.034 E.00405
;WIDTH:0.619749
G1 X110.103 Y121.01 E.00447
;WIDTH:0.66647
G1 X110.013 Y120.987 E.00482
G1 X109.993 Y120.91 E.00412
;LAYER_CHANGE
;Z:8.4
;HEIGHT:0.2
;BEFORE_LAYER_CHANGE
G92 E0
;8.4


G1 E-3.5 F3600
;WIPE_START
G1 F7200
G1 X110.013 Y120.987 E-.03779
G1 X110.103 Y121.01 E-.04412
G1 X110.193 Y121.034 E-.04424
G1 X110.282 Y121.057 E-.04366
G1 X113.082 Y121.057 E-1.33019
;WIPE_END
G1 Z8.4 F9000
;AFTER_LAYER_CHANGE
;8.4
G1 X109.794 Y121.206
G1 E5 F2400
;TYPE:Perimeter
;WIDTH:0.439999
G1 F900
G1 X109.794 Y109.794 E.37679
G1 X121.206 Y109.794 E.37679
G1 X121.206 Y121.206 E.37679
G1 X109.854 Y121.206 E.37481
G1 X109.397 Y121.603 F9000
G1 F900
G1 X109.397 Y109.397 E.40301
G1 X121.603 Y109.397 E.40301
G1 X121.603 Y121.603 E.40301
G1 X109.457 Y121.603 E.40103
G1 X109.01 Y121.99 F9000
;TYPE:External perimeter
;WIDTH:0.419999
G1 F900
G1 X109.01 Y109.01 E.40698
G1 X121.99 Y109.01 E.40698
G1 X121.99 Y121.99 E.40698
G1 X109.07 Y121.99 E.4051
G1 E-3.5 F3600
;WIPE_START
G1 F7200
G1 X109.01 Y121.99 E-.0285
G1 X109.01 Y118.892 E-1.4715
;WIPE_END
G1 X118.034 Y120.417 F9000
G1 E5 F2400
;TYPE:Internal infill
;WIDTH:0.44
G1 F900
G1 X120.417 Y120.417 E.07868
G1 X110.583 Y110.583 E.45918
G1 X110.583 Y114.801 E.13927
G1 X114.801 Y110.583 E.19695
G1 X116.199 Y110.583 E.04616
G1 X120.417 Y114.801 E.19695
G1 X120.417 Y116.199 E.04616
G1 X116.199 Y120.417 E.19695
G1 X114.801 Y120.417 E.04616
G1 X110.583 Y116.199 E.19695
G1 X110.583 Y120.417 E.13927
G1 X120.417 Y110.583 E.45918
G1 X120.417 Y112.966 E.07868
G1 E-3.5 F3600
;WIPE_START
G1 F7200
G1 X120.417 Y110.583 E-1.13193
G1 X119.869 Y111.131 E-.36807
;WIPE_END
G1 X120.518 Y110.143 F9000
G1 E5 F2400
;TYPE:Solid infill
;WIDTH:0.573027
G1 F900
G1 X120.607 Y110.166 E.00405
;WIDTH:0.619748
G1 X120.697 Y110.19 E.00447
;WIDTH:0.666468
G1 X120.787 Y110.213 E.00482
G1 X120.81 Y110.303 E.00482
;WIDTH:0.619748
G1 X120.834 Y110.393 E.00447
;WIDTH:0.573028
G1 X120.857 Y110.482 E.00405
;WIDTH:0.526308
G1 X120.857 Y120.518 E.40339
;WIDTH:0.573028
G1 X120.834 Y120.607 E.00405
;WIDTH:0.619749
G1 X120.81 Y120.697 E.00447
;WIDTH:0.66647
G1 X120.787 Y120.787 E.00482
G1 X120.709 Y120.81 E.00422
;WIDTH:0.619749
G1 X120.631 Y120.834 E.00391
;WIDTH:0.573028
G1 X120.552 Y120.857 E.00363
;WIDTH:0.526308
G1 X110.482 Y120.857 E.40475
;WIDTH:0.573028
G1 X110.393 Y120.834 E.00405
;WIDTH:0.619748
G1 X110.303 Y120.81 E.00447
;WIDTH:0.666468
G1 X110.213 Y120.787 E.00482
G1 X110.19 Y120.697 E.00482
;WIDTH:0.619748
G1 X110.166 Y120.607 E.00447
;WIDTH:0.573027
G1 X110.143 Y120.518 E.00405
;WIDTH:0.526308
G1 X110.143 Y110.482 E.40339
;WIDTH:0.573029
G1 X110.166 Y110.393 E.00405
;WIDTH:0.61975
G1 X110.19 Y110.303 E.00447
;WIDTH:0.66647
G1 X110.213 Y110.213 E.00482
G1 X110.303 Y110.19 E.00482
;WIDTH:0.61975
G1 X110.393 Y110.166 E.00447
;WIDTH:0.573029
G1 X110.482 Y110.143 E.00405
;WIDTH:0.526308
G1 X120.319 Y110.143 E.39539
;LAYER_CHANGE
;Z:8.6
;HEIGHT:0.200001
;BEFORE_LAYER_CHANGE
G92 E0
;8.6


G1 E-3.5 F3600
;WIPE_START
G1 F7200
G1 X117.161 Y110.143 E-1.5
;WIPE_END
G1 Z8.6 F9000
;AFTER_LAYER_CHANGE
;8.6
G1 X121.006 Y109.994
G1 E5 F2400
;TYPE:Perimeter
;WIDTH:0.439999
G1 F900
G1 X121.006 Y121.006 E.36359
G1 X109.994 Y121.006 E.36359
G1 X109.994 Y109.994 E.36359
G1 X120.946 Y109.994 E.3616
G1 X121.403 Y109.597 F9000
G1 F900
G1 X121.403 Y121.403 E.3898
G1 X109.597 Y121.403 E.3898
G1 X109.597 Y109.597 E.3898
G1 X121.343 Y109.597 E.38782
G1 X121.79 Y109.21 F9000
;TYPE:External perimeter
;WIDTH:0.419999
G1 F900
G1 X121.79 Y121.79 E.39444
G1 X109.21 Y121.79 E.39444
G1 X109.21 Y109.21 E.39444
G1 X121.73 Y109.21 E.39256
G1 E-3.5 F3600
;WIPE_START
G1 F7200
G1 X121.79 Y109.21 E-.0285
G1 X121.79 Y112.308 E-1.4715
;WIPE_END
G1 X120.217 Y113.166 F9000
G1 E5 F2400
;TYPE:Internal infill
;WIDTH:0.44
G1 F900
G1 X120.217 Y110.783 E.07868
G1 X110.783 Y120.217 E.44051
G1 X110.783 Y116.399 E.12606
G1 X114.601 Y120.217 E.17828
G1 X116.399 Y120.217 E.05937
G1 X120.217 Y116.399 E.17828
G1 X120.217 Y114.601 E.05937
G1 X116.399 Y110.783 E.17828
G1 X114.601 Y110.783 E.05937
G1 X110.783 Y114.601 E.17828
G1 X110.783 Y110.783 E.12606
G1 X120.217 Y120.217 E.44051
G1 X117.834 Y120.217 E.07868
G1 E-3.5 F3600
;WIPE_START
G1 F7200
G1 X120.217 Y120.217 E-1.13192
G1 X119.669 Y119.669 E-.36808
;WIPE_END
G1 X110.343 Y120.318 F9000
G1 E5 F2400
;TYPE:Solid infill
;WIDTH:0.526308
G1 F900
G1 X110.343 Y110.682 E.38731
;WIDTH:0.573028
G1 X110.366 Y110.593 E.00405
;WIDTH:0.619748
G1 X110.39 Y110.503 E.00447
;WIDTH:0.666468
G1 X110.413 Y110.413 E.00482
G1 X110.503 Y110.39 E.00482
;WIDTH:0.619748
G1 X110.593 Y110.366 E.00447
;WIDTH:0.573028
G1 X110.682 Y110.343 E.00405
;WIDTH:0.526308
G1 X120.318 Y110.343 E.38731
;WIDTH:0.573028
G1 X120.407 Y110.366 E.00405
;WIDTH:0.61975
G1 X120.497 Y110.39 E.00447
;WIDTH:0.666472
G1 X120.587 Y110.413 E.00482
G1 X120.61 Y110.491 E.00422
;WIDTH:0.61975
G1 X120.634 Y110.57 E.00396
;WIDTH:0.573028
G1 X120.657 Y110.648 E.00358
;WIDTH:0.526306
G1 X120.657 Y120.318 E.38867
;WIDTH:0.573027
G1 X120.634 Y120.407 E.00405
;WIDTH:0.619748
G1 X120.61 Y120.497 E.00447
;WIDTH:0.666468
G1 X120.587 Y120.587 E.00482
G1 X120.497 Y120.61 E.00482
;WIDTH:0.619748
G1 X120.407 Y120.634 E.00447
;WIDTH:0.573027
G1 X120.318 Y120.657 E.00405
;WIDTH:0.526306
G1 X110.682 Y120.657 E.38731
;WIDTH:0.573028
G1 X110.593 Y120.634 E.00405
;WIDTH:0.61975
G1 X110.503 Y120.61 E.00447
;WIDTH:0.666472
G1 X110.413 Y120.587 E.00482
G1 X110.393 Y120.51 E.00412
;LAYER_CHANGE
;Z:8.8
;HEIGHT:0.2
;BEFORE_LAYER_CHANGE
G92 E0
;8.8


G1 E-3.5 F3600
;WIPE_START
G1 F7200
G1 X110.413 Y120.587 E-.03779
G1 X110.503 Y120.61 E-.04412
G1 X110.593 Y120.634 E-.04424
G1 X110.682 Y120.657 E-.04366
G1 X113.482 Y120.657 E-1.33019
;WIPE_END
G1 Z8.8 F9000
;AFTER_LAYER_CHANGE
;8.8
G1 X110.194 Y120.806
G1 E5 F2400
;TYPE:Perimeter
;WIDTH:0.439999
G1 F900
G1 X110.194 Y110.194 E.35038
G1 X120.806 Y110.194 E.35038
G1 X120.806 Y120.806 E.35038
G1 X110.254 Y120.806 E.3484
G1 X109.797 Y121.203 F9000
G1 F900
G1 X109.797 Y109.797 E.37659
G1 X121.203 Y109.797 E.37659
G1 X121.203 Y121.203 E.37659
G1 X109.857 Y121.203 E.37461
G1 X109.41 Y121.59 F9000
;TYPE:External perimeter
;WIDTH:0.419999
G1 F900
G1 X109.41 Y109.41 E.38189
G1 X121.59 Y109.41 E.38189
G1 X121.59 Y121.59 E.38189
G1 X109.47 Y121.59 E.38001
G1 E-3.5 F3600
;WIPE_START
G1 F7200
G1 X109.41 Y121.59 E-.0285
G1 X109.41 Y118.492 E-1.4715
;WIPE_END
G1 X117.634 Y120.017 F9000
G1 E5 F2400
;TYPE:Internal infill
;WIDTH:0.44
G1 F900
G1 X120.017 Y120.017 E.07868
G1 X110.983 Y110.983 E.42183
G1 X110.983 Y114.401 E.11285
G1 X114.401 Y110.983 E.1596
G1 X116.599 Y110.983 E.07257
G1 X120.017 Y114.401 E.1596
G1 X120.017 Y116.599 E.07257
G1 X116.599 Y120.017 E.1596
G1 X114.401 Y120.017 E.07257
G1 X110.983 Y116.599 E.1596
G1 X110.983 Y120.017 E.11285
G1 X120.017 Y110.983 E.42183
G1 X120.017 Y113.366 E.07868
G1 E-3.5 F3600
;WIPE_START
G1 F7200
G1 X120.017 Y110.983 E-1.13192
G1 X119.469 Y111.531 E-.36808
;WIPE_END
G1 X120.118 Y110.543 F9000
G1 E5 F2400
;TYPE:Solid infill
;WIDTH:0.573029
G1 F900
G1 X120.207 Y110.566 E.00405
;WIDTH:0.61975
G1 X120.297 Y110.59 E.00447
;WIDTH:0.66647
G1 X120.387 Y110.613 E.00482
G1 X120.41 Y110.703 E.00482
;WIDTH:0.61975
G1 X120.434 Y110.793 E.00447
;WIDTH:0.57303
G1 X120.457 Y110.882 E.00405
;WIDTH:0.52631
G1 X120.457 Y120.118 E.37123
;WIDTH:0.57303
G1 X120.434 Y120.207 E.00405
;WIDTH:0.619751
G1 X120.41 Y120.297 E.00447
;WIDTH:0.666472
G1 X120.387 Y120.387 E.00482
G1 X120.309 Y120.41 E.00422
;WIDTH:0.619751
G1 X120.231 Y120.434 E.00391
;WIDTH:0.57303
G1 X120.152 Y120.457 E.00363
;WIDTH:0.52631
G1 X110.882 Y120.457 E.3726
;WIDTH:0.57303
G1 X110.793 Y120.434 E.00405
;WIDTH:0.619749
G1 X110.703 Y120.41 E.00447
;WIDTH:0.666468
G1 X110.613 Y120.387 E.00482
G1 X110.59 Y120.297 E.00482
;WIDTH:0.619748
G1 X110.566 Y120.207 E.00447
;WIDTH:0.573028
G1 X110.543 Y120.118 E.00405
;WIDTH:0.52631
G1 X110.543 Y110.882 E.37123
;WIDTH:0.573031
G1 X110.566 Y110.793 E.00405
;WIDTH:0.619752
G1 X110.59 Y110.703 E.00447
;WIDTH:0.666472
G1 X110.613 Y110.613 E.00482
G1 X110.703 Y110.59 E.00482
;WIDTH:0.619752
G1 X110.793 Y110.566 E.00447
;WIDTH:0.573031
G1 X110.882 Y110.543 E.00405
;WIDTH:0.52631
G1 X119.919 Y110.543 E.36323
;LAYER_CHANGE
;Z:9
;HEIGHT:0.2
;BEFORE_LAYER_CHANGE
G92 E0
;9


G1 E-3.5 F3600
;WIPE_START
G1 F7200
G1 X116.761 Y110.543 E-1.5
;WIPE_END
G1 Z9 F9000
;AFTER_LAYER_CHANGE
;9
G1 X120.606 Y110.394
G1 E5 F2400
;TYPE:Perimeter
;WIDTH:0.439999
G1 F900
G1 X120.606 Y120.606 E.33717
G1 X110.394 Y120.606 E.33717
G1 X110.394 Y110.394 E.33717
G1 X120.546 Y110.394 E.33519
G1 X121.003 Y109.997 F9000
G1 F900
G1 X121.003 Y121.003 E.36339
G1 X109.997 Y121.003 E.36339
G1 X109.997 Y109.997 E.36339
G1 X120.943 Y109.997 E.36141
G1 X121.39 Y109.61 F9000
;TYPE:External perimeter
;WIDTH:0.419999
G1 F900
G1 X121.39 Y121.39 E.36935
G1 X109.61 Y121.39 E.36935
G1 X109.61 Y109.61 E.36935
G1 X121.33 Y109.61 E.36747
G1 E-3.5 F3600
;WIPE_START
G1 F7200
G1 X121.39 Y109.61 E-.0285
G1 X121.39 Y112.708 E-1.4715
;WIPE_END
G1 X119.817 Y113.566 F9000
G1 E5 F2400
;TYPE:Internal infill
;WIDTH:0.44
G1 F900
G1 X119.817 Y111.183 E.07868
G1 X111.183 Y119.817 E.40315
G1 X111.183 Y116.799 E.09965
G1 X114.201 Y119.817 E.14092
G1 X116.799 Y119.817 E.08578
G1 X119.817 Y116.799 E.14092
G1 X119.817 Y114.201 E.08578
G1 X116.799 Y111.183 E.14092
G1 X114.201 Y111.183 E.08578
G1 X111.183 Y114.201 E.14092
G1 X111.183 Y111.183 E.09965
G1 X119.817 Y119.817 E.40315
G1 X117.434 Y119.817 E.07868
G1 E-3.5 F3600
;WIPE_START
G1 F7200
G1 X119.817 Y119.817 E-1.13193
G1 X119.269 Y119.269 E-.36807
;WIPE_END
G1 X110.743 Y119.918 F9000
G1 E5 F2400
;TYPE:Solid infill
;WIDTH:0.526308
G1 F900
G1 X110.743 Y111.082 E.35515
;WIDTH:0.57303
G1 X110.766 Y110.993 E.00405
;WIDTH:0.619751
G1 X110.79 Y110.903 E.00447
;WIDTH:0.666472
G1 X110.813 Y110.813 E.00482
G1 X110.903 Y110.79 E.00482
;WIDTH:0.619752
G1 X110.993 Y110.766 E.00447
;WIDTH:0.573031
G1 X111.082 Y110.743 E.00405
;WIDTH:0.52631
G1 X119.918 Y110.743 E.35515
;WIDTH:0.57303
G1 X120.007 Y110.766 E.00405
;WIDTH:0.619751
G1 X120.097 Y110.79 E.00447
;WIDTH:0.666472
G1 X120.187 Y110.813 E.00482
G1 X120.21 Y110.891 E.00422
;WIDTH:0.619751
G1 X120.234 Y110.97 E.00396
;WIDTH:0.57303
G1 X120.257 Y111.048 E.00358
;WIDTH:0.526308
G1 X120.257 Y119.918 E.35652
;WIDTH:0.57303
G1 X120.234 Y120.007 E.00405
;WIDTH:0.619751
G1 X120.21 Y120.097 E.00447
;WIDTH:0.666472
G1 X120.187 Y120.187 E.00482
G1 X120.097 Y120.21 E.00482
;WIDTH:0.619751
G1 X120.007 Y120.234 E.00447
;WIDTH:0.57303
G1 X119.918 Y120.257 E.00405
;WIDTH:0.526308
G1 X111.082 Y120.257 E.35515
;WIDTH:0.57303
G1 X110.993 Y120.234 E.00405
;WIDTH:0.619751
G1 X110.903 Y120.21 E.00447
;WIDTH:0.666472
G1 X110.813 Y120.187 E.00482
G1 X110.793 Y120.11 E.00412
;LAYER_CHANGE
;Z:9.2
;HEIGHT:0.2
;BEFORE_LAYER_CHANGE
G92 E0
;9.2


G1 E-3.5 F3600
;WIPE_START
G1 F7200
G1 X110.813 Y120.187 E-.03779
G1 X110.903 Y120.21 E-.04412
G1 X110.993 Y120.234 E-.04424
G1 X111.082 Y120.257 E-.04366
G1 X113.882 Y120.257 E-1.33019
;WIPE_END
G1 Z9.2 F9000
;AFTER_LAYER_CHANGE
;9.2
G1 X110.594 Y120.406
G1 E5 F2400
;TYPE:Perimeter
;WIDTH:0.439999
G1 F900
G1 X110.594 Y110.594 E.32397
G1 X120.406 Y110.594 E.32397
G1 X120.406 Y120.406 E.32397
G1 X110.654 Y120.406 E.32198
G1 X110.197 Y120.803 F9000
G1 F900
G1 X110.197 Y110.197 E.35018
G1 X120.803 Y110.197 E.35018
G1 X120.803 Y120.803 E.35018
G1 X110.257 Y120.803 E.3482
G1 X109.81 Y121.19 F9000
;TYPE:External perimeter
;WIDTH:0.419999
G1 F900
G1 X109.81 Y109.81 E.35681
G1 X121.19 Y109.81 E.35681
G1 X121.19 Y121.19 E.35681
G1 X109.87 Y121.19 E.35493
G1 E-3.5 F3600
;WIPE_START
G1 F7200
G1 X109.81 Y121.19 E-.0285
G1 X109.81 Y118.092 E-1.4715
;WIPE_END
G1 X119.617 Y116.384 F9000
G1 E5 F2400
;TYPE:Internal infill
;WIDTH:0.44
G1 F900
G1 X119.617 Y114.001 E.07868
G1 X116.999 Y111.383 E.12224
G1 X119.617 Y111.383 E.08644
G1 X111.383 Y119.617 E.38447
G1 X111.383 Y116.999 E.08644
G1 X114.001 Y119.617 E.12224
G1 X116.999 Y119.617 E.09899
G1 X119.617 Y116.999 E.12224
G1 X119.617 Y119.617 E.08644
G1 X111.383 Y111.383 E.38447
G1 X111.383 Y114.001 E.08644
G1 X114.001 Y111.383 E.12224
G1 X116.384 Y111.383 E.07868
G1 E-3.5 F3600
;WIPE_START
G1 F7200
G1 X114.001 Y111.383 E-1.13192
G1 X113.453 Y111.931 E-.36808
;WIPE_END
G1 X119.718 Y110.943 F9000
G1 E5 F2400
;TYPE:Solid infill
;WIDTH:0.573026
G1 F900
G1 X119.807 Y110.966 E.00405
;WIDTH:0.619746
G1 X119.897 Y110.99 E.00447
;WIDTH:0.666466
G1 X119.987 Y111.013 E.00482
G1 X120.01 Y111.103 E.00482
;WIDTH:0.619747
G1 X120.034 Y111.193 E.00447
;WIDTH:0.573028
G1 X120.057 Y111.282 E.00405
;WIDTH:0.526308
G1 X120.057 Y119.718 E.33908
;WIDTH:0.573028
G1 X120.034 Y119.807 E.00405
;WIDTH:0.619749
G1 X120.01 Y119.897 E.00447
;WIDTH:0.66647
G1 X119.987 Y119.987 E.00482
G1 X119.909 Y120.01 E.00422
;WIDTH:0.619749
G1 X119.831 Y120.034 E.00391
;WIDTH:0.573028
G1 X119.752 Y120.057 E.00363
;WIDTH:0.526308
G1 X111.282 Y120.057 E.34044
;WIDTH:0.573028
G1 X111.193 Y120.034 E.00405
;WIDTH:0.619747
G1 X111.103 Y120.01 E.00447
;WIDTH:0.666466
G1 X111.013 Y119.987 E.00482
G1 X110.99 Y119.897 E.00482
;WIDTH:0.619746
G1 X110.966 Y119.807 E.00447
;WIDTH:0.573026
G1 X110.943 Y119.718 E.00405
;WIDTH:0.526308
G1 X110.943 Y111.282 E.33908
;WIDTH:0.573029
G1 X110.966 Y111.193 E.00405
;WIDTH:0.61975
G1 X110.99 Y111.103 E.00447
;WIDTH:0.66647
G1 X111.013 Y111.013 E.00482
G1 X111.103 Y110.99 E.00482
;WIDTH:0.61975
G1 X111.193 Y110.966 E.00447
;WIDTH:0.573029
G1 X111.282 Y110.943 E.00405
;WIDTH:0.526308
G1 X119.519 Y110.943 E.33108
;LAYER_CHANGE
;Z:9.4
;HEIGHT:0.2
;BEFORE_LAYER_CHANGE
G92 E0
;9.4


G1 E-3.5 F3600
;WIPE_START
G1 F7200
G1 X116.361 Y110.943 E-1.5
;WIPE_END
G1 Z9.4 F9000
;AFTER_LAYER_CHANGE
;9.4
G1 X120.206 Y110.794
G1 E5 F2400
;TYPE:Perimeter
;WIDTH:0.439999
G1 F900
G1 X120.206 Y120.206 E.31076
G1 X110.794 Y120.206 E.31076
G1 X110.794 Y110.794 E.31076
G1 X120.146 Y110.794 E.30878
G1 X120.603 Y110.397 F9000
G1 F900
G1 X120.603 Y120.603 E.33697
G1 X110.397 Y120.603 E.33697
G1 X110.397 Y110.397 E.33697
G1 X120.543 Y110.397 E.33499
G1 X120.99 Y110.01 F9000
;TYPE:External perimeter
;WIDTH:0.419999
G1 F900
G1 X120.99 Y120.99 E.34427
G1 X110.01 Y120.99 E.34427
G1 X110.01 Y110.01 E.34427
G1 X120.93 Y110.01 E.34239
G1 E-3.5 F3600
;WIPE_START
G1 F7200
G1 X120.99 Y110.01 E-.0285
G1 X120.99 Y113.108 E-1.4715
;WIPE_END
G1 X116.184 Y111.583 F9000
G1 E5 F2400
;TYPE:Internal infill
;WIDTH:0.44
G1 F900
G1 X113.801 Y111.583 E.07868
G1 X111.583 Y113.801 E.10357
G1 X111.583 Y111.583 E.07323
G1 X119.417 Y119.417 E.3658
G1 X119.417 Y117.199 E.07323
G1 X117.199 Y119.417 E.10357
G1 X113.801 Y119.417 E.11219
G1 X111.583 Y117.199 E.10357
G1 X111.583 Y119.417 E.07323
G1 X119.417 Y111.583 E.3658
G1 X117.199 Y111.583 E.07323
G1 X119.417 Y113.801 E.10357
G1 X119.417 Y116.184 E.07868
G1 E-3.5 F3600
;WIPE_START
G1 F7200
G1 X119.417 Y113.801 E-1.13192
G1 X118.869 Y113.253 E-.36808
;WIPE_END
G1 X111.143 Y119.518 F9000
G1 E5 F2400
;TYPE:Solid infill
;WIDTH:0.526308
G1 F900
G1 X111.143 Y111.482 E.323
;WIDTH:0.573026
G1 X111.166 Y111.393 E.00405
;WIDTH:0.619746
G1 X111.19 Y111.303 E.00447
;WIDTH:0.666466
G1 X111.213 Y111.213 E.00482
G1 X111.303 Y111.19 E.00482
;WIDTH:0.619747
G1 X111.393 Y111.166 E.00447
;WIDTH:0.573028
G1 X111.482 Y111.143 E.00405
;WIDTH:0.526308
G1 X119.518 Y111.143 E.323
;WIDTH:0.573027
G1 X119.607 Y111.166 E.00405
;WIDTH:0.619748
G1 X119.697 Y111.19 E.00447
;WIDTH:0.666468
G1 X119.787 Y111.213 E.00482
G1 X119.81 Y111.291 E.00422
;WIDTH:0.619748
G1 X119.834 Y111.369 E.00391
;WIDTH:0.573027
G1 X119.857 Y111.448 E.00363
;WIDTH:0.526306
G1 X119.857 Y119.518 E.32436
;WIDTH:0.573027
G1 X119.834 Y119.607 E.00405
;WIDTH:0.619748
G1 X119.81 Y119.697 E.00447
;WIDTH:0.666468
G1 X119.787 Y119.787 E.00482
G1 X119.697 Y119.81 E.00482
;WIDTH:0.619748
G1 X119.607 Y119.834 E.00447
;WIDTH:0.573027
G1 X119.518 Y119.857 E.00405
;WIDTH:0.526308
G1 X111.482 Y119.857 E.323
;WIDTH:0.573028
G1 X111.393 Y119.834 E.00405
;WIDTH:0.619748
G1 X111.303 Y119.81 E.00447
;WIDTH:0.666468
G1 X111.213 Y119.787 E.00482
G1 X111.193 Y119.71 E.00412
;LAYER_CHANGE
;Z:9.6
;HEIGHT:0.200001
;BEFORE_LAYER_CHANGE
G92 E0
;9.6


G1 E-3.5 F3600
;WIPE_START
G1 F7200
G1 X111.213 Y119.787 E-.03779
G1 X111.303 Y119.81 E-.04412
G1 X111.393 Y119.834 E-.04424
G1 X111.482 Y119.857 E-.04366
G1 X114.282 Y119.857 E-1.33019
;WIPE_END
G1 Z9.6 F9000
;AFTER_LAYER_CHANGE
;9.6
G1 X110.994 Y120.006
G1 E5 F2400
;TYPE:Perimeter
;WIDTH:0.439999
G1 F900
G1 X110.994 Y110.994 E.29755
G1 X120.006 Y110.994 E.29755
G1 X120.006 Y120.006 E.29755
G1 X111.054 Y120.006 E.29557
G1 X110.597 Y120.403 F9000
G1 F900
G1 X110.597 Y110.597 E.32377
G1 X120.403 Y110.597 E.32377
G1 X120.403 Y120.403 E.32377
G1 X110.657 Y120.403 E.32179
G1 X110.21 Y120.79 F9000
;TYPE:External perimeter
;WIDTH:0.419999
G1 F900
G1 X110.21 Y110.21 E.33173
G1 X120.79 Y110.21 E.33173
G1 X120.79 Y120.79 E.33173
G1 X110.27 Y120.79 E.32985
G1 E-3.5 F3600
;WIPE_START
G1 F7200
G1 X110.21 Y120.79 E-.0285
G1 X110.21 Y117.692 E-1.4715
;WIPE_END
G1 X111.783 Y115.984 F9000
G1 E5 F2400
;TYPE:Internal infill
;WIDTH:0.44
G1 F900
G1 X111.783 Y113.601 E.07868
G1 X113.601 Y111.783 E.08489
G1 X111.783 Y111.783 E.06003
G1 X119.217 Y119.217 E.34712
G1 X117.399 Y119.217 E.06003
G1 X119.217 Y117.399 E.08489
G1 X119.217 Y113.601 E.1254
G1 X117.399 Y111.783 E.08489
G1 X119.217 Y111.783 E.06003
G1 X111.783 Y119.217 E.34712
G1 X111.783 Y117.399 E.06003
G1 X113.601 Y119.217 E.08489
G1 X115.984 Y119.217 E.07868
G1 E-3.5 F3600
;WIPE_START
G1 F7200
G1 X113.601 Y119.217 E-1.13193
G1 X113.053 Y118.669 E-.36807
;WIPE_END
G1 X119.318 Y111.343 F9000
G1 E5 F2400
;TYPE:Solid infill
;WIDTH:0.573027
G1 F900
G1 X119.407 Y111.366 E.00405
;WIDTH:0.619748
G1 X119.497 Y111.39 E.00447
;WIDTH:0.666468
G1 X119.587 Y111.413 E.00482
G1 X119.61 Y111.503 E.00482
;WIDTH:0.619749
G1 X119.634 Y111.593 E.00447
;WIDTH:0.57303
G1 X119.657 Y111.682 E.00405
;WIDTH:0.52631
G1 X119.657 Y119.318 E.30692
;WIDTH:0.573028
G1 X119.634 Y119.407 E.00405
;WIDTH:0.61975
G1 X119.61 Y119.497 E.00447
;WIDTH:0.666472
G1 X119.587 Y119.587 E.00482
G1 X119.509 Y119.61 E.00422
;WIDTH:0.619751
G1 X119.431 Y119.634 E.00391
;WIDTH:0.57303
G1 X119.352 Y119.657 E.00363
;WIDTH:0.526308
G1 X111.682 Y119.657 E.30829
;WIDTH:0.573028
G1 X111.593 Y119.634 E.00405
;WIDTH:0.619748
G1 X111.503 Y119.61 E.00447
;WIDTH:0.666468
G1 X111.413 Y119.587 E.00482
G1 X111.39 Y119.497 E.00482
;WIDTH:0.619748
G1 X111.366 Y119.407 E.00447
;WIDTH:0.573027
G1 X111.343 Y119.318 E.00405
;WIDTH:0.526308
G1 X111.343 Y111.682 E.30692
;WIDTH:0.57303
G1 X111.366 Y111.593 E.00405
;WIDTH:0.619751
G1 X111.39 Y111.503 E.00447
;WIDTH:0.666472
G1 X111.413 Y111.413 E.00482
G1 X111.503 Y111.39 E.00482
;WIDTH:0.619752
G1 X111.593 Y111.366 E.00447
;WIDTH:0.573031
G1 X111.682 Y111.343 E.00405
;WIDTH:0.52631
G1 X119.119 Y111.343 E.29892
;LAYER_CHANGE
;Z:9.8
;HEIGHT:0.2
;BEFORE_LAYER_CHANGE
G92 E0
;9.8


G1 E-3.5 F3600
;WIPE_START
G1 F7200
G1 X115.961 Y111.343 E-1.5
;WIPE_END
G1 Z9.8 F9000
;AFTER_LAYER_CHANGE
;9.8
G1 X119.806 Y111.194
G1 E5 F2400
;TYPE:Perimeter
;WIDTH:0.439999
G1 F900
G1 X119.806 Y119.806 E.28434
G1 X111.194 Y119.806 E.28434
G1 X111.194 Y111.194 E.28434
G1 X119.746 Y111.194 E.28236
G1 X120.203 Y110.797 F9000
G1 F900
G1 X120.203 Y120.203 E.31056
G1 X110.797 Y120.203 E.31056
G1 X110.797 Y110.797 E.31056
G1 X120.143 Y110.797 E.30858
G1 X120.59 Y110.41 F9000
;TYPE:External perimeter
;WIDTH:0.419999
G1 F900
G1 X120.59 Y120.59 E.31919
G1 X110.41 Y120.59 E.31919
G1 X110.41 Y110.41 E.31919
G1 X120.53 Y110.41 E.3173
G1 E-3.5 F3600
;WIPE_START
G1 F7200
G1 X120.59 Y110.41 E-.0285
G1 X120.59 Y113.508 E-1.4715
;WIPE_END
G1 X115.784 Y119.017 F9000
G1 E5 F2400
;TYPE:Internal infill
;WIDTH:0.44
G1 F900
G1 X113.401 Y119.017 E.07868
G1 X111.983 Y117.599 E.06621
G1 X111.983 Y119.017 E.04682
G1 X119.017 Y111.983 E.32844
G1 X117.599 Y111.983 E.04682
G1 X119.017 Y113.401 E.06621
G1 X119.017 Y117.599 E.13861
G1 X117.599 Y119.017 E.06621
G1 X119.017 Y119.017 E.04682
G1 X111.983 Y111.983 E.32844
G1 X113.401 Y111.983 E.04682
G1 X111.983 Y113.401 E.06621
G1 X111.983 Y115.784 E.07868
G1 E-3.5 F3600
;WIPE_START
G1 F7200
G1 X111.983 Y113.401 E-1.13193
G1 X112.531 Y112.853 E-.36807
;WIPE_END
G1 X111.543 Y119.118 F9000
G1 E5 F2400
;TYPE:Solid infill
;WIDTH:0.52631
G1 F900
G1 X111.543 Y111.882 E.29084
;WIDTH:0.57303
G1 X111.566 Y111.793 E.00405
;WIDTH:0.619751
G1 X111.59 Y111.703 E.00447
;WIDTH:0.666472
G1 X111.613 Y111.613 E.00482
G1 X111.703 Y111.59 E.00482
;WIDTH:0.619752
G1 X111.793 Y111.566 E.00447
;WIDTH:0.573031
G1 X111.882 Y111.543 E.00405
;WIDTH:0.52631
G1 X119.118 Y111.543 E.29084
;WIDTH:0.57303
G1 X119.207 Y111.566 E.00405
;WIDTH:0.619751
G1 X119.297 Y111.59 E.00447
;WIDTH:0.666472
G1 X119.387 Y111.613 E.00482
G1 X119.41 Y111.691 E.00422
;WIDTH:0.619751
G1 X119.434 Y111.77 E.00396
;WIDTH:0.57303
G1 X119.457 Y111.848 E.00358
;WIDTH:0.526308
G1 X119.457 Y119.118 E.29221
;WIDTH:0.57303
G1 X119.434 Y119.207 E.00405
;WIDTH:0.619751
G1 X119.41 Y119.297 E.00447
;WIDTH:0.666472
G1 X119.387 Y119.387 E.00482
G1 X119.297 Y119.41 E.00482
;WIDTH:0.619751
G1 X119.207 Y119.434 E.00447
;WIDTH:0.57303
G1 X119.118 Y119.457 E.00405
;WIDTH:0.526308
G1 X111.882 Y119.457 E.29084
;WIDTH:0.57303
G1 X111.793 Y119.434 E.00405
;WIDTH:0.619751
G1 X111.703 Y119.41 E.00447
;WIDTH:0.666472
G1 X111.613 Y119.387 E.00482
G1 X111.593 Y119.31 E.00412
;LAYER_CHANGE
;Z:10
;HEIGHT:0.2
;BEFORE_LAYER_CHANGE
G92 E0
;10


G1 E-3.5 F3600
;WIPE_START
G1 F7200
G1 X111.613 Y119.387 E-.03779
G1 X111.703 Y119.41 E-.04412
G1 X111.793 Y119.434 E-.04424
G1 X111.882 Y119.457 E-.04366
G1 X114.682 Y119.457 E-1.33019
;WIPE_END
G1 Z10 F9000
;AFTER_LAYER_CHANGE
;10
G1 X111.394 Y119.606
G1 E5 F2400
;TYPE:Perimeter
;WIDTH:0.439999
G1 F900
G1 X111.394 Y111.394 E.27114
G1 X119.606 Y111.394 E.27114
G1 X119.606 Y119.606 E.27114
G1 X111.454 Y119.606 E.26916
G1 X110.997 Y120.003 F9000
G1 F900
G1 X110.997 Y110.997 E.29735
G1 X120.003 Y110.997 E.29735
G1 X120.003 Y120.003 E.29735
G1 X111.057 Y120.003 E.29537
G1 X110.61 Y120.39 F9000
;TYPE:External perimeter
;WIDTH:0.419999
G1 F900
G1 X110.61 Y110.61 E.30664
G1 X120.39 Y110.61 E.30664
G1 X120.39 Y120.39 E.30664
G1 X110.67 Y120.39 E.30476
G1 E-3.5 F3600
;WIPE_START
G1 F7200
G1 X110.61 Y120.39 E-.0285
G1 X110.61 Y117.292 E-1.4715
;WIPE_END
G1 X112.183 Y115.584 F9000
G1 E5 F2400
;TYPE:Internal infill
;WIDTH:0.44
G1 F900
G1 X112.183 Y113.201 E.07868
G1 X113.201 Y112.183 E.04753
G1 X112.183 Y112.183 E.03361
G1 X118.817 Y118.817 E.30976
G1 X117.799 Y118.817 E.03361
G1 X118.817 Y117.799 E.04753
G1 X118.817 Y113.201 E.15181
G1 X117.799 Y112.183 E.04753
G1 X118.817 Y112.183 E.03361
G1 X112.183 Y118.817 E.30976
G1 X112.183 Y117.799 E.03361
G1 X113.201 Y118.817 E.04753
G1 X115.584 Y118.817 E.07868
G1 E-3.5 F3600
;WIPE_START
G1 F7200
G1 X113.201 Y118.817 E-1.13192
G1 X112.653 Y118.269 E-.36808
;WIPE_END
G1 X118.918 Y111.743 F9000
G1 E5 F2400
;TYPE:Solid infill
;WIDTH:0.57303
G1 F900
G1 X119.007 Y111.766 E.00405
;WIDTH:0.619751
G1 X119.097 Y111.79 E.00447
;WIDTH:0.666472
G1 X119.187 Y111.813 E.00482
G1 X119.21 Y111.903 E.00482
;WIDTH:0.619752
G1 X119.234 Y111.993 E.00447
;WIDTH:0.573031
G1 X119.257 Y112.082 E.00405
;WIDTH:0.52631
G1 X119.257 Y118.918 E.27477
;WIDTH:0.57303
G1 X119.234 Y119.007 E.00405
;WIDTH:0.619751
G1 X119.21 Y119.097 E.00447
;WIDTH:0.666472
G1 X119.187 Y119.187 E.00482
G1 X119.109 Y119.21 E.00422
;WIDTH:0.619751
G1 X119.031 Y119.234 E.00391
;WIDTH:0.57303
G1 X118.952 Y119.257 E.00363
;WIDTH:0.52631
G1 X112.082 Y119.257 E.27613
;WIDTH:0.573031
G1 X111.993 Y119.234 E.00405
;WIDTH:0.619752
G1 X111.903 Y119.21 E.00447
;WIDTH:0.666472
G1 X111.813 Y119.187 E.00482
G1 X111.79 Y119.097 E.00482
;WIDTH:0.619751
G1 X111.766 Y119.007 E.00447
;WIDTH:0.57303
G1 X111.743 Y118.918 E.00405
;WIDTH:0.52631
G1 X111.743 Y112.082 E.27477
;WIDTH:0.573031
G1 X111.766 Y111.993 E.00405
;WIDTH:0.619752
G1 X111.79 Y111.903 E.00447
;WIDTH:0.666472
G1 X111.813 Y111.813 E.00482
G1 X111.903 Y111.79 E.00482
;WIDTH:0.619751
G1 X111.993 Y111.766 E.00447
;WIDTH:0.57303
G1 X112.082 Y111.743 E.00405
;WIDTH:0.526308
G1 X118.719 Y111.743 E.26677
;LAYER_CHANGE
;Z:10.2
;HEIGHT:0.2
;BEFORE_LAYER_CHANGE
G92 E0
;10.2


G1 E-3.5 F3600
;WIPE_START
G1 F7200
G1 X115.561 Y111.743 E-1.5
;WIPE_END
G1 Z10.2 F9000
;AFTER_LAYER_CHANGE
;10.2
G1 X119.406 Y111.594
G1 E5 F2400
;TYPE:Perimeter
;WIDTH:0.439999
G1 F900
G1 X119.406 Y119.406 E.25793
G1 X111.594 Y119.406 E.25793
G1 X111.594 Y111.594 E.25793
G1 X119.346 Y111.594 E.25595
G1 X119.803 Y111.197 F9000
G1 F900
G1 X119.803 Y119.803 E.28415
G1 X111.197 Y119.803 E.28415
G1 X111.197 Y111.197 E.28415
G1 X119.743 Y111.197 E.28217
G1 X120.19 Y110.81 F9000
;TYPE:External perimeter
;WIDTH:0.419999
G1 F900
G1 X120.19 Y120.19 E.2941
G1 X110.81 Y120.19 E.2941
G1 X110.81 Y110.81 E.2941
G1 X120.13 Y110.81 E.29222
G1 E-3.5 F3600
;WIPE_START
G1 F7200
G1 X120.19 Y110.81 E-.0285
G1 X120.19 Y113.908 E-1.4715
;WIPE_END
G1 X112.383 Y115.384 F9000
G1 E5 F2400
;TYPE:Internal infill
;WIDTH:0.44
G1 F900
G1 X112.383 Y113.001 E.07868
G1 X113.001 Y112.383 E.02886
G1 X112.383 Y112.383 E.0204
G1 X118.617 Y118.617 E.29109
G1 X117.999 Y118.617 E.0204
G1 X118.617 Y117.999 E.02886
G1 X118.617 Y113.001 E.16502
G1 X117.999 Y112.383 E.02886
G1 X118.617 Y112.383 E.0204
G1 X112.383 Y118.617 E.29109
G1 X112.383 Y117.999 E.0204
G1 X113.001 Y118.617 E.02886
G1 X115.384 Y118.617 E.07868
G1 E-3.5 F3600
;WIPE_START
G1 F7200
G1 X113.001 Y118.617 E-1.13192
G1 X112.453 Y118.069 E-.36808
;WIPE_END
G1 X111.943 Y118.718 F9000
G1 E5 F2400
;TYPE:Solid infill
;WIDTH:0.526308
G1 F900
G1 X111.943 Y112.282 E.25869
;WIDTH:0.573027
G1 X111.966 Y112.193 E.00405
;WIDTH:0.619748
G1 X111.99 Y112.103 E.00447
;WIDTH:0.666468
G1 X112.013 Y112.013 E.00482
G1 X112.103 Y111.99 E.00482
;WIDTH:0.619748
G1 X112.193 Y111.966 E.00447
;WIDTH:0.573028
G1 X112.282 Y111.943 E.00405
;WIDTH:0.526308
G1 X118.718 Y111.943 E.25869
;WIDTH:0.573028
G1 X118.807 Y111.966 E.00405
;WIDTH:0.619749
G1 X118.897 Y111.99 E.00447
;WIDTH:0.66647
G1 X118.987 Y112.013 E.00482
G1 X119.01 Y112.091 E.00422
;WIDTH:0.619749
G1 X119.034 Y112.17 E.00396
;WIDTH:0.573028
G1 X119.057 Y112.248 E.00358
;WIDTH:0.526306
G1 X119.057 Y118.718 E.26005
;WIDTH:0.573027
G1 X119.034 Y118.807 E.00405
;WIDTH:0.619748
G1 X119.01 Y118.897 E.00447
;WIDTH:0.666468
G1 X118.987 Y118.987 E.00482
G1 X118.897 Y119.01 E.00482
;WIDTH:0.619748
G1 X118.807 Y119.034 E.00447
;WIDTH:0.573027
G1 X118.718 Y119.057 E.00405
;WIDTH:0.526306
G1 X112.282 Y119.057 E.25869
;WIDTH:0.573028
G1 X112.193 Y119.034 E.00405
;WIDTH:0.619749
G1 X112.103 Y119.01 E.00447
;WIDTH:0.66647
G1 X112.013 Y118.987 E.00482
G1 X111.993 Y118.91 E.00412
;LAYER_CHANGE
;Z:10.4
;HEIGHT:0.2
;BEFORE_LAYER_CHANGE
G92 E0
;10.4


G1 E-3.5 F3600
;WIPE_START
G1 F7200
G1 X112.013 Y118.987 E-.03779
G1 X112.103 Y119.01 E-.04412
G1 X112.193 Y119.034 E-.04424
G1 X112.282 Y119.057 E-.04366
G1 X115.082 Y119.057 E-1.33019
;WIPE_END
G1 Z10.4 F9000
;AFTER_LAYER_CHANGE
;10.4
G1 X111.794 Y119.206
G1 E5 F2400
;TYPE:Perimeter
;WIDTH:0.439999
G1 F900
G1 X111.794 Y111.794 E.24472
G1 X119.206 Y111.794 E.24472
G1 X119.206 Y119.206 E.24472
G1 X111.854 Y119.206 E.24274
G1 X111.397 Y119.603 F9000
G1 F900
G1 X111.397 Y111.397 E.27094
G1 X119.603 Y111.397 E.27094
G1 X119.603 Y119.603 E.27094
G1 X111.457 Y119.603 E.26896
G1 X111.01 Y119.99 F9000
;TYPE:External perimeter
;WIDTH:0.419999
G1 F900
G1 X111.01 Y111.01 E.28156
G1 X119.99 Y111.01 E.28156
G1 X119.99 Y119.99 E.28156
G1 X111.07 Y119.99 E.27968
G1 E-3.5 F3600
;WIPE_START
G1 F7200
G1 X111.01 Y119.99 E-.0285
G1 X111.01 Y116.892 E-1.4715
;WIPE_END
G1 X116.034 Y118.417 F9000
G1 E5 F2400
;TYPE:Internal infill
;WIDTH:0.44
G1 F900
G1 X118.417 Y118.417 E.07868
G1 X112.583 Y112.583 E.27241
G1 X112.583 Y118.417 E.19262
G1 X118.417 Y112.583 E.27241
G1 X118.417 Y114.966 E.07868
G1 E-3.5 F3600
;WIPE_START
G1 F7200
G1 X118.417 Y112.583 E-1.13193
G1 X117.869 Y113.131 E-.36807
;WIPE_END
G1 X118.518 Y112.143 F9000
G1 E5 F2400
;TYPE:Solid infill
;WIDTH:0.573027
G1 F900
G1 X118.607 Y112.166 E.00405
;WIDTH:0.619748
G1 X118.697 Y112.19 E.00447
;WIDTH:0.666468
G1 X118.787 Y112.213 E.00482
G1 X118.81 Y112.303 E.00482
;WIDTH:0.619748
G1 X118.834 Y112.393 E.00447
;WIDTH:0.573028
G1 X118.857 Y112.482 E.00405
;WIDTH:0.526308
G1 X118.857 Y118.518 E.24261
;WIDTH:0.573028
G1 X118.834 Y118.607 E.00405
;WIDTH:0.619749
G1 X118.81 Y118.697 E.00447
;WIDTH:0.66647
G1 X118.787 Y118.787 E.00482
G1 X118.709 Y118.81 E.00422
;WIDTH:0.619749
G1 X118.631 Y118.834 E.00391
;WIDTH:0.573028
G1 X118.552 Y118.857 E.00363
;WIDTH:0.526308
G1 X112.482 Y118.857 E.24398
;WIDTH:0.573028
G1 X112.393 Y118.834 E.00405
;WIDTH:0.619748
G1 X112.303 Y118.81 E.00447
;WIDTH:0.666468
G1 X112.213 Y118.787 E.00482
G1 X112.19 Y118.697 E.00482
;WIDTH:0.619748
G1 X112.166 Y118.607 E.00447
;WIDTH:0.573027
G1 X112.143 Y118.518 E.00405
;WIDTH:0.526308
G1 X112.143 Y112.482 E.24261
;WIDTH:0.573029
G1 X112.166 Y112.393 E.00405
;WIDTH:0.61975
G1 X112.19 Y112.303 E.00447
;WIDTH:0.66647
G1 X112.213 Y112.213 E.00482
G1 X112.303 Y112.19 E.00482
;WIDTH:0.619749
G1 X112.393 Y112.166 E.00447
;WIDTH:0.573028
G1 X112.482 Y112.143 E.00405
;WIDTH:0.526306
G1 X118.319 Y112.143 E.23461
;LAYER_CHANGE
;Z:10.6
;HEIGHT:0.200001
;BEFORE_LAYER_CHANGE
G92 E0
;10.6


G1 E-3.5 F3600
;WIPE_START
G1 F7200
G1 X115.161 Y112.143 E-1.5
;WIPE_END
G1 Z10.6 F9000
;AFTER_LAYER_CHANGE
;10.6
G1 X119.006 Y111.994
G1 E5 F2400
;TYPE:Perimeter
;WIDTH:0.439999
G1 F900
G1 X119.006 Y119.006 E.23152
G1 X111.994 Y119.006 E.23152
G1 X111.994 Y111.994 E.23152
G1 X118.946 Y111.994 E.22954
G1 X119.403 Y111.597 F9000
G1 F900
G1 X119.403 Y119.403 E.25773
G1 X111.597 Y119.403 E.25773
G1 X111.597 Y111.597 E.25773
G1 X119.343 Y111.597 E.25575
G1 X119.79 Y111.21 F9000
;TYPE:External perimeter
;WIDTH:0.419999
G1 F900
G1 X119.79 Y119.79 E.26902
G1 X111.21 Y119.79 E.26902
G1 X111.21 Y111.21 E.26902
G1 X119.73 Y111.21 E.26714
G1 E-3.5 F3600
;WIPE_START
G1 F7200
G1 X119.79 Y111.21 E-.0285
G1 X119.79 Y114.308 E-1.4715
;WIPE_END
G1 X118.217 Y115.166 F9000
G1 E5 F2400
;TYPE:Internal infill
;WIDTH:0.44
G1 F900
G1 X118.217 Y112.783 E.07868
G1 X112.783 Y118.217 E.25373
G1 X112.783 Y112.783 E.17942
G1 X118.217 Y118.217 E.25373
G1 X115.834 Y118.217 E.07868
G1 E-3.5 F3600
;WIPE_START
G1 F7200
G1 X118.217 Y118.217 E-1.13192
G1 X117.669 Y117.669 E-.36808
;WIPE_END
G1 X112.343 Y118.318 F9000
G1 E5 F2400
;TYPE:Solid infill
;WIDTH:0.526306
G1 F900
G1 X112.343 Y112.682 E.22653
;WIDTH:0.573027
G1 X112.366 Y112.593 E.00405
;WIDTH:0.619748
G1 X112.39 Y112.503 E.00447
;WIDTH:0.666468
G1 X112.413 Y112.413 E.00482
G1 X112.503 Y112.39 E.00482
;WIDTH:0.619748
G1 X112.593 Y112.366 E.00447
;WIDTH:0.573027
G1 X112.682 Y112.343 E.00405
;WIDTH:0.526306
G1 X118.318 Y112.343 E.22653
;WIDTH:0.573028
G1 X118.407 Y112.366 E.00405
;WIDTH:0.619749
G1 X118.497 Y112.39 E.00447
;WIDTH:0.66647
G1 X118.587 Y112.413 E.00482
G1 X118.61 Y112.491 E.00422
;WIDTH:0.61975
G1 X118.634 Y112.57 E.00396
;WIDTH:0.573029
G1 X118.657 Y112.648 E.00358
;WIDTH:0.526308
G1 X118.657 Y118.318 E.2279
;WIDTH:0.573028
G1 X118.634 Y118.407 E.00405
;WIDTH:0.619748
G1 X118.61 Y118.497 E.00447
;WIDTH:0.666468
G1 X118.587 Y118.587 E.00482
G1 X118.497 Y118.61 E.00482
;WIDTH:0.619748
G1 X118.407 Y118.634 E.00447
;WIDTH:0.573028
G1 X118.318 Y118.657 E.00405
;WIDTH:0.526308
G1 X112.682 Y118.657 E.22653
;WIDTH:0.573029
G1 X112.593 Y118.634 E.00405
;WIDTH:0.61975
G1 X112.503 Y118.61 E.00447
;WIDTH:0.66647
G1 X112.413 Y118.587 E.00482
G1 X112.393 Y118.51 E.00412
;LAYER_CHANGE
;Z:10.8
;HEIGHT:0.2
;BEFORE_LAYER_CHANGE
G92 E0
;10.8


G1 E-3.5 F3600
;WIPE_START
G1 F7200
G1 X112.413 Y118.587 E-.03779
G1 X112.503 Y118.61 E-.04412
G1 X112.593 Y118.634 E-.04424
G1 X112.682 Y118.657 E-.04366
G1 X115.482 Y118.657 E-1.33019
;WIPE_END
G1 Z10.8 F9000
;AFTER_LAYER_CHANGE
;10.8
G1 X112.194 Y118.806
G1 E5 F2400
;TYPE:Perimeter
;WIDTH:0.439999
G1 F900
G1 X112.194 Y112.194 E.21831
G1 X118.806 Y112.194 E.21831
G1 X118.806 Y118.806 E.21831
G1 X112.254 Y118.806 E.21633
G1 X111.797 Y119.203 F9000
G1 F900
G1 X111.797 Y111.797 E.24453
G1 X119.203 Y111.797 E.24453
G1 X119.203 Y119.203 E.24453
G1 X111.857 Y119.203 E.24254
G1 X111.41 Y119.59 F9000
;TYPE:External perimeter
;WIDTH:0.419999
G1 F900
G1 X111.41 Y111.41 E.25648
G1 X119.59 Y111.41 E.25648
G1 X119.59 Y119.59 E.25648
G1 X111.47 Y119.59 E.2546
G1 E-3.5 F3600
;WIPE_START
G1 F7200
G1 X111.41 Y119.59 E-.0285
G1 X111.41 Y116.492 E-1.4715
;WIPE_END
G1 X115.634 Y118.017 F9000
G1 E5 F2400
;TYPE:Internal infill
;WIDTH:0.44
G1 F900
G1 X118.017 Y118.017 E.07868
G1 X112.983 Y112.983 E.23506
G1 X112.983 Y118.017 E.16621
G1 X118.017 Y112.983 E.23506
G1 X118.017 Y115.366 E.07868
G1 E-3.5 F3600
;WIPE_START
G1 F7200
G1 X118.017 Y112.983 E-1.13192
G1 X117.469 Y113.531 E-.36808
;WIPE_END
G1 X118.118 Y112.543 F9000
G1 E5 F2400
;TYPE:Solid infill
;WIDTH:0.573029
G1 F900
G1 X118.207 Y112.566 E.00405
;WIDTH:0.61975
G1 X118.297 Y112.59 E.00447
;WIDTH:0.66647
G1 X118.387 Y112.613 E.00482
G1 X118.41 Y112.703 E.00482
;WIDTH:0.61975
G1 X118.434 Y112.793 E.00447
;WIDTH:0.57303
G1 X118.457 Y112.882 E.00405
;WIDTH:0.52631
G1 X118.457 Y118.118 E.21046
;WIDTH:0.57303
G1 X118.434 Y118.207 E.00405
;WIDTH:0.619751
G1 X118.41 Y118.297 E.00447
;WIDTH:0.666472
G1 X118.387 Y118.387 E.00482
G1 X118.309 Y118.41 E.00422
;WIDTH:0.619751
G1 X118.231 Y118.434 E.00391
;WIDTH:0.57303
G1 X118.152 Y118.457 E.00363
;WIDTH:0.52631
G1 X112.882 Y118.457 E.21182
;WIDTH:0.573031
G1 X112.793 Y118.434 E.00405
;WIDTH:0.619752
G1 X112.703 Y118.41 E.00447
;WIDTH:0.666472
G1 X112.613 Y118.387 E.00482
G1 X112.59 Y118.297 E.00482
;WIDTH:0.619751
G1 X112.566 Y118.207 E.00447
;WIDTH:0.57303
G1 X112.543 Y118.118 E.00405
;WIDTH:0.526308
G1 X112.543 Y112.882 E.21046
;WIDTH:0.57303
G1 X112.566 Y112.793 E.00405
;WIDTH:0.619751
G1 X112.59 Y112.703 E.00447
;WIDTH:0.666472
G1 X112.613 Y112.613 E.00482
G1 X112.703 Y112.59 E.00482
;WIDTH:0.619751
G1 X112.793 Y112.566 E.00447
;WIDTH:0.57303
G1 X112.882 Y112.543 E.00405
;WIDTH:0.526308
G1 X117.919 Y112.543 E.20246
;LAYER_CHANGE
;Z:11
;HEIGHT:0.2
;BEFORE_LAYER_CHANGE
G92 E0
;11


G1 E-3.5 F3600
;WIPE_START
G1 F7200
G1 X114.761 Y112.543 E-1.5
;WIPE_END
G1 Z11 F9000
;AFTER_LAYER_CHANGE
;11
G1 X118.606 Y112.394
G1 E5 F2400
;TYPE:Perimeter
;WIDTH:0.439999
G1 F900
G1 X118.606 Y118.606 E.2051
G1 X112.394 Y118.606 E.2051
G1 X112.394 Y112.394 E.2051
G1 X118.546 Y112.394 E.20312
G1 X119.003 Y111.997 F9000
G1 F900
G1 X119.003 Y119.003 E.23132
G1 X111.997 Y119.003 E.23132
G1 X111.997 Y111.997 E.23132
G1 X118.943 Y111.997 E.22934
G1 X119.39 Y111.61 F9000
;TYPE:External perimeter
;WIDTH:0.419999
G1 F900
G1 X119.39 Y119.39 E.24394
G1 X111.61 Y119.39 E.24394
G1 X111.61 Y111.61 E.24394
G1 X119.33 Y111.61 E.24205
G1 E-3.5 F3600
;WIPE_START
G1 F7200
G1 X119.39 Y111.61 E-.0285
G1 X119.39 Y114.708 E-1.4715
;WIPE_END
G1 X117.817 Y115.566 F9000
G1 E5 F2400
;TYPE:Internal infill
;WIDTH:0.44
G1 F900
G1 X117.817 Y113.183 E.07868
G1 X113.183 Y117.817 E.21638
G1 X113.183 Y113.183 E.153
G1 X117.817 Y117.817 E.21638
G1 X115.434 Y117.817 E.07868
G1 E-3.5 F3600
;WIPE_START
G1 F7200
G1 X117.817 Y117.817 E-1.13193
G1 X117.269 Y117.269 E-.36807
;WIPE_END
G1 X112.743 Y117.918 F9000
G1 E5 F2400
;TYPE:Solid infill
;WIDTH:0.52631
G1 F900
G1 X112.743 Y113.082 E.19438
;WIDTH:0.57303
G1 X112.766 Y112.993 E.00405
;WIDTH:0.619751
G1 X112.79 Y112.903 E.00447
;WIDTH:0.666472
G1 X112.813 Y112.813 E.00482
G1 X112.903 Y112.79 E.00482
;WIDTH:0.619752
G1 X112.993 Y112.766 E.00447
;WIDTH:0.573031
G1 X113.082 Y112.743 E.00405
;WIDTH:0.52631
G1 X117.918 Y112.743 E.19438
;WIDTH:0.57303
G1 X118.007 Y112.766 E.00405
;WIDTH:0.619751
G1 X118.097 Y112.79 E.00447
;WIDTH:0.666472
G1 X118.187 Y112.813 E.00482
G1 X118.21 Y112.891 E.00422
;WIDTH:0.619751
G1 X118.234 Y112.97 E.00396
;WIDTH:0.57303
G1 X118.257 Y113.048 E.00358
;WIDTH:0.526308
G1 X118.257 Y117.918 E.19574
;WIDTH:0.57303
G1 X118.234 Y118.007 E.00405
;WIDTH:0.619751
G1 X118.21 Y118.097 E.00447
;WIDTH:0.666472
G1 X118.187 Y118.187 E.00482
G1 X118.097 Y118.21 E.00482
;WIDTH:0.619751
G1 X118.007 Y118.234 E.00447
;WIDTH:0.57303
G1 X117.918 Y118.257 E.00405
;WIDTH:0.526308
G1 X113.082 Y118.257 E.19438
;WIDTH:0.57303
G1 X112.993 Y118.234 E.00405
;WIDTH:0.619751
G1 X112.903 Y118.21 E.00447
;WIDTH:0.666472
G1 X112.813 Y118.187 E.00482
G1 X112.793 Y118.11 E.00412
;LAYER_CHANGE
;Z:11.2
;HEIGHT:0.2
;BEFORE_LAYER_CHANGE
G92 E0
;11.2


G1 E-3.5 F3600
;WIPE_START
G1 F7200
G1 X112.813 Y118.187 E-.03779
G1 X112.903 Y118.21 E-.04412
G1 X112.993 Y118.234 E-.04424
G1 X113.082 Y118.257 E-.04366
G1 X115.882 Y118.257 E-1.33019
;WIPE_END
G1 Z11.2 F9000
;AFTER_LAYER_CHANGE
;11.2
G1 X112.594 Y118.406
G1 E5 F2400
;TYPE:Perimeter
;WIDTH:0.439999
G1 F900
G1 X112.594 Y112.594 E.1919
G1 X118.406 Y112.594 E.1919
G1 X118.406 Y118.406 E.1919
G1 X112.654 Y118.406 E.18992
G1 X112.197 Y118.803 F9000
G1 F900
G1 X112.197 Y112.197 E.21811
G1 X118.803 Y112.197 E.21811
G1 X118.803 Y118.803 E.21811
G1 X112.257 Y118.803 E.21613
G1 X111.81 Y119.19 F9000
;TYPE:External perimeter
;WIDTH:0.419999
G1 F900
G1 X111.81 Y111.81 E.23139
G1 X119.19 Y111.81 E.23139
G1 X119.19 Y119.19 E.23139
G1 X111.87 Y119.19 E.22951
G1 E-3.5 F3600
;WIPE_START
G1 F7200
G1 X111.81 Y119.19 E-.0285
G1 X111.81 Y116.092 E-1.4715
;WIPE_END
G1 X115.234 Y117.617 F9000
G1 E5 F2400
;TYPE:Internal infill
;WIDTH:0.44
G1 F900
G1 X117.617 Y117.617 E.07868
G1 X113.383 Y113.383 E.1977
G1 X113.383 Y117.617 E.1398
G1 X117.617 Y113.383 E.1977
G1 X117.617 Y115.766 E.07868
G1 E-3.5 F3600
;WIPE_START
G1 F7200
G1 X117.617 Y113.383 E-1.13193
G1 X117.069 Y113.931 E-.36807
;WIPE_END
G1 X117.718 Y112.943 F9000
G1 E5 F2400
;TYPE:Solid infill
;WIDTH:0.573029
G1 F900
G1 X117.807 Y112.966 E.00405
;WIDTH:0.61975
G1 X117.897 Y112.99 E.00447
;WIDTH:0.66647
G1 X117.987 Y113.013 E.00482
G1 X118.01 Y113.103 E.00482
;WIDTH:0.61975
G1 X118.034 Y113.193 E.00447
;WIDTH:0.573029
G1 X118.057 Y113.282 E.00405
;WIDTH:0.526308
G1 X118.057 Y117.718 E.1783
;WIDTH:0.573028
G1 X118.034 Y117.807 E.00405
;WIDTH:0.619749
G1 X118.01 Y117.897 E.00447
;WIDTH:0.66647
G1 X117.987 Y117.987 E.00482
G1 X117.909 Y118.01 E.00422
;WIDTH:0.619749
G1 X117.831 Y118.034 E.00391
;WIDTH:0.573028
G1 X117.752 Y118.057 E.00363
;WIDTH:0.526308
G1 X113.282 Y118.057 E.17967
;WIDTH:0.573028
G1 X113.193 Y118.034 E.00405
;WIDTH:0.619748
G1 X113.103 Y118.01 E.00447
;WIDTH:0.666468
G1 X113.013 Y117.987 E.00482
G1 X112.99 Y117.897 E.00482
;WIDTH:0.619748
G1 X112.966 Y117.807 E.00447
;WIDTH:0.573027
G1 X112.943 Y117.718 E.00405
;WIDTH:0.526308
G1 X112.943 Y113.282 E.1783
;WIDTH:0.57303
G1 X112.966 Y113.193 E.00405
;WIDTH:0.619751
G1 X112.99 Y113.103 E.00447
;WIDTH:0.666472
G1 X113.013 Y113.013 E.00482
G1 X113.103 Y112.99 E.00482
;WIDTH:0.619752
G1 X113.193 Y112.966 E.00447
;WIDTH:0.573031
G1 X113.282 Y112.943 E.00405
;WIDTH:0.52631
G1 X117.519 Y112.943 E.1703
;LAYER_CHANGE
;Z:11.4
;HEIGHT:0.2
;BEFORE_LAYER_CHANGE
G92 E0
;11.4


G1 E-3.5 F3600
;WIPE_START
G1 F7200
G1 X114.361 Y112.943 E-1.5
;WIPE_END
G1 Z11.4 F9000
;AFTER_LAYER_CHANGE
;11.4
G1 X118.206 Y112.794
G1 E5 F2400
;TYPE:Perimeter
;WIDTH:0.439999
G1 F900
G1 X118.206 Y118.206 E.17869
G1 X112.794 Y118.206 E.17869
G1 X112.794 Y112.794 E.17869
G1 X118.146 Y112.794 E.17671
G1 X118.603 Y112.397 F9000
G1 F900
G1 X118.603 Y118.603 E.20491
G1 X112.397 Y118.603 E.20491
G1 X112.397 Y112.397 E.20491
G1 X118.543 Y112.397 E.20292
G1 X118.99 Y112.01 F9000
;TYPE:External perimeter
;WIDTH:0.419999
G1 F900
G1 X118.99 Y118.99 E.21885
G1 X112.01 Y118.99 E.21885
G1 X112.01 Y112.01 E.21885
G1 X118.93 Y112.01 E.21697
G1 E-3.5 F3600
;WIPE_START
G1 F7200
G1 X118.99 Y112.01 E-.0285
G1 X118.99 Y115.108 E-1.4715
;WIPE_END
G1 X117.417 Y115.966 F9000
G1 E5 F2400
;TYPE:Internal infill
;WIDTH:0.44
G1 F900
G1 X117.417 Y113.583 E.07868
G1 X113.583 Y117.417 E.17902
G1 X113.583 Y113.583 E.12659
G1 X117.417 Y117.417 E.17902
G1 X115.034 Y117.417 E.07868
G1 X113.143 Y117.518 F9000
;TYPE:Solid infill
;WIDTH:0.526308
G1 F900
G1 X113.143 Y113.482 E.16222
;WIDTH:0.573028
G1 X113.166 Y113.393 E.00405
;WIDTH:0.619748
G1 X113.19 Y113.303 E.00447
;WIDTH:0.666468
G1 X113.213 Y113.213 E.00482
G1 X113.303 Y113.19 E.00482
;WIDTH:0.619748
G1 X113.393 Y113.166 E.00447
;WIDTH:0.573028
G1 X113.482 Y113.143 E.00405
;WIDTH:0.526308
G1 X117.518 Y113.143 E.16222
;WIDTH:0.573028
G1 X117.607 Y113.166 E.00405
;WIDTH:0.619749
G1 X117.697 Y113.19 E.00447
;WIDTH:0.66647
G1 X117.787 Y113.213 E.00482
G1 X117.81 Y113.291 E.00422
;WIDTH:0.619749
G1 X117.834 Y113.37 E.00396
;WIDTH:0.573028
G1 X117.857 Y113.448 E.00358
;WIDTH:0.526306
G1 X117.857 Y117.518 E.16359
;WIDTH:0.573027
G1 X117.834 Y117.607 E.00405
;WIDTH:0.619748
G1 X117.81 Y117.697 E.00447
;WIDTH:0.666468
G1 X117.787 Y117.787 E.00482
G1 X117.697 Y117.81 E.00482
;WIDTH:0.619748
G1 X117.607 Y117.834 E.00447
;WIDTH:0.573027
G1 X117.518 Y117.857 E.00405
;WIDTH:0.526306
G1 X113.482 Y117.857 E.16222
;WIDTH:0.573028
G1 X113.393 Y117.834 E.00405
;WIDTH:0.619749
G1 X113.303 Y117.81 E.00447
;WIDTH:0.66647
G1 X113.213 Y117.787 E.00482
G1 X113.193 Y117.71 E.00412
;LAYER_CHANGE
;Z:11.6
;HEIGHT:0.200001
;BEFORE_LAYER_CHANGE
G92 E0
;11.6


G1 E-3.5 F3600
;WIPE_START
G1 F7200
G1 X113.213 Y117.787 E-.03779
G1 X113.303 Y117.81 E-.04412
G1 X113.393 Y117.834 E-.04424
G1 X113.482 Y117.857 E-.04366
G1 X116.282 Y117.857 E-1.33019
;WIPE_END
G1 Z11.6 F9000
;AFTER_LAYER_CHANGE
;11.6
G1 X112.994 Y118.006
G1 E5 F2400
;TYPE:Perimeter
;WIDTH:0.439999
G1 F900
G1 X112.994 Y112.994 E.16548
G1 X118.006 Y112.994 E.16548
G1 X118.006 Y118.006 E.16548
G1 X113.054 Y118.006 E.1635
G1 X112.597 Y118.403 F9000
G1 F900
G1 X112.597 Y112.597 E.1917
G1 X118.403 Y112.597 E.1917
G1 X118.403 Y118.403 E.1917
G1 X112.657 Y118.403 E.18972
G1 X112.21 Y118.79 F9000
;TYPE:External perimeter
;WIDTH:0.419999
G1 F900
G1 X112.21 Y112.21 E.20631
G1 X118.79 Y112.21 E.20631
G1 X118.79 Y118.79 E.20631
G1 X112.27 Y118.79 E.20443
G1 E-3.5 F3600
;WIPE_START
G1 F7200
G1 X112.21 Y118.79 E-.0285
G1 X112.21 Y115.692 E-1.4715
;WIPE_END
G1 X114.834 Y117.217 F9000
G1 E5 F2400
;TYPE:Internal infill
;WIDTH:0.44
G1 F900
G1 X117.217 Y117.217 E.07868
G1 X113.783 Y113.783 E.16035
G1 X113.783 Y117.217 E.11338
G1 X117.217 Y113.783 E.16035
G1 X117.217 Y116.166 E.07868
G1 E-3.5 F3600
;WIPE_START
G1 F7200
G1 X117.217 Y113.783 E-1.13192
G1 X116.669 Y114.331 E-.36808
;WIPE_END
G1 X117.318 Y113.343 F9000
G1 E5 F2400
;TYPE:Solid infill
;WIDTH:0.573026
G1 F900
G1 X117.407 Y113.366 E.00405
;WIDTH:0.619746
G1 X117.497 Y113.39 E.00447
;WIDTH:0.666466
G1 X117.587 Y113.413 E.00482
G1 X117.61 Y113.503 E.00482
;WIDTH:0.619747
G1 X117.634 Y113.593 E.00447
;WIDTH:0.573028
G1 X117.657 Y113.682 E.00405
;WIDTH:0.526308
G1 X117.657 Y117.318 E.14614
;WIDTH:0.573028
G1 X117.634 Y117.407 E.00405
;WIDTH:0.619749
G1 X117.61 Y117.497 E.00447
;WIDTH:0.66647
G1 X117.587 Y117.587 E.00482
G1 X117.509 Y117.61 E.00422
;WIDTH:0.619749
G1 X117.431 Y117.634 E.00391
;WIDTH:0.573028
G1 X117.352 Y117.657 E.00363
;WIDTH:0.526308
G1 X113.682 Y117.657 E.14751
;WIDTH:0.573028
G1 X113.593 Y117.634 E.00405
;WIDTH:0.619747
G1 X113.503 Y117.61 E.00447
;WIDTH:0.666466
G1 X113.413 Y117.587 E.00482
G1 X113.39 Y117.497 E.00482
;WIDTH:0.619746
G1 X113.366 Y117.407 E.00447
;WIDTH:0.573026
G1 X113.343 Y117.318 E.00405
;WIDTH:0.526308
G1 X113.343 Y113.682 E.14614
;WIDTH:0.573029
G1 X113.366 Y113.593 E.00405
;WIDTH:0.61975
G1 X113.39 Y113.503 E.00447
;WIDTH:0.66647
G1 X113.413 Y113.413 E.00482
G1 X113.503 Y113.39 E.00482
;WIDTH:0.61975
G1 X113.593 Y113.366 E.00447
;WIDTH:0.573029
G1 X113.682 Y113.343 E.00405
;WIDTH:0.526308
G1 X117.119 Y113.343 E.13815
;LAYER_CHANGE
;Z:11.8
;HEIGHT:0.2
;BEFORE_LAYER_CHANGE
G92 E0
;11.8


G1 E-3.5 F3600
;WIPE_START
G1 F7200
G1 X113.962 Y113.343 E-1.5
;WIPE_END
G1 Z11.8 F9000
;AFTER_LAYER_CHANGE
;11.8
G1 X117.806 Y113.194
G1 E5 F2400
;TYPE:Perimeter
;WIDTH:0.439999
G1 F900
G1 X117.806 Y117.806 E.15228
G1 X113.194 Y117.806 E.15228
G1 X113.194 Y113.194 E.15228
G1 X117.746 Y113.194 E.15029
G1 X118.203 Y112.797 F9000
G1 F900
G1 X118.203 Y118.203 E.17849
G1 X112.797 Y118.203 E.17849
G1 X112.797 Y112.797 E.17849
G1 X118.143 Y112.797 E.17651
G1 X118.59 Y112.41 F9000
;TYPE:External perimeter
;WIDTH:0.419999
G1 F900
G1 X118.59 Y118.59 E.19377
G1 X112.41 Y118.59 E.19377
G1 X112.41 Y112.41 E.19377
G1 X118.53 Y112.41 E.19189
G1 E-3.5 F3600
;WIPE_START
G1 F7200
G1 X118.59 Y112.41 E-.0285
G1 X118.59 Y115.508 E-1.4715
;WIPE_END
G1 X117.017 Y116.366 F9000
G1 E5 F2400
;TYPE:Internal infill
;WIDTH:0.44
G1 F900
G1 X117.017 Y113.983 E.07868
G1 X113.983 Y117.017 E.14167
G1 X113.983 Y113.983 E.10017
G1 X117.017 Y117.017 E.14167
G1 X114.634 Y117.017 E.07868
G1 X113.543 Y117.118 F9000
;TYPE:Solid infill
;WIDTH:0.526308
G1 F900
G1 X113.543 Y113.882 E.13007
;WIDTH:0.57303
G1 X113.566 Y113.793 E.00405
;WIDTH:0.619751
G1 X113.59 Y113.703 E.00447
;WIDTH:0.666472
G1 X113.613 Y113.613 E.00482
G1 X113.703 Y113.59 E.00482
;WIDTH:0.619752
G1 X113.793 Y113.566 E.00447
;WIDTH:0.573031
G1 X113.882 Y113.543 E.00405
;WIDTH:0.52631
G1 X117.118 Y113.543 E.13007
;WIDTH:0.57303
G1 X117.207 Y113.566 E.00405
;WIDTH:0.619751
G1 X117.297 Y113.59 E.00447
;WIDTH:0.666472
G1 X117.387 Y113.613 E.00482
G1 X117.41 Y113.691 E.00422
;WIDTH:0.619751
G1 X117.434 Y113.77 E.00396
;WIDTH:0.57303
G1 X117.457 Y113.848 E.00358
;WIDTH:0.526308
G1 X117.457 Y117.118 E.13143
;WIDTH:0.57303
G1 X117.434 Y117.207 E.00405
;WIDTH:0.619751
G1 X117.41 Y117.297 E.00447
;WIDTH:0.666472
G1 X117.387 Y117.387 E.00482
G1 X117.297 Y117.41 E.00482
;WIDTH:0.619751
G1 X117.207 Y117.434 E.00447
;WIDTH:0.57303
G1 X117.118 Y117.457 E.00405
;WIDTH:0.526308
G1 X113.882 Y117.457 E.13007
;WIDTH:0.57303
G1 X113.793 Y117.434 E.00405
;WIDTH:0.619751
G1 X113.703 Y117.41 E.00447
;WIDTH:0.666472
G1 X113.613 Y117.387 E.00482
G1 X113.593 Y117.31 E.00412
;LAYER_CHANGE
;Z:12
;HEIGHT:0.2
;BEFORE_LAYER_CHANGE
G92 E0
;12


G1 E-3.5 F3600
;WIPE_START
G1 F7200
G1 X113.613 Y117.387 E-.03779
G1 X113.703 Y117.41 E-.04412
G1 X113.793 Y117.434 E-.04424
G1 X113.882 Y117.457 E-.04366
G1 X116.682 Y117.457 E-1.33019
;WIPE_END
G1 Z12 F9000
;AFTER_LAYER_CHANGE
;12
G1 X113.394 Y117.606
G1 E5 F2400
;TYPE:Perimeter
;WIDTH:0.439999
G1 F900
G1 X113.394 Y113.394 E.13907
G1 X117.606 Y113.394 E.13907
G1 X117.606 Y117.606 E.13907
G1 X113.454 Y117.606 E.13709
G1 X112.997 Y118.003 F9000
G1 F900
G1 X112.997 Y112.997 E.16528
G1 X118.003 Y112.997 E.16528
G1 X118.003 Y118.003 E.16528
G1 X113.057 Y118.003 E.1633
G1 X112.61 Y118.39 F9000
;TYPE:External perimeter
;WIDTH:0.419999
G1 F900
G1 X112.61 Y112.61 E.18123
G1 X118.39 Y112.61 E.18123
G1 X118.39 Y118.39 E.18123
G1 X112.67 Y118.39 E.17935
G1 E-3.5 F3600
;WIPE_START
G1 F7200
G1 X112.61 Y118.39 E-.0285
G1 X112.61 Y115.292 E-1.4715
;WIPE_END
G1 X114.434 Y116.817 F9000
G1 E5 F2400
;TYPE:Internal infill
;WIDTH:0.44
G1 F900
G1 X116.817 Y116.817 E.07868
G1 X114.183 Y114.183 E.12299
G1 X116.817 Y114.183 E.08697
G1 X114.183 Y116.817 E.12299
G1 X114.183 Y114.434 E.07868
G1 E-3.5 F3600
;WIPE_START
G1 F7200
G1 X114.183 Y116.817 E-1.13193
G1 X114.731 Y116.269 E-.36807
;WIPE_END
G1 X116.918 Y113.743 F9000
G1 E5 F2400
;TYPE:Solid infill
;WIDTH:0.573029
G1 F900
G1 X117.007 Y113.766 E.00405
;WIDTH:0.61975
G1 X117.097 Y113.79 E.00447
;WIDTH:0.66647
G1 X117.187 Y113.813 E.00482
G1 X117.21 Y113.903 E.00482
;WIDTH:0.61975
G1 X117.234 Y113.993 E.00447
;WIDTH:0.573029
G1 X117.257 Y114.082 E.00405
;WIDTH:0.526308
G1 X117.257 Y116.918 E.11399
;WIDTH:0.57303
G1 X117.234 Y117.007 E.00405
;WIDTH:0.619751
G1 X117.21 Y117.097 E.00447
;WIDTH:0.666472
G1 X117.187 Y117.187 E.00482
G1 X117.109 Y117.21 E.00422
;WIDTH:0.619751
G1 X117.031 Y117.234 E.00391
;WIDTH:0.57303
G1 X116.952 Y117.257 E.00363
;WIDTH:0.526308
G1 X114.082 Y117.257 E.11536
;WIDTH:0.57303
G1 X113.993 Y117.234 E.00405
;WIDTH:0.619751
G1 X113.903 Y117.21 E.00447
;WIDTH:0.666472
G1 X113.813 Y117.187 E.00482
G1 X113.79 Y117.097 E.00482
;WIDTH:0.619751
G1 X113.766 Y117.007 E.00447
;WIDTH:0.57303
G1 X113.743 Y116.918 E.00405
;WIDTH:0.52631
G1 X113.743 Y114.082 E.11399
;WIDTH:0.573031
G1 X113.766 Y113.993 E.00405
;WIDTH:0.619752
G1 X113.79 Y113.903 E.00447
;WIDTH:0.666472
G1 X113.813 Y113.813 E.00482
G1 X113.903 Y113.79 E.00482
;WIDTH:0.619752
G1 X113.993 Y113.766 E.00447
;WIDTH:0.573031
G1 X114.082 Y113.743 E.00405
;WIDTH:0.52631
G1 X116.719 Y113.743 E.10599
;LAYER_CHANGE
;Z:12.2
;HEIGHT:0.2
;BEFORE_LAYER_CHANGE
G92 E0
;12.2


G1 E-3.5 F3600
;WIPE_START
G1 F7200
G1 X114.082 Y113.743 E-1.25258
G1 X113.993 Y113.766 E-.04366
G1 X113.903 Y113.79 E-.04424
G1 X113.813 Y113.813 E-.04412
G1 X113.79 Y113.903 E-.04412
G1 X113.766 Y113.993 E-.04424
G1 X113.752 Y114.048 E-.02704
;WIPE_END
G1 Z12.2 F9000
;AFTER_LAYER_CHANGE
;12.2
G1 X117.406 Y113.594
G1 E5 F2400
;TYPE:Perimeter
;WIDTH:0.439999
G1 F900
G1 X117.406 Y117.406 E.12586
G1 X113.594 Y117.406 E.12586
G1 X113.594 Y113.594 E.12586
G1 X117.346 Y113.594 E.12388
G1 X117.803 Y113.197 F9000
G1 F900
G1 X117.803 Y117.803 E.15208
G1 X113.197 Y117.803 E.15208
G1 X113.197 Y113.197 E.15208
G1 X117.743 Y113.197 E.1501
G1 X118.19 Y112.81 F9000
;TYPE:External perimeter
;WIDTH:0.419999
G1 F900
G1 X118.19 Y118.19 E.16869
G1 X112.81 Y118.19 E.16869
G1 X112.81 Y112.81 E.16869
G1 X118.13 Y112.81 E.1668
G1 E-3.5 F3600
;WIPE_START
G1 F7200
G1 X118.19 Y112.81 E-.0285
G1 X118.19 Y115.908 E-1.4715
;WIPE_END
G1 X114.383 Y114.582 F9000
G1 E5 F2400
;TYPE:Internal infill
;WIDTH:0.44
G1 F900
G1 X114.383 Y116.617 E.06719
G1 X116.617 Y114.383 E.10431
G1 X114.383 Y114.383 E.07376
G1 X116.617 Y116.617 E.10431
G1 X114.582 Y116.617 E.06719
G1 X113.943 Y116.718 F9000
;TYPE:Solid infill
;WIDTH:0.526308
G1 F900
G1 X113.943 Y114.282 E.09791
;WIDTH:0.573028
G1 X113.966 Y114.193 E.00405
;WIDTH:0.619748
G1 X113.99 Y114.103 E.00447
;WIDTH:0.666468
G1 X114.013 Y114.013 E.00482
G1 X114.103 Y113.99 E.00482
;WIDTH:0.619748
G1 X114.193 Y113.966 E.00447
;WIDTH:0.573028
G1 X114.282 Y113.943 E.00405
;WIDTH:0.526308
G1 X116.718 Y113.943 E.09791
;WIDTH:0.573028
G1 X116.807 Y113.966 E.00405
;WIDTH:0.619749
G1 X116.897 Y113.99 E.00447
;WIDTH:0.66647
G1 X116.987 Y114.013 E.00482
G1 X117.01 Y114.091 E.00422
;WIDTH:0.619749
G1 X117.034 Y114.17 E.00396
;WIDTH:0.573028
G1 X117.057 Y114.248 E.00358
;WIDTH:0.526308
G1 X117.057 Y116.718 E.09928
;WIDTH:0.573028
G1 X117.034 Y116.807 E.00405
;WIDTH:0.619748
G1 X117.01 Y116.897 E.00447
;WIDTH:0.666468
G1 X116.987 Y116.987 E.00482
G1 X116.897 Y117.01 E.00482
;WIDTH:0.619748
G1 X116.807 Y117.034 E.00447
;WIDTH:0.573028
G1 X116.718 Y117.057 E.00405
;WIDTH:0.526308
G1 X114.282 Y117.057 E.09791
;WIDTH:0.573029
G1 X114.193 Y117.034 E.00405
;WIDTH:0.61975
G1 X114.103 Y117.01 E.00447
;WIDTH:0.66647
G1 X114.013 Y116.987 E.00482
G1 X113.993 Y116.91 E.00412
;LAYER_CHANGE
;Z:12.4
;HEIGHT:0.2
;BEFORE_LAYER_CHANGE
G92 E0
;12.4


G1 E-3.5 F3600
;WIPE_START
G1 F7200
G1 X114.013 Y116.987 E-.03779
G1 X114.103 Y117.01 E-.04412
G1 X114.193 Y117.034 E-.04424
G1 X114.282 Y117.057 E-.04366
G1 X116.718 Y117.057 E-1.1571
G1 X116.807 Y117.034 E-.04366
G1 X116.897 Y117.01 E-.04424
G1 X116.987 Y116.987 E-.04412
G1 X117.009 Y116.903 E-.04107
;WIPE_END
G1 Z12.4 F9000
;AFTER_LAYER_CHANGE
;12.4
G1 X113.794 Y117.206
G1 E5 F2400
;TYPE:Perimeter
;WIDTH:0.439999
G1 F900
G1 X113.794 Y113.794 E.11265
G1 X117.206 Y113.794 E.11265
G1 X117.206 Y117.206 E.11265
G1 X113.854 Y117.206 E.11067
G1 X113.397 Y117.603 F9000
G1 F900
G1 X113.397 Y113.397 E.13887
G1 X117.603 Y113.397 E.13887
G1 X117.603 Y117.603 E.13887
G1 X113.457 Y117.603 E.13689
G1 X113.01 Y117.99 F9000
;TYPE:External perimeter
;WIDTH:0.419999
G1 F900
G1 X113.01 Y113.01 E.15614
G1 X117.99 Y113.01 E.15614
G1 X117.99 Y117.99 E.15614
G1 X113.07 Y117.99 E.15426
G1 E-3.5 F3600
;WIPE_START
G1 F7200
G1 X113.01 Y117.99 E-.0285
G1 X113.01 Y114.892 E-1.4715
;WIPE_END
G1 X114.782 Y114.583 F9000
G1 E5 F2400
;TYPE:Internal infill
;WIDTH:0.44
G1 F900
G1 X116.417 Y114.583 E.05398
G1 X114.583 Y116.417 E.08564
G1 X114.583 Y114.583 E.06055
G1 X116.417 Y116.417 E.08564
G1 X116.417 Y114.782 E.05398
G1 X116.518 Y114.143 F9000
;TYPE:Solid infill
;WIDTH:0.573027
G1 F900
G1 X116.607 Y114.166 E.00405
;WIDTH:0.619748
G1 X116.697 Y114.19 E.00447
;WIDTH:0.666468
G1 X116.787 Y114.213 E.00482
G1 X116.81 Y114.303 E.00482
;WIDTH:0.619748
G1 X116.834 Y114.393 E.00447
;WIDTH:0.573027
G1 X116.857 Y114.482 E.00405
;WIDTH:0.526306
G1 X116.857 Y116.518 E.08183
;WIDTH:0.573028
G1 X116.834 Y116.607 E.00405
;WIDTH:0.619749
G1 X116.81 Y116.697 E.00447
;WIDTH:0.66647
G1 X116.787 Y116.787 E.00482
G1 X116.709 Y116.81 E.00422
;WIDTH:0.61975
G1 X116.631 Y116.834 E.00391
;WIDTH:0.573029
G1 X116.552 Y116.857 E.00363
;WIDTH:0.526308
G1 X114.482 Y116.857 E.0832
;WIDTH:0.573028
G1 X114.393 Y116.834 E.00405
;WIDTH:0.619748
G1 X114.303 Y116.81 E.00447
;WIDTH:0.666468
G1 X114.213 Y116.787 E.00482
G1 X114.19 Y116.697 E.00482
;WIDTH:0.619748
G1 X114.166 Y116.607 E.00447
;WIDTH:0.573027
G1 X114.143 Y116.518 E.00405
;WIDTH:0.526306
G1 X114.143 Y114.482 E.08183
;WIDTH:0.573028
G1 X114.166 Y114.393 E.00405
;WIDTH:0.619749
G1 X114.19 Y114.303 E.00447
;WIDTH:0.66647
G1 X114.213 Y114.213 E.00482
G1 X114.303 Y114.19 E.00482
;WIDTH:0.61975
G1 X114.393 Y114.166 E.00447
;WIDTH:0.573029
G1 X114.482 Y114.143 E.00405
;WIDTH:0.526308
G1 X116.319 Y114.143 E.07384
;LAYER_CHANGE
;Z:12.6
;HEIGHT:0.200001
;BEFORE_LAYER_CHANGE
G92 E0
;12.6


G1 E-3.5 F3600
;WIPE_START
G1 F7200
G1 X114.482 Y114.143 E-.87258
G1 X114.393 Y114.166 E-.04366
G1 X114.303 Y114.19 E-.04424
G1 X114.213 Y114.213 E-.04412
G1 X114.19 Y114.303 E-.04412
G1 X114.166 Y114.393 E-.04424
G1 X114.143 Y114.482 E-.04366
G1 X114.143 Y115.247 E-.36338
;WIPE_END
G1 Z12.6 F9000
;AFTER_LAYER_CHANGE
;12.6
G1 X117.006 Y113.994
G1 E5 F2400
;TYPE:Perimeter
;WIDTH:0.439999
G1 F900
G1 X117.006 Y117.006 E.09945
G1 X113.994 Y117.006 E.09945
G1 X113.994 Y113.994 E.09945
G1 X116.946 Y113.994 E.09747
G1 X117.403 Y113.597 F9000
G1 F900
G1 X117.403 Y117.403 E.12566
G1 X113.597 Y117.403 E.12566
G1 X113.597 Y113.597 E.12566
G1 X117.343 Y113.597 E.12368
G1 X117.79 Y113.21 F9000
;TYPE:External perimeter
;WIDTH:0.419999
G1 F900
G1 X117.79 Y117.79 E.1436
G1 X113.21 Y117.79 E.1436
G1 X113.21 Y113.21 E.1436
G1 X117.73 Y113.21 E.14172
G1 E-3.5 F3600
;WIPE_START
G1 F7200
G1 X117.79 Y113.21 E-.0285
G1 X117.79 Y116.308 E-1.4715
;WIPE_END
G1 X114.783 Y114.982 F9000
G1 E5 F2400
;TYPE:Internal infill
;WIDTH:0.44
G1 F900
G1 X114.783 Y116.217 E.04078
G1 X116.217 Y114.783 E.06696
G1 X114.783 Y114.783 E.04735
G1 X116.217 Y116.217 E.06696
G1 X114.982 Y116.217 E.04078
G1 X114.343 Y116.318 F9000
;TYPE:Solid infill
;WIDTH:0.526308
G1 F900
G1 X114.343 Y114.682 E.06576
;WIDTH:0.573027
G1 X114.366 Y114.593 E.00405
;WIDTH:0.619748
G1 X114.39 Y114.503 E.00447
;WIDTH:0.666468
G1 X114.413 Y114.413 E.00482
G1 X114.503 Y114.39 E.00482
;WIDTH:0.619748
G1 X114.593 Y114.366 E.00447
;WIDTH:0.573028
G1 X114.682 Y114.343 E.00405
;WIDTH:0.526308
G1 X116.318 Y114.343 E.06576
;WIDTH:0.573028
G1 X116.407 Y114.366 E.00405
;WIDTH:0.619749
G1 X116.497 Y114.39 E.00447
;WIDTH:0.66647
G1 X116.587 Y114.413 E.00482
G1 X116.61 Y114.491 E.00422
;WIDTH:0.619749
G1 X116.634 Y114.57 E.00396
;WIDTH:0.573028
G1 X116.657 Y114.648 E.00358
;WIDTH:0.526308
G1 X116.657 Y116.318 E.06712
;WIDTH:0.573028
G1 X116.634 Y116.407 E.00405
;WIDTH:0.619748
G1 X116.61 Y116.497 E.00447
;WIDTH:0.666468
G1 X116.587 Y116.587 E.00482
G1 X116.497 Y116.61 E.00482
;WIDTH:0.619748
G1 X116.407 Y116.634 E.00447
;WIDTH:0.573027
G1 X116.318 Y116.657 E.00405
;WIDTH:0.526308
G1 X114.682 Y116.657 E.06576
;WIDTH:0.573029
G1 X114.593 Y116.634 E.00405
;WIDTH:0.61975
G1 X114.503 Y116.61 E.00447
;WIDTH:0.66647
G1 X114.413 Y116.587 E.00482
G1 X114.393 Y116.51 E.00412
;LAYER_CHANGE
;Z:12.8
;HEIGHT:0.2
;BEFORE_LAYER_CHANGE
G92 E0
;12.8


G1 E-3.5 F3600
;WIPE_START
G1 F7200
G1 X114.413 Y116.587 E-.03779
G1 X114.503 Y116.61 E-.04412
G1 X114.593 Y116.634 E-.04424
G1 X114.682 Y116.657 E-.04366
G1 X116.318 Y116.657 E-.7771
G1 X116.407 Y116.634 E-.04366
G1 X116.497 Y116.61 E-.04424
G1 X116.587 Y116.587 E-.04412
G1 X116.61 Y116.497 E-.04412
G1 X116.634 Y116.407 E-.04424
G1 X116.657 Y116.318 E-.04366
G1 X116.657 Y115.709 E-.28905
;WIPE_END
G1 Z12.8 F9000
;AFTER_LAYER_CHANGE
;12.8
G1 X114.194 Y116.806
G1 E5 F2400
;TYPE:Perimeter
;WIDTH:0.439999
G1 F900
G1 X114.194 Y114.194 E.08624
G1 X116.806 Y114.194 E.08624
G1 X116.806 Y116.806 E.08624
G1 X114.254 Y116.806 E.08426
G1 X113.797 Y117.203 F9000
G1 F900
G1 X113.797 Y113.797 E.11246
G1 X117.203 Y113.797 E.11246
G1 X117.203 Y117.203 E.11246
G1 X113.857 Y117.203 E.11048
G1 X113.41 Y117.59 F9000
;TYPE:External perimeter
;WIDTH:0.419999
G1 F900
G1 X113.41 Y113.41 E.13106
G1 X117.59 Y113.41 E.13106
G1 X117.59 Y117.59 E.13106
G1 X113.47 Y117.59 E.12918
G1 E-3.5 F3600
;WIPE_START
G1 F7200
G1 X113.41 Y117.59 E-.0285
G1 X113.41 Y114.492 E-1.4715
;WIPE_END
G1 X115.182 Y114.983 F9000
G1 E5 F2400
;TYPE:Internal infill
;WIDTH:0.44
G1 F900
G1 X116.017 Y114.983 E.02757
G1 X114.983 Y116.017 E.04828
G1 X114.983 Y114.983 E.03414
G1 X116.017 Y116.017 E.04828
G1 X116.017 Y115.182 E.02757
G1 X114.882 Y114.543 F9000
;TYPE:Solid infill
;WIDTH:0.526308
G1 F900
G1 X116.118 Y114.543 E.04968
;WIDTH:0.573029
G1 X116.207 Y114.566 E.00405
;WIDTH:0.61975
G1 X116.297 Y114.59 E.00447
;WIDTH:0.66647
G1 X116.387 Y114.613 E.00482
G1 X116.41 Y114.703 E.00482
;WIDTH:0.61975
G1 X116.434 Y114.793 E.00447
;WIDTH:0.573029
G1 X116.457 Y114.882 E.00405
;WIDTH:0.526308
G1 X116.457 Y116.118 E.04968
;WIDTH:0.57303
G1 X116.434 Y116.207 E.00405
;WIDTH:0.619752
G1 X116.41 Y116.297 E.00447
;WIDTH:0.666474
G1 X116.387 Y116.387 E.00482
G1 X116.309 Y116.41 E.00422
;WIDTH:0.619752
G1 X116.231 Y116.434 E.00391
;WIDTH:0.57303
G1 X116.152 Y116.457 E.00363
;WIDTH:0.526308
G1 X114.882 Y116.457 E.05105
;WIDTH:0.57303
G1 X114.793 Y116.434 E.00405
;WIDTH:0.619751
G1 X114.703 Y116.41 E.00447
;WIDTH:0.666472
G1 X114.613 Y116.387 E.00482
G1 X114.59 Y116.297 E.00482
;WIDTH:0.619751
G1 X114.566 Y116.207 E.00447
;WIDTH:0.57303
G1 X114.543 Y116.118 E.00405
;WIDTH:0.526308
G1 X114.543 Y114.882 E.04968
;WIDTH:0.57303
G1 X114.566 Y114.793 E.00405
;WIDTH:0.619751
G1 X114.59 Y114.703 E.00447
;WIDTH:0.666472
G1 X114.613 Y114.613 E.00482
G1 X114.69 Y114.593 E.00412
;LAYER_CHANGE
;Z:13
;HEIGHT:0.2
;BEFORE_LAYER_CHANGE
G92 E0
;13


G1 E-3.5 F3600
;WIPE_START
G1 F7200
G1 X114.613 Y114.613 E-.03779
G1 X114.59 Y114.703 E-.04412
G1 X114.566 Y114.793 E-.04424
G1 X114.543 Y114.882 E-.04366
G1 X114.543 Y116.118 E-.5871
G1 X114.566 Y116.207 E-.04366
G1 X114.59 Y116.297 E-.04424
G1 X114.613 Y116.387 E-.04412
G1 X114.703 Y116.41 E-.04412
G1 X114.793 Y116.434 E-.04424
G1 X114.882 Y116.457 E-.04366
G1 X115.891 Y116.457 E-.47905
;WIPE_END
G1 Z13 F9000
;AFTER_LAYER_CHANGE
;13
G1 X114.394 Y114.394
G1 E5 F2400
;TYPE:Perimeter
;WIDTH:0.439999
G1 F900
G1 X116.606 Y114.394 E.07303
G1 X116.606 Y116.606 E.07303
G1 X114.394 Y116.606 E.07303
G1 X114.394 Y114.454 E.07105
G1 X113.997 Y113.997 F9000
G1 F900
G1 X117.003 Y113.997 E.09925
G1 X117.003 Y117.003 E.09925
G1 X113.997 Y117.003 E.09925
G1 X113.997 Y114.057 E.09727
G1 X113.61 Y113.61 F9000
;TYPE:External perimeter
;WIDTH:0.419999
G1 F900
G1 X117.39 Y113.61 E.11852
G1 X117.39 Y117.39 E.11852
G1 X113.61 Y117.39 E.11852
G1 X113.61 Y113.67 E.11664
G1 E-3.5 F3600
;WIPE_START
G1 F7200
G1 X113.61 Y113.61 E-.0285
G1 X116.708 Y113.61 E-1.4715
;WIPE_END
G1 X115.183 Y115.382 F9000
G1 E5 F2400
;TYPE:Internal infill
;WIDTH:0.44
G1 F900
G1 X115.183 Y115.817 E.01436
G1 X115.817 Y115.183 E.0296
G1 X115.183 Y115.183 E.02093
G1 X115.817 Y115.817 E.0296
G1 X115.382 Y115.817 E.01436
G1 X114.743 Y115.918 F9000
;TYPE:Solid infill
;WIDTH:0.526308
G1 F900
G1 X114.743 Y115.082 E.0336
;WIDTH:0.57303
G1 X114.766 Y114.993 E.00405
;WIDTH:0.619751
G1 X114.79 Y114.903 E.00447
;WIDTH:0.666472
G1 X114.813 Y114.813 E.00482
G1 X114.903 Y114.79 E.00482
;WIDTH:0.619752
G1 X114.993 Y114.766 E.00447
;WIDTH:0.573031
G1 X115.082 Y114.743 E.00405
;WIDTH:0.52631
G1 X115.918 Y114.743 E.0336
;WIDTH:0.57303
G1 X116.007 Y114.766 E.00405
;WIDTH:0.619751
G1 X116.097 Y114.79 E.00447
;WIDTH:0.666472
G1 X116.187 Y114.813 E.00482
G1 X116.21 Y114.889 E.00412
;WIDTH:0.620972
G1 X116.232 Y114.965 E.0038
;WIDTH:0.575471
G1 X116.255 Y115.04 E.00347
;WIDTH:0.52997
G1 X116.257 Y115.918 E.03556
;WIDTH:0.573031
G1 X116.234 Y116.007 E.00405
;WIDTH:0.619752
G1 X116.21 Y116.097 E.00447
;WIDTH:0.666472
G1 X116.187 Y116.187 E.00482
G1 X116.097 Y116.21 E.00482
;WIDTH:0.619751
G1 X116.007 Y116.234 E.00447
;WIDTH:0.57303
G1 X115.918 Y116.257 E.00405
;WIDTH:0.52631
G1 X115.082 Y116.257 E.0336
;WIDTH:0.573031
G1 X114.993 Y116.234 E.00405
;WIDTH:0.619752
G1 X114.903 Y116.21 E.00447
;WIDTH:0.666472
G1 X114.813 Y116.187 E.00482
G1 X114.793 Y116.11 E.00412
;LAYER_CHANGE
;Z:13.2
;HEIGHT:0.2
;BEFORE_LAYER_CHANGE
G92 E0
;13.2


G1 E-3.5 F3600
;WIPE_START
G1 F7200
G1 X114.813 Y116.187 E-.03779
G1 X114.903 Y116.21 E-.04412
G1 X114.993 Y116.234 E-.04424
G1 X115.082 Y116.257 E-.04366
G1 X115.918 Y116.257 E-.3971
G1 X116.007 Y116.234 E-.04366
G1 X116.097 Y116.21 E-.04424
G1 X116.187 Y116.187 E-.04412
G1 X116.21 Y116.097 E-.04412
G1 X116.234 Y116.007 E-.04424
G1 X116.257 Y115.918 E-.04366
G1 X116.255 Y115.04 E-.41705
G1 X116.232 Y114.965 E-.03726
G1 X116.21 Y114.889 E-.03758
G1 X116.187 Y114.813 E-.03772
G1 X116.097 Y114.79 E-.04412
G1 X116.007 Y114.766 E-.04424
G1 X115.918 Y114.743 E-.04366
G1 X115.902 Y114.743 E-.00742
;WIPE_END
G1 Z13.2 F9000
;AFTER_LAYER_CHANGE
;13.2
G1 X114.594 Y116.406
G1 E5 F2400
;TYPE:Perimeter
;WIDTH:0.439999
G1 F900
G1 X114.594 Y114.594 E.05983
G1 X116.406 Y114.594 E.05983
G1 X116.406 Y116.406 E.05983
G1 X114.654 Y116.406 E.05785
G1 X114.197 Y116.803 F9000
G1 F900
G1 X114.197 Y114.197 E.08604
G1 X116.803 Y114.197 E.08604
G1 X116.803 Y116.803 E.08604
G1 X114.257 Y116.803 E.08406
G1 X113.81 Y117.19 F9000
;TYPE:External perimeter
;WIDTH:0.419999
G1 F900
G1 X113.81 Y113.81 E.10598
G1 X117.19 Y113.81 E.10598
G1 X117.19 Y117.19 E.10598
G1 X113.87 Y117.19 E.1041
G1 E-3.5 F3600
;WIPE_START
G1 F7200
G1 X113.81 Y117.19 E-.0285
G1 X113.81 Y114.092 E-1.4715
;WIPE_END
G1 X115.282 Y114.943 F9000
G1 E5 F2400
;TYPE:Solid infill
;WIDTH:0.52631
G1 F900
G1 X115.718 Y114.943 E.01752
;WIDTH:0.573028
G1 X115.807 Y114.966 E.00405
;WIDTH:0.619748
G1 X115.897 Y114.99 E.00447
;WIDTH:0.666468
G1 X115.987 Y115.013 E.00482
G1 X116.01 Y115.103 E.00482
;WIDTH:0.619748
G1 X116.034 Y115.193 E.00447
;WIDTH:0.573027
G1 X116.057 Y115.282 E.00405
;WIDTH:0.526306
G1 X116.057 Y115.718 E.01752
;WIDTH:0.573028
G1 X116.034 Y115.807 E.00405
;WIDTH:0.619749
G1 X116.01 Y115.897 E.00447
;WIDTH:0.66647
G1 X115.987 Y115.987 E.00482
G1 X115.911 Y116.01 E.00412
;WIDTH:0.62097
G1 X115.835 Y116.032 E.0038
;WIDTH:0.57547
G1 X115.76 Y116.055 E.00347
;WIDTH:0.52997
G1 X115.282 Y116.057 E.01936
;WIDTH:0.573027
G1 X115.193 Y116.034 E.00405
;WIDTH:0.619748
G1 X115.103 Y116.01 E.00447
;WIDTH:0.666468
G1 X115.013 Y115.987 E.00482
G1 X114.99 Y115.897 E.00482
;WIDTH:0.619748
G1 X114.966 Y115.807 E.00447
;WIDTH:0.573028
G1 X114.943 Y115.718 E.00405
;WIDTH:0.526308
G1 X114.943 Y115.282 E.01752
;WIDTH:0.57303
G1 X114.966 Y115.193 E.00405
;WIDTH:0.619751
G1 X114.99 Y115.103 E.00447
;WIDTH:0.666472
G1 X115.013 Y115.013 E.00482
G1 X115.09 Y114.993 E.00412
;LAYER_CHANGE
;Z:13.4
;HEIGHT:0.2
;BEFORE_LAYER_CHANGE
G92 E0
;13.4


G1 E-3.5 F3600
;WIPE_START
G1 F7200
G1 X115.013 Y115.013 E-.03779
G1 X114.99 Y115.103 E-.04412
G1 X114.966 Y115.193 E-.04424
G1 X114.943 Y115.282 E-.04366
G1 X114.943 Y115.718 E-.2071
G1 X114.966 Y115.807 E-.04366
G1 X114.99 Y115.897 E-.04424
G1 X115.013 Y115.987 E-.04412
G1 X115.103 Y116.01 E-.04412
G1 X115.193 Y116.034 E-.04424
G1 X115.282 Y116.057 E-.04366
G1 X115.76 Y116.055 E-.22705
G1 X115.835 Y116.032 E-.03726
G1 X115.911 Y116.01 E-.03758
G1 X115.987 Y115.987 E-.03772
G1 X116.01 Y115.897 E-.04412
G1 X116.034 Y115.807 E-.04424
G1 X116.057 Y115.718 E-.04366
G1 X116.057 Y115.282 E-.2071
G1 X116.034 Y115.193 E-.04366
G1 X116.01 Y115.103 E-.04424
G1 X115.987 Y115.013 E-.04412
G1 X115.897 Y114.99 E-.04412
G1 X115.889 Y114.988 E-.00418
;WIPE_END
G1 Z13.4 F9000
;AFTER_LAYER_CHANGE
;13.4
G1 X114.794 Y114.794
G1 E5 F2400
;TYPE:Perimeter
;WIDTH:0.439999
G1 F900
G1 X116.206 Y114.794 E.04662
G1 X116.206 Y116.206 E.04662
G1 X114.794 Y116.206 E.04662
G1 X114.794 Y114.854 E.04464
G1 X114.397 Y114.397 F9000
G1 F900
G1 X116.603 Y114.397 E.07284
G1 X116.603 Y116.603 E.07284
G1 X114.397 Y116.603 E.07284
G1 X114.397 Y114.457 E.07086
G1 X114.01 Y114.01 F9000
;TYPE:External perimeter
;WIDTH:0.419999
G1 F900
G1 X116.99 Y114.01 E.09344
G1 X116.99 Y116.99 E.09344
G1 X114.01 Y116.99 E.09344
G1 X114.01 Y114.07 E.09155
G1 E-3.5 F3600
;WIPE_START
G1 F7200
G1 X114.01 Y114.01 E-.0285
G1 X116.99 Y114.01 E-1.4155
G1 X116.99 Y114.128 E-.056
;WIPE_END
G1 X115.1 Y115.9 F9000
G1 E5 F2400
;TYPE:Solid infill
;WIDTH:0.439999
G1 F900
G1 X115.1 Y115.1 E.02641
G1 X115.9 Y115.1 E.02641
G1 X115.9 Y115.9 E.02641
G1 X115.298 Y115.9 E.01988
G1 X115.487 Y115.451 E.01608
;WIDTH:0.446022
G1 X115.451 Y115.487 E.00171
G1 X115.464 Y115.536 E.0017
G1 X115.513 Y115.549 E.0017
G1 X115.549 Y115.513 E.00171
G1 X115.536 Y115.464 E.0017
;LAYER_CHANGE
;Z:13.6
;HEIGHT:0.200001
;BEFORE_LAYER_CHANGE
G92 E0
;13.6


G1 E-3.5 F3600
;WIPE_START
G1 F7200
G1 X115.549 Y115.513 E-.02408
G1 X115.513 Y115.549 E-.02418
G1 X115.464 Y115.536 E-.02408
G1 X115.451 Y115.487 E-.02408
G1 X115.487 Y115.451 E-.02418
G1 X115.298 Y115.9 E-.2314
G1 X115.9 Y115.9 E-.28595
G1 X115.9 Y115.1 E-.38
G1 X115.1 Y115.1 E-.38
G1 X115.1 Y115.315 E-.10205
;WIPE_END
G1 Z13.6 F9000
;AFTER_LAYER_CHANGE
;13.6
G1 X116.006 Y114.994
G1 E5 F2400
;TYPE:Perimeter
;WIDTH:0.439999
G1 F900
G1 X116.006 Y116.006 E.03341
G1 X114.994 Y116.006 E.03341
G1 X114.994 Y114.994 E.03341
G1 X115.946 Y114.994 E.03143
G1 X116.403 Y114.597 F9000
G1 F900
G1 X116.403 Y116.403 E.05963
G1 X114.597 Y116.403 E.05963
G1 X114.597 Y114.597 E.05963
G1 X116.343 Y114.597 E.05765
G1 X116.79 Y114.21 F9000
;TYPE:External perimeter
;WIDTH:0.419999
G1 F900
G1 X116.79 Y116.79 E.08089
G1 X114.21 Y116.79 E.08089
G1 X114.21 Y114.21 E.08089
G1 X116.73 Y114.21 E.07901
G1 X115.301 Y115.301 F9000
;TYPE:Solid infill
;WIDTH:0.44155
G1 F900
G1 X115.699 Y115.301 E.01319
G1 X115.699 Y115.699 E.01319
G1 X115.301 Y115.699 E.01319
G1 X115.301 Y115.499 E.00663
;LAYER_CHANGE
;Z:13.8
;HEIGHT:0.2
;BEFORE_LAYER_CHANGE
G92 E0
;13.8


G1 E-3.5 F3600
;WIPE_START
G1 F7200
G1 X115.301 Y115.699 E-.095
G1 X115.699 Y115.699 E-.18905
G1 X115.699 Y115.301 E-.18905
G1 X115.301 Y115.301 E-.18905
;WIPE_END
G1 E-.83785 F3600
G1 Z13.8 F9000
;AFTER_LAYER_CHANGE
;13.8
G1 X115.248 Y115.248
G1 E5 F2400
;TYPE:Perimeter
;WIDTH:0.547302
G1 F900
G1 X115.752 Y115.248 E.02114
G1 X115.752 Y115.752 E.02114
G1 X115.248 Y115.752 E.02114
G1 X115.248 Y115.308 E.01862
G1 X114.797 Y114.797 F9000
;WIDTH:0.439999
G1 F900
G1 X116.203 Y114.797 E.04642
G1 X116.203 Y116.203 E.04642
G1 X114.797 Y116.203 E.04642
G1 X114.797 Y114.857 E.04444
G1 X114.41 Y114.41 F9000
;TYPE:External perimeter
;WIDTH:0.419999
G1 F900
G1 X116.59 Y114.41 E.06835
G1 X116.59 Y116.59 E.06835
G1 X114.41 Y116.59 E.06835
G1 X114.41 Y114.47 E.06647
;LAYER_CHANGE
;Z:14
;HEIGHT:0.2
;BEFORE_LAYER_CHANGE
G92 E0
;14


G1 E-3.5 F3600
;WIPE_START
G1 F7200
G1 X114.41 Y114.41 E-.0285
G1 X116.59 Y114.41 E-1.0355
G1 X116.59 Y115.328 E-.436
;WIPE_END
G1 Z14 F9000
;AFTER_LAYER_CHANGE
;14
G1 X115.576 Y115.5
G1 E5 F2400
;TYPE:Perimeter
;WIDTH:0.651684
G1 F900
G1 X115.538 Y115.566 E.00386
G1 X115.462 Y115.566 E.00385
G1 X115.424 Y115.5 E.00386
G1 X115.462 Y115.434 E.00386
G1 X115.538 Y115.434 E.00385
G1 X116.003 Y114.997 F9000
;WIDTH:0.439999
G1 F900
G1 X116.003 Y116.003 E.03322
G1 X114.997 Y116.003 E.03322
G1 X114.997 Y114.997 E.03322
G1 X115.943 Y114.997 E.03123
G1 X116.39 Y114.61 F9000
;TYPE:External perimeter
;WIDTH:0.419999
G1 F900
G1 X116.39 Y116.39 E.05581
G1 X114.61 Y116.39 E.05581
G1 X114.61 Y114.61 E.05581
G1 X116.33 Y114.61 E.05393
;LAYER_CHANGE
;Z:14.2
;HEIGHT:0.2
;BEFORE_LAYER_CHANGE
G92 E0
;14.2


G1 E-3.5 F3600
;WIPE_START
G1 F7200
G1 X116.39 Y114.61 E-.0285
G1 X116.39 Y116.39 E-.8455
G1 X115.072 Y116.39 E-.626
;WIPE_END
G1 Z14.2 F9000
;AFTER_LAYER_CHANGE
;14.2
G1 X115.751 Y115.249
G1 E5 F2400
;TYPE:Perimeter
;WIDTH:0.54438
G1 F900
G1 X115.751 Y115.751 E.02093
G1 X115.249 Y115.751 E.02093
G1 X115.249 Y115.249 E.02093
G1 X115.691 Y115.249 E.01843
G1 X116.19 Y114.81 F9000
;TYPE:External perimeter
;WIDTH:0.419999
G1 F900
G1 X116.19 Y116.19 E.04327
G1 X114.81 Y116.19 E.04327
G1 X114.81 Y114.81 E.04327
G1 X116.13 Y114.81 E.04139
;LAYER_CHANGE
;Z:14.4
;HEIGHT:0.2
;BEFORE_LAYER_CHANGE
G92 E0
;14.4


G1 E-3.5 F3600
;WIPE_START
G1 F7200
G1 X116.19 Y114.81 E-.0285
G1 X116.19 Y116.19 E-.6555
G1 X114.81 Y116.19 E-.6555
G1 X114.81 Y115.852 E-.1605
;WIPE_END
G1 Z14.4 F9000
;AFTER_LAYER_CHANGE
;14.4
G1 X115.575 Y115.5
G1 E5 F2400
;TYPE:Perimeter
;WIDTH:0.64584
G1 F900
G1 X115.538 Y115.565 E.00375
G1 X115.462 Y115.565 E.00381
G1 X115.425 Y115.5 E.00375
G1 X115.462 Y115.435 E.00375
G1 X115.538 Y115.435 E.00381
G1 X115.99 Y115.01 F9000
;TYPE:External perimeter
;WIDTH:0.419999
G1 F900
G1 X115.99 Y115.99 E.03073
G1 X115.01 Y115.99 E.03073
G1 X115.01 Y115.01 E.03073
G1 X115.93 Y115.01 E.02885
;LAYER_CHANGE
;Z:14.6
;HEIGHT:0.200001
;BEFORE_LAYER_CHANGE
G92 E0
;14.6


G1 E-3.5 F3600
;WIPE_START
G1 F7200
G1 X115.99 Y115.01 E-.0285
G1 X115.99 Y115.99 E-.4655
G1 X115.01 Y115.99 E-.4655
G1 X115.01 Y115.01 E-.4655
G1 X115.168 Y115.01 E-.075
;WIPE_END
G1 Z14.6 F9000
;AFTER_LAYER_CHANGE
;14.6
G1 X115.739 Y115.261
G1 E5 F2400
;WIDTH:0.521459
G1 F900
G1 X115.739 Y115.739 E.01902
G1 X115.261 Y115.739 E.01902
G1 X115.261 Y115.261 E.01902
G1 X115.679 Y115.261 E.01663
;LAYER_CHANGE
;Z:14.8
;HEIGHT:0.2
;BEFORE_LAYER_CHANGE
G92 E0
;14.8


G1 E-3.5 F3600
;WIPE_START
G1 F7200
G1 X115.739 Y115.261 E-.0285
G1 X115.739 Y115.739 E-.22705
G1 X115.261 Y115.739 E-.22705
G1 X115.261 Y115.261 E-.22705
G1 X115.679 Y115.261 E-.19855
;WIPE_END
G1 E-.5918 F3600
G1 Z14.8 F9000
;AFTER_LAYER_CHANGE
;14.8
G1 X115.57 Y115.5
G1 E5 F2400
;WIDTH:0.600002
G1 F900
G1 X115.535 Y115.56 E.00322
G1 X115.465 Y115.56 E.00324
G1 X115.43 Y115.5 E.00322
G1 X115.465 Y115.44 E.00322
G1 X115.535 Y115.44 E.00324
; stop printing object Pyramid.stl id:0 copy 0
G1 E-3.5 F3600
;WIPE_START
G1 F7200;_WIPE
G1 X115.465 Y115.44 E-.03325
G1 X115.43 Y115.5 E-.03299
G1 X115.465 Y115.56 E-.03299
G1 X115.535 Y115.56 E-.03325
G1 X115.57 Y115.5 E-.03299
;WIPE_END
G1 E-1.33453 F3600
M107
;TYPE:Custom
; Filament-specific end gcode 
;END gcode for filament
G1 Z16.8 F600 ; Move print head up
G1 X5 Y193.8 F9000 ; present print
G1 Z84.8 F600 ; Move print head further up
G1 Z150 F600 ; Move print head further up
M140 S0 ; turn off heatbed
M104 S0 ; turn off temperature
M107 ; turn off fan
M84 X Y E ; disable motors
; objects_info = {"objects":[{"name":"Pyramid.stl id:0 copy 0","polygon":[[130.500,130.500],[100.500,130.500],[100.500,100.500],[130.500,100.500]]}]}
; filament used [mm] = 1026.02
; filament used [cm3] = 2.47
; filament used [g] = 3.06
; filament cost = 0.06
; total filament used [g] = 3.06
; total filament cost = 0.06
; total filament used for wipe tower [g] = 0.00
; estimated printing time (normal mode) = 24m 23s
; estimated first layer printing time (normal mode) = 2m 46s

; prusaslicer_config = begin
; arc_fitting = disabled
; autoemit_temperature_commands = 1
; automatic_extrusion_widths = 0
; automatic_infill_combination = 0
; automatic_infill_combination_max_layer_height = 100%
; avoid_crossing_curled_overhangs = 0
; avoid_crossing_perimeters = 0
; avoid_crossing_perimeters_max_detour = 0
; bed_custom_model = 
; bed_custom_texture = 
; bed_shape = 3x3,228x3,228x228,3x228
; bed_temperature = 60
; bed_temperature_extruder = 0
; before_layer_gcode = ;BEFORE_LAYER_CHANGE\nG92 E0\n;{layer_z}\n\n
; between_objects_gcode = 
; binary_gcode = 0
; bottom_fill_pattern = monotonic
; bottom_solid_layers = 3
; bottom_solid_min_thickness = 0
; bridge_acceleration = 250
; bridge_angle = 0
; bridge_fan_speed = 100
; bridge_flow_ratio = 0.95
; bridge_speed = 25
; brim_separation = 0
; brim_type = outer_only
; brim_width = 0
; chamber_minimal_temperature = 0
; chamber_temperature = 0
; color_change_gcode = M600
; colorprint_heights = 
; compatible_printers_condition_cummulative = "printer_model=~/(ENDER|CR|SERMOON).*/ and nozzle_diameter[0]==0.4";printer_notes=~/.*PRINTER_VENDOR_CREALITY.*/
; complete_objects = 0
; cooling = 1
; cooling_perimeter_transition_distance = 0
; cooling_slowdown_logic = uniform_cooling
; cooling_tube_length = 5
; cooling_tube_retraction = 91.5
; custom_parameters_filament = ""
; custom_parameters_print = 
; custom_parameters_printer = 
; default_acceleration = 500
; default_filament_profile = "Generic PLA @CREALITY"
; default_print_profile = "0.16 mm OPTIMAL (0.4 mm nozzle) @CREALITY"
; deretract_speed = 40
; disable_fan_first_layers = 1
; dont_support_bridges = 1
; draft_shield = disabled
; duplicate_distance = 6
; elefant_foot_compensation = 0.1
; enable_dynamic_fan_speeds = 0
; enable_dynamic_overhang_speeds = 0
; end_filament_gcode = "; Filament-specific end gcode \n;END gcode for filament\n"
; end_gcode = {if max_layer_z < max_print_height}G1 Z{z_offset+min(max_layer_z+2, max_print_height)} F600 ; Move print head up{endif}\nG1 X5 Y{print_bed_max[1]*0.85} F{travel_speed*60} ; present print\n{if max_layer_z < max_print_height-10}G1 Z{z_offset+min(max_layer_z+70, max_print_height-10)} F600 ; Move print head further up{endif}\n{if max_layer_z < max_print_height*0.6}G1 Z{max_print_height*0.6} F600 ; Move print head further up{endif}\nM140 S0 ; turn off heatbed\nM104 S0 ; turn off temperature\nM107 ; turn off fan\nM84 X Y E ; disable motors
; ensure_vertical_shell_thickness = enabled
; external_perimeter_acceleration = 0
; external_perimeter_extrusion_width = 0.42
; external_perimeter_speed = 25
; external_perimeters_first = 0
; extra_loading_move = -2
; extra_perimeters = 0
; extra_perimeters_on_overhangs = 0
; extruder_clearance_height = 25
; extruder_clearance_radius = 55
; extruder_colour = #FCE94F
; extruder_offset = 0x0
; extrusion_axis = E
; extrusion_multiplier = 1
; extrusion_width = 0.44
; fan_always_on = 1
; fan_below_layer_time = 100
; filament_abrasive = 0
; filament_colour = #DDDDDD
; filament_cooling_final_speed = 3.4
; filament_cooling_initial_speed = 2.2
; filament_cooling_moves = 4
; filament_cost = 20
; filament_density = 1.24
; filament_deretract_speed = nil
; filament_diameter = 1.75
; filament_infill_max_crossing_speed = 0
; filament_infill_max_speed = 0
; filament_load_time = 0
; filament_loading_speed = 28
; filament_loading_speed_start = 3
; filament_max_volumetric_speed = 15
; filament_minimal_purge_on_wipe_tower = 15
; filament_multitool_ramming = 0
; filament_multitool_ramming_flow = 10
; filament_multitool_ramming_volume = 10
; filament_notes = ""
; filament_purge_multiplier = 100%
; filament_ramming_parameters = "120 100 6.6 6.8 7.2 7.6 7.9 8.2 8.7 9.4 9.9 10.0| 0.05 6.6 0.45 6.8 0.95 7.8 1.45 8.3 1.95 9.7 2.45 10 2.95 7.6 3.45 7.6 3.95 7.6 4.45 7.6 4.95 7.6"
; filament_retract_before_travel = nil
; filament_retract_before_wipe = nil
; filament_retract_layer_change = nil
; filament_retract_length = nil
; filament_retract_length_toolchange = nil
; filament_retract_lift = nil
; filament_retract_lift_above = nil
; filament_retract_lift_below = nil
; filament_retract_restart_extra = nil
; filament_retract_restart_extra_toolchange = nil
; filament_retract_speed = nil
; filament_seam_gap_distance = nil
; filament_settings_id = "Generic PLA @CREALITY"
; filament_shrinkage_compensation_xy = 0%
; filament_shrinkage_compensation_z = 0%
; filament_soluble = 0
; filament_spool_weight = 0
; filament_stamping_distance = 0
; filament_stamping_loading_speed = 20
; filament_toolchange_delay = 0
; filament_travel_lift_before_obstacle = nil
; filament_travel_max_lift = nil
; filament_travel_ramping_lift = nil
; filament_travel_slope = nil
; filament_type = PLA
; filament_unload_time = 0
; filament_unloading_speed = 90
; filament_unloading_speed_start = 100
; filament_vendor = Generic
; filament_wipe = nil
; fill_angle = 45
; fill_density = 20%
; fill_pattern = grid
; first_layer_acceleration = 0
; first_layer_acceleration_over_raft = 0
; first_layer_bed_temperature = 60
; first_layer_extrusion_width = 0.42
; first_layer_height = 0.2
; first_layer_infill_speed = 0
; first_layer_speed = 20
; first_layer_speed_over_raft = 30
; first_layer_temperature = 210
; full_fan_speed_layer = 0
; fuzzy_skin = none
; fuzzy_skin_point_dist = 0.8
; fuzzy_skin_thickness = 0.3
; gap_fill_enabled = 1
; gap_fill_speed = 30
; gcode_comments = 0
; gcode_flavor = marlin
; gcode_label_objects = octoprint
; gcode_resolution = 0.0125
; gcode_substitutions = 
; high_current_on_filament_swap = 0
; host_type = prusalink
; idle_temperature = 150
; infill_acceleration = 0
; infill_anchor = 600%
; infill_anchor_max = 50
; infill_every_layers = 1
; infill_extruder = 1
; infill_extrusion_width = 0.44
; infill_first = 0
; infill_overlap = 23%
; infill_speed = 50
; inherits_cummulative = "0.20 mm NORMAL (0.4 mm nozzle) @CREALITY";;
; interface_shells = 0
; interlocking_beam = 0
; interlocking_beam_layer_count = 2
; interlocking_beam_width = 0.8
; interlocking_boundary_avoidance = 2
; interlocking_depth = 2
; interlocking_orientation = 22.5
; ironing = 0
; ironing_flowrate = 10%
; ironing_spacing = 0.1
; ironing_speed = 20
; ironing_type = top
; layer_gcode = ;AFTER_LAYER_CHANGE\n;{layer_z}
; layer_height = 0.2
; machine_limits_usage = emit_to_gcode
; machine_max_acceleration_e = 5000
; machine_max_acceleration_extruding = 500
; machine_max_acceleration_retracting = 1000
; machine_max_acceleration_travel = 500
; machine_max_acceleration_x = 500
; machine_max_acceleration_y = 500
; machine_max_acceleration_z = 100
; machine_max_feedrate_e = 60
; machine_max_feedrate_x = 500
; machine_max_feedrate_y = 500
; machine_max_feedrate_z = 10
; machine_max_jerk_e = 5
; machine_max_jerk_x = 8
; machine_max_jerk_y = 8
; machine_max_jerk_z = 0.4
; machine_max_junction_deviation = 0,0
; machine_min_extruding_rate = 0
; machine_min_travel_rate = 0
; max_fan_speed = 100
; max_layer_height = 0.32
; max_print_height = 250
; max_print_speed = 100
; max_volumetric_extrusion_rate_slope_negative = 0
; max_volumetric_extrusion_rate_slope_positive = 0
; max_volumetric_speed = 0
; min_bead_width = 85%
; min_fan_speed = 100
; min_feature_size = 25%
; min_layer_height = 0.06
; min_print_speed = 15
; min_skirt_length = 4
; mmu_segmented_region_interlocking_depth = 0
; mmu_segmented_region_max_width = 0
; multimaterial_purging = 140
; notes = 
; nozzle_diameter = 0.4
; nozzle_high_flow = 0
; only_one_perimeter_first_layer = 0
; only_retract_when_crossing_perimeters = 0
; ooze_prevention = 0
; output_filename_format = {input_filename_base}_{print_time}_{digits(layer_height,1,2)}mm_{temperature[0]}C_{filament_type[0]}_{printer_model}.gcode
; over_bridge_speed = 0
; overhang_fan_speed_0 = 0
; overhang_fan_speed_1 = 0
; overhang_fan_speed_2 = 0
; overhang_fan_speed_3 = 0
; overhang_speed_0 = 15
; overhang_speed_1 = 15
; overhang_speed_2 = 20
; overhang_speed_3 = 25
; overhangs = 1
; parking_pos_retraction = 92
; pause_print_gcode = 
; perimeter_acceleration = 0
; perimeter_extruder = 1
; perimeter_extrusion_width = 0.44
; perimeter_generator = arachne
; perimeter_speed = 40
; perimeters = 3
; physical_printer_settings_id = 
; post_process = 
; prefer_clockwise_movements = 0
; print_settings_id = 0.20 mm NORMAL (0.4 mm nozzle) @CREALITY - Copy
; printer_model = ENDER3
; printer_notes = Don't remove the following keywords! These keywords are used in the "compatible printer" condition of the print and filament profiles to link the particular print and filament profiles to this printer profile.\nPRINTER_VENDOR_CREALITY\nPRINTER_MODEL_ENDER3\nPRINTER_HAS_BOWDEN
; printer_settings_id = Creality Ender-3 (0.4 mm nozzle)
; printer_technology = FFF
; printer_variant = 0.4
; printer_vendor = 
; profile_vendor = Creality
; profile_version = 1.1.0
; raft_contact_distance = 0.1
; raft_expansion = 1.5
; raft_first_layer_density = 90%
; raft_first_layer_expansion = 3
; raft_layers = 0
; remaining_times = 0
; resolution = 0
; retract_before_travel = 2
; retract_before_wipe = 70%
; retract_layer_change = 1
; retract_length = 5
; retract_length_toolchange = 1
; retract_lift = 0
; retract_lift_above = 0.2
; retract_lift_below = 0
; retract_restart_extra = 0
; retract_restart_extra_toolchange = 0
; retract_speed = 60
; scarf_seam_entire_loop = 0
; scarf_seam_length = 20
; scarf_seam_max_segment_length = 1
; scarf_seam_on_inner_perimeters = 0
; scarf_seam_only_on_smooth = 1
; scarf_seam_placement = nowhere
; scarf_seam_start_height = 0%
; seam_gap_distance = 15%
; seam_position = nearest
; silent_mode = 0
; single_extruder_multi_material = 0
; single_extruder_multi_material_priming = 0
; skirt_distance = 3
; skirt_height = 2
; skirts = 1
; slice_closing_radius = 0.049
; slicing_mode = regular
; slowdown_below_layer_time = 20
; small_perimeter_speed = 25
; solid_infill_acceleration = 0
; solid_infill_below_area = 0
; solid_infill_every_layers = 0
; solid_infill_extruder = 1
; solid_infill_extrusion_width = 0.44
; solid_infill_speed = 40
; spiral_vase = 0
; staggered_inner_seams = 0
; standby_temperature_delta = -5
; start_filament_gcode = "; Filament gcode\n"
; start_gcode = G90 ; use absolute coordinates\nM83 ; extruder relative mode\nM104 S{is_nil(idle_temperature[0]) ? 150 : idle_temperature[0]} ; set temporary nozzle temp to prevent oozing during homing\nM140 S{first_layer_bed_temperature[0]} ; set final bed temp\nG4 S30 ; allow partial nozzle warmup\nG28 ; home all axis\nG1 Z50 F240\nG1 X2.0 Y10 F3000\nM104 S{first_layer_temperature[0]} ; set final nozzle temp\nM190 S{first_layer_bed_temperature[0]} ; wait for bed temp to stabilize\nM109 S{first_layer_temperature[0]} ; wait for nozzle temp to stabilize\nG1 Z0.28 F240\nG92 E0\nG1 X2.0 Y140 E10 F1500 ; prime the nozzle\nG1 X2.3 Y140 F5000\nG92 E0\nG1 X2.3 Y10 E10 F1200 ; prime the nozzle\nG92 E0
; support_material = 0
; support_material_angle = 0
; support_material_auto = 0
; support_material_bottom_contact_distance = 0
; support_material_bottom_interface_layers = -1
; support_material_buildplate_only = 0
; support_material_closing_radius = 2
; support_material_contact_distance = 0.15
; support_material_enforce_layers = 0
; support_material_extruder = 0
; support_material_extrusion_width = 0.36
; support_material_interface_contact_loops = 0
; support_material_interface_extruder = 0
; support_material_interface_layers = 2
; support_material_interface_pattern = rectilinear
; support_material_interface_spacing = 0.2
; support_material_interface_speed = 100%
; support_material_pattern = rectilinear
; support_material_spacing = 1
; support_material_speed = 40
; support_material_style = grid
; support_material_synchronize_layers = 0
; support_material_threshold = 40
; support_material_with_sheath = 0
; support_material_xy_spacing = 60%
; support_tree_angle = 40
; support_tree_angle_slow = 25
; support_tree_branch_diameter = 2
; support_tree_branch_diameter_angle = 5
; support_tree_branch_diameter_double_wall = 3
; support_tree_branch_distance = 1
; support_tree_tip_diameter = 0.8
; support_tree_top_rate = 15%
; temperature = 205
; template_custom_gcode = 
; thick_bridges = 1
; thin_walls = 0
; thumbnails = 
; thumbnails_format = PNG
; toolchange_gcode = 
; top_fill_pattern = monotonic
; top_infill_extrusion_width = 0.4
; top_one_perimeter_type = none
; top_solid_infill_acceleration = 0
; top_solid_infill_speed = 30
; top_solid_layers = 3
; top_solid_min_thickness = 0
; travel_acceleration = 0
; travel_lift_before_obstacle = 0
; travel_max_lift = 0
; travel_ramping_lift = 0
; travel_short_distance_acceleration = 0
; travel_slope = 0
; travel_speed = 150
; travel_speed_z = 0
; use_firmware_retraction = 0
; use_relative_e_distances = 1
; use_volumetric_e = 0
; variable_layer_height = 1
; wall_distribution_count = 1
; wall_transition_angle = 10
; wall_transition_filter_deviation = 25%
; wall_transition_length = 100%
; wipe = 1
; wipe_into_infill = 0
; wipe_into_objects = 0
; wipe_tower = 0
; wipe_tower_acceleration = 0
; wipe_tower_bridging = 10
; wipe_tower_brim_width = 2
; wipe_tower_cone_angle = 0
; wipe_tower_extra_flow = 100%
; wipe_tower_extra_spacing = 100%
; wipe_tower_extruder = 0
; wipe_tower_no_sparse_layers = 0
; wipe_tower_width = 60
; wiping_volumes_matrix = 0
; wiping_volumes_use_custom_matrix = 0
; xy_size_compensation = 0
; z_offset = 0
; prusaslicer_config = end
