; generated by PrusaSlicer 2.9.4 on 2026-08-26 at 22:21:02 UTC

; 

; external perimeters extrusion width = 0.42mm
; perimeters extrusion width = 0.44mm
; infill extrusion width = 0.44mm
; solid infill extrusion width = 0.44mm
; top infill extrusion width = 0.40mm
; first layer extrusion width = 0.42mm

M201 X500 Y500 Z100 E5000 ; sets maximum accelerations, mm/sec^2
M203 X500 Y500 Z10 E60 ; sets maximum feedrates, mm / sec
M204 S500 T1000 ; sets acceleration (S) and retract acceleration (R), mm/sec^2
M205 X8.00 Y8.00 Z0.40 E5.00 ; sets the jerk limits, mm/sec
M205 S0 T0 ; sets the minimum extruding and travel feed rate, mm/sec

; printing object S2_dog_bone_0.2.stl id:0 copy 0
; stop printing object S2_dog_bone_0.2.stl id:0 copy 0

;TYPE:Custom
G90 ; use absolute coordinates
M83 ; extruder relative mode
M104 S150 ; set temporary nozzle temp to prevent oozing during homing
M140 S60 ; set final bed temp
G4 S30 ; allow partial nozzle warmup
G28 ; home all axis
G1 Z50 F240
G1 X2.0 Y10 F3000
M104 S210 ; set final nozzle temp
M190 S60 ; wait for bed temp to stabilize
M109 S210 ; wait for nozzle temp to stabilize
G1 Z0.28 F240
G92 E0
G1 X2.0 Y140 E10 F1500 ; prime the nozzle
G1 X2.3 Y140 F5000
G92 E0
G1 X2.3 Y10 E10 F1200 ; prime the nozzle
G92 E0
G21 ; set units to millimeters
G90 ; use absolute coordinates
M83 ; use relative distances for extrusion
; Filament gcode
M107
;LAYER_CHANGE
;Z:0.2
;HEIGHT:0.2
G1 E-5 F3600
G1 Z.2 F9000
G1 X31.289 Y103.309
G1 E5 F2400
M204 S500
;TYPE:Skirt/Brim
;WIDTH:0.42
G1 F1200
G1 X33 Y102.811 E.05587
G1 X198 Y102.811 E5.17346
G1 X199.535 Y103.205 E.04969
G1 X200.691 Y104.289 E.04969
G1 X201.189 Y106 E.05587
G1 X201.189 Y125 E.59573
G1 X200.795 Y126.535 E.04969
G1 X199.711 Y127.691 E.04969
G1 X198 Y128.189 E.05587
G1 X33 Y128.189 E5.17346
G1 X31.465 Y127.795 E.04969
G1 X30.309 Y126.711 E.04969
G1 X29.811 Y125 E.05587
G1 X29.811 Y106 E.59573
G1 X30.205 Y104.465 E.04969
G1 X31.248 Y103.353 E.0478
G1 E-3.5 F3600
;WIPE_START
G1 F7200
G1 X31.289 Y103.309 E-.02857
G1 X33 Y102.811 E-.84645
G1 X34.316 Y102.811 E-.62498
;WIPE_END
; printing object S2_dog_bone_0.2.stl id:0 copy 0
G1 X34.064 Y107.064 F9000
G1 E5 F2400
;TYPE:Perimeter
;WIDTH:0.419999
G1 F1200
G1 X65.714 Y107.064 E.99236
G1 X67.669 Y107.6 E.06356
G1 X69.767 Y108.113 E.06772
G1 X71.891 Y108.569 E.06811
G1 X74.027 Y108.964 E.06811
G1 X76.173 Y109.3 E.06811
G1 X78.328 Y109.575 E.06812
G1 X80.49 Y109.789 E.06812
G1 X82.657 Y109.942 E.06811
G1 X84.828 Y110.034 E.06813
G1 X86.992 Y110.064 E.06786
G1 X144.008 Y110.064 E1.78769
G1 X146.172 Y110.034 E.06786
G1 X147.911 Y109.96 E.05457
G1 X150.507 Y109.789 E.08157
G1 X152.672 Y109.575 E.06821
G1 X154.827 Y109.3 E.06812
G1 X156.973 Y108.964 E.06811
G1 X159.109 Y108.569 E.06811
G1 X161.233 Y108.113 E.06811
G1 X163.343 Y107.597 E.06811
G1 X165.286 Y107.064 E.06317
G1 X196.936 Y107.064 E.99236
G1 X196.936 Y123.936 E.52901
G1 X165.286 Y123.936 E.99236
G1 X163.331 Y123.4 E.06356
G1 X161.233 Y122.887 E.06772
G1 X159.109 Y122.431 E.06811
G1 X156.973 Y122.036 E.06811
G1 X154.827 Y121.7 E.06811
G1 X152.672 Y121.425 E.06812
G1 X150.51 Y121.211 E.06812
G1 X148.343 Y121.058 E.06811
G1 X146.172 Y120.966 E.06813
G1 X144.008 Y120.936 E.06786
G1 X86.992 Y120.936 E1.78769
G1 X84.828 Y120.966 E.06786
G1 X82.657 Y121.058 E.06813
G1 X80.49 Y121.211 E.06811
G1 X78.328 Y121.425 E.06812
G1 X76.173 Y121.7 E.06812
G1 X74.027 Y122.036 E.06811
G1 X71.891 Y122.431 E.06811
G1 X69.767 Y122.887 E.06811
G1 X67.657 Y123.403 E.06811
G1 X65.714 Y123.936 E.06317
G1 X34.064 Y123.936 E.99236
G1 X34.064 Y107.124 E.52713
G1 X33.687 Y106.687 F9000
G1 F1200
G1 X65.765 Y106.687 E1.00578
G1 X67.759 Y107.234 E.06483
G1 X69.851 Y107.745 E.06752
G1 X71.965 Y108.199 E.06779
G1 X74.091 Y108.593 E.06779
G1 X76.226 Y108.927 E.06776
G1 X78.371 Y109.2 E.0678
G1 X80.522 Y109.413 E.06777
G1 X82.679 Y109.565 E.0678
G1 X84.838 Y109.657 E.06776
G1 X86.995 Y109.687 E.06764
G1 X144.005 Y109.687 E1.78751
G1 X146.162 Y109.657 E.06764
G1 X147.891 Y109.584 E.05426
G1 X150.477 Y109.413 E.08126
G1 X152.629 Y109.2 E.0678
G1 X154.774 Y108.927 E.0678
G1 X156.909 Y108.593 E.06776
G1 X159.035 Y108.199 E.06779
G1 X161.149 Y107.745 E.06779
G1 X163.249 Y107.232 E.06778
G1 X165.235 Y106.687 E.06457
G1 X197.313 Y106.687 E1.00578
G1 X197.313 Y124.313 E.55265
G1 X165.235 Y124.313 E1.00578
G1 X163.241 Y123.766 E.06483
G1 X161.149 Y123.255 E.06752
G1 X159.035 Y122.801 E.06779
G1 X156.909 Y122.407 E.06779
G1 X154.774 Y122.073 E.06776
G1 X152.629 Y121.8 E.0678
G1 X150.478 Y121.587 E.06777
G1 X148.321 Y121.435 E.0678
G1 X146.162 Y121.343 E.06776
G1 X144.005 Y121.313 E.06764
G1 X86.995 Y121.313 E1.78751
G1 X84.838 Y121.343 E.06764
G1 X82.679 Y121.435 E.06776
G1 X80.522 Y121.587 E.0678
G1 X78.371 Y121.8 E.06777
G1 X76.226 Y122.073 E.0678
G1 X74.091 Y122.407 E.06776
G1 X71.965 Y122.801 E.06779
G1 X69.851 Y123.255 E.06779
G1 X67.751 Y123.768 E.06778
G1 X65.765 Y124.313 E.06457
G1 X33.687 Y124.313 E1.00578
G1 X33.687 Y106.747 E.55077
G1 X33.31 Y106.31 F9000
;TYPE:External perimeter
G1 F1200
G1 X65.816 Y106.31 E1.0192
G1 X67.848 Y106.868 E.06607
G1 X69.936 Y107.378 E.06739
G1 X72.039 Y107.829 E.06744
G1 X74.154 Y108.221 E.06744
G1 X76.279 Y108.553 E.06744
G1 X78.413 Y108.825 E.06745
G1 X80.554 Y109.037 E.06746
G1 X82.7 Y109.189 E.06745
G1 X84.849 Y109.28 E.06744
G1 X86.999 Y109.31 E.06742
G1 X144.003 Y109.31 E1.78732
G1 X146.151 Y109.28 E.06736
G1 X147.87 Y109.207 E.05395
G1 X150.446 Y109.037 E.08094
G1 X152.587 Y108.825 E.06746
G1 X154.721 Y108.553 E.06745
G1 X156.846 Y108.221 E.06744
G1 X158.961 Y107.829 E.06744
G1 X161.064 Y107.378 E.06744
G1 X163.154 Y106.867 E.06746
G1 X165.184 Y106.31 E.066
G1 X197.69 Y106.31 E1.0192
G1 X197.69 Y124.69 E.57629
G1 X165.184 Y124.69 E1.0192
G1 X163.152 Y124.132 E.06607
G1 X161.064 Y123.622 E.06739
G1 X158.961 Y123.171 E.06744
G1 X156.846 Y122.779 E.06744
G1 X154.721 Y122.447 E.06744
G1 X152.587 Y122.175 E.06745
G1 X150.446 Y121.963 E.06746
G1 X148.3 Y121.811 E.06745
G1 X146.151 Y121.72 E.06744
G1 X144.001 Y121.69 E.06742
G1 X86.997 Y121.69 E1.78732
G1 X84.849 Y121.72 E.06736
G1 X82.7 Y121.811 E.06744
G1 X80.554 Y121.963 E.06745
G1 X78.413 Y122.175 E.06746
G1 X76.279 Y122.447 E.06745
G1 X74.154 Y122.779 E.06744
G1 X72.039 Y123.171 E.06744
G1 X69.936 Y123.622 E.06744
G1 X67.846 Y124.133 E.06746
G1 X65.816 Y124.69 E.066
G1 X33.31 Y124.69 E1.0192
G1 X33.31 Y106.37 E.57441
G1 E-3.5 F3600
;WIPE_START
G1 F7200
G1 X33.31 Y106.31 E-.0285
G1 X36.408 Y106.31 E-1.4715
;WIPE_END
G1 X196.052 Y107.185 F9000
G1 E5 F2400
;TYPE:Solid infill
;WIDTH:0.42033
G1 F1200
G1 X196.645 Y107.778 E.02632
G1 X196.645 Y108.312 E.01676
G1 X195.688 Y107.355 E.04247
G1 X195.154 Y107.355 E.01676
G1 X196.645 Y108.846 E.06617
G1 X196.645 Y109.379 E.01673
G1 X194.621 Y107.355 E.08983
G1 X194.087 Y107.355 E.01676
G1 X196.645 Y109.913 E.11353
G1 X196.645 Y110.447 E.01676
G1 X193.553 Y107.355 E.13722
G1 X193.019 Y107.355 E.01676
G1 X196.645 Y110.981 E.16092
G1 X196.645 Y111.514 E.01673
G1 X192.486 Y107.355 E.18458
G1 X191.952 Y107.355 E.01676
G1 X196.645 Y112.048 E.20828
G1 X196.645 Y112.582 E.01676
G1 X191.418 Y107.355 E.23198
G1 X190.885 Y107.355 E.01673
G1 X196.645 Y113.115 E.25563
G1 X196.645 Y113.649 E.01676
G1 X190.351 Y107.355 E.27933
G1 X189.817 Y107.355 E.01676
G1 X196.645 Y114.183 E.30303
G1 X196.645 Y114.717 E.01676
G1 X189.283 Y107.355 E.32673
G1 X188.75 Y107.355 E.01673
G1 X196.645 Y115.25 E.35038
G1 X196.645 Y115.784 E.01676
G1 X188.216 Y107.355 E.37408
G1 X187.682 Y107.355 E.01676
G1 X196.645 Y116.318 E.39778
G1 X196.645 Y116.852 E.01676
G1 X187.148 Y107.355 E.42148
G1 X186.615 Y107.355 E.01673
G1 X196.645 Y117.385 E.44514
G1 X196.645 Y117.919 E.01676
G1 X186.081 Y107.355 E.46884
G1 X185.547 Y107.355 E.01676
G1 X196.645 Y118.453 E.49254
G1 X196.645 Y118.987 E.01676
G1 X185.013 Y107.355 E.51623
G1 X184.48 Y107.355 E.01673
G1 X196.645 Y119.52 E.53989
G1 X196.645 Y120.054 E.01676
G1 X183.946 Y107.355 E.56359
G1 X183.412 Y107.355 E.01676
G1 X196.645 Y120.588 E.58729
G1 X196.645 Y121.122 E.01676
G1 X182.878 Y107.355 E.61099
G1 X182.345 Y107.355 E.01673
G1 X196.645 Y121.655 E.63464
G1 X196.645 Y122.189 E.01676
G1 X181.811 Y107.355 E.65834
G1 X181.277 Y107.355 E.01676
G1 X196.645 Y122.723 E.68204
G1 X196.645 Y123.257 E.01676
G1 X180.743 Y107.355 E.70574
G1 X180.21 Y107.355 E.01673
G1 X196.501 Y123.645 E.72298
G1 X195.967 Y123.645 E.01676
G1 X179.676 Y107.355 E.72298
G1 X179.142 Y107.355 E.01676
G1 X195.433 Y123.645 E.72298
G1 X194.9 Y123.645 E.01673
G1 X178.609 Y107.355 E.72298
G1 X178.075 Y107.355 E.01676
G1 X194.366 Y123.645 E.72298
G1 X193.832 Y123.645 E.01676
G1 X177.541 Y107.355 E.72298
G1 X177.007 Y107.355 E.01676
G1 X193.298 Y123.645 E.72298
G1 X192.765 Y123.645 E.01673
G1 X176.474 Y107.355 E.72298
G1 X175.94 Y107.355 E.01676
G1 X192.231 Y123.645 E.72298
G1 X191.697 Y123.645 E.01676
G1 X175.406 Y107.355 E.72298
G1 X174.872 Y107.355 E.01676
G1 X191.163 Y123.645 E.72298
G1 X190.63 Y123.645 E.01673
G1 X174.339 Y107.355 E.72298
G1 X173.805 Y107.355 E.01676
G1 X190.096 Y123.645 E.72298
G1 X189.562 Y123.645 E.01676
G1 X173.271 Y107.355 E.72298
G1 X172.737 Y107.355 E.01676
G1 X189.028 Y123.645 E.72298
G1 X188.495 Y123.645 E.01673
G1 X172.204 Y107.355 E.72298
G1 X171.67 Y107.355 E.01676
G1 X187.961 Y123.645 E.72298
G1 X187.427 Y123.645 E.01676
G1 X171.136 Y107.355 E.72298
G1 X170.602 Y107.355 E.01676
G1 X186.893 Y123.645 E.72298
G1 X186.36 Y123.645 E.01673
G1 X170.069 Y107.355 E.72298
G1 X169.535 Y107.355 E.01676
G1 X185.826 Y123.645 E.72298
G1 X185.292 Y123.645 E.01676
G1 X169.001 Y107.355 E.72298
G1 X168.468 Y107.355 E.01673
G1 X184.758 Y123.645 E.72296
G1 X184.225 Y123.645 E.01673
G1 X167.934 Y107.355 E.72298
G1 X167.4 Y107.355 E.01676
G1 X183.691 Y123.645 E.72298
G1 X183.157 Y123.645 E.01676
G1 X166.866 Y107.355 E.72298
G1 X166.333 Y107.355 E.01673
G1 X182.624 Y123.645 E.72298
G1 X182.09 Y123.645 E.01676
G1 X165.799 Y107.355 E.72298
G1 X165.278 Y107.367 E.01635
G1 X181.556 Y123.645 E.72243
G1 X181.022 Y123.645 E.01676
G1 X164.859 Y107.482 E.71732
G1 X164.44 Y107.597 E.01364
G1 X180.489 Y123.645 E.71224
G1 X179.955 Y123.645 E.01676
G1 X164.021 Y107.712 E.70714
G1 X163.602 Y107.827 E.01364
G1 X179.421 Y123.645 E.70203
G1 X178.887 Y123.645 E.01676
G1 X163.178 Y107.936 E.69717
G1 X162.749 Y108.041 E.01386
G1 X178.354 Y123.645 E.69254
G1 X177.82 Y123.645 E.01676
G1 X162.32 Y108.146 E.68788
G1 X161.891 Y108.251 E.01386
G1 X177.286 Y123.645 E.68322
G1 X176.752 Y123.645 E.01676
G1 X161.462 Y108.356 E.67856
G1 X161.027 Y108.454 E.01399
G1 X176.219 Y123.645 E.67421
G1 X175.685 Y123.645 E.01676
G1 X160.587 Y108.548 E.67003
G1 X160.148 Y108.642 E.01409
G1 X175.151 Y123.645 E.66584
G1 X174.617 Y123.645 E.01676
G1 X159.709 Y108.737 E.66162
G1 X159.269 Y108.831 E.01412
G1 X174.084 Y123.645 E.65748
G1 X173.55 Y123.645 E.01676
G1 X158.821 Y108.917 E.65366
G1 X158.371 Y109 E.01436
G1 X173.016 Y123.645 E.64995
G1 X172.483 Y123.645 E.01673
G1 X157.921 Y109.084 E.64625
G1 X157.471 Y109.167 E.01436
G1 X171.949 Y123.645 E.64254
G1 X171.415 Y123.645 E.01676
G1 X157.02 Y109.251 E.63884
G1 X156.559 Y109.323 E.01464
G1 X170.881 Y123.645 E.63562
G1 X170.348 Y123.645 E.01673
G1 X156.097 Y109.395 E.63244
G1 X155.636 Y109.467 E.01464
G1 X169.814 Y123.645 E.62923
G1 X169.28 Y123.645 E.01676
G1 X155.174 Y109.539 E.62603
G1 X154.708 Y109.607 E.01478
G1 X168.746 Y123.645 E.62301
G1 X168.213 Y123.645 E.01673
G1 X154.235 Y109.668 E.62033
G1 X153.762 Y109.728 E.01496
G1 X167.679 Y123.645 E.61764
G1 X167.145 Y123.645 E.01676
G1 X153.288 Y109.789 E.61496
G1 X152.815 Y109.849 E.01496
G1 X166.611 Y123.645 E.61227
G1 X166.078 Y123.645 E.01673
G1 X152.332 Y109.9 E.61003
G1 X151.846 Y109.948 E.01533
G1 X165.544 Y123.645 E.6079
G1 X165.325 Y123.645 E.00687
G1 X164.891 Y123.527 E.01411
G1 X151.361 Y109.996 E.60049
G1 X150.875 Y110.044 E.01533
G1 X164.156 Y123.325 E.58942
G1 X163.421 Y123.123 E.02392
G1 X150.385 Y110.088 E.57852
G1 X149.884 Y110.121 E.01576
G1 X162.714 Y122.95 E.56938
G1 X162.007 Y122.778 E.02283
G1 X149.383 Y110.154 E.56026
G1 X148.883 Y110.187 E.01573
G1 X161.301 Y122.605 E.55112
G1 X160.622 Y122.459 E.0218
G1 X148.382 Y110.22 E.5432
G1 X147.88 Y110.252 E.01579
G1 X159.942 Y122.313 E.5353
G1 X159.262 Y122.167 E.02183
G1 X147.368 Y110.273 E.52786
G1 X146.856 Y110.295 E.01608
G1 X158.604 Y122.043 E.52138
G1 X157.948 Y121.921 E.02094
G1 X146.344 Y110.317 E.51499
G1 X145.822 Y110.329 E.01639
G1 X157.293 Y121.8 E.50909
G1 X156.652 Y121.692 E.0204
G1 X145.296 Y110.336 E.50399
G1 X144.77 Y110.344 E.01651
G1 X156.019 Y121.593 E.49924
G1 X155.386 Y121.494 E.02011
G1 X144.243 Y110.351 E.49453
G1 X143.713 Y110.355 E.01663
G1 X154.757 Y121.398 E.49012
G1 X154.145 Y121.32 E.01936
G1 X143.179 Y110.355 E.48665
G1 X142.646 Y110.355 E.01673
G1 X153.534 Y121.242 E.48319
G1 X152.922 Y121.164 E.01936
G1 X142.112 Y110.355 E.47973
G1 X141.578 Y110.355 E.01676
G1 X152.323 Y121.099 E.47685
G1 X151.73 Y121.04 E.0187
G1 X141.044 Y110.355 E.47423
G1 X140.511 Y110.355 E.01673
G1 X151.138 Y120.982 E.47163
G1 X150.545 Y120.923 E.0187
G1 X139.977 Y110.355 E.46901
G1 X139.443 Y110.355 E.01676
G1 X149.971 Y120.882 E.46722
G1 X149.397 Y120.842 E.01806
G1 X138.909 Y110.355 E.46544
G1 X138.376 Y110.355 E.01673
G1 X148.822 Y120.801 E.4636
G1 X148.252 Y120.764 E.01793
G1 X137.842 Y110.355 E.46198
G1 X137.308 Y110.355 E.01676
G1 X147.694 Y120.74 E.46091
G1 X147.137 Y120.717 E.01749
G1 X136.775 Y110.355 E.45987
G1 X136.241 Y110.355 E.01676
G1 X146.579 Y120.693 E.45881
G1 X146.027 Y120.674 E.01733
G1 X135.707 Y110.355 E.45798
G1 X135.173 Y110.355 E.01676
G1 X145.485 Y120.667 E.45765
G1 X144.944 Y120.659 E.01698
G1 X134.64 Y110.355 E.4573
G1 X134.106 Y110.355 E.01676
G1 X144.403 Y120.651 E.45696
G1 X143.863 Y120.645 E.01695
G1 X133.572 Y110.355 E.4567
G1 X133.038 Y110.355 E.01676
G1 X143.329 Y120.645 E.4567
G1 X142.796 Y120.645 E.01673
G1 X132.505 Y110.355 E.4567
G1 X131.971 Y110.355 E.01676
G1 X142.262 Y120.645 E.4567
G1 X141.728 Y120.645 E.01676
G1 X131.437 Y110.355 E.4567
G1 X130.903 Y110.355 E.01676
G1 X141.194 Y120.645 E.4567
G1 X140.661 Y120.645 E.01673
G1 X130.37 Y110.355 E.4567
G1 X129.836 Y110.355 E.01676
G1 X140.127 Y120.645 E.4567
G1 X139.593 Y120.645 E.01676
G1 X129.302 Y110.355 E.4567
G1 X128.768 Y110.355 E.01676
G1 X139.059 Y120.645 E.4567
G1 X138.526 Y120.645 E.01673
G1 X128.235 Y110.355 E.4567
G1 X127.701 Y110.355 E.01676
G1 X137.992 Y120.645 E.4567
G1 X137.458 Y120.645 E.01676
G1 X127.167 Y110.355 E.4567
G1 X126.633 Y110.355 E.01676
G1 X136.924 Y120.645 E.4567
G1 X136.391 Y120.645 E.01673
G1 X126.1 Y110.355 E.4567
G1 X125.566 Y110.355 E.01676
G1 X135.857 Y120.645 E.4567
G1 X135.323 Y120.645 E.01676
G1 X125.032 Y110.355 E.4567
G1 X124.499 Y110.355 E.01673
G1 X134.79 Y120.645 E.4567
G1 X134.256 Y120.645 E.01676
G1 X123.965 Y110.355 E.4567
G1 X123.431 Y110.355 E.01676
G1 X133.722 Y120.645 E.4567
G1 X133.188 Y120.645 E.01676
G1 X122.897 Y110.355 E.4567
G1 X122.364 Y110.355 E.01673
G1 X132.655 Y120.645 E.4567
G1 X132.121 Y120.645 E.01676
G1 X121.83 Y110.355 E.4567
G1 X121.296 Y110.355 E.01676
G1 X131.587 Y120.645 E.4567
G1 X131.053 Y120.645 E.01676
G1 X120.762 Y110.355 E.4567
G1 X120.229 Y110.355 E.01673
G1 X130.52 Y120.645 E.4567
G1 X129.986 Y120.645 E.01676
G1 X119.695 Y110.355 E.4567
G1 X119.161 Y110.355 E.01676
G1 X129.452 Y120.645 E.4567
G1 X128.918 Y120.645 E.01676
G1 X118.627 Y110.355 E.4567
G1 X118.094 Y110.355 E.01673
G1 X128.385 Y120.645 E.4567
G1 X127.851 Y120.645 E.01676
G1 X117.56 Y110.355 E.4567
G1 X117.026 Y110.355 E.01676
G1 X127.317 Y120.645 E.4567
G1 X126.783 Y120.645 E.01676
G1 X116.492 Y110.355 E.4567
G1 X115.959 Y110.355 E.01673
G1 X126.25 Y120.645 E.4567
G1 X125.716 Y120.645 E.01676
G1 X115.425 Y110.355 E.4567
G1 X114.891 Y110.355 E.01676
G1 X125.182 Y120.645 E.4567
G1 X124.648 Y120.645 E.01676
G1 X114.357 Y110.355 E.4567
G1 X113.824 Y110.355 E.01673
G1 X124.115 Y120.645 E.4567
G1 X123.581 Y120.645 E.01676
G1 X113.29 Y110.355 E.4567
G1 X112.756 Y110.355 E.01676
G1 X123.047 Y120.645 E.4567
G1 X122.514 Y120.645 E.01673
G1 X112.223 Y110.355 E.4567
G1 X111.689 Y110.355 E.01676
G1 X121.98 Y120.645 E.4567
G1 X121.446 Y120.645 E.01676
G1 X111.155 Y110.355 E.4567
G1 X110.621 Y110.355 E.01676
G1 X120.912 Y120.645 E.4567
G1 X120.379 Y120.645 E.01673
G1 X110.088 Y110.355 E.4567
G1 X109.554 Y110.355 E.01676
G1 X119.845 Y120.645 E.4567
G1 X119.311 Y120.645 E.01676
G1 X109.02 Y110.355 E.4567
G1 X108.486 Y110.355 E.01676
G1 X118.777 Y120.645 E.4567
G1 X118.244 Y120.645 E.01673
G1 X107.953 Y110.355 E.4567
G1 X107.419 Y110.355 E.01676
G1 X117.71 Y120.645 E.4567
G1 X117.176 Y120.645 E.01676
G1 X106.885 Y110.355 E.4567
G1 X106.351 Y110.355 E.01676
G1 X116.642 Y120.645 E.4567
G1 X116.109 Y120.645 E.01673
G1 X105.818 Y110.355 E.4567
G1 X105.284 Y110.355 E.01676
G1 X115.575 Y120.645 E.4567
G1 X115.041 Y120.645 E.01676
G1 X104.75 Y110.355 E.4567
G1 X104.216 Y110.355 E.01676
G1 X114.507 Y120.645 E.4567
G1 X113.974 Y120.645 E.01673
G1 X103.683 Y110.355 E.4567
G1 X103.149 Y110.355 E.01676
G1 X113.44 Y120.645 E.4567
G1 X112.906 Y120.645 E.01676
G1 X102.615 Y110.355 E.4567
G1 X102.082 Y110.355 E.01673
G1 X112.373 Y120.645 E.4567
G1 X111.839 Y120.645 E.01676
G1 X101.548 Y110.355 E.4567
G1 X101.014 Y110.355 E.01676
G1 X111.305 Y120.645 E.4567
G1 X110.771 Y120.645 E.01676
G1 X100.48 Y110.355 E.4567
G1 X99.947 Y110.355 E.01673
G1 X110.238 Y120.645 E.4567
G1 X109.704 Y120.645 E.01676
G1 X99.413 Y110.355 E.4567
G1 X98.879 Y110.355 E.01676
G1 X109.17 Y120.645 E.4567
G1 X108.636 Y120.645 E.01676
G1 X98.345 Y110.355 E.4567
G1 X97.812 Y110.355 E.01673
G1 X108.103 Y120.645 E.4567
G1 X107.569 Y120.645 E.01676
G1 X97.278 Y110.355 E.4567
G1 X96.744 Y110.355 E.01676
G1 X107.035 Y120.645 E.4567
G1 X106.501 Y120.645 E.01676
G1 X96.21 Y110.355 E.4567
G1 X95.677 Y110.355 E.01673
G1 X105.968 Y120.645 E.4567
G1 X105.434 Y120.645 E.01676
G1 X95.143 Y110.355 E.4567
G1 X94.609 Y110.355 E.01676
G1 X104.9 Y120.645 E.4567
G1 X104.366 Y120.645 E.01676
G1 X94.075 Y110.355 E.4567
G1 X93.542 Y110.355 E.01673
G1 X103.833 Y120.645 E.4567
G1 X103.299 Y120.645 E.01676
G1 X93.008 Y110.355 E.4567
G1 X92.474 Y110.355 E.01676
G1 X102.765 Y120.645 E.4567
G1 X102.231 Y120.645 E.01676
G1 X91.94 Y110.355 E.4567
G1 X91.407 Y110.355 E.01673
G1 X101.698 Y120.645 E.4567
G1 X101.164 Y120.645 E.01676
G1 X90.873 Y110.355 E.4567
G1 X90.339 Y110.355 E.01676
G1 X100.63 Y120.645 E.4567
G1 X100.097 Y120.645 E.01673
G1 X89.806 Y110.355 E.4567
G1 X89.272 Y110.355 E.01676
G1 X99.563 Y120.645 E.4567
G1 X99.029 Y120.645 E.01676
G1 X88.738 Y110.355 E.4567
G1 X88.204 Y110.355 E.01676
G1 X98.495 Y120.645 E.4567
G1 X97.962 Y120.645 E.01673
G1 X87.671 Y110.355 E.4567
G1 X87.137 Y110.355 E.01676
G1 X97.428 Y120.645 E.4567
G1 X96.894 Y120.645 E.01676
G1 X86.597 Y110.349 E.45696
G1 X86.056 Y110.341 E.01698
G1 X96.36 Y120.645 E.4573
G1 X95.827 Y120.645 E.01673
G1 X85.514 Y110.333 E.45767
G1 X84.973 Y110.326 E.01698
G1 X95.293 Y120.645 E.45798
G1 X94.759 Y120.645 E.01676
G1 X84.421 Y110.307 E.45881
G1 X83.863 Y110.283 E.01753
G1 X94.225 Y120.645 E.45987
G1 X93.692 Y120.645 E.01673
G1 X83.306 Y110.26 E.46091
G1 X82.748 Y110.236 E.01753
G1 X93.158 Y120.645 E.46198
G1 X92.624 Y120.645 E.01676
G1 X82.178 Y110.199 E.4636
G1 X81.603 Y110.158 E.01809
G1 X92.09 Y120.645 E.46542
G1 X91.557 Y120.645 E.01673
G1 X81.029 Y110.118 E.46722
G1 X80.454 Y110.077 E.01809
G1 X91.023 Y120.645 E.46904
G1 X90.489 Y120.645 E.01676
G1 X79.862 Y110.018 E.47163
G1 X79.27 Y109.96 E.01867
G1 X89.955 Y120.645 E.47421
G1 X89.422 Y120.645 E.01673
G1 X78.677 Y109.901 E.47685
G1 X78.078 Y109.836 E.01891
G1 X88.888 Y120.645 E.47973
G1 X88.354 Y120.645 E.01676
G1 X77.466 Y109.758 E.48319
G1 X76.855 Y109.68 E.01933
G1 X87.821 Y120.645 E.48665
G1 X87.287 Y120.645 E.01676
G1 X76.243 Y109.602 E.49012
G1 X75.613 Y109.506 E.02
G1 X86.756 Y120.649 E.49453
G1 X86.23 Y120.656 E.01651
G1 X74.981 Y109.407 E.49924
G1 X74.348 Y109.308 E.02011
G1 X85.704 Y120.664 E.50399
G1 X85.177 Y120.671 E.01654
G1 X73.707 Y109.2 E.50907
G1 X73.051 Y109.079 E.02093
G1 X84.656 Y120.683 E.51501
G1 X84.144 Y120.705 E.01608
G1 X72.396 Y108.957 E.52138
G1 X71.738 Y108.833 E.02101
G1 X83.632 Y120.727 E.52786
G1 X83.12 Y120.748 E.01608
G1 X71.058 Y108.687 E.5353
G1 X70.378 Y108.541 E.02183
G1 X82.609 Y120.771 E.5428
G1 X82.11 Y120.806 E.0157
G1 X69.698 Y108.395 E.55083
G1 X68.993 Y108.222 E.02278
G1 X81.611 Y120.841 E.56002
G1 X81.113 Y120.876 E.01567
G1 X68.286 Y108.05 E.56925
G1 X67.579 Y107.877 E.02284
G1 X80.614 Y120.911 E.57848
G1 X80.125 Y120.956 E.01541
G1 X66.844 Y107.675 E.58942
G1 X66.109 Y107.473 E.02392
G1 X79.639 Y121.004 E.60049
G1 X79.153 Y121.052 E.01533
G1 X65.456 Y107.355 E.60788
G1 X64.922 Y107.355 E.01676
G1 X78.668 Y121.1 E.61003
G1 X78.185 Y121.151 E.01524
G1 X64.389 Y107.355 E.61227
G1 X63.855 Y107.355 E.01676
G1 X77.712 Y121.212 E.61498
G1 X77.238 Y121.272 E.01499
G1 X63.321 Y107.355 E.61764
G1 X62.787 Y107.355 E.01676
G1 X76.765 Y121.332 E.62033
G1 X76.292 Y121.393 E.01497
G1 X62.254 Y107.355 E.62301
G1 X61.72 Y107.355 E.01676
G1 X75.826 Y121.461 E.62603
G1 X75.364 Y121.533 E.01467
G1 X61.186 Y107.355 E.62923
G1 X60.652 Y107.355 E.01676
G1 X74.903 Y121.605 E.63244
G1 X74.441 Y121.677 E.01467
G1 X60.119 Y107.355 E.63562
G1 X59.585 Y107.355 E.01676
G1 X73.98 Y121.749 E.63884
G1 X73.529 Y121.833 E.0144
G1 X59.051 Y107.355 E.64254
G1 X58.517 Y107.355 E.01676
G1 X73.079 Y121.916 E.64625
G1 X72.629 Y122 E.01437
G1 X57.984 Y107.355 E.64995
G1 X57.45 Y107.355 E.01676
G1 X72.179 Y122.083 E.65366
G1 X71.731 Y122.169 E.01432
G1 X56.916 Y107.355 E.65748
G1 X56.382 Y107.355 E.01676
G1 X71.291 Y122.263 E.66165
G1 X70.852 Y122.358 E.0141
G1 X55.849 Y107.355 E.66584
G1 X55.315 Y107.355 E.01676
G1 X70.413 Y122.452 E.67003
G1 X69.973 Y122.546 E.01412
G1 X54.781 Y107.355 E.67421
G1 X54.247 Y107.355 E.01676
G1 X69.537 Y122.644 E.67856
G1 X69.108 Y122.749 E.01386
G1 X53.714 Y107.355 E.68319
G1 X53.18 Y107.355 E.01676
G1 X68.68 Y122.854 E.68788
G1 X68.251 Y122.959 E.01386
G1 X52.646 Y107.355 E.69254
G1 X52.113 Y107.355 E.01673
G1 X67.822 Y123.064 E.69717
G1 X67.398 Y123.173 E.01374
G1 X51.579 Y107.355 E.70203
G1 X51.045 Y107.355 E.01676
G1 X66.979 Y123.288 E.70714
G1 X66.56 Y123.403 E.01364
G1 X50.511 Y107.355 E.71224
G1 X49.978 Y107.355 E.01673
G1 X66.141 Y123.518 E.71732
G1 X65.722 Y123.633 E.01364
G1 X49.444 Y107.355 E.72243
G1 X48.91 Y107.355 E.01676
G1 X65.201 Y123.645 E.72298
G1 X64.667 Y123.645 E.01676
G1 X48.376 Y107.355 E.72298
G1 X47.843 Y107.355 E.01673
G1 X64.134 Y123.645 E.72298
G1 X63.6 Y123.645 E.01676
G1 X47.309 Y107.355 E.72298
G1 X46.775 Y107.355 E.01676
G1 X63.066 Y123.645 E.72298
G1 X62.532 Y123.645 E.01676
G1 X46.241 Y107.355 E.72298
G1 X45.708 Y107.355 E.01673
G1 X61.999 Y123.645 E.72298
G1 X61.465 Y123.645 E.01676
G1 X45.174 Y107.355 E.72298
G1 X44.64 Y107.355 E.01676
G1 X60.931 Y123.645 E.72298
G1 X60.397 Y123.645 E.01676
G1 X44.106 Y107.355 E.72298
G1 X43.573 Y107.355 E.01673
G1 X59.864 Y123.645 E.72298
G1 X59.33 Y123.645 E.01676
G1 X43.039 Y107.355 E.72298
G1 X42.505 Y107.355 E.01676
G1 X58.796 Y123.645 E.72298
G1 X58.262 Y123.645 E.01676
G1 X41.972 Y107.355 E.72296
G1 X41.438 Y107.355 E.01676
G1 X57.729 Y123.645 E.72298
G1 X57.195 Y123.645 E.01676
G1 X40.904 Y107.355 E.72298
G1 X40.37 Y107.355 E.01676
G1 X56.661 Y123.645 E.72298
G1 X56.128 Y123.645 E.01673
G1 X39.837 Y107.355 E.72298
G1 X39.303 Y107.355 E.01676
G1 X55.594 Y123.645 E.72298
G1 X55.06 Y123.645 E.01676
G1 X38.769 Y107.355 E.72298
G1 X38.235 Y107.355 E.01676
G1 X54.526 Y123.645 E.72298
G1 X53.993 Y123.645 E.01673
G1 X37.702 Y107.355 E.72298
G1 X37.168 Y107.355 E.01676
G1 X53.459 Y123.645 E.72298
G1 X52.925 Y123.645 E.01676
G1 X36.634 Y107.355 E.72298
G1 X36.1 Y107.355 E.01676
G1 X52.391 Y123.645 E.72298
G1 X51.858 Y123.645 E.01673
G1 X35.567 Y107.355 E.72298
G1 X35.033 Y107.355 E.01676
G1 X51.324 Y123.645 E.72298
G1 X50.79 Y123.645 E.01676
G1 X34.499 Y107.355 E.72298
G1 X34.355 Y107.355 E.00452
G1 X34.355 Y107.744 E.01221
G1 X50.256 Y123.645 E.70569
G1 X49.723 Y123.645 E.01673
G1 X34.355 Y108.277 E.68204
G1 X34.355 Y108.811 E.01676
G1 X49.189 Y123.645 E.65834
G1 X48.655 Y123.645 E.01676
G1 X34.355 Y109.345 E.63464
G1 X34.355 Y109.879 E.01676
G1 X48.121 Y123.645 E.61094
G1 X47.588 Y123.645 E.01673
G1 X34.355 Y110.412 E.58729
G1 X34.355 Y110.946 E.01676
G1 X47.054 Y123.645 E.56359
G1 X46.52 Y123.645 E.01676
G1 X34.355 Y111.48 E.53989
G1 X34.355 Y112.013 E.01673
G1 X45.987 Y123.645 E.51623
G1 X45.453 Y123.645 E.01676
G1 X34.355 Y112.547 E.49254
G1 X34.355 Y113.081 E.01676
G1 X44.919 Y123.645 E.46884
G1 X44.385 Y123.645 E.01676
G1 X34.355 Y113.615 E.44514
G1 X34.355 Y114.148 E.01673
G1 X43.852 Y123.645 E.42148
G1 X43.318 Y123.645 E.01676
G1 X34.355 Y114.682 E.39778
G1 X34.355 Y115.216 E.01676
G1 X42.784 Y123.645 E.37408
G1 X42.25 Y123.645 E.01676
G1 X34.355 Y115.75 E.35038
G1 X34.355 Y116.283 E.01673
G1 X41.717 Y123.645 E.32673
G1 X41.183 Y123.645 E.01676
G1 X34.355 Y116.817 E.30303
G1 X34.355 Y117.351 E.01676
G1 X40.649 Y123.645 E.27933
G1 X40.115 Y123.645 E.01676
G1 X34.355 Y117.885 E.25563
G1 X34.355 Y118.418 E.01673
G1 X39.582 Y123.645 E.23198
G1 X39.048 Y123.645 E.01676
G1 X34.355 Y118.952 E.20828
G1 X34.355 Y119.486 E.01676
G1 X38.514 Y123.645 E.18458
G1 X37.98 Y123.645 E.01676
G1 X34.355 Y120.02 E.16088
G1 X34.355 Y120.553 E.01673
G1 X37.447 Y123.645 E.13722
G1 X36.913 Y123.645 E.01676
G1 X34.355 Y121.087 E.11353
G1 X34.355 Y121.621 E.01676
G1 X36.379 Y123.645 E.08983
G1 X35.845 Y123.645 E.01676
G1 X34.355 Y122.155 E.06613
G1 X34.355 Y122.688 E.01673
G1 X35.312 Y123.645 E.04247
G1 X34.778 Y123.645 E.01676
G1 X34.185 Y123.052 E.02632
M106 S255
;LAYER_CHANGE
;Z:0.4
;HEIGHT:0.2
;BEFORE_LAYER_CHANGE
G92 E0
;0.4


G1 E-3.5 F3600
;WIPE_START
G1 F7200
G1 X34.778 Y123.645 E-.39835
G1 X35.312 Y123.645 E-.25365
G1 X34.355 Y122.688 E-.64287
G1 X34.355 Y122.256 E-.20513
;WIPE_END
G1 Z.4 F9000
;AFTER_LAYER_CHANGE
;0.4
M104 S205 ; set temperature
; stop printing object S2_dog_bone_0.2.stl id:0 copy 0
G1 X29.811 Y123.052
G1 E5 F2400
;TYPE:Skirt/Brim
;WIDTH:0.42
G1 X29.811 Y106 E.53465
G1 X30.205 Y104.465 E.04969
G1 X31.289 Y103.309 E.04969
G1 X33 Y102.811 E.05587
G1 X198 Y102.811 E5.17346
G1 X199.535 Y103.205 E.04969
G1 X200.691 Y104.289 E.04969
G1 X201.189 Y106 E.05587
G1 X201.189 Y125 E.59573
G1 X200.795 Y126.535 E.04969
G1 X199.711 Y127.691 E.04969
G1 X198 Y128.189 E.05587
G1 X33 Y128.189 E5.17346
G1 X31.465 Y127.795 E.04969
G1 X30.309 Y126.711 E.04969
G1 X29.811 Y125 E.05587
G1 X29.811 Y123.112 E.0592
G1 E-3.5 F3600
;WIPE_START
G1 F7200
G1 X29.811 Y123.052 E-.0285
G1 X29.811 Y119.954 E-1.4715
;WIPE_END
; printing object S2_dog_bone_0.2.stl id:0 copy 0
G1 X33.994 Y124.006 F9000
G1 E5 F2400
;TYPE:Perimeter
;WIDTH:0.439999
G1 X33.994 Y106.994 E.56169
G1 X65.724 Y106.994 E1.04764
G1 X67.687 Y107.533 E.06721
G1 X69.783 Y108.044 E.07123
G1 X71.905 Y108.5 E.07166
G1 X74.039 Y108.895 E.07166
G1 X76.183 Y109.231 E.07165
G1 X78.336 Y109.505 E.07166
G1 X80.496 Y109.719 E.07167
G1 X82.661 Y109.872 E.07166
G1 X84.83 Y109.964 E.07168
G1 X86.993 Y109.994 E.07142
G1 X144.007 Y109.994 E1.88245
G1 X146.17 Y109.964 E.07142
G1 X148.339 Y109.872 E.07168
G1 X150.504 Y109.719 E.07166
G1 X152.664 Y109.505 E.07167
G1 X154.817 Y109.231 E.07166
G1 X156.961 Y108.895 E.07165
G1 X159.095 Y108.5 E.07166
G1 X161.217 Y108.044 E.07166
G1 X163.326 Y107.529 E.07168
G1 X165.276 Y106.994 E.06676
G1 X197.006 Y106.994 E1.04764
G1 X197.006 Y124.006 E.56169
G1 X165.276 Y124.006 E1.04764
G1 X163.313 Y123.467 E.06721
G1 X161.217 Y122.956 E.07123
G1 X159.095 Y122.5 E.07166
G1 X156.961 Y122.105 E.07166
G1 X154.817 Y121.769 E.07165
G1 X152.664 Y121.495 E.07166
G1 X150.504 Y121.281 E.07167
G1 X148.339 Y121.128 E.07166
G1 X146.17 Y121.036 E.07168
G1 X144.007 Y121.006 E.07142
G1 X86.993 Y121.006 E1.88245
G1 X84.83 Y121.036 E.07142
G1 X82.661 Y121.128 E.07168
G1 X80.389 Y121.292 E.07521
G1 X78.336 Y121.495 E.06811
G1 X76.183 Y121.769 E.07166
G1 X74.039 Y122.105 E.07165
G1 X71.905 Y122.5 E.07166
G1 X69.783 Y122.956 E.07166
G1 X67.674 Y123.471 E.07168
G1 X65.724 Y124.006 E.06676
G1 X34.054 Y124.006 E1.04566
G1 X33.597 Y124.403 F9000
G1 F2400
G1 X33.597 Y106.597 E.58791
G1 X65.777 Y106.597 E1.0625
G1 X67.782 Y107.147 E.06865
G1 X69.871 Y107.657 E.071
G1 X71.983 Y108.111 E.07133
G1 X74.106 Y108.504 E.07129
G1 X76.239 Y108.837 E.07128
G1 X78.381 Y109.111 E.0713
G1 X80.53 Y109.323 E.0713
G1 X82.684 Y109.475 E.0713
G1 X84.841 Y109.567 E.07128
G1 X86.996 Y109.597 E.07116
G1 X144.004 Y109.597 E1.88225
G1 X146.159 Y109.567 E.07116
G1 X148.316 Y109.475 E.07128
G1 X150.47 Y109.323 E.0713
G1 X152.619 Y109.111 E.0713
G1 X154.761 Y108.837 E.0713
G1 X156.894 Y108.504 E.07128
G1 X159.017 Y108.111 E.07129
G1 X161.129 Y107.657 E.07133
G1 X163.226 Y107.145 E.07127
G1 X165.223 Y106.597 E.06837
G1 X197.403 Y106.597 E1.0625
G1 X197.403 Y124.403 E.58791
G1 X165.223 Y124.403 E1.0625
G1 X163.218 Y123.853 E.06865
G1 X161.129 Y123.343 E.071
G1 X159.018 Y122.889 E.07129
G1 X156.894 Y122.496 E.07132
G1 X154.761 Y122.163 E.07128
G1 X152.619 Y121.889 E.0713
G1 X150.47 Y121.677 E.0713
G1 X148.316 Y121.525 E.0713
G1 X146.159 Y121.433 E.07128
G1 X144.004 Y121.403 E.07116
G1 X86.996 Y121.403 E1.88225
G1 X84.841 Y121.433 E.07116
G1 X82.683 Y121.525 E.07132
G1 X80.423 Y121.687 E.07481
G1 X78.381 Y121.889 E.06775
G1 X76.239 Y122.163 E.0713
G1 X74.106 Y122.496 E.07128
G1 X71.983 Y122.889 E.07129
G1 X69.871 Y123.343 E.07133
G1 X67.774 Y123.855 E.07127
G1 X65.777 Y124.403 E.06837
G1 X33.657 Y124.403 E1.06051
G1 X33.21 Y124.79 F9000
;TYPE:External perimeter
;WIDTH:0.419999
G1 F1500
G1 X33.21 Y106.21 E.58256
G1 X65.829 Y106.21 E1.02274
G1 X67.874 Y106.771 E.06649
G1 X69.958 Y107.28 E.06726
G1 X72.058 Y107.731 E.06735
G1 X74.171 Y108.122 E.06738
G1 X76.293 Y108.454 E.06734
G1 X78.424 Y108.726 E.06736
G1 X80.562 Y108.938 E.06736
G1 X82.705 Y109.089 E.06736
G1 X84.852 Y109.18 E.06738
G1 X87 Y109.21 E.06736
G1 X144.003 Y109.21 E1.78729
G1 X146.148 Y109.18 E.06726
G1 X148.294 Y109.089 E.06735
G1 X150.438 Y108.938 E.06739
G1 X152.576 Y108.726 E.06736
G1 X154.707 Y108.454 E.06736
G1 X156.829 Y108.122 E.06734
G1 X158.942 Y107.731 E.06738
G1 X161.042 Y107.28 E.06735
G1 X163.129 Y106.77 E.06736
G1 X165.171 Y106.21 E.06639
G1 X197.79 Y106.21 E1.02274
G1 X197.79 Y124.79 E.58256
G1 X165.171 Y124.79 E1.02274
G1 X163.126 Y124.229 E.06649
G1 X161.042 Y123.72 E.06726
G1 X158.942 Y123.269 E.06735
G1 X156.829 Y122.878 E.06738
G1 X154.707 Y122.546 E.06734
G1 X152.576 Y122.274 E.06736
G1 X150.438 Y122.062 E.06736
G1 X148.295 Y121.911 E.06736
G1 X146.148 Y121.82 E.06738
G1 X144 Y121.79 E.06736
G1 X86.997 Y121.79 E1.78729
G1 X84.852 Y121.82 E.06726
G1 X82.705 Y121.911 E.06738
G1 X80.456 Y122.073 E.0707
G1 X78.425 Y122.274 E.06399
G1 X76.293 Y122.546 E.06739
G1 X74.171 Y122.878 E.06734
G1 X72.058 Y123.269 E.06738
G1 X69.958 Y123.72 E.06735
G1 X67.871 Y124.23 E.06736
G1 X65.829 Y124.79 E.06639
G1 X33.27 Y124.79 E1.02086
G1 E-3.5 F3600
;WIPE_START
G1 F7200
G1 X33.21 Y124.79 E-.0285
G1 X33.21 Y121.692 E-1.4715
;WIPE_END
G1 X34.408 Y107.332 F9000
G1 E5 F2400
;TYPE:Solid infill
;WIDTH:0.53634
G1 X34.364 Y107.289 E.00252
G1 X34.304 Y107.304 E.00254
G1 X34.289 Y107.364 E.00254
G1 X34.332 Y107.408 E.00252
G1 X34.392 Y107.392 E.00255
;WIDTH:0.439999
G1 X34.3 Y108.026 E.02115
G1 X35.026 Y107.3 E.0339
G1 X35.587 Y107.3 E.01852
G1 X34.3 Y108.587 E.06009
G1 X34.3 Y109.149 E.01856
G1 X36.149 Y107.3 E.08634
G1 X36.711 Y107.3 E.01856
G1 X34.3 Y109.711 E.11258
G1 X34.3 Y110.272 E.01852
G1 X37.272 Y107.3 E.13877
G1 X37.834 Y107.3 E.01856
G1 X34.3 Y110.834 E.16501
G1 X34.3 Y111.395 E.01852
G1 X38.395 Y107.3 E.19121
G1 X38.957 Y107.3 E.01856
G1 X34.3 Y111.957 E.21745
G1 X34.3 Y112.518 E.01852
G1 X39.518 Y107.3 E.24365
G1 X40.08 Y107.3 E.01856
G1 X34.3 Y113.08 E.26989
G1 X34.3 Y113.641 E.01852
G1 X40.641 Y107.3 E.29608
G1 X41.203 Y107.3 E.01856
G1 X34.3 Y114.203 E.32232
G1 X34.3 Y114.765 E.01856
G1 X41.765 Y107.3 E.34857
G1 X42.326 Y107.3 E.01852
G1 X34.3 Y115.326 E.37476
G1 X34.3 Y115.888 E.01856
G1 X42.888 Y107.3 E.401
G1 X43.449 Y107.3 E.01852
G1 X34.3 Y116.449 E.4272
G1 X34.3 Y117.011 E.01856
G1 X44.011 Y107.3 E.45344
G1 X44.572 Y107.3 E.01852
G1 X34.3 Y117.572 E.47964
G1 X34.3 Y118.134 E.01856
G1 X45.134 Y107.3 E.50588
G1 X45.695 Y107.3 E.01852
G1 X34.3 Y118.695 E.53207
G1 X34.3 Y119.257 E.01856
G1 X46.257 Y107.3 E.55831
G1 X46.819 Y107.3 E.01856
G1 X34.3 Y119.819 E.58456
G1 X34.3 Y120.38 E.01852
G1 X47.38 Y107.3 E.61075
G1 X47.942 Y107.3 E.01856
G1 X34.3 Y120.942 E.63699
G1 X34.3 Y121.503 E.01852
G1 X48.503 Y107.3 E.66319
G1 X49.065 Y107.3 E.01856
G1 X34.3 Y122.065 E.68943
G1 X34.3 Y122.626 E.01852
G1 X49.626 Y107.3 E.71562
G1 X50.188 Y107.3 E.01856
G1 X34.3 Y123.188 E.74187
G1 X34.349 Y123.7 E.01698
G1 X50.749 Y107.3 E.76577
G1 X51.311 Y107.3 E.01856
G1 X34.911 Y123.7 E.76577
G1 X35.472 Y123.7 E.01852
G1 X51.873 Y107.3 E.7658
G1 X52.434 Y107.3 E.01852
G1 X36.034 Y123.7 E.76577
G1 X36.595 Y123.7 E.01852
G1 X52.996 Y107.3 E.7658
G1 X53.557 Y107.3 E.01852
G1 X37.157 Y123.7 E.76577
G1 X37.719 Y123.7 E.01856
G1 X54.119 Y107.3 E.76577
G1 X54.68 Y107.3 E.01852
G1 X38.28 Y123.7 E.76577
G1 X38.842 Y123.7 E.01856
G1 X55.242 Y107.3 E.76577
G1 X55.803 Y107.3 E.01852
G1 X39.403 Y123.7 E.76577
G1 X39.965 Y123.7 E.01856
G1 X56.365 Y107.3 E.76577
G1 X56.927 Y107.3 E.01856
G1 X40.526 Y123.7 E.7658
G1 X41.088 Y123.7 E.01856
G1 X57.488 Y107.3 E.76577
G1 X58.05 Y107.3 E.01856
G1 X41.649 Y123.7 E.7658
G1 X42.211 Y123.7 E.01856
G1 X58.611 Y107.3 E.76577
G1 X59.173 Y107.3 E.01856
G1 X42.773 Y123.7 E.76577
G1 X43.334 Y123.7 E.01852
G1 X59.734 Y107.3 E.76577
G1 X60.296 Y107.3 E.01856
G1 X43.896 Y123.7 E.76577
G1 X44.457 Y123.7 E.01852
G1 X60.857 Y107.3 E.76577
G1 X61.419 Y107.3 E.01856
G1 X45.019 Y123.7 E.76577
G1 X45.58 Y123.7 E.01852
G1 X61.981 Y107.3 E.7658
G1 X62.542 Y107.3 E.01852
G1 X46.142 Y123.7 E.76577
G1 X46.703 Y123.7 E.01852
G1 X63.104 Y107.3 E.7658
G1 X63.665 Y107.3 E.01852
G1 X47.265 Y123.7 E.76577
G1 X47.827 Y123.7 E.01856
G1 X64.227 Y107.3 E.76577
G1 X64.788 Y107.3 E.01852
G1 X48.388 Y123.7 E.76577
G1 X48.95 Y123.7 E.01856
G1 X65.35 Y107.3 E.76577
G1 X65.862 Y107.349 E.01698
G1 X49.511 Y123.7 E.76348
G1 X50.073 Y123.7 E.01856
G1 X66.303 Y107.47 E.75783
G1 X66.744 Y107.591 E.0151
G1 X50.634 Y123.7 E.75221
G1 X51.196 Y123.7 E.01856
G1 X67.184 Y107.712 E.74653
G1 X67.625 Y107.832 E.01509
G1 X51.757 Y123.7 E.74093
G1 X52.319 Y123.7 E.01856
G1 X68.077 Y107.942 E.7358
G1 X68.528 Y108.053 E.01534
G1 X52.881 Y123.7 E.73061
G1 X53.442 Y123.7 E.01852
G1 X68.979 Y108.163 E.72548
G1 X69.431 Y108.273 E.01536
G1 X54.004 Y123.7 E.72034
G1 X54.565 Y123.7 E.01852
G1 X69.886 Y108.379 E.71539
G1 X70.349 Y108.478 E.01563
G1 X55.127 Y123.7 E.71077
G1 X55.688 Y123.7 E.01852
G1 X70.811 Y108.578 E.70612
G1 X71.273 Y108.677 E.0156
G1 X56.25 Y123.7 E.70148
G1 X56.811 Y123.7 E.01852
G1 X71.735 Y108.776 E.69685
G1 X72.207 Y108.867 E.01587
G1 X57.373 Y123.7 E.69263
G1 X57.935 Y123.7 E.01856
G1 X72.68 Y108.954 E.68852
G1 X73.154 Y109.042 E.01592
G1 X58.496 Y123.7 E.68443
G1 X59.058 Y123.7 E.01856
G1 X73.628 Y109.13 E.68032
G1 X74.105 Y109.215 E.016
G1 X59.619 Y123.7 E.67638
G1 X60.181 Y123.7 E.01856
G1 X74.59 Y109.291 E.67281
G1 X75.076 Y109.367 E.01624
G1 X60.742 Y123.7 E.66928
G1 X61.304 Y123.7 E.01856
G1 X75.562 Y109.442 E.66576
G1 X76.047 Y109.518 E.01621
G1 X61.865 Y123.7 E.66221
G1 X62.427 Y123.7 E.01856
G1 X76.542 Y109.585 E.65908
G1 X77.041 Y109.648 E.01661
G1 X62.989 Y123.7 E.65614
G1 X63.55 Y123.7 E.01852
G1 X77.539 Y109.711 E.65319
G1 X78.037 Y109.775 E.01658
G1 X64.112 Y123.7 E.65021
G1 X64.673 Y123.7 E.01852
G1 X78.541 Y109.833 E.64752
G1 X79.052 Y109.883 E.01695
G1 X65.235 Y123.7 E.64516
G1 X65.839 Y123.657 E.01999
G1 X79.563 Y109.934 E.6408
G1 X80.074 Y109.984 E.01695
G1 X66.613 Y123.445 E.62854
G1 X66.495 Y123.521 E.00463
;WIDTH:0.41146
G1 X66.376 Y123.598 E.00434
;WIDTH:0.38292
G1 X66.305 Y123.579 E.00208
G1 X66.324 Y123.65 E.00208
G1 X66.365 Y123.639 E.0012
G1 X67.258 Y123.422 F9000
G1 F2400
G1 X67.109 Y123.397 E.00427
;WIDTH:0.41146
G1 X67.248 Y123.315 E.00495
;WIDTH:0.439999
G1 X67.387 Y123.233 E.00533
G1 X80.588 Y110.032 E.6164
G1 X81.112 Y110.069 E.01734
G1 X68.139 Y123.042 E.60575
G1 X68.882 Y122.861 E.02525
G1 X81.637 Y110.106 E.59557
G1 X82.161 Y110.143 E.01734
G1 X69.625 Y122.679 E.58535
G1 X70.343 Y122.523 E.02426
G1 X82.687 Y110.179 E.57638
G1 X83.226 Y110.201 E.01781
G1 X71.058 Y122.369 E.56817
G1 X71.773 Y122.216 E.02414
G1 X83.764 Y110.224 E.55992
G1 X84.303 Y110.247 E.01781
G1 X72.465 Y122.086 E.55278
G1 X73.154 Y121.958 E.02314
G1 X84.843 Y110.269 E.5458
G1 X85.396 Y110.277 E.01826
G1 X73.843 Y121.83 E.53945
G1 X74.514 Y121.721 E.02244
G1 X85.95 Y110.285 E.53399
G1 X86.504 Y110.293 E.01829
G1 X75.18 Y121.617 E.52876
G1 X75.845 Y121.513 E.02222
G1 X87.058 Y110.3 E.52357
G1 X87.62 Y110.3 E.01856
G1 X76.499 Y121.421 E.51928
G1 X77.143 Y121.339 E.02143
G1 X88.181 Y110.3 E.51543
G1 X88.743 Y110.3 E.01856
G1 X77.786 Y121.257 E.51162
G1 X78.425 Y121.179 E.02125
G1 X89.305 Y110.3 E.508
G1 X89.866 Y110.3 E.01852
G1 X79.049 Y121.117 E.50508
G1 X79.672 Y121.055 E.02067
G1 X90.428 Y110.3 E.50221
G1 X90.989 Y110.3 E.01852
G1 X80.296 Y120.994 E.49932
G1 X80.902 Y120.948 E.02007
G1 X91.551 Y110.3 E.49722
G1 X92.112 Y110.3 E.01852
G1 X81.507 Y120.905 E.49518
G1 X82.113 Y120.861 E.02006
G1 X92.674 Y110.3 E.49313
G1 X93.235 Y110.3 E.01852
G1 X82.715 Y120.82 E.49122
G1 X83.302 Y120.795 E.0194
G1 X93.797 Y110.3 E.49005
G1 X94.358 Y110.3 E.01852
G1 X83.888 Y120.77 E.48888
G1 X84.475 Y120.745 E.0194
G1 X94.92 Y110.3 E.48771
G1 X95.482 Y110.3 E.01856
G1 X85.054 Y120.728 E.48692
G1 X85.623 Y120.72 E.01879
G1 X96.043 Y110.3 E.48655
G1 X96.605 Y110.3 E.01856
G1 X86.193 Y120.712 E.48617
G1 X86.763 Y120.703 E.01882
G1 X97.166 Y110.3 E.48575
G1 X97.728 Y110.3 E.01856
G1 X87.328 Y120.7 E.48561
G1 X87.889 Y120.7 E.01852
G1 X98.289 Y110.3 E.48561
G1 X98.851 Y110.3 E.01856
G1 X88.451 Y120.7 E.48561
G1 X89.012 Y120.7 E.01852
G1 X99.412 Y110.3 E.48561
G1 X99.974 Y110.3 E.01856
G1 X89.574 Y120.7 E.48561
G1 X90.135 Y120.7 E.01852
G1 X100.536 Y110.3 E.48564
G1 X101.097 Y110.3 E.01852
G1 X90.697 Y120.7 E.48561
G1 X91.259 Y120.7 E.01856
G1 X101.659 Y110.3 E.48561
G1 X102.22 Y110.3 E.01852
G1 X91.82 Y120.7 E.48561
G1 X92.382 Y120.7 E.01856
G1 X102.782 Y110.3 E.48561
G1 X103.343 Y110.3 E.01852
G1 X92.943 Y120.7 E.48561
G1 X93.505 Y120.7 E.01856
G1 X103.905 Y110.3 E.48561
G1 X104.466 Y110.3 E.01852
G1 X94.066 Y120.7 E.48561
G1 X94.628 Y120.7 E.01856
G1 X105.028 Y110.3 E.48561
G1 X105.59 Y110.3 E.01856
G1 X95.189 Y120.7 E.48564
G1 X95.751 Y120.7 E.01856
G1 X106.151 Y110.3 E.48561
G1 X106.713 Y110.3 E.01856
G1 X96.313 Y120.7 E.48561
G1 X96.874 Y120.7 E.01852
G1 X107.274 Y110.3 E.48561
G1 X107.836 Y110.3 E.01856
G1 X97.436 Y120.7 E.48561
G1 X97.997 Y120.7 E.01852
G1 X108.397 Y110.3 E.48561
G1 X108.959 Y110.3 E.01856
G1 X98.559 Y120.7 E.48561
G1 X99.12 Y120.7 E.01852
G1 X109.52 Y110.3 E.48561
G1 X110.082 Y110.3 E.01856
G1 X99.682 Y120.7 E.48561
G1 X100.243 Y120.7 E.01852
G1 X110.644 Y110.3 E.48564
G1 X111.205 Y110.3 E.01852
G1 X100.805 Y120.7 E.48561
G1 X101.367 Y120.7 E.01856
G1 X111.767 Y110.3 E.48561
G1 X112.328 Y110.3 E.01852
G1 X101.928 Y120.7 E.48561
G1 X102.49 Y120.7 E.01856
G1 X112.89 Y110.3 E.48561
G1 X113.451 Y110.3 E.01852
G1 X103.051 Y120.7 E.48561
G1 X103.613 Y120.7 E.01856
G1 X114.013 Y110.3 E.48561
G1 X114.574 Y110.3 E.01852
G1 X104.174 Y120.7 E.48561
G1 X104.736 Y120.7 E.01856
G1 X115.136 Y110.3 E.48561
G1 X115.698 Y110.3 E.01856
G1 X105.297 Y120.7 E.48564
G1 X105.859 Y120.7 E.01856
G1 X116.259 Y110.3 E.48561
G1 X116.821 Y110.3 E.01856
G1 X106.42 Y120.7 E.48564
G1 X106.982 Y120.7 E.01856
G1 X117.382 Y110.3 E.48561
G1 X117.944 Y110.3 E.01856
G1 X107.544 Y120.7 E.48561
G1 X108.105 Y120.7 E.01852
G1 X118.505 Y110.3 E.48561
G1 X119.067 Y110.3 E.01856
G1 X108.667 Y120.7 E.48561
G1 X109.228 Y120.7 E.01852
G1 X119.628 Y110.3 E.48561
G1 X120.19 Y110.3 E.01856
G1 X109.79 Y120.7 E.48561
G1 X110.351 Y120.7 E.01852
G1 X120.752 Y110.3 E.48564
G1 X121.313 Y110.3 E.01852
G1 X110.913 Y120.7 E.48561
G1 X111.474 Y120.7 E.01852
G1 X121.875 Y110.3 E.48564
G1 X122.436 Y110.3 E.01852
G1 X112.036 Y120.7 E.48561
G1 X112.598 Y120.7 E.01856
G1 X122.998 Y110.3 E.48561
G1 X123.559 Y110.3 E.01852
G1 X113.159 Y120.7 E.48561
G1 X113.721 Y120.7 E.01856
G1 X124.121 Y110.3 E.48561
G1 X124.682 Y110.3 E.01852
G1 X114.282 Y120.7 E.48561
G1 X114.844 Y120.7 E.01856
G1 X125.244 Y110.3 E.48561
G1 X125.806 Y110.3 E.01856
G1 X115.405 Y120.7 E.48564
G1 X115.967 Y120.7 E.01856
G1 X126.367 Y110.3 E.48561
G1 X126.929 Y110.3 E.01856
G1 X116.528 Y120.7 E.48564
G1 X117.09 Y120.7 E.01856
G1 X127.49 Y110.3 E.48561
G1 X128.052 Y110.3 E.01856
G1 X117.652 Y120.7 E.48561
G1 X118.213 Y120.7 E.01852
G1 X128.613 Y110.3 E.48561
G1 X129.175 Y110.3 E.01856
G1 X118.775 Y120.7 E.48561
G1 X119.336 Y120.7 E.01852
G1 X129.736 Y110.3 E.48561
G1 X130.298 Y110.3 E.01856
G1 X119.898 Y120.7 E.48561
G1 X120.459 Y120.7 E.01852
G1 X130.86 Y110.3 E.48564
G1 X131.421 Y110.3 E.01852
G1 X121.021 Y120.7 E.48561
G1 X121.582 Y120.7 E.01852
G1 X131.983 Y110.3 E.48564
G1 X132.544 Y110.3 E.01852
G1 X122.144 Y120.7 E.48561
G1 X122.706 Y120.7 E.01856
G1 X133.106 Y110.3 E.48561
G1 X133.667 Y110.3 E.01852
G1 X123.267 Y120.7 E.48561
G1 X123.829 Y120.7 E.01856
G1 X134.229 Y110.3 E.48561
G1 X134.79 Y110.3 E.01852
G1 X124.39 Y120.7 E.48561
G1 X124.952 Y120.7 E.01856
G1 X135.352 Y110.3 E.48561
G1 X135.914 Y110.3 E.01856
G1 X125.513 Y120.7 E.48564
G1 X126.075 Y120.7 E.01856
G1 X136.475 Y110.3 E.48561
G1 X137.037 Y110.3 E.01856
G1 X126.636 Y120.7 E.48564
G1 X127.198 Y120.7 E.01856
G1 X137.598 Y110.3 E.48561
G1 X138.16 Y110.3 E.01856
G1 X127.76 Y120.7 E.48561
G1 X128.321 Y120.7 E.01852
G1 X138.721 Y110.3 E.48561
G1 X139.283 Y110.3 E.01856
G1 X128.883 Y120.7 E.48561
G1 X129.444 Y120.7 E.01852
G1 X139.844 Y110.3 E.48561
G1 X140.406 Y110.3 E.01856
G1 X130.006 Y120.7 E.48561
G1 X130.567 Y120.7 E.01852
G1 X140.968 Y110.3 E.48564
G1 X141.529 Y110.3 E.01852
G1 X131.129 Y120.7 E.48561
G1 X131.69 Y120.7 E.01852
G1 X142.091 Y110.3 E.48564
G1 X142.652 Y110.3 E.01852
G1 X132.252 Y120.7 E.48561
G1 X132.814 Y120.7 E.01856
G1 X143.214 Y110.3 E.48561
G1 X143.775 Y110.3 E.01852
G1 X133.375 Y120.7 E.48561
G1 X133.937 Y120.7 E.01856
G1 X144.342 Y110.295 E.48585
G1 X144.911 Y110.287 E.01879
G1 X134.498 Y120.7 E.48622
G1 X135.06 Y120.7 E.01856
G1 X145.481 Y110.279 E.48659
G1 X146.05 Y110.271 E.01879
G1 X135.621 Y120.7 E.48697
G1 X136.183 Y120.7 E.01856
G1 X146.633 Y110.25 E.48795
G1 X147.219 Y110.225 E.01937
G1 X136.744 Y120.7 E.48911
G1 X137.306 Y120.7 E.01856
G1 X147.806 Y110.2 E.49028
G1 X148.394 Y110.174 E.01943
G1 X137.868 Y120.7 E.4915
G1 X138.429 Y120.7 E.01852
G1 X148.998 Y110.132 E.49348
G1 X149.602 Y110.089 E.01999
G1 X138.991 Y120.7 E.49546
G1 X139.552 Y120.7 E.01852
G1 X150.206 Y110.046 E.49747
G1 X150.819 Y109.995 E.02031
G1 X140.114 Y120.7 E.49985
G1 X140.675 Y120.7 E.01852
G1 X151.442 Y109.933 E.50275
G1 X152.066 Y109.871 E.0207
G1 X141.237 Y120.7 E.50564
G1 X141.798 Y120.7 E.01852
G1 X152.689 Y109.81 E.50851
G1 X153.332 Y109.728 E.0214
G1 X142.36 Y120.7 E.51232
G1 X142.922 Y120.7 E.01856
G1 X153.976 Y109.646 E.51615
G1 X154.62 Y109.564 E.02143
G1 X143.483 Y120.7 E.52
G1 X144.044 Y120.701 E.01852
G1 X155.277 Y109.468 E.52451
G1 X155.942 Y109.364 E.02222
G1 X144.598 Y120.708 E.52969
G1 X145.152 Y120.716 E.01829
G1 X156.608 Y109.26 E.53492
G1 X157.283 Y109.147 E.0226
G1 X145.705 Y120.724 E.54059
G1 X146.257 Y120.734 E.01823
G1 X157.972 Y109.019 E.54701
G1 X158.662 Y108.891 E.02317
G1 X146.795 Y120.757 E.55409
G1 X147.334 Y120.78 E.01781
G1 X159.358 Y108.756 E.56144
G1 X160.073 Y108.603 E.02414
G1 X147.873 Y120.802 E.56964
G1 X148.41 Y120.827 E.01775
G1 X160.788 Y108.449 E.57797
G1 X161.511 Y108.287 E.02446
G1 X148.935 Y120.864 E.58724
G1 X149.459 Y120.901 E.01734
G1 X162.254 Y108.106 E.59744
G1 X162.998 Y107.924 E.02529
G1 X149.984 Y120.938 E.60767
G1 X150.508 Y120.975 E.01734
G1 X163.755 Y107.728 E.61855
G1 X163.894 Y107.646 E.00533
;WIDTH:0.41146
G1 X164.033 Y107.564 E.00495
;WIDTH:0.38292
G1 X163.883 Y107.539 E.0043
;WIDTH:0.439999
G1 X164.529 Y107.516 E.02134
G1 X151.02 Y121.025 E.63078
G1 X151.531 Y121.076 E.01696
G1 X165.302 Y107.304 E.64304
G1 X165.868 Y107.3 E.01869
G1 X152.042 Y121.126 E.64558
G1 X152.553 Y121.177 E.01696
G1 X166.43 Y107.3 E.64796
G1 X166.991 Y107.3 E.01852
G1 X153.055 Y121.236 E.65072
G1 X153.553 Y121.3 E.01658
G1 X167.553 Y107.3 E.65371
G1 X168.114 Y107.3 E.01852
G1 X154.051 Y121.364 E.65667
G1 X154.549 Y121.427 E.01657
G1 X168.676 Y107.3 E.65964
G1 X169.237 Y107.3 E.01852
G1 X155.042 Y121.495 E.66281
G1 X155.528 Y121.571 E.01624
G1 X169.799 Y107.3 E.66636
G1 X170.361 Y107.3 E.01856
G1 X156.013 Y121.647 E.66993
G1 X156.499 Y121.723 E.01624
G1 X170.922 Y107.3 E.67346
G1 X171.484 Y107.3 E.01856
G1 X156.984 Y121.799 E.67703
G1 X157.459 Y121.886 E.01594
G1 X172.045 Y107.3 E.68107
G1 X172.607 Y107.3 E.01856
G1 X157.933 Y121.974 E.68518
G1 X158.407 Y122.062 E.01592
G1 X173.168 Y107.3 E.68927
G1 X173.73 Y107.3 E.01856
G1 X158.88 Y122.15 E.6934
G1 X159.349 Y122.242 E.01578
G1 X174.291 Y107.3 E.69769
G1 X174.853 Y107.3 E.01856
G1 X159.812 Y122.341 E.70232
G1 X160.274 Y122.441 E.01561
G1 X175.415 Y107.3 E.70699
G1 X175.976 Y107.3 E.01852
G1 X160.736 Y122.54 E.71161
G1 X161.198 Y122.639 E.0156
G1 X176.538 Y107.3 E.71625
G1 X177.099 Y107.3 E.01852
G1 X161.652 Y122.747 E.72127
G1 X162.103 Y122.857 E.01533
G1 X177.661 Y107.3 E.72643
G1 X178.222 Y107.3 E.01852
G1 X162.555 Y122.968 E.73157
G1 X163.006 Y123.078 E.01533
G1 X178.784 Y107.3 E.73673
G1 X179.345 Y107.3 E.01852
G1 X163.456 Y123.19 E.74194
G1 X163.896 Y123.311 E.01507
G1 X179.907 Y107.3 E.74761
G1 X180.469 Y107.3 E.01856
G1 X164.337 Y123.431 E.75324
G1 X164.778 Y123.552 E.0151
G1 X181.03 Y107.3 E.75886
G1 X181.592 Y107.3 E.01856
G1 X165.219 Y123.673 E.76451
G1 X165.753 Y123.7 E.01765
G1 X182.153 Y107.3 E.76577
G1 X182.715 Y107.3 E.01856
G1 X166.315 Y123.7 E.76577
G1 X166.876 Y123.7 E.01852
G1 X183.276 Y107.3 E.76577
G1 X183.838 Y107.3 E.01856
G1 X167.438 Y123.7 E.76577
G1 X167.999 Y123.7 E.01852
G1 X184.399 Y107.3 E.76577
G1 X184.961 Y107.3 E.01856
G1 X168.561 Y123.7 E.76577
G1 X169.122 Y123.7 E.01852
G1 X185.523 Y107.3 E.7658
G1 X186.084 Y107.3 E.01852
G1 X169.684 Y123.7 E.76577
G1 X170.245 Y123.7 E.01852
G1 X186.646 Y107.3 E.7658
G1 X187.207 Y107.3 E.01852
G1 X170.807 Y123.7 E.76577
G1 X171.369 Y123.7 E.01856
G1 X187.769 Y107.3 E.76577
G1 X188.33 Y107.3 E.01852
G1 X171.93 Y123.7 E.76577
G1 X172.492 Y123.7 E.01856
G1 X188.892 Y107.3 E.76577
G1 X189.453 Y107.3 E.01852
G1 X173.053 Y123.7 E.76577
G1 X173.615 Y123.7 E.01856
G1 X190.015 Y107.3 E.76577
G1 X190.577 Y107.3 E.01856
G1 X174.176 Y123.7 E.7658
G1 X174.738 Y123.7 E.01856
G1 X191.138 Y107.3 E.76577
G1 X191.7 Y107.3 E.01856
G1 X175.299 Y123.7 E.7658
G1 X175.861 Y123.7 E.01856
G1 X192.261 Y107.3 E.76577
G1 X192.823 Y107.3 E.01856
G1 X176.423 Y123.7 E.76577
G1 X176.984 Y123.7 E.01852
G1 X193.384 Y107.3 E.76577
G1 X193.946 Y107.3 E.01856
G1 X177.546 Y123.7 E.76577
G1 X178.107 Y123.7 E.01852
G1 X194.507 Y107.3 E.76577
G1 X195.069 Y107.3 E.01856
G1 X178.669 Y123.7 E.76577
G1 X179.23 Y123.7 E.01852
G1 X195.631 Y107.3 E.7658
G1 X196.192 Y107.3 E.01852
G1 X179.792 Y123.7 E.76577
G1 X180.353 Y123.7 E.01852
G1 X196.7 Y107.353 E.7633
G1 X196.771 Y107.255 E.004
;WIDTH:0.41146
G1 X196.843 Y107.157 E.00373
;WIDTH:0.38292
G1 X196.74 Y107.152 E.00292
;WIDTH:0.439999
G1 X196.7 Y107.915 E.02523
G1 X180.915 Y123.7 E.73706
G1 X181.477 Y123.7 E.01856
G1 X196.7 Y108.477 E.71081
G1 X196.7 Y109.038 E.01852
G1 X182.038 Y123.7 E.68462
G1 X182.6 Y123.7 E.01856
G1 X196.7 Y109.6 E.65838
G1 X196.7 Y110.161 E.01852
G1 X183.161 Y123.7 E.63218
G1 X183.723 Y123.7 E.01856
G1 X196.7 Y110.723 E.60594
G1 X196.7 Y111.284 E.01852
G1 X184.284 Y123.7 E.57975
G1 X184.846 Y123.7 E.01856
G1 X196.7 Y111.846 E.5535
G1 X196.7 Y112.407 E.01852
G1 X185.407 Y123.7 E.52731
G1 X185.969 Y123.7 E.01856
G1 X196.7 Y112.969 E.50107
G1 X196.7 Y113.531 E.01856
G1 X186.531 Y123.7 E.47483
G1 X187.092 Y123.7 E.01852
G1 X196.7 Y114.092 E.44863
G1 X196.7 Y114.654 E.01856
G1 X187.654 Y123.7 E.42239
G1 X188.215 Y123.7 E.01852
G1 X196.7 Y115.215 E.39619
G1 X196.7 Y115.777 E.01856
G1 X188.777 Y123.7 E.36995
G1 X189.338 Y123.7 E.01852
G1 X196.7 Y116.338 E.34376
G1 X196.7 Y116.9 E.01856
G1 X189.9 Y123.7 E.31752
G1 X190.461 Y123.7 E.01852
G1 X196.7 Y117.461 E.29132
G1 X196.7 Y118.023 E.01856
G1 X191.023 Y123.7 E.26508
G1 X191.585 Y123.7 E.01856
G1 X196.7 Y118.585 E.23884
G1 X196.7 Y119.146 E.01852
G1 X192.146 Y123.7 E.21264
G1 X192.708 Y123.7 E.01856
G1 X196.7 Y119.708 E.1864
G1 X196.7 Y120.269 E.01852
G1 X193.269 Y123.7 E.16021
G1 X193.831 Y123.7 E.01856
G1 X196.7 Y120.831 E.13396
G1 X196.7 Y121.392 E.01852
G1 X194.392 Y123.7 E.10777
G1 X194.954 Y123.7 E.01856
G1 X196.7 Y121.954 E.08153
G1 X196.626 Y122.695 E.02459
;WIDTH:0.58843
G1 X196.626 Y123.626 E.04223
G1 X195.695 Y123.626 E.04223
G1 X196.485 Y122.835 E.05071
;LAYER_CHANGE
;Z:0.6
;HEIGHT:0.2
;BEFORE_LAYER_CHANGE
G92 E0
;0.6


G1 E-3.5 F3600
;WIPE_START
G1 F7200
G1 X195.695 Y123.626 E-.53102
G1 X196.626 Y123.626 E-.44223
G1 X196.626 Y122.695 E-.44222
G1 X196.644 Y122.518 E-.08453
;WIPE_END
G1 Z.6 F9000
;AFTER_LAYER_CHANGE
;0.6
G1 X197.006 Y124.006
G1 E5 F2400
;TYPE:Perimeter
;WIDTH:0.439999
G1 X165.274 Y124.006 E1.0477
G1 X162.966 Y123.383 E.07893
G1 X161.217 Y122.955 E.05945
G1 X159.095 Y122.5 E.07166
G1 X156.961 Y122.105 E.07166
G1 X154.817 Y121.769 E.07165
G1 X152.664 Y121.495 E.07166
G1 X150.504 Y121.281 E.07167
G1 X148.339 Y121.128 E.07166
G1 X146.17 Y121.036 E.07168
G1 X144.007 Y121.006 E.07142
G1 X86.993 Y121.006 E1.88245
G1 X84.83 Y121.036 E.07142
G1 X82.661 Y121.128 E.07168
G1 X80.496 Y121.281 E.07166
G1 X78.336 Y121.495 E.07167
G1 X76.183 Y121.769 E.07166
G1 X74.039 Y122.105 E.07165
G1 X71.905 Y122.5 E.07166
G1 X69.783 Y122.956 E.07166
G1 X67.674 Y123.471 E.07168
G1 X65.724 Y124.006 E.06676
G1 X33.994 Y124.006 E1.04764
G1 X33.994 Y106.994 E.56169
G1 X65.724 Y106.994 E1.04764
G1 X67.687 Y107.533 E.06721
G1 X69.783 Y108.044 E.07123
G1 X71.905 Y108.5 E.07166
G1 X74.039 Y108.895 E.07166
G1 X76.183 Y109.231 E.07165
G1 X78.336 Y109.505 E.07166
G1 X80.496 Y109.719 E.07167
G1 X82.661 Y109.872 E.07166
G1 X84.83 Y109.964 E.07168
G1 X86.993 Y109.994 E.07142
G1 X144.007 Y109.994 E1.88245
G1 X146.17 Y109.964 E.07142
G1 X148.339 Y109.872 E.07168
G1 X150.504 Y109.719 E.07166
G1 X152.664 Y109.505 E.07167
G1 X154.817 Y109.231 E.07166
G1 X156.961 Y108.895 E.07165
G1 X159.095 Y108.5 E.07166
G1 X161.217 Y108.045 E.07166
G1 X163.326 Y107.529 E.07169
G1 X165.276 Y106.994 E.06676
G1 X197.006 Y106.994 E1.04764
G1 X197.006 Y123.946 E.55971
G1 X197.403 Y124.403 F9000
G1 F2400
G1 X165.222 Y124.403 E1.06253
G1 X162.871 Y123.768 E.08041
G1 X161.129 Y123.343 E.0592
G1 X159.018 Y122.889 E.07129
G1 X156.894 Y122.496 E.07132
G1 X154.761 Y122.163 E.07128
G1 X152.619 Y121.889 E.0713
G1 X150.47 Y121.677 E.0713
G1 X148.316 Y121.525 E.0713
G1 X146.159 Y121.433 E.07128
G1 X144.004 Y121.403 E.07116
G1 X86.996 Y121.403 E1.88225
G1 X84.841 Y121.433 E.07116
G1 X82.684 Y121.525 E.07128
G1 X80.53 Y121.677 E.0713
G1 X78.381 Y121.889 E.0713
G1 X76.239 Y122.163 E.0713
G1 X74.106 Y122.496 E.07128
G1 X71.983 Y122.889 E.07129
G1 X69.871 Y123.343 E.07133
G1 X67.774 Y123.855 E.07127
G1 X65.777 Y124.403 E.06837
G1 X33.597 Y124.403 E1.0625
G1 X33.597 Y106.597 E.58791
G1 X65.777 Y106.597 E1.0625
G1 X67.782 Y107.147 E.06865
G1 X69.871 Y107.657 E.071
G1 X71.983 Y108.111 E.07133
G1 X74.106 Y108.504 E.07129
G1 X76.239 Y108.837 E.07128
G1 X78.381 Y109.111 E.0713
G1 X80.53 Y109.323 E.0713
G1 X82.684 Y109.475 E.0713
G1 X84.841 Y109.567 E.07128
G1 X86.996 Y109.597 E.07116
G1 X144.004 Y109.597 E1.88225
G1 X146.159 Y109.567 E.07116
G1 X148.316 Y109.475 E.07128
G1 X150.47 Y109.323 E.0713
G1 X152.619 Y109.111 E.0713
G1 X154.761 Y108.837 E.0713
G1 X156.894 Y108.504 E.07128
G1 X159.017 Y108.111 E.07129
G1 X161.129 Y107.657 E.07133
G1 X163.226 Y107.145 E.07127
G1 X165.223 Y106.597 E.06837
G1 X197.403 Y106.597 E1.0625
G1 X197.403 Y124.343 E.58592
G1 X197.79 Y124.79 F9000
;TYPE:External perimeter
;WIDTH:0.419999
G1 F1500
G1 X165.17 Y124.79 E1.02278
G1 X162.78 Y124.144 E.07763
G1 X161.042 Y123.72 E.05609
G1 X158.942 Y123.269 E.06735
G1 X156.829 Y122.878 E.06738
G1 X154.707 Y122.546 E.06734
G1 X152.576 Y122.274 E.06736
G1 X150.438 Y122.062 E.06736
G1 X148.295 Y121.911 E.06736
G1 X146.148 Y121.82 E.06738
G1 X144 Y121.79 E.06736
G1 X86.997 Y121.79 E1.78729
G1 X84.852 Y121.82 E.06726
G1 X82.705 Y121.911 E.06738
G1 X80.562 Y122.062 E.06736
G1 X78.425 Y122.274 E.06733
G1 X76.293 Y122.546 E.06739
G1 X74.171 Y122.878 E.06734
G1 X72.058 Y123.269 E.06738
G1 X69.958 Y123.72 E.06735
G1 X67.871 Y124.23 E.06736
G1 X65.829 Y124.79 E.06639
G1 X33.21 Y124.79 E1.02274
G1 X33.21 Y106.21 E.58256
G1 X65.829 Y106.21 E1.02274
G1 X67.874 Y106.771 E.06649
G1 X69.958 Y107.28 E.06726
G1 X72.058 Y107.731 E.06735
G1 X74.171 Y108.122 E.06738
G1 X76.293 Y108.454 E.06734
G1 X78.424 Y108.726 E.06736
G1 X80.562 Y108.938 E.06736
G1 X82.705 Y109.089 E.06736
G1 X84.852 Y109.18 E.06738
G1 X87 Y109.21 E.06736
G1 X144.003 Y109.21 E1.78729
G1 X146.148 Y109.18 E.06726
G1 X148.295 Y109.089 E.06738
G1 X150.438 Y108.938 E.06736
G1 X152.576 Y108.726 E.06736
G1 X154.707 Y108.454 E.06736
G1 X156.829 Y108.122 E.06734
G1 X158.942 Y107.731 E.06738
G1 X161.042 Y107.28 E.06735
G1 X163.129 Y106.77 E.06736
G1 X165.171 Y106.21 E.06639
G1 X197.79 Y106.21 E1.02274
G1 X197.79 Y124.73 E.58068
G1 E-3.5 F3600
;WIPE_START
G1 F7200
G1 X197.79 Y124.79 E-.0285
G1 X194.692 Y124.79 E-1.4715
;WIPE_END
G1 X34.332 Y123.592 F9000
G1 E5 F2400
;TYPE:Solid infill
;WIDTH:0.53634
G1 X34.289 Y123.636 E.00252
G1 X34.304 Y123.696 E.00254
G1 X34.364 Y123.712 E.00255
G1 X34.408 Y123.668 E.00255
G1 X34.392 Y123.608 E.00255
;WIDTH:0.439999
G1 X34.3 Y122.974 E.02115
G1 X35.026 Y123.7 E.0339
G1 X35.587 Y123.7 E.01852
G1 X34.3 Y122.413 E.06009
G1 X34.3 Y121.851 E.01856
G1 X36.149 Y123.7 E.08634
G1 X36.711 Y123.7 E.01856
G1 X34.3 Y121.289 E.11258
G1 X34.3 Y120.728 E.01852
G1 X37.272 Y123.7 E.13877
G1 X37.834 Y123.7 E.01856
G1 X34.3 Y120.166 E.16501
G1 X34.3 Y119.605 E.01852
G1 X38.395 Y123.7 E.19121
G1 X38.957 Y123.7 E.01856
G1 X34.3 Y119.043 E.21745
G1 X34.3 Y118.482 E.01852
G1 X39.518 Y123.7 E.24365
G1 X40.08 Y123.7 E.01856
G1 X34.3 Y117.92 E.26989
G1 X34.3 Y117.359 E.01852
G1 X40.641 Y123.7 E.29608
G1 X41.203 Y123.7 E.01856
G1 X34.3 Y116.797 E.32232
G1 X34.3 Y116.235 E.01856
G1 X41.765 Y123.7 E.34857
G1 X42.326 Y123.7 E.01852
G1 X34.3 Y115.674 E.37476
G1 X34.3 Y115.112 E.01856
G1 X42.888 Y123.7 E.401
G1 X43.449 Y123.7 E.01852
G1 X34.3 Y114.551 E.4272
G1 X34.3 Y113.989 E.01856
G1 X44.011 Y123.7 E.45344
G1 X44.572 Y123.7 E.01852
G1 X34.3 Y113.428 E.47964
G1 X34.3 Y112.866 E.01856
G1 X45.134 Y123.7 E.50588
G1 X45.695 Y123.7 E.01852
G1 X34.3 Y112.305 E.53207
G1 X34.3 Y111.743 E.01856
G1 X46.257 Y123.7 E.55831
G1 X46.819 Y123.7 E.01856
G1 X34.3 Y111.181 E.58456
G1 X34.3 Y110.62 E.01852
G1 X47.38 Y123.7 E.61075
G1 X47.942 Y123.7 E.01856
G1 X34.3 Y110.058 E.63699
G1 X34.3 Y109.497 E.01852
G1 X48.503 Y123.7 E.66319
G1 X49.065 Y123.7 E.01856
G1 X34.3 Y108.935 E.68943
G1 X34.3 Y108.374 E.01852
G1 X49.626 Y123.7 E.71562
G1 X50.188 Y123.7 E.01856
G1 X34.3 Y107.812 E.74187
G1 X34.349 Y107.3 E.01698
G1 X50.749 Y123.7 E.76577
G1 X51.311 Y123.7 E.01856
G1 X34.911 Y107.3 E.76577
G1 X35.472 Y107.3 E.01852
G1 X51.873 Y123.7 E.7658
G1 X52.434 Y123.7 E.01852
G1 X36.034 Y107.3 E.76577
G1 X36.595 Y107.3 E.01852
G1 X52.996 Y123.7 E.7658
G1 X53.557 Y123.7 E.01852
G1 X37.157 Y107.3 E.76577
G1 X37.719 Y107.3 E.01856
G1 X54.119 Y123.7 E.76577
G1 X54.68 Y123.7 E.01852
G1 X38.28 Y107.3 E.76577
G1 X38.842 Y107.3 E.01856
G1 X55.242 Y123.7 E.76577
G1 X55.803 Y123.7 E.01852
G1 X39.403 Y107.3 E.76577
G1 X39.965 Y107.3 E.01856
G1 X56.365 Y123.7 E.76577
G1 X56.927 Y123.7 E.01856
G1 X40.526 Y107.3 E.7658
G1 X41.088 Y107.3 E.01856
G1 X57.488 Y123.7 E.76577
G1 X58.05 Y123.7 E.01856
G1 X41.649 Y107.3 E.7658
G1 X42.211 Y107.3 E.01856
G1 X58.611 Y123.7 E.76577
G1 X59.173 Y123.7 E.01856
G1 X42.773 Y107.3 E.76577
G1 X43.334 Y107.3 E.01852
G1 X59.734 Y123.7 E.76577
G1 X60.296 Y123.7 E.01856
G1 X43.896 Y107.3 E.76577
G1 X44.457 Y107.3 E.01852
G1 X60.857 Y123.7 E.76577
G1 X61.419 Y123.7 E.01856
G1 X45.019 Y107.3 E.76577
G1 X45.58 Y107.3 E.01852
G1 X61.981 Y123.7 E.7658
G1 X62.542 Y123.7 E.01852
G1 X46.142 Y107.3 E.76577
G1 X46.703 Y107.3 E.01852
G1 X63.104 Y123.7 E.7658
G1 X63.665 Y123.7 E.01852
G1 X47.265 Y107.3 E.76577
G1 X47.827 Y107.3 E.01856
G1 X64.227 Y123.7 E.76577
G1 X64.788 Y123.7 E.01852
G1 X48.388 Y107.3 E.76577
G1 X48.95 Y107.3 E.01856
G1 X65.35 Y123.7 E.76577
G1 X65.862 Y123.651 E.01698
G1 X49.511 Y107.3 E.76348
G1 X50.073 Y107.3 E.01856
G1 X66.303 Y123.53 E.75783
G1 X66.744 Y123.409 E.0151
G1 X50.634 Y107.3 E.75221
G1 X51.196 Y107.3 E.01856
G1 X67.184 Y123.288 E.74653
G1 X67.625 Y123.168 E.01509
G1 X51.757 Y107.3 E.74093
G1 X52.319 Y107.3 E.01856
G1 X68.077 Y123.058 E.7358
G1 X68.528 Y122.947 E.01534
G1 X52.881 Y107.3 E.73061
G1 X53.442 Y107.3 E.01852
G1 X68.979 Y122.837 E.72548
G1 X69.431 Y122.727 E.01536
G1 X54.004 Y107.3 E.72034
G1 X54.565 Y107.3 E.01852
G1 X69.886 Y122.621 E.71539
G1 X70.349 Y122.522 E.01563
G1 X55.127 Y107.3 E.71077
G1 X55.688 Y107.3 E.01852
G1 X70.811 Y122.422 E.70612
G1 X71.273 Y122.323 E.0156
G1 X56.25 Y107.3 E.70148
G1 X56.811 Y107.3 E.01852
G1 X71.735 Y122.224 E.69685
G1 X72.207 Y122.134 E.01586
G1 X57.373 Y107.3 E.69265
G1 X57.935 Y107.3 E.01856
G1 X72.68 Y122.046 E.68852
G1 X73.154 Y121.958 E.01592
G1 X58.496 Y107.3 E.68443
G1 X59.058 Y107.3 E.01856
G1 X73.628 Y121.87 E.68032
G1 X74.105 Y121.785 E.016
G1 X59.619 Y107.3 E.67638
G1 X60.181 Y107.3 E.01856
G1 X74.59 Y121.709 E.67281
G1 X75.076 Y121.633 E.01624
G1 X60.742 Y107.3 E.66928
G1 X61.304 Y107.3 E.01856
G1 X75.561 Y121.557 E.66571
G1 X76.047 Y121.481 E.01624
G1 X61.865 Y107.3 E.66218
G1 X62.427 Y107.3 E.01856
G1 X76.543 Y121.416 E.65912
G1 X77.041 Y121.352 E.01658
G1 X62.989 Y107.3 E.65614
G1 X63.55 Y107.3 E.01852
G1 X77.539 Y121.288 E.65317
G1 X78.037 Y121.225 E.01657
G1 X64.112 Y107.3 E.65021
G1 X64.673 Y107.3 E.01852
G1 X78.541 Y121.168 E.64754
G1 X79.052 Y121.117 E.01696
G1 X65.235 Y107.3 E.64516
G1 X65.839 Y107.343 E.01999
G1 X79.563 Y121.066 E.6408
G1 X80.074 Y121.016 E.01695
G1 X66.613 Y107.555 E.62854
G1 X66.488 Y107.46 E.00518
;WIDTH:0.41146
G1 X66.362 Y107.365 E.00484
;WIDTH:0.38292
G1 X66.373 Y107.406 E.0012
G1 X66.302 Y107.426 E.00209
G1 X66.321 Y107.354 E.00211
G1 X67.095 Y107.569 F9000
G1 F2400
G1 X67.076 Y107.64 E.00208
G1 X67.147 Y107.621 E.00208
G1 X67.136 Y107.58 E.0012
;WIDTH:0.41146
G1 X67.261 Y107.674 E.00479
;WIDTH:0.439999
G1 X67.387 Y107.767 E.00517
G1 X80.588 Y120.968 E.6164
G1 X81.112 Y120.931 E.01734
G1 X68.139 Y107.958 E.60575
G1 X68.882 Y108.139 E.02525
G1 X81.637 Y120.894 E.59557
G1 X82.161 Y120.857 E.01734
G1 X69.625 Y108.321 E.58535
G1 X70.343 Y108.477 E.02426
G1 X82.687 Y120.821 E.57638
G1 X83.226 Y120.798 E.01781
G1 X71.058 Y108.631 E.56814
G1 X71.773 Y108.784 E.02414
G1 X83.764 Y120.776 E.55992
G1 X84.303 Y120.753 E.01781
G1 X72.465 Y108.914 E.55278
G1 X73.154 Y109.042 E.02314
G1 X84.842 Y120.73 E.54575
G1 X85.396 Y120.723 E.01829
G1 X73.844 Y109.17 E.53943
G1 X74.514 Y109.279 E.02241
G1 X85.95 Y120.715 E.53399
G1 X86.504 Y120.707 E.01829
G1 X75.179 Y109.383 E.52878
G1 X75.845 Y109.487 E.02226
G1 X87.058 Y120.7 E.52357
G1 X87.62 Y120.7 E.01856
G1 X76.499 Y109.579 E.51928
G1 X77.143 Y109.661 E.02143
G1 X88.181 Y120.7 E.51543
G1 X88.743 Y120.7 E.01856
G1 X77.786 Y109.743 E.51162
G1 X78.425 Y109.821 E.02125
G1 X89.304 Y120.7 E.50798
G1 X89.866 Y120.7 E.01856
G1 X79.049 Y109.883 E.50508
G1 X79.672 Y109.945 E.02067
G1 X90.428 Y120.7 E.50221
G1 X90.989 Y120.7 E.01852
G1 X80.295 Y110.006 E.49934
G1 X80.905 Y110.054 E.0202
G1 X91.551 Y120.7 E.4971
G1 X92.112 Y120.7 E.01852
G1 X81.509 Y110.097 E.49509
G1 X82.113 Y110.14 E.01999
G1 X92.674 Y120.7 E.49311
G1 X93.235 Y120.7 E.01852
G1 X82.715 Y110.18 E.49122
G1 X83.302 Y110.205 E.0194
G1 X93.797 Y120.7 E.49005
G1 X94.358 Y120.7 E.01852
G1 X83.888 Y110.23 E.48888
G1 X84.475 Y110.255 E.0194
G1 X94.92 Y120.7 E.48771
G1 X95.482 Y120.7 E.01856
G1 X85.054 Y110.272 E.48692
G1 X85.623 Y110.28 E.01879
G1 X96.043 Y120.7 E.48655
G1 X96.605 Y120.7 E.01856
G1 X86.193 Y110.288 E.48617
G1 X86.763 Y110.297 E.01882
G1 X97.166 Y120.7 E.48575
G1 X97.728 Y120.7 E.01856
G1 X87.328 Y110.3 E.48561
G1 X87.889 Y110.3 E.01852
G1 X98.289 Y120.7 E.48561
G1 X98.851 Y120.7 E.01856
G1 X88.451 Y110.3 E.48561
G1 X89.012 Y110.3 E.01852
G1 X99.412 Y120.7 E.48561
G1 X99.974 Y120.7 E.01856
G1 X89.574 Y110.3 E.48561
G1 X90.135 Y110.3 E.01852
G1 X100.536 Y120.7 E.48564
G1 X101.097 Y120.7 E.01852
G1 X90.697 Y110.3 E.48561
G1 X91.259 Y110.3 E.01856
G1 X101.659 Y120.7 E.48561
G1 X102.22 Y120.7 E.01852
G1 X91.82 Y110.3 E.48561
G1 X92.382 Y110.3 E.01856
G1 X102.782 Y120.7 E.48561
G1 X103.343 Y120.7 E.01852
G1 X92.943 Y110.3 E.48561
G1 X93.505 Y110.3 E.01856
G1 X103.905 Y120.7 E.48561
G1 X104.466 Y120.7 E.01852
G1 X94.066 Y110.3 E.48561
G1 X94.628 Y110.3 E.01856
G1 X105.028 Y120.7 E.48561
G1 X105.59 Y120.7 E.01856
G1 X95.189 Y110.3 E.48564
G1 X95.751 Y110.3 E.01856
G1 X106.151 Y120.7 E.48561
G1 X106.713 Y120.7 E.01856
G1 X96.313 Y110.3 E.48561
G1 X96.874 Y110.3 E.01852
G1 X107.274 Y120.7 E.48561
G1 X107.836 Y120.7 E.01856
G1 X97.436 Y110.3 E.48561
G1 X97.997 Y110.3 E.01852
G1 X108.397 Y120.7 E.48561
G1 X108.959 Y120.7 E.01856
G1 X98.559 Y110.3 E.48561
G1 X99.12 Y110.3 E.01852
G1 X109.52 Y120.7 E.48561
G1 X110.082 Y120.7 E.01856
G1 X99.682 Y110.3 E.48561
G1 X100.243 Y110.3 E.01852
G1 X110.644 Y120.7 E.48564
G1 X111.205 Y120.7 E.01852
G1 X100.805 Y110.3 E.48561
G1 X101.366 Y110.3 E.01852
G1 X111.767 Y120.7 E.48564
G1 X112.328 Y120.7 E.01852
G1 X101.928 Y110.3 E.48561
G1 X102.49 Y110.3 E.01856
G1 X112.89 Y120.7 E.48561
G1 X113.451 Y120.7 E.01852
G1 X103.051 Y110.3 E.48561
G1 X103.613 Y110.3 E.01856
G1 X114.013 Y120.7 E.48561
G1 X114.574 Y120.7 E.01852
G1 X104.174 Y110.3 E.48561
G1 X104.736 Y110.3 E.01856
G1 X115.136 Y120.7 E.48561
G1 X115.698 Y120.7 E.01856
G1 X105.297 Y110.3 E.48564
G1 X105.859 Y110.3 E.01856
G1 X116.259 Y120.7 E.48561
G1 X116.821 Y120.7 E.01856
G1 X106.42 Y110.3 E.48564
G1 X106.982 Y110.3 E.01856
G1 X117.382 Y120.7 E.48561
G1 X117.944 Y120.7 E.01856
G1 X107.544 Y110.3 E.48561
G1 X108.105 Y110.3 E.01852
G1 X118.505 Y120.7 E.48561
G1 X119.067 Y120.7 E.01856
G1 X108.667 Y110.3 E.48561
G1 X109.228 Y110.3 E.01852
G1 X119.628 Y120.7 E.48561
G1 X120.19 Y120.7 E.01856
G1 X109.79 Y110.3 E.48561
G1 X110.351 Y110.3 E.01852
G1 X120.752 Y120.7 E.48564
G1 X121.313 Y120.7 E.01852
G1 X110.913 Y110.3 E.48561
G1 X111.474 Y110.3 E.01852
G1 X121.875 Y120.7 E.48564
G1 X122.436 Y120.7 E.01852
G1 X112.036 Y110.3 E.48561
G1 X112.598 Y110.3 E.01856
G1 X122.998 Y120.7 E.48561
G1 X123.559 Y120.7 E.01852
G1 X113.159 Y110.3 E.48561
G1 X113.721 Y110.3 E.01856
G1 X124.121 Y120.7 E.48561
G1 X124.682 Y120.7 E.01852
G1 X114.282 Y110.3 E.48561
G1 X114.844 Y110.3 E.01856
G1 X125.244 Y120.7 E.48561
G1 X125.806 Y120.7 E.01856
G1 X115.405 Y110.3 E.48564
G1 X115.967 Y110.3 E.01856
G1 X126.367 Y120.7 E.48561
G1 X126.929 Y120.7 E.01856
G1 X116.528 Y110.3 E.48564
G1 X117.09 Y110.3 E.01856
G1 X127.49 Y120.7 E.48561
G1 X128.052 Y120.7 E.01856
G1 X117.652 Y110.3 E.48561
G1 X118.213 Y110.3 E.01852
G1 X128.613 Y120.7 E.48561
G1 X129.175 Y120.7 E.01856
G1 X118.775 Y110.3 E.48561
G1 X119.336 Y110.3 E.01852
G1 X129.736 Y120.7 E.48561
G1 X130.298 Y120.7 E.01856
G1 X119.898 Y110.3 E.48561
G1 X120.459 Y110.3 E.01852
G1 X130.86 Y120.7 E.48564
G1 X131.421 Y120.7 E.01852
G1 X121.021 Y110.3 E.48561
G1 X121.582 Y110.3 E.01852
G1 X131.983 Y120.7 E.48564
G1 X132.544 Y120.7 E.01852
G1 X122.144 Y110.3 E.48561
G1 X122.706 Y110.3 E.01856
G1 X133.106 Y120.7 E.48561
G1 X133.667 Y120.7 E.01852
G1 X123.267 Y110.3 E.48561
G1 X123.829 Y110.3 E.01856
G1 X134.229 Y120.7 E.48561
G1 X134.79 Y120.7 E.01852
G1 X124.39 Y110.3 E.48561
G1 X124.952 Y110.3 E.01856
G1 X135.352 Y120.7 E.48561
G1 X135.914 Y120.7 E.01856
G1 X125.513 Y110.3 E.48564
G1 X126.075 Y110.3 E.01856
G1 X136.475 Y120.7 E.48561
G1 X137.037 Y120.7 E.01856
G1 X126.636 Y110.3 E.48564
G1 X127.198 Y110.3 E.01856
G1 X137.598 Y120.7 E.48561
G1 X138.16 Y120.7 E.01856
G1 X127.76 Y110.3 E.48561
G1 X128.321 Y110.3 E.01852
G1 X138.721 Y120.7 E.48561
G1 X139.283 Y120.7 E.01856
G1 X128.883 Y110.3 E.48561
G1 X129.444 Y110.3 E.01852
G1 X139.844 Y120.7 E.48561
G1 X140.406 Y120.7 E.01856
G1 X130.006 Y110.3 E.48561
G1 X130.567 Y110.3 E.01852
G1 X140.968 Y120.7 E.48564
G1 X141.529 Y120.7 E.01852
G1 X131.129 Y110.3 E.48561
G1 X131.69 Y110.3 E.01852
G1 X142.091 Y120.7 E.48564
G1 X142.652 Y120.7 E.01852
G1 X132.252 Y110.3 E.48561
G1 X132.814 Y110.3 E.01856
G1 X143.214 Y120.7 E.48561
G1 X143.775 Y120.7 E.01852
G1 X133.375 Y110.3 E.48561
G1 X133.937 Y110.3 E.01856
G1 X144.342 Y120.705 E.48585
G1 X144.911 Y120.713 E.01879
G1 X134.498 Y110.3 E.48622
G1 X135.06 Y110.3 E.01856
G1 X145.481 Y120.721 E.48659
G1 X146.051 Y120.729 E.01882
G1 X135.621 Y110.3 E.48699
G1 X136.183 Y110.3 E.01856
G1 X146.633 Y120.75 E.48795
G1 X147.219 Y120.775 E.01937
G1 X136.744 Y110.3 E.48911
G1 X137.306 Y110.3 E.01856
G1 X147.806 Y120.8 E.49028
G1 X148.393 Y120.825 E.0194
G1 X137.868 Y110.3 E.49145
G1 X138.429 Y110.3 E.01852
G1 X148.997 Y120.868 E.49346
G1 X149.602 Y120.911 E.02003
G1 X138.991 Y110.3 E.49546
G1 X139.552 Y110.3 E.01852
G1 X150.206 Y120.954 E.49747
G1 X150.819 Y121.005 E.02031
G1 X140.114 Y110.3 E.49985
G1 X140.675 Y110.3 E.01852
G1 X151.442 Y121.067 E.50275
G1 X152.066 Y121.129 E.0207
G1 X141.237 Y110.3 E.50564
G1 X141.798 Y110.3 E.01852
G1 X152.689 Y121.19 E.50851
G1 X153.332 Y121.272 E.0214
G1 X142.36 Y110.3 E.51232
G1 X142.922 Y110.3 E.01856
G1 X153.975 Y121.354 E.51613
G1 X154.619 Y121.436 E.02143
G1 X143.483 Y110.3 E.51998
G1 X144.044 Y110.299 E.01852
G1 X155.277 Y121.532 E.52451
G1 X155.943 Y121.636 E.02226
G1 X144.598 Y110.292 E.52971
G1 X145.152 Y110.284 E.01829
G1 X156.608 Y121.74 E.53492
G1 X157.283 Y121.853 E.0226
G1 X145.705 Y110.276 E.54059
G1 X146.257 Y110.266 E.01823
G1 X157.972 Y121.981 E.54701
G1 X158.662 Y122.109 E.02317
G1 X146.795 Y110.243 E.55409
G1 X147.334 Y110.22 E.01781
G1 X159.358 Y122.244 E.56144
G1 X160.073 Y122.397 E.02414
G1 X147.873 Y110.198 E.56964
G1 X148.41 Y110.173 E.01775
G1 X160.788 Y122.551 E.57797
G1 X161.511 Y122.713 E.02446
G1 X148.935 Y110.136 E.58724
G1 X149.459 Y110.099 E.01734
G1 X162.255 Y122.894 E.59747
G1 X162.998 Y123.076 E.02526
G1 X149.984 Y110.062 E.60767
G1 X150.508 Y110.025 E.01734
G1 X163.859 Y123.375 E.62338
;WIDTH:0.41146
G1 X163.952 Y123.469 E.00405
;WIDTH:0.38292
G1 X164.046 Y123.444 E.00275
;WIDTH:0.439999
G1 X164.804 Y123.607 E.0256
;WIDTH:0.38292
G1 X164.785 Y123.678 E.00208
G1 X164.856 Y123.659 E.00208
G1 X164.845 Y123.618 E.0012
;WIDTH:0.41146
G1 X164.69 Y123.554 E.00514
;WIDTH:0.439999
G1 X164.534 Y123.489 E.00558
G1 X151.02 Y109.975 E.63102
G1 X151.531 Y109.924 E.01696
G1 X165.304 Y123.697 E.64311
G1 X165.868 Y123.7 E.01862
G1 X152.042 Y109.874 E.64558
G1 X152.553 Y109.823 E.01696
G1 X166.43 Y123.7 E.64796
G1 X166.991 Y123.7 E.01852
G1 X153.055 Y109.764 E.65072
G1 X153.553 Y109.7 E.01658
G1 X167.553 Y123.7 E.65371
G1 X168.114 Y123.7 E.01852
G1 X154.051 Y109.636 E.65667
G1 X154.549 Y109.573 E.01657
G1 X168.676 Y123.7 E.65964
G1 X169.237 Y123.7 E.01852
G1 X155.042 Y109.505 E.66281
G1 X155.528 Y109.429 E.01624
G1 X169.799 Y123.7 E.66636
G1 X170.361 Y123.7 E.01856
G1 X156.013 Y109.353 E.66993
G1 X156.499 Y109.277 E.01624
G1 X170.922 Y123.7 E.67346
G1 X171.484 Y123.7 E.01856
G1 X156.984 Y109.201 E.67703
G1 X157.459 Y109.114 E.01594
G1 X172.045 Y123.7 E.68107
G1 X172.607 Y123.7 E.01856
G1 X157.933 Y109.026 E.68518
G1 X158.407 Y108.938 E.01592
G1 X173.168 Y123.7 E.68927
G1 X173.73 Y123.7 E.01856
G1 X158.88 Y108.85 E.6934
G1 X159.349 Y108.758 E.01578
G1 X174.291 Y123.7 E.69769
G1 X174.853 Y123.7 E.01856
G1 X159.812 Y108.659 E.70232
G1 X160.274 Y108.559 E.01561
G1 X175.415 Y123.7 E.70699
G1 X175.976 Y123.7 E.01852
G1 X160.736 Y108.46 E.71161
G1 X161.198 Y108.361 E.0156
G1 X176.538 Y123.7 E.71625
G1 X177.099 Y123.7 E.01852
G1 X161.652 Y108.253 E.72127
G1 X162.103 Y108.143 E.01533
G1 X177.661 Y123.7 E.72643
G1 X178.222 Y123.7 E.01852
G1 X162.555 Y108.033 E.73155
G1 X163.006 Y107.922 E.01534
G1 X178.784 Y123.7 E.73673
G1 X179.345 Y123.7 E.01852
G1 X163.456 Y107.81 E.74194
G1 X163.896 Y107.69 E.01506
G1 X179.907 Y123.7 E.74759
G1 X180.469 Y123.7 E.01856
G1 X164.337 Y107.569 E.75324
G1 X164.778 Y107.448 E.0151
G1 X181.03 Y123.7 E.75886
G1 X181.592 Y123.7 E.01856
G1 X165.219 Y107.327 E.76451
G1 X165.753 Y107.3 E.01765
G1 X182.153 Y123.7 E.76577
G1 X182.715 Y123.7 E.01856
G1 X166.315 Y107.3 E.76577
G1 X166.876 Y107.3 E.01852
G1 X183.276 Y123.7 E.76577
G1 X183.838 Y123.7 E.01856
G1 X167.438 Y107.3 E.76577
G1 X167.999 Y107.3 E.01852
G1 X184.399 Y123.7 E.76577
G1 X184.961 Y123.7 E.01856
G1 X168.561 Y107.3 E.76577
G1 X169.122 Y107.3 E.01852
G1 X185.523 Y123.7 E.7658
G1 X186.084 Y123.7 E.01852
G1 X169.684 Y107.3 E.76577
G1 X170.245 Y107.3 E.01852
G1 X186.646 Y123.7 E.7658
G1 X187.207 Y123.7 E.01852
G1 X170.807 Y107.3 E.76577
G1 X171.369 Y107.3 E.01856
G1 X187.769 Y123.7 E.76577
G1 X188.33 Y123.7 E.01852
G1 X171.93 Y107.3 E.76577
G1 X172.492 Y107.3 E.01856
G1 X188.892 Y123.7 E.76577
G1 X189.453 Y123.7 E.01852
G1 X173.053 Y107.3 E.76577
G1 X173.615 Y107.3 E.01856
G1 X190.015 Y123.7 E.76577
G1 X190.577 Y123.7 E.01856
G1 X174.176 Y107.3 E.7658
G1 X174.738 Y107.3 E.01856
G1 X191.138 Y123.7 E.76577
G1 X191.7 Y123.7 E.01856
G1 X175.299 Y107.3 E.7658
G1 X175.861 Y107.3 E.01856
G1 X192.261 Y123.7 E.76577
G1 X192.823 Y123.7 E.01856
G1 X176.423 Y107.3 E.76577
G1 X176.984 Y107.3 E.01852
G1 X193.384 Y123.7 E.76577
G1 X193.946 Y123.7 E.01856
G1 X177.546 Y107.3 E.76577
G1 X178.107 Y107.3 E.01852
G1 X194.507 Y123.7 E.76577
G1 X195.069 Y123.7 E.01856
G1 X178.669 Y107.3 E.76577
G1 X179.23 Y107.3 E.01852
G1 X195.631 Y123.7 E.7658
G1 X196.192 Y123.7 E.01852
G1 X179.792 Y107.3 E.76577
G1 X180.353 Y107.3 E.01852
G1 X196.7 Y123.647 E.7633
G1 X196.72 Y123.747 E.00337
;WIDTH:0.41146
G1 X196.74 Y123.848 E.00316
;WIDTH:0.38292
G1 X196.843 Y123.843 E.00292
;WIDTH:0.439999
G1 X196.7 Y123.085 E.02547
G1 X180.915 Y107.3 E.73706
G1 X181.477 Y107.3 E.01856
G1 X196.7 Y122.523 E.71081
G1 X196.7 Y121.962 E.01852
G1 X182.038 Y107.3 E.68462
G1 X182.6 Y107.3 E.01856
G1 X196.7 Y121.4 E.65838
G1 X196.7 Y120.839 E.01852
G1 X183.161 Y107.3 E.63218
G1 X183.723 Y107.3 E.01856
G1 X196.7 Y120.277 E.60594
G1 X196.7 Y119.716 E.01852
G1 X184.284 Y107.3 E.57975
G1 X184.846 Y107.3 E.01856
G1 X196.7 Y119.154 E.5535
G1 X196.7 Y118.593 E.01852
G1 X185.407 Y107.3 E.52731
G1 X185.969 Y107.3 E.01856
G1 X196.7 Y118.031 E.50107
G1 X196.7 Y117.469 E.01856
G1 X186.531 Y107.3 E.47483
G1 X187.092 Y107.3 E.01852
G1 X196.7 Y116.908 E.44863
G1 X196.7 Y116.346 E.01856
G1 X187.654 Y107.3 E.42239
G1 X188.215 Y107.3 E.01852
G1 X196.7 Y115.785 E.39619
G1 X196.7 Y115.223 E.01856
G1 X188.777 Y107.3 E.36995
G1 X189.338 Y107.3 E.01852
G1 X196.7 Y114.662 E.34376
G1 X196.7 Y114.1 E.01856
G1 X189.9 Y107.3 E.31752
G1 X190.461 Y107.3 E.01852
G1 X196.7 Y113.539 E.29132
G1 X196.7 Y112.977 E.01856
G1 X191.023 Y107.3 E.26508
G1 X191.585 Y107.3 E.01856
G1 X196.7 Y112.415 E.23884
G1 X196.7 Y111.854 E.01852
G1 X192.146 Y107.3 E.21264
G1 X192.708 Y107.3 E.01856
G1 X196.7 Y111.292 E.1864
G1 X196.7 Y110.731 E.01852
G1 X193.269 Y107.3 E.16021
G1 X193.831 Y107.3 E.01856
G1 X196.7 Y110.169 E.13396
G1 X196.7 Y109.608 E.01852
G1 X194.392 Y107.3 E.10777
G1 X194.954 Y107.3 E.01856
G1 X196.7 Y109.046 E.08153
G1 X196.779 Y109.102 E.0032
;WIDTH:0.41146
G1 X196.859 Y109.158 E.00299
;WIDTH:0.38292
G1 X196.84 Y109.229 E.00208
G1 X196.911 Y109.21 E.00208
G1 X196.9 Y109.169 E.0012
G1 X195.835 Y107.515 F9000
;WIDTH:0.588438
G1 F2400
G1 X196.626 Y108.305 E.05071
G1 X196.626 Y107.374 E.04223
G1 X195.695 Y107.374 E.04223
;LAYER_CHANGE
;Z:0.8
;HEIGHT:0.2
;BEFORE_LAYER_CHANGE
G92 E0
;0.8


G1 E-3.5 F3600
;WIPE_START
G1 F7200
G1 X196.626 Y107.374 E-.44223
G1 X196.626 Y108.305 E-.44223
G1 X195.835 Y107.515 E-.53102
;WIPE_END
G1 E-.08452 F3600
G1 Z.8 F9000
;AFTER_LAYER_CHANGE
;0.8
G1 X197.006 Y106.994
G1 E5 F2400
;TYPE:Perimeter
;WIDTH:0.439999
G1 X197.006 Y124.006 E.56169
G1 X165.276 Y124.006 E1.04764
G1 X163.313 Y123.467 E.06721
G1 X161.217 Y122.956 E.07123
G1 X159.095 Y122.5 E.07166
G1 X156.961 Y122.105 E.07166
G1 X154.817 Y121.769 E.07165
G1 X152.664 Y121.495 E.07166
G1 X150.504 Y121.281 E.07167
G1 X148.339 Y121.128 E.07166
G1 X146.17 Y121.036 E.07168
G1 X144.007 Y121.006 E.07142
G1 X86.993 Y121.006 E1.88245
G1 X84.83 Y121.036 E.07142
G1 X82.661 Y121.128 E.07168
G1 X80.496 Y121.281 E.07166
G1 X78.336 Y121.495 E.07167
G1 X76.183 Y121.769 E.07166
G1 X74.039 Y122.105 E.07165
G1 X71.905 Y122.5 E.07166
G1 X69.783 Y122.956 E.07166
G1 X67.674 Y123.471 E.07168
G1 X65.724 Y124.006 E.06676
G1 X33.994 Y124.006 E1.04764
G1 X33.994 Y106.994 E.56169
G1 X65.724 Y106.994 E1.04764
G1 X67.687 Y107.533 E.06721
G1 X69.783 Y108.044 E.07123
G1 X71.905 Y108.5 E.07166
G1 X74.039 Y108.895 E.07166
G1 X76.183 Y109.231 E.07165
G1 X78.336 Y109.505 E.07166
G1 X80.496 Y109.719 E.07167
G1 X82.661 Y109.872 E.07166
G1 X84.83 Y109.964 E.07168
G1 X86.993 Y109.994 E.07142
G1 X144.007 Y109.994 E1.88245
G1 X146.17 Y109.964 E.07142
G1 X148.339 Y109.872 E.07168
G1 X150.504 Y109.719 E.07166
G1 X152.664 Y109.505 E.07167
G1 X154.817 Y109.231 E.07166
G1 X156.961 Y108.895 E.07165
G1 X159.095 Y108.5 E.07166
G1 X161.217 Y108.044 E.07166
G1 X163.326 Y107.529 E.07168
G1 X165.276 Y106.994 E.06676
G1 X196.946 Y106.994 E1.04566
G1 X197.403 Y106.597 F9000
G1 F2400
G1 X197.403 Y124.403 E.58791
G1 X165.223 Y124.403 E1.0625
G1 X163.218 Y123.853 E.06865
G1 X161.129 Y123.343 E.071
G1 X159.018 Y122.889 E.07129
G1 X156.894 Y122.496 E.07132
G1 X154.761 Y122.163 E.07128
G1 X152.619 Y121.889 E.0713
G1 X150.47 Y121.677 E.0713
G1 X148.316 Y121.525 E.0713
G1 X146.159 Y121.433 E.07128
G1 X144.004 Y121.403 E.07116
G1 X86.996 Y121.403 E1.88225
G1 X84.841 Y121.433 E.07116
G1 X82.684 Y121.525 E.07128
G1 X80.53 Y121.677 E.0713
G1 X78.381 Y121.889 E.0713
G1 X76.239 Y122.163 E.0713
G1 X74.106 Y122.496 E.07128
G1 X71.983 Y122.889 E.07129
G1 X69.871 Y123.343 E.07133
G1 X67.774 Y123.855 E.07127
G1 X65.777 Y124.403 E.06837
G1 X33.597 Y124.403 E1.0625
G1 X33.597 Y106.597 E.58791
G1 X65.777 Y106.597 E1.0625
G1 X67.782 Y107.147 E.06865
G1 X69.871 Y107.657 E.071
G1 X71.983 Y108.111 E.07133
G1 X74.106 Y108.504 E.07129
G1 X76.239 Y108.837 E.07128
G1 X78.381 Y109.111 E.0713
G1 X80.53 Y109.323 E.0713
G1 X82.684 Y109.475 E.0713
G1 X84.841 Y109.567 E.07128
G1 X86.996 Y109.597 E.07116
G1 X144.004 Y109.597 E1.88225
G1 X146.159 Y109.567 E.07116
G1 X148.316 Y109.475 E.07128
G1 X150.47 Y109.323 E.0713
G1 X152.619 Y109.111 E.0713
G1 X154.761 Y108.837 E.0713
G1 X156.894 Y108.504 E.07128
G1 X159.018 Y108.111 E.07132
G1 X161.129 Y107.657 E.07129
G1 X163.226 Y107.145 E.07127
G1 X165.223 Y106.597 E.06837
G1 X197.343 Y106.597 E1.06051
G1 X197.79 Y106.21 F9000
;TYPE:External perimeter
;WIDTH:0.419999
G1 F1500
G1 X197.79 Y124.79 E.58256
G1 X165.171 Y124.79 E1.02274
G1 X163.126 Y124.229 E.06649
G1 X161.042 Y123.72 E.06726
G1 X158.942 Y123.269 E.06735
G1 X156.829 Y122.878 E.06738
G1 X154.707 Y122.546 E.06734
G1 X152.576 Y122.274 E.06736
G1 X150.438 Y122.062 E.06736
G1 X148.295 Y121.911 E.06736
G1 X146.148 Y121.82 E.06738
G1 X144 Y121.79 E.06736
G1 X86.997 Y121.79 E1.78729
G1 X84.852 Y121.82 E.06726
G1 X82.705 Y121.911 E.06738
G1 X80.562 Y122.062 E.06736
G1 X78.425 Y122.274 E.06733
G1 X76.293 Y122.546 E.06739
G1 X74.171 Y122.878 E.06734
G1 X72.058 Y123.269 E.06738
G1 X69.958 Y123.72 E.06735
G1 X67.871 Y124.23 E.06736
G1 X65.829 Y124.79 E.06639
G1 X33.21 Y124.79 E1.02274
G1 X33.21 Y106.21 E.58256
G1 X65.829 Y106.21 E1.02274
G1 X67.874 Y106.771 E.06649
G1 X69.958 Y107.28 E.06726
G1 X72.058 Y107.731 E.06735
G1 X74.171 Y108.122 E.06738
G1 X76.293 Y108.454 E.06734
G1 X78.424 Y108.726 E.06736
G1 X80.562 Y108.938 E.06736
G1 X82.705 Y109.089 E.06736
G1 X84.852 Y109.18 E.06738
G1 X87 Y109.21 E.06736
G1 X144.003 Y109.21 E1.78729
G1 X146.148 Y109.18 E.06726
G1 X148.295 Y109.089 E.06738
G1 X150.438 Y108.938 E.06736
G1 X152.576 Y108.726 E.06736
G1 X154.707 Y108.454 E.06736
G1 X156.829 Y108.122 E.06734
G1 X158.942 Y107.731 E.06738
G1 X161.042 Y107.28 E.06735
G1 X163.129 Y106.77 E.06736
G1 X165.171 Y106.21 E.06639
G1 X197.73 Y106.21 E1.02086
G1 X196.879 Y107.926 F9000
;TYPE:Internal infill
;WIDTH:0.44
G1 F3000
G1 X196.253 Y107.3 E.02923
G1 X195.69 Y107.3 E.01859
G1 X196.7 Y108.31 E.04716
G1 X196.7 Y108.873 E.01859
G1 X195.127 Y107.3 E.07345
G1 X194.564 Y107.3 E.01859
G1 X196.7 Y109.436 E.09974
G1 X196.7 Y109.999 E.01859
G1 X194.001 Y107.3 E.12603
G1 X193.438 Y107.3 E.01859
G1 X196.7 Y110.562 E.15231
G1 X196.7 Y111.125 E.01859
G1 X192.875 Y107.3 E.1786
G1 X192.312 Y107.3 E.01859
G1 X196.7 Y111.688 E.20489
G1 X196.7 Y112.251 E.01859
G1 X191.749 Y107.3 E.23118
G1 X191.186 Y107.3 E.01859
G1 X196.7 Y112.814 E.25747
G1 X196.7 Y113.377 E.01859
G1 X190.623 Y107.3 E.28376
G1 X190.06 Y107.3 E.01859
G1 X196.7 Y113.94 E.31004
G1 X196.7 Y114.503 E.01859
G1 X189.497 Y107.3 E.33633
G1 X188.934 Y107.3 E.01859
G1 X196.7 Y115.066 E.36262
G1 X196.7 Y115.629 E.01859
G1 X188.371 Y107.3 E.38891
G1 X187.808 Y107.3 E.01859
G1 X196.7 Y116.192 E.4152
G1 X196.7 Y116.755 E.01859
G1 X187.245 Y107.3 E.44149
G1 X186.682 Y107.3 E.01859
G1 X196.7 Y117.318 E.46778
G1 X196.7 Y117.881 E.01859
G1 X186.119 Y107.3 E.49406
G1 X185.556 Y107.3 E.01859
G1 X196.7 Y118.444 E.52035
G1 X196.7 Y119.007 E.01859
G1 X184.993 Y107.3 E.54664
G1 X184.43 Y107.3 E.01859
G1 X196.7 Y119.57 E.57293
G1 X196.7 Y120.133 E.01859
G1 X183.867 Y107.3 E.59922
G1 X183.304 Y107.3 E.01859
G1 X196.7 Y120.696 E.62551
G1 X196.7 Y121.259 E.01859
G1 X182.741 Y107.3 E.65179
G1 X182.178 Y107.3 E.01859
G1 X196.7 Y121.822 E.67808
G1 X196.7 Y122.385 E.01859
G1 X181.615 Y107.3 E.70437
G1 X181.052 Y107.3 E.01859
G1 X196.7 Y122.948 E.73066
G1 X196.7 Y123.511 E.01859
G1 X180.489 Y107.3 E.75695
G1 X179.926 Y107.3 E.01859
G1 X196.326 Y123.7 E.76577
G1 X195.763 Y123.7 E.01859
G1 X179.363 Y107.3 E.76577
G1 X178.8 Y107.3 E.01859
G1 X195.2 Y123.7 E.76577
G1 X194.637 Y123.7 E.01859
G1 X178.237 Y107.3 E.76577
G1 X177.674 Y107.3 E.01859
G1 X194.074 Y123.7 E.76577
G1 X193.511 Y123.7 E.01859
G1 X177.111 Y107.3 E.76577
G1 X176.548 Y107.3 E.01859
G1 X192.948 Y123.7 E.76577
G1 X192.385 Y123.7 E.01859
G1 X175.985 Y107.3 E.76577
G1 X175.422 Y107.3 E.01859
G1 X191.822 Y123.7 E.76577
G1 X191.259 Y123.7 E.01859
G1 X174.859 Y107.3 E.76577
G1 X174.296 Y107.3 E.01859
G1 X190.696 Y123.7 E.76577
G1 X190.133 Y123.7 E.01859
G1 X173.733 Y107.3 E.76577
G1 X173.17 Y107.3 E.01859
G1 X189.57 Y123.7 E.76577
G1 X189.007 Y123.7 E.01859
G1 X172.607 Y107.3 E.76577
G1 X172.044 Y107.3 E.01859
G1 X188.444 Y123.7 E.76577
G1 X187.881 Y123.7 E.01859
G1 X171.481 Y107.3 E.76577
G1 X170.918 Y107.3 E.01859
G1 X187.318 Y123.7 E.76577
G1 X186.755 Y123.7 E.01859
G1 X170.355 Y107.3 E.76577
G1 X169.792 Y107.3 E.01859
G1 X186.192 Y123.7 E.76577
G1 X185.629 Y123.7 E.01859
G1 X169.229 Y107.3 E.76577
G1 X168.666 Y107.3 E.01859
G1 X185.066 Y123.7 E.76577
G1 X184.503 Y123.7 E.01859
G1 X168.103 Y107.3 E.76577
G1 X167.54 Y107.3 E.01859
G1 X183.94 Y123.7 E.76577
G1 X183.377 Y123.7 E.01859
G1 X166.977 Y107.3 E.76577
G1 X166.414 Y107.3 E.01859
G1 X182.814 Y123.7 E.76577
G1 X182.251 Y123.7 E.01859
G1 X165.851 Y107.3 E.76577
G1 X165.294 Y107.306 E.01839
G1 X181.688 Y123.7 E.76549
G1 X181.125 Y123.7 E.01859
G1 X164.853 Y107.427 E.75982
G1 X164.411 Y107.549 E.01514
G1 X180.562 Y123.7 E.75415
G1 X179.999 Y123.7 E.01859
G1 X163.969 Y107.67 E.7485
G1 X163.527 Y107.791 E.01513
G1 X179.436 Y123.7 E.74285
G1 X178.873 Y123.7 E.01859
G1 X163.078 Y107.905 E.73752
G1 X162.625 Y108.015 E.01539
G1 X178.31 Y123.7 E.73239
G1 X177.747 Y123.7 E.01859
G1 X162.173 Y108.126 E.7272
G1 X161.721 Y108.236 E.01536
G1 X177.184 Y123.7 E.72205
G1 X176.621 Y123.7 E.01859
G1 X161.267 Y108.346 E.71693
G1 X160.804 Y108.446 E.01564
G1 X176.058 Y123.7 E.71226
G1 X175.495 Y123.7 E.01859
G1 X160.34 Y108.545 E.70764
G1 X159.877 Y108.645 E.01564
G1 X174.932 Y123.7 E.70297
G1 X174.369 Y123.7 E.01859
G1 X159.414 Y108.744 E.69832
G1 X158.945 Y108.838 E.01579
G1 X173.806 Y123.7 E.69394
G1 X173.243 Y123.7 E.01859
G1 X158.47 Y108.927 E.6898
G1 X157.995 Y109.015 E.01595
G1 X172.68 Y123.7 E.68569
G1 X172.117 Y123.7 E.01859
G1 X157.52 Y109.103 E.68159
G1 X157.045 Y109.191 E.01595
G1 X171.554 Y123.7 E.67748
G1 X170.991 Y123.7 E.01859
G1 X156.559 Y109.267 E.6739
G1 X156.072 Y109.344 E.01628
G1 X170.428 Y123.7 E.67033
G1 X169.865 Y123.7 E.01859
G1 X155.585 Y109.42 E.66678
G1 X155.098 Y109.496 E.01627
G1 X169.302 Y123.7 E.66323
G1 X168.739 Y123.7 E.01859
G1 X154.605 Y109.566 E.65997
G1 X154.106 Y109.629 E.01661
G1 X168.176 Y123.7 E.657
G1 X167.613 Y123.7 E.01859
G1 X153.606 Y109.693 E.65404
G1 X153.107 Y109.757 E.01661
G1 X167.051 Y123.7 E.65107
G1 X166.488 Y123.7 E.01859
G1 X152.605 Y109.818 E.64822
G1 X152.093 Y109.869 E.01699
G1 X165.925 Y123.7 E.64584
G1 X165.362 Y123.7 E.01859
G1 X151.581 Y109.919 E.64348
G1 X151.069 Y109.97 E.01699
G1 X164.603 Y123.504 E.63195
G1 X163.827 Y123.291 E.02657
G1 X150.557 Y110.021 E.61962
G1 X150.031 Y110.059 E.01741
G1 X163.064 Y123.092 E.60856
G1 X162.319 Y122.91 E.02532
G1 X149.505 Y110.096 E.59833
G1 X148.979 Y110.133 E.01741
G1 X161.574 Y122.728 E.5881
G1 X160.847 Y122.564 E.02461
G1 X148.453 Y110.17 E.57872
G1 X147.916 Y110.196 E.01775
G1 X160.13 Y122.41 E.57031
G1 X159.413 Y122.256 E.02421
G1 X147.376 Y110.218 E.56207
G1 X146.836 Y110.241 E.01785
G1 X158.713 Y122.119 E.5546
G1 X158.022 Y121.99 E.02321
G1 X146.295 Y110.264 E.54755
G1 X145.744 Y110.275 E.0182
G1 X157.331 Y121.862 E.54104
G1 X156.653 Y121.747 E.02271
G1 X145.189 Y110.283 E.53529
G1 X144.634 Y110.291 E.01833
G1 X155.986 Y121.643 E.53006
G1 X155.318 Y121.539 E.02232
G1 X144.078 Y110.299 E.52484
G1 X143.516 Y110.3 E.01856
G1 X154.657 Y121.441 E.52021
G1 X154.012 Y121.358 E.02147
G1 X142.953 Y110.3 E.51636
G1 X142.39 Y110.3 E.01859
G1 X153.367 Y121.276 E.51253
G1 X152.721 Y121.194 E.0215
G1 X141.828 Y110.3 E.50866
G1 X141.265 Y110.3 E.01859
G1 X152.096 Y121.132 E.50576
G1 X151.471 Y121.07 E.02074
G1 X140.702 Y110.3 E.50287
G1 X140.139 Y110.3 E.01859
G1 X150.846 Y121.008 E.49997
G1 X150.231 Y120.956 E.02038
G1 X139.576 Y110.3 E.49754
G1 X139.013 Y110.3 E.01859
G1 X149.625 Y120.913 E.49553
G1 X149.019 Y120.87 E.02006
G1 X138.45 Y110.3 E.49353
G1 X137.887 Y110.3 E.01859
G1 X148.414 Y120.827 E.49154
G1 X147.824 Y120.801 E.0195
G1 X137.324 Y110.3 E.49031
G1 X136.761 Y110.3 E.01859
G1 X147.236 Y120.776 E.48914
G1 X146.648 Y120.751 E.01943
G1 X136.198 Y110.3 E.48797
G1 X135.635 Y110.3 E.01859
G1 X146.064 Y120.73 E.48699
G1 X145.493 Y120.721 E.01886
G1 X135.072 Y110.3 E.48659
G1 X134.509 Y110.3 E.01859
G1 X144.922 Y120.713 E.48622
G1 X144.351 Y120.705 E.01885
G1 X133.946 Y110.3 E.48585
G1 X133.383 Y110.3 E.01859
G1 X143.783 Y120.7 E.48561
G1 X143.22 Y120.7 E.01859
G1 X132.82 Y110.3 E.48561
G1 X132.257 Y110.3 E.01859
G1 X142.657 Y120.7 E.48561
G1 X142.094 Y120.7 E.01859
G1 X131.694 Y110.3 E.48561
G1 X131.131 Y110.3 E.01859
G1 X141.531 Y120.7 E.48561
G1 X140.968 Y120.7 E.01859
G1 X130.568 Y110.3 E.48561
G1 X130.005 Y110.3 E.01859
G1 X140.405 Y120.7 E.48561
G1 X139.842 Y120.7 E.01859
G1 X129.442 Y110.3 E.48561
G1 X128.879 Y110.3 E.01859
G1 X139.279 Y120.7 E.48561
G1 X138.716 Y120.7 E.01859
G1 X128.316 Y110.3 E.48561
G1 X127.753 Y110.3 E.01859
G1 X138.153 Y120.7 E.48561
G1 X137.59 Y120.7 E.01859
G1 X127.19 Y110.3 E.48561
G1 X126.627 Y110.3 E.01859
G1 X137.027 Y120.7 E.48561
G1 X136.464 Y120.7 E.01859
G1 X126.064 Y110.3 E.48561
G1 X125.501 Y110.3 E.01859
G1 X135.901 Y120.7 E.48561
G1 X135.338 Y120.7 E.01859
G1 X124.938 Y110.3 E.48561
G1 X124.375 Y110.3 E.01859
G1 X134.775 Y120.7 E.48561
G1 X134.212 Y120.7 E.01859
G1 X123.812 Y110.3 E.48561
G1 X123.249 Y110.3 E.01859
G1 X133.649 Y120.7 E.48561
G1 X133.086 Y120.7 E.01859
G1 X122.686 Y110.3 E.48561
G1 X122.123 Y110.3 E.01859
G1 X132.523 Y120.7 E.48561
G1 X131.96 Y120.7 E.01859
G1 X121.56 Y110.3 E.48561
G1 X120.997 Y110.3 E.01859
G1 X131.397 Y120.7 E.48561
G1 X130.834 Y120.7 E.01859
G1 X120.434 Y110.3 E.48561
G1 X119.871 Y110.3 E.01859
G1 X130.271 Y120.7 E.48561
G1 X129.708 Y120.7 E.01859
G1 X119.308 Y110.3 E.48561
G1 X118.745 Y110.3 E.01859
G1 X129.145 Y120.7 E.48561
G1 X128.582 Y120.7 E.01859
G1 X118.182 Y110.3 E.48561
G1 X117.619 Y110.3 E.01859
G1 X128.019 Y120.7 E.48561
G1 X127.456 Y120.7 E.01859
G1 X117.056 Y110.3 E.48561
G1 X116.493 Y110.3 E.01859
G1 X126.893 Y120.7 E.48561
G1 X126.33 Y120.7 E.01859
G1 X115.93 Y110.3 E.48561
G1 X115.367 Y110.3 E.01859
G1 X125.767 Y120.7 E.48561
G1 X125.204 Y120.7 E.01859
G1 X114.804 Y110.3 E.48561
G1 X114.241 Y110.3 E.01859
G1 X124.641 Y120.7 E.48561
G1 X124.078 Y120.7 E.01859
G1 X113.678 Y110.3 E.48561
G1 X113.115 Y110.3 E.01859
G1 X123.515 Y120.7 E.48561
G1 X122.952 Y120.7 E.01859
G1 X112.552 Y110.3 E.48561
G1 X111.989 Y110.3 E.01859
G1 X122.389 Y120.7 E.48561
G1 X121.826 Y120.7 E.01859
G1 X111.426 Y110.3 E.48561
G1 X110.863 Y110.3 E.01859
G1 X121.263 Y120.7 E.48561
G1 X120.7 Y120.7 E.01859
G1 X110.3 Y110.3 E.48561
G1 X109.737 Y110.3 E.01859
G1 X120.137 Y120.7 E.48561
G1 X119.574 Y120.7 E.01859
G1 X109.174 Y110.3 E.48561
G1 X108.611 Y110.3 E.01859
G1 X119.011 Y120.7 E.48561
G1 X118.448 Y120.7 E.01859
G1 X108.048 Y110.3 E.48561
G1 X107.485 Y110.3 E.01859
G1 X117.885 Y120.7 E.48561
G1 X117.322 Y120.7 E.01859
G1 X106.922 Y110.3 E.48561
G1 X106.359 Y110.3 E.01859
G1 X116.759 Y120.7 E.48561
G1 X116.196 Y120.7 E.01859
G1 X105.796 Y110.3 E.48561
G1 X105.233 Y110.3 E.01859
G1 X115.633 Y120.7 E.48561
G1 X115.07 Y120.7 E.01859
G1 X104.67 Y110.3 E.48561
G1 X104.107 Y110.3 E.01859
G1 X114.507 Y120.7 E.48561
G1 X113.944 Y120.7 E.01859
G1 X103.544 Y110.3 E.48561
G1 X102.981 Y110.3 E.01859
G1 X113.381 Y120.7 E.48561
G1 X112.818 Y120.7 E.01859
G1 X102.418 Y110.3 E.48561
G1 X101.855 Y110.3 E.01859
G1 X112.255 Y120.7 E.48561
G1 X111.692 Y120.7 E.01859
G1 X101.292 Y110.3 E.48561
G1 X100.729 Y110.3 E.01859
G1 X111.129 Y120.7 E.48561
G1 X110.566 Y120.7 E.01859
G1 X100.166 Y110.3 E.48561
G1 X99.603 Y110.3 E.01859
G1 X110.003 Y120.7 E.48561
G1 X109.44 Y120.7 E.01859
G1 X99.04 Y110.3 E.48561
G1 X98.477 Y110.3 E.01859
G1 X108.877 Y120.7 E.48561
G1 X108.314 Y120.7 E.01859
G1 X97.914 Y110.3 E.48561
G1 X97.351 Y110.3 E.01859
G1 X107.751 Y120.7 E.48561
G1 X107.188 Y120.7 E.01859
G1 X96.788 Y110.3 E.48561
G1 X96.225 Y110.3 E.01859
G1 X106.625 Y120.7 E.48561
G1 X106.062 Y120.7 E.01859
G1 X95.662 Y110.3 E.48561
G1 X95.099 Y110.3 E.01859
G1 X105.499 Y120.7 E.48561
G1 X104.936 Y120.7 E.01859
G1 X94.536 Y110.3 E.48561
G1 X93.973 Y110.3 E.01859
G1 X104.373 Y120.7 E.48561
G1 X103.81 Y120.7 E.01859
G1 X93.41 Y110.3 E.48561
G1 X92.847 Y110.3 E.01859
G1 X103.247 Y120.7 E.48561
G1 X102.684 Y120.7 E.01859
G1 X92.284 Y110.3 E.48561
G1 X91.721 Y110.3 E.01859
G1 X102.121 Y120.7 E.48561
G1 X101.558 Y120.7 E.01859
G1 X91.158 Y110.3 E.48561
G1 X90.595 Y110.3 E.01859
G1 X100.995 Y120.7 E.48561
G1 X100.432 Y120.7 E.01859
G1 X90.032 Y110.3 E.48561
G1 X89.469 Y110.3 E.01859
G1 X99.869 Y120.7 E.48561
G1 X99.306 Y120.7 E.01859
G1 X88.906 Y110.3 E.48561
G1 X88.343 Y110.3 E.01859
G1 X98.744 Y120.7 E.48564
G1 X98.181 Y120.7 E.01859
G1 X87.78 Y110.3 E.48564
G1 X87.217 Y110.3 E.01859
G1 X97.618 Y120.7 E.48564
G1 X97.055 Y120.7 E.01859
G1 X86.649 Y110.295 E.48587
G1 X86.078 Y110.287 E.01885
G1 X96.492 Y120.7 E.48624
G1 X95.929 Y120.7 E.01859
G1 X85.507 Y110.279 E.48662
G1 X84.936 Y110.27 E.01886
G1 X95.366 Y120.7 E.48701
G1 X94.803 Y120.7 E.01859
G1 X84.352 Y110.249 E.48799
G1 X83.764 Y110.224 E.01943
G1 X94.24 Y120.7 E.48916
G1 X93.677 Y120.7 E.01859
G1 X83.176 Y110.199 E.49033
G1 X82.587 Y110.173 E.01947
G1 X93.114 Y120.7 E.49154
G1 X92.551 Y120.7 E.01859
G1 X81.981 Y110.13 E.49355
G1 X81.375 Y110.087 E.02006
G1 X91.988 Y120.7 E.49556
G1 X91.425 Y120.7 E.01859
G1 X80.769 Y110.044 E.49757
G1 X80.154 Y109.992 E.02038
G1 X90.862 Y120.7 E.49999
G1 X90.299 Y120.7 E.01859
G1 X79.529 Y109.93 E.50289
G1 X78.904 Y109.868 E.02074
G1 X89.736 Y120.7 E.50578
G1 X89.173 Y120.7 E.01859
G1 X78.279 Y109.806 E.50868
G1 X77.633 Y109.724 E.0215
G1 X88.61 Y120.7 E.51253
G1 X88.047 Y120.7 E.01859
G1 X76.988 Y109.642 E.51636
G1 X76.343 Y109.559 E.02147
G1 X87.484 Y120.7 E.52021
G1 X86.922 Y120.701 E.01856
G1 X75.682 Y109.461 E.52484
G1 X75.015 Y109.357 E.02229
G1 X86.367 Y120.709 E.53006
G1 X85.811 Y120.717 E.01836
G1 X74.347 Y109.253 E.53529
G1 X73.67 Y109.138 E.02267
G1 X85.256 Y120.725 E.54101
G1 X84.705 Y120.736 E.0182
G1 X72.978 Y109.01 E.54755
G1 X72.287 Y108.881 E.02321
G1 X84.164 Y120.759 E.5546
G1 X83.624 Y120.782 E.01785
G1 X71.587 Y108.744 E.56207
G1 X70.87 Y108.59 E.02421
G1 X83.084 Y120.804 E.57031
G1 X82.547 Y120.83 E.01775
G1 X70.153 Y108.436 E.57872
G1 X69.426 Y108.272 E.02461
G1 X82.021 Y120.867 E.5881
G1 X81.495 Y120.904 E.01741
G1 X68.681 Y108.09 E.59833
G1 X67.936 Y107.908 E.02532
G1 X80.969 Y120.941 E.60856
G1 X80.444 Y120.979 E.01738
G1 X67.173 Y107.709 E.61965
G1 X66.398 Y107.496 E.02654
G1 X79.931 Y121.03 E.63193
G1 X79.419 Y121.081 E.01699
G1 X65.639 Y107.3 E.64346
G1 X65.076 Y107.3 E.01859
G1 X78.907 Y121.131 E.64582
G1 X78.395 Y121.182 E.01699
G1 X64.513 Y107.3 E.6482
G1 X63.95 Y107.3 E.01859
G1 X77.893 Y121.243 E.65105
G1 X77.394 Y121.307 E.01661
G1 X63.387 Y107.3 E.65404
G1 X62.824 Y107.3 E.01859
G1 X76.894 Y121.371 E.657
G1 X76.395 Y121.434 E.01661
G1 X62.261 Y107.3 E.65997
G1 X61.698 Y107.3 E.01859
G1 X75.902 Y121.504 E.66323
G1 X75.415 Y121.58 E.01627
G1 X61.135 Y107.3 E.66678
G1 X60.572 Y107.3 E.01859
G1 X74.928 Y121.656 E.67033
G1 X74.441 Y121.733 E.01628
G1 X60.009 Y107.3 E.6739
G1 X59.446 Y107.3 E.01859
G1 X73.955 Y121.809 E.67748
G1 X73.48 Y121.897 E.01595
G1 X58.883 Y107.3 E.68159
G1 X58.32 Y107.3 E.01859
G1 X73.005 Y121.985 E.68569
G1 X72.53 Y122.073 E.01595
G1 X57.757 Y107.3 E.6898
G1 X57.194 Y107.3 E.01859
G1 X72.055 Y122.162 E.69394
G1 X71.587 Y122.256 E.01576
G1 X56.631 Y107.3 E.69835
G1 X56.068 Y107.3 E.01859
G1 X71.123 Y122.355 E.70297
G1 X70.66 Y122.455 E.01564
G1 X55.505 Y107.3 E.70764
G1 X54.942 Y107.3 E.01859
G1 X70.196 Y122.554 E.71226
G1 X69.733 Y122.654 E.01564
G1 X54.379 Y107.3 E.71693
G1 X53.816 Y107.3 E.01859
G1 X69.28 Y122.764 E.72207
G1 X68.827 Y122.874 E.01539
G1 X53.253 Y107.3 E.7272
G1 X52.69 Y107.3 E.01859
G1 X68.375 Y122.985 E.73239
G1 X67.922 Y123.095 E.01539
G1 X52.127 Y107.3 E.73752
G1 X51.564 Y107.3 E.01859
G1 X67.473 Y123.209 E.74285
G1 X67.031 Y123.33 E.01513
G1 X51.001 Y107.3 E.7485
G1 X50.438 Y107.3 E.01859
G1 X66.589 Y123.451 E.75415
G1 X66.148 Y123.573 E.01511
G1 X49.875 Y107.3 E.75984
G1 X49.312 Y107.3 E.01859
G1 X65.706 Y123.694 E.76549
G1 X65.149 Y123.7 E.01839
G1 X48.749 Y107.3 E.76577
G1 X48.186 Y107.3 E.01859
G1 X64.586 Y123.7 E.76577
G1 X64.023 Y123.7 E.01859
G1 X47.623 Y107.3 E.76577
G1 X47.06 Y107.3 E.01859
G1 X63.46 Y123.7 E.76577
G1 X62.897 Y123.7 E.01859
G1 X46.497 Y107.3 E.76577
G1 X45.934 Y107.3 E.01859
G1 X62.334 Y123.7 E.76577
G1 X61.771 Y123.7 E.01859
G1 X45.371 Y107.3 E.76577
G1 X44.808 Y107.3 E.01859
G1 X61.208 Y123.7 E.76577
G1 X60.645 Y123.7 E.01859
G1 X44.245 Y107.3 E.76577
G1 X43.682 Y107.3 E.01859
G1 X60.082 Y123.7 E.76577
G1 X59.519 Y123.7 E.01859
G1 X43.119 Y107.3 E.76577
G1 X42.556 Y107.3 E.01859
G1 X58.956 Y123.7 E.76577
G1 X58.393 Y123.7 E.01859
G1 X41.993 Y107.3 E.76577
G1 X41.43 Y107.3 E.01859
G1 X57.83 Y123.7 E.76577
G1 X57.267 Y123.7 E.01859
G1 X40.867 Y107.3 E.76577
G1 X40.304 Y107.3 E.01859
G1 X56.704 Y123.7 E.76577
G1 X56.141 Y123.7 E.01859
G1 X39.741 Y107.3 E.76577
G1 X39.178 Y107.3 E.01859
G1 X55.578 Y123.7 E.76577
G1 X55.015 Y123.7 E.01859
G1 X38.615 Y107.3 E.76577
G1 X38.052 Y107.3 E.01859
G1 X54.452 Y123.7 E.76577
G1 X53.889 Y123.7 E.01859
G1 X37.489 Y107.3 E.76577
G1 X36.926 Y107.3 E.01859
G1 X53.326 Y123.7 E.76577
G1 X52.763 Y123.7 E.01859
G1 X36.363 Y107.3 E.76577
G1 X35.8 Y107.3 E.01859
G1 X52.2 Y123.7 E.76577
G1 X51.637 Y123.7 E.01859
G1 X35.237 Y107.3 E.76577
G1 X34.674 Y107.3 E.01859
G1 X51.074 Y123.7 E.76577
G1 X50.511 Y123.7 E.01859
G1 X34.3 Y107.489 E.75695
G1 X34.3 Y108.052 E.01859
G1 X49.948 Y123.7 E.73066
G1 X49.385 Y123.7 E.01859
G1 X34.3 Y108.615 E.70437
G1 X34.3 Y109.178 E.01859
G1 X48.822 Y123.7 E.67808
G1 X48.259 Y123.7 E.01859
G1 X34.3 Y109.741 E.65179
G1 X34.3 Y110.304 E.01859
G1 X47.696 Y123.7 E.62551
G1 X47.133 Y123.7 E.01859
G1 X34.3 Y110.867 E.59922
G1 X34.3 Y111.43 E.01859
G1 X46.57 Y123.7 E.57293
G1 X46.007 Y123.7 E.01859
G1 X34.3 Y111.993 E.54664
G1 X34.3 Y112.556 E.01859
G1 X45.444 Y123.7 E.52035
G1 X44.881 Y123.7 E.01859
G1 X34.3 Y113.119 E.49406
G1 X34.3 Y113.682 E.01859
G1 X44.318 Y123.7 E.46778
G1 X43.755 Y123.7 E.01859
G1 X34.3 Y114.245 E.44149
G1 X34.3 Y114.808 E.01859
G1 X43.192 Y123.7 E.4152
G1 X42.629 Y123.7 E.01859
G1 X34.3 Y115.371 E.38891
G1 X34.3 Y115.934 E.01859
G1 X42.066 Y123.7 E.36262
G1 X41.503 Y123.7 E.01859
G1 X34.3 Y116.497 E.33633
G1 X34.3 Y117.06 E.01859
G1 X40.94 Y123.7 E.31004
G1 X40.377 Y123.7 E.01859
G1 X34.3 Y117.623 E.28376
G1 X34.3 Y118.186 E.01859
G1 X39.814 Y123.7 E.25747
G1 X39.251 Y123.7 E.01859
G1 X34.3 Y118.749 E.23118
G1 X34.3 Y119.312 E.01859
G1 X38.688 Y123.7 E.20489
G1 X38.125 Y123.7 E.01859
G1 X34.3 Y119.875 E.1786
G1 X34.3 Y120.438 E.01859
G1 X37.562 Y123.7 E.15231
G1 X37 Y123.7 E.01856
G1 X34.3 Y121.001 E.12605
G1 X34.3 Y121.563 E.01856
G1 X36.437 Y123.7 E.09978
G1 X35.874 Y123.7 E.01859
G1 X34.3 Y122.126 E.0735
G1 X34.3 Y122.689 E.01859
G1 X35.311 Y123.7 E.04721
G1 X34.748 Y123.7 E.01859
G1 X34.121 Y123.074 E.02925
;LAYER_CHANGE
;Z:1
;HEIGHT:0.2
;BEFORE_LAYER_CHANGE
G92 E0
;1


G1 E-3.5 F3600
;WIPE_START
G1 F7200
G1 X34.748 Y123.7 E-.42085
G1 X35.311 Y123.7 E-.26743
G1 X34.3 Y122.689 E-.67914
G1 X34.3 Y122.41 E-.13258
;WIPE_END
G1 Z1 F9000
;AFTER_LAYER_CHANGE
;1
G1 X33.994 Y124.006
G1 E5 F2400
;TYPE:Perimeter
;WIDTH:0.439999
G1 X33.994 Y106.994 E.56169
G1 X65.724 Y106.994 E1.04764
G1 X67.687 Y107.533 E.06721
G1 X69.783 Y108.044 E.07123
G1 X71.905 Y108.5 E.07166
G1 X74.039 Y108.895 E.07166
G1 X76.183 Y109.231 E.07165
G1 X78.336 Y109.505 E.07166
G1 X80.496 Y109.719 E.07167
G1 X82.661 Y109.872 E.07166
G1 X84.83 Y109.964 E.07168
G1 X86.993 Y109.994 E.07142
G1 X144.007 Y109.994 E1.88245
G1 X146.17 Y109.964 E.07142
G1 X148.339 Y109.872 E.07168
G1 X150.504 Y109.719 E.07166
G1 X152.664 Y109.505 E.07167
G1 X154.817 Y109.231 E.07166
G1 X156.961 Y108.895 E.07165
G1 X159.095 Y108.5 E.07166
G1 X161.217 Y108.045 E.07166
G1 X163.326 Y107.529 E.07169
G1 X165.276 Y106.994 E.06676
G1 X197.006 Y106.994 E1.04764
G1 X197.006 Y124.006 E.56169
G1 X165.276 Y124.006 E1.04764
G1 X163.313 Y123.467 E.06721
G1 X161.217 Y122.956 E.07123
G1 X159.095 Y122.5 E.07166
G1 X156.961 Y122.105 E.07166
G1 X154.817 Y121.769 E.07165
G1 X152.664 Y121.495 E.07166
G1 X150.504 Y121.281 E.07167
G1 X148.339 Y121.128 E.07166
G1 X146.17 Y121.036 E.07168
G1 X144.007 Y121.006 E.07142
G1 X86.993 Y121.006 E1.88245
G1 X84.83 Y121.036 E.07142
G1 X82.661 Y121.128 E.07168
G1 X80.496 Y121.281 E.07166
G1 X78.336 Y121.495 E.07167
G1 X76.183 Y121.769 E.07166
G1 X74.039 Y122.105 E.07165
G1 X71.905 Y122.5 E.07166
G1 X69.783 Y122.956 E.07166
G1 X67.674 Y123.471 E.07168
G1 X65.724 Y124.006 E.06676
G1 X34.054 Y124.006 E1.04566
G1 X33.597 Y124.403 F9000
G1 F2400
G1 X33.597 Y106.597 E.58791
G1 X65.777 Y106.597 E1.0625
G1 X67.782 Y107.147 E.06865
G1 X69.871 Y107.657 E.071
G1 X71.983 Y108.111 E.07133
G1 X74.106 Y108.504 E.07129
G1 X76.239 Y108.837 E.07128
G1 X78.381 Y109.111 E.0713
G1 X80.53 Y109.323 E.0713
G1 X82.684 Y109.475 E.0713
G1 X84.841 Y109.567 E.07128
G1 X86.996 Y109.597 E.07116
G1 X144.004 Y109.597 E1.88225
G1 X146.159 Y109.567 E.07116
G1 X148.316 Y109.475 E.07128
G1 X150.47 Y109.323 E.0713
G1 X152.619 Y109.111 E.0713
G1 X154.761 Y108.837 E.0713
G1 X156.894 Y108.504 E.07128
G1 X159.018 Y108.111 E.07132
G1 X161.129 Y107.657 E.07129
G1 X163.226 Y107.145 E.07127
G1 X165.223 Y106.597 E.06837
G1 X197.403 Y106.597 E1.0625
G1 X197.403 Y124.403 E.58791
G1 X165.223 Y124.403 E1.0625
G1 X163.218 Y123.853 E.06865
G1 X161.129 Y123.343 E.071
G1 X159.017 Y122.889 E.07133
G1 X156.894 Y122.496 E.07129
G1 X154.761 Y122.163 E.07128
G1 X152.619 Y121.889 E.0713
G1 X150.47 Y121.677 E.0713
G1 X148.316 Y121.525 E.0713
G1 X146.159 Y121.433 E.07128
G1 X144.004 Y121.403 E.07116
G1 X86.996 Y121.403 E1.88225
G1 X84.841 Y121.433 E.07116
G1 X82.684 Y121.525 E.07128
G1 X80.53 Y121.677 E.0713
G1 X78.381 Y121.889 E.0713
G1 X76.239 Y122.163 E.0713
G1 X74.106 Y122.496 E.07128
G1 X71.983 Y122.889 E.07129
G1 X69.871 Y123.343 E.07133
G1 X67.774 Y123.855 E.07127
G1 X65.777 Y124.403 E.06837
G1 X33.657 Y124.403 E1.06051
G1 X33.21 Y124.79 F9000
;TYPE:External perimeter
;WIDTH:0.419999
G1 F1500
G1 X33.21 Y106.21 E.58256
G1 X65.829 Y106.21 E1.02274
G1 X67.874 Y106.771 E.06649
G1 X69.958 Y107.28 E.06726
G1 X72.058 Y107.731 E.06735
G1 X74.171 Y108.122 E.06738
G1 X76.293 Y108.454 E.06734
G1 X78.425 Y108.726 E.06739
G1 X80.562 Y108.938 E.06733
G1 X82.705 Y109.089 E.06736
G1 X84.852 Y109.18 E.06738
G1 X87 Y109.21 E.06736
G1 X144.003 Y109.21 E1.78729
G1 X146.148 Y109.18 E.06726
G1 X148.295 Y109.089 E.06738
G1 X150.438 Y108.938 E.06736
G1 X152.576 Y108.726 E.06736
G1 X154.707 Y108.454 E.06736
G1 X156.829 Y108.122 E.06734
G1 X158.942 Y107.731 E.06738
G1 X161.042 Y107.28 E.06735
G1 X163.129 Y106.77 E.06736
G1 X165.171 Y106.21 E.06639
G1 X197.79 Y106.21 E1.02274
G1 X197.79 Y124.79 E.58256
G1 X165.171 Y124.79 E1.02274
G1 X163.126 Y124.229 E.06649
G1 X161.042 Y123.72 E.06726
G1 X158.942 Y123.269 E.06735
G1 X156.829 Y122.878 E.06738
G1 X154.707 Y122.546 E.06734
G1 X152.576 Y122.274 E.06736
G1 X150.438 Y122.062 E.06736
G1 X148.295 Y121.911 E.06736
G1 X146.148 Y121.82 E.06738
G1 X144 Y121.79 E.06736
G1 X86.997 Y121.79 E1.78729
G1 X84.852 Y121.82 E.06726
G1 X82.705 Y121.911 E.06738
G1 X80.562 Y122.062 E.06736
G1 X78.425 Y122.274 E.06733
G1 X76.293 Y122.546 E.06739
G1 X74.171 Y122.878 E.06734
G1 X72.058 Y123.269 E.06738
G1 X69.958 Y123.72 E.06735
G1 X67.871 Y124.23 E.06736
G1 X65.829 Y124.79 E.06639
G1 X33.27 Y124.79 E1.02086
G1 X34.121 Y123.074 F9000
;TYPE:Internal infill
;WIDTH:0.44
G1 F3000
G1 X34.748 Y123.7 E.02925
G1 X35.311 Y123.7 E.01859
G1 X34.3 Y122.689 E.04721
G1 X34.3 Y122.126 E.01859
G1 X35.874 Y123.7 E.0735
G1 X36.437 Y123.7 E.01859
G1 X34.3 Y121.563 E.09978
G1 X34.3 Y121.001 E.01856
G1 X37 Y123.7 E.12605
G1 X37.562 Y123.7 E.01856
G1 X34.3 Y120.438 E.15231
G1 X34.3 Y119.875 E.01859
G1 X38.125 Y123.7 E.1786
G1 X38.688 Y123.7 E.01859
G1 X34.3 Y119.312 E.20489
G1 X34.3 Y118.749 E.01859
G1 X39.251 Y123.7 E.23118
G1 X39.814 Y123.7 E.01859
G1 X34.3 Y118.186 E.25747
G1 X34.3 Y117.623 E.01859
G1 X40.377 Y123.7 E.28376
G1 X40.94 Y123.7 E.01859
G1 X34.3 Y117.06 E.31004
G1 X34.3 Y116.497 E.01859
G1 X41.503 Y123.7 E.33633
G1 X42.066 Y123.7 E.01859
G1 X34.3 Y115.934 E.36262
G1 X34.3 Y115.371 E.01859
G1 X42.629 Y123.7 E.38891
G1 X43.192 Y123.7 E.01859
G1 X34.3 Y114.808 E.4152
G1 X34.3 Y114.245 E.01859
G1 X43.755 Y123.7 E.44149
G1 X44.318 Y123.7 E.01859
G1 X34.3 Y113.682 E.46778
G1 X34.3 Y113.119 E.01859
G1 X44.881 Y123.7 E.49406
G1 X45.444 Y123.7 E.01859
G1 X34.3 Y112.556 E.52035
G1 X34.3 Y111.993 E.01859
G1 X46.007 Y123.7 E.54664
G1 X46.57 Y123.7 E.01859
G1 X34.3 Y111.43 E.57293
G1 X34.3 Y110.867 E.01859
G1 X47.133 Y123.7 E.59922
G1 X47.696 Y123.7 E.01859
G1 X34.3 Y110.304 E.62551
G1 X34.3 Y109.741 E.01859
G1 X48.259 Y123.7 E.65179
G1 X48.822 Y123.7 E.01859
G1 X34.3 Y109.178 E.67808
G1 X34.3 Y108.615 E.01859
G1 X49.385 Y123.7 E.70437
G1 X49.948 Y123.7 E.01859
G1 X34.3 Y108.052 E.73066
G1 X34.3 Y107.489 E.01859
G1 X50.511 Y123.7 E.75695
G1 X51.074 Y123.7 E.01859
G1 X34.674 Y107.3 E.76577
G1 X35.237 Y107.3 E.01859
G1 X51.637 Y123.7 E.76577
G1 X52.2 Y123.7 E.01859
G1 X35.8 Y107.3 E.76577
G1 X36.363 Y107.3 E.01859
G1 X52.763 Y123.7 E.76577
G1 X53.326 Y123.7 E.01859
G1 X36.926 Y107.3 E.76577
G1 X37.489 Y107.3 E.01859
G1 X53.889 Y123.7 E.76577
G1 X54.452 Y123.7 E.01859
G1 X38.052 Y107.3 E.76577
G1 X38.615 Y107.3 E.01859
G1 X55.015 Y123.7 E.76577
G1 X55.578 Y123.7 E.01859
G1 X39.178 Y107.3 E.76577
G1 X39.741 Y107.3 E.01859
G1 X56.141 Y123.7 E.76577
G1 X56.704 Y123.7 E.01859
G1 X40.304 Y107.3 E.76577
G1 X40.867 Y107.3 E.01859
G1 X57.267 Y123.7 E.76577
G1 X57.83 Y123.7 E.01859
G1 X41.43 Y107.3 E.76577
G1 X41.993 Y107.3 E.01859
G1 X58.393 Y123.7 E.76577
G1 X58.956 Y123.7 E.01859
G1 X42.556 Y107.3 E.76577
G1 X43.119 Y107.3 E.01859
G1 X59.519 Y123.7 E.76577
G1 X60.082 Y123.7 E.01859
G1 X43.682 Y107.3 E.76577
G1 X44.245 Y107.3 E.01859
G1 X60.645 Y123.7 E.76577
G1 X61.208 Y123.7 E.01859
G1 X44.808 Y107.3 E.76577
G1 X45.371 Y107.3 E.01859
G1 X61.771 Y123.7 E.76577
G1 X62.334 Y123.7 E.01859
G1 X45.934 Y107.3 E.76577
G1 X46.497 Y107.3 E.01859
G1 X62.897 Y123.7 E.76577
G1 X63.46 Y123.7 E.01859
G1 X47.06 Y107.3 E.76577
G1 X47.623 Y107.3 E.01859
G1 X64.023 Y123.7 E.76577
G1 X64.586 Y123.7 E.01859
G1 X48.186 Y107.3 E.76577
G1 X48.749 Y107.3 E.01859
G1 X65.149 Y123.7 E.76577
G1 X65.706 Y123.694 E.01839
G1 X49.312 Y107.3 E.76549
G1 X49.875 Y107.3 E.01859
G1 X66.148 Y123.573 E.75984
G1 X66.589 Y123.451 E.01511
G1 X50.438 Y107.3 E.75415
G1 X51.001 Y107.3 E.01859
G1 X67.031 Y123.33 E.7485
G1 X67.473 Y123.209 E.01513
G1 X51.564 Y107.3 E.74285
G1 X52.127 Y107.3 E.01859
G1 X67.922 Y123.095 E.73752
G1 X68.375 Y122.985 E.01539
G1 X52.69 Y107.3 E.73239
G1 X53.253 Y107.3 E.01859
G1 X68.827 Y122.874 E.7272
G1 X69.28 Y122.764 E.01539
G1 X53.816 Y107.3 E.72207
G1 X54.379 Y107.3 E.01859
G1 X69.733 Y122.654 E.71693
G1 X70.196 Y122.554 E.01564
G1 X54.942 Y107.3 E.71226
G1 X55.505 Y107.3 E.01859
G1 X70.66 Y122.455 E.70764
G1 X71.123 Y122.355 E.01564
G1 X56.068 Y107.3 E.70297
G1 X56.631 Y107.3 E.01859
G1 X71.587 Y122.256 E.69835
G1 X72.055 Y122.162 E.01576
G1 X57.194 Y107.3 E.69394
G1 X57.757 Y107.3 E.01859
G1 X72.53 Y122.073 E.6898
G1 X73.005 Y121.985 E.01595
G1 X58.32 Y107.3 E.68569
G1 X58.883 Y107.3 E.01859
G1 X73.48 Y121.897 E.68159
G1 X73.955 Y121.809 E.01595
G1 X59.446 Y107.3 E.67748
G1 X60.009 Y107.3 E.01859
G1 X74.441 Y121.733 E.6739
G1 X74.928 Y121.656 E.01628
G1 X60.572 Y107.3 E.67033
G1 X61.135 Y107.3 E.01859
G1 X75.415 Y121.58 E.66678
G1 X75.902 Y121.504 E.01627
G1 X61.698 Y107.3 E.66323
G1 X62.261 Y107.3 E.01859
G1 X76.395 Y121.434 E.65997
G1 X76.894 Y121.371 E.01661
G1 X62.824 Y107.3 E.657
G1 X63.387 Y107.3 E.01859
G1 X77.394 Y121.307 E.65404
G1 X77.893 Y121.243 E.01661
G1 X63.95 Y107.3 E.65105
G1 X64.513 Y107.3 E.01859
G1 X78.395 Y121.182 E.6482
G1 X78.907 Y121.131 E.01699
G1 X65.076 Y107.3 E.64582
G1 X65.639 Y107.3 E.01859
G1 X79.419 Y121.081 E.64346
G1 X79.931 Y121.03 E.01699
G1 X66.398 Y107.496 E.63193
G1 X67.173 Y107.709 E.02654
G1 X80.444 Y120.979 E.61965
G1 X80.969 Y120.941 E.01738
G1 X67.936 Y107.908 E.60856
G1 X68.681 Y108.09 E.02532
G1 X81.495 Y120.904 E.59833
G1 X82.021 Y120.867 E.01741
G1 X69.426 Y108.272 E.5881
G1 X70.153 Y108.436 E.02461
G1 X82.547 Y120.83 E.57872
G1 X83.084 Y120.804 E.01775
G1 X70.87 Y108.59 E.57031
G1 X71.587 Y108.744 E.02421
G1 X83.624 Y120.782 E.56207
G1 X84.164 Y120.759 E.01785
G1 X72.287 Y108.881 E.5546
G1 X72.978 Y109.01 E.02321
G1 X84.705 Y120.736 E.54755
G1 X85.256 Y120.725 E.0182
G1 X73.67 Y109.138 E.54101
G1 X74.347 Y109.253 E.02267
G1 X85.811 Y120.717 E.53529
G1 X86.367 Y120.709 E.01836
G1 X75.015 Y109.357 E.53006
G1 X75.682 Y109.461 E.02229
G1 X86.922 Y120.701 E.52484
G1 X87.484 Y120.7 E.01856
G1 X76.343 Y109.559 E.52021
G1 X76.988 Y109.642 E.02147
G1 X88.047 Y120.7 E.51636
G1 X88.61 Y120.7 E.01859
G1 X77.633 Y109.724 E.51253
G1 X78.279 Y109.806 E.0215
G1 X89.173 Y120.7 E.50868
G1 X89.736 Y120.7 E.01859
G1 X78.904 Y109.868 E.50578
G1 X79.529 Y109.93 E.02074
G1 X90.299 Y120.7 E.50289
G1 X90.862 Y120.7 E.01859
G1 X80.154 Y109.992 E.49999
G1 X80.769 Y110.044 E.02038
G1 X91.425 Y120.7 E.49757
G1 X91.988 Y120.7 E.01859
G1 X81.375 Y110.087 E.49556
G1 X81.981 Y110.13 E.02006
G1 X92.551 Y120.7 E.49355
G1 X93.114 Y120.7 E.01859
G1 X82.587 Y110.173 E.49154
G1 X83.176 Y110.199 E.01947
G1 X93.677 Y120.7 E.49033
G1 X94.24 Y120.7 E.01859
G1 X83.764 Y110.224 E.48916
G1 X84.352 Y110.249 E.01943
G1 X94.803 Y120.7 E.48799
G1 X95.366 Y120.7 E.01859
G1 X84.936 Y110.27 E.48701
G1 X85.507 Y110.279 E.01886
G1 X95.929 Y120.7 E.48662
G1 X96.492 Y120.7 E.01859
G1 X86.078 Y110.287 E.48624
G1 X86.649 Y110.295 E.01885
G1 X97.055 Y120.7 E.48587
G1 X97.618 Y120.7 E.01859
G1 X87.217 Y110.3 E.48564
G1 X87.78 Y110.3 E.01859
G1 X98.181 Y120.7 E.48564
G1 X98.744 Y120.7 E.01859
G1 X88.343 Y110.3 E.48564
G1 X88.906 Y110.3 E.01859
G1 X99.306 Y120.7 E.48561
G1 X99.869 Y120.7 E.01859
G1 X89.469 Y110.3 E.48561
G1 X90.032 Y110.3 E.01859
G1 X100.432 Y120.7 E.48561
G1 X100.995 Y120.7 E.01859
G1 X90.595 Y110.3 E.48561
G1 X91.158 Y110.3 E.01859
G1 X101.558 Y120.7 E.48561
G1 X102.121 Y120.7 E.01859
G1 X91.721 Y110.3 E.48561
G1 X92.284 Y110.3 E.01859
G1 X102.684 Y120.7 E.48561
G1 X103.247 Y120.7 E.01859
G1 X92.847 Y110.3 E.48561
G1 X93.41 Y110.3 E.01859
G1 X103.81 Y120.7 E.48561
G1 X104.373 Y120.7 E.01859
G1 X93.973 Y110.3 E.48561
G1 X94.536 Y110.3 E.01859
G1 X104.936 Y120.7 E.48561
G1 X105.499 Y120.7 E.01859
G1 X95.099 Y110.3 E.48561
G1 X95.662 Y110.3 E.01859
G1 X106.062 Y120.7 E.48561
G1 X106.625 Y120.7 E.01859
G1 X96.225 Y110.3 E.48561
G1 X96.788 Y110.3 E.01859
G1 X107.188 Y120.7 E.48561
G1 X107.751 Y120.7 E.01859
G1 X97.351 Y110.3 E.48561
G1 X97.914 Y110.3 E.01859
G1 X108.314 Y120.7 E.48561
G1 X108.877 Y120.7 E.01859
G1 X98.477 Y110.3 E.48561
G1 X99.04 Y110.3 E.01859
G1 X109.44 Y120.7 E.48561
G1 X110.003 Y120.7 E.01859
G1 X99.603 Y110.3 E.48561
G1 X100.166 Y110.3 E.01859
G1 X110.566 Y120.7 E.48561
G1 X111.129 Y120.7 E.01859
G1 X100.729 Y110.3 E.48561
G1 X101.292 Y110.3 E.01859
G1 X111.692 Y120.7 E.48561
G1 X112.255 Y120.7 E.01859
G1 X101.855 Y110.3 E.48561
G1 X102.418 Y110.3 E.01859
G1 X112.818 Y120.7 E.48561
G1 X113.381 Y120.7 E.01859
G1 X102.981 Y110.3 E.48561
G1 X103.544 Y110.3 E.01859
G1 X113.944 Y120.7 E.48561
G1 X114.507 Y120.7 E.01859
G1 X104.107 Y110.3 E.48561
G1 X104.67 Y110.3 E.01859
G1 X115.07 Y120.7 E.48561
G1 X115.633 Y120.7 E.01859
G1 X105.233 Y110.3 E.48561
G1 X105.796 Y110.3 E.01859
G1 X116.196 Y120.7 E.48561
G1 X116.759 Y120.7 E.01859
G1 X106.359 Y110.3 E.48561
G1 X106.922 Y110.3 E.01859
G1 X117.322 Y120.7 E.48561
G1 X117.885 Y120.7 E.01859
G1 X107.485 Y110.3 E.48561
G1 X108.048 Y110.3 E.01859
G1 X118.448 Y120.7 E.48561
G1 X119.011 Y120.7 E.01859
G1 X108.611 Y110.3 E.48561
G1 X109.174 Y110.3 E.01859
G1 X119.574 Y120.7 E.48561
G1 X120.137 Y120.7 E.01859
G1 X109.737 Y110.3 E.48561
G1 X110.3 Y110.3 E.01859
G1 X120.7 Y120.7 E.48561
G1 X121.263 Y120.7 E.01859
G1 X110.863 Y110.3 E.48561
G1 X111.426 Y110.3 E.01859
G1 X121.826 Y120.7 E.48561
G1 X122.389 Y120.7 E.01859
G1 X111.989 Y110.3 E.48561
G1 X112.552 Y110.3 E.01859
G1 X122.952 Y120.7 E.48561
G1 X123.515 Y120.7 E.01859
G1 X113.115 Y110.3 E.48561
G1 X113.678 Y110.3 E.01859
G1 X124.078 Y120.7 E.48561
G1 X124.641 Y120.7 E.01859
G1 X114.241 Y110.3 E.48561
G1 X114.804 Y110.3 E.01859
G1 X125.204 Y120.7 E.48561
G1 X125.767 Y120.7 E.01859
G1 X115.367 Y110.3 E.48561
G1 X115.93 Y110.3 E.01859
G1 X126.33 Y120.7 E.48561
G1 X126.893 Y120.7 E.01859
G1 X116.493 Y110.3 E.48561
G1 X117.056 Y110.3 E.01859
G1 X127.456 Y120.7 E.48561
G1 X128.019 Y120.7 E.01859
G1 X117.619 Y110.3 E.48561
G1 X118.182 Y110.3 E.01859
G1 X128.582 Y120.7 E.48561
G1 X129.145 Y120.7 E.01859
G1 X118.745 Y110.3 E.48561
G1 X119.308 Y110.3 E.01859
G1 X129.708 Y120.7 E.48561
G1 X130.271 Y120.7 E.01859
G1 X119.871 Y110.3 E.48561
G1 X120.434 Y110.3 E.01859
G1 X130.834 Y120.7 E.48561
G1 X131.397 Y120.7 E.01859
G1 X120.997 Y110.3 E.48561
G1 X121.56 Y110.3 E.01859
G1 X131.96 Y120.7 E.48561
G1 X132.523 Y120.7 E.01859
G1 X122.123 Y110.3 E.48561
G1 X122.686 Y110.3 E.01859
G1 X133.086 Y120.7 E.48561
G1 X133.649 Y120.7 E.01859
G1 X123.249 Y110.3 E.48561
G1 X123.812 Y110.3 E.01859
G1 X134.212 Y120.7 E.48561
G1 X134.775 Y120.7 E.01859
G1 X124.375 Y110.3 E.48561
G1 X124.938 Y110.3 E.01859
G1 X135.338 Y120.7 E.48561
G1 X135.901 Y120.7 E.01859
G1 X125.501 Y110.3 E.48561
G1 X126.064 Y110.3 E.01859
G1 X136.464 Y120.7 E.48561
G1 X137.027 Y120.7 E.01859
G1 X126.627 Y110.3 E.48561
G1 X127.19 Y110.3 E.01859
G1 X137.59 Y120.7 E.48561
G1 X138.153 Y120.7 E.01859
G1 X127.753 Y110.3 E.48561
G1 X128.316 Y110.3 E.01859
G1 X138.716 Y120.7 E.48561
G1 X139.279 Y120.7 E.01859
G1 X128.879 Y110.3 E.48561
G1 X129.442 Y110.3 E.01859
G1 X139.842 Y120.7 E.48561
G1 X140.405 Y120.7 E.01859
G1 X130.005 Y110.3 E.48561
G1 X130.568 Y110.3 E.01859
G1 X140.968 Y120.7 E.48561
G1 X141.531 Y120.7 E.01859
G1 X131.131 Y110.3 E.48561
G1 X131.694 Y110.3 E.01859
G1 X142.094 Y120.7 E.48561
G1 X142.657 Y120.7 E.01859
G1 X132.257 Y110.3 E.48561
G1 X132.82 Y110.3 E.01859
G1 X143.22 Y120.7 E.48561
G1 X143.783 Y120.7 E.01859
G1 X133.383 Y110.3 E.48561
G1 X133.946 Y110.3 E.01859
G1 X144.351 Y120.705 E.48585
G1 X144.922 Y120.713 E.01885
G1 X134.509 Y110.3 E.48622
G1 X135.072 Y110.3 E.01859
G1 X145.493 Y120.721 E.48659
G1 X146.064 Y120.73 E.01886
G1 X135.635 Y110.3 E.48699
G1 X136.198 Y110.3 E.01859
G1 X146.648 Y120.751 E.48797
G1 X147.236 Y120.776 E.01943
G1 X136.761 Y110.3 E.48914
G1 X137.324 Y110.3 E.01859
G1 X147.824 Y120.801 E.49031
G1 X148.414 Y120.827 E.0195
G1 X137.887 Y110.3 E.49154
G1 X138.45 Y110.3 E.01859
G1 X149.019 Y120.87 E.49353
G1 X149.625 Y120.913 E.02006
G1 X139.013 Y110.3 E.49553
G1 X139.576 Y110.3 E.01859
G1 X150.231 Y120.956 E.49754
G1 X150.846 Y121.008 E.02038
G1 X140.139 Y110.3 E.49997
G1 X140.702 Y110.3 E.01859
G1 X151.471 Y121.07 E.50287
G1 X152.096 Y121.132 E.02074
G1 X141.265 Y110.3 E.50576
G1 X141.828 Y110.3 E.01859
G1 X152.721 Y121.194 E.50866
G1 X153.367 Y121.276 E.0215
G1 X142.39 Y110.3 E.51253
G1 X142.953 Y110.3 E.01859
G1 X154.012 Y121.358 E.51636
G1 X154.657 Y121.441 E.02147
G1 X143.516 Y110.3 E.52021
G1 X144.078 Y110.299 E.01856
G1 X155.318 Y121.539 E.52484
G1 X155.986 Y121.643 E.02232
G1 X144.634 Y110.291 E.53006
G1 X145.189 Y110.283 E.01833
G1 X156.653 Y121.747 E.53529
G1 X157.331 Y121.862 E.02271
G1 X145.744 Y110.275 E.54104
G1 X146.295 Y110.264 E.0182
G1 X158.022 Y121.99 E.54755
G1 X158.713 Y122.119 E.02321
G1 X146.836 Y110.241 E.5546
G1 X147.376 Y110.218 E.01785
G1 X159.413 Y122.256 E.56207
G1 X160.13 Y122.41 E.02421
G1 X147.916 Y110.196 E.57031
G1 X148.453 Y110.17 E.01775
G1 X160.847 Y122.564 E.57872
G1 X161.574 Y122.728 E.02461
G1 X148.979 Y110.133 E.5881
G1 X149.505 Y110.096 E.01741
G1 X162.319 Y122.91 E.59833
G1 X163.064 Y123.092 E.02532
G1 X150.031 Y110.059 E.60856
G1 X150.557 Y110.021 E.01741
G1 X163.827 Y123.291 E.61962
G1 X164.603 Y123.504 E.02657
G1 X151.069 Y109.97 E.63195
G1 X151.581 Y109.919 E.01699
G1 X165.362 Y123.7 E.64348
G1 X165.925 Y123.7 E.01859
G1 X152.093 Y109.869 E.64584
G1 X152.605 Y109.818 E.01699
G1 X166.488 Y123.7 E.64822
G1 X167.051 Y123.7 E.01859
G1 X153.107 Y109.757 E.65107
G1 X153.606 Y109.693 E.01661
G1 X167.613 Y123.7 E.65404
G1 X168.176 Y123.7 E.01859
G1 X154.106 Y109.629 E.657
G1 X154.605 Y109.566 E.01661
G1 X168.739 Y123.7 E.65997
G1 X169.302 Y123.7 E.01859
G1 X155.098 Y109.496 E.66323
G1 X155.585 Y109.42 E.01627
G1 X169.865 Y123.7 E.66678
G1 X170.428 Y123.7 E.01859
G1 X156.072 Y109.344 E.67033
G1 X156.559 Y109.267 E.01628
G1 X170.991 Y123.7 E.6739
G1 X171.554 Y123.7 E.01859
G1 X157.045 Y109.191 E.67748
G1 X157.52 Y109.103 E.01595
G1 X172.117 Y123.7 E.68159
G1 X172.68 Y123.7 E.01859
G1 X157.995 Y109.015 E.68569
G1 X158.47 Y108.927 E.01595
G1 X173.243 Y123.7 E.6898
G1 X173.806 Y123.7 E.01859
G1 X158.945 Y108.838 E.69394
G1 X159.414 Y108.744 E.01579
G1 X174.369 Y123.7 E.69832
G1 X174.932 Y123.7 E.01859
G1 X159.877 Y108.645 E.70297
G1 X160.34 Y108.545 E.01564
G1 X175.495 Y123.7 E.70764
G1 X176.058 Y123.7 E.01859
G1 X160.804 Y108.446 E.71226
G1 X161.267 Y108.346 E.01564
G1 X176.621 Y123.7 E.71693
G1 X177.184 Y123.7 E.01859
G1 X161.721 Y108.236 E.72205
G1 X162.173 Y108.126 E.01536
G1 X177.747 Y123.7 E.7272
G1 X178.31 Y123.7 E.01859
G1 X162.625 Y108.015 E.73239
G1 X163.078 Y107.905 E.01539
G1 X178.873 Y123.7 E.73752
G1 X179.436 Y123.7 E.01859
G1 X163.527 Y107.791 E.74285
G1 X163.969 Y107.67 E.01513
G1 X179.999 Y123.7 E.7485
G1 X180.562 Y123.7 E.01859
G1 X164.411 Y107.549 E.75415
G1 X164.853 Y107.427 E.01514
G1 X181.125 Y123.7 E.75982
G1 X181.688 Y123.7 E.01859
G1 X165.294 Y107.306 E.76549
G1 X165.851 Y107.3 E.01839
G1 X182.251 Y123.7 E.76577
G1 X182.814 Y123.7 E.01859
G1 X166.414 Y107.3 E.76577
G1 X166.977 Y107.3 E.01859
G1 X183.377 Y123.7 E.76577
G1 X183.94 Y123.7 E.01859
G1 X167.54 Y107.3 E.76577
G1 X168.103 Y107.3 E.01859
G1 X184.503 Y123.7 E.76577
G1 X185.066 Y123.7 E.01859
G1 X168.666 Y107.3 E.76577
G1 X169.229 Y107.3 E.01859
G1 X185.629 Y123.7 E.76577
G1 X186.192 Y123.7 E.01859
G1 X169.792 Y107.3 E.76577
G1 X170.355 Y107.3 E.01859
G1 X186.755 Y123.7 E.76577
G1 X187.318 Y123.7 E.01859
G1 X170.918 Y107.3 E.76577
G1 X171.481 Y107.3 E.01859
G1 X187.881 Y123.7 E.76577
G1 X188.444 Y123.7 E.01859
G1 X172.044 Y107.3 E.76577
G1 X172.607 Y107.3 E.01859
G1 X189.007 Y123.7 E.76577
G1 X189.57 Y123.7 E.01859
G1 X173.17 Y107.3 E.76577
G1 X173.733 Y107.3 E.01859
G1 X190.133 Y123.7 E.76577
G1 X190.696 Y123.7 E.01859
G1 X174.296 Y107.3 E.76577
G1 X174.859 Y107.3 E.01859
G1 X191.259 Y123.7 E.76577
G1 X191.822 Y123.7 E.01859
G1 X175.422 Y107.3 E.76577
G1 X175.985 Y107.3 E.01859
G1 X192.385 Y123.7 E.76577
G1 X192.948 Y123.7 E.01859
G1 X176.548 Y107.3 E.76577
G1 X177.111 Y107.3 E.01859
G1 X193.511 Y123.7 E.76577
G1 X194.074 Y123.7 E.01859
G1 X177.674 Y107.3 E.76577
G1 X178.237 Y107.3 E.01859
G1 X194.637 Y123.7 E.76577
G1 X195.2 Y123.7 E.01859
G1 X178.8 Y107.3 E.76577
G1 X179.363 Y107.3 E.01859
G1 X195.763 Y123.7 E.76577
G1 X196.326 Y123.7 E.01859
G1 X179.926 Y107.3 E.76577
G1 X180.489 Y107.3 E.01859
G1 X196.7 Y123.511 E.75695
G1 X196.7 Y122.948 E.01859
G1 X181.052 Y107.3 E.73066
G1 X181.615 Y107.3 E.01859
G1 X196.7 Y122.385 E.70437
G1 X196.7 Y121.822 E.01859
G1 X182.178 Y107.3 E.67808
G1 X182.741 Y107.3 E.01859
G1 X196.7 Y121.259 E.65179
G1 X196.7 Y120.696 E.01859
G1 X183.304 Y107.3 E.62551
G1 X183.867 Y107.3 E.01859
G1 X196.7 Y120.133 E.59922
G1 X196.7 Y119.57 E.01859
G1 X184.43 Y107.3 E.57293
G1 X184.993 Y107.3 E.01859
G1 X196.7 Y119.007 E.54664
G1 X196.7 Y118.444 E.01859
G1 X185.556 Y107.3 E.52035
G1 X186.119 Y107.3 E.01859
G1 X196.7 Y117.881 E.49406
G1 X196.7 Y117.318 E.01859
G1 X186.682 Y107.3 E.46778
G1 X187.245 Y107.3 E.01859
G1 X196.7 Y116.755 E.44149
G1 X196.7 Y116.192 E.01859
G1 X187.808 Y107.3 E.4152
G1 X188.371 Y107.3 E.01859
G1 X196.7 Y115.629 E.38891
G1 X196.7 Y115.066 E.01859
G1 X188.934 Y107.3 E.36262
G1 X189.497 Y107.3 E.01859
G1 X196.7 Y114.503 E.33633
G1 X196.7 Y113.94 E.01859
G1 X190.06 Y107.3 E.31004
G1 X190.623 Y107.3 E.01859
G1 X196.7 Y113.377 E.28376
G1 X196.7 Y112.814 E.01859
G1 X191.186 Y107.3 E.25747
G1 X191.749 Y107.3 E.01859
G1 X196.7 Y112.251 E.23118
G1 X196.7 Y111.688 E.01859
G1 X192.312 Y107.3 E.20489
G1 X192.875 Y107.3 E.01859
G1 X196.7 Y111.125 E.1786
G1 X196.7 Y110.562 E.01859
G1 X193.438 Y107.3 E.15231
G1 X194.001 Y107.3 E.01859
G1 X196.7 Y109.999 E.12603
G1 X196.7 Y109.436 E.01859
G1 X194.564 Y107.3 E.09974
G1 X195.127 Y107.3 E.01859
G1 X196.7 Y108.873 E.07345
G1 X196.7 Y108.31 E.01859
G1 X195.69 Y107.3 E.04716
G1 X196.253 Y107.3 E.01859
G1 X196.879 Y107.926 E.02923
;LAYER_CHANGE
;Z:1.2
;HEIGHT:0.2
;BEFORE_LAYER_CHANGE
G92 E0
;1.2


G1 E-3.5 F3600
;WIPE_START
G1 F7200
G1 X196.253 Y107.3 E-.42052
G1 X195.69 Y107.3 E-.26743
G1 X196.7 Y108.31 E-.67847
G1 X196.7 Y108.591 E-.13358
;WIPE_END
G1 Z1.2 F9000
;AFTER_LAYER_CHANGE
;1.2
G1 X196.806 Y106.994
G1 E5 F2400
;TYPE:Perimeter
;WIDTH:0.439999
G1 X196.806 Y124.006 E.56169
G1 X165.076 Y124.006 E1.04764
G1 X163.113 Y123.467 E.06721
G1 X161.017 Y122.956 E.07123
G1 X158.895 Y122.5 E.07166
G1 X156.761 Y122.105 E.07166
G1 X154.617 Y121.769 E.07165
G1 X152.464 Y121.495 E.07166
G1 X150.304 Y121.281 E.07167
G1 X148.139 Y121.128 E.07166
G1 X145.97 Y121.036 E.07168
G1 X143.807 Y121.006 E.07142
G1 X86.793 Y121.006 E1.88245
G1 X84.63 Y121.036 E.07142
G1 X82.461 Y121.128 E.07168
G1 X80.296 Y121.281 E.07166
G1 X78.136 Y121.495 E.07167
G1 X75.983 Y121.769 E.07166
G1 X73.839 Y122.105 E.07165
G1 X71.705 Y122.5 E.07166
G1 X69.583 Y122.956 E.07166
G1 X67.474 Y123.471 E.07168
G1 X65.524 Y124.006 E.06676
G1 X33.794 Y124.006 E1.04764
G1 X33.794 Y106.994 E.56169
G1 X65.524 Y106.994 E1.04764
G1 X67.487 Y107.533 E.06721
G1 X69.583 Y108.044 E.07123
G1 X71.705 Y108.5 E.07166
G1 X73.839 Y108.895 E.07166
G1 X75.983 Y109.231 E.07165
G1 X78.136 Y109.505 E.07166
G1 X80.296 Y109.719 E.07167
G1 X82.461 Y109.872 E.07166
G1 X84.63 Y109.964 E.07168
G1 X86.793 Y109.994 E.07142
G1 X143.807 Y109.994 E1.88245
G1 X145.97 Y109.964 E.07142
G1 X148.139 Y109.872 E.07168
G1 X150.304 Y109.719 E.07166
G1 X152.464 Y109.505 E.07167
G1 X154.617 Y109.231 E.07166
G1 X156.761 Y108.895 E.07165
G1 X158.895 Y108.5 E.07166
G1 X161.017 Y108.044 E.07166
G1 X163.126 Y107.529 E.07168
G1 X165.076 Y106.994 E.06676
G1 X196.746 Y106.994 E1.04566
G1 X197.203 Y106.597 F9000
G1 F2400
G1 X197.203 Y124.403 E.58791
G1 X165.023 Y124.403 E1.0625
G1 X163.018 Y123.853 E.06865
G1 X160.929 Y123.343 E.071
G1 X158.818 Y122.889 E.07129
G1 X156.694 Y122.496 E.07132
G1 X154.561 Y122.163 E.07128
G1 X152.419 Y121.889 E.0713
G1 X150.27 Y121.677 E.0713
G1 X148.116 Y121.525 E.0713
G1 X145.959 Y121.433 E.07128
G1 X143.804 Y121.403 E.07116
G1 X86.796 Y121.403 E1.88225
G1 X84.641 Y121.433 E.07116
G1 X82.484 Y121.525 E.07128
G1 X80.33 Y121.677 E.0713
G1 X78.181 Y121.889 E.0713
G1 X76.039 Y122.163 E.0713
G1 X73.906 Y122.496 E.07128
G1 X71.783 Y122.889 E.07129
G1 X69.671 Y123.343 E.07133
G1 X67.574 Y123.855 E.07127
G1 X65.577 Y124.403 E.06837
G1 X33.397 Y124.403 E1.0625
G1 X33.397 Y106.597 E.58791
G1 X65.577 Y106.597 E1.0625
G1 X67.582 Y107.147 E.06865
G1 X69.671 Y107.657 E.071
G1 X71.783 Y108.111 E.07133
G1 X73.906 Y108.504 E.07129
G1 X76.039 Y108.837 E.07128
G1 X78.181 Y109.111 E.0713
G1 X80.33 Y109.323 E.0713
G1 X82.484 Y109.475 E.0713
G1 X84.641 Y109.567 E.07128
G1 X86.796 Y109.597 E.07116
G1 X143.804 Y109.597 E1.88225
G1 X145.959 Y109.567 E.07116
G1 X148.116 Y109.475 E.07128
G1 X150.27 Y109.323 E.0713
G1 X152.419 Y109.111 E.0713
G1 X154.561 Y108.837 E.0713
G1 X156.694 Y108.504 E.07128
G1 X158.817 Y108.111 E.07129
G1 X160.929 Y107.657 E.07133
G1 X163.026 Y107.145 E.07127
G1 X165.023 Y106.597 E.06837
G1 X197.143 Y106.597 E1.06051
G1 X197.59 Y106.21 F9000
;TYPE:External perimeter
;WIDTH:0.419999
G1 F1500
G1 X197.59 Y124.79 E.58256
G1 X164.971 Y124.79 E1.02274
G1 X162.926 Y124.229 E.06649
G1 X160.842 Y123.72 E.06726
G1 X158.742 Y123.269 E.06735
G1 X156.629 Y122.878 E.06738
G1 X154.507 Y122.546 E.06734
G1 X152.376 Y122.274 E.06736
G1 X150.238 Y122.062 E.06736
G1 X148.095 Y121.911 E.06736
G1 X145.948 Y121.82 E.06738
G1 X143.8 Y121.79 E.06736
G1 X86.797 Y121.79 E1.78729
G1 X84.652 Y121.82 E.06726
G1 X82.505 Y121.911 E.06738
G1 X80.362 Y122.062 E.06736
G1 X78.225 Y122.274 E.06733
G1 X76.093 Y122.546 E.06739
G1 X73.971 Y122.878 E.06734
G1 X71.858 Y123.269 E.06738
G1 X69.758 Y123.72 E.06735
G1 X67.671 Y124.23 E.06736
G1 X65.629 Y124.79 E.06639
G1 X33.01 Y124.79 E1.02274
G1 X33.01 Y106.21 E.58256
G1 X65.629 Y106.21 E1.02274
G1 X67.674 Y106.771 E.06649
G1 X69.758 Y107.28 E.06726
G1 X71.858 Y107.731 E.06735
G1 X73.971 Y108.122 E.06738
G1 X76.093 Y108.454 E.06734
G1 X78.225 Y108.726 E.06739
G1 X80.362 Y108.938 E.06733
G1 X82.505 Y109.089 E.06736
G1 X84.652 Y109.18 E.06738
G1 X86.8 Y109.21 E.06736
G1 X143.803 Y109.21 E1.78729
G1 X145.948 Y109.18 E.06726
G1 X148.095 Y109.089 E.06738
G1 X150.238 Y108.938 E.06736
G1 X152.376 Y108.726 E.06736
G1 X154.507 Y108.454 E.06736
G1 X156.629 Y108.122 E.06734
G1 X158.742 Y107.731 E.06738
G1 X160.842 Y107.28 E.06735
G1 X162.929 Y106.77 E.06736
G1 X164.971 Y106.21 E.06639
G1 X197.53 Y106.21 E1.02086
G1 X196.679 Y107.926 F9000
;TYPE:Internal infill
;WIDTH:0.44
G1 F3000
G1 X196.053 Y107.3 E.02923
G1 X195.49 Y107.3 E.01859
G1 X196.5 Y108.31 E.04716
G1 X196.5 Y108.873 E.01859
G1 X194.927 Y107.3 E.07345
G1 X194.364 Y107.3 E.01859
G1 X196.5 Y109.436 E.09974
G1 X196.5 Y109.999 E.01859
G1 X193.801 Y107.3 E.12603
G1 X193.238 Y107.3 E.01859
G1 X196.5 Y110.562 E.15231
G1 X196.5 Y111.125 E.01859
G1 X192.675 Y107.3 E.1786
G1 X192.112 Y107.3 E.01859
G1 X196.5 Y111.688 E.20489
G1 X196.5 Y112.251 E.01859
G1 X191.549 Y107.3 E.23118
G1 X190.986 Y107.3 E.01859
G1 X196.5 Y112.814 E.25747
G1 X196.5 Y113.377 E.01859
G1 X190.423 Y107.3 E.28376
G1 X189.86 Y107.3 E.01859
G1 X196.5 Y113.94 E.31004
G1 X196.5 Y114.503 E.01859
G1 X189.297 Y107.3 E.33633
G1 X188.734 Y107.3 E.01859
G1 X196.5 Y115.066 E.36262
G1 X196.5 Y115.629 E.01859
G1 X188.171 Y107.3 E.38891
G1 X187.608 Y107.3 E.01859
G1 X196.5 Y116.192 E.4152
G1 X196.5 Y116.755 E.01859
G1 X187.045 Y107.3 E.44149
G1 X186.482 Y107.3 E.01859
G1 X196.5 Y117.318 E.46778
G1 X196.5 Y117.881 E.01859
G1 X185.919 Y107.3 E.49406
G1 X185.356 Y107.3 E.01859
G1 X196.5 Y118.444 E.52035
G1 X196.5 Y119.007 E.01859
G1 X184.793 Y107.3 E.54664
G1 X184.23 Y107.3 E.01859
G1 X196.5 Y119.57 E.57293
G1 X196.5 Y120.133 E.01859
G1 X183.667 Y107.3 E.59922
G1 X183.104 Y107.3 E.01859
G1 X196.5 Y120.696 E.62551
G1 X196.5 Y121.259 E.01859
G1 X182.541 Y107.3 E.65179
G1 X181.978 Y107.3 E.01859
G1 X196.5 Y121.822 E.67808
G1 X196.5 Y122.385 E.01859
G1 X181.415 Y107.3 E.70437
G1 X180.852 Y107.3 E.01859
G1 X196.5 Y122.948 E.73066
G1 X196.5 Y123.511 E.01859
G1 X180.289 Y107.3 E.75695
G1 X179.726 Y107.3 E.01859
G1 X196.126 Y123.7 E.76577
G1 X195.563 Y123.7 E.01859
G1 X179.163 Y107.3 E.76577
G1 X178.6 Y107.3 E.01859
G1 X195 Y123.7 E.76577
G1 X194.437 Y123.7 E.01859
G1 X178.037 Y107.3 E.76577
G1 X177.474 Y107.3 E.01859
G1 X193.874 Y123.7 E.76577
G1 X193.311 Y123.7 E.01859
G1 X176.911 Y107.3 E.76577
G1 X176.348 Y107.3 E.01859
G1 X192.748 Y123.7 E.76577
G1 X192.185 Y123.7 E.01859
G1 X175.785 Y107.3 E.76577
G1 X175.222 Y107.3 E.01859
G1 X191.622 Y123.7 E.76577
G1 X191.059 Y123.7 E.01859
G1 X174.659 Y107.3 E.76577
G1 X174.096 Y107.3 E.01859
G1 X190.496 Y123.7 E.76577
G1 X189.933 Y123.7 E.01859
G1 X173.533 Y107.3 E.76577
G1 X172.97 Y107.3 E.01859
G1 X189.37 Y123.7 E.76577
G1 X188.807 Y123.7 E.01859
G1 X172.407 Y107.3 E.76577
G1 X171.844 Y107.3 E.01859
G1 X188.244 Y123.7 E.76577
G1 X187.681 Y123.7 E.01859
G1 X171.281 Y107.3 E.76577
G1 X170.718 Y107.3 E.01859
G1 X187.118 Y123.7 E.76577
G1 X186.555 Y123.7 E.01859
G1 X170.155 Y107.3 E.76577
G1 X169.592 Y107.3 E.01859
G1 X185.992 Y123.7 E.76577
G1 X185.429 Y123.7 E.01859
G1 X169.029 Y107.3 E.76577
G1 X168.466 Y107.3 E.01859
G1 X184.866 Y123.7 E.76577
G1 X184.303 Y123.7 E.01859
G1 X167.903 Y107.3 E.76577
G1 X167.34 Y107.3 E.01859
G1 X183.74 Y123.7 E.76577
G1 X183.177 Y123.7 E.01859
G1 X166.777 Y107.3 E.76577
G1 X166.214 Y107.3 E.01859
G1 X182.614 Y123.7 E.76577
G1 X182.051 Y123.7 E.01859
G1 X165.651 Y107.3 E.76577
G1 X165.094 Y107.306 E.01839
G1 X181.488 Y123.7 E.76549
G1 X180.925 Y123.7 E.01859
G1 X164.653 Y107.427 E.75982
G1 X164.211 Y107.549 E.01514
G1 X180.362 Y123.7 E.75415
G1 X179.799 Y123.7 E.01859
G1 X163.769 Y107.67 E.7485
G1 X163.327 Y107.791 E.01513
G1 X179.236 Y123.7 E.74285
G1 X178.673 Y123.7 E.01859
G1 X162.878 Y107.905 E.73752
G1 X162.425 Y108.015 E.01539
G1 X178.11 Y123.7 E.73239
G1 X177.547 Y123.7 E.01859
G1 X161.973 Y108.126 E.7272
G1 X161.521 Y108.236 E.01536
G1 X176.984 Y123.7 E.72205
G1 X176.421 Y123.7 E.01859
G1 X161.067 Y108.346 E.71693
G1 X160.604 Y108.446 E.01564
G1 X175.858 Y123.7 E.71226
G1 X175.295 Y123.7 E.01859
G1 X160.14 Y108.545 E.70764
G1 X159.677 Y108.645 E.01564
G1 X174.732 Y123.7 E.70297
G1 X174.169 Y123.7 E.01859
G1 X159.214 Y108.744 E.69832
G1 X158.745 Y108.838 E.01579
G1 X173.606 Y123.7 E.69394
G1 X173.043 Y123.7 E.01859
G1 X158.27 Y108.927 E.6898
G1 X157.795 Y109.015 E.01595
G1 X172.48 Y123.7 E.68569
G1 X171.917 Y123.7 E.01859
G1 X157.32 Y109.103 E.68159
G1 X156.845 Y109.191 E.01595
G1 X171.354 Y123.7 E.67748
G1 X170.791 Y123.7 E.01859
G1 X156.359 Y109.267 E.6739
G1 X155.872 Y109.344 E.01628
G1 X170.228 Y123.7 E.67033
G1 X169.665 Y123.7 E.01859
G1 X155.385 Y109.42 E.66678
G1 X154.898 Y109.496 E.01627
G1 X169.102 Y123.7 E.66323
G1 X168.539 Y123.7 E.01859
G1 X154.405 Y109.566 E.65997
G1 X153.906 Y109.629 E.01661
G1 X167.976 Y123.7 E.657
G1 X167.413 Y123.7 E.01859
G1 X153.406 Y109.693 E.65404
G1 X152.907 Y109.757 E.01661
G1 X166.851 Y123.7 E.65107
G1 X166.288 Y123.7 E.01859
G1 X152.405 Y109.818 E.64822
G1 X151.893 Y109.869 E.01699
G1 X165.725 Y123.7 E.64584
G1 X165.162 Y123.7 E.01859
G1 X151.381 Y109.919 E.64348
G1 X150.869 Y109.97 E.01699
G1 X164.403 Y123.504 E.63195
G1 X163.627 Y123.291 E.02657
G1 X150.357 Y110.021 E.61962
G1 X149.831 Y110.059 E.01741
G1 X162.864 Y123.092 E.60856
G1 X162.119 Y122.91 E.02532
G1 X149.305 Y110.096 E.59833
G1 X148.779 Y110.133 E.01741
G1 X161.374 Y122.728 E.5881
G1 X160.647 Y122.564 E.02461
G1 X148.253 Y110.17 E.57872
G1 X147.716 Y110.196 E.01775
G1 X159.93 Y122.41 E.57031
G1 X159.213 Y122.256 E.02421
G1 X147.176 Y110.218 E.56207
G1 X146.636 Y110.241 E.01785
G1 X158.513 Y122.119 E.5546
G1 X157.822 Y121.99 E.02321
G1 X146.095 Y110.264 E.54755
G1 X145.544 Y110.275 E.0182
G1 X157.131 Y121.862 E.54104
G1 X156.453 Y121.747 E.02271
G1 X144.989 Y110.283 E.53529
G1 X144.434 Y110.291 E.01833
G1 X155.786 Y121.643 E.53006
G1 X155.118 Y121.539 E.02232
G1 X143.878 Y110.299 E.52484
G1 X143.316 Y110.3 E.01856
G1 X154.457 Y121.441 E.52021
G1 X153.812 Y121.358 E.02147
G1 X142.753 Y110.3 E.51636
G1 X142.19 Y110.3 E.01859
G1 X153.167 Y121.276 E.51253
G1 X152.521 Y121.194 E.0215
G1 X141.627 Y110.3 E.50868
G1 X141.065 Y110.3 E.01856
G1 X151.896 Y121.132 E.50576
G1 X151.271 Y121.07 E.02074
G1 X140.502 Y110.3 E.50287
G1 X139.939 Y110.3 E.01859
G1 X150.646 Y121.008 E.49997
G1 X150.031 Y120.956 E.02038
G1 X139.376 Y110.3 E.49754
G1 X138.813 Y110.3 E.01859
G1 X149.425 Y120.913 E.49553
G1 X148.819 Y120.87 E.02006
G1 X138.25 Y110.3 E.49353
G1 X137.687 Y110.3 E.01859
G1 X148.214 Y120.827 E.49154
G1 X147.624 Y120.801 E.0195
G1 X137.124 Y110.3 E.49031
G1 X136.561 Y110.3 E.01859
G1 X147.036 Y120.776 E.48914
G1 X146.448 Y120.751 E.01943
G1 X135.998 Y110.3 E.48797
G1 X135.435 Y110.3 E.01859
G1 X145.864 Y120.73 E.48699
G1 X145.293 Y120.721 E.01886
G1 X134.872 Y110.3 E.48659
G1 X134.309 Y110.3 E.01859
G1 X144.722 Y120.713 E.48622
G1 X144.151 Y120.705 E.01885
G1 X133.746 Y110.3 E.48585
G1 X133.183 Y110.3 E.01859
G1 X143.583 Y120.7 E.48561
G1 X143.02 Y120.7 E.01859
G1 X132.62 Y110.3 E.48561
G1 X132.057 Y110.3 E.01859
G1 X142.457 Y120.7 E.48561
G1 X141.894 Y120.7 E.01859
G1 X131.494 Y110.3 E.48561
G1 X130.931 Y110.3 E.01859
G1 X141.331 Y120.7 E.48561
G1 X140.768 Y120.7 E.01859
G1 X130.368 Y110.3 E.48561
G1 X129.805 Y110.3 E.01859
G1 X140.205 Y120.7 E.48561
G1 X139.642 Y120.7 E.01859
G1 X129.242 Y110.3 E.48561
G1 X128.679 Y110.3 E.01859
G1 X139.079 Y120.7 E.48561
G1 X138.516 Y120.7 E.01859
G1 X128.116 Y110.3 E.48561
G1 X127.553 Y110.3 E.01859
G1 X137.953 Y120.7 E.48561
G1 X137.39 Y120.7 E.01859
G1 X126.99 Y110.3 E.48561
G1 X126.427 Y110.3 E.01859
G1 X136.827 Y120.7 E.48561
G1 X136.264 Y120.7 E.01859
G1 X125.864 Y110.3 E.48561
G1 X125.301 Y110.3 E.01859
G1 X135.701 Y120.7 E.48561
G1 X135.138 Y120.7 E.01859
G1 X124.738 Y110.3 E.48561
G1 X124.175 Y110.3 E.01859
G1 X134.575 Y120.7 E.48561
G1 X134.012 Y120.7 E.01859
G1 X123.612 Y110.3 E.48561
G1 X123.049 Y110.3 E.01859
G1 X133.449 Y120.7 E.48561
G1 X132.886 Y120.7 E.01859
G1 X122.486 Y110.3 E.48561
G1 X121.923 Y110.3 E.01859
G1 X132.323 Y120.7 E.48561
G1 X131.76 Y120.7 E.01859
G1 X121.36 Y110.3 E.48561
G1 X120.797 Y110.3 E.01859
G1 X131.197 Y120.7 E.48561
G1 X130.634 Y120.7 E.01859
G1 X120.234 Y110.3 E.48561
G1 X119.671 Y110.3 E.01859
G1 X130.071 Y120.7 E.48561
G1 X129.508 Y120.7 E.01859
G1 X119.108 Y110.3 E.48561
G1 X118.545 Y110.3 E.01859
G1 X128.945 Y120.7 E.48561
G1 X128.382 Y120.7 E.01859
G1 X117.982 Y110.3 E.48561
G1 X117.419 Y110.3 E.01859
G1 X127.819 Y120.7 E.48561
G1 X127.256 Y120.7 E.01859
G1 X116.856 Y110.3 E.48561
G1 X116.293 Y110.3 E.01859
G1 X126.693 Y120.7 E.48561
G1 X126.13 Y120.7 E.01859
G1 X115.73 Y110.3 E.48561
G1 X115.167 Y110.3 E.01859
G1 X125.567 Y120.7 E.48561
G1 X125.004 Y120.7 E.01859
G1 X114.604 Y110.3 E.48561
G1 X114.041 Y110.3 E.01859
G1 X124.441 Y120.7 E.48561
G1 X123.878 Y120.7 E.01859
G1 X113.478 Y110.3 E.48561
G1 X112.915 Y110.3 E.01859
G1 X123.315 Y120.7 E.48561
G1 X122.752 Y120.7 E.01859
G1 X112.352 Y110.3 E.48561
G1 X111.789 Y110.3 E.01859
G1 X122.189 Y120.7 E.48561
G1 X121.626 Y120.7 E.01859
G1 X111.226 Y110.3 E.48561
G1 X110.663 Y110.3 E.01859
G1 X121.063 Y120.7 E.48561
G1 X120.5 Y120.7 E.01859
G1 X110.1 Y110.3 E.48561
G1 X109.537 Y110.3 E.01859
G1 X119.937 Y120.7 E.48561
G1 X119.374 Y120.7 E.01859
G1 X108.974 Y110.3 E.48561
G1 X108.411 Y110.3 E.01859
G1 X118.811 Y120.7 E.48561
G1 X118.248 Y120.7 E.01859
G1 X107.848 Y110.3 E.48561
G1 X107.285 Y110.3 E.01859
G1 X117.685 Y120.7 E.48561
G1 X117.122 Y120.7 E.01859
G1 X106.722 Y110.3 E.48561
G1 X106.159 Y110.3 E.01859
G1 X116.559 Y120.7 E.48561
G1 X115.996 Y120.7 E.01859
G1 X105.596 Y110.3 E.48561
G1 X105.033 Y110.3 E.01859
G1 X115.433 Y120.7 E.48561
G1 X114.87 Y120.7 E.01859
G1 X104.47 Y110.3 E.48561
G1 X103.907 Y110.3 E.01859
G1 X114.307 Y120.7 E.48561
G1 X113.744 Y120.7 E.01859
G1 X103.344 Y110.3 E.48561
G1 X102.781 Y110.3 E.01859
G1 X113.181 Y120.7 E.48561
G1 X112.618 Y120.7 E.01859
G1 X102.218 Y110.3 E.48561
G1 X101.655 Y110.3 E.01859
G1 X112.055 Y120.7 E.48561
G1 X111.492 Y120.7 E.01859
G1 X101.092 Y110.3 E.48561
G1 X100.529 Y110.3 E.01859
G1 X110.929 Y120.7 E.48561
G1 X110.366 Y120.7 E.01859
G1 X99.966 Y110.3 E.48561
G1 X99.403 Y110.3 E.01859
G1 X109.803 Y120.7 E.48561
G1 X109.24 Y120.7 E.01859
G1 X98.84 Y110.3 E.48561
G1 X98.277 Y110.3 E.01859
G1 X108.677 Y120.7 E.48561
G1 X108.114 Y120.7 E.01859
G1 X97.714 Y110.3 E.48561
G1 X97.151 Y110.3 E.01859
G1 X107.551 Y120.7 E.48561
G1 X106.988 Y120.7 E.01859
G1 X96.588 Y110.3 E.48561
G1 X96.025 Y110.3 E.01859
G1 X106.425 Y120.7 E.48561
G1 X105.862 Y120.7 E.01859
G1 X95.462 Y110.3 E.48561
G1 X94.899 Y110.3 E.01859
G1 X105.299 Y120.7 E.48561
G1 X104.736 Y120.7 E.01859
G1 X94.336 Y110.3 E.48561
G1 X93.773 Y110.3 E.01859
G1 X104.173 Y120.7 E.48561
G1 X103.61 Y120.7 E.01859
G1 X93.21 Y110.3 E.48561
G1 X92.647 Y110.3 E.01859
G1 X103.047 Y120.7 E.48561
G1 X102.484 Y120.7 E.01859
G1 X92.084 Y110.3 E.48561
G1 X91.521 Y110.3 E.01859
G1 X101.921 Y120.7 E.48561
G1 X101.358 Y120.7 E.01859
G1 X90.958 Y110.3 E.48561
G1 X90.395 Y110.3 E.01859
G1 X100.795 Y120.7 E.48561
G1 X100.232 Y120.7 E.01859
G1 X89.832 Y110.3 E.48561
G1 X89.269 Y110.3 E.01859
G1 X99.669 Y120.7 E.48561
G1 X99.106 Y120.7 E.01859
G1 X88.706 Y110.3 E.48561
G1 X88.143 Y110.3 E.01859
G1 X98.544 Y120.7 E.48564
G1 X97.981 Y120.7 E.01859
G1 X87.58 Y110.3 E.48564
G1 X87.017 Y110.3 E.01859
G1 X97.418 Y120.7 E.48564
G1 X96.855 Y120.7 E.01859
G1 X86.449 Y110.295 E.48587
G1 X85.878 Y110.287 E.01885
G1 X96.292 Y120.7 E.48624
G1 X95.729 Y120.7 E.01859
G1 X85.307 Y110.279 E.48662
G1 X84.736 Y110.27 E.01886
G1 X95.166 Y120.7 E.48701
G1 X94.603 Y120.7 E.01859
G1 X84.152 Y110.249 E.48799
G1 X83.564 Y110.224 E.01943
G1 X94.04 Y120.7 E.48916
G1 X93.477 Y120.7 E.01859
G1 X82.976 Y110.199 E.49033
G1 X82.387 Y110.173 E.01947
G1 X92.914 Y120.7 E.49154
G1 X92.351 Y120.7 E.01859
G1 X81.781 Y110.13 E.49355
G1 X81.175 Y110.087 E.02006
G1 X91.788 Y120.7 E.49556
G1 X91.225 Y120.7 E.01859
G1 X80.569 Y110.044 E.49757
G1 X79.954 Y109.992 E.02038
G1 X90.662 Y120.7 E.49999
G1 X90.099 Y120.7 E.01859
G1 X79.329 Y109.93 E.50289
G1 X78.704 Y109.868 E.02074
G1 X89.536 Y120.7 E.50578
G1 X88.973 Y120.7 E.01859
G1 X78.079 Y109.806 E.50868
G1 X77.433 Y109.724 E.0215
G1 X88.41 Y120.7 E.51253
G1 X87.847 Y120.7 E.01859
G1 X76.788 Y109.642 E.51636
G1 X76.143 Y109.559 E.02147
G1 X87.284 Y120.7 E.52021
G1 X86.722 Y120.701 E.01856
G1 X75.482 Y109.461 E.52484
G1 X74.815 Y109.357 E.02229
G1 X86.167 Y120.709 E.53006
G1 X85.611 Y120.717 E.01836
G1 X74.147 Y109.253 E.53529
G1 X73.47 Y109.138 E.02267
G1 X85.056 Y120.725 E.54101
G1 X84.505 Y120.736 E.0182
G1 X72.778 Y109.01 E.54755
G1 X72.087 Y108.881 E.02321
G1 X83.964 Y120.759 E.5546
G1 X83.424 Y120.782 E.01785
G1 X71.387 Y108.744 E.56207
G1 X70.67 Y108.59 E.02421
G1 X82.884 Y120.804 E.57031
G1 X82.347 Y120.83 E.01775
G1 X69.953 Y108.436 E.57872
G1 X69.226 Y108.272 E.02461
G1 X81.821 Y120.867 E.5881
G1 X81.295 Y120.904 E.01741
G1 X68.481 Y108.09 E.59833
G1 X67.736 Y107.908 E.02532
G1 X80.769 Y120.941 E.60856
G1 X80.244 Y120.979 E.01738
G1 X66.973 Y107.709 E.61965
G1 X66.198 Y107.496 E.02654
G1 X79.731 Y121.03 E.63193
G1 X79.219 Y121.081 E.01699
G1 X65.439 Y107.3 E.64346
G1 X64.876 Y107.3 E.01859
G1 X78.707 Y121.131 E.64582
G1 X78.195 Y121.182 E.01699
G1 X64.313 Y107.3 E.6482
G1 X63.75 Y107.3 E.01859
G1 X77.693 Y121.243 E.65105
G1 X77.194 Y121.307 E.01661
G1 X63.187 Y107.3 E.65404
G1 X62.624 Y107.3 E.01859
G1 X76.694 Y121.371 E.657
G1 X76.195 Y121.434 E.01661
G1 X62.061 Y107.3 E.65997
G1 X61.498 Y107.3 E.01859
G1 X75.702 Y121.504 E.66323
G1 X75.215 Y121.58 E.01627
G1 X60.935 Y107.3 E.66678
G1 X60.372 Y107.3 E.01859
G1 X74.728 Y121.656 E.67033
G1 X74.241 Y121.733 E.01628
G1 X59.809 Y107.3 E.6739
G1 X59.246 Y107.3 E.01859
G1 X73.755 Y121.809 E.67748
G1 X73.28 Y121.897 E.01595
G1 X58.683 Y107.3 E.68159
G1 X58.12 Y107.3 E.01859
G1 X72.805 Y121.985 E.68569
G1 X72.33 Y122.073 E.01595
G1 X57.557 Y107.3 E.6898
G1 X56.994 Y107.3 E.01859
G1 X71.855 Y122.162 E.69394
G1 X71.387 Y122.256 E.01576
G1 X56.431 Y107.3 E.69835
G1 X55.868 Y107.3 E.01859
G1 X70.923 Y122.355 E.70297
G1 X70.46 Y122.455 E.01564
G1 X55.305 Y107.3 E.70764
G1 X54.742 Y107.3 E.01859
G1 X69.996 Y122.554 E.71226
G1 X69.533 Y122.654 E.01564
G1 X54.179 Y107.3 E.71693
G1 X53.616 Y107.3 E.01859
G1 X69.08 Y122.764 E.72207
G1 X68.627 Y122.874 E.01539
G1 X53.053 Y107.3 E.7272
G1 X52.49 Y107.3 E.01859
G1 X68.175 Y122.985 E.73239
G1 X67.722 Y123.095 E.01539
G1 X51.927 Y107.3 E.73752
G1 X51.364 Y107.3 E.01859
G1 X67.273 Y123.209 E.74285
G1 X66.831 Y123.33 E.01513
G1 X50.801 Y107.3 E.7485
G1 X50.238 Y107.3 E.01859
G1 X66.389 Y123.451 E.75415
G1 X65.948 Y123.573 E.01511
G1 X49.675 Y107.3 E.75984
G1 X49.112 Y107.3 E.01859
G1 X65.506 Y123.694 E.76549
G1 X64.949 Y123.7 E.01839
G1 X48.549 Y107.3 E.76577
G1 X47.986 Y107.3 E.01859
G1 X64.386 Y123.7 E.76577
G1 X63.823 Y123.7 E.01859
G1 X47.423 Y107.3 E.76577
G1 X46.86 Y107.3 E.01859
G1 X63.26 Y123.7 E.76577
G1 X62.697 Y123.7 E.01859
G1 X46.297 Y107.3 E.76577
G1 X45.734 Y107.3 E.01859
G1 X62.134 Y123.7 E.76577
G1 X61.571 Y123.7 E.01859
G1 X45.171 Y107.3 E.76577
G1 X44.608 Y107.3 E.01859
G1 X61.008 Y123.7 E.76577
G1 X60.445 Y123.7 E.01859
G1 X44.045 Y107.3 E.76577
G1 X43.482 Y107.3 E.01859
G1 X59.882 Y123.7 E.76577
G1 X59.319 Y123.7 E.01859
G1 X42.919 Y107.3 E.76577
G1 X42.356 Y107.3 E.01859
G1 X58.756 Y123.7 E.76577
G1 X58.193 Y123.7 E.01859
G1 X41.793 Y107.3 E.76577
G1 X41.23 Y107.3 E.01859
G1 X57.63 Y123.7 E.76577
G1 X57.067 Y123.7 E.01859
G1 X40.667 Y107.3 E.76577
G1 X40.104 Y107.3 E.01859
G1 X56.504 Y123.7 E.76577
G1 X55.941 Y123.7 E.01859
G1 X39.541 Y107.3 E.76577
G1 X38.978 Y107.3 E.01859
G1 X55.378 Y123.7 E.76577
G1 X54.815 Y123.7 E.01859
G1 X38.415 Y107.3 E.76577
G1 X37.852 Y107.3 E.01859
G1 X54.252 Y123.7 E.76577
G1 X53.689 Y123.7 E.01859
G1 X37.289 Y107.3 E.76577
G1 X36.726 Y107.3 E.01859
G1 X53.126 Y123.7 E.76577
G1 X52.563 Y123.7 E.01859
G1 X36.163 Y107.3 E.76577
G1 X35.6 Y107.3 E.01859
G1 X52 Y123.7 E.76577
G1 X51.437 Y123.7 E.01859
G1 X35.037 Y107.3 E.76577
G1 X34.474 Y107.3 E.01859
G1 X50.874 Y123.7 E.76577
G1 X50.311 Y123.7 E.01859
G1 X34.1 Y107.489 E.75695
G1 X34.1 Y108.052 E.01859
G1 X49.748 Y123.7 E.73066
G1 X49.185 Y123.7 E.01859
G1 X34.1 Y108.615 E.70437
G1 X34.1 Y109.178 E.01859
G1 X48.622 Y123.7 E.67808
G1 X48.059 Y123.7 E.01859
G1 X34.1 Y109.741 E.65179
G1 X34.1 Y110.304 E.01859
G1 X47.496 Y123.7 E.62551
G1 X46.933 Y123.7 E.01859
G1 X34.1 Y110.867 E.59922
G1 X34.1 Y111.43 E.01859
G1 X46.37 Y123.7 E.57293
G1 X45.807 Y123.7 E.01859
G1 X34.1 Y111.993 E.54664
G1 X34.1 Y112.556 E.01859
G1 X45.244 Y123.7 E.52035
G1 X44.681 Y123.7 E.01859
G1 X34.1 Y113.119 E.49406
G1 X34.1 Y113.682 E.01859
G1 X44.118 Y123.7 E.46778
G1 X43.555 Y123.7 E.01859
G1 X34.1 Y114.245 E.44149
G1 X34.1 Y114.808 E.01859
G1 X42.992 Y123.7 E.4152
G1 X42.429 Y123.7 E.01859
G1 X34.1 Y115.371 E.38891
G1 X34.1 Y115.934 E.01859
G1 X41.866 Y123.7 E.36262
G1 X41.303 Y123.7 E.01859
G1 X34.1 Y116.497 E.33633
G1 X34.1 Y117.06 E.01859
G1 X40.74 Y123.7 E.31004
G1 X40.177 Y123.7 E.01859
G1 X34.1 Y117.623 E.28376
G1 X34.1 Y118.186 E.01859
G1 X39.614 Y123.7 E.25747
G1 X39.051 Y123.7 E.01859
G1 X34.1 Y118.749 E.23118
G1 X34.1 Y119.312 E.01859
G1 X38.488 Y123.7 E.20489
G1 X37.925 Y123.7 E.01859
G1 X34.1 Y119.875 E.1786
G1 X34.1 Y120.438 E.01859
G1 X37.362 Y123.7 E.15231
G1 X36.8 Y123.7 E.01856
G1 X34.1 Y121.001 E.12605
G1 X34.1 Y121.563 E.01856
G1 X36.237 Y123.7 E.09978
G1 X35.674 Y123.7 E.01859
G1 X34.1 Y122.126 E.0735
G1 X34.1 Y122.689 E.01859
G1 X35.111 Y123.7 E.04721
G1 X34.548 Y123.7 E.01859
G1 X33.921 Y123.074 E.02925
;LAYER_CHANGE
;Z:1.4
;HEIGHT:0.2
;BEFORE_LAYER_CHANGE
G92 E0
;1.4


G1 E-3.5 F3600
;WIPE_START
G1 F7200
G1 X34.548 Y123.7 E-.42085
G1 X35.111 Y123.7 E-.26743
G1 X34.1 Y122.689 E-.67914
G1 X34.1 Y122.41 E-.13258
;WIPE_END
G1 Z1.4 F9000
;AFTER_LAYER_CHANGE
;1.4
G1 X33.994 Y124.006
G1 E5 F2400
;TYPE:Perimeter
;WIDTH:0.439999
G1 X33.994 Y106.994 E.56169
G1 X65.724 Y106.994 E1.04764
G1 X67.687 Y107.533 E.06721
G1 X69.783 Y108.044 E.07123
G1 X71.905 Y108.5 E.07166
G1 X74.039 Y108.895 E.07166
G1 X76.183 Y109.231 E.07165
G1 X78.336 Y109.505 E.07166
G1 X80.496 Y109.719 E.07167
G1 X82.661 Y109.872 E.07166
G1 X84.83 Y109.964 E.07168
G1 X86.993 Y109.994 E.07142
G1 X144.007 Y109.994 E1.88245
G1 X146.17 Y109.964 E.07142
G1 X148.339 Y109.872 E.07168
G1 X150.504 Y109.719 E.07166
G1 X152.664 Y109.505 E.07167
G1 X154.817 Y109.231 E.07166
G1 X156.961 Y108.895 E.07165
G1 X159.095 Y108.5 E.07166
G1 X161.217 Y108.044 E.07166
G1 X163.326 Y107.529 E.07168
G1 X165.276 Y106.994 E.06676
G1 X197.006 Y106.994 E1.04764
G1 X197.006 Y124.006 E.56169
G1 X165.276 Y124.006 E1.04764
G1 X163.313 Y123.467 E.06721
G1 X161.217 Y122.956 E.07123
G1 X159.095 Y122.5 E.07166
G1 X156.961 Y122.105 E.07166
G1 X154.817 Y121.769 E.07165
G1 X152.664 Y121.495 E.07166
G1 X150.504 Y121.281 E.07167
G1 X148.339 Y121.128 E.07166
G1 X146.17 Y121.036 E.07168
G1 X144.007 Y121.006 E.07142
G1 X86.993 Y121.006 E1.88245
G1 X84.83 Y121.036 E.07142
G1 X82.661 Y121.128 E.07168
G1 X80.496 Y121.281 E.07166
G1 X78.336 Y121.495 E.07167
G1 X76.183 Y121.769 E.07166
G1 X74.039 Y122.105 E.07165
G1 X71.905 Y122.5 E.07166
G1 X69.783 Y122.956 E.07166
G1 X67.674 Y123.471 E.07168
G1 X65.724 Y124.006 E.06676
G1 X34.054 Y124.006 E1.04566
G1 X33.597 Y124.403 F9000
G1 F2400
G1 X33.597 Y106.597 E.58791
G1 X65.777 Y106.597 E1.0625
G1 X67.782 Y107.147 E.06865
G1 X69.871 Y107.657 E.071
G1 X71.983 Y108.111 E.07133
G1 X74.106 Y108.504 E.07129
G1 X76.239 Y108.837 E.07128
G1 X78.381 Y109.111 E.0713
G1 X80.53 Y109.323 E.0713
G1 X82.684 Y109.475 E.0713
G1 X84.841 Y109.567 E.07128
G1 X86.996 Y109.597 E.07116
G1 X144.004 Y109.597 E1.88225
G1 X146.159 Y109.567 E.07116
G1 X148.316 Y109.475 E.07128
G1 X150.47 Y109.323 E.0713
G1 X152.619 Y109.111 E.0713
G1 X154.761 Y108.837 E.0713
G1 X156.894 Y108.504 E.07128
G1 X159.018 Y108.111 E.07132
G1 X161.129 Y107.657 E.07129
G1 X163.226 Y107.145 E.07127
G1 X165.223 Y106.597 E.06837
G1 X197.403 Y106.597 E1.0625
G1 X197.403 Y124.403 E.58791
G1 X165.223 Y124.403 E1.0625
G1 X163.218 Y123.853 E.06865
G1 X161.129 Y123.343 E.071
G1 X159.018 Y122.889 E.07129
G1 X156.894 Y122.496 E.07132
G1 X154.761 Y122.163 E.07128
G1 X152.619 Y121.889 E.0713
G1 X150.47 Y121.677 E.0713
G1 X148.316 Y121.525 E.0713
G1 X146.159 Y121.433 E.07128
G1 X144.004 Y121.403 E.07116
G1 X86.996 Y121.403 E1.88225
G1 X84.841 Y121.433 E.07116
G1 X82.684 Y121.525 E.07128
G1 X80.53 Y121.677 E.0713
G1 X78.381 Y121.889 E.0713
G1 X76.239 Y122.163 E.0713
G1 X74.106 Y122.496 E.07128
G1 X71.983 Y122.889 E.07129
G1 X69.871 Y123.343 E.07133
G1 X67.774 Y123.855 E.07127
G1 X65.777 Y124.403 E.06837
G1 X33.657 Y124.403 E1.06051
G1 X33.21 Y124.79 F9000
;TYPE:External perimeter
;WIDTH:0.419999
G1 F1500
G1 X33.21 Y106.21 E.58256
G1 X65.829 Y106.21 E1.02274
G1 X67.874 Y106.771 E.06649
G1 X69.958 Y107.28 E.06726
G1 X72.058 Y107.731 E.06735
G1 X74.171 Y108.122 E.06738
G1 X76.293 Y108.454 E.06734
G1 X78.424 Y108.726 E.06736
G1 X80.562 Y108.938 E.06736
G1 X82.705 Y109.089 E.06736
G1 X84.852 Y109.18 E.06738
G1 X87 Y109.21 E.06736
G1 X144.003 Y109.21 E1.78729
G1 X146.148 Y109.18 E.06726
G1 X148.295 Y109.089 E.06738
G1 X150.438 Y108.938 E.06736
G1 X152.576 Y108.726 E.06736
G1 X154.707 Y108.454 E.06736
G1 X156.829 Y108.122 E.06734
G1 X158.942 Y107.731 E.06738
G1 X161.042 Y107.28 E.06735
G1 X163.129 Y106.77 E.06736
G1 X165.171 Y106.21 E.06639
G1 X197.79 Y106.21 E1.02274
G1 X197.79 Y124.79 E.58256
G1 X165.171 Y124.79 E1.02274
G1 X163.126 Y124.229 E.06649
G1 X161.042 Y123.72 E.06726
G1 X158.942 Y123.269 E.06735
G1 X156.829 Y122.878 E.06738
G1 X154.707 Y122.546 E.06734
G1 X152.576 Y122.274 E.06736
G1 X150.438 Y122.062 E.06736
G1 X148.295 Y121.911 E.06736
G1 X146.148 Y121.82 E.06738
G1 X144 Y121.79 E.06736
G1 X86.997 Y121.79 E1.78729
G1 X84.852 Y121.82 E.06726
G1 X82.705 Y121.911 E.06738
G1 X80.562 Y122.062 E.06736
G1 X78.425 Y122.274 E.06733
G1 X76.293 Y122.546 E.06739
G1 X74.171 Y122.878 E.06734
G1 X72.058 Y123.269 E.06738
G1 X69.958 Y123.72 E.06735
G1 X67.871 Y124.23 E.06736
G1 X65.829 Y124.79 E.06639
G1 X33.27 Y124.79 E1.02086
G1 X34.121 Y123.074 F9000
;TYPE:Internal infill
;WIDTH:0.44
G1 F3000
G1 X34.748 Y123.7 E.02925
G1 X35.311 Y123.7 E.01859
G1 X34.3 Y122.689 E.04721
G1 X34.3 Y122.126 E.01859
G1 X35.874 Y123.7 E.0735
G1 X36.437 Y123.7 E.01859
G1 X34.3 Y121.563 E.09978
G1 X34.3 Y121.001 E.01856
G1 X37 Y123.7 E.12605
G1 X37.562 Y123.7 E.01856
G1 X34.3 Y120.438 E.15231
G1 X34.3 Y119.875 E.01859
G1 X38.125 Y123.7 E.1786
G1 X38.688 Y123.7 E.01859
G1 X34.3 Y119.312 E.20489
G1 X34.3 Y118.749 E.01859
G1 X39.251 Y123.7 E.23118
G1 X39.814 Y123.7 E.01859
G1 X34.3 Y118.186 E.25747
G1 X34.3 Y117.623 E.01859
G1 X40.377 Y123.7 E.28376
G1 X40.94 Y123.7 E.01859
G1 X34.3 Y117.06 E.31004
G1 X34.3 Y116.497 E.01859
G1 X41.503 Y123.7 E.33633
G1 X42.066 Y123.7 E.01859
G1 X34.3 Y115.934 E.36262
G1 X34.3 Y115.371 E.01859
G1 X42.629 Y123.7 E.38891
G1 X43.192 Y123.7 E.01859
G1 X34.3 Y114.808 E.4152
G1 X34.3 Y114.245 E.01859
G1 X43.755 Y123.7 E.44149
G1 X44.318 Y123.7 E.01859
G1 X34.3 Y113.682 E.46778
G1 X34.3 Y113.119 E.01859
G1 X44.881 Y123.7 E.49406
G1 X45.444 Y123.7 E.01859
G1 X34.3 Y112.556 E.52035
G1 X34.3 Y111.993 E.01859
G1 X46.007 Y123.7 E.54664
G1 X46.57 Y123.7 E.01859
G1 X34.3 Y111.43 E.57293
G1 X34.3 Y110.867 E.01859
G1 X47.133 Y123.7 E.59922
G1 X47.696 Y123.7 E.01859
G1 X34.3 Y110.304 E.62551
G1 X34.3 Y109.741 E.01859
G1 X48.259 Y123.7 E.65179
G1 X48.822 Y123.7 E.01859
G1 X34.3 Y109.178 E.67808
G1 X34.3 Y108.615 E.01859
G1 X49.385 Y123.7 E.70437
G1 X49.948 Y123.7 E.01859
G1 X34.3 Y108.052 E.73066
G1 X34.3 Y107.489 E.01859
G1 X50.511 Y123.7 E.75695
G1 X51.074 Y123.7 E.01859
G1 X34.674 Y107.3 E.76577
G1 X35.237 Y107.3 E.01859
G1 X51.637 Y123.7 E.76577
G1 X52.2 Y123.7 E.01859
G1 X35.8 Y107.3 E.76577
G1 X36.363 Y107.3 E.01859
G1 X52.763 Y123.7 E.76577
G1 X53.326 Y123.7 E.01859
G1 X36.926 Y107.3 E.76577
G1 X37.489 Y107.3 E.01859
G1 X53.889 Y123.7 E.76577
G1 X54.452 Y123.7 E.01859
G1 X38.052 Y107.3 E.76577
G1 X38.615 Y107.3 E.01859
G1 X55.015 Y123.7 E.76577
G1 X55.578 Y123.7 E.01859
G1 X39.178 Y107.3 E.76577
G1 X39.741 Y107.3 E.01859
G1 X56.141 Y123.7 E.76577
G1 X56.704 Y123.7 E.01859
G1 X40.304 Y107.3 E.76577
G1 X40.867 Y107.3 E.01859
G1 X57.267 Y123.7 E.76577
G1 X57.83 Y123.7 E.01859
G1 X41.43 Y107.3 E.76577
G1 X41.993 Y107.3 E.01859
G1 X58.393 Y123.7 E.76577
G1 X58.956 Y123.7 E.01859
G1 X42.556 Y107.3 E.76577
G1 X43.119 Y107.3 E.01859
G1 X59.519 Y123.7 E.76577
G1 X60.082 Y123.7 E.01859
G1 X43.682 Y107.3 E.76577
G1 X44.245 Y107.3 E.01859
G1 X60.645 Y123.7 E.76577
G1 X61.208 Y123.7 E.01859
G1 X44.808 Y107.3 E.76577
G1 X45.371 Y107.3 E.01859
G1 X61.771 Y123.7 E.76577
G1 X62.334 Y123.7 E.01859
G1 X45.934 Y107.3 E.76577
G1 X46.497 Y107.3 E.01859
G1 X62.897 Y123.7 E.76577
G1 X63.46 Y123.7 E.01859
G1 X47.06 Y107.3 E.76577
G1 X47.623 Y107.3 E.01859
G1 X64.023 Y123.7 E.76577
G1 X64.586 Y123.7 E.01859
G1 X48.186 Y107.3 E.76577
G1 X48.749 Y107.3 E.01859
G1 X65.149 Y123.7 E.76577
G1 X65.706 Y123.694 E.01839
G1 X49.312 Y107.3 E.76549
G1 X49.875 Y107.3 E.01859
G1 X66.148 Y123.573 E.75984
G1 X66.589 Y123.451 E.01511
G1 X50.438 Y107.3 E.75415
G1 X51.001 Y107.3 E.01859
G1 X67.031 Y123.33 E.7485
G1 X67.473 Y123.209 E.01513
G1 X51.564 Y107.3 E.74285
G1 X52.127 Y107.3 E.01859
G1 X67.922 Y123.095 E.73752
G1 X68.375 Y122.985 E.01539
G1 X52.69 Y107.3 E.73239
G1 X53.253 Y107.3 E.01859
G1 X68.827 Y122.874 E.7272
G1 X69.28 Y122.764 E.01539
G1 X53.816 Y107.3 E.72207
G1 X54.379 Y107.3 E.01859
G1 X69.733 Y122.654 E.71693
G1 X70.196 Y122.554 E.01564
G1 X54.942 Y107.3 E.71226
G1 X55.505 Y107.3 E.01859
G1 X70.66 Y122.455 E.70764
G1 X71.123 Y122.355 E.01564
G1 X56.068 Y107.3 E.70297
G1 X56.631 Y107.3 E.01859
G1 X71.587 Y122.256 E.69835
G1 X72.055 Y122.162 E.01576
G1 X57.194 Y107.3 E.69394
G1 X57.757 Y107.3 E.01859
G1 X72.53 Y122.073 E.6898
G1 X73.005 Y121.985 E.01595
G1 X58.32 Y107.3 E.68569
G1 X58.883 Y107.3 E.01859
G1 X73.48 Y121.897 E.68159
G1 X73.955 Y121.809 E.01595
G1 X59.446 Y107.3 E.67748
G1 X60.009 Y107.3 E.01859
G1 X74.441 Y121.733 E.6739
G1 X74.928 Y121.656 E.01628
G1 X60.572 Y107.3 E.67033
G1 X61.135 Y107.3 E.01859
G1 X75.415 Y121.58 E.66678
G1 X75.902 Y121.504 E.01627
G1 X61.698 Y107.3 E.66323
G1 X62.261 Y107.3 E.01859
G1 X76.395 Y121.434 E.65997
G1 X76.894 Y121.371 E.01661
G1 X62.824 Y107.3 E.657
G1 X63.387 Y107.3 E.01859
G1 X77.394 Y121.307 E.65404
G1 X77.893 Y121.243 E.01661
G1 X63.95 Y107.3 E.65105
G1 X64.513 Y107.3 E.01859
G1 X78.395 Y121.182 E.6482
G1 X78.907 Y121.131 E.01699
G1 X65.076 Y107.3 E.64582
G1 X65.639 Y107.3 E.01859
G1 X79.419 Y121.081 E.64346
G1 X79.931 Y121.03 E.01699
G1 X66.398 Y107.496 E.63193
G1 X67.173 Y107.709 E.02654
G1 X80.444 Y120.979 E.61965
G1 X80.969 Y120.941 E.01738
G1 X67.936 Y107.908 E.60856
G1 X68.681 Y108.09 E.02532
G1 X81.495 Y120.904 E.59833
G1 X82.021 Y120.867 E.01741
G1 X69.426 Y108.272 E.5881
G1 X70.153 Y108.436 E.02461
G1 X82.547 Y120.83 E.57872
G1 X83.084 Y120.804 E.01775
G1 X70.87 Y108.59 E.57031
G1 X71.587 Y108.744 E.02421
G1 X83.624 Y120.782 E.56207
G1 X84.164 Y120.759 E.01785
G1 X72.287 Y108.881 E.5546
G1 X72.978 Y109.01 E.02321
G1 X84.705 Y120.736 E.54755
G1 X85.256 Y120.725 E.0182
G1 X73.67 Y109.138 E.54101
G1 X74.347 Y109.253 E.02267
G1 X85.811 Y120.717 E.53529
G1 X86.367 Y120.709 E.01836
G1 X75.015 Y109.357 E.53006
G1 X75.682 Y109.461 E.02229
G1 X86.922 Y120.701 E.52484
G1 X87.484 Y120.7 E.01856
G1 X76.343 Y109.559 E.52021
G1 X76.988 Y109.642 E.02147
G1 X88.047 Y120.7 E.51636
G1 X88.61 Y120.7 E.01859
G1 X77.633 Y109.724 E.51253
G1 X78.279 Y109.806 E.0215
G1 X89.173 Y120.7 E.50868
G1 X89.736 Y120.7 E.01859
G1 X78.904 Y109.868 E.50578
G1 X79.529 Y109.93 E.02074
G1 X90.299 Y120.7 E.50289
G1 X90.862 Y120.7 E.01859
G1 X80.154 Y109.992 E.49999
G1 X80.769 Y110.044 E.02038
G1 X91.425 Y120.7 E.49757
G1 X91.988 Y120.7 E.01859
G1 X81.375 Y110.087 E.49556
G1 X81.981 Y110.13 E.02006
G1 X92.551 Y120.7 E.49355
G1 X93.114 Y120.7 E.01859
G1 X82.587 Y110.173 E.49154
G1 X83.176 Y110.199 E.01947
G1 X93.677 Y120.7 E.49033
G1 X94.24 Y120.7 E.01859
G1 X83.764 Y110.224 E.48916
G1 X84.352 Y110.249 E.01943
G1 X94.803 Y120.7 E.48799
G1 X95.366 Y120.7 E.01859
G1 X84.936 Y110.27 E.48701
G1 X85.507 Y110.279 E.01886
G1 X95.929 Y120.7 E.48662
G1 X96.492 Y120.7 E.01859
G1 X86.078 Y110.287 E.48624
G1 X86.649 Y110.295 E.01885
G1 X97.055 Y120.7 E.48587
G1 X97.618 Y120.7 E.01859
G1 X87.217 Y110.3 E.48564
G1 X87.78 Y110.3 E.01859
G1 X98.181 Y120.7 E.48564
G1 X98.744 Y120.7 E.01859
G1 X88.343 Y110.3 E.48564
G1 X88.906 Y110.3 E.01859
G1 X99.306 Y120.7 E.48561
G1 X99.869 Y120.7 E.01859
G1 X89.469 Y110.3 E.48561
G1 X90.032 Y110.3 E.01859
G1 X100.432 Y120.7 E.48561
G1 X100.995 Y120.7 E.01859
G1 X90.595 Y110.3 E.48561
G1 X91.158 Y110.3 E.01859
G1 X101.558 Y120.7 E.48561
G1 X102.121 Y120.7 E.01859
G1 X91.721 Y110.3 E.48561
G1 X92.284 Y110.3 E.01859
G1 X102.684 Y120.7 E.48561
G1 X103.247 Y120.7 E.01859
G1 X92.847 Y110.3 E.48561
G1 X93.41 Y110.3 E.01859
G1 X103.81 Y120.7 E.48561
G1 X104.373 Y120.7 E.01859
G1 X93.973 Y110.3 E.48561
G1 X94.536 Y110.3 E.01859
G1 X104.936 Y120.7 E.48561
G1 X105.499 Y120.7 E.01859
G1 X95.099 Y110.3 E.48561
G1 X95.662 Y110.3 E.01859
G1 X106.062 Y120.7 E.48561
G1 X106.625 Y120.7 E.01859
G1 X96.225 Y110.3 E.48561
G1 X96.788 Y110.3 E.01859
G1 X107.188 Y120.7 E.48561
G1 X107.751 Y120.7 E.01859
G1 X97.351 Y110.3 E.48561
G1 X97.914 Y110.3 E.01859
G1 X108.314 Y120.7 E.48561
G1 X108.877 Y120.7 E.01859
G1 X98.477 Y110.3 E.48561
G1 X99.04 Y110.3 E.01859
G1 X109.44 Y120.7 E.48561
G1 X110.003 Y120.7 E.01859
G1 X99.603 Y110.3 E.48561
G1 X100.166 Y110.3 E.01859
G1 X110.566 Y120.7 E.48561
G1 X111.129 Y120.7 E.01859
G1 X100.729 Y110.3 E.48561
G1 X101.292 Y110.3 E.01859
G1 X111.692 Y120.7 E.48561
G1 X112.255 Y120.7 E.01859
G1 X101.855 Y110.3 E.48561
G1 X102.418 Y110.3 E.01859
G1 X112.818 Y120.7 E.48561
G1 X113.381 Y120.7 E.01859
G1 X102.981 Y110.3 E.48561
G1 X103.544 Y110.3 E.01859
G1 X113.944 Y120.7 E.48561
G1 X114.507 Y120.7 E.01859
G1 X104.107 Y110.3 E.48561
G1 X104.67 Y110.3 E.01859
G1 X115.07 Y120.7 E.48561
G1 X115.633 Y120.7 E.01859
G1 X105.233 Y110.3 E.48561
G1 X105.796 Y110.3 E.01859
G1 X116.196 Y120.7 E.48561
G1 X116.759 Y120.7 E.01859
G1 X106.359 Y110.3 E.48561
G1 X106.922 Y110.3 E.01859
G1 X117.322 Y120.7 E.48561
G1 X117.885 Y120.7 E.01859
G1 X107.485 Y110.3 E.48561
G1 X108.048 Y110.3 E.01859
G1 X118.448 Y120.7 E.48561
G1 X119.011 Y120.7 E.01859
G1 X108.611 Y110.3 E.48561
G1 X109.174 Y110.3 E.01859
G1 X119.574 Y120.7 E.48561
G1 X120.137 Y120.7 E.01859
G1 X109.737 Y110.3 E.48561
G1 X110.3 Y110.3 E.01859
G1 X120.7 Y120.7 E.48561
G1 X121.263 Y120.7 E.01859
G1 X110.863 Y110.3 E.48561
G1 X111.426 Y110.3 E.01859
G1 X121.826 Y120.7 E.48561
G1 X122.389 Y120.7 E.01859
G1 X111.989 Y110.3 E.48561
G1 X112.552 Y110.3 E.01859
G1 X122.952 Y120.7 E.48561
G1 X123.515 Y120.7 E.01859
G1 X113.115 Y110.3 E.48561
G1 X113.678 Y110.3 E.01859
G1 X124.078 Y120.7 E.48561
G1 X124.641 Y120.7 E.01859
G1 X114.241 Y110.3 E.48561
G1 X114.804 Y110.3 E.01859
G1 X125.204 Y120.7 E.48561
G1 X125.767 Y120.7 E.01859
G1 X115.367 Y110.3 E.48561
G1 X115.93 Y110.3 E.01859
G1 X126.33 Y120.7 E.48561
G1 X126.893 Y120.7 E.01859
G1 X116.493 Y110.3 E.48561
G1 X117.056 Y110.3 E.01859
G1 X127.456 Y120.7 E.48561
G1 X128.019 Y120.7 E.01859
G1 X117.619 Y110.3 E.48561
G1 X118.182 Y110.3 E.01859
G1 X128.582 Y120.7 E.48561
G1 X129.145 Y120.7 E.01859
G1 X118.745 Y110.3 E.48561
G1 X119.308 Y110.3 E.01859
G1 X129.708 Y120.7 E.48561
G1 X130.271 Y120.7 E.01859
G1 X119.871 Y110.3 E.48561
G1 X120.434 Y110.3 E.01859
G1 X130.834 Y120.7 E.48561
G1 X131.397 Y120.7 E.01859
G1 X120.997 Y110.3 E.48561
G1 X121.56 Y110.3 E.01859
G1 X131.96 Y120.7 E.48561
G1 X132.523 Y120.7 E.01859
G1 X122.123 Y110.3 E.48561
G1 X122.686 Y110.3 E.01859
G1 X133.086 Y120.7 E.48561
G1 X133.649 Y120.7 E.01859
G1 X123.249 Y110.3 E.48561
G1 X123.812 Y110.3 E.01859
G1 X134.212 Y120.7 E.48561
G1 X134.775 Y120.7 E.01859
G1 X124.375 Y110.3 E.48561
G1 X124.938 Y110.3 E.01859
G1 X135.338 Y120.7 E.48561
G1 X135.901 Y120.7 E.01859
G1 X125.501 Y110.3 E.48561
G1 X126.064 Y110.3 E.01859
G1 X136.464 Y120.7 E.48561
G1 X137.027 Y120.7 E.01859
G1 X126.627 Y110.3 E.48561
G1 X127.19 Y110.3 E.01859
G1 X137.59 Y120.7 E.48561
G1 X138.153 Y120.7 E.01859
G1 X127.753 Y110.3 E.48561
G1 X128.316 Y110.3 E.01859
G1 X138.716 Y120.7 E.48561
G1 X139.279 Y120.7 E.01859
G1 X128.879 Y110.3 E.48561
G1 X129.442 Y110.3 E.01859
G1 X139.842 Y120.7 E.48561
G1 X140.405 Y120.7 E.01859
G1 X130.005 Y110.3 E.48561
G1 X130.568 Y110.3 E.01859
G1 X140.968 Y120.7 E.48561
G1 X141.531 Y120.7 E.01859
G1 X131.131 Y110.3 E.48561
G1 X131.694 Y110.3 E.01859
G1 X142.094 Y120.7 E.48561
G1 X142.657 Y120.7 E.01859
G1 X132.257 Y110.3 E.48561
G1 X132.82 Y110.3 E.01859
G1 X143.22 Y120.7 E.48561
G1 X143.783 Y120.7 E.01859
G1 X133.383 Y110.3 E.48561
G1 X133.946 Y110.3 E.01859
G1 X144.351 Y120.705 E.48585
G1 X144.922 Y120.713 E.01885
G1 X134.509 Y110.3 E.48622
G1 X135.072 Y110.3 E.01859
G1 X145.493 Y120.721 E.48659
G1 X146.064 Y120.73 E.01886
G1 X135.635 Y110.3 E.48699
G1 X136.198 Y110.3 E.01859
G1 X146.648 Y120.751 E.48797
G1 X147.236 Y120.776 E.01943
G1 X136.761 Y110.3 E.48914
G1 X137.324 Y110.3 E.01859
G1 X147.824 Y120.801 E.49031
G1 X148.414 Y120.827 E.0195
G1 X137.887 Y110.3 E.49154
G1 X138.45 Y110.3 E.01859
G1 X149.019 Y120.87 E.49353
G1 X149.625 Y120.913 E.02006
G1 X139.013 Y110.3 E.49553
G1 X139.576 Y110.3 E.01859
G1 X150.231 Y120.956 E.49754
G1 X150.846 Y121.008 E.02038
G1 X140.139 Y110.3 E.49997
G1 X140.702 Y110.3 E.01859
G1 X151.471 Y121.07 E.50287
G1 X152.096 Y121.132 E.02074
G1 X141.265 Y110.3 E.50576
G1 X141.828 Y110.3 E.01859
G1 X152.721 Y121.194 E.50866
G1 X153.367 Y121.276 E.0215
G1 X142.39 Y110.3 E.51253
G1 X142.953 Y110.3 E.01859
G1 X154.012 Y121.358 E.51636
G1 X154.657 Y121.441 E.02147
G1 X143.516 Y110.3 E.52021
G1 X144.078 Y110.299 E.01856
G1 X155.318 Y121.539 E.52484
G1 X155.986 Y121.643 E.02232
G1 X144.634 Y110.291 E.53006
G1 X145.189 Y110.283 E.01833
G1 X156.653 Y121.747 E.53529
G1 X157.331 Y121.862 E.02271
G1 X145.744 Y110.275 E.54104
G1 X146.295 Y110.264 E.0182
G1 X158.022 Y121.99 E.54755
G1 X158.713 Y122.119 E.02321
G1 X146.836 Y110.241 E.5546
G1 X147.376 Y110.218 E.01785
G1 X159.413 Y122.256 E.56207
G1 X160.13 Y122.41 E.02421
G1 X147.916 Y110.196 E.57031
G1 X148.453 Y110.17 E.01775
G1 X160.847 Y122.564 E.57872
G1 X161.574 Y122.728 E.02461
G1 X148.979 Y110.133 E.5881
G1 X149.505 Y110.096 E.01741
G1 X162.319 Y122.91 E.59833
G1 X163.064 Y123.092 E.02532
G1 X150.031 Y110.059 E.60856
G1 X150.556 Y110.021 E.01738
G1 X163.827 Y123.291 E.61965
G1 X164.603 Y123.504 E.02657
G1 X151.069 Y109.97 E.63195
G1 X151.581 Y109.919 E.01699
G1 X165.362 Y123.7 E.64348
G1 X165.925 Y123.7 E.01859
G1 X152.093 Y109.869 E.64584
G1 X152.605 Y109.818 E.01699
G1 X166.488 Y123.7 E.64822
G1 X167.051 Y123.7 E.01859
G1 X153.107 Y109.757 E.65107
G1 X153.606 Y109.693 E.01661
G1 X167.613 Y123.7 E.65404
G1 X168.176 Y123.7 E.01859
G1 X154.106 Y109.629 E.657
G1 X154.605 Y109.566 E.01661
G1 X168.739 Y123.7 E.65997
G1 X169.302 Y123.7 E.01859
G1 X155.098 Y109.496 E.66323
G1 X155.585 Y109.42 E.01627
G1 X169.865 Y123.7 E.66678
G1 X170.428 Y123.7 E.01859
G1 X156.072 Y109.344 E.67033
G1 X156.559 Y109.267 E.01628
G1 X170.991 Y123.7 E.6739
G1 X171.554 Y123.7 E.01859
G1 X157.045 Y109.191 E.67748
G1 X157.52 Y109.103 E.01595
G1 X172.117 Y123.7 E.68159
G1 X172.68 Y123.7 E.01859
G1 X157.995 Y109.015 E.68569
G1 X158.47 Y108.927 E.01595
G1 X173.243 Y123.7 E.6898
G1 X173.806 Y123.7 E.01859
G1 X158.945 Y108.838 E.69394
G1 X159.414 Y108.744 E.01579
G1 X174.369 Y123.7 E.69832
G1 X174.932 Y123.7 E.01859
G1 X159.877 Y108.645 E.70297
G1 X160.34 Y108.545 E.01564
G1 X175.495 Y123.7 E.70764
G1 X176.058 Y123.7 E.01859
G1 X160.804 Y108.446 E.71226
G1 X161.267 Y108.346 E.01564
G1 X176.621 Y123.7 E.71693
G1 X177.184 Y123.7 E.01859
G1 X161.721 Y108.236 E.72205
G1 X162.173 Y108.126 E.01536
G1 X177.747 Y123.7 E.7272
G1 X178.31 Y123.7 E.01859
G1 X162.625 Y108.015 E.73239
G1 X163.078 Y107.905 E.01539
G1 X178.873 Y123.7 E.73752
G1 X179.436 Y123.7 E.01859
G1 X163.527 Y107.791 E.74285
G1 X163.969 Y107.67 E.01513
G1 X179.999 Y123.7 E.7485
G1 X180.562 Y123.7 E.01859
G1 X164.411 Y107.549 E.75415
G1 X164.853 Y107.427 E.01514
G1 X181.125 Y123.7 E.75982
G1 X181.688 Y123.7 E.01859
G1 X165.294 Y107.306 E.76549
G1 X165.851 Y107.3 E.01839
G1 X182.251 Y123.7 E.76577
G1 X182.814 Y123.7 E.01859
G1 X166.414 Y107.3 E.76577
G1 X166.977 Y107.3 E.01859
G1 X183.377 Y123.7 E.76577
G1 X183.94 Y123.7 E.01859
G1 X167.54 Y107.3 E.76577
G1 X168.103 Y107.3 E.01859
G1 X184.503 Y123.7 E.76577
G1 X185.066 Y123.7 E.01859
G1 X168.666 Y107.3 E.76577
G1 X169.229 Y107.3 E.01859
G1 X185.629 Y123.7 E.76577
G1 X186.192 Y123.7 E.01859
G1 X169.792 Y107.3 E.76577
G1 X170.355 Y107.3 E.01859
G1 X186.755 Y123.7 E.76577
G1 X187.318 Y123.7 E.01859
G1 X170.918 Y107.3 E.76577
G1 X171.481 Y107.3 E.01859
G1 X187.881 Y123.7 E.76577
G1 X188.444 Y123.7 E.01859
G1 X172.044 Y107.3 E.76577
G1 X172.607 Y107.3 E.01859
G1 X189.007 Y123.7 E.76577
G1 X189.57 Y123.7 E.01859
G1 X173.17 Y107.3 E.76577
G1 X173.733 Y107.3 E.01859
G1 X190.133 Y123.7 E.76577
G1 X190.696 Y123.7 E.01859
G1 X174.296 Y107.3 E.76577
G1 X174.859 Y107.3 E.01859
G1 X191.259 Y123.7 E.76577
G1 X191.822 Y123.7 E.01859
G1 X175.422 Y107.3 E.76577
G1 X175.985 Y107.3 E.01859
G1 X192.385 Y123.7 E.76577
G1 X192.948 Y123.7 E.01859
G1 X176.548 Y107.3 E.76577
G1 X177.111 Y107.3 E.01859
G1 X193.511 Y123.7 E.76577
G1 X194.074 Y123.7 E.01859
G1 X177.674 Y107.3 E.76577
G1 X178.237 Y107.3 E.01859
G1 X194.637 Y123.7 E.76577
G1 X195.2 Y123.7 E.01859
G1 X178.8 Y107.3 E.76577
G1 X179.363 Y107.3 E.01859
G1 X195.763 Y123.7 E.76577
G1 X196.326 Y123.7 E.01859
G1 X179.926 Y107.3 E.76577
G1 X180.489 Y107.3 E.01859
G1 X196.7 Y123.511 E.75695
G1 X196.7 Y122.948 E.01859
G1 X181.052 Y107.3 E.73066
G1 X181.615 Y107.3 E.01859
G1 X196.7 Y122.385 E.70437
G1 X196.7 Y121.822 E.01859
G1 X182.178 Y107.3 E.67808
G1 X182.741 Y107.3 E.01859
G1 X196.7 Y121.259 E.65179
G1 X196.7 Y120.696 E.01859
G1 X183.304 Y107.3 E.62551
G1 X183.867 Y107.3 E.01859
G1 X196.7 Y120.133 E.59922
G1 X196.7 Y119.57 E.01859
G1 X184.43 Y107.3 E.57293
G1 X184.993 Y107.3 E.01859
G1 X196.7 Y119.007 E.54664
G1 X196.7 Y118.444 E.01859
G1 X185.556 Y107.3 E.52035
G1 X186.119 Y107.3 E.01859
G1 X196.7 Y117.881 E.49406
G1 X196.7 Y117.318 E.01859
G1 X186.682 Y107.3 E.46778
G1 X187.245 Y107.3 E.01859
G1 X196.7 Y116.755 E.44149
G1 X196.7 Y116.192 E.01859
G1 X187.808 Y107.3 E.4152
G1 X188.371 Y107.3 E.01859
G1 X196.7 Y115.629 E.38891
G1 X196.7 Y115.066 E.01859
G1 X188.934 Y107.3 E.36262
G1 X189.497 Y107.3 E.01859
G1 X196.7 Y114.503 E.33633
G1 X196.7 Y113.94 E.01859
G1 X190.06 Y107.3 E.31004
G1 X190.623 Y107.3 E.01859
G1 X196.7 Y113.377 E.28376
G1 X196.7 Y112.814 E.01859
G1 X191.186 Y107.3 E.25747
G1 X191.749 Y107.3 E.01859
G1 X196.7 Y112.251 E.23118
G1 X196.7 Y111.688 E.01859
G1 X192.312 Y107.3 E.20489
G1 X192.875 Y107.3 E.01859
G1 X196.7 Y111.125 E.1786
G1 X196.7 Y110.562 E.01859
G1 X193.438 Y107.3 E.15231
G1 X194.001 Y107.3 E.01859
G1 X196.7 Y109.999 E.12603
G1 X196.7 Y109.436 E.01859
G1 X194.564 Y107.3 E.09974
G1 X195.127 Y107.3 E.01859
G1 X196.7 Y108.873 E.07345
G1 X196.7 Y108.31 E.01859
G1 X195.69 Y107.3 E.04716
G1 X196.253 Y107.3 E.01859
G1 X196.879 Y107.926 E.02923
;LAYER_CHANGE
;Z:1.6
;HEIGHT:0.2
;BEFORE_LAYER_CHANGE
G92 E0
;1.6


G1 E-3.5 F3600
;WIPE_START
G1 F7200
G1 X196.253 Y107.3 E-.42052
G1 X195.69 Y107.3 E-.26743
G1 X196.7 Y108.31 E-.67847
G1 X196.7 Y108.591 E-.13358
;WIPE_END
G1 Z1.6 F9000
;AFTER_LAYER_CHANGE
;1.6
G1 X196.806 Y106.994
G1 E5 F2400
;TYPE:Perimeter
;WIDTH:0.439999
G1 X196.806 Y124.006 E.56169
G1 X165.076 Y124.006 E1.04764
G1 X163.113 Y123.467 E.06721
G1 X161.017 Y122.956 E.07123
G1 X158.895 Y122.5 E.07166
G1 X156.761 Y122.105 E.07166
G1 X154.617 Y121.769 E.07165
G1 X152.464 Y121.495 E.07166
G1 X150.304 Y121.281 E.07167
G1 X148.139 Y121.128 E.07166
G1 X145.97 Y121.036 E.07168
G1 X143.807 Y121.006 E.07142
G1 X86.793 Y121.006 E1.88245
G1 X84.63 Y121.036 E.07142
G1 X82.461 Y121.128 E.07168
G1 X80.296 Y121.281 E.07166
G1 X78.136 Y121.495 E.07167
G1 X75.983 Y121.769 E.07166
G1 X73.839 Y122.105 E.07165
G1 X71.705 Y122.5 E.07166
G1 X69.583 Y122.956 E.07166
G1 X67.474 Y123.471 E.07168
G1 X65.524 Y124.006 E.06676
G1 X33.794 Y124.006 E1.04764
G1 X33.794 Y106.994 E.56169
G1 X65.524 Y106.994 E1.04764
G1 X67.487 Y107.533 E.06721
G1 X69.583 Y108.044 E.07123
G1 X71.705 Y108.5 E.07166
G1 X73.839 Y108.895 E.07166
G1 X75.983 Y109.231 E.07165
G1 X78.136 Y109.505 E.07166
G1 X80.296 Y109.719 E.07167
G1 X82.461 Y109.872 E.07166
G1 X84.63 Y109.964 E.07168
G1 X86.793 Y109.994 E.07142
G1 X143.807 Y109.994 E1.88245
G1 X145.97 Y109.964 E.07142
G1 X148.139 Y109.872 E.07168
G1 X150.304 Y109.719 E.07166
G1 X152.464 Y109.505 E.07167
G1 X154.617 Y109.231 E.07166
G1 X156.761 Y108.895 E.07165
G1 X158.895 Y108.5 E.07166
G1 X161.017 Y108.044 E.07166
G1 X163.126 Y107.529 E.07168
G1 X165.076 Y106.994 E.06676
G1 X196.746 Y106.994 E1.04566
G1 X197.203 Y106.597 F9000
G1 F2400
G1 X197.203 Y124.403 E.58791
G1 X165.023 Y124.403 E1.0625
G1 X163.018 Y123.853 E.06865
G1 X160.929 Y123.343 E.071
G1 X158.818 Y122.889 E.07129
G1 X156.694 Y122.496 E.07132
G1 X154.561 Y122.163 E.07128
G1 X152.419 Y121.889 E.0713
G1 X150.27 Y121.677 E.0713
G1 X148.116 Y121.525 E.0713
G1 X145.959 Y121.433 E.07128
G1 X143.804 Y121.403 E.07116
G1 X86.796 Y121.403 E1.88225
G1 X84.641 Y121.433 E.07116
G1 X82.484 Y121.525 E.07128
G1 X80.33 Y121.677 E.0713
G1 X78.181 Y121.889 E.0713
G1 X76.039 Y122.163 E.0713
G1 X73.906 Y122.496 E.07128
G1 X71.783 Y122.889 E.07129
G1 X69.671 Y123.343 E.07133
G1 X67.574 Y123.855 E.07127
G1 X65.577 Y124.403 E.06837
G1 X33.397 Y124.403 E1.0625
G1 X33.397 Y106.597 E.58791
G1 X65.577 Y106.597 E1.0625
G1 X67.582 Y107.147 E.06865
G1 X69.671 Y107.657 E.071
G1 X71.783 Y108.111 E.07133
G1 X73.906 Y108.504 E.07129
G1 X76.039 Y108.837 E.07128
G1 X78.181 Y109.111 E.0713
G1 X80.33 Y109.323 E.0713
G1 X82.484 Y109.475 E.0713
G1 X84.641 Y109.567 E.07128
G1 X86.796 Y109.597 E.07116
G1 X143.804 Y109.597 E1.88225
G1 X145.959 Y109.567 E.07116
G1 X148.116 Y109.475 E.07128
G1 X150.27 Y109.323 E.0713
G1 X152.419 Y109.111 E.0713
G1 X154.561 Y108.837 E.0713
G1 X156.694 Y108.504 E.07128
G1 X158.817 Y108.111 E.07129
G1 X160.929 Y107.657 E.07133
G1 X163.026 Y107.145 E.07127
G1 X165.023 Y106.597 E.06837
G1 X197.143 Y106.597 E1.06051
G1 X197.59 Y106.21 F9000
;TYPE:External perimeter
;WIDTH:0.419999
G1 F1500
G1 X197.59 Y124.79 E.58256
G1 X164.971 Y124.79 E1.02274
G1 X162.926 Y124.229 E.06649
G1 X160.842 Y123.72 E.06726
G1 X158.742 Y123.269 E.06735
G1 X156.629 Y122.878 E.06738
G1 X154.507 Y122.546 E.06734
G1 X152.376 Y122.274 E.06736
G1 X150.238 Y122.062 E.06736
G1 X148.095 Y121.911 E.06736
G1 X145.948 Y121.82 E.06738
G1 X143.8 Y121.79 E.06736
G1 X86.797 Y121.79 E1.78729
G1 X84.652 Y121.82 E.06726
G1 X82.505 Y121.911 E.06738
G1 X80.362 Y122.062 E.06736
G1 X78.225 Y122.274 E.06733
G1 X76.093 Y122.546 E.06739
G1 X73.971 Y122.878 E.06734
G1 X71.858 Y123.269 E.06738
G1 X69.758 Y123.72 E.06735
G1 X67.671 Y124.23 E.06736
G1 X65.629 Y124.79 E.06639
G1 X33.01 Y124.79 E1.02274
G1 X33.01 Y106.21 E.58256
G1 X65.629 Y106.21 E1.02274
G1 X67.674 Y106.771 E.06649
G1 X69.758 Y107.28 E.06726
G1 X71.858 Y107.731 E.06735
G1 X73.971 Y108.122 E.06738
G1 X76.093 Y108.454 E.06734
G1 X78.224 Y108.726 E.06736
G1 X80.362 Y108.938 E.06736
G1 X82.505 Y109.089 E.06736
G1 X84.652 Y109.18 E.06738
G1 X86.8 Y109.21 E.06736
G1 X143.803 Y109.21 E1.78729
G1 X145.948 Y109.18 E.06726
G1 X148.095 Y109.089 E.06738
G1 X150.238 Y108.938 E.06736
G1 X152.376 Y108.726 E.06736
G1 X154.507 Y108.454 E.06736
G1 X156.629 Y108.122 E.06734
G1 X158.742 Y107.731 E.06738
G1 X160.842 Y107.28 E.06735
G1 X162.929 Y106.77 E.06736
G1 X164.971 Y106.21 E.06639
G1 X197.53 Y106.21 E1.02086
G1 X196.679 Y107.926 F9000
;TYPE:Internal infill
;WIDTH:0.44
G1 F3000
G1 X196.053 Y107.3 E.02923
G1 X195.49 Y107.3 E.01859
G1 X196.5 Y108.31 E.04716
G1 X196.5 Y108.873 E.01859
G1 X194.927 Y107.3 E.07345
G1 X194.364 Y107.3 E.01859
G1 X196.5 Y109.436 E.09974
G1 X196.5 Y109.999 E.01859
G1 X193.801 Y107.3 E.12603
G1 X193.238 Y107.3 E.01859
G1 X196.5 Y110.562 E.15231
G1 X196.5 Y111.125 E.01859
G1 X192.675 Y107.3 E.1786
G1 X192.112 Y107.3 E.01859
G1 X196.5 Y111.688 E.20489
G1 X196.5 Y112.251 E.01859
G1 X191.549 Y107.3 E.23118
G1 X190.986 Y107.3 E.01859
G1 X196.5 Y112.814 E.25747
G1 X196.5 Y113.377 E.01859
G1 X190.423 Y107.3 E.28376
G1 X189.86 Y107.3 E.01859
G1 X196.5 Y113.94 E.31004
G1 X196.5 Y114.503 E.01859
G1 X189.297 Y107.3 E.33633
G1 X188.734 Y107.3 E.01859
G1 X196.5 Y115.066 E.36262
G1 X196.5 Y115.629 E.01859
G1 X188.171 Y107.3 E.38891
G1 X187.608 Y107.3 E.01859
G1 X196.5 Y116.192 E.4152
G1 X196.5 Y116.755 E.01859
G1 X187.045 Y107.3 E.44149
G1 X186.482 Y107.3 E.01859
G1 X196.5 Y117.318 E.46778
G1 X196.5 Y117.881 E.01859
G1 X185.919 Y107.3 E.49406
G1 X185.356 Y107.3 E.01859
G1 X196.5 Y118.444 E.52035
G1 X196.5 Y119.007 E.01859
G1 X184.793 Y107.3 E.54664
G1 X184.23 Y107.3 E.01859
G1 X196.5 Y119.57 E.57293
G1 X196.5 Y120.133 E.01859
G1 X183.667 Y107.3 E.59922
G1 X183.104 Y107.3 E.01859
G1 X196.5 Y120.696 E.62551
G1 X196.5 Y121.259 E.01859
G1 X182.541 Y107.3 E.65179
G1 X181.978 Y107.3 E.01859
G1 X196.5 Y121.822 E.67808
G1 X196.5 Y122.385 E.01859
G1 X181.415 Y107.3 E.70437
G1 X180.852 Y107.3 E.01859
G1 X196.5 Y122.948 E.73066
G1 X196.5 Y123.511 E.01859
G1 X180.289 Y107.3 E.75695
G1 X179.726 Y107.3 E.01859
G1 X196.126 Y123.7 E.76577
G1 X195.563 Y123.7 E.01859
G1 X179.163 Y107.3 E.76577
G1 X178.6 Y107.3 E.01859
G1 X195 Y123.7 E.76577
G1 X194.437 Y123.7 E.01859
G1 X178.037 Y107.3 E.76577
G1 X177.474 Y107.3 E.01859
G1 X193.874 Y123.7 E.76577
G1 X193.311 Y123.7 E.01859
G1 X176.911 Y107.3 E.76577
G1 X176.348 Y107.3 E.01859
G1 X192.748 Y123.7 E.76577
G1 X192.185 Y123.7 E.01859
G1 X175.785 Y107.3 E.76577
G1 X175.222 Y107.3 E.01859
G1 X191.622 Y123.7 E.76577
G1 X191.059 Y123.7 E.01859
G1 X174.659 Y107.3 E.76577
G1 X174.096 Y107.3 E.01859
G1 X190.496 Y123.7 E.76577
G1 X189.933 Y123.7 E.01859
G1 X173.533 Y107.3 E.76577
G1 X172.97 Y107.3 E.01859
G1 X189.37 Y123.7 E.76577
G1 X188.807 Y123.7 E.01859
G1 X172.407 Y107.3 E.76577
G1 X171.844 Y107.3 E.01859
G1 X188.244 Y123.7 E.76577
G1 X187.681 Y123.7 E.01859
G1 X171.281 Y107.3 E.76577
G1 X170.718 Y107.3 E.01859
G1 X187.118 Y123.7 E.76577
G1 X186.555 Y123.7 E.01859
G1 X170.155 Y107.3 E.76577
G1 X169.592 Y107.3 E.01859
G1 X185.992 Y123.7 E.76577
G1 X185.429 Y123.7 E.01859
G1 X169.029 Y107.3 E.76577
G1 X168.466 Y107.3 E.01859
G1 X184.866 Y123.7 E.76577
G1 X184.303 Y123.7 E.01859
G1 X167.903 Y107.3 E.76577
G1 X167.34 Y107.3 E.01859
G1 X183.74 Y123.7 E.76577
G1 X183.177 Y123.7 E.01859
G1 X166.777 Y107.3 E.76577
G1 X166.214 Y107.3 E.01859
G1 X182.614 Y123.7 E.76577
G1 X182.051 Y123.7 E.01859
G1 X165.651 Y107.3 E.76577
G1 X165.094 Y107.306 E.01839
G1 X181.488 Y123.7 E.76549
G1 X180.925 Y123.7 E.01859
G1 X164.653 Y107.427 E.75982
G1 X164.211 Y107.549 E.01514
G1 X180.362 Y123.7 E.75415
G1 X179.799 Y123.7 E.01859
G1 X163.769 Y107.67 E.7485
G1 X163.327 Y107.791 E.01513
G1 X179.236 Y123.7 E.74285
G1 X178.673 Y123.7 E.01859
G1 X162.878 Y107.905 E.73752
G1 X162.425 Y108.015 E.01539
G1 X178.11 Y123.7 E.73239
G1 X177.547 Y123.7 E.01859
G1 X161.973 Y108.126 E.7272
G1 X161.521 Y108.236 E.01536
G1 X176.984 Y123.7 E.72205
G1 X176.421 Y123.7 E.01859
G1 X161.067 Y108.346 E.71693
G1 X160.604 Y108.446 E.01564
G1 X175.858 Y123.7 E.71226
G1 X175.295 Y123.7 E.01859
G1 X160.14 Y108.545 E.70764
G1 X159.677 Y108.645 E.01564
G1 X174.732 Y123.7 E.70297
G1 X174.169 Y123.7 E.01859
G1 X159.214 Y108.744 E.69832
G1 X158.745 Y108.838 E.01579
G1 X173.606 Y123.7 E.69394
G1 X173.043 Y123.7 E.01859
G1 X158.27 Y108.927 E.6898
G1 X157.795 Y109.015 E.01595
G1 X172.48 Y123.7 E.68569
G1 X171.917 Y123.7 E.01859
G1 X157.32 Y109.103 E.68159
G1 X156.845 Y109.191 E.01595
G1 X171.354 Y123.7 E.67748
G1 X170.791 Y123.7 E.01859
G1 X156.359 Y109.267 E.6739
G1 X155.872 Y109.344 E.01628
G1 X170.228 Y123.7 E.67033
G1 X169.665 Y123.7 E.01859
G1 X155.385 Y109.42 E.66678
G1 X154.898 Y109.496 E.01627
G1 X169.102 Y123.7 E.66323
G1 X168.539 Y123.7 E.01859
G1 X154.405 Y109.566 E.65997
G1 X153.906 Y109.629 E.01661
G1 X167.976 Y123.7 E.657
G1 X167.413 Y123.7 E.01859
G1 X153.406 Y109.693 E.65404
G1 X152.907 Y109.757 E.01661
G1 X166.851 Y123.7 E.65107
G1 X166.288 Y123.7 E.01859
G1 X152.405 Y109.818 E.64822
G1 X151.893 Y109.869 E.01699
G1 X165.725 Y123.7 E.64584
G1 X165.162 Y123.7 E.01859
G1 X151.381 Y109.919 E.64348
G1 X150.869 Y109.97 E.01699
G1 X164.403 Y123.504 E.63195
G1 X163.627 Y123.291 E.02657
G1 X150.357 Y110.021 E.61962
G1 X149.831 Y110.059 E.01741
G1 X162.864 Y123.092 E.60856
G1 X162.119 Y122.91 E.02532
G1 X149.305 Y110.096 E.59833
G1 X148.779 Y110.133 E.01741
G1 X161.374 Y122.728 E.5881
G1 X160.647 Y122.564 E.02461
G1 X148.253 Y110.17 E.57872
G1 X147.716 Y110.196 E.01775
G1 X159.93 Y122.41 E.57031
G1 X159.213 Y122.256 E.02421
G1 X147.176 Y110.218 E.56207
G1 X146.636 Y110.241 E.01785
G1 X158.513 Y122.119 E.5546
G1 X157.822 Y121.99 E.02321
G1 X146.095 Y110.264 E.54755
G1 X145.544 Y110.275 E.0182
G1 X157.131 Y121.862 E.54104
G1 X156.453 Y121.747 E.02271
G1 X144.989 Y110.283 E.53529
G1 X144.434 Y110.291 E.01833
G1 X155.786 Y121.643 E.53006
G1 X155.118 Y121.539 E.02232
G1 X143.878 Y110.299 E.52484
G1 X143.316 Y110.3 E.01856
G1 X154.457 Y121.441 E.52021
G1 X153.812 Y121.358 E.02147
G1 X142.753 Y110.3 E.51636
G1 X142.19 Y110.3 E.01859
G1 X153.167 Y121.276 E.51253
G1 X152.521 Y121.194 E.0215
G1 X141.627 Y110.3 E.50868
G1 X141.065 Y110.3 E.01856
G1 X151.896 Y121.132 E.50576
G1 X151.271 Y121.07 E.02074
G1 X140.502 Y110.3 E.50287
G1 X139.939 Y110.3 E.01859
G1 X150.646 Y121.008 E.49997
G1 X150.031 Y120.956 E.02038
G1 X139.376 Y110.3 E.49754
G1 X138.813 Y110.3 E.01859
G1 X149.425 Y120.913 E.49553
G1 X148.819 Y120.87 E.02006
G1 X138.25 Y110.3 E.49353
G1 X137.687 Y110.3 E.01859
G1 X148.214 Y120.827 E.49154
G1 X147.624 Y120.801 E.0195
G1 X137.124 Y110.3 E.49031
G1 X136.561 Y110.3 E.01859
G1 X147.036 Y120.776 E.48914
G1 X146.448 Y120.751 E.01943
G1 X135.998 Y110.3 E.48797
G1 X135.435 Y110.3 E.01859
G1 X145.864 Y120.73 E.48699
G1 X145.293 Y120.721 E.01886
G1 X134.872 Y110.3 E.48659
G1 X134.309 Y110.3 E.01859
G1 X144.722 Y120.713 E.48622
G1 X144.151 Y120.705 E.01885
G1 X133.746 Y110.3 E.48585
G1 X133.183 Y110.3 E.01859
G1 X143.583 Y120.7 E.48561
G1 X143.02 Y120.7 E.01859
G1 X132.62 Y110.3 E.48561
G1 X132.057 Y110.3 E.01859
G1 X142.457 Y120.7 E.48561
G1 X141.894 Y120.7 E.01859
G1 X131.494 Y110.3 E.48561
G1 X130.931 Y110.3 E.01859
G1 X141.331 Y120.7 E.48561
G1 X140.768 Y120.7 E.01859
G1 X130.368 Y110.3 E.48561
G1 X129.805 Y110.3 E.01859
G1 X140.205 Y120.7 E.48561
G1 X139.642 Y120.7 E.01859
G1 X129.242 Y110.3 E.48561
G1 X128.679 Y110.3 E.01859
G1 X139.079 Y120.7 E.48561
G1 X138.516 Y120.7 E.01859
G1 X128.116 Y110.3 E.48561
G1 X127.553 Y110.3 E.01859
G1 X137.953 Y120.7 E.48561
G1 X137.39 Y120.7 E.01859
G1 X126.99 Y110.3 E.48561
G1 X126.427 Y110.3 E.01859
G1 X136.827 Y120.7 E.48561
G1 X136.264 Y120.7 E.01859
G1 X125.864 Y110.3 E.48561
G1 X125.301 Y110.3 E.01859
G1 X135.701 Y120.7 E.48561
G1 X135.138 Y120.7 E.01859
G1 X124.738 Y110.3 E.48561
G1 X124.175 Y110.3 E.01859
G1 X134.575 Y120.7 E.48561
G1 X134.012 Y120.7 E.01859
G1 X123.612 Y110.3 E.48561
G1 X123.049 Y110.3 E.01859
G1 X133.449 Y120.7 E.48561
G1 X132.886 Y120.7 E.01859
G1 X122.486 Y110.3 E.48561
G1 X121.923 Y110.3 E.01859
G1 X132.323 Y120.7 E.48561
G1 X131.76 Y120.7 E.01859
G1 X121.36 Y110.3 E.48561
G1 X120.797 Y110.3 E.01859
G1 X131.197 Y120.7 E.48561
G1 X130.634 Y120.7 E.01859
G1 X120.234 Y110.3 E.48561
G1 X119.671 Y110.3 E.01859
G1 X130.071 Y120.7 E.48561
G1 X129.508 Y120.7 E.01859
G1 X119.108 Y110.3 E.48561
G1 X118.545 Y110.3 E.01859
G1 X128.945 Y120.7 E.48561
G1 X128.382 Y120.7 E.01859
G1 X117.982 Y110.3 E.48561
G1 X117.419 Y110.3 E.01859
G1 X127.819 Y120.7 E.48561
G1 X127.256 Y120.7 E.01859
G1 X116.856 Y110.3 E.48561
G1 X116.293 Y110.3 E.01859
G1 X126.693 Y120.7 E.48561
G1 X126.13 Y120.7 E.01859
G1 X115.73 Y110.3 E.48561
G1 X115.167 Y110.3 E.01859
G1 X125.567 Y120.7 E.48561
G1 X125.004 Y120.7 E.01859
G1 X114.604 Y110.3 E.48561
G1 X114.041 Y110.3 E.01859
G1 X124.441 Y120.7 E.48561
G1 X123.878 Y120.7 E.01859
G1 X113.478 Y110.3 E.48561
G1 X112.915 Y110.3 E.01859
G1 X123.315 Y120.7 E.48561
G1 X122.752 Y120.7 E.01859
G1 X112.352 Y110.3 E.48561
G1 X111.789 Y110.3 E.01859
G1 X122.189 Y120.7 E.48561
G1 X121.626 Y120.7 E.01859
G1 X111.226 Y110.3 E.48561
G1 X110.663 Y110.3 E.01859
G1 X121.063 Y120.7 E.48561
G1 X120.5 Y120.7 E.01859
G1 X110.1 Y110.3 E.48561
G1 X109.537 Y110.3 E.01859
G1 X119.937 Y120.7 E.48561
G1 X119.374 Y120.7 E.01859
G1 X108.974 Y110.3 E.48561
G1 X108.411 Y110.3 E.01859
G1 X118.811 Y120.7 E.48561
G1 X118.248 Y120.7 E.01859
G1 X107.848 Y110.3 E.48561
G1 X107.285 Y110.3 E.01859
G1 X117.685 Y120.7 E.48561
G1 X117.122 Y120.7 E.01859
G1 X106.722 Y110.3 E.48561
G1 X106.159 Y110.3 E.01859
G1 X116.559 Y120.7 E.48561
G1 X115.996 Y120.7 E.01859
G1 X105.596 Y110.3 E.48561
G1 X105.033 Y110.3 E.01859
G1 X115.433 Y120.7 E.48561
G1 X114.87 Y120.7 E.01859
G1 X104.47 Y110.3 E.48561
G1 X103.907 Y110.3 E.01859
G1 X114.307 Y120.7 E.48561
G1 X113.744 Y120.7 E.01859
G1 X103.344 Y110.3 E.48561
G1 X102.781 Y110.3 E.01859
G1 X113.181 Y120.7 E.48561
G1 X112.618 Y120.7 E.01859
G1 X102.218 Y110.3 E.48561
G1 X101.655 Y110.3 E.01859
G1 X112.055 Y120.7 E.48561
G1 X111.492 Y120.7 E.01859
G1 X101.092 Y110.3 E.48561
G1 X100.529 Y110.3 E.01859
G1 X110.929 Y120.7 E.48561
G1 X110.366 Y120.7 E.01859
G1 X99.966 Y110.3 E.48561
G1 X99.403 Y110.3 E.01859
G1 X109.803 Y120.7 E.48561
G1 X109.24 Y120.7 E.01859
G1 X98.84 Y110.3 E.48561
G1 X98.277 Y110.3 E.01859
G1 X108.677 Y120.7 E.48561
G1 X108.114 Y120.7 E.01859
G1 X97.714 Y110.3 E.48561
G1 X97.151 Y110.3 E.01859
G1 X107.551 Y120.7 E.48561
G1 X106.988 Y120.7 E.01859
G1 X96.588 Y110.3 E.48561
G1 X96.025 Y110.3 E.01859
G1 X106.425 Y120.7 E.48561
G1 X105.862 Y120.7 E.01859
G1 X95.462 Y110.3 E.48561
G1 X94.899 Y110.3 E.01859
G1 X105.299 Y120.7 E.48561
G1 X104.736 Y120.7 E.01859
G1 X94.336 Y110.3 E.48561
G1 X93.773 Y110.3 E.01859
G1 X104.173 Y120.7 E.48561
G1 X103.61 Y120.7 E.01859
G1 X93.21 Y110.3 E.48561
G1 X92.647 Y110.3 E.01859
G1 X103.047 Y120.7 E.48561
G1 X102.484 Y120.7 E.01859
G1 X92.084 Y110.3 E.48561
G1 X91.521 Y110.3 E.01859
G1 X101.921 Y120.7 E.48561
G1 X101.358 Y120.7 E.01859
G1 X90.958 Y110.3 E.48561
G1 X90.395 Y110.3 E.01859
G1 X100.795 Y120.7 E.48561
G1 X100.232 Y120.7 E.01859
G1 X89.832 Y110.3 E.48561
G1 X89.269 Y110.3 E.01859
G1 X99.669 Y120.7 E.48561
G1 X99.106 Y120.7 E.01859
G1 X88.706 Y110.3 E.48561
G1 X88.143 Y110.3 E.01859
G1 X98.544 Y120.7 E.48564
G1 X97.981 Y120.7 E.01859
G1 X87.58 Y110.3 E.48564
G1 X87.017 Y110.3 E.01859
G1 X97.418 Y120.7 E.48564
G1 X96.855 Y120.7 E.01859
G1 X86.449 Y110.295 E.48587
G1 X85.878 Y110.287 E.01885
G1 X96.292 Y120.7 E.48624
G1 X95.729 Y120.7 E.01859
G1 X85.307 Y110.279 E.48662
G1 X84.736 Y110.27 E.01886
G1 X95.166 Y120.7 E.48701
G1 X94.603 Y120.7 E.01859
G1 X84.152 Y110.249 E.48799
G1 X83.564 Y110.224 E.01943
G1 X94.04 Y120.7 E.48916
G1 X93.477 Y120.7 E.01859
G1 X82.976 Y110.199 E.49033
G1 X82.387 Y110.173 E.01947
G1 X92.914 Y120.7 E.49154
G1 X92.351 Y120.7 E.01859
G1 X81.781 Y110.13 E.49355
G1 X81.175 Y110.087 E.02006
G1 X91.788 Y120.7 E.49556
G1 X91.225 Y120.7 E.01859
G1 X80.569 Y110.044 E.49757
G1 X79.954 Y109.992 E.02038
G1 X90.662 Y120.7 E.49999
G1 X90.099 Y120.7 E.01859
G1 X79.329 Y109.93 E.50289
G1 X78.704 Y109.868 E.02074
G1 X89.536 Y120.7 E.50578
G1 X88.973 Y120.7 E.01859
G1 X78.079 Y109.806 E.50868
G1 X77.433 Y109.724 E.0215
G1 X88.41 Y120.7 E.51253
G1 X87.847 Y120.7 E.01859
G1 X76.788 Y109.642 E.51636
G1 X76.143 Y109.559 E.02147
G1 X87.284 Y120.7 E.52021
G1 X86.722 Y120.701 E.01856
G1 X75.482 Y109.461 E.52484
G1 X74.815 Y109.357 E.02229
G1 X86.167 Y120.709 E.53006
G1 X85.611 Y120.717 E.01836
G1 X74.147 Y109.253 E.53529
G1 X73.47 Y109.138 E.02267
G1 X85.056 Y120.725 E.54101
G1 X84.505 Y120.736 E.0182
G1 X72.778 Y109.01 E.54755
G1 X72.087 Y108.881 E.02321
G1 X83.964 Y120.759 E.5546
G1 X83.424 Y120.782 E.01785
G1 X71.387 Y108.744 E.56207
G1 X70.67 Y108.59 E.02421
G1 X82.884 Y120.804 E.57031
G1 X82.347 Y120.83 E.01775
G1 X69.953 Y108.436 E.57872
G1 X69.226 Y108.272 E.02461
G1 X81.821 Y120.867 E.5881
G1 X81.295 Y120.904 E.01741
G1 X68.481 Y108.09 E.59833
G1 X67.736 Y107.908 E.02532
G1 X80.769 Y120.941 E.60856
G1 X80.244 Y120.979 E.01738
G1 X66.973 Y107.709 E.61965
G1 X66.198 Y107.496 E.02654
G1 X79.731 Y121.03 E.63193
G1 X79.219 Y121.081 E.01699
G1 X65.439 Y107.3 E.64346
G1 X64.876 Y107.3 E.01859
G1 X78.707 Y121.131 E.64582
G1 X78.195 Y121.182 E.01699
G1 X64.313 Y107.3 E.6482
G1 X63.75 Y107.3 E.01859
G1 X77.693 Y121.243 E.65105
G1 X77.194 Y121.307 E.01661
G1 X63.187 Y107.3 E.65404
G1 X62.624 Y107.3 E.01859
G1 X76.694 Y121.371 E.657
G1 X76.195 Y121.434 E.01661
G1 X62.061 Y107.3 E.65997
G1 X61.498 Y107.3 E.01859
G1 X75.702 Y121.504 E.66323
G1 X75.215 Y121.58 E.01627
G1 X60.935 Y107.3 E.66678
G1 X60.372 Y107.3 E.01859
G1 X74.728 Y121.656 E.67033
G1 X74.241 Y121.733 E.01628
G1 X59.809 Y107.3 E.6739
G1 X59.246 Y107.3 E.01859
G1 X73.755 Y121.809 E.67748
G1 X73.28 Y121.897 E.01595
G1 X58.683 Y107.3 E.68159
G1 X58.12 Y107.3 E.01859
G1 X72.805 Y121.985 E.68569
G1 X72.33 Y122.073 E.01595
G1 X57.557 Y107.3 E.6898
G1 X56.994 Y107.3 E.01859
G1 X71.855 Y122.162 E.69394
G1 X71.387 Y122.256 E.01576
G1 X56.431 Y107.3 E.69835
G1 X55.868 Y107.3 E.01859
G1 X70.923 Y122.355 E.70297
G1 X70.46 Y122.455 E.01564
G1 X55.305 Y107.3 E.70764
G1 X54.742 Y107.3 E.01859
G1 X69.996 Y122.554 E.71226
G1 X69.533 Y122.654 E.01564
G1 X54.179 Y107.3 E.71693
G1 X53.616 Y107.3 E.01859
G1 X69.08 Y122.764 E.72207
G1 X68.627 Y122.874 E.01539
G1 X53.053 Y107.3 E.7272
G1 X52.49 Y107.3 E.01859
G1 X68.175 Y122.985 E.73239
G1 X67.722 Y123.095 E.01539
G1 X51.927 Y107.3 E.73752
G1 X51.364 Y107.3 E.01859
G1 X67.273 Y123.209 E.74285
G1 X66.831 Y123.33 E.01513
G1 X50.801 Y107.3 E.7485
G1 X50.238 Y107.3 E.01859
G1 X66.389 Y123.451 E.75415
G1 X65.948 Y123.573 E.01511
G1 X49.675 Y107.3 E.75984
G1 X49.112 Y107.3 E.01859
G1 X65.506 Y123.694 E.76549
G1 X64.949 Y123.7 E.01839
G1 X48.549 Y107.3 E.76577
G1 X47.986 Y107.3 E.01859
G1 X64.386 Y123.7 E.76577
G1 X63.823 Y123.7 E.01859
G1 X47.423 Y107.3 E.76577
G1 X46.86 Y107.3 E.01859
G1 X63.26 Y123.7 E.76577
G1 X62.697 Y123.7 E.01859
G1 X46.297 Y107.3 E.76577
G1 X45.734 Y107.3 E.01859
G1 X62.134 Y123.7 E.76577
G1 X61.571 Y123.7 E.01859
G1 X45.171 Y107.3 E.76577
G1 X44.608 Y107.3 E.01859
G1 X61.008 Y123.7 E.76577
G1 X60.445 Y123.7 E.01859
G1 X44.045 Y107.3 E.76577
G1 X43.482 Y107.3 E.01859
G1 X59.882 Y123.7 E.76577
G1 X59.319 Y123.7 E.01859
G1 X42.919 Y107.3 E.76577
G1 X42.356 Y107.3 E.01859
G1 X58.756 Y123.7 E.76577
G1 X58.193 Y123.7 E.01859
G1 X41.793 Y107.3 E.76577
G1 X41.23 Y107.3 E.01859
G1 X57.63 Y123.7 E.76577
G1 X57.067 Y123.7 E.01859
G1 X40.667 Y107.3 E.76577
G1 X40.104 Y107.3 E.01859
G1 X56.504 Y123.7 E.76577
G1 X55.941 Y123.7 E.01859
G1 X39.541 Y107.3 E.76577
G1 X38.978 Y107.3 E.01859
G1 X55.378 Y123.7 E.76577
G1 X54.815 Y123.7 E.01859
G1 X38.415 Y107.3 E.76577
G1 X37.852 Y107.3 E.01859
G1 X54.252 Y123.7 E.76577
G1 X53.689 Y123.7 E.01859
G1 X37.289 Y107.3 E.76577
G1 X36.726 Y107.3 E.01859
G1 X53.126 Y123.7 E.76577
G1 X52.563 Y123.7 E.01859
G1 X36.163 Y107.3 E.76577
G1 X35.6 Y107.3 E.01859
G1 X52 Y123.7 E.76577
G1 X51.437 Y123.7 E.01859
G1 X35.037 Y107.3 E.76577
G1 X34.474 Y107.3 E.01859
G1 X50.874 Y123.7 E.76577
G1 X50.311 Y123.7 E.01859
G1 X34.1 Y107.489 E.75695
G1 X34.1 Y108.052 E.01859
G1 X49.748 Y123.7 E.73066
G1 X49.185 Y123.7 E.01859
G1 X34.1 Y108.615 E.70437
G1 X34.1 Y109.178 E.01859
G1 X48.622 Y123.7 E.67808
G1 X48.059 Y123.7 E.01859
G1 X34.1 Y109.741 E.65179
G1 X34.1 Y110.304 E.01859
G1 X47.496 Y123.7 E.62551
G1 X46.933 Y123.7 E.01859
G1 X34.1 Y110.867 E.59922
G1 X34.1 Y111.43 E.01859
G1 X46.37 Y123.7 E.57293
G1 X45.807 Y123.7 E.01859
G1 X34.1 Y111.993 E.54664
G1 X34.1 Y112.556 E.01859
G1 X45.244 Y123.7 E.52035
G1 X44.681 Y123.7 E.01859
G1 X34.1 Y113.119 E.49406
G1 X34.1 Y113.682 E.01859
G1 X44.118 Y123.7 E.46778
G1 X43.555 Y123.7 E.01859
G1 X34.1 Y114.245 E.44149
G1 X34.1 Y114.808 E.01859
G1 X42.992 Y123.7 E.4152
G1 X42.429 Y123.7 E.01859
G1 X34.1 Y115.371 E.38891
G1 X34.1 Y115.934 E.01859
G1 X41.866 Y123.7 E.36262
G1 X41.303 Y123.7 E.01859
G1 X34.1 Y116.497 E.33633
G1 X34.1 Y117.06 E.01859
G1 X40.74 Y123.7 E.31004
G1 X40.177 Y123.7 E.01859
G1 X34.1 Y117.623 E.28376
G1 X34.1 Y118.186 E.01859
G1 X39.614 Y123.7 E.25747
G1 X39.051 Y123.7 E.01859
G1 X34.1 Y118.749 E.23118
G1 X34.1 Y119.312 E.01859
G1 X38.488 Y123.7 E.20489
G1 X37.925 Y123.7 E.01859
G1 X34.1 Y119.875 E.1786
G1 X34.1 Y120.438 E.01859
G1 X37.362 Y123.7 E.15231
G1 X36.8 Y123.7 E.01856
G1 X34.1 Y121.001 E.12605
G1 X34.1 Y121.563 E.01856
G1 X36.237 Y123.7 E.09978
G1 X35.674 Y123.7 E.01859
G1 X34.1 Y122.126 E.0735
G1 X34.1 Y122.689 E.01859
G1 X35.111 Y123.7 E.04721
G1 X34.548 Y123.7 E.01859
G1 X33.921 Y123.074 E.02925
;LAYER_CHANGE
;Z:1.8
;HEIGHT:0.2
;BEFORE_LAYER_CHANGE
G92 E0
;1.8


G1 E-3.5 F3600
;WIPE_START
G1 F7200
G1 X34.548 Y123.7 E-.42085
G1 X35.111 Y123.7 E-.26743
G1 X34.1 Y122.689 E-.67914
G1 X34.1 Y122.41 E-.13258
;WIPE_END
G1 Z1.8 F9000
;AFTER_LAYER_CHANGE
;1.8
G1 X33.994 Y124.006
G1 E5 F2400
;TYPE:Perimeter
;WIDTH:0.439999
G1 X33.994 Y106.994 E.56169
G1 X65.724 Y106.994 E1.04764
G1 X67.687 Y107.533 E.06721
G1 X69.783 Y108.044 E.07123
G1 X71.905 Y108.5 E.07166
G1 X74.039 Y108.895 E.07166
G1 X76.183 Y109.231 E.07165
G1 X78.336 Y109.505 E.07166
G1 X80.496 Y109.719 E.07167
G1 X82.661 Y109.872 E.07166
G1 X84.83 Y109.964 E.07168
G1 X86.993 Y109.994 E.07142
G1 X144.007 Y109.994 E1.88245
G1 X146.17 Y109.964 E.07142
G1 X148.339 Y109.872 E.07168
G1 X150.504 Y109.719 E.07166
G1 X152.664 Y109.505 E.07167
G1 X154.817 Y109.231 E.07166
G1 X156.961 Y108.895 E.07165
G1 X159.095 Y108.5 E.07166
G1 X161.217 Y108.045 E.07166
G1 X163.326 Y107.529 E.07169
G1 X165.276 Y106.994 E.06676
G1 X197.006 Y106.994 E1.04764
G1 X197.006 Y124.006 E.56169
G1 X165.276 Y124.006 E1.04764
G1 X163.313 Y123.467 E.06721
G1 X161.217 Y122.956 E.07123
G1 X159.095 Y122.5 E.07166
G1 X156.961 Y122.105 E.07166
G1 X154.817 Y121.769 E.07165
G1 X152.664 Y121.495 E.07166
G1 X150.504 Y121.281 E.07167
G1 X148.339 Y121.128 E.07166
G1 X146.17 Y121.036 E.07168
G1 X144.007 Y121.006 E.07142
G1 X86.993 Y121.006 E1.88245
G1 X84.83 Y121.036 E.07142
G1 X82.661 Y121.128 E.07168
G1 X80.496 Y121.281 E.07166
G1 X78.336 Y121.495 E.07167
G1 X76.183 Y121.769 E.07166
G1 X74.039 Y122.105 E.07165
G1 X71.905 Y122.5 E.07166
G1 X69.783 Y122.956 E.07166
G1 X67.674 Y123.471 E.07168
G1 X65.724 Y124.006 E.06676
G1 X34.054 Y124.006 E1.04566
G1 X33.597 Y124.403 F9000
G1 F2400
G1 X33.597 Y106.597 E.58791
G1 X65.777 Y106.597 E1.0625
G1 X67.782 Y107.147 E.06865
G1 X69.871 Y107.657 E.071
G1 X71.983 Y108.111 E.07133
G1 X74.106 Y108.504 E.07129
G1 X76.239 Y108.837 E.07128
G1 X78.381 Y109.111 E.0713
G1 X80.53 Y109.323 E.0713
G1 X82.684 Y109.475 E.0713
G1 X84.841 Y109.567 E.07128
G1 X86.996 Y109.597 E.07116
G1 X144.004 Y109.597 E1.88225
G1 X146.159 Y109.567 E.07116
G1 X148.316 Y109.475 E.07128
G1 X150.47 Y109.323 E.0713
G1 X152.619 Y109.111 E.0713
G1 X154.761 Y108.837 E.0713
G1 X156.894 Y108.504 E.07128
G1 X159.017 Y108.111 E.07129
G1 X161.129 Y107.657 E.07133
G1 X163.226 Y107.145 E.07127
G1 X165.223 Y106.597 E.06837
G1 X197.403 Y106.597 E1.0625
G1 X197.403 Y124.403 E.58791
G1 X165.223 Y124.403 E1.0625
G1 X163.218 Y123.853 E.06865
G1 X161.129 Y123.343 E.071
G1 X159.018 Y122.889 E.07129
G1 X156.894 Y122.496 E.07132
G1 X154.761 Y122.163 E.07128
G1 X152.619 Y121.889 E.0713
G1 X150.47 Y121.677 E.0713
G1 X148.316 Y121.525 E.0713
G1 X146.159 Y121.433 E.07128
G1 X144.004 Y121.403 E.07116
G1 X86.996 Y121.403 E1.88225
G1 X84.841 Y121.433 E.07116
G1 X82.684 Y121.525 E.07128
G1 X80.53 Y121.677 E.0713
G1 X78.381 Y121.889 E.0713
G1 X76.239 Y122.163 E.0713
G1 X74.106 Y122.496 E.07128
G1 X71.983 Y122.889 E.07129
G1 X69.871 Y123.343 E.07133
G1 X67.774 Y123.855 E.07127
G1 X65.777 Y124.403 E.06837
G1 X33.657 Y124.403 E1.06051
G1 X33.21 Y124.79 F9000
;TYPE:External perimeter
;WIDTH:0.419999
G1 F1500
G1 X33.21 Y106.21 E.58256
G1 X65.829 Y106.21 E1.02274
G1 X67.874 Y106.771 E.06649
G1 X69.958 Y107.28 E.06726
G1 X72.058 Y107.731 E.06735
G1 X74.171 Y108.122 E.06738
G1 X76.293 Y108.454 E.06734
G1 X78.425 Y108.726 E.06739
G1 X80.562 Y108.938 E.06733
G1 X82.705 Y109.089 E.06736
G1 X84.852 Y109.18 E.06738
G1 X87 Y109.21 E.06736
G1 X144.003 Y109.21 E1.78729
G1 X146.148 Y109.18 E.06726
G1 X148.295 Y109.089 E.06738
G1 X150.438 Y108.938 E.06736
G1 X152.576 Y108.726 E.06736
G1 X154.707 Y108.454 E.06736
G1 X156.829 Y108.122 E.06734
G1 X158.942 Y107.731 E.06738
G1 X161.042 Y107.28 E.06735
G1 X163.129 Y106.77 E.06736
G1 X165.171 Y106.21 E.06639
G1 X197.79 Y106.21 E1.02274
G1 X197.79 Y124.79 E.58256
G1 X165.171 Y124.79 E1.02274
G1 X163.126 Y124.229 E.06649
G1 X161.042 Y123.72 E.06726
G1 X158.942 Y123.269 E.06735
G1 X156.829 Y122.878 E.06738
G1 X154.707 Y122.546 E.06734
G1 X152.576 Y122.274 E.06736
G1 X150.438 Y122.062 E.06736
G1 X148.295 Y121.911 E.06736
G1 X146.148 Y121.82 E.06738
G1 X144 Y121.79 E.06736
G1 X86.997 Y121.79 E1.78729
G1 X84.852 Y121.82 E.06726
G1 X82.705 Y121.911 E.06738
G1 X80.562 Y122.062 E.06736
G1 X78.425 Y122.274 E.06733
G1 X76.293 Y122.546 E.06739
G1 X74.171 Y122.878 E.06734
G1 X72.058 Y123.269 E.06738
G1 X69.958 Y123.72 E.06735
G1 X67.871 Y124.23 E.06736
G1 X65.829 Y124.79 E.06639
G1 X33.27 Y124.79 E1.02086
G1 X34.121 Y123.074 F9000
;TYPE:Internal infill
;WIDTH:0.44
G1 F3000
G1 X34.748 Y123.7 E.02925
G1 X35.311 Y123.7 E.01859
G1 X34.3 Y122.689 E.04721
G1 X34.3 Y122.126 E.01859
G1 X35.874 Y123.7 E.0735
G1 X36.437 Y123.7 E.01859
G1 X34.3 Y121.563 E.09978
G1 X34.3 Y121.001 E.01856
G1 X37 Y123.7 E.12605
G1 X37.562 Y123.7 E.01856
G1 X34.3 Y120.438 E.15231
G1 X34.3 Y119.875 E.01859
G1 X38.125 Y123.7 E.1786
G1 X38.688 Y123.7 E.01859
G1 X34.3 Y119.312 E.20489
G1 X34.3 Y118.749 E.01859
G1 X39.251 Y123.7 E.23118
G1 X39.814 Y123.7 E.01859
G1 X34.3 Y118.186 E.25747
G1 X34.3 Y117.623 E.01859
G1 X40.377 Y123.7 E.28376
G1 X40.94 Y123.7 E.01859
G1 X34.3 Y117.06 E.31004
G1 X34.3 Y116.497 E.01859
G1 X41.503 Y123.7 E.33633
G1 X42.066 Y123.7 E.01859
G1 X34.3 Y115.934 E.36262
G1 X34.3 Y115.371 E.01859
G1 X42.629 Y123.7 E.38891
G1 X43.192 Y123.7 E.01859
G1 X34.3 Y114.808 E.4152
G1 X34.3 Y114.245 E.01859
G1 X43.755 Y123.7 E.44149
G1 X44.318 Y123.7 E.01859
G1 X34.3 Y113.682 E.46778
G1 X34.3 Y113.119 E.01859
G1 X44.881 Y123.7 E.49406
G1 X45.444 Y123.7 E.01859
G1 X34.3 Y112.556 E.52035
G1 X34.3 Y111.993 E.01859
G1 X46.007 Y123.7 E.54664
G1 X46.57 Y123.7 E.01859
G1 X34.3 Y111.43 E.57293
G1 X34.3 Y110.867 E.01859
G1 X47.133 Y123.7 E.59922
G1 X47.696 Y123.7 E.01859
G1 X34.3 Y110.304 E.62551
G1 X34.3 Y109.741 E.01859
G1 X48.259 Y123.7 E.65179
G1 X48.822 Y123.7 E.01859
G1 X34.3 Y109.178 E.67808
G1 X34.3 Y108.615 E.01859
G1 X49.385 Y123.7 E.70437
G1 X49.948 Y123.7 E.01859
G1 X34.3 Y108.052 E.73066
G1 X34.3 Y107.489 E.01859
G1 X50.511 Y123.7 E.75695
G1 X51.074 Y123.7 E.01859
G1 X34.674 Y107.3 E.76577
G1 X35.237 Y107.3 E.01859
G1 X51.637 Y123.7 E.76577
G1 X52.2 Y123.7 E.01859
G1 X35.8 Y107.3 E.76577
G1 X36.363 Y107.3 E.01859
G1 X52.763 Y123.7 E.76577
G1 X53.326 Y123.7 E.01859
G1 X36.926 Y107.3 E.76577
G1 X37.489 Y107.3 E.01859
G1 X53.889 Y123.7 E.76577
G1 X54.452 Y123.7 E.01859
G1 X38.052 Y107.3 E.76577
G1 X38.615 Y107.3 E.01859
G1 X55.015 Y123.7 E.76577
G1 X55.578 Y123.7 E.01859
G1 X39.178 Y107.3 E.76577
G1 X39.741 Y107.3 E.01859
G1 X56.141 Y123.7 E.76577
G1 X56.704 Y123.7 E.01859
G1 X40.304 Y107.3 E.76577
G1 X40.867 Y107.3 E.01859
G1 X57.267 Y123.7 E.76577
G1 X57.83 Y123.7 E.01859
G1 X41.43 Y107.3 E.76577
G1 X41.993 Y107.3 E.01859
G1 X58.393 Y123.7 E.76577
G1 X58.956 Y123.7 E.01859
G1 X42.556 Y107.3 E.76577
G1 X43.119 Y107.3 E.01859
G1 X59.519 Y123.7 E.76577
G1 X60.082 Y123.7 E.01859
G1 X43.682 Y107.3 E.76577
G1 X44.245 Y107.3 E.01859
G1 X60.645 Y123.7 E.76577
G1 X61.208 Y123.7 E.01859
G1 X44.808 Y107.3 E.76577
G1 X45.371 Y107.3 E.01859
G1 X61.771 Y123.7 E.76577
G1 X62.334 Y123.7 E.01859
G1 X45.934 Y107.3 E.76577
G1 X46.497 Y107.3 E.01859
G1 X62.897 Y123.7 E.76577
G1 X63.46 Y123.7 E.01859
G1 X47.06 Y107.3 E.76577
G1 X47.623 Y107.3 E.01859
G1 X64.023 Y123.7 E.76577
G1 X64.586 Y123.7 E.01859
G1 X48.186 Y107.3 E.76577
G1 X48.749 Y107.3 E.01859
G1 X65.149 Y123.7 E.76577
G1 X65.706 Y123.694 E.01839
G1 X49.312 Y107.3 E.76549
G1 X49.875 Y107.3 E.01859
G1 X66.148 Y123.573 E.75984
G1 X66.589 Y123.451 E.01511
G1 X50.438 Y107.3 E.75415
G1 X51.001 Y107.3 E.01859
G1 X67.031 Y123.33 E.7485
G1 X67.473 Y123.209 E.01513
G1 X51.564 Y107.3 E.74285
G1 X52.127 Y107.3 E.01859
G1 X67.922 Y123.095 E.73752
G1 X68.375 Y122.985 E.01539
G1 X52.69 Y107.3 E.73239
G1 X53.253 Y107.3 E.01859
G1 X68.827 Y122.874 E.7272
G1 X69.28 Y122.764 E.01539
G1 X53.816 Y107.3 E.72207
G1 X54.379 Y107.3 E.01859
G1 X69.733 Y122.654 E.71693
G1 X70.196 Y122.554 E.01564
G1 X54.942 Y107.3 E.71226
G1 X55.505 Y107.3 E.01859
G1 X70.66 Y122.455 E.70764
G1 X71.123 Y122.355 E.01564
G1 X56.068 Y107.3 E.70297
G1 X56.631 Y107.3 E.01859
G1 X71.587 Y122.256 E.69835
G1 X72.055 Y122.162 E.01576
G1 X57.194 Y107.3 E.69394
G1 X57.757 Y107.3 E.01859
G1 X72.53 Y122.073 E.6898
G1 X73.005 Y121.985 E.01595
G1 X58.32 Y107.3 E.68569
G1 X58.883 Y107.3 E.01859
G1 X73.48 Y121.897 E.68159
G1 X73.955 Y121.809 E.01595
G1 X59.446 Y107.3 E.67748
G1 X60.009 Y107.3 E.01859
G1 X74.441 Y121.733 E.6739
G1 X74.928 Y121.656 E.01628
G1 X60.572 Y107.3 E.67033
G1 X61.135 Y107.3 E.01859
G1 X75.415 Y121.58 E.66678
G1 X75.902 Y121.504 E.01627
G1 X61.698 Y107.3 E.66323
G1 X62.261 Y107.3 E.01859
G1 X76.395 Y121.434 E.65997
G1 X76.894 Y121.371 E.01661
G1 X62.824 Y107.3 E.657
G1 X63.387 Y107.3 E.01859
G1 X77.394 Y121.307 E.65404
G1 X77.893 Y121.243 E.01661
G1 X63.95 Y107.3 E.65105
G1 X64.513 Y107.3 E.01859
G1 X78.395 Y121.182 E.6482
G1 X78.907 Y121.131 E.01699
G1 X65.076 Y107.3 E.64582
G1 X65.639 Y107.3 E.01859
G1 X79.419 Y121.081 E.64346
G1 X79.931 Y121.03 E.01699
G1 X66.398 Y107.496 E.63193
G1 X67.174 Y107.709 E.02657
G1 X80.444 Y120.979 E.61962
G1 X80.969 Y120.941 E.01738
G1 X67.936 Y107.908 E.60856
G1 X68.681 Y108.09 E.02532
G1 X81.495 Y120.904 E.59833
G1 X82.021 Y120.867 E.01741
G1 X69.426 Y108.272 E.5881
G1 X70.153 Y108.436 E.02461
G1 X82.547 Y120.83 E.57872
G1 X83.084 Y120.804 E.01775
G1 X70.87 Y108.59 E.57031
G1 X71.587 Y108.744 E.02421
G1 X83.624 Y120.782 E.56207
G1 X84.164 Y120.759 E.01785
G1 X72.287 Y108.881 E.5546
G1 X72.978 Y109.01 E.02321
G1 X84.705 Y120.736 E.54755
G1 X85.256 Y120.725 E.0182
G1 X73.67 Y109.138 E.54101
G1 X74.347 Y109.253 E.02267
G1 X85.811 Y120.717 E.53529
G1 X86.367 Y120.709 E.01836
G1 X75.015 Y109.357 E.53006
G1 X75.682 Y109.462 E.02229
G1 X86.922 Y120.701 E.52481
G1 X87.484 Y120.7 E.01856
G1 X76.342 Y109.559 E.52024
G1 X76.988 Y109.641 E.0215
G1 X88.047 Y120.7 E.51638
G1 X88.61 Y120.7 E.01859
G1 X77.633 Y109.724 E.51253
G1 X78.279 Y109.806 E.0215
G1 X89.173 Y120.7 E.50868
G1 X89.736 Y120.7 E.01859
G1 X78.904 Y109.868 E.50578
G1 X79.529 Y109.93 E.02074
G1 X90.299 Y120.7 E.50289
G1 X90.862 Y120.7 E.01859
G1 X80.154 Y109.992 E.49999
G1 X80.769 Y110.045 E.02038
G1 X91.425 Y120.7 E.49754
G1 X91.988 Y120.7 E.01859
G1 X81.375 Y110.088 E.49553
G1 X81.981 Y110.13 E.02006
G1 X92.551 Y120.7 E.49355
G1 X93.114 Y120.7 E.01859
G1 X82.587 Y110.173 E.49154
G1 X83.176 Y110.199 E.01947
G1 X93.677 Y120.7 E.49033
G1 X94.24 Y120.7 E.01859
G1 X83.764 Y110.224 E.48916
G1 X84.352 Y110.249 E.01943
G1 X94.803 Y120.7 E.48799
G1 X95.366 Y120.7 E.01859
G1 X84.936 Y110.27 E.48701
G1 X85.507 Y110.279 E.01886
G1 X95.929 Y120.7 E.48662
G1 X96.492 Y120.7 E.01859
G1 X86.078 Y110.287 E.48624
G1 X86.649 Y110.295 E.01885
G1 X97.055 Y120.7 E.48587
G1 X97.618 Y120.7 E.01859
G1 X87.217 Y110.3 E.48564
G1 X87.78 Y110.3 E.01859
G1 X98.181 Y120.7 E.48564
G1 X98.744 Y120.7 E.01859
G1 X88.343 Y110.3 E.48564
G1 X88.906 Y110.3 E.01859
G1 X99.306 Y120.7 E.48561
G1 X99.869 Y120.7 E.01859
G1 X89.469 Y110.3 E.48561
G1 X90.032 Y110.3 E.01859
G1 X100.432 Y120.7 E.48561
G1 X100.995 Y120.7 E.01859
G1 X90.595 Y110.3 E.48561
G1 X91.158 Y110.3 E.01859
G1 X101.558 Y120.7 E.48561
G1 X102.121 Y120.7 E.01859
G1 X91.721 Y110.3 E.48561
G1 X92.284 Y110.3 E.01859
G1 X102.684 Y120.7 E.48561
G1 X103.247 Y120.7 E.01859
G1 X92.847 Y110.3 E.48561
G1 X93.41 Y110.3 E.01859
G1 X103.81 Y120.7 E.48561
G1 X104.373 Y120.7 E.01859
G1 X93.973 Y110.3 E.48561
G1 X94.536 Y110.3 E.01859
G1 X104.936 Y120.7 E.48561
G1 X105.499 Y120.7 E.01859
G1 X95.099 Y110.3 E.48561
G1 X95.662 Y110.3 E.01859
G1 X106.062 Y120.7 E.48561
G1 X106.625 Y120.7 E.01859
G1 X96.225 Y110.3 E.48561
G1 X96.788 Y110.3 E.01859
G1 X107.188 Y120.7 E.48561
G1 X107.751 Y120.7 E.01859
G1 X97.351 Y110.3 E.48561
G1 X97.914 Y110.3 E.01859
G1 X108.314 Y120.7 E.48561
G1 X108.877 Y120.7 E.01859
G1 X98.477 Y110.3 E.48561
G1 X99.04 Y110.3 E.01859
G1 X109.44 Y120.7 E.48561
G1 X110.003 Y120.7 E.01859
G1 X99.603 Y110.3 E.48561
G1 X100.166 Y110.3 E.01859
G1 X110.566 Y120.7 E.48561
G1 X111.129 Y120.7 E.01859
G1 X100.729 Y110.3 E.48561
G1 X101.292 Y110.3 E.01859
G1 X111.692 Y120.7 E.48561
G1 X112.255 Y120.7 E.01859
G1 X101.855 Y110.3 E.48561
G1 X102.418 Y110.3 E.01859
G1 X112.818 Y120.7 E.48561
G1 X113.381 Y120.7 E.01859
G1 X102.981 Y110.3 E.48561
G1 X103.544 Y110.3 E.01859
G1 X113.944 Y120.7 E.48561
G1 X114.507 Y120.7 E.01859
G1 X104.107 Y110.3 E.48561
G1 X104.67 Y110.3 E.01859
G1 X115.07 Y120.7 E.48561
G1 X115.633 Y120.7 E.01859
G1 X105.233 Y110.3 E.48561
G1 X105.796 Y110.3 E.01859
G1 X116.196 Y120.7 E.48561
G1 X116.759 Y120.7 E.01859
G1 X106.359 Y110.3 E.48561
G1 X106.922 Y110.3 E.01859
G1 X117.322 Y120.7 E.48561
G1 X117.885 Y120.7 E.01859
G1 X107.485 Y110.3 E.48561
G1 X108.048 Y110.3 E.01859
G1 X118.448 Y120.7 E.48561
G1 X119.011 Y120.7 E.01859
G1 X108.611 Y110.3 E.48561
G1 X109.174 Y110.3 E.01859
G1 X119.574 Y120.7 E.48561
G1 X120.137 Y120.7 E.01859
G1 X109.737 Y110.3 E.48561
G1 X110.3 Y110.3 E.01859
G1 X120.7 Y120.7 E.48561
G1 X121.263 Y120.7 E.01859
G1 X110.863 Y110.3 E.48561
G1 X111.426 Y110.3 E.01859
G1 X121.826 Y120.7 E.48561
G1 X122.389 Y120.7 E.01859
G1 X111.989 Y110.3 E.48561
G1 X112.552 Y110.3 E.01859
G1 X122.952 Y120.7 E.48561
G1 X123.515 Y120.7 E.01859
G1 X113.115 Y110.3 E.48561
G1 X113.678 Y110.3 E.01859
G1 X124.078 Y120.7 E.48561
G1 X124.641 Y120.7 E.01859
G1 X114.241 Y110.3 E.48561
G1 X114.804 Y110.3 E.01859
G1 X125.204 Y120.7 E.48561
G1 X125.767 Y120.7 E.01859
G1 X115.367 Y110.3 E.48561
G1 X115.93 Y110.3 E.01859
G1 X126.33 Y120.7 E.48561
G1 X126.893 Y120.7 E.01859
G1 X116.493 Y110.3 E.48561
G1 X117.056 Y110.3 E.01859
G1 X127.456 Y120.7 E.48561
G1 X128.019 Y120.7 E.01859
G1 X117.619 Y110.3 E.48561
G1 X118.182 Y110.3 E.01859
G1 X128.582 Y120.7 E.48561
G1 X129.145 Y120.7 E.01859
G1 X118.745 Y110.3 E.48561
G1 X119.308 Y110.3 E.01859
G1 X129.708 Y120.7 E.48561
G1 X130.271 Y120.7 E.01859
G1 X119.871 Y110.3 E.48561
G1 X120.434 Y110.3 E.01859
G1 X130.834 Y120.7 E.48561
G1 X131.397 Y120.7 E.01859
G1 X120.997 Y110.3 E.48561
G1 X121.56 Y110.3 E.01859
G1 X131.96 Y120.7 E.48561
G1 X132.523 Y120.7 E.01859
G1 X122.123 Y110.3 E.48561
G1 X122.686 Y110.3 E.01859
G1 X133.086 Y120.7 E.48561
G1 X133.649 Y120.7 E.01859
G1 X123.249 Y110.3 E.48561
G1 X123.812 Y110.3 E.01859
G1 X134.212 Y120.7 E.48561
G1 X134.775 Y120.7 E.01859
G1 X124.375 Y110.3 E.48561
G1 X124.938 Y110.3 E.01859
G1 X135.338 Y120.7 E.48561
G1 X135.901 Y120.7 E.01859
G1 X125.501 Y110.3 E.48561
G1 X126.064 Y110.3 E.01859
G1 X136.464 Y120.7 E.48561
G1 X137.027 Y120.7 E.01859
G1 X126.627 Y110.3 E.48561
G1 X127.19 Y110.3 E.01859
G1 X137.59 Y120.7 E.48561
G1 X138.153 Y120.7 E.01859
G1 X127.753 Y110.3 E.48561
G1 X128.316 Y110.3 E.01859
G1 X138.716 Y120.7 E.48561
G1 X139.279 Y120.7 E.01859
G1 X128.879 Y110.3 E.48561
G1 X129.442 Y110.3 E.01859
G1 X139.842 Y120.7 E.48561
G1 X140.405 Y120.7 E.01859
G1 X130.005 Y110.3 E.48561
G1 X130.568 Y110.3 E.01859
G1 X140.968 Y120.7 E.48561
G1 X141.531 Y120.7 E.01859
G1 X131.131 Y110.3 E.48561
G1 X131.694 Y110.3 E.01859
G1 X142.094 Y120.7 E.48561
G1 X142.657 Y120.7 E.01859
G1 X132.257 Y110.3 E.48561
G1 X132.82 Y110.3 E.01859
G1 X143.22 Y120.7 E.48561
G1 X143.783 Y120.7 E.01859
G1 X133.383 Y110.3 E.48561
G1 X133.946 Y110.3 E.01859
G1 X144.351 Y120.705 E.48585
G1 X144.922 Y120.713 E.01885
G1 X134.509 Y110.3 E.48622
G1 X135.072 Y110.3 E.01859
G1 X145.493 Y120.721 E.48659
G1 X146.064 Y120.73 E.01886
G1 X135.635 Y110.3 E.48699
G1 X136.198 Y110.3 E.01859
G1 X146.648 Y120.751 E.48797
G1 X147.236 Y120.776 E.01943
G1 X136.761 Y110.3 E.48914
G1 X137.324 Y110.3 E.01859
G1 X147.824 Y120.801 E.49031
G1 X148.414 Y120.827 E.0195
G1 X137.887 Y110.3 E.49154
G1 X138.45 Y110.3 E.01859
G1 X149.019 Y120.87 E.49353
G1 X149.625 Y120.913 E.02006
G1 X139.013 Y110.3 E.49553
G1 X139.576 Y110.3 E.01859
G1 X150.231 Y120.956 E.49754
G1 X150.846 Y121.008 E.02038
G1 X140.139 Y110.3 E.49997
G1 X140.702 Y110.3 E.01859
G1 X151.471 Y121.07 E.50287
G1 X152.096 Y121.132 E.02074
G1 X141.265 Y110.3 E.50576
G1 X141.828 Y110.3 E.01859
G1 X152.721 Y121.194 E.50866
G1 X153.367 Y121.276 E.0215
G1 X142.39 Y110.3 E.51253
G1 X142.953 Y110.3 E.01859
G1 X154.012 Y121.358 E.51636
G1 X154.657 Y121.441 E.02147
G1 X143.516 Y110.3 E.52021
G1 X144.078 Y110.299 E.01856
G1 X155.318 Y121.539 E.52484
G1 X155.986 Y121.643 E.02232
G1 X144.633 Y110.291 E.53009
G1 X145.189 Y110.283 E.01836
G1 X156.653 Y121.747 E.53529
G1 X157.331 Y121.862 E.02271
G1 X145.744 Y110.275 E.54104
G1 X146.296 Y110.264 E.01823
G1 X158.022 Y121.99 E.54753
G1 X158.713 Y122.119 E.02321
G1 X146.836 Y110.241 E.5546
G1 X147.376 Y110.218 E.01785
G1 X159.413 Y122.256 E.56207
G1 X160.13 Y122.41 E.02421
G1 X147.916 Y110.195 E.57034
G1 X148.454 Y110.17 E.01778
G1 X160.847 Y122.564 E.5787
G1 X161.574 Y122.728 E.02461
G1 X148.98 Y110.133 E.58808
G1 X149.505 Y110.096 E.01738
G1 X162.319 Y122.91 E.59833
G1 X163.064 Y123.092 E.02532
G1 X150.031 Y110.059 E.60856
G1 X150.557 Y110.021 E.01741
G1 X163.827 Y123.291 E.61962
G1 X164.603 Y123.504 E.02657
G1 X151.069 Y109.97 E.63195
G1 X151.581 Y109.92 E.01699
G1 X165.362 Y123.7 E.64346
G1 X165.925 Y123.7 E.01859
G1 X152.093 Y109.869 E.64584
G1 X152.606 Y109.818 E.01702
G1 X166.488 Y123.7 E.6482
G1 X167.051 Y123.7 E.01859
G1 X153.107 Y109.757 E.65107
G1 X153.606 Y109.693 E.01661
G1 X167.613 Y123.7 E.65404
G1 X168.176 Y123.7 E.01859
G1 X154.106 Y109.629 E.657
G1 X154.605 Y109.566 E.01661
G1 X168.739 Y123.7 E.65997
G1 X169.302 Y123.7 E.01859
G1 X155.098 Y109.496 E.66323
G1 X155.585 Y109.42 E.01627
G1 X169.865 Y123.7 E.66678
G1 X170.428 Y123.7 E.01859
G1 X156.072 Y109.344 E.67033
G1 X156.559 Y109.268 E.01627
G1 X170.991 Y123.7 E.67388
G1 X171.554 Y123.7 E.01859
G1 X157.045 Y109.19 E.6775
G1 X157.52 Y109.102 E.01595
G1 X172.117 Y123.7 E.68161
G1 X172.68 Y123.7 E.01859
G1 X157.995 Y109.014 E.68572
G1 X158.47 Y108.926 E.01595
G1 X173.243 Y123.7 E.68983
G1 X173.806 Y123.7 E.01859
G1 X158.945 Y108.838 E.69394
G1 X159.414 Y108.744 E.01579
G1 X174.369 Y123.7 E.69832
G1 X174.932 Y123.7 E.01859
G1 X159.877 Y108.645 E.70297
G1 X160.34 Y108.545 E.01564
G1 X175.495 Y123.7 E.70764
G1 X176.058 Y123.7 E.01859
G1 X160.804 Y108.446 E.71226
G1 X161.267 Y108.346 E.01564
G1 X176.621 Y123.7 E.71693
G1 X177.184 Y123.7 E.01859
G1 X161.721 Y108.236 E.72205
G1 X162.173 Y108.126 E.01536
G1 X177.747 Y123.7 E.7272
G1 X178.31 Y123.7 E.01859
G1 X162.625 Y108.015 E.73239
G1 X163.078 Y107.905 E.01539
G1 X178.873 Y123.7 E.73752
G1 X179.436 Y123.7 E.01859
G1 X163.527 Y107.791 E.74285
G1 X163.969 Y107.67 E.01513
G1 X179.999 Y123.7 E.7485
G1 X180.562 Y123.7 E.01859
G1 X164.411 Y107.549 E.75415
G1 X164.853 Y107.427 E.01514
G1 X181.125 Y123.7 E.75982
G1 X181.688 Y123.7 E.01859
G1 X165.294 Y107.306 E.76549
G1 X165.851 Y107.3 E.01839
G1 X182.251 Y123.7 E.76577
G1 X182.814 Y123.7 E.01859
G1 X166.414 Y107.3 E.76577
G1 X166.977 Y107.3 E.01859
G1 X183.377 Y123.7 E.76577
G1 X183.94 Y123.7 E.01859
G1 X167.54 Y107.3 E.76577
G1 X168.103 Y107.3 E.01859
G1 X184.503 Y123.7 E.76577
G1 X185.066 Y123.7 E.01859
G1 X168.666 Y107.3 E.76577
G1 X169.229 Y107.3 E.01859
G1 X185.629 Y123.7 E.76577
G1 X186.192 Y123.7 E.01859
G1 X169.792 Y107.3 E.76577
G1 X170.355 Y107.3 E.01859
G1 X186.755 Y123.7 E.76577
G1 X187.318 Y123.7 E.01859
G1 X170.918 Y107.3 E.76577
G1 X171.481 Y107.3 E.01859
G1 X187.881 Y123.7 E.76577
G1 X188.444 Y123.7 E.01859
G1 X172.044 Y107.3 E.76577
G1 X172.607 Y107.3 E.01859
G1 X189.007 Y123.7 E.76577
G1 X189.57 Y123.7 E.01859
G1 X173.17 Y107.3 E.76577
G1 X173.733 Y107.3 E.01859
G1 X190.133 Y123.7 E.76577
G1 X190.696 Y123.7 E.01859
G1 X174.296 Y107.3 E.76577
G1 X174.859 Y107.3 E.01859
G1 X191.259 Y123.7 E.76577
G1 X191.822 Y123.7 E.01859
G1 X175.422 Y107.3 E.76577
G1 X175.985 Y107.3 E.01859
G1 X192.385 Y123.7 E.76577
G1 X192.948 Y123.7 E.01859
G1 X176.548 Y107.3 E.76577
G1 X177.111 Y107.3 E.01859
G1 X193.511 Y123.7 E.76577
G1 X194.074 Y123.7 E.01859
G1 X177.674 Y107.3 E.76577
G1 X178.237 Y107.3 E.01859
G1 X194.637 Y123.7 E.76577
G1 X195.2 Y123.7 E.01859
G1 X178.8 Y107.3 E.76577
G1 X179.363 Y107.3 E.01859
G1 X195.763 Y123.7 E.76577
G1 X196.326 Y123.7 E.01859
G1 X179.926 Y107.3 E.76577
G1 X180.489 Y107.3 E.01859
G1 X196.7 Y123.511 E.75695
G1 X196.7 Y122.948 E.01859
G1 X181.052 Y107.3 E.73066
G1 X181.615 Y107.3 E.01859
G1 X196.7 Y122.385 E.70437
G1 X196.7 Y121.822 E.01859
G1 X182.178 Y107.3 E.67808
G1 X182.741 Y107.3 E.01859
G1 X196.7 Y121.259 E.65179
G1 X196.7 Y120.696 E.01859
G1 X183.304 Y107.3 E.62551
G1 X183.867 Y107.3 E.01859
G1 X196.7 Y120.133 E.59922
G1 X196.7 Y119.57 E.01859
G1 X184.43 Y107.3 E.57293
G1 X184.993 Y107.3 E.01859
G1 X196.7 Y119.007 E.54664
G1 X196.7 Y118.444 E.01859
G1 X185.556 Y107.3 E.52035
G1 X186.119 Y107.3 E.01859
G1 X196.7 Y117.881 E.49406
G1 X196.7 Y117.318 E.01859
G1 X186.682 Y107.3 E.46778
G1 X187.245 Y107.3 E.01859
G1 X196.7 Y116.755 E.44149
G1 X196.7 Y116.192 E.01859
G1 X187.808 Y107.3 E.4152
G1 X188.371 Y107.3 E.01859
G1 X196.7 Y115.629 E.38891
G1 X196.7 Y115.066 E.01859
G1 X188.934 Y107.3 E.36262
G1 X189.497 Y107.3 E.01859
G1 X196.7 Y114.503 E.33633
G1 X196.7 Y113.94 E.01859
G1 X190.06 Y107.3 E.31004
G1 X190.623 Y107.3 E.01859
G1 X196.7 Y113.377 E.28376
G1 X196.7 Y112.814 E.01859
G1 X191.186 Y107.3 E.25747
G1 X191.749 Y107.3 E.01859
G1 X196.7 Y112.251 E.23118
G1 X196.7 Y111.688 E.01859
G1 X192.312 Y107.3 E.20489
G1 X192.875 Y107.3 E.01859
G1 X196.7 Y111.125 E.1786
G1 X196.7 Y110.562 E.01859
G1 X193.438 Y107.3 E.15231
G1 X194.001 Y107.3 E.01859
G1 X196.7 Y109.999 E.12603
G1 X196.7 Y109.436 E.01859
G1 X194.564 Y107.3 E.09974
G1 X195.127 Y107.3 E.01859
G1 X196.7 Y108.873 E.07345
G1 X196.7 Y108.31 E.01859
G1 X195.69 Y107.3 E.04716
G1 X196.253 Y107.3 E.01859
G1 X196.879 Y107.926 E.02923
;LAYER_CHANGE
;Z:2
;HEIGHT:0.2
;BEFORE_LAYER_CHANGE
G92 E0
;2


G1 E-3.5 F3600
;WIPE_START
G1 F7200
G1 X196.253 Y107.3 E-.42052
G1 X195.69 Y107.3 E-.26743
G1 X196.7 Y108.31 E-.67847
G1 X196.7 Y108.591 E-.13358
;WIPE_END
G1 Z2 F9000
;AFTER_LAYER_CHANGE
;2
G1 X197.006 Y106.994
G1 E5 F2400
;TYPE:Perimeter
;WIDTH:0.439999
G1 X197.006 Y124.006 E.56169
G1 X165.273 Y124.006 E1.04774
G1 X162.792 Y123.34 E.08482
G1 X161.217 Y122.956 E.05353
G1 X159.095 Y122.5 E.07166
G1 X156.961 Y122.105 E.07166
G1 X154.817 Y121.769 E.07165
G1 X152.664 Y121.495 E.07166
G1 X150.504 Y121.281 E.07167
G1 X148.339 Y121.128 E.07166
G1 X146.17 Y121.036 E.07168
G1 X144.007 Y121.006 E.07142
G1 X86.993 Y121.006 E1.88245
G1 X84.83 Y121.036 E.07142
G1 X82.661 Y121.128 E.07168
G1 X80.496 Y121.281 E.07166
G1 X78.336 Y121.495 E.07167
G1 X76.183 Y121.769 E.07166
G1 X74.571 Y122.021 E.05387
G1 X71.907 Y122.499 E.08936
G1 X69.783 Y122.956 E.07173
G1 X67.674 Y123.471 E.07168
G1 X65.724 Y124.006 E.06676
G1 X33.994 Y124.006 E1.04764
G1 X33.994 Y106.994 E.56169
G1 X65.724 Y106.994 E1.04764
G1 X67.687 Y107.533 E.06721
G1 X69.783 Y108.044 E.07123
G1 X71.905 Y108.5 E.07166
G1 X74.039 Y108.895 E.07166
G1 X76.183 Y109.231 E.07165
G1 X78.336 Y109.505 E.07166
G1 X80.496 Y109.719 E.07167
G1 X82.661 Y109.872 E.07166
G1 X84.83 Y109.964 E.07168
G1 X86.993 Y109.994 E.07142
G1 X144.007 Y109.994 E1.88245
G1 X146.17 Y109.964 E.07142
G1 X148.339 Y109.872 E.07168
G1 X150.504 Y109.719 E.07166
G1 X152.664 Y109.505 E.07167
G1 X154.817 Y109.231 E.07166
G1 X156.961 Y108.895 E.07165
G1 X159.095 Y108.5 E.07166
G1 X161.217 Y108.044 E.07166
G1 X163.339 Y107.526 E.07212
G1 X165.276 Y106.994 E.06632
G1 X196.946 Y106.994 E1.04566
G1 X197.403 Y106.597 F9000
G1 F2400
G1 X197.403 Y124.403 E.58791
G1 X165.221 Y124.403 E1.06256
G1 X162.698 Y123.726 E.08625
G1 X161.129 Y123.343 E.05333
G1 X159.018 Y122.889 E.07129
G1 X156.894 Y122.496 E.07132
G1 X154.761 Y122.163 E.07128
G1 X152.619 Y121.889 E.0713
G1 X150.47 Y121.677 E.0713
G1 X148.316 Y121.525 E.0713
G1 X146.159 Y121.433 E.07128
G1 X144.004 Y121.403 E.07116
G1 X86.996 Y121.403 E1.88225
G1 X84.841 Y121.433 E.07116
G1 X82.684 Y121.525 E.07128
G1 X80.53 Y121.677 E.0713
G1 X78.381 Y121.889 E.0713
G1 X76.239 Y122.163 E.0713
G1 X74.637 Y122.413 E.05353
G1 X71.984 Y122.889 E.08899
G1 X69.871 Y123.343 E.07136
G1 X67.774 Y123.855 E.07127
G1 X65.777 Y124.403 E.06837
G1 X33.597 Y124.403 E1.0625
G1 X33.597 Y106.597 E.58791
G1 X65.777 Y106.597 E1.0625
G1 X67.782 Y107.147 E.06865
G1 X69.871 Y107.657 E.071
G1 X71.983 Y108.111 E.07133
G1 X74.106 Y108.504 E.07129
G1 X76.239 Y108.837 E.07128
G1 X78.381 Y109.111 E.0713
G1 X80.53 Y109.323 E.0713
G1 X82.684 Y109.475 E.0713
G1 X84.841 Y109.567 E.07128
G1 X86.996 Y109.597 E.07116
G1 X144.004 Y109.597 E1.88225
G1 X146.159 Y109.567 E.07116
G1 X148.316 Y109.475 E.07128
G1 X150.47 Y109.323 E.0713
G1 X152.619 Y109.111 E.0713
G1 X154.761 Y108.837 E.0713
G1 X156.894 Y108.504 E.07128
G1 X159.018 Y108.111 E.07132
G1 X161.129 Y107.657 E.07129
G1 X163.234 Y107.143 E.07154
G1 X165.223 Y106.597 E.0681
G1 X197.343 Y106.597 E1.06051
G1 X197.79 Y106.21 F9000
;TYPE:External perimeter
;WIDTH:0.419999
G1 F1500
G1 X197.79 Y124.79 E.58256
G1 X165.17 Y124.79 E1.02278
G1 X162.606 Y124.102 E.08324
G1 X161.042 Y123.72 E.05048
G1 X158.942 Y123.269 E.06735
G1 X156.829 Y122.878 E.06738
G1 X154.707 Y122.546 E.06734
G1 X152.576 Y122.274 E.06736
G1 X150.438 Y122.062 E.06736
G1 X148.295 Y121.911 E.06736
G1 X146.148 Y121.82 E.06738
G1 X144 Y121.79 E.06736
G1 X86.997 Y121.79 E1.78729
G1 X84.852 Y121.82 E.06726
G1 X82.705 Y121.911 E.06738
G1 X80.562 Y122.062 E.06736
G1 X78.425 Y122.274 E.06733
G1 X76.293 Y122.546 E.06739
G1 X74.701 Y122.795 E.05052
G1 X72.059 Y123.269 E.08416
G1 X69.958 Y123.72 E.06738
G1 X67.871 Y124.23 E.06736
G1 X65.829 Y124.79 E.06639
G1 X33.21 Y124.79 E1.02274
G1 X33.21 Y106.21 E.58256
G1 X65.829 Y106.21 E1.02274
G1 X67.874 Y106.771 E.06649
G1 X69.958 Y107.28 E.06726
G1 X72.058 Y107.731 E.06735
G1 X74.171 Y108.122 E.06738
G1 X76.293 Y108.454 E.06734
G1 X78.425 Y108.726 E.06739
G1 X80.562 Y108.938 E.06733
G1 X82.705 Y109.089 E.06736
G1 X84.852 Y109.18 E.06738
G1 X87 Y109.21 E.06736
G1 X144.003 Y109.21 E1.78729
G1 X146.148 Y109.18 E.06726
G1 X148.295 Y109.089 E.06738
G1 X150.438 Y108.938 E.06736
G1 X152.576 Y108.726 E.06736
G1 X154.707 Y108.454 E.06736
G1 X156.829 Y108.122 E.06734
G1 X158.942 Y107.731 E.06738
G1 X161.042 Y107.28 E.06735
G1 X163.132 Y106.77 E.06745
G1 X165.171 Y106.21 E.0663
G1 X197.73 Y106.21 E1.02086
G1 X196.879 Y107.926 F9000
;TYPE:Internal infill
;WIDTH:0.44
G1 F3000
G1 X196.253 Y107.3 E.02923
G1 X195.69 Y107.3 E.01859
G1 X196.7 Y108.31 E.04716
G1 X196.7 Y108.873 E.01859
G1 X195.127 Y107.3 E.07345
G1 X194.564 Y107.3 E.01859
G1 X196.7 Y109.436 E.09974
G1 X196.7 Y109.999 E.01859
G1 X194.001 Y107.3 E.12603
G1 X193.438 Y107.3 E.01859
G1 X196.7 Y110.562 E.15231
G1 X196.7 Y111.125 E.01859
G1 X192.875 Y107.3 E.1786
G1 X192.312 Y107.3 E.01859
G1 X196.7 Y111.688 E.20489
G1 X196.7 Y112.251 E.01859
G1 X191.749 Y107.3 E.23118
G1 X191.186 Y107.3 E.01859
G1 X196.7 Y112.814 E.25747
G1 X196.7 Y113.377 E.01859
G1 X190.623 Y107.3 E.28376
G1 X190.06 Y107.3 E.01859
G1 X196.7 Y113.94 E.31004
G1 X196.7 Y114.503 E.01859
G1 X189.497 Y107.3 E.33633
G1 X188.934 Y107.3 E.01859
G1 X196.7 Y115.066 E.36262
G1 X196.7 Y115.629 E.01859
G1 X188.371 Y107.3 E.38891
G1 X187.808 Y107.3 E.01859
G1 X196.7 Y116.192 E.4152
G1 X196.7 Y116.755 E.01859
G1 X187.245 Y107.3 E.44149
G1 X186.682 Y107.3 E.01859
G1 X196.7 Y117.318 E.46778
G1 X196.7 Y117.881 E.01859
G1 X186.119 Y107.3 E.49406
G1 X185.556 Y107.3 E.01859
G1 X196.7 Y118.444 E.52035
G1 X196.7 Y119.007 E.01859
G1 X184.993 Y107.3 E.54664
G1 X184.43 Y107.3 E.01859
G1 X196.7 Y119.57 E.57293
G1 X196.7 Y120.133 E.01859
G1 X183.867 Y107.3 E.59922
G1 X183.304 Y107.3 E.01859
G1 X196.7 Y120.696 E.62551
G1 X196.7 Y121.259 E.01859
G1 X182.741 Y107.3 E.65179
G1 X182.178 Y107.3 E.01859
G1 X196.7 Y121.822 E.67808
G1 X196.7 Y122.385 E.01859
G1 X181.615 Y107.3 E.70437
G1 X181.052 Y107.3 E.01859
G1 X196.7 Y122.948 E.73066
G1 X196.7 Y123.511 E.01859
G1 X180.489 Y107.3 E.75695
G1 X179.926 Y107.3 E.01859
G1 X196.326 Y123.7 E.76577
G1 X195.763 Y123.7 E.01859
G1 X179.363 Y107.3 E.76577
G1 X178.8 Y107.3 E.01859
G1 X195.2 Y123.7 E.76577
G1 X194.637 Y123.7 E.01859
G1 X178.237 Y107.3 E.76577
G1 X177.674 Y107.3 E.01859
G1 X194.074 Y123.7 E.76577
G1 X193.511 Y123.7 E.01859
G1 X177.111 Y107.3 E.76577
G1 X176.548 Y107.3 E.01859
G1 X192.948 Y123.7 E.76577
G1 X192.385 Y123.7 E.01859
G1 X175.985 Y107.3 E.76577
G1 X175.422 Y107.3 E.01859
G1 X191.822 Y123.7 E.76577
G1 X191.259 Y123.7 E.01859
G1 X174.859 Y107.3 E.76577
G1 X174.296 Y107.3 E.01859
G1 X190.696 Y123.7 E.76577
G1 X190.133 Y123.7 E.01859
G1 X173.733 Y107.3 E.76577
G1 X173.17 Y107.3 E.01859
G1 X189.57 Y123.7 E.76577
G1 X189.007 Y123.7 E.01859
G1 X172.607 Y107.3 E.76577
G1 X172.044 Y107.3 E.01859
G1 X188.444 Y123.7 E.76577
G1 X187.881 Y123.7 E.01859
G1 X171.481 Y107.3 E.76577
G1 X170.918 Y107.3 E.01859
G1 X187.318 Y123.7 E.76577
G1 X186.755 Y123.7 E.01859
G1 X170.355 Y107.3 E.76577
G1 X169.792 Y107.3 E.01859
G1 X186.192 Y123.7 E.76577
G1 X185.629 Y123.7 E.01859
G1 X169.229 Y107.3 E.76577
G1 X168.666 Y107.3 E.01859
G1 X185.066 Y123.7 E.76577
G1 X184.503 Y123.7 E.01859
G1 X168.103 Y107.3 E.76577
G1 X167.54 Y107.3 E.01859
G1 X183.94 Y123.7 E.76577
G1 X183.377 Y123.7 E.01859
G1 X166.977 Y107.3 E.76577
G1 X166.414 Y107.3 E.01859
G1 X182.814 Y123.7 E.76577
G1 X182.251 Y123.7 E.01859
G1 X165.851 Y107.3 E.76577
G1 X165.294 Y107.306 E.01839
G1 X181.688 Y123.7 E.76549
G1 X181.125 Y123.7 E.01859
G1 X164.853 Y107.427 E.75982
G1 X164.411 Y107.549 E.01514
G1 X180.562 Y123.7 E.75415
G1 X179.999 Y123.7 E.01859
G1 X163.969 Y107.67 E.7485
G1 X163.527 Y107.791 E.01513
G1 X179.436 Y123.7 E.74285
G1 X178.873 Y123.7 E.01859
G1 X163.078 Y107.905 E.73752
G1 X162.625 Y108.015 E.01539
G1 X178.31 Y123.7 E.73239
G1 X177.747 Y123.7 E.01859
G1 X162.173 Y108.126 E.7272
G1 X161.721 Y108.236 E.01536
G1 X177.184 Y123.7 E.72205
G1 X176.621 Y123.7 E.01859
G1 X161.267 Y108.346 E.71693
G1 X160.804 Y108.446 E.01564
G1 X176.058 Y123.7 E.71226
G1 X175.495 Y123.7 E.01859
G1 X160.34 Y108.545 E.70764
G1 X159.877 Y108.645 E.01564
G1 X174.932 Y123.7 E.70297
G1 X174.369 Y123.7 E.01859
G1 X159.414 Y108.744 E.69832
G1 X158.945 Y108.838 E.01579
G1 X173.806 Y123.7 E.69394
G1 X173.243 Y123.7 E.01859
G1 X158.47 Y108.927 E.6898
G1 X157.995 Y109.015 E.01595
G1 X172.68 Y123.7 E.68569
G1 X172.117 Y123.7 E.01859
G1 X157.52 Y109.103 E.68159
G1 X157.045 Y109.191 E.01595
G1 X171.554 Y123.7 E.67748
G1 X170.991 Y123.7 E.01859
G1 X156.559 Y109.267 E.6739
G1 X156.072 Y109.344 E.01628
G1 X170.428 Y123.7 E.67033
G1 X169.865 Y123.7 E.01859
G1 X155.585 Y109.42 E.66678
G1 X155.098 Y109.496 E.01627
G1 X169.302 Y123.7 E.66323
G1 X168.739 Y123.7 E.01859
G1 X154.605 Y109.566 E.65997
G1 X154.106 Y109.629 E.01661
G1 X168.176 Y123.7 E.657
G1 X167.613 Y123.7 E.01859
G1 X153.606 Y109.693 E.65404
G1 X153.107 Y109.757 E.01661
G1 X167.051 Y123.7 E.65107
G1 X166.488 Y123.7 E.01859
G1 X152.605 Y109.818 E.64822
G1 X152.093 Y109.869 E.01699
G1 X165.925 Y123.7 E.64584
G1 X165.362 Y123.7 E.01859
G1 X151.581 Y109.919 E.64348
G1 X151.069 Y109.97 E.01699
G1 X164.61 Y123.511 E.63228
G1 X163.84 Y123.305 E.02632
G1 X150.557 Y110.021 E.62025
G1 X150.031 Y110.059 E.01741
G1 X163.071 Y123.098 E.60886
G1 X162.32 Y122.91 E.02556
G1 X149.505 Y110.096 E.59835
G1 X148.979 Y110.133 E.01741
G1 X161.575 Y122.728 E.58813
G1 X160.847 Y122.564 E.02464
G1 X148.453 Y110.17 E.57872
G1 X147.916 Y110.196 E.01775
G1 X160.13 Y122.41 E.57031
G1 X159.413 Y122.256 E.02421
G1 X147.376 Y110.218 E.56207
G1 X146.836 Y110.241 E.01785
G1 X158.713 Y122.119 E.5546
G1 X158.022 Y121.99 E.02321
G1 X146.295 Y110.264 E.54755
G1 X145.744 Y110.275 E.0182
G1 X157.331 Y121.862 E.54104
G1 X156.653 Y121.747 E.02271
G1 X145.189 Y110.283 E.53529
G1 X144.634 Y110.291 E.01833
G1 X155.986 Y121.643 E.53006
G1 X155.318 Y121.539 E.02232
G1 X144.078 Y110.299 E.52484
G1 X143.516 Y110.3 E.01856
G1 X154.657 Y121.441 E.52021
G1 X154.012 Y121.358 E.02147
G1 X142.953 Y110.3 E.51636
G1 X142.39 Y110.3 E.01859
G1 X153.367 Y121.276 E.51253
G1 X152.721 Y121.194 E.0215
G1 X141.828 Y110.3 E.50866
G1 X141.265 Y110.3 E.01859
G1 X152.096 Y121.132 E.50576
G1 X151.471 Y121.07 E.02074
G1 X140.702 Y110.3 E.50287
G1 X140.139 Y110.3 E.01859
G1 X150.846 Y121.008 E.49997
G1 X150.231 Y120.956 E.02038
G1 X139.576 Y110.3 E.49754
G1 X139.013 Y110.3 E.01859
G1 X149.625 Y120.913 E.49553
G1 X149.019 Y120.87 E.02006
G1 X138.45 Y110.3 E.49353
G1 X137.887 Y110.3 E.01859
G1 X148.414 Y120.827 E.49154
G1 X147.824 Y120.801 E.0195
G1 X137.324 Y110.3 E.49031
G1 X136.761 Y110.3 E.01859
G1 X147.236 Y120.776 E.48914
G1 X146.648 Y120.751 E.01943
G1 X136.198 Y110.3 E.48797
G1 X135.635 Y110.3 E.01859
G1 X146.064 Y120.73 E.48699
G1 X145.493 Y120.721 E.01886
G1 X135.072 Y110.3 E.48659
G1 X134.509 Y110.3 E.01859
G1 X144.922 Y120.713 E.48622
G1 X144.351 Y120.705 E.01885
G1 X133.946 Y110.3 E.48585
G1 X133.383 Y110.3 E.01859
G1 X143.783 Y120.7 E.48561
G1 X143.22 Y120.7 E.01859
G1 X132.82 Y110.3 E.48561
G1 X132.257 Y110.3 E.01859
G1 X142.657 Y120.7 E.48561
G1 X142.094 Y120.7 E.01859
G1 X131.694 Y110.3 E.48561
G1 X131.131 Y110.3 E.01859
G1 X141.531 Y120.7 E.48561
G1 X140.968 Y120.7 E.01859
G1 X130.568 Y110.3 E.48561
G1 X130.005 Y110.3 E.01859
G1 X140.405 Y120.7 E.48561
G1 X139.842 Y120.7 E.01859
G1 X129.442 Y110.3 E.48561
G1 X128.879 Y110.3 E.01859
G1 X139.279 Y120.7 E.48561
G1 X138.716 Y120.7 E.01859
G1 X128.316 Y110.3 E.48561
G1 X127.753 Y110.3 E.01859
G1 X138.153 Y120.7 E.48561
G1 X137.59 Y120.7 E.01859
G1 X127.19 Y110.3 E.48561
G1 X126.627 Y110.3 E.01859
G1 X137.027 Y120.7 E.48561
G1 X136.464 Y120.7 E.01859
G1 X126.064 Y110.3 E.48561
G1 X125.501 Y110.3 E.01859
G1 X135.901 Y120.7 E.48561
G1 X135.338 Y120.7 E.01859
G1 X124.938 Y110.3 E.48561
G1 X124.375 Y110.3 E.01859
G1 X134.775 Y120.7 E.48561
G1 X134.212 Y120.7 E.01859
G1 X123.812 Y110.3 E.48561
G1 X123.249 Y110.3 E.01859
G1 X133.649 Y120.7 E.48561
G1 X133.086 Y120.7 E.01859
G1 X122.686 Y110.3 E.48561
G1 X122.123 Y110.3 E.01859
G1 X132.523 Y120.7 E.48561
G1 X131.96 Y120.7 E.01859
G1 X121.56 Y110.3 E.48561
G1 X120.997 Y110.3 E.01859
G1 X131.397 Y120.7 E.48561
G1 X130.834 Y120.7 E.01859
G1 X120.434 Y110.3 E.48561
G1 X119.871 Y110.3 E.01859
G1 X130.271 Y120.7 E.48561
G1 X129.708 Y120.7 E.01859
G1 X119.308 Y110.3 E.48561
G1 X118.745 Y110.3 E.01859
G1 X129.145 Y120.7 E.48561
G1 X128.582 Y120.7 E.01859
G1 X118.182 Y110.3 E.48561
G1 X117.619 Y110.3 E.01859
G1 X128.019 Y120.7 E.48561
G1 X127.456 Y120.7 E.01859
G1 X117.056 Y110.3 E.48561
G1 X116.493 Y110.3 E.01859
G1 X126.893 Y120.7 E.48561
G1 X126.33 Y120.7 E.01859
G1 X115.93 Y110.3 E.48561
G1 X115.367 Y110.3 E.01859
G1 X125.767 Y120.7 E.48561
G1 X125.204 Y120.7 E.01859
G1 X114.804 Y110.3 E.48561
G1 X114.241 Y110.3 E.01859
G1 X124.641 Y120.7 E.48561
G1 X124.078 Y120.7 E.01859
G1 X113.678 Y110.3 E.48561
G1 X113.115 Y110.3 E.01859
G1 X123.515 Y120.7 E.48561
G1 X122.952 Y120.7 E.01859
G1 X112.552 Y110.3 E.48561
G1 X111.989 Y110.3 E.01859
G1 X122.389 Y120.7 E.48561
G1 X121.826 Y120.7 E.01859
G1 X111.426 Y110.3 E.48561
G1 X110.863 Y110.3 E.01859
G1 X121.263 Y120.7 E.48561
G1 X120.7 Y120.7 E.01859
G1 X110.3 Y110.3 E.48561
G1 X109.737 Y110.3 E.01859
G1 X120.137 Y120.7 E.48561
G1 X119.574 Y120.7 E.01859
G1 X109.174 Y110.3 E.48561
G1 X108.611 Y110.3 E.01859
G1 X119.011 Y120.7 E.48561
G1 X118.448 Y120.7 E.01859
G1 X108.048 Y110.3 E.48561
G1 X107.485 Y110.3 E.01859
G1 X117.885 Y120.7 E.48561
G1 X117.322 Y120.7 E.01859
G1 X106.922 Y110.3 E.48561
G1 X106.359 Y110.3 E.01859
G1 X116.759 Y120.7 E.48561
G1 X116.196 Y120.7 E.01859
G1 X105.796 Y110.3 E.48561
G1 X105.233 Y110.3 E.01859
G1 X115.633 Y120.7 E.48561
G1 X115.07 Y120.7 E.01859
G1 X104.67 Y110.3 E.48561
G1 X104.107 Y110.3 E.01859
G1 X114.507 Y120.7 E.48561
G1 X113.944 Y120.7 E.01859
G1 X103.544 Y110.3 E.48561
G1 X102.981 Y110.3 E.01859
G1 X113.381 Y120.7 E.48561
G1 X112.818 Y120.7 E.01859
G1 X102.418 Y110.3 E.48561
G1 X101.855 Y110.3 E.01859
G1 X112.255 Y120.7 E.48561
G1 X111.692 Y120.7 E.01859
G1 X101.292 Y110.3 E.48561
G1 X100.729 Y110.3 E.01859
G1 X111.129 Y120.7 E.48561
G1 X110.566 Y120.7 E.01859
G1 X100.166 Y110.3 E.48561
G1 X99.603 Y110.3 E.01859
G1 X110.003 Y120.7 E.48561
G1 X109.44 Y120.7 E.01859
G1 X99.04 Y110.3 E.48561
G1 X98.477 Y110.3 E.01859
G1 X108.877 Y120.7 E.48561
G1 X108.314 Y120.7 E.01859
G1 X97.914 Y110.3 E.48561
G1 X97.351 Y110.3 E.01859
G1 X107.751 Y120.7 E.48561
G1 X107.188 Y120.7 E.01859
G1 X96.788 Y110.3 E.48561
G1 X96.225 Y110.3 E.01859
G1 X106.625 Y120.7 E.48561
G1 X106.062 Y120.7 E.01859
G1 X95.662 Y110.3 E.48561
G1 X95.099 Y110.3 E.01859
G1 X105.499 Y120.7 E.48561
G1 X104.936 Y120.7 E.01859
G1 X94.536 Y110.3 E.48561
G1 X93.973 Y110.3 E.01859
G1 X104.373 Y120.7 E.48561
G1 X103.81 Y120.7 E.01859
G1 X93.41 Y110.3 E.48561
G1 X92.847 Y110.3 E.01859
G1 X103.247 Y120.7 E.48561
G1 X102.684 Y120.7 E.01859
G1 X92.284 Y110.3 E.48561
G1 X91.721 Y110.3 E.01859
G1 X102.121 Y120.7 E.48561
G1 X101.558 Y120.7 E.01859
G1 X91.158 Y110.3 E.48561
G1 X90.595 Y110.3 E.01859
G1 X100.995 Y120.7 E.48561
G1 X100.432 Y120.7 E.01859
G1 X90.032 Y110.3 E.48561
G1 X89.469 Y110.3 E.01859
G1 X99.869 Y120.7 E.48561
G1 X99.306 Y120.7 E.01859
G1 X88.906 Y110.3 E.48561
G1 X88.343 Y110.3 E.01859
G1 X98.744 Y120.7 E.48564
G1 X98.181 Y120.7 E.01859
G1 X87.78 Y110.3 E.48564
G1 X87.217 Y110.3 E.01859
G1 X97.618 Y120.7 E.48564
G1 X97.055 Y120.7 E.01859
G1 X86.649 Y110.295 E.48587
G1 X86.078 Y110.287 E.01885
G1 X96.492 Y120.7 E.48624
G1 X95.929 Y120.7 E.01859
G1 X85.507 Y110.279 E.48662
G1 X84.936 Y110.27 E.01886
G1 X95.366 Y120.7 E.48701
G1 X94.803 Y120.7 E.01859
G1 X84.352 Y110.249 E.48799
G1 X83.764 Y110.224 E.01943
G1 X94.24 Y120.7 E.48916
G1 X93.677 Y120.7 E.01859
G1 X83.176 Y110.199 E.49033
G1 X82.587 Y110.173 E.01947
G1 X93.114 Y120.7 E.49154
G1 X92.551 Y120.7 E.01859
G1 X81.981 Y110.13 E.49355
G1 X81.375 Y110.087 E.02006
G1 X91.988 Y120.7 E.49556
G1 X91.425 Y120.7 E.01859
G1 X80.769 Y110.044 E.49757
G1 X80.154 Y109.992 E.02038
G1 X90.862 Y120.7 E.49999
G1 X90.299 Y120.7 E.01859
G1 X79.529 Y109.93 E.50289
G1 X78.904 Y109.868 E.02074
G1 X89.736 Y120.7 E.50578
G1 X89.173 Y120.7 E.01859
G1 X78.279 Y109.806 E.50868
G1 X77.633 Y109.724 E.0215
G1 X88.61 Y120.7 E.51253
G1 X88.047 Y120.7 E.01859
G1 X76.988 Y109.642 E.51636
G1 X76.343 Y109.559 E.02147
G1 X87.484 Y120.7 E.52021
G1 X86.922 Y120.701 E.01856
G1 X75.682 Y109.461 E.52484
G1 X75.015 Y109.357 E.02229
G1 X86.367 Y120.709 E.53006
G1 X85.811 Y120.717 E.01836
G1 X74.348 Y109.253 E.53527
G1 X73.669 Y109.137 E.02274
G1 X85.256 Y120.725 E.54106
G1 X84.705 Y120.736 E.0182
G1 X72.978 Y109.009 E.54757
G1 X72.287 Y108.881 E.0232
G1 X84.164 Y120.759 E.5546
G1 X83.624 Y120.782 E.01785
G1 X71.587 Y108.744 E.56207
G1 X70.87 Y108.59 E.02421
G1 X83.084 Y120.804 E.57031
G1 X82.547 Y120.83 E.01775
G1 X70.153 Y108.436 E.57872
G1 X69.426 Y108.272 E.02461
G1 X82.021 Y120.867 E.5881
G1 X81.495 Y120.904 E.01741
G1 X68.681 Y108.09 E.59833
G1 X67.936 Y107.908 E.02532
G1 X80.969 Y120.941 E.60856
G1 X80.444 Y120.979 E.01738
G1 X67.173 Y107.709 E.61965
G1 X66.398 Y107.496 E.02654
G1 X79.931 Y121.03 E.63193
G1 X79.419 Y121.081 E.01699
G1 X65.639 Y107.3 E.64346
G1 X65.076 Y107.3 E.01859
G1 X78.907 Y121.131 E.64582
G1 X78.395 Y121.182 E.01699
G1 X64.513 Y107.3 E.6482
G1 X63.95 Y107.3 E.01859
G1 X77.893 Y121.243 E.65105
G1 X77.394 Y121.307 E.01661
G1 X63.387 Y107.3 E.65404
G1 X62.824 Y107.3 E.01859
G1 X76.894 Y121.371 E.657
G1 X76.395 Y121.434 E.01661
G1 X62.261 Y107.3 E.65997
G1 X61.698 Y107.3 E.01859
G1 X75.902 Y121.504 E.66323
G1 X75.415 Y121.58 E.01627
G1 X61.135 Y107.3 E.66678
G1 X60.572 Y107.3 E.01859
G1 X74.928 Y121.656 E.67033
G1 X74.443 Y121.734 E.01622
G1 X60.009 Y107.3 E.67397
G1 X59.446 Y107.3 E.01859
G1 X73.965 Y121.82 E.67797
G1 X73.488 Y121.905 E.016
G1 X58.883 Y107.3 E.68196
G1 X58.32 Y107.3 E.01859
G1 X73.011 Y121.991 E.68597
G1 X72.534 Y122.077 E.016
G1 X57.757 Y107.3 E.68999
G1 X57.194 Y107.3 E.01859
G1 X72.057 Y122.163 E.69401
G1 X71.587 Y122.256 E.01582
G1 X56.631 Y107.3 E.69835
G1 X56.068 Y107.3 E.01859
G1 X71.123 Y122.355 E.70297
G1 X70.66 Y122.455 E.01564
G1 X55.505 Y107.3 E.70764
G1 X54.942 Y107.3 E.01859
G1 X70.196 Y122.554 E.71226
G1 X69.733 Y122.654 E.01564
G1 X54.379 Y107.3 E.71693
G1 X53.816 Y107.3 E.01859
G1 X69.28 Y122.764 E.72207
G1 X68.827 Y122.874 E.01539
G1 X53.253 Y107.3 E.7272
G1 X52.69 Y107.3 E.01859
G1 X68.375 Y122.985 E.73239
G1 X67.922 Y123.095 E.01539
G1 X52.127 Y107.3 E.73752
G1 X51.564 Y107.3 E.01859
G1 X67.473 Y123.209 E.74285
G1 X67.031 Y123.33 E.01513
G1 X51.001 Y107.3 E.7485
G1 X50.438 Y107.3 E.01859
G1 X66.589 Y123.451 E.75415
G1 X66.148 Y123.573 E.01511
G1 X49.875 Y107.3 E.75984
G1 X49.312 Y107.3 E.01859
G1 X65.706 Y123.694 E.76549
G1 X65.149 Y123.7 E.01839
G1 X48.749 Y107.3 E.76577
G1 X48.186 Y107.3 E.01859
G1 X64.586 Y123.7 E.76577
G1 X64.023 Y123.7 E.01859
G1 X47.623 Y107.3 E.76577
G1 X47.06 Y107.3 E.01859
G1 X63.46 Y123.7 E.76577
G1 X62.897 Y123.7 E.01859
G1 X46.497 Y107.3 E.76577
G1 X45.934 Y107.3 E.01859
G1 X62.334 Y123.7 E.76577
G1 X61.771 Y123.7 E.01859
G1 X45.371 Y107.3 E.76577
G1 X44.808 Y107.3 E.01859
G1 X61.208 Y123.7 E.76577
G1 X60.645 Y123.7 E.01859
G1 X44.245 Y107.3 E.76577
G1 X43.682 Y107.3 E.01859
G1 X60.082 Y123.7 E.76577
G1 X59.519 Y123.7 E.01859
G1 X43.119 Y107.3 E.76577
G1 X42.556 Y107.3 E.01859
G1 X58.956 Y123.7 E.76577
G1 X58.393 Y123.7 E.01859
G1 X41.993 Y107.3 E.76577
G1 X41.43 Y107.3 E.01859
G1 X57.83 Y123.7 E.76577
G1 X57.267 Y123.7 E.01859
G1 X40.867 Y107.3 E.76577
G1 X40.304 Y107.3 E.01859
G1 X56.704 Y123.7 E.76577
G1 X56.141 Y123.7 E.01859
G1 X39.741 Y107.3 E.76577
G1 X39.178 Y107.3 E.01859
G1 X55.578 Y123.7 E.76577
G1 X55.015 Y123.7 E.01859
G1 X38.615 Y107.3 E.76577
G1 X38.052 Y107.3 E.01859
G1 X54.452 Y123.7 E.76577
G1 X53.889 Y123.7 E.01859
G1 X37.489 Y107.3 E.76577
G1 X36.926 Y107.3 E.01859
G1 X53.326 Y123.7 E.76577
G1 X52.763 Y123.7 E.01859
G1 X36.363 Y107.3 E.76577
G1 X35.8 Y107.3 E.01859
G1 X52.2 Y123.7 E.76577
G1 X51.637 Y123.7 E.01859
G1 X35.237 Y107.3 E.76577
G1 X34.674 Y107.3 E.01859
G1 X51.074 Y123.7 E.76577
G1 X50.511 Y123.7 E.01859
G1 X34.3 Y107.489 E.75695
G1 X34.3 Y108.052 E.01859
G1 X49.948 Y123.7 E.73066
G1 X49.385 Y123.7 E.01859
G1 X34.3 Y108.615 E.70437
G1 X34.3 Y109.178 E.01859
G1 X48.822 Y123.7 E.67808
G1 X48.259 Y123.7 E.01859
G1 X34.3 Y109.741 E.65179
G1 X34.3 Y110.304 E.01859
G1 X47.696 Y123.7 E.62551
G1 X47.133 Y123.7 E.01859
G1 X34.3 Y110.867 E.59922
G1 X34.3 Y111.43 E.01859
G1 X46.57 Y123.7 E.57293
G1 X46.007 Y123.7 E.01859
G1 X34.3 Y111.993 E.54664
G1 X34.3 Y112.556 E.01859
G1 X45.444 Y123.7 E.52035
G1 X44.881 Y123.7 E.01859
G1 X34.3 Y113.119 E.49406
G1 X34.3 Y113.682 E.01859
G1 X44.318 Y123.7 E.46778
G1 X43.755 Y123.7 E.01859
G1 X34.3 Y114.245 E.44149
G1 X34.3 Y114.808 E.01859
G1 X43.192 Y123.7 E.4152
G1 X42.629 Y123.7 E.01859
G1 X34.3 Y115.371 E.38891
G1 X34.3 Y115.934 E.01859
G1 X42.066 Y123.7 E.36262
G1 X41.503 Y123.7 E.01859
G1 X34.3 Y116.497 E.33633
G1 X34.3 Y117.06 E.01859
G1 X40.94 Y123.7 E.31004
G1 X40.377 Y123.7 E.01859
G1 X34.3 Y117.623 E.28376
G1 X34.3 Y118.186 E.01859
G1 X39.814 Y123.7 E.25747
G1 X39.251 Y123.7 E.01859
G1 X34.3 Y118.749 E.23118
G1 X34.3 Y119.312 E.01859
G1 X38.688 Y123.7 E.20489
G1 X38.125 Y123.7 E.01859
G1 X34.3 Y119.875 E.1786
G1 X34.3 Y120.438 E.01859
G1 X37.562 Y123.7 E.15231
G1 X37 Y123.7 E.01856
G1 X34.3 Y121.001 E.12605
G1 X34.3 Y121.563 E.01856
G1 X36.437 Y123.7 E.09978
G1 X35.874 Y123.7 E.01859
G1 X34.3 Y122.126 E.0735
G1 X34.3 Y122.689 E.01859
G1 X35.311 Y123.7 E.04721
G1 X34.748 Y123.7 E.01859
G1 X34.121 Y123.074 E.02925
;LAYER_CHANGE
;Z:2.2
;HEIGHT:0.2
;BEFORE_LAYER_CHANGE
G92 E0
;2.2


G1 E-3.5 F3600
;WIPE_START
G1 F7200
G1 X34.748 Y123.7 E-.42085
G1 X35.311 Y123.7 E-.26743
G1 X34.3 Y122.689 E-.67914
G1 X34.3 Y122.41 E-.13258
;WIPE_END
G1 Z2.2 F9000
;AFTER_LAYER_CHANGE
;2.2
G1 X33.994 Y124.006
G1 E5 F2400
;TYPE:Perimeter
;WIDTH:0.439999
G1 X33.994 Y106.994 E.56169
G1 X65.724 Y106.994 E1.04764
G1 X67.687 Y107.533 E.06721
G1 X69.783 Y108.044 E.07123
G1 X71.905 Y108.5 E.07166
G1 X74.039 Y108.895 E.07166
G1 X76.183 Y109.231 E.07165
G1 X78.336 Y109.505 E.07166
G1 X80.496 Y109.719 E.07167
G1 X82.661 Y109.872 E.07166
G1 X84.83 Y109.964 E.07168
G1 X86.993 Y109.994 E.07142
G1 X144.007 Y109.994 E1.88245
G1 X146.17 Y109.964 E.07142
G1 X148.339 Y109.872 E.07168
G1 X150.504 Y109.719 E.07166
G1 X152.664 Y109.505 E.07167
G1 X154.817 Y109.231 E.07166
G1 X156.961 Y108.895 E.07165
G1 X159.095 Y108.5 E.07166
G1 X161.217 Y108.044 E.07166
G1 X163.326 Y107.529 E.07168
G1 X165.276 Y106.994 E.06676
G1 X197.006 Y106.994 E1.04764
G1 X197.006 Y124.006 E.56169
G1 X165.276 Y124.006 E1.04764
G1 X163.313 Y123.467 E.06721
G1 X161.74 Y123.083 E.05346
G1 X159.098 Y122.501 E.08932
G1 X156.961 Y122.105 E.07176
G1 X154.817 Y121.769 E.07165
G1 X152.664 Y121.495 E.07166
G1 X150.504 Y121.281 E.07167
G1 X148.339 Y121.128 E.07166
G1 X146.708 Y121.059 E.0539
G1 X144.01 Y121.006 E.0891
G1 X86.993 Y121.006 E1.88254
G1 X84.83 Y121.036 E.07142
G1 X82.661 Y121.128 E.07168
G1 X80.496 Y121.281 E.07166
G1 X78.336 Y121.495 E.07167
G1 X76.183 Y121.769 E.07166
G1 X74.571 Y122.021 E.05387
G1 X71.907 Y122.499 E.08936
G1 X69.783 Y122.956 E.07173
G1 X67.674 Y123.471 E.07168
G1 X65.724 Y124.006 E.06676
G1 X34.054 Y124.006 E1.04566
G1 X33.597 Y124.403 F9000
G1 F2400
G1 X33.597 Y106.597 E.58791
G1 X65.777 Y106.597 E1.0625
G1 X67.782 Y107.147 E.06865
G1 X69.871 Y107.657 E.071
G1 X71.983 Y108.111 E.07133
G1 X74.106 Y108.504 E.07129
G1 X76.239 Y108.837 E.07128
G1 X78.381 Y109.111 E.0713
G1 X80.53 Y109.323 E.0713
G1 X82.684 Y109.475 E.0713
G1 X84.841 Y109.567 E.07128
G1 X86.996 Y109.597 E.07116
G1 X144.004 Y109.597 E1.88225
G1 X146.159 Y109.567 E.07116
G1 X148.316 Y109.475 E.07128
G1 X150.47 Y109.323 E.0713
G1 X152.619 Y109.111 E.0713
G1 X154.761 Y108.837 E.0713
G1 X156.894 Y108.504 E.07128
G1 X159.018 Y108.111 E.07132
G1 X161.129 Y107.657 E.07129
G1 X163.226 Y107.145 E.07127
G1 X165.223 Y106.597 E.06837
G1 X197.403 Y106.597 E1.0625
G1 X197.403 Y124.403 E.58791
G1 X165.223 Y124.403 E1.0625
G1 X163.218 Y123.853 E.06865
G1 X161.651 Y123.47 E.05326
G1 X159.019 Y122.89 E.08899
G1 X156.894 Y122.496 E.07136
G1 X154.761 Y122.163 E.07128
G1 X152.619 Y121.889 E.0713
G1 X150.47 Y121.677 E.0713
G1 X148.316 Y121.525 E.0713
G1 X146.696 Y121.456 E.05354
G1 X144.006 Y121.403 E.08883
G1 X86.996 Y121.403 E1.88231
G1 X84.841 Y121.433 E.07116
G1 X82.684 Y121.525 E.07128
G1 X80.53 Y121.677 E.0713
G1 X78.381 Y121.889 E.0713
G1 X76.239 Y122.163 E.0713
G1 X74.637 Y122.413 E.05353
G1 X71.984 Y122.889 E.08899
G1 X69.871 Y123.343 E.07136
G1 X67.774 Y123.855 E.07127
G1 X65.777 Y124.403 E.06837
G1 X33.657 Y124.403 E1.06051
G1 X33.21 Y124.79 F9000
;TYPE:External perimeter
;WIDTH:0.419999
G1 F1500
G1 X33.21 Y106.21 E.58256
G1 X65.829 Y106.21 E1.02274
G1 X67.874 Y106.771 E.06649
G1 X69.958 Y107.28 E.06726
G1 X72.058 Y107.731 E.06735
G1 X74.171 Y108.122 E.06738
G1 X76.293 Y108.454 E.06734
G1 X78.425 Y108.726 E.06739
G1 X80.562 Y108.938 E.06733
G1 X82.705 Y109.089 E.06736
G1 X84.852 Y109.18 E.06738
G1 X87 Y109.21 E.06736
G1 X144.002 Y109.21 E1.78725
G1 X146.148 Y109.18 E.06729
G1 X148.295 Y109.089 E.06738
G1 X150.438 Y108.938 E.06736
G1 X152.576 Y108.726 E.06736
G1 X154.707 Y108.454 E.06736
G1 X156.829 Y108.122 E.06734
G1 X158.942 Y107.731 E.06738
G1 X161.042 Y107.28 E.06735
G1 X163.129 Y106.77 E.06736
G1 X165.171 Y106.21 E.06639
G1 X197.79 Y106.21 E1.02274
G1 X197.79 Y124.79 E.58256
G1 X165.171 Y124.79 E1.02274
G1 X163.126 Y124.229 E.06649
G1 X161.563 Y123.847 E.05045
G1 X158.942 Y123.269 E.08415
G1 X156.829 Y122.878 E.06738
G1 X154.707 Y122.546 E.06734
G1 X152.576 Y122.274 E.06736
G1 X150.438 Y122.062 E.06736
G1 X148.295 Y121.911 E.06736
G1 X146.684 Y121.843 E.05056
G1 X144.002 Y121.79 E.08411
G1 X86.997 Y121.79 E1.78735
G1 X84.852 Y121.82 E.06726
G1 X82.705 Y121.911 E.06738
G1 X80.562 Y122.062 E.06736
G1 X78.425 Y122.274 E.06733
G1 X76.293 Y122.546 E.06739
G1 X74.701 Y122.795 E.05052
G1 X72.059 Y123.269 E.08416
G1 X69.958 Y123.72 E.06738
G1 X67.871 Y124.23 E.06736
G1 X65.829 Y124.79 E.06639
G1 X33.27 Y124.79 E1.02086
G1 X34.121 Y123.074 F9000
;TYPE:Internal infill
;WIDTH:0.44
G1 F3000
G1 X34.748 Y123.7 E.02925
G1 X35.311 Y123.7 E.01859
G1 X34.3 Y122.689 E.04721
G1 X34.3 Y122.126 E.01859
G1 X35.874 Y123.7 E.0735
G1 X36.437 Y123.7 E.01859
G1 X34.3 Y121.563 E.09978
G1 X34.3 Y121.001 E.01856
G1 X37 Y123.7 E.12605
G1 X37.562 Y123.7 E.01856
G1 X34.3 Y120.438 E.15231
G1 X34.3 Y119.875 E.01859
G1 X38.125 Y123.7 E.1786
G1 X38.688 Y123.7 E.01859
G1 X34.3 Y119.312 E.20489
G1 X34.3 Y118.749 E.01859
G1 X39.251 Y123.7 E.23118
G1 X39.814 Y123.7 E.01859
G1 X34.3 Y118.186 E.25747
G1 X34.3 Y117.623 E.01859
G1 X40.377 Y123.7 E.28376
G1 X40.94 Y123.7 E.01859
G1 X34.3 Y117.06 E.31004
G1 X34.3 Y116.497 E.01859
G1 X41.503 Y123.7 E.33633
G1 X42.066 Y123.7 E.01859
G1 X34.3 Y115.934 E.36262
G1 X34.3 Y115.371 E.01859
G1 X42.629 Y123.7 E.38891
G1 X43.192 Y123.7 E.01859
G1 X34.3 Y114.808 E.4152
G1 X34.3 Y114.245 E.01859
G1 X43.755 Y123.7 E.44149
G1 X44.318 Y123.7 E.01859
G1 X34.3 Y113.682 E.46778
G1 X34.3 Y113.119 E.01859
G1 X44.881 Y123.7 E.49406
G1 X45.444 Y123.7 E.01859
G1 X34.3 Y112.556 E.52035
G1 X34.3 Y111.993 E.01859
G1 X46.007 Y123.7 E.54664
G1 X46.57 Y123.7 E.01859
G1 X34.3 Y111.43 E.57293
G1 X34.3 Y110.867 E.01859
G1 X47.133 Y123.7 E.59922
G1 X47.696 Y123.7 E.01859
G1 X34.3 Y110.304 E.62551
G1 X34.3 Y109.741 E.01859
G1 X48.259 Y123.7 E.65179
G1 X48.822 Y123.7 E.01859
G1 X34.3 Y109.178 E.67808
G1 X34.3 Y108.615 E.01859
G1 X49.385 Y123.7 E.70437
G1 X49.948 Y123.7 E.01859
G1 X34.3 Y108.052 E.73066
G1 X34.3 Y107.489 E.01859
G1 X50.511 Y123.7 E.75695
G1 X51.074 Y123.7 E.01859
G1 X34.674 Y107.3 E.76577
G1 X35.237 Y107.3 E.01859
G1 X51.637 Y123.7 E.76577
G1 X52.2 Y123.7 E.01859
G1 X35.8 Y107.3 E.76577
G1 X36.363 Y107.3 E.01859
G1 X52.763 Y123.7 E.76577
G1 X53.326 Y123.7 E.01859
G1 X36.926 Y107.3 E.76577
G1 X37.489 Y107.3 E.01859
G1 X53.889 Y123.7 E.76577
G1 X54.452 Y123.7 E.01859
G1 X38.052 Y107.3 E.76577
G1 X38.615 Y107.3 E.01859
G1 X55.015 Y123.7 E.76577
G1 X55.578 Y123.7 E.01859
G1 X39.178 Y107.3 E.76577
G1 X39.741 Y107.3 E.01859
G1 X56.141 Y123.7 E.76577
G1 X56.704 Y123.7 E.01859
G1 X40.304 Y107.3 E.76577
G1 X40.867 Y107.3 E.01859
G1 X57.267 Y123.7 E.76577
G1 X57.83 Y123.7 E.01859
G1 X41.43 Y107.3 E.76577
G1 X41.993 Y107.3 E.01859
G1 X58.393 Y123.7 E.76577
G1 X58.956 Y123.7 E.01859
G1 X42.556 Y107.3 E.76577
G1 X43.119 Y107.3 E.01859
G1 X59.519 Y123.7 E.76577
G1 X60.082 Y123.7 E.01859
G1 X43.682 Y107.3 E.76577
G1 X44.245 Y107.3 E.01859
G1 X60.645 Y123.7 E.76577
G1 X61.208 Y123.7 E.01859
G1 X44.808 Y107.3 E.76577
G1 X45.371 Y107.3 E.01859
G1 X61.771 Y123.7 E.76577
G1 X62.334 Y123.7 E.01859
G1 X45.934 Y107.3 E.76577
G1 X46.497 Y107.3 E.01859
G1 X62.897 Y123.7 E.76577
G1 X63.46 Y123.7 E.01859
G1 X47.06 Y107.3 E.76577
G1 X47.623 Y107.3 E.01859
G1 X64.023 Y123.7 E.76577
G1 X64.586 Y123.7 E.01859
G1 X48.186 Y107.3 E.76577
G1 X48.749 Y107.3 E.01859
G1 X65.149 Y123.7 E.76577
G1 X65.706 Y123.694 E.01839
G1 X49.312 Y107.3 E.76549
G1 X49.875 Y107.3 E.01859
G1 X66.148 Y123.573 E.75984
G1 X66.589 Y123.451 E.01511
G1 X50.438 Y107.3 E.75415
G1 X51.001 Y107.3 E.01859
G1 X67.031 Y123.33 E.7485
G1 X67.473 Y123.209 E.01513
G1 X51.564 Y107.3 E.74285
G1 X52.127 Y107.3 E.01859
G1 X67.922 Y123.095 E.73752
G1 X68.375 Y122.985 E.01539
G1 X52.69 Y107.3 E.73239
G1 X53.253 Y107.3 E.01859
G1 X68.827 Y122.874 E.7272
G1 X69.28 Y122.764 E.01539
G1 X53.816 Y107.3 E.72207
G1 X54.379 Y107.3 E.01859
G1 X69.733 Y122.654 E.71693
G1 X70.196 Y122.554 E.01564
G1 X54.942 Y107.3 E.71226
G1 X55.505 Y107.3 E.01859
G1 X70.66 Y122.455 E.70764
G1 X71.123 Y122.355 E.01564
G1 X56.068 Y107.3 E.70297
G1 X56.631 Y107.3 E.01859
G1 X71.587 Y122.256 E.69835
G1 X72.057 Y122.163 E.01582
G1 X57.194 Y107.3 E.69401
G1 X57.757 Y107.3 E.01859
G1 X72.534 Y122.077 E.68999
G1 X73.011 Y121.991 E.016
G1 X58.32 Y107.3 E.68597
G1 X58.883 Y107.3 E.01859
G1 X73.488 Y121.905 E.68196
G1 X73.965 Y121.82 E.016
G1 X59.446 Y107.3 E.67797
G1 X60.009 Y107.3 E.01859
G1 X74.443 Y121.734 E.67397
G1 X74.928 Y121.656 E.01622
G1 X60.572 Y107.3 E.67033
G1 X61.135 Y107.3 E.01859
G1 X75.415 Y121.58 E.66678
G1 X75.902 Y121.504 E.01627
G1 X61.698 Y107.3 E.66323
G1 X62.261 Y107.3 E.01859
G1 X76.395 Y121.434 E.65997
G1 X76.894 Y121.371 E.01661
G1 X62.824 Y107.3 E.657
G1 X63.387 Y107.3 E.01859
G1 X77.394 Y121.307 E.65404
G1 X77.893 Y121.243 E.01661
G1 X63.95 Y107.3 E.65105
G1 X64.513 Y107.3 E.01859
G1 X78.395 Y121.182 E.6482
G1 X78.907 Y121.131 E.01699
G1 X65.076 Y107.3 E.64582
G1 X65.639 Y107.3 E.01859
G1 X79.419 Y121.081 E.64346
G1 X79.931 Y121.03 E.01699
G1 X66.398 Y107.496 E.63193
G1 X67.173 Y107.709 E.02654
G1 X80.444 Y120.979 E.61965
G1 X80.969 Y120.941 E.01738
G1 X67.936 Y107.908 E.60856
G1 X68.681 Y108.09 E.02532
G1 X81.495 Y120.904 E.59833
G1 X82.021 Y120.867 E.01741
G1 X69.426 Y108.272 E.5881
G1 X70.153 Y108.436 E.02461
G1 X82.547 Y120.83 E.57872
G1 X83.084 Y120.804 E.01775
G1 X70.87 Y108.59 E.57031
G1 X71.587 Y108.744 E.02421
G1 X83.624 Y120.782 E.56207
G1 X84.164 Y120.759 E.01785
G1 X72.287 Y108.881 E.5546
G1 X72.978 Y109.009 E.0232
G1 X84.705 Y120.736 E.54757
G1 X85.256 Y120.725 E.0182
G1 X73.669 Y109.137 E.54106
G1 X74.348 Y109.253 E.02274
G1 X85.811 Y120.717 E.53527
G1 X86.367 Y120.709 E.01836
G1 X75.015 Y109.357 E.53006
G1 X75.682 Y109.461 E.02229
G1 X86.922 Y120.701 E.52484
G1 X87.484 Y120.7 E.01856
G1 X76.343 Y109.559 E.52021
G1 X76.988 Y109.642 E.02147
G1 X88.047 Y120.7 E.51636
G1 X88.61 Y120.7 E.01859
G1 X77.633 Y109.724 E.51253
G1 X78.279 Y109.806 E.0215
G1 X89.173 Y120.7 E.50868
G1 X89.736 Y120.7 E.01859
G1 X78.904 Y109.868 E.50578
G1 X79.529 Y109.93 E.02074
G1 X90.299 Y120.7 E.50289
G1 X90.862 Y120.7 E.01859
G1 X80.154 Y109.992 E.49999
G1 X80.769 Y110.044 E.02038
G1 X91.425 Y120.7 E.49757
G1 X91.988 Y120.7 E.01859
G1 X81.375 Y110.087 E.49556
G1 X81.981 Y110.13 E.02006
G1 X92.551 Y120.7 E.49355
G1 X93.114 Y120.7 E.01859
G1 X82.587 Y110.173 E.49154
G1 X83.176 Y110.199 E.01947
G1 X93.677 Y120.7 E.49033
G1 X94.24 Y120.7 E.01859
G1 X83.764 Y110.224 E.48916
G1 X84.352 Y110.249 E.01943
G1 X94.803 Y120.7 E.48799
G1 X95.366 Y120.7 E.01859
G1 X84.936 Y110.27 E.48701
G1 X85.507 Y110.279 E.01886
G1 X95.929 Y120.7 E.48662
G1 X96.492 Y120.7 E.01859
G1 X86.078 Y110.287 E.48624
G1 X86.649 Y110.295 E.01885
G1 X97.055 Y120.7 E.48587
G1 X97.618 Y120.7 E.01859
G1 X87.217 Y110.3 E.48564
G1 X87.78 Y110.3 E.01859
G1 X98.181 Y120.7 E.48564
G1 X98.744 Y120.7 E.01859
G1 X88.343 Y110.3 E.48564
G1 X88.906 Y110.3 E.01859
G1 X99.306 Y120.7 E.48561
G1 X99.869 Y120.7 E.01859
G1 X89.469 Y110.3 E.48561
G1 X90.032 Y110.3 E.01859
G1 X100.432 Y120.7 E.48561
G1 X100.995 Y120.7 E.01859
G1 X90.595 Y110.3 E.48561
G1 X91.158 Y110.3 E.01859
G1 X101.558 Y120.7 E.48561
G1 X102.121 Y120.7 E.01859
G1 X91.721 Y110.3 E.48561
G1 X92.284 Y110.3 E.01859
G1 X102.684 Y120.7 E.48561
G1 X103.247 Y120.7 E.01859
G1 X92.847 Y110.3 E.48561
G1 X93.41 Y110.3 E.01859
G1 X103.81 Y120.7 E.48561
G1 X104.373 Y120.7 E.01859
G1 X93.973 Y110.3 E.48561
G1 X94.536 Y110.3 E.01859
G1 X104.936 Y120.7 E.48561
G1 X105.499 Y120.7 E.01859
G1 X95.099 Y110.3 E.48561
G1 X95.662 Y110.3 E.01859
G1 X106.062 Y120.7 E.48561
G1 X106.625 Y120.7 E.01859
G1 X96.225 Y110.3 E.48561
G1 X96.788 Y110.3 E.01859
G1 X107.188 Y120.7 E.48561
G1 X107.751 Y120.7 E.01859
G1 X97.351 Y110.3 E.48561
G1 X97.914 Y110.3 E.01859
G1 X108.314 Y120.7 E.48561
G1 X108.877 Y120.7 E.01859
G1 X98.477 Y110.3 E.48561
G1 X99.04 Y110.3 E.01859
G1 X109.44 Y120.7 E.48561
G1 X110.003 Y120.7 E.01859
G1 X99.603 Y110.3 E.48561
G1 X100.166 Y110.3 E.01859
G1 X110.566 Y120.7 E.48561
G1 X111.129 Y120.7 E.01859
G1 X100.729 Y110.3 E.48561
G1 X101.292 Y110.3 E.01859
G1 X111.692 Y120.7 E.48561
G1 X112.255 Y120.7 E.01859
G1 X101.855 Y110.3 E.48561
G1 X102.418 Y110.3 E.01859
G1 X112.818 Y120.7 E.48561
G1 X113.381 Y120.7 E.01859
G1 X102.981 Y110.3 E.48561
G1 X103.544 Y110.3 E.01859
G1 X113.944 Y120.7 E.48561
G1 X114.507 Y120.7 E.01859
G1 X104.107 Y110.3 E.48561
G1 X104.67 Y110.3 E.01859
G1 X115.07 Y120.7 E.48561
G1 X115.633 Y120.7 E.01859
G1 X105.233 Y110.3 E.48561
G1 X105.796 Y110.3 E.01859
G1 X116.196 Y120.7 E.48561
G1 X116.759 Y120.7 E.01859
G1 X106.359 Y110.3 E.48561
G1 X106.922 Y110.3 E.01859
G1 X117.322 Y120.7 E.48561
G1 X117.885 Y120.7 E.01859
G1 X107.485 Y110.3 E.48561
G1 X108.048 Y110.3 E.01859
G1 X118.448 Y120.7 E.48561
G1 X119.011 Y120.7 E.01859
G1 X108.611 Y110.3 E.48561
G1 X109.174 Y110.3 E.01859
G1 X119.574 Y120.7 E.48561
G1 X120.137 Y120.7 E.01859
G1 X109.737 Y110.3 E.48561
G1 X110.3 Y110.3 E.01859
G1 X120.7 Y120.7 E.48561
G1 X121.263 Y120.7 E.01859
G1 X110.863 Y110.3 E.48561
G1 X111.426 Y110.3 E.01859
G1 X121.826 Y120.7 E.48561
G1 X122.389 Y120.7 E.01859
G1 X111.989 Y110.3 E.48561
G1 X112.552 Y110.3 E.01859
G1 X122.952 Y120.7 E.48561
G1 X123.515 Y120.7 E.01859
G1 X113.115 Y110.3 E.48561
G1 X113.678 Y110.3 E.01859
G1 X124.078 Y120.7 E.48561
G1 X124.641 Y120.7 E.01859
G1 X114.241 Y110.3 E.48561
G1 X114.804 Y110.3 E.01859
G1 X125.204 Y120.7 E.48561
G1 X125.767 Y120.7 E.01859
G1 X115.367 Y110.3 E.48561
G1 X115.93 Y110.3 E.01859
G1 X126.33 Y120.7 E.48561
G1 X126.893 Y120.7 E.01859
G1 X116.493 Y110.3 E.48561
G1 X117.056 Y110.3 E.01859
G1 X127.456 Y120.7 E.48561
G1 X128.019 Y120.7 E.01859
G1 X117.619 Y110.3 E.48561
G1 X118.182 Y110.3 E.01859
G1 X128.582 Y120.7 E.48561
G1 X129.145 Y120.7 E.01859
G1 X118.745 Y110.3 E.48561
G1 X119.308 Y110.3 E.01859
G1 X129.708 Y120.7 E.48561
G1 X130.271 Y120.7 E.01859
G1 X119.871 Y110.3 E.48561
G1 X120.434 Y110.3 E.01859
G1 X130.834 Y120.7 E.48561
G1 X131.397 Y120.7 E.01859
G1 X120.997 Y110.3 E.48561
G1 X121.56 Y110.3 E.01859
G1 X131.96 Y120.7 E.48561
G1 X132.523 Y120.7 E.01859
G1 X122.123 Y110.3 E.48561
G1 X122.686 Y110.3 E.01859
G1 X133.086 Y120.7 E.48561
G1 X133.649 Y120.7 E.01859
G1 X123.249 Y110.3 E.48561
G1 X123.812 Y110.3 E.01859
G1 X134.212 Y120.7 E.48561
G1 X134.775 Y120.7 E.01859
G1 X124.375 Y110.3 E.48561
G1 X124.938 Y110.3 E.01859
G1 X135.338 Y120.7 E.48561
G1 X135.901 Y120.7 E.01859
G1 X125.501 Y110.3 E.48561
G1 X126.064 Y110.3 E.01859
G1 X136.464 Y120.7 E.48561
G1 X137.027 Y120.7 E.01859
G1 X126.627 Y110.3 E.48561
G1 X127.19 Y110.3 E.01859
G1 X137.59 Y120.7 E.48561
G1 X138.153 Y120.7 E.01859
G1 X127.753 Y110.3 E.48561
G1 X128.316 Y110.3 E.01859
G1 X138.716 Y120.7 E.48561
G1 X139.279 Y120.7 E.01859
G1 X128.879 Y110.3 E.48561
G1 X129.442 Y110.3 E.01859
G1 X139.842 Y120.7 E.48561
G1 X140.405 Y120.7 E.01859
G1 X130.005 Y110.3 E.48561
G1 X130.568 Y110.3 E.01859
G1 X140.968 Y120.7 E.48561
G1 X141.531 Y120.7 E.01859
G1 X131.131 Y110.3 E.48561
G1 X131.694 Y110.3 E.01859
G1 X142.094 Y120.7 E.48561
G1 X142.657 Y120.7 E.01859
G1 X132.257 Y110.3 E.48561
G1 X132.82 Y110.3 E.01859
G1 X143.22 Y120.7 E.48561
G1 X143.783 Y120.7 E.01859
G1 X133.383 Y110.3 E.48561
G1 X133.946 Y110.3 E.01859
G1 X144.353 Y120.707 E.48594
G1 X144.927 Y120.718 E.01896
G1 X134.509 Y110.3 E.48645
G1 X135.072 Y110.3 E.01859
G1 X145.501 Y120.73 E.48699
G1 X146.076 Y120.741 E.01899
G1 X135.635 Y110.3 E.48753
G1 X136.198 Y110.3 E.01859
G1 X146.65 Y120.752 E.48804
G1 X147.236 Y120.776 E.01936
G1 X136.761 Y110.3 E.48914
G1 X137.324 Y110.3 E.01859
G1 X147.824 Y120.801 E.49031
G1 X148.414 Y120.827 E.0195
G1 X137.887 Y110.3 E.49154
G1 X138.45 Y110.3 E.01859
G1 X149.019 Y120.87 E.49353
G1 X149.625 Y120.913 E.02006
G1 X139.013 Y110.3 E.49553
G1 X139.576 Y110.3 E.01859
G1 X150.231 Y120.956 E.49754
G1 X150.846 Y121.008 E.02038
G1 X140.139 Y110.3 E.49997
G1 X140.702 Y110.3 E.01859
G1 X151.471 Y121.07 E.50287
G1 X152.096 Y121.132 E.02074
G1 X141.265 Y110.3 E.50576
G1 X141.828 Y110.3 E.01859
G1 X152.721 Y121.194 E.50866
G1 X153.367 Y121.276 E.0215
G1 X142.39 Y110.3 E.51253
G1 X142.953 Y110.3 E.01859
G1 X154.012 Y121.358 E.51636
G1 X154.657 Y121.441 E.02147
G1 X143.516 Y110.3 E.52021
G1 X144.078 Y110.299 E.01856
G1 X155.318 Y121.539 E.52484
G1 X155.986 Y121.643 E.02232
G1 X144.634 Y110.291 E.53006
G1 X145.189 Y110.283 E.01833
G1 X156.653 Y121.747 E.53529
G1 X157.331 Y121.862 E.02271
G1 X145.744 Y110.275 E.54104
G1 X146.295 Y110.264 E.0182
G1 X158.022 Y121.99 E.54755
G1 X158.713 Y122.119 E.02321
G1 X146.836 Y110.241 E.5546
G1 X147.376 Y110.218 E.01785
G1 X159.415 Y122.257 E.56214
G1 X160.137 Y122.417 E.02442
G1 X147.916 Y110.196 E.57064
G1 X148.453 Y110.17 E.01775
G1 X160.86 Y122.576 E.5793
G1 X161.582 Y122.736 E.02442
G1 X148.979 Y110.133 E.58848
G1 X149.505 Y110.096 E.01741
G1 X162.32 Y122.91 E.59835
G1 X163.065 Y123.093 E.02533
G1 X150.031 Y110.059 E.6086
G1 X150.557 Y110.021 E.01741
G1 X163.826 Y123.291 E.6196
G1 X164.602 Y123.504 E.02657
G1 X151.069 Y109.97 E.63193
G1 X151.581 Y109.919 E.01699
G1 X165.362 Y123.7 E.64348
G1 X165.925 Y123.7 E.01859
G1 X152.093 Y109.869 E.64584
G1 X152.605 Y109.818 E.01699
G1 X166.488 Y123.7 E.64822
G1 X167.051 Y123.7 E.01859
G1 X153.107 Y109.757 E.65107
G1 X153.606 Y109.693 E.01661
G1 X167.613 Y123.7 E.65404
G1 X168.176 Y123.7 E.01859
G1 X154.106 Y109.629 E.657
G1 X154.605 Y109.566 E.01661
G1 X168.739 Y123.7 E.65997
G1 X169.302 Y123.7 E.01859
G1 X155.098 Y109.496 E.66323
G1 X155.585 Y109.42 E.01627
G1 X169.865 Y123.7 E.66678
G1 X170.428 Y123.7 E.01859
G1 X156.072 Y109.344 E.67033
G1 X156.559 Y109.267 E.01628
G1 X170.991 Y123.7 E.6739
G1 X171.554 Y123.7 E.01859
G1 X157.045 Y109.191 E.67748
G1 X157.52 Y109.103 E.01595
G1 X172.117 Y123.7 E.68159
G1 X172.68 Y123.7 E.01859
G1 X157.995 Y109.015 E.68569
G1 X158.47 Y108.927 E.01595
G1 X173.243 Y123.7 E.6898
G1 X173.806 Y123.7 E.01859
G1 X158.945 Y108.838 E.69394
G1 X159.414 Y108.744 E.01579
G1 X174.369 Y123.7 E.69832
G1 X174.932 Y123.7 E.01859
G1 X159.877 Y108.645 E.70297
G1 X160.34 Y108.545 E.01564
G1 X175.495 Y123.7 E.70764
G1 X176.058 Y123.7 E.01859
G1 X160.804 Y108.446 E.71226
G1 X161.267 Y108.346 E.01564
G1 X176.621 Y123.7 E.71693
G1 X177.184 Y123.7 E.01859
G1 X161.721 Y108.236 E.72205
G1 X162.173 Y108.126 E.01536
G1 X177.747 Y123.7 E.7272
G1 X178.31 Y123.7 E.01859
G1 X162.625 Y108.015 E.73239
G1 X163.078 Y107.905 E.01539
G1 X178.873 Y123.7 E.73752
G1 X179.436 Y123.7 E.01859
G1 X163.527 Y107.791 E.74285
G1 X163.969 Y107.67 E.01513
G1 X179.999 Y123.7 E.7485
G1 X180.562 Y123.7 E.01859
G1 X164.411 Y107.549 E.75415
G1 X164.853 Y107.427 E.01514
G1 X181.125 Y123.7 E.75982
G1 X181.688 Y123.7 E.01859
G1 X165.294 Y107.306 E.76549
G1 X165.851 Y107.3 E.01839
G1 X182.251 Y123.7 E.76577
G1 X182.814 Y123.7 E.01859
G1 X166.414 Y107.3 E.76577
G1 X166.977 Y107.3 E.01859
G1 X183.377 Y123.7 E.76577
G1 X183.94 Y123.7 E.01859
G1 X167.54 Y107.3 E.76577
G1 X168.103 Y107.3 E.01859
G1 X184.503 Y123.7 E.76577
G1 X185.066 Y123.7 E.01859
G1 X168.666 Y107.3 E.76577
G1 X169.229 Y107.3 E.01859
G1 X185.629 Y123.7 E.76577
G1 X186.192 Y123.7 E.01859
G1 X169.792 Y107.3 E.76577
G1 X170.355 Y107.3 E.01859
G1 X186.755 Y123.7 E.76577
G1 X187.318 Y123.7 E.01859
G1 X170.918 Y107.3 E.76577
G1 X171.481 Y107.3 E.01859
G1 X187.881 Y123.7 E.76577
G1 X188.444 Y123.7 E.01859
G1 X172.044 Y107.3 E.76577
G1 X172.607 Y107.3 E.01859
G1 X189.007 Y123.7 E.76577
G1 X189.57 Y123.7 E.01859
G1 X173.17 Y107.3 E.76577
G1 X173.733 Y107.3 E.01859
G1 X190.133 Y123.7 E.76577
G1 X190.696 Y123.7 E.01859
G1 X174.296 Y107.3 E.76577
G1 X174.859 Y107.3 E.01859
G1 X191.259 Y123.7 E.76577
G1 X191.822 Y123.7 E.01859
G1 X175.422 Y107.3 E.76577
G1 X175.985 Y107.3 E.01859
G1 X192.385 Y123.7 E.76577
G1 X192.948 Y123.7 E.01859
G1 X176.548 Y107.3 E.76577
G1 X177.111 Y107.3 E.01859
G1 X193.511 Y123.7 E.76577
G1 X194.074 Y123.7 E.01859
G1 X177.674 Y107.3 E.76577
G1 X178.237 Y107.3 E.01859
G1 X194.637 Y123.7 E.76577
G1 X195.2 Y123.7 E.01859
G1 X178.8 Y107.3 E.76577
G1 X179.363 Y107.3 E.01859
G1 X195.763 Y123.7 E.76577
G1 X196.326 Y123.7 E.01859
G1 X179.926 Y107.3 E.76577
G1 X180.489 Y107.3 E.01859
G1 X196.7 Y123.511 E.75695
G1 X196.7 Y122.948 E.01859
G1 X181.052 Y107.3 E.73066
G1 X181.615 Y107.3 E.01859
G1 X196.7 Y122.385 E.70437
G1 X196.7 Y121.822 E.01859
G1 X182.178 Y107.3 E.67808
G1 X182.741 Y107.3 E.01859
G1 X196.7 Y121.259 E.65179
G1 X196.7 Y120.696 E.01859
G1 X183.304 Y107.3 E.62551
G1 X183.867 Y107.3 E.01859
G1 X196.7 Y120.133 E.59922
G1 X196.7 Y119.57 E.01859
G1 X184.43 Y107.3 E.57293
G1 X184.993 Y107.3 E.01859
G1 X196.7 Y119.007 E.54664
G1 X196.7 Y118.444 E.01859
G1 X185.556 Y107.3 E.52035
G1 X186.119 Y107.3 E.01859
G1 X196.7 Y117.881 E.49406
G1 X196.7 Y117.318 E.01859
G1 X186.682 Y107.3 E.46778
G1 X187.245 Y107.3 E.01859
G1 X196.7 Y116.755 E.44149
G1 X196.7 Y116.192 E.01859
G1 X187.808 Y107.3 E.4152
G1 X188.371 Y107.3 E.01859
G1 X196.7 Y115.629 E.38891
G1 X196.7 Y115.066 E.01859
G1 X188.934 Y107.3 E.36262
G1 X189.497 Y107.3 E.01859
G1 X196.7 Y114.503 E.33633
G1 X196.7 Y113.94 E.01859
G1 X190.06 Y107.3 E.31004
G1 X190.623 Y107.3 E.01859
G1 X196.7 Y113.377 E.28376
G1 X196.7 Y112.814 E.01859
G1 X191.186 Y107.3 E.25747
G1 X191.749 Y107.3 E.01859
G1 X196.7 Y112.251 E.23118
G1 X196.7 Y111.688 E.01859
G1 X192.312 Y107.3 E.20489
G1 X192.875 Y107.3 E.01859
G1 X196.7 Y111.125 E.1786
G1 X196.7 Y110.562 E.01859
G1 X193.438 Y107.3 E.15231
G1 X194.001 Y107.3 E.01859
G1 X196.7 Y109.999 E.12603
G1 X196.7 Y109.436 E.01859
G1 X194.564 Y107.3 E.09974
G1 X195.127 Y107.3 E.01859
G1 X196.7 Y108.873 E.07345
G1 X196.7 Y108.31 E.01859
G1 X195.69 Y107.3 E.04716
G1 X196.253 Y107.3 E.01859
G1 X196.879 Y107.926 E.02923
;LAYER_CHANGE
;Z:2.4
;HEIGHT:0.2
;BEFORE_LAYER_CHANGE
G92 E0
;2.4


G1 E-3.5 F3600
;WIPE_START
G1 F7200
G1 X196.253 Y107.3 E-.42052
G1 X195.69 Y107.3 E-.26743
G1 X196.7 Y108.31 E-.67847
G1 X196.7 Y108.591 E-.13358
;WIPE_END
G1 Z2.4 F9000
;AFTER_LAYER_CHANGE
;2.4
G1 X197.006 Y106.994
G1 E5 F2400
;TYPE:Perimeter
;WIDTH:0.439999
G1 X197.006 Y124.006 E.56169
G1 X165.276 Y124.006 E1.04764
G1 X163.313 Y123.467 E.06721
G1 X161.217 Y122.956 E.07123
G1 X159.095 Y122.5 E.07166
G1 X156.961 Y122.105 E.07166
G1 X154.817 Y121.769 E.07165
G1 X152.664 Y121.495 E.07166
G1 X150.504 Y121.281 E.07167
G1 X148.339 Y121.128 E.07166
G1 X146.648 Y121.057 E.05588
G1 X144.01 Y121.006 E.08712
G1 X86.993 Y121.006 E1.88254
G1 X84.83 Y121.036 E.07142
G1 X82.661 Y121.128 E.07168
G1 X80.496 Y121.281 E.07166
G1 X78.336 Y121.495 E.07167
G1 X76.183 Y121.769 E.07166
G1 X74.039 Y122.105 E.07165
G1 X71.905 Y122.5 E.07166
G1 X69.783 Y122.956 E.07166
G1 X67.674 Y123.471 E.07168
G1 X65.724 Y124.006 E.06676
G1 X33.994 Y124.006 E1.04764
G1 X33.994 Y106.994 E.56169
G1 X65.724 Y106.994 E1.04764
G1 X67.687 Y107.533 E.06721
G1 X69.783 Y108.044 E.07123
G1 X71.905 Y108.5 E.07166
G1 X74.039 Y108.895 E.07166
G1 X76.183 Y109.231 E.07165
G1 X78.336 Y109.505 E.07166
G1 X80.496 Y109.719 E.07167
G1 X82.661 Y109.872 E.07166
G1 X84.83 Y109.964 E.07168
G1 X86.993 Y109.994 E.07142
G1 X144.007 Y109.994 E1.88245
G1 X146.17 Y109.964 E.07142
G1 X148.339 Y109.872 E.07168
G1 X150.504 Y109.719 E.07166
G1 X152.664 Y109.505 E.07167
G1 X154.817 Y109.231 E.07166
G1 X156.961 Y108.895 E.07165
G1 X159.095 Y108.5 E.07166
G1 X161.217 Y108.045 E.07166
G1 X163.326 Y107.529 E.07169
G1 X165.276 Y106.994 E.06676
G1 X196.946 Y106.994 E1.04566
G1 X197.403 Y106.597 F9000
G1 F2400
G1 X197.403 Y124.403 E.58791
G1 X165.223 Y124.403 E1.0625
G1 X163.218 Y123.853 E.06865
G1 X161.129 Y123.343 E.071
G1 X159.018 Y122.889 E.07129
G1 X156.894 Y122.496 E.07132
G1 X154.761 Y122.163 E.07128
G1 X152.619 Y121.889 E.0713
G1 X150.47 Y121.677 E.0713
G1 X148.316 Y121.525 E.0713
G1 X146.631 Y121.453 E.05568
G1 X144.006 Y121.403 E.08669
G1 X86.996 Y121.403 E1.88231
G1 X84.841 Y121.433 E.07116
G1 X82.684 Y121.525 E.07128
G1 X80.53 Y121.677 E.0713
G1 X78.381 Y121.889 E.0713
G1 X76.239 Y122.163 E.0713
G1 X74.106 Y122.496 E.07128
G1 X71.983 Y122.889 E.07129
G1 X69.871 Y123.343 E.07133
G1 X67.774 Y123.855 E.07127
G1 X65.777 Y124.403 E.06837
G1 X33.597 Y124.403 E1.0625
G1 X33.597 Y106.597 E.58791
G1 X65.777 Y106.597 E1.0625
G1 X67.782 Y107.147 E.06865
G1 X69.871 Y107.657 E.071
G1 X71.983 Y108.111 E.07133
G1 X74.106 Y108.504 E.07129
G1 X76.239 Y108.837 E.07128
G1 X78.381 Y109.111 E.0713
G1 X80.53 Y109.323 E.0713
G1 X82.684 Y109.475 E.0713
G1 X84.841 Y109.567 E.07128
G1 X86.996 Y109.597 E.07116
G1 X144.004 Y109.597 E1.88225
G1 X146.159 Y109.567 E.07116
G1 X148.316 Y109.475 E.07128
G1 X150.47 Y109.323 E.0713
G1 X152.619 Y109.111 E.0713
G1 X154.761 Y108.837 E.0713
G1 X156.894 Y108.504 E.07128
G1 X159.017 Y108.111 E.07129
G1 X161.129 Y107.657 E.07133
G1 X163.226 Y107.145 E.07127
G1 X165.223 Y106.597 E.06837
G1 X197.343 Y106.597 E1.06051
G1 X197.79 Y106.21 F9000
;TYPE:External perimeter
;WIDTH:0.419999
G1 F1500
G1 X197.79 Y124.79 E.58256
G1 X165.171 Y124.79 E1.02274
G1 X163.126 Y124.229 E.06649
G1 X161.042 Y123.72 E.06726
G1 X158.942 Y123.269 E.06735
G1 X156.829 Y122.878 E.06738
G1 X154.707 Y122.546 E.06734
G1 X152.576 Y122.274 E.06736
G1 X150.438 Y122.062 E.06736
G1 X148.295 Y121.911 E.06736
G1 X146.615 Y121.84 E.05272
G1 X144.002 Y121.79 E.08194
G1 X86.997 Y121.79 E1.78735
G1 X84.852 Y121.82 E.06726
G1 X82.705 Y121.911 E.06738
G1 X80.562 Y122.062 E.06736
G1 X78.425 Y122.274 E.06733
G1 X76.293 Y122.546 E.06739
G1 X74.171 Y122.878 E.06734
G1 X72.058 Y123.269 E.06738
G1 X69.958 Y123.72 E.06735
G1 X67.871 Y124.23 E.06736
G1 X65.829 Y124.79 E.06639
G1 X33.21 Y124.79 E1.02274
G1 X33.21 Y106.21 E.58256
G1 X65.829 Y106.21 E1.02274
G1 X67.874 Y106.771 E.06649
G1 X69.958 Y107.28 E.06726
G1 X72.058 Y107.731 E.06735
G1 X74.171 Y108.122 E.06738
G1 X76.293 Y108.454 E.06734
G1 X78.425 Y108.726 E.06739
G1 X80.562 Y108.938 E.06733
G1 X82.705 Y109.089 E.06736
G1 X84.852 Y109.18 E.06738
G1 X87 Y109.21 E.06736
G1 X144.002 Y109.21 E1.78725
G1 X146.148 Y109.18 E.06729
G1 X148.295 Y109.089 E.06738
G1 X150.438 Y108.938 E.06736
G1 X152.576 Y108.726 E.06736
G1 X154.707 Y108.454 E.06736
G1 X156.829 Y108.122 E.06734
G1 X158.942 Y107.731 E.06738
G1 X161.042 Y107.28 E.06735
G1 X163.129 Y106.77 E.06736
G1 X165.171 Y106.21 E.06639
G1 X197.73 Y106.21 E1.02086
G1 X196.879 Y107.926 F9000
;TYPE:Internal infill
;WIDTH:0.44
G1 F3000
G1 X196.253 Y107.3 E.02923
G1 X195.69 Y107.3 E.01859
G1 X196.7 Y108.31 E.04716
G1 X196.7 Y108.873 E.01859
G1 X195.127 Y107.3 E.07345
G1 X194.564 Y107.3 E.01859
G1 X196.7 Y109.436 E.09974
G1 X196.7 Y109.999 E.01859
G1 X194.001 Y107.3 E.12603
G1 X193.438 Y107.3 E.01859
G1 X196.7 Y110.562 E.15231
G1 X196.7 Y111.125 E.01859
G1 X192.875 Y107.3 E.1786
G1 X192.312 Y107.3 E.01859
G1 X196.7 Y111.688 E.20489
G1 X196.7 Y112.251 E.01859
G1 X191.749 Y107.3 E.23118
G1 X191.186 Y107.3 E.01859
G1 X196.7 Y112.814 E.25747
G1 X196.7 Y113.377 E.01859
G1 X190.623 Y107.3 E.28376
G1 X190.06 Y107.3 E.01859
G1 X196.7 Y113.94 E.31004
G1 X196.7 Y114.503 E.01859
G1 X189.497 Y107.3 E.33633
G1 X188.934 Y107.3 E.01859
G1 X196.7 Y115.066 E.36262
G1 X196.7 Y115.629 E.01859
G1 X188.371 Y107.3 E.38891
G1 X187.808 Y107.3 E.01859
G1 X196.7 Y116.192 E.4152
G1 X196.7 Y116.755 E.01859
G1 X187.245 Y107.3 E.44149
G1 X186.682 Y107.3 E.01859
G1 X196.7 Y117.318 E.46778
G1 X196.7 Y117.881 E.01859
G1 X186.119 Y107.3 E.49406
G1 X185.556 Y107.3 E.01859
G1 X196.7 Y118.444 E.52035
G1 X196.7 Y119.007 E.01859
G1 X184.993 Y107.3 E.54664
G1 X184.43 Y107.3 E.01859
G1 X196.7 Y119.57 E.57293
G1 X196.7 Y120.133 E.01859
G1 X183.867 Y107.3 E.59922
G1 X183.304 Y107.3 E.01859
G1 X196.7 Y120.696 E.62551
G1 X196.7 Y121.259 E.01859
G1 X182.741 Y107.3 E.65179
G1 X182.178 Y107.3 E.01859
G1 X196.7 Y121.822 E.67808
G1 X196.7 Y122.385 E.01859
G1 X181.615 Y107.3 E.70437
G1 X181.052 Y107.3 E.01859
G1 X196.7 Y122.948 E.73066
G1 X196.7 Y123.511 E.01859
G1 X180.489 Y107.3 E.75695
G1 X179.926 Y107.3 E.01859
G1 X196.326 Y123.7 E.76577
G1 X195.763 Y123.7 E.01859
G1 X179.363 Y107.3 E.76577
G1 X178.8 Y107.3 E.01859
G1 X195.2 Y123.7 E.76577
G1 X194.637 Y123.7 E.01859
G1 X178.237 Y107.3 E.76577
G1 X177.674 Y107.3 E.01859
G1 X194.074 Y123.7 E.76577
G1 X193.511 Y123.7 E.01859
G1 X177.111 Y107.3 E.76577
G1 X176.548 Y107.3 E.01859
G1 X192.948 Y123.7 E.76577
G1 X192.385 Y123.7 E.01859
G1 X175.985 Y107.3 E.76577
G1 X175.422 Y107.3 E.01859
G1 X191.822 Y123.7 E.76577
G1 X191.259 Y123.7 E.01859
G1 X174.859 Y107.3 E.76577
G1 X174.296 Y107.3 E.01859
G1 X190.696 Y123.7 E.76577
G1 X190.133 Y123.7 E.01859
G1 X173.733 Y107.3 E.76577
G1 X173.17 Y107.3 E.01859
G1 X189.57 Y123.7 E.76577
G1 X189.007 Y123.7 E.01859
G1 X172.607 Y107.3 E.76577
G1 X172.044 Y107.3 E.01859
G1 X188.444 Y123.7 E.76577
G1 X187.881 Y123.7 E.01859
G1 X171.481 Y107.3 E.76577
G1 X170.918 Y107.3 E.01859
G1 X187.318 Y123.7 E.76577
G1 X186.755 Y123.7 E.01859
G1 X170.355 Y107.3 E.76577
G1 X169.792 Y107.3 E.01859
G1 X186.192 Y123.7 E.76577
G1 X185.629 Y123.7 E.01859
G1 X169.229 Y107.3 E.76577
G1 X168.666 Y107.3 E.01859
G1 X185.066 Y123.7 E.76577
G1 X184.503 Y123.7 E.01859
G1 X168.103 Y107.3 E.76577
G1 X167.54 Y107.3 E.01859
G1 X183.94 Y123.7 E.76577
G1 X183.377 Y123.7 E.01859
G1 X166.977 Y107.3 E.76577
G1 X166.414 Y107.3 E.01859
G1 X182.814 Y123.7 E.76577
G1 X182.251 Y123.7 E.01859
G1 X165.851 Y107.3 E.76577
G1 X165.294 Y107.306 E.01839
G1 X181.688 Y123.7 E.76549
G1 X181.125 Y123.7 E.01859
G1 X164.853 Y107.427 E.75982
G1 X164.411 Y107.549 E.01514
G1 X180.562 Y123.7 E.75415
G1 X179.999 Y123.7 E.01859
G1 X163.969 Y107.67 E.7485
G1 X163.527 Y107.791 E.01513
G1 X179.436 Y123.7 E.74285
G1 X178.873 Y123.7 E.01859
G1 X163.078 Y107.905 E.73752
G1 X162.625 Y108.015 E.01539
G1 X178.31 Y123.7 E.73239
G1 X177.747 Y123.7 E.01859
G1 X162.173 Y108.126 E.7272
G1 X161.721 Y108.236 E.01536
G1 X177.184 Y123.7 E.72205
G1 X176.621 Y123.7 E.01859
G1 X161.267 Y108.346 E.71693
G1 X160.804 Y108.446 E.01564
G1 X176.058 Y123.7 E.71226
G1 X175.495 Y123.7 E.01859
G1 X160.34 Y108.545 E.70764
G1 X159.877 Y108.645 E.01564
G1 X174.932 Y123.7 E.70297
G1 X174.369 Y123.7 E.01859
G1 X159.414 Y108.744 E.69832
G1 X158.945 Y108.838 E.01579
G1 X173.806 Y123.7 E.69394
G1 X173.243 Y123.7 E.01859
G1 X158.47 Y108.927 E.6898
G1 X157.995 Y109.015 E.01595
G1 X172.68 Y123.7 E.68569
G1 X172.117 Y123.7 E.01859
G1 X157.52 Y109.103 E.68159
G1 X157.045 Y109.191 E.01595
G1 X171.554 Y123.7 E.67748
G1 X170.991 Y123.7 E.01859
G1 X156.559 Y109.267 E.6739
G1 X156.072 Y109.344 E.01628
G1 X170.428 Y123.7 E.67033
G1 X169.865 Y123.7 E.01859
G1 X155.585 Y109.42 E.66678
G1 X155.098 Y109.496 E.01627
G1 X169.302 Y123.7 E.66323
G1 X168.739 Y123.7 E.01859
G1 X154.605 Y109.566 E.65997
G1 X154.106 Y109.629 E.01661
G1 X168.176 Y123.7 E.657
G1 X167.613 Y123.7 E.01859
G1 X153.606 Y109.693 E.65404
G1 X153.107 Y109.757 E.01661
G1 X167.051 Y123.7 E.65107
G1 X166.488 Y123.7 E.01859
G1 X152.605 Y109.818 E.64822
G1 X152.093 Y109.869 E.01699
G1 X165.925 Y123.7 E.64584
G1 X165.362 Y123.7 E.01859
G1 X151.581 Y109.919 E.64348
G1 X151.068 Y109.97 E.01702
G1 X164.603 Y123.504 E.63197
G1 X163.827 Y123.291 E.02657
G1 X150.556 Y110.021 E.61965
G1 X150.031 Y110.059 E.01738
G1 X163.064 Y123.092 E.60856
G1 X162.319 Y122.91 E.02532
G1 X149.505 Y110.096 E.59833
G1 X148.979 Y110.133 E.01741
G1 X161.574 Y122.728 E.5881
G1 X160.847 Y122.564 E.02461
G1 X148.453 Y110.17 E.57872
G1 X147.916 Y110.196 E.01775
G1 X160.13 Y122.41 E.57031
G1 X159.413 Y122.256 E.02421
G1 X147.376 Y110.218 E.56207
G1 X146.836 Y110.241 E.01785
G1 X158.713 Y122.119 E.5546
G1 X158.022 Y121.99 E.02321
G1 X146.295 Y110.264 E.54755
G1 X145.744 Y110.275 E.0182
G1 X157.331 Y121.862 E.54104
G1 X156.653 Y121.747 E.02271
G1 X145.189 Y110.283 E.53529
G1 X144.634 Y110.291 E.01833
G1 X155.986 Y121.643 E.53006
G1 X155.318 Y121.539 E.02232
G1 X144.078 Y110.299 E.52484
G1 X143.516 Y110.3 E.01856
G1 X154.657 Y121.441 E.52021
G1 X154.012 Y121.358 E.02147
G1 X142.953 Y110.3 E.51636
G1 X142.39 Y110.3 E.01859
G1 X153.367 Y121.276 E.51253
G1 X152.721 Y121.194 E.0215
G1 X141.828 Y110.3 E.50866
G1 X141.265 Y110.3 E.01859
G1 X152.096 Y121.132 E.50576
G1 X151.471 Y121.07 E.02074
G1 X140.702 Y110.3 E.50287
G1 X140.139 Y110.3 E.01859
G1 X150.846 Y121.008 E.49997
G1 X150.231 Y120.956 E.02038
G1 X139.576 Y110.3 E.49754
G1 X139.013 Y110.3 E.01859
G1 X149.625 Y120.913 E.49553
G1 X149.019 Y120.87 E.02006
G1 X138.45 Y110.3 E.49353
G1 X137.887 Y110.3 E.01859
G1 X148.414 Y120.827 E.49154
G1 X147.824 Y120.801 E.0195
G1 X137.324 Y110.3 E.49031
G1 X136.761 Y110.3 E.01859
G1 X147.236 Y120.776 E.48914
G1 X146.649 Y120.751 E.0194
G1 X136.198 Y110.3 E.48799
G1 X135.635 Y110.3 E.01859
G1 X146.074 Y120.74 E.48746
G1 X145.5 Y120.729 E.01896
G1 X135.072 Y110.3 E.48694
G1 X134.509 Y110.3 E.01859
G1 X144.926 Y120.718 E.48643
G1 X144.352 Y120.707 E.01896
G1 X133.946 Y110.3 E.48592
G1 X133.383 Y110.3 E.01859
G1 X143.783 Y120.7 E.48561
G1 X143.22 Y120.7 E.01859
G1 X132.82 Y110.3 E.48561
G1 X132.257 Y110.3 E.01859
G1 X142.657 Y120.7 E.48561
G1 X142.094 Y120.7 E.01859
G1 X131.694 Y110.3 E.48561
G1 X131.131 Y110.3 E.01859
G1 X141.531 Y120.7 E.48561
G1 X140.968 Y120.7 E.01859
G1 X130.568 Y110.3 E.48561
G1 X130.005 Y110.3 E.01859
G1 X140.405 Y120.7 E.48561
G1 X139.842 Y120.7 E.01859
G1 X129.442 Y110.3 E.48561
G1 X128.879 Y110.3 E.01859
G1 X139.279 Y120.7 E.48561
G1 X138.716 Y120.7 E.01859
G1 X128.316 Y110.3 E.48561
G1 X127.753 Y110.3 E.01859
G1 X138.153 Y120.7 E.48561
G1 X137.59 Y120.7 E.01859
G1 X127.19 Y110.3 E.48561
G1 X126.627 Y110.3 E.01859
G1 X137.027 Y120.7 E.48561
G1 X136.464 Y120.7 E.01859
G1 X126.064 Y110.3 E.48561
G1 X125.501 Y110.3 E.01859
G1 X135.901 Y120.7 E.48561
G1 X135.338 Y120.7 E.01859
G1 X124.938 Y110.3 E.48561
G1 X124.375 Y110.3 E.01859
G1 X134.775 Y120.7 E.48561
G1 X134.212 Y120.7 E.01859
G1 X123.812 Y110.3 E.48561
G1 X123.249 Y110.3 E.01859
G1 X133.649 Y120.7 E.48561
G1 X133.086 Y120.7 E.01859
G1 X122.686 Y110.3 E.48561
G1 X122.123 Y110.3 E.01859
G1 X132.523 Y120.7 E.48561
G1 X131.96 Y120.7 E.01859
G1 X121.56 Y110.3 E.48561
G1 X120.997 Y110.3 E.01859
G1 X131.397 Y120.7 E.48561
G1 X130.834 Y120.7 E.01859
G1 X120.434 Y110.3 E.48561
G1 X119.871 Y110.3 E.01859
G1 X130.271 Y120.7 E.48561
G1 X129.708 Y120.7 E.01859
G1 X119.308 Y110.3 E.48561
G1 X118.745 Y110.3 E.01859
G1 X129.145 Y120.7 E.48561
G1 X128.582 Y120.7 E.01859
G1 X118.182 Y110.3 E.48561
G1 X117.619 Y110.3 E.01859
G1 X128.019 Y120.7 E.48561
G1 X127.456 Y120.7 E.01859
G1 X117.056 Y110.3 E.48561
G1 X116.493 Y110.3 E.01859
G1 X126.893 Y120.7 E.48561
G1 X126.33 Y120.7 E.01859
G1 X115.93 Y110.3 E.48561
G1 X115.367 Y110.3 E.01859
G1 X125.767 Y120.7 E.48561
G1 X125.204 Y120.7 E.01859
G1 X114.804 Y110.3 E.48561
G1 X114.241 Y110.3 E.01859
G1 X124.641 Y120.7 E.48561
G1 X124.078 Y120.7 E.01859
G1 X113.678 Y110.3 E.48561
G1 X113.115 Y110.3 E.01859
G1 X123.515 Y120.7 E.48561
G1 X122.952 Y120.7 E.01859
G1 X112.552 Y110.3 E.48561
G1 X111.989 Y110.3 E.01859
G1 X122.389 Y120.7 E.48561
G1 X121.826 Y120.7 E.01859
G1 X111.426 Y110.3 E.48561
G1 X110.863 Y110.3 E.01859
G1 X121.263 Y120.7 E.48561
G1 X120.7 Y120.7 E.01859
G1 X110.3 Y110.3 E.48561
G1 X109.737 Y110.3 E.01859
G1 X120.137 Y120.7 E.48561
G1 X119.574 Y120.7 E.01859
G1 X109.174 Y110.3 E.48561
G1 X108.611 Y110.3 E.01859
G1 X119.011 Y120.7 E.48561
G1 X118.448 Y120.7 E.01859
G1 X108.048 Y110.3 E.48561
G1 X107.485 Y110.3 E.01859
G1 X117.885 Y120.7 E.48561
G1 X117.322 Y120.7 E.01859
G1 X106.922 Y110.3 E.48561
G1 X106.359 Y110.3 E.01859
G1 X116.759 Y120.7 E.48561
G1 X116.196 Y120.7 E.01859
G1 X105.796 Y110.3 E.48561
G1 X105.233 Y110.3 E.01859
G1 X115.633 Y120.7 E.48561
G1 X115.07 Y120.7 E.01859
G1 X104.67 Y110.3 E.48561
G1 X104.107 Y110.3 E.01859
G1 X114.507 Y120.7 E.48561
G1 X113.944 Y120.7 E.01859
G1 X103.544 Y110.3 E.48561
G1 X102.981 Y110.3 E.01859
G1 X113.381 Y120.7 E.48561
G1 X112.818 Y120.7 E.01859
G1 X102.418 Y110.3 E.48561
G1 X101.855 Y110.3 E.01859
G1 X112.255 Y120.7 E.48561
G1 X111.692 Y120.7 E.01859
G1 X101.292 Y110.3 E.48561
G1 X100.729 Y110.3 E.01859
G1 X111.129 Y120.7 E.48561
G1 X110.566 Y120.7 E.01859
G1 X100.166 Y110.3 E.48561
G1 X99.603 Y110.3 E.01859
G1 X110.003 Y120.7 E.48561
G1 X109.44 Y120.7 E.01859
G1 X99.04 Y110.3 E.48561
G1 X98.477 Y110.3 E.01859
G1 X108.877 Y120.7 E.48561
G1 X108.314 Y120.7 E.01859
G1 X97.914 Y110.3 E.48561
G1 X97.351 Y110.3 E.01859
G1 X107.751 Y120.7 E.48561
G1 X107.188 Y120.7 E.01859
G1 X96.788 Y110.3 E.48561
G1 X96.225 Y110.3 E.01859
G1 X106.625 Y120.7 E.48561
G1 X106.062 Y120.7 E.01859
G1 X95.662 Y110.3 E.48561
G1 X95.099 Y110.3 E.01859
G1 X105.499 Y120.7 E.48561
G1 X104.936 Y120.7 E.01859
G1 X94.536 Y110.3 E.48561
G1 X93.973 Y110.3 E.01859
G1 X104.373 Y120.7 E.48561
G1 X103.81 Y120.7 E.01859
G1 X93.41 Y110.3 E.48561
G1 X92.847 Y110.3 E.01859
G1 X103.247 Y120.7 E.48561
G1 X102.684 Y120.7 E.01859
G1 X92.284 Y110.3 E.48561
G1 X91.721 Y110.3 E.01859
G1 X102.121 Y120.7 E.48561
G1 X101.558 Y120.7 E.01859
G1 X91.158 Y110.3 E.48561
G1 X90.595 Y110.3 E.01859
G1 X100.995 Y120.7 E.48561
G1 X100.432 Y120.7 E.01859
G1 X90.032 Y110.3 E.48561
G1 X89.469 Y110.3 E.01859
G1 X99.869 Y120.7 E.48561
G1 X99.306 Y120.7 E.01859
G1 X88.906 Y110.3 E.48561
G1 X88.343 Y110.3 E.01859
G1 X98.744 Y120.7 E.48564
G1 X98.181 Y120.7 E.01859
G1 X87.78 Y110.3 E.48564
G1 X87.217 Y110.3 E.01859
G1 X97.618 Y120.7 E.48564
G1 X97.055 Y120.7 E.01859
G1 X86.649 Y110.295 E.48587
G1 X86.078 Y110.287 E.01885
G1 X96.492 Y120.7 E.48624
G1 X95.929 Y120.7 E.01859
G1 X85.507 Y110.279 E.48662
G1 X84.936 Y110.27 E.01886
G1 X95.366 Y120.7 E.48701
G1 X94.803 Y120.7 E.01859
G1 X84.352 Y110.249 E.48799
G1 X83.764 Y110.224 E.01943
G1 X94.24 Y120.7 E.48916
G1 X93.677 Y120.7 E.01859
G1 X83.176 Y110.199 E.49033
G1 X82.587 Y110.173 E.01947
G1 X93.114 Y120.7 E.49154
G1 X92.551 Y120.7 E.01859
G1 X81.981 Y110.13 E.49355
G1 X81.375 Y110.087 E.02006
G1 X91.988 Y120.7 E.49556
G1 X91.425 Y120.7 E.01859
G1 X80.769 Y110.044 E.49757
G1 X80.154 Y109.992 E.02038
G1 X90.862 Y120.7 E.49999
G1 X90.299 Y120.7 E.01859
G1 X79.529 Y109.93 E.50289
G1 X78.904 Y109.868 E.02074
G1 X89.736 Y120.7 E.50578
G1 X89.173 Y120.7 E.01859
G1 X78.279 Y109.806 E.50868
G1 X77.633 Y109.724 E.0215
G1 X88.61 Y120.7 E.51253
G1 X88.047 Y120.7 E.01859
G1 X76.988 Y109.642 E.51636
G1 X76.343 Y109.559 E.02147
G1 X87.484 Y120.7 E.52021
G1 X86.922 Y120.701 E.01856
G1 X75.682 Y109.461 E.52484
G1 X75.015 Y109.357 E.02229
G1 X86.367 Y120.709 E.53006
G1 X85.811 Y120.717 E.01836
G1 X74.347 Y109.253 E.53529
G1 X73.67 Y109.138 E.02267
G1 X85.256 Y120.725 E.54101
G1 X84.705 Y120.736 E.0182
G1 X72.978 Y109.01 E.54755
G1 X72.287 Y108.881 E.02321
G1 X84.164 Y120.759 E.5546
G1 X83.624 Y120.782 E.01785
G1 X71.587 Y108.744 E.56207
G1 X70.87 Y108.59 E.02421
G1 X83.084 Y120.804 E.57031
G1 X82.547 Y120.83 E.01775
G1 X70.153 Y108.436 E.57872
G1 X69.426 Y108.272 E.02461
G1 X82.021 Y120.867 E.5881
G1 X81.495 Y120.904 E.01741
G1 X68.681 Y108.09 E.59833
G1 X67.936 Y107.908 E.02532
G1 X80.969 Y120.941 E.60856
G1 X80.444 Y120.979 E.01738
G1 X67.173 Y107.709 E.61965
G1 X66.398 Y107.496 E.02654
G1 X79.931 Y121.03 E.63193
G1 X79.419 Y121.081 E.01699
G1 X65.639 Y107.3 E.64346
G1 X65.076 Y107.3 E.01859
G1 X78.907 Y121.131 E.64582
G1 X78.395 Y121.182 E.01699
G1 X64.513 Y107.3 E.6482
G1 X63.95 Y107.3 E.01859
G1 X77.893 Y121.243 E.65105
G1 X77.394 Y121.307 E.01661
G1 X63.387 Y107.3 E.65404
G1 X62.824 Y107.3 E.01859
G1 X76.894 Y121.371 E.657
G1 X76.395 Y121.434 E.01661
G1 X62.261 Y107.3 E.65997
G1 X61.698 Y107.3 E.01859
G1 X75.902 Y121.504 E.66323
G1 X75.415 Y121.58 E.01627
G1 X61.135 Y107.3 E.66678
G1 X60.572 Y107.3 E.01859
G1 X74.928 Y121.656 E.67033
G1 X74.441 Y121.733 E.01628
G1 X60.009 Y107.3 E.6739
G1 X59.446 Y107.3 E.01859
G1 X73.955 Y121.809 E.67748
G1 X73.48 Y121.897 E.01595
G1 X58.883 Y107.3 E.68159
G1 X58.32 Y107.3 E.01859
G1 X73.005 Y121.985 E.68569
G1 X72.53 Y122.073 E.01595
G1 X57.757 Y107.3 E.6898
G1 X57.194 Y107.3 E.01859
G1 X72.055 Y122.162 E.69394
G1 X71.587 Y122.256 E.01576
G1 X56.631 Y107.3 E.69835
G1 X56.068 Y107.3 E.01859
G1 X71.123 Y122.355 E.70297
G1 X70.66 Y122.455 E.01564
G1 X55.505 Y107.3 E.70764
G1 X54.942 Y107.3 E.01859
G1 X70.196 Y122.554 E.71226
G1 X69.733 Y122.654 E.01564
G1 X54.379 Y107.3 E.71693
G1 X53.816 Y107.3 E.01859
G1 X69.28 Y122.764 E.72207
G1 X68.827 Y122.874 E.01539
G1 X53.253 Y107.3 E.7272
G1 X52.69 Y107.3 E.01859
G1 X68.375 Y122.985 E.73239
G1 X67.922 Y123.095 E.01539
G1 X52.127 Y107.3 E.73752
G1 X51.564 Y107.3 E.01859
G1 X67.473 Y123.209 E.74285
G1 X67.031 Y123.33 E.01513
G1 X51.001 Y107.3 E.7485
G1 X50.438 Y107.3 E.01859
G1 X66.589 Y123.451 E.75415
G1 X66.148 Y123.573 E.01511
G1 X49.875 Y107.3 E.75984
G1 X49.312 Y107.3 E.01859
G1 X65.706 Y123.694 E.76549
G1 X65.149 Y123.7 E.01839
G1 X48.749 Y107.3 E.76577
G1 X48.186 Y107.3 E.01859
G1 X64.586 Y123.7 E.76577
G1 X64.023 Y123.7 E.01859
G1 X47.623 Y107.3 E.76577
G1 X47.06 Y107.3 E.01859
G1 X63.46 Y123.7 E.76577
G1 X62.897 Y123.7 E.01859
G1 X46.497 Y107.3 E.76577
G1 X45.934 Y107.3 E.01859
G1 X62.334 Y123.7 E.76577
G1 X61.771 Y123.7 E.01859
G1 X45.371 Y107.3 E.76577
G1 X44.808 Y107.3 E.01859
G1 X61.208 Y123.7 E.76577
G1 X60.645 Y123.7 E.01859
G1 X44.245 Y107.3 E.76577
G1 X43.682 Y107.3 E.01859
G1 X60.082 Y123.7 E.76577
G1 X59.519 Y123.7 E.01859
G1 X43.119 Y107.3 E.76577
G1 X42.556 Y107.3 E.01859
G1 X58.956 Y123.7 E.76577
G1 X58.393 Y123.7 E.01859
G1 X41.993 Y107.3 E.76577
G1 X41.43 Y107.3 E.01859
G1 X57.83 Y123.7 E.76577
G1 X57.267 Y123.7 E.01859
G1 X40.867 Y107.3 E.76577
G1 X40.304 Y107.3 E.01859
G1 X56.704 Y123.7 E.76577
G1 X56.141 Y123.7 E.01859
G1 X39.741 Y107.3 E.76577
G1 X39.178 Y107.3 E.01859
G1 X55.578 Y123.7 E.76577
G1 X55.015 Y123.7 E.01859
G1 X38.615 Y107.3 E.76577
G1 X38.052 Y107.3 E.01859
G1 X54.452 Y123.7 E.76577
G1 X53.889 Y123.7 E.01859
G1 X37.489 Y107.3 E.76577
G1 X36.926 Y107.3 E.01859
G1 X53.326 Y123.7 E.76577
G1 X52.763 Y123.7 E.01859
G1 X36.363 Y107.3 E.76577
G1 X35.8 Y107.3 E.01859
G1 X52.2 Y123.7 E.76577
G1 X51.637 Y123.7 E.01859
G1 X35.237 Y107.3 E.76577
G1 X34.674 Y107.3 E.01859
G1 X51.074 Y123.7 E.76577
G1 X50.511 Y123.7 E.01859
G1 X34.3 Y107.489 E.75695
G1 X34.3 Y108.052 E.01859
G1 X49.948 Y123.7 E.73066
G1 X49.385 Y123.7 E.01859
G1 X34.3 Y108.615 E.70437
G1 X34.3 Y109.178 E.01859
G1 X48.822 Y123.7 E.67808
G1 X48.259 Y123.7 E.01859
G1 X34.3 Y109.741 E.65179
G1 X34.3 Y110.304 E.01859
G1 X47.696 Y123.7 E.62551
G1 X47.133 Y123.7 E.01859
G1 X34.3 Y110.867 E.59922
G1 X34.3 Y111.43 E.01859
G1 X46.57 Y123.7 E.57293
G1 X46.007 Y123.7 E.01859
G1 X34.3 Y111.993 E.54664
G1 X34.3 Y112.556 E.01859
G1 X45.444 Y123.7 E.52035
G1 X44.881 Y123.7 E.01859
G1 X34.3 Y113.119 E.49406
G1 X34.3 Y113.682 E.01859
G1 X44.318 Y123.7 E.46778
G1 X43.755 Y123.7 E.01859
G1 X34.3 Y114.245 E.44149
G1 X34.3 Y114.808 E.01859
G1 X43.192 Y123.7 E.4152
G1 X42.629 Y123.7 E.01859
G1 X34.3 Y115.371 E.38891
G1 X34.3 Y115.934 E.01859
G1 X42.066 Y123.7 E.36262
G1 X41.503 Y123.7 E.01859
G1 X34.3 Y116.497 E.33633
G1 X34.3 Y117.06 E.01859
G1 X40.94 Y123.7 E.31004
G1 X40.377 Y123.7 E.01859
G1 X34.3 Y117.623 E.28376
G1 X34.3 Y118.186 E.01859
G1 X39.814 Y123.7 E.25747
G1 X39.251 Y123.7 E.01859
G1 X34.3 Y118.749 E.23118
G1 X34.3 Y119.312 E.01859
G1 X38.688 Y123.7 E.20489
G1 X38.125 Y123.7 E.01859
G1 X34.3 Y119.875 E.1786
G1 X34.3 Y120.438 E.01859
G1 X37.562 Y123.7 E.15231
G1 X37 Y123.7 E.01856
G1 X34.3 Y121.001 E.12605
G1 X34.3 Y121.563 E.01856
G1 X36.437 Y123.7 E.09978
G1 X35.874 Y123.7 E.01859
G1 X34.3 Y122.126 E.0735
G1 X34.3 Y122.689 E.01859
G1 X35.311 Y123.7 E.04721
G1 X34.748 Y123.7 E.01859
G1 X34.121 Y123.074 E.02925
;LAYER_CHANGE
;Z:2.6
;HEIGHT:0.2
;BEFORE_LAYER_CHANGE
G92 E0
;2.6


G1 E-3.5 F3600
;WIPE_START
G1 F7200
G1 X34.748 Y123.7 E-.42085
G1 X35.311 Y123.7 E-.26743
G1 X34.3 Y122.689 E-.67914
G1 X34.3 Y122.41 E-.13258
;WIPE_END
G1 Z2.6 F9000
;AFTER_LAYER_CHANGE
;2.6
G1 X34.194 Y124.006
G1 E5 F2400
;TYPE:Perimeter
;WIDTH:0.439999
G1 X34.194 Y106.994 E.56169
G1 X65.924 Y106.994 E1.04764
G1 X67.887 Y107.533 E.06721
G1 X69.983 Y108.044 E.07123
G1 X72.105 Y108.5 E.07166
G1 X74.239 Y108.895 E.07166
G1 X76.383 Y109.231 E.07165
G1 X78.536 Y109.505 E.07166
G1 X80.696 Y109.719 E.07167
G1 X82.861 Y109.872 E.07166
G1 X85.03 Y109.964 E.07168
G1 X87.193 Y109.994 E.07142
G1 X144.207 Y109.994 E1.88245
G1 X146.37 Y109.964 E.07142
G1 X148.539 Y109.872 E.07168
G1 X150.704 Y109.719 E.07166
G1 X152.864 Y109.505 E.07167
G1 X155.017 Y109.231 E.07166
G1 X157.161 Y108.895 E.07165
G1 X159.295 Y108.5 E.07166
G1 X161.417 Y108.044 E.07166
G1 X163.526 Y107.529 E.07168
G1 X165.476 Y106.994 E.06676
G1 X197.206 Y106.994 E1.04764
G1 X197.206 Y124.006 E.56169
G1 X165.476 Y124.006 E1.04764
G1 X163.513 Y123.467 E.06721
G1 X161.417 Y122.956 E.07123
G1 X159.295 Y122.5 E.07166
G1 X157.161 Y122.105 E.07166
G1 X155.017 Y121.769 E.07165
G1 X152.864 Y121.495 E.07166
G1 X150.704 Y121.281 E.07167
G1 X148.539 Y121.128 E.07166
G1 X146.37 Y121.036 E.07168
G1 X144.207 Y121.006 E.07142
G1 X87.193 Y121.006 E1.88245
G1 X85.03 Y121.036 E.07142
G1 X82.861 Y121.128 E.07168
G1 X80.696 Y121.281 E.07166
G1 X78.536 Y121.495 E.07167
G1 X76.383 Y121.769 E.07166
G1 X74.239 Y122.105 E.07165
G1 X72.105 Y122.5 E.07166
G1 X69.983 Y122.956 E.07166
G1 X67.874 Y123.471 E.07168
G1 X65.924 Y124.006 E.06676
G1 X34.254 Y124.006 E1.04566
G1 X33.797 Y124.403 F9000
G1 F2400
G1 X33.797 Y106.597 E.58791
G1 X65.977 Y106.597 E1.0625
G1 X67.982 Y107.147 E.06865
G1 X70.071 Y107.657 E.071
G1 X72.183 Y108.111 E.07133
G1 X74.306 Y108.504 E.07129
G1 X76.439 Y108.837 E.07128
G1 X78.581 Y109.111 E.0713
G1 X80.73 Y109.323 E.0713
G1 X82.884 Y109.475 E.0713
G1 X85.041 Y109.567 E.07128
G1 X87.196 Y109.597 E.07116
G1 X144.204 Y109.597 E1.88225
G1 X146.359 Y109.567 E.07116
G1 X148.516 Y109.475 E.07128
G1 X150.67 Y109.323 E.0713
G1 X152.819 Y109.111 E.0713
G1 X154.961 Y108.837 E.0713
G1 X157.094 Y108.504 E.07128
G1 X159.217 Y108.111 E.07129
G1 X161.329 Y107.657 E.07133
G1 X163.426 Y107.145 E.07127
G1 X165.423 Y106.597 E.06837
G1 X197.603 Y106.597 E1.0625
G1 X197.603 Y124.403 E.58791
G1 X165.423 Y124.403 E1.0625
G1 X163.418 Y123.853 E.06865
G1 X161.329 Y123.343 E.071
G1 X159.218 Y122.889 E.07129
G1 X157.094 Y122.496 E.07132
G1 X154.961 Y122.163 E.07128
G1 X152.819 Y121.889 E.0713
G1 X150.67 Y121.677 E.0713
G1 X148.516 Y121.525 E.0713
G1 X146.359 Y121.433 E.07128
G1 X144.204 Y121.403 E.07116
G1 X87.196 Y121.403 E1.88225
G1 X85.041 Y121.433 E.07116
G1 X82.884 Y121.525 E.07128
G1 X80.73 Y121.677 E.0713
G1 X78.581 Y121.889 E.0713
G1 X76.439 Y122.163 E.0713
G1 X74.306 Y122.496 E.07128
G1 X72.183 Y122.889 E.07129
G1 X70.071 Y123.343 E.07133
G1 X67.974 Y123.855 E.07127
G1 X65.977 Y124.403 E.06837
G1 X33.857 Y124.403 E1.06051
G1 X33.41 Y124.79 F9000
;TYPE:External perimeter
;WIDTH:0.419999
G1 F1500
G1 X33.41 Y106.21 E.58256
G1 X66.029 Y106.21 E1.02274
G1 X68.074 Y106.771 E.06649
G1 X70.158 Y107.28 E.06726
G1 X72.258 Y107.731 E.06735
G1 X74.371 Y108.122 E.06738
G1 X76.493 Y108.454 E.06734
G1 X78.625 Y108.726 E.06739
G1 X80.762 Y108.938 E.06733
G1 X82.905 Y109.089 E.06736
G1 X85.052 Y109.18 E.06738
G1 X87.2 Y109.21 E.06736
G1 X144.203 Y109.21 E1.78729
G1 X146.348 Y109.18 E.06726
G1 X148.495 Y109.089 E.06738
G1 X150.638 Y108.938 E.06736
G1 X152.776 Y108.726 E.06736
G1 X154.907 Y108.454 E.06736
G1 X157.029 Y108.122 E.06734
G1 X159.142 Y107.731 E.06738
G1 X161.242 Y107.28 E.06735
G1 X163.329 Y106.77 E.06736
G1 X165.371 Y106.21 E.06639
G1 X197.99 Y106.21 E1.02274
G1 X197.99 Y124.79 E.58256
G1 X165.371 Y124.79 E1.02274
G1 X163.326 Y124.229 E.06649
G1 X161.242 Y123.72 E.06726
G1 X159.142 Y123.269 E.06735
G1 X157.029 Y122.878 E.06738
G1 X154.907 Y122.546 E.06734
G1 X152.776 Y122.274 E.06736
G1 X150.638 Y122.062 E.06736
G1 X148.495 Y121.911 E.06736
G1 X146.348 Y121.82 E.06738
G1 X144.2 Y121.79 E.06736
G1 X87.197 Y121.79 E1.78729
G1 X85.052 Y121.82 E.06726
G1 X82.905 Y121.911 E.06738
G1 X80.762 Y122.062 E.06736
G1 X78.625 Y122.274 E.06733
G1 X76.493 Y122.546 E.06739
G1 X74.371 Y122.878 E.06734
G1 X72.258 Y123.269 E.06738
G1 X70.158 Y123.72 E.06735
G1 X68.071 Y124.23 E.06736
G1 X66.029 Y124.79 E.06639
G1 X33.47 Y124.79 E1.02086
G1 X34.321 Y123.074 F9000
;TYPE:Internal infill
;WIDTH:0.44
G1 F3000
G1 X34.948 Y123.7 E.02925
G1 X35.511 Y123.7 E.01859
G1 X34.5 Y122.689 E.04721
G1 X34.5 Y122.126 E.01859
G1 X36.074 Y123.7 E.0735
G1 X36.637 Y123.7 E.01859
G1 X34.5 Y121.563 E.09978
G1 X34.5 Y121.001 E.01856
G1 X37.2 Y123.7 E.12605
G1 X37.762 Y123.7 E.01856
G1 X34.5 Y120.438 E.15231
G1 X34.5 Y119.875 E.01859
G1 X38.325 Y123.7 E.1786
G1 X38.888 Y123.7 E.01859
G1 X34.5 Y119.312 E.20489
G1 X34.5 Y118.749 E.01859
G1 X39.451 Y123.7 E.23118
G1 X40.014 Y123.7 E.01859
G1 X34.5 Y118.186 E.25747
G1 X34.5 Y117.623 E.01859
G1 X40.577 Y123.7 E.28376
G1 X41.14 Y123.7 E.01859
G1 X34.5 Y117.06 E.31004
G1 X34.5 Y116.497 E.01859
G1 X41.703 Y123.7 E.33633
G1 X42.266 Y123.7 E.01859
G1 X34.5 Y115.934 E.36262
G1 X34.5 Y115.371 E.01859
G1 X42.829 Y123.7 E.38891
G1 X43.392 Y123.7 E.01859
G1 X34.5 Y114.808 E.4152
G1 X34.5 Y114.245 E.01859
G1 X43.955 Y123.7 E.44149
G1 X44.518 Y123.7 E.01859
G1 X34.5 Y113.682 E.46778
G1 X34.5 Y113.119 E.01859
G1 X45.081 Y123.7 E.49406
G1 X45.644 Y123.7 E.01859
G1 X34.5 Y112.556 E.52035
G1 X34.5 Y111.993 E.01859
G1 X46.207 Y123.7 E.54664
G1 X46.77 Y123.7 E.01859
G1 X34.5 Y111.43 E.57293
G1 X34.5 Y110.867 E.01859
G1 X47.333 Y123.7 E.59922
G1 X47.896 Y123.7 E.01859
G1 X34.5 Y110.304 E.62551
G1 X34.5 Y109.741 E.01859
G1 X48.459 Y123.7 E.65179
G1 X49.022 Y123.7 E.01859
G1 X34.5 Y109.178 E.67808
G1 X34.5 Y108.615 E.01859
G1 X49.585 Y123.7 E.70437
G1 X50.148 Y123.7 E.01859
G1 X34.5 Y108.052 E.73066
G1 X34.5 Y107.489 E.01859
G1 X50.711 Y123.7 E.75695
G1 X51.274 Y123.7 E.01859
G1 X34.874 Y107.3 E.76577
G1 X35.437 Y107.3 E.01859
G1 X51.837 Y123.7 E.76577
G1 X52.4 Y123.7 E.01859
G1 X36 Y107.3 E.76577
G1 X36.563 Y107.3 E.01859
G1 X52.963 Y123.7 E.76577
G1 X53.526 Y123.7 E.01859
G1 X37.126 Y107.3 E.76577
G1 X37.689 Y107.3 E.01859
G1 X54.089 Y123.7 E.76577
G1 X54.652 Y123.7 E.01859
G1 X38.252 Y107.3 E.76577
G1 X38.815 Y107.3 E.01859
G1 X55.215 Y123.7 E.76577
G1 X55.778 Y123.7 E.01859
G1 X39.378 Y107.3 E.76577
G1 X39.941 Y107.3 E.01859
G1 X56.341 Y123.7 E.76577
G1 X56.904 Y123.7 E.01859
G1 X40.504 Y107.3 E.76577
G1 X41.067 Y107.3 E.01859
G1 X57.467 Y123.7 E.76577
G1 X58.03 Y123.7 E.01859
G1 X41.63 Y107.3 E.76577
G1 X42.193 Y107.3 E.01859
G1 X58.593 Y123.7 E.76577
G1 X59.156 Y123.7 E.01859
G1 X42.756 Y107.3 E.76577
G1 X43.319 Y107.3 E.01859
G1 X59.719 Y123.7 E.76577
G1 X60.282 Y123.7 E.01859
G1 X43.882 Y107.3 E.76577
G1 X44.445 Y107.3 E.01859
G1 X60.845 Y123.7 E.76577
G1 X61.408 Y123.7 E.01859
G1 X45.008 Y107.3 E.76577
G1 X45.571 Y107.3 E.01859
G1 X61.971 Y123.7 E.76577
G1 X62.534 Y123.7 E.01859
G1 X46.134 Y107.3 E.76577
G1 X46.697 Y107.3 E.01859
G1 X63.097 Y123.7 E.76577
G1 X63.66 Y123.7 E.01859
G1 X47.26 Y107.3 E.76577
G1 X47.823 Y107.3 E.01859
G1 X64.223 Y123.7 E.76577
G1 X64.786 Y123.7 E.01859
G1 X48.386 Y107.3 E.76577
G1 X48.949 Y107.3 E.01859
G1 X65.349 Y123.7 E.76577
G1 X65.906 Y123.694 E.01839
G1 X49.512 Y107.3 E.76549
G1 X50.075 Y107.3 E.01859
G1 X66.348 Y123.573 E.75984
G1 X66.789 Y123.451 E.01511
G1 X50.638 Y107.3 E.75415
G1 X51.201 Y107.3 E.01859
G1 X67.231 Y123.33 E.7485
G1 X67.673 Y123.209 E.01513
G1 X51.764 Y107.3 E.74285
G1 X52.327 Y107.3 E.01859
G1 X68.122 Y123.095 E.73752
G1 X68.575 Y122.985 E.01539
G1 X52.89 Y107.3 E.73239
G1 X53.453 Y107.3 E.01859
G1 X69.027 Y122.874 E.7272
G1 X69.48 Y122.764 E.01539
G1 X54.016 Y107.3 E.72207
G1 X54.579 Y107.3 E.01859
G1 X69.933 Y122.654 E.71693
G1 X70.396 Y122.554 E.01564
G1 X55.142 Y107.3 E.71226
G1 X55.705 Y107.3 E.01859
G1 X70.86 Y122.455 E.70764
G1 X71.323 Y122.355 E.01564
G1 X56.268 Y107.3 E.70297
G1 X56.831 Y107.3 E.01859
G1 X71.787 Y122.256 E.69835
G1 X72.255 Y122.162 E.01576
G1 X57.394 Y107.3 E.69394
G1 X57.957 Y107.3 E.01859
G1 X72.73 Y122.073 E.6898
G1 X73.205 Y121.985 E.01595
G1 X58.52 Y107.3 E.68569
G1 X59.083 Y107.3 E.01859
G1 X73.68 Y121.897 E.68159
G1 X74.155 Y121.809 E.01595
G1 X59.646 Y107.3 E.67748
G1 X60.209 Y107.3 E.01859
G1 X74.641 Y121.733 E.6739
G1 X75.128 Y121.656 E.01628
G1 X60.772 Y107.3 E.67033
G1 X61.335 Y107.3 E.01859
G1 X75.615 Y121.58 E.66678
G1 X76.102 Y121.504 E.01627
G1 X61.898 Y107.3 E.66323
G1 X62.461 Y107.3 E.01859
G1 X76.595 Y121.434 E.65997
G1 X77.094 Y121.371 E.01661
G1 X63.024 Y107.3 E.657
G1 X63.587 Y107.3 E.01859
G1 X77.594 Y121.307 E.65404
G1 X78.093 Y121.243 E.01661
G1 X64.15 Y107.3 E.65105
G1 X64.713 Y107.3 E.01859
G1 X78.595 Y121.182 E.6482
G1 X79.107 Y121.131 E.01699
G1 X65.276 Y107.3 E.64582
G1 X65.839 Y107.3 E.01859
G1 X79.619 Y121.081 E.64346
G1 X80.131 Y121.03 E.01699
G1 X66.598 Y107.496 E.63193
G1 X67.373 Y107.709 E.02654
G1 X80.644 Y120.979 E.61965
G1 X81.169 Y120.941 E.01738
G1 X68.136 Y107.908 E.60856
G1 X68.881 Y108.09 E.02532
G1 X81.695 Y120.904 E.59833
G1 X82.221 Y120.867 E.01741
G1 X69.626 Y108.272 E.5881
G1 X70.353 Y108.436 E.02461
G1 X82.747 Y120.83 E.57872
G1 X83.284 Y120.804 E.01775
G1 X71.07 Y108.59 E.57031
G1 X71.787 Y108.744 E.02421
G1 X83.824 Y120.782 E.56207
G1 X84.364 Y120.759 E.01785
G1 X72.487 Y108.881 E.5546
G1 X73.178 Y109.01 E.02321
G1 X84.905 Y120.736 E.54755
G1 X85.456 Y120.725 E.0182
G1 X73.87 Y109.138 E.54101
G1 X74.547 Y109.253 E.02267
G1 X86.011 Y120.717 E.53529
G1 X86.567 Y120.709 E.01836
G1 X75.215 Y109.357 E.53006
G1 X75.882 Y109.461 E.02229
G1 X87.122 Y120.701 E.52484
G1 X87.684 Y120.7 E.01856
G1 X76.543 Y109.559 E.52021
G1 X77.188 Y109.642 E.02147
G1 X88.247 Y120.7 E.51636
G1 X88.81 Y120.7 E.01859
G1 X77.833 Y109.724 E.51253
G1 X78.479 Y109.806 E.0215
G1 X89.373 Y120.7 E.50868
G1 X89.936 Y120.7 E.01859
G1 X79.104 Y109.868 E.50578
G1 X79.729 Y109.93 E.02074
G1 X90.499 Y120.7 E.50289
G1 X91.062 Y120.7 E.01859
G1 X80.354 Y109.992 E.49999
G1 X80.969 Y110.044 E.02038
G1 X91.625 Y120.7 E.49757
G1 X92.188 Y120.7 E.01859
G1 X81.575 Y110.087 E.49556
G1 X82.181 Y110.13 E.02006
G1 X92.751 Y120.7 E.49355
G1 X93.314 Y120.7 E.01859
G1 X82.787 Y110.173 E.49154
G1 X83.376 Y110.199 E.01947
G1 X93.877 Y120.7 E.49033
G1 X94.44 Y120.7 E.01859
G1 X83.964 Y110.224 E.48916
G1 X84.552 Y110.249 E.01943
G1 X95.003 Y120.7 E.48799
G1 X95.566 Y120.7 E.01859
G1 X85.136 Y110.27 E.48701
G1 X85.707 Y110.279 E.01886
G1 X96.129 Y120.7 E.48662
G1 X96.692 Y120.7 E.01859
G1 X86.278 Y110.287 E.48624
G1 X86.849 Y110.295 E.01885
G1 X97.255 Y120.7 E.48587
G1 X97.818 Y120.7 E.01859
G1 X87.417 Y110.3 E.48564
G1 X87.98 Y110.3 E.01859
G1 X98.381 Y120.7 E.48564
G1 X98.944 Y120.7 E.01859
G1 X88.543 Y110.3 E.48564
G1 X89.106 Y110.3 E.01859
G1 X99.506 Y120.7 E.48561
G1 X100.069 Y120.7 E.01859
G1 X89.669 Y110.3 E.48561
G1 X90.232 Y110.3 E.01859
G1 X100.632 Y120.7 E.48561
G1 X101.195 Y120.7 E.01859
G1 X90.795 Y110.3 E.48561
G1 X91.358 Y110.3 E.01859
G1 X101.758 Y120.7 E.48561
G1 X102.321 Y120.7 E.01859
G1 X91.921 Y110.3 E.48561
G1 X92.484 Y110.3 E.01859
G1 X102.884 Y120.7 E.48561
G1 X103.447 Y120.7 E.01859
G1 X93.047 Y110.3 E.48561
G1 X93.61 Y110.3 E.01859
G1 X104.01 Y120.7 E.48561
G1 X104.573 Y120.7 E.01859
G1 X94.173 Y110.3 E.48561
G1 X94.736 Y110.3 E.01859
G1 X105.136 Y120.7 E.48561
G1 X105.699 Y120.7 E.01859
G1 X95.299 Y110.3 E.48561
G1 X95.862 Y110.3 E.01859
G1 X106.262 Y120.7 E.48561
G1 X106.825 Y120.7 E.01859
G1 X96.425 Y110.3 E.48561
G1 X96.988 Y110.3 E.01859
G1 X107.388 Y120.7 E.48561
G1 X107.951 Y120.7 E.01859
G1 X97.551 Y110.3 E.48561
G1 X98.114 Y110.3 E.01859
G1 X108.514 Y120.7 E.48561
G1 X109.077 Y120.7 E.01859
G1 X98.677 Y110.3 E.48561
G1 X99.24 Y110.3 E.01859
G1 X109.64 Y120.7 E.48561
G1 X110.203 Y120.7 E.01859
G1 X99.803 Y110.3 E.48561
G1 X100.366 Y110.3 E.01859
G1 X110.766 Y120.7 E.48561
G1 X111.329 Y120.7 E.01859
G1 X100.929 Y110.3 E.48561
G1 X101.492 Y110.3 E.01859
G1 X111.892 Y120.7 E.48561
G1 X112.455 Y120.7 E.01859
G1 X102.055 Y110.3 E.48561
G1 X102.618 Y110.3 E.01859
G1 X113.018 Y120.7 E.48561
G1 X113.581 Y120.7 E.01859
G1 X103.181 Y110.3 E.48561
G1 X103.744 Y110.3 E.01859
G1 X114.144 Y120.7 E.48561
G1 X114.707 Y120.7 E.01859
G1 X104.307 Y110.3 E.48561
G1 X104.87 Y110.3 E.01859
G1 X115.27 Y120.7 E.48561
G1 X115.833 Y120.7 E.01859
G1 X105.433 Y110.3 E.48561
G1 X105.996 Y110.3 E.01859
G1 X116.396 Y120.7 E.48561
G1 X116.959 Y120.7 E.01859
G1 X106.559 Y110.3 E.48561
G1 X107.122 Y110.3 E.01859
G1 X117.522 Y120.7 E.48561
G1 X118.085 Y120.7 E.01859
G1 X107.685 Y110.3 E.48561
G1 X108.248 Y110.3 E.01859
G1 X118.648 Y120.7 E.48561
G1 X119.211 Y120.7 E.01859
G1 X108.811 Y110.3 E.48561
G1 X109.374 Y110.3 E.01859
G1 X119.774 Y120.7 E.48561
G1 X120.337 Y120.7 E.01859
G1 X109.937 Y110.3 E.48561
G1 X110.5 Y110.3 E.01859
G1 X120.9 Y120.7 E.48561
G1 X121.463 Y120.7 E.01859
G1 X111.063 Y110.3 E.48561
G1 X111.626 Y110.3 E.01859
G1 X122.026 Y120.7 E.48561
G1 X122.589 Y120.7 E.01859
G1 X112.189 Y110.3 E.48561
G1 X112.752 Y110.3 E.01859
G1 X123.152 Y120.7 E.48561
G1 X123.715 Y120.7 E.01859
G1 X113.315 Y110.3 E.48561
G1 X113.878 Y110.3 E.01859
G1 X124.278 Y120.7 E.48561
G1 X124.841 Y120.7 E.01859
G1 X114.441 Y110.3 E.48561
G1 X115.004 Y110.3 E.01859
G1 X125.404 Y120.7 E.48561
G1 X125.967 Y120.7 E.01859
G1 X115.567 Y110.3 E.48561
G1 X116.13 Y110.3 E.01859
G1 X126.53 Y120.7 E.48561
G1 X127.093 Y120.7 E.01859
G1 X116.693 Y110.3 E.48561
G1 X117.256 Y110.3 E.01859
G1 X127.656 Y120.7 E.48561
G1 X128.219 Y120.7 E.01859
G1 X117.819 Y110.3 E.48561
G1 X118.382 Y110.3 E.01859
G1 X128.782 Y120.7 E.48561
G1 X129.345 Y120.7 E.01859
G1 X118.945 Y110.3 E.48561
G1 X119.508 Y110.3 E.01859
G1 X129.908 Y120.7 E.48561
G1 X130.471 Y120.7 E.01859
G1 X120.071 Y110.3 E.48561
G1 X120.634 Y110.3 E.01859
G1 X131.034 Y120.7 E.48561
G1 X131.597 Y120.7 E.01859
G1 X121.197 Y110.3 E.48561
G1 X121.76 Y110.3 E.01859
G1 X132.16 Y120.7 E.48561
G1 X132.723 Y120.7 E.01859
G1 X122.323 Y110.3 E.48561
G1 X122.886 Y110.3 E.01859
G1 X133.286 Y120.7 E.48561
G1 X133.849 Y120.7 E.01859
G1 X123.449 Y110.3 E.48561
G1 X124.012 Y110.3 E.01859
G1 X134.412 Y120.7 E.48561
G1 X134.975 Y120.7 E.01859
G1 X124.575 Y110.3 E.48561
G1 X125.138 Y110.3 E.01859
G1 X135.538 Y120.7 E.48561
G1 X136.101 Y120.7 E.01859
G1 X125.701 Y110.3 E.48561
G1 X126.264 Y110.3 E.01859
G1 X136.664 Y120.7 E.48561
G1 X137.227 Y120.7 E.01859
G1 X126.827 Y110.3 E.48561
G1 X127.39 Y110.3 E.01859
G1 X137.79 Y120.7 E.48561
G1 X138.353 Y120.7 E.01859
G1 X127.953 Y110.3 E.48561
G1 X128.516 Y110.3 E.01859
G1 X138.916 Y120.7 E.48561
G1 X139.479 Y120.7 E.01859
G1 X129.079 Y110.3 E.48561
G1 X129.642 Y110.3 E.01859
G1 X140.042 Y120.7 E.48561
G1 X140.605 Y120.7 E.01859
G1 X130.205 Y110.3 E.48561
G1 X130.768 Y110.3 E.01859
G1 X141.168 Y120.7 E.48561
G1 X141.731 Y120.7 E.01859
G1 X131.331 Y110.3 E.48561
G1 X131.894 Y110.3 E.01859
G1 X142.294 Y120.7 E.48561
G1 X142.857 Y120.7 E.01859
G1 X132.457 Y110.3 E.48561
G1 X133.02 Y110.3 E.01859
G1 X143.42 Y120.7 E.48561
G1 X143.983 Y120.7 E.01859
G1 X133.583 Y110.3 E.48561
G1 X134.146 Y110.3 E.01859
G1 X144.551 Y120.705 E.48585
G1 X145.122 Y120.713 E.01885
G1 X134.709 Y110.3 E.48622
G1 X135.272 Y110.3 E.01859
G1 X145.693 Y120.721 E.48659
G1 X146.264 Y120.73 E.01886
G1 X135.835 Y110.3 E.48699
G1 X136.398 Y110.3 E.01859
G1 X146.848 Y120.751 E.48797
G1 X147.436 Y120.776 E.01943
G1 X136.961 Y110.3 E.48914
G1 X137.524 Y110.3 E.01859
G1 X148.024 Y120.801 E.49031
G1 X148.614 Y120.827 E.0195
G1 X138.087 Y110.3 E.49154
G1 X138.65 Y110.3 E.01859
G1 X149.219 Y120.87 E.49353
G1 X149.825 Y120.913 E.02006
G1 X139.213 Y110.3 E.49553
G1 X139.776 Y110.3 E.01859
G1 X150.431 Y120.956 E.49754
G1 X151.046 Y121.008 E.02038
G1 X140.339 Y110.3 E.49997
G1 X140.902 Y110.3 E.01859
G1 X151.671 Y121.07 E.50287
G1 X152.296 Y121.132 E.02074
G1 X141.465 Y110.3 E.50576
G1 X142.027 Y110.3 E.01856
G1 X152.921 Y121.194 E.50868
G1 X153.567 Y121.276 E.0215
G1 X142.59 Y110.3 E.51253
G1 X143.153 Y110.3 E.01859
G1 X154.212 Y121.358 E.51636
G1 X154.857 Y121.441 E.02147
G1 X143.716 Y110.3 E.52021
G1 X144.278 Y110.299 E.01856
G1 X155.518 Y121.539 E.52484
G1 X156.186 Y121.643 E.02232
G1 X144.834 Y110.291 E.53006
G1 X145.389 Y110.283 E.01833
G1 X156.853 Y121.747 E.53529
G1 X157.531 Y121.862 E.02271
G1 X145.944 Y110.275 E.54104
G1 X146.495 Y110.264 E.0182
G1 X158.222 Y121.99 E.54755
G1 X158.913 Y122.119 E.02321
G1 X147.036 Y110.241 E.5546
G1 X147.576 Y110.218 E.01785
G1 X159.613 Y122.256 E.56207
G1 X160.33 Y122.41 E.02421
G1 X148.116 Y110.196 E.57031
G1 X148.653 Y110.17 E.01775
G1 X161.047 Y122.564 E.57872
G1 X161.774 Y122.728 E.02461
G1 X149.179 Y110.133 E.5881
G1 X149.705 Y110.096 E.01741
G1 X162.519 Y122.91 E.59833
G1 X163.264 Y123.092 E.02532
G1 X150.231 Y110.059 E.60856
G1 X150.756 Y110.021 E.01738
G1 X164.027 Y123.291 E.61965
G1 X164.803 Y123.504 E.02657
G1 X151.269 Y109.97 E.63195
G1 X151.781 Y109.919 E.01699
G1 X165.562 Y123.7 E.64348
G1 X166.125 Y123.7 E.01859
G1 X152.293 Y109.869 E.64584
G1 X152.806 Y109.818 E.01702
G1 X166.688 Y123.7 E.6482
G1 X167.251 Y123.7 E.01859
G1 X153.307 Y109.757 E.65107
G1 X153.806 Y109.693 E.01661
G1 X167.813 Y123.7 E.65404
G1 X168.376 Y123.7 E.01859
G1 X154.306 Y109.629 E.657
G1 X154.805 Y109.565 E.01661
G1 X168.939 Y123.7 E.65999
G1 X169.502 Y123.7 E.01859
G1 X155.298 Y109.496 E.66323
G1 X155.785 Y109.42 E.01627
G1 X170.065 Y123.7 E.66678
G1 X170.628 Y123.7 E.01859
G1 X156.272 Y109.344 E.67033
G1 X156.759 Y109.267 E.01628
G1 X171.191 Y123.7 E.6739
G1 X171.754 Y123.7 E.01859
G1 X157.245 Y109.191 E.67748
G1 X157.72 Y109.103 E.01595
G1 X172.317 Y123.7 E.68159
G1 X172.88 Y123.7 E.01859
G1 X158.195 Y109.015 E.68569
G1 X158.67 Y108.927 E.01595
G1 X173.443 Y123.7 E.6898
G1 X174.006 Y123.7 E.01859
G1 X159.145 Y108.838 E.69394
G1 X159.614 Y108.744 E.01579
G1 X174.569 Y123.7 E.69832
G1 X175.132 Y123.7 E.01859
G1 X160.077 Y108.645 E.70297
G1 X160.54 Y108.545 E.01564
G1 X175.695 Y123.7 E.70764
G1 X176.258 Y123.7 E.01859
G1 X161.004 Y108.446 E.71226
G1 X161.467 Y108.346 E.01564
G1 X176.821 Y123.7 E.71693
G1 X177.384 Y123.7 E.01859
G1 X161.921 Y108.236 E.72205
G1 X162.373 Y108.126 E.01536
G1 X177.947 Y123.7 E.7272
G1 X178.51 Y123.7 E.01859
G1 X162.825 Y108.015 E.73239
G1 X163.278 Y107.905 E.01539
G1 X179.073 Y123.7 E.73752
G1 X179.636 Y123.7 E.01859
G1 X163.727 Y107.791 E.74285
G1 X164.169 Y107.67 E.01513
G1 X180.199 Y123.7 E.7485
G1 X180.762 Y123.7 E.01859
G1 X164.611 Y107.549 E.75415
G1 X165.053 Y107.427 E.01514
G1 X181.325 Y123.7 E.75982
G1 X181.888 Y123.7 E.01859
G1 X165.494 Y107.306 E.76549
G1 X166.051 Y107.3 E.01839
G1 X182.451 Y123.7 E.76577
G1 X183.014 Y123.7 E.01859
G1 X166.614 Y107.3 E.76577
G1 X167.177 Y107.3 E.01859
G1 X183.577 Y123.7 E.76577
G1 X184.14 Y123.7 E.01859
G1 X167.74 Y107.3 E.76577
G1 X168.303 Y107.3 E.01859
G1 X184.703 Y123.7 E.76577
G1 X185.266 Y123.7 E.01859
G1 X168.866 Y107.3 E.76577
G1 X169.429 Y107.3 E.01859
G1 X185.829 Y123.7 E.76577
G1 X186.392 Y123.7 E.01859
G1 X169.992 Y107.3 E.76577
G1 X170.555 Y107.3 E.01859
G1 X186.955 Y123.7 E.76577
G1 X187.518 Y123.7 E.01859
G1 X171.118 Y107.3 E.76577
G1 X171.681 Y107.3 E.01859
G1 X188.081 Y123.7 E.76577
G1 X188.644 Y123.7 E.01859
G1 X172.244 Y107.3 E.76577
G1 X172.807 Y107.3 E.01859
G1 X189.207 Y123.7 E.76577
G1 X189.77 Y123.7 E.01859
G1 X173.37 Y107.3 E.76577
G1 X173.933 Y107.3 E.01859
G1 X190.333 Y123.7 E.76577
G1 X190.896 Y123.7 E.01859
G1 X174.496 Y107.3 E.76577
G1 X175.059 Y107.3 E.01859
G1 X191.459 Y123.7 E.76577
G1 X192.022 Y123.7 E.01859
G1 X175.622 Y107.3 E.76577
G1 X176.185 Y107.3 E.01859
G1 X192.585 Y123.7 E.76577
G1 X193.148 Y123.7 E.01859
G1 X176.748 Y107.3 E.76577
G1 X177.311 Y107.3 E.01859
G1 X193.711 Y123.7 E.76577
G1 X194.274 Y123.7 E.01859
G1 X177.874 Y107.3 E.76577
G1 X178.437 Y107.3 E.01859
G1 X194.837 Y123.7 E.76577
G1 X195.4 Y123.7 E.01859
G1 X179 Y107.3 E.76577
G1 X179.563 Y107.3 E.01859
G1 X195.963 Y123.7 E.76577
G1 X196.526 Y123.7 E.01859
G1 X180.126 Y107.3 E.76577
G1 X180.689 Y107.3 E.01859
G1 X196.9 Y123.511 E.75695
G1 X196.9 Y122.948 E.01859
G1 X181.252 Y107.3 E.73066
G1 X181.815 Y107.3 E.01859
G1 X196.9 Y122.385 E.70437
G1 X196.9 Y121.822 E.01859
G1 X182.378 Y107.3 E.67808
G1 X182.941 Y107.3 E.01859
G1 X196.9 Y121.259 E.65179
G1 X196.9 Y120.696 E.01859
G1 X183.504 Y107.3 E.62551
G1 X184.067 Y107.3 E.01859
G1 X196.9 Y120.133 E.59922
G1 X196.9 Y119.57 E.01859
G1 X184.63 Y107.3 E.57293
G1 X185.193 Y107.3 E.01859
G1 X196.9 Y119.007 E.54664
G1 X196.9 Y118.444 E.01859
G1 X185.756 Y107.3 E.52035
G1 X186.319 Y107.3 E.01859
G1 X196.9 Y117.881 E.49406
G1 X196.9 Y117.318 E.01859
G1 X186.882 Y107.3 E.46778
G1 X187.445 Y107.3 E.01859
G1 X196.9 Y116.755 E.44149
G1 X196.9 Y116.192 E.01859
G1 X188.008 Y107.3 E.4152
G1 X188.571 Y107.3 E.01859
G1 X196.9 Y115.629 E.38891
G1 X196.9 Y115.066 E.01859
G1 X189.134 Y107.3 E.36262
G1 X189.697 Y107.3 E.01859
G1 X196.9 Y114.503 E.33633
G1 X196.9 Y113.94 E.01859
G1 X190.26 Y107.3 E.31004
G1 X190.823 Y107.3 E.01859
G1 X196.9 Y113.377 E.28376
G1 X196.9 Y112.814 E.01859
G1 X191.386 Y107.3 E.25747
G1 X191.949 Y107.3 E.01859
G1 X196.9 Y112.251 E.23118
G1 X196.9 Y111.688 E.01859
G1 X192.512 Y107.3 E.20489
G1 X193.075 Y107.3 E.01859
G1 X196.9 Y111.125 E.1786
G1 X196.9 Y110.562 E.01859
G1 X193.638 Y107.3 E.15231
G1 X194.201 Y107.3 E.01859
G1 X196.9 Y109.999 E.12603
G1 X196.9 Y109.436 E.01859
G1 X194.764 Y107.3 E.09974
G1 X195.327 Y107.3 E.01859
G1 X196.9 Y108.873 E.07345
G1 X196.9 Y108.31 E.01859
G1 X195.89 Y107.3 E.04716
G1 X196.453 Y107.3 E.01859
G1 X197.079 Y107.926 E.02923
;LAYER_CHANGE
;Z:2.8
;HEIGHT:0.2
;BEFORE_LAYER_CHANGE
G92 E0
;2.8


G1 E-3.5 F3600
;WIPE_START
G1 F7200
G1 X196.453 Y107.3 E-.42052
G1 X195.89 Y107.3 E-.26742
G1 X196.9 Y108.31 E-.67847
G1 X196.9 Y108.591 E-.13359
;WIPE_END
G1 Z2.8 F9000
;AFTER_LAYER_CHANGE
;2.8
G1 X197.006 Y106.994
G1 E5 F2400
;TYPE:Perimeter
;WIDTH:0.439999
G1 X197.006 Y124.006 E.56169
G1 X165.276 Y124.006 E1.04764
G1 X163.313 Y123.467 E.06721
G1 X161.217 Y122.956 E.07123
G1 X159.095 Y122.5 E.07166
G1 X156.961 Y122.105 E.07166
G1 X154.817 Y121.769 E.07165
G1 X152.664 Y121.495 E.07166
G1 X150.504 Y121.281 E.07167
G1 X148.339 Y121.128 E.07166
G1 X146.17 Y121.036 E.07168
G1 X144.007 Y121.006 E.07142
G1 X86.993 Y121.006 E1.88245
G1 X84.83 Y121.036 E.07142
G1 X82.661 Y121.128 E.07168
G1 X80.496 Y121.281 E.07166
G1 X78.336 Y121.495 E.07167
G1 X76.183 Y121.769 E.07166
G1 X74.429 Y122.044 E.05862
G1 X71.907 Y122.5 E.08462
G1 X69.783 Y122.956 E.07173
G1 X67.674 Y123.471 E.07168
G1 X65.724 Y124.006 E.06676
G1 X33.994 Y124.006 E1.04764
G1 X33.994 Y106.994 E.56169
G1 X65.724 Y106.994 E1.04764
G1 X67.687 Y107.533 E.06721
G1 X69.783 Y108.044 E.07123
G1 X71.905 Y108.5 E.07166
G1 X74.039 Y108.895 E.07166
G1 X76.183 Y109.231 E.07165
G1 X78.336 Y109.505 E.07166
G1 X80.496 Y109.719 E.07167
G1 X82.661 Y109.872 E.07166
G1 X84.83 Y109.964 E.07168
G1 X86.993 Y109.994 E.07142
G1 X144.007 Y109.994 E1.88245
G1 X146.17 Y109.964 E.07142
G1 X148.339 Y109.872 E.07168
G1 X150.504 Y109.719 E.07166
G1 X152.664 Y109.505 E.07167
G1 X154.817 Y109.231 E.07166
G1 X156.961 Y108.895 E.07165
G1 X159.095 Y108.5 E.07166
G1 X161.217 Y108.044 E.07166
G1 X163.326 Y107.529 E.07168
G1 X165.276 Y106.994 E.06676
G1 X196.946 Y106.994 E1.04566
G1 X197.403 Y106.597 F9000
G1 F2400
G1 X197.403 Y124.403 E.58791
G1 X165.223 Y124.403 E1.0625
G1 X163.218 Y123.853 E.06865
G1 X161.129 Y123.343 E.071
G1 X159.018 Y122.889 E.07129
G1 X156.894 Y122.496 E.07132
G1 X154.761 Y122.163 E.07128
G1 X152.619 Y121.889 E.0713
G1 X150.47 Y121.677 E.0713
G1 X148.316 Y121.525 E.0713
G1 X146.159 Y121.433 E.07128
G1 X144.004 Y121.403 E.07116
G1 X86.996 Y121.403 E1.88225
G1 X84.841 Y121.433 E.07116
G1 X82.684 Y121.525 E.07128
G1 X80.53 Y121.677 E.0713
G1 X78.381 Y121.889 E.0713
G1 X76.239 Y122.163 E.0713
G1 X74.495 Y122.435 E.05828
G1 X71.984 Y122.889 E.08425
G1 X69.871 Y123.343 E.07136
G1 X67.774 Y123.855 E.07127
G1 X65.777 Y124.403 E.06837
G1 X33.597 Y124.403 E1.0625
G1 X33.597 Y106.597 E.58791
G1 X65.777 Y106.597 E1.0625
G1 X67.782 Y107.147 E.06865
G1 X69.871 Y107.657 E.071
G1 X71.983 Y108.111 E.07133
G1 X74.106 Y108.504 E.07129
G1 X76.239 Y108.837 E.07128
G1 X78.381 Y109.111 E.0713
G1 X80.53 Y109.323 E.0713
G1 X82.684 Y109.475 E.0713
G1 X84.841 Y109.567 E.07128
G1 X86.996 Y109.597 E.07116
G1 X144.004 Y109.597 E1.88225
G1 X146.159 Y109.567 E.07116
G1 X148.316 Y109.475 E.07128
G1 X150.47 Y109.323 E.0713
G1 X152.619 Y109.111 E.0713
G1 X154.761 Y108.837 E.0713
G1 X156.894 Y108.504 E.07128
G1 X159.018 Y108.111 E.07132
G1 X161.129 Y107.657 E.07129
G1 X163.226 Y107.145 E.07127
G1 X165.223 Y106.597 E.06837
G1 X197.343 Y106.597 E1.06051
G1 X197.79 Y106.21 F9000
;TYPE:External perimeter
;WIDTH:0.419999
G1 F1500
G1 X197.79 Y124.79 E.58256
G1 X165.171 Y124.79 E1.02274
G1 X163.126 Y124.229 E.06649
G1 X161.042 Y123.72 E.06726
G1 X158.942 Y123.269 E.06735
G1 X156.829 Y122.878 E.06738
G1 X154.707 Y122.546 E.06734
G1 X152.576 Y122.274 E.06736
G1 X150.438 Y122.062 E.06736
G1 X148.295 Y121.911 E.06736
G1 X146.148 Y121.82 E.06738
G1 X144 Y121.79 E.06736
G1 X86.997 Y121.79 E1.78729
G1 X84.852 Y121.82 E.06726
G1 X82.705 Y121.911 E.06738
G1 X80.562 Y122.062 E.06736
G1 X78.425 Y122.274 E.06733
G1 X76.293 Y122.546 E.06739
G1 X74.559 Y122.817 E.05503
G1 X72.059 Y123.269 E.07966
G1 X69.958 Y123.72 E.06738
G1 X67.871 Y124.23 E.06736
G1 X65.829 Y124.79 E.06639
G1 X33.21 Y124.79 E1.02274
G1 X33.21 Y106.21 E.58256
G1 X65.829 Y106.21 E1.02274
G1 X67.874 Y106.771 E.06649
G1 X69.958 Y107.28 E.06726
G1 X72.058 Y107.731 E.06735
G1 X74.171 Y108.122 E.06738
G1 X76.293 Y108.454 E.06734
G1 X78.425 Y108.726 E.06739
G1 X80.562 Y108.938 E.06733
G1 X82.705 Y109.089 E.06736
G1 X84.852 Y109.18 E.06738
G1 X87 Y109.21 E.06736
G1 X144.003 Y109.21 E1.78729
G1 X146.148 Y109.18 E.06726
G1 X148.295 Y109.089 E.06738
G1 X150.438 Y108.938 E.06736
G1 X152.576 Y108.726 E.06736
G1 X154.707 Y108.454 E.06736
G1 X156.829 Y108.122 E.06734
G1 X158.942 Y107.731 E.06738
G1 X161.042 Y107.28 E.06735
G1 X163.129 Y106.77 E.06736
G1 X165.171 Y106.21 E.06639
G1 X197.73 Y106.21 E1.02086
G1 X196.879 Y107.926 F9000
;TYPE:Internal infill
;WIDTH:0.44
G1 F3000
G1 X196.253 Y107.3 E.02923
G1 X195.69 Y107.3 E.01859
G1 X196.7 Y108.31 E.04716
G1 X196.7 Y108.873 E.01859
G1 X195.127 Y107.3 E.07345
G1 X194.564 Y107.3 E.01859
G1 X196.7 Y109.436 E.09974
G1 X196.7 Y109.999 E.01859
G1 X194.001 Y107.3 E.12603
G1 X193.438 Y107.3 E.01859
G1 X196.7 Y110.562 E.15231
G1 X196.7 Y111.125 E.01859
G1 X192.875 Y107.3 E.1786
G1 X192.312 Y107.3 E.01859
G1 X196.7 Y111.688 E.20489
G1 X196.7 Y112.251 E.01859
G1 X191.749 Y107.3 E.23118
G1 X191.186 Y107.3 E.01859
G1 X196.7 Y112.814 E.25747
G1 X196.7 Y113.377 E.01859
G1 X190.623 Y107.3 E.28376
G1 X190.06 Y107.3 E.01859
G1 X196.7 Y113.94 E.31004
G1 X196.7 Y114.503 E.01859
G1 X189.497 Y107.3 E.33633
G1 X188.934 Y107.3 E.01859
G1 X196.7 Y115.066 E.36262
G1 X196.7 Y115.629 E.01859
G1 X188.371 Y107.3 E.38891
G1 X187.808 Y107.3 E.01859
G1 X196.7 Y116.192 E.4152
G1 X196.7 Y116.755 E.01859
G1 X187.245 Y107.3 E.44149
G1 X186.682 Y107.3 E.01859
G1 X196.7 Y117.318 E.46778
G1 X196.7 Y117.881 E.01859
G1 X186.119 Y107.3 E.49406
G1 X185.556 Y107.3 E.01859
G1 X196.7 Y118.444 E.52035
G1 X196.7 Y119.007 E.01859
G1 X184.993 Y107.3 E.54664
G1 X184.43 Y107.3 E.01859
G1 X196.7 Y119.57 E.57293
G1 X196.7 Y120.133 E.01859
G1 X183.867 Y107.3 E.59922
G1 X183.304 Y107.3 E.01859
G1 X196.7 Y120.696 E.62551
G1 X196.7 Y121.259 E.01859
G1 X182.741 Y107.3 E.65179
G1 X182.178 Y107.3 E.01859
G1 X196.7 Y121.822 E.67808
G1 X196.7 Y122.385 E.01859
G1 X181.615 Y107.3 E.70437
G1 X181.052 Y107.3 E.01859
G1 X196.7 Y122.948 E.73066
G1 X196.7 Y123.511 E.01859
G1 X180.489 Y107.3 E.75695
G1 X179.926 Y107.3 E.01859
G1 X196.326 Y123.7 E.76577
G1 X195.763 Y123.7 E.01859
G1 X179.363 Y107.3 E.76577
G1 X178.8 Y107.3 E.01859
G1 X195.2 Y123.7 E.76577
G1 X194.637 Y123.7 E.01859
G1 X178.237 Y107.3 E.76577
G1 X177.674 Y107.3 E.01859
G1 X194.074 Y123.7 E.76577
G1 X193.511 Y123.7 E.01859
G1 X177.111 Y107.3 E.76577
G1 X176.548 Y107.3 E.01859
G1 X192.948 Y123.7 E.76577
G1 X192.385 Y123.7 E.01859
G1 X175.985 Y107.3 E.76577
G1 X175.422 Y107.3 E.01859
G1 X191.822 Y123.7 E.76577
G1 X191.259 Y123.7 E.01859
G1 X174.859 Y107.3 E.76577
G1 X174.296 Y107.3 E.01859
G1 X190.696 Y123.7 E.76577
G1 X190.133 Y123.7 E.01859
G1 X173.733 Y107.3 E.76577
G1 X173.17 Y107.3 E.01859
G1 X189.57 Y123.7 E.76577
G1 X189.007 Y123.7 E.01859
G1 X172.607 Y107.3 E.76577
G1 X172.044 Y107.3 E.01859
G1 X188.444 Y123.7 E.76577
G1 X187.881 Y123.7 E.01859
G1 X171.481 Y107.3 E.76577
G1 X170.918 Y107.3 E.01859
G1 X187.318 Y123.7 E.76577
G1 X186.755 Y123.7 E.01859
G1 X170.355 Y107.3 E.76577
G1 X169.792 Y107.3 E.01859
G1 X186.192 Y123.7 E.76577
G1 X185.629 Y123.7 E.01859
G1 X169.229 Y107.3 E.76577
G1 X168.666 Y107.3 E.01859
G1 X185.066 Y123.7 E.76577
G1 X184.503 Y123.7 E.01859
G1 X168.103 Y107.3 E.76577
G1 X167.54 Y107.3 E.01859
G1 X183.94 Y123.7 E.76577
G1 X183.377 Y123.7 E.01859
G1 X166.977 Y107.3 E.76577
G1 X166.414 Y107.3 E.01859
G1 X182.814 Y123.7 E.76577
G1 X182.251 Y123.7 E.01859
G1 X165.851 Y107.3 E.76577
G1 X165.294 Y107.306 E.01839
G1 X181.688 Y123.7 E.76549
G1 X181.125 Y123.7 E.01859
G1 X164.853 Y107.427 E.75982
G1 X164.411 Y107.549 E.01514
G1 X180.562 Y123.7 E.75415
G1 X179.999 Y123.7 E.01859
G1 X163.969 Y107.67 E.7485
G1 X163.527 Y107.791 E.01513
G1 X179.436 Y123.7 E.74285
G1 X178.873 Y123.7 E.01859
G1 X163.078 Y107.905 E.73752
G1 X162.625 Y108.015 E.01539
G1 X178.31 Y123.7 E.73239
G1 X177.747 Y123.7 E.01859
G1 X162.173 Y108.126 E.7272
G1 X161.721 Y108.236 E.01536
G1 X177.184 Y123.7 E.72205
G1 X176.621 Y123.7 E.01859
G1 X161.267 Y108.346 E.71693
G1 X160.804 Y108.446 E.01564
G1 X176.058 Y123.7 E.71226
G1 X175.495 Y123.7 E.01859
G1 X160.34 Y108.545 E.70764
G1 X159.877 Y108.645 E.01564
G1 X174.932 Y123.7 E.70297
G1 X174.369 Y123.7 E.01859
G1 X159.414 Y108.744 E.69832
G1 X158.945 Y108.838 E.01579
G1 X173.806 Y123.7 E.69394
G1 X173.243 Y123.7 E.01859
G1 X158.47 Y108.927 E.6898
G1 X157.995 Y109.015 E.01595
G1 X172.68 Y123.7 E.68569
G1 X172.117 Y123.7 E.01859
G1 X157.52 Y109.103 E.68159
G1 X157.045 Y109.191 E.01595
G1 X171.554 Y123.7 E.67748
G1 X170.991 Y123.7 E.01859
G1 X156.559 Y109.267 E.6739
G1 X156.072 Y109.344 E.01628
G1 X170.428 Y123.7 E.67033
G1 X169.865 Y123.7 E.01859
G1 X155.585 Y109.42 E.66678
G1 X155.098 Y109.496 E.01627
G1 X169.302 Y123.7 E.66323
G1 X168.739 Y123.7 E.01859
G1 X154.605 Y109.565 E.65999
G1 X154.106 Y109.629 E.01661
G1 X168.176 Y123.7 E.657
G1 X167.613 Y123.7 E.01859
G1 X153.606 Y109.693 E.65404
G1 X153.107 Y109.757 E.01661
G1 X167.051 Y123.7 E.65107
G1 X166.488 Y123.7 E.01859
G1 X152.606 Y109.818 E.6482
G1 X152.093 Y109.869 E.01702
G1 X165.925 Y123.7 E.64584
G1 X165.362 Y123.7 E.01859
G1 X151.581 Y109.919 E.64348
G1 X151.069 Y109.97 E.01699
G1 X164.603 Y123.504 E.63195
G1 X163.827 Y123.291 E.02657
G1 X150.556 Y110.021 E.61965
G1 X150.031 Y110.059 E.01738
G1 X163.064 Y123.092 E.60856
G1 X162.319 Y122.91 E.02532
G1 X149.505 Y110.096 E.59833
G1 X148.979 Y110.133 E.01741
G1 X161.574 Y122.728 E.5881
G1 X160.847 Y122.564 E.02461
G1 X148.453 Y110.17 E.57872
G1 X147.916 Y110.196 E.01775
G1 X160.13 Y122.41 E.57031
G1 X159.413 Y122.256 E.02421
G1 X147.376 Y110.218 E.56207
G1 X146.836 Y110.241 E.01785
G1 X158.713 Y122.119 E.5546
G1 X158.022 Y121.99 E.02321
G1 X146.295 Y110.264 E.54755
G1 X145.744 Y110.275 E.0182
G1 X157.331 Y121.862 E.54104
G1 X156.653 Y121.747 E.02271
G1 X145.189 Y110.283 E.53529
G1 X144.634 Y110.291 E.01833
G1 X155.986 Y121.643 E.53006
G1 X155.318 Y121.539 E.02232
G1 X144.078 Y110.299 E.52484
G1 X143.516 Y110.3 E.01856
G1 X154.657 Y121.441 E.52021
G1 X154.012 Y121.358 E.02147
G1 X142.953 Y110.3 E.51636
G1 X142.39 Y110.3 E.01859
G1 X153.367 Y121.276 E.51253
G1 X152.721 Y121.194 E.0215
G1 X141.828 Y110.3 E.50866
G1 X141.265 Y110.3 E.01859
G1 X152.096 Y121.132 E.50576
G1 X151.471 Y121.07 E.02074
G1 X140.702 Y110.3 E.50287
G1 X140.139 Y110.3 E.01859
G1 X150.846 Y121.008 E.49997
G1 X150.231 Y120.956 E.02038
G1 X139.576 Y110.3 E.49754
G1 X139.013 Y110.3 E.01859
G1 X149.625 Y120.913 E.49553
G1 X149.019 Y120.87 E.02006
G1 X138.45 Y110.3 E.49353
G1 X137.887 Y110.3 E.01859
G1 X148.414 Y120.827 E.49154
G1 X147.824 Y120.801 E.0195
G1 X137.324 Y110.3 E.49031
G1 X136.761 Y110.3 E.01859
G1 X147.236 Y120.776 E.48914
G1 X146.648 Y120.751 E.01943
G1 X136.198 Y110.3 E.48797
G1 X135.635 Y110.3 E.01859
G1 X146.064 Y120.73 E.48699
G1 X145.493 Y120.721 E.01886
G1 X135.072 Y110.3 E.48659
G1 X134.509 Y110.3 E.01859
G1 X144.922 Y120.713 E.48622
G1 X144.351 Y120.705 E.01885
G1 X133.946 Y110.3 E.48585
G1 X133.383 Y110.3 E.01859
G1 X143.783 Y120.7 E.48561
G1 X143.22 Y120.7 E.01859
G1 X132.82 Y110.3 E.48561
G1 X132.257 Y110.3 E.01859
G1 X142.657 Y120.7 E.48561
G1 X142.094 Y120.7 E.01859
G1 X131.694 Y110.3 E.48561
G1 X131.131 Y110.3 E.01859
G1 X141.531 Y120.7 E.48561
G1 X140.968 Y120.7 E.01859
G1 X130.568 Y110.3 E.48561
G1 X130.005 Y110.3 E.01859
G1 X140.405 Y120.7 E.48561
G1 X139.842 Y120.7 E.01859
G1 X129.442 Y110.3 E.48561
G1 X128.879 Y110.3 E.01859
G1 X139.279 Y120.7 E.48561
G1 X138.716 Y120.7 E.01859
G1 X128.316 Y110.3 E.48561
G1 X127.753 Y110.3 E.01859
G1 X138.153 Y120.7 E.48561
G1 X137.59 Y120.7 E.01859
G1 X127.19 Y110.3 E.48561
G1 X126.627 Y110.3 E.01859
G1 X137.027 Y120.7 E.48561
G1 X136.464 Y120.7 E.01859
G1 X126.064 Y110.3 E.48561
G1 X125.501 Y110.3 E.01859
G1 X135.901 Y120.7 E.48561
G1 X135.338 Y120.7 E.01859
G1 X124.938 Y110.3 E.48561
G1 X124.375 Y110.3 E.01859
G1 X134.775 Y120.7 E.48561
G1 X134.212 Y120.7 E.01859
G1 X123.812 Y110.3 E.48561
G1 X123.249 Y110.3 E.01859
G1 X133.649 Y120.7 E.48561
G1 X133.086 Y120.7 E.01859
G1 X122.686 Y110.3 E.48561
G1 X122.123 Y110.3 E.01859
G1 X132.523 Y120.7 E.48561
G1 X131.96 Y120.7 E.01859
G1 X121.56 Y110.3 E.48561
G1 X120.997 Y110.3 E.01859
G1 X131.397 Y120.7 E.48561
G1 X130.834 Y120.7 E.01859
G1 X120.434 Y110.3 E.48561
G1 X119.871 Y110.3 E.01859
G1 X130.271 Y120.7 E.48561
G1 X129.708 Y120.7 E.01859
G1 X119.308 Y110.3 E.48561
G1 X118.745 Y110.3 E.01859
G1 X129.145 Y120.7 E.48561
G1 X128.582 Y120.7 E.01859
G1 X118.182 Y110.3 E.48561
G1 X117.619 Y110.3 E.01859
G1 X128.019 Y120.7 E.48561
G1 X127.456 Y120.7 E.01859
G1 X117.056 Y110.3 E.48561
G1 X116.493 Y110.3 E.01859
G1 X126.893 Y120.7 E.48561
G1 X126.33 Y120.7 E.01859
G1 X115.93 Y110.3 E.48561
G1 X115.367 Y110.3 E.01859
G1 X125.767 Y120.7 E.48561
G1 X125.204 Y120.7 E.01859
G1 X114.804 Y110.3 E.48561
G1 X114.241 Y110.3 E.01859
G1 X124.641 Y120.7 E.48561
G1 X124.078 Y120.7 E.01859
G1 X113.678 Y110.3 E.48561
G1 X113.115 Y110.3 E.01859
G1 X123.515 Y120.7 E.48561
G1 X122.952 Y120.7 E.01859
G1 X112.552 Y110.3 E.48561
G1 X111.989 Y110.3 E.01859
G1 X122.389 Y120.7 E.48561
G1 X121.826 Y120.7 E.01859
G1 X111.426 Y110.3 E.48561
G1 X110.863 Y110.3 E.01859
G1 X121.263 Y120.7 E.48561
G1 X120.7 Y120.7 E.01859
G1 X110.3 Y110.3 E.48561
G1 X109.737 Y110.3 E.01859
G1 X120.137 Y120.7 E.48561
G1 X119.574 Y120.7 E.01859
G1 X109.174 Y110.3 E.48561
G1 X108.611 Y110.3 E.01859
G1 X119.011 Y120.7 E.48561
G1 X118.448 Y120.7 E.01859
G1 X108.048 Y110.3 E.48561
G1 X107.485 Y110.3 E.01859
G1 X117.885 Y120.7 E.48561
G1 X117.322 Y120.7 E.01859
G1 X106.922 Y110.3 E.48561
G1 X106.359 Y110.3 E.01859
G1 X116.759 Y120.7 E.48561
G1 X116.196 Y120.7 E.01859
G1 X105.796 Y110.3 E.48561
G1 X105.233 Y110.3 E.01859
G1 X115.633 Y120.7 E.48561
G1 X115.07 Y120.7 E.01859
G1 X104.67 Y110.3 E.48561
G1 X104.107 Y110.3 E.01859
G1 X114.507 Y120.7 E.48561
G1 X113.944 Y120.7 E.01859
G1 X103.544 Y110.3 E.48561
G1 X102.981 Y110.3 E.01859
G1 X113.381 Y120.7 E.48561
G1 X112.818 Y120.7 E.01859
G1 X102.418 Y110.3 E.48561
G1 X101.855 Y110.3 E.01859
G1 X112.255 Y120.7 E.48561
G1 X111.692 Y120.7 E.01859
G1 X101.292 Y110.3 E.48561
G1 X100.729 Y110.3 E.01859
G1 X111.129 Y120.7 E.48561
G1 X110.566 Y120.7 E.01859
G1 X100.166 Y110.3 E.48561
G1 X99.603 Y110.3 E.01859
G1 X110.003 Y120.7 E.48561
G1 X109.44 Y120.7 E.01859
G1 X99.04 Y110.3 E.48561
G1 X98.477 Y110.3 E.01859
G1 X108.877 Y120.7 E.48561
G1 X108.314 Y120.7 E.01859
G1 X97.914 Y110.3 E.48561
G1 X97.351 Y110.3 E.01859
G1 X107.751 Y120.7 E.48561
G1 X107.188 Y120.7 E.01859
G1 X96.788 Y110.3 E.48561
G1 X96.225 Y110.3 E.01859
G1 X106.625 Y120.7 E.48561
G1 X106.062 Y120.7 E.01859
G1 X95.662 Y110.3 E.48561
G1 X95.099 Y110.3 E.01859
G1 X105.499 Y120.7 E.48561
G1 X104.936 Y120.7 E.01859
G1 X94.536 Y110.3 E.48561
G1 X93.973 Y110.3 E.01859
G1 X104.373 Y120.7 E.48561
G1 X103.81 Y120.7 E.01859
G1 X93.41 Y110.3 E.48561
G1 X92.847 Y110.3 E.01859
G1 X103.247 Y120.7 E.48561
G1 X102.684 Y120.7 E.01859
G1 X92.284 Y110.3 E.48561
G1 X91.721 Y110.3 E.01859
G1 X102.121 Y120.7 E.48561
G1 X101.558 Y120.7 E.01859
G1 X91.158 Y110.3 E.48561
G1 X90.595 Y110.3 E.01859
G1 X100.995 Y120.7 E.48561
G1 X100.432 Y120.7 E.01859
G1 X90.032 Y110.3 E.48561
G1 X89.469 Y110.3 E.01859
G1 X99.869 Y120.7 E.48561
G1 X99.306 Y120.7 E.01859
G1 X88.906 Y110.3 E.48561
G1 X88.343 Y110.3 E.01859
G1 X98.744 Y120.7 E.48564
G1 X98.181 Y120.7 E.01859
G1 X87.78 Y110.3 E.48564
G1 X87.217 Y110.3 E.01859
G1 X97.618 Y120.7 E.48564
G1 X97.055 Y120.7 E.01859
G1 X86.649 Y110.295 E.48587
G1 X86.078 Y110.287 E.01885
G1 X96.492 Y120.7 E.48624
G1 X95.929 Y120.7 E.01859
G1 X85.507 Y110.279 E.48662
G1 X84.936 Y110.27 E.01886
G1 X95.366 Y120.7 E.48701
G1 X94.803 Y120.7 E.01859
G1 X84.352 Y110.249 E.48799
G1 X83.764 Y110.224 E.01943
G1 X94.24 Y120.7 E.48916
G1 X93.677 Y120.7 E.01859
G1 X83.176 Y110.199 E.49033
G1 X82.587 Y110.173 E.01947
G1 X93.114 Y120.7 E.49154
G1 X92.551 Y120.7 E.01859
G1 X81.981 Y110.13 E.49355
G1 X81.375 Y110.087 E.02006
G1 X91.988 Y120.7 E.49556
G1 X91.425 Y120.7 E.01859
G1 X80.769 Y110.044 E.49757
G1 X80.154 Y109.992 E.02038
G1 X90.862 Y120.7 E.49999
G1 X90.299 Y120.7 E.01859
G1 X79.529 Y109.93 E.50289
G1 X78.904 Y109.868 E.02074
G1 X89.736 Y120.7 E.50578
G1 X89.173 Y120.7 E.01859
G1 X78.279 Y109.806 E.50868
G1 X77.633 Y109.724 E.0215
G1 X88.61 Y120.7 E.51253
G1 X88.047 Y120.7 E.01859
G1 X76.988 Y109.642 E.51636
G1 X76.343 Y109.559 E.02147
G1 X87.484 Y120.7 E.52021
G1 X86.922 Y120.701 E.01856
G1 X75.682 Y109.461 E.52484
G1 X75.015 Y109.357 E.02229
G1 X86.367 Y120.709 E.53006
G1 X85.811 Y120.717 E.01836
G1 X74.347 Y109.253 E.53529
G1 X73.67 Y109.138 E.02267
G1 X85.256 Y120.725 E.54101
G1 X84.705 Y120.736 E.0182
G1 X72.978 Y109.01 E.54755
G1 X72.287 Y108.881 E.02321
G1 X84.164 Y120.759 E.5546
G1 X83.624 Y120.782 E.01785
G1 X71.587 Y108.744 E.56207
G1 X70.87 Y108.59 E.02421
G1 X83.084 Y120.804 E.57031
G1 X82.547 Y120.83 E.01775
G1 X70.153 Y108.436 E.57872
G1 X69.426 Y108.272 E.02461
G1 X82.021 Y120.867 E.5881
G1 X81.495 Y120.904 E.01741
G1 X68.681 Y108.09 E.59833
G1 X67.936 Y107.908 E.02532
G1 X80.969 Y120.941 E.60856
G1 X80.444 Y120.979 E.01738
G1 X67.173 Y107.709 E.61965
G1 X66.398 Y107.496 E.02654
G1 X79.931 Y121.03 E.63193
G1 X79.419 Y121.081 E.01699
G1 X65.639 Y107.3 E.64346
G1 X65.076 Y107.3 E.01859
G1 X78.907 Y121.131 E.64582
G1 X78.395 Y121.182 E.01699
G1 X64.513 Y107.3 E.6482
G1 X63.95 Y107.3 E.01859
G1 X77.893 Y121.243 E.65105
G1 X77.394 Y121.307 E.01661
G1 X63.387 Y107.3 E.65404
G1 X62.824 Y107.3 E.01859
G1 X76.894 Y121.371 E.657
G1 X76.395 Y121.434 E.01661
G1 X62.261 Y107.3 E.65997
G1 X61.698 Y107.3 E.01859
G1 X75.902 Y121.504 E.66323
G1 X75.415 Y121.58 E.01627
G1 X61.135 Y107.3 E.66678
G1 X60.572 Y107.3 E.01859
G1 X74.928 Y121.656 E.67033
G1 X74.441 Y121.732 E.01627
G1 X60.009 Y107.3 E.67388
G1 X59.446 Y107.3 E.01859
G1 X73.963 Y121.817 E.67785
G1 X73.486 Y121.903 E.016
G1 X58.883 Y107.3 E.68187
G1 X58.32 Y107.3 E.01859
G1 X73.01 Y121.99 E.68593
G1 X72.533 Y122.076 E.016
G1 X57.757 Y107.3 E.68994
G1 X57.194 Y107.3 E.01859
G1 X72.056 Y122.162 E.69396
G1 X71.587 Y122.256 E.01579
G1 X56.631 Y107.3 E.69835
G1 X56.068 Y107.3 E.01859
G1 X71.123 Y122.355 E.70297
G1 X70.66 Y122.455 E.01564
G1 X55.505 Y107.3 E.70764
G1 X54.942 Y107.3 E.01859
G1 X70.196 Y122.554 E.71226
G1 X69.733 Y122.654 E.01564
G1 X54.379 Y107.3 E.71693
G1 X53.816 Y107.3 E.01859
G1 X69.28 Y122.764 E.72207
G1 X68.827 Y122.874 E.01539
G1 X53.253 Y107.3 E.7272
G1 X52.69 Y107.3 E.01859
G1 X68.375 Y122.985 E.73239
G1 X67.922 Y123.095 E.01539
G1 X52.127 Y107.3 E.73752
G1 X51.564 Y107.3 E.01859
G1 X67.473 Y123.209 E.74285
G1 X67.031 Y123.33 E.01513
G1 X51.001 Y107.3 E.7485
G1 X50.438 Y107.3 E.01859
G1 X66.589 Y123.451 E.75415
G1 X66.148 Y123.573 E.01511
G1 X49.875 Y107.3 E.75984
G1 X49.312 Y107.3 E.01859
G1 X65.706 Y123.694 E.76549
G1 X65.149 Y123.7 E.01839
G1 X48.749 Y107.3 E.76577
G1 X48.186 Y107.3 E.01859
G1 X64.586 Y123.7 E.76577
G1 X64.023 Y123.7 E.01859
G1 X47.623 Y107.3 E.76577
G1 X47.06 Y107.3 E.01859
G1 X63.46 Y123.7 E.76577
G1 X62.897 Y123.7 E.01859
G1 X46.497 Y107.3 E.76577
G1 X45.934 Y107.3 E.01859
G1 X62.334 Y123.7 E.76577
G1 X61.771 Y123.7 E.01859
G1 X45.371 Y107.3 E.76577
G1 X44.808 Y107.3 E.01859
G1 X61.208 Y123.7 E.76577
G1 X60.645 Y123.7 E.01859
G1 X44.245 Y107.3 E.76577
G1 X43.682 Y107.3 E.01859
G1 X60.082 Y123.7 E.76577
G1 X59.519 Y123.7 E.01859
G1 X43.119 Y107.3 E.76577
G1 X42.556 Y107.3 E.01859
G1 X58.956 Y123.7 E.76577
G1 X58.393 Y123.7 E.01859
G1 X41.993 Y107.3 E.76577
G1 X41.43 Y107.3 E.01859
G1 X57.83 Y123.7 E.76577
G1 X57.267 Y123.7 E.01859
G1 X40.867 Y107.3 E.76577
G1 X40.304 Y107.3 E.01859
G1 X56.704 Y123.7 E.76577
G1 X56.141 Y123.7 E.01859
G1 X39.741 Y107.3 E.76577
G1 X39.178 Y107.3 E.01859
G1 X55.578 Y123.7 E.76577
G1 X55.015 Y123.7 E.01859
G1 X38.615 Y107.3 E.76577
G1 X38.052 Y107.3 E.01859
G1 X54.452 Y123.7 E.76577
G1 X53.889 Y123.7 E.01859
G1 X37.489 Y107.3 E.76577
G1 X36.926 Y107.3 E.01859
G1 X53.326 Y123.7 E.76577
G1 X52.763 Y123.7 E.01859
G1 X36.363 Y107.3 E.76577
G1 X35.8 Y107.3 E.01859
G1 X52.2 Y123.7 E.76577
G1 X51.637 Y123.7 E.01859
G1 X35.237 Y107.3 E.76577
G1 X34.674 Y107.3 E.01859
G1 X51.074 Y123.7 E.76577
G1 X50.511 Y123.7 E.01859
G1 X34.3 Y107.489 E.75695
G1 X34.3 Y108.052 E.01859
G1 X49.948 Y123.7 E.73066
G1 X49.385 Y123.7 E.01859
G1 X34.3 Y108.615 E.70437
G1 X34.3 Y109.178 E.01859
G1 X48.822 Y123.7 E.67808
G1 X48.259 Y123.7 E.01859
G1 X34.3 Y109.741 E.65179
G1 X34.3 Y110.304 E.01859
G1 X47.696 Y123.7 E.62551
G1 X47.133 Y123.7 E.01859
G1 X34.3 Y110.867 E.59922
G1 X34.3 Y111.43 E.01859
G1 X46.57 Y123.7 E.57293
G1 X46.007 Y123.7 E.01859
G1 X34.3 Y111.993 E.54664
G1 X34.3 Y112.556 E.01859
G1 X45.444 Y123.7 E.52035
G1 X44.881 Y123.7 E.01859
G1 X34.3 Y113.119 E.49406
G1 X34.3 Y113.682 E.01859
G1 X44.318 Y123.7 E.46778
G1 X43.755 Y123.7 E.01859
G1 X34.3 Y114.245 E.44149
G1 X34.3 Y114.808 E.01859
G1 X43.192 Y123.7 E.4152
G1 X42.629 Y123.7 E.01859
G1 X34.3 Y115.371 E.38891
G1 X34.3 Y115.934 E.01859
G1 X42.066 Y123.7 E.36262
G1 X41.503 Y123.7 E.01859
G1 X34.3 Y116.497 E.33633
G1 X34.3 Y117.06 E.01859
G1 X40.94 Y123.7 E.31004
G1 X40.377 Y123.7 E.01859
G1 X34.3 Y117.623 E.28376
G1 X34.3 Y118.186 E.01859
G1 X39.814 Y123.7 E.25747
G1 X39.251 Y123.7 E.01859
G1 X34.3 Y118.749 E.23118
G1 X34.3 Y119.312 E.01859
G1 X38.688 Y123.7 E.20489
G1 X38.125 Y123.7 E.01859
G1 X34.3 Y119.875 E.1786
G1 X34.3 Y120.438 E.01859
G1 X37.562 Y123.7 E.15231
G1 X37 Y123.7 E.01856
G1 X34.3 Y121.001 E.12605
G1 X34.3 Y121.563 E.01856
G1 X36.437 Y123.7 E.09978
G1 X35.874 Y123.7 E.01859
G1 X34.3 Y122.126 E.0735
G1 X34.3 Y122.689 E.01859
G1 X35.311 Y123.7 E.04721
G1 X34.748 Y123.7 E.01859
G1 X34.121 Y123.074 E.02925
;LAYER_CHANGE
;Z:3
;HEIGHT:0.2
;BEFORE_LAYER_CHANGE
G92 E0
;3


G1 E-3.5 F3600
;WIPE_START
G1 F7200
G1 X34.748 Y123.7 E-.42085
G1 X35.311 Y123.7 E-.26743
G1 X34.3 Y122.689 E-.67914
G1 X34.3 Y122.41 E-.13258
;WIPE_END
G1 Z3 F9000
;AFTER_LAYER_CHANGE
;3
G1 X33.994 Y124.006
G1 E5 F2400
;TYPE:Perimeter
;WIDTH:0.439999
G1 X33.994 Y106.994 E.56169
G1 X65.724 Y106.994 E1.04764
G1 X67.687 Y107.533 E.06721
G1 X69.783 Y108.044 E.07123
G1 X71.905 Y108.5 E.07166
G1 X74.039 Y108.895 E.07166
G1 X76.183 Y109.231 E.07165
G1 X78.336 Y109.505 E.07166
G1 X80.496 Y109.719 E.07167
G1 X82.661 Y109.872 E.07166
G1 X84.83 Y109.964 E.07168
G1 X86.993 Y109.994 E.07142
G1 X144.007 Y109.994 E1.88245
G1 X146.17 Y109.964 E.07142
G1 X148.339 Y109.872 E.07168
G1 X150.504 Y109.719 E.07166
G1 X152.664 Y109.505 E.07167
G1 X154.817 Y109.231 E.07166
G1 X156.961 Y108.895 E.07165
G1 X159.095 Y108.5 E.07166
G1 X161.217 Y108.044 E.07166
G1 X163.326 Y107.529 E.07168
G1 X165.276 Y106.994 E.06676
G1 X197.006 Y106.994 E1.04764
G1 X197.006 Y124.006 E.56169
G1 X165.276 Y124.006 E1.04764
G1 X163.313 Y123.467 E.06721
G1 X161.217 Y122.956 E.07123
G1 X159.095 Y122.5 E.07166
G1 X156.961 Y122.105 E.07166
G1 X154.817 Y121.769 E.07165
G1 X152.664 Y121.495 E.07166
G1 X150.504 Y121.281 E.07167
G1 X148.339 Y121.128 E.07166
G1 X146.17 Y121.036 E.07168
G1 X144.007 Y121.006 E.07142
G1 X86.993 Y121.006 E1.88245
G1 X84.83 Y121.036 E.07142
G1 X82.661 Y121.128 E.07168
G1 X80.496 Y121.281 E.07166
G1 X78.336 Y121.495 E.07167
G1 X76.183 Y121.769 E.07166
G1 X74.039 Y122.105 E.07165
G1 X71.905 Y122.5 E.07166
G1 X69.783 Y122.956 E.07166
G1 X67.674 Y123.471 E.07168
G1 X65.724 Y124.006 E.06676
G1 X34.054 Y124.006 E1.04566
G1 X33.597 Y124.403 F9000
G1 F2400
G1 X33.597 Y106.597 E.58791
G1 X65.777 Y106.597 E1.0625
G1 X67.782 Y107.147 E.06865
G1 X69.871 Y107.657 E.071
G1 X71.983 Y108.111 E.07133
G1 X74.106 Y108.504 E.07129
G1 X76.239 Y108.837 E.07128
G1 X78.381 Y109.111 E.0713
G1 X80.53 Y109.323 E.0713
G1 X82.684 Y109.475 E.0713
G1 X84.841 Y109.567 E.07128
G1 X86.996 Y109.597 E.07116
G1 X144.004 Y109.597 E1.88225
G1 X146.159 Y109.567 E.07116
G1 X148.316 Y109.475 E.07128
G1 X150.47 Y109.323 E.0713
G1 X152.619 Y109.111 E.0713
G1 X154.761 Y108.837 E.0713
G1 X156.894 Y108.504 E.07128
G1 X159.017 Y108.111 E.07129
G1 X161.129 Y107.657 E.07133
G1 X163.226 Y107.145 E.07127
G1 X165.223 Y106.597 E.06837
G1 X197.403 Y106.597 E1.0625
G1 X197.403 Y124.403 E.58791
G1 X165.223 Y124.403 E1.0625
G1 X163.218 Y123.853 E.06865
G1 X161.129 Y123.343 E.071
G1 X159.018 Y122.889 E.07129
G1 X156.894 Y122.496 E.07132
G1 X154.761 Y122.163 E.07128
G1 X152.619 Y121.889 E.0713
G1 X150.47 Y121.677 E.0713
G1 X148.316 Y121.525 E.0713
G1 X146.159 Y121.433 E.07128
G1 X144.004 Y121.403 E.07116
G1 X86.996 Y121.403 E1.88225
G1 X84.841 Y121.433 E.07116
G1 X82.684 Y121.525 E.07128
G1 X80.53 Y121.677 E.0713
G1 X78.381 Y121.889 E.0713
G1 X76.239 Y122.163 E.0713
G1 X74.106 Y122.496 E.07128
G1 X71.983 Y122.889 E.07129
G1 X69.871 Y123.343 E.07133
G1 X67.774 Y123.855 E.07127
G1 X65.777 Y124.403 E.06837
G1 X33.657 Y124.403 E1.06051
G1 X33.21 Y124.79 F9000
;TYPE:External perimeter
;WIDTH:0.419999
G1 F1500
G1 X33.21 Y106.21 E.58256
G1 X65.829 Y106.21 E1.02274
G1 X67.874 Y106.771 E.06649
G1 X69.958 Y107.28 E.06726
G1 X72.058 Y107.731 E.06735
G1 X74.171 Y108.122 E.06738
G1 X76.293 Y108.454 E.06734
G1 X78.425 Y108.726 E.06739
G1 X80.562 Y108.938 E.06733
G1 X82.705 Y109.089 E.06736
G1 X84.852 Y109.18 E.06738
G1 X87 Y109.21 E.06736
G1 X144.003 Y109.21 E1.78729
G1 X146.148 Y109.18 E.06726
G1 X148.294 Y109.089 E.06735
G1 X150.438 Y108.938 E.06739
G1 X152.576 Y108.726 E.06736
G1 X154.707 Y108.454 E.06736
G1 X156.829 Y108.122 E.06734
G1 X158.942 Y107.731 E.06738
G1 X161.042 Y107.28 E.06735
G1 X163.129 Y106.77 E.06736
G1 X165.171 Y106.21 E.06639
G1 X197.79 Y106.21 E1.02274
G1 X197.79 Y124.79 E.58256
G1 X165.171 Y124.79 E1.02274
G1 X163.126 Y124.229 E.06649
G1 X161.042 Y123.72 E.06726
G1 X158.942 Y123.269 E.06735
G1 X156.829 Y122.878 E.06738
G1 X154.707 Y122.546 E.06734
G1 X152.576 Y122.274 E.06736
G1 X150.438 Y122.062 E.06736
G1 X148.295 Y121.911 E.06736
G1 X146.148 Y121.82 E.06738
G1 X144 Y121.79 E.06736
G1 X86.997 Y121.79 E1.78729
G1 X84.852 Y121.82 E.06726
G1 X82.705 Y121.911 E.06738
G1 X80.562 Y122.062 E.06736
G1 X78.425 Y122.274 E.06733
G1 X76.293 Y122.546 E.06739
G1 X74.171 Y122.878 E.06734
G1 X72.058 Y123.269 E.06738
G1 X69.958 Y123.72 E.06735
G1 X67.871 Y124.23 E.06736
G1 X65.829 Y124.79 E.06639
G1 X33.27 Y124.79 E1.02086
G1 X34.121 Y123.074 F9000
;TYPE:Internal infill
;WIDTH:0.44
G1 F3000
G1 X34.748 Y123.7 E.02925
G1 X35.311 Y123.7 E.01859
G1 X34.3 Y122.689 E.04721
G1 X34.3 Y122.126 E.01859
G1 X35.874 Y123.7 E.0735
G1 X36.437 Y123.7 E.01859
G1 X34.3 Y121.563 E.09978
G1 X34.3 Y121.001 E.01856
G1 X37 Y123.7 E.12605
G1 X37.562 Y123.7 E.01856
G1 X34.3 Y120.438 E.15231
G1 X34.3 Y119.875 E.01859
G1 X38.125 Y123.7 E.1786
G1 X38.688 Y123.7 E.01859
G1 X34.3 Y119.312 E.20489
G1 X34.3 Y118.749 E.01859
G1 X39.251 Y123.7 E.23118
G1 X39.814 Y123.7 E.01859
G1 X34.3 Y118.186 E.25747
G1 X34.3 Y117.623 E.01859
G1 X40.377 Y123.7 E.28376
G1 X40.94 Y123.7 E.01859
G1 X34.3 Y117.06 E.31004
G1 X34.3 Y116.497 E.01859
G1 X41.503 Y123.7 E.33633
G1 X42.066 Y123.7 E.01859
G1 X34.3 Y115.934 E.36262
G1 X34.3 Y115.371 E.01859
G1 X42.629 Y123.7 E.38891
G1 X43.192 Y123.7 E.01859
G1 X34.3 Y114.808 E.4152
G1 X34.3 Y114.245 E.01859
G1 X43.755 Y123.7 E.44149
G1 X44.318 Y123.7 E.01859
G1 X34.3 Y113.682 E.46778
G1 X34.3 Y113.119 E.01859
G1 X44.881 Y123.7 E.49406
G1 X45.444 Y123.7 E.01859
G1 X34.3 Y112.556 E.52035
G1 X34.3 Y111.993 E.01859
G1 X46.007 Y123.7 E.54664
G1 X46.57 Y123.7 E.01859
G1 X34.3 Y111.43 E.57293
G1 X34.3 Y110.867 E.01859
G1 X47.133 Y123.7 E.59922
G1 X47.696 Y123.7 E.01859
G1 X34.3 Y110.304 E.62551
G1 X34.3 Y109.741 E.01859
G1 X48.259 Y123.7 E.65179
G1 X48.822 Y123.7 E.01859
G1 X34.3 Y109.178 E.67808
G1 X34.3 Y108.615 E.01859
G1 X49.385 Y123.7 E.70437
G1 X49.948 Y123.7 E.01859
G1 X34.3 Y108.052 E.73066
G1 X34.3 Y107.489 E.01859
G1 X50.511 Y123.7 E.75695
G1 X51.074 Y123.7 E.01859
G1 X34.674 Y107.3 E.76577
G1 X35.237 Y107.3 E.01859
G1 X51.637 Y123.7 E.76577
G1 X52.2 Y123.7 E.01859
G1 X35.8 Y107.3 E.76577
G1 X36.363 Y107.3 E.01859
G1 X52.763 Y123.7 E.76577
G1 X53.326 Y123.7 E.01859
G1 X36.926 Y107.3 E.76577
G1 X37.489 Y107.3 E.01859
G1 X53.889 Y123.7 E.76577
G1 X54.452 Y123.7 E.01859
G1 X38.052 Y107.3 E.76577
G1 X38.615 Y107.3 E.01859
G1 X55.015 Y123.7 E.76577
G1 X55.578 Y123.7 E.01859
G1 X39.178 Y107.3 E.76577
G1 X39.741 Y107.3 E.01859
G1 X56.141 Y123.7 E.76577
G1 X56.704 Y123.7 E.01859
G1 X40.304 Y107.3 E.76577
G1 X40.867 Y107.3 E.01859
G1 X57.267 Y123.7 E.76577
G1 X57.83 Y123.7 E.01859
G1 X41.43 Y107.3 E.76577
G1 X41.993 Y107.3 E.01859
G1 X58.393 Y123.7 E.76577
G1 X58.956 Y123.7 E.01859
G1 X42.556 Y107.3 E.76577
G1 X43.119 Y107.3 E.01859
G1 X59.519 Y123.7 E.76577
G1 X60.082 Y123.7 E.01859
G1 X43.682 Y107.3 E.76577
G1 X44.245 Y107.3 E.01859
G1 X60.645 Y123.7 E.76577
G1 X61.208 Y123.7 E.01859
G1 X44.808 Y107.3 E.76577
G1 X45.371 Y107.3 E.01859
G1 X61.771 Y123.7 E.76577
G1 X62.334 Y123.7 E.01859
G1 X45.934 Y107.3 E.76577
G1 X46.497 Y107.3 E.01859
G1 X62.897 Y123.7 E.76577
G1 X63.46 Y123.7 E.01859
G1 X47.06 Y107.3 E.76577
G1 X47.623 Y107.3 E.01859
G1 X64.023 Y123.7 E.76577
G1 X64.586 Y123.7 E.01859
G1 X48.186 Y107.3 E.76577
G1 X48.749 Y107.3 E.01859
G1 X65.149 Y123.7 E.76577
G1 X65.706 Y123.694 E.01839
G1 X49.312 Y107.3 E.76549
G1 X49.875 Y107.3 E.01859
G1 X66.148 Y123.573 E.75984
G1 X66.589 Y123.451 E.01511
G1 X50.438 Y107.3 E.75415
G1 X51.001 Y107.3 E.01859
G1 X67.031 Y123.33 E.7485
G1 X67.473 Y123.209 E.01513
G1 X51.564 Y107.3 E.74285
G1 X52.127 Y107.3 E.01859
G1 X67.922 Y123.095 E.73752
G1 X68.375 Y122.985 E.01539
G1 X52.69 Y107.3 E.73239
G1 X53.253 Y107.3 E.01859
G1 X68.827 Y122.874 E.7272
G1 X69.28 Y122.764 E.01539
G1 X53.816 Y107.3 E.72207
G1 X54.379 Y107.3 E.01859
G1 X69.733 Y122.654 E.71693
G1 X70.196 Y122.554 E.01564
G1 X54.942 Y107.3 E.71226
G1 X55.505 Y107.3 E.01859
G1 X70.66 Y122.455 E.70764
G1 X71.123 Y122.355 E.01564
G1 X56.068 Y107.3 E.70297
G1 X56.631 Y107.3 E.01859
G1 X71.587 Y122.256 E.69835
G1 X72.055 Y122.162 E.01576
G1 X57.194 Y107.3 E.69394
G1 X57.757 Y107.3 E.01859
G1 X72.53 Y122.073 E.6898
G1 X73.005 Y121.985 E.01595
G1 X58.32 Y107.3 E.68569
G1 X58.883 Y107.3 E.01859
G1 X73.48 Y121.897 E.68159
G1 X73.955 Y121.809 E.01595
G1 X59.446 Y107.3 E.67748
G1 X60.009 Y107.3 E.01859
G1 X74.441 Y121.733 E.6739
G1 X74.928 Y121.656 E.01628
G1 X60.572 Y107.3 E.67033
G1 X61.135 Y107.3 E.01859
G1 X75.415 Y121.58 E.66678
G1 X75.902 Y121.504 E.01627
G1 X61.698 Y107.3 E.66323
G1 X62.261 Y107.3 E.01859
G1 X76.395 Y121.434 E.65997
G1 X76.894 Y121.371 E.01661
G1 X62.824 Y107.3 E.657
G1 X63.387 Y107.3 E.01859
G1 X77.394 Y121.307 E.65404
G1 X77.893 Y121.243 E.01661
G1 X63.95 Y107.3 E.65105
G1 X64.513 Y107.3 E.01859
G1 X78.395 Y121.182 E.6482
G1 X78.907 Y121.131 E.01699
G1 X65.076 Y107.3 E.64582
G1 X65.639 Y107.3 E.01859
G1 X79.419 Y121.081 E.64346
G1 X79.931 Y121.03 E.01699
G1 X66.398 Y107.496 E.63193
G1 X67.173 Y107.709 E.02654
G1 X80.444 Y120.979 E.61965
G1 X80.969 Y120.941 E.01738
G1 X67.936 Y107.908 E.60856
G1 X68.681 Y108.09 E.02532
G1 X81.495 Y120.904 E.59833
G1 X82.021 Y120.867 E.01741
G1 X69.426 Y108.272 E.5881
G1 X70.153 Y108.436 E.02461
G1 X82.547 Y120.83 E.57872
G1 X83.084 Y120.804 E.01775
G1 X70.87 Y108.59 E.57031
G1 X71.587 Y108.744 E.02421
G1 X83.624 Y120.782 E.56207
G1 X84.164 Y120.759 E.01785
G1 X72.287 Y108.881 E.5546
G1 X72.978 Y109.01 E.02321
G1 X84.705 Y120.736 E.54755
G1 X85.256 Y120.725 E.0182
G1 X73.67 Y109.138 E.54101
G1 X74.347 Y109.253 E.02267
G1 X85.811 Y120.717 E.53529
G1 X86.367 Y120.709 E.01836
G1 X75.015 Y109.357 E.53006
G1 X75.682 Y109.461 E.02229
G1 X86.922 Y120.701 E.52484
G1 X87.484 Y120.7 E.01856
G1 X76.343 Y109.559 E.52021
G1 X76.988 Y109.642 E.02147
G1 X88.047 Y120.7 E.51636
G1 X88.61 Y120.7 E.01859
G1 X77.633 Y109.724 E.51253
G1 X78.279 Y109.806 E.0215
G1 X89.173 Y120.7 E.50868
G1 X89.736 Y120.7 E.01859
G1 X78.904 Y109.868 E.50578
G1 X79.529 Y109.93 E.02074
G1 X90.299 Y120.7 E.50289
G1 X90.862 Y120.7 E.01859
G1 X80.154 Y109.992 E.49999
G1 X80.769 Y110.044 E.02038
G1 X91.425 Y120.7 E.49757
G1 X91.988 Y120.7 E.01859
G1 X81.375 Y110.087 E.49556
G1 X81.981 Y110.13 E.02006
G1 X92.551 Y120.7 E.49355
G1 X93.114 Y120.7 E.01859
G1 X82.587 Y110.173 E.49154
G1 X83.176 Y110.199 E.01947
G1 X93.677 Y120.7 E.49033
G1 X94.24 Y120.7 E.01859
G1 X83.764 Y110.224 E.48916
G1 X84.352 Y110.249 E.01943
G1 X94.803 Y120.7 E.48799
G1 X95.366 Y120.7 E.01859
G1 X84.936 Y110.27 E.48701
G1 X85.507 Y110.279 E.01886
G1 X95.929 Y120.7 E.48662
G1 X96.492 Y120.7 E.01859
G1 X86.078 Y110.287 E.48624
G1 X86.649 Y110.295 E.01885
G1 X97.055 Y120.7 E.48587
G1 X97.618 Y120.7 E.01859
G1 X87.217 Y110.3 E.48564
G1 X87.78 Y110.3 E.01859
G1 X98.181 Y120.7 E.48564
G1 X98.744 Y120.7 E.01859
G1 X88.343 Y110.3 E.48564
G1 X88.906 Y110.3 E.01859
G1 X99.306 Y120.7 E.48561
G1 X99.869 Y120.7 E.01859
G1 X89.469 Y110.3 E.48561
G1 X90.032 Y110.3 E.01859
G1 X100.432 Y120.7 E.48561
G1 X100.995 Y120.7 E.01859
G1 X90.595 Y110.3 E.48561
G1 X91.158 Y110.3 E.01859
G1 X101.558 Y120.7 E.48561
G1 X102.121 Y120.7 E.01859
G1 X91.721 Y110.3 E.48561
G1 X92.284 Y110.3 E.01859
G1 X102.684 Y120.7 E.48561
G1 X103.247 Y120.7 E.01859
G1 X92.847 Y110.3 E.48561
G1 X93.41 Y110.3 E.01859
G1 X103.81 Y120.7 E.48561
G1 X104.373 Y120.7 E.01859
G1 X93.973 Y110.3 E.48561
G1 X94.536 Y110.3 E.01859
G1 X104.936 Y120.7 E.48561
G1 X105.499 Y120.7 E.01859
G1 X95.099 Y110.3 E.48561
G1 X95.662 Y110.3 E.01859
G1 X106.062 Y120.7 E.48561
G1 X106.625 Y120.7 E.01859
G1 X96.225 Y110.3 E.48561
G1 X96.788 Y110.3 E.01859
G1 X107.188 Y120.7 E.48561
G1 X107.751 Y120.7 E.01859
G1 X97.351 Y110.3 E.48561
G1 X97.914 Y110.3 E.01859
G1 X108.314 Y120.7 E.48561
G1 X108.877 Y120.7 E.01859
G1 X98.477 Y110.3 E.48561
G1 X99.04 Y110.3 E.01859
G1 X109.44 Y120.7 E.48561
G1 X110.003 Y120.7 E.01859
G1 X99.603 Y110.3 E.48561
G1 X100.166 Y110.3 E.01859
G1 X110.566 Y120.7 E.48561
G1 X111.129 Y120.7 E.01859
G1 X100.729 Y110.3 E.48561
G1 X101.292 Y110.3 E.01859
G1 X111.692 Y120.7 E.48561
G1 X112.255 Y120.7 E.01859
G1 X101.855 Y110.3 E.48561
G1 X102.418 Y110.3 E.01859
G1 X112.818 Y120.7 E.48561
G1 X113.381 Y120.7 E.01859
G1 X102.981 Y110.3 E.48561
G1 X103.544 Y110.3 E.01859
G1 X113.944 Y120.7 E.48561
G1 X114.507 Y120.7 E.01859
G1 X104.107 Y110.3 E.48561
G1 X104.67 Y110.3 E.01859
G1 X115.07 Y120.7 E.48561
G1 X115.633 Y120.7 E.01859
G1 X105.233 Y110.3 E.48561
G1 X105.796 Y110.3 E.01859
G1 X116.196 Y120.7 E.48561
G1 X116.759 Y120.7 E.01859
G1 X106.359 Y110.3 E.48561
G1 X106.922 Y110.3 E.01859
G1 X117.322 Y120.7 E.48561
G1 X117.885 Y120.7 E.01859
G1 X107.485 Y110.3 E.48561
G1 X108.048 Y110.3 E.01859
G1 X118.448 Y120.7 E.48561
G1 X119.011 Y120.7 E.01859
G1 X108.611 Y110.3 E.48561
G1 X109.174 Y110.3 E.01859
G1 X119.574 Y120.7 E.48561
G1 X120.137 Y120.7 E.01859
G1 X109.737 Y110.3 E.48561
G1 X110.3 Y110.3 E.01859
G1 X120.7 Y120.7 E.48561
G1 X121.263 Y120.7 E.01859
G1 X110.863 Y110.3 E.48561
G1 X111.426 Y110.3 E.01859
G1 X121.826 Y120.7 E.48561
G1 X122.389 Y120.7 E.01859
G1 X111.989 Y110.3 E.48561
G1 X112.552 Y110.3 E.01859
G1 X122.952 Y120.7 E.48561
G1 X123.515 Y120.7 E.01859
G1 X113.115 Y110.3 E.48561
G1 X113.678 Y110.3 E.01859
G1 X124.078 Y120.7 E.48561
G1 X124.641 Y120.7 E.01859
G1 X114.241 Y110.3 E.48561
G1 X114.804 Y110.3 E.01859
G1 X125.204 Y120.7 E.48561
G1 X125.767 Y120.7 E.01859
G1 X115.367 Y110.3 E.48561
G1 X115.93 Y110.3 E.01859
G1 X126.33 Y120.7 E.48561
G1 X126.893 Y120.7 E.01859
G1 X116.493 Y110.3 E.48561
G1 X117.056 Y110.3 E.01859
G1 X127.456 Y120.7 E.48561
G1 X128.019 Y120.7 E.01859
G1 X117.619 Y110.3 E.48561
G1 X118.182 Y110.3 E.01859
G1 X128.582 Y120.7 E.48561
G1 X129.145 Y120.7 E.01859
G1 X118.745 Y110.3 E.48561
G1 X119.308 Y110.3 E.01859
G1 X129.708 Y120.7 E.48561
G1 X130.271 Y120.7 E.01859
G1 X119.871 Y110.3 E.48561
G1 X120.434 Y110.3 E.01859
G1 X130.834 Y120.7 E.48561
G1 X131.397 Y120.7 E.01859
G1 X120.997 Y110.3 E.48561
G1 X121.56 Y110.3 E.01859
G1 X131.96 Y120.7 E.48561
G1 X132.523 Y120.7 E.01859
G1 X122.123 Y110.3 E.48561
G1 X122.686 Y110.3 E.01859
G1 X133.086 Y120.7 E.48561
G1 X133.649 Y120.7 E.01859
G1 X123.249 Y110.3 E.48561
G1 X123.812 Y110.3 E.01859
G1 X134.212 Y120.7 E.48561
G1 X134.775 Y120.7 E.01859
G1 X124.375 Y110.3 E.48561
G1 X124.938 Y110.3 E.01859
G1 X135.338 Y120.7 E.48561
G1 X135.901 Y120.7 E.01859
G1 X125.501 Y110.3 E.48561
G1 X126.064 Y110.3 E.01859
G1 X136.464 Y120.7 E.48561
G1 X137.027 Y120.7 E.01859
G1 X126.627 Y110.3 E.48561
G1 X127.19 Y110.3 E.01859
G1 X137.59 Y120.7 E.48561
G1 X138.153 Y120.7 E.01859
G1 X127.753 Y110.3 E.48561
G1 X128.316 Y110.3 E.01859
G1 X138.716 Y120.7 E.48561
G1 X139.279 Y120.7 E.01859
G1 X128.879 Y110.3 E.48561
G1 X129.442 Y110.3 E.01859
G1 X139.842 Y120.7 E.48561
G1 X140.405 Y120.7 E.01859
G1 X130.005 Y110.3 E.48561
G1 X130.568 Y110.3 E.01859
G1 X140.968 Y120.7 E.48561
G1 X141.531 Y120.7 E.01859
G1 X131.131 Y110.3 E.48561
G1 X131.694 Y110.3 E.01859
G1 X142.094 Y120.7 E.48561
G1 X142.657 Y120.7 E.01859
G1 X132.257 Y110.3 E.48561
G1 X132.82 Y110.3 E.01859
G1 X143.22 Y120.7 E.48561
G1 X143.783 Y120.7 E.01859
G1 X133.383 Y110.3 E.48561
G1 X133.946 Y110.3 E.01859
G1 X144.351 Y120.705 E.48585
G1 X144.922 Y120.713 E.01885
G1 X134.509 Y110.3 E.48622
G1 X135.072 Y110.3 E.01859
G1 X145.493 Y120.721 E.48659
G1 X146.064 Y120.73 E.01886
G1 X135.635 Y110.3 E.48699
G1 X136.198 Y110.3 E.01859
G1 X146.648 Y120.751 E.48797
G1 X147.236 Y120.776 E.01943
G1 X136.761 Y110.3 E.48914
G1 X137.324 Y110.3 E.01859
G1 X147.824 Y120.801 E.49031
G1 X148.414 Y120.827 E.0195
G1 X137.887 Y110.3 E.49154
G1 X138.45 Y110.3 E.01859
G1 X149.019 Y120.87 E.49353
G1 X149.625 Y120.913 E.02006
G1 X139.013 Y110.3 E.49553
G1 X139.576 Y110.3 E.01859
G1 X150.231 Y120.956 E.49754
G1 X150.846 Y121.008 E.02038
G1 X140.139 Y110.3 E.49997
G1 X140.702 Y110.3 E.01859
G1 X151.471 Y121.07 E.50287
G1 X152.096 Y121.132 E.02074
G1 X141.265 Y110.3 E.50576
G1 X141.828 Y110.3 E.01859
G1 X152.721 Y121.194 E.50866
G1 X153.367 Y121.276 E.0215
G1 X142.39 Y110.3 E.51253
G1 X142.953 Y110.3 E.01859
G1 X154.012 Y121.358 E.51636
G1 X154.657 Y121.441 E.02147
G1 X143.516 Y110.3 E.52021
G1 X144.078 Y110.299 E.01856
G1 X155.318 Y121.539 E.52484
G1 X155.986 Y121.643 E.02232
G1 X144.634 Y110.291 E.53006
G1 X145.189 Y110.283 E.01833
G1 X156.653 Y121.747 E.53529
G1 X157.331 Y121.862 E.02271
G1 X145.744 Y110.275 E.54104
G1 X146.295 Y110.264 E.0182
G1 X158.022 Y121.99 E.54755
G1 X158.713 Y122.119 E.02321
G1 X146.836 Y110.241 E.5546
G1 X147.376 Y110.218 E.01785
G1 X159.413 Y122.256 E.56207
G1 X160.13 Y122.41 E.02421
G1 X147.916 Y110.196 E.57031
G1 X148.453 Y110.17 E.01775
G1 X160.847 Y122.564 E.57872
G1 X161.574 Y122.728 E.02461
G1 X148.979 Y110.133 E.5881
G1 X149.505 Y110.096 E.01741
G1 X162.319 Y122.91 E.59833
G1 X163.064 Y123.092 E.02532
G1 X150.031 Y110.059 E.60856
G1 X150.556 Y110.021 E.01738
G1 X163.827 Y123.291 E.61965
G1 X164.603 Y123.504 E.02657
G1 X151.068 Y109.97 E.63197
G1 X151.581 Y109.919 E.01702
G1 X165.362 Y123.7 E.64348
G1 X165.925 Y123.7 E.01859
G1 X152.093 Y109.869 E.64584
G1 X152.605 Y109.818 E.01699
G1 X166.488 Y123.7 E.64822
G1 X167.051 Y123.7 E.01859
G1 X153.107 Y109.757 E.65107
G1 X153.606 Y109.693 E.01661
G1 X167.613 Y123.7 E.65404
G1 X168.176 Y123.7 E.01859
G1 X154.106 Y109.629 E.657
G1 X154.605 Y109.566 E.01661
G1 X168.739 Y123.7 E.65997
G1 X169.302 Y123.7 E.01859
G1 X155.098 Y109.496 E.66323
G1 X155.585 Y109.42 E.01627
G1 X169.865 Y123.7 E.66678
G1 X170.428 Y123.7 E.01859
G1 X156.072 Y109.344 E.67033
G1 X156.559 Y109.267 E.01628
G1 X170.991 Y123.7 E.6739
G1 X171.554 Y123.7 E.01859
G1 X157.045 Y109.191 E.67748
G1 X157.52 Y109.103 E.01595
G1 X172.117 Y123.7 E.68159
G1 X172.68 Y123.7 E.01859
G1 X157.995 Y109.015 E.68569
G1 X158.47 Y108.927 E.01595
G1 X173.243 Y123.7 E.6898
G1 X173.806 Y123.7 E.01859
G1 X158.945 Y108.838 E.69394
G1 X159.414 Y108.744 E.01579
G1 X174.369 Y123.7 E.69832
G1 X174.932 Y123.7 E.01859
G1 X159.877 Y108.645 E.70297
G1 X160.34 Y108.545 E.01564
G1 X175.495 Y123.7 E.70764
G1 X176.058 Y123.7 E.01859
G1 X160.804 Y108.446 E.71226
G1 X161.267 Y108.346 E.01564
G1 X176.621 Y123.7 E.71693
G1 X177.184 Y123.7 E.01859
G1 X161.721 Y108.236 E.72205
G1 X162.173 Y108.126 E.01536
G1 X177.747 Y123.7 E.7272
G1 X178.31 Y123.7 E.01859
G1 X162.625 Y108.015 E.73239
G1 X163.078 Y107.905 E.01539
G1 X178.873 Y123.7 E.73752
G1 X179.436 Y123.7 E.01859
G1 X163.527 Y107.791 E.74285
G1 X163.969 Y107.67 E.01513
G1 X179.999 Y123.7 E.7485
G1 X180.562 Y123.7 E.01859
G1 X164.411 Y107.549 E.75415
G1 X164.853 Y107.427 E.01514
G1 X181.125 Y123.7 E.75982
G1 X181.688 Y123.7 E.01859
G1 X165.294 Y107.306 E.76549
G1 X165.851 Y107.3 E.01839
G1 X182.251 Y123.7 E.76577
G1 X182.814 Y123.7 E.01859
G1 X166.414 Y107.3 E.76577
G1 X166.977 Y107.3 E.01859
G1 X183.377 Y123.7 E.76577
G1 X183.94 Y123.7 E.01859
G1 X167.54 Y107.3 E.76577
G1 X168.103 Y107.3 E.01859
G1 X184.503 Y123.7 E.76577
G1 X185.066 Y123.7 E.01859
G1 X168.666 Y107.3 E.76577
G1 X169.229 Y107.3 E.01859
G1 X185.629 Y123.7 E.76577
G1 X186.192 Y123.7 E.01859
G1 X169.792 Y107.3 E.76577
G1 X170.355 Y107.3 E.01859
G1 X186.755 Y123.7 E.76577
G1 X187.318 Y123.7 E.01859
G1 X170.918 Y107.3 E.76577
G1 X171.481 Y107.3 E.01859
G1 X187.881 Y123.7 E.76577
G1 X188.444 Y123.7 E.01859
G1 X172.044 Y107.3 E.76577
G1 X172.607 Y107.3 E.01859
G1 X189.007 Y123.7 E.76577
G1 X189.57 Y123.7 E.01859
G1 X173.17 Y107.3 E.76577
G1 X173.733 Y107.3 E.01859
G1 X190.133 Y123.7 E.76577
G1 X190.696 Y123.7 E.01859
G1 X174.296 Y107.3 E.76577
G1 X174.859 Y107.3 E.01859
G1 X191.259 Y123.7 E.76577
G1 X191.822 Y123.7 E.01859
G1 X175.422 Y107.3 E.76577
G1 X175.985 Y107.3 E.01859
G1 X192.385 Y123.7 E.76577
G1 X192.948 Y123.7 E.01859
G1 X176.548 Y107.3 E.76577
G1 X177.111 Y107.3 E.01859
G1 X193.511 Y123.7 E.76577
G1 X194.074 Y123.7 E.01859
G1 X177.674 Y107.3 E.76577
G1 X178.237 Y107.3 E.01859
G1 X194.637 Y123.7 E.76577
G1 X195.2 Y123.7 E.01859
G1 X178.8 Y107.3 E.76577
G1 X179.363 Y107.3 E.01859
G1 X195.763 Y123.7 E.76577
G1 X196.326 Y123.7 E.01859
G1 X179.926 Y107.3 E.76577
G1 X180.489 Y107.3 E.01859
G1 X196.7 Y123.511 E.75695
G1 X196.7 Y122.948 E.01859
G1 X181.052 Y107.3 E.73066
G1 X181.615 Y107.3 E.01859
G1 X196.7 Y122.385 E.70437
G1 X196.7 Y121.822 E.01859
G1 X182.178 Y107.3 E.67808
G1 X182.741 Y107.3 E.01859
G1 X196.7 Y121.259 E.65179
G1 X196.7 Y120.696 E.01859
G1 X183.304 Y107.3 E.62551
G1 X183.867 Y107.3 E.01859
G1 X196.7 Y120.133 E.59922
G1 X196.7 Y119.57 E.01859
G1 X184.43 Y107.3 E.57293
G1 X184.993 Y107.3 E.01859
G1 X196.7 Y119.007 E.54664
G1 X196.7 Y118.444 E.01859
G1 X185.556 Y107.3 E.52035
G1 X186.119 Y107.3 E.01859
G1 X196.7 Y117.881 E.49406
G1 X196.7 Y117.318 E.01859
G1 X186.682 Y107.3 E.46778
G1 X187.245 Y107.3 E.01859
G1 X196.7 Y116.755 E.44149
G1 X196.7 Y116.192 E.01859
G1 X187.808 Y107.3 E.4152
G1 X188.371 Y107.3 E.01859
G1 X196.7 Y115.629 E.38891
G1 X196.7 Y115.066 E.01859
G1 X188.934 Y107.3 E.36262
G1 X189.497 Y107.3 E.01859
G1 X196.7 Y114.503 E.33633
G1 X196.7 Y113.94 E.01859
G1 X190.06 Y107.3 E.31004
G1 X190.623 Y107.3 E.01859
G1 X196.7 Y113.377 E.28376
G1 X196.7 Y112.814 E.01859
G1 X191.186 Y107.3 E.25747
G1 X191.749 Y107.3 E.01859
G1 X196.7 Y112.251 E.23118
G1 X196.7 Y111.688 E.01859
G1 X192.312 Y107.3 E.20489
G1 X192.875 Y107.3 E.01859
G1 X196.7 Y111.125 E.1786
G1 X196.7 Y110.562 E.01859
G1 X193.438 Y107.3 E.15231
G1 X194.001 Y107.3 E.01859
G1 X196.7 Y109.999 E.12603
G1 X196.7 Y109.436 E.01859
G1 X194.564 Y107.3 E.09974
G1 X195.127 Y107.3 E.01859
G1 X196.7 Y108.873 E.07345
G1 X196.7 Y108.31 E.01859
G1 X195.69 Y107.3 E.04716
G1 X196.253 Y107.3 E.01859
G1 X196.879 Y107.926 E.02923
;LAYER_CHANGE
;Z:3.2
;HEIGHT:0.2
;BEFORE_LAYER_CHANGE
G92 E0
;3.2


G1 E-3.5 F3600
;WIPE_START
G1 F7200
G1 X196.253 Y107.3 E-.42052
G1 X195.69 Y107.3 E-.26743
G1 X196.7 Y108.31 E-.67847
G1 X196.7 Y108.591 E-.13358
;WIPE_END
G1 Z3.2 F9000
;AFTER_LAYER_CHANGE
;3.2
G1 X197.206 Y106.994
G1 E5 F2400
;TYPE:Perimeter
;WIDTH:0.439999
G1 X197.206 Y124.006 E.56169
G1 X165.476 Y124.006 E1.04764
G1 X163.513 Y123.467 E.06721
G1 X161.417 Y122.956 E.07123
G1 X159.295 Y122.5 E.07166
G1 X157.161 Y122.105 E.07166
G1 X155.017 Y121.769 E.07165
G1 X152.864 Y121.495 E.07166
G1 X150.704 Y121.281 E.07167
G1 X148.539 Y121.128 E.07166
G1 X146.37 Y121.036 E.07168
G1 X144.207 Y121.006 E.07142
G1 X87.193 Y121.006 E1.88245
G1 X85.03 Y121.036 E.07142
G1 X82.861 Y121.128 E.07168
G1 X80.696 Y121.281 E.07166
G1 X78.536 Y121.495 E.07167
G1 X76.383 Y121.769 E.07166
G1 X74.558 Y122.055 E.06099
G1 X72.106 Y122.5 E.08228
G1 X69.983 Y122.956 E.07169
G1 X67.874 Y123.471 E.07168
G1 X65.924 Y124.006 E.06676
G1 X34.194 Y124.006 E1.04764
G1 X34.194 Y106.994 E.56169
G1 X65.924 Y106.994 E1.04764
G1 X67.887 Y107.533 E.06721
G1 X69.983 Y108.044 E.07123
G1 X72.105 Y108.5 E.07166
G1 X74.239 Y108.895 E.07166
G1 X76.383 Y109.231 E.07165
G1 X78.536 Y109.505 E.07166
G1 X80.696 Y109.719 E.07167
G1 X82.861 Y109.872 E.07166
G1 X85.03 Y109.964 E.07168
G1 X87.193 Y109.994 E.07142
G1 X144.207 Y109.994 E1.88245
G1 X146.37 Y109.964 E.07142
G1 X148.539 Y109.872 E.07168
G1 X150.704 Y109.719 E.07166
G1 X152.864 Y109.505 E.07167
G1 X155.017 Y109.231 E.07166
G1 X157.161 Y108.895 E.07165
G1 X159.295 Y108.5 E.07166
G1 X161.417 Y108.044 E.07166
G1 X163.526 Y107.529 E.07168
G1 X165.476 Y106.994 E.06676
G1 X197.146 Y106.994 E1.04566
G1 X197.603 Y106.597 F9000
G1 F2400
G1 X197.603 Y124.403 E.58791
G1 X165.423 Y124.403 E1.0625
G1 X163.418 Y123.853 E.06865
G1 X161.329 Y123.343 E.071
G1 X159.218 Y122.889 E.07129
G1 X157.094 Y122.496 E.07132
G1 X154.961 Y122.163 E.07128
G1 X152.819 Y121.889 E.0713
G1 X150.67 Y121.677 E.0713
G1 X148.516 Y121.525 E.0713
G1 X146.359 Y121.433 E.07128
G1 X144.204 Y121.403 E.07116
G1 X87.196 Y121.403 E1.88225
G1 X85.041 Y121.433 E.07116
G1 X82.884 Y121.525 E.07128
G1 X80.73 Y121.677 E.0713
G1 X78.581 Y121.889 E.0713
G1 X76.439 Y122.163 E.0713
G1 X74.624 Y122.446 E.06065
G1 X72.184 Y122.889 E.08188
G1 X70.071 Y123.343 E.07136
G1 X67.974 Y123.855 E.07127
G1 X65.977 Y124.403 E.06837
G1 X33.797 Y124.403 E1.0625
G1 X33.797 Y106.597 E.58791
G1 X65.977 Y106.597 E1.0625
G1 X67.982 Y107.147 E.06865
G1 X70.071 Y107.657 E.071
G1 X72.183 Y108.111 E.07133
G1 X74.306 Y108.504 E.07129
G1 X76.439 Y108.837 E.07128
G1 X78.581 Y109.111 E.0713
G1 X80.73 Y109.323 E.0713
G1 X82.884 Y109.475 E.0713
G1 X85.041 Y109.567 E.07128
G1 X87.196 Y109.597 E.07116
G1 X144.204 Y109.597 E1.88225
G1 X146.359 Y109.567 E.07116
G1 X148.516 Y109.475 E.07128
G1 X150.67 Y109.323 E.0713
G1 X152.819 Y109.111 E.0713
G1 X154.961 Y108.837 E.0713
G1 X157.094 Y108.504 E.07128
G1 X159.217 Y108.111 E.07129
G1 X161.329 Y107.657 E.07133
G1 X163.426 Y107.145 E.07127
G1 X165.423 Y106.597 E.06837
G1 X197.543 Y106.597 E1.06051
G1 X197.99 Y106.21 F9000
;TYPE:External perimeter
;WIDTH:0.419999
G1 F1500
G1 X197.99 Y124.79 E.58256
G1 X165.371 Y124.79 E1.02274
G1 X163.326 Y124.229 E.06649
G1 X161.242 Y123.72 E.06726
G1 X159.142 Y123.269 E.06735
G1 X157.029 Y122.878 E.06738
G1 X154.907 Y122.546 E.06734
G1 X152.776 Y122.274 E.06736
G1 X150.638 Y122.062 E.06736
G1 X148.495 Y121.911 E.06736
G1 X146.348 Y121.82 E.06738
G1 X144.2 Y121.79 E.06736
G1 X87.197 Y121.79 E1.78729
G1 X85.052 Y121.82 E.06726
G1 X82.905 Y121.911 E.06738
G1 X80.762 Y122.062 E.06736
G1 X78.625 Y122.274 E.06733
G1 X76.493 Y122.546 E.06739
G1 X74.689 Y122.828 E.05725
G1 X72.259 Y123.269 E.07744
G1 X70.158 Y123.72 E.06738
G1 X68.071 Y124.23 E.06736
G1 X66.029 Y124.79 E.06639
G1 X33.41 Y124.79 E1.02274
G1 X33.41 Y106.21 E.58256
G1 X66.029 Y106.21 E1.02274
G1 X68.074 Y106.771 E.06649
G1 X70.158 Y107.28 E.06726
G1 X72.258 Y107.731 E.06735
G1 X74.371 Y108.122 E.06738
G1 X76.493 Y108.454 E.06734
G1 X78.624 Y108.726 E.06736
G1 X80.762 Y108.938 E.06736
G1 X82.905 Y109.089 E.06736
G1 X85.052 Y109.18 E.06738
G1 X87.2 Y109.21 E.06736
G1 X144.203 Y109.21 E1.78729
G1 X146.348 Y109.18 E.06726
G1 X148.495 Y109.089 E.06738
G1 X150.638 Y108.938 E.06736
G1 X152.776 Y108.726 E.06736
G1 X154.907 Y108.454 E.06736
G1 X157.029 Y108.122 E.06734
G1 X159.142 Y107.731 E.06738
G1 X161.242 Y107.28 E.06735
G1 X163.329 Y106.77 E.06736
G1 X165.371 Y106.21 E.06639
G1 X197.93 Y106.21 E1.02086
G1 X197.079 Y107.926 F9000
;TYPE:Internal infill
;WIDTH:0.44
G1 F3000
G1 X196.453 Y107.3 E.02923
G1 X195.89 Y107.3 E.01859
G1 X196.9 Y108.31 E.04716
G1 X196.9 Y108.873 E.01859
G1 X195.327 Y107.3 E.07345
G1 X194.764 Y107.3 E.01859
G1 X196.9 Y109.436 E.09974
G1 X196.9 Y109.999 E.01859
G1 X194.201 Y107.3 E.12603
G1 X193.638 Y107.3 E.01859
G1 X196.9 Y110.562 E.15231
G1 X196.9 Y111.125 E.01859
G1 X193.075 Y107.3 E.1786
G1 X192.512 Y107.3 E.01859
G1 X196.9 Y111.688 E.20489
G1 X196.9 Y112.251 E.01859
G1 X191.949 Y107.3 E.23118
G1 X191.386 Y107.3 E.01859
G1 X196.9 Y112.814 E.25747
G1 X196.9 Y113.377 E.01859
G1 X190.823 Y107.3 E.28376
G1 X190.26 Y107.3 E.01859
G1 X196.9 Y113.94 E.31004
G1 X196.9 Y114.503 E.01859
G1 X189.697 Y107.3 E.33633
G1 X189.134 Y107.3 E.01859
G1 X196.9 Y115.066 E.36262
G1 X196.9 Y115.629 E.01859
G1 X188.571 Y107.3 E.38891
G1 X188.008 Y107.3 E.01859
G1 X196.9 Y116.192 E.4152
G1 X196.9 Y116.755 E.01859
G1 X187.445 Y107.3 E.44149
G1 X186.882 Y107.3 E.01859
G1 X196.9 Y117.318 E.46778
G1 X196.9 Y117.881 E.01859
G1 X186.319 Y107.3 E.49406
G1 X185.756 Y107.3 E.01859
G1 X196.9 Y118.444 E.52035
G1 X196.9 Y119.007 E.01859
G1 X185.193 Y107.3 E.54664
G1 X184.63 Y107.3 E.01859
G1 X196.9 Y119.57 E.57293
G1 X196.9 Y120.133 E.01859
G1 X184.067 Y107.3 E.59922
G1 X183.504 Y107.3 E.01859
G1 X196.9 Y120.696 E.62551
G1 X196.9 Y121.259 E.01859
G1 X182.941 Y107.3 E.65179
G1 X182.378 Y107.3 E.01859
G1 X196.9 Y121.822 E.67808
G1 X196.9 Y122.385 E.01859
G1 X181.815 Y107.3 E.70437
G1 X181.252 Y107.3 E.01859
G1 X196.9 Y122.948 E.73066
G1 X196.9 Y123.511 E.01859
G1 X180.689 Y107.3 E.75695
G1 X180.126 Y107.3 E.01859
G1 X196.526 Y123.7 E.76577
G1 X195.963 Y123.7 E.01859
G1 X179.563 Y107.3 E.76577
G1 X179 Y107.3 E.01859
G1 X195.4 Y123.7 E.76577
G1 X194.837 Y123.7 E.01859
G1 X178.437 Y107.3 E.76577
G1 X177.874 Y107.3 E.01859
G1 X194.274 Y123.7 E.76577
G1 X193.711 Y123.7 E.01859
G1 X177.311 Y107.3 E.76577
G1 X176.748 Y107.3 E.01859
G1 X193.148 Y123.7 E.76577
G1 X192.585 Y123.7 E.01859
G1 X176.185 Y107.3 E.76577
G1 X175.622 Y107.3 E.01859
G1 X192.022 Y123.7 E.76577
G1 X191.459 Y123.7 E.01859
G1 X175.059 Y107.3 E.76577
G1 X174.496 Y107.3 E.01859
G1 X190.896 Y123.7 E.76577
G1 X190.333 Y123.7 E.01859
G1 X173.933 Y107.3 E.76577
G1 X173.37 Y107.3 E.01859
G1 X189.77 Y123.7 E.76577
G1 X189.207 Y123.7 E.01859
G1 X172.807 Y107.3 E.76577
G1 X172.244 Y107.3 E.01859
G1 X188.644 Y123.7 E.76577
G1 X188.081 Y123.7 E.01859
G1 X171.681 Y107.3 E.76577
G1 X171.118 Y107.3 E.01859
G1 X187.518 Y123.7 E.76577
G1 X186.955 Y123.7 E.01859
G1 X170.555 Y107.3 E.76577
G1 X169.992 Y107.3 E.01859
G1 X186.392 Y123.7 E.76577
G1 X185.829 Y123.7 E.01859
G1 X169.429 Y107.3 E.76577
G1 X168.866 Y107.3 E.01859
G1 X185.266 Y123.7 E.76577
G1 X184.703 Y123.7 E.01859
G1 X168.303 Y107.3 E.76577
G1 X167.74 Y107.3 E.01859
G1 X184.14 Y123.7 E.76577
G1 X183.577 Y123.7 E.01859
G1 X167.177 Y107.3 E.76577
G1 X166.614 Y107.3 E.01859
G1 X183.014 Y123.7 E.76577
G1 X182.451 Y123.7 E.01859
G1 X166.051 Y107.3 E.76577
G1 X165.494 Y107.306 E.01839
G1 X181.888 Y123.7 E.76549
G1 X181.325 Y123.7 E.01859
G1 X165.053 Y107.427 E.75982
G1 X164.611 Y107.549 E.01514
G1 X180.762 Y123.7 E.75415
G1 X180.199 Y123.7 E.01859
G1 X164.169 Y107.67 E.7485
G1 X163.727 Y107.791 E.01513
G1 X179.636 Y123.7 E.74285
G1 X179.073 Y123.7 E.01859
G1 X163.278 Y107.905 E.73752
G1 X162.825 Y108.015 E.01539
G1 X178.51 Y123.7 E.73239
G1 X177.947 Y123.7 E.01859
G1 X162.373 Y108.126 E.7272
G1 X161.921 Y108.236 E.01536
G1 X177.384 Y123.7 E.72205
G1 X176.821 Y123.7 E.01859
G1 X161.467 Y108.346 E.71693
G1 X161.004 Y108.446 E.01564
G1 X176.258 Y123.7 E.71226
G1 X175.695 Y123.7 E.01859
G1 X160.54 Y108.545 E.70764
G1 X160.077 Y108.645 E.01564
G1 X175.132 Y123.7 E.70297
G1 X174.569 Y123.7 E.01859
G1 X159.614 Y108.744 E.69832
G1 X159.145 Y108.838 E.01579
G1 X174.006 Y123.7 E.69394
G1 X173.443 Y123.7 E.01859
G1 X158.67 Y108.927 E.6898
G1 X158.195 Y109.015 E.01595
G1 X172.88 Y123.7 E.68569
G1 X172.317 Y123.7 E.01859
G1 X157.72 Y109.103 E.68159
G1 X157.245 Y109.191 E.01595
G1 X171.754 Y123.7 E.67748
G1 X171.191 Y123.7 E.01859
G1 X156.759 Y109.267 E.6739
G1 X156.272 Y109.344 E.01628
G1 X170.628 Y123.7 E.67033
G1 X170.065 Y123.7 E.01859
G1 X155.785 Y109.42 E.66678
G1 X155.298 Y109.496 E.01627
G1 X169.502 Y123.7 E.66323
G1 X168.939 Y123.7 E.01859
G1 X154.805 Y109.566 E.65997
G1 X154.306 Y109.629 E.01661
G1 X168.376 Y123.7 E.657
G1 X167.813 Y123.7 E.01859
G1 X153.806 Y109.693 E.65404
G1 X153.307 Y109.757 E.01661
G1 X167.251 Y123.7 E.65107
G1 X166.688 Y123.7 E.01859
G1 X152.805 Y109.818 E.64822
G1 X152.293 Y109.869 E.01699
G1 X166.125 Y123.7 E.64584
G1 X165.562 Y123.7 E.01859
G1 X151.781 Y109.919 E.64348
G1 X151.269 Y109.97 E.01699
G1 X164.803 Y123.504 E.63195
G1 X164.027 Y123.291 E.02657
G1 X150.756 Y110.021 E.61965
G1 X150.231 Y110.059 E.01738
G1 X163.264 Y123.092 E.60856
G1 X162.519 Y122.91 E.02532
G1 X149.705 Y110.096 E.59833
G1 X149.179 Y110.133 E.01741
G1 X161.774 Y122.728 E.5881
G1 X161.047 Y122.564 E.02461
G1 X148.653 Y110.17 E.57872
G1 X148.116 Y110.196 E.01775
G1 X160.33 Y122.41 E.57031
G1 X159.613 Y122.256 E.02421
G1 X147.576 Y110.218 E.56207
G1 X147.036 Y110.241 E.01785
G1 X158.913 Y122.119 E.5546
G1 X158.222 Y121.99 E.02321
G1 X146.495 Y110.264 E.54755
G1 X145.944 Y110.275 E.0182
G1 X157.531 Y121.862 E.54104
G1 X156.853 Y121.747 E.02271
G1 X145.389 Y110.283 E.53529
G1 X144.834 Y110.291 E.01833
G1 X156.186 Y121.643 E.53006
G1 X155.518 Y121.539 E.02232
G1 X144.278 Y110.299 E.52484
G1 X143.716 Y110.3 E.01856
G1 X154.857 Y121.441 E.52021
G1 X154.212 Y121.358 E.02147
G1 X143.153 Y110.3 E.51636
G1 X142.59 Y110.3 E.01859
G1 X153.567 Y121.276 E.51253
G1 X152.921 Y121.194 E.0215
G1 X142.027 Y110.3 E.50868
G1 X141.465 Y110.3 E.01856
G1 X152.296 Y121.132 E.50576
G1 X151.671 Y121.07 E.02074
G1 X140.902 Y110.3 E.50287
G1 X140.339 Y110.3 E.01859
G1 X151.046 Y121.008 E.49997
G1 X150.431 Y120.956 E.02038
G1 X139.776 Y110.3 E.49754
G1 X139.213 Y110.3 E.01859
G1 X149.825 Y120.913 E.49553
G1 X149.219 Y120.87 E.02006
G1 X138.65 Y110.3 E.49353
G1 X138.087 Y110.3 E.01859
G1 X148.614 Y120.827 E.49154
G1 X148.024 Y120.801 E.0195
G1 X137.524 Y110.3 E.49031
G1 X136.961 Y110.3 E.01859
G1 X147.436 Y120.776 E.48914
G1 X146.848 Y120.751 E.01943
G1 X136.398 Y110.3 E.48797
G1 X135.835 Y110.3 E.01859
G1 X146.264 Y120.73 E.48699
G1 X145.693 Y120.721 E.01886
G1 X135.272 Y110.3 E.48659
G1 X134.709 Y110.3 E.01859
G1 X145.122 Y120.713 E.48622
G1 X144.551 Y120.705 E.01885
G1 X134.146 Y110.3 E.48585
G1 X133.583 Y110.3 E.01859
G1 X143.983 Y120.7 E.48561
G1 X143.42 Y120.7 E.01859
G1 X133.02 Y110.3 E.48561
G1 X132.457 Y110.3 E.01859
G1 X142.857 Y120.7 E.48561
G1 X142.294 Y120.7 E.01859
G1 X131.894 Y110.3 E.48561
G1 X131.331 Y110.3 E.01859
G1 X141.731 Y120.7 E.48561
G1 X141.168 Y120.7 E.01859
G1 X130.768 Y110.3 E.48561
G1 X130.205 Y110.3 E.01859
G1 X140.605 Y120.7 E.48561
G1 X140.042 Y120.7 E.01859
G1 X129.642 Y110.3 E.48561
G1 X129.079 Y110.3 E.01859
G1 X139.479 Y120.7 E.48561
G1 X138.916 Y120.7 E.01859
G1 X128.516 Y110.3 E.48561
G1 X127.953 Y110.3 E.01859
G1 X138.353 Y120.7 E.48561
G1 X137.79 Y120.7 E.01859
G1 X127.39 Y110.3 E.48561
G1 X126.827 Y110.3 E.01859
G1 X137.227 Y120.7 E.48561
G1 X136.664 Y120.7 E.01859
G1 X126.264 Y110.3 E.48561
G1 X125.701 Y110.3 E.01859
G1 X136.101 Y120.7 E.48561
G1 X135.538 Y120.7 E.01859
G1 X125.138 Y110.3 E.48561
G1 X124.575 Y110.3 E.01859
G1 X134.975 Y120.7 E.48561
G1 X134.412 Y120.7 E.01859
G1 X124.012 Y110.3 E.48561
G1 X123.449 Y110.3 E.01859
G1 X133.849 Y120.7 E.48561
G1 X133.286 Y120.7 E.01859
G1 X122.886 Y110.3 E.48561
G1 X122.323 Y110.3 E.01859
G1 X132.723 Y120.7 E.48561
G1 X132.16 Y120.7 E.01859
G1 X121.76 Y110.3 E.48561
G1 X121.197 Y110.3 E.01859
G1 X131.597 Y120.7 E.48561
G1 X131.034 Y120.7 E.01859
G1 X120.634 Y110.3 E.48561
G1 X120.071 Y110.3 E.01859
G1 X130.471 Y120.7 E.48561
G1 X129.908 Y120.7 E.01859
G1 X119.508 Y110.3 E.48561
G1 X118.945 Y110.3 E.01859
G1 X129.345 Y120.7 E.48561
G1 X128.782 Y120.7 E.01859
G1 X118.382 Y110.3 E.48561
G1 X117.819 Y110.3 E.01859
G1 X128.219 Y120.7 E.48561
G1 X127.656 Y120.7 E.01859
G1 X117.256 Y110.3 E.48561
G1 X116.693 Y110.3 E.01859
G1 X127.093 Y120.7 E.48561
G1 X126.53 Y120.7 E.01859
G1 X116.13 Y110.3 E.48561
G1 X115.567 Y110.3 E.01859
G1 X125.967 Y120.7 E.48561
G1 X125.404 Y120.7 E.01859
G1 X115.004 Y110.3 E.48561
G1 X114.441 Y110.3 E.01859
G1 X124.841 Y120.7 E.48561
G1 X124.278 Y120.7 E.01859
G1 X113.878 Y110.3 E.48561
G1 X113.315 Y110.3 E.01859
G1 X123.715 Y120.7 E.48561
G1 X123.152 Y120.7 E.01859
G1 X112.752 Y110.3 E.48561
G1 X112.189 Y110.3 E.01859
G1 X122.589 Y120.7 E.48561
G1 X122.026 Y120.7 E.01859
G1 X111.626 Y110.3 E.48561
G1 X111.063 Y110.3 E.01859
G1 X121.463 Y120.7 E.48561
G1 X120.9 Y120.7 E.01859
G1 X110.5 Y110.3 E.48561
G1 X109.937 Y110.3 E.01859
G1 X120.337 Y120.7 E.48561
G1 X119.774 Y120.7 E.01859
G1 X109.374 Y110.3 E.48561
G1 X108.811 Y110.3 E.01859
G1 X119.211 Y120.7 E.48561
G1 X118.648 Y120.7 E.01859
G1 X108.248 Y110.3 E.48561
G1 X107.685 Y110.3 E.01859
G1 X118.085 Y120.7 E.48561
G1 X117.522 Y120.7 E.01859
G1 X107.122 Y110.3 E.48561
G1 X106.559 Y110.3 E.01859
G1 X116.959 Y120.7 E.48561
G1 X116.396 Y120.7 E.01859
G1 X105.996 Y110.3 E.48561
G1 X105.433 Y110.3 E.01859
G1 X115.833 Y120.7 E.48561
G1 X115.27 Y120.7 E.01859
G1 X104.87 Y110.3 E.48561
G1 X104.307 Y110.3 E.01859
G1 X114.707 Y120.7 E.48561
G1 X114.144 Y120.7 E.01859
G1 X103.744 Y110.3 E.48561
G1 X103.181 Y110.3 E.01859
G1 X113.581 Y120.7 E.48561
G1 X113.018 Y120.7 E.01859
G1 X102.618 Y110.3 E.48561
G1 X102.055 Y110.3 E.01859
G1 X112.455 Y120.7 E.48561
G1 X111.892 Y120.7 E.01859
G1 X101.492 Y110.3 E.48561
G1 X100.929 Y110.3 E.01859
G1 X111.329 Y120.7 E.48561
G1 X110.766 Y120.7 E.01859
G1 X100.366 Y110.3 E.48561
G1 X99.803 Y110.3 E.01859
G1 X110.203 Y120.7 E.48561
G1 X109.64 Y120.7 E.01859
G1 X99.24 Y110.3 E.48561
G1 X98.677 Y110.3 E.01859
G1 X109.077 Y120.7 E.48561
G1 X108.514 Y120.7 E.01859
G1 X98.114 Y110.3 E.48561
G1 X97.551 Y110.3 E.01859
G1 X107.951 Y120.7 E.48561
G1 X107.388 Y120.7 E.01859
G1 X96.988 Y110.3 E.48561
G1 X96.425 Y110.3 E.01859
G1 X106.825 Y120.7 E.48561
G1 X106.262 Y120.7 E.01859
G1 X95.862 Y110.3 E.48561
G1 X95.299 Y110.3 E.01859
G1 X105.699 Y120.7 E.48561
G1 X105.136 Y120.7 E.01859
G1 X94.736 Y110.3 E.48561
G1 X94.173 Y110.3 E.01859
G1 X104.573 Y120.7 E.48561
G1 X104.01 Y120.7 E.01859
G1 X93.61 Y110.3 E.48561
G1 X93.047 Y110.3 E.01859
G1 X103.447 Y120.7 E.48561
G1 X102.884 Y120.7 E.01859
G1 X92.484 Y110.3 E.48561
G1 X91.921 Y110.3 E.01859
G1 X102.321 Y120.7 E.48561
G1 X101.758 Y120.7 E.01859
G1 X91.358 Y110.3 E.48561
G1 X90.795 Y110.3 E.01859
G1 X101.195 Y120.7 E.48561
G1 X100.632 Y120.7 E.01859
G1 X90.232 Y110.3 E.48561
G1 X89.669 Y110.3 E.01859
G1 X100.069 Y120.7 E.48561
G1 X99.506 Y120.7 E.01859
G1 X89.106 Y110.3 E.48561
G1 X88.543 Y110.3 E.01859
G1 X98.944 Y120.7 E.48564
G1 X98.381 Y120.7 E.01859
G1 X87.98 Y110.3 E.48564
G1 X87.417 Y110.3 E.01859
G1 X97.818 Y120.7 E.48564
G1 X97.255 Y120.7 E.01859
G1 X86.849 Y110.295 E.48587
G1 X86.278 Y110.287 E.01885
G1 X96.692 Y120.7 E.48624
G1 X96.129 Y120.7 E.01859
G1 X85.707 Y110.279 E.48662
G1 X85.136 Y110.27 E.01886
G1 X95.566 Y120.7 E.48701
G1 X95.003 Y120.7 E.01859
G1 X84.552 Y110.249 E.48799
G1 X83.964 Y110.224 E.01943
G1 X94.44 Y120.7 E.48916
G1 X93.877 Y120.7 E.01859
G1 X83.376 Y110.199 E.49033
G1 X82.787 Y110.173 E.01947
G1 X93.314 Y120.7 E.49154
G1 X92.751 Y120.7 E.01859
G1 X82.181 Y110.13 E.49355
G1 X81.575 Y110.087 E.02006
G1 X92.188 Y120.7 E.49556
G1 X91.625 Y120.7 E.01859
G1 X80.969 Y110.044 E.49757
G1 X80.354 Y109.992 E.02038
G1 X91.062 Y120.7 E.49999
G1 X90.499 Y120.7 E.01859
G1 X79.729 Y109.93 E.50289
G1 X79.104 Y109.868 E.02074
G1 X89.936 Y120.7 E.50578
G1 X89.373 Y120.7 E.01859
G1 X78.479 Y109.806 E.50868
G1 X77.833 Y109.724 E.0215
G1 X88.81 Y120.7 E.51253
G1 X88.247 Y120.7 E.01859
G1 X77.188 Y109.642 E.51636
G1 X76.543 Y109.559 E.02147
G1 X87.684 Y120.7 E.52021
G1 X87.122 Y120.701 E.01856
G1 X75.882 Y109.461 E.52484
G1 X75.215 Y109.357 E.02229
G1 X86.567 Y120.709 E.53006
G1 X86.011 Y120.717 E.01836
G1 X74.547 Y109.253 E.53529
G1 X73.87 Y109.138 E.02267
G1 X85.456 Y120.725 E.54101
G1 X84.905 Y120.736 E.0182
G1 X73.178 Y109.01 E.54755
G1 X72.487 Y108.881 E.02321
G1 X84.364 Y120.759 E.5546
G1 X83.824 Y120.782 E.01785
G1 X71.787 Y108.744 E.56207
G1 X71.07 Y108.59 E.02421
G1 X83.284 Y120.804 E.57031
G1 X82.747 Y120.83 E.01775
G1 X70.353 Y108.436 E.57872
G1 X69.626 Y108.272 E.02461
G1 X82.221 Y120.867 E.5881
G1 X81.695 Y120.904 E.01741
G1 X68.881 Y108.09 E.59833
G1 X68.136 Y107.908 E.02532
G1 X81.169 Y120.941 E.60856
G1 X80.644 Y120.979 E.01738
G1 X67.373 Y107.709 E.61965
G1 X66.598 Y107.496 E.02654
G1 X80.131 Y121.03 E.63193
G1 X79.619 Y121.081 E.01699
G1 X65.839 Y107.3 E.64346
G1 X65.276 Y107.3 E.01859
G1 X79.107 Y121.131 E.64582
G1 X78.595 Y121.182 E.01699
G1 X64.713 Y107.3 E.6482
G1 X64.15 Y107.3 E.01859
G1 X78.093 Y121.243 E.65105
G1 X77.594 Y121.307 E.01661
G1 X63.587 Y107.3 E.65404
G1 X63.024 Y107.3 E.01859
G1 X77.094 Y121.371 E.657
G1 X76.595 Y121.434 E.01661
G1 X62.461 Y107.3 E.65997
G1 X61.898 Y107.3 E.01859
G1 X76.102 Y121.504 E.66323
G1 X75.615 Y121.58 E.01627
G1 X61.335 Y107.3 E.66678
G1 X60.772 Y107.3 E.01859
G1 X75.128 Y121.656 E.67033
G1 X74.641 Y121.732 E.01627
G1 X60.209 Y107.3 E.67388
G1 X59.646 Y107.3 E.01859
G1 X74.162 Y121.816 E.6778
G1 X73.685 Y121.902 E.016
G1 X59.083 Y107.3 E.68182
G1 X58.52 Y107.3 E.01859
G1 X73.209 Y121.989 E.68588
G1 X72.733 Y122.076 E.01598
G1 X57.957 Y107.3 E.68994
G1 X57.394 Y107.3 E.01859
G1 X72.256 Y122.162 E.69396
G1 X71.787 Y122.256 E.01579
G1 X56.831 Y107.3 E.69835
G1 X56.268 Y107.3 E.01859
G1 X71.323 Y122.355 E.70297
G1 X70.86 Y122.455 E.01564
G1 X55.705 Y107.3 E.70764
G1 X55.142 Y107.3 E.01859
G1 X70.396 Y122.554 E.71226
G1 X69.933 Y122.654 E.01564
G1 X54.579 Y107.3 E.71693
G1 X54.016 Y107.3 E.01859
G1 X69.48 Y122.764 E.72207
G1 X69.027 Y122.874 E.01539
G1 X53.453 Y107.3 E.7272
G1 X52.89 Y107.3 E.01859
G1 X68.575 Y122.985 E.73239
G1 X68.122 Y123.095 E.01539
G1 X52.327 Y107.3 E.73752
G1 X51.764 Y107.3 E.01859
G1 X67.673 Y123.209 E.74285
G1 X67.231 Y123.33 E.01513
G1 X51.201 Y107.3 E.7485
G1 X50.638 Y107.3 E.01859
G1 X66.789 Y123.451 E.75415
G1 X66.348 Y123.573 E.01511
G1 X50.075 Y107.3 E.75984
G1 X49.512 Y107.3 E.01859
G1 X65.906 Y123.694 E.76549
G1 X65.349 Y123.7 E.01839
G1 X48.949 Y107.3 E.76577
G1 X48.386 Y107.3 E.01859
G1 X64.786 Y123.7 E.76577
G1 X64.223 Y123.7 E.01859
G1 X47.823 Y107.3 E.76577
G1 X47.26 Y107.3 E.01859
G1 X63.66 Y123.7 E.76577
G1 X63.097 Y123.7 E.01859
G1 X46.697 Y107.3 E.76577
G1 X46.134 Y107.3 E.01859
G1 X62.534 Y123.7 E.76577
G1 X61.971 Y123.7 E.01859
G1 X45.571 Y107.3 E.76577
G1 X45.008 Y107.3 E.01859
G1 X61.408 Y123.7 E.76577
G1 X60.845 Y123.7 E.01859
G1 X44.445 Y107.3 E.76577
G1 X43.882 Y107.3 E.01859
G1 X60.282 Y123.7 E.76577
G1 X59.719 Y123.7 E.01859
G1 X43.319 Y107.3 E.76577
G1 X42.756 Y107.3 E.01859
G1 X59.156 Y123.7 E.76577
G1 X58.593 Y123.7 E.01859
G1 X42.193 Y107.3 E.76577
G1 X41.63 Y107.3 E.01859
G1 X58.03 Y123.7 E.76577
G1 X57.467 Y123.7 E.01859
G1 X41.067 Y107.3 E.76577
G1 X40.504 Y107.3 E.01859
G1 X56.904 Y123.7 E.76577
G1 X56.341 Y123.7 E.01859
G1 X39.941 Y107.3 E.76577
G1 X39.378 Y107.3 E.01859
G1 X55.778 Y123.7 E.76577
G1 X55.215 Y123.7 E.01859
G1 X38.815 Y107.3 E.76577
G1 X38.252 Y107.3 E.01859
G1 X54.652 Y123.7 E.76577
G1 X54.089 Y123.7 E.01859
G1 X37.689 Y107.3 E.76577
G1 X37.126 Y107.3 E.01859
G1 X53.526 Y123.7 E.76577
G1 X52.963 Y123.7 E.01859
G1 X36.563 Y107.3 E.76577
G1 X36 Y107.3 E.01859
G1 X52.4 Y123.7 E.76577
G1 X51.837 Y123.7 E.01859
G1 X35.437 Y107.3 E.76577
G1 X34.874 Y107.3 E.01859
G1 X51.274 Y123.7 E.76577
G1 X50.711 Y123.7 E.01859
G1 X34.5 Y107.489 E.75695
G1 X34.5 Y108.052 E.01859
G1 X50.148 Y123.7 E.73066
G1 X49.585 Y123.7 E.01859
G1 X34.5 Y108.615 E.70437
G1 X34.5 Y109.178 E.01859
G1 X49.022 Y123.7 E.67808
G1 X48.459 Y123.7 E.01859
G1 X34.5 Y109.741 E.65179
G1 X34.5 Y110.304 E.01859
G1 X47.896 Y123.7 E.62551
G1 X47.333 Y123.7 E.01859
G1 X34.5 Y110.867 E.59922
G1 X34.5 Y111.43 E.01859
G1 X46.77 Y123.7 E.57293
G1 X46.207 Y123.7 E.01859
G1 X34.5 Y111.993 E.54664
G1 X34.5 Y112.556 E.01859
G1 X45.644 Y123.7 E.52035
G1 X45.081 Y123.7 E.01859
G1 X34.5 Y113.119 E.49406
G1 X34.5 Y113.682 E.01859
G1 X44.518 Y123.7 E.46778
G1 X43.955 Y123.7 E.01859
G1 X34.5 Y114.245 E.44149
G1 X34.5 Y114.808 E.01859
G1 X43.392 Y123.7 E.4152
G1 X42.829 Y123.7 E.01859
G1 X34.5 Y115.371 E.38891
G1 X34.5 Y115.934 E.01859
G1 X42.266 Y123.7 E.36262
G1 X41.703 Y123.7 E.01859
G1 X34.5 Y116.497 E.33633
G1 X34.5 Y117.06 E.01859
G1 X41.14 Y123.7 E.31004
G1 X40.577 Y123.7 E.01859
G1 X34.5 Y117.623 E.28376
G1 X34.5 Y118.186 E.01859
G1 X40.014 Y123.7 E.25747
G1 X39.451 Y123.7 E.01859
G1 X34.5 Y118.749 E.23118
G1 X34.5 Y119.312 E.01859
G1 X38.888 Y123.7 E.20489
G1 X38.325 Y123.7 E.01859
G1 X34.5 Y119.875 E.1786
G1 X34.5 Y120.438 E.01859
G1 X37.762 Y123.7 E.15231
G1 X37.2 Y123.7 E.01856
G1 X34.5 Y121.001 E.12605
G1 X34.5 Y121.563 E.01856
G1 X36.637 Y123.7 E.09978
G1 X36.074 Y123.7 E.01859
G1 X34.5 Y122.126 E.0735
G1 X34.5 Y122.689 E.01859
G1 X35.511 Y123.7 E.04721
G1 X34.948 Y123.7 E.01859
G1 X34.321 Y123.074 E.02925
;LAYER_CHANGE
;Z:3.4
;HEIGHT:0.2
;BEFORE_LAYER_CHANGE
G92 E0
;3.4


G1 E-3.5 F3600
;WIPE_START
G1 F7200
G1 X34.948 Y123.7 E-.42085
G1 X35.511 Y123.7 E-.26743
G1 X34.5 Y122.689 E-.67914
G1 X34.5 Y122.41 E-.13258
;WIPE_END
G1 Z3.4 F9000
;AFTER_LAYER_CHANGE
;3.4
G1 X33.994 Y124.006
G1 E5 F2400
;TYPE:Perimeter
;WIDTH:0.439999
G1 X33.994 Y106.994 E.56169
G1 X65.724 Y106.994 E1.04764
G1 X67.687 Y107.533 E.06721
G1 X69.783 Y108.044 E.07123
G1 X71.905 Y108.5 E.07166
G1 X74.025 Y108.893 E.07119
G1 X76.183 Y109.231 E.07212
G1 X78.336 Y109.505 E.07166
G1 X80.496 Y109.719 E.07167
G1 X82.661 Y109.872 E.07166
G1 X84.83 Y109.964 E.07168
G1 X86.993 Y109.994 E.07142
G1 X144.007 Y109.994 E1.88245
G1 X146.17 Y109.964 E.07142
G1 X148.339 Y109.872 E.07168
G1 X150.504 Y109.719 E.07166
G1 X152.664 Y109.505 E.07167
G1 X154.817 Y109.231 E.07166
G1 X156.961 Y108.895 E.07165
G1 X159.095 Y108.5 E.07166
G1 X161.217 Y108.044 E.07166
G1 X163.326 Y107.529 E.07168
G1 X165.276 Y106.994 E.06676
G1 X197.006 Y106.994 E1.04764
G1 X197.006 Y124.006 E.56169
G1 X165.276 Y124.006 E1.04764
G1 X163.313 Y123.467 E.06721
G1 X161.217 Y122.956 E.07123
G1 X159.095 Y122.5 E.07166
G1 X156.961 Y122.105 E.07166
G1 X154.817 Y121.769 E.07165
G1 X152.664 Y121.495 E.07166
G1 X150.504 Y121.281 E.07167
G1 X148.339 Y121.128 E.07166
G1 X146.421 Y121.047 E.06338
G1 X144.009 Y121.006 E.07965
G1 X86.993 Y121.006 E1.88251
G1 X84.83 Y121.036 E.07142
G1 X82.661 Y121.128 E.07168
G1 X80.496 Y121.281 E.07166
G1 X78.336 Y121.495 E.07167
G1 X76.183 Y121.769 E.07166
G1 X74.535 Y122.027 E.05508
G1 X71.907 Y122.499 E.08816
G1 X69.783 Y122.956 E.07173
G1 X67.674 Y123.471 E.07168
G1 X65.724 Y124.006 E.06676
G1 X34.054 Y124.006 E1.04566
G1 X33.597 Y124.403 F9000
G1 F2400
G1 X33.597 Y106.597 E.58791
G1 X65.777 Y106.597 E1.0625
G1 X67.782 Y107.147 E.06865
G1 X69.871 Y107.657 E.071
G1 X71.983 Y108.111 E.07133
G1 X74.098 Y108.503 E.07102
G1 X76.239 Y108.837 E.07154
G1 X78.381 Y109.111 E.0713
G1 X80.53 Y109.323 E.0713
G1 X82.684 Y109.475 E.0713
G1 X84.841 Y109.567 E.07128
G1 X86.996 Y109.597 E.07116
G1 X144.004 Y109.597 E1.88225
G1 X146.159 Y109.567 E.07116
G1 X148.316 Y109.475 E.07128
G1 X150.47 Y109.323 E.0713
G1 X152.619 Y109.111 E.0713
G1 X154.761 Y108.837 E.0713
G1 X156.894 Y108.504 E.07128
G1 X159.017 Y108.111 E.07129
G1 X161.129 Y107.657 E.07133
G1 X163.226 Y107.145 E.07127
G1 X165.223 Y106.597 E.06837
G1 X197.403 Y106.597 E1.0625
G1 X197.403 Y124.403 E.58791
G1 X165.223 Y124.403 E1.0625
G1 X163.218 Y123.853 E.06865
G1 X161.129 Y123.343 E.071
G1 X159.018 Y122.889 E.07129
G1 X156.894 Y122.496 E.07132
G1 X154.761 Y122.163 E.07128
G1 X152.619 Y121.889 E.0713
G1 X150.47 Y121.677 E.0713
G1 X148.316 Y121.525 E.0713
G1 X146.41 Y121.444 E.06299
G1 X144.005 Y121.403 E.07942
G1 X86.996 Y121.403 E1.88228
G1 X84.841 Y121.433 E.07116
G1 X82.684 Y121.525 E.07128
G1 X80.53 Y121.677 E.0713
G1 X78.381 Y121.889 E.0713
G1 X76.239 Y122.163 E.0713
G1 X74.601 Y122.419 E.05474
G1 X71.984 Y122.889 E.08779
G1 X69.871 Y123.343 E.07136
G1 X67.774 Y123.855 E.07127
G1 X65.777 Y124.403 E.06837
G1 X33.657 Y124.403 E1.06051
G1 X33.21 Y124.79 F9000
;TYPE:External perimeter
;WIDTH:0.419999
G1 F1500
G1 X33.21 Y106.21 E.58256
G1 X65.829 Y106.21 E1.02274
G1 X67.874 Y106.771 E.06649
G1 X69.958 Y107.28 E.06726
G1 X72.058 Y107.731 E.06735
G1 X74.168 Y108.122 E.06728
G1 X76.293 Y108.454 E.06744
G1 X78.425 Y108.726 E.06739
G1 X80.562 Y108.938 E.06733
G1 X82.705 Y109.089 E.06736
G1 X84.852 Y109.18 E.06738
G1 X87 Y109.21 E.06736
G1 X144.002 Y109.21 E1.78725
G1 X146.148 Y109.18 E.06729
G1 X148.295 Y109.089 E.06738
G1 X150.438 Y108.938 E.06736
G1 X152.576 Y108.726 E.06736
G1 X154.707 Y108.454 E.06736
G1 X156.829 Y108.122 E.06734
G1 X158.942 Y107.731 E.06738
G1 X161.042 Y107.28 E.06735
G1 X163.129 Y106.77 E.06736
G1 X165.171 Y106.21 E.06639
G1 X197.79 Y106.21 E1.02274
G1 X197.79 Y124.79 E.58256
G1 X165.171 Y124.79 E1.02274
G1 X163.126 Y124.229 E.06649
G1 X161.042 Y123.72 E.06726
G1 X158.942 Y123.269 E.06735
G1 X156.829 Y122.878 E.06738
G1 X154.707 Y122.546 E.06734
G1 X152.576 Y122.274 E.06736
G1 X150.438 Y122.062 E.06736
G1 X148.295 Y121.911 E.06736
G1 X146.398 Y121.831 E.05953
G1 X144 Y121.79 E.0752
G1 X86.997 Y121.79 E1.78729
G1 X84.852 Y121.82 E.06726
G1 X82.705 Y121.911 E.06738
G1 X80.562 Y122.062 E.06736
G1 X78.425 Y122.274 E.06733
G1 X76.293 Y122.546 E.06739
G1 X74.665 Y122.8 E.05166
G1 X72.059 Y123.269 E.08302
G1 X69.958 Y123.72 E.06738
G1 X67.871 Y124.23 E.06736
G1 X65.829 Y124.79 E.06639
G1 X33.27 Y124.79 E1.02086
G1 X34.121 Y123.074 F9000
;TYPE:Internal infill
;WIDTH:0.44
G1 F3000
G1 X34.748 Y123.7 E.02925
G1 X35.311 Y123.7 E.01859
G1 X34.3 Y122.689 E.04721
G1 X34.3 Y122.126 E.01859
G1 X35.874 Y123.7 E.0735
G1 X36.437 Y123.7 E.01859
G1 X34.3 Y121.563 E.09978
G1 X34.3 Y121.001 E.01856
G1 X37 Y123.7 E.12605
G1 X37.562 Y123.7 E.01856
G1 X34.3 Y120.438 E.15231
G1 X34.3 Y119.875 E.01859
G1 X38.125 Y123.7 E.1786
G1 X38.688 Y123.7 E.01859
G1 X34.3 Y119.312 E.20489
G1 X34.3 Y118.749 E.01859
G1 X39.251 Y123.7 E.23118
G1 X39.814 Y123.7 E.01859
G1 X34.3 Y118.186 E.25747
G1 X34.3 Y117.623 E.01859
G1 X40.377 Y123.7 E.28376
G1 X40.94 Y123.7 E.01859
G1 X34.3 Y117.06 E.31004
G1 X34.3 Y116.497 E.01859
G1 X41.503 Y123.7 E.33633
G1 X42.066 Y123.7 E.01859
G1 X34.3 Y115.934 E.36262
G1 X34.3 Y115.371 E.01859
G1 X42.629 Y123.7 E.38891
G1 X43.192 Y123.7 E.01859
G1 X34.3 Y114.808 E.4152
G1 X34.3 Y114.245 E.01859
G1 X43.755 Y123.7 E.44149
G1 X44.318 Y123.7 E.01859
G1 X34.3 Y113.682 E.46778
G1 X34.3 Y113.119 E.01859
G1 X44.881 Y123.7 E.49406
G1 X45.444 Y123.7 E.01859
G1 X34.3 Y112.556 E.52035
G1 X34.3 Y111.993 E.01859
G1 X46.007 Y123.7 E.54664
G1 X46.57 Y123.7 E.01859
G1 X34.3 Y111.43 E.57293
G1 X34.3 Y110.867 E.01859
G1 X47.133 Y123.7 E.59922
G1 X47.696 Y123.7 E.01859
G1 X34.3 Y110.304 E.62551
G1 X34.3 Y109.741 E.01859
G1 X48.259 Y123.7 E.65179
G1 X48.822 Y123.7 E.01859
G1 X34.3 Y109.178 E.67808
G1 X34.3 Y108.615 E.01859
G1 X49.385 Y123.7 E.70437
G1 X49.948 Y123.7 E.01859
G1 X34.3 Y108.052 E.73066
G1 X34.3 Y107.489 E.01859
G1 X50.511 Y123.7 E.75695
G1 X51.074 Y123.7 E.01859
G1 X34.674 Y107.3 E.76577
G1 X35.237 Y107.3 E.01859
G1 X51.637 Y123.7 E.76577
G1 X52.2 Y123.7 E.01859
G1 X35.8 Y107.3 E.76577
G1 X36.363 Y107.3 E.01859
G1 X52.763 Y123.7 E.76577
G1 X53.326 Y123.7 E.01859
G1 X36.926 Y107.3 E.76577
G1 X37.489 Y107.3 E.01859
G1 X53.889 Y123.7 E.76577
G1 X54.452 Y123.7 E.01859
G1 X38.052 Y107.3 E.76577
G1 X38.615 Y107.3 E.01859
G1 X55.015 Y123.7 E.76577
G1 X55.578 Y123.7 E.01859
G1 X39.178 Y107.3 E.76577
G1 X39.741 Y107.3 E.01859
G1 X56.141 Y123.7 E.76577
G1 X56.704 Y123.7 E.01859
G1 X40.304 Y107.3 E.76577
G1 X40.867 Y107.3 E.01859
G1 X57.267 Y123.7 E.76577
G1 X57.83 Y123.7 E.01859
G1 X41.43 Y107.3 E.76577
G1 X41.993 Y107.3 E.01859
G1 X58.393 Y123.7 E.76577
G1 X58.956 Y123.7 E.01859
G1 X42.556 Y107.3 E.76577
G1 X43.119 Y107.3 E.01859
G1 X59.519 Y123.7 E.76577
G1 X60.082 Y123.7 E.01859
G1 X43.682 Y107.3 E.76577
G1 X44.245 Y107.3 E.01859
G1 X60.645 Y123.7 E.76577
G1 X61.208 Y123.7 E.01859
G1 X44.808 Y107.3 E.76577
G1 X45.371 Y107.3 E.01859
G1 X61.771 Y123.7 E.76577
G1 X62.334 Y123.7 E.01859
G1 X45.934 Y107.3 E.76577
G1 X46.497 Y107.3 E.01859
G1 X62.897 Y123.7 E.76577
G1 X63.46 Y123.7 E.01859
G1 X47.06 Y107.3 E.76577
G1 X47.623 Y107.3 E.01859
G1 X64.023 Y123.7 E.76577
G1 X64.586 Y123.7 E.01859
G1 X48.186 Y107.3 E.76577
G1 X48.749 Y107.3 E.01859
G1 X65.149 Y123.7 E.76577
G1 X65.706 Y123.694 E.01839
G1 X49.312 Y107.3 E.76549
G1 X49.875 Y107.3 E.01859
G1 X66.148 Y123.573 E.75984
G1 X66.589 Y123.451 E.01511
G1 X50.438 Y107.3 E.75415
G1 X51.001 Y107.3 E.01859
G1 X67.031 Y123.33 E.7485
G1 X67.473 Y123.209 E.01513
G1 X51.564 Y107.3 E.74285
G1 X52.127 Y107.3 E.01859
G1 X67.922 Y123.095 E.73752
G1 X68.375 Y122.985 E.01539
G1 X52.69 Y107.3 E.73239
G1 X53.253 Y107.3 E.01859
G1 X68.827 Y122.874 E.7272
G1 X69.28 Y122.764 E.01539
G1 X53.816 Y107.3 E.72207
G1 X54.379 Y107.3 E.01859
G1 X69.733 Y122.654 E.71693
G1 X70.196 Y122.554 E.01564
G1 X54.942 Y107.3 E.71226
G1 X55.505 Y107.3 E.01859
G1 X70.66 Y122.455 E.70764
G1 X71.123 Y122.355 E.01564
G1 X56.068 Y107.3 E.70297
G1 X56.631 Y107.3 E.01859
G1 X71.587 Y122.256 E.69835
G1 X72.056 Y122.163 E.01579
G1 X57.194 Y107.3 E.69398
G1 X57.757 Y107.3 E.01859
G1 X72.534 Y122.077 E.68999
G1 X73.011 Y121.991 E.016
G1 X58.32 Y107.3 E.68597
G1 X58.883 Y107.3 E.01859
G1 X73.488 Y121.905 E.68196
G1 X73.965 Y121.819 E.016
G1 X59.446 Y107.3 E.67794
G1 X60.009 Y107.3 E.01859
G1 X74.442 Y121.733 E.67393
G1 X74.928 Y121.656 E.01625
G1 X60.572 Y107.3 E.67033
G1 X61.135 Y107.3 E.01859
G1 X75.415 Y121.58 E.66678
G1 X75.902 Y121.504 E.01627
G1 X61.698 Y107.3 E.66323
G1 X62.261 Y107.3 E.01859
G1 X76.395 Y121.434 E.65997
G1 X76.894 Y121.371 E.01661
G1 X62.824 Y107.3 E.657
G1 X63.387 Y107.3 E.01859
G1 X77.394 Y121.307 E.65404
G1 X77.893 Y121.243 E.01661
G1 X63.95 Y107.3 E.65105
G1 X64.513 Y107.3 E.01859
G1 X78.395 Y121.182 E.6482
G1 X78.907 Y121.131 E.01699
G1 X65.076 Y107.3 E.64582
G1 X65.639 Y107.3 E.01859
G1 X79.419 Y121.081 E.64346
G1 X79.931 Y121.03 E.01699
G1 X66.398 Y107.496 E.63193
G1 X67.173 Y107.709 E.02654
G1 X80.444 Y120.979 E.61965
G1 X80.969 Y120.941 E.01738
G1 X67.936 Y107.908 E.60856
G1 X68.681 Y108.09 E.02532
G1 X81.495 Y120.904 E.59833
G1 X82.021 Y120.867 E.01741
G1 X69.426 Y108.272 E.5881
G1 X70.153 Y108.436 E.02461
G1 X82.547 Y120.83 E.57872
G1 X83.084 Y120.804 E.01775
G1 X70.87 Y108.59 E.57031
G1 X71.587 Y108.744 E.02421
G1 X83.624 Y120.782 E.56207
G1 X84.164 Y120.759 E.01785
G1 X72.287 Y108.881 E.5546
G1 X72.978 Y109.01 E.02321
G1 X84.705 Y120.736 E.54755
G1 X85.256 Y120.725 E.0182
G1 X73.67 Y109.138 E.54101
G1 X74.347 Y109.253 E.02267
G1 X85.811 Y120.717 E.53529
G1 X86.367 Y120.709 E.01836
G1 X75.015 Y109.357 E.53006
G1 X75.682 Y109.461 E.02229
G1 X86.922 Y120.701 E.52484
G1 X87.484 Y120.7 E.01856
G1 X76.343 Y109.559 E.52021
G1 X76.988 Y109.642 E.02147
G1 X88.047 Y120.7 E.51636
G1 X88.61 Y120.7 E.01859
G1 X77.633 Y109.724 E.51253
G1 X78.279 Y109.806 E.0215
G1 X89.173 Y120.7 E.50868
G1 X89.736 Y120.7 E.01859
G1 X78.904 Y109.868 E.50578
G1 X79.529 Y109.93 E.02074
G1 X90.299 Y120.7 E.50289
G1 X90.862 Y120.7 E.01859
G1 X80.154 Y109.992 E.49999
G1 X80.769 Y110.044 E.02038
G1 X91.425 Y120.7 E.49757
G1 X91.988 Y120.7 E.01859
G1 X81.375 Y110.087 E.49556
G1 X81.981 Y110.13 E.02006
G1 X92.551 Y120.7 E.49355
G1 X93.114 Y120.7 E.01859
G1 X82.587 Y110.173 E.49154
G1 X83.176 Y110.199 E.01947
G1 X93.677 Y120.7 E.49033
G1 X94.24 Y120.7 E.01859
G1 X83.764 Y110.224 E.48916
G1 X84.352 Y110.249 E.01943
G1 X94.803 Y120.7 E.48799
G1 X95.366 Y120.7 E.01859
G1 X84.936 Y110.27 E.48701
G1 X85.507 Y110.279 E.01886
G1 X95.929 Y120.7 E.48662
G1 X96.492 Y120.7 E.01859
G1 X86.078 Y110.287 E.48624
G1 X86.649 Y110.295 E.01885
G1 X97.055 Y120.7 E.48587
G1 X97.618 Y120.7 E.01859
G1 X87.217 Y110.3 E.48564
G1 X87.78 Y110.3 E.01859
G1 X98.181 Y120.7 E.48564
G1 X98.744 Y120.7 E.01859
G1 X88.343 Y110.3 E.48564
G1 X88.906 Y110.3 E.01859
G1 X99.306 Y120.7 E.48561
G1 X99.869 Y120.7 E.01859
G1 X89.469 Y110.3 E.48561
G1 X90.032 Y110.3 E.01859
G1 X100.432 Y120.7 E.48561
G1 X100.995 Y120.7 E.01859
G1 X90.595 Y110.3 E.48561
G1 X91.158 Y110.3 E.01859
G1 X101.558 Y120.7 E.48561
G1 X102.121 Y120.7 E.01859
G1 X91.721 Y110.3 E.48561
G1 X92.284 Y110.3 E.01859
G1 X102.684 Y120.7 E.48561
G1 X103.247 Y120.7 E.01859
G1 X92.847 Y110.3 E.48561
G1 X93.41 Y110.3 E.01859
G1 X103.81 Y120.7 E.48561
G1 X104.373 Y120.7 E.01859
G1 X93.973 Y110.3 E.48561
G1 X94.536 Y110.3 E.01859
G1 X104.936 Y120.7 E.48561
G1 X105.499 Y120.7 E.01859
G1 X95.099 Y110.3 E.48561
G1 X95.662 Y110.3 E.01859
G1 X106.062 Y120.7 E.48561
G1 X106.625 Y120.7 E.01859
G1 X96.225 Y110.3 E.48561
G1 X96.788 Y110.3 E.01859
G1 X107.188 Y120.7 E.48561
G1 X107.751 Y120.7 E.01859
G1 X97.351 Y110.3 E.48561
G1 X97.914 Y110.3 E.01859
G1 X108.314 Y120.7 E.48561
G1 X108.877 Y120.7 E.01859
G1 X98.477 Y110.3 E.48561
G1 X99.04 Y110.3 E.01859
G1 X109.44 Y120.7 E.48561
G1 X110.003 Y120.7 E.01859
G1 X99.603 Y110.3 E.48561
G1 X100.166 Y110.3 E.01859
G1 X110.566 Y120.7 E.48561
G1 X111.129 Y120.7 E.01859
G1 X100.729 Y110.3 E.48561
G1 X101.292 Y110.3 E.01859
G1 X111.692 Y120.7 E.48561
G1 X112.255 Y120.7 E.01859
G1 X101.855 Y110.3 E.48561
G1 X102.418 Y110.3 E.01859
G1 X112.818 Y120.7 E.48561
G1 X113.381 Y120.7 E.01859
G1 X102.981 Y110.3 E.48561
G1 X103.544 Y110.3 E.01859
G1 X113.944 Y120.7 E.48561
G1 X114.507 Y120.7 E.01859
G1 X104.107 Y110.3 E.48561
G1 X104.67 Y110.3 E.01859
G1 X115.07 Y120.7 E.48561
G1 X115.633 Y120.7 E.01859
G1 X105.233 Y110.3 E.48561
G1 X105.796 Y110.3 E.01859
G1 X116.196 Y120.7 E.48561
G1 X116.759 Y120.7 E.01859
G1 X106.359 Y110.3 E.48561
G1 X106.922 Y110.3 E.01859
G1 X117.322 Y120.7 E.48561
G1 X117.885 Y120.7 E.01859
G1 X107.485 Y110.3 E.48561
G1 X108.048 Y110.3 E.01859
G1 X118.448 Y120.7 E.48561
G1 X119.011 Y120.7 E.01859
G1 X108.611 Y110.3 E.48561
G1 X109.174 Y110.3 E.01859
G1 X119.574 Y120.7 E.48561
G1 X120.137 Y120.7 E.01859
G1 X109.737 Y110.3 E.48561
G1 X110.3 Y110.3 E.01859
G1 X120.7 Y120.7 E.48561
G1 X121.263 Y120.7 E.01859
G1 X110.863 Y110.3 E.48561
G1 X111.426 Y110.3 E.01859
G1 X121.826 Y120.7 E.48561
G1 X122.389 Y120.7 E.01859
G1 X111.989 Y110.3 E.48561
G1 X112.552 Y110.3 E.01859
G1 X122.952 Y120.7 E.48561
G1 X123.515 Y120.7 E.01859
G1 X113.115 Y110.3 E.48561
G1 X113.678 Y110.3 E.01859
G1 X124.078 Y120.7 E.48561
G1 X124.641 Y120.7 E.01859
G1 X114.241 Y110.3 E.48561
G1 X114.804 Y110.3 E.01859
G1 X125.204 Y120.7 E.48561
G1 X125.767 Y120.7 E.01859
G1 X115.367 Y110.3 E.48561
G1 X115.93 Y110.3 E.01859
G1 X126.33 Y120.7 E.48561
G1 X126.893 Y120.7 E.01859
G1 X116.493 Y110.3 E.48561
G1 X117.056 Y110.3 E.01859
G1 X127.456 Y120.7 E.48561
G1 X128.019 Y120.7 E.01859
G1 X117.619 Y110.3 E.48561
G1 X118.182 Y110.3 E.01859
G1 X128.582 Y120.7 E.48561
G1 X129.145 Y120.7 E.01859
G1 X118.745 Y110.3 E.48561
G1 X119.308 Y110.3 E.01859
G1 X129.708 Y120.7 E.48561
G1 X130.271 Y120.7 E.01859
G1 X119.871 Y110.3 E.48561
G1 X120.434 Y110.3 E.01859
G1 X130.834 Y120.7 E.48561
G1 X131.397 Y120.7 E.01859
G1 X120.997 Y110.3 E.48561
G1 X121.56 Y110.3 E.01859
G1 X131.96 Y120.7 E.48561
G1 X132.523 Y120.7 E.01859
G1 X122.123 Y110.3 E.48561
G1 X122.686 Y110.3 E.01859
G1 X133.086 Y120.7 E.48561
G1 X133.649 Y120.7 E.01859
G1 X123.249 Y110.3 E.48561
G1 X123.812 Y110.3 E.01859
G1 X134.212 Y120.7 E.48561
G1 X134.775 Y120.7 E.01859
G1 X124.375 Y110.3 E.48561
G1 X124.938 Y110.3 E.01859
G1 X135.338 Y120.7 E.48561
G1 X135.901 Y120.7 E.01859
G1 X125.501 Y110.3 E.48561
G1 X126.064 Y110.3 E.01859
G1 X136.464 Y120.7 E.48561
G1 X137.027 Y120.7 E.01859
G1 X126.627 Y110.3 E.48561
G1 X127.19 Y110.3 E.01859
G1 X137.59 Y120.7 E.48561
G1 X138.153 Y120.7 E.01859
G1 X127.753 Y110.3 E.48561
G1 X128.316 Y110.3 E.01859
G1 X138.716 Y120.7 E.48561
G1 X139.279 Y120.7 E.01859
G1 X128.879 Y110.3 E.48561
G1 X129.442 Y110.3 E.01859
G1 X139.842 Y120.7 E.48561
G1 X140.405 Y120.7 E.01859
G1 X130.005 Y110.3 E.48561
G1 X130.568 Y110.3 E.01859
G1 X140.968 Y120.7 E.48561
G1 X141.531 Y120.7 E.01859
G1 X131.131 Y110.3 E.48561
G1 X131.694 Y110.3 E.01859
G1 X142.094 Y120.7 E.48561
G1 X142.657 Y120.7 E.01859
G1 X132.257 Y110.3 E.48561
G1 X132.82 Y110.3 E.01859
G1 X143.22 Y120.7 E.48561
G1 X143.783 Y120.7 E.01859
G1 X133.383 Y110.3 E.48561
G1 X133.946 Y110.3 E.01859
G1 X144.352 Y120.706 E.48589
G1 X144.924 Y120.716 E.01889
G1 X134.509 Y110.3 E.48634
G1 X135.072 Y110.3 E.01859
G1 X145.497 Y120.725 E.48678
G1 X146.07 Y120.735 E.01892
G1 X135.635 Y110.3 E.48725
G1 X136.198 Y110.3 E.01859
G1 X146.649 Y120.751 E.48799
G1 X147.237 Y120.776 E.01943
G1 X136.761 Y110.3 E.48916
G1 X137.324 Y110.3 E.01859
G1 X147.824 Y120.801 E.49031
G1 X148.414 Y120.827 E.0195
G1 X137.887 Y110.3 E.49154
G1 X138.45 Y110.3 E.01859
G1 X149.019 Y120.87 E.49353
G1 X149.625 Y120.913 E.02006
G1 X139.013 Y110.3 E.49553
G1 X139.576 Y110.3 E.01859
G1 X150.231 Y120.956 E.49754
G1 X150.846 Y121.008 E.02038
G1 X140.139 Y110.3 E.49997
G1 X140.702 Y110.3 E.01859
G1 X151.471 Y121.07 E.50287
G1 X152.096 Y121.132 E.02074
G1 X141.265 Y110.3 E.50576
G1 X141.828 Y110.3 E.01859
G1 X152.721 Y121.194 E.50866
G1 X153.367 Y121.276 E.0215
G1 X142.39 Y110.3 E.51253
G1 X142.953 Y110.3 E.01859
G1 X154.012 Y121.358 E.51636
G1 X154.657 Y121.441 E.02147
G1 X143.516 Y110.3 E.52021
G1 X144.078 Y110.299 E.01856
G1 X155.318 Y121.539 E.52484
G1 X155.986 Y121.643 E.02232
G1 X144.634 Y110.291 E.53006
G1 X145.189 Y110.283 E.01833
G1 X156.653 Y121.747 E.53529
G1 X157.331 Y121.862 E.02271
G1 X145.744 Y110.275 E.54104
G1 X146.295 Y110.264 E.0182
G1 X158.022 Y121.99 E.54755
G1 X158.713 Y122.119 E.02321
G1 X146.836 Y110.241 E.5546
G1 X147.376 Y110.218 E.01785
G1 X159.413 Y122.256 E.56207
G1 X160.13 Y122.41 E.02421
G1 X147.916 Y110.196 E.57031
G1 X148.453 Y110.17 E.01775
G1 X160.847 Y122.564 E.57872
G1 X161.574 Y122.728 E.02461
G1 X148.979 Y110.133 E.5881
G1 X149.505 Y110.096 E.01741
G1 X162.319 Y122.91 E.59833
G1 X163.064 Y123.092 E.02532
G1 X150.031 Y110.059 E.60856
G1 X150.556 Y110.021 E.01738
G1 X163.827 Y123.291 E.61965
G1 X164.603 Y123.504 E.02657
G1 X151.068 Y109.97 E.63197
G1 X151.581 Y109.919 E.01702
G1 X165.362 Y123.7 E.64348
G1 X165.925 Y123.7 E.01859
G1 X152.093 Y109.869 E.64584
G1 X152.605 Y109.818 E.01699
G1 X166.488 Y123.7 E.64822
G1 X167.051 Y123.7 E.01859
G1 X153.107 Y109.757 E.65107
G1 X153.606 Y109.693 E.01661
G1 X167.613 Y123.7 E.65404
G1 X168.176 Y123.7 E.01859
G1 X154.106 Y109.629 E.657
G1 X154.605 Y109.566 E.01661
G1 X168.739 Y123.7 E.65997
G1 X169.302 Y123.7 E.01859
G1 X155.098 Y109.496 E.66323
G1 X155.585 Y109.42 E.01627
G1 X169.865 Y123.7 E.66678
G1 X170.428 Y123.7 E.01859
G1 X156.072 Y109.344 E.67033
G1 X156.559 Y109.267 E.01628
G1 X170.991 Y123.7 E.6739
G1 X171.554 Y123.7 E.01859
G1 X157.045 Y109.191 E.67748
G1 X157.52 Y109.103 E.01595
G1 X172.117 Y123.7 E.68159
G1 X172.68 Y123.7 E.01859
G1 X157.995 Y109.015 E.68569
G1 X158.47 Y108.927 E.01595
G1 X173.243 Y123.7 E.6898
G1 X173.806 Y123.7 E.01859
G1 X158.945 Y108.838 E.69394
G1 X159.414 Y108.744 E.01579
G1 X174.369 Y123.7 E.69832
G1 X174.932 Y123.7 E.01859
G1 X159.877 Y108.645 E.70297
G1 X160.34 Y108.545 E.01564
G1 X175.495 Y123.7 E.70764
G1 X176.058 Y123.7 E.01859
G1 X160.804 Y108.446 E.71226
G1 X161.267 Y108.346 E.01564
G1 X176.621 Y123.7 E.71693
G1 X177.184 Y123.7 E.01859
G1 X161.721 Y108.236 E.72205
G1 X162.173 Y108.126 E.01536
G1 X177.747 Y123.7 E.7272
G1 X178.31 Y123.7 E.01859
G1 X162.625 Y108.015 E.73239
G1 X163.078 Y107.905 E.01539
G1 X178.873 Y123.7 E.73752
G1 X179.436 Y123.7 E.01859
G1 X163.527 Y107.791 E.74285
G1 X163.969 Y107.67 E.01513
G1 X179.999 Y123.7 E.7485
G1 X180.562 Y123.7 E.01859
G1 X164.411 Y107.549 E.75415
G1 X164.853 Y107.427 E.01514
G1 X181.125 Y123.7 E.75982
G1 X181.688 Y123.7 E.01859
G1 X165.294 Y107.306 E.76549
G1 X165.851 Y107.3 E.01839
G1 X182.251 Y123.7 E.76577
G1 X182.814 Y123.7 E.01859
G1 X166.414 Y107.3 E.76577
G1 X166.977 Y107.3 E.01859
G1 X183.377 Y123.7 E.76577
G1 X183.94 Y123.7 E.01859
G1 X167.54 Y107.3 E.76577
G1 X168.103 Y107.3 E.01859
G1 X184.503 Y123.7 E.76577
G1 X185.066 Y123.7 E.01859
G1 X168.666 Y107.3 E.76577
G1 X169.229 Y107.3 E.01859
G1 X185.629 Y123.7 E.76577
G1 X186.192 Y123.7 E.01859
G1 X169.792 Y107.3 E.76577
G1 X170.355 Y107.3 E.01859
G1 X186.755 Y123.7 E.76577
G1 X187.318 Y123.7 E.01859
G1 X170.918 Y107.3 E.76577
G1 X171.481 Y107.3 E.01859
G1 X187.881 Y123.7 E.76577
G1 X188.444 Y123.7 E.01859
G1 X172.044 Y107.3 E.76577
G1 X172.607 Y107.3 E.01859
G1 X189.007 Y123.7 E.76577
G1 X189.57 Y123.7 E.01859
G1 X173.17 Y107.3 E.76577
G1 X173.733 Y107.3 E.01859
G1 X190.133 Y123.7 E.76577
G1 X190.696 Y123.7 E.01859
G1 X174.296 Y107.3 E.76577
G1 X174.859 Y107.3 E.01859
G1 X191.259 Y123.7 E.76577
G1 X191.822 Y123.7 E.01859
G1 X175.422 Y107.3 E.76577
G1 X175.985 Y107.3 E.01859
G1 X192.385 Y123.7 E.76577
G1 X192.948 Y123.7 E.01859
G1 X176.548 Y107.3 E.76577
G1 X177.111 Y107.3 E.01859
G1 X193.511 Y123.7 E.76577
G1 X194.074 Y123.7 E.01859
G1 X177.674 Y107.3 E.76577
G1 X178.237 Y107.3 E.01859
G1 X194.637 Y123.7 E.76577
G1 X195.2 Y123.7 E.01859
G1 X178.8 Y107.3 E.76577
G1 X179.363 Y107.3 E.01859
G1 X195.763 Y123.7 E.76577
G1 X196.326 Y123.7 E.01859
G1 X179.926 Y107.3 E.76577
G1 X180.489 Y107.3 E.01859
G1 X196.7 Y123.511 E.75695
G1 X196.7 Y122.948 E.01859
G1 X181.052 Y107.3 E.73066
G1 X181.615 Y107.3 E.01859
G1 X196.7 Y122.385 E.70437
G1 X196.7 Y121.822 E.01859
G1 X182.178 Y107.3 E.67808
G1 X182.741 Y107.3 E.01859
G1 X196.7 Y121.259 E.65179
G1 X196.7 Y120.696 E.01859
G1 X183.304 Y107.3 E.62551
G1 X183.867 Y107.3 E.01859
G1 X196.7 Y120.133 E.59922
G1 X196.7 Y119.57 E.01859
G1 X184.43 Y107.3 E.57293
G1 X184.993 Y107.3 E.01859
G1 X196.7 Y119.007 E.54664
G1 X196.7 Y118.444 E.01859
G1 X185.556 Y107.3 E.52035
G1 X186.119 Y107.3 E.01859
G1 X196.7 Y117.881 E.49406
G1 X196.7 Y117.318 E.01859
G1 X186.682 Y107.3 E.46778
G1 X187.245 Y107.3 E.01859
G1 X196.7 Y116.755 E.44149
G1 X196.7 Y116.192 E.01859
G1 X187.808 Y107.3 E.4152
G1 X188.371 Y107.3 E.01859
G1 X196.7 Y115.629 E.38891
G1 X196.7 Y115.066 E.01859
G1 X188.934 Y107.3 E.36262
G1 X189.497 Y107.3 E.01859
G1 X196.7 Y114.503 E.33633
G1 X196.7 Y113.94 E.01859
G1 X190.06 Y107.3 E.31004
G1 X190.623 Y107.3 E.01859
G1 X196.7 Y113.377 E.28376
G1 X196.7 Y112.814 E.01859
G1 X191.186 Y107.3 E.25747
G1 X191.749 Y107.3 E.01859
G1 X196.7 Y112.251 E.23118
G1 X196.7 Y111.688 E.01859
G1 X192.312 Y107.3 E.20489
G1 X192.875 Y107.3 E.01859
G1 X196.7 Y111.125 E.1786
G1 X196.7 Y110.562 E.01859
G1 X193.438 Y107.3 E.15231
G1 X194.001 Y107.3 E.01859
G1 X196.7 Y109.999 E.12603
G1 X196.7 Y109.436 E.01859
G1 X194.564 Y107.3 E.09974
G1 X195.127 Y107.3 E.01859
G1 X196.7 Y108.873 E.07345
G1 X196.7 Y108.31 E.01859
G1 X195.69 Y107.3 E.04716
G1 X196.253 Y107.3 E.01859
G1 X196.879 Y107.926 E.02923
;LAYER_CHANGE
;Z:3.6
;HEIGHT:0.2
;BEFORE_LAYER_CHANGE
G92 E0
;3.6


G1 E-3.5 F3600
;WIPE_START
G1 F7200
G1 X196.253 Y107.3 E-.42052
G1 X195.69 Y107.3 E-.26743
G1 X196.7 Y108.31 E-.67847
G1 X196.7 Y108.591 E-.13358
;WIPE_END
G1 Z3.6 F9000
;AFTER_LAYER_CHANGE
;3.6
G1 X197.006 Y106.994
G1 E5 F2400
;TYPE:Perimeter
;WIDTH:0.439999
G1 X197.006 Y124.006 E.56169
G1 X165.276 Y124.006 E1.04764
G1 X163.313 Y123.467 E.06721
G1 X161.217 Y122.956 E.07123
G1 X159.446 Y122.575 E.05981
G1 X156.963 Y122.105 E.08344
G1 X154.817 Y121.769 E.07172
G1 X152.664 Y121.495 E.07166
G1 X150.504 Y121.281 E.07167
G1 X148.339 Y121.128 E.07166
G1 X146.17 Y121.036 E.07168
G1 X144.007 Y121.006 E.07142
G1 X86.993 Y121.006 E1.88245
G1 X84.83 Y121.036 E.07142
G1 X82.661 Y121.128 E.07168
G1 X80.496 Y121.281 E.07166
G1 X78.336 Y121.495 E.07167
G1 X76.183 Y121.769 E.07166
G1 X74.394 Y122.049 E.05979
G1 X71.907 Y122.5 E.08345
G1 X69.783 Y122.956 E.07173
G1 X67.674 Y123.471 E.07168
G1 X65.724 Y124.006 E.06676
G1 X33.994 Y124.006 E1.04764
G1 X33.994 Y106.994 E.56169
G1 X65.724 Y106.994 E1.04764
G1 X67.687 Y107.533 E.06721
G1 X69.783 Y108.044 E.07123
G1 X71.905 Y108.5 E.07166
G1 X74.039 Y108.895 E.07166
G1 X76.183 Y109.231 E.07165
G1 X78.336 Y109.505 E.07166
G1 X80.496 Y109.719 E.07167
G1 X82.661 Y109.872 E.07166
G1 X84.83 Y109.964 E.07168
G1 X86.993 Y109.994 E.07142
G1 X144.007 Y109.994 E1.88245
G1 X146.17 Y109.964 E.07142
G1 X148.339 Y109.872 E.07168
G1 X150.504 Y109.719 E.07166
G1 X152.664 Y109.505 E.07167
G1 X154.817 Y109.231 E.07166
G1 X156.961 Y108.895 E.07165
G1 X159.095 Y108.5 E.07166
G1 X161.217 Y108.044 E.07166
G1 X163.326 Y107.529 E.07168
G1 X165.276 Y106.994 E.06676
G1 X196.946 Y106.994 E1.04566
G1 X197.403 Y106.597 F9000
G1 F2400
G1 X197.403 Y124.403 E.58791
G1 X165.223 Y124.403 E1.0625
G1 X163.218 Y123.853 E.06865
G1 X161.129 Y123.343 E.071
G1 X159.368 Y122.965 E.05947
G1 X156.896 Y122.496 E.08307
G1 X154.761 Y122.163 E.07134
G1 X152.619 Y121.889 E.0713
G1 X150.47 Y121.677 E.0713
G1 X148.316 Y121.525 E.0713
G1 X146.159 Y121.433 E.07128
G1 X144.004 Y121.403 E.07116
G1 X86.996 Y121.403 E1.88225
G1 X84.841 Y121.433 E.07116
G1 X82.684 Y121.525 E.07128
G1 X80.53 Y121.677 E.0713
G1 X78.381 Y121.889 E.0713
G1 X76.239 Y122.163 E.0713
G1 X74.46 Y122.441 E.05945
G1 X71.984 Y122.889 E.08308
G1 X69.871 Y123.343 E.07136
G1 X67.774 Y123.855 E.07127
G1 X65.777 Y124.403 E.06837
G1 X33.597 Y124.403 E1.0625
G1 X33.597 Y106.597 E.58791
G1 X65.777 Y106.597 E1.0625
G1 X67.782 Y107.147 E.06865
G1 X69.871 Y107.657 E.071
G1 X71.983 Y108.111 E.07133
G1 X74.106 Y108.504 E.07129
G1 X76.239 Y108.837 E.07128
G1 X78.381 Y109.111 E.0713
G1 X80.53 Y109.323 E.0713
G1 X82.684 Y109.475 E.0713
G1 X84.841 Y109.567 E.07128
G1 X86.996 Y109.597 E.07116
G1 X144.004 Y109.597 E1.88225
G1 X146.159 Y109.567 E.07116
G1 X148.316 Y109.475 E.07128
G1 X150.47 Y109.323 E.0713
G1 X152.619 Y109.111 E.0713
G1 X154.761 Y108.837 E.0713
G1 X156.894 Y108.504 E.07128
G1 X159.018 Y108.111 E.07132
G1 X161.129 Y107.657 E.07129
G1 X163.226 Y107.145 E.07127
G1 X165.223 Y106.597 E.06837
G1 X197.343 Y106.597 E1.06051
G1 X197.79 Y106.21 F9000
;TYPE:External perimeter
;WIDTH:0.419999
G1 F1500
G1 X197.79 Y124.79 E.58256
G1 X165.171 Y124.79 E1.02274
G1 X163.126 Y124.229 E.06649
G1 X161.042 Y123.72 E.06726
G1 X159.291 Y123.344 E.05615
G1 X156.83 Y122.878 E.07853
G1 X154.707 Y122.546 E.06737
G1 X152.576 Y122.274 E.06736
G1 X150.438 Y122.062 E.06736
G1 X148.295 Y121.911 E.06736
G1 X146.148 Y121.82 E.06738
G1 X144 Y121.79 E.06736
G1 X86.997 Y121.79 E1.78729
G1 X84.852 Y121.82 E.06726
G1 X82.705 Y121.911 E.06738
G1 X80.562 Y122.062 E.06736
G1 X78.425 Y122.274 E.06733
G1 X76.293 Y122.546 E.06739
G1 X74.524 Y122.822 E.05614
G1 X72.059 Y123.269 E.07855
G1 X69.958 Y123.72 E.06738
G1 X67.871 Y124.23 E.06736
G1 X65.829 Y124.79 E.06639
G1 X33.21 Y124.79 E1.02274
G1 X33.21 Y106.21 E.58256
G1 X65.829 Y106.21 E1.02274
G1 X67.874 Y106.771 E.06649
G1 X69.958 Y107.28 E.06726
G1 X72.058 Y107.731 E.06735
G1 X74.171 Y108.122 E.06738
G1 X76.293 Y108.454 E.06734
G1 X78.425 Y108.726 E.06739
G1 X80.562 Y108.938 E.06733
G1 X82.705 Y109.089 E.06736
G1 X84.852 Y109.18 E.06738
G1 X87 Y109.21 E.06736
G1 X144.003 Y109.21 E1.78729
G1 X146.148 Y109.18 E.06726
G1 X148.294 Y109.089 E.06735
G1 X150.438 Y108.938 E.06739
G1 X152.576 Y108.726 E.06736
G1 X154.707 Y108.454 E.06736
G1 X156.829 Y108.122 E.06734
G1 X158.942 Y107.731 E.06738
G1 X161.042 Y107.28 E.06735
G1 X163.129 Y106.77 E.06736
G1 X165.171 Y106.21 E.06639
G1 X197.73 Y106.21 E1.02086
G1 E-3.5 F3600
;WIPE_START
G1 F7200
G1 X197.79 Y106.21 E-.0285
G1 X197.79 Y109.308 E-1.4715
;WIPE_END
G1 X34.408 Y107.332 F9000
G1 E5 F2400
;TYPE:Solid infill
;WIDTH:0.53634
G1 X34.364 Y107.289 E.00252
G1 X34.304 Y107.304 E.00254
G1 X34.289 Y107.364 E.00254
G1 X34.332 Y107.408 E.00252
G1 X34.392 Y107.392 E.00255
;WIDTH:0.439999
G1 X34.3 Y108.026 E.02115
G1 X35.026 Y107.3 E.0339
G1 X35.587 Y107.3 E.01852
G1 X34.3 Y108.587 E.06009
G1 X34.3 Y109.149 E.01856
G1 X36.149 Y107.3 E.08634
G1 X36.711 Y107.3 E.01856
G1 X34.3 Y109.711 E.11258
G1 X34.3 Y110.272 E.01852
G1 X37.272 Y107.3 E.13877
G1 X37.834 Y107.3 E.01856
G1 X34.3 Y110.834 E.16501
G1 X34.3 Y111.395 E.01852
G1 X38.395 Y107.3 E.19121
G1 X38.957 Y107.3 E.01856
G1 X34.3 Y111.957 E.21745
G1 X34.3 Y112.518 E.01852
G1 X39.518 Y107.3 E.24365
G1 X40.08 Y107.3 E.01856
G1 X34.3 Y113.08 E.26989
G1 X34.3 Y113.641 E.01852
G1 X40.641 Y107.3 E.29608
G1 X41.203 Y107.3 E.01856
G1 X34.3 Y114.203 E.32232
G1 X34.3 Y114.765 E.01856
G1 X41.765 Y107.3 E.34857
G1 X42.326 Y107.3 E.01852
G1 X34.3 Y115.326 E.37476
G1 X34.3 Y115.888 E.01856
G1 X42.888 Y107.3 E.401
G1 X43.449 Y107.3 E.01852
G1 X34.3 Y116.449 E.4272
G1 X34.3 Y117.011 E.01856
G1 X44.011 Y107.3 E.45344
G1 X44.572 Y107.3 E.01852
G1 X34.3 Y117.572 E.47964
G1 X34.3 Y118.134 E.01856
G1 X45.134 Y107.3 E.50588
G1 X45.695 Y107.3 E.01852
G1 X34.3 Y118.695 E.53207
G1 X34.3 Y119.257 E.01856
G1 X46.257 Y107.3 E.55831
G1 X46.819 Y107.3 E.01856
G1 X34.3 Y119.819 E.58456
G1 X34.3 Y120.38 E.01852
G1 X47.38 Y107.3 E.61075
G1 X47.942 Y107.3 E.01856
G1 X34.3 Y120.942 E.63699
G1 X34.3 Y121.503 E.01852
G1 X48.503 Y107.3 E.66319
G1 X49.065 Y107.3 E.01856
G1 X34.3 Y122.065 E.68943
G1 X34.3 Y122.626 E.01852
G1 X49.626 Y107.3 E.71562
G1 X50.188 Y107.3 E.01856
G1 X34.3 Y123.188 E.74187
G1 X34.349 Y123.7 E.01698
G1 X50.749 Y107.3 E.76577
G1 X51.311 Y107.3 E.01856
G1 X34.911 Y123.7 E.76577
G1 X35.472 Y123.7 E.01852
G1 X51.873 Y107.3 E.7658
G1 X52.434 Y107.3 E.01852
G1 X36.034 Y123.7 E.76577
G1 X36.595 Y123.7 E.01852
G1 X52.996 Y107.3 E.7658
G1 X53.557 Y107.3 E.01852
G1 X37.157 Y123.7 E.76577
G1 X37.719 Y123.7 E.01856
G1 X54.119 Y107.3 E.76577
G1 X54.68 Y107.3 E.01852
G1 X38.28 Y123.7 E.76577
G1 X38.842 Y123.7 E.01856
G1 X55.242 Y107.3 E.76577
G1 X55.803 Y107.3 E.01852
G1 X39.403 Y123.7 E.76577
G1 X39.965 Y123.7 E.01856
G1 X56.365 Y107.3 E.76577
G1 X56.927 Y107.3 E.01856
G1 X40.526 Y123.7 E.7658
G1 X41.088 Y123.7 E.01856
G1 X57.488 Y107.3 E.76577
G1 X58.05 Y107.3 E.01856
G1 X41.649 Y123.7 E.7658
G1 X42.211 Y123.7 E.01856
G1 X58.611 Y107.3 E.76577
G1 X59.173 Y107.3 E.01856
G1 X42.773 Y123.7 E.76577
G1 X43.334 Y123.7 E.01852
G1 X59.734 Y107.3 E.76577
G1 X60.296 Y107.3 E.01856
G1 X43.896 Y123.7 E.76577
G1 X44.457 Y123.7 E.01852
G1 X60.857 Y107.3 E.76577
G1 X61.419 Y107.3 E.01856
G1 X45.019 Y123.7 E.76577
G1 X45.58 Y123.7 E.01852
G1 X61.981 Y107.3 E.7658
G1 X62.542 Y107.3 E.01852
G1 X46.142 Y123.7 E.76577
G1 X46.703 Y123.7 E.01852
G1 X63.104 Y107.3 E.7658
G1 X63.665 Y107.3 E.01852
G1 X47.265 Y123.7 E.76577
G1 X47.827 Y123.7 E.01856
G1 X64.227 Y107.3 E.76577
G1 X64.788 Y107.3 E.01852
G1 X48.388 Y123.7 E.76577
G1 X48.95 Y123.7 E.01856
G1 X65.35 Y107.3 E.76577
G1 X65.862 Y107.349 E.01698
G1 X49.511 Y123.7 E.76348
G1 X50.073 Y123.7 E.01856
G1 X66.303 Y107.47 E.75783
G1 X66.744 Y107.591 E.0151
G1 X50.634 Y123.7 E.75221
G1 X51.196 Y123.7 E.01856
G1 X67.184 Y107.712 E.74653
G1 X67.625 Y107.832 E.01509
G1 X51.757 Y123.7 E.74093
G1 X52.319 Y123.7 E.01856
G1 X68.077 Y107.942 E.7358
G1 X68.528 Y108.053 E.01534
G1 X52.881 Y123.7 E.73061
G1 X53.442 Y123.7 E.01852
G1 X68.979 Y108.163 E.72548
G1 X69.431 Y108.273 E.01536
G1 X54.004 Y123.7 E.72034
G1 X54.565 Y123.7 E.01852
G1 X69.886 Y108.379 E.71539
G1 X70.349 Y108.478 E.01563
G1 X55.127 Y123.7 E.71077
G1 X55.688 Y123.7 E.01852
G1 X70.811 Y108.578 E.70612
G1 X71.273 Y108.677 E.0156
G1 X56.25 Y123.7 E.70148
G1 X56.811 Y123.7 E.01852
G1 X71.735 Y108.776 E.69685
G1 X72.207 Y108.866 E.01586
G1 X57.373 Y123.7 E.69265
G1 X57.935 Y123.7 E.01856
G1 X72.68 Y108.954 E.68852
G1 X73.154 Y109.042 E.01592
G1 X58.496 Y123.7 E.68443
G1 X59.058 Y123.7 E.01856
G1 X73.628 Y109.13 E.68032
G1 X74.104 Y109.215 E.01596
G1 X59.619 Y123.7 E.67635
G1 X60.181 Y123.7 E.01856
G1 X74.59 Y109.291 E.67281
G1 X75.076 Y109.367 E.01624
G1 X60.742 Y123.7 E.66928
G1 X61.304 Y123.7 E.01856
G1 X75.561 Y109.443 E.66571
G1 X76.047 Y109.518 E.01624
G1 X61.865 Y123.7 E.66221
G1 X62.427 Y123.7 E.01856
G1 X76.542 Y109.585 E.65908
G1 X77.04 Y109.648 E.01657
G1 X62.989 Y123.7 E.65611
G1 X63.55 Y123.7 E.01852
G1 X77.538 Y109.712 E.65315
G1 X78.037 Y109.775 E.01661
G1 X64.112 Y123.7 E.65021
G1 X64.673 Y123.7 E.01852
G1 X78.541 Y109.832 E.64754
G1 X79.052 Y109.883 E.01696
G1 X65.235 Y123.7 E.64516
G1 X65.839 Y123.657 E.01999
G1 X79.563 Y109.934 E.6408
G1 X80.074 Y109.984 E.01695
G1 X66.613 Y123.445 E.62854
G1 X66.495 Y123.521 E.00463
;WIDTH:0.41146
G1 X66.376 Y123.598 E.00434
;WIDTH:0.38292
G1 X66.305 Y123.579 E.00208
G1 X66.324 Y123.65 E.00208
G1 X66.365 Y123.639 E.0012
G1 X67.258 Y123.422 F9000
G1 F2400
G1 X67.109 Y123.397 E.00427
;WIDTH:0.41146
G1 X67.248 Y123.315 E.00495
;WIDTH:0.439999
G1 X67.387 Y123.233 E.00533
G1 X80.588 Y110.032 E.6164
G1 X81.112 Y110.069 E.01734
G1 X68.139 Y123.042 E.60575
G1 X68.882 Y122.861 E.02525
G1 X81.637 Y110.106 E.59557
G1 X82.161 Y110.143 E.01734
G1 X69.625 Y122.679 E.58535
G1 X70.343 Y122.523 E.02426
G1 X82.687 Y110.179 E.57638
G1 X83.226 Y110.201 E.01781
G1 X71.058 Y122.369 E.56817
G1 X71.773 Y122.216 E.02414
G1 X83.764 Y110.224 E.55992
G1 X84.303 Y110.247 E.01781
G1 X72.462 Y122.089 E.55292
G1 X73.148 Y121.964 E.02302
G1 X84.843 Y110.269 E.54608
G1 X85.396 Y110.277 E.01826
G1 X73.834 Y121.84 E.53989
G1 X74.514 Y121.721 E.02279
G1 X85.95 Y110.285 E.53399
G1 X86.504 Y110.293 E.01829
G1 X75.18 Y121.617 E.52876
G1 X75.845 Y121.513 E.02222
G1 X87.058 Y110.3 E.52357
G1 X87.62 Y110.3 E.01856
G1 X76.498 Y121.421 E.5193
G1 X77.142 Y121.339 E.02143
G1 X88.181 Y110.3 E.51545
G1 X88.743 Y110.3 E.01856
G1 X77.786 Y121.257 E.51162
G1 X78.425 Y121.179 E.02125
G1 X89.305 Y110.3 E.508
G1 X89.866 Y110.3 E.01852
G1 X79.049 Y121.117 E.50508
G1 X79.672 Y121.055 E.02067
G1 X90.428 Y110.3 E.50221
G1 X90.989 Y110.3 E.01852
G1 X80.295 Y120.994 E.49934
G1 X80.905 Y120.946 E.0202
G1 X91.551 Y110.3 E.4971
G1 X92.112 Y110.3 E.01852
G1 X81.509 Y120.903 E.49509
G1 X82.113 Y120.861 E.01999
G1 X92.674 Y110.3 E.49313
G1 X93.235 Y110.3 E.01852
G1 X82.716 Y120.82 E.49119
G1 X83.302 Y120.795 E.01937
G1 X93.797 Y110.3 E.49005
G1 X94.358 Y110.3 E.01852
G1 X83.888 Y120.77 E.48888
G1 X84.474 Y120.746 E.01936
G1 X94.92 Y110.3 E.48776
G1 X95.482 Y110.3 E.01856
G1 X85.054 Y120.727 E.4869
G1 X85.624 Y120.719 E.01882
G1 X96.043 Y110.3 E.4865
G1 X96.605 Y110.3 E.01856
G1 X86.193 Y120.711 E.48615
G1 X86.763 Y120.703 E.01882
G1 X97.166 Y110.3 E.48575
G1 X97.728 Y110.3 E.01856
G1 X87.328 Y120.7 E.48561
G1 X87.889 Y120.7 E.01852
G1 X98.289 Y110.3 E.48561
G1 X98.851 Y110.3 E.01856
G1 X88.451 Y120.7 E.48561
G1 X89.012 Y120.7 E.01852
G1 X99.412 Y110.3 E.48561
G1 X99.974 Y110.3 E.01856
G1 X89.574 Y120.7 E.48561
G1 X90.135 Y120.7 E.01852
G1 X100.536 Y110.3 E.48564
G1 X101.097 Y110.3 E.01852
G1 X90.697 Y120.7 E.48561
G1 X91.259 Y120.7 E.01856
G1 X101.659 Y110.3 E.48561
G1 X102.22 Y110.3 E.01852
G1 X91.82 Y120.7 E.48561
G1 X92.382 Y120.7 E.01856
G1 X102.782 Y110.3 E.48561
G1 X103.343 Y110.3 E.01852
G1 X92.943 Y120.7 E.48561
G1 X93.505 Y120.7 E.01856
G1 X103.905 Y110.3 E.48561
G1 X104.466 Y110.3 E.01852
G1 X94.066 Y120.7 E.48561
G1 X94.628 Y120.7 E.01856
G1 X105.028 Y110.3 E.48561
G1 X105.59 Y110.3 E.01856
G1 X95.189 Y120.7 E.48564
G1 X95.751 Y120.7 E.01856
G1 X106.151 Y110.3 E.48561
G1 X106.713 Y110.3 E.01856
G1 X96.313 Y120.7 E.48561
G1 X96.874 Y120.7 E.01852
G1 X107.274 Y110.3 E.48561
G1 X107.836 Y110.3 E.01856
G1 X97.436 Y120.7 E.48561
G1 X97.997 Y120.7 E.01852
G1 X108.397 Y110.3 E.48561
G1 X108.959 Y110.3 E.01856
G1 X98.559 Y120.7 E.48561
G1 X99.12 Y120.7 E.01852
G1 X109.52 Y110.3 E.48561
G1 X110.082 Y110.3 E.01856
G1 X99.682 Y120.7 E.48561
G1 X100.243 Y120.7 E.01852
G1 X110.644 Y110.3 E.48564
G1 X111.205 Y110.3 E.01852
G1 X100.805 Y120.7 E.48561
G1 X101.367 Y120.7 E.01856
G1 X111.767 Y110.3 E.48561
G1 X112.328 Y110.3 E.01852
G1 X101.928 Y120.7 E.48561
G1 X102.49 Y120.7 E.01856
G1 X112.89 Y110.3 E.48561
G1 X113.451 Y110.3 E.01852
G1 X103.051 Y120.7 E.48561
G1 X103.613 Y120.7 E.01856
G1 X114.013 Y110.3 E.48561
G1 X114.574 Y110.3 E.01852
G1 X104.174 Y120.7 E.48561
G1 X104.736 Y120.7 E.01856
G1 X115.136 Y110.3 E.48561
G1 X115.698 Y110.3 E.01856
G1 X105.297 Y120.7 E.48564
G1 X105.859 Y120.7 E.01856
G1 X116.259 Y110.3 E.48561
G1 X116.821 Y110.3 E.01856
G1 X106.42 Y120.7 E.48564
G1 X106.982 Y120.7 E.01856
G1 X117.382 Y110.3 E.48561
G1 X117.944 Y110.3 E.01856
G1 X107.544 Y120.7 E.48561
G1 X108.105 Y120.7 E.01852
G1 X118.505 Y110.3 E.48561
G1 X119.067 Y110.3 E.01856
G1 X108.667 Y120.7 E.48561
G1 X109.228 Y120.7 E.01852
G1 X119.628 Y110.3 E.48561
G1 X120.19 Y110.3 E.01856
G1 X109.79 Y120.7 E.48561
G1 X110.351 Y120.7 E.01852
G1 X120.752 Y110.3 E.48564
G1 X121.313 Y110.3 E.01852
G1 X110.913 Y120.7 E.48561
G1 X111.474 Y120.7 E.01852
G1 X121.875 Y110.3 E.48564
G1 X122.436 Y110.3 E.01852
G1 X112.036 Y120.7 E.48561
G1 X112.598 Y120.7 E.01856
G1 X122.998 Y110.3 E.48561
G1 X123.559 Y110.3 E.01852
G1 X113.159 Y120.7 E.48561
G1 X113.721 Y120.7 E.01856
G1 X124.121 Y110.3 E.48561
G1 X124.682 Y110.3 E.01852
G1 X114.282 Y120.7 E.48561
G1 X114.844 Y120.7 E.01856
G1 X125.244 Y110.3 E.48561
G1 X125.806 Y110.3 E.01856
G1 X115.405 Y120.7 E.48564
G1 X115.967 Y120.7 E.01856
G1 X126.367 Y110.3 E.48561
G1 X126.929 Y110.3 E.01856
G1 X116.528 Y120.7 E.48564
G1 X117.09 Y120.7 E.01856
G1 X127.49 Y110.3 E.48561
G1 X128.052 Y110.3 E.01856
G1 X117.652 Y120.7 E.48561
G1 X118.213 Y120.7 E.01852
G1 X128.613 Y110.3 E.48561
G1 X129.175 Y110.3 E.01856
G1 X118.775 Y120.7 E.48561
G1 X119.336 Y120.7 E.01852
G1 X129.736 Y110.3 E.48561
G1 X130.298 Y110.3 E.01856
G1 X119.898 Y120.7 E.48561
G1 X120.459 Y120.7 E.01852
G1 X130.86 Y110.3 E.48564
G1 X131.421 Y110.3 E.01852
G1 X121.021 Y120.7 E.48561
G1 X121.582 Y120.7 E.01852
G1 X131.983 Y110.3 E.48564
G1 X132.544 Y110.3 E.01852
G1 X122.144 Y120.7 E.48561
G1 X122.706 Y120.7 E.01856
G1 X133.106 Y110.3 E.48561
G1 X133.667 Y110.3 E.01852
G1 X123.267 Y120.7 E.48561
G1 X123.829 Y120.7 E.01856
G1 X134.229 Y110.3 E.48561
G1 X134.79 Y110.3 E.01852
G1 X124.39 Y120.7 E.48561
G1 X124.952 Y120.7 E.01856
G1 X135.352 Y110.3 E.48561
G1 X135.914 Y110.3 E.01856
G1 X125.513 Y120.7 E.48564
G1 X126.075 Y120.7 E.01856
G1 X136.475 Y110.3 E.48561
G1 X137.037 Y110.3 E.01856
G1 X126.636 Y120.7 E.48564
G1 X127.198 Y120.7 E.01856
G1 X137.598 Y110.3 E.48561
G1 X138.16 Y110.3 E.01856
G1 X127.76 Y120.7 E.48561
G1 X128.321 Y120.7 E.01852
G1 X138.721 Y110.3 E.48561
G1 X139.283 Y110.3 E.01856
G1 X128.883 Y120.7 E.48561
G1 X129.444 Y120.7 E.01852
G1 X139.844 Y110.3 E.48561
G1 X140.406 Y110.3 E.01856
G1 X130.006 Y120.7 E.48561
G1 X130.567 Y120.7 E.01852
G1 X140.968 Y110.3 E.48564
G1 X141.529 Y110.3 E.01852
G1 X131.129 Y120.7 E.48561
G1 X131.69 Y120.7 E.01852
G1 X142.091 Y110.3 E.48564
G1 X142.652 Y110.3 E.01852
G1 X132.252 Y120.7 E.48561
G1 X132.814 Y120.7 E.01856
G1 X143.214 Y110.3 E.48561
G1 X143.775 Y110.3 E.01852
G1 X133.375 Y120.7 E.48561
G1 X133.937 Y120.7 E.01856
G1 X144.342 Y110.295 E.48585
G1 X144.911 Y110.287 E.01879
G1 X134.498 Y120.7 E.48622
G1 X135.06 Y120.7 E.01856
G1 X145.481 Y110.279 E.48659
G1 X146.05 Y110.271 E.01879
G1 X135.621 Y120.7 E.48697
G1 X136.183 Y120.7 E.01856
G1 X146.633 Y110.25 E.48795
G1 X147.219 Y110.225 E.01937
G1 X136.744 Y120.7 E.48911
G1 X137.306 Y120.7 E.01856
G1 X147.806 Y110.2 E.49028
G1 X148.394 Y110.174 E.01943
G1 X137.868 Y120.7 E.4915
G1 X138.429 Y120.7 E.01852
G1 X148.998 Y110.132 E.49348
G1 X149.602 Y110.089 E.01999
G1 X138.991 Y120.7 E.49546
G1 X139.552 Y120.7 E.01852
G1 X150.206 Y110.047 E.49745
G1 X150.819 Y109.995 E.02031
G1 X140.114 Y120.7 E.49985
G1 X140.675 Y120.7 E.01852
G1 X151.442 Y109.933 E.50275
G1 X152.066 Y109.871 E.0207
G1 X141.237 Y120.7 E.50564
G1 X141.798 Y120.7 E.01852
G1 X152.689 Y109.81 E.50851
G1 X153.332 Y109.728 E.0214
G1 X142.36 Y120.7 E.51232
G1 X142.922 Y120.7 E.01856
G1 X153.976 Y109.646 E.51615
G1 X154.62 Y109.564 E.02143
G1 X143.483 Y120.7 E.52
G1 X144.044 Y120.701 E.01852
G1 X155.277 Y109.468 E.52451
G1 X155.942 Y109.364 E.02222
G1 X144.598 Y120.709 E.52971
G1 X145.151 Y120.716 E.01826
G1 X156.608 Y109.26 E.53494
G1 X157.283 Y109.147 E.0226
G1 X145.705 Y120.724 E.54059
G1 X146.257 Y120.734 E.01823
G1 X157.972 Y109.019 E.54701
G1 X158.662 Y108.891 E.02317
G1 X146.796 Y120.757 E.55406
G1 X147.334 Y120.78 E.01778
G1 X159.358 Y108.756 E.56144
G1 X160.073 Y108.603 E.02414
G1 X147.873 Y120.803 E.56966
G1 X148.411 Y120.827 E.01778
G1 X160.788 Y108.449 E.57795
G1 X161.511 Y108.287 E.02446
G1 X148.935 Y120.864 E.58724
G1 X149.459 Y120.901 E.01734
G1 X162.254 Y108.106 E.59744
G1 X162.998 Y107.924 E.02529
G1 X149.984 Y120.938 E.60767
G1 X150.508 Y120.975 E.01734
G1 X163.755 Y107.728 E.61855
G1 X163.894 Y107.646 E.00533
;WIDTH:0.41146
G1 X164.033 Y107.564 E.00495
;WIDTH:0.38292
G1 X163.883 Y107.539 E.0043
;WIDTH:0.439999
G1 X164.529 Y107.516 E.02134
G1 X151.02 Y121.025 E.63078
G1 X151.531 Y121.076 E.01696
G1 X165.302 Y107.304 E.64304
G1 X165.868 Y107.3 E.01869
G1 X152.042 Y121.126 E.64558
G1 X152.553 Y121.177 E.01696
G1 X166.43 Y107.3 E.64796
G1 X166.991 Y107.3 E.01852
G1 X153.055 Y121.236 E.65072
G1 X153.553 Y121.3 E.01658
G1 X167.553 Y107.3 E.65371
G1 X168.114 Y107.3 E.01852
G1 X154.051 Y121.363 E.65665
G1 X154.549 Y121.427 E.01658
G1 X168.676 Y107.3 E.65964
G1 X169.237 Y107.3 E.01852
G1 X155.042 Y121.496 E.66284
G1 X155.528 Y121.571 E.01624
G1 X169.799 Y107.3 E.66636
G1 X170.361 Y107.3 E.01856
G1 X156.013 Y121.647 E.66993
G1 X156.499 Y121.723 E.01624
G1 X170.922 Y107.3 E.67346
G1 X171.484 Y107.3 E.01856
G1 X156.984 Y121.799 E.67703
G1 X157.458 Y121.887 E.01592
G1 X172.045 Y107.3 E.68112
G1 X172.607 Y107.3 E.01856
G1 X157.93 Y121.977 E.68532
G1 X158.402 Y122.066 E.01586
G1 X173.168 Y107.3 E.68948
G1 X173.73 Y107.3 E.01856
G1 X158.874 Y122.156 E.69368
G1 X159.346 Y122.245 E.01586
G1 X174.291 Y107.3 E.69783
G1 X174.853 Y107.3 E.01856
G1 X159.812 Y122.341 E.70232
G1 X160.274 Y122.44 E.0156
G1 X175.415 Y107.3 E.70696
G1 X175.976 Y107.3 E.01852
G1 X160.736 Y122.54 E.71161
G1 X161.198 Y122.639 E.0156
G1 X176.538 Y107.3 E.71625
G1 X177.099 Y107.3 E.01852
G1 X161.652 Y122.747 E.72127
G1 X162.103 Y122.857 E.01533
G1 X177.661 Y107.3 E.72643
G1 X178.222 Y107.3 E.01852
G1 X162.555 Y122.968 E.73157
G1 X163.006 Y123.078 E.01533
G1 X178.784 Y107.3 E.73673
G1 X179.345 Y107.3 E.01852
G1 X163.456 Y123.19 E.74194
G1 X163.896 Y123.311 E.01507
G1 X179.907 Y107.3 E.74761
G1 X180.469 Y107.3 E.01856
G1 X164.337 Y123.431 E.75324
G1 X164.778 Y123.552 E.0151
G1 X181.03 Y107.3 E.75886
G1 X181.592 Y107.3 E.01856
G1 X165.219 Y123.673 E.76451
G1 X165.753 Y123.7 E.01765
G1 X182.153 Y107.3 E.76577
G1 X182.715 Y107.3 E.01856
G1 X166.315 Y123.7 E.76577
G1 X166.876 Y123.7 E.01852
G1 X183.276 Y107.3 E.76577
G1 X183.838 Y107.3 E.01856
G1 X167.438 Y123.7 E.76577
G1 X167.999 Y123.7 E.01852
G1 X184.399 Y107.3 E.76577
G1 X184.961 Y107.3 E.01856
G1 X168.561 Y123.7 E.76577
G1 X169.122 Y123.7 E.01852
G1 X185.523 Y107.3 E.7658
G1 X186.084 Y107.3 E.01852
G1 X169.684 Y123.7 E.76577
G1 X170.245 Y123.7 E.01852
G1 X186.646 Y107.3 E.7658
G1 X187.207 Y107.3 E.01852
G1 X170.807 Y123.7 E.76577
G1 X171.369 Y123.7 E.01856
G1 X187.769 Y107.3 E.76577
G1 X188.33 Y107.3 E.01852
G1 X171.93 Y123.7 E.76577
G1 X172.492 Y123.7 E.01856
G1 X188.892 Y107.3 E.76577
G1 X189.453 Y107.3 E.01852
G1 X173.053 Y123.7 E.76577
G1 X173.615 Y123.7 E.01856
G1 X190.015 Y107.3 E.76577
G1 X190.577 Y107.3 E.01856
G1 X174.176 Y123.7 E.7658
G1 X174.738 Y123.7 E.01856
G1 X191.138 Y107.3 E.76577
G1 X191.7 Y107.3 E.01856
G1 X175.299 Y123.7 E.7658
G1 X175.861 Y123.7 E.01856
G1 X192.261 Y107.3 E.76577
G1 X192.823 Y107.3 E.01856
G1 X176.423 Y123.7 E.76577
G1 X176.984 Y123.7 E.01852
G1 X193.384 Y107.3 E.76577
G1 X193.946 Y107.3 E.01856
G1 X177.546 Y123.7 E.76577
G1 X178.107 Y123.7 E.01852
G1 X194.507 Y107.3 E.76577
G1 X195.069 Y107.3 E.01856
G1 X178.669 Y123.7 E.76577
G1 X179.23 Y123.7 E.01852
G1 X195.631 Y107.3 E.7658
G1 X196.192 Y107.3 E.01852
G1 X179.792 Y123.7 E.76577
G1 X180.353 Y123.7 E.01852
G1 X196.7 Y107.353 E.7633
G1 X196.771 Y107.255 E.004
;WIDTH:0.41146
G1 X196.843 Y107.157 E.00373
;WIDTH:0.38292
G1 X196.74 Y107.152 E.00292
;WIDTH:0.439999
G1 X196.7 Y107.915 E.02523
G1 X180.915 Y123.7 E.73706
G1 X181.477 Y123.7 E.01856
G1 X196.7 Y108.477 E.71081
G1 X196.7 Y109.038 E.01852
G1 X182.038 Y123.7 E.68462
G1 X182.6 Y123.7 E.01856
G1 X196.7 Y109.6 E.65838
G1 X196.7 Y110.161 E.01852
G1 X183.161 Y123.7 E.63218
G1 X183.723 Y123.7 E.01856
G1 X196.7 Y110.723 E.60594
G1 X196.7 Y111.284 E.01852
G1 X184.284 Y123.7 E.57975
G1 X184.846 Y123.7 E.01856
G1 X196.7 Y111.846 E.5535
G1 X196.7 Y112.407 E.01852
G1 X185.407 Y123.7 E.52731
G1 X185.969 Y123.7 E.01856
G1 X196.7 Y112.969 E.50107
G1 X196.7 Y113.531 E.01856
G1 X186.531 Y123.7 E.47483
G1 X187.092 Y123.7 E.01852
G1 X196.7 Y114.092 E.44863
G1 X196.7 Y114.654 E.01856
G1 X187.654 Y123.7 E.42239
G1 X188.215 Y123.7 E.01852
G1 X196.7 Y115.215 E.39619
G1 X196.7 Y115.777 E.01856
G1 X188.777 Y123.7 E.36995
G1 X189.338 Y123.7 E.01852
G1 X196.7 Y116.338 E.34376
G1 X196.7 Y116.9 E.01856
G1 X189.9 Y123.7 E.31752
G1 X190.461 Y123.7 E.01852
G1 X196.7 Y117.461 E.29132
G1 X196.7 Y118.023 E.01856
G1 X191.023 Y123.7 E.26508
G1 X191.585 Y123.7 E.01856
G1 X196.7 Y118.585 E.23884
G1 X196.7 Y119.146 E.01852
G1 X192.146 Y123.7 E.21264
G1 X192.708 Y123.7 E.01856
G1 X196.7 Y119.708 E.1864
G1 X196.7 Y120.269 E.01852
G1 X193.269 Y123.7 E.16021
G1 X193.831 Y123.7 E.01856
G1 X196.7 Y120.831 E.13396
G1 X196.7 Y121.392 E.01852
G1 X194.392 Y123.7 E.10777
G1 X194.954 Y123.7 E.01856
G1 X196.7 Y121.954 E.08153
G1 X196.626 Y122.695 E.02459
;WIDTH:0.58843
G1 X196.626 Y123.626 E.04223
G1 X195.695 Y123.626 E.04223
G1 X196.485 Y122.835 E.05071
;LAYER_CHANGE
;Z:3.8
;HEIGHT:0.2
;BEFORE_LAYER_CHANGE
G92 E0
;3.8


G1 E-3.5 F3600
;WIPE_START
G1 F7200
G1 X195.695 Y123.626 E-.53102
G1 X196.626 Y123.626 E-.44223
G1 X196.626 Y122.695 E-.44222
G1 X196.644 Y122.518 E-.08453
;WIPE_END
G1 Z3.8 F9000
;AFTER_LAYER_CHANGE
;3.8
G1 X197.006 Y124.006
G1 E5 F2400
;TYPE:Perimeter
;WIDTH:0.439999
G1 X165.276 Y124.006 E1.04764
G1 X163.313 Y123.467 E.06721
G1 X161.217 Y122.956 E.07123
G1 X159.095 Y122.5 E.07166
G1 X156.961 Y122.105 E.07166
G1 X154.817 Y121.769 E.07165
G1 X152.664 Y121.495 E.07166
G1 X150.504 Y121.281 E.07167
G1 X148.339 Y121.128 E.07166
G1 X146.17 Y121.036 E.07168
G1 X144.007 Y121.006 E.07142
G1 X86.993 Y121.006 E1.88245
G1 X84.83 Y121.036 E.07142
G1 X82.661 Y121.128 E.07168
G1 X80.496 Y121.281 E.07166
G1 X78.336 Y121.495 E.07167
G1 X76.183 Y121.769 E.07166
G1 X74.252 Y122.071 E.06453
G1 X71.906 Y122.5 E.07874
G1 X69.783 Y122.956 E.07169
G1 X67.674 Y123.471 E.07168
G1 X65.724 Y124.006 E.06676
G1 X33.994 Y124.006 E1.04764
G1 X33.994 Y106.994 E.56169
G1 X65.724 Y106.994 E1.04764
G1 X67.687 Y107.533 E.06721
G1 X69.783 Y108.044 E.07123
G1 X71.905 Y108.5 E.07166
G1 X74.039 Y108.895 E.07166
G1 X76.183 Y109.231 E.07165
G1 X78.336 Y109.505 E.07166
G1 X80.496 Y109.719 E.07167
G1 X82.661 Y109.872 E.07166
G1 X84.83 Y109.964 E.07168
G1 X86.993 Y109.994 E.07142
G1 X144.007 Y109.994 E1.88245
G1 X146.17 Y109.964 E.07142
G1 X148.339 Y109.872 E.07168
G1 X150.504 Y109.719 E.07166
G1 X152.664 Y109.505 E.07167
G1 X154.817 Y109.231 E.07166
G1 X156.961 Y108.895 E.07165
G1 X159.095 Y108.5 E.07166
G1 X161.217 Y108.044 E.07166
G1 X163.326 Y107.529 E.07168
G1 X165.276 Y106.994 E.06676
G1 X197.006 Y106.994 E1.04764
G1 X197.006 Y123.946 E.55971
G1 X197.403 Y124.403 F9000
G1 F2400
G1 X165.223 Y124.403 E1.0625
G1 X163.218 Y123.853 E.06865
G1 X161.129 Y123.343 E.071
G1 X159.018 Y122.889 E.07129
G1 X156.894 Y122.496 E.07132
G1 X154.761 Y122.163 E.07128
G1 X152.619 Y121.889 E.0713
G1 X150.47 Y121.677 E.0713
G1 X148.316 Y121.525 E.0713
G1 X146.159 Y121.433 E.07128
G1 X144.004 Y121.403 E.07116
G1 X86.996 Y121.403 E1.88225
G1 X84.841 Y121.433 E.07116
G1 X82.684 Y121.525 E.07128
G1 X80.53 Y121.677 E.0713
G1 X78.381 Y121.889 E.0713
G1 X76.239 Y122.163 E.0713
G1 X74.318 Y122.463 E.06419
G1 X71.983 Y122.889 E.07837
G1 X69.871 Y123.343 E.07133
G1 X67.774 Y123.855 E.07127
G1 X65.777 Y124.403 E.06837
G1 X33.597 Y124.403 E1.0625
G1 X33.597 Y106.597 E.58791
G1 X65.777 Y106.597 E1.0625
G1 X67.782 Y107.147 E.06865
G1 X69.871 Y107.657 E.071
G1 X71.983 Y108.111 E.07133
G1 X74.106 Y108.504 E.07129
G1 X76.239 Y108.837 E.07128
G1 X78.381 Y109.111 E.0713
G1 X80.53 Y109.323 E.0713
G1 X82.684 Y109.475 E.0713
G1 X84.841 Y109.567 E.07128
G1 X86.996 Y109.597 E.07116
G1 X144.004 Y109.597 E1.88225
G1 X146.159 Y109.567 E.07116
G1 X148.316 Y109.475 E.07128
G1 X150.47 Y109.323 E.0713
G1 X152.619 Y109.111 E.0713
G1 X154.761 Y108.837 E.0713
G1 X156.894 Y108.504 E.07128
G1 X159.017 Y108.111 E.07129
G1 X161.129 Y107.657 E.07133
G1 X163.226 Y107.145 E.07127
G1 X165.223 Y106.597 E.06837
G1 X197.403 Y106.597 E1.0625
G1 X197.403 Y124.343 E.58592
G1 X197.79 Y124.79 F9000
;TYPE:External perimeter
;WIDTH:0.419999
G1 F1500
G1 X165.171 Y124.79 E1.02274
G1 X163.126 Y124.229 E.06649
G1 X161.042 Y123.72 E.06726
G1 X158.942 Y123.269 E.06735
G1 X156.829 Y122.878 E.06738
G1 X154.707 Y122.546 E.06734
G1 X152.576 Y122.274 E.06736
G1 X150.438 Y122.062 E.06736
G1 X148.295 Y121.911 E.06736
G1 X146.148 Y121.82 E.06738
G1 X144 Y121.79 E.06736
G1 X86.997 Y121.79 E1.78729
G1 X84.852 Y121.82 E.06726
G1 X82.705 Y121.911 E.06738
G1 X80.562 Y122.062 E.06736
G1 X78.425 Y122.274 E.06733
G1 X76.293 Y122.546 E.06739
G1 X74.383 Y122.844 E.06061
G1 X72.059 Y123.269 E.07408
G1 X69.958 Y123.72 E.06738
G1 X67.871 Y124.23 E.06736
G1 X65.829 Y124.79 E.06639
G1 X33.21 Y124.79 E1.02274
G1 X33.21 Y106.21 E.58256
G1 X65.829 Y106.21 E1.02274
G1 X67.874 Y106.771 E.06649
G1 X69.958 Y107.28 E.06726
G1 X72.058 Y107.731 E.06735
G1 X74.171 Y108.122 E.06738
G1 X76.293 Y108.454 E.06734
G1 X78.425 Y108.726 E.06739
G1 X80.562 Y108.938 E.06733
G1 X82.705 Y109.089 E.06736
G1 X84.852 Y109.18 E.06738
G1 X87 Y109.21 E.06736
G1 X144.003 Y109.21 E1.78729
G1 X146.148 Y109.18 E.06726
G1 X148.294 Y109.089 E.06735
G1 X150.438 Y108.938 E.06739
G1 X152.576 Y108.726 E.06736
G1 X154.707 Y108.454 E.06736
G1 X156.829 Y108.122 E.06734
G1 X158.942 Y107.731 E.06738
G1 X161.042 Y107.28 E.06735
G1 X163.129 Y106.77 E.06736
G1 X165.171 Y106.21 E.06639
G1 X197.79 Y106.21 E1.02274
G1 X197.79 Y124.73 E.58068
G1 E-3.5 F3600
;WIPE_START
G1 F7200
G1 X197.79 Y124.79 E-.0285
G1 X194.692 Y124.79 E-1.4715
;WIPE_END
G1 X34.332 Y123.592 F9000
G1 E5 F2400
;TYPE:Solid infill
;WIDTH:0.53634
G1 X34.289 Y123.636 E.00252
G1 X34.304 Y123.696 E.00254
G1 X34.364 Y123.712 E.00255
G1 X34.408 Y123.668 E.00255
G1 X34.392 Y123.608 E.00255
;WIDTH:0.439999
G1 X34.3 Y122.974 E.02115
G1 X35.026 Y123.7 E.0339
G1 X35.587 Y123.7 E.01852
G1 X34.3 Y122.413 E.06009
G1 X34.3 Y121.851 E.01856
G1 X36.149 Y123.7 E.08634
G1 X36.711 Y123.7 E.01856
G1 X34.3 Y121.289 E.11258
G1 X34.3 Y120.728 E.01852
G1 X37.272 Y123.7 E.13877
G1 X37.834 Y123.7 E.01856
G1 X34.3 Y120.166 E.16501
G1 X34.3 Y119.605 E.01852
G1 X38.395 Y123.7 E.19121
G1 X38.957 Y123.7 E.01856
G1 X34.3 Y119.043 E.21745
G1 X34.3 Y118.482 E.01852
G1 X39.518 Y123.7 E.24365
G1 X40.08 Y123.7 E.01856
G1 X34.3 Y117.92 E.26989
G1 X34.3 Y117.359 E.01852
G1 X40.641 Y123.7 E.29608
G1 X41.203 Y123.7 E.01856
G1 X34.3 Y116.797 E.32232
G1 X34.3 Y116.235 E.01856
G1 X41.765 Y123.7 E.34857
G1 X42.326 Y123.7 E.01852
G1 X34.3 Y115.674 E.37476
G1 X34.3 Y115.112 E.01856
G1 X42.888 Y123.7 E.401
G1 X43.449 Y123.7 E.01852
G1 X34.3 Y114.551 E.4272
G1 X34.3 Y113.989 E.01856
G1 X44.011 Y123.7 E.45344
G1 X44.572 Y123.7 E.01852
G1 X34.3 Y113.428 E.47964
G1 X34.3 Y112.866 E.01856
G1 X45.134 Y123.7 E.50588
G1 X45.695 Y123.7 E.01852
G1 X34.3 Y112.305 E.53207
G1 X34.3 Y111.743 E.01856
G1 X46.257 Y123.7 E.55831
G1 X46.819 Y123.7 E.01856
G1 X34.3 Y111.181 E.58456
G1 X34.3 Y110.62 E.01852
G1 X47.38 Y123.7 E.61075
G1 X47.942 Y123.7 E.01856
G1 X34.3 Y110.058 E.63699
G1 X34.3 Y109.497 E.01852
G1 X48.503 Y123.7 E.66319
G1 X49.065 Y123.7 E.01856
G1 X34.3 Y108.935 E.68943
G1 X34.3 Y108.374 E.01852
G1 X49.626 Y123.7 E.71562
G1 X50.188 Y123.7 E.01856
G1 X34.3 Y107.812 E.74187
G1 X34.349 Y107.3 E.01698
G1 X50.749 Y123.7 E.76577
G1 X51.311 Y123.7 E.01856
G1 X34.911 Y107.3 E.76577
G1 X35.472 Y107.3 E.01852
G1 X51.873 Y123.7 E.7658
G1 X52.434 Y123.7 E.01852
G1 X36.034 Y107.3 E.76577
G1 X36.595 Y107.3 E.01852
G1 X52.996 Y123.7 E.7658
G1 X53.557 Y123.7 E.01852
G1 X37.157 Y107.3 E.76577
G1 X37.719 Y107.3 E.01856
G1 X54.119 Y123.7 E.76577
G1 X54.68 Y123.7 E.01852
G1 X38.28 Y107.3 E.76577
G1 X38.842 Y107.3 E.01856
G1 X55.242 Y123.7 E.76577
G1 X55.803 Y123.7 E.01852
G1 X39.403 Y107.3 E.76577
G1 X39.965 Y107.3 E.01856
G1 X56.365 Y123.7 E.76577
G1 X56.927 Y123.7 E.01856
G1 X40.526 Y107.3 E.7658
G1 X41.088 Y107.3 E.01856
G1 X57.488 Y123.7 E.76577
G1 X58.05 Y123.7 E.01856
G1 X41.649 Y107.3 E.7658
G1 X42.211 Y107.3 E.01856
G1 X58.611 Y123.7 E.76577
G1 X59.173 Y123.7 E.01856
G1 X42.773 Y107.3 E.76577
G1 X43.334 Y107.3 E.01852
G1 X59.734 Y123.7 E.76577
G1 X60.296 Y123.7 E.01856
G1 X43.896 Y107.3 E.76577
G1 X44.457 Y107.3 E.01852
G1 X60.857 Y123.7 E.76577
G1 X61.419 Y123.7 E.01856
G1 X45.019 Y107.3 E.76577
G1 X45.58 Y107.3 E.01852
G1 X61.981 Y123.7 E.7658
G1 X62.542 Y123.7 E.01852
G1 X46.142 Y107.3 E.76577
G1 X46.703 Y107.3 E.01852
G1 X63.104 Y123.7 E.7658
G1 X63.665 Y123.7 E.01852
G1 X47.265 Y107.3 E.76577
G1 X47.827 Y107.3 E.01856
G1 X64.227 Y123.7 E.76577
G1 X64.788 Y123.7 E.01852
G1 X48.388 Y107.3 E.76577
G1 X48.95 Y107.3 E.01856
G1 X65.35 Y123.7 E.76577
G1 X65.862 Y123.651 E.01698
G1 X49.511 Y107.3 E.76348
G1 X50.073 Y107.3 E.01856
G1 X66.303 Y123.53 E.75783
G1 X66.744 Y123.409 E.0151
G1 X50.634 Y107.3 E.75221
G1 X51.196 Y107.3 E.01856
G1 X67.184 Y123.288 E.74653
G1 X67.625 Y123.168 E.01509
G1 X51.757 Y107.3 E.74093
G1 X52.319 Y107.3 E.01856
G1 X68.077 Y123.058 E.7358
G1 X68.528 Y122.947 E.01534
G1 X52.881 Y107.3 E.73061
G1 X53.442 Y107.3 E.01852
G1 X68.979 Y122.837 E.72548
G1 X69.431 Y122.727 E.01536
G1 X54.004 Y107.3 E.72034
G1 X54.565 Y107.3 E.01852
G1 X69.886 Y122.621 E.71539
G1 X70.349 Y122.522 E.01563
G1 X55.127 Y107.3 E.71077
G1 X55.688 Y107.3 E.01852
G1 X70.811 Y122.422 E.70612
G1 X71.273 Y122.323 E.0156
G1 X56.25 Y107.3 E.70148
G1 X56.811 Y107.3 E.01852
G1 X71.735 Y122.224 E.69685
G1 X72.207 Y122.134 E.01586
G1 X57.373 Y107.3 E.69265
G1 X57.935 Y107.3 E.01856
G1 X72.682 Y122.048 E.68861
G1 X73.157 Y121.961 E.01594
G1 X58.496 Y107.3 E.68457
G1 X59.058 Y107.3 E.01856
G1 X73.632 Y121.874 E.68051
G1 X74.106 Y121.787 E.01591
G1 X59.619 Y107.3 E.67645
G1 X60.181 Y107.3 E.01856
G1 X74.59 Y121.709 E.67281
G1 X75.076 Y121.633 E.01624
G1 X60.742 Y107.3 E.66928
G1 X61.304 Y107.3 E.01856
G1 X75.561 Y121.557 E.66571
G1 X76.047 Y121.481 E.01624
G1 X61.865 Y107.3 E.66218
G1 X62.427 Y107.3 E.01856
G1 X76.543 Y121.416 E.65912
G1 X77.041 Y121.352 E.01658
G1 X62.989 Y107.3 E.65614
G1 X63.55 Y107.3 E.01852
G1 X77.539 Y121.288 E.65317
G1 X78.037 Y121.225 E.01657
G1 X64.112 Y107.3 E.65021
G1 X64.673 Y107.3 E.01852
G1 X78.541 Y121.168 E.64754
G1 X79.052 Y121.117 E.01696
G1 X65.235 Y107.3 E.64516
G1 X65.839 Y107.343 E.01999
G1 X79.563 Y121.066 E.6408
G1 X80.074 Y121.016 E.01695
G1 X66.613 Y107.555 E.62854
G1 X66.488 Y107.46 E.00518
;WIDTH:0.41146
G1 X66.362 Y107.365 E.00484
;WIDTH:0.38292
G1 X66.373 Y107.406 E.0012
G1 X66.302 Y107.426 E.00209
G1 X66.321 Y107.354 E.00211
G1 X67.095 Y107.569 F9000
G1 F2400
G1 X67.076 Y107.64 E.00208
G1 X67.147 Y107.621 E.00208
G1 X67.136 Y107.58 E.0012
;WIDTH:0.41146
G1 X67.261 Y107.674 E.00479
;WIDTH:0.439999
G1 X67.387 Y107.767 E.00517
G1 X80.588 Y120.968 E.6164
G1 X81.112 Y120.931 E.01734
G1 X68.139 Y107.958 E.60575
G1 X68.882 Y108.139 E.02525
G1 X81.637 Y120.894 E.59557
G1 X82.161 Y120.857 E.01734
G1 X69.625 Y108.321 E.58535
G1 X70.343 Y108.477 E.02426
G1 X82.687 Y120.821 E.57638
G1 X83.226 Y120.798 E.01781
G1 X71.058 Y108.631 E.56814
G1 X71.773 Y108.784 E.02414
G1 X83.764 Y120.776 E.55992
G1 X84.303 Y120.753 E.01781
G1 X72.465 Y108.914 E.55278
G1 X73.154 Y109.042 E.02314
G1 X84.842 Y120.73 E.54575
G1 X85.396 Y120.723 E.01829
G1 X73.843 Y109.17 E.53945
G1 X74.514 Y109.279 E.02244
G1 X85.95 Y120.715 E.53399
G1 X86.504 Y120.707 E.01829
G1 X75.18 Y109.383 E.52876
G1 X75.845 Y109.487 E.02222
G1 X87.058 Y120.7 E.52357
G1 X87.62 Y120.7 E.01856
G1 X76.499 Y109.579 E.51928
G1 X77.143 Y109.661 E.02143
G1 X88.181 Y120.7 E.51543
G1 X88.743 Y120.7 E.01856
G1 X77.786 Y109.743 E.51162
G1 X78.425 Y109.821 E.02125
G1 X89.304 Y120.7 E.50798
G1 X89.866 Y120.7 E.01856
G1 X79.049 Y109.883 E.50508
G1 X79.672 Y109.945 E.02067
G1 X90.428 Y120.7 E.50221
G1 X90.989 Y120.7 E.01852
G1 X80.295 Y110.006 E.49934
G1 X80.905 Y110.054 E.0202
G1 X91.551 Y120.7 E.4971
G1 X92.112 Y120.7 E.01852
G1 X81.509 Y110.097 E.49509
G1 X82.113 Y110.14 E.01999
G1 X92.674 Y120.7 E.49311
G1 X93.235 Y120.7 E.01852
G1 X82.715 Y110.18 E.49122
G1 X83.302 Y110.205 E.0194
G1 X93.797 Y120.7 E.49005
G1 X94.358 Y120.7 E.01852
G1 X83.888 Y110.23 E.48888
G1 X84.475 Y110.255 E.0194
G1 X94.92 Y120.7 E.48771
G1 X95.482 Y120.7 E.01856
G1 X85.054 Y110.272 E.48692
G1 X85.623 Y110.28 E.01879
G1 X96.043 Y120.7 E.48655
G1 X96.605 Y120.7 E.01856
G1 X86.193 Y110.288 E.48617
G1 X86.763 Y110.297 E.01882
G1 X97.166 Y120.7 E.48575
G1 X97.728 Y120.7 E.01856
G1 X87.328 Y110.3 E.48561
G1 X87.889 Y110.3 E.01852
G1 X98.289 Y120.7 E.48561
G1 X98.851 Y120.7 E.01856
G1 X88.451 Y110.3 E.48561
G1 X89.012 Y110.3 E.01852
G1 X99.412 Y120.7 E.48561
G1 X99.974 Y120.7 E.01856
G1 X89.574 Y110.3 E.48561
G1 X90.135 Y110.3 E.01852
G1 X100.536 Y120.7 E.48564
G1 X101.097 Y120.7 E.01852
G1 X90.697 Y110.3 E.48561
G1 X91.259 Y110.3 E.01856
G1 X101.659 Y120.7 E.48561
G1 X102.22 Y120.7 E.01852
G1 X91.82 Y110.3 E.48561
G1 X92.382 Y110.3 E.01856
G1 X102.782 Y120.7 E.48561
G1 X103.343 Y120.7 E.01852
G1 X92.943 Y110.3 E.48561
G1 X93.505 Y110.3 E.01856
G1 X103.905 Y120.7 E.48561
G1 X104.466 Y120.7 E.01852
G1 X94.066 Y110.3 E.48561
G1 X94.628 Y110.3 E.01856
G1 X105.028 Y120.7 E.48561
G1 X105.59 Y120.7 E.01856
G1 X95.189 Y110.3 E.48564
G1 X95.751 Y110.3 E.01856
G1 X106.151 Y120.7 E.48561
G1 X106.713 Y120.7 E.01856
G1 X96.313 Y110.3 E.48561
G1 X96.874 Y110.3 E.01852
G1 X107.274 Y120.7 E.48561
G1 X107.836 Y120.7 E.01856
G1 X97.436 Y110.3 E.48561
G1 X97.997 Y110.3 E.01852
G1 X108.397 Y120.7 E.48561
G1 X108.959 Y120.7 E.01856
G1 X98.559 Y110.3 E.48561
G1 X99.12 Y110.3 E.01852
G1 X109.52 Y120.7 E.48561
G1 X110.082 Y120.7 E.01856
G1 X99.682 Y110.3 E.48561
G1 X100.243 Y110.3 E.01852
G1 X110.644 Y120.7 E.48564
G1 X111.205 Y120.7 E.01852
G1 X100.805 Y110.3 E.48561
G1 X101.366 Y110.3 E.01852
G1 X111.767 Y120.7 E.48564
G1 X112.328 Y120.7 E.01852
G1 X101.928 Y110.3 E.48561
G1 X102.49 Y110.3 E.01856
G1 X112.89 Y120.7 E.48561
G1 X113.451 Y120.7 E.01852
G1 X103.051 Y110.3 E.48561
G1 X103.613 Y110.3 E.01856
G1 X114.013 Y120.7 E.48561
G1 X114.574 Y120.7 E.01852
G1 X104.174 Y110.3 E.48561
G1 X104.736 Y110.3 E.01856
G1 X115.136 Y120.7 E.48561
G1 X115.698 Y120.7 E.01856
G1 X105.297 Y110.3 E.48564
G1 X105.859 Y110.3 E.01856
G1 X116.259 Y120.7 E.48561
G1 X116.821 Y120.7 E.01856
G1 X106.42 Y110.3 E.48564
G1 X106.982 Y110.3 E.01856
G1 X117.382 Y120.7 E.48561
G1 X117.944 Y120.7 E.01856
G1 X107.544 Y110.3 E.48561
G1 X108.105 Y110.3 E.01852
G1 X118.505 Y120.7 E.48561
G1 X119.067 Y120.7 E.01856
G1 X108.667 Y110.3 E.48561
G1 X109.228 Y110.3 E.01852
G1 X119.628 Y120.7 E.48561
G1 X120.19 Y120.7 E.01856
G1 X109.79 Y110.3 E.48561
G1 X110.351 Y110.3 E.01852
G1 X120.752 Y120.7 E.48564
G1 X121.313 Y120.7 E.01852
G1 X110.913 Y110.3 E.48561
G1 X111.474 Y110.3 E.01852
G1 X121.875 Y120.7 E.48564
G1 X122.436 Y120.7 E.01852
G1 X112.036 Y110.3 E.48561
G1 X112.598 Y110.3 E.01856
G1 X122.998 Y120.7 E.48561
G1 X123.559 Y120.7 E.01852
G1 X113.159 Y110.3 E.48561
G1 X113.721 Y110.3 E.01856
G1 X124.121 Y120.7 E.48561
G1 X124.682 Y120.7 E.01852
G1 X114.282 Y110.3 E.48561
G1 X114.844 Y110.3 E.01856
G1 X125.244 Y120.7 E.48561
G1 X125.806 Y120.7 E.01856
G1 X115.405 Y110.3 E.48564
G1 X115.967 Y110.3 E.01856
G1 X126.367 Y120.7 E.48561
G1 X126.929 Y120.7 E.01856
G1 X116.528 Y110.3 E.48564
G1 X117.09 Y110.3 E.01856
G1 X127.49 Y120.7 E.48561
G1 X128.052 Y120.7 E.01856
G1 X117.652 Y110.3 E.48561
G1 X118.213 Y110.3 E.01852
G1 X128.613 Y120.7 E.48561
G1 X129.175 Y120.7 E.01856
G1 X118.775 Y110.3 E.48561
G1 X119.336 Y110.3 E.01852
G1 X129.736 Y120.7 E.48561
G1 X130.298 Y120.7 E.01856
G1 X119.898 Y110.3 E.48561
G1 X120.459 Y110.3 E.01852
G1 X130.86 Y120.7 E.48564
G1 X131.421 Y120.7 E.01852
G1 X121.021 Y110.3 E.48561
G1 X121.582 Y110.3 E.01852
G1 X131.983 Y120.7 E.48564
G1 X132.544 Y120.7 E.01852
G1 X122.144 Y110.3 E.48561
G1 X122.706 Y110.3 E.01856
G1 X133.106 Y120.7 E.48561
G1 X133.667 Y120.7 E.01852
G1 X123.267 Y110.3 E.48561
G1 X123.829 Y110.3 E.01856
G1 X134.229 Y120.7 E.48561
G1 X134.79 Y120.7 E.01852
G1 X124.39 Y110.3 E.48561
G1 X124.952 Y110.3 E.01856
G1 X135.352 Y120.7 E.48561
G1 X135.914 Y120.7 E.01856
G1 X125.513 Y110.3 E.48564
G1 X126.075 Y110.3 E.01856
G1 X136.475 Y120.7 E.48561
G1 X137.037 Y120.7 E.01856
G1 X126.636 Y110.3 E.48564
G1 X127.198 Y110.3 E.01856
G1 X137.598 Y120.7 E.48561
G1 X138.16 Y120.7 E.01856
G1 X127.76 Y110.3 E.48561
G1 X128.321 Y110.3 E.01852
G1 X138.721 Y120.7 E.48561
G1 X139.283 Y120.7 E.01856
G1 X128.883 Y110.3 E.48561
G1 X129.444 Y110.3 E.01852
G1 X139.844 Y120.7 E.48561
G1 X140.406 Y120.7 E.01856
G1 X130.006 Y110.3 E.48561
G1 X130.567 Y110.3 E.01852
G1 X140.968 Y120.7 E.48564
G1 X141.529 Y120.7 E.01852
G1 X131.129 Y110.3 E.48561
G1 X131.69 Y110.3 E.01852
G1 X142.091 Y120.7 E.48564
G1 X142.652 Y120.7 E.01852
G1 X132.252 Y110.3 E.48561
G1 X132.814 Y110.3 E.01856
G1 X143.214 Y120.7 E.48561
G1 X143.775 Y120.7 E.01852
G1 X133.375 Y110.3 E.48561
G1 X133.937 Y110.3 E.01856
G1 X144.342 Y120.705 E.48585
G1 X144.911 Y120.713 E.01879
G1 X134.498 Y110.3 E.48622
G1 X135.06 Y110.3 E.01856
G1 X145.481 Y120.721 E.48659
G1 X146.051 Y120.729 E.01882
G1 X135.621 Y110.3 E.48699
G1 X136.183 Y110.3 E.01856
G1 X146.633 Y120.75 E.48795
G1 X147.219 Y120.775 E.01937
G1 X136.744 Y110.3 E.48911
G1 X137.306 Y110.3 E.01856
G1 X147.806 Y120.8 E.49028
G1 X148.393 Y120.825 E.0194
G1 X137.868 Y110.3 E.49145
G1 X138.429 Y110.3 E.01852
G1 X148.997 Y120.868 E.49346
G1 X149.602 Y120.911 E.02003
G1 X138.991 Y110.3 E.49546
G1 X139.552 Y110.3 E.01852
G1 X150.206 Y120.954 E.49747
G1 X150.819 Y121.005 E.02031
G1 X140.114 Y110.3 E.49985
G1 X140.675 Y110.3 E.01852
G1 X151.442 Y121.067 E.50275
G1 X152.066 Y121.129 E.0207
G1 X141.237 Y110.3 E.50564
G1 X141.798 Y110.3 E.01852
G1 X152.689 Y121.19 E.50851
G1 X153.332 Y121.272 E.0214
G1 X142.36 Y110.3 E.51232
G1 X142.922 Y110.3 E.01856
G1 X153.975 Y121.354 E.51613
G1 X154.619 Y121.436 E.02143
G1 X143.483 Y110.3 E.51998
G1 X144.044 Y110.299 E.01852
G1 X155.277 Y121.532 E.52451
G1 X155.943 Y121.636 E.02226
G1 X144.598 Y110.292 E.52971
G1 X145.152 Y110.284 E.01829
G1 X156.608 Y121.74 E.53492
G1 X157.283 Y121.853 E.0226
G1 X145.705 Y110.276 E.54059
G1 X146.257 Y110.266 E.01823
G1 X157.972 Y121.981 E.54701
G1 X158.662 Y122.109 E.02317
G1 X146.795 Y110.243 E.55409
G1 X147.334 Y110.22 E.01781
G1 X159.358 Y122.244 E.56144
G1 X160.073 Y122.397 E.02414
G1 X147.873 Y110.198 E.56964
G1 X148.41 Y110.173 E.01775
G1 X160.788 Y122.551 E.57797
G1 X161.511 Y122.713 E.02446
G1 X148.935 Y110.136 E.58724
G1 X149.459 Y110.099 E.01734
G1 X162.254 Y122.894 E.59744
G1 X162.997 Y123.076 E.02526
G1 X149.984 Y110.062 E.60765
G1 X150.509 Y110.025 E.01738
G1 X163.755 Y123.272 E.61852
G1 X163.819 Y123.366 E.00375
;WIDTH:0.41146
G1 X163.883 Y123.461 E.00351
;WIDTH:0.38292
G1 X164.036 Y123.435 E.00439
;WIDTH:0.439999
G1 X164.799 Y123.602 E.02579
;WIDTH:0.38292
G1 X164.78 Y123.673 E.00208
G1 X164.851 Y123.654 E.00208
G1 X164.84 Y123.613 E.0012
;WIDTH:0.41146
G1 X164.684 Y123.549 E.00517
;WIDTH:0.439999
G1 X164.529 Y123.484 E.00555
G1 X151.02 Y109.975 E.63078
G1 X151.531 Y109.924 E.01696
G1 X165.302 Y123.696 E.64304
G1 X165.868 Y123.7 E.01869
G1 X152.042 Y109.874 E.64558
G1 X152.553 Y109.823 E.01696
G1 X166.43 Y123.7 E.64796
G1 X166.991 Y123.7 E.01852
G1 X153.055 Y109.764 E.65072
G1 X153.553 Y109.7 E.01658
G1 X167.553 Y123.7 E.65371
G1 X168.114 Y123.7 E.01852
G1 X154.051 Y109.636 E.65667
G1 X154.549 Y109.573 E.01657
G1 X168.676 Y123.7 E.65964
G1 X169.237 Y123.7 E.01852
G1 X155.042 Y109.505 E.66281
G1 X155.528 Y109.429 E.01624
G1 X169.799 Y123.7 E.66636
G1 X170.361 Y123.7 E.01856
G1 X156.013 Y109.353 E.66993
G1 X156.499 Y109.277 E.01624
G1 X170.922 Y123.7 E.67346
G1 X171.484 Y123.7 E.01856
G1 X156.984 Y109.201 E.67703
G1 X157.459 Y109.114 E.01594
G1 X172.045 Y123.7 E.68107
G1 X172.607 Y123.7 E.01856
G1 X157.933 Y109.026 E.68518
G1 X158.407 Y108.938 E.01592
G1 X173.168 Y123.7 E.68927
G1 X173.73 Y123.7 E.01856
G1 X158.88 Y108.85 E.6934
G1 X159.349 Y108.758 E.01578
G1 X174.291 Y123.7 E.69769
G1 X174.853 Y123.7 E.01856
G1 X159.812 Y108.659 E.70232
G1 X160.274 Y108.559 E.01561
G1 X175.415 Y123.7 E.70699
G1 X175.976 Y123.7 E.01852
G1 X160.736 Y108.46 E.71161
G1 X161.198 Y108.361 E.0156
G1 X176.538 Y123.7 E.71625
G1 X177.099 Y123.7 E.01852
G1 X161.652 Y108.253 E.72127
G1 X162.103 Y108.143 E.01533
G1 X177.661 Y123.7 E.72643
G1 X178.222 Y123.7 E.01852
G1 X162.555 Y108.033 E.73155
G1 X163.006 Y107.922 E.01534
G1 X178.784 Y123.7 E.73673
G1 X179.345 Y123.7 E.01852
G1 X163.456 Y107.81 E.74194
G1 X163.896 Y107.69 E.01506
G1 X179.907 Y123.7 E.74759
G1 X180.469 Y123.7 E.01856
G1 X164.337 Y107.569 E.75324
G1 X164.778 Y107.448 E.0151
G1 X181.03 Y123.7 E.75886
G1 X181.592 Y123.7 E.01856
G1 X165.219 Y107.327 E.76451
G1 X165.753 Y107.3 E.01765
G1 X182.153 Y123.7 E.76577
G1 X182.715 Y123.7 E.01856
G1 X166.315 Y107.3 E.76577
G1 X166.876 Y107.3 E.01852
G1 X183.276 Y123.7 E.76577
G1 X183.838 Y123.7 E.01856
G1 X167.438 Y107.3 E.76577
G1 X167.999 Y107.3 E.01852
G1 X184.399 Y123.7 E.76577
G1 X184.961 Y123.7 E.01856
G1 X168.561 Y107.3 E.76577
G1 X169.122 Y107.3 E.01852
G1 X185.523 Y123.7 E.7658
G1 X186.084 Y123.7 E.01852
G1 X169.684 Y107.3 E.76577
G1 X170.245 Y107.3 E.01852
G1 X186.646 Y123.7 E.7658
G1 X187.207 Y123.7 E.01852
G1 X170.807 Y107.3 E.76577
G1 X171.369 Y107.3 E.01856
G1 X187.769 Y123.7 E.76577
G1 X188.33 Y123.7 E.01852
G1 X171.93 Y107.3 E.76577
G1 X172.492 Y107.3 E.01856
G1 X188.892 Y123.7 E.76577
G1 X189.453 Y123.7 E.01852
G1 X173.053 Y107.3 E.76577
G1 X173.615 Y107.3 E.01856
G1 X190.015 Y123.7 E.76577
G1 X190.577 Y123.7 E.01856
G1 X174.176 Y107.3 E.7658
G1 X174.738 Y107.3 E.01856
G1 X191.138 Y123.7 E.76577
G1 X191.7 Y123.7 E.01856
G1 X175.299 Y107.3 E.7658
G1 X175.861 Y107.3 E.01856
G1 X192.261 Y123.7 E.76577
G1 X192.823 Y123.7 E.01856
G1 X176.423 Y107.3 E.76577
G1 X176.984 Y107.3 E.01852
G1 X193.384 Y123.7 E.76577
G1 X193.946 Y123.7 E.01856
G1 X177.546 Y107.3 E.76577
G1 X178.107 Y107.3 E.01852
G1 X194.507 Y123.7 E.76577
G1 X195.069 Y123.7 E.01856
G1 X178.669 Y107.3 E.76577
G1 X179.23 Y107.3 E.01852
G1 X195.631 Y123.7 E.7658
G1 X196.192 Y123.7 E.01852
G1 X179.792 Y107.3 E.76577
G1 X180.353 Y107.3 E.01852
G1 X196.7 Y123.647 E.7633
G1 X196.72 Y123.747 E.00337
;WIDTH:0.41146
G1 X196.74 Y123.848 E.00316
;WIDTH:0.38292
G1 X196.843 Y123.843 E.00292
;WIDTH:0.439999
G1 X196.7 Y123.085 E.02547
G1 X180.915 Y107.3 E.73706
G1 X181.477 Y107.3 E.01856
G1 X196.7 Y122.523 E.71081
G1 X196.7 Y121.962 E.01852
G1 X182.038 Y107.3 E.68462
G1 X182.6 Y107.3 E.01856
G1 X196.7 Y121.4 E.65838
G1 X196.7 Y120.839 E.01852
G1 X183.161 Y107.3 E.63218
G1 X183.723 Y107.3 E.01856
G1 X196.7 Y120.277 E.60594
G1 X196.7 Y119.716 E.01852
G1 X184.284 Y107.3 E.57975
G1 X184.846 Y107.3 E.01856
G1 X196.7 Y119.154 E.5535
G1 X196.7 Y118.593 E.01852
G1 X185.407 Y107.3 E.52731
G1 X185.969 Y107.3 E.01856
G1 X196.7 Y118.031 E.50107
G1 X196.7 Y117.469 E.01856
G1 X186.531 Y107.3 E.47483
G1 X187.092 Y107.3 E.01852
G1 X196.7 Y116.908 E.44863
G1 X196.7 Y116.346 E.01856
G1 X187.654 Y107.3 E.42239
G1 X188.215 Y107.3 E.01852
G1 X196.7 Y115.785 E.39619
G1 X196.7 Y115.223 E.01856
G1 X188.777 Y107.3 E.36995
G1 X189.338 Y107.3 E.01852
G1 X196.7 Y114.662 E.34376
G1 X196.7 Y114.1 E.01856
G1 X189.9 Y107.3 E.31752
G1 X190.461 Y107.3 E.01852
G1 X196.7 Y113.539 E.29132
G1 X196.7 Y112.977 E.01856
G1 X191.023 Y107.3 E.26508
G1 X191.585 Y107.3 E.01856
G1 X196.7 Y112.415 E.23884
G1 X196.7 Y111.854 E.01852
G1 X192.146 Y107.3 E.21264
G1 X192.708 Y107.3 E.01856
G1 X196.7 Y111.292 E.1864
G1 X196.7 Y110.731 E.01852
G1 X193.269 Y107.3 E.16021
G1 X193.831 Y107.3 E.01856
G1 X196.7 Y110.169 E.13396
G1 X196.7 Y109.608 E.01852
G1 X194.392 Y107.3 E.10777
G1 X194.954 Y107.3 E.01856
G1 X196.7 Y109.046 E.08153
G1 X196.779 Y109.102 E.0032
;WIDTH:0.41146
G1 X196.859 Y109.158 E.00299
;WIDTH:0.38292
G1 X196.84 Y109.229 E.00208
G1 X196.911 Y109.21 E.00208
G1 X196.9 Y109.169 E.0012
G1 X195.835 Y107.515 F9000
;WIDTH:0.588438
G1 F2400
G1 X196.626 Y108.305 E.05071
G1 X196.626 Y107.374 E.04223
G1 X195.695 Y107.374 E.04223
;LAYER_CHANGE
;Z:4
;HEIGHT:0.2
;BEFORE_LAYER_CHANGE
G92 E0
;4


G1 E-3.5 F3600
;WIPE_START
G1 F7200
G1 X196.626 Y107.374 E-.44223
G1 X196.626 Y108.305 E-.44223
G1 X195.835 Y107.515 E-.53102
;WIPE_END
G1 E-.08452 F3600
G1 Z4 F9000
;AFTER_LAYER_CHANGE
;4
G1 X197.006 Y106.994
G1 E5 F2400
;TYPE:Perimeter
;WIDTH:0.439999
G1 X197.006 Y124.006 E.56169
G1 X165.276 Y124.006 E1.04764
G1 X163.313 Y123.467 E.06721
G1 X161.217 Y122.956 E.07123
G1 X159.095 Y122.5 E.07166
G1 X156.961 Y122.105 E.07166
G1 X154.817 Y121.769 E.07165
G1 X152.664 Y121.495 E.07166
G1 X150.504 Y121.281 E.07167
G1 X148.339 Y121.128 E.07166
G1 X146.206 Y121.038 E.07049
G1 X144.007 Y121.006 E.07261
G1 X86.993 Y121.006 E1.88245
G1 X84.83 Y121.036 E.07142
G1 X82.661 Y121.128 E.07168
G1 X80.496 Y121.281 E.07166
G1 X78.336 Y121.495 E.07167
G1 X76.183 Y121.769 E.07166
G1 X74.11 Y122.093 E.06928
G1 X71.905 Y122.5 E.07403
G1 X69.783 Y122.956 E.07166
G1 X67.674 Y123.471 E.07168
G1 X65.724 Y124.006 E.06676
G1 X33.994 Y124.006 E1.04764
G1 X33.994 Y106.994 E.56169
G1 X65.724 Y106.994 E1.04764
G1 X67.687 Y107.533 E.06721
G1 X69.783 Y108.044 E.07123
G1 X71.905 Y108.5 E.07166
G1 X74.039 Y108.895 E.07166
G1 X76.183 Y109.231 E.07165
G1 X78.336 Y109.505 E.07166
G1 X80.496 Y109.719 E.07167
G1 X82.661 Y109.872 E.07166
G1 X84.83 Y109.964 E.07168
G1 X86.993 Y109.994 E.07142
G1 X144.007 Y109.994 E1.88245
G1 X146.17 Y109.964 E.07142
G1 X148.339 Y109.872 E.07168
G1 X150.468 Y109.722 E.07047
G1 X152.664 Y109.505 E.07286
G1 X154.817 Y109.231 E.07166
G1 X156.961 Y108.895 E.07165
G1 X159.095 Y108.5 E.07166
G1 X161.217 Y108.044 E.07166
G1 X163.326 Y107.529 E.07168
G1 X165.276 Y106.994 E.06676
G1 X196.946 Y106.994 E1.04566
G1 X197.403 Y106.597 F9000
G1 F2400
G1 X197.403 Y124.403 E.58791
G1 X165.223 Y124.403 E1.0625
G1 X163.218 Y123.853 E.06865
G1 X161.129 Y123.343 E.071
G1 X159.017 Y122.889 E.07133
G1 X156.894 Y122.496 E.07129
G1 X154.761 Y122.163 E.07128
G1 X152.619 Y121.889 E.0713
G1 X150.47 Y121.677 E.0713
G1 X148.316 Y121.525 E.0713
G1 X146.195 Y121.435 E.07009
G1 X144.004 Y121.403 E.07235
G1 X86.996 Y121.403 E1.88225
G1 X84.841 Y121.433 E.07116
G1 X82.684 Y121.525 E.07128
G1 X80.53 Y121.677 E.0713
G1 X78.381 Y121.889 E.0713
G1 X76.239 Y122.163 E.0713
G1 X74.177 Y122.485 E.06891
G1 X71.983 Y122.889 E.07366
G1 X69.871 Y123.343 E.07133
G1 X67.774 Y123.855 E.07127
G1 X65.777 Y124.403 E.06837
G1 X33.597 Y124.403 E1.0625
G1 X33.597 Y106.597 E.58791
G1 X65.777 Y106.597 E1.0625
G1 X67.782 Y107.147 E.06865
G1 X69.871 Y107.657 E.071
G1 X71.983 Y108.111 E.07133
G1 X74.106 Y108.504 E.07129
G1 X76.239 Y108.837 E.07128
G1 X78.381 Y109.111 E.0713
G1 X80.53 Y109.323 E.0713
G1 X82.684 Y109.475 E.0713
G1 X84.841 Y109.567 E.07128
G1 X86.996 Y109.597 E.07116
G1 X144.004 Y109.597 E1.88225
G1 X146.159 Y109.567 E.07116
G1 X148.316 Y109.475 E.07128
G1 X150.435 Y109.326 E.07014
G1 X152.619 Y109.111 E.07246
G1 X154.761 Y108.837 E.0713
G1 X156.894 Y108.504 E.07128
G1 X159.018 Y108.111 E.07132
G1 X161.129 Y107.657 E.07129
G1 X163.226 Y107.145 E.07127
G1 X165.223 Y106.597 E.06837
G1 X197.343 Y106.597 E1.06051
G1 X197.79 Y106.21 F9000
;TYPE:External perimeter
;WIDTH:0.419999
G1 F1500
G1 X197.79 Y124.79 E.58256
G1 X165.171 Y124.79 E1.02274
G1 X163.126 Y124.229 E.06649
G1 X161.042 Y123.72 E.06726
G1 X158.942 Y123.269 E.06735
G1 X156.829 Y122.878 E.06738
G1 X154.707 Y122.546 E.06734
G1 X152.576 Y122.274 E.06736
G1 X150.438 Y122.062 E.06736
G1 X148.295 Y121.911 E.06736
G1 X146.184 Y121.822 E.06625
G1 X144 Y121.79 E.06849
G1 X86.997 Y121.79 E1.78729
G1 X84.852 Y121.82 E.06726
G1 X82.705 Y121.911 E.06738
G1 X80.562 Y122.062 E.06736
G1 X78.425 Y122.274 E.06733
G1 X76.293 Y122.546 E.06739
G1 X74.242 Y122.867 E.06509
G1 X72.059 Y123.269 E.0696
G1 X69.958 Y123.72 E.06738
G1 X67.871 Y124.23 E.06736
G1 X65.829 Y124.79 E.06639
G1 X33.21 Y124.79 E1.02274
G1 X33.21 Y106.21 E.58256
G1 X65.829 Y106.21 E1.02274
G1 X67.874 Y106.771 E.06649
G1 X69.958 Y107.28 E.06726
G1 X72.058 Y107.731 E.06735
G1 X74.171 Y108.122 E.06738
G1 X76.293 Y108.454 E.06734
G1 X78.425 Y108.726 E.06739
G1 X80.562 Y108.938 E.06733
G1 X82.705 Y109.089 E.06736
G1 X84.852 Y109.18 E.06738
G1 X87 Y109.21 E.06736
G1 X144.002 Y109.21 E1.78725
G1 X146.148 Y109.18 E.06729
G1 X148.295 Y109.089 E.06738
G1 X150.402 Y108.94 E.06623
G1 X152.576 Y108.726 E.06849
G1 X154.707 Y108.454 E.06736
G1 X156.829 Y108.122 E.06734
G1 X158.942 Y107.731 E.06738
G1 X161.042 Y107.28 E.06735
G1 X163.129 Y106.77 E.06736
G1 X165.171 Y106.21 E.06639
G1 X197.73 Y106.21 E1.02086
G1 E-3.5 F3600
;WIPE_START
G1 F7200
G1 X197.79 Y106.21 E-.0285
G1 X197.79 Y109.308 E-1.4715
;WIPE_END
G1 X196.881 Y123.158 F9000
G1 E5 F2400
;TYPE:Top solid infill
;WIDTH:0.400645
G1 F1800
G1 X196.318 Y123.72 E.02366
G1 X195.812 Y123.72 E.01505
G1 X196.72 Y122.812 E.0382
G1 X196.72 Y122.306 E.01505
G1 X195.306 Y123.72 E.05948
G1 X194.801 Y123.72 E.01502
G1 X196.72 Y121.801 E.08072
G1 X196.72 Y121.295 E.01505
G1 X194.295 Y123.72 E.10201
G1 X193.789 Y123.72 E.01505
G1 X196.72 Y120.789 E.12329
G1 X196.72 Y120.283 E.01505
G1 X193.283 Y123.72 E.14458
G1 X192.777 Y123.72 E.01505
G1 X196.72 Y119.777 E.16587
G1 X196.72 Y119.271 E.01505
G1 X192.271 Y123.72 E.18715
G1 X191.765 Y123.72 E.01505
G1 X196.72 Y118.765 E.20844
G1 X196.72 Y118.259 E.01505
G1 X191.259 Y123.72 E.22972
G1 X190.753 Y123.72 E.01505
G1 X196.72 Y117.753 E.25101
G1 X196.72 Y117.247 E.01505
G1 X190.247 Y123.72 E.27229
G1 X189.742 Y123.72 E.01502
G1 X196.72 Y116.742 E.29353
G1 X196.72 Y116.236 E.01505
G1 X189.236 Y123.72 E.31482
G1 X188.73 Y123.72 E.01505
G1 X196.72 Y115.73 E.33611
G1 X196.72 Y115.224 E.01505
G1 X188.224 Y123.72 E.35739
G1 X187.718 Y123.72 E.01505
G1 X196.72 Y114.718 E.37868
G1 X196.72 Y114.212 E.01505
G1 X187.212 Y123.72 E.39996
G1 X186.706 Y123.72 E.01505
G1 X196.72 Y113.706 E.42125
G1 X196.72 Y113.2 E.01505
G1 X186.2 Y123.72 E.44253
G1 X185.694 Y123.72 E.01505
G1 X196.72 Y112.694 E.46382
G1 X196.72 Y112.188 E.01505
G1 X185.188 Y123.72 E.4851
G1 X184.683 Y123.72 E.01502
G1 X196.72 Y111.683 E.50635
G1 X196.72 Y111.177 E.01505
G1 X184.177 Y123.72 E.52763
G1 X183.671 Y123.72 E.01505
G1 X196.72 Y110.671 E.54892
G1 X196.72 Y110.165 E.01505
G1 X183.165 Y123.72 E.5702
G1 X182.659 Y123.72 E.01505
G1 X196.72 Y109.659 E.59149
G1 X196.72 Y109.153 E.01505
G1 X182.153 Y123.72 E.61277
G1 X181.647 Y123.72 E.01505
G1 X196.72 Y108.647 E.63406
G1 X196.72 Y108.141 E.01505
G1 X181.141 Y123.72 E.65534
G1 X180.635 Y123.72 E.01505
G1 X196.72 Y107.635 E.67663
G1 X196.72 Y107.28 E.01056
G1 X196.57 Y107.28 E.00446
G1 X180.129 Y123.72 E.69158
G1 X179.624 Y123.72 E.01502
G1 X196.064 Y107.28 E.69156
G1 X195.558 Y107.28 E.01505
G1 X179.118 Y123.72 E.69156
G1 X178.612 Y123.72 E.01505
G1 X195.052 Y107.28 E.69156
G1 X194.546 Y107.28 E.01505
G1 X178.106 Y123.72 E.69156
G1 X177.6 Y123.72 E.01505
G1 X194.04 Y107.28 E.69156
G1 X193.534 Y107.28 E.01505
G1 X177.094 Y123.72 E.69156
G1 X176.588 Y123.72 E.01505
G1 X193.028 Y107.28 E.69156
G1 X192.522 Y107.28 E.01505
G1 X176.082 Y123.72 E.69156
G1 X175.576 Y123.72 E.01505
G1 X192.017 Y107.28 E.69158
G1 X191.511 Y107.28 E.01505
G1 X175.07 Y123.72 E.69158
G1 X174.565 Y123.72 E.01502
G1 X191.005 Y107.28 E.69156
G1 X190.499 Y107.28 E.01505
G1 X174.059 Y123.72 E.69156
G1 X173.553 Y123.72 E.01505
G1 X189.993 Y107.28 E.69156
G1 X189.487 Y107.28 E.01505
G1 X173.047 Y123.72 E.69156
G1 X172.541 Y123.72 E.01505
G1 X188.981 Y107.28 E.69156
G1 X188.475 Y107.28 E.01505
G1 X172.035 Y123.72 E.69156
G1 X171.529 Y123.72 E.01505
G1 X187.969 Y107.28 E.69156
G1 X187.463 Y107.28 E.01505
G1 X171.023 Y123.72 E.69156
G1 X170.517 Y123.72 E.01505
G1 X186.958 Y107.28 E.69158
G1 X186.452 Y107.28 E.01505
G1 X170.011 Y123.72 E.69158
G1 X169.506 Y123.72 E.01502
G1 X185.946 Y107.28 E.69156
G1 X185.44 Y107.28 E.01505
G1 X169 Y123.72 E.69156
G1 X168.494 Y123.72 E.01505
G1 X184.934 Y107.28 E.69156
G1 X184.428 Y107.28 E.01505
G1 X167.988 Y123.72 E.69156
G1 X167.482 Y123.72 E.01505
G1 X183.922 Y107.28 E.69156
G1 X183.416 Y107.28 E.01505
G1 X166.976 Y123.72 E.69156
G1 X166.47 Y123.72 E.01505
G1 X182.91 Y107.28 E.69156
G1 X182.404 Y107.28 E.01505
G1 X165.964 Y123.72 E.69156
G1 X165.458 Y123.72 E.01505
G1 X181.899 Y107.28 E.69158
G1 X181.393 Y107.28 E.01505
G1 X165.03 Y123.642 E.6883
G1 X164.633 Y123.533 E.01225
G1 X180.887 Y107.28 E.68372
G1 X180.381 Y107.28 E.01505
G1 X164.236 Y123.424 E.67913
G1 X163.839 Y123.316 E.01224
G1 X179.875 Y107.28 E.67457
G1 X179.369 Y107.28 E.01505
G1 X163.442 Y123.207 E.66998
G1 X163.037 Y123.106 E.01242
G1 X178.863 Y107.28 E.66573
G1 X178.357 Y107.28 E.01505
G1 X162.631 Y123.007 E.66155
G1 X162.224 Y122.907 E.01247
G1 X177.851 Y107.28 E.65736
G1 X177.345 Y107.28 E.01505
G1 X161.817 Y122.808 E.6532
G1 X161.411 Y122.709 E.01243
G1 X176.84 Y107.28 E.64903
G1 X176.334 Y107.28 E.01505
G1 X160.997 Y122.616 E.64514
G1 X160.581 Y122.527 E.01265
G1 X175.828 Y107.28 E.64138
G1 X175.322 Y107.28 E.01505
G1 X160.164 Y122.437 E.63761
G1 X159.748 Y122.348 E.01265
G1 X174.816 Y107.28 E.63385
G1 X174.31 Y107.28 E.01505
G1 X159.331 Y122.258 E.63008
G1 X158.909 Y122.175 E.01279
G1 X173.804 Y107.28 E.62657
G1 X173.298 Y107.28 E.01505
G1 X158.482 Y122.096 E.62325
G1 X158.055 Y122.017 E.01292
G1 X172.792 Y107.28 E.61992
G1 X172.286 Y107.28 E.01505
G1 X157.629 Y121.938 E.61658
G1 X157.202 Y121.859 E.01292
G1 X171.781 Y107.28 E.61328
G1 X171.275 Y107.28 E.01505
G1 X156.769 Y121.786 E.61021
G1 X156.331 Y121.717 E.01319
G1 X170.769 Y107.28 E.60732
G1 X170.263 Y107.28 E.01505
G1 X155.894 Y121.649 E.60444
G1 X155.456 Y121.581 E.01318
G1 X169.757 Y107.28 E.60158
G1 X169.251 Y107.28 E.01505
G1 X155.019 Y121.512 E.59868
G1 X154.575 Y121.45 E.01333
G1 X168.745 Y107.28 E.59607
G1 X168.239 Y107.28 E.01505
G1 X154.126 Y121.393 E.59367
G1 X153.677 Y121.336 E.01346
G1 X167.733 Y107.28 E.59128
G1 X167.227 Y107.28 E.01505
G1 X153.228 Y121.279 E.58888
G1 X152.78 Y121.222 E.01343
G1 X166.722 Y107.28 E.58648
G1 X166.216 Y107.28 E.01505
G1 X152.322 Y121.174 E.58446
G1 X151.862 Y121.128 E.01375
G1 X165.71 Y107.28 E.58253
G1 X165.315 Y107.28 E.01175
G1 X165.162 Y107.322 E.00472
G1 X151.401 Y121.083 E.57887
G1 X150.941 Y121.037 E.01375
G1 X164.465 Y107.513 E.5689
G1 X163.768 Y107.704 E.0215
G1 X150.479 Y120.993 E.55901
G1 X150.006 Y120.96 E.0141
G1 X163.083 Y107.883 E.55009
G1 X162.414 Y108.046 E.02048
G1 X149.534 Y120.926 E.54181
G1 X149.061 Y120.893 E.0141
G1 X161.744 Y108.21 E.53352
G1 X161.083 Y108.365 E.02019
G1 X148.589 Y120.859 E.52557
G1 X148.11 Y120.833 E.01427
G1 X160.439 Y108.504 E.51863
G1 X159.795 Y108.642 E.01959
G1 X147.624 Y120.812 E.51196
G1 X147.139 Y120.792 E.01444
G1 X159.151 Y108.78 E.50529
G1 X158.53 Y108.895 E.01879
G1 X146.654 Y120.771 E.49957
G1 X146.167 Y120.752 E.0145
G1 X157.909 Y109.01 E.49394
G1 X157.287 Y109.126 E.01882
G1 X145.668 Y120.745 E.48876
G1 X145.17 Y120.737 E.01481
G1 X156.679 Y109.228 E.48413
G1 X156.079 Y109.322 E.01806
G1 X144.671 Y120.73 E.47989
G1 X144.173 Y120.723 E.01481
G1 X155.479 Y109.416 E.47562
G1 X154.879 Y109.51 E.01806
G1 X143.669 Y120.72 E.47156
G1 X143.163 Y120.72 E.01505
G1 X154.299 Y109.584 E.46844
G1 X153.719 Y109.658 E.01739
G1 X142.657 Y120.72 E.46533
G1 X142.152 Y120.72 E.01502
G1 X153.14 Y109.732 E.46222
G1 X152.564 Y109.802 E.01726
G1 X141.646 Y120.72 E.45927
G1 X141.14 Y120.72 E.01505
G1 X152.002 Y109.857 E.45694
G1 X151.441 Y109.913 E.01677
G1 X140.634 Y120.72 E.4546
G1 X140.128 Y120.72 E.01505
G1 X150.88 Y109.968 E.45229
G1 X150.324 Y110.018 E.0166
G1 X139.622 Y120.72 E.45019
G1 X139.116 Y120.72 E.01505
G1 X149.78 Y110.056 E.44859
G1 X149.236 Y110.095 E.01622
G1 X138.61 Y120.72 E.44697
G1 X138.104 Y120.72 E.01505
G1 X148.691 Y110.133 E.44535
G1 X148.153 Y110.166 E.01603
G1 X137.598 Y120.72 E.44398
G1 X137.093 Y120.72 E.01502
G1 X147.625 Y110.188 E.44304
G1 X147.096 Y110.21 E.01575
G1 X136.587 Y120.72 E.44209
G1 X136.081 Y120.72 E.01505
G1 X146.568 Y110.233 E.44114
G1 X146.044 Y110.251 E.0156
G1 X135.575 Y120.72 E.44039
G1 X135.069 Y120.72 E.01505
G1 X145.531 Y110.258 E.44009
G1 X145.018 Y110.266 E.01526
G1 X134.563 Y120.72 E.43978
G1 X134.057 Y120.72 E.01505
G1 X144.504 Y110.273 E.43946
G1 X143.991 Y110.28 E.01526
G1 X133.551 Y120.72 E.43917
G1 X133.045 Y120.72 E.01505
G1 X143.486 Y110.28 E.43919
G1 X142.98 Y110.28 E.01505
G1 X132.54 Y120.72 E.43917
G1 X132.034 Y120.72 E.01505
G1 X142.474 Y110.28 E.43917
G1 X141.968 Y110.28 E.01505
G1 X131.528 Y120.72 E.43917
G1 X131.022 Y120.72 E.01505
G1 X141.462 Y110.28 E.43917
G1 X140.956 Y110.28 E.01505
G1 X130.516 Y120.72 E.43917
G1 X130.01 Y120.72 E.01505
G1 X140.45 Y110.28 E.43917
G1 X139.944 Y110.28 E.01505
G1 X129.504 Y120.72 E.43917
G1 X128.998 Y120.72 E.01505
G1 X139.438 Y110.28 E.43917
G1 X138.932 Y110.28 E.01505
G1 X128.492 Y120.72 E.43917
G1 X127.986 Y120.72 E.01505
G1 X138.427 Y110.28 E.43919
G1 X137.921 Y110.28 E.01505
G1 X127.481 Y120.72 E.43917
G1 X126.975 Y120.72 E.01505
G1 X137.415 Y110.28 E.43917
G1 X136.909 Y110.28 E.01505
G1 X126.469 Y120.72 E.43917
G1 X125.963 Y120.72 E.01505
G1 X136.403 Y110.28 E.43917
G1 X135.897 Y110.28 E.01505
G1 X125.457 Y120.72 E.43917
G1 X124.951 Y120.72 E.01505
G1 X135.391 Y110.28 E.43917
G1 X134.885 Y110.28 E.01505
G1 X124.445 Y120.72 E.43917
G1 X123.939 Y120.72 E.01505
G1 X134.379 Y110.28 E.43917
G1 X133.873 Y110.28 E.01505
G1 X123.433 Y120.72 E.43917
G1 X122.927 Y120.72 E.01505
G1 X133.368 Y110.28 E.43919
G1 X132.862 Y110.28 E.01505
G1 X122.422 Y120.72 E.43917
G1 X121.916 Y120.72 E.01505
G1 X132.356 Y110.28 E.43917
G1 X131.85 Y110.28 E.01505
G1 X121.41 Y120.72 E.43917
G1 X120.904 Y120.72 E.01505
G1 X131.344 Y110.28 E.43917
G1 X130.838 Y110.28 E.01505
G1 X120.398 Y120.72 E.43917
G1 X119.892 Y120.72 E.01505
G1 X130.332 Y110.28 E.43917
G1 X129.826 Y110.28 E.01505
G1 X119.386 Y120.72 E.43917
G1 X118.88 Y120.72 E.01505
G1 X129.32 Y110.28 E.43917
G1 X128.815 Y110.28 E.01502
G1 X118.374 Y120.72 E.43919
G1 X117.868 Y120.72 E.01505
G1 X128.309 Y110.28 E.43919
G1 X127.803 Y110.28 E.01505
G1 X117.363 Y120.72 E.43917
G1 X116.857 Y120.72 E.01505
G1 X127.297 Y110.28 E.43917
G1 X126.791 Y110.28 E.01505
G1 X116.351 Y120.72 E.43917
G1 X115.845 Y120.72 E.01505
G1 X126.285 Y110.28 E.43917
G1 X125.779 Y110.28 E.01505
G1 X115.339 Y120.72 E.43917
G1 X114.833 Y120.72 E.01505
G1 X125.273 Y110.28 E.43917
G1 X124.767 Y110.28 E.01505
G1 X114.327 Y120.72 E.43917
G1 X113.821 Y120.72 E.01505
G1 X124.261 Y110.28 E.43917
G1 X123.756 Y110.28 E.01502
G1 X113.315 Y120.72 E.43919
G1 X112.809 Y120.72 E.01505
G1 X123.25 Y110.28 E.43919
G1 X122.744 Y110.28 E.01505
G1 X112.304 Y120.72 E.43917
G1 X111.798 Y120.72 E.01505
G1 X122.238 Y110.28 E.43917
G1 X121.732 Y110.28 E.01505
G1 X111.292 Y120.72 E.43917
G1 X110.786 Y120.72 E.01505
G1 X121.226 Y110.28 E.43917
G1 X120.72 Y110.28 E.01505
G1 X110.28 Y120.72 E.43917
G1 X109.774 Y120.72 E.01505
G1 X120.214 Y110.28 E.43917
G1 X119.708 Y110.28 E.01505
G1 X109.268 Y120.72 E.43917
G1 X108.762 Y120.72 E.01505
G1 X119.202 Y110.28 E.43917
G1 X118.697 Y110.28 E.01502
G1 X108.256 Y120.72 E.43919
G1 X107.75 Y120.72 E.01505
G1 X118.191 Y110.28 E.43919
G1 X117.685 Y110.28 E.01505
G1 X107.245 Y120.72 E.43917
G1 X106.739 Y120.72 E.01505
G1 X117.179 Y110.28 E.43917
G1 X116.673 Y110.28 E.01505
G1 X106.233 Y120.72 E.43917
G1 X105.727 Y120.72 E.01505
G1 X116.167 Y110.28 E.43917
G1 X115.661 Y110.28 E.01505
G1 X105.221 Y120.72 E.43917
G1 X104.715 Y120.72 E.01505
G1 X115.155 Y110.28 E.43917
G1 X114.649 Y110.28 E.01505
G1 X104.209 Y120.72 E.43917
G1 X103.703 Y120.72 E.01505
G1 X114.143 Y110.28 E.43917
G1 X113.638 Y110.28 E.01502
G1 X103.197 Y120.72 E.43919
G1 X102.691 Y120.72 E.01505
G1 X113.132 Y110.28 E.43919
G1 X112.626 Y110.28 E.01505
G1 X102.186 Y120.72 E.43917
G1 X101.68 Y120.72 E.01505
G1 X112.12 Y110.28 E.43917
G1 X111.614 Y110.28 E.01505
G1 X101.174 Y120.72 E.43917
G1 X100.668 Y120.72 E.01505
G1 X111.108 Y110.28 E.43917
G1 X110.602 Y110.28 E.01505
G1 X100.162 Y120.72 E.43917
G1 X99.656 Y120.72 E.01505
G1 X110.096 Y110.28 E.43917
G1 X109.59 Y110.28 E.01505
G1 X99.15 Y120.72 E.43917
G1 X98.644 Y120.72 E.01505
G1 X109.084 Y110.28 E.43917
G1 X108.579 Y110.28 E.01502
G1 X98.138 Y120.72 E.43919
G1 X97.632 Y120.72 E.01505
G1 X108.073 Y110.28 E.43919
G1 X107.567 Y110.28 E.01505
G1 X97.127 Y120.72 E.43917
G1 X96.621 Y120.72 E.01505
G1 X107.061 Y110.28 E.43917
G1 X106.555 Y110.28 E.01505
G1 X96.115 Y120.72 E.43917
G1 X95.609 Y120.72 E.01505
G1 X106.049 Y110.28 E.43917
G1 X105.543 Y110.28 E.01505
G1 X95.103 Y120.72 E.43917
G1 X94.597 Y120.72 E.01505
G1 X105.037 Y110.28 E.43917
G1 X104.531 Y110.28 E.01505
G1 X94.091 Y120.72 E.43917
G1 X93.585 Y120.72 E.01505
G1 X104.025 Y110.28 E.43917
G1 X103.52 Y110.28 E.01502
G1 X93.079 Y120.72 E.43919
G1 X92.573 Y120.72 E.01505
G1 X103.014 Y110.28 E.43919
G1 X102.508 Y110.28 E.01505
G1 X92.068 Y120.72 E.43917
G1 X91.562 Y120.72 E.01505
G1 X102.002 Y110.28 E.43917
G1 X101.496 Y110.28 E.01505
G1 X91.056 Y120.72 E.43917
G1 X90.55 Y120.72 E.01505
G1 X100.99 Y110.28 E.43917
G1 X100.484 Y110.28 E.01505
G1 X90.044 Y120.72 E.43917
G1 X89.538 Y120.72 E.01505
G1 X99.978 Y110.28 E.43917
G1 X99.472 Y110.28 E.01505
G1 X89.032 Y120.72 E.43917
G1 X88.526 Y120.72 E.01505
G1 X98.966 Y110.28 E.43917
G1 X98.461 Y110.28 E.01502
G1 X88.02 Y120.72 E.43919
G1 X87.514 Y120.72 E.01505
G1 X97.955 Y110.28 E.43919
G1 X97.449 Y110.28 E.01505
G1 X87.009 Y120.72 E.43917
G1 X86.496 Y120.727 E.01526
G1 X96.943 Y110.28 E.43946
G1 X96.437 Y110.28 E.01505
G1 X85.982 Y120.734 E.43978
G1 X85.469 Y120.742 E.01526
G1 X95.931 Y110.28 E.44009
G1 X95.425 Y110.28 E.01505
G1 X84.956 Y120.749 E.44039
G1 X84.432 Y120.768 E.0156
G1 X94.919 Y110.28 E.44116
G1 X94.413 Y110.28 E.01505
G1 X83.903 Y120.79 E.44211
G1 X83.375 Y120.812 E.01572
G1 X93.907 Y110.28 E.44304
G1 X93.402 Y110.28 E.01502
G1 X82.847 Y120.834 E.44398
G1 X82.309 Y120.867 E.01603
G1 X92.896 Y110.28 E.44535
G1 X92.39 Y110.28 E.01505
G1 X81.764 Y120.905 E.44697
G1 X81.22 Y120.944 E.01622
G1 X91.884 Y110.28 E.44859
G1 X91.378 Y110.28 E.01505
G1 X80.676 Y120.982 E.45019
G1 X80.121 Y121.031 E.01657
G1 X90.872 Y110.28 E.45225
G1 X90.366 Y110.28 E.01505
G1 X79.559 Y121.087 E.4546
G1 X78.998 Y121.142 E.01677
G1 X89.86 Y110.28 E.45692
G1 X89.354 Y110.28 E.01505
G1 X78.436 Y121.198 E.45927
G1 X77.861 Y121.267 E.01723
G1 X88.848 Y110.28 E.46218
G1 X88.343 Y110.28 E.01502
G1 X77.281 Y121.341 E.46531
G1 X76.701 Y121.416 E.0174
G1 X87.837 Y110.28 E.46844
G1 X87.331 Y110.28 E.01505
G1 X76.121 Y121.49 E.47156
G1 X75.521 Y121.584 E.01806
G1 X86.827 Y110.277 E.47562
G1 X86.328 Y110.27 E.01484
G1 X74.921 Y121.677 E.47984
G1 X74.322 Y121.771 E.01804
G1 X85.83 Y110.263 E.48409
G1 X85.331 Y110.256 E.01484
G1 X73.71 Y121.877 E.48885
G1 X73.09 Y121.991 E.01875
G1 X84.832 Y110.249 E.49394
G1 X84.346 Y110.229 E.01447
G1 X72.47 Y122.106 E.49959
G1 X71.849 Y122.22 E.01878
G1 X83.861 Y110.208 E.50529
G1 X83.376 Y110.188 E.01444
G1 X71.205 Y122.358 E.51196
G1 X70.561 Y122.496 E.01959
G1 X82.89 Y110.167 E.51863
G1 X82.411 Y110.141 E.01427
G1 X69.917 Y122.635 E.52557
G1 X69.256 Y122.79 E.02019
G1 X81.939 Y110.107 E.53352
G1 X81.466 Y110.074 E.0141
G1 X68.586 Y122.954 E.54181
G1 X67.917 Y123.117 E.02048
G1 X80.994 Y110.04 E.55009
G1 X80.521 Y110.007 E.0141
G1 X67.232 Y123.296 E.55901
G1 X66.535 Y123.487 E.0215
G1 X80.059 Y109.963 E.5689
G1 X79.599 Y109.917 E.01375
G1 X65.838 Y123.678 E.57887
G1 X65.685 Y123.72 E.00472
G1 X65.29 Y123.72 E.01175
G1 X79.139 Y109.872 E.58255
G1 X78.679 Y109.826 E.01375
G1 X64.784 Y123.72 E.58448
G1 X64.278 Y123.72 E.01505
G1 X78.22 Y109.779 E.58646
G1 X77.771 Y109.721 E.01347
G1 X63.773 Y123.72 E.58886
G1 X63.267 Y123.72 E.01505
G1 X77.323 Y109.664 E.59128
G1 X76.874 Y109.607 E.01346
G1 X62.761 Y123.72 E.59367
G1 X62.255 Y123.72 E.01505
G1 X76.425 Y109.55 E.59607
G1 X75.981 Y109.488 E.01333
G1 X61.749 Y123.72 E.59868
G1 X61.243 Y123.72 E.01505
G1 X75.544 Y109.42 E.60156
G1 X75.106 Y109.351 E.01319
G1 X60.737 Y123.72 E.60444
G1 X60.231 Y123.72 E.01505
G1 X74.669 Y109.283 E.60732
G1 X74.231 Y109.215 E.01318
G1 X59.725 Y123.72 E.61018
G1 X59.219 Y123.72 E.01505
G1 X73.798 Y109.141 E.61328
G1 X73.371 Y109.062 E.01292
G1 X58.714 Y123.72 E.61658
G1 X58.208 Y123.72 E.01505
G1 X72.945 Y108.983 E.61992
G1 X72.518 Y108.904 E.01292
G1 X57.702 Y123.72 E.62325
G1 X57.196 Y123.72 E.01505
G1 X72.091 Y108.825 E.62657
G1 X71.669 Y108.742 E.01279
G1 X56.69 Y123.72 E.63008
G1 X56.184 Y123.72 E.01505
G1 X71.252 Y108.652 E.63385
G1 X70.836 Y108.563 E.01265
G1 X55.678 Y123.72 E.63761
G1 X55.172 Y123.72 E.01505
G1 X70.419 Y108.473 E.64138
G1 X70.003 Y108.384 E.01265
G1 X54.666 Y123.72 E.64514
G1 X54.16 Y123.72 E.01505
G1 X69.589 Y108.291 E.64903
G1 X69.183 Y108.192 E.01243
G1 X53.655 Y123.72 E.6532
G1 X53.149 Y123.72 E.01505
G1 X68.776 Y108.093 E.65736
G1 X68.369 Y107.993 E.01247
G1 X52.643 Y123.72 E.66155
G1 X52.137 Y123.72 E.01505
G1 X67.963 Y107.894 E.66573
G1 X67.558 Y107.793 E.01242
G1 X51.631 Y123.72 E.66998
G1 X51.125 Y123.72 E.01505
G1 X67.161 Y107.684 E.67457
G1 X66.764 Y107.576 E.01224
G1 X50.619 Y123.72 E.67913
G1 X50.113 Y123.72 E.01505
G1 X66.367 Y107.467 E.68372
G1 X65.97 Y107.358 E.01225
G1 X49.607 Y123.72 E.6883
G1 X49.101 Y123.72 E.01505
G1 X65.542 Y107.28 E.69158
G1 X65.036 Y107.28 E.01505
G1 X48.596 Y123.72 E.69156
G1 X48.09 Y123.72 E.01505
G1 X64.53 Y107.28 E.69156
G1 X64.024 Y107.28 E.01505
G1 X47.584 Y123.72 E.69156
G1 X47.078 Y123.72 E.01505
G1 X63.518 Y107.28 E.69156
G1 X63.012 Y107.28 E.01505
G1 X46.572 Y123.72 E.69156
G1 X46.066 Y123.72 E.01505
G1 X62.506 Y107.28 E.69156
G1 X62 Y107.28 E.01505
G1 X45.56 Y123.72 E.69156
G1 X45.054 Y123.72 E.01505
G1 X61.494 Y107.28 E.69156
G1 X60.989 Y107.28 E.01502
G1 X44.548 Y123.72 E.69158
G1 X44.042 Y123.72 E.01505
G1 X60.483 Y107.28 E.69158
G1 X59.977 Y107.28 E.01505
G1 X43.537 Y123.72 E.69156
G1 X43.031 Y123.72 E.01505
G1 X59.471 Y107.28 E.69156
G1 X58.965 Y107.28 E.01505
G1 X42.525 Y123.72 E.69156
G1 X42.019 Y123.72 E.01505
G1 X58.459 Y107.28 E.69156
G1 X57.953 Y107.28 E.01505
G1 X41.513 Y123.72 E.69156
G1 X41.007 Y123.72 E.01505
G1 X57.447 Y107.28 E.69156
G1 X56.941 Y107.28 E.01505
G1 X40.501 Y123.72 E.69156
G1 X39.995 Y123.72 E.01505
G1 X56.435 Y107.28 E.69156
G1 X55.93 Y107.28 E.01502
G1 X39.489 Y123.72 E.69158
G1 X38.983 Y123.72 E.01505
G1 X55.424 Y107.28 E.69158
G1 X54.918 Y107.28 E.01505
G1 X38.478 Y123.72 E.69156
G1 X37.972 Y123.72 E.01505
G1 X54.412 Y107.28 E.69156
G1 X53.906 Y107.28 E.01505
G1 X37.466 Y123.72 E.69156
G1 X36.96 Y123.72 E.01505
G1 X53.4 Y107.28 E.69156
G1 X52.894 Y107.28 E.01505
G1 X36.454 Y123.72 E.69156
G1 X35.948 Y123.72 E.01505
G1 X52.388 Y107.28 E.69156
G1 X51.882 Y107.28 E.01505
G1 X35.442 Y123.72 E.69156
G1 X34.936 Y123.72 E.01505
G1 X51.376 Y107.28 E.69156
G1 X50.871 Y107.28 E.01502
G1 X34.43 Y123.72 E.69158
G1 X34.28 Y123.72 E.00446
G1 X34.28 Y123.365 E.01056
G1 X50.365 Y107.28 E.67663
G1 X49.859 Y107.28 E.01505
G1 X34.28 Y122.859 E.65534
G1 X34.28 Y122.353 E.01505
G1 X49.353 Y107.28 E.63406
G1 X48.847 Y107.28 E.01505
G1 X34.28 Y121.847 E.61277
G1 X34.28 Y121.341 E.01505
G1 X48.341 Y107.28 E.59149
G1 X47.835 Y107.28 E.01505
G1 X34.28 Y120.835 E.5702
G1 X34.28 Y120.329 E.01505
G1 X47.329 Y107.28 E.54892
G1 X46.823 Y107.28 E.01505
G1 X34.28 Y119.823 E.52763
G1 X34.28 Y119.317 E.01505
G1 X46.317 Y107.28 E.50635
G1 X45.812 Y107.28 E.01502
G1 X34.28 Y118.812 E.4851
G1 X34.28 Y118.306 E.01505
G1 X45.306 Y107.28 E.46382
G1 X44.8 Y107.28 E.01505
G1 X34.28 Y117.8 E.44253
G1 X34.28 Y117.294 E.01505
G1 X44.294 Y107.28 E.42125
G1 X43.788 Y107.28 E.01505
G1 X34.28 Y116.788 E.39996
G1 X34.28 Y116.282 E.01505
G1 X43.282 Y107.28 E.37868
G1 X42.776 Y107.28 E.01505
G1 X34.28 Y115.776 E.35739
G1 X34.28 Y115.27 E.01505
G1 X42.27 Y107.28 E.33611
G1 X41.764 Y107.28 E.01505
G1 X34.28 Y114.764 E.31482
G1 X34.28 Y114.258 E.01505
G1 X41.258 Y107.28 E.29353
G1 X40.753 Y107.28 E.01502
G1 X34.28 Y113.753 E.27229
G1 X34.28 Y113.247 E.01505
G1 X40.247 Y107.28 E.25101
G1 X39.741 Y107.28 E.01505
G1 X34.28 Y112.741 E.22972
G1 X34.28 Y112.235 E.01505
G1 X39.235 Y107.28 E.20844
G1 X38.729 Y107.28 E.01505
G1 X34.28 Y111.729 E.18715
G1 X34.28 Y111.223 E.01505
G1 X38.223 Y107.28 E.16587
G1 X37.717 Y107.28 E.01505
G1 X34.28 Y110.717 E.14458
G1 X34.28 Y110.211 E.01505
G1 X37.211 Y107.28 E.12329
G1 X36.705 Y107.28 E.01505
G1 X34.28 Y109.705 E.10201
G1 X34.28 Y109.199 E.01505
G1 X36.199 Y107.28 E.08072
G1 X35.694 Y107.28 E.01502
G1 X34.28 Y108.694 E.05948
G1 X34.28 Y108.188 E.01505
G1 X35.188 Y107.28 E.0382
G1 X34.682 Y107.28 E.01505
G1 X34.119 Y107.842 E.02366
; stop printing object S2_dog_bone_0.2.stl id:0 copy 0
G1 E-3.5 F3600
;WIPE_START
G1 F7200;_WIPE
G1 X34.682 Y107.28 E-.37786
G1 X35.188 Y107.28 E-.24035
G1 X34.28 Y108.188 E-.60995
G1 X34.28 Y108.694 E-.24035
G1 X34.327 Y108.647 E-.03149
;WIPE_END
M107
;TYPE:Custom
; Filament-specific end gcode 
;END gcode for filament
G1 Z6 F600 ; Move print head up
G1 X5 Y193.8 F9000 ; present print
G1 Z74 F600 ; Move print head further up
G1 Z150 F600 ; Move print head further up
M140 S0 ; turn off heatbed
M104 S0 ; turn off temperature
M107 ; turn off fan
M84 X Y E ; disable motors
; objects_info = {"objects":[{"name":"S2_dog_bone_0.2.stl id:0 copy 0","polygon":[[67.228,106.321],[72.300,107.525],[76.523,108.246],[80.780,108.728],[85.058,108.970],[143.800,109.000],[145.942,108.970],[150.220,108.728],[154.477,108.246],[158.700,107.525],[160.795,107.075],[164.942,106.000],[198.200,106.000],[198.200,125.000],[164.942,125.000],[162.876,124.433],[158.700,123.475],[154.477,122.754],[150.220,122.272],[145.942,122.030],[143.800,122.000],[85.058,122.030],[80.780,122.272],[78.648,122.483],[74.406,123.085],[70.205,123.925],[66.058,125.000],[32.800,125.000],[32.800,106.000],[66.058,106.000]]}]}
; filament used [mm] = 4438.91
; filament used [cm3] = 10.68
; filament used [g] = 13.24
; filament cost = 0.26
; total filament used [g] = 13.24
; total filament cost = 0.26
; total filament used for wipe tower [g] = 0.00
; estimated printing time (normal mode) = 1h 5m 38s
; estimated first layer printing time (normal mode) = 6m 53s

; prusaslicer_config = begin
; arc_fitting = disabled
; autoemit_temperature_commands = 1
; automatic_extrusion_widths = 0
; automatic_infill_combination = 0
; automatic_infill_combination_max_layer_height = 100%
; avoid_crossing_curled_overhangs = 0
; avoid_crossing_perimeters = 0
; avoid_crossing_perimeters_max_detour = 0
; bed_custom_model = 
; bed_custom_texture = 
; bed_shape = 3x3,228x3,228x228,3x228
; bed_temperature = 60
; bed_temperature_extruder = 0
; before_layer_gcode = ;BEFORE_LAYER_CHANGE\nG92 E0\n;{layer_z}\n\n
; between_objects_gcode = 
; binary_gcode = 0
; bottom_fill_pattern = monotonic
; bottom_solid_layers = 3
; bottom_solid_min_thickness = 0
; bridge_acceleration = 250
; bridge_angle = 0
; bridge_fan_speed = 100
; bridge_flow_ratio = 0.95
; bridge_speed = 25
; brim_separation = 0
; brim_type = outer_only
; brim_width = 0
; chamber_minimal_temperature = 0
; chamber_temperature = 0
; color_change_gcode = M600
; colorprint_heights = 
; compatible_printers_condition_cummulative = "printer_model=~/(ENDER|CR|SERMOON).*/ and nozzle_diameter[0]==0.4";printer_notes=~/.*PRINTER_VENDOR_CREALITY.*/
; complete_objects = 0
; cooling = 1
; cooling_perimeter_transition_distance = 0
; cooling_slowdown_logic = uniform_cooling
; cooling_tube_length = 5
; cooling_tube_retraction = 91.5
; custom_parameters_filament = ""
; custom_parameters_print = 
; custom_parameters_printer = 
; default_acceleration = 500
; default_filament_profile = "Generic PLA @CREALITY"
; default_print_profile = "0.16 mm OPTIMAL (0.4 mm nozzle) @CREALITY"
; deretract_speed = 40
; disable_fan_first_layers = 1
; dont_support_bridges = 1
; draft_shield = disabled
; duplicate_distance = 6
; elefant_foot_compensation = 0.1
; enable_dynamic_fan_speeds = 0
; enable_dynamic_overhang_speeds = 0
; end_filament_gcode = "; Filament-specific end gcode \n;END gcode for filament\n"
; end_gcode = {if max_layer_z < max_print_height}G1 Z{z_offset+min(max_layer_z+2, max_print_height)} F600 ; Move print head up{endif}\nG1 X5 Y{print_bed_max[1]*0.85} F{travel_speed*60} ; present print\n{if max_layer_z < max_print_height-10}G1 Z{z_offset+min(max_layer_z+70, max_print_height-10)} F600 ; Move print head further up{endif}\n{if max_layer_z < max_print_height*0.6}G1 Z{max_print_height*0.6} F600 ; Move print head further up{endif}\nM140 S0 ; turn off heatbed\nM104 S0 ; turn off temperature\nM107 ; turn off fan\nM84 X Y E ; disable motors
; ensure_vertical_shell_thickness = enabled
; external_perimeter_acceleration = 0
; external_perimeter_extrusion_width = 0.42
; external_perimeter_speed = 25
; external_perimeters_first = 0
; extra_loading_move = -2
; extra_perimeters = 0
; extra_perimeters_on_overhangs = 0
; extruder_clearance_height = 25
; extruder_clearance_radius = 55
; extruder_colour = #FCE94F
; extruder_offset = 0x0
; extrusion_axis = E
; extrusion_multiplier = 1
; extrusion_width = 0.44
; fan_always_on = 1
; fan_below_layer_time = 100
; filament_abrasive = 0
; filament_colour = #DDDDDD
; filament_cooling_final_speed = 3.4
; filament_cooling_initial_speed = 2.2
; filament_cooling_moves = 4
; filament_cost = 20
; filament_density = 1.24
; filament_deretract_speed = nil
; filament_diameter = 1.75
; filament_infill_max_crossing_speed = 0
; filament_infill_max_speed = 0
; filament_load_time = 0
; filament_loading_speed = 28
; filament_loading_speed_start = 3
; filament_max_volumetric_speed = 15
; filament_minimal_purge_on_wipe_tower = 15
; filament_multitool_ramming = 0
; filament_multitool_ramming_flow = 10
; filament_multitool_ramming_volume = 10
; filament_notes = ""
; filament_purge_multiplier = 100%
; filament_ramming_parameters = "120 100 6.6 6.8 7.2 7.6 7.9 8.2 8.7 9.4 9.9 10.0| 0.05 6.6 0.45 6.8 0.95 7.8 1.45 8.3 1.95 9.7 2.45 10 2.95 7.6 3.45 7.6 3.95 7.6 4.45 7.6 4.95 7.6"
; filament_retract_before_travel = nil
; filament_retract_before_wipe = nil
; filament_retract_layer_change = nil
; filament_retract_length = nil
; filament_retract_length_toolchange = nil
; filament_retract_lift = nil
; filament_retract_lift_above = nil
; filament_retract_lift_below = nil
; filament_retract_restart_extra = nil
; filament_retract_restart_extra_toolchange = nil
; filament_retract_speed = nil
; filament_seam_gap_distance = nil
; filament_settings_id = "Generic PLA @CREALITY"
; filament_shrinkage_compensation_xy = 0%
; filament_shrinkage_compensation_z = 0%
; filament_soluble = 0
; filament_spool_weight = 0
; filament_stamping_distance = 0
; filament_stamping_loading_speed = 20
; filament_toolchange_delay = 0
; filament_travel_lift_before_obstacle = nil
; filament_travel_max_lift = nil
; filament_travel_ramping_lift = nil
; filament_travel_slope = nil
; filament_type = PLA
; filament_unload_time = 0
; filament_unloading_speed = 90
; filament_unloading_speed_start = 100
; filament_vendor = Generic
; filament_wipe = nil
; fill_angle = 45
; fill_density = 100%
; fill_pattern = alignedrectilinear
; first_layer_acceleration = 0
; first_layer_acceleration_over_raft = 0
; first_layer_bed_temperature = 60
; first_layer_extrusion_width = 0.42
; first_layer_height = 0.2
; first_layer_infill_speed = 0
; first_layer_speed = 20
; first_layer_speed_over_raft = 30
; first_layer_temperature = 210
; full_fan_speed_layer = 0
; fuzzy_skin = none
; fuzzy_skin_point_dist = 0.8
; fuzzy_skin_thickness = 0.3
; gap_fill_enabled = 1
; gap_fill_speed = 30
; gcode_comments = 0
; gcode_flavor = marlin
; gcode_label_objects = octoprint
; gcode_resolution = 0.0125
; gcode_substitutions = 
; high_current_on_filament_swap = 0
; host_type = prusalink
; idle_temperature = 150
; infill_acceleration = 0
; infill_anchor = 600%
; infill_anchor_max = 50
; infill_every_layers = 1
; infill_extruder = 1
; infill_extrusion_width = 0.44
; infill_first = 0
; infill_overlap = 23%
; infill_speed = 50
; inherits_cummulative = "0.20 mm NORMAL (0.4 mm nozzle) @CREALITY";;
; interface_shells = 0
; interlocking_beam = 0
; interlocking_beam_layer_count = 2
; interlocking_beam_width = 0.8
; interlocking_boundary_avoidance = 2
; interlocking_depth = 2
; interlocking_orientation = 22.5
; ironing = 0
; ironing_flowrate = 10%
; ironing_spacing = 0.1
; ironing_speed = 20
; ironing_type = top
; layer_gcode = ;AFTER_LAYER_CHANGE\n;{layer_z}
; layer_height = 0.2
; machine_limits_usage = emit_to_gcode
; machine_max_acceleration_e = 5000
; machine_max_acceleration_extruding = 500
; machine_max_acceleration_retracting = 1000
; machine_max_acceleration_travel = 500
; machine_max_acceleration_x = 500
; machine_max_acceleration_y = 500
; machine_max_acceleration_z = 100
; machine_max_feedrate_e = 60
; machine_max_feedrate_x = 500
; machine_max_feedrate_y = 500
; machine_max_feedrate_z = 10
; machine_max_jerk_e = 5
; machine_max_jerk_x = 8
; machine_max_jerk_y = 8
; machine_max_jerk_z = 0.4
; machine_max_junction_deviation = 0,0
; machine_min_extruding_rate = 0
; machine_min_travel_rate = 0
; max_fan_speed = 100
; max_layer_height = 0.32
; max_print_height = 250
; max_print_speed = 100
; max_volumetric_extrusion_rate_slope_negative = 0
; max_volumetric_extrusion_rate_slope_positive = 0
; max_volumetric_speed = 0
; min_bead_width = 85%
; min_fan_speed = 100
; min_feature_size = 25%
; min_layer_height = 0.06
; min_print_speed = 15
; min_skirt_length = 4
; mmu_segmented_region_interlocking_depth = 0
; mmu_segmented_region_max_width = 0
; multimaterial_purging = 140
; notes = 
; nozzle_diameter = 0.4
; nozzle_high_flow = 0
; only_one_perimeter_first_layer = 0
; only_retract_when_crossing_perimeters = 0
; ooze_prevention = 0
; output_filename_format = {input_filename_base}_{print_time}_{digits(layer_height,1,2)}mm_{temperature[0]}C_{filament_type[0]}_{printer_model}.gcode
; over_bridge_speed = 0
; overhang_fan_speed_0 = 0
; overhang_fan_speed_1 = 0
; overhang_fan_speed_2 = 0
; overhang_fan_speed_3 = 0
; overhang_speed_0 = 15
; overhang_speed_1 = 15
; overhang_speed_2 = 20
; overhang_speed_3 = 25
; overhangs = 1
; parking_pos_retraction = 92
; pause_print_gcode = 
; perimeter_acceleration = 0
; perimeter_extruder = 1
; perimeter_extrusion_width = 0.44
; perimeter_generator = arachne
; perimeter_speed = 40
; perimeters = 3
; physical_printer_settings_id = 
; post_process = 
; prefer_clockwise_movements = 0
; print_settings_id = 0.20 mm NORMAL (0.4 mm nozzle) @CREALITY
; printer_model = ENDER3
; printer_notes = Don't remove the following keywords! These keywords are used in the "compatible printer" condition of the print and filament profiles to link the particular print and filament profiles to this printer profile.\nPRINTER_VENDOR_CREALITY\nPRINTER_MODEL_ENDER3\nPRINTER_HAS_BOWDEN
; printer_settings_id = Creality Ender-3 (0.4 mm nozzle)
; printer_technology = FFF
; printer_variant = 0.4
; printer_vendor = 
; profile_vendor = Creality
; profile_version = 1.1.0
; raft_contact_distance = 0.1
; raft_expansion = 1.5
; raft_first_layer_density = 90%
; raft_first_layer_expansion = 3
; raft_layers = 0
; remaining_times = 0
; resolution = 0
; retract_before_travel = 2
; retract_before_wipe = 70%
; retract_layer_change = 1
; retract_length = 5
; retract_length_toolchange = 1
; retract_lift = 0
; retract_lift_above = 0.2
; retract_lift_below = 0
; retract_restart_extra = 0
; retract_restart_extra_toolchange = 0
; retract_speed = 60
; scarf_seam_entire_loop = 0
; scarf_seam_length = 20
; scarf_seam_max_segment_length = 1
; scarf_seam_on_inner_perimeters = 0
; scarf_seam_only_on_smooth = 1
; scarf_seam_placement = nowhere
; scarf_seam_start_height = 0%
; seam_gap_distance = 15%
; seam_position = nearest
; silent_mode = 0
; single_extruder_multi_material = 0
; single_extruder_multi_material_priming = 0
; skirt_distance = 3
; skirt_height = 2
; skirts = 1
; slice_closing_radius = 0.049
; slicing_mode = regular
; slowdown_below_layer_time = 20
; small_perimeter_speed = 25
; solid_infill_acceleration = 0
; solid_infill_below_area = 0
; solid_infill_every_layers = 0
; solid_infill_extruder = 1
; solid_infill_extrusion_width = 0.44
; solid_infill_speed = 40
; spiral_vase = 0
; staggered_inner_seams = 0
; standby_temperature_delta = -5
; start_filament_gcode = "; Filament gcode\n"
; start_gcode = G90 ; use absolute coordinates\nM83 ; extruder relative mode\nM104 S{is_nil(idle_temperature[0]) ? 150 : idle_temperature[0]} ; set temporary nozzle temp to prevent oozing during homing\nM140 S{first_layer_bed_temperature[0]} ; set final bed temp\nG4 S30 ; allow partial nozzle warmup\nG28 ; home all axis\nG1 Z50 F240\nG1 X2.0 Y10 F3000\nM104 S{first_layer_temperature[0]} ; set final nozzle temp\nM190 S{first_layer_bed_temperature[0]} ; wait for bed temp to stabilize\nM109 S{first_layer_temperature[0]} ; wait for nozzle temp to stabilize\nG1 Z0.28 F240\nG92 E0\nG1 X2.0 Y140 E10 F1500 ; prime the nozzle\nG1 X2.3 Y140 F5000\nG92 E0\nG1 X2.3 Y10 E10 F1200 ; prime the nozzle\nG92 E0
; support_material = 0
; support_material_angle = 0
; support_material_auto = 0
; support_material_bottom_contact_distance = 0
; support_material_bottom_interface_layers = -1
; support_material_buildplate_only = 0
; support_material_closing_radius = 2
; support_material_contact_distance = 0.15
; support_material_enforce_layers = 0
; support_material_extruder = 0
; support_material_extrusion_width = 0.36
; support_material_interface_contact_loops = 0
; support_material_interface_extruder = 0
; support_material_interface_layers = 2
; support_material_interface_pattern = rectilinear
; support_material_interface_spacing = 0.2
; support_material_interface_speed = 100%
; support_material_pattern = rectilinear
; support_material_spacing = 1
; support_material_speed = 40
; support_material_style = grid
; support_material_synchronize_layers = 0
; support_material_threshold = 40
; support_material_with_sheath = 0
; support_material_xy_spacing = 60%
; support_tree_angle = 40
; support_tree_angle_slow = 25
; support_tree_branch_diameter = 2
; support_tree_branch_diameter_angle = 5
; support_tree_branch_diameter_double_wall = 3
; support_tree_branch_distance = 1
; support_tree_tip_diameter = 0.8
; support_tree_top_rate = 15%
; temperature = 205
; template_custom_gcode = 
; thick_bridges = 1
; thin_walls = 0
; thumbnails = 
; thumbnails_format = PNG
; toolchange_gcode = 
; top_fill_pattern = monotonic
; top_infill_extrusion_width = 0.4
; top_one_perimeter_type = none
; top_solid_infill_acceleration = 0
; top_solid_infill_speed = 30
; top_solid_layers = 3
; top_solid_min_thickness = 0
; travel_acceleration = 0
; travel_lift_before_obstacle = 0
; travel_max_lift = 0
; travel_ramping_lift = 0
; travel_short_distance_acceleration = 0
; travel_slope = 0
; travel_speed = 150
; travel_speed_z = 0
; use_firmware_retraction = 0
; use_relative_e_distances = 1
; use_volumetric_e = 0
; variable_layer_height = 1
; wall_distribution_count = 1
; wall_transition_angle = 10
; wall_transition_filter_deviation = 25%
; wall_transition_length = 100%
; wipe = 1
; wipe_into_infill = 0
; wipe_into_objects = 0
; wipe_tower = 0
; wipe_tower_acceleration = 0
; wipe_tower_bridging = 10
; wipe_tower_brim_width = 2
; wipe_tower_cone_angle = 0
; wipe_tower_extra_flow = 100%
; wipe_tower_extra_spacing = 100%
; wipe_tower_extruder = 0
; wipe_tower_no_sparse_layers = 0
; wipe_tower_width = 60
; wiping_volumes_matrix = 0
; wiping_volumes_use_custom_matrix = 0
; xy_size_compensation = 0
; z_offset = 0
; prusaslicer_config = end
