; generated by PrusaSlicer 2.9.4 on 2026-07-13 at 05:35:55 UTC

; 

; external perimeters extrusion width = 0.42mm
; perimeters extrusion width = 0.44mm
; infill extrusion width = 0.44mm
; solid infill extrusion width = 0.44mm
; top infill extrusion width = 0.40mm
; first layer extrusion width = 0.42mm

M201 X500 Y500 Z100 E5000 ; sets maximum accelerations, mm/sec^2
M203 X500 Y500 Z10 E60 ; sets maximum feedrates, mm / sec
M204 S500 T1000 ; sets acceleration (S) and retract acceleration (R), mm/sec^2
M205 X8.00 Y8.00 Z0.40 E5.00 ; sets the jerk limits, mm/sec
M205 S0 T0 ; sets the minimum extruding and travel feed rate, mm/sec

; printing object Auto_modifiedZ_bolt_25x8_0.2.stl id:0 copy 0
; stop printing object Auto_modifiedZ_bolt_25x8_0.2.stl id:0 copy 0

;TYPE:Custom
G90 ; use absolute coordinates
M83 ; extruder relative mode
M104 S150 ; set temporary nozzle temp to prevent oozing during homing
M140 S60 ; set final bed temp
G4 S30 ; allow partial nozzle warmup
G28 ; home all axis
G1 Z50 F240
G1 X2.0 Y10 F3000
M104 S210 ; set final nozzle temp
M190 S60 ; wait for bed temp to stabilize
M109 S210 ; wait for nozzle temp to stabilize
G1 Z0.28 F240
G92 E0
G1 X2.0 Y140 E10 F1500 ; prime the nozzle
G1 X2.3 Y140 F5000
G92 E0
G1 X2.3 Y10 E10 F1200 ; prime the nozzle
G92 E0
G21 ; set units to millimeters
G90 ; use absolute coordinates
M83 ; use relative distances for extrusion
; Filament gcode
M107
;LAYER_CHANGE
;Z:0.2
;HEIGHT:0.2
G1 E-5 F3600
G1 Z.2 F9000
G1 X105.337 Y105.065
G1 E5 F2400
M204 S500
;TYPE:Skirt/Brim
;WIDTH:0.42
G1 F1200
G1 X106.479 Y104.065 E.04759
G1 X107.429 Y103.376 E.0368
G1 X109.036 Y102.448 E.05818
G1 X110.241 Y101.917 E.04129
G1 X111.544 Y101.482 E.04307
G1 X112.826 Y101.183 E.04127
G1 X113.943 Y101.046 E.03529
G1 X117.057 Y101.046 E.09764
G1 X118.315 Y101.209 E.03977
G1 X119.786 Y101.58 E.04757
G1 X120.892 Y101.97 E.03677
G1 X122.57 Y102.766 E.05823
G1 X123.691 Y103.456 E.04127
G1 X124.79 Y104.281 E.04309
G1 X125.764 Y105.167 E.04128
G1 X126.838 Y106.363 E.0504
G1 X127.392 Y107.167 E.03061
G1 X128.796 Y109.622 E.08867
G1 X129.236 Y110.657 E.03526
G1 X129.581 Y111.778 E.03678
G1 X129.861 Y113.064 E.04127
G1 X130.035 Y114.572 E.0476
G1 X130.063 Y115.744 E.03676
G1 X129.913 Y117.595 E.05823
G1 X129.618 Y119.083 E.04756
G1 X129.081 Y120.75 E.05491
G1 X128.663 Y121.633 E.03063
G1 X127.392 Y123.833 E.07966
G1 X126.837 Y124.637 E.03063
G1 X125.764 Y125.833 E.05038
G1 X123.974 Y127.346 E.07349
G1 X122.87 Y128.064 E.04129
G1 X121.522 Y128.761 E.04758
G1 X120.436 Y129.203 E.03676
G1 X118.652 Y129.719 E.05823
G1 X116.77 Y129.966 E.05951
G1 X114.23 Y129.966 E.07964
G1 X113.256 Y129.887 E.03064
G1 X111.683 Y129.556 E.0504
G1 X110.564 Y129.203 E.03679
G1 X109.347 Y128.702 E.04127
G1 X108.13 Y128.064 E.04308
G1 X107.143 Y127.43 E.03678
G1 X106.101 Y126.626 E.04127
G1 X104.762 Y125.34 E.05821
G1 X103.99 Y124.407 E.03797
G1 X102.204 Y121.378 E.11025
G1 X101.764 Y120.343 E.03526
G1 X101.382 Y119.084 E.04125
G1 X101.107 Y117.737 E.04311
G1 X100.965 Y116.428 E.04128
G1 X100.937 Y115.256 E.03676
G1 X101.087 Y113.405 E.05823
G1 X101.609 Y111.12 E.07349
G1 X102.337 Y109.367 E.05952
G1 X103.608 Y107.167 E.07966
G1 X104.163 Y106.363 E.03063
G1 X105.297 Y105.11 E.05299
G1 X105.576 Y105.362 F9000
G1 F1200
G1 X105.599 Y105.337 E.00107
G1 X106.706 Y104.367 E.04615
G1 X107.63 Y103.695 E.03582
G1 X109.212 Y102.782 E.05727
G1 X110.375 Y102.269 E.03985
G1 X111.649 Y101.844 E.04211
G1 X112.887 Y101.555 E.03986
G1 X113.973 Y101.422 E.03431
G1 X117.027 Y101.422 E.09576
G1 X118.239 Y101.578 E.03831
G1 X119.667 Y101.938 E.04617
G1 X120.745 Y102.317 E.03583
G1 X122.395 Y103.1 E.05726
G1 X123.477 Y103.766 E.03984
G1 X124.551 Y104.573 E.04212
G1 X125.492 Y105.428 E.03986
G1 X126.545 Y106.602 E.04945
G1 X127.066 Y107.356 E.02874
G1 X128.456 Y109.783 E.08769
G1 X128.883 Y110.79 E.0343
G1 X129.219 Y111.883 E.03585
G1 X129.489 Y113.125 E.03985
G1 X129.658 Y114.587 E.04615
G1 X129.686 Y115.729 E.03582
G1 X129.539 Y117.549 E.05725
G1 X129.252 Y118.993 E.04616
G1 X128.729 Y120.616 E.05346
G1 X128.336 Y121.444 E.02874
G1 X127.066 Y123.644 E.07965
G1 X126.545 Y124.399 E.02876
G1 X125.492 Y125.572 E.04942
G1 X123.747 Y127.045 E.0716
G1 X122.681 Y127.737 E.03985
G1 X121.374 Y128.414 E.04615
G1 X120.316 Y128.845 E.03582
G1 X118.562 Y129.353 E.05726
G1 X116.77 Y129.589 E.05667
G1 X114.23 Y129.589 E.07964
G1 X113.316 Y129.515 E.02875
G1 X111.773 Y129.19 E.04944
G1 X110.684 Y128.845 E.03582
G1 X109.508 Y128.362 E.03986
G1 X108.319 Y127.737 E.04212
G1 X107.357 Y127.12 E.03583
G1 X106.351 Y126.344 E.03984
G1 X105.034 Y125.078 E.05728
G1 X104.3 Y124.193 E.03605
G1 X102.544 Y121.217 E.10834
G1 X102.117 Y120.21 E.0343
G1 X101.748 Y118.993 E.03987
G1 X101.479 Y117.677 E.04212
G1 X101.342 Y116.413 E.03986
G1 X101.314 Y115.271 E.03582
G1 X101.461 Y113.451 E.05725
G1 X101.972 Y111.225 E.07161
G1 X102.664 Y109.556 E.05665
G1 X103.934 Y107.356 E.07965
G1 X104.455 Y106.601 E.02876
G1 X105.536 Y105.406 E.05052
G1 E-3.5 F3600
;WIPE_START
G1 F7200
G1 X105.576 Y105.362 E-.02825
G1 X105.599 Y105.337 E-.01614
G1 X106.706 Y104.367 E-.69913
G1 X107.63 Y103.695 E-.5427
G1 X108.02 Y103.47 E-.21378
;WIPE_END
G1 X108.125 Y107.727 F9000
G1 E5 F2400
G1 F1200
G1 X109.322 Y106.747 E.04851
G1 X110.195 Y106.193 E.03242
G1 X111.126 Y105.722 E.03271
G1 X112.279 Y105.284 E.03867
G1 X113.245 Y105.026 E.03135
G1 X114.285 Y104.886 E.0329
G1 X116.862 Y104.896 E.0808
G1 X118.236 Y105.144 E.04378
G1 X119.17 Y105.435 E.03067
G1 X120.825 Y106.204 E.05722
G1 X122.383 Y107.29 E.05955
G1 X123.089 Y107.941 E.03011
G1 X123.837 Y108.784 E.03534
G1 X125.334 Y111.305 E.09193
G1 X125.901 Y112.93 E.05396
G1 X126.187 Y114.749 E.05773
G1 X126.187 Y116.253 E.04716
G1 X126.071 Y117.241 E.03119
G1 X125.839 Y118.3 E.03399
G1 X125.465 Y119.406 E.03661
G1 X124.046 Y121.926 E.09068
G1 X122.874 Y123.274 E.05601
G1 X121.661 Y124.265 E.04911
G1 X119.993 Y125.226 E.06036
G1 X118.591 Y125.758 E.04702
G1 X117.738 Y125.978 E.02762
G1 X116.729 Y126.113 E.03192
G1 X114.288 Y126.113 E.07654
G1 X113.589 Y126.039 E.02204
G1 X111.765 Y125.541 E.05928
G1 X110.037 Y124.716 E.06004
G1 X108.615 Y123.708 E.05465
G1 X107.89 Y123.037 E.03097
G1 X106.975 Y121.955 E.04443
G1 X105.659 Y119.682 E.08235
G1 X105.099 Y118.07 E.05351
G1 X104.812 Y116.243 E.05799
G1 X104.811 Y114.779 E.0459
G1 X104.929 Y113.762 E.0321
G1 X105.161 Y112.7 E.03408
G1 X105.535 Y111.594 E.03661
G1 X106.954 Y109.074 E.09068
G1 X108.086 Y107.772 E.0541
G1 X108.369 Y108.019 F9000
G1 F1200
G1 X108.384 Y108.002 E.00071
G1 X109.544 Y107.052 E.04701
G1 X110.389 Y106.516 E.03138
G1 X111.269 Y106.071 E.03092
G1 X112.404 Y105.64 E.03807
G1 X113.331 Y105.393 E.03008
G1 X114.296 Y105.263 E.03053
G1 X116.843 Y105.273 E.07986
G1 X118.156 Y105.513 E.04185
G1 X119.865 Y106.131 E.05698
G1 X121.409 Y107.02 E.05586
G1 X122.813 Y108.198 E.05746
G1 X123.543 Y109.021 E.03449
G1 X125 Y111.481 E.08965
G1 X125.534 Y113.017 E.05099
G1 X125.711 Y113.894 E.02805
G1 X125.811 Y114.77 E.02764
G1 X125.811 Y116.232 E.04584
G1 X125.478 Y118.189 E.06224
G1 X125.114 Y119.269 E.03573
G1 X123.727 Y121.724 E.08841
G1 X122.616 Y122.999 E.05302
G1 X121.439 Y123.96 E.04764
G1 X119.84 Y124.881 E.05786
G1 X118.477 Y125.398 E.04571
G1 X117.655 Y125.61 E.02662
G1 X116.716 Y125.736 E.02971
G1 X114.298 Y125.736 E.07581
G1 X113.64 Y125.666 E.02075
G1 X111.889 Y125.185 E.05694
G1 X111.049 Y124.829 E.02861
G1 X109.534 Y123.941 E.05506
G1 X108.17 Y122.784 E.05608
G1 X107.273 Y121.724 E.04354
G1 X105.995 Y119.51 E.08015
G1 X105.466 Y117.983 E.05067
G1 X105.289 Y117.105 E.02808
G1 X105.189 Y116.223 E.02783
G1 X105.188 Y114.798 E.04468
G1 X105.302 Y113.815 E.03103
G1 X105.522 Y112.811 E.03223
G1 X105.886 Y111.731 E.03573
G1 X107.273 Y109.276 E.08841
G1 X108.329 Y108.064 E.0504
G1 X108.612 Y108.311 F9000
G1 F1200
G1 X108.642 Y108.277 E.00142
G1 X109.766 Y107.357 E.04554
G1 X111.412 Y106.42 E.05939
G1 X112.529 Y105.996 E.03746
G1 X113.416 Y105.761 E.02877
G1 X114.308 Y105.64 E.02822
G1 X116.825 Y105.65 E.07892
G1 X118.076 Y105.882 E.03989
G1 X118.928 Y106.15 E.028
G1 X120.462 Y106.865 E.05307
G1 X121.885 Y107.857 E.05439
G1 X123.249 Y109.258 E.06131
G1 X124.666 Y111.656 E.08733
G1 X125.167 Y113.104 E.04804
G1 X125.434 Y114.791 E.05355
G1 X125.434 Y116.211 E.04452
G1 X125.324 Y117.134 E.02914
G1 X125.118 Y118.079 E.03033
G1 X124.762 Y119.131 E.03482
G1 X123.409 Y121.521 E.08611
G1 X122.357 Y122.724 E.05011
G1 X121.218 Y123.654 E.0461
G1 X119.686 Y124.537 E.05544
G1 X118.362 Y125.039 E.0444
G1 X117.571 Y125.242 E.0256
G1 X116.704 Y125.359 E.02743
G1 X114.309 Y125.359 E.07509
G1 X113.692 Y125.292 E.01946
G1 X112.028 Y124.834 E.05411
G1 X110.433 Y124.074 E.0554
G1 X109.114 Y123.142 E.05064
G1 X108.45 Y122.531 E.02829
G1 X107.591 Y121.52 E.0416
G1 X106.331 Y119.337 E.07903
G1 X105.833 Y117.896 E.0478
G1 X105.566 Y116.203 E.05374
G1 X105.564 Y114.817 E.04346
G1 X105.675 Y113.868 E.02996
G1 X105.882 Y112.921 E.03039
G1 X106.238 Y111.869 E.03482
G1 X107.591 Y109.479 E.08611
G1 X108.573 Y108.356 E.04677
G1 X108.855 Y108.603 F9000
G1 F1200
G1 X108.9 Y108.552 E.00213
G1 X109.988 Y107.662 E.04407
G1 X110.762 Y107.172 E.02872
G1 X111.555 Y106.769 E.02789
G1 X112.653 Y106.352 E.03683
G1 X113.501 Y106.128 E.0275
G1 X114.32 Y106.017 E.02591
G1 X116.806 Y106.027 E.07795
G1 X117.995 Y106.25 E.03793
G1 X119.56 Y106.821 E.05223
G1 X120.978 Y107.638 E.05131
G1 X122.262 Y108.713 E.05251
G1 X122.955 Y109.494 E.03274
G1 X124.331 Y111.831 E.08503
G1 X124.8 Y113.191 E.04511
G1 X124.963 Y113.997 E.02578
G1 X125.057 Y114.812 E.02572
G1 X125.057 Y116.189 E.04317
G1 X124.757 Y117.968 E.05657
G1 X124.411 Y118.993 E.03392
G1 X123.09 Y121.318 E.08384
G1 X122.099 Y122.449 E.04715
G1 X120.996 Y123.349 E.04464
G1 X120.285 Y123.801 E.02642
G1 X118.898 Y124.459 E.04813
G1 X117.489 Y124.874 E.04605
G1 X116.691 Y124.982 E.02525
G1 X114.319 Y124.982 E.07437
G1 X113.745 Y124.918 E.01811
G1 X112.153 Y124.478 E.05179
G1 X111.374 Y124.148 E.02653
G1 X109.981 Y123.333 E.0506
G1 X108.729 Y122.277 E.05135
G1 X107.909 Y121.317 E.03959
G1 X106.666 Y119.164 E.07795
G1 X106.2 Y117.809 E.04493
G1 X106.037 Y117.003 E.02578
G1 X105.942 Y116.183 E.02588
G1 X105.941 Y114.836 E.04223
G1 X106.243 Y113.032 E.05735
G1 X106.589 Y112.007 E.03392
G1 X107.91 Y109.682 E.08384
G1 X108.815 Y108.648 E.04308
G1 X109.097 Y108.896 F9000
G1 F1200
G1 X109.158 Y108.827 E.00289
G1 X110.21 Y107.967 E.0426
G1 X111.699 Y107.118 E.05374
G1 X112.778 Y106.709 E.03618
G1 X113.586 Y106.496 E.0262
G1 X114.331 Y106.394 E.02358
G1 X116.787 Y106.404 E.07701
G1 X117.913 Y106.618 E.03594
G1 X118.684 Y106.863 E.02537
G1 X120.099 Y107.527 E.04901
G1 X121.389 Y108.425 E.04928
G1 X122.66 Y109.73 E.05712
G1 X123.996 Y112.005 E.08272
G1 X124.433 Y113.278 E.0422
G1 X124.681 Y114.833 E.04937
G1 X124.681 Y116.167 E.04183
G1 X124.578 Y117.026 E.02713
G1 X124.396 Y117.857 E.02667
G1 X124.059 Y118.855 E.03303
G1 X122.772 Y121.114 E.08152
G1 X121.841 Y122.174 E.04423
G1 X120.775 Y123.044 E.04314
G1 X119.379 Y123.848 E.05051
G1 X118.134 Y124.32 E.04175
G1 X117.406 Y124.506 E.02356
G1 X116.678 Y124.605 E.02304
G1 X113.799 Y124.545 E.09029
G1 X112.277 Y124.122 E.04953
G1 X110.828 Y123.431 E.05033
G1 X109.611 Y122.574 E.04667
G1 X109.007 Y122.023 E.02563
G1 X108.227 Y121.113 E.03758
G1 X107.002 Y118.991 E.07682
G1 X106.567 Y117.722 E.04206
G1 X106.319 Y116.163 E.0495
G1 X106.318 Y114.856 E.04098
G1 X106.422 Y113.975 E.02781
G1 X106.604 Y113.143 E.0267
G1 X106.941 Y112.145 E.03303
G1 X108.228 Y109.886 E.08152
G1 X109.058 Y108.941 E.03944
G1 X109.339 Y109.189 F9000
G1 F1200
G1 X109.416 Y109.102 E.00364
G1 X109.905 Y108.672 E.02042
G1 X111.12 Y107.835 E.04626
G1 X111.842 Y107.467 E.02541
G1 X112.902 Y107.065 E.03555
G1 X114.343 Y106.772 E.04611
G1 X116.767 Y106.781 E.076
G1 X117.83 Y106.986 E.03394
G1 X119.254 Y107.51 E.04758
G1 X120.547 Y108.257 E.04682
G1 X121.711 Y109.229 E.04755
G1 X122.366 Y109.967 E.03094
G1 X123.661 Y112.179 E.08037
G1 X124.066 Y113.365 E.03929
G1 X124.219 Y114.115 E.024
G1 X124.304 Y114.854 E.02332
G1 X124.304 Y116.146 E.04051
G1 X124.036 Y117.747 E.0509
G1 X123.708 Y118.717 E.03211
G1 X122.455 Y120.91 E.07919
G1 X121.583 Y121.898 E.04132
G1 X121.083 Y122.338 E.02088
G1 X119.908 Y123.148 E.04475
G1 X118.631 Y123.754 E.04432
G1 X117.323 Y124.138 E.04274
G1 X116.665 Y124.228 E.02082
G1 X113.853 Y124.172 E.08819
G1 X112.402 Y123.767 E.04723
G1 X111.699 Y123.467 E.02397
G1 X110.427 Y122.725 E.04617
G1 X109.285 Y121.767 E.04674
G1 X108.544 Y120.909 E.03555
G1 X107.338 Y118.819 E.07566
G1 X106.934 Y117.635 E.03923
G1 X106.781 Y116.884 E.02403
G1 X106.695 Y116.142 E.02342
G1 X106.694 Y114.875 E.03973
G1 X106.964 Y113.253 E.05156
G1 X107.292 Y112.283 E.03211
G1 X108.545 Y110.09 E.07919
G1 X109.299 Y109.234 E.03577
G1 X109.58 Y109.483 F9000
G1 F1200
G1 X109.674 Y109.377 E.00444
G1 X110.653 Y108.577 E.03964
G1 X111.986 Y107.816 E.04813
G1 X113.755 Y107.231 E.05842
G1 X114.355 Y107.149 E.01899
G1 X116.748 Y107.158 E.07503
G1 X118.438 Y107.576 E.05459
G1 X119.735 Y108.187 E.04495
G1 X120.894 Y108.995 E.0443
G1 X122.071 Y110.203 E.05288
G1 X123.326 Y112.353 E.07806
G1 X123.699 Y113.452 E.03639
G1 X123.928 Y114.876 E.04522
G1 X123.928 Y116.124 E.03913
G1 X123.831 Y116.917 E.02505
G1 X123.357 Y118.579 E.05419
G1 X122.137 Y120.706 E.07688
G1 X121.326 Y121.623 E.03838
G1 X120.333 Y122.433 E.04018
G1 X119.072 Y123.159 E.04562
G1 X117.906 Y123.601 E.0391
G1 X117.241 Y123.77 E.02151
G1 X116.652 Y123.851 E.01864
G1 X113.908 Y123.799 E.08605
G1 X112.528 Y123.411 E.04495
G1 X111.223 Y122.788 E.04534
G1 X110.106 Y122.005 E.04277
G1 X109.562 Y121.511 E.02304
G1 X108.862 Y120.704 E.0335
G1 X107.674 Y118.646 E.07451
G1 X107.301 Y117.548 E.03636
G1 X107.072 Y116.122 E.04528
G1 X107.071 Y114.895 E.03847
G1 X107.169 Y114.083 E.02564
G1 X107.643 Y112.421 E.05419
G1 X108.863 Y110.294 E.07688
G1 X109.541 Y109.528 E.03207
G1 X109.839 Y109.817 F9000
G1 F1200
G1 X110.382 Y109.256 E.02448
G1 X111.494 Y108.49 E.04234
G1 X113.151 Y107.777 E.05656
G1 X114.367 Y107.526 E.03893
G1 X116.728 Y107.535 E.07403
G1 X117.66 Y107.722 E.0298
G1 X118.946 Y108.199 E.04301
G1 X120.116 Y108.876 E.04238
G1 X121.161 Y109.745 E.04261
G1 X121.777 Y110.439 E.0291
G1 X122.99 Y112.526 E.07569
G1 X123.332 Y113.539 E.03352
G1 X123.472 Y114.22 E.0218
G1 X123.551 Y114.897 E.02137
G1 X123.551 Y116.102 E.03778
G1 X123.314 Y117.526 E.04526
G1 X123.005 Y118.441 E.03028
G1 X121.82 Y120.501 E.07451
G1 X120.606 Y121.754 E.0547
G1 X119.532 Y122.494 E.04089
G1 X118.363 Y123.049 E.04057
G1 X117.158 Y123.402 E.03937
G1 X116.639 Y123.474 E.01643
G1 X113.964 Y123.426 E.08389
G1 X112.653 Y123.055 E.04272
G1 X112.023 Y122.787 E.02147
G1 X110.872 Y122.116 E.04177
G1 X109.839 Y121.255 E.04216
G1 X109.179 Y120.5 E.03144
G1 X108.01 Y118.474 E.07334
G1 X107.668 Y117.461 E.03352
G1 X107.528 Y116.78 E.0218
G1 X107.449 Y116.101 E.02143
G1 X107.448 Y114.914 E.03722
G1 X107.686 Y113.474 E.04576
G1 X107.995 Y112.559 E.03028
G1 X109.18 Y110.499 E.07451
G1 X109.798 Y109.86 E.02787
G1 X110.05 Y110.085 F9000
G1 F1200
G1 X110.19 Y109.928 E.0066
G1 X111.095 Y109.188 E.03665
G1 X112.274 Y108.513 E.0426
G1 X113.922 Y107.967 E.05443
G1 X114.379 Y107.903 E.01447
G1 X116.707 Y107.912 E.07299
G1 X118.19 Y108.289 E.04798
G1 X119.37 Y108.847 E.04093
G1 X120.401 Y109.565 E.03939
G1 X121.482 Y110.675 E.04858
G1 X122.654 Y112.698 E.07331
G1 X122.965 Y113.626 E.03069
G1 X123.175 Y114.92 E.0411
G1 X123.175 Y116.08 E.03637
G1 X123.09 Y116.776 E.02198
G1 X122.654 Y118.302 E.04976
G1 X121.504 Y120.295 E.07215
G1 X120.81 Y121.072 E.03267
G1 X119.892 Y121.821 E.03715
G1 X118.764 Y122.47 E.0408
G1 X117.076 Y123.034 E.0558
G1 X116.626 Y123.097 E.01425
G1 X114.022 Y123.053 E.08166
G1 X112.779 Y122.7 E.04051
G1 X111.616 Y122.145 E.0404
G1 X110.599 Y121.435 E.03889
G1 X109.496 Y120.295 E.04974
G1 X108.346 Y118.302 E.07215
G1 X108.035 Y117.374 E.03069
G1 X107.825 Y116.079 E.04113
G1 X107.824 Y114.934 E.0359
G1 X107.91 Y114.224 E.02242
G1 X108.346 Y112.698 E.04976
G1 X109.496 Y110.705 E.07215
G1 X110.01 Y110.13 E.02418
G1 X110.3 Y110.414 F9000
G1 F1200
G1 X110.87 Y109.831 E.02556
G1 X111.855 Y109.153 E.03749
G1 X113.398 Y108.49 E.05266
G1 X114.392 Y108.28 E.03185
G1 X116.686 Y108.289 E.07193
G1 X117.486 Y108.456 E.02562
G1 X118.638 Y108.887 E.03857
G1 X119.684 Y109.494 E.03792
G1 X120.611 Y110.261 E.03772
G1 X121.187 Y110.911 E.02723
G1 X122.318 Y112.869 E.0709
G1 X122.725 Y114.325 E.0474
G1 X122.798 Y116.058 E.05439
G1 X122.592 Y117.307 E.03969
G1 X122.318 Y118.131 E.02723
G1 X121.187 Y120.09 E.07092
G1 X120.13 Y121.169 E.04736
G1 X119.155 Y121.841 E.03713
G1 X118.095 Y122.344 E.03679
G1 X116.993 Y122.666 E.036
G1 X116.612 Y122.72 E.01207
G1 X114.08 Y122.68 E.0794
G1 X112.919 Y122.349 E.03785
G1 X112.361 Y122.112 E.01901
G1 X111.316 Y121.506 E.03788
G1 X110.389 Y120.739 E.03772
G1 X109.813 Y120.089 E.02723
G1 X108.682 Y118.131 E.0709
G1 X108.275 Y116.675 E.0474
G1 X108.201 Y114.953 E.05404
G1 X108.408 Y113.693 E.04004
G1 X108.682 Y112.869 E.02723
G1 X109.813 Y110.911 E.0709
G1 X110.258 Y110.456 E.01995
G1 X110.515 Y110.689 F9000
G1 F1200
G1 X110.705 Y110.479 E.00888
G1 X111.537 Y109.8 E.03367
G1 X112.562 Y109.211 E.03707
G1 X114.088 Y108.703 E.05043
G1 X116.665 Y108.666 E.08081
G1 X117.94 Y109 E.04133
G1 X118.992 Y109.499 E.03651
G1 X119.909 Y110.137 E.03503
G1 X120.87 Y111.117 E.04304
G1 X121.981 Y113.041 E.06966
G1 X122.231 Y113.8 E.02506
G1 X122.422 Y114.964 E.03698
G1 X122.349 Y116.637 E.05251
G1 X121.981 Y117.959 E.04303
G1 X120.87 Y119.883 E.06966
G1 X120.295 Y120.521 E.02693
G1 X119.462 Y121.201 E.03372
G1 X118.455 Y121.782 E.03645
G1 X116.911 Y122.298 E.05104
G1 X114.141 Y122.308 E.08685
G1 X113.045 Y121.994 E.03575
G1 X112.008 Y121.501 E.036
G1 X111.091 Y120.863 E.03503
G1 X110.13 Y119.883 E.04304
G1 X109.019 Y117.959 E.06966
G1 X108.769 Y117.2 E.02506
G1 X108.578 Y116.035 E.03702
G1 X108.651 Y114.363 E.05247
G1 X109.019 Y113.041 E.04303
G1 X110.13 Y111.117 E.06966
G1 X110.475 Y110.734 E.01616
G1 X110.755 Y111.011 F9000
G1 F1200
G1 X111.347 Y110.415 E.02634
G1 X112.23 Y109.807 E.03361
G1 X113.645 Y109.203 E.04824
G1 X114.417 Y109.034 E.02478
G1 X116.643 Y109.043 E.0698
G1 X117.306 Y109.188 E.02128
G1 X118.314 Y109.568 E.03378
G1 X119.242 Y110.105 E.03362
G1 X120.065 Y110.782 E.03341
G1 X120.554 Y111.323 E.02287
G1 X121.645 Y113.212 E.0684
G1 X121.978 Y114.432 E.03965
G1 X122.045 Y116.013 E.04962
G1 X121.869 Y117.094 E.03434
G1 X121.645 Y117.788 E.02287
G1 X120.554 Y119.677 E.0684
G1 X119.653 Y120.585 E.04011
G1 X118.778 Y121.188 E.03332
G1 X117.828 Y121.639 E.03297
G1 X116.829 Y121.93 E.03262
G1 X114.203 Y121.936 E.08234
G1 X113.172 Y121.639 E.03364
G1 X111.758 Y120.895 E.0501
G1 X110.935 Y120.218 E.03341
G1 X110.446 Y119.677 E.02287
G1 X109.355 Y117.788 E.0684
G1 X109.022 Y116.568 E.03965
G1 X108.954 Y114.992 E.04946
G1 X109.131 Y113.906 E.0345
G1 X109.355 Y113.212 E.02287
G1 X110.446 Y111.323 E.0684
G1 X110.713 Y111.054 E.01188
G1 X110.976 Y111.296 F9000
G1 F1200
G1 X111.219 Y111.031 E.01127
G1 X111.978 Y110.411 E.03073
G1 X112.851 Y109.908 E.03159
G1 X114.254 Y109.438 E.04639
G1 X116.62 Y109.42 E.07419
G1 X117.688 Y109.711 E.03471
G1 X118.601 Y110.145 E.0317
G1 X119.419 Y110.711 E.03119
G1 X120.238 Y111.53 E.03632
G1 X121.308 Y113.382 E.06706
G1 X121.506 Y114.009 E.02062
G1 X121.669 Y115.01 E.0318
G1 X121.607 Y116.5 E.04676
G1 X121.308 Y117.618 E.03629
G1 X120.238 Y119.47 E.06706
G1 X119.781 Y119.969 E.02122
G1 X119.021 Y120.589 E.03075
G1 X118.146 Y121.094 E.03168
G1 X116.746 Y121.562 E.04628
G1 X114.268 Y121.564 E.0777
G1 X113.313 Y121.289 E.03116
G1 X112.399 Y120.856 E.03171
G1 X111.581 Y120.289 E.03121
G1 X110.762 Y119.47 E.03632
G1 X109.692 Y117.618 E.06706
G1 X109.494 Y116.991 E.02062
G1 X109.331 Y115.99 E.0318
G1 X109.393 Y114.5 E.04676
G1 X109.692 Y113.382 E.03629
G1 X110.762 Y111.53 E.06706
G1 X110.936 Y111.34 E.00808
; printing object Auto_modifiedZ_bolt_25x8_0.2.stl id:0 copy 0
G1 X111.737 Y112.166 F9000
;TYPE:Perimeter
;WIDTH:0.419999
G1 F1200
G1 X112.005 Y111.877 E.01236
G1 X112.641 Y111.358 E.02574
G1 X113.342 Y110.953 E.02538
G1 X113.956 Y110.72 E.02059
G1 X114.537 Y110.565 E.01885
G1 X116.506 Y110.572 E.06174
G1 X116.888 Y110.661 E.0123
G1 X117.657 Y110.953 E.02579
G1 X118.359 Y111.358 E.02541
G1 X118.865 Y111.771 E.02048
G1 X119.294 Y112.2 E.01902
G1 X120.255 Y113.864 E.06025
G1 X120.385 Y114.285 E.01382
G1 X120.516 Y115.095 E.02573
G1 X120.516 Y115.905 E.0254
G1 X120.412 Y116.549 E.02045
G1 X120.255 Y117.136 E.01905
G1 X119.294 Y118.8 E.06025
G1 X118.995 Y119.123 E.0138
G1 X118.359 Y119.642 E.02574
G1 X117.657 Y120.047 E.02541
G1 X117.046 Y120.279 E.02049
G1 X116.461 Y120.436 E.01899
G1 X114.539 Y120.436 E.06026
G1 X114.11 Y120.338 E.0138
G1 X113.343 Y120.047 E.02572
G1 X112.641 Y119.642 E.02541
G1 X112.135 Y119.229 E.02048
G1 X111.706 Y118.8 E.01902
G1 X110.745 Y117.136 E.06025
G1 X110.615 Y116.715 E.01382
G1 X110.484 Y115.905 E.02573
G1 X110.484 Y115.095 E.0254
G1 X110.588 Y114.451 E.02045
G1 X110.745 Y113.864 E.01905
G1 X111.699 Y112.212 E.05981
G1 X111.455 Y111.916 F9000
G1 F1200
G1 X111.747 Y111.602 E.01344
G1 X112.426 Y111.047 E.0275
G1 X113.18 Y110.611 E.02731
G1 X114.001 Y110.3 E.02753
G1 X114.496 Y110.187 E.01592
G1 X116.55 Y110.195 E.0644
G1 X116.998 Y110.3 E.01443
G1 X117.82 Y110.611 E.02756
G1 X118.574 Y111.047 E.02731
G1 X119.253 Y111.602 E.0275
G1 X119.6 Y111.975 E.01597
G1 X120.602 Y113.712 E.06287
G1 X120.753 Y114.199 E.01599
G1 X120.893 Y115.065 E.02751
G1 X120.893 Y115.935 E.02728
G1 X120.753 Y116.801 E.02751
G1 X120.602 Y117.288 E.01599
G1 X119.6 Y119.025 E.06287
G1 X119.253 Y119.398 E.01597
G1 X118.574 Y119.953 E.0275
G1 X117.82 Y120.389 E.02731
G1 X116.999 Y120.7 E.02753
G1 X116.503 Y120.813 E.01595
G1 X114.497 Y120.813 E.0629
G1 X114.001 Y120.7 E.01595
G1 X113.18 Y120.389 E.02753
G1 X112.426 Y119.953 E.02731
G1 X111.747 Y119.398 E.0275
G1 X111.4 Y119.025 E.01597
G1 X110.398 Y117.288 E.06287
G1 X110.247 Y116.801 E.01599
G1 X110.107 Y115.935 E.02751
G1 X110.107 Y115.064 E.02731
G1 X110.247 Y114.199 E.02747
G1 X110.398 Y113.712 E.01599
G1 X111.4 Y111.975 E.06287
G1 X111.414 Y111.96 E.00064
G1 X111.173 Y111.666 F9000
;TYPE:External perimeter
G1 F1200
G1 X111.488 Y111.326 E.01453
G1 X112.211 Y110.736 E.02926
G1 X113.018 Y110.27 E.02922
G1 X113.892 Y109.938 E.02931
G1 X114.454 Y109.81 E.01807
G1 X116.594 Y109.818 E.0671
G1 X117.108 Y109.938 E.01655
G1 X117.982 Y110.27 E.02931
G1 X118.789 Y110.736 E.02922
G1 X119.512 Y111.326 E.02926
G1 X119.905 Y111.75 E.01813
G1 X120.95 Y113.56 E.06553
G1 X121.121 Y114.113 E.01815
G1 X121.271 Y115.034 E.02926
G1 X121.271 Y115.966 E.02922
G1 X121.121 Y116.887 E.02926
G1 X120.95 Y117.44 E.01815
G1 X119.905 Y119.25 E.06553
G1 X119.512 Y119.674 E.01813
G1 X118.789 Y120.264 E.02926
G1 X117.982 Y120.73 E.02922
G1 X117.109 Y121.062 E.02928
G1 X116.546 Y121.19 E.0181
G1 X114.454 Y121.19 E.06559
G1 X113.891 Y121.062 E.0181
G1 X113.018 Y120.73 E.02928
G1 X112.211 Y120.264 E.02922
G1 X111.488 Y119.674 E.02926
G1 X111.095 Y119.25 E.01813
G1 X110.05 Y117.44 E.06553
G1 X109.879 Y116.887 E.01815
G1 X109.729 Y115.966 E.02926
G1 X109.73 Y115.034 E.02922
G1 X109.879 Y114.113 E.02925
G1 X110.05 Y113.56 E.01815
G1 X111.095 Y111.75 E.06553
G1 X111.132 Y111.71 E.00171
G1 E-3.5 F3600
;WIPE_START
G1 F7200
G1 X111.173 Y111.666 E-.02857
G1 X111.488 Y111.326 E-.22016
G1 X112.211 Y110.736 E-.44326
G1 X113.018 Y110.27 E-.44264
G1 X113.737 Y109.997 E-.36537
;WIPE_END
G1 X119.496 Y112.791 F9000
G1 E5 F2400
;TYPE:Solid infill
;WIDTH:0.422206
G1 F1200
G1 X118.789 Y112.084 E.03153
G1 X118.193 Y111.598 E.02425
G1 X117.533 Y111.216 E.02405
G1 X117.295 Y111.126 E.00802
G1 X119.765 Y113.597 E.11019
G1 X119.987 Y113.981 E.01399
G1 X120.101 Y114.351 E.01221
G1 X120.124 Y114.492 E.00451
G1 X116.501 Y110.869 E.16159
G1 X115.956 Y110.86 E.01719
G1 X120.226 Y115.13 E.19045
G1 X120.226 Y115.667 E.01694
G1 X115.417 Y110.858 E.21449
G1 X114.879 Y110.856 E.01697
G1 X120.181 Y116.158 E.23648
G1 X120.106 Y116.62 E.01476
G1 X114.384 Y110.897 E.25523
G1 X114.195 Y110.941 E.00612
G1 X113.974 Y111.024 E.00745
G1 X119.981 Y117.03 E.2679
G1 X119.784 Y117.371 E.01242
G1 X113.585 Y111.172 E.27648
G1 X113.467 Y111.216 E.00397
G1 X113.23 Y111.353 E.00863
G1 X119.588 Y117.711 E.28357
G1 X119.392 Y118.051 E.01238
G1 X112.89 Y111.55 E.28997
G1 X112.584 Y111.78 E.01207
G1 X119.195 Y118.391 E.29486
G1 X119.059 Y118.626 E.00856
G1 X118.98 Y118.712 E.00368
G1 X112.289 Y112.021 E.29843
G1 X112.205 Y112.089 E.00341
G1 X112.02 Y112.288 E.00857
G1 X118.711 Y118.979 E.29843
G1 X118.416 Y119.22 E.01201
G1 X111.805 Y112.609 E.29486
G1 X111.608 Y112.949 E.01239
G1 X118.11 Y119.451 E.29
G1 X117.769 Y119.647 E.0124
G1 X111.412 Y113.29 E.28353
G1 X111.216 Y113.63 E.01238
G1 X117.415 Y119.828 E.27646
G1 X117.026 Y119.976 E.01313
G1 X111.019 Y113.97 E.2679
G1 X110.894 Y114.381 E.01355
G1 X116.616 Y120.103 E.25521
G1 X116.428 Y120.145 E.00608
G1 X116.123 Y120.145 E.00962
G1 X110.819 Y114.842 E.23654
G1 X110.774 Y115.118 E.00882
G1 X110.774 Y115.333 E.00678
G1 X115.586 Y120.145 E.21462
G1 X115.05 Y120.145 E.0169
G1 X110.774 Y115.87 E.19069
G1 X110.876 Y116.508 E.02038
G1 X114.496 Y120.128 E.16146
G1 X114.194 Y120.059 E.00977
G1 X113.705 Y119.874 E.01649
G1 X111.235 Y117.403 E.11019
G1 X111.941 Y118.626 E.04454
G1 X113.011 Y119.716 E.04817
M106 S255
;LAYER_CHANGE
;Z:0.4
;HEIGHT:0.2
;BEFORE_LAYER_CHANGE
G92 E0
;0.4


G1 E-3.5 F3600
;WIPE_START
G1 F7200
G1 X111.941 Y118.626 E-.72552
G1 X111.235 Y117.403 E-.67077
G1 X111.389 Y117.557 E-.10371
;WIPE_END
G1 Z.4 F9000
;AFTER_LAYER_CHANGE
;0.4
M104 S205 ; set temperature
; stop printing object Auto_modifiedZ_bolt_25x8_0.2.stl id:0 copy 0
G1 X108.522 Y128.27
G1 E5 F2400
;TYPE:Skirt/Brim
;WIDTH:0.42
G1 F1523
G1 X108.13 Y128.064 E.01388
G1 X107.143 Y127.43 E.03678
G1 X106.101 Y126.626 E.04127
G1 X104.762 Y125.34 E.05821
G1 X103.99 Y124.407 E.03797
G1 X102.204 Y121.378 E.11025
G1 X101.764 Y120.343 E.03526
G1 X101.382 Y119.084 E.04125
G1 X101.107 Y117.737 E.04311
G1 X100.965 Y116.428 E.04128
G1 X100.937 Y115.256 E.03676
G1 X101.087 Y113.405 E.05823
G1 X101.609 Y111.12 E.07349
G1 X102.337 Y109.367 E.05952
G1 X103.608 Y107.167 E.07966
G1 X104.163 Y106.363 E.03063
G1 X105.337 Y105.065 E.05488
G1 X106.479 Y104.065 E.04759
G1 X107.429 Y103.376 E.0368
G1 X109.036 Y102.448 E.05818
G1 X110.241 Y101.917 E.04129
G1 X111.544 Y101.482 E.04307
G1 X112.826 Y101.183 E.04127
G1 X113.943 Y101.046 E.03529
G1 X117.057 Y101.046 E.09764
G1 X118.315 Y101.209 E.03977
G1 X119.786 Y101.58 E.04757
G1 X120.892 Y101.97 E.03677
G1 X122.57 Y102.766 E.05823
G1 X123.691 Y103.456 E.04127
G1 X124.79 Y104.281 E.04309
G1 X125.764 Y105.167 E.04128
G1 X126.838 Y106.363 E.0504
G1 X127.392 Y107.167 E.03061
G1 X128.796 Y109.622 E.08867
G1 X129.236 Y110.657 E.03526
G1 X129.581 Y111.778 E.03678
G1 X129.861 Y113.064 E.04127
G1 X130.035 Y114.572 E.0476
G1 X130.063 Y115.744 E.03676
G1 X129.913 Y117.595 E.05823
G1 X129.618 Y119.083 E.04756
G1 X129.081 Y120.75 E.05491
G1 X128.663 Y121.633 E.03063
G1 X127.392 Y123.833 E.07966
G1 X126.837 Y124.637 E.03063
G1 X125.764 Y125.833 E.05038
G1 X123.974 Y127.346 E.07349
G1 X122.87 Y128.064 E.04129
G1 X121.522 Y128.761 E.04758
G1 X120.436 Y129.203 E.03676
G1 X118.652 Y129.719 E.05823
G1 X116.77 Y129.966 E.05951
G1 X114.23 Y129.966 E.07964
G1 X113.256 Y129.887 E.03064
G1 X111.683 Y129.556 E.0504
G1 X110.564 Y129.203 E.03679
G1 X109.347 Y128.702 E.04127
G1 X108.575 Y128.297 E.02733
G1 X108.75 Y127.964 F9000
G1 F1523
G1 X108.319 Y127.737 E.01527
G1 X107.357 Y127.12 E.03583
G1 X106.351 Y126.344 E.03984
G1 X105.034 Y125.078 E.05728
G1 X104.3 Y124.193 E.03605
G1 X102.544 Y121.217 E.10834
G1 X102.117 Y120.21 E.0343
G1 X101.748 Y118.993 E.03987
G1 X101.479 Y117.677 E.04212
G1 X101.342 Y116.413 E.03986
G1 X101.314 Y115.271 E.03582
G1 X101.461 Y113.451 E.05725
G1 X101.972 Y111.225 E.07161
G1 X102.664 Y109.556 E.05665
G1 X103.934 Y107.356 E.07965
G1 X104.455 Y106.601 E.02876
G1 X105.599 Y105.337 E.05345
G1 X106.706 Y104.367 E.04615
G1 X107.63 Y103.695 E.03582
G1 X109.212 Y102.782 E.05727
G1 X110.375 Y102.269 E.03985
G1 X111.649 Y101.844 E.04211
G1 X112.887 Y101.555 E.03986
G1 X113.973 Y101.422 E.03431
G1 X117.027 Y101.422 E.09576
G1 X118.239 Y101.578 E.03831
G1 X119.667 Y101.938 E.04617
G1 X120.745 Y102.317 E.03583
G1 X122.395 Y103.1 E.05726
G1 X123.477 Y103.766 E.03984
G1 X124.551 Y104.573 E.04212
G1 X125.492 Y105.428 E.03986
G1 X126.545 Y106.602 E.04945
G1 X127.066 Y107.356 E.02874
G1 X128.456 Y109.783 E.08769
G1 X128.883 Y110.79 E.0343
G1 X129.219 Y111.883 E.03585
G1 X129.489 Y113.125 E.03985
G1 X129.658 Y114.587 E.04615
G1 X129.686 Y115.729 E.03582
G1 X129.539 Y117.549 E.05725
G1 X129.252 Y118.993 E.04616
G1 X128.729 Y120.616 E.05346
G1 X128.336 Y121.444 E.02874
G1 X127.066 Y123.644 E.07965
G1 X126.545 Y124.399 E.02876
G1 X125.492 Y125.572 E.04942
G1 X123.747 Y127.045 E.0716
G1 X122.681 Y127.737 E.03985
G1 X121.374 Y128.414 E.04615
G1 X120.316 Y128.845 E.03582
G1 X118.562 Y129.353 E.05726
G1 X116.77 Y129.589 E.05667
G1 X114.23 Y129.589 E.07964
G1 X113.316 Y129.515 E.02875
G1 X111.773 Y129.19 E.04944
G1 X110.684 Y128.845 E.03582
G1 X109.508 Y128.362 E.03986
G1 X108.803 Y127.992 E.02496
G1 E-3.5 F3600
;WIPE_START
G1 F7200
G1 X108.75 Y127.964 E-.02847
G1 X108.319 Y127.737 E-.23138
G1 X107.357 Y127.12 E-.54286
G1 X106.351 Y126.344 E-.6035
G1 X106.209 Y126.207 E-.09379
;WIPE_END
; printing object Auto_modifiedZ_bolt_25x8_0.2.stl id:0 copy 0
G1 X113.758 Y120.497 F9000
G1 E5 F2400
;TYPE:Perimeter
;WIDTH:0.439999
G1 F1500
G1 X112.958 Y120.152 E.02877
G1 X112.486 Y119.866 E.01822
G1 X112.037 Y119.514 E.01884
G1 X110.304 Y116.513 E.11442
G1 X110.2 Y115.624 E.02955
G1 X110.212 Y115.073 E.0182
G1 X110.292 Y114.508 E.01884
G1 X112.025 Y111.507 E.11442
G1 X112.742 Y110.972 E.02954
G1 X113.226 Y110.707 E.01822
G1 X113.755 Y110.494 E.01883
G1 X117.221 Y110.494 E.11444
G1 X118.042 Y110.848 E.02952
G1 X118.514 Y111.134 E.01822
G1 X118.963 Y111.486 E.01884
G1 X120.696 Y114.487 E.11442
G1 X120.788 Y115.089 E.02011
G1 X120.788 Y115.927 E.02767
G1 X120.708 Y116.492 E.01884
G1 X118.975 Y119.493 E.11442
G1 X118.258 Y120.028 E.02954
G1 X117.774 Y120.293 E.01822
G1 X117.245 Y120.506 E.01883
G1 X113.816 Y120.506 E.11322
G1 X113.692 Y120.898 F9000
G1 F1500
G1 X113.2 Y120.707 E.01743
G1 X112.649 Y120.438 E.02024
G1 X112.176 Y120.13 E.01864
G1 X111.726 Y119.768 E.01907
G1 X109.923 Y116.647 E.11901
G1 X109.841 Y116.111 E.0179
G1 X109.798 Y115.5 E.02022
G1 X109.829 Y114.936 E.01865
G1 X109.916 Y114.365 E.01907
G1 X111.718 Y111.244 E.11899
G1 X112.141 Y110.905 E.0179
G1 X112.649 Y110.562 E.02024
G1 X113.153 Y110.307 E.01865
G1 X113.691 Y110.097 E.01907
G1 X117.295 Y110.097 E.11899
G1 X117.801 Y110.293 E.01792
G1 X118.351 Y110.562 E.02022
G1 X118.824 Y110.87 E.01864
G1 X119.274 Y111.232 E.01907
G1 X121.077 Y114.353 E.11901
G1 X121.184 Y115.051 E.02332
G1 X121.171 Y116.064 E.03345
G1 X121.084 Y116.635 E.01907
G1 X119.282 Y119.756 E.11899
G1 X118.859 Y120.095 E.0179
G1 X118.351 Y120.438 E.02024
G1 X117.847 Y120.693 E.01865
G1 X117.309 Y120.903 E.01907
G1 X113.751 Y120.903 E.11748
G1 X113.628 Y121.288 F9000
;TYPE:External perimeter
;WIDTH:0.419999
G1 F1500
G1 X113.06 Y121.068 E.0191
G1 X112.455 Y120.774 E.02109
G1 X111.944 Y120.439 E.01916
G1 X111.422 Y120.016 E.02107
G1 X109.552 Y116.778 E.11724
G1 X109.458 Y116.17 E.01929
G1 X109.41 Y115.5 E.02106
G1 X109.445 Y114.89 E.01916
G1 X109.55 Y114.226 E.02108
G1 X111.419 Y110.988 E.11722
G1 X111.899 Y110.603 E.01929
G1 X112.455 Y110.226 E.02106
G1 X113.001 Y109.951 E.01917
G1 X113.628 Y109.71 E.02106
G1 X117.368 Y109.71 E.11726
G1 X117.941 Y109.933 E.01928
G1 X118.545 Y110.226 E.02105
G1 X119.056 Y110.561 E.01916
G1 X119.578 Y110.984 E.02107
G1 X121.448 Y114.222 E.11724
G1 X121.57 Y115.013 E.02509
G1 X121.555 Y116.11 E.0344
G1 X121.45 Y116.774 E.02108
G1 X119.581 Y120.012 E.11722
G1 X119.101 Y120.397 E.01929
G1 X118.545 Y120.774 E.02106
G1 X117.999 Y121.049 E.01917
G1 X117.372 Y121.29 E.02106
G1 X113.688 Y121.29 E.11551
G1 E-3.5 F3600
;WIPE_START
G1 F7200
G1 X113.628 Y121.288 E-.02852
G1 X113.06 Y121.068 E-.28933
G1 X112.455 Y120.774 E-.31951
G1 X111.944 Y120.439 E-.29023
G1 X111.422 Y120.016 E-.31914
G1 X111.155 Y119.554 E-.25327
;WIPE_END
G1 X112.601 Y111.269 F9000
G1 E5 F2400
;TYPE:Solid infill
;WIDTH:0.38292
G1 F1523
G1 X112.185 Y111.642 E.0158
G1 X111.698 Y112.675 F9000
G1 F1523
G1 X111.657 Y112.686 E.0012
G1 X111.638 Y112.615 E.00208
G1 X111.709 Y112.634 E.00208
;WIDTH:0.41146
G1 X111.796 Y112.499 E.00492
;WIDTH:0.439999
G1 X111.883 Y112.364 E.0053
G1 X113.161 Y111.086 E.05967
G1 X113.316 Y111.003 E.00581
;WIDTH:0.41146
G1 X113.472 Y110.92 E.00542
;WIDTH:0.38292
G1 X113.431 Y110.931 E.0012
G1 X113.412 Y110.86 E.00208
G1 X113.483 Y110.879 E.00208
;WIDTH:0.439999
G1 X114.009 Y110.8 E.01756
G1 X111.116 Y113.693 E.13508
G1 X111.023 Y113.848 E.00597
;WIDTH:0.41146
G1 X110.931 Y114.004 E.00555
;WIDTH:0.38292
G1 X110.89 Y114.015 E.0012
G1 X110.871 Y113.944 E.00208
G1 X110.942 Y113.963 E.00208
G1 X110.556 Y114.814 F9000
;WIDTH:0.439999
G1 F1523
G1 X114.571 Y110.8 E.18745
G1 X115.132 Y110.8 E.01852
G1 X110.504 Y115.428 E.2161
G1 X110.529 Y115.965 E.01775
G1 X115.694 Y110.8 E.24117
G1 X116.255 Y110.8 E.01852
G1 X110.615 Y116.44 E.26335
G1 X110.821 Y116.796 E.01358
G1 X116.817 Y110.8 E.27997
G1 X117.318 Y110.86 E.01666
G1 X111.026 Y117.152 E.2938
G1 X111.232 Y117.508 E.01358
G1 X117.717 Y111.023 E.30281
G1 X118.08 Y111.222 E.01367
G1 X111.438 Y117.864 E.31014
G1 X111.643 Y118.22 E.01356
G1 X118.418 Y111.445 E.31635
G1 X118.73 Y111.694 E.01318
G1 X111.849 Y118.576 E.32132
G1 X112.054 Y118.932 E.01356
G1 X118.936 Y112.05 E.32134
G1 X119.141 Y112.407 E.01359
G1 X112.26 Y119.288 E.3213
G1 X112.567 Y119.542 E.01316
G1 X119.347 Y112.763 E.31656
G1 X119.552 Y113.119 E.01356
G1 X112.903 Y119.768 E.31046
G1 X113.264 Y119.968 E.01363
G1 X119.758 Y113.475 E.3032
G1 X119.963 Y113.831 E.01356
G1 X113.662 Y120.132 E.29422
G1 X114.155 Y120.2 E.01643
G1 X120.169 Y114.187 E.28079
G1 X120.374 Y114.543 E.01356
G1 X114.717 Y120.2 E.26414
G1 X115.278 Y120.2 E.01852
G1 X120.467 Y115.011 E.24229
G1 X120.497 Y115.543 E.01759
G1 X115.84 Y120.2 E.21745
G1 X116.402 Y120.2 E.01856
G1 X120.448 Y116.154 E.18892
G1 X120.178 Y116.95 F9000
;WIDTH:0.38292
G1 F1523
G1 X120.107 Y116.931 E.00208
G1 X120.126 Y117.002 E.00208
G1 X120.167 Y116.991 E.0012
;WIDTH:0.41146
G1 X120.045 Y117.116 E.00535
;WIDTH:0.439999
G1 X116.963 Y120.2 E.14396
G1 X118.28 Y119.557 F9000
;WIDTH:0.626401
G1 F1523
G1 X118.468 Y119.388 E.01226
;WIDTH:0.653774
G1 X118.656 Y119.22 E.01281
;LAYER_CHANGE
;Z:0.6
;HEIGHT:0.2
;BEFORE_LAYER_CHANGE
G92 E0
;0.6


G1 E-3.5 F3600
;WIPE_START
G1 F7200
G1 X118.468 Y119.388 E-.11976
G1 X118.28 Y119.557 E-.12008
;WIPE_END
G1 E-1.26016 F3600
G1 Z.6 F9000
;AFTER_LAYER_CHANGE
;0.6
G1 X118.686 Y119.973
G1 E5 F2400
;TYPE:Perimeter
;WIDTH:0.439999
G1 F978
G1 X118.239 Y120.274 E.01779
G1 X117.784 Y120.506 E.01686
G1 X113.241 Y120.506 E.15
G1 X112.735 Y120.26 E.01858
G1 X112.307 Y119.981 E.01687
G1 X110.035 Y116.047 E.15
G1 X109.996 Y115.485 E.0186
G1 X110.023 Y114.975 E.01686
G1 X112.294 Y111.041 E.14998
G1 X112.761 Y110.726 E.0186
G1 X113.216 Y110.494 E.01686
G1 X117.759 Y110.494 E.15
G1 X118.265 Y110.741 E.01859
G1 X118.693 Y111.019 E.01685
G1 X120.965 Y114.953 E.15
G1 X121.001 Y115.607 E.02163
G1 X120.977 Y116.025 E.01382
G1 X118.724 Y119.928 E.1488
G1 X118.992 Y120.245 F9000
G1 F978
G1 X118.343 Y120.669 E.0256
G1 X117.865 Y120.903 E.01757
G1 X113.15 Y120.903 E.15568
G1 X112.445 Y120.546 E.02609
G1 X112.004 Y120.25 E.01754
G1 X109.646 Y116.166 E.1557
G1 X109.603 Y115.377 E.02609
G1 X109.638 Y114.847 E.01754
G1 X111.996 Y110.763 E.1557
G1 X112.657 Y110.331 E.02607
G1 X113.135 Y110.097 E.01757
G1 X117.85 Y110.097 E.15568
G1 X118.555 Y110.454 E.02609
G1 X118.996 Y110.75 E.01754
G1 X121.354 Y114.834 E.1557
G1 X121.397 Y115.623 E.02609
G1 X121.362 Y116.153 E.01754
G1 X119.027 Y120.197 E.15418
G1 X119.291 Y120.51 F9000
;TYPE:External perimeter
;WIDTH:0.419999
G1 F978
G1 X118.523 Y121.011 E.02875
G1 X117.944 Y121.29 E.02015
G1 X113.061 Y121.29 E.1531
G1 X112.238 Y120.873 E.02893
G1 X111.708 Y120.512 E.02011
G1 X109.266 Y116.283 E.15312
G1 X109.216 Y115.362 E.02892
G1 X109.264 Y114.722 E.02012
G1 X111.705 Y110.493 E.1531
G1 X112.477 Y109.989 E.02891
G1 X113.056 Y109.71 E.02015
G1 X117.939 Y109.71 E.1531
G1 X118.762 Y110.127 E.02893
G1 X119.292 Y110.488 E.02011
G1 X121.734 Y114.717 E.15312
G1 X121.784 Y115.638 E.02892
G1 X121.736 Y116.278 E.02012
G1 X119.322 Y120.46 E.1514
G1 E-3.5 F3600
;WIPE_START
G1 F7200
G1 X119.291 Y120.51 E-.02794
G1 X118.523 Y121.011 E-.43556
G1 X117.944 Y121.29 E-.30529
G1 X116.405 Y121.29 E-.73121
;WIPE_END
G1 X111.939 Y118.803 F9000
G1 E5 F2400
;TYPE:Solid infill
;WIDTH:0.38292
G1 F978
G1 X111.92 Y118.875 E.00211
G1 X111.991 Y118.856 E.00208
G1 X111.98 Y118.814 E.00123
;WIDTH:0.41146
G1 X112.073 Y118.97 E.00557
;WIDTH:0.439999
G1 X112.166 Y119.125 E.00597
G1 X113.173 Y120.133 E.04704
G1 X113.255 Y120.235 E.00432
;WIDTH:0.41146
G1 X113.336 Y120.337 E.00399
;WIDTH:0.38292
G1 X113.541 Y120.348 E.0058
;WIDTH:0.439999
G1 X113.802 Y120.2 E.00991
G1 X111.399 Y117.797 E.1122
G1 X111.306 Y117.641 E.006
;WIDTH:0.41146
G1 X111.213 Y117.486 E.00554
;WIDTH:0.38292
G1 X111.224 Y117.527 E.0012
G1 X111.153 Y117.546 E.00208
G1 X111.172 Y117.475 E.00208
G1 X110.405 Y116.146 F9000
G1 F978
G1 X110.386 Y116.217 E.00208
G1 X110.457 Y116.198 E.00208
G1 X110.446 Y116.157 E.0012
;WIDTH:0.41146
G1 X110.539 Y116.313 E.00557
;WIDTH:0.439999
G1 X110.632 Y116.468 E.00597
G1 X114.364 Y120.2 E.17426
G1 X114.925 Y120.2 E.01852
G1 X110.309 Y115.584 E.21554
G1 X110.334 Y115.047 E.01775
G1 X115.487 Y120.2 E.24061
G1 X116.048 Y120.2 E.01852
G1 X110.54 Y114.691 E.25721
G1 X110.745 Y114.335 E.01356
G1 X116.61 Y120.2 E.27386
G1 X117.172 Y120.2 E.01856
G1 X110.951 Y113.979 E.29048
G1 X111.156 Y113.623 E.01356
G1 X117.728 Y120.195 E.30687
G1 X118.096 Y120.002 E.01372
G1 X111.362 Y113.267 E.31446
G1 X111.567 Y112.911 E.01356
G1 X118.432 Y119.775 E.32053
G1 X118.654 Y119.437 E.01335
G1 X111.773 Y112.555 E.32132
G1 X111.978 Y112.199 E.01356
G1 X118.86 Y119.081 E.32134
G1 X119.065 Y118.725 E.01356
G1 X112.184 Y111.843 E.32132
G1 X112.39 Y111.487 E.01358
G1 X119.271 Y118.369 E.32132
G1 X119.477 Y118.013 E.01358
G1 X112.64 Y111.176 E.31924
G1 X112.981 Y110.956 E.0134
G1 X119.682 Y117.657 E.31289
G1 X119.888 Y117.301 E.01358
G1 X113.387 Y110.8 E.30355
G1 X113.948 Y110.8 E.01852
G1 X120.093 Y116.945 E.28693
G1 X120.299 Y116.589 E.01358
G1 X114.51 Y110.8 E.27031
G1 X115.072 Y110.8 E.01856
G1 X120.504 Y116.233 E.25366
G1 X120.683 Y115.85 E.01396
G1 X115.633 Y110.8 E.2358
G1 X116.195 Y110.8 E.01856
G1 X120.682 Y115.287 E.20951
G1 X120.45 Y114.499 F9000
;WIDTH:0.38292
G1 F978
G1 X120.461 Y114.54 E.0012
G1 X120.39 Y114.559 E.00208
G1 X120.409 Y114.488 E.00208
;WIDTH:0.41146
G1 X120.307 Y114.368 E.00483
;WIDTH:0.439999
G1 X116.756 Y110.8 E.16621
G1 X117.318 Y110.8 E.01856
G1 X119.54 Y113.039 E.10415
;WIDTH:0.41146
G1 X119.642 Y113.159 E.00483
;WIDTH:0.38292
G1 X119.623 Y113.23 E.00208
G1 X119.694 Y113.211 E.00208
G1 X119.683 Y113.17 E.0012
G1 E-3.5 F3600
;WIPE_START
G1 F7200
G1 X119.694 Y113.211 E-.02016
G1 X119.623 Y113.23 E-.03491
G1 X119.642 Y113.159 E-.03491
G1 X119.54 Y113.039 E-.07481
G1 X117.56 Y111.044 E-1.33521
;WIPE_END
G1 X118.06 Y110.981 F9000
G1 E5 F2400
;WIDTH:0.439999
G1 F978
G1 X118.67 Y111.591 E.02848
G1 X118.778 Y111.731 E.00584
;WIDTH:0.41146
G1 X118.886 Y111.872 E.00544
;WIDTH:0.38292
G1 X118.864 Y111.678 E.00552
G1 X118.495 Y111.198 E.01712
G1 X117.969 Y110.792 E.01879
G1 X117.713 Y110.694 E.00775
;LAYER_CHANGE
;Z:0.8
;HEIGHT:0.2
;BEFORE_LAYER_CHANGE
G92 E0
;0.8


G1 E-3.5 F3600
;WIPE_START
G1 F7200
G1 X117.969 Y110.792 E-.13021
G1 X118.495 Y111.198 E-.31562
G1 X118.864 Y111.678 E-.28759
G1 X118.886 Y111.872 E-.09274
G1 X118.778 Y111.731 E-.08436
G1 X118.67 Y111.591 E-.08399
G1 X118.06 Y110.981 E-.40977
;WIPE_END
G1 E-.09572 F3600
G1 Z.8 F9000
;AFTER_LAYER_CHANGE
;0.8
G1 X118.224 Y110.504
G1 E5 F2400
;TYPE:Perimeter
;WIDTH:0.439999
G1 F900
G1 X118.482 Y110.652 E.00982
G1 X121.189 Y115.342 E.17879
G1 X121.189 Y115.658 E.01043
G1 X118.481 Y120.348 E.17881
G1 X118.208 Y120.506 E.01041
G1 X112.792 Y120.506 E.17882
G1 X112.519 Y120.348 E.01041
G1 X109.811 Y115.658 E.17881
G1 X109.811 Y115.342 E.01043
G1 X112.519 Y110.652 E.17881
G1 X112.792 Y110.494 E.01041
G1 X118.167 Y110.494 E.17747
G1 X118.398 Y110.146 F9000
G1 F900
G1 X118.772 Y110.362 E.01426
G1 X121.586 Y115.235 E.18579
G1 X121.586 Y115.765 E.0175
G1 X118.772 Y120.638 E.18579
G1 X118.314 Y120.903 E.01747
G1 X112.686 Y120.903 E.18582
G1 X112.228 Y120.638 E.01747
G1 X109.414 Y115.765 E.18579
G1 X109.414 Y115.235 E.0175
G1 X112.228 Y110.362 E.18579
G1 X112.686 Y110.097 E.01747
G1 X118.314 Y110.097 E.18582
G1 X118.346 Y110.116 E.00123
G1 X118.578 Y109.803 F9000
;TYPE:External perimeter
;WIDTH:0.419999
G1 F900
G1 X119.056 Y110.078 E.01729
G1 X121.973 Y115.132 E.18296
G1 X121.973 Y115.868 E.02308
G1 X119.055 Y120.922 E.18298
G1 X118.418 Y121.29 E.02307
G1 X112.582 Y121.29 E.18298
G1 X111.945 Y120.922 E.02307
G1 X109.027 Y115.868 E.18298
G1 X109.027 Y115.132 E.02308
G1 X111.945 Y110.078 E.18298
G1 X112.582 Y109.71 E.02307
G1 X118.418 Y109.71 E.18298
G1 X118.526 Y109.773 E.00392
G1 E-3.5 F3600
;WIPE_START
G1 F7200
G1 X118.578 Y109.803 E-.02852
G1 X119.056 Y110.078 E-.26194
G1 X120.329 Y112.283 E-1.20954
;WIPE_END
G1 X117.262 Y120.2 F9000
G1 E5 F2400
;TYPE:Internal infill
;WIDTH:0.44
G1 F900
G1 X118.126 Y120.2 E.02853
G1 X118.258 Y120.124 E.00503
G1 X118.941 Y118.941 E.0451
G1 X112.059 Y112.059 E.32134
G1 X112.742 Y110.876 E.0451
G1 X112.874 Y110.8 E.00503
G1 X114.585 Y110.8 E.05649
G1 X110.33 Y115.054 E.19866
G1 X110.117 Y115.424 E.0141
G1 X110.117 Y115.576 E.00502
G1 X110.33 Y115.946 E.0141
G1 X114.585 Y120.2 E.19866
G1 X116.415 Y120.2 E.06042
G1 X120.67 Y115.946 E.19866
G1 X120.883 Y115.576 E.0141
G1 X120.883 Y115.424 E.00502
G1 X120.67 Y115.054 E.0141
G1 X116.415 Y110.8 E.19866
G1 X118.125 Y110.8 E.05646
G1 X118.258 Y110.876 E.00506
G1 X118.941 Y112.059 E.0451
G1 X112.059 Y118.941 E.32134
G1 X112.742 Y120.124 E.0451
G1 X112.874 Y120.2 E.00503
G1 X113.738 Y120.2 E.02853
;LAYER_CHANGE
;Z:1
;HEIGHT:0.2
;BEFORE_LAYER_CHANGE
G92 E0
;1


G1 E-3.5 F3600
;WIPE_START
G1 F7200
G1 X112.874 Y120.2 E-.4104
G1 X112.742 Y120.124 E-.07235
G1 X112.059 Y118.941 E-.64885
G1 X112.607 Y118.393 E-.3684
;WIPE_END
G1 Z1 F9000
;AFTER_LAYER_CHANGE
;1
G1 X112.516 Y120.344
G1 E5 F2400
;TYPE:Perimeter
;WIDTH:0.439999
G1 F900
G1 X109.72 Y115.5 E.18467
G1 X112.609 Y110.495 E.19081
G1 X118.397 Y110.505 E.1911
G1 X121.28 Y115.5 E.19042
G1 X118.39 Y120.506 E.19085
G1 X112.61 Y120.506 E.19084
G1 X112.546 Y120.396 E.0042
G1 X112.473 Y120.903 F9000
G1 F900
G1 X112.381 Y120.903 E.00304
G1 X109.261 Y115.5 E.206
G1 X112.38 Y110.098 E.20595
G1 X118.626 Y110.109 E.20623
G1 X121.739 Y115.5 E.20554
G1 X118.619 Y120.903 E.206
G1 X112.533 Y120.903 E.20094
G1 X112.156 Y121.287 F9000
;TYPE:External perimeter
;WIDTH:0.419999
G1 F900
G1 X108.814 Y115.5 E.20953
G1 X112.157 Y109.71 E.20963
G1 X118.85 Y109.722 E.20985
G1 X122.186 Y115.5 E.20919
G1 X118.843 Y121.29 E.20963
G1 X112.214 Y121.29 E.20785
G1 X113.715 Y120.2 F9000
;TYPE:Internal infill
;WIDTH:0.44
G1 F900
G1 X112.786 Y120.2 E.03067
G1 X112.059 Y118.941 E.048
G1 X118.941 Y112.059 E.32134
G1 X118.22 Y110.811 E.04759
G1 X116.423 Y110.808 E.05933
G1 X120.67 Y115.054 E.19828
G1 X120.927 Y115.5 E.017
G1 X120.67 Y115.946 E.017
G1 X116.415 Y120.2 E.19866
G1 X114.585 Y120.2 E.06042
G1 X110.33 Y115.946 E.19866
G1 X110.073 Y115.5 E.017
G1 X110.33 Y115.054 E.017
G1 X114.58 Y110.804 E.19845
G1 X112.786 Y110.801 E.05923
G1 X112.059 Y112.059 E.04797
G1 X118.941 Y118.941 E.32134
G1 X118.214 Y120.2 E.048
G1 X117.285 Y120.2 E.03067
;LAYER_CHANGE
;Z:1.2
;HEIGHT:0.2
;BEFORE_LAYER_CHANGE
G92 E0
;1.2


G1 E-3.5 F3600
;WIPE_START
G1 F7200
G1 X118.214 Y120.2 E-.44128
G1 X118.941 Y118.941 E-.69057
G1 X118.393 Y118.393 E-.36815
;WIPE_END
G1 Z1.2 F9000
;AFTER_LAYER_CHANGE
;1.2
G1 X118.284 Y120.344
G1 E5 F2400
;TYPE:Perimeter
;WIDTH:0.439999
G1 F900
G1 X118.19 Y120.506 E.00618
G1 X112.41 Y120.506 E.19084
G1 X109.52 Y115.5 E.19085
G1 X112.409 Y110.495 E.19081
G1 X118.197 Y110.505 E.1911
G1 X121.08 Y115.5 E.19042
G1 X118.314 Y120.292 E.18268
G1 X118.327 Y120.903 F9000
G1 F900
G1 X112.181 Y120.903 E.20292
G1 X109.061 Y115.5 E.206
G1 X112.18 Y110.098 E.20595
G1 X118.426 Y110.109 E.20623
G1 X121.539 Y115.5 E.20554
G1 X118.419 Y120.903 E.206
G1 X118.387 Y120.903 E.00106
G1 X118.644 Y121.287 F9000
;TYPE:External perimeter
;WIDTH:0.419999
G1 F900
G1 X118.643 Y121.29 E.0001
G1 X111.957 Y121.29 E.20963
G1 X108.614 Y115.5 E.20963
G1 X111.957 Y109.71 E.20963
G1 X118.65 Y109.722 E.20985
G1 X121.986 Y115.5 E.20919
G1 X118.674 Y121.235 E.20765
G1 X117.232 Y120.2 F9000
;TYPE:Internal infill
;WIDTH:0.44
G1 F900
G1 X118.014 Y120.2 E.02582
G1 X118.814 Y118.814 E.05284
G1 X112.247 Y112.247 E.30664
G1 X113.081 Y110.802 E.05509
G1 X113.795 Y110.803 E.02357
G1 X112.595 Y110.818 F9000
;TYPE:Solid infill
;WIDTH:0.472718
G1 F900
G1 X109.98 Y115.348 E.18693
;WIDTH:0.500121
G1 X109.951 Y115.424 E.00309
;WIDTH:0.527524
G1 X109.923 Y115.5 E.00326
G1 X109.951 Y115.576 E.00326
;WIDTH:0.500121
G1 X109.98 Y115.652 E.00309
;WIDTH:0.472718
G1 X112.596 Y120.184 E.18701
G1 X113.794 Y120.2 F9000
;TYPE:Internal infill
;WIDTH:0.44
G1 F900
G1 X113.083 Y120.2 E.02348
G1 X112.247 Y118.753 E.05518
G1 X118.814 Y112.186 E.30664
G1 X118.02 Y110.811 E.05242
G1 X117.225 Y110.809 E.02625
G1 E-3.5 F3600
;WIPE_START
G1 F7200
G1 X118.02 Y110.811 E-.37763
G1 X118.814 Y112.186 E-.7542
G1 X118.266 Y112.734 E-.36817
;WIPE_END
G1 X111.225 Y114.018 F9000
G1 E5 F2400
G1 F900
G1 X111.031 Y114.353 E.01278
G1 X114.58 Y110.805 E.16569
G1 X116.424 Y110.808 E.06088
G1 X120.197 Y114.581 E.17617
G1 X120.727 Y115.5 E.03503
G1 X120.197 Y116.419 E.03503
G1 X116.415 Y120.2 E.17657
G1 X114.585 Y120.2 E.06042
G1 X111.031 Y116.647 E.16593
G1 X110.369 Y115.5 E.04373
G1 X110.898 Y114.583 E.03495
;LAYER_CHANGE
;Z:1.4
;HEIGHT:0.2
;BEFORE_LAYER_CHANGE
G92 E0
;1.4


G1 E-3.5 F3600
;WIPE_START
G1 F7200
G1 X110.369 Y115.5 E-.50286
G1 X111.031 Y116.647 E-.62906
G1 X111.579 Y117.195 E-.36808
;WIPE_END
G1 Z1.4 F9000
;AFTER_LAYER_CHANGE
;1.4
G1 X109.72 Y115.5
G1 E5 F2400
;TYPE:Perimeter
;WIDTH:0.439999
G1 F900
G1 X112.61 Y110.494 E.19085
G1 X118.39 Y110.494 E.19084
G1 X121.28 Y115.5 E.19085
G1 X118.39 Y120.506 E.19085
G1 X112.61 Y120.506 E.19084
G1 X109.75 Y115.552 E.18887
G1 X109.261 Y115.5 F9000
G1 F900
G1 X112.381 Y110.097 E.206
G1 X118.619 Y110.097 E.20596
G1 X121.739 Y115.5 E.206
G1 X118.619 Y120.903 E.206
G1 X112.381 Y120.903 E.20596
G1 X109.291 Y115.552 E.20402
G1 X108.814 Y115.5 F9000
;TYPE:External perimeter
;WIDTH:0.419999
G1 F900
G1 X112.157 Y109.71 E.20963
G1 X118.843 Y109.71 E.20963
G1 X122.186 Y115.5 E.20963
G1 X118.843 Y121.29 E.20963
G1 X112.157 Y121.29 E.20963
G1 X108.844 Y115.552 E.20775
G1 E-3.5 F3600
;WIPE_START
G1 F7200
G1 X108.814 Y115.5 E-.02852
G1 X110.363 Y112.817 E-1.47148
;WIPE_END
G1 X113.715 Y120.2 F9000
G1 E5 F2400
;TYPE:Internal infill
;WIDTH:0.44
G1 F900
G1 X112.786 Y120.2 E.03067
G1 X112.059 Y118.941 E.048
G1 X118.941 Y112.059 E.32134
G1 X118.214 Y110.8 E.048
G1 X116.415 Y110.8 E.0594
G1 X120.67 Y115.054 E.19866
G1 X120.927 Y115.5 E.017
G1 X120.67 Y115.946 E.017
G1 X116.415 Y120.2 E.19866
G1 X114.585 Y120.2 E.06042
G1 X110.33 Y115.946 E.19866
G1 X110.073 Y115.5 E.017
G1 X110.33 Y115.054 E.017
G1 X114.585 Y110.8 E.19866
G1 X112.786 Y110.8 E.0594
G1 X112.059 Y112.059 E.048
G1 X118.941 Y118.941 E.32134
G1 X118.214 Y120.2 E.048
G1 X117.285 Y120.2 E.03067
;LAYER_CHANGE
;Z:1.6
;HEIGHT:0.2
;BEFORE_LAYER_CHANGE
G92 E0
;1.6


G1 E-3.5 F3600
;WIPE_START
G1 F7200
G1 X118.214 Y120.2 E-.44128
G1 X118.941 Y118.941 E-.69057
G1 X118.393 Y118.393 E-.36815
;WIPE_END
G1 Z1.6 F9000
;AFTER_LAYER_CHANGE
;1.6
G1 X118.59 Y120.506
G1 E5 F2400
;TYPE:Perimeter
;WIDTH:0.439999
G1 F900
G1 X112.81 Y120.506 E.19084
G1 X109.92 Y115.5 E.19085
G1 X112.81 Y110.494 E.19085
G1 X118.59 Y110.494 E.19084
G1 X121.48 Y115.5 E.19085
G1 X118.62 Y120.454 E.18887
G1 X118.819 Y120.903 F9000
G1 F900
G1 X112.581 Y120.903 E.20596
G1 X109.461 Y115.5 E.206
G1 X112.581 Y110.097 E.206
G1 X118.819 Y110.097 E.20596
G1 X121.939 Y115.5 E.206
G1 X118.849 Y120.851 E.20402
G1 X119.043 Y121.29 F9000
;TYPE:External perimeter
;WIDTH:0.419999
G1 F900
G1 X112.357 Y121.29 E.20963
G1 X109.014 Y115.5 E.20963
G1 X112.357 Y109.71 E.20963
G1 X119.043 Y109.71 E.20963
G1 X122.386 Y115.5 E.20963
G1 X119.073 Y121.238 E.20775
G1 E-3.5 F3600
;WIPE_START
G1 F7200
G1 X119.043 Y121.29 E-.02852
G1 X115.945 Y121.29 E-1.47148
;WIPE_END
G1 X117.206 Y120.2 F9000
G1 E5 F2400
;TYPE:Internal infill
;WIDTH:0.44
G1 F900
G1 X117.917 Y120.2 E.02348
G1 X118.753 Y118.753 E.05518
G1 X112.186 Y112.186 E.30664
G1 X112.986 Y110.8 E.05284
G1 X113.768 Y110.8 E.02582
G1 E-3.5 F3600
;WIPE_START
G1 F7200
G1 X112.986 Y110.8 E-.37145
G1 X112.186 Y112.186 E-.76015
G1 X112.734 Y112.734 E-.3684
;WIPE_END
G1 X117.206 Y110.8 F9000
G1 E5 F2400
G1 F900
G1 X117.917 Y110.8 E.02348
G1 X118.753 Y112.247 E.05518
G1 X112.186 Y118.814 E.30664
G1 X112.986 Y120.2 E.05284
G1 X113.768 Y120.2 E.02582
G1 E-3.5 F3600
;WIPE_START
G1 F7200
G1 X112.986 Y120.2 E-.37145
G1 X112.186 Y118.814 E-.76015
G1 X112.734 Y118.266 E-.3684
;WIPE_END
G1 X119.775 Y116.982 F9000
G1 E5 F2400
G1 F900
G1 X119.969 Y116.647 E.01278
G1 X116.415 Y120.2 E.16593
G1 X114.585 Y120.2 E.06042
G1 X110.803 Y116.419 E.17657
G1 X110.273 Y115.5 E.03503
G1 X110.803 Y114.581 E.03503
G1 X114.585 Y110.8 E.17657
G1 X116.415 Y110.8 E.06042
G1 X119.969 Y114.353 E.16593
G1 X120.631 Y115.5 E.04373
G1 X120.102 Y116.417 E.03495
G1 E-3.5 F3600
;WIPE_START
G1 F7200
G1 X120.631 Y115.5 E-.50286
G1 X119.969 Y114.353 E-.62906
G1 X119.421 Y113.805 E-.36808
;WIPE_END
G1 X118.404 Y110.816 F9000
G1 E5 F2400
;TYPE:Solid infill
;WIDTH:0.472716
G1 F900
G1 X121.02 Y115.348 E.18701
G1 X121.07 Y115.567 E.00803
G1 X118.404 Y120.184 E.19053
;LAYER_CHANGE
;Z:1.8
;HEIGHT:0.2
;BEFORE_LAYER_CHANGE
G92 E0
;1.8


G1 E-3.5 F3600
;WIPE_START
G1 F7200
G1 X119.983 Y117.449 E-1.5
;WIPE_END
G1 Z1.8 F9000
;AFTER_LAYER_CHANGE
;1.8
G1 X118.39 Y120.506
G1 E5 F2400
;TYPE:Perimeter
;WIDTH:0.439999
G1 F900
G1 X112.61 Y120.506 E.19084
G1 X109.72 Y115.5 E.19085
G1 X112.61 Y110.494 E.19085
G1 X118.39 Y110.494 E.19084
G1 X121.28 Y115.5 E.19085
G1 X118.42 Y120.454 E.18887
G1 X118.619 Y120.903 F9000
G1 F900
G1 X112.381 Y120.903 E.20596
G1 X109.261 Y115.5 E.206
G1 X112.381 Y110.097 E.206
G1 X118.619 Y110.097 E.20596
G1 X121.739 Y115.5 E.206
G1 X118.649 Y120.851 E.20402
G1 X118.843 Y121.29 F9000
;TYPE:External perimeter
;WIDTH:0.419999
G1 F900
G1 X112.157 Y121.29 E.20963
G1 X108.814 Y115.5 E.20963
G1 X112.157 Y109.71 E.20963
G1 X118.843 Y109.71 E.20963
G1 X122.186 Y115.5 E.20963
G1 X118.873 Y121.238 E.20775
G1 X117.285 Y120.2 F9000
;TYPE:Internal infill
;WIDTH:0.44
G1 F900
G1 X118.214 Y120.2 E.03067
G1 X118.941 Y118.941 E.048
G1 X112.059 Y112.059 E.32134
G1 X112.786 Y110.8 E.048
G1 X114.585 Y110.8 E.0594
G1 X110.33 Y115.054 E.19866
G1 X110.073 Y115.5 E.017
G1 X110.33 Y115.946 E.017
G1 X114.585 Y120.2 E.19866
G1 X116.415 Y120.2 E.06042
G1 X120.67 Y115.946 E.19866
G1 X120.927 Y115.5 E.017
G1 X120.67 Y115.054 E.017
G1 X116.415 Y110.8 E.19866
G1 X118.214 Y110.8 E.0594
G1 X118.941 Y112.059 E.048
G1 X112.059 Y118.941 E.32134
G1 X112.786 Y120.2 E.048
G1 X113.715 Y120.2 E.03067
;LAYER_CHANGE
;Z:2
;HEIGHT:0.2
;BEFORE_LAYER_CHANGE
G92 E0
;2


G1 E-3.5 F3600
;WIPE_START
G1 F7200
G1 X112.786 Y120.2 E-.44128
G1 X112.059 Y118.941 E-.69057
G1 X112.607 Y118.393 E-.36815
;WIPE_END
G1 Z2 F9000
;AFTER_LAYER_CHANGE
;2
G1 X112.61 Y120.506
G1 E5 F2400
;TYPE:Perimeter
;WIDTH:0.439999
G1 F900
G1 X109.72 Y115.5 E.19085
G1 X112.61 Y110.494 E.19085
G1 X118.39 Y110.494 E.19084
G1 X121.28 Y115.5 E.19085
G1 X118.39 Y120.506 E.19085
G1 X112.67 Y120.506 E.18886
G1 X112.381 Y120.903 F9000
G1 F900
G1 X109.261 Y115.5 E.206
G1 X112.381 Y110.097 E.206
G1 X118.619 Y110.097 E.20596
G1 X121.739 Y115.5 E.206
G1 X118.619 Y120.903 E.206
G1 X112.441 Y120.903 E.20398
G1 X112.157 Y121.29 F9000
;TYPE:External perimeter
;WIDTH:0.419999
G1 F900
G1 X108.814 Y115.5 E.20963
G1 X112.157 Y109.71 E.20963
G1 X118.843 Y109.71 E.20963
G1 X122.186 Y115.5 E.20963
G1 X118.843 Y121.29 E.20963
G1 X112.217 Y121.29 E.20775
G1 X113.715 Y120.2 F9000
;TYPE:Internal infill
;WIDTH:0.44
G1 F900
G1 X112.786 Y120.2 E.03067
G1 X112.059 Y118.941 E.048
G1 X118.941 Y112.059 E.32134
G1 X118.214 Y110.8 E.048
G1 X116.415 Y110.8 E.0594
G1 X120.67 Y115.054 E.19866
G1 X120.927 Y115.5 E.017
G1 X120.67 Y115.946 E.017
G1 X116.415 Y120.2 E.19866
G1 X114.585 Y120.2 E.06042
G1 X110.33 Y115.946 E.19866
G1 X110.073 Y115.5 E.017
G1 X110.33 Y115.054 E.017
G1 X114.585 Y110.8 E.19866
G1 X112.786 Y110.8 E.0594
G1 X112.059 Y112.059 E.048
G1 X118.941 Y118.941 E.32134
G1 X118.214 Y120.2 E.048
G1 X117.285 Y120.2 E.03067
;LAYER_CHANGE
;Z:2.2
;HEIGHT:0.2
;BEFORE_LAYER_CHANGE
G92 E0
;2.2


G1 E-3.5 F3600
;WIPE_START
G1 F7200
G1 X118.214 Y120.2 E-.44128
G1 X118.941 Y118.941 E-.69057
G1 X118.393 Y118.393 E-.36815
;WIPE_END
G1 Z2.2 F9000
;AFTER_LAYER_CHANGE
;2.2
G1 X118.39 Y120.506
G1 E5 F2400
;TYPE:Perimeter
;WIDTH:0.439999
G1 F900
G1 X112.61 Y120.506 E.19084
G1 X109.72 Y115.5 E.19085
G1 X112.61 Y110.494 E.19085
G1 X118.39 Y110.494 E.19084
G1 X121.28 Y115.5 E.19085
G1 X118.42 Y120.454 E.18887
G1 X118.619 Y120.903 F9000
G1 F900
G1 X112.381 Y120.903 E.20596
G1 X109.261 Y115.5 E.206
G1 X112.381 Y110.097 E.206
G1 X118.619 Y110.097 E.20596
G1 X121.739 Y115.5 E.206
G1 X118.649 Y120.851 E.20402
G1 X118.843 Y121.29 F9000
;TYPE:External perimeter
;WIDTH:0.419999
G1 F900
G1 X112.157 Y121.29 E.20963
G1 X108.814 Y115.5 E.20963
G1 X112.157 Y109.71 E.20963
G1 X118.843 Y109.71 E.20963
G1 X122.186 Y115.5 E.20963
G1 X118.873 Y121.238 E.20775
G1 X117.285 Y120.2 F9000
;TYPE:Internal infill
;WIDTH:0.44
G1 F900
G1 X118.214 Y120.2 E.03067
G1 X118.941 Y118.941 E.048
G1 X112.059 Y112.059 E.32134
G1 X112.786 Y110.8 E.048
G1 X114.585 Y110.8 E.0594
G1 X110.33 Y115.054 E.19866
G1 X110.073 Y115.5 E.017
G1 X110.33 Y115.946 E.017
G1 X114.585 Y120.2 E.19866
G1 X116.415 Y120.2 E.06042
G1 X120.67 Y115.946 E.19866
G1 X120.927 Y115.5 E.017
G1 X120.67 Y115.054 E.017
G1 X116.415 Y110.8 E.19866
G1 X118.214 Y110.8 E.0594
G1 X118.941 Y112.059 E.048
G1 X112.059 Y118.941 E.32134
G1 X112.786 Y120.2 E.048
G1 X113.715 Y120.2 E.03067
;LAYER_CHANGE
;Z:2.4
;HEIGHT:0.2
;BEFORE_LAYER_CHANGE
G92 E0
;2.4


G1 E-3.5 F3600
;WIPE_START
G1 F7200
G1 X112.786 Y120.2 E-.44128
G1 X112.059 Y118.941 E-.69057
G1 X112.607 Y118.393 E-.36815
;WIPE_END
G1 Z2.4 F9000
;AFTER_LAYER_CHANGE
;2.4
G1 X112.61 Y120.506
G1 E5 F2400
;TYPE:Perimeter
;WIDTH:0.439999
G1 F900
G1 X109.72 Y115.5 E.19085
G1 X112.61 Y110.494 E.19085
G1 X118.39 Y110.494 E.19084
G1 X121.28 Y115.5 E.19085
G1 X118.39 Y120.506 E.19085
G1 X112.67 Y120.506 E.18886
G1 X112.381 Y120.903 F9000
G1 F900
G1 X109.261 Y115.5 E.206
G1 X112.381 Y110.097 E.206
G1 X118.619 Y110.097 E.20596
G1 X121.739 Y115.5 E.206
G1 X118.619 Y120.903 E.206
G1 X112.441 Y120.903 E.20398
G1 X112.157 Y121.29 F9000
;TYPE:External perimeter
;WIDTH:0.419999
G1 F900
G1 X108.814 Y115.5 E.20963
G1 X112.157 Y109.71 E.20963
G1 X118.843 Y109.71 E.20963
G1 X122.186 Y115.5 E.20963
G1 X118.843 Y121.29 E.20963
G1 X112.217 Y121.29 E.20775
G1 X113.715 Y120.2 F9000
;TYPE:Internal infill
;WIDTH:0.44
G1 F900
G1 X112.786 Y120.2 E.03067
G1 X112.059 Y118.941 E.048
G1 X118.941 Y112.059 E.32134
G1 X118.214 Y110.8 E.048
G1 X116.415 Y110.8 E.0594
G1 X120.67 Y115.054 E.19866
G1 X120.927 Y115.5 E.017
G1 X120.67 Y115.946 E.017
G1 X116.415 Y120.2 E.19866
G1 X114.585 Y120.2 E.06042
G1 X110.33 Y115.946 E.19866
G1 X110.073 Y115.5 E.017
G1 X110.33 Y115.054 E.017
G1 X114.585 Y110.8 E.19866
G1 X112.786 Y110.8 E.0594
G1 X112.059 Y112.059 E.048
G1 X118.941 Y118.941 E.32134
G1 X118.214 Y120.2 E.048
G1 X117.285 Y120.2 E.03067
;LAYER_CHANGE
;Z:2.6
;HEIGHT:0.2
;BEFORE_LAYER_CHANGE
G92 E0
;2.6


G1 E-3.5 F3600
;WIPE_START
G1 F7200
G1 X118.214 Y120.2 E-.44128
G1 X118.941 Y118.941 E-.69057
G1 X118.393 Y118.393 E-.36815
;WIPE_END
G1 Z2.6 F9000
;AFTER_LAYER_CHANGE
;2.6
G1 X118.19 Y120.506
G1 E5 F2400
;TYPE:Perimeter
;WIDTH:0.439999
G1 F900
G1 X112.41 Y120.506 E.19084
G1 X109.52 Y115.5 E.19085
G1 X112.41 Y110.494 E.19085
G1 X118.19 Y110.494 E.19084
G1 X121.08 Y115.5 E.19085
G1 X118.22 Y120.454 E.18887
G1 X118.419 Y120.903 F9000
G1 F900
G1 X112.181 Y120.903 E.20596
G1 X109.061 Y115.5 E.206
G1 X112.181 Y110.097 E.206
G1 X118.419 Y110.097 E.20596
G1 X121.539 Y115.5 E.206
G1 X118.449 Y120.851 E.20402
G1 X118.643 Y121.29 F9000
;TYPE:External perimeter
;WIDTH:0.419999
G1 F900
G1 X111.957 Y121.29 E.20963
G1 X108.614 Y115.5 E.20963
G1 X111.957 Y109.71 E.20963
G1 X118.643 Y109.71 E.20963
G1 X121.986 Y115.5 E.20963
G1 X118.673 Y121.238 E.20775
G1 X117.232 Y120.2 F9000
;TYPE:Internal infill
;WIDTH:0.44
G1 F900
G1 X118.014 Y120.2 E.02582
G1 X118.814 Y118.814 E.05284
G1 X111.933 Y111.933 E.3213
G1 X112.586 Y110.8 E.04318
G1 X113.661 Y110.8 E.03549
G1 E-3.5 F3600
;WIPE_START
G1 F7200
G1 X112.586 Y110.8 E-.51063
G1 X111.933 Y111.933 E-.62116
G1 X112.481 Y112.481 E-.36821
;WIPE_END
G1 X117.232 Y110.8 F9000
G1 E5 F2400
G1 F900
G1 X118.014 Y110.8 E.02582
G1 X118.814 Y112.186 E.05284
G1 X111.932 Y119.067 E.32132
G1 X112.586 Y120.2 E.04319
G1 X113.661 Y120.2 E.03549
G1 E-3.5 F3600
;WIPE_START
G1 F7200
G1 X112.586 Y120.2 E-.51063
G1 X111.932 Y119.067 E-.6214
G1 X112.48 Y118.519 E-.36797
;WIPE_END
G1 X120.003 Y116.754 F9000
G1 E5 F2400
G1 F900
G1 X120.197 Y116.419 E.01278
G1 X116.415 Y120.2 E.17657
G1 X114.585 Y120.2 E.06042
G1 X109.873 Y115.5 E.21974
G1 X114.585 Y110.8 E.21974
G1 X116.415 Y110.8 E.06042
G1 X120.197 Y114.581 E.17657
G1 X120.727 Y115.5 E.03503
G1 X120.296 Y116.247 E.02847
;LAYER_CHANGE
;Z:2.8
;HEIGHT:0.2
;BEFORE_LAYER_CHANGE
G92 E0
;2.8


G1 E-3.5 F3600
;WIPE_START
G1 F7200
G1 X120.727 Y115.5 E-.40965
G1 X120.197 Y114.581 E-.50392
G1 X119.324 Y113.708 E-.58643
;WIPE_END
G1 Z2.8 F9000
;AFTER_LAYER_CHANGE
;2.8
G1 X121.28 Y115.5
G1 E5 F2400
;TYPE:Perimeter
;WIDTH:0.439999
G1 F900
G1 X118.39 Y120.506 E.19085
G1 X112.61 Y120.506 E.19084
G1 X109.72 Y115.5 E.19085
G1 X112.61 Y110.494 E.19085
G1 X118.39 Y110.494 E.19084
G1 X121.25 Y115.448 E.18887
G1 X121.739 Y115.5 F9000
G1 F900
G1 X118.619 Y120.903 E.206
G1 X112.381 Y120.903 E.20596
G1 X109.261 Y115.5 E.206
G1 X112.381 Y110.097 E.206
G1 X118.619 Y110.097 E.20596
G1 X121.709 Y115.448 E.20402
G1 X122.186 Y115.5 F9000
;TYPE:External perimeter
;WIDTH:0.419999
G1 F900
G1 X118.843 Y121.29 E.20963
G1 X112.157 Y121.29 E.20963
G1 X108.814 Y115.5 E.20963
G1 X112.157 Y109.71 E.20963
G1 X118.843 Y109.71 E.20963
G1 X122.156 Y115.448 E.20775
G1 E-3.5 F3600
;WIPE_START
G1 F7200
G1 X122.186 Y115.5 E-.02852
G1 X120.637 Y118.183 E-1.47148
;WIPE_END
G1 X117.285 Y120.2 F9000
G1 E5 F2400
;TYPE:Internal infill
;WIDTH:0.44
G1 F900
G1 X118.214 Y120.2 E.03067
G1 X118.941 Y118.941 E.048
G1 X112.059 Y112.059 E.32134
G1 X112.786 Y110.8 E.048
G1 X114.585 Y110.8 E.0594
G1 X110.33 Y115.054 E.19866
G1 X110.073 Y115.5 E.017
G1 X110.33 Y115.946 E.017
G1 X114.585 Y120.2 E.19866
G1 X116.415 Y120.2 E.06042
G1 X120.67 Y115.946 E.19866
G1 X120.927 Y115.5 E.017
G1 X120.67 Y115.054 E.017
G1 X116.415 Y110.8 E.19866
G1 X118.214 Y110.8 E.0594
G1 X118.941 Y112.059 E.048
G1 X112.059 Y118.941 E.32134
G1 X112.786 Y120.2 E.048
G1 X113.715 Y120.2 E.03067
;LAYER_CHANGE
;Z:3
;HEIGHT:0.2
;BEFORE_LAYER_CHANGE
G92 E0
;3


G1 E-3.5 F3600
;WIPE_START
G1 F7200
G1 X112.786 Y120.2 E-.44128
G1 X112.059 Y118.941 E-.69057
G1 X112.607 Y118.393 E-.36815
;WIPE_END
G1 Z3 F9000
;AFTER_LAYER_CHANGE
;3
G1 X112.61 Y120.506
G1 E5 F2400
;TYPE:Perimeter
;WIDTH:0.439999
G1 F900
G1 X109.72 Y115.5 E.19085
G1 X112.61 Y110.494 E.19085
G1 X118.39 Y110.494 E.19084
G1 X121.28 Y115.5 E.19085
G1 X118.39 Y120.506 E.19085
G1 X112.67 Y120.506 E.18886
G1 X112.381 Y120.903 F9000
G1 F900
G1 X109.261 Y115.5 E.206
G1 X112.381 Y110.097 E.206
G1 X118.619 Y110.097 E.20596
G1 X121.739 Y115.5 E.206
G1 X118.619 Y120.903 E.206
G1 X112.441 Y120.903 E.20398
G1 X112.157 Y121.29 F9000
;TYPE:External perimeter
;WIDTH:0.419999
G1 F900
G1 X108.814 Y115.5 E.20963
G1 X112.157 Y109.71 E.20963
G1 X118.843 Y109.71 E.20963
G1 X122.186 Y115.5 E.20963
G1 X118.843 Y121.29 E.20963
G1 X112.217 Y121.29 E.20775
G1 X113.715 Y120.2 F9000
;TYPE:Internal infill
;WIDTH:0.44
G1 F900
G1 X112.786 Y120.2 E.03067
G1 X112.059 Y118.941 E.048
G1 X118.941 Y112.059 E.32134
G1 X118.214 Y110.8 E.048
G1 X116.415 Y110.8 E.0594
G1 X120.67 Y115.054 E.19866
G1 X120.927 Y115.5 E.017
G1 X120.67 Y115.946 E.017
G1 X116.415 Y120.2 E.19866
G1 X114.585 Y120.2 E.06042
G1 X110.33 Y115.946 E.19866
G1 X110.073 Y115.5 E.017
G1 X110.33 Y115.054 E.017
G1 X114.585 Y110.8 E.19866
G1 X112.786 Y110.8 E.0594
G1 X112.059 Y112.059 E.048
G1 X118.941 Y118.941 E.32134
G1 X118.214 Y120.2 E.048
G1 X117.285 Y120.2 E.03067
;LAYER_CHANGE
;Z:3.2
;HEIGHT:0.2
;BEFORE_LAYER_CHANGE
G92 E0
;3.2


G1 E-3.5 F3600
;WIPE_START
G1 F7200
G1 X118.214 Y120.2 E-.44128
G1 X118.941 Y118.941 E-.69057
G1 X118.393 Y118.393 E-.36815
;WIPE_END
G1 Z3.2 F9000
;AFTER_LAYER_CHANGE
;3.2
G1 X118.39 Y120.506
G1 E5 F2400
;TYPE:Perimeter
;WIDTH:0.439999
G1 F900
G1 X112.61 Y120.506 E.19084
G1 X109.72 Y115.5 E.19085
G1 X112.61 Y110.494 E.19085
G1 X118.39 Y110.494 E.19084
G1 X121.28 Y115.5 E.19085
G1 X118.42 Y120.454 E.18887
G1 X118.619 Y120.903 F9000
G1 F900
G1 X112.381 Y120.903 E.20596
G1 X109.261 Y115.5 E.206
G1 X112.381 Y110.097 E.206
G1 X118.619 Y110.097 E.20596
G1 X121.739 Y115.5 E.206
G1 X118.649 Y120.851 E.20402
G1 X118.843 Y121.29 F9000
;TYPE:External perimeter
;WIDTH:0.419999
G1 F900
G1 X112.157 Y121.29 E.20963
G1 X108.814 Y115.5 E.20963
G1 X112.157 Y109.71 E.20963
G1 X118.843 Y109.71 E.20963
G1 X122.186 Y115.5 E.20963
G1 X118.873 Y121.238 E.20775
G1 X117.285 Y120.2 F9000
;TYPE:Internal infill
;WIDTH:0.44
G1 F900
G1 X118.214 Y120.2 E.03067
G1 X118.941 Y118.941 E.048
G1 X112.059 Y112.059 E.32134
G1 X112.786 Y110.8 E.048
G1 X114.585 Y110.8 E.0594
G1 X110.33 Y115.054 E.19866
G1 X110.073 Y115.5 E.017
G1 X110.33 Y115.946 E.017
G1 X114.585 Y120.2 E.19866
G1 X116.415 Y120.2 E.06042
G1 X120.67 Y115.946 E.19866
G1 X120.927 Y115.5 E.017
G1 X120.67 Y115.054 E.017
G1 X116.415 Y110.8 E.19866
G1 X118.214 Y110.8 E.0594
G1 X118.941 Y112.059 E.048
G1 X112.059 Y118.941 E.32134
G1 X112.786 Y120.2 E.048
G1 X113.715 Y120.2 E.03067
;LAYER_CHANGE
;Z:3.4
;HEIGHT:0.2
;BEFORE_LAYER_CHANGE
G92 E0
;3.4


G1 E-3.5 F3600
;WIPE_START
G1 F7200
G1 X112.786 Y120.2 E-.44128
G1 X112.059 Y118.941 E-.69057
G1 X112.607 Y118.393 E-.36815
;WIPE_END
G1 Z3.4 F9000
;AFTER_LAYER_CHANGE
;3.4
G1 X112.81 Y120.506
G1 E5 F2400
;TYPE:Perimeter
;WIDTH:0.439999
G1 F900
G1 X109.92 Y115.5 E.19085
G1 X112.81 Y110.494 E.19085
G1 X118.59 Y110.494 E.19084
G1 X121.48 Y115.5 E.19085
G1 X118.59 Y120.506 E.19085
G1 X112.87 Y120.506 E.18886
G1 X112.581 Y120.903 F9000
G1 F900
G1 X109.461 Y115.5 E.206
G1 X112.581 Y110.097 E.206
G1 X118.819 Y110.097 E.20596
G1 X121.939 Y115.5 E.206
G1 X118.819 Y120.903 E.206
G1 X112.641 Y120.903 E.20398
G1 X112.357 Y121.29 F9000
;TYPE:External perimeter
;WIDTH:0.419999
G1 F900
G1 X109.014 Y115.5 E.20963
G1 X112.357 Y109.71 E.20963
G1 X119.043 Y109.71 E.20963
G1 X122.386 Y115.5 E.20963
G1 X119.043 Y121.29 E.20963
G1 X112.417 Y121.29 E.20775
G1 X113.768 Y120.2 F9000
;TYPE:Internal infill
;WIDTH:0.44
G1 F900
G1 X112.986 Y120.2 E.02582
G1 X112.186 Y118.814 E.05284
G1 X119.068 Y111.933 E.32132
G1 X118.414 Y110.8 E.04319
G1 X117.339 Y110.8 E.03549
G1 E-3.5 F3600
;WIPE_START
G1 F7200
G1 X118.414 Y110.8 E-.51063
G1 X119.068 Y111.933 E-.6214
G1 X118.52 Y112.481 E-.36797
;WIPE_END
G1 X113.768 Y110.8 F9000
G1 E5 F2400
G1 F900
G1 X112.986 Y110.8 E.02582
G1 X112.186 Y112.186 E.05284
G1 X119.068 Y119.068 E.32134
G1 X118.414 Y120.2 E.04316
G1 X117.339 Y120.2 E.03549
G1 E-3.5 F3600
;WIPE_START
G1 F7200
G1 X118.414 Y120.2 E-.51063
G1 X119.068 Y119.068 E-.62099
G1 X118.52 Y118.52 E-.36838
;WIPE_END
G1 X110.704 Y114.753 F9000
G1 E5 F2400
G1 F900
G1 X110.273 Y115.5 E.02847
G1 X110.803 Y116.419 E.03503
G1 X114.585 Y120.2 E.17657
G1 X116.415 Y120.2 E.06042
G1 X121.127 Y115.5 E.21974
G1 X116.415 Y110.8 E.21974
G1 X114.585 Y110.8 E.06042
G1 X110.803 Y114.581 E.17657
G1 X110.997 Y114.246 E.01278
;LAYER_CHANGE
;Z:3.6
;HEIGHT:0.2
;BEFORE_LAYER_CHANGE
G92 E0
;3.6


G1 E-3.5 F3600
;WIPE_START
G1 F7200
G1 X110.803 Y114.581 E-.18388
G1 X112.762 Y112.622 E-1.31612
;WIPE_END
G1 Z3.6 F9000
;AFTER_LAYER_CHANGE
;3.6
G1 X109.72 Y115.5
G1 E5 F2400
;TYPE:Perimeter
;WIDTH:0.439999
G1 F900
G1 X112.61 Y110.494 E.19085
G1 X118.39 Y110.494 E.19084
G1 X121.28 Y115.5 E.19085
G1 X118.39 Y120.506 E.19085
G1 X112.61 Y120.506 E.19084
G1 X109.75 Y115.552 E.18887
G1 X109.261 Y115.5 F9000
G1 F900
G1 X112.381 Y110.097 E.206
G1 X118.619 Y110.097 E.20596
G1 X121.739 Y115.5 E.206
G1 X118.619 Y120.903 E.206
G1 X112.381 Y120.903 E.20596
G1 X109.291 Y115.552 E.20402
G1 X108.814 Y115.5 F9000
;TYPE:External perimeter
;WIDTH:0.419999
G1 F900
G1 X112.157 Y109.71 E.20963
G1 X118.843 Y109.71 E.20963
G1 X122.186 Y115.5 E.20963
G1 X118.843 Y121.29 E.20963
G1 X112.157 Y121.29 E.20963
G1 X108.844 Y115.552 E.20775
G1 E-3.5 F3600
;WIPE_START
G1 F7200
G1 X108.814 Y115.5 E-.02852
G1 X110.363 Y112.817 E-1.47148
;WIPE_END
G1 X113.715 Y120.2 F9000
G1 E5 F2400
;TYPE:Internal infill
;WIDTH:0.44
G1 F900
G1 X112.786 Y120.2 E.03067
G1 X112.059 Y118.941 E.048
G1 X118.941 Y112.059 E.32134
G1 X118.214 Y110.8 E.048
G1 X116.415 Y110.8 E.0594
G1 X120.67 Y115.054 E.19866
G1 X120.927 Y115.5 E.017
G1 X120.67 Y115.946 E.017
G1 X116.415 Y120.2 E.19866
G1 X114.585 Y120.2 E.06042
G1 X110.33 Y115.946 E.19866
G1 X110.073 Y115.5 E.017
G1 X110.33 Y115.054 E.017
G1 X114.585 Y110.8 E.19866
G1 X112.786 Y110.8 E.0594
G1 X112.059 Y112.059 E.048
G1 X118.941 Y118.941 E.32134
G1 X118.214 Y120.2 E.048
G1 X117.285 Y120.2 E.03067
;LAYER_CHANGE
;Z:3.8
;HEIGHT:0.2
;BEFORE_LAYER_CHANGE
G92 E0
;3.8


G1 E-3.5 F3600
;WIPE_START
G1 F7200
G1 X118.214 Y120.2 E-.44128
G1 X118.941 Y118.941 E-.69057
G1 X118.393 Y118.393 E-.36815
;WIPE_END
G1 Z3.8 F9000
;AFTER_LAYER_CHANGE
;3.8
G1 X118.39 Y120.506
G1 E5 F2400
;TYPE:Perimeter
;WIDTH:0.439999
G1 F900
G1 X112.61 Y120.506 E.19084
G1 X109.72 Y115.5 E.19085
G1 X112.61 Y110.494 E.19085
G1 X118.39 Y110.494 E.19084
G1 X121.28 Y115.5 E.19085
G1 X118.42 Y120.454 E.18887
G1 X118.619 Y120.903 F9000
G1 F900
G1 X112.381 Y120.903 E.20596
G1 X109.261 Y115.5 E.206
G1 X112.381 Y110.097 E.206
G1 X118.619 Y110.097 E.20596
G1 X121.739 Y115.5 E.206
G1 X118.649 Y120.851 E.20402
G1 X118.843 Y121.29 F9000
;TYPE:External perimeter
;WIDTH:0.419999
G1 F900
G1 X112.157 Y121.29 E.20963
G1 X108.814 Y115.5 E.20963
G1 X112.157 Y109.71 E.20963
G1 X118.843 Y109.71 E.20963
G1 X122.186 Y115.5 E.20963
G1 X118.873 Y121.238 E.20775
G1 X117.285 Y120.2 F9000
;TYPE:Internal infill
;WIDTH:0.44
G1 F900
G1 X118.214 Y120.2 E.03067
G1 X118.941 Y118.941 E.048
G1 X112.059 Y112.059 E.32134
G1 X112.786 Y110.8 E.048
G1 X114.585 Y110.8 E.0594
G1 X110.33 Y115.054 E.19866
G1 X110.073 Y115.5 E.017
G1 X110.33 Y115.946 E.017
G1 X114.585 Y120.2 E.19866
G1 X116.415 Y120.2 E.06042
G1 X120.67 Y115.946 E.19866
G1 X120.927 Y115.5 E.017
G1 X120.67 Y115.054 E.017
G1 X116.415 Y110.8 E.19866
G1 X118.214 Y110.8 E.0594
G1 X118.941 Y112.059 E.048
G1 X112.059 Y118.941 E.32134
G1 X112.786 Y120.2 E.048
G1 X113.715 Y120.2 E.03067
;LAYER_CHANGE
;Z:4
;HEIGHT:0.2
;BEFORE_LAYER_CHANGE
G92 E0
;4


G1 E-3.5 F3600
;WIPE_START
G1 F7200
G1 X112.786 Y120.2 E-.44128
G1 X112.059 Y118.941 E-.69057
G1 X112.607 Y118.393 E-.36815
;WIPE_END
G1 Z4 F9000
;AFTER_LAYER_CHANGE
;4
G1 X112.61 Y120.506
G1 E5 F2400
;TYPE:Perimeter
;WIDTH:0.439999
G1 F900
G1 X109.72 Y115.5 E.19085
G1 X112.61 Y110.494 E.19085
G1 X118.39 Y110.494 E.19084
G1 X121.28 Y115.5 E.19085
G1 X118.39 Y120.506 E.19085
G1 X112.67 Y120.506 E.18886
G1 X112.381 Y120.903 F9000
G1 F900
G1 X109.261 Y115.5 E.206
G1 X112.381 Y110.097 E.206
G1 X118.619 Y110.097 E.20596
G1 X121.739 Y115.5 E.206
G1 X118.619 Y120.903 E.206
G1 X112.441 Y120.903 E.20398
G1 X112.157 Y121.29 F9000
;TYPE:External perimeter
;WIDTH:0.419999
G1 F900
G1 X108.814 Y115.5 E.20963
G1 X112.157 Y109.71 E.20963
G1 X118.843 Y109.71 E.20963
G1 X122.186 Y115.5 E.20963
G1 X118.843 Y121.29 E.20963
G1 X112.217 Y121.29 E.20775
G1 X113.715 Y120.2 F9000
;TYPE:Internal infill
;WIDTH:0.44
G1 F900
G1 X112.786 Y120.2 E.03067
G1 X112.059 Y118.941 E.048
G1 X118.941 Y112.059 E.32134
G1 X118.214 Y110.8 E.048
G1 X116.415 Y110.8 E.0594
G1 X120.67 Y115.054 E.19866
G1 X120.927 Y115.5 E.017
G1 X120.67 Y115.946 E.017
G1 X116.415 Y120.2 E.19866
G1 X114.585 Y120.2 E.06042
G1 X110.33 Y115.946 E.19866
G1 X110.073 Y115.5 E.017
G1 X110.33 Y115.054 E.017
G1 X114.585 Y110.8 E.19866
G1 X112.786 Y110.8 E.0594
G1 X112.059 Y112.059 E.048
G1 X118.941 Y118.941 E.32134
G1 X118.214 Y120.2 E.048
G1 X117.285 Y120.2 E.03067
;LAYER_CHANGE
;Z:4.2
;HEIGHT:0.2
;BEFORE_LAYER_CHANGE
G92 E0
;4.2


G1 E-3.5 F3600
;WIPE_START
G1 F7200
G1 X118.214 Y120.2 E-.44128
G1 X118.941 Y118.941 E-.69057
G1 X118.393 Y118.393 E-.36815
;WIPE_END
G1 Z4.2 F9000
;AFTER_LAYER_CHANGE
;4.2
G1 X118.39 Y120.506
G1 E5 F2400
;TYPE:Perimeter
;WIDTH:0.439999
G1 F900
G1 X112.61 Y120.506 E.19084
G1 X109.72 Y115.5 E.19085
G1 X112.61 Y110.494 E.19085
G1 X118.39 Y110.494 E.19084
G1 X121.28 Y115.5 E.19085
G1 X118.42 Y120.454 E.18887
G1 X118.619 Y120.903 F9000
G1 F900
G1 X112.381 Y120.903 E.20596
G1 X109.261 Y115.5 E.206
G1 X112.381 Y110.097 E.206
G1 X118.619 Y110.097 E.20596
G1 X121.739 Y115.5 E.206
G1 X118.649 Y120.851 E.20402
G1 X118.843 Y121.29 F9000
;TYPE:External perimeter
;WIDTH:0.419999
G1 F900
G1 X112.157 Y121.29 E.20963
G1 X108.814 Y115.5 E.20963
G1 X112.157 Y109.71 E.20963
G1 X118.843 Y109.71 E.20963
G1 X122.186 Y115.5 E.20963
G1 X118.873 Y121.238 E.20775
G1 X117.285 Y120.2 F9000
;TYPE:Internal infill
;WIDTH:0.44
G1 F900
G1 X118.214 Y120.2 E.03067
G1 X118.941 Y118.941 E.048
G1 X112.059 Y112.059 E.32134
G1 X112.786 Y110.8 E.048
G1 X114.585 Y110.8 E.0594
G1 X110.33 Y115.054 E.19866
G1 X110.073 Y115.5 E.017
G1 X110.33 Y115.946 E.017
G1 X114.585 Y120.2 E.19866
G1 X116.415 Y120.2 E.06042
G1 X120.67 Y115.946 E.19866
G1 X120.927 Y115.5 E.017
G1 X120.67 Y115.054 E.017
G1 X116.415 Y110.8 E.19866
G1 X118.214 Y110.8 E.0594
G1 X118.941 Y112.059 E.048
G1 X112.059 Y118.941 E.32134
G1 X112.786 Y120.2 E.048
G1 X113.715 Y120.2 E.03067
;LAYER_CHANGE
;Z:4.4
;HEIGHT:0.2
;BEFORE_LAYER_CHANGE
G92 E0
;4.4


G1 E-3.5 F3600
;WIPE_START
G1 F7200
G1 X112.786 Y120.2 E-.44128
G1 X112.059 Y118.941 E-.69057
G1 X112.607 Y118.393 E-.36815
;WIPE_END
G1 Z4.4 F9000
;AFTER_LAYER_CHANGE
;4.4
G1 X112.41 Y120.506
G1 E5 F2400
;TYPE:Perimeter
;WIDTH:0.439999
G1 F900
G1 X109.52 Y115.5 E.19085
G1 X112.41 Y110.494 E.19085
G1 X118.19 Y110.494 E.19084
G1 X121.08 Y115.5 E.19085
G1 X118.19 Y120.506 E.19085
G1 X112.47 Y120.506 E.18886
G1 X112.181 Y120.903 F9000
G1 F900
G1 X109.061 Y115.5 E.206
G1 X112.181 Y110.097 E.206
G1 X118.419 Y110.097 E.20596
G1 X121.539 Y115.5 E.206
G1 X118.419 Y120.903 E.206
G1 X112.241 Y120.903 E.20398
G1 X111.957 Y121.29 F9000
;TYPE:External perimeter
;WIDTH:0.419999
G1 F900
G1 X108.614 Y115.5 E.20963
G1 X111.957 Y109.71 E.20963
G1 X118.643 Y109.71 E.20963
G1 X121.986 Y115.5 E.20963
G1 X118.643 Y121.29 E.20963
G1 X112.017 Y121.29 E.20775
G1 X113.661 Y120.2 F9000
;TYPE:Internal infill
;WIDTH:0.44
G1 F900
G1 X112.586 Y120.2 E.03549
G1 X111.932 Y119.067 E.04319
G1 X118.814 Y112.186 E.32132
G1 X118.014 Y110.8 E.05284
G1 X117.232 Y110.8 E.02582
G1 E-3.5 F3600
;WIPE_START
G1 F7200
G1 X118.014 Y110.8 E-.37145
G1 X118.814 Y112.186 E-.76015
G1 X118.266 Y112.734 E-.3684
;WIPE_END
G1 X113.661 Y110.8 F9000
G1 E5 F2400
G1 F900
G1 X112.586 Y110.8 E.03549
G1 X111.933 Y111.933 E.04318
G1 X118.814 Y118.814 E.3213
G1 X118.014 Y120.2 E.05284
G1 X117.232 Y120.2 E.02582
G1 E-3.5 F3600
;WIPE_START
G1 F7200
G1 X118.014 Y120.2 E-.37145
G1 X118.814 Y118.814 E-.76015
G1 X118.266 Y118.266 E-.3684
;WIPE_END
G1 X120.003 Y116.754 F9000
G1 E5 F2400
G1 F900
G1 X120.197 Y116.419 E.01278
G1 X116.415 Y120.2 E.17657
G1 X114.585 Y120.2 E.06042
G1 X109.873 Y115.5 E.21974
G1 X114.585 Y110.8 E.21974
G1 X116.415 Y110.8 E.06042
G1 X120.197 Y114.581 E.17657
G1 X120.727 Y115.5 E.03503
G1 X120.296 Y116.247 E.02847
;LAYER_CHANGE
;Z:4.6
;HEIGHT:0.2
;BEFORE_LAYER_CHANGE
G92 E0
;4.6


G1 E-3.5 F3600
;WIPE_START
G1 F7200
G1 X120.727 Y115.5 E-.40965
G1 X120.197 Y114.581 E-.50392
G1 X119.324 Y113.708 E-.58643
;WIPE_END
G1 Z4.6 F9000
;AFTER_LAYER_CHANGE
;4.6
G1 X121.28 Y115.5
G1 E5 F2400
;TYPE:Perimeter
;WIDTH:0.439999
G1 F900
G1 X118.39 Y120.506 E.19085
G1 X112.61 Y120.506 E.19084
G1 X109.72 Y115.5 E.19085
G1 X112.61 Y110.494 E.19085
G1 X118.39 Y110.494 E.19084
G1 X121.25 Y115.448 E.18887
G1 X121.739 Y115.5 F9000
G1 F900
G1 X118.619 Y120.903 E.206
G1 X112.381 Y120.903 E.20596
G1 X109.261 Y115.5 E.206
G1 X112.381 Y110.097 E.206
G1 X118.619 Y110.097 E.20596
G1 X121.709 Y115.448 E.20402
G1 X122.186 Y115.5 F9000
;TYPE:External perimeter
;WIDTH:0.419999
G1 F900
G1 X118.843 Y121.29 E.20963
G1 X112.157 Y121.29 E.20963
G1 X108.814 Y115.5 E.20963
G1 X112.157 Y109.71 E.20963
G1 X118.843 Y109.71 E.20963
G1 X122.156 Y115.448 E.20775
G1 E-3.5 F3600
;WIPE_START
G1 F7200
G1 X122.186 Y115.5 E-.02852
G1 X120.637 Y118.183 E-1.47148
;WIPE_END
G1 X117.285 Y120.2 F9000
G1 E5 F2400
;TYPE:Internal infill
;WIDTH:0.44
G1 F900
G1 X118.214 Y120.2 E.03067
G1 X118.941 Y118.941 E.048
G1 X112.059 Y112.059 E.32134
G1 X112.786 Y110.8 E.048
G1 X114.585 Y110.8 E.0594
G1 X110.33 Y115.054 E.19866
G1 X110.073 Y115.5 E.017
G1 X110.33 Y115.946 E.017
G1 X114.585 Y120.2 E.19866
G1 X116.415 Y120.2 E.06042
G1 X120.67 Y115.946 E.19866
G1 X120.927 Y115.5 E.017
G1 X120.67 Y115.054 E.017
G1 X116.415 Y110.8 E.19866
G1 X118.214 Y110.8 E.0594
G1 X118.941 Y112.059 E.048
G1 X112.059 Y118.941 E.32134
G1 X112.786 Y120.2 E.048
G1 X113.715 Y120.2 E.03067
;LAYER_CHANGE
;Z:4.8
;HEIGHT:0.2
;BEFORE_LAYER_CHANGE
G92 E0
;4.8


G1 E-3.5 F3600
;WIPE_START
G1 F7200
G1 X112.786 Y120.2 E-.44128
G1 X112.059 Y118.941 E-.69057
G1 X112.607 Y118.393 E-.36815
;WIPE_END
G1 Z4.8 F9000
;AFTER_LAYER_CHANGE
;4.8
G1 X112.61 Y120.506
G1 E5 F2400
;TYPE:Perimeter
;WIDTH:0.439999
G1 F900
G1 X109.72 Y115.5 E.19085
G1 X112.61 Y110.494 E.19085
G1 X118.39 Y110.494 E.19084
G1 X121.28 Y115.5 E.19085
G1 X118.39 Y120.506 E.19085
G1 X112.67 Y120.506 E.18886
G1 X112.381 Y120.903 F9000
G1 F900
G1 X109.261 Y115.5 E.206
G1 X112.381 Y110.097 E.206
G1 X118.619 Y110.097 E.20596
G1 X121.739 Y115.5 E.206
G1 X118.619 Y120.903 E.206
G1 X112.441 Y120.903 E.20398
G1 X112.157 Y121.29 F9000
;TYPE:External perimeter
;WIDTH:0.419999
G1 F900
G1 X108.814 Y115.5 E.20963
G1 X112.157 Y109.71 E.20963
G1 X118.843 Y109.71 E.20963
G1 X122.186 Y115.5 E.20963
G1 X118.843 Y121.29 E.20963
G1 X112.217 Y121.29 E.20775
G1 X113.715 Y120.2 F9000
;TYPE:Internal infill
;WIDTH:0.44
G1 F900
G1 X112.786 Y120.2 E.03067
G1 X112.059 Y118.941 E.048
G1 X118.941 Y112.059 E.32134
G1 X118.214 Y110.8 E.048
G1 X116.415 Y110.8 E.0594
G1 X120.67 Y115.054 E.19866
G1 X120.927 Y115.5 E.017
G1 X120.67 Y115.946 E.017
G1 X116.415 Y120.2 E.19866
G1 X114.585 Y120.2 E.06042
G1 X110.33 Y115.946 E.19866
G1 X110.073 Y115.5 E.017
G1 X110.33 Y115.054 E.017
G1 X114.585 Y110.8 E.19866
G1 X112.786 Y110.8 E.0594
G1 X112.059 Y112.059 E.048
G1 X118.941 Y118.941 E.32134
G1 X118.214 Y120.2 E.048
G1 X117.285 Y120.2 E.03067
;LAYER_CHANGE
;Z:5
;HEIGHT:0.2
;BEFORE_LAYER_CHANGE
G92 E0
;5


G1 E-3.5 F3600
;WIPE_START
G1 F7200
G1 X118.214 Y120.2 E-.44128
G1 X118.941 Y118.941 E-.69057
G1 X118.393 Y118.393 E-.36815
;WIPE_END
G1 Z5 F9000
;AFTER_LAYER_CHANGE
;5
G1 X118.19 Y120.506
G1 E5 F2400
;TYPE:Perimeter
;WIDTH:0.439999
G1 F900
G1 X112.41 Y120.506 E.19084
G1 X109.52 Y115.5 E.19085
G1 X112.41 Y110.494 E.19085
G1 X118.19 Y110.494 E.19084
G1 X121.08 Y115.5 E.19085
G1 X118.22 Y120.454 E.18887
G1 X118.419 Y120.903 F9000
G1 F900
G1 X112.181 Y120.903 E.20596
G1 X109.061 Y115.5 E.206
G1 X112.181 Y110.097 E.206
G1 X118.419 Y110.097 E.20596
G1 X121.539 Y115.5 E.206
G1 X118.449 Y120.851 E.20402
G1 X118.643 Y121.29 F9000
;TYPE:External perimeter
;WIDTH:0.419999
G1 F900
G1 X111.957 Y121.29 E.20963
G1 X108.614 Y115.5 E.20963
G1 X111.957 Y109.71 E.20963
G1 X118.643 Y109.71 E.20963
G1 X121.986 Y115.5 E.20963
G1 X118.673 Y121.238 E.20775
G1 X117.232 Y120.2 F9000
;TYPE:Internal infill
;WIDTH:0.44
G1 F900
G1 X118.014 Y120.2 E.02582
G1 X118.814 Y118.814 E.05284
G1 X112.247 Y112.247 E.30664
G1 X113.083 Y110.8 E.05518
G1 X113.794 Y110.8 E.02348
G1 E-3.5 F3600
;WIPE_START
G1 F7200
G1 X113.083 Y110.8 E-.33772
G1 X112.247 Y112.247 E-.79379
G1 X112.796 Y112.796 E-.36849
;WIPE_END
G1 X117.232 Y110.8 F9000
G1 E5 F2400
G1 F900
G1 X118.014 Y110.8 E.02582
G1 X118.814 Y112.186 E.05284
G1 X112.247 Y118.753 E.30664
G1 X113.083 Y120.2 E.05518
G1 X113.794 Y120.2 E.02348
G1 X112.596 Y120.184 F9000
;TYPE:Solid infill
;WIDTH:0.472718
G1 F900
G1 X109.98 Y115.652 E.18701
G1 X109.93 Y115.433 E.00803
G1 X112.596 Y110.816 E.19053
G1 E-3.5 F3600
;WIPE_START
G1 F7200
G1 X111.017 Y113.551 E-1.5
;WIPE_END
G1 X111.225 Y114.018 F9000
G1 E5 F2400
;TYPE:Internal infill
;WIDTH:0.44
G1 F900
G1 X111.031 Y114.353 E.01278
G1 X114.585 Y110.8 E.16593
G1 X116.415 Y110.8 E.06042
G1 X120.197 Y114.581 E.17657
G1 X120.727 Y115.5 E.03503
G1 X120.197 Y116.419 E.03503
G1 X116.415 Y120.2 E.17657
G1 X114.585 Y120.2 E.06042
G1 X111.031 Y116.647 E.16593
G1 X110.369 Y115.5 E.04373
G1 X110.898 Y114.583 E.03495
;LAYER_CHANGE
;Z:5.2
;HEIGHT:0.2
;BEFORE_LAYER_CHANGE
G92 E0
;5.2


G1 E-3.5 F3600
;WIPE_START
G1 F7200
G1 X110.369 Y115.5 E-.50286
G1 X111.031 Y116.647 E-.62906
G1 X111.579 Y117.195 E-.36808
;WIPE_END
G1 Z5.2 F9000
;AFTER_LAYER_CHANGE
;5.2
G1 X109.72 Y115.5
G1 E5 F2400
;TYPE:Perimeter
;WIDTH:0.439999
G1 F900
G1 X112.61 Y110.494 E.19085
G1 X118.39 Y110.494 E.19084
G1 X121.28 Y115.5 E.19085
G1 X118.39 Y120.506 E.19085
G1 X112.61 Y120.506 E.19084
G1 X109.75 Y115.552 E.18887
G1 X109.261 Y115.5 F9000
G1 F900
G1 X112.381 Y110.097 E.206
G1 X118.619 Y110.097 E.20596
G1 X121.739 Y115.5 E.206
G1 X118.619 Y120.903 E.206
G1 X112.381 Y120.903 E.20596
G1 X109.291 Y115.552 E.20402
G1 X108.814 Y115.5 F9000
;TYPE:External perimeter
;WIDTH:0.419999
G1 F900
G1 X112.157 Y109.71 E.20963
G1 X118.843 Y109.71 E.20963
G1 X122.186 Y115.5 E.20963
G1 X118.843 Y121.29 E.20963
G1 X112.157 Y121.29 E.20963
G1 X108.844 Y115.552 E.20775
G1 E-3.5 F3600
;WIPE_START
G1 F7200
G1 X108.814 Y115.5 E-.02852
G1 X110.363 Y112.817 E-1.47148
;WIPE_END
G1 X113.715 Y120.2 F9000
G1 E5 F2400
;TYPE:Internal infill
;WIDTH:0.44
G1 F900
G1 X112.786 Y120.2 E.03067
G1 X112.059 Y118.941 E.048
G1 X118.941 Y112.059 E.32134
G1 X118.214 Y110.8 E.048
G1 X116.415 Y110.8 E.0594
G1 X120.67 Y115.054 E.19866
G1 X120.927 Y115.5 E.017
G1 X120.67 Y115.946 E.017
G1 X116.415 Y120.2 E.19866
G1 X114.585 Y120.2 E.06042
G1 X110.33 Y115.946 E.19866
G1 X110.073 Y115.5 E.017
G1 X110.33 Y115.054 E.017
G1 X114.585 Y110.8 E.19866
G1 X112.786 Y110.8 E.0594
G1 X112.059 Y112.059 E.048
G1 X118.941 Y118.941 E.32134
G1 X118.214 Y120.2 E.048
G1 X117.285 Y120.2 E.03067
;LAYER_CHANGE
;Z:5.4
;HEIGHT:0.2
;BEFORE_LAYER_CHANGE
G92 E0
;5.4


G1 E-3.5 F3600
;WIPE_START
G1 F7200
G1 X118.214 Y120.2 E-.44128
G1 X118.941 Y118.941 E-.69057
G1 X118.393 Y118.393 E-.36815
;WIPE_END
G1 Z5.4 F9000
;AFTER_LAYER_CHANGE
;5.4
G1 X118.59 Y120.506
G1 E5 F2400
;TYPE:Perimeter
;WIDTH:0.439999
G1 F900
G1 X112.81 Y120.506 E.19084
G1 X109.92 Y115.5 E.19085
G1 X112.81 Y110.494 E.19085
G1 X118.59 Y110.494 E.19084
G1 X121.48 Y115.5 E.19085
G1 X118.62 Y120.454 E.18887
G1 X118.819 Y120.903 F9000
G1 F900
G1 X112.581 Y120.903 E.20596
G1 X109.461 Y115.5 E.206
G1 X112.581 Y110.097 E.206
G1 X118.819 Y110.097 E.20596
G1 X121.939 Y115.5 E.206
G1 X118.849 Y120.851 E.20402
G1 X119.043 Y121.29 F9000
;TYPE:External perimeter
;WIDTH:0.419999
G1 F900
G1 X112.357 Y121.29 E.20963
G1 X109.014 Y115.5 E.20963
G1 X112.357 Y109.71 E.20963
G1 X119.043 Y109.71 E.20963
G1 X122.386 Y115.5 E.20963
G1 X119.073 Y121.238 E.20775
G1 X118.404 Y120.184 F9000
;TYPE:Solid infill
;WIDTH:0.472718
G1 F900
G1 X121.02 Y115.652 E.18701
;WIDTH:0.500121
G1 X121.049 Y115.576 E.00309
;WIDTH:0.527524
G1 X121.077 Y115.5 E.00326
G1 X121.049 Y115.424 E.00326
;WIDTH:0.50012
G1 X121.02 Y115.348 E.00309
;WIDTH:0.472716
G1 X118.404 Y110.816 E.18701
G1 X117.206 Y110.8 F9000
;TYPE:Internal infill
;WIDTH:0.44
G1 F900
G1 X117.917 Y110.8 E.02348
G1 X118.753 Y112.247 E.05518
G1 X112.186 Y118.814 E.30664
G1 X112.986 Y120.2 E.05284
G1 X113.768 Y120.2 E.02582
G1 E-3.5 F3600
;WIPE_START
G1 F7200
G1 X112.986 Y120.2 E-.37145
G1 X112.186 Y118.814 E-.76015
G1 X112.734 Y118.266 E-.3684
;WIPE_END
G1 X117.206 Y120.2 F9000
G1 E5 F2400
G1 F900
G1 X117.917 Y120.2 E.02348
G1 X118.753 Y118.753 E.05518
G1 X112.186 Y112.186 E.30664
G1 X112.986 Y110.8 E.05284
G1 X113.768 Y110.8 E.02582
G1 E-3.5 F3600
;WIPE_START
G1 F7200
G1 X112.986 Y110.8 E-.37145
G1 X112.186 Y112.186 E-.76015
G1 X112.734 Y112.734 E-.3684
;WIPE_END
G1 X120.102 Y116.417 F9000
G1 E5 F2400
G1 F900
G1 X120.631 Y115.5 E.03495
G1 X119.969 Y114.353 E.04373
G1 X116.415 Y110.8 E.16593
G1 X114.585 Y110.8 E.06042
G1 X110.803 Y114.581 E.17657
G1 X110.273 Y115.5 E.03503
G1 X110.803 Y116.419 E.03503
G1 X114.585 Y120.2 E.17657
G1 X116.415 Y120.2 E.06042
G1 X119.969 Y116.647 E.16593
G1 X119.775 Y116.982 E.01278
;LAYER_CHANGE
;Z:5.6
;HEIGHT:0.2
;BEFORE_LAYER_CHANGE
G92 E0
;5.6


G1 E-3.5 F3600
;WIPE_START
G1 F7200
G1 X119.969 Y116.647 E-.18388
G1 X118.01 Y118.606 E-1.31612
;WIPE_END
G1 Z5.6 F9000
;AFTER_LAYER_CHANGE
;5.6
G1 X121.28 Y115.5
G1 E5 F2400
;TYPE:Perimeter
;WIDTH:0.439999
G1 F900
G1 X118.39 Y120.506 E.19085
G1 X112.61 Y120.506 E.19084
G1 X109.72 Y115.5 E.19085
G1 X112.61 Y110.494 E.19085
G1 X118.39 Y110.494 E.19084
G1 X121.25 Y115.448 E.18887
G1 X121.739 Y115.5 F9000
G1 F900
G1 X118.619 Y120.903 E.206
G1 X112.381 Y120.903 E.20596
G1 X109.261 Y115.5 E.206
G1 X112.381 Y110.097 E.206
G1 X118.619 Y110.097 E.20596
G1 X121.709 Y115.448 E.20402
G1 X122.186 Y115.5 F9000
;TYPE:External perimeter
;WIDTH:0.419999
G1 F900
G1 X118.843 Y121.29 E.20963
G1 X112.157 Y121.29 E.20963
G1 X108.814 Y115.5 E.20963
G1 X112.157 Y109.71 E.20963
G1 X118.843 Y109.71 E.20963
G1 X122.156 Y115.448 E.20775
G1 E-3.5 F3600
;WIPE_START
G1 F7200
G1 X122.186 Y115.5 E-.02852
G1 X120.637 Y118.183 E-1.47148
;WIPE_END
G1 X117.285 Y120.2 F9000
G1 E5 F2400
;TYPE:Internal infill
;WIDTH:0.44
G1 F900
G1 X118.214 Y120.2 E.03067
G1 X118.941 Y118.941 E.048
G1 X112.059 Y112.059 E.32134
G1 X112.786 Y110.8 E.048
G1 X114.585 Y110.8 E.0594
G1 X110.33 Y115.054 E.19866
G1 X110.073 Y115.5 E.017
G1 X110.33 Y115.946 E.017
G1 X114.585 Y120.2 E.19866
G1 X116.415 Y120.2 E.06042
G1 X120.67 Y115.946 E.19866
G1 X120.927 Y115.5 E.017
G1 X120.67 Y115.054 E.017
G1 X116.415 Y110.8 E.19866
G1 X118.214 Y110.8 E.0594
G1 X118.941 Y112.059 E.048
G1 X112.059 Y118.941 E.32134
G1 X112.786 Y120.2 E.048
G1 X113.715 Y120.2 E.03067
;LAYER_CHANGE
;Z:5.8
;HEIGHT:0.2
;BEFORE_LAYER_CHANGE
G92 E0
;5.8


G1 E-3.5 F3600
;WIPE_START
G1 F7200
G1 X112.786 Y120.2 E-.44128
G1 X112.059 Y118.941 E-.69057
G1 X112.607 Y118.393 E-.36815
;WIPE_END
G1 Z5.8 F9000
;AFTER_LAYER_CHANGE
;5.8
G1 X112.61 Y120.506
G1 E5 F2400
;TYPE:Perimeter
;WIDTH:0.439999
G1 F900
G1 X109.72 Y115.5 E.19085
G1 X112.609 Y110.495 E.19081
G1 X118.395 Y110.502 E.19104
G1 X121.28 Y115.5 E.19054
G1 X118.39 Y120.506 E.19085
G1 X112.67 Y120.506 E.18886
G1 X112.381 Y120.903 F9000
G1 F900
G1 X109.261 Y115.5 E.206
G1 X112.38 Y110.098 E.20595
G1 X118.624 Y110.105 E.20616
G1 X121.739 Y115.5 E.20569
G1 X118.619 Y120.903 E.206
G1 X112.441 Y120.903 E.20398
G1 X112.157 Y121.29 F9000
;TYPE:External perimeter
;WIDTH:0.419999
G1 F900
G1 X108.814 Y115.5 E.20963
G1 X112.157 Y109.71 E.20963
G1 X118.848 Y109.719 E.20979
G1 X122.186 Y115.5 E.20931
G1 X118.843 Y121.29 E.20963
G1 X112.217 Y121.29 E.20775
G1 X113.715 Y120.2 F9000
;TYPE:Internal infill
;WIDTH:0.44
G1 F900
G1 X112.786 Y120.2 E.03067
G1 X112.059 Y118.941 E.048
G1 X118.941 Y112.059 E.32134
G1 X118.218 Y110.808 E.04771
G1 X116.421 Y110.805 E.05933
G1 X120.67 Y115.054 E.1984
G1 X120.927 Y115.5 E.017
G1 X120.67 Y115.946 E.017
G1 X116.415 Y120.2 E.19866
G1 X114.585 Y120.2 E.06042
G1 X110.33 Y115.946 E.19866
G1 X110.073 Y115.5 E.017
G1 X110.33 Y115.054 E.017
G1 X114.581 Y110.803 E.19849
G1 X112.786 Y110.801 E.05927
G1 X112.059 Y112.059 E.04797
G1 X118.941 Y118.941 E.32134
G1 X118.214 Y120.2 E.048
G1 X117.285 Y120.2 E.03067
;LAYER_CHANGE
;Z:6
;HEIGHT:0.2
;BEFORE_LAYER_CHANGE
G92 E0
;6


G1 E-3.5 F3600
;WIPE_START
G1 F7200
G1 X118.214 Y120.2 E-.44128
G1 X118.941 Y118.941 E-.69057
G1 X118.393 Y118.393 E-.36815
;WIPE_END
G1 Z6 F9000
;AFTER_LAYER_CHANGE
;6
G1 X118.59 Y120.506
G1 E5 F2400
;TYPE:Perimeter
;WIDTH:0.439999
G1 F900
G1 X112.81 Y120.506 E.19084
G1 X109.92 Y115.5 E.19085
G1 X112.809 Y110.495 E.19081
G1 X118.595 Y110.502 E.19104
G1 X121.48 Y115.5 E.19054
G1 X118.62 Y120.454 E.18887
G1 X118.819 Y120.903 F9000
G1 F900
G1 X112.581 Y120.903 E.20596
G1 X109.461 Y115.5 E.206
G1 X112.58 Y110.098 E.20595
G1 X118.824 Y110.105 E.20616
G1 X121.939 Y115.5 E.20569
G1 X118.849 Y120.851 E.20402
G1 X119.043 Y121.29 F9000
;TYPE:External perimeter
;WIDTH:0.419999
G1 F900
G1 X112.357 Y121.29 E.20963
G1 X109.014 Y115.5 E.20963
G1 X112.357 Y109.71 E.20963
G1 X119.048 Y109.719 E.20979
G1 X122.386 Y115.5 E.20931
G1 X119.073 Y121.238 E.20775
G1 E-3.5 F3600
;WIPE_START
G1 F7200
G1 X119.043 Y121.29 E-.02852
G1 X115.945 Y121.29 E-1.47148
;WIPE_END
G1 X117.339 Y120.2 F9000
G1 E5 F2400
;TYPE:Internal infill
;WIDTH:0.44
G1 F900
G1 X118.414 Y120.2 E.03549
G1 X119.068 Y119.068 E.04316
G1 X112.186 Y112.186 E.32134
G1 X112.986 Y110.801 E.05281
G1 X113.769 Y110.802 E.02585
G1 E-3.5 F3600
;WIPE_START
G1 F7200
G1 X112.986 Y110.801 E-.37193
G1 X112.186 Y112.186 E-.75974
G1 X112.734 Y112.734 E-.36833
;WIPE_END
G1 X117.334 Y110.806 F9000
G1 E5 F2400
G1 F900
G1 X118.418 Y110.808 E.03579
G1 X119.068 Y111.933 E.0429
G1 X112.186 Y118.814 E.32132
G1 X112.986 Y120.2 E.05284
G1 X113.768 Y120.2 E.02582
G1 E-3.5 F3600
;WIPE_START
G1 F7200
G1 X112.986 Y120.2 E-.37145
G1 X112.186 Y118.814 E-.76015
G1 X112.734 Y118.266 E-.3684
;WIPE_END
G1 X110.704 Y114.753 F9000
G1 E5 F2400
G1 F900
G1 X110.273 Y115.5 E.02847
G1 X110.803 Y116.419 E.03503
G1 X114.585 Y120.2 E.17657
G1 X116.415 Y120.2 E.06042
G1 X121.127 Y115.5 E.21974
G1 X116.421 Y110.805 E.21948
G1 X114.582 Y110.803 E.06072
G1 X110.803 Y114.581 E.17643
G1 X110.997 Y114.246 E.01278
;LAYER_CHANGE
;Z:6.2
;HEIGHT:0.2
;BEFORE_LAYER_CHANGE
G92 E0
;6.2


G1 E-3.5 F3600
;WIPE_START
G1 F7200
G1 X110.803 Y114.581 E-.18388
G1 X112.762 Y112.622 E-1.31612
;WIPE_END
G1 Z6.2 F9000
;AFTER_LAYER_CHANGE
;6.2
G1 X109.813 Y115.662
G1 E5 F2400
;TYPE:Perimeter
;WIDTH:0.439999
G1 F900
G1 X109.72 Y115.5 E.00617
G1 X112.609 Y110.495 E.19081
G1 X118.397 Y110.505 E.1911
G1 X121.28 Y115.5 E.19042
G1 X118.39 Y120.506 E.19085
G1 X112.61 Y120.506 E.19084
G1 X109.843 Y115.714 E.1827
G1 X109.308 Y115.42 F9000
G1 F900
G1 X112.38 Y110.098 E.20289
G1 X118.626 Y110.109 E.20623
G1 X121.739 Y115.5 E.20554
G1 X118.619 Y120.903 E.206
G1 X112.381 Y120.903 E.20596
G1 X109.261 Y115.5 E.206
G1 X109.278 Y115.472 E.00108
G1 X108.816 Y115.503 F9000
;TYPE:External perimeter
;WIDTH:0.419999
G1 F900
G1 X108.814 Y115.5 E.00011
G1 X112.157 Y109.71 E.20963
G1 X118.85 Y109.722 E.20985
G1 X122.186 Y115.5 E.20919
G1 X118.843 Y121.29 E.20963
G1 X112.157 Y121.29 E.20963
G1 X108.846 Y115.555 E.20763
G1 E-3.5 F3600
;WIPE_START
G1 F7200
G1 X108.816 Y115.503 E-.02852
G1 X108.814 Y115.5 E-.00171
G1 X110.361 Y112.82 E-1.46977
;WIPE_END
G1 X113.715 Y120.2 F9000
G1 E5 F2400
;TYPE:Internal infill
;WIDTH:0.44
G1 F900
G1 X112.786 Y120.2 E.03067
G1 X112.059 Y118.941 E.048
G1 X118.941 Y112.059 E.32134
G1 X118.22 Y110.811 E.04759
G1 X116.423 Y110.808 E.05933
G1 X120.67 Y115.054 E.19828
G1 X120.927 Y115.5 E.017
G1 X120.67 Y115.946 E.017
G1 X116.415 Y120.2 E.19866
G1 X114.585 Y120.2 E.06042
G1 X110.33 Y115.946 E.19866
G1 X110.073 Y115.5 E.017
G1 X110.33 Y115.054 E.017
G1 X114.58 Y110.804 E.19845
G1 X112.786 Y110.801 E.05923
G1 X112.059 Y112.059 E.04797
G1 X118.941 Y118.941 E.32134
G1 X118.214 Y120.2 E.048
G1 X117.285 Y120.2 E.03067
;LAYER_CHANGE
;Z:6.4
;HEIGHT:0.2
;BEFORE_LAYER_CHANGE
G92 E0
;6.4


G1 E-3.5 F3600
;WIPE_START
G1 F7200
G1 X118.214 Y120.2 E-.44128
G1 X118.941 Y118.941 E-.69057
G1 X118.393 Y118.393 E-.36815
;WIPE_END
G1 Z6.4 F9000
;AFTER_LAYER_CHANGE
;6.4
G1 X118.224 Y120.496
G1 E5 F2400
;TYPE:Perimeter
;WIDTH:0.439999
G1 F900
G1 X118.208 Y120.506 E.00062
G1 X112.792 Y120.506 E.17882
G1 X112.519 Y120.348 E.01041
G1 X109.811 Y115.658 E.17881
G1 X109.811 Y115.342 E.01043
G1 X112.519 Y110.652 E.17881
G1 X112.792 Y110.494 E.01041
G1 X118.208 Y110.494 E.17882
G1 X118.481 Y110.652 E.01041
G1 X121.189 Y115.342 E.17881
G1 X121.189 Y115.658 E.01043
G1 X118.481 Y120.348 E.17881
G1 X118.276 Y120.466 E.00781
G1 X118.324 Y120.897 F9000
G1 F900
G1 X118.314 Y120.903 E.00039
G1 X112.686 Y120.903 E.18582
G1 X112.228 Y120.638 E.01747
G1 X109.414 Y115.765 E.18579
G1 X109.414 Y115.235 E.0175
G1 X112.228 Y110.362 E.18579
G1 X112.686 Y110.097 E.01747
G1 X118.314 Y110.097 E.18582
G1 X118.772 Y110.362 E.01747
G1 X121.586 Y115.235 E.18579
G1 X121.586 Y115.765 E.0175
G1 X118.772 Y120.638 E.18579
G1 X118.376 Y120.867 E.0151
G1 X118.421 Y121.288 F9000
;TYPE:External perimeter
;WIDTH:0.419999
G1 F900
G1 X118.418 Y121.29 E.00011
G1 X112.582 Y121.29 E.18298
G1 X111.945 Y120.922 E.02307
G1 X109.027 Y115.868 E.18298
G1 X109.027 Y115.132 E.02308
G1 X111.945 Y110.078 E.18298
G1 X112.582 Y109.71 E.02307
G1 X118.418 Y109.71 E.18298
G1 X119.055 Y110.078 E.02307
G1 X121.973 Y115.132 E.18298
G1 X121.973 Y115.868 E.02308
G1 X119.055 Y120.922 E.18298
G1 X118.473 Y121.258 E.02107
G1 X117.262 Y120.2 F9000
;TYPE:Internal infill
;WIDTH:0.44
G1 F900
G1 X118.126 Y120.2 E.02853
G1 X118.258 Y120.124 E.00503
G1 X118.941 Y118.941 E.0451
G1 X112.059 Y112.059 E.32134
G1 X112.742 Y110.876 E.0451
G1 X112.874 Y110.8 E.00503
G1 X114.585 Y110.8 E.05649
G1 X110.33 Y115.054 E.19866
G1 X110.117 Y115.424 E.0141
G1 X110.117 Y115.576 E.00502
G1 X110.33 Y115.946 E.0141
G1 X114.585 Y120.2 E.19866
G1 X116.415 Y120.2 E.06042
G1 X120.67 Y115.946 E.19866
G1 X120.883 Y115.576 E.0141
G1 X120.883 Y115.424 E.00502
G1 X120.67 Y115.054 E.0141
G1 X116.415 Y110.8 E.19866
G1 X118.126 Y110.8 E.05649
G1 X118.258 Y110.876 E.00503
G1 X118.941 Y112.059 E.0451
G1 X112.059 Y118.941 E.32134
G1 X112.742 Y120.124 E.0451
G1 X112.874 Y120.2 E.00503
G1 X113.738 Y120.2 E.02853
;LAYER_CHANGE
;Z:6.6
;HEIGHT:0.2
;BEFORE_LAYER_CHANGE
G92 E0
;6.6


G1 E-3.5 F3600
;WIPE_START
G1 F7200
G1 X112.874 Y120.2 E-.4104
G1 X112.742 Y120.124 E-.07235
G1 X112.059 Y118.941 E-.64885
G1 X112.607 Y118.393 E-.3684
;WIPE_END
G1 Z6.6 F9000
;AFTER_LAYER_CHANGE
;6.6
G1 X112.776 Y120.496
G1 E5 F2400
;TYPE:Perimeter
;WIDTH:0.439999
G1 F900
G1 X112.519 Y120.348 E.00979
G1 X109.811 Y115.658 E.17881
G1 X109.811 Y115.342 E.01043
G1 X112.519 Y110.652 E.17881
G1 X112.792 Y110.494 E.01041
G1 X118.208 Y110.494 E.17882
G1 X118.481 Y110.652 E.01041
G1 X121.189 Y115.342 E.17881
G1 X121.189 Y115.658 E.01043
G1 X118.481 Y120.348 E.17881
G1 X118.208 Y120.506 E.01041
G1 X112.833 Y120.506 E.17747
G1 X112.676 Y120.897 F9000
G1 F900
G1 X112.228 Y120.638 E.01709
G1 X109.414 Y115.765 E.18579
G1 X109.414 Y115.235 E.0175
G1 X112.228 Y110.362 E.18579
G1 X112.686 Y110.097 E.01747
G1 X118.314 Y110.097 E.18582
G1 X118.772 Y110.362 E.01747
G1 X121.586 Y115.235 E.18579
G1 X121.586 Y115.765 E.0175
G1 X118.772 Y120.638 E.18579
G1 X118.314 Y120.903 E.01747
G1 X112.735 Y120.903 E.1842
G1 X112.579 Y121.288 F9000
;TYPE:External perimeter
;WIDTH:0.419999
G1 F900
G1 X111.945 Y120.922 E.02295
G1 X109.027 Y115.868 E.18298
G1 X109.027 Y115.132 E.02308
G1 X111.945 Y110.078 E.18298
G1 X112.582 Y109.71 E.02307
G1 X118.418 Y109.71 E.18298
G1 X119.055 Y110.078 E.02307
G1 X121.973 Y115.132 E.18298
G1 X121.973 Y115.868 E.02308
G1 X119.055 Y120.922 E.18298
G1 X118.418 Y121.29 E.02307
G1 X112.639 Y121.29 E.1812
G1 X113.738 Y120.2 F9000
;TYPE:Internal infill
;WIDTH:0.44
G1 F900
G1 X112.874 Y120.2 E.02853
G1 X112.742 Y120.124 E.00503
G1 X112.059 Y118.941 E.0451
G1 X118.941 Y112.059 E.32134
G1 X118.258 Y110.876 E.0451
G1 X118.126 Y110.8 E.00503
G1 X116.415 Y110.8 E.05649
G1 X120.67 Y115.054 E.19866
G1 X120.883 Y115.424 E.0141
G1 X120.883 Y115.576 E.00502
G1 X120.67 Y115.946 E.0141
G1 X116.415 Y120.2 E.19866
G1 X114.585 Y120.2 E.06042
G1 X110.33 Y115.946 E.19866
G1 X110.117 Y115.576 E.0141
G1 X110.117 Y115.424 E.00502
G1 X110.33 Y115.054 E.0141
G1 X114.585 Y110.8 E.19866
G1 X112.874 Y110.8 E.05649
G1 X112.742 Y110.876 E.00503
G1 X112.059 Y112.059 E.0451
G1 X118.941 Y118.941 E.32134
G1 X118.258 Y120.124 E.0451
G1 X118.126 Y120.2 E.00503
G1 X117.262 Y120.2 E.02853
;LAYER_CHANGE
;Z:6.8
;HEIGHT:0.2
;BEFORE_LAYER_CHANGE
G92 E0
;6.8


G1 E-3.5 F3600
;WIPE_START
G1 F7200
G1 X118.126 Y120.2 E-.4104
G1 X118.258 Y120.124 E-.07235
G1 X118.941 Y118.941 E-.64885
G1 X118.393 Y118.393 E-.3684
;WIPE_END
G1 Z6.8 F9000
;AFTER_LAYER_CHANGE
;6.8
G1 X117.784 Y120.506
G1 E5 F2400
;TYPE:Perimeter
;WIDTH:0.439999
G1 F900
G1 X113.241 Y120.506 E.15
G1 X112.735 Y120.26 E.01858
G1 X112.307 Y119.981 E.01687
G1 X110.035 Y116.047 E.15
G1 X109.996 Y115.485 E.0186
G1 X110.023 Y114.975 E.01686
G1 X112.294 Y111.041 E.14998
G1 X112.761 Y110.726 E.0186
G1 X113.216 Y110.494 E.01686
G1 X117.759 Y110.494 E.15
G1 X118.265 Y110.741 E.01859
G1 X118.693 Y111.019 E.01685
G1 X120.965 Y114.953 E.15
G1 X121.001 Y115.607 E.02163
G1 X120.977 Y116.025 E.01382
G1 X118.706 Y119.959 E.14998
G1 X118.239 Y120.274 E.0186
G1 X117.838 Y120.479 E.01487
G1 X117.865 Y120.903 F9000
G1 F900
G1 X113.15 Y120.903 E.15568
G1 X112.445 Y120.546 E.02609
G1 X112.004 Y120.25 E.01754
G1 X109.646 Y116.166 E.1557
G1 X109.603 Y115.377 E.02609
G1 X109.638 Y114.847 E.01754
G1 X111.996 Y110.763 E.1557
G1 X112.657 Y110.331 E.02607
G1 X113.135 Y110.097 E.01757
G1 X117.85 Y110.097 E.15568
G1 X118.555 Y110.454 E.02609
G1 X118.996 Y110.75 E.01754
G1 X121.354 Y114.834 E.1557
G1 X121.397 Y115.623 E.02609
G1 X121.362 Y116.153 E.01754
G1 X119.004 Y120.237 E.1557
G1 X118.343 Y120.669 E.02607
G1 X117.919 Y120.876 E.01558
G1 X117.944 Y121.29 F9000
;TYPE:External perimeter
;WIDTH:0.419999
G1 F900
G1 X113.061 Y121.29 E.1531
G1 X112.238 Y120.873 E.02893
G1 X111.708 Y120.512 E.02011
G1 X109.266 Y116.283 E.15312
G1 X109.216 Y115.362 E.02892
G1 X109.264 Y114.722 E.02012
G1 X111.705 Y110.493 E.1531
G1 X112.477 Y109.989 E.02891
G1 X113.056 Y109.71 E.02015
G1 X117.939 Y109.71 E.1531
G1 X118.762 Y110.127 E.02893
G1 X119.292 Y110.488 E.02011
G1 X121.734 Y114.717 E.15312
G1 X121.784 Y115.638 E.02892
G1 X121.736 Y116.278 E.02012
G1 X119.295 Y120.507 E.1531
G1 X118.522 Y121.011 E.02893
G1 X117.998 Y121.264 E.01824
G1 X117.15 Y120.2 F9000
;TYPE:Internal infill
;WIDTH:0.44
G1 F900
G1 X117.718 Y120.2 E.01875
G1 X118.476 Y119.745 E.02919
G1 X118.941 Y118.941 E.03067
G1 X112.059 Y112.059 E.32134
G1 X112.524 Y111.255 E.03067
G1 X113.282 Y110.8 E.02919
G1 X114.585 Y110.8 E.04302
G1 X110.33 Y115.054 E.19866
G1 X110.335 Y115.951 E.02962
G1 X114.585 Y120.2 E.19842
G1 X116.415 Y120.2 E.06042
G1 X120.67 Y115.946 E.19866
G1 X120.698 Y115.519 E.01413
G1 X120.665 Y115.049 E.01556
G1 X116.415 Y110.8 E.19842
G1 X117.688 Y110.8 E.04203
G1 X118.116 Y111.008 E.01571
G1 X118.462 Y111.23 E.01357
G1 X118.941 Y112.059 E.03161
G1 X112.059 Y118.941 E.32134
G1 X112.538 Y119.77 E.03161
G1 X113.312 Y120.2 E.02923
G1 X113.85 Y120.2 E.01776
;LAYER_CHANGE
;Z:7
;HEIGHT:0.2
;BEFORE_LAYER_CHANGE
G92 E0
;7


G1 E-3.5 F3600
;WIPE_START
G1 F7200
G1 X113.312 Y120.2 E-.25555
G1 X112.538 Y119.77 E-.42058
G1 X112.059 Y118.941 E-.45478
G1 X112.608 Y118.392 E-.36909
;WIPE_END
G1 Z7 F9000
;AFTER_LAYER_CHANGE
;7
G1 X113.22 Y120.495
G1 E5 F2400
;TYPE:Perimeter
;WIDTH:0.439999
G1 F900
G1 X112.735 Y120.26 E.01779
G1 X112.307 Y119.981 E.01687
G1 X110.035 Y116.047 E.15
G1 X109.996 Y115.485 E.0186
G1 X110.023 Y114.975 E.01686
G1 X112.294 Y111.041 E.14998
G1 X112.761 Y110.726 E.0186
G1 X113.216 Y110.494 E.01686
G1 X117.759 Y110.494 E.15
G1 X118.265 Y110.741 E.01859
G1 X118.693 Y111.019 E.01685
G1 X120.965 Y114.953 E.15
G1 X121.001 Y115.607 E.02163
G1 X120.977 Y116.025 E.01382
G1 X118.706 Y119.959 E.14998
G1 X118.239 Y120.274 E.0186
G1 X117.784 Y120.506 E.01686
G1 X113.277 Y120.506 E.14881
G1 X113.137 Y120.896 F9000
G1 F900
G1 X112.445 Y120.546 E.0256
G1 X112.004 Y120.25 E.01754
G1 X109.646 Y116.166 E.1557
G1 X109.603 Y115.377 E.02609
G1 X109.638 Y114.847 E.01754
G1 X111.996 Y110.763 E.1557
G1 X112.657 Y110.331 E.02607
G1 X113.135 Y110.097 E.01757
G1 X117.85 Y110.097 E.15568
G1 X118.555 Y110.454 E.02609
G1 X118.996 Y110.75 E.01754
G1 X121.354 Y114.834 E.1557
G1 X121.397 Y115.623 E.02609
G1 X121.362 Y116.153 E.01754
G1 X119.004 Y120.237 E.1557
G1 X118.343 Y120.669 E.02607
G1 X117.865 Y120.903 E.01757
G1 X113.196 Y120.903 E.15416
G1 X113.057 Y121.288 F9000
;TYPE:External perimeter
;WIDTH:0.419999
G1 F900
G1 X112.238 Y120.873 E.02879
G1 X111.708 Y120.512 E.02011
G1 X109.266 Y116.283 E.15312
G1 X109.216 Y115.362 E.02892
G1 X109.264 Y114.722 E.02012
G1 X111.705 Y110.493 E.1531
G1 X112.478 Y109.989 E.02893
G1 X113.056 Y109.71 E.02012
G1 X117.939 Y109.71 E.1531
G1 X118.762 Y110.127 E.02893
G1 X119.292 Y110.488 E.02011
G1 X121.734 Y114.717 E.15312
G1 X121.784 Y115.638 E.02892
G1 X121.736 Y116.278 E.02012
G1 X119.295 Y120.507 E.1531
G1 X118.523 Y121.011 E.02891
G1 X117.944 Y121.29 E.02015
G1 X113.116 Y121.29 E.15138
G1 E-3.5 F3600
;WIPE_START
G1 F7200
G1 X113.057 Y121.288 E-.02804
G1 X112.238 Y120.873 E-.43612
G1 X111.708 Y120.512 E-.3046
G1 X110.938 Y119.179 E-.73124
;WIPE_END
G1 X110.424 Y115.893 F9000
G1 E5 F2400
;TYPE:Solid infill
;WIDTH:0.38292
G1 F900
G1 X110.422 Y115.088 E.02276
;WIDTH:0.411464
G1 X110.503 Y114.851 E.00768
;WIDTH:0.440008
G1 X110.584 Y114.615 E.00824
G1 X112.261 Y111.709 E.11078
G1 X112.442 Y111.505 E.009
;WIDTH:0.411466
G1 X112.622 Y111.301 E.00834
;WIDTH:0.38292
G1 X113.318 Y110.896 E.02277
;WIDTH:0.411462
G1 X113.563 Y110.848 E.00765
;WIDTH:0.440004
G1 X113.808 Y110.8 E.00824
G1 X117.163 Y110.8 E.11077
G1 X117.431 Y110.854 E.00903
;WIDTH:0.411462
G1 X117.698 Y110.908 E.00835
;WIDTH:0.38292
G1 X118.395 Y111.308 E.02272
;WIDTH:0.411464
G1 X118.561 Y111.498 E.00773
;WIDTH:0.440008
G1 X118.726 Y111.688 E.00831
G1 X120.402 Y114.59 E.11065
G1 X120.489 Y114.849 E.00902
;WIDTH:0.411462
G1 X120.576 Y115.107 E.00834
;WIDTH:0.38292
G1 X120.578 Y115.912 E.02276
;WIDTH:0.411463
G1 X120.497 Y116.149 E.00768
;WIDTH:0.440006
G1 X120.416 Y116.385 E.00824
G1 X118.739 Y119.291 E.11078
G1 X118.558 Y119.495 E.009
;WIDTH:0.411465
G1 X118.378 Y119.699 E.00834
;WIDTH:0.38292
G1 X117.682 Y120.104 E.02277
;WIDTH:0.411462
G1 X117.437 Y120.152 E.00765
;WIDTH:0.440004
G1 X117.192 Y120.2 E.00824
G1 X113.837 Y120.2 E.11077
G1 X113.569 Y120.146 E.00903
;WIDTH:0.411463
G1 X113.302 Y120.092 E.00835
;WIDTH:0.38292
G1 X112.604 Y119.692 E.02274
;WIDTH:0.411465
G1 X112.44 Y119.503 E.00767
;WIDTH:0.44001
G1 X112.275 Y119.315 E.00826
G1 X110.598 Y116.41 E.11075
G1 X110.488 Y116.081 E.01145
G1 X110.889 Y114.881 F9000
;TYPE:Internal infill
;WIDTH:0.44
G1 F900
G1 X111.415 Y113.969 E.03476
G1 X114.187 Y111.197 E.12943
G1 X113.379 Y111.197 E.02668
G1 X113.121 Y111.331 E.0096
G1 X112.822 Y111.533 E.01191
G1 X112.35 Y112.35 E.03115
G1 X118.65 Y118.65 E.29417
G1 X118.178 Y119.467 E.03115
G1 X117.879 Y119.669 E.01191
G1 X117.621 Y119.803 E.0096
G1 X116.813 Y119.803 E.02668
G1 X119.585 Y117.031 E.12943
G1 X120.287 Y115.815 E.04636
G1 X120.275 Y115.164 E.0215
G1 X119.585 Y113.969 E.04556
G1 X116.813 Y111.197 E.12943
G1 X117.597 Y111.197 E.02589
G1 X117.921 Y111.355 E.0119
G1 X118.166 Y111.512 E.00961
G1 X118.65 Y112.35 E.03195
G1 X112.35 Y118.65 E.29417
G1 X112.834 Y119.488 E.03195
G1 X113.403 Y119.803 E.02147
G1 X114.187 Y119.803 E.02589
G1 X111.415 Y117.031 E.12943
G1 X110.725 Y115.836 E.04556
G1 X110.713 Y115.185 E.0215
G1 X110.889 Y114.881 E.0116
;LAYER_CHANGE
;Z:7.2
;HEIGHT:0.2
;BEFORE_LAYER_CHANGE
G92 E0
;7.2


G1 E-3.5 F3600
;WIPE_START
G1 F7200
G1 X110.713 Y115.185 E-.16685
G1 X110.725 Y115.836 E-.30928
G1 X111.415 Y117.031 E-.65545
G1 X111.964 Y117.579 E-.36842
;WIPE_END
G1 Z7.2 F9000
;AFTER_LAYER_CHANGE
;7.2
G1 X110.292 Y114.508
G1 E5 F2400
;TYPE:Perimeter
;WIDTH:0.439999
G1 F900
G1 X112.025 Y111.507 E.11442
G1 X112.742 Y110.972 E.02954
G1 X113.226 Y110.707 E.01822
G1 X113.755 Y110.494 E.01883
G1 X117.221 Y110.494 E.11444
G1 X118.042 Y110.848 E.02952
G1 X118.514 Y111.134 E.01822
G1 X118.963 Y111.486 E.01884
G1 X120.696 Y114.487 E.11442
G1 X120.788 Y115.089 E.02011
G1 X120.788 Y115.927 E.02767
G1 X120.708 Y116.492 E.01884
G1 X118.975 Y119.493 E.11442
G1 X118.258 Y120.028 E.02954
G1 X117.774 Y120.293 E.01822
G1 X117.245 Y120.506 E.01883
G1 X113.779 Y120.506 E.11444
G1 X112.958 Y120.152 E.02952
G1 X112.486 Y119.866 E.01822
G1 X112.037 Y119.514 E.01884
G1 X110.304 Y116.513 E.11442
G1 X110.2 Y115.624 E.02955
G1 X110.212 Y115.073 E.0182
G1 X110.284 Y114.567 E.01688
G1 X109.916 Y114.365 F9000
G1 F900
G1 X111.718 Y111.244 E.11899
G1 X112.141 Y110.904 E.01792
G1 X112.649 Y110.562 E.02022
G1 X113.153 Y110.307 E.01865
G1 X113.691 Y110.097 E.01907
G1 X117.295 Y110.097 E.11899
G1 X117.801 Y110.293 E.01792
G1 X118.351 Y110.562 E.02022
G1 X118.824 Y110.87 E.01864
G1 X119.274 Y111.232 E.01907
G1 X121.077 Y114.353 E.11901
G1 X121.184 Y115.051 E.02332
G1 X121.171 Y116.064 E.03345
G1 X121.084 Y116.635 E.01907
G1 X119.282 Y119.756 E.11899
G1 X118.859 Y120.096 E.01792
G1 X118.351 Y120.438 E.02022
G1 X117.847 Y120.693 E.01865
G1 X117.309 Y120.903 E.01907
G1 X113.705 Y120.903 E.11899
G1 X113.2 Y120.707 E.01789
G1 X112.649 Y120.438 E.02024
G1 X112.176 Y120.13 E.01864
G1 X111.726 Y119.768 E.01907
G1 X109.923 Y116.647 E.11901
G1 X109.841 Y116.111 E.0179
G1 X109.798 Y115.5 E.02022
G1 X109.829 Y114.936 E.01865
G1 X109.907 Y114.425 E.01707
G1 X109.55 Y114.226 F9000
;TYPE:External perimeter
;WIDTH:0.419999
G1 F900
G1 X111.419 Y110.988 E.11722
G1 X111.899 Y110.603 E.01929
G1 X112.455 Y110.226 E.02106
G1 X113.001 Y109.951 E.01917
G1 X113.628 Y109.71 E.02106
G1 X117.368 Y109.71 E.11726
G1 X117.941 Y109.933 E.01928
G1 X118.545 Y110.226 E.02105
G1 X119.056 Y110.561 E.01916
G1 X119.578 Y110.984 E.02107
G1 X121.448 Y114.222 E.11724
G1 X121.57 Y115.013 E.02509
G1 X121.555 Y116.11 E.0344
G1 X121.45 Y116.774 E.02108
G1 X119.581 Y120.012 E.11722
G1 X119.101 Y120.397 E.01929
G1 X118.545 Y120.774 E.02106
G1 X117.999 Y121.049 E.01917
G1 X117.372 Y121.29 E.02106
G1 X113.632 Y121.29 E.11726
G1 X113.06 Y121.068 E.01924
G1 X112.455 Y120.774 E.02109
G1 X111.944 Y120.439 E.01916
G1 X111.422 Y120.016 E.02107
G1 X109.552 Y116.778 E.11724
G1 X109.458 Y116.17 E.01929
G1 X109.41 Y115.5 E.02106
G1 X109.445 Y114.89 E.01916
G1 X109.54 Y114.286 E.01917
G1 E-3.5 F3600
;WIPE_START
G1 F7200
G1 X109.55 Y114.226 E-.02889
G1 X111.099 Y111.543 E-1.47111
;WIPE_END
G1 X113.046 Y120.053 F9000
G1 E5 F2400
M204 S250
;TYPE:Bridge infill
;WIDTH:0.400362
;HEIGHT:0.389872
G1 F1500
G1 X112.289 Y119.295 E.05607
G1 X111.419 Y117.788 E.09108
G1 X113.789 Y120.159 E.17546
G1 X113.841 Y120.179 E.00292
G1 X114.446 Y120.179 E.03167
G1 X110.609 Y116.342 E.28401
G1 X110.538 Y115.879 E.02452
G1 X110.527 Y115.623 E.01341
G1 X115.083 Y120.179 E.33723
G1 X115.72 Y120.179 E.03334
G1 X110.551 Y115.01 E.38261
G1 X110.604 Y114.622 E.0205
G1 X110.676 Y114.498 E.0075
G1 X116.357 Y120.179 E.4205
G1 X116.994 Y120.179 E.03334
G1 X110.909 Y114.094 E.45041
G1 X111.142 Y113.69 E.02441
G1 X117.502 Y120.05 E.47076
G1 X117.93 Y119.841 E.02493
G1 X111.375 Y113.287 E.48516
G1 X111.609 Y112.883 E.02444
G1 X118.323 Y119.597 E.49697
G1 X118.676 Y119.313 E.02371
G1 X111.842 Y112.479 E.50585
G1 X112.075 Y112.075 E.02441
G1 X118.925 Y118.925 E.50703
G1 X119.158 Y118.522 E.02436
G1 X112.323 Y111.687 E.50592
G1 X112.677 Y111.403 E.02375
G1 X119.391 Y118.118 E.497
G1 X119.624 Y117.714 E.02441
G1 X113.069 Y111.159 E.4852
G1 X113.365 Y111.003 E.01751
G1 X113.497 Y110.95 E.00744
G1 X119.857 Y117.31 E.47076
G1 X120.09 Y116.906 E.02441
G1 X114.005 Y110.821 E.45041
G1 X114.642 Y110.821 E.03334
G1 X120.324 Y116.503 E.42058
G1 X120.396 Y116.378 E.00755
G1 X120.449 Y115.991 E.02044
G1 X115.279 Y110.821 E.38268
G1 X115.916 Y110.821 E.03334
G1 X120.473 Y115.378 E.33731
G1 X120.462 Y115.121 E.01346
G1 X120.391 Y114.659 E.02446
G1 X116.553 Y110.821 E.28409
G1 X117.159 Y110.821 E.03172
G1 X117.209 Y110.841 E.00282
G1 X119.583 Y113.214 E.17568
G1 X118.713 Y111.707 E.09108
G1 X117.952 Y110.946 E.05633
M204 S500
;LAYER_CHANGE
;Z:7.4
;HEIGHT:0.2
;BEFORE_LAYER_CHANGE
G92 E0
;7.4


G1 E-3.5 F3600
;WIPE_START
G1 F7200
G1 X118.713 Y111.707 E-.5112
G1 X119.583 Y113.214 E-.82655
G1 X119.341 Y112.972 E-.16225
;WIPE_END
G1 Z7.4 F9000
;AFTER_LAYER_CHANGE
;7.4
G1 X116.519 Y110.506
G1 E5 F2400
;TYPE:Perimeter
;WIDTH:0.439999
G1 F918
G1 X116.91 Y110.595 E.01324
G1 X117.687 Y110.89 E.02744
G1 X118.399 Y111.301 E.02714
G1 X118.908 Y111.716 E.02168
G1 X119.352 Y112.161 E.02076
G1 X120.318 Y113.833 E.06376
G1 X120.458 Y114.285 E.01562
G1 X120.553 Y114.88 E.01989
G1 X120.603 Y115.498 E.02047
G1 X120.571 Y115.875 E.01249
G1 X120.488 Y116.57 E.02311
G1 X120.318 Y117.167 E.02049
G1 X119.352 Y118.839 E.06376
G1 X119.043 Y119.173 E.01502
G1 X118.399 Y119.699 E.02745
G1 X117.687 Y120.11 E.02714
G1 X117.072 Y120.343 E.02171
G1 X116.466 Y120.506 E.02072
G1 X114.534 Y120.506 E.06379
G1 X114.09 Y120.405 E.01503
G1 X113.313 Y120.11 E.02744
G1 X112.601 Y119.699 E.02714
G1 X112.092 Y119.284 E.02168
G1 X111.648 Y118.839 E.02076
G1 X110.682 Y117.167 E.06376
G1 X110.586 Y116.857 E.01071
G1 X110.462 Y116.314 E.01839
G1 X110.397 Y115.502 E.0269
G1 X110.429 Y115.125 E.01249
G1 X110.512 Y114.43 E.02311
G1 X110.682 Y113.833 E.02049
G1 X111.648 Y112.161 E.06376
G1 X111.957 Y111.827 E.01502
G1 X112.464 Y111.413 E.02161
G1 X112.942 Y111.084 E.01916
G1 X113.414 Y110.86 E.01725
G1 X113.984 Y110.644 E.02013
G1 X114.503 Y110.494 E.01784
G1 X116.461 Y110.494 E.06465
G1 X116.599 Y110.117 F9000
G1 F918
G1 X117.024 Y110.214 E.01439
G1 X117.858 Y110.53 E.02945
G1 X118.625 Y110.973 E.02924
G1 X119.315 Y111.537 E.02942
G1 X119.674 Y111.924 E.01743
G1 X120.684 Y113.673 E.06668
G1 X120.843 Y114.187 E.01776
G1 X120.949 Y114.848 E.0221
G1 X121.001 Y115.499 E.02156
G1 X120.941 Y116.214 E.02369
G1 X120.844 Y116.811 E.01997
G1 X120.684 Y117.327 E.01784
G1 X119.674 Y119.076 E.06668
G1 X119.315 Y119.463 E.01743
G1 X118.625 Y120.027 E.02942
G1 X117.858 Y120.47 E.02924
G1 X117.024 Y120.786 E.02945
G1 X116.511 Y120.903 E.01737
G1 X114.489 Y120.903 E.06676
G1 X113.976 Y120.786 E.01737
G1 X113.142 Y120.47 E.02945
G1 X112.375 Y120.027 E.02924
G1 X111.685 Y119.463 E.02942
G1 X111.326 Y119.076 E.01743
G1 X110.316 Y117.327 E.06668
G1 X110.207 Y116.975 E.01217
G1 X110.068 Y116.368 E.02056
G1 X109.999 Y115.501 E.02872
G1 X110.059 Y114.786 E.02369
G1 X110.156 Y114.189 E.01997
G1 X110.316 Y113.673 E.01784
G1 X111.326 Y111.924 E.06668
G1 X111.685 Y111.537 E.01743
G1 X112.213 Y111.105 E.02252
G1 X112.75 Y110.735 E.02153
G1 X113.549 Y110.356 E.0292
G1 X114.471 Y110.097 E.03162
G1 X116.511 Y110.097 E.06736
G1 X116.54 Y110.104 E.00098
G1 X116.676 Y109.738 F9000
;TYPE:External perimeter
;WIDTH:0.419999
G1 F918
G1 X117.137 Y109.842 E.01482
G1 X118.025 Y110.179 E.02978
G1 X118.846 Y110.653 E.02972
G1 X119.581 Y111.254 E.02977
G1 X119.988 Y111.693 E.01877
G1 X121.041 Y113.517 E.06604
G1 X121.256 Y114.278 E.02479
G1 X121.335 Y114.817 E.01708
G1 X121.389 Y115.5 E.02148
G1 X121.327 Y116.247 E.0235
G1 X121.219 Y116.908 E.021
G1 X121.041 Y117.483 E.01887
G1 X119.988 Y119.307 E.06604
G1 X119.581 Y119.746 E.01877
G1 X118.846 Y120.347 E.02977
G1 X118.025 Y120.821 E.02972
G1 X117.137 Y121.158 E.02978
G1 X116.554 Y121.29 E.01874
G1 X114.446 Y121.29 E.06609
G1 X113.863 Y121.158 E.01874
G1 X112.975 Y120.821 E.02978
G1 X112.154 Y120.347 E.02972
G1 X111.419 Y119.746 E.02977
G1 X111.012 Y119.307 E.01877
G1 X109.959 Y117.483 E.06604
G1 X109.837 Y117.089 E.01293
G1 X109.684 Y116.422 E.02146
G1 X109.611 Y115.5 E.029
G1 X109.673 Y114.754 E.02347
G1 X109.781 Y114.092 E.02103
G1 X109.959 Y113.517 E.01887
G1 X111.012 Y111.693 E.06604
G1 X111.419 Y111.254 E.01877
G1 X111.968 Y110.805 E.02224
G1 X112.564 Y110.395 E.02268
G1 X113.412 Y109.993 E.02942
G1 X114.44 Y109.71 E.03343
G1 X116.554 Y109.71 E.06628
G1 X116.618 Y109.725 E.00206
G1 E-3.5 F3600
;WIPE_START
G1 F7200
G1 X116.676 Y109.738 E-.02823
G1 X117.137 Y109.842 E-.22448
G1 X118.025 Y110.179 E-.45115
G1 X118.846 Y110.653 E-.4503
G1 X119.41 Y111.114 E-.34584
;WIPE_END
G1 X116.477 Y114.112 F9000
G1 E5 F2400
;TYPE:Internal infill
;WIDTH:0.44
G1 F918
G1 X116.027 Y113.878 E.01675
G1 X115.429 Y113.791 E.01995
G1 X114.777 Y113.951 E.02217
G1 X114.303 Y114.303 E.01949
G1 X116.702 Y116.702 E.11202
G1 X116.856 Y116.533 E.00755
G1 X117.202 Y115.471 E.03688
G1 X117.152 Y115.076 E.01315
G1 X116.995 Y114.678 E.01413
G1 X116.702 Y114.298 E.01584
G1 X114.298 Y116.702 E.11225
G1 X114.586 Y116.94 E.01234
G1 X114.973 Y117.122 E.01412
G1 X115.436 Y117.211 E.01557
G1 X116.027 Y117.122 E.01973
G1 X116.481 Y116.893 E.01679
G1 E-3.5 F3600
;WIPE_START
G1 F7200
G1 X116.027 Y117.122 E-.24153
G1 X115.436 Y117.211 E-.28389
G1 X114.973 Y117.122 E-.22395
G1 X114.586 Y116.94 E-.20314
G1 X114.298 Y116.702 E-.17747
G1 X114.849 Y116.151 E-.37002
;WIPE_END
G1 X111.808 Y118.721 F9000
G1 E5 F2400
;TYPE:Solid infill
;WIDTH:0.38292
G1 F918
G1 X112.099 Y119.023 E.01186
G1 X112.695 Y119.561 E.0227
G1 X113.444 Y119.847 F9000
G1 F918
G1 X113.425 Y119.918 E.00208
G1 X113.496 Y119.899 E.00208
G1 X113.485 Y119.858 E.0012
;WIDTH:0.41146
G1 X113.33 Y119.768 E.00549
;WIDTH:0.439999
G1 X113.174 Y119.677 E.00596
G1 X111.542 Y118.045 E.0762
G1 X110.902 Y116.843 F9000
G1 F918
G1 X114.165 Y120.106 E.15236
G1 X114.82 Y120.2 E.02185
G1 X110.754 Y116.134 E.18986
G1 X110.685 Y116.19 E.00293
;WIDTH:0.41146
G1 X110.615 Y116.245 E.00273
;WIDTH:0.38292
G1 X110.706 Y116.686 E.01273
G1 X110.706 Y115.524 F9000
;WIDTH:0.439999
G1 F918
G1 X115.382 Y120.2 E.21834
G1 X115.943 Y120.2 E.01852
G1 X110.746 Y115.003 E.24267
G1 X110.809 Y114.504 E.01661
G1 X116.491 Y120.187 E.26534
G1 X116.935 Y120.068 E.01518
G1 X110.931 Y114.064 E.28035
G1 X111.118 Y113.69 E.01381
G1 X113.467 Y116.038 E.10966
G1 X113.559 Y116.179 E.00556
;WIDTH:0.41146
G1 X113.652 Y116.319 E.00515
;WIDTH:0.38292
G1 X114.073 Y116.845 E.01905
G1 X114.453 Y117.189 E.01449
G1 X114.67 Y117.34 E.00747
;WIDTH:0.439999
G1 X114.95 Y117.522 E.01103
G1 X117.342 Y119.914 E.11169
G1 X117.725 Y119.735 E.01396
G1 X115.596 Y117.607 E.09939
G1 X116.137 Y117.503 E.01819
G1 X116.629 Y117.276 E.01789
G1 X116.905 Y117.064 E.01149
G1 X117.214 Y116.701 E.01574
G1 X117.568 Y115.672 E.03593
G1 X117.598 Y115.492 E.00603
G1 X117.549 Y115.067 E.01413
G1 X119.849 Y117.367 E.10739
G1 X119.17 Y118.543 E.04484
G1 X118.833 Y118.95 E.01745
G1 X118.244 Y119.431 E.02511
G1 X118.075 Y119.524 E.00637
G1 X116.208 Y117.657 E.08718
G1 X116.792 Y117.679 E.0193
G1 X117.151 Y117.376 E.01551
G1 X117.432 Y117.075 E.0136
G1 X117.59 Y116.83 E.00963
G1 X117.886 Y115.966 E.03015
G1 X119.353 Y117.432 E.06848
G1 X118.826 Y118.345 E.03481
G1 X118.56 Y118.66 E.01361
G1 X118.127 Y119.014 E.01847
G1 X116.932 Y117.819 E.0558
G1 X117.378 Y117.703 E.01522
G1 X117.728 Y117.34 E.01665
G1 X117.965 Y116.959 E.01481
G1 X118.055 Y116.696 E.00918
G1 X118.857 Y117.498 E.03745
G1 X118.482 Y118.146 E.02472
G1 X118.154 Y118.479 E.01543
G1 X117.518 Y117.844 E.02967
G1 X117.895 Y117.703 E.01329
;WIDTH:0.378182
G1 X118.001 Y117.585 E.00442
G1 X118.17 Y117.32 E.00876
;WIDTH:0.364962
G1 X118.407 Y117.557 E.00898
;WIDTH:0.378182
G1 X118.165 Y117.963 E.01318
G1 X118.038 Y117.841 E.00491
G1 E-3.5 F3600
;WIPE_START
G1 F7200
G1 X118.165 Y117.963 E-.08365
G1 X118.407 Y117.557 E-.22451
G1 X118.17 Y117.32 E-.15921
G1 X118.001 Y117.585 E-.14929
G1 X117.895 Y117.703 E-.07534
G1 X117.518 Y117.844 E-.19119
G1 X118.154 Y118.479 E-.4269
G1 X118.435 Y118.194 E-.18991
;WIPE_END
G1 X113.397 Y115.408 F9000
G1 E5 F2400
;WIDTH:0.439999
G1 F918
G1 X111.323 Y113.334 E.09684
G1 X111.669 Y113.118 E.01347
G1 X113.488 Y114.937 E.08494
G1 X113.551 Y114.714 E.00765
G1 X113.807 Y114.254 E.01738
G1 X114.153 Y113.884 E.01673
G1 X114.602 Y113.595 E.01763
G1 X114.838 Y113.501 E.00839
G1 X115.391 Y113.396 E.01858
G1 X115.948 Y113.466 E.01854
G1 X113.595 Y111.113 E.10987
G1 X113.089 Y111.352 E.01848
G1 X112.531 Y111.753 E.02269
G1 X112.116 Y112.105 E.01797
G1 X111.849 Y112.424 E.01373
G1 X111.529 Y112.978 E.02112
G1 X112.025 Y112.912 E.01652
G1 X112.192 Y112.623 E.01102
G1 X112.476 Y112.31 E.01395
G1 X113.06 Y111.84 E.02475
G1 X113.512 Y111.591 E.01704
G1 X114.989 Y113.068 E.06897
G1 X114.765 Y113.111 E.00753
G1 X114.355 Y113.279 E.01463
G1 X113.899 Y113.579 E.01802
G1 X113.517 Y113.984 E.01838
G1 X113.355 Y114.242 E.01006
G1 X112.166 Y113.053 E.05552
G1 X112.542 Y112.868 E.01384
G1 X112.541 Y112.815 E.00175
G1 X112.964 Y112.425 E.019
G1 X113.433 Y112.074 E.01934
G1 X114.247 Y112.888 E.03801
G1 X113.652 Y113.268 E.02331
G1 X113.304 Y113.629 E.01656
G1 X112.683 Y113.008 E.029
G1 X113.041 Y112.841 E.01304
;WIDTH:0.390003
G1 X113.39 Y112.557 E.01299
G1 X113.651 Y112.818 E.01065
G1 X113.295 Y113.095 E.01302
;WIDTH:0.388718
G1 X113.181 Y112.982 E.00462
G1 E-3.5 F3600
;WIPE_START
G1 F7200
G1 X113.295 Y113.095 E-.07624
G1 X113.651 Y112.818 E-.21426
G1 X113.39 Y112.557 E-.17533
G1 X113.041 Y112.841 E-.21373
G1 X112.683 Y113.008 E-.18764
G1 X113.304 Y113.629 E-.41716
G1 X113.619 Y113.302 E-.21564
;WIPE_END
G1 X114.001 Y110.957 F9000
G1 E5 F2400
;WIDTH:0.439999
G1 F918
G1 X120.048 Y117.004 E.28236
G1 X120.176 Y116.57 E.01494
G1 X114.436 Y110.831 E.268
G1 X114.967 Y110.8 E.01756
G1 X120.247 Y116.08 E.24654
G1 X120.29 Y115.562 E.01716
G1 X115.528 Y110.8 E.22235
G1 X116.09 Y110.8 E.01856
G1 X120.253 Y114.964 E.19441
G1 X120.138 Y114.287 E.02267
G1 X116.716 Y110.864 E.15981
G1 E-3.5 F3600
;WIPE_START
G1 F7200
G1 X118.949 Y113.097 E-1.5
;WIPE_END
G1 X118.993 Y112.182 F9000
G1 E5 F2400
;WIDTH:0.368658
G1 F918
G1 X118.675 Y111.87 E.01207
;WIDTH:0.406993
G1 X118.609 Y111.846 E.00213
;WIDTH:0.453252
G1 X118.543 Y111.821 E.00241
;WIDTH:0.49951
G1 X118.476 Y111.797 E.0027
;WIDTH:0.545769
G1 X118.41 Y111.773 E.00294
;WIDTH:0.592028
G1 X118.344 Y111.749 E.00321
;WIDTH:0.638286
G1 X118.278 Y111.725 E.00348
G1 X118.309 Y111.788 E.00348
;WIDTH:0.592028
G1 X118.339 Y111.852 E.00323
;WIDTH:0.545769
G1 X118.37 Y111.915 E.00294
;WIDTH:0.49951
G1 X118.401 Y111.978 E.00267
;WIDTH:0.453252
G1 X118.431 Y112.042 E.00241
;WIDTH:0.406993
G1 X118.462 Y112.105 E.00213
;WIDTH:0.364927
G1 X119.756 Y113.396 E.04894
G1 X119.135 Y112.321 E.03324
;LAYER_CHANGE
;Z:7.6
;HEIGHT:0.2
;BEFORE_LAYER_CHANGE
G92 E0
;7.6


G1 E-3.5 F3600
;WIPE_START
G1 F7200
G1 X119.756 Y113.396 E-.5897
G1 X118.462 Y112.105 E-.86824
G1 X118.431 Y112.042 E-.03335
G1 X118.423 Y112.025 E-.00871
;WIPE_END
G1 Z7.6 F9000
;AFTER_LAYER_CHANGE
;7.6
G1 X119.513 Y112.122
G1 E5 F2400
;TYPE:Perimeter
;WIDTH:0.439999
G1 F960
G1 X119.552 Y112.161 E.00182
G1 X120.518 Y113.833 E.06376
G1 X120.658 Y114.285 E.01562
G1 X120.753 Y114.88 E.01989
G1 X120.803 Y115.498 E.02047
G1 X120.771 Y115.875 E.01249
G1 X120.688 Y116.57 E.02311
G1 X120.518 Y117.167 E.02049
G1 X119.552 Y118.839 E.06376
G1 X119.243 Y119.173 E.01502
G1 X118.599 Y119.699 E.02745
G1 X117.887 Y120.11 E.02714
G1 X117.272 Y120.343 E.02171
G1 X116.666 Y120.506 E.02072
G1 X114.734 Y120.506 E.06379
G1 X114.29 Y120.405 E.01503
G1 X113.513 Y120.11 E.02744
G1 X112.801 Y119.699 E.02714
G1 X112.292 Y119.284 E.02168
G1 X111.848 Y118.839 E.02076
G1 X110.882 Y117.167 E.06376
G1 X110.747 Y116.732 E.01504
G1 X110.614 Y115.911 E.02746
G1 X110.614 Y115.089 E.02714
G1 X110.719 Y114.441 E.02167
G1 X110.882 Y113.833 E.02078
G1 X111.848 Y112.161 E.06376
G1 X112.157 Y111.827 E.01502
G1 X112.664 Y111.413 E.02161
G1 X113.142 Y111.084 E.01916
G1 X113.614 Y110.86 E.01725
G1 X114.184 Y110.644 E.02013
G1 X114.703 Y110.494 E.01784
G1 X116.666 Y110.494 E.06481
G1 X117.11 Y110.595 E.01503
G1 X117.887 Y110.89 E.02744
G1 X118.599 Y111.301 E.02714
G1 X119.108 Y111.716 E.02168
G1 X119.471 Y112.079 E.01695
G1 X119.812 Y111.857 F9000
G1 F960
G1 X119.874 Y111.924 E.00301
G1 X120.884 Y113.673 E.06668
G1 X121.043 Y114.187 E.01776
G1 X121.149 Y114.848 E.0221
G1 X121.201 Y115.499 E.02156
G1 X121.141 Y116.214 E.02369
G1 X121.044 Y116.811 E.01997
G1 X120.884 Y117.327 E.01784
G1 X119.874 Y119.076 E.06668
G1 X119.515 Y119.463 E.01743
G1 X118.825 Y120.027 E.02942
G1 X118.058 Y120.47 E.02924
G1 X117.224 Y120.786 E.02945
G1 X116.711 Y120.903 E.01737
G1 X114.689 Y120.903 E.06676
G1 X114.176 Y120.786 E.01737
G1 X113.342 Y120.47 E.02945
G1 X112.575 Y120.027 E.02924
G1 X111.885 Y119.463 E.02942
G1 X111.526 Y119.076 E.01743
G1 X110.516 Y117.327 E.06668
G1 X110.36 Y116.823 E.01742
G1 X110.217 Y115.943 E.02944
G1 X110.217 Y115.057 E.02925
G1 X110.36 Y114.177 E.02944
G1 X110.516 Y113.673 E.01742
G1 X111.526 Y111.924 E.06668
G1 X111.885 Y111.537 E.01743
G1 X112.413 Y111.105 E.02252
G1 X112.95 Y110.735 E.02153
G1 X113.749 Y110.356 E.0292
G1 X114.671 Y110.097 E.03162
G1 X116.711 Y110.097 E.06736
G1 X117.224 Y110.214 E.01737
G1 X118.058 Y110.53 E.02945
G1 X118.825 Y110.973 E.02924
G1 X119.515 Y111.537 E.02942
G1 X119.771 Y111.813 E.01243
G1 X120.102 Y111.6 F9000
;TYPE:External perimeter
;WIDTH:0.419999
G1 F960
G1 X120.188 Y111.693 E.00397
G1 X121.241 Y113.517 E.06604
G1 X121.456 Y114.278 E.02479
G1 X121.535 Y114.818 E.01711
G1 X121.589 Y115.5 E.02145
G1 X121.527 Y116.247 E.0235
G1 X121.419 Y116.908 E.021
G1 X121.241 Y117.483 E.01887
G1 X120.188 Y119.307 E.06604
G1 X119.781 Y119.746 E.01877
G1 X119.046 Y120.347 E.02977
G1 X118.225 Y120.821 E.02972
G1 X117.337 Y121.158 E.02978
G1 X116.754 Y121.29 E.01874
G1 X114.646 Y121.29 E.06609
G1 X114.063 Y121.158 E.01874
G1 X113.175 Y120.821 E.02978
G1 X112.354 Y120.347 E.02972
G1 X111.619 Y119.746 E.02977
G1 X111.212 Y119.307 E.01877
G1 X110.159 Y117.483 E.06604
G1 X109.982 Y116.911 E.01877
G1 X109.83 Y115.974 E.02976
G1 X109.83 Y115.026 E.02972
G1 X109.982 Y114.089 E.02976
G1 X110.159 Y113.517 E.01877
G1 X111.212 Y111.693 E.06604
G1 X111.619 Y111.254 E.01877
G1 X112.168 Y110.805 E.02224
G1 X112.764 Y110.395 E.02268
G1 X113.612 Y109.993 E.02942
G1 X114.64 Y109.71 E.03343
G1 X116.754 Y109.71 E.06628
G1 X117.337 Y109.842 E.01874
G1 X118.225 Y110.179 E.02978
G1 X119.046 Y110.653 E.02972
G1 X119.781 Y111.254 E.02977
G1 X120.061 Y111.556 E.01291
G1 E-3.5 F3600
;WIPE_START
G1 F7200
G1 X120.102 Y111.6 E-.02857
G1 X120.188 Y111.693 E-.06017
G1 X121.241 Y113.517 E-1.00041
G1 X121.456 Y114.278 E-.37562
G1 X121.467 Y114.351 E-.03523
;WIPE_END
G1 X116.44 Y116.769 F9000
G1 E5 F2400
;TYPE:Internal infill
;WIDTH:0.44
G1 F960
G1 X115.827 Y117.122 E.02336
G1 X115.407 Y117.202 E.01412
G1 X114.973 Y117.122 E.01457
G1 X114.586 Y116.94 E.01412
G1 X114.298 Y116.702 E.01234
G1 X116.596 Y114.404 E.1073
G1 X116.795 Y114.678 E.01118
G1 X116.952 Y115.076 E.01413
G1 X117.002 Y115.471 E.01315
G1 X116.698 Y116.449 E.03381
G1 X116.597 Y116.597 E.00592
G1 X114.303 Y114.303 E.10711
G1 X114.12 Y114.497 E.00881
G1 X113.914 Y114.872 E.01413
G1 X113.799 Y115.319 E.01524
G1 X113.847 Y115.921 E.01994
G1 X114.117 Y116.475 E.02035
G1 E-3.5 F3600
;WIPE_START
G1 F7200
G1 X113.847 Y115.921 E-.29274
G1 X113.799 Y115.319 E-.28686
G1 X113.914 Y114.872 E-.21924
G1 X114.12 Y114.497 E-.20323
G1 X114.303 Y114.303 E-.12668
G1 X114.856 Y114.856 E-.37125
;WIPE_END
G1 X118.241 Y119.761 F9000
G1 E5 F2400
;TYPE:Top solid infill
;WIDTH:0.41294
G1 F960
G1 X119.321 Y118.668 E.04728
G1 X120.018 Y117.462 E.04286
G1 X117.545 Y119.934 E.10758
G1 X117.027 Y120.131 E.01705
G1 X116.766 Y120.19 E.00823
G1 X120.399 Y116.558 E.15806
G1 X120.447 Y116.323 E.00738
G1 X120.477 Y115.955 E.01136
G1 X116.213 Y120.22 E.18555
G1 X115.689 Y120.22 E.01612
G1 X120.508 Y115.401 E.20968
G1 X120.47 Y114.917 E.01494
G1 X115.166 Y120.22 E.23076
G1 X114.766 Y120.22 E.01231
G1 X114.666 Y120.197 E.00316
G1 X120.402 Y114.461 E.24958
G1 X120.287 Y114.053 E.01304
G1 X114.254 Y120.086 E.2625
G1 X113.875 Y119.942 E.01247
G1 X120.113 Y113.703 E.27145
G1 X119.921 Y113.372 E.01177
G1 X117.214 Y116.079 E.11779
G1 X117.052 Y116.58 E.0162
G1 X116.981 Y116.727 E.00502
G1 X116.709 Y117.034 E.01262
G1 X116.413 Y117.264 E.01153
G1 X115.964 Y117.475 E.01526
G1 X115.777 Y117.516 E.00589
G1 X113.513 Y119.78 E.09851
G1 X113.181 Y119.589 E.01178
G1 X115.217 Y117.553 E.08859
G1 X114.877 Y117.488 E.01065
G1 X114.792 Y117.454 E.00282
G1 X112.864 Y119.382 E.08389
G1 X112.576 Y119.147 E.01144
G1 X114.437 Y117.287 E.08095
G1 X114.14 Y117.06 E.0115
G1 X112.297 Y118.903 E.08019
G1 X112.053 Y118.624 E.0114
G1 X113.882 Y116.794 E.0796
G1 X113.666 Y116.488 E.01152
G1 X111.862 Y118.292 E.07849
G1 X111.67 Y117.96 E.0118
G1 X113.517 Y116.113 E.08037
G1 X113.476 Y115.995 E.00384
G1 X113.434 Y115.673 E.00999
G1 X111.361 Y117.746 E.0902
G1 E-3.5 F3600
;WIPE_START
G1 F7200
G1 X113.434 Y115.673 E-1.39254
G1 X113.463 Y115.898 E-.10746
;WIPE_END
G1 X117.206 Y115.564 F9000
G1 E5 F2400
G1 F960
G1 X119.73 Y113.04 E.10982
G1 X119.538 Y112.708 E.0118
G1 X117.305 Y114.942 E.09718
G1 X117.156 Y114.567 E.01242
G1 X119.347 Y112.376 E.09533
G1 X119.321 Y112.332 E.00157
G1 X119.103 Y112.097 E.00986
G1 X116.95 Y114.25 E.09368
G1 X116.834 Y114.09 E.00608
G1 X116.702 Y113.974 E.00541
G1 X118.824 Y111.853 E.09231
G1 X118.535 Y111.618 E.01146
G1 X116.414 Y113.74 E.09231
G1 X116.06 Y113.57 E.01208
G1 X118.219 Y111.411 E.09394
G1 X117.887 Y111.22 E.01178
G1 X115.51 Y113.597 E.10343
G1 E-3.5 F3600
;WIPE_START
G1 F7200
G1 X117.743 Y111.364 E-1.5
;WIPE_END
G1 X117.65 Y110.934 F9000
G1 E5 F2400
G1 F960
G1 X115.117 Y113.466 E.11019
G1 X114.849 Y113.517 E.00839
G1 X114.617 Y113.609 E.00768
G1 X114.157 Y113.907 E.01686
G1 X113.802 Y114.293 E.01614
G1 X113.571 Y114.713 E.01475
G1 X113.46 Y115.123 E.01307
G1 X111.287 Y117.297 E.09457
G1 X111.146 Y117.052 E.0087
G1 X111.113 Y116.947 E.00339
G1 X117.146 Y110.914 E.2625
G1 X116.734 Y110.803 E.01313
G1 X111.004 Y116.532 E.2493
G1 X110.931 Y116.082 E.01403
G1 X116.234 Y110.78 E.23072
G1 X115.71 Y110.78 E.01612
G1 X110.9 Y115.591 E.20931
G1 X110.908 Y115.059 E.01637
G1 X115.187 Y110.78 E.18619
G1 X114.742 Y110.78 E.01369
G1 X114.632 Y110.812 E.00352
G1 X111.01 Y114.434 E.1576
G1 X111.146 Y113.948 E.01553
G1 X111.382 Y113.538 E.01456
G1 X113.862 Y111.059 E.10789
G1 X113.28 Y111.335 E.01982
G1 X112.983 Y111.521 E.01078
G1 X112.4 Y111.997 E.02316
G1 X111.658 Y112.739 E.03229
;LAYER_CHANGE
;Z:7.8
;HEIGHT:0.2
;BEFORE_LAYER_CHANGE
G92 E0
;7.8


G1 E-3.5 F3600
;WIPE_START
G1 F7200
G1 X112.4 Y111.997 E-.49844
G1 X112.983 Y111.521 E-.3575
G1 X113.28 Y111.335 E-.16646
G1 X113.862 Y111.059 E-.30596
G1 X113.606 Y111.314 E-.17164
;WIPE_END
G1 Z7.8 F9000
;AFTER_LAYER_CHANGE
;7.8
G1 X117.559 Y115.239
G1 E5 F2400
;TYPE:Perimeter
;WIDTH:0.439999
G1 F900
G1 X117.568 Y115.647 E.01347
G1 X117.231 Y116.652 E.035
G1 X116.996 Y116.957 E.01271
G1 X116.637 Y117.266 E.01564
G1 X116.148 Y117.495 E.01783
G1 X115.399 Y117.6 E.02497
G1 X114.852 Y117.495 E.01839
G1 X114.376 Y117.271 E.01737
G1 X113.971 Y116.936 E.01735
G1 X113.661 Y116.511 E.01737
G1 X113.467 Y116.02 E.01743
G1 X113.434 Y115.767 E.00842
G1 X113.413 Y115.26 E.01675
G1 X113.549 Y114.728 E.01813
G1 X113.803 Y114.267 E.01738
G1 X114.164 Y113.882 E.01743
G1 X114.705 Y113.56 E.02079
G1 X115.098 Y113.458 E.01341
G1 X115.601 Y113.4 E.01672
G1 X116.148 Y113.505 E.01839
G1 X116.624 Y113.729 E.01737
G1 X117.03 Y114.064 E.01738
G1 X117.339 Y114.489 E.01735
G1 X117.532 Y114.978 E.01736
G1 X117.558 Y115.179 E.00669
G1 X117.959 Y115.189 F9000
G1 F900
G1 X117.975 Y115.318 E.00429
G1 X117.954 Y115.741 E.01398
G1 X117.704 Y116.511 E.02673
G1 X117.51 Y116.982 E.01682
G1 X117.29 Y117.224 E.0108
G1 X116.846 Y117.606 E.01934
G1 X116.272 Y117.876 E.02094
G1 X115.775 Y117.971 E.01671
G1 X115.361 Y117.997 E.0137
G1 X114.728 Y117.876 E.02128
G1 X114.161 Y117.609 E.02069
G1 X113.679 Y117.21 E.02066
G1 X113.311 Y116.704 E.02066
G1 X113.08 Y116.12 E.02074
G1 X113.022 Y115.678 E.01472
G1 X113.018 Y115.201 E.01575
G1 X113.177 Y114.58 E.02117
G1 X113.479 Y114.032 E.02066
G1 X113.909 Y113.574 E.02074
G1 X114.284 Y113.333 E.01472
G1 X114.714 Y113.127 E.01574
G1 X115.225 Y113.029 E.01718
G1 X115.639 Y113.003 E.0137
G1 X116.272 Y113.124 E.02128
G1 X116.839 Y113.391 E.02069
G1 X117.321 Y113.79 E.02066
G1 X117.689 Y114.296 E.02066
G1 X117.92 Y114.879 E.02071
G1 X117.952 Y115.13 E.00835
G1 X118.343 Y115.141 F9000
;TYPE:External perimeter
;WIDTH:0.419999
G1 F900
G1 X118.388 Y115.495 E.01119
G1 X118.331 Y115.833 E.01075
G1 X118.072 Y116.631 E.02631
G1 X117.833 Y117.203 E.01944
G1 X117.576 Y117.485 E.01196
G1 X117.05 Y117.938 E.02177
G1 X116.393 Y118.247 E.02276
G1 X115.848 Y118.351 E.0174
G1 X115.325 Y118.384 E.01643
G1 X114.607 Y118.247 E.02292
G1 X113.952 Y117.939 E.02269
G1 X113.394 Y117.477 E.02271
G1 X112.969 Y116.891 E.0227
G1 X112.702 Y116.218 E.0227
G1 X112.638 Y115.728 E.01549
G1 X112.633 Y115.142 E.01837
G1 X112.814 Y114.437 E.02282
G1 X113.163 Y113.802 E.02272
G1 X113.659 Y113.274 E.02271
G1 X114.075 Y113.008 E.01548
G1 X114.603 Y112.754 E.01837
G1 X115.152 Y112.649 E.01753
G1 X115.675 Y112.616 E.01643
G1 X116.393 Y112.753 E.02292
G1 X117.048 Y113.061 E.02269
G1 X117.606 Y113.523 E.02271
G1 X118.031 Y114.108 E.02267
G1 X118.298 Y114.782 E.02273
G1 X118.336 Y115.081 E.00945
G1 E-3.5 F3600
;WIPE_START
G1 F7200
G1 X118.343 Y115.141 E-.02869
G1 X118.388 Y115.495 E-.1695
G1 X118.331 Y115.833 E-.16282
G1 X118.072 Y116.631 E-.39851
G1 X117.833 Y117.203 E-.29446
G1 X117.576 Y117.485 E-.18123
G1 X117.154 Y117.849 E-.26479
;WIPE_END
G1 X116.43 Y113.975 F9000
G1 E5 F2400
;TYPE:Internal infill
;WIDTH:0.44
G1 F900
G1 X116.053 Y113.798 E.01375
G1 X115.424 Y113.707 E.02098
G1 X114.739 Y113.877 E.0233
G1 X114.244 Y114.244 E.02035
G1 X116.761 Y116.761 E.11753
G1 X116.925 Y116.581 E.00804
G1 X117.287 Y115.473 E.03849
G1 X117.234 Y115.055 E.01391
G1 X117.068 Y114.638 E.01482
G1 X116.761 Y114.239 E.01662
G1 X114.239 Y116.761 E.11776
G1 X114.541 Y117.011 E.01294
G1 X114.947 Y117.202 E.01481
G1 X115.428 Y117.294 E.01617
G1 X116.053 Y117.202 E.02086
G1 X116.431 Y117.024 E.0138
;LAYER_CHANGE
;Z:8
;HEIGHT:0.2
;BEFORE_LAYER_CHANGE
G92 E0
;8


G1 E-3.5 F3600
;WIPE_START
G1 F7200
G1 X116.053 Y117.202 E-.19846
G1 X115.428 Y117.294 E-.30007
G1 X114.947 Y117.202 E-.23262
G1 X114.541 Y117.011 E-.21312
G1 X114.239 Y116.761 E-.18622
G1 X114.789 Y116.211 E-.36951
;WIPE_END
G1 Z8 F9000
;AFTER_LAYER_CHANGE
;8
G1 X116.819 Y116.927
G1 E5 F2400
;TYPE:Perimeter
;WIDTH:0.439999
G1 F900
G1 X116.796 Y116.957 E.00125
G1 X116.437 Y117.266 E.01564
G1 X115.948 Y117.495 E.01783
G1 X115.432 Y117.594 E.01735
G1 X114.907 Y117.561 E.01737
G1 X114.407 Y117.398 E.01736
G1 X113.961 Y117.115 E.01744
G1 X113.785 Y116.929 E.00845
G1 X113.47 Y116.533 E.01671
G1 X113.267 Y116.02 E.01822
G1 X113.234 Y115.767 E.00842
G1 X113.213 Y115.26 E.01675
G1 X113.349 Y114.728 E.01813
G1 X113.603 Y114.267 E.01738
G1 X113.964 Y113.882 E.01743
G1 X114.505 Y113.56 E.02079
G1 X114.898 Y113.458 E.01341
G1 X115.401 Y113.4 E.01672
G1 X115.948 Y113.505 E.01839
G1 X116.424 Y113.729 E.01737
G1 X116.83 Y114.064 E.01738
G1 X117.139 Y114.489 E.01735
G1 X117.332 Y114.978 E.01736
G1 X117.358 Y115.18 E.00672
G1 X117.368 Y115.647 E.01542
G1 X117.031 Y116.652 E.035
G1 X116.856 Y116.879 E.00946
G1 X117.111 Y117.201 F9000
G1 F900
G1 X117.09 Y117.224 E.00103
G1 X116.646 Y117.606 E.01934
G1 X116.072 Y117.876 E.02094
G1 X115.457 Y117.993 E.02067
G1 X114.832 Y117.954 E.02068
G1 X114.236 Y117.76 E.02069
G1 X113.706 Y117.424 E.02072
G1 X113.4 Y117.1 E.01471
G1 X113.116 Y116.717 E.01574
G1 X112.88 Y116.12 E.0212
G1 X112.822 Y115.678 E.01472
G1 X112.818 Y115.201 E.01575
G1 X112.977 Y114.58 E.02117
G1 X113.279 Y114.032 E.02066
G1 X113.708 Y113.574 E.02072
G1 X114.084 Y113.333 E.01475
G1 X114.514 Y113.127 E.01574
G1 X115.025 Y113.029 E.01718
G1 X115.439 Y113.003 E.0137
G1 X116.072 Y113.124 E.02128
G1 X116.639 Y113.391 E.02069
G1 X117.121 Y113.79 E.02066
G1 X117.489 Y114.296 E.02066
G1 X117.72 Y114.879 E.02071
G1 X117.775 Y115.318 E.01461
G1 X117.754 Y115.741 E.01398
G1 X117.504 Y116.511 E.02673
G1 X117.31 Y116.982 E.01682
G1 X117.151 Y117.156 E.00778
G1 X117.393 Y117.466 F9000
;TYPE:External perimeter
;WIDTH:0.419999
G1 F900
G1 X117.376 Y117.485 E.0008
G1 X116.85 Y117.938 E.02177
G1 X116.193 Y118.247 E.02276
G1 X115.481 Y118.383 E.02273
G1 X114.759 Y118.337 E.02268
G1 X114.07 Y118.113 E.02272
G1 X113.458 Y117.725 E.02272
G1 X113.119 Y117.367 E.01546
G1 X112.77 Y116.896 E.01838
G1 X112.502 Y116.218 E.02286
G1 X112.438 Y115.728 E.01549
G1 X112.433 Y115.142 E.01837
G1 X112.614 Y114.437 E.02282
G1 X112.963 Y113.802 E.02272
G1 X113.459 Y113.274 E.02271
G1 X113.875 Y113.008 E.01548
G1 X114.403 Y112.754 E.01837
G1 X114.952 Y112.649 E.01753
G1 X115.475 Y112.616 E.01643
G1 X116.193 Y112.753 E.02292
G1 X116.848 Y113.061 E.02269
G1 X117.406 Y113.523 E.02271
G1 X117.831 Y114.108 E.02267
G1 X118.098 Y114.782 E.02273
G1 X118.188 Y115.495 E.02253
G1 X118.131 Y115.833 E.01075
G1 X117.872 Y116.631 E.02631
G1 X117.633 Y117.203 E.01944
G1 X117.434 Y117.421 E.00925
G1 X116.349 Y116.946 F9000
;TYPE:Internal infill
;WIDTH:0.44
G1 F900
G1 X115.853 Y117.202 E.01843
G1 X115.412 Y117.286 E.01482
G1 X114.965 Y117.258 E.01479
G1 X114.538 Y117.119 E.01483
G1 X114.14 Y116.86 E.01568
G1 X116.655 Y114.345 E.11743
G1 X116.868 Y114.638 E.01196
G1 X117.034 Y115.055 E.01482
G1 X117.087 Y115.473 E.01391
G1 X116.775 Y116.481 E.03484
G1 X116.656 Y116.656 E.00699
G1 X114.141 Y114.141 E.11743
G1 X113.852 Y114.448 E.01392
G1 X113.636 Y114.841 E.01481
G1 X113.516 Y115.306 E.01586
G1 X113.565 Y115.943 E.02109
G1 X113.709 Y116.307 E.01292
;LAYER_CHANGE
;Z:8.2
;HEIGHT:0.2
;BEFORE_LAYER_CHANGE
G92 E0
;8.2


G1 E-3.5 F3600
;WIPE_START
G1 F7200
G1 X113.565 Y115.943 E-.18594
G1 X113.516 Y115.306 E-.30347
G1 X113.636 Y114.841 E-.22811
G1 X113.852 Y114.448 E-.21301
G1 X114.141 Y114.141 E-.20027
G1 X114.691 Y114.691 E-.3692
;WIPE_END
G1 Z8.2 F9000
;AFTER_LAYER_CHANGE
;8.2
G1 X114.519 Y117.585
G1 E5 F2400
;TYPE:Perimeter
;WIDTH:0.439999
G1 F900
G1 X114.031 Y117.275 E.01909
G1 X113.636 Y116.854 E.01906
G1 X113.413 Y116.466 E.01478
G1 X113.245 Y115.95 E.01792
G1 X113.203 Y115.439 E.01693
G1 X113.274 Y114.92 E.0173
G1 X113.411 Y114.548 E.01309
G1 X113.749 Y114.01 E.02098
G1 X114.115 Y113.664 E.01663
G1 X114.599 Y113.404 E.01814
G1 X115.068 Y113.237 E.01644
G1 X115.645 Y113.201 E.01909
G1 X116.083 Y113.276 E.01467
G1 X116.589 Y113.475 E.01795
G1 X117.019 Y113.777 E.01735
G1 X117.361 Y114.15 E.01671
G1 X117.475 Y114.35 E.0076
G1 X117.691 Y114.822 E.01714
G1 X117.791 Y115.298 E.01606
G1 X117.777 Y115.603 E.01008
G1 X117.643 Y116.05 E.01541
G1 X117.383 Y116.477 E.01651
G1 X117.086 Y116.834 E.01533
G1 X116.304 Y117.403 E.03193
G1 X115.774 Y117.637 E.01913
G1 X115.398 Y117.705 E.01262
G1 X114.894 Y117.697 E.01664
G1 X114.577 Y117.602 E.01093
G1 X114.35 Y117.945 F9000
G1 F900
G1 X113.928 Y117.691 E.01626
G1 X113.531 Y117.349 E.0173
G1 X113.233 Y116.961 E.01615
G1 X112.988 Y116.495 E.01738
G1 X112.855 Y116.025 E.01613
G1 X112.805 Y115.419 E.02008
G1 X112.886 Y114.824 E.01983
G1 X113.049 Y114.38 E.01562
G1 X113.323 Y113.902 E.01819
G1 X113.631 Y113.556 E.01529
G1 X114.038 Y113.23 E.01722
G1 X114.683 Y112.926 E.02354
G1 X115.33 Y112.804 E.02174
G1 X115.828 Y112.824 E.01646
G1 X116.335 Y112.93 E.0171
G1 X116.78 Y113.127 E.01607
G1 X117.288 Y113.483 E.02048
G1 X117.684 Y113.914 E.01933
G1 X117.866 Y114.234 E.01215
G1 X118.119 Y114.838 E.02162
G1 X118.2 Y115.471 E.02107
G1 X118.119 Y115.885 E.01393
G1 X117.932 Y116.379 E.01744
G1 X117.641 Y116.802 E.01695
G1 X117.344 Y117.138 E.01481
G1 X116.503 Y117.749 E.03432
G1 X116.108 Y117.923 E.01425
G1 X115.603 Y118.083 E.01749
G1 X115.142 Y118.112 E.01525
G1 X114.638 Y118.059 E.01673
G1 X114.405 Y117.967 E.00827
G1 X114.185 Y118.296 F9000
;TYPE:External perimeter
;WIDTH:0.419999
G1 F900
G1 X113.666 Y117.979 E.01907
G1 X113.248 Y117.615 E.01738
G1 X112.888 Y117.139 E.01871
G1 X112.627 Y116.637 E.01774
G1 X112.475 Y116.097 E.01759
G1 X112.417 Y115.4 E.02193
G1 X112.509 Y114.73 E.0212
G1 X112.697 Y114.216 E.01716
G1 X113.003 Y113.681 E.01932
G1 X113.419 Y113.224 E.01938
G1 X113.84 Y112.895 E.01675
G1 X114.551 Y112.56 E.02464
G1 X114.921 Y112.465 E.01198
G1 X115.51 Y112.417 E.01853
G1 X116.079 Y112.465 E.0179
G1 X116.655 Y112.641 E.01888
G1 X117.153 Y112.89 E.01746
G1 X117.551 Y113.197 E.01576
G1 X117.999 Y113.685 E.02077
G1 X118.313 Y114.237 E.01991
G1 X118.493 Y114.735 E.0166
G1 X118.589 Y115.49 E.02386
G1 X118.463 Y116.086 E.0191
G1 X118.272 Y116.569 E.01629
G1 X117.96 Y117.022 E.01725
G1 X117.595 Y117.434 E.01726
G1 X116.697 Y118.086 E.03479
G1 X116.022 Y118.384 E.02313
G1 X115.666 Y118.466 E.01145
G1 X115.045 Y118.497 E.0195
G1 X114.536 Y118.435 E.01608
G1 X114.24 Y118.318 E.00998
G1 E-3.5 F3600
;WIPE_START
G1 F7200
G1 X114.185 Y118.296 E-.02814
G1 X113.666 Y117.979 E-.28887
G1 X113.248 Y117.615 E-.26328
G1 X112.888 Y117.139 E-.28348
G1 X112.627 Y116.637 E-.26875
G1 X112.475 Y116.097 E-.26647
G1 X112.457 Y115.885 E-.10101
;WIPE_END
G1 X117.171 Y116.246 F9000
G1 E5 F2400
;TYPE:Internal infill
;WIDTH:0.44
G1 F900
G1 X117.395 Y115.854 E.01491
G1 X117.494 Y115.437 E.01415
G1 X117.482 Y115.25 E.00619
G1 X117.32 Y114.695 E.01909
G1 X117.113 Y114.331 E.01383
G1 X116.9 Y114.1 E.01037
G1 X114.09 Y116.91 E.13121
G1 X114.65 Y117.307 E.02266
G1 X114.824 Y117.376 E.00618
G1 X115.251 Y117.412 E.01415
G1 X115.677 Y117.345 E.01424
G1 X116.15 Y117.136 E.01707
G1 X116.721 Y116.721 E.02331
G1 X114.09 Y114.09 E.12285
G1 X114.397 Y113.837 E.01313
G1 X115.123 Y113.538 E.02592
G1 X115.876 Y113.538 E.02486
G1 X116.295 Y113.671 E.01451
;LAYER_CHANGE
;Z:8.4
;HEIGHT:0.2
;BEFORE_LAYER_CHANGE
G92 E0
;8.4


G1 E-3.5 F3600
;WIPE_START
G1 F7200
G1 X115.876 Y113.538 E-.20881
G1 X115.123 Y113.538 E-.35768
G1 X114.397 Y113.837 E-.37295
G1 X114.09 Y114.09 E-.18896
G1 X114.643 Y114.643 E-.3716
;WIPE_END
G1 Z8.4 F9000
;AFTER_LAYER_CHANGE
;8.4
G1 X118 Y115.448
G1 E5 F2400
;TYPE:Perimeter
;WIDTH:0.439999
G1 F900
G1 X118.001 Y115.454 E.0002
G1 X117.875 Y116.015 E.01898
G1 X117.603 Y116.549 E.01979
G1 X117.307 Y116.896 E.01506
G1 X116.911 Y117.205 E.01658
G1 X116.509 Y117.376 E.01442
G1 X115.999 Y117.512 E.01743
G1 X115.032 Y117.512 E.03193
G1 X114.466 Y117.39 E.01912
G1 X114.004 Y117.155 E.01711
G1 X113.576 Y116.78 E.01879
G1 X113.245 Y116.292 E.01947
G1 X113.04 Y115.719 E.02009
G1 X113.01 Y115.284 E.0144
G1 X113.113 Y114.761 E.0176
G1 X113.306 Y114.294 E.01668
G1 X113.605 Y113.894 E.01649
G1 X114.006 Y113.505 E.01845
G1 X114.515 Y113.206 E.01949
G1 X115.056 Y113.037 E.01871
G1 X115.46 Y113.004 E.01338
G1 X115.969 Y113.04 E.01685
G1 X116.566 Y113.234 E.02073
G1 X117.096 Y113.571 E.02074
G1 X117.394 Y113.872 E.01398
G1 X117.746 Y114.413 E.02131
G1 X117.929 Y114.899 E.01715
G1 X117.992 Y115.388 E.01628
G1 X118.4 Y115.469 F9000
G1 F900
G1 X118.4 Y115.473 E.00013
G1 X118.302 Y115.967 E.01663
G1 X118.109 Y116.473 E.01788
G1 X117.826 Y116.909 E.01716
G1 X117.482 Y117.282 E.01675
G1 X116.951 Y117.641 E.02116
G1 X116.467 Y117.812 E.01695
G1 X116.029 Y117.909 E.01481
G1 X114.99 Y117.909 E.0343
G1 X114.345 Y117.77 E.02179
G1 X113.96 Y117.589 E.01405
G1 X113.518 Y117.282 E.01777
G1 X113.166 Y116.899 E.01718
G1 X112.891 Y116.473 E.01674
G1 X112.71 Y116.007 E.01651
G1 X112.6 Y115.473 E.018
G1 X112.689 Y114.778 E.02313
G1 X112.879 Y114.268 E.01797
G1 X113.144 Y113.808 E.01753
G1 X113.593 Y113.321 E.02187
G1 X113.945 Y113.052 E.01463
G1 X114.364 Y112.837 E.01555
G1 X114.971 Y112.648 E.02099
G1 X115.545 Y112.608 E.019
G1 X116.044 Y112.65 E.01653
G1 X116.581 Y112.813 E.01853
G1 X117.055 Y113.05 E.0175
G1 X117.485 Y113.391 E.01812
G1 X117.842 Y113.788 E.01763
G1 X118.106 Y114.242 E.01734
G1 X118.313 Y114.791 E.01937
G1 X118.392 Y115.409 E.02057
G1 X118.789 Y115.49 F9000
;TYPE:External perimeter
;WIDTH:0.419999
G1 F900
G1 X118.75 Y115.742 E.008
G1 X118.614 Y116.28 E.0174
G1 X118.346 Y116.833 E.01927
G1 X118.012 Y117.3 E.018
G1 X117.553 Y117.716 E.01942
G1 X117.115 Y117.994 E.01627
G1 X116.595 Y118.177 E.01728
G1 X116.058 Y118.296 E.01725
G1 X114.948 Y118.296 E.0348
G1 X114.228 Y118.14 E.0231
G1 X113.712 Y117.893 E.01794
G1 X113.262 Y117.573 E.01731
G1 X112.86 Y117.136 E.01862
G1 X112.545 Y116.649 E.01819
G1 X112.314 Y116.031 E.02069
G1 X112.211 Y115.49 E.01727
G1 X112.227 Y115.235 E.00801
G1 X112.314 Y114.682 E.01755
G1 X112.546 Y114.067 E.02061
G1 X112.836 Y113.571 E.01801
G1 X113.331 Y113.034 E.0229
G1 X113.737 Y112.723 E.01604
G1 X114.217 Y112.478 E.0169
G1 X114.598 Y112.359 E.01252
G1 X115.112 Y112.24 E.01654
G1 X115.606 Y112.222 E.0155
G1 X116.116 Y112.269 E.01606
G1 X116.724 Y112.453 E.01992
G1 X117.263 Y112.723 E.0189
G1 X117.75 Y113.109 E.01948
G1 X118.159 Y113.564 E.01918
G1 X118.457 Y114.075 E.01855
G1 X118.687 Y114.686 E.02047
G1 X118.781 Y115.431 E.02354
G1 E-3.5 F3600
;WIPE_START
G1 F7200
G1 X118.789 Y115.49 E-.02828
G1 X118.75 Y115.742 E-.12112
G1 X118.614 Y116.28 E-.26359
G1 X118.346 Y116.833 E-.2919
G1 X118.012 Y117.3 E-.27272
G1 X117.553 Y117.716 E-.29425
G1 X117.147 Y117.973 E-.22814
;WIPE_END
G1 X116.336 Y117.056 F9000
G1 E5 F2400
;TYPE:Internal infill
;WIDTH:0.44
G1 F900
G1 X116.371 Y117.1 E.00186
G1 X115.977 Y117.206 E.01347
G1 X115.064 Y117.206 E.03014
G1 X114.559 Y117.097 E.01706
G1 X114.132 Y116.868 E.016
G1 X116.596 Y114.404 E.11505
G1 X116.795 Y114.678 E.01118
G1 X116.952 Y115.076 E.01413
G1 X117.002 Y115.471 E.01315
G1 X116.698 Y116.449 E.03381
G1 X116.597 Y116.597 E.00592
G1 X114.196 Y114.196 E.11211
G1 X113.912 Y114.378 E.01114
G1 X113.751 Y114.186 E.00827
G1 X113.574 Y114.441 E.01025
G1 X113.32 Y115.225 E.02721
G1 X113.306 Y115.44 E.00711
G1 X113.401 Y115.869 E.01451
G1 E-3.5 F3600
;WIPE_START
G1 F7200
G1 X113.306 Y115.44 E-.20871
G1 X113.32 Y115.225 E-.10234
G1 X113.574 Y114.441 E-.39146
G1 X113.751 Y114.186 E-.14744
G1 X113.912 Y114.378 E-.11902
G1 X114.196 Y114.196 E-.16022
G1 X114.748 Y114.748 E-.37081
;WIPE_END
G1 X114.058 Y113.831 F9000
G1 E5 F2400
;TYPE:Solid infill
;WIDTH:0.429364
G1 F900
G1 X114.404 Y113.6 E.01337
;WIDTH:0.452378
G1 X114.637 Y113.495 E.0087
;WIDTH:0.50073
G1 X115.185 Y113.367 E.02142
;WIDTH:0.540972
G1 X115.435 Y113.376 E.01036
;WIDTH:0.581214
G1 X115.685 Y113.386 E.0112
;WIDTH:0.616416
G1 X116.15 Y113.495 E.02278
;WIDTH:0.658978
G1 X116.618 Y113.739 E.02704
;WIDTH:0.692124
G1 X117.001 Y114.076 E.02754
;WIDTH:0.695894
G1 X117.267 Y114.451 E.02496
;WIDTH:0.722484
G1 X117.479 Y114.972 E.03178
G1 X117.534 Y115.513 E.03073
G1 X117.452 Y115.862 E.02026
G1 X117.356 Y116.089 E.01393
;WIDTH:0.688267
G1 X117.26 Y116.315 E.01318
;LAYER_CHANGE
;Z:8.6
;HEIGHT:0.200001
;BEFORE_LAYER_CHANGE
G92 E0
;8.6


G1 E-3.5 F3600
;WIPE_START
G1 F7200
G1 X117.356 Y116.089 E-.11663
G1 X117.452 Y115.862 E-.11707
G1 X117.534 Y115.513 E-.17029
G1 X117.479 Y114.972 E-.2583
G1 X117.267 Y114.451 E-.26718
G1 X117.001 Y114.076 E-.21839
G1 X116.618 Y113.739 E-.24232
G1 X116.413 Y113.632 E-.10982
;WIPE_END
G1 Z8.6 F9000
;AFTER_LAYER_CHANGE
;8.6
G1 X118.142 Y115.714
G1 E5 F2400
;TYPE:Perimeter
;WIDTH:0.439999
G1 F900
G1 X118.075 Y116.015 E.01018
G1 X117.803 Y116.549 E.01979
G1 X117.507 Y116.896 E.01506
G1 X117.111 Y117.205 E.01658
G1 X116.709 Y117.376 E.01442
G1 X116.199 Y117.512 E.01743
G1 X115.232 Y117.512 E.03193
G1 X114.666 Y117.39 E.01912
G1 X114.204 Y117.155 E.01711
G1 X113.776 Y116.78 E.01879
G1 X113.445 Y116.292 E.01947
G1 X113.24 Y115.719 E.02009
G1 X113.21 Y115.284 E.0144
G1 X113.313 Y114.761 E.0176
G1 X113.506 Y114.294 E.01668
G1 X113.805 Y113.894 E.01649
G1 X114.206 Y113.505 E.01845
G1 X114.715 Y113.206 E.01949
G1 X115.256 Y113.037 E.01871
G1 X115.66 Y113.004 E.01338
G1 X116.169 Y113.04 E.01685
G1 X116.766 Y113.234 E.02073
G1 X117.296 Y113.571 E.02074
G1 X117.607 Y113.885 E.01459
G1 X117.946 Y114.413 E.02072
G1 X118.129 Y114.899 E.01715
G1 X118.201 Y115.454 E.01848
G1 X118.156 Y115.656 E.00683
G1 X118.535 Y115.801 F9000
G1 F900
G1 X118.502 Y115.967 E.00559
G1 X118.309 Y116.473 E.01788
G1 X118.026 Y116.909 E.01716
G1 X117.682 Y117.282 E.01675
G1 X117.151 Y117.641 E.02116
G1 X116.667 Y117.812 E.01695
G1 X116.229 Y117.909 E.01481
G1 X115.19 Y117.909 E.0343
G1 X114.545 Y117.77 E.02179
G1 X114.16 Y117.589 E.01405
G1 X113.718 Y117.282 E.01777
G1 X113.366 Y116.899 E.01718
G1 X113.091 Y116.473 E.01674
G1 X112.91 Y116.007 E.01651
G1 X112.8 Y115.473 E.018
G1 X112.889 Y114.778 E.02313
G1 X113.079 Y114.268 E.01797
G1 X113.344 Y113.808 E.01753
G1 X113.793 Y113.321 E.02187
G1 X114.145 Y113.052 E.01463
G1 X114.564 Y112.837 E.01555
G1 X115.171 Y112.648 E.02099
G1 X115.745 Y112.608 E.019
G1 X116.244 Y112.65 E.01653
G1 X116.781 Y112.813 E.01853
G1 X117.255 Y113.05 E.0175
G1 X117.703 Y113.408 E.01893
G1 X118.041 Y113.786 E.01674
G1 X118.306 Y114.242 E.01741
G1 X118.513 Y114.791 E.01937
G1 X118.6 Y115.473 E.0227
G1 X118.546 Y115.742 E.00906
G1 X118.914 Y115.885 F9000
;TYPE:External perimeter
;WIDTH:0.419999
G1 F900
G1 X118.814 Y116.28 E.01278
G1 X118.546 Y116.833 E.01927
G1 X118.212 Y117.3 E.018
G1 X117.753 Y117.716 E.01942
G1 X117.315 Y117.994 E.01627
G1 X116.795 Y118.177 E.01728
G1 X116.258 Y118.296 E.01725
G1 X115.148 Y118.296 E.0348
G1 X114.428 Y118.14 E.0231
G1 X113.912 Y117.893 E.01794
G1 X113.462 Y117.573 E.01731
G1 X113.06 Y117.136 E.01862
G1 X112.745 Y116.649 E.01819
G1 X112.514 Y116.031 E.02069
G1 X112.411 Y115.49 E.01727
G1 X112.427 Y115.235 E.00801
G1 X112.514 Y114.682 E.01755
G1 X112.746 Y114.067 E.02061
G1 X113.036 Y113.571 E.01801
G1 X113.531 Y113.034 E.0229
G1 X113.937 Y112.723 E.01604
G1 X114.417 Y112.478 E.0169
G1 X114.798 Y112.359 E.01252
G1 X115.312 Y112.24 E.01654
G1 X115.806 Y112.222 E.0155
G1 X116.316 Y112.269 E.01606
G1 X116.924 Y112.453 E.01992
G1 X117.463 Y112.723 E.0189
G1 X117.968 Y113.126 E.02026
G1 X118.359 Y113.564 E.01841
G1 X118.657 Y114.075 E.01855
G1 X118.887 Y114.686 E.02047
G1 X118.989 Y115.49 E.02541
G1 X118.95 Y115.742 E.008
G1 X118.928 Y115.827 E.00275
G1 X117.749 Y115.998 F9000
;TYPE:Internal infill
;WIDTH:0.44
G1 F900
G1 X117.894 Y115.44 E.01904
G1 X117.834 Y114.982 E.01525
G1 X117.462 Y114.19 E.02889
G1 X117.148 Y113.852 E.01523
G1 X114.219 Y116.781 E.13677
G1 X114.759 Y117.097 E.02066
G1 X115.264 Y117.206 E.01706
G1 X116.343 Y117.181 E.03564
G1 X116.947 Y116.947 E.02139
G1 X114.064 Y114.064 E.13462
G1 X114.522 Y113.648 E.02043
G1 X114.831 Y113.49 E.01146
G1 X115.319 Y113.338 E.01688
G1 X115.892 Y113.314 E.01894
G1 X116.216 Y113.368 E.01085
;LAYER_CHANGE
;Z:8.8
;HEIGHT:0.2
;BEFORE_LAYER_CHANGE
G92 E0
;8.8


G1 E-3.5 F3600
;WIPE_START
G1 F7200
G1 X115.892 Y113.314 E-.15602
G1 X115.319 Y113.338 E-.27241
G1 X114.831 Y113.49 E-.24278
G1 X114.522 Y113.648 E-.16485
G1 X114.064 Y114.064 E-.29389
G1 X114.615 Y114.615 E-.37005
;WIPE_END
G1 Z8.8 F9000
;AFTER_LAYER_CHANGE
;8.8
G1 X114.724 Y112.937
G1 E5 F2400
;TYPE:Perimeter
;WIDTH:0.439999
G1 F900
G1 X114.993 Y112.844 E.0094
G1 X115.469 Y112.803 E.01577
G1 X116.007 Y112.844 E.01781
G1 X116.475 Y112.984 E.01613
G1 X117 Y113.259 E.01957
G1 X117.488 Y113.669 E.02104
G1 X117.869 Y114.197 E.0215
G1 X118.077 Y114.699 E.01794
G1 X118.201 Y115.457 E.02536
G1 X118.127 Y115.856 E.0134
G1 X117.938 Y116.371 E.01811
G1 X117.582 Y116.901 E.02108
G1 X117.119 Y117.312 E.02044
G1 X116.585 Y117.585 E.0198
G1 X116.02 Y117.71 E.01911
G1 X115.492 Y117.694 E.01744
G1 X114.947 Y117.532 E.01877
G1 X114.438 Y117.224 E.01964
G1 X113.943 Y116.856 E.02037
G1 X113.553 Y116.421 E.01929
G1 X113.317 Y115.959 E.01713
G1 X113.192 Y115.404 E.01878
G1 X113.21 Y114.816 E.01942
G1 X113.381 Y114.231 E.02012
G1 X113.704 Y113.691 E.02078
G1 X114.064 Y113.323 E.017
G1 X114.541 Y113 E.01902
G1 X114.667 Y112.957 E.0044
G1 X114.572 Y112.542 F9000
G1 F900
G1 X115.053 Y112.436 E.01626
G1 X115.561 Y112.407 E.0168
G1 X116.081 Y112.453 E.01724
G1 X116.622 Y112.615 E.01865
G1 X117.23 Y112.933 E.02265
G1 X117.603 Y113.247 E.0161
G1 X118.009 Y113.677 E.01953
G1 X118.312 Y114.205 E.0201
G1 X118.504 Y114.729 E.01843
G1 X118.586 Y115.246 E.01728
G1 X118.566 Y115.699 E.01497
G1 X118.442 Y116.201 E.01707
G1 X118.193 Y116.723 E.0191
G1 X117.881 Y117.163 E.01781
G1 X117.475 Y117.538 E.01825
G1 X117.039 Y117.821 E.01716
G1 X116.564 Y118.004 E.01681
G1 X116.056 Y118.106 E.01711
G1 X115.415 Y118.085 E.02118
G1 X114.785 Y117.898 E.0217
G1 X114.216 Y117.554 E.02195
G1 X113.673 Y117.151 E.02233
G1 X113.232 Y116.657 E.02186
G1 X112.943 Y116.096 E.02084
G1 X112.821 Y115.6 E.01686
G1 X112.784 Y115.1 E.01655
G1 X112.858 Y114.573 E.01757
G1 X113.016 Y114.072 E.01734
G1 X113.293 Y113.588 E.01841
G1 X113.639 Y113.167 E.01799
G1 X114.058 Y112.829 E.01777
G1 X114.519 Y112.57 E.01746
G1 X114.432 Y112.179 F9000
;TYPE:External perimeter
;WIDTH:0.419999
G1 F900
G1 X115.089 Y112.042 E.02104
G1 X115.748 Y112.021 E.02067
G1 X116.387 Y112.132 E.02034
G1 X116.983 Y112.342 E.01981
G1 X117.453 Y112.615 E.01704
G1 X118.047 Y113.115 E.02434
G1 X118.419 Y113.599 E.01914
G1 X118.662 Y114.04 E.01579
G1 X118.88 Y114.632 E.01978
G1 X118.989 Y115.491 E.02715
G1 X118.882 Y116.07 E.01846
G1 X118.716 Y116.546 E.01581
G1 X118.428 Y117.088 E.01924
G1 X118.02 Y117.573 E.01987
G1 X117.561 Y117.961 E.01884
G1 X117.022 Y118.25 E.01918
G1 X116.474 Y118.433 E.01811
G1 X115.858 Y118.499 E.01942
G1 X115.34 Y118.467 E.01627
G1 X114.628 Y118.255 E.02329
G1 X114 Y117.876 E.023
G1 X113.411 Y117.438 E.02301
G1 X112.919 Y116.888 E.02314
G1 X112.73 Y116.574 E.01149
G1 X112.522 Y116.034 E.01814
G1 X112.409 Y115.48 E.01773
G1 X112.416 Y114.882 E.01875
G1 X112.522 Y114.3 E.01855
G1 X112.759 Y113.725 E.0195
G1 X113.085 Y113.206 E.01922
G1 X113.511 Y112.765 E.01922
G1 X113.914 Y112.459 E.01587
G1 X114.379 Y112.207 E.01658
G1 X116.025 Y113.164 F9000
;TYPE:Internal infill
;WIDTH:0.44
G1 F900
G1 X115.47 Y113.109 E.01841
G1 X114.814 Y113.206 E.02189
G1 X114.352 Y113.478 E.0177
G1 X113.918 Y113.918 E.02041
G1 X117.01 Y117.01 E.14438
G1 X116.719 Y117.194 E.01137
G1 X116.238 Y117.367 E.01688
G1 X115.551 Y117.392 E.0227
G1 X115.072 Y117.25 E.0165
G1 X114.276 Y116.724 E.0315
G1 X117.185 Y113.815 E.13583
G1 X117.601 Y114.345 E.02225
G1 X117.822 Y114.904 E.01985
G1 X117.894 Y115.444 E.01799
G1 X117.77 Y115.985 E.01833
;LAYER_CHANGE
;Z:9
;HEIGHT:0.2
;BEFORE_LAYER_CHANGE
G92 E0
;9


G1 E-3.5 F3600
;WIPE_START
G1 F7200
G1 X117.894 Y115.444 E-.26364
G1 X117.822 Y114.904 E-.25877
G1 X117.601 Y114.345 E-.28552
G1 X117.185 Y113.815 E-.32004
G1 X116.631 Y114.369 E-.37203
;WIPE_END
G1 Z9 F9000
;AFTER_LAYER_CHANGE
;9
G1 X117.948 Y115.741
G1 E5 F2400
;TYPE:Perimeter
;WIDTH:0.439999
G1 F900
G1 X117.927 Y115.856 E.00386
G1 X117.738 Y116.371 E.01811
G1 X117.382 Y116.901 E.02108
G1 X116.919 Y117.312 E.02044
G1 X116.385 Y117.585 E.0198
G1 X115.82 Y117.71 E.01911
G1 X115.292 Y117.694 E.01744
G1 X114.747 Y117.532 E.01877
G1 X114.238 Y117.224 E.01964
G1 X113.743 Y116.856 E.02037
G1 X113.353 Y116.421 E.01929
G1 X113.117 Y115.959 E.01713
G1 X112.992 Y115.404 E.01878
G1 X113.01 Y114.816 E.01942
G1 X113.181 Y114.231 E.02012
G1 X113.504 Y113.691 E.02078
G1 X113.864 Y113.323 E.017
G1 X114.341 Y113 E.01902
G1 X114.793 Y112.844 E.01579
G1 X115.269 Y112.803 E.01577
G1 X115.807 Y112.844 E.01781
G1 X116.275 Y112.984 E.01613
G1 X116.8 Y113.259 E.01957
G1 X117.288 Y113.669 E.02104
G1 X117.669 Y114.197 E.0215
G1 X117.877 Y114.699 E.01794
G1 X118.001 Y115.457 E.02536
G1 X117.959 Y115.682 E.00756
G1 X118.335 Y115.827 F9000
G1 F900
G1 X118.242 Y116.201 E.01272
G1 X117.993 Y116.722 E.01907
G1 X117.681 Y117.163 E.01784
G1 X117.275 Y117.538 E.01825
G1 X116.839 Y117.821 E.01716
G1 X116.364 Y118.004 E.01681
G1 X115.856 Y118.106 E.01711
G1 X115.215 Y118.085 E.02118
G1 X114.585 Y117.898 E.0217
G1 X114.016 Y117.554 E.02195
G1 X113.473 Y117.151 E.02233
G1 X113.032 Y116.657 E.02186
G1 X112.743 Y116.096 E.02084
G1 X112.621 Y115.6 E.01686
G1 X112.584 Y115.1 E.01655
G1 X112.658 Y114.573 E.01757
G1 X112.816 Y114.072 E.01734
G1 X113.093 Y113.588 E.01841
G1 X113.439 Y113.167 E.01799
G1 X113.858 Y112.829 E.01777
G1 X114.367 Y112.544 E.01926
G1 X114.853 Y112.436 E.01644
G1 X115.361 Y112.407 E.0168
G1 X115.881 Y112.453 E.01724
G1 X116.422 Y112.615 E.01865
G1 X117.03 Y112.933 E.02265
G1 X117.403 Y113.247 E.0161
G1 X117.809 Y113.677 E.01953
G1 X118.112 Y114.205 E.0201
G1 X118.304 Y114.729 E.01843
G1 X118.386 Y115.246 E.01728
G1 X118.366 Y115.699 E.01497
G1 X118.349 Y115.768 E.00235
G1 X118.711 Y115.91 F9000
;TYPE:External perimeter
;WIDTH:0.419999
G1 F900
G1 X118.682 Y116.07 E.0051
G1 X118.516 Y116.546 E.01581
G1 X118.228 Y117.088 E.01924
G1 X117.82 Y117.573 E.01987
G1 X117.361 Y117.961 E.01884
G1 X116.822 Y118.25 E.01918
G1 X116.274 Y118.433 E.01811
G1 X115.658 Y118.499 E.01942
G1 X115.14 Y118.467 E.01627
G1 X114.428 Y118.255 E.02329
G1 X113.8 Y117.876 E.023
G1 X113.211 Y117.438 E.02301
G1 X112.719 Y116.888 E.02314
G1 X112.53 Y116.574 E.01149
G1 X112.322 Y116.034 E.01814
G1 X112.209 Y115.48 E.01773
G1 X112.216 Y114.882 E.01875
G1 X112.322 Y114.3 E.01855
G1 X112.559 Y113.725 E.0195
G1 X112.885 Y113.206 E.01922
G1 X113.311 Y112.765 E.01922
G1 X113.714 Y112.459 E.01587
G1 X114.23 Y112.179 E.01841
G1 X114.889 Y112.042 E.0211
G1 X115.548 Y112.021 E.02067
G1 X116.187 Y112.132 E.02034
G1 X116.783 Y112.342 E.01981
G1 X117.253 Y112.615 E.01704
G1 X117.847 Y113.115 E.02434
G1 X118.219 Y113.599 E.01914
G1 X118.462 Y114.04 E.01579
G1 X118.68 Y114.632 E.01978
G1 X118.789 Y115.491 E.02715
G1 X118.722 Y115.851 E.01148
G1 X117.515 Y116.116 F9000
;TYPE:Internal infill
;WIDTH:0.44
G1 F900
G1 X117.694 Y115.444 E.02296
G1 X117.622 Y114.904 E.01799
G1 X117.401 Y114.345 E.01985
G1 X117.09 Y113.91 E.01766
G1 X114.191 Y116.809 E.13536
G1 X114.872 Y117.25 E.02679
G1 X115.549 Y117.412 E.02298
G1 X116.282 Y117.296 E.0245
G1 X116.922 Y116.922 E.02447
G1 X113.808 Y113.808 E.1454
G1 X114.152 Y113.478 E.01574
G1 X114.614 Y113.206 E.0177
G1 X115.27 Y113.109 E.02189
G1 X115.963 Y113.2 E.02308
;LAYER_CHANGE
;Z:9.2
;HEIGHT:0.2
;BEFORE_LAYER_CHANGE
G92 E0
;9.2


G1 E-3.5 F3600
;WIPE_START
G1 F7200
G1 X115.27 Y113.109 E-.332
G1 X114.614 Y113.206 E-.31499
G1 X114.152 Y113.478 E-.25466
G1 X113.808 Y113.808 E-.22643
G1 X114.362 Y114.362 E-.37192
;WIPE_END
G1 Z9.2 F9000
;AFTER_LAYER_CHANGE
;9.2
G1 X117.871 Y113.828
G1 E5 F2400
;TYPE:Perimeter
;WIDTH:0.439999
G1 F900
G1 X118.134 Y114.291 E.01758
G1 X118.309 Y114.766 E.01671
G1 X118.401 Y115.459 E.02308
G1 X118.259 Y116.123 E.02242
G1 X118.04 Y116.591 E.01706
G1 X117.741 Y117.022 E.01732
G1 X117.384 Y117.357 E.01616
G1 X116.961 Y117.638 E.01677
G1 X116.361 Y117.857 E.02109
G1 X115.744 Y117.918 E.02047
G1 X115.153 Y117.824 E.01976
G1 X114.731 Y117.65 E.01507
G1 X114.315 Y117.369 E.01658
G1 X114.016 Y117.025 E.01505
G1 X113.741 Y116.597 E.0168
G1 X113.442 Y115.676 E.03197
G1 X113.383 Y115.1 E.01912
G1 X113.464 Y114.589 E.01708
G1 X113.689 Y114.066 E.0188
G1 X114.05 Y113.6 E.01946
G1 X114.532 Y113.228 E.0201
G1 X115.11 Y112.981 E.02075
G1 X115.574 Y112.899 E.01556
G1 X116.085 Y112.896 E.01687
G1 X116.598 Y113.006 E.01732
G1 X117.064 Y113.191 E.01655
G1 X117.48 Y113.465 E.01645
G1 X117.827 Y113.787 E.01563
G1 X118.184 Y113.58 F9000
G1 F900
G1 X118.497 Y114.129 E.02087
G1 X118.694 Y114.666 E.01889
G1 X118.8 Y115.475 E.02694
G1 X118.744 Y115.86 E.01285
G1 X118.548 Y116.46 E.02084
G1 X118.279 Y116.97 E.01904
G1 X117.893 Y117.433 E.0199
G1 X117.468 Y117.797 E.01848
G1 X116.961 Y118.071 E.01903
G1 X116.449 Y118.245 E.01785
G1 X115.901 Y118.31 E.01822
G1 X115.381 Y118.282 E.01719
G1 X114.889 Y118.151 E.01681
G1 X114.418 Y117.936 E.01709
G1 X113.912 Y117.542 E.02117
G1 X113.6 Y117.134 E.01696
G1 X113.373 Y116.747 E.01481
G1 X113.051 Y115.759 E.03431
G1 X113.003 Y115.285 E.01573
G1 X113.011 Y114.8 E.01602
G1 X113.13 Y114.342 E.01562
G1 X113.346 Y113.864 E.01732
G1 X113.659 Y113.443 E.01732
G1 X114.033 Y113.086 E.01707
G1 X114.501 Y112.799 E.01813
G1 X115.001 Y112.598 E.01779
G1 X115.567 Y112.501 E.01896
G1 X116.125 Y112.5 E.01842
G1 X116.712 Y112.625 E.01982
G1 X117.248 Y112.839 E.01906
G1 X117.798 Y113.21 E.0219
G1 X118.141 Y113.539 E.01569
G1 X118.49 Y113.339 F9000
;TYPE:External perimeter
;WIDTH:0.419999
G1 F900
G1 X118.847 Y113.964 E.02257
G1 X119.069 Y114.569 E.02021
G1 X119.189 Y115.491 E.02915
G1 X119.054 Y116.193 E.02241
G1 X118.826 Y116.798 E.02027
G1 X118.457 Y117.375 E.02147
G1 X118.028 Y117.849 E.02005
G1 X117.492 Y118.233 E.02067
G1 X116.935 Y118.505 E.01944
G1 X116.32 Y118.658 E.01987
G1 X115.721 Y118.703 E.01883
G1 X115.115 Y118.62 E.01918
G1 X114.564 Y118.446 E.01812
G1 X114.027 Y118.137 E.01943
G1 X113.627 Y117.806 E.01628
G1 X113.292 Y117.369 E.01726
G1 X113.013 Y116.894 E.01727
G1 X112.671 Y115.839 E.03477
G1 X112.596 Y115.106 E.0231
G1 X112.672 Y114.539 E.01794
G1 X112.837 Y114.012 E.01731
G1 X113.126 Y113.498 E.01849
G1 X113.494 Y113.045 E.0183
G1 X113.972 Y112.66 E.01924
G1 X114.501 Y112.365 E.01899
G1 X115.112 Y112.178 E.02003
G1 X115.732 Y112.098 E.0196
G1 X116.395 Y112.153 E.02086
G1 X117.019 Y112.313 E.0202
G1 X117.61 Y112.605 E.02067
G1 X118.038 Y112.907 E.01642
G1 X118.446 Y113.297 E.0177
G1 X118.057 Y115.072 F9000
;TYPE:Internal infill
;WIDTH:0.44
G1 F900
G1 X118.094 Y115.447 E.01244
G1 X118.055 Y115.715 E.00894
G1 X117.848 Y116.312 E.02086
G1 X117.509 Y116.822 E.02022
G1 X117.151 Y117.151 E.01605
G1 X114.061 Y114.061 E.14428
G1 X113.84 Y114.443 E.01457
G1 X113.69 Y115.098 E.02219
G1 X113.743 Y115.613 E.01709
G1 X114.025 Y116.481 E.03013
G1 X114.217 Y116.783 E.01182
G1 X117.293 Y113.707 E.14363
G1 X116.922 Y113.463 E.01466
G1 X116.348 Y113.25 E.02021
G1 X116.053 Y113.201 E.00987
G1 X115.47 Y113.215 E.01925
G1 X115.044 Y113.328 E.01455
;LAYER_CHANGE
;Z:9.4
;HEIGHT:0.2
;BEFORE_LAYER_CHANGE
G92 E0
;9.4


G1 E-3.5 F3600
;WIPE_START
G1 F7200
G1 X115.47 Y113.215 E-.20935
G1 X116.053 Y113.201 E-.277
G1 X116.348 Y113.25 E-.14204
G1 X116.922 Y113.463 E-.29082
G1 X117.293 Y113.707 E-.21092
G1 X116.742 Y114.258 E-.36987
;WIPE_END
G1 Z9.4 F9000
;AFTER_LAYER_CHANGE
;9.4
G1 X118.35 Y116.316
G1 E5 F2400
;TYPE:Perimeter
;WIDTH:0.439999
G1 F900
G1 X118.339 Y116.422 E.00352
G1 X118.109 Y116.866 E.01651
G1 X117.748 Y117.299 E.01861
G1 X117.366 Y117.626 E.0166
G1 X116.914 Y117.876 E.01705
G1 X116.418 Y118.049 E.01734
G1 X115.933 Y118.11 E.01614
G1 X115.425 Y118.088 E.01679
G1 X114.811 Y117.913 E.02108
G1 X114.277 Y117.6 E.02044
G1 X113.853 Y117.176 E.0198
G1 X113.614 Y116.787 E.01507
G1 X113.443 Y116.315 E.01658
G1 X113.403 Y115.861 E.01505
G1 X113.432 Y115.353 E.0168
G1 X113.731 Y114.433 E.03194
G1 X114.022 Y113.933 E.0191
G1 X114.388 Y113.566 E.01711
G1 X114.878 Y113.275 E.01882
G1 X115.277 Y113.148 E.01383
G1 X115.805 Y113.089 E.01754
G1 X116.387 Y113.15 E.01932
G1 X116.774 Y113.28 E.01348
G1 X117.242 Y113.531 E.01753
G1 X117.61 Y113.845 E.01597
G1 X117.948 Y114.25 E.01742
G1 X118.2 Y114.737 E.0181
G1 X118.355 Y115.222 E.01681
G1 X118.41 Y115.759 E.01782
G1 X118.357 Y116.256 E.0165
G1 X118.746 Y116.384 F9000
G1 F900
G1 X118.721 Y116.547 E.00544
G1 X118.539 Y116.899 E.01308
G1 X118.298 Y117.275 E.01475
G1 X117.913 Y117.698 E.01889
G1 X117.402 Y118.068 E.02083
G1 X116.884 Y118.323 E.01906
G1 X116.3 Y118.471 E.01989
G1 X115.742 Y118.515 E.01848
G1 X115.17 Y118.439 E.01905
G1 X114.654 Y118.279 E.01784
G1 X114.173 Y118.009 E.01821
G1 X113.768 Y117.681 E.01721
G1 X113.447 Y117.286 E.01681
G1 X113.193 Y116.835 E.01709
G1 X113.015 Y116.218 E.0212
G1 X113.002 Y115.705 E.01694
G1 X113.046 Y115.259 E.0148
G1 X113.367 Y114.27 E.03433
G1 X113.606 Y113.858 E.01573
G1 X113.898 Y113.471 E.01601
G1 X114.264 Y113.17 E.01565
G1 X114.719 Y112.91 E.0173
G1 X115.19 Y112.76 E.01632
G1 X115.813 Y112.691 E.0207
G1 X116.464 Y112.759 E.02161
G1 X116.989 Y112.941 E.01835
G1 X117.468 Y113.203 E.01803
G1 X117.916 Y113.59 E.01955
G1 X118.279 Y114.03 E.01883
G1 X118.567 Y114.584 E.02062
G1 X118.744 Y115.14 E.01927
G1 X118.811 Y115.955 E.027
G1 X118.755 Y116.325 E.01236
G1 X119.127 Y116.45 F9000
;TYPE:External perimeter
;WIDTH:0.419999
G1 F900
G1 X119.094 Y116.668 E.00691
G1 X118.775 Y117.285 E.02178
G1 X118.367 Y117.787 E.02028
G1 X117.972 Y118.146 E.01674
G1 X117.428 Y118.505 E.02044
G1 X116.79 Y118.756 E.0215
G1 X116.164 Y118.886 E.02005
G1 X115.505 Y118.882 E.02066
G1 X114.894 Y118.775 E.01945
G1 X114.307 Y118.537 E.01986
G1 X113.796 Y118.221 E.01884
G1 X113.355 Y117.798 E.01916
G1 X113.012 Y117.333 E.01812
G1 X112.758 Y116.767 E.01945
G1 X112.629 Y116.265 E.01625
G1 X112.615 Y115.715 E.01725
G1 X112.669 Y115.167 E.01727
G1 X113.012 Y114.111 E.03481
G1 X113.382 Y113.474 E.0231
G1 X113.777 Y113.06 E.01794
G1 X114.22 Y112.731 E.0173
G1 X114.766 Y112.481 E.01883
G1 X115.318 Y112.335 E.0179
G1 X115.821 Y112.302 E.01581
G1 X116.54 Y112.378 E.02267
G1 X117.145 Y112.587 E.02007
G1 X117.688 Y112.884 E.01941
G1 X118.192 Y113.318 E.02085
G1 X118.602 Y113.815 E.0202
G1 X118.923 Y114.434 E.02186
G1 X119.124 Y115.06 E.02061
G1 X119.199 Y115.98 E.02894
G1 X119.136 Y116.391 E.01304
G1 X117.523 Y115.855 F9000
;TYPE:Internal infill
;WIDTH:0.44
G1 F900
G1 X117.61 Y115.44 E.014
G1 X117.596 Y115.21 E.00761
G1 X117.368 Y114.39 E.0281
G1 X117.594 Y114.29 E.00816
G1 X117.151 Y113.849 E.02064
G1 X114.233 Y116.767 E.13625
G1 X114.905 Y117.173 E.02592
G1 X115.551 Y117.328 E.02193
G1 X116.253 Y117.218 E.02346
G1 X116.863 Y116.863 E.0233
G1 X114.213 Y114.213 E.12374
G1 X114.577 Y113.807 E.018
G1 X115 Y113.556 E.01624
G1 X115.473 Y113.417 E.01628
G1 X116.316 Y113.45 E.02785
G1 E-3.5 F3600
;WIPE_START
G1 F7200
G1 X115.473 Y113.417 E-.40073
G1 X115 Y113.556 E-.23418
G1 X114.577 Y113.807 E-.23364
G1 X114.213 Y114.213 E-.25901
G1 X114.767 Y114.767 E-.37244
;WIPE_END
G1 X114.282 Y117.228 F9000
G1 E5 F2400
;TYPE:Solid infill
;WIDTH:0.411392
G1 F900
G1 X114.508 Y117.378 E.00831
;WIDTH:0.43714
G1 X114.734 Y117.528 E.00889
;WIDTH:0.479386
G1 X115.275 Y117.716 E.02079
;WIDTH:0.527304
G1 X115.801 Y117.761 E.02126
;WIDTH:0.554882
G1 X116.067 Y117.72 E.01146
;WIDTH:0.58246
G1 X116.332 Y117.679 E.01203
;WIDTH:0.63074
G1 X116.877 Y117.451 E.02888
;WIDTH:0.67315
G1 X117.361 Y117.088 E.0317
G1 X117.378 Y117.032 E.00307
;WIDTH:0.62871
G1 X117.395 Y116.977 E.0028
;WIDTH:0.58427
G1 X117.412 Y116.922 E.00259
;WIDTH:0.53983
G1 X117.429 Y116.867 E.00238
;WIDTH:0.49539
G1 X117.446 Y116.812 E.00217
;WIDTH:0.45095
G1 X117.463 Y116.757 E.00195
;WIDTH:0.40651
G1 X117.479 Y116.702 E.00173
;WIDTH:0.374572
G1 X117.604 Y116.529 E.00589
G1 X117.761 Y116.23 E.00931
;WIDTH:0.414485
G1 X117.816 Y116.135 E.00339
;WIDTH:0.455854
G1 X117.871 Y116.04 E.00377
;WIDTH:0.497223
G1 X117.925 Y115.945 E.00413
;WIDTH:0.538592
G1 X117.98 Y115.85 E.00452
;WIDTH:0.57996
G1 X118.035 Y115.755 E.0049
G1 X118.049 Y115.805 E.00232
;WIDTH:0.553753
G1 X118.056 Y115.931 E.00536
;WIDTH:0.508594
G1 X118.064 Y116.058 E.00493
;WIDTH:0.463435
G1 X118.072 Y116.184 E.00441
;WIDTH:0.418276
G1 X118.08 Y116.31 E.00394
;WIDTH:0.373116
G1 X118.011 Y116.471 E.00481
;WIDTH:0.364759
G1 X117.733 Y116.895 E.01357
;WIDTH:0.402916
G1 X117.684 Y116.92 E.00165
;WIDTH:0.443762
G1 X117.635 Y116.946 E.00185
;WIDTH:0.484609
G1 X117.586 Y116.971 E.00202
;WIDTH:0.525455
G1 X117.538 Y116.996 E.00217
G1 X118.035 Y115.755 F9000
;WIDTH:0.57996
G1 F900
G1 X118.033 Y115.583 E.00768
;WIDTH:0.536551
G1 X118.032 Y115.41 E.0071
;WIDTH:0.493142
G1 X117.977 Y115.133 E.01057
;WIDTH:0.455847
G1 X117.921 Y114.856 E.0097
;WIDTH:0.418552
G1 X117.816 Y114.59 E.00893
;LAYER_CHANGE
;Z:9.6
;HEIGHT:0.200001
;BEFORE_LAYER_CHANGE
G92 E0
;9.6


G1 E-3.5 F3600
;WIPE_START
G1 F7200
G1 X117.921 Y114.856 E-.13584
G1 X117.977 Y115.133 E-.13424
G1 X118.032 Y115.41 E-.13414
G1 X118.033 Y115.583 E-.08218
G1 X118.035 Y115.755 E-.08171
;WIPE_END
G1 E-.93189 F3600
G1 Z9.6 F9000
;AFTER_LAYER_CHANGE
;9.6
G1 X118.15 Y116.316
G1 E5 F2400
;TYPE:Perimeter
;WIDTH:0.439999
G1 F900
G1 X118.139 Y116.422 E.00352
G1 X117.909 Y116.866 E.01651
G1 X117.548 Y117.299 E.01861
G1 X117.166 Y117.626 E.0166
G1 X116.714 Y117.876 E.01705
G1 X116.218 Y118.049 E.01734
G1 X115.733 Y118.11 E.01614
G1 X115.225 Y118.088 E.01679
G1 X114.611 Y117.913 E.02108
G1 X114.077 Y117.6 E.02044
G1 X113.653 Y117.176 E.0198
G1 X113.414 Y116.787 E.01507
G1 X113.243 Y116.315 E.01658
G1 X113.203 Y115.861 E.01505
G1 X113.232 Y115.353 E.0168
G1 X113.531 Y114.433 E.03194
G1 X113.822 Y113.933 E.0191
G1 X114.188 Y113.566 E.01711
G1 X114.678 Y113.275 E.01882
G1 X115.077 Y113.148 E.01383
G1 X115.605 Y113.089 E.01754
G1 X116.187 Y113.15 E.01932
G1 X116.574 Y113.28 E.01348
G1 X117.042 Y113.531 E.01753
G1 X117.41 Y113.845 E.01597
G1 X117.748 Y114.25 E.01742
G1 X118 Y114.737 E.0181
G1 X118.155 Y115.222 E.01681
G1 X118.21 Y115.759 E.01782
G1 X118.157 Y116.256 E.0165
G1 X118.546 Y116.384 F9000
G1 F900
G1 X118.521 Y116.547 E.00544
G1 X118.339 Y116.899 E.01308
G1 X118.098 Y117.275 E.01475
G1 X117.713 Y117.698 E.01889
G1 X117.202 Y118.068 E.02083
G1 X116.684 Y118.323 E.01906
G1 X116.1 Y118.471 E.01989
G1 X115.542 Y118.515 E.01848
G1 X114.97 Y118.439 E.01905
G1 X114.454 Y118.279 E.01784
G1 X113.973 Y118.009 E.01821
G1 X113.568 Y117.681 E.01721
G1 X113.247 Y117.286 E.01681
G1 X112.993 Y116.835 E.01709
G1 X112.815 Y116.218 E.0212
G1 X112.802 Y115.705 E.01694
G1 X112.846 Y115.259 E.0148
G1 X113.167 Y114.27 E.03433
G1 X113.406 Y113.858 E.01573
G1 X113.698 Y113.471 E.01601
G1 X114.064 Y113.17 E.01565
G1 X114.519 Y112.91 E.0173
G1 X114.99 Y112.76 E.01632
G1 X115.613 Y112.691 E.0207
G1 X116.264 Y112.759 E.02161
G1 X116.789 Y112.941 E.01835
G1 X117.268 Y113.203 E.01803
G1 X117.716 Y113.59 E.01955
G1 X118.079 Y114.03 E.01883
G1 X118.367 Y114.584 E.02062
G1 X118.544 Y115.14 E.01927
G1 X118.611 Y115.955 E.027
G1 X118.555 Y116.325 E.01236
G1 X118.927 Y116.45 F9000
;TYPE:External perimeter
;WIDTH:0.419999
G1 F900
G1 X118.894 Y116.668 E.00691
G1 X118.575 Y117.285 E.02178
G1 X118.167 Y117.787 E.02028
G1 X117.772 Y118.146 E.01674
G1 X117.228 Y118.505 E.02044
G1 X116.59 Y118.756 E.0215
G1 X115.964 Y118.886 E.02005
G1 X115.305 Y118.882 E.02066
G1 X114.694 Y118.775 E.01945
G1 X114.107 Y118.537 E.01986
G1 X113.596 Y118.221 E.01884
G1 X113.155 Y117.798 E.01916
G1 X112.812 Y117.333 E.01812
G1 X112.558 Y116.767 E.01945
G1 X112.429 Y116.265 E.01625
G1 X112.415 Y115.715 E.01725
G1 X112.469 Y115.167 E.01727
G1 X112.812 Y114.111 E.03481
G1 X113.182 Y113.474 E.0231
G1 X113.577 Y113.06 E.01794
G1 X114.02 Y112.731 E.0173
G1 X114.566 Y112.481 E.01883
G1 X115.118 Y112.335 E.0179
G1 X115.621 Y112.302 E.01581
G1 X116.34 Y112.378 E.02267
G1 X116.945 Y112.587 E.02007
G1 X117.488 Y112.884 E.01941
G1 X117.992 Y113.318 E.02085
G1 X118.402 Y113.815 E.0202
G1 X118.723 Y114.434 E.02186
G1 X118.924 Y115.06 E.02061
G1 X118.999 Y115.98 E.02894
G1 X118.936 Y116.391 E.01304
G1 X117.792 Y115.057 F9000
;TYPE:Internal infill
;WIDTH:0.44
G1 F900
G1 X117.902 Y115.606 E.01849
G1 X117.844 Y116.327 E.02388
G1 X117.649 Y116.702 E.01396
G1 X117.205 Y117.205 E.02215
G1 X114.09 Y114.09 E.14545
G1 X113.812 Y114.559 E.018
G1 X113.503 Y115.592 E.0356
G1 X113.558 Y116.327 E.02434
G1 X113.753 Y116.779 E.01625
G1 X113.949 Y117.051 E.01107
G1 X117.063 Y113.937 E.1454
G1 X116.62 Y113.634 E.01772
G1 X116.127 Y113.452 E.01735
G1 X115.273 Y113.417 E.02822
G1 X114.832 Y113.544 E.01515
;LAYER_CHANGE
;Z:9.8
;HEIGHT:0.2
;BEFORE_LAYER_CHANGE
G92 E0
;9.8


G1 E-3.5 F3600
;WIPE_START
G1 F7200
G1 X115.273 Y113.417 E-.21799
G1 X116.127 Y113.452 E-.40599
G1 X116.62 Y113.634 E-.24962
G1 X117.063 Y113.937 E-.25494
G1 X116.51 Y114.49 E-.37146
;WIPE_END
G1 Z9.8 F9000
;AFTER_LAYER_CHANGE
;9.8
G1 X117.326 Y117.835
G1 E5 F2400
;TYPE:Perimeter
;WIDTH:0.439999
G1 F900
G1 X117.254 Y117.915 E.00355
G1 X116.808 Y118.138 E.01646
G1 X116.261 Y118.277 E.01863
G1 X115.76 Y118.317 E.01659
G1 X115.245 Y118.252 E.01714
G1 X114.744 Y118.101 E.01728
G1 X114.316 Y117.866 E.01612
G1 X113.918 Y117.55 E.01678
G1 X113.524 Y117.047 E.0211
G1 X113.276 Y116.48 E.02043
G1 X113.182 Y115.888 E.01979
G1 X113.237 Y115.312 E.0191
G1 X113.416 Y114.815 E.01744
G1 X113.739 Y114.346 E.0188
G1 X114.188 Y113.957 E.01961
G1 X114.691 Y113.6 E.02037
G1 X115.226 Y113.363 E.01932
G1 X115.706 Y113.285 E.01606
G1 X116.334 Y113.343 E.02082
G1 X116.858 Y113.534 E.01841
G1 X117.362 Y113.877 E.02013
G1 X117.776 Y114.351 E.02078
G1 X117.997 Y114.767 E.01555
G1 X118.157 Y115.251 E.01683
G1 X118.215 Y115.928 E.02243
G1 X118.133 Y116.47 E.0181
G1 X117.973 Y116.953 E.0168
G1 X117.702 Y117.421 E.01786
G1 X117.366 Y117.791 E.0165
G1 X117.606 Y118.123 F9000
G1 F900
G1 X117.491 Y118.24 E.00542
G1 X117.137 Y118.418 E.01308
G1 X116.72 Y118.58 E.01477
G1 X116.16 Y118.697 E.01889
G1 X115.529 Y118.696 E.02083
G1 X114.961 Y118.598 E.01903
G1 X114.401 Y118.374 E.01991
G1 X113.924 Y118.081 E.01848
G1 X113.506 Y117.684 E.01903
G1 X113.182 Y117.251 E.01786
G1 X112.952 Y116.749 E.01823
G1 X112.817 Y116.247 E.01716
G1 X112.79 Y115.738 E.01683
G1 X112.849 Y115.224 E.01708
G1 X113.068 Y114.621 E.02118
G1 X113.44 Y114.079 E.0217
G1 X113.943 Y113.644 E.02196
G1 X114.494 Y113.253 E.02231
G1 X115.1 Y112.985 E.02188
G1 X115.705 Y112.886 E.02024
G1 X116.408 Y112.951 E.02331
G1 X116.897 Y113.118 E.01706
G1 X117.343 Y113.359 E.01674
G1 X117.76 Y113.715 E.0181
G1 X118.106 Y114.129 E.01781
G1 X118.373 Y114.636 E.01892
G1 X118.546 Y115.167 E.01844
G1 X118.608 Y115.73 E.0187
G1 X118.59 Y116.161 E.01424
G1 X118.479 Y116.733 E.01924
G1 X118.219 Y117.34 E.0218
G1 X117.911 Y117.814 E.01866
G1 X117.648 Y118.081 E.01237
G1 X117.876 Y118.401 F9000
;TYPE:External perimeter
;WIDTH:0.419999
G1 F900
G1 X117.722 Y118.558 E.0069
G1 X117.1 Y118.869 E.0218
G1 X116.475 Y119.036 E.02028
G1 X115.945 Y119.093 E.01671
G1 X115.293 Y119.064 E.02046
G1 X114.63 Y118.892 E.02148
G1 X114.047 Y118.63 E.02004
G1 X113.516 Y118.24 E.02066
G1 X113.085 Y117.794 E.01945
G1 X112.75 Y117.256 E.01987
G1 X112.522 Y116.7 E.01884
G1 X112.414 Y116.098 E.01918
G1 X112.409 Y115.52 E.01812
G1 X112.537 Y114.914 E.01942
G1 X112.728 Y114.431 E.01629
G1 X113.15 Y113.819 E.02331
G1 X113.703 Y113.339 E.02296
G1 X114.302 Y112.914 E.02303
G1 X114.774 Y112.706 E.01617
G1 X115.192 Y112.567 E.01381
G1 X115.703 Y112.497 E.01617
G1 X116.48 Y112.569 E.02447
G1 X117.051 Y112.762 E.0189
G1 X117.561 Y113.039 E.0182
G1 X118.035 Y113.442 E.01951
G1 X118.428 Y113.912 E.01921
G1 X118.729 Y114.485 E.02029
G1 X118.925 Y115.086 E.01982
G1 X118.996 Y115.756 E.02112
G1 X118.954 Y116.405 E.02039
G1 X118.78 Y117.034 E.02046
G1 X118.561 Y117.52 E.01671
G1 X118.21 Y118.063 E.02027
G1 X117.918 Y118.358 E.01301
G1 E-3.5 F3600
;WIPE_START
G1 F7200
G1 X117.876 Y118.401 E-.02855
G1 X117.722 Y118.558 E-.10446
G1 X117.1 Y118.869 E-.33032
G1 X116.475 Y119.036 E-.30729
G1 X115.945 Y119.093 E-.2532
G1 X115.293 Y119.064 E-.31001
G1 X114.955 Y118.976 E-.16617
;WIPE_END
G1 X115.178 Y117.925 F9000
G1 E5 F2400
;TYPE:Internal infill
;WIDTH:0.44
G1 F900
G1 X115.766 Y118.01 E.01962
G1 X116.405 Y117.942 E.02122
G1 X117.072 Y117.664 E.02386
G1 X117.366 Y117.366 E.01382
G1 X114.281 Y114.281 E.14405
G1 X114.843 Y113.867 E.02305
G1 X115.511 Y113.612 E.02361
G1 X116.277 Y113.644 E.02531
G1 X116.719 Y113.806 E.01554
G1 X117.01 Y113.99 E.01137
G1 X113.918 Y117.082 E.14438
G1 X113.57 Y116.394 E.02546
G1 X113.488 Y115.879 E.01722
G1 X113.536 Y115.379 E.01658
G1 X113.764 Y114.848 E.01908
;LAYER_CHANGE
;Z:10
;HEIGHT:0.2
;BEFORE_LAYER_CHANGE
G92 E0
;10


G1 E-3.5 F3600
;WIPE_START
G1 F7200
G1 X113.536 Y115.379 E-.27449
G1 X113.488 Y115.879 E-.23859
G1 X113.57 Y116.394 E-.24771
G1 X113.918 Y117.082 E-.36623
G1 X114.473 Y116.527 E-.37298
;WIPE_END
G1 Z10 F9000
;AFTER_LAYER_CHANGE
;10
G1 X117.159 Y117.963
G1 E5 F2400
;TYPE:Perimeter
;WIDTH:0.439999
G1 F900
G1 X116.808 Y118.138 E.01295
G1 X116.261 Y118.277 E.01863
G1 X115.76 Y118.317 E.01659
G1 X115.245 Y118.252 E.01714
G1 X114.744 Y118.101 E.01728
G1 X114.316 Y117.866 E.01612
G1 X113.918 Y117.55 E.01678
G1 X113.524 Y117.047 E.0211
G1 X113.276 Y116.48 E.02043
G1 X113.182 Y115.888 E.01979
G1 X113.237 Y115.312 E.0191
G1 X113.416 Y114.815 E.01744
G1 X113.739 Y114.346 E.0188
G1 X114.188 Y113.957 E.01961
G1 X114.691 Y113.6 E.02037
G1 X115.226 Y113.363 E.01932
G1 X115.706 Y113.285 E.01606
G1 X116.334 Y113.343 E.02082
G1 X116.858 Y113.534 E.01841
G1 X117.362 Y113.877 E.02013
G1 X117.776 Y114.351 E.02078
G1 X117.997 Y114.767 E.01555
G1 X118.157 Y115.251 E.01683
G1 X118.215 Y115.928 E.02243
G1 X118.133 Y116.47 E.0181
G1 X117.973 Y116.953 E.0168
G1 X117.702 Y117.421 E.01786
G1 X117.254 Y117.915 E.02202
G1 X117.212 Y117.936 E.00155
G1 X117.344 Y118.314 F9000
G1 F900
G1 X117.137 Y118.418 E.00765
G1 X116.72 Y118.58 E.01477
G1 X116.16 Y118.697 E.01889
G1 X115.529 Y118.696 E.02083
G1 X114.961 Y118.598 E.01903
G1 X114.401 Y118.374 E.01991
G1 X113.924 Y118.081 E.01848
G1 X113.506 Y117.684 E.01903
G1 X113.182 Y117.251 E.01786
G1 X112.952 Y116.749 E.01823
G1 X112.817 Y116.247 E.01716
G1 X112.79 Y115.738 E.01683
G1 X112.849 Y115.224 E.01708
G1 X113.068 Y114.621 E.02118
G1 X113.44 Y114.079 E.0217
G1 X113.943 Y113.644 E.02196
G1 X114.494 Y113.253 E.02231
G1 X115.1 Y112.985 E.02188
G1 X115.705 Y112.886 E.02024
G1 X116.408 Y112.951 E.02331
G1 X116.897 Y113.118 E.01706
G1 X117.343 Y113.359 E.01674
G1 X117.76 Y113.715 E.0181
G1 X118.106 Y114.129 E.01781
G1 X118.373 Y114.636 E.01892
G1 X118.546 Y115.167 E.01844
G1 X118.608 Y115.73 E.0187
G1 X118.59 Y116.161 E.01424
G1 X118.479 Y116.733 E.01924
G1 X118.219 Y117.34 E.0218
G1 X117.911 Y117.814 E.01866
G1 X117.491 Y118.24 E.01975
G1 X117.398 Y118.287 E.00344
G1 X117.525 Y118.656 F9000
;TYPE:External perimeter
;WIDTH:0.419999
G1 F900
G1 X117.1 Y118.869 E.01491
G1 X116.475 Y119.036 E.02028
G1 X115.945 Y119.093 E.01671
G1 X115.293 Y119.064 E.02046
G1 X114.63 Y118.892 E.02148
G1 X114.047 Y118.63 E.02004
G1 X113.516 Y118.24 E.02066
G1 X113.085 Y117.794 E.01945
G1 X112.75 Y117.256 E.01987
G1 X112.522 Y116.7 E.01884
G1 X112.414 Y116.098 E.01918
G1 X112.409 Y115.52 E.01812
G1 X112.537 Y114.914 E.01942
G1 X112.728 Y114.431 E.01629
G1 X113.15 Y113.819 E.02331
G1 X113.703 Y113.339 E.02296
G1 X114.302 Y112.914 E.02303
G1 X114.774 Y112.706 E.01617
G1 X115.192 Y112.567 E.01381
G1 X115.703 Y112.497 E.01617
G1 X116.48 Y112.569 E.02447
G1 X117.051 Y112.762 E.0189
G1 X117.561 Y113.039 E.0182
G1 X118.035 Y113.442 E.01951
G1 X118.428 Y113.912 E.01921
G1 X118.729 Y114.485 E.02029
G1 X118.925 Y115.086 E.01982
G1 X118.996 Y115.756 E.02112
G1 X118.954 Y116.405 E.02039
G1 X118.78 Y117.034 E.02046
G1 X118.561 Y117.52 E.01671
G1 X118.21 Y118.063 E.02027
G1 X117.722 Y118.558 E.02179
G1 X117.578 Y118.629 E.00503
G1 E-3.5 F3600
;WIPE_START
G1 F7200
G1 X117.525 Y118.656 E-.02825
G1 X117.1 Y118.869 E-.22581
G1 X116.475 Y119.036 E-.30729
G1 X115.945 Y119.093 E-.2532
G1 X115.293 Y119.064 E-.31001
G1 X114.63 Y118.892 E-.32535
G1 X114.534 Y118.849 E-.05009
;WIPE_END
G1 X115.178 Y117.925 F9000
G1 E5 F2400
;TYPE:Internal infill
;WIDTH:0.44
G1 F900
G1 X115.766 Y118.01 E.01962
G1 X116.405 Y117.942 E.02122
G1 X117.072 Y117.664 E.02386
G1 X117.366 Y117.366 E.01382
G1 X114.281 Y114.281 E.14405
G1 X114.843 Y113.867 E.02305
G1 X115.511 Y113.612 E.02361
G1 X116.277 Y113.644 E.02531
G1 X116.719 Y113.806 E.01554
G1 X117.01 Y113.99 E.01137
G1 X113.918 Y117.082 E.14438
G1 X113.57 Y116.394 E.02546
G1 X113.488 Y115.879 E.01722
G1 X113.536 Y115.379 E.01658
G1 X113.764 Y114.848 E.01908
;LAYER_CHANGE
;Z:10.2
;HEIGHT:0.2
;BEFORE_LAYER_CHANGE
G92 E0
;10.2


G1 E-3.5 F3600
;WIPE_START
G1 F7200
G1 X113.536 Y115.379 E-.27449
G1 X113.488 Y115.879 E-.23859
G1 X113.57 Y116.394 E-.24771
G1 X113.918 Y117.082 E-.36623
G1 X114.473 Y116.527 E-.37298
;WIPE_END
G1 Z10.2 F9000
;AFTER_LAYER_CHANGE
;10.2
G1 X115.395 Y118.467
G1 E5 F2400
;TYPE:Perimeter
;WIDTH:0.439999
G1 F900
G1 X115.007 Y118.403 E.01298
G1 X114.484 Y118.194 E.0186
G1 X114.055 Y117.931 E.01661
G1 X113.676 Y117.577 E.01712
G1 X113.36 Y117.16 E.01727
G1 X113.151 Y116.718 E.01614
G1 X113.015 Y116.229 E.01676
G1 X112.992 Y115.59 E.02111
G1 X113.125 Y114.985 E.02045
G1 X113.397 Y114.451 E.01979
G1 X113.78 Y114.018 E.01909
G1 X114.217 Y113.721 E.01745
G1 X114.753 Y113.531 E.01878
G1 X115.346 Y113.481 E.01965
G1 X115.963 Y113.487 E.02037
G1 X116.534 Y113.61 E.01929
G1 X116.996 Y113.845 E.01711
G1 X117.424 Y114.22 E.01879
G1 X117.755 Y114.708 E.01947
G1 X117.96 Y115.281 E.02009
G1 X118.012 Y115.737 E.01515
G1 X118.002 Y116.055 E.0105
G1 X117.911 Y116.548 E.01655
G1 X117.726 Y116.996 E.016
G1 X117.445 Y117.442 E.0174
G1 X117.06 Y117.833 E.01812
G1 X116.647 Y118.129 E.01678
G1 X116.153 Y118.348 E.01784
G1 X115.5 Y118.485 E.02203
G1 X115.454 Y118.477 E.00154
G1 X115.338 Y118.86 F9000
G1 F900
G1 X115.109 Y118.823 E.00766
G1 X114.677 Y118.709 E.01475
G1 X114.155 Y118.474 E.0189
G1 X113.645 Y118.103 E.02082
G1 X113.243 Y117.689 E.01905
G1 X112.922 Y117.179 E.0199
G1 X112.708 Y116.662 E.01847
G1 X112.603 Y116.094 E.01907
G1 X112.596 Y115.554 E.01783
G1 X112.704 Y115.013 E.01821
G1 X112.891 Y114.527 E.01719
G1 X113.167 Y114.099 E.01681
G1 X113.518 Y113.718 E.0171
G1 X114.049 Y113.359 E.02116
G1 X114.669 Y113.14 E.02171
G1 X115.331 Y113.083 E.02194
G1 X116.007 Y113.091 E.02232
G1 X116.655 Y113.23 E.02188
G1 X117.218 Y113.515 E.02083
G1 X117.608 Y113.844 E.01685
G1 X117.932 Y114.228 E.01659
G1 X118.183 Y114.697 E.01756
G1 X118.349 Y115.195 E.01733
G1 X118.409 Y115.749 E.0184
G1 X118.377 Y116.293 E.01799
G1 X118.221 Y116.855 E.01926
G1 X117.981 Y117.366 E.01864
G1 X117.611 Y117.851 E.02014
G1 X117.186 Y118.249 E.01922
G1 X116.618 Y118.586 E.02181
G1 X116.091 Y118.789 E.01865
G1 X115.5 Y118.887 E.01978
G1 X115.397 Y118.87 E.00345
G1 X115.283 Y119.244 F9000
;TYPE:External perimeter
;WIDTH:0.419999
G1 F900
G1 X114.814 Y119.166 E.01491
G1 X114.211 Y118.933 E.02027
G1 X113.748 Y118.669 E.01671
G1 X113.238 Y118.262 E.02046
G1 X112.803 Y117.733 E.02147
G1 X112.485 Y117.178 E.02006
G1 X112.285 Y116.55 E.02066
G1 X112.198 Y115.936 E.01944
G1 X112.243 Y115.304 E.01987
G1 X112.386 Y114.72 E.01885
G1 X112.652 Y114.17 E.01916
G1 X112.988 Y113.7 E.01811
G1 X113.447 Y113.284 E.01942
G1 X113.885 Y113.006 E.01627
G1 X114.587 Y112.759 E.02333
G1 X115.317 Y112.696 E.02297
G1 X116.05 Y112.704 E.02298
G1 X116.467 Y112.794 E.01338
G1 X116.975 Y112.946 E.01663
G1 X117.435 Y113.193 E.01637
G1 X117.881 Y113.57 E.01831
G1 X118.253 Y114.009 E.01804
G1 X118.538 Y114.543 E.01898
G1 X118.727 Y115.112 E.0188
G1 X118.802 Y115.936 E.02594
G1 X118.709 Y116.577 E.02031
G1 X118.515 Y117.178 E.0198
G1 X118.178 Y117.762 E.02114
G1 X117.762 Y118.262 E.02039
G1 X117.252 Y118.669 E.02046
G1 X116.789 Y118.933 E.01671
G1 X116.186 Y119.166 E.02027
G1 X115.5 Y119.279 E.0218
G1 X115.342 Y119.253 E.00502
G1 X115.149 Y118.117 F9000
;TYPE:Internal infill
;WIDTH:0.44
G1 F900
G1 X115.5 Y118.175 E.01175
G1 X116.203 Y118.007 E.02386
G1 X116.76 Y117.687 E.02121
G1 X117.224 Y117.224 E.02164
G1 X114.132 Y114.132 E.14438
G1 X114.817 Y113.833 E.02468
G1 X115.463 Y113.788 E.02138
G1 X115.929 Y113.793 E.01539
G1 X116.441 Y113.903 E.01729
G1 X116.868 Y114.132 E.016
G1 X113.776 Y117.224 E.14438
G1 X113.484 Y116.737 E.01875
G1 X113.318 Y116.179 E.01922
G1 X113.297 Y115.618 E.01854
G1 X113.463 Y114.974 E.02196
;LAYER_CHANGE
;Z:10.4
;HEIGHT:0.2
;BEFORE_LAYER_CHANGE
G92 E0
;10.4


G1 E-3.5 F3600
;WIPE_START
G1 F7200
G1 X113.297 Y115.618 E-.3159
G1 X113.318 Y116.179 E-.26666
G1 X113.484 Y116.737 E-.27653
G1 X113.776 Y117.224 E-.26972
G1 X114.329 Y116.671 E-.37119
;WIPE_END
G1 Z10.4 F9000
;AFTER_LAYER_CHANGE
;10.4
G1 X113.674 Y117.835
G1 E5 F2400
;TYPE:Perimeter
;WIDTH:0.439999
G1 F900
G1 X113.298 Y117.421 E.01847
G1 X113.027 Y116.953 E.01786
G1 X112.856 Y116.425 E.01832
G1 X112.785 Y115.928 E.01658
G1 X112.815 Y115.434 E.01634
G1 X112.933 Y114.931 E.01706
G1 X113.224 Y114.351 E.02143
G1 X113.638 Y113.877 E.02078
G1 X114.142 Y113.534 E.02013
G1 X114.696 Y113.334 E.01945
G1 X115.231 Y113.283 E.01774
G1 X115.803 Y113.376 E.01913
G1 X116.304 Y113.597 E.01808
G1 X117.061 Y114.148 E.03091
G1 X117.273 Y114.385 E.0105
G1 X117.572 Y114.786 E.01652
G1 X117.763 Y115.312 E.01848
G1 X117.818 Y115.888 E.0191
G1 X117.724 Y116.48 E.01979
G1 X117.476 Y117.047 E.02043
G1 X117.198 Y117.42 E.01536
G1 X116.834 Y117.765 E.01656
G1 X116.422 Y118.018 E.01596
G1 X115.932 Y118.215 E.01744
G1 X115.391 Y118.304 E.0181
G1 X114.882 Y118.301 E.01681
G1 X114.354 Y118.188 E.01783
G1 X113.746 Y117.915 E.02201
G1 X113.714 Y117.88 E.00157
G1 X113.394 Y118.123 F9000
G1 F900
G1 X113.089 Y117.814 E.01434
G1 X112.743 Y117.266 E.0214
G1 X112.521 Y116.733 E.01906
G1 X112.406 Y116.123 E.0205
G1 X112.396 Y115.551 E.01889
G1 X112.51 Y114.968 E.01961
G1 X112.706 Y114.451 E.01826
G1 X113.014 Y113.973 E.01877
G1 X113.375 Y113.579 E.01764
G1 X113.819 Y113.263 E.01799
G1 X114.28 Y113.041 E.01689
G1 X114.758 Y112.922 E.01626
G1 X115.258 Y112.885 E.01655
G1 X115.917 Y112.992 E.02204
G1 X116.503 Y113.251 E.02115
G1 X117.329 Y113.851 E.03371
G1 X117.768 Y114.343 E.02177
G1 X117.974 Y114.716 E.01407
G1 X118.151 Y115.224 E.01776
G1 X118.216 Y115.9 E.02242
G1 X118.142 Y116.427 E.01757
G1 X117.984 Y116.928 E.01734
G1 X117.708 Y117.412 E.0184
G1 X117.361 Y117.833 E.01801
G1 X116.905 Y118.196 E.01924
G1 X116.41 Y118.468 E.01865
G1 X115.826 Y118.643 E.02013
G1 X115.248 Y118.714 E.01923
G1 X114.59 Y118.654 E.02182
G1 X114.044 Y118.508 E.01866
G1 X113.509 Y118.24 E.01976
G1 X113.436 Y118.166 E.00343
G1 X113.124 Y118.401 F9000
;TYPE:External perimeter
;WIDTH:0.419999
G1 F900
G1 X112.79 Y118.063 E.0149
G1 X112.4 Y117.446 E.02289
G1 X112.15 Y116.845 E.02041
G1 X112.021 Y116.163 E.02176
G1 X112.01 Y115.518 E.02023
G1 X112.138 Y114.863 E.02093
G1 X112.359 Y114.277 E.01964
G1 X112.707 Y113.737 E.02014
G1 X113.117 Y113.289 E.01904
G1 X113.622 Y112.93 E.01943
G1 X114.149 Y112.676 E.01834
G1 X114.76 Y112.53 E.0197
G1 X115.284 Y112.497 E.01646
G1 X116.028 Y112.618 E.02363
G1 X116.697 Y112.914 E.02294
G1 X117.59 Y113.562 E.03459
G1 X118.081 Y114.112 E.02312
G1 X118.353 Y114.615 E.01793
G1 X118.529 Y115.138 E.0173
G1 X118.597 Y115.705 E.01791
G1 X118.584 Y116.118 E.01296
G1 X118.478 Y116.7 E.01855
G1 X118.241 Y117.275 E.0195
G1 X117.915 Y117.794 E.01922
G1 X117.463 Y118.258 E.02031
G1 X116.953 Y118.63 E.01979
G1 X116.337 Y118.904 E.02114
G1 X115.707 Y119.064 E.02038
G1 X115.055 Y119.093 E.02046
G1 X114.525 Y119.036 E.01671
G1 X113.9 Y118.869 E.02028
G1 X113.278 Y118.558 E.0218
G1 X113.166 Y118.444 E.00501
G1 X114.992 Y118 F9000
;TYPE:Internal infill
;WIDTH:0.44
G1 F900
G1 X115.547 Y117.984 E.01833
G1 X116.136 Y117.819 E.0202
G1 X116.648 Y117.522 E.01954
G1 X117.082 Y117.082 E.02041
G1 X113.99 Y113.99 E.14438
G1 X114.518 Y113.704 E.01983
G1 X115.211 Y113.589 E.02319
G1 X115.715 Y113.672 E.01686
G1 X116.15 Y113.864 E.0157
G1 X116.721 Y114.279 E.02331
G1 X113.634 Y117.366 E.14414
G1 X113.307 Y116.828 E.02079
G1 X113.123 Y116.223 E.02088
G1 X113.098 Y115.612 E.02019
G1 X113.198 Y115.118 E.01664
;LAYER_CHANGE
;Z:10.6
;HEIGHT:0.200001
;BEFORE_LAYER_CHANGE
G92 E0
;10.6


G1 E-3.5 F3600
;WIPE_START
G1 F7200
G1 X113.098 Y115.612 E-.23941
G1 X113.123 Y116.223 E-.29047
G1 X113.307 Y116.828 E-.30037
G1 X113.634 Y117.366 E-.29905
G1 X114.186 Y116.814 E-.3707
;WIPE_END
G1 Z10.6 F9000
;AFTER_LAYER_CHANGE
;10.6
G1 X113.874 Y117.835
G1 E5 F2400
;TYPE:Perimeter
;WIDTH:0.439999
G1 F900
G1 X113.498 Y117.421 E.01847
G1 X113.227 Y116.953 E.01786
G1 X113.056 Y116.425 E.01832
G1 X112.985 Y115.928 E.01658
G1 X113.015 Y115.434 E.01634
G1 X113.133 Y114.931 E.01706
G1 X113.424 Y114.351 E.02143
G1 X113.838 Y113.877 E.02078
G1 X114.342 Y113.534 E.02013
G1 X114.896 Y113.334 E.01945
G1 X115.431 Y113.283 E.01774
G1 X116.003 Y113.376 E.01913
G1 X116.504 Y113.597 E.01808
G1 X117.261 Y114.148 E.03091
G1 X117.473 Y114.385 E.0105
G1 X117.772 Y114.786 E.01652
G1 X117.963 Y115.312 E.01848
G1 X118.018 Y115.888 E.0191
G1 X117.924 Y116.48 E.01979
G1 X117.676 Y117.047 E.02043
G1 X117.398 Y117.42 E.01536
G1 X117.034 Y117.765 E.01656
G1 X116.622 Y118.018 E.01596
G1 X116.132 Y118.215 E.01744
G1 X115.591 Y118.304 E.0181
G1 X115.082 Y118.301 E.01681
G1 X114.554 Y118.188 E.01783
G1 X113.946 Y117.915 E.02201
G1 X113.914 Y117.88 E.00157
G1 X113.594 Y118.123 F9000
G1 F900
G1 X113.289 Y117.814 E.01434
G1 X112.943 Y117.266 E.0214
G1 X112.721 Y116.733 E.01906
G1 X112.606 Y116.123 E.0205
G1 X112.596 Y115.551 E.01889
G1 X112.71 Y114.968 E.01961
G1 X112.906 Y114.451 E.01826
G1 X113.214 Y113.973 E.01877
G1 X113.575 Y113.579 E.01764
G1 X114.019 Y113.263 E.01799
G1 X114.48 Y113.041 E.01689
G1 X114.958 Y112.922 E.01626
G1 X115.458 Y112.885 E.01655
G1 X116.117 Y112.992 E.02204
G1 X116.703 Y113.251 E.02115
G1 X117.529 Y113.851 E.03371
G1 X117.968 Y114.343 E.02177
G1 X118.174 Y114.715 E.01404
G1 X118.351 Y115.224 E.01779
G1 X118.416 Y115.9 E.02242
G1 X118.342 Y116.427 E.01757
G1 X118.184 Y116.928 E.01734
G1 X117.908 Y117.412 E.0184
G1 X117.561 Y117.833 E.01801
G1 X117.105 Y118.196 E.01924
G1 X116.61 Y118.468 E.01865
G1 X116.026 Y118.643 E.02013
G1 X115.448 Y118.714 E.01923
G1 X114.79 Y118.654 E.02182
G1 X114.244 Y118.508 E.01866
G1 X113.709 Y118.24 E.01976
G1 X113.636 Y118.166 E.00343
G1 X113.324 Y118.401 F9000
;TYPE:External perimeter
;WIDTH:0.419999
G1 F900
G1 X112.99 Y118.063 E.0149
G1 X112.6 Y117.446 E.02289
G1 X112.35 Y116.845 E.02041
G1 X112.221 Y116.163 E.02176
G1 X112.21 Y115.518 E.02023
G1 X112.338 Y114.863 E.02093
G1 X112.559 Y114.277 E.01964
G1 X112.907 Y113.737 E.02014
G1 X113.317 Y113.289 E.01904
G1 X113.822 Y112.93 E.01943
G1 X114.349 Y112.676 E.01834
G1 X114.96 Y112.53 E.0197
G1 X115.484 Y112.497 E.01646
G1 X116.228 Y112.618 E.02363
G1 X116.897 Y112.914 E.02294
G1 X117.79 Y113.562 E.03459
G1 X118.281 Y114.112 E.02312
G1 X118.553 Y114.615 E.01793
G1 X118.729 Y115.138 E.0173
G1 X118.797 Y115.705 E.01791
G1 X118.784 Y116.118 E.01296
G1 X118.678 Y116.7 E.01855
G1 X118.441 Y117.275 E.0195
G1 X118.115 Y117.794 E.01922
G1 X117.663 Y118.258 E.02031
G1 X117.153 Y118.63 E.01979
G1 X116.537 Y118.904 E.02114
G1 X115.907 Y119.064 E.02038
G1 X115.255 Y119.093 E.02046
G1 X114.725 Y119.036 E.01671
G1 X114.1 Y118.869 E.02028
G1 X113.478 Y118.558 E.0218
G1 X113.366 Y118.444 E.00501
G1 X115.051 Y117.985 F9000
;TYPE:Internal infill
;WIDTH:0.44
G1 F900
G1 X115.747 Y117.984 E.02298
G1 X116.336 Y117.819 E.0202
G1 X116.848 Y117.522 E.01954
G1 X117.192 Y117.192 E.01574
G1 X114.078 Y114.078 E.1454
G1 X114.718 Y113.704 E.02447
G1 X115.411 Y113.589 E.02319
G1 X115.915 Y113.672 E.01686
G1 X116.35 Y113.864 E.0157
G1 X116.805 Y114.195 E.01858
G1 X113.751 Y117.249 E.1426
G1 X113.507 Y116.828 E.01607
G1 X113.323 Y116.223 E.02088
G1 X113.298 Y115.612 E.02019
G1 X113.444 Y114.982 E.02135
;LAYER_CHANGE
;Z:10.8
;HEIGHT:0.2
;BEFORE_LAYER_CHANGE
G92 E0
;10.8


G1 E-3.5 F3600
;WIPE_START
G1 F7200
G1 X113.298 Y115.612 E-.30718
G1 X113.323 Y116.223 E-.29047
G1 X113.507 Y116.828 E-.30037
G1 X113.751 Y117.249 E-.23113
G1 X114.303 Y116.697 E-.37085
;WIPE_END
G1 Z10.8 F9000
;AFTER_LAYER_CHANGE
;10.8
G1 X112.645 Y116.317
G1 E5 F2400
;TYPE:Perimeter
;WIDTH:0.439999
G1 F900
G1 X112.587 Y115.928 E.01299
G1 X112.624 Y115.366 E.0186
G1 X112.741 Y114.877 E.0166
G1 X112.961 Y114.407 E.01713
G1 X113.259 Y113.978 E.01725
G1 X113.616 Y113.643 E.01616
G1 X114.039 Y113.362 E.01677
G1 X114.639 Y113.143 E.02109
G1 X115.255 Y113.082 E.02044
G1 X115.847 Y113.176 E.01979
G1 X116.378 Y113.406 E.01911
G1 X116.796 Y113.73 E.01746
G1 X117.142 Y114.181 E.01877
G1 X117.373 Y114.729 E.01964
G1 X117.557 Y115.318 E.02037
G1 X117.595 Y116.14 E.02717
G1 X117.441 Y116.678 E.01848
G1 X117.147 Y117.176 E.01909
G1 X116.723 Y117.6 E.0198
G1 X116.189 Y117.913 E.02044
G1 X115.745 Y118.051 E.01535
G1 X115.248 Y118.117 E.01655
G1 X114.765 Y118.079 E.016
G1 X114.254 Y117.95 E.0174
G1 X113.764 Y117.704 E.0181
G1 X113.354 Y117.403 E.01679
G1 X112.993 Y117.001 E.01784
G1 X112.661 Y116.422 E.02204
G1 X112.654 Y116.376 E.00154
G1 X112.254 Y116.384 F9000
G1 F900
G1 X112.219 Y116.155 E.00765
G1 X112.193 Y115.708 E.01478
G1 X112.256 Y115.14 E.01887
G1 X112.452 Y114.54 E.02084
G1 X112.721 Y114.03 E.01904
G1 X113.107 Y113.567 E.0199
G1 X113.532 Y113.203 E.01848
G1 X114.04 Y112.928 E.01907
G1 X114.551 Y112.755 E.01781
G1 X115.1 Y112.69 E.01825
G1 X115.619 Y112.718 E.01716
G1 X116.111 Y112.849 E.01681
G1 X116.582 Y113.064 E.01709
G1 X117.088 Y113.458 E.02117
G1 X117.488 Y113.98 E.02171
G1 X117.746 Y114.592 E.02193
G1 X117.948 Y115.238 E.02235
G1 X117.981 Y115.561 E.01072
G1 X117.999 Y116.079 E.01711
G1 X117.919 Y116.521 E.01483
G1 X117.726 Y116.993 E.01684
G1 X117.462 Y117.42 E.01658
G1 X117.093 Y117.803 E.01756
G1 X116.67 Y118.115 E.01735
G1 X116.163 Y118.344 E.01837
G1 X115.635 Y118.482 E.01802
G1 X115.052 Y118.507 E.01927
G1 X114.492 Y118.436 E.01864
G1 X113.916 Y118.234 E.02015
G1 X113.407 Y117.952 E.01921
G1 X112.91 Y117.517 E.02181
G1 X112.554 Y117.078 E.01866
G1 X112.279 Y116.547 E.01974
G1 X112.263 Y116.444 E.00344
G1 X111.873 Y116.45 F9000
;TYPE:External perimeter
;WIDTH:0.419999
G1 F900
G1 X111.801 Y115.98 E.01491
G1 X111.836 Y115.335 E.02025
G1 X111.945 Y114.813 E.01672
G1 X112.174 Y114.202 E.02046
G1 X112.542 Y113.625 E.02146
G1 X112.972 Y113.151 E.02007
G1 X113.508 Y112.767 E.02067
G1 X114.065 Y112.495 E.01944
G1 X114.68 Y112.342 E.01987
G1 X115.279 Y112.297 E.01883
G1 X115.885 Y112.38 E.01918
G1 X116.436 Y112.554 E.01812
G1 X116.973 Y112.863 E.01943
G1 X117.373 Y113.194 E.01628
G1 X117.825 Y113.784 E.0233
G1 X118.11 Y114.459 E.02297
G1 X118.329 Y115.159 E.023
G1 X118.373 Y115.584 E.0134
G1 X118.372 Y116.259 E.02116
G1 X118.224 Y116.818 E.01813
G1 X117.988 Y117.333 E.01776
G1 X117.632 Y117.813 E.01874
G1 X117.204 Y118.221 E.01854
G1 X116.674 Y118.547 E.01951
G1 X116.106 Y118.775 E.01919
G1 X115.468 Y118.885 E.0203
G1 X114.836 Y118.886 E.01982
G1 X114.177 Y118.746 E.02112
G1 X113.572 Y118.505 E.02042
G1 X113.028 Y118.146 E.02044
G1 X112.633 Y117.787 E.01674
G1 X112.225 Y117.285 E.02028
G1 X111.906 Y116.668 E.02178
G1 X111.882 Y116.51 E.00501
G1 X112.896 Y115.93 F9000
;TYPE:Internal infill
;WIDTH:0.44
G1 F900
G1 X112.945 Y115.285 E.02136
G1 X113.152 Y114.688 E.02086
G1 X113.491 Y114.178 E.02022
G1 X113.849 Y113.849 E.01605
G1 X116.939 Y116.939 E.14428
G1 X117.16 Y116.557 E.01457
G1 X117.31 Y115.902 E.02219
G1 X117.256 Y115.38 E.01733
G1 X117.086 Y114.835 E.01885
G1 X116.783 Y114.217 E.02273
G1 X113.707 Y117.293 E.14363
G1 X114.078 Y117.537 E.01466
G1 X114.652 Y117.75 E.02021
G1 X115.24 Y117.811 E.01952
G1 X115.955 Y117.672 E.02405
;LAYER_CHANGE
;Z:11
;HEIGHT:0.2
;BEFORE_LAYER_CHANGE
G92 E0
;11


G1 E-3.5 F3600
;WIPE_START
G1 F7200
G1 X115.24 Y117.811 E-.34598
G1 X114.652 Y117.75 E-.2808
G1 X114.078 Y117.537 E-.29082
G1 X113.707 Y117.293 E-.21092
G1 X114.26 Y116.74 E-.37148
;WIPE_END
G1 Z11 F9000
;AFTER_LAYER_CHANGE
;11
G1 X112.715 Y116.515
G1 E5 F2400
;TYPE:Perimeter
;WIDTH:0.439999
G1 F900
G1 X112.661 Y116.422 E.00355
G1 X112.587 Y115.928 E.01649
G1 X112.624 Y115.366 E.0186
G1 X112.741 Y114.877 E.0166
G1 X112.961 Y114.407 E.01713
G1 X113.259 Y113.978 E.01725
G1 X113.616 Y113.643 E.01616
G1 X114.039 Y113.362 E.01677
G1 X114.639 Y113.143 E.02109
G1 X115.255 Y113.082 E.02044
G1 X115.847 Y113.176 E.01979
G1 X116.378 Y113.406 E.01911
G1 X116.796 Y113.73 E.01746
G1 X117.142 Y114.181 E.01877
G1 X117.373 Y114.729 E.01964
G1 X117.557 Y115.318 E.02037
G1 X117.595 Y116.14 E.02717
G1 X117.441 Y116.678 E.01848
G1 X117.147 Y117.176 E.01909
G1 X116.723 Y117.6 E.0198
G1 X116.189 Y117.913 E.02044
G1 X115.745 Y118.051 E.01535
G1 X115.248 Y118.117 E.01655
G1 X114.765 Y118.079 E.016
G1 X114.254 Y117.95 E.0174
G1 X113.764 Y117.704 E.0181
G1 X113.354 Y117.403 E.01679
G1 X112.993 Y117.001 E.01784
G1 X112.744 Y116.567 E.01652
G1 X112.354 Y116.692 F9000
G1 F900
G1 X112.279 Y116.547 E.00539
G1 X112.219 Y116.155 E.01309
G1 X112.193 Y115.708 E.01478
G1 X112.256 Y115.14 E.01887
G1 X112.452 Y114.54 E.02084
G1 X112.721 Y114.03 E.01904
G1 X113.107 Y113.567 E.0199
G1 X113.532 Y113.203 E.01848
G1 X114.04 Y112.928 E.01907
G1 X114.551 Y112.755 E.01781
G1 X115.1 Y112.69 E.01825
G1 X115.619 Y112.718 E.01716
G1 X116.111 Y112.849 E.01681
G1 X116.582 Y113.064 E.01709
G1 X117.088 Y113.458 E.02117
G1 X117.488 Y113.98 E.02171
G1 X117.746 Y114.592 E.02193
G1 X117.948 Y115.238 E.02235
G1 X117.981 Y115.561 E.01072
G1 X117.999 Y116.079 E.01711
G1 X117.919 Y116.521 E.01483
G1 X117.726 Y116.993 E.01684
G1 X117.462 Y117.42 E.01658
G1 X117.093 Y117.803 E.01756
G1 X116.67 Y118.115 E.01735
G1 X116.163 Y118.344 E.01837
G1 X115.635 Y118.482 E.01802
G1 X115.052 Y118.507 E.01927
G1 X114.492 Y118.436 E.01864
G1 X113.916 Y118.234 E.02015
G1 X113.407 Y117.952 E.01921
G1 X112.91 Y117.517 E.02181
G1 X112.554 Y117.078 E.01866
G1 X112.382 Y116.746 E.01235
G1 X112.007 Y116.863 F9000
;TYPE:External perimeter
;WIDTH:0.419999
G1 F900
G1 X111.906 Y116.668 E.00689
G1 X111.801 Y115.98 E.02182
G1 X111.836 Y115.335 E.02025
G1 X111.945 Y114.813 E.01672
G1 X112.174 Y114.202 E.02046
G1 X112.542 Y113.625 E.02146
G1 X112.972 Y113.151 E.02007
G1 X113.508 Y112.767 E.02067
G1 X114.065 Y112.495 E.01944
G1 X114.68 Y112.342 E.01987
G1 X115.279 Y112.297 E.01883
G1 X115.885 Y112.38 E.01918
G1 X116.436 Y112.554 E.01812
G1 X116.973 Y112.863 E.01943
G1 X117.373 Y113.194 E.01628
G1 X117.825 Y113.784 E.0233
G1 X118.11 Y114.459 E.02297
G1 X118.329 Y115.159 E.023
G1 X118.373 Y115.584 E.0134
G1 X118.372 Y116.259 E.02116
G1 X118.224 Y116.818 E.01813
G1 X117.988 Y117.333 E.01776
G1 X117.632 Y117.813 E.01874
G1 X117.204 Y118.221 E.01854
G1 X116.674 Y118.547 E.01951
G1 X116.106 Y118.775 E.01919
G1 X115.468 Y118.885 E.0203
G1 X114.836 Y118.886 E.01982
G1 X114.177 Y118.746 E.02112
G1 X113.572 Y118.505 E.02042
G1 X113.028 Y118.146 E.02044
G1 X112.633 Y117.787 E.01674
G1 X112.225 Y117.285 E.02028
G1 X112.034 Y116.917 E.013
G1 E-3.5 F3600
;WIPE_START
G1 F7200
G1 X112.007 Y116.863 E-.02868
G1 X111.906 Y116.668 E-.10431
G1 X111.801 Y115.98 E-.33058
G1 X111.836 Y115.335 E-.30683
G1 X111.945 Y114.813 E-.2533
G1 X112.174 Y114.202 E-.30994
G1 X112.363 Y113.907 E-.16636
;WIPE_END
G1 X116.903 Y116.983 F9000
G1 E5 F2400
;TYPE:Solid infill
;WIDTH:0.489629
G1 F900
G1 X116.705 Y117.151 E.00965
;WIDTH:0.530168
G1 X116.507 Y117.32 E.01055
;WIDTH:0.545622
G1 X116.047 Y117.581 E.02211
G1 X115.557 Y117.735 E.02147
;WIDTH:0.519432
G1 X115 Y117.757 E.02209
G1 X114.422 Y117.635 E.02341
G1 X113.876 Y117.363 E.02417
;WIDTH:0.519532
G1 X113.4 Y116.949 E.025
G1 X113.042 Y116.419 E.02535
;WIDTH:0.520242
G1 X112.94 Y115.951 E.01901
;WIDTH:0.525172
G1 X112.988 Y115.294 E.02642
G1 X113.187 Y114.705 E.02493
;WIDTH:0.514368
G1 X113.516 Y114.19 E.02396
;WIDTH:0.491646
G1 X113.708 Y113.983 E.01053
;WIDTH:0.475548
G1 X113.908 Y113.828 E.0091
;WIDTH:0.448525
G1 X114.109 Y113.674 E.00854
;WIDTH:0.421502
G1 X114.541 Y113.476 E.01496
G1 X116.002 Y113.557 F9000
;TYPE:Internal infill
;WIDTH:0.44
G1 F900
G1 X115.369 Y113.401 E.02153
G1 X114.912 Y113.408 E.01509
G1 X115.007 Y113.67 E.0092
G1 X114.519 Y113.881 E.01755
G1 X114.137 Y114.137 E.01518
G1 X116.662 Y116.662 E.1179
G1 X116.109 Y117.063 E.02255
G1 X115.475 Y117.306 E.02242
G1 X114.78 Y117.285 E.02296
G1 X114.319 Y117.119 E.01618
G1 X114.05 Y116.95 E.01049
G1 X116.783 Y114.217 E.12761
G1 X117.086 Y114.835 E.02273
G1 X117.256 Y115.38 E.01885
G1 X117.31 Y115.902 E.01733
G1 X117.182 Y116.461 E.01893
;LAYER_CHANGE
;Z:11.2
;HEIGHT:0.2
;BEFORE_LAYER_CHANGE
G92 E0
;11.2


G1 E-3.5 F3600
;WIPE_START
G1 F7200
G1 X117.31 Y115.902 E-.2724
G1 X117.256 Y115.38 E-.24927
G1 X117.086 Y114.835 E-.27118
G1 X116.783 Y114.217 E-.32693
G1 X116.217 Y114.783 E-.38022
;WIPE_END
G1 Z11.2 F9000
;AFTER_LAYER_CHANGE
;11.2
G1 X112.65 Y114.684
G1 E5 F2400
;TYPE:Perimeter
;WIDTH:0.439999
G1 F900
G1 X112.661 Y114.578 E.00352
G1 X112.993 Y113.999 E.02204
G1 X113.354 Y113.597 E.01784
G1 X113.804 Y113.271 E.01835
G1 X114.254 Y113.05 E.01655
G1 X114.732 Y112.926 E.0163
G1 X115.315 Y112.89 E.01929
G1 X115.89 Y112.981 E.01922
G1 X116.468 Y113.228 E.02075
G1 X116.95 Y113.6 E.0201
G1 X117.311 Y114.066 E.01946
G1 X117.536 Y114.589 E.0188
G1 X117.597 Y115.139 E.01827
G1 X117.568 Y115.647 E.0168
G1 X117.269 Y116.567 E.03194
G1 X117.109 Y116.842 E.0105
G1 X116.819 Y117.25 E.01653
G1 X116.378 Y117.594 E.01847
G1 X115.847 Y117.824 E.01911
G1 X115.256 Y117.918 E.01976
G1 X114.639 Y117.857 E.02047
G1 X114.199 Y117.708 E.01534
G1 X113.758 Y117.469 E.01656
G1 X113.39 Y117.155 E.01597
G1 X113.052 Y116.75 E.01742
G1 X112.8 Y116.263 E.0181
G1 X112.645 Y115.778 E.01681
G1 X112.59 Y115.241 E.01782
G1 X112.643 Y114.744 E.0165
G1 X112.254 Y114.616 F9000
G1 F900
G1 X112.279 Y114.453 E.00544
G1 X112.554 Y113.922 E.01974
G1 X112.968 Y113.424 E.02138
G1 X113.407 Y113.048 E.01908
G1 X113.951 Y112.75 E.02048
G1 X114.492 Y112.564 E.01889
G1 X115.078 Y112.497 E.01947
G1 X115.636 Y112.519 E.01844
G1 X116.184 Y112.664 E.01872
G1 X116.67 Y112.885 E.01763
G1 X117.107 Y113.209 E.01796
G1 X117.462 Y113.58 E.01695
G1 X117.725 Y114.004 E.01647
G1 X117.919 Y114.479 E.01694
G1 X117.998 Y115.295 E.02707
G1 X117.954 Y115.741 E.0148
G1 X117.633 Y116.73 E.03433
G1 X117.302 Y117.3 E.02176
G1 X116.857 Y117.748 E.02085
G1 X116.423 Y118.017 E.01686
G1 X115.959 Y118.206 E.01654
G1 X115.435 Y118.3 E.01758
G1 X114.91 Y118.303 E.01733
G1 X114.364 Y118.19 E.01841
G1 X113.856 Y117.991 E.01801
G1 X113.37 Y117.669 E.01925
G1 X112.959 Y117.283 E.01862
G1 X112.611 Y116.781 E.02017
G1 X112.365 Y116.254 E.0192
G1 X112.219 Y115.61 E.0218
G1 X112.189 Y115.045 E.01868
G1 X112.245 Y114.675 E.01236
G1 X111.873 Y114.55 F9000
;TYPE:External perimeter
;WIDTH:0.419999
G1 F900
G1 X111.906 Y114.332 E.00691
G1 X112.225 Y113.715 E.02178
G1 X112.633 Y113.213 E.02028
G1 X113.028 Y112.854 E.01674
G1 X113.572 Y112.495 E.02044
G1 X114.211 Y112.244 E.02153
G1 X114.833 Y112.115 E.01992
G1 X115.341 Y112.105 E.01593
G1 X115.912 Y112.183 E.01807
G1 X116.499 Y112.365 E.01927
G1 X117.044 Y112.671 E.0196
G1 X117.506 Y113.045 E.01864
G1 X117.886 Y113.517 E.019
G1 X118.163 Y114.012 E.01779
G1 X118.323 Y114.518 E.01664
G1 X118.385 Y115.285 E.02413
G1 X118.331 Y115.833 E.01727
G1 X117.988 Y116.889 E.03481
G1 X117.618 Y117.526 E.0231
G1 X117.377 Y117.802 E.01149
G1 X116.928 Y118.168 E.01816
G1 X116.436 Y118.446 E.01772
G1 X115.865 Y118.624 E.01875
G1 X115.279 Y118.703 E.01854
G1 X114.659 Y118.655 E.0195
G1 X114.065 Y118.505 E.01921
G1 X113.484 Y118.219 E.0203
G1 X112.972 Y117.849 E.01981
G1 X112.521 Y117.348 E.02114
G1 X112.174 Y116.798 E.02039
G1 X111.945 Y116.187 E.02046
G1 X111.836 Y115.665 E.01672
G1 X111.801 Y115.02 E.02025
G1 X111.864 Y114.609 E.01304
G1 X112.97 Y115.806 F9000
;TYPE:Internal infill
;WIDTH:0.44
G1 F900
G1 X112.893 Y115.092 E.02371
G1 X112.956 Y114.673 E.01399
G1 X113.333 Y114.056 E.02387
G1 X113.707 Y113.707 E.01689
G1 X116.787 Y116.787 E.14382
G1 X116.988 Y116.441 E.01321
G1 X117.297 Y115.408 E.0356
G1 X117.242 Y114.673 E.02434
G1 X116.939 Y114.061 E.02255
G1 X113.849 Y117.151 E.14428
G1 X114.44 Y117.48 E.02233
G1 X114.978 Y117.602 E.01821
G1 X115.509 Y117.587 E.01754
G1 X116.094 Y117.396 E.02032
;LAYER_CHANGE
;Z:11.4
;HEIGHT:0.2
;BEFORE_LAYER_CHANGE
G92 E0
;11.4


G1 E-3.5 F3600
;WIPE_START
G1 F7200
G1 X115.509 Y117.587 E-.29231
G1 X114.978 Y117.602 E-.25233
G1 X114.44 Y117.48 E-.26204
G1 X113.849 Y117.151 E-.32129
G1 X114.403 Y116.597 E-.37203
;WIPE_END
G1 Z11.4 F9000
;AFTER_LAYER_CHANGE
;11.4
G1 X113.674 Y113.165
G1 E5 F2400
;TYPE:Perimeter
;WIDTH:0.439999
G1 F900
G1 X113.746 Y113.085 E.00355
G1 X114.354 Y112.812 E.02201
G1 X114.877 Y112.7 E.01766
G1 X115.436 Y112.7 E.01846
G1 X115.932 Y112.785 E.01662
G1 X116.393 Y112.967 E.01636
G1 X116.834 Y113.235 E.01704
G1 X117.296 Y113.691 E.02143
G1 X117.619 Y114.231 E.02078
G1 X117.79 Y114.816 E.02012
G1 X117.814 Y115.249 E.01432
G1 X117.782 Y115.567 E.01055
G1 X117.643 Y116.05 E.01659
G1 X117.409 Y116.44 E.01502
G1 X117.086 Y116.834 E.01682
G1 X116.304 Y117.403 E.03193
G1 X116.013 Y117.531 E.0105
G1 X115.539 Y117.691 E.01652
G1 X114.98 Y117.71 E.01847
G1 X114.415 Y117.585 E.01911
G1 X113.881 Y117.312 E.0198
G1 X113.418 Y116.901 E.02044
G1 X113.15 Y116.521 E.01535
G1 X112.933 Y116.069 E.01655
G1 X112.82 Y115.598 E.01599
G1 X112.785 Y115.072 E.01741
G1 X112.867 Y114.529 E.01813
G1 X113.027 Y114.047 E.01677
G1 X113.298 Y113.579 E.01786
G1 X113.634 Y113.209 E.0165
G1 X113.394 Y112.877 F9000
G1 F900
G1 X113.509 Y112.76 E.00542
G1 X113.863 Y112.582 E.01308
G1 X114.28 Y112.42 E.01477
G1 X114.837 Y112.304 E.01879
G1 X115.468 Y112.305 E.02083
G1 X116.039 Y112.402 E.01912
G1 X116.599 Y112.626 E.01991
G1 X117.076 Y112.919 E.01848
G1 X117.494 Y113.316 E.01903
G1 X117.818 Y113.749 E.01786
G1 X118.048 Y114.25 E.0182
G1 X118.183 Y114.753 E.0172
G1 X118.21 Y115.262 E.01683
G1 X118.151 Y115.776 E.01708
G1 X117.932 Y116.379 E.02118
G1 X117.641 Y116.802 E.01695
G1 X117.344 Y117.138 E.01481
G1 X116.503 Y117.749 E.03432
G1 X115.9 Y118.015 E.02176
G1 X115.277 Y118.116 E.02084
G1 X114.768 Y118.079 E.01685
G1 X114.28 Y117.959 E.01659
G1 X113.802 Y117.727 E.01754
G1 X113.375 Y117.421 E.01734
G1 X113 Y117.009 E.01839
G1 X112.706 Y116.549 E.01803
G1 X112.502 Y116.003 E.01924
G1 X112.396 Y115.449 E.01862
G1 X112.41 Y114.839 E.02015
G1 X112.521 Y114.267 E.01924
G1 X112.781 Y113.66 E.0218
G1 X113.089 Y113.186 E.01866
G1 X113.352 Y112.919 E.01237
G1 X113.124 Y112.599 F9000
;TYPE:External perimeter
;WIDTH:0.419999
G1 F900
G1 X113.278 Y112.442 E.0069
G1 X113.69 Y112.236 E.01444
G1 X114.167 Y112.049 E.01606
G1 X114.798 Y111.918 E.02021
G1 X115.5 Y111.919 E.02201
G1 X116.144 Y112.029 E.02048
G1 X116.772 Y112.28 E.0212
G1 X117.312 Y112.611 E.01986
G1 X117.783 Y113.059 E.02038
G1 X118.151 Y113.551 E.01926
G1 X118.412 Y114.119 E.0196
G1 X118.566 Y114.692 E.0186
G1 X118.591 Y115.48 E.02472
G1 X118.463 Y116.086 E.01942
G1 X118.272 Y116.569 E.01629
G1 X117.96 Y117.022 E.01725
G1 X117.595 Y117.434 E.01726
G1 X116.697 Y118.086 E.03479
G1 X116.022 Y118.384 E.02313
G1 X115.666 Y118.466 E.01145
G1 X115.088 Y118.498 E.01815
G1 X114.526 Y118.433 E.01774
G1 X113.959 Y118.242 E.01876
G1 X113.439 Y117.961 E.01853
G1 X112.965 Y117.558 E.01951
G1 X112.572 Y117.088 E.01921
G1 X112.271 Y116.515 E.02029
G1 X112.075 Y115.914 E.01982
G1 X112.004 Y115.244 E.02112
G1 X112.046 Y114.595 E.02039
G1 X112.22 Y113.967 E.02043
G1 X112.439 Y113.48 E.01674
G1 X112.79 Y112.937 E.02027
G1 X113.082 Y112.642 E.01301
G1 E-3.5 F3600
;WIPE_START
G1 F7200
G1 X113.124 Y112.599 E-.02855
G1 X113.278 Y112.442 E-.10446
G1 X113.69 Y112.236 E-.2188
G1 X114.167 Y112.049 E-.24336
G1 X114.798 Y111.918 E-.30612
G1 X115.5 Y111.919 E-.33345
G1 X116.05 Y112.013 E-.26526
;WIPE_END
G1 X115.823 Y113.075 F9000
G1 E5 F2400
;TYPE:Internal infill
;WIDTH:0.44
G1 F900
G1 X115.389 Y113.003 E.01453
G1 X114.595 Y113.058 E.02628
G1 X113.928 Y113.336 E.02386
G1 X113.634 Y113.634 E.01382
G1 X116.721 Y116.721 E.14414
G1 X116.15 Y117.136 E.02331
G1 X115.489 Y117.388 E.02336
G1 X114.762 Y117.367 E.02401
G1 X114.281 Y117.194 E.01688
G1 X113.99 Y117.01 E.01137
G1 X117.082 Y113.918 E.14438
G1 X117.43 Y114.606 E.02546
G1 X117.512 Y115.121 E.01722
G1 X117.464 Y115.621 E.01658
G1 X117.236 Y116.152 E.01908
;LAYER_CHANGE
;Z:11.6
;HEIGHT:0.200001
;BEFORE_LAYER_CHANGE
G92 E0
;11.6


G1 E-3.5 F3600
;WIPE_START
G1 F7200
G1 X117.464 Y115.621 E-.27449
G1 X117.512 Y115.121 E-.23859
G1 X117.43 Y114.606 E-.24771
G1 X117.082 Y113.918 E-.36623
G1 X116.527 Y114.473 E-.37298
;WIPE_END
G1 Z11.6 F9000
;AFTER_LAYER_CHANGE
;11.6
G1 X113.643 Y113.042
G1 E5 F2400
;TYPE:Perimeter
;WIDTH:0.439999
G1 F900
G1 X114.154 Y112.812 E.0185
G1 X114.677 Y112.7 E.01766
G1 X115.236 Y112.7 E.01846
G1 X115.732 Y112.785 E.01662
G1 X116.193 Y112.967 E.01636
G1 X116.634 Y113.235 E.01704
G1 X117.096 Y113.691 E.02143
G1 X117.419 Y114.231 E.02078
G1 X117.59 Y114.816 E.02012
G1 X117.614 Y115.249 E.01432
G1 X117.582 Y115.567 E.01055
G1 X117.443 Y116.05 E.01659
G1 X117.209 Y116.44 E.01502
G1 X116.886 Y116.834 E.01682
G1 X116.104 Y117.403 E.03193
G1 X115.813 Y117.531 E.0105
G1 X115.339 Y117.691 E.01652
G1 X114.78 Y117.71 E.01847
G1 X114.215 Y117.585 E.01911
G1 X113.681 Y117.312 E.0198
G1 X113.218 Y116.901 E.02044
G1 X112.95 Y116.522 E.01533
G1 X112.733 Y116.069 E.01658
G1 X112.62 Y115.598 E.01599
G1 X112.585 Y115.072 E.01741
G1 X112.667 Y114.529 E.01813
G1 X112.827 Y114.047 E.01677
G1 X113.098 Y113.579 E.01786
G1 X113.546 Y113.085 E.02202
G1 X113.589 Y113.066 E.00155
G1 X113.456 Y112.686 F9000
G1 F900
G1 X113.663 Y112.582 E.00765
G1 X114.08 Y112.42 E.01477
G1 X114.637 Y112.304 E.01879
G1 X115.268 Y112.305 E.02083
G1 X115.839 Y112.402 E.01912
G1 X116.399 Y112.626 E.01991
G1 X116.876 Y112.919 E.01848
G1 X117.294 Y113.316 E.01903
G1 X117.618 Y113.749 E.01786
G1 X117.848 Y114.25 E.0182
G1 X117.983 Y114.753 E.0172
G1 X118.01 Y115.262 E.01683
G1 X117.951 Y115.776 E.01708
G1 X117.732 Y116.379 E.02118
G1 X117.441 Y116.802 E.01695
G1 X117.144 Y117.138 E.01481
G1 X116.303 Y117.749 E.03432
G1 X115.7 Y118.015 E.02176
G1 X115.077 Y118.116 E.02084
G1 X114.568 Y118.079 E.01685
G1 X114.08 Y117.959 E.01659
G1 X113.602 Y117.727 E.01754
G1 X113.175 Y117.421 E.01734
G1 X112.8 Y117.009 E.01839
G1 X112.506 Y116.549 E.01803
G1 X112.302 Y116.003 E.01924
G1 X112.196 Y115.449 E.01862
G1 X112.21 Y114.839 E.02015
G1 X112.321 Y114.267 E.01924
G1 X112.581 Y113.66 E.0218
G1 X112.889 Y113.186 E.01866
G1 X113.309 Y112.76 E.01975
G1 X113.402 Y112.713 E.00344
G1 X113.275 Y112.344 F9000
;TYPE:External perimeter
;WIDTH:0.419999
G1 F900
G1 X113.49 Y112.236 E.00754
G1 X113.967 Y112.049 E.01606
G1 X114.598 Y111.918 E.02021
G1 X115.3 Y111.919 E.02201
G1 X115.944 Y112.029 E.02048
G1 X116.572 Y112.28 E.0212
G1 X117.112 Y112.611 E.01986
G1 X117.583 Y113.059 E.02038
G1 X117.951 Y113.551 E.01926
G1 X118.212 Y114.119 E.0196
G1 X118.366 Y114.692 E.0186
G1 X118.391 Y115.48 E.02472
G1 X118.263 Y116.086 E.01942
G1 X118.072 Y116.569 E.01629
G1 X117.76 Y117.022 E.01725
G1 X117.395 Y117.434 E.01726
G1 X116.497 Y118.086 E.03479
G1 X115.822 Y118.384 E.02313
G1 X115.466 Y118.466 E.01145
G1 X114.888 Y118.498 E.01815
G1 X114.326 Y118.433 E.01774
G1 X113.759 Y118.242 E.01876
G1 X113.239 Y117.961 E.01853
G1 X112.765 Y117.558 E.01951
G1 X112.372 Y117.088 E.01921
G1 X112.071 Y116.515 E.02029
G1 X111.875 Y115.914 E.01982
G1 X111.804 Y115.244 E.02112
G1 X111.846 Y114.595 E.02039
G1 X112.02 Y113.967 E.02043
G1 X112.239 Y113.48 E.01674
G1 X112.59 Y112.937 E.02027
G1 X113.078 Y112.442 E.02179
G1 X113.222 Y112.371 E.00503
G1 X113.78 Y113.408 F9000
;TYPE:Solid infill
;WIDTH:0.658346
G1 F900
G1 X113.447 Y113.804 E.02648
;WIDTH:0.689634
G1 X113.178 Y114.37 E.0337
;WIDTH:0.718914
G1 X113.041 Y115.038 E.03833
;WIDTH:0.722934
G1 X113.083 Y115.654 E.03491
G1 X113.254 Y116.174 E.03095
;WIDTH:0.701414
G1 X113.531 Y116.627 E.02907
;WIDTH:0.655812
G1 X113.714 Y116.812 E.01326
;WIDTH:0.622407
G1 X113.897 Y116.996 E.0125
;WIDTH:0.589002
G1 X114.113 Y117.13 E.01154
;WIDTH:0.547118
G1 X114.33 Y117.264 E.01069
;WIDTH:0.505234
G1 X114.57 Y117.341 E.00969
;WIDTH:0.460698
G1 X114.811 Y117.417 E.00878
G1 E-3.5 F3600
;WIPE_START
G1 F7200
G1 X114.57 Y117.341 E-.12003
G1 X114.33 Y117.264 E-.11972
G1 X114.113 Y117.13 E-.12114
G1 X113.897 Y116.996 E-.12074
G1 X113.714 Y116.812 E-.12327
G1 X113.531 Y116.627 E-.1236
G1 X113.254 Y116.174 E-.25221
G1 X113.083 Y115.654 E-.26001
G1 X113.046 Y115.11 E-.25928
;WIPE_END
G1 X113.664 Y114.558 F9000
G1 E5 F2400
;TYPE:Internal infill
;WIDTH:0.44
G1 F900
G1 X113.573 Y115.106 E.01834
G1 X113.621 Y115.635 E.01754
G1 X113.919 Y116.329 E.02494
G1 X114.279 Y116.721 E.01757
G1 X116.963 Y114.037 E.12533
G1 X117.23 Y114.606 E.02075
G1 X117.303 Y115.375 E.0255
G1 X117.116 Y116.036 E.02268
G1 X116.637 Y116.637 E.02537
G1 X113.954 Y113.954 E.12528
G1 X114.26 Y113.578 E.01601
G1 X114.785 Y113.184 E.02167
G1 X114.701 Y113.006 E.0065
G1 X115.348 Y113.016 E.02136
G1 X115.731 Y113.109 E.01301
;LAYER_CHANGE
;Z:11.8
;HEIGHT:0.2
;BEFORE_LAYER_CHANGE
G92 E0
;11.8


G1 E-3.5 F3600
;WIPE_START
G1 F7200
G1 X115.348 Y113.016 E-.18721
G1 X114.701 Y113.006 E-.30736
G1 X114.785 Y113.184 E-.09349
G1 X114.26 Y113.578 E-.31179
G1 X113.954 Y113.954 E-.23027
G1 X114.505 Y114.505 E-.36988
;WIPE_END
G1 Z11.8 F9000
;AFTER_LAYER_CHANGE
;11.8
G1 X115.605 Y112.533
G1 E5 F2400
;TYPE:Perimeter
;WIDTH:0.439999
G1 F900
G1 X115.993 Y112.597 E.01298
G1 X116.516 Y112.806 E.0186
G1 X116.945 Y113.069 E.01661
G1 X117.322 Y113.421 E.01703
G1 X117.64 Y113.84 E.01737
G1 X117.849 Y114.282 E.01614
G1 X117.985 Y114.771 E.01676
G1 X118.008 Y115.41 E.02111
G1 X117.875 Y116.015 E.02045
G1 X117.603 Y116.549 E.01979
G1 X117.307 Y116.896 E.01506
G1 X116.911 Y117.205 E.01658
G1 X116.491 Y117.382 E.01505
G1 X115.999 Y117.512 E.0168
G1 X115.032 Y117.512 E.03193
G1 X114.721 Y117.445 E.0105
G1 X114.244 Y117.295 E.01651
G1 X113.78 Y116.982 E.01848
G1 X113.397 Y116.549 E.01909
G1 X113.125 Y116.015 E.01979
G1 X112.992 Y115.41 E.02045
G1 X112.998 Y114.945 E.01535
G1 X113.089 Y114.452 E.01655
G1 X113.274 Y114.004 E.016
G1 X113.555 Y113.558 E.0174
G1 X113.94 Y113.167 E.01812
G1 X114.353 Y112.871 E.01678
G1 X114.847 Y112.652 E.01784
G1 X115.5 Y112.515 E.02203
G1 X115.546 Y112.523 E.00154
G1 X115.662 Y112.14 F9000
G1 F900
G1 X116.091 Y112.211 E.01436
G1 X116.692 Y112.45 E.02135
G1 X117.186 Y112.751 E.0191
G1 X117.637 Y113.177 E.02048
G1 X117.981 Y113.634 E.01889
G1 X118.232 Y114.173 E.01963
G1 X118.377 Y114.707 E.01827
G1 X118.404 Y115.446 E.02442
G1 X118.296 Y115.987 E.01821
G1 X118.109 Y116.473 E.01719
G1 X117.833 Y116.901 E.01681
G1 X117.482 Y117.282 E.0171
G1 X116.951 Y117.641 E.02116
G1 X116.467 Y117.812 E.01695
G1 X116.029 Y117.909 E.01481
G1 X114.99 Y117.909 E.0343
G1 X114.345 Y117.77 E.02179
G1 X113.782 Y117.485 E.02083
G1 X113.392 Y117.156 E.01685
G1 X113.068 Y116.772 E.01659
G1 X112.817 Y116.303 E.01756
G1 X112.651 Y115.805 E.01733
G1 X112.591 Y115.251 E.0184
G1 X112.623 Y114.707 E.01799
G1 X112.779 Y114.145 E.01926
G1 X113.019 Y113.634 E.01864
G1 X113.389 Y113.149 E.02014
G1 X113.814 Y112.751 E.01922
G1 X114.382 Y112.414 E.02181
G1 X114.909 Y112.211 E.01865
G1 X115.5 Y112.113 E.01978
G1 X115.603 Y112.13 E.00345
G1 X115.717 Y111.756 F9000
;TYPE:External perimeter
;WIDTH:0.419999
G1 F900
G1 X116.186 Y111.834 E.01491
G1 X116.864 Y112.103 E.02287
G1 X117.42 Y112.442 E.02042
G1 X117.925 Y112.919 E.02178
G1 X118.313 Y113.434 E.02022
G1 X118.595 Y114.039 E.02093
G1 X118.76 Y114.644 E.01966
G1 X118.796 Y115.262 E.01941
G1 X118.757 Y115.696 E.01366
G1 X118.614 Y116.28 E.01885
G1 X118.348 Y116.83 E.01916
G1 X118.012 Y117.3 E.01811
G1 X117.553 Y117.716 E.01942
G1 X117.115 Y117.994 E.01627
G1 X116.595 Y118.177 E.01728
G1 X116.058 Y118.296 E.01725
G1 X114.948 Y118.296 E.0348
G1 X114.228 Y118.14 E.0231
G1 X113.891 Y117.997 E.01148
G1 X113.404 Y117.683 E.01817
G1 X112.988 Y117.3 E.01773
G1 X112.642 Y116.813 E.01873
G1 X112.386 Y116.28 E.01854
G1 X112.24 Y115.675 E.01951
G1 X112.198 Y115.064 E.0192
G1 X112.291 Y114.423 E.02031
G1 X112.485 Y113.822 E.0198
G1 X112.822 Y113.238 E.02114
G1 X113.238 Y112.738 E.02039
G1 X113.748 Y112.331 E.02046
G1 X114.211 Y112.067 E.01671
G1 X114.814 Y111.834 E.02027
G1 X115.5 Y111.721 E.0218
G1 X115.658 Y111.747 E.00502
G1 X115.851 Y112.883 F9000
;TYPE:Internal infill
;WIDTH:0.44
G1 F900
G1 X115.5 Y112.825 E.01175
G1 X114.797 Y112.993 E.02386
G1 X114.24 Y113.313 E.02121
G1 X113.776 Y113.776 E.02164
G1 X116.868 Y116.868 E.14438
G1 X116.143 Y117.181 E.02607
G1 X115.064 Y117.206 E.03564
G1 X114.559 Y117.097 E.01706
G1 X114.132 Y116.868 E.016
G1 X117.224 Y113.776 E.14438
G1 X117.516 Y114.263 E.01875
G1 X117.682 Y114.821 E.01922
G1 X117.703 Y115.382 E.01854
G1 X117.537 Y116.026 E.02196
;LAYER_CHANGE
;Z:12
;HEIGHT:0.2
;BEFORE_LAYER_CHANGE
G92 E0
;12


G1 E-3.5 F3600
;WIPE_START
G1 F7200
G1 X117.703 Y115.382 E-.3159
G1 X117.682 Y114.821 E-.26666
G1 X117.516 Y114.263 E-.27653
G1 X117.224 Y113.776 E-.26972
G1 X116.671 Y114.329 E-.37119
;WIPE_END
G1 Z12 F9000
;AFTER_LAYER_CHANGE
;12
G1 X115.805 Y112.533
G1 E5 F2400
;TYPE:Perimeter
;WIDTH:0.439999
G1 F900
G1 X116.193 Y112.597 E.01298
G1 X116.716 Y112.806 E.0186
G1 X117.145 Y113.069 E.01661
G1 X117.522 Y113.421 E.01703
G1 X117.84 Y113.84 E.01737
G1 X118.049 Y114.282 E.01614
G1 X118.185 Y114.771 E.01676
G1 X118.208 Y115.41 E.02111
G1 X118.075 Y116.015 E.02045
G1 X117.803 Y116.549 E.01979
G1 X117.507 Y116.896 E.01506
G1 X117.111 Y117.205 E.01658
G1 X116.691 Y117.382 E.01505
G1 X116.199 Y117.512 E.0168
G1 X115.232 Y117.512 E.03193
G1 X114.921 Y117.445 E.0105
G1 X114.444 Y117.295 E.01651
G1 X113.98 Y116.982 E.01848
G1 X113.597 Y116.549 E.01909
G1 X113.325 Y116.015 E.01979
G1 X113.192 Y115.41 E.02045
G1 X113.198 Y114.945 E.01535
G1 X113.289 Y114.452 E.01655
G1 X113.474 Y114.004 E.016
G1 X113.755 Y113.558 E.0174
G1 X114.14 Y113.167 E.01812
G1 X114.553 Y112.871 E.01678
G1 X115.047 Y112.652 E.01784
G1 X115.7 Y112.515 E.02203
G1 X115.746 Y112.523 E.00154
G1 X115.862 Y112.14 F9000
G1 F900
G1 X116.291 Y112.211 E.01436
G1 X116.892 Y112.45 E.02135
G1 X117.386 Y112.751 E.0191
G1 X117.837 Y113.177 E.02048
G1 X118.181 Y113.634 E.01889
G1 X118.432 Y114.173 E.01963
G1 X118.577 Y114.707 E.01827
G1 X118.604 Y115.446 E.02442
G1 X118.496 Y115.987 E.01821
G1 X118.309 Y116.473 E.01719
G1 X118.033 Y116.901 E.01681
G1 X117.682 Y117.282 E.0171
G1 X117.151 Y117.641 E.02116
G1 X116.667 Y117.812 E.01695
G1 X116.229 Y117.909 E.01481
G1 X115.19 Y117.909 E.0343
G1 X114.545 Y117.77 E.02179
G1 X113.982 Y117.485 E.02083
G1 X113.592 Y117.156 E.01685
G1 X113.268 Y116.772 E.01659
G1 X113.017 Y116.303 E.01756
G1 X112.851 Y115.805 E.01733
G1 X112.791 Y115.251 E.0184
G1 X112.823 Y114.707 E.01799
G1 X112.979 Y114.145 E.01926
G1 X113.219 Y113.634 E.01864
G1 X113.589 Y113.149 E.02014
G1 X114.014 Y112.751 E.01922
G1 X114.582 Y112.414 E.02181
G1 X115.109 Y112.211 E.01865
G1 X115.7 Y112.113 E.01978
G1 X115.803 Y112.13 E.00345
G1 X115.917 Y111.756 F9000
;TYPE:External perimeter
;WIDTH:0.419999
G1 F900
G1 X116.386 Y111.834 E.01491
G1 X117.064 Y112.103 E.02287
G1 X117.62 Y112.442 E.02042
G1 X118.125 Y112.919 E.02178
G1 X118.513 Y113.434 E.02022
G1 X118.795 Y114.039 E.02093
G1 X118.96 Y114.644 E.01966
G1 X118.996 Y115.262 E.01941
G1 X118.957 Y115.696 E.01366
G1 X118.814 Y116.28 E.01885
G1 X118.548 Y116.83 E.01916
G1 X118.212 Y117.3 E.01811
G1 X117.753 Y117.716 E.01942
G1 X117.315 Y117.994 E.01627
G1 X116.795 Y118.177 E.01728
G1 X116.258 Y118.296 E.01725
G1 X115.148 Y118.296 E.0348
G1 X114.428 Y118.14 E.0231
G1 X114.091 Y117.997 E.01148
G1 X113.604 Y117.683 E.01817
G1 X113.188 Y117.3 E.01773
G1 X112.842 Y116.813 E.01873
G1 X112.586 Y116.28 E.01854
G1 X112.44 Y115.675 E.01951
G1 X112.398 Y115.064 E.0192
G1 X112.491 Y114.423 E.02031
G1 X112.685 Y113.822 E.0198
G1 X113.022 Y113.238 E.02114
G1 X113.438 Y112.738 E.02039
G1 X113.948 Y112.331 E.02046
G1 X114.411 Y112.067 E.01671
G1 X115.014 Y111.834 E.02027
G1 X115.7 Y111.721 E.0218
G1 X115.858 Y111.747 E.00502
G1 X115.912 Y113.279 F9000
;TYPE:Internal infill
;WIDTH:0.44
G1 F900
G1 X115.481 Y113.298 E.01424
G1 X114.964 Y113.445 E.01775
G1 X114.205 Y113.919 E.02955
G1 X114.038 Y113.7 E.00909
G1 X113.894 Y113.894 E.00798
G1 X116.577 Y116.577 E.12528
G1 X117.042 Y115.995 E.0246
G1 X117.22 Y115.367 E.02155
G1 X117.149 Y114.63 E.02445
G1 X116.903 Y114.097 E.01938
G1 X114.219 Y116.781 E.12533
G1 X113.85 Y116.376 E.01809
G1 X113.614 Y115.911 E.01722
G1 X113.497 Y115.382 E.01789
G1 X113.564 Y114.621 E.02522
G1 X114.3 Y113.415 F9000
;TYPE:Solid infill
;WIDTH:0.428596
G1 F900
G1 X114.791 Y113.096 E.01878
;WIDTH:0.457975
G1 X115.043 Y113.006 E.00924
;WIDTH:0.487354
G1 X115.295 Y112.916 E.00989
;WIDTH:0.507764
G1 X115.7 Y112.86 E.0158
G1 X116.107 Y112.907 E.01584
;WIDTH:0.51696
G1 X116.385 Y113.05 E.01232
;WIDTH:0.565296
G1 X116.662 Y113.192 E.01352
;WIDTH:0.601166
G1 X116.895 Y113.391 E.01422
;WIDTH:0.637036
G1 X117.128 Y113.59 E.01514
;WIDTH:0.662837
G1 X117.299 Y113.827 E.01506
;WIDTH:0.688638
G1 X117.47 Y114.063 E.01565
;WIDTH:0.702856
G1 X117.667 Y114.528 E.02771
;WIDTH:0.720564
G1 X117.762 Y115.071 E.03106
;WIDTH:0.722552
G1 X117.721 Y115.622 E.03122
G1 X117.618 Y115.906 E.01707
;WIDTH:0.696831
G1 X117.516 Y116.19 E.01641
;WIDTH:0.67111
G1 X117.322 Y116.448 E.01686
;WIDTH:0.632565
G1 X117.129 Y116.705 E.01576
;WIDTH:0.59402
G1 X116.831 Y116.951 E.01771
;LAYER_CHANGE
;Z:12.2
;HEIGHT:0.2
;BEFORE_LAYER_CHANGE
G92 E0
;12.2


G1 E-3.5 F3600
;WIPE_START
G1 F7200
G1 X117.129 Y116.705 E-.18355
G1 X117.322 Y116.448 E-.15267
G1 X117.516 Y116.19 E-.15333
G1 X117.618 Y115.906 E-.14334
G1 X117.721 Y115.622 E-.1435
G1 X117.762 Y115.071 E-.26245
G1 X117.667 Y114.528 E-.26184
G1 X117.503 Y114.142 E-.19932
;WIPE_END
G1 Z12.2 F9000
;AFTER_LAYER_CHANGE
;12.2
G1 X117.329 Y113.161
G1 E5 F2400
;TYPE:Perimeter
;WIDTH:0.439999
G1 F900
G1 X117.487 Y113.321 E.00742
G1 X117.804 Y113.726 E.01698
G1 X118.045 Y114.241 E.01877
G1 X118.179 Y114.726 E.01661
G1 X118.208 Y115.415 E.02277
G1 X118.116 Y115.895 E.01614
G1 X117.938 Y116.371 E.01678
G1 X117.582 Y116.901 E.02108
G1 X117.119 Y117.312 E.02044
G1 X116.585 Y117.585 E.0198
G1 X116.02 Y117.71 E.01911
G1 X115.492 Y117.694 E.01744
G1 X114.947 Y117.532 E.01877
G1 X114.438 Y117.224 E.01964
G1 X113.943 Y116.856 E.02037
G1 X113.727 Y116.615 E.01069
G1 X113.428 Y116.214 E.01652
G1 X113.237 Y115.688 E.01848
G1 X113.182 Y115.112 E.0191
G1 X113.276 Y114.52 E.01979
G1 X113.524 Y113.953 E.02043
G1 X113.802 Y113.58 E.01536
G1 X114.166 Y113.235 E.01656
G1 X114.579 Y112.982 E.01599
G1 X115.068 Y112.785 E.01741
G1 X115.609 Y112.696 E.0181
G1 X116.118 Y112.699 E.01681
G1 X116.646 Y112.812 E.01783
G1 X117.254 Y113.085 E.02201
G1 X117.287 Y113.119 E.00156
G1 X117.606 Y112.877 F9000
G1 F900
G1 X117.769 Y113.042 E.00766
G1 X118.144 Y113.519 E.02003
G1 X118.417 Y114.102 E.02125
G1 X118.571 Y114.66 E.01911
G1 X118.609 Y115.236 E.01906
G1 X118.573 Y115.657 E.01395
G1 X118.442 Y116.201 E.01847
G1 X118.193 Y116.722 E.01907
G1 X117.881 Y117.163 E.01784
G1 X117.475 Y117.538 E.01825
G1 X117.039 Y117.821 E.01716
G1 X116.564 Y118.004 E.01681
G1 X116.056 Y118.106 E.01711
G1 X115.415 Y118.085 E.02118
G1 X114.785 Y117.898 E.0217
G1 X114.216 Y117.554 E.02195
G1 X113.673 Y117.151 E.02233
G1 X113.232 Y116.657 E.02186
G1 X112.943 Y116.096 E.02084
G1 X112.821 Y115.6 E.01686
G1 X112.784 Y115.1 E.01655
G1 X112.858 Y114.573 E.01757
G1 X113.016 Y114.072 E.01734
G1 X113.292 Y113.589 E.01837
G1 X113.639 Y113.167 E.01804
G1 X114.095 Y112.804 E.01924
G1 X114.59 Y112.532 E.01865
G1 X115.174 Y112.357 E.02013
G1 X115.752 Y112.286 E.01923
G1 X116.41 Y112.346 E.02182
G1 X116.956 Y112.492 E.01866
G1 X117.491 Y112.76 E.01976
G1 X117.564 Y112.834 E.00343
G1 X117.876 Y112.599 F9000
;TYPE:External perimeter
;WIDTH:0.419999
G1 F900
G1 X118.21 Y112.937 E.0149
G1 X118.561 Y113.48 E.02027
G1 X118.78 Y113.966 E.01671
G1 X118.954 Y114.595 E.02046
G1 X118.995 Y115.279 E.02148
G1 X118.925 Y115.914 E.02003
G1 X118.719 Y116.54 E.02066
G1 X118.428 Y117.088 E.01945
G1 X118.02 Y117.573 E.01987
G1 X117.561 Y117.961 E.01884
G1 X117.022 Y118.25 E.01918
G1 X116.474 Y118.433 E.01811
G1 X115.858 Y118.499 E.01942
G1 X115.34 Y118.467 E.01627
G1 X114.628 Y118.255 E.02329
G1 X114 Y117.876 E.023
G1 X113.411 Y117.438 E.02301
G1 X112.919 Y116.888 E.02314
G1 X112.73 Y116.574 E.01149
G1 X112.522 Y116.034 E.01814
G1 X112.409 Y115.48 E.01773
G1 X112.416 Y114.882 E.01875
G1 X112.522 Y114.3 E.01855
G1 X112.759 Y113.725 E.0195
G1 X113.085 Y113.206 E.01922
G1 X113.537 Y112.743 E.02029
G1 X114.047 Y112.37 E.01981
G1 X114.663 Y112.096 E.02114
G1 X115.293 Y111.936 E.02038
G1 X115.945 Y111.907 E.02046
G1 X116.475 Y111.964 E.01671
G1 X117.1 Y112.131 E.02028
G1 X117.722 Y112.442 E.0218
G1 X117.834 Y112.556 E.00501
G1 X116.009 Y113 F9000
;TYPE:Internal infill
;WIDTH:0.44
G1 F900
G1 X115.451 Y113.016 E.01843
G1 X114.864 Y113.181 E.02013
G1 X114.352 Y113.478 E.01954
G1 X113.918 Y113.918 E.02041
G1 X117.01 Y117.01 E.14438
G1 X116.719 Y117.194 E.01137
G1 X116.238 Y117.367 E.01688
G1 X115.551 Y117.392 E.0227
G1 X115.072 Y117.25 E.0165
G1 X114.276 Y116.724 E.0315
G1 X117.366 Y113.634 E.14428
G1 X117.693 Y114.172 E.02079
G1 X117.877 Y114.777 E.02088
G1 X117.902 Y115.389 E.02022
G1 X117.802 Y115.882 E.01661
;LAYER_CHANGE
;Z:12.4
;HEIGHT:0.2
;BEFORE_LAYER_CHANGE
G92 E0
;12.4


G1 E-3.5 F3600
;WIPE_START
G1 F7200
G1 X117.902 Y115.389 E-.23894
G1 X117.877 Y114.777 E-.29094
G1 X117.693 Y114.172 E-.30037
G1 X117.366 Y113.634 E-.29905
G1 X116.814 Y114.186 E-.3707
;WIPE_END
G1 Z12.4 F9000
;AFTER_LAYER_CHANGE
;12.4
G1 X118.35 Y114.684
G1 E5 F2400
;TYPE:Perimeter
;WIDTH:0.439999
G1 F900
G1 X118.41 Y115.241 E.0185
G1 X118.376 Y115.634 E.01302
G1 X118.259 Y116.123 E.0166
G1 X118.04 Y116.591 E.01706
G1 X117.741 Y117.022 E.01732
G1 X117.384 Y117.357 E.01616
G1 X116.961 Y117.638 E.01677
G1 X116.361 Y117.857 E.02109
G1 X115.744 Y117.918 E.02047
G1 X115.153 Y117.824 E.01976
G1 X114.731 Y117.65 E.01507
G1 X114.315 Y117.369 E.01658
G1 X114.016 Y117.025 E.01505
G1 X113.741 Y116.597 E.0168
G1 X113.442 Y115.676 E.03197
G1 X113.41 Y115.36 E.01049
G1 X113.405 Y114.86 E.01651
G1 X113.559 Y114.322 E.01848
G1 X113.853 Y113.824 E.01909
G1 X114.277 Y113.4 E.0198
G1 X114.811 Y113.087 E.02044
G1 X115.255 Y112.949 E.01535
G1 X115.752 Y112.883 E.01655
G1 X116.235 Y112.921 E.016
G1 X116.746 Y113.05 E.0174
G1 X117.236 Y113.296 E.0181
G1 X117.646 Y113.597 E.01679
G1 X118.007 Y113.999 E.01784
G1 X118.339 Y114.578 E.02204
G1 X118.344 Y114.624 E.00153
G1 X118.746 Y114.616 F9000
G1 F900
G1 X118.781 Y114.845 E.00765
G1 X118.807 Y115.292 E.01478
G1 X118.744 Y115.86 E.01887
G1 X118.548 Y116.46 E.02084
G1 X118.279 Y116.97 E.01904
G1 X117.893 Y117.433 E.0199
G1 X117.468 Y117.797 E.01848
G1 X116.961 Y118.071 E.01903
G1 X116.449 Y118.245 E.01785
G1 X115.901 Y118.31 E.01822
G1 X115.381 Y118.282 E.01719
G1 X114.889 Y118.151 E.01681
G1 X114.418 Y117.936 E.01709
G1 X113.912 Y117.542 E.02117
G1 X113.6 Y117.134 E.01696
G1 X113.373 Y116.747 E.01481
G1 X113.051 Y115.759 E.03431
G1 X112.984 Y115.103 E.02177
G1 X113.081 Y114.479 E.02085
G1 X113.274 Y114.007 E.01684
G1 X113.538 Y113.58 E.01658
G1 X113.907 Y113.197 E.01756
G1 X114.33 Y112.885 E.01735
G1 X114.838 Y112.656 E.0184
G1 X115.365 Y112.518 E.01799
G1 X115.948 Y112.493 E.01927
G1 X116.508 Y112.564 E.01864
G1 X117.084 Y112.766 E.02015
G1 X117.593 Y113.048 E.01921
G1 X118.09 Y113.483 E.02181
G1 X118.446 Y113.922 E.01866
G1 X118.721 Y114.453 E.01974
G1 X118.737 Y114.556 E.00344
G1 X119.127 Y114.55 F9000
;TYPE:External perimeter
;WIDTH:0.419999
G1 F900
G1 X119.163 Y114.787 E.00752
G1 X119.194 Y115.255 E.01471
G1 X119.164 Y115.665 E.01289
G1 X119.055 Y116.187 E.01672
G1 X118.826 Y116.798 E.02046
G1 X118.457 Y117.375 E.02147
G1 X118.028 Y117.849 E.02005
G1 X117.492 Y118.233 E.02067
G1 X116.935 Y118.505 E.01944
G1 X116.32 Y118.658 E.01987
G1 X115.721 Y118.703 E.01883
G1 X115.115 Y118.62 E.01918
G1 X114.564 Y118.446 E.01812
G1 X114.027 Y118.137 E.01943
G1 X113.627 Y117.806 E.01628
G1 X113.292 Y117.369 E.01726
G1 X113.013 Y116.894 E.01727
G1 X112.671 Y115.839 E.03477
G1 X112.596 Y115.106 E.0231
G1 X112.628 Y114.741 E.01149
G1 X112.776 Y114.182 E.01813
G1 X113.012 Y113.667 E.01776
G1 X113.368 Y113.187 E.01874
G1 X113.796 Y112.779 E.01854
G1 X114.326 Y112.453 E.01951
G1 X114.894 Y112.225 E.01919
G1 X115.533 Y112.115 E.02033
G1 X116.164 Y112.114 E.01978
G1 X116.824 Y112.255 E.02116
G1 X117.428 Y112.495 E.02038
G1 X117.972 Y112.854 E.02044
G1 X118.367 Y113.213 E.01674
G1 X118.775 Y113.715 E.02028
G1 X119.094 Y114.332 E.02178
G1 X119.118 Y114.49 E.00501
G1 X118.104 Y115.07 F9000
;TYPE:Internal infill
;WIDTH:0.44
G1 F900
G1 X118.055 Y115.715 E.02136
G1 X117.848 Y116.312 E.02086
G1 X117.509 Y116.822 E.02022
G1 X117.151 Y117.151 E.01605
G1 X114.061 Y114.061 E.14428
G1 X113.84 Y114.443 E.01457
G1 X113.69 Y115.098 E.02219
G1 X113.743 Y115.613 E.01709
G1 X114.025 Y116.481 E.03013
G1 X114.217 Y116.783 E.01182
G1 X117.293 Y113.707 E.14363
G1 X116.922 Y113.463 E.01466
G1 X116.348 Y113.25 E.02021
G1 X116.053 Y113.201 E.00987
G1 X115.47 Y113.215 E.01925
G1 X115.044 Y113.328 E.01455
;LAYER_CHANGE
;Z:12.6
;HEIGHT:0.200001
;BEFORE_LAYER_CHANGE
G92 E0
;12.6


G1 E-3.5 F3600
;WIPE_START
G1 F7200
G1 X115.47 Y113.215 E-.20935
G1 X116.053 Y113.201 E-.277
G1 X116.348 Y113.25 E-.14204
G1 X116.922 Y113.463 E-.29082
G1 X117.293 Y113.707 E-.21092
G1 X116.742 Y114.258 E-.36987
;WIPE_END
G1 Z12.6 F9000
;AFTER_LAYER_CHANGE
;12.6
G1 X118.085 Y114.485
G1 E5 F2400
;TYPE:Perimeter
;WIDTH:0.439999
G1 F900
G1 X118.139 Y114.578 E.00355
G1 X118.21 Y115.241 E.02202
G1 X118.176 Y115.634 E.01302
G1 X118.059 Y116.123 E.0166
G1 X117.84 Y116.591 E.01706
G1 X117.541 Y117.022 E.01732
G1 X117.184 Y117.357 E.01616
G1 X116.761 Y117.638 E.01677
G1 X116.161 Y117.857 E.02109
G1 X115.544 Y117.918 E.02047
G1 X114.953 Y117.824 E.01976
G1 X114.531 Y117.65 E.01507
G1 X114.115 Y117.369 E.01658
G1 X113.816 Y117.025 E.01505
G1 X113.541 Y116.597 E.0168
G1 X113.242 Y115.676 E.03197
G1 X113.21 Y115.36 E.01049
G1 X113.205 Y114.86 E.01651
G1 X113.359 Y114.322 E.01848
G1 X113.653 Y113.824 E.01909
G1 X114.077 Y113.4 E.0198
G1 X114.611 Y113.087 E.02044
G1 X115.055 Y112.949 E.01535
G1 X115.552 Y112.883 E.01655
G1 X116.035 Y112.921 E.016
G1 X116.546 Y113.05 E.0174
G1 X117.036 Y113.296 E.0181
G1 X117.446 Y113.597 E.01679
G1 X117.807 Y113.999 E.01784
G1 X118.056 Y114.433 E.01652
G1 X118.446 Y114.308 F9000
G1 F900
G1 X118.521 Y114.453 E.00539
G1 X118.581 Y114.845 E.01309
G1 X118.607 Y115.292 E.01478
G1 X118.544 Y115.86 E.01887
G1 X118.348 Y116.46 E.02084
G1 X118.079 Y116.97 E.01904
G1 X117.693 Y117.433 E.0199
G1 X117.268 Y117.797 E.01848
G1 X116.761 Y118.071 E.01903
G1 X116.249 Y118.245 E.01785
G1 X115.701 Y118.31 E.01822
G1 X115.181 Y118.282 E.01719
G1 X114.689 Y118.151 E.01681
G1 X114.218 Y117.936 E.01709
G1 X113.712 Y117.542 E.02117
G1 X113.4 Y117.134 E.01696
G1 X113.173 Y116.747 E.01481
G1 X112.851 Y115.759 E.03431
G1 X112.784 Y115.103 E.02177
G1 X112.881 Y114.479 E.02085
G1 X113.074 Y114.007 E.01684
G1 X113.338 Y113.58 E.01658
G1 X113.707 Y113.197 E.01756
G1 X114.13 Y112.885 E.01735
G1 X114.638 Y112.656 E.0184
G1 X115.165 Y112.518 E.01799
G1 X115.748 Y112.493 E.01927
G1 X116.308 Y112.564 E.01864
G1 X116.884 Y112.766 E.02015
G1 X117.393 Y113.048 E.01921
G1 X117.89 Y113.483 E.02181
G1 X118.246 Y113.922 E.01866
G1 X118.418 Y114.254 E.01235
G1 X118.793 Y114.137 F9000
;TYPE:External perimeter
;WIDTH:0.419999
G1 F900
G1 X118.895 Y114.332 E.0069
G1 X118.963 Y114.787 E.01442
G1 X118.994 Y115.255 E.01471
G1 X118.964 Y115.665 E.01289
G1 X118.855 Y116.187 E.01672
G1 X118.626 Y116.798 E.02046
G1 X118.257 Y117.375 E.02147
G1 X117.828 Y117.849 E.02005
G1 X117.292 Y118.233 E.02067
G1 X116.735 Y118.505 E.01944
G1 X116.12 Y118.658 E.01987
G1 X115.521 Y118.703 E.01883
G1 X114.915 Y118.62 E.01918
G1 X114.364 Y118.446 E.01812
G1 X113.827 Y118.137 E.01943
G1 X113.427 Y117.806 E.01628
G1 X113.092 Y117.369 E.01726
G1 X112.813 Y116.894 E.01727
G1 X112.471 Y115.839 E.03477
G1 X112.396 Y115.106 E.0231
G1 X112.428 Y114.741 E.01149
G1 X112.576 Y114.182 E.01813
G1 X112.812 Y113.667 E.01776
G1 X113.168 Y113.187 E.01874
G1 X113.596 Y112.779 E.01854
G1 X114.126 Y112.453 E.01951
G1 X114.694 Y112.225 E.01919
G1 X115.333 Y112.115 E.02033
G1 X115.964 Y112.114 E.01978
G1 X116.624 Y112.255 E.02116
G1 X117.228 Y112.495 E.02038
G1 X117.772 Y112.854 E.02044
G1 X118.167 Y113.213 E.01674
G1 X118.575 Y113.715 E.02028
G1 X118.766 Y114.083 E.013
G1 X117.883 Y114.929 F9000
;TYPE:Internal infill
;WIDTH:0.44
G1 F900
G1 X117.902 Y115.394 E.01537
G1 X117.77 Y116.023 E.02122
G1 X117.493 Y116.58 E.02054
G1 X117.063 Y117.063 E.02135
G1 X113.949 Y113.949 E.1454
G1 X113.64 Y114.443 E.01924
G1 X113.49 Y115.098 E.02219
G1 X113.543 Y115.613 E.01709
G1 X113.825 Y116.481 E.03013
G1 X114.103 Y116.897 E.01652
G1 X117.205 Y113.795 E.14484
G1 X116.722 Y113.463 E.01935
G1 X116.148 Y113.25 E.02021
G1 X115.696 Y113.195 E.01503
G1 X114.978 Y113.281 E.02388
;LAYER_CHANGE
;Z:12.8
;HEIGHT:0.2
;BEFORE_LAYER_CHANGE
G92 E0
;12.8


G1 E-3.5 F3600
;WIPE_START
G1 F7200
G1 X115.696 Y113.195 E-.34349
G1 X116.148 Y113.25 E-.21628
G1 X116.722 Y113.463 E-.29082
G1 X117.205 Y113.795 E-.2784
G1 X116.653 Y114.347 E-.37101
;WIPE_END
G1 Z12.8 F9000
;AFTER_LAYER_CHANGE
;12.8
G1 X118.35 Y116.316
G1 E5 F2400
;TYPE:Perimeter
;WIDTH:0.439999
G1 F900
G1 X118.339 Y116.422 E.00352
G1 X118.109 Y116.866 E.01651
G1 X117.748 Y117.299 E.01861
G1 X117.366 Y117.626 E.0166
G1 X116.914 Y117.876 E.01705
G1 X116.418 Y118.049 E.01734
G1 X115.933 Y118.11 E.01614
G1 X115.425 Y118.088 E.01679
G1 X114.811 Y117.913 E.02108
G1 X114.277 Y117.6 E.02044
G1 X113.853 Y117.176 E.0198
G1 X113.614 Y116.787 E.01507
G1 X113.443 Y116.315 E.01658
G1 X113.403 Y115.861 E.01505
G1 X113.432 Y115.353 E.0168
G1 X113.731 Y114.433 E.03194
G1 X114.022 Y113.933 E.0191
G1 X114.388 Y113.566 E.01711
G1 X114.877 Y113.275 E.01879
G1 X115.277 Y113.148 E.01386
G1 X115.805 Y113.089 E.01754
G1 X116.387 Y113.15 E.01932
G1 X116.774 Y113.28 E.01348
G1 X117.242 Y113.531 E.01753
G1 X117.61 Y113.845 E.01597
G1 X117.948 Y114.25 E.01742
G1 X118.2 Y114.737 E.0181
G1 X118.355 Y115.222 E.01681
G1 X118.41 Y115.759 E.01782
G1 X118.357 Y116.257 E.01654
G1 X118.746 Y116.384 F9000
G1 F900
G1 X118.721 Y116.547 E.00544
G1 X118.539 Y116.899 E.01308
G1 X118.298 Y117.275 E.01475
G1 X117.913 Y117.698 E.01889
G1 X117.402 Y118.068 E.02083
G1 X116.884 Y118.323 E.01906
G1 X116.3 Y118.471 E.01989
G1 X115.742 Y118.515 E.01848
G1 X115.17 Y118.439 E.01905
G1 X114.654 Y118.279 E.01784
G1 X114.173 Y118.009 E.01821
G1 X113.768 Y117.681 E.01721
G1 X113.447 Y117.286 E.01681
G1 X113.193 Y116.835 E.01709
G1 X113.015 Y116.218 E.0212
G1 X113.002 Y115.705 E.01694
G1 X113.046 Y115.259 E.0148
G1 X113.367 Y114.27 E.03433
G1 X113.606 Y113.858 E.01573
G1 X113.898 Y113.471 E.01601
G1 X114.264 Y113.17 E.01565
G1 X114.719 Y112.91 E.0173
G1 X115.19 Y112.76 E.01632
G1 X115.813 Y112.691 E.0207
G1 X116.464 Y112.759 E.02161
G1 X116.989 Y112.941 E.01835
G1 X117.468 Y113.203 E.01803
G1 X117.916 Y113.59 E.01955
G1 X118.279 Y114.03 E.01883
G1 X118.567 Y114.584 E.02062
G1 X118.744 Y115.14 E.01927
G1 X118.811 Y115.955 E.027
G1 X118.755 Y116.325 E.01236
G1 X119.127 Y116.45 F9000
;TYPE:External perimeter
;WIDTH:0.419999
G1 F900
G1 X119.094 Y116.668 E.00691
G1 X118.775 Y117.285 E.02178
G1 X118.367 Y117.787 E.02028
G1 X117.972 Y118.146 E.01674
G1 X117.428 Y118.505 E.02044
G1 X116.79 Y118.756 E.0215
G1 X116.164 Y118.886 E.02005
G1 X115.505 Y118.882 E.02066
G1 X114.894 Y118.775 E.01945
G1 X114.307 Y118.537 E.01986
G1 X113.796 Y118.221 E.01884
G1 X113.355 Y117.798 E.01916
G1 X113.012 Y117.333 E.01812
G1 X112.758 Y116.767 E.01945
G1 X112.629 Y116.265 E.01625
G1 X112.615 Y115.715 E.01725
G1 X112.669 Y115.167 E.01727
G1 X113.012 Y114.111 E.03481
G1 X113.382 Y113.474 E.0231
G1 X113.777 Y113.06 E.01794
G1 X114.22 Y112.731 E.0173
G1 X114.766 Y112.481 E.01883
G1 X115.318 Y112.335 E.0179
G1 X115.821 Y112.302 E.01581
G1 X116.54 Y112.378 E.02267
G1 X117.145 Y112.587 E.02007
G1 X117.688 Y112.884 E.01941
G1 X118.192 Y113.318 E.02085
G1 X118.602 Y113.815 E.0202
G1 X118.923 Y114.434 E.02186
G1 X119.124 Y115.06 E.02061
G1 X119.199 Y115.98 E.02894
G1 X119.136 Y116.391 E.01304
G1 X118.03 Y115.194 F9000
;TYPE:Internal infill
;WIDTH:0.44
G1 F900
G1 X118.107 Y115.908 E.02371
G1 X118.044 Y116.327 E.01399
G1 X117.667 Y116.944 E.02387
G1 X117.293 Y117.293 E.01689
G1 X114.213 Y114.213 E.14382
G1 X114.012 Y114.559 E.01321
G1 X113.703 Y115.592 E.0356
G1 X113.758 Y116.327 E.02434
G1 X114.061 Y116.939 E.02255
G1 X117.151 Y113.849 E.14428
G1 X116.82 Y113.634 E.01303
G1 X116.327 Y113.452 E.01735
G1 X115.473 Y113.417 E.02822
G1 X114.903 Y113.605 E.01982
;LAYER_CHANGE
;Z:13
;HEIGHT:0.2
;BEFORE_LAYER_CHANGE
G92 E0
;13


G1 E-3.5 F3600
;WIPE_START
G1 F7200
G1 X115.473 Y113.417 E-.2851
G1 X116.327 Y113.452 E-.40599
G1 X116.82 Y113.634 E-.24962
G1 X117.151 Y113.849 E-.18748
G1 X116.598 Y114.402 E-.37181
;WIPE_END
G1 Z13 F9000
;AFTER_LAYER_CHANGE
;13
G1 X118.55 Y116.316
G1 E5 F2400
;TYPE:Perimeter
;WIDTH:0.439999
G1 F900
G1 X118.539 Y116.422 E.00352
G1 X118.309 Y116.866 E.01651
G1 X117.948 Y117.299 E.01861
G1 X117.566 Y117.626 E.0166
G1 X117.114 Y117.876 E.01705
G1 X116.618 Y118.049 E.01734
G1 X116.133 Y118.11 E.01614
G1 X115.625 Y118.088 E.01679
G1 X115.011 Y117.913 E.02108
G1 X114.477 Y117.6 E.02044
G1 X114.053 Y117.176 E.0198
G1 X113.814 Y116.787 E.01507
G1 X113.643 Y116.315 E.01658
G1 X113.603 Y115.861 E.01505
G1 X113.632 Y115.353 E.0168
G1 X113.931 Y114.433 E.03194
G1 X114.222 Y113.933 E.0191
G1 X114.588 Y113.566 E.01711
G1 X115.077 Y113.275 E.01879
G1 X115.477 Y113.148 E.01386
G1 X116.005 Y113.089 E.01754
G1 X116.587 Y113.15 E.01932
G1 X116.974 Y113.28 E.01348
G1 X117.442 Y113.531 E.01753
G1 X117.81 Y113.845 E.01597
G1 X118.148 Y114.25 E.01742
G1 X118.4 Y114.737 E.0181
G1 X118.555 Y115.222 E.01681
G1 X118.61 Y115.759 E.01782
G1 X118.557 Y116.256 E.0165
G1 X118.946 Y116.384 F9000
G1 F900
G1 X118.921 Y116.547 E.00544
G1 X118.739 Y116.899 E.01308
G1 X118.498 Y117.275 E.01475
G1 X118.113 Y117.698 E.01889
G1 X117.602 Y118.068 E.02083
G1 X117.084 Y118.323 E.01906
G1 X116.5 Y118.471 E.01989
G1 X115.942 Y118.515 E.01848
G1 X115.37 Y118.439 E.01905
G1 X114.854 Y118.279 E.01784
G1 X114.373 Y118.009 E.01821
G1 X113.968 Y117.681 E.01721
G1 X113.647 Y117.286 E.01681
G1 X113.393 Y116.835 E.01709
G1 X113.215 Y116.218 E.0212
G1 X113.202 Y115.705 E.01694
G1 X113.246 Y115.259 E.0148
G1 X113.567 Y114.27 E.03433
G1 X113.806 Y113.858 E.01573
G1 X114.098 Y113.471 E.01601
G1 X114.464 Y113.17 E.01565
G1 X114.919 Y112.91 E.0173
G1 X115.39 Y112.76 E.01632
G1 X116.013 Y112.691 E.0207
G1 X116.664 Y112.759 E.02161
G1 X117.189 Y112.941 E.01835
G1 X117.668 Y113.203 E.01803
G1 X118.116 Y113.59 E.01955
G1 X118.479 Y114.03 E.01883
G1 X118.767 Y114.584 E.02062
G1 X118.944 Y115.14 E.01927
G1 X119.011 Y115.955 E.027
G1 X118.955 Y116.325 E.01236
G1 X119.327 Y116.45 F9000
;TYPE:External perimeter
;WIDTH:0.419999
G1 F900
G1 X119.294 Y116.668 E.00691
G1 X118.975 Y117.285 E.02178
G1 X118.567 Y117.787 E.02028
G1 X118.172 Y118.146 E.01674
G1 X117.628 Y118.505 E.02044
G1 X116.99 Y118.756 E.0215
G1 X116.364 Y118.886 E.02005
G1 X115.705 Y118.882 E.02066
G1 X115.094 Y118.775 E.01945
G1 X114.507 Y118.537 E.01986
G1 X113.996 Y118.221 E.01884
G1 X113.555 Y117.798 E.01916
G1 X113.212 Y117.333 E.01812
G1 X112.958 Y116.767 E.01945
G1 X112.829 Y116.265 E.01625
G1 X112.815 Y115.715 E.01725
G1 X112.869 Y115.167 E.01727
G1 X113.212 Y114.111 E.03481
G1 X113.582 Y113.474 E.0231
G1 X113.977 Y113.06 E.01794
G1 X114.42 Y112.731 E.0173
G1 X114.966 Y112.481 E.01883
G1 X115.518 Y112.335 E.0179
G1 X116.021 Y112.302 E.01581
G1 X116.74 Y112.378 E.02267
G1 X117.345 Y112.587 E.02007
G1 X117.888 Y112.884 E.01941
G1 X118.392 Y113.318 E.02085
G1 X118.802 Y113.815 E.0202
G1 X119.123 Y114.434 E.02186
G1 X119.324 Y115.06 E.02061
G1 X119.399 Y115.98 E.02894
G1 X119.336 Y116.391 E.01304
G1 X117.559 Y116.3 F9000
;TYPE:Internal infill
;WIDTH:0.44
G1 F900
G1 X117.62 Y115.625 E.02238
G1 X117.508 Y115.117 E.01718
G1 X117.281 Y114.671 E.01652
G1 X116.808 Y114.192 E.02223
G1 X114.18 Y116.82 E.12271
G1 X113.958 Y116.327 E.01785
G1 X113.903 Y115.592 E.02434
G1 X114.212 Y114.559 E.0356
G1 X114.34 Y114.34 E.00838
G1 X117.004 Y117.004 E.12439
G1 X116.582 Y117.291 E.01685
G1 X115.77 Y117.567 E.02832
G1 X115.808 Y117.797 E.0077
G1 X115.394 Y117.725 E.01387
G1 X115.061 Y117.596 E.01179
G1 E-3.5 F3600
;WIPE_START
G1 F7200
G1 X115.394 Y117.725 E-.16963
G1 X115.808 Y117.797 E-.1996
G1 X115.77 Y117.567 E-.11073
G1 X116.582 Y117.291 E-.40737
G1 X117.004 Y117.004 E-.24241
G1 X116.453 Y116.453 E-.37026
;WIPE_END
G1 X115.436 Y113.482 F9000
G1 E5 F2400
;TYPE:Solid infill
;WIDTH:0.491654
G1 F900
G1 X115.709 Y113.462 E.01021
;WIDTH:0.524058
G1 X115.983 Y113.442 E.01099
;WIDTH:0.554371
G1 X116.243 Y113.482 E.01119
;WIDTH:0.584684
G1 X116.504 Y113.522 E.01189
;WIDTH:0.628994
G1 X116.976 Y113.72 E.02494
;WIDTH:0.671346
G1 X117.421 Y114.053 E.02904
;WIDTH:0.705312
G1 X117.781 Y114.495 E.0314
;WIDTH:0.728718
G1 X118.031 Y115.025 E.03342
;WIDTH:0.7407
G1 X118.152 Y115.629 E.03574
G1 X118.161 Y115.941 E.01811
;WIDTH:0.71962
G1 X118.068 Y116.415 E.02718
;WIDTH:0.671398
G1 X117.806 Y116.839 E.02605
;WIDTH:0.626256
G1 X117.586 Y117.066 E.01533
;WIDTH:0.592286
G1 X117.367 Y117.293 E.01441
;WIDTH:0.558316
G1 X117.095 Y117.486 E.01429
;WIDTH:0.552322
G1 X116.82 Y117.612 E.01281
;WIDTH:0.508409
G1 X116.544 Y117.737 E.01173
;LAYER_CHANGE
;Z:13.2
;HEIGHT:0.2
;BEFORE_LAYER_CHANGE
G92 E0
;13.2


G1 E-3.5 F3600
;WIPE_START
G1 F7200
G1 X116.82 Y117.612 E-.14392
G1 X117.095 Y117.486 E-.14368
G1 X117.367 Y117.293 E-.15842
G1 X117.586 Y117.066 E-.14982
G1 X117.806 Y116.839 E-.15015
G1 X118.068 Y116.415 E-.23675
G1 X118.161 Y115.941 E-.22944
G1 X118.152 Y115.629 E-.14826
G1 X118.094 Y115.341 E-.13956
;WIPE_END
G1 Z13.2 F9000
;AFTER_LAYER_CHANGE
;13.2
G1 X117.159 Y117.963
G1 E5 F2400
;TYPE:Perimeter
;WIDTH:0.439999
G1 F900
G1 X116.808 Y118.138 E.01295
G1 X116.261 Y118.277 E.01863
G1 X115.76 Y118.317 E.01659
G1 X115.245 Y118.252 E.01714
G1 X114.744 Y118.101 E.01728
G1 X114.316 Y117.866 E.01612
G1 X113.918 Y117.55 E.01678
G1 X113.524 Y117.047 E.0211
G1 X113.276 Y116.48 E.02043
G1 X113.182 Y115.888 E.01979
G1 X113.237 Y115.312 E.0191
G1 X113.416 Y114.815 E.01744
G1 X113.739 Y114.346 E.0188
G1 X114.188 Y113.957 E.01961
G1 X114.691 Y113.6 E.02037
G1 X115.226 Y113.363 E.01932
G1 X115.706 Y113.285 E.01606
G1 X116.334 Y113.343 E.02082
G1 X116.858 Y113.534 E.01841
G1 X117.362 Y113.877 E.02013
G1 X117.776 Y114.351 E.02078
G1 X117.997 Y114.767 E.01555
G1 X118.157 Y115.251 E.01683
G1 X118.215 Y115.928 E.02243
G1 X118.133 Y116.47 E.0181
G1 X117.973 Y116.953 E.0168
G1 X117.702 Y117.421 E.01786
G1 X117.254 Y117.915 E.02202
G1 X117.212 Y117.936 E.00155
G1 X117.344 Y118.314 F9000
G1 F900
G1 X117.137 Y118.418 E.00765
G1 X116.72 Y118.58 E.01477
G1 X116.16 Y118.697 E.01889
G1 X115.529 Y118.696 E.02083
G1 X114.961 Y118.598 E.01903
G1 X114.401 Y118.374 E.01991
G1 X113.924 Y118.081 E.01848
G1 X113.506 Y117.684 E.01903
G1 X113.182 Y117.251 E.01786
G1 X112.952 Y116.749 E.01823
G1 X112.817 Y116.247 E.01716
G1 X112.79 Y115.738 E.01683
G1 X112.849 Y115.224 E.01708
G1 X113.068 Y114.621 E.02118
G1 X113.44 Y114.079 E.0217
G1 X113.943 Y113.644 E.02196
G1 X114.494 Y113.253 E.02231
G1 X115.1 Y112.985 E.02188
G1 X115.705 Y112.886 E.02024
G1 X116.408 Y112.951 E.02331
G1 X116.897 Y113.118 E.01706
G1 X117.343 Y113.359 E.01674
G1 X117.76 Y113.715 E.0181
G1 X118.106 Y114.129 E.01781
G1 X118.373 Y114.636 E.01892
G1 X118.546 Y115.167 E.01844
G1 X118.608 Y115.73 E.0187
G1 X118.59 Y116.161 E.01424
G1 X118.479 Y116.733 E.01924
G1 X118.219 Y117.34 E.0218
G1 X117.911 Y117.814 E.01866
G1 X117.491 Y118.24 E.01975
G1 X117.398 Y118.287 E.00344
G1 X117.525 Y118.656 F9000
;TYPE:External perimeter
;WIDTH:0.419999
G1 F900
G1 X117.1 Y118.869 E.01491
G1 X116.475 Y119.036 E.02028
G1 X115.945 Y119.093 E.01671
G1 X115.293 Y119.064 E.02046
G1 X114.63 Y118.892 E.02148
G1 X114.047 Y118.63 E.02004
G1 X113.516 Y118.24 E.02066
G1 X113.085 Y117.794 E.01945
G1 X112.75 Y117.256 E.01987
G1 X112.522 Y116.7 E.01884
G1 X112.414 Y116.098 E.01918
G1 X112.409 Y115.52 E.01812
G1 X112.537 Y114.914 E.01942
G1 X112.728 Y114.431 E.01629
G1 X113.15 Y113.819 E.02331
G1 X113.703 Y113.339 E.02296
G1 X114.302 Y112.914 E.02303
G1 X114.774 Y112.706 E.01617
G1 X115.192 Y112.567 E.01381
G1 X115.703 Y112.497 E.01617
G1 X116.48 Y112.569 E.02447
G1 X117.051 Y112.762 E.0189
G1 X117.561 Y113.039 E.0182
G1 X118.035 Y113.442 E.01951
G1 X118.428 Y113.912 E.01921
G1 X118.729 Y114.485 E.02029
G1 X118.925 Y115.086 E.01982
G1 X118.996 Y115.756 E.02112
G1 X118.954 Y116.405 E.02039
G1 X118.78 Y117.034 E.02046
G1 X118.561 Y117.52 E.01671
G1 X118.21 Y118.063 E.02027
G1 X117.722 Y118.558 E.02179
G1 X117.578 Y118.629 E.00503
G1 E-3.5 F3600
;WIPE_START
G1 F7200
G1 X117.525 Y118.656 E-.02825
G1 X117.1 Y118.869 E-.22581
G1 X116.475 Y119.036 E-.30729
G1 X115.945 Y119.093 E-.2532
G1 X115.293 Y119.064 E-.31001
G1 X114.63 Y118.892 E-.32535
G1 X114.534 Y118.849 E-.05009
;WIPE_END
G1 X115.178 Y117.925 F9000
G1 E5 F2400
;TYPE:Internal infill
;WIDTH:0.44
G1 F900
G1 X115.766 Y118.01 E.01962
G1 X116.405 Y117.942 E.02122
G1 X117.072 Y117.664 E.02386
G1 X117.366 Y117.366 E.01382
G1 X114.281 Y114.281 E.14405
G1 X114.843 Y113.867 E.02305
G1 X115.511 Y113.612 E.02361
G1 X116.277 Y113.644 E.02531
G1 X116.719 Y113.806 E.01554
G1 X117.01 Y113.99 E.01137
G1 X113.918 Y117.082 E.14438
G1 X113.57 Y116.394 E.02546
G1 X113.488 Y115.879 E.01722
G1 X113.536 Y115.379 E.01658
G1 X113.764 Y114.848 E.01908
;LAYER_CHANGE
;Z:13.4
;HEIGHT:0.2
;BEFORE_LAYER_CHANGE
G92 E0
;13.4


G1 E-3.5 F3600
;WIPE_START
G1 F7200
G1 X113.536 Y115.379 E-.27449
G1 X113.488 Y115.879 E-.23859
G1 X113.57 Y116.394 E-.24771
G1 X113.918 Y117.082 E-.36623
G1 X114.473 Y116.527 E-.37298
;WIPE_END
G1 Z13.4 F9000
;AFTER_LAYER_CHANGE
;13.4
G1 X115.395 Y118.467
G1 E5 F2400
;TYPE:Perimeter
;WIDTH:0.439999
G1 F900
G1 X115.007 Y118.403 E.01298
G1 X114.484 Y118.194 E.0186
G1 X114.055 Y117.931 E.01661
G1 X113.676 Y117.577 E.01712
G1 X113.36 Y117.16 E.01727
G1 X113.151 Y116.718 E.01614
G1 X113.015 Y116.229 E.01676
G1 X112.992 Y115.59 E.02111
G1 X113.125 Y114.985 E.02045
G1 X113.397 Y114.451 E.01979
G1 X113.78 Y114.018 E.01909
G1 X114.217 Y113.721 E.01745
G1 X114.753 Y113.531 E.01878
G1 X115.346 Y113.481 E.01965
G1 X115.963 Y113.487 E.02037
G1 X116.534 Y113.61 E.01929
G1 X116.996 Y113.845 E.01711
G1 X117.424 Y114.22 E.01879
G1 X117.755 Y114.708 E.01947
G1 X117.96 Y115.281 E.02009
G1 X118.012 Y115.737 E.01515
G1 X118.002 Y116.055 E.0105
G1 X117.911 Y116.548 E.01655
G1 X117.726 Y116.996 E.016
G1 X117.445 Y117.442 E.0174
G1 X117.06 Y117.833 E.01812
G1 X116.647 Y118.129 E.01678
G1 X116.153 Y118.348 E.01784
G1 X115.5 Y118.485 E.02203
G1 X115.454 Y118.477 E.00154
G1 X115.338 Y118.86 F9000
G1 F900
G1 X115.109 Y118.823 E.00766
G1 X114.677 Y118.709 E.01475
G1 X114.155 Y118.474 E.0189
G1 X113.645 Y118.103 E.02082
G1 X113.243 Y117.689 E.01905
G1 X112.922 Y117.179 E.0199
G1 X112.708 Y116.662 E.01847
G1 X112.603 Y116.094 E.01907
G1 X112.596 Y115.554 E.01783
G1 X112.704 Y115.013 E.01821
G1 X112.891 Y114.527 E.01719
G1 X113.167 Y114.099 E.01681
G1 X113.518 Y113.718 E.0171
G1 X114.049 Y113.359 E.02116
G1 X114.669 Y113.14 E.02171
G1 X115.331 Y113.083 E.02194
G1 X116.007 Y113.091 E.02232
G1 X116.655 Y113.23 E.02188
G1 X117.218 Y113.515 E.02083
G1 X117.608 Y113.844 E.01685
G1 X117.932 Y114.228 E.01659
G1 X118.183 Y114.697 E.01756
G1 X118.349 Y115.195 E.01733
G1 X118.409 Y115.749 E.0184
G1 X118.377 Y116.293 E.01799
G1 X118.221 Y116.855 E.01926
G1 X117.981 Y117.366 E.01864
G1 X117.611 Y117.851 E.02014
G1 X117.186 Y118.249 E.01922
G1 X116.618 Y118.586 E.02181
G1 X116.091 Y118.789 E.01865
G1 X115.5 Y118.887 E.01978
G1 X115.397 Y118.87 E.00345
G1 X115.283 Y119.244 F9000
;TYPE:External perimeter
;WIDTH:0.419999
G1 F900
G1 X114.814 Y119.166 E.01491
G1 X114.211 Y118.933 E.02027
G1 X113.748 Y118.669 E.01671
G1 X113.238 Y118.262 E.02046
G1 X112.803 Y117.733 E.02147
G1 X112.485 Y117.178 E.02006
G1 X112.285 Y116.55 E.02066
G1 X112.198 Y115.936 E.01944
G1 X112.243 Y115.304 E.01987
G1 X112.386 Y114.72 E.01885
G1 X112.652 Y114.17 E.01916
G1 X112.988 Y113.7 E.01811
G1 X113.447 Y113.284 E.01942
G1 X113.885 Y113.006 E.01627
G1 X114.587 Y112.759 E.02333
G1 X115.317 Y112.696 E.02297
G1 X116.05 Y112.704 E.02298
G1 X116.467 Y112.794 E.01338
G1 X116.975 Y112.946 E.01663
G1 X117.435 Y113.193 E.01637
G1 X117.881 Y113.57 E.01831
G1 X118.253 Y114.009 E.01804
G1 X118.538 Y114.543 E.01898
G1 X118.727 Y115.112 E.0188
G1 X118.802 Y115.936 E.02594
G1 X118.709 Y116.577 E.02031
G1 X118.515 Y117.178 E.0198
G1 X118.178 Y117.762 E.02114
G1 X117.762 Y118.262 E.02039
G1 X117.252 Y118.669 E.02046
G1 X116.789 Y118.933 E.01671
G1 X116.186 Y119.166 E.02027
G1 X115.5 Y119.279 E.0218
G1 X115.342 Y119.253 E.00502
G1 X115.287 Y117.598 F9000
;TYPE:Internal infill
;WIDTH:0.44
G1 F900
G1 X115.684 Y117.703 E.01356
G1 X116.346 Y117.712 E.02186
G1 X116.384 Y117.918 E.00692
G1 X116.76 Y117.687 E.01457
G1 X117.224 Y117.224 E.02164
G1 X114.401 Y114.401 E.13182
G1 X114.289 Y114.593 E.00734
G1 X113.986 Y115.598 E.03466
G1 X114.039 Y116.304 E.02338
G1 X114.24 Y116.76 E.01645
G1 X116.868 Y114.132 E.12271
G1 X117.35 Y114.624 E.02274
G1 X117.586 Y115.089 E.01722
G1 X117.703 Y115.618 E.01789
G1 X117.668 Y116.24 E.02057
G1 E-3.5 F3600
;WIPE_START
G1 F7200
G1 X117.703 Y115.618 E-.29592
G1 X117.586 Y115.089 E-.25735
G1 X117.35 Y114.624 E-.24769
G1 X116.868 Y114.132 E-.32716
G1 X116.314 Y114.686 E-.37188
;WIPE_END
G1 X113.27 Y115.875 F9000
G1 E5 F2400
;TYPE:Solid infill
;WIDTH:0.393983
G1 F900
G1 X113.328 Y115.292 E.0171
;WIDTH:0.378858
G1 X113.5 Y114.814 E.01419
;WIDTH:0.370062
G1 X113.789 Y114.393 E.01389
G1 X114.178 Y114.059 E.01395
G1 X113.941 Y114.492 E.01343
;WIDTH:0.379224
G1 X113.651 Y115.379 E.0261
;WIDTH:0.393983
G1 X113.62 Y115.886 E.01483
G1 X113.688 Y116.37 E.01427
;WIDTH:0.385919
G1 X113.884 Y116.846 E.01468
;WIDTH:0.376869
G1 X114.175 Y117.254 E.01392
;WIDTH:0.40532
G1 X114.206 Y117.317 E.00212
;WIDTH:0.450534
G1 X114.237 Y117.38 E.00238
;WIDTH:0.495748
G1 X114.268 Y117.443 E.00264
;WIDTH:0.540962
G1 X114.299 Y117.506 E.00291
;WIDTH:0.586176
G1 X114.33 Y117.569 E.00317
;WIDTH:0.63139
G1 X114.361 Y117.632 E.00344
G1 X114.291 Y117.604 E.00369
;WIDTH:0.586176
G1 X114.22 Y117.576 E.00345
;WIDTH:0.540962
G1 X114.15 Y117.548 E.00312
;WIDTH:0.495748
G1 X114.079 Y117.52 E.00287
;WIDTH:0.450534
G1 X114.009 Y117.492 E.00256
;WIDTH:0.40532
G1 X113.939 Y117.464 E.00227
;WIDTH:0.376869
G1 X113.587 Y116.999 E.01619
;WIDTH:0.385919
G1 X113.354 Y116.447 E.01709
;WIDTH:0.391213
G1 X113.299 Y116.072 E.01098
G1 X114.361 Y117.632 F9000
;WIDTH:0.64255
G1 F900
G1 X114.558 Y117.774 E.01211
G1 X114.782 Y117.884 E.01244
;WIDTH:0.612855
G1 X115.007 Y117.995 E.01189
;WIDTH:0.58316
G1 X115.5 Y118.119 E.02284
;LAYER_CHANGE
;Z:13.6
;HEIGHT:0.200001
;BEFORE_LAYER_CHANGE
G92 E0
;13.6


G1 E-3.5 F3600
;WIPE_START
G1 F7200
G1 X115.007 Y117.995 E-.24147
G1 X114.782 Y117.884 E-.11917
G1 X114.558 Y117.774 E-.11854
G1 X114.361 Y117.632 E-.11535
;WIPE_END
G1 E-.90547 F3600
G1 Z13.6 F9000
;AFTER_LAYER_CHANGE
;13.6
G1 X115.405 Y118.463
G1 E5 F2400
;TYPE:Perimeter
;WIDTH:0.439999
G1 F900
G1 X115.3 Y118.485 E.00354
G1 X114.807 Y118.403 E.0165
G1 X114.284 Y118.194 E.0186
G1 X113.855 Y117.931 E.01661
G1 X113.476 Y117.577 E.01712
G1 X113.16 Y117.16 E.01727
G1 X112.951 Y116.718 E.01614
G1 X112.815 Y116.229 E.01676
G1 X112.792 Y115.59 E.02111
G1 X112.925 Y114.985 E.02045
G1 X113.197 Y114.451 E.01979
G1 X113.58 Y114.018 E.01909
G1 X114.017 Y113.721 E.01745
G1 X114.553 Y113.531 E.01878
G1 X115.146 Y113.481 E.01965
G1 X115.763 Y113.487 E.02037
G1 X116.334 Y113.61 E.01929
G1 X116.796 Y113.845 E.01711
G1 X117.224 Y114.22 E.01879
G1 X117.555 Y114.708 E.01947
G1 X117.76 Y115.281 E.02009
G1 X117.812 Y115.737 E.01515
G1 X117.802 Y116.055 E.0105
G1 X117.711 Y116.548 E.01655
G1 X117.526 Y116.996 E.016
G1 X117.245 Y117.442 E.0174
G1 X116.86 Y117.833 E.01812
G1 X116.447 Y118.129 E.01678
G1 X115.953 Y118.348 E.01784
G1 X115.463 Y118.45 E.01653
G1 X115.462 Y118.86 F9000
G1 F900
G1 X115.3 Y118.887 E.00542
G1 X114.909 Y118.823 E.01308
G1 X114.477 Y118.709 E.01475
G1 X113.955 Y118.474 E.0189
G1 X113.445 Y118.103 E.02082
G1 X113.043 Y117.689 E.01905
G1 X112.722 Y117.179 E.0199
G1 X112.508 Y116.662 E.01847
G1 X112.403 Y116.094 E.01907
G1 X112.396 Y115.554 E.01783
G1 X112.504 Y115.013 E.01821
G1 X112.691 Y114.527 E.01719
G1 X112.967 Y114.099 E.01681
G1 X113.318 Y113.718 E.0171
G1 X113.849 Y113.359 E.02116
G1 X114.469 Y113.14 E.02171
G1 X115.131 Y113.083 E.02194
G1 X115.807 Y113.091 E.02232
G1 X116.455 Y113.23 E.02188
G1 X117.018 Y113.515 E.02083
G1 X117.408 Y113.844 E.01685
G1 X117.732 Y114.228 E.01659
G1 X117.983 Y114.697 E.01756
G1 X118.149 Y115.195 E.01733
G1 X118.209 Y115.749 E.0184
G1 X118.177 Y116.293 E.01799
G1 X118.021 Y116.855 E.01926
G1 X117.781 Y117.366 E.01864
G1 X117.411 Y117.851 E.02014
G1 X116.986 Y118.249 E.01922
G1 X116.418 Y118.586 E.02181
G1 X115.891 Y118.789 E.01865
G1 X115.521 Y118.851 E.01239
G1 X115.517 Y119.244 F9000
;TYPE:External perimeter
;WIDTH:0.419999
G1 F900
G1 X115.3 Y119.279 E.00689
G1 X114.614 Y119.166 E.0218
G1 X114.011 Y118.933 E.02027
G1 X113.548 Y118.669 E.01671
G1 X113.038 Y118.262 E.02046
G1 X112.603 Y117.733 E.02147
G1 X112.285 Y117.178 E.02006
G1 X112.085 Y116.55 E.02066
G1 X111.998 Y115.936 E.01944
G1 X112.043 Y115.304 E.01987
G1 X112.186 Y114.72 E.01885
G1 X112.452 Y114.17 E.01916
G1 X112.788 Y113.7 E.01811
G1 X113.247 Y113.284 E.01942
G1 X113.685 Y113.006 E.01627
G1 X114.387 Y112.759 E.02333
G1 X115.117 Y112.696 E.02297
G1 X115.85 Y112.704 E.02298
G1 X116.267 Y112.794 E.01338
G1 X116.775 Y112.946 E.01663
G1 X117.235 Y113.193 E.01637
G1 X117.681 Y113.57 E.01831
G1 X118.053 Y114.009 E.01804
G1 X118.338 Y114.543 E.01898
G1 X118.527 Y115.112 E.0188
G1 X118.602 Y115.936 E.02594
G1 X118.509 Y116.577 E.02031
G1 X118.315 Y117.178 E.0198
G1 X117.978 Y117.762 E.02114
G1 X117.562 Y118.262 E.02039
G1 X117.052 Y118.669 E.02046
G1 X116.589 Y118.933 E.01671
G1 X115.986 Y119.166 E.02027
G1 X115.576 Y119.234 E.01303
G1 X115.09 Y118.14 F9000
;TYPE:Internal infill
;WIDTH:0.44
G1 F900
G1 X115.3 Y118.175 E.00703
G1 X115.718 Y118.106 E.01399
G1 X116.294 Y117.864 E.02063
G1 X116.798 Y117.482 E.02088
G1 X117.106 Y117.106 E.01605
G1 X114.053 Y114.053 E.14256
G1 X114.617 Y113.833 E.01999
G1 X115.729 Y113.793 E.03674
G1 X116.241 Y113.903 E.01729
G1 X116.781 Y114.219 E.02066
G1 X113.667 Y117.333 E.1454
G1 X113.284 Y116.737 E.02339
G1 X113.118 Y116.179 E.01922
G1 X113.097 Y115.618 E.01854
G1 X113.209 Y115.106 E.0173
;LAYER_CHANGE
;Z:13.8
;HEIGHT:0.2
;BEFORE_LAYER_CHANGE
G92 E0
;13.8


G1 E-3.5 F3600
;WIPE_START
G1 F7200
G1 X113.097 Y115.618 E-.24895
G1 X113.118 Y116.179 E-.26666
G1 X113.284 Y116.737 E-.27653
G1 X113.667 Y117.333 E-.33651
G1 X114.22 Y116.78 E-.37135
;WIPE_END
G1 Z13.8 F9000
;AFTER_LAYER_CHANGE
;13.8
G1 X113.674 Y117.835
G1 E5 F2400
;TYPE:Perimeter
;WIDTH:0.439999
G1 F900
G1 X113.298 Y117.421 E.01847
G1 X113.027 Y116.953 E.01786
G1 X112.856 Y116.425 E.01832
G1 X112.785 Y115.928 E.01658
G1 X112.815 Y115.434 E.01634
G1 X112.933 Y114.931 E.01706
G1 X113.224 Y114.351 E.02143
G1 X113.638 Y113.877 E.02078
G1 X114.142 Y113.534 E.02013
G1 X114.696 Y113.334 E.01945
G1 X115.231 Y113.283 E.01774
G1 X115.803 Y113.376 E.01913
G1 X116.304 Y113.597 E.01808
G1 X117.061 Y114.148 E.03091
G1 X117.273 Y114.385 E.0105
G1 X117.572 Y114.786 E.01652
G1 X117.763 Y115.312 E.01848
G1 X117.818 Y115.888 E.0191
G1 X117.724 Y116.48 E.01979
G1 X117.476 Y117.047 E.02043
G1 X117.198 Y117.42 E.01536
G1 X116.834 Y117.765 E.01656
G1 X116.422 Y118.018 E.01596
G1 X115.932 Y118.215 E.01744
G1 X115.391 Y118.304 E.0181
G1 X114.882 Y118.301 E.01681
G1 X114.354 Y118.188 E.01783
G1 X113.746 Y117.915 E.02201
G1 X113.714 Y117.88 E.00157
G1 X113.394 Y118.123 F9000
G1 F900
G1 X113.089 Y117.814 E.01434
G1 X112.743 Y117.266 E.0214
G1 X112.521 Y116.733 E.01906
G1 X112.406 Y116.123 E.0205
G1 X112.396 Y115.551 E.01889
G1 X112.51 Y114.968 E.01961
G1 X112.706 Y114.451 E.01826
G1 X113.014 Y113.973 E.01877
G1 X113.375 Y113.579 E.01764
G1 X113.819 Y113.263 E.01799
G1 X114.28 Y113.041 E.01689
G1 X114.758 Y112.922 E.01626
G1 X115.258 Y112.885 E.01655
G1 X115.917 Y112.992 E.02204
G1 X116.503 Y113.251 E.02115
G1 X117.329 Y113.851 E.03371
G1 X117.768 Y114.343 E.02177
G1 X117.974 Y114.715 E.01404
G1 X118.151 Y115.224 E.01779
G1 X118.216 Y115.9 E.02242
G1 X118.142 Y116.427 E.01757
G1 X117.984 Y116.928 E.01734
G1 X117.708 Y117.412 E.0184
G1 X117.361 Y117.833 E.01801
G1 X116.905 Y118.196 E.01924
G1 X116.41 Y118.468 E.01865
G1 X115.826 Y118.643 E.02013
G1 X115.248 Y118.714 E.01923
G1 X114.59 Y118.654 E.02182
G1 X114.044 Y118.508 E.01866
G1 X113.509 Y118.24 E.01976
G1 X113.436 Y118.166 E.00343
G1 X113.124 Y118.401 F9000
;TYPE:External perimeter
;WIDTH:0.419999
G1 F900
G1 X112.79 Y118.063 E.0149
G1 X112.4 Y117.446 E.02289
G1 X112.15 Y116.845 E.02041
G1 X112.021 Y116.163 E.02176
G1 X112.01 Y115.518 E.02023
G1 X112.138 Y114.863 E.02093
G1 X112.359 Y114.277 E.01964
G1 X112.707 Y113.737 E.02014
G1 X113.117 Y113.289 E.01904
G1 X113.622 Y112.93 E.01943
G1 X114.149 Y112.676 E.01834
G1 X114.76 Y112.53 E.0197
G1 X115.284 Y112.497 E.01646
G1 X116.028 Y112.618 E.02363
G1 X116.697 Y112.914 E.02294
G1 X117.59 Y113.562 E.03459
G1 X118.081 Y114.112 E.02312
G1 X118.353 Y114.615 E.01793
G1 X118.529 Y115.138 E.0173
G1 X118.597 Y115.705 E.01791
G1 X118.584 Y116.118 E.01296
G1 X118.478 Y116.7 E.01855
G1 X118.241 Y117.275 E.0195
G1 X117.915 Y117.794 E.01922
G1 X117.463 Y118.258 E.02031
G1 X116.953 Y118.63 E.01979
G1 X116.337 Y118.904 E.02114
G1 X115.707 Y119.064 E.02038
G1 X115.055 Y119.093 E.02046
G1 X114.525 Y119.036 E.01671
G1 X113.9 Y118.869 E.02028
G1 X113.278 Y118.558 E.0218
G1 X113.166 Y118.444 E.00501
G1 X114.992 Y118 F9000
;TYPE:Internal infill
;WIDTH:0.44
G1 F900
G1 X115.547 Y117.984 E.01833
G1 X116.136 Y117.819 E.0202
G1 X116.648 Y117.522 E.01954
G1 X117.082 Y117.082 E.02041
G1 X113.99 Y113.99 E.14438
G1 X114.518 Y113.704 E.01983
G1 X115.211 Y113.589 E.02319
G1 X115.715 Y113.672 E.01686
G1 X116.15 Y113.864 E.0157
G1 X116.721 Y114.279 E.02331
G1 X113.634 Y117.366 E.14414
G1 X113.307 Y116.828 E.02079
G1 X113.123 Y116.223 E.02088
G1 X113.098 Y115.611 E.02022
G1 X113.198 Y115.118 E.01661
;LAYER_CHANGE
;Z:14
;HEIGHT:0.2
;BEFORE_LAYER_CHANGE
G92 E0
;14


G1 E-3.5 F3600
;WIPE_START
G1 F7200
G1 X113.098 Y115.611 E-.23894
G1 X113.123 Y116.223 E-.29094
G1 X113.307 Y116.828 E-.30037
G1 X113.634 Y117.366 E-.29905
G1 X114.186 Y116.814 E-.3707
;WIPE_END
G1 Z14 F9000
;AFTER_LAYER_CHANGE
;14
G1 X113.474 Y117.835
G1 E5 F2400
;TYPE:Perimeter
;WIDTH:0.439999
G1 F900
G1 X113.098 Y117.421 E.01847
G1 X112.827 Y116.953 E.01786
G1 X112.656 Y116.425 E.01832
G1 X112.585 Y115.928 E.01658
G1 X112.615 Y115.434 E.01634
G1 X112.733 Y114.931 E.01706
G1 X113.024 Y114.351 E.02143
G1 X113.438 Y113.877 E.02078
G1 X113.942 Y113.534 E.02013
G1 X114.496 Y113.334 E.01945
G1 X115.031 Y113.283 E.01774
G1 X115.603 Y113.376 E.01913
G1 X116.104 Y113.597 E.01808
G1 X116.861 Y114.148 E.03091
G1 X117.073 Y114.385 E.0105
G1 X117.372 Y114.786 E.01652
G1 X117.563 Y115.312 E.01848
G1 X117.618 Y115.888 E.0191
G1 X117.524 Y116.48 E.01979
G1 X117.276 Y117.047 E.02043
G1 X116.998 Y117.42 E.01536
G1 X116.634 Y117.765 E.01656
G1 X116.222 Y118.018 E.01596
G1 X115.732 Y118.215 E.01744
G1 X115.191 Y118.304 E.0181
G1 X114.682 Y118.301 E.01681
G1 X114.154 Y118.188 E.01783
G1 X113.546 Y117.915 E.02201
G1 X113.514 Y117.88 E.00157
G1 X113.194 Y118.123 F9000
G1 F900
G1 X112.889 Y117.814 E.01434
G1 X112.543 Y117.266 E.0214
G1 X112.321 Y116.733 E.01906
G1 X112.206 Y116.123 E.0205
G1 X112.196 Y115.551 E.01889
G1 X112.31 Y114.968 E.01961
G1 X112.506 Y114.451 E.01826
G1 X112.814 Y113.973 E.01877
G1 X113.175 Y113.579 E.01764
G1 X113.619 Y113.263 E.01799
G1 X114.08 Y113.041 E.01689
G1 X114.558 Y112.922 E.01626
G1 X115.058 Y112.885 E.01655
G1 X115.717 Y112.992 E.02204
G1 X116.303 Y113.251 E.02115
G1 X117.129 Y113.851 E.03371
G1 X117.568 Y114.343 E.02177
G1 X117.774 Y114.715 E.01404
G1 X117.951 Y115.224 E.01779
G1 X118.016 Y115.9 E.02242
G1 X117.942 Y116.427 E.01757
G1 X117.784 Y116.928 E.01734
G1 X117.508 Y117.412 E.0184
G1 X117.161 Y117.833 E.01801
G1 X116.705 Y118.196 E.01924
G1 X116.21 Y118.468 E.01865
G1 X115.626 Y118.643 E.02013
G1 X115.048 Y118.714 E.01923
G1 X114.39 Y118.654 E.02182
G1 X113.844 Y118.508 E.01866
G1 X113.309 Y118.24 E.01976
G1 X113.236 Y118.166 E.00343
G1 X112.924 Y118.401 F9000
;TYPE:External perimeter
;WIDTH:0.419999
G1 F900
G1 X112.59 Y118.063 E.0149
G1 X112.2 Y117.446 E.02289
G1 X111.95 Y116.845 E.02041
G1 X111.821 Y116.163 E.02176
G1 X111.81 Y115.518 E.02023
G1 X111.938 Y114.863 E.02093
G1 X112.159 Y114.277 E.01964
G1 X112.507 Y113.737 E.02014
G1 X112.917 Y113.289 E.01904
G1 X113.422 Y112.93 E.01943
G1 X113.949 Y112.676 E.01834
G1 X114.56 Y112.53 E.0197
G1 X115.084 Y112.497 E.01646
G1 X115.828 Y112.618 E.02363
G1 X116.497 Y112.914 E.02294
G1 X117.39 Y113.562 E.03459
G1 X117.881 Y114.112 E.02312
G1 X118.153 Y114.615 E.01793
G1 X118.329 Y115.138 E.0173
G1 X118.397 Y115.705 E.01791
G1 X118.384 Y116.118 E.01296
G1 X118.278 Y116.7 E.01855
G1 X118.041 Y117.275 E.0195
G1 X117.715 Y117.794 E.01922
G1 X117.263 Y118.258 E.02031
G1 X116.753 Y118.63 E.01979
G1 X116.137 Y118.904 E.02114
G1 X115.507 Y119.064 E.02038
G1 X114.855 Y119.093 E.02046
G1 X114.325 Y119.036 E.01671
G1 X113.7 Y118.869 E.02028
G1 X113.078 Y118.558 E.0218
G1 X112.966 Y118.444 E.00501
G1 E-3.5 F3600
;WIPE_START
G1 F7200
G1 X112.924 Y118.401 E-.02855
G1 X112.59 Y118.063 E-.22571
G1 X112.2 Y117.446 E-.34671
G1 X111.95 Y116.845 E-.30919
G1 X111.821 Y116.163 E-.32969
G1 X111.811 Y115.615 E-.26015
;WIPE_END
G1 X112.894 Y115.942 F9000
G1 E5 F2400
;TYPE:Internal infill
;WIDTH:0.44
G1 F900
G1 X112.942 Y115.316 E.02073
G1 X113.135 Y114.767 E.01921
G1 X113.449 Y114.301 E.01855
G1 X113.909 Y113.909 E.01995
G1 X116.963 Y116.963 E.1426
G1 X117.23 Y116.394 E.02075
G1 X117.303 Y115.625 E.0255
G1 X117.099 Y114.927 E.02401
G1 X116.637 Y114.363 E.02407
G1 X113.533 Y117.467 E.14494
G1 X113.728 Y117.664 E.00915
G1 X114.395 Y117.942 E.02386
G1 X115.034 Y118.01 E.02122
G1 X115.756 Y117.882 E.02421
;LAYER_CHANGE
;Z:14.2
;HEIGHT:0.2
;BEFORE_LAYER_CHANGE
G92 E0
;14.2


G1 E-3.5 F3600
;WIPE_START
G1 F7200
G1 X115.034 Y118.01 E-.3483
G1 X114.395 Y117.942 E-.30524
G1 X113.728 Y117.664 E-.34324
G1 X113.533 Y117.467 E-.13166
G1 X114.086 Y116.914 E-.37156
;WIPE_END
G1 Z14.2 F9000
;AFTER_LAYER_CHANGE
;14.2
G1 X112.715 Y116.515
G1 E5 F2400
;TYPE:Perimeter
;WIDTH:0.439999
G1 F900
G1 X112.661 Y116.422 E.00355
G1 X112.587 Y115.928 E.01649
G1 X112.624 Y115.366 E.0186
G1 X112.741 Y114.877 E.0166
G1 X112.961 Y114.407 E.01713
G1 X113.259 Y113.978 E.01725
G1 X113.616 Y113.643 E.01616
G1 X114.039 Y113.362 E.01677
G1 X114.639 Y113.143 E.02109
G1 X115.255 Y113.082 E.02044
G1 X115.847 Y113.176 E.01979
G1 X116.378 Y113.406 E.01911
G1 X116.796 Y113.73 E.01746
G1 X117.142 Y114.181 E.01877
G1 X117.373 Y114.729 E.01964
G1 X117.557 Y115.318 E.02037
G1 X117.595 Y116.14 E.02717
G1 X117.441 Y116.678 E.01848
G1 X117.147 Y117.176 E.01909
G1 X116.723 Y117.6 E.0198
G1 X116.189 Y117.913 E.02044
G1 X115.745 Y118.051 E.01535
G1 X115.248 Y118.117 E.01655
G1 X114.765 Y118.079 E.016
G1 X114.254 Y117.95 E.0174
G1 X113.764 Y117.704 E.0181
G1 X113.354 Y117.403 E.01679
G1 X112.993 Y117.001 E.01784
G1 X112.744 Y116.567 E.01652
G1 X112.354 Y116.692 F9000
G1 F900
G1 X112.279 Y116.547 E.00539
G1 X112.219 Y116.155 E.01309
G1 X112.193 Y115.708 E.01478
G1 X112.256 Y115.14 E.01887
G1 X112.452 Y114.54 E.02084
G1 X112.721 Y114.03 E.01904
G1 X113.107 Y113.567 E.0199
G1 X113.532 Y113.203 E.01848
G1 X114.04 Y112.928 E.01907
G1 X114.551 Y112.755 E.01781
G1 X115.1 Y112.69 E.01825
G1 X115.619 Y112.718 E.01716
G1 X116.111 Y112.849 E.01681
G1 X116.582 Y113.064 E.01709
G1 X117.088 Y113.458 E.02117
G1 X117.488 Y113.98 E.02171
G1 X117.746 Y114.592 E.02193
G1 X117.948 Y115.238 E.02235
G1 X117.981 Y115.561 E.01072
G1 X117.999 Y116.079 E.01711
G1 X117.919 Y116.521 E.01483
G1 X117.726 Y116.993 E.01684
G1 X117.462 Y117.42 E.01658
G1 X117.093 Y117.803 E.01756
G1 X116.67 Y118.115 E.01735
G1 X116.163 Y118.344 E.01837
G1 X115.635 Y118.482 E.01802
G1 X115.052 Y118.507 E.01927
G1 X114.492 Y118.436 E.01864
G1 X113.916 Y118.234 E.02015
G1 X113.407 Y117.952 E.01921
G1 X112.91 Y117.517 E.02181
G1 X112.554 Y117.078 E.01866
G1 X112.382 Y116.746 E.01235
G1 X112.007 Y116.863 F9000
;TYPE:External perimeter
;WIDTH:0.419999
G1 F900
G1 X111.906 Y116.668 E.00689
G1 X111.801 Y115.98 E.02182
G1 X111.836 Y115.335 E.02025
G1 X111.945 Y114.813 E.01672
G1 X112.174 Y114.202 E.02046
G1 X112.542 Y113.625 E.02146
G1 X112.972 Y113.151 E.02007
G1 X113.508 Y112.767 E.02067
G1 X114.065 Y112.495 E.01944
G1 X114.68 Y112.342 E.01987
G1 X115.279 Y112.297 E.01883
G1 X115.885 Y112.38 E.01918
G1 X116.436 Y112.554 E.01812
G1 X116.973 Y112.863 E.01943
G1 X117.373 Y113.194 E.01628
G1 X117.825 Y113.784 E.0233
G1 X118.11 Y114.459 E.02297
G1 X118.329 Y115.159 E.023
G1 X118.373 Y115.584 E.0134
G1 X118.372 Y116.259 E.02116
G1 X118.224 Y116.818 E.01813
G1 X117.988 Y117.333 E.01776
G1 X117.632 Y117.813 E.01874
G1 X117.204 Y118.221 E.01854
G1 X116.674 Y118.547 E.01951
G1 X116.106 Y118.775 E.01919
G1 X115.468 Y118.885 E.0203
G1 X114.836 Y118.886 E.01982
G1 X114.177 Y118.746 E.02112
G1 X113.572 Y118.505 E.02042
G1 X113.028 Y118.146 E.02044
G1 X112.633 Y117.787 E.01674
G1 X112.225 Y117.285 E.02028
G1 X112.034 Y116.917 E.013
G1 X112.896 Y115.93 F9000
;TYPE:Internal infill
;WIDTH:0.44
G1 F900
G1 X112.945 Y115.285 E.02136
G1 X113.152 Y114.688 E.02086
G1 X113.491 Y114.178 E.02022
G1 X113.849 Y113.849 E.01605
G1 X116.939 Y116.939 E.14428
G1 X117.16 Y116.557 E.01457
G1 X117.31 Y115.902 E.02219
G1 X117.256 Y115.38 E.01733
G1 X117.086 Y114.835 E.01885
G1 X116.783 Y114.217 E.02273
G1 X113.707 Y117.293 E.14363
G1 X114.078 Y117.537 E.01466
G1 X114.652 Y117.75 E.02021
G1 X115.24 Y117.811 E.01952
G1 X115.955 Y117.672 E.02405
;LAYER_CHANGE
;Z:14.4
;HEIGHT:0.2
;BEFORE_LAYER_CHANGE
G92 E0
;14.4


G1 E-3.5 F3600
;WIPE_START
G1 F7200
G1 X115.24 Y117.811 E-.34598
G1 X114.652 Y117.75 E-.2808
G1 X114.078 Y117.537 E-.29082
G1 X113.707 Y117.293 E-.21092
G1 X114.26 Y116.74 E-.37148
;WIPE_END
G1 Z14.4 F9000
;AFTER_LAYER_CHANGE
;14.4
G1 X112.65 Y114.684
G1 E5 F2400
;TYPE:Perimeter
;WIDTH:0.439999
G1 F900
G1 X112.661 Y114.578 E.00352
G1 X112.993 Y113.999 E.02204
G1 X113.354 Y113.597 E.01784
G1 X113.804 Y113.271 E.01835
G1 X114.254 Y113.05 E.01655
G1 X114.732 Y112.926 E.0163
G1 X115.315 Y112.89 E.01929
G1 X115.89 Y112.981 E.01922
G1 X116.468 Y113.228 E.02075
G1 X116.95 Y113.6 E.0201
G1 X117.311 Y114.066 E.01946
G1 X117.536 Y114.589 E.0188
G1 X117.597 Y115.139 E.01827
G1 X117.568 Y115.647 E.0168
G1 X117.269 Y116.567 E.03194
G1 X117.109 Y116.842 E.0105
G1 X116.819 Y117.25 E.01653
G1 X116.378 Y117.594 E.01847
G1 X115.847 Y117.824 E.01911
G1 X115.256 Y117.918 E.01976
G1 X114.639 Y117.857 E.02047
G1 X114.199 Y117.708 E.01534
G1 X113.758 Y117.469 E.01656
G1 X113.39 Y117.155 E.01597
G1 X113.052 Y116.75 E.01742
G1 X112.8 Y116.263 E.0181
G1 X112.645 Y115.778 E.01681
G1 X112.59 Y115.241 E.01782
G1 X112.643 Y114.744 E.0165
G1 X112.254 Y114.616 F9000
G1 F900
G1 X112.279 Y114.453 E.00544
G1 X112.554 Y113.922 E.01974
G1 X112.968 Y113.424 E.02138
G1 X113.407 Y113.048 E.01908
G1 X113.951 Y112.75 E.02048
G1 X114.492 Y112.564 E.01889
G1 X115.078 Y112.497 E.01947
G1 X115.636 Y112.519 E.01844
G1 X116.184 Y112.664 E.01872
G1 X116.67 Y112.885 E.01763
G1 X117.107 Y113.209 E.01796
G1 X117.462 Y113.58 E.01695
G1 X117.725 Y114.004 E.01647
G1 X117.919 Y114.479 E.01694
G1 X117.998 Y115.295 E.02707
G1 X117.954 Y115.741 E.0148
G1 X117.633 Y116.73 E.03433
G1 X117.302 Y117.3 E.02176
G1 X116.857 Y117.748 E.02085
G1 X116.423 Y118.017 E.01686
G1 X115.959 Y118.206 E.01654
G1 X115.435 Y118.3 E.01758
G1 X114.91 Y118.303 E.01733
G1 X114.364 Y118.19 E.01841
G1 X113.856 Y117.991 E.01801
G1 X113.37 Y117.669 E.01925
G1 X112.959 Y117.283 E.01862
G1 X112.611 Y116.781 E.02017
G1 X112.365 Y116.254 E.0192
G1 X112.219 Y115.61 E.0218
G1 X112.189 Y115.045 E.01868
G1 X112.245 Y114.675 E.01236
G1 X111.873 Y114.55 F9000
;TYPE:External perimeter
;WIDTH:0.419999
G1 F900
G1 X111.906 Y114.332 E.00691
G1 X112.225 Y113.715 E.02178
G1 X112.633 Y113.213 E.02028
G1 X113.028 Y112.854 E.01674
G1 X113.572 Y112.495 E.02044
G1 X114.211 Y112.244 E.02153
G1 X114.833 Y112.115 E.01992
G1 X115.341 Y112.105 E.01593
G1 X115.912 Y112.183 E.01807
G1 X116.499 Y112.365 E.01927
G1 X117.044 Y112.671 E.0196
G1 X117.506 Y113.045 E.01864
G1 X117.886 Y113.517 E.019
G1 X118.163 Y114.012 E.01779
G1 X118.323 Y114.518 E.01664
G1 X118.385 Y115.285 E.02413
G1 X118.331 Y115.833 E.01727
G1 X117.988 Y116.889 E.03481
G1 X117.618 Y117.526 E.0231
G1 X117.377 Y117.802 E.01149
G1 X116.928 Y118.168 E.01816
G1 X116.436 Y118.446 E.01772
G1 X115.865 Y118.624 E.01875
G1 X115.279 Y118.703 E.01854
G1 X114.659 Y118.655 E.0195
G1 X114.065 Y118.505 E.01921
G1 X113.484 Y118.219 E.0203
G1 X112.972 Y117.849 E.01981
G1 X112.521 Y117.348 E.02114
G1 X112.174 Y116.798 E.02039
G1 X111.945 Y116.187 E.02046
G1 X111.836 Y115.665 E.01672
G1 X111.801 Y115.02 E.02025
G1 X111.864 Y114.609 E.01304
G1 X112.97 Y115.806 F9000
;TYPE:Internal infill
;WIDTH:0.44
G1 F900
G1 X112.893 Y115.092 E.02371
G1 X112.956 Y114.673 E.01399
G1 X113.333 Y114.056 E.02387
G1 X113.707 Y113.707 E.01689
G1 X116.787 Y116.787 E.14382
G1 X116.988 Y116.441 E.01321
G1 X117.297 Y115.408 E.0356
G1 X117.242 Y114.673 E.02434
G1 X116.939 Y114.061 E.02255
G1 X113.849 Y117.151 E.14428
G1 X114.44 Y117.48 E.02233
G1 X114.978 Y117.602 E.01821
G1 X115.509 Y117.587 E.01754
G1 X116.094 Y117.396 E.02032
;LAYER_CHANGE
;Z:14.6
;HEIGHT:0.200001
;BEFORE_LAYER_CHANGE
G92 E0
;14.6


G1 E-3.5 F3600
;WIPE_START
G1 F7200
G1 X115.509 Y117.587 E-.29231
G1 X114.978 Y117.602 E-.25233
G1 X114.44 Y117.48 E-.26204
G1 X113.849 Y117.151 E-.32129
G1 X114.403 Y116.597 E-.37203
;WIPE_END
G1 Z14.6 F9000
;AFTER_LAYER_CHANGE
;14.6
G1 X112.45 Y114.684
G1 E5 F2400
;TYPE:Perimeter
;WIDTH:0.439999
G1 F900
G1 X112.461 Y114.578 E.00352
G1 X112.793 Y113.999 E.02204
G1 X113.154 Y113.597 E.01784
G1 X113.604 Y113.271 E.01835
G1 X114.054 Y113.05 E.01655
G1 X114.534 Y112.926 E.01637
G1 X115.048 Y112.883 E.01703
G1 X115.69 Y112.981 E.02144
G1 X116.268 Y113.228 E.02075
G1 X116.75 Y113.6 E.0201
G1 X117.111 Y114.066 E.01946
G1 X117.336 Y114.589 E.0188
G1 X117.397 Y115.139 E.01827
G1 X117.368 Y115.647 E.0168
G1 X117.069 Y116.567 E.03194
G1 X116.909 Y116.842 E.0105
G1 X116.619 Y117.25 E.01653
G1 X116.178 Y117.594 E.01847
G1 X115.647 Y117.824 E.01911
G1 X115.056 Y117.918 E.01976
G1 X114.439 Y117.857 E.02047
G1 X113.999 Y117.708 E.01534
G1 X113.558 Y117.469 E.01656
G1 X113.19 Y117.155 E.01597
G1 X112.852 Y116.75 E.01742
G1 X112.6 Y116.263 E.0181
G1 X112.445 Y115.778 E.01681
G1 X112.39 Y115.241 E.01782
G1 X112.443 Y114.744 E.0165
G1 X112.054 Y114.616 F9000
G1 F900
G1 X112.079 Y114.453 E.00544
G1 X112.354 Y113.922 E.01974
G1 X112.768 Y113.424 E.02138
G1 X113.207 Y113.048 E.01908
G1 X113.751 Y112.75 E.02048
G1 X114.292 Y112.564 E.01889
G1 X114.882 Y112.492 E.01962
G1 X115.435 Y112.519 E.01828
G1 X115.984 Y112.664 E.01875
G1 X116.47 Y112.885 E.01763
G1 X116.907 Y113.209 E.01796
G1 X117.262 Y113.58 E.01695
G1 X117.525 Y114.004 E.01647
G1 X117.719 Y114.479 E.01694
G1 X117.798 Y115.295 E.02707
G1 X117.754 Y115.741 E.0148
G1 X117.433 Y116.73 E.03433
G1 X117.102 Y117.3 E.02176
G1 X116.657 Y117.748 E.02085
G1 X116.223 Y118.017 E.01686
G1 X115.759 Y118.206 E.01654
G1 X115.235 Y118.3 E.01758
G1 X114.71 Y118.303 E.01733
G1 X114.164 Y118.19 E.01841
G1 X113.656 Y117.991 E.01801
G1 X113.17 Y117.669 E.01925
G1 X112.759 Y117.283 E.01862
G1 X112.411 Y116.781 E.02017
G1 X112.165 Y116.254 E.0192
G1 X112.019 Y115.61 E.0218
G1 X111.989 Y115.045 E.01868
G1 X112.045 Y114.675 E.01236
G1 X111.673 Y114.55 F9000
;TYPE:External perimeter
;WIDTH:0.419999
G1 F900
G1 X111.706 Y114.332 E.00691
G1 X112.025 Y113.715 E.02178
G1 X112.304 Y113.345 E.01453
G1 X112.78 Y112.892 E.0206
G1 X113.197 Y112.601 E.01594
G1 X113.781 Y112.313 E.02042
G1 X114.436 Y112.147 E.02119
G1 X115.067 Y112.098 E.01984
G1 X115.712 Y112.183 E.0204
G1 X116.299 Y112.365 E.01927
G1 X116.844 Y112.671 E.0196
G1 X117.306 Y113.045 E.01864
G1 X117.686 Y113.517 E.019
G1 X117.963 Y114.012 E.01779
G1 X118.123 Y114.518 E.01664
G1 X118.185 Y115.285 E.02413
G1 X118.131 Y115.833 E.01727
G1 X117.788 Y116.889 E.03481
G1 X117.418 Y117.526 E.0231
G1 X117.177 Y117.802 E.01149
G1 X116.728 Y118.168 E.01816
G1 X116.236 Y118.446 E.01772
G1 X115.665 Y118.624 E.01875
G1 X115.079 Y118.703 E.01854
G1 X114.459 Y118.655 E.0195
G1 X113.865 Y118.505 E.01921
G1 X113.284 Y118.219 E.0203
G1 X112.772 Y117.849 E.01981
G1 X112.321 Y117.348 E.02114
G1 X111.974 Y116.798 E.02039
G1 X111.745 Y116.187 E.02046
G1 X111.636 Y115.665 E.01672
G1 X111.601 Y115.02 E.02025
G1 X111.664 Y114.609 E.01304
G1 X112.738 Y115.667 F9000
;TYPE:Internal infill
;WIDTH:0.44
G1 F900
G1 X112.693 Y115.092 E.01904
G1 X112.756 Y114.673 E.01399
G1 X113.133 Y114.056 E.02387
G1 X113.619 Y113.619 E.02158
G1 X116.66 Y116.66 E.14199
G1 X116.788 Y116.441 E.00838
G1 X117.097 Y115.408 E.0356
G1 X117.042 Y114.673 E.02434
G1 X116.82 Y114.18 E.01785
G1 X113.764 Y117.236 E.1427
G1 X114.24 Y117.48 E.01766
G1 X114.778 Y117.602 E.01821
G1 X115.309 Y117.587 E.01754
G1 X116.022 Y117.331 E.02501
;LAYER_CHANGE
;Z:14.8
;HEIGHT:0.2
;BEFORE_LAYER_CHANGE
G92 E0
;14.8


G1 E-3.5 F3600
;WIPE_START
G1 F7200
G1 X115.309 Y117.587 E-.35984
G1 X114.778 Y117.602 E-.25233
G1 X114.24 Y117.48 E-.26204
G1 X113.764 Y117.236 E-.25407
G1 X114.317 Y116.683 E-.37172
;WIPE_END
G1 Z14.8 F9000
;AFTER_LAYER_CHANGE
;14.8
G1 X113.674 Y113.165
G1 E5 F2400
;TYPE:Perimeter
;WIDTH:0.439999
G1 F900
G1 X113.746 Y113.085 E.00355
G1 X114.354 Y112.812 E.02201
G1 X114.877 Y112.7 E.01766
G1 X115.436 Y112.7 E.01846
G1 X115.932 Y112.785 E.01662
G1 X116.393 Y112.967 E.01636
G1 X116.834 Y113.235 E.01704
G1 X117.296 Y113.691 E.02143
G1 X117.619 Y114.231 E.02078
G1 X117.79 Y114.816 E.02012
G1 X117.814 Y115.249 E.01432
G1 X117.782 Y115.567 E.01055
G1 X117.643 Y116.05 E.01659
G1 X117.409 Y116.44 E.01502
G1 X117.086 Y116.834 E.01682
G1 X116.304 Y117.403 E.03193
G1 X116.013 Y117.531 E.0105
G1 X115.539 Y117.691 E.01652
G1 X114.98 Y117.71 E.01847
G1 X114.415 Y117.585 E.01911
G1 X113.881 Y117.312 E.0198
G1 X113.418 Y116.901 E.02044
G1 X113.15 Y116.522 E.01533
G1 X112.933 Y116.069 E.01658
G1 X112.82 Y115.598 E.01599
G1 X112.785 Y115.072 E.01741
G1 X112.867 Y114.529 E.01813
G1 X113.027 Y114.047 E.01677
G1 X113.298 Y113.579 E.01786
G1 X113.634 Y113.209 E.0165
G1 X113.394 Y112.877 F9000
G1 F900
G1 X113.509 Y112.76 E.00542
G1 X113.863 Y112.582 E.01308
G1 X114.28 Y112.42 E.01477
G1 X114.837 Y112.304 E.01879
G1 X115.468 Y112.305 E.02083
G1 X116.039 Y112.402 E.01912
G1 X116.599 Y112.626 E.01991
G1 X117.076 Y112.919 E.01848
G1 X117.494 Y113.316 E.01903
G1 X117.818 Y113.749 E.01786
G1 X118.048 Y114.25 E.0182
G1 X118.183 Y114.753 E.0172
G1 X118.21 Y115.262 E.01683
G1 X118.151 Y115.776 E.01708
G1 X117.932 Y116.379 E.02118
G1 X117.641 Y116.802 E.01695
G1 X117.344 Y117.138 E.01481
G1 X116.503 Y117.749 E.03432
G1 X115.9 Y118.015 E.02176
G1 X115.277 Y118.116 E.02084
G1 X114.768 Y118.079 E.01685
G1 X114.28 Y117.959 E.01659
G1 X113.802 Y117.727 E.01754
G1 X113.375 Y117.421 E.01734
G1 X113 Y117.009 E.01839
G1 X112.706 Y116.549 E.01803
G1 X112.502 Y116.003 E.01924
G1 X112.396 Y115.449 E.01862
G1 X112.41 Y114.839 E.02015
G1 X112.521 Y114.267 E.01924
G1 X112.781 Y113.66 E.0218
G1 X113.089 Y113.186 E.01866
G1 X113.352 Y112.919 E.01237
G1 X113.124 Y112.599 F9000
;TYPE:External perimeter
;WIDTH:0.419999
G1 F900
G1 X113.278 Y112.442 E.0069
G1 X113.69 Y112.236 E.01444
G1 X114.167 Y112.049 E.01606
G1 X114.798 Y111.918 E.02021
G1 X115.5 Y111.919 E.02201
G1 X116.144 Y112.029 E.02048
G1 X116.772 Y112.28 E.0212
G1 X117.312 Y112.611 E.01986
G1 X117.783 Y113.059 E.02038
G1 X118.151 Y113.551 E.01926
G1 X118.412 Y114.119 E.0196
G1 X118.566 Y114.692 E.0186
G1 X118.591 Y115.48 E.02472
G1 X118.463 Y116.086 E.01942
G1 X118.272 Y116.569 E.01629
G1 X117.96 Y117.022 E.01725
G1 X117.595 Y117.434 E.01726
G1 X116.697 Y118.086 E.03479
G1 X116.022 Y118.384 E.02313
G1 X115.666 Y118.466 E.01145
G1 X115.088 Y118.498 E.01815
G1 X114.526 Y118.433 E.01774
G1 X113.959 Y118.242 E.01876
G1 X113.439 Y117.961 E.01853
G1 X112.965 Y117.558 E.01951
G1 X112.572 Y117.088 E.01921
G1 X112.271 Y116.515 E.02029
G1 X112.075 Y115.914 E.01982
G1 X112.004 Y115.244 E.02112
G1 X112.046 Y114.595 E.02039
G1 X112.22 Y113.967 E.02043
G1 X112.439 Y113.48 E.01674
G1 X112.79 Y112.937 E.02027
G1 X113.082 Y112.642 E.01301
G1 E-3.5 F3600
;WIPE_START
G1 F7200
G1 X113.124 Y112.599 E-.02855
G1 X113.278 Y112.442 E-.10446
G1 X113.69 Y112.236 E-.2188
G1 X114.167 Y112.049 E-.24336
G1 X114.798 Y111.918 E-.30612
G1 X115.5 Y111.919 E-.33345
G1 X116.05 Y112.013 E-.26526
;WIPE_END
G1 X115.823 Y113.075 F9000
G1 E5 F2400
;TYPE:Internal infill
;WIDTH:0.44
G1 F900
G1 X115.389 Y113.003 E.01453
G1 X114.595 Y113.058 E.02628
G1 X113.928 Y113.336 E.02386
G1 X113.634 Y113.634 E.01382
G1 X116.721 Y116.721 E.14414
G1 X116.15 Y117.136 E.02331
G1 X115.489 Y117.388 E.02336
G1 X114.762 Y117.367 E.02401
G1 X114.281 Y117.194 E.01688
G1 X113.99 Y117.01 E.01137
G1 X117.082 Y113.918 E.14438
G1 X117.43 Y114.606 E.02546
G1 X117.512 Y115.121 E.01722
G1 X117.464 Y115.621 E.01658
G1 X117.236 Y116.152 E.01908
;LAYER_CHANGE
;Z:15
;HEIGHT:0.2
;BEFORE_LAYER_CHANGE
G92 E0
;15


G1 E-3.5 F3600
;WIPE_START
G1 F7200
G1 X117.464 Y115.621 E-.27449
G1 X117.512 Y115.121 E-.23859
G1 X117.43 Y114.606 E-.24771
G1 X117.082 Y113.918 E-.36623
G1 X116.527 Y114.473 E-.37298
;WIPE_END
G1 Z15 F9000
;AFTER_LAYER_CHANGE
;15
G1 X113.643 Y113.042
G1 E5 F2400
;TYPE:Perimeter
;WIDTH:0.439999
G1 F900
G1 X114.154 Y112.812 E.0185
G1 X114.677 Y112.7 E.01766
G1 X115.236 Y112.7 E.01846
G1 X115.732 Y112.785 E.01662
G1 X116.193 Y112.967 E.01636
G1 X116.634 Y113.235 E.01704
G1 X117.096 Y113.691 E.02143
G1 X117.419 Y114.231 E.02078
G1 X117.59 Y114.816 E.02012
G1 X117.614 Y115.249 E.01432
G1 X117.582 Y115.567 E.01055
G1 X117.443 Y116.05 E.01659
G1 X117.209 Y116.44 E.01502
G1 X116.886 Y116.834 E.01682
G1 X116.104 Y117.403 E.03193
G1 X115.813 Y117.531 E.0105
G1 X115.339 Y117.691 E.01652
G1 X114.78 Y117.71 E.01847
G1 X114.215 Y117.585 E.01911
G1 X113.681 Y117.312 E.0198
G1 X113.218 Y116.901 E.02044
G1 X112.95 Y116.522 E.01533
G1 X112.733 Y116.069 E.01658
G1 X112.62 Y115.598 E.01599
G1 X112.585 Y115.072 E.01741
G1 X112.667 Y114.529 E.01813
G1 X112.827 Y114.047 E.01677
G1 X113.098 Y113.579 E.01786
G1 X113.546 Y113.085 E.02202
G1 X113.589 Y113.066 E.00155
G1 X113.456 Y112.686 F9000
G1 F900
G1 X113.663 Y112.582 E.00765
G1 X114.08 Y112.42 E.01477
G1 X114.637 Y112.304 E.01879
G1 X115.268 Y112.305 E.02083
G1 X115.839 Y112.402 E.01912
G1 X116.399 Y112.626 E.01991
G1 X116.876 Y112.919 E.01848
G1 X117.294 Y113.316 E.01903
G1 X117.618 Y113.749 E.01786
G1 X117.848 Y114.25 E.0182
G1 X117.983 Y114.753 E.0172
G1 X118.01 Y115.262 E.01683
G1 X117.951 Y115.776 E.01708
G1 X117.732 Y116.379 E.02118
G1 X117.441 Y116.802 E.01695
G1 X117.144 Y117.138 E.01481
G1 X116.303 Y117.749 E.03432
G1 X115.7 Y118.015 E.02176
G1 X115.077 Y118.116 E.02084
G1 X114.568 Y118.079 E.01685
G1 X114.08 Y117.959 E.01659
G1 X113.602 Y117.727 E.01754
G1 X113.175 Y117.421 E.01734
G1 X112.8 Y117.009 E.01839
G1 X112.506 Y116.549 E.01803
G1 X112.302 Y116.003 E.01924
G1 X112.196 Y115.449 E.01862
G1 X112.21 Y114.839 E.02015
G1 X112.321 Y114.267 E.01924
G1 X112.581 Y113.66 E.0218
G1 X112.889 Y113.186 E.01866
G1 X113.309 Y112.76 E.01975
G1 X113.402 Y112.713 E.00344
G1 X113.275 Y112.344 F9000
;TYPE:External perimeter
;WIDTH:0.419999
G1 F900
G1 X113.49 Y112.236 E.00754
G1 X113.967 Y112.049 E.01606
G1 X114.598 Y111.918 E.02021
G1 X115.3 Y111.919 E.02201
G1 X115.944 Y112.029 E.02048
G1 X116.572 Y112.28 E.0212
G1 X117.112 Y112.611 E.01986
G1 X117.583 Y113.059 E.02038
G1 X117.951 Y113.551 E.01926
G1 X118.212 Y114.119 E.0196
G1 X118.366 Y114.692 E.0186
G1 X118.391 Y115.48 E.02472
G1 X118.263 Y116.086 E.01942
G1 X118.072 Y116.569 E.01629
G1 X117.76 Y117.022 E.01725
G1 X117.395 Y117.434 E.01726
G1 X116.497 Y118.086 E.03479
G1 X115.822 Y118.384 E.02313
G1 X115.466 Y118.466 E.01145
G1 X114.888 Y118.498 E.01815
G1 X114.326 Y118.433 E.01774
G1 X113.759 Y118.242 E.01876
G1 X113.239 Y117.961 E.01853
G1 X112.765 Y117.558 E.01951
G1 X112.372 Y117.088 E.01921
G1 X112.071 Y116.515 E.02029
G1 X111.875 Y115.914 E.01982
G1 X111.804 Y115.244 E.02112
G1 X111.846 Y114.595 E.02039
G1 X112.02 Y113.967 E.02043
G1 X112.239 Y113.48 E.01674
G1 X112.59 Y112.937 E.02027
G1 X113.078 Y112.442 E.02179
G1 X113.222 Y112.371 E.00503
G1 E-3.5 F3600
;WIPE_START
G1 F7200
G1 X113.275 Y112.344 E-.02825
G1 X113.49 Y112.236 E-.11429
G1 X113.967 Y112.049 E-.24336
G1 X114.598 Y111.918 E-.30612
G1 X115.3 Y111.919 E-.33345
G1 X115.944 Y112.029 E-.31033
G1 X116.265 Y112.157 E-.1642
;WIPE_END
G1 X115.817 Y113.139 F9000
G1 E5 F2400
;TYPE:Internal infill
;WIDTH:0.44
G1 F900
G1 X115.348 Y113.016 E.01601
G1 X114.989 Y113.004 E.01186
G1 X115.048 Y113.182 E.00619
G1 X114.403 Y113.544 E.02442
G1 X113.978 Y113.978 E.02006
G1 X116.637 Y116.637 E.12416
G1 X115.95 Y117.136 E.02803
G1 X115.252 Y117.392 E.02455
G1 X115.291 Y117.285 E.00376
G1 X114.336 Y116.664 E.03761
G1 X116.963 Y114.037 E.12266
G1 X117.23 Y114.606 E.02075
G1 X117.312 Y115.121 E.01722
G1 X117.195 Y115.854 E.02451
G1 X116.954 Y116.27 E.01587
G1 E-3.5 F3600
;WIPE_START
G1 F7200
G1 X117.195 Y115.854 E-.22836
G1 X117.312 Y115.121 E-.35258
G1 X117.23 Y114.606 E-.24771
G1 X116.963 Y114.037 E-.29855
G1 X116.408 Y114.592 E-.3728
;WIPE_END
G1 X112.872 Y115.362 F9000
G1 E5 F2400
;TYPE:Solid infill
;WIDTH:0.383107
G1 F900
G1 X112.917 Y114.697 E.01885
;WIDTH:0.378913
G1 X113.112 Y114.098 E.0176
;WIDTH:0.371246
G1 X113.397 Y113.627 E.01503
;WIDTH:0.367599
G1 X113.684 Y113.319 E.01137
;WIDTH:0.354642
G1 X114.097 Y113.106 E.01204
G1 X114.609 Y113.015 E.01348
G1 X114.177 Y113.272 E.01303
;WIDTH:0.367599
G1 X113.674 Y113.794 E.01957
;WIDTH:0.376975
G1 X113.393 Y114.276 E.0155
;WIDTH:0.381076
G1 X113.231 Y114.834 E.01634
;WIDTH:0.383168
G1 X113.211 Y115.379 E.01543
G1 X113.321 Y115.883 E.01459
;WIDTH:0.380765
G1 X113.535 Y116.329 E.0139
;WIDTH:0.37211
G1 X113.764 Y116.609 E.0099
;WIDTH:0.405627
G1 X113.794 Y116.671 E.00208
;WIDTH:0.450197
G1 X113.824 Y116.734 E.00236
;WIDTH:0.494767
G1 X113.853 Y116.796 E.00257
;WIDTH:0.539338
G1 X113.883 Y116.858 E.00284
;WIDTH:0.583908
G1 X113.912 Y116.921 E.00312
;WIDTH:0.628478
G1 X113.942 Y116.983 E.00335
G1 X113.873 Y116.956 E.00361
;WIDTH:0.583908
G1 X113.803 Y116.929 E.00337
;WIDTH:0.539338
G1 X113.734 Y116.902 E.00306
;WIDTH:0.494767
G1 X113.665 Y116.874 E.0028
;WIDTH:0.450197
G1 X113.596 Y116.847 E.00251
;WIDTH:0.405627
G1 X113.526 Y116.82 E.00226
;WIDTH:0.37211
G1 X113.242 Y116.478 E.01217
;WIDTH:0.380765
G1 X112.991 Y115.956 E.01627
;WIDTH:0.382339
G1 X112.911 Y115.557 E.01149
G1 X113.942 Y116.983 F9000
;WIDTH:0.628478
G1 F900
G1 X114.123 Y117.112 E.01082
;LAYER_CHANGE
;Z:15.2
;HEIGHT:0.2
;BEFORE_LAYER_CHANGE
G92 E0
;15.2


G1 E-3.5 F3600
;WIPE_START
G1 F7200
G1 X113.942 Y116.983 E-.10558
;WIPE_END
G1 E-1.39442 F3600
G1 Z15.2 F9000
;AFTER_LAYER_CHANGE
;15.2
G1 X115.395 Y112.537
G1 E5 F2400
;TYPE:Perimeter
;WIDTH:0.439999
G1 F900
G1 X115.5 Y112.515 E.00354
G1 X115.993 Y112.597 E.0165
G1 X116.516 Y112.806 E.0186
G1 X116.945 Y113.069 E.01661
G1 X117.322 Y113.421 E.01703
G1 X117.64 Y113.84 E.01737
G1 X117.849 Y114.282 E.01614
G1 X117.985 Y114.771 E.01676
G1 X118.008 Y115.41 E.02111
G1 X117.875 Y116.015 E.02045
G1 X117.603 Y116.549 E.01979
G1 X117.307 Y116.896 E.01506
G1 X116.911 Y117.205 E.01658
G1 X116.491 Y117.382 E.01505
G1 X115.999 Y117.512 E.0168
G1 X115.032 Y117.512 E.03193
G1 X114.721 Y117.445 E.0105
G1 X114.244 Y117.295 E.01651
G1 X113.78 Y116.982 E.01848
G1 X113.397 Y116.549 E.01909
G1 X113.125 Y116.015 E.01979
G1 X112.992 Y115.41 E.02045
G1 X112.998 Y114.945 E.01535
G1 X113.089 Y114.452 E.01655
G1 X113.274 Y114.004 E.016
G1 X113.555 Y113.558 E.0174
G1 X113.94 Y113.167 E.01812
G1 X114.353 Y112.871 E.01678
G1 X114.847 Y112.652 E.01784
G1 X115.337 Y112.55 E.01653
G1 X115.338 Y112.14 F9000
G1 F900
G1 X115.5 Y112.113 E.00542
G1 X116.091 Y112.211 E.01978
G1 X116.692 Y112.45 E.02135
G1 X117.186 Y112.751 E.0191
G1 X117.637 Y113.177 E.02048
G1 X117.981 Y113.634 E.01889
G1 X118.232 Y114.173 E.01963
G1 X118.377 Y114.707 E.01827
G1 X118.404 Y115.446 E.02442
G1 X118.296 Y115.987 E.01821
G1 X118.109 Y116.473 E.01719
G1 X117.833 Y116.901 E.01681
G1 X117.482 Y117.282 E.0171
G1 X116.951 Y117.641 E.02116
G1 X116.467 Y117.812 E.01695
G1 X116.029 Y117.909 E.01481
G1 X114.99 Y117.909 E.0343
G1 X114.345 Y117.77 E.02179
G1 X113.782 Y117.485 E.02083
G1 X113.392 Y117.156 E.01685
G1 X113.068 Y116.772 E.01659
G1 X112.817 Y116.303 E.01756
G1 X112.651 Y115.805 E.01733
G1 X112.591 Y115.251 E.0184
G1 X112.623 Y114.707 E.01799
G1 X112.779 Y114.145 E.01926
G1 X113.019 Y113.634 E.01864
G1 X113.389 Y113.149 E.02014
G1 X113.814 Y112.751 E.01922
G1 X114.382 Y112.414 E.02181
G1 X114.909 Y112.211 E.01865
G1 X115.279 Y112.149 E.01239
G1 X115.283 Y111.756 F9000
;TYPE:External perimeter
;WIDTH:0.419999
G1 F900
G1 X115.5 Y111.721 E.00689
G1 X116.186 Y111.834 E.0218
G1 X116.864 Y112.103 E.02287
G1 X117.42 Y112.442 E.02042
G1 X117.925 Y112.919 E.02178
G1 X118.313 Y113.434 E.02022
G1 X118.595 Y114.039 E.02093
G1 X118.76 Y114.644 E.01966
G1 X118.796 Y115.262 E.01941
G1 X118.757 Y115.696 E.01366
G1 X118.614 Y116.28 E.01885
G1 X118.348 Y116.83 E.01916
G1 X118.012 Y117.3 E.01811
G1 X117.553 Y117.716 E.01942
G1 X117.115 Y117.994 E.01627
G1 X116.595 Y118.177 E.01728
G1 X116.058 Y118.296 E.01725
G1 X114.948 Y118.296 E.0348
G1 X114.228 Y118.14 E.0231
G1 X113.891 Y117.997 E.01148
G1 X113.404 Y117.683 E.01817
G1 X112.988 Y117.3 E.01773
G1 X112.642 Y116.813 E.01873
G1 X112.386 Y116.28 E.01854
G1 X112.24 Y115.675 E.01951
G1 X112.198 Y115.064 E.0192
G1 X112.291 Y114.423 E.02031
G1 X112.485 Y113.822 E.0198
G1 X112.822 Y113.238 E.02114
G1 X113.238 Y112.738 E.02039
G1 X113.748 Y112.331 E.02046
G1 X114.211 Y112.067 E.01671
G1 X114.814 Y111.834 E.02027
G1 X115.224 Y111.766 E.01303
G1 X115.851 Y112.883 F9000
;TYPE:Internal infill
;WIDTH:0.44
G1 F900
G1 X115.5 Y112.825 E.01175
G1 X114.797 Y112.993 E.02386
G1 X114.24 Y113.313 E.02121
G1 X113.776 Y113.776 E.02164
G1 X116.868 Y116.868 E.14438
G1 X116.143 Y117.181 E.02607
G1 X115.064 Y117.206 E.03564
G1 X114.559 Y117.097 E.01706
G1 X114.132 Y116.868 E.016
G1 X117.224 Y113.776 E.14438
G1 X117.516 Y114.263 E.01875
G1 X117.682 Y114.821 E.01922
G1 X117.703 Y115.382 E.01854
G1 X117.537 Y116.026 E.02196
;LAYER_CHANGE
;Z:15.4
;HEIGHT:0.2
;BEFORE_LAYER_CHANGE
G92 E0
;15.4


G1 E-3.5 F3600
;WIPE_START
G1 F7200
G1 X117.703 Y115.382 E-.3159
G1 X117.682 Y114.821 E-.26666
G1 X117.516 Y114.263 E-.27653
G1 X117.224 Y113.776 E-.26972
G1 X116.671 Y114.329 E-.37119
;WIPE_END
G1 Z15.4 F9000
;AFTER_LAYER_CHANGE
;15.4
G1 X117.329 Y113.161
G1 E5 F2400
;TYPE:Perimeter
;WIDTH:0.439999
G1 F900
G1 X117.487 Y113.321 E.00742
G1 X117.804 Y113.726 E.01698
G1 X118.045 Y114.241 E.01877
G1 X118.179 Y114.726 E.01661
G1 X118.208 Y115.415 E.02277
G1 X118.116 Y115.895 E.01614
G1 X117.938 Y116.371 E.01678
G1 X117.582 Y116.901 E.02108
G1 X117.119 Y117.312 E.02044
G1 X116.585 Y117.585 E.0198
G1 X116.02 Y117.71 E.01911
G1 X115.492 Y117.694 E.01744
G1 X114.947 Y117.532 E.01877
G1 X114.438 Y117.224 E.01964
G1 X113.943 Y116.856 E.02037
G1 X113.727 Y116.615 E.01069
G1 X113.428 Y116.214 E.01652
G1 X113.237 Y115.688 E.01848
G1 X113.182 Y115.112 E.0191
G1 X113.276 Y114.52 E.01979
G1 X113.524 Y113.953 E.02043
G1 X113.802 Y113.58 E.01536
G1 X114.166 Y113.235 E.01656
G1 X114.579 Y112.982 E.01599
G1 X115.068 Y112.785 E.01741
G1 X115.609 Y112.696 E.0181
G1 X116.118 Y112.699 E.01681
G1 X116.646 Y112.812 E.01783
G1 X117.254 Y113.085 E.02201
G1 X117.287 Y113.119 E.00156
G1 X117.606 Y112.877 F9000
G1 F900
G1 X117.769 Y113.042 E.00766
G1 X118.144 Y113.519 E.02003
G1 X118.417 Y114.102 E.02125
G1 X118.571 Y114.66 E.01911
G1 X118.609 Y115.236 E.01906
G1 X118.573 Y115.657 E.01395
G1 X118.442 Y116.201 E.01847
G1 X118.193 Y116.722 E.01907
G1 X117.881 Y117.163 E.01784
G1 X117.475 Y117.538 E.01825
G1 X117.039 Y117.821 E.01716
G1 X116.564 Y118.004 E.01681
G1 X116.056 Y118.106 E.01711
G1 X115.415 Y118.085 E.02118
G1 X114.785 Y117.898 E.0217
G1 X114.216 Y117.554 E.02195
G1 X113.673 Y117.151 E.02233
G1 X113.232 Y116.657 E.02186
G1 X112.943 Y116.096 E.02084
G1 X112.821 Y115.6 E.01686
G1 X112.784 Y115.1 E.01655
G1 X112.858 Y114.573 E.01757
G1 X113.016 Y114.072 E.01734
G1 X113.292 Y113.589 E.01837
G1 X113.639 Y113.167 E.01804
G1 X114.095 Y112.804 E.01924
G1 X114.59 Y112.532 E.01865
G1 X115.174 Y112.357 E.02013
G1 X115.752 Y112.286 E.01923
G1 X116.41 Y112.346 E.02182
G1 X116.956 Y112.492 E.01866
G1 X117.491 Y112.76 E.01976
G1 X117.564 Y112.834 E.00343
G1 X117.876 Y112.599 F9000
;TYPE:External perimeter
;WIDTH:0.419999
G1 F900
G1 X118.21 Y112.937 E.0149
G1 X118.561 Y113.48 E.02027
G1 X118.78 Y113.966 E.01671
G1 X118.954 Y114.595 E.02046
G1 X118.995 Y115.279 E.02148
G1 X118.925 Y115.914 E.02003
G1 X118.719 Y116.54 E.02066
G1 X118.428 Y117.088 E.01945
G1 X118.02 Y117.573 E.01987
G1 X117.561 Y117.961 E.01884
G1 X117.022 Y118.25 E.01918
G1 X116.474 Y118.433 E.01811
G1 X115.858 Y118.499 E.01942
G1 X115.34 Y118.467 E.01627
G1 X114.628 Y118.255 E.02329
G1 X114 Y117.876 E.023
G1 X113.411 Y117.438 E.02301
G1 X112.919 Y116.888 E.02314
G1 X112.73 Y116.574 E.01149
G1 X112.522 Y116.034 E.01814
G1 X112.409 Y115.48 E.01773
G1 X112.416 Y114.882 E.01875
G1 X112.522 Y114.3 E.01855
G1 X112.759 Y113.725 E.0195
G1 X113.085 Y113.206 E.01922
G1 X113.537 Y112.743 E.02029
G1 X114.047 Y112.37 E.01981
G1 X114.663 Y112.096 E.02114
G1 X115.293 Y111.936 E.02038
G1 X115.945 Y111.907 E.02046
G1 X116.475 Y111.964 E.01671
G1 X117.1 Y112.131 E.02028
G1 X117.722 Y112.442 E.0218
G1 X117.834 Y112.556 E.00501
G1 E-3.5 F3600
;WIPE_START
G1 F7200
G1 X117.876 Y112.599 E-.02855
G1 X118.21 Y112.937 E-.22571
G1 X118.561 Y113.48 E-.30712
G1 X118.78 Y113.966 E-.25321
G1 X118.954 Y114.595 E-.31
G1 X118.995 Y115.279 E-.32548
G1 X118.984 Y115.384 E-.04993
;WIPE_END
G1 X115.757 Y113.184 F9000
G1 E5 F2400
;TYPE:Internal infill
;WIDTH:0.44
G1 F900
G1 X115.812 Y113 E.00634
G1 X115.451 Y113.016 E.01193
G1 X114.864 Y113.181 E.02013
G1 X114.352 Y113.478 E.01954
G1 X113.918 Y113.918 E.02041
G1 X116.577 Y116.577 E.12416
G1 X117.042 Y115.995 E.0246
G1 X117.22 Y115.367 E.02155
G1 X117.149 Y114.63 E.02445
G1 X116.903 Y114.097 E.01938
G1 X114.276 Y116.724 E.12266
G1 X113.8 Y116.239 E.02244
G1 X113.605 Y115.854 E.01425
G1 X113.488 Y115.121 E.02451
G1 X113.57 Y114.607 E.01719
G1 E-3.5 F3600
;WIPE_START
G1 F7200
G1 X113.488 Y115.121 E-.24724
G1 X113.605 Y115.854 E-.35258
G1 X113.8 Y116.239 E-.20499
G1 X114.276 Y116.724 E-.32279
G1 X114.83 Y116.17 E-.3724
;WIPE_END
G1 X116.676 Y117.11 F9000
G1 E5 F2400
;TYPE:Solid infill
;WIDTH:0.664422
G1 F900
G1 X117.082 Y116.808 E.02615
;WIDTH:0.710272
G1 X117.407 Y116.402 E.02886
;WIDTH:0.725624
G1 X117.641 Y115.919 E.03047
;WIDTH:0.737532
G1 X117.752 Y115.376 E.03201
G1 X117.728 Y114.802 E.03318
;WIDTH:0.737342
G1 X117.562 Y114.231 E.03434
;WIDTH:0.724042
G1 X117.262 Y113.713 E.0339
;WIDTH:0.698168
G1 X117.009 Y113.424 E.02093
;LAYER_CHANGE
;Z:15.6
;HEIGHT:0.200001
;BEFORE_LAYER_CHANGE
G92 E0
;15.6


G1 E-3.5 F3600
;WIPE_START
G1 F7200
G1 X117.262 Y113.713 E-.18245
G1 X117.562 Y114.231 E-.28434
G1 X117.728 Y114.802 E-.28245
G1 X117.752 Y115.376 E-.27289
G1 X117.641 Y115.919 E-.26326
G1 X117.444 Y116.325 E-.21461
;WIPE_END
G1 Z15.6 F9000
;AFTER_LAYER_CHANGE
;15.6
G1 X117.357 Y113.042
G1 E5 F2400
;TYPE:Perimeter
;WIDTH:0.439999
G1 F900
G1 X117.454 Y113.085 E.0035
G1 X117.687 Y113.321 E.01095
G1 X118.004 Y113.726 E.01698
G1 X118.245 Y114.241 E.01877
G1 X118.379 Y114.726 E.01661
G1 X118.408 Y115.415 E.02277
G1 X118.316 Y115.895 E.01614
G1 X118.138 Y116.371 E.01678
G1 X117.782 Y116.901 E.02108
G1 X117.319 Y117.312 E.02044
G1 X116.785 Y117.585 E.0198
G1 X116.22 Y117.71 E.01911
G1 X115.692 Y117.694 E.01744
G1 X115.147 Y117.532 E.01877
G1 X114.638 Y117.224 E.01964
G1 X114.143 Y116.856 E.02037
G1 X113.927 Y116.615 E.01069
G1 X113.628 Y116.214 E.01652
G1 X113.437 Y115.688 E.01848
G1 X113.382 Y115.112 E.0191
G1 X113.476 Y114.52 E.01979
G1 X113.724 Y113.953 E.02043
G1 X114.002 Y113.58 E.01536
G1 X114.366 Y113.235 E.01656
G1 X114.779 Y112.982 E.01599
G1 X115.268 Y112.785 E.01741
G1 X115.809 Y112.696 E.0181
G1 X116.318 Y112.699 E.01681
G1 X116.846 Y112.812 E.01783
G1 X117.302 Y113.017 E.01651
G1 X117.544 Y112.686 F9000
G1 F900
G1 X117.691 Y112.76 E.00543
G1 X117.969 Y113.042 E.01307
G1 X118.344 Y113.519 E.02003
G1 X118.617 Y114.102 E.02125
G1 X118.771 Y114.66 E.01911
G1 X118.809 Y115.236 E.01906
G1 X118.773 Y115.657 E.01395
G1 X118.642 Y116.201 E.01847
G1 X118.393 Y116.722 E.01907
G1 X118.081 Y117.163 E.01784
G1 X117.675 Y117.538 E.01825
G1 X117.239 Y117.821 E.01716
G1 X116.764 Y118.004 E.01681
G1 X116.256 Y118.106 E.01711
G1 X115.615 Y118.085 E.02118
G1 X114.985 Y117.898 E.0217
G1 X114.416 Y117.554 E.02195
G1 X113.873 Y117.151 E.02233
G1 X113.432 Y116.657 E.02186
G1 X113.143 Y116.096 E.02084
G1 X113.021 Y115.6 E.01686
G1 X112.984 Y115.1 E.01655
G1 X113.058 Y114.573 E.01757
G1 X113.216 Y114.072 E.01734
G1 X113.492 Y113.589 E.01837
G1 X113.839 Y113.167 E.01804
G1 X114.295 Y112.804 E.01924
G1 X114.79 Y112.532 E.01865
G1 X115.374 Y112.357 E.02013
G1 X115.952 Y112.286 E.01923
G1 X116.61 Y112.346 E.02182
G1 X117.156 Y112.492 E.01866
G1 X117.49 Y112.659 E.01233
G1 X117.725 Y112.344 F9000
;TYPE:External perimeter
;WIDTH:0.419999
G1 F900
G1 X117.922 Y112.442 E.0069
G1 X118.41 Y112.937 E.02179
G1 X118.761 Y113.48 E.02027
G1 X118.98 Y113.966 E.01671
G1 X119.154 Y114.595 E.02046
G1 X119.195 Y115.279 E.02148
G1 X119.125 Y115.914 E.02003
G1 X118.919 Y116.54 E.02066
G1 X118.628 Y117.088 E.01945
G1 X118.22 Y117.573 E.01987
G1 X117.761 Y117.961 E.01884
G1 X117.222 Y118.25 E.01918
G1 X116.674 Y118.433 E.01811
G1 X116.058 Y118.499 E.01942
G1 X115.54 Y118.467 E.01627
G1 X114.828 Y118.255 E.02329
G1 X114.2 Y117.876 E.023
G1 X113.611 Y117.438 E.02301
G1 X113.119 Y116.888 E.02314
G1 X112.93 Y116.574 E.01149
G1 X112.722 Y116.034 E.01814
G1 X112.609 Y115.48 E.01773
G1 X112.616 Y114.882 E.01875
G1 X112.722 Y114.3 E.01855
G1 X112.959 Y113.725 E.0195
G1 X113.285 Y113.206 E.01922
G1 X113.737 Y112.743 E.02029
G1 X114.247 Y112.37 E.01981
G1 X114.863 Y112.096 E.02114
G1 X115.493 Y111.936 E.02038
G1 X116.145 Y111.907 E.02046
G1 X116.675 Y111.964 E.01671
G1 X117.3 Y112.131 E.02028
G1 X117.671 Y112.317 E.01301
G1 E-3.5 F3600
;WIPE_START
G1 F7200
G1 X117.725 Y112.344 E-.02868
G1 X117.922 Y112.442 E-.10451
G1 X118.41 Y112.937 E-.33017
G1 X118.761 Y113.48 E-.30712
G1 X118.98 Y113.966 E-.25321
G1 X119.154 Y114.595 E-.31
G1 X119.175 Y114.944 E-.16631
;WIPE_END
G1 X117.568 Y114.697 F9000
G1 E5 F2400
;TYPE:Internal infill
;WIDTH:0.44
G1 F900
G1 X117.62 Y115.375 E.02245
G1 X117.508 Y115.883 E.01718
G1 X117.281 Y116.329 E.01652
G1 X116.808 Y116.808 E.02223
G1 X114.037 Y114.037 E.12939
G1 X113.77 Y114.606 E.02075
G1 X113.697 Y115.375 E.0255
G1 X113.901 Y116.073 E.02401
G1 X114.362 Y116.638 E.02408
G1 X117.092 Y113.908 E.12747
G1 X116.532 Y113.599 E.02112
G1 X115.798 Y113.48 E.02455
G1 X115.262 Y113.55 E.01785
G1 X114.847 Y113.728 E.01491
G1 X114.406 Y113.575 F9000
;TYPE:Solid infill
;WIDTH:0.40572
G1 F900
G1 X114.652 Y113.401 E.00909
;WIDTH:0.452234
G1 X115.13 Y113.17 E.01807
;WIDTH:0.486748
G1 X115.395 Y113.114 E.01
;WIDTH:0.521262
G1 X115.661 Y113.057 E.01082
;WIDTH:0.565984
G1 X116.278 Y113.068 E.02684
;WIDTH:0.612552
G1 X116.87 Y113.231 E.02908
G1 X117.317 Y113.486 E.02438
;WIDTH:0.58744
G1 X117.49 Y113.668 E.01137
;WIDTH:0.541534
G1 X117.664 Y113.85 E.01044
;WIDTH:0.513466
G1 X117.859 Y114.188 E.01527
;WIDTH:0.517326
G1 X118.024 Y114.74 E.02273
;WIDTH:0.52571
G1 X118.058 Y115.385 E.02593
G1 X117.938 Y115.953 E.02331
;WIDTH:0.52103
G1 X117.694 Y116.46 E.02237
;WIDTH:0.503868
G1 X117.346 Y116.88 E.02091
;WIDTH:0.474322
G1 X116.92 Y117.195 E.01901
;WIDTH:0.434736
G1 X116.437 Y117.388 E.01695
;LAYER_CHANGE
;Z:15.8
;HEIGHT:0.2
;BEFORE_LAYER_CHANGE
G92 E0
;15.8


G1 E-3.5 F3600
;WIPE_START
G1 F7200
G1 X116.92 Y117.195 E-.24706
G1 X117.346 Y116.88 E-.25166
G1 X117.694 Y116.46 E-.25908
G1 X117.938 Y115.953 E-.26726
G1 X118.058 Y115.385 E-.27576
G1 X118.036 Y114.966 E-.19918
;WIPE_END
G1 Z15.8 F9000
;AFTER_LAYER_CHANGE
;15.8
G1 X118.35 Y114.684
G1 E5 F2400
;TYPE:Perimeter
;WIDTH:0.439999
G1 F900
G1 X118.41 Y115.241 E.0185
G1 X118.376 Y115.634 E.01302
G1 X118.259 Y116.123 E.0166
G1 X118.04 Y116.591 E.01706
G1 X117.741 Y117.022 E.01732
G1 X117.384 Y117.357 E.01616
G1 X116.961 Y117.638 E.01677
G1 X116.361 Y117.857 E.02109
G1 X115.744 Y117.918 E.02047
G1 X115.153 Y117.824 E.01976
G1 X114.731 Y117.65 E.01507
G1 X114.315 Y117.369 E.01658
G1 X114.016 Y117.025 E.01505
G1 X113.741 Y116.597 E.0168
G1 X113.442 Y115.676 E.03197
G1 X113.41 Y115.36 E.01049
G1 X113.405 Y114.86 E.01651
G1 X113.559 Y114.322 E.01848
G1 X113.853 Y113.824 E.01909
G1 X114.277 Y113.4 E.0198
G1 X114.811 Y113.087 E.02044
G1 X115.255 Y112.949 E.01535
G1 X115.752 Y112.883 E.01655
G1 X116.235 Y112.921 E.016
G1 X116.746 Y113.05 E.0174
G1 X117.236 Y113.296 E.0181
G1 X117.646 Y113.597 E.01679
G1 X118.007 Y113.999 E.01784
G1 X118.339 Y114.578 E.02204
G1 X118.344 Y114.624 E.00153
G1 X118.746 Y114.616 F9000
G1 F900
G1 X118.781 Y114.845 E.00765
G1 X118.807 Y115.292 E.01478
G1 X118.744 Y115.86 E.01887
G1 X118.548 Y116.46 E.02084
G1 X118.279 Y116.97 E.01904
G1 X117.893 Y117.433 E.0199
G1 X117.468 Y117.797 E.01848
G1 X116.961 Y118.071 E.01903
G1 X116.449 Y118.245 E.01785
G1 X115.901 Y118.31 E.01822
G1 X115.381 Y118.282 E.01719
G1 X114.889 Y118.151 E.01681
G1 X114.418 Y117.936 E.01709
G1 X113.912 Y117.542 E.02117
G1 X113.6 Y117.134 E.01696
G1 X113.373 Y116.747 E.01481
G1 X113.051 Y115.759 E.03431
G1 X112.984 Y115.103 E.02177
G1 X113.081 Y114.479 E.02085
G1 X113.274 Y114.007 E.01684
G1 X113.538 Y113.58 E.01658
G1 X113.907 Y113.197 E.01756
G1 X114.33 Y112.885 E.01735
G1 X114.838 Y112.656 E.0184
G1 X115.365 Y112.518 E.01799
G1 X115.948 Y112.493 E.01927
G1 X116.508 Y112.564 E.01864
G1 X117.084 Y112.766 E.02015
G1 X117.593 Y113.048 E.01921
G1 X118.09 Y113.483 E.02181
G1 X118.446 Y113.922 E.01866
G1 X118.721 Y114.453 E.01974
G1 X118.737 Y114.556 E.00344
G1 X119.127 Y114.55 F9000
;TYPE:External perimeter
;WIDTH:0.419999
G1 F900
G1 X119.163 Y114.787 E.00752
G1 X119.194 Y115.255 E.01471
G1 X119.164 Y115.665 E.01289
G1 X119.055 Y116.187 E.01672
G1 X118.826 Y116.798 E.02046
G1 X118.457 Y117.375 E.02147
G1 X118.028 Y117.849 E.02005
G1 X117.492 Y118.233 E.02067
G1 X116.935 Y118.505 E.01944
G1 X116.32 Y118.658 E.01987
G1 X115.721 Y118.703 E.01883
G1 X115.115 Y118.62 E.01918
G1 X114.564 Y118.446 E.01812
G1 X114.027 Y118.137 E.01943
G1 X113.627 Y117.806 E.01628
G1 X113.292 Y117.369 E.01726
G1 X113.013 Y116.894 E.01727
G1 X112.671 Y115.839 E.03477
G1 X112.596 Y115.106 E.0231
G1 X112.628 Y114.741 E.01149
G1 X112.776 Y114.182 E.01813
G1 X113.012 Y113.667 E.01776
G1 X113.368 Y113.187 E.01874
G1 X113.796 Y112.779 E.01854
G1 X114.326 Y112.453 E.01951
G1 X114.894 Y112.225 E.01919
G1 X115.533 Y112.115 E.02033
G1 X116.164 Y112.114 E.01978
G1 X116.824 Y112.255 E.02116
G1 X117.428 Y112.495 E.02038
G1 X117.972 Y112.854 E.02044
G1 X118.367 Y113.213 E.01674
G1 X118.775 Y113.715 E.02028
G1 X119.095 Y114.332 E.02179
G1 X119.118 Y114.49 E.00501
G1 X118.104 Y115.07 F9000
;TYPE:Internal infill
;WIDTH:0.44
G1 F900
G1 X118.055 Y115.715 E.02136
G1 X117.848 Y116.312 E.02086
G1 X117.509 Y116.822 E.02022
G1 X117.151 Y117.151 E.01605
G1 X114.061 Y114.061 E.14428
G1 X113.84 Y114.443 E.01457
G1 X113.69 Y115.098 E.02219
G1 X113.743 Y115.613 E.01709
G1 X114.025 Y116.481 E.03013
G1 X114.217 Y116.783 E.01182
G1 X117.293 Y113.707 E.14363
G1 X116.922 Y113.463 E.01466
G1 X116.348 Y113.25 E.02021
G1 X116.053 Y113.201 E.00987
G1 X115.47 Y113.215 E.01925
G1 X115.044 Y113.328 E.01455
;LAYER_CHANGE
;Z:16
;HEIGHT:0.2
;BEFORE_LAYER_CHANGE
G92 E0
;16


G1 E-3.5 F3600
;WIPE_START
G1 F7200
G1 X115.47 Y113.215 E-.20935
G1 X116.053 Y113.201 E-.277
G1 X116.348 Y113.25 E-.14204
G1 X116.922 Y113.463 E-.29082
G1 X117.293 Y113.707 E-.21092
G1 X116.742 Y114.258 E-.36987
;WIPE_END
G1 Z16 F9000
;AFTER_LAYER_CHANGE
;16
G1 X118.35 Y116.316
G1 E5 F2400
;TYPE:Perimeter
;WIDTH:0.439999
G1 F900
G1 X118.339 Y116.422 E.00352
G1 X118.109 Y116.866 E.01651
G1 X117.748 Y117.299 E.01861
G1 X117.366 Y117.626 E.0166
G1 X116.914 Y117.876 E.01705
G1 X116.418 Y118.049 E.01734
G1 X115.933 Y118.11 E.01614
G1 X115.425 Y118.088 E.01679
G1 X114.811 Y117.913 E.02108
G1 X114.277 Y117.6 E.02044
G1 X113.853 Y117.176 E.0198
G1 X113.614 Y116.787 E.01507
G1 X113.443 Y116.315 E.01658
G1 X113.403 Y115.861 E.01505
G1 X113.432 Y115.353 E.0168
G1 X113.731 Y114.433 E.03194
G1 X114.022 Y113.933 E.0191
G1 X114.388 Y113.566 E.01711
G1 X114.877 Y113.275 E.01879
G1 X115.277 Y113.148 E.01386
G1 X115.805 Y113.089 E.01754
G1 X116.387 Y113.15 E.01932
G1 X116.774 Y113.28 E.01348
G1 X117.242 Y113.531 E.01753
G1 X117.61 Y113.845 E.01597
G1 X117.948 Y114.25 E.01742
G1 X118.2 Y114.737 E.0181
G1 X118.355 Y115.222 E.01681
G1 X118.41 Y115.759 E.01782
G1 X118.357 Y116.256 E.0165
G1 X118.746 Y116.384 F9000
G1 F900
G1 X118.721 Y116.547 E.00544
G1 X118.539 Y116.899 E.01308
G1 X118.298 Y117.275 E.01475
G1 X117.913 Y117.698 E.01889
G1 X117.402 Y118.068 E.02083
G1 X116.884 Y118.323 E.01906
G1 X116.3 Y118.471 E.01989
G1 X115.742 Y118.515 E.01848
G1 X115.17 Y118.439 E.01905
G1 X114.654 Y118.279 E.01784
G1 X114.173 Y118.009 E.01821
G1 X113.768 Y117.681 E.01721
G1 X113.447 Y117.286 E.01681
G1 X113.193 Y116.835 E.01709
G1 X113.015 Y116.218 E.0212
G1 X113.002 Y115.705 E.01694
G1 X113.046 Y115.259 E.0148
G1 X113.367 Y114.27 E.03433
G1 X113.606 Y113.858 E.01573
G1 X113.898 Y113.471 E.01601
G1 X114.264 Y113.17 E.01565
G1 X114.719 Y112.91 E.0173
G1 X115.19 Y112.76 E.01632
G1 X115.813 Y112.691 E.0207
G1 X116.464 Y112.759 E.02161
G1 X116.989 Y112.941 E.01835
G1 X117.468 Y113.203 E.01803
G1 X117.916 Y113.59 E.01955
G1 X118.279 Y114.03 E.01883
G1 X118.567 Y114.584 E.02062
G1 X118.744 Y115.14 E.01927
G1 X118.811 Y115.955 E.027
G1 X118.755 Y116.325 E.01236
G1 X119.127 Y116.45 F9000
;TYPE:External perimeter
;WIDTH:0.419999
G1 F900
G1 X119.094 Y116.668 E.00691
G1 X118.775 Y117.285 E.02178
G1 X118.367 Y117.787 E.02028
G1 X117.972 Y118.146 E.01674
G1 X117.428 Y118.505 E.02044
G1 X116.79 Y118.756 E.0215
G1 X116.164 Y118.886 E.02005
G1 X115.505 Y118.882 E.02066
G1 X114.894 Y118.775 E.01945
G1 X114.307 Y118.537 E.01986
G1 X113.796 Y118.221 E.01884
G1 X113.355 Y117.798 E.01916
G1 X113.012 Y117.333 E.01812
G1 X112.758 Y116.767 E.01945
G1 X112.629 Y116.265 E.01625
G1 X112.615 Y115.715 E.01725
G1 X112.669 Y115.167 E.01727
G1 X113.012 Y114.111 E.03481
G1 X113.382 Y113.474 E.0231
G1 X113.777 Y113.06 E.01794
G1 X114.22 Y112.731 E.0173
G1 X114.766 Y112.481 E.01883
G1 X115.318 Y112.335 E.0179
G1 X115.821 Y112.302 E.01581
G1 X116.54 Y112.378 E.02267
G1 X117.145 Y112.587 E.02007
G1 X117.688 Y112.884 E.01941
G1 X118.192 Y113.318 E.02085
G1 X118.602 Y113.815 E.0202
G1 X118.923 Y114.434 E.02186
G1 X119.124 Y115.06 E.02061
G1 X119.199 Y115.98 E.02894
G1 X119.136 Y116.391 E.01304
G1 X118.03 Y115.194 F9000
;TYPE:Internal infill
;WIDTH:0.44
G1 F900
G1 X118.107 Y115.908 E.02371
G1 X118.044 Y116.327 E.01399
G1 X117.667 Y116.944 E.02387
G1 X117.293 Y117.293 E.01689
G1 X114.213 Y114.213 E.14382
G1 X114.012 Y114.559 E.01321
G1 X113.703 Y115.592 E.0356
G1 X113.758 Y116.327 E.02434
G1 X114.061 Y116.939 E.02255
G1 X117.151 Y113.849 E.14428
G1 X116.82 Y113.634 E.01303
G1 X116.327 Y113.452 E.01735
G1 X115.473 Y113.417 E.02822
G1 X114.903 Y113.605 E.01982
;LAYER_CHANGE
;Z:16.2
;HEIGHT:0.200001
;BEFORE_LAYER_CHANGE
G92 E0
;16.2


G1 E-3.5 F3600
;WIPE_START
G1 F7200
G1 X115.473 Y113.417 E-.2851
G1 X116.327 Y113.452 E-.40599
G1 X116.82 Y113.634 E-.24962
G1 X117.151 Y113.849 E-.18748
G1 X116.598 Y114.402 E-.37181
;WIPE_END
G1 Z16.2 F9000
;AFTER_LAYER_CHANGE
;16.2
G1 X118.35 Y116.316
G1 E5 F2400
;TYPE:Perimeter
;WIDTH:0.439999
G1 F900
G1 X118.339 Y116.422 E.00352
G1 X118.109 Y116.866 E.01651
G1 X117.748 Y117.299 E.01861
G1 X117.366 Y117.626 E.0166
G1 X116.914 Y117.876 E.01705
G1 X116.418 Y118.049 E.01734
G1 X115.933 Y118.11 E.01614
G1 X115.425 Y118.088 E.01679
G1 X114.811 Y117.913 E.02108
G1 X114.277 Y117.6 E.02044
G1 X113.853 Y117.176 E.0198
G1 X113.614 Y116.787 E.01507
G1 X113.443 Y116.315 E.01658
G1 X113.403 Y115.861 E.01505
G1 X113.432 Y115.353 E.0168
G1 X113.731 Y114.433 E.03194
G1 X114.022 Y113.933 E.0191
G1 X114.388 Y113.566 E.01711
G1 X114.877 Y113.275 E.01879
G1 X115.277 Y113.148 E.01386
G1 X115.805 Y113.089 E.01754
G1 X116.387 Y113.15 E.01932
G1 X116.774 Y113.28 E.01348
G1 X117.242 Y113.531 E.01753
G1 X117.61 Y113.845 E.01597
G1 X117.948 Y114.25 E.01742
G1 X118.2 Y114.737 E.0181
G1 X118.355 Y115.222 E.01681
G1 X118.41 Y115.759 E.01782
G1 X118.357 Y116.256 E.0165
G1 X118.746 Y116.384 F9000
G1 F900
G1 X118.721 Y116.547 E.00544
G1 X118.539 Y116.899 E.01308
G1 X118.298 Y117.275 E.01475
G1 X117.913 Y117.698 E.01889
G1 X117.402 Y118.068 E.02083
G1 X116.884 Y118.323 E.01906
G1 X116.3 Y118.471 E.01989
G1 X115.742 Y118.515 E.01848
G1 X115.17 Y118.439 E.01905
G1 X114.654 Y118.279 E.01784
G1 X114.173 Y118.009 E.01821
G1 X113.768 Y117.681 E.01721
G1 X113.447 Y117.286 E.01681
G1 X113.193 Y116.835 E.01709
G1 X113.015 Y116.218 E.0212
G1 X113.002 Y115.705 E.01694
G1 X113.046 Y115.259 E.0148
G1 X113.367 Y114.27 E.03433
G1 X113.606 Y113.858 E.01573
G1 X113.898 Y113.471 E.01601
G1 X114.264 Y113.17 E.01565
G1 X114.719 Y112.91 E.0173
G1 X115.19 Y112.76 E.01632
G1 X115.813 Y112.691 E.0207
G1 X116.464 Y112.759 E.02161
G1 X116.989 Y112.941 E.01835
G1 X117.468 Y113.203 E.01803
G1 X117.916 Y113.59 E.01955
G1 X118.279 Y114.03 E.01883
G1 X118.567 Y114.584 E.02062
G1 X118.744 Y115.14 E.01927
G1 X118.811 Y115.955 E.027
G1 X118.755 Y116.325 E.01236
G1 X119.127 Y116.45 F9000
;TYPE:External perimeter
;WIDTH:0.419999
G1 F900
G1 X119.094 Y116.668 E.00691
G1 X118.775 Y117.285 E.02178
G1 X118.367 Y117.787 E.02028
G1 X117.972 Y118.146 E.01674
G1 X117.428 Y118.505 E.02044
G1 X116.79 Y118.756 E.0215
G1 X116.164 Y118.886 E.02005
G1 X115.505 Y118.882 E.02066
G1 X114.894 Y118.775 E.01945
G1 X114.307 Y118.537 E.01986
G1 X113.796 Y118.221 E.01884
G1 X113.355 Y117.798 E.01916
G1 X113.012 Y117.333 E.01812
G1 X112.758 Y116.767 E.01945
G1 X112.629 Y116.265 E.01625
G1 X112.615 Y115.715 E.01725
G1 X112.669 Y115.167 E.01727
G1 X113.012 Y114.111 E.03481
G1 X113.382 Y113.474 E.0231
G1 X113.777 Y113.06 E.01794
G1 X114.22 Y112.731 E.0173
G1 X114.766 Y112.481 E.01883
G1 X115.318 Y112.335 E.0179
G1 X115.821 Y112.302 E.01581
G1 X116.54 Y112.378 E.02267
G1 X117.145 Y112.587 E.02007
G1 X117.688 Y112.884 E.01941
G1 X118.192 Y113.318 E.02085
G1 X118.602 Y113.815 E.0202
G1 X118.923 Y114.434 E.02186
G1 X119.124 Y115.06 E.02061
G1 X119.199 Y115.98 E.02894
G1 X119.136 Y116.391 E.01304
G1 X118.03 Y115.194 F9000
;TYPE:Internal infill
;WIDTH:0.44
G1 F900
G1 X118.107 Y115.908 E.02371
G1 X118.044 Y116.327 E.01399
G1 X117.667 Y116.944 E.02387
G1 X117.293 Y117.293 E.01689
G1 X114.213 Y114.213 E.14382
G1 X114.012 Y114.559 E.01321
G1 X113.703 Y115.592 E.0356
G1 X113.758 Y116.327 E.02434
G1 X114.061 Y116.939 E.02255
G1 X117.151 Y113.849 E.14428
G1 X116.82 Y113.634 E.01303
G1 X116.327 Y113.452 E.01735
G1 X115.473 Y113.417 E.02822
G1 X114.903 Y113.605 E.01982
;LAYER_CHANGE
;Z:16.4
;HEIGHT:0.199999
;BEFORE_LAYER_CHANGE
G92 E0
;16.4


G1 E-3.5 F3600
;WIPE_START
G1 F7200
G1 X115.473 Y113.417 E-.2851
G1 X116.327 Y113.452 E-.40599
G1 X116.82 Y113.634 E-.24962
G1 X117.151 Y113.849 E-.18748
G1 X116.598 Y114.402 E-.37181
;WIPE_END
G1 Z16.4 F9000
;AFTER_LAYER_CHANGE
;16.4
G1 X117.326 Y117.835
G1 E5 F2400
;TYPE:Perimeter
;WIDTH:0.439999
G1 F900
G1 X117.254 Y117.915 E.00355
G1 X116.808 Y118.138 E.01646
G1 X116.261 Y118.277 E.01863
G1 X115.76 Y118.317 E.01659
G1 X115.245 Y118.252 E.01714
G1 X114.744 Y118.101 E.01728
G1 X114.316 Y117.866 E.01612
G1 X113.918 Y117.55 E.01678
G1 X113.524 Y117.047 E.0211
G1 X113.276 Y116.48 E.02043
G1 X113.182 Y115.888 E.01979
G1 X113.237 Y115.312 E.0191
G1 X113.416 Y114.815 E.01744
G1 X113.739 Y114.346 E.0188
G1 X114.188 Y113.957 E.01961
G1 X114.691 Y113.6 E.02037
G1 X115.226 Y113.363 E.01932
G1 X115.753 Y113.287 E.01758
G1 X116.332 Y113.342 E.0192
G1 X116.858 Y113.534 E.01849
G1 X117.362 Y113.877 E.02013
G1 X117.776 Y114.351 E.02078
G1 X117.997 Y114.767 E.01555
G1 X118.157 Y115.251 E.01683
G1 X118.215 Y115.928 E.02243
G1 X118.133 Y116.47 E.0181
G1 X117.973 Y116.953 E.0168
G1 X117.702 Y117.421 E.01786
G1 X117.366 Y117.791 E.0165
G1 X117.606 Y118.123 F9000
G1 F900
G1 X117.491 Y118.24 E.00542
G1 X117.137 Y118.418 E.01308
G1 X116.72 Y118.58 E.01477
G1 X116.16 Y118.697 E.01889
G1 X115.529 Y118.696 E.02083
G1 X114.961 Y118.598 E.01903
G1 X114.401 Y118.374 E.01991
G1 X113.924 Y118.081 E.01848
G1 X113.506 Y117.684 E.01903
G1 X113.182 Y117.251 E.01786
G1 X112.952 Y116.749 E.01823
G1 X112.817 Y116.247 E.01716
G1 X112.79 Y115.738 E.01683
G1 X112.849 Y115.224 E.01708
G1 X113.068 Y114.621 E.02118
G1 X113.44 Y114.079 E.0217
G1 X113.943 Y113.644 E.02196
G1 X114.494 Y113.253 E.02231
G1 X115.1 Y112.985 E.02188
G1 X115.756 Y112.888 E.02189
G1 X116.407 Y112.95 E.02159
G1 X116.896 Y113.117 E.01706
G1 X117.343 Y113.359 E.01678
G1 X117.76 Y113.715 E.0181
G1 X118.106 Y114.129 E.01781
G1 X118.373 Y114.636 E.01892
G1 X118.546 Y115.167 E.01844
G1 X118.608 Y115.73 E.0187
G1 X118.59 Y116.161 E.01424
G1 X118.479 Y116.733 E.01924
G1 X118.219 Y117.34 E.0218
G1 X117.911 Y117.814 E.01866
G1 X117.648 Y118.081 E.01237
G1 X117.876 Y118.401 F9000
;TYPE:External perimeter
;WIDTH:0.419999
G1 F900
G1 X117.722 Y118.558 E.0069
G1 X117.1 Y118.869 E.0218
G1 X116.475 Y119.036 E.02028
G1 X115.945 Y119.093 E.01671
G1 X115.293 Y119.064 E.02046
G1 X114.63 Y118.892 E.02148
G1 X114.047 Y118.63 E.02004
G1 X113.516 Y118.24 E.02066
G1 X113.085 Y117.794 E.01945
G1 X112.75 Y117.256 E.01987
G1 X112.522 Y116.7 E.01884
G1 X112.414 Y116.098 E.01918
G1 X112.409 Y115.52 E.01812
G1 X112.537 Y114.914 E.01942
G1 X112.728 Y114.431 E.01629
G1 X113.15 Y113.819 E.02331
G1 X113.703 Y113.339 E.02296
G1 X114.302 Y112.914 E.02303
G1 X114.741 Y112.72 E.01505
G1 X115.179 Y112.57 E.01452
G1 X115.759 Y112.5 E.01832
G1 X116.48 Y112.569 E.02271
G1 X117.05 Y112.762 E.01887
G1 X117.561 Y113.039 E.01822
G1 X118.035 Y113.442 E.01951
G1 X118.428 Y113.912 E.01921
G1 X118.729 Y114.485 E.02029
G1 X118.925 Y115.086 E.01982
G1 X118.996 Y115.756 E.02112
G1 X118.954 Y116.405 E.02039
G1 X118.78 Y117.034 E.02046
G1 X118.561 Y117.52 E.01671
G1 X118.21 Y118.063 E.02027
G1 X117.918 Y118.358 E.01301
G1 E-3.5 F3600
;WIPE_START
G1 F7200
G1 X117.876 Y118.401 E-.02855
G1 X117.722 Y118.558 E-.10446
G1 X117.1 Y118.869 E-.33032
G1 X116.475 Y119.036 E-.30729
G1 X115.945 Y119.093 E-.2532
G1 X115.293 Y119.064 E-.31001
G1 X114.955 Y118.976 E-.16617
;WIPE_END
G1 X115.178 Y117.925 F9000
G1 E5 F2400
;TYPE:Internal infill
;WIDTH:0.44
G1 F900
G1 X115.766 Y118.01 E.01962
G1 X116.405 Y117.942 E.02122
G1 X117.072 Y117.664 E.02386
G1 X117.366 Y117.366 E.01382
G1 X114.281 Y114.281 E.14405
G1 X114.843 Y113.867 E.02305
G1 X115.5 Y113.614 E.02325
G1 X116.275 Y113.644 E.02561
G1 X116.719 Y113.806 E.0156
G1 X117.01 Y113.99 E.01137
G1 X113.918 Y117.082 E.14438
G1 X113.57 Y116.394 E.02546
G1 X113.488 Y115.879 E.01722
G1 X113.536 Y115.379 E.01658
G1 X113.764 Y114.848 E.01908
;LAYER_CHANGE
;Z:16.6
;HEIGHT:0.200001
;BEFORE_LAYER_CHANGE
G92 E0
;16.6


G1 E-3.5 F3600
;WIPE_START
G1 F7200
G1 X113.536 Y115.379 E-.27449
G1 X113.488 Y115.879 E-.23859
G1 X113.57 Y116.394 E-.24771
G1 X113.918 Y117.082 E-.36623
G1 X114.473 Y116.527 E-.37298
;WIPE_END
G1 Z16.6 F9000
;AFTER_LAYER_CHANGE
;16.6
G1 X117.359 Y117.963
G1 E5 F2400
;TYPE:Perimeter
;WIDTH:0.439999
G1 F900
G1 X117.008 Y118.138 E.01295
G1 X116.461 Y118.277 E.01863
G1 X115.96 Y118.317 E.01659
G1 X115.445 Y118.252 E.01714
G1 X114.944 Y118.101 E.01728
G1 X114.516 Y117.866 E.01612
G1 X114.118 Y117.55 E.01678
G1 X113.724 Y117.047 E.0211
G1 X113.476 Y116.48 E.02043
G1 X113.382 Y115.888 E.01979
G1 X113.437 Y115.312 E.0191
G1 X113.616 Y114.815 E.01744
G1 X113.939 Y114.346 E.0188
G1 X114.388 Y113.957 E.01961
G1 X114.891 Y113.6 E.02037
G1 X115.426 Y113.363 E.01932
G1 X115.906 Y113.285 E.01606
G1 X116.534 Y113.343 E.02082
G1 X117.058 Y113.534 E.01841
G1 X117.562 Y113.877 E.02013
G1 X117.976 Y114.351 E.02078
G1 X118.197 Y114.767 E.01555
G1 X118.357 Y115.251 E.01683
G1 X118.415 Y115.928 E.02243
G1 X118.333 Y116.47 E.0181
G1 X118.173 Y116.953 E.0168
G1 X117.902 Y117.421 E.01786
G1 X117.454 Y117.915 E.02202
G1 X117.412 Y117.936 E.00155
G1 X117.544 Y118.314 F9000
G1 F900
G1 X117.337 Y118.418 E.00765
G1 X116.92 Y118.58 E.01477
G1 X116.36 Y118.697 E.01889
G1 X115.729 Y118.696 E.02083
G1 X115.161 Y118.598 E.01903
G1 X114.601 Y118.374 E.01991
G1 X114.124 Y118.081 E.01848
G1 X113.706 Y117.684 E.01903
G1 X113.382 Y117.251 E.01786
G1 X113.152 Y116.749 E.01823
G1 X113.017 Y116.247 E.01716
G1 X112.99 Y115.738 E.01683
G1 X113.049 Y115.224 E.01708
G1 X113.268 Y114.621 E.02118
G1 X113.64 Y114.079 E.0217
G1 X114.143 Y113.644 E.02196
G1 X114.694 Y113.253 E.02231
G1 X115.3 Y112.985 E.02188
G1 X115.905 Y112.886 E.02024
G1 X116.608 Y112.951 E.02331
G1 X117.097 Y113.118 E.01706
G1 X117.543 Y113.359 E.01674
G1 X117.96 Y113.715 E.0181
G1 X118.306 Y114.129 E.01781
G1 X118.573 Y114.636 E.01892
G1 X118.746 Y115.167 E.01844
G1 X118.808 Y115.73 E.0187
G1 X118.79 Y116.161 E.01424
G1 X118.679 Y116.733 E.01924
G1 X118.419 Y117.34 E.0218
G1 X118.111 Y117.814 E.01866
G1 X117.691 Y118.24 E.01975
G1 X117.598 Y118.287 E.00344
G1 X117.725 Y118.656 F9000
;TYPE:External perimeter
;WIDTH:0.419999
G1 F900
G1 X117.3 Y118.869 E.01491
G1 X116.675 Y119.036 E.02028
G1 X116.145 Y119.093 E.01671
G1 X115.493 Y119.064 E.02046
G1 X114.83 Y118.892 E.02148
G1 X114.247 Y118.63 E.02004
G1 X113.716 Y118.24 E.02066
G1 X113.285 Y117.794 E.01945
G1 X112.95 Y117.256 E.01987
G1 X112.722 Y116.7 E.01884
G1 X112.614 Y116.098 E.01918
G1 X112.609 Y115.52 E.01812
G1 X112.737 Y114.914 E.01942
G1 X112.928 Y114.431 E.01629
G1 X113.35 Y113.819 E.02331
G1 X113.903 Y113.339 E.02296
G1 X114.502 Y112.914 E.02303
G1 X114.974 Y112.706 E.01617
G1 X115.392 Y112.567 E.01381
G1 X115.903 Y112.497 E.01617
G1 X116.68 Y112.569 E.02447
G1 X117.251 Y112.762 E.0189
G1 X117.761 Y113.039 E.0182
G1 X118.235 Y113.442 E.01951
G1 X118.628 Y113.912 E.01921
G1 X118.929 Y114.485 E.02029
G1 X119.125 Y115.086 E.01982
G1 X119.196 Y115.756 E.02112
G1 X119.154 Y116.405 E.02039
G1 X118.98 Y117.034 E.02046
G1 X118.761 Y117.52 E.01671
G1 X118.41 Y118.063 E.02027
G1 X117.922 Y118.558 E.02179
G1 X117.778 Y118.629 E.00503
G1 E-3.5 F3600
;WIPE_START
G1 F7200
G1 X117.725 Y118.656 E-.02825
G1 X117.3 Y118.869 E-.22581
G1 X116.675 Y119.036 E-.30729
G1 X116.145 Y119.093 E-.2532
G1 X115.493 Y119.064 E-.31001
G1 X114.83 Y118.892 E-.32535
G1 X114.734 Y118.849 E-.05009
;WIPE_END
G1 X117.319 Y116.453 F9000
G1 E5 F2400
;TYPE:Internal infill
;WIDTH:0.44
G1 F900
G1 X117.428 Y115.876 E.01939
G1 X117.317 Y115.174 E.02347
G1 X117.133 Y114.811 E.01344
G1 X116.662 Y114.338 E.02204
G1 X114.037 Y116.963 E.12257
G1 X113.77 Y116.394 E.02075
G1 X113.697 Y115.625 E.0255
G1 X113.884 Y114.964 E.02268
G1 X114.168 Y114.552 E.01652
G1 X114.374 Y114.374 E.00899
G1 X117.022 Y117.022 E.12364
G1 X116.597 Y117.456 E.02006
G1 X115.952 Y117.818 E.02442
G1 X116.015 Y118.008 E.00661
G1 X115.653 Y117.984 E.01198
G1 X115.2 Y117.867 E.01545
G1 E-3.5 F3600
;WIPE_START
G1 F7200
G1 X115.653 Y117.984 E-.22224
G1 X116.015 Y118.008 E-.17233
G1 X115.952 Y117.818 E-.09508
G1 X116.597 Y117.456 E-.35133
G1 X117.022 Y117.022 E-.28853
G1 X116.47 Y116.47 E-.37049
;WIPE_END
G1 X116.876 Y113.89 F9000
G1 E5 F2400
;TYPE:Solid infill
;WIDTH:0.630476
G1 F900
G1 X117.057 Y114.017 E.0108
G1 X117.173 Y114.062 E.00608
;WIDTH:0.581456
G1 X117.288 Y114.107 E.00553
G1 X117.173 Y114.062 E.00553
;WIDTH:0.630476
G1 X117.057 Y114.017 E.00608
G1 X117.087 Y114.08 E.00341
;WIDTH:0.585581
G1 X117.116 Y114.142 E.00309
;WIDTH:0.540686
G1 X117.146 Y114.204 E.00285
;WIDTH:0.49579
G1 X117.176 Y114.266 E.00259
;WIDTH:0.450895
G1 X117.205 Y114.328 E.00232
;WIDTH:0.406
G1 X117.235 Y114.391 E.00211
;WIDTH:0.372109
G1 X117.465 Y114.671 E.00992
;WIDTH:0.380761
G1 X117.679 Y115.117 E.0139
;WIDTH:0.381419
G1 X117.788 Y115.613 E.01429
G1 X117.769 Y116.165 E.01555
;WIDTH:0.38108
G1 X117.607 Y116.724 E.01636
;WIDTH:0.376976
G1 X117.326 Y117.206 E.0155
;WIDTH:0.367599
G1 X116.823 Y117.728 E.01957
;WIDTH:0.354644
G1 X116.39 Y117.986 E.01306
G1 X116.414 Y118.009 E.00086
G1 X116.914 Y117.891 E.01332
G1 X117.316 Y117.681 E.01176
;WIDTH:0.367599
G1 X117.604 Y117.373 E.01138
;WIDTH:0.371245
G1 X117.888 Y116.902 E.01502
;WIDTH:0.378912
G1 X118.083 Y116.303 E.0176
;WIDTH:0.383107
G1 X118.128 Y115.638 E.01885
G1 X118.009 Y115.044 E.01714
;WIDTH:0.380761
G1 X117.758 Y114.522 E.01627
;WIDTH:0.372109
G1 X117.473 Y114.179 E.01221
;LAYER_CHANGE
;Z:16.8
;HEIGHT:0.199999
;BEFORE_LAYER_CHANGE
G92 E0
;16.8


G1 E-3.5 F3600
;WIPE_START
G1 F7200
G1 X117.758 Y114.522 E-.21183
G1 X118.009 Y115.044 E-.27513
G1 X118.128 Y115.638 E-.28776
G1 X118.083 Y116.303 E-.3166
G1 X117.888 Y116.902 E-.29922
G1 X117.769 Y117.1 E-.10946
;WIPE_END
G1 Z16.8 F9000
;AFTER_LAYER_CHANGE
;16.8
G1 X115.605 Y118.463
G1 E5 F2400
;TYPE:Perimeter
;WIDTH:0.439999
G1 F900
G1 X115.5 Y118.485 E.00354
G1 X115.007 Y118.403 E.0165
G1 X114.484 Y118.194 E.0186
G1 X114.055 Y117.931 E.01661
G1 X113.676 Y117.577 E.01712
G1 X113.36 Y117.16 E.01727
G1 X113.151 Y116.718 E.01614
G1 X113.015 Y116.229 E.01676
G1 X112.992 Y115.59 E.02111
G1 X113.125 Y114.985 E.02045
G1 X113.397 Y114.451 E.01979
G1 X113.78 Y114.018 E.01909
G1 X114.217 Y113.721 E.01745
G1 X114.753 Y113.531 E.01878
G1 X115.346 Y113.481 E.01965
G1 X115.963 Y113.487 E.02037
G1 X116.534 Y113.61 E.01929
G1 X116.996 Y113.845 E.01711
G1 X117.424 Y114.22 E.01879
G1 X117.755 Y114.708 E.01947
G1 X117.96 Y115.281 E.02009
G1 X118.012 Y115.737 E.01515
G1 X118.002 Y116.055 E.0105
G1 X117.911 Y116.548 E.01655
G1 X117.726 Y116.996 E.016
G1 X117.445 Y117.442 E.0174
G1 X117.06 Y117.833 E.01812
G1 X116.647 Y118.129 E.01678
G1 X116.153 Y118.348 E.01784
G1 X115.663 Y118.45 E.01653
G1 X115.662 Y118.86 F9000
G1 F900
G1 X115.5 Y118.887 E.00542
G1 X115.109 Y118.823 E.01308
G1 X114.677 Y118.709 E.01475
G1 X114.155 Y118.474 E.0189
G1 X113.645 Y118.103 E.02082
G1 X113.243 Y117.689 E.01905
G1 X112.922 Y117.179 E.0199
G1 X112.708 Y116.662 E.01847
G1 X112.603 Y116.094 E.01907
G1 X112.596 Y115.554 E.01783
G1 X112.704 Y115.013 E.01821
G1 X112.891 Y114.527 E.01719
G1 X113.167 Y114.099 E.01681
G1 X113.518 Y113.718 E.0171
G1 X114.049 Y113.359 E.02116
G1 X114.669 Y113.14 E.02171
G1 X115.331 Y113.083 E.02194
G1 X116.007 Y113.091 E.02232
G1 X116.655 Y113.23 E.02188
G1 X117.218 Y113.515 E.02083
G1 X117.608 Y113.844 E.01685
G1 X117.932 Y114.228 E.01659
G1 X118.183 Y114.697 E.01756
G1 X118.349 Y115.195 E.01733
G1 X118.409 Y115.749 E.0184
G1 X118.377 Y116.293 E.01799
G1 X118.221 Y116.855 E.01926
G1 X117.981 Y117.366 E.01864
G1 X117.611 Y117.851 E.02014
G1 X117.186 Y118.249 E.01922
G1 X116.618 Y118.586 E.02181
G1 X116.091 Y118.789 E.01865
G1 X115.721 Y118.851 E.01239
G1 X115.717 Y119.244 F9000
;TYPE:External perimeter
;WIDTH:0.419999
G1 F900
G1 X115.5 Y119.279 E.00689
G1 X114.814 Y119.166 E.0218
G1 X114.211 Y118.933 E.02027
G1 X113.748 Y118.669 E.01671
G1 X113.238 Y118.262 E.02046
G1 X112.803 Y117.733 E.02147
G1 X112.485 Y117.178 E.02006
G1 X112.285 Y116.55 E.02066
G1 X112.198 Y115.936 E.01944
G1 X112.243 Y115.304 E.01987
G1 X112.386 Y114.72 E.01885
G1 X112.652 Y114.17 E.01916
G1 X112.988 Y113.7 E.01811
G1 X113.447 Y113.284 E.01942
G1 X113.885 Y113.006 E.01627
G1 X114.587 Y112.759 E.02333
G1 X115.317 Y112.696 E.02297
G1 X116.05 Y112.704 E.02298
G1 X116.467 Y112.794 E.01338
G1 X116.975 Y112.946 E.01663
G1 X117.435 Y113.193 E.01637
G1 X117.881 Y113.57 E.01831
G1 X118.253 Y114.009 E.01804
G1 X118.538 Y114.543 E.01898
G1 X118.727 Y115.112 E.0188
G1 X118.802 Y115.936 E.02594
G1 X118.709 Y116.577 E.02031
G1 X118.515 Y117.178 E.0198
G1 X118.178 Y117.762 E.02114
G1 X117.762 Y118.262 E.02039
G1 X117.252 Y118.669 E.02046
G1 X116.789 Y118.933 E.01671
G1 X116.186 Y119.166 E.02027
G1 X115.776 Y119.234 E.01303
G1 X115.149 Y118.117 F9000
;TYPE:Internal infill
;WIDTH:0.44
G1 F900
G1 X115.5 Y118.175 E.01175
G1 X116.203 Y118.007 E.02386
G1 X116.76 Y117.687 E.02121
G1 X117.224 Y117.224 E.02164
G1 X114.132 Y114.132 E.14438
G1 X114.817 Y113.833 E.02468
G1 X115.463 Y113.788 E.02138
G1 X115.929 Y113.793 E.01539
G1 X116.441 Y113.903 E.01729
G1 X116.868 Y114.132 E.016
G1 X113.776 Y117.224 E.14438
G1 X113.484 Y116.737 E.01875
G1 X113.318 Y116.179 E.01922
G1 X113.297 Y115.618 E.01854
G1 X113.463 Y114.974 E.02196
;LAYER_CHANGE
;Z:17
;HEIGHT:0.200001
;BEFORE_LAYER_CHANGE
G92 E0
;17


G1 E-3.5 F3600
;WIPE_START
G1 F7200
G1 X113.297 Y115.618 E-.3159
G1 X113.318 Y116.179 E-.26666
G1 X113.484 Y116.737 E-.27653
G1 X113.776 Y117.224 E-.26972
G1 X114.329 Y116.671 E-.37119
;WIPE_END
G1 Z17 F9000
;AFTER_LAYER_CHANGE
;17
G1 X113.674 Y117.835
G1 E5 F2400
;TYPE:Perimeter
;WIDTH:0.439999
G1 F900
G1 X113.298 Y117.421 E.01847
G1 X113.027 Y116.953 E.01786
G1 X112.856 Y116.425 E.01832
G1 X112.785 Y115.928 E.01658
G1 X112.815 Y115.434 E.01634
G1 X112.933 Y114.931 E.01706
G1 X113.224 Y114.351 E.02143
G1 X113.638 Y113.877 E.02078
G1 X114.142 Y113.534 E.02013
G1 X114.696 Y113.334 E.01945
G1 X115.231 Y113.283 E.01774
G1 X115.803 Y113.376 E.01913
G1 X116.304 Y113.597 E.01808
G1 X117.061 Y114.148 E.03091
G1 X117.273 Y114.385 E.0105
G1 X117.572 Y114.786 E.01652
G1 X117.763 Y115.312 E.01848
G1 X117.818 Y115.888 E.0191
G1 X117.724 Y116.48 E.01979
G1 X117.476 Y117.047 E.02043
G1 X117.198 Y117.42 E.01536
G1 X116.834 Y117.765 E.01656
G1 X116.422 Y118.018 E.01596
G1 X115.932 Y118.215 E.01744
G1 X115.391 Y118.304 E.0181
G1 X114.882 Y118.301 E.01681
G1 X114.354 Y118.188 E.01783
G1 X113.746 Y117.915 E.02201
G1 X113.714 Y117.88 E.00157
G1 X113.394 Y118.123 F9000
G1 F900
G1 X113.089 Y117.814 E.01434
G1 X112.743 Y117.266 E.0214
G1 X112.521 Y116.733 E.01906
G1 X112.406 Y116.123 E.0205
G1 X112.396 Y115.551 E.01889
G1 X112.51 Y114.968 E.01961
G1 X112.706 Y114.451 E.01826
G1 X113.014 Y113.973 E.01877
G1 X113.375 Y113.579 E.01764
G1 X113.819 Y113.263 E.01799
G1 X114.28 Y113.041 E.01689
G1 X114.758 Y112.922 E.01626
G1 X115.258 Y112.885 E.01655
G1 X115.917 Y112.992 E.02204
G1 X116.503 Y113.251 E.02115
G1 X117.329 Y113.851 E.03371
G1 X117.768 Y114.343 E.02177
G1 X117.974 Y114.715 E.01404
G1 X118.151 Y115.224 E.01779
G1 X118.216 Y115.9 E.02242
G1 X118.142 Y116.427 E.01757
G1 X117.984 Y116.928 E.01734
G1 X117.708 Y117.412 E.0184
G1 X117.361 Y117.833 E.01801
G1 X116.905 Y118.196 E.01924
G1 X116.41 Y118.468 E.01865
G1 X115.826 Y118.643 E.02013
G1 X115.248 Y118.714 E.01923
G1 X114.59 Y118.654 E.02182
G1 X114.044 Y118.508 E.01866
G1 X113.509 Y118.24 E.01976
G1 X113.436 Y118.166 E.00343
G1 X113.124 Y118.401 F9000
;TYPE:External perimeter
;WIDTH:0.419999
G1 F900
G1 X112.79 Y118.063 E.0149
G1 X112.4 Y117.446 E.02289
G1 X112.15 Y116.845 E.02041
G1 X112.021 Y116.163 E.02176
G1 X112.01 Y115.518 E.02023
G1 X112.138 Y114.863 E.02093
G1 X112.359 Y114.277 E.01964
G1 X112.707 Y113.737 E.02014
G1 X113.117 Y113.289 E.01904
G1 X113.622 Y112.93 E.01943
G1 X114.149 Y112.676 E.01834
G1 X114.76 Y112.53 E.0197
G1 X115.284 Y112.497 E.01646
G1 X116.028 Y112.618 E.02363
G1 X116.697 Y112.914 E.02294
G1 X117.59 Y113.562 E.03459
G1 X118.081 Y114.112 E.02312
G1 X118.353 Y114.615 E.01793
G1 X118.529 Y115.138 E.0173
G1 X118.597 Y115.705 E.01791
G1 X118.584 Y116.118 E.01296
G1 X118.478 Y116.7 E.01855
G1 X118.241 Y117.275 E.0195
G1 X117.915 Y117.794 E.01922
G1 X117.463 Y118.258 E.02031
G1 X116.953 Y118.63 E.01979
G1 X116.337 Y118.904 E.02114
G1 X115.707 Y119.064 E.02038
G1 X115.055 Y119.093 E.02046
G1 X114.525 Y119.036 E.01671
G1 X113.9 Y118.869 E.02028
G1 X113.278 Y118.558 E.0218
G1 X113.166 Y118.444 E.00501
G1 X113.991 Y117.576 F9000
;TYPE:Solid infill
;WIDTH:0.677108
G1 F900
G1 X113.636 Y117.14 E.02965
;WIDTH:0.697384
G1 X113.358 Y116.551 E.03544
;WIDTH:0.706404
G1 X113.245 Y115.928 E.03493
G1 X113.294 Y115.328 E.03321
;WIDTH:0.702614
G1 X113.476 Y114.807 E.03027
;WIDTH:0.688704
G1 X113.818 Y114.307 E.03253
;WIDTH:0.666754
G1 X114.314 Y113.893 E.03351
;WIDTH:0.618006
G1 X114.322 Y113.887 E.00048
G1 E-3.5 F3600
;WIPE_START
G1 F7200
G1 X114.314 Y113.893 E-.00475
G1 X113.818 Y114.307 E-.30689
G1 X113.476 Y114.807 E-.28774
G1 X113.294 Y115.328 E-.26214
G1 X113.245 Y115.928 E-.28595
G1 X113.358 Y116.551 E-.30075
G1 X113.404 Y116.65 E-.05178
;WIPE_END
G1 X117.43 Y116.393 F9000
G1 E5 F2400
;TYPE:Internal infill
;WIDTH:0.44
G1 F900
G1 X117.512 Y115.879 E.01719
G1 X117.395 Y115.146 E.02451
G1 X117.2 Y114.761 E.01425
G1 X116.721 Y114.279 E.02244
G1 X114.097 Y116.903 E.12252
G1 X113.851 Y116.37 E.01938
G1 X113.78 Y115.633 E.02445
G1 X113.958 Y115.005 E.02155
G1 X114.231 Y114.608 E.01591
G1 X114.433 Y114.433 E.00882
G1 X117.082 Y117.082 E.12369
G1 X116.648 Y117.522 E.02041
G1 X116.136 Y117.819 E.01954
G1 X115.547 Y117.984 E.0202
G1 X115.185 Y118.008 E.01198
G1 X115.245 Y117.824 E.00639
;LAYER_CHANGE
;Z:17.2
;HEIGHT:0.200001
;BEFORE_LAYER_CHANGE
G92 E0
;17.2


G1 E-3.5 F3600
;WIPE_START
G1 F7200
G1 X115.185 Y118.008 E-.09193
G1 X115.547 Y117.984 E-.17233
G1 X116.136 Y117.819 E-.29055
G1 X116.648 Y117.522 E-.28116
G1 X117.082 Y117.082 E-.29356
G1 X116.53 Y116.53 E-.37047
;WIPE_END
G1 Z17.2 F9000
;AFTER_LAYER_CHANGE
;17.2
G1 X113.843 Y117.958
G1 E5 F2400
;TYPE:Perimeter
;WIDTH:0.439999
G1 F900
G1 X113.746 Y117.915 E.0035
G1 X113.298 Y117.421 E.02202
G1 X113.027 Y116.953 E.01786
G1 X112.856 Y116.425 E.01832
G1 X112.785 Y115.928 E.01658
G1 X112.815 Y115.434 E.01634
G1 X112.933 Y114.931 E.01706
G1 X113.224 Y114.351 E.02143
G1 X113.638 Y113.877 E.02078
G1 X114.142 Y113.534 E.02013
G1 X114.696 Y113.334 E.01945
G1 X115.231 Y113.283 E.01774
G1 X115.803 Y113.376 E.01913
G1 X116.304 Y113.597 E.01808
G1 X117.061 Y114.148 E.03091
G1 X117.273 Y114.385 E.0105
G1 X117.572 Y114.786 E.01652
G1 X117.763 Y115.312 E.01848
G1 X117.818 Y115.888 E.0191
G1 X117.724 Y116.48 E.01979
G1 X117.476 Y117.047 E.02043
G1 X117.198 Y117.42 E.01536
G1 X116.834 Y117.765 E.01656
G1 X116.422 Y118.018 E.01596
G1 X115.932 Y118.215 E.01744
G1 X115.391 Y118.304 E.0181
G1 X114.882 Y118.301 E.01681
G1 X114.354 Y118.188 E.01783
G1 X113.898 Y117.983 E.01651
G1 X113.656 Y118.314 F9000
G1 F900
G1 X113.509 Y118.24 E.00543
G1 X113.089 Y117.814 E.01975
G1 X112.743 Y117.266 E.0214
G1 X112.521 Y116.733 E.01906
G1 X112.406 Y116.123 E.0205
G1 X112.396 Y115.551 E.01889
G1 X112.51 Y114.968 E.01961
G1 X112.706 Y114.451 E.01826
G1 X113.014 Y113.973 E.01877
G1 X113.375 Y113.579 E.01764
G1 X113.819 Y113.263 E.01799
G1 X114.28 Y113.041 E.01689
G1 X114.758 Y112.922 E.01626
G1 X115.258 Y112.885 E.01655
G1 X115.917 Y112.992 E.02204
G1 X116.503 Y113.251 E.02115
G1 X117.329 Y113.851 E.03371
G1 X117.768 Y114.343 E.02177
G1 X117.974 Y114.715 E.01404
G1 X118.151 Y115.224 E.01779
G1 X118.216 Y115.9 E.02242
G1 X118.142 Y116.427 E.01757
G1 X117.984 Y116.928 E.01734
G1 X117.708 Y117.412 E.0184
G1 X117.361 Y117.833 E.01801
G1 X116.905 Y118.196 E.01924
G1 X116.41 Y118.468 E.01865
G1 X115.826 Y118.643 E.02013
G1 X115.248 Y118.714 E.01923
G1 X114.59 Y118.654 E.02182
G1 X114.044 Y118.508 E.01866
G1 X113.71 Y118.341 E.01233
G1 X113.475 Y118.656 F9000
;TYPE:External perimeter
;WIDTH:0.419999
G1 F900
G1 X113.278 Y118.558 E.0069
G1 X112.79 Y118.063 E.02179
G1 X112.4 Y117.446 E.02289
G1 X112.15 Y116.845 E.02041
G1 X112.021 Y116.163 E.02176
G1 X112.01 Y115.518 E.02023
G1 X112.138 Y114.863 E.02093
G1 X112.359 Y114.277 E.01964
G1 X112.707 Y113.737 E.02014
G1 X113.117 Y113.289 E.01904
G1 X113.622 Y112.93 E.01943
G1 X114.149 Y112.676 E.01834
G1 X114.76 Y112.53 E.0197
G1 X115.284 Y112.497 E.01646
G1 X116.028 Y112.618 E.02363
G1 X116.697 Y112.914 E.02294
G1 X117.59 Y113.562 E.03459
G1 X118.081 Y114.112 E.02312
G1 X118.353 Y114.615 E.01793
G1 X118.529 Y115.138 E.0173
G1 X118.597 Y115.705 E.01791
G1 X118.584 Y116.118 E.01296
G1 X118.478 Y116.7 E.01855
G1 X118.241 Y117.275 E.0195
G1 X117.915 Y117.794 E.01922
G1 X117.463 Y118.258 E.02031
G1 X116.953 Y118.63 E.01979
G1 X116.337 Y118.904 E.02114
G1 X115.707 Y119.064 E.02038
G1 X115.055 Y119.093 E.02046
G1 X114.525 Y119.036 E.01671
G1 X113.9 Y118.869 E.02028
G1 X113.529 Y118.683 E.01301
G1 X114.992 Y118 F9000
;TYPE:Internal infill
;WIDTH:0.44
G1 F900
G1 X115.547 Y117.984 E.01833
G1 X116.136 Y117.819 E.0202
G1 X116.648 Y117.522 E.01954
G1 X117.082 Y117.082 E.02041
G1 X113.99 Y113.99 E.14438
G1 X114.518 Y113.704 E.01983
G1 X115.211 Y113.589 E.02319
G1 X115.715 Y113.672 E.01686
G1 X116.15 Y113.864 E.0157
G1 X116.721 Y114.279 E.02331
G1 X113.634 Y117.366 E.14414
G1 X113.307 Y116.828 E.02079
G1 X113.123 Y116.223 E.02088
G1 X113.098 Y115.612 E.02019
G1 X113.198 Y115.118 E.01664
;LAYER_CHANGE
;Z:17.4
;HEIGHT:0.199999
;BEFORE_LAYER_CHANGE
G92 E0
;17.4


G1 E-3.5 F3600
;WIPE_START
G1 F7200
G1 X113.098 Y115.612 E-.23941
G1 X113.123 Y116.223 E-.29047
G1 X113.307 Y116.828 E-.30037
G1 X113.634 Y117.366 E-.29905
G1 X114.186 Y116.814 E-.3707
;WIPE_END
G1 Z17.4 F9000
;AFTER_LAYER_CHANGE
;17.4
G1 X112.645 Y116.317
G1 E5 F2400
;TYPE:Perimeter
;WIDTH:0.439999
G1 F900
G1 X112.587 Y115.928 E.01299
G1 X112.624 Y115.366 E.0186
G1 X112.741 Y114.877 E.0166
G1 X112.961 Y114.407 E.01713
G1 X113.259 Y113.978 E.01725
G1 X113.616 Y113.643 E.01616
G1 X114.039 Y113.362 E.01677
G1 X114.639 Y113.143 E.02109
G1 X115.255 Y113.082 E.02044
G1 X115.847 Y113.176 E.01979
G1 X116.378 Y113.406 E.01911
G1 X116.796 Y113.73 E.01746
G1 X117.142 Y114.181 E.01877
G1 X117.373 Y114.729 E.01964
G1 X117.557 Y115.318 E.02037
G1 X117.595 Y116.14 E.02717
G1 X117.441 Y116.678 E.01848
G1 X117.147 Y117.176 E.01909
G1 X116.723 Y117.6 E.0198
G1 X116.189 Y117.913 E.02044
G1 X115.745 Y118.051 E.01535
G1 X115.248 Y118.117 E.01655
G1 X114.765 Y118.079 E.016
G1 X114.254 Y117.95 E.0174
G1 X113.764 Y117.704 E.0181
G1 X113.354 Y117.403 E.01679
G1 X112.993 Y117.001 E.01784
G1 X112.661 Y116.422 E.02204
G1 X112.654 Y116.376 E.00154
G1 X112.254 Y116.384 F9000
G1 F900
G1 X112.219 Y116.155 E.00765
G1 X112.193 Y115.708 E.01478
G1 X112.256 Y115.14 E.01887
G1 X112.452 Y114.54 E.02084
G1 X112.721 Y114.03 E.01904
G1 X113.107 Y113.567 E.0199
G1 X113.532 Y113.203 E.01848
G1 X114.04 Y112.928 E.01907
G1 X114.551 Y112.755 E.01781
G1 X115.1 Y112.69 E.01825
G1 X115.619 Y112.718 E.01716
G1 X116.111 Y112.849 E.01681
G1 X116.582 Y113.064 E.01709
G1 X117.088 Y113.458 E.02117
G1 X117.488 Y113.98 E.02171
G1 X117.746 Y114.592 E.02193
G1 X117.948 Y115.238 E.02235
G1 X117.981 Y115.561 E.01072
G1 X117.999 Y116.079 E.01711
G1 X117.919 Y116.521 E.01483
G1 X117.726 Y116.993 E.01684
G1 X117.462 Y117.42 E.01658
G1 X117.093 Y117.803 E.01756
G1 X116.67 Y118.115 E.01735
G1 X116.163 Y118.344 E.01837
G1 X115.635 Y118.482 E.01802
G1 X115.052 Y118.507 E.01927
G1 X114.492 Y118.436 E.01864
G1 X113.916 Y118.234 E.02015
G1 X113.407 Y117.952 E.01921
G1 X112.91 Y117.517 E.02181
G1 X112.554 Y117.078 E.01866
G1 X112.279 Y116.547 E.01974
G1 X112.263 Y116.444 E.00344
G1 X111.873 Y116.45 F9000
;TYPE:External perimeter
;WIDTH:0.419999
G1 F900
G1 X111.801 Y115.98 E.01491
G1 X111.836 Y115.335 E.02025
G1 X111.945 Y114.813 E.01672
G1 X112.174 Y114.202 E.02046
G1 X112.542 Y113.625 E.02146
G1 X112.972 Y113.151 E.02007
G1 X113.508 Y112.767 E.02067
G1 X114.065 Y112.495 E.01944
G1 X114.68 Y112.342 E.01987
G1 X115.279 Y112.297 E.01883
G1 X115.885 Y112.38 E.01918
G1 X116.436 Y112.554 E.01812
G1 X116.973 Y112.863 E.01943
G1 X117.373 Y113.194 E.01628
G1 X117.825 Y113.784 E.0233
G1 X118.11 Y114.459 E.02297
G1 X118.329 Y115.159 E.023
G1 X118.373 Y115.584 E.0134
G1 X118.372 Y116.259 E.02116
G1 X118.224 Y116.818 E.01813
G1 X117.988 Y117.333 E.01776
G1 X117.632 Y117.813 E.01874
G1 X117.204 Y118.221 E.01854
G1 X116.674 Y118.547 E.01951
G1 X116.106 Y118.775 E.01919
G1 X115.468 Y118.885 E.0203
G1 X114.836 Y118.886 E.01982
G1 X114.177 Y118.746 E.02112
G1 X113.572 Y118.505 E.02042
G1 X113.028 Y118.146 E.02044
G1 X112.633 Y117.787 E.01674
G1 X112.225 Y117.285 E.02028
G1 X111.906 Y116.668 E.02178
G1 X111.882 Y116.51 E.00501
G1 X112.896 Y115.93 F9000
;TYPE:Internal infill
;WIDTH:0.44
G1 F900
G1 X112.945 Y115.285 E.02136
G1 X113.152 Y114.688 E.02086
G1 X113.491 Y114.178 E.02022
G1 X113.849 Y113.849 E.01605
G1 X116.939 Y116.939 E.14428
G1 X117.16 Y116.557 E.01457
G1 X117.31 Y115.902 E.02219
G1 X117.256 Y115.38 E.01733
G1 X117.086 Y114.835 E.01885
G1 X116.783 Y114.217 E.02273
G1 X113.707 Y117.293 E.14363
G1 X114.078 Y117.537 E.01466
G1 X114.652 Y117.75 E.02021
G1 X115.24 Y117.811 E.01952
G1 X115.955 Y117.672 E.02405
;LAYER_CHANGE
;Z:17.6
;HEIGHT:0.200001
;BEFORE_LAYER_CHANGE
G92 E0
;17.6


G1 E-3.5 F3600
;WIPE_START
G1 F7200
G1 X115.24 Y117.811 E-.34598
G1 X114.652 Y117.75 E-.2808
G1 X114.078 Y117.537 E-.29082
G1 X113.707 Y117.293 E-.21092
G1 X114.26 Y116.74 E-.37148
;WIPE_END
G1 Z17.6 F9000
;AFTER_LAYER_CHANGE
;17.6
G1 X112.915 Y116.515
G1 E5 F2400
;TYPE:Perimeter
;WIDTH:0.439999
G1 F900
G1 X112.861 Y116.422 E.00355
G1 X112.787 Y115.928 E.01649
G1 X112.824 Y115.366 E.0186
G1 X112.941 Y114.877 E.0166
G1 X113.161 Y114.407 E.01713
G1 X113.459 Y113.978 E.01725
G1 X113.816 Y113.643 E.01616
G1 X114.239 Y113.362 E.01677
G1 X114.839 Y113.143 E.02109
G1 X115.455 Y113.082 E.02044
G1 X116.047 Y113.176 E.01979
G1 X116.578 Y113.406 E.01911
G1 X116.996 Y113.73 E.01746
G1 X117.342 Y114.181 E.01877
G1 X117.573 Y114.729 E.01964
G1 X117.757 Y115.318 E.02037
G1 X117.795 Y116.14 E.02717
G1 X117.641 Y116.678 E.01848
G1 X117.347 Y117.176 E.01909
G1 X116.923 Y117.6 E.0198
G1 X116.389 Y117.913 E.02044
G1 X115.945 Y118.051 E.01535
G1 X115.448 Y118.117 E.01655
G1 X114.965 Y118.079 E.016
G1 X114.454 Y117.95 E.0174
G1 X113.964 Y117.704 E.0181
G1 X113.554 Y117.403 E.01679
G1 X113.193 Y117.001 E.01784
G1 X112.944 Y116.567 E.01652
G1 X112.554 Y116.692 F9000
G1 F900
G1 X112.479 Y116.547 E.00539
G1 X112.419 Y116.155 E.01309
G1 X112.393 Y115.708 E.01478
G1 X112.456 Y115.14 E.01887
G1 X112.652 Y114.54 E.02084
G1 X112.921 Y114.03 E.01904
G1 X113.307 Y113.567 E.0199
G1 X113.732 Y113.203 E.01848
G1 X114.24 Y112.928 E.01907
G1 X114.751 Y112.755 E.01781
G1 X115.3 Y112.69 E.01825
G1 X115.819 Y112.718 E.01716
G1 X116.311 Y112.849 E.01681
G1 X116.782 Y113.064 E.01709
G1 X117.288 Y113.458 E.02117
G1 X117.688 Y113.98 E.02171
G1 X117.946 Y114.592 E.02193
G1 X118.148 Y115.238 E.02235
G1 X118.181 Y115.561 E.01072
G1 X118.199 Y116.079 E.01711
G1 X118.119 Y116.521 E.01483
G1 X117.926 Y116.993 E.01684
G1 X117.662 Y117.42 E.01658
G1 X117.293 Y117.803 E.01756
G1 X116.87 Y118.115 E.01735
G1 X116.363 Y118.344 E.01837
G1 X115.835 Y118.482 E.01802
G1 X115.252 Y118.507 E.01927
G1 X114.692 Y118.436 E.01864
G1 X114.116 Y118.234 E.02015
G1 X113.607 Y117.952 E.01921
G1 X113.11 Y117.517 E.02181
G1 X112.754 Y117.078 E.01866
G1 X112.582 Y116.746 E.01235
G1 X112.207 Y116.863 F9000
;TYPE:External perimeter
;WIDTH:0.419999
G1 F900
G1 X112.106 Y116.668 E.00689
G1 X112.001 Y115.98 E.02182
G1 X112.036 Y115.335 E.02025
G1 X112.145 Y114.813 E.01672
G1 X112.374 Y114.202 E.02046
G1 X112.742 Y113.625 E.02146
G1 X113.172 Y113.151 E.02007
G1 X113.708 Y112.767 E.02067
G1 X114.265 Y112.495 E.01944
G1 X114.88 Y112.342 E.01987
G1 X115.479 Y112.297 E.01883
G1 X116.085 Y112.38 E.01918
G1 X116.636 Y112.554 E.01812
G1 X117.173 Y112.863 E.01943
G1 X117.573 Y113.194 E.01628
G1 X118.025 Y113.784 E.0233
G1 X118.31 Y114.459 E.02297
G1 X118.529 Y115.159 E.023
G1 X118.573 Y115.584 E.0134
G1 X118.572 Y116.259 E.02116
G1 X118.424 Y116.818 E.01813
G1 X118.188 Y117.333 E.01776
G1 X117.832 Y117.813 E.01874
G1 X117.404 Y118.221 E.01854
G1 X116.874 Y118.547 E.01951
G1 X116.306 Y118.775 E.01919
G1 X115.668 Y118.885 E.0203
G1 X115.036 Y118.886 E.01982
G1 X114.377 Y118.746 E.02112
G1 X113.772 Y118.505 E.02042
G1 X113.228 Y118.146 E.02044
G1 X112.833 Y117.787 E.01674
G1 X112.425 Y117.285 E.02028
G1 X112.234 Y116.917 E.013
G1 X113.117 Y116.071 F9000
;TYPE:Internal infill
;WIDTH:0.44
G1 F900
G1 X113.098 Y115.606 E.01537
G1 X113.23 Y114.977 E.02122
G1 X113.507 Y114.42 E.02054
G1 X113.937 Y113.937 E.02135
G1 X117.051 Y117.051 E.1454
G1 X117.36 Y116.557 E.01924
G1 X117.51 Y115.902 E.02219
G1 X117.456 Y115.38 E.01733
G1 X117.286 Y114.835 E.01885
G1 X117.075 Y114.336 E.01789
G1 X116.897 Y114.103 E.00968
G1 X113.795 Y117.205 E.14484
G1 X114.278 Y117.537 E.01935
G1 X114.852 Y117.75 E.02021
G1 X115.44 Y117.811 E.01952
G1 X116.021 Y117.719 E.01942
;LAYER_CHANGE
;Z:17.8
;HEIGHT:0.199999
;BEFORE_LAYER_CHANGE
G92 E0
;17.8


G1 E-3.5 F3600
;WIPE_START
G1 F7200
G1 X115.44 Y117.811 E-.27941
G1 X114.852 Y117.75 E-.2808
G1 X114.278 Y117.537 E-.29082
G1 X113.795 Y117.205 E-.2784
G1 X114.347 Y116.653 E-.37057
;WIPE_END
G1 Z17.8 F9000
;AFTER_LAYER_CHANGE
;17.8
G1 X112.65 Y114.684
G1 E5 F2400
;TYPE:Perimeter
;WIDTH:0.439999
G1 F900
G1 X112.661 Y114.578 E.00352
G1 X112.993 Y113.999 E.02204
G1 X113.354 Y113.597 E.01784
G1 X113.804 Y113.271 E.01835
G1 X114.254 Y113.05 E.01655
G1 X114.732 Y112.926 E.0163
G1 X115.315 Y112.89 E.01929
G1 X115.89 Y112.981 E.01922
G1 X116.468 Y113.228 E.02075
G1 X116.95 Y113.6 E.0201
G1 X117.311 Y114.066 E.01946
G1 X117.536 Y114.589 E.0188
G1 X117.597 Y115.139 E.01827
G1 X117.568 Y115.647 E.0168
G1 X117.269 Y116.567 E.03194
G1 X117.109 Y116.842 E.0105
G1 X116.819 Y117.25 E.01653
G1 X116.378 Y117.594 E.01847
G1 X115.847 Y117.824 E.01911
G1 X115.256 Y117.918 E.01976
G1 X114.639 Y117.857 E.02047
G1 X114.199 Y117.708 E.01534
G1 X113.758 Y117.469 E.01656
G1 X113.39 Y117.155 E.01597
G1 X113.052 Y116.75 E.01742
G1 X112.8 Y116.263 E.0181
G1 X112.645 Y115.778 E.01681
G1 X112.59 Y115.241 E.01782
G1 X112.643 Y114.744 E.0165
G1 X112.254 Y114.616 F9000
G1 F900
G1 X112.279 Y114.453 E.00544
G1 X112.554 Y113.922 E.01974
G1 X112.968 Y113.424 E.02138
G1 X113.407 Y113.048 E.01908
G1 X113.951 Y112.75 E.02048
G1 X114.492 Y112.564 E.01889
G1 X115.078 Y112.497 E.01947
G1 X115.636 Y112.519 E.01844
G1 X116.184 Y112.664 E.01872
G1 X116.67 Y112.885 E.01763
G1 X117.107 Y113.209 E.01796
G1 X117.462 Y113.58 E.01695
G1 X117.725 Y114.004 E.01647
G1 X117.919 Y114.479 E.01694
G1 X117.998 Y115.295 E.02707
G1 X117.954 Y115.741 E.0148
G1 X117.633 Y116.73 E.03433
G1 X117.302 Y117.3 E.02176
G1 X116.857 Y117.748 E.02085
G1 X116.423 Y118.017 E.01686
G1 X115.959 Y118.206 E.01654
G1 X115.435 Y118.3 E.01758
G1 X114.91 Y118.303 E.01733
G1 X114.364 Y118.19 E.01841
G1 X113.856 Y117.991 E.01801
G1 X113.37 Y117.669 E.01925
G1 X112.959 Y117.283 E.01862
G1 X112.611 Y116.781 E.02017
G1 X112.365 Y116.254 E.0192
G1 X112.219 Y115.61 E.0218
G1 X112.189 Y115.045 E.01868
G1 X112.245 Y114.675 E.01236
G1 X111.873 Y114.55 F9000
;TYPE:External perimeter
;WIDTH:0.419999
G1 F900
G1 X111.906 Y114.332 E.00691
G1 X112.225 Y113.715 E.02178
G1 X112.633 Y113.213 E.02028
G1 X113.028 Y112.854 E.01674
G1 X113.572 Y112.495 E.02044
G1 X114.211 Y112.244 E.02153
G1 X114.833 Y112.115 E.01992
G1 X115.341 Y112.105 E.01593
G1 X115.912 Y112.183 E.01807
G1 X116.499 Y112.365 E.01927
G1 X117.044 Y112.671 E.0196
G1 X117.506 Y113.045 E.01864
G1 X117.886 Y113.517 E.019
G1 X118.163 Y114.012 E.01779
G1 X118.323 Y114.518 E.01664
G1 X118.385 Y115.285 E.02413
G1 X118.331 Y115.833 E.01727
G1 X117.988 Y116.889 E.03481
G1 X117.618 Y117.526 E.0231
G1 X117.377 Y117.802 E.01149
G1 X116.928 Y118.168 E.01816
G1 X116.436 Y118.446 E.01772
G1 X115.865 Y118.624 E.01875
G1 X115.279 Y118.703 E.01854
G1 X114.659 Y118.655 E.0195
G1 X114.065 Y118.505 E.01921
G1 X113.484 Y118.219 E.0203
G1 X112.972 Y117.849 E.01981
G1 X112.521 Y117.348 E.02114
G1 X112.174 Y116.798 E.02039
G1 X111.945 Y116.187 E.02046
G1 X111.836 Y115.665 E.01672
G1 X111.801 Y115.02 E.02025
G1 X111.864 Y114.609 E.01304
G1 X112.97 Y115.806 F9000
;TYPE:Internal infill
;WIDTH:0.44
G1 F900
G1 X112.893 Y115.092 E.02371
G1 X112.956 Y114.673 E.01399
G1 X113.333 Y114.056 E.02387
G1 X113.707 Y113.707 E.01689
G1 X116.787 Y116.787 E.14382
G1 X116.988 Y116.441 E.01321
G1 X117.297 Y115.408 E.0356
G1 X117.242 Y114.673 E.02434
G1 X116.939 Y114.061 E.02255
G1 X113.849 Y117.151 E.14428
G1 X114.44 Y117.48 E.02233
G1 X114.978 Y117.602 E.01821
G1 X115.509 Y117.587 E.01754
G1 X116.094 Y117.396 E.02032
;LAYER_CHANGE
;Z:18
;HEIGHT:0.200001
;BEFORE_LAYER_CHANGE
G92 E0
;18


G1 E-3.5 F3600
;WIPE_START
G1 F7200
G1 X115.509 Y117.587 E-.29231
G1 X114.978 Y117.602 E-.25233
G1 X114.44 Y117.48 E-.26204
G1 X113.849 Y117.151 E-.32129
G1 X114.403 Y116.597 E-.37203
;WIPE_END
G1 Z18 F9000
;AFTER_LAYER_CHANGE
;18
G1 X113.674 Y113.165
G1 E5 F2400
;TYPE:Perimeter
;WIDTH:0.439999
G1 F900
G1 X113.746 Y113.085 E.00355
G1 X114.354 Y112.812 E.02201
G1 X114.877 Y112.7 E.01766
G1 X115.436 Y112.7 E.01846
G1 X115.932 Y112.785 E.01662
G1 X116.393 Y112.967 E.01636
G1 X116.834 Y113.235 E.01704
G1 X117.296 Y113.691 E.02143
G1 X117.619 Y114.231 E.02078
G1 X117.79 Y114.816 E.02012
G1 X117.814 Y115.249 E.01432
G1 X117.782 Y115.567 E.01055
G1 X117.643 Y116.05 E.01659
G1 X117.409 Y116.44 E.01502
G1 X117.086 Y116.834 E.01682
G1 X116.304 Y117.403 E.03193
G1 X116.013 Y117.531 E.0105
G1 X115.539 Y117.691 E.01652
G1 X114.98 Y117.71 E.01847
G1 X114.415 Y117.585 E.01911
G1 X113.881 Y117.312 E.0198
G1 X113.418 Y116.901 E.02044
G1 X113.15 Y116.522 E.01533
G1 X112.933 Y116.069 E.01658
G1 X112.82 Y115.598 E.01599
G1 X112.785 Y115.072 E.01741
G1 X112.867 Y114.529 E.01813
G1 X113.027 Y114.047 E.01677
G1 X113.298 Y113.579 E.01786
G1 X113.634 Y113.209 E.0165
G1 X113.394 Y112.877 F9000
G1 F900
G1 X113.509 Y112.76 E.00542
G1 X113.863 Y112.582 E.01308
G1 X114.28 Y112.42 E.01477
G1 X114.837 Y112.304 E.01879
G1 X115.468 Y112.305 E.02083
G1 X116.039 Y112.402 E.01912
G1 X116.599 Y112.626 E.01991
G1 X117.076 Y112.919 E.01848
G1 X117.494 Y113.316 E.01903
G1 X117.818 Y113.749 E.01786
G1 X118.048 Y114.25 E.0182
G1 X118.183 Y114.753 E.0172
G1 X118.21 Y115.262 E.01683
G1 X118.151 Y115.776 E.01708
G1 X117.932 Y116.379 E.02118
G1 X117.641 Y116.802 E.01695
G1 X117.344 Y117.138 E.01481
G1 X116.503 Y117.749 E.03432
G1 X115.9 Y118.015 E.02176
G1 X115.277 Y118.116 E.02084
G1 X114.768 Y118.079 E.01685
G1 X114.28 Y117.959 E.01659
G1 X113.802 Y117.727 E.01754
G1 X113.375 Y117.421 E.01734
G1 X113 Y117.009 E.01839
G1 X112.706 Y116.549 E.01803
G1 X112.502 Y116.003 E.01924
G1 X112.396 Y115.449 E.01862
G1 X112.41 Y114.839 E.02015
G1 X112.521 Y114.267 E.01924
G1 X112.781 Y113.66 E.0218
G1 X113.089 Y113.186 E.01866
G1 X113.352 Y112.919 E.01237
G1 X113.124 Y112.599 F9000
;TYPE:External perimeter
;WIDTH:0.419999
G1 F900
G1 X113.278 Y112.442 E.0069
G1 X113.69 Y112.236 E.01444
G1 X114.167 Y112.049 E.01606
G1 X114.798 Y111.918 E.02021
G1 X115.5 Y111.919 E.02201
G1 X116.144 Y112.029 E.02048
G1 X116.772 Y112.28 E.0212
G1 X117.312 Y112.611 E.01986
G1 X117.783 Y113.059 E.02038
G1 X118.151 Y113.551 E.01926
G1 X118.412 Y114.119 E.0196
G1 X118.566 Y114.692 E.0186
G1 X118.591 Y115.48 E.02472
G1 X118.463 Y116.086 E.01942
G1 X118.272 Y116.569 E.01629
G1 X117.96 Y117.022 E.01725
G1 X117.595 Y117.434 E.01726
G1 X116.697 Y118.086 E.03479
G1 X116.022 Y118.384 E.02313
G1 X115.666 Y118.466 E.01145
G1 X115.088 Y118.498 E.01815
G1 X114.526 Y118.433 E.01774
G1 X113.959 Y118.242 E.01876
G1 X113.439 Y117.961 E.01853
G1 X112.965 Y117.558 E.01951
G1 X112.572 Y117.088 E.01921
G1 X112.271 Y116.515 E.02029
G1 X112.075 Y115.914 E.01982
G1 X112.004 Y115.244 E.02112
G1 X112.046 Y114.595 E.02039
G1 X112.22 Y113.967 E.02043
G1 X112.439 Y113.48 E.01674
G1 X112.79 Y112.937 E.02027
G1 X113.082 Y112.642 E.01301
G1 E-3.5 F3600
;WIPE_START
G1 F7200
G1 X113.124 Y112.599 E-.02855
G1 X113.278 Y112.442 E-.10446
G1 X113.69 Y112.236 E-.2188
G1 X114.167 Y112.049 E-.24336
G1 X114.798 Y111.918 E-.30612
G1 X115.5 Y111.919 E-.33345
G1 X116.05 Y112.013 E-.26526
;WIPE_END
G1 X115.823 Y113.075 F9000
G1 E5 F2400
;TYPE:Internal infill
;WIDTH:0.44
G1 F900
G1 X115.389 Y113.003 E.01453
G1 X114.595 Y113.058 E.02628
G1 X113.928 Y113.336 E.02386
G1 X113.634 Y113.634 E.01382
G1 X116.721 Y116.721 E.14414
G1 X116.15 Y117.136 E.02331
G1 X115.489 Y117.388 E.02336
G1 X114.762 Y117.367 E.02401
G1 X114.281 Y117.194 E.01688
G1 X113.99 Y117.01 E.01137
G1 X117.082 Y113.918 E.14438
G1 X117.43 Y114.606 E.02546
G1 X117.512 Y115.121 E.01722
G1 X117.464 Y115.621 E.01658
G1 X117.236 Y116.152 E.01908
;LAYER_CHANGE
;Z:18.2
;HEIGHT:0.200001
;BEFORE_LAYER_CHANGE
G92 E0
;18.2


G1 E-3.5 F3600
;WIPE_START
G1 F7200
G1 X117.464 Y115.621 E-.27449
G1 X117.512 Y115.121 E-.23859
G1 X117.43 Y114.606 E-.24771
G1 X117.082 Y113.918 E-.36623
G1 X116.527 Y114.473 E-.37298
;WIPE_END
G1 Z18.2 F9000
;AFTER_LAYER_CHANGE
;18.2
G1 X113.643 Y113.042
G1 E5 F2400
;TYPE:Perimeter
;WIDTH:0.439999
G1 F900
G1 X114.154 Y112.812 E.0185
G1 X114.677 Y112.7 E.01766
G1 X115.236 Y112.7 E.01846
G1 X115.732 Y112.785 E.01662
G1 X116.193 Y112.967 E.01636
G1 X116.634 Y113.235 E.01704
G1 X117.096 Y113.691 E.02143
G1 X117.419 Y114.231 E.02078
G1 X117.59 Y114.816 E.02012
G1 X117.614 Y115.249 E.01432
G1 X117.582 Y115.567 E.01055
G1 X117.443 Y116.05 E.01659
G1 X117.209 Y116.44 E.01502
G1 X116.886 Y116.834 E.01682
G1 X116.104 Y117.403 E.03193
G1 X115.813 Y117.531 E.0105
G1 X115.339 Y117.691 E.01652
G1 X114.78 Y117.71 E.01847
G1 X114.215 Y117.585 E.01911
G1 X113.681 Y117.312 E.0198
G1 X113.218 Y116.901 E.02044
G1 X112.95 Y116.522 E.01533
G1 X112.733 Y116.069 E.01658
G1 X112.62 Y115.598 E.01599
G1 X112.585 Y115.072 E.01741
G1 X112.667 Y114.529 E.01813
G1 X112.827 Y114.047 E.01677
G1 X113.098 Y113.579 E.01786
G1 X113.546 Y113.085 E.02202
G1 X113.589 Y113.066 E.00155
G1 X113.456 Y112.686 F9000
G1 F900
G1 X113.663 Y112.582 E.00765
G1 X114.08 Y112.42 E.01477
G1 X114.637 Y112.304 E.01879
G1 X115.268 Y112.305 E.02083
G1 X115.839 Y112.402 E.01912
G1 X116.399 Y112.626 E.01991
G1 X116.876 Y112.919 E.01848
G1 X117.294 Y113.316 E.01903
G1 X117.618 Y113.749 E.01786
G1 X117.848 Y114.25 E.0182
G1 X117.983 Y114.753 E.0172
G1 X118.01 Y115.262 E.01683
G1 X117.951 Y115.776 E.01708
G1 X117.732 Y116.379 E.02118
G1 X117.441 Y116.802 E.01695
G1 X117.144 Y117.138 E.01481
G1 X116.303 Y117.749 E.03432
G1 X115.7 Y118.015 E.02176
G1 X115.077 Y118.116 E.02084
G1 X114.568 Y118.079 E.01685
G1 X114.08 Y117.959 E.01659
G1 X113.602 Y117.727 E.01754
G1 X113.175 Y117.421 E.01734
G1 X112.8 Y117.009 E.01839
G1 X112.506 Y116.549 E.01803
G1 X112.302 Y116.003 E.01924
G1 X112.196 Y115.449 E.01862
G1 X112.21 Y114.839 E.02015
G1 X112.321 Y114.267 E.01924
G1 X112.581 Y113.66 E.0218
G1 X112.889 Y113.186 E.01866
G1 X113.309 Y112.76 E.01975
G1 X113.402 Y112.713 E.00344
G1 X113.275 Y112.344 F9000
;TYPE:External perimeter
;WIDTH:0.419999
G1 F900
G1 X113.49 Y112.236 E.00754
G1 X113.967 Y112.049 E.01606
G1 X114.598 Y111.918 E.02021
G1 X115.3 Y111.919 E.02201
G1 X115.944 Y112.029 E.02048
G1 X116.572 Y112.28 E.0212
G1 X117.112 Y112.611 E.01986
G1 X117.583 Y113.059 E.02038
G1 X117.951 Y113.551 E.01926
G1 X118.212 Y114.119 E.0196
G1 X118.366 Y114.692 E.0186
G1 X118.391 Y115.48 E.02472
G1 X118.263 Y116.086 E.01942
G1 X118.072 Y116.569 E.01629
G1 X117.76 Y117.022 E.01725
G1 X117.395 Y117.434 E.01726
G1 X116.497 Y118.086 E.03479
G1 X115.822 Y118.384 E.02313
G1 X115.466 Y118.466 E.01145
G1 X114.888 Y118.498 E.01815
G1 X114.326 Y118.433 E.01774
G1 X113.759 Y118.242 E.01876
G1 X113.239 Y117.961 E.01853
G1 X112.765 Y117.558 E.01951
G1 X112.372 Y117.088 E.01921
G1 X112.071 Y116.515 E.02029
G1 X111.875 Y115.914 E.01982
G1 X111.804 Y115.244 E.02112
G1 X111.846 Y114.595 E.02039
G1 X112.02 Y113.967 E.02043
G1 X112.239 Y113.48 E.01674
G1 X112.59 Y112.937 E.02027
G1 X113.078 Y112.442 E.02179
G1 X113.222 Y112.371 E.00503
G1 E-3.5 F3600
;WIPE_START
G1 F7200
G1 X113.275 Y112.344 E-.02825
G1 X113.49 Y112.236 E-.11429
G1 X113.967 Y112.049 E-.24336
G1 X114.598 Y111.918 E-.30612
G1 X115.3 Y111.919 E-.33345
G1 X115.944 Y112.029 E-.31033
G1 X116.265 Y112.157 E-.1642
;WIPE_END
G1 X113.664 Y114.558 F9000
G1 E5 F2400
;TYPE:Internal infill
;WIDTH:0.44
G1 F900
G1 X113.573 Y115.106 E.01834
G1 X113.621 Y115.635 E.01754
G1 X113.919 Y116.329 E.02494
G1 X114.279 Y116.721 E.01757
G1 X116.963 Y114.037 E.12533
G1 X117.23 Y114.606 E.02075
G1 X117.303 Y115.375 E.0255
G1 X117.116 Y116.036 E.02268
G1 X116.637 Y116.637 E.02537
G1 X113.954 Y113.954 E.12528
G1 X114.26 Y113.578 E.01601
G1 X114.785 Y113.184 E.02167
G1 X114.701 Y113.006 E.0065
G1 X115.348 Y113.016 E.02136
G1 X115.731 Y113.109 E.01301
G1 E-3.5 F3600
;WIPE_START
G1 F7200
G1 X115.348 Y113.016 E-.18721
G1 X114.701 Y113.006 E-.30736
G1 X114.785 Y113.184 E-.09349
G1 X114.26 Y113.578 E-.31179
G1 X113.954 Y113.954 E-.23027
G1 X114.505 Y114.505 E-.36988
;WIPE_END
G1 X114.811 Y117.417 F9000
G1 E5 F2400
;TYPE:Solid infill
;WIDTH:0.460699
G1 F900
G1 X114.57 Y117.341 E.00878
;WIDTH:0.505234
G1 X114.33 Y117.264 E.00969
;WIDTH:0.54712
G1 X114.113 Y117.13 E.01069
;WIDTH:0.589006
G1 X113.897 Y116.996 E.01154
;WIDTH:0.62241
G1 X113.714 Y116.812 E.0125
;WIDTH:0.655814
G1 X113.531 Y116.627 E.01326
;WIDTH:0.701416
G1 X113.254 Y116.174 E.02907
;WIDTH:0.722938
G1 X113.083 Y115.654 E.03095
G1 X113.037 Y115.123 E.03014
;WIDTH:0.721596
G1 X113.13 Y114.512 E.03488
;WIDTH:0.717634
G1 X113.37 Y113.942 E.0347
;WIDTH:0.688568
G1 X113.514 Y113.707 E.0148
;WIDTH:0.657098
G1 X113.78 Y113.408 E.02044
;LAYER_CHANGE
;Z:18.4
;HEIGHT:0.199999
;BEFORE_LAYER_CHANGE
G92 E0
;18.4


G1 E-3.5 F3600
;WIPE_START
G1 F7200
G1 X113.514 Y113.707 E-.19009
G1 X113.37 Y113.942 E-.13091
G1 X113.13 Y114.512 E-.29377
G1 X113.037 Y115.123 E-.29357
G1 X113.083 Y115.654 E-.25317
G1 X113.254 Y116.174 E-.26001
G1 X113.34 Y116.315 E-.07848
;WIPE_END
G1 Z18.4 F9000
;AFTER_LAYER_CHANGE
;18.4
G1 X115.395 Y112.537
G1 E5 F2400
;TYPE:Perimeter
;WIDTH:0.439999
G1 F900
G1 X115.5 Y112.515 E.00354
G1 X115.993 Y112.597 E.0165
G1 X116.516 Y112.806 E.0186
G1 X116.945 Y113.069 E.01661
G1 X117.322 Y113.421 E.01703
G1 X117.64 Y113.84 E.01737
G1 X117.849 Y114.282 E.01614
G1 X117.985 Y114.771 E.01676
G1 X118.008 Y115.41 E.02111
G1 X117.875 Y116.015 E.02045
G1 X117.603 Y116.549 E.01979
G1 X117.307 Y116.896 E.01506
G1 X116.911 Y117.205 E.01658
G1 X116.491 Y117.382 E.01505
G1 X115.999 Y117.512 E.0168
G1 X115.032 Y117.512 E.03193
G1 X114.721 Y117.445 E.0105
G1 X114.244 Y117.295 E.01651
G1 X113.78 Y116.982 E.01848
G1 X113.397 Y116.549 E.01909
G1 X113.125 Y116.015 E.01979
G1 X112.992 Y115.41 E.02045
G1 X112.998 Y114.945 E.01535
G1 X113.089 Y114.452 E.01655
G1 X113.274 Y114.004 E.016
G1 X113.555 Y113.558 E.0174
G1 X113.94 Y113.167 E.01812
G1 X114.353 Y112.871 E.01678
G1 X114.847 Y112.652 E.01784
G1 X115.337 Y112.55 E.01653
G1 X115.338 Y112.14 F9000
G1 F900
G1 X115.5 Y112.113 E.00542
G1 X116.091 Y112.211 E.01978
G1 X116.692 Y112.45 E.02135
G1 X117.186 Y112.751 E.0191
G1 X117.637 Y113.177 E.02048
G1 X117.981 Y113.634 E.01889
G1 X118.232 Y114.173 E.01963
G1 X118.377 Y114.707 E.01827
G1 X118.404 Y115.446 E.02442
G1 X118.296 Y115.987 E.01821
G1 X118.109 Y116.473 E.01719
G1 X117.833 Y116.901 E.01681
G1 X117.482 Y117.282 E.0171
G1 X116.951 Y117.641 E.02116
G1 X116.467 Y117.812 E.01695
G1 X116.029 Y117.909 E.01481
G1 X114.99 Y117.909 E.0343
G1 X114.345 Y117.77 E.02179
G1 X113.782 Y117.485 E.02083
G1 X113.392 Y117.156 E.01685
G1 X113.068 Y116.772 E.01659
G1 X112.817 Y116.303 E.01756
G1 X112.651 Y115.805 E.01733
G1 X112.591 Y115.251 E.0184
G1 X112.623 Y114.707 E.01799
G1 X112.779 Y114.145 E.01926
G1 X113.019 Y113.634 E.01864
G1 X113.389 Y113.149 E.02014
G1 X113.814 Y112.751 E.01922
G1 X114.382 Y112.414 E.02181
G1 X114.909 Y112.211 E.01865
G1 X115.279 Y112.149 E.01239
G1 X115.283 Y111.756 F9000
;TYPE:External perimeter
;WIDTH:0.419999
G1 F900
G1 X115.5 Y111.721 E.00689
G1 X116.186 Y111.834 E.0218
G1 X116.864 Y112.103 E.02287
G1 X117.42 Y112.442 E.02042
G1 X117.925 Y112.919 E.02178
G1 X118.313 Y113.434 E.02022
G1 X118.595 Y114.039 E.02093
G1 X118.76 Y114.644 E.01966
G1 X118.796 Y115.262 E.01941
G1 X118.757 Y115.696 E.01366
G1 X118.614 Y116.28 E.01885
G1 X118.348 Y116.83 E.01916
G1 X118.012 Y117.3 E.01811
G1 X117.553 Y117.716 E.01942
G1 X117.115 Y117.994 E.01627
G1 X116.595 Y118.177 E.01728
G1 X116.058 Y118.296 E.01725
G1 X114.948 Y118.296 E.0348
G1 X114.228 Y118.14 E.0231
G1 X113.891 Y117.997 E.01148
G1 X113.404 Y117.683 E.01817
G1 X112.988 Y117.3 E.01773
G1 X112.642 Y116.813 E.01873
G1 X112.386 Y116.28 E.01854
G1 X112.24 Y115.675 E.01951
G1 X112.198 Y115.064 E.0192
G1 X112.291 Y114.423 E.02031
G1 X112.485 Y113.822 E.0198
G1 X112.822 Y113.238 E.02114
G1 X113.238 Y112.738 E.02039
G1 X113.748 Y112.331 E.02046
G1 X114.211 Y112.067 E.01671
G1 X114.814 Y111.834 E.02027
G1 X115.224 Y111.766 E.01303
G1 X115.851 Y112.883 F9000
;TYPE:Internal infill
;WIDTH:0.44
G1 F900
G1 X115.5 Y112.825 E.01175
G1 X114.797 Y112.993 E.02386
G1 X114.24 Y113.313 E.02121
G1 X113.776 Y113.776 E.02164
G1 X116.868 Y116.868 E.14438
G1 X116.143 Y117.181 E.02607
G1 X115.064 Y117.206 E.03564
G1 X114.559 Y117.097 E.01706
G1 X114.132 Y116.868 E.016
G1 X117.224 Y113.776 E.14438
G1 X117.516 Y114.263 E.01875
G1 X117.682 Y114.821 E.01922
G1 X117.703 Y115.382 E.01854
G1 X117.537 Y116.026 E.02196
;LAYER_CHANGE
;Z:18.6
;HEIGHT:0.200001
;BEFORE_LAYER_CHANGE
G92 E0
;18.6


G1 E-3.5 F3600
;WIPE_START
G1 F7200
G1 X117.703 Y115.382 E-.3159
G1 X117.682 Y114.821 E-.26666
G1 X117.516 Y114.263 E-.27653
G1 X117.224 Y113.776 E-.26972
G1 X116.671 Y114.329 E-.37119
;WIPE_END
G1 Z18.6 F9000
;AFTER_LAYER_CHANGE
;18.6
G1 X115.805 Y112.533
G1 E5 F2400
;TYPE:Perimeter
;WIDTH:0.439999
G1 F900
G1 X116.193 Y112.597 E.01298
G1 X116.716 Y112.806 E.0186
G1 X117.145 Y113.069 E.01661
G1 X117.522 Y113.421 E.01703
G1 X117.84 Y113.84 E.01737
G1 X118.049 Y114.282 E.01614
G1 X118.185 Y114.771 E.01676
G1 X118.208 Y115.41 E.02111
G1 X118.075 Y116.015 E.02045
G1 X117.803 Y116.549 E.01979
G1 X117.507 Y116.896 E.01506
G1 X117.111 Y117.205 E.01658
G1 X116.691 Y117.382 E.01505
G1 X116.199 Y117.512 E.0168
G1 X115.232 Y117.512 E.03193
G1 X114.921 Y117.445 E.0105
G1 X114.444 Y117.295 E.01651
G1 X113.98 Y116.982 E.01848
G1 X113.597 Y116.549 E.01909
G1 X113.325 Y116.015 E.01979
G1 X113.192 Y115.41 E.02045
G1 X113.198 Y114.945 E.01535
G1 X113.289 Y114.452 E.01655
G1 X113.474 Y114.004 E.016
G1 X113.755 Y113.558 E.0174
G1 X114.14 Y113.167 E.01812
G1 X114.553 Y112.871 E.01678
G1 X115.047 Y112.652 E.01784
G1 X115.7 Y112.515 E.02203
G1 X115.746 Y112.523 E.00154
G1 X115.862 Y112.14 F9000
G1 F900
G1 X116.291 Y112.211 E.01436
G1 X116.892 Y112.45 E.02135
G1 X117.386 Y112.751 E.0191
G1 X117.837 Y113.177 E.02048
G1 X118.181 Y113.634 E.01889
G1 X118.432 Y114.173 E.01963
G1 X118.577 Y114.707 E.01827
G1 X118.604 Y115.446 E.02442
G1 X118.496 Y115.987 E.01821
G1 X118.309 Y116.473 E.01719
G1 X118.033 Y116.901 E.01681
G1 X117.682 Y117.282 E.0171
G1 X117.151 Y117.641 E.02116
G1 X116.667 Y117.812 E.01695
G1 X116.229 Y117.909 E.01481
G1 X115.19 Y117.909 E.0343
G1 X114.545 Y117.77 E.02179
G1 X113.982 Y117.485 E.02083
G1 X113.592 Y117.156 E.01685
G1 X113.268 Y116.772 E.01659
G1 X113.017 Y116.303 E.01756
G1 X112.851 Y115.805 E.01733
G1 X112.791 Y115.251 E.0184
G1 X112.823 Y114.707 E.01799
G1 X112.979 Y114.145 E.01926
G1 X113.219 Y113.634 E.01864
G1 X113.589 Y113.149 E.02014
G1 X114.014 Y112.751 E.01922
G1 X114.582 Y112.414 E.02181
G1 X115.109 Y112.211 E.01865
G1 X115.7 Y112.113 E.01978
G1 X115.803 Y112.13 E.00345
G1 X115.917 Y111.756 F9000
;TYPE:External perimeter
;WIDTH:0.419999
G1 F900
G1 X116.386 Y111.834 E.01491
G1 X117.064 Y112.103 E.02287
G1 X117.62 Y112.442 E.02042
G1 X118.125 Y112.919 E.02178
G1 X118.513 Y113.434 E.02022
G1 X118.795 Y114.039 E.02093
G1 X118.96 Y114.644 E.01966
G1 X118.996 Y115.262 E.01941
G1 X118.957 Y115.696 E.01366
G1 X118.814 Y116.28 E.01885
G1 X118.548 Y116.83 E.01916
G1 X118.212 Y117.3 E.01811
G1 X117.753 Y117.716 E.01942
G1 X117.315 Y117.994 E.01627
G1 X116.795 Y118.177 E.01728
G1 X116.258 Y118.296 E.01725
G1 X115.148 Y118.296 E.0348
G1 X114.428 Y118.14 E.0231
G1 X114.091 Y117.997 E.01148
G1 X113.604 Y117.683 E.01817
G1 X113.188 Y117.3 E.01773
G1 X112.842 Y116.813 E.01873
G1 X112.586 Y116.28 E.01854
G1 X112.44 Y115.675 E.01951
G1 X112.398 Y115.064 E.0192
G1 X112.491 Y114.423 E.02031
G1 X112.685 Y113.822 E.0198
G1 X113.022 Y113.238 E.02114
G1 X113.438 Y112.738 E.02039
G1 X113.948 Y112.331 E.02046
G1 X114.411 Y112.067 E.01671
G1 X115.014 Y111.834 E.02027
G1 X115.7 Y111.721 E.0218
G1 X115.858 Y111.747 E.00502
G1 X115.912 Y113.279 F9000
;TYPE:Internal infill
;WIDTH:0.44
G1 F900
G1 X115.481 Y113.298 E.01424
G1 X114.964 Y113.445 E.01775
G1 X114.205 Y113.919 E.02955
G1 X114.038 Y113.7 E.00909
G1 X113.894 Y113.894 E.00798
G1 X116.577 Y116.577 E.12528
G1 X117.042 Y115.995 E.0246
G1 X117.22 Y115.367 E.02155
G1 X117.149 Y114.63 E.02445
G1 X116.903 Y114.097 E.01938
G1 X114.219 Y116.781 E.12533
G1 X113.85 Y116.376 E.01809
G1 X113.614 Y115.911 E.01722
G1 X113.497 Y115.382 E.01789
G1 X113.564 Y114.621 E.02522
G1 X114.3 Y113.415 F9000
;TYPE:Solid infill
;WIDTH:0.42859
G1 F900
G1 X114.791 Y113.096 E.01878
;WIDTH:0.457971
G1 X115.043 Y113.006 E.00923
;WIDTH:0.487352
G1 X115.295 Y112.916 E.00989
;WIDTH:0.50776
G1 X115.7 Y112.86 E.0158
G1 X116.107 Y112.907 E.01584
;WIDTH:0.516959
G1 X116.385 Y113.05 E.01232
;WIDTH:0.565296
G1 X116.662 Y113.192 E.01352
;WIDTH:0.601164
G1 X116.895 Y113.391 E.01422
;WIDTH:0.637032
G1 X117.128 Y113.59 E.01514
;WIDTH:0.662835
G1 X117.299 Y113.827 E.01506
;WIDTH:0.688638
G1 X117.47 Y114.063 E.01565
;WIDTH:0.702854
G1 X117.667 Y114.528 E.02771
;WIDTH:0.720566
G1 X117.762 Y115.071 E.03106
;WIDTH:0.722552
G1 X117.721 Y115.622 E.03122
G1 X117.618 Y115.906 E.01707
;WIDTH:0.696832
G1 X117.516 Y116.19 E.01641
;WIDTH:0.671112
G1 X117.322 Y116.448 E.01686
;WIDTH:0.632567
G1 X117.129 Y116.705 E.01576
;WIDTH:0.594022
G1 X116.831 Y116.951 E.01771
;LAYER_CHANGE
;Z:18.8
;HEIGHT:0.199999
;BEFORE_LAYER_CHANGE
G92 E0
;18.8


G1 E-3.5 F3600
;WIPE_START
G1 F7200
G1 X117.129 Y116.705 E-.18355
G1 X117.322 Y116.448 E-.15267
G1 X117.516 Y116.19 E-.15333
G1 X117.618 Y115.906 E-.14334
G1 X117.721 Y115.622 E-.1435
G1 X117.762 Y115.071 E-.26245
G1 X117.667 Y114.528 E-.26184
G1 X117.503 Y114.142 E-.19932
;WIPE_END
G1 Z18.8 F9000
;AFTER_LAYER_CHANGE
;18.8
G1 X117.329 Y113.161
G1 E5 F2400
;TYPE:Perimeter
;WIDTH:0.439999
G1 F900
G1 X117.487 Y113.321 E.00742
G1 X117.804 Y113.726 E.01698
G1 X118.045 Y114.241 E.01877
G1 X118.179 Y114.726 E.01661
G1 X118.208 Y115.415 E.02277
G1 X118.116 Y115.895 E.01614
G1 X117.938 Y116.371 E.01678
G1 X117.582 Y116.901 E.02108
G1 X117.119 Y117.312 E.02044
G1 X116.585 Y117.585 E.0198
G1 X116.02 Y117.71 E.01911
G1 X115.492 Y117.694 E.01744
G1 X114.947 Y117.532 E.01877
G1 X114.438 Y117.224 E.01964
G1 X113.943 Y116.856 E.02037
G1 X113.727 Y116.615 E.01069
G1 X113.428 Y116.214 E.01652
G1 X113.237 Y115.688 E.01848
G1 X113.182 Y115.112 E.0191
G1 X113.276 Y114.52 E.01979
G1 X113.524 Y113.953 E.02043
G1 X113.802 Y113.58 E.01536
G1 X114.166 Y113.235 E.01656
G1 X114.579 Y112.982 E.01599
G1 X115.068 Y112.785 E.01741
G1 X115.609 Y112.696 E.0181
G1 X116.118 Y112.699 E.01681
G1 X116.646 Y112.812 E.01783
G1 X117.254 Y113.085 E.02201
G1 X117.287 Y113.119 E.00156
G1 X117.606 Y112.877 F9000
G1 F900
G1 X117.769 Y113.042 E.00766
G1 X118.144 Y113.519 E.02003
G1 X118.417 Y114.102 E.02125
G1 X118.571 Y114.66 E.01911
G1 X118.609 Y115.236 E.01906
G1 X118.573 Y115.657 E.01395
G1 X118.442 Y116.201 E.01847
G1 X118.193 Y116.722 E.01907
G1 X117.881 Y117.163 E.01784
G1 X117.475 Y117.538 E.01825
G1 X117.039 Y117.821 E.01716
G1 X116.564 Y118.004 E.01681
G1 X116.056 Y118.106 E.01711
G1 X115.415 Y118.085 E.02118
G1 X114.785 Y117.898 E.0217
G1 X114.216 Y117.554 E.02195
G1 X113.673 Y117.151 E.02233
G1 X113.232 Y116.657 E.02186
G1 X112.943 Y116.096 E.02084
G1 X112.821 Y115.6 E.01686
G1 X112.784 Y115.1 E.01655
G1 X112.858 Y114.573 E.01757
G1 X113.016 Y114.072 E.01734
G1 X113.292 Y113.589 E.01837
G1 X113.639 Y113.167 E.01804
G1 X114.095 Y112.804 E.01924
G1 X114.59 Y112.532 E.01865
G1 X115.174 Y112.357 E.02013
G1 X115.752 Y112.286 E.01923
G1 X116.41 Y112.346 E.02182
G1 X116.956 Y112.492 E.01866
G1 X117.491 Y112.76 E.01976
G1 X117.564 Y112.834 E.00343
G1 X117.876 Y112.599 F9000
;TYPE:External perimeter
;WIDTH:0.419999
G1 F900
G1 X118.21 Y112.937 E.0149
G1 X118.561 Y113.48 E.02027
G1 X118.78 Y113.966 E.01671
G1 X118.954 Y114.595 E.02046
G1 X118.995 Y115.279 E.02148
G1 X118.925 Y115.914 E.02003
G1 X118.719 Y116.54 E.02066
G1 X118.428 Y117.088 E.01945
G1 X118.02 Y117.573 E.01987
G1 X117.561 Y117.961 E.01884
G1 X117.022 Y118.25 E.01918
G1 X116.474 Y118.433 E.01811
G1 X115.858 Y118.499 E.01942
G1 X115.34 Y118.467 E.01627
G1 X114.628 Y118.255 E.02329
G1 X114 Y117.876 E.023
G1 X113.411 Y117.438 E.02301
G1 X112.919 Y116.888 E.02314
G1 X112.73 Y116.574 E.01149
G1 X112.522 Y116.034 E.01814
G1 X112.409 Y115.48 E.01773
G1 X112.416 Y114.882 E.01875
G1 X112.522 Y114.3 E.01855
G1 X112.759 Y113.725 E.0195
G1 X113.085 Y113.206 E.01922
G1 X113.537 Y112.743 E.02029
G1 X114.047 Y112.37 E.01981
G1 X114.663 Y112.096 E.02114
G1 X115.293 Y111.936 E.02038
G1 X115.945 Y111.907 E.02046
G1 X116.475 Y111.964 E.01671
G1 X117.1 Y112.131 E.02028
G1 X117.722 Y112.442 E.0218
G1 X117.834 Y112.556 E.00501
G1 X116.009 Y113 F9000
;TYPE:Internal infill
;WIDTH:0.44
G1 F900
G1 X115.451 Y113.016 E.01843
G1 X114.864 Y113.181 E.02013
G1 X114.352 Y113.478 E.01954
G1 X113.918 Y113.918 E.02041
G1 X117.01 Y117.01 E.14438
G1 X116.719 Y117.194 E.01137
G1 X116.238 Y117.367 E.01688
G1 X115.551 Y117.392 E.0227
G1 X115.072 Y117.25 E.0165
G1 X114.276 Y116.724 E.0315
G1 X117.366 Y113.634 E.14428
G1 X117.693 Y114.172 E.02079
G1 X117.877 Y114.777 E.02088
G1 X117.902 Y115.389 E.02022
G1 X117.802 Y115.882 E.01661
;LAYER_CHANGE
;Z:19
;HEIGHT:0.200001
;BEFORE_LAYER_CHANGE
G92 E0
;19


G1 E-3.5 F3600
;WIPE_START
G1 F7200
G1 X117.902 Y115.389 E-.23894
G1 X117.877 Y114.777 E-.29094
G1 X117.693 Y114.172 E-.30037
G1 X117.366 Y113.634 E-.29905
G1 X116.814 Y114.186 E-.3707
;WIPE_END
G1 Z19 F9000
;AFTER_LAYER_CHANGE
;19
G1 X118.35 Y114.684
G1 E5 F2400
;TYPE:Perimeter
;WIDTH:0.439999
G1 F900
G1 X118.41 Y115.241 E.0185
G1 X118.376 Y115.634 E.01302
G1 X118.259 Y116.123 E.0166
G1 X118.04 Y116.591 E.01706
G1 X117.741 Y117.022 E.01732
G1 X117.384 Y117.357 E.01616
G1 X116.961 Y117.638 E.01677
G1 X116.361 Y117.857 E.02109
G1 X115.744 Y117.918 E.02047
G1 X115.153 Y117.824 E.01976
G1 X114.731 Y117.65 E.01507
G1 X114.315 Y117.369 E.01658
G1 X114.016 Y117.025 E.01505
G1 X113.741 Y116.597 E.0168
G1 X113.442 Y115.676 E.03197
G1 X113.41 Y115.36 E.01049
G1 X113.405 Y114.86 E.01651
G1 X113.559 Y114.322 E.01848
G1 X113.853 Y113.824 E.01909
G1 X114.277 Y113.4 E.0198
G1 X114.811 Y113.087 E.02044
G1 X115.255 Y112.949 E.01535
G1 X115.752 Y112.883 E.01655
G1 X116.235 Y112.921 E.016
G1 X116.746 Y113.05 E.0174
G1 X117.236 Y113.296 E.0181
G1 X117.646 Y113.597 E.01679
G1 X118.007 Y113.999 E.01784
G1 X118.339 Y114.578 E.02204
G1 X118.344 Y114.624 E.00153
G1 X118.746 Y114.616 F9000
G1 F900
G1 X118.781 Y114.845 E.00765
G1 X118.807 Y115.292 E.01478
G1 X118.744 Y115.86 E.01887
G1 X118.548 Y116.46 E.02084
G1 X118.279 Y116.97 E.01904
G1 X117.893 Y117.433 E.0199
G1 X117.468 Y117.797 E.01848
G1 X116.961 Y118.071 E.01903
G1 X116.449 Y118.245 E.01785
G1 X115.901 Y118.31 E.01822
G1 X115.381 Y118.282 E.01719
G1 X114.889 Y118.151 E.01681
G1 X114.418 Y117.936 E.01709
G1 X113.912 Y117.542 E.02117
G1 X113.6 Y117.134 E.01696
G1 X113.373 Y116.747 E.01481
G1 X113.051 Y115.759 E.03431
G1 X112.984 Y115.103 E.02177
G1 X113.081 Y114.479 E.02085
G1 X113.274 Y114.007 E.01684
G1 X113.538 Y113.58 E.01658
G1 X113.907 Y113.197 E.01756
G1 X114.33 Y112.885 E.01735
G1 X114.838 Y112.656 E.0184
G1 X115.365 Y112.518 E.01799
G1 X115.948 Y112.493 E.01927
G1 X116.508 Y112.564 E.01864
G1 X117.084 Y112.766 E.02015
G1 X117.593 Y113.048 E.01921
G1 X118.09 Y113.483 E.02181
G1 X118.446 Y113.922 E.01866
G1 X118.721 Y114.453 E.01974
G1 X118.737 Y114.556 E.00344
G1 X119.127 Y114.55 F9000
;TYPE:External perimeter
;WIDTH:0.419999
G1 F900
G1 X119.163 Y114.787 E.00752
G1 X119.194 Y115.255 E.01471
G1 X119.164 Y115.665 E.01289
G1 X119.055 Y116.187 E.01672
G1 X118.826 Y116.798 E.02046
G1 X118.457 Y117.375 E.02147
G1 X118.028 Y117.849 E.02005
G1 X117.492 Y118.233 E.02067
G1 X116.935 Y118.505 E.01944
G1 X116.32 Y118.658 E.01987
G1 X115.721 Y118.703 E.01883
G1 X115.115 Y118.62 E.01918
G1 X114.564 Y118.446 E.01812
G1 X114.027 Y118.137 E.01943
G1 X113.627 Y117.806 E.01628
G1 X113.292 Y117.369 E.01726
G1 X113.013 Y116.894 E.01727
G1 X112.671 Y115.839 E.03477
G1 X112.596 Y115.106 E.0231
G1 X112.628 Y114.741 E.01149
G1 X112.776 Y114.182 E.01813
G1 X113.012 Y113.667 E.01776
G1 X113.368 Y113.187 E.01874
G1 X113.796 Y112.779 E.01854
G1 X114.326 Y112.453 E.01951
G1 X114.894 Y112.225 E.01919
G1 X115.533 Y112.115 E.02033
G1 X116.164 Y112.114 E.01978
G1 X116.824 Y112.255 E.02116
G1 X117.428 Y112.495 E.02038
G1 X117.972 Y112.854 E.02044
G1 X118.367 Y113.213 E.01674
G1 X118.775 Y113.715 E.02028
G1 X119.095 Y114.332 E.02179
G1 X119.118 Y114.49 E.00501
G1 X118.104 Y115.07 F9000
;TYPE:Internal infill
;WIDTH:0.44
G1 F900
G1 X118.055 Y115.715 E.02136
G1 X117.848 Y116.312 E.02086
G1 X117.509 Y116.822 E.02022
G1 X117.151 Y117.151 E.01605
G1 X114.061 Y114.061 E.14428
G1 X113.84 Y114.443 E.01457
G1 X113.69 Y115.098 E.02219
G1 X113.743 Y115.613 E.01709
G1 X114.025 Y116.481 E.03013
G1 X114.217 Y116.783 E.01182
G1 X117.293 Y113.707 E.14363
G1 X116.922 Y113.463 E.01466
G1 X116.348 Y113.25 E.02021
G1 X116.053 Y113.201 E.00987
G1 X115.47 Y113.215 E.01925
G1 X115.044 Y113.328 E.01455
;LAYER_CHANGE
;Z:19.2
;HEIGHT:0.200001
;BEFORE_LAYER_CHANGE
G92 E0
;19.2


G1 E-3.5 F3600
;WIPE_START
G1 F7200
G1 X115.47 Y113.215 E-.20935
G1 X116.053 Y113.201 E-.277
G1 X116.348 Y113.25 E-.14204
G1 X116.922 Y113.463 E-.29082
G1 X117.293 Y113.707 E-.21092
G1 X116.742 Y114.258 E-.36987
;WIPE_END
G1 Z19.2 F9000
;AFTER_LAYER_CHANGE
;19.2
G1 X118.35 Y116.316
G1 E5 F2400
;TYPE:Perimeter
;WIDTH:0.439999
G1 F900
G1 X118.339 Y116.422 E.00352
G1 X118.109 Y116.866 E.01651
G1 X117.748 Y117.299 E.01861
G1 X117.366 Y117.626 E.0166
G1 X116.914 Y117.876 E.01705
G1 X116.418 Y118.049 E.01734
G1 X115.933 Y118.11 E.01614
G1 X115.425 Y118.088 E.01679
G1 X114.811 Y117.913 E.02108
G1 X114.277 Y117.6 E.02044
G1 X113.853 Y117.176 E.0198
G1 X113.614 Y116.787 E.01507
G1 X113.443 Y116.315 E.01658
G1 X113.403 Y115.861 E.01505
G1 X113.432 Y115.353 E.0168
G1 X113.731 Y114.433 E.03194
G1 X114.022 Y113.933 E.0191
G1 X114.388 Y113.566 E.01711
G1 X114.877 Y113.275 E.01879
G1 X115.277 Y113.148 E.01386
G1 X115.805 Y113.089 E.01754
G1 X116.387 Y113.15 E.01932
G1 X116.774 Y113.28 E.01348
G1 X117.242 Y113.531 E.01753
G1 X117.61 Y113.845 E.01597
G1 X117.948 Y114.25 E.01742
G1 X118.2 Y114.737 E.0181
G1 X118.355 Y115.222 E.01681
G1 X118.41 Y115.759 E.01782
G1 X118.357 Y116.256 E.0165
G1 X118.746 Y116.384 F9000
G1 F900
G1 X118.721 Y116.547 E.00544
G1 X118.539 Y116.899 E.01308
G1 X118.298 Y117.275 E.01475
G1 X117.913 Y117.698 E.01889
G1 X117.402 Y118.068 E.02083
G1 X116.884 Y118.323 E.01906
G1 X116.3 Y118.471 E.01989
G1 X115.742 Y118.515 E.01848
G1 X115.17 Y118.439 E.01905
G1 X114.654 Y118.279 E.01784
G1 X114.173 Y118.009 E.01821
G1 X113.768 Y117.681 E.01721
G1 X113.447 Y117.286 E.01681
G1 X113.193 Y116.835 E.01709
G1 X113.015 Y116.218 E.0212
G1 X113.002 Y115.705 E.01694
G1 X113.046 Y115.259 E.0148
G1 X113.367 Y114.27 E.03433
G1 X113.606 Y113.858 E.01573
G1 X113.898 Y113.471 E.01601
G1 X114.264 Y113.17 E.01565
G1 X114.719 Y112.91 E.0173
G1 X115.19 Y112.76 E.01632
G1 X115.813 Y112.691 E.0207
G1 X116.464 Y112.759 E.02161
G1 X116.989 Y112.941 E.01835
G1 X117.468 Y113.203 E.01803
G1 X117.916 Y113.59 E.01955
G1 X118.279 Y114.03 E.01883
G1 X118.567 Y114.584 E.02062
G1 X118.744 Y115.14 E.01927
G1 X118.811 Y115.955 E.027
G1 X118.755 Y116.325 E.01236
G1 X119.127 Y116.45 F9000
;TYPE:External perimeter
;WIDTH:0.419999
G1 F900
G1 X119.094 Y116.668 E.00691
G1 X118.775 Y117.285 E.02178
G1 X118.367 Y117.787 E.02028
G1 X117.972 Y118.146 E.01674
G1 X117.428 Y118.505 E.02044
G1 X116.79 Y118.756 E.0215
G1 X116.164 Y118.886 E.02005
G1 X115.505 Y118.882 E.02066
G1 X114.894 Y118.775 E.01945
G1 X114.307 Y118.537 E.01986
G1 X113.796 Y118.221 E.01884
G1 X113.355 Y117.798 E.01916
G1 X113.012 Y117.333 E.01812
G1 X112.758 Y116.767 E.01945
G1 X112.629 Y116.265 E.01625
G1 X112.615 Y115.715 E.01725
G1 X112.669 Y115.167 E.01727
G1 X113.012 Y114.111 E.03481
G1 X113.382 Y113.474 E.0231
G1 X113.777 Y113.06 E.01794
G1 X114.22 Y112.731 E.0173
G1 X114.766 Y112.481 E.01883
G1 X115.318 Y112.335 E.0179
G1 X115.821 Y112.302 E.01581
G1 X116.54 Y112.378 E.02267
G1 X117.145 Y112.587 E.02007
G1 X117.688 Y112.884 E.01941
G1 X118.192 Y113.318 E.02085
G1 X118.602 Y113.815 E.0202
G1 X118.923 Y114.434 E.02186
G1 X119.124 Y115.06 E.02061
G1 X119.199 Y115.98 E.02894
G1 X119.136 Y116.391 E.01304
G1 X117.542 Y116.278 F9000
;TYPE:Internal infill
;WIDTH:0.44
G1 F900
G1 X117.598 Y116.177 E.00381
G1 X117.619 Y115.619 E.01844
G1 X117.499 Y115.061 E.01884
G1 X117.252 Y114.568 E.01821
G1 X116.863 Y114.137 E.01917
G1 X114.336 Y116.664 E.11799
G1 X115.105 Y117.173 E.03045
G1 X115.568 Y117.31 E.01594
G1 X116.22 Y117.285 E.02154
G1 X116.681 Y117.119 E.01618
G1 X116.95 Y116.95 E.01049
G1 X114.213 Y114.213 E.1278
G1 X114.577 Y113.807 E.018
G1 X115.238 Y113.47 E.0245
G1 X115.799 Y113.396 E.01868
G1 X116.081 Y113.426 E.00936
G1 X116.001 Y113.647 E.00776
G1 X116.464 Y113.478 F9000
;TYPE:Solid infill
;WIDTH:0.419566
G1 F900
G1 X116.922 Y113.694 E.01586
;WIDTH:0.458314
G1 X117.38 Y114.074 E.02056
;WIDTH:0.485786
G1 X117.754 Y114.597 E.02368
;WIDTH:0.501792
G1 X117.988 Y115.221 E.02543
;WIDTH:0.525088
G1 X118.064 Y115.894 E.02715
G1 X117.971 Y116.396 E.02047
;WIDTH:0.505978
G1 X117.626 Y116.909 E.0238
;WIDTH:0.505526
G1 X117.16 Y117.33 E.02416
;WIDTH:0.505914
G1 X116.62 Y117.613 E.02347
;WIDTH:0.50642
G1 X116.058 Y117.745 E.02225
;WIDTH:0.509252
G1 X115.531 Y117.74 E.02044
;WIDTH:0.515656
G1 X114.968 Y117.586 E.02294
G1 X114.429 Y117.266 E.02464
;WIDTH:0.504838
G1 X114.288 Y117.16 E.00678
;LAYER_CHANGE
;Z:19.4
;HEIGHT:0.199999
;BEFORE_LAYER_CHANGE
G92 E0
;19.4


G1 E-3.5 F3600
;WIPE_START
G1 F7200
G1 X114.429 Y117.266 E-.08379
G1 X114.968 Y117.586 E-.29775
G1 X115.531 Y117.74 E-.27725
G1 X116.058 Y117.745 E-.25034
G1 X116.62 Y117.613 E-.27421
G1 X117.16 Y117.33 E-.28959
G1 X117.202 Y117.292 E-.02707
;WIPE_END
G1 Z19.4 F9000
;AFTER_LAYER_CHANGE
;19.4
G1 X117.159 Y117.963
G1 E5 F2400
;TYPE:Perimeter
;WIDTH:0.439999
G1 F900
G1 X116.808 Y118.138 E.01295
G1 X116.261 Y118.277 E.01863
G1 X115.76 Y118.317 E.01659
G1 X115.245 Y118.252 E.01714
G1 X114.744 Y118.101 E.01728
G1 X114.316 Y117.866 E.01612
G1 X113.918 Y117.55 E.01678
G1 X113.524 Y117.047 E.0211
G1 X113.276 Y116.48 E.02043
G1 X113.182 Y115.888 E.01979
G1 X113.237 Y115.312 E.0191
G1 X113.416 Y114.815 E.01744
G1 X113.739 Y114.346 E.0188
G1 X114.188 Y113.957 E.01961
G1 X114.691 Y113.6 E.02037
G1 X115.226 Y113.363 E.01932
G1 X115.753 Y113.287 E.01758
G1 X116.332 Y113.342 E.0192
G1 X116.858 Y113.534 E.01849
G1 X117.362 Y113.877 E.02013
G1 X117.776 Y114.351 E.02078
G1 X117.997 Y114.767 E.01555
G1 X118.157 Y115.251 E.01683
G1 X118.215 Y115.928 E.02243
G1 X118.133 Y116.47 E.0181
G1 X117.973 Y116.953 E.0168
G1 X117.702 Y117.421 E.01786
G1 X117.254 Y117.915 E.02202
G1 X117.212 Y117.936 E.00155
G1 X117.344 Y118.314 F9000
G1 F900
G1 X117.137 Y118.418 E.00765
G1 X116.72 Y118.58 E.01477
G1 X116.16 Y118.697 E.01889
G1 X115.529 Y118.696 E.02083
G1 X114.961 Y118.598 E.01903
G1 X114.401 Y118.374 E.01991
G1 X113.924 Y118.081 E.01848
G1 X113.506 Y117.684 E.01903
G1 X113.182 Y117.251 E.01786
G1 X112.952 Y116.749 E.01823
G1 X112.817 Y116.247 E.01716
G1 X112.79 Y115.738 E.01683
G1 X112.849 Y115.224 E.01708
G1 X113.068 Y114.621 E.02118
G1 X113.44 Y114.079 E.0217
G1 X113.943 Y113.644 E.02196
G1 X114.494 Y113.253 E.02231
G1 X115.1 Y112.985 E.02188
G1 X115.756 Y112.888 E.02189
G1 X116.407 Y112.95 E.02159
G1 X116.896 Y113.117 E.01706
G1 X117.343 Y113.359 E.01678
G1 X117.76 Y113.715 E.0181
G1 X118.106 Y114.129 E.01781
G1 X118.373 Y114.636 E.01892
G1 X118.546 Y115.167 E.01844
G1 X118.608 Y115.73 E.0187
G1 X118.59 Y116.161 E.01424
G1 X118.479 Y116.733 E.01924
G1 X118.219 Y117.34 E.0218
G1 X117.911 Y117.814 E.01866
G1 X117.491 Y118.24 E.01975
G1 X117.398 Y118.287 E.00344
G1 X117.525 Y118.656 F9000
;TYPE:External perimeter
;WIDTH:0.419999
G1 F900
G1 X117.1 Y118.869 E.01491
G1 X116.475 Y119.036 E.02028
G1 X115.945 Y119.093 E.01671
G1 X115.293 Y119.064 E.02046
G1 X114.63 Y118.892 E.02148
G1 X114.047 Y118.63 E.02004
G1 X113.516 Y118.24 E.02066
G1 X113.085 Y117.794 E.01945
G1 X112.75 Y117.256 E.01987
G1 X112.522 Y116.7 E.01884
G1 X112.414 Y116.098 E.01918
G1 X112.409 Y115.52 E.01812
G1 X112.537 Y114.914 E.01942
G1 X112.728 Y114.431 E.01629
G1 X113.15 Y113.819 E.02331
G1 X113.703 Y113.339 E.02296
G1 X114.302 Y112.914 E.02303
G1 X114.741 Y112.72 E.01505
G1 X115.179 Y112.57 E.01452
G1 X115.759 Y112.5 E.01832
G1 X116.48 Y112.569 E.02271
G1 X117.05 Y112.762 E.01887
G1 X117.561 Y113.039 E.01822
G1 X118.035 Y113.442 E.01951
G1 X118.428 Y113.912 E.01921
G1 X118.729 Y114.485 E.02029
G1 X118.925 Y115.086 E.01982
G1 X118.996 Y115.756 E.02112
G1 X118.954 Y116.405 E.02039
G1 X118.78 Y117.034 E.02046
G1 X118.561 Y117.52 E.01671
G1 X118.21 Y118.063 E.02027
G1 X117.722 Y118.558 E.02179
G1 X117.578 Y118.629 E.00503
G1 E-3.5 F3600
;WIPE_START
G1 F7200
G1 X117.525 Y118.656 E-.02825
G1 X117.1 Y118.869 E-.22581
G1 X116.475 Y119.036 E-.30729
G1 X115.945 Y119.093 E-.2532
G1 X115.293 Y119.064 E-.31001
G1 X114.63 Y118.892 E-.32535
G1 X114.534 Y118.849 E-.05009
;WIPE_END
G1 X115.178 Y117.925 F9000
G1 E5 F2400
;TYPE:Internal infill
;WIDTH:0.44
G1 F900
G1 X115.766 Y118.01 E.01962
G1 X116.405 Y117.942 E.02122
G1 X117.072 Y117.664 E.02386
G1 X117.366 Y117.366 E.01382
G1 X114.281 Y114.281 E.14405
G1 X114.843 Y113.867 E.02305
G1 X115.5 Y113.614 E.02325
G1 X116.275 Y113.644 E.02561
G1 X116.719 Y113.806 E.0156
G1 X117.01 Y113.99 E.01137
G1 X113.918 Y117.082 E.14438
G1 X113.57 Y116.394 E.02546
G1 X113.488 Y115.879 E.01722
G1 X113.536 Y115.379 E.01658
G1 X113.764 Y114.848 E.01908
;LAYER_CHANGE
;Z:19.6
;HEIGHT:0.200001
;BEFORE_LAYER_CHANGE
G92 E0
;19.6


G1 E-3.5 F3600
;WIPE_START
G1 F7200
G1 X113.536 Y115.379 E-.27449
G1 X113.488 Y115.879 E-.23859
G1 X113.57 Y116.394 E-.24771
G1 X113.918 Y117.082 E-.36623
G1 X114.473 Y116.527 E-.37298
;WIPE_END
G1 Z19.6 F9000
;AFTER_LAYER_CHANGE
;19.6
G1 X116.959 Y117.963
G1 E5 F2400
;TYPE:Perimeter
;WIDTH:0.439999
G1 F900
G1 X116.608 Y118.138 E.01295
G1 X116.061 Y118.277 E.01863
G1 X115.56 Y118.317 E.01659
G1 X115.045 Y118.252 E.01714
G1 X114.544 Y118.101 E.01728
G1 X114.116 Y117.866 E.01612
G1 X113.718 Y117.55 E.01678
G1 X113.324 Y117.047 E.0211
G1 X113.076 Y116.48 E.02043
G1 X112.982 Y115.888 E.01979
G1 X113.037 Y115.312 E.0191
G1 X113.216 Y114.815 E.01744
G1 X113.539 Y114.346 E.0188
G1 X113.988 Y113.957 E.01961
G1 X114.491 Y113.6 E.02037
G1 X115.026 Y113.363 E.01932
G1 X115.506 Y113.285 E.01606
G1 X116.134 Y113.343 E.02082
G1 X116.658 Y113.534 E.01841
G1 X117.162 Y113.877 E.02013
G1 X117.576 Y114.351 E.02078
G1 X117.797 Y114.767 E.01555
G1 X117.957 Y115.251 E.01683
G1 X118.015 Y115.928 E.02243
G1 X117.933 Y116.47 E.0181
G1 X117.773 Y116.953 E.0168
G1 X117.502 Y117.421 E.01786
G1 X117.054 Y117.915 E.02202
G1 X117.012 Y117.936 E.00155
G1 X117.144 Y118.314 F9000
G1 F900
G1 X116.937 Y118.418 E.00765
G1 X116.52 Y118.58 E.01477
G1 X115.96 Y118.697 E.01889
G1 X115.329 Y118.696 E.02083
G1 X114.761 Y118.598 E.01903
G1 X114.201 Y118.374 E.01991
G1 X113.724 Y118.081 E.01848
G1 X113.306 Y117.684 E.01903
G1 X112.982 Y117.251 E.01786
G1 X112.752 Y116.749 E.01823
G1 X112.617 Y116.247 E.01716
G1 X112.59 Y115.738 E.01683
G1 X112.649 Y115.224 E.01708
G1 X112.868 Y114.621 E.02118
G1 X113.24 Y114.079 E.0217
G1 X113.743 Y113.644 E.02196
G1 X114.294 Y113.253 E.02231
G1 X114.9 Y112.985 E.02188
G1 X115.505 Y112.886 E.02024
G1 X116.208 Y112.951 E.02331
G1 X116.697 Y113.118 E.01706
G1 X117.143 Y113.359 E.01674
G1 X117.56 Y113.715 E.0181
G1 X117.906 Y114.129 E.01781
G1 X118.173 Y114.636 E.01892
G1 X118.346 Y115.167 E.01844
G1 X118.408 Y115.73 E.0187
G1 X118.39 Y116.161 E.01424
G1 X118.279 Y116.733 E.01924
G1 X118.019 Y117.34 E.0218
G1 X117.711 Y117.814 E.01866
G1 X117.291 Y118.24 E.01975
G1 X117.198 Y118.287 E.00344
G1 X117.325 Y118.656 F9000
;TYPE:External perimeter
;WIDTH:0.419999
G1 F900
G1 X116.9 Y118.869 E.01491
G1 X116.275 Y119.036 E.02028
G1 X115.745 Y119.093 E.01671
G1 X115.093 Y119.064 E.02046
G1 X114.43 Y118.892 E.02148
G1 X113.847 Y118.63 E.02004
G1 X113.316 Y118.24 E.02066
G1 X112.885 Y117.794 E.01945
G1 X112.55 Y117.256 E.01987
G1 X112.322 Y116.7 E.01884
G1 X112.214 Y116.098 E.01918
G1 X112.209 Y115.52 E.01812
G1 X112.337 Y114.914 E.01942
G1 X112.528 Y114.431 E.01629
G1 X112.95 Y113.819 E.02331
G1 X113.503 Y113.339 E.02296
G1 X114.102 Y112.914 E.02303
G1 X114.574 Y112.706 E.01617
G1 X114.992 Y112.567 E.01381
G1 X115.503 Y112.497 E.01617
G1 X116.28 Y112.569 E.02447
G1 X116.851 Y112.762 E.0189
G1 X117.361 Y113.039 E.0182
G1 X117.835 Y113.442 E.01951
G1 X118.228 Y113.912 E.01921
G1 X118.529 Y114.485 E.02029
G1 X118.725 Y115.086 E.01982
G1 X118.796 Y115.756 E.02112
G1 X118.754 Y116.405 E.02039
G1 X118.58 Y117.034 E.02046
G1 X118.361 Y117.52 E.01671
G1 X118.01 Y118.063 E.02027
G1 X117.522 Y118.558 E.02179
G1 X117.378 Y118.629 E.00503
G1 E-3.5 F3600
;WIPE_START
G1 F7200
G1 X117.325 Y118.656 E-.02825
G1 X116.9 Y118.869 E-.22581
G1 X116.275 Y119.036 E-.30729
G1 X115.745 Y119.093 E-.2532
G1 X115.093 Y119.064 E-.31001
G1 X114.43 Y118.892 E-.32535
G1 X114.334 Y118.849 E-.05009
;WIPE_END
G1 X115.119 Y117.955 F9000
G1 E5 F2400
;TYPE:Internal infill
;WIDTH:0.44
G1 F900
G1 X115.885 Y117.996 E.02533
G1 X116.494 Y117.854 E.02065
G1 X116.872 Y117.664 E.01397
G1 X117.249 Y117.249 E.01851
G1 X114.189 Y114.189 E.14288
G1 X114.643 Y113.867 E.01838
G1 X115.123 Y113.655 E.01733
G1 X115.508 Y113.592 E.01288
G1 X116.282 Y113.704 E.02582
G1 X116.922 Y114.078 E.02447
G1 X113.808 Y117.192 E.1454
G1 X113.462 Y116.646 E.02134
G1 X113.313 Y116.136 E.01754
G1 X113.297 Y115.625 E.01688
G1 X113.484 Y114.966 E.02262
;LAYER_CHANGE
;Z:19.8
;HEIGHT:0.199999
;BEFORE_LAYER_CHANGE
G92 E0
;19.8


G1 E-3.5 F3600
;WIPE_START
G1 F7200
G1 X113.297 Y115.625 E-.32538
G1 X113.313 Y116.136 E-.24284
G1 X113.462 Y116.646 E-.25238
G1 X113.808 Y117.192 E-.30704
G1 X114.362 Y116.638 E-.37236
;WIPE_END
G1 Z19.8 F9000
;AFTER_LAYER_CHANGE
;19.8
G1 X115.395 Y118.467
G1 E5 F2400
;TYPE:Perimeter
;WIDTH:0.439999
G1 F900
G1 X115.007 Y118.403 E.01298
G1 X114.484 Y118.194 E.0186
G1 X114.055 Y117.931 E.01661
G1 X113.676 Y117.577 E.01712
G1 X113.36 Y117.16 E.01727
G1 X113.151 Y116.718 E.01614
G1 X113.015 Y116.229 E.01676
G1 X112.992 Y115.59 E.02111
G1 X113.125 Y114.985 E.02045
G1 X113.397 Y114.451 E.01979
G1 X113.78 Y114.018 E.01909
G1 X114.217 Y113.721 E.01745
G1 X114.753 Y113.531 E.01878
G1 X115.346 Y113.481 E.01965
G1 X115.963 Y113.487 E.02037
G1 X116.534 Y113.61 E.01929
G1 X116.996 Y113.845 E.01711
G1 X117.424 Y114.22 E.01879
G1 X117.755 Y114.708 E.01947
G1 X117.96 Y115.281 E.02009
G1 X118.012 Y115.737 E.01515
G1 X118.002 Y116.055 E.0105
G1 X117.911 Y116.548 E.01655
G1 X117.726 Y116.996 E.016
G1 X117.445 Y117.442 E.0174
G1 X117.06 Y117.833 E.01812
G1 X116.647 Y118.129 E.01678
G1 X116.153 Y118.348 E.01784
G1 X115.5 Y118.485 E.02203
G1 X115.454 Y118.477 E.00154
G1 X115.338 Y118.86 F9000
G1 F900
G1 X115.109 Y118.823 E.00766
G1 X114.677 Y118.709 E.01475
G1 X114.155 Y118.474 E.0189
G1 X113.645 Y118.103 E.02082
G1 X113.243 Y117.689 E.01905
G1 X112.922 Y117.179 E.0199
G1 X112.708 Y116.662 E.01847
G1 X112.603 Y116.094 E.01907
G1 X112.596 Y115.554 E.01783
G1 X112.704 Y115.013 E.01821
G1 X112.891 Y114.527 E.01719
G1 X113.167 Y114.099 E.01681
G1 X113.518 Y113.718 E.0171
G1 X114.049 Y113.359 E.02116
G1 X114.669 Y113.14 E.02171
G1 X115.331 Y113.083 E.02194
G1 X116.007 Y113.091 E.02232
G1 X116.655 Y113.23 E.02188
G1 X117.218 Y113.515 E.02083
G1 X117.608 Y113.844 E.01685
G1 X117.932 Y114.228 E.01659
G1 X118.183 Y114.697 E.01756
G1 X118.349 Y115.195 E.01733
G1 X118.409 Y115.749 E.0184
G1 X118.377 Y116.293 E.01799
G1 X118.221 Y116.855 E.01926
G1 X117.981 Y117.366 E.01864
G1 X117.611 Y117.851 E.02014
G1 X117.186 Y118.249 E.01922
G1 X116.618 Y118.586 E.02181
G1 X116.091 Y118.789 E.01865
G1 X115.5 Y118.887 E.01978
G1 X115.397 Y118.87 E.00345
G1 X115.283 Y119.244 F9000
;TYPE:External perimeter
;WIDTH:0.419999
G1 F900
G1 X114.814 Y119.166 E.01491
G1 X114.211 Y118.933 E.02027
G1 X113.748 Y118.669 E.01671
G1 X113.238 Y118.262 E.02046
G1 X112.803 Y117.733 E.02147
G1 X112.485 Y117.178 E.02006
G1 X112.285 Y116.55 E.02066
G1 X112.198 Y115.936 E.01944
G1 X112.243 Y115.304 E.01987
G1 X112.386 Y114.72 E.01885
G1 X112.652 Y114.17 E.01916
G1 X112.988 Y113.7 E.01811
G1 X113.447 Y113.284 E.01942
G1 X113.885 Y113.006 E.01627
G1 X114.587 Y112.759 E.02333
G1 X115.317 Y112.696 E.02297
G1 X116.05 Y112.704 E.02298
G1 X116.467 Y112.794 E.01338
G1 X116.975 Y112.946 E.01663
G1 X117.435 Y113.193 E.01637
G1 X117.881 Y113.57 E.01831
G1 X118.253 Y114.009 E.01804
G1 X118.538 Y114.543 E.01898
G1 X118.727 Y115.112 E.0188
G1 X118.802 Y115.936 E.02594
G1 X118.709 Y116.577 E.02031
G1 X118.515 Y117.178 E.0198
G1 X118.178 Y117.762 E.02114
G1 X117.762 Y118.262 E.02039
G1 X117.252 Y118.669 E.02046
G1 X116.789 Y118.933 E.01671
G1 X116.186 Y119.166 E.02027
G1 X115.5 Y119.279 E.0218
G1 X115.342 Y119.253 E.00502
G1 X115.149 Y118.117 F9000
;TYPE:Internal infill
;WIDTH:0.44
G1 F900
G1 X115.5 Y118.175 E.01175
G1 X116.203 Y118.007 E.02386
G1 X116.76 Y117.687 E.02121
G1 X117.224 Y117.224 E.02164
G1 X114.132 Y114.132 E.14438
G1 X114.817 Y113.833 E.02468
G1 X115.463 Y113.788 E.02138
G1 X115.929 Y113.793 E.01539
G1 X116.441 Y113.903 E.01729
G1 X116.868 Y114.132 E.016
G1 X113.776 Y117.224 E.14438
G1 X113.484 Y116.737 E.01875
G1 X113.318 Y116.179 E.01922
G1 X113.297 Y115.618 E.01854
G1 X113.463 Y114.974 E.02196
;LAYER_CHANGE
;Z:20
;HEIGHT:0.200001
;BEFORE_LAYER_CHANGE
G92 E0
;20


G1 E-3.5 F3600
;WIPE_START
G1 F7200
G1 X113.297 Y115.618 E-.3159
G1 X113.318 Y116.179 E-.26666
G1 X113.484 Y116.737 E-.27653
G1 X113.776 Y117.224 E-.26972
G1 X114.329 Y116.671 E-.37119
;WIPE_END
G1 Z20 F9000
;AFTER_LAYER_CHANGE
;20
G1 X115.195 Y118.467
G1 E5 F2400
;TYPE:Perimeter
;WIDTH:0.439999
G1 F900
G1 X114.807 Y118.403 E.01298
G1 X114.284 Y118.194 E.0186
G1 X113.855 Y117.931 E.01661
G1 X113.476 Y117.577 E.01712
G1 X113.16 Y117.16 E.01727
G1 X112.951 Y116.718 E.01614
G1 X112.815 Y116.229 E.01676
G1 X112.792 Y115.59 E.02111
G1 X112.925 Y114.985 E.02045
G1 X113.197 Y114.451 E.01979
G1 X113.58 Y114.018 E.01909
G1 X114.017 Y113.721 E.01745
G1 X114.553 Y113.531 E.01878
G1 X115.146 Y113.481 E.01965
G1 X115.763 Y113.487 E.02037
G1 X116.334 Y113.61 E.01929
G1 X116.796 Y113.845 E.01711
G1 X117.224 Y114.22 E.01879
G1 X117.555 Y114.708 E.01947
G1 X117.76 Y115.281 E.02009
G1 X117.812 Y115.737 E.01515
G1 X117.802 Y116.055 E.0105
G1 X117.711 Y116.548 E.01655
G1 X117.526 Y116.996 E.016
G1 X117.245 Y117.442 E.0174
G1 X116.86 Y117.833 E.01812
G1 X116.447 Y118.129 E.01678
G1 X115.953 Y118.348 E.01784
G1 X115.3 Y118.485 E.02203
G1 X115.254 Y118.477 E.00154
G1 X115.138 Y118.86 F9000
G1 F900
G1 X114.909 Y118.823 E.00766
G1 X114.477 Y118.709 E.01475
G1 X113.955 Y118.474 E.0189
G1 X113.445 Y118.103 E.02082
G1 X113.043 Y117.689 E.01905
G1 X112.722 Y117.179 E.0199
G1 X112.508 Y116.662 E.01847
G1 X112.403 Y116.094 E.01907
G1 X112.396 Y115.554 E.01783
G1 X112.504 Y115.013 E.01821
G1 X112.691 Y114.527 E.01719
G1 X112.967 Y114.099 E.01681
G1 X113.318 Y113.718 E.0171
G1 X113.849 Y113.359 E.02116
G1 X114.469 Y113.14 E.02171
G1 X115.131 Y113.083 E.02194
G1 X115.807 Y113.091 E.02232
G1 X116.455 Y113.23 E.02188
G1 X117.018 Y113.515 E.02083
G1 X117.408 Y113.844 E.01685
G1 X117.732 Y114.228 E.01659
G1 X117.983 Y114.697 E.01756
G1 X118.149 Y115.195 E.01733
G1 X118.209 Y115.749 E.0184
G1 X118.177 Y116.293 E.01799
G1 X118.021 Y116.855 E.01926
G1 X117.781 Y117.366 E.01864
G1 X117.411 Y117.851 E.02014
G1 X116.986 Y118.249 E.01922
G1 X116.418 Y118.586 E.02181
G1 X115.891 Y118.789 E.01865
G1 X115.3 Y118.887 E.01978
G1 X115.197 Y118.87 E.00345
G1 X115.083 Y119.244 F9000
;TYPE:External perimeter
;WIDTH:0.419999
G1 F900
G1 X114.614 Y119.166 E.01491
G1 X114.011 Y118.933 E.02027
G1 X113.548 Y118.669 E.01671
G1 X113.038 Y118.262 E.02046
G1 X112.603 Y117.733 E.02147
G1 X112.285 Y117.178 E.02006
G1 X112.085 Y116.55 E.02066
G1 X111.998 Y115.936 E.01944
G1 X112.043 Y115.304 E.01987
G1 X112.186 Y114.72 E.01885
G1 X112.452 Y114.17 E.01916
G1 X112.788 Y113.7 E.01811
G1 X113.247 Y113.284 E.01942
G1 X113.685 Y113.006 E.01627
G1 X114.387 Y112.759 E.02333
G1 X115.117 Y112.696 E.02297
G1 X115.85 Y112.704 E.02298
G1 X116.267 Y112.794 E.01338
G1 X116.775 Y112.946 E.01663
G1 X117.235 Y113.193 E.01637
G1 X117.681 Y113.57 E.01831
G1 X118.053 Y114.009 E.01804
G1 X118.338 Y114.543 E.01898
G1 X118.527 Y115.112 E.0188
G1 X118.602 Y115.936 E.02594
G1 X118.509 Y116.577 E.02031
G1 X118.315 Y117.178 E.0198
G1 X117.978 Y117.762 E.02114
G1 X117.562 Y118.262 E.02039
G1 X117.052 Y118.669 E.02046
G1 X116.589 Y118.933 E.01671
G1 X115.986 Y119.166 E.02027
G1 X115.3 Y119.279 E.0218
G1 X115.142 Y119.253 E.00502
G1 X115.09 Y118.14 F9000
;TYPE:Internal infill
;WIDTH:0.44
G1 F900
G1 X115.3 Y118.175 E.00703
G1 X115.718 Y118.106 E.01399
G1 X116.294 Y117.864 E.02063
G1 X116.798 Y117.482 E.02088
G1 X117.106 Y117.106 E.01605
G1 X114.053 Y114.053 E.14256
G1 X114.617 Y113.833 E.01999
G1 X115.729 Y113.793 E.03674
G1 X116.241 Y113.903 E.01729
G1 X116.781 Y114.219 E.02066
G1 X113.667 Y117.333 E.1454
G1 X113.284 Y116.737 E.02339
G1 X113.118 Y116.179 E.01922
G1 X113.097 Y115.618 E.01854
G1 X113.209 Y115.106 E.0173
;LAYER_CHANGE
;Z:20.2
;HEIGHT:0.200001
;BEFORE_LAYER_CHANGE
G92 E0
;20.2


G1 E-3.5 F3600
;WIPE_START
G1 F7200
G1 X113.097 Y115.618 E-.24895
G1 X113.118 Y116.179 E-.26666
G1 X113.284 Y116.737 E-.27653
G1 X113.667 Y117.333 E-.33651
G1 X114.22 Y116.78 E-.37135
;WIPE_END
G1 Z20.2 F9000
;AFTER_LAYER_CHANGE
;20.2
G1 X113.674 Y117.835
G1 E5 F2400
;TYPE:Perimeter
;WIDTH:0.439999
G1 F900
G1 X113.298 Y117.421 E.01847
G1 X113.027 Y116.953 E.01786
G1 X112.856 Y116.425 E.01832
G1 X112.785 Y115.928 E.01658
G1 X112.815 Y115.434 E.01634
G1 X112.933 Y114.931 E.01706
G1 X113.224 Y114.351 E.02143
G1 X113.638 Y113.877 E.02078
G1 X114.142 Y113.534 E.02013
G1 X114.696 Y113.334 E.01945
G1 X115.231 Y113.283 E.01774
G1 X115.803 Y113.376 E.01913
G1 X116.304 Y113.597 E.01808
G1 X117.061 Y114.148 E.03091
G1 X117.273 Y114.385 E.0105
G1 X117.572 Y114.786 E.01652
G1 X117.763 Y115.312 E.01848
G1 X117.818 Y115.888 E.0191
G1 X117.724 Y116.48 E.01979
G1 X117.476 Y117.047 E.02043
G1 X117.198 Y117.42 E.01536
G1 X116.834 Y117.765 E.01656
G1 X116.422 Y118.018 E.01596
G1 X115.932 Y118.215 E.01744
G1 X115.391 Y118.304 E.0181
G1 X114.882 Y118.301 E.01681
G1 X114.354 Y118.188 E.01783
G1 X113.746 Y117.915 E.02201
G1 X113.714 Y117.88 E.00157
G1 X113.394 Y118.123 F9000
G1 F900
G1 X113.089 Y117.814 E.01434
G1 X112.743 Y117.266 E.0214
G1 X112.521 Y116.733 E.01906
G1 X112.406 Y116.123 E.0205
G1 X112.396 Y115.551 E.01889
G1 X112.51 Y114.968 E.01961
G1 X112.706 Y114.451 E.01826
G1 X113.014 Y113.973 E.01877
G1 X113.375 Y113.579 E.01764
G1 X113.819 Y113.263 E.01799
G1 X114.28 Y113.041 E.01689
G1 X114.758 Y112.922 E.01626
G1 X115.258 Y112.885 E.01655
G1 X115.917 Y112.992 E.02204
G1 X116.503 Y113.251 E.02115
G1 X117.329 Y113.851 E.03371
G1 X117.768 Y114.343 E.02177
G1 X117.974 Y114.715 E.01404
G1 X118.151 Y115.224 E.01779
G1 X118.216 Y115.9 E.02242
G1 X118.142 Y116.427 E.01757
G1 X117.984 Y116.928 E.01734
G1 X117.708 Y117.412 E.0184
G1 X117.361 Y117.833 E.01801
G1 X116.905 Y118.196 E.01924
G1 X116.41 Y118.468 E.01865
G1 X115.826 Y118.643 E.02013
G1 X115.248 Y118.714 E.01923
G1 X114.59 Y118.654 E.02182
G1 X114.044 Y118.508 E.01866
G1 X113.509 Y118.24 E.01976
G1 X113.436 Y118.166 E.00343
G1 X113.124 Y118.401 F9000
;TYPE:External perimeter
;WIDTH:0.419999
G1 F900
G1 X112.79 Y118.063 E.0149
G1 X112.4 Y117.446 E.02289
G1 X112.15 Y116.845 E.02041
G1 X112.021 Y116.163 E.02176
G1 X112.01 Y115.518 E.02023
G1 X112.138 Y114.863 E.02093
G1 X112.359 Y114.277 E.01964
G1 X112.707 Y113.737 E.02014
G1 X113.117 Y113.289 E.01904
G1 X113.622 Y112.93 E.01943
G1 X114.149 Y112.676 E.01834
G1 X114.76 Y112.53 E.0197
G1 X115.284 Y112.497 E.01646
G1 X116.028 Y112.618 E.02363
G1 X116.697 Y112.914 E.02294
G1 X117.59 Y113.562 E.03459
G1 X118.081 Y114.112 E.02312
G1 X118.353 Y114.615 E.01793
G1 X118.529 Y115.138 E.0173
G1 X118.597 Y115.705 E.01791
G1 X118.584 Y116.118 E.01296
G1 X118.478 Y116.7 E.01855
G1 X118.241 Y117.275 E.0195
G1 X117.915 Y117.794 E.01922
G1 X117.463 Y118.258 E.02031
G1 X116.953 Y118.63 E.01979
G1 X116.337 Y118.904 E.02114
G1 X115.707 Y119.064 E.02038
G1 X115.055 Y119.093 E.02046
G1 X114.525 Y119.036 E.01671
G1 X113.9 Y118.869 E.02028
G1 X113.278 Y118.558 E.0218
G1 X113.166 Y118.444 E.00501
G1 X114.992 Y118 F9000
;TYPE:Internal infill
;WIDTH:0.44
G1 F900
G1 X115.547 Y117.984 E.01833
G1 X116.136 Y117.819 E.0202
G1 X116.648 Y117.522 E.01954
G1 X117.082 Y117.082 E.02041
G1 X113.99 Y113.99 E.14438
G1 X114.518 Y113.704 E.01983
G1 X115.211 Y113.589 E.02319
G1 X115.715 Y113.672 E.01686
G1 X116.15 Y113.864 E.0157
G1 X116.721 Y114.279 E.02331
G1 X113.634 Y117.366 E.14414
G1 X113.307 Y116.828 E.02079
G1 X113.123 Y116.223 E.02088
G1 X113.098 Y115.612 E.02019
G1 X113.198 Y115.118 E.01664
;LAYER_CHANGE
;Z:20.4
;HEIGHT:0.199999
;BEFORE_LAYER_CHANGE
G92 E0
;20.4


G1 E-3.5 F3600
;WIPE_START
G1 F7200
G1 X113.098 Y115.612 E-.23941
G1 X113.123 Y116.223 E-.29047
G1 X113.307 Y116.828 E-.30037
G1 X113.634 Y117.366 E-.29905
G1 X114.186 Y116.814 E-.3707
;WIPE_END
G1 Z20.4 F9000
;AFTER_LAYER_CHANGE
;20.4
G1 X112.645 Y116.317
G1 E5 F2400
;TYPE:Perimeter
;WIDTH:0.439999
G1 F900
G1 X112.587 Y115.928 E.01299
G1 X112.624 Y115.366 E.0186
G1 X112.741 Y114.877 E.0166
G1 X112.961 Y114.407 E.01713
G1 X113.259 Y113.978 E.01725
G1 X113.616 Y113.643 E.01616
G1 X114.039 Y113.362 E.01677
G1 X114.639 Y113.143 E.02109
G1 X115.255 Y113.082 E.02044
G1 X115.847 Y113.176 E.01979
G1 X116.378 Y113.406 E.01911
G1 X116.796 Y113.73 E.01746
G1 X117.142 Y114.181 E.01877
G1 X117.373 Y114.729 E.01964
G1 X117.557 Y115.318 E.02037
G1 X117.595 Y116.14 E.02717
G1 X117.441 Y116.678 E.01848
G1 X117.147 Y117.176 E.01909
G1 X116.723 Y117.6 E.0198
G1 X116.189 Y117.913 E.02044
G1 X115.745 Y118.051 E.01535
G1 X115.248 Y118.117 E.01655
G1 X114.765 Y118.079 E.016
G1 X114.254 Y117.95 E.0174
G1 X113.764 Y117.704 E.0181
G1 X113.354 Y117.403 E.01679
G1 X112.993 Y117.001 E.01784
G1 X112.661 Y116.422 E.02204
G1 X112.654 Y116.376 E.00154
G1 X112.254 Y116.384 F9000
G1 F900
G1 X112.219 Y116.155 E.00765
G1 X112.193 Y115.708 E.01478
G1 X112.256 Y115.14 E.01887
G1 X112.452 Y114.54 E.02084
G1 X112.721 Y114.03 E.01904
G1 X113.107 Y113.567 E.0199
G1 X113.532 Y113.203 E.01848
G1 X114.04 Y112.928 E.01907
G1 X114.551 Y112.755 E.01781
G1 X115.1 Y112.69 E.01825
G1 X115.619 Y112.718 E.01716
G1 X116.111 Y112.849 E.01681
G1 X116.582 Y113.064 E.01709
G1 X117.088 Y113.458 E.02117
G1 X117.488 Y113.98 E.02171
G1 X117.746 Y114.592 E.02193
G1 X117.948 Y115.238 E.02235
G1 X117.981 Y115.561 E.01072
G1 X117.999 Y116.079 E.01711
G1 X117.919 Y116.521 E.01483
G1 X117.726 Y116.993 E.01684
G1 X117.462 Y117.42 E.01658
G1 X117.093 Y117.803 E.01756
G1 X116.67 Y118.115 E.01735
G1 X116.163 Y118.344 E.01837
G1 X115.635 Y118.482 E.01802
G1 X115.052 Y118.507 E.01927
G1 X114.492 Y118.436 E.01864
G1 X113.916 Y118.234 E.02015
G1 X113.407 Y117.952 E.01921
G1 X112.91 Y117.517 E.02181
G1 X112.554 Y117.078 E.01866
G1 X112.279 Y116.547 E.01974
G1 X112.263 Y116.444 E.00344
G1 X111.873 Y116.45 F9000
;TYPE:External perimeter
;WIDTH:0.419999
G1 F900
G1 X111.801 Y115.98 E.01491
G1 X111.836 Y115.335 E.02025
G1 X111.945 Y114.813 E.01672
G1 X112.174 Y114.202 E.02046
G1 X112.542 Y113.625 E.02146
G1 X112.972 Y113.151 E.02007
G1 X113.508 Y112.767 E.02067
G1 X114.065 Y112.495 E.01944
G1 X114.68 Y112.342 E.01987
G1 X115.279 Y112.297 E.01883
G1 X115.885 Y112.38 E.01918
G1 X116.436 Y112.554 E.01812
G1 X116.973 Y112.863 E.01943
G1 X117.373 Y113.194 E.01628
G1 X117.825 Y113.784 E.0233
G1 X118.11 Y114.459 E.02297
G1 X118.329 Y115.159 E.023
G1 X118.373 Y115.584 E.0134
G1 X118.372 Y116.259 E.02116
G1 X118.224 Y116.818 E.01813
G1 X117.988 Y117.333 E.01776
G1 X117.632 Y117.813 E.01874
G1 X117.204 Y118.221 E.01854
G1 X116.674 Y118.547 E.01951
G1 X116.106 Y118.775 E.01919
G1 X115.468 Y118.885 E.0203
G1 X114.836 Y118.886 E.01982
G1 X114.177 Y118.746 E.02112
G1 X113.572 Y118.505 E.02042
G1 X113.028 Y118.146 E.02044
G1 X112.633 Y117.787 E.01674
G1 X112.225 Y117.285 E.02028
G1 X111.906 Y116.668 E.02178
G1 X111.882 Y116.51 E.00501
G1 X112.896 Y115.93 F9000
;TYPE:Internal infill
;WIDTH:0.44
G1 F900
G1 X112.945 Y115.285 E.02136
G1 X113.152 Y114.688 E.02086
G1 X113.491 Y114.178 E.02022
G1 X113.849 Y113.849 E.01605
G1 X116.939 Y116.939 E.14428
G1 X117.16 Y116.557 E.01457
G1 X117.31 Y115.902 E.02219
G1 X117.256 Y115.38 E.01733
G1 X117.086 Y114.835 E.01885
G1 X116.783 Y114.217 E.02273
G1 X113.707 Y117.293 E.14363
G1 X114.078 Y117.537 E.01466
G1 X114.652 Y117.75 E.02021
G1 X115.24 Y117.811 E.01952
G1 X115.955 Y117.672 E.02405
;LAYER_CHANGE
;Z:20.6
;HEIGHT:0.200001
;BEFORE_LAYER_CHANGE
G92 E0
;20.6


G1 E-3.5 F3600
;WIPE_START
G1 F7200
G1 X115.24 Y117.811 E-.34598
G1 X114.652 Y117.75 E-.2808
G1 X114.078 Y117.537 E-.29082
G1 X113.707 Y117.293 E-.21092
G1 X114.26 Y116.74 E-.37148
;WIPE_END
G1 Z20.6 F9000
;AFTER_LAYER_CHANGE
;20.6
G1 X112.915 Y116.515
G1 E5 F2400
;TYPE:Perimeter
;WIDTH:0.439999
G1 F900
G1 X112.861 Y116.422 E.00355
G1 X112.787 Y115.928 E.01649
G1 X112.824 Y115.366 E.0186
G1 X112.941 Y114.877 E.0166
G1 X113.161 Y114.407 E.01713
G1 X113.459 Y113.978 E.01725
G1 X113.816 Y113.643 E.01616
G1 X114.239 Y113.362 E.01677
G1 X114.839 Y113.143 E.02109
G1 X115.455 Y113.082 E.02044
G1 X116.047 Y113.176 E.01979
G1 X116.578 Y113.406 E.01911
G1 X116.996 Y113.73 E.01746
G1 X117.342 Y114.181 E.01877
G1 X117.573 Y114.729 E.01964
G1 X117.757 Y115.318 E.02037
G1 X117.795 Y116.14 E.02717
G1 X117.641 Y116.678 E.01848
G1 X117.347 Y117.176 E.01909
G1 X116.923 Y117.6 E.0198
G1 X116.389 Y117.913 E.02044
G1 X115.945 Y118.051 E.01535
G1 X115.448 Y118.117 E.01655
G1 X114.965 Y118.079 E.016
G1 X114.454 Y117.95 E.0174
G1 X113.964 Y117.704 E.0181
G1 X113.554 Y117.403 E.01679
G1 X113.193 Y117.001 E.01784
G1 X112.944 Y116.567 E.01652
G1 X112.554 Y116.692 F9000
G1 F900
G1 X112.479 Y116.547 E.00539
G1 X112.419 Y116.155 E.01309
G1 X112.393 Y115.708 E.01478
G1 X112.456 Y115.14 E.01887
G1 X112.652 Y114.54 E.02084
G1 X112.921 Y114.03 E.01904
G1 X113.307 Y113.567 E.0199
G1 X113.732 Y113.203 E.01848
G1 X114.24 Y112.928 E.01907
G1 X114.751 Y112.755 E.01781
G1 X115.3 Y112.69 E.01825
G1 X115.819 Y112.718 E.01716
G1 X116.311 Y112.849 E.01681
G1 X116.782 Y113.064 E.01709
G1 X117.288 Y113.458 E.02117
G1 X117.688 Y113.98 E.02171
G1 X117.946 Y114.592 E.02193
G1 X118.148 Y115.238 E.02235
G1 X118.181 Y115.561 E.01072
G1 X118.199 Y116.079 E.01711
G1 X118.119 Y116.521 E.01483
G1 X117.926 Y116.993 E.01684
G1 X117.662 Y117.42 E.01658
G1 X117.293 Y117.803 E.01756
G1 X116.87 Y118.115 E.01735
G1 X116.363 Y118.344 E.01837
G1 X115.835 Y118.482 E.01802
G1 X115.252 Y118.507 E.01927
G1 X114.692 Y118.436 E.01864
G1 X114.116 Y118.234 E.02015
G1 X113.607 Y117.952 E.01921
G1 X113.11 Y117.517 E.02181
G1 X112.754 Y117.078 E.01866
G1 X112.582 Y116.746 E.01235
G1 X112.207 Y116.863 F9000
;TYPE:External perimeter
;WIDTH:0.419999
G1 F900
G1 X112.106 Y116.668 E.00689
G1 X112.001 Y115.98 E.02182
G1 X112.036 Y115.335 E.02025
G1 X112.145 Y114.813 E.01672
G1 X112.374 Y114.202 E.02046
G1 X112.742 Y113.625 E.02146
G1 X113.172 Y113.151 E.02007
G1 X113.708 Y112.767 E.02067
G1 X114.265 Y112.495 E.01944
G1 X114.88 Y112.342 E.01987
G1 X115.479 Y112.297 E.01883
G1 X116.085 Y112.38 E.01918
G1 X116.636 Y112.554 E.01812
G1 X117.173 Y112.863 E.01943
G1 X117.573 Y113.194 E.01628
G1 X118.025 Y113.784 E.0233
G1 X118.31 Y114.459 E.02297
G1 X118.529 Y115.159 E.023
G1 X118.573 Y115.584 E.0134
G1 X118.572 Y116.259 E.02116
G1 X118.424 Y116.818 E.01813
G1 X118.188 Y117.333 E.01776
G1 X117.832 Y117.813 E.01874
G1 X117.404 Y118.221 E.01854
G1 X116.874 Y118.547 E.01951
G1 X116.306 Y118.775 E.01919
G1 X115.668 Y118.885 E.0203
G1 X115.036 Y118.886 E.01982
G1 X114.377 Y118.746 E.02112
G1 X113.772 Y118.505 E.02042
G1 X113.228 Y118.146 E.02044
G1 X112.833 Y117.787 E.01674
G1 X112.425 Y117.285 E.02028
G1 X112.234 Y116.917 E.013
G1 X113.117 Y116.071 F9000
;TYPE:Internal infill
;WIDTH:0.44
G1 F900
G1 X113.098 Y115.606 E.01537
G1 X113.23 Y114.977 E.02122
G1 X113.507 Y114.42 E.02054
G1 X113.937 Y113.937 E.02135
G1 X117.051 Y117.051 E.1454
G1 X117.36 Y116.557 E.01924
G1 X117.51 Y115.902 E.02219
G1 X117.456 Y115.38 E.01733
G1 X117.286 Y114.835 E.01885
G1 X117.075 Y114.336 E.01789
G1 X116.897 Y114.103 E.00968
G1 X113.795 Y117.205 E.14484
G1 X114.278 Y117.537 E.01935
G1 X114.852 Y117.75 E.02021
G1 X115.44 Y117.811 E.01952
G1 X116.021 Y117.719 E.01942
;LAYER_CHANGE
;Z:20.8
;HEIGHT:0.199999
;BEFORE_LAYER_CHANGE
G92 E0
;20.8


G1 E-3.5 F3600
;WIPE_START
G1 F7200
G1 X115.44 Y117.811 E-.27941
G1 X114.852 Y117.75 E-.2808
G1 X114.278 Y117.537 E-.29082
G1 X113.795 Y117.205 E-.2784
G1 X114.347 Y116.653 E-.37057
;WIPE_END
G1 Z20.8 F9000
;AFTER_LAYER_CHANGE
;20.8
G1 X112.65 Y114.684
G1 E5 F2400
;TYPE:Perimeter
;WIDTH:0.439999
G1 F900
G1 X112.661 Y114.578 E.00352
G1 X112.993 Y113.999 E.02204
G1 X113.354 Y113.597 E.01784
G1 X113.804 Y113.271 E.01835
G1 X114.254 Y113.05 E.01655
G1 X114.732 Y112.926 E.0163
G1 X115.315 Y112.89 E.01929
G1 X115.89 Y112.981 E.01922
G1 X116.468 Y113.228 E.02075
G1 X116.95 Y113.6 E.0201
G1 X117.311 Y114.066 E.01946
G1 X117.536 Y114.589 E.0188
G1 X117.597 Y115.139 E.01827
G1 X117.568 Y115.647 E.0168
G1 X117.269 Y116.567 E.03194
G1 X117.109 Y116.842 E.0105
G1 X116.819 Y117.25 E.01653
G1 X116.378 Y117.594 E.01847
G1 X115.847 Y117.824 E.01911
G1 X115.256 Y117.918 E.01976
G1 X114.639 Y117.857 E.02047
G1 X114.199 Y117.708 E.01534
G1 X113.758 Y117.469 E.01656
G1 X113.39 Y117.155 E.01597
G1 X113.052 Y116.75 E.01742
G1 X112.8 Y116.263 E.0181
G1 X112.645 Y115.778 E.01681
G1 X112.59 Y115.241 E.01782
G1 X112.643 Y114.744 E.0165
G1 X112.254 Y114.616 F9000
G1 F900
G1 X112.279 Y114.453 E.00544
G1 X112.554 Y113.922 E.01974
G1 X112.968 Y113.424 E.02138
G1 X113.407 Y113.048 E.01908
G1 X113.951 Y112.75 E.02048
G1 X114.492 Y112.564 E.01889
G1 X115.078 Y112.497 E.01947
G1 X115.636 Y112.519 E.01844
G1 X116.184 Y112.664 E.01872
G1 X116.67 Y112.885 E.01763
G1 X117.107 Y113.209 E.01796
G1 X117.462 Y113.58 E.01695
G1 X117.725 Y114.004 E.01647
G1 X117.919 Y114.479 E.01694
G1 X117.998 Y115.295 E.02707
G1 X117.954 Y115.741 E.0148
G1 X117.633 Y116.73 E.03433
G1 X117.302 Y117.3 E.02176
G1 X116.857 Y117.748 E.02085
G1 X116.423 Y118.017 E.01686
G1 X115.959 Y118.206 E.01654
G1 X115.435 Y118.3 E.01758
G1 X114.91 Y118.303 E.01733
G1 X114.364 Y118.19 E.01841
G1 X113.856 Y117.991 E.01801
G1 X113.37 Y117.669 E.01925
G1 X112.959 Y117.283 E.01862
G1 X112.611 Y116.781 E.02017
G1 X112.365 Y116.254 E.0192
G1 X112.219 Y115.61 E.0218
G1 X112.189 Y115.045 E.01868
G1 X112.245 Y114.675 E.01236
G1 X111.873 Y114.55 F9000
;TYPE:External perimeter
;WIDTH:0.419999
G1 F900
G1 X111.906 Y114.332 E.00691
G1 X112.225 Y113.715 E.02178
G1 X112.633 Y113.213 E.02028
G1 X113.028 Y112.854 E.01674
G1 X113.572 Y112.495 E.02044
G1 X114.211 Y112.244 E.02153
G1 X114.833 Y112.115 E.01992
G1 X115.341 Y112.105 E.01593
G1 X115.912 Y112.183 E.01807
G1 X116.499 Y112.365 E.01927
G1 X117.044 Y112.671 E.0196
G1 X117.506 Y113.045 E.01864
G1 X117.886 Y113.517 E.019
G1 X118.163 Y114.012 E.01779
G1 X118.323 Y114.518 E.01664
G1 X118.385 Y115.285 E.02413
G1 X118.331 Y115.833 E.01727
G1 X117.988 Y116.889 E.03481
G1 X117.618 Y117.526 E.0231
G1 X117.377 Y117.802 E.01149
G1 X116.928 Y118.168 E.01816
G1 X116.436 Y118.446 E.01772
G1 X115.865 Y118.624 E.01875
G1 X115.279 Y118.703 E.01854
G1 X114.659 Y118.655 E.0195
G1 X114.065 Y118.505 E.01921
G1 X113.484 Y118.219 E.0203
G1 X112.972 Y117.849 E.01981
G1 X112.521 Y117.348 E.02114
G1 X112.174 Y116.798 E.02039
G1 X111.945 Y116.187 E.02046
G1 X111.836 Y115.665 E.01672
G1 X111.801 Y115.02 E.02025
G1 X111.864 Y114.609 E.01304
G1 X112.97 Y115.806 F9000
;TYPE:Internal infill
;WIDTH:0.44
G1 F900
G1 X112.893 Y115.092 E.02371
G1 X112.956 Y114.673 E.01399
G1 X113.333 Y114.056 E.02387
G1 X113.707 Y113.707 E.01689
G1 X116.787 Y116.787 E.14382
G1 X116.988 Y116.441 E.01321
G1 X117.297 Y115.408 E.0356
G1 X117.242 Y114.673 E.02434
G1 X116.939 Y114.061 E.02255
G1 X113.849 Y117.151 E.14428
G1 X114.44 Y117.48 E.02233
G1 X114.978 Y117.602 E.01821
G1 X115.509 Y117.587 E.01754
G1 X116.094 Y117.396 E.02032
;LAYER_CHANGE
;Z:21
;HEIGHT:0.200001
;BEFORE_LAYER_CHANGE
G92 E0
;21


G1 E-3.5 F3600
;WIPE_START
G1 F7200
G1 X115.509 Y117.587 E-.29231
G1 X114.978 Y117.602 E-.25233
G1 X114.44 Y117.48 E-.26204
G1 X113.849 Y117.151 E-.32129
G1 X114.403 Y116.597 E-.37203
;WIPE_END
G1 Z21 F9000
;AFTER_LAYER_CHANGE
;21
G1 X112.85 Y114.684
G1 E5 F2400
;TYPE:Perimeter
;WIDTH:0.439999
G1 F900
G1 X112.861 Y114.578 E.00352
G1 X113.193 Y113.999 E.02204
G1 X113.554 Y113.597 E.01784
G1 X114.004 Y113.271 E.01835
G1 X114.454 Y113.05 E.01655
G1 X114.934 Y112.926 E.01637
G1 X115.448 Y112.883 E.01703
G1 X116.09 Y112.981 E.02144
G1 X116.668 Y113.228 E.02075
G1 X117.15 Y113.6 E.0201
G1 X117.511 Y114.066 E.01946
G1 X117.736 Y114.589 E.0188
G1 X117.797 Y115.139 E.01827
G1 X117.768 Y115.647 E.0168
G1 X117.469 Y116.567 E.03194
G1 X117.309 Y116.842 E.0105
G1 X117.019 Y117.25 E.01653
G1 X116.578 Y117.594 E.01847
G1 X116.047 Y117.824 E.01911
G1 X115.456 Y117.918 E.01976
G1 X114.839 Y117.857 E.02047
G1 X114.399 Y117.708 E.01534
G1 X113.958 Y117.469 E.01656
G1 X113.59 Y117.155 E.01597
G1 X113.252 Y116.75 E.01742
G1 X113 Y116.263 E.0181
G1 X112.845 Y115.778 E.01681
G1 X112.79 Y115.241 E.01782
G1 X112.843 Y114.744 E.0165
G1 X112.454 Y114.616 F9000
G1 F900
G1 X112.479 Y114.453 E.00544
G1 X112.754 Y113.922 E.01974
G1 X113.168 Y113.424 E.02138
G1 X113.607 Y113.048 E.01908
G1 X114.151 Y112.75 E.02048
G1 X114.692 Y112.564 E.01889
G1 X115.282 Y112.492 E.01962
G1 X115.835 Y112.519 E.01828
G1 X116.384 Y112.664 E.01875
G1 X116.87 Y112.885 E.01763
G1 X117.307 Y113.209 E.01796
G1 X117.662 Y113.58 E.01695
G1 X117.925 Y114.004 E.01647
G1 X118.119 Y114.479 E.01694
G1 X118.198 Y115.295 E.02707
G1 X118.154 Y115.741 E.0148
G1 X117.833 Y116.73 E.03433
G1 X117.502 Y117.3 E.02176
G1 X117.057 Y117.748 E.02085
G1 X116.623 Y118.017 E.01686
G1 X116.159 Y118.206 E.01654
G1 X115.635 Y118.3 E.01758
G1 X115.11 Y118.303 E.01733
G1 X114.564 Y118.19 E.01841
G1 X114.056 Y117.991 E.01801
G1 X113.57 Y117.669 E.01925
G1 X113.159 Y117.283 E.01862
G1 X112.811 Y116.781 E.02017
G1 X112.565 Y116.254 E.0192
G1 X112.419 Y115.61 E.0218
G1 X112.389 Y115.045 E.01868
G1 X112.445 Y114.675 E.01236
G1 X112.073 Y114.55 F9000
;TYPE:External perimeter
;WIDTH:0.419999
G1 F900
G1 X112.106 Y114.332 E.00691
G1 X112.425 Y113.715 E.02178
G1 X112.704 Y113.345 E.01453
G1 X113.18 Y112.892 E.0206
G1 X113.597 Y112.601 E.01594
G1 X114.181 Y112.313 E.02042
G1 X114.836 Y112.147 E.02119
G1 X115.467 Y112.098 E.01984
G1 X116.112 Y112.183 E.0204
G1 X116.699 Y112.365 E.01927
G1 X117.244 Y112.671 E.0196
G1 X117.706 Y113.045 E.01864
G1 X118.086 Y113.517 E.019
G1 X118.363 Y114.012 E.01779
G1 X118.523 Y114.518 E.01664
G1 X118.585 Y115.285 E.02413
G1 X118.531 Y115.833 E.01727
G1 X118.188 Y116.889 E.03481
G1 X117.818 Y117.526 E.0231
G1 X117.577 Y117.802 E.01149
G1 X117.128 Y118.168 E.01816
G1 X116.636 Y118.446 E.01772
G1 X116.065 Y118.624 E.01875
G1 X115.479 Y118.703 E.01854
G1 X114.859 Y118.655 E.0195
G1 X114.265 Y118.505 E.01921
G1 X113.684 Y118.219 E.0203
G1 X113.172 Y117.849 E.01981
G1 X112.721 Y117.348 E.02114
G1 X112.374 Y116.798 E.02039
G1 X112.145 Y116.187 E.02046
G1 X112.036 Y115.665 E.01672
G1 X112.001 Y115.02 E.02025
G1 X112.064 Y114.609 E.01304
G1 X113.208 Y115.943 F9000
;TYPE:Internal infill
;WIDTH:0.44
G1 F900
G1 X113.098 Y115.394 E.01849
G1 X113.156 Y114.673 E.02388
G1 X113.351 Y114.298 E.01396
G1 X113.795 Y113.795 E.02215
G1 X116.91 Y116.91 E.14545
G1 X117.188 Y116.441 E.018
G1 X117.497 Y115.408 E.0356
G1 X117.442 Y114.673 E.02434
G1 X117.247 Y114.221 E.01625
G1 X117.051 Y113.949 E.01107
G1 X113.937 Y117.063 E.1454
G1 X114.38 Y117.366 E.01772
G1 X114.907 Y117.559 E.01853
G1 X115.446 Y117.611 E.01788
G1 X116.166 Y117.457 E.02431
;LAYER_CHANGE
;Z:21.2
;HEIGHT:0.200001
;BEFORE_LAYER_CHANGE
G92 E0
;21.2


G1 E-3.5 F3600
;WIPE_START
G1 F7200
G1 X115.446 Y117.611 E-.34974
G1 X114.907 Y117.559 E-.25721
G1 X114.38 Y117.366 E-.26658
G1 X113.937 Y117.063 E-.25494
G1 X114.49 Y116.51 E-.37153
;WIPE_END
G1 Z21.2 F9000
;AFTER_LAYER_CHANGE
;21.2
G1 X113.674 Y113.165
G1 E5 F2400
;TYPE:Perimeter
;WIDTH:0.439999
G1 F900
G1 X113.746 Y113.085 E.00355
G1 X114.354 Y112.812 E.02201
G1 X114.877 Y112.7 E.01766
G1 X115.436 Y112.7 E.01846
G1 X115.932 Y112.785 E.01662
G1 X116.393 Y112.967 E.01636
G1 X116.834 Y113.235 E.01704
G1 X117.296 Y113.691 E.02143
G1 X117.619 Y114.231 E.02078
G1 X117.79 Y114.816 E.02012
G1 X117.814 Y115.249 E.01432
G1 X117.782 Y115.567 E.01055
G1 X117.643 Y116.05 E.01659
G1 X117.409 Y116.44 E.01502
G1 X117.086 Y116.834 E.01682
G1 X116.304 Y117.403 E.03193
G1 X116.013 Y117.531 E.0105
G1 X115.539 Y117.691 E.01652
G1 X114.98 Y117.71 E.01847
G1 X114.415 Y117.585 E.01911
G1 X113.881 Y117.312 E.0198
G1 X113.418 Y116.901 E.02044
G1 X113.15 Y116.522 E.01533
G1 X112.933 Y116.069 E.01658
G1 X112.82 Y115.598 E.01599
G1 X112.785 Y115.072 E.01741
G1 X112.867 Y114.529 E.01813
G1 X113.027 Y114.047 E.01677
G1 X113.298 Y113.579 E.01786
G1 X113.634 Y113.209 E.0165
G1 X113.394 Y112.877 F9000
G1 F900
G1 X113.509 Y112.76 E.00542
G1 X113.863 Y112.582 E.01308
G1 X114.28 Y112.42 E.01477
G1 X114.837 Y112.304 E.01879
G1 X115.468 Y112.305 E.02083
G1 X116.039 Y112.402 E.01912
G1 X116.599 Y112.626 E.01991
G1 X117.076 Y112.919 E.01848
G1 X117.494 Y113.316 E.01903
G1 X117.818 Y113.749 E.01786
G1 X118.048 Y114.25 E.0182
G1 X118.183 Y114.753 E.0172
G1 X118.21 Y115.262 E.01683
G1 X118.151 Y115.776 E.01708
G1 X117.932 Y116.379 E.02118
G1 X117.641 Y116.802 E.01695
G1 X117.344 Y117.138 E.01481
G1 X116.503 Y117.749 E.03432
G1 X115.9 Y118.015 E.02176
G1 X115.277 Y118.116 E.02084
G1 X114.768 Y118.079 E.01685
G1 X114.28 Y117.959 E.01659
G1 X113.802 Y117.727 E.01754
G1 X113.375 Y117.421 E.01734
G1 X113 Y117.009 E.01839
G1 X112.706 Y116.549 E.01803
G1 X112.502 Y116.003 E.01924
G1 X112.396 Y115.449 E.01862
G1 X112.41 Y114.839 E.02015
G1 X112.521 Y114.267 E.01924
G1 X112.781 Y113.66 E.0218
G1 X113.089 Y113.186 E.01866
G1 X113.352 Y112.919 E.01237
G1 X113.124 Y112.599 F9000
;TYPE:External perimeter
;WIDTH:0.419999
G1 F900
G1 X113.278 Y112.442 E.0069
G1 X113.69 Y112.236 E.01444
G1 X114.167 Y112.049 E.01606
G1 X114.798 Y111.918 E.02021
G1 X115.5 Y111.919 E.02201
G1 X116.144 Y112.029 E.02048
G1 X116.772 Y112.28 E.0212
G1 X117.312 Y112.611 E.01986
G1 X117.783 Y113.059 E.02038
G1 X118.151 Y113.551 E.01926
G1 X118.412 Y114.119 E.0196
G1 X118.566 Y114.692 E.0186
G1 X118.591 Y115.48 E.02472
G1 X118.463 Y116.086 E.01942
G1 X118.272 Y116.569 E.01629
G1 X117.96 Y117.022 E.01725
G1 X117.595 Y117.434 E.01726
G1 X116.697 Y118.086 E.03479
G1 X116.022 Y118.384 E.02313
G1 X115.666 Y118.466 E.01145
G1 X115.088 Y118.498 E.01815
G1 X114.526 Y118.433 E.01774
G1 X113.959 Y118.242 E.01876
G1 X113.439 Y117.961 E.01853
G1 X112.965 Y117.558 E.01951
G1 X112.572 Y117.088 E.01921
G1 X112.271 Y116.515 E.02029
G1 X112.075 Y115.914 E.01982
G1 X112.004 Y115.244 E.02112
G1 X112.046 Y114.595 E.02039
G1 X112.22 Y113.967 E.02043
G1 X112.439 Y113.48 E.01674
G1 X112.79 Y112.937 E.02027
G1 X113.082 Y112.642 E.01301
G1 E-3.5 F3600
;WIPE_START
G1 F7200
G1 X113.124 Y112.599 E-.02855
G1 X113.278 Y112.442 E-.10446
G1 X113.69 Y112.236 E-.2188
G1 X114.167 Y112.049 E-.24336
G1 X114.798 Y111.918 E-.30612
G1 X115.5 Y111.919 E-.33345
G1 X116.05 Y112.013 E-.26526
;WIPE_END
G1 X115.823 Y113.075 F9000
G1 E5 F2400
;TYPE:Internal infill
;WIDTH:0.44
G1 F900
G1 X115.389 Y113.003 E.01453
G1 X114.595 Y113.058 E.02628
G1 X113.928 Y113.336 E.02386
G1 X113.634 Y113.634 E.01382
G1 X116.721 Y116.721 E.14414
G1 X116.15 Y117.136 E.02331
G1 X115.489 Y117.388 E.02336
G1 X114.762 Y117.367 E.02401
G1 X114.281 Y117.194 E.01688
G1 X113.99 Y117.01 E.01137
G1 X117.082 Y113.918 E.14438
G1 X117.43 Y114.606 E.02546
G1 X117.512 Y115.121 E.01722
G1 X117.464 Y115.621 E.01658
G1 X117.236 Y116.152 E.01908
;LAYER_CHANGE
;Z:21.4
;HEIGHT:0.199999
;BEFORE_LAYER_CHANGE
G92 E0
;21.4


G1 E-3.5 F3600
;WIPE_START
G1 F7200
G1 X117.464 Y115.621 E-.27449
G1 X117.512 Y115.121 E-.23859
G1 X117.43 Y114.606 E-.24771
G1 X117.082 Y113.918 E-.36623
G1 X116.527 Y114.473 E-.37298
;WIPE_END
G1 Z21.4 F9000
;AFTER_LAYER_CHANGE
;21.4
G1 X115.605 Y112.533
G1 E5 F2400
;TYPE:Perimeter
;WIDTH:0.439999
G1 F900
G1 X115.993 Y112.597 E.01298
G1 X116.516 Y112.806 E.0186
G1 X116.945 Y113.069 E.01661
G1 X117.322 Y113.421 E.01703
G1 X117.64 Y113.84 E.01737
G1 X117.849 Y114.282 E.01614
G1 X117.985 Y114.771 E.01676
G1 X118.008 Y115.41 E.02111
G1 X117.875 Y116.015 E.02045
G1 X117.603 Y116.549 E.01979
G1 X117.307 Y116.896 E.01506
G1 X116.911 Y117.205 E.01658
G1 X116.491 Y117.382 E.01505
G1 X115.999 Y117.512 E.0168
G1 X115.032 Y117.512 E.03193
G1 X114.721 Y117.445 E.0105
G1 X114.244 Y117.295 E.01651
G1 X113.78 Y116.982 E.01848
G1 X113.397 Y116.549 E.01909
G1 X113.125 Y116.015 E.01979
G1 X112.992 Y115.41 E.02045
G1 X112.998 Y114.945 E.01535
G1 X113.089 Y114.452 E.01655
G1 X113.274 Y114.004 E.016
G1 X113.555 Y113.558 E.0174
G1 X113.94 Y113.167 E.01812
G1 X114.353 Y112.871 E.01678
G1 X114.847 Y112.652 E.01784
G1 X115.5 Y112.515 E.02203
G1 X115.546 Y112.523 E.00154
G1 X115.576 Y112.125 F9000
G1 F900
G1 X116.091 Y112.211 E.01724
G1 X116.692 Y112.45 E.02135
G1 X117.186 Y112.751 E.0191
G1 X117.637 Y113.177 E.02048
G1 X117.981 Y113.634 E.01889
G1 X118.232 Y114.173 E.01963
G1 X118.377 Y114.707 E.01827
G1 X118.404 Y115.446 E.02442
G1 X118.296 Y115.987 E.01821
G1 X118.109 Y116.473 E.01719
G1 X117.833 Y116.901 E.01681
G1 X117.482 Y117.282 E.0171
G1 X116.951 Y117.641 E.02116
G1 X116.467 Y117.812 E.01695
G1 X116.029 Y117.909 E.01481
G1 X114.99 Y117.909 E.0343
G1 X114.345 Y117.77 E.02179
G1 X113.782 Y117.485 E.02083
G1 X113.392 Y117.156 E.01685
G1 X113.068 Y116.772 E.01659
G1 X112.817 Y116.303 E.01756
G1 X112.651 Y115.805 E.01733
G1 X112.591 Y115.251 E.0184
G1 X112.623 Y114.707 E.01799
G1 X112.779 Y114.145 E.01926
G1 X113.019 Y113.634 E.01864
G1 X113.389 Y113.149 E.02014
G1 X113.814 Y112.751 E.01922
G1 X114.382 Y112.414 E.02181
G1 X114.909 Y112.211 E.01865
G1 X115.5 Y112.113 E.01978
G1 X115.517 Y112.116 E.00057
G1 X115.607 Y111.738 F9000
;TYPE:External perimeter
;WIDTH:0.419999
G1 F900
G1 X116.186 Y111.834 E.0184
G1 X116.864 Y112.103 E.02287
G1 X117.42 Y112.442 E.02042
G1 X117.925 Y112.919 E.02178
G1 X118.313 Y113.434 E.02022
G1 X118.595 Y114.039 E.02093
G1 X118.76 Y114.644 E.01966
G1 X118.796 Y115.262 E.01941
G1 X118.757 Y115.696 E.01366
G1 X118.614 Y116.28 E.01885
G1 X118.348 Y116.83 E.01916
G1 X118.012 Y117.3 E.01811
G1 X117.553 Y117.716 E.01942
G1 X117.115 Y117.994 E.01627
G1 X116.595 Y118.177 E.01728
G1 X116.058 Y118.296 E.01725
G1 X114.948 Y118.296 E.0348
G1 X114.228 Y118.14 E.0231
G1 X113.891 Y117.997 E.01148
G1 X113.404 Y117.683 E.01817
G1 X112.988 Y117.3 E.01773
G1 X112.642 Y116.813 E.01873
G1 X112.386 Y116.28 E.01854
G1 X112.24 Y115.675 E.01951
G1 X112.198 Y115.064 E.0192
G1 X112.291 Y114.423 E.02031
G1 X112.485 Y113.822 E.0198
G1 X112.822 Y113.238 E.02114
G1 X113.238 Y112.738 E.02039
G1 X113.748 Y112.331 E.02046
G1 X114.211 Y112.067 E.01671
G1 X114.814 Y111.834 E.02027
G1 X115.5 Y111.721 E.0218
G1 X115.548 Y111.728 E.00152
G1 X115.851 Y112.883 F9000
;TYPE:Internal infill
;WIDTH:0.44
G1 F900
G1 X115.5 Y112.825 E.01175
G1 X114.797 Y112.993 E.02386
G1 X114.24 Y113.313 E.02121
G1 X113.776 Y113.776 E.02164
G1 X116.868 Y116.868 E.14438
G1 X116.143 Y117.181 E.02607
G1 X115.064 Y117.206 E.03564
G1 X114.559 Y117.097 E.01706
G1 X114.132 Y116.868 E.016
G1 X117.224 Y113.776 E.14438
G1 X117.516 Y114.263 E.01875
G1 X117.682 Y114.821 E.01922
G1 X117.703 Y115.382 E.01854
G1 X117.537 Y116.026 E.02196
;LAYER_CHANGE
;Z:21.6
;HEIGHT:0.200001
;BEFORE_LAYER_CHANGE
G92 E0
;21.6


G1 E-3.5 F3600
;WIPE_START
G1 F7200
G1 X117.703 Y115.382 E-.3159
G1 X117.682 Y114.821 E-.26666
G1 X117.516 Y114.263 E-.27653
G1 X117.224 Y113.776 E-.26972
G1 X116.671 Y114.329 E-.37119
;WIPE_END
G1 Z21.6 F9000
;AFTER_LAYER_CHANGE
;21.6
G1 X115.605 Y112.533
G1 E5 F2400
;TYPE:Perimeter
;WIDTH:0.439999
G1 F900
G1 X115.993 Y112.597 E.01298
G1 X116.516 Y112.806 E.0186
G1 X116.945 Y113.069 E.01661
G1 X117.322 Y113.421 E.01703
G1 X117.64 Y113.84 E.01737
G1 X117.849 Y114.282 E.01614
G1 X117.985 Y114.771 E.01676
G1 X118.008 Y115.41 E.02111
G1 X117.875 Y116.015 E.02045
G1 X117.603 Y116.549 E.01979
G1 X117.307 Y116.896 E.01506
G1 X116.911 Y117.205 E.01658
G1 X116.491 Y117.382 E.01505
G1 X115.999 Y117.512 E.0168
G1 X115.032 Y117.512 E.03193
G1 X114.721 Y117.445 E.0105
G1 X114.244 Y117.295 E.01651
G1 X113.78 Y116.982 E.01848
G1 X113.397 Y116.549 E.01909
G1 X113.125 Y116.015 E.01979
G1 X112.992 Y115.41 E.02045
G1 X112.998 Y114.945 E.01535
G1 X113.089 Y114.452 E.01655
G1 X113.274 Y114.004 E.016
G1 X113.555 Y113.558 E.0174
G1 X113.94 Y113.167 E.01812
G1 X114.353 Y112.871 E.01678
G1 X114.847 Y112.652 E.01784
G1 X115.5 Y112.515 E.02203
G1 X115.546 Y112.523 E.00154
G1 X115.662 Y112.14 F9000
G1 F900
G1 X116.091 Y112.211 E.01436
G1 X116.692 Y112.45 E.02135
G1 X117.186 Y112.751 E.0191
G1 X117.637 Y113.177 E.02048
G1 X117.981 Y113.634 E.01889
G1 X118.232 Y114.173 E.01963
G1 X118.377 Y114.707 E.01827
G1 X118.404 Y115.446 E.02442
G1 X118.296 Y115.987 E.01821
G1 X118.109 Y116.473 E.01719
G1 X117.833 Y116.901 E.01681
G1 X117.482 Y117.282 E.0171
G1 X116.951 Y117.641 E.02116
G1 X116.467 Y117.812 E.01695
G1 X116.029 Y117.909 E.01481
G1 X114.99 Y117.909 E.0343
G1 X114.345 Y117.77 E.02179
G1 X113.782 Y117.485 E.02083
G1 X113.392 Y117.156 E.01685
G1 X113.068 Y116.772 E.01659
G1 X112.817 Y116.303 E.01756
G1 X112.651 Y115.805 E.01733
G1 X112.591 Y115.251 E.0184
G1 X112.623 Y114.707 E.01799
G1 X112.779 Y114.145 E.01926
G1 X113.019 Y113.634 E.01864
G1 X113.389 Y113.149 E.02014
G1 X113.814 Y112.751 E.01922
G1 X114.382 Y112.414 E.02181
G1 X114.909 Y112.211 E.01865
G1 X115.5 Y112.113 E.01978
G1 X115.603 Y112.13 E.00345
G1 X115.717 Y111.756 F9000
;TYPE:External perimeter
;WIDTH:0.419999
G1 F900
G1 X116.186 Y111.834 E.01491
G1 X116.864 Y112.103 E.02287
G1 X117.42 Y112.442 E.02042
G1 X117.925 Y112.919 E.02178
G1 X118.313 Y113.434 E.02022
G1 X118.595 Y114.039 E.02093
G1 X118.76 Y114.644 E.01966
G1 X118.796 Y115.262 E.01941
G1 X118.757 Y115.696 E.01366
G1 X118.614 Y116.28 E.01885
G1 X118.348 Y116.83 E.01916
G1 X118.012 Y117.3 E.01811
G1 X117.553 Y117.716 E.01942
G1 X117.115 Y117.994 E.01627
G1 X116.595 Y118.177 E.01728
G1 X116.058 Y118.296 E.01725
G1 X114.948 Y118.296 E.0348
G1 X114.228 Y118.14 E.0231
G1 X113.891 Y117.997 E.01148
G1 X113.404 Y117.683 E.01817
G1 X112.988 Y117.3 E.01773
G1 X112.642 Y116.813 E.01873
G1 X112.386 Y116.28 E.01854
G1 X112.24 Y115.675 E.01951
G1 X112.198 Y115.064 E.0192
G1 X112.291 Y114.423 E.02031
G1 X112.485 Y113.822 E.0198
G1 X112.822 Y113.238 E.02114
G1 X113.238 Y112.738 E.02039
G1 X113.748 Y112.331 E.02046
G1 X114.211 Y112.067 E.01671
G1 X114.814 Y111.834 E.02027
G1 X115.5 Y111.721 E.0218
G1 X115.658 Y111.747 E.00502
G1 X115.851 Y112.883 F9000
;TYPE:Internal infill
;WIDTH:0.44
G1 F900
G1 X115.5 Y112.825 E.01175
G1 X114.797 Y112.993 E.02386
G1 X114.24 Y113.313 E.02121
G1 X113.776 Y113.776 E.02164
G1 X116.868 Y116.868 E.14438
G1 X116.143 Y117.181 E.02607
G1 X115.064 Y117.206 E.03564
G1 X114.559 Y117.097 E.01706
G1 X114.132 Y116.868 E.016
G1 X117.224 Y113.776 E.14438
G1 X117.516 Y114.263 E.01875
G1 X117.682 Y114.821 E.01922
G1 X117.703 Y115.382 E.01854
G1 X117.537 Y116.026 E.02196
;LAYER_CHANGE
;Z:21.8
;HEIGHT:0.199999
;BEFORE_LAYER_CHANGE
G92 E0
;21.8


G1 E-3.5 F3600
;WIPE_START
G1 F7200
G1 X117.703 Y115.382 E-.3159
G1 X117.682 Y114.821 E-.26666
G1 X117.516 Y114.263 E-.27653
G1 X117.224 Y113.776 E-.26972
G1 X116.671 Y114.329 E-.37119
;WIPE_END
G1 Z21.8 F9000
;AFTER_LAYER_CHANGE
;21.8
G1 X117.329 Y113.161
G1 E5 F2400
;TYPE:Perimeter
;WIDTH:0.439999
G1 F900
G1 X117.487 Y113.321 E.00742
G1 X117.804 Y113.726 E.01698
G1 X118.045 Y114.241 E.01877
G1 X118.179 Y114.726 E.01661
G1 X118.208 Y115.415 E.02277
G1 X118.116 Y115.895 E.01614
G1 X117.938 Y116.371 E.01678
G1 X117.582 Y116.901 E.02108
G1 X117.119 Y117.312 E.02044
G1 X116.585 Y117.585 E.0198
G1 X116.02 Y117.71 E.01911
G1 X115.492 Y117.694 E.01744
G1 X114.947 Y117.532 E.01877
G1 X114.438 Y117.224 E.01964
G1 X113.943 Y116.856 E.02037
G1 X113.727 Y116.615 E.01069
G1 X113.428 Y116.214 E.01652
G1 X113.237 Y115.688 E.01848
G1 X113.182 Y115.112 E.0191
G1 X113.276 Y114.52 E.01979
G1 X113.524 Y113.953 E.02043
G1 X113.802 Y113.58 E.01536
G1 X114.166 Y113.235 E.01656
G1 X114.579 Y112.982 E.01599
G1 X115.068 Y112.785 E.01741
G1 X115.609 Y112.696 E.0181
G1 X116.118 Y112.699 E.01681
G1 X116.646 Y112.812 E.01783
G1 X117.254 Y113.085 E.02201
G1 X117.287 Y113.119 E.00156
G1 X117.606 Y112.877 F9000
G1 F900
G1 X117.769 Y113.042 E.00766
G1 X118.144 Y113.519 E.02003
G1 X118.417 Y114.102 E.02125
G1 X118.571 Y114.66 E.01911
G1 X118.609 Y115.236 E.01906
G1 X118.573 Y115.657 E.01395
G1 X118.442 Y116.201 E.01847
G1 X118.193 Y116.722 E.01907
G1 X117.881 Y117.163 E.01784
G1 X117.475 Y117.538 E.01825
G1 X117.039 Y117.821 E.01716
G1 X116.564 Y118.004 E.01681
G1 X116.056 Y118.106 E.01711
G1 X115.415 Y118.085 E.02118
G1 X114.785 Y117.898 E.0217
G1 X114.216 Y117.554 E.02195
G1 X113.673 Y117.151 E.02233
G1 X113.232 Y116.657 E.02186
G1 X112.943 Y116.096 E.02084
G1 X112.821 Y115.6 E.01686
G1 X112.784 Y115.1 E.01655
G1 X112.858 Y114.573 E.01757
G1 X113.016 Y114.072 E.01734
G1 X113.292 Y113.589 E.01837
G1 X113.639 Y113.167 E.01804
G1 X114.095 Y112.804 E.01924
G1 X114.59 Y112.532 E.01865
G1 X115.174 Y112.357 E.02013
G1 X115.752 Y112.286 E.01923
G1 X116.41 Y112.346 E.02182
G1 X116.956 Y112.492 E.01866
G1 X117.491 Y112.76 E.01976
G1 X117.564 Y112.834 E.00343
G1 X117.876 Y112.599 F9000
;TYPE:External perimeter
;WIDTH:0.419999
G1 F900
G1 X118.21 Y112.937 E.0149
G1 X118.561 Y113.48 E.02027
G1 X118.78 Y113.966 E.01671
G1 X118.954 Y114.595 E.02046
G1 X118.995 Y115.279 E.02148
G1 X118.925 Y115.914 E.02003
G1 X118.719 Y116.54 E.02066
G1 X118.428 Y117.088 E.01945
G1 X118.02 Y117.573 E.01987
G1 X117.561 Y117.961 E.01884
G1 X117.022 Y118.25 E.01918
G1 X116.474 Y118.433 E.01811
G1 X115.858 Y118.499 E.01942
G1 X115.34 Y118.467 E.01627
G1 X114.628 Y118.255 E.02329
G1 X114 Y117.876 E.023
G1 X113.411 Y117.438 E.02301
G1 X112.919 Y116.888 E.02314
G1 X112.73 Y116.574 E.01149
G1 X112.522 Y116.034 E.01814
G1 X112.409 Y115.48 E.01773
G1 X112.416 Y114.882 E.01875
G1 X112.522 Y114.3 E.01855
G1 X112.759 Y113.725 E.0195
G1 X113.085 Y113.206 E.01922
G1 X113.537 Y112.743 E.02029
G1 X114.047 Y112.37 E.01981
G1 X114.663 Y112.096 E.02114
G1 X115.293 Y111.936 E.02038
G1 X115.945 Y111.907 E.02046
G1 X116.475 Y111.964 E.01671
G1 X117.1 Y112.131 E.02028
G1 X117.722 Y112.442 E.0218
G1 X117.834 Y112.556 E.00501
G1 X116.009 Y113 F9000
;TYPE:Internal infill
;WIDTH:0.44
G1 F900
G1 X115.451 Y113.016 E.01843
G1 X114.864 Y113.181 E.02013
G1 X114.352 Y113.478 E.01954
G1 X113.918 Y113.918 E.02041
G1 X117.01 Y117.01 E.14438
G1 X116.719 Y117.194 E.01137
G1 X116.238 Y117.367 E.01688
G1 X115.551 Y117.392 E.0227
G1 X115.072 Y117.25 E.0165
G1 X114.276 Y116.724 E.0315
G1 X117.366 Y113.634 E.14428
G1 X117.693 Y114.172 E.02079
G1 X117.877 Y114.777 E.02088
G1 X117.902 Y115.389 E.02022
G1 X117.802 Y115.882 E.01661
;LAYER_CHANGE
;Z:22
;HEIGHT:0.200001
;BEFORE_LAYER_CHANGE
G92 E0
;22


G1 E-3.5 F3600
;WIPE_START
G1 F7200
G1 X117.902 Y115.389 E-.23894
G1 X117.877 Y114.777 E-.29094
G1 X117.693 Y114.172 E-.30037
G1 X117.366 Y113.634 E-.29905
G1 X116.814 Y114.186 E-.3707
;WIPE_END
G1 Z22 F9000
;AFTER_LAYER_CHANGE
;22
G1 X117.129 Y113.161
G1 E5 F2400
;TYPE:Perimeter
;WIDTH:0.439999
G1 F900
G1 X117.287 Y113.321 E.00742
G1 X117.604 Y113.726 E.01698
G1 X117.845 Y114.241 E.01877
G1 X117.979 Y114.726 E.01661
G1 X118.008 Y115.415 E.02277
G1 X117.916 Y115.895 E.01614
G1 X117.738 Y116.371 E.01678
G1 X117.382 Y116.901 E.02108
G1 X116.919 Y117.312 E.02044
G1 X116.385 Y117.585 E.0198
G1 X115.82 Y117.71 E.01911
G1 X115.292 Y117.694 E.01744
G1 X114.747 Y117.532 E.01877
G1 X114.238 Y117.224 E.01964
G1 X113.743 Y116.856 E.02037
G1 X113.527 Y116.615 E.01069
G1 X113.228 Y116.214 E.01652
G1 X113.037 Y115.688 E.01848
G1 X112.982 Y115.112 E.0191
G1 X113.076 Y114.52 E.01979
G1 X113.324 Y113.953 E.02043
G1 X113.602 Y113.58 E.01536
G1 X113.966 Y113.235 E.01656
G1 X114.379 Y112.982 E.01599
G1 X114.868 Y112.785 E.01741
G1 X115.409 Y112.696 E.0181
G1 X115.918 Y112.699 E.01681
G1 X116.446 Y112.812 E.01783
G1 X117.054 Y113.085 E.02201
G1 X117.087 Y113.119 E.00156
G1 X117.406 Y112.877 F9000
G1 F900
G1 X117.569 Y113.042 E.00766
G1 X117.944 Y113.519 E.02003
G1 X118.217 Y114.102 E.02125
G1 X118.371 Y114.66 E.01911
G1 X118.409 Y115.236 E.01906
G1 X118.373 Y115.657 E.01395
G1 X118.242 Y116.201 E.01847
G1 X117.993 Y116.722 E.01907
G1 X117.681 Y117.163 E.01784
G1 X117.275 Y117.538 E.01825
G1 X116.839 Y117.821 E.01716
G1 X116.364 Y118.004 E.01681
G1 X115.856 Y118.106 E.01711
G1 X115.215 Y118.085 E.02118
G1 X114.585 Y117.898 E.0217
G1 X114.016 Y117.554 E.02195
G1 X113.473 Y117.151 E.02233
G1 X113.032 Y116.657 E.02186
G1 X112.743 Y116.096 E.02084
G1 X112.621 Y115.6 E.01686
G1 X112.584 Y115.1 E.01655
G1 X112.658 Y114.573 E.01757
G1 X112.816 Y114.072 E.01734
G1 X113.092 Y113.589 E.01837
G1 X113.439 Y113.167 E.01804
G1 X113.895 Y112.804 E.01924
G1 X114.39 Y112.532 E.01865
G1 X114.974 Y112.357 E.02013
G1 X115.552 Y112.286 E.01923
G1 X116.21 Y112.346 E.02182
G1 X116.756 Y112.492 E.01866
G1 X117.291 Y112.76 E.01976
G1 X117.364 Y112.834 E.00343
G1 X117.676 Y112.599 F9000
;TYPE:External perimeter
;WIDTH:0.419999
G1 F900
G1 X118.01 Y112.937 E.0149
G1 X118.361 Y113.48 E.02027
G1 X118.58 Y113.966 E.01671
G1 X118.754 Y114.595 E.02046
G1 X118.795 Y115.279 E.02148
G1 X118.725 Y115.914 E.02003
G1 X118.519 Y116.54 E.02066
G1 X118.228 Y117.088 E.01945
G1 X117.82 Y117.573 E.01987
G1 X117.361 Y117.961 E.01884
G1 X116.822 Y118.25 E.01918
G1 X116.274 Y118.433 E.01811
G1 X115.658 Y118.499 E.01942
G1 X115.14 Y118.467 E.01627
G1 X114.428 Y118.255 E.02329
G1 X113.8 Y117.876 E.023
G1 X113.211 Y117.438 E.02301
G1 X112.719 Y116.888 E.02314
G1 X112.53 Y116.574 E.01149
G1 X112.322 Y116.034 E.01814
G1 X112.209 Y115.48 E.01773
G1 X112.216 Y114.882 E.01875
G1 X112.322 Y114.3 E.01855
G1 X112.559 Y113.725 E.0195
G1 X112.885 Y113.206 E.01922
G1 X113.337 Y112.743 E.02029
G1 X113.847 Y112.37 E.01981
G1 X114.463 Y112.096 E.02114
G1 X115.093 Y111.936 E.02038
G1 X115.745 Y111.907 E.02046
G1 X116.275 Y111.964 E.01671
G1 X116.9 Y112.131 E.02028
G1 X117.522 Y112.442 E.0218
G1 X117.634 Y112.556 E.00501
G1 X116.875 Y113.332 F9000
;TYPE:Solid infill
;WIDTH:0.461642
G1 F900
G1 X116.379 Y113.132 E.01862
;WIDTH:0.489535
G1 X116.071 Y113.089 E.01155
;WIDTH:0.517428
G1 X115.763 Y113.046 E.01227
;WIDTH:0.560436
G1 X115.109 Y113.12 E.02832
;WIDTH:0.607818
G1 X114.551 Y113.345 E.02826
;WIDTH:0.648078
G1 X114.077 Y113.673 E.029
;WIDTH:0.60898
G1 X114.018 Y113.703 E.00312
;WIDTH:0.569882
G1 X113.959 Y113.734 E.00292
;WIDTH:0.530783
G1 X113.899 Y113.765 E.00274
;WIDTH:0.490684
G1 X113.839 Y113.796 E.00251
;WIDTH:0.450585
G1 X113.778 Y113.828 E.00233
;WIDTH:0.410486
G1 X113.718 Y113.859 E.00206
;WIDTH:0.376339
G1 X113.449 Y114.316 E.0147
G1 X113.285 Y114.839 E.0152
;WIDTH:0.409088
G1 X113.299 Y114.971 E.00404
;WIDTH:0.448121
G1 X113.313 Y115.104 E.00451
;WIDTH:0.487155
G1 X113.327 Y115.236 E.0049
;WIDTH:0.526188
G1 X113.341 Y115.369 E.00537
;WIDTH:0.549574
G1 X113.364 Y115.421 E.0024
G1 X113.423 Y115.3 E.00567
;WIDTH:0.504694
G1 X113.481 Y115.178 E.00519
;WIDTH:0.459814
G1 X113.539 Y115.056 E.00468
;WIDTH:0.414934
G1 X113.597 Y114.935 E.00415
;WIDTH:0.373851
G1 X113.76 Y114.437 E.01442
;WIDTH:0.404103
G1 X114.018 Y113.961 E.01626
;WIDTH:0.452898
G1 X114.041 Y113.897 E.00232
;WIDTH:0.501693
G1 X114.065 Y113.833 E.00261
;WIDTH:0.550488
G1 X114.088 Y113.77 E.00283
;WIDTH:0.599283
G1 X114.112 Y113.706 E.00316
;WIDTH:0.648078
G1 X114.135 Y113.642 E.00342
G1 X113.364 Y115.421 F9000
;WIDTH:0.549574
G1 F900
G1 X113.411 Y115.717 E.01263
;WIDTH:0.509362
G1 X113.51 Y115.979 E.01086
;WIDTH:0.481259
G1 X113.61 Y116.24 E.01019
G1 E-3.5 F3600
;WIPE_START
G1 F7200
G1 X113.51 Y115.979 E-.13276
G1 X113.411 Y115.717 E-.13304
G1 X113.364 Y115.421 E-.14236
;WIPE_END
G1 E-1.09184 F3600
G1 X115.062 Y113.622 F9000
G1 E5 F2400
;TYPE:Internal infill
;WIDTH:0.44
G1 F900
G1 X115.485 Y113.5 E.01454
G1 X115.798 Y113.48 E.01036
G1 X116.311 Y113.534 E.01703
G1 X117.101 Y113.849 E.02808
G1 X117.208 Y113.693 E.00625
G1 X117.249 Y113.751 E.00235
G1 X114.191 Y116.809 E.14279
G1 X113.99 Y116.659 E.00828
G1 X114.142 Y116.571 E.0058
G1 X113.81 Y115.452 E.03854
G1 X114.089 Y114.593 E.02982
G1 X114.274 Y114.274 E.01218
G1 X116.922 Y116.922 E.12364
G1 X117.321 Y116.478 E.01971
G1 X117.578 Y115.967 E.01889
G1 X117.702 Y115.389 E.01952
G1 X117.676 Y114.773 E.02036
;LAYER_CHANGE
;Z:22.2
;HEIGHT:0.200001
;BEFORE_LAYER_CHANGE
G92 E0
;22.2


G1 E-3.5 F3600
;WIPE_START
G1 F7200
G1 X117.702 Y115.389 E-.29286
G1 X117.578 Y115.967 E-.2808
G1 X117.321 Y116.478 E-.27169
G1 X116.922 Y116.922 E-.28355
G1 X116.37 Y116.37 E-.3711
;WIPE_END
G1 Z22.2 F9000
;AFTER_LAYER_CHANGE
;22.2
G1 X118.283 Y114.48
G1 E5 F2400
;TYPE:Perimeter
;WIDTH:0.439999
G1 F900
G1 X118.339 Y114.578 E.00373
G1 X118.41 Y115.241 E.02202
G1 X118.376 Y115.634 E.01302
G1 X118.259 Y116.123 E.0166
G1 X118.04 Y116.591 E.01706
G1 X117.741 Y117.022 E.01732
G1 X117.384 Y117.357 E.01616
G1 X116.961 Y117.638 E.01677
G1 X116.361 Y117.857 E.02109
G1 X115.744 Y117.918 E.02047
G1 X115.153 Y117.824 E.01976
G1 X114.731 Y117.65 E.01507
G1 X114.315 Y117.369 E.01658
G1 X114.016 Y117.025 E.01505
G1 X113.741 Y116.597 E.0168
G1 X113.442 Y115.676 E.03197
G1 X113.41 Y115.36 E.01049
G1 X113.405 Y114.86 E.01651
G1 X113.559 Y114.322 E.01848
G1 X113.853 Y113.824 E.01909
G1 X114.277 Y113.4 E.0198
G1 X114.811 Y113.087 E.02044
G1 X115.255 Y112.949 E.01535
G1 X115.752 Y112.883 E.01655
G1 X116.235 Y112.921 E.016
G1 X116.746 Y113.05 E.0174
G1 X117.236 Y113.296 E.0181
G1 X117.646 Y113.597 E.01679
G1 X118.007 Y113.999 E.01784
G1 X118.253 Y114.428 E.01633
G1 X118.643 Y114.302 F9000
G1 F900
G1 X118.721 Y114.453 E.00561
G1 X118.781 Y114.845 E.01309
G1 X118.807 Y115.292 E.01478
G1 X118.744 Y115.86 E.01887
G1 X118.548 Y116.46 E.02084
G1 X118.279 Y116.97 E.01904
G1 X117.893 Y117.433 E.0199
G1 X117.468 Y117.797 E.01848
G1 X116.961 Y118.071 E.01903
G1 X116.449 Y118.245 E.01785
G1 X115.901 Y118.31 E.01822
G1 X115.381 Y118.282 E.01719
G1 X114.889 Y118.151 E.01681
G1 X114.418 Y117.936 E.01709
G1 X113.912 Y117.542 E.02117
G1 X113.6 Y117.134 E.01696
G1 X113.373 Y116.747 E.01481
G1 X113.051 Y115.759 E.03431
G1 X112.984 Y115.103 E.02177
G1 X113.081 Y114.479 E.02085
G1 X113.274 Y114.007 E.01684
G1 X113.538 Y113.58 E.01658
G1 X113.907 Y113.197 E.01756
G1 X114.33 Y112.885 E.01735
G1 X114.838 Y112.656 E.0184
G1 X115.365 Y112.518 E.01799
G1 X115.948 Y112.493 E.01927
G1 X116.508 Y112.564 E.01864
G1 X117.084 Y112.766 E.02015
G1 X117.593 Y113.048 E.01921
G1 X118.09 Y113.483 E.02181
G1 X118.446 Y113.922 E.01866
G1 X118.615 Y114.248 E.01212
G1 X118.99 Y114.13 F9000
;TYPE:External perimeter
;WIDTH:0.419999
G1 F900
G1 X119.095 Y114.332 E.00714
G1 X119.163 Y114.787 E.01442
G1 X119.194 Y115.255 E.01471
G1 X119.164 Y115.665 E.01289
G1 X119.055 Y116.187 E.01672
G1 X118.826 Y116.798 E.02046
G1 X118.457 Y117.375 E.02147
G1 X118.028 Y117.849 E.02005
G1 X117.492 Y118.233 E.02067
G1 X116.935 Y118.505 E.01944
G1 X116.32 Y118.658 E.01987
G1 X115.721 Y118.703 E.01883
G1 X115.115 Y118.62 E.01918
G1 X114.564 Y118.446 E.01812
G1 X114.027 Y118.137 E.01943
G1 X113.627 Y117.806 E.01628
G1 X113.292 Y117.369 E.01726
G1 X113.013 Y116.894 E.01727
G1 X112.671 Y115.839 E.03477
G1 X112.596 Y115.106 E.0231
G1 X112.628 Y114.741 E.01149
G1 X112.776 Y114.182 E.01813
G1 X113.012 Y113.667 E.01776
G1 X113.368 Y113.187 E.01874
G1 X113.796 Y112.779 E.01854
G1 X114.326 Y112.453 E.01951
G1 X114.894 Y112.225 E.01919
G1 X115.533 Y112.115 E.02033
G1 X116.164 Y112.114 E.01978
G1 X116.824 Y112.255 E.02116
G1 X117.428 Y112.495 E.02038
G1 X117.972 Y112.854 E.02044
G1 X118.367 Y113.213 E.01674
G1 X118.775 Y113.715 E.02028
G1 X118.962 Y114.077 E.01278
G1 X118.104 Y115.07 F9000
;TYPE:Internal infill
;WIDTH:0.44
G1 F900
G1 X118.055 Y115.715 E.02136
G1 X117.848 Y116.312 E.02086
G1 X117.509 Y116.822 E.02022
G1 X117.151 Y117.151 E.01605
G1 X114.061 Y114.061 E.14428
G1 X113.84 Y114.443 E.01457
G1 X113.69 Y115.098 E.02219
G1 X113.743 Y115.613 E.01709
G1 X114.025 Y116.481 E.03013
G1 X114.217 Y116.783 E.01182
G1 X117.293 Y113.707 E.14363
G1 X116.922 Y113.463 E.01466
G1 X116.348 Y113.25 E.02021
G1 X116.053 Y113.201 E.00987
G1 X115.47 Y113.215 E.01925
G1 X115.044 Y113.328 E.01455
;LAYER_CHANGE
;Z:22.4
;HEIGHT:0.199999
;BEFORE_LAYER_CHANGE
G92 E0
;22.4


G1 E-3.5 F3600
;WIPE_START
G1 F7200
G1 X115.47 Y113.215 E-.20935
G1 X116.053 Y113.201 E-.277
G1 X116.348 Y113.25 E-.14204
G1 X116.922 Y113.463 E-.29082
G1 X117.293 Y113.707 E-.21092
G1 X116.742 Y114.258 E-.36987
;WIPE_END
G1 Z22.4 F9000
;AFTER_LAYER_CHANGE
;22.4
G1 X118.35 Y116.316
G1 E5 F2400
;TYPE:Perimeter
;WIDTH:0.439999
G1 F900
G1 X118.339 Y116.422 E.00352
G1 X118.109 Y116.866 E.01651
G1 X117.748 Y117.299 E.01861
G1 X117.366 Y117.626 E.0166
G1 X116.914 Y117.876 E.01705
G1 X116.418 Y118.049 E.01734
G1 X115.933 Y118.11 E.01614
G1 X115.425 Y118.088 E.01679
G1 X114.811 Y117.913 E.02108
G1 X114.277 Y117.6 E.02044
G1 X113.853 Y117.176 E.0198
G1 X113.614 Y116.787 E.01507
G1 X113.443 Y116.315 E.01658
G1 X113.403 Y115.861 E.01505
G1 X113.432 Y115.353 E.0168
G1 X113.731 Y114.433 E.03194
G1 X114.022 Y113.933 E.0191
G1 X114.388 Y113.566 E.01711
G1 X114.877 Y113.275 E.01879
G1 X115.277 Y113.148 E.01386
G1 X115.805 Y113.089 E.01754
G1 X116.387 Y113.15 E.01932
G1 X116.774 Y113.28 E.01348
G1 X117.242 Y113.531 E.01753
G1 X117.61 Y113.845 E.01597
G1 X117.948 Y114.25 E.01742
G1 X118.2 Y114.737 E.0181
G1 X118.355 Y115.222 E.01681
G1 X118.41 Y115.759 E.01782
G1 X118.357 Y116.256 E.0165
G1 X118.746 Y116.384 F9000
G1 F900
G1 X118.721 Y116.547 E.00544
G1 X118.539 Y116.899 E.01308
G1 X118.298 Y117.275 E.01475
G1 X117.913 Y117.698 E.01889
G1 X117.402 Y118.068 E.02083
G1 X116.884 Y118.323 E.01906
G1 X116.3 Y118.471 E.01989
G1 X115.742 Y118.515 E.01848
G1 X115.17 Y118.439 E.01905
G1 X114.654 Y118.279 E.01784
G1 X114.173 Y118.009 E.01821
G1 X113.768 Y117.681 E.01721
G1 X113.447 Y117.286 E.01681
G1 X113.193 Y116.835 E.01709
G1 X113.015 Y116.218 E.0212
G1 X113.002 Y115.705 E.01694
G1 X113.046 Y115.259 E.0148
G1 X113.367 Y114.27 E.03433
G1 X113.606 Y113.858 E.01573
G1 X113.898 Y113.471 E.01601
G1 X114.264 Y113.17 E.01565
G1 X114.719 Y112.91 E.0173
G1 X115.19 Y112.76 E.01632
G1 X115.813 Y112.691 E.0207
G1 X116.464 Y112.759 E.02161
G1 X116.989 Y112.941 E.01835
G1 X117.468 Y113.203 E.01803
G1 X117.916 Y113.59 E.01955
G1 X118.279 Y114.03 E.01883
G1 X118.567 Y114.584 E.02062
G1 X118.744 Y115.14 E.01927
G1 X118.811 Y115.955 E.027
G1 X118.755 Y116.325 E.01236
G1 X119.127 Y116.45 F9000
;TYPE:External perimeter
;WIDTH:0.419999
G1 F900
G1 X119.094 Y116.668 E.00691
G1 X118.775 Y117.285 E.02178
G1 X118.367 Y117.787 E.02028
G1 X117.972 Y118.146 E.01674
G1 X117.428 Y118.505 E.02044
G1 X116.79 Y118.756 E.0215
G1 X116.164 Y118.886 E.02005
G1 X115.505 Y118.882 E.02066
G1 X114.894 Y118.775 E.01945
G1 X114.307 Y118.537 E.01986
G1 X113.796 Y118.221 E.01884
G1 X113.355 Y117.798 E.01916
G1 X113.012 Y117.333 E.01812
G1 X112.758 Y116.767 E.01945
G1 X112.629 Y116.265 E.01625
G1 X112.615 Y115.715 E.01725
G1 X112.669 Y115.167 E.01727
G1 X113.012 Y114.111 E.03481
G1 X113.382 Y113.474 E.0231
G1 X113.777 Y113.06 E.01794
G1 X114.22 Y112.731 E.0173
G1 X114.766 Y112.481 E.01883
G1 X115.318 Y112.335 E.0179
G1 X115.821 Y112.302 E.01581
G1 X116.54 Y112.378 E.02267
G1 X117.145 Y112.587 E.02007
G1 X117.688 Y112.884 E.01941
G1 X118.192 Y113.318 E.02085
G1 X118.602 Y113.815 E.0202
G1 X118.923 Y114.434 E.02186
G1 X119.124 Y115.06 E.02061
G1 X119.199 Y115.98 E.02894
G1 X119.136 Y116.391 E.01304
G1 X117.539 Y115.797 F9000
;TYPE:Internal infill
;WIDTH:0.44
G1 F900
G1 X117.619 Y115.381 E.01399
G1 X117.578 Y114.632 E.02477
G1 X117.792 Y114.591 E.00719
G1 X117.509 Y114.178 E.01653
G1 X117.151 Y113.849 E.01605
G1 X114.233 Y116.767 E.13625
G1 X114.905 Y117.173 E.02592
G1 X115.551 Y117.328 E.02193
G1 X116.253 Y117.218 E.02346
G1 X116.863 Y116.863 E.0233
G1 X114.213 Y114.213 E.12374
G1 X114.577 Y113.807 E.018
G1 X115 Y113.556 E.01624
G1 X115.473 Y113.417 E.01628
G1 X116.316 Y113.45 E.02785
G1 E-3.5 F3600
;WIPE_START
G1 F7200
G1 X115.473 Y113.417 E-.40073
G1 X115 Y113.556 E-.23418
G1 X114.577 Y113.807 E-.23364
G1 X114.213 Y114.213 E-.25901
G1 X114.767 Y114.767 E-.37244
;WIPE_END
G1 X117.105 Y117.289 F9000
G1 E5 F2400
;TYPE:Solid infill
;WIDTH:0.635724
G1 F900
G1 X116.877 Y117.451 E.01379
;WIDTH:0.630738
G1 X116.332 Y117.679 E.02888
;WIDTH:0.582462
G1 X116.067 Y117.72 E.01203
;WIDTH:0.554882
G1 X115.801 Y117.761 E.01146
;WIDTH:0.527302
G1 X115.275 Y117.716 E.02126
;WIDTH:0.479388
G1 X114.734 Y117.528 E.02079
;WIDTH:0.43714
G1 X114.508 Y117.378 E.00889
;WIDTH:0.41139
G1 X114.282 Y117.228 E.00831
G1 E-3.5 F3600
;WIPE_START
G1 F7200
G1 X114.508 Y117.378 E-.12884
G1 X114.734 Y117.528 E-.12884
G1 X115.275 Y117.716 E-.27205
G1 X115.801 Y117.761 E-.25076
G1 X116.067 Y117.72 E-.12784
G1 X116.332 Y117.679 E-.12737
G1 X116.877 Y117.451 E-.28062
G1 X117.105 Y117.289 E-.13285
;WIPE_END
G1 E-.05083 F3600
G1 X118.029 Y115.737 F9000
G1 E5 F2400
;WIDTH:0.564644
G1 F900
G1 X118.057 Y115.821 E.00384
;WIDTH:0.522741
G1 X118.085 Y115.905 E.00353
;WIDTH:0.480837
G1 X118.083 Y116.04 E.00492
;WIDTH:0.44493
G1 X118.082 Y116.175 E.00451
;WIDTH:0.409023
G1 X118.08 Y116.31 E.00411
;WIDTH:0.374573
G1 X117.867 Y116.73 E.01299
G1 X117.531 Y117.136 E.01453
;WIDTH:0.400129
G1 X117.46 Y117.162 E.00225
;WIDTH:0.447248
G1 X117.389 Y117.187 E.00253
;WIDTH:0.494367
G1 X117.318 Y117.213 E.00284
;WIDTH:0.541486
G1 X117.247 Y117.238 E.00312
;WIDTH:0.588605
G1 X117.176 Y117.264 E.00343
;WIDTH:0.635724
G1 X117.105 Y117.289 E.00371
G1 X117.139 Y117.23 E.00336
;WIDTH:0.591826
G1 X117.173 Y117.17 E.00315
;WIDTH:0.547927
G1 X117.208 Y117.11 E.00292
;WIDTH:0.504028
G1 X117.242 Y117.051 E.00261
;WIDTH:0.460129
G1 X117.276 Y116.991 E.00239
;WIDTH:0.41623
G1 X117.604 Y116.529 E.01759
;WIDTH:0.374573
G1 X117.761 Y116.23 E.00931
;WIDTH:0.41436
G1 X117.819 Y116.124 E.00373
;WIDTH:0.455603
G1 X117.877 Y116.018 E.00415
;WIDTH:0.496847
G1 X117.934 Y115.912 E.00454
;WIDTH:0.530746
G1 X117.982 Y115.825 E.00403
;WIDTH:0.564644
G1 X118.029 Y115.737 E.00433
G1 X118.029 Y115.513 E.00972
;WIDTH:0.526463
G1 X118.03 Y115.288 E.00905
;LAYER_CHANGE
;Z:22.6
;HEIGHT:0.200001
;BEFORE_LAYER_CHANGE
G92 E0
;22.6


G1 E-3.5 F3600
;WIPE_START
G1 F7200
G1 X118.029 Y115.513 E-.10688
G1 X118.029 Y115.737 E-.1064
G1 X117.982 Y115.825 E-.04739
G1 X117.934 Y115.912 E-.0472
G1 X117.877 Y116.018 E-.05717
G1 X117.819 Y116.124 E-.05739
G1 X117.761 Y116.23 E-.05739
G1 X117.604 Y116.529 E-.16041
G1 X117.276 Y116.991 E-.26913
G1 X117.242 Y117.051 E-.03276
G1 X117.208 Y117.11 E-.03235
G1 X117.173 Y117.17 E-.03299
G1 X117.139 Y117.23 E-.03276
G1 X117.105 Y117.289 E-.03235
G1 X117.176 Y117.264 E-.03575
G1 X117.247 Y117.238 E-.03592
G1 X117.318 Y117.213 E-.03575
G1 X117.389 Y117.187 E-.03592
G1 X117.46 Y117.162 E-.03575
G1 X117.531 Y117.136 E-.03592
G1 X117.816 Y116.791 E-.21242
;WIPE_END
G1 Z22.6 F9000
;AFTER_LAYER_CHANGE
;22.6
G1 X118.15 Y116.316
G1 E5 F2400
;TYPE:Perimeter
;WIDTH:0.439999
G1 F900
G1 X118.139 Y116.422 E.00352
G1 X117.909 Y116.866 E.01651
G1 X117.548 Y117.299 E.01861
G1 X117.166 Y117.626 E.0166
G1 X116.714 Y117.876 E.01705
G1 X116.218 Y118.049 E.01734
G1 X115.733 Y118.11 E.01614
G1 X115.225 Y118.088 E.01679
G1 X114.611 Y117.913 E.02108
G1 X114.077 Y117.6 E.02044
G1 X113.653 Y117.176 E.0198
G1 X113.414 Y116.787 E.01507
G1 X113.243 Y116.315 E.01658
G1 X113.203 Y115.861 E.01505
G1 X113.232 Y115.353 E.0168
G1 X113.531 Y114.433 E.03194
G1 X113.822 Y113.933 E.0191
G1 X114.188 Y113.566 E.01711
G1 X114.677 Y113.275 E.01879
G1 X115.077 Y113.148 E.01386
G1 X115.605 Y113.089 E.01754
G1 X116.187 Y113.15 E.01932
G1 X116.574 Y113.28 E.01348
G1 X117.042 Y113.531 E.01753
G1 X117.41 Y113.845 E.01597
G1 X117.748 Y114.25 E.01742
G1 X118 Y114.737 E.0181
G1 X118.155 Y115.222 E.01681
G1 X118.21 Y115.759 E.01782
G1 X118.157 Y116.256 E.0165
G1 X118.546 Y116.384 F9000
G1 F900
G1 X118.521 Y116.547 E.00544
G1 X118.339 Y116.899 E.01308
G1 X118.098 Y117.275 E.01475
G1 X117.713 Y117.698 E.01889
G1 X117.202 Y118.068 E.02083
G1 X116.684 Y118.323 E.01906
G1 X116.1 Y118.471 E.01989
G1 X115.542 Y118.515 E.01848
G1 X114.97 Y118.439 E.01905
G1 X114.454 Y118.279 E.01784
G1 X113.973 Y118.009 E.01821
G1 X113.568 Y117.681 E.01721
G1 X113.247 Y117.286 E.01681
G1 X112.993 Y116.835 E.01709
G1 X112.815 Y116.218 E.0212
G1 X112.802 Y115.705 E.01694
G1 X112.846 Y115.259 E.0148
G1 X113.167 Y114.27 E.03433
G1 X113.406 Y113.858 E.01573
G1 X113.698 Y113.471 E.01601
G1 X114.064 Y113.17 E.01565
G1 X114.519 Y112.91 E.0173
G1 X114.99 Y112.76 E.01632
G1 X115.613 Y112.691 E.0207
G1 X116.264 Y112.759 E.02161
G1 X116.789 Y112.941 E.01835
G1 X117.268 Y113.203 E.01803
G1 X117.716 Y113.59 E.01955
G1 X118.079 Y114.03 E.01883
G1 X118.367 Y114.584 E.02062
G1 X118.544 Y115.14 E.01927
G1 X118.611 Y115.955 E.027
G1 X118.555 Y116.325 E.01236
G1 X118.927 Y116.45 F9000
;TYPE:External perimeter
;WIDTH:0.419999
G1 F900
G1 X118.894 Y116.668 E.00691
G1 X118.575 Y117.285 E.02178
G1 X118.167 Y117.787 E.02028
G1 X117.772 Y118.146 E.01674
G1 X117.228 Y118.505 E.02044
G1 X116.59 Y118.756 E.0215
G1 X115.964 Y118.886 E.02005
G1 X115.305 Y118.882 E.02066
G1 X114.694 Y118.775 E.01945
G1 X114.107 Y118.537 E.01986
G1 X113.596 Y118.221 E.01884
G1 X113.155 Y117.798 E.01916
G1 X112.812 Y117.333 E.01812
G1 X112.558 Y116.767 E.01945
G1 X112.429 Y116.265 E.01625
G1 X112.415 Y115.715 E.01725
G1 X112.469 Y115.167 E.01727
G1 X112.812 Y114.111 E.03481
G1 X113.182 Y113.474 E.0231
G1 X113.577 Y113.06 E.01794
G1 X114.02 Y112.731 E.0173
G1 X114.566 Y112.481 E.01883
G1 X115.118 Y112.335 E.0179
G1 X115.621 Y112.302 E.01581
G1 X116.34 Y112.378 E.02267
G1 X116.945 Y112.587 E.02007
G1 X117.488 Y112.884 E.01941
G1 X117.992 Y113.318 E.02085
G1 X118.402 Y113.815 E.0202
G1 X118.723 Y114.434 E.02186
G1 X118.924 Y115.06 E.02061
G1 X118.999 Y115.98 E.02894
G1 X118.936 Y116.391 E.01304
G1 X117.792 Y115.057 F9000
;TYPE:Internal infill
;WIDTH:0.44
G1 F900
G1 X117.902 Y115.606 E.01849
G1 X117.844 Y116.327 E.02388
G1 X117.649 Y116.702 E.01396
G1 X117.205 Y117.205 E.02215
G1 X114.09 Y114.09 E.14545
G1 X113.812 Y114.559 E.018
G1 X113.503 Y115.592 E.0356
G1 X113.558 Y116.327 E.02434
G1 X113.753 Y116.779 E.01625
G1 X113.949 Y117.051 E.01107
G1 X117.063 Y113.937 E.1454
G1 X116.62 Y113.634 E.01772
G1 X116.127 Y113.452 E.01735
G1 X115.273 Y113.417 E.02822
G1 X114.832 Y113.544 E.01515
;LAYER_CHANGE
;Z:22.8
;HEIGHT:0.199999
;BEFORE_LAYER_CHANGE
G92 E0
;22.8


G1 E-3.5 F3600
;WIPE_START
G1 F7200
G1 X115.273 Y113.417 E-.21799
G1 X116.127 Y113.452 E-.40599
G1 X116.62 Y113.634 E-.24962
G1 X117.063 Y113.937 E-.25494
G1 X116.51 Y114.49 E-.37146
;WIPE_END
G1 Z22.8 F9000
;AFTER_LAYER_CHANGE
;22.8
G1 X117.326 Y117.835
G1 E5 F2400
;TYPE:Perimeter
;WIDTH:0.439999
G1 F900
G1 X117.254 Y117.915 E.00355
G1 X116.808 Y118.138 E.01646
G1 X116.261 Y118.277 E.01863
G1 X115.76 Y118.317 E.01659
G1 X115.245 Y118.252 E.01714
G1 X114.744 Y118.101 E.01728
G1 X114.316 Y117.866 E.01612
G1 X113.918 Y117.55 E.01678
G1 X113.524 Y117.047 E.0211
G1 X113.276 Y116.48 E.02043
G1 X113.182 Y115.888 E.01979
G1 X113.237 Y115.312 E.0191
G1 X113.416 Y114.815 E.01744
G1 X113.739 Y114.346 E.0188
G1 X114.188 Y113.957 E.01961
G1 X114.691 Y113.6 E.02037
G1 X115.226 Y113.363 E.01932
G1 X115.706 Y113.285 E.01606
G1 X116.334 Y113.343 E.02082
G1 X116.858 Y113.534 E.01841
G1 X117.362 Y113.877 E.02013
G1 X117.776 Y114.351 E.02078
G1 X117.997 Y114.767 E.01555
G1 X118.157 Y115.251 E.01683
G1 X118.215 Y115.928 E.02243
G1 X118.133 Y116.47 E.0181
G1 X117.973 Y116.953 E.0168
G1 X117.702 Y117.421 E.01786
G1 X117.366 Y117.791 E.0165
G1 X117.606 Y118.123 F9000
G1 F900
G1 X117.491 Y118.24 E.00542
G1 X117.137 Y118.418 E.01308
G1 X116.72 Y118.58 E.01477
G1 X116.16 Y118.697 E.01889
G1 X115.529 Y118.696 E.02083
G1 X114.961 Y118.598 E.01903
G1 X114.401 Y118.374 E.01991
G1 X113.924 Y118.081 E.01848
G1 X113.506 Y117.684 E.01903
G1 X113.182 Y117.251 E.01786
G1 X112.952 Y116.749 E.01823
G1 X112.817 Y116.247 E.01716
G1 X112.79 Y115.738 E.01683
G1 X112.849 Y115.224 E.01708
G1 X113.068 Y114.621 E.02118
G1 X113.44 Y114.079 E.0217
G1 X113.943 Y113.644 E.02196
G1 X114.494 Y113.253 E.02231
G1 X115.1 Y112.985 E.02188
G1 X115.705 Y112.886 E.02024
G1 X116.408 Y112.951 E.02331
G1 X116.897 Y113.118 E.01706
G1 X117.343 Y113.359 E.01674
G1 X117.76 Y113.715 E.0181
G1 X118.106 Y114.129 E.01781
G1 X118.373 Y114.636 E.01892
G1 X118.546 Y115.167 E.01844
G1 X118.608 Y115.73 E.0187
G1 X118.59 Y116.161 E.01424
G1 X118.479 Y116.733 E.01924
G1 X118.219 Y117.34 E.0218
G1 X117.911 Y117.814 E.01866
G1 X117.648 Y118.081 E.01237
G1 X117.876 Y118.401 F9000
;TYPE:External perimeter
;WIDTH:0.419999
G1 F900
G1 X117.722 Y118.558 E.0069
G1 X117.1 Y118.869 E.0218
G1 X116.475 Y119.036 E.02028
G1 X115.945 Y119.093 E.01671
G1 X115.293 Y119.064 E.02046
G1 X114.63 Y118.892 E.02148
G1 X114.047 Y118.63 E.02004
G1 X113.516 Y118.24 E.02066
G1 X113.085 Y117.794 E.01945
G1 X112.75 Y117.256 E.01987
G1 X112.522 Y116.7 E.01884
G1 X112.414 Y116.098 E.01918
G1 X112.409 Y115.52 E.01812
G1 X112.537 Y114.914 E.01942
G1 X112.728 Y114.431 E.01629
G1 X113.15 Y113.819 E.02331
G1 X113.703 Y113.339 E.02296
G1 X114.302 Y112.914 E.02303
G1 X114.774 Y112.706 E.01617
G1 X115.192 Y112.567 E.01381
G1 X115.703 Y112.497 E.01617
G1 X116.48 Y112.569 E.02447
G1 X117.051 Y112.762 E.0189
G1 X117.561 Y113.039 E.0182
G1 X118.035 Y113.442 E.01951
G1 X118.428 Y113.912 E.01921
G1 X118.729 Y114.485 E.02029
G1 X118.925 Y115.086 E.01982
G1 X118.996 Y115.756 E.02112
G1 X118.954 Y116.405 E.02039
G1 X118.78 Y117.034 E.02046
G1 X118.561 Y117.52 E.01671
G1 X118.21 Y118.063 E.02027
G1 X117.918 Y118.358 E.01301
G1 E-3.5 F3600
;WIPE_START
G1 F7200
G1 X117.876 Y118.401 E-.02855
G1 X117.722 Y118.558 E-.10446
G1 X117.1 Y118.869 E-.33032
G1 X116.475 Y119.036 E-.30729
G1 X115.945 Y119.093 E-.2532
G1 X115.293 Y119.064 E-.31001
G1 X114.955 Y118.976 E-.16617
;WIPE_END
G1 X115.178 Y117.925 F9000
G1 E5 F2400
;TYPE:Internal infill
;WIDTH:0.44
G1 F900
G1 X115.766 Y118.01 E.01962
G1 X116.405 Y117.942 E.02122
G1 X117.072 Y117.664 E.02386
G1 X117.366 Y117.366 E.01382
G1 X114.281 Y114.281 E.14405
G1 X114.843 Y113.867 E.02305
G1 X115.511 Y113.612 E.02361
G1 X116.277 Y113.644 E.02531
G1 X116.719 Y113.806 E.01554
G1 X117.01 Y113.99 E.01137
G1 X113.918 Y117.082 E.14438
G1 X113.57 Y116.394 E.02546
G1 X113.488 Y115.879 E.01722
G1 X113.536 Y115.379 E.01658
G1 X113.764 Y114.848 E.01908
;LAYER_CHANGE
;Z:23
;HEIGHT:0.200001
;BEFORE_LAYER_CHANGE
G92 E0
;23


G1 E-3.5 F3600
;WIPE_START
G1 F7200
G1 X113.536 Y115.379 E-.27449
G1 X113.488 Y115.879 E-.23859
G1 X113.57 Y116.394 E-.24771
G1 X113.918 Y117.082 E-.36623
G1 X114.473 Y116.527 E-.37298
;WIPE_END
G1 Z23 F9000
;AFTER_LAYER_CHANGE
;23
G1 X116.959 Y117.963
G1 E5 F2400
;TYPE:Perimeter
;WIDTH:0.439999
G1 F900
G1 X116.608 Y118.138 E.01295
G1 X116.061 Y118.277 E.01863
G1 X115.56 Y118.317 E.01659
G1 X115.045 Y118.252 E.01714
G1 X114.544 Y118.101 E.01728
G1 X114.116 Y117.866 E.01612
G1 X113.718 Y117.55 E.01678
G1 X113.324 Y117.047 E.0211
G1 X113.076 Y116.48 E.02043
G1 X112.982 Y115.888 E.01979
G1 X113.037 Y115.312 E.0191
G1 X113.216 Y114.815 E.01744
G1 X113.539 Y114.346 E.0188
G1 X113.988 Y113.957 E.01961
G1 X114.491 Y113.6 E.02037
G1 X115.026 Y113.363 E.01932
G1 X115.506 Y113.285 E.01606
G1 X116.134 Y113.343 E.02082
G1 X116.658 Y113.534 E.01841
G1 X117.162 Y113.877 E.02013
G1 X117.576 Y114.351 E.02078
G1 X117.797 Y114.767 E.01555
G1 X117.957 Y115.251 E.01683
G1 X118.015 Y115.928 E.02243
G1 X117.933 Y116.47 E.0181
G1 X117.773 Y116.953 E.0168
G1 X117.502 Y117.421 E.01786
G1 X117.054 Y117.915 E.02202
G1 X117.012 Y117.936 E.00155
G1 X117.144 Y118.314 F9000
G1 F900
G1 X116.937 Y118.418 E.00765
G1 X116.52 Y118.58 E.01477
G1 X115.96 Y118.697 E.01889
G1 X115.329 Y118.696 E.02083
G1 X114.761 Y118.598 E.01903
G1 X114.201 Y118.374 E.01991
G1 X113.724 Y118.081 E.01848
G1 X113.306 Y117.684 E.01903
G1 X112.982 Y117.251 E.01786
G1 X112.752 Y116.749 E.01823
G1 X112.617 Y116.247 E.01716
G1 X112.59 Y115.738 E.01683
G1 X112.649 Y115.224 E.01708
G1 X112.868 Y114.621 E.02118
G1 X113.24 Y114.079 E.0217
G1 X113.743 Y113.644 E.02196
G1 X114.294 Y113.253 E.02231
G1 X114.9 Y112.985 E.02188
G1 X115.505 Y112.886 E.02024
G1 X116.208 Y112.951 E.02331
G1 X116.697 Y113.118 E.01706
G1 X117.143 Y113.359 E.01674
G1 X117.56 Y113.715 E.0181
G1 X117.906 Y114.129 E.01781
G1 X118.173 Y114.636 E.01892
G1 X118.346 Y115.167 E.01844
G1 X118.408 Y115.73 E.0187
G1 X118.39 Y116.161 E.01424
G1 X118.279 Y116.733 E.01924
G1 X118.019 Y117.34 E.0218
G1 X117.711 Y117.814 E.01866
G1 X117.291 Y118.24 E.01975
G1 X117.198 Y118.287 E.00344
G1 X117.325 Y118.656 F9000
;TYPE:External perimeter
;WIDTH:0.419999
G1 F900
G1 X116.9 Y118.869 E.01491
G1 X116.275 Y119.036 E.02028
G1 X115.745 Y119.093 E.01671
G1 X115.093 Y119.064 E.02046
G1 X114.43 Y118.892 E.02148
G1 X113.847 Y118.63 E.02004
G1 X113.316 Y118.24 E.02066
G1 X112.885 Y117.794 E.01945
G1 X112.55 Y117.256 E.01987
G1 X112.322 Y116.7 E.01884
G1 X112.214 Y116.098 E.01918
G1 X112.209 Y115.52 E.01812
G1 X112.337 Y114.914 E.01942
G1 X112.528 Y114.431 E.01629
G1 X112.95 Y113.819 E.02331
G1 X113.503 Y113.339 E.02296
G1 X114.102 Y112.914 E.02303
G1 X114.574 Y112.706 E.01617
G1 X114.992 Y112.567 E.01381
G1 X115.503 Y112.497 E.01617
G1 X116.28 Y112.569 E.02447
G1 X116.851 Y112.762 E.0189
G1 X117.361 Y113.039 E.0182
G1 X117.835 Y113.442 E.01951
G1 X118.228 Y113.912 E.01921
G1 X118.529 Y114.485 E.02029
G1 X118.725 Y115.086 E.01982
G1 X118.796 Y115.756 E.02112
G1 X118.754 Y116.405 E.02039
G1 X118.58 Y117.034 E.02046
G1 X118.361 Y117.52 E.01671
G1 X118.01 Y118.063 E.02027
G1 X117.522 Y118.558 E.02179
G1 X117.378 Y118.629 E.00503
G1 E-3.5 F3600
;WIPE_START
G1 F7200
G1 X117.325 Y118.656 E-.02825
G1 X116.9 Y118.869 E-.22581
G1 X116.275 Y119.036 E-.30729
G1 X115.745 Y119.093 E-.2532
G1 X115.093 Y119.064 E-.31001
G1 X114.43 Y118.892 E-.32535
G1 X114.334 Y118.849 E-.05009
;WIPE_END
G1 X115.119 Y117.955 F9000
G1 E5 F2400
;TYPE:Internal infill
;WIDTH:0.44
G1 F900
G1 X115.885 Y117.996 E.02533
G1 X116.494 Y117.854 E.02065
G1 X116.872 Y117.664 E.01397
G1 X117.249 Y117.249 E.01851
G1 X114.189 Y114.189 E.14288
G1 X114.643 Y113.867 E.01838
G1 X115.123 Y113.655 E.01733
G1 X115.508 Y113.592 E.01288
G1 X116.282 Y113.704 E.02582
G1 X116.922 Y114.078 E.02447
G1 X113.808 Y117.192 E.1454
G1 X113.462 Y116.646 E.02134
G1 X113.313 Y116.136 E.01754
G1 X113.297 Y115.625 E.01688
G1 X113.484 Y114.966 E.02262
;LAYER_CHANGE
;Z:23.2
;HEIGHT:0.200001
;BEFORE_LAYER_CHANGE
G92 E0
;23.2


G1 E-3.5 F3600
;WIPE_START
G1 F7200
G1 X113.297 Y115.625 E-.32538
G1 X113.313 Y116.136 E-.24284
G1 X113.462 Y116.646 E-.25238
G1 X113.808 Y117.192 E-.30704
G1 X114.362 Y116.638 E-.37236
;WIPE_END
G1 Z23.2 F9000
;AFTER_LAYER_CHANGE
;23.2
G1 X115.395 Y118.467
G1 E5 F2400
;TYPE:Perimeter
;WIDTH:0.439999
G1 F900
G1 X115.007 Y118.403 E.01298
G1 X114.484 Y118.194 E.0186
G1 X114.055 Y117.931 E.01661
G1 X113.676 Y117.577 E.01712
G1 X113.36 Y117.16 E.01727
G1 X113.151 Y116.718 E.01614
G1 X113.015 Y116.229 E.01676
G1 X112.992 Y115.59 E.02111
G1 X113.125 Y114.985 E.02045
G1 X113.397 Y114.451 E.01979
G1 X113.78 Y114.018 E.01909
G1 X114.217 Y113.721 E.01745
G1 X114.753 Y113.531 E.01878
G1 X115.346 Y113.481 E.01965
G1 X115.963 Y113.487 E.02037
G1 X116.534 Y113.61 E.01929
G1 X116.996 Y113.845 E.01711
G1 X117.424 Y114.22 E.01879
G1 X117.755 Y114.708 E.01947
G1 X117.96 Y115.281 E.02009
G1 X118.012 Y115.737 E.01515
G1 X118.002 Y116.055 E.0105
G1 X117.911 Y116.548 E.01655
G1 X117.726 Y116.996 E.016
G1 X117.445 Y117.442 E.0174
G1 X117.06 Y117.833 E.01812
G1 X116.647 Y118.129 E.01678
G1 X116.153 Y118.348 E.01784
G1 X115.5 Y118.485 E.02203
G1 X115.454 Y118.477 E.00154
G1 X115.338 Y118.86 F9000
G1 F900
G1 X115.109 Y118.823 E.00766
G1 X114.677 Y118.709 E.01475
G1 X114.155 Y118.474 E.0189
G1 X113.645 Y118.103 E.02082
G1 X113.243 Y117.689 E.01905
G1 X112.922 Y117.179 E.0199
G1 X112.708 Y116.662 E.01847
G1 X112.603 Y116.094 E.01907
G1 X112.596 Y115.554 E.01783
G1 X112.704 Y115.013 E.01821
G1 X112.891 Y114.527 E.01719
G1 X113.167 Y114.099 E.01681
G1 X113.518 Y113.718 E.0171
G1 X114.049 Y113.359 E.02116
G1 X114.669 Y113.14 E.02171
G1 X115.331 Y113.083 E.02194
G1 X116.007 Y113.091 E.02232
G1 X116.655 Y113.23 E.02188
G1 X117.218 Y113.515 E.02083
G1 X117.608 Y113.844 E.01685
G1 X117.932 Y114.228 E.01659
G1 X118.183 Y114.697 E.01756
G1 X118.349 Y115.195 E.01733
G1 X118.409 Y115.749 E.0184
G1 X118.377 Y116.293 E.01799
G1 X118.221 Y116.855 E.01926
G1 X117.981 Y117.366 E.01864
G1 X117.611 Y117.851 E.02014
G1 X117.186 Y118.249 E.01922
G1 X116.618 Y118.586 E.02181
G1 X116.091 Y118.789 E.01865
G1 X115.5 Y118.887 E.01978
G1 X115.397 Y118.87 E.00345
G1 X115.283 Y119.244 F9000
;TYPE:External perimeter
;WIDTH:0.419999
G1 F900
G1 X114.814 Y119.166 E.01491
G1 X114.211 Y118.933 E.02027
G1 X113.748 Y118.669 E.01671
G1 X113.238 Y118.262 E.02046
G1 X112.803 Y117.733 E.02147
G1 X112.485 Y117.178 E.02006
G1 X112.285 Y116.55 E.02066
G1 X112.198 Y115.936 E.01944
G1 X112.243 Y115.304 E.01987
G1 X112.386 Y114.72 E.01885
G1 X112.652 Y114.17 E.01916
G1 X112.988 Y113.7 E.01811
G1 X113.447 Y113.284 E.01942
G1 X113.885 Y113.006 E.01627
G1 X114.587 Y112.759 E.02333
G1 X115.317 Y112.696 E.02297
G1 X116.05 Y112.704 E.02298
G1 X116.467 Y112.794 E.01338
G1 X116.975 Y112.946 E.01663
G1 X117.435 Y113.193 E.01637
G1 X117.881 Y113.57 E.01831
G1 X118.253 Y114.009 E.01804
G1 X118.538 Y114.543 E.01898
G1 X118.727 Y115.112 E.0188
G1 X118.802 Y115.936 E.02594
G1 X118.709 Y116.577 E.02031
G1 X118.515 Y117.178 E.0198
G1 X118.178 Y117.762 E.02114
G1 X117.762 Y118.262 E.02039
G1 X117.252 Y118.669 E.02046
G1 X116.789 Y118.933 E.01671
G1 X116.186 Y119.166 E.02027
G1 X115.5 Y119.279 E.0218
G1 X115.342 Y119.253 E.00502
G1 X115.149 Y118.117 F9000
;TYPE:Internal infill
;WIDTH:0.44
G1 F900
G1 X115.5 Y118.175 E.01175
G1 X116.203 Y118.007 E.02386
G1 X116.76 Y117.687 E.02121
G1 X117.224 Y117.224 E.02164
G1 X114.132 Y114.132 E.14438
G1 X114.817 Y113.833 E.02468
G1 X115.463 Y113.788 E.02138
G1 X115.929 Y113.793 E.01539
G1 X116.441 Y113.903 E.01729
G1 X116.868 Y114.132 E.016
G1 X113.776 Y117.224 E.14438
G1 X113.484 Y116.737 E.01875
G1 X113.318 Y116.179 E.01922
G1 X113.297 Y115.618 E.01854
G1 X113.463 Y114.974 E.02196
;LAYER_CHANGE
;Z:23.4
;HEIGHT:0.199999
;BEFORE_LAYER_CHANGE
G92 E0
;23.4


G1 E-3.5 F3600
;WIPE_START
G1 F7200
G1 X113.297 Y115.618 E-.3159
G1 X113.318 Y116.179 E-.26666
G1 X113.484 Y116.737 E-.27653
G1 X113.776 Y117.224 E-.26972
G1 X114.329 Y116.671 E-.37119
;WIPE_END
G1 Z23.4 F9000
;AFTER_LAYER_CHANGE
;23.4
G1 X113.674 Y117.835
G1 E5 F2400
;TYPE:Perimeter
;WIDTH:0.439999
G1 F900
G1 X113.298 Y117.421 E.01847
G1 X113.027 Y116.953 E.01786
G1 X112.856 Y116.425 E.01832
G1 X112.785 Y115.928 E.01658
G1 X112.815 Y115.434 E.01634
G1 X112.933 Y114.931 E.01706
G1 X113.224 Y114.351 E.02143
G1 X113.638 Y113.877 E.02078
G1 X114.142 Y113.534 E.02013
G1 X114.696 Y113.334 E.01945
G1 X115.231 Y113.283 E.01774
G1 X115.803 Y113.376 E.01913
G1 X116.304 Y113.597 E.01808
G1 X117.061 Y114.148 E.03091
G1 X117.273 Y114.385 E.0105
G1 X117.572 Y114.786 E.01652
G1 X117.763 Y115.312 E.01848
G1 X117.818 Y115.888 E.0191
G1 X117.724 Y116.48 E.01979
G1 X117.476 Y117.047 E.02043
G1 X117.198 Y117.42 E.01536
G1 X116.834 Y117.765 E.01656
G1 X116.422 Y118.018 E.01596
G1 X115.932 Y118.215 E.01744
G1 X115.391 Y118.304 E.0181
G1 X114.882 Y118.301 E.01681
G1 X114.354 Y118.188 E.01783
G1 X113.746 Y117.915 E.02201
G1 X113.714 Y117.88 E.00157
G1 X113.394 Y118.123 F9000
G1 F900
G1 X113.089 Y117.814 E.01434
G1 X112.743 Y117.266 E.0214
G1 X112.521 Y116.733 E.01906
G1 X112.406 Y116.123 E.0205
G1 X112.396 Y115.551 E.01889
G1 X112.51 Y114.968 E.01961
G1 X112.706 Y114.451 E.01826
G1 X113.014 Y113.973 E.01877
G1 X113.375 Y113.579 E.01764
G1 X113.819 Y113.263 E.01799
G1 X114.28 Y113.041 E.01689
G1 X114.758 Y112.922 E.01626
G1 X115.258 Y112.885 E.01655
G1 X115.917 Y112.992 E.02204
G1 X116.503 Y113.251 E.02115
G1 X117.329 Y113.851 E.03371
G1 X117.768 Y114.343 E.02177
G1 X117.974 Y114.715 E.01404
G1 X118.151 Y115.224 E.01779
G1 X118.216 Y115.9 E.02242
G1 X118.142 Y116.427 E.01757
G1 X117.984 Y116.928 E.01734
G1 X117.708 Y117.412 E.0184
G1 X117.361 Y117.833 E.01801
G1 X116.905 Y118.196 E.01924
G1 X116.41 Y118.468 E.01865
G1 X115.826 Y118.643 E.02013
G1 X115.248 Y118.714 E.01923
G1 X114.59 Y118.654 E.02182
G1 X114.044 Y118.508 E.01866
G1 X113.509 Y118.24 E.01976
G1 X113.436 Y118.166 E.00343
G1 X113.124 Y118.401 F9000
;TYPE:External perimeter
;WIDTH:0.419999
G1 F900
G1 X112.79 Y118.063 E.0149
G1 X112.4 Y117.446 E.02289
G1 X112.15 Y116.845 E.02041
G1 X112.021 Y116.163 E.02176
G1 X112.01 Y115.518 E.02023
G1 X112.138 Y114.863 E.02093
G1 X112.359 Y114.277 E.01964
G1 X112.707 Y113.737 E.02014
G1 X113.117 Y113.289 E.01904
G1 X113.622 Y112.93 E.01943
G1 X114.149 Y112.676 E.01834
G1 X114.76 Y112.53 E.0197
G1 X115.284 Y112.497 E.01646
G1 X116.028 Y112.618 E.02363
G1 X116.697 Y112.914 E.02294
G1 X117.59 Y113.562 E.03459
G1 X118.081 Y114.112 E.02312
G1 X118.353 Y114.615 E.01793
G1 X118.529 Y115.138 E.0173
G1 X118.597 Y115.705 E.01791
G1 X118.584 Y116.118 E.01296
G1 X118.478 Y116.7 E.01855
G1 X118.241 Y117.275 E.0195
G1 X117.915 Y117.794 E.01922
G1 X117.463 Y118.258 E.02031
G1 X116.953 Y118.63 E.01979
G1 X116.337 Y118.904 E.02114
G1 X115.707 Y119.064 E.02038
G1 X115.055 Y119.093 E.02046
G1 X114.525 Y119.036 E.01671
G1 X113.9 Y118.869 E.02028
G1 X113.278 Y118.558 E.0218
G1 X113.166 Y118.444 E.00501
G1 X114.992 Y118 F9000
;TYPE:Internal infill
;WIDTH:0.44
G1 F900
G1 X115.547 Y117.984 E.01833
G1 X116.136 Y117.819 E.0202
G1 X116.648 Y117.522 E.01954
G1 X117.082 Y117.082 E.02041
G1 X113.99 Y113.99 E.14438
G1 X114.518 Y113.704 E.01983
G1 X115.211 Y113.589 E.02319
G1 X115.715 Y113.672 E.01686
G1 X116.15 Y113.864 E.0157
G1 X116.721 Y114.279 E.02331
G1 X113.634 Y117.366 E.14414
G1 X113.307 Y116.828 E.02079
G1 X113.123 Y116.223 E.02088
G1 X113.098 Y115.611 E.02022
G1 X113.198 Y115.118 E.01661
;LAYER_CHANGE
;Z:23.6
;HEIGHT:0.200001
;BEFORE_LAYER_CHANGE
G92 E0
;23.6


G1 E-3.5 F3600
;WIPE_START
G1 F7200
G1 X113.098 Y115.611 E-.23894
G1 X113.123 Y116.223 E-.29094
G1 X113.307 Y116.828 E-.30037
G1 X113.634 Y117.366 E-.29905
G1 X114.186 Y116.814 E-.3707
;WIPE_END
G1 Z23.6 F9000
;AFTER_LAYER_CHANGE
;23.6
G1 X112.645 Y116.317
G1 E5 F2400
;TYPE:Perimeter
;WIDTH:0.439999
G1 F900
G1 X112.587 Y115.928 E.01299
G1 X112.624 Y115.366 E.0186
G1 X112.741 Y114.877 E.0166
G1 X112.961 Y114.407 E.01713
G1 X113.259 Y113.978 E.01725
G1 X113.616 Y113.643 E.01616
G1 X114.039 Y113.362 E.01677
G1 X114.639 Y113.143 E.02109
G1 X115.255 Y113.082 E.02044
G1 X115.847 Y113.176 E.01979
G1 X116.378 Y113.406 E.01911
G1 X116.796 Y113.73 E.01746
G1 X117.142 Y114.181 E.01877
G1 X117.373 Y114.729 E.01964
G1 X117.557 Y115.318 E.02037
G1 X117.595 Y116.14 E.02717
G1 X117.441 Y116.678 E.01848
G1 X117.147 Y117.176 E.01909
G1 X116.723 Y117.6 E.0198
G1 X116.189 Y117.913 E.02044
G1 X115.745 Y118.051 E.01535
G1 X115.248 Y118.117 E.01655
G1 X114.765 Y118.079 E.016
G1 X114.254 Y117.95 E.0174
G1 X113.764 Y117.704 E.0181
G1 X113.354 Y117.403 E.01679
G1 X112.993 Y117.001 E.01784
G1 X112.661 Y116.422 E.02204
G1 X112.654 Y116.376 E.00154
G1 X112.254 Y116.384 F9000
G1 F900
G1 X112.219 Y116.155 E.00765
G1 X112.193 Y115.708 E.01478
G1 X112.256 Y115.14 E.01887
G1 X112.452 Y114.54 E.02084
G1 X112.721 Y114.03 E.01904
G1 X113.107 Y113.567 E.0199
G1 X113.532 Y113.203 E.01848
G1 X114.04 Y112.928 E.01907
G1 X114.551 Y112.755 E.01781
G1 X115.1 Y112.69 E.01825
G1 X115.619 Y112.718 E.01716
G1 X116.111 Y112.849 E.01681
G1 X116.582 Y113.064 E.01709
G1 X117.088 Y113.458 E.02117
G1 X117.488 Y113.98 E.02171
G1 X117.746 Y114.592 E.02193
G1 X117.948 Y115.238 E.02235
G1 X117.981 Y115.561 E.01072
G1 X117.999 Y116.079 E.01711
G1 X117.919 Y116.521 E.01483
G1 X117.726 Y116.993 E.01684
G1 X117.462 Y117.42 E.01658
G1 X117.093 Y117.803 E.01756
G1 X116.67 Y118.115 E.01735
G1 X116.163 Y118.344 E.01837
G1 X115.635 Y118.482 E.01802
G1 X115.052 Y118.507 E.01927
G1 X114.492 Y118.436 E.01864
G1 X113.916 Y118.234 E.02015
G1 X113.407 Y117.952 E.01921
G1 X112.91 Y117.517 E.02181
G1 X112.554 Y117.078 E.01866
G1 X112.279 Y116.547 E.01974
G1 X112.263 Y116.444 E.00344
G1 X111.873 Y116.45 F9000
;TYPE:External perimeter
;WIDTH:0.419999
G1 F900
G1 X111.801 Y115.98 E.01491
G1 X111.836 Y115.335 E.02025
G1 X111.945 Y114.813 E.01672
G1 X112.174 Y114.202 E.02046
G1 X112.542 Y113.625 E.02146
G1 X112.972 Y113.151 E.02007
G1 X113.508 Y112.767 E.02067
G1 X114.065 Y112.495 E.01944
G1 X114.68 Y112.342 E.01987
G1 X115.279 Y112.297 E.01883
G1 X115.885 Y112.38 E.01918
G1 X116.436 Y112.554 E.01812
G1 X116.973 Y112.863 E.01943
G1 X117.373 Y113.194 E.01628
G1 X117.825 Y113.784 E.0233
G1 X118.11 Y114.459 E.02297
G1 X118.329 Y115.159 E.023
G1 X118.373 Y115.584 E.0134
G1 X118.372 Y116.259 E.02116
G1 X118.224 Y116.818 E.01813
G1 X117.988 Y117.333 E.01776
G1 X117.632 Y117.813 E.01874
G1 X117.204 Y118.221 E.01854
G1 X116.674 Y118.547 E.01951
G1 X116.106 Y118.775 E.01919
G1 X115.468 Y118.885 E.0203
G1 X114.836 Y118.886 E.01982
G1 X114.177 Y118.746 E.02112
G1 X113.572 Y118.505 E.02042
G1 X113.028 Y118.146 E.02044
G1 X112.633 Y117.787 E.01674
G1 X112.225 Y117.285 E.02028
G1 X111.906 Y116.668 E.02178
G1 X111.882 Y116.51 E.00501
G1 X112.896 Y115.93 F9000
;TYPE:Internal infill
;WIDTH:0.44
G1 F900
G1 X112.945 Y115.285 E.02136
G1 X113.152 Y114.688 E.02086
G1 X113.491 Y114.178 E.02022
G1 X113.849 Y113.849 E.01605
G1 X116.939 Y116.939 E.14428
G1 X117.16 Y116.557 E.01457
G1 X117.31 Y115.902 E.02219
G1 X117.256 Y115.38 E.01733
G1 X117.086 Y114.835 E.01885
G1 X116.783 Y114.217 E.02273
G1 X113.707 Y117.293 E.14363
G1 X114.078 Y117.537 E.01466
G1 X114.652 Y117.75 E.02021
G1 X115.24 Y117.811 E.01952
G1 X115.955 Y117.672 E.02405
;LAYER_CHANGE
;Z:23.8
;HEIGHT:0.199999
;BEFORE_LAYER_CHANGE
G92 E0
;23.8


G1 E-3.5 F3600
;WIPE_START
G1 F7200
G1 X115.24 Y117.811 E-.34598
G1 X114.652 Y117.75 E-.2808
G1 X114.078 Y117.537 E-.29082
G1 X113.707 Y117.293 E-.21092
G1 X114.26 Y116.74 E-.37148
;WIPE_END
G1 Z23.8 F9000
;AFTER_LAYER_CHANGE
;23.8
G1 X112.915 Y116.515
G1 E5 F2400
;TYPE:Perimeter
;WIDTH:0.439999
G1 F900
G1 X112.861 Y116.422 E.00355
G1 X112.787 Y115.928 E.01649
G1 X112.824 Y115.366 E.0186
G1 X112.941 Y114.877 E.0166
G1 X113.161 Y114.407 E.01713
G1 X113.459 Y113.978 E.01725
G1 X113.816 Y113.643 E.01616
G1 X114.239 Y113.362 E.01677
G1 X114.839 Y113.143 E.02109
G1 X115.455 Y113.082 E.02044
G1 X116.047 Y113.176 E.01979
G1 X116.578 Y113.406 E.01911
G1 X116.996 Y113.73 E.01746
G1 X117.342 Y114.181 E.01877
G1 X117.573 Y114.729 E.01964
G1 X117.757 Y115.318 E.02037
G1 X117.795 Y116.14 E.02717
G1 X117.641 Y116.678 E.01848
G1 X117.347 Y117.176 E.01909
G1 X116.923 Y117.6 E.0198
G1 X116.389 Y117.913 E.02044
G1 X115.945 Y118.051 E.01535
G1 X115.448 Y118.117 E.01655
G1 X114.965 Y118.079 E.016
G1 X114.454 Y117.95 E.0174
G1 X113.964 Y117.704 E.0181
G1 X113.554 Y117.403 E.01679
G1 X113.193 Y117.001 E.01784
G1 X112.944 Y116.567 E.01652
G1 X112.554 Y116.692 F9000
G1 F900
G1 X112.479 Y116.547 E.00539
G1 X112.419 Y116.155 E.01309
G1 X112.393 Y115.708 E.01478
G1 X112.456 Y115.14 E.01887
G1 X112.652 Y114.54 E.02084
G1 X112.921 Y114.03 E.01904
G1 X113.307 Y113.567 E.0199
G1 X113.732 Y113.203 E.01848
G1 X114.24 Y112.928 E.01907
G1 X114.751 Y112.755 E.01781
G1 X115.3 Y112.69 E.01825
G1 X115.819 Y112.718 E.01716
G1 X116.311 Y112.849 E.01681
G1 X116.782 Y113.064 E.01709
G1 X117.288 Y113.458 E.02117
G1 X117.688 Y113.98 E.02171
G1 X117.946 Y114.592 E.02193
G1 X118.148 Y115.238 E.02235
G1 X118.181 Y115.561 E.01072
G1 X118.199 Y116.079 E.01711
G1 X118.119 Y116.521 E.01483
G1 X117.926 Y116.993 E.01684
G1 X117.662 Y117.42 E.01658
G1 X117.293 Y117.803 E.01756
G1 X116.87 Y118.115 E.01735
G1 X116.363 Y118.344 E.01837
G1 X115.835 Y118.482 E.01802
G1 X115.252 Y118.507 E.01927
G1 X114.692 Y118.436 E.01864
G1 X114.116 Y118.234 E.02015
G1 X113.607 Y117.952 E.01921
G1 X113.11 Y117.517 E.02181
G1 X112.754 Y117.078 E.01866
G1 X112.582 Y116.746 E.01235
G1 X112.207 Y116.863 F9000
;TYPE:External perimeter
;WIDTH:0.419999
G1 F900
G1 X112.106 Y116.668 E.00689
G1 X112.001 Y115.98 E.02182
G1 X112.036 Y115.335 E.02025
G1 X112.145 Y114.813 E.01672
G1 X112.374 Y114.202 E.02046
G1 X112.742 Y113.625 E.02146
G1 X113.172 Y113.151 E.02007
G1 X113.708 Y112.767 E.02067
G1 X114.265 Y112.495 E.01944
G1 X114.88 Y112.342 E.01987
G1 X115.479 Y112.297 E.01883
G1 X116.085 Y112.38 E.01918
G1 X116.636 Y112.554 E.01812
G1 X117.173 Y112.863 E.01943
G1 X117.573 Y113.194 E.01628
G1 X118.025 Y113.784 E.0233
G1 X118.31 Y114.459 E.02297
G1 X118.529 Y115.159 E.023
G1 X118.573 Y115.584 E.0134
G1 X118.572 Y116.259 E.02116
G1 X118.424 Y116.818 E.01813
G1 X118.188 Y117.333 E.01776
G1 X117.832 Y117.813 E.01874
G1 X117.404 Y118.221 E.01854
G1 X116.874 Y118.547 E.01951
G1 X116.306 Y118.775 E.01919
G1 X115.668 Y118.885 E.0203
G1 X115.036 Y118.886 E.01982
G1 X114.377 Y118.746 E.02112
G1 X113.772 Y118.505 E.02042
G1 X113.228 Y118.146 E.02044
G1 X112.833 Y117.787 E.01674
G1 X112.425 Y117.285 E.02028
G1 X112.234 Y116.917 E.013
G1 X113.117 Y116.071 F9000
;TYPE:Internal infill
;WIDTH:0.44
G1 F900
G1 X113.098 Y115.606 E.01537
G1 X113.23 Y114.977 E.02122
G1 X113.507 Y114.42 E.02054
G1 X113.937 Y113.937 E.02135
G1 X117.051 Y117.051 E.1454
G1 X117.36 Y116.557 E.01924
G1 X117.51 Y115.902 E.02219
G1 X117.456 Y115.38 E.01733
G1 X117.286 Y114.835 E.01885
G1 X117.075 Y114.336 E.01789
G1 X116.897 Y114.103 E.00968
G1 X113.795 Y117.205 E.14484
G1 X114.278 Y117.537 E.01935
G1 X114.852 Y117.75 E.02021
G1 X115.44 Y117.811 E.01952
G1 X116.021 Y117.719 E.01942
;LAYER_CHANGE
;Z:24
;HEIGHT:0.200001
;BEFORE_LAYER_CHANGE
G92 E0
;24


G1 E-3.5 F3600
;WIPE_START
G1 F7200
G1 X115.44 Y117.811 E-.27941
G1 X114.852 Y117.75 E-.2808
G1 X114.278 Y117.537 E-.29082
G1 X113.795 Y117.205 E-.2784
G1 X114.347 Y116.653 E-.37057
;WIPE_END
G1 Z24 F9000
;AFTER_LAYER_CHANGE
;24
G1 X112.65 Y114.684
G1 E5 F2400
;TYPE:Perimeter
;WIDTH:0.439999
G1 F900
G1 X112.661 Y114.578 E.00352
G1 X112.993 Y113.999 E.02204
G1 X113.354 Y113.597 E.01784
G1 X113.804 Y113.271 E.01835
G1 X114.254 Y113.05 E.01655
G1 X114.734 Y112.926 E.01637
G1 X115.248 Y112.883 E.01703
G1 X115.89 Y112.981 E.02144
G1 X116.468 Y113.228 E.02075
G1 X116.95 Y113.6 E.0201
G1 X117.311 Y114.066 E.01946
G1 X117.536 Y114.589 E.0188
G1 X117.597 Y115.139 E.01827
G1 X117.568 Y115.647 E.0168
G1 X117.269 Y116.567 E.03194
G1 X117.109 Y116.842 E.0105
G1 X116.819 Y117.25 E.01653
G1 X116.378 Y117.594 E.01847
G1 X115.847 Y117.824 E.01911
G1 X115.256 Y117.918 E.01976
G1 X114.639 Y117.857 E.02047
G1 X114.199 Y117.708 E.01534
G1 X113.758 Y117.469 E.01656
G1 X113.39 Y117.155 E.01597
G1 X113.052 Y116.75 E.01742
G1 X112.8 Y116.263 E.0181
G1 X112.645 Y115.778 E.01681
G1 X112.59 Y115.241 E.01782
G1 X112.643 Y114.744 E.0165
G1 X112.254 Y114.616 F9000
G1 F900
G1 X112.279 Y114.453 E.00544
G1 X112.554 Y113.922 E.01974
G1 X112.968 Y113.424 E.02138
G1 X113.407 Y113.048 E.01908
G1 X113.951 Y112.75 E.02048
G1 X114.492 Y112.564 E.01889
G1 X115.082 Y112.492 E.01962
G1 X115.635 Y112.519 E.01828
G1 X116.184 Y112.664 E.01875
G1 X116.67 Y112.885 E.01763
G1 X117.107 Y113.209 E.01796
G1 X117.462 Y113.58 E.01695
G1 X117.725 Y114.004 E.01647
G1 X117.919 Y114.479 E.01694
G1 X117.998 Y115.295 E.02707
G1 X117.954 Y115.741 E.0148
G1 X117.633 Y116.73 E.03433
G1 X117.302 Y117.3 E.02176
G1 X116.857 Y117.748 E.02085
G1 X116.423 Y118.017 E.01686
G1 X115.959 Y118.206 E.01654
G1 X115.435 Y118.3 E.01758
G1 X114.91 Y118.303 E.01733
G1 X114.364 Y118.19 E.01841
G1 X113.856 Y117.991 E.01801
G1 X113.37 Y117.669 E.01925
G1 X112.959 Y117.283 E.01862
G1 X112.611 Y116.781 E.02017
G1 X112.365 Y116.254 E.0192
G1 X112.219 Y115.61 E.0218
G1 X112.189 Y115.045 E.01868
G1 X112.245 Y114.675 E.01236
G1 X111.873 Y114.55 F9000
;TYPE:External perimeter
;WIDTH:0.419999
G1 F900
G1 X111.906 Y114.332 E.00691
G1 X112.225 Y113.715 E.02178
G1 X112.504 Y113.345 E.01453
G1 X112.98 Y112.892 E.0206
G1 X113.397 Y112.601 E.01594
G1 X113.981 Y112.313 E.02042
G1 X114.636 Y112.147 E.02119
G1 X115.267 Y112.098 E.01984
G1 X115.912 Y112.183 E.0204
G1 X116.499 Y112.365 E.01927
G1 X117.044 Y112.671 E.0196
G1 X117.506 Y113.045 E.01864
G1 X117.886 Y113.517 E.019
G1 X118.163 Y114.012 E.01779
G1 X118.323 Y114.518 E.01664
G1 X118.385 Y115.285 E.02413
G1 X118.331 Y115.833 E.01727
G1 X117.988 Y116.889 E.03481
G1 X117.618 Y117.526 E.0231
G1 X117.377 Y117.802 E.01149
G1 X116.928 Y118.168 E.01816
G1 X116.436 Y118.446 E.01772
G1 X115.865 Y118.624 E.01875
G1 X115.279 Y118.703 E.01854
G1 X114.659 Y118.655 E.0195
G1 X114.065 Y118.505 E.01921
G1 X113.484 Y118.219 E.0203
G1 X112.972 Y117.849 E.01981
G1 X112.521 Y117.348 E.02114
G1 X112.174 Y116.798 E.02039
G1 X111.945 Y116.187 E.02046
G1 X111.836 Y115.665 E.01672
G1 X111.801 Y115.02 E.02025
G1 X111.864 Y114.609 E.01304
G1 X112.97 Y115.806 F9000
;TYPE:Internal infill
;WIDTH:0.44
G1 F900
G1 X112.893 Y115.092 E.02371
G1 X112.956 Y114.673 E.01399
G1 X113.333 Y114.056 E.02387
G1 X113.707 Y113.707 E.01689
G1 X116.787 Y116.787 E.14382
G1 X116.988 Y116.441 E.01321
G1 X117.297 Y115.408 E.0356
G1 X117.242 Y114.673 E.02434
G1 X116.939 Y114.061 E.02255
G1 X113.849 Y117.151 E.14428
G1 X114.44 Y117.48 E.02233
G1 X114.978 Y117.602 E.01821
G1 X115.509 Y117.587 E.01754
G1 X116.094 Y117.396 E.02032
;LAYER_CHANGE
;Z:24.2
;HEIGHT:0.200001
;BEFORE_LAYER_CHANGE
G92 E0
;24.2


G1 E-3.5 F3600
;WIPE_START
G1 F7200
G1 X115.509 Y117.587 E-.29231
G1 X114.978 Y117.602 E-.25233
G1 X114.44 Y117.48 E-.26204
G1 X113.849 Y117.151 E-.32129
G1 X114.403 Y116.597 E-.37203
;WIPE_END
G1 Z24.2 F9000
;AFTER_LAYER_CHANGE
;24.2
G1 X112.85 Y114.684
G1 E5 F2400
;TYPE:Perimeter
;WIDTH:0.439999
G1 F900
G1 X112.861 Y114.578 E.00352
G1 X113.193 Y113.999 E.02204
G1 X113.554 Y113.597 E.01784
G1 X114.004 Y113.271 E.01835
G1 X114.454 Y113.05 E.01655
G1 X114.934 Y112.926 E.01637
G1 X115.448 Y112.883 E.01703
G1 X116.09 Y112.981 E.02144
G1 X116.668 Y113.228 E.02075
G1 X117.15 Y113.6 E.0201
G1 X117.511 Y114.066 E.01946
G1 X117.736 Y114.589 E.0188
G1 X117.797 Y115.139 E.01827
G1 X117.768 Y115.647 E.0168
G1 X117.469 Y116.567 E.03194
G1 X117.309 Y116.842 E.0105
G1 X117.019 Y117.25 E.01653
G1 X116.578 Y117.594 E.01847
G1 X116.047 Y117.824 E.01911
G1 X115.456 Y117.918 E.01976
G1 X114.839 Y117.857 E.02047
G1 X114.399 Y117.708 E.01534
G1 X113.958 Y117.469 E.01656
G1 X113.59 Y117.155 E.01597
G1 X113.252 Y116.75 E.01742
G1 X113 Y116.263 E.0181
G1 X112.845 Y115.778 E.01681
G1 X112.79 Y115.241 E.01782
G1 X112.843 Y114.744 E.0165
G1 X112.454 Y114.616 F9000
G1 F900
G1 X112.479 Y114.453 E.00544
G1 X112.754 Y113.922 E.01974
G1 X113.168 Y113.424 E.02138
G1 X113.607 Y113.048 E.01908
G1 X114.151 Y112.75 E.02048
G1 X114.692 Y112.564 E.01889
G1 X115.282 Y112.492 E.01962
G1 X115.835 Y112.519 E.01828
G1 X116.384 Y112.664 E.01875
G1 X116.87 Y112.885 E.01763
G1 X117.307 Y113.209 E.01796
G1 X117.662 Y113.58 E.01695
G1 X117.925 Y114.004 E.01647
G1 X118.119 Y114.479 E.01694
G1 X118.198 Y115.295 E.02707
G1 X118.154 Y115.741 E.0148
G1 X117.833 Y116.73 E.03433
G1 X117.502 Y117.3 E.02176
G1 X117.057 Y117.748 E.02085
G1 X116.623 Y118.017 E.01686
G1 X116.159 Y118.206 E.01654
G1 X115.635 Y118.3 E.01758
G1 X115.11 Y118.303 E.01733
G1 X114.564 Y118.19 E.01841
G1 X114.056 Y117.991 E.01801
G1 X113.57 Y117.669 E.01925
G1 X113.159 Y117.283 E.01862
G1 X112.811 Y116.781 E.02017
G1 X112.565 Y116.254 E.0192
G1 X112.419 Y115.61 E.0218
G1 X112.389 Y115.045 E.01868
G1 X112.445 Y114.675 E.01236
G1 X112.073 Y114.55 F9000
;TYPE:External perimeter
;WIDTH:0.419999
G1 F900
G1 X112.106 Y114.332 E.00691
G1 X112.425 Y113.715 E.02178
G1 X112.704 Y113.345 E.01453
G1 X113.18 Y112.892 E.0206
G1 X113.597 Y112.601 E.01594
G1 X114.181 Y112.313 E.02042
G1 X114.836 Y112.147 E.02119
G1 X115.467 Y112.098 E.01984
G1 X116.112 Y112.183 E.0204
G1 X116.699 Y112.365 E.01927
G1 X117.244 Y112.671 E.0196
G1 X117.706 Y113.045 E.01864
G1 X118.086 Y113.517 E.019
G1 X118.363 Y114.012 E.01779
G1 X118.523 Y114.518 E.01664
G1 X118.585 Y115.285 E.02413
G1 X118.531 Y115.833 E.01727
G1 X118.188 Y116.889 E.03481
G1 X117.818 Y117.526 E.0231
G1 X117.577 Y117.802 E.01149
G1 X117.128 Y118.168 E.01816
G1 X116.636 Y118.446 E.01772
G1 X116.065 Y118.624 E.01875
G1 X115.479 Y118.703 E.01854
G1 X114.859 Y118.655 E.0195
G1 X114.265 Y118.505 E.01921
G1 X113.684 Y118.219 E.0203
G1 X113.172 Y117.849 E.01981
G1 X112.721 Y117.348 E.02114
G1 X112.374 Y116.798 E.02039
G1 X112.145 Y116.187 E.02046
G1 X112.036 Y115.665 E.01672
G1 X112.001 Y115.02 E.02025
G1 X112.064 Y114.609 E.01304
G1 X113.208 Y115.943 F9000
;TYPE:Internal infill
;WIDTH:0.44
G1 F900
G1 X113.098 Y115.394 E.01849
G1 X113.156 Y114.673 E.02388
G1 X113.351 Y114.298 E.01396
G1 X113.795 Y113.795 E.02215
G1 X116.91 Y116.91 E.14545
G1 X117.188 Y116.441 E.018
G1 X117.497 Y115.408 E.0356
G1 X117.442 Y114.673 E.02434
G1 X117.247 Y114.221 E.01625
G1 X117.051 Y113.949 E.01107
G1 X113.937 Y117.063 E.1454
G1 X114.38 Y117.366 E.01772
G1 X114.907 Y117.559 E.01853
G1 X115.446 Y117.611 E.01788
G1 X116.166 Y117.457 E.02431
;LAYER_CHANGE
;Z:24.4
;HEIGHT:0.199999
;BEFORE_LAYER_CHANGE
G92 E0
;24.4


G1 E-3.5 F3600
;WIPE_START
G1 F7200
G1 X115.446 Y117.611 E-.34974
G1 X114.907 Y117.559 E-.25721
G1 X114.38 Y117.366 E-.26658
G1 X113.937 Y117.063 E-.25494
G1 X114.49 Y116.51 E-.37153
;WIPE_END
G1 Z24.4 F9000
;AFTER_LAYER_CHANGE
;24.4
G1 X113.674 Y113.165
G1 E5 F2400
;TYPE:Perimeter
;WIDTH:0.439999
G1 F900
G1 X113.746 Y113.085 E.00355
G1 X114.354 Y112.812 E.02201
G1 X114.877 Y112.7 E.01766
G1 X115.436 Y112.7 E.01846
G1 X115.932 Y112.785 E.01662
G1 X116.393 Y112.967 E.01636
G1 X116.834 Y113.235 E.01704
G1 X117.296 Y113.691 E.02143
G1 X117.619 Y114.231 E.02078
G1 X117.79 Y114.816 E.02012
G1 X117.814 Y115.249 E.01432
G1 X117.782 Y115.567 E.01055
G1 X117.643 Y116.05 E.01659
G1 X117.409 Y116.44 E.01502
G1 X117.086 Y116.834 E.01682
G1 X116.304 Y117.403 E.03193
G1 X116.013 Y117.531 E.0105
G1 X115.539 Y117.691 E.01652
G1 X114.98 Y117.71 E.01847
G1 X114.415 Y117.585 E.01911
G1 X113.881 Y117.312 E.0198
G1 X113.418 Y116.901 E.02044
G1 X113.15 Y116.522 E.01533
G1 X112.933 Y116.069 E.01658
G1 X112.82 Y115.598 E.01599
G1 X112.785 Y115.072 E.01741
G1 X112.867 Y114.529 E.01813
G1 X113.027 Y114.047 E.01677
G1 X113.298 Y113.579 E.01786
G1 X113.634 Y113.209 E.0165
G1 X113.394 Y112.877 F9000
G1 F900
G1 X113.509 Y112.76 E.00542
G1 X113.863 Y112.582 E.01308
G1 X114.28 Y112.42 E.01477
G1 X114.837 Y112.304 E.01879
G1 X115.468 Y112.305 E.02083
G1 X116.039 Y112.402 E.01912
G1 X116.599 Y112.626 E.01991
G1 X117.076 Y112.919 E.01848
G1 X117.494 Y113.316 E.01903
G1 X117.818 Y113.749 E.01786
G1 X118.048 Y114.25 E.0182
G1 X118.183 Y114.753 E.0172
G1 X118.21 Y115.262 E.01683
G1 X118.151 Y115.776 E.01708
G1 X117.932 Y116.379 E.02118
G1 X117.641 Y116.802 E.01695
G1 X117.344 Y117.138 E.01481
G1 X116.503 Y117.749 E.03432
G1 X115.9 Y118.015 E.02176
G1 X115.277 Y118.116 E.02084
G1 X114.768 Y118.079 E.01685
G1 X114.28 Y117.959 E.01659
G1 X113.802 Y117.727 E.01754
G1 X113.375 Y117.421 E.01734
G1 X113 Y117.009 E.01839
G1 X112.706 Y116.549 E.01803
G1 X112.502 Y116.003 E.01924
G1 X112.396 Y115.449 E.01862
G1 X112.41 Y114.839 E.02015
G1 X112.521 Y114.267 E.01924
G1 X112.781 Y113.66 E.0218
G1 X113.089 Y113.186 E.01866
G1 X113.352 Y112.919 E.01237
G1 X113.124 Y112.599 F9000
;TYPE:External perimeter
;WIDTH:0.419999
G1 F900
G1 X113.278 Y112.442 E.0069
G1 X113.69 Y112.236 E.01444
G1 X114.167 Y112.049 E.01606
G1 X114.798 Y111.918 E.02021
G1 X115.5 Y111.919 E.02201
G1 X116.144 Y112.029 E.02048
G1 X116.772 Y112.28 E.0212
G1 X117.312 Y112.611 E.01986
G1 X117.783 Y113.059 E.02038
G1 X118.151 Y113.551 E.01926
G1 X118.412 Y114.119 E.0196
G1 X118.566 Y114.692 E.0186
G1 X118.591 Y115.48 E.02472
G1 X118.463 Y116.086 E.01942
G1 X118.272 Y116.569 E.01629
G1 X117.96 Y117.022 E.01725
G1 X117.595 Y117.434 E.01726
G1 X116.697 Y118.086 E.03479
G1 X116.022 Y118.384 E.02313
G1 X115.666 Y118.466 E.01145
G1 X115.088 Y118.498 E.01815
G1 X114.526 Y118.433 E.01774
G1 X113.959 Y118.242 E.01876
G1 X113.439 Y117.961 E.01853
G1 X112.965 Y117.558 E.01951
G1 X112.572 Y117.088 E.01921
G1 X112.271 Y116.515 E.02029
G1 X112.075 Y115.914 E.01982
G1 X112.004 Y115.244 E.02112
G1 X112.046 Y114.595 E.02039
G1 X112.22 Y113.967 E.02043
G1 X112.439 Y113.48 E.01674
G1 X112.79 Y112.937 E.02027
G1 X113.082 Y112.642 E.01301
G1 E-3.5 F3600
;WIPE_START
G1 F7200
G1 X113.124 Y112.599 E-.02855
G1 X113.278 Y112.442 E-.10446
G1 X113.69 Y112.236 E-.2188
G1 X114.167 Y112.049 E-.24336
G1 X114.798 Y111.918 E-.30612
G1 X115.5 Y111.919 E-.33345
G1 X116.05 Y112.013 E-.26526
;WIPE_END
G1 X115.823 Y113.075 F9000
G1 E5 F2400
;TYPE:Internal infill
;WIDTH:0.44
G1 F900
G1 X115.389 Y113.003 E.01453
G1 X114.595 Y113.058 E.02628
G1 X113.928 Y113.336 E.02386
G1 X113.634 Y113.634 E.01382
G1 X116.721 Y116.721 E.14414
G1 X116.15 Y117.136 E.02331
G1 X115.489 Y117.388 E.02336
G1 X114.762 Y117.367 E.02401
G1 X114.281 Y117.194 E.01688
G1 X113.99 Y117.01 E.01137
G1 X117.082 Y113.918 E.14438
G1 X117.43 Y114.606 E.02546
G1 X117.512 Y115.121 E.01722
G1 X117.464 Y115.621 E.01658
G1 X117.236 Y116.152 E.01908
;LAYER_CHANGE
;Z:24.6
;HEIGHT:0.200001
;BEFORE_LAYER_CHANGE
G92 E0
;24.6


G1 E-3.5 F3600
;WIPE_START
G1 F7200
G1 X117.464 Y115.621 E-.27449
G1 X117.512 Y115.121 E-.23859
G1 X117.43 Y114.606 E-.24771
G1 X117.082 Y113.918 E-.36623
G1 X116.527 Y114.473 E-.37298
;WIPE_END
G1 Z24.6 F9000
;AFTER_LAYER_CHANGE
;24.6
G1 X115.605 Y112.533
G1 E5 F2400
;TYPE:Perimeter
;WIDTH:0.439999
G1 F900
G1 X115.993 Y112.597 E.01298
G1 X116.516 Y112.806 E.0186
G1 X116.945 Y113.069 E.01661
G1 X117.322 Y113.421 E.01703
G1 X117.64 Y113.84 E.01737
G1 X117.849 Y114.282 E.01614
G1 X117.985 Y114.771 E.01676
G1 X118.008 Y115.41 E.02111
G1 X117.875 Y116.015 E.02045
G1 X117.603 Y116.549 E.01979
G1 X117.307 Y116.896 E.01506
G1 X116.911 Y117.205 E.01658
G1 X116.491 Y117.382 E.01505
G1 X115.999 Y117.512 E.0168
G1 X115.032 Y117.512 E.03193
G1 X114.721 Y117.445 E.0105
G1 X114.244 Y117.295 E.01651
G1 X113.78 Y116.982 E.01848
G1 X113.397 Y116.549 E.01909
G1 X113.125 Y116.015 E.01979
G1 X112.992 Y115.41 E.02045
G1 X112.998 Y114.945 E.01535
G1 X113.089 Y114.452 E.01655
G1 X113.274 Y114.004 E.016
G1 X113.555 Y113.558 E.0174
G1 X113.94 Y113.167 E.01812
G1 X114.353 Y112.871 E.01678
G1 X114.847 Y112.652 E.01784
G1 X115.5 Y112.515 E.02203
G1 X115.546 Y112.523 E.00154
G1 X115.662 Y112.14 F9000
G1 F900
G1 X116.091 Y112.211 E.01436
G1 X116.692 Y112.45 E.02135
G1 X117.186 Y112.751 E.0191
G1 X117.637 Y113.177 E.02048
G1 X117.981 Y113.634 E.01889
G1 X118.232 Y114.173 E.01963
G1 X118.377 Y114.707 E.01827
G1 X118.404 Y115.446 E.02442
G1 X118.296 Y115.987 E.01821
G1 X118.109 Y116.473 E.01719
G1 X117.833 Y116.901 E.01681
G1 X117.482 Y117.282 E.0171
G1 X116.951 Y117.641 E.02116
G1 X116.467 Y117.812 E.01695
G1 X116.029 Y117.909 E.01481
G1 X114.99 Y117.909 E.0343
G1 X114.345 Y117.77 E.02179
G1 X113.782 Y117.485 E.02083
G1 X113.392 Y117.156 E.01685
G1 X113.068 Y116.772 E.01659
G1 X112.817 Y116.303 E.01756
G1 X112.651 Y115.805 E.01733
G1 X112.591 Y115.251 E.0184
G1 X112.623 Y114.707 E.01799
G1 X112.779 Y114.145 E.01926
G1 X113.019 Y113.634 E.01864
G1 X113.389 Y113.149 E.02014
G1 X113.814 Y112.751 E.01922
G1 X114.382 Y112.414 E.02181
G1 X114.909 Y112.211 E.01865
G1 X115.5 Y112.113 E.01978
G1 X115.603 Y112.13 E.00345
G1 X115.717 Y111.756 F9000
;TYPE:External perimeter
;WIDTH:0.419999
G1 F900
G1 X116.186 Y111.834 E.01491
G1 X116.864 Y112.103 E.02287
G1 X117.42 Y112.442 E.02042
G1 X117.925 Y112.919 E.02178
G1 X118.313 Y113.434 E.02022
G1 X118.595 Y114.039 E.02093
G1 X118.76 Y114.644 E.01966
G1 X118.796 Y115.262 E.01941
G1 X118.757 Y115.696 E.01366
G1 X118.614 Y116.28 E.01885
G1 X118.348 Y116.83 E.01916
G1 X118.012 Y117.3 E.01811
G1 X117.553 Y117.716 E.01942
G1 X117.115 Y117.994 E.01627
G1 X116.595 Y118.177 E.01728
G1 X116.058 Y118.296 E.01725
G1 X114.948 Y118.296 E.0348
G1 X114.228 Y118.14 E.0231
G1 X113.891 Y117.997 E.01148
G1 X113.404 Y117.683 E.01817
G1 X112.988 Y117.3 E.01773
G1 X112.642 Y116.813 E.01873
G1 X112.386 Y116.28 E.01854
G1 X112.24 Y115.675 E.01951
G1 X112.198 Y115.064 E.0192
G1 X112.291 Y114.423 E.02031
G1 X112.485 Y113.822 E.0198
G1 X112.822 Y113.238 E.02114
G1 X113.238 Y112.738 E.02039
G1 X113.748 Y112.331 E.02046
G1 X114.211 Y112.067 E.01671
G1 X114.814 Y111.834 E.02027
G1 X115.5 Y111.721 E.0218
G1 X115.658 Y111.747 E.00502
G1 X115.851 Y112.883 F9000
;TYPE:Internal infill
;WIDTH:0.44
G1 F900
G1 X115.5 Y112.825 E.01175
G1 X114.797 Y112.993 E.02386
G1 X114.24 Y113.313 E.02121
G1 X113.776 Y113.776 E.02164
G1 X116.868 Y116.868 E.14438
G1 X116.143 Y117.181 E.02607
G1 X115.064 Y117.206 E.03564
G1 X114.559 Y117.097 E.01706
G1 X114.132 Y116.868 E.016
G1 X117.224 Y113.776 E.14438
G1 X117.516 Y114.263 E.01875
G1 X117.682 Y114.821 E.01922
G1 X117.703 Y115.382 E.01854
G1 X117.537 Y116.026 E.02196
;LAYER_CHANGE
;Z:24.8
;HEIGHT:0.199999
;BEFORE_LAYER_CHANGE
G92 E0
;24.8


G1 E-3.5 F3600
;WIPE_START
G1 F7200
G1 X117.703 Y115.382 E-.3159
G1 X117.682 Y114.821 E-.26666
G1 X117.516 Y114.263 E-.27653
G1 X117.224 Y113.776 E-.26972
G1 X116.671 Y114.329 E-.37119
;WIPE_END
G1 Z24.8 F9000
;AFTER_LAYER_CHANGE
;24.8
G1 X115.805 Y112.533
G1 E5 F2400
;TYPE:Perimeter
;WIDTH:0.439999
G1 F900
G1 X116.193 Y112.597 E.01298
G1 X116.716 Y112.806 E.0186
G1 X117.145 Y113.069 E.01661
G1 X117.522 Y113.421 E.01703
G1 X117.84 Y113.84 E.01737
G1 X118.049 Y114.282 E.01614
G1 X118.185 Y114.771 E.01676
G1 X118.208 Y115.41 E.02111
G1 X118.075 Y116.015 E.02045
G1 X117.803 Y116.549 E.01979
G1 X117.507 Y116.896 E.01506
G1 X117.111 Y117.205 E.01658
G1 X116.691 Y117.382 E.01505
G1 X116.199 Y117.512 E.0168
G1 X115.232 Y117.512 E.03193
G1 X114.921 Y117.445 E.0105
G1 X114.444 Y117.295 E.01651
G1 X113.98 Y116.982 E.01848
G1 X113.597 Y116.549 E.01909
G1 X113.325 Y116.015 E.01979
G1 X113.192 Y115.41 E.02045
G1 X113.198 Y114.945 E.01535
G1 X113.289 Y114.452 E.01655
G1 X113.474 Y114.004 E.016
G1 X113.755 Y113.558 E.0174
G1 X114.14 Y113.167 E.01812
G1 X114.553 Y112.871 E.01678
G1 X115.047 Y112.652 E.01784
G1 X115.7 Y112.515 E.02203
G1 X115.746 Y112.523 E.00154
G1 X115.776 Y112.125 F9000
G1 F900
G1 X116.291 Y112.211 E.01724
G1 X116.892 Y112.45 E.02135
G1 X117.386 Y112.751 E.0191
G1 X117.837 Y113.177 E.02048
G1 X118.181 Y113.634 E.01889
G1 X118.432 Y114.173 E.01963
G1 X118.577 Y114.707 E.01827
G1 X118.604 Y115.446 E.02442
G1 X118.496 Y115.987 E.01821
G1 X118.309 Y116.473 E.01719
G1 X118.033 Y116.901 E.01681
G1 X117.682 Y117.282 E.0171
G1 X117.151 Y117.641 E.02116
G1 X116.667 Y117.812 E.01695
G1 X116.229 Y117.909 E.01481
G1 X115.19 Y117.909 E.0343
G1 X114.545 Y117.77 E.02179
G1 X113.982 Y117.485 E.02083
G1 X113.592 Y117.156 E.01685
G1 X113.268 Y116.772 E.01659
G1 X113.017 Y116.303 E.01756
G1 X112.851 Y115.805 E.01733
G1 X112.791 Y115.251 E.0184
G1 X112.823 Y114.707 E.01799
G1 X112.979 Y114.145 E.01926
G1 X113.219 Y113.634 E.01864
G1 X113.589 Y113.149 E.02014
G1 X114.014 Y112.751 E.01922
G1 X114.582 Y112.414 E.02181
G1 X115.109 Y112.211 E.01865
G1 X115.7 Y112.113 E.01978
G1 X115.717 Y112.116 E.00057
G1 X115.807 Y111.738 F9000
;TYPE:External perimeter
;WIDTH:0.419999
G1 F900
G1 X116.386 Y111.834 E.0184
G1 X117.064 Y112.103 E.02287
G1 X117.62 Y112.442 E.02042
G1 X118.125 Y112.919 E.02178
G1 X118.513 Y113.434 E.02022
G1 X118.795 Y114.039 E.02093
G1 X118.96 Y114.644 E.01966
G1 X118.996 Y115.262 E.01941
G1 X118.957 Y115.696 E.01366
G1 X118.814 Y116.28 E.01885
G1 X118.548 Y116.83 E.01916
G1 X118.212 Y117.3 E.01811
G1 X117.753 Y117.716 E.01942
G1 X117.315 Y117.994 E.01627
G1 X116.795 Y118.177 E.01728
G1 X116.258 Y118.296 E.01725
G1 X115.148 Y118.296 E.0348
G1 X114.428 Y118.14 E.0231
G1 X114.091 Y117.997 E.01148
G1 X113.604 Y117.683 E.01817
G1 X113.188 Y117.3 E.01773
G1 X112.842 Y116.813 E.01873
G1 X112.586 Y116.28 E.01854
G1 X112.44 Y115.675 E.01951
G1 X112.398 Y115.064 E.0192
G1 X112.491 Y114.423 E.02031
G1 X112.685 Y113.822 E.0198
G1 X113.022 Y113.238 E.02114
G1 X113.438 Y112.738 E.02039
G1 X113.948 Y112.331 E.02046
G1 X114.411 Y112.067 E.01671
G1 X115.014 Y111.834 E.02027
G1 X115.7 Y111.721 E.0218
G1 X115.748 Y111.728 E.00152
G1 X115.91 Y112.86 F9000
;TYPE:Internal infill
;WIDTH:0.44
G1 F900
G1 X115.7 Y112.825 E.00703
G1 X115.282 Y112.894 E.01399
G1 X114.706 Y113.136 E.02063
G1 X114.202 Y113.518 E.02088
G1 X113.894 Y113.894 E.01605
G1 X116.947 Y116.947 E.14256
G1 X116.343 Y117.181 E.02139
G1 X115.264 Y117.206 E.03564
G1 X114.759 Y117.097 E.01706
G1 X114.219 Y116.781 E.02066
G1 X117.333 Y113.667 E.1454
G1 X117.716 Y114.263 E.02339
G1 X117.882 Y114.821 E.01922
G1 X117.903 Y115.382 E.01854
G1 X117.791 Y115.894 E.0173
;LAYER_CHANGE
;Z:25
;HEIGHT:0.200001
;BEFORE_LAYER_CHANGE
G92 E0
;25


G1 E-3.5 F3600
;WIPE_START
G1 F7200
G1 X117.903 Y115.382 E-.24895
G1 X117.882 Y114.821 E-.26666
G1 X117.716 Y114.263 E-.27653
G1 X117.333 Y113.667 E-.33651
G1 X116.78 Y114.22 E-.37135
;WIPE_END
G1 Z25 F9000
;AFTER_LAYER_CHANGE
;25
G1 X117.329 Y113.161
G1 E5 F2400
;TYPE:Perimeter
;WIDTH:0.439999
G1 F900
G1 X117.487 Y113.321 E.00742
G1 X117.804 Y113.726 E.01698
G1 X118.045 Y114.241 E.01877
G1 X118.179 Y114.726 E.01661
G1 X118.208 Y115.415 E.02277
G1 X118.116 Y115.895 E.01614
G1 X117.938 Y116.371 E.01678
G1 X117.582 Y116.901 E.02108
G1 X117.119 Y117.312 E.02044
G1 X116.585 Y117.585 E.0198
G1 X116.02 Y117.71 E.01911
G1 X115.492 Y117.694 E.01744
G1 X114.947 Y117.532 E.01877
G1 X114.438 Y117.224 E.01964
G1 X113.943 Y116.856 E.02037
G1 X113.727 Y116.615 E.01069
G1 X113.428 Y116.214 E.01652
G1 X113.237 Y115.688 E.01848
G1 X113.182 Y115.112 E.0191
G1 X113.276 Y114.52 E.01979
G1 X113.524 Y113.953 E.02043
G1 X113.802 Y113.58 E.01536
G1 X114.166 Y113.235 E.01656
G1 X114.579 Y112.982 E.01599
G1 X115.068 Y112.785 E.01741
G1 X115.609 Y112.696 E.0181
G1 X116.118 Y112.699 E.01681
G1 X116.646 Y112.812 E.01783
G1 X117.254 Y113.085 E.02201
G1 X117.287 Y113.119 E.00156
G1 X117.606 Y112.877 F9000
G1 F900
G1 X117.769 Y113.042 E.00766
G1 X118.144 Y113.519 E.02003
G1 X118.417 Y114.102 E.02125
G1 X118.571 Y114.66 E.01911
G1 X118.609 Y115.236 E.01906
G1 X118.573 Y115.657 E.01395
G1 X118.442 Y116.201 E.01847
G1 X118.193 Y116.722 E.01907
G1 X117.881 Y117.163 E.01784
G1 X117.475 Y117.538 E.01825
G1 X117.039 Y117.821 E.01716
G1 X116.564 Y118.004 E.01681
G1 X116.056 Y118.106 E.01711
G1 X115.415 Y118.085 E.02118
G1 X114.785 Y117.898 E.0217
G1 X114.216 Y117.554 E.02195
G1 X113.673 Y117.151 E.02233
G1 X113.232 Y116.657 E.02186
G1 X112.943 Y116.096 E.02084
G1 X112.821 Y115.6 E.01686
G1 X112.784 Y115.1 E.01655
G1 X112.858 Y114.573 E.01757
G1 X113.016 Y114.072 E.01734
G1 X113.292 Y113.589 E.01837
G1 X113.639 Y113.167 E.01804
G1 X114.095 Y112.804 E.01924
G1 X114.59 Y112.532 E.01865
G1 X115.174 Y112.357 E.02013
G1 X115.752 Y112.286 E.01923
G1 X116.41 Y112.346 E.02182
G1 X116.956 Y112.492 E.01866
G1 X117.491 Y112.76 E.01976
G1 X117.564 Y112.834 E.00343
G1 X117.876 Y112.599 F9000
;TYPE:External perimeter
;WIDTH:0.419999
G1 F900
G1 X118.21 Y112.937 E.0149
G1 X118.561 Y113.48 E.02027
G1 X118.78 Y113.966 E.01671
G1 X118.954 Y114.595 E.02046
G1 X118.995 Y115.279 E.02148
G1 X118.925 Y115.914 E.02003
G1 X118.719 Y116.54 E.02066
G1 X118.428 Y117.088 E.01945
G1 X118.02 Y117.573 E.01987
G1 X117.561 Y117.961 E.01884
G1 X117.022 Y118.25 E.01918
G1 X116.474 Y118.433 E.01811
G1 X115.858 Y118.499 E.01942
G1 X115.34 Y118.467 E.01627
G1 X114.628 Y118.255 E.02329
G1 X114 Y117.876 E.023
G1 X113.411 Y117.438 E.02301
G1 X112.919 Y116.888 E.02314
G1 X112.73 Y116.574 E.01149
G1 X112.522 Y116.034 E.01814
G1 X112.409 Y115.48 E.01773
G1 X112.416 Y114.882 E.01875
G1 X112.522 Y114.3 E.01855
G1 X112.759 Y113.725 E.0195
G1 X113.085 Y113.206 E.01922
G1 X113.537 Y112.743 E.02029
G1 X114.047 Y112.37 E.01981
G1 X114.663 Y112.096 E.02114
G1 X115.293 Y111.936 E.02038
G1 X115.945 Y111.907 E.02046
G1 X116.475 Y111.964 E.01671
G1 X117.1 Y112.131 E.02028
G1 X117.722 Y112.442 E.0218
G1 X117.834 Y112.556 E.00501
G1 X116.009 Y113 F9000
;TYPE:Internal infill
;WIDTH:0.44
G1 F900
G1 X115.451 Y113.016 E.01843
G1 X114.864 Y113.181 E.02013
G1 X114.352 Y113.478 E.01954
G1 X113.918 Y113.918 E.02041
G1 X117.01 Y117.01 E.14438
G1 X116.719 Y117.194 E.01137
G1 X116.238 Y117.367 E.01688
G1 X115.551 Y117.392 E.0227
G1 X115.072 Y117.25 E.0165
G1 X114.276 Y116.724 E.0315
G1 X117.366 Y113.634 E.14428
G1 X117.693 Y114.172 E.02079
G1 X117.877 Y114.777 E.02088
G1 X117.902 Y115.389 E.02022
G1 X117.802 Y115.882 E.01661
;LAYER_CHANGE
;Z:25.2
;HEIGHT:0.200001
;BEFORE_LAYER_CHANGE
G92 E0
;25.2


G1 E-3.5 F3600
;WIPE_START
G1 F7200
G1 X117.902 Y115.389 E-.23894
G1 X117.877 Y114.777 E-.29094
G1 X117.693 Y114.172 E-.30037
G1 X117.366 Y113.634 E-.29905
G1 X116.814 Y114.186 E-.3707
;WIPE_END
G1 Z25.2 F9000
;AFTER_LAYER_CHANGE
;25.2
G1 X117.529 Y113.161
G1 E5 F2400
;TYPE:Perimeter
;WIDTH:0.439999
G1 F900
G1 X117.687 Y113.321 E.00742
G1 X118.004 Y113.726 E.01698
G1 X118.245 Y114.241 E.01877
G1 X118.379 Y114.726 E.01661
G1 X118.408 Y115.415 E.02277
G1 X118.316 Y115.895 E.01614
G1 X118.138 Y116.371 E.01678
G1 X117.782 Y116.901 E.02108
G1 X117.319 Y117.312 E.02044
G1 X116.785 Y117.585 E.0198
G1 X116.22 Y117.71 E.01911
G1 X115.692 Y117.694 E.01744
G1 X115.147 Y117.532 E.01877
G1 X114.638 Y117.224 E.01964
G1 X114.143 Y116.856 E.02037
G1 X113.927 Y116.615 E.01069
G1 X113.628 Y116.214 E.01652
G1 X113.437 Y115.688 E.01848
G1 X113.382 Y115.112 E.0191
G1 X113.476 Y114.52 E.01979
G1 X113.724 Y113.953 E.02043
G1 X114.002 Y113.58 E.01536
G1 X114.366 Y113.235 E.01656
G1 X114.779 Y112.982 E.01599
G1 X115.268 Y112.785 E.01741
G1 X115.809 Y112.696 E.0181
G1 X116.318 Y112.699 E.01681
G1 X116.846 Y112.812 E.01783
G1 X117.454 Y113.085 E.02201
G1 X117.487 Y113.119 E.00156
G1 X117.806 Y112.877 F9000
G1 F900
G1 X117.969 Y113.042 E.00766
G1 X118.344 Y113.519 E.02003
G1 X118.617 Y114.102 E.02125
G1 X118.771 Y114.66 E.01911
G1 X118.809 Y115.236 E.01906
G1 X118.773 Y115.657 E.01395
G1 X118.642 Y116.201 E.01847
G1 X118.393 Y116.722 E.01907
G1 X118.081 Y117.163 E.01784
G1 X117.675 Y117.538 E.01825
G1 X117.239 Y117.821 E.01716
G1 X116.764 Y118.004 E.01681
G1 X116.256 Y118.106 E.01711
G1 X115.615 Y118.085 E.02118
G1 X114.985 Y117.898 E.0217
G1 X114.416 Y117.554 E.02195
G1 X113.873 Y117.151 E.02233
G1 X113.432 Y116.657 E.02186
G1 X113.143 Y116.096 E.02084
G1 X113.021 Y115.6 E.01686
G1 X112.984 Y115.1 E.01655
G1 X113.058 Y114.573 E.01757
G1 X113.216 Y114.072 E.01734
G1 X113.492 Y113.589 E.01837
G1 X113.839 Y113.167 E.01804
G1 X114.295 Y112.804 E.01924
G1 X114.79 Y112.532 E.01865
G1 X115.374 Y112.357 E.02013
G1 X115.952 Y112.286 E.01923
G1 X116.61 Y112.346 E.02182
G1 X117.156 Y112.492 E.01866
G1 X117.691 Y112.76 E.01976
G1 X117.764 Y112.834 E.00343
G1 X118.076 Y112.599 F9000
;TYPE:External perimeter
;WIDTH:0.419999
G1 F900
G1 X118.41 Y112.937 E.0149
G1 X118.761 Y113.48 E.02027
G1 X118.98 Y113.966 E.01671
G1 X119.154 Y114.595 E.02046
G1 X119.195 Y115.279 E.02148
G1 X119.125 Y115.914 E.02003
G1 X118.919 Y116.54 E.02066
G1 X118.628 Y117.088 E.01945
G1 X118.22 Y117.573 E.01987
G1 X117.761 Y117.961 E.01884
G1 X117.222 Y118.25 E.01918
G1 X116.674 Y118.433 E.01811
G1 X116.058 Y118.499 E.01942
G1 X115.54 Y118.467 E.01627
G1 X114.828 Y118.255 E.02329
G1 X114.2 Y117.876 E.023
G1 X113.611 Y117.438 E.02301
G1 X113.119 Y116.888 E.02314
G1 X112.93 Y116.574 E.01149
G1 X112.722 Y116.034 E.01814
G1 X112.609 Y115.48 E.01773
G1 X112.616 Y114.882 E.01875
G1 X112.722 Y114.3 E.01855
G1 X112.959 Y113.725 E.0195
G1 X113.285 Y113.206 E.01922
G1 X113.737 Y112.743 E.02029
G1 X114.247 Y112.37 E.01981
G1 X114.863 Y112.096 E.02114
G1 X115.493 Y111.936 E.02038
G1 X116.145 Y111.907 E.02046
G1 X116.675 Y111.964 E.01671
G1 X117.3 Y112.131 E.02028
G1 X117.922 Y112.442 E.0218
G1 X118.034 Y112.556 E.00501
G1 E-3.5 F3600
;WIPE_START
G1 F7200
G1 X118.076 Y112.599 E-.02855
G1 X118.41 Y112.937 E-.22571
G1 X118.761 Y113.48 E-.30712
G1 X118.98 Y113.966 E-.25321
G1 X119.154 Y114.595 E-.31
G1 X119.195 Y115.279 E-.32548
G1 X119.184 Y115.384 E-.04993
;WIPE_END
G1 X118.106 Y115.058 F9000
G1 E5 F2400
;TYPE:Internal infill
;WIDTH:0.44
G1 F900
G1 X118.058 Y115.684 E.02073
G1 X117.865 Y116.233 E.01921
G1 X117.551 Y116.699 E.01855
G1 X117.091 Y117.091 E.01995
G1 X114.037 Y114.037 E.1426
G1 X113.77 Y114.606 E.02075
G1 X113.697 Y115.375 E.0255
G1 X113.901 Y116.073 E.02401
G1 X114.362 Y116.638 E.02408
G1 X117.467 Y113.533 E.14498
G1 X117.272 Y113.336 E.00915
G1 X116.605 Y113.058 E.02386
G1 X116.103 Y112.996 E.0167
G1 X115.651 Y113.016 E.01494
G1 X115.243 Y113.118 E.01389
;LAYER_CHANGE
;Z:25.4
;HEIGHT:0.199999
;BEFORE_LAYER_CHANGE
G92 E0
;25.4


G1 E-3.5 F3600
;WIPE_START
G1 F7200
G1 X115.651 Y113.016 E-.19976
G1 X116.103 Y112.996 E-.21491
G1 X116.605 Y113.058 E-.24026
G1 X117.272 Y113.336 E-.34324
G1 X117.467 Y113.533 E-.13166
G1 X116.916 Y114.084 E-.37017
;WIPE_END
G1 Z25.4 F9000
;AFTER_LAYER_CHANGE
;25.4
G1 X118.285 Y114.485
G1 E5 F2400
;TYPE:Perimeter
;WIDTH:0.439999
G1 F900
G1 X118.339 Y114.578 E.00355
G1 X118.41 Y115.241 E.02202
G1 X118.376 Y115.634 E.01302
G1 X118.259 Y116.123 E.0166
G1 X118.04 Y116.591 E.01706
G1 X117.741 Y117.022 E.01732
G1 X117.384 Y117.357 E.01616
G1 X116.961 Y117.638 E.01677
G1 X116.361 Y117.857 E.02109
G1 X115.744 Y117.918 E.02047
G1 X115.153 Y117.824 E.01976
G1 X114.731 Y117.65 E.01507
G1 X114.315 Y117.369 E.01658
G1 X114.016 Y117.025 E.01505
G1 X113.741 Y116.597 E.0168
G1 X113.442 Y115.676 E.03197
G1 X113.41 Y115.36 E.01049
G1 X113.405 Y114.86 E.01651
G1 X113.559 Y114.322 E.01848
G1 X113.853 Y113.824 E.01909
G1 X114.277 Y113.4 E.0198
G1 X114.811 Y113.087 E.02044
G1 X115.255 Y112.949 E.01535
G1 X115.752 Y112.883 E.01655
G1 X116.235 Y112.921 E.016
G1 X116.746 Y113.05 E.0174
G1 X117.236 Y113.296 E.0181
G1 X117.646 Y113.597 E.01679
G1 X118.007 Y113.999 E.01784
G1 X118.256 Y114.433 E.01652
G1 X118.646 Y114.308 F9000
G1 F900
G1 X118.721 Y114.453 E.00539
G1 X118.781 Y114.845 E.01309
G1 X118.807 Y115.292 E.01478
G1 X118.744 Y115.86 E.01887
G1 X118.548 Y116.46 E.02084
G1 X118.279 Y116.97 E.01904
G1 X117.893 Y117.433 E.0199
G1 X117.468 Y117.797 E.01848
G1 X116.961 Y118.071 E.01903
G1 X116.449 Y118.245 E.01785
G1 X115.901 Y118.31 E.01822
G1 X115.381 Y118.282 E.01719
G1 X114.889 Y118.151 E.01681
G1 X114.418 Y117.936 E.01709
G1 X113.912 Y117.542 E.02117
G1 X113.6 Y117.134 E.01696
G1 X113.373 Y116.747 E.01481
G1 X113.051 Y115.759 E.03431
G1 X112.984 Y115.103 E.02177
G1 X113.081 Y114.479 E.02085
G1 X113.274 Y114.007 E.01684
G1 X113.538 Y113.58 E.01658
G1 X113.907 Y113.197 E.01756
G1 X114.33 Y112.885 E.01735
G1 X114.838 Y112.656 E.0184
G1 X115.365 Y112.518 E.01799
G1 X115.948 Y112.493 E.01927
G1 X116.508 Y112.564 E.01864
G1 X117.084 Y112.766 E.02015
G1 X117.593 Y113.048 E.01921
G1 X118.09 Y113.483 E.02181
G1 X118.446 Y113.922 E.01866
G1 X118.618 Y114.254 E.01235
G1 X118.993 Y114.137 F9000
;TYPE:External perimeter
;WIDTH:0.419999
G1 F900
G1 X119.094 Y114.332 E.00689
G1 X119.163 Y114.787 E.01443
G1 X119.194 Y115.255 E.01471
G1 X119.164 Y115.665 E.01289
G1 X119.055 Y116.187 E.01672
G1 X118.826 Y116.798 E.02046
G1 X118.457 Y117.375 E.02147
G1 X118.028 Y117.849 E.02005
G1 X117.492 Y118.233 E.02067
G1 X116.935 Y118.505 E.01944
G1 X116.32 Y118.658 E.01987
G1 X115.721 Y118.703 E.01883
G1 X115.115 Y118.62 E.01918
G1 X114.564 Y118.446 E.01812
G1 X114.027 Y118.137 E.01943
G1 X113.627 Y117.806 E.01628
G1 X113.292 Y117.369 E.01726
G1 X113.013 Y116.894 E.01727
G1 X112.671 Y115.839 E.03477
G1 X112.596 Y115.106 E.0231
G1 X112.628 Y114.741 E.01149
G1 X112.776 Y114.182 E.01813
G1 X113.012 Y113.667 E.01776
G1 X113.368 Y113.187 E.01874
G1 X113.796 Y112.779 E.01854
G1 X114.326 Y112.453 E.01951
G1 X114.894 Y112.225 E.01919
G1 X115.533 Y112.115 E.02033
G1 X116.164 Y112.114 E.01978
G1 X116.824 Y112.255 E.02116
G1 X117.428 Y112.495 E.02038
G1 X117.972 Y112.854 E.02044
G1 X118.367 Y113.213 E.01674
G1 X118.775 Y113.715 E.02028
G1 X118.966 Y114.083 E.013
G1 X118.104 Y115.07 F9000
;TYPE:Internal infill
;WIDTH:0.44
G1 F900
G1 X118.055 Y115.715 E.02136
G1 X117.848 Y116.312 E.02086
G1 X117.509 Y116.822 E.02022
G1 X117.151 Y117.151 E.01605
G1 X114.061 Y114.061 E.14428
G1 X113.84 Y114.443 E.01457
G1 X113.69 Y115.098 E.02219
G1 X113.743 Y115.613 E.01709
G1 X114.025 Y116.481 E.03013
G1 X114.217 Y116.783 E.01182
G1 X117.293 Y113.707 E.14363
G1 X116.922 Y113.463 E.01466
G1 X116.348 Y113.25 E.02021
G1 X116.053 Y113.201 E.00987
G1 X115.47 Y113.215 E.01925
G1 X115.044 Y113.328 E.01455
;LAYER_CHANGE
;Z:25.6
;HEIGHT:0.200001
;BEFORE_LAYER_CHANGE
G92 E0
;25.6


G1 E-3.5 F3600
;WIPE_START
G1 F7200
G1 X115.47 Y113.215 E-.20935
G1 X116.053 Y113.201 E-.277
G1 X116.348 Y113.25 E-.14204
G1 X116.922 Y113.463 E-.29082
G1 X117.293 Y113.707 E-.21092
G1 X116.742 Y114.258 E-.36987
;WIPE_END
G1 Z25.6 F9000
;AFTER_LAYER_CHANGE
;25.6
G1 X118.35 Y116.316
G1 E5 F2400
;TYPE:Perimeter
;WIDTH:0.439999
G1 F900
G1 X118.339 Y116.422 E.00352
G1 X118.109 Y116.866 E.01651
G1 X117.748 Y117.299 E.01861
G1 X117.366 Y117.626 E.0166
G1 X116.914 Y117.876 E.01705
G1 X116.418 Y118.049 E.01734
G1 X115.933 Y118.11 E.01614
G1 X115.425 Y118.088 E.01679
G1 X114.811 Y117.913 E.02108
G1 X114.277 Y117.6 E.02044
G1 X113.853 Y117.176 E.0198
G1 X113.614 Y116.787 E.01507
G1 X113.443 Y116.315 E.01658
G1 X113.403 Y115.861 E.01505
G1 X113.432 Y115.353 E.0168
G1 X113.731 Y114.433 E.03194
G1 X114.022 Y113.933 E.0191
G1 X114.388 Y113.566 E.01711
G1 X114.877 Y113.275 E.01879
G1 X115.277 Y113.148 E.01386
G1 X115.805 Y113.089 E.01754
G1 X116.387 Y113.15 E.01932
G1 X116.774 Y113.28 E.01348
G1 X117.242 Y113.531 E.01753
G1 X117.61 Y113.845 E.01597
G1 X117.948 Y114.25 E.01742
G1 X118.2 Y114.737 E.0181
G1 X118.355 Y115.222 E.01681
G1 X118.41 Y115.759 E.01782
G1 X118.357 Y116.256 E.0165
G1 X118.746 Y116.384 F9000
G1 F900
G1 X118.721 Y116.547 E.00544
G1 X118.539 Y116.899 E.01308
G1 X118.298 Y117.275 E.01475
G1 X117.913 Y117.698 E.01889
G1 X117.402 Y118.068 E.02083
G1 X116.884 Y118.323 E.01906
G1 X116.3 Y118.471 E.01989
G1 X115.742 Y118.515 E.01848
G1 X115.17 Y118.439 E.01905
G1 X114.654 Y118.279 E.01784
G1 X114.173 Y118.009 E.01821
G1 X113.768 Y117.681 E.01721
G1 X113.447 Y117.286 E.01681
G1 X113.193 Y116.835 E.01709
G1 X113.015 Y116.218 E.0212
G1 X113.002 Y115.705 E.01694
G1 X113.046 Y115.259 E.0148
G1 X113.367 Y114.27 E.03433
G1 X113.606 Y113.858 E.01573
G1 X113.898 Y113.471 E.01601
G1 X114.264 Y113.17 E.01565
G1 X114.719 Y112.91 E.0173
G1 X115.19 Y112.76 E.01632
G1 X115.813 Y112.691 E.0207
G1 X116.464 Y112.759 E.02161
G1 X116.989 Y112.941 E.01835
G1 X117.468 Y113.203 E.01803
G1 X117.916 Y113.59 E.01955
G1 X118.279 Y114.03 E.01883
G1 X118.567 Y114.584 E.02062
G1 X118.744 Y115.14 E.01927
G1 X118.811 Y115.955 E.027
G1 X118.755 Y116.325 E.01236
G1 X119.127 Y116.45 F9000
;TYPE:External perimeter
;WIDTH:0.419999
G1 F900
G1 X119.094 Y116.668 E.00691
G1 X118.775 Y117.285 E.02178
G1 X118.367 Y117.787 E.02028
G1 X117.972 Y118.146 E.01674
G1 X117.428 Y118.505 E.02044
G1 X116.79 Y118.756 E.0215
G1 X116.164 Y118.886 E.02005
G1 X115.505 Y118.882 E.02066
G1 X114.894 Y118.775 E.01945
G1 X114.307 Y118.537 E.01986
G1 X113.796 Y118.221 E.01884
G1 X113.355 Y117.798 E.01916
G1 X113.012 Y117.333 E.01812
G1 X112.758 Y116.767 E.01945
G1 X112.629 Y116.265 E.01625
G1 X112.615 Y115.715 E.01725
G1 X112.669 Y115.167 E.01727
G1 X113.012 Y114.111 E.03481
G1 X113.382 Y113.474 E.0231
G1 X113.777 Y113.06 E.01794
G1 X114.22 Y112.731 E.0173
G1 X114.766 Y112.481 E.01883
G1 X115.318 Y112.335 E.0179
G1 X115.821 Y112.302 E.01581
G1 X116.54 Y112.378 E.02267
G1 X117.145 Y112.587 E.02007
G1 X117.688 Y112.884 E.01941
G1 X118.192 Y113.318 E.02085
G1 X118.602 Y113.815 E.0202
G1 X118.923 Y114.434 E.02186
G1 X119.124 Y115.06 E.02061
G1 X119.199 Y115.98 E.02894
G1 X119.136 Y116.391 E.01304
G1 X118.03 Y115.194 F9000
;TYPE:Internal infill
;WIDTH:0.44
G1 F900
G1 X118.107 Y115.908 E.02371
G1 X118.044 Y116.327 E.01399
G1 X117.667 Y116.944 E.02387
G1 X117.293 Y117.293 E.01689
G1 X114.213 Y114.213 E.14382
G1 X114.012 Y114.559 E.01321
G1 X113.703 Y115.592 E.0356
G1 X113.758 Y116.327 E.02434
G1 X114.061 Y116.939 E.02255
G1 X117.151 Y113.849 E.14428
G1 X116.82 Y113.634 E.01303
G1 X116.327 Y113.452 E.01735
G1 X115.473 Y113.417 E.02822
G1 X114.903 Y113.605 E.01982
;LAYER_CHANGE
;Z:25.8
;HEIGHT:0.199999
;BEFORE_LAYER_CHANGE
G92 E0
;25.8


G1 E-3.5 F3600
;WIPE_START
G1 F7200
G1 X115.473 Y113.417 E-.2851
G1 X116.327 Y113.452 E-.40599
G1 X116.82 Y113.634 E-.24962
G1 X117.151 Y113.849 E-.18748
G1 X116.598 Y114.402 E-.37181
;WIPE_END
G1 Z25.8 F9000
;AFTER_LAYER_CHANGE
;25.8
G1 X118.55 Y116.316
G1 E5 F2400
;TYPE:Perimeter
;WIDTH:0.439999
G1 F900
G1 X118.539 Y116.422 E.00352
G1 X118.309 Y116.866 E.01651
G1 X117.948 Y117.299 E.01861
G1 X117.566 Y117.626 E.0166
G1 X117.114 Y117.876 E.01705
G1 X116.618 Y118.049 E.01734
G1 X116.133 Y118.11 E.01614
G1 X115.625 Y118.088 E.01679
G1 X115.011 Y117.913 E.02108
G1 X114.477 Y117.6 E.02044
G1 X114.053 Y117.176 E.0198
G1 X113.814 Y116.787 E.01507
G1 X113.643 Y116.315 E.01658
G1 X113.603 Y115.861 E.01505
G1 X113.632 Y115.353 E.0168
G1 X113.931 Y114.433 E.03194
G1 X114.222 Y113.933 E.0191
G1 X114.588 Y113.566 E.01711
G1 X115.077 Y113.275 E.01879
G1 X115.477 Y113.148 E.01386
G1 X116.005 Y113.089 E.01754
G1 X116.587 Y113.15 E.01932
G1 X116.974 Y113.28 E.01348
G1 X117.442 Y113.531 E.01753
G1 X117.81 Y113.845 E.01597
G1 X118.148 Y114.25 E.01742
G1 X118.4 Y114.737 E.0181
G1 X118.555 Y115.222 E.01681
G1 X118.61 Y115.759 E.01782
G1 X118.557 Y116.256 E.0165
G1 X118.946 Y116.384 F9000
G1 F900
G1 X118.921 Y116.547 E.00544
G1 X118.739 Y116.899 E.01308
G1 X118.498 Y117.275 E.01475
G1 X118.113 Y117.698 E.01889
G1 X117.602 Y118.068 E.02083
G1 X117.084 Y118.323 E.01906
G1 X116.5 Y118.471 E.01989
G1 X115.942 Y118.515 E.01848
G1 X115.37 Y118.439 E.01905
G1 X114.854 Y118.279 E.01784
G1 X114.373 Y118.009 E.01821
G1 X113.968 Y117.681 E.01721
G1 X113.647 Y117.286 E.01681
G1 X113.393 Y116.835 E.01709
G1 X113.215 Y116.218 E.0212
G1 X113.202 Y115.705 E.01694
G1 X113.246 Y115.259 E.0148
G1 X113.567 Y114.27 E.03433
G1 X113.806 Y113.858 E.01573
G1 X114.098 Y113.471 E.01601
G1 X114.464 Y113.17 E.01565
G1 X114.919 Y112.91 E.0173
G1 X115.39 Y112.76 E.01632
G1 X116.013 Y112.691 E.0207
G1 X116.664 Y112.759 E.02161
G1 X117.189 Y112.941 E.01835
G1 X117.668 Y113.203 E.01803
G1 X118.116 Y113.59 E.01955
G1 X118.479 Y114.03 E.01883
G1 X118.767 Y114.584 E.02062
G1 X118.944 Y115.14 E.01927
G1 X119.011 Y115.955 E.027
G1 X118.955 Y116.325 E.01236
G1 X119.327 Y116.45 F9000
;TYPE:External perimeter
;WIDTH:0.419999
G1 F900
G1 X119.294 Y116.668 E.00691
G1 X118.975 Y117.285 E.02178
G1 X118.567 Y117.787 E.02028
G1 X118.172 Y118.146 E.01674
G1 X117.628 Y118.505 E.02044
G1 X116.99 Y118.756 E.0215
G1 X116.364 Y118.886 E.02005
G1 X115.705 Y118.882 E.02066
G1 X115.094 Y118.775 E.01945
G1 X114.507 Y118.537 E.01986
G1 X113.996 Y118.221 E.01884
G1 X113.555 Y117.798 E.01916
G1 X113.212 Y117.333 E.01812
G1 X112.958 Y116.767 E.01945
G1 X112.829 Y116.265 E.01625
G1 X112.815 Y115.715 E.01725
G1 X112.869 Y115.167 E.01727
G1 X113.212 Y114.111 E.03481
G1 X113.582 Y113.474 E.0231
G1 X113.977 Y113.06 E.01794
G1 X114.42 Y112.731 E.0173
G1 X114.966 Y112.481 E.01883
G1 X115.518 Y112.335 E.0179
G1 X116.021 Y112.302 E.01581
G1 X116.74 Y112.378 E.02267
G1 X117.345 Y112.587 E.02007
G1 X117.888 Y112.884 E.01941
G1 X118.392 Y113.318 E.02085
G1 X118.802 Y113.815 E.0202
G1 X119.123 Y114.434 E.02186
G1 X119.324 Y115.06 E.02061
G1 X119.399 Y115.98 E.02894
G1 X119.336 Y116.391 E.01304
G1 X118.262 Y115.333 F9000
;TYPE:Internal infill
;WIDTH:0.44
G1 F900
G1 X118.307 Y115.908 E.01904
G1 X118.244 Y116.327 E.01399
G1 X117.867 Y116.944 E.02387
G1 X117.381 Y117.381 E.02158
G1 X114.34 Y114.34 E.14199
G1 X114.212 Y114.559 E.00838
G1 X113.903 Y115.592 E.0356
G1 X113.958 Y116.327 E.02434
G1 X114.18 Y116.82 E.01785
G1 X117.236 Y113.764 E.1427
G1 X116.76 Y113.52 E.01766
G1 X115.999 Y113.396 E.02546
G1 X115.438 Y113.47 E.01868
G1 X114.976 Y113.671 E.01664
;LAYER_CHANGE
;Z:26
;HEIGHT:0.200001
;BEFORE_LAYER_CHANGE
G92 E0
;26


G1 E-3.5 F3600
;WIPE_START
G1 F7200
G1 X115.438 Y113.47 E-.23932
G1 X115.999 Y113.396 E-.26878
G1 X116.76 Y113.52 E-.36624
G1 X117.236 Y113.764 E-.25407
G1 X116.683 Y114.317 E-.37159
;WIPE_END
G1 Z26 F9000
;AFTER_LAYER_CHANGE
;26
G1 X117.326 Y117.835
G1 E5 F2400
;TYPE:Perimeter
;WIDTH:0.439999
G1 F900
G1 X117.254 Y117.915 E.00355
G1 X116.808 Y118.138 E.01646
G1 X116.261 Y118.277 E.01863
G1 X115.76 Y118.317 E.01659
G1 X115.245 Y118.252 E.01714
G1 X114.744 Y118.101 E.01728
G1 X114.316 Y117.866 E.01612
G1 X113.918 Y117.55 E.01678
G1 X113.524 Y117.047 E.0211
G1 X113.276 Y116.48 E.02043
G1 X113.182 Y115.888 E.01979
G1 X113.237 Y115.312 E.0191
G1 X113.416 Y114.815 E.01744
G1 X113.739 Y114.346 E.0188
G1 X114.188 Y113.957 E.01961
G1 X114.691 Y113.6 E.02037
G1 X115.226 Y113.363 E.01932
G1 X115.706 Y113.285 E.01606
G1 X116.334 Y113.343 E.02082
G1 X116.858 Y113.534 E.01841
G1 X117.362 Y113.877 E.02013
G1 X117.776 Y114.351 E.02078
G1 X117.997 Y114.767 E.01555
G1 X118.157 Y115.251 E.01683
G1 X118.215 Y115.928 E.02243
G1 X118.133 Y116.47 E.0181
G1 X117.973 Y116.953 E.0168
G1 X117.702 Y117.421 E.01786
G1 X117.366 Y117.791 E.0165
G1 X117.606 Y118.123 F9000
G1 F900
G1 X117.491 Y118.24 E.00542
G1 X117.137 Y118.418 E.01308
G1 X116.72 Y118.58 E.01477
G1 X116.16 Y118.697 E.01889
G1 X115.529 Y118.696 E.02083
G1 X114.961 Y118.598 E.01903
G1 X114.401 Y118.374 E.01991
G1 X113.924 Y118.081 E.01848
G1 X113.506 Y117.684 E.01903
G1 X113.182 Y117.251 E.01786
G1 X112.952 Y116.749 E.01823
G1 X112.817 Y116.247 E.01716
G1 X112.79 Y115.738 E.01683
G1 X112.849 Y115.224 E.01708
G1 X113.068 Y114.621 E.02118
G1 X113.44 Y114.079 E.0217
G1 X113.943 Y113.644 E.02196
G1 X114.494 Y113.253 E.02231
G1 X115.1 Y112.985 E.02188
G1 X115.705 Y112.886 E.02024
G1 X116.408 Y112.951 E.02331
G1 X116.897 Y113.118 E.01706
G1 X117.343 Y113.359 E.01674
G1 X117.76 Y113.715 E.0181
G1 X118.106 Y114.129 E.01781
G1 X118.373 Y114.636 E.01892
G1 X118.546 Y115.167 E.01844
G1 X118.608 Y115.73 E.0187
G1 X118.59 Y116.161 E.01424
G1 X118.479 Y116.733 E.01924
G1 X118.219 Y117.34 E.0218
G1 X117.911 Y117.814 E.01866
G1 X117.648 Y118.081 E.01237
G1 X117.876 Y118.401 F9000
;TYPE:External perimeter
;WIDTH:0.419999
G1 F900
G1 X117.722 Y118.558 E.0069
G1 X117.1 Y118.869 E.0218
G1 X116.475 Y119.036 E.02028
G1 X115.945 Y119.093 E.01671
G1 X115.293 Y119.064 E.02046
G1 X114.63 Y118.892 E.02148
G1 X114.047 Y118.63 E.02004
G1 X113.516 Y118.24 E.02066
G1 X113.085 Y117.794 E.01945
G1 X112.75 Y117.256 E.01987
G1 X112.522 Y116.7 E.01884
G1 X112.414 Y116.098 E.01918
G1 X112.409 Y115.52 E.01812
G1 X112.537 Y114.914 E.01942
G1 X112.728 Y114.431 E.01629
G1 X113.15 Y113.819 E.02331
G1 X113.703 Y113.339 E.02296
G1 X114.302 Y112.914 E.02303
G1 X114.774 Y112.706 E.01617
G1 X115.192 Y112.567 E.01381
G1 X115.703 Y112.497 E.01617
G1 X116.48 Y112.569 E.02447
G1 X117.051 Y112.762 E.0189
G1 X117.561 Y113.039 E.0182
G1 X118.035 Y113.442 E.01951
G1 X118.428 Y113.912 E.01921
G1 X118.729 Y114.485 E.02029
G1 X118.925 Y115.086 E.01982
G1 X118.996 Y115.756 E.02112
G1 X118.954 Y116.405 E.02039
G1 X118.78 Y117.034 E.02046
G1 X118.561 Y117.52 E.01671
G1 X118.21 Y118.063 E.02027
G1 X117.918 Y118.358 E.01301
G1 E-3.5 F3600
;WIPE_START
G1 F7200
G1 X117.876 Y118.401 E-.02855
G1 X117.722 Y118.558 E-.10446
G1 X117.1 Y118.869 E-.33032
G1 X116.475 Y119.036 E-.30729
G1 X115.945 Y119.093 E-.2532
G1 X115.293 Y119.064 E-.31001
G1 X114.955 Y118.976 E-.16617
;WIPE_END
G1 X115.178 Y117.925 F9000
G1 E5 F2400
;TYPE:Internal infill
;WIDTH:0.44
G1 F900
G1 X115.766 Y118.01 E.01962
G1 X116.405 Y117.942 E.02122
G1 X117.072 Y117.664 E.02386
G1 X117.366 Y117.366 E.01382
G1 X114.281 Y114.281 E.14405
G1 X114.843 Y113.867 E.02305
G1 X115.511 Y113.612 E.02361
G1 X116.277 Y113.644 E.02531
G1 X116.719 Y113.806 E.01554
G1 X117.01 Y113.99 E.01137
G1 X113.918 Y117.082 E.14438
G1 X113.57 Y116.394 E.02546
G1 X113.488 Y115.879 E.01722
G1 X113.536 Y115.379 E.01658
G1 X113.764 Y114.848 E.01908
;LAYER_CHANGE
;Z:26.2
;HEIGHT:0.200001
;BEFORE_LAYER_CHANGE
G92 E0
;26.2


G1 E-3.5 F3600
;WIPE_START
G1 F7200
G1 X113.536 Y115.379 E-.27449
G1 X113.488 Y115.879 E-.23859
G1 X113.57 Y116.394 E-.24771
G1 X113.918 Y117.082 E-.36623
G1 X114.473 Y116.527 E-.37298
;WIPE_END
G1 Z26.2 F9000
;AFTER_LAYER_CHANGE
;26.2
G1 X117.359 Y117.963
G1 E5 F2400
;TYPE:Perimeter
;WIDTH:0.439999
G1 F900
G1 X117.008 Y118.138 E.01295
G1 X116.461 Y118.277 E.01863
G1 X115.96 Y118.317 E.01659
G1 X115.445 Y118.252 E.01714
G1 X114.944 Y118.101 E.01728
G1 X114.516 Y117.866 E.01612
G1 X114.118 Y117.55 E.01678
G1 X113.724 Y117.047 E.0211
G1 X113.476 Y116.48 E.02043
G1 X113.382 Y115.888 E.01979
G1 X113.437 Y115.312 E.0191
G1 X113.616 Y114.815 E.01744
G1 X113.939 Y114.346 E.0188
G1 X114.388 Y113.957 E.01961
G1 X114.891 Y113.6 E.02037
G1 X115.426 Y113.363 E.01932
G1 X115.906 Y113.285 E.01606
G1 X116.534 Y113.343 E.02082
G1 X117.058 Y113.534 E.01841
G1 X117.562 Y113.877 E.02013
G1 X117.976 Y114.351 E.02078
G1 X118.197 Y114.767 E.01555
G1 X118.357 Y115.251 E.01683
G1 X118.415 Y115.928 E.02243
G1 X118.333 Y116.47 E.0181
G1 X118.173 Y116.953 E.0168
G1 X117.902 Y117.421 E.01786
G1 X117.454 Y117.915 E.02202
G1 X117.412 Y117.936 E.00155
G1 X117.544 Y118.314 F9000
G1 F900
G1 X117.337 Y118.418 E.00765
G1 X116.92 Y118.58 E.01477
G1 X116.36 Y118.697 E.01889
G1 X115.729 Y118.696 E.02083
G1 X115.161 Y118.598 E.01903
G1 X114.601 Y118.374 E.01991
G1 X114.124 Y118.081 E.01848
G1 X113.706 Y117.684 E.01903
G1 X113.382 Y117.251 E.01786
G1 X113.152 Y116.749 E.01823
G1 X113.017 Y116.247 E.01716
G1 X112.99 Y115.738 E.01683
G1 X113.049 Y115.224 E.01708
G1 X113.268 Y114.621 E.02118
G1 X113.64 Y114.079 E.0217
G1 X114.143 Y113.644 E.02196
G1 X114.694 Y113.253 E.02231
G1 X115.3 Y112.985 E.02188
G1 X115.905 Y112.886 E.02024
G1 X116.608 Y112.951 E.02331
G1 X117.097 Y113.118 E.01706
G1 X117.543 Y113.359 E.01674
G1 X117.96 Y113.715 E.0181
G1 X118.306 Y114.129 E.01781
G1 X118.573 Y114.636 E.01892
G1 X118.746 Y115.167 E.01844
G1 X118.808 Y115.73 E.0187
G1 X118.79 Y116.161 E.01424
G1 X118.679 Y116.733 E.01924
G1 X118.419 Y117.34 E.0218
G1 X118.111 Y117.814 E.01866
G1 X117.691 Y118.24 E.01975
G1 X117.598 Y118.287 E.00344
G1 X117.725 Y118.656 F9000
;TYPE:External perimeter
;WIDTH:0.419999
G1 F900
G1 X117.3 Y118.869 E.01491
G1 X116.675 Y119.036 E.02028
G1 X116.145 Y119.093 E.01671
G1 X115.493 Y119.064 E.02046
G1 X114.83 Y118.892 E.02148
G1 X114.247 Y118.63 E.02004
G1 X113.716 Y118.24 E.02066
G1 X113.285 Y117.794 E.01945
G1 X112.95 Y117.256 E.01987
G1 X112.722 Y116.7 E.01884
G1 X112.614 Y116.098 E.01918
G1 X112.609 Y115.52 E.01812
G1 X112.737 Y114.914 E.01942
G1 X112.928 Y114.431 E.01629
G1 X113.35 Y113.819 E.02331
G1 X113.903 Y113.339 E.02296
G1 X114.502 Y112.914 E.02303
G1 X114.974 Y112.706 E.01617
G1 X115.392 Y112.567 E.01381
G1 X115.903 Y112.497 E.01617
G1 X116.68 Y112.569 E.02447
G1 X117.251 Y112.762 E.0189
G1 X117.761 Y113.039 E.0182
G1 X118.235 Y113.442 E.01951
G1 X118.628 Y113.912 E.01921
G1 X118.929 Y114.485 E.02029
G1 X119.125 Y115.086 E.01982
G1 X119.196 Y115.756 E.02112
G1 X119.154 Y116.405 E.02039
G1 X118.98 Y117.034 E.02046
G1 X118.761 Y117.52 E.01671
G1 X118.41 Y118.063 E.02027
G1 X117.922 Y118.558 E.02179
G1 X117.778 Y118.629 E.00503
G1 E-3.5 F3600
;WIPE_START
G1 F7200
G1 X117.725 Y118.656 E-.02825
G1 X117.3 Y118.869 E-.22581
G1 X116.675 Y119.036 E-.30729
G1 X116.145 Y119.093 E-.2532
G1 X115.493 Y119.064 E-.31001
G1 X114.83 Y118.892 E-.32535
G1 X114.734 Y118.849 E-.05009
;WIPE_END
G1 X117.319 Y116.453 F9000
G1 E5 F2400
;TYPE:Internal infill
;WIDTH:0.44
G1 F900
G1 X117.428 Y115.876 E.01939
G1 X117.317 Y115.174 E.02347
G1 X117.133 Y114.811 E.01344
G1 X116.662 Y114.338 E.02204
G1 X114.037 Y116.963 E.12257
G1 X113.77 Y116.394 E.02075
G1 X113.697 Y115.625 E.0255
G1 X113.884 Y114.964 E.02268
G1 X114.168 Y114.552 E.01652
G1 X114.374 Y114.374 E.00899
G1 X117.022 Y117.022 E.12364
G1 X116.597 Y117.456 E.02006
G1 X115.952 Y117.818 E.02442
G1 X116.015 Y118.008 E.00661
G1 X115.653 Y117.984 E.01198
G1 X115.2 Y117.867 E.01545
G1 E-3.5 F3600
;WIPE_START
G1 F7200
G1 X115.653 Y117.984 E-.22224
G1 X116.015 Y118.008 E-.17233
G1 X115.952 Y117.818 E-.09508
G1 X116.597 Y117.456 E-.35133
G1 X117.022 Y117.022 E-.28853
G1 X116.47 Y116.47 E-.37049
;WIPE_END
G1 X116.876 Y113.89 F9000
G1 E5 F2400
;TYPE:Solid infill
;WIDTH:0.630476
G1 F900
G1 X117.057 Y114.017 E.0108
G1 X117.173 Y114.062 E.00608
;WIDTH:0.581456
G1 X117.288 Y114.107 E.00553
G1 X117.173 Y114.062 E.00553
;WIDTH:0.630476
G1 X117.057 Y114.017 E.00608
G1 X117.087 Y114.08 E.00341
;WIDTH:0.585581
G1 X117.116 Y114.142 E.00309
;WIDTH:0.540686
G1 X117.146 Y114.204 E.00285
;WIDTH:0.49579
G1 X117.176 Y114.266 E.00259
;WIDTH:0.450895
G1 X117.205 Y114.328 E.00232
;WIDTH:0.406
G1 X117.235 Y114.391 E.00211
;WIDTH:0.372109
G1 X117.465 Y114.671 E.00992
;WIDTH:0.380761
G1 X117.679 Y115.117 E.0139
;WIDTH:0.381419
G1 X117.788 Y115.613 E.01429
G1 X117.769 Y116.165 E.01555
;WIDTH:0.38108
G1 X117.607 Y116.724 E.01636
;WIDTH:0.376976
G1 X117.326 Y117.206 E.0155
;WIDTH:0.367599
G1 X116.823 Y117.728 E.01957
;WIDTH:0.354644
G1 X116.39 Y117.986 E.01306
G1 X116.414 Y118.009 E.00086
G1 X116.914 Y117.891 E.01332
G1 X117.316 Y117.681 E.01176
;WIDTH:0.367599
G1 X117.604 Y117.373 E.01138
;WIDTH:0.371245
G1 X117.888 Y116.902 E.01502
;WIDTH:0.378912
G1 X118.083 Y116.303 E.0176
;WIDTH:0.383107
G1 X118.128 Y115.638 E.01885
G1 X118.009 Y115.044 E.01714
;WIDTH:0.380761
G1 X117.758 Y114.522 E.01627
;WIDTH:0.372109
G1 X117.473 Y114.179 E.01221
;LAYER_CHANGE
;Z:26.4
;HEIGHT:0.199999
;BEFORE_LAYER_CHANGE
G92 E0
;26.4


G1 E-3.5 F3600
;WIPE_START
G1 F7200
G1 X117.758 Y114.522 E-.21183
G1 X118.009 Y115.044 E-.27513
G1 X118.128 Y115.638 E-.28776
G1 X118.083 Y116.303 E-.3166
G1 X117.888 Y116.902 E-.29922
G1 X117.769 Y117.1 E-.10946
;WIPE_END
G1 Z26.4 F9000
;AFTER_LAYER_CHANGE
;26.4
G1 X115.605 Y118.463
G1 E5 F2400
;TYPE:Perimeter
;WIDTH:0.439999
G1 F900
G1 X115.5 Y118.485 E.00354
G1 X115.007 Y118.403 E.0165
G1 X114.484 Y118.194 E.0186
G1 X114.055 Y117.931 E.01661
G1 X113.676 Y117.577 E.01712
G1 X113.36 Y117.16 E.01727
G1 X113.151 Y116.718 E.01614
G1 X113.015 Y116.229 E.01676
G1 X112.992 Y115.59 E.02111
G1 X113.125 Y114.985 E.02045
G1 X113.397 Y114.451 E.01979
G1 X113.78 Y114.018 E.01909
G1 X114.217 Y113.721 E.01745
G1 X114.753 Y113.531 E.01878
G1 X115.346 Y113.481 E.01965
G1 X115.963 Y113.487 E.02037
G1 X116.534 Y113.61 E.01929
G1 X116.996 Y113.845 E.01711
G1 X117.424 Y114.22 E.01879
G1 X117.755 Y114.708 E.01947
G1 X117.96 Y115.281 E.02009
G1 X118.012 Y115.737 E.01515
G1 X118.002 Y116.055 E.0105
G1 X117.911 Y116.548 E.01655
G1 X117.726 Y116.996 E.016
G1 X117.445 Y117.442 E.0174
G1 X117.06 Y117.833 E.01812
G1 X116.647 Y118.129 E.01678
G1 X116.153 Y118.348 E.01784
G1 X115.663 Y118.45 E.01653
G1 X115.662 Y118.86 F9000
G1 F900
G1 X115.5 Y118.887 E.00542
G1 X115.109 Y118.823 E.01308
G1 X114.677 Y118.709 E.01475
G1 X114.155 Y118.474 E.0189
G1 X113.645 Y118.103 E.02082
G1 X113.243 Y117.689 E.01905
G1 X112.922 Y117.179 E.0199
G1 X112.708 Y116.662 E.01847
G1 X112.603 Y116.094 E.01907
G1 X112.596 Y115.554 E.01783
G1 X112.704 Y115.013 E.01821
G1 X112.891 Y114.527 E.01719
G1 X113.167 Y114.099 E.01681
G1 X113.518 Y113.718 E.0171
G1 X114.049 Y113.359 E.02116
G1 X114.669 Y113.14 E.02171
G1 X115.331 Y113.083 E.02194
G1 X116.007 Y113.091 E.02232
G1 X116.655 Y113.23 E.02188
G1 X117.218 Y113.515 E.02083
G1 X117.608 Y113.844 E.01685
G1 X117.932 Y114.228 E.01659
G1 X118.183 Y114.697 E.01756
G1 X118.349 Y115.195 E.01733
G1 X118.409 Y115.749 E.0184
G1 X118.377 Y116.293 E.01799
G1 X118.221 Y116.855 E.01926
G1 X117.981 Y117.366 E.01864
G1 X117.611 Y117.851 E.02014
G1 X117.186 Y118.249 E.01922
G1 X116.618 Y118.586 E.02181
G1 X116.091 Y118.789 E.01865
G1 X115.721 Y118.851 E.01239
G1 X115.717 Y119.244 F9000
;TYPE:External perimeter
;WIDTH:0.419999
G1 F900
G1 X115.5 Y119.279 E.00689
G1 X114.814 Y119.166 E.0218
G1 X114.211 Y118.933 E.02027
G1 X113.748 Y118.669 E.01671
G1 X113.238 Y118.262 E.02046
G1 X112.803 Y117.733 E.02147
G1 X112.485 Y117.178 E.02006
G1 X112.285 Y116.55 E.02066
G1 X112.198 Y115.936 E.01944
G1 X112.243 Y115.304 E.01987
G1 X112.386 Y114.72 E.01885
G1 X112.652 Y114.17 E.01916
G1 X112.988 Y113.7 E.01811
G1 X113.447 Y113.284 E.01942
G1 X113.885 Y113.006 E.01627
G1 X114.587 Y112.759 E.02333
G1 X115.317 Y112.696 E.02297
G1 X116.05 Y112.704 E.02298
G1 X116.467 Y112.794 E.01338
G1 X116.975 Y112.946 E.01663
G1 X117.435 Y113.193 E.01637
G1 X117.881 Y113.57 E.01831
G1 X118.253 Y114.009 E.01804
G1 X118.538 Y114.543 E.01898
G1 X118.727 Y115.112 E.0188
G1 X118.802 Y115.936 E.02594
G1 X118.709 Y116.577 E.02031
G1 X118.515 Y117.178 E.0198
G1 X118.178 Y117.762 E.02114
G1 X117.762 Y118.262 E.02039
G1 X117.252 Y118.669 E.02046
G1 X116.789 Y118.933 E.01671
G1 X116.186 Y119.166 E.02027
G1 X115.776 Y119.234 E.01303
G1 X114.803 Y117.59 F9000
;TYPE:Internal infill
;WIDTH:0.44
G1 F900
G1 X115.052 Y117.72 E.00927
G1 X115.783 Y117.644 E.02427
G1 X116.485 Y117.291 E.02594
G1 X116.879 Y116.879 E.01882
G1 X114.433 Y114.433 E.11421
G1 X114.231 Y114.608 E.00882
G1 X113.958 Y115.005 E.01591
G1 X113.78 Y115.633 E.02155
G1 X113.851 Y116.37 E.02445
G1 X114.097 Y116.903 E.01938
G1 X116.868 Y114.132 E.12939
G1 X116.441 Y113.903 E.016
G1 X115.929 Y113.793 E.01729
G1 X114.83 Y113.832 E.03631
G1 X114.911 Y114.063 E.00808
G1 E-3.5 F3600
;WIPE_START
G1 F7200
G1 X114.83 Y113.832 E-.11628
G1 X115.929 Y113.793 E-.52235
G1 X116.441 Y113.903 E-.24875
G1 X116.868 Y114.132 E-.23015
G1 X116.299 Y114.701 E-.38247
;WIPE_END
G1 X117.455 Y114.865 F9000
G1 E5 F2400
;TYPE:Solid infill
;WIDTH:0.532438
G1 F900
G1 X117.614 Y115.357 E.02105
G1 X117.664 Y115.871 E.02102
;WIDTH:0.539226
G1 X117.568 Y116.446 E.02406
;WIDTH:0.539938
G1 X117.334 Y116.975 E.02391
;WIDTH:0.540644
G1 X116.962 Y117.445 E.02481
;WIDTH:0.541378
G1 X116.468 Y117.818 E.02566
G1 X115.897 Y118.058 E.02567
;WIDTH:0.541046
G1 X115.5 Y118.137 E.01677
;WIDTH:0.514388
G1 X115.327 Y118.121 E.00681
;WIDTH:0.473566
G1 X115.154 Y118.104 E.00622
;WIDTH:0.432744
G1 X114.981 Y118.088 E.00563
;WIDTH:0.417685
G1 X114.744 Y117.974 E.0082
;WIDTH:0.443448
G1 X114.508 Y117.861 E.00871
;WIDTH:0.453562
G1 X114.087 Y117.537 E.01814
;WIDTH:0.482722
G1 X113.712 Y117.08 E.02162
;WIDTH:0.508806
G1 X113.445 Y116.514 E.02424
;WIDTH:0.523226
G1 X113.336 Y115.914 E.02435
;WIDTH:0.52353
G1 X113.381 Y115.356 E.02237
G1 X113.551 Y114.863 E.02084
;WIDTH:0.510052
G1 X113.829 Y114.444 E.01953
;WIDTH:0.498926
G1 X114.181 Y114.116 E.01824
;LAYER_CHANGE
;Z:26.6
;HEIGHT:0.200001
;BEFORE_LAYER_CHANGE
G92 E0
;26.6


G1 E-3.5 F3600
;WIPE_START
G1 F7200
G1 X113.829 Y114.444 E-.22854
G1 X113.551 Y114.863 E-.23885
G1 X113.381 Y115.356 E-.24771
G1 X113.336 Y115.914 E-.26591
G1 X113.445 Y116.514 E-.28966
G1 X113.651 Y116.951 E-.22933
;WIPE_END
G1 Z26.6 F9000
;AFTER_LAYER_CHANGE
;26.6
G1 X113.674 Y117.835
G1 E5 F2400
;TYPE:Perimeter
;WIDTH:0.439999
G1 F900
G1 X113.298 Y117.421 E.01847
G1 X113.027 Y116.953 E.01786
G1 X112.856 Y116.425 E.01832
G1 X112.785 Y115.928 E.01658
G1 X112.815 Y115.434 E.01634
G1 X112.933 Y114.931 E.01706
G1 X113.224 Y114.351 E.02143
G1 X113.638 Y113.877 E.02078
G1 X114.142 Y113.534 E.02013
G1 X114.696 Y113.334 E.01945
G1 X115.231 Y113.283 E.01774
G1 X115.803 Y113.376 E.01913
G1 X116.304 Y113.597 E.01808
G1 X117.061 Y114.148 E.03091
G1 X117.273 Y114.385 E.0105
G1 X117.572 Y114.786 E.01652
G1 X117.763 Y115.312 E.01848
G1 X117.818 Y115.888 E.0191
G1 X117.724 Y116.48 E.01979
G1 X117.476 Y117.047 E.02043
G1 X117.198 Y117.42 E.01536
G1 X116.834 Y117.765 E.01656
G1 X116.422 Y118.018 E.01596
G1 X115.932 Y118.215 E.01744
G1 X115.391 Y118.304 E.0181
G1 X114.882 Y118.301 E.01681
G1 X114.354 Y118.188 E.01783
G1 X113.746 Y117.915 E.02201
G1 X113.714 Y117.88 E.00157
G1 X113.394 Y118.123 F9000
G1 F900
G1 X113.089 Y117.814 E.01434
G1 X112.743 Y117.266 E.0214
G1 X112.521 Y116.733 E.01906
G1 X112.406 Y116.123 E.0205
G1 X112.396 Y115.551 E.01889
G1 X112.51 Y114.968 E.01961
G1 X112.706 Y114.451 E.01826
G1 X113.014 Y113.973 E.01877
G1 X113.375 Y113.579 E.01764
G1 X113.819 Y113.263 E.01799
G1 X114.28 Y113.041 E.01689
G1 X114.758 Y112.922 E.01626
G1 X115.258 Y112.885 E.01655
G1 X115.917 Y112.992 E.02204
G1 X116.503 Y113.251 E.02115
G1 X117.329 Y113.851 E.03371
G1 X117.768 Y114.343 E.02177
G1 X117.974 Y114.715 E.01404
G1 X118.151 Y115.224 E.01779
G1 X118.216 Y115.9 E.02242
G1 X118.142 Y116.427 E.01757
G1 X117.984 Y116.928 E.01734
G1 X117.708 Y117.412 E.0184
G1 X117.361 Y117.833 E.01801
G1 X116.905 Y118.196 E.01924
G1 X116.41 Y118.468 E.01865
G1 X115.826 Y118.643 E.02013
G1 X115.248 Y118.714 E.01923
G1 X114.59 Y118.654 E.02182
G1 X114.044 Y118.508 E.01866
G1 X113.509 Y118.24 E.01976
G1 X113.436 Y118.166 E.00343
G1 X113.124 Y118.401 F9000
;TYPE:External perimeter
;WIDTH:0.419999
G1 F900
G1 X112.79 Y118.063 E.0149
G1 X112.4 Y117.446 E.02289
G1 X112.15 Y116.845 E.02041
G1 X112.021 Y116.163 E.02176
G1 X112.01 Y115.518 E.02023
G1 X112.138 Y114.863 E.02093
G1 X112.359 Y114.277 E.01964
G1 X112.707 Y113.737 E.02014
G1 X113.117 Y113.289 E.01904
G1 X113.622 Y112.93 E.01943
G1 X114.149 Y112.676 E.01834
G1 X114.76 Y112.53 E.0197
G1 X115.284 Y112.497 E.01646
G1 X116.028 Y112.618 E.02363
G1 X116.697 Y112.914 E.02294
G1 X117.59 Y113.562 E.03459
G1 X118.081 Y114.112 E.02312
G1 X118.353 Y114.615 E.01793
G1 X118.529 Y115.138 E.0173
G1 X118.597 Y115.705 E.01791
G1 X118.584 Y116.118 E.01296
G1 X118.478 Y116.7 E.01855
G1 X118.241 Y117.275 E.0195
G1 X117.915 Y117.794 E.01922
G1 X117.463 Y118.258 E.02031
G1 X116.953 Y118.63 E.01979
G1 X116.337 Y118.904 E.02114
G1 X115.707 Y119.064 E.02038
G1 X115.055 Y119.093 E.02046
G1 X114.525 Y119.036 E.01671
G1 X113.9 Y118.869 E.02028
G1 X113.278 Y118.558 E.0218
G1 X113.166 Y118.444 E.00501
G1 X113.991 Y117.576 F9000
;TYPE:Solid infill
;WIDTH:0.677108
G1 F900
G1 X113.636 Y117.14 E.02965
;WIDTH:0.697384
G1 X113.358 Y116.551 E.03544
;WIDTH:0.706404
G1 X113.245 Y115.928 E.03493
G1 X113.294 Y115.328 E.03321
;WIDTH:0.702614
G1 X113.476 Y114.807 E.03027
;WIDTH:0.688704
G1 X113.818 Y114.307 E.03253
;WIDTH:0.666754
G1 X114.314 Y113.893 E.03351
;WIDTH:0.618006
G1 X114.322 Y113.887 E.00048
G1 E-3.5 F3600
;WIPE_START
G1 F7200
G1 X114.314 Y113.893 E-.00475
G1 X113.818 Y114.307 E-.30689
G1 X113.476 Y114.807 E-.28774
G1 X113.294 Y115.328 E-.26214
G1 X113.245 Y115.928 E-.28595
G1 X113.358 Y116.551 E-.30075
G1 X113.404 Y116.65 E-.05178
;WIPE_END
G1 X117.43 Y116.393 F9000
G1 E5 F2400
;TYPE:Internal infill
;WIDTH:0.44
G1 F900
G1 X117.512 Y115.879 E.01719
G1 X117.395 Y115.146 E.02451
G1 X117.2 Y114.761 E.01425
G1 X116.721 Y114.279 E.02244
G1 X114.097 Y116.903 E.12252
G1 X113.851 Y116.37 E.01938
G1 X113.78 Y115.633 E.02445
G1 X113.958 Y115.005 E.02155
G1 X114.231 Y114.608 E.01591
G1 X114.433 Y114.433 E.00882
G1 X117.082 Y117.082 E.12369
G1 X116.648 Y117.522 E.02041
G1 X116.136 Y117.819 E.01954
G1 X115.547 Y117.984 E.0202
G1 X115.185 Y118.008 E.01198
G1 X115.245 Y117.824 E.00639
;LAYER_CHANGE
;Z:26.8
;HEIGHT:0.199999
;BEFORE_LAYER_CHANGE
G92 E0
;26.8


G1 E-3.5 F3600
;WIPE_START
G1 F7200
G1 X115.185 Y118.008 E-.09193
G1 X115.547 Y117.984 E-.17233
G1 X116.136 Y117.819 E-.29055
G1 X116.648 Y117.522 E-.28116
G1 X117.082 Y117.082 E-.29356
G1 X116.53 Y116.53 E-.37047
;WIPE_END
G1 Z26.8 F9000
;AFTER_LAYER_CHANGE
;26.8
G1 X112.715 Y116.515
G1 E5 F2400
;TYPE:Perimeter
;WIDTH:0.439999
G1 F900
G1 X112.661 Y116.422 E.00355
G1 X112.587 Y115.928 E.01649
G1 X112.624 Y115.366 E.0186
G1 X112.741 Y114.877 E.0166
G1 X112.961 Y114.407 E.01713
G1 X113.259 Y113.978 E.01725
G1 X113.616 Y113.643 E.01616
G1 X114.039 Y113.362 E.01677
G1 X114.639 Y113.143 E.02109
G1 X115.255 Y113.082 E.02044
G1 X115.847 Y113.176 E.01979
G1 X116.378 Y113.406 E.01911
G1 X116.796 Y113.73 E.01746
G1 X117.142 Y114.181 E.01877
G1 X117.373 Y114.729 E.01964
G1 X117.557 Y115.318 E.02037
G1 X117.595 Y116.14 E.02717
G1 X117.441 Y116.678 E.01848
G1 X117.147 Y117.176 E.01909
G1 X116.723 Y117.6 E.0198
G1 X116.189 Y117.913 E.02044
G1 X115.745 Y118.051 E.01535
G1 X115.248 Y118.117 E.01655
G1 X114.765 Y118.079 E.016
G1 X114.254 Y117.95 E.0174
G1 X113.764 Y117.704 E.0181
G1 X113.354 Y117.403 E.01679
G1 X112.993 Y117.001 E.01784
G1 X112.744 Y116.567 E.01652
G1 X112.354 Y116.692 F9000
G1 F900
G1 X112.279 Y116.547 E.00539
G1 X112.219 Y116.155 E.01309
G1 X112.193 Y115.708 E.01478
G1 X112.256 Y115.14 E.01887
G1 X112.452 Y114.54 E.02084
G1 X112.721 Y114.03 E.01904
G1 X113.107 Y113.567 E.0199
G1 X113.532 Y113.203 E.01848
G1 X114.04 Y112.928 E.01907
G1 X114.551 Y112.755 E.01781
G1 X115.1 Y112.69 E.01825
G1 X115.619 Y112.718 E.01716
G1 X116.111 Y112.849 E.01681
G1 X116.582 Y113.064 E.01709
G1 X117.088 Y113.458 E.02117
G1 X117.488 Y113.98 E.02171
G1 X117.746 Y114.592 E.02193
G1 X117.948 Y115.238 E.02235
G1 X117.981 Y115.561 E.01072
G1 X117.999 Y116.079 E.01711
G1 X117.919 Y116.521 E.01483
G1 X117.726 Y116.993 E.01684
G1 X117.462 Y117.42 E.01658
G1 X117.093 Y117.803 E.01756
G1 X116.67 Y118.115 E.01735
G1 X116.163 Y118.344 E.01837
G1 X115.635 Y118.482 E.01802
G1 X115.052 Y118.507 E.01927
G1 X114.492 Y118.436 E.01864
G1 X113.916 Y118.234 E.02015
G1 X113.407 Y117.952 E.01921
G1 X112.91 Y117.517 E.02181
G1 X112.554 Y117.078 E.01866
G1 X112.382 Y116.746 E.01235
G1 X112.007 Y116.863 F9000
;TYPE:External perimeter
;WIDTH:0.419999
G1 F900
G1 X111.906 Y116.668 E.00689
G1 X111.801 Y115.98 E.02182
G1 X111.836 Y115.335 E.02025
G1 X111.945 Y114.813 E.01672
G1 X112.174 Y114.202 E.02046
G1 X112.542 Y113.625 E.02146
G1 X112.972 Y113.151 E.02007
G1 X113.508 Y112.767 E.02067
G1 X114.065 Y112.495 E.01944
G1 X114.68 Y112.342 E.01987
G1 X115.279 Y112.297 E.01883
G1 X115.885 Y112.38 E.01918
G1 X116.436 Y112.554 E.01812
G1 X116.973 Y112.863 E.01943
G1 X117.373 Y113.194 E.01628
G1 X117.825 Y113.784 E.0233
G1 X118.11 Y114.459 E.02297
G1 X118.329 Y115.159 E.023
G1 X118.373 Y115.584 E.0134
G1 X118.372 Y116.259 E.02116
G1 X118.224 Y116.818 E.01813
G1 X117.988 Y117.333 E.01776
G1 X117.632 Y117.813 E.01874
G1 X117.204 Y118.221 E.01854
G1 X116.674 Y118.547 E.01951
G1 X116.106 Y118.775 E.01919
G1 X115.468 Y118.885 E.0203
G1 X114.836 Y118.886 E.01982
G1 X114.177 Y118.746 E.02112
G1 X113.572 Y118.505 E.02042
G1 X113.028 Y118.146 E.02044
G1 X112.633 Y117.787 E.01674
G1 X112.225 Y117.285 E.02028
G1 X112.034 Y116.917 E.013
G1 X112.896 Y115.93 F9000
;TYPE:Internal infill
;WIDTH:0.44
G1 F900
G1 X112.945 Y115.285 E.02136
G1 X113.152 Y114.688 E.02086
G1 X113.491 Y114.178 E.02022
G1 X113.849 Y113.849 E.01605
G1 X116.939 Y116.939 E.14428
G1 X117.16 Y116.557 E.01457
G1 X117.31 Y115.902 E.02219
G1 X117.256 Y115.38 E.01733
G1 X117.086 Y114.835 E.01885
G1 X116.783 Y114.217 E.02273
G1 X113.707 Y117.293 E.14363
G1 X114.078 Y117.537 E.01466
G1 X114.652 Y117.75 E.02021
G1 X115.24 Y117.811 E.01952
G1 X115.955 Y117.672 E.02405
;LAYER_CHANGE
;Z:27
;HEIGHT:0.200001
;BEFORE_LAYER_CHANGE
G92 E0
;27


G1 E-3.5 F3600
;WIPE_START
G1 F7200
G1 X115.24 Y117.811 E-.34598
G1 X114.652 Y117.75 E-.2808
G1 X114.078 Y117.537 E-.29082
G1 X113.707 Y117.293 E-.21092
G1 X114.26 Y116.74 E-.37148
;WIPE_END
G1 Z27 F9000
;AFTER_LAYER_CHANGE
;27
G1 X112.515 Y116.515
G1 E5 F2400
;TYPE:Perimeter
;WIDTH:0.439999
G1 F900
G1 X112.461 Y116.422 E.00355
G1 X112.387 Y115.928 E.01649
G1 X112.424 Y115.366 E.0186
G1 X112.541 Y114.877 E.0166
G1 X112.761 Y114.407 E.01713
G1 X113.059 Y113.978 E.01725
G1 X113.416 Y113.643 E.01616
G1 X113.839 Y113.362 E.01677
G1 X114.439 Y113.143 E.02109
G1 X115.055 Y113.082 E.02044
G1 X115.647 Y113.176 E.01979
G1 X116.178 Y113.406 E.01911
G1 X116.596 Y113.73 E.01746
G1 X116.942 Y114.181 E.01877
G1 X117.173 Y114.729 E.01964
G1 X117.357 Y115.318 E.02037
G1 X117.395 Y116.14 E.02717
G1 X117.241 Y116.678 E.01848
G1 X116.947 Y117.176 E.01909
G1 X116.523 Y117.6 E.0198
G1 X115.989 Y117.913 E.02044
G1 X115.545 Y118.051 E.01535
G1 X115.048 Y118.117 E.01655
G1 X114.565 Y118.079 E.016
G1 X114.054 Y117.95 E.0174
G1 X113.564 Y117.704 E.0181
G1 X113.154 Y117.403 E.01679
G1 X112.793 Y117.001 E.01784
G1 X112.544 Y116.567 E.01652
G1 X112.154 Y116.692 F9000
G1 F900
G1 X112.079 Y116.547 E.00539
G1 X112.019 Y116.155 E.01309
G1 X111.993 Y115.708 E.01478
G1 X112.056 Y115.14 E.01887
G1 X112.252 Y114.54 E.02084
G1 X112.521 Y114.03 E.01904
G1 X112.907 Y113.567 E.0199
G1 X113.332 Y113.203 E.01848
G1 X113.84 Y112.928 E.01907
G1 X114.351 Y112.755 E.01781
G1 X114.9 Y112.69 E.01825
G1 X115.419 Y112.718 E.01716
G1 X115.911 Y112.849 E.01681
G1 X116.382 Y113.064 E.01709
G1 X116.888 Y113.458 E.02117
G1 X117.288 Y113.98 E.02171
G1 X117.546 Y114.592 E.02193
G1 X117.748 Y115.238 E.02235
G1 X117.781 Y115.561 E.01072
G1 X117.799 Y116.079 E.01711
G1 X117.719 Y116.521 E.01483
G1 X117.526 Y116.993 E.01684
G1 X117.262 Y117.42 E.01658
G1 X116.893 Y117.803 E.01756
G1 X116.47 Y118.115 E.01735
G1 X115.963 Y118.344 E.01837
G1 X115.435 Y118.482 E.01802
G1 X114.852 Y118.507 E.01927
G1 X114.292 Y118.436 E.01864
G1 X113.716 Y118.234 E.02015
G1 X113.207 Y117.952 E.01921
G1 X112.71 Y117.517 E.02181
G1 X112.354 Y117.078 E.01866
G1 X112.182 Y116.746 E.01235
G1 X111.807 Y116.863 F9000
;TYPE:External perimeter
;WIDTH:0.419999
G1 F900
G1 X111.706 Y116.668 E.00689
G1 X111.601 Y115.98 E.02182
G1 X111.636 Y115.335 E.02025
G1 X111.745 Y114.813 E.01672
G1 X111.974 Y114.202 E.02046
G1 X112.342 Y113.625 E.02146
G1 X112.772 Y113.151 E.02007
G1 X113.308 Y112.767 E.02067
G1 X113.865 Y112.495 E.01944
G1 X114.48 Y112.342 E.01987
G1 X115.079 Y112.297 E.01883
G1 X115.685 Y112.38 E.01918
G1 X116.236 Y112.554 E.01812
G1 X116.773 Y112.863 E.01943
G1 X117.173 Y113.194 E.01628
G1 X117.625 Y113.784 E.0233
G1 X117.91 Y114.459 E.02297
G1 X118.129 Y115.159 E.023
G1 X118.173 Y115.584 E.0134
G1 X118.172 Y116.259 E.02116
G1 X118.024 Y116.818 E.01813
G1 X117.788 Y117.333 E.01776
G1 X117.432 Y117.813 E.01874
G1 X117.004 Y118.221 E.01854
G1 X116.474 Y118.547 E.01951
G1 X115.906 Y118.775 E.01919
G1 X115.268 Y118.885 E.0203
G1 X114.636 Y118.886 E.01982
G1 X113.977 Y118.746 E.02112
G1 X113.372 Y118.505 E.02042
G1 X112.828 Y118.146 E.02044
G1 X112.433 Y117.787 E.01674
G1 X112.025 Y117.285 E.02028
G1 X111.834 Y116.917 E.013
G1 X113.365 Y116.129 F9000
;TYPE:Internal infill
;WIDTH:0.44
G1 F900
G1 X113.198 Y115.503 E.02139
G1 X113.301 Y115.061 E.01498
G1 X113.548 Y114.568 E.01821
G1 X114.05 Y114.05 E.02382
G1 X116.82 Y116.82 E.12934
G1 X117.042 Y116.327 E.01785
G1 X117.11 Y115.902 E.01421
G1 X117.056 Y115.38 E.01733
G1 X116.67 Y114.33 E.03694
G1 X113.996 Y117.004 E.12486
G1 X114.418 Y117.291 E.01685
G1 X115.23 Y117.567 E.02832
G1 X115.192 Y117.797 E.0077
G1 X115.606 Y117.725 E.01387
G1 X115.939 Y117.596 E.01179
G1 X114.456 Y117.737 F9000
;TYPE:Solid infill
;WIDTH:0.508987
G1 F900
G1 X114.18 Y117.611 E.01176
;WIDTH:0.552458
G1 X113.905 Y117.486 E.0128
;WIDTH:0.590026
G1 X113.664 Y117.295 E.01399
;WIDTH:0.627594
G1 X113.423 Y117.105 E.01492
;WIDTH:0.653741
G1 X113.236 Y116.867 E.01537
;WIDTH:0.679888
G1 X113.048 Y116.629 E.01606
G1 X112.834 Y116.151 E.02774
;WIDTH:0.646372
G1 X112.811 Y115.957 E.0098
;WIDTH:0.605551
G1 X112.788 Y115.762 E.00919
;WIDTH:0.56473
G1 X112.765 Y115.567 E.00852
;WIDTH:0.523908
G1 X112.81 Y115.208 E.01447
;WIDTH:0.514368
G1 X112.987 Y114.705 E.0209
G1 X113.316 Y114.19 E.02396
;WIDTH:0.491646
G1 X113.508 Y113.983 E.01053
;WIDTH:0.475544
G1 X113.708 Y113.828 E.0091
;WIDTH:0.448525
G1 X113.909 Y113.674 E.00854
;WIDTH:0.421506
G1 X114.341 Y113.476 E.01496
;LAYER_CHANGE
;Z:27.2
;HEIGHT:0.200001
;BEFORE_LAYER_CHANGE
G92 E0
;27.2


G1 E-3.5 F3600
;WIPE_START
G1 F7200
G1 X113.909 Y113.674 E-.22573
G1 X113.708 Y113.828 E-.12028
G1 X113.508 Y113.983 E-.12019
G1 X113.316 Y114.19 E-.13411
G1 X112.987 Y114.705 E-.29028
G1 X112.81 Y115.208 E-.25329
G1 X112.765 Y115.567 E-.17186
G1 X112.788 Y115.762 E-.09327
G1 X112.81 Y115.952 E-.09099
;WIPE_END
G1 Z27.2 F9000
;AFTER_LAYER_CHANGE
;27.2
G1 X112.715 Y114.485
G1 E5 F2400
;TYPE:Perimeter
;WIDTH:0.439999
G1 F900
G1 X112.993 Y113.999 E.01849
G1 X113.354 Y113.597 E.01784
G1 X113.804 Y113.271 E.01835
G1 X114.254 Y113.05 E.01655
G1 X114.734 Y112.926 E.01637
G1 X115.248 Y112.883 E.01703
G1 X115.89 Y112.981 E.02144
G1 X116.468 Y113.228 E.02075
G1 X116.95 Y113.6 E.0201
G1 X117.311 Y114.066 E.01946
G1 X117.536 Y114.589 E.0188
G1 X117.597 Y115.139 E.01827
G1 X117.568 Y115.647 E.0168
G1 X117.269 Y116.567 E.03194
G1 X117.109 Y116.842 E.0105
G1 X116.819 Y117.25 E.01653
G1 X116.378 Y117.594 E.01847
G1 X115.847 Y117.824 E.01911
G1 X115.256 Y117.918 E.01976
G1 X114.639 Y117.857 E.02047
G1 X114.199 Y117.708 E.01534
G1 X113.758 Y117.469 E.01656
G1 X113.39 Y117.155 E.01597
G1 X113.052 Y116.75 E.01742
G1 X112.8 Y116.263 E.0181
G1 X112.645 Y115.778 E.01681
G1 X112.59 Y115.241 E.01782
G1 X112.661 Y114.578 E.02202
G1 X112.685 Y114.537 E.00157
G1 X112.354 Y114.308 F9000
G1 F900
G1 X112.554 Y113.922 E.01435
G1 X112.968 Y113.424 E.02138
G1 X113.407 Y113.048 E.01908
G1 X113.951 Y112.75 E.02048
G1 X114.492 Y112.564 E.01889
G1 X115.082 Y112.492 E.01962
G1 X115.635 Y112.519 E.01828
G1 X116.184 Y112.664 E.01875
G1 X116.67 Y112.885 E.01763
G1 X117.107 Y113.209 E.01796
G1 X117.462 Y113.58 E.01695
G1 X117.725 Y114.004 E.01647
G1 X117.919 Y114.479 E.01694
G1 X117.998 Y115.295 E.02707
G1 X117.954 Y115.741 E.0148
G1 X117.633 Y116.73 E.03433
G1 X117.302 Y117.3 E.02176
G1 X116.857 Y117.748 E.02085
G1 X116.423 Y118.017 E.01686
G1 X115.959 Y118.206 E.01654
G1 X115.435 Y118.3 E.01758
G1 X114.91 Y118.303 E.01733
G1 X114.364 Y118.19 E.01841
G1 X113.856 Y117.991 E.01801
G1 X113.37 Y117.669 E.01925
G1 X112.959 Y117.283 E.01862
G1 X112.611 Y116.781 E.02017
G1 X112.365 Y116.254 E.0192
G1 X112.219 Y115.61 E.0218
G1 X112.189 Y115.045 E.01868
G1 X112.279 Y114.453 E.01977
G1 X112.327 Y114.361 E.00343
G1 X112.007 Y114.137 F9000
;TYPE:External perimeter
;WIDTH:0.419999
G1 F900
G1 X112.225 Y113.715 E.01489
G1 X112.504 Y113.345 E.01453
G1 X112.98 Y112.892 E.0206
G1 X113.397 Y112.601 E.01594
G1 X113.981 Y112.313 E.02042
G1 X114.636 Y112.147 E.02119
G1 X115.267 Y112.098 E.01984
G1 X115.912 Y112.183 E.0204
G1 X116.499 Y112.365 E.01927
G1 X117.044 Y112.671 E.0196
G1 X117.506 Y113.045 E.01864
G1 X117.886 Y113.517 E.019
G1 X118.163 Y114.012 E.01779
G1 X118.323 Y114.518 E.01664
G1 X118.385 Y115.285 E.02413
G1 X118.331 Y115.833 E.01727
G1 X117.988 Y116.889 E.03481
G1 X117.618 Y117.526 E.0231
G1 X117.377 Y117.802 E.01149
G1 X116.928 Y118.168 E.01816
G1 X116.436 Y118.446 E.01772
G1 X115.865 Y118.624 E.01875
G1 X115.279 Y118.703 E.01854
G1 X114.659 Y118.655 E.0195
G1 X114.065 Y118.505 E.01921
G1 X113.484 Y118.219 E.0203
G1 X112.972 Y117.849 E.01981
G1 X112.521 Y117.348 E.02114
G1 X112.174 Y116.798 E.02039
G1 X111.945 Y116.187 E.02046
G1 X111.836 Y115.665 E.01672
G1 X111.801 Y115.02 E.02025
G1 X111.906 Y114.332 E.02182
G1 X111.979 Y114.19 E.00501
G1 X112.97 Y115.806 F9000
;TYPE:Internal infill
;WIDTH:0.44
G1 F900
G1 X112.893 Y115.092 E.02371
G1 X112.956 Y114.673 E.01399
G1 X113.333 Y114.056 E.02387
G1 X113.707 Y113.707 E.01689
G1 X116.787 Y116.787 E.14382
G1 X116.988 Y116.441 E.01321
G1 X117.297 Y115.408 E.0356
G1 X117.242 Y114.673 E.02434
G1 X116.939 Y114.061 E.02255
G1 X113.849 Y117.151 E.14428
G1 X114.44 Y117.48 E.02233
G1 X114.978 Y117.602 E.01821
G1 X115.509 Y117.587 E.01754
G1 X116.094 Y117.396 E.02032
;LAYER_CHANGE
;Z:27.4
;HEIGHT:0.199999
;BEFORE_LAYER_CHANGE
G92 E0
;27.4


G1 E-3.5 F3600
;WIPE_START
G1 F7200
G1 X115.509 Y117.587 E-.29231
G1 X114.978 Y117.602 E-.25233
G1 X114.44 Y117.48 E-.26204
G1 X113.849 Y117.151 E-.32129
G1 X114.403 Y116.597 E-.37203
;WIPE_END
G1 Z27.4 F9000
;AFTER_LAYER_CHANGE
;27.4
G1 X112.85 Y114.684
G1 E5 F2400
;TYPE:Perimeter
;WIDTH:0.439999
G1 F900
G1 X112.861 Y114.578 E.00352
G1 X113.193 Y113.999 E.02204
G1 X113.554 Y113.597 E.01784
G1 X114.004 Y113.271 E.01835
G1 X114.454 Y113.05 E.01655
G1 X114.934 Y112.926 E.01637
G1 X115.448 Y112.883 E.01703
G1 X116.09 Y112.981 E.02144
G1 X116.668 Y113.228 E.02075
G1 X117.15 Y113.6 E.0201
G1 X117.511 Y114.066 E.01946
G1 X117.736 Y114.589 E.0188
G1 X117.797 Y115.139 E.01827
G1 X117.768 Y115.647 E.0168
G1 X117.469 Y116.567 E.03194
G1 X117.309 Y116.842 E.0105
G1 X117.019 Y117.25 E.01653
G1 X116.578 Y117.594 E.01847
G1 X116.047 Y117.824 E.01911
G1 X115.456 Y117.918 E.01976
G1 X114.839 Y117.857 E.02047
G1 X114.399 Y117.708 E.01534
G1 X113.958 Y117.469 E.01656
G1 X113.59 Y117.155 E.01597
G1 X113.252 Y116.75 E.01742
G1 X113 Y116.263 E.0181
G1 X112.845 Y115.778 E.01681
G1 X112.79 Y115.241 E.01782
G1 X112.843 Y114.744 E.0165
G1 X112.454 Y114.616 F9000
G1 F900
G1 X112.479 Y114.453 E.00544
G1 X112.754 Y113.922 E.01974
G1 X113.168 Y113.424 E.02138
G1 X113.607 Y113.048 E.01908
G1 X114.151 Y112.75 E.02048
G1 X114.692 Y112.564 E.01889
G1 X115.282 Y112.492 E.01962
G1 X115.835 Y112.519 E.01828
G1 X116.384 Y112.664 E.01875
G1 X116.87 Y112.885 E.01763
G1 X117.307 Y113.209 E.01796
G1 X117.662 Y113.58 E.01695
G1 X117.925 Y114.004 E.01647
G1 X118.119 Y114.479 E.01694
G1 X118.198 Y115.295 E.02707
G1 X118.154 Y115.741 E.0148
G1 X117.833 Y116.73 E.03433
G1 X117.502 Y117.3 E.02176
G1 X117.057 Y117.748 E.02085
G1 X116.623 Y118.017 E.01686
G1 X116.159 Y118.206 E.01654
G1 X115.635 Y118.3 E.01758
G1 X115.11 Y118.303 E.01733
G1 X114.564 Y118.19 E.01841
G1 X114.056 Y117.991 E.01801
G1 X113.57 Y117.669 E.01925
G1 X113.159 Y117.283 E.01862
G1 X112.811 Y116.781 E.02017
G1 X112.565 Y116.254 E.0192
G1 X112.419 Y115.61 E.0218
G1 X112.389 Y115.045 E.01868
G1 X112.445 Y114.675 E.01236
G1 X112.073 Y114.55 F9000
;TYPE:External perimeter
;WIDTH:0.419999
G1 F900
G1 X112.106 Y114.332 E.00691
G1 X112.425 Y113.715 E.02178
G1 X112.704 Y113.345 E.01453
G1 X113.18 Y112.892 E.0206
G1 X113.597 Y112.601 E.01594
G1 X114.181 Y112.313 E.02042
G1 X114.837 Y112.147 E.02122
G1 X115.467 Y112.098 E.01981
G1 X116.112 Y112.183 E.0204
G1 X116.699 Y112.365 E.01927
G1 X117.244 Y112.671 E.0196
G1 X117.706 Y113.045 E.01864
G1 X118.086 Y113.517 E.019
G1 X118.363 Y114.012 E.01779
G1 X118.523 Y114.518 E.01664
G1 X118.585 Y115.285 E.02413
G1 X118.531 Y115.833 E.01727
G1 X118.188 Y116.889 E.03481
G1 X117.818 Y117.526 E.0231
G1 X117.577 Y117.802 E.01149
G1 X117.128 Y118.168 E.01816
G1 X116.636 Y118.446 E.01772
G1 X116.065 Y118.624 E.01875
G1 X115.479 Y118.703 E.01854
G1 X114.859 Y118.655 E.0195
G1 X114.265 Y118.505 E.01921
G1 X113.684 Y118.219 E.0203
G1 X113.172 Y117.849 E.01981
G1 X112.721 Y117.348 E.02114
G1 X112.374 Y116.798 E.02039
G1 X112.145 Y116.187 E.02046
G1 X112.036 Y115.665 E.01672
G1 X112.001 Y115.02 E.02025
G1 X112.064 Y114.609 E.01304
G1 X113.208 Y115.943 F9000
;TYPE:Internal infill
;WIDTH:0.44
G1 F900
G1 X113.098 Y115.394 E.01849
G1 X113.156 Y114.673 E.02388
G1 X113.351 Y114.298 E.01396
G1 X113.795 Y113.795 E.02215
G1 X116.91 Y116.91 E.14545
G1 X117.188 Y116.441 E.018
G1 X117.497 Y115.408 E.0356
G1 X117.442 Y114.673 E.02434
G1 X117.247 Y114.221 E.01625
G1 X117.051 Y113.949 E.01107
G1 X113.937 Y117.063 E.1454
G1 X114.38 Y117.366 E.01772
G1 X114.907 Y117.559 E.01853
G1 X115.446 Y117.611 E.01788
G1 X116.166 Y117.457 E.02431
;LAYER_CHANGE
;Z:27.6
;HEIGHT:0.200001
;BEFORE_LAYER_CHANGE
G92 E0
;27.6


G1 E-3.5 F3600
;WIPE_START
G1 F7200
G1 X115.446 Y117.611 E-.34974
G1 X114.907 Y117.559 E-.25721
G1 X114.38 Y117.366 E-.26658
G1 X113.937 Y117.063 E-.25494
G1 X114.49 Y116.51 E-.37153
;WIPE_END
G1 Z27.6 F9000
;AFTER_LAYER_CHANGE
;27.6
G1 X113.674 Y113.165
G1 E5 F2400
;TYPE:Perimeter
;WIDTH:0.439999
G1 F900
G1 X113.746 Y113.085 E.00355
G1 X114.354 Y112.812 E.02201
G1 X114.877 Y112.7 E.01766
G1 X115.436 Y112.7 E.01846
G1 X115.932 Y112.785 E.01662
G1 X116.393 Y112.967 E.01636
G1 X116.834 Y113.235 E.01704
G1 X117.296 Y113.691 E.02143
G1 X117.619 Y114.231 E.02078
G1 X117.79 Y114.816 E.02012
G1 X117.814 Y115.249 E.01432
G1 X117.782 Y115.567 E.01055
G1 X117.643 Y116.05 E.01659
G1 X117.409 Y116.44 E.01502
G1 X117.086 Y116.834 E.01682
G1 X116.304 Y117.403 E.03193
G1 X116.013 Y117.531 E.0105
G1 X115.539 Y117.691 E.01652
G1 X114.98 Y117.71 E.01847
G1 X114.415 Y117.585 E.01911
G1 X113.881 Y117.312 E.0198
G1 X113.418 Y116.901 E.02044
G1 X113.15 Y116.522 E.01533
G1 X112.933 Y116.069 E.01658
G1 X112.82 Y115.598 E.01599
G1 X112.785 Y115.072 E.01741
G1 X112.867 Y114.529 E.01813
G1 X113.027 Y114.047 E.01677
G1 X113.298 Y113.579 E.01786
G1 X113.634 Y113.209 E.0165
G1 X113.394 Y112.877 F9000
G1 F900
G1 X113.509 Y112.76 E.00542
G1 X113.863 Y112.582 E.01308
G1 X114.28 Y112.42 E.01477
G1 X114.837 Y112.304 E.01879
G1 X115.468 Y112.305 E.02083
G1 X116.039 Y112.402 E.01912
G1 X116.599 Y112.626 E.01991
G1 X117.076 Y112.919 E.01848
G1 X117.494 Y113.316 E.01903
G1 X117.818 Y113.749 E.01786
G1 X118.048 Y114.25 E.0182
G1 X118.183 Y114.753 E.0172
G1 X118.21 Y115.262 E.01683
G1 X118.151 Y115.776 E.01708
G1 X117.932 Y116.379 E.02118
G1 X117.641 Y116.802 E.01695
G1 X117.344 Y117.138 E.01481
G1 X116.503 Y117.749 E.03432
G1 X115.9 Y118.015 E.02176
G1 X115.277 Y118.116 E.02084
G1 X114.768 Y118.079 E.01685
G1 X114.28 Y117.959 E.01659
G1 X113.802 Y117.727 E.01754
G1 X113.375 Y117.421 E.01734
G1 X113 Y117.009 E.01839
G1 X112.706 Y116.549 E.01803
G1 X112.502 Y116.003 E.01924
G1 X112.396 Y115.449 E.01862
G1 X112.41 Y114.839 E.02015
G1 X112.521 Y114.267 E.01924
G1 X112.781 Y113.66 E.0218
G1 X113.089 Y113.186 E.01866
G1 X113.352 Y112.919 E.01237
G1 X113.124 Y112.599 F9000
;TYPE:External perimeter
;WIDTH:0.419999
G1 F900
G1 X113.278 Y112.442 E.0069
G1 X113.69 Y112.236 E.01444
G1 X114.167 Y112.049 E.01606
G1 X114.798 Y111.918 E.02021
G1 X115.5 Y111.919 E.02201
G1 X116.144 Y112.029 E.02048
G1 X116.772 Y112.28 E.0212
G1 X117.312 Y112.611 E.01986
G1 X117.783 Y113.059 E.02038
G1 X118.151 Y113.551 E.01926
G1 X118.412 Y114.119 E.0196
G1 X118.566 Y114.692 E.0186
G1 X118.591 Y115.48 E.02472
G1 X118.463 Y116.086 E.01942
G1 X118.272 Y116.569 E.01629
G1 X117.96 Y117.022 E.01725
G1 X117.595 Y117.434 E.01726
G1 X116.697 Y118.086 E.03479
G1 X116.022 Y118.384 E.02313
G1 X115.666 Y118.466 E.01145
G1 X115.088 Y118.498 E.01815
G1 X114.526 Y118.433 E.01774
G1 X113.959 Y118.242 E.01876
G1 X113.439 Y117.961 E.01853
G1 X112.965 Y117.558 E.01951
G1 X112.572 Y117.088 E.01921
G1 X112.271 Y116.515 E.02029
G1 X112.075 Y115.914 E.01982
G1 X112.004 Y115.244 E.02112
G1 X112.046 Y114.595 E.02039
G1 X112.22 Y113.967 E.02043
G1 X112.439 Y113.48 E.01674
G1 X112.79 Y112.937 E.02027
G1 X113.082 Y112.642 E.01301
G1 E-3.5 F3600
;WIPE_START
G1 F7200
G1 X113.124 Y112.599 E-.02855
G1 X113.278 Y112.442 E-.10446
G1 X113.69 Y112.236 E-.2188
G1 X114.167 Y112.049 E-.24336
G1 X114.798 Y111.918 E-.30612
G1 X115.5 Y111.919 E-.33345
G1 X116.05 Y112.013 E-.26526
;WIPE_END
G1 X115.823 Y113.075 F9000
G1 E5 F2400
;TYPE:Internal infill
;WIDTH:0.44
G1 F900
G1 X115.389 Y113.003 E.01453
G1 X114.595 Y113.058 E.02628
G1 X113.928 Y113.336 E.02386
G1 X113.634 Y113.634 E.01382
G1 X116.721 Y116.721 E.14414
G1 X116.15 Y117.136 E.02331
G1 X115.489 Y117.388 E.02336
G1 X114.762 Y117.367 E.02401
G1 X114.281 Y117.194 E.01688
G1 X113.99 Y117.01 E.01137
G1 X117.082 Y113.918 E.14438
G1 X117.43 Y114.606 E.02546
G1 X117.512 Y115.121 E.01722
G1 X117.464 Y115.621 E.01658
G1 X117.236 Y116.152 E.01908
;LAYER_CHANGE
;Z:27.8
;HEIGHT:0.199999
;BEFORE_LAYER_CHANGE
G92 E0
;27.8


G1 E-3.5 F3600
;WIPE_START
G1 F7200
G1 X117.464 Y115.621 E-.27449
G1 X117.512 Y115.121 E-.23859
G1 X117.43 Y114.606 E-.24771
G1 X117.082 Y113.918 E-.36623
G1 X116.527 Y114.473 E-.37298
;WIPE_END
G1 Z27.8 F9000
;AFTER_LAYER_CHANGE
;27.8
G1 X115.605 Y112.533
G1 E5 F2400
;TYPE:Perimeter
;WIDTH:0.439999
G1 F900
G1 X115.993 Y112.597 E.01298
G1 X116.516 Y112.806 E.0186
G1 X116.945 Y113.069 E.01661
G1 X117.322 Y113.421 E.01703
G1 X117.64 Y113.84 E.01737
G1 X117.849 Y114.282 E.01614
G1 X117.985 Y114.771 E.01676
G1 X118.008 Y115.41 E.02111
G1 X117.875 Y116.015 E.02045
G1 X117.603 Y116.549 E.01979
G1 X117.307 Y116.896 E.01506
G1 X116.911 Y117.205 E.01658
G1 X116.491 Y117.382 E.01505
G1 X115.999 Y117.512 E.0168
G1 X115.032 Y117.512 E.03193
G1 X114.721 Y117.445 E.0105
G1 X114.244 Y117.295 E.01651
G1 X113.78 Y116.982 E.01848
G1 X113.397 Y116.549 E.01909
G1 X113.125 Y116.015 E.01979
G1 X112.992 Y115.41 E.02045
G1 X112.998 Y114.945 E.01535
G1 X113.089 Y114.452 E.01655
G1 X113.274 Y114.004 E.016
G1 X113.555 Y113.558 E.0174
G1 X113.94 Y113.167 E.01812
G1 X114.353 Y112.871 E.01678
G1 X114.847 Y112.652 E.01784
G1 X115.5 Y112.515 E.02203
G1 X115.546 Y112.523 E.00154
G1 X115.576 Y112.125 F9000
G1 F900
G1 X116.091 Y112.211 E.01724
G1 X116.692 Y112.45 E.02135
G1 X117.186 Y112.751 E.0191
G1 X117.637 Y113.177 E.02048
G1 X117.981 Y113.634 E.01889
G1 X118.232 Y114.173 E.01963
G1 X118.377 Y114.707 E.01827
G1 X118.404 Y115.446 E.02442
G1 X118.296 Y115.987 E.01821
G1 X118.109 Y116.473 E.01719
G1 X117.833 Y116.901 E.01681
G1 X117.482 Y117.282 E.0171
G1 X116.951 Y117.641 E.02116
G1 X116.467 Y117.812 E.01695
G1 X116.029 Y117.909 E.01481
G1 X114.99 Y117.909 E.0343
G1 X114.345 Y117.77 E.02179
G1 X113.782 Y117.485 E.02083
G1 X113.392 Y117.156 E.01685
G1 X113.068 Y116.772 E.01659
G1 X112.817 Y116.303 E.01756
G1 X112.651 Y115.805 E.01733
G1 X112.591 Y115.251 E.0184
G1 X112.623 Y114.707 E.01799
G1 X112.779 Y114.145 E.01926
G1 X113.019 Y113.634 E.01864
G1 X113.389 Y113.149 E.02014
G1 X113.814 Y112.751 E.01922
G1 X114.382 Y112.414 E.02181
G1 X114.909 Y112.211 E.01865
G1 X115.5 Y112.113 E.01978
G1 X115.517 Y112.116 E.00057
G1 X115.607 Y111.738 F9000
;TYPE:External perimeter
;WIDTH:0.419999
G1 F900
G1 X116.186 Y111.834 E.0184
G1 X116.864 Y112.103 E.02287
G1 X117.42 Y112.442 E.02042
G1 X117.925 Y112.919 E.02178
G1 X118.313 Y113.434 E.02022
G1 X118.595 Y114.039 E.02093
G1 X118.76 Y114.644 E.01966
G1 X118.796 Y115.262 E.01941
G1 X118.757 Y115.696 E.01366
G1 X118.614 Y116.28 E.01885
G1 X118.348 Y116.83 E.01916
G1 X118.012 Y117.3 E.01811
G1 X117.553 Y117.716 E.01942
G1 X117.115 Y117.994 E.01627
G1 X116.595 Y118.177 E.01728
G1 X116.058 Y118.296 E.01725
G1 X114.948 Y118.296 E.0348
G1 X114.228 Y118.14 E.0231
G1 X113.891 Y117.997 E.01148
G1 X113.404 Y117.683 E.01817
G1 X112.988 Y117.3 E.01773
G1 X112.642 Y116.813 E.01873
G1 X112.386 Y116.28 E.01854
G1 X112.24 Y115.675 E.01951
G1 X112.198 Y115.064 E.0192
G1 X112.291 Y114.423 E.02031
G1 X112.485 Y113.822 E.0198
G1 X112.822 Y113.238 E.02114
G1 X113.238 Y112.738 E.02039
G1 X113.748 Y112.331 E.02046
G1 X114.211 Y112.067 E.01671
G1 X114.814 Y111.834 E.02027
G1 X115.5 Y111.721 E.0218
G1 X115.548 Y111.728 E.00152
G1 X115.851 Y112.883 F9000
;TYPE:Internal infill
;WIDTH:0.44
G1 F900
G1 X115.5 Y112.825 E.01175
G1 X114.797 Y112.993 E.02386
G1 X114.24 Y113.313 E.02121
G1 X113.776 Y113.776 E.02164
G1 X116.868 Y116.868 E.14438
G1 X116.143 Y117.181 E.02607
G1 X115.064 Y117.206 E.03564
G1 X114.559 Y117.097 E.01706
G1 X114.132 Y116.868 E.016
G1 X117.224 Y113.776 E.14438
G1 X117.516 Y114.263 E.01875
G1 X117.682 Y114.821 E.01922
G1 X117.703 Y115.382 E.01854
G1 X117.537 Y116.026 E.02196
;LAYER_CHANGE
;Z:28
;HEIGHT:0.200001
;BEFORE_LAYER_CHANGE
G92 E0
;28


G1 E-3.5 F3600
;WIPE_START
G1 F7200
G1 X117.703 Y115.382 E-.3159
G1 X117.682 Y114.821 E-.26666
G1 X117.516 Y114.263 E-.27653
G1 X117.224 Y113.776 E-.26972
G1 X116.671 Y114.329 E-.37119
;WIPE_END
G1 Z28 F9000
;AFTER_LAYER_CHANGE
;28
G1 X115.805 Y112.533
G1 E5 F2400
;TYPE:Perimeter
;WIDTH:0.439999
G1 F900
G1 X116.193 Y112.597 E.01298
G1 X116.716 Y112.806 E.0186
G1 X117.145 Y113.069 E.01661
G1 X117.522 Y113.421 E.01703
G1 X117.84 Y113.84 E.01737
G1 X118.049 Y114.282 E.01614
G1 X118.185 Y114.771 E.01676
G1 X118.208 Y115.41 E.02111
G1 X118.075 Y116.015 E.02045
G1 X117.803 Y116.549 E.01979
G1 X117.507 Y116.896 E.01506
G1 X117.111 Y117.205 E.01658
G1 X116.691 Y117.382 E.01505
G1 X116.199 Y117.512 E.0168
G1 X115.232 Y117.512 E.03193
G1 X114.921 Y117.445 E.0105
G1 X114.444 Y117.295 E.01651
G1 X113.98 Y116.982 E.01848
G1 X113.597 Y116.549 E.01909
G1 X113.325 Y116.015 E.01979
G1 X113.192 Y115.41 E.02045
G1 X113.198 Y114.945 E.01535
G1 X113.289 Y114.452 E.01655
G1 X113.474 Y114.004 E.016
G1 X113.755 Y113.558 E.0174
G1 X114.14 Y113.167 E.01812
G1 X114.553 Y112.871 E.01678
G1 X115.047 Y112.652 E.01784
G1 X115.7 Y112.515 E.02203
G1 X115.746 Y112.523 E.00154
G1 X115.862 Y112.14 F9000
G1 F900
G1 X116.291 Y112.211 E.01436
G1 X116.892 Y112.45 E.02135
G1 X117.386 Y112.751 E.0191
G1 X117.837 Y113.177 E.02048
G1 X118.181 Y113.634 E.01889
G1 X118.432 Y114.173 E.01963
G1 X118.577 Y114.707 E.01827
G1 X118.604 Y115.446 E.02442
G1 X118.496 Y115.987 E.01821
G1 X118.309 Y116.473 E.01719
G1 X118.033 Y116.901 E.01681
G1 X117.682 Y117.282 E.0171
G1 X117.151 Y117.641 E.02116
G1 X116.667 Y117.812 E.01695
G1 X116.229 Y117.909 E.01481
G1 X115.19 Y117.909 E.0343
G1 X114.545 Y117.77 E.02179
G1 X113.982 Y117.485 E.02083
G1 X113.592 Y117.156 E.01685
G1 X113.268 Y116.772 E.01659
G1 X113.017 Y116.303 E.01756
G1 X112.851 Y115.805 E.01733
G1 X112.791 Y115.251 E.0184
G1 X112.823 Y114.707 E.01799
G1 X112.979 Y114.145 E.01926
G1 X113.219 Y113.634 E.01864
G1 X113.589 Y113.149 E.02014
G1 X114.014 Y112.751 E.01922
G1 X114.582 Y112.414 E.02181
G1 X115.109 Y112.211 E.01865
G1 X115.7 Y112.113 E.01978
G1 X115.803 Y112.13 E.00345
G1 X115.917 Y111.756 F9000
;TYPE:External perimeter
;WIDTH:0.419999
G1 F900
G1 X116.386 Y111.834 E.01491
G1 X117.064 Y112.103 E.02287
G1 X117.62 Y112.442 E.02042
G1 X118.125 Y112.919 E.02178
G1 X118.513 Y113.434 E.02022
G1 X118.795 Y114.039 E.02093
G1 X118.96 Y114.644 E.01966
G1 X118.996 Y115.262 E.01941
G1 X118.957 Y115.696 E.01366
G1 X118.814 Y116.28 E.01885
G1 X118.548 Y116.83 E.01916
G1 X118.212 Y117.3 E.01811
G1 X117.753 Y117.716 E.01942
G1 X117.315 Y117.994 E.01627
G1 X116.795 Y118.177 E.01728
G1 X116.258 Y118.296 E.01725
G1 X115.148 Y118.296 E.0348
G1 X114.428 Y118.14 E.0231
G1 X114.091 Y117.997 E.01148
G1 X113.604 Y117.683 E.01817
G1 X113.188 Y117.3 E.01773
G1 X112.842 Y116.813 E.01873
G1 X112.586 Y116.28 E.01854
G1 X112.44 Y115.675 E.01951
G1 X112.398 Y115.064 E.0192
G1 X112.491 Y114.423 E.02031
G1 X112.685 Y113.822 E.0198
G1 X113.022 Y113.238 E.02114
G1 X113.438 Y112.738 E.02039
G1 X113.948 Y112.331 E.02046
G1 X114.411 Y112.067 E.01671
G1 X115.014 Y111.834 E.02027
G1 X115.7 Y111.721 E.0218
G1 X115.858 Y111.747 E.00502
G1 X115.91 Y112.86 F9000
;TYPE:Internal infill
;WIDTH:0.44
G1 F900
G1 X115.7 Y112.825 E.00703
G1 X115.282 Y112.894 E.01399
G1 X114.706 Y113.136 E.02063
G1 X114.202 Y113.518 E.02088
G1 X113.894 Y113.894 E.01605
G1 X116.947 Y116.947 E.14256
G1 X116.343 Y117.181 E.02139
G1 X115.264 Y117.206 E.03564
G1 X114.759 Y117.097 E.01706
G1 X114.219 Y116.781 E.02066
G1 X117.333 Y113.667 E.1454
G1 X117.716 Y114.263 E.02339
G1 X117.882 Y114.821 E.01922
G1 X117.903 Y115.382 E.01854
G1 X117.791 Y115.894 E.0173
;LAYER_CHANGE
;Z:28.2
;HEIGHT:0.200001
;BEFORE_LAYER_CHANGE
G92 E0
;28.2


G1 E-3.5 F3600
;WIPE_START
G1 F7200
G1 X117.903 Y115.382 E-.24895
G1 X117.882 Y114.821 E-.26666
G1 X117.716 Y114.263 E-.27653
G1 X117.333 Y113.667 E-.33651
G1 X116.78 Y114.22 E-.37135
;WIPE_END
G1 Z28.2 F9000
;AFTER_LAYER_CHANGE
;28.2
G1 X117.329 Y113.161
G1 E5 F2400
;TYPE:Perimeter
;WIDTH:0.439999
G1 F900
G1 X117.487 Y113.321 E.00742
G1 X117.804 Y113.726 E.01698
G1 X118.045 Y114.241 E.01877
G1 X118.179 Y114.726 E.01661
G1 X118.208 Y115.415 E.02277
G1 X118.116 Y115.895 E.01614
G1 X117.938 Y116.371 E.01678
G1 X117.582 Y116.901 E.02108
G1 X117.119 Y117.312 E.02044
G1 X116.585 Y117.585 E.0198
G1 X116.02 Y117.71 E.01911
G1 X115.492 Y117.694 E.01744
G1 X114.947 Y117.532 E.01877
G1 X114.438 Y117.224 E.01964
G1 X113.943 Y116.856 E.02037
G1 X113.727 Y116.615 E.01069
G1 X113.428 Y116.214 E.01652
G1 X113.237 Y115.688 E.01848
G1 X113.182 Y115.112 E.0191
G1 X113.276 Y114.52 E.01979
G1 X113.524 Y113.953 E.02043
G1 X113.802 Y113.58 E.01536
G1 X114.166 Y113.235 E.01656
G1 X114.579 Y112.982 E.01599
G1 X115.068 Y112.785 E.01741
G1 X115.609 Y112.696 E.0181
G1 X116.118 Y112.699 E.01681
G1 X116.646 Y112.812 E.01783
G1 X117.254 Y113.085 E.02201
G1 X117.287 Y113.119 E.00156
G1 X117.606 Y112.877 F9000
G1 F900
G1 X117.769 Y113.042 E.00766
G1 X118.144 Y113.519 E.02003
G1 X118.417 Y114.102 E.02125
G1 X118.571 Y114.66 E.01911
G1 X118.609 Y115.236 E.01906
G1 X118.573 Y115.657 E.01395
G1 X118.442 Y116.201 E.01847
G1 X118.193 Y116.722 E.01907
G1 X117.881 Y117.163 E.01784
G1 X117.475 Y117.538 E.01825
G1 X117.039 Y117.821 E.01716
G1 X116.564 Y118.004 E.01681
G1 X116.056 Y118.106 E.01711
G1 X115.415 Y118.085 E.02118
G1 X114.785 Y117.898 E.0217
G1 X114.216 Y117.554 E.02195
G1 X113.673 Y117.151 E.02233
G1 X113.232 Y116.657 E.02186
G1 X112.943 Y116.096 E.02084
G1 X112.821 Y115.6 E.01686
G1 X112.784 Y115.1 E.01655
G1 X112.858 Y114.573 E.01757
G1 X113.016 Y114.072 E.01734
G1 X113.292 Y113.589 E.01837
G1 X113.639 Y113.167 E.01804
G1 X114.095 Y112.804 E.01924
G1 X114.59 Y112.532 E.01865
G1 X115.174 Y112.357 E.02013
G1 X115.752 Y112.286 E.01923
G1 X116.41 Y112.346 E.02182
G1 X116.956 Y112.492 E.01866
G1 X117.491 Y112.76 E.01976
G1 X117.564 Y112.834 E.00343
G1 X117.876 Y112.599 F9000
;TYPE:External perimeter
;WIDTH:0.419999
G1 F900
G1 X118.21 Y112.937 E.0149
G1 X118.561 Y113.48 E.02027
G1 X118.78 Y113.966 E.01671
G1 X118.954 Y114.595 E.02046
G1 X118.995 Y115.279 E.02148
G1 X118.925 Y115.914 E.02003
G1 X118.719 Y116.54 E.02066
G1 X118.428 Y117.088 E.01945
G1 X118.02 Y117.573 E.01987
G1 X117.561 Y117.961 E.01884
G1 X117.022 Y118.25 E.01918
G1 X116.474 Y118.433 E.01811
G1 X115.858 Y118.499 E.01942
G1 X115.34 Y118.467 E.01627
G1 X114.628 Y118.255 E.02329
G1 X114 Y117.876 E.023
G1 X113.411 Y117.438 E.02301
G1 X112.919 Y116.888 E.02314
G1 X112.73 Y116.574 E.01149
G1 X112.522 Y116.034 E.01814
G1 X112.409 Y115.48 E.01773
G1 X112.416 Y114.882 E.01875
G1 X112.522 Y114.3 E.01855
G1 X112.759 Y113.725 E.0195
G1 X113.085 Y113.206 E.01922
G1 X113.537 Y112.743 E.02029
G1 X114.047 Y112.37 E.01981
G1 X114.663 Y112.096 E.02114
G1 X115.293 Y111.936 E.02038
G1 X115.945 Y111.907 E.02046
G1 X116.475 Y111.964 E.01671
G1 X117.1 Y112.131 E.02028
G1 X117.722 Y112.442 E.0218
G1 X117.834 Y112.556 E.00501
G1 X116.009 Y113 F9000
;TYPE:Internal infill
;WIDTH:0.44
G1 F900
G1 X115.451 Y113.016 E.01843
G1 X114.864 Y113.181 E.02013
G1 X114.352 Y113.478 E.01954
G1 X113.918 Y113.918 E.02041
G1 X117.01 Y117.01 E.14438
G1 X116.719 Y117.194 E.01137
G1 X116.238 Y117.367 E.01688
G1 X115.551 Y117.392 E.0227
G1 X115.072 Y117.25 E.0165
G1 X114.276 Y116.724 E.0315
G1 X117.366 Y113.634 E.14428
G1 X117.693 Y114.172 E.02079
G1 X117.877 Y114.777 E.02088
G1 X117.902 Y115.389 E.02022
G1 X117.802 Y115.882 E.01661
;LAYER_CHANGE
;Z:28.4
;HEIGHT:0.199999
;BEFORE_LAYER_CHANGE
G92 E0
;28.4


G1 E-3.5 F3600
;WIPE_START
G1 F7200
G1 X117.902 Y115.389 E-.23894
G1 X117.877 Y114.777 E-.29094
G1 X117.693 Y114.172 E-.30037
G1 X117.366 Y113.634 E-.29905
G1 X116.814 Y114.186 E-.3707
;WIPE_END
G1 Z28.4 F9000
;AFTER_LAYER_CHANGE
;28.4
G1 X117.529 Y113.161
G1 E5 F2400
;TYPE:Perimeter
;WIDTH:0.439999
G1 F900
G1 X117.687 Y113.321 E.00742
G1 X118.004 Y113.726 E.01698
G1 X118.245 Y114.241 E.01877
G1 X118.379 Y114.726 E.01661
G1 X118.408 Y115.415 E.02277
G1 X118.316 Y115.895 E.01614
G1 X118.138 Y116.371 E.01678
G1 X117.782 Y116.901 E.02108
G1 X117.319 Y117.312 E.02044
G1 X116.785 Y117.585 E.0198
G1 X116.22 Y117.71 E.01911
G1 X115.692 Y117.694 E.01744
G1 X115.147 Y117.532 E.01877
G1 X114.638 Y117.224 E.01964
G1 X114.143 Y116.856 E.02037
G1 X113.927 Y116.615 E.01069
G1 X113.628 Y116.214 E.01652
G1 X113.437 Y115.688 E.01848
G1 X113.382 Y115.112 E.0191
G1 X113.476 Y114.52 E.01979
G1 X113.724 Y113.953 E.02043
G1 X114.002 Y113.58 E.01536
G1 X114.366 Y113.235 E.01656
G1 X114.779 Y112.982 E.01599
G1 X115.268 Y112.785 E.01741
G1 X115.809 Y112.696 E.0181
G1 X116.318 Y112.699 E.01681
G1 X116.846 Y112.812 E.01783
G1 X117.454 Y113.085 E.02201
G1 X117.487 Y113.119 E.00156
G1 X117.806 Y112.877 F9000
G1 F900
G1 X117.969 Y113.042 E.00766
G1 X118.344 Y113.519 E.02003
G1 X118.617 Y114.102 E.02125
G1 X118.771 Y114.66 E.01911
G1 X118.809 Y115.236 E.01906
G1 X118.773 Y115.657 E.01395
G1 X118.642 Y116.201 E.01847
G1 X118.393 Y116.722 E.01907
G1 X118.081 Y117.163 E.01784
G1 X117.675 Y117.538 E.01825
G1 X117.239 Y117.821 E.01716
G1 X116.764 Y118.004 E.01681
G1 X116.256 Y118.106 E.01711
G1 X115.615 Y118.085 E.02118
G1 X114.985 Y117.898 E.0217
G1 X114.416 Y117.554 E.02195
G1 X113.873 Y117.151 E.02233
G1 X113.432 Y116.657 E.02186
G1 X113.143 Y116.096 E.02084
G1 X113.021 Y115.6 E.01686
G1 X112.984 Y115.1 E.01655
G1 X113.058 Y114.573 E.01757
G1 X113.216 Y114.072 E.01734
G1 X113.492 Y113.589 E.01837
G1 X113.839 Y113.167 E.01804
G1 X114.295 Y112.804 E.01924
G1 X114.79 Y112.532 E.01865
G1 X115.374 Y112.357 E.02013
G1 X115.952 Y112.286 E.01923
G1 X116.61 Y112.346 E.02182
G1 X117.156 Y112.492 E.01866
G1 X117.691 Y112.76 E.01976
G1 X117.764 Y112.834 E.00343
G1 X118.076 Y112.599 F9000
;TYPE:External perimeter
;WIDTH:0.419999
G1 F900
G1 X118.41 Y112.937 E.0149
G1 X118.761 Y113.48 E.02027
G1 X118.98 Y113.966 E.01671
G1 X119.154 Y114.595 E.02046
G1 X119.195 Y115.279 E.02148
G1 X119.125 Y115.914 E.02003
G1 X118.919 Y116.54 E.02066
G1 X118.628 Y117.088 E.01945
G1 X118.22 Y117.573 E.01987
G1 X117.761 Y117.961 E.01884
G1 X117.222 Y118.25 E.01918
G1 X116.674 Y118.433 E.01811
G1 X116.058 Y118.499 E.01942
G1 X115.54 Y118.467 E.01627
G1 X114.828 Y118.255 E.02329
G1 X114.2 Y117.876 E.023
G1 X113.611 Y117.438 E.02301
G1 X113.119 Y116.888 E.02314
G1 X112.93 Y116.574 E.01149
G1 X112.722 Y116.034 E.01814
G1 X112.609 Y115.48 E.01773
G1 X112.616 Y114.882 E.01875
G1 X112.722 Y114.3 E.01855
G1 X112.959 Y113.725 E.0195
G1 X113.285 Y113.206 E.01922
G1 X113.737 Y112.743 E.02029
G1 X114.247 Y112.37 E.01981
G1 X114.863 Y112.096 E.02114
G1 X115.493 Y111.936 E.02038
G1 X116.145 Y111.907 E.02046
G1 X116.675 Y111.964 E.01671
G1 X117.3 Y112.131 E.02028
G1 X117.922 Y112.442 E.0218
G1 X118.034 Y112.556 E.00501
G1 E-3.5 F3600
;WIPE_START
G1 F7200
G1 X118.076 Y112.599 E-.02855
G1 X118.41 Y112.937 E-.22571
G1 X118.761 Y113.48 E-.30712
G1 X118.98 Y113.966 E-.25321
G1 X119.154 Y114.595 E-.31
G1 X119.195 Y115.279 E-.32548
G1 X119.184 Y115.384 E-.04993
;WIPE_END
G1 X118.106 Y115.058 F9000
G1 E5 F2400
;TYPE:Internal infill
;WIDTH:0.44
G1 F900
G1 X118.058 Y115.684 E.02073
G1 X117.865 Y116.233 E.01921
G1 X117.551 Y116.699 E.01855
G1 X117.091 Y117.091 E.01995
G1 X114.037 Y114.037 E.1426
G1 X113.77 Y114.606 E.02075
G1 X113.697 Y115.375 E.0255
G1 X113.901 Y116.073 E.02401
G1 X114.362 Y116.638 E.02408
G1 X117.467 Y113.533 E.14498
G1 X117.272 Y113.336 E.00915
G1 X116.605 Y113.058 E.02386
G1 X116.103 Y112.996 E.0167
G1 X115.651 Y113.016 E.01494
G1 X115.243 Y113.118 E.01389
;LAYER_CHANGE
;Z:28.6
;HEIGHT:0.200001
;BEFORE_LAYER_CHANGE
G92 E0
;28.6


G1 E-3.5 F3600
;WIPE_START
G1 F7200
G1 X115.651 Y113.016 E-.19976
G1 X116.103 Y112.996 E-.21491
G1 X116.605 Y113.058 E-.24026
G1 X117.272 Y113.336 E-.34324
G1 X117.467 Y113.533 E-.13166
G1 X116.916 Y114.084 E-.37017
;WIPE_END
G1 Z28.6 F9000
;AFTER_LAYER_CHANGE
;28.6
G1 X118.285 Y114.485
G1 E5 F2400
;TYPE:Perimeter
;WIDTH:0.439999
G1 F900
G1 X118.339 Y114.578 E.00355
G1 X118.41 Y115.241 E.02202
G1 X118.376 Y115.634 E.01302
G1 X118.259 Y116.123 E.0166
G1 X118.04 Y116.591 E.01706
G1 X117.741 Y117.022 E.01732
G1 X117.384 Y117.357 E.01616
G1 X116.961 Y117.638 E.01677
G1 X116.361 Y117.857 E.02109
G1 X115.744 Y117.918 E.02047
G1 X115.153 Y117.824 E.01976
G1 X114.731 Y117.65 E.01507
G1 X114.315 Y117.369 E.01658
G1 X114.016 Y117.025 E.01505
G1 X113.741 Y116.597 E.0168
G1 X113.442 Y115.676 E.03197
G1 X113.41 Y115.36 E.01049
G1 X113.405 Y114.86 E.01651
G1 X113.559 Y114.322 E.01848
G1 X113.853 Y113.824 E.01909
G1 X114.277 Y113.4 E.0198
G1 X114.811 Y113.087 E.02044
G1 X115.255 Y112.949 E.01535
G1 X115.752 Y112.883 E.01655
G1 X116.235 Y112.921 E.016
G1 X116.746 Y113.05 E.0174
G1 X117.236 Y113.296 E.0181
G1 X117.646 Y113.597 E.01679
G1 X118.007 Y113.999 E.01784
G1 X118.256 Y114.433 E.01652
G1 X118.646 Y114.308 F9000
G1 F900
G1 X118.721 Y114.453 E.00539
G1 X118.781 Y114.845 E.01309
G1 X118.807 Y115.292 E.01478
G1 X118.744 Y115.86 E.01887
G1 X118.548 Y116.46 E.02084
G1 X118.279 Y116.97 E.01904
G1 X117.893 Y117.433 E.0199
G1 X117.468 Y117.797 E.01848
G1 X116.961 Y118.071 E.01903
G1 X116.449 Y118.245 E.01785
G1 X115.901 Y118.31 E.01822
G1 X115.381 Y118.282 E.01719
G1 X114.889 Y118.151 E.01681
G1 X114.418 Y117.936 E.01709
G1 X113.912 Y117.542 E.02117
G1 X113.6 Y117.134 E.01696
G1 X113.373 Y116.747 E.01481
G1 X113.051 Y115.759 E.03431
G1 X112.984 Y115.103 E.02177
G1 X113.081 Y114.479 E.02085
G1 X113.274 Y114.007 E.01684
G1 X113.538 Y113.58 E.01658
G1 X113.907 Y113.197 E.01756
G1 X114.33 Y112.885 E.01735
G1 X114.838 Y112.656 E.0184
G1 X115.365 Y112.518 E.01799
G1 X115.948 Y112.493 E.01927
G1 X116.508 Y112.564 E.01864
G1 X117.084 Y112.766 E.02015
G1 X117.593 Y113.048 E.01921
G1 X118.09 Y113.483 E.02181
G1 X118.446 Y113.922 E.01866
G1 X118.618 Y114.254 E.01235
G1 X118.993 Y114.137 F9000
;TYPE:External perimeter
;WIDTH:0.419999
G1 F900
G1 X119.095 Y114.332 E.0069
G1 X119.163 Y114.787 E.01442
G1 X119.194 Y115.255 E.01471
G1 X119.164 Y115.665 E.01289
G1 X119.055 Y116.187 E.01672
G1 X118.826 Y116.798 E.02046
G1 X118.457 Y117.375 E.02147
G1 X118.028 Y117.849 E.02005
G1 X117.492 Y118.233 E.02067
G1 X116.935 Y118.505 E.01944
G1 X116.32 Y118.658 E.01987
G1 X115.721 Y118.703 E.01883
G1 X115.115 Y118.62 E.01918
G1 X114.564 Y118.446 E.01812
G1 X114.027 Y118.137 E.01943
G1 X113.627 Y117.806 E.01628
G1 X113.292 Y117.369 E.01726
G1 X113.013 Y116.894 E.01727
G1 X112.671 Y115.839 E.03477
G1 X112.596 Y115.106 E.0231
G1 X112.628 Y114.741 E.01149
G1 X112.776 Y114.182 E.01813
G1 X113.012 Y113.667 E.01776
G1 X113.368 Y113.187 E.01874
G1 X113.796 Y112.779 E.01854
G1 X114.326 Y112.453 E.01951
G1 X114.894 Y112.225 E.01919
G1 X115.533 Y112.115 E.02033
G1 X116.164 Y112.114 E.01978
G1 X116.824 Y112.255 E.02116
G1 X117.428 Y112.495 E.02038
G1 X117.972 Y112.854 E.02044
G1 X118.367 Y113.213 E.01674
G1 X118.775 Y113.715 E.02028
G1 X118.966 Y114.083 E.013
G1 X118.104 Y115.07 F9000
;TYPE:Internal infill
;WIDTH:0.44
G1 F900
G1 X118.055 Y115.715 E.02136
G1 X117.848 Y116.312 E.02086
G1 X117.509 Y116.822 E.02022
G1 X117.151 Y117.151 E.01605
G1 X114.061 Y114.061 E.14428
G1 X113.84 Y114.443 E.01457
G1 X113.69 Y115.098 E.02219
G1 X113.743 Y115.613 E.01709
G1 X114.025 Y116.481 E.03013
G1 X114.217 Y116.783 E.01182
G1 X117.293 Y113.707 E.14363
G1 X116.922 Y113.463 E.01466
G1 X116.348 Y113.25 E.02021
G1 X116.053 Y113.201 E.00987
G1 X115.47 Y113.215 E.01925
G1 X115.044 Y113.328 E.01455
;LAYER_CHANGE
;Z:28.8
;HEIGHT:0.199999
;BEFORE_LAYER_CHANGE
G92 E0
;28.8


G1 E-3.5 F3600
;WIPE_START
G1 F7200
G1 X115.47 Y113.215 E-.20935
G1 X116.053 Y113.201 E-.277
G1 X116.348 Y113.25 E-.14204
G1 X116.922 Y113.463 E-.29082
G1 X117.293 Y113.707 E-.21092
G1 X116.742 Y114.258 E-.36987
;WIPE_END
G1 Z28.8 F9000
;AFTER_LAYER_CHANGE
;28.8
G1 X118.35 Y116.316
G1 E5 F2400
;TYPE:Perimeter
;WIDTH:0.439999
G1 F900
G1 X118.339 Y116.422 E.00352
G1 X118.109 Y116.866 E.01651
G1 X117.748 Y117.299 E.01861
G1 X117.366 Y117.626 E.0166
G1 X116.914 Y117.876 E.01705
G1 X116.418 Y118.049 E.01734
G1 X115.933 Y118.11 E.01614
G1 X115.425 Y118.088 E.01679
G1 X114.811 Y117.913 E.02108
G1 X114.277 Y117.6 E.02044
G1 X113.853 Y117.176 E.0198
G1 X113.614 Y116.787 E.01507
G1 X113.443 Y116.315 E.01658
G1 X113.403 Y115.861 E.01505
G1 X113.432 Y115.353 E.0168
G1 X113.731 Y114.433 E.03194
G1 X114.022 Y113.933 E.0191
G1 X114.388 Y113.566 E.01711
G1 X114.877 Y113.275 E.01879
G1 X115.277 Y113.148 E.01386
G1 X115.805 Y113.089 E.01754
G1 X116.387 Y113.15 E.01932
G1 X116.774 Y113.28 E.01348
G1 X117.242 Y113.531 E.01753
G1 X117.61 Y113.845 E.01597
G1 X117.948 Y114.25 E.01742
G1 X118.2 Y114.737 E.0181
G1 X118.355 Y115.222 E.01681
G1 X118.41 Y115.759 E.01782
G1 X118.357 Y116.256 E.0165
G1 X118.746 Y116.384 F9000
G1 F900
G1 X118.721 Y116.547 E.00544
G1 X118.539 Y116.899 E.01308
G1 X118.298 Y117.275 E.01475
G1 X117.913 Y117.698 E.01889
G1 X117.402 Y118.068 E.02083
G1 X116.884 Y118.323 E.01906
G1 X116.3 Y118.471 E.01989
G1 X115.742 Y118.515 E.01848
G1 X115.17 Y118.439 E.01905
G1 X114.654 Y118.279 E.01784
G1 X114.173 Y118.009 E.01821
G1 X113.768 Y117.681 E.01721
G1 X113.447 Y117.286 E.01681
G1 X113.193 Y116.835 E.01709
G1 X113.015 Y116.218 E.0212
G1 X113.002 Y115.705 E.01694
G1 X113.046 Y115.259 E.0148
G1 X113.367 Y114.27 E.03433
G1 X113.606 Y113.858 E.01573
G1 X113.898 Y113.471 E.01601
G1 X114.264 Y113.17 E.01565
G1 X114.719 Y112.91 E.0173
G1 X115.19 Y112.76 E.01632
G1 X115.813 Y112.691 E.0207
G1 X116.464 Y112.759 E.02161
G1 X116.989 Y112.941 E.01835
G1 X117.468 Y113.203 E.01803
G1 X117.916 Y113.59 E.01955
G1 X118.279 Y114.03 E.01883
G1 X118.567 Y114.584 E.02062
G1 X118.744 Y115.14 E.01927
G1 X118.811 Y115.955 E.027
G1 X118.755 Y116.325 E.01236
G1 X119.127 Y116.45 F9000
;TYPE:External perimeter
;WIDTH:0.419999
G1 F900
G1 X119.094 Y116.668 E.00691
G1 X118.775 Y117.285 E.02178
G1 X118.367 Y117.787 E.02028
G1 X117.972 Y118.146 E.01674
G1 X117.428 Y118.505 E.02044
G1 X116.79 Y118.756 E.0215
G1 X116.164 Y118.886 E.02005
G1 X115.505 Y118.882 E.02066
G1 X114.894 Y118.775 E.01945
G1 X114.307 Y118.537 E.01986
G1 X113.796 Y118.221 E.01884
G1 X113.355 Y117.798 E.01916
G1 X113.012 Y117.333 E.01812
G1 X112.758 Y116.767 E.01945
G1 X112.629 Y116.265 E.01625
G1 X112.615 Y115.715 E.01725
G1 X112.669 Y115.167 E.01727
G1 X113.012 Y114.111 E.03481
G1 X113.382 Y113.474 E.0231
G1 X113.777 Y113.06 E.01794
G1 X114.22 Y112.731 E.0173
G1 X114.766 Y112.481 E.01883
G1 X115.318 Y112.335 E.0179
G1 X115.821 Y112.302 E.01581
G1 X116.54 Y112.378 E.02267
G1 X117.145 Y112.587 E.02007
G1 X117.688 Y112.884 E.01941
G1 X118.192 Y113.318 E.02085
G1 X118.602 Y113.815 E.0202
G1 X118.923 Y114.434 E.02186
G1 X119.124 Y115.06 E.02061
G1 X119.199 Y115.98 E.02894
G1 X119.136 Y116.391 E.01304
G1 X118.03 Y115.194 F9000
;TYPE:Internal infill
;WIDTH:0.44
G1 F900
G1 X118.107 Y115.908 E.02371
G1 X118.044 Y116.327 E.01399
G1 X117.667 Y116.944 E.02387
G1 X117.293 Y117.293 E.01689
G1 X114.213 Y114.213 E.14382
G1 X114.012 Y114.559 E.01321
G1 X113.703 Y115.592 E.0356
G1 X113.758 Y116.327 E.02434
G1 X114.061 Y116.939 E.02255
G1 X117.151 Y113.849 E.14428
G1 X116.82 Y113.634 E.01303
G1 X116.327 Y113.452 E.01735
G1 X115.473 Y113.417 E.02822
G1 X114.903 Y113.605 E.01982
;LAYER_CHANGE
;Z:29
;HEIGHT:0.200001
;BEFORE_LAYER_CHANGE
G92 E0
;29


G1 E-3.5 F3600
;WIPE_START
G1 F7200
G1 X115.473 Y113.417 E-.2851
G1 X116.327 Y113.452 E-.40599
G1 X116.82 Y113.634 E-.24962
G1 X117.151 Y113.849 E-.18748
G1 X116.598 Y114.402 E-.37181
;WIPE_END
G1 Z29 F9000
;AFTER_LAYER_CHANGE
;29
G1 X118.35 Y116.316
G1 E5 F2400
;TYPE:Perimeter
;WIDTH:0.439999
G1 F900
G1 X118.339 Y116.422 E.00352
G1 X118.109 Y116.866 E.01651
G1 X117.748 Y117.299 E.01861
G1 X117.366 Y117.626 E.0166
G1 X116.914 Y117.876 E.01705
G1 X116.418 Y118.049 E.01734
G1 X115.933 Y118.11 E.01614
G1 X115.425 Y118.088 E.01679
G1 X114.811 Y117.913 E.02108
G1 X114.277 Y117.6 E.02044
G1 X113.853 Y117.176 E.0198
G1 X113.614 Y116.787 E.01507
G1 X113.443 Y116.315 E.01658
G1 X113.403 Y115.861 E.01505
G1 X113.432 Y115.353 E.0168
G1 X113.731 Y114.433 E.03194
G1 X114.022 Y113.933 E.0191
G1 X114.388 Y113.566 E.01711
G1 X114.877 Y113.275 E.01879
G1 X115.277 Y113.148 E.01386
G1 X115.805 Y113.089 E.01754
G1 X116.387 Y113.15 E.01932
G1 X116.774 Y113.28 E.01348
G1 X117.242 Y113.531 E.01753
G1 X117.61 Y113.845 E.01597
G1 X117.948 Y114.25 E.01742
G1 X118.2 Y114.737 E.0181
G1 X118.355 Y115.222 E.01681
G1 X118.41 Y115.759 E.01782
G1 X118.357 Y116.256 E.0165
G1 X118.746 Y116.384 F9000
G1 F900
G1 X118.721 Y116.547 E.00544
G1 X118.539 Y116.899 E.01308
G1 X118.298 Y117.275 E.01475
G1 X117.913 Y117.698 E.01889
G1 X117.402 Y118.068 E.02083
G1 X116.884 Y118.323 E.01906
G1 X116.3 Y118.471 E.01989
G1 X115.742 Y118.515 E.01848
G1 X115.17 Y118.439 E.01905
G1 X114.654 Y118.279 E.01784
G1 X114.173 Y118.009 E.01821
G1 X113.768 Y117.681 E.01721
G1 X113.447 Y117.286 E.01681
G1 X113.193 Y116.835 E.01709
G1 X113.015 Y116.218 E.0212
G1 X113.002 Y115.705 E.01694
G1 X113.046 Y115.259 E.0148
G1 X113.367 Y114.27 E.03433
G1 X113.606 Y113.858 E.01573
G1 X113.898 Y113.471 E.01601
G1 X114.264 Y113.17 E.01565
G1 X114.719 Y112.91 E.0173
G1 X115.19 Y112.76 E.01632
G1 X115.813 Y112.691 E.0207
G1 X116.464 Y112.759 E.02161
G1 X116.989 Y112.941 E.01835
G1 X117.468 Y113.203 E.01803
G1 X117.916 Y113.59 E.01955
G1 X118.279 Y114.03 E.01883
G1 X118.567 Y114.584 E.02062
G1 X118.744 Y115.14 E.01927
G1 X118.811 Y115.955 E.027
G1 X118.755 Y116.325 E.01236
G1 X119.127 Y116.45 F9000
;TYPE:External perimeter
;WIDTH:0.419999
G1 F900
G1 X119.094 Y116.668 E.00691
G1 X118.775 Y117.285 E.02178
G1 X118.367 Y117.787 E.02028
G1 X117.972 Y118.146 E.01674
G1 X117.428 Y118.505 E.02044
G1 X116.79 Y118.756 E.0215
G1 X116.164 Y118.886 E.02005
G1 X115.505 Y118.882 E.02066
G1 X114.894 Y118.775 E.01945
G1 X114.307 Y118.537 E.01986
G1 X113.796 Y118.221 E.01884
G1 X113.355 Y117.798 E.01916
G1 X113.012 Y117.333 E.01812
G1 X112.758 Y116.767 E.01945
G1 X112.629 Y116.265 E.01625
G1 X112.615 Y115.715 E.01725
G1 X112.669 Y115.167 E.01727
G1 X113.012 Y114.111 E.03481
G1 X113.382 Y113.474 E.0231
G1 X113.777 Y113.06 E.01794
G1 X114.22 Y112.731 E.0173
G1 X114.766 Y112.481 E.01883
G1 X115.318 Y112.335 E.0179
G1 X115.821 Y112.302 E.01581
G1 X116.54 Y112.378 E.02267
G1 X117.145 Y112.587 E.02007
G1 X117.688 Y112.884 E.01941
G1 X118.192 Y113.318 E.02085
G1 X118.602 Y113.815 E.0202
G1 X118.923 Y114.434 E.02186
G1 X119.124 Y115.06 E.02061
G1 X119.199 Y115.98 E.02894
G1 X119.136 Y116.391 E.01304
G1 X118.03 Y115.194 F9000
;TYPE:Internal infill
;WIDTH:0.44
G1 F900
G1 X118.107 Y115.908 E.02371
G1 X118.044 Y116.327 E.01399
G1 X117.667 Y116.944 E.02387
G1 X117.293 Y117.293 E.01689
G1 X114.213 Y114.213 E.14382
G1 X114.012 Y114.559 E.01321
G1 X113.703 Y115.592 E.0356
G1 X113.758 Y116.327 E.02434
G1 X114.061 Y116.939 E.02255
G1 X117.151 Y113.849 E.14428
G1 X116.82 Y113.634 E.01303
G1 X116.327 Y113.452 E.01735
G1 X115.473 Y113.417 E.02822
G1 X114.903 Y113.605 E.01982
;LAYER_CHANGE
;Z:29.2
;HEIGHT:0.200001
;BEFORE_LAYER_CHANGE
G92 E0
;29.2


G1 E-3.5 F3600
;WIPE_START
G1 F7200
G1 X115.473 Y113.417 E-.2851
G1 X116.327 Y113.452 E-.40599
G1 X116.82 Y113.634 E-.24962
G1 X117.151 Y113.849 E-.18748
G1 X116.598 Y114.402 E-.37181
;WIPE_END
G1 Z29.2 F9000
;AFTER_LAYER_CHANGE
;29.2
G1 X117.326 Y117.835
G1 E5 F2400
;TYPE:Perimeter
;WIDTH:0.439999
G1 F900
G1 X117.254 Y117.915 E.00355
G1 X116.808 Y118.138 E.01646
G1 X116.261 Y118.277 E.01863
G1 X115.76 Y118.317 E.01659
G1 X115.245 Y118.252 E.01714
G1 X114.744 Y118.101 E.01728
G1 X114.316 Y117.866 E.01612
G1 X113.918 Y117.55 E.01678
G1 X113.524 Y117.047 E.0211
G1 X113.276 Y116.48 E.02043
G1 X113.182 Y115.888 E.01979
G1 X113.237 Y115.312 E.0191
G1 X113.416 Y114.815 E.01744
G1 X113.739 Y114.346 E.0188
G1 X114.188 Y113.957 E.01961
G1 X114.691 Y113.6 E.02037
G1 X115.226 Y113.363 E.01932
G1 X115.706 Y113.285 E.01606
G1 X116.334 Y113.343 E.02082
G1 X116.858 Y113.534 E.01841
G1 X117.362 Y113.877 E.02013
G1 X117.776 Y114.351 E.02078
G1 X117.997 Y114.767 E.01555
G1 X118.157 Y115.251 E.01683
G1 X118.215 Y115.928 E.02243
G1 X118.133 Y116.47 E.0181
G1 X117.973 Y116.953 E.0168
G1 X117.702 Y117.421 E.01786
G1 X117.366 Y117.791 E.0165
G1 X117.606 Y118.123 F9000
G1 F900
G1 X117.491 Y118.24 E.00542
G1 X117.137 Y118.418 E.01308
G1 X116.72 Y118.58 E.01477
G1 X116.16 Y118.697 E.01889
G1 X115.529 Y118.696 E.02083
G1 X114.961 Y118.598 E.01903
G1 X114.401 Y118.374 E.01991
G1 X113.924 Y118.081 E.01848
G1 X113.506 Y117.684 E.01903
G1 X113.182 Y117.251 E.01786
G1 X112.952 Y116.749 E.01823
G1 X112.817 Y116.247 E.01716
G1 X112.79 Y115.738 E.01683
G1 X112.849 Y115.224 E.01708
G1 X113.068 Y114.621 E.02118
G1 X113.44 Y114.079 E.0217
G1 X113.943 Y113.644 E.02196
G1 X114.494 Y113.253 E.02231
G1 X115.1 Y112.985 E.02188
G1 X115.705 Y112.886 E.02024
G1 X116.408 Y112.951 E.02331
G1 X116.897 Y113.118 E.01706
G1 X117.343 Y113.359 E.01674
G1 X117.76 Y113.715 E.0181
G1 X118.106 Y114.129 E.01781
G1 X118.373 Y114.636 E.01892
G1 X118.546 Y115.167 E.01844
G1 X118.608 Y115.73 E.0187
G1 X118.59 Y116.161 E.01424
G1 X118.479 Y116.733 E.01924
G1 X118.219 Y117.34 E.0218
G1 X117.911 Y117.814 E.01866
G1 X117.648 Y118.081 E.01237
G1 X117.876 Y118.401 F9000
;TYPE:External perimeter
;WIDTH:0.419999
G1 F900
G1 X117.722 Y118.558 E.0069
G1 X117.1 Y118.869 E.0218
G1 X116.475 Y119.036 E.02028
G1 X115.945 Y119.093 E.01671
G1 X115.293 Y119.064 E.02046
G1 X114.63 Y118.892 E.02148
G1 X114.047 Y118.63 E.02004
G1 X113.516 Y118.24 E.02066
G1 X113.085 Y117.794 E.01945
G1 X112.75 Y117.256 E.01987
G1 X112.522 Y116.7 E.01884
G1 X112.414 Y116.098 E.01918
G1 X112.409 Y115.52 E.01812
G1 X112.537 Y114.914 E.01942
G1 X112.728 Y114.431 E.01629
G1 X113.15 Y113.819 E.02331
G1 X113.703 Y113.339 E.02296
G1 X114.302 Y112.914 E.02303
G1 X114.774 Y112.706 E.01617
G1 X115.192 Y112.567 E.01381
G1 X115.703 Y112.497 E.01617
G1 X116.48 Y112.569 E.02447
G1 X117.051 Y112.762 E.0189
G1 X117.561 Y113.039 E.0182
G1 X118.035 Y113.442 E.01951
G1 X118.428 Y113.912 E.01921
G1 X118.729 Y114.485 E.02029
G1 X118.925 Y115.086 E.01982
G1 X118.996 Y115.756 E.02112
G1 X118.954 Y116.405 E.02039
G1 X118.78 Y117.034 E.02046
G1 X118.561 Y117.52 E.01671
G1 X118.21 Y118.063 E.02027
G1 X117.918 Y118.358 E.01301
G1 E-3.5 F3600
;WIPE_START
G1 F7200
G1 X117.876 Y118.401 E-.02855
G1 X117.722 Y118.558 E-.10446
G1 X117.1 Y118.869 E-.33032
G1 X116.475 Y119.036 E-.30729
G1 X115.945 Y119.093 E-.2532
G1 X115.293 Y119.064 E-.31001
G1 X114.955 Y118.976 E-.16617
;WIPE_END
G1 X115.178 Y117.925 F9000
G1 E5 F2400
;TYPE:Internal infill
;WIDTH:0.44
G1 F900
G1 X115.766 Y118.01 E.01962
G1 X116.405 Y117.942 E.02122
G1 X117.072 Y117.664 E.02386
G1 X117.366 Y117.366 E.01382
G1 X114.281 Y114.281 E.14405
G1 X114.843 Y113.867 E.02305
G1 X115.511 Y113.612 E.02361
G1 X116.277 Y113.644 E.02531
G1 X116.719 Y113.806 E.01554
G1 X117.01 Y113.99 E.01137
G1 X113.918 Y117.082 E.14438
G1 X113.57 Y116.394 E.02546
G1 X113.488 Y115.879 E.01722
G1 X113.536 Y115.379 E.01658
G1 X113.764 Y114.848 E.01908
;LAYER_CHANGE
;Z:29.4
;HEIGHT:0.199999
;BEFORE_LAYER_CHANGE
G92 E0
;29.4


G1 E-3.5 F3600
;WIPE_START
G1 F7200
G1 X113.536 Y115.379 E-.27449
G1 X113.488 Y115.879 E-.23859
G1 X113.57 Y116.394 E-.24771
G1 X113.918 Y117.082 E-.36623
G1 X114.473 Y116.527 E-.37298
;WIPE_END
G1 Z29.4 F9000
;AFTER_LAYER_CHANGE
;29.4
G1 X115.395 Y118.467
G1 E5 F2400
;TYPE:Perimeter
;WIDTH:0.439999
G1 F900
G1 X115.007 Y118.403 E.01298
G1 X114.484 Y118.194 E.0186
G1 X114.055 Y117.931 E.01661
G1 X113.676 Y117.577 E.01712
G1 X113.36 Y117.16 E.01727
G1 X113.151 Y116.718 E.01614
G1 X113.015 Y116.229 E.01676
G1 X112.992 Y115.59 E.02111
G1 X113.125 Y114.985 E.02045
G1 X113.397 Y114.451 E.01979
G1 X113.78 Y114.018 E.01909
G1 X114.217 Y113.721 E.01745
G1 X114.753 Y113.531 E.01878
G1 X115.346 Y113.481 E.01965
G1 X115.963 Y113.487 E.02037
G1 X116.534 Y113.61 E.01929
G1 X116.996 Y113.845 E.01711
G1 X117.424 Y114.22 E.01879
G1 X117.755 Y114.708 E.01947
G1 X117.96 Y115.281 E.02009
G1 X118.012 Y115.737 E.01515
G1 X118.002 Y116.055 E.0105
G1 X117.911 Y116.548 E.01655
G1 X117.726 Y116.996 E.016
G1 X117.445 Y117.442 E.0174
G1 X117.06 Y117.833 E.01812
G1 X116.647 Y118.129 E.01678
G1 X116.153 Y118.348 E.01784
G1 X115.5 Y118.485 E.02203
G1 X115.454 Y118.477 E.00154
G1 X115.338 Y118.86 F9000
G1 F900
G1 X115.109 Y118.823 E.00766
G1 X114.677 Y118.709 E.01475
G1 X114.155 Y118.474 E.0189
G1 X113.645 Y118.103 E.02082
G1 X113.243 Y117.689 E.01905
G1 X112.922 Y117.179 E.0199
G1 X112.708 Y116.662 E.01847
G1 X112.603 Y116.094 E.01907
G1 X112.596 Y115.554 E.01783
G1 X112.704 Y115.013 E.01821
G1 X112.891 Y114.527 E.01719
G1 X113.167 Y114.099 E.01681
G1 X113.518 Y113.718 E.0171
G1 X114.049 Y113.359 E.02116
G1 X114.669 Y113.14 E.02171
G1 X115.331 Y113.083 E.02194
G1 X116.007 Y113.091 E.02232
G1 X116.655 Y113.23 E.02188
G1 X117.218 Y113.515 E.02083
G1 X117.608 Y113.844 E.01685
G1 X117.932 Y114.228 E.01659
G1 X118.183 Y114.697 E.01756
G1 X118.349 Y115.195 E.01733
G1 X118.409 Y115.749 E.0184
G1 X118.377 Y116.293 E.01799
G1 X118.221 Y116.855 E.01926
G1 X117.981 Y117.366 E.01864
G1 X117.611 Y117.851 E.02014
G1 X117.186 Y118.249 E.01922
G1 X116.618 Y118.586 E.02181
G1 X116.091 Y118.789 E.01865
G1 X115.5 Y118.887 E.01978
G1 X115.397 Y118.87 E.00345
G1 X115.283 Y119.244 F9000
;TYPE:External perimeter
;WIDTH:0.419999
G1 F900
G1 X114.814 Y119.166 E.01491
G1 X114.211 Y118.933 E.02027
G1 X113.748 Y118.669 E.01671
G1 X113.238 Y118.262 E.02046
G1 X112.803 Y117.733 E.02147
G1 X112.485 Y117.178 E.02006
G1 X112.285 Y116.55 E.02066
G1 X112.198 Y115.936 E.01944
G1 X112.243 Y115.304 E.01987
G1 X112.386 Y114.72 E.01885
G1 X112.652 Y114.17 E.01916
G1 X112.988 Y113.7 E.01811
G1 X113.447 Y113.284 E.01942
G1 X113.885 Y113.006 E.01627
G1 X114.587 Y112.759 E.02333
G1 X115.317 Y112.696 E.02297
G1 X116.05 Y112.704 E.02298
G1 X116.467 Y112.794 E.01338
G1 X116.975 Y112.946 E.01663
G1 X117.435 Y113.193 E.01637
G1 X117.881 Y113.57 E.01831
G1 X118.253 Y114.009 E.01804
G1 X118.538 Y114.543 E.01898
G1 X118.727 Y115.112 E.0188
G1 X118.802 Y115.936 E.02594
G1 X118.709 Y116.577 E.02031
G1 X118.515 Y117.178 E.0198
G1 X118.178 Y117.762 E.02114
G1 X117.762 Y118.262 E.02039
G1 X117.252 Y118.669 E.02046
G1 X116.789 Y118.933 E.01671
G1 X116.186 Y119.166 E.02027
G1 X115.5 Y119.279 E.0218
G1 X115.342 Y119.253 E.00502
G1 X115.149 Y118.117 F9000
;TYPE:Internal infill
;WIDTH:0.44
G1 F900
G1 X115.5 Y118.175 E.01175
G1 X116.203 Y118.007 E.02386
G1 X116.76 Y117.687 E.02121
G1 X117.224 Y117.224 E.02164
G1 X114.132 Y114.132 E.14438
G1 X114.817 Y113.833 E.02468
G1 X115.463 Y113.788 E.02138
G1 X115.929 Y113.793 E.01539
G1 X116.441 Y113.903 E.01729
G1 X116.868 Y114.132 E.016
G1 X113.776 Y117.224 E.14438
G1 X113.484 Y116.737 E.01875
G1 X113.318 Y116.179 E.01922
G1 X113.297 Y115.618 E.01854
G1 X113.463 Y114.974 E.02196
;LAYER_CHANGE
;Z:29.6
;HEIGHT:0.200001
;BEFORE_LAYER_CHANGE
G92 E0
;29.6


G1 E-3.5 F3600
;WIPE_START
G1 F7200
G1 X113.297 Y115.618 E-.3159
G1 X113.318 Y116.179 E-.26666
G1 X113.484 Y116.737 E-.27653
G1 X113.776 Y117.224 E-.26972
G1 X114.329 Y116.671 E-.37119
;WIPE_END
G1 Z29.6 F9000
;AFTER_LAYER_CHANGE
;29.6
G1 X115.395 Y118.467
G1 E5 F2400
;TYPE:Perimeter
;WIDTH:0.439999
G1 F900
G1 X115.007 Y118.403 E.01298
G1 X114.484 Y118.194 E.0186
G1 X114.055 Y117.931 E.01661
G1 X113.676 Y117.577 E.01712
G1 X113.36 Y117.16 E.01727
G1 X113.151 Y116.718 E.01614
G1 X113.015 Y116.229 E.01676
G1 X112.992 Y115.59 E.02111
G1 X113.125 Y114.985 E.02045
G1 X113.397 Y114.451 E.01979
G1 X113.78 Y114.018 E.01909
G1 X114.217 Y113.721 E.01745
G1 X114.753 Y113.531 E.01878
G1 X115.346 Y113.481 E.01965
G1 X115.963 Y113.487 E.02037
G1 X116.534 Y113.61 E.01929
G1 X116.996 Y113.845 E.01711
G1 X117.424 Y114.22 E.01879
G1 X117.755 Y114.708 E.01947
G1 X117.96 Y115.281 E.02009
G1 X118.012 Y115.737 E.01515
G1 X118.002 Y116.055 E.0105
G1 X117.911 Y116.548 E.01655
G1 X117.726 Y116.996 E.016
G1 X117.445 Y117.442 E.0174
G1 X117.06 Y117.833 E.01812
G1 X116.647 Y118.129 E.01678
G1 X116.153 Y118.348 E.01784
G1 X115.5 Y118.485 E.02203
G1 X115.454 Y118.477 E.00154
G1 X115.338 Y118.86 F9000
G1 F900
G1 X115.109 Y118.823 E.00766
G1 X114.677 Y118.709 E.01475
G1 X114.155 Y118.474 E.0189
G1 X113.645 Y118.103 E.02082
G1 X113.243 Y117.689 E.01905
G1 X112.922 Y117.179 E.0199
G1 X112.708 Y116.662 E.01847
G1 X112.603 Y116.094 E.01907
G1 X112.596 Y115.554 E.01783
G1 X112.704 Y115.013 E.01821
G1 X112.891 Y114.527 E.01719
G1 X113.167 Y114.099 E.01681
G1 X113.518 Y113.718 E.0171
G1 X114.049 Y113.359 E.02116
G1 X114.669 Y113.14 E.02171
G1 X115.331 Y113.083 E.02194
G1 X116.007 Y113.091 E.02232
G1 X116.655 Y113.23 E.02188
G1 X117.218 Y113.515 E.02083
G1 X117.608 Y113.844 E.01685
G1 X117.932 Y114.228 E.01659
G1 X118.183 Y114.697 E.01756
G1 X118.349 Y115.195 E.01733
G1 X118.409 Y115.749 E.0184
G1 X118.377 Y116.293 E.01799
G1 X118.221 Y116.855 E.01926
G1 X117.981 Y117.366 E.01864
G1 X117.611 Y117.851 E.02014
G1 X117.186 Y118.249 E.01922
G1 X116.618 Y118.586 E.02181
G1 X116.091 Y118.789 E.01865
G1 X115.5 Y118.887 E.01978
G1 X115.397 Y118.87 E.00345
G1 X115.283 Y119.244 F9000
;TYPE:External perimeter
;WIDTH:0.419999
G1 F900
G1 X114.814 Y119.166 E.01491
G1 X114.211 Y118.933 E.02027
G1 X113.748 Y118.669 E.01671
G1 X113.238 Y118.262 E.02046
G1 X112.803 Y117.733 E.02147
G1 X112.485 Y117.178 E.02006
G1 X112.285 Y116.55 E.02066
G1 X112.198 Y115.936 E.01944
G1 X112.243 Y115.304 E.01987
G1 X112.386 Y114.72 E.01885
G1 X112.652 Y114.17 E.01916
G1 X112.988 Y113.7 E.01811
G1 X113.447 Y113.284 E.01942
G1 X113.885 Y113.006 E.01627
G1 X114.587 Y112.759 E.02333
G1 X115.317 Y112.696 E.02297
G1 X116.05 Y112.704 E.02298
G1 X116.467 Y112.794 E.01338
G1 X116.975 Y112.946 E.01663
G1 X117.435 Y113.193 E.01637
G1 X117.881 Y113.57 E.01831
G1 X118.253 Y114.009 E.01804
G1 X118.538 Y114.543 E.01898
G1 X118.727 Y115.112 E.0188
G1 X118.802 Y115.936 E.02594
G1 X118.709 Y116.577 E.02031
G1 X118.515 Y117.178 E.0198
G1 X118.178 Y117.762 E.02114
G1 X117.762 Y118.262 E.02039
G1 X117.252 Y118.669 E.02046
G1 X116.789 Y118.933 E.01671
G1 X116.186 Y119.166 E.02027
G1 X115.5 Y119.279 E.0218
G1 X115.342 Y119.253 E.00502
G1 X115.149 Y118.117 F9000
;TYPE:Internal infill
;WIDTH:0.44
G1 F900
G1 X115.5 Y118.175 E.01175
G1 X116.203 Y118.007 E.02386
G1 X116.76 Y117.687 E.02121
G1 X117.224 Y117.224 E.02164
G1 X114.132 Y114.132 E.14438
G1 X114.817 Y113.833 E.02468
G1 X115.463 Y113.788 E.02138
G1 X115.929 Y113.793 E.01539
G1 X116.441 Y113.903 E.01729
G1 X116.868 Y114.132 E.016
G1 X113.776 Y117.224 E.14438
G1 X113.484 Y116.737 E.01875
G1 X113.318 Y116.179 E.01922
G1 X113.297 Y115.618 E.01854
G1 X113.463 Y114.974 E.02196
;LAYER_CHANGE
;Z:29.8
;HEIGHT:0.199999
;BEFORE_LAYER_CHANGE
G92 E0
;29.8


G1 E-3.5 F3600
;WIPE_START
G1 F7200
G1 X113.297 Y115.618 E-.3159
G1 X113.318 Y116.179 E-.26666
G1 X113.484 Y116.737 E-.27653
G1 X113.776 Y117.224 E-.26972
G1 X114.329 Y116.671 E-.37119
;WIPE_END
G1 Z29.8 F9000
;AFTER_LAYER_CHANGE
;29.8
G1 X113.674 Y117.835
G1 E5 F2400
;TYPE:Perimeter
;WIDTH:0.439999
G1 F900
G1 X113.298 Y117.421 E.01847
G1 X113.027 Y116.953 E.01786
G1 X112.856 Y116.425 E.01832
G1 X112.785 Y115.928 E.01658
G1 X112.815 Y115.434 E.01634
G1 X112.933 Y114.931 E.01706
G1 X113.224 Y114.351 E.02143
G1 X113.638 Y113.877 E.02078
G1 X114.142 Y113.534 E.02013
G1 X114.696 Y113.334 E.01945
G1 X115.231 Y113.283 E.01774
G1 X115.803 Y113.376 E.01913
G1 X116.304 Y113.597 E.01808
G1 X117.061 Y114.148 E.03091
G1 X117.273 Y114.385 E.0105
G1 X117.572 Y114.786 E.01652
G1 X117.763 Y115.312 E.01848
G1 X117.818 Y115.888 E.0191
G1 X117.724 Y116.48 E.01979
G1 X117.476 Y117.047 E.02043
G1 X117.198 Y117.42 E.01536
G1 X116.834 Y117.765 E.01656
G1 X116.422 Y118.018 E.01596
G1 X115.932 Y118.215 E.01744
G1 X115.391 Y118.304 E.0181
G1 X114.882 Y118.301 E.01681
G1 X114.354 Y118.188 E.01783
G1 X113.746 Y117.915 E.02201
G1 X113.714 Y117.88 E.00157
G1 X113.394 Y118.123 F9000
G1 F900
G1 X113.089 Y117.814 E.01434
G1 X112.743 Y117.266 E.0214
G1 X112.521 Y116.733 E.01906
G1 X112.406 Y116.123 E.0205
G1 X112.396 Y115.551 E.01889
G1 X112.51 Y114.968 E.01961
G1 X112.706 Y114.451 E.01826
G1 X113.014 Y113.973 E.01877
G1 X113.375 Y113.579 E.01764
G1 X113.819 Y113.263 E.01799
G1 X114.28 Y113.041 E.01689
G1 X114.758 Y112.922 E.01626
G1 X115.258 Y112.885 E.01655
G1 X115.917 Y112.992 E.02204
G1 X116.503 Y113.251 E.02115
G1 X117.329 Y113.851 E.03371
G1 X117.768 Y114.343 E.02177
G1 X117.974 Y114.715 E.01404
G1 X118.151 Y115.224 E.01779
G1 X118.216 Y115.9 E.02242
G1 X118.142 Y116.427 E.01757
G1 X117.984 Y116.928 E.01734
G1 X117.708 Y117.412 E.0184
G1 X117.361 Y117.833 E.01801
G1 X116.905 Y118.196 E.01924
G1 X116.41 Y118.468 E.01865
G1 X115.826 Y118.643 E.02013
G1 X115.248 Y118.714 E.01923
G1 X114.59 Y118.654 E.02182
G1 X114.044 Y118.508 E.01866
G1 X113.509 Y118.24 E.01976
G1 X113.436 Y118.166 E.00343
G1 X113.124 Y118.401 F9000
;TYPE:External perimeter
;WIDTH:0.419999
G1 F900
G1 X112.79 Y118.063 E.0149
G1 X112.4 Y117.446 E.02289
G1 X112.15 Y116.845 E.02041
G1 X112.021 Y116.163 E.02176
G1 X112.01 Y115.518 E.02023
G1 X112.138 Y114.863 E.02093
G1 X112.359 Y114.277 E.01964
G1 X112.707 Y113.737 E.02014
G1 X113.117 Y113.289 E.01904
G1 X113.622 Y112.93 E.01943
G1 X114.149 Y112.676 E.01834
G1 X114.76 Y112.53 E.0197
G1 X115.284 Y112.497 E.01646
G1 X116.028 Y112.618 E.02363
G1 X116.697 Y112.914 E.02294
G1 X117.59 Y113.562 E.03459
G1 X118.081 Y114.112 E.02312
G1 X118.353 Y114.615 E.01793
G1 X118.529 Y115.138 E.0173
G1 X118.597 Y115.705 E.01791
G1 X118.584 Y116.118 E.01296
G1 X118.478 Y116.7 E.01855
G1 X118.241 Y117.275 E.0195
G1 X117.915 Y117.794 E.01922
G1 X117.463 Y118.258 E.02031
G1 X116.953 Y118.63 E.01979
G1 X116.337 Y118.904 E.02114
G1 X115.707 Y119.064 E.02038
G1 X115.055 Y119.093 E.02046
G1 X114.525 Y119.036 E.01671
G1 X113.9 Y118.869 E.02028
G1 X113.278 Y118.558 E.0218
G1 X113.166 Y118.444 E.00501
G1 X114.992 Y118 F9000
;TYPE:Internal infill
;WIDTH:0.44
G1 F900
G1 X115.547 Y117.984 E.01833
G1 X116.136 Y117.819 E.0202
G1 X116.648 Y117.522 E.01954
G1 X117.082 Y117.082 E.02041
G1 X113.99 Y113.99 E.14438
G1 X114.518 Y113.704 E.01983
G1 X115.211 Y113.589 E.02319
G1 X115.715 Y113.672 E.01686
G1 X116.15 Y113.864 E.0157
G1 X116.721 Y114.279 E.02331
G1 X113.634 Y117.366 E.14414
G1 X113.307 Y116.828 E.02079
G1 X113.123 Y116.223 E.02088
G1 X113.098 Y115.612 E.02019
G1 X113.198 Y115.118 E.01664
;LAYER_CHANGE
;Z:30
;HEIGHT:0.200001
;BEFORE_LAYER_CHANGE
G92 E0
;30


G1 E-3.5 F3600
;WIPE_START
G1 F7200
G1 X113.098 Y115.612 E-.23941
G1 X113.123 Y116.223 E-.29047
G1 X113.307 Y116.828 E-.30037
G1 X113.634 Y117.366 E-.29905
G1 X114.186 Y116.814 E-.3707
;WIPE_END
G1 Z30 F9000
;AFTER_LAYER_CHANGE
;30
G1 X113.874 Y117.835
G1 E5 F2400
;TYPE:Perimeter
;WIDTH:0.439999
G1 F900
G1 X113.498 Y117.421 E.01847
G1 X113.227 Y116.953 E.01786
G1 X113.056 Y116.425 E.01832
G1 X112.985 Y115.928 E.01658
G1 X113.015 Y115.434 E.01634
G1 X113.133 Y114.931 E.01706
G1 X113.424 Y114.351 E.02143
G1 X113.838 Y113.877 E.02078
G1 X114.342 Y113.534 E.02013
G1 X114.896 Y113.334 E.01945
G1 X115.431 Y113.283 E.01774
G1 X116.003 Y113.376 E.01913
G1 X116.504 Y113.597 E.01808
G1 X117.261 Y114.148 E.03091
G1 X117.473 Y114.385 E.0105
G1 X117.772 Y114.786 E.01652
G1 X117.963 Y115.312 E.01848
G1 X118.018 Y115.888 E.0191
G1 X117.924 Y116.48 E.01979
G1 X117.676 Y117.047 E.02043
G1 X117.398 Y117.42 E.01536
G1 X117.034 Y117.765 E.01656
G1 X116.622 Y118.018 E.01596
G1 X116.132 Y118.215 E.01744
G1 X115.591 Y118.304 E.0181
G1 X115.082 Y118.301 E.01681
G1 X114.554 Y118.188 E.01783
G1 X113.946 Y117.915 E.02201
G1 X113.914 Y117.88 E.00157
G1 X113.594 Y118.123 F9000
G1 F900
G1 X113.289 Y117.814 E.01434
G1 X112.943 Y117.266 E.0214
G1 X112.721 Y116.733 E.01906
G1 X112.606 Y116.123 E.0205
G1 X112.596 Y115.551 E.01889
G1 X112.71 Y114.968 E.01961
G1 X112.906 Y114.451 E.01826
G1 X113.214 Y113.973 E.01877
G1 X113.575 Y113.579 E.01764
G1 X114.019 Y113.263 E.01799
G1 X114.48 Y113.041 E.01689
G1 X114.958 Y112.922 E.01626
G1 X115.458 Y112.885 E.01655
G1 X116.117 Y112.992 E.02204
G1 X116.703 Y113.251 E.02115
G1 X117.529 Y113.851 E.03371
G1 X117.968 Y114.343 E.02177
G1 X118.174 Y114.715 E.01404
G1 X118.351 Y115.224 E.01779
G1 X118.416 Y115.9 E.02242
G1 X118.342 Y116.427 E.01757
G1 X118.184 Y116.928 E.01734
G1 X117.908 Y117.412 E.0184
G1 X117.561 Y117.833 E.01801
G1 X117.105 Y118.196 E.01924
G1 X116.61 Y118.468 E.01865
G1 X116.026 Y118.643 E.02013
G1 X115.448 Y118.714 E.01923
G1 X114.79 Y118.654 E.02182
G1 X114.244 Y118.508 E.01866
G1 X113.709 Y118.24 E.01976
G1 X113.636 Y118.166 E.00343
G1 X113.324 Y118.401 F9000
;TYPE:External perimeter
;WIDTH:0.419999
G1 F900
G1 X112.99 Y118.063 E.0149
G1 X112.6 Y117.446 E.02289
G1 X112.35 Y116.845 E.02041
G1 X112.221 Y116.163 E.02176
G1 X112.21 Y115.518 E.02023
G1 X112.338 Y114.863 E.02093
G1 X112.559 Y114.277 E.01964
G1 X112.907 Y113.737 E.02014
G1 X113.317 Y113.289 E.01904
G1 X113.822 Y112.93 E.01943
G1 X114.349 Y112.676 E.01834
G1 X114.96 Y112.53 E.0197
G1 X115.484 Y112.497 E.01646
G1 X116.228 Y112.618 E.02363
G1 X116.897 Y112.914 E.02294
G1 X117.79 Y113.562 E.03459
G1 X118.281 Y114.112 E.02312
G1 X118.553 Y114.615 E.01793
G1 X118.729 Y115.138 E.0173
G1 X118.797 Y115.705 E.01791
G1 X118.784 Y116.118 E.01296
G1 X118.678 Y116.7 E.01855
G1 X118.441 Y117.275 E.0195
G1 X118.115 Y117.794 E.01922
G1 X117.663 Y118.258 E.02031
G1 X117.153 Y118.63 E.01979
G1 X116.537 Y118.904 E.02114
G1 X115.907 Y119.064 E.02038
G1 X115.255 Y119.093 E.02046
G1 X114.725 Y119.036 E.01671
G1 X114.1 Y118.869 E.02028
G1 X113.478 Y118.558 E.0218
G1 X113.366 Y118.444 E.00501
G1 E-3.5 F3600
;WIPE_START
G1 F7200
G1 X113.324 Y118.401 E-.02855
G1 X112.99 Y118.063 E-.22571
G1 X112.6 Y117.446 E-.34671
G1 X112.35 Y116.845 E-.30919
G1 X112.221 Y116.163 E-.32969
G1 X112.211 Y115.615 E-.26015
;WIPE_END
G1 X113.324 Y116.227 F9000
G1 E5 F2400
;TYPE:Internal infill
;WIDTH:0.44
G1 F900
G1 X113.298 Y115.612 E.02032
G1 X113.422 Y115.033 E.01955
G1 X113.679 Y114.522 E.01889
G1 X114.078 Y114.078 E.01971
G1 X116.726 Y116.726 E.12364
G1 X116.911 Y116.407 E.01218
G1 X117.19 Y115.548 E.02982
G1 X117.007 Y114.863 E.02341
G1 X116.835 Y114.455 E.01462
G1 X117.011 Y114.344 E.00687
G1 X116.805 Y114.195 E.00839
G1 X113.751 Y117.249 E.1426
G1 X113.792 Y117.307 E.00235
G1 X113.899 Y117.151 E.00625
G1 X114.468 Y117.401 E.02052
G1 X114.986 Y117.519 E.01754
G1 X115.496 Y117.504 E.01685
G1 X115.935 Y117.379 E.01507
G1 X116.599 Y117.554 F9000
;TYPE:Solid infill
;WIDTH:0.632122
G1 F900
G1 X116.301 Y117.735 E.01708
;WIDTH:0.618808
G1 X115.737 Y117.917 E.02838
;WIDTH:0.571124
G1 X115.119 Y117.954 E.02719
;WIDTH:0.521532
G1 X114.861 Y117.909 E.01042
;WIDTH:0.490722
G1 X114.602 Y117.864 E.00979
;WIDTH:0.459912
G1 X114.125 Y117.667 E.01789
G1 E-3.5 F3600
;WIPE_START
G1 F7200
G1 X114.602 Y117.864 E-.24514
G1 X114.861 Y117.909 E-.12487
G1 X115.119 Y117.954 E-.1244
G1 X115.737 Y117.917 E-.29408
G1 X116.301 Y117.735 E-.2815
G1 X116.599 Y117.554 E-.16561
;WIPE_END
G1 E-.2644 F3600
G1 X117.639 Y115.648 F9000
G1 E5 F2400
;WIDTH:0.565532
G1 F900
G1 X117.658 Y115.777 E.00567
;WIDTH:0.516663
G1 X117.677 Y115.905 E.0051
;WIDTH:0.467793
G1 X117.696 Y116.033 E.00457
;WIDTH:0.418923
G1 X117.715 Y116.161 E.00405
;WIDTH:0.377152
G1 X117.555 Y116.677 E.01501
G1 X117.267 Y117.156 E.01553
;WIDTH:0.370386
G1 X117.02 Y117.417 E.00978
;WIDTH:0.393082
G1 X116.95 Y117.44 E.00215
;WIDTH:0.44089
G1 X116.88 Y117.463 E.00244
;WIDTH:0.488698
G1 X116.81 Y117.486 E.00273
;WIDTH:0.536506
G1 X116.739 Y117.508 E.00305
;WIDTH:0.584314
G1 X116.669 Y117.531 E.00332
;WIDTH:0.632122
G1 X116.599 Y117.554 E.00361
G1 X116.637 Y117.495 E.00344
;WIDTH:0.58523
G1 X116.675 Y117.436 E.00316
;WIDTH:0.538338
G1 X116.712 Y117.377 E.00287
;WIDTH:0.491446
G1 X116.75 Y117.318 E.00262
;WIDTH:0.444554
G1 X116.788 Y117.259 E.00234
;WIDTH:0.397661
G1 X116.963 Y117.028 E.00855
;WIDTH:0.373851
G1 X117.24 Y116.563 E.01489
G1 X117.403 Y116.065 E.01442
;WIDTH:0.40821
G1 X117.449 Y115.984 E.00283
;WIDTH:0.446367
G1 X117.495 Y115.902 E.00315
;WIDTH:0.484523
G1 X117.541 Y115.821 E.00342
;WIDTH:0.525028
G1 X117.59 Y115.735 E.00397
;WIDTH:0.565532
G1 X117.639 Y115.648 E.00434
G1 X117.614 Y115.464 E.00807
;WIDTH:0.53689
G1 X117.589 Y115.279 E.00767
;WIDTH:0.508248
G1 X117.491 Y115.018 E.01079
;WIDTH:0.477121
G1 X117.393 Y114.758 E.01003
;LAYER_CHANGE
;Z:30.2
;HEIGHT:0.200001
;BEFORE_LAYER_CHANGE
G92 E0
;30.2


G1 E-3.5 F3600
;WIPE_START
G1 F7200
G1 X117.491 Y115.018 E-.13198
G1 X117.589 Y115.279 E-.13243
G1 X117.614 Y115.464 E-.08867
G1 X117.639 Y115.648 E-.0882
G1 X117.59 Y115.735 E-.04743
G1 X117.541 Y115.821 E-.04702
G1 X117.495 Y115.902 E-.04425
G1 X117.449 Y115.984 E-.04466
G1 X117.403 Y116.065 E-.04425
G1 X117.24 Y116.563 E-.2489
G1 X116.963 Y117.028 E-.25709
G1 X116.788 Y117.259 E-.13766
G1 X116.75 Y117.318 E-.03333
G1 X116.712 Y117.377 E-.03333
G1 X116.675 Y117.436 E-.03308
G1 X116.637 Y117.495 E-.03333
G1 X116.599 Y117.554 E-.03333
G1 X116.641 Y117.54 E-.02106
;WIPE_END
G1 Z30.2 F9000
;AFTER_LAYER_CHANGE
;30.2
G1 X112.645 Y116.317
G1 E5 F2400
;TYPE:Perimeter
;WIDTH:0.439999
G1 F900
G1 X112.587 Y115.928 E.01299
G1 X112.624 Y115.366 E.0186
G1 X112.741 Y114.877 E.0166
G1 X112.961 Y114.407 E.01713
G1 X113.259 Y113.978 E.01725
G1 X113.616 Y113.643 E.01616
G1 X114.039 Y113.362 E.01677
G1 X114.639 Y113.143 E.02109
G1 X115.255 Y113.082 E.02044
G1 X115.847 Y113.176 E.01979
G1 X116.378 Y113.406 E.01911
G1 X116.796 Y113.73 E.01746
G1 X117.142 Y114.181 E.01877
G1 X117.373 Y114.729 E.01964
G1 X117.557 Y115.318 E.02037
G1 X117.595 Y116.14 E.02717
G1 X117.441 Y116.678 E.01848
G1 X117.147 Y117.176 E.01909
G1 X116.723 Y117.6 E.0198
G1 X116.189 Y117.913 E.02044
G1 X115.745 Y118.051 E.01535
G1 X115.248 Y118.117 E.01655
G1 X114.765 Y118.079 E.016
G1 X114.254 Y117.95 E.0174
G1 X113.764 Y117.704 E.0181
G1 X113.354 Y117.403 E.01679
G1 X112.993 Y117.001 E.01784
G1 X112.661 Y116.422 E.02204
G1 X112.654 Y116.376 E.00154
G1 X112.254 Y116.384 F9000
G1 F900
G1 X112.219 Y116.155 E.00765
G1 X112.193 Y115.708 E.01478
G1 X112.256 Y115.14 E.01887
G1 X112.452 Y114.54 E.02084
G1 X112.721 Y114.03 E.01904
G1 X113.107 Y113.567 E.0199
G1 X113.532 Y113.203 E.01848
G1 X114.04 Y112.928 E.01907
G1 X114.551 Y112.755 E.01781
G1 X115.1 Y112.69 E.01825
G1 X115.619 Y112.718 E.01716
G1 X116.111 Y112.849 E.01681
G1 X116.582 Y113.064 E.01709
G1 X117.088 Y113.458 E.02117
G1 X117.488 Y113.98 E.02171
G1 X117.746 Y114.592 E.02193
G1 X117.948 Y115.238 E.02235
G1 X117.981 Y115.561 E.01072
G1 X117.999 Y116.079 E.01711
G1 X117.919 Y116.521 E.01483
G1 X117.726 Y116.993 E.01684
G1 X117.462 Y117.42 E.01658
G1 X117.093 Y117.803 E.01756
G1 X116.67 Y118.115 E.01735
G1 X116.163 Y118.344 E.01837
G1 X115.635 Y118.482 E.01802
G1 X115.052 Y118.507 E.01927
G1 X114.492 Y118.436 E.01864
G1 X113.916 Y118.234 E.02015
G1 X113.407 Y117.952 E.01921
G1 X112.91 Y117.517 E.02181
G1 X112.554 Y117.078 E.01866
G1 X112.279 Y116.547 E.01974
G1 X112.263 Y116.444 E.00344
G1 X111.873 Y116.45 F9000
;TYPE:External perimeter
;WIDTH:0.419999
G1 F900
G1 X111.801 Y115.98 E.01491
G1 X111.836 Y115.335 E.02025
G1 X111.945 Y114.813 E.01672
G1 X112.174 Y114.202 E.02046
G1 X112.542 Y113.625 E.02146
G1 X112.972 Y113.151 E.02007
G1 X113.508 Y112.767 E.02067
G1 X114.065 Y112.495 E.01944
G1 X114.68 Y112.342 E.01987
G1 X115.279 Y112.297 E.01883
G1 X115.885 Y112.38 E.01918
G1 X116.436 Y112.554 E.01812
G1 X116.973 Y112.863 E.01943
G1 X117.373 Y113.194 E.01628
G1 X117.825 Y113.784 E.0233
G1 X118.11 Y114.459 E.02297
G1 X118.329 Y115.159 E.023
G1 X118.373 Y115.584 E.0134
G1 X118.372 Y116.259 E.02116
G1 X118.224 Y116.818 E.01813
G1 X117.988 Y117.333 E.01776
G1 X117.632 Y117.813 E.01874
G1 X117.204 Y118.221 E.01854
G1 X116.674 Y118.547 E.01951
G1 X116.106 Y118.775 E.01919
G1 X115.468 Y118.885 E.0203
G1 X114.836 Y118.886 E.01982
G1 X114.177 Y118.746 E.02112
G1 X113.572 Y118.505 E.02042
G1 X113.028 Y118.146 E.02044
G1 X112.633 Y117.787 E.01674
G1 X112.225 Y117.285 E.02028
G1 X111.906 Y116.668 E.02178
G1 X111.882 Y116.51 E.00501
G1 X112.896 Y115.93 F9000
;TYPE:Internal infill
;WIDTH:0.44
G1 F900
G1 X112.945 Y115.285 E.02136
G1 X113.152 Y114.688 E.02086
G1 X113.491 Y114.178 E.02022
G1 X113.849 Y113.849 E.01605
G1 X116.939 Y116.939 E.14428
G1 X117.16 Y116.557 E.01457
G1 X117.31 Y115.902 E.02219
G1 X117.256 Y115.38 E.01733
G1 X117.086 Y114.835 E.01885
G1 X116.783 Y114.217 E.02273
G1 X113.707 Y117.293 E.14363
G1 X114.078 Y117.537 E.01466
G1 X114.652 Y117.75 E.02021
G1 X115.24 Y117.811 E.01952
G1 X115.955 Y117.672 E.02405
;LAYER_CHANGE
;Z:30.4
;HEIGHT:0.199999
;BEFORE_LAYER_CHANGE
G92 E0
;30.4


G1 E-3.5 F3600
;WIPE_START
G1 F7200
G1 X115.24 Y117.811 E-.34598
G1 X114.652 Y117.75 E-.2808
G1 X114.078 Y117.537 E-.29082
G1 X113.707 Y117.293 E-.21092
G1 X114.26 Y116.74 E-.37148
;WIPE_END
G1 Z30.4 F9000
;AFTER_LAYER_CHANGE
;30.4
G1 X112.65 Y114.684
G1 E5 F2400
;TYPE:Perimeter
;WIDTH:0.439999
G1 F900
G1 X112.661 Y114.578 E.00352
G1 X112.993 Y113.999 E.02204
G1 X113.354 Y113.597 E.01784
G1 X113.804 Y113.271 E.01835
G1 X114.254 Y113.05 E.01655
G1 X114.734 Y112.926 E.01637
G1 X115.248 Y112.883 E.01703
G1 X115.89 Y112.981 E.02144
G1 X116.468 Y113.228 E.02075
G1 X116.95 Y113.6 E.0201
G1 X117.311 Y114.066 E.01946
G1 X117.536 Y114.589 E.0188
G1 X117.597 Y115.139 E.01827
G1 X117.568 Y115.647 E.0168
G1 X117.269 Y116.567 E.03194
G1 X117.109 Y116.842 E.0105
G1 X116.819 Y117.25 E.01653
G1 X116.378 Y117.594 E.01847
G1 X115.847 Y117.824 E.01911
G1 X115.256 Y117.918 E.01976
G1 X114.639 Y117.857 E.02047
G1 X114.199 Y117.708 E.01534
G1 X113.758 Y117.469 E.01656
G1 X113.39 Y117.155 E.01597
G1 X113.052 Y116.75 E.01742
G1 X112.8 Y116.263 E.0181
G1 X112.645 Y115.778 E.01681
G1 X112.59 Y115.241 E.01782
G1 X112.643 Y114.744 E.0165
G1 X112.254 Y114.616 F9000
G1 F900
G1 X112.279 Y114.453 E.00544
G1 X112.554 Y113.922 E.01974
G1 X112.968 Y113.424 E.02138
G1 X113.407 Y113.048 E.01908
G1 X113.951 Y112.75 E.02048
G1 X114.492 Y112.564 E.01889
G1 X115.082 Y112.492 E.01962
G1 X115.635 Y112.519 E.01828
G1 X116.184 Y112.664 E.01875
G1 X116.67 Y112.885 E.01763
G1 X117.107 Y113.209 E.01796
G1 X117.462 Y113.58 E.01695
G1 X117.725 Y114.004 E.01647
G1 X117.919 Y114.479 E.01694
G1 X117.998 Y115.295 E.02707
G1 X117.954 Y115.741 E.0148
G1 X117.633 Y116.73 E.03433
G1 X117.302 Y117.3 E.02176
G1 X116.857 Y117.748 E.02085
G1 X116.423 Y118.017 E.01686
G1 X115.959 Y118.206 E.01654
G1 X115.435 Y118.3 E.01758
G1 X114.91 Y118.303 E.01733
G1 X114.364 Y118.19 E.01841
G1 X113.856 Y117.991 E.01801
G1 X113.37 Y117.669 E.01925
G1 X112.959 Y117.283 E.01862
G1 X112.611 Y116.781 E.02017
G1 X112.365 Y116.254 E.0192
G1 X112.219 Y115.61 E.0218
G1 X112.189 Y115.045 E.01868
G1 X112.245 Y114.675 E.01236
G1 X111.873 Y114.55 F9000
;TYPE:External perimeter
;WIDTH:0.419999
G1 F900
G1 X111.906 Y114.332 E.00691
G1 X112.225 Y113.715 E.02178
G1 X112.504 Y113.345 E.01453
G1 X112.98 Y112.892 E.0206
G1 X113.397 Y112.601 E.01594
G1 X113.981 Y112.313 E.02042
G1 X114.637 Y112.147 E.02122
G1 X115.267 Y112.098 E.01981
G1 X115.912 Y112.183 E.0204
G1 X116.499 Y112.365 E.01927
G1 X117.044 Y112.671 E.0196
G1 X117.506 Y113.045 E.01864
G1 X117.886 Y113.517 E.019
G1 X118.163 Y114.012 E.01779
G1 X118.323 Y114.518 E.01664
G1 X118.385 Y115.285 E.02413
G1 X118.331 Y115.833 E.01727
G1 X117.988 Y116.889 E.03481
G1 X117.618 Y117.526 E.0231
G1 X117.377 Y117.802 E.01149
G1 X116.928 Y118.168 E.01816
G1 X116.436 Y118.446 E.01772
G1 X115.865 Y118.624 E.01875
G1 X115.279 Y118.703 E.01854
G1 X114.659 Y118.655 E.0195
G1 X114.065 Y118.505 E.01921
G1 X113.484 Y118.219 E.0203
G1 X112.972 Y117.849 E.01981
G1 X112.521 Y117.348 E.02114
G1 X112.174 Y116.798 E.02039
G1 X111.945 Y116.187 E.02046
G1 X111.836 Y115.665 E.01672
G1 X111.801 Y115.02 E.02025
G1 X111.864 Y114.609 E.01304
G1 X112.967 Y115.712 F9000
;TYPE:Solid infill
;WIDTH:0.520883
G1 F900
G1 X112.973 Y115.556 E.0062
;WIDTH:0.558616
G1 X112.979 Y115.4 E.00669
;WIDTH:0.596349
G1 X112.985 Y115.245 E.00714
;WIDTH:0.634082
G1 X112.991 Y115.089 E.00767
;WIDTH:0.66923
G1 X113.037 Y114.902 E.01003
;WIDTH:0.704378
G1 X113.084 Y114.715 E.0106
G1 X113.348 Y114.248 E.02951
;WIDTH:0.671126
G1 X113.745 Y113.819 E.03053
;WIDTH:0.641282
G1 X114.278 Y113.473 E.03162
;WIDTH:0.59578
G1 X114.844 Y113.279 E.02751
;WIDTH:0.560288
G1 X115.116 Y113.262 E.01172
;WIDTH:0.532241
G1 X115.388 Y113.245 E.01109
;WIDTH:0.504194
G1 X115.971 Y113.353 E.02274
;WIDTH:0.460396
G1 X116.473 Y113.591 E.01929
;WIDTH:0.411342
G1 X116.72 Y113.779 E.00951
G1 E-3.5 F3600
;WIPE_START
G1 F7200
G1 X116.473 Y113.591 E-.14744
G1 X115.971 Y113.353 E-.26389
G1 X115.388 Y113.245 E-.28164
G1 X115.116 Y113.262 E-.12945
G1 X114.844 Y113.279 E-.12945
G1 X114.278 Y113.473 E-.2842
G1 X113.812 Y113.776 E-.26393
;WIPE_END
G1 X113.461 Y115.203 F9000
G1 E5 F2400
;TYPE:Internal infill
;WIDTH:0.44
G1 F900
G1 X113.381 Y115.619 E.01399
G1 X113.422 Y116.368 E.02477
G1 X113.208 Y116.409 E.00719
G1 X113.491 Y116.822 E.01653
G1 X113.849 Y117.151 E.01605
G1 X116.746 Y114.254 E.13527
G1 X116.309 Y113.937 E.01783
G1 X115.891 Y113.752 E.01509
G1 X115.405 Y113.673 E.01626
G1 X114.747 Y113.782 E.02202
G1 X114.137 Y114.137 E.0233
G1 X116.787 Y116.787 E.12374
G1 X116.423 Y117.193 E.018
G1 X116 Y117.444 E.01624
G1 X115.246 Y117.611 E.0255
G1 X114.687 Y117.553 E.01856
;LAYER_CHANGE
;Z:30.6
;HEIGHT:0.200001
;BEFORE_LAYER_CHANGE
G92 E0
;30.6


G1 E-3.5 F3600
;WIPE_START
G1 F7200
G1 X115.246 Y117.611 E-.26695
G1 X116 Y117.444 E-.36683
G1 X116.423 Y117.193 E-.23364
G1 X116.787 Y116.787 E-.25901
G1 X116.231 Y116.231 E-.37357
;WIPE_END
G1 Z30.6 F9000
;AFTER_LAYER_CHANGE
;30.6
G1 X112.85 Y114.684
G1 E5 F2400
;TYPE:Perimeter
;WIDTH:0.439999
G1 F900
G1 X112.861 Y114.578 E.00352
G1 X113.193 Y113.999 E.02204
G1 X113.554 Y113.597 E.01784
G1 X114.004 Y113.271 E.01835
G1 X114.454 Y113.05 E.01655
G1 X114.934 Y112.926 E.01637
G1 X115.448 Y112.883 E.01703
G1 X116.09 Y112.981 E.02144
G1 X116.668 Y113.228 E.02075
G1 X117.15 Y113.6 E.0201
G1 X117.511 Y114.066 E.01946
G1 X117.736 Y114.589 E.0188
G1 X117.797 Y115.139 E.01827
G1 X117.768 Y115.647 E.0168
G1 X117.469 Y116.567 E.03194
G1 X117.309 Y116.842 E.0105
G1 X117.019 Y117.25 E.01653
G1 X116.578 Y117.594 E.01847
G1 X116.047 Y117.824 E.01911
G1 X115.456 Y117.918 E.01976
G1 X114.839 Y117.857 E.02047
G1 X114.399 Y117.708 E.01534
G1 X113.958 Y117.469 E.01656
G1 X113.59 Y117.155 E.01597
G1 X113.252 Y116.75 E.01742
G1 X113 Y116.263 E.0181
G1 X112.845 Y115.778 E.01681
G1 X112.79 Y115.241 E.01782
G1 X112.843 Y114.744 E.0165
G1 X112.454 Y114.616 F9000
G1 F900
G1 X112.479 Y114.453 E.00544
G1 X112.754 Y113.922 E.01974
G1 X113.168 Y113.424 E.02138
G1 X113.607 Y113.048 E.01908
G1 X114.151 Y112.75 E.02048
G1 X114.692 Y112.564 E.01889
G1 X115.282 Y112.492 E.01962
G1 X115.835 Y112.519 E.01828
G1 X116.384 Y112.664 E.01875
G1 X116.87 Y112.885 E.01763
G1 X117.307 Y113.209 E.01796
G1 X117.662 Y113.58 E.01695
G1 X117.925 Y114.004 E.01647
G1 X118.119 Y114.479 E.01694
G1 X118.198 Y115.295 E.02707
G1 X118.154 Y115.741 E.0148
G1 X117.833 Y116.73 E.03433
G1 X117.502 Y117.3 E.02176
G1 X117.057 Y117.748 E.02085
G1 X116.623 Y118.017 E.01686
G1 X116.159 Y118.206 E.01654
G1 X115.635 Y118.3 E.01758
G1 X115.11 Y118.303 E.01733
G1 X114.564 Y118.19 E.01841
G1 X114.056 Y117.991 E.01801
G1 X113.57 Y117.669 E.01925
G1 X113.159 Y117.283 E.01862
G1 X112.811 Y116.781 E.02017
G1 X112.565 Y116.254 E.0192
G1 X112.419 Y115.61 E.0218
G1 X112.389 Y115.045 E.01868
G1 X112.445 Y114.675 E.01236
G1 X112.073 Y114.55 F9000
;TYPE:External perimeter
;WIDTH:0.419999
G1 F900
G1 X112.106 Y114.332 E.00691
G1 X112.425 Y113.715 E.02178
G1 X112.704 Y113.345 E.01453
G1 X113.18 Y112.892 E.0206
G1 X113.597 Y112.601 E.01594
G1 X114.181 Y112.313 E.02042
G1 X114.836 Y112.147 E.02119
G1 X115.467 Y112.098 E.01984
G1 X116.112 Y112.183 E.0204
G1 X116.699 Y112.365 E.01927
G1 X117.244 Y112.671 E.0196
G1 X117.706 Y113.045 E.01864
G1 X118.086 Y113.517 E.019
G1 X118.363 Y114.012 E.01779
G1 X118.523 Y114.518 E.01664
G1 X118.585 Y115.285 E.02413
G1 X118.531 Y115.833 E.01727
G1 X118.188 Y116.889 E.03481
G1 X117.818 Y117.526 E.0231
G1 X117.577 Y117.802 E.01149
G1 X117.128 Y118.168 E.01816
G1 X116.636 Y118.446 E.01772
G1 X116.065 Y118.624 E.01875
G1 X115.479 Y118.703 E.01854
G1 X114.859 Y118.655 E.0195
G1 X114.265 Y118.505 E.01921
G1 X113.684 Y118.219 E.0203
G1 X113.172 Y117.849 E.01981
G1 X112.721 Y117.348 E.02114
G1 X112.374 Y116.798 E.02039
G1 X112.145 Y116.187 E.02046
G1 X112.036 Y115.665 E.01672
G1 X112.001 Y115.02 E.02025
G1 X112.064 Y114.609 E.01304
G1 X113.208 Y115.943 F9000
;TYPE:Internal infill
;WIDTH:0.44
G1 F900
G1 X113.098 Y115.394 E.01849
G1 X113.156 Y114.673 E.02388
G1 X113.351 Y114.298 E.01396
G1 X113.795 Y113.795 E.02215
G1 X116.91 Y116.91 E.14545
G1 X117.188 Y116.441 E.018
G1 X117.497 Y115.408 E.0356
G1 X117.442 Y114.673 E.02434
G1 X117.247 Y114.221 E.01625
G1 X117.051 Y113.949 E.01107
G1 X113.937 Y117.063 E.1454
G1 X114.38 Y117.366 E.01772
G1 X114.907 Y117.559 E.01853
G1 X115.446 Y117.611 E.01788
G1 X116.166 Y117.457 E.02431
;LAYER_CHANGE
;Z:30.8
;HEIGHT:0.199999
;BEFORE_LAYER_CHANGE
G92 E0
;30.8


G1 E-3.5 F3600
;WIPE_START
G1 F7200
G1 X115.446 Y117.611 E-.34974
G1 X114.907 Y117.559 E-.25721
G1 X114.38 Y117.366 E-.26658
G1 X113.937 Y117.063 E-.25494
G1 X114.49 Y116.51 E-.37153
;WIPE_END
G1 Z30.8 F9000
;AFTER_LAYER_CHANGE
;30.8
G1 X113.674 Y113.165
G1 E5 F2400
;TYPE:Perimeter
;WIDTH:0.439999
G1 F900
G1 X113.746 Y113.085 E.00355
G1 X114.354 Y112.812 E.02201
G1 X114.877 Y112.7 E.01766
G1 X115.436 Y112.7 E.01846
G1 X115.932 Y112.785 E.01662
G1 X116.393 Y112.967 E.01636
G1 X116.834 Y113.235 E.01704
G1 X117.296 Y113.691 E.02143
G1 X117.619 Y114.231 E.02078
G1 X117.79 Y114.816 E.02012
G1 X117.814 Y115.249 E.01432
G1 X117.782 Y115.567 E.01055
G1 X117.643 Y116.05 E.01659
G1 X117.409 Y116.44 E.01502
G1 X117.086 Y116.834 E.01682
G1 X116.304 Y117.403 E.03193
G1 X116.013 Y117.531 E.0105
G1 X115.539 Y117.691 E.01652
G1 X114.98 Y117.71 E.01847
G1 X114.415 Y117.585 E.01911
G1 X113.881 Y117.312 E.0198
G1 X113.418 Y116.901 E.02044
G1 X113.15 Y116.522 E.01533
G1 X112.933 Y116.069 E.01658
G1 X112.82 Y115.598 E.01599
G1 X112.785 Y115.072 E.01741
G1 X112.867 Y114.529 E.01813
G1 X113.027 Y114.047 E.01677
G1 X113.298 Y113.579 E.01786
G1 X113.634 Y113.209 E.0165
G1 X113.394 Y112.877 F9000
G1 F900
G1 X113.509 Y112.76 E.00542
G1 X113.863 Y112.582 E.01308
G1 X114.28 Y112.42 E.01477
G1 X114.837 Y112.304 E.01879
G1 X115.468 Y112.305 E.02083
G1 X116.039 Y112.402 E.01912
G1 X116.599 Y112.626 E.01991
G1 X117.076 Y112.919 E.01848
G1 X117.494 Y113.316 E.01903
G1 X117.818 Y113.749 E.01786
G1 X118.048 Y114.25 E.0182
G1 X118.183 Y114.753 E.0172
G1 X118.21 Y115.262 E.01683
G1 X118.151 Y115.776 E.01708
G1 X117.932 Y116.379 E.02118
G1 X117.641 Y116.802 E.01695
G1 X117.344 Y117.138 E.01481
G1 X116.503 Y117.749 E.03432
G1 X115.9 Y118.015 E.02176
G1 X115.277 Y118.116 E.02084
G1 X114.768 Y118.079 E.01685
G1 X114.28 Y117.959 E.01659
G1 X113.802 Y117.727 E.01754
G1 X113.375 Y117.421 E.01734
G1 X113 Y117.009 E.01839
G1 X112.706 Y116.549 E.01803
G1 X112.502 Y116.003 E.01924
G1 X112.396 Y115.449 E.01862
G1 X112.41 Y114.839 E.02015
G1 X112.521 Y114.267 E.01924
G1 X112.781 Y113.66 E.0218
G1 X113.089 Y113.186 E.01866
G1 X113.352 Y112.919 E.01237
G1 X113.124 Y112.599 F9000
;TYPE:External perimeter
;WIDTH:0.419999
G1 F900
G1 X113.278 Y112.442 E.0069
G1 X113.69 Y112.236 E.01444
G1 X114.167 Y112.049 E.01606
G1 X114.798 Y111.918 E.02021
G1 X115.5 Y111.919 E.02201
G1 X116.144 Y112.029 E.02048
G1 X116.772 Y112.28 E.0212
G1 X117.312 Y112.611 E.01986
G1 X117.783 Y113.059 E.02038
G1 X118.151 Y113.551 E.01926
G1 X118.412 Y114.119 E.0196
G1 X118.566 Y114.692 E.0186
G1 X118.591 Y115.48 E.02472
G1 X118.463 Y116.086 E.01942
G1 X118.272 Y116.569 E.01629
G1 X117.96 Y117.022 E.01725
G1 X117.595 Y117.434 E.01726
G1 X116.697 Y118.086 E.03479
G1 X116.022 Y118.384 E.02313
G1 X115.666 Y118.466 E.01145
G1 X115.088 Y118.498 E.01815
G1 X114.526 Y118.433 E.01774
G1 X113.959 Y118.242 E.01876
G1 X113.439 Y117.961 E.01853
G1 X112.965 Y117.558 E.01951
G1 X112.572 Y117.088 E.01921
G1 X112.271 Y116.515 E.02029
G1 X112.075 Y115.914 E.01982
G1 X112.004 Y115.244 E.02112
G1 X112.046 Y114.595 E.02039
G1 X112.22 Y113.967 E.02043
G1 X112.439 Y113.48 E.01674
G1 X112.79 Y112.937 E.02027
G1 X113.082 Y112.642 E.01301
G1 E-3.5 F3600
;WIPE_START
G1 F7200
G1 X113.124 Y112.599 E-.02855
G1 X113.278 Y112.442 E-.10446
G1 X113.69 Y112.236 E-.2188
G1 X114.167 Y112.049 E-.24336
G1 X114.798 Y111.918 E-.30612
G1 X115.5 Y111.919 E-.33345
G1 X116.05 Y112.013 E-.26526
;WIPE_END
G1 X115.823 Y113.075 F9000
G1 E5 F2400
;TYPE:Internal infill
;WIDTH:0.44
G1 F900
G1 X115.389 Y113.003 E.01453
G1 X114.595 Y113.058 E.02628
G1 X113.928 Y113.336 E.02386
G1 X113.634 Y113.634 E.01382
G1 X116.721 Y116.721 E.14414
G1 X116.15 Y117.136 E.02331
G1 X115.489 Y117.388 E.02336
G1 X114.762 Y117.367 E.02401
G1 X114.281 Y117.194 E.01688
G1 X113.99 Y117.01 E.01137
G1 X117.082 Y113.918 E.14438
G1 X117.43 Y114.606 E.02546
G1 X117.512 Y115.121 E.01722
G1 X117.464 Y115.621 E.01658
G1 X117.236 Y116.152 E.01908
;LAYER_CHANGE
;Z:31
;HEIGHT:0.200001
;BEFORE_LAYER_CHANGE
G92 E0
;31


G1 E-3.5 F3600
;WIPE_START
G1 F7200
G1 X117.464 Y115.621 E-.27449
G1 X117.512 Y115.121 E-.23859
G1 X117.43 Y114.606 E-.24771
G1 X117.082 Y113.918 E-.36623
G1 X116.527 Y114.473 E-.37298
;WIPE_END
G1 Z31 F9000
;AFTER_LAYER_CHANGE
;31
G1 X113.843 Y113.042
G1 E5 F2400
;TYPE:Perimeter
;WIDTH:0.439999
G1 F900
G1 X114.354 Y112.812 E.0185
G1 X114.877 Y112.7 E.01766
G1 X115.436 Y112.7 E.01846
G1 X115.932 Y112.785 E.01662
G1 X116.393 Y112.967 E.01636
G1 X116.834 Y113.235 E.01704
G1 X117.296 Y113.691 E.02143
G1 X117.619 Y114.231 E.02078
G1 X117.79 Y114.816 E.02012
G1 X117.814 Y115.249 E.01432
G1 X117.782 Y115.567 E.01055
G1 X117.643 Y116.05 E.01659
G1 X117.409 Y116.44 E.01502
G1 X117.086 Y116.834 E.01682
G1 X116.304 Y117.403 E.03193
G1 X116.013 Y117.531 E.0105
G1 X115.539 Y117.691 E.01652
G1 X114.98 Y117.71 E.01847
G1 X114.415 Y117.585 E.01911
G1 X113.881 Y117.312 E.0198
G1 X113.418 Y116.901 E.02044
G1 X113.15 Y116.522 E.01533
G1 X112.933 Y116.069 E.01658
G1 X112.82 Y115.598 E.01599
G1 X112.785 Y115.072 E.01741
G1 X112.867 Y114.529 E.01813
G1 X113.027 Y114.047 E.01677
G1 X113.298 Y113.579 E.01786
G1 X113.746 Y113.085 E.02202
G1 X113.789 Y113.066 E.00155
G1 X113.656 Y112.686 F9000
G1 F900
G1 X113.863 Y112.582 E.00765
G1 X114.28 Y112.42 E.01477
G1 X114.837 Y112.304 E.01879
G1 X115.468 Y112.305 E.02083
G1 X116.039 Y112.402 E.01912
G1 X116.599 Y112.626 E.01991
G1 X117.076 Y112.919 E.01848
G1 X117.494 Y113.316 E.01903
G1 X117.818 Y113.749 E.01786
G1 X118.048 Y114.25 E.0182
G1 X118.183 Y114.753 E.0172
G1 X118.21 Y115.262 E.01683
G1 X118.151 Y115.776 E.01708
G1 X117.932 Y116.379 E.02118
G1 X117.641 Y116.802 E.01695
G1 X117.344 Y117.138 E.01481
G1 X116.503 Y117.749 E.03432
G1 X115.9 Y118.015 E.02176
G1 X115.277 Y118.116 E.02084
G1 X114.768 Y118.079 E.01685
G1 X114.28 Y117.959 E.01659
G1 X113.802 Y117.727 E.01754
G1 X113.375 Y117.421 E.01734
G1 X113 Y117.009 E.01839
G1 X112.706 Y116.549 E.01803
G1 X112.502 Y116.003 E.01924
G1 X112.396 Y115.449 E.01862
G1 X112.41 Y114.839 E.02015
G1 X112.521 Y114.267 E.01924
G1 X112.781 Y113.66 E.0218
G1 X113.089 Y113.186 E.01866
G1 X113.509 Y112.76 E.01975
G1 X113.602 Y112.713 E.00344
G1 X113.475 Y112.344 F9000
;TYPE:External perimeter
;WIDTH:0.419999
G1 F900
G1 X113.69 Y112.236 E.00754
G1 X114.167 Y112.049 E.01606
G1 X114.798 Y111.918 E.02021
G1 X115.5 Y111.919 E.02201
G1 X116.144 Y112.029 E.02048
G1 X116.772 Y112.28 E.0212
G1 X117.312 Y112.611 E.01986
G1 X117.783 Y113.059 E.02038
G1 X118.151 Y113.551 E.01926
G1 X118.412 Y114.119 E.0196
G1 X118.566 Y114.692 E.0186
G1 X118.591 Y115.48 E.02472
G1 X118.463 Y116.086 E.01942
G1 X118.272 Y116.569 E.01629
G1 X117.96 Y117.022 E.01725
G1 X117.595 Y117.434 E.01726
G1 X116.697 Y118.086 E.03479
G1 X116.022 Y118.384 E.02313
G1 X115.666 Y118.466 E.01145
G1 X115.088 Y118.498 E.01815
G1 X114.526 Y118.433 E.01774
G1 X113.959 Y118.242 E.01876
G1 X113.439 Y117.961 E.01853
G1 X112.965 Y117.558 E.01951
G1 X112.572 Y117.088 E.01921
G1 X112.271 Y116.515 E.02029
G1 X112.075 Y115.914 E.01982
G1 X112.004 Y115.244 E.02112
G1 X112.046 Y114.595 E.02039
G1 X112.22 Y113.967 E.02043
G1 X112.439 Y113.48 E.01674
G1 X112.79 Y112.937 E.02027
G1 X113.278 Y112.442 E.02179
G1 X113.422 Y112.371 E.00503
G1 E-3.5 F3600
;WIPE_START
G1 F7200
G1 X113.475 Y112.344 E-.02825
G1 X113.69 Y112.236 E-.11429
G1 X114.167 Y112.049 E-.24336
G1 X114.798 Y111.918 E-.30612
G1 X115.5 Y111.919 E-.33345
G1 X116.144 Y112.029 E-.31033
G1 X116.465 Y112.157 E-.1642
;WIPE_END
G1 X115.823 Y113.075 F9000
G1 E5 F2400
;TYPE:Internal infill
;WIDTH:0.44
G1 F900
G1 X115.389 Y113.003 E.01453
G1 X114.595 Y113.058 E.02628
G1 X113.928 Y113.336 E.02386
G1 X113.634 Y113.634 E.01382
G1 X116.721 Y116.721 E.14414
G1 X116.15 Y117.136 E.02331
G1 X115.489 Y117.388 E.02336
G1 X114.762 Y117.367 E.02401
G1 X114.281 Y117.194 E.01688
G1 X113.99 Y117.01 E.01137
G1 X117.082 Y113.918 E.14438
G1 X117.43 Y114.606 E.02546
G1 X117.512 Y115.121 E.01722
G1 X117.464 Y115.621 E.01658
G1 X117.236 Y116.152 E.01908
;LAYER_CHANGE
;Z:31.2
;HEIGHT:0.200001
;BEFORE_LAYER_CHANGE
G92 E0
;31.2


G1 E-3.5 F3600
;WIPE_START
G1 F7200
G1 X117.464 Y115.621 E-.27449
G1 X117.512 Y115.121 E-.23859
G1 X117.43 Y114.606 E-.24771
G1 X117.082 Y113.918 E-.36623
G1 X116.527 Y114.473 E-.37298
;WIPE_END
G1 Z31.2 F9000
;AFTER_LAYER_CHANGE
;31.2
G1 X115.605 Y112.533
G1 E5 F2400
;TYPE:Perimeter
;WIDTH:0.439999
G1 F900
G1 X115.993 Y112.597 E.01298
G1 X116.516 Y112.806 E.0186
G1 X116.945 Y113.069 E.01661
G1 X117.322 Y113.421 E.01703
G1 X117.64 Y113.84 E.01737
G1 X117.849 Y114.282 E.01614
G1 X117.985 Y114.771 E.01676
G1 X118.008 Y115.41 E.02111
G1 X117.875 Y116.015 E.02045
G1 X117.603 Y116.549 E.01979
G1 X117.307 Y116.896 E.01506
G1 X116.911 Y117.205 E.01658
G1 X116.491 Y117.382 E.01505
G1 X115.999 Y117.512 E.0168
G1 X115.032 Y117.512 E.03193
G1 X114.721 Y117.445 E.0105
G1 X114.244 Y117.295 E.01651
G1 X113.78 Y116.982 E.01848
G1 X113.397 Y116.549 E.01909
G1 X113.125 Y116.015 E.01979
G1 X112.992 Y115.41 E.02045
G1 X112.998 Y114.945 E.01535
G1 X113.089 Y114.452 E.01655
G1 X113.274 Y114.004 E.016
G1 X113.555 Y113.558 E.0174
G1 X113.94 Y113.167 E.01812
G1 X114.353 Y112.871 E.01678
G1 X114.847 Y112.652 E.01784
G1 X115.5 Y112.515 E.02203
G1 X115.546 Y112.523 E.00154
G1 X115.662 Y112.14 F9000
G1 F900
G1 X116.091 Y112.211 E.01436
G1 X116.692 Y112.45 E.02135
G1 X117.186 Y112.751 E.0191
G1 X117.637 Y113.177 E.02048
G1 X117.981 Y113.634 E.01889
G1 X118.232 Y114.173 E.01963
G1 X118.377 Y114.707 E.01827
G1 X118.404 Y115.446 E.02442
G1 X118.296 Y115.987 E.01821
G1 X118.109 Y116.473 E.01719
G1 X117.833 Y116.901 E.01681
G1 X117.482 Y117.282 E.0171
G1 X116.951 Y117.641 E.02116
G1 X116.467 Y117.812 E.01695
G1 X116.029 Y117.909 E.01481
G1 X114.99 Y117.909 E.0343
G1 X114.345 Y117.77 E.02179
G1 X113.782 Y117.485 E.02083
G1 X113.392 Y117.156 E.01685
G1 X113.068 Y116.772 E.01659
G1 X112.817 Y116.303 E.01756
G1 X112.651 Y115.805 E.01733
G1 X112.591 Y115.251 E.0184
G1 X112.623 Y114.707 E.01799
G1 X112.779 Y114.145 E.01926
G1 X113.019 Y113.634 E.01864
G1 X113.389 Y113.149 E.02014
G1 X113.814 Y112.751 E.01922
G1 X114.382 Y112.414 E.02181
G1 X114.909 Y112.211 E.01865
G1 X115.5 Y112.113 E.01978
G1 X115.603 Y112.13 E.00345
G1 X115.717 Y111.756 F9000
;TYPE:External perimeter
;WIDTH:0.419999
G1 F900
G1 X116.186 Y111.834 E.01491
G1 X116.864 Y112.103 E.02287
G1 X117.42 Y112.442 E.02042
G1 X117.925 Y112.919 E.02178
G1 X118.313 Y113.434 E.02022
G1 X118.595 Y114.039 E.02093
G1 X118.76 Y114.644 E.01966
G1 X118.796 Y115.262 E.01941
G1 X118.757 Y115.696 E.01366
G1 X118.614 Y116.28 E.01885
G1 X118.348 Y116.83 E.01916
G1 X118.012 Y117.3 E.01811
G1 X117.553 Y117.716 E.01942
G1 X117.115 Y117.994 E.01627
G1 X116.595 Y118.177 E.01728
G1 X116.058 Y118.296 E.01725
G1 X114.948 Y118.296 E.0348
G1 X114.228 Y118.14 E.0231
G1 X113.891 Y117.997 E.01148
G1 X113.404 Y117.683 E.01817
G1 X112.988 Y117.3 E.01773
G1 X112.642 Y116.813 E.01873
G1 X112.386 Y116.28 E.01854
G1 X112.24 Y115.675 E.01951
G1 X112.198 Y115.064 E.0192
G1 X112.291 Y114.423 E.02031
G1 X112.485 Y113.822 E.0198
G1 X112.822 Y113.238 E.02114
G1 X113.238 Y112.738 E.02039
G1 X113.748 Y112.331 E.02046
G1 X114.211 Y112.067 E.01671
G1 X114.814 Y111.834 E.02027
G1 X115.5 Y111.721 E.0218
G1 X115.658 Y111.747 E.00502
G1 X115.851 Y112.883 F9000
;TYPE:Internal infill
;WIDTH:0.44
G1 F900
G1 X115.5 Y112.825 E.01175
G1 X114.797 Y112.993 E.02386
G1 X114.24 Y113.313 E.02121
G1 X113.776 Y113.776 E.02164
G1 X116.868 Y116.868 E.14438
G1 X116.143 Y117.181 E.02607
G1 X115.064 Y117.206 E.03564
G1 X114.559 Y117.097 E.01706
G1 X114.132 Y116.868 E.016
G1 X117.224 Y113.776 E.14438
G1 X117.516 Y114.263 E.01875
G1 X117.682 Y114.821 E.01922
G1 X117.703 Y115.382 E.01854
G1 X117.537 Y116.026 E.02196
;LAYER_CHANGE
;Z:31.4
;HEIGHT:0.199999
;BEFORE_LAYER_CHANGE
G92 E0
;31.4


G1 E-3.5 F3600
;WIPE_START
G1 F7200
G1 X117.703 Y115.382 E-.3159
G1 X117.682 Y114.821 E-.26666
G1 X117.516 Y114.263 E-.27653
G1 X117.224 Y113.776 E-.26972
G1 X116.671 Y114.329 E-.37119
;WIPE_END
G1 Z31.4 F9000
;AFTER_LAYER_CHANGE
;31.4
G1 X117.329 Y113.161
G1 E5 F2400
;TYPE:Perimeter
;WIDTH:0.439999
G1 F900
G1 X117.487 Y113.321 E.00742
G1 X117.804 Y113.726 E.01698
G1 X118.045 Y114.241 E.01877
G1 X118.179 Y114.726 E.01661
G1 X118.208 Y115.415 E.02277
G1 X118.116 Y115.895 E.01614
G1 X117.938 Y116.371 E.01678
G1 X117.582 Y116.901 E.02108
G1 X117.119 Y117.312 E.02044
G1 X116.585 Y117.585 E.0198
G1 X116.02 Y117.71 E.01911
G1 X115.492 Y117.694 E.01744
G1 X114.947 Y117.532 E.01877
G1 X114.438 Y117.224 E.01964
G1 X113.943 Y116.856 E.02037
G1 X113.727 Y116.615 E.01069
G1 X113.428 Y116.214 E.01652
G1 X113.237 Y115.688 E.01848
G1 X113.182 Y115.112 E.0191
G1 X113.276 Y114.52 E.01979
G1 X113.524 Y113.953 E.02043
G1 X113.802 Y113.58 E.01536
G1 X114.166 Y113.235 E.01656
G1 X114.579 Y112.982 E.01599
G1 X115.068 Y112.785 E.01741
G1 X115.609 Y112.696 E.0181
G1 X116.118 Y112.699 E.01681
G1 X116.646 Y112.812 E.01783
G1 X117.254 Y113.085 E.02201
G1 X117.287 Y113.119 E.00156
G1 X117.606 Y112.877 F9000
G1 F900
G1 X117.769 Y113.042 E.00766
G1 X118.144 Y113.519 E.02003
G1 X118.417 Y114.102 E.02125
G1 X118.571 Y114.66 E.01911
G1 X118.609 Y115.236 E.01906
G1 X118.573 Y115.657 E.01395
G1 X118.442 Y116.201 E.01847
G1 X118.193 Y116.722 E.01907
G1 X117.881 Y117.163 E.01784
G1 X117.475 Y117.538 E.01825
G1 X117.039 Y117.821 E.01716
G1 X116.564 Y118.004 E.01681
G1 X116.056 Y118.106 E.01711
G1 X115.415 Y118.085 E.02118
G1 X114.785 Y117.898 E.0217
G1 X114.216 Y117.554 E.02195
G1 X113.673 Y117.151 E.02233
G1 X113.232 Y116.657 E.02186
G1 X112.943 Y116.096 E.02084
G1 X112.821 Y115.6 E.01686
G1 X112.784 Y115.1 E.01655
G1 X112.858 Y114.573 E.01757
G1 X113.016 Y114.072 E.01734
G1 X113.292 Y113.589 E.01837
G1 X113.639 Y113.167 E.01804
G1 X114.095 Y112.804 E.01924
G1 X114.59 Y112.532 E.01865
G1 X115.174 Y112.357 E.02013
G1 X115.752 Y112.286 E.01923
G1 X116.41 Y112.346 E.02182
G1 X116.956 Y112.492 E.01866
G1 X117.491 Y112.76 E.01976
G1 X117.564 Y112.834 E.00343
G1 X117.876 Y112.599 F9000
;TYPE:External perimeter
;WIDTH:0.419999
G1 F900
G1 X118.21 Y112.937 E.0149
G1 X118.561 Y113.48 E.02027
G1 X118.78 Y113.966 E.01671
G1 X118.954 Y114.595 E.02046
G1 X118.995 Y115.279 E.02148
G1 X118.925 Y115.914 E.02003
G1 X118.719 Y116.54 E.02066
G1 X118.428 Y117.088 E.01945
G1 X118.02 Y117.573 E.01987
G1 X117.561 Y117.961 E.01884
G1 X117.022 Y118.25 E.01918
G1 X116.474 Y118.433 E.01811
G1 X115.858 Y118.499 E.01942
G1 X115.34 Y118.467 E.01627
G1 X114.628 Y118.255 E.02329
G1 X114 Y117.876 E.023
G1 X113.411 Y117.438 E.02301
G1 X112.919 Y116.888 E.02314
G1 X112.73 Y116.574 E.01149
G1 X112.522 Y116.034 E.01814
G1 X112.409 Y115.48 E.01773
G1 X112.416 Y114.882 E.01875
G1 X112.522 Y114.3 E.01855
G1 X112.759 Y113.725 E.0195
G1 X113.085 Y113.206 E.01922
G1 X113.537 Y112.743 E.02029
G1 X114.047 Y112.37 E.01981
G1 X114.663 Y112.096 E.02114
G1 X115.293 Y111.936 E.02038
G1 X115.945 Y111.907 E.02046
G1 X116.475 Y111.964 E.01671
G1 X117.1 Y112.131 E.02028
G1 X117.722 Y112.442 E.0218
G1 X117.834 Y112.556 E.00501
G1 X116.009 Y113 F9000
;TYPE:Internal infill
;WIDTH:0.44
G1 F900
G1 X115.451 Y113.016 E.01843
G1 X114.864 Y113.181 E.02013
G1 X114.352 Y113.478 E.01954
G1 X113.918 Y113.918 E.02041
G1 X117.01 Y117.01 E.14438
G1 X116.719 Y117.194 E.01137
G1 X116.238 Y117.367 E.01688
G1 X115.551 Y117.392 E.0227
G1 X115.072 Y117.25 E.0165
G1 X114.276 Y116.724 E.0315
G1 X117.366 Y113.634 E.14428
G1 X117.693 Y114.172 E.02079
G1 X117.877 Y114.777 E.02088
G1 X117.902 Y115.389 E.02022
G1 X117.802 Y115.882 E.01661
;LAYER_CHANGE
;Z:31.6
;HEIGHT:0.200001
;BEFORE_LAYER_CHANGE
G92 E0
;31.6


G1 E-3.5 F3600
;WIPE_START
G1 F7200
G1 X117.902 Y115.389 E-.23894
G1 X117.877 Y114.777 E-.29094
G1 X117.693 Y114.172 E-.30037
G1 X117.366 Y113.634 E-.29905
G1 X116.814 Y114.186 E-.3707
;WIPE_END
G1 Z31.6 F9000
;AFTER_LAYER_CHANGE
;31.6
G1 X117.329 Y113.161
G1 E5 F2400
;TYPE:Perimeter
;WIDTH:0.439999
G1 F900
G1 X117.487 Y113.321 E.00742
G1 X117.804 Y113.726 E.01698
G1 X118.045 Y114.241 E.01877
G1 X118.179 Y114.726 E.01661
G1 X118.208 Y115.415 E.02277
G1 X118.116 Y115.895 E.01614
G1 X117.938 Y116.371 E.01678
G1 X117.582 Y116.901 E.02108
G1 X117.119 Y117.312 E.02044
G1 X116.585 Y117.585 E.0198
G1 X116.02 Y117.71 E.01911
G1 X115.492 Y117.694 E.01744
G1 X114.947 Y117.532 E.01877
G1 X114.438 Y117.224 E.01964
G1 X113.943 Y116.856 E.02037
G1 X113.727 Y116.615 E.01069
G1 X113.428 Y116.214 E.01652
G1 X113.237 Y115.688 E.01848
G1 X113.182 Y115.112 E.0191
G1 X113.276 Y114.52 E.01979
G1 X113.524 Y113.953 E.02043
G1 X113.802 Y113.58 E.01536
G1 X114.166 Y113.235 E.01656
G1 X114.579 Y112.982 E.01599
G1 X115.068 Y112.785 E.01741
G1 X115.609 Y112.696 E.0181
G1 X116.118 Y112.699 E.01681
G1 X116.646 Y112.812 E.01783
G1 X117.254 Y113.085 E.02201
G1 X117.287 Y113.119 E.00156
G1 X117.606 Y112.877 F9000
G1 F900
G1 X117.769 Y113.042 E.00766
G1 X118.144 Y113.519 E.02003
G1 X118.417 Y114.102 E.02125
G1 X118.571 Y114.66 E.01911
G1 X118.609 Y115.236 E.01906
G1 X118.573 Y115.657 E.01395
G1 X118.442 Y116.201 E.01847
G1 X118.193 Y116.722 E.01907
G1 X117.881 Y117.163 E.01784
G1 X117.475 Y117.538 E.01825
G1 X117.039 Y117.821 E.01716
G1 X116.564 Y118.004 E.01681
G1 X116.056 Y118.106 E.01711
G1 X115.415 Y118.085 E.02118
G1 X114.785 Y117.898 E.0217
G1 X114.216 Y117.554 E.02195
G1 X113.673 Y117.151 E.02233
G1 X113.232 Y116.657 E.02186
G1 X112.943 Y116.096 E.02084
G1 X112.821 Y115.6 E.01686
G1 X112.784 Y115.1 E.01655
G1 X112.858 Y114.573 E.01757
G1 X113.016 Y114.072 E.01734
G1 X113.292 Y113.589 E.01837
G1 X113.639 Y113.167 E.01804
G1 X114.095 Y112.804 E.01924
G1 X114.59 Y112.532 E.01865
G1 X115.174 Y112.357 E.02013
G1 X115.752 Y112.286 E.01923
G1 X116.41 Y112.346 E.02182
G1 X116.956 Y112.492 E.01866
G1 X117.491 Y112.76 E.01976
G1 X117.564 Y112.834 E.00343
G1 X117.876 Y112.599 F9000
;TYPE:External perimeter
;WIDTH:0.419999
G1 F900
G1 X118.21 Y112.937 E.0149
G1 X118.561 Y113.48 E.02027
G1 X118.78 Y113.966 E.01671
G1 X118.954 Y114.595 E.02046
G1 X118.995 Y115.279 E.02148
G1 X118.925 Y115.914 E.02003
G1 X118.719 Y116.54 E.02066
G1 X118.428 Y117.088 E.01945
G1 X118.02 Y117.573 E.01987
G1 X117.561 Y117.961 E.01884
G1 X117.022 Y118.25 E.01918
G1 X116.474 Y118.433 E.01811
G1 X115.858 Y118.499 E.01942
G1 X115.34 Y118.467 E.01627
G1 X114.628 Y118.255 E.02329
G1 X114 Y117.876 E.023
G1 X113.411 Y117.438 E.02301
G1 X112.919 Y116.888 E.02314
G1 X112.73 Y116.574 E.01149
G1 X112.522 Y116.034 E.01814
G1 X112.409 Y115.48 E.01773
G1 X112.416 Y114.882 E.01875
G1 X112.522 Y114.3 E.01855
G1 X112.759 Y113.725 E.0195
G1 X113.085 Y113.206 E.01922
G1 X113.537 Y112.743 E.02029
G1 X114.047 Y112.37 E.01981
G1 X114.663 Y112.096 E.02114
G1 X115.293 Y111.936 E.02038
G1 X115.945 Y111.907 E.02046
G1 X116.475 Y111.964 E.01671
G1 X117.1 Y112.131 E.02028
G1 X117.722 Y112.442 E.0218
G1 X117.834 Y112.556 E.00501
G1 X116.009 Y113 F9000
;TYPE:Internal infill
;WIDTH:0.44
G1 F900
G1 X115.451 Y113.016 E.01843
G1 X114.864 Y113.181 E.02013
G1 X114.352 Y113.478 E.01954
G1 X113.918 Y113.918 E.02041
G1 X117.01 Y117.01 E.14438
G1 X116.719 Y117.194 E.01137
G1 X116.238 Y117.367 E.01688
G1 X115.551 Y117.392 E.0227
G1 X115.072 Y117.25 E.0165
G1 X114.276 Y116.724 E.0315
G1 X117.366 Y113.634 E.14428
G1 X117.693 Y114.172 E.02079
G1 X117.877 Y114.777 E.02088
G1 X117.902 Y115.389 E.02022
G1 X117.802 Y115.882 E.01661
;LAYER_CHANGE
;Z:31.8
;HEIGHT:0.199999
;BEFORE_LAYER_CHANGE
G92 E0
;31.8


G1 E-3.5 F3600
;WIPE_START
G1 F7200
G1 X117.902 Y115.389 E-.23894
G1 X117.877 Y114.777 E-.29094
G1 X117.693 Y114.172 E-.30037
G1 X117.366 Y113.634 E-.29905
G1 X116.814 Y114.186 E-.3707
;WIPE_END
G1 Z31.8 F9000
;AFTER_LAYER_CHANGE
;31.8
G1 X118.35 Y114.684
G1 E5 F2400
;TYPE:Perimeter
;WIDTH:0.439999
G1 F900
G1 X118.41 Y115.241 E.0185
G1 X118.376 Y115.634 E.01302
G1 X118.259 Y116.123 E.0166
G1 X118.04 Y116.591 E.01706
G1 X117.741 Y117.022 E.01732
G1 X117.384 Y117.357 E.01616
G1 X116.961 Y117.638 E.01677
G1 X116.361 Y117.857 E.02109
G1 X115.744 Y117.918 E.02047
G1 X115.153 Y117.824 E.01976
G1 X114.731 Y117.65 E.01507
G1 X114.315 Y117.369 E.01658
G1 X114.016 Y117.025 E.01505
G1 X113.741 Y116.597 E.0168
G1 X113.442 Y115.676 E.03197
G1 X113.41 Y115.36 E.01049
G1 X113.405 Y114.86 E.01651
G1 X113.559 Y114.322 E.01848
G1 X113.853 Y113.824 E.01909
G1 X114.277 Y113.4 E.0198
G1 X114.811 Y113.087 E.02044
G1 X115.255 Y112.949 E.01535
G1 X115.752 Y112.883 E.01655
G1 X116.235 Y112.921 E.016
G1 X116.746 Y113.05 E.0174
G1 X117.236 Y113.296 E.0181
G1 X117.646 Y113.597 E.01679
G1 X118.007 Y113.999 E.01784
G1 X118.339 Y114.578 E.02204
G1 X118.344 Y114.624 E.00153
G1 X118.746 Y114.616 F9000
G1 F900
G1 X118.781 Y114.845 E.00765
G1 X118.807 Y115.292 E.01478
G1 X118.744 Y115.86 E.01887
G1 X118.548 Y116.46 E.02084
G1 X118.279 Y116.97 E.01904
G1 X117.893 Y117.433 E.0199
G1 X117.468 Y117.797 E.01848
G1 X116.961 Y118.071 E.01903
G1 X116.449 Y118.245 E.01785
G1 X115.901 Y118.31 E.01822
G1 X115.381 Y118.282 E.01719
G1 X114.889 Y118.151 E.01681
G1 X114.418 Y117.936 E.01709
G1 X113.912 Y117.542 E.02117
G1 X113.6 Y117.134 E.01696
G1 X113.373 Y116.747 E.01481
G1 X113.051 Y115.759 E.03431
G1 X112.984 Y115.103 E.02177
G1 X113.081 Y114.479 E.02085
G1 X113.274 Y114.007 E.01684
G1 X113.538 Y113.58 E.01658
G1 X113.907 Y113.197 E.01756
G1 X114.33 Y112.885 E.01735
G1 X114.838 Y112.656 E.0184
G1 X115.365 Y112.518 E.01799
G1 X115.948 Y112.493 E.01927
G1 X116.508 Y112.564 E.01864
G1 X117.084 Y112.766 E.02015
G1 X117.593 Y113.048 E.01921
G1 X118.09 Y113.483 E.02181
G1 X118.446 Y113.922 E.01866
G1 X118.721 Y114.453 E.01974
G1 X118.737 Y114.556 E.00344
G1 X119.127 Y114.55 F9000
;TYPE:External perimeter
;WIDTH:0.419999
G1 F900
G1 X119.163 Y114.787 E.00752
G1 X119.194 Y115.255 E.01471
G1 X119.164 Y115.665 E.01289
G1 X119.055 Y116.187 E.01672
G1 X118.826 Y116.798 E.02046
G1 X118.457 Y117.375 E.02147
G1 X118.028 Y117.849 E.02005
G1 X117.492 Y118.233 E.02067
G1 X116.935 Y118.505 E.01944
G1 X116.32 Y118.658 E.01987
G1 X115.721 Y118.703 E.01883
G1 X115.115 Y118.62 E.01918
G1 X114.564 Y118.446 E.01812
G1 X114.027 Y118.137 E.01943
G1 X113.627 Y117.806 E.01628
G1 X113.292 Y117.369 E.01726
G1 X113.013 Y116.894 E.01727
G1 X112.671 Y115.839 E.03477
G1 X112.596 Y115.106 E.0231
G1 X112.628 Y114.741 E.01149
G1 X112.776 Y114.182 E.01813
G1 X113.012 Y113.667 E.01776
G1 X113.368 Y113.187 E.01874
G1 X113.796 Y112.779 E.01854
G1 X114.326 Y112.453 E.01951
G1 X114.894 Y112.225 E.01919
G1 X115.533 Y112.115 E.02033
G1 X116.164 Y112.114 E.01978
G1 X116.824 Y112.255 E.02116
G1 X117.428 Y112.495 E.02038
G1 X117.972 Y112.854 E.02044
G1 X118.367 Y113.213 E.01674
G1 X118.775 Y113.715 E.02028
G1 X119.094 Y114.332 E.02178
G1 X119.118 Y114.49 E.00501
G1 X118.104 Y115.07 F9000
;TYPE:Internal infill
;WIDTH:0.44
G1 F900
G1 X118.055 Y115.715 E.02136
G1 X117.848 Y116.312 E.02086
G1 X117.509 Y116.822 E.02022
G1 X117.151 Y117.151 E.01605
G1 X114.061 Y114.061 E.14428
G1 X113.84 Y114.443 E.01457
G1 X113.69 Y115.098 E.02219
G1 X113.743 Y115.613 E.01709
G1 X114.025 Y116.481 E.03013
G1 X114.217 Y116.783 E.01182
G1 X117.293 Y113.707 E.14363
G1 X116.922 Y113.463 E.01466
G1 X116.348 Y113.25 E.02021
G1 X116.053 Y113.201 E.00987
G1 X115.47 Y113.215 E.01925
G1 X115.044 Y113.328 E.01455
;LAYER_CHANGE
;Z:32
;HEIGHT:0.200001
;BEFORE_LAYER_CHANGE
G92 E0
;32


G1 E-3.5 F3600
;WIPE_START
G1 F7200
G1 X115.47 Y113.215 E-.20935
G1 X116.053 Y113.201 E-.277
G1 X116.348 Y113.25 E-.14204
G1 X116.922 Y113.463 E-.29082
G1 X117.293 Y113.707 E-.21092
G1 X116.742 Y114.258 E-.36987
;WIPE_END
G1 Z32 F9000
;AFTER_LAYER_CHANGE
;32
G1 X118.285 Y114.485
G1 E5 F2400
;TYPE:Perimeter
;WIDTH:0.439999
G1 F900
G1 X118.339 Y114.578 E.00355
G1 X118.41 Y115.241 E.02202
G1 X118.376 Y115.634 E.01302
G1 X118.259 Y116.123 E.0166
G1 X118.04 Y116.591 E.01706
G1 X117.741 Y117.022 E.01732
G1 X117.384 Y117.357 E.01616
G1 X116.961 Y117.638 E.01677
G1 X116.361 Y117.857 E.02109
G1 X115.744 Y117.918 E.02047
G1 X115.153 Y117.824 E.01976
G1 X114.731 Y117.65 E.01507
G1 X114.315 Y117.369 E.01658
G1 X114.016 Y117.025 E.01505
G1 X113.741 Y116.597 E.0168
G1 X113.442 Y115.676 E.03197
G1 X113.41 Y115.36 E.01049
G1 X113.405 Y114.86 E.01651
G1 X113.559 Y114.322 E.01848
G1 X113.853 Y113.824 E.01909
G1 X114.277 Y113.4 E.0198
G1 X114.811 Y113.087 E.02044
G1 X115.255 Y112.949 E.01535
G1 X115.752 Y112.883 E.01655
G1 X116.235 Y112.921 E.016
G1 X116.746 Y113.05 E.0174
G1 X117.236 Y113.296 E.0181
G1 X117.646 Y113.597 E.01679
G1 X118.007 Y113.999 E.01784
G1 X118.256 Y114.433 E.01652
G1 X118.646 Y114.308 F9000
G1 F900
G1 X118.721 Y114.453 E.00539
G1 X118.781 Y114.845 E.01309
G1 X118.807 Y115.292 E.01478
G1 X118.744 Y115.86 E.01887
G1 X118.548 Y116.46 E.02084
G1 X118.279 Y116.97 E.01904
G1 X117.893 Y117.433 E.0199
G1 X117.468 Y117.797 E.01848
G1 X116.961 Y118.071 E.01903
G1 X116.449 Y118.245 E.01785
G1 X115.901 Y118.31 E.01822
G1 X115.381 Y118.282 E.01719
G1 X114.889 Y118.151 E.01681
G1 X114.418 Y117.936 E.01709
G1 X113.912 Y117.542 E.02117
G1 X113.6 Y117.134 E.01696
G1 X113.373 Y116.747 E.01481
G1 X113.051 Y115.759 E.03431
G1 X112.984 Y115.103 E.02177
G1 X113.081 Y114.479 E.02085
G1 X113.274 Y114.007 E.01684
G1 X113.538 Y113.58 E.01658
G1 X113.907 Y113.197 E.01756
G1 X114.33 Y112.885 E.01735
G1 X114.838 Y112.656 E.0184
G1 X115.365 Y112.518 E.01799
G1 X115.948 Y112.493 E.01927
G1 X116.508 Y112.564 E.01864
G1 X117.084 Y112.766 E.02015
G1 X117.593 Y113.048 E.01921
G1 X118.09 Y113.483 E.02181
G1 X118.446 Y113.922 E.01866
G1 X118.618 Y114.254 E.01235
G1 X118.993 Y114.137 F9000
;TYPE:External perimeter
;WIDTH:0.419999
G1 F900
G1 X119.095 Y114.332 E.0069
G1 X119.163 Y114.787 E.01442
G1 X119.194 Y115.255 E.01471
G1 X119.164 Y115.665 E.01289
G1 X119.055 Y116.187 E.01672
G1 X118.826 Y116.798 E.02046
G1 X118.457 Y117.375 E.02147
G1 X118.028 Y117.849 E.02005
G1 X117.492 Y118.233 E.02067
G1 X116.935 Y118.505 E.01944
G1 X116.32 Y118.658 E.01987
G1 X115.721 Y118.703 E.01883
G1 X115.115 Y118.62 E.01918
G1 X114.564 Y118.446 E.01812
G1 X114.027 Y118.137 E.01943
G1 X113.627 Y117.806 E.01628
G1 X113.292 Y117.369 E.01726
G1 X113.013 Y116.894 E.01727
G1 X112.671 Y115.839 E.03477
G1 X112.596 Y115.106 E.0231
G1 X112.628 Y114.741 E.01149
G1 X112.776 Y114.182 E.01813
G1 X113.012 Y113.667 E.01776
G1 X113.368 Y113.187 E.01874
G1 X113.796 Y112.779 E.01854
G1 X114.326 Y112.453 E.01951
G1 X114.894 Y112.225 E.01919
G1 X115.533 Y112.115 E.02033
G1 X116.164 Y112.114 E.01978
G1 X116.824 Y112.255 E.02116
G1 X117.428 Y112.495 E.02038
G1 X117.972 Y112.854 E.02044
G1 X118.367 Y113.213 E.01674
G1 X118.775 Y113.715 E.02028
G1 X118.966 Y114.083 E.013
G1 X118.104 Y115.07 F9000
;TYPE:Internal infill
;WIDTH:0.44
G1 F900
G1 X118.055 Y115.715 E.02136
G1 X117.848 Y116.312 E.02086
G1 X117.509 Y116.822 E.02022
G1 X117.151 Y117.151 E.01605
G1 X114.061 Y114.061 E.14428
G1 X113.84 Y114.443 E.01457
G1 X113.69 Y115.098 E.02219
G1 X113.743 Y115.613 E.01709
G1 X114.025 Y116.481 E.03013
G1 X114.217 Y116.783 E.01182
G1 X117.293 Y113.707 E.14363
G1 X116.922 Y113.463 E.01466
G1 X116.348 Y113.25 E.02021
G1 X116.053 Y113.201 E.00987
G1 X115.47 Y113.215 E.01925
G1 X115.044 Y113.328 E.01455
;LAYER_CHANGE
;Z:32.2
;HEIGHT:0.200001
;BEFORE_LAYER_CHANGE
G92 E0
;32.2


G1 E-3.5 F3600
;WIPE_START
G1 F7200
G1 X115.47 Y113.215 E-.20935
G1 X116.053 Y113.201 E-.277
G1 X116.348 Y113.25 E-.14204
G1 X116.922 Y113.463 E-.29082
G1 X117.293 Y113.707 E-.21092
G1 X116.742 Y114.258 E-.36987
;WIPE_END
G1 Z32.2 F9000
;AFTER_LAYER_CHANGE
;32.2
G1 X118.35 Y116.316
G1 E5 F2400
;TYPE:Perimeter
;WIDTH:0.439999
G1 F900
G1 X118.339 Y116.422 E.00352
G1 X118.109 Y116.866 E.01651
G1 X117.748 Y117.299 E.01861
G1 X117.366 Y117.626 E.0166
G1 X116.914 Y117.876 E.01705
G1 X116.418 Y118.049 E.01734
G1 X115.933 Y118.11 E.01614
G1 X115.425 Y118.088 E.01679
G1 X114.811 Y117.913 E.02108
G1 X114.277 Y117.6 E.02044
G1 X113.853 Y117.176 E.0198
G1 X113.614 Y116.787 E.01507
G1 X113.443 Y116.315 E.01658
G1 X113.403 Y115.861 E.01505
G1 X113.432 Y115.353 E.0168
G1 X113.731 Y114.433 E.03194
G1 X114.022 Y113.933 E.0191
G1 X114.388 Y113.566 E.01711
G1 X114.877 Y113.275 E.01879
G1 X115.277 Y113.148 E.01386
G1 X115.805 Y113.089 E.01754
G1 X116.387 Y113.15 E.01932
G1 X116.774 Y113.28 E.01348
G1 X117.242 Y113.531 E.01753
G1 X117.61 Y113.845 E.01597
G1 X117.948 Y114.25 E.01742
G1 X118.2 Y114.737 E.0181
G1 X118.355 Y115.222 E.01681
G1 X118.41 Y115.759 E.01782
G1 X118.357 Y116.256 E.0165
G1 X118.746 Y116.384 F9000
G1 F900
G1 X118.721 Y116.547 E.00544
G1 X118.539 Y116.899 E.01308
G1 X118.298 Y117.275 E.01475
G1 X117.913 Y117.698 E.01889
G1 X117.402 Y118.068 E.02083
G1 X116.884 Y118.323 E.01906
G1 X116.3 Y118.471 E.01989
G1 X115.742 Y118.515 E.01848
G1 X115.17 Y118.439 E.01905
G1 X114.654 Y118.279 E.01784
G1 X114.173 Y118.009 E.01821
G1 X113.768 Y117.681 E.01721
G1 X113.447 Y117.286 E.01681
G1 X113.193 Y116.835 E.01709
G1 X113.015 Y116.218 E.0212
G1 X113.002 Y115.705 E.01694
G1 X113.046 Y115.259 E.0148
G1 X113.367 Y114.27 E.03433
G1 X113.606 Y113.858 E.01573
G1 X113.898 Y113.471 E.01601
G1 X114.264 Y113.17 E.01565
G1 X114.719 Y112.91 E.0173
G1 X115.19 Y112.76 E.01632
G1 X115.813 Y112.691 E.0207
G1 X116.464 Y112.759 E.02161
G1 X116.989 Y112.941 E.01835
G1 X117.468 Y113.203 E.01803
G1 X117.916 Y113.59 E.01955
G1 X118.279 Y114.03 E.01883
G1 X118.567 Y114.584 E.02062
G1 X118.744 Y115.14 E.01927
G1 X118.811 Y115.955 E.027
G1 X118.755 Y116.325 E.01236
G1 X119.127 Y116.45 F9000
;TYPE:External perimeter
;WIDTH:0.419999
G1 F900
G1 X119.094 Y116.668 E.00691
G1 X118.775 Y117.285 E.02178
G1 X118.367 Y117.787 E.02028
G1 X117.972 Y118.146 E.01674
G1 X117.428 Y118.505 E.02044
G1 X116.79 Y118.756 E.0215
G1 X116.164 Y118.886 E.02005
G1 X115.505 Y118.882 E.02066
G1 X114.894 Y118.775 E.01945
G1 X114.307 Y118.537 E.01986
G1 X113.796 Y118.221 E.01884
G1 X113.355 Y117.798 E.01916
G1 X113.012 Y117.333 E.01812
G1 X112.758 Y116.767 E.01945
G1 X112.629 Y116.265 E.01625
G1 X112.615 Y115.715 E.01725
G1 X112.669 Y115.167 E.01727
G1 X113.012 Y114.111 E.03481
G1 X113.382 Y113.474 E.0231
G1 X113.777 Y113.06 E.01794
G1 X114.22 Y112.731 E.0173
G1 X114.766 Y112.481 E.01883
G1 X115.318 Y112.335 E.0179
G1 X115.821 Y112.302 E.01581
G1 X116.54 Y112.378 E.02267
G1 X117.145 Y112.587 E.02007
G1 X117.688 Y112.884 E.01941
G1 X118.192 Y113.318 E.02085
G1 X118.602 Y113.815 E.0202
G1 X118.923 Y114.434 E.02186
G1 X119.124 Y115.06 E.02061
G1 X119.199 Y115.98 E.02894
G1 X119.136 Y116.391 E.01304
G1 X118.03 Y115.194 F9000
;TYPE:Internal infill
;WIDTH:0.44
G1 F900
G1 X118.107 Y115.908 E.02371
G1 X118.044 Y116.327 E.01399
G1 X117.667 Y116.944 E.02387
G1 X117.293 Y117.293 E.01689
G1 X114.213 Y114.213 E.14382
G1 X114.012 Y114.559 E.01321
G1 X113.703 Y115.592 E.0356
G1 X113.758 Y116.327 E.02434
G1 X114.061 Y116.939 E.02255
G1 X117.151 Y113.849 E.14428
G1 X116.82 Y113.634 E.01303
G1 X116.327 Y113.452 E.01735
G1 X115.473 Y113.417 E.02822
G1 X114.903 Y113.605 E.01982
;LAYER_CHANGE
;Z:32.4
;HEIGHT:0.200001
;BEFORE_LAYER_CHANGE
G92 E0
;32.4


G1 E-3.5 F3600
;WIPE_START
G1 F7200
G1 X115.473 Y113.417 E-.2851
G1 X116.327 Y113.452 E-.40599
G1 X116.82 Y113.634 E-.24962
G1 X117.151 Y113.849 E-.18748
G1 X116.598 Y114.402 E-.37181
;WIPE_END
G1 Z32.4 F9000
;AFTER_LAYER_CHANGE
;32.4
G1 X117.326 Y117.835
G1 E5 F2400
;TYPE:Perimeter
;WIDTH:0.439999
G1 F900
G1 X117.254 Y117.915 E.00355
G1 X116.808 Y118.138 E.01646
G1 X116.261 Y118.277 E.01863
G1 X115.76 Y118.317 E.01659
G1 X115.245 Y118.252 E.01714
G1 X114.744 Y118.101 E.01728
G1 X114.316 Y117.866 E.01612
G1 X113.918 Y117.55 E.01678
G1 X113.524 Y117.047 E.0211
G1 X113.276 Y116.48 E.02043
G1 X113.182 Y115.888 E.01979
G1 X113.237 Y115.312 E.0191
G1 X113.416 Y114.815 E.01744
G1 X113.739 Y114.346 E.0188
G1 X114.188 Y113.957 E.01961
G1 X114.691 Y113.6 E.02037
G1 X115.226 Y113.363 E.01932
G1 X115.753 Y113.287 E.01758
G1 X116.332 Y113.342 E.0192
G1 X116.858 Y113.534 E.01849
G1 X117.362 Y113.877 E.02013
G1 X117.776 Y114.351 E.02078
G1 X117.997 Y114.767 E.01555
G1 X118.157 Y115.251 E.01683
G1 X118.215 Y115.928 E.02243
G1 X118.133 Y116.47 E.0181
G1 X117.973 Y116.953 E.0168
G1 X117.702 Y117.421 E.01786
G1 X117.366 Y117.791 E.0165
G1 X117.606 Y118.123 F9000
G1 F900
G1 X117.491 Y118.24 E.00542
G1 X117.137 Y118.418 E.01308
G1 X116.72 Y118.58 E.01477
G1 X116.16 Y118.697 E.01889
G1 X115.529 Y118.696 E.02083
G1 X114.961 Y118.598 E.01903
G1 X114.401 Y118.374 E.01991
G1 X113.924 Y118.081 E.01848
G1 X113.506 Y117.684 E.01903
G1 X113.182 Y117.251 E.01786
G1 X112.952 Y116.749 E.01823
G1 X112.817 Y116.247 E.01716
G1 X112.79 Y115.738 E.01683
G1 X112.849 Y115.224 E.01708
G1 X113.068 Y114.621 E.02118
G1 X113.44 Y114.079 E.0217
G1 X113.943 Y113.644 E.02196
G1 X114.494 Y113.253 E.02231
G1 X115.1 Y112.985 E.02188
G1 X115.756 Y112.888 E.02189
G1 X116.407 Y112.95 E.02159
G1 X116.896 Y113.117 E.01706
G1 X117.343 Y113.359 E.01678
G1 X117.76 Y113.715 E.0181
G1 X118.106 Y114.129 E.01781
G1 X118.373 Y114.636 E.01892
G1 X118.546 Y115.167 E.01844
G1 X118.608 Y115.73 E.0187
G1 X118.59 Y116.161 E.01424
G1 X118.479 Y116.733 E.01924
G1 X118.219 Y117.34 E.0218
G1 X117.911 Y117.814 E.01866
G1 X117.648 Y118.081 E.01237
G1 X117.876 Y118.401 F9000
;TYPE:External perimeter
;WIDTH:0.419999
G1 F900
G1 X117.722 Y118.558 E.0069
G1 X117.1 Y118.869 E.0218
G1 X116.475 Y119.036 E.02028
G1 X115.945 Y119.093 E.01671
G1 X115.293 Y119.064 E.02046
G1 X114.63 Y118.892 E.02148
G1 X114.047 Y118.63 E.02004
G1 X113.516 Y118.24 E.02066
G1 X113.085 Y117.794 E.01945
G1 X112.75 Y117.256 E.01987
G1 X112.522 Y116.7 E.01884
G1 X112.414 Y116.098 E.01918
G1 X112.409 Y115.52 E.01812
G1 X112.537 Y114.914 E.01942
G1 X112.728 Y114.431 E.01629
G1 X113.15 Y113.819 E.02331
G1 X113.703 Y113.339 E.02296
G1 X114.302 Y112.914 E.02303
G1 X114.741 Y112.72 E.01505
G1 X115.179 Y112.57 E.01452
G1 X115.759 Y112.5 E.01832
G1 X116.48 Y112.569 E.02271
G1 X117.05 Y112.762 E.01887
G1 X117.561 Y113.039 E.01822
G1 X118.035 Y113.442 E.01951
G1 X118.428 Y113.912 E.01921
G1 X118.729 Y114.485 E.02029
G1 X118.925 Y115.086 E.01982
G1 X118.996 Y115.756 E.02112
G1 X118.954 Y116.405 E.02039
G1 X118.78 Y117.034 E.02046
G1 X118.561 Y117.52 E.01671
G1 X118.21 Y118.063 E.02027
G1 X117.918 Y118.358 E.01301
G1 E-3.5 F3600
;WIPE_START
G1 F7200
G1 X117.876 Y118.401 E-.02855
G1 X117.722 Y118.558 E-.10446
G1 X117.1 Y118.869 E-.33032
G1 X116.475 Y119.036 E-.30729
G1 X115.945 Y119.093 E-.2532
G1 X115.293 Y119.064 E-.31001
G1 X114.955 Y118.976 E-.16617
;WIPE_END
G1 X115.178 Y117.925 F9000
G1 E5 F2400
;TYPE:Internal infill
;WIDTH:0.44
G1 F900
G1 X115.766 Y118.01 E.01962
G1 X116.405 Y117.942 E.02122
G1 X117.072 Y117.664 E.02386
G1 X117.366 Y117.366 E.01382
G1 X114.281 Y114.281 E.14405
G1 X114.843 Y113.867 E.02305
G1 X115.5 Y113.614 E.02325
G1 X116.275 Y113.644 E.02561
G1 X116.719 Y113.806 E.0156
G1 X117.01 Y113.99 E.01137
G1 X113.918 Y117.082 E.14438
G1 X113.57 Y116.394 E.02546
G1 X113.488 Y115.879 E.01722
G1 X113.536 Y115.379 E.01658
G1 X113.764 Y114.848 E.01908
;LAYER_CHANGE
;Z:32.6
;HEIGHT:0.199997
;BEFORE_LAYER_CHANGE
G92 E0
;32.6


G1 E-3.5 F3600
;WIPE_START
G1 F7200
G1 X113.536 Y115.379 E-.27449
G1 X113.488 Y115.879 E-.23859
G1 X113.57 Y116.394 E-.24771
G1 X113.918 Y117.082 E-.36623
G1 X114.473 Y116.527 E-.37298
;WIPE_END
G1 Z32.6 F9000
;AFTER_LAYER_CHANGE
;32.6
G1 X117.159 Y117.963
G1 E5 F2400
;TYPE:Perimeter
;WIDTH:0.439999
G1 F900
G1 X116.808 Y118.138 E.01295
G1 X116.261 Y118.277 E.01863
G1 X115.76 Y118.317 E.01659
G1 X115.245 Y118.252 E.01714
G1 X114.744 Y118.101 E.01728
G1 X114.316 Y117.866 E.01612
G1 X113.918 Y117.55 E.01678
G1 X113.524 Y117.047 E.0211
G1 X113.276 Y116.48 E.02043
G1 X113.182 Y115.888 E.01979
G1 X113.237 Y115.312 E.0191
G1 X113.416 Y114.815 E.01744
G1 X113.739 Y114.346 E.0188
G1 X114.188 Y113.957 E.01961
G1 X114.691 Y113.6 E.02037
G1 X115.226 Y113.363 E.01932
G1 X115.706 Y113.285 E.01606
G1 X116.334 Y113.343 E.02082
G1 X116.858 Y113.534 E.01841
G1 X117.362 Y113.877 E.02013
G1 X117.776 Y114.351 E.02078
G1 X117.997 Y114.767 E.01555
G1 X118.157 Y115.251 E.01683
G1 X118.215 Y115.928 E.02243
G1 X118.133 Y116.47 E.0181
G1 X117.973 Y116.953 E.0168
G1 X117.702 Y117.421 E.01786
G1 X117.254 Y117.915 E.02202
G1 X117.212 Y117.936 E.00155
G1 X117.344 Y118.314 F9000
G1 F900
G1 X117.137 Y118.418 E.00765
G1 X116.72 Y118.58 E.01477
G1 X116.16 Y118.697 E.01889
G1 X115.529 Y118.696 E.02083
G1 X114.961 Y118.598 E.01903
G1 X114.401 Y118.374 E.01991
G1 X113.924 Y118.081 E.01848
G1 X113.506 Y117.684 E.01903
G1 X113.182 Y117.251 E.01786
G1 X112.952 Y116.749 E.01823
G1 X112.817 Y116.247 E.01716
G1 X112.79 Y115.738 E.01683
G1 X112.849 Y115.224 E.01708
G1 X113.068 Y114.621 E.02118
G1 X113.44 Y114.079 E.0217
G1 X113.943 Y113.644 E.02196
G1 X114.494 Y113.253 E.02231
G1 X115.1 Y112.985 E.02188
G1 X115.705 Y112.886 E.02024
G1 X116.408 Y112.951 E.02331
G1 X116.897 Y113.118 E.01706
G1 X117.343 Y113.359 E.01674
G1 X117.76 Y113.715 E.0181
G1 X118.106 Y114.129 E.01781
G1 X118.373 Y114.636 E.01892
G1 X118.546 Y115.167 E.01844
G1 X118.608 Y115.73 E.0187
G1 X118.59 Y116.161 E.01424
G1 X118.479 Y116.733 E.01924
G1 X118.219 Y117.34 E.0218
G1 X117.911 Y117.814 E.01866
G1 X117.491 Y118.24 E.01975
G1 X117.398 Y118.287 E.00344
G1 X117.525 Y118.656 F9000
;TYPE:External perimeter
;WIDTH:0.419999
G1 F900
G1 X117.1 Y118.869 E.01491
G1 X116.475 Y119.036 E.02028
G1 X115.945 Y119.093 E.01671
G1 X115.293 Y119.064 E.02046
G1 X114.63 Y118.892 E.02148
G1 X114.047 Y118.63 E.02004
G1 X113.516 Y118.24 E.02066
G1 X113.085 Y117.794 E.01945
G1 X112.75 Y117.256 E.01987
G1 X112.522 Y116.7 E.01884
G1 X112.414 Y116.098 E.01918
G1 X112.409 Y115.52 E.01812
G1 X112.537 Y114.914 E.01942
G1 X112.728 Y114.431 E.01629
G1 X113.15 Y113.819 E.02331
G1 X113.703 Y113.339 E.02296
G1 X114.302 Y112.914 E.02303
G1 X114.774 Y112.706 E.01617
G1 X115.192 Y112.567 E.01381
G1 X115.703 Y112.497 E.01617
G1 X116.48 Y112.569 E.02447
G1 X117.051 Y112.762 E.0189
G1 X117.561 Y113.039 E.0182
G1 X118.035 Y113.442 E.01951
G1 X118.428 Y113.912 E.01921
G1 X118.729 Y114.485 E.02029
G1 X118.925 Y115.086 E.01982
G1 X118.996 Y115.756 E.02112
G1 X118.954 Y116.405 E.02039
G1 X118.78 Y117.034 E.02046
G1 X118.561 Y117.52 E.01671
G1 X118.21 Y118.063 E.02027
G1 X117.722 Y118.558 E.02179
G1 X117.578 Y118.629 E.00503
G1 E-3.5 F3600
;WIPE_START
G1 F7200
G1 X117.525 Y118.656 E-.02825
G1 X117.1 Y118.869 E-.22581
G1 X116.475 Y119.036 E-.30729
G1 X115.945 Y119.093 E-.2532
G1 X115.293 Y119.064 E-.31001
G1 X114.63 Y118.892 E-.32535
G1 X114.534 Y118.849 E-.05009
;WIPE_END
G1 X115.178 Y117.925 F9000
G1 E5 F2400
;TYPE:Internal infill
;WIDTH:0.44
G1 F900
G1 X115.766 Y118.01 E.01962
G1 X116.405 Y117.942 E.02122
G1 X117.072 Y117.664 E.02386
G1 X117.366 Y117.366 E.01382
G1 X114.281 Y114.281 E.14405
G1 X114.843 Y113.867 E.02305
G1 X115.511 Y113.612 E.02361
G1 X116.277 Y113.644 E.02531
G1 X116.719 Y113.806 E.01554
G1 X117.01 Y113.99 E.01137
G1 X113.918 Y117.082 E.14438
G1 X113.57 Y116.394 E.02546
G1 X113.488 Y115.879 E.01722
G1 X113.536 Y115.379 E.01658
G1 X113.764 Y114.848 E.01908
;LAYER_CHANGE
;Z:32.8
;HEIGHT:0.200001
;BEFORE_LAYER_CHANGE
G92 E0
;32.8


G1 E-3.5 F3600
;WIPE_START
G1 F7200
G1 X113.536 Y115.379 E-.27449
G1 X113.488 Y115.879 E-.23859
G1 X113.57 Y116.394 E-.24771
G1 X113.918 Y117.082 E-.36623
G1 X114.473 Y116.527 E-.37298
;WIPE_END
G1 Z32.8 F9000
;AFTER_LAYER_CHANGE
;32.8
G1 X115.395 Y118.467
G1 E5 F2400
;TYPE:Perimeter
;WIDTH:0.439999
G1 F900
G1 X115.007 Y118.403 E.01298
G1 X114.484 Y118.194 E.0186
G1 X114.055 Y117.931 E.01661
G1 X113.676 Y117.577 E.01712
G1 X113.36 Y117.16 E.01727
G1 X113.151 Y116.718 E.01614
G1 X113.015 Y116.229 E.01676
G1 X112.992 Y115.59 E.02111
G1 X113.125 Y114.985 E.02045
G1 X113.397 Y114.451 E.01979
G1 X113.78 Y114.018 E.01909
G1 X114.217 Y113.721 E.01745
G1 X114.753 Y113.531 E.01878
G1 X115.346 Y113.481 E.01965
G1 X115.963 Y113.487 E.02037
G1 X116.534 Y113.61 E.01929
G1 X116.996 Y113.845 E.01711
G1 X117.424 Y114.22 E.01879
G1 X117.755 Y114.708 E.01947
G1 X117.96 Y115.281 E.02009
G1 X118.012 Y115.737 E.01515
G1 X118.002 Y116.055 E.0105
G1 X117.911 Y116.548 E.01655
G1 X117.726 Y116.996 E.016
G1 X117.445 Y117.442 E.0174
G1 X117.06 Y117.833 E.01812
G1 X116.647 Y118.129 E.01678
G1 X116.153 Y118.348 E.01784
G1 X115.5 Y118.485 E.02203
G1 X115.454 Y118.477 E.00154
G1 X115.338 Y118.86 F9000
G1 F900
G1 X115.109 Y118.823 E.00766
G1 X114.677 Y118.709 E.01475
G1 X114.155 Y118.474 E.0189
G1 X113.645 Y118.103 E.02082
G1 X113.243 Y117.689 E.01905
G1 X112.922 Y117.179 E.0199
G1 X112.708 Y116.662 E.01847
G1 X112.603 Y116.094 E.01907
G1 X112.596 Y115.554 E.01783
G1 X112.704 Y115.013 E.01821
G1 X112.891 Y114.527 E.01719
G1 X113.167 Y114.099 E.01681
G1 X113.518 Y113.718 E.0171
G1 X114.049 Y113.359 E.02116
G1 X114.669 Y113.14 E.02171
G1 X115.331 Y113.083 E.02194
G1 X116.007 Y113.091 E.02232
G1 X116.655 Y113.23 E.02188
G1 X117.218 Y113.515 E.02083
G1 X117.608 Y113.844 E.01685
G1 X117.932 Y114.228 E.01659
G1 X118.183 Y114.697 E.01756
G1 X118.349 Y115.195 E.01733
G1 X118.409 Y115.749 E.0184
G1 X118.377 Y116.293 E.01799
G1 X118.221 Y116.855 E.01926
G1 X117.981 Y117.366 E.01864
G1 X117.611 Y117.851 E.02014
G1 X117.186 Y118.249 E.01922
G1 X116.618 Y118.586 E.02181
G1 X116.091 Y118.789 E.01865
G1 X115.5 Y118.887 E.01978
G1 X115.397 Y118.87 E.00345
G1 X115.283 Y119.244 F9000
;TYPE:External perimeter
;WIDTH:0.419999
G1 F900
G1 X114.814 Y119.166 E.01491
G1 X114.211 Y118.933 E.02027
G1 X113.748 Y118.669 E.01671
G1 X113.238 Y118.262 E.02046
G1 X112.803 Y117.733 E.02147
G1 X112.485 Y117.178 E.02006
G1 X112.285 Y116.55 E.02066
G1 X112.198 Y115.936 E.01944
G1 X112.243 Y115.304 E.01987
G1 X112.386 Y114.72 E.01885
G1 X112.652 Y114.17 E.01916
G1 X112.988 Y113.7 E.01811
G1 X113.447 Y113.284 E.01942
G1 X113.885 Y113.006 E.01627
G1 X114.587 Y112.759 E.02333
G1 X115.317 Y112.696 E.02297
G1 X116.05 Y112.704 E.02298
G1 X116.467 Y112.794 E.01338
G1 X116.975 Y112.946 E.01663
G1 X117.435 Y113.193 E.01637
G1 X117.881 Y113.57 E.01831
G1 X118.253 Y114.009 E.01804
G1 X118.538 Y114.543 E.01898
G1 X118.727 Y115.112 E.0188
G1 X118.802 Y115.936 E.02594
G1 X118.709 Y116.577 E.02031
G1 X118.515 Y117.178 E.0198
G1 X118.178 Y117.762 E.02114
G1 X117.762 Y118.262 E.02039
G1 X117.252 Y118.669 E.02046
G1 X116.789 Y118.933 E.01671
G1 X116.186 Y119.166 E.02027
G1 X115.5 Y119.279 E.0218
G1 X115.342 Y119.253 E.00502
G1 X115.149 Y118.117 F9000
;TYPE:Internal infill
;WIDTH:0.44
G1 F900
G1 X115.5 Y118.175 E.01175
G1 X116.203 Y118.007 E.02386
G1 X116.76 Y117.687 E.02121
G1 X117.224 Y117.224 E.02164
G1 X114.132 Y114.132 E.14438
G1 X114.817 Y113.833 E.02468
G1 X115.463 Y113.788 E.02138
G1 X115.929 Y113.793 E.01539
G1 X116.441 Y113.903 E.01729
G1 X116.868 Y114.132 E.016
G1 X113.776 Y117.224 E.14438
G1 X113.484 Y116.737 E.01875
G1 X113.318 Y116.179 E.01922
G1 X113.297 Y115.618 E.01854
G1 X113.463 Y114.974 E.02196
;LAYER_CHANGE
;Z:33
;HEIGHT:0.200001
;BEFORE_LAYER_CHANGE
G92 E0
;33


G1 E-3.5 F3600
;WIPE_START
G1 F7200
G1 X113.297 Y115.618 E-.3159
G1 X113.318 Y116.179 E-.26666
G1 X113.484 Y116.737 E-.27653
G1 X113.776 Y117.224 E-.26972
G1 X114.329 Y116.671 E-.37119
;WIPE_END
G1 Z33 F9000
;AFTER_LAYER_CHANGE
;33
G1 X115.595 Y118.467
G1 E5 F2400
;TYPE:Perimeter
;WIDTH:0.439999
G1 F900
G1 X115.207 Y118.403 E.01298
G1 X114.684 Y118.194 E.0186
G1 X114.255 Y117.931 E.01661
G1 X113.876 Y117.577 E.01712
G1 X113.56 Y117.16 E.01727
G1 X113.351 Y116.718 E.01614
G1 X113.215 Y116.229 E.01676
G1 X113.192 Y115.59 E.02111
G1 X113.325 Y114.985 E.02045
G1 X113.597 Y114.451 E.01979
G1 X113.98 Y114.018 E.01909
G1 X114.417 Y113.721 E.01745
G1 X114.953 Y113.531 E.01878
G1 X115.546 Y113.481 E.01965
G1 X116.163 Y113.487 E.02037
G1 X116.734 Y113.61 E.01929
G1 X117.196 Y113.845 E.01711
G1 X117.624 Y114.22 E.01879
G1 X117.955 Y114.708 E.01947
G1 X118.16 Y115.281 E.02009
G1 X118.212 Y115.737 E.01515
G1 X118.202 Y116.055 E.0105
G1 X118.111 Y116.548 E.01655
G1 X117.926 Y116.996 E.016
G1 X117.645 Y117.442 E.0174
G1 X117.26 Y117.833 E.01812
G1 X116.847 Y118.129 E.01678
G1 X116.353 Y118.348 E.01784
G1 X115.7 Y118.485 E.02203
G1 X115.654 Y118.477 E.00154
G1 X115.538 Y118.86 F9000
G1 F900
G1 X115.309 Y118.823 E.00766
G1 X114.877 Y118.709 E.01475
G1 X114.355 Y118.474 E.0189
G1 X113.845 Y118.103 E.02082
G1 X113.443 Y117.689 E.01905
G1 X113.122 Y117.179 E.0199
G1 X112.908 Y116.662 E.01847
G1 X112.803 Y116.094 E.01907
G1 X112.796 Y115.554 E.01783
G1 X112.904 Y115.013 E.01821
G1 X113.091 Y114.527 E.01719
G1 X113.367 Y114.099 E.01681
G1 X113.718 Y113.718 E.0171
G1 X114.249 Y113.359 E.02116
G1 X114.869 Y113.14 E.02171
G1 X115.531 Y113.083 E.02194
G1 X116.207 Y113.091 E.02232
G1 X116.855 Y113.23 E.02188
G1 X117.418 Y113.515 E.02083
G1 X117.808 Y113.844 E.01685
G1 X118.132 Y114.228 E.01659
G1 X118.383 Y114.697 E.01756
G1 X118.549 Y115.195 E.01733
G1 X118.609 Y115.749 E.0184
G1 X118.577 Y116.293 E.01799
G1 X118.421 Y116.855 E.01926
G1 X118.181 Y117.366 E.01864
G1 X117.811 Y117.851 E.02014
G1 X117.386 Y118.249 E.01922
G1 X116.818 Y118.586 E.02181
G1 X116.291 Y118.789 E.01865
G1 X115.7 Y118.887 E.01978
G1 X115.597 Y118.87 E.00345
G1 X115.483 Y119.244 F9000
;TYPE:External perimeter
;WIDTH:0.419999
G1 F900
G1 X115.014 Y119.166 E.01491
G1 X114.411 Y118.933 E.02027
G1 X113.948 Y118.669 E.01671
G1 X113.438 Y118.262 E.02046
G1 X113.003 Y117.733 E.02147
G1 X112.685 Y117.178 E.02006
G1 X112.485 Y116.55 E.02066
G1 X112.398 Y115.936 E.01944
G1 X112.443 Y115.304 E.01987
G1 X112.586 Y114.72 E.01885
G1 X112.852 Y114.17 E.01916
G1 X113.188 Y113.7 E.01811
G1 X113.647 Y113.284 E.01942
G1 X114.085 Y113.006 E.01627
G1 X114.787 Y112.759 E.02333
G1 X115.517 Y112.696 E.02297
G1 X116.25 Y112.704 E.02298
G1 X116.667 Y112.794 E.01338
G1 X117.175 Y112.946 E.01663
G1 X117.635 Y113.193 E.01637
G1 X118.081 Y113.57 E.01831
G1 X118.453 Y114.009 E.01804
G1 X118.738 Y114.543 E.01898
G1 X118.927 Y115.112 E.0188
G1 X119.002 Y115.936 E.02594
G1 X118.909 Y116.577 E.02031
G1 X118.715 Y117.178 E.0198
G1 X118.378 Y117.762 E.02114
G1 X117.962 Y118.262 E.02039
G1 X117.452 Y118.669 E.02046
G1 X116.989 Y118.933 E.01671
G1 X116.386 Y119.166 E.02027
G1 X115.7 Y119.279 E.0218
G1 X115.542 Y119.253 E.00502
G1 X115.777 Y117.646 F9000
;TYPE:Internal infill
;WIDTH:0.44
G1 F900
G1 X115.238 Y117.727 E.018
G1 X114.854 Y117.712 E.01269
G1 X114.816 Y117.918 E.00692
G1 X114.202 Y117.482 E.02486
G1 X113.894 Y117.106 E.01605
G1 X116.662 Y114.338 E.12925
G1 X116.853 Y114.499 E.00825
G1 X117.007 Y114.863 E.01305
G1 X117.174 Y115.397 E.01847
G1 X117.226 Y115.902 E.01676
G1 X117.161 Y116.304 E.01345
G1 X116.879 Y116.879 E.02115
G1 X114.219 Y114.219 E.1242
G1 X113.85 Y114.624 E.01809
G1 X113.614 Y115.089 E.01722
G1 X113.497 Y115.618 E.01789
G1 X113.564 Y116.379 E.02522
G1 E-3.5 F3600
;WIPE_START
G1 F7200
G1 X113.497 Y115.618 E-.36287
G1 X113.614 Y115.089 E-.25735
G1 X113.85 Y114.624 E-.24769
G1 X114.219 Y114.219 E-.26025
G1 X114.772 Y114.772 E-.37184
;WIPE_END
G1 X116.819 Y113.978 F9000
G1 E5 F2400
;TYPE:Solid infill
;WIDTH:0.46436
G1 F900
G1 X117.02 Y114.135 E.00894
;WIDTH:0.49205
G1 X117.22 Y114.291 E.00947
;WIDTH:0.541123
G1 X117.305 Y114.428 E.00668
;WIDTH:0.590196
G1 X117.391 Y114.565 E.00736
;WIDTH:0.639268
G1 X117.477 Y114.702 E.00802
;WIDTH:0.673051
G1 X117.58 Y114.976 E.01534
;WIDTH:0.706834
G1 X117.684 Y115.249 E.01613
;WIDTH:0.71162
G1 X117.757 Y115.858 E.0341
;WIDTH:0.715042
G1 X117.728 Y116.21 E.01974
G1 X117.582 Y116.699 E.02852
;WIDTH:0.705906
G1 X117.305 Y117.173 E.03027
;WIDTH:0.691074
G1 X116.893 Y117.598 E.0319
;WIDTH:0.66009
G1 X116.36 Y117.927 E.03214
;WIDTH:0.620032
G1 X116.098 Y118.03 E.01351
;WIDTH:0.596228
G1 X115.7 Y118.119 E.01876
;LAYER_CHANGE
;Z:33.2
;HEIGHT:0.200001
;BEFORE_LAYER_CHANGE
G92 E0
;33.2


G1 E-3.5 F3600
;WIPE_START
G1 F7200
G1 X116.098 Y118.03 E-.19372
G1 X116.36 Y117.927 E-.13372
G1 X116.893 Y117.598 E-.29752
G1 X117.305 Y117.173 E-.28116
G1 X117.582 Y116.699 E-.26078
G1 X117.728 Y116.21 E-.24241
G1 X117.744 Y116.02 E-.09069
;WIPE_END
G1 Z33.2 F9000
;AFTER_LAYER_CHANGE
;33.2
G1 X113.849 Y117.961
G1 E5 F2400
;TYPE:Perimeter
;WIDTH:0.439999
G1 F900
G1 X113.746 Y117.915 E.00372
G1 X113.298 Y117.421 E.02202
G1 X113.027 Y116.953 E.01786
G1 X112.856 Y116.425 E.01832
G1 X112.785 Y115.928 E.01658
G1 X112.815 Y115.434 E.01634
G1 X112.933 Y114.931 E.01706
G1 X113.224 Y114.351 E.02143
G1 X113.638 Y113.877 E.02078
G1 X114.142 Y113.534 E.02013
G1 X114.696 Y113.334 E.01945
G1 X115.231 Y113.283 E.01774
G1 X115.803 Y113.376 E.01913
G1 X116.304 Y113.597 E.01808
G1 X117.061 Y114.148 E.03091
G1 X117.273 Y114.385 E.0105
G1 X117.572 Y114.786 E.01652
G1 X117.763 Y115.312 E.01848
G1 X117.818 Y115.888 E.0191
G1 X117.724 Y116.48 E.01979
G1 X117.476 Y117.047 E.02043
G1 X117.198 Y117.42 E.01536
G1 X116.834 Y117.765 E.01656
G1 X116.422 Y118.018 E.01596
G1 X115.932 Y118.215 E.01744
G1 X115.391 Y118.304 E.0181
G1 X114.882 Y118.301 E.01681
G1 X114.354 Y118.188 E.01783
G1 X113.903 Y117.985 E.01633
G1 X113.662 Y118.317 F9000
G1 F900
G1 X113.509 Y118.24 E.00566
G1 X113.089 Y117.814 E.01975
G1 X112.743 Y117.266 E.0214
G1 X112.521 Y116.733 E.01906
G1 X112.406 Y116.123 E.0205
G1 X112.396 Y115.551 E.01889
G1 X112.51 Y114.968 E.01961
G1 X112.706 Y114.451 E.01826
G1 X113.014 Y113.973 E.01877
G1 X113.375 Y113.579 E.01764
G1 X113.819 Y113.263 E.01799
G1 X114.28 Y113.041 E.01689
G1 X114.758 Y112.922 E.01626
G1 X115.258 Y112.885 E.01655
G1 X115.917 Y112.992 E.02204
G1 X116.503 Y113.251 E.02115
G1 X117.329 Y113.851 E.03371
G1 X117.768 Y114.343 E.02177
G1 X117.974 Y114.715 E.01404
G1 X118.151 Y115.224 E.01779
G1 X118.216 Y115.9 E.02242
G1 X118.142 Y116.427 E.01757
G1 X117.984 Y116.928 E.01734
G1 X117.708 Y117.412 E.0184
G1 X117.361 Y117.833 E.01801
G1 X116.905 Y118.196 E.01924
G1 X116.41 Y118.468 E.01865
G1 X115.826 Y118.643 E.02013
G1 X115.248 Y118.714 E.01923
G1 X114.59 Y118.654 E.02182
G1 X114.044 Y118.508 E.01866
G1 X113.715 Y118.344 E.01214
G1 X113.482 Y118.66 F9000
;TYPE:External perimeter
;WIDTH:0.419999
G1 F900
G1 X113.278 Y118.558 E.00715
G1 X112.79 Y118.063 E.02179
G1 X112.4 Y117.446 E.02289
G1 X112.15 Y116.845 E.02041
G1 X112.021 Y116.163 E.02176
G1 X112.01 Y115.518 E.02023
G1 X112.138 Y114.863 E.02093
G1 X112.359 Y114.277 E.01964
G1 X112.707 Y113.737 E.02014
G1 X113.117 Y113.289 E.01904
G1 X113.622 Y112.93 E.01943
G1 X114.149 Y112.676 E.01834
G1 X114.76 Y112.53 E.0197
G1 X115.284 Y112.497 E.01646
G1 X116.028 Y112.618 E.02363
G1 X116.697 Y112.914 E.02294
G1 X117.59 Y113.562 E.03459
G1 X118.081 Y114.112 E.02312
G1 X118.353 Y114.615 E.01793
G1 X118.529 Y115.138 E.0173
G1 X118.597 Y115.705 E.01791
G1 X118.584 Y116.118 E.01296
G1 X118.478 Y116.7 E.01855
G1 X118.241 Y117.275 E.0195
G1 X117.915 Y117.794 E.01922
G1 X117.463 Y118.258 E.02031
G1 X116.953 Y118.63 E.01979
G1 X116.337 Y118.904 E.02114
G1 X115.707 Y119.064 E.02038
G1 X115.055 Y119.093 E.02046
G1 X114.525 Y119.036 E.01671
G1 X113.9 Y118.869 E.02028
G1 X113.535 Y118.686 E.0128
G1 X114.992 Y118 F9000
;TYPE:Internal infill
;WIDTH:0.44
G1 F900
G1 X115.547 Y117.984 E.01833
G1 X116.136 Y117.819 E.0202
G1 X116.648 Y117.522 E.01954
G1 X117.082 Y117.082 E.02041
G1 X113.99 Y113.99 E.14438
G1 X114.518 Y113.704 E.01983
G1 X115.211 Y113.589 E.02319
G1 X115.715 Y113.672 E.01686
G1 X116.15 Y113.864 E.0157
G1 X116.721 Y114.279 E.02331
G1 X113.634 Y117.366 E.14414
G1 X113.307 Y116.828 E.02079
G1 X113.123 Y116.223 E.02088
G1 X113.098 Y115.611 E.02022
G1 X113.198 Y115.118 E.01661
;LAYER_CHANGE
;Z:33.4
;HEIGHT:0.200001
;BEFORE_LAYER_CHANGE
G92 E0
;33.4


G1 E-3.5 F3600
;WIPE_START
G1 F7200
G1 X113.098 Y115.611 E-.23894
G1 X113.123 Y116.223 E-.29094
G1 X113.307 Y116.828 E-.30037
G1 X113.634 Y117.366 E-.29905
G1 X114.186 Y116.814 E-.3707
;WIPE_END
G1 Z33.4 F9000
;AFTER_LAYER_CHANGE
;33.4
G1 X112.645 Y116.317
G1 E5 F2400
;TYPE:Perimeter
;WIDTH:0.439999
G1 F900
G1 X112.587 Y115.928 E.01299
G1 X112.624 Y115.366 E.0186
G1 X112.741 Y114.877 E.0166
G1 X112.961 Y114.407 E.01713
G1 X113.259 Y113.978 E.01725
G1 X113.616 Y113.643 E.01616
G1 X114.039 Y113.362 E.01677
G1 X114.639 Y113.143 E.02109
G1 X115.255 Y113.082 E.02044
G1 X115.847 Y113.176 E.01979
G1 X116.378 Y113.406 E.01911
G1 X116.796 Y113.73 E.01746
G1 X117.142 Y114.181 E.01877
G1 X117.373 Y114.729 E.01964
G1 X117.557 Y115.318 E.02037
G1 X117.595 Y116.14 E.02717
G1 X117.441 Y116.678 E.01848
G1 X117.147 Y117.176 E.01909
G1 X116.723 Y117.6 E.0198
G1 X116.189 Y117.913 E.02044
G1 X115.745 Y118.051 E.01535
G1 X115.248 Y118.117 E.01655
G1 X114.765 Y118.079 E.016
G1 X114.254 Y117.95 E.0174
G1 X113.764 Y117.704 E.0181
G1 X113.354 Y117.403 E.01679
G1 X112.993 Y117.001 E.01784
G1 X112.661 Y116.422 E.02204
G1 X112.654 Y116.376 E.00154
G1 X112.254 Y116.384 F9000
G1 F900
G1 X112.219 Y116.155 E.00765
G1 X112.193 Y115.708 E.01478
G1 X112.256 Y115.14 E.01887
G1 X112.452 Y114.54 E.02084
G1 X112.721 Y114.03 E.01904
G1 X113.107 Y113.567 E.0199
G1 X113.532 Y113.203 E.01848
G1 X114.04 Y112.928 E.01907
G1 X114.551 Y112.755 E.01781
G1 X115.1 Y112.69 E.01825
G1 X115.619 Y112.718 E.01716
G1 X116.111 Y112.849 E.01681
G1 X116.582 Y113.064 E.01709
G1 X117.088 Y113.458 E.02117
G1 X117.488 Y113.98 E.02171
G1 X117.746 Y114.592 E.02193
G1 X117.948 Y115.238 E.02235
G1 X117.981 Y115.561 E.01072
G1 X117.999 Y116.079 E.01711
G1 X117.919 Y116.521 E.01483
G1 X117.726 Y116.993 E.01684
G1 X117.462 Y117.42 E.01658
G1 X117.093 Y117.803 E.01756
G1 X116.67 Y118.115 E.01735
G1 X116.163 Y118.344 E.01837
G1 X115.635 Y118.482 E.01802
G1 X115.052 Y118.507 E.01927
G1 X114.492 Y118.436 E.01864
G1 X113.916 Y118.234 E.02015
G1 X113.407 Y117.952 E.01921
G1 X112.91 Y117.517 E.02181
G1 X112.554 Y117.078 E.01866
G1 X112.279 Y116.547 E.01974
G1 X112.263 Y116.444 E.00344
G1 X111.873 Y116.45 F9000
;TYPE:External perimeter
;WIDTH:0.419999
G1 F900
G1 X111.801 Y115.98 E.01491
G1 X111.836 Y115.335 E.02025
G1 X111.945 Y114.813 E.01672
G1 X112.174 Y114.202 E.02046
G1 X112.542 Y113.625 E.02146
G1 X112.972 Y113.151 E.02007
G1 X113.508 Y112.767 E.02067
G1 X114.065 Y112.495 E.01944
G1 X114.68 Y112.342 E.01987
G1 X115.279 Y112.297 E.01883
G1 X115.885 Y112.38 E.01918
G1 X116.436 Y112.554 E.01812
G1 X116.973 Y112.863 E.01943
G1 X117.373 Y113.194 E.01628
G1 X117.825 Y113.784 E.0233
G1 X118.11 Y114.459 E.02297
G1 X118.329 Y115.159 E.023
G1 X118.373 Y115.584 E.0134
G1 X118.372 Y116.259 E.02116
G1 X118.224 Y116.818 E.01813
G1 X117.988 Y117.333 E.01776
G1 X117.632 Y117.813 E.01874
G1 X117.204 Y118.221 E.01854
G1 X116.674 Y118.547 E.01951
G1 X116.106 Y118.775 E.01919
G1 X115.468 Y118.885 E.0203
G1 X114.836 Y118.886 E.01982
G1 X114.177 Y118.746 E.02112
G1 X113.572 Y118.505 E.02042
G1 X113.028 Y118.146 E.02044
G1 X112.633 Y117.787 E.01674
G1 X112.225 Y117.285 E.02028
G1 X111.906 Y116.668 E.02178
G1 X111.882 Y116.51 E.00501
G1 X112.871 Y115.895 F9000
;TYPE:Solid infill
;WIDTH:0.391582
G1 F900
G1 X112.919 Y115.302 E.01725
;WIDTH:0.389328
G1 X113.062 Y114.843 E.01385
;WIDTH:0.369426
G1 X113.346 Y114.324 E.01606
;WIDTH:0.363078
G1 X113.564 Y114.05 E.00932
;WIDTH:0.408061
G1 X113.632 Y114.024 E.00221
;WIDTH:0.453043
G1 X113.701 Y113.998 E.00251
;WIDTH:0.498025
G1 X113.769 Y113.972 E.00275
;WIDTH:0.543008
G1 X113.837 Y113.946 E.00303
;WIDTH:0.58799
G1 X113.906 Y113.921 E.00333
;WIDTH:0.632972
G1 X113.974 Y113.895 E.00357
G1 X113.945 Y113.957 E.00336
;WIDTH:0.58799
G1 X113.915 Y114.019 E.00312
;WIDTH:0.543008
G1 X113.886 Y114.081 E.00285
;WIDTH:0.498025
G1 X113.857 Y114.144 E.00262
;WIDTH:0.453043
G1 X113.827 Y114.206 E.00235
;WIDTH:0.408061
G1 X113.798 Y114.268 E.00208
;WIDTH:0.363078
G1 X113.618 Y114.483 E.00746
;WIDTH:0.36893
G1 X113.348 Y115.01 E.01605
;WIDTH:0.374224
G1 X113.218 Y115.608 E.01686
;WIDTH:0.374743
G1 X113.244 Y116.24 E.01745
G1 X113.435 Y116.864 E.01801
G1 X113.695 Y117.313 E.01432
G1 X113.262 Y116.904 E.01643
G1 X112.938 Y116.363 E.0174
;WIDTH:0.384512
G1 X112.899 Y116.091 E.0078
G1 E-3.5 F3600
;WIPE_START
G1 F7200
G1 X112.938 Y116.363 E-.13052
G1 X113.262 Y116.904 E-.29954
G1 X113.695 Y117.313 E-.28292
G1 X113.435 Y116.864 E-.24645
G1 X113.244 Y116.24 E-.30997
G1 X113.224 Y115.755 E-.2306
;WIPE_END
G1 X113.974 Y113.895 F9000
G1 E5 F2400
;WIDTH:0.632972
G1 F900
G1 X114.399 Y113.638 E.02437
;WIDTH:0.594942
G1 X114.919 Y113.471 E.02507
;WIDTH:0.566414
G1 X115.364 Y113.453 E.01939
G1 E-3.5 F3600
;WIPE_START
G1 F7200
G1 X114.919 Y113.471 E-.21155
G1 X114.399 Y113.638 E-.25943
G1 X113.974 Y113.895 E-.23591
;WIPE_END
G1 E-.79311 F3600
G1 X113.664 Y116.442 F9000
G1 E5 F2400
;TYPE:Internal infill
;WIDTH:0.44
G1 F900
G1 X113.573 Y115.894 E.01834
G1 X113.621 Y115.365 E.01754
G1 X113.919 Y114.671 E.02494
G1 X114.279 Y114.279 E.01757
G1 X116.939 Y116.939 E.1242
G1 X117.16 Y116.557 E.01457
G1 X117.31 Y115.902 E.02219
G1 X117.256 Y115.38 E.01733
G1 X117.086 Y114.835 E.01885
G1 X116.783 Y114.217 E.02273
G1 X113.954 Y117.046 E.1321
G1 X114.18 Y117.372 E.0131
G1 X114.033 Y117.51 E.00666
G1 X114.36 Y117.663 E.01192
G1 X114.947 Y117.799 E.01989
G1 X115.759 Y117.735 E.02689
;LAYER_CHANGE
;Z:33.6
;HEIGHT:0.199997
;BEFORE_LAYER_CHANGE
G92 E0
;33.6


G1 E-3.5 F3600
;WIPE_START
G1 F7200
G1 X114.947 Y117.799 E-.3869
G1 X114.36 Y117.663 E-.28621
G1 X114.033 Y117.51 E-.17149
G1 X114.18 Y117.372 E-.09577
G1 X113.954 Y117.046 E-.18842
G1 X114.507 Y116.493 E-.37121
;WIPE_END
G1 Z33.6 F9000
;AFTER_LAYER_CHANGE
;33.6
G1 X112.715 Y116.515
G1 E5 F2400
;TYPE:Perimeter
;WIDTH:0.439999
G1 F900
G1 X112.661 Y116.422 E.00355
G1 X112.587 Y115.928 E.01649
G1 X112.624 Y115.366 E.0186
G1 X112.741 Y114.877 E.0166
G1 X112.961 Y114.407 E.01713
G1 X113.259 Y113.978 E.01725
G1 X113.616 Y113.643 E.01616
G1 X114.039 Y113.362 E.01677
G1 X114.639 Y113.143 E.02109
G1 X115.255 Y113.082 E.02044
G1 X115.847 Y113.176 E.01979
G1 X116.378 Y113.406 E.01911
G1 X116.796 Y113.73 E.01746
G1 X117.142 Y114.181 E.01877
G1 X117.373 Y114.729 E.01964
G1 X117.557 Y115.318 E.02037
G1 X117.595 Y116.14 E.02717
G1 X117.441 Y116.678 E.01848
G1 X117.147 Y117.176 E.01909
G1 X116.723 Y117.6 E.0198
G1 X116.189 Y117.913 E.02044
G1 X115.745 Y118.051 E.01535
G1 X115.248 Y118.117 E.01655
G1 X114.765 Y118.079 E.016
G1 X114.254 Y117.95 E.0174
G1 X113.764 Y117.704 E.0181
G1 X113.354 Y117.403 E.01679
G1 X112.993 Y117.001 E.01784
G1 X112.744 Y116.567 E.01652
G1 X112.354 Y116.692 F9000
G1 F900
G1 X112.279 Y116.547 E.00539
G1 X112.219 Y116.155 E.01309
G1 X112.193 Y115.708 E.01478
G1 X112.256 Y115.14 E.01887
G1 X112.452 Y114.54 E.02084
G1 X112.721 Y114.03 E.01904
G1 X113.107 Y113.567 E.0199
G1 X113.532 Y113.203 E.01848
G1 X114.04 Y112.928 E.01907
G1 X114.551 Y112.755 E.01781
G1 X115.1 Y112.69 E.01825
G1 X115.619 Y112.718 E.01716
G1 X116.111 Y112.849 E.01681
G1 X116.582 Y113.064 E.01709
G1 X117.088 Y113.458 E.02117
G1 X117.488 Y113.98 E.02171
G1 X117.746 Y114.592 E.02193
G1 X117.948 Y115.238 E.02235
G1 X117.981 Y115.561 E.01072
G1 X117.999 Y116.079 E.01711
G1 X117.919 Y116.521 E.01483
G1 X117.726 Y116.993 E.01684
G1 X117.462 Y117.42 E.01658
G1 X117.093 Y117.803 E.01756
G1 X116.67 Y118.115 E.01735
G1 X116.163 Y118.344 E.01837
G1 X115.635 Y118.482 E.01802
G1 X115.052 Y118.507 E.01927
G1 X114.492 Y118.436 E.01864
G1 X113.916 Y118.234 E.02015
G1 X113.407 Y117.952 E.01921
G1 X112.91 Y117.517 E.02181
G1 X112.554 Y117.078 E.01866
G1 X112.382 Y116.746 E.01235
G1 X112.007 Y116.863 F9000
;TYPE:External perimeter
;WIDTH:0.419999
G1 F900
G1 X111.906 Y116.668 E.00689
G1 X111.801 Y115.98 E.02182
G1 X111.836 Y115.335 E.02025
G1 X111.945 Y114.813 E.01672
G1 X112.174 Y114.202 E.02046
G1 X112.542 Y113.625 E.02146
G1 X112.972 Y113.151 E.02007
G1 X113.508 Y112.767 E.02067
G1 X114.065 Y112.495 E.01944
G1 X114.68 Y112.342 E.01987
G1 X115.279 Y112.297 E.01883
G1 X115.885 Y112.38 E.01918
G1 X116.436 Y112.554 E.01812
G1 X116.973 Y112.863 E.01943
G1 X117.373 Y113.194 E.01628
G1 X117.825 Y113.784 E.0233
G1 X118.11 Y114.459 E.02297
G1 X118.329 Y115.159 E.023
G1 X118.373 Y115.584 E.0134
G1 X118.372 Y116.259 E.02116
G1 X118.224 Y116.818 E.01813
G1 X117.988 Y117.333 E.01776
G1 X117.632 Y117.813 E.01874
G1 X117.204 Y118.221 E.01854
G1 X116.674 Y118.547 E.01951
G1 X116.106 Y118.775 E.01919
G1 X115.468 Y118.885 E.0203
G1 X114.836 Y118.886 E.01982
G1 X114.177 Y118.746 E.02112
G1 X113.572 Y118.505 E.02042
G1 X113.028 Y118.146 E.02044
G1 X112.633 Y117.787 E.01674
G1 X112.225 Y117.285 E.02028
G1 X112.034 Y116.917 E.013
G1 X112.896 Y115.93 F9000
;TYPE:Internal infill
;WIDTH:0.44
G1 F900
G1 X112.945 Y115.285 E.02136
G1 X113.152 Y114.688 E.02086
G1 X113.491 Y114.178 E.02022
G1 X113.849 Y113.849 E.01605
G1 X116.939 Y116.939 E.14428
G1 X117.16 Y116.557 E.01457
G1 X117.31 Y115.902 E.02219
G1 X117.256 Y115.38 E.01733
G1 X117.086 Y114.835 E.01885
G1 X116.783 Y114.217 E.02273
G1 X113.707 Y117.293 E.14363
G1 X114.078 Y117.537 E.01466
G1 X114.652 Y117.75 E.02021
G1 X115.24 Y117.811 E.01952
G1 X115.955 Y117.672 E.02405
;LAYER_CHANGE
;Z:33.8
;HEIGHT:0.200001
;BEFORE_LAYER_CHANGE
G92 E0
;33.8


G1 E-3.5 F3600
;WIPE_START
G1 F7200
G1 X115.24 Y117.811 E-.34598
G1 X114.652 Y117.75 E-.2808
G1 X114.078 Y117.537 E-.29082
G1 X113.707 Y117.293 E-.21092
G1 X114.26 Y116.74 E-.37148
;WIPE_END
G1 Z33.8 F9000
;AFTER_LAYER_CHANGE
;33.8
G1 X112.65 Y114.684
G1 E5 F2400
;TYPE:Perimeter
;WIDTH:0.439999
G1 F900
G1 X112.661 Y114.578 E.00352
G1 X112.993 Y113.999 E.02204
G1 X113.354 Y113.597 E.01784
G1 X113.804 Y113.271 E.01835
G1 X114.254 Y113.05 E.01655
G1 X114.732 Y112.926 E.0163
G1 X115.315 Y112.89 E.01929
G1 X115.89 Y112.981 E.01922
G1 X116.468 Y113.228 E.02075
G1 X116.95 Y113.6 E.0201
G1 X117.311 Y114.066 E.01946
G1 X117.536 Y114.589 E.0188
G1 X117.597 Y115.139 E.01827
G1 X117.568 Y115.647 E.0168
G1 X117.269 Y116.567 E.03194
G1 X117.109 Y116.842 E.0105
G1 X116.819 Y117.25 E.01653
G1 X116.378 Y117.594 E.01847
G1 X115.847 Y117.824 E.01911
G1 X115.256 Y117.918 E.01976
G1 X114.639 Y117.857 E.02047
G1 X114.199 Y117.708 E.01534
G1 X113.758 Y117.469 E.01656
G1 X113.39 Y117.155 E.01597
G1 X113.052 Y116.75 E.01742
G1 X112.8 Y116.263 E.0181
G1 X112.645 Y115.778 E.01681
G1 X112.59 Y115.241 E.01782
G1 X112.643 Y114.744 E.0165
G1 X112.254 Y114.616 F9000
G1 F900
G1 X112.279 Y114.453 E.00544
G1 X112.554 Y113.922 E.01974
G1 X112.968 Y113.424 E.02138
G1 X113.407 Y113.048 E.01908
G1 X113.951 Y112.75 E.02048
G1 X114.492 Y112.564 E.01889
G1 X115.078 Y112.497 E.01947
G1 X115.636 Y112.519 E.01844
G1 X116.184 Y112.664 E.01872
G1 X116.67 Y112.885 E.01763
G1 X117.107 Y113.209 E.01796
G1 X117.462 Y113.58 E.01695
G1 X117.725 Y114.004 E.01647
G1 X117.919 Y114.479 E.01694
G1 X117.998 Y115.295 E.02707
G1 X117.954 Y115.741 E.0148
G1 X117.633 Y116.73 E.03433
G1 X117.302 Y117.3 E.02176
G1 X116.857 Y117.748 E.02085
G1 X116.423 Y118.017 E.01686
G1 X115.959 Y118.206 E.01654
G1 X115.435 Y118.3 E.01758
G1 X114.91 Y118.303 E.01733
G1 X114.364 Y118.19 E.01841
G1 X113.856 Y117.991 E.01801
G1 X113.37 Y117.669 E.01925
G1 X112.959 Y117.283 E.01862
G1 X112.611 Y116.781 E.02017
G1 X112.365 Y116.254 E.0192
G1 X112.219 Y115.61 E.0218
G1 X112.189 Y115.045 E.01868
G1 X112.245 Y114.675 E.01236
G1 X111.873 Y114.55 F9000
;TYPE:External perimeter
;WIDTH:0.419999
G1 F900
G1 X111.906 Y114.332 E.00691
G1 X112.225 Y113.715 E.02178
G1 X112.633 Y113.213 E.02028
G1 X113.028 Y112.854 E.01674
G1 X113.572 Y112.495 E.02044
G1 X114.211 Y112.244 E.02153
G1 X114.833 Y112.115 E.01992
G1 X115.341 Y112.105 E.01593
G1 X115.912 Y112.183 E.01807
G1 X116.499 Y112.365 E.01927
G1 X117.044 Y112.671 E.0196
G1 X117.506 Y113.045 E.01864
G1 X117.886 Y113.517 E.019
G1 X118.163 Y114.012 E.01779
G1 X118.323 Y114.518 E.01664
G1 X118.385 Y115.285 E.02413
G1 X118.331 Y115.833 E.01727
G1 X117.988 Y116.889 E.03481
G1 X117.618 Y117.526 E.0231
G1 X117.377 Y117.802 E.01149
G1 X116.928 Y118.168 E.01816
G1 X116.436 Y118.446 E.01772
G1 X115.865 Y118.624 E.01875
G1 X115.279 Y118.703 E.01854
G1 X114.659 Y118.655 E.0195
G1 X114.065 Y118.505 E.01921
G1 X113.484 Y118.219 E.0203
G1 X112.972 Y117.849 E.01981
G1 X112.521 Y117.348 E.02114
G1 X112.174 Y116.798 E.02039
G1 X111.945 Y116.187 E.02046
G1 X111.836 Y115.665 E.01672
G1 X111.801 Y115.02 E.02025
G1 X111.864 Y114.609 E.01304
G1 X112.97 Y115.806 F9000
;TYPE:Internal infill
;WIDTH:0.44
G1 F900
G1 X112.893 Y115.092 E.02371
G1 X112.956 Y114.673 E.01399
G1 X113.333 Y114.056 E.02387
G1 X113.707 Y113.707 E.01689
G1 X116.787 Y116.787 E.14382
G1 X116.988 Y116.441 E.01321
G1 X117.297 Y115.408 E.0356
G1 X117.242 Y114.673 E.02434
G1 X116.939 Y114.061 E.02255
G1 X113.849 Y117.151 E.14428
G1 X114.44 Y117.48 E.02233
G1 X114.978 Y117.602 E.01821
G1 X115.509 Y117.587 E.01754
G1 X116.094 Y117.396 E.02032
;LAYER_CHANGE
;Z:34
;HEIGHT:0.200001
;BEFORE_LAYER_CHANGE
G92 E0
;34


G1 E-3.5 F3600
;WIPE_START
G1 F7200
G1 X115.509 Y117.587 E-.29231
G1 X114.978 Y117.602 E-.25233
G1 X114.44 Y117.48 E-.26204
G1 X113.849 Y117.151 E-.32129
G1 X114.403 Y116.597 E-.37203
;WIPE_END
G1 Z34 F9000
;AFTER_LAYER_CHANGE
;34
G1 X112.45 Y114.684
G1 E5 F2400
;TYPE:Perimeter
;WIDTH:0.439999
G1 F900
G1 X112.461 Y114.578 E.00352
G1 X112.793 Y113.999 E.02204
G1 X113.154 Y113.597 E.01784
G1 X113.604 Y113.271 E.01835
G1 X114.054 Y113.05 E.01655
G1 X114.532 Y112.926 E.0163
G1 X115.115 Y112.89 E.01929
G1 X115.69 Y112.981 E.01922
G1 X116.268 Y113.228 E.02075
G1 X116.75 Y113.6 E.0201
G1 X117.111 Y114.066 E.01946
G1 X117.336 Y114.589 E.0188
G1 X117.397 Y115.139 E.01827
G1 X117.368 Y115.647 E.0168
G1 X117.069 Y116.567 E.03194
G1 X116.909 Y116.842 E.0105
G1 X116.619 Y117.25 E.01653
G1 X116.178 Y117.594 E.01847
G1 X115.647 Y117.824 E.01911
G1 X115.056 Y117.918 E.01976
G1 X114.439 Y117.857 E.02047
G1 X113.999 Y117.708 E.01534
G1 X113.558 Y117.469 E.01656
G1 X113.19 Y117.155 E.01597
G1 X112.852 Y116.75 E.01742
G1 X112.6 Y116.263 E.0181
G1 X112.445 Y115.778 E.01681
G1 X112.39 Y115.241 E.01782
G1 X112.443 Y114.744 E.0165
G1 X112.054 Y114.616 F9000
G1 F900
G1 X112.079 Y114.453 E.00544
G1 X112.354 Y113.922 E.01974
G1 X112.768 Y113.424 E.02138
G1 X113.207 Y113.048 E.01908
G1 X113.751 Y112.75 E.02048
G1 X114.292 Y112.564 E.01889
G1 X114.878 Y112.497 E.01947
G1 X115.436 Y112.519 E.01844
G1 X115.984 Y112.664 E.01872
G1 X116.47 Y112.885 E.01763
G1 X116.907 Y113.209 E.01796
G1 X117.262 Y113.58 E.01695
G1 X117.525 Y114.004 E.01647
G1 X117.719 Y114.479 E.01694
G1 X117.798 Y115.295 E.02707
G1 X117.754 Y115.741 E.0148
G1 X117.433 Y116.73 E.03433
G1 X117.102 Y117.3 E.02176
G1 X116.657 Y117.748 E.02085
G1 X116.223 Y118.017 E.01686
G1 X115.759 Y118.206 E.01654
G1 X115.235 Y118.3 E.01758
G1 X114.71 Y118.303 E.01733
G1 X114.164 Y118.19 E.01841
G1 X113.656 Y117.991 E.01801
G1 X113.17 Y117.669 E.01925
G1 X112.759 Y117.283 E.01862
G1 X112.411 Y116.781 E.02017
G1 X112.165 Y116.254 E.0192
G1 X112.019 Y115.61 E.0218
G1 X111.989 Y115.045 E.01868
G1 X112.045 Y114.675 E.01236
G1 X111.673 Y114.55 F9000
;TYPE:External perimeter
;WIDTH:0.419999
G1 F900
G1 X111.706 Y114.332 E.00691
G1 X112.025 Y113.715 E.02178
G1 X112.433 Y113.213 E.02028
G1 X112.828 Y112.854 E.01674
G1 X113.372 Y112.495 E.02044
G1 X114.011 Y112.244 E.02153
G1 X114.633 Y112.115 E.01992
G1 X115.141 Y112.105 E.01593
G1 X115.712 Y112.183 E.01807
G1 X116.299 Y112.365 E.01927
G1 X116.844 Y112.671 E.0196
G1 X117.306 Y113.045 E.01864
G1 X117.686 Y113.517 E.019
G1 X117.963 Y114.012 E.01779
G1 X118.123 Y114.518 E.01664
G1 X118.185 Y115.285 E.02413
G1 X118.131 Y115.833 E.01727
G1 X117.788 Y116.889 E.03481
G1 X117.418 Y117.526 E.0231
G1 X117.177 Y117.802 E.01149
G1 X116.728 Y118.168 E.01816
G1 X116.236 Y118.446 E.01772
G1 X115.665 Y118.624 E.01875
G1 X115.079 Y118.703 E.01854
G1 X114.459 Y118.655 E.0195
G1 X113.865 Y118.505 E.01921
G1 X113.284 Y118.219 E.0203
G1 X112.772 Y117.849 E.01981
G1 X112.321 Y117.348 E.02114
G1 X111.974 Y116.798 E.02039
G1 X111.745 Y116.187 E.02046
G1 X111.636 Y115.665 E.01672
G1 X111.601 Y115.02 E.02025
G1 X111.664 Y114.609 E.01304
G1 X113.432 Y114.697 F9000
;TYPE:Internal infill
;WIDTH:0.44
G1 F900
G1 X113.38 Y115.375 E.02245
G1 X113.492 Y115.883 E.01718
G1 X113.719 Y116.329 E.01652
G1 X114.192 Y116.808 E.02223
G1 X116.82 Y114.18 E.12271
G1 X117.042 Y114.673 E.01785
G1 X117.097 Y115.408 E.02434
G1 X116.788 Y116.441 E.0356
G1 X116.66 Y116.66 E.00838
G1 X113.908 Y113.908 E.1285
G1 X114.736 Y113.481 E.03076
G1 X114.64 Y113.218 E.00924
G1 X115.204 Y113.205 E.01863
G1 X115.788 Y113.34 E.01979
G1 X114.27 Y113.29 F9000
;TYPE:Solid infill
;WIDTH:0.42073
G1 F900
G1 X113.786 Y113.517 E.01679
;WIDTH:0.47055
G1 X113.37 Y113.837 E.01866
;WIDTH:0.520468
G1 X113.255 Y114.009 E.00822
;WIDTH:0.570385
G1 X113.139 Y114.182 E.00914
;WIDTH:0.620302
G1 X113.023 Y114.354 E.00996
;WIDTH:0.654648
G1 X112.98 Y114.475 E.00653
;WIDTH:0.688994
G1 X112.936 Y114.597 E.00697
;WIDTH:0.72334
G1 X112.893 Y114.718 E.00727
;WIDTH:0.724232
G1 X112.835 Y115.124 E.02323
G1 X112.898 Y115.701 E.03288
;WIDTH:0.701512
G1 X113.11 Y116.308 E.03521
;WIDTH:0.685468
G1 X113.461 Y116.821 E.03321
;WIDTH:0.65796
G1 X113.915 Y117.21 E.03058
;WIDTH:0.62076
G1 X114.41 Y117.448 E.02639
;WIDTH:0.579022
G1 X115.01 Y117.56 E.02721
;WIDTH:0.532094
G1 X115.287 Y117.542 E.01129
;WIDTH:0.49059
G1 X115.564 Y117.524 E.01033
;LAYER_CHANGE
;Z:34.2
;HEIGHT:0.200001
;BEFORE_LAYER_CHANGE
G92 E0
;34.2


G1 E-3.5 F3600
;WIPE_START
G1 F7200
G1 X115.287 Y117.542 E-.13185
G1 X115.01 Y117.56 E-.13185
G1 X114.41 Y117.448 E-.28992
G1 X113.915 Y117.21 E-.26089
G1 X113.461 Y116.821 E-.28398
G1 X113.11 Y116.308 E-.29525
G1 X113.036 Y116.097 E-.10626
;WIPE_END
G1 Z34.2 F9000
;AFTER_LAYER_CHANGE
;34.2
G1 X113.674 Y113.165
G1 E5 F2400
;TYPE:Perimeter
;WIDTH:0.439999
G1 F900
G1 X113.746 Y113.085 E.00355
G1 X114.354 Y112.812 E.02201
G1 X114.877 Y112.7 E.01766
G1 X115.436 Y112.7 E.01846
G1 X115.932 Y112.785 E.01662
G1 X116.393 Y112.967 E.01636
G1 X116.834 Y113.235 E.01704
G1 X117.296 Y113.691 E.02143
G1 X117.619 Y114.231 E.02078
G1 X117.79 Y114.816 E.02012
G1 X117.814 Y115.249 E.01432
G1 X117.782 Y115.567 E.01055
G1 X117.643 Y116.05 E.01659
G1 X117.409 Y116.44 E.01502
G1 X117.086 Y116.834 E.01682
G1 X116.304 Y117.403 E.03193
G1 X116.013 Y117.531 E.0105
G1 X115.539 Y117.691 E.01652
G1 X114.98 Y117.71 E.01847
G1 X114.415 Y117.585 E.01911
G1 X113.881 Y117.312 E.0198
G1 X113.418 Y116.901 E.02044
G1 X113.15 Y116.522 E.01533
G1 X112.933 Y116.069 E.01658
G1 X112.82 Y115.598 E.01599
G1 X112.785 Y115.072 E.01741
G1 X112.867 Y114.529 E.01813
G1 X113.027 Y114.047 E.01677
G1 X113.298 Y113.579 E.01786
G1 X113.634 Y113.209 E.0165
G1 X113.394 Y112.877 F9000
G1 F900
G1 X113.509 Y112.76 E.00542
G1 X113.863 Y112.582 E.01308
G1 X114.28 Y112.42 E.01477
G1 X114.837 Y112.304 E.01879
G1 X115.468 Y112.305 E.02083
G1 X116.039 Y112.402 E.01912
G1 X116.599 Y112.626 E.01991
G1 X117.076 Y112.919 E.01848
G1 X117.494 Y113.316 E.01903
G1 X117.818 Y113.749 E.01786
G1 X118.048 Y114.25 E.0182
G1 X118.183 Y114.753 E.0172
G1 X118.21 Y115.262 E.01683
G1 X118.151 Y115.776 E.01708
G1 X117.932 Y116.379 E.02118
G1 X117.641 Y116.802 E.01695
G1 X117.344 Y117.138 E.01481
G1 X116.503 Y117.749 E.03432
G1 X115.9 Y118.015 E.02176
G1 X115.277 Y118.116 E.02084
G1 X114.768 Y118.079 E.01685
G1 X114.28 Y117.959 E.01659
G1 X113.802 Y117.727 E.01754
G1 X113.375 Y117.421 E.01734
G1 X113 Y117.009 E.01839
G1 X112.706 Y116.549 E.01803
G1 X112.502 Y116.003 E.01924
G1 X112.396 Y115.449 E.01862
G1 X112.41 Y114.839 E.02015
G1 X112.521 Y114.267 E.01924
G1 X112.781 Y113.66 E.0218
G1 X113.089 Y113.186 E.01866
G1 X113.352 Y112.919 E.01237
G1 X113.124 Y112.599 F9000
;TYPE:External perimeter
;WIDTH:0.419999
G1 F900
G1 X113.278 Y112.442 E.0069
G1 X113.69 Y112.236 E.01444
G1 X114.167 Y112.049 E.01606
G1 X114.798 Y111.918 E.02021
G1 X115.5 Y111.919 E.02201
G1 X116.144 Y112.029 E.02048
G1 X116.772 Y112.28 E.0212
G1 X117.312 Y112.611 E.01986
G1 X117.783 Y113.059 E.02038
G1 X118.151 Y113.551 E.01926
G1 X118.412 Y114.119 E.0196
G1 X118.566 Y114.692 E.0186
G1 X118.591 Y115.48 E.02472
G1 X118.463 Y116.086 E.01942
G1 X118.272 Y116.569 E.01629
G1 X117.96 Y117.022 E.01725
G1 X117.595 Y117.434 E.01726
G1 X116.697 Y118.086 E.03479
G1 X116.022 Y118.384 E.02313
G1 X115.666 Y118.466 E.01145
G1 X115.088 Y118.498 E.01815
G1 X114.526 Y118.433 E.01774
G1 X113.959 Y118.242 E.01876
G1 X113.439 Y117.961 E.01853
G1 X112.965 Y117.558 E.01951
G1 X112.572 Y117.088 E.01921
G1 X112.271 Y116.515 E.02029
G1 X112.075 Y115.914 E.01982
G1 X112.004 Y115.244 E.02112
G1 X112.046 Y114.595 E.02039
G1 X112.22 Y113.967 E.02043
G1 X112.439 Y113.48 E.01674
G1 X112.79 Y112.937 E.02027
G1 X113.082 Y112.642 E.01301
G1 E-3.5 F3600
;WIPE_START
G1 F7200
G1 X113.124 Y112.599 E-.02855
G1 X113.278 Y112.442 E-.10446
G1 X113.69 Y112.236 E-.2188
G1 X114.167 Y112.049 E-.24336
G1 X114.798 Y111.918 E-.30612
G1 X115.5 Y111.919 E-.33345
G1 X116.05 Y112.013 E-.26526
;WIPE_END
G1 X115.823 Y113.075 F9000
G1 E5 F2400
;TYPE:Internal infill
;WIDTH:0.44
G1 F900
G1 X115.389 Y113.003 E.01453
G1 X114.595 Y113.058 E.02628
G1 X113.928 Y113.336 E.02386
G1 X113.634 Y113.634 E.01382
G1 X116.721 Y116.721 E.14414
G1 X116.15 Y117.136 E.02331
G1 X115.489 Y117.388 E.02336
G1 X114.762 Y117.367 E.02401
G1 X114.281 Y117.194 E.01688
G1 X113.99 Y117.01 E.01137
G1 X117.082 Y113.918 E.14438
G1 X117.43 Y114.606 E.02546
G1 X117.512 Y115.121 E.01722
G1 X117.464 Y115.621 E.01658
G1 X117.236 Y116.152 E.01908
;LAYER_CHANGE
;Z:34.4
;HEIGHT:0.200001
;BEFORE_LAYER_CHANGE
G92 E0
;34.4


G1 E-3.5 F3600
;WIPE_START
G1 F7200
G1 X117.464 Y115.621 E-.27449
G1 X117.512 Y115.121 E-.23859
G1 X117.43 Y114.606 E-.24771
G1 X117.082 Y113.918 E-.36623
G1 X116.527 Y114.473 E-.37298
;WIPE_END
G1 Z34.4 F9000
;AFTER_LAYER_CHANGE
;34.4
G1 X115.605 Y112.533
G1 E5 F2400
;TYPE:Perimeter
;WIDTH:0.439999
G1 F900
G1 X115.993 Y112.597 E.01298
G1 X116.516 Y112.806 E.0186
G1 X116.945 Y113.069 E.01661
G1 X117.322 Y113.421 E.01703
G1 X117.64 Y113.84 E.01737
G1 X117.849 Y114.282 E.01614
G1 X117.985 Y114.771 E.01676
G1 X118.008 Y115.41 E.02111
G1 X117.875 Y116.015 E.02045
G1 X117.603 Y116.549 E.01979
G1 X117.307 Y116.896 E.01506
G1 X116.911 Y117.205 E.01658
G1 X116.491 Y117.382 E.01505
G1 X115.999 Y117.512 E.0168
G1 X115.032 Y117.512 E.03193
G1 X114.721 Y117.445 E.0105
G1 X114.244 Y117.295 E.01651
G1 X113.78 Y116.982 E.01848
G1 X113.397 Y116.549 E.01909
G1 X113.125 Y116.015 E.01979
G1 X112.992 Y115.41 E.02045
G1 X112.998 Y114.945 E.01535
G1 X113.089 Y114.452 E.01655
G1 X113.274 Y114.004 E.016
G1 X113.555 Y113.558 E.0174
G1 X113.94 Y113.167 E.01812
G1 X114.353 Y112.871 E.01678
G1 X114.847 Y112.652 E.01784
G1 X115.5 Y112.515 E.02203
G1 X115.546 Y112.523 E.00154
G1 X115.576 Y112.125 F9000
G1 F900
G1 X116.091 Y112.211 E.01724
G1 X116.692 Y112.45 E.02135
G1 X117.186 Y112.751 E.0191
G1 X117.637 Y113.177 E.02048
G1 X117.981 Y113.634 E.01889
G1 X118.232 Y114.173 E.01963
G1 X118.377 Y114.707 E.01827
G1 X118.404 Y115.446 E.02442
G1 X118.296 Y115.987 E.01821
G1 X118.109 Y116.473 E.01719
G1 X117.833 Y116.901 E.01681
G1 X117.482 Y117.282 E.0171
G1 X116.951 Y117.641 E.02116
G1 X116.467 Y117.812 E.01695
G1 X116.029 Y117.909 E.01481
G1 X114.99 Y117.909 E.0343
G1 X114.345 Y117.77 E.02179
G1 X113.782 Y117.485 E.02083
G1 X113.392 Y117.156 E.01685
G1 X113.068 Y116.772 E.01659
G1 X112.817 Y116.303 E.01756
G1 X112.651 Y115.805 E.01733
G1 X112.591 Y115.251 E.0184
G1 X112.623 Y114.707 E.01799
G1 X112.779 Y114.145 E.01926
G1 X113.019 Y113.634 E.01864
G1 X113.389 Y113.149 E.02014
G1 X113.814 Y112.751 E.01922
G1 X114.382 Y112.414 E.02181
G1 X114.909 Y112.211 E.01865
G1 X115.5 Y112.113 E.01978
G1 X115.517 Y112.116 E.00057
G1 X115.607 Y111.738 F9000
;TYPE:External perimeter
;WIDTH:0.419999
G1 F900
G1 X116.186 Y111.834 E.0184
G1 X116.864 Y112.103 E.02287
G1 X117.42 Y112.442 E.02042
G1 X117.925 Y112.919 E.02178
G1 X118.313 Y113.434 E.02022
G1 X118.595 Y114.039 E.02093
G1 X118.76 Y114.644 E.01966
G1 X118.796 Y115.262 E.01941
G1 X118.757 Y115.696 E.01366
G1 X118.614 Y116.28 E.01885
G1 X118.348 Y116.83 E.01916
G1 X118.012 Y117.3 E.01811
G1 X117.553 Y117.716 E.01942
G1 X117.115 Y117.994 E.01627
G1 X116.595 Y118.177 E.01728
G1 X116.058 Y118.296 E.01725
G1 X114.948 Y118.296 E.0348
G1 X114.228 Y118.14 E.0231
G1 X113.891 Y117.997 E.01148
G1 X113.404 Y117.683 E.01817
G1 X112.988 Y117.3 E.01773
G1 X112.642 Y116.813 E.01873
G1 X112.386 Y116.28 E.01854
G1 X112.24 Y115.675 E.01951
G1 X112.198 Y115.064 E.0192
G1 X112.291 Y114.423 E.02031
G1 X112.485 Y113.822 E.0198
G1 X112.822 Y113.238 E.02114
G1 X113.238 Y112.738 E.02039
G1 X113.748 Y112.331 E.02046
G1 X114.211 Y112.067 E.01671
G1 X114.814 Y111.834 E.02027
G1 X115.5 Y111.721 E.0218
G1 X115.548 Y111.728 E.00152
G1 X116.167 Y113.629 F9000
;TYPE:Internal infill
;WIDTH:0.44
G1 F900
G1 X115.587 Y113.357 E.02115
G1 X115.217 Y113.356 E.01222
G1 X114.515 Y113.709 E.02594
G1 X114.121 Y114.121 E.01882
G1 X116.599 Y116.599 E.11571
G1 X116.711 Y116.407 E.00734
G1 X117.014 Y115.402 E.03466
G1 X116.961 Y114.696 E.02338
G1 X116.76 Y114.24 E.01645
G1 X114.132 Y116.868 E.12271
G1 X114.056 Y116.809 E.00318
G1 X114.195 Y116.735 E.0052
G1 X113.825 Y115.596 E.03954
G1 X113.774 Y115.098 E.01653
G1 X113.846 Y114.675 E.01417
G1 E-3.5 F3600
;WIPE_START
G1 F7200
G1 X113.774 Y115.098 E-.20381
G1 X113.825 Y115.596 E-.23779
G1 X114.195 Y116.735 E-.56886
G1 X114.056 Y116.809 E-.0748
G1 X114.132 Y116.868 E-.0457
G1 X114.681 Y116.319 E-.36904
;WIPE_END
G1 X116.727 Y113.546 F9000
G1 E5 F2400
;TYPE:Solid infill
;WIDTH:0.503603
G1 F900
G1 X116.759 Y113.613 E.00284
;WIDTH:0.45577
G1 X116.792 Y113.679 E.00253
;WIDTH:0.407936
G1 X116.825 Y113.746 E.00227
;WIDTH:0.376868
G1 X117.116 Y114.154 E.01392
;WIDTH:0.385918
G1 X117.312 Y114.63 E.01468
;WIDTH:0.393982
G1 X117.38 Y115.114 E.01427
G1 X117.349 Y115.621 E.01483
;WIDTH:0.379223
G1 X117.059 Y116.508 E.0261
;WIDTH:0.370063
G1 X116.84 Y116.932 E.01298
G1 X117.211 Y116.607 E.01342
G1 X117.5 Y116.186 E.01389
;WIDTH:0.379223
G1 X117.673 Y115.705 E.01429
;WIDTH:0.393982
G1 X117.73 Y115.125 E.01701
G1 X117.646 Y114.553 E.01688
;WIDTH:0.385918
G1 X117.413 Y114.001 E.01709
;WIDTH:0.376868
G1 X117.061 Y113.536 E.01619
;WIDTH:0.405318
G1 X116.991 Y113.508 E.00227
;WIDTH:0.450532
G1 X116.921 Y113.48 E.00256
;WIDTH:0.495747
G1 X116.85 Y113.452 E.00287
;WIDTH:0.540961
G1 X116.78 Y113.424 E.00312
;WIDTH:0.586176
G1 X116.71 Y113.396 E.00341
;WIDTH:0.63139
G1 X116.639 Y113.368 E.00373
;WIDTH:0.64255
G1 X116.442 Y113.226 E.01211
G1 X116.216 Y113.115 E.01255
;WIDTH:0.613076
G1 X115.99 Y113.004 E.01194
;WIDTH:0.583602
G1 X115.5 Y112.884 E.02268
;WIDTH:0.556612
G1 X115.327 Y112.893 E.0074
;WIDTH:0.519534
G1 X114.771 Y113.055 E.02295
G1 X114.23 Y113.38 E.02501
G1 X113.802 Y113.815 E.02418
;WIDTH:0.519356
G1 X113.508 Y114.327 E.02339
G1 X113.357 Y114.863 E.02206
;WIDTH:0.545628
G1 X113.351 Y115.377 E.02149
G1 X113.458 Y115.896 E.02215
;WIDTH:0.530174
G1 X113.557 Y116.136 E.01052
;WIDTH:0.48963
G1 X113.656 Y116.376 E.00964
;LAYER_CHANGE
;Z:34.6
;HEIGHT:0.199997
;BEFORE_LAYER_CHANGE
G92 E0
;34.6


G1 E-3.5 F3600
;WIPE_START
G1 F7200
G1 X113.557 Y116.136 E-.12332
G1 X113.458 Y115.896 E-.12332
G1 X113.351 Y115.377 E-.25171
G1 X113.357 Y114.863 E-.24417
G1 X113.508 Y114.327 E-.26451
G1 X113.802 Y113.815 E-.28044
G1 X114.116 Y113.496 E-.21253
;WIPE_END
G1 Z34.6 F9000
;AFTER_LAYER_CHANGE
;34.6
G1 X117.157 Y113.042
G1 E5 F2400
;TYPE:Perimeter
;WIDTH:0.439999
G1 F900
G1 X117.254 Y113.085 E.0035
G1 X117.487 Y113.321 E.01095
G1 X117.804 Y113.726 E.01698
G1 X118.045 Y114.241 E.01877
G1 X118.179 Y114.726 E.01661
G1 X118.208 Y115.415 E.02277
G1 X118.116 Y115.895 E.01614
G1 X117.938 Y116.371 E.01678
G1 X117.582 Y116.901 E.02108
G1 X117.119 Y117.312 E.02044
G1 X116.585 Y117.585 E.0198
G1 X116.02 Y117.71 E.01911
G1 X115.492 Y117.694 E.01744
G1 X114.947 Y117.532 E.01877
G1 X114.438 Y117.224 E.01964
G1 X113.943 Y116.856 E.02037
G1 X113.727 Y116.615 E.01069
G1 X113.428 Y116.214 E.01652
G1 X113.237 Y115.688 E.01848
G1 X113.182 Y115.112 E.0191
G1 X113.276 Y114.52 E.01979
G1 X113.524 Y113.953 E.02043
G1 X113.802 Y113.58 E.01536
G1 X114.166 Y113.235 E.01656
G1 X114.579 Y112.982 E.01599
G1 X115.068 Y112.785 E.01741
G1 X115.609 Y112.696 E.0181
G1 X116.118 Y112.699 E.01681
G1 X116.646 Y112.812 E.01783
G1 X117.102 Y113.017 E.01651
G1 X117.344 Y112.686 F9000
G1 F900
G1 X117.491 Y112.76 E.00543
G1 X117.769 Y113.042 E.01307
G1 X118.144 Y113.519 E.02003
G1 X118.417 Y114.102 E.02125
G1 X118.571 Y114.66 E.01911
G1 X118.609 Y115.236 E.01906
G1 X118.573 Y115.657 E.01395
G1 X118.442 Y116.201 E.01847
G1 X118.193 Y116.722 E.01907
G1 X117.881 Y117.163 E.01784
G1 X117.475 Y117.538 E.01825
G1 X117.039 Y117.821 E.01716
G1 X116.564 Y118.004 E.01681
G1 X116.056 Y118.106 E.01711
G1 X115.415 Y118.085 E.02118
G1 X114.785 Y117.898 E.0217
G1 X114.216 Y117.554 E.02195
G1 X113.673 Y117.151 E.02233
G1 X113.232 Y116.657 E.02186
G1 X112.943 Y116.096 E.02084
G1 X112.821 Y115.6 E.01686
G1 X112.784 Y115.1 E.01655
G1 X112.858 Y114.573 E.01757
G1 X113.016 Y114.072 E.01734
G1 X113.292 Y113.589 E.01837
G1 X113.639 Y113.167 E.01804
G1 X114.095 Y112.804 E.01924
G1 X114.59 Y112.532 E.01865
G1 X115.174 Y112.357 E.02013
G1 X115.752 Y112.286 E.01923
G1 X116.41 Y112.346 E.02182
G1 X116.956 Y112.492 E.01866
G1 X117.29 Y112.659 E.01233
G1 X117.525 Y112.344 F9000
;TYPE:External perimeter
;WIDTH:0.419999
G1 F900
G1 X117.722 Y112.442 E.0069
G1 X118.21 Y112.937 E.02179
G1 X118.561 Y113.48 E.02027
G1 X118.78 Y113.966 E.01671
G1 X118.954 Y114.595 E.02046
G1 X118.995 Y115.279 E.02148
G1 X118.925 Y115.914 E.02003
G1 X118.719 Y116.54 E.02066
G1 X118.428 Y117.088 E.01945
G1 X118.02 Y117.573 E.01987
G1 X117.561 Y117.961 E.01884
G1 X117.022 Y118.25 E.01918
G1 X116.474 Y118.433 E.01811
G1 X115.858 Y118.499 E.01942
G1 X115.34 Y118.467 E.01627
G1 X114.628 Y118.255 E.02329
G1 X114 Y117.876 E.023
G1 X113.411 Y117.438 E.02301
G1 X112.919 Y116.888 E.02314
G1 X112.73 Y116.574 E.01149
G1 X112.522 Y116.034 E.01814
G1 X112.409 Y115.48 E.01773
G1 X112.416 Y114.882 E.01875
G1 X112.522 Y114.3 E.01855
G1 X112.759 Y113.725 E.0195
G1 X113.085 Y113.206 E.01922
G1 X113.537 Y112.743 E.02029
G1 X114.047 Y112.37 E.01981
G1 X114.663 Y112.096 E.02114
G1 X115.293 Y111.936 E.02038
G1 X115.945 Y111.907 E.02046
G1 X116.475 Y111.964 E.01671
G1 X117.1 Y112.131 E.02028
G1 X117.471 Y112.317 E.01301
G1 X116.009 Y113 F9000
;TYPE:Internal infill
;WIDTH:0.44
G1 F900
G1 X115.451 Y113.016 E.01843
G1 X114.864 Y113.181 E.02013
G1 X114.352 Y113.478 E.01954
G1 X113.918 Y113.918 E.02041
G1 X117.01 Y117.01 E.14438
G1 X116.719 Y117.194 E.01137
G1 X116.238 Y117.367 E.01688
G1 X115.551 Y117.392 E.0227
G1 X115.072 Y117.25 E.0165
G1 X114.276 Y116.724 E.0315
G1 X117.366 Y113.634 E.14428
G1 X117.693 Y114.172 E.02079
G1 X117.877 Y114.777 E.02088
G1 X117.902 Y115.389 E.02022
G1 X117.802 Y115.882 E.01661
;LAYER_CHANGE
;Z:34.8
;HEIGHT:0.200001
;BEFORE_LAYER_CHANGE
G92 E0
;34.8


G1 E-3.5 F3600
;WIPE_START
G1 F7200
G1 X117.902 Y115.389 E-.23894
G1 X117.877 Y114.777 E-.29094
G1 X117.693 Y114.172 E-.30037
G1 X117.366 Y113.634 E-.29905
G1 X116.814 Y114.186 E-.3707
;WIPE_END
G1 Z34.8 F9000
;AFTER_LAYER_CHANGE
;34.8
G1 X118.35 Y114.684
G1 E5 F2400
;TYPE:Perimeter
;WIDTH:0.439999
G1 F900
G1 X118.41 Y115.241 E.0185
G1 X118.376 Y115.634 E.01302
G1 X118.259 Y116.123 E.0166
G1 X118.04 Y116.591 E.01706
G1 X117.741 Y117.022 E.01732
G1 X117.384 Y117.357 E.01616
G1 X116.961 Y117.638 E.01677
G1 X116.361 Y117.857 E.02109
G1 X115.744 Y117.918 E.02047
G1 X115.153 Y117.824 E.01976
G1 X114.731 Y117.65 E.01507
G1 X114.315 Y117.369 E.01658
G1 X114.016 Y117.025 E.01505
G1 X113.741 Y116.597 E.0168
G1 X113.442 Y115.676 E.03197
G1 X113.41 Y115.36 E.01049
G1 X113.405 Y114.86 E.01651
G1 X113.559 Y114.322 E.01848
G1 X113.853 Y113.824 E.01909
G1 X114.277 Y113.4 E.0198
G1 X114.811 Y113.087 E.02044
G1 X115.255 Y112.949 E.01535
G1 X115.752 Y112.883 E.01655
G1 X116.235 Y112.921 E.016
G1 X116.746 Y113.05 E.0174
G1 X117.236 Y113.296 E.0181
G1 X117.646 Y113.597 E.01679
G1 X118.007 Y113.999 E.01784
G1 X118.339 Y114.578 E.02204
G1 X118.344 Y114.624 E.00153
G1 X118.746 Y114.616 F9000
G1 F900
G1 X118.781 Y114.845 E.00765
G1 X118.807 Y115.292 E.01478
G1 X118.744 Y115.86 E.01887
G1 X118.548 Y116.46 E.02084
G1 X118.279 Y116.97 E.01904
G1 X117.893 Y117.433 E.0199
G1 X117.468 Y117.797 E.01848
G1 X116.961 Y118.071 E.01903
G1 X116.449 Y118.245 E.01785
G1 X115.901 Y118.31 E.01822
G1 X115.381 Y118.282 E.01719
G1 X114.889 Y118.151 E.01681
G1 X114.418 Y117.936 E.01709
G1 X113.912 Y117.542 E.02117
G1 X113.6 Y117.134 E.01696
G1 X113.373 Y116.747 E.01481
G1 X113.051 Y115.759 E.03431
G1 X112.984 Y115.103 E.02177
G1 X113.081 Y114.479 E.02085
G1 X113.274 Y114.007 E.01684
G1 X113.538 Y113.58 E.01658
G1 X113.907 Y113.197 E.01756
G1 X114.33 Y112.885 E.01735
G1 X114.838 Y112.656 E.0184
G1 X115.365 Y112.518 E.01799
G1 X115.948 Y112.493 E.01927
G1 X116.508 Y112.564 E.01864
G1 X117.084 Y112.766 E.02015
G1 X117.593 Y113.048 E.01921
G1 X118.09 Y113.483 E.02181
G1 X118.446 Y113.922 E.01866
G1 X118.721 Y114.453 E.01974
G1 X118.737 Y114.556 E.00344
G1 X119.127 Y114.55 F9000
;TYPE:External perimeter
;WIDTH:0.419999
G1 F900
G1 X119.163 Y114.787 E.00752
G1 X119.194 Y115.255 E.01471
G1 X119.164 Y115.665 E.01289
G1 X119.055 Y116.187 E.01672
G1 X118.826 Y116.798 E.02046
G1 X118.457 Y117.375 E.02147
G1 X118.028 Y117.849 E.02005
G1 X117.492 Y118.233 E.02067
G1 X116.935 Y118.505 E.01944
G1 X116.32 Y118.658 E.01987
G1 X115.721 Y118.703 E.01883
G1 X115.115 Y118.62 E.01918
G1 X114.564 Y118.446 E.01812
G1 X114.027 Y118.137 E.01943
G1 X113.627 Y117.806 E.01628
G1 X113.292 Y117.369 E.01726
G1 X113.013 Y116.894 E.01727
G1 X112.671 Y115.839 E.03477
G1 X112.596 Y115.106 E.0231
G1 X112.628 Y114.741 E.01149
G1 X112.776 Y114.182 E.01813
G1 X113.012 Y113.667 E.01776
G1 X113.368 Y113.187 E.01874
G1 X113.796 Y112.779 E.01854
G1 X114.326 Y112.453 E.01951
G1 X114.894 Y112.225 E.01919
G1 X115.533 Y112.115 E.02033
G1 X116.164 Y112.114 E.01978
G1 X116.824 Y112.255 E.02116
G1 X117.428 Y112.495 E.02038
G1 X117.972 Y112.854 E.02044
G1 X118.367 Y113.213 E.01674
G1 X118.775 Y113.715 E.02028
G1 X119.094 Y114.332 E.02178
G1 X119.118 Y114.49 E.00501
G1 X118.104 Y115.07 F9000
;TYPE:Internal infill
;WIDTH:0.44
G1 F900
G1 X118.055 Y115.715 E.02136
G1 X117.848 Y116.312 E.02086
G1 X117.509 Y116.822 E.02022
G1 X117.151 Y117.151 E.01605
G1 X114.061 Y114.061 E.14428
G1 X113.84 Y114.443 E.01457
G1 X113.69 Y115.098 E.02219
G1 X113.743 Y115.613 E.01709
G1 X114.025 Y116.481 E.03013
G1 X114.217 Y116.783 E.01182
G1 X117.293 Y113.707 E.14363
G1 X116.922 Y113.463 E.01466
G1 X116.348 Y113.25 E.02021
G1 X116.053 Y113.201 E.00987
G1 X115.47 Y113.215 E.01925
G1 X115.044 Y113.328 E.01455
;LAYER_CHANGE
;Z:35
;HEIGHT:0.200001
;BEFORE_LAYER_CHANGE
G92 E0
;35


G1 E-3.5 F3600
;WIPE_START
G1 F7200
G1 X115.47 Y113.215 E-.20935
G1 X116.053 Y113.201 E-.277
G1 X116.348 Y113.25 E-.14204
G1 X116.922 Y113.463 E-.29082
G1 X117.293 Y113.707 E-.21092
G1 X116.742 Y114.258 E-.36987
;WIPE_END
G1 Z35 F9000
;AFTER_LAYER_CHANGE
;35
G1 X118.085 Y114.485
G1 E5 F2400
;TYPE:Perimeter
;WIDTH:0.439999
G1 F900
G1 X118.139 Y114.578 E.00355
G1 X118.21 Y115.241 E.02202
G1 X118.176 Y115.634 E.01302
G1 X118.059 Y116.123 E.0166
G1 X117.84 Y116.591 E.01706
G1 X117.541 Y117.022 E.01732
G1 X117.184 Y117.357 E.01616
G1 X116.761 Y117.638 E.01677
G1 X116.161 Y117.857 E.02109
G1 X115.544 Y117.918 E.02047
G1 X114.953 Y117.824 E.01976
G1 X114.531 Y117.65 E.01507
G1 X114.115 Y117.369 E.01658
G1 X113.816 Y117.025 E.01505
G1 X113.541 Y116.597 E.0168
G1 X113.242 Y115.676 E.03197
G1 X113.21 Y115.36 E.01049
G1 X113.205 Y114.86 E.01651
G1 X113.359 Y114.322 E.01848
G1 X113.653 Y113.824 E.01909
G1 X114.077 Y113.4 E.0198
G1 X114.611 Y113.087 E.02044
G1 X115.055 Y112.949 E.01535
G1 X115.552 Y112.883 E.01655
G1 X116.035 Y112.921 E.016
G1 X116.546 Y113.05 E.0174
G1 X117.036 Y113.296 E.0181
G1 X117.446 Y113.597 E.01679
G1 X117.807 Y113.999 E.01784
G1 X118.056 Y114.433 E.01652
G1 X118.446 Y114.308 F9000
G1 F900
G1 X118.521 Y114.453 E.00539
G1 X118.581 Y114.845 E.01309
G1 X118.607 Y115.292 E.01478
G1 X118.544 Y115.86 E.01887
G1 X118.348 Y116.46 E.02084
G1 X118.079 Y116.97 E.01904
G1 X117.693 Y117.433 E.0199
G1 X117.268 Y117.797 E.01848
G1 X116.761 Y118.071 E.01903
G1 X116.249 Y118.245 E.01785
G1 X115.701 Y118.31 E.01822
G1 X115.181 Y118.282 E.01719
G1 X114.689 Y118.151 E.01681
G1 X114.218 Y117.936 E.01709
G1 X113.712 Y117.542 E.02117
G1 X113.4 Y117.134 E.01696
G1 X113.173 Y116.747 E.01481
G1 X112.851 Y115.759 E.03431
G1 X112.784 Y115.103 E.02177
G1 X112.881 Y114.479 E.02085
G1 X113.074 Y114.007 E.01684
G1 X113.338 Y113.58 E.01658
G1 X113.707 Y113.197 E.01756
G1 X114.13 Y112.885 E.01735
G1 X114.638 Y112.656 E.0184
G1 X115.165 Y112.518 E.01799
G1 X115.748 Y112.493 E.01927
G1 X116.308 Y112.564 E.01864
G1 X116.884 Y112.766 E.02015
G1 X117.393 Y113.048 E.01921
G1 X117.89 Y113.483 E.02181
G1 X118.246 Y113.922 E.01866
G1 X118.418 Y114.254 E.01235
G1 X118.793 Y114.137 F9000
;TYPE:External perimeter
;WIDTH:0.419999
G1 F900
G1 X118.894 Y114.332 E.00689
G1 X118.963 Y114.787 E.01443
G1 X118.994 Y115.255 E.01471
G1 X118.964 Y115.665 E.01289
G1 X118.855 Y116.187 E.01672
G1 X118.626 Y116.798 E.02046
G1 X118.257 Y117.375 E.02147
G1 X117.828 Y117.849 E.02005
G1 X117.292 Y118.233 E.02067
G1 X116.735 Y118.505 E.01944
G1 X116.12 Y118.658 E.01987
G1 X115.521 Y118.703 E.01883
G1 X114.915 Y118.62 E.01918
G1 X114.364 Y118.446 E.01812
G1 X113.827 Y118.137 E.01943
G1 X113.427 Y117.806 E.01628
G1 X113.092 Y117.369 E.01726
G1 X112.813 Y116.894 E.01727
G1 X112.471 Y115.839 E.03477
G1 X112.396 Y115.106 E.0231
G1 X112.428 Y114.741 E.01149
G1 X112.576 Y114.182 E.01813
G1 X112.812 Y113.667 E.01776
G1 X113.168 Y113.187 E.01874
G1 X113.596 Y112.779 E.01854
G1 X114.126 Y112.453 E.01951
G1 X114.694 Y112.225 E.01919
G1 X115.333 Y112.115 E.02033
G1 X115.964 Y112.114 E.01978
G1 X116.624 Y112.255 E.02116
G1 X117.228 Y112.495 E.02038
G1 X117.772 Y112.854 E.02044
G1 X118.167 Y113.213 E.01674
G1 X118.575 Y113.715 E.02028
G1 X118.766 Y114.083 E.013
G1 X117.883 Y114.929 F9000
;TYPE:Internal infill
;WIDTH:0.44
G1 F900
G1 X117.902 Y115.394 E.01537
G1 X117.77 Y116.023 E.02122
G1 X117.493 Y116.58 E.02054
G1 X117.063 Y117.063 E.02135
G1 X113.949 Y113.949 E.1454
G1 X113.64 Y114.443 E.01924
G1 X113.49 Y115.098 E.02219
G1 X113.543 Y115.613 E.01709
G1 X113.825 Y116.481 E.03013
G1 X114.103 Y116.897 E.01652
G1 X117.205 Y113.795 E.14484
G1 X116.722 Y113.463 E.01935
G1 X116.148 Y113.25 E.02021
G1 X115.696 Y113.195 E.01503
G1 X114.978 Y113.281 E.02388
;LAYER_CHANGE
;Z:35.2
;HEIGHT:0.200001
;BEFORE_LAYER_CHANGE
G92 E0
;35.2


G1 E-3.5 F3600
;WIPE_START
G1 F7200
G1 X115.696 Y113.195 E-.34349
G1 X116.148 Y113.25 E-.21628
G1 X116.722 Y113.463 E-.29082
G1 X117.205 Y113.795 E-.2784
G1 X116.653 Y114.347 E-.37101
;WIPE_END
G1 Z35.2 F9000
;AFTER_LAYER_CHANGE
;35.2
G1 X118.35 Y116.316
G1 E5 F2400
;TYPE:Perimeter
;WIDTH:0.439999
G1 F900
G1 X118.339 Y116.422 E.00352
G1 X118.109 Y116.866 E.01651
G1 X117.748 Y117.299 E.01861
G1 X117.366 Y117.626 E.0166
G1 X116.914 Y117.876 E.01705
G1 X116.418 Y118.049 E.01734
G1 X115.933 Y118.11 E.01614
G1 X115.425 Y118.088 E.01679
G1 X114.811 Y117.913 E.02108
G1 X114.277 Y117.6 E.02044
G1 X113.853 Y117.176 E.0198
G1 X113.614 Y116.787 E.01507
G1 X113.443 Y116.315 E.01658
G1 X113.403 Y115.861 E.01505
G1 X113.432 Y115.353 E.0168
G1 X113.731 Y114.433 E.03194
G1 X114.022 Y113.933 E.0191
G1 X114.388 Y113.566 E.01711
G1 X114.877 Y113.275 E.01879
G1 X115.277 Y113.148 E.01386
G1 X115.805 Y113.089 E.01754
G1 X116.387 Y113.15 E.01932
G1 X116.774 Y113.28 E.01348
G1 X117.242 Y113.531 E.01753
G1 X117.61 Y113.845 E.01597
G1 X117.948 Y114.25 E.01742
G1 X118.2 Y114.737 E.0181
G1 X118.355 Y115.222 E.01681
G1 X118.41 Y115.759 E.01782
G1 X118.357 Y116.257 E.01654
G1 X118.746 Y116.384 F9000
G1 F900
G1 X118.721 Y116.547 E.00544
G1 X118.539 Y116.899 E.01308
G1 X118.298 Y117.275 E.01475
G1 X117.913 Y117.698 E.01889
G1 X117.402 Y118.068 E.02083
G1 X116.884 Y118.323 E.01906
G1 X116.3 Y118.471 E.01989
G1 X115.742 Y118.515 E.01848
G1 X115.17 Y118.439 E.01905
G1 X114.654 Y118.279 E.01784
G1 X114.173 Y118.009 E.01821
G1 X113.768 Y117.681 E.01721
G1 X113.447 Y117.286 E.01681
G1 X113.193 Y116.835 E.01709
G1 X113.015 Y116.218 E.0212
G1 X113.002 Y115.705 E.01694
G1 X113.046 Y115.259 E.0148
G1 X113.367 Y114.27 E.03433
G1 X113.606 Y113.858 E.01573
G1 X113.898 Y113.471 E.01601
G1 X114.264 Y113.17 E.01565
G1 X114.719 Y112.91 E.0173
G1 X115.19 Y112.76 E.01632
G1 X115.813 Y112.691 E.0207
G1 X116.464 Y112.759 E.02161
G1 X116.989 Y112.941 E.01835
G1 X117.468 Y113.203 E.01803
G1 X117.916 Y113.59 E.01955
G1 X118.279 Y114.03 E.01883
G1 X118.567 Y114.584 E.02062
G1 X118.744 Y115.14 E.01927
G1 X118.811 Y115.955 E.027
G1 X118.755 Y116.325 E.01236
G1 X119.127 Y116.45 F9000
;TYPE:External perimeter
;WIDTH:0.419999
G1 F900
G1 X119.094 Y116.668 E.00691
G1 X118.775 Y117.285 E.02178
G1 X118.367 Y117.787 E.02028
G1 X117.972 Y118.146 E.01674
G1 X117.428 Y118.505 E.02044
G1 X116.79 Y118.756 E.0215
G1 X116.164 Y118.886 E.02005
G1 X115.505 Y118.882 E.02066
G1 X114.894 Y118.775 E.01945
G1 X114.307 Y118.537 E.01986
G1 X113.796 Y118.221 E.01884
G1 X113.355 Y117.798 E.01916
G1 X113.012 Y117.333 E.01812
G1 X112.758 Y116.767 E.01945
G1 X112.629 Y116.265 E.01625
G1 X112.615 Y115.715 E.01725
G1 X112.669 Y115.167 E.01727
G1 X113.012 Y114.111 E.03481
G1 X113.382 Y113.474 E.0231
G1 X113.777 Y113.06 E.01794
G1 X114.22 Y112.731 E.0173
G1 X114.766 Y112.481 E.01883
G1 X115.318 Y112.335 E.0179
G1 X115.821 Y112.302 E.01581
G1 X116.54 Y112.378 E.02267
G1 X117.145 Y112.587 E.02007
G1 X117.688 Y112.884 E.01941
G1 X118.192 Y113.318 E.02085
G1 X118.602 Y113.815 E.0202
G1 X118.923 Y114.434 E.02186
G1 X119.124 Y115.06 E.02061
G1 X119.199 Y115.98 E.02894
G1 X119.136 Y116.391 E.01304
G1 X118.03 Y115.194 F9000
;TYPE:Internal infill
;WIDTH:0.44
G1 F900
G1 X118.107 Y115.908 E.02371
G1 X118.044 Y116.327 E.01399
G1 X117.667 Y116.944 E.02387
G1 X117.293 Y117.293 E.01689
G1 X114.213 Y114.213 E.14382
G1 X114.012 Y114.559 E.01321
G1 X113.703 Y115.592 E.0356
G1 X113.758 Y116.327 E.02434
G1 X114.061 Y116.939 E.02255
G1 X117.151 Y113.849 E.14428
G1 X116.82 Y113.634 E.01303
G1 X116.327 Y113.452 E.01735
G1 X115.473 Y113.417 E.02822
G1 X114.903 Y113.605 E.01982
;LAYER_CHANGE
;Z:35.4
;HEIGHT:0.200001
;BEFORE_LAYER_CHANGE
G92 E0
;35.4


G1 E-3.5 F3600
;WIPE_START
G1 F7200
G1 X115.473 Y113.417 E-.2851
G1 X116.327 Y113.452 E-.40599
G1 X116.82 Y113.634 E-.24962
G1 X117.151 Y113.849 E-.18748
G1 X116.598 Y114.402 E-.37181
;WIPE_END
G1 Z35.4 F9000
;AFTER_LAYER_CHANGE
;35.4
G1 X118.55 Y116.316
G1 E5 F2400
;TYPE:Perimeter
;WIDTH:0.439999
G1 F900
G1 X118.539 Y116.422 E.00352
G1 X118.309 Y116.866 E.01651
G1 X117.948 Y117.299 E.01861
G1 X117.566 Y117.626 E.0166
G1 X117.114 Y117.876 E.01705
G1 X116.618 Y118.049 E.01734
G1 X116.133 Y118.11 E.01614
G1 X115.625 Y118.088 E.01679
G1 X115.011 Y117.913 E.02108
G1 X114.477 Y117.6 E.02044
G1 X114.053 Y117.176 E.0198
G1 X113.814 Y116.787 E.01507
G1 X113.643 Y116.315 E.01658
G1 X113.603 Y115.861 E.01505
G1 X113.632 Y115.353 E.0168
G1 X113.931 Y114.433 E.03194
G1 X114.222 Y113.933 E.0191
G1 X114.588 Y113.566 E.01711
G1 X115.077 Y113.275 E.01879
G1 X115.477 Y113.148 E.01386
G1 X116.005 Y113.089 E.01754
G1 X116.587 Y113.15 E.01932
G1 X116.974 Y113.28 E.01348
G1 X117.442 Y113.531 E.01753
G1 X117.81 Y113.845 E.01597
G1 X118.148 Y114.25 E.01742
G1 X118.4 Y114.737 E.0181
G1 X118.555 Y115.222 E.01681
G1 X118.61 Y115.759 E.01782
G1 X118.557 Y116.256 E.0165
G1 X118.946 Y116.384 F9000
G1 F900
G1 X118.921 Y116.547 E.00544
G1 X118.739 Y116.899 E.01308
G1 X118.498 Y117.275 E.01475
G1 X118.113 Y117.698 E.01889
G1 X117.602 Y118.068 E.02083
G1 X117.084 Y118.323 E.01906
G1 X116.5 Y118.471 E.01989
G1 X115.942 Y118.515 E.01848
G1 X115.37 Y118.439 E.01905
G1 X114.854 Y118.279 E.01784
G1 X114.373 Y118.009 E.01821
G1 X113.968 Y117.681 E.01721
G1 X113.647 Y117.286 E.01681
G1 X113.393 Y116.835 E.01709
G1 X113.215 Y116.218 E.0212
G1 X113.202 Y115.705 E.01694
G1 X113.246 Y115.259 E.0148
G1 X113.567 Y114.27 E.03433
G1 X113.806 Y113.858 E.01573
G1 X114.098 Y113.471 E.01601
G1 X114.464 Y113.17 E.01565
G1 X114.919 Y112.91 E.0173
G1 X115.39 Y112.76 E.01632
G1 X116.013 Y112.691 E.0207
G1 X116.664 Y112.759 E.02161
G1 X117.189 Y112.941 E.01835
G1 X117.668 Y113.203 E.01803
G1 X118.116 Y113.59 E.01955
G1 X118.479 Y114.03 E.01883
G1 X118.767 Y114.584 E.02062
G1 X118.944 Y115.14 E.01927
G1 X119.011 Y115.955 E.027
G1 X118.955 Y116.325 E.01236
G1 X119.327 Y116.45 F9000
;TYPE:External perimeter
;WIDTH:0.419999
G1 F900
G1 X119.294 Y116.668 E.00691
G1 X118.975 Y117.285 E.02178
G1 X118.567 Y117.787 E.02028
G1 X118.172 Y118.146 E.01674
G1 X117.628 Y118.505 E.02044
G1 X116.99 Y118.756 E.0215
G1 X116.364 Y118.886 E.02005
G1 X115.705 Y118.882 E.02066
G1 X115.094 Y118.775 E.01945
G1 X114.507 Y118.537 E.01986
G1 X113.996 Y118.221 E.01884
G1 X113.555 Y117.798 E.01916
G1 X113.212 Y117.333 E.01812
G1 X112.958 Y116.767 E.01945
G1 X112.829 Y116.265 E.01625
G1 X112.815 Y115.715 E.01725
G1 X112.869 Y115.167 E.01727
G1 X113.212 Y114.111 E.03481
G1 X113.582 Y113.474 E.0231
G1 X113.977 Y113.06 E.01794
G1 X114.42 Y112.731 E.0173
G1 X114.966 Y112.481 E.01883
G1 X115.518 Y112.335 E.0179
G1 X116.021 Y112.302 E.01581
G1 X116.74 Y112.378 E.02267
G1 X117.345 Y112.587 E.02007
G1 X117.888 Y112.884 E.01941
G1 X118.392 Y113.318 E.02085
G1 X118.802 Y113.815 E.0202
G1 X119.123 Y114.434 E.02186
G1 X119.324 Y115.06 E.02061
G1 X119.399 Y115.98 E.02894
G1 X119.336 Y116.391 E.01304
G1 X117.559 Y116.3 F9000
;TYPE:Internal infill
;WIDTH:0.44
G1 F900
G1 X117.62 Y115.625 E.02238
G1 X117.508 Y115.117 E.01718
G1 X117.281 Y114.671 E.01652
G1 X116.808 Y114.192 E.02223
G1 X114.18 Y116.82 E.12271
G1 X113.958 Y116.327 E.01785
G1 X113.903 Y115.592 E.02434
G1 X114.212 Y114.559 E.0356
G1 X114.34 Y114.34 E.00838
G1 X117.004 Y117.004 E.12439
G1 X116.582 Y117.291 E.01685
G1 X115.77 Y117.567 E.02832
G1 X115.808 Y117.797 E.0077
G1 X115.394 Y117.725 E.01387
G1 X115.061 Y117.596 E.01179
G1 E-3.5 F3600
;WIPE_START
G1 F7200
G1 X115.394 Y117.725 E-.16963
G1 X115.808 Y117.797 E-.1996
G1 X115.77 Y117.567 E-.11073
G1 X116.582 Y117.291 E-.40737
G1 X117.004 Y117.004 E-.24241
G1 X116.453 Y116.453 E-.37026
;WIPE_END
G1 X115.436 Y113.482 F9000
G1 E5 F2400
;TYPE:Solid infill
;WIDTH:0.491655
G1 F900
G1 X115.709 Y113.462 E.01021
;WIDTH:0.52406
G1 X115.983 Y113.442 E.01099
;WIDTH:0.554373
G1 X116.243 Y113.482 E.01119
;WIDTH:0.584686
G1 X116.504 Y113.522 E.01189
;WIDTH:0.628994
G1 X116.976 Y113.72 E.02494
;WIDTH:0.67135
G1 X117.421 Y114.053 E.02904
;WIDTH:0.705314
G1 X117.781 Y114.495 E.0314
;WIDTH:0.728716
G1 X118.031 Y115.025 E.03342
;WIDTH:0.7407
G1 X118.152 Y115.629 E.03574
G1 X118.161 Y115.941 E.01811
;WIDTH:0.71962
G1 X118.068 Y116.415 E.02718
;WIDTH:0.671398
G1 X117.806 Y116.839 E.02605
;WIDTH:0.626258
G1 X117.586 Y117.066 E.01533
;WIDTH:0.592287
G1 X117.367 Y117.293 E.01441
;WIDTH:0.558316
G1 X117.095 Y117.486 E.01429
;WIDTH:0.552322
G1 X116.82 Y117.612 E.01281
;WIDTH:0.508408
G1 X116.544 Y117.737 E.01173
;LAYER_CHANGE
;Z:35.6
;HEIGHT:0.199997
;BEFORE_LAYER_CHANGE
G92 E0
;35.6


G1 E-3.5 F3600
;WIPE_START
G1 F7200
G1 X116.82 Y117.612 E-.14392
G1 X117.095 Y117.486 E-.14368
G1 X117.367 Y117.293 E-.15842
G1 X117.586 Y117.066 E-.14982
G1 X117.806 Y116.839 E-.15015
G1 X118.068 Y116.415 E-.23675
G1 X118.161 Y115.941 E-.22944
G1 X118.152 Y115.629 E-.14826
G1 X118.094 Y115.341 E-.13956
;WIPE_END
G1 Z35.6 F9000
;AFTER_LAYER_CHANGE
;35.6
G1 X117.159 Y117.963
G1 E5 F2400
;TYPE:Perimeter
;WIDTH:0.439999
G1 F900
G1 X116.808 Y118.138 E.01295
G1 X116.261 Y118.277 E.01863
G1 X115.76 Y118.317 E.01659
G1 X115.245 Y118.252 E.01714
G1 X114.744 Y118.101 E.01728
G1 X114.316 Y117.866 E.01612
G1 X113.918 Y117.55 E.01678
G1 X113.524 Y117.047 E.0211
G1 X113.276 Y116.48 E.02043
G1 X113.182 Y115.888 E.01979
G1 X113.237 Y115.312 E.0191
G1 X113.416 Y114.815 E.01744
G1 X113.739 Y114.346 E.0188
G1 X114.188 Y113.957 E.01961
G1 X114.691 Y113.6 E.02037
G1 X115.226 Y113.363 E.01932
G1 X115.706 Y113.285 E.01606
G1 X116.334 Y113.343 E.02082
G1 X116.858 Y113.534 E.01841
G1 X117.362 Y113.877 E.02013
G1 X117.776 Y114.351 E.02078
G1 X117.997 Y114.767 E.01555
G1 X118.157 Y115.251 E.01683
G1 X118.215 Y115.928 E.02243
G1 X118.133 Y116.47 E.0181
G1 X117.973 Y116.953 E.0168
G1 X117.702 Y117.421 E.01786
G1 X117.254 Y117.915 E.02202
G1 X117.212 Y117.936 E.00155
G1 X117.344 Y118.314 F9000
G1 F900
G1 X117.137 Y118.418 E.00765
G1 X116.72 Y118.58 E.01477
G1 X116.16 Y118.697 E.01889
G1 X115.529 Y118.696 E.02083
G1 X114.961 Y118.598 E.01903
G1 X114.401 Y118.374 E.01991
G1 X113.924 Y118.081 E.01848
G1 X113.506 Y117.684 E.01903
G1 X113.182 Y117.251 E.01786
G1 X112.952 Y116.749 E.01823
G1 X112.817 Y116.247 E.01716
G1 X112.79 Y115.738 E.01683
G1 X112.849 Y115.224 E.01708
G1 X113.068 Y114.621 E.02118
G1 X113.44 Y114.079 E.0217
G1 X113.943 Y113.644 E.02196
G1 X114.494 Y113.253 E.02231
G1 X115.1 Y112.985 E.02188
G1 X115.705 Y112.886 E.02024
G1 X116.408 Y112.951 E.02331
G1 X116.897 Y113.118 E.01706
G1 X117.343 Y113.359 E.01674
G1 X117.76 Y113.715 E.0181
G1 X118.106 Y114.129 E.01781
G1 X118.373 Y114.636 E.01892
G1 X118.546 Y115.167 E.01844
G1 X118.608 Y115.73 E.0187
G1 X118.59 Y116.161 E.01424
G1 X118.479 Y116.733 E.01924
G1 X118.219 Y117.34 E.0218
G1 X117.911 Y117.814 E.01866
G1 X117.491 Y118.24 E.01975
G1 X117.398 Y118.287 E.00344
G1 X117.525 Y118.656 F9000
;TYPE:External perimeter
;WIDTH:0.419999
G1 F900
G1 X117.1 Y118.869 E.01491
G1 X116.475 Y119.036 E.02028
G1 X115.945 Y119.093 E.01671
G1 X115.293 Y119.064 E.02046
G1 X114.63 Y118.892 E.02148
G1 X114.047 Y118.63 E.02004
G1 X113.516 Y118.24 E.02066
G1 X113.085 Y117.794 E.01945
G1 X112.75 Y117.256 E.01987
G1 X112.522 Y116.7 E.01884
G1 X112.414 Y116.098 E.01918
G1 X112.409 Y115.52 E.01812
G1 X112.537 Y114.914 E.01942
G1 X112.728 Y114.431 E.01629
G1 X113.15 Y113.819 E.02331
G1 X113.703 Y113.339 E.02296
G1 X114.302 Y112.914 E.02303
G1 X114.774 Y112.706 E.01617
G1 X115.192 Y112.567 E.01381
G1 X115.703 Y112.497 E.01617
G1 X116.48 Y112.569 E.02447
G1 X117.051 Y112.762 E.0189
G1 X117.561 Y113.039 E.0182
G1 X118.035 Y113.442 E.01951
G1 X118.428 Y113.912 E.01921
G1 X118.729 Y114.485 E.02029
G1 X118.925 Y115.086 E.01982
G1 X118.996 Y115.756 E.02112
G1 X118.954 Y116.405 E.02039
G1 X118.78 Y117.034 E.02046
G1 X118.561 Y117.52 E.01671
G1 X118.21 Y118.063 E.02027
G1 X117.722 Y118.558 E.02179
G1 X117.578 Y118.629 E.00503
G1 E-3.5 F3600
;WIPE_START
G1 F7200
G1 X117.525 Y118.656 E-.02825
G1 X117.1 Y118.869 E-.22581
G1 X116.475 Y119.036 E-.30729
G1 X115.945 Y119.093 E-.2532
G1 X115.293 Y119.064 E-.31001
G1 X114.63 Y118.892 E-.32535
G1 X114.534 Y118.849 E-.05009
;WIPE_END
G1 X115.178 Y117.925 F9000
G1 E5 F2400
;TYPE:Internal infill
;WIDTH:0.44
G1 F900
G1 X115.766 Y118.01 E.01962
G1 X116.405 Y117.942 E.02122
G1 X117.072 Y117.664 E.02386
G1 X117.366 Y117.366 E.01382
G1 X114.281 Y114.281 E.14405
G1 X114.843 Y113.867 E.02305
G1 X115.511 Y113.612 E.02361
G1 X116.277 Y113.644 E.02531
G1 X116.719 Y113.806 E.01554
G1 X117.01 Y113.99 E.01137
G1 X113.918 Y117.082 E.14438
G1 X113.57 Y116.394 E.02546
G1 X113.488 Y115.879 E.01722
G1 X113.536 Y115.379 E.01658
G1 X113.764 Y114.848 E.01908
;LAYER_CHANGE
;Z:35.8
;HEIGHT:0.200001
;BEFORE_LAYER_CHANGE
G92 E0
;35.8


G1 E-3.5 F3600
;WIPE_START
G1 F7200
G1 X113.536 Y115.379 E-.27449
G1 X113.488 Y115.879 E-.23859
G1 X113.57 Y116.394 E-.24771
G1 X113.918 Y117.082 E-.36623
G1 X114.473 Y116.527 E-.37298
;WIPE_END
G1 Z35.8 F9000
;AFTER_LAYER_CHANGE
;35.8
G1 X115.395 Y118.467
G1 E5 F2400
;TYPE:Perimeter
;WIDTH:0.439999
G1 F900
G1 X115.007 Y118.403 E.01298
G1 X114.484 Y118.194 E.0186
G1 X114.055 Y117.931 E.01661
G1 X113.676 Y117.577 E.01712
G1 X113.36 Y117.16 E.01727
G1 X113.151 Y116.718 E.01614
G1 X113.015 Y116.229 E.01676
G1 X112.992 Y115.59 E.02111
G1 X113.125 Y114.985 E.02045
G1 X113.397 Y114.451 E.01979
G1 X113.78 Y114.018 E.01909
G1 X114.217 Y113.721 E.01745
G1 X114.753 Y113.531 E.01878
G1 X115.346 Y113.481 E.01965
G1 X115.963 Y113.487 E.02037
G1 X116.534 Y113.61 E.01929
G1 X116.996 Y113.845 E.01711
G1 X117.424 Y114.22 E.01879
G1 X117.755 Y114.708 E.01947
G1 X117.96 Y115.281 E.02009
G1 X118.012 Y115.737 E.01515
G1 X118.002 Y116.055 E.0105
G1 X117.911 Y116.548 E.01655
G1 X117.726 Y116.996 E.016
G1 X117.445 Y117.442 E.0174
G1 X117.06 Y117.833 E.01812
G1 X116.647 Y118.129 E.01678
G1 X116.153 Y118.348 E.01784
G1 X115.5 Y118.485 E.02203
G1 X115.454 Y118.477 E.00154
G1 X115.338 Y118.86 F9000
G1 F900
G1 X115.109 Y118.823 E.00766
G1 X114.677 Y118.709 E.01475
G1 X114.155 Y118.474 E.0189
G1 X113.645 Y118.103 E.02082
G1 X113.243 Y117.689 E.01905
G1 X112.922 Y117.179 E.0199
G1 X112.708 Y116.662 E.01847
G1 X112.603 Y116.094 E.01907
G1 X112.596 Y115.554 E.01783
G1 X112.704 Y115.013 E.01821
G1 X112.891 Y114.527 E.01719
G1 X113.167 Y114.099 E.01681
G1 X113.518 Y113.718 E.0171
G1 X114.049 Y113.359 E.02116
G1 X114.669 Y113.14 E.02171
G1 X115.331 Y113.083 E.02194
G1 X116.007 Y113.091 E.02232
G1 X116.655 Y113.23 E.02188
G1 X117.218 Y113.515 E.02083
G1 X117.608 Y113.844 E.01685
G1 X117.932 Y114.228 E.01659
G1 X118.183 Y114.697 E.01756
G1 X118.349 Y115.195 E.01733
G1 X118.409 Y115.749 E.0184
G1 X118.377 Y116.293 E.01799
G1 X118.221 Y116.855 E.01926
G1 X117.981 Y117.366 E.01864
G1 X117.611 Y117.851 E.02014
G1 X117.186 Y118.249 E.01922
G1 X116.618 Y118.586 E.02181
G1 X116.091 Y118.789 E.01865
G1 X115.5 Y118.887 E.01978
G1 X115.397 Y118.87 E.00345
G1 X115.283 Y119.244 F9000
;TYPE:External perimeter
;WIDTH:0.419999
G1 F900
G1 X114.814 Y119.166 E.01491
G1 X114.211 Y118.933 E.02027
G1 X113.748 Y118.669 E.01671
G1 X113.238 Y118.262 E.02046
G1 X112.803 Y117.733 E.02147
G1 X112.485 Y117.178 E.02006
G1 X112.285 Y116.55 E.02066
G1 X112.198 Y115.936 E.01944
G1 X112.243 Y115.304 E.01987
G1 X112.386 Y114.72 E.01885
G1 X112.652 Y114.17 E.01916
G1 X112.988 Y113.7 E.01811
G1 X113.447 Y113.284 E.01942
G1 X113.885 Y113.006 E.01627
G1 X114.587 Y112.759 E.02333
G1 X115.317 Y112.696 E.02297
G1 X116.05 Y112.704 E.02298
G1 X116.467 Y112.794 E.01338
G1 X116.975 Y112.946 E.01663
G1 X117.435 Y113.193 E.01637
G1 X117.881 Y113.57 E.01831
G1 X118.253 Y114.009 E.01804
G1 X118.538 Y114.543 E.01898
G1 X118.727 Y115.112 E.0188
G1 X118.802 Y115.936 E.02594
G1 X118.709 Y116.577 E.02031
G1 X118.515 Y117.178 E.0198
G1 X118.178 Y117.762 E.02114
G1 X117.762 Y118.262 E.02039
G1 X117.252 Y118.669 E.02046
G1 X116.789 Y118.933 E.01671
G1 X116.186 Y119.166 E.02027
G1 X115.5 Y119.279 E.0218
G1 X115.342 Y119.253 E.00502
G1 X115.287 Y117.598 F9000
;TYPE:Internal infill
;WIDTH:0.44
G1 F900
G1 X115.684 Y117.703 E.01356
G1 X116.346 Y117.712 E.02186
G1 X116.384 Y117.918 E.00692
G1 X116.76 Y117.687 E.01457
G1 X117.224 Y117.224 E.02164
G1 X114.401 Y114.401 E.13182
G1 X114.289 Y114.593 E.00734
G1 X113.986 Y115.598 E.03466
G1 X114.039 Y116.304 E.02338
G1 X114.24 Y116.76 E.01645
G1 X116.868 Y114.132 E.12271
G1 X117.35 Y114.624 E.02274
G1 X117.586 Y115.089 E.01722
G1 X117.703 Y115.618 E.01789
G1 X117.668 Y116.24 E.02057
G1 E-3.5 F3600
;WIPE_START
G1 F7200
G1 X117.703 Y115.618 E-.29592
G1 X117.586 Y115.089 E-.25735
G1 X117.35 Y114.624 E-.24769
G1 X116.868 Y114.132 E-.32716
G1 X116.314 Y114.686 E-.37188
;WIPE_END
G1 X113.27 Y115.875 F9000
G1 E5 F2400
;TYPE:Solid infill
;WIDTH:0.393983
G1 F900
G1 X113.328 Y115.292 E.0171
;WIDTH:0.37886
G1 X113.5 Y114.814 E.01419
;WIDTH:0.370063
G1 X113.789 Y114.393 E.01389
G1 X114.178 Y114.059 E.01395
G1 X113.941 Y114.492 E.01343
;WIDTH:0.379226
G1 X113.651 Y115.379 E.0261
;WIDTH:0.393983
G1 X113.62 Y115.886 E.01483
G1 X113.688 Y116.37 E.01427
;WIDTH:0.385919
G1 X113.884 Y116.846 E.01468
;WIDTH:0.37687
G1 X114.175 Y117.254 E.01392
;WIDTH:0.40532
G1 X114.206 Y117.317 E.00212
;WIDTH:0.450534
G1 X114.237 Y117.38 E.00238
;WIDTH:0.495749
G1 X114.268 Y117.443 E.00264
;WIDTH:0.540963
G1 X114.299 Y117.506 E.00291
;WIDTH:0.586178
G1 X114.33 Y117.569 E.00317
;WIDTH:0.631392
G1 X114.361 Y117.632 E.00344
G1 X114.291 Y117.604 E.00369
;WIDTH:0.586178
G1 X114.22 Y117.576 E.00345
;WIDTH:0.540963
G1 X114.15 Y117.548 E.00312
;WIDTH:0.495749
G1 X114.079 Y117.52 E.00287
;WIDTH:0.450534
G1 X114.009 Y117.492 E.00256
;WIDTH:0.40532
G1 X113.939 Y117.464 E.00227
;WIDTH:0.37687
G1 X113.587 Y116.999 E.01619
;WIDTH:0.385919
G1 X113.354 Y116.447 E.01709
;WIDTH:0.391213
G1 X113.299 Y116.072 E.01098
G1 X114.361 Y117.632 F9000
;WIDTH:0.64255
G1 F900
G1 X114.558 Y117.774 E.01211
G1 X114.782 Y117.884 E.01244
;WIDTH:0.612853
G1 X115.007 Y117.995 E.01189
;WIDTH:0.583156
G1 X115.5 Y118.119 E.02284
;LAYER_CHANGE
;Z:36
;HEIGHT:0.200001
;BEFORE_LAYER_CHANGE
G92 E0
;36


G1 E-3.5 F3600
;WIPE_START
G1 F7200
G1 X115.007 Y117.995 E-.24147
G1 X114.782 Y117.884 E-.11917
G1 X114.558 Y117.774 E-.11854
G1 X114.361 Y117.632 E-.11535
;WIPE_END
G1 E-.90547 F3600
G1 Z36 F9000
;AFTER_LAYER_CHANGE
;36
G1 X115.595 Y118.467
G1 E5 F2400
;TYPE:Perimeter
;WIDTH:0.439999
G1 F900
G1 X115.207 Y118.403 E.01298
G1 X114.684 Y118.194 E.0186
G1 X114.255 Y117.931 E.01661
G1 X113.876 Y117.577 E.01712
G1 X113.56 Y117.16 E.01727
G1 X113.351 Y116.718 E.01614
G1 X113.215 Y116.229 E.01676
G1 X113.192 Y115.59 E.02111
G1 X113.325 Y114.985 E.02045
G1 X113.597 Y114.451 E.01979
G1 X113.98 Y114.018 E.01909
G1 X114.417 Y113.721 E.01745
G1 X114.953 Y113.531 E.01878
G1 X115.546 Y113.481 E.01965
G1 X116.163 Y113.487 E.02037
G1 X116.734 Y113.61 E.01929
G1 X117.196 Y113.845 E.01711
G1 X117.624 Y114.22 E.01879
G1 X117.955 Y114.708 E.01947
G1 X118.16 Y115.281 E.02009
G1 X118.212 Y115.737 E.01515
G1 X118.202 Y116.055 E.0105
G1 X118.111 Y116.548 E.01655
G1 X117.926 Y116.996 E.016
G1 X117.645 Y117.442 E.0174
G1 X117.26 Y117.833 E.01812
G1 X116.847 Y118.129 E.01678
G1 X116.353 Y118.348 E.01784
G1 X115.7 Y118.485 E.02203
G1 X115.654 Y118.477 E.00154
G1 X115.538 Y118.86 F9000
G1 F900
G1 X115.309 Y118.823 E.00766
G1 X114.877 Y118.709 E.01475
G1 X114.355 Y118.474 E.0189
G1 X113.845 Y118.103 E.02082
G1 X113.443 Y117.689 E.01905
G1 X113.122 Y117.179 E.0199
G1 X112.908 Y116.662 E.01847
G1 X112.803 Y116.094 E.01907
G1 X112.796 Y115.554 E.01783
G1 X112.904 Y115.013 E.01821
G1 X113.091 Y114.527 E.01719
G1 X113.367 Y114.099 E.01681
G1 X113.718 Y113.718 E.0171
G1 X114.249 Y113.359 E.02116
G1 X114.869 Y113.14 E.02171
G1 X115.531 Y113.083 E.02194
G1 X116.207 Y113.091 E.02232
G1 X116.855 Y113.23 E.02188
G1 X117.418 Y113.515 E.02083
G1 X117.808 Y113.844 E.01685
G1 X118.132 Y114.228 E.01659
G1 X118.383 Y114.697 E.01756
G1 X118.549 Y115.195 E.01733
G1 X118.609 Y115.749 E.0184
G1 X118.577 Y116.293 E.01799
G1 X118.421 Y116.855 E.01926
G1 X118.181 Y117.366 E.01864
G1 X117.811 Y117.851 E.02014
G1 X117.386 Y118.249 E.01922
G1 X116.818 Y118.586 E.02181
G1 X116.291 Y118.789 E.01865
G1 X115.7 Y118.887 E.01978
G1 X115.597 Y118.87 E.00345
G1 X115.483 Y119.244 F9000
;TYPE:External perimeter
;WIDTH:0.419999
G1 F900
G1 X115.014 Y119.166 E.01491
G1 X114.411 Y118.933 E.02027
G1 X113.948 Y118.669 E.01671
G1 X113.438 Y118.262 E.02046
G1 X113.003 Y117.733 E.02147
G1 X112.685 Y117.178 E.02006
G1 X112.485 Y116.55 E.02066
G1 X112.398 Y115.936 E.01944
G1 X112.443 Y115.304 E.01987
G1 X112.586 Y114.72 E.01885
G1 X112.852 Y114.17 E.01916
G1 X113.188 Y113.7 E.01811
G1 X113.647 Y113.284 E.01942
G1 X114.085 Y113.006 E.01627
G1 X114.787 Y112.759 E.02333
G1 X115.517 Y112.696 E.02297
G1 X116.25 Y112.704 E.02298
G1 X116.667 Y112.794 E.01338
G1 X117.175 Y112.946 E.01663
G1 X117.635 Y113.193 E.01637
G1 X118.081 Y113.57 E.01831
G1 X118.453 Y114.009 E.01804
G1 X118.738 Y114.543 E.01898
G1 X118.927 Y115.112 E.0188
G1 X119.002 Y115.936 E.02594
G1 X118.909 Y116.577 E.02031
G1 X118.715 Y117.178 E.0198
G1 X118.378 Y117.762 E.02114
G1 X117.962 Y118.262 E.02039
G1 X117.452 Y118.669 E.02046
G1 X116.989 Y118.933 E.01671
G1 X116.386 Y119.166 E.02027
G1 X115.7 Y119.279 E.0218
G1 X115.542 Y119.253 E.00502
G1 X115.212 Y118.081 F9000
;TYPE:Internal infill
;WIDTH:0.44
G1 F900
G1 X115.7 Y118.175 E.01641
G1 X116.403 Y118.007 E.02386
G1 X116.96 Y117.687 E.02121
G1 X117.333 Y117.333 E.01698
G1 X114.219 Y114.219 E.1454
G1 X114.546 Y113.999 E.01301
G1 X115.017 Y113.833 E.01649
G1 X115.663 Y113.788 E.02138
G1 X116.129 Y113.793 E.01539
G1 X116.641 Y113.903 E.01729
G1 X116.947 Y114.053 E.01125
G1 X113.894 Y117.106 E.14256
G1 X113.583 Y116.461 E.02364
G1 X113.49 Y115.897 E.01887
G1 X113.539 Y115.347 E.01823
G1 X113.72 Y114.843 E.01768
;LAYER_CHANGE
;Z:36.2
;HEIGHT:0.200001
;BEFORE_LAYER_CHANGE
G92 E0
;36.2


G1 E-3.5 F3600
;WIPE_START
G1 F7200
G1 X113.539 Y115.347 E-.25437
G1 X113.49 Y115.897 E-.26228
G1 X113.583 Y116.461 E-.27152
G1 X113.894 Y117.106 E-.34013
G1 X114.447 Y116.553 E-.3717
;WIPE_END
G1 Z36.2 F9000
;AFTER_LAYER_CHANGE
;36.2
G1 X113.674 Y117.835
G1 E5 F2400
;TYPE:Perimeter
;WIDTH:0.439999
G1 F900
G1 X113.298 Y117.421 E.01847
G1 X113.027 Y116.953 E.01786
G1 X112.856 Y116.425 E.01832
G1 X112.785 Y115.928 E.01658
G1 X112.815 Y115.434 E.01634
G1 X112.933 Y114.931 E.01706
G1 X113.224 Y114.351 E.02143
G1 X113.638 Y113.877 E.02078
G1 X114.142 Y113.534 E.02013
G1 X114.696 Y113.334 E.01945
G1 X115.231 Y113.283 E.01774
G1 X115.803 Y113.376 E.01913
G1 X116.304 Y113.597 E.01808
G1 X117.061 Y114.148 E.03091
G1 X117.273 Y114.385 E.0105
G1 X117.572 Y114.786 E.01652
G1 X117.763 Y115.312 E.01848
G1 X117.818 Y115.888 E.0191
G1 X117.724 Y116.48 E.01979
G1 X117.476 Y117.047 E.02043
G1 X117.198 Y117.42 E.01536
G1 X116.834 Y117.765 E.01656
G1 X116.422 Y118.018 E.01596
G1 X115.932 Y118.215 E.01744
G1 X115.391 Y118.304 E.0181
G1 X114.882 Y118.301 E.01681
G1 X114.354 Y118.188 E.01783
G1 X113.746 Y117.915 E.02201
G1 X113.714 Y117.88 E.00157
G1 X113.394 Y118.123 F9000
G1 F900
G1 X113.089 Y117.814 E.01434
G1 X112.743 Y117.266 E.0214
G1 X112.521 Y116.733 E.01906
G1 X112.406 Y116.123 E.0205
G1 X112.396 Y115.551 E.01889
G1 X112.51 Y114.968 E.01961
G1 X112.706 Y114.451 E.01826
G1 X113.014 Y113.973 E.01877
G1 X113.375 Y113.579 E.01764
G1 X113.819 Y113.263 E.01799
G1 X114.28 Y113.041 E.01689
G1 X114.758 Y112.922 E.01626
G1 X115.258 Y112.885 E.01655
G1 X115.917 Y112.992 E.02204
G1 X116.503 Y113.251 E.02115
G1 X117.329 Y113.851 E.03371
G1 X117.768 Y114.343 E.02177
G1 X117.974 Y114.715 E.01404
G1 X118.151 Y115.224 E.01779
G1 X118.216 Y115.9 E.02242
G1 X118.142 Y116.427 E.01757
G1 X117.984 Y116.928 E.01734
G1 X117.708 Y117.412 E.0184
G1 X117.361 Y117.833 E.01801
G1 X116.905 Y118.196 E.01924
G1 X116.41 Y118.468 E.01865
G1 X115.826 Y118.643 E.02013
G1 X115.248 Y118.714 E.01923
G1 X114.59 Y118.654 E.02182
G1 X114.044 Y118.508 E.01866
G1 X113.509 Y118.24 E.01976
G1 X113.436 Y118.166 E.00343
G1 X113.124 Y118.401 F9000
;TYPE:External perimeter
;WIDTH:0.419999
G1 F900
G1 X112.79 Y118.063 E.0149
G1 X112.4 Y117.446 E.02289
G1 X112.15 Y116.845 E.02041
G1 X112.021 Y116.163 E.02176
G1 X112.01 Y115.518 E.02023
G1 X112.138 Y114.863 E.02093
G1 X112.359 Y114.277 E.01964
G1 X112.707 Y113.737 E.02014
G1 X113.117 Y113.289 E.01904
G1 X113.622 Y112.93 E.01943
G1 X114.149 Y112.676 E.01834
G1 X114.76 Y112.53 E.0197
G1 X115.284 Y112.497 E.01646
G1 X116.028 Y112.618 E.02363
G1 X116.697 Y112.914 E.02294
G1 X117.59 Y113.562 E.03459
G1 X118.081 Y114.112 E.02312
G1 X118.353 Y114.615 E.01793
G1 X118.529 Y115.138 E.0173
G1 X118.597 Y115.705 E.01791
G1 X118.584 Y116.118 E.01296
G1 X118.478 Y116.7 E.01855
G1 X118.241 Y117.275 E.0195
G1 X117.915 Y117.794 E.01922
G1 X117.463 Y118.258 E.02031
G1 X116.953 Y118.63 E.01979
G1 X116.337 Y118.904 E.02114
G1 X115.707 Y119.064 E.02038
G1 X115.055 Y119.093 E.02046
G1 X114.525 Y119.036 E.01671
G1 X113.9 Y118.869 E.02028
G1 X113.278 Y118.558 E.0218
G1 X113.166 Y118.444 E.00501
G1 X114.992 Y118 F9000
;TYPE:Internal infill
;WIDTH:0.44
G1 F900
G1 X115.547 Y117.984 E.01833
G1 X116.136 Y117.819 E.0202
G1 X116.648 Y117.522 E.01954
G1 X117.082 Y117.082 E.02041
G1 X113.99 Y113.99 E.14438
G1 X114.518 Y113.704 E.01983
G1 X115.211 Y113.589 E.02319
G1 X115.715 Y113.672 E.01686
G1 X116.15 Y113.864 E.0157
G1 X116.721 Y114.279 E.02331
G1 X113.634 Y117.366 E.14414
G1 X113.307 Y116.828 E.02079
G1 X113.123 Y116.223 E.02088
G1 X113.098 Y115.611 E.02022
G1 X113.198 Y115.118 E.01661
;LAYER_CHANGE
;Z:36.4
;HEIGHT:0.200001
;BEFORE_LAYER_CHANGE
G92 E0
;36.4


G1 E-3.5 F3600
;WIPE_START
G1 F7200
G1 X113.098 Y115.611 E-.23894
G1 X113.123 Y116.223 E-.29094
G1 X113.307 Y116.828 E-.30037
G1 X113.634 Y117.366 E-.29905
G1 X114.186 Y116.814 E-.3707
;WIPE_END
G1 Z36.4 F9000
;AFTER_LAYER_CHANGE
;36.4
G1 X113.874 Y117.835
G1 E5 F2400
;TYPE:Perimeter
;WIDTH:0.439999
G1 F900
G1 X113.498 Y117.421 E.01847
G1 X113.227 Y116.953 E.01786
G1 X113.056 Y116.425 E.01832
G1 X112.985 Y115.928 E.01658
G1 X113.015 Y115.434 E.01634
G1 X113.133 Y114.931 E.01706
G1 X113.424 Y114.351 E.02143
G1 X113.838 Y113.877 E.02078
G1 X114.342 Y113.534 E.02013
G1 X114.896 Y113.334 E.01945
G1 X115.431 Y113.283 E.01774
G1 X116.003 Y113.376 E.01913
G1 X116.504 Y113.597 E.01808
G1 X117.261 Y114.148 E.03091
G1 X117.473 Y114.385 E.0105
G1 X117.772 Y114.786 E.01652
G1 X117.963 Y115.312 E.01848
G1 X118.018 Y115.888 E.0191
G1 X117.924 Y116.48 E.01979
G1 X117.676 Y117.047 E.02043
G1 X117.398 Y117.42 E.01536
G1 X117.034 Y117.765 E.01656
G1 X116.622 Y118.018 E.01596
G1 X116.132 Y118.215 E.01744
G1 X115.591 Y118.304 E.0181
G1 X115.082 Y118.301 E.01681
G1 X114.554 Y118.188 E.01783
G1 X113.946 Y117.915 E.02201
G1 X113.914 Y117.88 E.00157
G1 X113.594 Y118.123 F9000
G1 F900
G1 X113.289 Y117.814 E.01434
G1 X112.943 Y117.266 E.0214
G1 X112.721 Y116.733 E.01906
G1 X112.606 Y116.123 E.0205
G1 X112.596 Y115.551 E.01889
G1 X112.71 Y114.968 E.01961
G1 X112.906 Y114.451 E.01826
G1 X113.214 Y113.973 E.01877
G1 X113.575 Y113.579 E.01764
G1 X114.019 Y113.263 E.01799
G1 X114.48 Y113.041 E.01689
G1 X114.958 Y112.922 E.01626
G1 X115.458 Y112.885 E.01655
G1 X116.117 Y112.992 E.02204
G1 X116.703 Y113.251 E.02115
G1 X117.529 Y113.851 E.03371
G1 X117.968 Y114.343 E.02177
G1 X118.174 Y114.715 E.01404
G1 X118.351 Y115.224 E.01779
G1 X118.416 Y115.9 E.02242
G1 X118.342 Y116.427 E.01757
G1 X118.184 Y116.928 E.01734
G1 X117.908 Y117.412 E.0184
G1 X117.561 Y117.833 E.01801
G1 X117.105 Y118.196 E.01924
G1 X116.61 Y118.468 E.01865
G1 X116.026 Y118.643 E.02013
G1 X115.448 Y118.714 E.01923
G1 X114.79 Y118.654 E.02182
G1 X114.244 Y118.508 E.01866
G1 X113.709 Y118.24 E.01976
G1 X113.636 Y118.166 E.00343
G1 X113.324 Y118.401 F9000
;TYPE:External perimeter
;WIDTH:0.419999
G1 F900
G1 X112.99 Y118.063 E.0149
G1 X112.6 Y117.446 E.02289
G1 X112.35 Y116.845 E.02041
G1 X112.221 Y116.163 E.02176
G1 X112.21 Y115.518 E.02023
G1 X112.338 Y114.863 E.02093
G1 X112.559 Y114.277 E.01964
G1 X112.907 Y113.737 E.02014
G1 X113.317 Y113.289 E.01904
G1 X113.822 Y112.93 E.01943
G1 X114.349 Y112.676 E.01834
G1 X114.96 Y112.53 E.0197
G1 X115.484 Y112.497 E.01646
G1 X116.228 Y112.618 E.02363
G1 X116.897 Y112.914 E.02294
G1 X117.79 Y113.562 E.03459
G1 X118.281 Y114.112 E.02312
G1 X118.553 Y114.615 E.01793
G1 X118.729 Y115.138 E.0173
G1 X118.797 Y115.705 E.01791
G1 X118.784 Y116.118 E.01296
G1 X118.678 Y116.7 E.01855
G1 X118.441 Y117.275 E.0195
G1 X118.115 Y117.794 E.01922
G1 X117.663 Y118.258 E.02031
G1 X117.153 Y118.63 E.01979
G1 X116.537 Y118.904 E.02114
G1 X115.907 Y119.064 E.02038
G1 X115.255 Y119.093 E.02046
G1 X114.725 Y119.036 E.01671
G1 X114.1 Y118.869 E.02028
G1 X113.478 Y118.558 E.0218
G1 X113.366 Y118.444 E.00501
G1 E-3.5 F3600
;WIPE_START
G1 F7200
G1 X113.324 Y118.401 E-.02855
G1 X112.99 Y118.063 E-.22571
G1 X112.6 Y117.446 E-.34671
G1 X112.35 Y116.845 E-.30919
G1 X112.221 Y116.163 E-.32969
G1 X112.211 Y115.615 E-.26015
;WIPE_END
G1 X113.324 Y116.227 F9000
G1 E5 F2400
;TYPE:Internal infill
;WIDTH:0.44
G1 F900
G1 X113.298 Y115.611 E.02036
G1 X113.422 Y115.033 E.01952
G1 X113.679 Y114.522 E.01889
G1 X114.078 Y114.078 E.01971
G1 X116.726 Y116.726 E.12364
G1 X116.911 Y116.407 E.01218
G1 X117.19 Y115.548 E.02982
G1 X117.007 Y114.863 E.02341
G1 X116.835 Y114.455 E.01462
G1 X117.011 Y114.344 E.00687
G1 X116.805 Y114.195 E.00839
G1 X113.751 Y117.249 E.1426
G1 X113.792 Y117.307 E.00235
G1 X113.899 Y117.151 E.00625
G1 X114.468 Y117.401 E.02052
G1 X114.986 Y117.519 E.01754
G1 X115.496 Y117.504 E.01685
G1 X115.935 Y117.379 E.01507
G1 X116.599 Y117.554 F9000
;TYPE:Solid infill
;WIDTH:0.63212
G1 F900
G1 X116.301 Y117.735 E.01708
;WIDTH:0.61881
G1 X115.737 Y117.917 E.02838
;WIDTH:0.571124
G1 X115.119 Y117.954 E.02719
;WIDTH:0.521532
G1 X114.861 Y117.909 E.01042
;WIDTH:0.490721
G1 X114.602 Y117.864 E.00979
;WIDTH:0.45991
G1 X114.125 Y117.667 E.01789
G1 E-3.5 F3600
;WIPE_START
G1 F7200
G1 X114.602 Y117.864 E-.24514
G1 X114.861 Y117.909 E-.12487
G1 X115.119 Y117.954 E-.1244
G1 X115.737 Y117.917 E-.29408
G1 X116.301 Y117.735 E-.2815
G1 X116.599 Y117.554 E-.16561
;WIPE_END
G1 E-.2644 F3600
G1 X117.639 Y115.648 F9000
G1 E5 F2400
;WIDTH:0.565532
G1 F900
G1 X117.658 Y115.777 E.00567
;WIDTH:0.516663
G1 X117.677 Y115.905 E.0051
;WIDTH:0.467793
G1 X117.696 Y116.033 E.00457
;WIDTH:0.418923
G1 X117.715 Y116.161 E.00405
;WIDTH:0.377153
G1 X117.555 Y116.677 E.01501
G1 X117.267 Y117.156 E.01553
;WIDTH:0.370386
G1 X117.02 Y117.417 E.00978
;WIDTH:0.39308
G1 X116.95 Y117.44 E.00215
;WIDTH:0.440888
G1 X116.88 Y117.463 E.00244
;WIDTH:0.488696
G1 X116.81 Y117.486 E.00273
;WIDTH:0.536504
G1 X116.739 Y117.508 E.00305
;WIDTH:0.584312
G1 X116.669 Y117.531 E.00332
;WIDTH:0.63212
G1 X116.599 Y117.554 E.00361
G1 X116.637 Y117.495 E.00344
;WIDTH:0.58523
G1 X116.675 Y117.436 E.00316
;WIDTH:0.53834
G1 X116.712 Y117.377 E.00287
;WIDTH:0.49145
G1 X116.75 Y117.318 E.00262
;WIDTH:0.44456
G1 X116.788 Y117.259 E.00234
;WIDTH:0.39767
G1 X116.963 Y117.028 E.00855
;WIDTH:0.373852
G1 X117.24 Y116.563 E.01489
G1 X117.403 Y116.065 E.01442
;WIDTH:0.408209
G1 X117.449 Y115.984 E.00283
;WIDTH:0.446365
G1 X117.495 Y115.902 E.00315
;WIDTH:0.48452
G1 X117.541 Y115.821 E.00342
;WIDTH:0.525026
G1 X117.59 Y115.735 E.00397
;WIDTH:0.565532
G1 X117.639 Y115.648 E.00434
G1 X117.614 Y115.464 E.00807
;WIDTH:0.53689
G1 X117.589 Y115.279 E.00767
;WIDTH:0.508248
G1 X117.491 Y115.018 E.01079
;WIDTH:0.477122
G1 X117.393 Y114.758 E.01003
;LAYER_CHANGE
;Z:36.6
;HEIGHT:0.199997
;BEFORE_LAYER_CHANGE
G92 E0
;36.6


G1 E-3.5 F3600
;WIPE_START
G1 F7200
G1 X117.491 Y115.018 E-.13198
G1 X117.589 Y115.279 E-.13243
G1 X117.614 Y115.464 E-.08867
G1 X117.639 Y115.648 E-.0882
G1 X117.59 Y115.735 E-.04743
G1 X117.541 Y115.821 E-.04702
G1 X117.495 Y115.902 E-.04425
G1 X117.449 Y115.984 E-.04466
G1 X117.403 Y116.065 E-.04425
G1 X117.24 Y116.563 E-.2489
G1 X116.963 Y117.028 E-.25709
G1 X116.788 Y117.259 E-.13766
G1 X116.75 Y117.318 E-.03333
G1 X116.712 Y117.377 E-.03333
G1 X116.675 Y117.436 E-.03308
G1 X116.637 Y117.495 E-.03333
G1 X116.599 Y117.554 E-.03333
G1 X116.641 Y117.54 E-.02106
;WIPE_END
G1 Z36.6 F9000
;AFTER_LAYER_CHANGE
;36.6
G1 X112.645 Y116.317
G1 E5 F2400
;TYPE:Perimeter
;WIDTH:0.439999
G1 F900
G1 X112.587 Y115.928 E.01299
G1 X112.624 Y115.366 E.0186
G1 X112.741 Y114.877 E.0166
G1 X112.961 Y114.407 E.01713
G1 X113.259 Y113.978 E.01725
G1 X113.616 Y113.643 E.01616
G1 X114.039 Y113.362 E.01677
G1 X114.639 Y113.143 E.02109
G1 X115.255 Y113.082 E.02044
G1 X115.847 Y113.176 E.01979
G1 X116.378 Y113.406 E.01911
G1 X116.796 Y113.73 E.01746
G1 X117.142 Y114.181 E.01877
G1 X117.373 Y114.729 E.01964
G1 X117.557 Y115.318 E.02037
G1 X117.595 Y116.14 E.02717
G1 X117.441 Y116.678 E.01848
G1 X117.147 Y117.176 E.01909
G1 X116.723 Y117.6 E.0198
G1 X116.189 Y117.913 E.02044
G1 X115.745 Y118.051 E.01535
G1 X115.248 Y118.117 E.01655
G1 X114.765 Y118.079 E.016
G1 X114.254 Y117.95 E.0174
G1 X113.764 Y117.704 E.0181
G1 X113.354 Y117.403 E.01679
G1 X112.993 Y117.001 E.01784
G1 X112.661 Y116.422 E.02204
G1 X112.654 Y116.376 E.00154
G1 X112.254 Y116.384 F9000
G1 F900
G1 X112.219 Y116.155 E.00765
G1 X112.193 Y115.708 E.01478
G1 X112.256 Y115.14 E.01887
G1 X112.452 Y114.54 E.02084
G1 X112.721 Y114.03 E.01904
G1 X113.107 Y113.567 E.0199
G1 X113.532 Y113.203 E.01848
G1 X114.04 Y112.928 E.01907
G1 X114.551 Y112.755 E.01781
G1 X115.1 Y112.69 E.01825
G1 X115.619 Y112.718 E.01716
G1 X116.111 Y112.849 E.01681
G1 X116.582 Y113.064 E.01709
G1 X117.088 Y113.458 E.02117
G1 X117.488 Y113.98 E.02171
G1 X117.746 Y114.592 E.02193
G1 X117.948 Y115.238 E.02235
G1 X117.981 Y115.561 E.01072
G1 X117.999 Y116.079 E.01711
G1 X117.919 Y116.521 E.01483
G1 X117.726 Y116.993 E.01684
G1 X117.462 Y117.42 E.01658
G1 X117.093 Y117.803 E.01756
G1 X116.67 Y118.115 E.01735
G1 X116.163 Y118.344 E.01837
G1 X115.635 Y118.482 E.01802
G1 X115.052 Y118.507 E.01927
G1 X114.492 Y118.436 E.01864
G1 X113.916 Y118.234 E.02015
G1 X113.407 Y117.952 E.01921
G1 X112.91 Y117.517 E.02181
G1 X112.554 Y117.078 E.01866
G1 X112.279 Y116.547 E.01974
G1 X112.263 Y116.444 E.00344
G1 X111.873 Y116.45 F9000
;TYPE:External perimeter
;WIDTH:0.419999
G1 F900
G1 X111.801 Y115.98 E.01491
G1 X111.836 Y115.335 E.02025
G1 X111.945 Y114.813 E.01672
G1 X112.174 Y114.202 E.02046
G1 X112.542 Y113.625 E.02146
G1 X112.972 Y113.151 E.02007
G1 X113.508 Y112.767 E.02067
G1 X114.065 Y112.495 E.01944
G1 X114.68 Y112.342 E.01987
G1 X115.279 Y112.297 E.01883
G1 X115.885 Y112.38 E.01918
G1 X116.436 Y112.554 E.01812
G1 X116.973 Y112.863 E.01943
G1 X117.373 Y113.194 E.01628
G1 X117.825 Y113.784 E.0233
G1 X118.11 Y114.459 E.02297
G1 X118.329 Y115.159 E.023
G1 X118.373 Y115.584 E.0134
G1 X118.372 Y116.259 E.02116
G1 X118.224 Y116.818 E.01813
G1 X117.988 Y117.333 E.01776
G1 X117.632 Y117.813 E.01874
G1 X117.204 Y118.221 E.01854
G1 X116.674 Y118.547 E.01951
G1 X116.106 Y118.775 E.01919
G1 X115.468 Y118.885 E.0203
G1 X114.836 Y118.886 E.01982
G1 X114.177 Y118.746 E.02112
G1 X113.572 Y118.505 E.02042
G1 X113.028 Y118.146 E.02044
G1 X112.633 Y117.787 E.01674
G1 X112.225 Y117.285 E.02028
G1 X111.906 Y116.668 E.02178
G1 X111.882 Y116.51 E.00501
G1 X112.896 Y115.93 F9000
;TYPE:Internal infill
;WIDTH:0.44
G1 F900
G1 X112.945 Y115.285 E.02136
G1 X113.152 Y114.688 E.02086
G1 X113.491 Y114.178 E.02022
G1 X113.849 Y113.849 E.01605
G1 X116.939 Y116.939 E.14428
G1 X117.16 Y116.557 E.01457
G1 X117.31 Y115.902 E.02219
G1 X117.256 Y115.38 E.01733
G1 X117.086 Y114.835 E.01885
G1 X116.783 Y114.217 E.02273
G1 X113.707 Y117.293 E.14363
G1 X114.078 Y117.537 E.01466
G1 X114.652 Y117.75 E.02021
G1 X115.24 Y117.811 E.01952
G1 X115.955 Y117.672 E.02405
;LAYER_CHANGE
;Z:36.8
;HEIGHT:0.200001
;BEFORE_LAYER_CHANGE
G92 E0
;36.8


G1 E-3.5 F3600
;WIPE_START
G1 F7200
G1 X115.24 Y117.811 E-.34598
G1 X114.652 Y117.75 E-.2808
G1 X114.078 Y117.537 E-.29082
G1 X113.707 Y117.293 E-.21092
G1 X114.26 Y116.74 E-.37148
;WIPE_END
G1 Z36.8 F9000
;AFTER_LAYER_CHANGE
;36.8
G1 X112.65 Y114.684
G1 E5 F2400
;TYPE:Perimeter
;WIDTH:0.439999
G1 F900
G1 X112.661 Y114.578 E.00352
G1 X112.993 Y113.999 E.02204
G1 X113.354 Y113.597 E.01784
G1 X113.804 Y113.271 E.01835
G1 X114.254 Y113.05 E.01655
G1 X114.732 Y112.926 E.0163
G1 X115.315 Y112.89 E.01929
G1 X115.89 Y112.981 E.01922
G1 X116.468 Y113.228 E.02075
G1 X116.95 Y113.6 E.0201
G1 X117.311 Y114.066 E.01946
G1 X117.536 Y114.589 E.0188
G1 X117.597 Y115.139 E.01827
G1 X117.568 Y115.647 E.0168
G1 X117.269 Y116.567 E.03194
G1 X117.109 Y116.842 E.0105
G1 X116.819 Y117.25 E.01653
G1 X116.378 Y117.594 E.01847
G1 X115.847 Y117.824 E.01911
G1 X115.256 Y117.918 E.01976
G1 X114.639 Y117.857 E.02047
G1 X114.199 Y117.708 E.01534
G1 X113.758 Y117.469 E.01656
G1 X113.39 Y117.155 E.01597
G1 X113.052 Y116.75 E.01742
G1 X112.8 Y116.263 E.0181
G1 X112.645 Y115.778 E.01681
G1 X112.59 Y115.241 E.01782
G1 X112.643 Y114.744 E.0165
G1 X112.254 Y114.616 F9000
G1 F900
G1 X112.279 Y114.453 E.00544
G1 X112.554 Y113.922 E.01974
G1 X112.968 Y113.424 E.02138
G1 X113.407 Y113.048 E.01908
G1 X113.951 Y112.75 E.02048
G1 X114.492 Y112.564 E.01889
G1 X115.078 Y112.497 E.01947
G1 X115.636 Y112.519 E.01844
G1 X116.184 Y112.664 E.01872
G1 X116.67 Y112.885 E.01763
G1 X117.107 Y113.209 E.01796
G1 X117.462 Y113.58 E.01695
G1 X117.725 Y114.004 E.01647
G1 X117.919 Y114.479 E.01694
G1 X117.998 Y115.295 E.02707
G1 X117.954 Y115.741 E.0148
G1 X117.633 Y116.73 E.03433
G1 X117.302 Y117.3 E.02176
G1 X116.857 Y117.748 E.02085
G1 X116.423 Y118.017 E.01686
G1 X115.959 Y118.206 E.01654
G1 X115.435 Y118.3 E.01758
G1 X114.91 Y118.303 E.01733
G1 X114.364 Y118.19 E.01841
G1 X113.856 Y117.991 E.01801
G1 X113.37 Y117.669 E.01925
G1 X112.959 Y117.283 E.01862
G1 X112.611 Y116.781 E.02017
G1 X112.365 Y116.254 E.0192
G1 X112.219 Y115.61 E.0218
G1 X112.189 Y115.045 E.01868
G1 X112.245 Y114.675 E.01236
G1 X111.873 Y114.55 F9000
;TYPE:External perimeter
;WIDTH:0.419999
G1 F900
G1 X111.906 Y114.332 E.00691
G1 X112.225 Y113.715 E.02178
G1 X112.633 Y113.213 E.02028
G1 X113.028 Y112.854 E.01674
G1 X113.572 Y112.495 E.02044
G1 X114.211 Y112.244 E.02153
G1 X114.833 Y112.115 E.01992
G1 X115.341 Y112.105 E.01593
G1 X115.912 Y112.183 E.01807
G1 X116.499 Y112.365 E.01927
G1 X117.044 Y112.671 E.0196
G1 X117.506 Y113.045 E.01864
G1 X117.886 Y113.517 E.019
G1 X118.163 Y114.012 E.01779
G1 X118.323 Y114.518 E.01664
G1 X118.385 Y115.285 E.02413
G1 X118.331 Y115.833 E.01727
G1 X117.988 Y116.889 E.03481
G1 X117.618 Y117.526 E.0231
G1 X117.377 Y117.802 E.01149
G1 X116.928 Y118.168 E.01816
G1 X116.436 Y118.446 E.01772
G1 X115.865 Y118.624 E.01875
G1 X115.279 Y118.703 E.01854
G1 X114.659 Y118.655 E.0195
G1 X114.065 Y118.505 E.01921
G1 X113.484 Y118.219 E.0203
G1 X112.972 Y117.849 E.01981
G1 X112.521 Y117.348 E.02114
G1 X112.174 Y116.798 E.02039
G1 X111.945 Y116.187 E.02046
G1 X111.836 Y115.665 E.01672
G1 X111.801 Y115.02 E.02025
G1 X111.864 Y114.609 E.01304
G1 X112.967 Y115.712 F9000
;TYPE:Solid infill
;WIDTH:0.520885
G1 F900
G1 X112.973 Y115.556 E.0062
;WIDTH:0.558617
G1 X112.979 Y115.4 E.00669
;WIDTH:0.59635
G1 X112.985 Y115.245 E.00714
;WIDTH:0.634082
G1 X112.991 Y115.089 E.00767
;WIDTH:0.669231
G1 X113.037 Y114.902 E.01003
;WIDTH:0.70438
G1 X113.084 Y114.715 E.0106
G1 X113.348 Y114.248 E.02951
;WIDTH:0.671132
G1 X113.745 Y113.819 E.03053
;WIDTH:0.641278
G1 X114.278 Y113.473 E.03162
;WIDTH:0.595778
G1 X114.844 Y113.279 E.02751
;WIDTH:0.56029
G1 X115.387 Y113.241 E.02342
;WIDTH:0.5119
G1 X115.679 Y113.298 E.0116
;WIDTH:0.483516
G1 X115.97 Y113.355 E.01086
;WIDTH:0.455132
G1 X116.221 Y113.475 E.00954
;WIDTH:0.429865
G1 X116.472 Y113.594 E.00894
;WIDTH:0.404598
G1 X116.719 Y113.776 E.00923
G1 E-3.5 F3600
;WIPE_START
G1 F7200
G1 X116.472 Y113.594 E-.14574
G1 X116.221 Y113.475 E-.13195
G1 X115.97 Y113.355 E-.13215
G1 X115.679 Y113.298 E-.14085
G1 X115.387 Y113.241 E-.14132
G1 X114.844 Y113.279 E-.25856
G1 X114.278 Y113.473 E-.2842
G1 X113.809 Y113.777 E-.26523
;WIPE_END
G1 X113.461 Y115.203 F9000
G1 E5 F2400
;TYPE:Internal infill
;WIDTH:0.44
G1 F900
G1 X113.381 Y115.619 E.01399
G1 X113.422 Y116.368 E.02477
G1 X113.208 Y116.409 E.00719
G1 X113.491 Y116.822 E.01653
G1 X113.849 Y117.151 E.01605
G1 X116.746 Y114.254 E.13527
G1 X116.309 Y113.937 E.01783
G1 X115.891 Y113.752 E.01509
G1 X115.405 Y113.673 E.01626
G1 X114.747 Y113.782 E.02202
G1 X114.137 Y114.137 E.0233
G1 X116.787 Y116.787 E.12374
G1 X116.423 Y117.193 E.018
G1 X116 Y117.444 E.01624
G1 X115.246 Y117.611 E.0255
G1 X114.687 Y117.553 E.01856
;LAYER_CHANGE
;Z:37
;HEIGHT:0.200001
;BEFORE_LAYER_CHANGE
G92 E0
;37


G1 E-3.5 F3600
;WIPE_START
G1 F7200
G1 X115.246 Y117.611 E-.26695
G1 X116 Y117.444 E-.36683
G1 X116.423 Y117.193 E-.23364
G1 X116.787 Y116.787 E-.25901
G1 X116.231 Y116.231 E-.37357
;WIPE_END
G1 Z37 F9000
;AFTER_LAYER_CHANGE
;37
G1 X112.45 Y114.684
G1 E5 F2400
;TYPE:Perimeter
;WIDTH:0.439999
G1 F900
G1 X112.461 Y114.578 E.00352
G1 X112.793 Y113.999 E.02204
G1 X113.154 Y113.597 E.01784
G1 X113.604 Y113.271 E.01835
G1 X114.054 Y113.05 E.01655
G1 X114.532 Y112.926 E.0163
G1 X115.115 Y112.89 E.01929
G1 X115.69 Y112.981 E.01922
G1 X116.268 Y113.228 E.02075
G1 X116.75 Y113.6 E.0201
G1 X117.111 Y114.066 E.01946
G1 X117.336 Y114.589 E.0188
G1 X117.397 Y115.139 E.01827
G1 X117.368 Y115.647 E.0168
G1 X117.069 Y116.567 E.03194
G1 X116.909 Y116.842 E.0105
G1 X116.619 Y117.25 E.01653
G1 X116.178 Y117.594 E.01847
G1 X115.647 Y117.824 E.01911
G1 X115.056 Y117.918 E.01976
G1 X114.439 Y117.857 E.02047
G1 X113.999 Y117.708 E.01534
G1 X113.558 Y117.469 E.01656
G1 X113.19 Y117.155 E.01597
G1 X112.852 Y116.75 E.01742
G1 X112.6 Y116.263 E.0181
G1 X112.445 Y115.778 E.01681
G1 X112.39 Y115.241 E.01782
G1 X112.443 Y114.744 E.0165
G1 X112.054 Y114.616 F9000
G1 F900
G1 X112.079 Y114.453 E.00544
G1 X112.354 Y113.922 E.01974
G1 X112.768 Y113.424 E.02138
G1 X113.207 Y113.048 E.01908
G1 X113.751 Y112.75 E.02048
G1 X114.292 Y112.564 E.01889
G1 X114.878 Y112.497 E.01947
G1 X115.436 Y112.519 E.01844
G1 X115.984 Y112.664 E.01872
G1 X116.47 Y112.885 E.01763
G1 X116.907 Y113.209 E.01796
G1 X117.262 Y113.58 E.01695
G1 X117.525 Y114.004 E.01647
G1 X117.719 Y114.479 E.01694
G1 X117.798 Y115.295 E.02707
G1 X117.754 Y115.741 E.0148
G1 X117.433 Y116.73 E.03433
G1 X117.102 Y117.3 E.02176
G1 X116.657 Y117.748 E.02085
G1 X116.223 Y118.017 E.01686
G1 X115.759 Y118.206 E.01654
G1 X115.235 Y118.3 E.01758
G1 X114.71 Y118.303 E.01733
G1 X114.164 Y118.19 E.01841
G1 X113.656 Y117.991 E.01801
G1 X113.17 Y117.669 E.01925
G1 X112.759 Y117.283 E.01862
G1 X112.411 Y116.781 E.02017
G1 X112.165 Y116.254 E.0192
G1 X112.019 Y115.61 E.0218
G1 X111.989 Y115.045 E.01868
G1 X112.045 Y114.675 E.01236
G1 X111.673 Y114.55 F9000
;TYPE:External perimeter
;WIDTH:0.419999
G1 F900
G1 X111.706 Y114.332 E.00691
G1 X112.025 Y113.715 E.02178
G1 X112.433 Y113.213 E.02028
G1 X112.828 Y112.854 E.01674
G1 X113.372 Y112.495 E.02044
G1 X114.011 Y112.244 E.02153
G1 X114.633 Y112.115 E.01992
G1 X115.141 Y112.105 E.01593
G1 X115.712 Y112.183 E.01807
G1 X116.299 Y112.365 E.01927
G1 X116.844 Y112.671 E.0196
G1 X117.306 Y113.045 E.01864
G1 X117.686 Y113.517 E.019
G1 X117.963 Y114.012 E.01779
G1 X118.123 Y114.518 E.01664
G1 X118.185 Y115.285 E.02413
G1 X118.131 Y115.833 E.01727
G1 X117.788 Y116.889 E.03481
G1 X117.418 Y117.526 E.0231
G1 X117.177 Y117.802 E.01149
G1 X116.728 Y118.168 E.01816
G1 X116.236 Y118.446 E.01772
G1 X115.665 Y118.624 E.01875
G1 X115.079 Y118.703 E.01854
G1 X114.459 Y118.655 E.0195
G1 X113.865 Y118.505 E.01921
G1 X113.284 Y118.219 E.0203
G1 X112.772 Y117.849 E.01981
G1 X112.321 Y117.348 E.02114
G1 X111.974 Y116.798 E.02039
G1 X111.745 Y116.187 E.02046
G1 X111.636 Y115.665 E.01672
G1 X111.601 Y115.02 E.02025
G1 X111.664 Y114.609 E.01304
G1 X113.425 Y114.709 F9000
;TYPE:Internal infill
;WIDTH:0.44
G1 F900
G1 X113.381 Y115.381 E.02224
G1 X113.501 Y115.939 E.01884
G1 X113.748 Y116.432 E.01821
G1 X114.137 Y116.863 E.01917
G1 X116.82 Y114.18 E.12528
G1 X117.042 Y114.673 E.01785
G1 X117.097 Y115.408 E.02434
G1 X116.788 Y116.441 E.0356
G1 X116.66 Y116.66 E.00838
G1 X113.908 Y113.908 E.1285
G1 X114.736 Y113.481 E.03076
G1 X114.64 Y113.218 E.00924
G1 X115.204 Y113.205 E.01863
G1 X115.788 Y113.34 E.01979
G1 E-3.5 F3600
;WIPE_START
G1 F7200
G1 X115.204 Y113.205 E-.28472
G1 X114.64 Y113.218 E-.26797
G1 X114.736 Y113.481 E-.13299
G1 X113.908 Y113.908 E-.44252
G1 X114.462 Y114.462 E-.3718
;WIPE_END
G1 X114.51 Y117.55 F9000
G1 E5 F2400
;TYPE:Solid infill
;WIDTH:0.492272
G1 F900
G1 X114.266 Y117.441 E.00999
;WIDTH:0.529188
G1 X114.023 Y117.333 E.01075
;WIDTH:0.567566
G1 X113.797 Y117.157 E.0125
;WIDTH:0.605944
G1 X113.571 Y116.981 E.01341
;WIDTH:0.640338
G1 X113.389 Y116.748 E.01469
;WIDTH:0.674732
G1 X113.206 Y116.514 E.01561
;WIDTH:0.72031
G1 X112.965 Y115.976 E.0332
;WIDTH:0.743296
G1 X112.849 Y115.371 E.03587
G1 X112.844 Y115.018 E.02056
;WIDTH:0.722236
G1 X112.892 Y114.718 E.01716
G1 X112.936 Y114.591 E.00759
;WIDTH:0.681982
G1 X112.98 Y114.465 E.00709
;WIDTH:0.641728
G1 X113.024 Y114.338 E.00669
;WIDTH:0.601474
G1 X113.114 Y114.198 E.00773
;WIDTH:0.554429
G1 X113.204 Y114.058 E.00708
;WIDTH:0.507384
G1 X113.294 Y113.918 E.00643
;WIDTH:0.460338
G1 X113.746 Y113.544 E.02036
;WIDTH:0.420142
G1 X114.27 Y113.29 E.01827
;LAYER_CHANGE
;Z:37.2
;HEIGHT:0.200001
;BEFORE_LAYER_CHANGE
G92 E0
;37.2


G1 E-3.5 F3600
;WIPE_START
G1 F7200
G1 X113.746 Y113.544 E-.2766
G1 X113.294 Y113.918 E-.27867
G1 X113.204 Y114.058 E-.07906
G1 X113.114 Y114.198 E-.07906
G1 X113.024 Y114.338 E-.07906
G1 X112.98 Y114.465 E-.06384
G1 X112.936 Y114.591 E-.06339
G1 X112.892 Y114.718 E-.06384
G1 X112.844 Y115.018 E-.14431
G1 X112.849 Y115.371 E-.16769
G1 X112.93 Y115.794 E-.20448
;WIPE_END
G1 Z37.2 F9000
;AFTER_LAYER_CHANGE
;37.2
G1 X113.843 Y113.042
G1 E5 F2400
;TYPE:Perimeter
;WIDTH:0.439999
G1 F900
G1 X114.354 Y112.812 E.0185
G1 X114.877 Y112.7 E.01766
G1 X115.436 Y112.7 E.01846
G1 X115.932 Y112.785 E.01662
G1 X116.393 Y112.967 E.01636
G1 X116.834 Y113.235 E.01704
G1 X117.296 Y113.691 E.02143
G1 X117.619 Y114.231 E.02078
G1 X117.79 Y114.816 E.02012
G1 X117.814 Y115.249 E.01432
G1 X117.782 Y115.567 E.01055
G1 X117.643 Y116.05 E.01659
G1 X117.409 Y116.44 E.01502
G1 X117.086 Y116.834 E.01682
G1 X116.304 Y117.403 E.03193
G1 X116.013 Y117.531 E.0105
G1 X115.539 Y117.691 E.01652
G1 X114.98 Y117.71 E.01847
G1 X114.415 Y117.585 E.01911
G1 X113.881 Y117.312 E.0198
G1 X113.418 Y116.901 E.02044
G1 X113.15 Y116.522 E.01533
G1 X112.933 Y116.069 E.01658
G1 X112.82 Y115.598 E.01599
G1 X112.785 Y115.072 E.01741
G1 X112.867 Y114.529 E.01813
G1 X113.027 Y114.047 E.01677
G1 X113.298 Y113.579 E.01786
G1 X113.746 Y113.085 E.02202
G1 X113.789 Y113.066 E.00155
G1 X113.656 Y112.686 F9000
G1 F900
G1 X113.863 Y112.582 E.00765
G1 X114.28 Y112.42 E.01477
G1 X114.837 Y112.304 E.01879
G1 X115.468 Y112.305 E.02083
G1 X116.039 Y112.402 E.01912
G1 X116.599 Y112.626 E.01991
G1 X117.076 Y112.919 E.01848
G1 X117.494 Y113.316 E.01903
G1 X117.818 Y113.749 E.01786
G1 X118.048 Y114.25 E.0182
G1 X118.183 Y114.753 E.0172
G1 X118.21 Y115.262 E.01683
G1 X118.151 Y115.776 E.01708
G1 X117.932 Y116.379 E.02118
G1 X117.641 Y116.802 E.01695
G1 X117.344 Y117.138 E.01481
G1 X116.503 Y117.749 E.03432
G1 X115.9 Y118.015 E.02176
G1 X115.277 Y118.116 E.02084
G1 X114.768 Y118.079 E.01685
G1 X114.28 Y117.959 E.01659
G1 X113.802 Y117.727 E.01754
G1 X113.375 Y117.421 E.01734
G1 X113 Y117.009 E.01839
G1 X112.706 Y116.549 E.01803
G1 X112.502 Y116.003 E.01924
G1 X112.396 Y115.449 E.01862
G1 X112.41 Y114.839 E.02015
G1 X112.521 Y114.267 E.01924
G1 X112.781 Y113.66 E.0218
G1 X113.089 Y113.186 E.01866
G1 X113.509 Y112.76 E.01975
G1 X113.602 Y112.713 E.00344
G1 X113.475 Y112.344 F9000
;TYPE:External perimeter
;WIDTH:0.419999
G1 F900
G1 X113.69 Y112.236 E.00754
G1 X114.167 Y112.049 E.01606
G1 X114.798 Y111.918 E.02021
G1 X115.5 Y111.919 E.02201
G1 X116.144 Y112.029 E.02048
G1 X116.772 Y112.28 E.0212
G1 X117.312 Y112.611 E.01986
G1 X117.783 Y113.059 E.02038
G1 X118.151 Y113.551 E.01926
G1 X118.412 Y114.119 E.0196
G1 X118.566 Y114.692 E.0186
G1 X118.591 Y115.48 E.02472
G1 X118.463 Y116.086 E.01942
G1 X118.272 Y116.569 E.01629
G1 X117.96 Y117.022 E.01725
G1 X117.595 Y117.434 E.01726
G1 X116.697 Y118.086 E.03479
G1 X116.022 Y118.384 E.02313
G1 X115.666 Y118.466 E.01145
G1 X115.088 Y118.498 E.01815
G1 X114.526 Y118.433 E.01774
G1 X113.959 Y118.242 E.01876
G1 X113.439 Y117.961 E.01853
G1 X112.965 Y117.558 E.01951
G1 X112.572 Y117.088 E.01921
G1 X112.271 Y116.515 E.02029
G1 X112.075 Y115.914 E.01982
G1 X112.004 Y115.244 E.02112
G1 X112.046 Y114.595 E.02039
G1 X112.22 Y113.967 E.02043
G1 X112.439 Y113.48 E.01674
G1 X112.79 Y112.937 E.02027
G1 X113.278 Y112.442 E.02179
G1 X113.422 Y112.371 E.00503
G1 E-3.5 F3600
;WIPE_START
G1 F7200
G1 X113.475 Y112.344 E-.02825
G1 X113.69 Y112.236 E-.11429
G1 X114.167 Y112.049 E-.24336
G1 X114.798 Y111.918 E-.30612
G1 X115.5 Y111.919 E-.33345
G1 X116.144 Y112.029 E-.31033
G1 X116.465 Y112.157 E-.1642
;WIPE_END
G1 X115.823 Y113.075 F9000
G1 E5 F2400
;TYPE:Internal infill
;WIDTH:0.44
G1 F900
G1 X115.389 Y113.003 E.01453
G1 X114.595 Y113.058 E.02628
G1 X113.928 Y113.336 E.02386
G1 X113.634 Y113.634 E.01382
G1 X116.721 Y116.721 E.14414
G1 X116.15 Y117.136 E.02331
G1 X115.489 Y117.388 E.02336
G1 X114.762 Y117.367 E.02401
G1 X114.281 Y117.194 E.01688
G1 X113.99 Y117.01 E.01137
G1 X117.082 Y113.918 E.14438
G1 X117.43 Y114.606 E.02546
G1 X117.512 Y115.121 E.01722
G1 X117.464 Y115.621 E.01658
G1 X117.236 Y116.152 E.01908
;LAYER_CHANGE
;Z:37.4
;HEIGHT:0.200001
;BEFORE_LAYER_CHANGE
G92 E0
;37.4


G1 E-3.5 F3600
;WIPE_START
G1 F7200
G1 X117.464 Y115.621 E-.27449
G1 X117.512 Y115.121 E-.23859
G1 X117.43 Y114.606 E-.24771
G1 X117.082 Y113.918 E-.36623
G1 X116.527 Y114.473 E-.37298
;WIPE_END
G1 Z37.4 F9000
;AFTER_LAYER_CHANGE
;37.4
G1 X114.043 Y113.042
G1 E5 F2400
;TYPE:Perimeter
;WIDTH:0.439999
G1 F900
G1 X114.554 Y112.812 E.0185
G1 X115.077 Y112.7 E.01766
G1 X115.636 Y112.7 E.01846
G1 X116.132 Y112.785 E.01662
G1 X116.593 Y112.967 E.01636
G1 X117.034 Y113.235 E.01704
G1 X117.496 Y113.691 E.02143
G1 X117.819 Y114.231 E.02078
G1 X117.99 Y114.816 E.02012
G1 X118.014 Y115.249 E.01432
G1 X117.982 Y115.567 E.01055
G1 X117.843 Y116.05 E.01659
G1 X117.609 Y116.44 E.01502
G1 X117.286 Y116.834 E.01682
G1 X116.504 Y117.403 E.03193
G1 X116.213 Y117.531 E.0105
G1 X115.739 Y117.691 E.01652
G1 X115.18 Y117.71 E.01847
G1 X114.615 Y117.585 E.01911
G1 X114.081 Y117.312 E.0198
G1 X113.618 Y116.901 E.02044
G1 X113.35 Y116.522 E.01533
G1 X113.133 Y116.069 E.01658
G1 X113.02 Y115.598 E.01599
G1 X112.985 Y115.072 E.01741
G1 X113.067 Y114.529 E.01813
G1 X113.227 Y114.047 E.01677
G1 X113.498 Y113.579 E.01786
G1 X113.946 Y113.085 E.02202
G1 X113.989 Y113.066 E.00155
G1 X113.856 Y112.686 F9000
G1 F900
G1 X114.063 Y112.582 E.00765
G1 X114.48 Y112.42 E.01477
G1 X115.037 Y112.304 E.01879
G1 X115.668 Y112.305 E.02083
G1 X116.239 Y112.402 E.01912
G1 X116.799 Y112.626 E.01991
G1 X117.276 Y112.919 E.01848
G1 X117.694 Y113.316 E.01903
G1 X118.018 Y113.749 E.01786
G1 X118.248 Y114.25 E.0182
G1 X118.383 Y114.753 E.0172
G1 X118.41 Y115.262 E.01683
G1 X118.351 Y115.776 E.01708
G1 X118.132 Y116.379 E.02118
G1 X117.841 Y116.802 E.01695
G1 X117.544 Y117.138 E.01481
G1 X116.703 Y117.749 E.03432
G1 X116.1 Y118.015 E.02176
G1 X115.477 Y118.116 E.02084
G1 X114.968 Y118.079 E.01685
G1 X114.48 Y117.959 E.01659
G1 X114.002 Y117.727 E.01754
G1 X113.575 Y117.421 E.01734
G1 X113.2 Y117.009 E.01839
G1 X112.906 Y116.549 E.01803
G1 X112.702 Y116.003 E.01924
G1 X112.596 Y115.449 E.01862
G1 X112.61 Y114.839 E.02015
G1 X112.721 Y114.267 E.01924
G1 X112.981 Y113.66 E.0218
G1 X113.289 Y113.186 E.01866
G1 X113.709 Y112.76 E.01975
G1 X113.802 Y112.713 E.00344
G1 X113.675 Y112.344 F9000
;TYPE:External perimeter
;WIDTH:0.419999
G1 F900
G1 X113.89 Y112.236 E.00754
G1 X114.367 Y112.049 E.01606
G1 X114.998 Y111.918 E.02021
G1 X115.7 Y111.919 E.02201
G1 X116.344 Y112.029 E.02048
G1 X116.972 Y112.28 E.0212
G1 X117.512 Y112.611 E.01986
G1 X117.983 Y113.059 E.02038
G1 X118.351 Y113.551 E.01926
G1 X118.612 Y114.119 E.0196
G1 X118.766 Y114.692 E.0186
G1 X118.791 Y115.48 E.02472
G1 X118.663 Y116.086 E.01942
G1 X118.472 Y116.569 E.01629
G1 X118.16 Y117.022 E.01725
G1 X117.795 Y117.434 E.01726
G1 X116.897 Y118.086 E.03479
G1 X116.222 Y118.384 E.02313
G1 X115.866 Y118.466 E.01145
G1 X115.288 Y118.498 E.01815
G1 X114.726 Y118.433 E.01774
G1 X114.159 Y118.242 E.01876
G1 X113.639 Y117.961 E.01853
G1 X113.165 Y117.558 E.01951
G1 X112.772 Y117.088 E.01921
G1 X112.471 Y116.515 E.02029
G1 X112.275 Y115.914 E.01982
G1 X112.204 Y115.244 E.02112
G1 X112.246 Y114.595 E.02039
G1 X112.42 Y113.967 E.02043
G1 X112.639 Y113.48 E.01674
G1 X112.99 Y112.937 E.02027
G1 X113.478 Y112.442 E.02179
G1 X113.622 Y112.371 E.00503
G1 E-3.5 F3600
;WIPE_START
G1 F7200
G1 X113.675 Y112.344 E-.02825
G1 X113.89 Y112.236 E-.11429
G1 X114.367 Y112.049 E-.24336
G1 X114.998 Y111.918 E-.30612
G1 X115.7 Y111.919 E-.33345
G1 X116.344 Y112.029 E-.31033
G1 X116.665 Y112.157 E-.1642
;WIPE_END
G1 X115.558 Y113.352 F9000
G1 E5 F2400
;TYPE:Internal infill
;WIDTH:0.44
G1 F900
G1 X115.193 Y113.288 E.01224
G1 X115.23 Y113.004 E.00946
G1 X114.795 Y113.058 E.01447
G1 X114.128 Y113.336 E.02386
G1 X113.751 Y113.751 E.01851
G1 X116.599 Y116.599 E.13298
G1 X116.711 Y116.407 E.00734
G1 X117.014 Y115.402 E.03466
G1 X116.961 Y114.696 E.02338
G1 X116.76 Y114.24 E.01645
G1 X114.078 Y116.922 E.12523
G1 X113.679 Y116.478 E.01971
G1 X113.422 Y115.967 E.01889
G1 X113.298 Y115.389 E.01952
G1 X113.324 Y114.773 E.02036
G1 E-3.5 F3600
;WIPE_START
G1 F7200
G1 X113.298 Y115.389 E-.29286
G1 X113.422 Y115.967 E-.2808
G1 X113.679 Y116.478 E-.27169
G1 X114.078 Y116.922 E-.28355
G1 X114.63 Y116.37 E-.3711
;WIPE_END
G1 X115.746 Y113.014 F9000
G1 E5 F2400
;TYPE:Solid infill
;WIDTH:0.479584
G1 F900
G1 X116.033 Y113.118 E.01108
;WIDTH:0.524922
G1 X116.319 Y113.221 E.01218
;WIDTH:0.564868
G1 X116.558 Y113.383 E.01253
;WIDTH:0.604814
G1 X116.797 Y113.545 E.01349
;WIDTH:0.61123
G1 X117.091 Y113.821 E.01906
;WIDTH:0.568526
G1 X117.151 Y113.863 E.0032
;WIDTH:0.525822
G1 X117.211 Y113.904 E.00292
;WIDTH:0.483118
G1 X117.271 Y113.945 E.00266
;WIDTH:0.440414
G1 X117.331 Y113.986 E.0024
;WIDTH:0.39771
G1 X117.391 Y114.027 E.00214
;WIDTH:0.374691
G1 X117.573 Y114.361 E.01049
;WIDTH:0.386477
G1 X117.714 Y114.882 E.01542
G1 X117.707 Y115.497 E.01757
;WIDTH:0.377706
G1 X117.547 Y116.053 E.01611
;WIDTH:0.369288
G1 X117.247 Y116.488 E.01434
G1 X116.93 Y116.75 E.01116
G1 X117.09 Y116.41 E.0102
;WIDTH:0.37762
G1 X117.303 Y115.766 E.01888
;WIDTH:0.387309
G1 X117.384 Y115.366 E.01169
G1 X117.356 Y114.798 E.01629
;WIDTH:0.374229
G1 X117.198 Y114.314 E.01403
;WIDTH:0.396639
G1 X117.171 Y114.228 E.00265
;WIDTH:0.437874
G1 X117.144 Y114.142 E.00296
;WIDTH:0.479108
G1 X117.117 Y114.056 E.00327
;WIDTH:0.520342
G1 X117.09 Y113.97 E.00358
;LAYER_CHANGE
;Z:37.6
;HEIGHT:0.199997
;BEFORE_LAYER_CHANGE
G92 E0
;37.6


G1 E-3.5 F3600
;WIPE_START
G1 F7200
G1 X117.117 Y114.056 E-.04282
G1 X117.144 Y114.142 E-.04282
G1 X117.171 Y114.228 E-.04282
G1 X117.198 Y114.314 E-.04282
G1 X117.356 Y114.798 E-.24184
G1 X117.384 Y115.366 E-.27013
G1 X117.303 Y115.766 E-.19386
G1 X117.09 Y116.41 E-.3222
G1 X116.93 Y116.75 E-.17849
G1 X117.129 Y116.586 E-.1222
;WIPE_END
G1 Z37.6 F9000
;AFTER_LAYER_CHANGE
;37.6
G1 X115.605 Y112.533
G1 E5 F2400
;TYPE:Perimeter
;WIDTH:0.439999
G1 F900
G1 X115.993 Y112.597 E.01298
G1 X116.516 Y112.806 E.0186
G1 X116.945 Y113.069 E.01661
G1 X117.322 Y113.421 E.01703
G1 X117.64 Y113.84 E.01737
G1 X117.849 Y114.282 E.01614
G1 X117.985 Y114.771 E.01676
G1 X118.008 Y115.41 E.02111
G1 X117.875 Y116.015 E.02045
G1 X117.603 Y116.549 E.01979
G1 X117.307 Y116.896 E.01506
G1 X116.911 Y117.205 E.01658
G1 X116.491 Y117.382 E.01505
G1 X115.999 Y117.512 E.0168
G1 X115.032 Y117.512 E.03193
G1 X114.721 Y117.445 E.0105
G1 X114.244 Y117.295 E.01651
G1 X113.78 Y116.982 E.01848
G1 X113.397 Y116.549 E.01909
G1 X113.125 Y116.015 E.01979
G1 X112.992 Y115.41 E.02045
G1 X112.998 Y114.945 E.01535
G1 X113.089 Y114.452 E.01655
G1 X113.274 Y114.004 E.016
G1 X113.555 Y113.558 E.0174
G1 X113.94 Y113.167 E.01812
G1 X114.353 Y112.871 E.01678
G1 X114.847 Y112.652 E.01784
G1 X115.5 Y112.515 E.02203
G1 X115.546 Y112.523 E.00154
G1 X115.662 Y112.14 F9000
G1 F900
G1 X116.091 Y112.211 E.01436
G1 X116.692 Y112.45 E.02135
G1 X117.186 Y112.751 E.0191
G1 X117.637 Y113.177 E.02048
G1 X117.981 Y113.634 E.01889
G1 X118.232 Y114.173 E.01963
G1 X118.377 Y114.707 E.01827
G1 X118.404 Y115.446 E.02442
G1 X118.296 Y115.987 E.01821
G1 X118.109 Y116.473 E.01719
G1 X117.833 Y116.901 E.01681
G1 X117.482 Y117.282 E.0171
G1 X116.951 Y117.641 E.02116
G1 X116.467 Y117.812 E.01695
G1 X116.029 Y117.909 E.01481
G1 X114.99 Y117.909 E.0343
G1 X114.345 Y117.77 E.02179
G1 X113.782 Y117.485 E.02083
G1 X113.392 Y117.156 E.01685
G1 X113.068 Y116.772 E.01659
G1 X112.817 Y116.303 E.01756
G1 X112.651 Y115.805 E.01733
G1 X112.591 Y115.251 E.0184
G1 X112.623 Y114.707 E.01799
G1 X112.779 Y114.145 E.01926
G1 X113.019 Y113.634 E.01864
G1 X113.389 Y113.149 E.02014
G1 X113.814 Y112.751 E.01922
G1 X114.382 Y112.414 E.02181
G1 X114.909 Y112.211 E.01865
G1 X115.5 Y112.113 E.01978
G1 X115.603 Y112.13 E.00345
G1 X115.717 Y111.756 F9000
;TYPE:External perimeter
;WIDTH:0.419999
G1 F900
G1 X116.186 Y111.834 E.01491
G1 X116.864 Y112.103 E.02287
G1 X117.42 Y112.442 E.02042
G1 X117.925 Y112.919 E.02178
G1 X118.313 Y113.434 E.02022
G1 X118.595 Y114.039 E.02093
G1 X118.76 Y114.644 E.01966
G1 X118.796 Y115.262 E.01941
G1 X118.757 Y115.696 E.01366
G1 X118.614 Y116.28 E.01885
G1 X118.348 Y116.83 E.01916
G1 X118.012 Y117.3 E.01811
G1 X117.553 Y117.716 E.01942
G1 X117.115 Y117.994 E.01627
G1 X116.595 Y118.177 E.01728
G1 X116.058 Y118.296 E.01725
G1 X114.948 Y118.296 E.0348
G1 X114.228 Y118.14 E.0231
G1 X113.891 Y117.997 E.01148
G1 X113.404 Y117.683 E.01817
G1 X112.988 Y117.3 E.01773
G1 X112.642 Y116.813 E.01873
G1 X112.386 Y116.28 E.01854
G1 X112.24 Y115.675 E.01951
G1 X112.198 Y115.064 E.0192
G1 X112.291 Y114.423 E.02031
G1 X112.485 Y113.822 E.0198
G1 X112.822 Y113.238 E.02114
G1 X113.238 Y112.738 E.02039
G1 X113.748 Y112.331 E.02046
G1 X114.211 Y112.067 E.01671
G1 X114.814 Y111.834 E.02027
G1 X115.5 Y111.721 E.0218
G1 X115.658 Y111.747 E.00502
G1 X115.851 Y112.883 F9000
;TYPE:Internal infill
;WIDTH:0.44
G1 F900
G1 X115.5 Y112.825 E.01175
G1 X114.797 Y112.993 E.02386
G1 X114.24 Y113.313 E.02121
G1 X113.776 Y113.776 E.02164
G1 X116.868 Y116.868 E.14438
G1 X116.143 Y117.181 E.02607
G1 X115.064 Y117.206 E.03564
G1 X114.559 Y117.097 E.01706
G1 X114.132 Y116.868 E.016
G1 X117.224 Y113.776 E.14438
G1 X117.516 Y114.263 E.01875
G1 X117.682 Y114.821 E.01922
G1 X117.703 Y115.382 E.01854
G1 X117.537 Y116.026 E.02196
;LAYER_CHANGE
;Z:37.8
;HEIGHT:0.200001
;BEFORE_LAYER_CHANGE
G92 E0
;37.8


G1 E-3.5 F3600
;WIPE_START
G1 F7200
G1 X117.703 Y115.382 E-.3159
G1 X117.682 Y114.821 E-.26666
G1 X117.516 Y114.263 E-.27653
G1 X117.224 Y113.776 E-.26972
G1 X116.671 Y114.329 E-.37119
;WIPE_END
G1 Z37.8 F9000
;AFTER_LAYER_CHANGE
;37.8
G1 X117.329 Y113.161
G1 E5 F2400
;TYPE:Perimeter
;WIDTH:0.439999
G1 F900
G1 X117.487 Y113.321 E.00742
G1 X117.804 Y113.726 E.01698
G1 X118.045 Y114.241 E.01877
G1 X118.179 Y114.726 E.01661
G1 X118.208 Y115.415 E.02277
G1 X118.116 Y115.895 E.01614
G1 X117.938 Y116.371 E.01678
G1 X117.582 Y116.901 E.02108
G1 X117.119 Y117.312 E.02044
G1 X116.585 Y117.585 E.0198
G1 X116.02 Y117.71 E.01911
G1 X115.492 Y117.694 E.01744
G1 X114.947 Y117.532 E.01877
G1 X114.438 Y117.224 E.01964
G1 X113.943 Y116.856 E.02037
G1 X113.727 Y116.615 E.01069
G1 X113.428 Y116.214 E.01652
G1 X113.237 Y115.688 E.01848
G1 X113.182 Y115.112 E.0191
G1 X113.276 Y114.52 E.01979
G1 X113.524 Y113.953 E.02043
G1 X113.802 Y113.58 E.01536
G1 X114.166 Y113.235 E.01656
G1 X114.579 Y112.982 E.01599
G1 X115.068 Y112.785 E.01741
G1 X115.609 Y112.696 E.0181
G1 X116.118 Y112.699 E.01681
G1 X116.646 Y112.812 E.01783
G1 X117.254 Y113.085 E.02201
G1 X117.287 Y113.119 E.00156
G1 X117.606 Y112.877 F9000
G1 F900
G1 X117.769 Y113.042 E.00766
G1 X118.144 Y113.519 E.02003
G1 X118.417 Y114.102 E.02125
G1 X118.571 Y114.66 E.01911
G1 X118.609 Y115.236 E.01906
G1 X118.573 Y115.657 E.01395
G1 X118.442 Y116.201 E.01847
G1 X118.193 Y116.722 E.01907
G1 X117.881 Y117.163 E.01784
G1 X117.475 Y117.538 E.01825
G1 X117.039 Y117.821 E.01716
G1 X116.564 Y118.004 E.01681
G1 X116.056 Y118.106 E.01711
G1 X115.415 Y118.085 E.02118
G1 X114.785 Y117.898 E.0217
G1 X114.216 Y117.554 E.02195
G1 X113.673 Y117.151 E.02233
G1 X113.232 Y116.657 E.02186
G1 X112.943 Y116.096 E.02084
G1 X112.821 Y115.6 E.01686
G1 X112.784 Y115.1 E.01655
G1 X112.858 Y114.573 E.01757
G1 X113.016 Y114.072 E.01734
G1 X113.292 Y113.589 E.01837
G1 X113.639 Y113.167 E.01804
G1 X114.095 Y112.804 E.01924
G1 X114.59 Y112.532 E.01865
G1 X115.174 Y112.357 E.02013
G1 X115.752 Y112.286 E.01923
G1 X116.41 Y112.346 E.02182
G1 X116.956 Y112.492 E.01866
G1 X117.491 Y112.76 E.01976
G1 X117.564 Y112.834 E.00343
G1 X117.876 Y112.599 F9000
;TYPE:External perimeter
;WIDTH:0.419999
G1 F900
G1 X118.21 Y112.937 E.0149
G1 X118.561 Y113.48 E.02027
G1 X118.78 Y113.966 E.01671
G1 X118.954 Y114.595 E.02046
G1 X118.995 Y115.279 E.02148
G1 X118.925 Y115.914 E.02003
G1 X118.719 Y116.54 E.02066
G1 X118.428 Y117.088 E.01945
G1 X118.02 Y117.573 E.01987
G1 X117.561 Y117.961 E.01884
G1 X117.022 Y118.25 E.01918
G1 X116.474 Y118.433 E.01811
G1 X115.858 Y118.499 E.01942
G1 X115.34 Y118.467 E.01627
G1 X114.628 Y118.255 E.02329
G1 X114 Y117.876 E.023
G1 X113.411 Y117.438 E.02301
G1 X112.919 Y116.888 E.02314
G1 X112.73 Y116.574 E.01149
G1 X112.522 Y116.034 E.01814
G1 X112.409 Y115.48 E.01773
G1 X112.416 Y114.882 E.01875
G1 X112.522 Y114.3 E.01855
G1 X112.759 Y113.725 E.0195
G1 X113.085 Y113.206 E.01922
G1 X113.537 Y112.743 E.02029
G1 X114.047 Y112.37 E.01981
G1 X114.663 Y112.096 E.02114
G1 X115.293 Y111.936 E.02038
G1 X115.945 Y111.907 E.02046
G1 X116.475 Y111.964 E.01671
G1 X117.1 Y112.131 E.02028
G1 X117.722 Y112.442 E.0218
G1 X117.834 Y112.556 E.00501
G1 X116.009 Y113 F9000
;TYPE:Internal infill
;WIDTH:0.44
G1 F900
G1 X115.451 Y113.016 E.01843
G1 X114.864 Y113.181 E.02013
G1 X114.352 Y113.478 E.01954
G1 X113.918 Y113.918 E.02041
G1 X117.01 Y117.01 E.14438
G1 X116.719 Y117.194 E.01137
G1 X116.238 Y117.367 E.01688
G1 X115.551 Y117.392 E.0227
G1 X115.072 Y117.25 E.0165
G1 X114.276 Y116.724 E.0315
G1 X117.366 Y113.634 E.14428
G1 X117.693 Y114.172 E.02079
G1 X117.877 Y114.777 E.02088
G1 X117.902 Y115.389 E.02022
G1 X117.802 Y115.882 E.01661
;LAYER_CHANGE
;Z:38
;HEIGHT:0.200001
;BEFORE_LAYER_CHANGE
G92 E0
;38


G1 E-3.5 F3600
;WIPE_START
G1 F7200
G1 X117.902 Y115.389 E-.23894
G1 X117.877 Y114.777 E-.29094
G1 X117.693 Y114.172 E-.30037
G1 X117.366 Y113.634 E-.29905
G1 X116.814 Y114.186 E-.3707
;WIPE_END
G1 Z38 F9000
;AFTER_LAYER_CHANGE
;38
G1 X117.529 Y113.161
G1 E5 F2400
;TYPE:Perimeter
;WIDTH:0.439999
G1 F900
G1 X117.687 Y113.321 E.00742
G1 X118.004 Y113.726 E.01698
G1 X118.245 Y114.241 E.01877
G1 X118.379 Y114.726 E.01661
G1 X118.408 Y115.415 E.02277
G1 X118.316 Y115.895 E.01614
G1 X118.138 Y116.371 E.01678
G1 X117.782 Y116.901 E.02108
G1 X117.319 Y117.312 E.02044
G1 X116.785 Y117.585 E.0198
G1 X116.22 Y117.71 E.01911
G1 X115.692 Y117.694 E.01744
G1 X115.147 Y117.532 E.01877
G1 X114.638 Y117.224 E.01964
G1 X114.143 Y116.856 E.02037
G1 X113.927 Y116.615 E.01069
G1 X113.628 Y116.214 E.01652
G1 X113.437 Y115.688 E.01848
G1 X113.382 Y115.112 E.0191
G1 X113.476 Y114.52 E.01979
G1 X113.724 Y113.953 E.02043
G1 X114.002 Y113.58 E.01536
G1 X114.366 Y113.235 E.01656
G1 X114.779 Y112.982 E.01599
G1 X115.268 Y112.785 E.01741
G1 X115.809 Y112.696 E.0181
G1 X116.318 Y112.699 E.01681
G1 X116.846 Y112.812 E.01783
G1 X117.454 Y113.085 E.02201
G1 X117.487 Y113.119 E.00156
G1 X117.806 Y112.877 F9000
G1 F900
G1 X117.969 Y113.042 E.00766
G1 X118.344 Y113.519 E.02003
G1 X118.617 Y114.102 E.02125
G1 X118.771 Y114.66 E.01911
G1 X118.809 Y115.236 E.01906
G1 X118.773 Y115.657 E.01395
G1 X118.642 Y116.201 E.01847
G1 X118.393 Y116.722 E.01907
G1 X118.081 Y117.163 E.01784
G1 X117.675 Y117.538 E.01825
G1 X117.239 Y117.821 E.01716
G1 X116.764 Y118.004 E.01681
G1 X116.256 Y118.106 E.01711
G1 X115.615 Y118.085 E.02118
G1 X114.985 Y117.898 E.0217
G1 X114.416 Y117.554 E.02195
G1 X113.873 Y117.151 E.02233
G1 X113.432 Y116.657 E.02186
G1 X113.143 Y116.096 E.02084
G1 X113.021 Y115.6 E.01686
G1 X112.984 Y115.1 E.01655
G1 X113.058 Y114.573 E.01757
G1 X113.216 Y114.072 E.01734
G1 X113.492 Y113.589 E.01837
G1 X113.839 Y113.167 E.01804
G1 X114.295 Y112.804 E.01924
G1 X114.79 Y112.532 E.01865
G1 X115.374 Y112.357 E.02013
G1 X115.952 Y112.286 E.01923
G1 X116.61 Y112.346 E.02182
G1 X117.156 Y112.492 E.01866
G1 X117.691 Y112.76 E.01976
G1 X117.764 Y112.834 E.00343
G1 X118.076 Y112.599 F9000
;TYPE:External perimeter
;WIDTH:0.419999
G1 F900
G1 X118.41 Y112.937 E.0149
G1 X118.761 Y113.48 E.02027
G1 X118.98 Y113.966 E.01671
G1 X119.154 Y114.595 E.02046
G1 X119.195 Y115.279 E.02148
G1 X119.125 Y115.914 E.02003
G1 X118.919 Y116.54 E.02066
G1 X118.628 Y117.088 E.01945
G1 X118.22 Y117.573 E.01987
G1 X117.761 Y117.961 E.01884
G1 X117.222 Y118.25 E.01918
G1 X116.674 Y118.433 E.01811
G1 X116.058 Y118.499 E.01942
G1 X115.54 Y118.467 E.01627
G1 X114.828 Y118.255 E.02329
G1 X114.2 Y117.876 E.023
G1 X113.611 Y117.438 E.02301
G1 X113.119 Y116.888 E.02314
G1 X112.93 Y116.574 E.01149
G1 X112.722 Y116.034 E.01814
G1 X112.609 Y115.48 E.01773
G1 X112.616 Y114.882 E.01875
G1 X112.722 Y114.3 E.01855
G1 X112.959 Y113.725 E.0195
G1 X113.285 Y113.206 E.01922
G1 X113.737 Y112.743 E.02029
G1 X114.247 Y112.37 E.01981
G1 X114.863 Y112.096 E.02114
G1 X115.493 Y111.936 E.02038
G1 X116.145 Y111.907 E.02046
G1 X116.675 Y111.964 E.01671
G1 X117.3 Y112.131 E.02028
G1 X117.922 Y112.442 E.0218
G1 X118.034 Y112.556 E.00501
G1 E-3.5 F3600
;WIPE_START
G1 F7200
G1 X118.076 Y112.599 E-.02855
G1 X118.41 Y112.937 E-.22571
G1 X118.761 Y113.48 E-.30712
G1 X118.98 Y113.966 E-.25321
G1 X119.154 Y114.595 E-.31
G1 X119.195 Y115.279 E-.32548
G1 X119.184 Y115.384 E-.04993
;WIPE_END
G1 X118.106 Y115.058 F9000
G1 E5 F2400
;TYPE:Internal infill
;WIDTH:0.44
G1 F900
G1 X118.058 Y115.684 E.02073
G1 X117.865 Y116.233 E.01921
G1 X117.551 Y116.699 E.01855
G1 X117.091 Y117.091 E.01995
G1 X114.037 Y114.037 E.1426
G1 X113.77 Y114.606 E.02075
G1 X113.697 Y115.375 E.0255
G1 X113.901 Y116.073 E.02401
G1 X114.362 Y116.638 E.02408
G1 X117.467 Y113.533 E.14498
G1 X117.272 Y113.336 E.00915
G1 X116.605 Y113.058 E.02386
G1 X116.103 Y112.996 E.0167
G1 X115.651 Y113.016 E.01494
G1 X115.243 Y113.118 E.01389
;LAYER_CHANGE
;Z:38.2
;HEIGHT:0.200001
;BEFORE_LAYER_CHANGE
G92 E0
;38.2


G1 E-3.5 F3600
;WIPE_START
G1 F7200
G1 X115.651 Y113.016 E-.19976
G1 X116.103 Y112.996 E-.21491
G1 X116.605 Y113.058 E-.24026
G1 X117.272 Y113.336 E-.34324
G1 X117.467 Y113.533 E-.13166
G1 X116.916 Y114.084 E-.37017
;WIPE_END
G1 Z38.2 F9000
;AFTER_LAYER_CHANGE
;38.2
G1 X118.285 Y114.485
G1 E5 F2400
;TYPE:Perimeter
;WIDTH:0.439999
G1 F900
G1 X118.339 Y114.578 E.00355
G1 X118.41 Y115.241 E.02202
G1 X118.376 Y115.634 E.01302
G1 X118.259 Y116.123 E.0166
G1 X118.04 Y116.591 E.01706
G1 X117.741 Y117.022 E.01732
G1 X117.384 Y117.357 E.01616
G1 X116.961 Y117.638 E.01677
G1 X116.361 Y117.857 E.02109
G1 X115.744 Y117.918 E.02047
G1 X115.153 Y117.824 E.01976
G1 X114.731 Y117.65 E.01507
G1 X114.315 Y117.369 E.01658
G1 X114.016 Y117.025 E.01505
G1 X113.741 Y116.597 E.0168
G1 X113.442 Y115.676 E.03197
G1 X113.41 Y115.36 E.01049
G1 X113.405 Y114.86 E.01651
G1 X113.559 Y114.322 E.01848
G1 X113.853 Y113.824 E.01909
G1 X114.277 Y113.4 E.0198
G1 X114.811 Y113.087 E.02044
G1 X115.255 Y112.949 E.01535
G1 X115.752 Y112.883 E.01655
G1 X116.235 Y112.921 E.016
G1 X116.746 Y113.05 E.0174
G1 X117.236 Y113.296 E.0181
G1 X117.646 Y113.597 E.01679
G1 X118.007 Y113.999 E.01784
G1 X118.256 Y114.433 E.01652
G1 X118.646 Y114.308 F9000
G1 F900
G1 X118.721 Y114.453 E.00539
G1 X118.781 Y114.845 E.01309
G1 X118.807 Y115.292 E.01478
G1 X118.744 Y115.86 E.01887
G1 X118.548 Y116.46 E.02084
G1 X118.279 Y116.97 E.01904
G1 X117.893 Y117.433 E.0199
G1 X117.468 Y117.797 E.01848
G1 X116.961 Y118.071 E.01903
G1 X116.449 Y118.245 E.01785
G1 X115.901 Y118.31 E.01822
G1 X115.381 Y118.282 E.01719
G1 X114.889 Y118.151 E.01681
G1 X114.418 Y117.936 E.01709
G1 X113.912 Y117.542 E.02117
G1 X113.6 Y117.134 E.01696
G1 X113.373 Y116.747 E.01481
G1 X113.051 Y115.759 E.03431
G1 X112.984 Y115.103 E.02177
G1 X113.081 Y114.479 E.02085
G1 X113.274 Y114.007 E.01684
G1 X113.538 Y113.58 E.01658
G1 X113.907 Y113.197 E.01756
G1 X114.33 Y112.885 E.01735
G1 X114.838 Y112.656 E.0184
G1 X115.365 Y112.518 E.01799
G1 X115.948 Y112.493 E.01927
G1 X116.508 Y112.564 E.01864
G1 X117.084 Y112.766 E.02015
G1 X117.593 Y113.048 E.01921
G1 X118.09 Y113.483 E.02181
G1 X118.446 Y113.922 E.01866
G1 X118.618 Y114.254 E.01235
G1 X118.993 Y114.137 F9000
;TYPE:External perimeter
;WIDTH:0.419999
G1 F900
G1 X119.094 Y114.332 E.00689
G1 X119.163 Y114.787 E.01443
G1 X119.194 Y115.255 E.01471
G1 X119.164 Y115.665 E.01289
G1 X119.055 Y116.187 E.01672
G1 X118.826 Y116.798 E.02046
G1 X118.457 Y117.375 E.02147
G1 X118.028 Y117.849 E.02005
G1 X117.492 Y118.233 E.02067
G1 X116.935 Y118.505 E.01944
G1 X116.32 Y118.658 E.01987
G1 X115.721 Y118.703 E.01883
G1 X115.115 Y118.62 E.01918
G1 X114.564 Y118.446 E.01812
G1 X114.027 Y118.137 E.01943
G1 X113.627 Y117.806 E.01628
G1 X113.292 Y117.369 E.01726
G1 X113.013 Y116.894 E.01727
G1 X112.671 Y115.839 E.03477
G1 X112.596 Y115.106 E.0231
G1 X112.628 Y114.741 E.01149
G1 X112.776 Y114.182 E.01813
G1 X113.012 Y113.667 E.01776
G1 X113.368 Y113.187 E.01874
G1 X113.796 Y112.779 E.01854
G1 X114.326 Y112.453 E.01951
G1 X114.894 Y112.225 E.01919
G1 X115.533 Y112.115 E.02033
G1 X116.164 Y112.114 E.01978
G1 X116.824 Y112.255 E.02116
G1 X117.428 Y112.495 E.02038
G1 X117.972 Y112.854 E.02044
G1 X118.367 Y113.213 E.01674
G1 X118.775 Y113.715 E.02028
G1 X118.966 Y114.083 E.013
G1 X118.104 Y115.07 F9000
;TYPE:Internal infill
;WIDTH:0.44
G1 F900
G1 X118.055 Y115.715 E.02136
G1 X117.848 Y116.312 E.02086
G1 X117.509 Y116.822 E.02022
G1 X117.151 Y117.151 E.01605
G1 X114.061 Y114.061 E.14428
G1 X113.84 Y114.443 E.01457
G1 X113.69 Y115.098 E.02219
G1 X113.743 Y115.613 E.01709
G1 X114.025 Y116.481 E.03013
G1 X114.217 Y116.783 E.01182
G1 X117.293 Y113.707 E.14363
G1 X116.922 Y113.463 E.01466
G1 X116.348 Y113.25 E.02021
G1 X116.053 Y113.201 E.00987
G1 X115.47 Y113.215 E.01925
G1 X115.044 Y113.328 E.01455
;LAYER_CHANGE
;Z:38.4
;HEIGHT:0.200001
;BEFORE_LAYER_CHANGE
G92 E0
;38.4


G1 E-3.5 F3600
;WIPE_START
G1 F7200
G1 X115.47 Y113.215 E-.20935
G1 X116.053 Y113.201 E-.277
G1 X116.348 Y113.25 E-.14204
G1 X116.922 Y113.463 E-.29082
G1 X117.293 Y113.707 E-.21092
G1 X116.742 Y114.258 E-.36987
;WIPE_END
G1 Z38.4 F9000
;AFTER_LAYER_CHANGE
;38.4
G1 X118.485 Y114.485
G1 E5 F2400
;TYPE:Perimeter
;WIDTH:0.439999
G1 F900
G1 X118.539 Y114.578 E.00355
G1 X118.61 Y115.241 E.02202
G1 X118.576 Y115.634 E.01302
G1 X118.459 Y116.123 E.0166
G1 X118.24 Y116.591 E.01706
G1 X117.941 Y117.022 E.01732
G1 X117.584 Y117.357 E.01616
G1 X117.161 Y117.638 E.01677
G1 X116.561 Y117.857 E.02109
G1 X115.944 Y117.918 E.02047
G1 X115.353 Y117.824 E.01976
G1 X114.931 Y117.65 E.01507
G1 X114.515 Y117.369 E.01658
G1 X114.216 Y117.025 E.01505
G1 X113.941 Y116.597 E.0168
G1 X113.642 Y115.676 E.03197
G1 X113.61 Y115.36 E.01049
G1 X113.605 Y114.86 E.01651
G1 X113.759 Y114.322 E.01848
G1 X114.053 Y113.824 E.01909
G1 X114.477 Y113.4 E.0198
G1 X115.011 Y113.087 E.02044
G1 X115.455 Y112.949 E.01535
G1 X115.952 Y112.883 E.01655
G1 X116.435 Y112.921 E.016
G1 X116.946 Y113.05 E.0174
G1 X117.436 Y113.296 E.0181
G1 X117.846 Y113.597 E.01679
G1 X118.207 Y113.999 E.01784
G1 X118.456 Y114.433 E.01652
G1 X118.846 Y114.308 F9000
G1 F900
G1 X118.921 Y114.453 E.00539
G1 X118.981 Y114.845 E.01309
G1 X119.007 Y115.292 E.01478
G1 X118.944 Y115.86 E.01887
G1 X118.748 Y116.46 E.02084
G1 X118.479 Y116.97 E.01904
G1 X118.093 Y117.433 E.0199
G1 X117.668 Y117.797 E.01848
G1 X117.161 Y118.071 E.01903
G1 X116.649 Y118.245 E.01785
G1 X116.101 Y118.31 E.01822
G1 X115.581 Y118.282 E.01719
G1 X115.089 Y118.151 E.01681
G1 X114.618 Y117.936 E.01709
G1 X114.112 Y117.542 E.02117
G1 X113.8 Y117.134 E.01696
G1 X113.573 Y116.747 E.01481
G1 X113.251 Y115.759 E.03431
G1 X113.184 Y115.103 E.02177
G1 X113.281 Y114.479 E.02085
G1 X113.474 Y114.007 E.01684
G1 X113.738 Y113.58 E.01658
G1 X114.107 Y113.197 E.01756
G1 X114.53 Y112.885 E.01735
G1 X115.038 Y112.656 E.0184
G1 X115.565 Y112.518 E.01799
G1 X116.148 Y112.493 E.01927
G1 X116.708 Y112.564 E.01864
G1 X117.284 Y112.766 E.02015
G1 X117.793 Y113.048 E.01921
G1 X118.29 Y113.483 E.02181
G1 X118.646 Y113.922 E.01866
G1 X118.818 Y114.254 E.01235
G1 X119.193 Y114.137 F9000
;TYPE:External perimeter
;WIDTH:0.419999
G1 F900
G1 X119.294 Y114.332 E.00689
G1 X119.363 Y114.787 E.01443
G1 X119.394 Y115.255 E.01471
G1 X119.364 Y115.665 E.01289
G1 X119.255 Y116.187 E.01672
G1 X119.026 Y116.798 E.02046
G1 X118.657 Y117.375 E.02147
G1 X118.228 Y117.849 E.02005
G1 X117.692 Y118.233 E.02067
G1 X117.135 Y118.505 E.01944
G1 X116.52 Y118.658 E.01987
G1 X115.921 Y118.703 E.01883
G1 X115.315 Y118.62 E.01918
G1 X114.764 Y118.446 E.01812
G1 X114.227 Y118.137 E.01943
G1 X113.827 Y117.806 E.01628
G1 X113.492 Y117.369 E.01726
G1 X113.213 Y116.894 E.01727
G1 X112.871 Y115.839 E.03477
G1 X112.796 Y115.106 E.0231
G1 X112.828 Y114.741 E.01149
G1 X112.976 Y114.182 E.01813
G1 X113.212 Y113.667 E.01776
G1 X113.568 Y113.187 E.01874
G1 X113.996 Y112.779 E.01854
G1 X114.526 Y112.453 E.01951
G1 X115.094 Y112.225 E.01919
G1 X115.733 Y112.115 E.02033
G1 X116.364 Y112.114 E.01978
G1 X117.024 Y112.255 E.02116
G1 X117.628 Y112.495 E.02038
G1 X118.172 Y112.854 E.02044
G1 X118.567 Y113.213 E.01674
G1 X118.975 Y113.715 E.02028
G1 X119.166 Y114.083 E.013
G1 X117.777 Y115.341 F9000
;TYPE:Internal infill
;WIDTH:0.44
G1 F900
G1 X117.826 Y115.912 E.01892
G1 X117.778 Y116.368 E.01514
G1 X117.992 Y116.409 E.00719
G1 X117.709 Y116.822 E.01653
G1 X117.236 Y117.236 E.02075
G1 X114.18 Y114.18 E.1427
G1 X113.958 Y114.673 E.01785
G1 X113.89 Y115.098 E.01421
G1 X113.943 Y115.613 E.01709
G1 X114.33 Y116.67 E.03716
G1 X116.95 Y114.05 E.12234
G1 X116.453 Y113.782 E.01864
G1 X115.751 Y113.678 E.02343
G1 X115.349 Y113.734 E.0134
G1 X114.731 Y114.049 E.0229
G1 X114.506 Y113.754 F9000
;TYPE:Solid infill
;WIDTH:0.410136
G1 F900
G1 X114.704 Y113.603 E.0076
;WIDTH:0.455658
G1 X115.195 Y113.36 E.0188
;WIDTH:0.481939
G1 X115.453 Y113.304 E.00964
;WIDTH:0.50822
G1 X115.71 Y113.249 E.01017
;WIDTH:0.536724
G1 X115.978 Y113.257 E.01101
;WIDTH:0.565228
G1 X116.247 Y113.265 E.01169
;WIDTH:0.60789
G1 X116.81 Y113.418 E.02741
;WIDTH:0.654872
G1 X117.337 Y113.72 E.03091
;WIDTH:0.674582
G1 X117.554 Y113.905 E.01498
;WIDTH:0.682206
G1 X117.906 Y114.319 E.02889
;WIDTH:0.705052
G1 X118.116 Y114.715 E.02468
G1 X118.163 Y114.902 E.01062
;WIDTH:0.669239
G1 X118.209 Y115.089 E.01003
;WIDTH:0.633426
G1 X118.219 Y115.264 E.00861
;WIDTH:0.584421
G1 X118.229 Y115.44 E.00794
;WIDTH:0.535416
G1 X118.239 Y115.615 E.00718
;WIDTH:0.48641
G1 X118.233 Y115.712 E.00358
;LAYER_CHANGE
;Z:38.6
;HEIGHT:0.199997
;BEFORE_LAYER_CHANGE
G92 E0
;38.6


G1 E-3.5 F3600
;WIPE_START
G1 F7200
G1 X118.239 Y115.615 E-.04616
G1 X118.229 Y115.44 E-.08326
G1 X118.219 Y115.264 E-.08373
G1 X118.209 Y115.089 E-.08326
G1 X118.163 Y114.902 E-.09147
G1 X118.116 Y114.715 E-.09159
G1 X117.906 Y114.319 E-.21291
G1 X117.554 Y113.905 E-.25812
G1 X117.337 Y113.72 E-.13545
G1 X116.81 Y113.418 E-.28851
G1 X116.555 Y113.348 E-.12554
;WIPE_END
G1 Z38.6 F9000
;AFTER_LAYER_CHANGE
;38.6
G1 X118.35 Y116.316
G1 E5 F2400
;TYPE:Perimeter
;WIDTH:0.439999
G1 F900
G1 X118.339 Y116.422 E.00352
G1 X118.109 Y116.866 E.01651
G1 X117.748 Y117.299 E.01861
G1 X117.366 Y117.626 E.0166
G1 X116.914 Y117.876 E.01705
G1 X116.418 Y118.049 E.01734
G1 X115.933 Y118.11 E.01614
G1 X115.425 Y118.088 E.01679
G1 X114.811 Y117.913 E.02108
G1 X114.277 Y117.6 E.02044
G1 X113.853 Y117.176 E.0198
G1 X113.614 Y116.787 E.01507
G1 X113.443 Y116.315 E.01658
G1 X113.403 Y115.861 E.01505
G1 X113.432 Y115.353 E.0168
G1 X113.731 Y114.433 E.03194
G1 X114.022 Y113.933 E.0191
G1 X114.388 Y113.566 E.01711
G1 X114.877 Y113.275 E.01879
G1 X115.277 Y113.148 E.01386
G1 X115.805 Y113.089 E.01754
G1 X116.387 Y113.15 E.01932
G1 X116.774 Y113.28 E.01348
G1 X117.242 Y113.531 E.01753
G1 X117.61 Y113.845 E.01597
G1 X117.948 Y114.25 E.01742
G1 X118.2 Y114.737 E.0181
G1 X118.355 Y115.222 E.01681
G1 X118.41 Y115.759 E.01782
G1 X118.357 Y116.256 E.0165
G1 X118.746 Y116.384 F9000
G1 F900
G1 X118.721 Y116.547 E.00544
G1 X118.539 Y116.899 E.01308
G1 X118.298 Y117.275 E.01475
G1 X117.913 Y117.698 E.01889
G1 X117.402 Y118.068 E.02083
G1 X116.884 Y118.323 E.01906
G1 X116.3 Y118.471 E.01989
G1 X115.742 Y118.515 E.01848
G1 X115.17 Y118.439 E.01905
G1 X114.654 Y118.279 E.01784
G1 X114.173 Y118.009 E.01821
G1 X113.768 Y117.681 E.01721
G1 X113.447 Y117.286 E.01681
G1 X113.193 Y116.835 E.01709
G1 X113.015 Y116.218 E.0212
G1 X113.002 Y115.705 E.01694
G1 X113.046 Y115.259 E.0148
G1 X113.367 Y114.27 E.03433
G1 X113.606 Y113.858 E.01573
G1 X113.898 Y113.471 E.01601
G1 X114.264 Y113.17 E.01565
G1 X114.719 Y112.91 E.0173
G1 X115.19 Y112.76 E.01632
G1 X115.813 Y112.691 E.0207
G1 X116.464 Y112.759 E.02161
G1 X116.989 Y112.941 E.01835
G1 X117.468 Y113.203 E.01803
G1 X117.916 Y113.59 E.01955
G1 X118.279 Y114.03 E.01883
G1 X118.567 Y114.584 E.02062
G1 X118.744 Y115.14 E.01927
G1 X118.811 Y115.955 E.027
G1 X118.755 Y116.325 E.01236
G1 X119.127 Y116.45 F9000
;TYPE:External perimeter
;WIDTH:0.419999
G1 F900
G1 X119.094 Y116.668 E.00691
G1 X118.775 Y117.285 E.02178
G1 X118.367 Y117.787 E.02028
G1 X117.972 Y118.146 E.01674
G1 X117.428 Y118.505 E.02044
G1 X116.79 Y118.756 E.0215
G1 X116.164 Y118.886 E.02005
G1 X115.505 Y118.882 E.02066
G1 X114.894 Y118.775 E.01945
G1 X114.307 Y118.537 E.01986
G1 X113.796 Y118.221 E.01884
G1 X113.355 Y117.798 E.01916
G1 X113.012 Y117.333 E.01812
G1 X112.758 Y116.767 E.01945
G1 X112.629 Y116.265 E.01625
G1 X112.615 Y115.715 E.01725
G1 X112.669 Y115.167 E.01727
G1 X113.012 Y114.111 E.03481
G1 X113.382 Y113.474 E.0231
G1 X113.777 Y113.06 E.01794
G1 X114.22 Y112.731 E.0173
G1 X114.766 Y112.481 E.01883
G1 X115.318 Y112.335 E.0179
G1 X115.821 Y112.302 E.01581
G1 X116.54 Y112.378 E.02267
G1 X117.145 Y112.587 E.02007
G1 X117.688 Y112.884 E.01941
G1 X118.192 Y113.318 E.02085
G1 X118.602 Y113.815 E.0202
G1 X118.923 Y114.434 E.02186
G1 X119.124 Y115.06 E.02061
G1 X119.199 Y115.98 E.02894
G1 X119.136 Y116.391 E.01304
G1 X118.03 Y115.194 F9000
;TYPE:Internal infill
;WIDTH:0.44
G1 F900
G1 X118.107 Y115.908 E.02371
G1 X118.044 Y116.327 E.01399
G1 X117.667 Y116.944 E.02387
G1 X117.293 Y117.293 E.01689
G1 X114.213 Y114.213 E.14382
G1 X114.012 Y114.559 E.01321
G1 X113.703 Y115.592 E.0356
G1 X113.758 Y116.327 E.02434
G1 X114.061 Y116.939 E.02255
G1 X117.151 Y113.849 E.14428
G1 X116.82 Y113.634 E.01303
G1 X116.327 Y113.452 E.01735
G1 X115.473 Y113.417 E.02822
G1 X114.903 Y113.605 E.01982
;LAYER_CHANGE
;Z:38.8
;HEIGHT:0.200001
;BEFORE_LAYER_CHANGE
G92 E0
;38.8


G1 E-3.5 F3600
;WIPE_START
G1 F7200
G1 X115.473 Y113.417 E-.2851
G1 X116.327 Y113.452 E-.40599
G1 X116.82 Y113.634 E-.24962
G1 X117.151 Y113.849 E-.18748
G1 X116.598 Y114.402 E-.37181
;WIPE_END
G1 Z38.8 F9000
;AFTER_LAYER_CHANGE
;38.8
G1 X117.326 Y117.835
G1 E5 F2400
;TYPE:Perimeter
;WIDTH:0.439999
G1 F900
G1 X117.254 Y117.915 E.00355
G1 X116.808 Y118.138 E.01646
G1 X116.261 Y118.277 E.01863
G1 X115.76 Y118.317 E.01659
G1 X115.245 Y118.252 E.01714
G1 X114.744 Y118.101 E.01728
G1 X114.316 Y117.866 E.01612
G1 X113.918 Y117.55 E.01678
G1 X113.524 Y117.047 E.0211
G1 X113.276 Y116.48 E.02043
G1 X113.182 Y115.888 E.01979
G1 X113.237 Y115.312 E.0191
G1 X113.416 Y114.815 E.01744
G1 X113.739 Y114.346 E.0188
G1 X114.188 Y113.957 E.01961
G1 X114.691 Y113.6 E.02037
G1 X115.226 Y113.363 E.01932
G1 X115.753 Y113.287 E.01758
G1 X116.332 Y113.342 E.0192
G1 X116.858 Y113.534 E.01849
G1 X117.362 Y113.877 E.02013
G1 X117.776 Y114.351 E.02078
G1 X117.997 Y114.767 E.01555
G1 X118.157 Y115.251 E.01683
G1 X118.215 Y115.928 E.02243
G1 X118.133 Y116.47 E.0181
G1 X117.973 Y116.953 E.0168
G1 X117.702 Y117.421 E.01786
G1 X117.366 Y117.791 E.0165
G1 X117.606 Y118.123 F9000
G1 F900
G1 X117.491 Y118.24 E.00542
G1 X117.137 Y118.418 E.01308
G1 X116.72 Y118.58 E.01477
G1 X116.16 Y118.697 E.01889
G1 X115.529 Y118.696 E.02083
G1 X114.961 Y118.598 E.01903
G1 X114.401 Y118.374 E.01991
G1 X113.924 Y118.081 E.01848
G1 X113.506 Y117.684 E.01903
G1 X113.182 Y117.251 E.01786
G1 X112.952 Y116.749 E.01823
G1 X112.817 Y116.247 E.01716
G1 X112.79 Y115.738 E.01683
G1 X112.849 Y115.224 E.01708
G1 X113.068 Y114.621 E.02118
G1 X113.44 Y114.079 E.0217
G1 X113.943 Y113.644 E.02196
G1 X114.494 Y113.253 E.02231
G1 X115.1 Y112.985 E.02188
G1 X115.756 Y112.888 E.02189
G1 X116.407 Y112.95 E.02159
G1 X116.896 Y113.117 E.01706
G1 X117.343 Y113.359 E.01678
G1 X117.76 Y113.715 E.0181
G1 X118.106 Y114.129 E.01781
G1 X118.373 Y114.636 E.01892
G1 X118.546 Y115.167 E.01844
G1 X118.608 Y115.73 E.0187
G1 X118.59 Y116.161 E.01424
G1 X118.479 Y116.733 E.01924
G1 X118.219 Y117.34 E.0218
G1 X117.911 Y117.814 E.01866
G1 X117.648 Y118.081 E.01237
G1 X117.876 Y118.401 F9000
;TYPE:External perimeter
;WIDTH:0.419999
G1 F900
G1 X117.722 Y118.558 E.0069
G1 X117.1 Y118.869 E.0218
G1 X116.475 Y119.036 E.02028
G1 X115.945 Y119.093 E.01671
G1 X115.293 Y119.064 E.02046
G1 X114.63 Y118.892 E.02148
G1 X114.047 Y118.63 E.02004
G1 X113.516 Y118.24 E.02066
G1 X113.085 Y117.794 E.01945
G1 X112.75 Y117.256 E.01987
G1 X112.522 Y116.7 E.01884
G1 X112.414 Y116.098 E.01918
G1 X112.409 Y115.52 E.01812
G1 X112.537 Y114.914 E.01942
G1 X112.728 Y114.431 E.01629
G1 X113.15 Y113.819 E.02331
G1 X113.703 Y113.339 E.02296
G1 X114.302 Y112.914 E.02303
G1 X114.741 Y112.72 E.01505
G1 X115.179 Y112.57 E.01452
G1 X115.759 Y112.5 E.01832
G1 X116.48 Y112.569 E.02271
G1 X117.05 Y112.762 E.01887
G1 X117.561 Y113.039 E.01822
G1 X118.035 Y113.442 E.01951
G1 X118.428 Y113.912 E.01921
G1 X118.729 Y114.485 E.02029
G1 X118.925 Y115.086 E.01982
G1 X118.996 Y115.756 E.02112
G1 X118.954 Y116.405 E.02039
G1 X118.78 Y117.034 E.02046
G1 X118.561 Y117.52 E.01671
G1 X118.21 Y118.063 E.02027
G1 X117.918 Y118.358 E.01301
G1 E-3.5 F3600
;WIPE_START
G1 F7200
G1 X117.876 Y118.401 E-.02855
G1 X117.722 Y118.558 E-.10446
G1 X117.1 Y118.869 E-.33032
G1 X116.475 Y119.036 E-.30729
G1 X115.945 Y119.093 E-.2532
G1 X115.293 Y119.064 E-.31001
G1 X114.955 Y118.976 E-.16617
;WIPE_END
G1 X117.862 Y115.341 F9000
G1 E5 F2400
;TYPE:Internal infill
;WIDTH:0.44
G1 F900
G1 X117.877 Y116.223 E.02913
G1 X117.693 Y116.828 E.02088
G1 X117.408 Y117.307 E.0184
G1 X117.301 Y117.151 E.00625
G1 X117.197 Y117.197 E.00375
G1 X114.281 Y114.281 E.13616
G1 X113.843 Y114.734 E.0208
G1 X113.971 Y114.76 E.00431
G1 X114.025 Y115.596 E.02766
G1 X114.389 Y116.611 E.0356
G1 X117.01 Y113.99 E.12238
G1 X116.482 Y113.704 E.01983
G1 X115.751 Y113.594 E.02441
G1 X115.323 Y113.655 E.01427
G1 X114.778 Y113.913 E.01991
G1 E-3.5 F3600
;WIPE_START
G1 F7200
G1 X115.323 Y113.655 E-.28642
G1 X115.751 Y113.594 E-.20535
G1 X116.482 Y113.704 E-.35113
G1 X117.01 Y113.99 E-.28523
G1 X116.456 Y114.544 E-.37187
;WIPE_END
G1 X113.561 Y115.712 F9000
G1 E5 F2400
;TYPE:Solid infill
;WIDTH:0.561267
G1 F900
G1 X113.62 Y115.8 E.00457
;WIDTH:0.513587
G1 X113.68 Y115.888 E.00417
;WIDTH:0.465907
G1 X113.739 Y115.977 E.00376
;WIDTH:0.418227
G1 X113.798 Y116.065 E.00331
;WIDTH:0.377583
G1 X113.948 Y116.539 E.01383
G1 X114.181 Y116.937 E.01283
;WIDTH:0.42099
G1 X114.221 Y117.019 E.00287
;WIDTH:0.46864
G1 X114.261 Y117.102 E.00326
;WIDTH:0.51629
G1 X114.3 Y117.185 E.00361
;WIDTH:0.56394
G1 X114.34 Y117.268 E.00399
;WIDTH:0.61159
G1 X114.38 Y117.35 E.00431
;WIDTH:0.65924
G1 X114.42 Y117.433 E.00472
G1 X114.354 Y117.403 E.00372
;WIDTH:0.61012
G1 X114.288 Y117.372 E.00344
;WIDTH:0.560999
G1 X114.222 Y117.341 E.00314
;WIDTH:0.511878
G1 X114.156 Y117.311 E.00283
;WIDTH:0.462758
G1 X114.09 Y117.28 E.00255
;WIDTH:0.413637
G1 X114.024 Y117.249 E.00225
;WIDTH:0.37334
G1 X113.909 Y117.122 E.00471
;WIDTH:0.377583
G1 X113.634 Y116.658 E.01501
G1 X113.485 Y116.161 E.01444
;WIDTH:0.406462
G1 X113.499 Y116.077 E.00257
;WIDTH:0.442378
G1 X113.514 Y115.992 E.00287
;WIDTH:0.478293
G1 X113.528 Y115.907 E.00312
G1 X114.42 Y117.433 F9000
;WIDTH:0.65924
G1 F900
G1 X114.899 Y117.735 E.02902
;WIDTH:0.618564
G1 X115.463 Y117.917 E.02837
;WIDTH:0.57198
G1 X115.715 Y117.938 E.01112
;WIDTH:0.54065
G1 X115.967 Y117.958 E.01046
;WIDTH:0.50932
G1 X116.533 Y117.88 E.02216
;WIDTH:0.460042
G1 X117.074 Y117.667 E.02017
;LAYER_CHANGE
;Z:39
;HEIGHT:0.200001
;BEFORE_LAYER_CHANGE
G92 E0
;39


G1 E-3.5 F3600
;WIPE_START
G1 F7200
G1 X116.533 Y117.88 E-.27617
G1 X115.967 Y117.958 E-.27139
G1 X115.715 Y117.938 E-.12008
G1 X115.463 Y117.917 E-.12011
G1 X114.899 Y117.735 E-.2815
G1 X114.42 Y117.433 E-.26897
;WIPE_END
G1 E-.16178 F3600
G1 Z39 F9000
;AFTER_LAYER_CHANGE
;39
G1 X117.126 Y117.835
G1 E5 F2400
;TYPE:Perimeter
;WIDTH:0.439999
G1 F900
G1 X117.054 Y117.915 E.00355
G1 X116.608 Y118.138 E.01646
G1 X116.061 Y118.277 E.01863
G1 X115.56 Y118.317 E.01659
G1 X115.045 Y118.252 E.01714
G1 X114.544 Y118.101 E.01728
G1 X114.116 Y117.866 E.01612
G1 X113.718 Y117.55 E.01678
G1 X113.324 Y117.047 E.0211
G1 X113.076 Y116.48 E.02043
G1 X112.982 Y115.888 E.01979
G1 X113.037 Y115.312 E.0191
G1 X113.216 Y114.815 E.01744
G1 X113.539 Y114.346 E.0188
G1 X113.988 Y113.957 E.01961
G1 X114.491 Y113.6 E.02037
G1 X115.026 Y113.363 E.01932
G1 X115.553 Y113.287 E.01758
G1 X116.132 Y113.342 E.0192
G1 X116.658 Y113.534 E.01849
G1 X117.162 Y113.877 E.02013
G1 X117.576 Y114.351 E.02078
G1 X117.797 Y114.767 E.01555
G1 X117.957 Y115.251 E.01683
G1 X118.015 Y115.928 E.02243
G1 X117.933 Y116.47 E.0181
G1 X117.773 Y116.953 E.0168
G1 X117.502 Y117.421 E.01786
G1 X117.166 Y117.791 E.0165
G1 X117.406 Y118.123 F9000
G1 F900
G1 X117.291 Y118.24 E.00542
G1 X116.937 Y118.418 E.01308
G1 X116.52 Y118.58 E.01477
G1 X115.96 Y118.697 E.01889
G1 X115.329 Y118.696 E.02083
G1 X114.761 Y118.598 E.01903
G1 X114.201 Y118.374 E.01991
G1 X113.724 Y118.081 E.01848
G1 X113.306 Y117.684 E.01903
G1 X112.982 Y117.251 E.01786
G1 X112.752 Y116.749 E.01823
G1 X112.617 Y116.247 E.01716
G1 X112.59 Y115.738 E.01683
G1 X112.649 Y115.224 E.01708
G1 X112.868 Y114.621 E.02118
G1 X113.24 Y114.079 E.0217
G1 X113.743 Y113.644 E.02196
G1 X114.294 Y113.253 E.02231
G1 X114.9 Y112.985 E.02188
G1 X115.556 Y112.888 E.02189
G1 X116.207 Y112.95 E.02159
G1 X116.696 Y113.117 E.01706
G1 X117.143 Y113.359 E.01678
G1 X117.56 Y113.715 E.0181
G1 X117.906 Y114.129 E.01781
G1 X118.173 Y114.636 E.01892
G1 X118.346 Y115.167 E.01844
G1 X118.408 Y115.73 E.0187
G1 X118.39 Y116.161 E.01424
G1 X118.279 Y116.733 E.01924
G1 X118.019 Y117.34 E.0218
G1 X117.711 Y117.814 E.01866
G1 X117.448 Y118.081 E.01237
G1 X117.676 Y118.401 F9000
;TYPE:External perimeter
;WIDTH:0.419999
G1 F900
G1 X117.522 Y118.558 E.0069
G1 X116.9 Y118.869 E.0218
G1 X116.275 Y119.036 E.02028
G1 X115.745 Y119.093 E.01671
G1 X115.093 Y119.064 E.02046
G1 X114.43 Y118.892 E.02148
G1 X113.847 Y118.63 E.02004
G1 X113.316 Y118.24 E.02066
G1 X112.885 Y117.794 E.01945
G1 X112.55 Y117.256 E.01987
G1 X112.322 Y116.7 E.01884
G1 X112.214 Y116.098 E.01918
G1 X112.209 Y115.52 E.01812
G1 X112.337 Y114.914 E.01942
G1 X112.528 Y114.431 E.01629
G1 X112.95 Y113.819 E.02331
G1 X113.503 Y113.339 E.02296
G1 X114.102 Y112.914 E.02303
G1 X114.541 Y112.72 E.01505
G1 X114.979 Y112.57 E.01452
G1 X115.559 Y112.5 E.01832
G1 X116.28 Y112.569 E.02271
G1 X116.85 Y112.762 E.01887
G1 X117.361 Y113.039 E.01822
G1 X117.835 Y113.442 E.01951
G1 X118.228 Y113.912 E.01921
G1 X118.529 Y114.485 E.02029
G1 X118.725 Y115.086 E.01982
G1 X118.796 Y115.756 E.02112
G1 X118.754 Y116.405 E.02039
G1 X118.58 Y117.034 E.02046
G1 X118.361 Y117.52 E.01671
G1 X118.01 Y118.063 E.02027
G1 X117.718 Y118.358 E.01301
G1 E-3.5 F3600
;WIPE_START
G1 F7200
G1 X117.676 Y118.401 E-.02855
G1 X117.522 Y118.558 E-.10446
G1 X116.9 Y118.869 E-.33032
G1 X116.275 Y119.036 E-.30729
G1 X115.745 Y119.093 E-.2532
G1 X115.093 Y119.064 E-.31001
G1 X114.755 Y118.976 E-.16617
;WIPE_END
G1 X115.119 Y117.955 F9000
G1 E5 F2400
;TYPE:Internal infill
;WIDTH:0.44
G1 F900
G1 X115.885 Y117.996 E.02533
G1 X116.494 Y117.854 E.02065
G1 X116.872 Y117.664 E.01397
G1 X117.249 Y117.249 E.01851
G1 X114.189 Y114.189 E.14288
G1 X114.643 Y113.867 E.01838
G1 X115.123 Y113.655 E.01733
G1 X115.551 Y113.594 E.01427
G1 X116.282 Y113.704 E.02441
G1 X116.922 Y114.078 E.02447
G1 X113.808 Y117.192 E.1454
G1 X113.462 Y116.646 E.02134
G1 X113.313 Y116.136 E.01754
G1 X113.297 Y115.625 E.01688
G1 X113.484 Y114.966 E.02262
;LAYER_CHANGE
;Z:39.2
;HEIGHT:0.200001
;BEFORE_LAYER_CHANGE
G92 E0
;39.2


G1 E-3.5 F3600
;WIPE_START
G1 F7200
G1 X113.297 Y115.625 E-.32538
G1 X113.313 Y116.136 E-.24284
G1 X113.462 Y116.646 E-.25238
G1 X113.808 Y117.192 E-.30704
G1 X114.362 Y116.638 E-.37236
;WIPE_END
G1 Z39.2 F9000
;AFTER_LAYER_CHANGE
;39.2
G1 X115.395 Y118.467
G1 E5 F2400
;TYPE:Perimeter
;WIDTH:0.439999
G1 F900
G1 X115.007 Y118.403 E.01298
G1 X114.484 Y118.194 E.0186
G1 X114.055 Y117.931 E.01661
G1 X113.676 Y117.577 E.01712
G1 X113.36 Y117.16 E.01727
G1 X113.151 Y116.718 E.01614
G1 X113.015 Y116.229 E.01676
G1 X112.992 Y115.59 E.02111
G1 X113.125 Y114.985 E.02045
G1 X113.397 Y114.451 E.01979
G1 X113.78 Y114.018 E.01909
G1 X114.217 Y113.721 E.01745
G1 X114.753 Y113.531 E.01878
G1 X115.346 Y113.481 E.01965
G1 X115.963 Y113.487 E.02037
G1 X116.534 Y113.61 E.01929
G1 X116.996 Y113.845 E.01711
G1 X117.424 Y114.22 E.01879
G1 X117.755 Y114.708 E.01947
G1 X117.96 Y115.281 E.02009
G1 X118.012 Y115.737 E.01515
G1 X118.002 Y116.055 E.0105
G1 X117.911 Y116.548 E.01655
G1 X117.726 Y116.996 E.016
G1 X117.445 Y117.442 E.0174
G1 X117.06 Y117.833 E.01812
G1 X116.647 Y118.129 E.01678
G1 X116.153 Y118.348 E.01784
G1 X115.5 Y118.485 E.02203
G1 X115.454 Y118.477 E.00154
G1 X115.338 Y118.86 F9000
G1 F900
G1 X115.109 Y118.823 E.00766
G1 X114.677 Y118.709 E.01475
G1 X114.155 Y118.474 E.0189
G1 X113.645 Y118.103 E.02082
G1 X113.243 Y117.689 E.01905
G1 X112.922 Y117.179 E.0199
G1 X112.708 Y116.662 E.01847
G1 X112.603 Y116.094 E.01907
G1 X112.596 Y115.554 E.01783
G1 X112.704 Y115.013 E.01821
G1 X112.891 Y114.527 E.01719
G1 X113.167 Y114.099 E.01681
G1 X113.518 Y113.718 E.0171
G1 X114.049 Y113.359 E.02116
G1 X114.669 Y113.14 E.02171
G1 X115.331 Y113.083 E.02194
G1 X116.007 Y113.091 E.02232
G1 X116.655 Y113.23 E.02188
G1 X117.218 Y113.515 E.02083
G1 X117.608 Y113.844 E.01685
G1 X117.932 Y114.228 E.01659
G1 X118.183 Y114.697 E.01756
G1 X118.349 Y115.195 E.01733
G1 X118.409 Y115.749 E.0184
G1 X118.377 Y116.293 E.01799
G1 X118.221 Y116.855 E.01926
G1 X117.981 Y117.366 E.01864
G1 X117.611 Y117.851 E.02014
G1 X117.186 Y118.249 E.01922
G1 X116.618 Y118.586 E.02181
G1 X116.091 Y118.789 E.01865
G1 X115.5 Y118.887 E.01978
G1 X115.397 Y118.87 E.00345
G1 X115.283 Y119.244 F9000
;TYPE:External perimeter
;WIDTH:0.419999
G1 F900
G1 X114.814 Y119.166 E.01491
G1 X114.211 Y118.933 E.02027
G1 X113.748 Y118.669 E.01671
G1 X113.238 Y118.262 E.02046
G1 X112.803 Y117.733 E.02147
G1 X112.485 Y117.178 E.02006
G1 X112.285 Y116.55 E.02066
G1 X112.198 Y115.936 E.01944
G1 X112.243 Y115.304 E.01987
G1 X112.386 Y114.72 E.01885
G1 X112.652 Y114.17 E.01916
G1 X112.988 Y113.7 E.01811
G1 X113.447 Y113.284 E.01942
G1 X113.885 Y113.006 E.01627
G1 X114.587 Y112.759 E.02333
G1 X115.317 Y112.696 E.02297
G1 X116.05 Y112.704 E.02298
G1 X116.467 Y112.794 E.01338
G1 X116.975 Y112.946 E.01663
G1 X117.435 Y113.193 E.01637
G1 X117.881 Y113.57 E.01831
G1 X118.253 Y114.009 E.01804
G1 X118.538 Y114.543 E.01898
G1 X118.727 Y115.112 E.0188
G1 X118.802 Y115.936 E.02594
G1 X118.709 Y116.577 E.02031
G1 X118.515 Y117.178 E.0198
G1 X118.178 Y117.762 E.02114
G1 X117.762 Y118.262 E.02039
G1 X117.252 Y118.669 E.02046
G1 X116.789 Y118.933 E.01671
G1 X116.186 Y119.166 E.02027
G1 X115.5 Y119.279 E.0218
G1 X115.342 Y119.253 E.00502
G1 X115.149 Y118.117 F9000
;TYPE:Internal infill
;WIDTH:0.44
G1 F900
G1 X115.5 Y118.175 E.01175
G1 X116.203 Y118.007 E.02386
G1 X116.76 Y117.687 E.02121
G1 X117.224 Y117.224 E.02164
G1 X114.132 Y114.132 E.14438
G1 X114.817 Y113.833 E.02468
G1 X115.463 Y113.788 E.02138
G1 X115.929 Y113.793 E.01539
G1 X116.441 Y113.903 E.01729
G1 X116.868 Y114.132 E.016
G1 X113.776 Y117.224 E.14438
G1 X113.484 Y116.737 E.01875
G1 X113.318 Y116.179 E.01922
G1 X113.297 Y115.618 E.01854
G1 X113.463 Y114.974 E.02196
;LAYER_CHANGE
;Z:39.4
;HEIGHT:0.200001
;BEFORE_LAYER_CHANGE
G92 E0
;39.4


G1 E-3.5 F3600
;WIPE_START
G1 F7200
G1 X113.297 Y115.618 E-.3159
G1 X113.318 Y116.179 E-.26666
G1 X113.484 Y116.737 E-.27653
G1 X113.776 Y117.224 E-.26972
G1 X114.329 Y116.671 E-.37119
;WIPE_END
G1 Z39.4 F9000
;AFTER_LAYER_CHANGE
;39.4
G1 X115.195 Y118.467
G1 E5 F2400
;TYPE:Perimeter
;WIDTH:0.439999
G1 F900
G1 X114.807 Y118.403 E.01298
G1 X114.284 Y118.194 E.0186
G1 X113.855 Y117.931 E.01661
G1 X113.476 Y117.577 E.01712
G1 X113.16 Y117.16 E.01727
G1 X112.951 Y116.718 E.01614
G1 X112.815 Y116.229 E.01676
G1 X112.792 Y115.59 E.02111
G1 X112.925 Y114.985 E.02045
G1 X113.197 Y114.451 E.01979
G1 X113.58 Y114.018 E.01909
G1 X114.017 Y113.721 E.01745
G1 X114.553 Y113.531 E.01878
G1 X115.146 Y113.481 E.01965
G1 X115.763 Y113.487 E.02037
G1 X116.334 Y113.61 E.01929
G1 X116.796 Y113.845 E.01711
G1 X117.224 Y114.22 E.01879
G1 X117.555 Y114.708 E.01947
G1 X117.76 Y115.281 E.02009
G1 X117.812 Y115.737 E.01515
G1 X117.802 Y116.055 E.0105
G1 X117.711 Y116.548 E.01655
G1 X117.526 Y116.996 E.016
G1 X117.245 Y117.442 E.0174
G1 X116.86 Y117.833 E.01812
G1 X116.447 Y118.129 E.01678
G1 X115.953 Y118.348 E.01784
G1 X115.3 Y118.485 E.02203
G1 X115.254 Y118.477 E.00154
G1 X115.138 Y118.86 F9000
G1 F900
G1 X114.909 Y118.823 E.00766
G1 X114.477 Y118.709 E.01475
G1 X113.955 Y118.474 E.0189
G1 X113.445 Y118.103 E.02082
G1 X113.043 Y117.689 E.01905
G1 X112.722 Y117.179 E.0199
G1 X112.508 Y116.662 E.01847
G1 X112.403 Y116.094 E.01907
G1 X112.396 Y115.554 E.01783
G1 X112.504 Y115.013 E.01821
G1 X112.691 Y114.527 E.01719
G1 X112.967 Y114.099 E.01681
G1 X113.318 Y113.718 E.0171
G1 X113.849 Y113.359 E.02116
G1 X114.469 Y113.14 E.02171
G1 X115.131 Y113.083 E.02194
G1 X115.807 Y113.091 E.02232
G1 X116.455 Y113.23 E.02188
G1 X117.018 Y113.515 E.02083
G1 X117.408 Y113.844 E.01685
G1 X117.732 Y114.228 E.01659
G1 X117.983 Y114.697 E.01756
G1 X118.149 Y115.195 E.01733
G1 X118.209 Y115.749 E.0184
G1 X118.177 Y116.293 E.01799
G1 X118.021 Y116.855 E.01926
G1 X117.781 Y117.366 E.01864
G1 X117.411 Y117.851 E.02014
G1 X116.986 Y118.249 E.01922
G1 X116.418 Y118.586 E.02181
G1 X115.891 Y118.789 E.01865
G1 X115.3 Y118.887 E.01978
G1 X115.197 Y118.87 E.00345
G1 X115.083 Y119.244 F9000
;TYPE:External perimeter
;WIDTH:0.419999
G1 F900
G1 X114.614 Y119.166 E.01491
G1 X114.011 Y118.933 E.02027
G1 X113.548 Y118.669 E.01671
G1 X113.038 Y118.262 E.02046
G1 X112.603 Y117.733 E.02147
G1 X112.285 Y117.178 E.02006
G1 X112.085 Y116.55 E.02066
G1 X111.998 Y115.936 E.01944
G1 X112.043 Y115.304 E.01987
G1 X112.186 Y114.72 E.01885
G1 X112.452 Y114.17 E.01916
G1 X112.788 Y113.7 E.01811
G1 X113.247 Y113.284 E.01942
G1 X113.685 Y113.006 E.01627
G1 X114.387 Y112.759 E.02333
G1 X115.117 Y112.696 E.02297
G1 X115.85 Y112.704 E.02298
G1 X116.267 Y112.794 E.01338
G1 X116.775 Y112.946 E.01663
G1 X117.235 Y113.193 E.01637
G1 X117.681 Y113.57 E.01831
G1 X118.053 Y114.009 E.01804
G1 X118.338 Y114.543 E.01898
G1 X118.527 Y115.112 E.0188
G1 X118.602 Y115.936 E.02594
G1 X118.509 Y116.577 E.02031
G1 X118.315 Y117.178 E.0198
G1 X117.978 Y117.762 E.02114
G1 X117.562 Y118.262 E.02039
G1 X117.052 Y118.669 E.02046
G1 X116.589 Y118.933 E.01671
G1 X115.986 Y119.166 E.02027
G1 X115.3 Y119.279 E.0218
G1 X115.142 Y119.253 E.00502
G1 X115.09 Y118.14 F9000
;TYPE:Internal infill
;WIDTH:0.44
G1 F900
G1 X115.3 Y118.175 E.00703
G1 X115.718 Y118.106 E.01399
G1 X116.294 Y117.864 E.02063
G1 X116.798 Y117.482 E.02088
G1 X117.106 Y117.106 E.01605
G1 X114.053 Y114.053 E.14256
G1 X114.617 Y113.833 E.01999
G1 X115.729 Y113.793 E.03674
G1 X116.241 Y113.903 E.01729
G1 X116.781 Y114.219 E.02066
G1 X113.667 Y117.333 E.1454
G1 X113.284 Y116.737 E.02339
G1 X113.118 Y116.179 E.01922
G1 X113.097 Y115.618 E.01854
G1 X113.209 Y115.106 E.0173
;LAYER_CHANGE
;Z:39.6
;HEIGHT:0.199997
;BEFORE_LAYER_CHANGE
G92 E0
;39.6


G1 E-3.5 F3600
;WIPE_START
G1 F7200
G1 X113.097 Y115.618 E-.24895
G1 X113.118 Y116.179 E-.26666
G1 X113.284 Y116.737 E-.27653
G1 X113.667 Y117.333 E-.33651
G1 X114.22 Y116.78 E-.37135
;WIPE_END
G1 Z39.6 F9000
;AFTER_LAYER_CHANGE
;39.6
G1 X113.674 Y117.835
G1 E5 F2400
;TYPE:Perimeter
;WIDTH:0.439999
G1 F900
G1 X113.298 Y117.421 E.01847
G1 X113.027 Y116.953 E.01786
G1 X112.856 Y116.425 E.01832
G1 X112.785 Y115.928 E.01658
G1 X112.815 Y115.434 E.01634
G1 X112.933 Y114.931 E.01706
G1 X113.224 Y114.351 E.02143
G1 X113.638 Y113.877 E.02078
G1 X114.142 Y113.534 E.02013
G1 X114.696 Y113.334 E.01945
G1 X115.231 Y113.283 E.01774
G1 X115.803 Y113.376 E.01913
G1 X116.304 Y113.597 E.01808
G1 X117.061 Y114.148 E.03091
G1 X117.273 Y114.385 E.0105
G1 X117.572 Y114.786 E.01652
G1 X117.763 Y115.312 E.01848
G1 X117.818 Y115.888 E.0191
G1 X117.724 Y116.48 E.01979
G1 X117.476 Y117.047 E.02043
G1 X117.198 Y117.42 E.01536
G1 X116.834 Y117.765 E.01656
G1 X116.422 Y118.018 E.01596
G1 X115.932 Y118.215 E.01744
G1 X115.391 Y118.304 E.0181
G1 X114.882 Y118.301 E.01681
G1 X114.354 Y118.188 E.01783
G1 X113.746 Y117.915 E.02201
G1 X113.714 Y117.88 E.00157
G1 X113.394 Y118.123 F9000
G1 F900
G1 X113.089 Y117.814 E.01434
G1 X112.743 Y117.266 E.0214
G1 X112.521 Y116.733 E.01906
G1 X112.406 Y116.123 E.0205
G1 X112.396 Y115.551 E.01889
G1 X112.51 Y114.968 E.01961
G1 X112.706 Y114.451 E.01826
G1 X113.014 Y113.973 E.01877
G1 X113.375 Y113.579 E.01764
G1 X113.819 Y113.263 E.01799
G1 X114.28 Y113.041 E.01689
G1 X114.758 Y112.922 E.01626
G1 X115.258 Y112.885 E.01655
G1 X115.917 Y112.992 E.02204
G1 X116.503 Y113.251 E.02115
G1 X117.329 Y113.851 E.03371
G1 X117.768 Y114.343 E.02177
G1 X117.974 Y114.715 E.01404
G1 X118.151 Y115.224 E.01779
G1 X118.216 Y115.9 E.02242
G1 X118.142 Y116.427 E.01757
G1 X117.984 Y116.928 E.01734
G1 X117.708 Y117.412 E.0184
G1 X117.361 Y117.833 E.01801
G1 X116.905 Y118.196 E.01924
G1 X116.41 Y118.468 E.01865
G1 X115.826 Y118.643 E.02013
G1 X115.248 Y118.714 E.01923
G1 X114.59 Y118.654 E.02182
G1 X114.044 Y118.508 E.01866
G1 X113.509 Y118.24 E.01976
G1 X113.436 Y118.166 E.00343
G1 X113.124 Y118.401 F9000
;TYPE:External perimeter
;WIDTH:0.419999
G1 F900
G1 X112.79 Y118.063 E.0149
G1 X112.4 Y117.446 E.02289
G1 X112.15 Y116.845 E.02041
G1 X112.021 Y116.163 E.02176
G1 X112.01 Y115.518 E.02023
G1 X112.138 Y114.863 E.02093
G1 X112.359 Y114.277 E.01964
G1 X112.707 Y113.737 E.02014
G1 X113.117 Y113.289 E.01904
G1 X113.622 Y112.93 E.01943
G1 X114.149 Y112.676 E.01834
G1 X114.76 Y112.53 E.0197
G1 X115.284 Y112.497 E.01646
G1 X116.028 Y112.618 E.02363
G1 X116.697 Y112.914 E.02294
G1 X117.59 Y113.562 E.03459
G1 X118.081 Y114.112 E.02312
G1 X118.353 Y114.615 E.01793
G1 X118.529 Y115.138 E.0173
G1 X118.597 Y115.705 E.01791
G1 X118.584 Y116.118 E.01296
G1 X118.478 Y116.7 E.01855
G1 X118.241 Y117.275 E.0195
G1 X117.915 Y117.794 E.01922
G1 X117.463 Y118.258 E.02031
G1 X116.953 Y118.63 E.01979
G1 X116.337 Y118.904 E.02114
G1 X115.707 Y119.064 E.02038
G1 X115.055 Y119.093 E.02046
G1 X114.525 Y119.036 E.01671
G1 X113.9 Y118.869 E.02028
G1 X113.278 Y118.558 E.0218
G1 X113.166 Y118.444 E.00501
G1 X114.992 Y118 F9000
;TYPE:Internal infill
;WIDTH:0.44
G1 F900
G1 X115.547 Y117.984 E.01833
G1 X116.136 Y117.819 E.0202
G1 X116.648 Y117.522 E.01954
G1 X117.082 Y117.082 E.02041
G1 X113.99 Y113.99 E.14438
G1 X114.518 Y113.704 E.01983
G1 X115.211 Y113.589 E.02319
G1 X115.715 Y113.672 E.01686
G1 X116.15 Y113.864 E.0157
G1 X116.721 Y114.279 E.02331
G1 X113.634 Y117.366 E.14414
G1 X113.307 Y116.828 E.02079
G1 X113.123 Y116.223 E.02088
G1 X113.098 Y115.612 E.02019
G1 X113.198 Y115.118 E.01664
;LAYER_CHANGE
;Z:39.8
;HEIGHT:0.200001
;BEFORE_LAYER_CHANGE
G92 E0
;39.8


G1 E-3.5 F3600
;WIPE_START
G1 F7200
G1 X113.098 Y115.612 E-.23941
G1 X113.123 Y116.223 E-.29047
G1 X113.307 Y116.828 E-.30037
G1 X113.634 Y117.366 E-.29905
G1 X114.186 Y116.814 E-.3707
;WIPE_END
G1 Z39.8 F9000
;AFTER_LAYER_CHANGE
;39.8
G1 X112.645 Y116.317
G1 E5 F2400
;TYPE:Perimeter
;WIDTH:0.439999
G1 F900
G1 X112.587 Y115.928 E.01299
G1 X112.624 Y115.366 E.0186
G1 X112.741 Y114.877 E.0166
G1 X112.961 Y114.407 E.01713
G1 X113.259 Y113.978 E.01725
G1 X113.616 Y113.643 E.01616
G1 X114.039 Y113.362 E.01677
G1 X114.639 Y113.143 E.02109
G1 X115.255 Y113.082 E.02044
G1 X115.847 Y113.176 E.01979
G1 X116.378 Y113.406 E.01911
G1 X116.796 Y113.73 E.01746
G1 X117.142 Y114.181 E.01877
G1 X117.373 Y114.729 E.01964
G1 X117.557 Y115.318 E.02037
G1 X117.595 Y116.14 E.02717
G1 X117.441 Y116.678 E.01848
G1 X117.147 Y117.176 E.01909
G1 X116.723 Y117.6 E.0198
G1 X116.189 Y117.913 E.02044
G1 X115.745 Y118.051 E.01535
G1 X115.248 Y118.117 E.01655
G1 X114.765 Y118.079 E.016
G1 X114.254 Y117.95 E.0174
G1 X113.764 Y117.704 E.0181
G1 X113.354 Y117.403 E.01679
G1 X112.993 Y117.001 E.01784
G1 X112.661 Y116.422 E.02204
G1 X112.654 Y116.376 E.00154
G1 X112.254 Y116.384 F9000
G1 F900
G1 X112.219 Y116.155 E.00765
G1 X112.193 Y115.708 E.01478
G1 X112.256 Y115.14 E.01887
G1 X112.452 Y114.54 E.02084
G1 X112.721 Y114.03 E.01904
G1 X113.107 Y113.567 E.0199
G1 X113.532 Y113.203 E.01848
G1 X114.04 Y112.928 E.01907
G1 X114.551 Y112.755 E.01781
G1 X115.1 Y112.69 E.01825
G1 X115.619 Y112.718 E.01716
G1 X116.111 Y112.849 E.01681
G1 X116.582 Y113.064 E.01709
G1 X117.088 Y113.458 E.02117
G1 X117.488 Y113.98 E.02171
G1 X117.746 Y114.592 E.02193
G1 X117.948 Y115.238 E.02235
G1 X117.981 Y115.561 E.01072
G1 X117.999 Y116.079 E.01711
G1 X117.919 Y116.521 E.01483
G1 X117.726 Y116.993 E.01684
G1 X117.462 Y117.42 E.01658
G1 X117.093 Y117.803 E.01756
G1 X116.67 Y118.115 E.01735
G1 X116.163 Y118.344 E.01837
G1 X115.635 Y118.482 E.01802
G1 X115.052 Y118.507 E.01927
G1 X114.492 Y118.436 E.01864
G1 X113.916 Y118.234 E.02015
G1 X113.407 Y117.952 E.01921
G1 X112.91 Y117.517 E.02181
G1 X112.554 Y117.078 E.01866
G1 X112.279 Y116.547 E.01974
G1 X112.263 Y116.444 E.00344
G1 X111.873 Y116.45 F9000
;TYPE:External perimeter
;WIDTH:0.419999
G1 F900
G1 X111.801 Y115.98 E.01491
G1 X111.836 Y115.335 E.02025
G1 X111.945 Y114.813 E.01672
G1 X112.174 Y114.202 E.02046
G1 X112.542 Y113.625 E.02146
G1 X112.972 Y113.151 E.02007
G1 X113.508 Y112.767 E.02067
G1 X114.065 Y112.495 E.01944
G1 X114.68 Y112.342 E.01987
G1 X115.279 Y112.297 E.01883
G1 X115.885 Y112.38 E.01918
G1 X116.436 Y112.554 E.01812
G1 X116.973 Y112.863 E.01943
G1 X117.373 Y113.194 E.01628
G1 X117.825 Y113.784 E.0233
G1 X118.11 Y114.459 E.02297
G1 X118.329 Y115.159 E.023
G1 X118.373 Y115.584 E.0134
G1 X118.372 Y116.259 E.02116
G1 X118.224 Y116.818 E.01813
G1 X117.988 Y117.333 E.01776
G1 X117.632 Y117.813 E.01874
G1 X117.204 Y118.221 E.01854
G1 X116.674 Y118.547 E.01951
G1 X116.106 Y118.775 E.01919
G1 X115.468 Y118.885 E.0203
G1 X114.836 Y118.886 E.01982
G1 X114.177 Y118.746 E.02112
G1 X113.572 Y118.505 E.02042
G1 X113.028 Y118.146 E.02044
G1 X112.633 Y117.787 E.01674
G1 X112.225 Y117.285 E.02028
G1 X111.906 Y116.668 E.02178
G1 X111.882 Y116.51 E.00501
G1 X112.896 Y115.93 F9000
;TYPE:Internal infill
;WIDTH:0.44
G1 F900
G1 X112.945 Y115.285 E.02136
G1 X113.152 Y114.688 E.02086
G1 X113.491 Y114.178 E.02022
G1 X113.849 Y113.849 E.01605
G1 X116.939 Y116.939 E.14428
G1 X117.16 Y116.557 E.01457
G1 X117.31 Y115.902 E.02219
G1 X117.256 Y115.38 E.01733
G1 X117.086 Y114.835 E.01885
G1 X116.783 Y114.217 E.02273
G1 X113.707 Y117.293 E.14363
G1 X114.078 Y117.537 E.01466
G1 X114.652 Y117.75 E.02021
G1 X115.24 Y117.811 E.01952
G1 X115.955 Y117.672 E.02405
;LAYER_CHANGE
;Z:40
;HEIGHT:0.200001
;BEFORE_LAYER_CHANGE
G92 E0
;40


G1 E-3.5 F3600
;WIPE_START
G1 F7200
G1 X115.24 Y117.811 E-.34598
G1 X114.652 Y117.75 E-.2808
G1 X114.078 Y117.537 E-.29082
G1 X113.707 Y117.293 E-.21092
G1 X114.26 Y116.74 E-.37148
;WIPE_END
G1 Z40 F9000
;AFTER_LAYER_CHANGE
;40
G1 X112.915 Y116.515
G1 E5 F2400
;TYPE:Perimeter
;WIDTH:0.439999
G1 F900
G1 X112.861 Y116.422 E.00355
G1 X112.787 Y115.928 E.01649
G1 X112.824 Y115.366 E.0186
G1 X112.941 Y114.877 E.0166
G1 X113.161 Y114.407 E.01713
G1 X113.459 Y113.978 E.01725
G1 X113.816 Y113.643 E.01616
G1 X114.239 Y113.362 E.01677
G1 X114.839 Y113.143 E.02109
G1 X115.455 Y113.082 E.02044
G1 X116.047 Y113.176 E.01979
G1 X116.578 Y113.406 E.01911
G1 X116.996 Y113.73 E.01746
G1 X117.342 Y114.181 E.01877
G1 X117.573 Y114.729 E.01964
G1 X117.757 Y115.318 E.02037
G1 X117.795 Y116.14 E.02717
G1 X117.641 Y116.678 E.01848
G1 X117.347 Y117.176 E.01909
G1 X116.923 Y117.6 E.0198
G1 X116.389 Y117.913 E.02044
G1 X115.945 Y118.051 E.01535
G1 X115.448 Y118.117 E.01655
G1 X114.965 Y118.079 E.016
G1 X114.454 Y117.95 E.0174
G1 X113.964 Y117.704 E.0181
G1 X113.554 Y117.403 E.01679
G1 X113.193 Y117.001 E.01784
G1 X112.944 Y116.567 E.01652
G1 X112.554 Y116.692 F9000
G1 F900
G1 X112.479 Y116.547 E.00539
G1 X112.419 Y116.155 E.01309
G1 X112.393 Y115.708 E.01478
G1 X112.456 Y115.14 E.01887
G1 X112.652 Y114.54 E.02084
G1 X112.921 Y114.03 E.01904
G1 X113.307 Y113.567 E.0199
G1 X113.732 Y113.203 E.01848
G1 X114.24 Y112.928 E.01907
G1 X114.751 Y112.755 E.01781
G1 X115.3 Y112.69 E.01825
G1 X115.819 Y112.718 E.01716
G1 X116.311 Y112.849 E.01681
G1 X116.782 Y113.064 E.01709
G1 X117.288 Y113.458 E.02117
G1 X117.688 Y113.98 E.02171
G1 X117.946 Y114.592 E.02193
G1 X118.148 Y115.238 E.02235
G1 X118.181 Y115.561 E.01072
G1 X118.199 Y116.079 E.01711
G1 X118.119 Y116.521 E.01483
G1 X117.926 Y116.993 E.01684
G1 X117.662 Y117.42 E.01658
G1 X117.293 Y117.803 E.01756
G1 X116.87 Y118.115 E.01735
G1 X116.363 Y118.344 E.01837
G1 X115.835 Y118.482 E.01802
G1 X115.252 Y118.507 E.01927
G1 X114.692 Y118.436 E.01864
G1 X114.116 Y118.234 E.02015
G1 X113.607 Y117.952 E.01921
G1 X113.11 Y117.517 E.02181
G1 X112.754 Y117.078 E.01866
G1 X112.582 Y116.746 E.01235
G1 X112.207 Y116.863 F9000
;TYPE:External perimeter
;WIDTH:0.419999
G1 F900
G1 X112.106 Y116.668 E.00689
G1 X112.001 Y115.98 E.02182
G1 X112.036 Y115.335 E.02025
G1 X112.145 Y114.813 E.01672
G1 X112.374 Y114.202 E.02046
G1 X112.742 Y113.625 E.02146
G1 X113.172 Y113.151 E.02007
G1 X113.708 Y112.767 E.02067
G1 X114.265 Y112.495 E.01944
G1 X114.88 Y112.342 E.01987
G1 X115.479 Y112.297 E.01883
G1 X116.085 Y112.38 E.01918
G1 X116.636 Y112.554 E.01812
G1 X117.173 Y112.863 E.01943
G1 X117.573 Y113.194 E.01628
G1 X118.025 Y113.784 E.0233
G1 X118.31 Y114.459 E.02297
G1 X118.529 Y115.159 E.023
G1 X118.573 Y115.584 E.0134
G1 X118.572 Y116.259 E.02116
G1 X118.424 Y116.818 E.01813
G1 X118.188 Y117.333 E.01776
G1 X117.832 Y117.813 E.01874
G1 X117.404 Y118.221 E.01854
G1 X116.874 Y118.547 E.01951
G1 X116.306 Y118.775 E.01919
G1 X115.668 Y118.885 E.0203
G1 X115.036 Y118.886 E.01982
G1 X114.377 Y118.746 E.02112
G1 X113.772 Y118.505 E.02042
G1 X113.228 Y118.146 E.02044
G1 X112.833 Y117.787 E.01674
G1 X112.425 Y117.285 E.02028
G1 X112.234 Y116.917 E.013
G1 X113.117 Y116.071 F9000
;TYPE:Internal infill
;WIDTH:0.44
G1 F900
G1 X113.098 Y115.606 E.01537
G1 X113.23 Y114.977 E.02122
G1 X113.507 Y114.42 E.02054
G1 X113.937 Y113.937 E.02135
G1 X117.051 Y117.051 E.1454
G1 X117.36 Y116.557 E.01924
G1 X117.51 Y115.902 E.02219
G1 X117.456 Y115.38 E.01733
G1 X117.286 Y114.835 E.01885
G1 X117.075 Y114.336 E.01789
G1 X116.897 Y114.103 E.00968
G1 X113.795 Y117.205 E.14484
G1 X114.278 Y117.537 E.01935
G1 X114.852 Y117.75 E.02021
G1 X115.44 Y117.811 E.01952
G1 X116.021 Y117.719 E.01942
;LAYER_CHANGE
;Z:40.2
;HEIGHT:0.200001
;BEFORE_LAYER_CHANGE
G92 E0
;40.2


G1 E-3.5 F3600
;WIPE_START
G1 F7200
G1 X115.44 Y117.811 E-.27941
G1 X114.852 Y117.75 E-.2808
G1 X114.278 Y117.537 E-.29082
G1 X113.795 Y117.205 E-.2784
G1 X114.347 Y116.653 E-.37057
;WIPE_END
G1 Z40.2 F9000
;AFTER_LAYER_CHANGE
;40.2
G1 X112.65 Y114.684
G1 E5 F2400
;TYPE:Perimeter
;WIDTH:0.439999
G1 F900
G1 X112.661 Y114.578 E.00352
G1 X112.993 Y113.999 E.02204
G1 X113.354 Y113.597 E.01784
G1 X113.804 Y113.271 E.01835
G1 X114.254 Y113.05 E.01655
G1 X114.732 Y112.926 E.0163
G1 X115.315 Y112.89 E.01929
G1 X115.89 Y112.981 E.01922
G1 X116.468 Y113.228 E.02075
G1 X116.95 Y113.6 E.0201
G1 X117.311 Y114.066 E.01946
G1 X117.536 Y114.589 E.0188
G1 X117.597 Y115.139 E.01827
G1 X117.568 Y115.647 E.0168
G1 X117.269 Y116.567 E.03194
G1 X117.109 Y116.842 E.0105
G1 X116.819 Y117.25 E.01653
G1 X116.378 Y117.594 E.01847
G1 X115.847 Y117.824 E.01911
G1 X115.256 Y117.918 E.01976
G1 X114.639 Y117.857 E.02047
G1 X114.199 Y117.708 E.01534
G1 X113.758 Y117.469 E.01656
G1 X113.39 Y117.155 E.01597
G1 X113.052 Y116.75 E.01742
G1 X112.8 Y116.263 E.0181
G1 X112.645 Y115.778 E.01681
G1 X112.59 Y115.241 E.01782
G1 X112.643 Y114.743 E.01654
G1 X112.254 Y114.616 F9000
G1 F900
G1 X112.279 Y114.453 E.00544
G1 X112.554 Y113.922 E.01974
G1 X112.968 Y113.424 E.02138
G1 X113.407 Y113.048 E.01908
G1 X113.951 Y112.75 E.02048
G1 X114.492 Y112.564 E.01889
G1 X115.078 Y112.497 E.01947
G1 X115.636 Y112.519 E.01844
G1 X116.184 Y112.664 E.01872
G1 X116.67 Y112.885 E.01763
G1 X117.107 Y113.209 E.01796
G1 X117.462 Y113.58 E.01695
G1 X117.725 Y114.004 E.01647
G1 X117.919 Y114.479 E.01694
G1 X117.998 Y115.295 E.02707
G1 X117.954 Y115.741 E.0148
G1 X117.633 Y116.73 E.03433
G1 X117.302 Y117.3 E.02176
G1 X116.857 Y117.748 E.02085
G1 X116.423 Y118.017 E.01686
G1 X115.959 Y118.206 E.01654
G1 X115.435 Y118.3 E.01758
G1 X114.91 Y118.303 E.01733
G1 X114.364 Y118.19 E.01841
G1 X113.856 Y117.991 E.01801
G1 X113.37 Y117.669 E.01925
G1 X112.959 Y117.283 E.01862
G1 X112.611 Y116.781 E.02017
G1 X112.365 Y116.254 E.0192
G1 X112.219 Y115.61 E.0218
G1 X112.189 Y115.045 E.01868
G1 X112.245 Y114.675 E.01236
G1 X111.873 Y114.55 F9000
;TYPE:External perimeter
;WIDTH:0.419999
G1 F900
G1 X111.906 Y114.332 E.00691
G1 X112.225 Y113.715 E.02178
G1 X112.633 Y113.213 E.02028
G1 X113.028 Y112.854 E.01674
G1 X113.572 Y112.495 E.02044
G1 X114.211 Y112.244 E.02153
G1 X114.833 Y112.115 E.01992
G1 X115.341 Y112.105 E.01593
G1 X115.912 Y112.183 E.01807
G1 X116.499 Y112.365 E.01927
G1 X117.044 Y112.671 E.0196
G1 X117.506 Y113.045 E.01864
G1 X117.886 Y113.517 E.019
G1 X118.163 Y114.012 E.01779
G1 X118.323 Y114.518 E.01664
G1 X118.385 Y115.285 E.02413
G1 X118.331 Y115.833 E.01727
G1 X117.988 Y116.889 E.03481
G1 X117.618 Y117.526 E.0231
G1 X117.377 Y117.802 E.01149
G1 X116.928 Y118.168 E.01816
G1 X116.436 Y118.446 E.01772
G1 X115.865 Y118.624 E.01875
G1 X115.279 Y118.703 E.01854
G1 X114.659 Y118.655 E.0195
G1 X114.065 Y118.505 E.01921
G1 X113.484 Y118.219 E.0203
G1 X112.972 Y117.849 E.01981
G1 X112.521 Y117.348 E.02114
G1 X112.174 Y116.798 E.02039
G1 X111.945 Y116.187 E.02046
G1 X111.836 Y115.665 E.01672
G1 X111.801 Y115.02 E.02025
G1 X111.864 Y114.609 E.01304
G1 X113.441 Y114.7 F9000
;TYPE:Internal infill
;WIDTH:0.44
G1 F900
G1 X113.38 Y115.375 E.02238
G1 X113.492 Y115.883 E.01718
G1 X113.719 Y116.329 E.01652
G1 X114.192 Y116.808 E.02223
G1 X116.939 Y114.061 E.12827
G1 X117.242 Y114.673 E.02255
G1 X117.297 Y115.408 E.02434
G1 X116.988 Y116.441 E.0356
G1 X116.787 Y116.787 E.01321
G1 X113.996 Y113.996 E.13032
G1 X114.418 Y113.709 E.01685
G1 X114.936 Y113.481 E.01869
G1 X114.84 Y113.218 E.00924
G1 X115.404 Y113.205 E.01863
G1 X115.854 Y113.292 E.01513
G1 E-3.5 F3600
;WIPE_START
G1 F7200
G1 X115.404 Y113.205 E-.21771
G1 X114.84 Y113.218 E-.26797
G1 X114.936 Y113.481 E-.13299
G1 X114.418 Y113.709 E-.26883
G1 X113.996 Y113.996 E-.24241
G1 X114.547 Y114.547 E-.37009
;WIPE_END
G1 X115.764 Y117.524 F9000
G1 E5 F2400
;TYPE:Solid infill
;WIDTH:0.489633
G1 F900
G1 X115.504 Y117.544 E.00969
;WIDTH:0.530174
G1 X115.245 Y117.565 E.01053
;WIDTH:0.545626
G1 X114.719 Y117.506 E.02212
G1 X114.203 Y117.32 E.02293
;WIDTH:0.539588
G1 X113.735 Y116.997 E.02348
;WIDTH:0.540292
G1 X113.35 Y116.551 E.02437
;WIDTH:0.540994
G1 X113.08 Y116.006 E.02519
;WIDTH:0.541932
G1 X112.949 Y115.382 E.02646
G1 X112.938 Y115.066 E.01312
;WIDTH:0.521854
G1 X113.039 Y114.565 E.02035
;WIDTH:0.48782
G1 X113.435 Y113.984 E.02601
;WIDTH:0.457678
G1 X113.945 Y113.545 E.02321
;WIDTH:0.42023
G1 X114.47 Y113.29 E.01831
;LAYER_CHANGE
;Z:40.4
;HEIGHT:0.200001
;BEFORE_LAYER_CHANGE
G92 E0
;40.4


G1 E-3.5 F3600
;WIPE_START
G1 F7200
G1 X113.945 Y113.545 E-.27723
G1 X113.435 Y113.984 E-.31964
G1 X113.039 Y114.565 E-.33398
G1 X112.938 Y115.066 E-.24276
G1 X112.949 Y115.382 E-.15019
G1 X113.025 Y115.745 E-.1762
;WIPE_END
G1 Z40.4 F9000
;AFTER_LAYER_CHANGE
;40.4
G1 X113.843 Y113.042
G1 E5 F2400
;TYPE:Perimeter
;WIDTH:0.439999
G1 F900
G1 X114.354 Y112.812 E.0185
G1 X114.877 Y112.7 E.01766
G1 X115.436 Y112.7 E.01846
G1 X115.932 Y112.785 E.01662
G1 X116.393 Y112.967 E.01636
G1 X116.834 Y113.235 E.01704
G1 X117.296 Y113.691 E.02143
G1 X117.619 Y114.231 E.02078
G1 X117.79 Y114.816 E.02012
G1 X117.814 Y115.249 E.01432
G1 X117.782 Y115.567 E.01055
G1 X117.643 Y116.05 E.01659
G1 X117.409 Y116.44 E.01502
G1 X117.086 Y116.834 E.01682
G1 X116.304 Y117.403 E.03193
G1 X116.013 Y117.531 E.0105
G1 X115.539 Y117.691 E.01652
G1 X114.98 Y117.71 E.01847
G1 X114.415 Y117.585 E.01911
G1 X113.881 Y117.312 E.0198
G1 X113.418 Y116.901 E.02044
G1 X113.15 Y116.522 E.01533
G1 X112.933 Y116.069 E.01658
G1 X112.82 Y115.598 E.01599
G1 X112.785 Y115.072 E.01741
G1 X112.867 Y114.529 E.01813
G1 X113.027 Y114.047 E.01677
G1 X113.298 Y113.579 E.01786
G1 X113.746 Y113.085 E.02202
G1 X113.789 Y113.066 E.00155
G1 X113.656 Y112.686 F9000
G1 F900
G1 X113.863 Y112.582 E.00765
G1 X114.28 Y112.42 E.01477
G1 X114.837 Y112.304 E.01879
G1 X115.468 Y112.305 E.02083
G1 X116.039 Y112.402 E.01912
G1 X116.599 Y112.626 E.01991
G1 X117.076 Y112.919 E.01848
G1 X117.494 Y113.316 E.01903
G1 X117.818 Y113.749 E.01786
G1 X118.048 Y114.25 E.0182
G1 X118.183 Y114.753 E.0172
G1 X118.21 Y115.262 E.01683
G1 X118.151 Y115.776 E.01708
G1 X117.932 Y116.379 E.02118
G1 X117.641 Y116.802 E.01695
G1 X117.344 Y117.138 E.01481
G1 X116.503 Y117.749 E.03432
G1 X115.9 Y118.015 E.02176
G1 X115.277 Y118.116 E.02084
G1 X114.768 Y118.079 E.01685
G1 X114.28 Y117.959 E.01659
G1 X113.802 Y117.727 E.01754
G1 X113.375 Y117.421 E.01734
G1 X113 Y117.009 E.01839
G1 X112.706 Y116.549 E.01803
G1 X112.502 Y116.003 E.01924
G1 X112.396 Y115.449 E.01862
G1 X112.41 Y114.839 E.02015
G1 X112.521 Y114.267 E.01924
G1 X112.781 Y113.66 E.0218
G1 X113.089 Y113.186 E.01866
G1 X113.509 Y112.76 E.01975
G1 X113.602 Y112.713 E.00344
G1 X113.475 Y112.344 F9000
;TYPE:External perimeter
;WIDTH:0.419999
G1 F900
G1 X113.69 Y112.236 E.00754
G1 X114.167 Y112.049 E.01606
G1 X114.798 Y111.918 E.02021
G1 X115.5 Y111.919 E.02201
G1 X116.144 Y112.029 E.02048
G1 X116.772 Y112.28 E.0212
G1 X117.312 Y112.611 E.01986
G1 X117.783 Y113.059 E.02038
G1 X118.151 Y113.551 E.01926
G1 X118.412 Y114.119 E.0196
G1 X118.566 Y114.692 E.0186
G1 X118.591 Y115.48 E.02472
G1 X118.463 Y116.086 E.01942
G1 X118.272 Y116.569 E.01629
G1 X117.96 Y117.022 E.01725
G1 X117.595 Y117.434 E.01726
G1 X116.697 Y118.086 E.03479
G1 X116.022 Y118.384 E.02313
G1 X115.666 Y118.466 E.01145
G1 X115.088 Y118.498 E.01815
G1 X114.526 Y118.433 E.01774
G1 X113.959 Y118.242 E.01876
G1 X113.439 Y117.961 E.01853
G1 X112.965 Y117.558 E.01951
G1 X112.572 Y117.088 E.01921
G1 X112.271 Y116.515 E.02029
G1 X112.075 Y115.914 E.01982
G1 X112.004 Y115.244 E.02112
G1 X112.046 Y114.595 E.02039
G1 X112.22 Y113.967 E.02043
G1 X112.439 Y113.48 E.01674
G1 X112.79 Y112.937 E.02027
G1 X113.278 Y112.442 E.02179
G1 X113.422 Y112.371 E.00503
G1 E-3.5 F3600
;WIPE_START
G1 F7200
G1 X113.475 Y112.344 E-.02825
G1 X113.69 Y112.236 E-.11429
G1 X114.167 Y112.049 E-.24336
G1 X114.798 Y111.918 E-.30612
G1 X115.5 Y111.919 E-.33345
G1 X116.144 Y112.029 E-.31033
G1 X116.465 Y112.157 E-.1642
;WIPE_END
G1 X116.224 Y113.662 F9000
G1 E5 F2400
;TYPE:Internal infill
;WIDTH:0.44
G1 F900
G1 X115.562 Y113.484 E.02263
G1 X115.182 Y113.481 E.01255
G1 X114.668 Y113.599 E.01741
G1 X113.996 Y113.996 E.02577
G1 X116.721 Y116.721 E.12724
G1 X116.15 Y117.136 E.02331
G1 X115.677 Y117.345 E.01707
G1 X115.251 Y117.412 E.01424
G1 X115.154 Y117.409 E.0032
G1 X115.225 Y117.245 E.0059
G1 X114.336 Y116.664 E.03506
G1 X117.082 Y113.918 E.12822
G1 X117.43 Y114.606 E.02546
G1 X117.512 Y115.121 E.01722
G1 X117.464 Y115.621 E.01658
G1 X117.236 Y116.152 E.01908
G1 E-3.5 F3600
;WIPE_START
G1 F7200
G1 X117.464 Y115.621 E-.27449
G1 X117.512 Y115.121 E-.23859
G1 X117.43 Y114.606 E-.24771
G1 X117.082 Y113.918 E-.36623
G1 X116.527 Y114.473 E-.37298
;WIPE_END
G1 X116.789 Y113.58 F9000
G1 E5 F2400
;TYPE:Solid infill
;WIDTH:0.429184
G1 F900
G1 X116.352 Y113.288 E.01688
;WIDTH:0.459666
G1 X116.096 Y113.197 E.00941
;WIDTH:0.490148
G1 X115.84 Y113.105 E.01012
;WIDTH:0.522952
G1 X115.377 Y113.045 E.01864
;WIDTH:0.568342
G1 X114.921 Y113.069 E.01995
;WIDTH:0.613196
G1 X114.33 Y113.231 E.02906
G1 X113.895 Y113.476 E.02367
;WIDTH:0.589884
G1 X113.723 Y113.652 E.01119
;WIDTH:0.557701
G1 X113.55 Y113.827 E.01053
;WIDTH:0.525518
G1 X113.332 Y114.247 E.01899
;WIDTH:0.50569
G1 X113.178 Y114.775 E.02116
;WIDTH:0.50621
G1 X113.15 Y115.373 E.02306
;WIDTH:0.506764
G1 X113.269 Y115.939 E.02231
;WIDTH:0.510054
G1 X113.504 Y116.42 E.02079
;WIDTH:0.511716
G1 X113.904 Y116.877 E.02367
G1 X114.164 Y117.056 E.0123
;WIDTH:0.485725
G1 X114.423 Y117.235 E.01159
;WIDTH:0.459734
G1 X114.522 Y117.291 E.00394
;LAYER_CHANGE
;Z:40.6
;HEIGHT:0.199997
;BEFORE_LAYER_CHANGE
G92 E0
;40.6


G1 E-3.5 F3600
;WIPE_START
G1 F7200
G1 X114.423 Y117.235 E-.05403
G1 X114.164 Y117.056 E-.14955
G1 X113.904 Y116.877 E-.14994
G1 X113.504 Y116.42 E-.28848
G1 X113.269 Y115.939 E-.25429
G1 X113.15 Y115.373 E-.27473
G1 X113.178 Y114.775 E-.28436
G1 X113.204 Y114.685 E-.04462
;WIPE_END
G1 Z40.6 F9000
;AFTER_LAYER_CHANGE
;40.6
G1 X115.395 Y112.537
G1 E5 F2400
;TYPE:Perimeter
;WIDTH:0.439999
G1 F900
G1 X115.5 Y112.515 E.00354
G1 X115.993 Y112.597 E.0165
G1 X116.516 Y112.806 E.0186
G1 X116.945 Y113.069 E.01661
G1 X117.322 Y113.421 E.01703
G1 X117.64 Y113.84 E.01737
G1 X117.849 Y114.282 E.01614
G1 X117.985 Y114.771 E.01676
G1 X118.008 Y115.41 E.02111
G1 X117.875 Y116.015 E.02045
G1 X117.603 Y116.549 E.01979
G1 X117.307 Y116.896 E.01506
G1 X116.911 Y117.205 E.01658
G1 X116.491 Y117.382 E.01505
G1 X115.999 Y117.512 E.0168
G1 X115.032 Y117.512 E.03193
G1 X114.721 Y117.445 E.0105
G1 X114.244 Y117.295 E.01651
G1 X113.78 Y116.982 E.01848
G1 X113.397 Y116.549 E.01909
G1 X113.125 Y116.015 E.01979
G1 X112.992 Y115.41 E.02045
G1 X112.998 Y114.945 E.01535
G1 X113.089 Y114.452 E.01655
G1 X113.274 Y114.004 E.016
G1 X113.555 Y113.558 E.0174
G1 X113.94 Y113.167 E.01812
G1 X114.353 Y112.871 E.01678
G1 X114.847 Y112.652 E.01784
G1 X115.337 Y112.55 E.01653
G1 X115.338 Y112.14 F9000
G1 F900
G1 X115.5 Y112.113 E.00542
G1 X116.091 Y112.211 E.01978
G1 X116.692 Y112.45 E.02135
G1 X117.186 Y112.751 E.0191
G1 X117.637 Y113.177 E.02048
G1 X117.981 Y113.634 E.01889
G1 X118.232 Y114.173 E.01963
G1 X118.377 Y114.707 E.01827
G1 X118.404 Y115.446 E.02442
G1 X118.296 Y115.987 E.01821
G1 X118.109 Y116.473 E.01719
G1 X117.833 Y116.901 E.01681
G1 X117.482 Y117.282 E.0171
G1 X116.951 Y117.641 E.02116
G1 X116.467 Y117.812 E.01695
G1 X116.029 Y117.909 E.01481
G1 X114.99 Y117.909 E.0343
G1 X114.345 Y117.77 E.02179
G1 X113.782 Y117.485 E.02083
G1 X113.392 Y117.156 E.01685
G1 X113.068 Y116.772 E.01659
G1 X112.817 Y116.303 E.01756
G1 X112.651 Y115.805 E.01733
G1 X112.591 Y115.251 E.0184
G1 X112.623 Y114.707 E.01799
G1 X112.779 Y114.145 E.01926
G1 X113.019 Y113.634 E.01864
G1 X113.389 Y113.149 E.02014
G1 X113.814 Y112.751 E.01922
G1 X114.382 Y112.414 E.02181
G1 X114.909 Y112.211 E.01865
G1 X115.279 Y112.149 E.01239
G1 X115.283 Y111.756 F9000
;TYPE:External perimeter
;WIDTH:0.419999
G1 F900
G1 X115.5 Y111.721 E.00689
G1 X116.186 Y111.834 E.0218
G1 X116.864 Y112.103 E.02287
G1 X117.42 Y112.442 E.02042
G1 X117.925 Y112.919 E.02178
G1 X118.313 Y113.434 E.02022
G1 X118.595 Y114.039 E.02093
G1 X118.76 Y114.644 E.01966
G1 X118.796 Y115.262 E.01941
G1 X118.757 Y115.696 E.01366
G1 X118.614 Y116.28 E.01885
G1 X118.348 Y116.83 E.01916
G1 X118.012 Y117.3 E.01811
G1 X117.553 Y117.716 E.01942
G1 X117.115 Y117.994 E.01627
G1 X116.595 Y118.177 E.01728
G1 X116.058 Y118.296 E.01725
G1 X114.948 Y118.296 E.0348
G1 X114.228 Y118.14 E.0231
G1 X113.891 Y117.997 E.01148
G1 X113.404 Y117.683 E.01817
G1 X112.988 Y117.3 E.01773
G1 X112.642 Y116.813 E.01873
G1 X112.386 Y116.28 E.01854
G1 X112.24 Y115.675 E.01951
G1 X112.198 Y115.064 E.0192
G1 X112.291 Y114.423 E.02031
G1 X112.485 Y113.822 E.0198
G1 X112.822 Y113.238 E.02114
G1 X113.238 Y112.738 E.02039
G1 X113.748 Y112.331 E.02046
G1 X114.211 Y112.067 E.01671
G1 X114.814 Y111.834 E.02027
G1 X115.224 Y111.766 E.01303
G1 E-3.5 F3600
;WIPE_START
G1 F7200
G1 X115.283 Y111.756 E-.02842
G1 X115.5 Y111.721 E-.10441
G1 X116.186 Y111.834 E-.33024
G1 X116.864 Y112.103 E-.34647
G1 X117.42 Y112.442 E-.30932
G1 X117.925 Y112.919 E-.32996
G1 X117.99 Y113.005 E-.05118
;WIPE_END
G1 X116.192 Y113.525 F9000
G1 E5 F2400
;TYPE:Internal infill
;WIDTH:0.44
G1 F900
G1 X115.786 Y113.357 E.01451
G1 X115.468 Y113.301 E.01066
G1 X115.217 Y113.356 E.00848
G1 X114.515 Y113.709 E.02594
G1 X114.121 Y114.121 E.01882
G1 X116.868 Y116.868 E.12827
G1 X116.143 Y117.181 E.02607
G1 X115.064 Y117.206 E.03564
G1 X114.559 Y117.097 E.01706
G1 X114.132 Y116.868 E.016
G1 X116.879 Y114.121 E.12827
G1 X117.161 Y114.696 E.02115
G1 X117.214 Y115.402 E.02338
G1 X116.918 Y116.385 E.0339
G1 E-3.5 F3600
;WIPE_START
G1 F7200
G1 X117.214 Y115.402 E-.48763
G1 X117.161 Y114.696 E-.33629
G1 X116.879 Y114.121 E-.3042
G1 X116.325 Y114.675 E-.37188
;WIPE_END
G1 X113.656 Y116.376 F9000
G1 E5 F2400
;TYPE:Solid infill
;WIDTH:0.48963
G1 F900
G1 X113.557 Y116.136 E.00964
;WIDTH:0.530174
G1 X113.458 Y115.896 E.01052
;WIDTH:0.545628
G1 X113.351 Y115.377 E.02215
G1 X113.357 Y114.863 E.02149
;WIDTH:0.519432
G1 X113.508 Y114.327 E.02206
G1 X113.802 Y113.815 E.02339
G1 X114.235 Y113.384 E.02421
;WIDTH:0.505862
G1 X114.774 Y113.061 E.02419
;WIDTH:0.507548
G1 X115.384 Y112.879 E.02459
;WIDTH:0.522788
G1 X115.9 Y112.933 E.0207
;WIDTH:0.541284
G1 X116.468 Y113.182 E.0257
G1 X116.962 Y113.555 E.02565
;WIDTH:0.540548
G1 X117.334 Y114.024 E.02477
;WIDTH:0.539234
G1 X117.569 Y114.554 E.02393
;WIDTH:0.545922
G1 X117.656 Y115.105 E.02333
G1 X117.62 Y115.633 E.02213
;WIDTH:0.522796
G1 X117.451 Y116.138 E.02125
;LAYER_CHANGE
;Z:40.8
;HEIGHT:0.200001
;BEFORE_LAYER_CHANGE
G92 E0
;40.8


G1 E-3.5 F3600
;WIPE_START
G1 F7200
G1 X117.62 Y115.633 E-.25295
G1 X117.656 Y115.105 E-.25138
G1 X117.569 Y114.554 E-.26497
G1 X117.334 Y114.024 E-.27539
G1 X116.962 Y113.555 E-.28434
G1 X116.675 Y113.338 E-.17097
;WIPE_END
G1 Z40.8 F9000
;AFTER_LAYER_CHANGE
;40.8
G1 X117.329 Y113.161
G1 E5 F2400
;TYPE:Perimeter
;WIDTH:0.439999
G1 F900
G1 X117.487 Y113.321 E.00742
G1 X117.804 Y113.726 E.01698
G1 X118.045 Y114.241 E.01877
G1 X118.179 Y114.726 E.01661
G1 X118.208 Y115.415 E.02277
G1 X118.116 Y115.895 E.01614
G1 X117.938 Y116.371 E.01678
G1 X117.582 Y116.901 E.02108
G1 X117.119 Y117.312 E.02044
G1 X116.585 Y117.585 E.0198
G1 X116.02 Y117.71 E.01911
G1 X115.492 Y117.694 E.01744
G1 X114.947 Y117.532 E.01877
G1 X114.438 Y117.224 E.01964
G1 X113.943 Y116.856 E.02037
G1 X113.727 Y116.615 E.01069
G1 X113.428 Y116.214 E.01652
G1 X113.237 Y115.688 E.01848
G1 X113.182 Y115.112 E.0191
G1 X113.276 Y114.52 E.01979
G1 X113.524 Y113.953 E.02043
G1 X113.802 Y113.58 E.01536
G1 X114.166 Y113.235 E.01656
G1 X114.579 Y112.982 E.01599
G1 X115.068 Y112.785 E.01741
G1 X115.609 Y112.696 E.0181
G1 X116.118 Y112.699 E.01681
G1 X116.646 Y112.812 E.01783
G1 X117.254 Y113.085 E.02201
G1 X117.287 Y113.119 E.00156
G1 X117.606 Y112.877 F9000
G1 F900
G1 X117.769 Y113.042 E.00766
G1 X118.144 Y113.519 E.02003
G1 X118.417 Y114.102 E.02125
G1 X118.571 Y114.66 E.01911
G1 X118.609 Y115.236 E.01906
G1 X118.573 Y115.657 E.01395
G1 X118.442 Y116.201 E.01847
G1 X118.193 Y116.722 E.01907
G1 X117.881 Y117.163 E.01784
G1 X117.475 Y117.538 E.01825
G1 X117.039 Y117.821 E.01716
G1 X116.564 Y118.004 E.01681
G1 X116.056 Y118.106 E.01711
G1 X115.415 Y118.085 E.02118
G1 X114.785 Y117.898 E.0217
G1 X114.216 Y117.554 E.02195
G1 X113.673 Y117.151 E.02233
G1 X113.232 Y116.657 E.02186
G1 X112.943 Y116.096 E.02084
G1 X112.821 Y115.6 E.01686
G1 X112.784 Y115.1 E.01655
G1 X112.858 Y114.573 E.01757
G1 X113.016 Y114.072 E.01734
G1 X113.292 Y113.589 E.01837
G1 X113.639 Y113.167 E.01804
G1 X114.095 Y112.804 E.01924
G1 X114.59 Y112.532 E.01865
G1 X115.174 Y112.357 E.02013
G1 X115.752 Y112.286 E.01923
G1 X116.41 Y112.346 E.02182
G1 X116.956 Y112.492 E.01866
G1 X117.491 Y112.76 E.01976
G1 X117.564 Y112.834 E.00343
G1 X117.876 Y112.599 F9000
;TYPE:External perimeter
;WIDTH:0.419999
G1 F900
G1 X118.21 Y112.937 E.0149
G1 X118.561 Y113.48 E.02027
G1 X118.78 Y113.966 E.01671
G1 X118.954 Y114.595 E.02046
G1 X118.995 Y115.279 E.02148
G1 X118.925 Y115.914 E.02003
G1 X118.719 Y116.54 E.02066
G1 X118.428 Y117.088 E.01945
G1 X118.02 Y117.573 E.01987
G1 X117.561 Y117.961 E.01884
G1 X117.022 Y118.25 E.01918
G1 X116.474 Y118.433 E.01811
G1 X115.858 Y118.499 E.01942
G1 X115.34 Y118.467 E.01627
G1 X114.628 Y118.255 E.02329
G1 X114 Y117.876 E.023
G1 X113.411 Y117.438 E.02301
G1 X112.919 Y116.888 E.02314
G1 X112.73 Y116.574 E.01149
G1 X112.522 Y116.034 E.01814
G1 X112.409 Y115.48 E.01773
G1 X112.416 Y114.882 E.01875
G1 X112.522 Y114.3 E.01855
G1 X112.759 Y113.725 E.0195
G1 X113.085 Y113.206 E.01922
G1 X113.537 Y112.743 E.02029
G1 X114.047 Y112.37 E.01981
G1 X114.663 Y112.096 E.02114
G1 X115.293 Y111.936 E.02038
G1 X115.945 Y111.907 E.02046
G1 X116.475 Y111.964 E.01671
G1 X117.1 Y112.131 E.02028
G1 X117.722 Y112.442 E.0218
G1 X117.834 Y112.556 E.00501
G1 X116.009 Y113 F9000
;TYPE:Internal infill
;WIDTH:0.44
G1 F900
G1 X115.451 Y113.016 E.01843
G1 X114.864 Y113.181 E.02013
G1 X114.352 Y113.478 E.01954
G1 X113.918 Y113.918 E.02041
G1 X117.01 Y117.01 E.14438
G1 X116.719 Y117.194 E.01137
G1 X116.238 Y117.367 E.01688
G1 X115.551 Y117.392 E.0227
G1 X115.072 Y117.25 E.0165
G1 X114.276 Y116.724 E.0315
G1 X117.366 Y113.634 E.14428
G1 X117.693 Y114.172 E.02079
G1 X117.877 Y114.777 E.02088
G1 X117.902 Y115.389 E.02022
G1 X117.802 Y115.882 E.01661
;LAYER_CHANGE
;Z:41
;HEIGHT:0.200001
;BEFORE_LAYER_CHANGE
G92 E0
;41


G1 E-3.5 F3600
;WIPE_START
G1 F7200
G1 X117.902 Y115.389 E-.23894
G1 X117.877 Y114.777 E-.29094
G1 X117.693 Y114.172 E-.30037
G1 X117.366 Y113.634 E-.29905
G1 X116.814 Y114.186 E-.3707
;WIPE_END
G1 Z41 F9000
;AFTER_LAYER_CHANGE
;41
G1 X118.35 Y114.684
G1 E5 F2400
;TYPE:Perimeter
;WIDTH:0.439999
G1 F900
G1 X118.41 Y115.241 E.0185
G1 X118.376 Y115.634 E.01302
G1 X118.259 Y116.123 E.0166
G1 X118.04 Y116.591 E.01706
G1 X117.741 Y117.022 E.01732
G1 X117.384 Y117.357 E.01616
G1 X116.961 Y117.638 E.01677
G1 X116.361 Y117.857 E.02109
G1 X115.744 Y117.918 E.02047
G1 X115.153 Y117.824 E.01976
G1 X114.731 Y117.65 E.01507
G1 X114.315 Y117.369 E.01658
G1 X114.016 Y117.025 E.01505
G1 X113.741 Y116.597 E.0168
G1 X113.442 Y115.676 E.03197
G1 X113.41 Y115.36 E.01049
G1 X113.405 Y114.86 E.01651
G1 X113.559 Y114.322 E.01848
G1 X113.853 Y113.824 E.01909
G1 X114.277 Y113.4 E.0198
G1 X114.811 Y113.087 E.02044
G1 X115.255 Y112.949 E.01535
G1 X115.752 Y112.883 E.01655
G1 X116.235 Y112.921 E.016
G1 X116.746 Y113.05 E.0174
G1 X117.236 Y113.296 E.0181
G1 X117.646 Y113.597 E.01679
G1 X118.007 Y113.999 E.01784
G1 X118.339 Y114.578 E.02204
G1 X118.344 Y114.624 E.00153
G1 X118.746 Y114.616 F9000
G1 F900
G1 X118.781 Y114.845 E.00765
G1 X118.807 Y115.292 E.01478
G1 X118.744 Y115.86 E.01887
G1 X118.548 Y116.46 E.02084
G1 X118.279 Y116.97 E.01904
G1 X117.893 Y117.433 E.0199
G1 X117.468 Y117.797 E.01848
G1 X116.961 Y118.071 E.01903
G1 X116.449 Y118.245 E.01785
G1 X115.901 Y118.31 E.01822
G1 X115.381 Y118.282 E.01719
G1 X114.889 Y118.151 E.01681
G1 X114.418 Y117.936 E.01709
G1 X113.912 Y117.542 E.02117
G1 X113.6 Y117.134 E.01696
G1 X113.373 Y116.747 E.01481
G1 X113.051 Y115.759 E.03431
G1 X112.984 Y115.103 E.02177
G1 X113.081 Y114.479 E.02085
G1 X113.274 Y114.007 E.01684
G1 X113.538 Y113.58 E.01658
G1 X113.907 Y113.197 E.01756
G1 X114.33 Y112.885 E.01735
G1 X114.838 Y112.656 E.0184
G1 X115.365 Y112.518 E.01799
G1 X115.948 Y112.493 E.01927
G1 X116.508 Y112.564 E.01864
G1 X117.084 Y112.766 E.02015
G1 X117.593 Y113.048 E.01921
G1 X118.09 Y113.483 E.02181
G1 X118.446 Y113.922 E.01866
G1 X118.721 Y114.453 E.01974
G1 X118.737 Y114.556 E.00344
G1 X119.127 Y114.55 F9000
;TYPE:External perimeter
;WIDTH:0.419999
G1 F900
G1 X119.163 Y114.787 E.00752
G1 X119.194 Y115.255 E.01471
G1 X119.164 Y115.665 E.01289
G1 X119.055 Y116.187 E.01672
G1 X118.826 Y116.798 E.02046
G1 X118.457 Y117.375 E.02147
G1 X118.028 Y117.849 E.02005
G1 X117.492 Y118.233 E.02067
G1 X116.935 Y118.505 E.01944
G1 X116.32 Y118.658 E.01987
G1 X115.721 Y118.703 E.01883
G1 X115.115 Y118.62 E.01918
G1 X114.564 Y118.446 E.01812
G1 X114.027 Y118.137 E.01943
G1 X113.627 Y117.806 E.01628
G1 X113.292 Y117.369 E.01726
G1 X113.013 Y116.894 E.01727
G1 X112.671 Y115.839 E.03477
G1 X112.596 Y115.106 E.0231
G1 X112.628 Y114.741 E.01149
G1 X112.776 Y114.182 E.01813
G1 X113.012 Y113.667 E.01776
G1 X113.368 Y113.187 E.01874
G1 X113.796 Y112.779 E.01854
G1 X114.326 Y112.453 E.01951
G1 X114.894 Y112.225 E.01919
G1 X115.533 Y112.115 E.02033
G1 X116.164 Y112.114 E.01978
G1 X116.824 Y112.255 E.02116
G1 X117.428 Y112.495 E.02038
G1 X117.972 Y112.854 E.02044
G1 X118.367 Y113.213 E.01674
G1 X118.775 Y113.715 E.02028
G1 X119.094 Y114.332 E.02178
G1 X119.118 Y114.49 E.00501
G1 X118.104 Y115.07 F9000
;TYPE:Internal infill
;WIDTH:0.44
G1 F900
G1 X118.055 Y115.715 E.02136
G1 X117.848 Y116.312 E.02086
G1 X117.509 Y116.822 E.02022
G1 X117.151 Y117.151 E.01605
G1 X114.061 Y114.061 E.14428
G1 X113.84 Y114.443 E.01457
G1 X113.69 Y115.098 E.02219
G1 X113.743 Y115.613 E.01709
G1 X114.025 Y116.481 E.03013
G1 X114.217 Y116.783 E.01182
G1 X117.293 Y113.707 E.14363
G1 X116.922 Y113.463 E.01466
G1 X116.348 Y113.25 E.02021
G1 X116.053 Y113.201 E.00987
G1 X115.47 Y113.215 E.01925
G1 X115.044 Y113.328 E.01455
;LAYER_CHANGE
;Z:41.2
;HEIGHT:0.200001
;BEFORE_LAYER_CHANGE
G92 E0
;41.2


G1 E-3.5 F3600
;WIPE_START
G1 F7200
G1 X115.47 Y113.215 E-.20935
G1 X116.053 Y113.201 E-.277
G1 X116.348 Y113.25 E-.14204
G1 X116.922 Y113.463 E-.29082
G1 X117.293 Y113.707 E-.21092
G1 X116.742 Y114.258 E-.36987
;WIPE_END
G1 Z41.2 F9000
;AFTER_LAYER_CHANGE
;41.2
G1 X118.085 Y114.485
G1 E5 F2400
;TYPE:Perimeter
;WIDTH:0.439999
G1 F900
G1 X118.139 Y114.578 E.00355
G1 X118.21 Y115.241 E.02202
G1 X118.176 Y115.634 E.01302
G1 X118.059 Y116.123 E.0166
G1 X117.84 Y116.591 E.01706
G1 X117.541 Y117.022 E.01732
G1 X117.184 Y117.357 E.01616
G1 X116.761 Y117.638 E.01677
G1 X116.161 Y117.857 E.02109
G1 X115.544 Y117.918 E.02047
G1 X114.953 Y117.824 E.01976
G1 X114.531 Y117.65 E.01507
G1 X114.115 Y117.369 E.01658
G1 X113.816 Y117.025 E.01505
G1 X113.541 Y116.597 E.0168
G1 X113.242 Y115.676 E.03197
G1 X113.21 Y115.36 E.01049
G1 X113.205 Y114.86 E.01651
G1 X113.359 Y114.322 E.01848
G1 X113.653 Y113.824 E.01909
G1 X114.077 Y113.4 E.0198
G1 X114.611 Y113.087 E.02044
G1 X115.055 Y112.949 E.01535
G1 X115.552 Y112.883 E.01655
G1 X116.035 Y112.921 E.016
G1 X116.546 Y113.05 E.0174
G1 X117.036 Y113.296 E.0181
G1 X117.446 Y113.597 E.01679
G1 X117.807 Y113.999 E.01784
G1 X118.056 Y114.433 E.01652
G1 X118.446 Y114.308 F9000
G1 F900
G1 X118.521 Y114.453 E.00539
G1 X118.581 Y114.845 E.01309
G1 X118.607 Y115.292 E.01478
G1 X118.544 Y115.86 E.01887
G1 X118.348 Y116.46 E.02084
G1 X118.079 Y116.97 E.01904
G1 X117.693 Y117.433 E.0199
G1 X117.268 Y117.797 E.01848
G1 X116.761 Y118.071 E.01903
G1 X116.249 Y118.245 E.01785
G1 X115.701 Y118.31 E.01822
G1 X115.181 Y118.282 E.01719
G1 X114.689 Y118.151 E.01681
G1 X114.218 Y117.936 E.01709
G1 X113.712 Y117.542 E.02117
G1 X113.4 Y117.134 E.01696
G1 X113.173 Y116.747 E.01481
G1 X112.851 Y115.759 E.03431
G1 X112.784 Y115.103 E.02177
G1 X112.881 Y114.479 E.02085
G1 X113.074 Y114.007 E.01684
G1 X113.338 Y113.58 E.01658
G1 X113.707 Y113.197 E.01756
G1 X114.13 Y112.885 E.01735
G1 X114.638 Y112.656 E.0184
G1 X115.165 Y112.518 E.01799
G1 X115.748 Y112.493 E.01927
G1 X116.308 Y112.564 E.01864
G1 X116.884 Y112.766 E.02015
G1 X117.393 Y113.048 E.01921
G1 X117.89 Y113.483 E.02181
G1 X118.246 Y113.922 E.01866
G1 X118.418 Y114.254 E.01235
G1 X118.793 Y114.137 F9000
;TYPE:External perimeter
;WIDTH:0.419999
G1 F900
G1 X118.894 Y114.332 E.00689
G1 X118.963 Y114.787 E.01443
G1 X118.994 Y115.255 E.01471
G1 X118.964 Y115.665 E.01289
G1 X118.855 Y116.187 E.01672
G1 X118.626 Y116.798 E.02046
G1 X118.257 Y117.375 E.02147
G1 X117.828 Y117.849 E.02005
G1 X117.292 Y118.233 E.02067
G1 X116.735 Y118.505 E.01944
G1 X116.12 Y118.658 E.01987
G1 X115.521 Y118.703 E.01883
G1 X114.915 Y118.62 E.01918
G1 X114.364 Y118.446 E.01812
G1 X113.827 Y118.137 E.01943
G1 X113.427 Y117.806 E.01628
G1 X113.092 Y117.369 E.01726
G1 X112.813 Y116.894 E.01727
G1 X112.471 Y115.839 E.03477
G1 X112.396 Y115.106 E.0231
G1 X112.428 Y114.741 E.01149
G1 X112.576 Y114.182 E.01813
G1 X112.812 Y113.667 E.01776
G1 X113.168 Y113.187 E.01874
G1 X113.596 Y112.779 E.01854
G1 X114.126 Y112.453 E.01951
G1 X114.694 Y112.225 E.01919
G1 X115.333 Y112.115 E.02033
G1 X115.964 Y112.114 E.01978
G1 X116.624 Y112.255 E.02116
G1 X117.228 Y112.495 E.02038
G1 X117.772 Y112.854 E.02044
G1 X118.167 Y113.213 E.01674
G1 X118.575 Y113.715 E.02028
G1 X118.766 Y114.083 E.013
G1 X117.883 Y114.929 F9000
;TYPE:Internal infill
;WIDTH:0.44
G1 F900
G1 X117.902 Y115.394 E.01537
G1 X117.77 Y116.023 E.02122
G1 X117.493 Y116.58 E.02054
G1 X117.063 Y117.063 E.02135
G1 X113.949 Y113.949 E.1454
G1 X113.64 Y114.443 E.01924
G1 X113.49 Y115.098 E.02219
G1 X113.543 Y115.613 E.01709
G1 X113.825 Y116.481 E.03013
G1 X114.103 Y116.897 E.01652
G1 X117.205 Y113.795 E.14484
G1 X116.722 Y113.463 E.01935
G1 X116.148 Y113.25 E.02021
G1 X115.696 Y113.195 E.01503
G1 X114.978 Y113.281 E.02388
;LAYER_CHANGE
;Z:41.4
;HEIGHT:0.200001
;BEFORE_LAYER_CHANGE
G92 E0
;41.4


G1 E-3.5 F3600
;WIPE_START
G1 F7200
G1 X115.696 Y113.195 E-.34349
G1 X116.148 Y113.25 E-.21628
G1 X116.722 Y113.463 E-.29082
G1 X117.205 Y113.795 E-.2784
G1 X116.653 Y114.347 E-.37101
;WIPE_END
G1 Z41.4 F9000
;AFTER_LAYER_CHANGE
;41.4
G1 X118.35 Y116.316
G1 E5 F2400
;TYPE:Perimeter
;WIDTH:0.439999
G1 F900
G1 X118.339 Y116.422 E.00352
G1 X118.109 Y116.866 E.01651
G1 X117.748 Y117.299 E.01861
G1 X117.366 Y117.626 E.0166
G1 X116.914 Y117.876 E.01705
G1 X116.418 Y118.049 E.01734
G1 X115.933 Y118.11 E.01614
G1 X115.425 Y118.088 E.01679
G1 X114.811 Y117.913 E.02108
G1 X114.277 Y117.6 E.02044
G1 X113.853 Y117.176 E.0198
G1 X113.614 Y116.787 E.01507
G1 X113.443 Y116.315 E.01658
G1 X113.403 Y115.861 E.01505
G1 X113.432 Y115.353 E.0168
G1 X113.731 Y114.433 E.03194
G1 X114.022 Y113.933 E.0191
G1 X114.388 Y113.566 E.01711
G1 X114.877 Y113.275 E.01879
G1 X115.277 Y113.148 E.01386
G1 X115.805 Y113.089 E.01754
G1 X116.387 Y113.15 E.01932
G1 X116.774 Y113.28 E.01348
G1 X117.242 Y113.531 E.01753
G1 X117.61 Y113.845 E.01597
G1 X117.948 Y114.25 E.01742
G1 X118.2 Y114.737 E.0181
G1 X118.355 Y115.222 E.01681
G1 X118.41 Y115.759 E.01782
G1 X118.357 Y116.257 E.01654
G1 X118.746 Y116.384 F9000
G1 F900
G1 X118.721 Y116.547 E.00544
G1 X118.539 Y116.899 E.01308
G1 X118.298 Y117.275 E.01475
G1 X117.913 Y117.698 E.01889
G1 X117.402 Y118.068 E.02083
G1 X116.884 Y118.323 E.01906
G1 X116.3 Y118.471 E.01989
G1 X115.742 Y118.515 E.01848
G1 X115.17 Y118.439 E.01905
G1 X114.654 Y118.279 E.01784
G1 X114.173 Y118.009 E.01821
G1 X113.768 Y117.681 E.01721
G1 X113.447 Y117.286 E.01681
G1 X113.193 Y116.835 E.01709
G1 X113.015 Y116.218 E.0212
G1 X113.002 Y115.705 E.01694
G1 X113.046 Y115.259 E.0148
G1 X113.367 Y114.27 E.03433
G1 X113.606 Y113.858 E.01573
G1 X113.898 Y113.471 E.01601
G1 X114.264 Y113.17 E.01565
G1 X114.719 Y112.91 E.0173
G1 X115.19 Y112.76 E.01632
G1 X115.813 Y112.691 E.0207
G1 X116.464 Y112.759 E.02161
G1 X116.989 Y112.941 E.01835
G1 X117.468 Y113.203 E.01803
G1 X117.916 Y113.59 E.01955
G1 X118.279 Y114.03 E.01883
G1 X118.567 Y114.584 E.02062
G1 X118.744 Y115.14 E.01927
G1 X118.811 Y115.955 E.027
G1 X118.755 Y116.325 E.01236
G1 X119.127 Y116.45 F9000
;TYPE:External perimeter
;WIDTH:0.419999
G1 F900
G1 X119.094 Y116.668 E.00691
G1 X118.775 Y117.285 E.02178
G1 X118.367 Y117.787 E.02028
G1 X117.972 Y118.146 E.01674
G1 X117.428 Y118.505 E.02044
G1 X116.79 Y118.756 E.0215
G1 X116.164 Y118.886 E.02005
G1 X115.505 Y118.882 E.02066
G1 X114.894 Y118.775 E.01945
G1 X114.307 Y118.537 E.01986
G1 X113.796 Y118.221 E.01884
G1 X113.355 Y117.798 E.01916
G1 X113.012 Y117.333 E.01812
G1 X112.758 Y116.767 E.01945
G1 X112.629 Y116.265 E.01625
G1 X112.615 Y115.715 E.01725
G1 X112.669 Y115.167 E.01727
G1 X113.012 Y114.111 E.03481
G1 X113.382 Y113.474 E.0231
G1 X113.777 Y113.06 E.01794
G1 X114.22 Y112.731 E.0173
G1 X114.766 Y112.481 E.01883
G1 X115.318 Y112.335 E.0179
G1 X115.821 Y112.302 E.01581
G1 X116.54 Y112.378 E.02267
G1 X117.145 Y112.587 E.02007
G1 X117.688 Y112.884 E.01941
G1 X118.192 Y113.318 E.02085
G1 X118.602 Y113.815 E.0202
G1 X118.923 Y114.434 E.02186
G1 X119.124 Y115.06 E.02061
G1 X119.199 Y115.98 E.02894
G1 X119.136 Y116.391 E.01304
G1 X118.03 Y115.194 F9000
;TYPE:Internal infill
;WIDTH:0.44
G1 F900
G1 X118.107 Y115.908 E.02371
G1 X118.044 Y116.327 E.01399
G1 X117.667 Y116.944 E.02387
G1 X117.293 Y117.293 E.01689
G1 X114.213 Y114.213 E.14382
G1 X114.012 Y114.559 E.01321
G1 X113.703 Y115.592 E.0356
G1 X113.758 Y116.327 E.02434
G1 X114.061 Y116.939 E.02255
G1 X117.151 Y113.849 E.14428
G1 X116.82 Y113.634 E.01303
G1 X116.327 Y113.452 E.01735
G1 X115.473 Y113.417 E.02822
G1 X114.903 Y113.605 E.01982
;LAYER_CHANGE
;Z:41.6
;HEIGHT:0.199997
;BEFORE_LAYER_CHANGE
G92 E0
;41.6


G1 E-3.5 F3600
;WIPE_START
G1 F7200
G1 X115.473 Y113.417 E-.2851
G1 X116.327 Y113.452 E-.40599
G1 X116.82 Y113.634 E-.24962
G1 X117.151 Y113.849 E-.18748
G1 X116.598 Y114.402 E-.37181
;WIPE_END
G1 Z41.6 F9000
;AFTER_LAYER_CHANGE
;41.6
G1 X118.35 Y116.316
G1 E5 F2400
;TYPE:Perimeter
;WIDTH:0.439999
G1 F900
G1 X118.339 Y116.422 E.00352
G1 X118.109 Y116.866 E.01651
G1 X117.748 Y117.299 E.01861
G1 X117.366 Y117.626 E.0166
G1 X116.914 Y117.876 E.01705
G1 X116.418 Y118.049 E.01734
G1 X115.933 Y118.11 E.01614
G1 X115.425 Y118.088 E.01679
G1 X114.811 Y117.913 E.02108
G1 X114.277 Y117.6 E.02044
G1 X113.853 Y117.176 E.0198
G1 X113.614 Y116.787 E.01507
G1 X113.443 Y116.315 E.01658
G1 X113.403 Y115.861 E.01505
G1 X113.432 Y115.353 E.0168
G1 X113.731 Y114.433 E.03194
G1 X114.022 Y113.933 E.0191
G1 X114.388 Y113.566 E.01711
G1 X114.877 Y113.275 E.01879
G1 X115.277 Y113.148 E.01386
G1 X115.805 Y113.089 E.01754
G1 X116.387 Y113.15 E.01932
G1 X116.774 Y113.28 E.01348
G1 X117.242 Y113.531 E.01753
G1 X117.61 Y113.845 E.01597
G1 X117.948 Y114.25 E.01742
G1 X118.2 Y114.737 E.0181
G1 X118.355 Y115.222 E.01681
G1 X118.41 Y115.759 E.01782
G1 X118.357 Y116.256 E.0165
G1 X118.746 Y116.384 F9000
G1 F900
G1 X118.721 Y116.547 E.00544
G1 X118.539 Y116.899 E.01308
G1 X118.298 Y117.275 E.01475
G1 X117.913 Y117.698 E.01889
G1 X117.402 Y118.068 E.02083
G1 X116.884 Y118.323 E.01906
G1 X116.3 Y118.471 E.01989
G1 X115.742 Y118.515 E.01848
G1 X115.17 Y118.439 E.01905
G1 X114.654 Y118.279 E.01784
G1 X114.173 Y118.009 E.01821
G1 X113.768 Y117.681 E.01721
G1 X113.447 Y117.286 E.01681
G1 X113.193 Y116.835 E.01709
G1 X113.015 Y116.218 E.0212
G1 X113.002 Y115.705 E.01694
G1 X113.046 Y115.259 E.0148
G1 X113.367 Y114.27 E.03433
G1 X113.606 Y113.858 E.01573
G1 X113.898 Y113.471 E.01601
G1 X114.264 Y113.17 E.01565
G1 X114.719 Y112.91 E.0173
G1 X115.19 Y112.76 E.01632
G1 X115.813 Y112.691 E.0207
G1 X116.464 Y112.759 E.02161
G1 X116.989 Y112.941 E.01835
G1 X117.468 Y113.203 E.01803
G1 X117.916 Y113.59 E.01955
G1 X118.279 Y114.03 E.01883
G1 X118.567 Y114.584 E.02062
G1 X118.744 Y115.14 E.01927
G1 X118.811 Y115.955 E.027
G1 X118.755 Y116.325 E.01236
G1 X119.127 Y116.45 F9000
;TYPE:External perimeter
;WIDTH:0.419999
G1 F900
G1 X119.094 Y116.668 E.00691
G1 X118.775 Y117.285 E.02178
G1 X118.367 Y117.787 E.02028
G1 X117.972 Y118.146 E.01674
G1 X117.428 Y118.505 E.02044
G1 X116.79 Y118.756 E.0215
G1 X116.164 Y118.886 E.02005
G1 X115.505 Y118.882 E.02066
G1 X114.894 Y118.775 E.01945
G1 X114.307 Y118.537 E.01986
G1 X113.796 Y118.221 E.01884
G1 X113.355 Y117.798 E.01916
G1 X113.012 Y117.333 E.01812
G1 X112.758 Y116.767 E.01945
G1 X112.629 Y116.265 E.01625
G1 X112.615 Y115.715 E.01725
G1 X112.669 Y115.167 E.01727
G1 X113.012 Y114.111 E.03481
G1 X113.382 Y113.474 E.0231
G1 X113.777 Y113.06 E.01794
G1 X114.22 Y112.731 E.0173
G1 X114.766 Y112.481 E.01883
G1 X115.318 Y112.335 E.0179
G1 X115.821 Y112.302 E.01581
G1 X116.54 Y112.378 E.02267
G1 X117.145 Y112.587 E.02007
G1 X117.688 Y112.884 E.01941
G1 X118.192 Y113.318 E.02085
G1 X118.602 Y113.815 E.0202
G1 X118.923 Y114.434 E.02186
G1 X119.124 Y115.06 E.02061
G1 X119.199 Y115.98 E.02894
G1 X119.136 Y116.391 E.01304
G1 X117.559 Y116.3 F9000
;TYPE:Internal infill
;WIDTH:0.44
G1 F900
G1 X117.62 Y115.625 E.02238
G1 X117.508 Y115.117 E.01718
G1 X117.281 Y114.671 E.01652
G1 X116.808 Y114.192 E.02223
G1 X114.061 Y116.939 E.12827
G1 X113.758 Y116.327 E.02255
G1 X113.703 Y115.592 E.02434
G1 X114.012 Y114.559 E.0356
G1 X114.213 Y114.213 E.01321
G1 X117.004 Y117.004 E.13032
G1 X116.582 Y117.291 E.01685
G1 X116.064 Y117.519 E.01869
G1 X116.16 Y117.782 E.00924
G1 X115.76 Y117.811 E.01324
G1 X115.148 Y117.708 E.02049
G1 E-3.5 F3600
;WIPE_START
G1 F7200
G1 X115.76 Y117.811 E-.29479
G1 X116.16 Y117.782 E-.1905
G1 X116.064 Y117.519 E-.13299
G1 X116.582 Y117.291 E-.26883
G1 X117.004 Y117.004 E-.24241
G1 X116.453 Y116.453 E-.37048
;WIPE_END
G1 X115.239 Y113.488 F9000
G1 E5 F2400
;TYPE:Solid infill
;WIDTH:0.49886
G1 F900
G1 X115.523 Y113.464 E.01081
;WIDTH:0.526198
G1 X115.806 Y113.44 E.01141
;WIDTH:0.543292
G1 X116.308 Y113.501 E.02104
G1 X116.796 Y113.68 E.02163
;WIDTH:0.539584
G1 X117.265 Y114.003 E.02352
;WIDTH:0.54029
G1 X117.65 Y114.449 E.02437
;WIDTH:0.54099
G1 X117.92 Y114.994 E.02519
;WIDTH:0.54193
G1 X118.051 Y115.618 E.02646
G1 X118.062 Y115.934 E.01312
;WIDTH:0.52185
G1 X117.945 Y116.47 E.02185
;WIDTH:0.484472
G1 X117.565 Y117.016 E.02442
;WIDTH:0.457672
G1 X117.055 Y117.455 E.02321
;WIDTH:0.420228
G1 X116.53 Y117.71 E.01831
;LAYER_CHANGE
;Z:41.8
;HEIGHT:0.200001
;BEFORE_LAYER_CHANGE
G92 E0
;41.8


G1 E-3.5 F3600
;WIPE_START
G1 F7200
G1 X117.055 Y117.455 E-.27723
G1 X117.565 Y117.016 E-.31964
G1 X117.945 Y116.47 E-.31598
G1 X118.062 Y115.934 E-.26059
G1 X118.051 Y115.618 E-.15019
G1 X117.975 Y115.255 E-.17637
;WIPE_END
G1 Z41.8 F9000
;AFTER_LAYER_CHANGE
;41.8
G1 X117.159 Y117.963
G1 E5 F2400
;TYPE:Perimeter
;WIDTH:0.439999
G1 F900
G1 X116.808 Y118.138 E.01295
G1 X116.261 Y118.277 E.01863
G1 X115.76 Y118.317 E.01659
G1 X115.245 Y118.252 E.01714
G1 X114.744 Y118.101 E.01728
G1 X114.316 Y117.866 E.01612
G1 X113.918 Y117.55 E.01678
G1 X113.524 Y117.047 E.0211
G1 X113.276 Y116.48 E.02043
G1 X113.182 Y115.888 E.01979
G1 X113.237 Y115.312 E.0191
G1 X113.416 Y114.815 E.01744
G1 X113.739 Y114.346 E.0188
G1 X114.188 Y113.957 E.01961
G1 X114.691 Y113.6 E.02037
G1 X115.226 Y113.363 E.01932
G1 X115.753 Y113.287 E.01758
G1 X116.332 Y113.342 E.0192
G1 X116.858 Y113.534 E.01849
G1 X117.362 Y113.877 E.02013
G1 X117.776 Y114.351 E.02078
G1 X117.997 Y114.767 E.01555
G1 X118.157 Y115.251 E.01683
G1 X118.215 Y115.928 E.02243
G1 X118.133 Y116.47 E.0181
G1 X117.973 Y116.953 E.0168
G1 X117.702 Y117.421 E.01786
G1 X117.254 Y117.915 E.02202
G1 X117.212 Y117.936 E.00155
G1 X117.344 Y118.314 F9000
G1 F900
G1 X117.137 Y118.418 E.00765
G1 X116.72 Y118.58 E.01477
G1 X116.16 Y118.697 E.01889
G1 X115.529 Y118.696 E.02083
G1 X114.961 Y118.598 E.01903
G1 X114.401 Y118.374 E.01991
G1 X113.924 Y118.081 E.01848
G1 X113.506 Y117.684 E.01903
G1 X113.182 Y117.251 E.01786
G1 X112.952 Y116.749 E.01823
G1 X112.817 Y116.247 E.01716
G1 X112.79 Y115.738 E.01683
G1 X112.849 Y115.224 E.01708
G1 X113.068 Y114.621 E.02118
G1 X113.44 Y114.079 E.0217
G1 X113.943 Y113.644 E.02196
G1 X114.494 Y113.253 E.02231
G1 X115.1 Y112.985 E.02188
G1 X115.756 Y112.888 E.02189
G1 X116.407 Y112.95 E.02159
G1 X116.896 Y113.117 E.01706
G1 X117.343 Y113.359 E.01678
G1 X117.76 Y113.715 E.0181
G1 X118.106 Y114.129 E.01781
G1 X118.373 Y114.636 E.01892
G1 X118.546 Y115.167 E.01844
G1 X118.608 Y115.73 E.0187
G1 X118.59 Y116.161 E.01424
G1 X118.479 Y116.733 E.01924
G1 X118.219 Y117.34 E.0218
G1 X117.911 Y117.814 E.01866
G1 X117.491 Y118.24 E.01975
G1 X117.398 Y118.287 E.00344
G1 X117.525 Y118.656 F9000
;TYPE:External perimeter
;WIDTH:0.419999
G1 F900
G1 X117.1 Y118.869 E.01491
G1 X116.475 Y119.036 E.02028
G1 X115.945 Y119.093 E.01671
G1 X115.293 Y119.064 E.02046
G1 X114.63 Y118.892 E.02148
G1 X114.047 Y118.63 E.02004
G1 X113.516 Y118.24 E.02066
G1 X113.085 Y117.794 E.01945
G1 X112.75 Y117.256 E.01987
G1 X112.522 Y116.7 E.01884
G1 X112.414 Y116.098 E.01918
G1 X112.409 Y115.52 E.01812
G1 X112.537 Y114.914 E.01942
G1 X112.728 Y114.431 E.01629
G1 X113.15 Y113.819 E.02331
G1 X113.703 Y113.339 E.02296
G1 X114.302 Y112.914 E.02303
G1 X114.741 Y112.72 E.01505
G1 X115.179 Y112.57 E.01452
G1 X115.759 Y112.5 E.01832
G1 X116.48 Y112.569 E.02271
G1 X117.05 Y112.762 E.01887
G1 X117.561 Y113.039 E.01822
G1 X118.035 Y113.442 E.01951
G1 X118.428 Y113.912 E.01921
G1 X118.729 Y114.485 E.02029
G1 X118.925 Y115.086 E.01982
G1 X118.996 Y115.756 E.02112
G1 X118.954 Y116.405 E.02039
G1 X118.78 Y117.034 E.02046
G1 X118.561 Y117.52 E.01671
G1 X118.21 Y118.063 E.02027
G1 X117.722 Y118.558 E.02179
G1 X117.578 Y118.629 E.00503
G1 E-3.5 F3600
;WIPE_START
G1 F7200
G1 X117.525 Y118.656 E-.02825
G1 X117.1 Y118.869 E-.22581
G1 X116.475 Y119.036 E-.30729
G1 X115.945 Y119.093 E-.2532
G1 X115.293 Y119.064 E-.31001
G1 X114.63 Y118.892 E-.32535
G1 X114.534 Y118.849 E-.05009
;WIPE_END
G1 X115.178 Y117.925 F9000
G1 E5 F2400
;TYPE:Internal infill
;WIDTH:0.44
G1 F900
G1 X115.766 Y118.01 E.01962
G1 X116.405 Y117.942 E.02122
G1 X117.072 Y117.664 E.02386
G1 X117.366 Y117.366 E.01382
G1 X114.281 Y114.281 E.14405
G1 X114.843 Y113.867 E.02305
G1 X115.5 Y113.614 E.02325
G1 X116.275 Y113.644 E.02561
G1 X116.719 Y113.806 E.0156
G1 X117.01 Y113.99 E.01137
G1 X113.918 Y117.082 E.14438
G1 X113.57 Y116.394 E.02546
G1 X113.488 Y115.879 E.01722
G1 X113.536 Y115.379 E.01658
G1 X113.764 Y114.848 E.01908
;LAYER_CHANGE
;Z:42
;HEIGHT:0.200001
;BEFORE_LAYER_CHANGE
G92 E0
;42


G1 E-3.5 F3600
;WIPE_START
G1 F7200
G1 X113.536 Y115.379 E-.27449
G1 X113.488 Y115.879 E-.23859
G1 X113.57 Y116.394 E-.24771
G1 X113.918 Y117.082 E-.36623
G1 X114.473 Y116.527 E-.37298
;WIPE_END
G1 Z42 F9000
;AFTER_LAYER_CHANGE
;42
G1 X115.395 Y118.467
G1 E5 F2400
;TYPE:Perimeter
;WIDTH:0.439999
G1 F900
G1 X115.007 Y118.403 E.01298
G1 X114.484 Y118.194 E.0186
G1 X114.055 Y117.931 E.01661
G1 X113.676 Y117.577 E.01712
G1 X113.36 Y117.16 E.01727
G1 X113.151 Y116.718 E.01614
G1 X113.015 Y116.229 E.01676
G1 X112.992 Y115.59 E.02111
G1 X113.125 Y114.985 E.02045
G1 X113.397 Y114.451 E.01979
G1 X113.78 Y114.018 E.01909
G1 X114.217 Y113.721 E.01745
G1 X114.753 Y113.531 E.01878
G1 X115.346 Y113.481 E.01965
G1 X115.963 Y113.487 E.02037
G1 X116.534 Y113.61 E.01929
G1 X116.996 Y113.845 E.01711
G1 X117.424 Y114.22 E.01879
G1 X117.755 Y114.708 E.01947
G1 X117.96 Y115.281 E.02009
G1 X118.012 Y115.737 E.01515
G1 X118.002 Y116.055 E.0105
G1 X117.911 Y116.548 E.01655
G1 X117.726 Y116.996 E.016
G1 X117.445 Y117.442 E.0174
G1 X117.06 Y117.833 E.01812
G1 X116.647 Y118.129 E.01678
G1 X116.153 Y118.348 E.01784
G1 X115.5 Y118.485 E.02203
G1 X115.454 Y118.477 E.00154
G1 X115.338 Y118.86 F9000
G1 F900
G1 X115.109 Y118.823 E.00766
G1 X114.677 Y118.709 E.01475
G1 X114.155 Y118.474 E.0189
G1 X113.645 Y118.103 E.02082
G1 X113.243 Y117.689 E.01905
G1 X112.922 Y117.179 E.0199
G1 X112.708 Y116.662 E.01847
G1 X112.603 Y116.094 E.01907
G1 X112.596 Y115.554 E.01783
G1 X112.704 Y115.013 E.01821
G1 X112.891 Y114.527 E.01719
G1 X113.167 Y114.099 E.01681
G1 X113.518 Y113.718 E.0171
G1 X114.049 Y113.359 E.02116
G1 X114.669 Y113.14 E.02171
G1 X115.331 Y113.083 E.02194
G1 X116.007 Y113.091 E.02232
G1 X116.655 Y113.23 E.02188
G1 X117.218 Y113.515 E.02083
G1 X117.608 Y113.844 E.01685
G1 X117.932 Y114.228 E.01659
G1 X118.183 Y114.697 E.01756
G1 X118.349 Y115.195 E.01733
G1 X118.409 Y115.749 E.0184
G1 X118.377 Y116.293 E.01799
G1 X118.221 Y116.855 E.01926
G1 X117.981 Y117.366 E.01864
G1 X117.611 Y117.851 E.02014
G1 X117.186 Y118.249 E.01922
G1 X116.618 Y118.586 E.02181
G1 X116.091 Y118.789 E.01865
G1 X115.5 Y118.887 E.01978
G1 X115.397 Y118.87 E.00345
G1 X115.283 Y119.244 F9000
;TYPE:External perimeter
;WIDTH:0.419999
G1 F900
G1 X114.814 Y119.166 E.01491
G1 X114.211 Y118.933 E.02027
G1 X113.748 Y118.669 E.01671
G1 X113.238 Y118.262 E.02046
G1 X112.803 Y117.733 E.02147
G1 X112.485 Y117.178 E.02006
G1 X112.285 Y116.55 E.02066
G1 X112.198 Y115.936 E.01944
G1 X112.243 Y115.304 E.01987
G1 X112.386 Y114.72 E.01885
G1 X112.652 Y114.17 E.01916
G1 X112.988 Y113.7 E.01811
G1 X113.447 Y113.284 E.01942
G1 X113.885 Y113.006 E.01627
G1 X114.587 Y112.759 E.02333
G1 X115.317 Y112.696 E.02297
G1 X116.05 Y112.704 E.02298
G1 X116.467 Y112.794 E.01338
G1 X116.975 Y112.946 E.01663
G1 X117.435 Y113.193 E.01637
G1 X117.881 Y113.57 E.01831
G1 X118.253 Y114.009 E.01804
G1 X118.538 Y114.543 E.01898
G1 X118.727 Y115.112 E.0188
G1 X118.802 Y115.936 E.02594
G1 X118.709 Y116.577 E.02031
G1 X118.515 Y117.178 E.0198
G1 X118.178 Y117.762 E.02114
G1 X117.762 Y118.262 E.02039
G1 X117.252 Y118.669 E.02046
G1 X116.789 Y118.933 E.01671
G1 X116.186 Y119.166 E.02027
G1 X115.5 Y119.279 E.0218
G1 X115.342 Y119.253 E.00502
G1 X115.149 Y118.117 F9000
;TYPE:Internal infill
;WIDTH:0.44
G1 F900
G1 X115.5 Y118.175 E.01175
G1 X116.203 Y118.007 E.02386
G1 X116.76 Y117.687 E.02121
G1 X117.224 Y117.224 E.02164
G1 X114.132 Y114.132 E.14438
G1 X114.817 Y113.833 E.02468
G1 X115.463 Y113.788 E.02138
G1 X115.929 Y113.793 E.01539
G1 X116.441 Y113.903 E.01729
G1 X116.868 Y114.132 E.016
G1 X113.776 Y117.224 E.14438
G1 X113.484 Y116.737 E.01875
G1 X113.318 Y116.179 E.01922
G1 X113.297 Y115.618 E.01854
G1 X113.463 Y114.974 E.02196
;LAYER_CHANGE
;Z:42.2
;HEIGHT:0.200001
;BEFORE_LAYER_CHANGE
G92 E0
;42.2


G1 E-3.5 F3600
;WIPE_START
G1 F7200
G1 X113.297 Y115.618 E-.3159
G1 X113.318 Y116.179 E-.26666
G1 X113.484 Y116.737 E-.27653
G1 X113.776 Y117.224 E-.26972
G1 X114.329 Y116.671 E-.37119
;WIPE_END
G1 Z42.2 F9000
;AFTER_LAYER_CHANGE
;42.2
G1 X115.595 Y118.467
G1 E5 F2400
;TYPE:Perimeter
;WIDTH:0.439999
G1 F900
G1 X115.207 Y118.403 E.01298
G1 X114.684 Y118.194 E.0186
G1 X114.255 Y117.931 E.01661
G1 X113.876 Y117.577 E.01712
G1 X113.56 Y117.16 E.01727
G1 X113.351 Y116.718 E.01614
G1 X113.215 Y116.229 E.01676
G1 X113.192 Y115.59 E.02111
G1 X113.325 Y114.985 E.02045
G1 X113.597 Y114.451 E.01979
G1 X113.98 Y114.018 E.01909
G1 X114.417 Y113.721 E.01745
G1 X114.953 Y113.531 E.01878
G1 X115.546 Y113.481 E.01965
G1 X116.163 Y113.487 E.02037
G1 X116.734 Y113.61 E.01929
G1 X117.196 Y113.845 E.01711
G1 X117.624 Y114.22 E.01879
G1 X117.955 Y114.708 E.01947
G1 X118.16 Y115.281 E.02009
G1 X118.212 Y115.737 E.01515
G1 X118.202 Y116.055 E.0105
G1 X118.111 Y116.548 E.01655
G1 X117.926 Y116.996 E.016
G1 X117.645 Y117.442 E.0174
G1 X117.26 Y117.833 E.01812
G1 X116.847 Y118.129 E.01678
G1 X116.353 Y118.348 E.01784
G1 X115.7 Y118.485 E.02203
G1 X115.654 Y118.477 E.00154
G1 X115.538 Y118.86 F9000
G1 F900
G1 X115.309 Y118.823 E.00766
G1 X114.877 Y118.709 E.01475
G1 X114.355 Y118.474 E.0189
G1 X113.845 Y118.103 E.02082
G1 X113.443 Y117.689 E.01905
G1 X113.122 Y117.179 E.0199
G1 X112.908 Y116.662 E.01847
G1 X112.803 Y116.094 E.01907
G1 X112.796 Y115.554 E.01783
G1 X112.904 Y115.013 E.01821
G1 X113.091 Y114.527 E.01719
G1 X113.367 Y114.099 E.01681
G1 X113.718 Y113.718 E.0171
G1 X114.249 Y113.359 E.02116
G1 X114.869 Y113.14 E.02171
G1 X115.531 Y113.083 E.02194
G1 X116.207 Y113.091 E.02232
G1 X116.855 Y113.23 E.02188
G1 X117.418 Y113.515 E.02083
G1 X117.808 Y113.844 E.01685
G1 X118.132 Y114.228 E.01659
G1 X118.383 Y114.697 E.01756
G1 X118.549 Y115.195 E.01733
G1 X118.609 Y115.749 E.0184
G1 X118.577 Y116.293 E.01799
G1 X118.421 Y116.855 E.01926
G1 X118.181 Y117.366 E.01864
G1 X117.811 Y117.851 E.02014
G1 X117.386 Y118.249 E.01922
G1 X116.818 Y118.586 E.02181
G1 X116.291 Y118.789 E.01865
G1 X115.7 Y118.887 E.01978
G1 X115.597 Y118.87 E.00345
G1 X115.483 Y119.244 F9000
;TYPE:External perimeter
;WIDTH:0.419999
G1 F900
G1 X115.014 Y119.166 E.01491
G1 X114.411 Y118.933 E.02027
G1 X113.948 Y118.669 E.01671
G1 X113.438 Y118.262 E.02046
G1 X113.003 Y117.733 E.02147
G1 X112.685 Y117.178 E.02006
G1 X112.485 Y116.55 E.02066
G1 X112.398 Y115.936 E.01944
G1 X112.443 Y115.304 E.01987
G1 X112.586 Y114.72 E.01885
G1 X112.852 Y114.17 E.01916
G1 X113.188 Y113.7 E.01811
G1 X113.647 Y113.284 E.01942
G1 X114.085 Y113.006 E.01627
G1 X114.787 Y112.759 E.02333
G1 X115.517 Y112.696 E.02297
G1 X116.25 Y112.704 E.02298
G1 X116.667 Y112.794 E.01338
G1 X117.175 Y112.946 E.01663
G1 X117.635 Y113.193 E.01637
G1 X118.081 Y113.57 E.01831
G1 X118.453 Y114.009 E.01804
G1 X118.738 Y114.543 E.01898
G1 X118.927 Y115.112 E.0188
G1 X119.002 Y115.936 E.02594
G1 X118.909 Y116.577 E.02031
G1 X118.715 Y117.178 E.0198
G1 X118.378 Y117.762 E.02114
G1 X117.962 Y118.262 E.02039
G1 X117.452 Y118.669 E.02046
G1 X116.989 Y118.933 E.01671
G1 X116.386 Y119.166 E.02027
G1 X115.7 Y119.279 E.0218
G1 X115.542 Y119.253 E.00502
G1 X115.777 Y117.646 F9000
;TYPE:Internal infill
;WIDTH:0.44
G1 F900
G1 X115.238 Y117.727 E.018
G1 X114.854 Y117.712 E.01269
G1 X114.816 Y117.918 E.00692
G1 X114.202 Y117.482 E.02486
G1 X113.894 Y117.106 E.01605
G1 X116.662 Y114.338 E.12925
G1 X116.853 Y114.499 E.00825
G1 X117.007 Y114.863 E.01305
G1 X117.174 Y115.397 E.01847
G1 X117.226 Y115.902 E.01676
G1 X117.161 Y116.304 E.01345
G1 X116.879 Y116.879 E.02115
G1 X114.219 Y114.219 E.1242
G1 X113.85 Y114.624 E.01809
G1 X113.614 Y115.089 E.01722
G1 X113.497 Y115.618 E.01789
G1 X113.564 Y116.379 E.02522
G1 E-3.5 F3600
;WIPE_START
G1 F7200
G1 X113.497 Y115.618 E-.36287
G1 X113.614 Y115.089 E-.25735
G1 X113.85 Y114.624 E-.24769
G1 X114.219 Y114.219 E-.26025
G1 X114.772 Y114.772 E-.37184
;WIPE_END
G1 X116.819 Y113.978 F9000
G1 E5 F2400
;TYPE:Solid infill
;WIDTH:0.464359
G1 F900
G1 X117.02 Y114.135 E.00894
;WIDTH:0.49205
G1 X117.22 Y114.291 E.00947
;WIDTH:0.541122
G1 X117.305 Y114.428 E.00668
;WIDTH:0.590193
G1 X117.391 Y114.565 E.00736
;WIDTH:0.639264
G1 X117.477 Y114.702 E.00802
;WIDTH:0.673051
G1 X117.58 Y114.976 E.01534
;WIDTH:0.706838
G1 X117.684 Y115.249 E.01613
;WIDTH:0.71162
G1 X117.757 Y115.858 E.0341
;WIDTH:0.71504
G1 X117.728 Y116.21 E.01974
G1 X117.582 Y116.699 E.02852
;WIDTH:0.705906
G1 X117.305 Y117.173 E.03027
;WIDTH:0.691076
G1 X116.893 Y117.598 E.0319
;WIDTH:0.660092
G1 X116.36 Y117.927 E.03214
;WIDTH:0.62003
G1 X116.098 Y118.03 E.01351
;WIDTH:0.596226
G1 X115.7 Y118.119 E.01876
;LAYER_CHANGE
;Z:42.4
;HEIGHT:0.200001
;BEFORE_LAYER_CHANGE
G92 E0
;42.4


G1 E-3.5 F3600
;WIPE_START
G1 F7200
G1 X116.098 Y118.03 E-.19372
G1 X116.36 Y117.927 E-.13372
G1 X116.893 Y117.598 E-.29752
G1 X117.305 Y117.173 E-.28116
G1 X117.582 Y116.699 E-.26078
G1 X117.728 Y116.21 E-.24241
G1 X117.744 Y116.02 E-.09069
;WIPE_END
G1 Z42.4 F9000
;AFTER_LAYER_CHANGE
;42.4
G1 X113.849 Y117.961
G1 E5 F2400
;TYPE:Perimeter
;WIDTH:0.439999
G1 F900
G1 X113.746 Y117.915 E.00372
G1 X113.298 Y117.421 E.02202
G1 X113.027 Y116.953 E.01786
G1 X112.856 Y116.425 E.01832
G1 X112.785 Y115.928 E.01658
G1 X112.815 Y115.434 E.01634
G1 X112.933 Y114.931 E.01706
G1 X113.224 Y114.351 E.02143
G1 X113.638 Y113.877 E.02078
G1 X114.142 Y113.534 E.02013
G1 X114.696 Y113.334 E.01945
G1 X115.231 Y113.283 E.01774
G1 X115.803 Y113.376 E.01913
G1 X116.304 Y113.597 E.01808
G1 X117.061 Y114.148 E.03091
G1 X117.273 Y114.385 E.0105
G1 X117.572 Y114.786 E.01652
G1 X117.763 Y115.312 E.01848
G1 X117.818 Y115.888 E.0191
G1 X117.724 Y116.48 E.01979
G1 X117.476 Y117.047 E.02043
G1 X117.198 Y117.42 E.01536
G1 X116.834 Y117.765 E.01656
G1 X116.422 Y118.018 E.01596
G1 X115.932 Y118.215 E.01744
G1 X115.391 Y118.304 E.0181
G1 X114.882 Y118.301 E.01681
G1 X114.354 Y118.188 E.01783
G1 X113.903 Y117.985 E.01633
G1 X113.662 Y118.317 F9000
G1 F900
G1 X113.509 Y118.24 E.00566
G1 X113.089 Y117.814 E.01975
G1 X112.743 Y117.266 E.0214
G1 X112.521 Y116.733 E.01906
G1 X112.406 Y116.123 E.0205
G1 X112.396 Y115.551 E.01889
G1 X112.51 Y114.968 E.01961
G1 X112.706 Y114.451 E.01826
G1 X113.014 Y113.973 E.01877
G1 X113.375 Y113.579 E.01764
G1 X113.819 Y113.263 E.01799
G1 X114.28 Y113.041 E.01689
G1 X114.758 Y112.922 E.01626
G1 X115.258 Y112.885 E.01655
G1 X115.917 Y112.992 E.02204
G1 X116.503 Y113.251 E.02115
G1 X117.329 Y113.851 E.03371
G1 X117.768 Y114.343 E.02177
G1 X117.974 Y114.715 E.01404
G1 X118.151 Y115.224 E.01779
G1 X118.216 Y115.9 E.02242
G1 X118.142 Y116.427 E.01757
G1 X117.984 Y116.928 E.01734
G1 X117.708 Y117.412 E.0184
G1 X117.361 Y117.833 E.01801
G1 X116.905 Y118.196 E.01924
G1 X116.41 Y118.468 E.01865
G1 X115.826 Y118.643 E.02013
G1 X115.248 Y118.714 E.01923
G1 X114.59 Y118.654 E.02182
G1 X114.044 Y118.508 E.01866
G1 X113.715 Y118.344 E.01214
G1 X113.482 Y118.66 F9000
;TYPE:External perimeter
;WIDTH:0.419999
G1 F900
G1 X113.278 Y118.558 E.00715
G1 X112.79 Y118.063 E.02179
G1 X112.4 Y117.446 E.02289
G1 X112.15 Y116.845 E.02041
G1 X112.021 Y116.163 E.02176
G1 X112.01 Y115.518 E.02023
G1 X112.138 Y114.863 E.02093
G1 X112.359 Y114.277 E.01964
G1 X112.707 Y113.737 E.02014
G1 X113.117 Y113.289 E.01904
G1 X113.622 Y112.93 E.01943
G1 X114.149 Y112.676 E.01834
G1 X114.76 Y112.53 E.0197
G1 X115.284 Y112.497 E.01646
G1 X116.028 Y112.618 E.02363
G1 X116.697 Y112.914 E.02294
G1 X117.59 Y113.562 E.03459
G1 X118.081 Y114.112 E.02312
G1 X118.353 Y114.615 E.01793
G1 X118.529 Y115.138 E.0173
G1 X118.597 Y115.705 E.01791
G1 X118.584 Y116.118 E.01296
G1 X118.478 Y116.7 E.01855
G1 X118.241 Y117.275 E.0195
G1 X117.915 Y117.794 E.01922
G1 X117.463 Y118.258 E.02031
G1 X116.953 Y118.63 E.01979
G1 X116.337 Y118.904 E.02114
G1 X115.707 Y119.064 E.02038
G1 X115.055 Y119.093 E.02046
G1 X114.525 Y119.036 E.01671
G1 X113.9 Y118.869 E.02028
G1 X113.535 Y118.686 E.0128
G1 X114.992 Y118 F9000
;TYPE:Internal infill
;WIDTH:0.44
G1 F900
G1 X115.547 Y117.984 E.01833
G1 X116.136 Y117.819 E.0202
G1 X116.648 Y117.522 E.01954
G1 X117.082 Y117.082 E.02041
G1 X113.99 Y113.99 E.14438
G1 X114.518 Y113.704 E.01983
G1 X115.211 Y113.589 E.02319
G1 X115.715 Y113.672 E.01686
G1 X116.15 Y113.864 E.0157
G1 X116.721 Y114.279 E.02331
G1 X113.634 Y117.366 E.14414
G1 X113.307 Y116.828 E.02079
G1 X113.123 Y116.223 E.02088
G1 X113.098 Y115.611 E.02022
G1 X113.198 Y115.118 E.01661
;LAYER_CHANGE
;Z:42.6
;HEIGHT:0.199997
;BEFORE_LAYER_CHANGE
G92 E0
;42.6


G1 E-3.5 F3600
;WIPE_START
G1 F7200
G1 X113.098 Y115.611 E-.23894
G1 X113.123 Y116.223 E-.29094
G1 X113.307 Y116.828 E-.30037
G1 X113.634 Y117.366 E-.29905
G1 X114.186 Y116.814 E-.3707
;WIPE_END
G1 Z42.6 F9000
;AFTER_LAYER_CHANGE
;42.6
G1 X112.645 Y116.317
G1 E5 F2400
;TYPE:Perimeter
;WIDTH:0.439999
G1 F900
G1 X112.587 Y115.928 E.01299
G1 X112.624 Y115.366 E.0186
G1 X112.741 Y114.877 E.0166
G1 X112.961 Y114.407 E.01713
G1 X113.259 Y113.978 E.01725
G1 X113.616 Y113.643 E.01616
G1 X114.039 Y113.362 E.01677
G1 X114.639 Y113.143 E.02109
G1 X115.255 Y113.082 E.02044
G1 X115.847 Y113.176 E.01979
G1 X116.378 Y113.406 E.01911
G1 X116.796 Y113.73 E.01746
G1 X117.142 Y114.181 E.01877
G1 X117.373 Y114.729 E.01964
G1 X117.557 Y115.318 E.02037
G1 X117.595 Y116.14 E.02717
G1 X117.441 Y116.678 E.01848
G1 X117.147 Y117.176 E.01909
G1 X116.723 Y117.6 E.0198
G1 X116.189 Y117.913 E.02044
G1 X115.745 Y118.051 E.01535
G1 X115.248 Y118.117 E.01655
G1 X114.765 Y118.079 E.016
G1 X114.254 Y117.95 E.0174
G1 X113.764 Y117.704 E.0181
G1 X113.354 Y117.403 E.01679
G1 X112.993 Y117.001 E.01784
G1 X112.661 Y116.422 E.02204
G1 X112.654 Y116.376 E.00154
G1 X112.254 Y116.384 F9000
G1 F900
G1 X112.219 Y116.155 E.00765
G1 X112.193 Y115.708 E.01478
G1 X112.256 Y115.14 E.01887
G1 X112.452 Y114.54 E.02084
G1 X112.721 Y114.03 E.01904
G1 X113.107 Y113.567 E.0199
G1 X113.532 Y113.203 E.01848
G1 X114.04 Y112.928 E.01907
G1 X114.551 Y112.755 E.01781
G1 X115.1 Y112.69 E.01825
G1 X115.619 Y112.718 E.01716
G1 X116.111 Y112.849 E.01681
G1 X116.582 Y113.064 E.01709
G1 X117.088 Y113.458 E.02117
G1 X117.488 Y113.98 E.02171
G1 X117.746 Y114.592 E.02193
G1 X117.948 Y115.238 E.02235
G1 X117.981 Y115.561 E.01072
G1 X117.999 Y116.079 E.01711
G1 X117.919 Y116.521 E.01483
G1 X117.726 Y116.993 E.01684
G1 X117.462 Y117.42 E.01658
G1 X117.093 Y117.803 E.01756
G1 X116.67 Y118.115 E.01735
G1 X116.163 Y118.344 E.01837
G1 X115.635 Y118.482 E.01802
G1 X115.052 Y118.507 E.01927
G1 X114.492 Y118.436 E.01864
G1 X113.916 Y118.234 E.02015
G1 X113.407 Y117.952 E.01921
G1 X112.91 Y117.517 E.02181
G1 X112.554 Y117.078 E.01866
G1 X112.279 Y116.547 E.01974
G1 X112.263 Y116.444 E.00344
G1 X111.873 Y116.45 F9000
;TYPE:External perimeter
;WIDTH:0.419999
G1 F900
G1 X111.801 Y115.98 E.01491
G1 X111.836 Y115.335 E.02025
G1 X111.945 Y114.813 E.01672
G1 X112.174 Y114.202 E.02046
G1 X112.542 Y113.625 E.02146
G1 X112.972 Y113.151 E.02007
G1 X113.508 Y112.767 E.02067
G1 X114.065 Y112.495 E.01944
G1 X114.68 Y112.342 E.01987
G1 X115.279 Y112.297 E.01883
G1 X115.885 Y112.38 E.01918
G1 X116.436 Y112.554 E.01812
G1 X116.973 Y112.863 E.01943
G1 X117.373 Y113.194 E.01628
G1 X117.825 Y113.784 E.0233
G1 X118.11 Y114.459 E.02297
G1 X118.329 Y115.159 E.023
G1 X118.373 Y115.584 E.0134
G1 X118.372 Y116.259 E.02116
G1 X118.224 Y116.818 E.01813
G1 X117.988 Y117.333 E.01776
G1 X117.632 Y117.813 E.01874
G1 X117.204 Y118.221 E.01854
G1 X116.674 Y118.547 E.01951
G1 X116.106 Y118.775 E.01919
G1 X115.468 Y118.885 E.0203
G1 X114.836 Y118.886 E.01982
G1 X114.177 Y118.746 E.02112
G1 X113.572 Y118.505 E.02042
G1 X113.028 Y118.146 E.02044
G1 X112.633 Y117.787 E.01674
G1 X112.225 Y117.285 E.02028
G1 X111.906 Y116.668 E.02178
G1 X111.882 Y116.51 E.00501
G1 X112.871 Y115.895 F9000
;TYPE:Solid infill
;WIDTH:0.391582
G1 F900
G1 X112.919 Y115.302 E.01725
;WIDTH:0.389329
G1 X113.062 Y114.843 E.01385
;WIDTH:0.369425
G1 X113.346 Y114.324 E.01606
;WIDTH:0.363077
G1 X113.564 Y114.05 E.00932
;WIDTH:0.40806
G1 X113.632 Y114.024 E.00221
;WIDTH:0.453042
G1 X113.701 Y113.998 E.00251
;WIDTH:0.498024
G1 X113.769 Y113.972 E.00275
;WIDTH:0.543006
G1 X113.837 Y113.946 E.00303
;WIDTH:0.587988
G1 X113.906 Y113.921 E.00333
;WIDTH:0.63297
G1 X113.974 Y113.895 E.00357
G1 X113.945 Y113.957 E.00336
;WIDTH:0.587988
G1 X113.915 Y114.019 E.00312
;WIDTH:0.543006
G1 X113.886 Y114.081 E.00285
;WIDTH:0.498024
G1 X113.857 Y114.144 E.00262
;WIDTH:0.453042
G1 X113.827 Y114.206 E.00235
;WIDTH:0.40806
G1 X113.798 Y114.268 E.00208
;WIDTH:0.363077
G1 X113.618 Y114.483 E.00746
;WIDTH:0.368929
G1 X113.348 Y115.01 E.01605
;WIDTH:0.374224
G1 X113.218 Y115.608 E.01686
;WIDTH:0.374743
G1 X113.244 Y116.24 E.01745
G1 X113.435 Y116.864 E.01801
G1 X113.695 Y117.313 E.01432
G1 X113.262 Y116.904 E.01643
G1 X112.938 Y116.363 E.0174
;WIDTH:0.384512
G1 X112.899 Y116.091 E.0078
G1 E-3.5 F3600
;WIPE_START
G1 F7200
G1 X112.938 Y116.363 E-.13052
G1 X113.262 Y116.904 E-.29954
G1 X113.695 Y117.313 E-.28292
G1 X113.435 Y116.864 E-.24645
G1 X113.244 Y116.24 E-.30997
G1 X113.224 Y115.755 E-.2306
;WIPE_END
G1 X113.974 Y113.895 F9000
G1 E5 F2400
;WIDTH:0.63297
G1 F900
G1 X114.399 Y113.638 E.02437
;WIDTH:0.594942
G1 X114.919 Y113.471 E.02507
;WIDTH:0.566416
G1 X115.364 Y113.453 E.01939
G1 E-3.5 F3600
;WIPE_START
G1 F7200
G1 X114.919 Y113.471 E-.21155
G1 X114.399 Y113.638 E-.25943
G1 X113.974 Y113.895 E-.23591
;WIPE_END
G1 E-.79311 F3600
G1 X113.664 Y116.442 F9000
G1 E5 F2400
;TYPE:Internal infill
;WIDTH:0.44
G1 F900
G1 X113.573 Y115.894 E.01834
G1 X113.621 Y115.365 E.01754
G1 X113.919 Y114.671 E.02494
G1 X114.279 Y114.279 E.01757
G1 X116.939 Y116.939 E.1242
G1 X117.16 Y116.557 E.01457
G1 X117.31 Y115.902 E.02219
G1 X117.256 Y115.38 E.01733
G1 X117.086 Y114.835 E.01885
G1 X116.783 Y114.217 E.02273
G1 X113.954 Y117.046 E.1321
G1 X114.18 Y117.372 E.0131
G1 X114.033 Y117.51 E.00666
G1 X114.36 Y117.663 E.01192
G1 X114.947 Y117.799 E.01989
G1 X115.759 Y117.735 E.02689
;LAYER_CHANGE
;Z:42.8
;HEIGHT:0.200001
;BEFORE_LAYER_CHANGE
G92 E0
;42.8


G1 E-3.5 F3600
;WIPE_START
G1 F7200
G1 X114.947 Y117.799 E-.3869
G1 X114.36 Y117.663 E-.28621
G1 X114.033 Y117.51 E-.17149
G1 X114.18 Y117.372 E-.09577
G1 X113.954 Y117.046 E-.18842
G1 X114.507 Y116.493 E-.37121
;WIPE_END
G1 Z42.8 F9000
;AFTER_LAYER_CHANGE
;42.8
G1 X112.915 Y116.515
G1 E5 F2400
;TYPE:Perimeter
;WIDTH:0.439999
G1 F900
G1 X112.861 Y116.422 E.00355
G1 X112.787 Y115.928 E.01649
G1 X112.824 Y115.366 E.0186
G1 X112.941 Y114.877 E.0166
G1 X113.161 Y114.407 E.01713
G1 X113.459 Y113.978 E.01725
G1 X113.816 Y113.643 E.01616
G1 X114.239 Y113.362 E.01677
G1 X114.839 Y113.143 E.02109
G1 X115.455 Y113.082 E.02044
G1 X116.047 Y113.176 E.01979
G1 X116.578 Y113.406 E.01911
G1 X116.996 Y113.73 E.01746
G1 X117.342 Y114.181 E.01877
G1 X117.573 Y114.729 E.01964
G1 X117.757 Y115.318 E.02037
G1 X117.795 Y116.14 E.02717
G1 X117.641 Y116.678 E.01848
G1 X117.347 Y117.176 E.01909
G1 X116.923 Y117.6 E.0198
G1 X116.389 Y117.913 E.02044
G1 X115.945 Y118.051 E.01535
G1 X115.448 Y118.117 E.01655
G1 X114.965 Y118.079 E.016
G1 X114.454 Y117.95 E.0174
G1 X113.964 Y117.704 E.0181
G1 X113.554 Y117.403 E.01679
G1 X113.193 Y117.001 E.01784
G1 X112.944 Y116.567 E.01652
G1 X112.554 Y116.692 F9000
G1 F900
G1 X112.479 Y116.547 E.00539
G1 X112.419 Y116.155 E.01309
G1 X112.393 Y115.708 E.01478
G1 X112.456 Y115.14 E.01887
G1 X112.652 Y114.54 E.02084
G1 X112.921 Y114.03 E.01904
G1 X113.307 Y113.567 E.0199
G1 X113.732 Y113.203 E.01848
G1 X114.24 Y112.928 E.01907
G1 X114.751 Y112.755 E.01781
G1 X115.3 Y112.69 E.01825
G1 X115.819 Y112.718 E.01716
G1 X116.311 Y112.849 E.01681
G1 X116.782 Y113.064 E.01709
G1 X117.288 Y113.458 E.02117
G1 X117.688 Y113.98 E.02171
G1 X117.946 Y114.592 E.02193
G1 X118.148 Y115.238 E.02235
G1 X118.181 Y115.561 E.01072
G1 X118.199 Y116.079 E.01711
G1 X118.119 Y116.521 E.01483
G1 X117.926 Y116.993 E.01684
G1 X117.662 Y117.42 E.01658
G1 X117.293 Y117.803 E.01756
G1 X116.87 Y118.115 E.01735
G1 X116.363 Y118.344 E.01837
G1 X115.835 Y118.482 E.01802
G1 X115.252 Y118.507 E.01927
G1 X114.692 Y118.436 E.01864
G1 X114.116 Y118.234 E.02015
G1 X113.607 Y117.952 E.01921
G1 X113.11 Y117.517 E.02181
G1 X112.754 Y117.078 E.01866
G1 X112.582 Y116.746 E.01235
G1 X112.207 Y116.863 F9000
;TYPE:External perimeter
;WIDTH:0.419999
G1 F900
G1 X112.106 Y116.668 E.00689
G1 X112.001 Y115.98 E.02182
G1 X112.036 Y115.335 E.02025
G1 X112.145 Y114.813 E.01672
G1 X112.374 Y114.202 E.02046
G1 X112.742 Y113.625 E.02146
G1 X113.172 Y113.151 E.02007
G1 X113.708 Y112.767 E.02067
G1 X114.265 Y112.495 E.01944
G1 X114.88 Y112.342 E.01987
G1 X115.479 Y112.297 E.01883
G1 X116.085 Y112.38 E.01918
G1 X116.636 Y112.554 E.01812
G1 X117.173 Y112.863 E.01943
G1 X117.573 Y113.194 E.01628
G1 X118.025 Y113.784 E.0233
G1 X118.31 Y114.459 E.02297
G1 X118.529 Y115.159 E.023
G1 X118.573 Y115.584 E.0134
G1 X118.572 Y116.259 E.02116
G1 X118.424 Y116.818 E.01813
G1 X118.188 Y117.333 E.01776
G1 X117.832 Y117.813 E.01874
G1 X117.404 Y118.221 E.01854
G1 X116.874 Y118.547 E.01951
G1 X116.306 Y118.775 E.01919
G1 X115.668 Y118.885 E.0203
G1 X115.036 Y118.886 E.01982
G1 X114.377 Y118.746 E.02112
G1 X113.772 Y118.505 E.02042
G1 X113.228 Y118.146 E.02044
G1 X112.833 Y117.787 E.01674
G1 X112.425 Y117.285 E.02028
G1 X112.234 Y116.917 E.013
G1 X113.117 Y116.071 F9000
;TYPE:Internal infill
;WIDTH:0.44
G1 F900
G1 X113.098 Y115.606 E.01537
G1 X113.23 Y114.977 E.02122
G1 X113.507 Y114.42 E.02054
G1 X113.937 Y113.937 E.02135
G1 X117.051 Y117.051 E.1454
G1 X117.36 Y116.557 E.01924
G1 X117.51 Y115.902 E.02219
G1 X117.456 Y115.38 E.01733
G1 X117.286 Y114.835 E.01885
G1 X117.075 Y114.336 E.01789
G1 X116.897 Y114.103 E.00968
G1 X113.795 Y117.205 E.14484
G1 X114.278 Y117.537 E.01935
G1 X114.852 Y117.75 E.02021
G1 X115.44 Y117.811 E.01952
G1 X116.021 Y117.719 E.01942
;LAYER_CHANGE
;Z:43
;HEIGHT:0.200001
;BEFORE_LAYER_CHANGE
G92 E0
;43


G1 E-3.5 F3600
;WIPE_START
G1 F7200
G1 X115.44 Y117.811 E-.27941
G1 X114.852 Y117.75 E-.2808
G1 X114.278 Y117.537 E-.29082
G1 X113.795 Y117.205 E-.2784
G1 X114.347 Y116.653 E-.37057
;WIPE_END
G1 Z43 F9000
;AFTER_LAYER_CHANGE
;43
G1 X112.65 Y114.684
G1 E5 F2400
;TYPE:Perimeter
;WIDTH:0.439999
G1 F900
G1 X112.661 Y114.578 E.00352
G1 X112.993 Y113.999 E.02204
G1 X113.354 Y113.597 E.01784
G1 X113.804 Y113.271 E.01835
G1 X114.254 Y113.05 E.01655
G1 X114.732 Y112.926 E.0163
G1 X115.315 Y112.89 E.01929
G1 X115.89 Y112.981 E.01922
G1 X116.468 Y113.228 E.02075
G1 X116.95 Y113.6 E.0201
G1 X117.311 Y114.066 E.01946
G1 X117.536 Y114.589 E.0188
G1 X117.597 Y115.139 E.01827
G1 X117.568 Y115.647 E.0168
G1 X117.269 Y116.567 E.03194
G1 X117.109 Y116.842 E.0105
G1 X116.819 Y117.25 E.01653
G1 X116.378 Y117.594 E.01847
G1 X115.847 Y117.824 E.01911
G1 X115.256 Y117.918 E.01976
G1 X114.639 Y117.857 E.02047
G1 X114.199 Y117.708 E.01534
G1 X113.758 Y117.469 E.01656
G1 X113.39 Y117.155 E.01597
G1 X113.052 Y116.75 E.01742
G1 X112.8 Y116.263 E.0181
G1 X112.645 Y115.778 E.01681
G1 X112.59 Y115.241 E.01782
G1 X112.643 Y114.744 E.0165
G1 X112.254 Y114.616 F9000
G1 F900
G1 X112.279 Y114.453 E.00544
G1 X112.554 Y113.922 E.01974
G1 X112.968 Y113.424 E.02138
G1 X113.407 Y113.048 E.01908
G1 X113.951 Y112.75 E.02048
G1 X114.492 Y112.564 E.01889
G1 X115.078 Y112.497 E.01947
G1 X115.636 Y112.519 E.01844
G1 X116.184 Y112.664 E.01872
G1 X116.67 Y112.885 E.01763
G1 X117.107 Y113.209 E.01796
G1 X117.462 Y113.58 E.01695
G1 X117.725 Y114.004 E.01647
G1 X117.919 Y114.479 E.01694
G1 X117.998 Y115.295 E.02707
G1 X117.954 Y115.741 E.0148
G1 X117.633 Y116.73 E.03433
G1 X117.302 Y117.3 E.02176
G1 X116.857 Y117.748 E.02085
G1 X116.423 Y118.017 E.01686
G1 X115.959 Y118.206 E.01654
G1 X115.435 Y118.3 E.01758
G1 X114.91 Y118.303 E.01733
G1 X114.364 Y118.19 E.01841
G1 X113.856 Y117.991 E.01801
G1 X113.37 Y117.669 E.01925
G1 X112.959 Y117.283 E.01862
G1 X112.611 Y116.781 E.02017
G1 X112.365 Y116.254 E.0192
G1 X112.219 Y115.61 E.0218
G1 X112.189 Y115.045 E.01868
G1 X112.245 Y114.675 E.01236
G1 X111.873 Y114.55 F9000
;TYPE:External perimeter
;WIDTH:0.419999
G1 F900
G1 X111.906 Y114.332 E.00691
G1 X112.225 Y113.715 E.02178
G1 X112.633 Y113.213 E.02028
G1 X113.028 Y112.854 E.01674
G1 X113.572 Y112.495 E.02044
G1 X114.211 Y112.244 E.02153
G1 X114.833 Y112.115 E.01992
G1 X115.341 Y112.105 E.01593
G1 X115.912 Y112.183 E.01807
G1 X116.499 Y112.365 E.01927
G1 X117.044 Y112.671 E.0196
G1 X117.506 Y113.045 E.01864
G1 X117.886 Y113.517 E.019
G1 X118.163 Y114.012 E.01779
G1 X118.323 Y114.518 E.01664
G1 X118.385 Y115.285 E.02413
G1 X118.331 Y115.833 E.01727
G1 X117.988 Y116.889 E.03481
G1 X117.618 Y117.526 E.0231
G1 X117.377 Y117.802 E.01149
G1 X116.928 Y118.168 E.01816
G1 X116.436 Y118.446 E.01772
G1 X115.865 Y118.624 E.01875
G1 X115.279 Y118.703 E.01854
G1 X114.659 Y118.655 E.0195
G1 X114.065 Y118.505 E.01921
G1 X113.484 Y118.219 E.0203
G1 X112.972 Y117.849 E.01981
G1 X112.521 Y117.348 E.02114
G1 X112.174 Y116.798 E.02039
G1 X111.945 Y116.187 E.02046
G1 X111.836 Y115.665 E.01672
G1 X111.801 Y115.02 E.02025
G1 X111.864 Y114.609 E.01304
G1 X112.97 Y115.806 F9000
;TYPE:Internal infill
;WIDTH:0.44
G1 F900
G1 X112.893 Y115.092 E.02371
G1 X112.956 Y114.673 E.01399
G1 X113.333 Y114.056 E.02387
G1 X113.707 Y113.707 E.01689
G1 X116.787 Y116.787 E.14382
G1 X116.988 Y116.441 E.01321
G1 X117.297 Y115.408 E.0356
G1 X117.242 Y114.673 E.02434
G1 X116.939 Y114.061 E.02255
G1 X113.849 Y117.151 E.14428
G1 X114.44 Y117.48 E.02233
G1 X114.978 Y117.602 E.01821
G1 X115.509 Y117.587 E.01754
G1 X116.094 Y117.396 E.02032
;LAYER_CHANGE
;Z:43.2
;HEIGHT:0.200001
;BEFORE_LAYER_CHANGE
G92 E0
;43.2


G1 E-3.5 F3600
;WIPE_START
G1 F7200
G1 X115.509 Y117.587 E-.29231
G1 X114.978 Y117.602 E-.25233
G1 X114.44 Y117.48 E-.26204
G1 X113.849 Y117.151 E-.32129
G1 X114.403 Y116.597 E-.37203
;WIPE_END
G1 Z43.2 F9000
;AFTER_LAYER_CHANGE
;43.2
G1 X112.85 Y114.684
G1 E5 F2400
;TYPE:Perimeter
;WIDTH:0.439999
G1 F900
G1 X112.861 Y114.578 E.00352
G1 X113.193 Y113.999 E.02204
G1 X113.554 Y113.597 E.01784
G1 X114.004 Y113.271 E.01835
G1 X114.454 Y113.05 E.01655
G1 X114.932 Y112.926 E.0163
G1 X115.515 Y112.89 E.01929
G1 X116.09 Y112.981 E.01922
G1 X116.668 Y113.228 E.02075
G1 X117.15 Y113.6 E.0201
G1 X117.511 Y114.066 E.01946
G1 X117.736 Y114.589 E.0188
G1 X117.797 Y115.139 E.01827
G1 X117.768 Y115.647 E.0168
G1 X117.469 Y116.567 E.03194
G1 X117.309 Y116.842 E.0105
G1 X117.019 Y117.25 E.01653
G1 X116.578 Y117.594 E.01847
G1 X116.047 Y117.824 E.01911
G1 X115.456 Y117.918 E.01976
G1 X114.839 Y117.857 E.02047
G1 X114.399 Y117.708 E.01534
G1 X113.958 Y117.469 E.01656
G1 X113.59 Y117.155 E.01597
G1 X113.252 Y116.75 E.01742
G1 X113 Y116.263 E.0181
G1 X112.845 Y115.778 E.01681
G1 X112.79 Y115.241 E.01782
G1 X112.843 Y114.744 E.0165
G1 X112.454 Y114.616 F9000
G1 F900
G1 X112.479 Y114.453 E.00544
G1 X112.754 Y113.922 E.01974
G1 X113.168 Y113.424 E.02138
G1 X113.607 Y113.048 E.01908
G1 X114.151 Y112.75 E.02048
G1 X114.692 Y112.564 E.01889
G1 X115.278 Y112.497 E.01947
G1 X115.836 Y112.519 E.01844
G1 X116.384 Y112.664 E.01872
G1 X116.87 Y112.885 E.01763
G1 X117.307 Y113.209 E.01796
G1 X117.662 Y113.58 E.01695
G1 X117.925 Y114.004 E.01647
G1 X118.119 Y114.479 E.01694
G1 X118.198 Y115.295 E.02707
G1 X118.154 Y115.741 E.0148
G1 X117.833 Y116.73 E.03433
G1 X117.502 Y117.3 E.02176
G1 X117.057 Y117.748 E.02085
G1 X116.623 Y118.017 E.01686
G1 X116.159 Y118.206 E.01654
G1 X115.635 Y118.3 E.01758
G1 X115.11 Y118.303 E.01733
G1 X114.564 Y118.19 E.01841
G1 X114.056 Y117.991 E.01801
G1 X113.57 Y117.669 E.01925
G1 X113.159 Y117.283 E.01862
G1 X112.811 Y116.781 E.02017
G1 X112.565 Y116.254 E.0192
G1 X112.419 Y115.61 E.0218
G1 X112.389 Y115.045 E.01868
G1 X112.445 Y114.675 E.01236
G1 X112.073 Y114.55 F9000
;TYPE:External perimeter
;WIDTH:0.419999
G1 F900
G1 X112.106 Y114.332 E.00691
G1 X112.425 Y113.715 E.02178
G1 X112.833 Y113.213 E.02028
G1 X113.228 Y112.854 E.01674
G1 X113.772 Y112.495 E.02044
G1 X114.411 Y112.244 E.02153
G1 X115.033 Y112.115 E.01992
G1 X115.541 Y112.105 E.01593
G1 X116.112 Y112.183 E.01807
G1 X116.699 Y112.365 E.01927
G1 X117.244 Y112.671 E.0196
G1 X117.706 Y113.045 E.01864
G1 X118.086 Y113.517 E.019
G1 X118.363 Y114.012 E.01779
G1 X118.523 Y114.518 E.01664
G1 X118.585 Y115.285 E.02413
G1 X118.531 Y115.833 E.01727
G1 X118.188 Y116.889 E.03481
G1 X117.818 Y117.526 E.0231
G1 X117.577 Y117.802 E.01149
G1 X117.128 Y118.168 E.01816
G1 X116.636 Y118.446 E.01772
G1 X116.065 Y118.624 E.01875
G1 X115.479 Y118.703 E.01854
G1 X114.859 Y118.655 E.0195
G1 X114.265 Y118.505 E.01921
G1 X113.684 Y118.219 E.0203
G1 X113.172 Y117.849 E.01981
G1 X112.721 Y117.348 E.02114
G1 X112.374 Y116.798 E.02039
G1 X112.145 Y116.187 E.02046
G1 X112.036 Y115.665 E.01672
G1 X112.001 Y115.02 E.02025
G1 X112.064 Y114.609 E.01304
G1 X113.208 Y115.943 F9000
;TYPE:Internal infill
;WIDTH:0.44
G1 F900
G1 X113.098 Y115.394 E.01849
G1 X113.156 Y114.673 E.02388
G1 X113.351 Y114.298 E.01396
G1 X113.795 Y113.795 E.02215
G1 X116.91 Y116.91 E.14545
G1 X117.188 Y116.441 E.018
G1 X117.497 Y115.408 E.0356
G1 X117.442 Y114.673 E.02434
G1 X117.247 Y114.221 E.01625
G1 X117.051 Y113.949 E.01107
G1 X113.937 Y117.063 E.1454
G1 X114.38 Y117.366 E.01772
G1 X114.907 Y117.559 E.01853
G1 X115.446 Y117.611 E.01788
G1 X116.166 Y117.457 E.02431
;LAYER_CHANGE
;Z:43.4
;HEIGHT:0.200001
;BEFORE_LAYER_CHANGE
G92 E0
;43.4


G1 E-3.5 F3600
;WIPE_START
G1 F7200
G1 X115.446 Y117.611 E-.34974
G1 X114.907 Y117.559 E-.25721
G1 X114.38 Y117.366 E-.26658
G1 X113.937 Y117.063 E-.25494
G1 X114.49 Y116.51 E-.37153
;WIPE_END
G1 Z43.4 F9000
;AFTER_LAYER_CHANGE
;43.4
G1 X113.674 Y113.165
G1 E5 F2400
;TYPE:Perimeter
;WIDTH:0.439999
G1 F900
G1 X113.746 Y113.085 E.00355
G1 X114.354 Y112.812 E.02201
G1 X114.877 Y112.7 E.01766
G1 X115.436 Y112.7 E.01846
G1 X115.932 Y112.785 E.01662
G1 X116.393 Y112.967 E.01636
G1 X116.834 Y113.235 E.01704
G1 X117.296 Y113.691 E.02143
G1 X117.619 Y114.231 E.02078
G1 X117.79 Y114.816 E.02012
G1 X117.814 Y115.249 E.01432
G1 X117.782 Y115.567 E.01055
G1 X117.643 Y116.05 E.01659
G1 X117.409 Y116.44 E.01502
G1 X117.086 Y116.834 E.01682
G1 X116.304 Y117.403 E.03193
G1 X116.013 Y117.531 E.0105
G1 X115.539 Y117.691 E.01652
G1 X114.98 Y117.71 E.01847
G1 X114.415 Y117.585 E.01911
G1 X113.881 Y117.312 E.0198
G1 X113.418 Y116.901 E.02044
G1 X113.15 Y116.522 E.01533
G1 X112.933 Y116.069 E.01658
G1 X112.82 Y115.598 E.01599
G1 X112.785 Y115.072 E.01741
G1 X112.867 Y114.529 E.01813
G1 X113.027 Y114.047 E.01677
G1 X113.298 Y113.579 E.01786
G1 X113.634 Y113.209 E.0165
G1 X113.394 Y112.877 F9000
G1 F900
G1 X113.509 Y112.76 E.00542
G1 X113.863 Y112.582 E.01308
G1 X114.28 Y112.42 E.01477
G1 X114.837 Y112.304 E.01879
G1 X115.468 Y112.305 E.02083
G1 X116.039 Y112.402 E.01912
G1 X116.599 Y112.626 E.01991
G1 X117.076 Y112.919 E.01848
G1 X117.494 Y113.316 E.01903
G1 X117.818 Y113.749 E.01786
G1 X118.048 Y114.25 E.0182
G1 X118.183 Y114.753 E.0172
G1 X118.21 Y115.262 E.01683
G1 X118.151 Y115.776 E.01708
G1 X117.932 Y116.379 E.02118
G1 X117.641 Y116.802 E.01695
G1 X117.344 Y117.138 E.01481
G1 X116.503 Y117.749 E.03432
G1 X115.9 Y118.015 E.02176
G1 X115.277 Y118.116 E.02084
G1 X114.768 Y118.079 E.01685
G1 X114.28 Y117.959 E.01659
G1 X113.802 Y117.727 E.01754
G1 X113.375 Y117.421 E.01734
G1 X113 Y117.009 E.01839
G1 X112.706 Y116.549 E.01803
G1 X112.502 Y116.003 E.01924
G1 X112.396 Y115.449 E.01862
G1 X112.41 Y114.839 E.02015
G1 X112.521 Y114.267 E.01924
G1 X112.781 Y113.66 E.0218
G1 X113.089 Y113.186 E.01866
G1 X113.352 Y112.919 E.01237
G1 X113.124 Y112.599 F9000
;TYPE:External perimeter
;WIDTH:0.419999
G1 F900
G1 X113.278 Y112.442 E.0069
G1 X113.69 Y112.236 E.01444
G1 X114.167 Y112.049 E.01606
G1 X114.798 Y111.918 E.02021
G1 X115.5 Y111.919 E.02201
G1 X116.144 Y112.029 E.02048
G1 X116.772 Y112.28 E.0212
G1 X117.312 Y112.611 E.01986
G1 X117.783 Y113.059 E.02038
G1 X118.151 Y113.551 E.01926
G1 X118.412 Y114.119 E.0196
G1 X118.566 Y114.692 E.0186
G1 X118.591 Y115.48 E.02472
G1 X118.463 Y116.086 E.01942
G1 X118.272 Y116.569 E.01629
G1 X117.96 Y117.022 E.01725
G1 X117.595 Y117.434 E.01726
G1 X116.697 Y118.086 E.03479
G1 X116.022 Y118.384 E.02313
G1 X115.666 Y118.466 E.01145
G1 X115.088 Y118.498 E.01815
G1 X114.526 Y118.433 E.01774
G1 X113.959 Y118.242 E.01876
G1 X113.439 Y117.961 E.01853
G1 X112.965 Y117.558 E.01951
G1 X112.572 Y117.088 E.01921
G1 X112.271 Y116.515 E.02029
G1 X112.075 Y115.914 E.01982
G1 X112.004 Y115.244 E.02112
G1 X112.046 Y114.595 E.02039
G1 X112.22 Y113.967 E.02043
G1 X112.439 Y113.48 E.01674
G1 X112.79 Y112.937 E.02027
G1 X113.082 Y112.642 E.01301
G1 E-3.5 F3600
;WIPE_START
G1 F7200
G1 X113.124 Y112.599 E-.02855
G1 X113.278 Y112.442 E-.10446
G1 X113.69 Y112.236 E-.2188
G1 X114.167 Y112.049 E-.24336
G1 X114.798 Y111.918 E-.30612
G1 X115.5 Y111.919 E-.33345
G1 X116.05 Y112.013 E-.26526
;WIPE_END
G1 X115.823 Y113.075 F9000
G1 E5 F2400
;TYPE:Internal infill
;WIDTH:0.44
G1 F900
G1 X115.389 Y113.003 E.01453
G1 X114.595 Y113.058 E.02628
G1 X113.928 Y113.336 E.02386
G1 X113.634 Y113.634 E.01382
G1 X116.721 Y116.721 E.14414
G1 X116.15 Y117.136 E.02331
G1 X115.489 Y117.388 E.02336
G1 X114.762 Y117.367 E.02401
G1 X114.281 Y117.194 E.01688
G1 X113.99 Y117.01 E.01137
G1 X117.082 Y113.918 E.14438
G1 X117.43 Y114.606 E.02546
G1 X117.512 Y115.121 E.01722
G1 X117.464 Y115.621 E.01658
G1 X117.236 Y116.152 E.01908
;LAYER_CHANGE
;Z:43.6
;HEIGHT:0.199997
;BEFORE_LAYER_CHANGE
G92 E0
;43.6


G1 E-3.5 F3600
;WIPE_START
G1 F7200
G1 X117.464 Y115.621 E-.27449
G1 X117.512 Y115.121 E-.23859
G1 X117.43 Y114.606 E-.24771
G1 X117.082 Y113.918 E-.36623
G1 X116.527 Y114.473 E-.37298
;WIPE_END
G1 Z43.6 F9000
;AFTER_LAYER_CHANGE
;43.6
G1 X115.605 Y112.533
G1 E5 F2400
;TYPE:Perimeter
;WIDTH:0.439999
G1 F900
G1 X115.993 Y112.597 E.01298
G1 X116.516 Y112.806 E.0186
G1 X116.945 Y113.069 E.01661
G1 X117.322 Y113.421 E.01703
G1 X117.64 Y113.84 E.01737
G1 X117.849 Y114.282 E.01614
G1 X117.985 Y114.771 E.01676
G1 X118.008 Y115.41 E.02111
G1 X117.875 Y116.015 E.02045
G1 X117.603 Y116.549 E.01979
G1 X117.307 Y116.896 E.01506
G1 X116.911 Y117.205 E.01658
G1 X116.491 Y117.382 E.01505
G1 X115.999 Y117.512 E.0168
G1 X115.032 Y117.512 E.03193
G1 X114.721 Y117.445 E.0105
G1 X114.244 Y117.295 E.01651
G1 X113.78 Y116.982 E.01848
G1 X113.397 Y116.549 E.01909
G1 X113.125 Y116.015 E.01979
G1 X112.992 Y115.41 E.02045
G1 X112.998 Y114.945 E.01535
G1 X113.089 Y114.452 E.01655
G1 X113.274 Y114.004 E.016
G1 X113.555 Y113.558 E.0174
G1 X113.94 Y113.167 E.01812
G1 X114.353 Y112.871 E.01678
G1 X114.847 Y112.652 E.01784
G1 X115.5 Y112.515 E.02203
G1 X115.546 Y112.523 E.00154
G1 X115.662 Y112.14 F9000
G1 F900
G1 X116.091 Y112.211 E.01436
G1 X116.692 Y112.45 E.02135
G1 X117.186 Y112.751 E.0191
G1 X117.637 Y113.177 E.02048
G1 X117.981 Y113.634 E.01889
G1 X118.232 Y114.173 E.01963
G1 X118.377 Y114.707 E.01827
G1 X118.404 Y115.446 E.02442
G1 X118.296 Y115.987 E.01821
G1 X118.109 Y116.473 E.01719
G1 X117.833 Y116.901 E.01681
G1 X117.482 Y117.282 E.0171
G1 X116.951 Y117.641 E.02116
G1 X116.467 Y117.812 E.01695
G1 X116.029 Y117.909 E.01481
G1 X114.99 Y117.909 E.0343
G1 X114.345 Y117.77 E.02179
G1 X113.782 Y117.485 E.02083
G1 X113.392 Y117.156 E.01685
G1 X113.068 Y116.772 E.01659
G1 X112.817 Y116.303 E.01756
G1 X112.651 Y115.805 E.01733
G1 X112.591 Y115.251 E.0184
G1 X112.623 Y114.707 E.01799
G1 X112.779 Y114.145 E.01926
G1 X113.019 Y113.634 E.01864
G1 X113.389 Y113.149 E.02014
G1 X113.814 Y112.751 E.01922
G1 X114.382 Y112.414 E.02181
G1 X114.909 Y112.211 E.01865
G1 X115.5 Y112.113 E.01978
G1 X115.603 Y112.13 E.00345
G1 X115.717 Y111.756 F9000
;TYPE:External perimeter
;WIDTH:0.419999
G1 F900
G1 X116.186 Y111.834 E.01491
G1 X116.864 Y112.103 E.02287
G1 X117.42 Y112.442 E.02042
G1 X117.925 Y112.919 E.02178
G1 X118.313 Y113.434 E.02022
G1 X118.595 Y114.039 E.02093
G1 X118.76 Y114.644 E.01966
G1 X118.796 Y115.262 E.01941
G1 X118.757 Y115.696 E.01366
G1 X118.614 Y116.28 E.01885
G1 X118.348 Y116.83 E.01916
G1 X118.012 Y117.3 E.01811
G1 X117.553 Y117.716 E.01942
G1 X117.115 Y117.994 E.01627
G1 X116.595 Y118.177 E.01728
G1 X116.058 Y118.296 E.01725
G1 X114.948 Y118.296 E.0348
G1 X114.228 Y118.14 E.0231
G1 X113.891 Y117.997 E.01148
G1 X113.404 Y117.683 E.01817
G1 X112.988 Y117.3 E.01773
G1 X112.642 Y116.813 E.01873
G1 X112.386 Y116.28 E.01854
G1 X112.24 Y115.675 E.01951
G1 X112.198 Y115.064 E.0192
G1 X112.291 Y114.423 E.02031
G1 X112.485 Y113.822 E.0198
G1 X112.822 Y113.238 E.02114
G1 X113.238 Y112.738 E.02039
G1 X113.748 Y112.331 E.02046
G1 X114.211 Y112.067 E.01671
G1 X114.814 Y111.834 E.02027
G1 X115.5 Y111.721 E.0218
G1 X115.658 Y111.747 E.00502
G1 X115.851 Y112.883 F9000
;TYPE:Internal infill
;WIDTH:0.44
G1 F900
G1 X115.5 Y112.825 E.01175
G1 X114.797 Y112.993 E.02386
G1 X114.24 Y113.313 E.02121
G1 X113.776 Y113.776 E.02164
G1 X116.868 Y116.868 E.14438
G1 X116.143 Y117.181 E.02607
G1 X115.064 Y117.206 E.03564
G1 X114.559 Y117.097 E.01706
G1 X114.132 Y116.868 E.016
G1 X117.224 Y113.776 E.14438
G1 X117.516 Y114.263 E.01875
G1 X117.682 Y114.821 E.01922
G1 X117.703 Y115.382 E.01854
G1 X117.537 Y116.026 E.02196
;LAYER_CHANGE
;Z:43.8
;HEIGHT:0.200001
;BEFORE_LAYER_CHANGE
G92 E0
;43.8


G1 E-3.5 F3600
;WIPE_START
G1 F7200
G1 X117.703 Y115.382 E-.3159
G1 X117.682 Y114.821 E-.26666
G1 X117.516 Y114.263 E-.27653
G1 X117.224 Y113.776 E-.26972
G1 X116.671 Y114.329 E-.37119
;WIPE_END
G1 Z43.8 F9000
;AFTER_LAYER_CHANGE
;43.8
G1 X115.405 Y112.533
G1 E5 F2400
;TYPE:Perimeter
;WIDTH:0.439999
G1 F900
G1 X115.793 Y112.597 E.01298
G1 X116.316 Y112.806 E.0186
G1 X116.745 Y113.069 E.01661
G1 X117.122 Y113.421 E.01703
G1 X117.44 Y113.84 E.01737
G1 X117.649 Y114.282 E.01614
G1 X117.785 Y114.771 E.01676
G1 X117.808 Y115.41 E.02111
G1 X117.675 Y116.015 E.02045
G1 X117.403 Y116.549 E.01979
G1 X117.107 Y116.896 E.01506
G1 X116.711 Y117.205 E.01658
G1 X116.291 Y117.382 E.01505
G1 X115.799 Y117.512 E.0168
G1 X114.832 Y117.512 E.03193
G1 X114.521 Y117.445 E.0105
G1 X114.044 Y117.295 E.01651
G1 X113.58 Y116.982 E.01848
G1 X113.197 Y116.549 E.01909
G1 X112.925 Y116.015 E.01979
G1 X112.792 Y115.41 E.02045
G1 X112.798 Y114.945 E.01535
G1 X112.889 Y114.452 E.01655
G1 X113.074 Y114.004 E.016
G1 X113.355 Y113.558 E.0174
G1 X113.74 Y113.167 E.01812
G1 X114.153 Y112.871 E.01678
G1 X114.647 Y112.652 E.01784
G1 X115.3 Y112.515 E.02203
G1 X115.346 Y112.523 E.00154
G1 X115.376 Y112.125 F9000
G1 F900
G1 X115.891 Y112.211 E.01724
G1 X116.492 Y112.45 E.02135
G1 X116.986 Y112.751 E.0191
G1 X117.437 Y113.177 E.02048
G1 X117.781 Y113.634 E.01889
G1 X118.032 Y114.173 E.01963
G1 X118.177 Y114.707 E.01827
G1 X118.204 Y115.446 E.02442
G1 X118.096 Y115.987 E.01821
G1 X117.909 Y116.473 E.01719
G1 X117.633 Y116.901 E.01681
G1 X117.282 Y117.282 E.0171
G1 X116.751 Y117.641 E.02116
G1 X116.267 Y117.812 E.01695
G1 X115.829 Y117.909 E.01481
G1 X114.79 Y117.909 E.0343
G1 X114.145 Y117.77 E.02179
G1 X113.582 Y117.485 E.02083
G1 X113.192 Y117.156 E.01685
G1 X112.868 Y116.772 E.01659
G1 X112.617 Y116.303 E.01756
G1 X112.451 Y115.805 E.01733
G1 X112.391 Y115.251 E.0184
G1 X112.423 Y114.707 E.01799
G1 X112.579 Y114.145 E.01926
G1 X112.819 Y113.634 E.01864
G1 X113.189 Y113.149 E.02014
G1 X113.614 Y112.751 E.01922
G1 X114.182 Y112.414 E.02181
G1 X114.709 Y112.211 E.01865
G1 X115.3 Y112.113 E.01978
G1 X115.317 Y112.116 E.00057
G1 X115.407 Y111.738 F9000
;TYPE:External perimeter
;WIDTH:0.419999
G1 F900
G1 X115.986 Y111.834 E.0184
G1 X116.664 Y112.103 E.02287
G1 X117.22 Y112.442 E.02042
G1 X117.725 Y112.919 E.02178
G1 X118.113 Y113.434 E.02022
G1 X118.395 Y114.039 E.02093
G1 X118.56 Y114.644 E.01966
G1 X118.596 Y115.262 E.01941
G1 X118.557 Y115.696 E.01366
G1 X118.414 Y116.28 E.01885
G1 X118.148 Y116.83 E.01916
G1 X117.812 Y117.3 E.01811
G1 X117.353 Y117.716 E.01942
G1 X116.915 Y117.994 E.01627
G1 X116.395 Y118.177 E.01728
G1 X115.858 Y118.296 E.01725
G1 X114.748 Y118.296 E.0348
G1 X114.028 Y118.14 E.0231
G1 X113.691 Y117.997 E.01148
G1 X113.204 Y117.683 E.01817
G1 X112.788 Y117.3 E.01773
G1 X112.442 Y116.813 E.01873
G1 X112.186 Y116.28 E.01854
G1 X112.04 Y115.675 E.01951
G1 X111.998 Y115.064 E.0192
G1 X112.091 Y114.423 E.02031
G1 X112.285 Y113.822 E.0198
G1 X112.622 Y113.238 E.02114
G1 X113.038 Y112.738 E.02039
G1 X113.548 Y112.331 E.02046
G1 X114.011 Y112.067 E.01671
G1 X114.614 Y111.834 E.02027
G1 X115.3 Y111.721 E.0218
G1 X115.348 Y111.728 E.00152
G1 X115.788 Y112.919 F9000
;TYPE:Internal infill
;WIDTH:0.44
G1 F900
G1 X115.3 Y112.825 E.01641
G1 X114.597 Y112.993 E.02386
G1 X114.04 Y113.313 E.02121
G1 X113.667 Y113.667 E.01698
G1 X116.781 Y116.781 E.1454
G1 X116.454 Y117.001 E.01301
G1 X115.777 Y117.206 E.02336
G1 X114.864 Y117.206 E.03014
G1 X114.359 Y117.097 E.01706
G1 X114.053 Y116.947 E.01125
G1 X117.106 Y113.894 E.14256
G1 X117.417 Y114.539 E.02364
G1 X117.51 Y115.103 E.01887
G1 X117.461 Y115.653 E.01823
G1 X117.28 Y116.157 E.01768
;LAYER_CHANGE
;Z:44
;HEIGHT:0.200001
;BEFORE_LAYER_CHANGE
G92 E0
;44


G1 E-3.5 F3600
;WIPE_START
G1 F7200
G1 X117.461 Y115.653 E-.25437
G1 X117.51 Y115.103 E-.26228
G1 X117.417 Y114.539 E-.27152
G1 X117.106 Y113.894 E-.34013
G1 X116.553 Y114.447 E-.3717
;WIPE_END
G1 Z44 F9000
;AFTER_LAYER_CHANGE
;44
G1 X117.329 Y113.161
G1 E5 F2400
;TYPE:Perimeter
;WIDTH:0.439999
G1 F900
G1 X117.487 Y113.321 E.00742
G1 X117.804 Y113.726 E.01698
G1 X118.045 Y114.241 E.01877
G1 X118.179 Y114.726 E.01661
G1 X118.208 Y115.415 E.02277
G1 X118.116 Y115.895 E.01614
G1 X117.938 Y116.371 E.01678
G1 X117.582 Y116.901 E.02108
G1 X117.119 Y117.312 E.02044
G1 X116.585 Y117.585 E.0198
G1 X116.02 Y117.71 E.01911
G1 X115.492 Y117.694 E.01744
G1 X114.947 Y117.532 E.01877
G1 X114.438 Y117.224 E.01964
G1 X113.943 Y116.856 E.02037
G1 X113.727 Y116.615 E.01069
G1 X113.428 Y116.214 E.01652
G1 X113.237 Y115.688 E.01848
G1 X113.182 Y115.112 E.0191
G1 X113.276 Y114.52 E.01979
G1 X113.524 Y113.953 E.02043
G1 X113.802 Y113.58 E.01536
G1 X114.166 Y113.235 E.01656
G1 X114.579 Y112.982 E.01599
G1 X115.068 Y112.785 E.01741
G1 X115.609 Y112.696 E.0181
G1 X116.118 Y112.699 E.01681
G1 X116.646 Y112.812 E.01783
G1 X117.254 Y113.085 E.02201
G1 X117.287 Y113.119 E.00156
G1 X117.606 Y112.877 F9000
G1 F900
G1 X117.769 Y113.042 E.00766
G1 X118.144 Y113.519 E.02003
G1 X118.417 Y114.102 E.02125
G1 X118.571 Y114.66 E.01911
G1 X118.609 Y115.236 E.01906
G1 X118.573 Y115.657 E.01395
G1 X118.442 Y116.201 E.01847
G1 X118.193 Y116.722 E.01907
G1 X117.881 Y117.163 E.01784
G1 X117.475 Y117.538 E.01825
G1 X117.039 Y117.821 E.01716
G1 X116.564 Y118.004 E.01681
G1 X116.056 Y118.106 E.01711
G1 X115.415 Y118.085 E.02118
G1 X114.785 Y117.898 E.0217
G1 X114.216 Y117.554 E.02195
G1 X113.673 Y117.151 E.02233
G1 X113.232 Y116.657 E.02186
G1 X112.943 Y116.096 E.02084
G1 X112.821 Y115.6 E.01686
G1 X112.784 Y115.1 E.01655
G1 X112.858 Y114.573 E.01757
G1 X113.016 Y114.072 E.01734
G1 X113.292 Y113.589 E.01837
G1 X113.639 Y113.167 E.01804
G1 X114.095 Y112.804 E.01924
G1 X114.59 Y112.532 E.01865
G1 X115.174 Y112.357 E.02013
G1 X115.752 Y112.286 E.01923
G1 X116.41 Y112.346 E.02182
G1 X116.956 Y112.492 E.01866
G1 X117.491 Y112.76 E.01976
G1 X117.564 Y112.834 E.00343
G1 X117.876 Y112.599 F9000
;TYPE:External perimeter
;WIDTH:0.419999
G1 F900
G1 X118.21 Y112.937 E.0149
G1 X118.561 Y113.48 E.02027
G1 X118.78 Y113.966 E.01671
G1 X118.954 Y114.595 E.02046
G1 X118.995 Y115.279 E.02148
G1 X118.925 Y115.914 E.02003
G1 X118.719 Y116.54 E.02066
G1 X118.428 Y117.088 E.01945
G1 X118.02 Y117.573 E.01987
G1 X117.561 Y117.961 E.01884
G1 X117.022 Y118.25 E.01918
G1 X116.474 Y118.433 E.01811
G1 X115.858 Y118.499 E.01942
G1 X115.34 Y118.467 E.01627
G1 X114.628 Y118.255 E.02329
G1 X114 Y117.876 E.023
G1 X113.411 Y117.438 E.02301
G1 X112.919 Y116.888 E.02314
G1 X112.73 Y116.574 E.01149
G1 X112.522 Y116.034 E.01814
G1 X112.409 Y115.48 E.01773
G1 X112.416 Y114.882 E.01875
G1 X112.522 Y114.3 E.01855
G1 X112.759 Y113.725 E.0195
G1 X113.085 Y113.206 E.01922
G1 X113.537 Y112.743 E.02029
G1 X114.047 Y112.37 E.01981
G1 X114.663 Y112.096 E.02114
G1 X115.293 Y111.936 E.02038
G1 X115.945 Y111.907 E.02046
G1 X116.475 Y111.964 E.01671
G1 X117.1 Y112.131 E.02028
G1 X117.722 Y112.442 E.0218
G1 X117.834 Y112.556 E.00501
G1 X116.009 Y113 F9000
;TYPE:Internal infill
;WIDTH:0.44
G1 F900
G1 X115.451 Y113.016 E.01843
G1 X114.864 Y113.181 E.02013
G1 X114.352 Y113.478 E.01954
G1 X113.918 Y113.918 E.02041
G1 X117.01 Y117.01 E.14438
G1 X116.719 Y117.194 E.01137
G1 X116.238 Y117.367 E.01688
G1 X115.551 Y117.392 E.0227
G1 X115.072 Y117.25 E.0165
G1 X114.276 Y116.724 E.0315
G1 X117.366 Y113.634 E.14428
G1 X117.693 Y114.172 E.02079
G1 X117.877 Y114.777 E.02088
G1 X117.902 Y115.389 E.02022
G1 X117.802 Y115.882 E.01661
;LAYER_CHANGE
;Z:44.2
;HEIGHT:0.200001
;BEFORE_LAYER_CHANGE
G92 E0
;44.2


G1 E-3.5 F3600
;WIPE_START
G1 F7200
G1 X117.902 Y115.389 E-.23894
G1 X117.877 Y114.777 E-.29094
G1 X117.693 Y114.172 E-.30037
G1 X117.366 Y113.634 E-.29905
G1 X116.814 Y114.186 E-.3707
;WIPE_END
G1 Z44.2 F9000
;AFTER_LAYER_CHANGE
;44.2
G1 X117.129 Y113.161
G1 E5 F2400
;TYPE:Perimeter
;WIDTH:0.439999
G1 F900
G1 X117.287 Y113.321 E.00742
G1 X117.604 Y113.726 E.01698
G1 X117.845 Y114.241 E.01877
G1 X117.979 Y114.726 E.01661
G1 X118.008 Y115.415 E.02277
G1 X117.916 Y115.895 E.01614
G1 X117.738 Y116.371 E.01678
G1 X117.382 Y116.901 E.02108
G1 X116.919 Y117.312 E.02044
G1 X116.385 Y117.585 E.0198
G1 X115.82 Y117.71 E.01911
G1 X115.292 Y117.694 E.01744
G1 X114.747 Y117.532 E.01877
G1 X114.238 Y117.224 E.01964
G1 X113.743 Y116.856 E.02037
G1 X113.527 Y116.615 E.01069
G1 X113.228 Y116.214 E.01652
G1 X113.037 Y115.688 E.01848
G1 X112.982 Y115.112 E.0191
G1 X113.076 Y114.52 E.01979
G1 X113.324 Y113.953 E.02043
G1 X113.602 Y113.58 E.01536
G1 X113.966 Y113.235 E.01656
G1 X114.379 Y112.982 E.01599
G1 X114.868 Y112.785 E.01741
G1 X115.409 Y112.696 E.0181
G1 X115.918 Y112.699 E.01681
G1 X116.446 Y112.812 E.01783
G1 X117.054 Y113.085 E.02201
G1 X117.087 Y113.119 E.00156
G1 X117.406 Y112.877 F9000
G1 F900
G1 X117.569 Y113.042 E.00766
G1 X117.944 Y113.519 E.02003
G1 X118.217 Y114.102 E.02125
G1 X118.371 Y114.66 E.01911
G1 X118.409 Y115.236 E.01906
G1 X118.373 Y115.657 E.01395
G1 X118.242 Y116.201 E.01847
G1 X117.993 Y116.722 E.01907
G1 X117.681 Y117.163 E.01784
G1 X117.275 Y117.538 E.01825
G1 X116.839 Y117.821 E.01716
G1 X116.364 Y118.004 E.01681
G1 X115.856 Y118.106 E.01711
G1 X115.215 Y118.085 E.02118
G1 X114.585 Y117.898 E.0217
G1 X114.016 Y117.554 E.02195
G1 X113.473 Y117.151 E.02233
G1 X113.032 Y116.657 E.02186
G1 X112.743 Y116.096 E.02084
G1 X112.621 Y115.6 E.01686
G1 X112.584 Y115.1 E.01655
G1 X112.658 Y114.573 E.01757
G1 X112.816 Y114.072 E.01734
G1 X113.092 Y113.589 E.01837
G1 X113.439 Y113.167 E.01804
G1 X113.895 Y112.804 E.01924
G1 X114.39 Y112.532 E.01865
G1 X114.974 Y112.357 E.02013
G1 X115.552 Y112.286 E.01923
G1 X116.21 Y112.346 E.02182
G1 X116.756 Y112.492 E.01866
G1 X117.291 Y112.76 E.01976
G1 X117.364 Y112.834 E.00343
G1 X117.676 Y112.599 F9000
;TYPE:External perimeter
;WIDTH:0.419999
G1 F900
G1 X118.01 Y112.937 E.0149
G1 X118.361 Y113.48 E.02027
G1 X118.58 Y113.966 E.01671
G1 X118.754 Y114.595 E.02046
G1 X118.795 Y115.279 E.02148
G1 X118.725 Y115.914 E.02003
G1 X118.519 Y116.54 E.02066
G1 X118.228 Y117.088 E.01945
G1 X117.82 Y117.573 E.01987
G1 X117.361 Y117.961 E.01884
G1 X116.822 Y118.25 E.01918
G1 X116.274 Y118.433 E.01811
G1 X115.658 Y118.499 E.01942
G1 X115.14 Y118.467 E.01627
G1 X114.428 Y118.255 E.02329
G1 X113.8 Y117.876 E.023
G1 X113.211 Y117.438 E.02301
G1 X112.719 Y116.888 E.02314
G1 X112.53 Y116.574 E.01149
G1 X112.322 Y116.034 E.01814
G1 X112.209 Y115.48 E.01773
G1 X112.216 Y114.882 E.01875
G1 X112.322 Y114.3 E.01855
G1 X112.559 Y113.725 E.0195
G1 X112.885 Y113.206 E.01922
G1 X113.337 Y112.743 E.02029
G1 X113.847 Y112.37 E.01981
G1 X114.463 Y112.096 E.02114
G1 X115.093 Y111.936 E.02038
G1 X115.745 Y111.907 E.02046
G1 X116.275 Y111.964 E.01671
G1 X116.9 Y112.131 E.02028
G1 X117.522 Y112.442 E.0218
G1 X117.634 Y112.556 E.00501
G1 E-3.5 F3600
;WIPE_START
G1 F7200
G1 X117.676 Y112.599 E-.02855
G1 X118.01 Y112.937 E-.22571
G1 X118.361 Y113.48 E-.30712
G1 X118.58 Y113.966 E-.25321
G1 X118.754 Y114.595 E-.31
G1 X118.795 Y115.279 E-.32548
G1 X118.784 Y115.384 E-.04993
;WIPE_END
G1 X117.676 Y114.773 F9000
G1 E5 F2400
;TYPE:Internal infill
;WIDTH:0.44
G1 F900
G1 X117.702 Y115.389 E.02036
G1 X117.578 Y115.967 E.01952
G1 X117.321 Y116.478 E.01889
G1 X116.922 Y116.922 E.01971
G1 X114.274 Y114.274 E.12364
G1 X114.089 Y114.593 E.01218
G1 X113.81 Y115.452 E.02982
G1 X114.142 Y116.571 E.03854
G1 X113.99 Y116.659 E.0058
G1 X114.191 Y116.809 E.00828
G1 X117.249 Y113.751 E.14279
G1 X117.208 Y113.693 E.00235
G1 X117.101 Y113.849 E.00625
G1 X116.311 Y113.534 E.02808
G1 X115.798 Y113.48 E.01703
G1 X115.485 Y113.5 E.01036
G1 X115.062 Y113.622 E.01454
G1 E-3.5 F3600
;WIPE_START
G1 F7200
G1 X115.485 Y113.5 E-.20911
G1 X115.798 Y113.48 E-.14898
G1 X116.311 Y113.534 E-.24502
G1 X117.101 Y113.849 E-.40398
G1 X117.208 Y113.693 E-.08986
G1 X117.249 Y113.751 E-.03374
G1 X116.699 Y114.301 E-.36931
;WIPE_END
G1 X113.285 Y114.839 F9000
G1 E5 F2400
;TYPE:Solid infill
;WIDTH:0.373852
G1 F900
G1 X113.475 Y114.27 E.01651
G1 X113.804 Y113.753 E.01686
;WIDTH:0.406782
G1 X113.872 Y113.725 E.00222
;WIDTH:0.454237
G1 X113.94 Y113.697 E.00252
;WIDTH:0.501692
G1 X114.008 Y113.669 E.00281
;WIDTH:0.549148
G1 X114.076 Y113.641 E.0031
;WIDTH:0.596603
G1 X114.144 Y113.613 E.00339
;WIDTH:0.644058
G1 X114.212 Y113.585 E.00368
G1 X114.183 Y113.649 E.00351
;WIDTH:0.597162
G1 X114.153 Y113.714 E.0033
;WIDTH:0.550265
G1 X114.124 Y113.778 E.00296
;WIDTH:0.503368
G1 X114.094 Y113.842 E.00271
;WIDTH:0.456472
G1 X114.065 Y113.907 E.00245
;WIDTH:0.409575
G1 X114.036 Y113.971 E.00214
;WIDTH:0.373852
G1 X113.76 Y114.437 E.0149
G1 X113.597 Y114.935 E.01442
;WIDTH:0.414934
G1 X113.539 Y115.056 E.00415
;WIDTH:0.459815
G1 X113.481 Y115.178 E.00468
;WIDTH:0.504696
G1 X113.423 Y115.3 E.00519
;WIDTH:0.549576
G1 X113.364 Y115.421 E.00567
G1 X113.341 Y115.369 E.0024
;WIDTH:0.526193
G1 X113.323 Y115.202 E.00675
;WIDTH:0.4772
G1 X113.306 Y115.036 E.00603
;WIDTH:0.468664
G1 X113.325 Y115.164 E.00458
;WIDTH:0.50912
G1 X113.345 Y115.293 E.00506
;WIDTH:0.549576
G1 X113.411 Y115.717 E.01808
;WIDTH:0.509362
G1 X113.51 Y115.979 E.01086
;WIDTH:0.481261
G1 X113.61 Y116.24 E.01019
G1 E-3.5 F3600
;WIPE_START
G1 F7200
G1 X113.51 Y115.979 E-.13276
G1 X113.411 Y115.717 E-.13304
G1 X113.345 Y115.293 E-.20383
G1 X113.325 Y115.164 E-.06201
G1 X113.306 Y115.036 E-.06147
G1 X113.323 Y115.202 E-.07926
G1 X113.341 Y115.369 E-.07978
G1 X113.364 Y115.421 E-.02701
G1 X113.423 Y115.3 E-.06394
G1 X113.481 Y115.178 E-.06417
G1 X113.539 Y115.056 E-.06417
G1 X113.597 Y114.935 E-.06374
G1 X113.76 Y114.437 E-.2489
G1 X113.991 Y114.046 E-.21592
;WIPE_END
G1 X114.212 Y113.585 F9000
G1 E5 F2400
;WIDTH:0.644058
G1 F900
G1 X114.613 Y113.312 E.02425
;WIDTH:0.601212
G1 X115.106 Y113.115 E.02465
;WIDTH:0.572168
G1 X115.435 Y113.08 E.01456
;WIDTH:0.544798
G1 X115.763 Y113.046 E.01376
;WIDTH:0.517428
G1 X116.071 Y113.089 E.01227
;WIDTH:0.489534
G1 X116.379 Y113.132 E.01155
;WIDTH:0.46164
G1 X116.875 Y113.332 E.01862
;LAYER_CHANGE
;Z:44.4
;HEIGHT:0.200001
;BEFORE_LAYER_CHANGE
G92 E0
;44.4


G1 E-3.5 F3600
;WIPE_START
G1 F7200
G1 X116.379 Y113.132 E-.25403
G1 X116.071 Y113.089 E-.14772
G1 X115.763 Y113.046 E-.14772
G1 X115.435 Y113.08 E-.15663
G1 X115.106 Y113.115 E-.15716
G1 X114.613 Y113.312 E-.25218
G1 X114.212 Y113.585 E-.23043
;WIPE_END
G1 E-.15413 F3600
G1 Z44.4 F9000
;AFTER_LAYER_CHANGE
;44.4
G1 X118.285 Y114.485
G1 E5 F2400
;TYPE:Perimeter
;WIDTH:0.439999
G1 F900
G1 X118.339 Y114.578 E.00355
G1 X118.41 Y115.241 E.02202
G1 X118.376 Y115.634 E.01302
G1 X118.259 Y116.123 E.0166
G1 X118.04 Y116.591 E.01706
G1 X117.741 Y117.022 E.01732
G1 X117.384 Y117.357 E.01616
G1 X116.961 Y117.638 E.01677
G1 X116.361 Y117.857 E.02109
G1 X115.744 Y117.918 E.02047
G1 X115.153 Y117.824 E.01976
G1 X114.731 Y117.65 E.01507
G1 X114.315 Y117.369 E.01658
G1 X114.016 Y117.025 E.01505
G1 X113.741 Y116.597 E.0168
G1 X113.442 Y115.676 E.03197
G1 X113.41 Y115.36 E.01049
G1 X113.405 Y114.86 E.01651
G1 X113.559 Y114.322 E.01848
G1 X113.853 Y113.824 E.01909
G1 X114.277 Y113.4 E.0198
G1 X114.811 Y113.087 E.02044
G1 X115.255 Y112.949 E.01535
G1 X115.752 Y112.883 E.01655
G1 X116.235 Y112.921 E.016
G1 X116.746 Y113.05 E.0174
G1 X117.236 Y113.296 E.0181
G1 X117.646 Y113.597 E.01679
G1 X118.007 Y113.999 E.01784
G1 X118.256 Y114.433 E.01652
G1 X118.646 Y114.308 F9000
G1 F900
G1 X118.721 Y114.453 E.00539
G1 X118.781 Y114.845 E.01309
G1 X118.807 Y115.292 E.01478
G1 X118.744 Y115.86 E.01887
G1 X118.548 Y116.46 E.02084
G1 X118.279 Y116.97 E.01904
G1 X117.893 Y117.433 E.0199
G1 X117.468 Y117.797 E.01848
G1 X116.961 Y118.071 E.01903
G1 X116.449 Y118.245 E.01785
G1 X115.901 Y118.31 E.01822
G1 X115.381 Y118.282 E.01719
G1 X114.889 Y118.151 E.01681
G1 X114.418 Y117.936 E.01709
G1 X113.912 Y117.542 E.02117
G1 X113.6 Y117.134 E.01696
G1 X113.373 Y116.747 E.01481
G1 X113.051 Y115.759 E.03431
G1 X112.984 Y115.103 E.02177
G1 X113.081 Y114.479 E.02085
G1 X113.274 Y114.007 E.01684
G1 X113.538 Y113.58 E.01658
G1 X113.907 Y113.197 E.01756
G1 X114.33 Y112.885 E.01735
G1 X114.838 Y112.656 E.0184
G1 X115.365 Y112.518 E.01799
G1 X115.948 Y112.493 E.01927
G1 X116.508 Y112.564 E.01864
G1 X117.084 Y112.766 E.02015
G1 X117.593 Y113.048 E.01921
G1 X118.09 Y113.483 E.02181
G1 X118.446 Y113.922 E.01866
G1 X118.618 Y114.254 E.01235
G1 X118.993 Y114.137 F9000
;TYPE:External perimeter
;WIDTH:0.419999
G1 F900
G1 X119.094 Y114.332 E.00689
G1 X119.163 Y114.787 E.01443
G1 X119.194 Y115.255 E.01471
G1 X119.164 Y115.665 E.01289
G1 X119.055 Y116.187 E.01672
G1 X118.826 Y116.798 E.02046
G1 X118.457 Y117.375 E.02147
G1 X118.028 Y117.849 E.02005
G1 X117.492 Y118.233 E.02067
G1 X116.935 Y118.505 E.01944
G1 X116.32 Y118.658 E.01987
G1 X115.721 Y118.703 E.01883
G1 X115.115 Y118.62 E.01918
G1 X114.564 Y118.446 E.01812
G1 X114.027 Y118.137 E.01943
G1 X113.627 Y117.806 E.01628
G1 X113.292 Y117.369 E.01726
G1 X113.013 Y116.894 E.01727
G1 X112.671 Y115.839 E.03477
G1 X112.596 Y115.106 E.0231
G1 X112.628 Y114.741 E.01149
G1 X112.776 Y114.182 E.01813
G1 X113.012 Y113.667 E.01776
G1 X113.368 Y113.187 E.01874
G1 X113.796 Y112.779 E.01854
G1 X114.326 Y112.453 E.01951
G1 X114.894 Y112.225 E.01919
G1 X115.533 Y112.115 E.02033
G1 X116.164 Y112.114 E.01978
G1 X116.824 Y112.255 E.02116
G1 X117.428 Y112.495 E.02038
G1 X117.972 Y112.854 E.02044
G1 X118.367 Y113.213 E.01674
G1 X118.775 Y113.715 E.02028
G1 X118.966 Y114.083 E.013
G1 X118.104 Y115.07 F9000
;TYPE:Internal infill
;WIDTH:0.44
G1 F900
G1 X118.055 Y115.715 E.02136
G1 X117.848 Y116.312 E.02086
G1 X117.509 Y116.822 E.02022
G1 X117.151 Y117.151 E.01605
G1 X114.061 Y114.061 E.14428
G1 X113.84 Y114.443 E.01457
G1 X113.69 Y115.098 E.02219
G1 X113.743 Y115.613 E.01709
G1 X114.025 Y116.481 E.03013
G1 X114.217 Y116.783 E.01182
G1 X117.293 Y113.707 E.14363
G1 X116.922 Y113.463 E.01466
G1 X116.348 Y113.25 E.02021
G1 X116.053 Y113.201 E.00987
G1 X115.47 Y113.215 E.01925
G1 X115.044 Y113.328 E.01455
;LAYER_CHANGE
;Z:44.6
;HEIGHT:0.199997
;BEFORE_LAYER_CHANGE
G92 E0
;44.6


G1 E-3.5 F3600
;WIPE_START
G1 F7200
G1 X115.47 Y113.215 E-.20935
G1 X116.053 Y113.201 E-.277
G1 X116.348 Y113.25 E-.14204
G1 X116.922 Y113.463 E-.29082
G1 X117.293 Y113.707 E-.21092
G1 X116.742 Y114.258 E-.36987
;WIPE_END
G1 Z44.6 F9000
;AFTER_LAYER_CHANGE
;44.6
G1 X118.35 Y116.316
G1 E5 F2400
;TYPE:Perimeter
;WIDTH:0.439999
G1 F900
G1 X118.339 Y116.422 E.00352
G1 X118.109 Y116.866 E.01651
G1 X117.748 Y117.299 E.01861
G1 X117.366 Y117.626 E.0166
G1 X116.914 Y117.876 E.01705
G1 X116.418 Y118.049 E.01734
G1 X115.933 Y118.11 E.01614
G1 X115.425 Y118.088 E.01679
G1 X114.811 Y117.913 E.02108
G1 X114.277 Y117.6 E.02044
G1 X113.853 Y117.176 E.0198
G1 X113.614 Y116.787 E.01507
G1 X113.443 Y116.315 E.01658
G1 X113.403 Y115.861 E.01505
G1 X113.432 Y115.353 E.0168
G1 X113.731 Y114.433 E.03194
G1 X114.022 Y113.933 E.0191
G1 X114.388 Y113.566 E.01711
G1 X114.877 Y113.275 E.01879
G1 X115.277 Y113.148 E.01386
G1 X115.805 Y113.089 E.01754
G1 X116.387 Y113.15 E.01932
G1 X116.774 Y113.28 E.01348
G1 X117.242 Y113.531 E.01753
G1 X117.61 Y113.845 E.01597
G1 X117.948 Y114.25 E.01742
G1 X118.2 Y114.737 E.0181
G1 X118.355 Y115.222 E.01681
G1 X118.41 Y115.759 E.01782
G1 X118.357 Y116.256 E.0165
G1 X118.746 Y116.384 F9000
G1 F900
G1 X118.721 Y116.547 E.00544
G1 X118.539 Y116.899 E.01308
G1 X118.298 Y117.275 E.01475
G1 X117.913 Y117.698 E.01889
G1 X117.402 Y118.068 E.02083
G1 X116.884 Y118.323 E.01906
G1 X116.3 Y118.471 E.01989
G1 X115.742 Y118.515 E.01848
G1 X115.17 Y118.439 E.01905
G1 X114.654 Y118.279 E.01784
G1 X114.173 Y118.009 E.01821
G1 X113.768 Y117.681 E.01721
G1 X113.447 Y117.286 E.01681
G1 X113.193 Y116.835 E.01709
G1 X113.015 Y116.218 E.0212
G1 X113.002 Y115.705 E.01694
G1 X113.046 Y115.259 E.0148
G1 X113.367 Y114.27 E.03433
G1 X113.606 Y113.858 E.01573
G1 X113.898 Y113.471 E.01601
G1 X114.264 Y113.17 E.01565
G1 X114.719 Y112.91 E.0173
G1 X115.19 Y112.76 E.01632
G1 X115.813 Y112.691 E.0207
G1 X116.464 Y112.759 E.02161
G1 X116.989 Y112.941 E.01835
G1 X117.468 Y113.203 E.01803
G1 X117.916 Y113.59 E.01955
G1 X118.279 Y114.03 E.01883
G1 X118.567 Y114.584 E.02062
G1 X118.744 Y115.14 E.01927
G1 X118.811 Y115.955 E.027
G1 X118.755 Y116.325 E.01236
G1 X119.127 Y116.45 F9000
;TYPE:External perimeter
;WIDTH:0.419999
G1 F900
G1 X119.094 Y116.668 E.00691
G1 X118.775 Y117.285 E.02178
G1 X118.367 Y117.787 E.02028
G1 X117.972 Y118.146 E.01674
G1 X117.428 Y118.505 E.02044
G1 X116.79 Y118.756 E.0215
G1 X116.164 Y118.886 E.02005
G1 X115.505 Y118.882 E.02066
G1 X114.894 Y118.775 E.01945
G1 X114.307 Y118.537 E.01986
G1 X113.796 Y118.221 E.01884
G1 X113.355 Y117.798 E.01916
G1 X113.012 Y117.333 E.01812
G1 X112.758 Y116.767 E.01945
G1 X112.629 Y116.265 E.01625
G1 X112.615 Y115.715 E.01725
G1 X112.669 Y115.167 E.01727
G1 X113.012 Y114.111 E.03481
G1 X113.382 Y113.474 E.0231
G1 X113.777 Y113.06 E.01794
G1 X114.22 Y112.731 E.0173
G1 X114.766 Y112.481 E.01883
G1 X115.318 Y112.335 E.0179
G1 X115.821 Y112.302 E.01581
G1 X116.54 Y112.378 E.02267
G1 X117.145 Y112.587 E.02007
G1 X117.688 Y112.884 E.01941
G1 X118.192 Y113.318 E.02085
G1 X118.602 Y113.815 E.0202
G1 X118.923 Y114.434 E.02186
G1 X119.124 Y115.06 E.02061
G1 X119.199 Y115.98 E.02894
G1 X119.136 Y116.391 E.01304
G1 X117.539 Y115.797 F9000
;TYPE:Internal infill
;WIDTH:0.44
G1 F900
G1 X117.619 Y115.381 E.01399
G1 X117.578 Y114.632 E.02477
G1 X117.792 Y114.591 E.00719
G1 X117.509 Y114.178 E.01653
G1 X117.151 Y113.849 E.01605
G1 X114.233 Y116.767 E.13625
G1 X114.905 Y117.173 E.02592
G1 X115.551 Y117.328 E.02193
G1 X116.253 Y117.218 E.02346
G1 X116.863 Y116.863 E.0233
G1 X114.213 Y114.213 E.12374
G1 X114.577 Y113.807 E.018
G1 X115 Y113.556 E.01624
G1 X115.473 Y113.417 E.01628
G1 X116.316 Y113.45 E.02785
G1 E-3.5 F3600
;WIPE_START
G1 F7200
G1 X115.473 Y113.417 E-.40073
G1 X115 Y113.556 E-.23418
G1 X114.577 Y113.807 E-.23364
G1 X114.213 Y114.213 E-.25901
G1 X114.767 Y114.767 E-.37244
;WIPE_END
G1 X114.282 Y117.228 F9000
G1 E5 F2400
;TYPE:Solid infill
;WIDTH:0.411392
G1 F900
G1 X114.508 Y117.378 E.00831
;WIDTH:0.43714
G1 X114.734 Y117.528 E.00889
;WIDTH:0.479388
G1 X115.275 Y117.716 E.02079
;WIDTH:0.527304
G1 X115.801 Y117.761 E.02126
;WIDTH:0.554883
G1 X116.067 Y117.72 E.01146
;WIDTH:0.582462
G1 X116.332 Y117.679 E.01203
;WIDTH:0.630734
G1 X116.877 Y117.451 E.02888
;WIDTH:0.67315
G1 X117.361 Y117.088 E.0317
G1 X117.378 Y117.032 E.00307
;WIDTH:0.628711
G1 X117.395 Y116.977 E.0028
;WIDTH:0.584271
G1 X117.412 Y116.922 E.00259
;WIDTH:0.539831
G1 X117.429 Y116.867 E.00238
;WIDTH:0.495392
G1 X117.446 Y116.812 E.00217
;WIDTH:0.450952
G1 X117.463 Y116.757 E.00195
;WIDTH:0.406512
G1 X117.479 Y116.702 E.00173
;WIDTH:0.374573
G1 X117.604 Y116.529 E.00589
G1 X117.761 Y116.23 E.00931
;WIDTH:0.420998
G1 X117.828 Y116.107 E.0044
;WIDTH:0.468879
G1 X117.895 Y115.984 E.00496
;WIDTH:0.516761
G1 X117.962 Y115.861 E.00552
;WIDTH:0.564642
G1 X118.029 Y115.737 E.00611
G1 X118.057 Y115.821 E.00384
;WIDTH:0.522739
G1 X118.085 Y115.905 E.00353
;WIDTH:0.480836
G1 X118.083 Y116.04 E.00492
;WIDTH:0.44493
G1 X118.082 Y116.175 E.00451
;WIDTH:0.409023
G1 X118.08 Y116.31 E.00411
;WIDTH:0.373116
G1 X118.011 Y116.471 E.00481
;WIDTH:0.364759
G1 X117.733 Y116.895 E.01357
;WIDTH:0.402923
G1 X117.684 Y116.92 E.00165
;WIDTH:0.443773
G1 X117.635 Y116.946 E.00185
;WIDTH:0.484624
G1 X117.586 Y116.971 E.00202
;WIDTH:0.525474
G1 X117.538 Y116.996 E.00217
G1 X118.029 Y115.737 F9000
;WIDTH:0.564642
G1 F900
G1 X118.029 Y115.513 E.00972
;WIDTH:0.52646
G1 X118.03 Y115.288 E.00905
;LAYER_CHANGE
;Z:44.8
;HEIGHT:0.200001
;BEFORE_LAYER_CHANGE
G92 E0
;44.8


G1 E-3.5 F3600
;WIPE_START
G1 F7200
G1 X118.029 Y115.513 E-.10688
G1 X118.029 Y115.737 E-.1064
;WIPE_END
G1 E-1.28672 F3600
G1 Z44.8 F9000
;AFTER_LAYER_CHANGE
;44.8
G1 X118.35 Y116.316
G1 E5 F2400
;TYPE:Perimeter
;WIDTH:0.439999
G1 F900
G1 X118.339 Y116.422 E.00352
G1 X118.109 Y116.866 E.01651
G1 X117.748 Y117.299 E.01861
G1 X117.366 Y117.626 E.0166
G1 X116.914 Y117.876 E.01705
G1 X116.418 Y118.049 E.01734
G1 X115.933 Y118.11 E.01614
G1 X115.425 Y118.088 E.01679
G1 X114.811 Y117.913 E.02108
G1 X114.277 Y117.6 E.02044
G1 X113.853 Y117.176 E.0198
G1 X113.614 Y116.787 E.01507
G1 X113.443 Y116.315 E.01658
G1 X113.403 Y115.861 E.01505
G1 X113.432 Y115.353 E.0168
G1 X113.731 Y114.433 E.03194
G1 X114.022 Y113.933 E.0191
G1 X114.388 Y113.566 E.01711
G1 X114.877 Y113.275 E.01879
G1 X115.277 Y113.148 E.01386
G1 X115.805 Y113.089 E.01754
G1 X116.387 Y113.15 E.01932
G1 X116.774 Y113.28 E.01348
G1 X117.242 Y113.531 E.01753
G1 X117.61 Y113.845 E.01597
G1 X117.948 Y114.25 E.01742
G1 X118.2 Y114.737 E.0181
G1 X118.355 Y115.222 E.01681
G1 X118.41 Y115.759 E.01782
G1 X118.357 Y116.256 E.0165
G1 X118.746 Y116.384 F9000
G1 F900
G1 X118.721 Y116.547 E.00544
G1 X118.539 Y116.899 E.01308
G1 X118.298 Y117.275 E.01475
G1 X117.913 Y117.698 E.01889
G1 X117.402 Y118.068 E.02083
G1 X116.884 Y118.323 E.01906
G1 X116.3 Y118.471 E.01989
G1 X115.742 Y118.515 E.01848
G1 X115.17 Y118.439 E.01905
G1 X114.654 Y118.279 E.01784
G1 X114.173 Y118.009 E.01821
G1 X113.768 Y117.681 E.01721
G1 X113.447 Y117.286 E.01681
G1 X113.193 Y116.835 E.01709
G1 X113.015 Y116.218 E.0212
G1 X113.002 Y115.705 E.01694
G1 X113.046 Y115.259 E.0148
G1 X113.367 Y114.27 E.03433
G1 X113.606 Y113.858 E.01573
G1 X113.898 Y113.471 E.01601
G1 X114.264 Y113.17 E.01565
G1 X114.719 Y112.91 E.0173
G1 X115.19 Y112.76 E.01632
G1 X115.813 Y112.691 E.0207
G1 X116.464 Y112.759 E.02161
G1 X116.989 Y112.941 E.01835
G1 X117.468 Y113.203 E.01803
G1 X117.916 Y113.59 E.01955
G1 X118.279 Y114.03 E.01883
G1 X118.567 Y114.584 E.02062
G1 X118.744 Y115.14 E.01927
G1 X118.811 Y115.955 E.027
G1 X118.755 Y116.325 E.01236
G1 X119.127 Y116.45 F9000
;TYPE:External perimeter
;WIDTH:0.419999
G1 F900
G1 X119.094 Y116.668 E.00691
G1 X118.775 Y117.285 E.02178
G1 X118.367 Y117.787 E.02028
G1 X117.972 Y118.146 E.01674
G1 X117.428 Y118.505 E.02044
G1 X116.79 Y118.756 E.0215
G1 X116.164 Y118.886 E.02005
G1 X115.505 Y118.882 E.02066
G1 X114.894 Y118.775 E.01945
G1 X114.307 Y118.537 E.01986
G1 X113.796 Y118.221 E.01884
G1 X113.355 Y117.798 E.01916
G1 X113.012 Y117.333 E.01812
G1 X112.758 Y116.767 E.01945
G1 X112.629 Y116.265 E.01625
G1 X112.615 Y115.715 E.01725
G1 X112.669 Y115.167 E.01727
G1 X113.012 Y114.111 E.03481
G1 X113.382 Y113.474 E.0231
G1 X113.777 Y113.06 E.01794
G1 X114.22 Y112.731 E.0173
G1 X114.766 Y112.481 E.01883
G1 X115.318 Y112.335 E.0179
G1 X115.821 Y112.302 E.01581
G1 X116.54 Y112.378 E.02267
G1 X117.145 Y112.587 E.02007
G1 X117.688 Y112.884 E.01941
G1 X118.192 Y113.318 E.02085
G1 X118.602 Y113.815 E.0202
G1 X118.923 Y114.434 E.02186
G1 X119.124 Y115.06 E.02061
G1 X119.199 Y115.98 E.02894
G1 X119.136 Y116.391 E.01304
G1 X118.03 Y115.194 F9000
;TYPE:Internal infill
;WIDTH:0.44
G1 F900
G1 X118.107 Y115.908 E.02371
G1 X118.044 Y116.327 E.01399
G1 X117.667 Y116.944 E.02387
G1 X117.293 Y117.293 E.01689
G1 X114.213 Y114.213 E.14382
G1 X114.012 Y114.559 E.01321
G1 X113.703 Y115.592 E.0356
G1 X113.758 Y116.327 E.02434
G1 X114.061 Y116.939 E.02255
G1 X117.151 Y113.849 E.14428
G1 X116.82 Y113.634 E.01303
G1 X116.327 Y113.452 E.01735
G1 X115.473 Y113.417 E.02822
G1 X114.903 Y113.605 E.01982
;LAYER_CHANGE
;Z:45
;HEIGHT:0.200001
;BEFORE_LAYER_CHANGE
G92 E0
;45


G1 E-3.5 F3600
;WIPE_START
G1 F7200
G1 X115.473 Y113.417 E-.2851
G1 X116.327 Y113.452 E-.40599
G1 X116.82 Y113.634 E-.24962
G1 X117.151 Y113.849 E-.18748
G1 X116.598 Y114.402 E-.37181
;WIPE_END
G1 Z45 F9000
;AFTER_LAYER_CHANGE
;45
G1 X117.326 Y117.835
G1 E5 F2400
;TYPE:Perimeter
;WIDTH:0.439999
G1 F900
G1 X117.254 Y117.915 E.00355
G1 X116.808 Y118.138 E.01646
G1 X116.261 Y118.277 E.01863
G1 X115.76 Y118.317 E.01659
G1 X115.245 Y118.252 E.01714
G1 X114.744 Y118.101 E.01728
G1 X114.316 Y117.866 E.01612
G1 X113.918 Y117.55 E.01678
G1 X113.524 Y117.047 E.0211
G1 X113.276 Y116.48 E.02043
G1 X113.182 Y115.888 E.01979
G1 X113.237 Y115.312 E.0191
G1 X113.416 Y114.815 E.01744
G1 X113.739 Y114.346 E.0188
G1 X114.188 Y113.957 E.01961
G1 X114.691 Y113.6 E.02037
G1 X115.226 Y113.363 E.01932
G1 X115.753 Y113.287 E.01758
G1 X116.332 Y113.342 E.0192
G1 X116.858 Y113.534 E.01849
G1 X117.362 Y113.877 E.02013
G1 X117.776 Y114.351 E.02078
G1 X117.997 Y114.767 E.01555
G1 X118.157 Y115.251 E.01683
G1 X118.215 Y115.928 E.02243
G1 X118.133 Y116.47 E.0181
G1 X117.973 Y116.953 E.0168
G1 X117.702 Y117.421 E.01786
G1 X117.366 Y117.791 E.0165
G1 X117.606 Y118.123 F9000
G1 F900
G1 X117.491 Y118.24 E.00542
G1 X117.137 Y118.418 E.01308
G1 X116.72 Y118.58 E.01477
G1 X116.16 Y118.697 E.01889
G1 X115.529 Y118.696 E.02083
G1 X114.961 Y118.598 E.01903
G1 X114.401 Y118.374 E.01991
G1 X113.924 Y118.081 E.01848
G1 X113.506 Y117.684 E.01903
G1 X113.182 Y117.251 E.01786
G1 X112.952 Y116.749 E.01823
G1 X112.817 Y116.247 E.01716
G1 X112.79 Y115.738 E.01683
G1 X112.849 Y115.224 E.01708
G1 X113.068 Y114.621 E.02118
G1 X113.44 Y114.079 E.0217
G1 X113.943 Y113.644 E.02196
G1 X114.494 Y113.253 E.02231
G1 X115.1 Y112.985 E.02188
G1 X115.756 Y112.888 E.02189
G1 X116.407 Y112.95 E.02159
G1 X116.896 Y113.117 E.01706
G1 X117.343 Y113.359 E.01678
G1 X117.76 Y113.715 E.0181
G1 X118.106 Y114.129 E.01781
G1 X118.373 Y114.636 E.01892
G1 X118.546 Y115.167 E.01844
G1 X118.608 Y115.73 E.0187
G1 X118.59 Y116.161 E.01424
G1 X118.479 Y116.733 E.01924
G1 X118.219 Y117.34 E.0218
G1 X117.911 Y117.814 E.01866
G1 X117.648 Y118.081 E.01237
G1 X117.876 Y118.401 F9000
;TYPE:External perimeter
;WIDTH:0.419999
G1 F900
G1 X117.722 Y118.558 E.0069
G1 X117.1 Y118.869 E.0218
G1 X116.475 Y119.036 E.02028
G1 X115.945 Y119.093 E.01671
G1 X115.293 Y119.064 E.02046
G1 X114.63 Y118.892 E.02148
G1 X114.047 Y118.63 E.02004
G1 X113.516 Y118.24 E.02066
G1 X113.085 Y117.794 E.01945
G1 X112.75 Y117.256 E.01987
G1 X112.522 Y116.7 E.01884
G1 X112.414 Y116.098 E.01918
G1 X112.409 Y115.52 E.01812
G1 X112.537 Y114.914 E.01942
G1 X112.728 Y114.431 E.01629
G1 X113.15 Y113.819 E.02331
G1 X113.703 Y113.339 E.02296
G1 X114.302 Y112.914 E.02303
G1 X114.741 Y112.72 E.01505
G1 X115.179 Y112.57 E.01452
G1 X115.759 Y112.5 E.01832
G1 X116.48 Y112.569 E.02271
G1 X117.05 Y112.762 E.01887
G1 X117.561 Y113.039 E.01822
G1 X118.035 Y113.442 E.01951
G1 X118.428 Y113.912 E.01921
G1 X118.729 Y114.485 E.02029
G1 X118.925 Y115.086 E.01982
G1 X118.996 Y115.756 E.02112
G1 X118.954 Y116.405 E.02039
G1 X118.78 Y117.034 E.02046
G1 X118.561 Y117.52 E.01671
G1 X118.21 Y118.063 E.02027
G1 X117.918 Y118.358 E.01301
G1 E-3.5 F3600
;WIPE_START
G1 F7200
G1 X117.876 Y118.401 E-.02855
G1 X117.722 Y118.558 E-.10446
G1 X117.1 Y118.869 E-.33032
G1 X116.475 Y119.036 E-.30729
G1 X115.945 Y119.093 E-.2532
G1 X115.293 Y119.064 E-.31001
G1 X114.955 Y118.976 E-.16617
;WIPE_END
G1 X115.178 Y117.925 F9000
G1 E5 F2400
;TYPE:Internal infill
;WIDTH:0.44
G1 F900
G1 X115.766 Y118.01 E.01962
G1 X116.405 Y117.942 E.02122
G1 X117.072 Y117.664 E.02386
G1 X117.366 Y117.366 E.01382
G1 X114.281 Y114.281 E.14405
G1 X114.843 Y113.867 E.02305
G1 X115.5 Y113.614 E.02325
G1 X116.275 Y113.644 E.02561
G1 X116.719 Y113.806 E.0156
G1 X117.01 Y113.99 E.01137
G1 X113.918 Y117.082 E.14438
G1 X113.57 Y116.394 E.02546
G1 X113.488 Y115.879 E.01722
G1 X113.536 Y115.379 E.01658
G1 X113.764 Y114.848 E.01908
;LAYER_CHANGE
;Z:45.2
;HEIGHT:0.200001
;BEFORE_LAYER_CHANGE
G92 E0
;45.2


G1 E-3.5 F3600
;WIPE_START
G1 F7200
G1 X113.536 Y115.379 E-.27449
G1 X113.488 Y115.879 E-.23859
G1 X113.57 Y116.394 E-.24771
G1 X113.918 Y117.082 E-.36623
G1 X114.473 Y116.527 E-.37298
;WIPE_END
G1 Z45.2 F9000
;AFTER_LAYER_CHANGE
;45.2
G1 X115.395 Y118.467
G1 E5 F2400
;TYPE:Perimeter
;WIDTH:0.439999
G1 F900
G1 X115.007 Y118.403 E.01298
G1 X114.484 Y118.194 E.0186
G1 X114.055 Y117.931 E.01661
G1 X113.676 Y117.577 E.01712
G1 X113.36 Y117.16 E.01727
G1 X113.151 Y116.718 E.01614
G1 X113.015 Y116.229 E.01676
G1 X112.992 Y115.59 E.02111
G1 X113.125 Y114.985 E.02045
G1 X113.397 Y114.451 E.01979
G1 X113.78 Y114.018 E.01909
G1 X114.217 Y113.721 E.01745
G1 X114.753 Y113.531 E.01878
G1 X115.346 Y113.481 E.01965
G1 X115.963 Y113.487 E.02037
G1 X116.534 Y113.61 E.01929
G1 X116.996 Y113.845 E.01711
G1 X117.424 Y114.22 E.01879
G1 X117.755 Y114.708 E.01947
G1 X117.96 Y115.281 E.02009
G1 X118.012 Y115.737 E.01515
G1 X118.002 Y116.055 E.0105
G1 X117.911 Y116.548 E.01655
G1 X117.726 Y116.996 E.016
G1 X117.445 Y117.442 E.0174
G1 X117.06 Y117.833 E.01812
G1 X116.647 Y118.129 E.01678
G1 X116.153 Y118.348 E.01784
G1 X115.5 Y118.485 E.02203
G1 X115.454 Y118.477 E.00154
G1 X115.338 Y118.86 F9000
G1 F900
G1 X115.109 Y118.823 E.00766
G1 X114.677 Y118.709 E.01475
G1 X114.155 Y118.474 E.0189
G1 X113.645 Y118.103 E.02082
G1 X113.243 Y117.689 E.01905
G1 X112.922 Y117.179 E.0199
G1 X112.708 Y116.662 E.01847
G1 X112.603 Y116.094 E.01907
G1 X112.596 Y115.554 E.01783
G1 X112.704 Y115.013 E.01821
G1 X112.891 Y114.527 E.01719
G1 X113.167 Y114.099 E.01681
G1 X113.518 Y113.718 E.0171
G1 X114.049 Y113.359 E.02116
G1 X114.669 Y113.14 E.02171
G1 X115.331 Y113.083 E.02194
G1 X116.007 Y113.091 E.02232
G1 X116.655 Y113.23 E.02188
G1 X117.218 Y113.515 E.02083
G1 X117.608 Y113.844 E.01685
G1 X117.932 Y114.228 E.01659
G1 X118.183 Y114.697 E.01756
G1 X118.349 Y115.195 E.01733
G1 X118.409 Y115.749 E.0184
G1 X118.377 Y116.293 E.01799
G1 X118.221 Y116.855 E.01926
G1 X117.981 Y117.366 E.01864
G1 X117.611 Y117.851 E.02014
G1 X117.186 Y118.249 E.01922
G1 X116.618 Y118.586 E.02181
G1 X116.091 Y118.789 E.01865
G1 X115.5 Y118.887 E.01978
G1 X115.397 Y118.87 E.00345
G1 X115.283 Y119.244 F9000
;TYPE:External perimeter
;WIDTH:0.419999
G1 F900
G1 X114.814 Y119.166 E.01491
G1 X114.211 Y118.933 E.02027
G1 X113.748 Y118.669 E.01671
G1 X113.238 Y118.262 E.02046
G1 X112.803 Y117.733 E.02147
G1 X112.485 Y117.178 E.02006
G1 X112.285 Y116.55 E.02066
G1 X112.198 Y115.936 E.01944
G1 X112.243 Y115.304 E.01987
G1 X112.386 Y114.72 E.01885
G1 X112.652 Y114.17 E.01916
G1 X112.988 Y113.7 E.01811
G1 X113.447 Y113.284 E.01942
G1 X113.885 Y113.006 E.01627
G1 X114.587 Y112.759 E.02333
G1 X115.317 Y112.696 E.02297
G1 X116.05 Y112.704 E.02298
G1 X116.467 Y112.794 E.01338
G1 X116.975 Y112.946 E.01663
G1 X117.435 Y113.193 E.01637
G1 X117.881 Y113.57 E.01831
G1 X118.253 Y114.009 E.01804
G1 X118.538 Y114.543 E.01898
G1 X118.727 Y115.112 E.0188
G1 X118.802 Y115.936 E.02594
G1 X118.709 Y116.577 E.02031
G1 X118.515 Y117.178 E.0198
G1 X118.178 Y117.762 E.02114
G1 X117.762 Y118.262 E.02039
G1 X117.252 Y118.669 E.02046
G1 X116.789 Y118.933 E.01671
G1 X116.186 Y119.166 E.02027
G1 X115.5 Y119.279 E.0218
G1 X115.342 Y119.253 E.00502
G1 X115.149 Y118.117 F9000
;TYPE:Internal infill
;WIDTH:0.44
G1 F900
G1 X115.5 Y118.175 E.01175
G1 X116.203 Y118.007 E.02386
G1 X116.76 Y117.687 E.02121
G1 X117.224 Y117.224 E.02164
G1 X114.132 Y114.132 E.14438
G1 X114.817 Y113.833 E.02468
G1 X115.463 Y113.788 E.02138
G1 X115.929 Y113.793 E.01539
G1 X116.441 Y113.903 E.01729
G1 X116.868 Y114.132 E.016
G1 X113.776 Y117.224 E.14438
G1 X113.484 Y116.737 E.01875
G1 X113.318 Y116.179 E.01922
G1 X113.297 Y115.618 E.01854
G1 X113.463 Y114.974 E.02196
;LAYER_CHANGE
;Z:45.4
;HEIGHT:0.200001
;BEFORE_LAYER_CHANGE
G92 E0
;45.4


G1 E-3.5 F3600
;WIPE_START
G1 F7200
G1 X113.297 Y115.618 E-.3159
G1 X113.318 Y116.179 E-.26666
G1 X113.484 Y116.737 E-.27653
G1 X113.776 Y117.224 E-.26972
G1 X114.329 Y116.671 E-.37119
;WIPE_END
G1 Z45.4 F9000
;AFTER_LAYER_CHANGE
;45.4
G1 X115.195 Y118.467
G1 E5 F2400
;TYPE:Perimeter
;WIDTH:0.439999
G1 F900
G1 X114.807 Y118.403 E.01298
G1 X114.284 Y118.194 E.0186
G1 X113.855 Y117.931 E.01661
G1 X113.476 Y117.577 E.01712
G1 X113.16 Y117.16 E.01727
G1 X112.951 Y116.718 E.01614
G1 X112.815 Y116.229 E.01676
G1 X112.792 Y115.59 E.02111
G1 X112.925 Y114.985 E.02045
G1 X113.197 Y114.451 E.01979
G1 X113.58 Y114.018 E.01909
G1 X114.017 Y113.721 E.01745
G1 X114.553 Y113.531 E.01878
G1 X115.146 Y113.481 E.01965
G1 X115.763 Y113.487 E.02037
G1 X116.334 Y113.61 E.01929
G1 X116.796 Y113.845 E.01711
G1 X117.224 Y114.22 E.01879
G1 X117.555 Y114.708 E.01947
G1 X117.76 Y115.281 E.02009
G1 X117.812 Y115.737 E.01515
G1 X117.802 Y116.055 E.0105
G1 X117.711 Y116.548 E.01655
G1 X117.526 Y116.996 E.016
G1 X117.245 Y117.442 E.0174
G1 X116.86 Y117.833 E.01812
G1 X116.447 Y118.129 E.01678
G1 X115.953 Y118.348 E.01784
G1 X115.3 Y118.485 E.02203
G1 X115.254 Y118.477 E.00154
G1 X115.138 Y118.86 F9000
G1 F900
G1 X114.909 Y118.823 E.00766
G1 X114.477 Y118.709 E.01475
G1 X113.955 Y118.474 E.0189
G1 X113.445 Y118.103 E.02082
G1 X113.043 Y117.689 E.01905
G1 X112.722 Y117.179 E.0199
G1 X112.508 Y116.662 E.01847
G1 X112.403 Y116.094 E.01907
G1 X112.396 Y115.554 E.01783
G1 X112.504 Y115.013 E.01821
G1 X112.691 Y114.527 E.01719
G1 X112.967 Y114.099 E.01681
G1 X113.318 Y113.718 E.0171
G1 X113.849 Y113.359 E.02116
G1 X114.469 Y113.14 E.02171
G1 X115.131 Y113.083 E.02194
G1 X115.807 Y113.091 E.02232
G1 X116.455 Y113.23 E.02188
G1 X117.018 Y113.515 E.02083
G1 X117.408 Y113.844 E.01685
G1 X117.732 Y114.228 E.01659
G1 X117.983 Y114.697 E.01756
G1 X118.149 Y115.195 E.01733
G1 X118.209 Y115.749 E.0184
G1 X118.177 Y116.293 E.01799
G1 X118.021 Y116.855 E.01926
G1 X117.781 Y117.366 E.01864
G1 X117.411 Y117.851 E.02014
G1 X116.986 Y118.249 E.01922
G1 X116.418 Y118.586 E.02181
G1 X115.891 Y118.789 E.01865
G1 X115.3 Y118.887 E.01978
G1 X115.197 Y118.87 E.00345
G1 X115.083 Y119.244 F9000
;TYPE:External perimeter
;WIDTH:0.419999
G1 F900
G1 X114.614 Y119.166 E.01491
G1 X114.011 Y118.933 E.02027
G1 X113.548 Y118.669 E.01671
G1 X113.038 Y118.262 E.02046
G1 X112.603 Y117.733 E.02147
G1 X112.285 Y117.178 E.02006
G1 X112.085 Y116.55 E.02066
G1 X111.998 Y115.936 E.01944
G1 X112.043 Y115.304 E.01987
G1 X112.186 Y114.72 E.01885
G1 X112.452 Y114.17 E.01916
G1 X112.788 Y113.7 E.01811
G1 X113.247 Y113.284 E.01942
G1 X113.685 Y113.006 E.01627
G1 X114.387 Y112.759 E.02333
G1 X115.117 Y112.696 E.02297
G1 X115.85 Y112.704 E.02298
G1 X116.267 Y112.794 E.01338
G1 X116.775 Y112.946 E.01663
G1 X117.235 Y113.193 E.01637
G1 X117.681 Y113.57 E.01831
G1 X118.053 Y114.009 E.01804
G1 X118.338 Y114.543 E.01898
G1 X118.527 Y115.112 E.0188
G1 X118.602 Y115.936 E.02594
G1 X118.509 Y116.577 E.02031
G1 X118.315 Y117.178 E.0198
G1 X117.978 Y117.762 E.02114
G1 X117.562 Y118.262 E.02039
G1 X117.052 Y118.669 E.02046
G1 X116.589 Y118.933 E.01671
G1 X115.986 Y119.166 E.02027
G1 X115.3 Y119.279 E.0218
G1 X115.142 Y119.253 E.00502
G1 X115.09 Y118.14 F9000
;TYPE:Internal infill
;WIDTH:0.44
G1 F900
G1 X115.3 Y118.175 E.00703
G1 X115.718 Y118.106 E.01399
G1 X116.294 Y117.864 E.02063
G1 X116.798 Y117.482 E.02088
G1 X117.106 Y117.106 E.01605
G1 X114.053 Y114.053 E.14256
G1 X114.617 Y113.833 E.01999
G1 X115.729 Y113.793 E.03674
G1 X116.241 Y113.903 E.01729
G1 X116.781 Y114.219 E.02066
G1 X113.667 Y117.333 E.1454
G1 X113.284 Y116.737 E.02339
G1 X113.118 Y116.179 E.01922
G1 X113.097 Y115.618 E.01854
G1 X113.209 Y115.106 E.0173
;LAYER_CHANGE
;Z:45.6
;HEIGHT:0.199997
;BEFORE_LAYER_CHANGE
G92 E0
;45.6


G1 E-3.5 F3600
;WIPE_START
G1 F7200
G1 X113.097 Y115.618 E-.24895
G1 X113.118 Y116.179 E-.26666
G1 X113.284 Y116.737 E-.27653
G1 X113.667 Y117.333 E-.33651
G1 X114.22 Y116.78 E-.37135
;WIPE_END
G1 Z45.6 F9000
;AFTER_LAYER_CHANGE
;45.6
G1 X113.674 Y117.835
G1 E5 F2400
;TYPE:Perimeter
;WIDTH:0.439999
G1 F900
G1 X113.298 Y117.421 E.01847
G1 X113.027 Y116.953 E.01786
G1 X112.856 Y116.425 E.01832
G1 X112.785 Y115.928 E.01658
G1 X112.815 Y115.434 E.01634
G1 X112.933 Y114.931 E.01706
G1 X113.224 Y114.351 E.02143
G1 X113.638 Y113.877 E.02078
G1 X114.142 Y113.534 E.02013
G1 X114.696 Y113.334 E.01945
G1 X115.242 Y113.284 E.0181
G1 X115.802 Y113.376 E.01874
G1 X116.295 Y113.593 E.01778
G1 X117.068 Y114.155 E.03155
G1 X117.273 Y114.385 E.01017
G1 X117.572 Y114.786 E.01652
G1 X117.763 Y115.312 E.01848
G1 X117.818 Y115.888 E.0191
G1 X117.724 Y116.48 E.01979
G1 X117.476 Y117.047 E.02043
G1 X117.198 Y117.419 E.01533
G1 X116.834 Y117.765 E.01658
G1 X116.422 Y118.018 E.01596
G1 X115.932 Y118.215 E.01744
G1 X115.391 Y118.304 E.0181
G1 X114.882 Y118.301 E.01681
G1 X114.354 Y118.188 E.01783
G1 X113.746 Y117.915 E.02201
G1 X113.714 Y117.88 E.00157
G1 X113.394 Y118.123 F9000
G1 F900
G1 X113.089 Y117.814 E.01434
G1 X112.743 Y117.266 E.0214
G1 X112.521 Y116.733 E.01906
G1 X112.406 Y116.123 E.0205
G1 X112.396 Y115.551 E.01889
G1 X112.51 Y114.968 E.01961
G1 X112.706 Y114.451 E.01826
G1 X113.014 Y113.972 E.0188
G1 X113.375 Y113.579 E.01762
G1 X113.819 Y113.263 E.01799
G1 X114.28 Y113.041 E.01689
G1 X114.759 Y112.922 E.0163
G1 X115.27 Y112.886 E.01691
G1 X115.917 Y112.992 E.02165
G1 X116.498 Y113.249 E.02098
G1 X117.333 Y113.856 E.03408
G1 X117.768 Y114.343 E.02156
G1 X117.974 Y114.715 E.01404
G1 X118.151 Y115.224 E.01779
G1 X118.216 Y115.9 E.02242
G1 X118.142 Y116.427 E.01757
G1 X117.984 Y116.928 E.01734
G1 X117.707 Y117.412 E.01841
G1 X117.361 Y117.833 E.01799
G1 X116.905 Y118.196 E.01924
G1 X116.41 Y118.468 E.01865
G1 X115.826 Y118.643 E.02013
G1 X115.248 Y118.714 E.01923
G1 X114.59 Y118.654 E.02182
G1 X114.044 Y118.508 E.01866
G1 X113.509 Y118.24 E.01976
G1 X113.436 Y118.166 E.00343
G1 X113.124 Y118.401 F9000
;TYPE:External perimeter
;WIDTH:0.419999
G1 F900
G1 X112.79 Y118.063 E.0149
G1 X112.4 Y117.446 E.02289
G1 X112.15 Y116.845 E.02041
G1 X112.021 Y116.163 E.02176
G1 X112.01 Y115.518 E.02023
G1 X112.138 Y114.862 E.02096
G1 X112.359 Y114.277 E.01961
G1 X112.707 Y113.737 E.02014
G1 X113.117 Y113.289 E.01904
G1 X113.622 Y112.93 E.01943
G1 X114.149 Y112.676 E.01834
G1 X114.749 Y112.532 E.01935
G1 X115.297 Y112.498 E.01722
G1 X116.028 Y112.618 E.02323
G1 X116.695 Y112.913 E.02287
G1 X117.591 Y113.564 E.03473
G1 X118.081 Y114.112 E.02305
G1 X118.353 Y114.615 E.01793
G1 X118.529 Y115.138 E.0173
G1 X118.597 Y115.705 E.01791
G1 X118.584 Y116.118 E.01296
G1 X118.478 Y116.7 E.01855
G1 X118.24 Y117.275 E.01951
G1 X117.915 Y117.794 E.0192
G1 X117.463 Y118.258 E.02031
G1 X116.953 Y118.63 E.01979
G1 X116.336 Y118.904 E.02117
G1 X115.707 Y119.064 E.02035
G1 X115.055 Y119.093 E.02046
G1 X114.525 Y119.036 E.01671
G1 X113.9 Y118.869 E.02028
G1 X113.278 Y118.558 E.0218
G1 X113.166 Y118.444 E.00501
G1 X114.992 Y118 F9000
;TYPE:Internal infill
;WIDTH:0.44
G1 F900
G1 X115.547 Y117.984 E.01833
G1 X116.136 Y117.819 E.0202
G1 X116.648 Y117.522 E.01954
G1 X117.082 Y117.082 E.02041
G1 X113.99 Y113.99 E.14438
G1 X114.518 Y113.704 E.01983
G1 X115.221 Y113.59 E.02351
G1 X115.714 Y113.671 E.0165
G1 X116.139 Y113.859 E.01534
G1 X116.719 Y114.281 E.02368
G1 X113.634 Y117.366 E.14405
G1 X113.307 Y116.828 E.02079
G1 X113.123 Y116.223 E.02088
G1 X113.098 Y115.612 E.02019
G1 X113.198 Y115.118 E.01664
;LAYER_CHANGE
;Z:45.8
;HEIGHT:0.200001
;BEFORE_LAYER_CHANGE
G92 E0
;45.8


G1 E-3.5 F3600
;WIPE_START
G1 F7200
G1 X113.098 Y115.611 E-.23894
G1 X113.123 Y116.223 E-.29094
G1 X113.307 Y116.828 E-.30037
G1 X113.634 Y117.366 E-.29905
G1 X114.186 Y116.814 E-.3707
;WIPE_END
G1 Z45.8 F9000
;AFTER_LAYER_CHANGE
;45.8
G1 X113.674 Y117.835
G1 E5 F2400
;TYPE:Perimeter
;WIDTH:0.439999
G1 F900
G1 X113.298 Y117.421 E.01847
G1 X113.027 Y116.953 E.01786
G1 X112.856 Y116.425 E.01832
G1 X112.785 Y115.928 E.01658
G1 X112.815 Y115.434 E.01634
G1 X112.933 Y114.931 E.01706
G1 X113.224 Y114.351 E.02143
G1 X113.638 Y113.877 E.02078
G1 X114.142 Y113.534 E.02013
G1 X114.696 Y113.334 E.01945
G1 X115.242 Y113.284 E.0181
G1 X115.802 Y113.376 E.01874
G1 X116.295 Y113.593 E.01778
G1 X117.068 Y114.155 E.03155
G1 X117.273 Y114.385 E.01017
G1 X117.572 Y114.786 E.01652
G1 X117.763 Y115.312 E.01848
G1 X117.818 Y115.888 E.0191
G1 X117.724 Y116.48 E.01979
G1 X117.476 Y117.047 E.02043
G1 X117.198 Y117.419 E.01533
G1 X116.834 Y117.765 E.01658
G1 X116.422 Y118.018 E.01596
G1 X115.932 Y118.215 E.01744
G1 X115.391 Y118.304 E.0181
G1 X114.882 Y118.301 E.01681
G1 X114.354 Y118.188 E.01783
G1 X113.746 Y117.915 E.02201
G1 X113.714 Y117.88 E.00157
G1 X113.394 Y118.123 F9000
G1 F900
G1 X113.089 Y117.814 E.01434
G1 X112.743 Y117.266 E.0214
G1 X112.521 Y116.733 E.01906
G1 X112.406 Y116.123 E.0205
G1 X112.396 Y115.551 E.01889
G1 X112.51 Y114.968 E.01961
G1 X112.706 Y114.451 E.01826
G1 X113.014 Y113.972 E.0188
G1 X113.375 Y113.579 E.01762
G1 X113.819 Y113.263 E.01799
G1 X114.28 Y113.041 E.01689
G1 X114.759 Y112.922 E.0163
G1 X115.27 Y112.886 E.01691
G1 X115.917 Y112.992 E.02165
G1 X116.498 Y113.249 E.02098
G1 X117.333 Y113.856 E.03408
G1 X117.768 Y114.343 E.02156
G1 X117.974 Y114.715 E.01404
G1 X118.151 Y115.224 E.01779
G1 X118.216 Y115.9 E.02242
G1 X118.142 Y116.427 E.01757
G1 X117.984 Y116.928 E.01734
G1 X117.707 Y117.412 E.01841
G1 X117.361 Y117.833 E.01799
G1 X116.905 Y118.196 E.01924
G1 X116.41 Y118.468 E.01865
G1 X115.826 Y118.643 E.02013
G1 X115.248 Y118.714 E.01923
G1 X114.59 Y118.654 E.02182
G1 X114.044 Y118.508 E.01866
G1 X113.509 Y118.24 E.01976
G1 X113.436 Y118.166 E.00343
G1 X113.124 Y118.401 F9000
;TYPE:External perimeter
;WIDTH:0.419999
G1 F900
G1 X112.79 Y118.063 E.0149
G1 X112.4 Y117.446 E.02289
G1 X112.15 Y116.845 E.02041
G1 X112.021 Y116.163 E.02176
G1 X112.01 Y115.518 E.02023
G1 X112.138 Y114.862 E.02096
G1 X112.359 Y114.277 E.01961
G1 X112.707 Y113.737 E.02014
G1 X113.117 Y113.289 E.01904
G1 X113.622 Y112.93 E.01943
G1 X114.149 Y112.676 E.01834
G1 X114.749 Y112.532 E.01935
G1 X115.297 Y112.498 E.01722
G1 X116.028 Y112.618 E.02323
G1 X116.695 Y112.913 E.02287
G1 X117.591 Y113.564 E.03473
G1 X118.081 Y114.112 E.02305
G1 X118.353 Y114.615 E.01793
G1 X118.529 Y115.138 E.0173
G1 X118.597 Y115.705 E.01791
G1 X118.584 Y116.118 E.01296
G1 X118.478 Y116.7 E.01855
G1 X118.24 Y117.275 E.01951
G1 X117.915 Y117.794 E.0192
G1 X117.463 Y118.258 E.02031
G1 X116.953 Y118.63 E.01979
G1 X116.336 Y118.904 E.02117
G1 X115.707 Y119.064 E.02035
G1 X115.055 Y119.093 E.02046
G1 X114.525 Y119.036 E.01671
G1 X113.9 Y118.869 E.02028
G1 X113.278 Y118.558 E.0218
G1 X113.166 Y118.444 E.00501
G1 X114.992 Y118 F9000
;TYPE:Internal infill
;WIDTH:0.44
G1 F900
G1 X115.547 Y117.984 E.01833
G1 X116.136 Y117.819 E.0202
G1 X116.648 Y117.522 E.01954
G1 X117.082 Y117.082 E.02041
G1 X113.99 Y113.99 E.14438
G1 X114.518 Y113.704 E.01983
G1 X115.221 Y113.59 E.02351
G1 X115.714 Y113.671 E.0165
G1 X116.139 Y113.859 E.01534
G1 X116.719 Y114.281 E.02368
G1 X113.634 Y117.366 E.14405
G1 X113.307 Y116.828 E.02079
G1 X113.123 Y116.223 E.02088
G1 X113.098 Y115.612 E.02019
G1 X113.198 Y115.118 E.01664
;LAYER_CHANGE
;Z:46
;HEIGHT:0.200001
;BEFORE_LAYER_CHANGE
G92 E0
;46


G1 E-3.5 F3600
;WIPE_START
G1 F7200
G1 X113.098 Y115.612 E-.23941
G1 X113.123 Y116.223 E-.29047
G1 X113.307 Y116.828 E-.30037
G1 X113.634 Y117.366 E-.29905
G1 X114.186 Y116.814 E-.3707
;WIPE_END
G1 Z46 F9000
;AFTER_LAYER_CHANGE
;46
G1 X112.645 Y116.317
G1 E5 F2400
;TYPE:Perimeter
;WIDTH:0.439999
G1 F900
G1 X112.587 Y115.928 E.01299
G1 X112.624 Y115.366 E.0186
G1 X112.741 Y114.877 E.0166
G1 X112.961 Y114.407 E.01713
G1 X113.259 Y113.978 E.01725
G1 X113.616 Y113.643 E.01616
G1 X114.039 Y113.362 E.01677
G1 X114.639 Y113.143 E.02109
G1 X115.278 Y113.085 E.02118
G1 X115.847 Y113.176 E.01903
G1 X116.378 Y113.406 E.01911
G1 X116.796 Y113.73 E.01746
G1 X117.142 Y114.181 E.01877
G1 X117.373 Y114.729 E.01964
G1 X117.557 Y115.318 E.02037
G1 X117.595 Y116.14 E.02717
G1 X117.441 Y116.678 E.01848
G1 X117.147 Y117.176 E.01909
G1 X116.723 Y117.6 E.0198
G1 X116.189 Y117.913 E.02044
G1 X115.745 Y118.051 E.01535
G1 X115.248 Y118.117 E.01655
G1 X114.765 Y118.079 E.016
G1 X114.254 Y117.95 E.0174
G1 X113.764 Y117.704 E.0181
G1 X113.354 Y117.403 E.01679
G1 X112.993 Y117.001 E.01784
G1 X112.661 Y116.422 E.02204
G1 X112.654 Y116.376 E.00154
G1 X112.254 Y116.384 F9000
G1 F900
G1 X112.219 Y116.155 E.00765
G1 X112.193 Y115.708 E.01478
G1 X112.256 Y115.14 E.01887
G1 X112.452 Y114.54 E.02084
G1 X112.721 Y114.03 E.01904
G1 X113.107 Y113.567 E.0199
G1 X113.532 Y113.203 E.01848
G1 X114.04 Y112.928 E.01907
G1 X114.551 Y112.755 E.01781
G1 X115.088 Y112.692 E.01785
G1 X115.619 Y112.718 E.01755
G1 X116.111 Y112.849 E.01681
G1 X116.582 Y113.064 E.01709
G1 X117.088 Y113.458 E.02117
G1 X117.488 Y113.98 E.02171
G1 X117.746 Y114.592 E.02193
G1 X117.948 Y115.238 E.02235
G1 X117.981 Y115.561 E.01072
G1 X117.999 Y116.079 E.01711
G1 X117.919 Y116.521 E.01483
G1 X117.726 Y116.993 E.01684
G1 X117.462 Y117.42 E.01658
G1 X117.093 Y117.803 E.01756
G1 X116.67 Y118.115 E.01735
G1 X116.163 Y118.344 E.01837
G1 X115.635 Y118.482 E.01802
G1 X115.052 Y118.507 E.01927
G1 X114.492 Y118.436 E.01864
G1 X113.916 Y118.234 E.02015
G1 X113.407 Y117.952 E.01921
G1 X112.91 Y117.517 E.02181
G1 X112.554 Y117.078 E.01866
G1 X112.279 Y116.547 E.01974
G1 X112.263 Y116.444 E.00344
G1 X111.873 Y116.45 F9000
;TYPE:External perimeter
;WIDTH:0.419999
G1 F900
G1 X111.801 Y115.98 E.01491
G1 X111.836 Y115.335 E.02025
G1 X111.945 Y114.813 E.01672
G1 X112.174 Y114.202 E.02046
G1 X112.542 Y113.625 E.02146
G1 X112.972 Y113.151 E.02007
G1 X113.508 Y112.767 E.02067
G1 X114.065 Y112.495 E.01944
G1 X114.667 Y112.344 E.01946
G1 X115.304 Y112.3 E.02002
G1 X115.885 Y112.38 E.01839
G1 X116.436 Y112.554 E.01812
G1 X116.973 Y112.863 E.01943
G1 X117.373 Y113.194 E.01628
G1 X117.825 Y113.784 E.0233
G1 X118.11 Y114.459 E.02297
G1 X118.329 Y115.159 E.023
G1 X118.373 Y115.584 E.0134
G1 X118.372 Y116.259 E.02116
G1 X118.224 Y116.818 E.01813
G1 X117.988 Y117.333 E.01776
G1 X117.632 Y117.813 E.01874
G1 X117.204 Y118.221 E.01854
G1 X116.674 Y118.547 E.01951
G1 X116.106 Y118.775 E.01919
G1 X115.468 Y118.885 E.0203
G1 X114.836 Y118.886 E.01982
G1 X114.177 Y118.746 E.02112
G1 X113.572 Y118.505 E.02042
G1 X113.028 Y118.146 E.02044
G1 X112.633 Y117.787 E.01674
G1 X112.225 Y117.285 E.02028
G1 X111.906 Y116.668 E.02178
G1 X111.882 Y116.51 E.00501
G1 X112.896 Y115.93 F9000
;TYPE:Internal infill
;WIDTH:0.44
G1 F900
G1 X112.945 Y115.285 E.02136
G1 X113.152 Y114.688 E.02086
G1 X113.491 Y114.178 E.02022
G1 X113.849 Y113.849 E.01605
G1 X116.939 Y116.939 E.14428
G1 X117.16 Y116.557 E.01457
G1 X117.31 Y115.902 E.02219
G1 X117.256 Y115.38 E.01733
G1 X117.086 Y114.835 E.01885
G1 X116.783 Y114.217 E.02273
G1 X113.707 Y117.293 E.14363
G1 X114.078 Y117.537 E.01466
G1 X114.652 Y117.75 E.02021
G1 X115.24 Y117.811 E.01952
G1 X115.955 Y117.672 E.02405
;LAYER_CHANGE
;Z:46.2
;HEIGHT:0.200001
;BEFORE_LAYER_CHANGE
G92 E0
;46.2


G1 E-3.5 F3600
;WIPE_START
G1 F7200
G1 X115.24 Y117.811 E-.34598
G1 X114.652 Y117.75 E-.2808
G1 X114.078 Y117.537 E-.29082
G1 X113.707 Y117.293 E-.21092
G1 X114.26 Y116.74 E-.37148
;WIPE_END
G1 Z46.2 F9000
;AFTER_LAYER_CHANGE
;46.2
G1 X112.599 Y115.459
G1 E5 F2400
;TYPE:Perimeter
;WIDTH:0.439999
G1 F900
G1 X112.687 Y114.778 E.02267
G1 X112.865 Y114.293 E.01706
G1 X113.129 Y113.828 E.01765
G1 X113.354 Y113.597 E.01065
G1 X113.804 Y113.271 E.01835
G1 X114.254 Y113.05 E.01655
G1 X114.746 Y112.924 E.01677
G1 X115.281 Y112.886 E.01771
G1 X115.89 Y112.981 E.02035
G1 X116.468 Y113.228 E.02075
G1 X116.95 Y113.6 E.0201
G1 X117.311 Y114.066 E.01946
G1 X117.536 Y114.589 E.0188
G1 X117.597 Y115.139 E.01827
G1 X117.568 Y115.647 E.0168
G1 X117.269 Y116.567 E.03194
G1 X116.978 Y117.067 E.0191
G1 X116.612 Y117.434 E.01711
G1 X116.123 Y117.725 E.01879
G1 X115.557 Y117.889 E.01946
G1 X114.948 Y117.907 E.02012
G1 X114.335 Y117.767 E.02076
G1 X113.911 Y117.561 E.01556
G1 X113.496 Y117.263 E.01687
G1 X113.145 Y116.873 E.01732
G1 X112.878 Y116.448 E.01657
G1 X112.702 Y115.982 E.01645
G1 X112.61 Y115.518 E.01562
G1 X112.2 Y115.475 F9000
G1 F900
G1 X112.224 Y115.086 E.01287
G1 X112.355 Y114.515 E.01934
G1 X112.544 Y114.043 E.01679
G1 X112.816 Y113.58 E.01773
G1 X112.985 Y113.407 E.00799
G1 X113.407 Y113.048 E.01829
G1 X113.951 Y112.75 E.02048
G1 X114.492 Y112.564 E.01889
G1 X115.135 Y112.493 E.02136
G1 X115.635 Y112.519 E.01653
G1 X116.184 Y112.664 E.01875
G1 X116.67 Y112.885 E.01763
G1 X117.107 Y113.209 E.01796
G1 X117.462 Y113.58 E.01695
G1 X117.725 Y114.004 E.01647
G1 X117.919 Y114.479 E.01694
G1 X117.998 Y115.295 E.02707
G1 X117.954 Y115.741 E.0148
G1 X117.633 Y116.73 E.03433
G1 X117.394 Y117.142 E.01573
G1 X117.102 Y117.529 E.01601
G1 X116.736 Y117.83 E.01565
G1 X116.281 Y118.09 E.0173
G1 X115.781 Y118.246 E.01729
G1 X115.267 Y118.315 E.01712
G1 X114.721 Y118.273 E.01808
G1 X114.198 Y118.141 E.01781
G1 X113.683 Y117.887 E.01896
G1 X113.231 Y117.56 E.01842
G1 X112.829 Y117.113 E.01985
G1 X112.521 Y116.625 E.01905
G1 X112.295 Y116.002 E.02188
G1 X112.211 Y115.535 E.01567
G1 X111.811 Y115.491 F9000
;TYPE:External perimeter
;WIDTH:0.419999
G1 F900
G1 X111.872 Y114.87 E.01956
G1 X111.998 Y114.362 E.01641
G1 X112.194 Y113.879 E.01634
G1 X112.51 Y113.339 E.01962
G1 X112.962 Y112.907 E.0196
G1 X113.397 Y112.601 E.01668
G1 X113.981 Y112.313 E.02042
G1 X114.617 Y112.151 E.02058
G1 X115.304 Y112.101 E.0216
G1 X115.912 Y112.183 E.01924
G1 X116.499 Y112.365 E.01927
G1 X117.044 Y112.671 E.0196
G1 X117.506 Y113.045 E.01864
G1 X117.886 Y113.517 E.019
G1 X118.163 Y114.012 E.01779
G1 X118.323 Y114.518 E.01664
G1 X118.385 Y115.285 E.02413
G1 X118.331 Y115.833 E.01727
G1 X117.988 Y116.889 E.03481
G1 X117.618 Y117.526 E.0231
G1 X117.223 Y117.94 E.01794
G1 X116.78 Y118.269 E.0173
G1 X116.244 Y118.515 E.01849
G1 X115.679 Y118.665 E.01833
G1 X115.067 Y118.696 E.01921
G1 X114.465 Y118.624 E.01901
G1 X113.861 Y118.416 E.02003
G1 X113.312 Y118.116 E.01962
G1 X112.808 Y117.682 E.02085
G1 X112.398 Y117.185 E.0202
G1 X112.091 Y116.601 E.02069
G1 X111.922 Y116.106 E.0164
G1 X111.822 Y115.55 E.01771
G1 X112.979 Y115.838 F9000
;TYPE:Internal infill
;WIDTH:0.44
G1 F900
G1 X112.906 Y115.447 E.01313
G1 X112.923 Y115.174 E.00903
G1 X113.083 Y114.55 E.02127
G1 X113.37 Y114.018 E.01996
G1 X113.707 Y113.707 E.01514
G1 X116.787 Y116.787 E.14382
G1 X116.988 Y116.441 E.01321
G1 X117.297 Y115.408 E.0356
G1 X117.242 Y114.673 E.02434
G1 X116.939 Y114.061 E.02255
G1 X113.849 Y117.151 E.14428
G1 X114.44 Y117.48 E.02233
G1 X114.978 Y117.602 E.01821
G1 X115.509 Y117.587 E.01754
G1 X116.094 Y117.396 E.02032
;LAYER_CHANGE
;Z:46.4
;HEIGHT:0.200001
;BEFORE_LAYER_CHANGE
G92 E0
;46.4


G1 E-3.5 F3600
;WIPE_START
G1 F7200
G1 X115.509 Y117.587 E-.29231
G1 X114.978 Y117.602 E-.25233
G1 X114.44 Y117.48 E-.26204
G1 X113.849 Y117.151 E-.32129
G1 X114.403 Y116.597 E-.37203
;WIPE_END
G1 Z46.4 F9000
;AFTER_LAYER_CHANGE
;46.4
G1 X112.799 Y115.459
G1 E5 F2400
;TYPE:Perimeter
;WIDTH:0.439999
G1 F900
G1 X112.887 Y114.778 E.02267
G1 X113.065 Y114.293 E.01706
G1 X113.329 Y113.828 E.01765
G1 X113.554 Y113.597 E.01065
G1 X114.004 Y113.271 E.01835
G1 X114.454 Y113.05 E.01655
G1 X114.946 Y112.924 E.01677
G1 X115.481 Y112.886 E.01771
G1 X116.09 Y112.981 E.02035
G1 X116.668 Y113.228 E.02075
G1 X117.15 Y113.6 E.0201
G1 X117.511 Y114.066 E.01946
G1 X117.736 Y114.589 E.0188
G1 X117.797 Y115.139 E.01827
G1 X117.768 Y115.647 E.0168
G1 X117.469 Y116.567 E.03194
G1 X117.178 Y117.067 E.0191
G1 X116.812 Y117.434 E.01711
G1 X116.323 Y117.725 E.01879
G1 X115.757 Y117.889 E.01946
G1 X115.148 Y117.907 E.02012
G1 X114.535 Y117.767 E.02076
G1 X114.111 Y117.561 E.01556
G1 X113.696 Y117.263 E.01687
G1 X113.345 Y116.873 E.01732
G1 X113.078 Y116.448 E.01657
G1 X112.902 Y115.982 E.01645
G1 X112.81 Y115.518 E.01562
G1 X112.4 Y115.475 F9000
G1 F900
G1 X112.424 Y115.086 E.01287
G1 X112.555 Y114.515 E.01934
G1 X112.744 Y114.043 E.01679
G1 X113.016 Y113.58 E.01773
G1 X113.185 Y113.407 E.00799
G1 X113.607 Y113.048 E.01829
G1 X114.151 Y112.75 E.02048
G1 X114.692 Y112.564 E.01889
G1 X115.335 Y112.493 E.02136
G1 X115.835 Y112.519 E.01653
G1 X116.384 Y112.664 E.01875
G1 X116.87 Y112.885 E.01763
G1 X117.307 Y113.209 E.01796
G1 X117.662 Y113.58 E.01695
G1 X117.925 Y114.004 E.01647
G1 X118.119 Y114.479 E.01694
G1 X118.198 Y115.295 E.02707
G1 X118.154 Y115.741 E.0148
G1 X117.833 Y116.73 E.03433
G1 X117.594 Y117.142 E.01573
G1 X117.302 Y117.529 E.01601
G1 X116.936 Y117.83 E.01565
G1 X116.481 Y118.09 E.0173
G1 X115.981 Y118.246 E.01729
G1 X115.467 Y118.315 E.01712
G1 X114.921 Y118.273 E.01808
G1 X114.398 Y118.141 E.01781
G1 X113.883 Y117.887 E.01896
G1 X113.431 Y117.56 E.01842
G1 X113.029 Y117.113 E.01985
G1 X112.721 Y116.625 E.01905
G1 X112.495 Y116.002 E.02188
G1 X112.411 Y115.535 E.01567
G1 X112.011 Y115.491 F9000
;TYPE:External perimeter
;WIDTH:0.419999
G1 F900
G1 X112.072 Y114.87 E.01956
G1 X112.198 Y114.362 E.01641
G1 X112.394 Y113.879 E.01634
G1 X112.71 Y113.339 E.01962
G1 X113.162 Y112.907 E.0196
G1 X113.597 Y112.601 E.01668
G1 X114.181 Y112.313 E.02042
G1 X114.817 Y112.151 E.02058
G1 X115.504 Y112.101 E.0216
G1 X116.112 Y112.183 E.01924
G1 X116.699 Y112.365 E.01927
G1 X117.244 Y112.671 E.0196
G1 X117.706 Y113.045 E.01864
G1 X118.086 Y113.517 E.019
G1 X118.363 Y114.012 E.01779
G1 X118.523 Y114.518 E.01664
G1 X118.585 Y115.285 E.02413
G1 X118.531 Y115.833 E.01727
G1 X118.188 Y116.889 E.03481
G1 X117.818 Y117.526 E.0231
G1 X117.423 Y117.94 E.01794
G1 X116.98 Y118.269 E.0173
G1 X116.444 Y118.515 E.01849
G1 X115.879 Y118.665 E.01833
G1 X115.267 Y118.696 E.01921
G1 X114.665 Y118.624 E.01901
G1 X114.061 Y118.416 E.02003
G1 X113.512 Y118.116 E.01962
G1 X113.008 Y117.682 E.02085
G1 X112.598 Y117.185 E.0202
G1 X112.291 Y116.601 E.02069
G1 X112.122 Y116.106 E.0164
G1 X112.022 Y115.55 E.01771
G1 X113.217 Y115.975 F9000
;TYPE:Internal infill
;WIDTH:0.44
G1 F900
G1 X113.106 Y115.447 E.01781
G1 X113.184 Y114.854 E.01975
G1 X113.424 Y114.248 E.02152
G1 X113.795 Y113.795 E.01933
G1 X116.91 Y116.91 E.14545
G1 X117.188 Y116.441 E.018
G1 X117.497 Y115.408 E.0356
G1 X117.442 Y114.673 E.02434
G1 X117.247 Y114.221 E.01625
G1 X117.051 Y113.949 E.01107
G1 X113.937 Y117.063 E.1454
G1 X114.38 Y117.366 E.01772
G1 X114.907 Y117.559 E.01853
G1 X115.446 Y117.611 E.01788
G1 X116.166 Y117.457 E.02431
;LAYER_CHANGE
;Z:46.6
;HEIGHT:0.199997
;BEFORE_LAYER_CHANGE
G92 E0
;46.6


G1 E-3.5 F3600
;WIPE_START
G1 F7200
G1 X115.446 Y117.611 E-.34974
G1 X114.907 Y117.559 E-.25721
G1 X114.38 Y117.366 E-.26658
G1 X113.937 Y117.063 E-.25494
G1 X114.49 Y116.51 E-.37153
;WIPE_END
G1 Z46.6 F9000
;AFTER_LAYER_CHANGE
;46.6
G1 X112.861 Y115.739
G1 E5 F2400
;TYPE:Perimeter
;WIDTH:0.439999
G1 F900
G1 X112.799 Y115.457 E.00953
G1 X112.881 Y114.828 E.02094
G1 X113.056 Y114.356 E.01662
G1 X113.313 Y113.911 E.01697
G1 X113.653 Y113.532 E.01681
G1 X114.091 Y113.195 E.01825
G1 X114.486 Y112.999 E.01456
G1 X114.993 Y112.844 E.0175
G1 X115.493 Y112.804 E.01656
G1 X116.007 Y112.844 E.01702
G1 X116.459 Y113 E.01579
G1 X116.935 Y113.322 E.01897
G1 X117.296 Y113.691 E.01704
G1 X117.619 Y114.231 E.02078
G1 X117.79 Y114.816 E.02012
G1 X117.814 Y115.249 E.01432
G1 X117.782 Y115.567 E.01055
G1 X117.643 Y116.05 E.01659
G1 X117.409 Y116.44 E.01502
G1 X117.086 Y116.834 E.01682
G1 X116.304 Y117.403 E.03193
G1 X116.013 Y117.531 E.0105
G1 X115.539 Y117.691 E.01652
G1 X114.98 Y117.71 E.01847
G1 X114.415 Y117.585 E.01911
G1 X113.881 Y117.312 E.0198
G1 X113.418 Y116.901 E.02044
G1 X113.15 Y116.522 E.01533
G1 X112.933 Y116.069 E.01658
G1 X112.874 Y115.798 E.00916
G1 X112.47 Y115.826 F9000
G1 F900
G1 X112.4 Y115.474 E.01185
G1 X112.423 Y115.111 E.01201
G1 X112.564 Y114.519 E.02009
G1 X112.782 Y114.006 E.0184
G1 X113.129 Y113.51 E.01999
G1 X113.52 Y113.113 E.0184
G1 X114.028 Y112.777 E.02011
G1 X114.542 Y112.55 E.01855
G1 X115.116 Y112.428 E.01938
G1 X115.739 Y112.41 E.02058
G1 X116.212 Y112.487 E.01582
G1 X116.637 Y112.645 E.01497
G1 X117.076 Y112.919 E.01709
G1 X117.495 Y113.317 E.01908
G1 X117.818 Y113.749 E.01781
G1 X118.048 Y114.25 E.0182
G1 X118.183 Y114.753 E.0172
G1 X118.21 Y115.262 E.01683
G1 X118.151 Y115.776 E.01708
G1 X117.932 Y116.379 E.02118
G1 X117.641 Y116.802 E.01695
G1 X117.344 Y117.138 E.01481
G1 X116.503 Y117.749 E.03432
G1 X115.9 Y118.015 E.02176
G1 X115.277 Y118.116 E.02084
G1 X114.768 Y118.079 E.01685
G1 X114.28 Y117.959 E.01659
G1 X113.802 Y117.727 E.01754
G1 X113.375 Y117.421 E.01734
G1 X112.999 Y117.008 E.01844
G1 X112.706 Y116.549 E.01798
G1 X112.515 Y116.048 E.0177
G1 X112.482 Y115.884 E.00552
G1 X112.089 Y115.91 F9000
;TYPE:External perimeter
;WIDTH:0.419999
G1 F900
G1 X112.011 Y115.491 E.01336
G1 X112.028 Y115.222 E.00845
G1 X112.12 Y114.632 E.01872
G1 X112.358 Y113.997 E.02126
G1 X112.677 Y113.449 E.01988
G1 X113.116 Y112.961 E.02058
G1 X113.674 Y112.529 E.02213
G1 X114.239 Y112.254 E.0197
G1 X114.846 Y112.072 E.01987
G1 X115.497 Y112.02 E.02048
G1 X115.996 Y112.052 E.01568
G1 X116.57 Y112.179 E.01843
G1 X116.81 Y112.299 E.00841
G1 X117.312 Y112.611 E.01853
G1 X117.784 Y113.059 E.0204
G1 X118.151 Y113.551 E.01925
G1 X118.412 Y114.119 E.0196
G1 X118.566 Y114.692 E.0186
G1 X118.591 Y115.48 E.02472
G1 X118.463 Y116.086 E.01942
G1 X118.272 Y116.569 E.01629
G1 X117.96 Y117.022 E.01725
G1 X117.595 Y117.434 E.01726
G1 X116.697 Y118.086 E.03479
G1 X116.022 Y118.384 E.02313
G1 X115.666 Y118.466 E.01145
G1 X115.088 Y118.498 E.01815
G1 X114.526 Y118.433 E.01774
G1 X113.959 Y118.242 E.01876
G1 X113.439 Y117.961 E.01853
G1 X112.965 Y117.558 E.01951
G1 X112.572 Y117.088 E.01921
G1 X112.284 Y116.546 E.01924
G1 X112.118 Y116.068 E.01587
G1 X112.1 Y115.969 E.00315
G1 X113.152 Y115.42 F9000
;TYPE:Solid infill
;WIDTH:0.528142
G1 F900
G1 X113.241 Y114.877 E.0222
;WIDTH:0.514138
G1 X113.488 Y114.301 E.02456
;WIDTH:0.55092
G1 X113.787 Y113.904 E.02099
G1 X114.282 Y113.501 E.02696
;WIDTH:0.546012
G1 X114.795 Y113.257 E.02376
;WIDTH:0.529886
G1 X115.346 Y113.154 E.0227
G1 X115.938 Y113.19 E.02402
;WIDTH:0.537274
G1 X116.161 Y113.249 E.00948
G1 X116.399 Y113.371 E.01099
;WIDTH:0.504962
G1 X116.637 Y113.492 E.01026
;WIDTH:0.47265
G1 X116.831 Y113.649 E.00892
;WIDTH:0.441276
G1 X117.244 Y114.176 E.02218
G1 X117.35 Y114.387 E.00782
;WIDTH:0.412113
G1 X117.456 Y114.598 E.00725
;WIDTH:0.38295
G1 X117.582 Y115.119 E.01516
G1 X117.554 Y115.641 E.01478
G1 X117.395 Y116.084 E.01331
G1 X117.084 Y116.537 E.01554
G1 X116.599 Y116.915 E.01739
;WIDTH:0.429386
G1 X115.957 Y117.211 E.02272
G1 X115.461 Y117.298 E.01618
;WIDTH:0.38292
G1 X114.917 Y117.28 E.01539
;WIDTH:0.412444
G1 X114.804 Y117.31 E.00359
;WIDTH:0.441968
G1 X114.691 Y117.34 E.00388
;WIDTH:0.450228
G1 X114.517 Y117.289 E.00614
;WIDTH:0.481414
G1 X114.209 Y117.081 E.01355
;WIDTH:0.5126
G1 X113.9 Y116.873 E.01455
G1 X113.505 Y116.42 E.02347
;WIDTH:0.509994
G1 X113.273 Y115.952 E.02029
;WIDTH:0.520289
G1 X113.196 Y115.614 E.01376
G1 E-3.5 F3600
;WIPE_START
G1 F7200
G1 X113.273 Y115.952 E-.16466
G1 X113.505 Y116.42 E-.24812
G1 X113.9 Y116.873 E-.28549
G1 X114.209 Y117.081 E-.17693
G1 X114.517 Y117.289 E-.17654
G1 X114.691 Y117.34 E-.08613
G1 X114.804 Y117.31 E-.05553
G1 X114.917 Y117.28 E-.05553
G1 X115.445 Y117.298 E-.25107
;WIPE_END
G1 X116.349 Y113.798 F9000
G1 E5 F2400
;TYPE:Internal infill
;WIDTH:0.44
G1 F900
G1 X115.9 Y113.631 E.01582
G1 X115.141 Y113.62 E.02506
G1 X114.725 Y113.752 E.01441
G1 X114.149 Y114.149 E.0231
G1 X116.582 Y116.582 E.11361
G1 X115.551 Y116.967 E.03634
G1 X115.237 Y117.014 E.01048
G1 X114.726 Y116.943 E.01703
G1 X114.338 Y116.662 E.01582
G1 X116.796 Y114.204 E.11477
G1 X117.094 Y114.682 E.0186
G1 X117.251 Y115.094 E.01456
G1 X117.295 Y115.422 E.01093
G1 X117.127 Y115.973 E.01902
G1 X116.857 Y116.352 E.01536
;LAYER_CHANGE
;Z:46.8
;HEIGHT:0.200001
;BEFORE_LAYER_CHANGE
G92 E0
;46.8


G1 E-3.5 F3600
;WIPE_START
G1 F7200
G1 X117.127 Y115.973 E-.22104
G1 X117.295 Y115.422 E-.27362
G1 X117.251 Y115.094 E-.1572
G1 X117.094 Y114.682 E-.20943
G1 X116.796 Y114.204 E-.26756
G1 X116.244 Y114.756 E-.37115
;WIPE_END
G1 Z46.8 F9000
;AFTER_LAYER_CHANGE
;46.8
G1 X117.942 Y115.714
G1 E5 F2400
;TYPE:Perimeter
;WIDTH:0.439999
G1 F900
G1 X117.875 Y116.015 E.01018
G1 X117.603 Y116.549 E.01979
G1 X117.307 Y116.896 E.01506
G1 X116.911 Y117.205 E.01658
G1 X116.483 Y117.385 E.01533
G1 X115.999 Y117.512 E.01652
G1 X115.032 Y117.512 E.03193
G1 X114.721 Y117.445 E.0105
G1 X114.244 Y117.295 E.01651
G1 X113.78 Y116.982 E.01848
G1 X113.397 Y116.549 E.01909
G1 X113.174 Y116.126 E.01579
G1 X113.025 Y115.622 E.01735
G1 X113.016 Y115.186 E.0144
G1 X113.131 Y114.704 E.01636
G1 X113.371 Y114.191 E.0187
G1 X113.714 Y113.772 E.01788
G1 X114.148 Y113.397 E.01894
G1 X114.756 Y113.111 E.02218
G1 X115.187 Y113.021 E.01454
G1 X115.716 Y113.009 E.01747
G1 X116.274 Y113.119 E.01878
G1 X116.672 Y113.293 E.01434
G1 X117.107 Y113.605 E.01767
G1 X117.524 Y114.03 E.01966
G1 X117.729 Y114.375 E.01325
G1 X117.93 Y114.902 E.01862
G1 X118.001 Y115.454 E.01838
G1 X117.956 Y115.656 E.00683
G1 X118.335 Y115.801 F9000
G1 F900
G1 X118.303 Y115.962 E.00542
G1 X118.109 Y116.473 E.01805
G1 X117.825 Y116.91 E.01721
G1 X117.482 Y117.282 E.01671
G1 X116.951 Y117.641 E.02116
G1 X116.467 Y117.812 E.01695
G1 X116.029 Y117.909 E.01481
G1 X114.99 Y117.909 E.0343
G1 X114.345 Y117.77 E.02179
G1 X113.96 Y117.589 E.01405
G1 X113.518 Y117.282 E.01777
G1 X113.166 Y116.899 E.01718
G1 X112.891 Y116.473 E.01674
G1 X112.71 Y116.007 E.01651
G1 X112.6 Y115.473 E.018
G1 X112.662 Y114.923 E.01827
G1 X112.802 Y114.432 E.01686
G1 X113.036 Y113.979 E.01683
G1 X113.421 Y113.504 E.02019
G1 X113.939 Y113.057 E.02259
G1 X114.433 Y112.824 E.01803
G1 X114.956 Y112.65 E.0182
G1 X115.53 Y112.608 E.019
G1 X116.044 Y112.65 E.01703
G1 X116.554 Y112.802 E.01757
G1 X117.042 Y113.043 E.01797
G1 X117.528 Y113.434 E.02059
G1 X117.847 Y113.796 E.01593
G1 X118.088 Y114.202 E.01559
G1 X118.313 Y114.793 E.02088
G1 X118.4 Y115.473 E.02263
G1 X118.347 Y115.742 E.00905
G1 X118.714 Y115.885 F9000
;TYPE:External perimeter
;WIDTH:0.419999
G1 F900
G1 X118.614 Y116.28 E.01278
G1 X118.346 Y116.834 E.0193
G1 X118.012 Y117.3 E.01798
G1 X117.553 Y117.716 E.01942
G1 X117.115 Y117.994 E.01627
G1 X116.595 Y118.177 E.01728
G1 X116.058 Y118.296 E.01725
G1 X114.948 Y118.296 E.0348
G1 X114.228 Y118.14 E.0231
G1 X113.712 Y117.893 E.01794
G1 X113.262 Y117.573 E.01731
G1 X112.86 Y117.136 E.01862
G1 X112.545 Y116.649 E.01819
G1 X112.314 Y116.031 E.02069
G1 X112.211 Y115.49 E.01727
G1 X112.227 Y115.235 E.00801
G1 X112.314 Y114.682 E.01755
G1 X112.545 Y114.07 E.02051
G1 X112.836 Y113.57 E.01814
G1 X113.297 Y113.066 E.02142
G1 X113.735 Y112.725 E.0174
G1 X114.489 Y112.37 E.02613
G1 X115.089 Y112.243 E.01923
G1 X115.611 Y112.223 E.01638
G1 X116.116 Y112.269 E.0159
G1 X116.742 Y112.461 E.02053
G1 X117.259 Y112.72 E.01813
G1 X117.796 Y113.153 E.02163
G1 X118.161 Y113.567 E.01731
G1 X118.437 Y114.033 E.01698
G1 X118.687 Y114.687 E.02195
G1 X118.789 Y115.49 E.02538
G1 X118.75 Y115.742 E.008
G1 X118.728 Y115.827 E.00275
G1 X117.792 Y115.837 F9000
M204 S250
;TYPE:Bridge infill
;WIDTH:0.406995
;HEIGHT:0.389872
G1 F1500
G1 X117.103 Y116.637 E.05711
G1 X116.813 Y116.883 E.02057
G1 X116.645 Y116.981 E.01052
G1 X116.138 Y117.16 E.02908
G1 X116.037 Y117.175 E.00552
G1 X117.663 Y115.286 E.13481
G1 X117.614 Y114.991 E.01617
G1 X117.521 Y114.749 E.01402
G1 X115.427 Y117.184 E.17371
G1 X115.067 Y117.184 E.01947
G1 X114.862 Y117.14 E.01134
G1 X117.304 Y114.301 E.20255
G1 X117.258 Y114.224 E.00485
G1 X117.008 Y113.945 E.02026
G1 X114.382 Y116.997 E.21777
G1 X114.187 Y116.883 E.01222
G1 X114.001 Y116.74 E.01269
G1 X116.651 Y113.658 E.21985
G1 X116.427 Y113.531 E.01393
G1 X116.226 Y113.452 E.01168
G1 X113.693 Y116.397 E.2101
G1 X113.537 Y116.144 E.01608
G1 X113.461 Y115.966 E.01047
G1 X115.712 Y113.349 E.18671
G1 X115.352 Y113.33 E.0195
G1 X115.098 Y113.362 E.01385
G1 X113.329 Y115.418 E.1467
G1 X113.341 Y115.227 E.01035
G1 X113.392 Y114.959 E.01476
G1 X113.477 Y114.699 E.0148
G1 X113.593 Y114.452 E.01476
G1 X113.692 Y114.295 E.01004
G1 X114.474 Y113.387 E.06482
M204 S500
;LAYER_CHANGE
;Z:47
;HEIGHT:0.200001
;BEFORE_LAYER_CHANGE
G92 E0
;47


G1 E-3.5 F3600
;WIPE_START
G1 F7200
G1 X113.692 Y114.295 E-.56921
G1 X113.593 Y114.452 E-.08816
G1 X113.477 Y114.699 E-.12962
G1 X113.392 Y114.959 E-.12993
G1 X113.341 Y115.227 E-.12958
G1 X113.329 Y115.418 E-.0909
G1 X113.827 Y114.839 E-.3626
;WIPE_END
G1 Z47 F9000
;AFTER_LAYER_CHANGE
;47
G1 X113.231 Y115.213
G1 E5 F2400
;TYPE:Perimeter
;WIDTH:0.439999
G1 F900
G1 X113.269 Y114.927 E.00953
G1 X113.481 Y114.39 E.01906
G1 X113.821 Y113.923 E.01907
G1 X114.22 Y113.612 E.0167
G1 X114.692 Y113.347 E.01787
G1 X115.171 Y113.224 E.01633
G1 X115.802 Y113.235 E.02084
G1 X116.212 Y113.309 E.01376
G1 X116.585 Y113.487 E.01365
G1 X117.048 Y113.805 E.01855
G1 X117.371 Y114.196 E.01674
G1 X117.637 Y114.641 E.01712
G1 X117.757 Y115.144 E.01707
G1 X117.792 Y115.681 E.01777
G1 X117.698 Y116.175 E.0166
G1 X117.472 Y116.653 E.01746
G1 X117.181 Y117.072 E.01684
G1 X116.753 Y117.413 E.01807
G1 X116.257 Y117.673 E.01849
G1 X115.738 Y117.718 E.0172
G1 X115.225 Y117.614 E.01728
G1 X114.722 Y117.421 E.01779
G1 X113.939 Y116.852 E.03196
G1 X113.553 Y116.421 E.0191
G1 X113.317 Y115.959 E.01713
G1 X113.199 Y115.452 E.01719
G1 X113.223 Y115.273 E.00596
G1 X112.82 Y115.161 F9000
G1 F900
G1 X112.931 Y114.682 E.01623
G1 X113.132 Y114.198 E.0173
G1 X113.412 Y113.794 E.01623
G1 X113.765 Y113.431 E.01672
G1 X114.367 Y113.049 E.02354
G1 X114.789 Y112.899 E.01479
G1 X115.312 Y112.806 E.01754
G1 X116.024 Y112.851 E.02356
G1 X116.635 Y113.049 E.02121
G1 X117.048 Y113.308 E.0161
G1 X117.459 Y113.642 E.01749
G1 X117.875 Y114.215 E.02338
G1 X118.049 Y114.632 E.01492
G1 X118.158 Y115.156 E.01767
G1 X118.18 Y115.839 E.02256
G1 X118.076 Y116.298 E.01554
G1 X117.887 Y116.72 E.01527
G1 X117.598 Y117.185 E.01808
G1 X117.271 Y117.521 E.01548
G1 X116.858 Y117.814 E.01672
G1 X116.362 Y118.059 E.01827
G1 X115.95 Y118.109 E.0137
G1 X115.415 Y118.085 E.01768
G1 X114.923 Y117.939 E.01694
G1 X114.512 Y117.76 E.0148
G1 X113.671 Y117.149 E.03432
G1 X113.383 Y116.827 E.01426
G1 X113.075 Y116.396 E.01749
G1 X112.905 Y115.966 E.01527
G1 X112.8 Y115.471 E.01671
G1 X112.816 Y115.221 E.00827
G1 X112.435 Y115.113 F9000
;TYPE:External perimeter
;WIDTH:0.419999
G1 F900
G1 X112.576 Y114.522 E.01905
G1 X112.793 Y114.012 E.01738
G1 X113.15 Y113.503 E.01949
G1 X113.526 Y113.124 E.01674
G1 X114.19 Y112.702 E.02467
G1 X114.773 Y112.503 E.01932
G1 X115.3 Y112.417 E.01674
G1 X115.852 Y112.452 E.01734
G1 X116.307 Y112.524 E.01444
G1 X116.81 Y112.702 E.01673
G1 X117.254 Y112.981 E.01644
G1 X117.749 Y113.382 E.01997
G1 X118.005 Y113.735 E.01367
G1 X118.3 Y114.208 E.01748
G1 X118.509 Y114.821 E.02031
G1 X118.553 Y115.2 E.01196
G1 X118.575 Y115.73 E.01663
G1 X118.522 Y116.114 E.01215
G1 X118.374 Y116.632 E.01689
G1 X118.045 Y117.244 E.02179
G1 X117.752 Y117.614 E.0148
G1 X117.357 Y117.962 E.01651
G1 X116.951 Y118.211 E.01493
G1 X116.464 Y118.435 E.01681
G1 X115.858 Y118.499 E.01911
G1 X115.34 Y118.467 E.01627
G1 X114.813 Y118.31 E.01724
G1 X114.308 Y118.09 E.01727
G1 X113.41 Y117.438 E.03479
G1 X112.919 Y116.888 E.02312
G1 X112.73 Y116.574 E.01149
G1 X112.51 Y115.993 E.01948
G1 X112.411 Y115.49 E.01607
G1 X112.431 Y115.173 E.00996
G1 X113.509 Y115.437 F9000
;TYPE:Solid infill
;WIDTH:0.439999
G1 F900
G1 X113.567 Y114.998 E.01462
G1 X113.806 Y114.45 E.01974
G1 X114.197 Y113.989 E.01996
G1 X114.681 Y113.681 E.01894
G1 X115.125 Y113.539 E.01539
G1 X115.366 Y113.526 E.00797
G1 X115.907 Y113.548 E.01788
G1 X116.321 Y113.682 E.01437
G1 X116.933 Y114.113 E.02471
G1 X117.262 Y114.567 E.01851
G1 X117.438 Y115.048 E.01691
G1 X117.495 Y115.528 E.01596
G1 X117.433 Y116.002 E.01578
G1 X117.319 Y116.293 E.01032
G1 X117.046 Y116.749 E.01755
G1 X116.711 Y117.079 E.01553
G1 X116.17 Y117.375 E.02036
G1 X115.551 Y117.392 E.02045
G1 X115.044 Y117.242 E.01746
G1 X114.143 Y116.622 E.03611
G1 X113.805 Y116.244 E.01674
G1 X113.606 Y115.854 E.01446
G1 X113.554 Y115.63 E.00759
G1 X113.912 Y115.417 E.01375
G1 X113.956 Y115.086 E.01102
G1 X114.094 Y114.756 E.01181
G1 X114.39 Y114.352 E.01654
G1 X114.851 Y114.044 E.01831
G1 X115.197 Y113.933 E.012
G1 X115.832 Y113.941 E.02097
G1 X116.152 Y114.045 E.01111
G1 X116.575 Y114.325 E.01675
G1 X116.908 Y114.755 E.01796
G1 X117.049 Y115.14 E.01354
G1 X117.094 Y115.526 E.01283
G1 X117.044 Y115.915 E.01295
G1 X116.797 Y116.424 E.01868
G1 X116.582 Y116.663 E.01061
G1 X116.053 Y116.986 E.02046
G1 X115.746 Y117.013 E.01018
G1 X115.217 Y116.879 E.01802
G1 X114.549 Y116.419 E.02678
G1 X114.237 Y116.131 E.01402
G1 X114.037 Y115.826 E.01204
G1 X113.97 Y115.607 E.00756
G1 X114.315 Y115.398 E.01332
G1 X114.377 Y115.074 E.01089
G1 X114.621 Y114.687 E.01511
G1 X114.911 Y114.476 E.01184
G1 X115.27 Y114.327 E.01283
G1 X115.614 Y114.325 E.01136
G1 X115.982 Y114.407 E.01245
G1 X116.308 Y114.619 E.01284
G1 X116.436 Y114.78 E.00679
G1 X116.604 Y115.079 E.01132
G1 X116.68 Y115.401 E.01092
G1 X116.659 Y115.795 E.01303
G1 X116.506 Y116.128 E.0121
G1 X116.328 Y116.358 E.0096
G1 X115.935 Y116.598 E.0152
G1 X115.77 Y116.612 E.00547
G1 X115.391 Y116.516 E.01291
G1 X114.672 Y116.022 E.0288
G1 X114.419 Y115.701 E.01349
G1 X114.379 Y115.585 E.00405
G1 X114.78 Y115.528 E.01337
G1 X114.999 Y115.765 E.01065
G1 X115.564 Y116.153 E.02263
G1 X115.818 Y116.209 E.00859
G1 X116.111 Y116.012 E.01166
G1 X116.266 Y115.735 E.01048
G1 X116.28 Y115.398 E.01114
G1 X116.201 Y115.132 E.00916
G1 X116.041 Y114.913 E.00895
G1 X115.682 Y114.727 E.01335
G1 X115.343 Y114.72 E.0112
G1 X115.015 Y114.88 E.01205
G1 X114.818 Y115.086 E.00941
G1 X114.723 Y115.339 E.00892
G1 X115.174 Y115.314 E.01491
;WIDTH:0.487221
G1 X115.349 Y115.167 E.00844
G1 X115.563 Y115.141 E.00796
;WIDTH:0.488342
G1 X115.748 Y115.226 E.00754
G1 X115.808 Y115.308 E.00376
G1 X115.87 Y115.518 E.00811
G1 X115.786 Y115.739 E.00876
G1 X115.726 Y115.754 E.00229
G1 X115.298 Y115.46 E.01923
;LAYER_CHANGE
;Z:47.2
;HEIGHT:0.200001
;BEFORE_LAYER_CHANGE
G92 E0
;47.2


G1 E-3.5 F3600
;WIPE_START
G1 F7200
G1 X115.726 Y115.754 E-.24664
G1 X115.786 Y115.739 E-.02938
G1 X115.87 Y115.518 E-.1123
G1 X115.808 Y115.308 E-.10401
G1 X115.748 Y115.226 E-.04826
G1 X115.563 Y115.141 E-.09671
G1 X115.349 Y115.167 E-.1024
G1 X115.174 Y115.314 E-.10856
G1 X114.723 Y115.339 E-.21455
G1 X114.818 Y115.086 E-.12837
G1 X115.015 Y114.88 E-.13539
G1 X115.343 Y114.72 E-.17343
;WIPE_END
G1 Z47.2 F9000
;AFTER_LAYER_CHANGE
;47.2
G1 X113.452 Y115.653
G1 E5 F2400
;TYPE:Perimeter
;WIDTH:0.439999
G1 F900
G1 X113.404 Y115.479 E.00596
G1 X113.468 Y114.978 E.01668
G1 X113.661 Y114.489 E.01736
G1 X113.97 Y114.064 E.01735
G1 X114.381 Y113.726 E.01757
G1 X114.851 Y113.505 E.01715
G1 X115.368 Y113.406 E.01738
G1 X115.893 Y113.439 E.01737
G1 X116.393 Y113.602 E.01736
G1 X116.837 Y113.883 E.01735
G1 X117.197 Y114.267 E.01738
G1 X117.451 Y114.728 E.01738
G1 X117.582 Y115.237 E.01735
G1 X117.582 Y115.763 E.01737
G1 X117.517 Y116.013 E.00853
G1 X117.357 Y116.486 E.01649
G1 X117.011 Y116.961 E.0194
G1 X116.623 Y117.252 E.01601
G1 X116.179 Y117.49 E.01663
G1 X115.632 Y117.594 E.01838
G1 X115.107 Y117.561 E.01737
G1 X114.607 Y117.398 E.01736
G1 X114.16 Y117.115 E.01747
G1 X113.935 Y116.877 E.01081
G1 X113.737 Y116.583 E.0117
G1 X113.536 Y115.964 E.02149
G1 X113.467 Y115.711 E.00866
G1 X113.066 Y115.743 F9000
G1 F900
G1 X113.003 Y115.487 E.0087
G1 X113.08 Y114.879 E.02023
G1 X113.311 Y114.296 E.02071
G1 X113.679 Y113.79 E.02066
G1 X114.167 Y113.387 E.0209
G1 X114.728 Y113.124 E.02046
G1 X115.343 Y113.007 E.02067
G1 X115.968 Y113.046 E.02068
G1 X116.564 Y113.239 E.02068
G1 X117.092 Y113.575 E.02066
G1 X117.521 Y114.031 E.02067
G1 X117.823 Y114.58 E.02069
G1 X117.979 Y115.187 E.02069
G1 X117.979 Y115.813 E.02067
G1 X117.853 Y116.303 E.0167
G1 X117.7 Y116.689 E.01371
G1 X117.392 Y117.113 E.0173
G1 X117.108 Y117.415 E.01369
G1 X116.665 Y117.696 E.01732
G1 X116.29 Y117.873 E.01369
G1 X115.657 Y117.993 E.02127
G1 X115.032 Y117.954 E.02068
G1 X114.436 Y117.761 E.02068
G1 X113.906 Y117.424 E.02074
G1 X113.517 Y117.014 E.01866
G1 X113.37 Y116.739 E.0103
G1 X113.131 Y116.003 E.02555
G1 X113.081 Y115.801 E.00687
G1 X112.693 Y115.83 F9000
;TYPE:External perimeter
;WIDTH:0.419999
G1 F900
G1 X112.612 Y115.495 E.01081
G1 X112.702 Y114.782 E.02253
G1 X112.969 Y114.108 E.02273
G1 X113.394 Y113.523 E.02267
G1 X113.958 Y113.058 E.02292
G1 X114.607 Y112.753 E.02248
G1 X115.319 Y112.617 E.02273
G1 X116.041 Y112.663 E.02268
G1 X116.73 Y112.886 E.02271
G1 X117.341 Y113.274 E.02269
G1 X117.837 Y113.802 E.02271
G1 X118.186 Y114.437 E.02272
G1 X118.366 Y115.138 E.02269
G1 X118.366 Y115.862 E.0227
G1 X118.228 Y116.399 E.01738
G1 X118.035 Y116.887 E.01645
G1 X117.705 Y117.34 E.01757
G1 X117.346 Y117.722 E.01644
G1 X116.873 Y118.023 E.01758
G1 X116.399 Y118.246 E.01642
G1 X115.681 Y118.383 E.02292
G1 X114.959 Y118.337 E.02268
G1 X114.27 Y118.114 E.02271
G1 X113.658 Y117.725 E.02274
G1 X113.201 Y117.243 E.02083
G1 X113.012 Y116.891 E.01253
G1 X112.763 Y116.123 E.02531
G1 X112.706 Y115.889 E.00755
G1 E-3.5 F3600
;WIPE_START
G1 F7200
G1 X112.693 Y115.83 E-.0287
G1 X112.612 Y115.495 E-.16371
G1 X112.702 Y114.782 E-.34136
G1 X112.969 Y114.108 E-.34436
G1 X113.394 Y113.523 E-.34346
G1 X113.847 Y113.15 E-.27841
;WIPE_END
G1 X116.229 Y117.335 F9000
G1 E5 F2400
;TYPE:Top solid infill
;WIDTH:0.405035
G1 F900
G1 X116.804 Y116.76 E.02448
G1 X117.11 Y116.34 E.01565
G1 X117.173 Y116.205 E.00449
G1 X117.286 Y115.767 E.01362
G1 X115.777 Y117.275 E.06423
G1 X115.614 Y117.306 E.005
G1 X115.256 Y117.284 E.0108
G1 X117.29 Y115.25 E.08661
G1 X117.185 Y114.843 E.01266
G1 X114.851 Y117.177 E.09939
G1 X114.729 Y117.138 E.00386
G1 X114.514 Y117.001 E.00768
G1 X117.005 Y114.511 E.10605
G1 X116.964 Y114.436 E.00257
G1 X116.772 Y114.232 E.00844
G1 X114.23 Y116.774 E.10824
G1 X114.076 Y116.611 E.00675
G1 X114.008 Y116.484 E.00434
G1 X116.49 Y114.002 E.10569
G1 X116.271 Y113.862 E.00783
G1 X116.155 Y113.825 E.00367
G1 X113.88 Y116.1 E.09687
G1 X113.755 Y115.713 E.01225
G1 X115.751 Y113.716 E.08501
G1 X115.386 Y113.694 E.01101
G1 X115.233 Y113.723 E.00469
G1 X113.724 Y115.232 E.06426
G1 X113.747 Y115.05 E.00552
G1 X113.914 Y114.628 E.01367
G1 X114.176 Y114.268 E.01341
G1 X114.755 Y113.688 E.02468
; stop printing object Auto_modifiedZ_bolt_25x8_0.2.stl id:0 copy 0
G1 E-3.5 F3600
;WIPE_START
G1 F7200;_WIPE
G1 X114.176 Y114.268 E-.38928
G1 X113.914 Y114.628 E-.21149
G1 X113.747 Y115.05 E-.21558
G1 X113.724 Y115.232 E-.08714
G1 X114.612 Y114.344 E-.59651
;WIPE_END
M107
;TYPE:Custom
; Filament-specific end gcode 
;END gcode for filament
G1 Z49.2 F600 ; Move print head up
G1 X5 Y193.8 F9000 ; present print
G1 Z117.2 F600 ; Move print head further up
G1 Z150 F600 ; Move print head further up
M140 S0 ; turn off heatbed
M104 S0 ; turn off temperature
M107 ; turn off fan
M84 X Y E ; disable motors
; objects_info = {"objects":[{"name":"Auto_modifiedZ_bolt_25x8_0.2.stl id:0 copy 0","polygon":[[119.174,109.517],[122.628,115.500],[119.164,121.500],[111.836,121.500],[108.372,115.500],[111.836,109.500]]}]}
; filament used [mm] = 763.74
; filament used [cm3] = 1.84
; filament used [g] = 2.28
; filament cost = 0.05
; total filament used [g] = 2.28
; total filament cost = 0.05
; total filament used for wipe tower [g] = 0.00
; estimated printing time (normal mode) = 29m 46s
; estimated first layer printing time (normal mode) = 1m 39s

; prusaslicer_config = begin
; arc_fitting = disabled
; autoemit_temperature_commands = 1
; automatic_extrusion_widths = 0
; automatic_infill_combination = 0
; automatic_infill_combination_max_layer_height = 100%
; avoid_crossing_curled_overhangs = 0
; avoid_crossing_perimeters = 0
; avoid_crossing_perimeters_max_detour = 0
; bed_custom_model = 
; bed_custom_texture = 
; bed_shape = 3x3,228x3,228x228,3x228
; bed_temperature = 60
; bed_temperature_extruder = 0
; before_layer_gcode = ;BEFORE_LAYER_CHANGE\nG92 E0\n;{layer_z}\n\n
; between_objects_gcode = 
; binary_gcode = 0
; bottom_fill_pattern = monotonic
; bottom_solid_layers = 3
; bottom_solid_min_thickness = 0
; bridge_acceleration = 250
; bridge_angle = 0
; bridge_fan_speed = 100
; bridge_flow_ratio = 0.95
; bridge_speed = 25
; brim_separation = 0
; brim_type = outer_only
; brim_width = 5
; chamber_minimal_temperature = 0
; chamber_temperature = 0
; color_change_gcode = M600
; colorprint_heights = 
; compatible_printers_condition_cummulative = "printer_model=~/(ENDER|CR|SERMOON).*/ and nozzle_diameter[0]==0.4";printer_notes=~/.*PRINTER_VENDOR_CREALITY.*/
; complete_objects = 0
; cooling = 1
; cooling_perimeter_transition_distance = 0
; cooling_slowdown_logic = uniform_cooling
; cooling_tube_length = 5
; cooling_tube_retraction = 91.5
; custom_parameters_filament = ""
; custom_parameters_print = 
; custom_parameters_printer = 
; default_acceleration = 500
; default_filament_profile = "Generic PLA @CREALITY"
; default_print_profile = "0.16 mm OPTIMAL (0.4 mm nozzle) @CREALITY"
; deretract_speed = 40
; disable_fan_first_layers = 1
; dont_support_bridges = 1
; draft_shield = disabled
; duplicate_distance = 6
; elefant_foot_compensation = 0.1
; enable_dynamic_fan_speeds = 0
; enable_dynamic_overhang_speeds = 0
; end_filament_gcode = "; Filament-specific end gcode \n;END gcode for filament\n"
; end_gcode = {if max_layer_z < max_print_height}G1 Z{z_offset+min(max_layer_z+2, max_print_height)} F600 ; Move print head up{endif}\nG1 X5 Y{print_bed_max[1]*0.85} F{travel_speed*60} ; present print\n{if max_layer_z < max_print_height-10}G1 Z{z_offset+min(max_layer_z+70, max_print_height-10)} F600 ; Move print head further up{endif}\n{if max_layer_z < max_print_height*0.6}G1 Z{max_print_height*0.6} F600 ; Move print head further up{endif}\nM140 S0 ; turn off heatbed\nM104 S0 ; turn off temperature\nM107 ; turn off fan\nM84 X Y E ; disable motors
; ensure_vertical_shell_thickness = enabled
; external_perimeter_acceleration = 0
; external_perimeter_extrusion_width = 0.42
; external_perimeter_speed = 25
; external_perimeters_first = 0
; extra_loading_move = -2
; extra_perimeters = 0
; extra_perimeters_on_overhangs = 0
; extruder_clearance_height = 25
; extruder_clearance_radius = 55
; extruder_colour = #FCE94F
; extruder_offset = 0x0
; extrusion_axis = E
; extrusion_multiplier = 1
; extrusion_width = 0.44
; fan_always_on = 1
; fan_below_layer_time = 100
; filament_abrasive = 0
; filament_colour = #DDDDDD
; filament_cooling_final_speed = 3.4
; filament_cooling_initial_speed = 2.2
; filament_cooling_moves = 4
; filament_cost = 20
; filament_density = 1.24
; filament_deretract_speed = nil
; filament_diameter = 1.75
; filament_infill_max_crossing_speed = 0
; filament_infill_max_speed = 0
; filament_load_time = 0
; filament_loading_speed = 28
; filament_loading_speed_start = 3
; filament_max_volumetric_speed = 15
; filament_minimal_purge_on_wipe_tower = 15
; filament_multitool_ramming = 0
; filament_multitool_ramming_flow = 10
; filament_multitool_ramming_volume = 10
; filament_notes = ""
; filament_purge_multiplier = 100%
; filament_ramming_parameters = "120 100 6.6 6.8 7.2 7.6 7.9 8.2 8.7 9.4 9.9 10.0| 0.05 6.6 0.45 6.8 0.95 7.8 1.45 8.3 1.95 9.7 2.45 10 2.95 7.6 3.45 7.6 3.95 7.6 4.45 7.6 4.95 7.6"
; filament_retract_before_travel = nil
; filament_retract_before_wipe = nil
; filament_retract_layer_change = nil
; filament_retract_length = nil
; filament_retract_length_toolchange = nil
; filament_retract_lift = nil
; filament_retract_lift_above = nil
; filament_retract_lift_below = nil
; filament_retract_restart_extra = nil
; filament_retract_restart_extra_toolchange = nil
; filament_retract_speed = nil
; filament_seam_gap_distance = nil
; filament_settings_id = "Generic PLA @CREALITY"
; filament_shrinkage_compensation_xy = 0%
; filament_shrinkage_compensation_z = 0%
; filament_soluble = 0
; filament_spool_weight = 0
; filament_stamping_distance = 0
; filament_stamping_loading_speed = 20
; filament_toolchange_delay = 0
; filament_travel_lift_before_obstacle = nil
; filament_travel_max_lift = nil
; filament_travel_ramping_lift = nil
; filament_travel_slope = nil
; filament_type = PLA
; filament_unload_time = 0
; filament_unloading_speed = 90
; filament_unloading_speed_start = 100
; filament_vendor = Generic
; filament_wipe = nil
; fill_angle = 45
; fill_density = 20%
; fill_pattern = grid
; first_layer_acceleration = 0
; first_layer_acceleration_over_raft = 0
; first_layer_bed_temperature = 60
; first_layer_extrusion_width = 0.42
; first_layer_height = 0.2
; first_layer_infill_speed = 0
; first_layer_speed = 20
; first_layer_speed_over_raft = 30
; first_layer_temperature = 210
; full_fan_speed_layer = 0
; fuzzy_skin = none
; fuzzy_skin_point_dist = 0.8
; fuzzy_skin_thickness = 0.3
; gap_fill_enabled = 1
; gap_fill_speed = 30
; gcode_comments = 0
; gcode_flavor = marlin
; gcode_label_objects = octoprint
; gcode_resolution = 0.0125
; gcode_substitutions = 
; high_current_on_filament_swap = 0
; host_type = prusalink
; idle_temperature = 150
; infill_acceleration = 0
; infill_anchor = 600%
; infill_anchor_max = 50
; infill_every_layers = 1
; infill_extruder = 1
; infill_extrusion_width = 0.44
; infill_first = 0
; infill_overlap = 23%
; infill_speed = 50
; inherits_cummulative = "0.20 mm NORMAL (0.4 mm nozzle) @CREALITY";;
; interface_shells = 0
; interlocking_beam = 0
; interlocking_beam_layer_count = 2
; interlocking_beam_width = 0.8
; interlocking_boundary_avoidance = 2
; interlocking_depth = 2
; interlocking_orientation = 22.5
; ironing = 0
; ironing_flowrate = 10%
; ironing_spacing = 0.1
; ironing_speed = 20
; ironing_type = top
; layer_gcode = ;AFTER_LAYER_CHANGE\n;{layer_z}
; layer_height = 0.2
; machine_limits_usage = emit_to_gcode
; machine_max_acceleration_e = 5000
; machine_max_acceleration_extruding = 500
; machine_max_acceleration_retracting = 1000
; machine_max_acceleration_travel = 500
; machine_max_acceleration_x = 500
; machine_max_acceleration_y = 500
; machine_max_acceleration_z = 100
; machine_max_feedrate_e = 60
; machine_max_feedrate_x = 500
; machine_max_feedrate_y = 500
; machine_max_feedrate_z = 10
; machine_max_jerk_e = 5
; machine_max_jerk_x = 8
; machine_max_jerk_y = 8
; machine_max_jerk_z = 0.4
; machine_max_junction_deviation = 0,0
; machine_min_extruding_rate = 0
; machine_min_travel_rate = 0
; max_fan_speed = 100
; max_layer_height = 0.32
; max_print_height = 250
; max_print_speed = 100
; max_volumetric_extrusion_rate_slope_negative = 0
; max_volumetric_extrusion_rate_slope_positive = 0
; max_volumetric_speed = 0
; min_bead_width = 85%
; min_fan_speed = 100
; min_feature_size = 25%
; min_layer_height = 0.06
; min_print_speed = 15
; min_skirt_length = 4
; mmu_segmented_region_interlocking_depth = 0
; mmu_segmented_region_max_width = 0
; multimaterial_purging = 140
; notes = 
; nozzle_diameter = 0.4
; nozzle_high_flow = 0
; only_one_perimeter_first_layer = 0
; only_retract_when_crossing_perimeters = 0
; ooze_prevention = 0
; output_filename_format = {input_filename_base}_{print_time}_{digits(layer_height,1,2)}mm_{temperature[0]}C_{filament_type[0]}_{printer_model}.gcode
; over_bridge_speed = 0
; overhang_fan_speed_0 = 0
; overhang_fan_speed_1 = 0
; overhang_fan_speed_2 = 0
; overhang_fan_speed_3 = 0
; overhang_speed_0 = 15
; overhang_speed_1 = 15
; overhang_speed_2 = 20
; overhang_speed_3 = 25
; overhangs = 1
; parking_pos_retraction = 92
; pause_print_gcode = 
; perimeter_acceleration = 0
; perimeter_extruder = 1
; perimeter_extrusion_width = 0.44
; perimeter_generator = arachne
; perimeter_speed = 40
; perimeters = 3
; physical_printer_settings_id = 
; post_process = 
; prefer_clockwise_movements = 0
; print_settings_id = 0.20 mm NORMAL (0.4 mm nozzle) @CREALITY - Copy
; printer_model = ENDER3
; printer_notes = Don't remove the following keywords! These keywords are used in the "compatible printer" condition of the print and filament profiles to link the particular print and filament profiles to this printer profile.\nPRINTER_VENDOR_CREALITY\nPRINTER_MODEL_ENDER3\nPRINTER_HAS_BOWDEN
; printer_settings_id = Creality Ender-3 (0.4 mm nozzle)
; printer_technology = FFF
; printer_variant = 0.4
; printer_vendor = 
; profile_vendor = Creality
; profile_version = 1.1.0
; raft_contact_distance = 0.1
; raft_expansion = 1.5
; raft_first_layer_density = 90%
; raft_first_layer_expansion = 3
; raft_layers = 0
; remaining_times = 0
; resolution = 0
; retract_before_travel = 2
; retract_before_wipe = 70%
; retract_layer_change = 1
; retract_length = 5
; retract_length_toolchange = 1
; retract_lift = 0
; retract_lift_above = 0.2
; retract_lift_below = 0
; retract_restart_extra = 0
; retract_restart_extra_toolchange = 0
; retract_speed = 60
; scarf_seam_entire_loop = 0
; scarf_seam_length = 20
; scarf_seam_max_segment_length = 1
; scarf_seam_on_inner_perimeters = 0
; scarf_seam_only_on_smooth = 1
; scarf_seam_placement = nowhere
; scarf_seam_start_height = 0%
; seam_gap_distance = 15%
; seam_position = nearest
; silent_mode = 0
; single_extruder_multi_material = 0
; single_extruder_multi_material_priming = 0
; skirt_distance = 3
; skirt_height = 2
; skirts = 1
; slice_closing_radius = 0.049
; slicing_mode = regular
; slowdown_below_layer_time = 20
; small_perimeter_speed = 25
; solid_infill_acceleration = 0
; solid_infill_below_area = 0
; solid_infill_every_layers = 0
; solid_infill_extruder = 1
; solid_infill_extrusion_width = 0.44
; solid_infill_speed = 40
; spiral_vase = 0
; staggered_inner_seams = 0
; standby_temperature_delta = -5
; start_filament_gcode = "; Filament gcode\n"
; start_gcode = G90 ; use absolute coordinates\nM83 ; extruder relative mode\nM104 S{is_nil(idle_temperature[0]) ? 150 : idle_temperature[0]} ; set temporary nozzle temp to prevent oozing during homing\nM140 S{first_layer_bed_temperature[0]} ; set final bed temp\nG4 S30 ; allow partial nozzle warmup\nG28 ; home all axis\nG1 Z50 F240\nG1 X2.0 Y10 F3000\nM104 S{first_layer_temperature[0]} ; set final nozzle temp\nM190 S{first_layer_bed_temperature[0]} ; wait for bed temp to stabilize\nM109 S{first_layer_temperature[0]} ; wait for nozzle temp to stabilize\nG1 Z0.28 F240\nG92 E0\nG1 X2.0 Y140 E10 F1500 ; prime the nozzle\nG1 X2.3 Y140 F5000\nG92 E0\nG1 X2.3 Y10 E10 F1200 ; prime the nozzle\nG92 E0
; support_material = 0
; support_material_angle = 0
; support_material_auto = 0
; support_material_bottom_contact_distance = 0
; support_material_bottom_interface_layers = -1
; support_material_buildplate_only = 0
; support_material_closing_radius = 2
; support_material_contact_distance = 0.15
; support_material_enforce_layers = 0
; support_material_extruder = 0
; support_material_extrusion_width = 0.36
; support_material_interface_contact_loops = 0
; support_material_interface_extruder = 0
; support_material_interface_layers = 2
; support_material_interface_pattern = rectilinear
; support_material_interface_spacing = 0.2
; support_material_interface_speed = 100%
; support_material_pattern = rectilinear
; support_material_spacing = 1
; support_material_speed = 40
; support_material_style = grid
; support_material_synchronize_layers = 0
; support_material_threshold = 40
; support_material_with_sheath = 0
; support_material_xy_spacing = 60%
; support_tree_angle = 40
; support_tree_angle_slow = 25
; support_tree_branch_diameter = 2
; support_tree_branch_diameter_angle = 5
; support_tree_branch_diameter_double_wall = 3
; support_tree_branch_distance = 1
; support_tree_tip_diameter = 0.8
; support_tree_top_rate = 15%
; temperature = 205
; template_custom_gcode = 
; thick_bridges = 1
; thin_walls = 0
; thumbnails = 
; thumbnails_format = PNG
; toolchange_gcode = 
; top_fill_pattern = monotonic
; top_infill_extrusion_width = 0.4
; top_one_perimeter_type = none
; top_solid_infill_acceleration = 0
; top_solid_infill_speed = 30
; top_solid_layers = 3
; top_solid_min_thickness = 0
; travel_acceleration = 0
; travel_lift_before_obstacle = 0
; travel_max_lift = 0
; travel_ramping_lift = 0
; travel_short_distance_acceleration = 0
; travel_slope = 0
; travel_speed = 150
; travel_speed_z = 0
; use_firmware_retraction = 0
; use_relative_e_distances = 1
; use_volumetric_e = 0
; variable_layer_height = 1
; wall_distribution_count = 1
; wall_transition_angle = 10
; wall_transition_filter_deviation = 25%
; wall_transition_length = 100%
; wipe = 1
; wipe_into_infill = 0
; wipe_into_objects = 0
; wipe_tower = 0
; wipe_tower_acceleration = 0
; wipe_tower_bridging = 10
; wipe_tower_brim_width = 2
; wipe_tower_cone_angle = 0
; wipe_tower_extra_flow = 100%
; wipe_tower_extra_spacing = 100%
; wipe_tower_extruder = 0
; wipe_tower_no_sparse_layers = 0
; wipe_tower_width = 60
; wiping_volumes_matrix = 0
; wiping_volumes_use_custom_matrix = 0
; xy_size_compensation = 0
; z_offset = 0
; prusaslicer_config = end
