; generated by PrusaSlicer 2.9.4 on 2026-08-10 at 21:43:33 UTC

; 

; external perimeters extrusion width = 0.42mm
; perimeters extrusion width = 0.44mm
; infill extrusion width = 0.44mm
; solid infill extrusion width = 0.44mm
; top infill extrusion width = 0.40mm
; first layer extrusion width = 0.42mm

M201 X500 Y500 Z100 E5000 ; sets maximum accelerations, mm/sec^2
M203 X500 Y500 Z10 E60 ; sets maximum feedrates, mm / sec
M204 S500 T1000 ; sets acceleration (S) and retract acceleration (R), mm/sec^2
M205 X8.00 Y8.00 Z0.40 E5.00 ; sets the jerk limits, mm/sec
M205 S0 T0 ; sets the minimum extruding and travel feed rate, mm/sec

; printing object Auto_modifiedZ_Pyramid_0.2.stl id:0 copy 0
; stop printing object Auto_modifiedZ_Pyramid_0.2.stl id:0 copy 0

;TYPE:Custom
G90 ; use absolute coordinates
M83 ; extruder relative mode
M104 S150 ; set temporary nozzle temp to prevent oozing during homing
M140 S60 ; set final bed temp
G4 S30 ; allow partial nozzle warmup
G28 ; home all axis
G1 Z50 F240
G1 X2.0 Y10 F3000
M104 S210 ; set final nozzle temp
M190 S60 ; wait for bed temp to stabilize
M109 S210 ; wait for nozzle temp to stabilize
G1 Z0.28 F240
G92 E0
G1 X2.0 Y140 E10 F1500 ; prime the nozzle
G1 X2.3 Y140 F5000
G92 E0
G1 X2.3 Y10 E10 F1200 ; prime the nozzle
G92 E0
G21 ; set units to millimeters
G90 ; use absolute coordinates
M83 ; use relative distances for extrusion
; Filament gcode
M107
;LAYER_CHANGE
;Z:0.2
;HEIGHT:0.2
G1 E-5 F3600
G1 Z.2 F9000
G1 X98.889 Y97.909
G1 E5 F2400
M204 S500
;TYPE:Skirt/Brim
;WIDTH:0.42
G1 F1200
G1 X100.6 Y97.411 E.05587
G1 X130.4 Y97.411 E.93436
G1 X131.935 Y97.805 E.04969
G1 X133.091 Y98.889 E.04969
G1 X133.589 Y100.6 E.05587
G1 X133.589 Y130.4 E.93436
G1 X133.195 Y131.935 E.04969
G1 X132.111 Y133.091 E.04969
G1 X130.4 Y133.589 E.05587
G1 X100.6 Y133.589 E.93436
G1 X99.065 Y133.195 E.04969
G1 X97.909 Y132.111 E.04969
G1 X97.411 Y130.4 E.05587
G1 X97.411 Y100.6 E.93436
G1 X97.805 Y99.065 E.04969
G1 X98.848 Y97.953 E.0478
G1 E-3.5 F3600
;WIPE_START
G1 F7200
G1 X98.889 Y97.909 E-.02857
G1 X100.6 Y97.411 E-.84645
G1 X101.916 Y97.411 E-.62498
;WIPE_END
; printing object Auto_modifiedZ_Pyramid_0.2.stl id:0 copy 0
G1 X101.664 Y101.664 F9000
G1 E5 F2400
;TYPE:Perimeter
;WIDTH:0.419999
G1 F1200
G1 X129.336 Y101.664 E.86763
G1 X129.336 Y129.336 E.86763
G1 X101.664 Y129.336 E.86763
G1 X101.664 Y101.724 E.86575
G1 X101.287 Y101.287 F9000
G1 F1200
G1 X129.713 Y101.287 E.89128
G1 X129.713 Y129.713 E.89128
G1 X101.287 Y129.713 E.89128
G1 X101.287 Y101.347 E.88939
G1 X100.91 Y100.91 F9000
;TYPE:External perimeter
G1 F1200
G1 X130.09 Y100.91 E.91492
G1 X130.09 Y130.09 E.91492
G1 X100.91 Y130.09 E.91492
G1 X100.91 Y100.97 E.91304
G1 E-3.5 F3600
;WIPE_START
G1 F7200
G1 X100.91 Y100.91 E-.0285
G1 X104.008 Y100.91 E-1.4715
;WIPE_END
G1 X128.453 Y101.785 F9000
G1 E5 F2400
;TYPE:Solid infill
;WIDTH:0.420062
G1 F1200
G1 X129.045 Y102.378 E.02628
G1 X129.045 Y102.911 E.01671
G1 X128.089 Y101.955 E.0424
G1 X127.556 Y101.955 E.01671
G1 X129.045 Y103.444 E.06604
G1 X129.045 Y103.978 E.01675
G1 X127.022 Y101.955 E.08972
G1 X126.489 Y101.955 E.01671
G1 X129.045 Y104.511 E.11336
G1 X129.045 Y105.044 E.01671
G1 X125.956 Y101.955 E.13699
G1 X125.422 Y101.955 E.01675
G1 X129.045 Y105.578 E.16068
G1 X129.045 Y106.111 E.01671
G1 X124.889 Y101.955 E.18431
G1 X124.356 Y101.955 E.01671
G1 X129.045 Y106.644 E.20795
G1 X129.045 Y107.178 E.01675
G1 X123.822 Y101.955 E.23163
G1 X123.289 Y101.955 E.01671
G1 X129.045 Y107.711 E.25527
G1 X129.045 Y108.244 E.01671
G1 X122.756 Y101.955 E.27891
G1 X122.222 Y101.955 E.01675
G1 X129.045 Y108.778 E.30259
G1 X129.045 Y109.311 E.01671
G1 X121.689 Y101.955 E.32623
G1 X121.155 Y101.955 E.01675
G1 X129.045 Y109.845 E.34991
G1 X129.045 Y110.378 E.01671
G1 X120.622 Y101.955 E.37355
G1 X120.089 Y101.955 E.01671
G1 X129.045 Y110.911 E.39719
G1 X129.045 Y111.445 E.01675
G1 X119.555 Y101.955 E.42087
G1 X119.022 Y101.955 E.01671
G1 X129.045 Y111.978 E.44451
G1 X129.045 Y112.511 E.01671
G1 X118.489 Y101.955 E.46815
G1 X117.955 Y101.955 E.01675
G1 X129.045 Y113.045 E.49183
G1 X129.045 Y113.578 E.01671
G1 X117.422 Y101.955 E.51547
G1 X116.889 Y101.955 E.01671
G1 X129.045 Y114.111 E.53911
G1 X129.045 Y114.645 E.01675
G1 X116.355 Y101.955 E.56279
G1 X115.822 Y101.955 E.01671
G1 X129.045 Y115.178 E.58643
G1 X129.045 Y115.712 E.01675
G1 X115.288 Y101.955 E.61011
G1 X114.755 Y101.955 E.01671
G1 X129.045 Y116.245 E.63375
G1 X129.045 Y116.778 E.01671
G1 X114.222 Y101.955 E.65739
G1 X113.688 Y101.955 E.01675
G1 X129.045 Y117.312 E.68107
G1 X129.045 Y117.845 E.01671
G1 X113.155 Y101.955 E.70471
G1 X112.622 Y101.955 E.01671
G1 X129.045 Y118.378 E.72834
G1 X129.045 Y118.912 E.01675
G1 X112.088 Y101.955 E.75203
G1 X111.555 Y101.955 E.01671
G1 X129.045 Y119.445 E.77566
G1 X129.045 Y119.978 E.01671
G1 X111.022 Y101.955 E.7993
G1 X110.488 Y101.955 E.01675
G1 X129.045 Y120.512 E.82298
G1 X129.045 Y121.045 E.01671
G1 X109.955 Y101.955 E.84662
G1 X109.422 Y101.955 E.01671
G1 X129.045 Y121.578 E.87026
G1 X129.045 Y122.112 E.01675
G1 X108.888 Y101.955 E.89394
G1 X108.355 Y101.955 E.01671
G1 X129.045 Y122.645 E.91758
G1 X129.045 Y123.179 E.01675
G1 X107.821 Y101.955 E.94126
G1 X107.288 Y101.955 E.01671
G1 X129.045 Y123.712 E.9649
G1 X129.045 Y124.245 E.01671
G1 X106.755 Y101.955 E.98854
G1 X106.221 Y101.955 E.01675
G1 X129.045 Y124.779 E1.01222
G1 X129.045 Y125.312 E.01671
G1 X105.688 Y101.955 E1.03586
G1 X105.155 Y101.955 E.01671
G1 X129.045 Y125.845 E1.0595
G1 X129.045 Y126.379 E.01675
G1 X104.621 Y101.955 E1.08318
G1 X104.088 Y101.955 E.01671
G1 X129.045 Y126.912 E1.10682
G1 X129.045 Y127.445 E.01671
G1 X103.555 Y101.955 E1.13046
G1 X103.021 Y101.955 E.01675
G1 X129.045 Y127.979 E1.15414
G1 X129.045 Y128.512 E.01671
G1 X102.488 Y101.955 E1.17778
G1 X101.955 Y101.955 E.01671
G1 X129.045 Y129.045 E1.20141
G1 X128.512 Y129.045 E.01671
G1 X101.955 Y102.488 E1.17778
G1 X101.955 Y103.021 E.01671
G1 X127.979 Y129.045 E1.15414
G1 X127.445 Y129.045 E.01675
G1 X101.955 Y103.555 E1.13046
G1 X101.955 Y104.088 E.01671
G1 X126.912 Y129.045 E1.10682
G1 X126.379 Y129.045 E.01671
G1 X101.955 Y104.621 E1.08318
G1 X101.955 Y105.155 E.01675
G1 X125.845 Y129.045 E1.0595
G1 X125.312 Y129.045 E.01671
G1 X101.955 Y105.688 E1.03586
G1 X101.955 Y106.221 E.01671
G1 X124.779 Y129.045 E1.01222
G1 X124.245 Y129.045 E.01675
G1 X101.955 Y106.755 E.98854
G1 X101.955 Y107.288 E.01671
G1 X123.712 Y129.045 E.9649
G1 X123.179 Y129.045 E.01671
G1 X101.955 Y107.821 E.94126
G1 X101.955 Y108.355 E.01675
G1 X122.645 Y129.045 E.91758
G1 X122.112 Y129.045 E.01671
G1 X101.955 Y108.888 E.89394
G1 X101.955 Y109.422 E.01675
G1 X121.578 Y129.045 E.87026
G1 X121.045 Y129.045 E.01671
G1 X101.955 Y109.955 E.84662
G1 X101.955 Y110.488 E.01671
G1 X120.512 Y129.045 E.82298
G1 X119.978 Y129.045 E.01675
G1 X101.955 Y111.022 E.7993
G1 X101.955 Y111.555 E.01671
G1 X119.445 Y129.045 E.77566
G1 X118.912 Y129.045 E.01671
G1 X101.955 Y112.088 E.75203
G1 X101.955 Y112.622 E.01675
G1 X118.378 Y129.045 E.72834
G1 X117.845 Y129.045 E.01671
G1 X101.955 Y113.155 E.70471
G1 X101.955 Y113.688 E.01671
G1 X117.312 Y129.045 E.68107
G1 X116.778 Y129.045 E.01675
G1 X101.955 Y114.222 E.65739
G1 X101.955 Y114.755 E.01671
G1 X116.245 Y129.045 E.63375
G1 X115.711 Y129.045 E.01675
G1 X101.955 Y115.289 E.61006
G1 X101.955 Y115.822 E.01671
G1 X115.178 Y129.045 E.58643
G1 X114.645 Y129.045 E.01671
G1 X101.955 Y116.355 E.56279
G1 X101.955 Y116.889 E.01675
G1 X114.111 Y129.045 E.53911
G1 X113.578 Y129.045 E.01671
G1 X101.955 Y117.422 E.51547
G1 X101.955 Y117.955 E.01671
G1 X113.045 Y129.045 E.49183
G1 X112.511 Y129.045 E.01675
G1 X101.955 Y118.489 E.46815
G1 X101.955 Y119.022 E.01671
G1 X111.978 Y129.045 E.44451
G1 X111.445 Y129.045 E.01671
G1 X101.955 Y119.555 E.42087
G1 X101.955 Y120.089 E.01675
G1 X110.911 Y129.045 E.39719
G1 X110.378 Y129.045 E.01671
G1 X101.955 Y120.622 E.37355
G1 X101.955 Y121.155 E.01671
G1 X109.845 Y129.045 E.34991
G1 X109.311 Y129.045 E.01675
G1 X101.955 Y121.689 E.32623
G1 X101.955 Y122.222 E.01671
G1 X108.778 Y129.045 E.30259
G1 X108.244 Y129.045 E.01675
G1 X101.955 Y122.756 E.27891
G1 X101.955 Y123.289 E.01671
G1 X107.711 Y129.045 E.25527
G1 X107.178 Y129.045 E.01671
G1 X101.955 Y123.822 E.23163
G1 X101.955 Y124.356 E.01675
G1 X106.644 Y129.045 E.20795
G1 X106.111 Y129.045 E.01671
G1 X101.955 Y124.889 E.18431
G1 X101.955 Y125.422 E.01671
G1 X105.578 Y129.045 E.16068
G1 X105.044 Y129.045 E.01675
G1 X101.955 Y125.956 E.13699
G1 X101.955 Y126.489 E.01671
G1 X104.511 Y129.045 E.11336
G1 X103.978 Y129.045 E.01671
G1 X101.955 Y127.022 E.08972
G1 X101.955 Y127.556 E.01675
G1 X103.444 Y129.045 E.06604
G1 X102.911 Y129.045 E.01671
G1 X101.955 Y128.089 E.0424
G1 X101.955 Y128.622 E.01671
G1 X102.547 Y129.215 E.02628
M106 S255
;LAYER_CHANGE
;Z:0.4
;HEIGHT:0.2
;BEFORE_LAYER_CHANGE
G92 E0
;0.4


G1 E-3.5 F3600
;WIPE_START
G1 F7200
G1 X101.955 Y128.622 E-.39801
G1 X101.955 Y128.089 E-.25318
G1 X102.911 Y129.045 E-.64219
G1 X103.346 Y129.045 E-.20662
;WIPE_END
G1 Z.4 F9000
;AFTER_LAYER_CHANGE
;0.4
M104 S205 ; set temperature
; stop printing object Auto_modifiedZ_Pyramid_0.2.stl id:0 copy 0
G1 X102.547 Y133.589
G1 E5 F2400
;TYPE:Skirt/Brim
;WIDTH:0.42
G1 X100.6 Y133.589 E.06105
G1 X99.065 Y133.195 E.04969
G1 X97.909 Y132.111 E.04969
G1 X97.411 Y130.4 E.05587
G1 X97.411 Y100.6 E.93436
G1 X97.805 Y99.065 E.04969
G1 X98.889 Y97.909 E.04969
G1 X100.6 Y97.411 E.05587
G1 X130.4 Y97.411 E.93436
G1 X131.935 Y97.805 E.04969
G1 X133.091 Y98.889 E.04969
G1 X133.589 Y100.6 E.05587
G1 X133.589 Y130.4 E.93436
G1 X133.195 Y131.935 E.04969
G1 X132.111 Y133.091 E.04969
G1 X130.4 Y133.589 E.05587
G1 X102.607 Y133.589 E.87143
G1 E-3.5 F3600
;WIPE_START
G1 F7200
G1 X102.547 Y133.589 E-.0285
G1 X100.6 Y133.589 E-.92482
G1 X99.485 Y133.303 E-.54668
;WIPE_END
; printing object Auto_modifiedZ_Pyramid_0.2.stl id:0 copy 0
G1 X101.794 Y129.206 F9000
G1 E5 F2400
;TYPE:Perimeter
;WIDTH:0.439999
G1 X101.794 Y101.794 E.90507
G1 X129.206 Y101.794 E.90507
G1 X129.206 Y129.206 E.90507
G1 X101.854 Y129.206 E.90309
G1 X101.397 Y129.603 F9000
G1 F2400
G1 X101.397 Y101.397 E.93128
G1 X129.603 Y101.397 E.93128
G1 X129.603 Y129.603 E.93128
G1 X101.457 Y129.603 E.9293
G1 X101.01 Y129.99 F9000
;TYPE:External perimeter
;WIDTH:0.419999
G1 F1500
G1 X101.01 Y101.01 E.90865
G1 X129.99 Y101.01 E.90865
G1 X129.99 Y129.99 E.90865
G1 X101.07 Y129.99 E.90676
G1 E-3.5 F3600
;WIPE_START
G1 F7200
G1 X101.01 Y129.99 E-.0285
G1 X101.01 Y126.892 E-1.4715
;WIPE_END
G1 X102.208 Y102.132 F9000
G1 E5 F2400
;TYPE:Solid infill
;WIDTH:0.53634
G1 X102.164 Y102.089 E.00252
G1 X102.104 Y102.104 E.00254
G1 X102.089 Y102.164 E.00254
G1 X102.132 Y102.208 E.00252
G1 X102.192 Y102.192 E.00255
;WIDTH:0.439999
G1 X102.1 Y102.826 E.02115
G1 X102.826 Y102.1 E.0339
G1 X103.387 Y102.1 E.01852
G1 X102.1 Y103.387 E.06009
G1 X102.1 Y103.949 E.01856
G1 X103.949 Y102.1 E.08634
G1 X104.511 Y102.1 E.01856
G1 X102.1 Y104.511 E.11258
G1 X102.1 Y105.072 E.01852
G1 X105.072 Y102.1 E.13877
G1 X105.634 Y102.1 E.01856
G1 X102.1 Y105.634 E.16501
G1 X102.1 Y106.195 E.01852
G1 X106.195 Y102.1 E.19121
G1 X106.757 Y102.1 E.01856
G1 X102.1 Y106.757 E.21745
G1 X102.1 Y107.318 E.01852
G1 X107.318 Y102.1 E.24365
G1 X107.88 Y102.1 E.01856
G1 X102.1 Y107.88 E.26989
G1 X102.1 Y108.441 E.01852
G1 X108.441 Y102.1 E.29608
G1 X109.003 Y102.1 E.01856
G1 X102.1 Y109.003 E.32232
G1 X102.1 Y109.565 E.01856
G1 X109.565 Y102.1 E.34857
G1 X110.126 Y102.1 E.01852
G1 X102.1 Y110.126 E.37476
G1 X102.1 Y110.688 E.01856
G1 X110.688 Y102.1 E.401
G1 X111.249 Y102.1 E.01852
G1 X102.1 Y111.249 E.4272
G1 X102.1 Y111.811 E.01856
G1 X111.811 Y102.1 E.45344
G1 X112.372 Y102.1 E.01852
G1 X102.1 Y112.372 E.47964
G1 X102.1 Y112.934 E.01856
G1 X112.934 Y102.1 E.50588
G1 X113.495 Y102.1 E.01852
G1 X102.1 Y113.495 E.53207
G1 X102.1 Y114.057 E.01856
G1 X114.057 Y102.1 E.55831
G1 X114.619 Y102.1 E.01856
G1 X102.1 Y114.619 E.58456
G1 X102.1 Y115.18 E.01852
G1 X115.18 Y102.1 E.61075
G1 X115.742 Y102.1 E.01856
G1 X102.1 Y115.742 E.63699
G1 X102.1 Y116.303 E.01852
G1 X116.303 Y102.1 E.66319
G1 X116.865 Y102.1 E.01856
G1 X102.1 Y116.865 E.68943
G1 X102.1 Y117.426 E.01852
G1 X117.426 Y102.1 E.71562
G1 X117.988 Y102.1 E.01856
G1 X102.1 Y117.988 E.74187
G1 X102.1 Y118.549 E.01852
G1 X118.549 Y102.1 E.76806
G1 X119.111 Y102.1 E.01856
G1 X102.1 Y119.111 E.7943
G1 X102.1 Y119.673 E.01856
G1 X119.673 Y102.1 E.82054
G1 X120.234 Y102.1 E.01852
G1 X102.1 Y120.234 E.84674
G1 X102.1 Y120.796 E.01856
G1 X120.796 Y102.1 E.87298
G1 X121.357 Y102.1 E.01852
G1 X102.1 Y121.357 E.89918
G1 X102.1 Y121.919 E.01856
G1 X121.919 Y102.1 E.92542
G1 X122.48 Y102.1 E.01852
G1 X102.1 Y122.48 E.95161
G1 X102.1 Y123.042 E.01856
G1 X123.042 Y102.1 E.97785
G1 X123.603 Y102.1 E.01852
G1 X102.1 Y123.603 E1.00405
G1 X102.1 Y124.165 E.01856
G1 X124.165 Y102.1 E1.03029
G1 X124.727 Y102.1 E.01856
G1 X102.1 Y124.727 E1.05653
G1 X102.1 Y125.288 E.01852
G1 X125.288 Y102.1 E1.08273
G1 X125.85 Y102.1 E.01856
G1 X102.1 Y125.85 E1.10897
G1 X102.1 Y126.411 E.01852
G1 X126.411 Y102.1 E1.13516
G1 X126.973 Y102.1 E.01856
G1 X102.1 Y126.973 E1.16141
G1 X102.1 Y127.534 E.01852
G1 X127.534 Y102.1 E1.1876
G1 X128.096 Y102.1 E.01856
G1 X102.1 Y128.096 E1.21384
G1 X102.046 Y129.014 F9000
;WIDTH:0.38292
G1 F2400
G1 X102.005 Y129.025 E.0012
G1 X101.986 Y128.954 E.00208
G1 X102.057 Y128.973 E.00208
;WIDTH:0.41146
G1 X102.078 Y128.815 E.00488
;WIDTH:0.439999
G1 X102.1 Y128.657 E.00527
G1 X128.657 Y102.1 E1.24004
G1 X128.9 Y102.419 E.01324
G1 X102.419 Y128.9 E1.23649
G1 X102.98 Y128.9 E.01852
G1 X128.9 Y102.98 E1.21029
G1 X128.9 Y103.542 E.01856
G1 X103.542 Y128.9 E1.18405
G1 X104.103 Y128.9 E.01852
G1 X128.9 Y104.103 E1.15786
G1 X128.9 Y104.665 E.01856
G1 X104.665 Y128.9 E1.13162
G1 X105.227 Y128.9 E.01856
G1 X128.9 Y105.227 E1.10537
G1 X128.9 Y105.788 E.01852
G1 X105.788 Y128.9 E1.07918
G1 X106.35 Y128.9 E.01856
G1 X128.9 Y106.35 E1.05294
G1 X128.9 Y106.911 E.01852
G1 X106.911 Y128.9 E1.02674
G1 X107.473 Y128.9 E.01856
G1 X128.9 Y107.473 E1.0005
G1 X128.9 Y108.034 E.01852
G1 X108.034 Y128.9 E.97431
G1 X108.596 Y128.9 E.01856
G1 X128.9 Y108.596 E.94806
G1 X128.9 Y109.157 E.01852
G1 X109.157 Y128.9 E.92187
G1 X109.719 Y128.9 E.01856
G1 X128.9 Y109.719 E.89563
G1 X128.9 Y110.281 E.01856
G1 X110.281 Y128.9 E.86939
G1 X110.842 Y128.9 E.01852
G1 X128.9 Y110.842 E.84319
G1 X128.9 Y111.404 E.01856
G1 X111.404 Y128.9 E.81695
G1 X111.965 Y128.9 E.01852
G1 X128.9 Y111.965 E.79075
G1 X128.9 Y112.527 E.01856
G1 X112.527 Y128.9 E.76451
G1 X113.088 Y128.9 E.01852
G1 X128.9 Y113.088 E.73832
G1 X128.9 Y113.65 E.01856
G1 X113.65 Y128.9 E.71208
G1 X114.211 Y128.9 E.01852
G1 X128.9 Y114.211 E.68588
G1 X128.9 Y114.773 E.01856
G1 X114.773 Y128.9 E.65964
G1 X115.335 Y128.9 E.01856
G1 X128.9 Y115.335 E.6334
G1 X128.9 Y115.896 E.01852
G1 X115.896 Y128.9 E.6072
G1 X116.458 Y128.9 E.01856
G1 X128.9 Y116.458 E.58096
G1 X128.9 Y117.019 E.01852
G1 X117.019 Y128.9 E.55476
G1 X117.581 Y128.9 E.01856
G1 X128.9 Y117.581 E.52852
G1 X128.9 Y118.142 E.01852
G1 X118.142 Y128.9 E.50233
G1 X118.704 Y128.9 E.01856
G1 X128.9 Y118.704 E.47609
G1 X128.9 Y119.265 E.01852
G1 X119.265 Y128.9 E.44989
G1 X119.827 Y128.9 E.01856
G1 X128.9 Y119.827 E.42365
G1 X128.9 Y120.389 E.01856
G1 X120.389 Y128.9 E.39741
G1 X120.95 Y128.9 E.01852
G1 X128.9 Y120.95 E.37121
G1 X128.9 Y121.512 E.01856
G1 X121.512 Y128.9 E.34497
G1 X122.073 Y128.9 E.01852
G1 X128.9 Y122.073 E.31878
G1 X128.9 Y122.635 E.01856
G1 X122.635 Y128.9 E.29253
G1 X123.196 Y128.9 E.01852
G1 X128.9 Y123.196 E.26634
G1 X128.9 Y123.758 E.01856
G1 X123.758 Y128.9 E.2401
G1 X124.319 Y128.9 E.01852
G1 X128.9 Y124.319 E.2139
G1 X128.9 Y124.881 E.01856
G1 X124.881 Y128.9 E.18766
G1 X125.443 Y128.9 E.01856
G1 X128.9 Y125.443 E.16142
G1 X128.9 Y126.004 E.01852
G1 X126.004 Y128.9 E.13522
G1 X126.566 Y128.9 E.01856
G1 X128.9 Y126.566 E.10898
G1 X128.9 Y127.127 E.01852
G1 X127.127 Y128.9 E.08279
G1 X127.072 Y128.979 E.00318
;WIDTH:0.41146
G1 X127.016 Y129.059 E.00299
;WIDTH:0.38292
G1 X126.945 Y129.04 E.00208
G1 X126.964 Y129.111 E.00208
G1 X127.005 Y129.1 E.0012
G1 E-3.5 F3600
;WIPE_START
G1 F7200
G1 X126.964 Y129.111 E-.02016
G1 X126.945 Y129.04 E-.03491
G1 X127.016 Y129.059 E-.03491
G1 X127.072 Y128.979 E-.04638
G1 X127.127 Y128.9 E-.04572
G1 X128.9 Y127.127 E-1.19102
G1 X128.9 Y126.86 E-.1269
;WIPE_END
G1 X128.76 Y127.829 F9000
G1 E5 F2400
;WIDTH:0.439999
G1 X127.689 Y128.9 E.05001
G1 X128.9 Y128.9 E.03998
G1 X128.9 Y127.689 E.03998
;LAYER_CHANGE
;Z:0.6
;HEIGHT:0.2
;BEFORE_LAYER_CHANGE
G92 E0
;0.6


G1 E-3.5 F3600
;WIPE_START
G1 F7200
G1 X128.9 Y128.9 E-.57522
G1 X127.689 Y128.9 E-.57522
G1 X128.209 Y128.38 E-.34956
;WIPE_END
G1 Z.6 F9000
;AFTER_LAYER_CHANGE
;0.6
G1 X129.006 Y129.006
G1 E5 F2400
;TYPE:Perimeter
G1 X101.994 Y129.006 E.89186
G1 X101.994 Y101.994 E.89186
G1 X129.006 Y101.994 E.89186
G1 X129.006 Y128.946 E.88988
G1 X129.403 Y129.403 F9000
G1 F2400
G1 X101.597 Y129.403 E.91808
G1 X101.597 Y101.597 E.91808
G1 X129.403 Y101.597 E.91808
G1 X129.403 Y129.343 E.9161
G1 X129.79 Y129.79 F9000
;TYPE:External perimeter
;WIDTH:0.419999
G1 F1500
G1 X101.21 Y129.79 E.8961
G1 X101.21 Y101.21 E.8961
G1 X129.79 Y101.21 E.8961
G1 X129.79 Y129.73 E.89422
G1 E-3.5 F3600
;WIPE_START
G1 F7200
G1 X129.79 Y129.79 E-.0285
G1 X126.692 Y129.79 E-1.4715
;WIPE_END
G1 X102.332 Y128.592 F9000
G1 E5 F2400
;TYPE:Solid infill
;WIDTH:0.53634
G1 X102.289 Y128.636 E.00252
G1 X102.304 Y128.696 E.00254
G1 X102.364 Y128.712 E.00255
G1 X102.408 Y128.668 E.00255
G1 X102.392 Y128.608 E.00255
;WIDTH:0.439999
G1 X102.3 Y127.974 E.02115
G1 X103.026 Y128.7 E.0339
G1 X103.587 Y128.7 E.01852
G1 X102.3 Y127.413 E.06009
G1 X102.3 Y126.851 E.01856
G1 X104.149 Y128.7 E.08634
G1 X104.711 Y128.7 E.01856
G1 X102.3 Y126.289 E.11258
G1 X102.3 Y125.728 E.01852
G1 X105.272 Y128.7 E.13877
G1 X105.834 Y128.7 E.01856
G1 X102.3 Y125.166 E.16501
G1 X102.3 Y124.605 E.01852
G1 X106.395 Y128.7 E.19121
G1 X106.957 Y128.7 E.01856
G1 X102.3 Y124.043 E.21745
G1 X102.3 Y123.482 E.01852
G1 X107.518 Y128.7 E.24365
G1 X108.08 Y128.7 E.01856
G1 X102.3 Y122.92 E.26989
G1 X102.3 Y122.359 E.01852
G1 X108.641 Y128.7 E.29608
G1 X109.203 Y128.7 E.01856
G1 X102.3 Y121.797 E.32232
G1 X102.3 Y121.235 E.01856
G1 X109.765 Y128.7 E.34857
G1 X110.326 Y128.7 E.01852
G1 X102.3 Y120.674 E.37476
G1 X102.3 Y120.112 E.01856
G1 X110.888 Y128.7 E.401
G1 X111.449 Y128.7 E.01852
G1 X102.3 Y119.551 E.4272
G1 X102.3 Y118.989 E.01856
G1 X112.011 Y128.7 E.45344
G1 X112.572 Y128.7 E.01852
G1 X102.3 Y118.428 E.47964
G1 X102.3 Y117.866 E.01856
G1 X113.134 Y128.7 E.50588
G1 X113.695 Y128.7 E.01852
G1 X102.3 Y117.305 E.53207
G1 X102.3 Y116.743 E.01856
G1 X114.257 Y128.7 E.55831
G1 X114.819 Y128.7 E.01856
G1 X102.3 Y116.181 E.58456
G1 X102.3 Y115.62 E.01852
G1 X115.38 Y128.7 E.61075
G1 X115.942 Y128.7 E.01856
G1 X102.3 Y115.058 E.63699
G1 X102.3 Y114.497 E.01852
G1 X116.503 Y128.7 E.66319
G1 X117.065 Y128.7 E.01856
G1 X102.3 Y113.935 E.68943
G1 X102.3 Y113.374 E.01852
G1 X117.626 Y128.7 E.71562
G1 X118.188 Y128.7 E.01856
G1 X102.3 Y112.812 E.74187
G1 X102.3 Y112.251 E.01852
G1 X118.749 Y128.7 E.76806
G1 X119.311 Y128.7 E.01856
G1 X102.3 Y111.689 E.7943
G1 X102.3 Y111.127 E.01856
G1 X119.873 Y128.7 E.82054
G1 X120.434 Y128.7 E.01852
G1 X102.3 Y110.566 E.84674
G1 X102.3 Y110.004 E.01856
G1 X120.996 Y128.7 E.87298
G1 X121.557 Y128.7 E.01852
G1 X102.3 Y109.443 E.89918
G1 X102.3 Y108.881 E.01856
G1 X122.119 Y128.7 E.92542
G1 X122.68 Y128.7 E.01852
G1 X102.3 Y108.32 E.95161
G1 X102.3 Y107.758 E.01856
G1 X123.242 Y128.7 E.97785
G1 X123.803 Y128.7 E.01852
G1 X102.3 Y107.197 E1.00405
G1 X102.3 Y106.635 E.01856
G1 X124.365 Y128.7 E1.03029
G1 X124.927 Y128.7 E.01856
G1 X102.3 Y106.073 E1.05653
G1 X102.3 Y105.512 E.01852
G1 X125.488 Y128.7 E1.08273
G1 X126.05 Y128.7 E.01856
G1 X102.3 Y104.95 E1.10897
G1 X102.3 Y104.389 E.01852
G1 X126.611 Y128.7 E1.13516
G1 X127.173 Y128.7 E.01856
G1 X102.3 Y103.827 E1.16141
G1 X102.3 Y103.266 E.01852
G1 X127.734 Y128.7 E1.1876
G1 X128.296 Y128.7 E.01856
G1 X102.3 Y102.704 E1.21384
G1 X102.187 Y102.157 E.01844
;WIDTH:0.38292
G1 X102.168 Y102.228 E.00208
G1 X102.239 Y102.209 E.00208
G1 X102.228 Y102.168 E.0012
;WIDTH:0.41146
G1 X102.343 Y102.234 E.00406
;WIDTH:0.439999
G1 X102.457 Y102.3 E.00435
G1 X128.7 Y128.543 E1.22538
G1 X128.766 Y128.657 E.00435
;WIDTH:0.41146
G1 X128.832 Y128.772 E.00406
;WIDTH:0.38292
G1 X128.843 Y128.813 E.0012
G1 X128.772 Y128.832 E.00208
G1 X128.791 Y128.761 E.00208
;WIDTH:0.439999
G1 X128.7 Y127.981 E.02593
G1 X103.019 Y102.3 E1.19913
G1 X103.58 Y102.3 E.01852
G1 X128.7 Y127.42 E1.17294
G1 X128.7 Y126.858 E.01856
G1 X104.142 Y102.3 E1.1467
G1 X104.703 Y102.3 E.01852
G1 X128.7 Y126.297 E1.1205
G1 X128.7 Y125.735 E.01856
G1 X105.265 Y102.3 E1.09426
G1 X105.827 Y102.3 E.01856
G1 X128.7 Y125.173 E1.06802
G1 X128.7 Y124.612 E.01852
G1 X106.388 Y102.3 E1.04182
G1 X106.95 Y102.3 E.01856
G1 X128.7 Y124.05 E1.01558
G1 X128.7 Y123.489 E.01852
G1 X107.511 Y102.3 E.98939
G1 X108.073 Y102.3 E.01856
G1 X128.7 Y122.927 E.96315
G1 X128.7 Y122.366 E.01852
G1 X108.634 Y102.3 E.93695
G1 X109.196 Y102.3 E.01856
G1 X128.7 Y121.804 E.91071
G1 X128.7 Y121.243 E.01852
G1 X109.757 Y102.3 E.88451
G1 X110.319 Y102.3 E.01856
G1 X128.7 Y120.681 E.85827
G1 X128.7 Y120.119 E.01856
G1 X110.881 Y102.3 E.83203
G1 X111.442 Y102.3 E.01852
G1 X128.7 Y119.558 E.80584
G1 X128.7 Y118.996 E.01856
G1 X112.004 Y102.3 E.77959
G1 X112.565 Y102.3 E.01852
G1 X128.7 Y118.435 E.7534
G1 X128.7 Y117.873 E.01856
G1 X113.127 Y102.3 E.72716
G1 X113.688 Y102.3 E.01852
G1 X128.7 Y117.312 E.70096
G1 X128.7 Y116.75 E.01856
G1 X114.25 Y102.3 E.67472
G1 X114.811 Y102.3 E.01852
G1 X128.7 Y116.189 E.64853
G1 X128.7 Y115.627 E.01856
G1 X115.373 Y102.3 E.62228
G1 X115.935 Y102.3 E.01856
G1 X128.7 Y115.065 E.59604
G1 X128.7 Y114.504 E.01852
G1 X116.496 Y102.3 E.56985
G1 X117.058 Y102.3 E.01856
G1 X128.7 Y113.942 E.54361
G1 X128.7 Y113.381 E.01852
G1 X117.619 Y102.3 E.51741
G1 X118.181 Y102.3 E.01856
G1 X128.7 Y112.819 E.49117
G1 X128.7 Y112.258 E.01852
G1 X118.742 Y102.3 E.46497
G1 X119.304 Y102.3 E.01856
G1 X128.7 Y111.696 E.43873
G1 X128.7 Y111.135 E.01852
G1 X119.865 Y102.3 E.41254
G1 X120.427 Y102.3 E.01856
G1 X128.7 Y110.573 E.38629
G1 X128.7 Y110.011 E.01856
G1 X120.989 Y102.3 E.36005
G1 X121.55 Y102.3 E.01852
G1 X128.7 Y109.45 E.33386
G1 X128.7 Y108.888 E.01856
G1 X122.112 Y102.3 E.30762
G1 X122.673 Y102.3 E.01852
G1 X128.7 Y108.327 E.28142
G1 X128.7 Y107.765 E.01856
G1 X123.235 Y102.3 E.25518
G1 X123.796 Y102.3 E.01852
G1 X128.7 Y107.204 E.22898
G1 X128.7 Y106.642 E.01856
G1 X124.358 Y102.3 E.20274
G1 X124.919 Y102.3 E.01852
G1 X128.7 Y106.081 E.17655
G1 X128.7 Y105.519 E.01856
G1 X125.481 Y102.3 E.15031
G1 X126.043 Y102.3 E.01856
G1 X128.7 Y104.957 E.12406
G1 X128.859 Y104.507 E.01576
;WIDTH:0.38292
G1 X128.84 Y104.578 E.00208
G1 X128.911 Y104.559 E.00208
G1 X128.9 Y104.518 E.0012
;WIDTH:0.41146
G1 X128.8 Y104.457 E.00359
;WIDTH:0.439999
G1 X128.7 Y104.396 E.00387
G1 X126.604 Y102.3 E.09787
G1 X126.543 Y102.2 E.00387
;WIDTH:0.41146
G1 X126.482 Y102.1 E.00359
;WIDTH:0.38292
G1 X126.493 Y102.141 E.0012
G1 X126.422 Y102.16 E.00208
G1 X126.441 Y102.089 E.00208
;WIDTH:0.439999
G1 X127.166 Y102.3 E.02493
G1 X128.7 Y102.3 E.05065
G1 X128.7 Y103.834 E.05065
G1 X127.306 Y102.44 E.06509
G1 X128.234 Y102.689 F9000
;WIDTH:0.544684
G1 F2400
G1 X128.19 Y102.733 E.0026
G1 X128.206 Y102.794 E.00263
G1 X128.267 Y102.81 E.00263
G1 X128.311 Y102.766 E.0026
G1 X128.295 Y102.705 E.00263
;LAYER_CHANGE
;Z:0.8
;HEIGHT:0.2
;BEFORE_LAYER_CHANGE
G92 E0
;0.8


G1 E-3.5 F3600
;WIPE_START
G1 F7200
G1 X128.311 Y102.766 E-.02996
G1 X128.267 Y102.81 E-.02956
G1 X128.206 Y102.794 E-.02996
G1 X128.19 Y102.733 E-.02996
G1 X128.234 Y102.689 E-.02956
;WIPE_END
G1 E-1.351 F3600
G1 Z.8 F9000
;AFTER_LAYER_CHANGE
;0.8
G1 X128.806 Y102.194
G1 E5 F2400
;TYPE:Perimeter
;WIDTH:0.439999
G1 X128.806 Y128.806 E.87866
G1 X102.194 Y128.806 E.87866
G1 X102.194 Y102.194 E.87866
G1 X128.746 Y102.194 E.87667
G1 X129.203 Y101.797 F9000
G1 F2400
G1 X129.203 Y129.203 E.90487
G1 X101.797 Y129.203 E.90487
G1 X101.797 Y101.797 E.90487
G1 X129.143 Y101.797 E.90289
G1 X129.59 Y101.41 F9000
;TYPE:External perimeter
;WIDTH:0.419999
G1 F1500
G1 X129.59 Y129.59 E.88356
G1 X101.41 Y129.59 E.88356
G1 X101.41 Y101.41 E.88356
G1 X129.53 Y101.41 E.88168
G1 E-3.5 F3600
;WIPE_START
G1 F7200
G1 X129.59 Y101.41 E-.0285
G1 X129.59 Y104.508 E-1.4715
;WIPE_END
G1 X128.5 Y104.882 F9000
G1 E5 F2400
;TYPE:Internal infill
;WIDTH:0.44
G1 F2428
G1 X128.5 Y102.5 E.07865
G1 X102.5 Y128.5 E1.21403
G1 X102.5 Y124.962 E.11682
G1 X106.038 Y128.5 E.1652
G1 X108.115 Y128.5 E.06858
G1 X128.5 Y108.115 E.95185
G1 X128.5 Y106.038 E.06858
G1 X124.962 Y102.5 E.1652
G1 X122.885 Y102.5 E.06858
G1 X102.5 Y122.885 E.95185
G1 X102.5 Y119.347 E.11682
G1 X111.653 Y128.5 E.42739
G1 X113.731 Y128.5 E.06861
G1 X128.5 Y113.731 E.68962
G1 X128.5 Y111.653 E.06861
G1 X119.347 Y102.5 E.42739
G1 X117.269 Y102.5 E.06861
G1 X102.5 Y117.269 E.68962
G1 X102.5 Y113.731 E.11682
G1 X117.269 Y128.5 E.68962
G1 X119.347 Y128.5 E.06861
G1 X128.5 Y119.347 E.42739
G1 X128.5 Y117.269 E.06861
G1 X113.731 Y102.5 E.68962
G1 X111.653 Y102.5 E.06861
G1 X102.5 Y111.653 E.42739
G1 X102.5 Y108.115 E.11682
G1 X122.885 Y128.5 E.95185
G1 X124.962 Y128.5 E.06858
G1 X128.5 Y124.962 E.1652
G1 X128.5 Y122.885 E.06858
G1 X108.115 Y102.5 E.95185
G1 X106.038 Y102.5 E.06858
G1 X102.5 Y106.038 E.1652
G1 X102.5 Y102.5 E.11682
G1 X128.5 Y128.5 E1.21403
G1 X126.118 Y128.5 E.07865
;LAYER_CHANGE
;Z:1
;HEIGHT:0.2
;BEFORE_LAYER_CHANGE
G92 E0
;1


G1 E-3.5 F3600
;WIPE_START
G1 F7200
G1 X128.5 Y128.5 E-1.13145
G1 X127.951 Y127.951 E-.36855
;WIPE_END
G1 Z1 F9000
;AFTER_LAYER_CHANGE
;1
G1 X128.606 Y128.606
G1 E5 F2400
;TYPE:Perimeter
;WIDTH:0.439999
G1 F2366
G1 X102.394 Y128.606 E.86545
G1 X102.394 Y102.394 E.86545
G1 X128.606 Y102.394 E.86545
G1 X128.606 Y128.546 E.86347
G1 X129.003 Y129.003 F9000
G1 F2366
G1 X101.997 Y129.003 E.89166
G1 X101.997 Y101.997 E.89166
G1 X129.003 Y101.997 E.89166
G1 X129.003 Y128.943 E.88968
G1 X129.39 Y129.39 F9000
;TYPE:External perimeter
;WIDTH:0.419999
G1 F1500
G1 X101.61 Y129.39 E.87102
G1 X101.61 Y101.61 E.87102
G1 X129.39 Y101.61 E.87102
G1 X129.39 Y129.33 E.86914
G1 E-3.5 F3600
;WIPE_START
G1 F7200
G1 X129.39 Y129.39 E-.0285
G1 X126.292 Y129.39 E-1.4715
;WIPE_END
G1 X125.918 Y128.3 F9000
G1 E5 F2400
;TYPE:Internal infill
;WIDTH:0.44
G1 F2366
G1 X128.3 Y128.3 E.07865
G1 X102.7 Y102.7 E1.19535
G1 X102.7 Y105.838 E.10361
G1 X105.838 Y102.7 E.14652
G1 X108.315 Y102.7 E.08178
G1 X128.3 Y122.685 E.93317
G1 X128.3 Y125.162 E.08178
G1 X125.162 Y128.3 E.14652
G1 X122.685 Y128.3 E.08178
G1 X102.7 Y108.315 E.93317
G1 X102.7 Y111.453 E.10361
G1 X111.453 Y102.7 E.40871
G1 X113.931 Y102.7 E.08182
G1 X128.3 Y117.069 E.67094
G1 X128.3 Y119.547 E.08182
G1 X119.547 Y128.3 E.40871
G1 X117.069 Y128.3 E.08182
G1 X102.7 Y113.931 E.67094
G1 X102.7 Y117.069 E.10361
G1 X117.069 Y102.7 E.67094
G1 X119.547 Y102.7 E.08182
G1 X128.3 Y111.453 E.40871
G1 X128.3 Y113.931 E.08182
G1 X113.931 Y128.3 E.67094
G1 X111.453 Y128.3 E.08182
G1 X102.7 Y119.547 E.40871
G1 X102.7 Y122.685 E.10361
G1 X122.685 Y102.7 E.93317
G1 X125.162 Y102.7 E.08178
G1 X128.3 Y105.838 E.14652
G1 X128.3 Y108.315 E.08178
G1 X108.315 Y128.3 E.93317
G1 X105.838 Y128.3 E.08178
G1 X102.7 Y125.162 E.14652
G1 X102.7 Y128.3 E.10361
G1 X128.3 Y102.7 E1.19535
G1 X128.3 Y105.082 E.07865
;LAYER_CHANGE
;Z:1.2
;HEIGHT:0.2
;BEFORE_LAYER_CHANGE
G92 E0
;1.2


G1 E-3.5 F3600
;WIPE_START
G1 F7200
G1 X128.3 Y102.7 E-1.13145
G1 X127.751 Y103.249 E-.36855
;WIPE_END
G1 Z1.2 F9000
;AFTER_LAYER_CHANGE
;1.2
G1 X128.606 Y102.394
G1 E5 F2400
;TYPE:Perimeter
;WIDTH:0.439999
G1 X128.606 Y128.606 E.86545
G1 X102.394 Y128.606 E.86545
G1 X102.394 Y102.394 E.86545
G1 X128.546 Y102.394 E.86347
G1 X129.003 Y101.997 F9000
G1 F2400
G1 X129.003 Y129.003 E.89166
G1 X101.997 Y129.003 E.89166
G1 X101.997 Y101.997 E.89166
G1 X128.943 Y101.997 E.88968
G1 X129.39 Y101.61 F9000
;TYPE:External perimeter
;WIDTH:0.419999
G1 F1500
G1 X129.39 Y129.39 E.87102
G1 X101.61 Y129.39 E.87102
G1 X101.61 Y101.61 E.87102
G1 X129.33 Y101.61 E.86914
G1 X127.918 Y102.743 F9000
;TYPE:Solid infill
;WIDTH:0.573028
G1 F2400
G1 X128.007 Y102.766 E.00405
;WIDTH:0.619748
G1 X128.097 Y102.79 E.00447
;WIDTH:0.666468
G1 X128.187 Y102.813 E.00482
G1 X128.21 Y102.903 E.00482
;WIDTH:0.619748
G1 X128.234 Y102.993 E.00447
;WIDTH:0.573028
G1 X128.257 Y103.082 E.00405
;WIDTH:0.526308
G1 X128.257 Y127.918 E.99826
;WIDTH:0.573028
G1 X128.234 Y128.007 E.00405
;WIDTH:0.619749
G1 X128.21 Y128.097 E.00447
;WIDTH:0.66647
G1 X128.187 Y128.187 E.00482
G1 X128.109 Y128.21 E.00422
;WIDTH:0.619749
G1 X128.031 Y128.234 E.00391
;WIDTH:0.573028
G1 X127.952 Y128.257 E.00363
;WIDTH:0.526308
G1 X103.082 Y128.257 E.99962
;WIDTH:0.573028
G1 X102.993 Y128.234 E.00405
;WIDTH:0.619748
G1 X102.903 Y128.21 E.00447
;WIDTH:0.666468
G1 X102.813 Y128.187 E.00482
G1 X102.79 Y128.097 E.00482
;WIDTH:0.619748
G1 X102.766 Y128.007 E.00447
;WIDTH:0.573028
G1 X102.743 Y127.918 E.00405
;WIDTH:0.52631
G1 X102.743 Y103.082 E.99826
;WIDTH:0.573031
G1 X102.766 Y102.993 E.00405
;WIDTH:0.619752
G1 X102.79 Y102.903 E.00447
;WIDTH:0.666472
G1 X102.813 Y102.813 E.00482
G1 X102.903 Y102.79 E.00482
;WIDTH:0.619752
G1 X102.993 Y102.766 E.00447
;WIDTH:0.573031
G1 X103.082 Y102.743 E.00405
;WIDTH:0.52631
G1 X127.719 Y102.743 E.99026
G1 E-3.5 F3600
;WIPE_START
G1 F7200
G1 X124.561 Y102.743 E-1.5
;WIPE_END
G1 X127.817 Y107.737 F9000
G1 E5 F2400
;TYPE:Internal infill
;WIDTH:0.44
G1 F2953
G1 X127.817 Y105.354 E.07868
G1 X125.646 Y103.183 E.10137
G1 X127.817 Y103.183 E.07168
G1 X103.183 Y127.817 E1.15025
G1 X103.183 Y125.646 E.07168
G1 X105.354 Y127.817 E.10137
G1 X108.799 Y127.817 E.11374
G1 X127.817 Y108.799 E.88802
G1 X127.817 Y110.97 E.07168
G1 X120.03 Y103.183 E.3636
G1 X122.201 Y103.183 E.07168
G1 X103.183 Y122.201 E.88802
G1 X103.183 Y120.03 E.07168
G1 X110.97 Y127.817 E.3636
G1 X114.414 Y127.817 E.11371
G1 X127.817 Y114.414 E.62583
G1 X127.817 Y116.586 E.07171
G1 X114.414 Y103.183 E.62583
G1 X116.586 Y103.183 E.07171
G1 X103.183 Y116.586 E.62583
G1 X103.183 Y114.414 E.07171
G1 X116.586 Y127.817 E.62583
G1 X120.03 Y127.817 E.11371
G1 X127.817 Y120.03 E.3636
G1 X127.817 Y122.201 E.07168
G1 X108.799 Y103.183 E.88802
G1 X110.97 Y103.183 E.07168
G1 X103.183 Y110.97 E.3636
G1 X103.183 Y108.799 E.07168
G1 X122.201 Y127.817 E.88802
G1 X125.646 Y127.817 E.11374
G1 X127.817 Y125.646 E.10137
G1 X127.817 Y127.817 E.07168
G1 X103.183 Y103.183 E1.15025
G1 X105.354 Y103.183 E.07168
G1 X103.183 Y105.354 E.10137
G1 X103.183 Y107.737 E.07868
;LAYER_CHANGE
;Z:1.4
;HEIGHT:0.2
;BEFORE_LAYER_CHANGE
G92 E0
;1.4


G1 E-3.5 F3600
;WIPE_START
G1 F7200
G1 X103.183 Y105.354 E-1.13193
G1 X103.731 Y104.806 E-.36807
;WIPE_END
G1 Z1.4 F9000
;AFTER_LAYER_CHANGE
;1.4
G1 X102.594 Y102.594
G1 E5 F2400
;TYPE:Perimeter
;WIDTH:0.439999
G1 X128.406 Y102.594 E.85224
G1 X128.406 Y128.406 E.85224
G1 X102.594 Y128.406 E.85224
G1 X102.594 Y102.654 E.85026
G1 X102.197 Y102.197 F9000
G1 F2400
G1 X128.803 Y102.197 E.87846
G1 X128.803 Y128.803 E.87846
G1 X102.197 Y128.803 E.87846
G1 X102.197 Y102.257 E.87648
G1 X101.81 Y101.81 F9000
;TYPE:External perimeter
;WIDTH:0.419999
G1 F1500
G1 X129.19 Y101.81 E.85848
G1 X129.19 Y129.19 E.85848
G1 X101.81 Y129.19 E.85848
G1 X101.81 Y101.87 E.8566
G1 E-3.5 F3600
;WIPE_START
G1 F7200
G1 X101.81 Y101.81 E-.0285
G1 X104.908 Y101.81 E-1.4715
;WIPE_END
G1 X108.02 Y102.9 F9000
G1 E5 F2400
;TYPE:Internal infill
;WIDTH:0.44
G1 F2445
G1 X105.638 Y102.9 E.07865
G1 X102.9 Y105.638 E.12785
G1 X102.9 Y102.9 E.0904
G1 X127.617 Y127.617 E1.15412
G1 X127.617 Y125.846 E.05847
G1 X125.362 Y128.1 E.10527
G1 X122.485 Y128.1 E.09499
G1 X102.9 Y108.515 E.91449
G1 X102.9 Y111.253 E.0904
G1 X111.253 Y102.9 E.39003
G1 X108.515 Y102.9 E.0904
G1 X127.617 Y122.001 E.89192
G1 X127.617 Y120.23 E.05847
G1 X119.747 Y128.1 E.36748
G1 X116.869 Y128.1 E.09502
G1 X102.9 Y114.131 E.65226
G1 X102.9 Y116.869 E.0904
G1 X116.869 Y102.9 E.65226
G1 X114.131 Y102.9 E.0904
G1 X127.617 Y116.386 E.62971
G1 X127.617 Y114.614 E.05851
G1 X114.131 Y128.1 E.62971
G1 X111.253 Y128.1 E.09502
G1 X102.9 Y119.747 E.39003
G1 X102.9 Y122.485 E.0904
G1 X122.485 Y102.9 E.91449
G1 X119.747 Y102.9 E.0904
G1 X127.617 Y110.77 E.36748
G1 X127.617 Y108.999 E.05847
G1 X108.515 Y128.1 E.89192
G1 X105.638 Y128.1 E.09499
G1 X102.9 Y125.362 E.12785
G1 X102.9 Y128.1 E.0904
G1 X127.617 Y103.383 E1.15412
G1 X127.617 Y105.154 E.05847
G1 X125.362 Y102.9 E.10527
G1 X122.98 Y102.9 E.07865
G1 E-3.5 F3600
;WIPE_START
G1 F7200
G1 X125.362 Y102.9 E-1.13145
G1 X125.911 Y103.449 E-.36855
;WIPE_END
G1 X128.056 Y128.056 F9000
G1 E5 F2400
;TYPE:Solid infill
;WIDTH:0.52792
G1 X128.057 Y128.028 E.00113
;WIDTH:0.526306
G1 X128.057 Y102.972 E1.00709
;WIDTH:0.527922
G1 X128.056 Y102.944 E.00113
;LAYER_CHANGE
;Z:1.6
;HEIGHT:0.2
;BEFORE_LAYER_CHANGE
G92 E0
;1.6


G1 E-3.5 F3600
;WIPE_START
G1 F7200
G1 X128.057 Y102.972 E-.01331
G1 X128.057 Y106.102 E-1.48669
;WIPE_END
G1 Z1.6 F9000
;AFTER_LAYER_CHANGE
;1.6
G1 X128.206 Y102.794
G1 E5 F2400
;TYPE:Perimeter
;WIDTH:0.439999
G1 F2238
G1 X128.206 Y128.206 E.83903
G1 X102.794 Y128.206 E.83903
G1 X102.794 Y102.794 E.83903
G1 X128.146 Y102.794 E.83705
G1 X128.603 Y102.397 F9000
G1 F2238
G1 X128.603 Y128.603 E.86525
G1 X102.397 Y128.603 E.86525
G1 X102.397 Y102.397 E.86525
G1 X128.543 Y102.397 E.86327
G1 X128.99 Y102.01 F9000
;TYPE:External perimeter
;WIDTH:0.419999
G1 F1500
G1 X128.99 Y128.99 E.84594
G1 X102.01 Y128.99 E.84594
G1 X102.01 Y102.01 E.84594
G1 X128.93 Y102.01 E.84406
G1 E-3.5 F3600
;WIPE_START
G1 F7200
G1 X128.99 Y102.01 E-.0285
G1 X128.99 Y105.108 E-1.4715
;WIPE_END
G1 X127.9 Y107.82 F9000
G1 E5 F2400
;TYPE:Internal infill
;WIDTH:0.44
G1 F2238
G1 X127.9 Y105.438 E.07865
G1 X125.562 Y103.1 E.10917
G1 X127.9 Y103.1 E.07719
G1 X103.1 Y127.9 E1.158
G1 X103.1 Y125.562 E.07719
G1 X105.438 Y127.9 E.10917
G1 X108.715 Y127.9 E.1082
G1 X127.9 Y108.715 E.89582
G1 X127.9 Y111.053 E.07719
G1 X119.947 Y103.1 E.37135
G1 X122.285 Y103.1 E.07719
G1 X103.1 Y122.285 E.89582
G1 X103.1 Y119.947 E.07719
G1 X111.053 Y127.9 E.37135
G1 X114.331 Y127.9 E.10823
G1 X127.9 Y114.331 E.63358
G1 X127.9 Y116.669 E.07719
G1 X114.331 Y103.1 E.63358
G1 X116.669 Y103.1 E.07719
G1 X103.1 Y116.669 E.63358
G1 X103.1 Y114.331 E.07719
G1 X116.669 Y127.9 E.63358
G1 X119.947 Y127.9 E.10823
G1 X127.9 Y119.947 E.37135
G1 X127.9 Y122.285 E.07719
G1 X108.715 Y103.1 E.89582
G1 X111.053 Y103.1 E.07719
G1 X103.1 Y111.053 E.37135
G1 X103.1 Y108.715 E.07719
G1 X122.285 Y127.9 E.89582
G1 X125.562 Y127.9 E.1082
G1 X127.9 Y125.562 E.10917
G1 X127.9 Y127.9 E.07719
G1 X103.1 Y103.1 E1.158
G1 X103.1 Y105.438 E.07719
G1 X105.438 Y103.1 E.10917
G1 X107.82 Y103.1 E.07865
;LAYER_CHANGE
;Z:1.8
;HEIGHT:0.2
;BEFORE_LAYER_CHANGE
G92 E0
;1.8


G1 E-3.5 F3600
;WIPE_START
G1 F7200
G1 X105.438 Y103.1 E-1.13145
G1 X104.889 Y103.649 E-.36855
;WIPE_END
G1 Z1.8 F9000
;AFTER_LAYER_CHANGE
;1.8
G1 X102.594 Y102.794
G1 E5 F2400
;TYPE:Perimeter
;WIDTH:0.439999
G1 F2356
G1 X128.006 Y102.794 E.83903
G1 X128.006 Y128.206 E.83903
G1 X102.594 Y128.206 E.83903
G1 X102.594 Y102.854 E.83705
G1 X102.197 Y102.397 F9000
G1 F2356
G1 X128.403 Y102.397 E.86525
G1 X128.403 Y128.603 E.86525
G1 X102.197 Y128.603 E.86525
G1 X102.197 Y102.457 E.86327
G1 X101.81 Y102.01 F9000
;TYPE:External perimeter
;WIDTH:0.419999
G1 F1500
G1 X128.79 Y102.01 E.84594
G1 X128.79 Y128.99 E.84594
G1 X101.81 Y128.99 E.84594
G1 X101.81 Y102.07 E.84406
G1 E-3.5 F3600
;WIPE_START
G1 F7200
G1 X101.81 Y102.01 E-.0285
G1 X104.908 Y102.01 E-1.4715
;WIPE_END
G1 X107.82 Y103.1 F9000
G1 E5 F2400
;TYPE:Internal infill
;WIDTH:0.44
G1 F2356
G1 X105.438 Y103.1 E.07865
G1 X103.383 Y105.154 E.09593
G1 X103.383 Y103.383 E.05847
G1 X127.7 Y127.7 E1.13545
G1 X127.7 Y125.762 E.06399
G1 X125.562 Y127.9 E.09983
G1 X122.285 Y127.9 E.1082
G1 X103.383 Y108.999 E.88258
G1 X103.383 Y110.77 E.05847
G1 X111.053 Y103.1 E.35814
G1 X108.715 Y103.1 E.07719
G1 X127.7 Y122.085 E.88648
G1 X127.7 Y120.147 E.06399
G1 X119.947 Y127.9 E.36201
G1 X116.669 Y127.9 E.10823
G1 X103.383 Y114.614 E.62037
G1 X103.383 Y116.386 E.05851
G1 X116.669 Y103.1 E.62037
G1 X114.331 Y103.1 E.07719
G1 X127.7 Y116.469 E.62425
G1 X127.7 Y114.531 E.06399
G1 X114.331 Y127.9 E.62425
G1 X111.053 Y127.9 E.10823
G1 X103.383 Y120.23 E.35814
G1 X103.383 Y122.001 E.05847
G1 X122.285 Y103.1 E.88258
G1 X119.947 Y103.1 E.07719
G1 X127.7 Y110.853 E.36201
G1 X127.7 Y108.915 E.06399
G1 X108.715 Y127.9 E.88648
G1 X105.438 Y127.9 E.1082
G1 X103.383 Y125.846 E.09593
G1 X103.383 Y127.617 E.05847
G1 X127.7 Y103.3 E1.13545
G1 X127.7 Y105.238 E.06399
G1 X125.562 Y103.1 E.09983
G1 X123.18 Y103.1 E.07865
G1 E-3.5 F3600
;WIPE_START
G1 F7200
G1 X125.562 Y103.1 E-1.13145
G1 X126.111 Y103.649 E-.36855
;WIPE_END
G1 X102.944 Y127.856 F9000
G1 E5 F2400
;TYPE:Solid infill
;WIDTH:0.527922
G1 F2356
G1 X102.943 Y127.828 E.00113
;WIDTH:0.526306
G1 X102.943 Y103.172 E.99102
;WIDTH:0.527922
G1 X102.944 Y103.144 E.00113
;LAYER_CHANGE
;Z:2
;HEIGHT:0.2
;BEFORE_LAYER_CHANGE
G92 E0
;2


G1 E-3.5 F3600
;WIPE_START
G1 F7200
G1 X102.943 Y103.172 E-.01331
G1 X102.943 Y106.302 E-1.48669
;WIPE_END
G1 Z2 F9000
;AFTER_LAYER_CHANGE
;2
G1 X102.994 Y102.994
G1 E5 F2400
;TYPE:Perimeter
;WIDTH:0.439999
G1 F2202
G1 X128.006 Y102.994 E.82583
G1 X128.006 Y128.006 E.82583
G1 X102.994 Y128.006 E.82583
G1 X102.994 Y103.054 E.82385
G1 X102.597 Y102.597 F9000
G1 F2202
G1 X128.403 Y102.597 E.85204
G1 X128.403 Y128.403 E.85204
G1 X102.597 Y128.403 E.85204
G1 X102.597 Y102.657 E.85006
G1 X102.21 Y102.21 F9000
;TYPE:External perimeter
;WIDTH:0.419999
G1 F1500
G1 X128.79 Y102.21 E.8334
G1 X128.79 Y128.79 E.8334
G1 X102.21 Y128.79 E.8334
G1 X102.21 Y102.27 E.83151
G1 E-3.5 F3600
;WIPE_START
G1 F7200
G1 X102.21 Y102.21 E-.0285
G1 X105.308 Y102.21 E-1.4715
;WIPE_END
G1 X103.3 Y107.62 F9000
G1 E5 F2400
;TYPE:Internal infill
;WIDTH:0.44
G1 F2202
G1 X103.3 Y105.238 E.07865
G1 X105.238 Y103.3 E.09049
G1 X103.3 Y103.3 E.06399
G1 X127.7 Y127.7 E1.13932
G1 X125.762 Y127.7 E.06399
G1 X127.7 Y125.762 E.09049
G1 X127.7 Y123.38 E.07865
G1 E-3.5 F3600
;WIPE_START
G1 F7200
G1 X127.7 Y125.762 E-1.13145
G1 X127.151 Y126.311 E-.36855
;WIPE_END
G1 X124.467 Y127.7 F9000
G1 E5 F2400
G1 F2202
G1 X122.085 Y127.7 E.07865
G1 X103.3 Y108.915 E.87714
G1 X103.3 Y110.853 E.06399
G1 X110.853 Y103.3 E.35268
G1 X108.915 Y103.3 E.06399
G1 X127.7 Y122.085 E.87714
G1 X127.7 Y120.147 E.06399
G1 X120.147 Y127.7 E.35268
G1 X116.469 Y127.7 E.12144
G1 X103.3 Y114.531 E.61491
G1 X103.3 Y116.469 E.06399
G1 X116.469 Y103.3 E.61491
G1 X114.531 Y103.3 E.06399
G1 X127.7 Y116.469 E.61491
G1 X127.7 Y114.531 E.06399
G1 X114.531 Y127.7 E.61491
G1 X110.853 Y127.7 E.12144
G1 X103.3 Y120.147 E.35268
G1 X103.3 Y122.085 E.06399
G1 X122.085 Y103.3 E.87714
G1 X120.147 Y103.3 E.06399
G1 X127.7 Y110.853 E.35268
G1 X127.7 Y108.915 E.06399
G1 X108.915 Y127.7 E.87714
G1 X105.238 Y127.7 E.1214
G1 X103.3 Y125.762 E.09049
G1 X103.3 Y127.7 E.06399
G1 X127.7 Y103.3 E1.13932
G1 X125.762 Y103.3 E.06399
G1 X127.7 Y105.238 E.09049
G1 X127.7 Y107.62 E.07865
;LAYER_CHANGE
;Z:2.2
;HEIGHT:0.2
;BEFORE_LAYER_CHANGE
G92 E0
;2.2


G1 E-3.5 F3600
;WIPE_START
G1 F7200
G1 X127.7 Y105.238 E-1.13145
G1 X127.151 Y104.689 E-.36855
;WIPE_END
G1 Z2.2 F9000
;AFTER_LAYER_CHANGE
;2.2
G1 X127.806 Y102.994
G1 E5 F2400
;TYPE:Perimeter
;WIDTH:0.439999
G1 X127.806 Y128.006 E.82583
G1 X102.794 Y128.006 E.82583
G1 X102.794 Y102.994 E.82583
G1 X127.746 Y102.994 E.82385
G1 X128.203 Y102.597 F9000
G1 F2400
G1 X128.203 Y128.403 E.85204
G1 X102.397 Y128.403 E.85204
G1 X102.397 Y102.597 E.85204
G1 X128.143 Y102.597 E.85006
G1 X128.59 Y102.21 F9000
;TYPE:External perimeter
;WIDTH:0.419999
G1 F1500
G1 X128.59 Y128.79 E.8334
G1 X102.01 Y128.79 E.8334
G1 X102.01 Y102.21 E.8334
G1 X128.53 Y102.21 E.83151
G1 E-3.5 F3600
;WIPE_START
G1 F7200
G1 X128.59 Y102.21 E-.0285
G1 X128.59 Y105.308 E-1.4715
;WIPE_END
G1 X103.783 Y107.137 F9000
G1 E5 F2400
;TYPE:Internal infill
;WIDTH:0.44
G1 F2690
G1 X103.783 Y104.754 E.07868
G1 X104.754 Y103.783 E.04534
G1 X103.783 Y103.783 E.03206
G1 X127.217 Y127.217 E1.09422
G1 X126.246 Y127.217 E.03206
G1 X127.5 Y125.962 E.05858
G1 X127.5 Y121.885 E.13461
G1 X109.399 Y103.783 E.84522
G1 X110.37 Y103.783 E.03206
G1 X103.783 Y110.37 E.30757
G1 X103.783 Y109.399 E.03206
G1 X121.601 Y127.217 E.83199
G1 X120.63 Y127.217 E.03206
G1 X127.5 Y120.347 E.32078
G1 X127.5 Y116.269 E.13464
G1 X115.014 Y103.783 E.58302
G1 X115.986 Y103.783 E.03209
G1 X103.783 Y115.986 E.5698
G1 X103.783 Y115.014 E.03209
G1 X115.986 Y127.217 E.5698
G1 X115.014 Y127.217 E.03209
G1 X127.5 Y114.731 E.58302
G1 X127.5 Y110.653 E.13464
G1 X120.63 Y103.783 E.32078
G1 X121.601 Y103.783 E.03206
G1 X103.783 Y121.601 E.83199
G1 X103.783 Y120.63 E.03206
G1 X110.37 Y127.217 E.30757
G1 X109.399 Y127.217 E.03206
G1 X127.5 Y109.115 E.84522
G1 X127.5 Y105.038 E.13461
G1 X126.246 Y103.783 E.05858
G1 X127.217 Y103.783 E.03206
G1 X103.783 Y127.217 E1.09422
G1 X103.783 Y126.246 E.03206
G1 X104.754 Y127.217 E.04534
G1 X107.137 Y127.217 E.07868
G1 E-3.5 F3600
;WIPE_START
G1 F7200
G1 X104.754 Y127.217 E-1.13192
G1 X104.206 Y126.669 E-.36808
;WIPE_END
G1 X103.072 Y127.318 F9000
G1 E5 F2400
;TYPE:Solid infill
;WIDTH:0.384613
G1 X103.072 Y103.682 E.67154
;WIDTH:0.42546
G1 X103.093 Y103.498 E.00589
;WIDTH:0.466306
G1 X103.113 Y103.313 E.00655
;WIDTH:0.498851
G1 X103.356 Y103.334 E.00925
;WIDTH:0.531396
G1 X103.599 Y103.355 E.00991
G1 X103.425 Y103.523 E.00982
;WIDTH:0.494359
G1 X103.421 Y103.576 E.002
;WIDTH:0.457777
G1 X103.418 Y103.629 E.00183
;WIDTH:0.421195
G1 X103.414 Y103.682 E.00167
;WIDTH:0.384613
G1 X103.414 Y127.345 E.67231
;WIDTH:0.427318
G1 X103.473 Y127.456 E.00402
;WIDTH:0.470023
G1 X103.531 Y127.566 E.00442
;WIDTH:0.498165
G1 X103.607 Y127.612 E.00336
;WIDTH:0.526306
G1 X103.682 Y127.657 E.00352
G1 X103.484 Y127.675 E.00799
;WIDTH:0.489606
G1 X103.286 Y127.694 E.00739
;WIDTH:0.452906
G1 X103.088 Y127.712 E.00678
;WIDTH:0.416205
G1 X103.08 Y127.516 E.00609
;WIDTH:0.439999
G1 X103.682 Y127.657 E.02041
;WIDTH:0.526306
G1 X127.428 Y127.657 E.95444
;WIDTH:0.527922
G1 X127.456 Y127.656 E.00113
G1 E-3.5 F3600
;WIPE_START
G1 F7200
G1 X127.428 Y127.657 E-.01331
G1 X124.298 Y127.657 E-1.48669
;WIPE_END
G1 X127.456 Y103.344 F9000
G1 E5 F2400
;WIDTH:0.52792
G1 X127.428 Y103.343 E.00113
;WIDTH:0.526308
G1 X103.682 Y103.343 E.95444
;WIDTH:0.531396
G1 X103.599 Y103.355 E.00341
;LAYER_CHANGE
;Z:2.4
;HEIGHT:0.2
;BEFORE_LAYER_CHANGE
G92 E0
;2.4


G1 E-3.5 F3600
;WIPE_START
G1 F7200
G1 X103.682 Y103.343 E-.03983
G1 X106.756 Y103.343 E-1.46017
;WIPE_END
G1 Z2.4 F9000
;AFTER_LAYER_CHANGE
;2.4
G1 X103.194 Y103.194
G1 E5 F2400
;TYPE:Perimeter
;WIDTH:0.439999
G1 F2128
G1 X127.806 Y103.194 E.81262
G1 X127.806 Y127.806 E.81262
G1 X103.194 Y127.806 E.81262
G1 X103.194 Y103.254 E.81064
G1 X102.797 Y102.797 F9000
G1 F2128
G1 X128.203 Y102.797 E.83884
G1 X128.203 Y128.203 E.83884
G1 X102.797 Y128.203 E.83884
G1 X102.797 Y102.857 E.83686
G1 X102.41 Y102.41 F9000
;TYPE:External perimeter
;WIDTH:0.419999
G1 F1500
G1 X128.59 Y102.41 E.82085
G1 X128.59 Y128.59 E.82085
G1 X102.41 Y128.59 E.82085
G1 X102.41 Y102.47 E.81897
G1 E-3.5 F3600
;WIPE_START
G1 F7200
G1 X102.41 Y102.41 E-.0285
G1 X105.508 Y102.41 E-1.4715
;WIPE_END
G1 X107.42 Y103.5 F9000
G1 E5 F2400
;TYPE:Internal infill
;WIDTH:0.44
G1 F2128
G1 X105.038 Y103.5 E.07865
G1 X103.5 Y105.038 E.07181
G1 X103.5 Y103.5 E.05078
G1 X127.5 Y127.5 E1.12064
G1 X125.962 Y127.5 E.05078
G1 X127.5 Y125.962 E.07181
G1 X127.5 Y121.885 E.13461
G1 X109.115 Y103.5 E.85846
G1 X110.653 Y103.5 E.05078
G1 X103.5 Y110.653 E.334
G1 X103.5 Y109.115 E.05078
G1 X121.885 Y127.5 E.85846
G1 X120.347 Y127.5 E.05078
G1 X127.5 Y120.347 E.334
G1 X127.5 Y117.964 E.07868
G1 E-3.5 F3600
;WIPE_START
G1 F7200
G1 X127.5 Y120.347 E-1.13193
G1 X126.952 Y120.895 E-.36807
;WIPE_END
G1 X118.651 Y127.5 F9000
G1 E5 F2400
G1 F2128
G1 X116.269 Y127.5 E.07865
G1 X103.5 Y114.731 E.59623
G1 X103.5 Y116.269 E.05078
G1 X116.269 Y103.5 E.59623
G1 X114.731 Y103.5 E.05078
G1 X127.5 Y116.269 E.59623
G1 X127.5 Y114.731 E.05078
G1 X114.731 Y127.5 E.59623
G1 X110.653 Y127.5 E.13464
G1 X103.5 Y120.347 E.334
G1 X103.5 Y121.885 E.05078
G1 X121.885 Y103.5 E.85846
G1 X120.347 Y103.5 E.05078
G1 X127.5 Y110.653 E.334
G1 X127.5 Y109.115 E.05078
G1 X109.115 Y127.5 E.85846
G1 X105.038 Y127.5 E.13461
G1 X103.5 Y125.962 E.07181
G1 X103.5 Y127.5 E.05078
G1 X127.5 Y103.5 E1.12064
G1 X127.5 Y105.038 E.05078
G1 X125.962 Y103.5 E.07181
G1 X123.58 Y103.5 E.07865
;LAYER_CHANGE
;Z:2.6
;HEIGHT:0.2
;BEFORE_LAYER_CHANGE
G92 E0
;2.6


G1 E-3.5 F3600
;WIPE_START
G1 F7200
G1 X125.962 Y103.5 E-1.13145
G1 X126.511 Y104.049 E-.36855
;WIPE_END
G1 Z2.6 F9000
;AFTER_LAYER_CHANGE
;2.6
G1 X127.606 Y103.394
G1 E5 F2400
;TYPE:Perimeter
;WIDTH:0.439999
G1 F2044
G1 X127.606 Y127.606 E.79941
G1 X103.394 Y127.606 E.79941
G1 X103.394 Y103.394 E.79941
G1 X127.546 Y103.394 E.79743
G1 X128.003 Y102.997 F9000
G1 F2044
G1 X128.003 Y128.003 E.82563
G1 X102.997 Y128.003 E.82563
G1 X102.997 Y102.997 E.82563
G1 X127.943 Y102.997 E.82365
G1 X128.39 Y102.61 F9000
;TYPE:External perimeter
;WIDTH:0.419999
G1 F1500
G1 X128.39 Y128.39 E.80831
G1 X102.61 Y128.39 E.80831
G1 X102.61 Y102.61 E.80831
G1 X128.33 Y102.61 E.80643
G1 E-3.5 F3600
;WIPE_START
G1 F7200
G1 X128.39 Y102.61 E-.0285
G1 X128.39 Y105.708 E-1.4715
;WIPE_END
G1 X127.3 Y107.22 F9000
G1 E5 F2400
;TYPE:Internal infill
;WIDTH:0.44
G1 F2044
G1 X127.3 Y104.838 E.07865
G1 X126.162 Y103.7 E.05314
G1 X127.3 Y103.7 E.03757
G1 X103.7 Y127.3 E1.10197
G1 X103.7 Y126.162 E.03757
G1 X104.838 Y127.3 E.05314
G1 X109.315 Y127.3 E.14782
G1 X127.3 Y109.315 E.83978
G1 X127.3 Y110.453 E.03757
G1 X120.547 Y103.7 E.31532
G1 X121.685 Y103.7 E.03757
G1 X103.7 Y121.685 E.83978
G1 X103.7 Y120.547 E.03757
G1 X110.453 Y127.3 E.31532
G1 X114.931 Y127.3 E.14785
G1 X127.3 Y114.931 E.57755
G1 X127.3 Y116.069 E.03757
G1 X114.931 Y103.7 E.57755
G1 X116.069 Y103.7 E.03757
G1 X103.7 Y116.069 E.57755
G1 X103.7 Y114.931 E.03757
G1 X116.069 Y127.3 E.57755
G1 X120.547 Y127.3 E.14785
G1 X127.3 Y120.547 E.31532
G1 X127.3 Y121.685 E.03757
G1 X109.315 Y103.7 E.83978
G1 X110.453 Y103.7 E.03757
G1 X103.7 Y110.453 E.31532
G1 X103.7 Y109.315 E.03757
G1 X121.685 Y127.3 E.83978
G1 X124.067 Y127.3 E.07865
G1 E-3.5 F3600
;WIPE_START
G1 F7200
G1 X121.685 Y127.3 E-1.13145
G1 X121.136 Y126.751 E-.36855
;WIPE_END
G1 X127.3 Y123.78 F9000
G1 E5 F2400
G1 F2044
G1 X127.3 Y126.162 E.07865
G1 X126.162 Y127.3 E.05314
G1 X127.3 Y127.3 E.03757
G1 X103.7 Y103.7 E1.10197
G1 X104.838 Y103.7 E.03757
G1 X103.7 Y104.838 E.05314
G1 X103.7 Y107.22 E.07865
;LAYER_CHANGE
;Z:2.8
;HEIGHT:0.2
;BEFORE_LAYER_CHANGE
G92 E0
;2.8


G1 E-3.5 F3600
;WIPE_START
G1 F7200
G1 X103.7 Y104.838 E-1.13145
G1 X104.249 Y104.289 E-.36855
;WIPE_END
G1 Z2.8 F9000
;AFTER_LAYER_CHANGE
;2.8
G1 X103.394 Y103.394
G1 E5 F2400
;TYPE:Perimeter
;WIDTH:0.439999
G1 F2043
G1 X127.606 Y103.394 E.79941
G1 X127.606 Y127.606 E.79941
G1 X103.394 Y127.606 E.79941
G1 X103.394 Y103.454 E.79743
G1 X102.997 Y102.997 F9000
G1 F2043
G1 X128.003 Y102.997 E.82563
G1 X128.003 Y128.003 E.82563
G1 X102.997 Y128.003 E.82563
G1 X102.997 Y103.057 E.82365
G1 X102.61 Y102.61 F9000
;TYPE:External perimeter
;WIDTH:0.419999
G1 F1500
G1 X128.39 Y102.61 E.80831
G1 X128.39 Y128.39 E.80831
G1 X102.61 Y128.39 E.80831
G1 X102.61 Y102.67 E.80643
G1 E-3.5 F3600
;WIPE_START
G1 F7200
G1 X102.61 Y102.61 E-.0285
G1 X105.708 Y102.61 E-1.4715
;WIPE_END
G1 X103.7 Y107.22 F9000
G1 E5 F2400
;TYPE:Internal infill
;WIDTH:0.44
G1 F2043
G1 X103.7 Y104.838 E.07865
G1 X104.838 Y103.7 E.05314
G1 X103.7 Y103.7 E.03757
G1 X127.3 Y127.3 E1.10197
G1 X126.162 Y127.3 E.03757
G1 X127.3 Y126.162 E.05314
G1 X127.3 Y123.78 E.07865
G1 E-3.5 F3600
;WIPE_START
G1 F7200
G1 X127.3 Y126.162 E-1.13145
G1 X126.751 Y126.711 E-.36855
;WIPE_END
G1 X124.067 Y127.3 F9000
G1 E5 F2400
G1 F2043
G1 X121.685 Y127.3 E.07865
G1 X103.7 Y109.315 E.83978
G1 X103.7 Y110.453 E.03757
G1 X110.453 Y103.7 E.31532
G1 X109.315 Y103.7 E.03757
G1 X127.3 Y121.685 E.83978
G1 X127.3 Y120.547 E.03757
G1 X120.547 Y127.3 E.31532
G1 X116.069 Y127.3 E.14785
G1 X103.7 Y114.931 E.57755
G1 X103.7 Y116.069 E.03757
G1 X116.069 Y103.7 E.57755
G1 X114.931 Y103.7 E.03757
G1 X127.3 Y116.069 E.57755
G1 X127.3 Y114.931 E.03757
G1 X114.931 Y127.3 E.57755
G1 X110.453 Y127.3 E.14785
G1 X103.7 Y120.547 E.31532
G1 X103.7 Y121.685 E.03757
G1 X121.685 Y103.7 E.83978
G1 X120.547 Y103.7 E.03757
G1 X127.3 Y110.453 E.31532
G1 X127.3 Y109.315 E.03757
G1 X109.315 Y127.3 E.83978
G1 X104.838 Y127.3 E.14782
G1 X103.7 Y126.162 E.05314
G1 X103.7 Y127.3 E.03757
G1 X127.3 Y103.7 E1.10197
G1 X126.162 Y103.7 E.03757
G1 X127.3 Y104.838 E.05314
G1 X127.3 Y107.22 E.07865
;LAYER_CHANGE
;Z:3
;HEIGHT:0.2
;BEFORE_LAYER_CHANGE
G92 E0
;3


G1 E-3.5 F3600
;WIPE_START
G1 F7200
G1 X127.3 Y104.838 E-1.13145
G1 X126.751 Y104.289 E-.36855
;WIPE_END
G1 Z3 F9000
;AFTER_LAYER_CHANGE
;3
G1 X127.406 Y103.594
G1 E5 F2400
;TYPE:Perimeter
;WIDTH:0.439999
G1 F1967
G1 X127.406 Y127.406 E.78621
G1 X103.594 Y127.406 E.78621
G1 X103.594 Y103.594 E.78621
G1 X127.346 Y103.594 E.78423
G1 X127.803 Y103.197 F9000
G1 F1967
G1 X127.803 Y127.803 E.81242
G1 X103.197 Y127.803 E.81242
G1 X103.197 Y103.197 E.81242
G1 X127.743 Y103.197 E.81044
G1 X128.19 Y102.81 F9000
;TYPE:External perimeter
;WIDTH:0.419999
G1 F1500
G1 X128.19 Y128.19 E.79577
G1 X102.81 Y128.19 E.79577
G1 X102.81 Y102.81 E.79577
G1 X128.13 Y102.81 E.79389
G1 E-3.5 F3600
;WIPE_START
G1 F7200
G1 X128.19 Y102.81 E-.0285
G1 X128.19 Y105.908 E-1.4715
;WIPE_END
G1 X127.1 Y107.02 F9000
G1 E5 F2400
;TYPE:Internal infill
;WIDTH:0.44
G1 F1967
G1 X127.1 Y104.638 E.07865
G1 X126.362 Y103.9 E.03446
G1 X127.1 Y103.9 E.02437
G1 X103.9 Y127.1 E1.08329
G1 X103.9 Y126.362 E.02437
G1 X104.638 Y127.1 E.03446
G1 X109.515 Y127.1 E.16103
G1 X127.1 Y109.515 E.82111
G1 X127.1 Y110.253 E.02437
G1 X120.747 Y103.9 E.29664
G1 X121.485 Y103.9 E.02437
G1 X103.9 Y121.485 E.82111
G1 X103.9 Y120.747 E.02437
G1 X110.253 Y127.1 E.29664
G1 X115.131 Y127.1 E.16106
G1 X127.1 Y115.131 E.55887
G1 X127.1 Y115.869 E.02437
G1 X115.131 Y103.9 E.55887
G1 X115.869 Y103.9 E.02437
G1 X103.9 Y115.869 E.55887
G1 X103.9 Y115.131 E.02437
G1 X115.869 Y127.1 E.55887
G1 X120.747 Y127.1 E.16106
G1 X127.1 Y120.747 E.29664
G1 X127.1 Y121.485 E.02437
G1 X109.515 Y103.9 E.82111
G1 X110.253 Y103.9 E.02437
G1 X103.9 Y110.253 E.29664
G1 X103.9 Y109.515 E.02437
G1 X121.485 Y127.1 E.82111
G1 X123.867 Y127.1 E.07865
G1 E-3.5 F3600
;WIPE_START
G1 F7200
G1 X121.485 Y127.1 E-1.13145
G1 X120.936 Y126.551 E-.36855
;WIPE_END
G1 X127.1 Y123.98 F9000
G1 E5 F2400
G1 F1967
G1 X127.1 Y126.362 E.07865
G1 X126.362 Y127.1 E.03446
G1 X127.1 Y127.1 E.02437
G1 X103.9 Y103.9 E1.08329
G1 X104.638 Y103.9 E.02437
G1 X103.9 Y104.638 E.03446
G1 X103.9 Y107.02 E.07865
;LAYER_CHANGE
;Z:3.2
;HEIGHT:0.2
;BEFORE_LAYER_CHANGE
G92 E0
;3.2


G1 E-3.5 F3600
;WIPE_START
G1 F7200
G1 X103.9 Y104.638 E-1.13145
G1 X104.449 Y104.089 E-.36855
;WIPE_END
G1 Z3.2 F9000
;AFTER_LAYER_CHANGE
;3.2
G1 X103.594 Y103.594
G1 E5 F2400
;TYPE:Perimeter
;WIDTH:0.439999
G1 F2268
G1 X127.406 Y103.594 E.78621
G1 X127.406 Y127.406 E.78621
G1 X103.594 Y127.406 E.78621
G1 X103.594 Y103.654 E.78423
G1 X103.197 Y103.197 F9000
G1 F2268
G1 X127.803 Y103.197 E.81242
G1 X127.803 Y127.803 E.81242
G1 X103.197 Y127.803 E.81242
G1 X103.197 Y103.257 E.81044
G1 X102.81 Y102.81 F9000
;TYPE:External perimeter
;WIDTH:0.419999
G1 F1500
G1 X128.19 Y102.81 E.79577
G1 X128.19 Y128.19 E.79577
G1 X102.81 Y128.19 E.79577
G1 X102.81 Y102.87 E.79389
G1 E-3.5 F3600
;WIPE_START
G1 F7200
G1 X102.81 Y102.81 E-.0285
G1 X105.908 Y102.81 E-1.4715
;WIPE_END
G1 X112.381 Y104.383 F9000
G1 E5 F2400
;TYPE:Internal infill
;WIDTH:0.44
G1 F2268
G1 X109.999 Y104.383 E.07865
G1 X126.617 Y121.001 E.77595
G1 X126.617 Y121.23 E.00756
G1 X121.23 Y126.617 E.25154
G1 X121.001 Y126.617 E.00756
G1 X104.383 Y109.999 E.77595
G1 X104.383 Y109.77 E.00756
G1 X109.77 Y104.383 E.25154
G1 X104.383 Y104.383 E.17786
G1 X126.617 Y126.617 E1.03818
G1 X124.234 Y126.617 E.07868
G1 E-3.5 F3600
;WIPE_START
G1 F7200
G1 X126.617 Y126.617 E-1.13192
G1 X126.069 Y126.069 E-.36808
;WIPE_END
G1 X126.718 Y103.943 F9000
G1 E5 F2400
;TYPE:Solid infill
;WIDTH:0.573027
G1 F2268
G1 X126.807 Y103.966 E.00405
;WIDTH:0.619748
G1 X126.897 Y103.99 E.00447
;WIDTH:0.666468
G1 X126.987 Y104.013 E.00482
G1 X127.01 Y104.103 E.00482
;WIDTH:0.619748
G1 X127.034 Y104.193 E.00447
;WIDTH:0.573028
G1 X127.057 Y104.282 E.00405
;WIDTH:0.526308
G1 X127.057 Y126.718 E.90179
;WIDTH:0.573028
G1 X127.034 Y126.807 E.00405
;WIDTH:0.61975
G1 X127.01 Y126.897 E.00447
;WIDTH:0.666472
G1 X126.987 Y126.987 E.00482
G1 X126.909 Y127.01 E.00422
;WIDTH:0.61975
G1 X126.831 Y127.034 E.00391
;WIDTH:0.573028
G1 X126.752 Y127.057 E.00363
;WIDTH:0.526308
G1 X104.282 Y127.057 E.90316
;WIDTH:0.573028
G1 X104.193 Y127.034 E.00405
;WIDTH:0.619748
G1 X104.103 Y127.01 E.00447
;WIDTH:0.666468
G1 X104.013 Y126.987 E.00482
G1 X103.99 Y126.897 E.00482
;WIDTH:0.619748
G1 X103.966 Y126.807 E.00447
;WIDTH:0.573027
G1 X103.943 Y126.718 E.00405
;WIDTH:0.526308
G1 X103.943 Y104.282 E.90179
;WIDTH:0.57303
G1 X103.966 Y104.193 E.00405
;WIDTH:0.619751
G1 X103.99 Y104.103 E.00447
;WIDTH:0.666472
G1 X104.013 Y104.013 E.00482
G1 X104.103 Y103.99 E.00482
;WIDTH:0.619751
G1 X104.193 Y103.966 E.00447
;WIDTH:0.57303
G1 X104.282 Y103.943 E.00405
;WIDTH:0.526308
G1 X126.519 Y103.943 E.89379
G1 E-3.5 F3600
;WIPE_START
G1 F7200
G1 X123.361 Y103.943 E-1.5
;WIPE_END
G1 X126.617 Y106.766 F9000
G1 E5 F2400
;TYPE:Internal infill
;WIDTH:0.44
G1 F2268
G1 X126.617 Y104.383 E.07868
G1 X104.383 Y126.617 E1.03818
G1 X104.383 Y121.23 E.17786
G1 X109.77 Y126.617 E.25154
G1 X109.999 Y126.617 E.00756
G1 X126.617 Y109.999 E.77595
G1 X126.617 Y109.77 E.00756
G1 X121.23 Y104.383 E.25154
G1 X121.001 Y104.383 E.00756
G1 X104.383 Y121.001 E.77595
G1 X104.383 Y115.614 E.17786
G1 X115.386 Y126.617 E.51377
G1 X115.614 Y126.617 E.00753
G1 X126.617 Y115.614 E.51377
G1 X126.617 Y115.386 E.00753
G1 X115.614 Y104.383 E.51377
G1 X115.386 Y104.383 E.00753
G1 X104.383 Y115.386 E.51377
G1 X104.383 Y113.003 E.07868
;LAYER_CHANGE
;Z:3.4
;HEIGHT:0.2
;BEFORE_LAYER_CHANGE
G92 E0
;3.4


G1 E-3.5 F3600
;WIPE_START
G1 F7200
G1 X104.383 Y115.386 E-1.13192
G1 X104.931 Y114.838 E-.36808
;WIPE_END
G1 Z3.4 F9000
;AFTER_LAYER_CHANGE
;3.4
G1 X103.794 Y103.794
G1 E5 F2400
;TYPE:Perimeter
;WIDTH:0.439999
G1 F1898
G1 X127.206 Y103.794 E.773
G1 X127.206 Y127.206 E.773
G1 X103.794 Y127.206 E.773
G1 X103.794 Y103.854 E.77102
G1 X103.397 Y103.397 F9000
G1 F1898
G1 X127.603 Y103.397 E.79922
G1 X127.603 Y127.603 E.79922
G1 X103.397 Y127.603 E.79922
G1 X103.397 Y103.457 E.79723
G1 X103.01 Y103.01 F9000
;TYPE:External perimeter
;WIDTH:0.419999
G1 F1500
G1 X127.99 Y103.01 E.78323
G1 X127.99 Y127.99 E.78323
G1 X103.01 Y127.99 E.78323
G1 X103.01 Y103.07 E.78135
G1 E-3.5 F3600
;WIPE_START
G1 F7200
G1 X103.01 Y103.01 E-.0285
G1 X106.108 Y103.01 E-1.4715
;WIPE_END
G1 X104.1 Y106.82 F9000
G1 E5 F2400
;TYPE:Internal infill
;WIDTH:0.44
G1 F1898
G1 X104.1 Y104.438 E.07865
G1 X104.438 Y104.1 E.01578
G1 X104.1 Y104.1 E.01116
G1 X126.9 Y126.9 E1.06461
G1 X126.562 Y126.9 E.01116
G1 X126.9 Y126.562 E.01578
G1 X126.9 Y124.18 E.07865
G1 E-3.5 F3600
;WIPE_START
G1 F7200
G1 X126.9 Y126.562 E-1.13145
G1 X126.562 Y126.9 E-.22705
G1 X126.86 Y126.9 E-.1415
;WIPE_END
G1 X123.667 Y126.9 F9000
G1 E5 F2400
G1 F1898
G1 X121.285 Y126.9 E.07865
G1 X104.1 Y109.715 E.80243
G1 X104.1 Y110.053 E.01116
G1 X110.053 Y104.1 E.27797
G1 X109.715 Y104.1 E.01116
G1 X126.9 Y121.285 E.80243
G1 X126.9 Y120.947 E.01116
G1 X120.947 Y126.9 E.27797
G1 X115.669 Y126.9 E.17427
G1 X104.1 Y115.331 E.5402
G1 X104.1 Y115.669 E.01116
G1 X115.669 Y104.1 E.5402
G1 X115.331 Y104.1 E.01116
G1 X126.9 Y115.669 E.5402
G1 X126.9 Y115.331 E.01116
G1 X115.331 Y126.9 E.5402
G1 X110.053 Y126.9 E.17427
G1 X104.1 Y120.947 E.27797
G1 X104.1 Y121.285 E.01116
G1 X121.285 Y104.1 E.80243
G1 X120.947 Y104.1 E.01116
G1 X126.9 Y110.053 E.27797
G1 X126.9 Y109.715 E.01116
G1 X109.715 Y126.9 E.80243
G1 X104.438 Y126.9 E.17423
G1 X104.1 Y126.562 E.01578
G1 X104.1 Y126.9 E.01116
G1 X126.9 Y104.1 E1.06461
G1 X126.562 Y104.1 E.01116
G1 X126.9 Y104.438 E.01578
G1 X126.9 Y106.82 E.07865
;LAYER_CHANGE
;Z:3.6
;HEIGHT:0.2
;BEFORE_LAYER_CHANGE
G92 E0
;3.6


G1 E-3.5 F3600
;WIPE_START
G1 F7200
G1 X126.9 Y104.438 E-1.13145
G1 X126.562 Y104.1 E-.22705
G1 X126.86 Y104.1 E-.1415
;WIPE_END
G1 Z3.6 F9000
;AFTER_LAYER_CHANGE
;3.6
G1 X127.006 Y103.994
G1 E5 F2400
;TYPE:Perimeter
;WIDTH:0.439999
G1 F1792
G1 X127.006 Y127.006 E.75979
G1 X103.994 Y127.006 E.75979
G1 X103.994 Y103.994 E.75979
G1 X126.946 Y103.994 E.75781
G1 X127.403 Y103.597 F9000
G1 F1792
G1 X127.403 Y127.403 E.78601
G1 X103.597 Y127.403 E.78601
G1 X103.597 Y103.597 E.78601
G1 X127.343 Y103.597 E.78403
G1 X127.79 Y103.21 F9000
;TYPE:External perimeter
;WIDTH:0.419999
G1 F1500
G1 X127.79 Y127.79 E.77069
G1 X103.21 Y127.79 E.77069
G1 X103.21 Y103.21 E.77069
G1 X127.73 Y103.21 E.76881
G1 E-3.5 F3600
;WIPE_START
G1 F7200
G1 X127.79 Y103.21 E-.0285
G1 X127.79 Y106.308 E-1.4715
;WIPE_END
G1 X126.7 Y106.682 F9000
G1 E5 F2400
;TYPE:Internal infill
;WIDTH:0.44
G1 F1792
G1 X126.7 Y104.3 E.07865
G1 X104.3 Y126.7 E1.04593
G1 X104.3 Y121.147 E.18335
G1 X109.853 Y126.7 E.25929
G1 X109.915 Y126.7 E.00205
G1 X126.7 Y109.915 E.78375
G1 X126.7 Y109.853 E.00205
G1 X121.147 Y104.3 E.25929
G1 X121.085 Y104.3 E.00205
G1 X104.3 Y121.085 E.78375
G1 X104.3 Y115.531 E.18338
G1 X115.469 Y126.7 E.52152
G1 X115.531 Y126.7 E.00205
G1 X126.7 Y115.531 E.52152
G1 X126.7 Y115.469 E.00205
G1 X115.531 Y104.3 E.52152
G1 X115.469 Y104.3 E.00205
G1 X104.3 Y115.469 E.52152
G1 X104.3 Y109.915 E.18338
G1 X121.085 Y126.7 E.78375
G1 X121.147 Y126.7 E.00205
G1 X126.7 Y121.147 E.25929
G1 X126.7 Y121.085 E.00205
G1 X109.915 Y104.3 E.78375
G1 X109.853 Y104.3 E.00205
G1 X104.3 Y109.853 E.25929
G1 X104.3 Y104.3 E.18335
G1 X126.7 Y126.7 E1.04593
G1 X124.318 Y126.7 E.07865
;LAYER_CHANGE
;Z:3.8
;HEIGHT:0.2
;BEFORE_LAYER_CHANGE
G92 E0
;3.8


G1 E-3.5 F3600
;WIPE_START
G1 F7200
G1 X126.7 Y126.7 E-1.13145
G1 X126.151 Y126.151 E-.36855
;WIPE_END
G1 Z3.8 F9000
;AFTER_LAYER_CHANGE
;3.8
G1 X127.006 Y127.006
G1 E5 F2400
;TYPE:Perimeter
;WIDTH:0.439999
G1 F1793
G1 X103.994 Y127.006 E.75979
G1 X103.994 Y103.994 E.75979
G1 X127.006 Y103.994 E.75979
G1 X127.006 Y126.946 E.75781
G1 X127.403 Y127.403 F9000
G1 F1793
G1 X103.597 Y127.403 E.78601
G1 X103.597 Y103.597 E.78601
G1 X127.403 Y103.597 E.78601
G1 X127.403 Y127.343 E.78403
G1 X127.79 Y127.79 F9000
;TYPE:External perimeter
;WIDTH:0.419999
G1 F1500
G1 X103.21 Y127.79 E.77069
G1 X103.21 Y103.21 E.77069
G1 X127.79 Y103.21 E.77069
G1 X127.79 Y127.73 E.76881
G1 E-3.5 F3600
;WIPE_START
G1 F7200
G1 X127.79 Y127.79 E-.0285
G1 X124.692 Y127.79 E-1.4715
;WIPE_END
G1 X124.318 Y126.7 F9000
G1 E5 F2400
;TYPE:Internal infill
;WIDTH:0.44
G1 F1793
G1 X126.7 Y126.7 E.07865
G1 X104.3 Y104.3 E1.04593
G1 X104.3 Y109.853 E.18335
G1 X109.853 Y104.3 E.25929
G1 X109.915 Y104.3 E.00205
G1 X126.7 Y121.085 E.78375
G1 X126.7 Y121.147 E.00205
G1 X121.147 Y126.7 E.25929
G1 X121.085 Y126.7 E.00205
G1 X104.3 Y109.915 E.78375
G1 X104.3 Y115.469 E.18338
G1 X115.469 Y104.3 E.52152
G1 X115.531 Y104.3 E.00205
G1 X126.7 Y115.469 E.52152
G1 X126.7 Y115.531 E.00205
G1 X115.531 Y126.7 E.52152
G1 X115.469 Y126.7 E.00205
G1 X104.3 Y115.531 E.52152
G1 X104.3 Y121.085 E.18338
G1 X121.085 Y104.3 E.78375
G1 X121.147 Y104.3 E.00205
G1 X126.7 Y109.853 E.25929
G1 X126.7 Y109.915 E.00205
G1 X109.915 Y126.7 E.78375
G1 X109.853 Y126.7 E.00205
G1 X104.3 Y121.147 E.25929
G1 X104.3 Y126.7 E.18335
G1 X126.7 Y104.3 E1.04593
G1 X126.7 Y106.682 E.07865
;LAYER_CHANGE
;Z:4
;HEIGHT:0.2
;BEFORE_LAYER_CHANGE
G92 E0
;4


G1 E-3.5 F3600
;WIPE_START
G1 F7200
G1 X126.7 Y104.3 E-1.13145
G1 X126.151 Y104.849 E-.36855
;WIPE_END
G1 Z4 F9000
;AFTER_LAYER_CHANGE
;4
G1 X126.806 Y104.194
G1 E5 F2400
;TYPE:Perimeter
;WIDTH:0.439999
G1 F1783
G1 X126.806 Y126.806 E.74659
G1 X104.194 Y126.806 E.74659
G1 X104.194 Y104.194 E.74659
G1 X126.746 Y104.194 E.74461
G1 X127.203 Y103.797 F9000
G1 F1783
G1 X127.203 Y127.203 E.7728
G1 X103.797 Y127.203 E.7728
G1 X103.797 Y103.797 E.7728
G1 X127.143 Y103.797 E.77082
G1 X127.59 Y103.41 F9000
;TYPE:External perimeter
;WIDTH:0.419999
G1 F1500
G1 X127.59 Y127.59 E.75815
G1 X103.41 Y127.59 E.75815
G1 X103.41 Y103.41 E.75815
G1 X127.53 Y103.41 E.75626
G1 E-3.5 F3600
;WIPE_START
G1 F7200
G1 X127.59 Y103.41 E-.0285
G1 X127.59 Y106.508 E-1.4715
;WIPE_END
G1 X126.5 Y106.882 F9000
G1 E5 F2400
;TYPE:Internal infill
;WIDTH:0.44
G1 F1783
G1 X126.5 Y104.5 E.07865
G1 X104.5 Y126.5 E1.02726
G1 X104.5 Y121.347 E.17014
G1 X109.653 Y126.5 E.24061
G1 X110.115 Y126.5 E.01525
G1 X126.5 Y110.115 E.76507
G1 X126.5 Y109.653 E.01525
G1 X121.347 Y104.5 E.24061
G1 X120.885 Y104.5 E.01525
G1 X104.5 Y120.885 E.76507
G1 X104.5 Y115.731 E.17017
G1 X115.269 Y126.5 E.50284
G1 X115.731 Y126.5 E.01525
G1 X126.5 Y115.731 E.50284
G1 X126.5 Y115.269 E.01525
G1 X115.731 Y104.5 E.50284
G1 X115.269 Y104.5 E.01525
G1 X104.5 Y115.269 E.50284
G1 X104.5 Y112.887 E.07865
G1 E-3.5 F3600
;WIPE_START
G1 F7200
G1 X104.5 Y115.269 E-1.13145
G1 X105.049 Y114.72 E-.36855
;WIPE_END
G1 X112.498 Y104.5 F9000
G1 E5 F2400
G1 F1783
G1 X110.115 Y104.5 E.07868
G1 X126.5 Y120.885 E.76507
G1 X126.5 Y121.347 E.01525
G1 X121.347 Y126.5 E.24061
G1 X120.885 Y126.5 E.01525
G1 X104.5 Y110.115 E.76507
G1 X104.5 Y109.653 E.01525
G1 X109.653 Y104.5 E.24061
G1 X104.5 Y104.5 E.17014
G1 X126.5 Y126.5 E1.02726
G1 X124.118 Y126.5 E.07865
;LAYER_CHANGE
;Z:4.2
;HEIGHT:0.2
;BEFORE_LAYER_CHANGE
G92 E0
;4.2


G1 E-3.5 F3600
;WIPE_START
G1 F7200
G1 X126.5 Y126.5 E-1.13145
G1 X125.951 Y125.951 E-.36855
;WIPE_END
G1 Z4.2 F9000
;AFTER_LAYER_CHANGE
;4.2
G1 X126.806 Y126.806
G1 E5 F2400
;TYPE:Perimeter
;WIDTH:0.439999
G1 F2097
G1 X104.194 Y126.806 E.74659
G1 X104.194 Y104.194 E.74659
G1 X126.806 Y104.194 E.74659
G1 X126.806 Y126.746 E.74461
G1 X127.203 Y127.203 F9000
G1 F2097
G1 X103.797 Y127.203 E.7728
G1 X103.797 Y103.797 E.7728
G1 X127.203 Y103.797 E.7728
G1 X127.203 Y127.143 E.77082
G1 X127.59 Y127.59 F9000
;TYPE:External perimeter
;WIDTH:0.419999
G1 F1500
G1 X103.41 Y127.59 E.75815
G1 X103.41 Y103.41 E.75815
G1 X127.59 Y103.41 E.75815
G1 X127.59 Y127.53 E.75626
G1 E-3.5 F3600
;WIPE_START
G1 F7200
G1 X127.59 Y127.59 E-.0285
G1 X124.492 Y127.59 E-1.4715
;WIPE_END
G1 X123.634 Y126.017 F9000
G1 E5 F2400
;TYPE:Internal infill
;WIDTH:0.44
G1 F2097
G1 X126.017 Y126.017 E.07868
G1 X104.983 Y104.983 E.98215
G1 X109.17 Y104.983 E.13824
G1 X104.983 Y109.17 E.19551
G1 X104.983 Y110.599 E.04718
G1 X120.401 Y126.017 E.71992
G1 X121.83 Y126.017 E.04718
G1 X126.017 Y121.83 E.19551
G1 X126.017 Y120.401 E.04718
G1 X110.599 Y104.983 E.71992
G1 X112.981 Y104.983 E.07865
G1 E-3.5 F3600
;WIPE_START
G1 F7200
G1 X110.599 Y104.983 E-1.13145
G1 X111.148 Y105.532 E-.36855
;WIPE_END
G1 X104.543 Y104.882 F9000
G1 E5 F2400
;TYPE:Solid infill
;WIDTH:0.573027
G1 F2097
G1 X104.566 Y104.793 E.00405
;WIDTH:0.619748
G1 X104.59 Y104.703 E.00447
;WIDTH:0.666468
G1 X104.613 Y104.613 E.00482
G1 X104.703 Y104.59 E.00482
;WIDTH:0.619748
G1 X104.793 Y104.566 E.00447
;WIDTH:0.573027
G1 X104.882 Y104.543 E.00405
;WIDTH:0.526306
G1 X126.118 Y104.543 E.85355
;WIDTH:0.573028
G1 X126.207 Y104.566 E.00405
;WIDTH:0.619749
G1 X126.297 Y104.59 E.00447
;WIDTH:0.66647
G1 X126.387 Y104.613 E.00482
G1 X126.41 Y104.691 E.00422
;WIDTH:0.619749
G1 X126.434 Y104.77 E.00396
;WIDTH:0.573028
G1 X126.457 Y104.848 E.00358
;WIDTH:0.526306
G1 X126.457 Y126.118 E.85492
;WIDTH:0.573027
G1 X126.434 Y126.207 E.00405
;WIDTH:0.619748
G1 X126.41 Y126.297 E.00447
;WIDTH:0.666468
G1 X126.387 Y126.387 E.00482
G1 X126.297 Y126.41 E.00482
;WIDTH:0.619748
G1 X126.207 Y126.434 E.00447
;WIDTH:0.573027
G1 X126.118 Y126.457 E.00405
;WIDTH:0.526306
G1 X104.882 Y126.457 E.85355
;WIDTH:0.573028
G1 X104.793 Y126.434 E.00405
;WIDTH:0.619749
G1 X104.703 Y126.41 E.00447
;WIDTH:0.66647
G1 X104.613 Y126.387 E.00482
G1 X104.59 Y126.297 E.00482
;WIDTH:0.61975
G1 X104.566 Y126.207 E.00447
;WIDTH:0.573029
G1 X104.543 Y126.118 E.00405
;WIDTH:0.526308
G1 X104.543 Y105.081 E.84556
G1 E-3.5 F3600
;WIPE_START
G1 F7200
G1 X104.543 Y108.239 E-1.5
;WIPE_END
G1 X104.983 Y112.403 F9000
G1 E5 F2400
;TYPE:Internal infill
;WIDTH:0.44
G1 F2097
G1 X104.983 Y114.786 E.07868
G1 X114.786 Y104.983 E.45774
G1 X116.214 Y104.983 E.04715
G1 X126.017 Y114.786 E.45774
G1 X126.017 Y116.214 E.04715
G1 X116.214 Y126.017 E.45774
G1 X114.786 Y126.017 E.04715
G1 X104.983 Y116.214 E.45774
G1 X104.983 Y120.401 E.13824
G1 X120.401 Y104.983 E.71992
G1 X121.83 Y104.983 E.04718
G1 X126.017 Y109.17 E.19551
G1 X126.017 Y110.599 E.04718
G1 X110.599 Y126.017 E.71992
G1 X109.17 Y126.017 E.04718
G1 X104.983 Y121.83 E.19551
G1 X104.983 Y126.017 E.13824
G1 X126.017 Y104.983 E.98215
G1 X126.017 Y107.366 E.07868
;LAYER_CHANGE
;Z:4.4
;HEIGHT:0.2
;BEFORE_LAYER_CHANGE
G92 E0
;4.4


G1 E-3.5 F3600
;WIPE_START
G1 F7200
G1 X126.017 Y104.983 E-1.13192
G1 X125.469 Y105.531 E-.36808
;WIPE_END
G1 Z4.4 F9000
;AFTER_LAYER_CHANGE
;4.4
G1 X126.606 Y104.394
G1 E5 F2400
;TYPE:Perimeter
;WIDTH:0.439999
G1 F1803
G1 X126.606 Y126.606 E.73338
G1 X104.394 Y126.606 E.73338
G1 X104.394 Y104.394 E.73338
G1 X126.546 Y104.394 E.7314
G1 X127.003 Y103.997 F9000
G1 F1803
G1 X127.003 Y127.003 E.75959
G1 X103.997 Y127.003 E.75959
G1 X103.997 Y103.997 E.75959
G1 X126.943 Y103.997 E.75761
G1 X127.39 Y103.61 F9000
;TYPE:External perimeter
;WIDTH:0.419999
G1 F1500
G1 X127.39 Y127.39 E.7456
G1 X103.61 Y127.39 E.7456
G1 X103.61 Y103.61 E.7456
G1 X127.33 Y103.61 E.74372
G1 E-3.5 F3600
;WIPE_START
G1 F7200
G1 X127.39 Y103.61 E-.0285
G1 X127.39 Y106.708 E-1.4715
;WIPE_END
G1 X126.3 Y107.082 F9000
G1 E5 F2400
;TYPE:Internal infill
;WIDTH:0.44
G1 F1803
G1 X126.3 Y104.7 E.07865
G1 X105.183 Y125.817 E.98603
G1 X105.183 Y122.03 E.12504
G1 X109.453 Y126.3 E.19938
G1 X110.315 Y126.3 E.02846
G1 X126.3 Y110.315 E.7464
G1 X126.3 Y109.453 E.02846
G1 X121.547 Y104.7 E.22193
G1 X120.685 Y104.7 E.02846
G1 X105.183 Y120.201 E.72382
G1 X105.183 Y116.414 E.12504
G1 X115.069 Y126.3 E.46161
G1 X115.931 Y126.3 E.02846
G1 X126.3 Y115.931 E.48417
G1 X126.3 Y115.069 E.02846
G1 X115.931 Y104.7 E.48417
G1 X115.069 Y104.7 E.02846
G1 X105.183 Y114.586 E.46161
G1 X105.183 Y110.799 E.12504
G1 X120.685 Y126.3 E.72382
G1 X121.547 Y126.3 E.02846
G1 X126.3 Y121.547 E.22193
G1 X126.3 Y120.685 E.02846
G1 X110.315 Y104.7 E.7464
G1 X109.453 Y104.7 E.02846
G1 X105.183 Y108.97 E.19938
G1 X105.183 Y105.183 E.12504
G1 X126.3 Y126.3 E.98603
G1 X123.918 Y126.3 E.07865
G1 E-3.5 F3600
;WIPE_START
G1 F7200
G1 X126.3 Y126.3 E-1.13145
G1 X125.751 Y125.751 E-.36855
;WIPE_END
G1 X104.744 Y104.744 F9000
G1 E5 F2400
;TYPE:Solid infill
;WIDTH:0.527922
G1 F1803
G1 X104.743 Y104.772 E.00113
;WIDTH:0.526308
G1 X104.743 Y126.228 E.8624
;WIDTH:0.527922
G1 X104.744 Y126.256 E.00113
;LAYER_CHANGE
;Z:4.6
;HEIGHT:0.2
;BEFORE_LAYER_CHANGE
G92 E0
;4.6


G1 E-3.5 F3600
;WIPE_START
G1 F7200
G1 X104.743 Y126.228 E-.01331
G1 X104.743 Y123.098 E-1.48669
;WIPE_END
G1 Z4.6 F9000
;AFTER_LAYER_CHANGE
;4.6
G1 X104.594 Y126.406
G1 E5 F2400
;TYPE:Perimeter
;WIDTH:0.439999
G1 F1710
G1 X104.594 Y104.594 E.72017
G1 X126.406 Y104.594 E.72017
G1 X126.406 Y126.406 E.72017
G1 X104.654 Y126.406 E.71819
G1 X104.197 Y126.803 F9000
G1 F1710
G1 X104.197 Y104.197 E.74639
G1 X126.803 Y104.197 E.74639
G1 X126.803 Y126.803 E.74639
G1 X104.257 Y126.803 E.74441
G1 X103.81 Y127.19 F9000
;TYPE:External perimeter
;WIDTH:0.419999
G1 F1500
G1 X103.81 Y103.81 E.73306
G1 X127.19 Y103.81 E.73306
G1 X127.19 Y127.19 E.73306
G1 X103.87 Y127.19 E.73118
G1 E-3.5 F3600
;WIPE_START
G1 F7200
G1 X103.81 Y127.19 E-.0285
G1 X103.81 Y124.092 E-1.4715
;WIPE_END
G1 X104.9 Y112.487 F9000
G1 E5 F2400
;TYPE:Internal infill
;WIDTH:0.44
G1 F1710
G1 X104.9 Y114.869 E.07865
G1 X114.869 Y104.9 E.46549
G1 X116.131 Y104.9 E.04167
G1 X126.1 Y114.869 E.46549
G1 X126.1 Y116.131 E.04167
G1 X116.131 Y126.1 E.46549
G1 X114.869 Y126.1 E.04167
G1 X104.9 Y116.131 E.46549
G1 X104.9 Y120.485 E.14376
G1 X120.485 Y104.9 E.72772
G1 X121.747 Y104.9 E.04167
G1 X126.1 Y109.253 E.20326
G1 X126.1 Y110.515 E.04167
G1 X110.515 Y126.1 E.72772
G1 X109.253 Y126.1 E.04167
G1 X104.9 Y121.747 E.20326
G1 X104.9 Y126.1 E.14372
G1 X126.1 Y104.9 E.9899
G1 X123.718 Y104.9 E.07865
G1 E-3.5 F3600
;WIPE_START
G1 F7200
G1 X126.1 Y104.9 E-1.13145
G1 X125.551 Y105.449 E-.36855
;WIPE_END
G1 X112.898 Y104.9 F9000
G1 E5 F2400
G1 F1710
G1 X110.515 Y104.9 E.07868
G1 X126.1 Y120.485 E.72772
G1 X126.1 Y121.747 E.04167
G1 X121.747 Y126.1 E.20326
G1 X120.485 Y126.1 E.04167
G1 X104.9 Y110.515 E.72772
G1 X104.9 Y109.253 E.04167
G1 X109.253 Y104.9 E.20326
G1 X104.9 Y104.9 E.14372
G1 X126.1 Y126.1 E.9899
G1 X123.718 Y126.1 E.07865
;LAYER_CHANGE
;Z:4.8
;HEIGHT:0.2
;BEFORE_LAYER_CHANGE
G92 E0
;4.8


G1 E-3.5 F3600
;WIPE_START
G1 F7200
G1 X126.1 Y126.1 E-1.13145
G1 X125.551 Y125.551 E-.36855
;WIPE_END
G1 Z4.8 F9000
;AFTER_LAYER_CHANGE
;4.8
G1 X126.606 Y126.406
G1 E5 F2400
;TYPE:Perimeter
;WIDTH:0.439999
G1 F1844
G1 X104.794 Y126.406 E.72017
G1 X104.794 Y104.594 E.72017
G1 X126.606 Y104.594 E.72017
G1 X126.606 Y126.346 E.71819
G1 X127.003 Y126.803 F9000
G1 F1844
G1 X104.397 Y126.803 E.74639
G1 X104.397 Y104.197 E.74639
G1 X127.003 Y104.197 E.74639
G1 X127.003 Y126.743 E.74441
G1 X127.39 Y127.19 F9000
;TYPE:External perimeter
;WIDTH:0.419999
G1 F1500
G1 X104.01 Y127.19 E.73306
G1 X104.01 Y103.81 E.73306
G1 X127.39 Y103.81 E.73306
G1 X127.39 Y127.13 E.73118
G1 E-3.5 F3600
;WIPE_START
G1 F7200
G1 X127.39 Y127.19 E-.0285
G1 X124.292 Y127.19 E-1.4715
;WIPE_END
G1 X107.282 Y126.1 F9000
G1 E5 F2400
;TYPE:Internal infill
;WIDTH:0.44
G1 F1844
G1 X105.1 Y126.1 E.07204
G1 X105.1 Y125.9 E.0066
G1 X125.617 Y105.383 E.95801
G1 X125.617 Y108.77 E.11183
G1 X121.747 Y104.9 E.1807
G1 X120.485 Y104.9 E.04167
G1 X105.1 Y120.285 E.71838
G1 X105.1 Y121.947 E.05487
G1 X109.253 Y126.1 E.19392
G1 X110.515 Y126.1 E.04167
G1 X125.617 Y110.999 E.70514
G1 X125.617 Y114.386 E.11183
G1 X116.131 Y104.9 E.44293
G1 X114.869 Y104.9 E.04167
G1 X105.1 Y114.669 E.45615
G1 X105.1 Y116.331 E.05487
G1 X114.869 Y126.1 E.45615
G1 X116.131 Y126.1 E.04167
G1 X125.617 Y116.614 E.44293
G1 X125.617 Y120.001 E.11183
G1 X110.515 Y104.9 E.70514
G1 X109.253 Y104.9 E.04167
G1 X105.1 Y109.053 E.19392
G1 X105.1 Y110.715 E.05487
G1 X120.485 Y126.1 E.71838
G1 X121.747 Y126.1 E.04167
G1 X125.617 Y122.23 E.1807
G1 X125.617 Y125.617 E.11183
G1 X105.1 Y105.1 E.95801
G1 X105.1 Y104.9 E.0066
G1 X107.282 Y104.9 E.07204
G1 E-3.5 F3600
;WIPE_START
G1 F7200
G1 X105.1 Y104.9 E-1.03645
G1 X105.1 Y105.1 E-.095
G1 X105.649 Y105.649 E-.36855
;WIPE_END
G1 X126.328 Y104.872 F9000
G1 E5 F2400
;TYPE:Solid infill
;WIDTH:0.384613
G1 F1844
G1 X126.328 Y126.128 E.60392
G1 X125.972 Y126.128 E.01011
G1 X125.986 Y125.957 E.00487
G1 X125.986 Y104.886 E.59867
G1 X126.129 Y104.88 E.00407
;LAYER_CHANGE
;Z:5
;HEIGHT:0.2
;BEFORE_LAYER_CHANGE
G92 E0
;5


G1 E-3.5 F3600
;WIPE_START
G1 F7200
G1 X125.986 Y104.886 E-.06798
G1 X125.986 Y107.901 E-1.43202
;WIPE_END
G1 Z5 F9000
;AFTER_LAYER_CHANGE
;5
G1 X126.206 Y104.794
G1 E5 F2400
;TYPE:Perimeter
;WIDTH:0.439999
G1 F1628
G1 X126.206 Y126.206 E.70697
G1 X104.794 Y126.206 E.70697
G1 X104.794 Y104.794 E.70697
G1 X126.146 Y104.794 E.70498
G1 X126.603 Y104.397 F9000
G1 F1628
G1 X126.603 Y126.603 E.73318
G1 X104.397 Y126.603 E.73318
G1 X104.397 Y104.397 E.73318
G1 X126.543 Y104.397 E.7312
G1 X126.99 Y104.01 F9000
;TYPE:External perimeter
;WIDTH:0.419999
G1 F1500
G1 X126.99 Y126.99 E.72052
G1 X104.01 Y126.99 E.72052
G1 X104.01 Y104.01 E.72052
G1 X126.93 Y104.01 E.71864
G1 E-3.5 F3600
;WIPE_START
G1 F7200
G1 X126.99 Y104.01 E-.0285
G1 X126.99 Y107.108 E-1.4715
;WIPE_END
G1 X125.9 Y107.482 F9000
G1 E5 F2400
;TYPE:Internal infill
;WIDTH:0.44
G1 F1628
G1 X125.9 Y105.1 E.07865
G1 X105.1 Y125.9 E.97123
G1 X105.1 Y121.947 E.13052
G1 X109.053 Y125.9 E.18458
G1 X110.715 Y125.9 E.05487
G1 X125.9 Y110.715 E.70904
G1 X125.9 Y109.053 E.05487
G1 X121.947 Y105.1 E.18458
G1 X120.285 Y105.1 E.05487
G1 X105.1 Y120.285 E.70904
G1 X105.1 Y116.331 E.13055
G1 X114.669 Y125.9 E.44681
G1 X116.331 Y125.9 E.05487
G1 X125.9 Y116.331 E.44681
G1 X125.9 Y114.669 E.05487
G1 X116.331 Y105.1 E.44681
G1 X114.669 Y105.1 E.05487
G1 X105.1 Y114.669 E.44681
G1 X105.1 Y110.715 E.13055
G1 X120.285 Y125.9 E.70904
G1 X121.947 Y125.9 E.05487
G1 X125.9 Y121.947 E.18458
G1 X125.9 Y120.285 E.05487
G1 X110.715 Y105.1 E.70904
G1 X109.053 Y105.1 E.05487
G1 X105.1 Y109.053 E.18458
G1 X105.1 Y105.1 E.13052
G1 X125.9 Y125.9 E.97123
G1 X123.518 Y125.9 E.07865
;LAYER_CHANGE
;Z:5.2
;HEIGHT:0.2
;BEFORE_LAYER_CHANGE
G92 E0
;5.2


G1 E-3.5 F3600
;WIPE_START
G1 F7200
G1 X125.9 Y125.9 E-1.13145
G1 X125.351 Y125.351 E-.36855
;WIPE_END
G1 Z5.2 F9000
;AFTER_LAYER_CHANGE
;5.2
G1 X126.006 Y126.206
G1 E5 F2400
;TYPE:Perimeter
;WIDTH:0.439999
G1 F1977
G1 X104.594 Y126.206 E.70697
G1 X104.594 Y104.794 E.70697
G1 X126.006 Y104.794 E.70697
G1 X126.006 Y126.146 E.70498
G1 X126.403 Y126.603 F9000
G1 F1977
G1 X104.197 Y126.603 E.73318
G1 X104.197 Y104.397 E.73318
G1 X126.403 Y104.397 E.73318
G1 X126.403 Y126.543 E.7312
G1 X126.79 Y126.99 F9000
;TYPE:External perimeter
;WIDTH:0.419999
G1 F1500
G1 X103.81 Y126.99 E.72052
G1 X103.81 Y104.01 E.72052
G1 X126.79 Y104.01 E.72052
G1 X126.79 Y126.93 E.71864
G1 E-3.5 F3600
;WIPE_START
G1 F7200
G1 X126.79 Y126.99 E-.0285
G1 X123.692 Y126.99 E-1.4715
;WIPE_END
G1 X125.7 Y123.286 F9000
G1 E5 F2400
;TYPE:Internal infill
;WIDTH:0.44
G1 F1977
G1 X125.7 Y125.348 E.06808
G1 X125.582 Y125.417 E.00451
G1 X125.417 Y125.417 E.00545
G1 X105.583 Y105.583 E.92612
G1 X105.583 Y108.57 E.09862
G1 X108.57 Y105.583 E.13947
G1 X111.199 Y105.583 E.0868
G1 X125.7 Y120.085 E.67713
G1 X125.7 Y122.147 E.06808
G1 X122.43 Y125.417 E.15269
G1 X119.801 Y125.417 E.0868
G1 X105.583 Y111.199 E.66389
G1 X105.583 Y114.186 E.09862
G1 X114.186 Y105.583 E.4017
G1 X116.814 Y105.583 E.08677
G1 X125.7 Y114.469 E.41492
G1 X125.7 Y116.531 E.06808
G1 X116.814 Y125.417 E.41492
G1 X114.186 Y125.417 E.08677
G1 X105.583 Y116.814 E.4017
G1 X105.583 Y119.801 E.09862
G1 X119.801 Y105.583 E.66389
G1 X122.43 Y105.583 E.0868
G1 X125.7 Y108.853 E.15269
G1 X125.7 Y110.915 E.06808
G1 X111.199 Y125.417 E.67713
G1 X108.57 Y125.417 E.0868
G1 X105.583 Y122.43 E.13947
G1 X105.583 Y125.417 E.09862
G1 X125.417 Y105.583 E.92612
G1 X125.582 Y105.583 E.00545
G1 X125.7 Y105.652 E.00451
G1 X125.7 Y107.714 E.06808
G1 E-3.5 F3600
;WIPE_START
G1 F7200
G1 X125.7 Y105.652 E-.97945
G1 X125.582 Y105.583 E-.06493
G1 X125.417 Y105.583 E-.07838
G1 X124.855 Y106.145 E-.37724
;WIPE_END
G1 X105.201 Y105.138 F9000
G1 E5 F2400
;TYPE:Solid infill
;WIDTH:0.50488
G1 F1977
G1 X104.913 Y105.113 E.0111
;WIDTH:0.466306
G1 X104.893 Y105.298 E.00655
;WIDTH:0.425461
G1 X104.872 Y105.482 E.00589
;WIDTH:0.384615
G1 X104.872 Y125.518 E.56926
;WIDTH:0.416206
G1 X104.888 Y125.912 E.01224
;WIDTH:0.452908
G1 X105.086 Y125.894 E.00678
;WIDTH:0.489609
G1 X105.284 Y125.875 E.00739
;WIDTH:0.52631
G1 X105.482 Y125.857 E.00799
G1 X105.407 Y125.812 E.00352
;WIDTH:0.498168
G1 X105.331 Y125.766 E.00336
;WIDTH:0.470025
G1 X105.273 Y125.656 E.00442
;WIDTH:0.42732
G1 X105.214 Y125.545 E.00402
;WIDTH:0.384615
G1 X105.214 Y105.482 E.57003
;WIDTH:0.421197
G1 X105.218 Y105.429 E.00167
;WIDTH:0.457778
G1 X105.221 Y105.376 E.00183
;WIDTH:0.494359
G1 X105.225 Y105.323 E.002
;WIDTH:0.531396
G1 X105.399 Y105.155 E.00982
G1 X105.482 Y105.143 E.00341
;WIDTH:0.526308
G1 X125.628 Y105.143 E.80975
;WIDTH:0.527922
G1 X125.656 Y105.144 E.00113
G1 E-3.5 F3600
;WIPE_START
G1 F7200
G1 X125.628 Y105.143 E-.01331
G1 X122.498 Y105.143 E-1.48669
;WIPE_END
G1 X125.656 Y125.856 F9000
G1 E5 F2400
G1 F1977
G1 X125.628 Y125.857 E.00113
;WIDTH:0.52631
G1 X105.482 Y125.857 E.80975
;LAYER_CHANGE
;Z:5.4
;HEIGHT:0.2
;BEFORE_LAYER_CHANGE
G92 E0
;5.4


G1 E-3.5 F3600
;WIPE_START
G1 F7200
G1 X108.64 Y125.857 E-1.5
;WIPE_END
G1 Z5.4 F9000
;AFTER_LAYER_CHANGE
;5.4
G1 X104.994 Y126.006
G1 E5 F2400
;TYPE:Perimeter
;WIDTH:0.439999
G1 F1600
G1 X104.994 Y104.994 E.69376
G1 X126.006 Y104.994 E.69376
G1 X126.006 Y126.006 E.69376
G1 X105.054 Y126.006 E.69178
G1 X104.597 Y126.403 F9000
G1 F1600
G1 X104.597 Y104.597 E.71997
G1 X126.403 Y104.597 E.71997
G1 X126.403 Y126.403 E.71997
G1 X104.657 Y126.403 E.71799
G1 X104.21 Y126.79 F9000
;TYPE:External perimeter
;WIDTH:0.419999
G1 F1500
G1 X104.21 Y104.21 E.70798
G1 X126.79 Y104.21 E.70798
G1 X126.79 Y126.79 E.70798
G1 X104.27 Y126.79 E.7061
G1 E-3.5 F3600
;WIPE_START
G1 F7200
G1 X104.21 Y126.79 E-.0285
G1 X104.21 Y123.692 E-1.4715
;WIPE_END
G1 X123.318 Y125.7 F9000
G1 E5 F2400
;TYPE:Internal infill
;WIDTH:0.44
G1 F1600
G1 X125.7 Y125.7 E.07865
G1 X105.3 Y105.3 E.95255
G1 X105.3 Y108.853 E.11731
G1 X108.853 Y105.3 E.1659
G1 X110.915 Y105.3 E.06808
G1 X125.7 Y120.085 E.69036
G1 X125.7 Y122.147 E.06808
G1 X122.147 Y125.7 E.1659
G1 X120.085 Y125.7 E.06808
G1 X105.3 Y110.915 E.69036
G1 X105.3 Y114.469 E.11734
G1 X114.469 Y105.3 E.42813
G1 X116.531 Y105.3 E.06808
G1 X125.7 Y114.469 E.42813
G1 X125.7 Y116.531 E.06808
G1 X116.531 Y125.7 E.42813
G1 X114.469 Y125.7 E.06808
G1 X105.3 Y116.531 E.42813
G1 X105.3 Y120.085 E.11734
G1 X120.085 Y105.3 E.69036
G1 X122.147 Y105.3 E.06808
G1 X125.7 Y108.853 E.1659
G1 X125.7 Y110.915 E.06808
G1 X110.915 Y125.7 E.69036
G1 X108.853 Y125.7 E.06808
G1 X105.3 Y122.147 E.1659
G1 X105.3 Y125.7 E.11731
G1 X125.7 Y105.3 E.95255
G1 X125.7 Y107.682 E.07865
;LAYER_CHANGE
;Z:5.6
;HEIGHT:0.2
;BEFORE_LAYER_CHANGE
G92 E0
;5.6


G1 E-3.5 F3600
;WIPE_START
G1 F7200
G1 X125.7 Y105.3 E-1.13145
G1 X125.151 Y105.849 E-.36855
;WIPE_END
G1 Z5.6 F9000
;AFTER_LAYER_CHANGE
;5.6
G1 X125.806 Y105.194
G1 E5 F2400
;TYPE:Perimeter
;WIDTH:0.439999
G1 F1545
G1 X125.806 Y125.806 E.68055
G1 X105.194 Y125.806 E.68055
G1 X105.194 Y105.194 E.68055
G1 X125.746 Y105.194 E.67857
G1 X126.203 Y104.797 F9000
G1 F1545
G1 X126.203 Y126.203 E.70677
G1 X104.797 Y126.203 E.70677
G1 X104.797 Y104.797 E.70677
G1 X126.143 Y104.797 E.70479
G1 X126.59 Y104.41 F9000
;TYPE:External perimeter
;WIDTH:0.419999
G1 F1500
G1 X126.59 Y126.59 E.69544
G1 X104.41 Y126.59 E.69544
G1 X104.41 Y104.41 E.69544
G1 X126.53 Y104.41 E.69356
G1 E-3.5 F3600
;WIPE_START
G1 F7200
G1 X126.59 Y104.41 E-.0285
G1 X126.59 Y107.508 E-1.4715
;WIPE_END
G1 X125.5 Y107.882 F9000
G1 E5 F2400
;TYPE:Internal infill
;WIDTH:0.44
G1 F1545
G1 X125.5 Y105.5 E.07865
G1 X105.5 Y125.5 E.93387
G1 X105.5 Y122.347 E.1041
G1 X108.653 Y125.5 E.14722
G1 X111.115 Y125.5 E.08129
G1 X125.5 Y111.115 E.67169
G1 X125.5 Y108.653 E.08129
G1 X122.347 Y105.5 E.14722
G1 X119.885 Y105.5 E.08129
G1 X105.5 Y119.885 E.67169
G1 X105.5 Y116.731 E.10414
G1 X114.269 Y125.5 E.40946
G1 X116.731 Y125.5 E.08129
G1 X125.5 Y116.731 E.40946
G1 X125.5 Y114.269 E.08129
G1 X116.731 Y105.5 E.40946
G1 X114.269 Y105.5 E.08129
G1 X105.5 Y114.269 E.40946
G1 X105.5 Y111.115 E.10414
G1 X119.885 Y125.5 E.67169
G1 X122.347 Y125.5 E.08129
G1 X125.5 Y122.347 E.14722
G1 X125.5 Y119.885 E.08129
G1 X111.115 Y105.5 E.67169
G1 X108.653 Y105.5 E.08129
G1 X105.5 Y108.653 E.14722
G1 X105.5 Y105.5 E.1041
G1 X125.5 Y125.5 E.93387
G1 X125.5 Y123.118 E.07865
;LAYER_CHANGE
;Z:5.8
;HEIGHT:0.2
;BEFORE_LAYER_CHANGE
G92 E0
;5.8


G1 E-3.5 F3600
;WIPE_START
G1 F7200
G1 X125.5 Y125.5 E-1.13145
G1 X124.951 Y124.951 E-.36855
;WIPE_END
G1 Z5.8 F9000
;AFTER_LAYER_CHANGE
;5.8
G1 X125.806 Y125.806
G1 E5 F2400
;TYPE:Perimeter
;WIDTH:0.439999
G1 F1547
G1 X105.194 Y125.806 E.68055
G1 X105.194 Y105.194 E.68055
G1 X125.806 Y105.194 E.68055
G1 X125.806 Y125.746 E.67857
G1 X126.203 Y126.203 F9000
G1 F1547
G1 X104.797 Y126.203 E.70677
G1 X104.797 Y104.797 E.70677
G1 X126.203 Y104.797 E.70677
G1 X126.203 Y126.143 E.70479
G1 X126.59 Y126.59 F9000
;TYPE:External perimeter
;WIDTH:0.419999
G1 F1500
G1 X104.41 Y126.59 E.69544
G1 X104.41 Y104.41 E.69544
G1 X126.59 Y104.41 E.69544
G1 X126.59 Y126.53 E.69356
G1 E-3.5 F3600
;WIPE_START
G1 F7200
G1 X126.59 Y126.59 E-.0285
G1 X123.492 Y126.59 E-1.4715
;WIPE_END
G1 X125.5 Y123.118 F9000
G1 E5 F2400
;TYPE:Internal infill
;WIDTH:0.44
G1 F1547
G1 X125.5 Y125.5 E.07865
G1 X105.5 Y105.5 E.93387
G1 X105.5 Y108.653 E.1041
G1 X108.653 Y105.5 E.14722
G1 X111.115 Y105.5 E.08129
G1 X125.5 Y119.885 E.67169
G1 X125.5 Y122.347 E.08129
G1 X122.347 Y125.5 E.14722
G1 X119.885 Y125.5 E.08129
G1 X105.5 Y111.115 E.67169
G1 X105.5 Y114.269 E.10414
G1 X114.269 Y105.5 E.40946
G1 X116.731 Y105.5 E.08129
G1 X125.5 Y114.269 E.40946
G1 X125.5 Y116.731 E.08129
G1 X116.731 Y125.5 E.40946
G1 X114.269 Y125.5 E.08129
G1 X105.5 Y116.731 E.40946
G1 X105.5 Y119.885 E.10414
G1 X119.885 Y105.5 E.67169
G1 X122.347 Y105.5 E.08129
G1 X125.5 Y108.653 E.14722
G1 X125.5 Y111.115 E.08129
G1 X111.115 Y125.5 E.67169
G1 X108.653 Y125.5 E.08129
G1 X105.5 Y122.347 E.14722
G1 X105.5 Y125.5 E.1041
G1 X125.5 Y105.5 E.93387
G1 X125.5 Y107.882 E.07865
;LAYER_CHANGE
;Z:6
;HEIGHT:0.2
;BEFORE_LAYER_CHANGE
G92 E0
;6


G1 E-3.5 F3600
;WIPE_START
G1 F7200
G1 X125.5 Y105.5 E-1.13145
G1 X124.951 Y106.049 E-.36855
;WIPE_END
G1 Z6 F9000
;AFTER_LAYER_CHANGE
;6
G1 X125.606 Y105.394
G1 E5 F2400
;TYPE:Perimeter
;WIDTH:0.439999
G1 F1504
G1 X125.606 Y125.606 E.66734
G1 X105.394 Y125.606 E.66734
G1 X105.394 Y105.394 E.66734
G1 X125.546 Y105.394 E.66536
G1 X126.003 Y104.997 F9000
G1 F1504
G1 X126.003 Y126.003 E.69356
G1 X104.997 Y126.003 E.69356
G1 X104.997 Y104.997 E.69356
G1 X125.943 Y104.997 E.69158
G1 X126.39 Y104.61 F9000
;TYPE:External perimeter
;WIDTH:0.419999
G1 F1500
G1 X126.39 Y126.39 E.6829
G1 X104.61 Y126.39 E.6829
G1 X104.61 Y104.61 E.6829
G1 X126.33 Y104.61 E.68101
G1 E-3.5 F3600
;WIPE_START
G1 F7200
G1 X126.39 Y104.61 E-.0285
G1 X126.39 Y107.708 E-1.4715
;WIPE_END
G1 X125.3 Y110.836 F9000
G1 E5 F2400
;TYPE:Internal infill
;WIDTH:0.44
G1 F1504
G1 X125.3 Y108.453 E.07868
G1 X122.547 Y105.7 E.12855
G1 X125.3 Y105.7 E.0909
G1 X105.7 Y125.3 E.91519
G1 X105.7 Y122.547 E.0909
G1 X108.453 Y125.3 E.12855
G1 X111.315 Y125.3 E.0945
G1 X125.3 Y111.315 E.65301
G1 X125.3 Y114.069 E.09093
G1 X116.931 Y105.7 E.39078
G1 X119.685 Y105.7 E.09093
G1 X105.7 Y119.685 E.65301
G1 X105.7 Y116.931 E.09093
G1 X114.069 Y125.3 E.39078
G1 X116.931 Y125.3 E.0945
G1 X125.3 Y116.931 E.39078
G1 X125.3 Y119.685 E.09093
G1 X111.315 Y105.7 E.65301
G1 X114.069 Y105.7 E.09093
G1 X105.7 Y114.069 E.39078
G1 X105.7 Y111.315 E.09093
G1 X119.685 Y125.3 E.65301
G1 X122.547 Y125.3 E.0945
G1 X125.3 Y122.547 E.12855
G1 X125.3 Y125.3 E.0909
G1 X105.7 Y105.7 E.91519
G1 X105.7 Y108.453 E.0909
G1 X108.453 Y105.7 E.12855
G1 X110.836 Y105.7 E.07868
;LAYER_CHANGE
;Z:6.2
;HEIGHT:0.2
;BEFORE_LAYER_CHANGE
G92 E0
;6.2


G1 E-3.5 F3600
;WIPE_START
G1 F7200
G1 X108.453 Y105.7 E-1.13192
G1 X107.905 Y106.248 E-.36808
;WIPE_END
G1 Z6.2 F9000
;AFTER_LAYER_CHANGE
;6.2
G1 X105.394 Y105.394
G1 E5 F2400
;TYPE:Perimeter
;WIDTH:0.439999
G1 F1768
G1 X125.606 Y105.394 E.66734
G1 X125.606 Y125.606 E.66734
G1 X105.394 Y125.606 E.66734
G1 X105.394 Y105.454 E.66536
G1 X104.997 Y104.997 F9000
G1 F1768
G1 X126.003 Y104.997 E.69356
G1 X126.003 Y126.003 E.69356
G1 X104.997 Y126.003 E.69356
G1 X104.997 Y105.057 E.69158
G1 X104.61 Y104.61 F9000
;TYPE:External perimeter
;WIDTH:0.419999
G1 F1500
G1 X126.39 Y104.61 E.6829
G1 X126.39 Y126.39 E.6829
G1 X104.61 Y126.39 E.6829
G1 X104.61 Y104.67 E.68101
G1 E-3.5 F3600
;WIPE_START
G1 F7200
G1 X104.61 Y104.61 E-.0285
G1 X107.708 Y104.61 E-1.4715
;WIPE_END
G1 X110.353 Y106.183 F9000
G1 E5 F2400
;TYPE:Internal infill
;WIDTH:0.44
G1 F1768
G1 X107.97 Y106.183 E.07868
G1 X106.183 Y107.97 E.08344
G1 X106.183 Y106.183 E.059
G1 X124.817 Y124.817 E.87009
G1 X123.03 Y124.817 E.059
G1 X124.817 Y123.03 E.08344
G1 X124.817 Y120.647 E.07868
G1 E-3.5 F3600
;WIPE_START
G1 F7200
G1 X124.817 Y123.03 E-1.13192
G1 X124.269 Y123.578 E-.36808
;WIPE_END
G1 X121.584 Y124.817 F9000
G1 E5 F2400
G1 F1768
G1 X119.201 Y124.817 E.07868
G1 X106.183 Y111.799 E.60786
G1 X106.183 Y113.586 E.059
G1 X113.586 Y106.183 E.34567
G1 X111.799 Y106.183 E.059
G1 X124.817 Y119.201 E.60786
G1 X124.817 Y117.414 E.059
G1 X117.414 Y124.817 E.34567
G1 X113.586 Y124.817 E.12639
G1 X106.183 Y117.414 E.34567
G1 X106.183 Y119.201 E.059
G1 X119.201 Y106.183 E.60786
G1 X117.414 Y106.183 E.059
G1 X124.817 Y113.586 E.34567
G1 X124.817 Y111.799 E.059
G1 X111.799 Y124.817 E.60786
G1 X107.97 Y124.817 E.12642
G1 X106.183 Y123.03 E.08344
G1 X106.183 Y124.817 E.059
G1 X124.817 Y106.183 E.87009
G1 X123.03 Y106.183 E.059
G1 X124.817 Y107.97 E.08344
G1 X124.817 Y110.353 E.07868
G1 E-3.5 F3600
;WIPE_START
G1 F7200
G1 X124.817 Y107.97 E-1.13193
G1 X124.269 Y107.422 E-.36807
;WIPE_END
G1 X105.743 Y124.918 F9000
G1 E5 F2400
;TYPE:Solid infill
;WIDTH:0.52631
G1 F1768
G1 X105.743 Y106.082 E.75709
;WIDTH:0.573028
G1 X105.766 Y105.993 E.00405
;WIDTH:0.619748
G1 X105.79 Y105.903 E.00447
;WIDTH:0.666468
G1 X105.813 Y105.813 E.00482
G1 X105.903 Y105.79 E.00482
;WIDTH:0.619748
G1 X105.993 Y105.766 E.00447
;WIDTH:0.573027
G1 X106.082 Y105.743 E.00405
;WIDTH:0.526306
G1 X124.918 Y105.743 E.75709
;WIDTH:0.573028
G1 X125.007 Y105.766 E.00405
;WIDTH:0.619749
G1 X125.097 Y105.79 E.00447
;WIDTH:0.66647
G1 X125.187 Y105.813 E.00482
G1 X125.21 Y105.891 E.00422
;WIDTH:0.619749
G1 X125.234 Y105.97 E.00396
;WIDTH:0.573028
G1 X125.257 Y106.048 E.00358
;WIDTH:0.526306
G1 X125.257 Y124.918 E.75846
;WIDTH:0.573027
G1 X125.234 Y125.007 E.00405
;WIDTH:0.619748
G1 X125.21 Y125.097 E.00447
;WIDTH:0.666468
G1 X125.187 Y125.187 E.00482
G1 X125.097 Y125.21 E.00482
;WIDTH:0.619748
G1 X125.007 Y125.234 E.00447
;WIDTH:0.573027
G1 X124.918 Y125.257 E.00405
;WIDTH:0.526308
G1 X106.082 Y125.257 E.75709
;WIDTH:0.57303
G1 X105.993 Y125.234 E.00405
;WIDTH:0.619751
G1 X105.903 Y125.21 E.00447
;WIDTH:0.666472
G1 X105.813 Y125.187 E.00482
G1 X105.793 Y125.11 E.00412
;LAYER_CHANGE
;Z:6.4
;HEIGHT:0.2
;BEFORE_LAYER_CHANGE
G92 E0
;6.4


G1 E-3.5 F3600
;WIPE_START
G1 F7200
G1 X105.813 Y125.187 E-.03779
G1 X105.903 Y125.21 E-.04412
G1 X105.993 Y125.234 E-.04424
G1 X106.082 Y125.257 E-.04366
G1 X108.882 Y125.257 E-1.33019
;WIPE_END
G1 Z6.4 F9000
;AFTER_LAYER_CHANGE
;6.4
G1 X105.594 Y125.406
G1 E5 F2400
;TYPE:Perimeter
;WIDTH:0.439999
G1 F1514
G1 X105.594 Y105.594 E.65414
G1 X125.406 Y105.594 E.65414
G1 X125.406 Y125.406 E.65414
G1 X105.654 Y125.406 E.65216
G1 X105.197 Y125.803 F9000
G1 F1514
G1 X105.197 Y105.197 E.68035
G1 X125.803 Y105.197 E.68035
G1 X125.803 Y125.803 E.68035
G1 X105.257 Y125.803 E.67837
G1 X104.81 Y126.19 F9000
;TYPE:External perimeter
;WIDTH:0.419999
G1 F1500
G1 X104.81 Y104.81 E.67035
G1 X126.19 Y104.81 E.67035
G1 X126.19 Y126.19 E.67035
G1 X104.87 Y126.19 E.66847
G1 E-3.5 F3600
;WIPE_START
G1 F7200
G1 X104.81 Y126.19 E-.0285
G1 X104.81 Y123.092 E-1.4715
;WIPE_END
G1 X110.636 Y105.9 F9000
G1 E5 F2400
;TYPE:Internal infill
;WIDTH:0.44
G1 F1514
G1 X108.253 Y105.9 E.07868
G1 X105.9 Y108.253 E.10987
G1 X105.9 Y105.9 E.07769
G1 X124.617 Y124.617 E.87396
G1 X124.617 Y123.23 E.0458
G1 X122.747 Y125.1 E.08732
G1 X119.485 Y125.1 E.1077
G1 X105.9 Y111.515 E.63433
G1 X105.9 Y113.869 E.07772
G1 X113.869 Y105.9 E.3721
G1 X111.515 Y105.9 E.07772
G1 X124.617 Y119.001 E.61176
G1 X124.617 Y117.614 E.0458
G1 X117.131 Y125.1 E.34955
G1 X113.869 Y125.1 E.1077
G1 X105.9 Y117.131 E.3721
G1 X105.9 Y119.485 E.07772
G1 X119.485 Y105.9 E.63433
G1 X117.131 Y105.9 E.07772
G1 X124.617 Y113.386 E.34955
G1 X124.617 Y111.999 E.0458
G1 X111.515 Y125.1 E.61176
G1 X108.253 Y125.1 E.1077
G1 X105.9 Y122.747 E.10987
G1 X105.9 Y125.1 E.07769
G1 X124.617 Y106.383 E.87396
G1 X124.617 Y107.77 E.0458
G1 X122.747 Y105.9 E.08732
G1 X120.364 Y105.9 E.07868
G1 E-3.5 F3600
;WIPE_START
G1 F7200
G1 X122.747 Y105.9 E-1.13192
G1 X123.295 Y106.448 E-.36808
;WIPE_END
G1 X125.056 Y105.944 F9000
G1 E5 F2400
;TYPE:Solid infill
;WIDTH:0.52792
G1 F1514
G1 X125.057 Y105.972 E.00113
;WIDTH:0.526306
G1 X125.057 Y125.028 E.76593
;WIDTH:0.52792
G1 X125.056 Y125.056 E.00113
;LAYER_CHANGE
;Z:6.6
;HEIGHT:0.2
;BEFORE_LAYER_CHANGE
G92 E0
;6.6


G1 E-3.5 F3600
;WIPE_START
G1 F7200
G1 X125.057 Y125.028 E-.01331
G1 X125.057 Y121.898 E-1.48669
;WIPE_END
G1 Z6.6 F9000
;AFTER_LAYER_CHANGE
;6.6
G1 X125.206 Y125.206
G1 E5 F2400
;TYPE:Perimeter
;WIDTH:0.439999
G1 F1434
G1 X105.794 Y125.206 E.64093
G1 X105.794 Y105.794 E.64093
G1 X125.206 Y105.794 E.64093
G1 X125.206 Y125.146 E.63895
G1 X125.603 Y125.603 F9000
G1 F1434
G1 X105.397 Y125.603 E.66715
G1 X105.397 Y105.397 E.66715
G1 X125.603 Y105.397 E.66715
G1 X125.603 Y125.543 E.66517
G1 X125.99 Y125.99 F9000
;TYPE:External perimeter
;WIDTH:0.419999
G1 F1434
G1 X105.01 Y125.99 E.65781
G1 X105.01 Y105.01 E.65781
G1 X125.99 Y105.01 E.65781
G1 X125.99 Y125.93 E.65593
G1 E-3.5 F3600
;WIPE_START
G1 F7200
G1 X125.99 Y125.99 E-.0285
G1 X122.892 Y125.99 E-1.4715
;WIPE_END
G1 X121.667 Y124.9 F9000
G1 E5 F2400
;TYPE:Internal infill
;WIDTH:0.44
G1 F1434
G1 X119.285 Y124.9 E.07865
G1 X106.1 Y111.715 E.61565
G1 X106.1 Y113.669 E.06452
G1 X113.669 Y106.1 E.35342
G1 X111.715 Y106.1 E.06452
G1 X124.9 Y119.285 E.61565
G1 X124.9 Y117.331 E.06452
G1 X117.331 Y124.9 E.35342
G1 X113.669 Y124.9 E.12091
G1 X106.1 Y117.331 E.35342
G1 X106.1 Y119.285 E.06452
G1 X119.285 Y106.1 E.61565
G1 X117.331 Y106.1 E.06452
G1 X124.9 Y113.669 E.35342
G1 X124.9 Y111.715 E.06452
G1 X111.715 Y124.9 E.61565
G1 X108.053 Y124.9 E.12091
G1 X106.1 Y122.947 E.09119
G1 X106.1 Y124.9 E.06448
G1 X124.9 Y106.1 E.87784
G1 X122.947 Y106.1 E.06448
G1 X124.9 Y108.053 E.09119
G1 X124.9 Y110.436 E.07868
G1 E-3.5 F3600
;WIPE_START
G1 F7200
G1 X124.9 Y108.053 E-1.13193
G1 X124.352 Y107.505 E-.36807
;WIPE_END
G1 X124.9 Y120.564 F9000
G1 E5 F2400
G1 F1434
G1 X124.9 Y122.947 E.07868
G1 X122.947 Y124.9 E.09119
G1 X124.9 Y124.9 E.06448
G1 X106.1 Y106.1 E.87784
G1 X106.1 Y108.053 E.06448
G1 X108.053 Y106.1 E.09119
G1 X110.436 Y106.1 E.07868
;LAYER_CHANGE
;Z:6.8
;HEIGHT:0.2
;BEFORE_LAYER_CHANGE
G92 E0
;6.8


G1 E-3.5 F3600
;WIPE_START
G1 F7200
G1 X108.053 Y106.1 E-1.13193
G1 X107.505 Y106.648 E-.36807
;WIPE_END
G1 Z6.8 F9000
;AFTER_LAYER_CHANGE
;6.8
G1 X105.594 Y105.794
G1 E5 F2400
;TYPE:Perimeter
;WIDTH:0.439999
G1 F1487
G1 X125.006 Y105.794 E.64093
G1 X125.006 Y125.206 E.64093
G1 X105.594 Y125.206 E.64093
G1 X105.594 Y105.854 E.63895
G1 X105.197 Y105.397 F9000
G1 F1487
G1 X125.403 Y105.397 E.66715
G1 X125.403 Y125.603 E.66715
G1 X105.197 Y125.603 E.66715
G1 X105.197 Y105.457 E.66517
G1 X104.81 Y105.01 F9000
;TYPE:External perimeter
;WIDTH:0.419999
G1 F1487
G1 X125.79 Y105.01 E.65781
G1 X125.79 Y125.99 E.65781
G1 X104.81 Y125.99 E.65781
G1 X104.81 Y105.07 E.65593
G1 X105.872 Y106.072 F9000
;TYPE:Solid infill
;WIDTH:0.384613
G1 F1487
G1 X106.228 Y106.072 E.01011
G1 X106.214 Y106.172 E.00287
G1 X106.214 Y124.757 E.52803
G1 X106.238 Y124.924 E.00479
G1 X105.872 Y124.928 E.0104
G1 X105.872 Y106.271 E.53008
G1 E-3.5 F3600
;WIPE_START
G1 F7200
G1 X105.872 Y109.429 E-1.5
;WIPE_END
G1 X110.436 Y106.1 F9000
G1 E5 F2400
;TYPE:Internal infill
;WIDTH:0.44
G1 F1487
G1 X108.053 Y106.1 E.07868
G1 X106.583 Y107.57 E.06864
G1 X106.583 Y106.583 E.03259
G1 X124.7 Y124.7 E.84595
G1 X124.7 Y123.147 E.05128
G1 X122.947 Y124.9 E.08185
G1 X119.285 Y124.9 E.12091
G1 X106.583 Y112.199 E.59308
G1 X106.583 Y113.186 E.03259
G1 X113.669 Y106.1 E.33087
G1 X111.715 Y106.1 E.06452
G1 X124.7 Y119.085 E.60632
G1 X124.7 Y117.531 E.05131
G1 X117.331 Y124.9 E.34408
G1 X113.669 Y124.9 E.12091
G1 X106.583 Y117.814 E.33087
G1 X106.583 Y118.801 E.03259
G1 X119.285 Y106.1 E.59308
G1 X117.331 Y106.1 E.06452
G1 X124.7 Y113.469 E.34408
G1 X124.7 Y111.915 E.05131
G1 X111.715 Y124.9 E.60632
G1 X108.053 Y124.9 E.12091
G1 X106.583 Y123.43 E.06864
G1 X106.583 Y124.417 E.03259
G1 X124.7 Y106.3 E.84595
G1 X124.7 Y107.853 E.05128
G1 X122.947 Y106.1 E.08185
G1 X120.564 Y106.1 E.07868
;LAYER_CHANGE
;Z:7
;HEIGHT:0.2
;BEFORE_LAYER_CHANGE
G92 E0
;7


G1 E-3.5 F3600
;WIPE_START
G1 F7200
G1 X122.947 Y106.1 E-1.13192
G1 X123.495 Y106.648 E-.36808
;WIPE_END
G1 Z7 F9000
;AFTER_LAYER_CHANGE
;7
G1 X125.006 Y105.994
G1 E5 F2400
;TYPE:Perimeter
;WIDTH:0.439999
G1 F1381
G1 X125.006 Y125.006 E.62772
G1 X105.994 Y125.006 E.62772
G1 X105.994 Y105.994 E.62772
G1 X124.946 Y105.994 E.62574
G1 X125.403 Y105.597 F9000
G1 F1381
G1 X125.403 Y125.403 E.65394
G1 X105.597 Y125.403 E.65394
G1 X105.597 Y105.597 E.65394
G1 X125.343 Y105.597 E.65196
G1 X125.79 Y105.21 F9000
;TYPE:External perimeter
;WIDTH:0.419999
G1 F1381
G1 X125.79 Y125.79 E.64527
G1 X105.21 Y125.79 E.64527
G1 X105.21 Y105.21 E.64527
G1 X125.73 Y105.21 E.64339
G1 E-3.5 F3600
;WIPE_START
G1 F7200
G1 X125.79 Y105.21 E-.0285
G1 X125.79 Y108.308 E-1.4715
;WIPE_END
G1 X124.7 Y110.236 F9000
G1 E5 F2400
;TYPE:Internal infill
;WIDTH:0.44
G1 F1381
G1 X124.7 Y107.853 E.07868
G1 X123.147 Y106.3 E.07252
G1 X124.7 Y106.3 E.05128
G1 X106.3 Y124.7 E.85916
G1 X106.3 Y123.147 E.05128
G1 X107.853 Y124.7 E.07252
G1 X111.915 Y124.7 E.13412
G1 X124.7 Y111.915 E.59698
G1 X124.7 Y113.469 E.05131
G1 X117.531 Y106.3 E.33475
G1 X119.085 Y106.3 E.05131
G1 X106.3 Y119.085 E.59698
G1 X106.3 Y117.531 E.05131
G1 X113.469 Y124.7 E.33475
G1 X117.531 Y124.7 E.13412
G1 X124.7 Y117.531 E.33475
G1 X124.7 Y119.085 E.05131
G1 X111.915 Y106.3 E.59698
G1 X113.469 Y106.3 E.05131
G1 X106.3 Y113.469 E.33475
G1 X106.3 Y111.915 E.05131
G1 X119.085 Y124.7 E.59698
G1 X121.467 Y124.7 E.07865
G1 E-3.5 F3600
;WIPE_START
G1 F7200
G1 X119.085 Y124.7 E-1.13145
G1 X118.536 Y124.151 E-.36855
;WIPE_END
G1 X124.7 Y120.764 F9000
G1 E5 F2400
G1 F1381
G1 X124.7 Y123.147 E.07868
G1 X123.147 Y124.7 E.07252
G1 X124.7 Y124.7 E.05128
G1 X106.3 Y106.3 E.85916
G1 X107.853 Y106.3 E.05128
G1 X106.3 Y107.853 E.07252
G1 X106.3 Y110.236 E.07868
;LAYER_CHANGE
;Z:7.2
;HEIGHT:0.2
;BEFORE_LAYER_CHANGE
G92 E0
;7.2


G1 E-3.5 F3600
;WIPE_START
G1 F7200
G1 X106.3 Y107.853 E-1.13192
G1 X106.848 Y107.305 E-.36808
;WIPE_END
G1 Z7.2 F9000
;AFTER_LAYER_CHANGE
;7.2
G1 X106.194 Y105.994
G1 E5 F2400
;TYPE:Perimeter
;WIDTH:0.439999
G1 F1574
G1 X125.206 Y105.994 E.62772
G1 X125.206 Y125.006 E.62772
G1 X106.194 Y125.006 E.62772
G1 X106.194 Y106.054 E.62574
G1 X105.797 Y105.597 F9000
G1 F1574
G1 X125.603 Y105.597 E.65394
G1 X125.603 Y125.403 E.65394
G1 X105.797 Y125.403 E.65394
G1 X105.797 Y105.657 E.65196
G1 X105.41 Y105.21 F9000
;TYPE:External perimeter
;WIDTH:0.419999
G1 F1500
G1 X125.99 Y105.21 E.64527
G1 X125.99 Y125.79 E.64527
G1 X105.41 Y125.79 E.64527
G1 X105.41 Y105.27 E.64339
G1 E-3.5 F3600
;WIPE_START
G1 F7200
G1 X105.41 Y105.21 E-.0285
G1 X108.508 Y105.21 E-1.4715
;WIPE_END
G1 X124.481 Y106.452 F9000
G1 E5 F2400
;TYPE:Solid infill
;WIDTH:0.460667
G1 F1574
G1 X124.534 Y106.527 E.00319
;WIDTH:0.42264
G1 X124.586 Y106.601 E.00286
;WIDTH:0.384613
G1 X124.586 Y124.318 E.50337
;WIDTH:0.421195
G1 X124.582 Y124.371 E.00167
;WIDTH:0.457777
G1 X124.579 Y124.424 E.00183
;WIDTH:0.494359
G1 X124.575 Y124.477 E.002
;WIDTH:0.531398
G1 X124.401 Y124.645 E.00982
G1 X124.644 Y124.666 E.00991
;WIDTH:0.498852
G1 X124.887 Y124.687 E.00925
;WIDTH:0.466306
G1 X124.907 Y124.502 E.00655
;WIDTH:0.42546
G1 X124.928 Y124.318 E.00589
;WIDTH:0.384613
G1 X124.928 Y106.682 E.50107
;WIDTH:0.416204
G1 X124.912 Y106.288 E.01224
;WIDTH:0.452905
G1 X124.714 Y106.306 E.00678
;WIDTH:0.489606
G1 X124.516 Y106.325 E.00739
;WIDTH:0.526306
G1 X124.318 Y106.343 E.00799
G1 X106.572 Y106.343 E.71328
;WIDTH:0.527922
G1 X106.544 Y106.344 E.00113
G1 E-3.5 F3600
;WIPE_START
G1 F7200
G1 X106.572 Y106.343 E-.01331
G1 X109.702 Y106.343 E-1.48669
;WIPE_END
G1 X106.544 Y124.656 F9000
G1 E5 F2400
;WIDTH:0.52792
G1 F1574
G1 X106.572 Y124.657 E.00113
;WIDTH:0.526306
G1 X124.318 Y124.657 E.71328
;WIDTH:0.531398
G1 X124.401 Y124.645 E.00341
G1 E-3.5 F3600
;WIPE_START
G1 F7200
G1 X124.318 Y124.657 E-.03983
G1 X121.244 Y124.657 E-1.46017
;WIPE_END
G1 X124.217 Y121.247 F9000
G1 E5 F2400
;TYPE:Internal infill
;WIDTH:0.44
G1 F1574
G1 X124.217 Y123.63 E.07868
G1 X123.63 Y124.217 E.02741
G1 X124.217 Y124.217 E.01938
G1 X106.783 Y106.783 E.81405
G1 X107.37 Y106.783 E.01938
G1 X106.5 Y107.653 E.04062
G1 X106.5 Y112.115 E.14732
G1 X118.601 Y124.217 E.56506
G1 X118.014 Y124.217 E.01938
G1 X124.217 Y118.014 E.28964
G1 X124.217 Y118.601 E.01938
G1 X112.399 Y106.783 E.55182
G1 X112.986 Y106.783 E.01938
G1 X106.5 Y113.269 E.30285
G1 X106.5 Y117.731 E.14732
G1 X112.986 Y124.217 E.30285
G1 X112.399 Y124.217 E.01938
G1 X124.217 Y112.399 E.55182
G1 X124.217 Y112.986 E.01938
G1 X118.014 Y106.783 E.28964
G1 X118.601 Y106.783 E.01938
G1 X106.5 Y118.885 E.56506
G1 X106.5 Y123.347 E.14732
G1 X107.37 Y124.217 E.04062
G1 X106.783 Y124.217 E.01938
G1 X124.217 Y106.783 E.81405
G1 X123.63 Y106.783 E.01938
G1 X124.217 Y107.37 E.02741
G1 X124.217 Y109.753 E.07868
;LAYER_CHANGE
;Z:7.4
;HEIGHT:0.2
;BEFORE_LAYER_CHANGE
G92 E0
;7.4


G1 E-3.5 F3600
;WIPE_START
G1 F7200
G1 X124.217 Y107.37 E-1.13192
G1 X123.669 Y106.822 E-.36808
;WIPE_END
G1 Z7.4 F9000
;AFTER_LAYER_CHANGE
;7.4
G1 X124.806 Y106.194
G1 E5 F2400
;TYPE:Perimeter
;WIDTH:0.439999
G1 F1472
G1 X124.806 Y124.806 E.61452
G1 X106.194 Y124.806 E.61452
G1 X106.194 Y106.194 E.61452
G1 X124.746 Y106.194 E.61254
G1 X125.203 Y105.797 F9000
G1 F1472
G1 X125.203 Y125.203 E.64073
G1 X105.797 Y125.203 E.64073
G1 X105.797 Y105.797 E.64073
G1 X125.143 Y105.797 E.63875
G1 X125.59 Y105.41 F9000
;TYPE:External perimeter
;WIDTH:0.419999
G1 F1472
G1 X125.59 Y125.59 E.63273
G1 X105.41 Y125.59 E.63273
G1 X105.41 Y105.41 E.63273
G1 X125.53 Y105.41 E.63085
G1 E-3.5 F3600
;WIPE_START
G1 F7200
G1 X125.59 Y105.41 E-.0285
G1 X125.59 Y108.508 E-1.4715
;WIPE_END
G1 X121.634 Y106.983 F9000
G1 E5 F2400
;TYPE:Internal infill
;WIDTH:0.44
G1 F1472
G1 X124.017 Y106.983 E.07868
G1 X106.983 Y124.017 E.79538
G1 X112.599 Y124.017 E.18543
G1 X124.017 Y112.599 E.53315
G1 X124.017 Y112.786 E.00617
G1 X118.214 Y106.983 E.27096
G1 X118.401 Y106.983 E.00617
G1 X106.983 Y118.401 E.53315
G1 X106.983 Y118.214 E.00617
G1 X112.786 Y124.017 E.27096
G1 X118.214 Y124.017 E.17922
G1 X124.017 Y118.214 E.27096
G1 X124.017 Y118.401 E.00617
G1 X112.599 Y106.983 E.53315
G1 X112.786 Y106.983 E.00617
G1 X106.983 Y112.786 E.27096
G1 X106.983 Y112.599 E.00617
G1 X118.401 Y124.017 E.53315
G1 X124.017 Y124.017 E.18543
G1 X106.983 Y106.983 E.79538
G1 X109.366 Y106.983 E.07868
G1 E-3.5 F3600
;WIPE_START
G1 F7200
G1 X106.983 Y106.983 E-1.13192
G1 X107.531 Y107.531 E-.36808
;WIPE_END
G1 X106.543 Y124.118 F9000
G1 E5 F2400
;TYPE:Solid infill
;WIDTH:0.526306
G1 F1472
G1 X106.543 Y106.882 E.69278
;WIDTH:0.573027
G1 X106.566 Y106.793 E.00405
;WIDTH:0.619748
G1 X106.59 Y106.703 E.00447
;WIDTH:0.666468
G1 X106.613 Y106.613 E.00482
G1 X106.703 Y106.59 E.00482
;WIDTH:0.619748
G1 X106.793 Y106.566 E.00447
;WIDTH:0.573028
G1 X106.882 Y106.543 E.00405
;WIDTH:0.526308
G1 X124.118 Y106.543 E.69278
;WIDTH:0.573028
G1 X124.207 Y106.566 E.00405
;WIDTH:0.619749
G1 X124.297 Y106.59 E.00447
;WIDTH:0.66647
G1 X124.387 Y106.613 E.00482
G1 X124.41 Y106.691 E.00422
;WIDTH:0.619749
G1 X124.434 Y106.77 E.00396
;WIDTH:0.573028
G1 X124.457 Y106.848 E.00358
;WIDTH:0.526306
G1 X124.457 Y124.118 E.69415
;WIDTH:0.573027
G1 X124.434 Y124.207 E.00405
;WIDTH:0.619748
G1 X124.41 Y124.297 E.00447
;WIDTH:0.666468
G1 X124.387 Y124.387 E.00482
G1 X124.297 Y124.41 E.00482
;WIDTH:0.619748
G1 X124.207 Y124.434 E.00447
;WIDTH:0.573027
G1 X124.118 Y124.457 E.00405
;WIDTH:0.526306
G1 X106.882 Y124.457 E.69278
;WIDTH:0.573028
G1 X106.793 Y124.434 E.00405
;WIDTH:0.619749
G1 X106.703 Y124.41 E.00447
;WIDTH:0.66647
G1 X106.613 Y124.387 E.00482
G1 X106.593 Y124.31 E.00412
;LAYER_CHANGE
;Z:7.6
;HEIGHT:0.2
;BEFORE_LAYER_CHANGE
G92 E0
;7.6


G1 E-3.5 F3600
;WIPE_START
G1 F7200
G1 X106.613 Y124.387 E-.03779
G1 X106.703 Y124.41 E-.04412
G1 X106.793 Y124.434 E-.04424
G1 X106.882 Y124.457 E-.04366
G1 X109.682 Y124.457 E-1.33019
;WIPE_END
G1 Z7.6 F9000
;AFTER_LAYER_CHANGE
;7.6
G1 X106.394 Y124.606
G1 E5 F2400
;TYPE:Perimeter
;WIDTH:0.439999
G1 F1270
G1 X106.394 Y106.394 E.60131
G1 X124.606 Y106.394 E.60131
G1 X124.606 Y124.606 E.60131
G1 X106.454 Y124.606 E.59933
G1 X105.997 Y125.003 F9000
G1 F1270
G1 X105.997 Y105.997 E.62753
G1 X125.003 Y105.997 E.62753
G1 X125.003 Y125.003 E.62753
G1 X106.057 Y125.003 E.62554
G1 X105.61 Y125.39 F9000
;TYPE:External perimeter
;WIDTH:0.419999
G1 F1270
G1 X105.61 Y105.61 E.62019
G1 X125.39 Y105.61 E.62019
G1 X125.39 Y125.39 E.62019
G1 X105.67 Y125.39 E.61831
G1 E-3.5 F3600
;WIPE_START
G1 F7200
G1 X105.61 Y125.39 E-.0285
G1 X105.61 Y122.292 E-1.4715
;WIPE_END
G1 X106.7 Y109.836 F9000
G1 E5 F2400
;TYPE:Internal infill
;WIDTH:0.44
G1 F1270
G1 X106.7 Y107.453 E.07868
G1 X107.453 Y106.7 E.03516
G1 X106.7 Y106.7 E.02486
G1 X124.3 Y124.3 E.82181
G1 X124.3 Y123.547 E.02486
G1 X123.547 Y124.3 E.03516
G1 X118.685 Y124.3 E.16053
G1 X106.7 Y112.315 E.55962
G1 X106.7 Y113.069 E.0249
G1 X113.069 Y106.7 E.29739
G1 X112.315 Y106.7 E.0249
G1 X124.3 Y118.685 E.55962
G1 X124.3 Y117.931 E.0249
G1 X117.931 Y124.3 E.29739
G1 X113.069 Y124.3 E.16053
G1 X106.7 Y117.931 E.29739
G1 X106.7 Y118.685 E.0249
G1 X118.685 Y106.7 E.55962
G1 X117.931 Y106.7 E.0249
G1 X124.3 Y113.069 E.29739
G1 X124.3 Y112.315 E.0249
G1 X112.315 Y124.3 E.55962
G1 X107.453 Y124.3 E.16053
G1 X106.7 Y123.547 E.03516
G1 X106.7 Y124.3 E.02486
G1 X124.3 Y106.7 E.82181
G1 X123.547 Y106.7 E.02486
G1 X124.3 Y107.453 E.03516
G1 X124.3 Y109.836 E.07868
;LAYER_CHANGE
;Z:7.8
;HEIGHT:0.2
;BEFORE_LAYER_CHANGE
G92 E0
;7.8


G1 E-3.5 F3600
;WIPE_START
G1 F7200
G1 X124.3 Y107.453 E-1.13192
G1 X123.752 Y106.905 E-.36808
;WIPE_END
G1 Z7.8 F9000
;AFTER_LAYER_CHANGE
;7.8
G1 X124.406 Y106.594
G1 E5 F2400
;TYPE:Perimeter
;WIDTH:0.439999
G1 F1231
G1 X124.406 Y124.406 E.5881
G1 X106.594 Y124.406 E.5881
G1 X106.594 Y106.594 E.5881
G1 X124.346 Y106.594 E.58612
G1 X124.803 Y106.197 F9000
G1 F1231
G1 X124.803 Y124.803 E.61432
G1 X106.197 Y124.803 E.61432
G1 X106.197 Y106.197 E.61432
G1 X124.743 Y106.197 E.61234
G1 X125.19 Y105.81 F9000
;TYPE:External perimeter
;WIDTH:0.419999
G1 F1231
G1 X125.19 Y125.19 E.60765
G1 X105.81 Y125.19 E.60765
G1 X105.81 Y105.81 E.60765
G1 X125.13 Y105.81 E.60576
G1 E-3.5 F3600
;WIPE_START
G1 F7200
G1 X125.19 Y105.81 E-.0285
G1 X125.19 Y108.908 E-1.4715
;WIPE_END
G1 X124.1 Y109.636 F9000
G1 E5 F2400
;TYPE:Internal infill
;WIDTH:0.44
G1 F1231
G1 X124.1 Y107.253 E.07868
G1 X123.747 Y106.9 E.01648
G1 X124.1 Y106.9 E.01166
G1 X106.9 Y124.1 E.80313
G1 X106.9 Y123.747 E.01166
G1 X107.253 Y124.1 E.01648
G1 X112.515 Y124.1 E.17374
G1 X124.1 Y112.515 E.54094
G1 X124.1 Y112.869 E.01169
G1 X118.131 Y106.9 E.27871
G1 X118.485 Y106.9 E.01169
G1 X106.9 Y118.485 E.54094
G1 X106.9 Y118.131 E.01169
G1 X112.869 Y124.1 E.27871
G1 X118.131 Y124.1 E.17374
G1 X124.1 Y118.131 E.27871
G1 X124.1 Y118.485 E.01169
G1 X112.515 Y106.9 E.54094
G1 X112.869 Y106.9 E.01169
G1 X106.9 Y112.869 E.27871
G1 X106.9 Y112.515 E.01169
G1 X118.485 Y124.1 E.54094
G1 X120.867 Y124.1 E.07865
G1 E-3.5 F3600
;WIPE_START
G1 F7200
G1 X118.485 Y124.1 E-1.13145
G1 X117.936 Y123.551 E-.36855
;WIPE_END
G1 X124.1 Y121.364 F9000
G1 E5 F2400
G1 F1231
G1 X124.1 Y123.747 E.07868
G1 X123.747 Y124.1 E.01648
G1 X124.1 Y124.1 E.01166
G1 X106.9 Y106.9 E.80313
G1 X107.253 Y106.9 E.01166
G1 X106.9 Y107.253 E.01648
G1 X106.9 Y109.636 E.07868
;LAYER_CHANGE
;Z:8
;HEIGHT:0.2
;BEFORE_LAYER_CHANGE
G92 E0
;8


G1 E-3.5 F3600
;WIPE_START
G1 F7200
G1 X106.9 Y107.253 E-1.13192
G1 X107.253 Y106.9 E-.23713
G1 X106.977 Y106.9 E-.13095
;WIPE_END
G1 Z8 F9000
;AFTER_LAYER_CHANGE
;8
G1 X106.594 Y106.594
G1 E5 F2400
;TYPE:Perimeter
;WIDTH:0.439999
G1 F1256
G1 X124.406 Y106.594 E.5881
G1 X124.406 Y124.406 E.5881
G1 X106.594 Y124.406 E.5881
G1 X106.594 Y106.654 E.58612
G1 X106.197 Y106.197 F9000
G1 F1256
G1 X124.803 Y106.197 E.61432
G1 X124.803 Y124.803 E.61432
G1 X106.197 Y124.803 E.61432
G1 X106.197 Y106.257 E.61234
G1 X105.81 Y105.81 F9000
;TYPE:External perimeter
;WIDTH:0.419999
G1 F1256
G1 X125.19 Y105.81 E.60765
G1 X125.19 Y125.19 E.60765
G1 X105.81 Y125.19 E.60765
G1 X105.81 Y105.87 E.60576
G1 X106.944 Y106.944 F9000
;TYPE:Solid infill
;WIDTH:0.527922
G1 F1256
G1 X106.943 Y106.972 E.00113
;WIDTH:0.526308
G1 X106.943 Y124.028 E.68555
;WIDTH:0.527922
G1 X106.944 Y124.056 E.00113
G1 E-3.5 F3600
;WIPE_START
G1 F7200
G1 X106.943 Y124.028 E-.01331
G1 X106.943 Y120.898 E-1.48669
;WIPE_END
G1 X124.1 Y121.364 F9000
G1 E5 F2400
;TYPE:Internal infill
;WIDTH:0.44
G1 F1256
G1 X124.1 Y123.747 E.07868
G1 X123.747 Y124.1 E.01648
G1 X124.1 Y124.1 E.01166
G1 X107.383 Y107.383 E.78058
G1 X107.383 Y112.386 E.16519
G1 X112.869 Y106.9 E.25616
G1 X112.515 Y106.9 E.01169
G1 X124.1 Y118.485 E.54094
G1 X124.1 Y118.131 E.01169
G1 X118.131 Y124.1 E.27871
G1 X118.485 Y124.1 E.01169
G1 X107.383 Y112.999 E.51837
G1 X107.383 Y118.001 E.16515
G1 X118.485 Y106.9 E.51837
G1 X118.131 Y106.9 E.01169
G1 X124.1 Y112.869 E.27871
G1 X124.1 Y112.515 E.01169
G1 X112.515 Y124.1 E.54094
G1 X112.869 Y124.1 E.01169
G1 X107.383 Y118.614 E.25616
G1 X107.383 Y123.617 E.16519
G1 X124.1 Y106.9 E.78058
G1 X123.747 Y106.9 E.01166
G1 X124.1 Y107.253 E.01648
G1 X124.1 Y109.636 E.07868
;LAYER_CHANGE
;Z:8.2
;HEIGHT:0.2
;BEFORE_LAYER_CHANGE
G92 E0
;8.2


G1 E-3.5 F3600
;WIPE_START
G1 F7200
G1 X124.1 Y107.253 E-1.13192
G1 X123.747 Y106.9 E-.23713
G1 X124.023 Y106.9 E-.13095
;WIPE_END
G1 Z8.2 F9000
;AFTER_LAYER_CHANGE
;8.2
G1 X124.206 Y106.794
G1 E5 F2400
;TYPE:Perimeter
;WIDTH:0.439999
G1 F1171
G1 X124.206 Y124.206 E.5749
G1 X106.794 Y124.206 E.5749
G1 X106.794 Y106.794 E.5749
G1 X124.146 Y106.794 E.57292
G1 X124.603 Y106.397 F9000
G1 F1171
G1 X124.603 Y124.603 E.60111
G1 X106.397 Y124.603 E.60111
G1 X106.397 Y106.397 E.60111
G1 X124.543 Y106.397 E.59913
G1 X124.99 Y106.01 F9000
;TYPE:External perimeter
;WIDTH:0.419999
G1 F1171
G1 X124.99 Y124.99 E.5951
G1 X106.01 Y124.99 E.5951
G1 X106.01 Y106.01 E.5951
G1 X124.93 Y106.01 E.59322
G1 E-3.5 F3600
;WIPE_START
G1 F7200
G1 X124.99 Y106.01 E-.0285
G1 X124.99 Y109.108 E-1.4715
;WIPE_END
G1 X123.9 Y109.482 F9000
G1 E5 F2400
;TYPE:Internal infill
;WIDTH:0.44
G1 F1171
G1 X123.9 Y107.1 E.07865
G1 X107.1 Y123.9 E.78445
G1 X107.1 Y118.331 E.18387
G1 X112.715 Y123.9 E.26111
G1 X123.9 Y112.715 E.52227
G1 X118.285 Y107.1 E.26218
G1 X107.1 Y118.285 E.52227
G1 X107.1 Y112.715 E.18391
G1 X118.285 Y123.9 E.52227
G1 X123.9 Y118.285 E.26218
G1 X112.715 Y107.1 E.52227
G1 X107.1 Y112.669 E.26111
G1 X107.1 Y107.1 E.18387
G1 X123.9 Y123.9 E.78445
G1 X121.518 Y123.9 E.07865
;LAYER_CHANGE
;Z:8.4
;HEIGHT:0.2
;BEFORE_LAYER_CHANGE
G92 E0
;8.4


G1 E-3.5 F3600
;WIPE_START
G1 F7200
G1 X123.9 Y123.9 E-1.13145
G1 X123.351 Y123.351 E-.36855
;WIPE_END
G1 Z8.4 F9000
;AFTER_LAYER_CHANGE
;8.4
G1 X124.406 Y124.206
G1 E5 F2400
;TYPE:Perimeter
;WIDTH:0.439999
G1 F1394
G1 X106.994 Y124.206 E.5749
G1 X106.994 Y106.794 E.5749
G1 X124.406 Y106.794 E.5749
G1 X124.406 Y124.146 E.57292
G1 X124.803 Y124.603 F9000
G1 F1394
G1 X106.597 Y124.603 E.60111
G1 X106.597 Y106.397 E.60111
G1 X124.803 Y106.397 E.60111
G1 X124.803 Y124.543 E.59913
G1 X125.19 Y124.99 F9000
;TYPE:External perimeter
;WIDTH:0.419999
G1 F1394
G1 X106.21 Y124.99 E.5951
G1 X106.21 Y106.01 E.5951
G1 X125.19 Y106.01 E.5951
G1 X125.19 Y124.93 E.59322
G1 E-3.5 F3600
;WIPE_START
G1 F7200
G1 X125.19 Y124.99 E-.0285
G1 X122.092 Y124.99 E-1.4715
;WIPE_END
G1 X121.034 Y123.417 F9000
G1 E5 F2400
;TYPE:Internal infill
;WIDTH:0.44
G1 F1394
G1 X123.417 Y123.417 E.07868
G1 X107.583 Y107.583 E.73935
G1 X112.186 Y107.583 E.15198
G1 X107.3 Y112.469 E.22814
G1 X107.3 Y112.915 E.01473
G1 X117.801 Y123.417 E.49035
G1 X118.814 Y123.417 E.03345
G1 X123.417 Y118.814 E.21493
G1 X123.417 Y117.801 E.03345
G1 X113.199 Y107.583 E.47711
G1 X117.801 Y107.583 E.15195
G1 X107.3 Y118.085 E.49035
G1 X107.3 Y118.531 E.01473
G1 X112.186 Y123.417 E.22814
G1 X113.199 Y123.417 E.03345
G1 X123.417 Y113.199 E.47711
G1 X123.417 Y112.186 E.03345
G1 X118.814 Y107.583 E.21493
G1 X123.417 Y107.583 E.15198
G1 X107.583 Y123.417 E.73935
G1 X107.418 Y123.417 E.00545
G1 X107.3 Y123.348 E.00451
G1 X107.3 Y121.286 E.06808
G1 E-3.5 F3600
;WIPE_START
G1 F7200
G1 X107.3 Y123.348 E-.97945
G1 X107.418 Y123.417 E-.06493
G1 X107.583 Y123.417 E-.07837
G1 X108.145 Y122.855 E-.37725
;WIPE_END
G1 X123.681 Y107.252 F9000
G1 E5 F2400
;TYPE:Solid infill
;WIDTH:0.460667
G1 F1394
G1 X123.734 Y107.327 E.00319
;WIDTH:0.42264
G1 X123.786 Y107.401 E.00286
;WIDTH:0.384614
G1 X123.786 Y123.518 E.45792
;WIDTH:0.421196
G1 X123.782 Y123.571 E.00167
;WIDTH:0.457777
G1 X123.779 Y123.624 E.00183
;WIDTH:0.494358
G1 X123.775 Y123.677 E.002
;WIDTH:0.5314
G1 X123.601 Y123.845 E.00982
G1 X123.844 Y123.866 E.00991
;WIDTH:0.498852
G1 X124.087 Y123.887 E.00925
;WIDTH:0.466304
G1 X124.107 Y123.702 E.00655
;WIDTH:0.425459
G1 X124.128 Y123.518 E.00589
;WIDTH:0.384614
G1 X124.128 Y107.482 E.45561
;WIDTH:0.416205
G1 X124.112 Y107.088 E.01224
;WIDTH:0.452906
G1 X123.914 Y107.106 E.00678
;WIDTH:0.489606
G1 X123.716 Y107.125 E.00739
;WIDTH:0.526306
G1 X123.518 Y107.143 E.00799
G1 X107.372 Y107.143 E.64897
;WIDTH:0.527922
G1 X107.344 Y107.144 E.00113
G1 E-3.5 F3600
;WIPE_START
G1 F7200
G1 X107.372 Y107.143 E-.01331
G1 X110.502 Y107.143 E-1.48669
;WIPE_END
G1 X107.344 Y123.856 F9000
G1 E5 F2400
;WIDTH:0.52792
G1 F1394
G1 X107.372 Y123.857 E.00113
;WIDTH:0.526308
G1 X123.518 Y123.857 E.64897
;WIDTH:0.5314
G1 X123.601 Y123.845 E.00341
;LAYER_CHANGE
;Z:8.6
;HEIGHT:0.200001
;BEFORE_LAYER_CHANGE
G92 E0
;8.6


G1 E-3.5 F3600
;WIPE_START
G1 F7200
G1 X123.518 Y123.857 E-.03983
G1 X120.444 Y123.857 E-1.46017
;WIPE_END
G1 Z8.6 F9000
;AFTER_LAYER_CHANGE
;8.6
G1 X124.006 Y124.006
G1 E5 F2400
;TYPE:Perimeter
;WIDTH:0.439999
G1 F1195
G1 X106.994 Y124.006 E.56169
G1 X106.994 Y106.994 E.56169
G1 X124.006 Y106.994 E.56169
G1 X124.006 Y123.946 E.55971
G1 X124.403 Y124.403 F9000
G1 F1195
G1 X106.597 Y124.403 E.58791
G1 X106.597 Y106.597 E.58791
G1 X124.403 Y106.597 E.58791
G1 X124.403 Y124.343 E.58592
G1 X124.79 Y124.79 F9000
;TYPE:External perimeter
;WIDTH:0.419999
G1 F1195
G1 X106.21 Y124.79 E.58256
G1 X106.21 Y106.21 E.58256
G1 X124.79 Y106.21 E.58256
G1 X124.79 Y124.73 E.58068
G1 E-3.5 F3600
;WIPE_START
G1 F7200
G1 X124.79 Y124.79 E-.0285
G1 X121.692 Y124.79 E-1.4715
;WIPE_END
G1 X121.318 Y123.7 F9000
G1 E5 F2400
;TYPE:Internal infill
;WIDTH:0.44
G1 F1195
G1 X123.7 Y123.7 E.07865
G1 X107.783 Y107.783 E.74322
G1 X107.783 Y111.986 E.13877
G1 X112.469 Y107.3 E.21881
G1 X112.915 Y107.3 E.01473
G1 X123.7 Y118.085 E.50359
G1 X123.7 Y118.531 E.01473
G1 X118.531 Y123.7 E.24136
G1 X118.085 Y123.7 E.01473
G1 X107.783 Y113.399 E.48101
G1 X107.783 Y117.601 E.13874
G1 X118.085 Y107.3 E.48101
G1 X118.531 Y107.3 E.01473
G1 X123.7 Y112.469 E.24136
G1 X123.7 Y112.915 E.01473
G1 X112.915 Y123.7 E.50359
G1 X112.469 Y123.7 E.01473
G1 X107.783 Y119.014 E.21881
G1 X107.783 Y123.217 E.13877
G1 X123.7 Y107.3 E.74322
G1 X123.7 Y109.682 E.07865
G1 E-3.5 F3600
;WIPE_START
G1 F7200
G1 X123.7 Y107.3 E-1.13145
G1 X123.151 Y107.849 E-.36855
;WIPE_END
G1 X107.344 Y123.656 F9000
G1 E5 F2400
;TYPE:Solid infill
;WIDTH:0.527924
G1 F1195
G1 X107.343 Y123.628 E.00113
;WIDTH:0.526308
G1 X107.343 Y107.372 E.65339
;WIDTH:0.527922
G1 X107.344 Y107.344 E.00113
;LAYER_CHANGE
;Z:8.8
;HEIGHT:0.2
;BEFORE_LAYER_CHANGE
G92 E0
;8.8


G1 E-3.5 F3600
;WIPE_START
G1 F7200
G1 X107.343 Y107.372 E-.01331
G1 X107.343 Y110.502 E-1.48669
;WIPE_END
G1 Z8.8 F9000
;AFTER_LAYER_CHANGE
;8.8
G1 X107.194 Y107.194
G1 E5 F2400
;TYPE:Perimeter
;WIDTH:0.439999
G1 F1121
G1 X123.806 Y107.194 E.54848
G1 X123.806 Y123.806 E.54848
G1 X107.194 Y123.806 E.54848
G1 X107.194 Y107.254 E.5465
G1 X106.797 Y106.797 F9000
G1 F1121
G1 X124.203 Y106.797 E.5747
G1 X124.203 Y124.203 E.5747
G1 X106.797 Y124.203 E.5747
G1 X106.797 Y106.857 E.57272
G1 X106.41 Y106.41 F9000
;TYPE:External perimeter
;WIDTH:0.419999
G1 F1121
G1 X124.59 Y106.41 E.57002
G1 X124.59 Y124.59 E.57002
G1 X106.41 Y124.59 E.57002
G1 X106.41 Y106.47 E.56814
G1 E-3.5 F3600
;WIPE_START
G1 F7200
G1 X106.41 Y106.41 E-.0285
G1 X109.508 Y106.41 E-1.4715
;WIPE_END
G1 X123.5 Y109.882 F9000
G1 E5 F2400
;TYPE:Internal infill
;WIDTH:0.44
G1 F1121
G1 X123.5 Y107.5 E.07865
G1 X107.5 Y123.5 E.7471
G1 X107.5 Y118.731 E.15746
G1 X112.269 Y123.5 E.22268
G1 X113.115 Y123.5 E.02793
G1 X123.5 Y113.115 E.48491
G1 X123.5 Y112.269 E.02793
G1 X118.731 Y107.5 E.22268
G1 X117.885 Y107.5 E.02793
G1 X107.5 Y117.885 E.48491
G1 X107.5 Y113.115 E.15749
G1 X117.885 Y123.5 E.48491
G1 X118.731 Y123.5 E.02793
G1 X123.5 Y118.731 E.22268
G1 X123.5 Y117.885 E.02793
G1 X113.115 Y107.5 E.48491
G1 X112.269 Y107.5 E.02793
G1 X107.5 Y112.269 E.22268
G1 X107.5 Y107.5 E.15746
G1 X123.5 Y123.5 E.7471
G1 X121.118 Y123.5 E.07865
;LAYER_CHANGE
;Z:9
;HEIGHT:0.2
;BEFORE_LAYER_CHANGE
G92 E0
;9


G1 E-3.5 F3600
;WIPE_START
G1 F7200
G1 X123.5 Y123.5 E-1.13145
G1 X122.951 Y122.951 E-.36855
;WIPE_END
G1 Z9 F9000
;AFTER_LAYER_CHANGE
;9
G1 X124.006 Y123.806
G1 E5 F2400
;TYPE:Perimeter
;WIDTH:0.439999
G1 F1154
G1 X107.394 Y123.806 E.54848
G1 X107.394 Y107.194 E.54848
G1 X124.006 Y107.194 E.54848
G1 X124.006 Y123.746 E.5465
G1 X124.403 Y124.203 F9000
G1 F1154
G1 X106.997 Y124.203 E.5747
G1 X106.997 Y106.797 E.5747
G1 X124.403 Y106.797 E.5747
G1 X124.403 Y124.143 E.57272
G1 X124.79 Y124.59 F9000
;TYPE:External perimeter
;WIDTH:0.419999
G1 F1154
G1 X106.61 Y124.59 E.57002
G1 X106.61 Y106.41 E.57002
G1 X124.79 Y106.41 E.57002
G1 X124.79 Y124.53 E.56814
G1 X123.656 Y123.456 F9000
;TYPE:Solid infill
;WIDTH:0.52792
G1 F1154
G1 X123.657 Y123.428 E.00113
;WIDTH:0.526306
G1 X123.657 Y107.572 E.63731
;WIDTH:0.52792
G1 X123.656 Y107.544 E.00113
G1 E-3.5 F3600
;WIPE_START
G1 F7200
G1 X123.657 Y107.572 E-.01331
G1 X123.657 Y110.702 E-1.48669
;WIPE_END
G1 X109.882 Y107.5 F9000
G1 E5 F2400
;TYPE:Internal infill
;WIDTH:0.44
G1 F1154
G1 X107.7 Y107.5 E.07204
G1 X107.7 Y107.7 E.0066
G1 X123.217 Y123.217 E.72454
G1 X123.217 Y119.014 E.13877
G1 X118.731 Y123.5 E.20947
G1 X117.885 Y123.5 E.02793
G1 X107.7 Y113.315 E.47557
G1 X107.7 Y112.069 E.04114
G1 X112.269 Y107.5 E.21334
G1 X113.115 Y107.5 E.02793
G1 X123.217 Y117.601 E.47167
G1 X123.217 Y113.399 E.13874
G1 X113.115 Y123.5 E.47167
G1 X112.269 Y123.5 E.02793
G1 X107.7 Y118.931 E.21334
G1 X107.7 Y117.685 E.04114
G1 X117.885 Y107.5 E.47557
G1 X118.731 Y107.5 E.02793
G1 X123.217 Y111.986 E.20947
G1 X123.217 Y107.783 E.13877
G1 X107.7 Y123.3 E.72454
G1 X107.7 Y123.5 E.0066
G1 X109.882 Y123.5 E.07204
;LAYER_CHANGE
;Z:9.2
;HEIGHT:0.2
;BEFORE_LAYER_CHANGE
G92 E0
;9.2


G1 E-3.5 F3600
;WIPE_START
G1 F7200
G1 X107.7 Y123.5 E-1.03645
G1 X107.7 Y123.3 E-.095
G1 X108.249 Y122.751 E-.36855
;WIPE_END
G1 Z9.2 F9000
;AFTER_LAYER_CHANGE
;9.2
G1 X107.394 Y123.606
G1 E5 F2400
;TYPE:Perimeter
;WIDTH:0.439999
G1 F1091
G1 X107.394 Y107.394 E.53528
G1 X123.606 Y107.394 E.53528
G1 X123.606 Y123.606 E.53528
G1 X107.454 Y123.606 E.53329
G1 X106.997 Y124.003 F9000
G1 F1091
G1 X106.997 Y106.997 E.56149
G1 X124.003 Y106.997 E.56149
G1 X124.003 Y124.003 E.56149
G1 X107.057 Y124.003 E.55951
G1 X106.61 Y124.39 F9000
;TYPE:External perimeter
;WIDTH:0.419999
G1 F1091
G1 X106.61 Y106.61 E.55748
G1 X124.39 Y106.61 E.55748
G1 X124.39 Y124.39 E.55748
G1 X106.67 Y124.39 E.5556
G1 E-3.5 F3600
;WIPE_START
G1 F7200
G1 X106.61 Y124.39 E-.0285
G1 X106.61 Y121.292 E-1.4715
;WIPE_END
G1 X120.918 Y123.3 F9000
G1 E5 F2400
;TYPE:Internal infill
;WIDTH:0.44
G1 F1091
G1 X123.3 Y123.3 E.07865
G1 X107.7 Y107.7 E.72842
G1 X107.7 Y112.069 E.14425
G1 X112.069 Y107.7 E.204
G1 X113.315 Y107.7 E.04114
G1 X123.3 Y117.685 E.46623
G1 X123.3 Y118.931 E.04114
G1 X118.931 Y123.3 E.204
G1 X117.685 Y123.3 E.04114
G1 X107.7 Y113.315 E.46623
G1 X107.7 Y117.685 E.14429
G1 X117.685 Y107.7 E.46623
G1 X118.931 Y107.7 E.04114
G1 X123.3 Y112.069 E.204
G1 X123.3 Y113.315 E.04114
G1 X113.315 Y123.3 E.46623
G1 X112.069 Y123.3 E.04114
G1 X107.7 Y118.931 E.204
G1 X107.7 Y123.3 E.14425
G1 X123.3 Y107.7 E.72842
G1 X123.3 Y110.082 E.07865
;LAYER_CHANGE
;Z:9.4
;HEIGHT:0.2
;BEFORE_LAYER_CHANGE
G92 E0
;9.4


G1 E-3.5 F3600
;WIPE_START
G1 F7200
G1 X123.3 Y107.7 E-1.13145
G1 X122.751 Y108.249 E-.36855
;WIPE_END
G1 Z9.4 F9000
;AFTER_LAYER_CHANGE
;9.4
G1 X123.806 Y107.394
G1 E5 F2400
;TYPE:Perimeter
;WIDTH:0.439999
G1 F1286
G1 X123.806 Y123.606 E.53528
G1 X107.594 Y123.606 E.53528
G1 X107.594 Y107.394 E.53528
G1 X123.746 Y107.394 E.53329
G1 X124.203 Y106.997 F9000
G1 F1286
G1 X124.203 Y124.003 E.56149
G1 X107.197 Y124.003 E.56149
G1 X107.197 Y106.997 E.56149
G1 X124.143 Y106.997 E.55951
G1 X124.59 Y106.61 F9000
;TYPE:External perimeter
;WIDTH:0.419999
G1 F1286
G1 X124.59 Y124.39 E.55748
G1 X106.81 Y124.39 E.55748
G1 X106.81 Y106.61 E.55748
G1 X124.53 Y106.61 E.5556
G1 E-3.5 F3600
;WIPE_START
G1 F7200
G1 X124.59 Y106.61 E-.0285
G1 X124.59 Y109.708 E-1.4715
;WIPE_END
G1 X120.434 Y122.817 F9000
G1 E5 F2400
;TYPE:Internal infill
;WIDTH:0.44
G1 F1286
G1 X122.817 Y122.817 E.07868
G1 X108.183 Y108.183 E.68331
G1 X111.586 Y108.183 E.11236
G1 X107.9 Y111.869 E.17211
G1 X107.9 Y113.515 E.05435
G1 X117.201 Y122.817 E.43432
G1 X119.414 Y122.817 E.07307
G1 X122.817 Y119.414 E.1589
G1 X122.817 Y117.201 E.07307
G1 X113.799 Y108.183 E.42108
G1 X117.201 Y108.183 E.11232
G1 X107.9 Y117.485 E.43432
G1 X107.9 Y119.131 E.05435
G1 X111.586 Y122.817 E.17211
G1 X113.799 Y122.817 E.07307
G1 X122.817 Y113.799 E.42108
G1 X122.817 Y111.586 E.07307
G1 X119.414 Y108.183 E.1589
G1 X122.817 Y108.183 E.11236
G1 X108.183 Y122.817 E.68331
G1 X108.018 Y122.817 E.00545
G1 X107.9 Y122.748 E.00451
G1 X107.9 Y120.686 E.06808
G1 E-3.5 F3600
;WIPE_START
G1 F7200
G1 X107.9 Y122.748 E-.97945
G1 X108.018 Y122.817 E-.06493
G1 X108.183 Y122.817 E-.07838
G1 X108.745 Y122.255 E-.37724
;WIPE_END
G1 X107.944 Y123.256 F9000
G1 E5 F2400
;TYPE:Solid infill
;WIDTH:0.52792
G1 F1286
G1 X107.972 Y123.257 E.00113
;WIDTH:0.526306
G1 X122.918 Y123.257 E.60074
;WIDTH:0.531396
G1 X123.001 Y123.245 E.00341
G1 E-3.5 F3600
;WIPE_START
G1 F7200
G1 X122.918 Y123.257 E-.03983
G1 X119.844 Y123.257 E-1.46017
;WIPE_END
G1 X123.081 Y107.852 F9000
G1 E5 F2400
;WIDTH:0.460667
G1 F1286
G1 X123.134 Y107.927 E.00319
;WIDTH:0.42264
G1 X123.186 Y108.001 E.00286
;WIDTH:0.384612
G1 X123.186 Y122.918 E.42382
;WIDTH:0.421195
G1 X123.182 Y122.971 E.00167
;WIDTH:0.457778
G1 X123.179 Y123.024 E.00183
;WIDTH:0.49436
G1 X123.175 Y123.077 E.002
;WIDTH:0.531396
G1 X123.001 Y123.245 E.00982
G1 X123.244 Y123.266 E.00991
;WIDTH:0.498852
G1 X123.487 Y123.287 E.00925
;WIDTH:0.466308
G1 X123.507 Y123.102 E.00655
;WIDTH:0.42546
G1 X123.528 Y122.918 E.00589
;WIDTH:0.384612
G1 X123.528 Y108.082 E.42152
;WIDTH:0.416204
G1 X123.512 Y107.688 E.01224
;WIDTH:0.452905
G1 X123.314 Y107.706 E.00678
;WIDTH:0.489606
G1 X123.116 Y107.725 E.00739
;WIDTH:0.526306
G1 X122.918 Y107.743 E.00799
G1 X107.972 Y107.743 E.60074
;WIDTH:0.52792
G1 X107.944 Y107.744 E.00113
;LAYER_CHANGE
;Z:9.6
;HEIGHT:0.200001
;BEFORE_LAYER_CHANGE
G92 E0
;9.6


G1 E-3.5 F3600
;WIPE_START
G1 F7200
G1 X107.972 Y107.743 E-.01331
G1 X111.102 Y107.743 E-1.48669
;WIPE_END
G1 Z9.6 F9000
;AFTER_LAYER_CHANGE
;9.6
G1 X107.594 Y107.594
G1 E5 F2400
;TYPE:Perimeter
;WIDTH:0.439999
G1 F1089
G1 X123.406 Y107.594 E.52207
G1 X123.406 Y123.406 E.52207
G1 X107.594 Y123.406 E.52207
G1 X107.594 Y107.654 E.52009
G1 X107.197 Y107.197 F9000
G1 F1089
G1 X123.803 Y107.197 E.54828
G1 X123.803 Y123.803 E.54828
G1 X107.197 Y123.803 E.54828
G1 X107.197 Y107.257 E.5463
G1 X106.81 Y106.81 F9000
;TYPE:External perimeter
;WIDTH:0.419999
G1 F1089
G1 X124.19 Y106.81 E.54494
G1 X124.19 Y124.19 E.54494
G1 X106.81 Y124.19 E.54494
G1 X106.81 Y106.87 E.54306
G1 X107.944 Y107.944 F9000
;TYPE:Solid infill
;WIDTH:0.527922
G1 F1089
G1 X107.943 Y107.972 E.00113
;WIDTH:0.526308
G1 X107.943 Y123.028 E.60516
;WIDTH:0.527922
G1 X107.944 Y123.056 E.00113
G1 E-3.5 F3600
;WIPE_START
G1 F7200
G1 X107.943 Y123.028 E-.01331
G1 X107.943 Y119.898 E-1.48669
;WIPE_END
G1 X120.718 Y123.1 F9000
G1 E5 F2400
;TYPE:Internal infill
;WIDTH:0.44
G1 F1089
G1 X123.1 Y123.1 E.07865
G1 X108.383 Y108.383 E.68719
G1 X108.383 Y111.386 E.09915
G1 X111.869 Y107.9 E.16277
G1 X113.515 Y107.9 E.05435
G1 X123.1 Y117.485 E.44756
G1 X123.1 Y119.131 E.05435
G1 X119.131 Y123.1 E.18533
G1 X117.485 Y123.1 E.05435
G1 X108.383 Y113.999 E.42498
G1 X108.383 Y117.001 E.09912
G1 X117.485 Y107.9 E.42498
G1 X119.131 Y107.9 E.05435
G1 X123.1 Y111.869 E.18533
G1 X123.1 Y113.515 E.05435
G1 X113.515 Y123.1 E.44756
G1 X111.869 Y123.1 E.05435
G1 X108.383 Y119.614 E.16277
G1 X108.383 Y122.617 E.09915
G1 X123.1 Y107.9 E.68719
G1 X123.1 Y110.282 E.07865
;LAYER_CHANGE
;Z:9.8
;HEIGHT:0.2
;BEFORE_LAYER_CHANGE
G92 E0
;9.8


G1 E-3.5 F3600
;WIPE_START
G1 F7200
G1 X123.1 Y107.9 E-1.13145
G1 X122.551 Y108.449 E-.36855
;WIPE_END
G1 Z9.8 F9000
;AFTER_LAYER_CHANGE
;9.8
G1 X123.206 Y107.794
G1 E5 F2400
;TYPE:Perimeter
;WIDTH:0.439999
G1 F1030
G1 X123.206 Y123.206 E.50886
G1 X107.794 Y123.206 E.50886
G1 X107.794 Y107.794 E.50886
G1 X123.146 Y107.794 E.50688
G1 X123.603 Y107.397 F9000
G1 F1030
G1 X123.603 Y123.603 E.53508
G1 X107.397 Y123.603 E.53508
G1 X107.397 Y107.397 E.53508
G1 X123.543 Y107.397 E.5331
G1 X123.99 Y107.01 F9000
;TYPE:External perimeter
;WIDTH:0.419999
G1 F1030
G1 X123.99 Y123.99 E.5324
G1 X107.01 Y123.99 E.5324
G1 X107.01 Y107.01 E.5324
G1 X123.93 Y107.01 E.53051
G1 E-3.5 F3600
;WIPE_START
G1 F7200
G1 X123.99 Y107.01 E-.0285
G1 X123.99 Y110.108 E-1.4715
;WIPE_END
G1 X122.9 Y110.482 F9000
G1 E5 F2400
;TYPE:Internal infill
;WIDTH:0.44
G1 F1030
G1 X122.9 Y108.1 E.07865
G1 X108.1 Y122.9 E.69106
G1 X108.1 Y119.331 E.11784
G1 X111.669 Y122.9 E.16665
G1 X113.715 Y122.9 E.06755
G1 X122.9 Y113.715 E.42888
G1 X122.9 Y111.669 E.06755
G1 X119.331 Y108.1 E.16665
G1 X117.285 Y108.1 E.06755
G1 X108.1 Y117.285 E.42888
G1 X108.1 Y113.715 E.11787
G1 X117.285 Y122.9 E.42888
G1 X119.331 Y122.9 E.06755
G1 X122.9 Y119.331 E.16665
G1 X122.9 Y117.285 E.06755
G1 X113.715 Y108.1 E.42888
G1 X111.669 Y108.1 E.06755
G1 X108.1 Y111.669 E.16665
G1 X108.1 Y108.1 E.11784
G1 X122.9 Y122.9 E.69106
G1 X120.518 Y122.9 E.07865
;LAYER_CHANGE
;Z:10
;HEIGHT:0.2
;BEFORE_LAYER_CHANGE
G92 E0
;10


G1 E-3.5 F3600
;WIPE_START
G1 F7200
G1 X122.9 Y122.9 E-1.13145
G1 X122.351 Y122.351 E-.36855
;WIPE_END
G1 Z10 F9000
;AFTER_LAYER_CHANGE
;10
G1 X123.406 Y123.206
G1 E5 F2400
;TYPE:Perimeter
;WIDTH:0.439999
G1 F1080
G1 X107.994 Y123.206 E.50886
G1 X107.994 Y107.794 E.50886
G1 X123.406 Y107.794 E.50886
G1 X123.406 Y123.146 E.50688
G1 X123.803 Y123.603 F9000
G1 F1080
G1 X107.597 Y123.603 E.53508
G1 X107.597 Y107.397 E.53508
G1 X123.803 Y107.397 E.53508
G1 X123.803 Y123.543 E.5331
G1 X124.19 Y123.99 F9000
;TYPE:External perimeter
;WIDTH:0.419999
G1 F1080
G1 X107.21 Y123.99 E.5324
G1 X107.21 Y107.01 E.5324
G1 X124.19 Y107.01 E.5324
G1 X124.19 Y123.93 E.53051
G1 E-3.5 F3600
;WIPE_START
G1 F7200
G1 X124.19 Y123.99 E-.0285
G1 X121.092 Y123.99 E-1.4715
;WIPE_END
G1 X110.482 Y122.9 F9000
G1 E5 F2400
;TYPE:Internal infill
;WIDTH:0.44
G1 F1080
G1 X108.3 Y122.9 E.07204
G1 X108.3 Y122.7 E.0066
G1 X122.617 Y108.383 E.66851
G1 X122.617 Y111.386 E.09915
G1 X119.331 Y108.1 E.15343
G1 X117.285 Y108.1 E.06755
G1 X108.3 Y117.085 E.41954
G1 X108.3 Y119.531 E.08076
G1 X111.669 Y122.9 E.15731
G1 X113.715 Y122.9 E.06755
G1 X122.617 Y113.999 E.41564
G1 X122.617 Y117.001 E.09912
G1 X113.715 Y108.1 E.41564
G1 X111.669 Y108.1 E.06755
G1 X108.3 Y111.469 E.15731
G1 X108.3 Y113.915 E.08076
G1 X117.285 Y122.9 E.41954
G1 X119.331 Y122.9 E.06755
G1 X122.617 Y119.614 E.15343
G1 X122.617 Y122.617 E.09915
G1 X108.3 Y108.3 E.66851
G1 X108.3 Y108.1 E.0066
G1 X110.482 Y108.1 E.07204
G1 E-3.5 F3600
;WIPE_START
G1 F7200
G1 X108.3 Y108.1 E-1.03645
G1 X108.3 Y108.3 E-.095
G1 X108.849 Y108.849 E-.36855
;WIPE_END
G1 X123.056 Y108.144 F9000
G1 E5 F2400
;TYPE:Solid infill
;WIDTH:0.52792
G1 F1080
G1 X123.057 Y108.172 E.00113
;WIDTH:0.526306
G1 X123.057 Y122.828 E.58908
;WIDTH:0.52792
G1 X123.056 Y122.856 E.00113
;LAYER_CHANGE
;Z:10.2
;HEIGHT:0.2
;BEFORE_LAYER_CHANGE
G92 E0
;10.2


G1 E-3.5 F3600
;WIPE_START
G1 F7200
G1 X123.057 Y122.828 E-.01331
G1 X123.057 Y119.698 E-1.48669
;WIPE_END
G1 Z10.2 F9000
;AFTER_LAYER_CHANGE
;10.2
G1 X123.006 Y123.006
G1 E5 F2400
;TYPE:Perimeter
;WIDTH:0.439999
G1 F1002
G1 X107.994 Y123.006 E.49566
G1 X107.994 Y107.994 E.49566
G1 X123.006 Y107.994 E.49566
G1 X123.006 Y122.946 E.49367
G1 X123.403 Y123.403 F9000
G1 F1002
G1 X107.597 Y123.403 E.52187
G1 X107.597 Y107.597 E.52187
G1 X123.403 Y107.597 E.52187
G1 X123.403 Y123.343 E.51989
G1 X123.79 Y123.79 F9000
;TYPE:External perimeter
;WIDTH:0.419999
G1 F1002
G1 X107.21 Y123.79 E.51985
G1 X107.21 Y107.21 E.51985
G1 X123.79 Y107.21 E.51985
G1 X123.79 Y123.73 E.51797
G1 E-3.5 F3600
;WIPE_START
G1 F7200
G1 X123.79 Y123.79 E-.0285
G1 X120.692 Y123.79 E-1.4715
;WIPE_END
G1 X120.318 Y122.7 F9000
G1 E5 F2400
;TYPE:Internal infill
;WIDTH:0.44
G1 F1002
G1 X122.7 Y122.7 E.07865
G1 X108.3 Y108.3 E.67239
G1 X108.3 Y111.469 E.10463
G1 X111.469 Y108.3 E.14797
G1 X113.915 Y108.3 E.08076
G1 X122.7 Y117.085 E.4102
G1 X122.7 Y119.531 E.08076
G1 X119.531 Y122.7 E.14797
G1 X117.085 Y122.7 E.08076
G1 X108.3 Y113.915 E.4102
G1 X108.3 Y117.085 E.10466
G1 X117.085 Y108.3 E.4102
G1 X119.531 Y108.3 E.08076
G1 X122.7 Y111.469 E.14797
G1 X122.7 Y113.915 E.08076
G1 X113.915 Y122.7 E.4102
G1 X111.469 Y122.7 E.08076
G1 X108.3 Y119.531 E.14797
G1 X108.3 Y122.7 E.10463
G1 X122.7 Y108.3 E.67239
G1 X122.7 Y110.682 E.07865
;LAYER_CHANGE
;Z:10.4
;HEIGHT:0.2
;BEFORE_LAYER_CHANGE
G92 E0
;10.4


G1 E-3.5 F3600
;WIPE_START
G1 F7200
G1 X122.7 Y108.3 E-1.13145
G1 X122.151 Y108.849 E-.36855
;WIPE_END
G1 Z10.4 F9000
;AFTER_LAYER_CHANGE
;10.4
G1 X123.206 Y107.994
G1 E5 F2400
;TYPE:Perimeter
;WIDTH:0.439999
G1 F1152
G1 X123.206 Y123.006 E.49566
G1 X108.194 Y123.006 E.49566
G1 X108.194 Y107.994 E.49566
G1 X123.146 Y107.994 E.49367
G1 X123.603 Y107.597 F9000
G1 F1152
G1 X123.603 Y123.403 E.52187
G1 X107.797 Y123.403 E.52187
G1 X107.797 Y107.597 E.52187
G1 X123.543 Y107.597 E.51989
G1 X123.99 Y107.21 F9000
;TYPE:External perimeter
;WIDTH:0.419999
G1 F1152
G1 X123.99 Y123.79 E.51985
G1 X107.41 Y123.79 E.51985
G1 X107.41 Y107.21 E.51985
G1 X123.93 Y107.21 E.51797
G1 X122.481 Y108.452 F9000
;TYPE:Solid infill
;WIDTH:0.460667
G1 F1152
G1 X122.534 Y108.527 E.00319
;WIDTH:0.42264
G1 X122.586 Y108.601 E.00286
;WIDTH:0.384613
G1 X122.586 Y122.318 E.38973
;WIDTH:0.421195
G1 X122.582 Y122.371 E.00167
;WIDTH:0.457777
G1 X122.579 Y122.424 E.00183
;WIDTH:0.494359
G1 X122.575 Y122.477 E.002
;WIDTH:0.531398
G1 X122.401 Y122.645 E.00982
G1 X122.644 Y122.666 E.00991
;WIDTH:0.498852
G1 X122.887 Y122.687 E.00925
;WIDTH:0.466306
G1 X122.907 Y122.502 E.00655
;WIDTH:0.42546
G1 X122.928 Y122.318 E.00589
;WIDTH:0.384613
G1 X122.928 Y108.682 E.38742
;WIDTH:0.416204
G1 X122.912 Y108.288 E.01224
;WIDTH:0.452905
G1 X122.714 Y108.306 E.00678
;WIDTH:0.489606
G1 X122.516 Y108.325 E.00739
;WIDTH:0.526306
G1 X122.318 Y108.343 E.00799
G1 X108.572 Y108.343 E.5525
;WIDTH:0.52792
G1 X108.544 Y108.344 E.00113
G1 E-3.5 F3600
;WIPE_START
G1 F7200
G1 X108.572 Y108.343 E-.01331
G1 X111.702 Y108.343 E-1.48669
;WIPE_END
G1 X108.544 Y122.656 F9000
G1 E5 F2400
;WIDTH:0.527918
G1 F1152
G1 X108.572 Y122.657 E.00113
;WIDTH:0.526306
G1 X122.318 Y122.657 E.5525
;WIDTH:0.531398
G1 X122.401 Y122.645 E.00341
G1 E-3.5 F3600
;WIPE_START
G1 F7200
G1 X122.318 Y122.657 E-.03983
G1 X119.244 Y122.657 E-1.46017
;WIPE_END
G1 X122.217 Y117.632 F9000
G1 E5 F2400
;TYPE:Internal infill
;WIDTH:0.44
G1 F1152
G1 X122.217 Y120.014 E.07865
G1 X120.014 Y122.217 E.10287
G1 X122.217 Y122.217 E.07274
G1 X108.783 Y108.783 E.62728
G1 X110.986 Y108.783 E.07274
G1 X108.5 Y111.269 E.11608
G1 X108.5 Y114.115 E.09397
G1 X116.601 Y122.217 E.37829
G1 X114.399 Y122.217 E.0727
G1 X122.217 Y114.399 E.36505
G1 X122.217 Y116.601 E.0727
G1 X114.399 Y108.783 E.36505
G1 X116.601 Y108.783 E.0727
G1 X108.5 Y116.885 E.37829
G1 X108.5 Y119.731 E.09397
G1 X110.986 Y122.217 E.11608
G1 X108.783 Y122.217 E.07274
G1 X122.217 Y108.783 E.62728
G1 X120.014 Y108.783 E.07274
G1 X122.217 Y110.986 E.10287
G1 X122.217 Y113.368 E.07865
;LAYER_CHANGE
;Z:10.6
;HEIGHT:0.200001
;BEFORE_LAYER_CHANGE
G92 E0
;10.6


G1 E-3.5 F3600
;WIPE_START
G1 F7200
G1 X122.217 Y110.986 E-1.13145
G1 X121.668 Y110.437 E-.36855
;WIPE_END
G1 Z10.6 F9000
;AFTER_LAYER_CHANGE
;10.6
G1 X122.806 Y108.194
G1 E5 F2400
;TYPE:Perimeter
;WIDTH:0.439999
G1 F1013
G1 X122.806 Y122.806 E.48245
G1 X108.194 Y122.806 E.48245
G1 X108.194 Y108.194 E.48245
G1 X122.746 Y108.194 E.48047
G1 X123.203 Y107.797 F9000
G1 F1013
G1 X123.203 Y123.203 E.50866
G1 X107.797 Y123.203 E.50866
G1 X107.797 Y107.797 E.50866
G1 X123.143 Y107.797 E.50668
G1 X123.59 Y107.41 F9000
;TYPE:External perimeter
;WIDTH:0.419999
G1 F1013
G1 X123.59 Y123.59 E.50731
G1 X107.41 Y123.59 E.50731
G1 X107.41 Y107.41 E.50731
G1 X123.53 Y107.41 E.50543
G1 E-3.5 F3600
;WIPE_START
G1 F7200
G1 X123.59 Y107.41 E-.0285
G1 X123.59 Y110.508 E-1.4715
;WIPE_END
G1 X117.349 Y108.5 F9000
G1 E5 F2400
;TYPE:Internal infill
;WIDTH:0.44
G1 F1013
G1 X119.731 Y108.5 E.07865
G1 X122.017 Y110.786 E.10674
G1 X122.017 Y108.983 E.05953
G1 X108.5 Y122.5 E.63116
G1 X108.5 Y119.731 E.09142
G1 X111.269 Y122.5 E.12929
G1 X114.115 Y122.5 E.09397
G1 X122.017 Y114.599 E.36895
G1 X122.017 Y116.401 E.0595
G1 X114.115 Y108.5 E.36895
G1 X116.885 Y108.5 E.09146
G1 X108.5 Y116.885 E.39153
G1 X108.5 Y114.115 E.09146
G1 X116.885 Y122.5 E.39153
G1 X119.731 Y122.5 E.09397
G1 X122.017 Y120.214 E.10674
G1 X122.017 Y122.017 E.05953
G1 X108.5 Y108.5 E.63116
G1 X108.5 Y111.269 E.09142
G1 X111.269 Y108.5 E.12929
G1 X113.651 Y108.5 E.07865
G1 E-3.5 F3600
;WIPE_START
G1 F7200
G1 X111.269 Y108.5 E-1.13145
G1 X110.72 Y109.049 E-.36855
;WIPE_END
G1 X122.456 Y122.456 F9000
G1 E5 F2400
;TYPE:Solid infill
;WIDTH:0.52792
G1 F1013
G1 X122.457 Y122.428 E.00113
;WIDTH:0.526306
G1 X122.457 Y108.572 E.55692
;WIDTH:0.52792
G1 X122.456 Y108.544 E.00113
;LAYER_CHANGE
;Z:10.8
;HEIGHT:0.2
;BEFORE_LAYER_CHANGE
G92 E0
;10.8


G1 E-3.5 F3600
;WIPE_START
G1 F7200
G1 X122.457 Y108.572 E-.01331
G1 X122.457 Y111.702 E-1.48669
;WIPE_END
G1 Z10.8 F9000
;AFTER_LAYER_CHANGE
;10.8
G1 X122.606 Y108.394
G1 E5 F2400
;TYPE:Perimeter
;WIDTH:0.439999
G1 F935
G1 X122.606 Y122.606 E.46924
G1 X108.394 Y122.606 E.46924
G1 X108.394 Y108.394 E.46924
G1 X122.546 Y108.394 E.46726
G1 X123.003 Y107.997 F9000
G1 F935
G1 X123.003 Y123.003 E.49546
G1 X107.997 Y123.003 E.49546
G1 X107.997 Y107.997 E.49546
G1 X122.943 Y107.997 E.49348
G1 X123.39 Y107.61 F9000
;TYPE:External perimeter
;WIDTH:0.419999
G1 F935
G1 X123.39 Y123.39 E.49477
G1 X107.61 Y123.39 E.49477
G1 X107.61 Y107.61 E.49477
G1 X123.33 Y107.61 E.49289
G1 E-3.5 F3600
;WIPE_START
G1 F7200
G1 X123.39 Y107.61 E-.0285
G1 X123.39 Y110.708 E-1.4715
;WIPE_END
G1 X122.3 Y113.451 F9000
G1 E5 F2400
;TYPE:Internal infill
;WIDTH:0.44
G1 F935
G1 X122.3 Y111.069 E.07865
G1 X119.931 Y108.7 E.11062
G1 X122.3 Y108.7 E.07822
G1 X108.7 Y122.3 E.63503
G1 X108.7 Y119.931 E.07822
G1 X111.069 Y122.3 E.11062
G1 X114.315 Y122.3 E.10717
G1 X122.3 Y114.315 E.37285
G1 X122.3 Y116.685 E.07825
G1 X114.315 Y108.7 E.37285
G1 X116.685 Y108.7 E.07825
G1 X108.7 Y116.685 E.37285
G1 X108.7 Y114.315 E.07825
G1 X116.685 Y122.3 E.37285
G1 X119.931 Y122.3 E.10717
G1 X122.3 Y119.931 E.11062
G1 X122.3 Y122.3 E.07822
G1 X108.7 Y108.7 E.63503
G1 X108.7 Y111.069 E.07822
G1 X111.069 Y108.7 E.11062
G1 X113.451 Y108.7 E.07865
;LAYER_CHANGE
;Z:11
;HEIGHT:0.2
;BEFORE_LAYER_CHANGE
G92 E0
;11


G1 E-3.5 F3600
;WIPE_START
G1 F7200
G1 X111.069 Y108.7 E-1.13145
G1 X110.52 Y109.249 E-.36855
;WIPE_END
G1 Z11 F9000
;AFTER_LAYER_CHANGE
;11
G1 X108.194 Y108.394
G1 E5 F2400
;TYPE:Perimeter
;WIDTH:0.439999
G1 F1064
G1 X122.406 Y108.394 E.46924
G1 X122.406 Y122.606 E.46924
G1 X108.194 Y122.606 E.46924
G1 X108.194 Y108.454 E.46726
G1 X107.797 Y107.997 F9000
G1 F1064
G1 X122.803 Y107.997 E.49546
G1 X122.803 Y123.003 E.49546
G1 X107.797 Y123.003 E.49546
G1 X107.797 Y108.057 E.49348
G1 X107.41 Y107.61 F9000
;TYPE:External perimeter
;WIDTH:0.419999
G1 F1064
G1 X123.19 Y107.61 E.49477
G1 X123.19 Y123.39 E.49477
G1 X107.41 Y123.39 E.49477
G1 X107.41 Y107.67 E.49289
G1 X108.472 Y109.281 F9000
;TYPE:Solid infill
;WIDTH:0.384613
G1 F1064
G1 X108.472 Y121.918 E.35904
;WIDTH:0.416205
G1 X108.488 Y122.312 E.01224
;WIDTH:0.452906
G1 X108.686 Y122.294 E.00678
;WIDTH:0.489606
G1 X108.884 Y122.275 E.00739
;WIDTH:0.526306
G1 X109.082 Y122.257 E.00799
G1 X109.007 Y122.212 E.00352
;WIDTH:0.498165
G1 X108.931 Y122.166 E.00336
;WIDTH:0.470023
G1 X108.873 Y122.056 E.00442
;WIDTH:0.427318
G1 X108.814 Y121.945 E.00402
;WIDTH:0.384613
G1 X108.814 Y109.082 E.36546
;WIDTH:0.421195
G1 X108.818 Y109.029 E.00167
;WIDTH:0.457777
G1 X108.821 Y108.976 E.00183
;WIDTH:0.494358
G1 X108.825 Y108.923 E.002
;WIDTH:0.531398
G1 X108.999 Y108.755 E.00982
G1 X108.756 Y108.734 E.00991
;WIDTH:0.498851
G1 X108.513 Y108.713 E.00925
;WIDTH:0.466304
G1 X108.493 Y108.898 E.00655
;WIDTH:0.425459
G1 X108.472 Y109.082 E.00589
;WIDTH:0.439999
G1 X108.999 Y108.755 E.02048
;WIDTH:0.531398
G1 X109.082 Y108.743 E.00341
;WIDTH:0.52631
G1 X122.028 Y108.743 E.52035
;WIDTH:0.52792
G1 X122.056 Y108.744 E.00113
G1 E-3.5 F3600
;WIPE_START
G1 F7200
G1 X122.028 Y108.743 E-.01331
G1 X118.898 Y108.743 E-1.48669
;WIPE_END
G1 X122.056 Y122.256 F9000
G1 E5 F2400
;WIDTH:0.527922
G1 F1064
G1 X122.028 Y122.257 E.00113
;WIDTH:0.526306
G1 X109.082 Y122.257 E.52035
G1 E-3.5 F3600
;WIPE_START
G1 F7200
G1 X112.24 Y122.257 E-1.5
;WIPE_END
G1 X112.968 Y121.817 F9000
G1 E5 F2400
;TYPE:Internal infill
;WIDTH:0.44
G1 F1064
G1 X110.586 Y121.817 E.07865
G1 X109.183 Y120.414 E.06551
G1 X109.183 Y121.817 E.04632
G1 X121.817 Y109.183 E.58993
G1 X120.414 Y109.183 E.04632
G1 X122.1 Y110.869 E.07873
G1 X122.1 Y114.515 E.12038
G1 X114.799 Y121.817 E.34093
G1 X116.201 Y121.817 E.04629
G1 X109.183 Y114.799 E.3277
G1 X109.183 Y116.201 E.04629
G1 X116.201 Y109.183 E.3277
G1 X114.799 Y109.183 E.04629
G1 X122.1 Y116.485 E.34093
G1 X122.1 Y120.131 E.12038
G1 X120.414 Y121.817 E.07873
G1 X121.817 Y121.817 E.04632
G1 X109.183 Y109.183 E.58993
G1 X110.586 Y109.183 E.04632
G1 X109.183 Y110.586 E.06551
G1 X109.183 Y112.968 E.07865
;LAYER_CHANGE
;Z:11.2
;HEIGHT:0.2
;BEFORE_LAYER_CHANGE
G92 E0
;11.2


G1 E-3.5 F3600
;WIPE_START
G1 F7200
G1 X109.183 Y110.586 E-1.13145
G1 X109.731 Y110.037 E-.36855
;WIPE_END
G1 Z11.2 F9000
;AFTER_LAYER_CHANGE
;11.2
G1 X108.594 Y108.594
G1 E5 F2400
;TYPE:Perimeter
;WIDTH:0.439999
G1 F916
G1 X122.406 Y108.594 E.45603
G1 X122.406 Y122.406 E.45603
G1 X108.594 Y122.406 E.45603
G1 X108.594 Y108.654 E.45405
G1 X108.197 Y108.197 F9000
G1 F916
G1 X122.803 Y108.197 E.48225
G1 X122.803 Y122.803 E.48225
G1 X108.197 Y122.803 E.48225
G1 X108.197 Y108.257 E.48027
G1 X107.81 Y107.81 F9000
;TYPE:External perimeter
;WIDTH:0.419999
G1 F916
G1 X123.19 Y107.81 E.48223
G1 X123.19 Y123.19 E.48223
G1 X107.81 Y123.19 E.48223
G1 X107.81 Y107.87 E.48035
G1 X108.944 Y108.944 F9000
;TYPE:Solid infill
;WIDTH:0.527922
G1 F916
G1 X108.943 Y108.972 E.00113
;WIDTH:0.526306
G1 X108.943 Y122.028 E.52477
;WIDTH:0.527922
G1 X108.944 Y122.056 E.00113
G1 E-3.5 F3600
;WIPE_START
G1 F7200
G1 X108.943 Y122.028 E-.01331
G1 X108.943 Y118.898 E-1.48669
;WIPE_END
G1 X113.251 Y122.1 F9000
G1 E5 F2400
;TYPE:Internal infill
;WIDTH:0.44
G1 F916
G1 X110.869 Y122.1 E.07865
G1 X109.383 Y120.614 E.06939
G1 X109.383 Y121.617 E.03312
G1 X122.1 Y108.9 E.5938
G1 X120.131 Y108.9 E.06501
G1 X122.1 Y110.869 E.09194
G1 X122.1 Y114.515 E.12038
G1 X114.515 Y122.1 E.35417
G1 X116.485 Y122.1 E.06504
G1 X109.383 Y114.999 E.33159
G1 X109.383 Y116.001 E.03308
G1 X116.485 Y108.9 E.33159
G1 X114.515 Y108.9 E.06504
G1 X122.1 Y116.485 E.35417
G1 X122.1 Y120.131 E.12038
G1 X120.131 Y122.1 E.09194
G1 X122.1 Y122.1 E.06501
G1 X109.383 Y109.383 E.5938
G1 X109.383 Y110.386 E.03312
G1 X110.869 Y108.9 E.06939
G1 X113.251 Y108.9 E.07865
;LAYER_CHANGE
;Z:11.4
;HEIGHT:0.2
;BEFORE_LAYER_CHANGE
G92 E0
;11.4


G1 E-3.5 F3600
;WIPE_START
G1 F7200
G1 X110.869 Y108.9 E-1.13145
G1 X110.32 Y109.448 E-.36855
;WIPE_END
G1 Z11.4 F9000
;AFTER_LAYER_CHANGE
;11.4
G1 X108.794 Y108.794
G1 E5 F2400
;TYPE:Perimeter
;WIDTH:0.439999
G1 F900
G1 X122.206 Y108.794 E.44283
G1 X122.206 Y122.206 E.44283
G1 X108.794 Y122.206 E.44283
G1 X108.794 Y108.854 E.44085
G1 X108.397 Y108.397 F9000
G1 F900
G1 X122.603 Y108.397 E.46904
G1 X122.603 Y122.603 E.46904
G1 X108.397 Y122.603 E.46904
G1 X108.397 Y108.457 E.46706
G1 X108.01 Y108.01 F9000
;TYPE:External perimeter
;WIDTH:0.419999
G1 F900
G1 X122.99 Y108.01 E.46969
G1 X122.99 Y122.99 E.46969
G1 X108.01 Y122.99 E.46969
G1 X108.01 Y108.07 E.46781
G1 E-3.5 F3600
;WIPE_START
G1 F7200
G1 X108.01 Y108.01 E-.0285
G1 X111.108 Y108.01 E-1.4715
;WIPE_END
G1 X109.1 Y113.051 F9000
G1 E5 F2400
;TYPE:Internal infill
;WIDTH:0.44
G1 F900
G1 X109.1 Y110.669 E.07865
G1 X110.669 Y109.1 E.07326
G1 X109.1 Y109.1 E.0518
G1 X121.9 Y121.9 E.59768
G1 X120.331 Y121.9 E.0518
G1 X121.9 Y120.331 E.07326
G1 X121.9 Y117.949 E.07865
G1 E-3.5 F3600
;WIPE_START
G1 F7200
G1 X121.9 Y120.331 E-1.13145
G1 X121.351 Y120.88 E-.36855
;WIPE_END
G1 X121.9 Y113.051 F9000
G1 E5 F2400
G1 F900
G1 X121.9 Y110.669 E.07865
G1 X120.331 Y109.1 E.07326
G1 X121.9 Y109.1 E.0518
G1 X109.1 Y121.9 E.59768
G1 X109.1 Y120.331 E.0518
G1 X110.669 Y121.9 E.07326
G1 X114.715 Y121.9 E.13359
G1 X121.9 Y114.715 E.33549
G1 X121.9 Y116.285 E.05184
G1 X114.715 Y109.1 E.33549
G1 X116.285 Y109.1 E.05184
G1 X109.1 Y116.285 E.33549
G1 X109.1 Y114.715 E.05184
G1 X116.285 Y121.9 E.33549
G1 X118.667 Y121.9 E.07865
;LAYER_CHANGE
;Z:11.6
;HEIGHT:0.200001
;BEFORE_LAYER_CHANGE
G92 E0
;11.6


G1 E-3.5 F3600
;WIPE_START
G1 F7200
G1 X116.285 Y121.9 E-1.13145
G1 X115.736 Y121.351 E-.36855
;WIPE_END
G1 Z11.6 F9000
;AFTER_LAYER_CHANGE
;11.6
G1 X122.406 Y122.206
G1 E5 F2400
;TYPE:Perimeter
;WIDTH:0.439999
G1 F925
G1 X108.994 Y122.206 E.44283
G1 X108.994 Y108.794 E.44283
G1 X122.406 Y108.794 E.44283
G1 X122.406 Y122.146 E.44085
G1 X122.803 Y122.603 F9000
G1 F925
G1 X108.597 Y122.603 E.46904
G1 X108.597 Y108.397 E.46904
G1 X122.803 Y108.397 E.46904
G1 X122.803 Y122.543 E.46706
G1 X123.19 Y122.99 F9000
;TYPE:External perimeter
;WIDTH:0.419999
G1 F925
G1 X108.21 Y122.99 E.46969
G1 X108.21 Y108.01 E.46969
G1 X123.19 Y108.01 E.46969
G1 X123.19 Y122.93 E.46781
G1 E-3.5 F3600
;WIPE_START
G1 F7200
G1 X123.19 Y122.99 E-.0285
G1 X120.092 Y122.99 E-1.4715
;WIPE_END
G1 X122.128 Y109.072 F9000
G1 E5 F2400
;TYPE:Solid infill
;WIDTH:0.384613
G1 F925
G1 X122.128 Y121.928 E.36526
G1 X121.772 Y121.928 E.01011
G1 X121.786 Y121.757 E.00487
G1 X121.786 Y109.086 E.36001
G1 X121.929 Y109.08 E.00407
G1 E-3.5 F3600
;WIPE_START
G1 F7200
G1 X121.786 Y109.086 E-.06798
G1 X121.786 Y112.101 E-1.43202
;WIPE_END
G1 X117.949 Y109.1 F9000
G1 E5 F2400
;TYPE:Internal infill
;WIDTH:0.44
G1 F925
G1 X120.331 Y109.1 E.07865
G1 X121.417 Y110.186 E.05071
G1 X121.417 Y109.583 E.01991
G1 X109.3 Y121.7 E.56579
G1 X109.3 Y120.531 E.0386
G1 X110.669 Y121.9 E.06392
G1 X114.715 Y121.9 E.13359
G1 X121.417 Y115.199 E.31292
G1 X121.417 Y115.801 E.01988
G1 X114.715 Y109.1 E.31292
G1 X116.285 Y109.1 E.05184
G1 X109.3 Y116.085 E.32615
G1 X109.3 Y114.915 E.03863
G1 X116.285 Y121.9 E.32615
G1 X120.331 Y121.9 E.13359
G1 X121.417 Y120.814 E.05071
G1 X121.417 Y121.417 E.01991
G1 X109.3 Y109.3 E.56579
G1 X109.3 Y110.469 E.0386
G1 X110.669 Y109.1 E.06392
G1 X113.051 Y109.1 E.07865
;LAYER_CHANGE
;Z:11.8
;HEIGHT:0.2
;BEFORE_LAYER_CHANGE
G92 E0
;11.8


G1 E-3.5 F3600
;WIPE_START
G1 F7200
G1 X110.669 Y109.1 E-1.13145
G1 X110.12 Y109.649 E-.36855
;WIPE_END
G1 Z11.8 F9000
;AFTER_LAYER_CHANGE
;11.8
G1 X108.994 Y108.994
G1 E5 F2400
;TYPE:Perimeter
;WIDTH:0.439999
G1 F900
G1 X122.006 Y108.994 E.42962
G1 X122.006 Y122.006 E.42962
G1 X108.994 Y122.006 E.42962
G1 X108.994 Y109.054 E.42764
G1 X108.597 Y108.597 F9000
G1 F900
G1 X122.403 Y108.597 E.45584
G1 X122.403 Y122.403 E.45584
G1 X108.597 Y122.403 E.45584
G1 X108.597 Y108.657 E.45386
G1 X108.21 Y108.21 F9000
;TYPE:External perimeter
;WIDTH:0.419999
G1 F900
G1 X122.79 Y108.21 E.45714
G1 X122.79 Y122.79 E.45714
G1 X108.21 Y122.79 E.45714
G1 X108.21 Y108.27 E.45526
G1 E-3.5 F3600
;WIPE_START
G1 F7200
G1 X108.21 Y108.21 E-.0285
G1 X111.308 Y108.21 E-1.4715
;WIPE_END
G1 X109.3 Y112.851 F9000
G1 E5 F2400
;TYPE:Internal infill
;WIDTH:0.44
G1 F900
G1 X109.3 Y110.469 E.07865
G1 X110.469 Y109.3 E.05458
G1 X109.3 Y109.3 E.0386
G1 X121.7 Y121.7 E.579
G1 X121.7 Y120.531 E.0386
G1 X120.531 Y121.7 E.05458
G1 X116.085 Y121.7 E.14679
G1 X109.3 Y114.915 E.31682
G1 X109.3 Y116.085 E.03863
G1 X116.085 Y109.3 E.31682
G1 X114.915 Y109.3 E.03863
G1 X121.7 Y116.085 E.31682
G1 X121.7 Y114.915 E.03863
G1 X114.915 Y121.7 E.31682
G1 X110.469 Y121.7 E.14679
G1 X109.3 Y120.531 E.05458
G1 X109.3 Y121.7 E.0386
G1 X121.7 Y109.3 E.579
G1 X120.531 Y109.3 E.0386
G1 X121.7 Y110.469 E.05458
G1 X121.7 Y112.851 E.07865
;LAYER_CHANGE
;Z:12
;HEIGHT:0.2
;BEFORE_LAYER_CHANGE
G92 E0
;12


G1 E-3.5 F3600
;WIPE_START
G1 F7200
G1 X121.7 Y110.469 E-1.13145
G1 X121.151 Y109.92 E-.36855
;WIPE_END
G1 Z12 F9000
;AFTER_LAYER_CHANGE
;12
G1 X121.806 Y108.994
G1 E5 F2400
;TYPE:Perimeter
;WIDTH:0.439999
G1 F943
G1 X121.806 Y122.006 E.42962
G1 X108.794 Y122.006 E.42962
G1 X108.794 Y108.994 E.42962
G1 X121.746 Y108.994 E.42764
G1 X122.203 Y108.597 F9000
G1 F943
G1 X122.203 Y122.403 E.45584
G1 X108.397 Y122.403 E.45584
G1 X108.397 Y108.597 E.45584
G1 X122.143 Y108.597 E.45386
G1 X122.59 Y108.21 F9000
;TYPE:External perimeter
;WIDTH:0.419999
G1 F943
G1 X122.59 Y122.79 E.45714
G1 X108.01 Y122.79 E.45714
G1 X108.01 Y108.21 E.45714
G1 X122.53 Y108.21 E.45526
G1 E-3.5 F3600
;WIPE_START
G1 F7200
G1 X122.59 Y108.21 E-.0285
G1 X122.59 Y111.308 E-1.4715
;WIPE_END
G1 X112.166 Y109.783 F9000
G1 E5 F2400
;TYPE:Internal infill
;WIDTH:0.44
G1 F943
G1 X109.783 Y109.783 E.07868
G1 X121.217 Y121.217 E.53389
G1 X121.014 Y121.217 E.0067
G1 X121.5 Y120.731 E.02269
G1 X121.5 Y115.885 E.16
G1 X115.399 Y109.783 E.2849
G1 X115.601 Y109.783 E.00667
G1 X109.783 Y115.601 E.27166
G1 X109.783 Y115.399 E.00667
G1 X115.601 Y121.217 E.27166
G1 X115.399 Y121.217 E.00667
G1 X121.5 Y115.115 E.2849
G1 X121.5 Y110.269 E.16
G1 X121.014 Y109.783 E.02269
G1 X121.217 Y109.783 E.0067
G1 X109.783 Y121.217 E.53389
G1 X112.166 Y121.217 E.07868
G1 E-3.5 F3600
;WIPE_START
G1 F7200
G1 X109.783 Y121.217 E-1.13192
G1 X110.331 Y120.669 E-.36808
;WIPE_END
G1 X109.401 Y109.338 F9000
G1 E5 F2400
;TYPE:Solid infill
;WIDTH:0.50488
G1 F943
G1 X109.113 Y109.313 E.0111
;WIDTH:0.466306
G1 X109.093 Y109.498 E.00655
;WIDTH:0.42546
G1 X109.072 Y109.682 E.00589
;WIDTH:0.384614
G1 X109.072 Y121.318 E.3306
;WIDTH:0.416205
G1 X109.088 Y121.712 E.01224
;WIDTH:0.452906
G1 X109.286 Y121.694 E.00678
;WIDTH:0.489607
G1 X109.484 Y121.675 E.00739
;WIDTH:0.526308
G1 X109.682 Y121.657 E.00799
G1 X109.607 Y121.612 E.00352
;WIDTH:0.498166
G1 X109.531 Y121.566 E.00336
;WIDTH:0.470024
G1 X109.473 Y121.456 E.00442
;WIDTH:0.427319
G1 X109.414 Y121.345 E.00402
;WIDTH:0.384614
G1 X109.414 Y109.682 E.33137
;WIDTH:0.421196
G1 X109.418 Y109.629 E.00167
;WIDTH:0.457778
G1 X109.421 Y109.576 E.00183
;WIDTH:0.494359
G1 X109.425 Y109.523 E.002
;WIDTH:0.531396
G1 X109.599 Y109.355 E.00982
G1 X109.682 Y109.343 E.00341
;WIDTH:0.526308
G1 X121.428 Y109.343 E.47212
;WIDTH:0.52792
G1 X121.456 Y109.344 E.00113
G1 E-3.5 F3600
;WIPE_START
G1 F7200
G1 X121.428 Y109.343 E-.01331
G1 X118.298 Y109.343 E-1.48669
;WIPE_END
G1 X121.456 Y121.656 F9000
G1 E5 F2400
G1 F943
G1 X121.428 Y121.657 E.00113
;WIDTH:0.526308
G1 X109.682 Y121.657 E.47212
;LAYER_CHANGE
;Z:12.2
;HEIGHT:0.2
;BEFORE_LAYER_CHANGE
G92 E0
;12.2


G1 E-3.5 F3600
;WIPE_START
G1 F7200
G1 X112.84 Y121.657 E-1.5
;WIPE_END
G1 Z12.2 F9000
;AFTER_LAYER_CHANGE
;12.2
G1 X109.194 Y121.806
G1 E5 F2400
;TYPE:Perimeter
;WIDTH:0.439999
G1 F900
G1 X109.194 Y109.194 E.41641
G1 X121.806 Y109.194 E.41641
G1 X121.806 Y121.806 E.41641
G1 X109.254 Y121.806 E.41443
G1 X108.797 Y122.203 F9000
G1 F900
G1 X108.797 Y108.797 E.44263
G1 X122.203 Y108.797 E.44263
G1 X122.203 Y122.203 E.44263
G1 X108.857 Y122.203 E.44065
G1 X108.41 Y122.59 F9000
;TYPE:External perimeter
;WIDTH:0.419999
G1 F900
G1 X108.41 Y108.41 E.4446
G1 X122.59 Y108.41 E.4446
G1 X122.59 Y122.59 E.4446
G1 X108.47 Y122.59 E.44272
G1 E-3.5 F3600
;WIPE_START
G1 F7200
G1 X108.41 Y122.59 E-.0285
G1 X108.41 Y119.492 E-1.4715
;WIPE_END
G1 X109.5 Y112.651 F9000
G1 E5 F2400
;TYPE:Internal infill
;WIDTH:0.44
G1 F900
G1 X109.5 Y110.269 E.07865
G1 X110.269 Y109.5 E.03591
G1 X109.5 Y109.5 E.02539
G1 X121.5 Y121.5 E.56032
G1 X121.5 Y120.731 E.02539
G1 X120.731 Y121.5 E.03591
G1 X115.885 Y121.5 E.16
G1 X109.5 Y115.115 E.29814
G1 X109.5 Y115.885 E.02542
G1 X115.885 Y109.5 E.29814
G1 X115.115 Y109.5 E.02542
G1 X121.5 Y115.885 E.29814
G1 X121.5 Y115.115 E.02542
G1 X115.115 Y121.5 E.29814
G1 X110.269 Y121.5 E.16
G1 X109.5 Y120.731 E.03591
G1 X109.5 Y121.5 E.02539
G1 X121.5 Y109.5 E.56032
G1 X120.731 Y109.5 E.02539
G1 X121.5 Y110.269 E.03591
G1 X121.5 Y112.651 E.07865
;LAYER_CHANGE
;Z:12.4
;HEIGHT:0.2
;BEFORE_LAYER_CHANGE
G92 E0
;12.4


G1 E-3.5 F3600
;WIPE_START
G1 F7200
G1 X121.5 Y110.269 E-1.13145
G1 X120.951 Y109.72 E-.36855
;WIPE_END
G1 Z12.4 F9000
;AFTER_LAYER_CHANGE
;12.4
G1 X121.606 Y109.394
G1 E5 F2400
;TYPE:Perimeter
;WIDTH:0.439999
G1 F900
G1 X121.606 Y121.606 E.40321
G1 X109.394 Y121.606 E.40321
G1 X109.394 Y109.394 E.40321
G1 X121.546 Y109.394 E.40123
G1 X122.003 Y108.997 F9000
G1 F900
G1 X122.003 Y122.003 E.42942
G1 X108.997 Y122.003 E.42942
G1 X108.997 Y108.997 E.42942
G1 X121.943 Y108.997 E.42744
G1 X122.39 Y108.61 F9000
;TYPE:External perimeter
;WIDTH:0.419999
G1 F900
G1 X122.39 Y122.39 E.43206
G1 X108.61 Y122.39 E.43206
G1 X108.61 Y108.61 E.43206
G1 X122.33 Y108.61 E.43018
G1 E-3.5 F3600
;WIPE_START
G1 F7200
G1 X122.39 Y108.61 E-.0285
G1 X122.39 Y111.708 E-1.4715
;WIPE_END
G1 X121.3 Y112.451 F9000
G1 E5 F2400
;TYPE:Internal infill
;WIDTH:0.44
G1 F900
G1 X121.3 Y110.069 E.07865
G1 X120.931 Y109.7 E.01723
G1 X121.3 Y109.7 E.01218
G1 X109.7 Y121.3 E.54164
G1 X109.7 Y120.931 E.01218
G1 X110.069 Y121.3 E.01723
G1 X115.315 Y121.3 E.17321
G1 X121.3 Y115.315 E.27946
G1 X121.3 Y115.685 E.01222
G1 X115.315 Y109.7 E.27946
G1 X115.685 Y109.7 E.01222
G1 X109.7 Y115.685 E.27946
G1 X109.7 Y115.315 E.01222
G1 X115.685 Y121.3 E.27946
G1 X118.067 Y121.3 E.07865
G1 E-3.5 F3600
;WIPE_START
G1 F7200
G1 X115.685 Y121.3 E-1.13145
G1 X115.136 Y120.751 E-.36855
;WIPE_END
G1 X121.3 Y118.549 F9000
G1 E5 F2400
G1 F900
G1 X121.3 Y120.931 E.07865
G1 X120.931 Y121.3 E.01723
G1 X121.3 Y121.3 E.01218
G1 X109.7 Y109.7 E.54164
G1 X109.7 Y110.069 E.01218
G1 X110.069 Y109.7 E.01723
G1 X112.451 Y109.7 E.07865
;LAYER_CHANGE
;Z:12.6
;HEIGHT:0.200001
;BEFORE_LAYER_CHANGE
G92 E0
;12.6


G1 E-3.5 F3600
;WIPE_START
G1 F7200
G1 X110.069 Y109.7 E-1.13145
G1 X109.7 Y110.069 E-.24788
G1 X109.7 Y109.815 E-.12067
;WIPE_END
G1 Z12.6 F9000
;AFTER_LAYER_CHANGE
;12.6
G1 X109.394 Y109.394
G1 E5 F2400
;TYPE:Perimeter
;WIDTH:0.439999
G1 F900
G1 X121.606 Y109.394 E.40321
G1 X121.606 Y121.606 E.40321
G1 X109.394 Y121.606 E.40321
G1 X109.394 Y109.454 E.40123
G1 X108.997 Y108.997 F9000
G1 F900
G1 X122.003 Y108.997 E.42942
G1 X122.003 Y122.003 E.42942
G1 X108.997 Y122.003 E.42942
G1 X108.997 Y109.057 E.42744
G1 X108.61 Y108.61 F9000
;TYPE:External perimeter
;WIDTH:0.419999
G1 F900
G1 X122.39 Y108.61 E.43206
G1 X122.39 Y122.39 E.43206
G1 X108.61 Y122.39 E.43206
G1 X108.61 Y108.67 E.43018
G1 E-3.5 F3600
;WIPE_START
G1 F7200
G1 X108.61 Y108.61 E-.0285
G1 X111.708 Y108.61 E-1.4715
;WIPE_END
G1 X109.744 Y121.256 F9000
G1 E5 F2400
;TYPE:Solid infill
;WIDTH:0.527924
G1 F900
G1 X109.743 Y121.228 E.00113
;WIDTH:0.526306
G1 X109.743 Y109.772 E.46046
;WIDTH:0.527922
G1 X109.744 Y109.744 E.00113
G1 E-3.5 F3600
;WIPE_START
G1 F7200
G1 X109.743 Y109.772 E-.01331
G1 X109.743 Y112.902 E-1.48669
;WIPE_END
G1 X121.3 Y112.451 F9000
G1 E5 F2400
;TYPE:Internal infill
;WIDTH:0.44
G1 F900
G1 X121.3 Y110.069 E.07865
G1 X120.931 Y109.7 E.01723
G1 X121.3 Y109.7 E.01218
G1 X110.183 Y120.817 E.51909
G1 X110.183 Y115.799 E.16568
G1 X115.685 Y121.3 E.25688
G1 X115.315 Y121.3 E.01222
G1 X121.3 Y115.315 E.27946
G1 X121.3 Y115.685 E.01222
G1 X115.315 Y109.7 E.27946
G1 X115.685 Y109.7 E.01222
G1 X110.183 Y115.201 E.25688
G1 X110.183 Y110.183 E.16568
G1 X121.3 Y121.3 E.51909
G1 X120.931 Y121.3 E.01218
G1 X121.3 Y120.931 E.01723
G1 X121.3 Y118.549 E.07865
;LAYER_CHANGE
;Z:12.8
;HEIGHT:0.2
;BEFORE_LAYER_CHANGE
G92 E0
;12.8


G1 E-3.5 F3600
;WIPE_START
G1 F7200
G1 X121.3 Y120.931 E-1.13145
G1 X120.931 Y121.3 E-.24788
G1 X121.185 Y121.3 E-.12067
;WIPE_END
G1 Z12.8 F9000
;AFTER_LAYER_CHANGE
;12.8
G1 X121.406 Y121.406
G1 E5 F2400
;TYPE:Perimeter
;WIDTH:0.439999
G1 F900
G1 X109.594 Y121.406 E.39
G1 X109.594 Y109.594 E.39
G1 X121.406 Y109.594 E.39
G1 X121.406 Y121.346 E.38802
G1 X121.803 Y121.803 F9000
G1 F900
G1 X109.197 Y121.803 E.41622
G1 X109.197 Y109.197 E.41622
G1 X121.803 Y109.197 E.41622
G1 X121.803 Y121.743 E.41423
G1 X122.19 Y122.19 F9000
;TYPE:External perimeter
;WIDTH:0.419999
G1 F900
G1 X108.81 Y122.19 E.41952
G1 X108.81 Y108.81 E.41952
G1 X122.19 Y108.81 E.41952
G1 X122.19 Y122.13 E.41764
G1 E-3.5 F3600
;WIPE_START
G1 F7200
G1 X122.19 Y122.19 E-.0285
G1 X119.092 Y122.19 E-1.4715
;WIPE_END
G1 X118.718 Y121.1 F9000
G1 E5 F2400
;TYPE:Internal infill
;WIDTH:0.44
G1 F900
G1 X121.1 Y121.1 E.07865
G1 X109.9 Y109.9 E.52297
G1 X109.9 Y115.485 E.1844
G1 X115.515 Y109.9 E.26148
G1 X121.1 Y115.515 E.26148
G1 X115.515 Y121.1 E.26078
G1 X109.9 Y115.515 E.26148
G1 X109.9 Y121.1 E.1844
G1 X121.1 Y109.9 E.52297
G1 X121.1 Y112.282 E.07865
;LAYER_CHANGE
;Z:13
;HEIGHT:0.2
;BEFORE_LAYER_CHANGE
G92 E0
;13


G1 E-3.5 F3600
;WIPE_START
G1 F7200
G1 X121.1 Y109.9 E-1.13145
G1 X120.551 Y110.449 E-.36855
;WIPE_END
G1 Z13 F9000
;AFTER_LAYER_CHANGE
;13
G1 X121.606 Y109.594
G1 E5 F2400
;TYPE:Perimeter
;WIDTH:0.439999
G1 F900
G1 X121.606 Y121.406 E.39
G1 X109.794 Y121.406 E.39
G1 X109.794 Y109.594 E.39
G1 X121.546 Y109.594 E.38802
G1 X122.003 Y109.197 F9000
G1 F900
G1 X122.003 Y121.803 E.41622
G1 X109.397 Y121.803 E.41622
G1 X109.397 Y109.197 E.41622
G1 X121.943 Y109.197 E.41423
G1 X122.39 Y108.81 F9000
;TYPE:External perimeter
;WIDTH:0.419999
G1 F900
G1 X122.39 Y122.19 E.41952
G1 X109.01 Y122.19 E.41952
G1 X109.01 Y108.81 E.41952
G1 X122.33 Y108.81 E.41764
G1 E-3.5 F3600
;WIPE_START
G1 F7200
G1 X122.39 Y108.81 E-.0285
G1 X122.39 Y111.908 E-1.4715
;WIPE_END
G1 X118.234 Y120.617 F9000
G1 E5 F2400
;TYPE:Internal infill
;WIDTH:0.44
G1 F900
G1 X120.617 Y120.617 E.07868
G1 X110.383 Y110.383 E.47786
G1 X115.001 Y110.383 E.15247
G1 X110.1 Y115.285 E.22887
G1 X110.1 Y115.715 E.0142
G1 X115.001 Y120.617 E.22887
G1 X115.999 Y120.617 E.03295
G1 X120.617 Y115.999 E.21563
G1 X120.617 Y115.001 E.03295
G1 X115.999 Y110.383 E.21563
G1 X120.617 Y110.383 E.15247
G1 X110.383 Y120.617 E.47786
G1 X110.218 Y120.617 E.00545
G1 X110.1 Y120.548 E.00451
G1 X110.1 Y118.486 E.06808
G1 E-3.5 F3600
;WIPE_START
G1 F7200
G1 X110.1 Y120.548 E-.97945
G1 X110.218 Y120.617 E-.06493
G1 X110.383 Y120.617 E-.07837
G1 X110.945 Y120.055 E-.37725
;WIPE_END
G1 X110.144 Y121.056 F9000
G1 E5 F2400
;TYPE:Solid infill
;WIDTH:0.527922
G1 F900
G1 X110.172 Y121.057 E.00113
;WIDTH:0.526306
G1 X120.718 Y121.057 E.42388
;WIDTH:0.531396
G1 X120.801 Y121.045 E.00341
G1 E-3.5 F3600
;WIPE_START
G1 F7200
G1 X120.718 Y121.057 E-.03983
G1 X117.644 Y121.057 E-1.46017
;WIPE_END
G1 X120.881 Y110.052 F9000
G1 E5 F2400
;WIDTH:0.460667
G1 F900
G1 X120.934 Y110.127 E.00319
;WIDTH:0.42264
G1 X120.986 Y110.201 E.00286
;WIDTH:0.384613
G1 X120.986 Y120.718 E.29881
;WIDTH:0.421195
G1 X120.982 Y120.771 E.00167
;WIDTH:0.457777
G1 X120.979 Y120.824 E.00183
;WIDTH:0.494359
G1 X120.975 Y120.877 E.002
;WIDTH:0.531396
G1 X120.801 Y121.045 E.00982
G1 X121.044 Y121.066 E.00991
;WIDTH:0.498851
G1 X121.287 Y121.087 E.00925
;WIDTH:0.466305
G1 X121.307 Y120.902 E.00655
;WIDTH:0.425459
G1 X121.328 Y120.718 E.00589
;WIDTH:0.384613
G1 X121.328 Y110.282 E.29651
;WIDTH:0.416204
G1 X121.312 Y109.888 E.01224
;WIDTH:0.452905
G1 X121.114 Y109.906 E.00678
;WIDTH:0.489606
G1 X120.916 Y109.925 E.00739
;WIDTH:0.526306
G1 X120.718 Y109.943 E.00799
G1 X110.172 Y109.943 E.42388
;WIDTH:0.52792
G1 X110.144 Y109.944 E.00113
;LAYER_CHANGE
;Z:13.2
;HEIGHT:0.2
;BEFORE_LAYER_CHANGE
G92 E0
;13.2


G1 E-3.5 F3600
;WIPE_START
G1 F7200
G1 X110.172 Y109.943 E-.01331
G1 X113.302 Y109.943 E-1.48669
;WIPE_END
G1 Z13.2 F9000
;AFTER_LAYER_CHANGE
;13.2
G1 X109.794 Y109.794
G1 E5 F2400
;TYPE:Perimeter
;WIDTH:0.439999
G1 F900
G1 X121.206 Y109.794 E.37679
G1 X121.206 Y121.206 E.37679
G1 X109.794 Y121.206 E.37679
G1 X109.794 Y109.854 E.37481
G1 X109.397 Y109.397 F9000
G1 F900
G1 X121.603 Y109.397 E.40301
G1 X121.603 Y121.603 E.40301
G1 X109.397 Y121.603 E.40301
G1 X109.397 Y109.457 E.40103
G1 X109.01 Y109.01 F9000
;TYPE:External perimeter
;WIDTH:0.419999
G1 F900
G1 X121.99 Y109.01 E.40698
G1 X121.99 Y121.99 E.40698
G1 X109.01 Y121.99 E.40698
G1 X109.01 Y109.07 E.4051
G1 X110.144 Y110.144 F9000
;TYPE:Solid infill
;WIDTH:0.52792
G1 F900
G1 X110.143 Y110.172 E.00113
;WIDTH:0.526306
G1 X110.143 Y120.828 E.4283
;WIDTH:0.52792
G1 X110.144 Y120.856 E.00113
G1 E-3.5 F3600
;WIPE_START
G1 F7200
G1 X110.143 Y120.828 E-.01331
G1 X110.143 Y117.698 E-1.48669
;WIPE_END
G1 X118.518 Y120.9 F9000
G1 E5 F2400
;TYPE:Internal infill
;WIDTH:0.44
G1 F900
G1 X120.9 Y120.9 E.07865
G1 X110.583 Y110.583 E.48174
G1 X110.583 Y114.801 E.13927
G1 X115.285 Y110.1 E.21953
G1 X115.715 Y110.1 E.0142
G1 X120.9 Y115.285 E.24211
G1 X120.9 Y115.715 E.0142
G1 X115.715 Y120.9 E.24211
G1 X115.285 Y120.9 E.0142
G1 X110.583 Y116.199 E.21953
G1 X110.583 Y120.417 E.13927
G1 X120.9 Y110.1 E.48174
G1 X120.9 Y112.482 E.07865
;LAYER_CHANGE
;Z:13.4
;HEIGHT:0.2
;BEFORE_LAYER_CHANGE
G92 E0
;13.4


G1 E-3.5 F3600
;WIPE_START
G1 F7200
G1 X120.9 Y110.1 E-1.13145
G1 X120.351 Y110.649 E-.36855
;WIPE_END
G1 Z13.4 F9000
;AFTER_LAYER_CHANGE
;13.4
G1 X121.006 Y109.994
G1 E5 F2400
;TYPE:Perimeter
;WIDTH:0.439999
G1 F900
G1 X121.006 Y121.006 E.36359
G1 X109.994 Y121.006 E.36359
G1 X109.994 Y109.994 E.36359
G1 X120.946 Y109.994 E.3616
G1 X121.403 Y109.597 F9000
G1 F900
G1 X121.403 Y121.403 E.3898
G1 X109.597 Y121.403 E.3898
G1 X109.597 Y109.597 E.3898
G1 X121.343 Y109.597 E.38782
G1 X121.79 Y109.21 F9000
;TYPE:External perimeter
;WIDTH:0.419999
G1 F900
G1 X121.79 Y121.79 E.39444
G1 X109.21 Y121.79 E.39444
G1 X109.21 Y109.21 E.39444
G1 X121.73 Y109.21 E.39256
G1 E-3.5 F3600
;WIPE_START
G1 F7200
G1 X121.79 Y109.21 E-.0285
G1 X121.79 Y112.308 E-1.4715
;WIPE_END
G1 X120.7 Y112.682 F9000
G1 E5 F2400
;TYPE:Internal infill
;WIDTH:0.44
G1 F900
G1 X120.7 Y110.3 E.07865
G1 X110.3 Y120.7 E.48561
G1 X110.3 Y115.915 E.15799
G1 X115.085 Y120.7 E.22343
G1 X115.915 Y120.7 E.0274
G1 X120.7 Y115.915 E.22343
G1 X120.7 Y115.085 E.0274
G1 X115.915 Y110.3 E.22343
G1 X115.085 Y110.3 E.0274
G1 X110.3 Y115.085 E.22343
G1 X110.3 Y110.3 E.15799
G1 X120.7 Y120.7 E.48561
G1 X118.318 Y120.7 E.07865
;LAYER_CHANGE
;Z:13.6
;HEIGHT:0.200001
;BEFORE_LAYER_CHANGE
G92 E0
;13.6


G1 E-3.5 F3600
;WIPE_START
G1 F7200
G1 X120.7 Y120.7 E-1.13145
G1 X120.151 Y120.151 E-.36855
;WIPE_END
G1 Z13.6 F9000
;AFTER_LAYER_CHANGE
;13.6
G1 X121.206 Y121.006
G1 E5 F2400
;TYPE:Perimeter
;WIDTH:0.439999
G1 F900
G1 X110.194 Y121.006 E.36359
G1 X110.194 Y109.994 E.36359
G1 X121.206 Y109.994 E.36359
G1 X121.206 Y120.946 E.3616
G1 X121.603 Y121.403 F9000
G1 F900
G1 X109.797 Y121.403 E.3898
G1 X109.797 Y109.597 E.3898
G1 X121.603 Y109.597 E.3898
G1 X121.603 Y121.343 E.38782
G1 X121.99 Y121.79 F9000
;TYPE:External perimeter
;WIDTH:0.419999
G1 F900
G1 X109.41 Y121.79 E.39444
G1 X109.41 Y109.21 E.39444
G1 X121.99 Y109.21 E.39444
G1 X121.99 Y121.73 E.39256
G1 E-3.5 F3600
;WIPE_START
G1 F7200
G1 X121.99 Y121.79 E-.0285
G1 X118.892 Y121.79 E-1.4715
;WIPE_END
G1 X112.682 Y120.7 F9000
G1 E5 F2400
;TYPE:Internal infill
;WIDTH:0.44
G1 F900
G1 X110.5 Y120.7 E.07204
G1 X110.5 Y120.5 E.0066
G1 X120.217 Y110.783 E.45372
G1 X120.217 Y114.601 E.12606
G1 X115.915 Y110.3 E.20085
G1 X115.085 Y110.3 E.0274
G1 X110.5 Y114.885 E.21409
G1 X110.5 Y116.115 E.04061
G1 X115.085 Y120.7 E.21409
G1 X115.915 Y120.7 E.0274
G1 X120.217 Y116.399 E.20085
G1 X120.217 Y120.217 E.12606
G1 X110.5 Y110.5 E.45372
G1 X110.5 Y110.3 E.0066
G1 X112.682 Y110.3 E.07204
G1 E-3.5 F3600
;WIPE_START
G1 F7200
G1 X110.5 Y110.3 E-1.03645
G1 X110.5 Y110.5 E-.095
G1 X111.049 Y111.049 E-.36855
;WIPE_END
G1 X120.928 Y110.272 F9000
G1 E5 F2400
;TYPE:Solid infill
;WIDTH:0.384613
G1 F900
G1 X120.928 Y120.728 E.29707
G1 X120.572 Y120.728 E.01011
G1 X120.586 Y120.557 E.00487
G1 X120.586 Y110.286 E.29182
G1 X120.729 Y110.28 E.00407
;LAYER_CHANGE
;Z:13.8
;HEIGHT:0.2
;BEFORE_LAYER_CHANGE
G92 E0
;13.8


G1 E-3.5 F3600
;WIPE_START
G1 F7200
G1 X120.586 Y110.286 E-.06798
G1 X120.586 Y113.301 E-1.43202
;WIPE_END
G1 Z13.8 F9000
;AFTER_LAYER_CHANGE
;13.8
G1 X120.806 Y110.194
G1 E5 F2400
;TYPE:Perimeter
;WIDTH:0.439999
G1 F900
G1 X120.806 Y120.806 E.35038
G1 X110.194 Y120.806 E.35038
G1 X110.194 Y110.194 E.35038
G1 X120.746 Y110.194 E.3484
G1 X121.203 Y109.797 F9000
G1 F900
G1 X121.203 Y121.203 E.37659
G1 X109.797 Y121.203 E.37659
G1 X109.797 Y109.797 E.37659
G1 X121.143 Y109.797 E.37461
G1 X121.59 Y109.41 F9000
;TYPE:External perimeter
;WIDTH:0.419999
G1 F900
G1 X121.59 Y121.59 E.38189
G1 X109.41 Y121.59 E.38189
G1 X109.41 Y109.41 E.38189
G1 X121.53 Y109.41 E.38001
G1 E-3.5 F3600
;WIPE_START
G1 F7200
G1 X121.59 Y109.41 E-.0285
G1 X121.59 Y112.508 E-1.4715
;WIPE_END
G1 X120.5 Y112.882 F9000
G1 E5 F2400
;TYPE:Internal infill
;WIDTH:0.44
G1 F900
G1 X120.5 Y110.5 E.07865
G1 X110.5 Y120.5 E.46694
G1 X110.5 Y116.115 E.14478
G1 X114.885 Y120.5 E.20475
G1 X116.115 Y120.5 E.04061
G1 X120.5 Y116.115 E.20475
G1 X120.5 Y114.885 E.04061
G1 X116.115 Y110.5 E.20475
G1 X114.885 Y110.5 E.04061
G1 X110.5 Y114.885 E.20475
G1 X110.5 Y110.5 E.14478
G1 X120.5 Y120.5 E.46694
G1 X118.118 Y120.5 E.07865
;LAYER_CHANGE
;Z:14
;HEIGHT:0.2
;BEFORE_LAYER_CHANGE
G92 E0
;14


G1 E-3.5 F3600
;WIPE_START
G1 F7200
G1 X120.5 Y120.5 E-1.13145
G1 X119.951 Y119.951 E-.36855
;WIPE_END
G1 Z14 F9000
;AFTER_LAYER_CHANGE
;14
G1 X120.606 Y120.806
G1 E5 F2400
;TYPE:Perimeter
;WIDTH:0.439999
G1 F900
G1 X109.994 Y120.806 E.35038
G1 X109.994 Y110.194 E.35038
G1 X120.606 Y110.194 E.35038
G1 X120.606 Y120.746 E.3484
G1 X121.003 Y121.203 F9000
G1 F900
G1 X109.597 Y121.203 E.37659
G1 X109.597 Y109.797 E.37659
G1 X121.003 Y109.797 E.37659
G1 X121.003 Y121.143 E.37461
G1 X121.39 Y121.59 F9000
;TYPE:External perimeter
;WIDTH:0.419999
G1 F900
G1 X109.21 Y121.59 E.38189
G1 X109.21 Y109.41 E.38189
G1 X121.39 Y109.41 E.38189
G1 X121.39 Y121.53 E.38001
G1 E-3.5 F3600
;WIPE_START
G1 F7200
G1 X121.39 Y121.59 E-.0285
G1 X118.292 Y121.59 E-1.4715
;WIPE_END
G1 X120.3 Y117.886 F9000
G1 E5 F2400
;TYPE:Internal infill
;WIDTH:0.44
G1 F900
G1 X120.3 Y119.948 E.06808
G1 X120.182 Y120.017 E.00451
G1 X120.017 Y120.017 E.00545
G1 X110.983 Y110.983 E.42183
G1 X110.983 Y114.401 E.11285
G1 X114.401 Y110.983 E.1596
G1 X116.599 Y110.983 E.07257
G1 X120.3 Y114.685 E.17284
G1 X120.3 Y116.315 E.05382
G1 X116.599 Y120.017 E.17284
G1 X114.401 Y120.017 E.07257
G1 X110.983 Y116.599 E.1596
G1 X110.983 Y120.017 E.11285
G1 X120.017 Y110.983 E.42183
G1 X120.182 Y110.983 E.00545
G1 X120.3 Y111.052 E.00451
G1 X120.3 Y113.114 E.06808
G1 E-3.5 F3600
;WIPE_START
G1 F7200
G1 X120.3 Y111.052 E-.97945
G1 X120.182 Y110.983 E-.06493
G1 X120.017 Y110.983 E-.07838
G1 X119.455 Y111.545 E-.37724
;WIPE_END
G1 X110.601 Y110.538 F9000
G1 E5 F2400
;TYPE:Solid infill
;WIDTH:0.504882
G1 F900
G1 X110.313 Y110.513 E.0111
;WIDTH:0.466306
G1 X110.293 Y110.698 E.00655
;WIDTH:0.425461
G1 X110.272 Y110.882 E.00589
;WIDTH:0.384615
G1 X110.272 Y120.118 E.26241
;WIDTH:0.416206
G1 X110.288 Y120.512 E.01224
;WIDTH:0.452907
G1 X110.486 Y120.494 E.00678
;WIDTH:0.489608
G1 X110.684 Y120.475 E.00739
;WIDTH:0.526308
G1 X110.882 Y120.457 E.00799
G1 X110.807 Y120.412 E.00352
;WIDTH:0.498167
G1 X110.731 Y120.366 E.00336
;WIDTH:0.470025
G1 X110.673 Y120.256 E.00442
;WIDTH:0.42732
G1 X110.614 Y120.145 E.00402
;WIDTH:0.384615
G1 X110.614 Y110.882 E.26318
;WIDTH:0.421197
G1 X110.618 Y110.829 E.00167
;WIDTH:0.457778
G1 X110.621 Y110.776 E.00183
;WIDTH:0.494359
G1 X110.625 Y110.723 E.002
;WIDTH:0.531398
G1 X110.799 Y110.555 E.00982
G1 X110.882 Y110.543 E.00341
;WIDTH:0.526308
G1 X120.228 Y110.543 E.37565
;WIDTH:0.527922
G1 X120.256 Y110.544 E.00113
G1 E-3.5 F3600
;WIPE_START
G1 F7200
G1 X120.228 Y110.543 E-.01331
G1 X117.098 Y110.543 E-1.48669
;WIPE_END
G1 X120.256 Y120.456 F9000
G1 E5 F2400
;WIDTH:0.52792
G1 F900
G1 X120.228 Y120.457 E.00113
;WIDTH:0.526308
G1 X110.882 Y120.457 E.37565
;LAYER_CHANGE
;Z:14.2
;HEIGHT:0.2
;BEFORE_LAYER_CHANGE
G92 E0
;14.2


G1 E-3.5 F3600
;WIPE_START
G1 F7200
G1 X114.04 Y120.457 E-1.5
;WIPE_END
G1 Z14.2 F9000
;AFTER_LAYER_CHANGE
;14.2
G1 X110.394 Y120.606
G1 E5 F2400
;TYPE:Perimeter
;WIDTH:0.439999
G1 F900
G1 X110.394 Y110.394 E.33717
G1 X120.606 Y110.394 E.33717
G1 X120.606 Y120.606 E.33717
G1 X110.454 Y120.606 E.33519
G1 X109.997 Y121.003 F9000
G1 F900
G1 X109.997 Y109.997 E.36339
G1 X121.003 Y109.997 E.36339
G1 X121.003 Y121.003 E.36339
G1 X110.057 Y121.003 E.36141
G1 X109.61 Y121.39 F9000
;TYPE:External perimeter
;WIDTH:0.419999
G1 F900
G1 X109.61 Y109.61 E.36935
G1 X121.39 Y109.61 E.36935
G1 X121.39 Y121.39 E.36935
G1 X109.67 Y121.39 E.36747
G1 E-3.5 F3600
;WIPE_START
G1 F7200
G1 X109.61 Y121.39 E-.0285
G1 X109.61 Y118.292 E-1.4715
;WIPE_END
G1 X113.082 Y120.3 F9000
G1 E5 F2400
;TYPE:Internal infill
;WIDTH:0.44
G1 F900
G1 X110.7 Y120.3 E.07865
G1 X119.817 Y111.183 E.4257
G1 X119.817 Y114.201 E.09965
G1 X116.315 Y110.7 E.1635
G1 X114.685 Y110.7 E.05382
G1 X110.7 Y114.685 E.18607
G1 X110.7 Y116.315 E.05382
G1 X114.685 Y120.3 E.18607
G1 X116.315 Y120.3 E.05382
G1 X119.817 Y116.799 E.1635
G1 X119.817 Y119.817 E.09965
G1 X110.7 Y110.7 E.4257
G1 X113.082 Y110.7 E.07865
G1 E-3.5 F3600
;WIPE_START
G1 F7200
G1 X110.7 Y110.7 E-1.13145
G1 X111.249 Y111.249 E-.36855
;WIPE_END
G1 X120.256 Y120.256 F9000
G1 E5 F2400
;TYPE:Solid infill
;WIDTH:0.52792
G1 F900
G1 X120.257 Y120.228 E.00113
;WIDTH:0.526306
G1 X120.257 Y110.772 E.38007
;WIDTH:0.527922
G1 X120.256 Y110.744 E.00113
;LAYER_CHANGE
;Z:14.4
;HEIGHT:0.2
;BEFORE_LAYER_CHANGE
G92 E0
;14.4


G1 E-3.5 F3600
;WIPE_START
G1 F7200
G1 X120.257 Y110.772 E-.01331
G1 X120.257 Y113.902 E-1.48669
;WIPE_END
G1 Z14.4 F9000
;AFTER_LAYER_CHANGE
;14.4
G1 X120.406 Y110.594
G1 E5 F2400
;TYPE:Perimeter
;WIDTH:0.439999
G1 F900
G1 X120.406 Y120.406 E.32397
G1 X110.594 Y120.406 E.32397
G1 X110.594 Y110.594 E.32397
G1 X120.346 Y110.594 E.32198
G1 X120.803 Y110.197 F9000
G1 F900
G1 X120.803 Y120.803 E.35018
G1 X110.197 Y120.803 E.35018
G1 X110.197 Y110.197 E.35018
G1 X120.743 Y110.197 E.3482
G1 X121.19 Y109.81 F9000
;TYPE:External perimeter
;WIDTH:0.419999
G1 F900
G1 X121.19 Y121.19 E.35681
G1 X109.81 Y121.19 E.35681
G1 X109.81 Y109.81 E.35681
G1 X121.13 Y109.81 E.35493
G1 E-3.5 F3600
;WIPE_START
G1 F7200
G1 X121.19 Y109.81 E-.0285
G1 X121.19 Y112.908 E-1.4715
;WIPE_END
G1 X120.1 Y113.282 F9000
G1 E5 F2400
;TYPE:Internal infill
;WIDTH:0.44
G1 F900
G1 X120.1 Y110.9 E.07865
G1 X110.9 Y120.1 E.42958
G1 X110.9 Y116.515 E.11837
G1 X114.485 Y120.1 E.1674
G1 X116.515 Y120.1 E.06703
G1 X120.1 Y116.515 E.1674
G1 X120.1 Y114.485 E.06703
G1 X116.515 Y110.9 E.1674
G1 X114.485 Y110.9 E.06703
G1 X110.9 Y114.485 E.1674
G1 X110.9 Y110.9 E.11837
G1 X120.1 Y120.1 E.42958
G1 X117.718 Y120.1 E.07865
;LAYER_CHANGE
;Z:14.6
;HEIGHT:0.200001
;BEFORE_LAYER_CHANGE
G92 E0
;14.6


G1 E-3.5 F3600
;WIPE_START
G1 F7200
G1 X120.1 Y120.1 E-1.13145
G1 X119.551 Y119.551 E-.36855
;WIPE_END
G1 Z14.6 F9000
;AFTER_LAYER_CHANGE
;14.6
G1 X120.206 Y120.406
G1 E5 F2400
;TYPE:Perimeter
;WIDTH:0.439999
G1 F900
G1 X110.394 Y120.406 E.32397
G1 X110.394 Y110.594 E.32397
G1 X120.206 Y110.594 E.32397
G1 X120.206 Y120.346 E.32198
G1 X120.603 Y120.803 F9000
G1 F900
G1 X109.997 Y120.803 E.35018
G1 X109.997 Y110.197 E.35018
G1 X120.603 Y110.197 E.35018
G1 X120.603 Y120.743 E.3482
G1 X120.99 Y121.19 F9000
;TYPE:External perimeter
;WIDTH:0.419999
G1 F900
G1 X109.61 Y121.19 E.35681
G1 X109.61 Y109.81 E.35681
G1 X120.99 Y109.81 E.35681
G1 X120.99 Y121.13 E.35493
G1 E-3.5 F3600
;WIPE_START
G1 F7200
G1 X120.99 Y121.19 E-.0285
G1 X117.892 Y121.19 E-1.4715
;WIPE_END
G1 X117.718 Y120.1 F9000
G1 E5 F2400
;TYPE:Internal infill
;WIDTH:0.44
G1 F900
G1 X119.9 Y120.1 E.07204
G1 X119.9 Y119.9 E.0066
G1 X111.383 Y111.383 E.39769
G1 X111.383 Y114.001 E.08644
G1 X114.485 Y110.9 E.14482
G1 X116.515 Y110.9 E.06703
G1 X119.9 Y114.285 E.15806
G1 X119.9 Y116.715 E.08023
G1 X116.515 Y120.1 E.15806
G1 X114.485 Y120.1 E.06703
G1 X111.383 Y116.999 E.14482
G1 X111.383 Y119.617 E.08644
G1 X119.9 Y111.1 E.39769
G1 X119.9 Y110.9 E.0066
G1 X117.718 Y110.9 E.07204
G1 E-3.5 F3600
;WIPE_START
G1 F7200
G1 X119.9 Y110.9 E-1.03645
G1 X119.9 Y111.1 E-.095
G1 X119.351 Y111.649 E-.36855
;WIPE_END
G1 X110.672 Y120.128 F9000
G1 E5 F2400
;TYPE:Solid infill
;WIDTH:0.384614
G1 F900
G1 X110.672 Y110.872 E.26298
G1 X111.038 Y110.876 E.0104
G1 X111.014 Y111.043 E.00479
G1 X111.014 Y120.114 E.25773
G1 X110.871 Y120.12 E.00407
;LAYER_CHANGE
;Z:14.8
;HEIGHT:0.2
;BEFORE_LAYER_CHANGE
G92 E0
;14.8


G1 E-3.5 F3600
;WIPE_START
G1 F7200
G1 X111.014 Y120.114 E-.06798
G1 X111.014 Y117.099 E-1.43202
;WIPE_END
G1 Z14.8 F9000
;AFTER_LAYER_CHANGE
;14.8
G1 X110.794 Y120.206
G1 E5 F2400
;TYPE:Perimeter
;WIDTH:0.439999
G1 F900
G1 X110.794 Y110.794 E.31076
G1 X120.206 Y110.794 E.31076
G1 X120.206 Y120.206 E.31076
G1 X110.854 Y120.206 E.30878
G1 X110.397 Y120.603 F9000
G1 F900
G1 X110.397 Y110.397 E.33697
G1 X120.603 Y110.397 E.33697
G1 X120.603 Y120.603 E.33697
G1 X110.457 Y120.603 E.33499
G1 X110.01 Y120.99 F9000
;TYPE:External perimeter
;WIDTH:0.419999
G1 F900
G1 X110.01 Y110.01 E.34427
G1 X120.99 Y110.01 E.34427
G1 X120.99 Y120.99 E.34427
G1 X110.07 Y120.99 E.34239
G1 E-3.5 F3600
;WIPE_START
G1 F7200
G1 X110.01 Y120.99 E-.0285
G1 X110.01 Y117.892 E-1.4715
;WIPE_END
G1 X117.518 Y119.9 F9000
G1 E5 F2400
;TYPE:Internal infill
;WIDTH:0.44
G1 F900
G1 X119.9 Y119.9 E.07865
G1 X111.1 Y111.1 E.4109
G1 X111.1 Y114.285 E.10516
G1 X114.285 Y111.1 E.14872
G1 X116.715 Y111.1 E.08023
G1 X119.9 Y114.285 E.14872
G1 X119.9 Y116.715 E.08023
G1 X116.715 Y119.9 E.14872
G1 X114.285 Y119.9 E.08023
G1 X111.1 Y116.715 E.14872
G1 X111.1 Y119.9 E.10516
G1 X119.9 Y111.1 E.4109
G1 X119.9 Y113.482 E.07865
;LAYER_CHANGE
;Z:15
;HEIGHT:0.2
;BEFORE_LAYER_CHANGE
G92 E0
;15


G1 E-3.5 F3600
;WIPE_START
G1 F7200
G1 X119.9 Y111.1 E-1.13145
G1 X119.351 Y111.649 E-.36855
;WIPE_END
G1 Z15 F9000
;AFTER_LAYER_CHANGE
;15
G1 X120.406 Y110.794
G1 E5 F2400
;TYPE:Perimeter
;WIDTH:0.439999
G1 F900
G1 X120.406 Y120.206 E.31076
G1 X110.994 Y120.206 E.31076
G1 X110.994 Y110.794 E.31076
G1 X120.346 Y110.794 E.30878
G1 X120.803 Y110.397 F9000
G1 F900
G1 X120.803 Y120.603 E.33697
G1 X110.597 Y120.603 E.33697
G1 X110.597 Y110.397 E.33697
G1 X120.743 Y110.397 E.33499
G1 X121.19 Y110.01 F9000
;TYPE:External perimeter
;WIDTH:0.419999
G1 F900
G1 X121.19 Y120.99 E.34427
G1 X110.21 Y120.99 E.34427
G1 X110.21 Y110.01 E.34427
G1 X121.13 Y110.01 E.34239
G1 E-3.5 F3600
;WIPE_START
G1 F7200
G1 X121.19 Y110.01 E-.0285
G1 X121.19 Y113.108 E-1.4715
;WIPE_END
G1 X119.417 Y116.184 F9000
G1 E5 F2400
;TYPE:Internal infill
;WIDTH:0.44
G1 F900
G1 X119.417 Y113.801 E.07868
G1 X117.199 Y111.583 E.10357
G1 X119.417 Y111.583 E.07323
G1 X111.583 Y119.417 E.3658
G1 X113.801 Y119.417 E.07323
G1 X111.3 Y116.915 E.1168
G1 X111.3 Y114.085 E.09344
G1 X113.801 Y111.583 E.1168
G1 X111.583 Y111.583 E.07323
G1 X119.417 Y119.417 E.3658
G1 X119.417 Y117.199 E.07323
G1 X117.199 Y119.417 E.10357
G1 X114.816 Y119.417 E.07868
G1 E-3.5 F3600
;WIPE_START
G1 F7200
G1 X117.199 Y119.417 E-1.13192
G1 X117.747 Y118.869 E-.36808
;WIPE_END
G1 X111.344 Y119.856 F9000
G1 E5 F2400
;TYPE:Solid infill
;WIDTH:0.527924
G1 F900
G1 X111.372 Y119.857 E.00113
;WIDTH:0.526308
G1 X119.518 Y119.857 E.32742
;WIDTH:0.5314
G1 X119.601 Y119.845 E.00341
G1 E-3.5 F3600
;WIPE_START
G1 F7200
G1 X119.518 Y119.857 E-.03983
G1 X116.444 Y119.857 E-1.46017
;WIPE_END
G1 X119.681 Y111.252 F9000
G1 E5 F2400
;WIDTH:0.460667
G1 F900
G1 X119.734 Y111.327 E.00319
;WIDTH:0.42264
G1 X119.786 Y111.401 E.00286
;WIDTH:0.384613
G1 X119.786 Y119.518 E.23062
;WIDTH:0.421195
G1 X119.782 Y119.571 E.00167
;WIDTH:0.457777
G1 X119.779 Y119.624 E.00183
;WIDTH:0.494358
G1 X119.775 Y119.677 E.002
;WIDTH:0.5314
G1 X119.601 Y119.845 E.00982
G1 X119.844 Y119.866 E.00991
;WIDTH:0.498853
G1 X120.087 Y119.887 E.00925
;WIDTH:0.466305
G1 X120.107 Y119.702 E.00655
;WIDTH:0.425459
G1 X120.128 Y119.518 E.00589
;WIDTH:0.384613
G1 X120.128 Y111.482 E.22832
;WIDTH:0.416205
G1 X120.112 Y111.088 E.01224
;WIDTH:0.452906
G1 X119.914 Y111.106 E.00678
;WIDTH:0.489606
G1 X119.716 Y111.125 E.00739
;WIDTH:0.526306
G1 X119.518 Y111.143 E.00799
G1 X111.372 Y111.143 E.32742
;WIDTH:0.52792
G1 X111.344 Y111.144 E.00113
;LAYER_CHANGE
;Z:15.2
;HEIGHT:0.2
;BEFORE_LAYER_CHANGE
G92 E0
;15.2


G1 E-3.5 F3600
;WIPE_START
G1 F7200
G1 X111.372 Y111.143 E-.01331
G1 X114.502 Y111.143 E-1.48669
;WIPE_END
G1 Z15.2 F9000
;AFTER_LAYER_CHANGE
;15.2
G1 X110.994 Y110.994
G1 E5 F2400
;TYPE:Perimeter
;WIDTH:0.439999
G1 F900
G1 X120.006 Y110.994 E.29755
G1 X120.006 Y120.006 E.29755
G1 X110.994 Y120.006 E.29755
G1 X110.994 Y111.054 E.29557
G1 X110.597 Y110.597 F9000
G1 F900
G1 X120.403 Y110.597 E.32377
G1 X120.403 Y120.403 E.32377
G1 X110.597 Y120.403 E.32377
G1 X110.597 Y110.657 E.32179
G1 X110.21 Y110.21 F9000
;TYPE:External perimeter
;WIDTH:0.419999
G1 F900
G1 X120.79 Y110.21 E.33173
G1 X120.79 Y120.79 E.33173
G1 X110.21 Y120.79 E.33173
G1 X110.21 Y110.27 E.32985
G1 E-3.5 F3600
;WIPE_START
G1 F7200
G1 X110.21 Y110.21 E-.0285
G1 X113.308 Y110.21 E-1.4715
;WIPE_END
G1 X116.467 Y111.3 F9000
G1 E5 F2400
;TYPE:Internal infill
;WIDTH:0.44
G1 F900
G1 X114.085 Y111.3 E.07865
G1 X111.3 Y114.085 E.13004
G1 X111.3 Y111.3 E.09195
G1 X119.7 Y119.7 E.39223
G1 X119.7 Y116.915 E.09195
G1 X116.915 Y119.7 E.13004
G1 X114.085 Y119.7 E.09344
G1 X111.3 Y116.915 E.13004
G1 X111.3 Y119.7 E.09195
G1 X119.7 Y111.3 E.39223
G1 X116.915 Y111.3 E.09195
G1 X119.7 Y114.085 E.13004
G1 X119.7 Y116.467 E.07865
;LAYER_CHANGE
;Z:15.4
;HEIGHT:0.2
;BEFORE_LAYER_CHANGE
G92 E0
;15.4


G1 E-3.5 F3600
;WIPE_START
G1 F7200
G1 X119.7 Y114.085 E-1.13145
G1 X119.151 Y113.536 E-.36855
;WIPE_END
G1 Z15.4 F9000
;AFTER_LAYER_CHANGE
;15.4
G1 X119.806 Y119.806
G1 E5 F2400
;TYPE:Perimeter
;WIDTH:0.439999
G1 F900
G1 X111.194 Y119.806 E.28434
G1 X111.194 Y111.194 E.28434
G1 X119.806 Y111.194 E.28434
G1 X119.806 Y119.746 E.28236
G1 X120.203 Y120.203 F9000
G1 F900
G1 X110.797 Y120.203 E.31056
G1 X110.797 Y110.797 E.31056
G1 X120.203 Y110.797 E.31056
G1 X120.203 Y120.143 E.30858
G1 X120.59 Y120.59 F9000
;TYPE:External perimeter
;WIDTH:0.419999
G1 F900
G1 X110.41 Y120.59 E.31919
G1 X110.41 Y110.41 E.31919
G1 X120.59 Y110.41 E.31919
G1 X120.59 Y120.53 E.3173
G1 E-3.5 F3600
;WIPE_START
G1 F7200
G1 X120.59 Y120.59 E-.0285
G1 X117.492 Y120.59 E-1.4715
;WIPE_END
G1 X119.5 Y116.267 F9000
G1 E5 F2400
;TYPE:Internal infill
;WIDTH:0.44
G1 F900
G1 X119.5 Y113.885 E.07865
G1 X117.115 Y111.5 E.11136
G1 X119.5 Y111.5 E.07875
G1 X111.5 Y119.5 E.37355
G1 X111.5 Y117.115 E.07875
G1 X113.885 Y119.5 E.11136
G1 X117.115 Y119.5 E.10665
G1 X119.5 Y117.115 E.11136
G1 X119.5 Y119.5 E.07875
G1 X111.5 Y111.5 E.37355
G1 X111.5 Y113.885 E.07875
G1 X113.885 Y111.5 E.11136
G1 X116.267 Y111.5 E.07865
;LAYER_CHANGE
;Z:15.6
;HEIGHT:0.200001
;BEFORE_LAYER_CHANGE
G92 E0
;15.6


G1 E-3.5 F3600
;WIPE_START
G1 F7200
G1 X113.885 Y111.5 E-1.13145
G1 X113.336 Y112.049 E-.36855
;WIPE_END
G1 Z15.6 F9000
;AFTER_LAYER_CHANGE
;15.6
G1 X119.806 Y111.194
G1 E5 F2400
;TYPE:Perimeter
;WIDTH:0.439999
G1 F900
G1 X119.806 Y119.806 E.28434
G1 X111.194 Y119.806 E.28434
G1 X111.194 Y111.194 E.28434
G1 X119.746 Y111.194 E.28236
G1 X120.203 Y110.797 F9000
G1 F900
G1 X120.203 Y120.203 E.31056
G1 X110.797 Y120.203 E.31056
G1 X110.797 Y110.797 E.31056
G1 X120.143 Y110.797 E.30858
G1 X120.59 Y110.41 F9000
;TYPE:External perimeter
;WIDTH:0.419999
G1 F900
G1 X120.59 Y120.59 E.31919
G1 X110.41 Y120.59 E.31919
G1 X110.41 Y110.41 E.31919
G1 X120.53 Y110.41 E.3173
G1 X119.456 Y111.544 F9000
;TYPE:Solid infill
;WIDTH:0.52792
G1 F900
G1 X119.457 Y111.572 E.00113
;WIDTH:0.526308
G1 X119.457 Y119.428 E.31576
;WIDTH:0.52792
G1 X119.456 Y119.456 E.00113
G1 E-3.5 F3600
;WIPE_START
G1 F7200
G1 X119.457 Y119.428 E-.01331
G1 X119.457 Y116.298 E-1.48669
;WIPE_END
G1 X114.733 Y111.5 F9000
G1 E5 F2400
;TYPE:Internal infill
;WIDTH:0.44
G1 F900
G1 X117.115 Y111.5 E.07865
G1 X119.017 Y113.401 E.08879
G1 X119.017 Y111.983 E.04682
G1 X111.5 Y119.5 E.351
G1 X111.5 Y117.115 E.07875
G1 X113.885 Y119.5 E.11136
G1 X117.115 Y119.5 E.10665
G1 X119.017 Y117.599 E.08879
G1 X119.017 Y119.017 E.04682
G1 X111.5 Y111.5 E.351
G1 X111.5 Y113.885 E.07875
G1 X113.885 Y111.5 E.11136
G1 X111.698 Y111.5 E.07221
;LAYER_CHANGE
;Z:15.8
;HEIGHT:0.2
;BEFORE_LAYER_CHANGE
G92 E0
;15.8


G1 E-3.5 F3600
;WIPE_START
G1 F7200
G1 X113.885 Y111.5 E-1.03882
G1 X113.198 Y112.186 E-.46118
;WIPE_END
G1 Z15.8 F9000
;AFTER_LAYER_CHANGE
;15.8
G1 X111.394 Y111.394
G1 E5 F2400
;TYPE:Perimeter
;WIDTH:0.439999
G1 F900
G1 X119.606 Y111.394 E.27114
G1 X119.606 Y119.606 E.27114
G1 X111.394 Y119.606 E.27114
G1 X111.394 Y111.454 E.26916
G1 X110.997 Y110.997 F9000
G1 F900
G1 X120.003 Y110.997 E.29735
G1 X120.003 Y120.003 E.29735
G1 X110.997 Y120.003 E.29735
G1 X110.997 Y111.057 E.29537
G1 X110.61 Y110.61 F9000
;TYPE:External perimeter
;WIDTH:0.419999
G1 F900
G1 X120.39 Y110.61 E.30664
G1 X120.39 Y120.39 E.30664
G1 X110.61 Y120.39 E.30664
G1 X110.61 Y110.67 E.30476
G1 E-3.5 F3600
;WIPE_START
G1 F7200
G1 X110.61 Y110.61 E-.0285
G1 X113.708 Y110.61 E-1.4715
;WIPE_END
G1 X116.067 Y111.7 F9000
G1 E5 F2400
;TYPE:Internal infill
;WIDTH:0.44
G1 F900
G1 X113.685 Y111.7 E.07865
G1 X111.7 Y113.685 E.09269
G1 X111.7 Y111.7 E.06554
G1 X119.3 Y119.3 E.35487
G1 X119.3 Y117.315 E.06554
G1 X117.315 Y119.3 E.09269
G1 X113.685 Y119.3 E.11985
G1 X111.7 Y117.315 E.09269
G1 X111.7 Y119.3 E.06554
G1 X119.3 Y111.7 E.35487
G1 X117.315 Y111.7 E.06554
G1 X119.3 Y113.685 E.09269
G1 X119.3 Y116.067 E.07865
;LAYER_CHANGE
;Z:16
;HEIGHT:0.2
;BEFORE_LAYER_CHANGE
G92 E0
;16


G1 E-3.5 F3600
;WIPE_START
G1 F7200
G1 X119.3 Y113.685 E-1.13145
G1 X118.751 Y113.136 E-.36855
;WIPE_END
G1 Z16 F9000
;AFTER_LAYER_CHANGE
;16
G1 X119.406 Y119.606
G1 E5 F2400
;TYPE:Perimeter
;WIDTH:0.439999
G1 F900
G1 X111.194 Y119.606 E.27114
G1 X111.194 Y111.394 E.27114
G1 X119.406 Y111.394 E.27114
G1 X119.406 Y119.546 E.26916
G1 X119.803 Y120.003 F9000
G1 F900
G1 X110.797 Y120.003 E.29735
G1 X110.797 Y110.997 E.29735
G1 X119.803 Y110.997 E.29735
G1 X119.803 Y119.943 E.29537
G1 X120.19 Y120.39 F9000
;TYPE:External perimeter
;WIDTH:0.419999
G1 F900
G1 X110.41 Y120.39 E.30664
G1 X110.41 Y110.61 E.30664
G1 X120.19 Y110.61 E.30664
G1 X120.19 Y120.33 E.30476
G1 E-3.5 F3600
;WIPE_START
G1 F7200
G1 X120.19 Y120.39 E-.0285
G1 X117.092 Y120.39 E-1.4715
;WIPE_END
G1 X115.584 Y118.817 F9000
G1 E5 F2400
;TYPE:Internal infill
;WIDTH:0.44
G1 F900
G1 X113.201 Y118.817 E.07868
G1 X112.183 Y117.799 E.04753
G1 X112.183 Y118.817 E.03361
G1 X118.817 Y112.183 E.30976
G1 X117.799 Y112.183 E.03361
G1 X119.1 Y113.485 E.06077
G1 X119.1 Y117.515 E.13306
G1 X117.799 Y118.817 E.06077
G1 X118.817 Y118.817 E.03361
G1 X112.183 Y112.183 E.30976
G1 X113.201 Y112.183 E.03361
G1 X112.183 Y113.201 E.04753
G1 X112.183 Y115.584 E.07868
G1 E-3.5 F3600
;WIPE_START
G1 F7200
G1 X112.183 Y113.201 E-1.13192
G1 X112.731 Y112.653 E-.36808
;WIPE_END
G1 X111.801 Y111.738 F9000
G1 E5 F2400
;TYPE:Solid infill
;WIDTH:0.504881
G1 F900
G1 X111.513 Y111.713 E.0111
;WIDTH:0.466305
G1 X111.493 Y111.898 E.00655
;WIDTH:0.42546
G1 X111.472 Y112.082 E.00589
;WIDTH:0.384614
G1 X111.472 Y118.918 E.19422
;WIDTH:0.416205
G1 X111.488 Y119.312 E.01224
;WIDTH:0.452906
G1 X111.686 Y119.294 E.00678
;WIDTH:0.489607
G1 X111.884 Y119.275 E.00739
;WIDTH:0.526308
G1 X112.082 Y119.257 E.00799
G1 X112.007 Y119.212 E.00352
;WIDTH:0.498166
G1 X111.931 Y119.166 E.00336
;WIDTH:0.470024
G1 X111.873 Y119.056 E.00442
;WIDTH:0.427319
G1 X111.814 Y118.945 E.00402
;WIDTH:0.384614
G1 X111.814 Y112.082 E.19499
;WIDTH:0.421196
G1 X111.818 Y112.029 E.00167
;WIDTH:0.457778
G1 X111.821 Y111.976 E.00183
;WIDTH:0.494359
G1 X111.825 Y111.923 E.002
;WIDTH:0.531398
G1 X111.999 Y111.755 E.00982
G1 X112.082 Y111.743 E.00341
;WIDTH:0.52631
G1 X119.028 Y111.743 E.27919
;WIDTH:0.527922
G1 X119.056 Y111.744 E.00113
G1 E-3.5 F3600
;WIPE_START
G1 F7200
G1 X119.028 Y111.743 E-.01331
G1 X115.898 Y111.743 E-1.48669
;WIPE_END
G1 X119.056 Y119.256 F9000
G1 E5 F2400
;WIDTH:0.527918
G1 F900
G1 X119.028 Y119.257 E.00113
;WIDTH:0.526308
G1 X112.082 Y119.257 E.27919
;LAYER_CHANGE
;Z:16.2
;HEIGHT:0.200001
;BEFORE_LAYER_CHANGE
G92 E0
;16.2


G1 E-3.5 F3600
;WIPE_START
G1 F7200
G1 X115.24 Y119.257 E-1.5
;WIPE_END
G1 Z16.2 F9000
;AFTER_LAYER_CHANGE
;16.2
G1 X111.594 Y119.406
G1 E5 F2400
;TYPE:Perimeter
;WIDTH:0.439999
G1 F900
G1 X111.594 Y111.594 E.25793
G1 X119.406 Y111.594 E.25793
G1 X119.406 Y119.406 E.25793
G1 X111.654 Y119.406 E.25595
G1 X111.197 Y119.803 F9000
G1 F900
G1 X111.197 Y111.197 E.28415
G1 X119.803 Y111.197 E.28415
G1 X119.803 Y119.803 E.28415
G1 X111.257 Y119.803 E.28217
G1 X110.81 Y120.19 F9000
;TYPE:External perimeter
;WIDTH:0.419999
G1 F900
G1 X110.81 Y110.81 E.2941
G1 X120.19 Y110.81 E.2941
G1 X120.19 Y120.19 E.2941
G1 X110.87 Y120.19 E.29222
G1 X111.944 Y119.056 F9000
;TYPE:Solid infill
;WIDTH:0.527922
G1 F900
G1 X111.943 Y119.028 E.00113
;WIDTH:0.526306
G1 X111.943 Y111.972 E.28361
;WIDTH:0.52792
G1 X111.944 Y111.944 E.00113
G1 E-3.5 F3600
;WIPE_START
G1 F7200
G1 X111.943 Y111.972 E-.01331
G1 X111.943 Y115.102 E-1.48669
;WIPE_END
G1 X115.867 Y111.9 F9000
G1 E5 F2400
;TYPE:Internal infill
;WIDTH:0.44
G1 F900
G1 X113.485 Y111.9 E.07865
G1 X112.383 Y113.001 E.05143
G1 X112.383 Y112.383 E.0204
G1 X119.1 Y119.1 E.31364
G1 X117.515 Y119.1 E.05233
G1 X119.1 Y117.515 E.07401
G1 X119.1 Y113.485 E.13306
G1 X117.515 Y111.9 E.07401
G1 X119.1 Y111.9 E.05233
G1 X112.383 Y118.617 E.31364
G1 X112.383 Y117.999 E.0204
G1 X113.485 Y119.1 E.05143
G1 X115.867 Y119.1 E.07865
;LAYER_CHANGE
;Z:16.4
;HEIGHT:0.199999
;BEFORE_LAYER_CHANGE
G92 E0
;16.4


G1 E-3.5 F3600
;WIPE_START
G1 F7200
G1 X113.485 Y119.1 E-1.13145
G1 X112.936 Y118.552 E-.36855
;WIPE_END
G1 Z16.4 F9000
;AFTER_LAYER_CHANGE
;16.4
G1 X119.206 Y119.206
G1 E5 F2400
;TYPE:Perimeter
;WIDTH:0.439999
G1 F900
G1 X111.794 Y119.206 E.24472
G1 X111.794 Y111.794 E.24472
G1 X119.206 Y111.794 E.24472
G1 X119.206 Y119.146 E.24274
G1 X119.603 Y119.603 F9000
G1 F900
G1 X111.397 Y119.603 E.27094
G1 X111.397 Y111.397 E.27094
G1 X119.603 Y111.397 E.27094
G1 X119.603 Y119.543 E.26896
G1 X119.99 Y119.99 F9000
;TYPE:External perimeter
;WIDTH:0.419999
G1 F900
G1 X111.01 Y119.99 E.28156
G1 X111.01 Y111.01 E.28156
G1 X119.99 Y111.01 E.28156
G1 X119.99 Y119.93 E.27968
G1 E-3.5 F3600
;WIPE_START
G1 F7200
G1 X119.99 Y119.99 E-.0285
G1 X116.892 Y119.99 E-1.4715
;WIPE_END
G1 X115.667 Y118.9 F9000
G1 E5 F2400
;TYPE:Internal infill
;WIDTH:0.44
G1 F900
G1 X113.285 Y118.9 E.07865
G1 X112.1 Y117.715 E.05533
G1 X112.1 Y118.9 E.03913
G1 X118.9 Y112.1 E.31752
G1 X117.715 Y112.1 E.03913
G1 X118.9 Y113.285 E.05533
G1 X118.9 Y117.715 E.14627
G1 X117.715 Y118.9 E.05533
G1 X118.9 Y118.9 E.03913
G1 X112.1 Y112.1 E.31752
G1 X112.1 Y113.285 E.03913
G1 X113.285 Y112.1 E.05533
G1 X115.667 Y112.1 E.07865
;LAYER_CHANGE
;Z:16.6
;HEIGHT:0.200001
;BEFORE_LAYER_CHANGE
G92 E0
;16.6


G1 E-3.5 F3600
;WIPE_START
G1 F7200
G1 X113.285 Y112.1 E-1.13145
G1 X112.736 Y112.648 E-.36855
;WIPE_END
G1 Z16.6 F9000
;AFTER_LAYER_CHANGE
;16.6
G1 X111.994 Y111.794
G1 E5 F2400
;TYPE:Perimeter
;WIDTH:0.439999
G1 F900
G1 X119.406 Y111.794 E.24472
G1 X119.406 Y119.206 E.24472
G1 X111.994 Y119.206 E.24472
G1 X111.994 Y111.854 E.24274
G1 X111.597 Y111.397 F9000
G1 F900
G1 X119.803 Y111.397 E.27094
G1 X119.803 Y119.603 E.27094
G1 X111.597 Y119.603 E.27094
G1 X111.597 Y111.457 E.26896
G1 X111.21 Y111.01 F9000
;TYPE:External perimeter
;WIDTH:0.419999
G1 F900
G1 X120.19 Y111.01 E.28156
G1 X120.19 Y119.99 E.28156
G1 X111.21 Y119.99 E.28156
G1 X111.21 Y111.07 E.27968
G1 E-3.5 F3600
;WIPE_START
G1 F7200
G1 X111.21 Y111.01 E-.0285
G1 X114.308 Y111.01 E-1.4715
;WIPE_END
G1 X115.333 Y112.1 F9000
G1 E5 F2400
;TYPE:Internal infill
;WIDTH:0.44
G1 F900
G1 X117.715 Y112.1 E.07865
G1 X118.417 Y112.801 E.03276
G1 X118.417 Y112.583 E.0072
G1 X112.3 Y118.7 E.28562
G1 X112.3 Y117.915 E.02592
G1 X113.285 Y118.9 E.04599
G1 X117.715 Y118.9 E.14627
G1 X118.417 Y118.199 E.03276
G1 X118.417 Y118.417 E.0072
G1 X112.3 Y112.3 E.28562
G1 X112.3 Y113.085 E.02592
G1 X113.285 Y112.1 E.04599
G1 X115.333 Y112.1 E.06762
G1 E-3.5 F3600
;WIPE_START
G1 F7200
G1 X113.285 Y112.1 E-.9728
G1 X112.5 Y112.884 E-.5272
;WIPE_END
G1 X118.786 Y112.243 F9000
G1 E5 F2400
;TYPE:Solid infill
;WIDTH:0.384612
G1 F900
G1 X118.762 Y112.076 E.00479
G1 X119.128 Y112.072 E.0104
G1 X119.128 Y118.928 E.19479
G1 X118.772 Y118.928 E.01011
G1 X118.786 Y118.828 E.00287
G1 X118.786 Y112.442 E.18144
;LAYER_CHANGE
;Z:16.8
;HEIGHT:0.199999
;BEFORE_LAYER_CHANGE
G92 E0
;16.8


G1 E-3.5 F3600
;WIPE_START
G1 F7200
G1 X118.786 Y115.6 E-1.5
;WIPE_END
G1 Z16.8 F9000
;AFTER_LAYER_CHANGE
;16.8
G1 X119.006 Y111.994
G1 E5 F2400
;TYPE:Perimeter
;WIDTH:0.439999
G1 F900
G1 X119.006 Y119.006 E.23152
G1 X111.994 Y119.006 E.23152
G1 X111.994 Y111.994 E.23152
G1 X118.946 Y111.994 E.22954
G1 X119.403 Y111.597 F9000
G1 F900
G1 X119.403 Y119.403 E.25773
G1 X111.597 Y119.403 E.25773
G1 X111.597 Y111.597 E.25773
G1 X119.343 Y111.597 E.25575
G1 X119.79 Y111.21 F9000
;TYPE:External perimeter
;WIDTH:0.419999
G1 F900
G1 X119.79 Y119.79 E.26902
G1 X111.21 Y119.79 E.26902
G1 X111.21 Y111.21 E.26902
G1 X119.73 Y111.21 E.26714
G1 E-3.5 F3600
;WIPE_START
G1 F7200
G1 X119.79 Y111.21 E-.0285
G1 X119.79 Y114.308 E-1.4715
;WIPE_END
G1 X112.3 Y115.467 F9000
G1 E5 F2400
;TYPE:Internal infill
;WIDTH:0.44
G1 F900
G1 X112.3 Y113.085 E.07865
G1 X113.085 Y112.3 E.03665
G1 X112.3 Y112.3 E.02592
G1 X118.7 Y118.7 E.29884
G1 X117.915 Y118.7 E.02592
G1 X118.7 Y117.915 E.03665
G1 X118.7 Y113.085 E.15947
G1 X117.915 Y112.3 E.03665
G1 X118.7 Y112.3 E.02592
G1 X112.3 Y118.7 E.29884
G1 X112.3 Y117.915 E.02592
G1 X113.085 Y118.7 E.03665
G1 X115.467 Y118.7 E.07865
;LAYER_CHANGE
;Z:17
;HEIGHT:0.200001
;BEFORE_LAYER_CHANGE
G92 E0
;17


G1 E-3.5 F3600
;WIPE_START
G1 F7200
G1 X113.085 Y118.7 E-1.13145
G1 X112.536 Y118.152 E-.36855
;WIPE_END
G1 Z17 F9000
;AFTER_LAYER_CHANGE
;17
G1 X118.806 Y119.006
G1 E5 F2400
;TYPE:Perimeter
;WIDTH:0.439999
G1 F900
G1 X111.794 Y119.006 E.23152
G1 X111.794 Y111.994 E.23152
G1 X118.806 Y111.994 E.23152
G1 X118.806 Y118.946 E.22954
G1 X119.203 Y119.403 F9000
G1 F900
G1 X111.397 Y119.403 E.25773
G1 X111.397 Y111.597 E.25773
G1 X119.203 Y111.597 E.25773
G1 X119.203 Y119.343 E.25575
G1 X119.59 Y119.79 F9000
;TYPE:External perimeter
;WIDTH:0.419999
G1 F900
G1 X111.01 Y119.79 E.26902
G1 X111.01 Y111.21 E.26902
G1 X119.59 Y111.21 E.26902
G1 X119.59 Y119.73 E.26714
G1 E-3.5 F3600
;WIPE_START
G1 F7200
G1 X119.59 Y119.79 E-.0285
G1 X116.492 Y119.79 E-1.4715
;WIPE_END
G1 X118.5 Y116.086 F9000
G1 E5 F2400
;TYPE:Internal infill
;WIDTH:0.44
G1 F900
G1 X118.5 Y118.148 E.06808
G1 X118.382 Y118.217 E.00451
G1 X118.217 Y118.217 E.00545
G1 X112.783 Y112.783 E.25373
G1 X112.783 Y118.217 E.17942
G1 X118.217 Y112.783 E.25373
G1 X115.834 Y112.783 E.07868
G1 E-3.5 F3600
;WIPE_START
G1 F7200
G1 X118.217 Y112.783 E-1.13192
G1 X117.669 Y113.331 E-.36808
;WIPE_END
G1 X112.072 Y118.318 F9000
G1 E5 F2400
;TYPE:Solid infill
;WIDTH:0.384613
G1 F900
G1 X112.072 Y112.682 E.16013
;WIDTH:0.425461
G1 X112.093 Y112.498 E.00589
;WIDTH:0.466308
G1 X112.113 Y112.313 E.00655
;WIDTH:0.498852
G1 X112.356 Y112.334 E.00925
;WIDTH:0.531396
G1 X112.599 Y112.355 E.00991
G1 X112.425 Y112.523 E.00982
;WIDTH:0.49436
G1 X112.421 Y112.576 E.002
;WIDTH:0.457778
G1 X112.418 Y112.629 E.00183
;WIDTH:0.421196
G1 X112.414 Y112.682 E.00167
;WIDTH:0.384613
G1 X112.414 Y118.345 E.1609
;WIDTH:0.427318
G1 X112.473 Y118.456 E.00402
;WIDTH:0.470023
G1 X112.531 Y118.566 E.00442
;WIDTH:0.498165
G1 X112.607 Y118.612 E.00336
;WIDTH:0.526306
G1 X112.682 Y118.657 E.00352
G1 X112.484 Y118.675 E.00799
;WIDTH:0.489606
G1 X112.286 Y118.694 E.00739
;WIDTH:0.452906
G1 X112.088 Y118.712 E.00678
;WIDTH:0.416205
G1 X112.08 Y118.516 E.00609
;WIDTH:0.439999
G1 X112.682 Y118.657 E.02041
;WIDTH:0.526306
G1 X118.428 Y118.657 E.23095
;WIDTH:0.527922
G1 X118.456 Y118.656 E.00113
G1 E-3.5 F3600
;WIPE_START
G1 F7200
G1 X118.428 Y118.657 E-.01331
G1 X115.298 Y118.657 E-1.48669
;WIPE_END
G1 X118.456 Y112.344 F9000
G1 E5 F2400
;WIDTH:0.52792
G1 F900
G1 X118.428 Y112.343 E.00113
;WIDTH:0.526306
G1 X112.682 Y112.343 E.23095
;WIDTH:0.531396
G1 X112.599 Y112.355 E.00341
;LAYER_CHANGE
;Z:17.2
;HEIGHT:0.200001
;BEFORE_LAYER_CHANGE
G92 E0
;17.2


G1 E-3.5 F3600
;WIPE_START
G1 F7200
G1 X112.682 Y112.343 E-.03983
G1 X115.756 Y112.343 E-1.46017
;WIPE_END
G1 Z17.2 F9000
;AFTER_LAYER_CHANGE
;17.2
G1 X112.194 Y112.194
G1 E5 F2400
;TYPE:Perimeter
;WIDTH:0.439999
G1 F900
G1 X118.806 Y112.194 E.21831
G1 X118.806 Y118.806 E.21831
G1 X112.194 Y118.806 E.21831
G1 X112.194 Y112.254 E.21633
G1 X111.797 Y111.797 F9000
G1 F900
G1 X119.203 Y111.797 E.24453
G1 X119.203 Y119.203 E.24453
G1 X111.797 Y119.203 E.24453
G1 X111.797 Y111.857 E.24254
G1 X111.41 Y111.41 F9000
;TYPE:External perimeter
;WIDTH:0.419999
G1 F900
G1 X119.59 Y111.41 E.25648
G1 X119.59 Y119.59 E.25648
G1 X111.41 Y119.59 E.25648
G1 X111.41 Y111.47 E.2546
G1 X112.544 Y112.544 F9000
;TYPE:Solid infill
;WIDTH:0.527922
G1 F900
G1 X112.543 Y112.572 E.00113
;WIDTH:0.526308
G1 X112.543 Y118.428 E.23538
;WIDTH:0.527922
G1 X112.544 Y118.456 E.00113
G1 E-3.5 F3600
;WIPE_START
G1 F7200
G1 X112.543 Y118.428 E-.01331
G1 X112.543 Y115.298 E-1.48669
;WIPE_END
G1 X118.5 Y115.733 F9000
G1 E5 F2400
;TYPE:Internal infill
;WIDTH:0.44
G1 F900
G1 X118.5 Y118.115 E.07865
G1 X118.115 Y118.5 E.01798
G1 X118.5 Y118.5 E.01271
G1 X112.983 Y112.983 E.25761
G1 X112.983 Y118.017 E.16621
G1 X118.5 Y112.5 E.25761
G1 X118.115 Y112.5 E.01271
G1 X118.5 Y112.885 E.01798
G1 X118.5 Y115.267 E.07865
;LAYER_CHANGE
;Z:17.4
;HEIGHT:0.199999
;BEFORE_LAYER_CHANGE
G92 E0
;17.4


G1 E-3.5 F3600
;WIPE_START
G1 F7200
G1 X118.5 Y112.885 E-1.13145
G1 X118.115 Y112.5 E-.25862
G1 X118.346 Y112.5 E-.10993
;WIPE_END
G1 Z17.4 F9000
;AFTER_LAYER_CHANGE
;17.4
G1 X118.606 Y112.394
G1 E5 F2400
;TYPE:Perimeter
;WIDTH:0.439999
G1 F900
G1 X118.606 Y118.606 E.2051
G1 X112.394 Y118.606 E.2051
G1 X112.394 Y112.394 E.2051
G1 X118.546 Y112.394 E.20312
G1 X119.003 Y111.997 F9000
G1 F900
G1 X119.003 Y119.003 E.23132
G1 X111.997 Y119.003 E.23132
G1 X111.997 Y111.997 E.23132
G1 X118.943 Y111.997 E.22934
G1 X119.39 Y111.61 F9000
;TYPE:External perimeter
;WIDTH:0.419999
G1 F900
G1 X119.39 Y119.39 E.24394
G1 X111.61 Y119.39 E.24394
G1 X111.61 Y111.61 E.24394
G1 X119.33 Y111.61 E.24205
G1 E-3.5 F3600
;WIPE_START
G1 F7200
G1 X119.39 Y111.61 E-.0285
G1 X119.39 Y114.708 E-1.4715
;WIPE_END
G1 X118.3 Y115.082 F9000
G1 E5 F2400
;TYPE:Internal infill
;WIDTH:0.44
G1 F900
G1 X118.3 Y112.7 E.07865
G1 X112.7 Y118.3 E.26148
G1 X112.7 Y112.7 E.1849
G1 X118.3 Y118.3 E.26148
G1 X115.918 Y118.3 E.07865
;LAYER_CHANGE
;Z:17.6
;HEIGHT:0.200001
;BEFORE_LAYER_CHANGE
G92 E0
;17.6


G1 E-3.5 F3600
;WIPE_START
G1 F7200
G1 X118.3 Y118.3 E-1.13145
G1 X117.751 Y117.751 E-.36855
;WIPE_END
G1 Z17.6 F9000
;AFTER_LAYER_CHANGE
;17.6
G1 X118.806 Y118.606
G1 E5 F2400
;TYPE:Perimeter
;WIDTH:0.439999
G1 F900
G1 X112.594 Y118.606 E.2051
G1 X112.594 Y112.394 E.2051
G1 X118.806 Y112.394 E.2051
G1 X118.806 Y118.546 E.20312
G1 X119.203 Y119.003 F9000
G1 F900
G1 X112.197 Y119.003 E.23132
G1 X112.197 Y111.997 E.23132
G1 X119.203 Y111.997 E.23132
G1 X119.203 Y118.943 E.22934
G1 X119.59 Y119.39 F9000
;TYPE:External perimeter
;WIDTH:0.419999
G1 F900
G1 X111.81 Y119.39 E.24394
G1 X111.81 Y111.61 E.24394
G1 X119.59 Y111.61 E.24394
G1 X119.59 Y119.33 E.24205
G1 E-3.5 F3600
;WIPE_START
G1 F7200
G1 X119.59 Y119.39 E-.0285
G1 X116.492 Y119.39 E-1.4715
;WIPE_END
G1 X115.082 Y118.3 F9000
G1 E5 F2400
;TYPE:Internal infill
;WIDTH:0.44
G1 F900
G1 X112.9 Y118.3 E.07204
G1 X112.9 Y118.1 E.0066
G1 X117.817 Y113.183 E.22959
G1 X117.817 Y117.817 E.153
G1 X112.9 Y112.9 E.22959
G1 X112.9 Y112.7 E.0066
G1 X115.082 Y112.7 E.07204
G1 E-3.5 F3600
;WIPE_START
G1 F7200
G1 X112.9 Y112.7 E-1.03645
G1 X112.9 Y112.9 E-.095
G1 X113.449 Y113.449 E-.36855
;WIPE_END
G1 X118.528 Y112.672 F9000
G1 E5 F2400
;TYPE:Solid infill
;WIDTH:0.384613
G1 F900
G1 X118.528 Y118.328 E.1607
G1 X118.172 Y118.328 E.01011
G1 X118.186 Y118.157 E.00487
G1 X118.186 Y112.686 E.15544
G1 X118.329 Y112.68 E.00407
;LAYER_CHANGE
;Z:17.8
;HEIGHT:0.199999
;BEFORE_LAYER_CHANGE
G92 E0
;17.8


G1 E-3.5 F3600
;WIPE_START
G1 F7200
G1 X118.186 Y112.686 E-.06798
G1 X118.186 Y115.701 E-1.43202
;WIPE_END
G1 Z17.8 F9000
;AFTER_LAYER_CHANGE
;17.8
G1 X118.406 Y112.594
G1 E5 F2400
;TYPE:Perimeter
;WIDTH:0.439999
G1 F900
G1 X118.406 Y118.406 E.1919
G1 X112.594 Y118.406 E.1919
G1 X112.594 Y112.594 E.1919
G1 X118.346 Y112.594 E.18992
G1 X118.803 Y112.197 F9000
G1 F900
G1 X118.803 Y118.803 E.21811
G1 X112.197 Y118.803 E.21811
G1 X112.197 Y112.197 E.21811
G1 X118.743 Y112.197 E.21613
G1 X119.19 Y111.81 F9000
;TYPE:External perimeter
;WIDTH:0.419999
G1 F900
G1 X119.19 Y119.19 E.23139
G1 X111.81 Y119.19 E.23139
G1 X111.81 Y111.81 E.23139
G1 X119.13 Y111.81 E.22951
G1 E-3.5 F3600
;WIPE_START
G1 F7200
G1 X119.19 Y111.81 E-.0285
G1 X119.19 Y114.908 E-1.4715
;WIPE_END
G1 X115.718 Y112.9 F9000
G1 E5 F2400
;TYPE:Internal infill
;WIDTH:0.44
G1 F900
G1 X118.1 Y112.9 E.07865
G1 X112.9 Y118.1 E.24281
G1 X112.9 Y112.9 E.17169
G1 X118.1 Y118.1 E.24281
G1 X118.1 Y115.718 E.07865
;LAYER_CHANGE
;Z:18
;HEIGHT:0.200001
;BEFORE_LAYER_CHANGE
G92 E0
;18


G1 E-3.5 F3600
;WIPE_START
G1 F7200
G1 X118.1 Y118.1 E-1.13145
G1 X117.551 Y117.551 E-.36855
;WIPE_END
G1 Z18 F9000
;AFTER_LAYER_CHANGE
;18
G1 X118.206 Y118.406
G1 E5 F2400
;TYPE:Perimeter
;WIDTH:0.439999
G1 F900
G1 X112.394 Y118.406 E.1919
G1 X112.394 Y112.594 E.1919
G1 X118.206 Y112.594 E.1919
G1 X118.206 Y118.346 E.18992
G1 X118.603 Y118.803 F9000
G1 F900
G1 X111.997 Y118.803 E.21811
G1 X111.997 Y112.197 E.21811
G1 X118.603 Y112.197 E.21811
G1 X118.603 Y118.743 E.21613
G1 X118.99 Y119.19 F9000
;TYPE:External perimeter
;WIDTH:0.419999
G1 F900
G1 X111.61 Y119.19 E.23139
G1 X111.61 Y111.81 E.23139
G1 X118.99 Y111.81 E.23139
G1 X118.99 Y119.13 E.22951
G1 E-3.5 F3600
;WIPE_START
G1 F7200
G1 X118.99 Y119.19 E-.0285
G1 X115.892 Y119.19 E-1.4715
;WIPE_END
G1 X117.9 Y115.486 F9000
G1 E5 F2400
;TYPE:Internal infill
;WIDTH:0.44
G1 F900
G1 X117.9 Y117.548 E.06808
G1 X117.782 Y117.617 E.00451
G1 X117.617 Y117.617 E.00545
G1 X113.383 Y113.383 E.1977
G1 X113.383 Y117.617 E.1398
G1 X117.617 Y113.383 E.1977
G1 X115.234 Y113.383 E.07868
G1 E-3.5 F3600
;WIPE_START
G1 F7200
G1 X117.617 Y113.383 E-1.13192
G1 X117.069 Y113.931 E-.36808
;WIPE_END
G1 X113.001 Y112.938 F9000
G1 E5 F2400
;TYPE:Solid infill
;WIDTH:0.50488
G1 F900
G1 X112.713 Y112.913 E.0111
;WIDTH:0.466306
G1 X112.693 Y113.098 E.00655
;WIDTH:0.42546
G1 X112.672 Y113.282 E.00589
;WIDTH:0.384614
G1 X112.672 Y117.718 E.12604
;WIDTH:0.416205
G1 X112.688 Y118.112 E.01224
;WIDTH:0.452906
G1 X112.886 Y118.094 E.00678
;WIDTH:0.489607
G1 X113.084 Y118.075 E.00739
;WIDTH:0.526308
G1 X113.282 Y118.057 E.00799
G1 X113.207 Y118.012 E.00352
;WIDTH:0.498166
G1 X113.131 Y117.966 E.00336
;WIDTH:0.470024
G1 X113.073 Y117.856 E.00442
;WIDTH:0.427319
G1 X113.014 Y117.745 E.00402
;WIDTH:0.384614
G1 X113.014 Y113.282 E.1268
;WIDTH:0.421196
G1 X113.018 Y113.229 E.00167
;WIDTH:0.457778
G1 X113.021 Y113.176 E.00183
;WIDTH:0.49436
G1 X113.025 Y113.123 E.002
;WIDTH:0.531396
G1 X113.199 Y112.955 E.00982
G1 X113.282 Y112.943 E.00341
;WIDTH:0.526308
G1 X117.828 Y112.943 E.18272
;WIDTH:0.527922
G1 X117.856 Y112.944 E.00113
G1 E-3.5 F3600
;WIPE_START
G1 F7200
G1 X117.828 Y112.943 E-.01331
G1 X114.698 Y112.943 E-1.48669
;WIPE_END
G1 X117.856 Y118.056 F9000
G1 E5 F2400
;WIDTH:0.52792
G1 F900
G1 X117.828 Y118.057 E.00113
;WIDTH:0.526308
G1 X113.282 Y118.057 E.18272
;LAYER_CHANGE
;Z:18.2
;HEIGHT:0.200001
;BEFORE_LAYER_CHANGE
G92 E0
;18.2


G1 E-3.5 F3600
;WIPE_START
G1 F7200
G1 X116.44 Y118.057 E-1.5
;WIPE_END
G1 Z18.2 F9000
;AFTER_LAYER_CHANGE
;18.2
G1 X112.794 Y118.206
G1 E5 F2400
;TYPE:Perimeter
;WIDTH:0.439999
G1 F900
G1 X112.794 Y112.794 E.17869
G1 X118.206 Y112.794 E.17869
G1 X118.206 Y118.206 E.17869
G1 X112.854 Y118.206 E.17671
G1 X112.397 Y118.603 F9000
G1 F900
G1 X112.397 Y112.397 E.20491
G1 X118.603 Y112.397 E.20491
G1 X118.603 Y118.603 E.20491
G1 X112.457 Y118.603 E.20292
G1 X112.01 Y118.99 F9000
;TYPE:External perimeter
;WIDTH:0.419999
G1 F900
G1 X112.01 Y112.01 E.21885
G1 X118.99 Y112.01 E.21885
G1 X118.99 Y118.99 E.21885
G1 X112.07 Y118.99 E.21697
G1 E-3.5 F3600
;WIPE_START
G1 F7200
G1 X112.01 Y118.99 E-.0285
G1 X112.01 Y115.892 E-1.4715
;WIPE_END
G1 X115.518 Y117.9 F9000
G1 E5 F2400
;TYPE:Internal infill
;WIDTH:0.44
G1 F900
G1 X117.9 Y117.9 E.07865
G1 X113.1 Y113.1 E.22413
G1 X113.1 Y117.9 E.15848
G1 X117.9 Y113.1 E.22413
G1 X117.9 Y115.482 E.07865
;LAYER_CHANGE
;Z:18.4
;HEIGHT:0.199999
;BEFORE_LAYER_CHANGE
G92 E0
;18.4


G1 E-3.5 F3600
;WIPE_START
G1 F7200
G1 X117.9 Y113.1 E-1.13145
G1 X117.351 Y113.649 E-.36855
;WIPE_END
G1 Z18.4 F9000
;AFTER_LAYER_CHANGE
;18.4
G1 X118.006 Y112.994
G1 E5 F2400
;TYPE:Perimeter
;WIDTH:0.439999
G1 F900
G1 X118.006 Y118.006 E.16548
G1 X112.994 Y118.006 E.16548
G1 X112.994 Y112.994 E.16548
G1 X117.946 Y112.994 E.1635
G1 X118.403 Y112.597 F9000
G1 F900
G1 X118.403 Y118.403 E.1917
G1 X112.597 Y118.403 E.1917
G1 X112.597 Y112.597 E.1917
G1 X118.343 Y112.597 E.18972
G1 X118.79 Y112.21 F9000
;TYPE:External perimeter
;WIDTH:0.419999
G1 F900
G1 X118.79 Y118.79 E.20631
G1 X112.21 Y118.79 E.20631
G1 X112.21 Y112.21 E.20631
G1 X118.73 Y112.21 E.20443
G1 E-3.5 F3600
;WIPE_START
G1 F7200
G1 X118.79 Y112.21 E-.0285
G1 X118.79 Y115.308 E-1.4715
;WIPE_END
G1 X117.7 Y115.682 F9000
G1 E5 F2400
;TYPE:Internal infill
;WIDTH:0.44
G1 F900
G1 X117.7 Y113.3 E.07865
G1 X113.3 Y117.7 E.20545
G1 X113.3 Y113.3 E.14528
G1 X117.7 Y117.7 E.20545
G1 X115.318 Y117.7 E.07865
;LAYER_CHANGE
;Z:18.6
;HEIGHT:0.200001
;BEFORE_LAYER_CHANGE
G92 E0
;18.6


G1 E-3.5 F3600
;WIPE_START
G1 F7200
G1 X117.7 Y117.7 E-1.13145
G1 X117.151 Y117.151 E-.36855
;WIPE_END
G1 Z18.6 F9000
;AFTER_LAYER_CHANGE
;18.6
G1 X113.194 Y118.006
G1 E5 F2400
;TYPE:Perimeter
;WIDTH:0.439999
G1 F900
G1 X113.194 Y112.994 E.16548
G1 X118.206 Y112.994 E.16548
G1 X118.206 Y118.006 E.16548
G1 X113.254 Y118.006 E.1635
G1 X112.797 Y118.403 F9000
G1 F900
G1 X112.797 Y112.597 E.1917
G1 X118.603 Y112.597 E.1917
G1 X118.603 Y118.403 E.1917
G1 X112.857 Y118.403 E.18972
G1 X112.41 Y118.79 F9000
;TYPE:External perimeter
;WIDTH:0.419999
G1 F900
G1 X112.41 Y112.21 E.20631
G1 X118.99 Y112.21 E.20631
G1 X118.99 Y118.79 E.20631
G1 X112.47 Y118.79 E.20443
G1 E-3.5 F3600
;WIPE_START
G1 F7200
G1 X112.41 Y118.79 E-.0285
G1 X112.41 Y115.692 E-1.4715
;WIPE_END
G1 X115.318 Y113.3 F9000
G1 E5 F2400
;TYPE:Internal infill
;WIDTH:0.44
G1 F900
G1 X117.7 Y113.3 E.07865
G1 X113.5 Y117.5 E.19611
G1 X113.5 Y113.5 E.13207
G1 X117.7 Y117.7 E.19611
G1 X117.9 Y117.7 E.0066
G1 X117.9 Y115.518 E.07204
;LAYER_CHANGE
;Z:18.8
;HEIGHT:0.199999
;BEFORE_LAYER_CHANGE
G92 E0
;18.8


G1 E-3.5 F3600
;WIPE_START
G1 F7200
G1 X117.9 Y117.7 E-1.03645
G1 X117.7 Y117.7 E-.095
G1 X117.151 Y117.151 E-.36855
;WIPE_END
G1 Z18.8 F9000
;AFTER_LAYER_CHANGE
;18.8
G1 X117.806 Y117.806
G1 E5 F2400
;TYPE:Perimeter
;WIDTH:0.439999
G1 F900
G1 X113.194 Y117.806 E.15228
G1 X113.194 Y113.194 E.15228
G1 X117.806 Y113.194 E.15228
G1 X117.806 Y117.746 E.15029
G1 X118.203 Y118.203 F9000
G1 F900
G1 X112.797 Y118.203 E.17849
G1 X112.797 Y112.797 E.17849
G1 X118.203 Y112.797 E.17849
G1 X118.203 Y118.143 E.17651
G1 X118.59 Y118.59 F9000
;TYPE:External perimeter
;WIDTH:0.419999
G1 F900
G1 X112.41 Y118.59 E.19377
G1 X112.41 Y112.41 E.19377
G1 X118.59 Y112.41 E.19377
G1 X118.59 Y118.53 E.19189
G1 E-3.5 F3600
;WIPE_START
G1 F7200
G1 X118.59 Y118.59 E-.0285
G1 X115.492 Y118.59 E-1.4715
;WIPE_END
G1 X117.5 Y115.882 F9000
G1 E5 F2400
;TYPE:Internal infill
;WIDTH:0.44
G1 F900
G1 X117.5 Y113.5 E.07865
G1 X113.5 Y117.5 E.18677
G1 X113.5 Y113.5 E.13207
G1 X117.5 Y117.5 E.18677
G1 X115.118 Y117.5 E.07865
;LAYER_CHANGE
;Z:19
;HEIGHT:0.200001
;BEFORE_LAYER_CHANGE
G92 E0
;19


G1 E-3.5 F3600
;WIPE_START
G1 F7200
G1 X117.5 Y117.5 E-1.13145
G1 X116.951 Y116.951 E-.36855
;WIPE_END
G1 Z19 F9000
;AFTER_LAYER_CHANGE
;19
G1 X113.394 Y117.806
G1 E5 F2400
;TYPE:Perimeter
;WIDTH:0.439999
G1 F900
G1 X113.394 Y113.194 E.15228
G1 X118.006 Y113.194 E.15228
G1 X118.006 Y117.806 E.15228
G1 X113.454 Y117.806 E.15029
G1 X112.997 Y118.203 F9000
G1 F900
G1 X112.997 Y112.797 E.17849
G1 X118.403 Y112.797 E.17849
G1 X118.403 Y118.203 E.17849
G1 X113.057 Y118.203 E.17651
G1 X112.61 Y118.59 F9000
;TYPE:External perimeter
;WIDTH:0.419999
G1 F900
G1 X112.61 Y112.41 E.19377
G1 X118.79 Y112.41 E.19377
G1 X118.79 Y118.59 E.19377
G1 X112.67 Y118.59 E.19189
G1 X113.744 Y117.456 F9000
;TYPE:Solid infill
;WIDTH:0.527922
G1 F900
G1 X113.772 Y117.457 E.00113
;WIDTH:0.526308
G1 X117.118 Y117.457 E.13449
;WIDTH:0.531398
G1 X117.201 Y117.445 E.00341
G1 E-3.5 F3600
;WIPE_START
G1 F7200
G1 X117.118 Y117.457 E-.03983
G1 X114.044 Y117.457 E-1.46017
;WIPE_END
G1 X117.281 Y113.652 F9000
G1 E5 F2400
;WIDTH:0.460668
G1 F900
G1 X117.334 Y113.727 E.00319
;WIDTH:0.422641
G1 X117.386 Y113.801 E.00286
;WIDTH:0.384613
G1 X117.386 Y117.118 E.09424
;WIDTH:0.421195
G1 X117.382 Y117.171 E.00167
;WIDTH:0.457777
G1 X117.379 Y117.224 E.00183
;WIDTH:0.494359
G1 X117.375 Y117.277 E.002
;WIDTH:0.531398
G1 X117.201 Y117.445 E.00982
G1 X117.444 Y117.466 E.00991
;WIDTH:0.498852
G1 X117.687 Y117.487 E.00925
;WIDTH:0.466305
G1 X117.707 Y117.302 E.00655
;WIDTH:0.425459
G1 X117.728 Y117.118 E.00589
;WIDTH:0.384613
G1 X117.728 Y113.882 E.09194
;WIDTH:0.416205
G1 X117.712 Y113.488 E.01224
;WIDTH:0.452906
G1 X117.514 Y113.506 E.00678
;WIDTH:0.489607
G1 X117.316 Y113.525 E.00739
;WIDTH:0.526308
G1 X117.118 Y113.543 E.00799
G1 X113.772 Y113.543 E.13449
;WIDTH:0.527924
G1 X113.744 Y113.544 E.00113
G1 X113.7 Y114.886 F9000
;TYPE:Internal infill
;WIDTH:0.44
G1 F900
G1 X113.7 Y116.948 E.06808
G1 X113.818 Y117.017 E.00451
G1 X113.983 Y117.017 E.00545
G1 X117.017 Y113.983 E.14167
G1 X113.983 Y113.983 E.10017
G1 X117.017 Y117.017 E.14167
G1 X114.634 Y117.017 E.07868
;LAYER_CHANGE
;Z:19.2
;HEIGHT:0.200001
;BEFORE_LAYER_CHANGE
G92 E0
;19.2


G1 E-3.5 F3600
;WIPE_START
G1 F7200
G1 X117.017 Y117.017 E-1.13192
G1 X116.469 Y116.469 E-.36808
;WIPE_END
G1 Z19.2 F9000
;AFTER_LAYER_CHANGE
;19.2
G1 X113.394 Y117.606
G1 E5 F2400
;TYPE:Perimeter
;WIDTH:0.439999
G1 F900
G1 X113.394 Y113.394 E.13907
G1 X117.606 Y113.394 E.13907
G1 X117.606 Y117.606 E.13907
G1 X113.454 Y117.606 E.13709
G1 X112.997 Y118.003 F9000
G1 F900
G1 X112.997 Y112.997 E.16528
G1 X118.003 Y112.997 E.16528
G1 X118.003 Y118.003 E.16528
G1 X113.057 Y118.003 E.1633
G1 X112.61 Y118.39 F9000
;TYPE:External perimeter
;WIDTH:0.419999
G1 F900
G1 X112.61 Y112.61 E.18123
G1 X118.39 Y112.61 E.18123
G1 X118.39 Y118.39 E.18123
G1 X112.67 Y118.39 E.17935
G1 E-3.5 F3600
;WIPE_START
G1 F7200
G1 X112.61 Y118.39 E-.0285
G1 X112.61 Y115.292 E-1.4715
;WIPE_END
G1 X114.918 Y117.3 F9000
G1 E5 F2400
;TYPE:Internal infill
;WIDTH:0.44
G1 F900
G1 X117.3 Y117.3 E.07865
G1 X113.7 Y113.7 E.1681
G1 X113.7 Y117.3 E.11886
G1 X117.3 Y113.7 E.1681
G1 X117.3 Y116.082 E.07865
;LAYER_CHANGE
;Z:19.4
;HEIGHT:0.199999
;BEFORE_LAYER_CHANGE
G92 E0
;19.4


G1 E-3.5 F3600
;WIPE_START
G1 F7200
G1 X117.3 Y113.7 E-1.13145
G1 X116.751 Y114.249 E-.36855
;WIPE_END
G1 Z19.4 F9000
;AFTER_LAYER_CHANGE
;19.4
G1 X117.406 Y117.406
G1 E5 F2400
;TYPE:Perimeter
;WIDTH:0.439999
G1 F900
G1 X113.594 Y117.406 E.12586
G1 X113.594 Y113.594 E.12586
G1 X117.406 Y113.594 E.12586
G1 X117.406 Y117.346 E.12388
G1 X117.803 Y117.803 F9000
G1 F900
G1 X113.197 Y117.803 E.15208
G1 X113.197 Y113.197 E.15208
G1 X117.803 Y113.197 E.15208
G1 X117.803 Y117.743 E.1501
G1 X118.19 Y118.19 F9000
;TYPE:External perimeter
;WIDTH:0.419999
G1 F900
G1 X112.81 Y118.19 E.16869
G1 X112.81 Y112.81 E.16869
G1 X118.19 Y112.81 E.16869
G1 X118.19 Y118.13 E.1668
G1 E-3.5 F3600
;WIPE_START
G1 F7200
G1 X118.19 Y118.19 E-.0285
G1 X115.092 Y118.19 E-1.4715
;WIPE_END
G1 X117.1 Y116.282 F9000
G1 E5 F2400
;TYPE:Internal infill
;WIDTH:0.44
G1 F900
G1 X117.1 Y113.9 E.07865
G1 X113.9 Y117.1 E.14942
G1 X113.9 Y113.9 E.10566
G1 X117.1 Y117.1 E.14942
G1 X114.718 Y117.1 E.07865
;LAYER_CHANGE
;Z:19.6
;HEIGHT:0.200001
;BEFORE_LAYER_CHANGE
G92 E0
;19.6


G1 E-3.5 F3600
;WIPE_START
G1 F7200
G1 X117.1 Y117.1 E-1.13145
G1 X116.551 Y116.551 E-.36855
;WIPE_END
G1 Z19.6 F9000
;AFTER_LAYER_CHANGE
;19.6
G1 X113.594 Y117.406
G1 E5 F2400
;TYPE:Perimeter
;WIDTH:0.439999
G1 F900
G1 X113.594 Y113.594 E.12586
G1 X117.406 Y113.594 E.12586
G1 X117.406 Y117.406 E.12586
G1 X113.654 Y117.406 E.12388
G1 X113.197 Y117.803 F9000
G1 F900
G1 X113.197 Y113.197 E.15208
G1 X117.803 Y113.197 E.15208
G1 X117.803 Y117.803 E.15208
G1 X113.257 Y117.803 E.1501
G1 X112.81 Y118.19 F9000
;TYPE:External perimeter
;WIDTH:0.419999
G1 F900
G1 X112.81 Y112.81 E.16869
G1 X118.19 Y112.81 E.16869
G1 X118.19 Y118.19 E.16869
G1 X112.87 Y118.19 E.1668
G1 E-3.5 F3600
;WIPE_START
G1 F7200
G1 X112.81 Y118.19 E-.0285
G1 X112.81 Y115.092 E-1.4715
;WIPE_END
G1 X114.582 Y116.617 F9000
G1 E5 F2400
;TYPE:Internal infill
;WIDTH:0.44
G1 F900
G1 X116.617 Y116.617 E.06719
G1 X114.383 Y114.383 E.10431
G1 X116.617 Y114.383 E.07376
G1 X114.383 Y116.617 E.10431
G1 X114.383 Y114.582 E.06719
G1 E-3.5 F3600
;WIPE_START
G1 F7200
G1 X114.383 Y116.617 E-.96662
G1 X115.177 Y115.823 E-.53338
;WIPE_END
G1 X116.718 Y113.943 F9000
G1 E5 F2400
;TYPE:Solid infill
;WIDTH:0.573026
G1 F900
G1 X116.807 Y113.966 E.00405
;WIDTH:0.619746
G1 X116.897 Y113.99 E.00447
;WIDTH:0.666466
G1 X116.987 Y114.013 E.00482
G1 X117.01 Y114.103 E.00482
;WIDTH:0.619747
G1 X117.034 Y114.193 E.00447
;WIDTH:0.573028
G1 X117.057 Y114.282 E.00405
;WIDTH:0.526308
G1 X117.057 Y116.718 E.09791
;WIDTH:0.573028
G1 X117.034 Y116.807 E.00405
;WIDTH:0.619749
G1 X117.01 Y116.897 E.00447
;WIDTH:0.66647
G1 X116.987 Y116.987 E.00482
G1 X116.909 Y117.01 E.00422
;WIDTH:0.619749
G1 X116.831 Y117.034 E.00391
;WIDTH:0.573028
G1 X116.752 Y117.057 E.00363
;WIDTH:0.526308
G1 X114.282 Y117.057 E.09928
;WIDTH:0.573028
G1 X114.193 Y117.034 E.00405
;WIDTH:0.619748
G1 X114.103 Y117.01 E.00447
;WIDTH:0.666468
G1 X114.013 Y116.987 E.00482
G1 X113.99 Y116.897 E.00482
;WIDTH:0.619748
G1 X113.966 Y116.807 E.00447
;WIDTH:0.573027
G1 X113.943 Y116.718 E.00405
;WIDTH:0.526308
G1 X113.943 Y114.282 E.09791
;WIDTH:0.573029
G1 X113.966 Y114.193 E.00405
;WIDTH:0.61975
G1 X113.99 Y114.103 E.00447
;WIDTH:0.66647
G1 X114.013 Y114.013 E.00482
G1 X114.103 Y113.99 E.00482
;WIDTH:0.61975
G1 X114.193 Y113.966 E.00447
;WIDTH:0.573029
G1 X114.282 Y113.943 E.00405
;WIDTH:0.526308
G1 X116.519 Y113.943 E.08991
;LAYER_CHANGE
;Z:19.8
;HEIGHT:0.199999
;BEFORE_LAYER_CHANGE
G92 E0
;19.8


G1 E-3.5 F3600
;WIPE_START
G1 F7200
G1 X114.282 Y113.943 E-1.06258
G1 X114.193 Y113.966 E-.04366
G1 X114.103 Y113.99 E-.04424
G1 X114.013 Y114.013 E-.04412
G1 X113.99 Y114.103 E-.04412
G1 X113.966 Y114.193 E-.04424
G1 X113.943 Y114.282 E-.04366
G1 X113.943 Y114.647 E-.17338
;WIPE_END
G1 Z19.8 F9000
;AFTER_LAYER_CHANGE
;19.8
G1 X117.206 Y113.794
G1 E5 F2400
;TYPE:Perimeter
;WIDTH:0.439999
G1 F900
G1 X117.206 Y117.206 E.11265
G1 X113.794 Y117.206 E.11265
G1 X113.794 Y113.794 E.11265
G1 X117.146 Y113.794 E.11067
G1 X117.603 Y113.397 F9000
G1 F900
G1 X117.603 Y117.603 E.13887
G1 X113.397 Y117.603 E.13887
G1 X113.397 Y113.397 E.13887
G1 X117.543 Y113.397 E.13689
G1 X117.99 Y113.01 F9000
;TYPE:External perimeter
;WIDTH:0.419999
G1 F900
G1 X117.99 Y117.99 E.15614
G1 X113.01 Y117.99 E.15614
G1 X113.01 Y113.01 E.15614
G1 X117.93 Y113.01 E.15426
G1 E-3.5 F3600
;WIPE_START
G1 F7200
G1 X117.99 Y113.01 E-.0285
G1 X117.99 Y116.108 E-1.4715
;WIPE_END
G1 X116.9 Y116.482 F9000
G1 E5 F2400
;TYPE:Internal infill
;WIDTH:0.44
G1 F900
G1 X116.9 Y114.1 E.07865
G1 X114.1 Y116.9 E.13074
G1 X114.1 Y114.1 E.09245
G1 X116.9 Y116.9 E.13074
G1 X114.518 Y116.9 E.07865
;LAYER_CHANGE
;Z:20
;HEIGHT:0.200001
;BEFORE_LAYER_CHANGE
G92 E0
;20


G1 E-3.5 F3600
;WIPE_START
G1 F7200
G1 X116.9 Y116.9 E-1.13145
G1 X116.351 Y116.351 E-.36855
;WIPE_END
G1 Z20 F9000
;AFTER_LAYER_CHANGE
;20
G1 X113.994 Y117.006
G1 E5 F2400
;TYPE:Perimeter
;WIDTH:0.439999
G1 F900
G1 X113.994 Y113.994 E.09945
G1 X117.006 Y113.994 E.09945
G1 X117.006 Y117.006 E.09945
G1 X114.054 Y117.006 E.09747
G1 X113.597 Y117.403 F9000
G1 F900
G1 X113.597 Y113.597 E.12566
G1 X117.403 Y113.597 E.12566
G1 X117.403 Y117.403 E.12566
G1 X113.657 Y117.403 E.12368
G1 X113.21 Y117.79 F9000
;TYPE:External perimeter
;WIDTH:0.419999
G1 F900
G1 X113.21 Y113.21 E.1436
G1 X117.79 Y113.21 E.1436
G1 X117.79 Y117.79 E.1436
G1 X113.27 Y117.79 E.14172
G1 X114.498 Y116.7 F9000
;TYPE:Internal infill
;WIDTH:0.44
G1 F900
G1 X116.7 Y116.7 E.0727
G1 X114.3 Y114.3 E.11206
G1 X116.7 Y114.3 E.07924
G1 X114.3 Y116.7 E.11206
G1 X114.3 Y114.498 E.0727
;LAYER_CHANGE
;Z:20.2
;HEIGHT:0.200001
;BEFORE_LAYER_CHANGE
G92 E0
;20.2


G1 E-3.5 F3600
;WIPE_START
G1 F7200
G1 X114.3 Y116.7 E-1.04595
G1 X114.976 Y116.024 E-.45405
;WIPE_END
G1 Z20.2 F9000
;AFTER_LAYER_CHANGE
;20.2
G1 X113.794 Y113.994
G1 E5 F2400
;TYPE:Perimeter
;WIDTH:0.439999
G1 F900
G1 X116.806 Y113.994 E.09945
G1 X116.806 Y117.006 E.09945
G1 X113.794 Y117.006 E.09945
G1 X113.794 Y114.054 E.09747
G1 X113.397 Y113.597 F9000
G1 F900
G1 X117.203 Y113.597 E.12566
G1 X117.203 Y117.403 E.12566
G1 X113.397 Y117.403 E.12566
G1 X113.397 Y113.657 E.12368
G1 X113.01 Y113.21 F9000
;TYPE:External perimeter
;WIDTH:0.419999
G1 F900
G1 X117.59 Y113.21 E.1436
G1 X117.59 Y117.79 E.1436
G1 X113.01 Y117.79 E.1436
G1 X113.01 Y113.27 E.14172
G1 E-3.5 F3600
;WIPE_START
G1 F7200
G1 X113.01 Y113.21 E-.0285
G1 X116.108 Y113.21 E-1.4715
;WIPE_END
G1 X114.1 Y116.482 F9000
G1 E5 F2400
;TYPE:Internal infill
;WIDTH:0.44
G1 F900
G1 X114.1 Y114.3 E.07204
G1 X114.3 Y114.3 E.0066
G1 X116.5 Y116.5 E.10273
G1 X116.5 Y114.5 E.06603
G1 X114.3 Y116.7 E.10273
G1 X116.5 Y116.699 E.07264
;LAYER_CHANGE
;Z:20.4
;HEIGHT:0.199999
;BEFORE_LAYER_CHANGE
G92 E0
;20.4


G1 E-3.5 F3600
;WIPE_START
G1 F7200
G1 X114.3 Y116.7 E-1.045
G1 X114.977 Y116.023 E-.455
;WIPE_END
G1 Z20.4 F9000
;AFTER_LAYER_CHANGE
;20.4
G1 X116.806 Y116.806
G1 E5 F2400
;TYPE:Perimeter
;WIDTH:0.439999
G1 F900
G1 X114.194 Y116.806 E.08624
G1 X114.194 Y114.194 E.08624
G1 X116.806 Y114.194 E.08624
G1 X116.806 Y116.746 E.08426
G1 X117.203 Y117.203 F9000
G1 F900
G1 X113.797 Y117.203 E.11246
G1 X113.797 Y113.797 E.11246
G1 X117.203 Y113.797 E.11246
G1 X117.203 Y117.143 E.11048
G1 X117.59 Y117.59 F9000
;TYPE:External perimeter
;WIDTH:0.419999
G1 F900
G1 X113.41 Y117.59 E.13106
G1 X113.41 Y113.41 E.13106
G1 X117.59 Y113.41 E.13106
G1 X117.59 Y117.53 E.12918
G1 X116.5 Y116.302 F9000
;TYPE:Internal infill
;WIDTH:0.44
G1 F900
G1 X116.5 Y114.5 E.0595
G1 X114.5 Y116.5 E.09339
G1 X114.5 Y114.5 E.06603
G1 X116.5 Y116.5 E.09339
G1 X114.698 Y116.5 E.0595
;LAYER_CHANGE
;Z:20.6
;HEIGHT:0.200001
;BEFORE_LAYER_CHANGE
G92 E0
;20.6


G1 E-3.5 F3600
;WIPE_START
G1 F7200
G1 X116.5 Y116.5 E-.85595
G1 X115.541 Y115.541 E-.64405
;WIPE_END
G1 Z20.6 F9000
;AFTER_LAYER_CHANGE
;20.6
G1 X114.194 Y116.806
G1 E5 F2400
;TYPE:Perimeter
;WIDTH:0.439999
G1 F900
G1 X114.194 Y114.194 E.08624
G1 X116.806 Y114.194 E.08624
G1 X116.806 Y116.806 E.08624
G1 X114.254 Y116.806 E.08426
G1 X113.797 Y117.203 F9000
G1 F900
G1 X113.797 Y113.797 E.11246
G1 X117.203 Y113.797 E.11246
G1 X117.203 Y117.203 E.11246
G1 X113.857 Y117.203 E.11048
G1 X113.41 Y117.59 F9000
;TYPE:External perimeter
;WIDTH:0.419999
G1 F900
G1 X113.41 Y113.41 E.13106
G1 X117.59 Y113.41 E.13106
G1 X117.59 Y117.59 E.13106
G1 X113.47 Y117.59 E.12918
G1 X114.543 Y116.118 F9000
;TYPE:Solid infill
;WIDTH:0.526308
G1 F900
G1 X114.543 Y114.882 E.04968
;WIDTH:0.573029
G1 X114.566 Y114.793 E.00405
;WIDTH:0.61975
G1 X114.59 Y114.703 E.00447
;WIDTH:0.66647
G1 X114.613 Y114.613 E.00482
G1 X114.703 Y114.59 E.00482
;WIDTH:0.61975
G1 X114.793 Y114.566 E.00447
;WIDTH:0.573029
G1 X114.882 Y114.543 E.00405
;WIDTH:0.526308
G1 X116.118 Y114.543 E.04968
;WIDTH:0.57303
G1 X116.207 Y114.566 E.00405
;WIDTH:0.619751
G1 X116.297 Y114.59 E.00447
;WIDTH:0.666472
G1 X116.387 Y114.613 E.00482
G1 X116.41 Y114.691 E.00422
;WIDTH:0.619751
G1 X116.434 Y114.77 E.00396
;WIDTH:0.57303
G1 X116.457 Y114.848 E.00358
;WIDTH:0.526308
G1 X116.457 Y116.118 E.05105
;WIDTH:0.573028
G1 X116.434 Y116.207 E.00405
;WIDTH:0.619748
G1 X116.41 Y116.297 E.00447
;WIDTH:0.666468
G1 X116.387 Y116.387 E.00482
G1 X116.297 Y116.41 E.00482
;WIDTH:0.619748
G1 X116.207 Y116.434 E.00447
;WIDTH:0.573028
G1 X116.118 Y116.457 E.00405
;WIDTH:0.526308
G1 X114.882 Y116.457 E.04968
;WIDTH:0.57303
G1 X114.793 Y116.434 E.00405
;WIDTH:0.619751
G1 X114.703 Y116.41 E.00447
;WIDTH:0.666472
G1 X114.613 Y116.387 E.00482
G1 X114.593 Y116.31 E.00412
G1 X115.182 Y114.983 F9000
;TYPE:Internal infill
;WIDTH:0.44
G1 F900
G1 X116.017 Y114.983 E.02757
G1 X114.983 Y116.017 E.04828
G1 X114.983 Y114.983 E.03414
G1 X116.017 Y116.017 E.04828
G1 X116.017 Y115.182 E.02757
;LAYER_CHANGE
;Z:20.8
;HEIGHT:0.199999
;BEFORE_LAYER_CHANGE
G92 E0
;20.8


G1 E-3.5 F3600
;WIPE_START
G1 F7200
G1 X116.017 Y116.017 E-.39662
G1 X114.983 Y114.983 E-.69459
G1 X114.983 Y115.843 E-.40879
;WIPE_END
G1 Z20.8 F9000
;AFTER_LAYER_CHANGE
;20.8
G1 X116.606 Y114.394
G1 E5 F2400
;TYPE:Perimeter
;WIDTH:0.439999
G1 F900
G1 X116.606 Y116.606 E.07303
G1 X114.394 Y116.606 E.07303
G1 X114.394 Y114.394 E.07303
G1 X116.546 Y114.394 E.07105
G1 X117.003 Y113.997 F9000
G1 F900
G1 X117.003 Y117.003 E.09925
G1 X113.997 Y117.003 E.09925
G1 X113.997 Y113.997 E.09925
G1 X116.943 Y113.997 E.09727
G1 X117.39 Y113.61 F9000
;TYPE:External perimeter
;WIDTH:0.419999
G1 F900
G1 X117.39 Y117.39 E.11852
G1 X113.61 Y117.39 E.11852
G1 X113.61 Y113.61 E.11852
G1 X117.33 Y113.61 E.11664
G1 X115.918 Y114.743 F9000
;TYPE:Solid infill
;WIDTH:0.573027
G1 F900
G1 X116.007 Y114.766 E.00405
;WIDTH:0.619748
G1 X116.097 Y114.79 E.00447
;WIDTH:0.666468
G1 X116.187 Y114.813 E.00482
G1 X116.21 Y114.903 E.00482
;WIDTH:0.619748
G1 X116.234 Y114.993 E.00447
;WIDTH:0.573028
G1 X116.257 Y115.082 E.00405
;WIDTH:0.526308
G1 X116.257 Y115.918 E.0336
;WIDTH:0.57303
G1 X116.234 Y116.007 E.00405
;WIDTH:0.619751
G1 X116.21 Y116.097 E.00447
;WIDTH:0.666472
G1 X116.187 Y116.187 E.00482
G1 X116.111 Y116.21 E.00412
;WIDTH:0.620972
G1 X116.035 Y116.232 E.0038
;WIDTH:0.575471
G1 X115.96 Y116.255 E.00347
;WIDTH:0.52997
G1 X115.082 Y116.257 E.03556
;WIDTH:0.573028
G1 X114.993 Y116.234 E.00405
;WIDTH:0.619748
G1 X114.903 Y116.21 E.00447
;WIDTH:0.666468
G1 X114.813 Y116.187 E.00482
G1 X114.79 Y116.097 E.00482
;WIDTH:0.619748
G1 X114.766 Y116.007 E.00447
;WIDTH:0.573028
G1 X114.743 Y115.918 E.00405
;WIDTH:0.526308
G1 X114.743 Y115.082 E.0336
;WIDTH:0.57303
G1 X114.766 Y114.993 E.00405
;WIDTH:0.619751
G1 X114.79 Y114.903 E.00447
;WIDTH:0.666472
G1 X114.813 Y114.813 E.00482
G1 X114.903 Y114.79 E.00482
;WIDTH:0.619751
G1 X114.993 Y114.766 E.00447
;WIDTH:0.57303
G1 X115.082 Y114.743 E.00405
;WIDTH:0.526308
G1 X115.719 Y114.743 E.0256
G1 X115.183 Y115.382 F9000
;TYPE:Internal infill
;WIDTH:0.44
G1 F900
G1 X115.183 Y115.817 E.01436
G1 X115.817 Y115.183 E.0296
G1 X115.183 Y115.183 E.02093
G1 X115.817 Y115.817 E.0296
G1 X115.382 Y115.817 E.01436
;LAYER_CHANGE
;Z:21
;HEIGHT:0.200001
;BEFORE_LAYER_CHANGE
G92 E0
;21


G1 E-3.5 F3600
;WIPE_START
G1 F7200
G1 X115.817 Y115.817 E-.20663
G1 X115.183 Y115.183 E-.42589
G1 X115.817 Y115.183 E-.30115
G1 X115.183 Y115.817 E-.42589
G1 X115.183 Y115.521 E-.14044
;WIPE_END
G1 Z21 F9000
;AFTER_LAYER_CHANGE
;21
G1 X114.594 Y116.406
G1 E5 F2400
;TYPE:Perimeter
;WIDTH:0.439999
G1 F900
G1 X114.594 Y114.594 E.05983
G1 X116.406 Y114.594 E.05983
G1 X116.406 Y116.406 E.05983
G1 X114.654 Y116.406 E.05785
G1 X114.197 Y116.803 F9000
G1 F900
G1 X114.197 Y114.197 E.08604
G1 X116.803 Y114.197 E.08604
G1 X116.803 Y116.803 E.08604
G1 X114.257 Y116.803 E.08406
G1 X113.81 Y117.19 F9000
;TYPE:External perimeter
;WIDTH:0.419999
G1 F900
G1 X113.81 Y113.81 E.10598
G1 X117.19 Y113.81 E.10598
G1 X117.19 Y117.19 E.10598
G1 X113.87 Y117.19 E.1041
G1 E-3.5 F3600
;WIPE_START
G1 F7200
G1 X113.81 Y117.19 E-.0285
G1 X113.81 Y114.092 E-1.4715
;WIPE_END
G1 X115.098 Y114.9 F9000
G1 E5 F2400
;TYPE:Internal infill
;WIDTH:0.44
G1 F900
G1 X116.1 Y114.9 E.03308
G1 X114.9 Y116.1 E.05603
G1 X114.9 Y114.9 E.03962
G1 X116.1 Y116.1 E.05603
G1 X116.1 Y115.098 E.03308
;LAYER_CHANGE
;Z:21.2
;HEIGHT:0.200001
;BEFORE_LAYER_CHANGE
G92 E0
;21.2


G1 E-3.5 F3600
;WIPE_START
G1 F7200
G1 X116.1 Y116.1 E-.47595
G1 X114.9 Y114.9 E-.8061
G1 X114.9 Y115.359 E-.21795
;WIPE_END
G1 Z21.2 F9000
;AFTER_LAYER_CHANGE
;21.2
G1 X116.206 Y114.794
G1 E5 F2400
;TYPE:Perimeter
;WIDTH:0.439999
G1 F900
G1 X116.206 Y116.206 E.04662
G1 X114.794 Y116.206 E.04662
G1 X114.794 Y114.794 E.04662
G1 X116.146 Y114.794 E.04464
G1 X116.603 Y114.397 F9000
G1 F900
G1 X116.603 Y116.603 E.07284
G1 X114.397 Y116.603 E.07284
G1 X114.397 Y114.397 E.07284
G1 X116.543 Y114.397 E.07086
G1 X116.99 Y114.01 F9000
;TYPE:External perimeter
;WIDTH:0.419999
G1 F900
G1 X116.99 Y116.99 E.09344
G1 X114.01 Y116.99 E.09344
G1 X114.01 Y114.01 E.09344
G1 X116.93 Y114.01 E.09155
G1 E-3.5 F3600
;WIPE_START
G1 F7200
G1 X116.99 Y114.01 E-.0285
G1 X116.99 Y116.99 E-1.4155
G1 X116.872 Y116.99 E-.056
;WIPE_END
G1 X115.1 Y115.298 F9000
G1 E5 F2400
;TYPE:Internal infill
;WIDTH:0.44
G1 F900
G1 X115.1 Y115.9 E.01988
G1 X115.9 Y115.1 E.03735
G1 X115.1 Y115.1 E.02641
G1 X115.9 Y115.9 E.03735
G1 X115.298 Y115.9 E.01988
;LAYER_CHANGE
;Z:21.4
;HEIGHT:0.199999
;BEFORE_LAYER_CHANGE
G92 E0
;21.4


G1 E-3.5 F3600
;WIPE_START
G1 F7200
G1 X115.9 Y115.9 E-.28595
G1 X115.1 Y115.1 E-.5374
G1 X115.9 Y115.1 E-.38
G1 X115.458 Y115.542 E-.29665
;WIPE_END
G1 Z21.4 F9000
;AFTER_LAYER_CHANGE
;21.4
G1 X114.994 Y116.206
G1 E5 F2400
;TYPE:Perimeter
;WIDTH:0.439999
G1 F900
G1 X114.994 Y114.794 E.04662
G1 X116.406 Y114.794 E.04662
G1 X116.406 Y116.206 E.04662
G1 X115.054 Y116.206 E.04464
G1 X114.597 Y116.603 F9000
G1 F900
G1 X114.597 Y114.397 E.07284
G1 X116.803 Y114.397 E.07284
G1 X116.803 Y116.603 E.07284
G1 X114.657 Y116.603 E.07086
G1 X114.21 Y116.99 F9000
;TYPE:External perimeter
;WIDTH:0.419999
G1 F900
G1 X114.21 Y114.01 E.09344
G1 X117.19 Y114.01 E.09344
G1 X117.19 Y116.99 E.09344
G1 X114.27 Y116.99 E.09155
G1 E-3.5 F3600
;WIPE_START
G1 F7200
G1 X114.21 Y116.99 E-.0285
G1 X114.21 Y114.01 E-1.4155
G1 X114.328 Y114.01 E-.056
;WIPE_END
G1 X115.3 Y115.101 F9000
G1 E5 F2400
;TYPE:Internal infill
;WIDTH:0.44
G1 F900
G1 X115.9 Y115.1 E.01981
G1 X115.3 Y115.7 E.02802
G1 X115.3 Y115.3 E.01321
G1 X115.9 Y115.9 E.02802
G1 X116.1 Y115.9 E.0066
G1 X116.099 Y115.1 E.02641
;LAYER_CHANGE
;Z:21.6
;HEIGHT:0.200001
;BEFORE_LAYER_CHANGE
G92 E0
;21.6


G1 E-3.5 F3600
;WIPE_START
G1 F7200
G1 X116.1 Y115.9 E-.38
G1 X115.9 Y115.9 E-.095
G1 X115.3 Y115.3 E-.40305
G1 X115.3 Y115.7 E-.19
G1 X115.9 Y115.1 E-.40305
G1 X115.839 Y115.1 E-.0289
;WIPE_END
G1 Z21.6 F9000
;AFTER_LAYER_CHANGE
;21.6
G1 X116.006 Y114.994
G1 E5 F2400
;TYPE:Perimeter
;WIDTH:0.439999
G1 F900
G1 X116.006 Y116.006 E.03341
G1 X114.994 Y116.006 E.03341
G1 X114.994 Y114.994 E.03341
G1 X115.946 Y114.994 E.03143
G1 X116.403 Y114.597 F9000
G1 F900
G1 X116.403 Y116.403 E.05963
G1 X114.597 Y116.403 E.05963
G1 X114.597 Y114.597 E.05963
G1 X116.343 Y114.597 E.05765
G1 X116.79 Y114.21 F9000
;TYPE:External perimeter
;WIDTH:0.419999
G1 F900
G1 X116.79 Y116.79 E.08089
G1 X114.21 Y116.79 E.08089
G1 X114.21 Y114.21 E.08089
G1 X116.73 Y114.21 E.07901
G1 X115.301 Y115.301 F9000
;TYPE:Solid infill
;WIDTH:0.441552
G1 F900
G1 X115.699 Y115.301 E.01319
G1 X115.699 Y115.699 E.01319
G1 X115.301 Y115.699 E.01319
G1 X115.301 Y115.499 E.00663
;LAYER_CHANGE
;Z:21.8
;HEIGHT:0.199999
;BEFORE_LAYER_CHANGE
G92 E0
;21.8


G1 E-3.5 F3600
;WIPE_START
G1 F7200
G1 X115.301 Y115.699 E-.095
G1 X115.699 Y115.699 E-.18905
G1 X115.699 Y115.301 E-.18905
G1 X115.301 Y115.301 E-.18905
;WIPE_END
G1 E-.83785 F3600
G1 Z21.8 F9000
;AFTER_LAYER_CHANGE
;21.8
G1 X115.194 Y114.994
G1 E5 F2400
;TYPE:Perimeter
;WIDTH:0.439999
G1 F900
G1 X116.206 Y114.994 E.03341
G1 X116.206 Y116.006 E.03341
G1 X115.194 Y116.006 E.03341
G1 X115.194 Y115.054 E.03143
G1 X114.797 Y114.597 F9000
G1 F900
G1 X116.603 Y114.597 E.05963
G1 X116.603 Y116.403 E.05963
G1 X114.797 Y116.403 E.05963
G1 X114.797 Y114.657 E.05765
G1 X114.41 Y114.21 F9000
;TYPE:External perimeter
;WIDTH:0.419999
G1 F900
G1 X116.99 Y114.21 E.08089
G1 X116.99 Y116.79 E.08089
G1 X114.41 Y116.79 E.08089
G1 X114.41 Y114.27 E.07901
G1 X115.501 Y115.301 F9000
;TYPE:Solid infill
;WIDTH:0.441552
G1 F900
G1 X115.899 Y115.301 E.01319
G1 X115.899 Y115.699 E.01319
G1 X115.501 Y115.699 E.01319
G1 X115.501 Y115.499 E.00663
;LAYER_CHANGE
;Z:22
;HEIGHT:0.200001
;BEFORE_LAYER_CHANGE
G92 E0
;22


G1 E-3.5 F3600
;WIPE_START
G1 F7200
G1 X115.501 Y115.699 E-.095
G1 X115.899 Y115.699 E-.18905
G1 X115.899 Y115.301 E-.18905
G1 X115.501 Y115.301 E-.18905
;WIPE_END
G1 E-.83785 F3600
G1 Z22 F9000
;AFTER_LAYER_CHANGE
;22
G1 X115.752 Y115.248
G1 E5 F2400
;TYPE:Perimeter
;WIDTH:0.547302
G1 F900
G1 X115.752 Y115.752 E.02114
G1 X115.248 Y115.752 E.02114
G1 X115.248 Y115.248 E.02114
G1 X115.692 Y115.248 E.01862
G1 X116.203 Y114.797 F9000
;WIDTH:0.439999
G1 F900
G1 X116.203 Y116.203 E.04642
G1 X114.797 Y116.203 E.04642
G1 X114.797 Y114.797 E.04642
G1 X116.143 Y114.797 E.04444
G1 X116.59 Y114.41 F9000
;TYPE:External perimeter
;WIDTH:0.419999
G1 F900
G1 X116.59 Y116.59 E.06835
G1 X114.41 Y116.59 E.06835
G1 X114.41 Y114.41 E.06835
G1 X116.53 Y114.41 E.06647
;LAYER_CHANGE
;Z:22.2
;HEIGHT:0.200001
;BEFORE_LAYER_CHANGE
G92 E0
;22.2


G1 E-3.5 F3600
;WIPE_START
G1 F7200
G1 X116.59 Y114.41 E-.0285
G1 X116.59 Y116.59 E-1.0355
G1 X115.672 Y116.59 E-.436
;WIPE_END
G1 Z22.2 F9000
;AFTER_LAYER_CHANGE
;22.2
G1 X115.576 Y115.5
G1 E5 F2400
;TYPE:Perimeter
;WIDTH:0.651684
G1 F900
G1 X115.538 Y115.566 E.00386
G1 X115.462 Y115.566 E.00385
G1 X115.424 Y115.5 E.00386
G1 X115.462 Y115.434 E.00386
G1 X115.538 Y115.434 E.00385
G1 X116.003 Y114.997 F9000
;WIDTH:0.439999
G1 F900
G1 X116.003 Y116.003 E.03322
G1 X114.997 Y116.003 E.03322
G1 X114.997 Y114.997 E.03322
G1 X115.943 Y114.997 E.03123
G1 X116.39 Y114.61 F9000
;TYPE:External perimeter
;WIDTH:0.419999
G1 F900
G1 X116.39 Y116.39 E.05581
G1 X114.61 Y116.39 E.05581
G1 X114.61 Y114.61 E.05581
G1 X116.33 Y114.61 E.05393
;LAYER_CHANGE
;Z:22.4
;HEIGHT:0.199999
;BEFORE_LAYER_CHANGE
G92 E0
;22.4


G1 E-3.5 F3600
;WIPE_START
G1 F7200
G1 X116.39 Y114.61 E-.0285
G1 X116.39 Y116.39 E-.8455
G1 X115.072 Y116.39 E-.626
;WIPE_END
G1 Z22.4 F9000
;AFTER_LAYER_CHANGE
;22.4
G1 X115.776 Y115.5
G1 E5 F2400
;TYPE:Perimeter
;WIDTH:0.651684
G1 F900
G1 X115.738 Y115.566 E.00386
G1 X115.662 Y115.566 E.00385
G1 X115.624 Y115.5 E.00386
G1 X115.662 Y115.434 E.00386
G1 X115.738 Y115.434 E.00385
G1 X116.203 Y114.997 F9000
;WIDTH:0.439999
G1 F900
G1 X116.203 Y116.003 E.03322
G1 X115.197 Y116.003 E.03322
G1 X115.197 Y114.997 E.03322
G1 X116.143 Y114.997 E.03123
G1 X116.59 Y114.61 F9000
;TYPE:External perimeter
;WIDTH:0.419999
G1 F900
G1 X116.59 Y116.39 E.05581
G1 X114.81 Y116.39 E.05581
G1 X114.81 Y114.61 E.05581
G1 X116.53 Y114.61 E.05393
;LAYER_CHANGE
;Z:22.6
;HEIGHT:0.200001
;BEFORE_LAYER_CHANGE
G92 E0
;22.6


G1 E-3.5 F3600
;WIPE_START
G1 F7200
G1 X116.59 Y114.61 E-.0285
G1 X116.59 Y116.39 E-.8455
G1 X115.272 Y116.39 E-.626
;WIPE_END
G1 Z22.6 F9000
;AFTER_LAYER_CHANGE
;22.6
G1 X115.751 Y115.249
G1 E5 F2400
;TYPE:Perimeter
;WIDTH:0.54438
G1 F900
G1 X115.751 Y115.751 E.02093
G1 X115.249 Y115.751 E.02093
G1 X115.249 Y115.249 E.02093
G1 X115.691 Y115.249 E.01843
G1 X116.19 Y114.81 F9000
;TYPE:External perimeter
;WIDTH:0.419999
G1 F900
G1 X116.19 Y116.19 E.04327
G1 X114.81 Y116.19 E.04327
G1 X114.81 Y114.81 E.04327
G1 X116.13 Y114.81 E.04139
;LAYER_CHANGE
;Z:22.8
;HEIGHT:0.199999
;BEFORE_LAYER_CHANGE
G92 E0
;22.8


G1 E-3.5 F3600
;WIPE_START
G1 F7200
G1 X116.19 Y114.81 E-.0285
G1 X116.19 Y116.19 E-.6555
G1 X114.81 Y116.19 E-.6555
G1 X114.81 Y115.852 E-.1605
;WIPE_END
G1 Z22.8 F9000
;AFTER_LAYER_CHANGE
;22.8
G1 X115.575 Y115.5
G1 E5 F2400
;TYPE:Perimeter
;WIDTH:0.64584
G1 F900
G1 X115.538 Y115.565 E.00375
G1 X115.462 Y115.565 E.00381
G1 X115.425 Y115.5 E.00375
G1 X115.462 Y115.435 E.00375
G1 X115.538 Y115.435 E.00381
G1 X115.99 Y115.01 F9000
;TYPE:External perimeter
;WIDTH:0.419999
G1 F900
G1 X115.99 Y115.99 E.03073
G1 X115.01 Y115.99 E.03073
G1 X115.01 Y115.01 E.03073
G1 X115.93 Y115.01 E.02885
;LAYER_CHANGE
;Z:23
;HEIGHT:0.200001
;BEFORE_LAYER_CHANGE
G92 E0
;23


G1 E-3.5 F3600
;WIPE_START
G1 F7200
G1 X115.99 Y115.01 E-.0285
G1 X115.99 Y115.99 E-.4655
G1 X115.01 Y115.99 E-.4655
G1 X115.01 Y115.01 E-.4655
G1 X115.168 Y115.01 E-.075
;WIPE_END
G1 Z23 F9000
;AFTER_LAYER_CHANGE
;23
G1 X115.739 Y115.261
G1 E5 F2400
;WIDTH:0.52146
G1 F900
G1 X115.739 Y115.739 E.01902
G1 X115.261 Y115.739 E.01902
G1 X115.261 Y115.261 E.01902
G1 X115.679 Y115.261 E.01663
;LAYER_CHANGE
;Z:23.2
;HEIGHT:0.200001
;BEFORE_LAYER_CHANGE
G92 E0
;23.2


G1 E-3.5 F3600
;WIPE_START
G1 F7200
G1 X115.739 Y115.261 E-.0285
G1 X115.739 Y115.739 E-.22705
G1 X115.261 Y115.739 E-.22705
G1 X115.261 Y115.261 E-.22705
G1 X115.679 Y115.261 E-.19855
;WIPE_END
G1 E-.5918 F3600
G1 Z23.2 F9000
;AFTER_LAYER_CHANGE
;23.2
G1 X115.57 Y115.5
G1 E5 F2400
;WIDTH:0.600002
G1 F900
G1 X115.535 Y115.56 E.00322
G1 X115.465 Y115.56 E.00324
G1 X115.43 Y115.5 E.00322
G1 X115.465 Y115.44 E.00322
G1 X115.535 Y115.44 E.00324
; stop printing object Auto_modifiedZ_Pyramid_0.2.stl id:0 copy 0
G1 E-3.5 F3600
;WIPE_START
G1 F7200;_WIPE
G1 X115.465 Y115.44 E-.03325
G1 X115.43 Y115.5 E-.03299
G1 X115.465 Y115.56 E-.03299
G1 X115.535 Y115.56 E-.03325
G1 X115.57 Y115.5 E-.03299
;WIPE_END
G1 E-1.33453 F3600
M107
;TYPE:Custom
; Filament-specific end gcode 
;END gcode for filament
G1 Z25.2 F600 ; Move print head up
G1 X5 Y193.8 F9000 ; present print
G1 Z93.2 F600 ; Move print head further up
G1 Z150 F600 ; Move print head further up
M140 S0 ; turn off heatbed
M104 S0 ; turn off temperature
M107 ; turn off fan
M84 X Y E ; disable motors
; objects_info = {"objects":[{"name":"Auto_modifiedZ_Pyramid_0.2.stl id:0 copy 0","polygon":[[130.400,130.400],[100.600,130.400],[100.600,100.600],[130.400,100.600]]}]}
; filament used [mm] = 1383.14
; filament used [cm3] = 3.33
; filament used [g] = 4.13
; filament cost = 0.08
; total filament used [g] = 4.13
; total filament cost = 0.08
; total filament used for wipe tower [g] = 0.00
; estimated printing time (normal mode) = 35m 4s
; estimated first layer printing time (normal mode) = 2m 46s

; prusaslicer_config = begin
; arc_fitting = disabled
; autoemit_temperature_commands = 1
; automatic_extrusion_widths = 0
; automatic_infill_combination = 0
; automatic_infill_combination_max_layer_height = 100%
; avoid_crossing_curled_overhangs = 0
; avoid_crossing_perimeters = 0
; avoid_crossing_perimeters_max_detour = 0
; bed_custom_model = 
; bed_custom_texture = 
; bed_shape = 3x3,228x3,228x228,3x228
; bed_temperature = 60
; bed_temperature_extruder = 0
; before_layer_gcode = ;BEFORE_LAYER_CHANGE\nG92 E0\n;{layer_z}\n\n
; between_objects_gcode = 
; binary_gcode = 0
; bottom_fill_pattern = monotonic
; bottom_solid_layers = 3
; bottom_solid_min_thickness = 0
; bridge_acceleration = 250
; bridge_angle = 0
; bridge_fan_speed = 100
; bridge_flow_ratio = 0.95
; bridge_speed = 25
; brim_separation = 0
; brim_type = outer_only
; brim_width = 0
; chamber_minimal_temperature = 0
; chamber_temperature = 0
; color_change_gcode = M600
; colorprint_heights = 
; compatible_printers_condition_cummulative = "printer_model=~/(ENDER|CR|SERMOON).*/ and nozzle_diameter[0]==0.4";printer_notes=~/.*PRINTER_VENDOR_CREALITY.*/
; complete_objects = 0
; cooling = 1
; cooling_perimeter_transition_distance = 0
; cooling_slowdown_logic = uniform_cooling
; cooling_tube_length = 5
; cooling_tube_retraction = 91.5
; custom_parameters_filament = ""
; custom_parameters_print = 
; custom_parameters_printer = 
; default_acceleration = 500
; default_filament_profile = "Generic PLA @CREALITY"
; default_print_profile = "0.16 mm OPTIMAL (0.4 mm nozzle) @CREALITY"
; deretract_speed = 40
; disable_fan_first_layers = 1
; dont_support_bridges = 1
; draft_shield = disabled
; duplicate_distance = 6
; elefant_foot_compensation = 0.1
; enable_dynamic_fan_speeds = 0
; enable_dynamic_overhang_speeds = 0
; end_filament_gcode = "; Filament-specific end gcode \n;END gcode for filament\n"
; end_gcode = {if max_layer_z < max_print_height}G1 Z{z_offset+min(max_layer_z+2, max_print_height)} F600 ; Move print head up{endif}\nG1 X5 Y{print_bed_max[1]*0.85} F{travel_speed*60} ; present print\n{if max_layer_z < max_print_height-10}G1 Z{z_offset+min(max_layer_z+70, max_print_height-10)} F600 ; Move print head further up{endif}\n{if max_layer_z < max_print_height*0.6}G1 Z{max_print_height*0.6} F600 ; Move print head further up{endif}\nM140 S0 ; turn off heatbed\nM104 S0 ; turn off temperature\nM107 ; turn off fan\nM84 X Y E ; disable motors
; ensure_vertical_shell_thickness = enabled
; external_perimeter_acceleration = 0
; external_perimeter_extrusion_width = 0.42
; external_perimeter_speed = 25
; external_perimeters_first = 0
; extra_loading_move = -2
; extra_perimeters = 0
; extra_perimeters_on_overhangs = 0
; extruder_clearance_height = 25
; extruder_clearance_radius = 55
; extruder_colour = #FCE94F
; extruder_offset = 0x0
; extrusion_axis = E
; extrusion_multiplier = 1
; extrusion_width = 0.44
; fan_always_on = 1
; fan_below_layer_time = 100
; filament_abrasive = 0
; filament_colour = #DDDDDD
; filament_cooling_final_speed = 3.4
; filament_cooling_initial_speed = 2.2
; filament_cooling_moves = 4
; filament_cost = 20
; filament_density = 1.24
; filament_deretract_speed = nil
; filament_diameter = 1.75
; filament_infill_max_crossing_speed = 0
; filament_infill_max_speed = 0
; filament_load_time = 0
; filament_loading_speed = 28
; filament_loading_speed_start = 3
; filament_max_volumetric_speed = 15
; filament_minimal_purge_on_wipe_tower = 15
; filament_multitool_ramming = 0
; filament_multitool_ramming_flow = 10
; filament_multitool_ramming_volume = 10
; filament_notes = ""
; filament_purge_multiplier = 100%
; filament_ramming_parameters = "120 100 6.6 6.8 7.2 7.6 7.9 8.2 8.7 9.4 9.9 10.0| 0.05 6.6 0.45 6.8 0.95 7.8 1.45 8.3 1.95 9.7 2.45 10 2.95 7.6 3.45 7.6 3.95 7.6 4.45 7.6 4.95 7.6"
; filament_retract_before_travel = nil
; filament_retract_before_wipe = nil
; filament_retract_layer_change = nil
; filament_retract_length = nil
; filament_retract_length_toolchange = nil
; filament_retract_lift = nil
; filament_retract_lift_above = nil
; filament_retract_lift_below = nil
; filament_retract_restart_extra = nil
; filament_retract_restart_extra_toolchange = nil
; filament_retract_speed = nil
; filament_seam_gap_distance = nil
; filament_settings_id = "Generic PLA @CREALITY"
; filament_shrinkage_compensation_xy = 0%
; filament_shrinkage_compensation_z = 0%
; filament_soluble = 0
; filament_spool_weight = 0
; filament_stamping_distance = 0
; filament_stamping_loading_speed = 20
; filament_toolchange_delay = 0
; filament_travel_lift_before_obstacle = nil
; filament_travel_max_lift = nil
; filament_travel_ramping_lift = nil
; filament_travel_slope = nil
; filament_type = PLA
; filament_unload_time = 0
; filament_unloading_speed = 90
; filament_unloading_speed_start = 100
; filament_vendor = Generic
; filament_wipe = nil
; fill_angle = 45
; fill_density = 20%
; fill_pattern = grid
; first_layer_acceleration = 0
; first_layer_acceleration_over_raft = 0
; first_layer_bed_temperature = 60
; first_layer_extrusion_width = 0.42
; first_layer_height = 0.2
; first_layer_infill_speed = 0
; first_layer_speed = 20
; first_layer_speed_over_raft = 30
; first_layer_temperature = 210
; full_fan_speed_layer = 0
; fuzzy_skin = none
; fuzzy_skin_point_dist = 0.8
; fuzzy_skin_thickness = 0.3
; gap_fill_enabled = 1
; gap_fill_speed = 30
; gcode_comments = 0
; gcode_flavor = marlin
; gcode_label_objects = octoprint
; gcode_resolution = 0.0125
; gcode_substitutions = 
; high_current_on_filament_swap = 0
; host_type = prusalink
; idle_temperature = 150
; infill_acceleration = 0
; infill_anchor = 600%
; infill_anchor_max = 50
; infill_every_layers = 1
; infill_extruder = 1
; infill_extrusion_width = 0.44
; infill_first = 0
; infill_overlap = 23%
; infill_speed = 50
; inherits_cummulative = "0.20 mm NORMAL (0.4 mm nozzle) @CREALITY";;
; interface_shells = 0
; interlocking_beam = 0
; interlocking_beam_layer_count = 2
; interlocking_beam_width = 0.8
; interlocking_boundary_avoidance = 2
; interlocking_depth = 2
; interlocking_orientation = 22.5
; ironing = 0
; ironing_flowrate = 10%
; ironing_spacing = 0.1
; ironing_speed = 20
; ironing_type = top
; layer_gcode = ;AFTER_LAYER_CHANGE\n;{layer_z}
; layer_height = 0.2
; machine_limits_usage = emit_to_gcode
; machine_max_acceleration_e = 5000
; machine_max_acceleration_extruding = 500
; machine_max_acceleration_retracting = 1000
; machine_max_acceleration_travel = 500
; machine_max_acceleration_x = 500
; machine_max_acceleration_y = 500
; machine_max_acceleration_z = 100
; machine_max_feedrate_e = 60
; machine_max_feedrate_x = 500
; machine_max_feedrate_y = 500
; machine_max_feedrate_z = 10
; machine_max_jerk_e = 5
; machine_max_jerk_x = 8
; machine_max_jerk_y = 8
; machine_max_jerk_z = 0.4
; machine_max_junction_deviation = 0,0
; machine_min_extruding_rate = 0
; machine_min_travel_rate = 0
; max_fan_speed = 100
; max_layer_height = 0.32
; max_print_height = 250
; max_print_speed = 100
; max_volumetric_extrusion_rate_slope_negative = 0
; max_volumetric_extrusion_rate_slope_positive = 0
; max_volumetric_speed = 0
; min_bead_width = 85%
; min_fan_speed = 100
; min_feature_size = 25%
; min_layer_height = 0.06
; min_print_speed = 15
; min_skirt_length = 4
; mmu_segmented_region_interlocking_depth = 0
; mmu_segmented_region_max_width = 0
; multimaterial_purging = 140
; notes = 
; nozzle_diameter = 0.4
; nozzle_high_flow = 0
; only_one_perimeter_first_layer = 0
; only_retract_when_crossing_perimeters = 0
; ooze_prevention = 0
; output_filename_format = {input_filename_base}_{print_time}_{digits(layer_height,1,2)}mm_{temperature[0]}C_{filament_type[0]}_{printer_model}.gcode
; over_bridge_speed = 0
; overhang_fan_speed_0 = 0
; overhang_fan_speed_1 = 0
; overhang_fan_speed_2 = 0
; overhang_fan_speed_3 = 0
; overhang_speed_0 = 15
; overhang_speed_1 = 15
; overhang_speed_2 = 20
; overhang_speed_3 = 25
; overhangs = 1
; parking_pos_retraction = 92
; pause_print_gcode = 
; perimeter_acceleration = 0
; perimeter_extruder = 1
; perimeter_extrusion_width = 0.44
; perimeter_generator = arachne
; perimeter_speed = 40
; perimeters = 3
; physical_printer_settings_id = 
; post_process = 
; prefer_clockwise_movements = 0
; print_settings_id = 0.20 mm NORMAL (0.4 mm nozzle) @CREALITY - Copy
; printer_model = ENDER3
; printer_notes = Don't remove the following keywords! These keywords are used in the "compatible printer" condition of the print and filament profiles to link the particular print and filament profiles to this printer profile.\nPRINTER_VENDOR_CREALITY\nPRINTER_MODEL_ENDER3\nPRINTER_HAS_BOWDEN
; printer_settings_id = Creality Ender-3 (0.4 mm nozzle)
; printer_technology = FFF
; printer_variant = 0.4
; printer_vendor = 
; profile_vendor = Creality
; profile_version = 1.1.0
; raft_contact_distance = 0.1
; raft_expansion = 1.5
; raft_first_layer_density = 90%
; raft_first_layer_expansion = 3
; raft_layers = 0
; remaining_times = 0
; resolution = 0
; retract_before_travel = 2
; retract_before_wipe = 70%
; retract_layer_change = 1
; retract_length = 5
; retract_length_toolchange = 1
; retract_lift = 0
; retract_lift_above = 0.2
; retract_lift_below = 0
; retract_restart_extra = 0
; retract_restart_extra_toolchange = 0
; retract_speed = 60
; scarf_seam_entire_loop = 0
; scarf_seam_length = 20
; scarf_seam_max_segment_length = 1
; scarf_seam_on_inner_perimeters = 0
; scarf_seam_only_on_smooth = 1
; scarf_seam_placement = nowhere
; scarf_seam_start_height = 0%
; seam_gap_distance = 15%
; seam_position = nearest
; silent_mode = 0
; single_extruder_multi_material = 0
; single_extruder_multi_material_priming = 0
; skirt_distance = 3
; skirt_height = 2
; skirts = 1
; slice_closing_radius = 0.049
; slicing_mode = regular
; slowdown_below_layer_time = 20
; small_perimeter_speed = 25
; solid_infill_acceleration = 0
; solid_infill_below_area = 0
; solid_infill_every_layers = 0
; solid_infill_extruder = 1
; solid_infill_extrusion_width = 0.44
; solid_infill_speed = 40
; spiral_vase = 0
; staggered_inner_seams = 0
; standby_temperature_delta = -5
; start_filament_gcode = "; Filament gcode\n"
; start_gcode = G90 ; use absolute coordinates\nM83 ; extruder relative mode\nM104 S{is_nil(idle_temperature[0]) ? 150 : idle_temperature[0]} ; set temporary nozzle temp to prevent oozing during homing\nM140 S{first_layer_bed_temperature[0]} ; set final bed temp\nG4 S30 ; allow partial nozzle warmup\nG28 ; home all axis\nG1 Z50 F240\nG1 X2.0 Y10 F3000\nM104 S{first_layer_temperature[0]} ; set final nozzle temp\nM190 S{first_layer_bed_temperature[0]} ; wait for bed temp to stabilize\nM109 S{first_layer_temperature[0]} ; wait for nozzle temp to stabilize\nG1 Z0.28 F240\nG92 E0\nG1 X2.0 Y140 E10 F1500 ; prime the nozzle\nG1 X2.3 Y140 F5000\nG92 E0\nG1 X2.3 Y10 E10 F1200 ; prime the nozzle\nG92 E0
; support_material = 0
; support_material_angle = 0
; support_material_auto = 0
; support_material_bottom_contact_distance = 0
; support_material_bottom_interface_layers = -1
; support_material_buildplate_only = 0
; support_material_closing_radius = 2
; support_material_contact_distance = 0.15
; support_material_enforce_layers = 0
; support_material_extruder = 0
; support_material_extrusion_width = 0.36
; support_material_interface_contact_loops = 0
; support_material_interface_extruder = 0
; support_material_interface_layers = 2
; support_material_interface_pattern = rectilinear
; support_material_interface_spacing = 0.2
; support_material_interface_speed = 100%
; support_material_pattern = rectilinear
; support_material_spacing = 1
; support_material_speed = 40
; support_material_style = grid
; support_material_synchronize_layers = 0
; support_material_threshold = 40
; support_material_with_sheath = 0
; support_material_xy_spacing = 60%
; support_tree_angle = 40
; support_tree_angle_slow = 25
; support_tree_branch_diameter = 2
; support_tree_branch_diameter_angle = 5
; support_tree_branch_diameter_double_wall = 3
; support_tree_branch_distance = 1
; support_tree_tip_diameter = 0.8
; support_tree_top_rate = 15%
; temperature = 205
; template_custom_gcode = 
; thick_bridges = 1
; thin_walls = 0
; thumbnails = 
; thumbnails_format = PNG
; toolchange_gcode = 
; top_fill_pattern = monotonic
; top_infill_extrusion_width = 0.4
; top_one_perimeter_type = none
; top_solid_infill_acceleration = 0
; top_solid_infill_speed = 30
; top_solid_layers = 3
; top_solid_min_thickness = 0
; travel_acceleration = 0
; travel_lift_before_obstacle = 0
; travel_max_lift = 0
; travel_ramping_lift = 0
; travel_short_distance_acceleration = 0
; travel_slope = 0
; travel_speed = 150
; travel_speed_z = 0
; use_firmware_retraction = 0
; use_relative_e_distances = 1
; use_volumetric_e = 0
; variable_layer_height = 1
; wall_distribution_count = 1
; wall_transition_angle = 10
; wall_transition_filter_deviation = 25%
; wall_transition_length = 100%
; wipe = 1
; wipe_into_infill = 0
; wipe_into_objects = 0
; wipe_tower = 0
; wipe_tower_acceleration = 0
; wipe_tower_bridging = 10
; wipe_tower_brim_width = 2
; wipe_tower_cone_angle = 0
; wipe_tower_extra_flow = 100%
; wipe_tower_extra_spacing = 100%
; wipe_tower_extruder = 0
; wipe_tower_no_sparse_layers = 0
; wipe_tower_width = 60
; wiping_volumes_matrix = 0
; wiping_volumes_use_custom_matrix = 0
; xy_size_compensation = 0
; z_offset = 0
; prusaslicer_config = end
